<?xml version="1.0" encoding="UTF-8"?><BillSummaries>
<item congress="115" measure-type="hr" measure-number="527" measure-id="id115hr527" originChamber="HOUSE" orig-publish-date="2017-01-13" update-date="2017-08-09">
<title>Greater Sage Grouse Protection and Recovery Act of 2017</title>
<summary summary-id="id115hr527v00" currentChamber="HOUSE" update-date="2017-08-09">
<action-date>2017-01-13</action-date>
<action-desc>Introduced in House</action-desc>
<summary-text><![CDATA[<p><b>Greater Sage Grouse Protection and Recovery Act of 201</b><b>7</b></p> <p>This bill addresses the October 2, 2015, finding of the U.S. Fish and Wildlife Service (USFWS) that the greater sage grouse is not an endangered or threatened species. Until September 30, 2027, the USFWS may not alter or invalidate the finding. </p> <p>Additionally, the Department of the Interior and the Department of Agriculture (USDA)are prohibited from amending any federal resource management plans that affect the greater sage grouse in a state in which the governor has notified Interior or USDA that a state management plan is in place.</p>]]></summary-text>
</summary>
</item>
<dublinCore xmlns:dc="http://purl.org/dc/elements/1.1/">
<dc:format>text/xml</dc:format>
<dc:language>EN</dc:language>
<dc:rights>Pursuant to Title 17 Section 105 of the United States Code, this file is not subject to copyright protection and is in the public domain.</dc:rights>
<dc:contributor>Congressional Research Service, Library of Congress</dc:contributor>
<dc:description>This file contains bill summaries for federal legislation. A bill summary describes the most significant provisions of a piece of legislation and details the effects the legislative text may have on current law and federal programs. Bill summaries are authored by the Congressional Research Service (CRS) of the Library of Congress. As stated in Public Law 91-510 (2 USC 166 (d)(6)), one of the duties of CRS is "to prepare summaries and digests of bills and resolutions of a public general nature introduced in the Senate or House of Representatives". For more information, refer to the User Guide that accompanies this file.</dc:description>
</dublinCore>
</BillSummaries>
