<?xml version="1.0" encoding="UTF-8"?><BillSummaries>
<item congress="115" measure-type="hr" measure-number="874" measure-id="id115hr874" originChamber="HOUSE" orig-publish-date="2017-02-06" update-date="2017-02-22">
<title>Sgt. Brandon Ketchum Never Again Act</title>
<summary summary-id="id115hr874v00" currentChamber="HOUSE" update-date="2017-02-22">
<action-date>2017-02-06</action-date>
<action-desc>Introduced in House</action-desc>
<summary-text><![CDATA[<p> <strong>Sgt. Brandon Ketchum Never Again Act</strong></p> <p>This bill requires the Department of Veterans Affairs (VA), upon the request of a veteran who is enrolled in the VA health care system and entitled to in-patient psychiatric care, to furnish such veteran with in-patient psychiatric care at: (1) the VA facility that is closest to where the veteran resides and that has the capacity and capability to provide such care, or (2) at a non-VA facility if the VA facility lacks such capacity or capability.</p>]]></summary-text>
</summary>
</item>
<dublinCore xmlns:dc="http://purl.org/dc/elements/1.1/">
<dc:format>text/xml</dc:format>
<dc:language>EN</dc:language>
<dc:rights>Pursuant to Title 17 Section 105 of the United States Code, this file is not subject to copyright protection and is in the public domain.</dc:rights>
<dc:contributor>Congressional Research Service, Library of Congress</dc:contributor>
<dc:description>This file contains bill summaries for federal legislation. A bill summary describes the most significant provisions of a piece of legislation and details the effects the legislative text may have on current law and federal programs. Bill summaries are authored by the Congressional Research Service (CRS) of the Library of Congress. As stated in Public Law 91-510 (2 USC 166 (d)(6)), one of the duties of CRS is "to prepare summaries and digests of bills and resolutions of a public general nature introduced in the Senate or House of Representatives". For more information, refer to the User Guide that accompanies this file.</dc:description>
</dublinCore>
</BillSummaries>
