<?xml version="1.0" encoding="UTF-8"?><BillSummaries>
<item congress="115" measure-type="hr" measure-number="1381" measure-id="id115hr1381" originChamber="HOUSE" orig-publish-date="2017-03-07" update-date="2017-03-17">
<title>Requiring Individual Responsibility in Medicaid Act of 2017</title>
<summary summary-id="id115hr1381v00" currentChamber="HOUSE" update-date="2017-03-17">
<action-date>2017-03-07</action-date>
<action-desc>Introduced in House</action-desc>
<summary-text><![CDATA[<p><strong>Requiring Individual Responsibility in Medicaid Act of 2017</strong></p> <p>This bill amends title XIX (Medicaid) of the Social Security Act to allow a state Medicaid program to impose a work requirement&nbsp;as a condition of eligibility.</p> <p>A&nbsp;program may not apply such a requirement to: (1) a pregnant woman, (2) the sole parent or caretaker of either a child younger than age&nbsp;6 or a child with disabilities, or (3) an individual younger than age 20 who is married or head of a household and either attends secondary school or participates in employment-related education.</p>]]></summary-text>
</summary>
</item>
<dublinCore xmlns:dc="http://purl.org/dc/elements/1.1/">
<dc:format>text/xml</dc:format>
<dc:language>EN</dc:language>
<dc:rights>Pursuant to Title 17 Section 105 of the United States Code, this file is not subject to copyright protection and is in the public domain.</dc:rights>
<dc:contributor>Congressional Research Service, Library of Congress</dc:contributor>
<dc:description>This file contains bill summaries for federal legislation. A bill summary describes the most significant provisions of a piece of legislation and details the effects the legislative text may have on current law and federal programs. Bill summaries are authored by the Congressional Research Service (CRS) of the Library of Congress. As stated in Public Law 91-510 (2 USC 166 (d)(6)), one of the duties of CRS is "to prepare summaries and digests of bills and resolutions of a public general nature introduced in the Senate or House of Representatives". For more information, refer to the User Guide that accompanies this file.</dc:description>
</dublinCore>
</BillSummaries>
