<?xml version="1.0" encoding="UTF-8"?><BillSummaries>
<item congress="115" measure-type="hr" measure-number="1296" measure-id="id115hr1296" originChamber="HOUSE" orig-publish-date="2017-03-01" update-date="2017-03-07">
<title>To amend the Internal Revenue Code of 1986 to provide appropriate rules for the application of the deduction for income attributable to domestic production activities with respect to certain contract manufacturing or production arrangements.</title>
<summary summary-id="id115hr1296v00" currentChamber="HOUSE" update-date="2017-03-07">
<action-date>2017-03-01</action-date>
<action-desc>Introduced in House</action-desc>
<summary-text><![CDATA[<p>This bill amends the Internal Revenue Code to specify rules for applying the deduction for income from domestic production activities to contract manufacturing or production arrangements. </p> <p>In a contract manufacturing or production arrangement, a person contracts with one or more unrelated persons for the manufacture, production, growth, or extraction of an item of qualifying production property (tangible personal property, computer software, and sound recordings) or film. The qualifying production property must be manufactured, produced, grown, or extracted in whole or significant part within the United States.</p> <p>In an arrangement in which any person makes a substantial contribution through the activities of its employees within the United States to the manufacture, production, growth, or extraction of qualifying production property: (1) the person shall be treated as engaging in the activity, and (2) the domestic production gross receipts of the person shall include the gross receipts received under the arrangement for the activities.</p> <p>The Internal Revenue Service must prescribe regulations that include specified factors for determining a substantial contribution. </p> <p>A person with an economic risk of loss of more than 50% of the direct material costs necessary to the manufacture, production, growth, or extraction of the qualifying production is deemed to make a substantial contribution. </p> <p>The parties to an arrangement may agree in writing to: (1) make only one person eligible for the deduction, or (2) apply the rules retroactively to tax years in which only one person claimed the deduction.</p>]]></summary-text>
</summary>
</item>
<dublinCore xmlns:dc="http://purl.org/dc/elements/1.1/">
<dc:format>text/xml</dc:format>
<dc:language>EN</dc:language>
<dc:rights>Pursuant to Title 17 Section 105 of the United States Code, this file is not subject to copyright protection and is in the public domain.</dc:rights>
<dc:contributor>Congressional Research Service, Library of Congress</dc:contributor>
<dc:description>This file contains bill summaries for federal legislation. A bill summary describes the most significant provisions of a piece of legislation and details the effects the legislative text may have on current law and federal programs. Bill summaries are authored by the Congressional Research Service (CRS) of the Library of Congress. As stated in Public Law 91-510 (2 USC 166 (d)(6)), one of the duties of CRS is "to prepare summaries and digests of bills and resolutions of a public general nature introduced in the Senate or House of Representatives". For more information, refer to the User Guide that accompanies this file.</dc:description>
</dublinCore>
</BillSummaries>
