<?xml version="1.0" encoding="UTF-8"?><BillSummaries>
<item congress="115" measure-type="hr" measure-number="1383" measure-id="id115hr1383" originChamber="HOUSE" orig-publish-date="2017-03-07" update-date="2017-05-05">
<title>Recognizing Officers and Enlisted Men of the Korean Constabulary Act of 2017</title>
<summary summary-id="id115hr1383v00" currentChamber="HOUSE" update-date="2017-05-05">
<action-date>2017-03-07</action-date>
<action-desc>Introduced in House</action-desc>
<summary-text><![CDATA[<p><b>Recognizing Officers and Enlisted Men of the Korean Constabulary Act of 2017</b></p> <p>This bill commends the veterans of the Korean Constabulary and thanks them for their support during the difficult times leading to the establishment of South Korea. (The Korean Constabulary undertook internal security tasks on behalf of the U.S. military government in Korea and the South Korean people from November 1945 to January 1949.)</p> <p>The Department of State shall seek to urge the South Korean government to: (1) reexamine Article 16-9 of South Korea's Military Pension Act, and (2) expeditiously locate the records and remains of 7,235 combat dead of the Korean Constabulary. (Article 16-9 of South Korea's Military Pension Act denies veterans of the Korean Constabulary coverage for their service prior to the establishment of South Korea.)</p> <p>The Department of Defense shall submit a report that: (1) describes potential awards and recognition for officers and enlisted men of the Korean Constabulary, and (2) examines the possibility of establishing new awards and recognition for those individuals if no awards or recognition currently apply.</p> <p>The bill includes among persons who are eligible for interment in national cemeteries any veteran of the Korean Constabulary who, at the time of death, resided in the United States and was a citizen of, or an alien lawfully admitted for permanent residence in, the United States.</p>]]></summary-text>
</summary>
</item>
<dublinCore xmlns:dc="http://purl.org/dc/elements/1.1/">
<dc:format>text/xml</dc:format>
<dc:language>EN</dc:language>
<dc:rights>Pursuant to Title 17 Section 105 of the United States Code, this file is not subject to copyright protection and is in the public domain.</dc:rights>
<dc:contributor>Congressional Research Service, Library of Congress</dc:contributor>
<dc:description>This file contains bill summaries for federal legislation. A bill summary describes the most significant provisions of a piece of legislation and details the effects the legislative text may have on current law and federal programs. Bill summaries are authored by the Congressional Research Service (CRS) of the Library of Congress. As stated in Public Law 91-510 (2 USC 166 (d)(6)), one of the duties of CRS is "to prepare summaries and digests of bills and resolutions of a public general nature introduced in the Senate or House of Representatives". For more information, refer to the User Guide that accompanies this file.</dc:description>
</dublinCore>
</BillSummaries>
