<?xml version="1.0" encoding="UTF-8"?><BillSummaries>
<item congress="115" measure-type="hr" measure-number="598" measure-id="id115hr598" originChamber="HOUSE" orig-publish-date="2017-01-20" update-date="2017-02-09">
<title>AIM Act of 2017</title>
<summary summary-id="id115hr598v00" currentChamber="HOUSE" update-date="2017-02-09">
<action-date>2017-01-20</action-date>
<action-desc>Introduced in House</action-desc>
<summary-text><![CDATA[<p><strong>Airplane Impacts Mitigation Act of 2017 or the AIM Act of 2017</strong></p> <p>This bill requires the Federal Aviation Administration (FAA) to enter into an agreement with an eligible institution of higher education to conduct a study of the health impacts of airplane flights on residents exposed to a range of noise and air pollution levels from such flights.</p> <p>The study shall:</p> <ul> <li>focus on residents in Boston, Chicago, New York, the northern California metroplex, Phoenix, and not more than three additional metropolitan areas that each contain at least one international airport; </li> <li> consider the health impacts on residents living partly or wholly within the land area underneath the flight paths most frequently used by aircraft flying below 10,000 feet; and </li> <li> consider only those health impacts that manifest during the physical implementation of the NextGen RNAV program on flights departing from or arriving at an international airport located in one of such metropolitan areas.</li> </ul> <p>An institution of higher education is eligible to conduct the study if it:</p> <ul> <li> has a school of public health that has participated in the FAA Center of Excellence for Aircraft Noise and Aviation Emissions Mitigation,</li> <li> has a Center for Environmental Health that receives funding from the National Institute of Environmental Health Sciences,</li> <li> is located in one of the areas within the scope of the study,</li> <li> applies to the FAA in a timely fashion,</li> <li> demonstrates that it is qualified to conduct such a study, and</li> <li> agrees to submit its findings to the FAA within two years after entering into such an agreement.</li> </ul>]]></summary-text>
</summary>
</item>
<dublinCore xmlns:dc="http://purl.org/dc/elements/1.1/">
<dc:format>text/xml</dc:format>
<dc:language>EN</dc:language>
<dc:rights>Pursuant to Title 17 Section 105 of the United States Code, this file is not subject to copyright protection and is in the public domain.</dc:rights>
<dc:contributor>Congressional Research Service, Library of Congress</dc:contributor>
<dc:description>This file contains bill summaries for federal legislation. A bill summary describes the most significant provisions of a piece of legislation and details the effects the legislative text may have on current law and federal programs. Bill summaries are authored by the Congressional Research Service (CRS) of the Library of Congress. As stated in Public Law 91-510 (2 USC 166 (d)(6)), one of the duties of CRS is "to prepare summaries and digests of bills and resolutions of a public general nature introduced in the Senate or House of Representatives". For more information, refer to the User Guide that accompanies this file.</dc:description>
</dublinCore>
</BillSummaries>
