<?xml version="1.0" encoding="UTF-8"?><BillSummaries>
<item congress="115" measure-type="hr" measure-number="129" measure-id="id115hr129" originChamber="HOUSE" orig-publish-date="2017-01-03" update-date="2017-01-13">
<title>NADA Act of 2017</title>
<summary summary-id="id115hr129v00" currentChamber="HOUSE" update-date="2017-01-13">
<action-date>2017-01-03</action-date>
<action-desc>Introduced in House</action-desc>
<summary-text><![CDATA[<p><b>No Armed Drones Act of 2017 or the NADA Act of 2017</b></p> <p> This bill amends the FAA Modernization and Reform Act of 2012 to prohibit the Department of Transportation (DOT) from authorizing any person to operate an unmanned aircraft system (drone) in the national airspace system as a weapon or to deliver a weapon against a person or property. </p> <p>The bill permits DOT to establish exceptions to the prohibition for: </p> <ul> <li>private drones for recreational hunting and animal control; and</li> <li>public drones for operations conducted by U.S. Customs and Border Protection, the Department of Defense, and certain governmental entities for national defense or in response to terrorism.</li> </ul>]]></summary-text>
</summary>
</item>
<dublinCore xmlns:dc="http://purl.org/dc/elements/1.1/">
<dc:format>text/xml</dc:format>
<dc:language>EN</dc:language>
<dc:rights>Pursuant to Title 17 Section 105 of the United States Code, this file is not subject to copyright protection and is in the public domain.</dc:rights>
<dc:contributor>Congressional Research Service, Library of Congress</dc:contributor>
<dc:description>This file contains bill summaries for federal legislation. A bill summary describes the most significant provisions of a piece of legislation and details the effects the legislative text may have on current law and federal programs. Bill summaries are authored by the Congressional Research Service (CRS) of the Library of Congress. As stated in Public Law 91-510 (2 USC 166 (d)(6)), one of the duties of CRS is "to prepare summaries and digests of bills and resolutions of a public general nature introduced in the Senate or House of Representatives". For more information, refer to the User Guide that accompanies this file.</dc:description>
</dublinCore>
</BillSummaries>
