<?xml version="1.0" encoding="UTF-8"?><BillSummaries>
<item congress="115" measure-type="hr" measure-number="1233" measure-id="id115hr1233" originChamber="HOUSE" orig-publish-date="2017-02-27" update-date="2017-03-02">
<title>Emergency Flood Response Act</title>
<summary summary-id="id115hr1233v00" currentChamber="HOUSE" update-date="2017-03-02">
<action-date>2017-02-27</action-date>
<action-desc>Introduced in House</action-desc>
<summary-text><![CDATA[<p><strong>Emergency Flood Response Act</strong></p> <p>This bill directs the Federal Emergency Management Agency (FEMA) to establish and carry out a pilot program to assist flood response efforts at state and federal regional levels in response to a levee failure or potential levee failure.</p> <p>FEMA may award grants to up to 10 eligible entities to: (1) establish or maintain a flood emergency fund, and (2) ensure a unified command system organizational framework for emergency flood activities. An "eligible entity" is a levee maintaining agency or unit of local government that is responsible for emergency flood response efforts.</p> <p>Funds awarded under this bill may be used for emergency flood activities, including prompt emergency action to prevent levee failure, close levee breaks, make relief cuts and dewater flooded areas, and otherwise physically limit the extent, depth, and duration of flood waters in the event of a levee failure. Funds awarded may not be used if the emergency flood activity is required by law to be performed by the Corps of Engineers and the Corps immediately exercises its authority.</p> <p>FEMA shall ensure that, following an expenditure of funds from a grantee's flood emergency fund, the grantee will seek all available state and federal disaster assistance reimbursements for such expenditures and deposit the reimbursements in the fund. The federal share of the cost of a flood emergency activity carried out using grant funds made available under this bill may not exceed 50%.</p>]]></summary-text>
</summary>
</item>
<dublinCore xmlns:dc="http://purl.org/dc/elements/1.1/">
<dc:format>text/xml</dc:format>
<dc:language>EN</dc:language>
<dc:rights>Pursuant to Title 17 Section 105 of the United States Code, this file is not subject to copyright protection and is in the public domain.</dc:rights>
<dc:contributor>Congressional Research Service, Library of Congress</dc:contributor>
<dc:description>This file contains bill summaries for federal legislation. A bill summary describes the most significant provisions of a piece of legislation and details the effects the legislative text may have on current law and federal programs. Bill summaries are authored by the Congressional Research Service (CRS) of the Library of Congress. As stated in Public Law 91-510 (2 USC 166 (d)(6)), one of the duties of CRS is "to prepare summaries and digests of bills and resolutions of a public general nature introduced in the Senate or House of Representatives". For more information, refer to the User Guide that accompanies this file.</dc:description>
</dublinCore>
</BillSummaries>
