<?xml version="1.0" encoding="UTF-8"?><BillSummaries>
<item congress="115" measure-type="hr" measure-number="1226" measure-id="id115hr1226" originChamber="HOUSE" orig-publish-date="2017-02-27" update-date="2017-03-04">
<title>Justice for Uncompensated Survivors Today (JUST) Act of 2017</title>
<summary summary-id="id115hr1226v00" currentChamber="HOUSE" update-date="2017-03-04">
<action-date>2017-02-27</action-date>
<action-desc>Introduced in House</action-desc>
<summary-text><![CDATA[<p><strong>Justice for Uncompensated Survivors Today (JUST) Act of 2017</strong></p> <p>This bill directs the Department of State, with respect to covered countries, to annually include within either the relevant Annual Country Report on Human Rights Practices, the International Religious Freedom Report, or other appropriate report an assessment of the nature and extent of national laws or enforceable policies regarding the identification, return, or restitution of wrongfully seized or transferred Holocaust era assets and compliance with the goals of the Terezin Declaration on Holocaust Era Assets and Related Issues, including: </p> <ul> <li>the return to the rightful owner of wrongfully seized or transferred property, including religious or communal property, or the provision of comparable substitute property or the payment of equitable compensation to the rightful owner; </li> <li>the use of the Washington Conference Principles on Nazi-Confiscated Art and the Terezin Declaration in settling claims involving publicly and privately held movable property;</li> <li>the restitution of heirless property to assist needy Holocaust survivors; and </li> <li> progress on the resolution of claims for U.S. citizen Holocaust survivors and family members.</li> </ul> <p>&quot;Covered countries&quot; means signatories to the Terezin Declaration that are determined by the Special Envoy for Holocaust Issues to be countries of particular concern with respect to such restitution.</p>]]></summary-text>
</summary>
</item>
<dublinCore xmlns:dc="http://purl.org/dc/elements/1.1/">
<dc:format>text/xml</dc:format>
<dc:language>EN</dc:language>
<dc:rights>Pursuant to Title 17 Section 105 of the United States Code, this file is not subject to copyright protection and is in the public domain.</dc:rights>
<dc:contributor>Congressional Research Service, Library of Congress</dc:contributor>
<dc:description>This file contains bill summaries for federal legislation. A bill summary describes the most significant provisions of a piece of legislation and details the effects the legislative text may have on current law and federal programs. Bill summaries are authored by the Congressional Research Service (CRS) of the Library of Congress. As stated in Public Law 91-510 (2 USC 166 (d)(6)), one of the duties of CRS is "to prepare summaries and digests of bills and resolutions of a public general nature introduced in the Senate or House of Representatives". For more information, refer to the User Guide that accompanies this file.</dc:description>
</dublinCore>
</BillSummaries>
