<?xml version="1.0" encoding="UTF-8"?><BillSummaries>
<item congress="115" measure-type="hr" measure-number="2566" measure-id="id115hr2566" originChamber="HOUSE" orig-publish-date="2017-05-19" update-date="2017-06-07">
<title>Stop Deceptive Advertising for Women's Healthcare Services Act</title>
<summary summary-id="id115hr2566v00" currentChamber="HOUSE" update-date="2017-06-07">
<action-date>2017-05-19</action-date>
<action-desc>Introduced in House</action-desc>
<summary-text><![CDATA[<p><strong>Stop Deceptive Advertising for Women's Healthcare Services Act</strong></p> <p>This bill requires the Federal Trade Commission (FTC) to promulgate rules to prohibit, as an unfair and deceptive act or practice, a person from advertising with the intent to deceptively create the impression that: (1) such person is a provider of abortion services if such person does not provide such services, or (2) such person is not a provider of abortion services if such person does provide such services.</p> <p>&quot;Abortion services&quot; is defined as providing surgical and non-surgical procedures to terminate a pregnancy, or providing referrals for such procedures.</p> <p>The bill sets forth the enforcement authority of the FTC, including with respect to nonprofit organizations. </p>]]></summary-text>
</summary>
</item>
<dublinCore xmlns:dc="http://purl.org/dc/elements/1.1/">
<dc:format>text/xml</dc:format>
<dc:language>EN</dc:language>
<dc:rights>Pursuant to Title 17 Section 105 of the United States Code, this file is not subject to copyright protection and is in the public domain.</dc:rights>
<dc:contributor>Congressional Research Service, Library of Congress</dc:contributor>
<dc:description>This file contains bill summaries for federal legislation. A bill summary describes the most significant provisions of a piece of legislation and details the effects the legislative text may have on current law and federal programs. Bill summaries are authored by the Congressional Research Service (CRS) of the Library of Congress. As stated in Public Law 91-510 (2 USC 166 (d)(6)), one of the duties of CRS is "to prepare summaries and digests of bills and resolutions of a public general nature introduced in the Senate or House of Representatives". For more information, refer to the User Guide that accompanies this file.</dc:description>
</dublinCore>
</BillSummaries>
