<?xml version="1.0" encoding="UTF-8"?><BillSummaries>
<item congress="115" measure-type="hr" measure-number="997" measure-id="id115hr997" originChamber="HOUSE" orig-publish-date="2017-02-09" update-date="2017-10-04">
<title>English Language Unity Act of 2017</title>
<summary summary-id="id115hr997v00" currentChamber="HOUSE" update-date="2017-10-04">
<action-date>2017-02-09</action-date>
<action-desc>Introduced in House</action-desc>
<summary-text><![CDATA[<p><strong>English Language Unity Act of 2017</strong></p> <p>This bill establishes English as the official language of the United States. </p> <p>Naturalization ceremonies and official functions of the U.S. government, subject to exceptions, must be conducted in English.</p> <p>The bill declares that all citizens should be able to read and understand generally the English language text of U.S. laws.</p> <p>A person injured by a violation of this bill may obtain relief, including a declaratory judgment, in a civil action. </p> <p>English language requirements and workplace policies, whether in the public or private sector,&nbsp;shall be presumptively consistent with U.S. laws. Any ambiguity in&nbsp;U.S. laws&nbsp;shall be resolved in accordance with the rights retained by the people and the powers reserved to states under the Bill of Rights.</p> <p>The Department of Homeland Security shall issue a proposed rule for uniform testing of the English language ability of candidates for naturalization based upon the principles that: (1) all citizens should be able to read and understand generally the English language text of the Declaration of Independence, the Constitution, and the laws of the United States; and (2) any exceptions to this standard should be limited to extraordinary circumstances, such as asylum. </p>]]></summary-text>
</summary>
</item>
<dublinCore xmlns:dc="http://purl.org/dc/elements/1.1/">
<dc:format>text/xml</dc:format>
<dc:language>EN</dc:language>
<dc:rights>Pursuant to Title 17 Section 105 of the United States Code, this file is not subject to copyright protection and is in the public domain.</dc:rights>
<dc:contributor>Congressional Research Service, Library of Congress</dc:contributor>
<dc:description>This file contains bill summaries for federal legislation. A bill summary describes the most significant provisions of a piece of legislation and details the effects the legislative text may have on current law and federal programs. Bill summaries are authored by the Congressional Research Service (CRS) of the Library of Congress. As stated in Public Law 91-510 (2 USC 166 (d)(6)), one of the duties of CRS is "to prepare summaries and digests of bills and resolutions of a public general nature introduced in the Senate or House of Representatives". For more information, refer to the User Guide that accompanies this file.</dc:description>
</dublinCore>
</BillSummaries>
