<?xml version="1.0" encoding="UTF-8"?><BillSummaries>
<item congress="115" measure-type="hr" measure-number="1337" measure-id="id115hr1337" originChamber="HOUSE" orig-publish-date="2017-03-02" update-date="2017-03-08">
<title>Legacy IRA Act</title>
<summary summary-id="id115hr1337v00" currentChamber="HOUSE" update-date="2017-03-08">
<action-date>2017-03-02</action-date>
<action-desc>Introduced in House</action-desc>
<summary-text><![CDATA[<p><b>Legacy IRA Act </b></p> <p>This bill amends the Internal Revenue Code to expand the tax exclusion for distributions from individual retirement accounts (IRAs) for charitable purposes. </p> <p>The bill increases from $100,000 to $400,000 the annual limit on the aggregate amount of distributions for charitable purposes that may be excluded from the gross income of a taxpayer. </p> <p>The bill permits tax-free distributions from IRAs to a split-interest entity until December 31, 2021. A split-interest entity is exclusively funded by charitable distributions and includes: a charitable remainder annuity trust, a charitable remainder unitrust, or a charitable gift annuity. A charitable gift annuity must commence fixed payments of at least 5% no later than one year from the date of funding. </p> <p>A distribution to a split-interest entity may only be treated as a qualified charitable distribution if: (1) no person holds an income interest in the entity other than the individual for whose benefit the account is maintained, the spouse of such individual, or both; and (2) the income interest in the entity is nonassignable. </p> <p>The bill limits the exclusion annually to: $100,000 for distributions to charitable organizations, and $400,000 for distributions to split-interest entities. </p> <p>Tax-free distributions to a split-interest entity may be made when the account beneficiary attains age 65. (Under current law, the beneficiary must attain the age of 70-1/2 for IRA distributions to a charitable organization.) </p>]]></summary-text>
</summary>
</item>
<dublinCore xmlns:dc="http://purl.org/dc/elements/1.1/">
<dc:format>text/xml</dc:format>
<dc:language>EN</dc:language>
<dc:rights>Pursuant to Title 17 Section 105 of the United States Code, this file is not subject to copyright protection and is in the public domain.</dc:rights>
<dc:contributor>Congressional Research Service, Library of Congress</dc:contributor>
<dc:description>This file contains bill summaries for federal legislation. A bill summary describes the most significant provisions of a piece of legislation and details the effects the legislative text may have on current law and federal programs. Bill summaries are authored by the Congressional Research Service (CRS) of the Library of Congress. As stated in Public Law 91-510 (2 USC 166 (d)(6)), one of the duties of CRS is "to prepare summaries and digests of bills and resolutions of a public general nature introduced in the Senate or House of Representatives". For more information, refer to the User Guide that accompanies this file.</dc:description>
</dublinCore>
</BillSummaries>
