<?xml version="1.0" encoding="UTF-8"?><BillSummaries>
<item congress="115" measure-type="hr" measure-number="1235" measure-id="id115hr1235" originChamber="HOUSE" orig-publish-date="2017-02-27" update-date="2017-11-27">
<title>Naismith Memorial Basketball Hall of Fame Commemorative Coin Act</title>
<summary summary-id="id115hr1235v36" currentChamber="HOUSE" update-date="2017-11-27">
<action-date>2017-09-25</action-date>
<action-desc>Passed House amended</action-desc>
<summary-text><![CDATA[<p><strong>Naismith Memorial Basketball Hall of Fame Commemorative Coin Act</strong></p> <p>(Sec. 3) This bill directs the Department of the Treasury to mint and issue not more than 50,000 $5 coins, 400,000 $1 coins, and 750,000 half-dollar coins in recognition and celebration of the Naismith Memorial Basketball Hall of Fame.</p> <p>The coins shall be in the shape of a dome, and the design on the common reverse of the coins shall depict a basketball. Treasury shall hold a competition to determine the design of the common obverse of the coins, which shall be emblematic of the game of basketball.</p> <p>(Sec. 7) The bill requires all sales of such coins to include specified surcharges, which shall be paid by Treasury to the Hall to fund an endowment for increased operations and educational programming.</p>]]></summary-text>
</summary>
<summary summary-id="id115hr1235v00" currentChamber="HOUSE" update-date="2017-03-02">
<action-date>2017-02-27</action-date>
<action-desc>Introduced in House</action-desc>
<summary-text><![CDATA[<p><strong>Naismith Memorial Basketball Hall of Fame Commemorative Coin Act</strong></p> <p>This bill directs the Department of the Treasury to mint and issue not more than 50,000 $5 coins, 400,000 $1 coins, and 750,000 half-dollar coins in recognition and celebration of the Naismith Memorial Basketball Hall of Fame.</p> <p>The coins shall be in the shape of a dome, and the design on the common reverse of the coins shall depict a basketball. Treasury shall hold a competition to determine the design of the common obverse of the coins, which shall be emblematic of the game of basketball.</p> <p>The bill requires all sales of such coins to include specified surcharges, which shall be paid by Treasury to the Hall to fund an endowment for increased operations and educational programming.</p>]]></summary-text>
</summary>
</item>
<dublinCore xmlns:dc="http://purl.org/dc/elements/1.1/">
<dc:format>text/xml</dc:format>
<dc:language>EN</dc:language>
<dc:rights>Pursuant to Title 17 Section 105 of the United States Code, this file is not subject to copyright protection and is in the public domain.</dc:rights>
<dc:contributor>Congressional Research Service, Library of Congress</dc:contributor>
<dc:description>This file contains bill summaries for federal legislation. A bill summary describes the most significant provisions of a piece of legislation and details the effects the legislative text may have on current law and federal programs. Bill summaries are authored by the Congressional Research Service (CRS) of the Library of Congress. As stated in Public Law 91-510 (2 USC 166 (d)(6)), one of the duties of CRS is "to prepare summaries and digests of bills and resolutions of a public general nature introduced in the Senate or House of Representatives". For more information, refer to the User Guide that accompanies this file.</dc:description>
</dublinCore>
</BillSummaries>
