<?xml version="1.0" encoding="UTF-8"?><BillSummaries>
<item congress="115" measure-type="hr" measure-number="392" measure-id="id115hr392" originChamber="HOUSE" orig-publish-date="2017-01-10" update-date="2018-03-29">
<title>Fairness for High-Skilled Immigrants Act of 2017</title>
<summary summary-id="id115hr392v00" currentChamber="HOUSE" update-date="2018-03-29">
<action-date>2017-01-10</action-date>
<action-desc>Introduced in House</action-desc>
<summary-text><![CDATA[<p><strong>Fairness for High-Skilled Immigrants Act of 2017</strong></p> <p>This bill amends the Immigration and Nationality Act to: (1) eliminate the per-country numerical limitation for employment-based immigrants, and (2) increase the per-country numerical limitation for family-based immigrants from 7% to 15% of the total number of family-sponsored visas. </p> <p>The Chinese Student Protection Act of 1992 is amended to eliminate the provision requiring the reduction of annual Chinese immigrant visas to offset status adjustments under such Act.</p> <p>The bill establishes a transition period during which a percentage of employment-based second and third preference (EB-2 and EB-3) immigrant visas are reserved as follows: </p> <ul> <li>for FY2017, 15% of such visas are allotted to natives of countries other than the two countries with the largest aggregate numbers of natives obtaining such visas in FY2011; </li> <li>for FY2018, 10% of such visas are allotted in each category to natives of countries other than the two with the largest aggregate numbers of natives obtaining such visas in FY2012; and </li> <li>for FY2019, 10% of such visas are allotted in each category to natives of countries other than the two with the largest aggregate numbers of natives obtaining such visas in FY2015.</li> </ul> <p>During the transition period, not more than 25% of the total number of the reserved EB-2 and EB-3 visas shall be allotted to natives of a single country. </p> <p>For FY2015-FY2017, not more than 85% of the unreserved EB-2 and EB-3 visas shall be allotted to natives of a single country. </p> <p>Amendments made by this bill shall apply beginning in FY2017.</p>]]></summary-text>
</summary>
</item>
<dublinCore xmlns:dc="http://purl.org/dc/elements/1.1/">
<dc:format>text/xml</dc:format>
<dc:language>EN</dc:language>
<dc:rights>Pursuant to Title 17 Section 105 of the United States Code, this file is not subject to copyright protection and is in the public domain.</dc:rights>
<dc:contributor>Congressional Research Service, Library of Congress</dc:contributor>
<dc:description>This file contains bill summaries for federal legislation. A bill summary describes the most significant provisions of a piece of legislation and details the effects the legislative text may have on current law and federal programs. Bill summaries are authored by the Congressional Research Service (CRS) of the Library of Congress. As stated in Public Law 91-510 (2 USC 166 (d)(6)), one of the duties of CRS is "to prepare summaries and digests of bills and resolutions of a public general nature introduced in the Senate or House of Representatives". For more information, refer to the User Guide that accompanies this file.</dc:description>
</dublinCore>
</BillSummaries>
