<?xml version="1.0" encoding="UTF-8"?><BillSummaries>
<item congress="115" measure-type="hr" measure-number="434" measure-id="id115hr434" originChamber="HOUSE" orig-publish-date="2017-01-11" update-date="2017-02-04">
<title>New WATER Act</title>
<summary summary-id="id115hr434v00" currentChamber="HOUSE" update-date="2017-02-04">
<action-date>2017-01-11</action-date>
<action-desc>Introduced in House</action-desc>
<summary-text><![CDATA[<p><strong>New Water Available To Every Reclamation State Act or the New WATER Act</strong></p> <p>This bill authorizes the Department of the Interior, for 15 years after this bill's enactment, to provide financial assistance, such as secured loans or loan guarantees, to entities that contract under federal reclamation law to carry out water projects within the 17 western states served by the Bureau of Reclamation, other states where the Bureau is authorized to provide project assistance, Alaska, and Hawaii. Projects eligible for assistance include: </p> <ul> <li>non-federal water infrastructure projects that would contribute to a safe, adequate water supply for domestic, agricultural, environmental, or municipal and industrial use;</li> <li>projects for enhanced energy efficiency in the operation of a water system; </li> <li>projects for accelerated repair and replacement of aging water distribution facilities;</li> <li>brackish or sea water desalination projects; and</li> <li>the acquisition of real property or an interest therein for water storage, reclaimed or recycled water, or wastewater that is integral to such a project.</li> </ul> <p>To be eligible for assistance, a project must be deemed creditworthy. Eligible project costs must be reasonably anticipated to be at least $20 million.</p> <p>Interior shall establish criteria for project selection and may enter into a master credit agreement for projects secured by a common security pledge on terms acceptable to it. </p> <p> Interior may enter into agreements with obligors to make secured loans to finance or refinance eligible project costs or to refinance long-term project obligations or federal credit instruments to provide additional funding capacity for the completion, enhancement, or expansion of a project.</p> <p>The total amount of federal assistance for a project shall not exceed 80% of its total cost.</p> <p>Interior shall establish: (1) a repayment schedule for each secured loan based on the useful life of the project, and (2) a uniform system to service the federal credit instruments made available under this bill. </p> <p>Interior shall report biennially on the financial performance of the projects that receive assistance under this bill.</p>]]></summary-text>
</summary>
</item>
<dublinCore xmlns:dc="http://purl.org/dc/elements/1.1/">
<dc:format>text/xml</dc:format>
<dc:language>EN</dc:language>
<dc:rights>Pursuant to Title 17 Section 105 of the United States Code, this file is not subject to copyright protection and is in the public domain.</dc:rights>
<dc:contributor>Congressional Research Service, Library of Congress</dc:contributor>
<dc:description>This file contains bill summaries for federal legislation. A bill summary describes the most significant provisions of a piece of legislation and details the effects the legislative text may have on current law and federal programs. Bill summaries are authored by the Congressional Research Service (CRS) of the Library of Congress. As stated in Public Law 91-510 (2 USC 166 (d)(6)), one of the duties of CRS is "to prepare summaries and digests of bills and resolutions of a public general nature introduced in the Senate or House of Representatives". For more information, refer to the User Guide that accompanies this file.</dc:description>
</dublinCore>
</BillSummaries>
