<?xml version="1.0" encoding="UTF-8"?><BillSummaries>
<item congress="115" measure-type="hr" measure-number="538" measure-id="id115hr538" originChamber="HOUSE" orig-publish-date="2017-01-13" update-date="2017-08-09">
<title>Ocmulgee Mounds National Historical Park Boundary Revision Act</title>
<summary summary-id="id115hr538v01" currentChamber="SENATE" update-date="2017-08-09">
<action-date>2017-05-09</action-date>
<action-desc>Reported to Senate with amendment(s)</action-desc>
<summary-text><![CDATA[<p><b>Ocmulgee Mounds National Historical Park Boundary Revision Act</b></p> (Sec. 3) This bill redesignates the Ocmulgee National Monument in Georgia as the Ocmulgee Mounds National Historical Park. <p> The boundary of the park is adjusted to include approximately 2,100 acres.</p> <p> The Department of the Interior may acquire lands and interests within the boundaries of the park by donation, purchase from a willing seller, or exchange, but not by condemnation. </p> <p> Interior shall administer any acquired land as part of the park. </p> <p>(Sec. 4) Interior shall conduct a special resource study of the Ocmulgee River corridor between the cities of Macon and Hawkinsville, Georgia, to : </p> <ul> <li>evaluate the national significance of the study area;</li> <li>determine the suitability and feasibility of designating the study area as a unit of the National Park System; and</li> <li>consider other alternatives for the preservation, protection, and interpretation of the study area by the federal government, state or local government entities, or private and nonprofit organizations. </li> </ul>]]></summary-text>
</summary>
<summary summary-id="id115hr538v36" currentChamber="HOUSE" update-date="2017-02-27">
<action-date>2017-01-30</action-date>
<action-desc>Passed House amended</action-desc>
<summary-text><![CDATA[<p><b>Ocmulgee Mounds National Historical Park Boundary Revision Act of 2017</b></p> (Sec. 3) This bill redesignates the Ocmulgee National Monument in Georgia as the Ocmulgee Mounds National Historical Park. <p>(Sec. 4) The boundary of the park is adjusted to include approximately 2,100 acres.</p> <p>(Sec. 5) The Department of the Interior may acquire lands and interests within the boundaries of the historical park by donation or exchange only. No private property or non-federal public property shall be included within the boundaries of the newly expanded portion of the park without the owner's written consent. </p> <p>(Sec. 6) Interior shall administer any acquired land as part of the park. </p> <p> (Sec. 7) Interior shall conduct a special resource study of the Ocmulgee River corridor between the cities of Macon, Georgia, and Hawkinsville, Georgia, to determine:</p> <ul> <li>the national significance of the study area;</li> <li>the suitability and feasibility of adding lands in the study area to the National Park System; and</li> <li>the methods and means for the protection and interpretation of the study area by the National Park Service, other federal, state, local government entities, affiliated federally recognized Indian tribes, or private or nonprofit organizations. </li> </ul>]]></summary-text>
</summary>
<summary summary-id="id115hr538v00" currentChamber="HOUSE" update-date="2017-02-27">
<action-date>2017-01-13</action-date>
<action-desc>Introduced in House</action-desc>
<summary-text><![CDATA[<p><b>Ocmulgee Mounds National Historical Park Boundary Revision Act of 2017</b></p> This bill redesignates the Ocmulgee National Monument in Georgia as the Ocmulgee Mounds National Historical Park. <p> The boundary of the park is adjusted to include approximately 2,100 acres.</p> <p>The Department of the Interior may acquire lands within park boundaries by donation or exchange only. No private property or non-federal public property shall be included within those boundaries without the owner's written consent.</p> <p> Interior shall conduct a special resource study of the Ocmulgee River corridor between the cities of Macon, Georgia, and Hawkinsville, Georgia, to determine:</p> <ul> <li>the national significance of the study area;</li> <li>the suitability and feasibility of adding lands in the study area to the National Park System; and</li> <li>the methods and means for the protection and interpretation of the study area by the National Park Service, other federal, state, local government entities, affiliated federally recognized Indian tribes, or private or nonprofit organizations. </li> </ul>]]></summary-text>
</summary>
</item>
<dublinCore xmlns:dc="http://purl.org/dc/elements/1.1/">
<dc:format>text/xml</dc:format>
<dc:language>EN</dc:language>
<dc:rights>Pursuant to Title 17 Section 105 of the United States Code, this file is not subject to copyright protection and is in the public domain.</dc:rights>
<dc:contributor>Congressional Research Service, Library of Congress</dc:contributor>
<dc:description>This file contains bill summaries for federal legislation. A bill summary describes the most significant provisions of a piece of legislation and details the effects the legislative text may have on current law and federal programs. Bill summaries are authored by the Congressional Research Service (CRS) of the Library of Congress. As stated in Public Law 91-510 (2 USC 166 (d)(6)), one of the duties of CRS is "to prepare summaries and digests of bills and resolutions of a public general nature introduced in the Senate or House of Representatives". For more information, refer to the User Guide that accompanies this file.</dc:description>
</dublinCore>
</BillSummaries>
