<?xml version="1.0" encoding="UTF-8"?><BillSummaries>
<item congress="115" measure-type="hr" measure-number="290" measure-id="id115hr290" originChamber="HOUSE" orig-publish-date="2017-01-04" update-date="2017-03-08">
<title>Federal Communications Commission Process Reform Act of 2017</title>
<summary summary-id="id115hr290v81" currentChamber="HOUSE" update-date="2017-03-08">
<action-date>2017-01-23</action-date>
<action-desc>Passed House without amendment</action-desc>
<summary-text><![CDATA[<p>(This measure has not been amended since it was introduced. The summary has been expanded because action occurred on the measure.)</p> <p><b>Federal Communications Commission Process Reform Act of 2017</b></p> <p>(Sec. 2) This bill amends the Communications Act of 1934 to require the Federal Communications Commission (FCC) to complete a rulemaking proceeding to adopt rules establishing:</p> <ul> <li>minimum comment and reply periods for rulemakings; </li> <li>policies to ensure that the public has notice and an opportunity to respond to comments, ex parte communications, or materials submitted toward the end of, or after, the comment period; </li> <li>deadlines for public notice, and guidelines for disposition, of certain petitions; and </li> <li>procedures to include the specific language of proposed rules or amendments in proposed rulemaking notices. </li> </ul> <p>The rules must also establish procedures&nbsp;for publishing on the FCC's website and submitting to Congress reports regarding: (1) the status of open rulemakings and items circulated for FCC commissioners' review; (2) the number of pending petitions, applications, complaints, and other requests for action by the FCC and the amount of time such requests have been pending; and (3) pending congressional investigations of the FCC and the cost of such investigations. The website postings and reports must be updated at least quarterly. </p> <p>Performance measures must be included in notices of proposed rulemakings or orders that would create or substantially change a program activity. A "program activity" is a specific activity or project as listed in the program and financing schedules of the U.S. annual budget, including any annual collection or distribution or related series of collections or distributions by the FCC of $100 million or more. </p> <p>The FCC must seek public comment regarding whether the FCC should establish procedures to: (1) allow a bipartisan majority of commissioners to place items on an open meeting agenda; (2) publish in advance of open meetings the text of agenda items on which the FCC will vote; (3) ensure that commissioners have adequate time, prior to a required decision, to review the proposed decision document, including the specific rule or any proposed amendments; (4) provide deadlines for the disposition of certain license applications; and (5) publish orders, decisions, reports, and actions within 30 days after adoption.</p> <p>The Government Accountability Office must audit the FCC's estimates of the costs of congressional investigations of the FCC.</p> <p>The FCC must initiate a new rulemaking proceeding every five years to continue its consideration of procedural rule changes. </p> <p>A bipartisan majority of commissioners may hold a nonpublic meeting, including a meeting to collaborate with joint boards or conferences, if: (1) no votes or actions are taken, and (2) an attorney from the FCC's Office of General Counsel is present. Such a closed meeting must be disclosed within two business days after the meeting, along with a list of persons in attendance and a summary of discussed matters, provided that such matters are not classified or otherwise exempt from disclosure. </p> <p>The FCC must provide on its website: (1) information regarding the FCC's budget, appropriations, and total number of full-time equivalent employees; (2) the FCC's annual performance plan; and (3) information about consumer complaints in a publicly available, searchable database.</p> <p>The chair of the FCC must also publish on the website policies established by the chair that relate to the FCC's functioning or its agenda.</p> <p>The FCC must complete actions necessary for the required publication of documents in the Federal Register within specified time frames.</p> <p>The FCC must inform the public about its performance and efficiency in meeting disclosure and other requirements under the Freedom of Information Act (FOIA), including by: (1) publishing on the FCC website its logs for managing FOIA requests and associated fees, (2) releasing decisions to grant or deny requests, and (3) presenting information about the number of FOIA requests received and granted or denied by the FCC in its annual budget estimates and annual performance and financial reports.</p> <p>By January 15 of each year, the FCC must publish on its website and in other required formats an anticipated release schedule for all statistical reports and reports to Congress.</p> <p>The bill requires annual reports to Congress on the FCC's performance in conducting its proceedings and meeting the deadlines and guidelines established by this Act. </p> <p>(Sec. 3) In compiling its quarterly report with respect to informal consumer inquiries and complaints, the FCC is prohibited from categorizing an inquiry or complaint under the Telephone Consumer Protection Act of 1991 (places restrictions on telephone solicitations and automatic dialing systems) as a wireline or wireless inquiry or complaint unless a wireline or wireless carrier was the subject of the inquiry or complaint.</p> <p>(Sec. 5) The Universal Service Antideficiency Temporary Suspension Act is amended to extend through December 31, 2021, the waiver of certain limitations on: (1) expending, obligating, or apportioning appropriations with respect to federal universal service contributions collected or received under the Communications Act of 1934; and (2) expending or obligating funds attributable to such contributions for universal service support programs.</p> <p>(Sec. 6) The FCC must consult with the Small Business Administration to report to Congress with actions and recommendations to improve participation of small businesses in FCC proceedings.</p> <p>(Sec. 7) For any item adopted by an FCC vote, the FCC must publish on its website the text of such item within 24 hours after the FCC secretary has received dissenting statements from all commissioners wishing to submit a statement. </p>]]></summary-text>
</summary>
<summary summary-id="id115hr290v00" currentChamber="HOUSE" update-date="2017-02-24">
<action-date>2017-01-04</action-date>
<action-desc>Introduced in House</action-desc>
<summary-text><![CDATA[<p><b>Federal Communications Commission Process Reform Act of 2017</b></p> <p>This bill amends the Communications Act of 1934 to require the Federal Communications Commission (FCC) to: (1) adopt rules concerning rulemaking comment and reply periods, public notices, petition dispositions, the specific language of proposed rules or amendments to be included in proposed rulemaking notices, and performance measures to be included in certain proposed rulemakings or orders that would create or substantially change a program activity; (2) establish procedures for publishing reports regarding the cost of congressional investigations and the status of FCC rulemakings and reviews; (3) seek public comment regarding a bipartisan majority of commissioners' authority to place items on an open meeting agenda, deadlines for the disposition of certain license applications, and whether to publish orders or decisions within 30 days after adoption; (4) consult with the Small Business Administration to improve participation of small businesses in FCC proceedings; and (5) initiate a new rulemaking proceeding every five years to continue consideration of procedural rule changes.</p> <p>A bipartisan majority of commissioners may hold a nonpublic meeting, including a meeting to collaborate with joint boards or conferences, if: (1) no votes or actions are taken, (2) an attorney from the FCC's Office of General Counsel is present, and (3) the meeting is disclosed subsequently within two business days. </p> <p>The bill establishes requirements concerning: (1) the budgets, agency documents, policies, and consumer complaint information required to be made publicly available on the FCC website; (2) Federal Register publications; (3) the FCC's performance in meeting Freedom of Information Act disclosure requirements; and (4) reports to Congress. </p> <p>In compiling its quarterly report on informal consumer inquiries and complaints, the FCC is prohibited from categorizing an inquiry or complaint under the Telephone Consumer Protection Act of 1991 (places restrictions on telephone solicitations and automatic dialing systems) as a wireline or wireless inquiry or complaint unless a wireline or wireless carrier was the subject of the inquiry or complaint.</p> <p>The Universal Service Antideficiency Temporary Suspension Act is amended to extend through December 31, 2021, the waiver of certain limitations on: (1) expending, obligating, or apportioning appropriations with respect to federal universal service contributions collected or received under the Communications Act of 1934; and (2) expending or obligating funds attributable to such contributions for universal service support programs.</p> <p>For any item adopted by an FCC vote, the FCC must publish on its website the text of such item within 24 hours after the FCC secretary has received dissenting statements from all commissioners wishing to submit a statement. </p>]]></summary-text>
</summary>
</item>
<dublinCore xmlns:dc="http://purl.org/dc/elements/1.1/">
<dc:format>text/xml</dc:format>
<dc:language>EN</dc:language>
<dc:rights>Pursuant to Title 17 Section 105 of the United States Code, this file is not subject to copyright protection and is in the public domain.</dc:rights>
<dc:contributor>Congressional Research Service, Library of Congress</dc:contributor>
<dc:description>This file contains bill summaries for federal legislation. A bill summary describes the most significant provisions of a piece of legislation and details the effects the legislative text may have on current law and federal programs. Bill summaries are authored by the Congressional Research Service (CRS) of the Library of Congress. As stated in Public Law 91-510 (2 USC 166 (d)(6)), one of the duties of CRS is "to prepare summaries and digests of bills and resolutions of a public general nature introduced in the Senate or House of Representatives". For more information, refer to the User Guide that accompanies this file.</dc:description>
</dublinCore>
</BillSummaries>
