<?xml version="1.0" encoding="UTF-8"?><BillSummaries>
<item congress="115" measure-type="hr" measure-number="395" measure-id="id115hr395" originChamber="HOUSE" orig-publish-date="2017-01-10" update-date="2017-02-27">
<title>One Subject at a Time Act</title>
<summary summary-id="id115hr395v00" currentChamber="HOUSE" update-date="2017-02-27">
<action-date>2017-01-10</action-date>
<action-desc>Introduced in House</action-desc>
<summary-text><![CDATA[<p><b>One Subject at a Time Act</b></p> <p> This bill requires: (1) each bill or joint resolution to embrace no more than one subject, and (2) the subject to be clearly and descriptively expressed in the measure's title.</p> <p>An appropriations bill may not contain any general legislation or change of existing law requirement if its subject is not germane to the subject of such bill.</p> <p>The bill voids: (1) an entire Act or joint resolution if its title addresses two or more unrelated subjects, (2) provisions in legislation not clearly and descriptively expressed in the measure's title, (3) appropriation provisions in legislation outside the relevant subcommittee's jurisdiction, and (4) provisions of appropriation bills not germane to their subject matter.</p> <p>The bill grants aggrieved persons and Members of Congress the right to bring an action against the United States to seek appropriate relief, including an injunction against the enforcement of any law the passage of which did not conform to this bill.</p>]]></summary-text>
</summary>
</item>
<dublinCore xmlns:dc="http://purl.org/dc/elements/1.1/">
<dc:format>text/xml</dc:format>
<dc:language>EN</dc:language>
<dc:rights>Pursuant to Title 17 Section 105 of the United States Code, this file is not subject to copyright protection and is in the public domain.</dc:rights>
<dc:contributor>Congressional Research Service, Library of Congress</dc:contributor>
<dc:description>This file contains bill summaries for federal legislation. A bill summary describes the most significant provisions of a piece of legislation and details the effects the legislative text may have on current law and federal programs. Bill summaries are authored by the Congressional Research Service (CRS) of the Library of Congress. As stated in Public Law 91-510 (2 USC 166 (d)(6)), one of the duties of CRS is "to prepare summaries and digests of bills and resolutions of a public general nature introduced in the Senate or House of Representatives". For more information, refer to the User Guide that accompanies this file.</dc:description>
</dublinCore>
</BillSummaries>
