<?xml version="1.0" encoding="UTF-8"?><BillSummaries>
<item congress="115" measure-type="hr" measure-number="236" measure-id="id115hr236" originChamber="HOUSE" orig-publish-date="2017-01-03" update-date="2017-01-26">
<title>To provide for the conveyance of certain property to the Tanana Tribal Council located in Tanana, Alaska, and to the Bristol Bay Area Health Corporation located in Dillingham, Alaska, and for other purposes.</title>
<summary summary-id="id115hr236v00" currentChamber="HOUSE" update-date="2017-01-26">
<action-date>2017-01-03</action-date>
<action-desc>Introduced in House</action-desc>
<summary-text><![CDATA[<p>This bill directs the Department of Health and Human Services (HHS) to convey to the Tanana Tribal Council in Tanana, Alaska, all interest of the United States in and to certain property (including all land, improvements, and appurtenances) containing 11.25 acres, in the village of Tanana for use in connection with health and social services programs. </p> <p>HHS shall convey to the Bristol Bay Area Health Corporation in Dillingham, Alaska, all interest of the United States in and to certain property included in the Dental Annex Subdivision (including all land, improvements, and appurtenances) containing 1.474 acres more or less, also for use in connection with health and social services programs. </p> <p>Neither the Tanana Tribal Council nor the Corporation shall be liable for soil, surface water, groundwater, or other contamination resulting from the disposal, release, or presence of environmental contamination, including oil or petroleum products, or hazardous substances on any of the properties.</p>]]></summary-text>
</summary>
</item>
<dublinCore xmlns:dc="http://purl.org/dc/elements/1.1/">
<dc:format>text/xml</dc:format>
<dc:language>EN</dc:language>
<dc:rights>Pursuant to Title 17 Section 105 of the United States Code, this file is not subject to copyright protection and is in the public domain.</dc:rights>
<dc:contributor>Congressional Research Service, Library of Congress</dc:contributor>
<dc:description>This file contains bill summaries for federal legislation. A bill summary describes the most significant provisions of a piece of legislation and details the effects the legislative text may have on current law and federal programs. Bill summaries are authored by the Congressional Research Service (CRS) of the Library of Congress. As stated in Public Law 91-510 (2 USC 166 (d)(6)), one of the duties of CRS is "to prepare summaries and digests of bills and resolutions of a public general nature introduced in the Senate or House of Representatives". For more information, refer to the User Guide that accompanies this file.</dc:description>
</dublinCore>
</BillSummaries>
