<?xml version="1.0" encoding="UTF-8"?><BillSummaries>
<item congress="115" measure-type="hr" measure-number="280" measure-id="id115hr280" originChamber="HOUSE" orig-publish-date="2017-01-04" update-date="2017-02-09">
<title>HIRED Act</title>
<summary summary-id="id115hr280v00" currentChamber="HOUSE" update-date="2017-02-09">
<action-date>2017-01-04</action-date>
<action-desc>Introduced in House</action-desc>
<summary-text><![CDATA[<p><b>Helping Individuals with Reemployment and Entrepreneurial Development Act or the HIRED Act</b></p> <p>This bill amends the Workforce Innovation and Opportunity Act to include assistance to dislocated workers through increased outreach about small business opportunities and consultation about starting a small business among the rapid response activities to assist such workers in obtaining reemployment which a state or a state-designated entity provides in the event of a permanent closure or mass layoff at a plant, facility, or enterprise or a natural or other disaster resulting in mass job dislocation.</p> <p>A state may in such an event allocate up to 10% of funds reserved by the state governor for statewide rapid response activities to provide outreach about small business opportunities and consultation about starting a small business.</p> <p>This bill amends the definition of &quot;rapid response activities&quot; under such Act to include among state activities to assist dislocated workers the provision of information on and access to training and activities related to entrepreneurship.</p>]]></summary-text>
</summary>
</item>
<dublinCore xmlns:dc="http://purl.org/dc/elements/1.1/">
<dc:format>text/xml</dc:format>
<dc:language>EN</dc:language>
<dc:rights>Pursuant to Title 17 Section 105 of the United States Code, this file is not subject to copyright protection and is in the public domain.</dc:rights>
<dc:contributor>Congressional Research Service, Library of Congress</dc:contributor>
<dc:description>This file contains bill summaries for federal legislation. A bill summary describes the most significant provisions of a piece of legislation and details the effects the legislative text may have on current law and federal programs. Bill summaries are authored by the Congressional Research Service (CRS) of the Library of Congress. As stated in Public Law 91-510 (2 USC 166 (d)(6)), one of the duties of CRS is "to prepare summaries and digests of bills and resolutions of a public general nature introduced in the Senate or House of Representatives". For more information, refer to the User Guide that accompanies this file.</dc:description>
</dublinCore>
</BillSummaries>
