<?xml version="1.0" encoding="UTF-8"?><BillSummaries>
<item congress="115" measure-type="hr" measure-number="604" measure-id="id115hr604" originChamber="HOUSE" orig-publish-date="2017-01-23" update-date="2017-02-01">
<title>State Refugee Security Act of 2017</title>
<summary summary-id="id115hr604v00" currentChamber="HOUSE" update-date="2017-02-01">
<action-date>2017-01-23</action-date>
<action-desc>Introduced in House</action-desc>
<summary-text><![CDATA[<p><strong>State Refugee Security Act of 2017</strong></p> <p>This bill directs the Office of Refugee Resettlement to notify the state agency responsible for coordinating the placement or resettlement of an alien refugee not later than 21 days before the alien's arrival in the state. </p> <p>No alien refugee shall be placed or resettled in a state if the governor certifies to the Office of Refugee Resettlement that it has failed, in the sole determination of the governor, to provide adequate assurance that such person does not present a security risk to the state.</p>]]></summary-text>
</summary>
</item>
<dublinCore xmlns:dc="http://purl.org/dc/elements/1.1/">
<dc:format>text/xml</dc:format>
<dc:language>EN</dc:language>
<dc:rights>Pursuant to Title 17 Section 105 of the United States Code, this file is not subject to copyright protection and is in the public domain.</dc:rights>
<dc:contributor>Congressional Research Service, Library of Congress</dc:contributor>
<dc:description>This file contains bill summaries for federal legislation. A bill summary describes the most significant provisions of a piece of legislation and details the effects the legislative text may have on current law and federal programs. Bill summaries are authored by the Congressional Research Service (CRS) of the Library of Congress. As stated in Public Law 91-510 (2 USC 166 (d)(6)), one of the duties of CRS is "to prepare summaries and digests of bills and resolutions of a public general nature introduced in the Senate or House of Representatives". For more information, refer to the User Guide that accompanies this file.</dc:description>
</dublinCore>
</BillSummaries>
