<?xml version="1.0" encoding="UTF-8"?><BillSummaries>
<item congress="115" measure-type="hr" measure-number="784" measure-id="id115hr784" originChamber="HOUSE" orig-publish-date="2017-02-01" update-date="2017-02-22">
<title>New Jersey Betting and Equal Treatment Act of 2017</title>
<summary summary-id="id115hr784v00" currentChamber="HOUSE" update-date="2017-02-22">
<action-date>2017-02-01</action-date>
<action-desc>Introduced in House</action-desc>
<summary-text><![CDATA[<p><b>New Jersey Betting and Equal Treatment Act of 2017</b></p> <p> This bill amends the federal judicial code to exempt a lottery, sweepstakes, or other betting, gambling, or waging scheme operating exclusively in New Jersey, to the extent such scheme is approved by that state's legislature by statute, from the prohibition against a governmental entity, or a person acting pursuant to the law or compact of<em><strong> </strong></em>a governmental entity, sponsoring, operating, advertising, or promoting sports gambling.</p>]]></summary-text>
</summary>
</item>
<dublinCore xmlns:dc="http://purl.org/dc/elements/1.1/">
<dc:format>text/xml</dc:format>
<dc:language>EN</dc:language>
<dc:rights>Pursuant to Title 17 Section 105 of the United States Code, this file is not subject to copyright protection and is in the public domain.</dc:rights>
<dc:contributor>Congressional Research Service, Library of Congress</dc:contributor>
<dc:description>This file contains bill summaries for federal legislation. A bill summary describes the most significant provisions of a piece of legislation and details the effects the legislative text may have on current law and federal programs. Bill summaries are authored by the Congressional Research Service (CRS) of the Library of Congress. As stated in Public Law 91-510 (2 USC 166 (d)(6)), one of the duties of CRS is "to prepare summaries and digests of bills and resolutions of a public general nature introduced in the Senate or House of Representatives". For more information, refer to the User Guide that accompanies this file.</dc:description>
</dublinCore>
</BillSummaries>
