<?xml version="1.0" encoding="UTF-8"?><BillSummaries>
<item congress="115" measure-type="hr" measure-number="935" measure-id="id115hr935" originChamber="HOUSE" orig-publish-date="2017-02-07" update-date="2017-03-06">
<title>Cyber Security Education and Federal Workforce Enhancement Act</title>
<summary summary-id="id115hr935v00" currentChamber="HOUSE" update-date="2017-03-06">
<action-date>2017-02-07</action-date>
<action-desc>Introduced in House</action-desc>
<summary-text><![CDATA[<p><b>Cyber Security Education and Federal Workforce Enhancement Act</b></p> <p>This bill amends the Homeland Security Act of 2002 to establish within the Department of Homeland Security (DHS) an Office of Cybersecurity Education and Awareness Branch to make recommendations to DHS regarding: (1) recruitment of information assurance, cybersecurity, and computer security professionals; (2) grants, training programs, and other support for kindergarten through grade 12, secondary, and post-secondary computer security education programs; (3) guest lecturer programs in which professional computer security experts lecture computer science students at institutions of higher education; (4) youth training programs for students to work in part-time or summer positions at federal agencies; and (5) programs to support underrepresented minorities in computer security fields with programs at minority-serving institutions, including Historically Black Colleges and Universities, Hispanic-serving institutions, Native American colleges, Asian-American institutions, and rural colleges and universities.</p> <p>DHS must provide matching funds to local educational agencies for after-school programs dedicated to science, technology, engineering, and math.</p> <p>The bill provides for the establishment of: </p> <ul> <li>a Research K-12 Science and Technology Education Board of Advisors to make recommendations regarding K-12 science and technology education domestically and internationally; </li> <li>a Computing and Information Security Post-Secondary Education Working Group to assist DHS in developing voluntary guidelines for federal civil agency training programs, certification authorities, and accreditation bodies; </li> <li>a Post-Secondary Laboratory Research Development Task Force to recommend best practices for baseline equipment, skilled instruction, and certification needed by college and university laboratory facilities; </li> <li>an Office of Computing and Information Security Professional's Mentoring Program for outreach to institutions of higher education, critical infrastructure owners, and federal agencies to promote professional mentors for students; </li> <li>a program under which DHS may designate colleges and universities as Centers of Academic Computer and Information Assurance Distinction; </li> <li>programs in conjunction with the National Science Foundation (NSF) to award grants to institutions of higher education for cybersecurity and information security professional development programs and degrees; and </li> <li>an E-Security Fellows Program for state, local, tribal, and private sector officials to participate in DHS's National Cybersecurity Division. </li></ul> <p>DHS may make grants to post-secondary institutions to equip computer laboratories for teaching and research purposes.</p> <p>The NSF must report to Congress regarding the causes of the high dropout rates of women and minority students enrolled in science, technology, engineering, and mathematics programs.</p>]]></summary-text>
</summary>
</item>
<dublinCore xmlns:dc="http://purl.org/dc/elements/1.1/">
<dc:format>text/xml</dc:format>
<dc:language>EN</dc:language>
<dc:rights>Pursuant to Title 17 Section 105 of the United States Code, this file is not subject to copyright protection and is in the public domain.</dc:rights>
<dc:contributor>Congressional Research Service, Library of Congress</dc:contributor>
<dc:description>This file contains bill summaries for federal legislation. A bill summary describes the most significant provisions of a piece of legislation and details the effects the legislative text may have on current law and federal programs. Bill summaries are authored by the Congressional Research Service (CRS) of the Library of Congress. As stated in Public Law 91-510 (2 USC 166 (d)(6)), one of the duties of CRS is "to prepare summaries and digests of bills and resolutions of a public general nature introduced in the Senate or House of Representatives". For more information, refer to the User Guide that accompanies this file.</dc:description>
</dublinCore>
</BillSummaries>
