<?xml version="1.0" encoding="UTF-8"?><BillSummaries>
<item congress="115" measure-type="hr" measure-number="675" measure-id="id115hr675" originChamber="HOUSE" orig-publish-date="2017-01-24" update-date="2017-02-01">
<title>Empowering Parents to Invest in Choice Act of 2017</title>
<summary summary-id="id115hr675v00" currentChamber="HOUSE" update-date="2017-02-01">
<action-date>2017-01-24</action-date>
<action-desc>Introduced in House</action-desc>
<summary-text><![CDATA[<p><strong>Empowering Parents to Invest in Choice Act of 201</strong><b>7</b></p> <p>This bill amends the Internal Revenue Code to allow the payment of qualified elementary and secondary education expenses from a tax-exempt qualified tuition program (known as a 529 plan). (Currently, such plans only pay qualified higher education expenses.) </p> <p>Included as qualified elementary and secondary education expenses are expenses for: (1) tuition, fees, academic tutoring, special needs services, books, and supplies; (2) room and board, uniforms, transportation, and supplementary items and services; and (3) and computer technology or equipment, including Internet access. </p> <p>The bill also increases from $2,000 to $12,000 the limit on the amount that may be contributed to a tax-exempt Coverdell education savings account. The new contribution limit is adjusted for inflation in each taxable year beginning after 2014.</p>]]></summary-text>
</summary>
</item>
<dublinCore xmlns:dc="http://purl.org/dc/elements/1.1/">
<dc:format>text/xml</dc:format>
<dc:language>EN</dc:language>
<dc:rights>Pursuant to Title 17 Section 105 of the United States Code, this file is not subject to copyright protection and is in the public domain.</dc:rights>
<dc:contributor>Congressional Research Service, Library of Congress</dc:contributor>
<dc:description>This file contains bill summaries for federal legislation. A bill summary describes the most significant provisions of a piece of legislation and details the effects the legislative text may have on current law and federal programs. Bill summaries are authored by the Congressional Research Service (CRS) of the Library of Congress. As stated in Public Law 91-510 (2 USC 166 (d)(6)), one of the duties of CRS is "to prepare summaries and digests of bills and resolutions of a public general nature introduced in the Senate or House of Representatives". For more information, refer to the User Guide that accompanies this file.</dc:description>
</dublinCore>
</BillSummaries>
