<?xml version="1.0" encoding="UTF-8"?><BillSummaries>
<item congress="115" measure-type="hr" measure-number="103" measure-id="id115hr103" originChamber="HOUSE" orig-publish-date="2017-01-03" update-date="2017-01-12">
<title>Chiropractic Care Available to All Veterans Act</title>
<summary summary-id="id115hr103v00" currentChamber="HOUSE" update-date="2017-01-12">
<action-date>2017-01-03</action-date>
<action-desc>Introduced in House</action-desc>
<summary-text><![CDATA[<p><strong>Chiropractic Care Available to All Veterans Act</strong></p> <p>This bill amends the Department of Veterans Affairs Health Care Programs Enhancement Act of 2001 to require a program under which the Secretary of Veterans Affairs provides chiropractic care and services to veterans through Department of Veterans Affairs (VA) medical centers and clinics to be carried out at: (1) no fewer than 75 medical centers by December 31, 2017, and (2) all medical centers by December 31, 2019.</p> <p>Chiropractic examinations and services are included within required VA medical, rehabilitative, and preventive health care services.</p>]]></summary-text>
</summary>
</item>
<dublinCore xmlns:dc="http://purl.org/dc/elements/1.1/">
<dc:format>text/xml</dc:format>
<dc:language>EN</dc:language>
<dc:rights>Pursuant to Title 17 Section 105 of the United States Code, this file is not subject to copyright protection and is in the public domain.</dc:rights>
<dc:contributor>Congressional Research Service, Library of Congress</dc:contributor>
<dc:description>This file contains bill summaries for federal legislation. A bill summary describes the most significant provisions of a piece of legislation and details the effects the legislative text may have on current law and federal programs. Bill summaries are authored by the Congressional Research Service (CRS) of the Library of Congress. As stated in Public Law 91-510 (2 USC 166 (d)(6)), one of the duties of CRS is "to prepare summaries and digests of bills and resolutions of a public general nature introduced in the Senate or House of Representatives". For more information, refer to the User Guide that accompanies this file.</dc:description>
</dublinCore>
</BillSummaries>
