<?xml version="1.0" encoding="UTF-8"?><BillSummaries>
<item congress="115" measure-type="hr" measure-number="1083" measure-id="id115hr1083" originChamber="HOUSE" orig-publish-date="2017-02-15" update-date="2017-02-24">
<title>American Savings Account Act of 2017</title>
<summary summary-id="id115hr1083v00" currentChamber="HOUSE" update-date="2017-02-24">
<action-date>2017-02-15</action-date>
<action-desc>Introduced in House</action-desc>
<summary-text><![CDATA[<p><strong>American Savings Account Act of 2017</strong></p> <p>This bill amends the Internal Revenue Code to establish a new retirement option for all employees and self-employed individuals to be known as the American Savings Account Fund. This fund operates in a manner similar to the Thrift Savings Fund, which is available to federal employees. </p> <p>The bill establishes an American Savings Account Board of Directors to establish policies for fund investment and management. The board shall select or establish a list of investment funds and options similar to those in the Thrift Savings Fund, among which participants may choose. </p> <p>The board shall establish an American Savings Account Fund Advisory Council to advise the board on matters relating to investment policies. </p> <p>The American Savings Account Fund is tax-exempt and contributions to, or distributions from, it are excludible from gross income. </p>]]></summary-text>
</summary>
</item>
<dublinCore xmlns:dc="http://purl.org/dc/elements/1.1/">
<dc:format>text/xml</dc:format>
<dc:language>EN</dc:language>
<dc:rights>Pursuant to Title 17 Section 105 of the United States Code, this file is not subject to copyright protection and is in the public domain.</dc:rights>
<dc:contributor>Congressional Research Service, Library of Congress</dc:contributor>
<dc:description>This file contains bill summaries for federal legislation. A bill summary describes the most significant provisions of a piece of legislation and details the effects the legislative text may have on current law and federal programs. Bill summaries are authored by the Congressional Research Service (CRS) of the Library of Congress. As stated in Public Law 91-510 (2 USC 166 (d)(6)), one of the duties of CRS is "to prepare summaries and digests of bills and resolutions of a public general nature introduced in the Senate or House of Representatives". For more information, refer to the User Guide that accompanies this file.</dc:description>
</dublinCore>
</BillSummaries>
