<?xml version="1.0" encoding="UTF-8"?><BillSummaries>
<item congress="115" measure-type="hr" measure-number="336" measure-id="id115hr336" originChamber="HOUSE" orig-publish-date="2017-01-05" update-date="2017-02-04">
<title>Transit Benefits Modernization Act</title>
<summary summary-id="id115hr336v00" currentChamber="HOUSE" update-date="2017-02-04">
<action-date>2017-01-05</action-date>
<action-desc>Introduced in House</action-desc>
<summary-text><![CDATA[<p><b>Transit Benefits Modernization Act </b></p> <p>This bill amends the Internal Revenue Code to treat the use of a transportation network company by federal employees during the period beginning on the date of enactment of this bill and ending on December 31, 2018, as a qualified transportation fringe benefit that is excluded from an employee's gross income. </p> <p>A &quot;transportation network company&quot; is a corporation, partnership, sole proprietorship, or other entity that uses a digital network to connect riders to drivers affiliated with the entity in order for a driver to provide transportation services to a rider. </p> <p>During the period beginning on the date of enactment of this bill and ending on December 31, 2018, any agency that provides transit benefits to employees must provide benefits for using digital transportation companies within the Washington Metropolitan Area in the same manner as benefits are provided for using public transportation services in the area. </p> <p>A &quot;digital transportation company&quot; is any transportation network company or car-sharing service (a membership or non-membership based service primarily designed for shorter time or shorter distance trips where individuals are charged per mile or per hour, or both, for vehicle usage).</p> <p>To elect to receive benefits under this section, an employee must agree in writing not to accept any other transit or parking benefit offered by any agency with a transit benefit program while receiving the benefits under this section.</p> <p>The amount of transit benefits provided to an employee under this section may not exceed the monthly average transit benefit received by the employee during the six-month period immediately preceding the month during which an election is made.</p>]]></summary-text>
</summary>
</item>
<dublinCore xmlns:dc="http://purl.org/dc/elements/1.1/">
<dc:format>text/xml</dc:format>
<dc:language>EN</dc:language>
<dc:rights>Pursuant to Title 17 Section 105 of the United States Code, this file is not subject to copyright protection and is in the public domain.</dc:rights>
<dc:contributor>Congressional Research Service, Library of Congress</dc:contributor>
<dc:description>This file contains bill summaries for federal legislation. A bill summary describes the most significant provisions of a piece of legislation and details the effects the legislative text may have on current law and federal programs. Bill summaries are authored by the Congressional Research Service (CRS) of the Library of Congress. As stated in Public Law 91-510 (2 USC 166 (d)(6)), one of the duties of CRS is "to prepare summaries and digests of bills and resolutions of a public general nature introduced in the Senate or House of Representatives". For more information, refer to the User Guide that accompanies this file.</dc:description>
</dublinCore>
</BillSummaries>
