<?xml version="1.0" encoding="UTF-8"?><BillSummaries>
<item congress="115" measure-type="hr" measure-number="501" measure-id="id115hr501" originChamber="HOUSE" orig-publish-date="2017-01-12" update-date="2017-02-08">
<title>VA Transparency Enhancement Act of 2017</title>
<summary summary-id="id115hr501v00" currentChamber="HOUSE" update-date="2017-02-08">
<action-date>2017-01-12</action-date>
<action-desc>Introduced in House</action-desc>
<summary-text><![CDATA[<p><strong>VA Transparency Enhancement Act of 2017</strong></p> <p>This bill requires the director of each Department of Veterans Affairs (VA) medical facility to report quarterly to the VA on: </p> <ul> <li> the number of patients who contracted an infection as result of surgery at such medical facility, including a brief summary of each case; and </li> <li> the number of, and reasons for, scheduled surgeries that were cancelled or transferred to another facility and the subsequent number of days that each patient had to wait for surgery. </li> </ul> <p>The VA shall submit such reports and a summary of such reports to Congress and publish them on its website.</p>]]></summary-text>
</summary>
</item>
<dublinCore xmlns:dc="http://purl.org/dc/elements/1.1/">
<dc:format>text/xml</dc:format>
<dc:language>EN</dc:language>
<dc:rights>Pursuant to Title 17 Section 105 of the United States Code, this file is not subject to copyright protection and is in the public domain.</dc:rights>
<dc:contributor>Congressional Research Service, Library of Congress</dc:contributor>
<dc:description>This file contains bill summaries for federal legislation. A bill summary describes the most significant provisions of a piece of legislation and details the effects the legislative text may have on current law and federal programs. Bill summaries are authored by the Congressional Research Service (CRS) of the Library of Congress. As stated in Public Law 91-510 (2 USC 166 (d)(6)), one of the duties of CRS is "to prepare summaries and digests of bills and resolutions of a public general nature introduced in the Senate or House of Representatives". For more information, refer to the User Guide that accompanies this file.</dc:description>
</dublinCore>
</BillSummaries>
