<?xml version="1.0" encoding="UTF-8"?><BillSummaries>
<item congress="115" measure-type="hr" measure-number="881" measure-id="id115hr881" originChamber="HOUSE" orig-publish-date="2017-02-06" update-date="2017-03-02">
<title>AMP Act</title>
<summary summary-id="id115hr881v00" currentChamber="HOUSE" update-date="2017-03-02">
<action-date>2017-02-06</action-date>
<action-desc>Introduced in House</action-desc>
<summary-text><![CDATA[<p><b>Allocation for Music Producers Act or the AMP Act</b></p> <p>This bill amends federal copyright law to require a collective designated by the Copyright Royalty Judges to implement a policy providing for the acceptance of instructions (referred to as a "letter of direction") from a person who owns the exclusive right to publicly perform a sound recording by means of a digital audio transmission, or from a recording artist of a such a sound recording, to distribute a portion of royalty payments to a producer, mixer, or sound engineer who was part of the creative process behind the sound recording.</p> <p>The collective must adopt special procedures for a producer, mixer, or sound engineer to receive a portion of royalties for recordings fixed before November 1, 1995, by certifying that a reasonable effort has been made to obtain a letter of direction from an artist who owns the right to receipts payable with respect to the sound recording.</p>]]></summary-text>
</summary>
</item>
<dublinCore xmlns:dc="http://purl.org/dc/elements/1.1/">
<dc:format>text/xml</dc:format>
<dc:language>EN</dc:language>
<dc:rights>Pursuant to Title 17 Section 105 of the United States Code, this file is not subject to copyright protection and is in the public domain.</dc:rights>
<dc:contributor>Congressional Research Service, Library of Congress</dc:contributor>
<dc:description>This file contains bill summaries for federal legislation. A bill summary describes the most significant provisions of a piece of legislation and details the effects the legislative text may have on current law and federal programs. Bill summaries are authored by the Congressional Research Service (CRS) of the Library of Congress. As stated in Public Law 91-510 (2 USC 166 (d)(6)), one of the duties of CRS is "to prepare summaries and digests of bills and resolutions of a public general nature introduced in the Senate or House of Representatives". For more information, refer to the User Guide that accompanies this file.</dc:description>
</dublinCore>
</BillSummaries>
