<?xml version="1.0" encoding="UTF-8"?><BillSummaries>
<item congress="115" measure-type="hr" measure-number="1069" measure-id="id115hr1069" originChamber="HOUSE" orig-publish-date="2017-02-15" update-date="2017-03-07">
<title>Timely Mental Health for Foster Youth Act</title>
<summary summary-id="id115hr1069v00" currentChamber="HOUSE" update-date="2017-03-07">
<action-date>2017-02-15</action-date>
<action-desc>Introduced in House</action-desc>
<summary-text><![CDATA[<p><b>Timely Mental Health for Foster Youth Act</b></p> <p>This bill amends part B (Child and Family Services) of title IV of the Social Security Act with respect to state plans for the ongoing oversight and coordination of health care services for children in a foster care placement.</p> <p>An initial mental health screening of any child in foster care must be completed within 30 days after the child enters into foster care. In the case of any child for whom a mental health issue is identified in such initial screening, a comprehensive assessment of the child's mental health must be completed within 60 days after the child's entry into foster care.</p>]]></summary-text>
</summary>
</item>
<dublinCore xmlns:dc="http://purl.org/dc/elements/1.1/">
<dc:format>text/xml</dc:format>
<dc:language>EN</dc:language>
<dc:rights>Pursuant to Title 17 Section 105 of the United States Code, this file is not subject to copyright protection and is in the public domain.</dc:rights>
<dc:contributor>Congressional Research Service, Library of Congress</dc:contributor>
<dc:description>This file contains bill summaries for federal legislation. A bill summary describes the most significant provisions of a piece of legislation and details the effects the legislative text may have on current law and federal programs. Bill summaries are authored by the Congressional Research Service (CRS) of the Library of Congress. As stated in Public Law 91-510 (2 USC 166 (d)(6)), one of the duties of CRS is "to prepare summaries and digests of bills and resolutions of a public general nature introduced in the Senate or House of Representatives". For more information, refer to the User Guide that accompanies this file.</dc:description>
</dublinCore>
</BillSummaries>
