<?xml version="1.0" encoding="UTF-8"?><BillSummaries>
<item congress="115" measure-type="hr" measure-number="312" measure-id="id115hr312" originChamber="HOUSE" orig-publish-date="2017-01-05" update-date="2017-03-06">
<title>Tsunami Warning, Education, and Research Act of 2017</title>
<summary summary-id="id115hr312v00" currentChamber="HOUSE" update-date="2017-03-06">
<action-date>2017-01-05</action-date>
<action-desc>Introduced in House</action-desc>
<summary-text><![CDATA[<p><b>Tsunami Warning, Education, and Research Act of 2017</b> </p> <p> This bill revises and reauthorizes through FY2021 the Tsunami Warning and Education Act.</p> <p>The tsunami warning systems for the Pacific and Arctic Oceans and for the Atlantic Ocean are consolidated into a single warning system. The system must support international tsunami forecasting and warning efforts. <p>The National Oceanic and Atmospheric Administration (NOAA) must support or maintain tsunami warning centers to support the national warning system and develop uniform operational procedures for the centers. Warning centers are given additional responsibilities, including maintaining a fail-safe warning capability and an ability to perform back-up duties for each other.</p> <p>The tsunami hazard mitigation program must provide for: (1) technical and financial assistance; (2) activities to support the development of regional hazard and risk assessments; (3) activities to promote preparedness in at-risk ports and harbors; and (4) dissemination of guidelines and standards for community planning, education, and training products, programs, and tools.</p> <p>The tsunami research program must develop the technical basis for validation of tsunami maps, models, and forecasts. </p> <p>NOAA no longer has to operate an International Tsunami Information Center to improve tsunami preparedness for Pacific Ocean nations. </p> <p>NOAA must: (1) designate an existing working group to serve as the Tsunami Science and Technology Advisory Panel to provide advice on matters regarding tsunami science, technology, and regional preparedness; (2) maintain a coordinating committee to assist in the national tsunami hazard mitigation program; and (3) develop formal outreach activities to improve tsunami education and awareness and foster the development of resilient communities.</p>]]></summary-text>
</summary>
</item>
<dublinCore xmlns:dc="http://purl.org/dc/elements/1.1/">
<dc:format>text/xml</dc:format>
<dc:language>EN</dc:language>
<dc:rights>Pursuant to Title 17 Section 105 of the United States Code, this file is not subject to copyright protection and is in the public domain.</dc:rights>
<dc:contributor>Congressional Research Service, Library of Congress</dc:contributor>
<dc:description>This file contains bill summaries for federal legislation. A bill summary describes the most significant provisions of a piece of legislation and details the effects the legislative text may have on current law and federal programs. Bill summaries are authored by the Congressional Research Service (CRS) of the Library of Congress. As stated in Public Law 91-510 (2 USC 166 (d)(6)), one of the duties of CRS is "to prepare summaries and digests of bills and resolutions of a public general nature introduced in the Senate or House of Representatives". For more information, refer to the User Guide that accompanies this file.</dc:description>
</dublinCore>
</BillSummaries>
