<?xml version="1.0" encoding="UTF-8"?><BillSummaries>
<item congress="115" measure-type="hr" measure-number="1301" measure-id="id115hr1301" originChamber="HOUSE" orig-publish-date="2017-03-02" update-date="2018-02-26">
<title>Continuing Appropriations Amendments Act, 2018</title>
<summary summary-id="id115hr1301v35" currentChamber="SENATE" update-date="2018-02-26">
<action-date>2018-02-09</action-date>
<action-desc>Passed Senate amended</action-desc>
<summary-text><![CDATA[<p><b>Continuing Appropriations Amendments Act, 2018 </b></p> <p>(Sec. 101) This bill amends the Continuing Appropriations Act, 2018 to: (1) compensate employees furloughed as a result of any lapse in appropriations which began on or about February 9, 2018; and (2) ratify and approve certain obligations incurred in anticipation of the appropriations and authority provided by the Continuing Appropriations Act, 2018.</p> <p>(Sec. 102) The bill also specifies that the time covered by the Continuing Appropriations Act, 2018 includes the period that began on or about February 9, 2018, during which there was a lapse in appropriations. </p>]]></summary-text>
</summary>
<summary summary-id="id115hr1301v49" currentChamber="BOTH" update-date="2018-02-20">
<action-date>2018-02-09</action-date>
<action-desc>Public Law</action-desc>
<summary-text><![CDATA[<p>(This measure has not been amended since it was passed by the Senate on February 9, 2018. The summary of that version is repeated here.)</p> <p><b>Continuing Appropriations Amendments Act, 2018 </b></p> <p>(Sec. 101) This bill amends the Continuing Appropriations Act, 2018 to: (1) compensate employees furloughed as a result of any lapse in appropriations which began on or about February 9, 2018; and (2) ratify and approve certain obligations incurred in anticipation of the appropriations and authority provided by the Continuing Appropriations Act, 2018.</p> <p>(Sec. 102) The bill also specifies that the time covered by the Continuing Appropriations Act, 2018 includes the period that began on or about February 9, 2018, during which there was a lapse in appropriations. </p>]]></summary-text>
</summary>
<summary summary-id="id115hr1301v70" currentChamber="HOUSE" update-date="2018-02-20">
<action-date>2018-02-09</action-date>
<action-desc>House agreed to Senate amendment without amendment</action-desc>
<summary-text><![CDATA[<p>(This measure has not been amended since it was passed by the Senate on February 9, 2018. The summary of that version is repeated here.)</p> <p><b>Continuing Appropriations Amendments Act, 2018 </b></p> <p>(Sec. 101) This bill amends the Continuing Appropriations Act, 2018 to: (1) compensate employees furloughed as a result of any lapse in appropriations which began on or about February 9, 2018; and (2) ratify and approve certain obligations incurred in anticipation of the appropriations and authority provided by the Continuing Appropriations Act, 2018.</p> <p>(Sec. 102) The bill also specifies that the time covered by the Continuing Appropriations Act, 2018 includes the period that began on or about February 9, 2018, during which there was a lapse in appropriations. </p>]]></summary-text>
</summary>
<summary summary-id="id115hr1301v81" currentChamber="HOUSE" update-date="2017-03-14">
<action-date>2017-03-08</action-date>
<action-desc>Passed House without amendment</action-desc>
<summary-text><![CDATA[<p>(This measure has not been amended since it was introduced. The summary has been expanded because action occurred on the measure.)</p> <p><b>Highlights: </b></p> <p>This bill provides FY2017 appropriations to the Department of Defense (DOD) for military activities, including appropriations for Overseas Contingency Operations (OCO)/ Global War on Terrorism. </p> <p>The bill does not include funding for military construction, military family housing, civil works projects of the Army Corps of Engineers, and nuclear warheads, which are all considered in other appropriations bills. </p> <p>The bill increases total funding for DOD compared to FY2016 levels and provides additional OCO funding for many accounts. OCO funding is not subject to discretionary spending limits and other budget enforcement procedures. </p> <p>The bill also contains provisions that prohibit or restrict funds from being used to close the Guantanamo Bay, Cuba detention facility; transfer the detainees to other countries; or construct or modify facilities for the purpose of housing the detainees. </p> <p><b>Full Summary: </b></p> <p><b>Department of Defense Appropriations Act, 2017 </b></p> <p>TITLE I--MILITARY PERSONNEL </p> <p>Provides appropriations for active-duty and reserve personnel in the Army, Navy, Marine Corps, and Air Force (the military departments), and for National Guard personnel in the Army and Air Force. </p> <p>TITLE II--OPERATION AND MAINTENANCE </p> <p>Provides appropriations for Operation and Maintenance (O&amp;M) for the military departments, other agencies of DOD, the Reserve Components, and the Army and Air National Guard. </p> <p>Provides appropriations for: </p> <ul> <li> the U.S. Court of Appeals for the Armed Forces; </li> <li> Environmental Restoration for the military departments, DOD, and at Formerly Used Defense Sites; </li> <li> Overseas Humanitarian, Disaster, and Civic Aid; and </li> <li> the Cooperative Threat Reduction Account. </li> </ul> <p>TITLE III--PROCUREMENT </p> <p>Provides appropriations for Procurement by the military departments, including: </p> <ul> <li>Aircraft; </li> <li> Missiles; </li> <li> Weapons and Tracked Combat Vehicles; </li> <li> Ammunition; </li> <li> Spacecraft, Rockets, and Related Equipment; and </li> <li> Shipbuilding and Conversion by the Navy. </li> </ul> <p>Provides appropriations for Defense-Wide Procurement and Defense Production Act Purchases. </p> <p>TITLE IV--RESEARCH, DEVELOPMENT, TEST AND EVALUATION </p> <p>Provides appropriations for Research, Development, Test, and Evaluation (RDT&amp;E) by the military departments and defense agencies. </p> <p>Provides appropriations for Operational Test and Evaluation. </p> <p>TITLE V--REVOLVING AND MANAGEMENT FUNDS </p> <p>Provides appropriations for the Defense Working Capital Funds. </p> <p>TITLE VI--OTHER DEPARTMENT OF DEFENSE PROGRAMS </p> <p>Provides appropriations for other DOD programs, including: </p> <ul> <li> the Defense Health Program, </li> <li>Chemical Agents and Munitions Destruction, </li> <li> Drug Interdiction and Counter-Drug Activities, and </li> <li> the Office of the Inspector General. </li> </ul> <p>TITLE VII--RELATED AGENCIES </p> <p>Provides appropriations for the Central Intelligence Agency Retirement and Disability System Fund and the Intelligence Community Management Account. </p> <p>TITLE VIII--GENERAL PROVISIONS </p> <p>Sets forth permissible and prohibited uses of funds appropriated by this and other appropriations bills. </p> <p>(Sec. 8001) Prohibits appropriations provided by this this bill from being used for publicity or propaganda purposes not authorized by Congress. </p> <p>(Sec. 8002) Exempts DOD from laws prohibiting the compensation or employment of foreign nationals if specified conditions are met. </p> <p>(Sec. 8003) Prohibits funding provided by this bill from remaining available for obligation beyond the current fiscal year unless this bill expressly provides otherwise. </p> <p>(Sec. 8004) Prohibits more than 20% of the appropriations provided by this bill for the current fiscal year from being obligated during the last two months of the fiscal year, with an exception for support of active duty training of reserve components or summer camp training of the Reserve Officers' Training Corps. </p> <p>(Sec. 8005) Permits specified Working Capital Funds provided by this bill for military functions (except military construction) to be transferred between appropriations or funds available for the same purposes, subject to specified restrictions and the approval of the Office of Management and Budget (OMB). Requires DOD to notify Congress of all transfers made pursuant to this section. </p> <p>(Sec. 8006) Requires tables included in the report accompanying this bill to be treated as if they were included in the text of this bill. </p> <p>(Sec. 8007) Requires DOD to submit a report to Congress to establish the baseline for application of reprogramming and transfer authorities for FY2017. Prohibits funds provided by this bill from being reprogrammed or transferred until the report is provided or DOD certifies to Congress that the reprogramming or transfer is necessary as an emergency requirement. Includes exceptions for: (1) the Environmental Restoration accounts, and (2) Drug Interdiction and Counter-drug activities. </p> <p>(Sec. 8008) Prohibits cash balances in DOD Working Capital Funds from exceeding the level necessary for cash disbursements to be made from the funds. Sets forth requirements and limitations for transfers of balances in the funds to specified accounts. </p> <p>(Sec. 8009) Prohibits the initiation of a special access program without notifying Congress in advance. </p> <p>(Sec. 8010) Establishes limitations and conditions on the use of funds provided by this bill to initiate or terminate certain multi-year contracts. </p> <p>Permits funds provided by title III of this bill to be used for a multiyear procurement contract for the AH-64E Apache Helicopter and the UH-60M Blackhawk Helicopter. </p> <p>(Sec. 8011) Appropriates O&amp;M funds for the costs of humanitarian and civic assistance provided in conjunction with military operations. </p> <p>(Sec. 8012) Prohibits DOD from managing civilian personnel on the basis of any end-strength or subjecting civilian personnel to any end strength limitations. </p> <p>(Sec. 8013) Prohibits funds provided by this bill from being used to support the procurement of malt beverages and wine with nonappropriated funds for resale on a military installation located in the United States unless the beverages are procured within the state in which the installation is located and specified conditions are met. </p> <p>(Sec. 8014) Prohibits funds made available by this bill from being used to directly or indirectly influence congressional action on legislation or appropriation matters pending before Congress. </p> <p>(Sec. 8015) Prohibits compensation from being paid to any member of the Army participating as a full-time student and receiving benefits paid by the Department of Veterans Affairs from the DOD Education Benefits Fund if the time spent as a student is counted toward the member's service commitment. Applies the restriction only to active components of the Army and exempts members that have reenlisted with this option prior to October 1, 1987. </p> <p>(Sec. 8016) Permits funds appropriated in title III of this bill for the Department of Defense Pilot Mentor-Protege Program to be transferred to any other account to implement a developmental assistance agreement under the program. </p> <p>(Sec. 8017) Prohibits DOD from purchasing certain anchor and mooring chains unless they are manufactured in the United States. </p> <p>(Sec. 8018) Requires specified appropriations for the Working Capital Fund--Army account to be used to maintain competitive rates at the arsenals. </p> <p>(Sec. 8019) Prohibits funds from being used to demilitarize or dispose of certain small firearms, small arms ammunition, or ammunition components that are not otherwise prohibited from commercial sale under federal law, unless the Army has certified that the small arms, ammunition, or components are unserviceable or unsafe for further use. </p> <p>(Sec. 8020) Limits funding for the relocation of any DOD entity into or within the National Capital Region. Permits DOD to waive the limitation by certifying to Congress that a relocation is required in the best interest of the government. </p> <p>(Sec. 8021) Provides specified funds for incentive payments for federal contracts involving contractors, subcontractors, or suppliers that are Indian organizations or Indian-owned economic enterprises. </p> <p>(Sec. 8022) Prohibits funds for the Defense Media Activity from being used for national or international political or psychological activities. </p> <p>(Sec. 8023) Permits DOD to incur obligations of up to $350 million for DOD military compensation, construction projects, and supplies and services in anticipation of contributions from the government of Kuwait. </p> <p>(Sec. 8024) Provides appropriations from specified accounts for the Civil Air Patrol Corporation to support operation and maintenance, procurement, readiness, counterdrug activities, and drug demand reduction activities involving youth programs. </p> <p>(Sec. 8025) Prohibits funds provided by this bill from being used to establish a new DOD federally-funded research and development center (FFRDC). Limits compensation for FFRDC members or consultants. </p> <p>Prohibits a defense FFRDC from using FY2017 DOD funds for new building construction, cost-sharing payments for projects funded by government grants, absorption of contract overruns, or certain charitable contributions. </p> <p>Limits the staff years that may be funded for FFRDCs from FY2017 funds, and requires DOD to submit a report on the allocation of staff years with the FY2018 budget request. </p> <p>Reduces the total amount appropriated by this bill for FFRDCs. </p> <p>(Sec. 8026) Prohibits DOD from procuring carbon, alloy, or armor steel plating not melted and rolled in the United States or Canada. Permits DOD to waive the prohibition if adequate domestic supplies are not available and an acquisition is necessary for national security purposes. </p> <p>(Sec. 8027) Specifies that &quot;congressional defense committees&quot; includes the Senate and House Armed Services Committees and Appropriations Subcommittees on Defense. </p> <p>(Sec. 8028) Permits DOD to acquire the modification, depot maintenance, and repair of aircraft, vehicles, and vessels; and production of components through competition between DOD activities and private firms. </p> <p>(Sec. 8029) Revokes blanket waivers of the Buy American Act if DOD determines that a country has violated the terms of a specified agreement by discriminating against products produced in the United States. </p> <p>(Sec. 8030) Permits funds in the Department of Defense Overseas Military Facility Investment Recovery Account to remain available until expended. </p> <p>(Sec. 8031) Permits the Air Force to convey to Indian tribes located in Nevada, Idaho, North Dakota, South Dakota, Montana, Oregon, Minnesota, and Washington relocatable military housing units currently located at Grand Forks, Malmstrom, Mountain Home, Ellsworth, and Minot Air Force Bases that are excess to the needs of the Air Force. Requires the Operation Walking Shield Program to resolve any housing unit conflicts arising among requests of Indian tribes for these conveyances. </p> <p>(Sec. 8032) Permits O&amp;M appropriations to be used to purchase items with an investment unit cost of not more than $250,000. </p> <p>(Sec. 8033) Prohibits the use of funds provided by this bill to disestablish, close, downgrade from host to extension center, or place on probation a Senior Reserve Officers' Training Corps program. </p> <p>(Sec. 8034) Requires DOD to issue regulations to: (1) prohibit the sale of tobacco or tobacco-related products in military resale outlets in the United States, its territories, and possessions at a price below the most competitive price in the local community; and (2) require the prices in overseas military retail outlets to be within the range of prices established for military retail systems stores in the United States. </p> <p>(Sec. 8035) Prohibits the use of DOD Working Capital Funds to purchase specified investment items. </p> <p>(Sec. 8036) Prohibits funds provided for the Central Intelligence Agency (CIA) from remaining available for obligation beyond the current fiscal year, except for funds provided for the Reserve for Contingencies, the Working Capital Fund, or other specified programs. </p> <p>(Sec. 8037) Permits funds made available by this bill to the Defense Intelligence Agency to be used for the design, development, and deployment of General Defense Intelligence Program intelligence communication and intelligence information systems. </p> <p>(Sec. 8038) Requires specified Operation and Maintenance--Defense-Wide funds to be used for the mitigation of environmental impacts on Indian lands resulting from DOD activities. </p> <p>(Sec. 8039) Requires DOD to comply with the Buy American Act. </p> <p>(Sec. 8040) Prohibits funds from being used to consolidate or relocate any element of a U.S. Air Force Rapid Engineer Deployable Heavy Operational Repair Squadron Engineer (RED HORSE) squadron outside of the United States until the Air Force: (1) submits to Congress an analysis and comparison of the cost and investment required to consolidate or relocate a RED HORSE squadron outside of the United States versus within the United States, and (2) certifies to Congress that the preferred site yields the greatest savings. </p> <p>(Sec. 8041) Prohibits funds provided by this bill from being used to: (1) establish a field operating agency, or (2) pay a member of the Armed Forces or civilian employee transferred or reassigned from a headquarters activity if the employee's place of duty remains at headquarters. Specifies exceptions and permits waivers that will reduce personnel or financial requirements of the department. </p> <p>(Sec. 8042) Prohibits funds provided by this bill from being used to convert a function performed by DOD civilian employees to performance by a contractor unless specific requirements are met. </p> <p>(Sec. 8043) Rescinds specified funds provided by prior appropriations bills for Procurement and RDT&amp;E. </p> <p>(Sec. 8044) Prohibits funds provided by this bill from being used to reduce authorized positions for military technicians (dual status) of the Army National Guard, Air National Guard, Army Reserve, and Air Force Reserve unless the reductions are a direct result of a reduction in military force structure. </p> <p>(Sec. 8045) Prohibits funds provided by this bill from being used for assistance to North Korea unless the funds are specifically appropriated for that purpose. </p> <p>(Sec. 8046) Permits O&amp;M funds provided by this bill to be used to reimburse the National Guard and Reserve for providing intelligence or counterintelligence support to the combatant commands, defense agencies, and joint intelligence activities. </p> <p>(Sec. 8047) Prohibits the transfer of DOD or CIA drug interdiction or counter-drug activity funds to any other department or agency except as specifically provided in an appropriations law. </p> <p>(Sec. 8048) Requires ball and roller bearings purchased using funds provided by this bill to be produced by a domestic source. Permits DOD to waive the prohibition if adequate domestic supplies are not available and an acquisition is necessary for national security. </p> <p>(Sec. 8049) Prohibits funds provided by this bill from being used to retire, divest, realign, or transfer RQ-4B Global Hawk aircraft, or to disestablish or convert units associated with the aircraft. </p> <p>(Sec. 8050) Prohibits funds provided by this bill from being used for Evolved Expendable Launch Vehicle (EELV) launch service competitions unless the competitions are open to all certified providers of EELV systems. Requires the award to be made to the provider that offers the best value to the government. </p> <p>(Sec. 8051) Appropriates funds to DOD for grants to the United Service Organizations and the Red Cross. </p> <p>(Sec. 8052) Prohibits funds provided by this bill from being used to purchase any supercomputer not manufactured in the United States unless it is unavailable from U.S. manufacturers and is necessary for national security. </p> <p>(Sec. 8053) Requires the Small Business Innovation Research program and the Small Business Technology Transfer program set-asides to be taken proportionately from all programs, projects, or activities that contribute to the extramural budget. </p> <p>(Sec. 8054) Prohibits funds in this bill from being used for contractor bonuses being paid due to a business restructuring. </p> <p>(Sec. 8055) Permits the transfer of specified O&amp;M funds to pay military personnel for support and services for eligible organizations and activities outside DOD. </p> <p>(Sec. 8056) Permits DOD to dispose of negative unliquidated or unexpended balances for expired or closed accounts by charging an obligation to a current account for the same purpose as the expired or closed account. </p> <p>(Sec. 8057) Permits the National Guard to allow the use of equipment of the National Guard Distance Learning Project by any person or entity on a space-available, reimbursable basis. </p> <p>(Sec. 8058) Prohibits DOD funds from being used to modify command and control relationships to give Fleet Forces Command operational and administrative control of U.S. Navy forces assigned to the Pacific fleet. Provides that command and control relationships that existed on October 1, 2004, shall remain in effect until a written modification has been proposed to congressional appropriations committees. </p> <p>Specifies that the proposed modification: (1) may be implemented 30 days after the committees are notified unless an objection is received from the committees, and (2) may not preclude the ability of the commander of the U.S. Pacific Command to meet operational requirements. </p> <p>(Sec. 8059) Requires specified O&amp;M funds to be used for continued implementation and expansion of the Sexual Assault Special Victims Counsel Program. </p> <p>(Sec. 8060) Prohibits the use of funds provided in title IV to procure end-items for delivery to military forces for operational training, operational use, or inventory requirements. Includes exceptions and permits a waiver for national security purposes. </p> <p>(Sec. 8061) Permits DOD to waive limitations on the procurement of defense items from a foreign country if: (1) the limitations would invalidate cooperative programs or reciprocal trade agreements, and (2) the country does not discriminate against the same or similar items procured in the United States. Provides exceptions. </p> <p>(Sec. 8062) Prohibits funds provided by this or other DOD appropriations bills from being used for repairs or maintenance for military family housing units. </p> <p>(Sec. 8063) Permits the transfer of specified Navy O&amp;M funds to the John C. Stennis Center for Public Service Training and Development Trust Fund. </p> <p>(Sec. 8064) Requires DOD to submit a report to Congress before obligating specified RDT&amp;E funds appropriated by this bill for any new start advanced concept technology demonstration project or joint capability demonstration project. Permits DOD to waive the restriction by certifying to Congress that it is in the national interest. </p> <p>(Sec. 8065) Requires DOD to continue to provide a classified quarterly report to Congress on matters specified in the classified annex accompanying this bill. </p> <p>(Sec. 8066) Permits a Reserve who is a member of the National Guard serving on full-time duty to support ground-based elements of the National Ballistic Missile Defense System. </p> <p>(Sec. 8067) Prohibits funds provided by this bill from being used to transfer specified armor-piercing ammunition to any nongovernmental entity, except for demilitarization purposes. </p> <p>(Sec. 8068) Permits the Chief of the National Guard Bureau to waive payment for the lease of personal property to certain youth, social, charitable, or fraternal nonprofit organizations. </p> <p>(Sec. 8069) Permits specified O&amp;M--Army funds to remain available until expended. Permits DOD to: (1) transfer the funds to other activities of the federal government; and (2) contract for the acquisition of real property, construction, personal services, and operations related to projects carrying out the purpose of this section. </p> <p>(Sec. 8070) Prohibits funds from being used to make specified modifications to the budget and appropriations process for the National Intelligence Program. </p> <p>(Sec. 8071) Provides appropriations to remain available until expended for grants for the construction and furnishing of additional Fisher Houses to meet the needs of military family members confronted with the illness or hospitalization of an eligible military beneficiary. </p> <p>(Sec. 8072) Provides specified Procurement and RDT&amp;E funds for the Israeli Cooperative Programs for the Iron Dome defense system to counter short-range rocket threats, the Short Range Ballistic Missile Defense program, and related programs. </p> <p>(Sec. 8073) Permits specified Shipbuilding and Conversion--Navy funds to remain available through FY2017 to fund prior year shipbuilding cost increases. Requires the funds to be transferred to specified accounts. </p> <p>(Sec. 8074) Deems funds provided by this bill for intelligence activities to be authorized by Congress during FY2017 until the enactment of the Intelligence Authorization Act for FY2017. </p> <p>(Sec. 8075) Prohibits fund appropriated by this bill from being used for a reprogramming of funds that creates or initiates a new program, project, or activity unless it must be undertaken immediately for national security and Congress is notified in advance. </p> <p>(Sec. 8076) Requires the President's budget to include separate budget justification documents for costs of the Armed Forces' participation in contingency operations for the Military Personnel, O&amp;M, Procurement, and RDT&amp;E accounts. </p> <p>(Sec. 8077) Prohibits funds provided by this bill from being used for research, development, test, evaluation, procurement, or deployment of nuclear armed interceptors of a missile defense system. </p> <p>(Sec. 8078) Reduces the total amount appropriated in this bill to reflect savings due to favorable foreign exchange rates. </p> <p>(Sec. 8079) Prohibits funds provided by this bill from being used to reduce or disestablish the operation of the 53rd Weather Reconnaissance Squadron of the Air Force Reserve if the action would reduce the WC-130 Weather Reconnaissance mission below the levels funded in this bill. Permits the Squadron to perform other missions in support of national defense requirements during the non-hurricane season. </p> <p>(Sec. 8080) Prohibits funds provided by this bill from being used for integrating foreign intelligence information unless the information has been lawfully collected and processed during authorized foreign intelligence activities. Requires information pertaining to U.S. persons to be handled in accordance with the Fourth Amendment of the U.S. Constitution as implemented through Executive Order No. 12333 (United States Intelligence Activities). </p> <p>(Sec. 8081) Prohibits funds provided by this bill from being used to transfer research and development, acquisition, or other program authority related to current tactical unmanned aerial vehicles from the Army. Requires the Army to retain responsibility for and operational control of the MQ-1C Gray Eagle Unmanned Aerial Vehicle. </p> <p>(Sec. 8082) Permits specified Navy O&amp;M funds to be used for the Asia Pacific Regional Initiative Program for enabling the Pacific Command to execute theater security cooperation activities such as humanitarian assistance and the payments of the costs of training and exercising with foreign security forces. </p> <p>(Sec. 8083) Prohibits funds appropriated by this bill for programs of the Office of the Director of National Intelligence (DNI) from being obligated beyond the current fiscal year except for research and technology funds, which remain available through FY2018. </p> <p>(Sec. 8084) Provides for the adjustment of obligations within the Shipbuilding and Conversion--Navy appropriation. </p> <p>(Sec. 8085) Requires the DNI to submit a report to Congress establishing the baseline for application of reprogramming and transfer authorities for FY2017. Prohibits funds provided by this bill for the National Intelligence Program from being transferred or reprogrammed until the report is submitted unless the action is necessary for an emergency. </p> <p>(Sec. 8086) Prohibits funds provided by this bill from being used to eliminate, restructure, realign, or make disproportionate personnel reductions at Army Contracting Command--New Jersey sites without notifying Congress in advance. </p> <p>(Sec. 8087) Rescinds specified unobligated balances from the DOD Acquisition Workforce Development Fund. </p> <p>(Sec. 8088) Prohibits funds provided by this bill from being used to support any military training or operation that includes child soldiers unless the assistance is permitted by the Child Soldiers Prevention Act of 2008. </p> <p>(Sec. 8089) Provides specified O&amp;M funds for the Office of Economic Adjustment to make grants, conclude cooperative agreements, and supplement other federal funds to support critical military installations and missions on Guam in addressing the need for civilian water and wastewater improvements. </p> <p>(Sec. 8090) Provides specific restrictions on the reprogramming or transfer of funds provided to the National Intelligence Program. </p> <p>(Sec. 8091) Directs the DNI to submit annually to Congress a future-years intelligence program reflecting estimated expenditures and proposed appropriations included in the President's budget. </p> <p>(Sec. 8092) Specifies committees included in &quot;congressional intelligence committees&quot; for the purposes of this bill. </p> <p>(Sec. 8093) Permits specified O&amp;M funds provided in title II to be transferred by the military department concerned to its central fund established for Fisher Houses and Suites. </p> <p>(Sec. 8094) Permits O&amp;M funds to be used for payments and transfers to the Defense Acquisition Workforce Development Fund. </p> <p>(Sec. 8095) Requires agencies receiving funds in this bill to post reports required to be submitted to Congress on the public web site of the agency if it serves the national interest. Provides exceptions for national security or proprietary information. </p> <p>(Sec. 8096) Prohibits the use of funds for federal contracts in excess of $1 million unless the contractor meets specific requirements regarding the resolution of claims under title VII of the Civil Rights Act of 1964 (discrimination based on race, color, religion, sex, or national origin). Allows DOD to waive the requirements to avoid harm to national security. </p> <p>(Sec. 8097) Provides specified funds to be transferred to the Joint Department of Defense-Department of Veterans Affairs Medical Facility Demonstration Fund. </p> <p>(Sec. 8098) Prohibits funds provided by this bill from being used to provide certain missile defense information to the Russian Federation, subject to an exception for information regarding ballistic missile early warning. </p> <p>(Sec. 8099) Permits DOD funds to be used to purchase armored vehicles for the physical security of personnel or force protection and limits the cost per vehicle. </p> <p>(Sec. 8100) Permits the DNI to transfer specified funds provided by this bill for the National Intelligence Program with the approval of the Office of Management and Budget, subject to certain requirements and restrictions. </p> <p>(Sec. 8101) Prohibits funds from being used to transfer or release any individual detained at U.S. Naval Station, Guantanamo Bay, Cuba (Guantanamo) who is not a U.S. citizen or member of the Armed Forces into the United States, its territories, or possessions. </p> <p>(Sec. 8102) Prohibits funding from being used to construct, acquire, or modify any U.S. facility (other than the facility at Guantanamo Bay, Cuba) to house any individual detained at Guantanamo. </p> <p>(Sec. 8103) Prohibits funds provided by this bill from being used to transfer any individual detained at Guantanamo to a country of origin or other foreign country or entity unless DOD makes certain certifications. </p> <p>(Sec. 8104) Prohibits funds from being used to violate the Wars Powers Resolution. </p> <p>(Sec. 8105) Prohibits funds from being used to enter into specified agreements and transactions with Russian arms supplier Rosoboronexport. Permits DOD to waive the restriction if specific conditions are met. </p> <p>(Sec. 8106) Prohibits funds provided by this bill from being used for the purchase or manufacture of U.S. flags unless they are treated as covered items under Buy American requirements. </p> <p>(Sec. 8107) Permits funds provided by this bill to be used for payments to local military commanders for damage, personal injury, or death that is incident to combat operations in a foreign country. </p> <p>(Sec. 8108) Prohibits funds made available in this bill from being used to reduce strategic delivery vehicles and launchers below levels necessary to implement the New Strategic Arms Reduction Treaty (New START), as set forth in a report provided to Congress pursuant to the National Defense Authorization Act for Fiscal Year 2012. </p> <p>(Sec. 8109) Require DOD to post grant awards on a public website in a searchable format. </p> <p>(Sec. 8110) Prohibits funds provided by this bill from being used for the performance of a flight demonstration team at a location outside of the United States if a performance of a flight demonstration team at a location within the United States was canceled during the year due to insufficient funding. </p> <p>(Sec. 8111) Prohibits the National Security Agency (NSA) from using funds provided by this bill to target a U.S. person under specified authorities granted by the Foreign Intelligence Surveillance Act of 1978 (FISA). </p> <p>(Sec. 8112) Prohibits funds provided by this bill from being used for the Arms Trade Treaty until it is ratified by the Senate. </p> <p>(Sec. 8113) Prohibits the transfer of administrative responsibilities or budgetary resources of any program, project, or activity financed by this bill to another federal agency not financed by this bill without the express authorization of Congress. </p> <p>(Sec. 8114) Prohibits funds provided by this bill from being used to initiate or expand support for foreign forces, irregular forces, groups, or individuals supporting U.S. Special Operations Forces activities to combat terrorism unless Congress is notified in advance in accordance with the classified annex of this bill. </p> <p>(Sec. 8115) Prohibits funds provided by this bill from being used for activities in Iraq in contravention of the War Powers Resolution. </p> <p>(Sec. 8116) Prohibits funds provided by this bill from being used to divest, retire, transfer, or place in storage any A-10 aircraft, or to disestablish any units of the active or reserve components associated with the aircraft. </p> <p>(Sec. 8117) Prohibits funds provided by this bill for the T-AO(X) program from being used for a new contract that provides for the acquisition of certain components unless the components are manufactured in the United States. (The T-AO[X] program is an oiler shipbuilding program to build a new class of fleet oilers for the Navy. Navy fleet oilers transfer fuel to Navy surface ships that are operating at sea.) </p> <p>(Sec. 8118) Reduces the funds provided by title II this bill to the Working Capital Funds to reflect excess cash balances. </p> <p>(Sec. 8119) Reduces the total amount appropriated by this bill to reflect savings due to lower than anticipated fuel prices. </p> <p>(Sec. 8120) Prohibits funds provided by this bill from being used to divest or retire, or prepare to divest or retire, KC-10 aircraft. </p> <p>(Sec. 8121) Prohibits funds provided by this bill from being used to divest, retire, transfer, or place in storage or on backup aircraft inventory status or prepare to divest, retire, transfer, or place in storage or on backup aircraft inventory status, any EC-130H aircraft. </p> <p>(Sec. 8122) Prohibits funds provided by this bill from being used for Government Travel Charge Card expenses for gaming or for entertainment that includes topless or nude entertainers or participants. </p> <p>(Sec. 8123) Prohibits funds provided by this bill from being used for a new or additional Base Realignment and Closure (BRAC) round. </p> <p>(Sec. 8124) Permits specified Navy O&amp;M funds to be used for the National Defense Reserve Fleet and for reimbursements to the Ready Reserve Force--Maritime Administration account of the Department of Transportation for expenses related to the National Defense Reserve Fleet. </p> <p>(Sec. 8125) Permits DOD to use specified funds to develop, replace, and sustain federal government security and suitability background investigation information technology systems of the Office of Personnel Management or other federal agency responsible for conducting such investigations. Specifies reprogramming and transfer procedures for the funds. </p> <p>(Sec. 8126) Prohibits funds provided by this bill for the Joint Surveillance Target Attack Radar System recapitalization program from being used for pre-milestone B activities after March 31, 2018. </p> <p>(Sec. 8127) Prohibits funds provided by this bill from being used to close or realign the U.S. Naval Station, Guantanamo Bay, Cuba. </p> <p>(Sec. 8128) Permits specified funds provided by this bill to be used for activities related to the Zika virus. </p> <p>(Sec. 8129) Prohibits funds provided by this bill from being used for any computer network that does not block access to pornography websites, with exceptions for criminal investigations, prosecution, or adjudication activities; or for any activity necessary for the national defense, including intelligence activities. </p> <p>(Sec. 8130) Terminates the Ship Modernization, Operations and Sustainment Fund and rescinds any unobligated balances. </p> <p>(Sec. 8131) Prohibits funds provided by this bill from being used to provide arms, training, or other assistance to the Azov Battalion. </p> <p>(Sec. 8132) Specifies authorities and requirements for the transfer of funds provided by this bill for the Global Engagement Center. </p> <p>(Sec. 8133) Prohibits funds from being transferred from the Defense Acquisition Workforce Development Fund to the Rapid Prototyping Fund or credited to a military department-specific fund established to carry out an acquisition program under the rapid prototyping pathway. </p> <p>(Sec. 8134) Specifies that the explanatory statement regarding this bill that was printed in the Congressional Record has the same effect with respect to the allocation of funds and implementation of this bill as if it were a committee report. </p> <p>(Sec. 8135) Requires DOD to provide an Inspector General (IG) funded by this bill with timely access to records, documents, or other materials available to the department or agency over which the IG has responsibility. Requires each IG to comply with specified statutory limitations on disclosure of the information provided. </p> <p>TITLE IX--OVERSEAS CONTINGENCY OPERATIONS/GLOBAL WAR ON TERRORISM </p> <p>Provides appropriations for FY2017 for Overseas Contingency Operations (OCO)/ the Global War on Terrorism. Designates the funds provided in this title as for Overseas Contingency Operations/ Global War on Terrorism pursuant to the Balanced Budget and Emergency Deficit Control Act of 1985. (OCO funds are exempt from discretionary spending limits and other budget enforcement rules.) </p> <p>Provides appropriations for Active-Duty and Reserve Personnel in the Army, Navy, Marine Corps and Air Force (the military departments), and for National Guard personnel in the Army and Air Force. </p> <p>Provides appropriations for Operation and Maintenance (O&amp;M) for the military departments, other agencies of DOD, the Reserve Components, and the Army and Air National Guard. </p> <p>Provides appropriations for the Afghanistan Security Forces Fund and the Counter-the Islamic State of Iraq and the Levant Train and Equip Fund. </p> <p>Provides appropriations for Procurement by the military departments, other DOD agencies, Reserve Components, and National Guard, including for the procurement of aircraft, missiles, weapons, tracked combat vehicles, and ammunition. </p> <p>Provides appropriations for Research, Development, Test, and Evaluation (RDT&amp;E) for the military departments and other DOD agencies. </p> <p>Provides appropriations for the Defense Working Capital Funds. </p> <p>Provides appropriations for Other DOD Programs, including: </p> <ul> <li> the Defense Health Program,</li> <li>Drug Interdiction and Counter-Drug Activities, </li> <li> the Joint Improvised Threat Defeat Fund, and </li> <li> the Office of the Inspector General. </li> </ul> <p>Sets forth permissible and prohibited uses of funds appropriated by this title.</p> <p> (Sec. 9001) Provides that funds made available in this title are in addition to amounts appropriated to DOD for FY2017. </p> <p>(Sec. 9002) Permits DOD to transfer specified funds between the appropriations in this title if it is in the national interest, OMB approves, and Congress is notified. </p> <p>(Sec. 9003) Permits supervision, administration, and design costs for a construction project funded with O&amp;M or the Afghanistan Security Forces Fund in direct support of overseas contingency operations in Afghanistan to be obligated when a construction contract is awarded. </p> <p>(Sec. 9004) Permits DOD to use funds appropriated in this title to purchase motor vehicles for use by military and civilian DOD employees in the U.S. Central Command area of responsibility. Limits the cost of each passenger and armored vehicle. </p> <p>(Sec. 9005) Permits specified Army O&amp;M funds to be used for the Commander's Emergency Response Program for humanitarian relief and reconstruction assistance in Afghanistan. </p> <p>(Sec. 9006) Permits DOD O&amp;M funds to be used to provide supplies, services, transportation, including airlift and sealift, and other logistical support to allied forces participating in a combined operation with U.S. and coalition forces supporting military and stability operations in Afghanistan and to counter the Islamic State of Iraq and the Levant. Requires DOD to report quarterly to Congress regarding support provided under this section. </p> <p>(Sec. 9007) Prohibits funds from being used to: (1) establish any military installation or base for providing for the permanent stationing of Armed Forces in Iraq or Afghanistan, or (2) exercise U.S. control over any oil resource of Iraq. </p> <p>(Sec. 9008) Prohibits funds provided by this bill from being used in contravention of specified laws or regulations implementing the United Nations Convention Against Torture and Other Cruel, Inhuman, or Degrading Treatment or Punishment. </p> <p>(Sec. 9009) Prohibits funds provided for the Afghanistan Security Forces Fund from being obligated prior to the approval of a financial and activity plan by the Afghanistan Resources Oversight Council of DOD. </p> <p>(Sec. 9010) Permits O&amp;M funds provided in this title to be used to purchase items with an investment unit cost of up to $250,000. Permits the purchase of items with an investment cost of up to $500,000 if DOD determines that it is necessary to meet the operational requirements of a Commander of a Combatant Command engaged in contingency operations overseas. </p> <p>(Sec. 9011) Permits a limited amount of O&amp;M funding to be used to support U.S. transition activities in Iraq by funding the Office of Security Cooperation in Iraq and security assistance teams. </p> <p>(Sec. 9012) Permits specified funds provided by this bill for the Defense Security Cooperation Agency and Defense-Wide Operation and Maintenance to be used to provide assistance to the government of Jordan to support the armed forces of Jordan and to enhance security along its borders. </p> <p>(Sec. 9013) Prohibits funds provided by this bill for the Iraq Train and Equip Fund from being used to procure or transfer man-portable air defense systems. </p> <p>(Sec. 9014) Provides additional funding for assistance and sustainment of the military and national security forces of Ukraine. </p> <p>(Sec. 9015) Permits funds provided by this title to be used for the replacement for funds for items provided to the government of Ukraine from the U.S. inventory. </p> <p>(Sec. 9016) Prohibits funds provided by this bill under section 9014 for Assistance and Sustainment to the Military and National Security Forces of Ukraine from being used to procure or transfer man-portable air defense systems. </p> <p>(Sec. 9017) Prohibits DOD O&amp;M funds from being used for payments to Pakistan as reimbursement for support provided to U.S. military operations unless DOD certifies to Congress that the government of Pakistan has met specific conditions. Permits DOD to waive the restriction for national security. </p> <p>(Sec. 9018) Provides additional funding to DOD to improve intelligence, surveillance, and reconnaissance capabilities. </p> <p>(Sec. 9019) Prohibits the use of funds for Syria in contravention of the War Powers Resolution. </p> <p>(Sec. 9020) Prohibits funds appropriated by this bill from being used to transfer additional C-130 cargo aircraft to the Afghan National Security Forces until DOD provides Congress with a review of the Afghanistan Air Force's requirements. </p> <p>(Sec. 9021) Rescinds specified funds provided by DOD appropriations bills for: the DSCA Coalition Support Fund, the Counterterrorism Partnerships Fund, the Afghanistan Security Forces Fund, and Air Force Procurement. </p> <p>(Sec. 9022) Rescinds specified funds provided by Department of Defense appropriations bills for Operation and Maintenance--Defense-Wide: Coalition Support Funds. </p> <p>(Sec. 9023) Terminates the Mine Resistant Ambush Protected Vehicle Fund and rescinds any unobligated balances. </p> <p>(Sec. 9024) Provides that amounts designated by this bill for Overseas Contingency Operations/Global War on Terrorism are only available if the President subsequently designates the amounts and transmits the designations to Congress. </p>]]></summary-text>
</summary>
<summary summary-id="id115hr1301v00" currentChamber="HOUSE" update-date="2017-03-03">
<action-date>2017-03-02</action-date>
<action-desc>Introduced in House</action-desc>
<summary-text><![CDATA[<p><b>Department of Defense Appropriations Act, 2017 </b></p> <p>Provides FY2017 appropriations to the Department of Defense (DOD) for military activities. Excludes military construction, military family housing, civil works projects of the Army Corps of Engineers, and nuclear warheads, which are all considered in other appropriations bills. </p> <p>Provides appropriations to DOD for: </p> <ul> <li>Military Personnel; </li> <li>Operation and Maintenance; </li> <li> Procurement; </li> <li> Research, Development, Test and Evaluation; and </li> <li> Revolving and Management Funds. </li> </ul> <p>Provides appropriations for Other Department of Defense Programs, including: </p> <ul> <li> the Defense Health Program, </li> <li>Chemical Agents and Munitions Destruction, </li> <li> Drug-Interdiction and Counter-Drug Activities, and </li> <li> the Office of the Inspector General. </li> </ul> <p>Provides appropriations for Related Agencies, including the Central Intelligence Agency Retirement and Disability System Fund and the Intelligence Community Management Account. </p> <p>Provides appropriations for Overseas Contingency Operations/ Global War on Terrorism. </p> <p>Rescinds specified unobligated balances from prior appropriations to DOD. Sets forth permissible and prohibited uses for funds provided by this and other appropriations Acts. </p>]]></summary-text>
</summary>
</item>
<dublinCore xmlns:dc="http://purl.org/dc/elements/1.1/">
<dc:format>text/xml</dc:format>
<dc:language>EN</dc:language>
<dc:rights>Pursuant to Title 17 Section 105 of the United States Code, this file is not subject to copyright protection and is in the public domain.</dc:rights>
<dc:contributor>Congressional Research Service, Library of Congress</dc:contributor>
<dc:description>This file contains bill summaries for federal legislation. A bill summary describes the most significant provisions of a piece of legislation and details the effects the legislative text may have on current law and federal programs. Bill summaries are authored by the Congressional Research Service (CRS) of the Library of Congress. As stated in Public Law 91-510 (2 USC 166 (d)(6)), one of the duties of CRS is "to prepare summaries and digests of bills and resolutions of a public general nature introduced in the Senate or House of Representatives". For more information, refer to the User Guide that accompanies this file.</dc:description>
</dublinCore>
</BillSummaries>
