<?xml version="1.0" encoding="UTF-8"?><BillSummaries>
<item congress="115" measure-type="hr" measure-number="996" measure-id="id115hr996" originChamber="HOUSE" orig-publish-date="2017-02-09" update-date="2017-03-04">
<title>STEP for Veterans Act</title>
<summary summary-id="id115hr996v00" currentChamber="HOUSE" update-date="2017-03-04">
<action-date>2017-02-09</action-date>
<action-desc>Introduced in House</action-desc>
<summary-text><![CDATA[<p><strong> </strong><b>Service, Training, Education, and Preparation for Veterans Act or the STEP for Veterans Act</b></p> <p> This bill directs the Department of Labor to award grants to community colleges to: (1) analyze the demand for additional trained employees in their locality and the skills possessed by veterans who receive federal educational assistance and seek local employment; (2) carry out an existing, or implement a new, certificate or degree program that provides those veterans with training that addresses local demand for trained employees; and (3) facilitate the establishment of an advisory board to provide guidance to the training program and assist trained veterans in their pursuit of local employment.</p> <p> The advisory board shall be composed of local business representatives and an employee from the Department of Veterans Affairs.</p>]]></summary-text>
</summary>
</item>
<dublinCore xmlns:dc="http://purl.org/dc/elements/1.1/">
<dc:format>text/xml</dc:format>
<dc:language>EN</dc:language>
<dc:rights>Pursuant to Title 17 Section 105 of the United States Code, this file is not subject to copyright protection and is in the public domain.</dc:rights>
<dc:contributor>Congressional Research Service, Library of Congress</dc:contributor>
<dc:description>This file contains bill summaries for federal legislation. A bill summary describes the most significant provisions of a piece of legislation and details the effects the legislative text may have on current law and federal programs. Bill summaries are authored by the Congressional Research Service (CRS) of the Library of Congress. As stated in Public Law 91-510 (2 USC 166 (d)(6)), one of the duties of CRS is "to prepare summaries and digests of bills and resolutions of a public general nature introduced in the Senate or House of Representatives". For more information, refer to the User Guide that accompanies this file.</dc:description>
</dublinCore>
</BillSummaries>
