<?xml version="1.0" encoding="UTF-8"?><BillSummaries>
<item congress="115" measure-type="hr" measure-number="715" measure-id="id115hr715" originChamber="HOUSE" orig-publish-date="2017-01-27" update-date="2017-02-07">
<title>Compassionate Access Act</title>
<summary summary-id="id115hr715v00" currentChamber="HOUSE" update-date="2017-02-07">
<action-date>2017-01-27</action-date>
<action-desc>Introduced in House</action-desc>
<summary-text><![CDATA[<p><b>Compassionate Access Act </b></p> <p>This bill directs the Department of Health and Human Services to submit to the Drug Enforcement Administration (DEA) a recommendation to transfer marijuana from schedule I to another controlled substances schedule. The DEA must consider the recommendation and issue a final rule to reclassify marijuana. </p> <p>It permits, for reclassification purposes, consideration of scientifically sound research conducted in a state that allows medical marijuana and in accordance with state law, even if such research uses non-federally approved marijuana.</p> <p>The legislation amends the Controlled Substances Act (CSA) to:</p> <ul> <li>exclude "cannabidiol" (CBD) from the definition of "marijuana" and remove it from coverage under the CSA;</li> <li>limit the concentration of delta-9-tetrahydrocannabinol (THC) in CBD to 0.3% on a dry weight basis; and</li> <li>deem marijuana grown or processed to make CBD, in accordance with state law, to comply with the THC concentration limit unless the DEA determines state law to be unreasonable. </li> </ul> <p>No provision of the CSA or Federal Food, Drug, and Cosmetic Act prohibits or restricts a physician from prescribing; a patient, caregiver, or guardian from obtaining, possessing, or transporting; an entity from producing, processing, manufacturing, or distributing; a pharmacy from dispensing; or a laboratory from testing medical marijuana or CBD in compliance with a state's medical marijuana law. </p> <p>The bill requires the Attorney General to delegate responsibility for registering marijuana researchers to an executive branch agency that supports research on substances' medical value. Such agency must ensure adequate marijuana supply for medical research. </p> <p><br /></p>]]></summary-text>
</summary>
</item>
<dublinCore xmlns:dc="http://purl.org/dc/elements/1.1/">
<dc:format>text/xml</dc:format>
<dc:language>EN</dc:language>
<dc:rights>Pursuant to Title 17 Section 105 of the United States Code, this file is not subject to copyright protection and is in the public domain.</dc:rights>
<dc:contributor>Congressional Research Service, Library of Congress</dc:contributor>
<dc:description>This file contains bill summaries for federal legislation. A bill summary describes the most significant provisions of a piece of legislation and details the effects the legislative text may have on current law and federal programs. Bill summaries are authored by the Congressional Research Service (CRS) of the Library of Congress. As stated in Public Law 91-510 (2 USC 166 (d)(6)), one of the duties of CRS is "to prepare summaries and digests of bills and resolutions of a public general nature introduced in the Senate or House of Representatives". For more information, refer to the User Guide that accompanies this file.</dc:description>
</dublinCore>
</BillSummaries>
