<?xml version="1.0" encoding="UTF-8"?><BillSummaries>
<item congress="115" measure-type="hr" measure-number="993" measure-id="id115hr993" originChamber="HOUSE" orig-publish-date="2017-02-09" update-date="2017-03-03">
<title>Opioid Abuse Prevention and Treatment Act of 2017</title>
<summary summary-id="id115hr993v00" currentChamber="HOUSE" update-date="2017-03-03">
<action-date>2017-02-09</action-date>
<action-desc>Introduced in House</action-desc>
<summary-text><![CDATA[<p><b>Opioid Abuse Prevention and Treatment Act of 2017</b></p> <p>This bill requires the Department of Health and Human Services (HHS) to award grants to states to develop a peer review process to identify and investigate questionable or inappropriate prescribing and dispensing patterns of drugs classified as schedule II or III under the Controlled Substances Act, which are drugs with an accepted medical use that have the potential to be abused and addictive.</p> <p>This bill amends the Public Health Service Act to require HHS to establish grant programs to: (1) facilitate training to increase the capacity of health care providers to screen and treat patients to prevent drug abuse, and (2) develop continuing education criteria that allow health profession boards or state agencies to certify appropriate education for safe prescribing of schedule II or III drugs. The Health Resources and Services Administration must award grants to evaluate the prospect of state health professions boards expanding the authority of providers to prescribe drugs to treat drug abuse.</p> <p>The Drug Enforcement Administration must request that practitioners registered to dispense controlled substances screen patients for potential drug abuse before prescribing a schedule II or III drug.</p> <p>The Food and Drug Administration must consider whether naloxone (a prescription drug used to rapidly reverse an overdose of heroin or other opioids, which are drugs with effects similar to opium) should be available without a prescription.</p> <p>HHS must convene or coordinate with an interagency working group to encourage states and local governments to increase opportunities for disposal of opiates (drugs derived from opium) and to reduce opportunities for abuse of opiates.</p> The Government Accountability Office must review federal opioid abuse activities and make recommendations to reduce opioid abuse and overdoses.]]></summary-text>
</summary>
</item>
<dublinCore xmlns:dc="http://purl.org/dc/elements/1.1/">
<dc:format>text/xml</dc:format>
<dc:language>EN</dc:language>
<dc:rights>Pursuant to Title 17 Section 105 of the United States Code, this file is not subject to copyright protection and is in the public domain.</dc:rights>
<dc:contributor>Congressional Research Service, Library of Congress</dc:contributor>
<dc:description>This file contains bill summaries for federal legislation. A bill summary describes the most significant provisions of a piece of legislation and details the effects the legislative text may have on current law and federal programs. Bill summaries are authored by the Congressional Research Service (CRS) of the Library of Congress. As stated in Public Law 91-510 (2 USC 166 (d)(6)), one of the duties of CRS is "to prepare summaries and digests of bills and resolutions of a public general nature introduced in the Senate or House of Representatives". For more information, refer to the User Guide that accompanies this file.</dc:description>
</dublinCore>
</BillSummaries>
