<?xml version="1.0" encoding="UTF-8"?><BillSummaries>
<item congress="115" measure-type="hr" measure-number="1058" measure-id="id115hr1058" originChamber="HOUSE" orig-publish-date="2017-02-14" update-date="2017-09-19">
<title>VA Provider Equity Act</title>
<summary summary-id="id115hr1058v36" currentChamber="HOUSE" update-date="2017-09-19">
<action-date>2017-07-24</action-date>
<action-desc>Passed House amended</action-desc>
<summary-text><![CDATA[<p><strong>VA Provider Equity Act</strong></p> <p> (Sec. 2) This bill: (1) makes a Veterans Health Administration (VHA) doctor of podiatric medicine eligible for any supervisory position to the same degree as a VHA physician, and (2) increases the pay grade of podiatric surgeons to match the compensation of other VA surgeons, physicians, and dentists. </p> <p> The Department of Veterans Affairs (VA) shall establish standards to ensure that specialists appointed to supervisory VHA positions do not provide direct clinical oversight for purposes of peer review or practice evaluation for providers of other clinical specialties.</p> <p>(Sec. 3) The bill revises the extension date from September 30, 2027, to September 30, 2026, for the $90 per month limit on a VA pension paid to veterans residing in nursing homes when their nursing costs are paid through title XIX (Medicaid) of the Social Security Act. </p>]]></summary-text>
</summary>
<summary summary-id="id115hr1058v00" currentChamber="HOUSE" update-date="2017-03-04">
<action-date>2017-02-14</action-date>
<action-desc>Introduced in House</action-desc>
<summary-text><![CDATA[<p><strong>VA Provider Equity Act</strong></p> <p>This bill includes podiatrists within the Department of Veterans Affairs (VA) definition of physician, and increases their pay grade to match other VA physician compensation.</p>]]></summary-text>
</summary>
</item>
<dublinCore xmlns:dc="http://purl.org/dc/elements/1.1/">
<dc:format>text/xml</dc:format>
<dc:language>EN</dc:language>
<dc:rights>Pursuant to Title 17 Section 105 of the United States Code, this file is not subject to copyright protection and is in the public domain.</dc:rights>
<dc:contributor>Congressional Research Service, Library of Congress</dc:contributor>
<dc:description>This file contains bill summaries for federal legislation. A bill summary describes the most significant provisions of a piece of legislation and details the effects the legislative text may have on current law and federal programs. Bill summaries are authored by the Congressional Research Service (CRS) of the Library of Congress. As stated in Public Law 91-510 (2 USC 166 (d)(6)), one of the duties of CRS is "to prepare summaries and digests of bills and resolutions of a public general nature introduced in the Senate or House of Representatives". For more information, refer to the User Guide that accompanies this file.</dc:description>
</dublinCore>
</BillSummaries>
