<?xml version="1.0" encoding="UTF-8"?><BillSummaries>
<item congress="115" measure-type="hr" measure-number="949" measure-id="id115hr949" originChamber="HOUSE" orig-publish-date="2017-02-07" update-date="2017-03-06">
<title>Children of Fallen Heroes Scholarship Act</title>
<summary summary-id="id115hr949v00" currentChamber="HOUSE" update-date="2017-03-06">
<action-date>2017-02-07</action-date>
<action-desc>Introduced in House</action-desc>
<summary-text><![CDATA[<p><b>Children of Fallen Heroes Scholarship Act</b></p> <p>This bill amends title IV (Student Assistance) of the Higher Education Act of 1965 to eliminate the expected family contribution (EFC) used to determine financial need in the case of a Pell Grant-eligible student whose parent or guardian died in the line of duty as a police officer, firefighter, or other public safety officer. Such student is eligible to receive an automatic zero EFC and qualify for the maximum Pell Grant award if the student was less than 24 years old or enrolled at an institution of higher education at the time of the parent or guardian's death.]]></summary-text>
</summary>
</item>
<dublinCore xmlns:dc="http://purl.org/dc/elements/1.1/">
<dc:format>text/xml</dc:format>
<dc:language>EN</dc:language>
<dc:rights>Pursuant to Title 17 Section 105 of the United States Code, this file is not subject to copyright protection and is in the public domain.</dc:rights>
<dc:contributor>Congressional Research Service, Library of Congress</dc:contributor>
<dc:description>This file contains bill summaries for federal legislation. A bill summary describes the most significant provisions of a piece of legislation and details the effects the legislative text may have on current law and federal programs. Bill summaries are authored by the Congressional Research Service (CRS) of the Library of Congress. As stated in Public Law 91-510 (2 USC 166 (d)(6)), one of the duties of CRS is "to prepare summaries and digests of bills and resolutions of a public general nature introduced in the Senate or House of Representatives". For more information, refer to the User Guide that accompanies this file.</dc:description>
</dublinCore>
</BillSummaries>
