<?xml version="1.0" encoding="UTF-8"?><BillSummaries>
<item congress="115" measure-type="hr" measure-number="388" measure-id="id115hr388" originChamber="HOUSE" orig-publish-date="2017-01-10" update-date="2017-02-04">
<title>Veterans Health Equity Act of 2017</title>
<summary summary-id="id115hr388v00" currentChamber="HOUSE" update-date="2017-02-04">
<action-date>2017-01-10</action-date>
<action-desc>Introduced in House</action-desc>
<summary-text><![CDATA[<p><b>Veterans Health Equity Act of 2017</b></p> <p>This bill requires the Department of Veterans Affairs to ensure that veterans eligible for hospital care and medical services through the VA have access to: (1) at least one full-service VA hospital in each of the 48 contiguous states, or (2) hospital care and medical services comparable to that provided in full-service VA hospitals through contract with other health providers in such states.</p> <p>Directs the VA to report on compliance with such requirement, including its effect on improving the quality and standards of veterans' care. </p>]]></summary-text>
</summary>
</item>
<dublinCore xmlns:dc="http://purl.org/dc/elements/1.1/">
<dc:format>text/xml</dc:format>
<dc:language>EN</dc:language>
<dc:rights>Pursuant to Title 17 Section 105 of the United States Code, this file is not subject to copyright protection and is in the public domain.</dc:rights>
<dc:contributor>Congressional Research Service, Library of Congress</dc:contributor>
<dc:description>This file contains bill summaries for federal legislation. A bill summary describes the most significant provisions of a piece of legislation and details the effects the legislative text may have on current law and federal programs. Bill summaries are authored by the Congressional Research Service (CRS) of the Library of Congress. As stated in Public Law 91-510 (2 USC 166 (d)(6)), one of the duties of CRS is "to prepare summaries and digests of bills and resolutions of a public general nature introduced in the Senate or House of Representatives". For more information, refer to the User Guide that accompanies this file.</dc:description>
</dublinCore>
</BillSummaries>
