<?xml version="1.0" encoding="UTF-8"?><BillSummaries>
<item congress="115" measure-type="hr" measure-number="321" measure-id="id115hr321" originChamber="HOUSE" orig-publish-date="2017-01-05" update-date="2017-03-15">
<title>Inspiring the Next Space Pioneers, Innovators, Researchers, and Explorers (INSPIRE) Women Act</title>
<summary summary-id="id115hr321v49" currentChamber="BOTH" update-date="2017-03-15">
<action-date>2017-02-28</action-date>
<action-desc>Public Law</action-desc>
<summary-text><![CDATA[<p>(This measure has not been amended since it was introduced. The expanded summary of the House passed version is repeated here.)</p> <p><b>Inspiring the Next Space Pioneers, Innovators, Researchers, and Explorers (INSPIRE) Women Act</b></p> <p>(Sec. 3) This bill directs the National Aeronautics and Space Administration (NASA) to encourage women and girls to study science, technology, engineering, and mathematics (STEM), pursue careers in aerospace, and further advance the nation's space science and exploration efforts through support of the following initiatives: </p> <ul> <li>NASA GIRLS and NASA BOYS;</li> <li>Aspire to Inspire; and </li> <li>Summer Institute in Science, Technology, Engineering, and Research. </li> </ul> <p>(Sec. 4) NASA shall submit to Congress a specified plan on how NASA can best facilitate and support both current and retired astronauts, scientists, engineers, and innovators, including early career female astronauts, scientists, engineers, and innovators, to engage with K-12 female STEM students and inspire the next generation of women to consider participating in STEM fields and to pursue careers in aerospace. </p>]]></summary-text>
</summary>
<summary summary-id="id115hr321v82" currentChamber="SENATE" update-date="2017-03-15">
<action-date>2017-02-14</action-date>
<action-desc>Passed Senate without amendment</action-desc>
<summary-text><![CDATA[<p>(This measure has not been amended since it was introduced. The expanded summary of the House passed version is repeated here.)</p> <p><b>Inspiring the Next Space Pioneers, Innovators, Researchers, and Explorers (INSPIRE) Women Act</b></p> <p>(Sec. 3) This bill directs the National Aeronautics and Space Administration (NASA) to encourage women and girls to study science, technology, engineering, and mathematics (STEM), pursue careers in aerospace, and further advance the nation's space science and exploration efforts through support of the following initiatives: </p> <ul> <li>NASA GIRLS and NASA BOYS;</li> <li>Aspire to Inspire; and </li> <li>Summer Institute in Science, Technology, Engineering, and Research. </li> </ul> <p>(Sec. 4) NASA shall submit to Congress a specified plan on how NASA can best facilitate and support both current and retired astronauts, scientists, engineers, and innovators, including early career female astronauts, scientists, engineers, and innovators, to engage with K-12 female STEM students and inspire the next generation of women to consider participating in STEM fields and to pursue careers in aerospace. </p>]]></summary-text>
</summary>
<summary summary-id="id115hr321v80" currentChamber="SENATE" update-date="2017-03-15">
<action-date>2017-02-01</action-date>
<action-desc>Reported to Senate without amendment</action-desc>
<summary-text><![CDATA[<p>(This measure has not been amended since it was introduced. The expanded summary of the House passed version is repeated here.)</p> <p><b>Inspiring the Next Space Pioneers, Innovators, Researchers, and Explorers (INSPIRE) Women Act</b></p> <p>(Sec. 3) This bill directs the National Aeronautics and Space Administration (NASA) to encourage women and girls to study science, technology, engineering, and mathematics (STEM), pursue careers in aerospace, and further advance the nation's space science and exploration efforts through support of the following initiatives: </p> <ul> <li>NASA GIRLS and NASA BOYS;</li> <li>Aspire to Inspire; and </li> <li>Summer Institute in Science, Technology, Engineering, and Research. </li> </ul> <p>(Sec. 4) NASA shall submit to Congress a specified plan on how NASA can best facilitate and support both current and retired astronauts, scientists, engineers, and innovators, including early career female astronauts, scientists, engineers, and innovators, to engage with K-12 female STEM students and inspire the next generation of women to consider participating in STEM fields and to pursue careers in aerospace. </p>]]></summary-text>
</summary>
<summary summary-id="id115hr321v81" currentChamber="HOUSE" update-date="2017-02-01">
<action-date>2017-01-10</action-date>
<action-desc>Passed House without amendment</action-desc>
<summary-text><![CDATA[<p>(This measure has not been amended since it was introduced. The summary has been expanded because action occurred on the measure.)</p> <p><b>Inspiring the Next Space Pioneers, Innovators, Researchers, and Explorers (INSPIRE) Women Act</b></p> <p>(Sec. 3) This bill directs the National Aeronautics and Space Administration (NASA) to encourage women and girls to study science, technology, engineering, and mathematics (STEM), pursue careers in aerospace, and further advance the nation's space science and exploration efforts through support of the following initiatives: </p> <ul> <li>NASA GIRLS and NASA BOYS;</li> <li>Aspire to Inspire; and </li> <li>Summer Institute in Science, Technology, Engineering, and Research. </li> </ul> <p>(Sec. 4) NASA shall submit to Congress a specified plan on how NASA can best facilitate and support both current and retired astronauts, scientists, engineers, and innovators, including early career female astronauts, scientists, engineers, and innovators, to engage with K-12 female STEM students and inspire the next generation of women to consider participating in STEM fields and to pursue careers in aerospace. </p>]]></summary-text>
</summary>
<summary summary-id="id115hr321v00" currentChamber="HOUSE" update-date="2017-02-01">
<action-date>2017-01-05</action-date>
<action-desc>Introduced in House</action-desc>
<summary-text><![CDATA[<p><b>Inspiring the Next Space Pioneers, Innovators, Researchers, and Explorers (INSPIRE) Women Act</b></p> <p>This bill directs the National Aeronautics and Space Administration (NASA) to encourage women and girls to study science, technology, engineering, and mathematics (STEM), pursue careers in aerospace, and further advance the nation's space science and exploration efforts through support of the following initiatives: </p> <ul> <li>NASA GIRLS and NASA BOYS;</li> <li>Aspire to Inspire; and </li> <li>Summer Institute in Science, Technology, Engineering, and Research. </li> </ul> <p>NASA shall submit to Congress a specified plan on how NASA can best facilitate and support both current and retired astronauts, scientists, engineers, and innovators, including early career female astronauts, scientists, engineers, and innovators, to engage with K-12 female STEM students and inspire the next generation of women to consider participating in STEM fields and to pursue careers in aerospace. </p>]]></summary-text>
</summary>
</item>
<dublinCore xmlns:dc="http://purl.org/dc/elements/1.1/">
<dc:format>text/xml</dc:format>
<dc:language>EN</dc:language>
<dc:rights>Pursuant to Title 17 Section 105 of the United States Code, this file is not subject to copyright protection and is in the public domain.</dc:rights>
<dc:contributor>Congressional Research Service, Library of Congress</dc:contributor>
<dc:description>This file contains bill summaries for federal legislation. A bill summary describes the most significant provisions of a piece of legislation and details the effects the legislative text may have on current law and federal programs. Bill summaries are authored by the Congressional Research Service (CRS) of the Library of Congress. As stated in Public Law 91-510 (2 USC 166 (d)(6)), one of the duties of CRS is "to prepare summaries and digests of bills and resolutions of a public general nature introduced in the Senate or House of Representatives". For more information, refer to the User Guide that accompanies this file.</dc:description>
</dublinCore>
</BillSummaries>
