<?xml version="1.0" encoding="UTF-8"?><BillSummaries>
<item congress="115" measure-type="hr" measure-number="1260" measure-id="id115hr1260" originChamber="HOUSE" orig-publish-date="2017-02-28" update-date="2017-03-06">
<title>GRAND Act</title>
<summary summary-id="id115hr1260v00" currentChamber="HOUSE" update-date="2017-03-06">
<action-date>2017-02-28</action-date>
<action-desc>Introduced in House</action-desc>
<summary-text><![CDATA[<p class="MsoNormal"><b>Generational Residences and Nurturing Dwellings Act </b>or the<b> GRAND Act</b></p> <p class="MsoNormal"> This bill establishes in the Department of Housing and Urban Development (HUD) a program to provide assistance for each fiscal year to up to five eligible nonprofit organizations to expand the supply of specialized housing and social services for qualified elderly relatives, age 60 or older, who are raising a child of whom they are not a parent either by blood or marriage.</p> <p class="MsoNormal">Nothing in this bill shall preclude a recipient of such assistance from applying for or receiving financial assistance under any other HUD program.</p> <p class="MsoNormal">The assistance must be in the form of:</p> <ul> <li>financing for the construction, reconstruction, moderate or substantial rehabilitation, or acquisition of a structure or a portion of a structure to be used as specialized housing;</li> <li>tenant-based rental (voucher) assistance under the United States Housing Act of 1937 for entities meeting certain criteria for use only by qualified relatives who are raising a child and are eligible for such assistance for rental of a dwelling unit that qualifies as specialized housing;</li> <li>elderly housing project rental assistance under the Housing Act of 1959 for entities meeting certain criteria in connection with dwelling units that qualify as specialized housing and are made available for occupancy only by qualified relatives who are raising a child and are eligible for occupancy in such housing; and</li> <li>help with ongoing operational expenses of any specialized housing, including costs of supportive services required for such housing.</li></ul>]]></summary-text>
</summary>
</item>
<dublinCore xmlns:dc="http://purl.org/dc/elements/1.1/">
<dc:format>text/xml</dc:format>
<dc:language>EN</dc:language>
<dc:rights>Pursuant to Title 17 Section 105 of the United States Code, this file is not subject to copyright protection and is in the public domain.</dc:rights>
<dc:contributor>Congressional Research Service, Library of Congress</dc:contributor>
<dc:description>This file contains bill summaries for federal legislation. A bill summary describes the most significant provisions of a piece of legislation and details the effects the legislative text may have on current law and federal programs. Bill summaries are authored by the Congressional Research Service (CRS) of the Library of Congress. As stated in Public Law 91-510 (2 USC 166 (d)(6)), one of the duties of CRS is "to prepare summaries and digests of bills and resolutions of a public general nature introduced in the Senate or House of Representatives". For more information, refer to the User Guide that accompanies this file.</dc:description>
</dublinCore>
</BillSummaries>
