<?xml version="1.0" encoding="UTF-8"?><BillSummaries>
<item congress="115" measure-type="hr" measure-number="945" measure-id="id115hr945" originChamber="HOUSE" orig-publish-date="2017-02-07" update-date="2017-02-27">
<title>Terrorism Prevention and Critical Infrastructure Protection Act of 2017</title>
<summary summary-id="id115hr945v00" currentChamber="HOUSE" update-date="2017-02-27">
<action-date>2017-02-07</action-date>
<action-desc>Introduced in House</action-desc>
<summary-text><![CDATA[<p><b>Terrorism Prevention and Critical Infrastructure Protection Act of 2017</b></p> <p>This bill directs the Department of Homeland Security (DHS) to:</p> <ul> <li> work with critical infrastructure owners and operators and state, local, tribal, and territorial entities to manage risk and strengthen the security and resilience of the nation's critical infrastructure against terrorist attacks; </li> <li> establish terrorism prevention policy to engage with international partners to strengthen critical infrastructure located inside or outside of the United States;</li> <li> establish a task force to research the best means to address the security and resilience of critical infrastructure in an integrated, holistic manner; </li> <li> establish the Strategic Research Imperatives Program to lead DHS's federal civilian agency approach to strengthen critical infrastructure; and</li> <li> provide research findings to federal civilian agencies for the identification, prioritization, assessment, remediation, and security of their internal critical infrastructure.</li> </ul> <p>DHS must: (1) appoint a research working group to study how to achieve national unity of effort to protect against terrorism threats and investigate the security and resilience of the nation's information assurance components that provide such protection; and (2) establish a research program to provide strategic guidance, promote a national unity of effort, and coordinate the overall federal effort.</p> <p>The bill sets forth the terrorism protection responsibilities of each federal agency designated for a critical infrastructure sector.</p> <p>DHS must: (1) facilitate the timely exchange of terrorism threat and vulnerability information; (2) implement an integration and analysis function for critical infrastructure; and (3) support greater terrorism cyber security information sharing by civilian federal agencies with the private sector. </p> <p>A DHS Privacy Officer shall be appointed by the President.</p> <p>DHS must: (1) develop a description of the functional relationships within DHS and across the federal government related to critical infrastructure security and resilience, (2) analyze the existing public-private partnership model for terrorism information exchange, (3) convene a team to identify baseline data and systems requirements for such exchange; and (4) demonstrate a near real-time situational awareness, research-based pilot project for critical infrastructure.</p> <p>DHS shall provide to the President a research report that outlines the National Infrastructure Protection Plan and a National Critical Infrastructure Security and Resilience Research and Development Plan. </p> <p>DHS must determine which critical infrastructure sectors and agencies should be engaged in efforts to detect, deter, mitigate, and lead recovery efforts related to terrorist incidents.</p>]]></summary-text>
</summary>
</item>
<dublinCore xmlns:dc="http://purl.org/dc/elements/1.1/">
<dc:format>text/xml</dc:format>
<dc:language>EN</dc:language>
<dc:rights>Pursuant to Title 17 Section 105 of the United States Code, this file is not subject to copyright protection and is in the public domain.</dc:rights>
<dc:contributor>Congressional Research Service, Library of Congress</dc:contributor>
<dc:description>This file contains bill summaries for federal legislation. A bill summary describes the most significant provisions of a piece of legislation and details the effects the legislative text may have on current law and federal programs. Bill summaries are authored by the Congressional Research Service (CRS) of the Library of Congress. As stated in Public Law 91-510 (2 USC 166 (d)(6)), one of the duties of CRS is "to prepare summaries and digests of bills and resolutions of a public general nature introduced in the Senate or House of Representatives". For more information, refer to the User Guide that accompanies this file.</dc:description>
</dublinCore>
</BillSummaries>
