<?xml version="1.0" encoding="UTF-8"?><BillSummaries>
<item congress="115" measure-type="hr" measure-number="772" measure-id="id115hr772" originChamber="HOUSE" orig-publish-date="2017-01-31" update-date="2018-02-16">
<title>Common Sense Nutrition Disclosure Act of 2017</title>
<summary summary-id="id115hr772v36" currentChamber="HOUSE" update-date="2018-02-16">
<action-date>2018-02-06</action-date>
<action-desc>Passed House amended</action-desc>
<summary-text><![CDATA[<p>(This measure has not been amended since it was reported to the House on January 8, 2018. The summary of that version is repeated here.)</p> <p><b>Common Sense Nutrition Disclosure Act of 2017</b></p> <p>(Sec. 2) This bill amends the Federal Food, Drug, and Cosmetic Act to revise the nutritional information that restaurants and retail food establishments must disclose. The nutrient content disclosure statement on the menu or menu board must include: (1) the number of calories contained in the whole menu item; (2) the number of servings and number of calories per serving; or (3) the number of calories per common unit of the item, such as for a multi-serving item that is typically divided before presentation to the consumer. Nutritional information may be provided solely by a remote-access menu (e.g., an Internet menu) for food establishments where the majority of orders are placed by customers who are off-premises.</p> <p>Establishments with self-serve food may comply with the requirements for restaurants or place signs with nutritional information adjacent to each food item.</p> <p>An establishment's nutrient content disclosures may vary from actual nutrient content if the disclosures comply with current standards for reasonable basis.</p> <p>Establishments with standard menu items that come in different flavors, varieties, or combinations, that are listed as a single menu item may determine and disclose nutritional information using specified methods or methods allowed by the Food and Drug Administration (FDA).</p> <p>Regulations pursuant to this bill or the clause amended by this bill may not take effect until&nbsp;the compliance&nbsp;date specified in the regulations promulgated pursuant to this bill.</p> <p>The FDA may not exempt states from nutrition labeling requirements.</p> <p>(Sec. 3) Establishments are not liable in any state or federal civil action for claims arising out of an alleged violation of federal or state nutrition labeling, unless the action is brought by a state or the United States.</p>]]></summary-text>
</summary>
<summary summary-id="id115hr772v17" currentChamber="HOUSE" update-date="2018-02-15">
<action-date>2018-01-08</action-date>
<action-desc>Reported to House with amendment(s)</action-desc>
<summary-text><![CDATA[<p><b>Common Sense Nutrition Disclosure Act of 2017</b></p> <p>(Sec. 2) This bill amends the Federal Food, Drug, and Cosmetic Act to revise the nutritional information that restaurants and retail food establishments must disclose. The nutrient content disclosure statement on the menu or menu board must include: (1) the number of calories contained in the whole menu item; (2) the number of servings and number of calories per serving; or (3) the number of calories per common unit of the item, such as for a multi-serving item that is typically divided before presentation to the consumer. Nutritional information may be provided solely by a remote-access menu (e.g., an Internet menu) for food establishments where the majority of orders are placed by customers who are off-premises.</p> <p>Establishments with self-serve food may comply with the requirements for restaurants or place signs with nutritional information adjacent to each food item.</p> <p>An establishment's nutrient content disclosures may vary from actual nutrient content if the disclosures comply with current standards for reasonable basis.</p> <p>Establishments with standard menu items that come in different flavors, varieties, or combinations, that are listed as a single menu item may determine and disclose nutritional information using specified methods or methods allowed by the Food and Drug Administration (FDA).</p> <p>Regulations pursuant to this bill or the clause amended by this bill may not take effect until&nbsp;the compliance&nbsp;date specified in the regulations promulgated pursuant to this bill.</p> <p>The FDA may not exempt states from nutrition labeling requirements.</p> <p>(Sec. 3) Establishments are not liable in any state or federal civil action for claims arising out of an alleged violation of federal or state nutrition labeling, unless the action is brought by a state or the United States.</p>]]></summary-text>
</summary>
<summary summary-id="id115hr772v00" currentChamber="HOUSE" update-date="2018-02-15">
<action-date>2017-01-31</action-date>
<action-desc>Introduced in House</action-desc>
<summary-text><![CDATA[<p><b>Common Sense Nutrition Disclosure Act of 2017</b></p> <p>This bill amends the Federal Food, Drug, and Cosmetic Act to revise the nutritional information that restaurants and retail food establishments must disclose. The nutrient content disclosure statement on the menu or menu board must include: (1) the number of calories contained in the whole menu item; (2) the number of servings and number of calories per serving; or (3) the number of calories per common unit of the item, such as for a multi-serving item that is typically divided before presentation to the consumer. Nutritional information may be provided solely by a remote-access menu (e.g., an Internet menu) for food establishments where the majority of orders are placed by customers who are off-premises.</p> <p>Establishments with self-serve food may comply with the requirements for restaurants or place signs with nutritional information adjacent to each food item.</p> <p>An establishment's nutrient content disclosures may vary from actual nutrient content if the disclosures comply with current standards for reasonable basis.</p> <p>Establishments with standard menu items that come in different flavors, varieties, or combinations, that are listed as a single menu item may determine and disclose nutritional information using specified methods or methods allowed by the Food and Drug Administration (FDA).</p> <p>Regulations pursuant to this bill or the clause amended by this bill may not take effect earlier than two years after final regulations are promulgated.</p> <p>The FDA may not exempt states from nutrition labeling requirements.</p>]]></summary-text>
</summary>
</item>
<dublinCore xmlns:dc="http://purl.org/dc/elements/1.1/">
<dc:format>text/xml</dc:format>
<dc:language>EN</dc:language>
<dc:rights>Pursuant to Title 17 Section 105 of the United States Code, this file is not subject to copyright protection and is in the public domain.</dc:rights>
<dc:contributor>Congressional Research Service, Library of Congress</dc:contributor>
<dc:description>This file contains bill summaries for federal legislation. A bill summary describes the most significant provisions of a piece of legislation and details the effects the legislative text may have on current law and federal programs. Bill summaries are authored by the Congressional Research Service (CRS) of the Library of Congress. As stated in Public Law 91-510 (2 USC 166 (d)(6)), one of the duties of CRS is "to prepare summaries and digests of bills and resolutions of a public general nature introduced in the Senate or House of Representatives". For more information, refer to the User Guide that accompanies this file.</dc:description>
</dublinCore>
</BillSummaries>
