<?xml version="1.0" encoding="UTF-8"?><BillSummaries>
<item congress="115" measure-type="hr" measure-number="278" measure-id="id115hr278" originChamber="HOUSE" orig-publish-date="2017-01-04" update-date="2017-01-31">
<title>Finish the Fence Act of 2017</title>
<summary summary-id="id115hr278v00" currentChamber="HOUSE" update-date="2017-01-31">
<action-date>2017-01-04</action-date>
<action-desc>Introduced in House</action-desc>
<summary-text><![CDATA[<p><strong>Finish the Fence Act of 2017</strong></p> <p>This bill amends the Illegal Immigration Reform and Immigrant Responsibility Act of 1996 with respect to construction of border fencing and road improvements to direct the Department of Homeland Security (DHS) to complete the required 700-mile southwest border fencing by December 31, 2017. </p> <p>The Secure Fence Act of 2006 is amended to direct DHS, in consultation with state and local officials along the U.S.-Mexico border, to achieve operational control over U.S. international land and maritime borders by December 31, 2017.</p>]]></summary-text>
</summary>
</item>
<dublinCore xmlns:dc="http://purl.org/dc/elements/1.1/">
<dc:format>text/xml</dc:format>
<dc:language>EN</dc:language>
<dc:rights>Pursuant to Title 17 Section 105 of the United States Code, this file is not subject to copyright protection and is in the public domain.</dc:rights>
<dc:contributor>Congressional Research Service, Library of Congress</dc:contributor>
<dc:description>This file contains bill summaries for federal legislation. A bill summary describes the most significant provisions of a piece of legislation and details the effects the legislative text may have on current law and federal programs. Bill summaries are authored by the Congressional Research Service (CRS) of the Library of Congress. As stated in Public Law 91-510 (2 USC 166 (d)(6)), one of the duties of CRS is "to prepare summaries and digests of bills and resolutions of a public general nature introduced in the Senate or House of Representatives". For more information, refer to the User Guide that accompanies this file.</dc:description>
</dublinCore>
</BillSummaries>
