<?xml version="1.0" encoding="UTF-8"?><BillSummaries>
<item congress="115" measure-type="hr" measure-number="397" measure-id="id115hr397" originChamber="HOUSE" orig-publish-date="2017-01-10" update-date="2017-02-27">
<title>Members of Congress Tax Accountability Act of 2017</title>
<summary summary-id="id115hr397v00" currentChamber="HOUSE" update-date="2017-02-27">
<action-date>2017-01-10</action-date>
<action-desc>Introduced in House</action-desc>
<summary-text><![CDATA[<p><b>Members of Congress Tax Accountability Act of 2017</b></p> <p>This bill amends the Ethics in Government Act of 1978 to require Members of Congress to include in their annual financial disclosure reports the amount of any delinquent tax liability owed to the United States or any state or local government entity.</p> <p>The appropriate congressional ethics committee is required to open an inquiry immediately into the tax delinquency of that Member to determine: (1) his or her total delinquent tax liability and reason for such delinquency, (2) whether the Member has a plan to eliminate it, and (3) whether it has reflected poorly on Congress.</p> <p>Such Member shall arrange with the Secretary of the Senate or the Chief Administrative Officer of the House of Representatives, as appropriate, and the Internal Revenue Service to have an appropriate amount of his or her salary designated to pay the taxes owed to the United States within a reasonable time period.</p>]]></summary-text>
</summary>
</item>
<dublinCore xmlns:dc="http://purl.org/dc/elements/1.1/">
<dc:format>text/xml</dc:format>
<dc:language>EN</dc:language>
<dc:rights>Pursuant to Title 17 Section 105 of the United States Code, this file is not subject to copyright protection and is in the public domain.</dc:rights>
<dc:contributor>Congressional Research Service, Library of Congress</dc:contributor>
<dc:description>This file contains bill summaries for federal legislation. A bill summary describes the most significant provisions of a piece of legislation and details the effects the legislative text may have on current law and federal programs. Bill summaries are authored by the Congressional Research Service (CRS) of the Library of Congress. As stated in Public Law 91-510 (2 USC 166 (d)(6)), one of the duties of CRS is "to prepare summaries and digests of bills and resolutions of a public general nature introduced in the Senate or House of Representatives". For more information, refer to the User Guide that accompanies this file.</dc:description>
</dublinCore>
</BillSummaries>
