<?xml version="1.0" encoding="UTF-8"?><BillSummaries>
<item congress="115" measure-type="hr" measure-number="102" measure-id="id115hr102" originChamber="HOUSE" orig-publish-date="2017-01-03" update-date="2017-01-12">
<title>Expanding Care for Veterans Act</title>
<summary summary-id="id115hr102v00" currentChamber="HOUSE" update-date="2017-01-12">
<action-date>2017-01-03</action-date>
<action-desc>Introduced in House</action-desc>
<summary-text><![CDATA[<p><strong>Expanding Care for Veterans Act</strong></p> <p>This bill directs the Department of Veterans Affairs (VA) to develop a plan to expand the scope of VA's research and education on, and delivery and integration of, complementary and alternative medicine services.</p> <p>The VA shall carry out, through its Office of Patient Centered Care and Cultural Transformation, a three-year program to: (1) assess the feasibility and advisability of integrating the delivery of selected complementary and alternative medicine services with other VA health care services for veterans, and (2) identify and resolve barriers to providing such services and integrating them with other VA health services.</p> <p>Such program shall be conducted at not fewer than 15 VA medical centers by integrating the provision of complementary and alternative medicine services with other VA health care services provided to veterans who have a mental health condition, experience chronic pain, or have a chronic condition. Veterans' participation shall be voluntary.</p> <p>The VA shall contract with a qualified independent entity for comprehensive studies of the barriers encountered by veterans in receiving, and by administrators and clinicians in providing, complementary and alternative medicine services through the VA. Such studies shall be conducted through surveys of veterans and VA administrators and clinicians.</p> <p>The VA shall carry out a three-year program awarding grants to public or private nonprofit entities to assess the feasibility and advisability of using wellness programs to complement the provision of mental health care to veterans and family members who are eligible for readjustment counseling from the VA.</p>]]></summary-text>
</summary>
</item>
<dublinCore xmlns:dc="http://purl.org/dc/elements/1.1/">
<dc:format>text/xml</dc:format>
<dc:language>EN</dc:language>
<dc:rights>Pursuant to Title 17 Section 105 of the United States Code, this file is not subject to copyright protection and is in the public domain.</dc:rights>
<dc:contributor>Congressional Research Service, Library of Congress</dc:contributor>
<dc:description>This file contains bill summaries for federal legislation. A bill summary describes the most significant provisions of a piece of legislation and details the effects the legislative text may have on current law and federal programs. Bill summaries are authored by the Congressional Research Service (CRS) of the Library of Congress. As stated in Public Law 91-510 (2 USC 166 (d)(6)), one of the duties of CRS is "to prepare summaries and digests of bills and resolutions of a public general nature introduced in the Senate or House of Representatives". For more information, refer to the User Guide that accompanies this file.</dc:description>
</dublinCore>
</BillSummaries>
