<?xml version="1.0" encoding="UTF-8"?><BillSummaries>
<item congress="115" measure-type="hr" measure-number="1021" measure-id="id115hr1021" originChamber="HOUSE" orig-publish-date="2017-02-13" update-date="2017-05-31">
<title>Expatriate Terrorist Act</title>
<summary summary-id="id115hr1021v00" currentChamber="HOUSE" update-date="2017-05-31">
<action-date>2017-02-13</action-date>
<action-desc>Introduced in House</action-desc>
<summary-text><![CDATA[<p> <strong>Expatriate Terrorist Act</strong></p> <p>This bill amends the Immigration and Nationality Act to include among the grounds for loss of U.S. nationality by a native-born or naturalized citizen: </p> <ul> <li>taking an oath or making a declaration of allegiance to a foreign terrorist organization after attaining the age of 18; </li> <li>entering, or serving in, a foreign terrorist organization; </li> <li>becoming a member of or providing training or material assistance to a foreign terrorist organization; and </li> <li> accepting, serving in, or performing the duties of any office, post, or employment under the government of a foreign state, a political subdivision, or a foreign terrorist organization if the person knowingly has or acquires the nationality of that foreign state, or an oath, affirmation, or declaration of allegiance to the foreign state, political subdivision, or designated foreign terrorist organization is required for the office, post, or employment. </li> </ul> <p> The Passport Act of 1926 is amended to: </p> <ul> <li>prohibit the Department of State from issuing a passport or passport card to an individual who is a member, or attempting to become a member, of a foreign terrorist organization; and </li> <li>direct the State Department to revoke a passport or passport card previously issued to any such individual. </li> </ul> <p> A person who is denied issuance of a passport or passport card or whose passport or passport card is revoked or otherwise restricted may request a due process hearing not later than 60 days after receiving notice of the nonissuance, revocation, or restriction.</p>]]></summary-text>
</summary>
</item>
<dublinCore xmlns:dc="http://purl.org/dc/elements/1.1/">
<dc:format>text/xml</dc:format>
<dc:language>EN</dc:language>
<dc:rights>Pursuant to Title 17 Section 105 of the United States Code, this file is not subject to copyright protection and is in the public domain.</dc:rights>
<dc:contributor>Congressional Research Service, Library of Congress</dc:contributor>
<dc:description>This file contains bill summaries for federal legislation. A bill summary describes the most significant provisions of a piece of legislation and details the effects the legislative text may have on current law and federal programs. Bill summaries are authored by the Congressional Research Service (CRS) of the Library of Congress. As stated in Public Law 91-510 (2 USC 166 (d)(6)), one of the duties of CRS is "to prepare summaries and digests of bills and resolutions of a public general nature introduced in the Senate or House of Representatives". For more information, refer to the User Guide that accompanies this file.</dc:description>
</dublinCore>
</BillSummaries>
