<?xml version="1.0" encoding="UTF-8"?><BillSummaries>
<item congress="115" measure-type="hr" measure-number="674" measure-id="id115hr674" originChamber="HOUSE" orig-publish-date="2017-01-24" update-date="2017-02-22">
<title>One In, One Out Act</title>
<summary summary-id="id115hr674v00" currentChamber="HOUSE" update-date="2017-02-22">
<action-date>2017-01-24</action-date>
<action-desc>Introduced in House</action-desc>
<summary-text><![CDATA[<p><strong>One In, One Out Act</strong></p> <p> This bill prohibits a federal agency from issuing a rule that imposes a cost or responsibility on a nongovernmental person or a state or local government unless: (1) such agency has repealed or revised one or more related rules in a way that reduces costs to the regulated entities, and (2) the cost of the new rule is less than or equal to the cost of the rules being repealed or revised. </p> <p>Any such repealed or revised rule must be published in the Federal Register.</p> <p>This bill is inapplicable to any rule that: (1) relates to procurement by the agency, or (2) is being revised to be less burdensome by decreasing requirements imposed or compliance costs.</p>]]></summary-text>
</summary>
</item>
<dublinCore xmlns:dc="http://purl.org/dc/elements/1.1/">
<dc:format>text/xml</dc:format>
<dc:language>EN</dc:language>
<dc:rights>Pursuant to Title 17 Section 105 of the United States Code, this file is not subject to copyright protection and is in the public domain.</dc:rights>
<dc:contributor>Congressional Research Service, Library of Congress</dc:contributor>
<dc:description>This file contains bill summaries for federal legislation. A bill summary describes the most significant provisions of a piece of legislation and details the effects the legislative text may have on current law and federal programs. Bill summaries are authored by the Congressional Research Service (CRS) of the Library of Congress. As stated in Public Law 91-510 (2 USC 166 (d)(6)), one of the duties of CRS is "to prepare summaries and digests of bills and resolutions of a public general nature introduced in the Senate or House of Representatives". For more information, refer to the User Guide that accompanies this file.</dc:description>
</dublinCore>
</BillSummaries>
