<?xml version="1.0" encoding="UTF-8"?><BillSummaries>
<item congress="115" measure-type="hr" measure-number="609" measure-id="id115hr609" originChamber="HOUSE" orig-publish-date="2017-01-23" update-date="2017-03-15">
<title>To designate the Department of Veterans Affairs health care center in Center Township, Butler County, Pennsylvania, as the "Abie Abraham VA Clinic".</title>
<summary summary-id="id115hr609v49" currentChamber="BOTH" update-date="2017-03-15">
<action-date>2017-03-13</action-date>
<action-desc>Public Law</action-desc>
<summary-text><![CDATA[(This measure has not been amended since it was introduced. The summary of that version is repeated here.) <p>This bill designates the Department of Veterans Affairs health care center in Center Township, Butler County, Pennsylvania, as the "Abie Abraham VA Clinic."</p>]]></summary-text>
</summary>
<summary summary-id="id115hr609v82" currentChamber="SENATE" update-date="2017-03-04">
<action-date>2017-02-17</action-date>
<action-desc>Passed Senate without amendment</action-desc>
<summary-text><![CDATA[<p>(This measure has not been amended since it was introduced. The summary of that version is repeated here.)</p> <p>This bill designates the Department of Veterans Affairs health care center in Center Township, Butler County, Pennsylvania, as the &quot;Abie Abraham VA Clinic.&quot;</p>]]></summary-text>
</summary>
<summary summary-id="id115hr609v81" currentChamber="HOUSE" update-date="2017-02-25">
<action-date>2017-02-13</action-date>
<action-desc>Passed House without amendment</action-desc>
<summary-text><![CDATA[<p>(This measure has not been amended since it was introduced. The summary of that version is repeated here.)</p> <p>This bill designates the Department of Veterans Affairs health care center in Center Township, Butler County, Pennsylvania, as the &quot;Abie Abraham VA Clinic.&quot;</p>]]></summary-text>
</summary>
<summary summary-id="id115hr609v00" currentChamber="HOUSE" update-date="2017-02-10">
<action-date>2017-01-23</action-date>
<action-desc>Introduced in House</action-desc>
<summary-text><![CDATA[<p>This bill designates the Department of Veterans Affairs health care center in Center Township, Butler County, Pennsylvania, as the &quot;Abie Abraham VA Clinic.&quot;</p>]]></summary-text>
</summary>
</item>
<dublinCore xmlns:dc="http://purl.org/dc/elements/1.1/">
<dc:format>text/xml</dc:format>
<dc:language>EN</dc:language>
<dc:rights>Pursuant to Title 17 Section 105 of the United States Code, this file is not subject to copyright protection and is in the public domain.</dc:rights>
<dc:contributor>Congressional Research Service, Library of Congress</dc:contributor>
<dc:description>This file contains bill summaries for federal legislation. A bill summary describes the most significant provisions of a piece of legislation and details the effects the legislative text may have on current law and federal programs. Bill summaries are authored by the Congressional Research Service (CRS) of the Library of Congress. As stated in Public Law 91-510 (2 USC 166 (d)(6)), one of the duties of CRS is "to prepare summaries and digests of bills and resolutions of a public general nature introduced in the Senate or House of Representatives". For more information, refer to the User Guide that accompanies this file.</dc:description>
</dublinCore>
</BillSummaries>
