<?xml version="1.0" encoding="UTF-8"?><BillSummaries>
<item congress="115" measure-type="hr" measure-number="1181" measure-id="id115hr1181" originChamber="HOUSE" orig-publish-date="2017-02-16" update-date="2017-03-25">
<title>Veterans 2nd Amendment Protection Act</title>
<summary summary-id="id115hr1181v81" currentChamber="HOUSE" update-date="2017-03-25">
<action-date>2017-03-16</action-date>
<action-desc>Passed House without amendment</action-desc>
<summary-text><![CDATA[<p>(This measure has not been amended since it was introduced. The expanded summary of the House reported version is repeated here.)</p> <p><strong>Veterans 2nd Amendment Protection Act</strong></p> <p>(Sec. 2) This bill prohibits, in any case arising out of the administration of laws and benefits by the Department of Veterans Affairs, any person who is mentally incapacitated, deemed mentally incompetent, or experiencing an extended loss of consciousness from being considered adjudicated as a mental defective for purposes of the right to receive or transport firearms without the order or finding of a judicial authority of competent jurisdiction that such person is a danger to himself or herself or others.</p>]]></summary-text>
</summary>
<summary summary-id="id115hr1181v79" currentChamber="HOUSE" update-date="2017-03-14">
<action-date>2017-03-10</action-date>
<action-desc>Reported to House without amendment</action-desc>
<summary-text><![CDATA[<p>(This measure has not been amended since it was introduced. The summary has been expanded because action occurred on the measure.)</p> <p><strong>Veterans 2nd Amendment Protection Act</strong></p> <p>(Sec. 2) This bill prohibits, in any case arising out of the administration of laws and benefits by the Department of Veterans Affairs, any person who is mentally incapacitated, deemed mentally incompetent, or experiencing an extended loss of consciousness from being considered adjudicated as a mental defective for purposes of the right to receive or transport firearms without the order or finding of a judicial authority of competent jurisdiction that such person is a danger to himself or herself or others.</p>]]></summary-text>
</summary>
<summary summary-id="id115hr1181v00" currentChamber="HOUSE" update-date="2017-03-04">
<action-date>2017-02-16</action-date>
<action-desc>Introduced in House</action-desc>
<summary-text><![CDATA[<p><strong>Veterans 2nd Amendment Protection Act</strong></p> <p>This bill prohibits, in any case arising out of the administration of laws and benefits by the Department of Veterans Affairs, any person who is mentally incapacitated, deemed mentally incompetent, or experiencing an extended loss of consciousness from being considered adjudicated as a mental defective for purposes of the right to receive or transport firearms without the order or finding of a judicial authority of competent jurisdiction that such person is a danger to himself or herself or others.</p>]]></summary-text>
</summary>
</item>
<dublinCore xmlns:dc="http://purl.org/dc/elements/1.1/">
<dc:format>text/xml</dc:format>
<dc:language>EN</dc:language>
<dc:rights>Pursuant to Title 17 Section 105 of the United States Code, this file is not subject to copyright protection and is in the public domain.</dc:rights>
<dc:contributor>Congressional Research Service, Library of Congress</dc:contributor>
<dc:description>This file contains bill summaries for federal legislation. A bill summary describes the most significant provisions of a piece of legislation and details the effects the legislative text may have on current law and federal programs. Bill summaries are authored by the Congressional Research Service (CRS) of the Library of Congress. As stated in Public Law 91-510 (2 USC 166 (d)(6)), one of the duties of CRS is "to prepare summaries and digests of bills and resolutions of a public general nature introduced in the Senate or House of Representatives". For more information, refer to the User Guide that accompanies this file.</dc:description>
</dublinCore>
</BillSummaries>
