<?xml version="1.0" encoding="UTF-8"?><BillSummaries>
<item congress="115" measure-type="hr" measure-number="1085" measure-id="id115hr1085" originChamber="HOUSE" orig-publish-date="2017-02-15" update-date="2017-02-23">
<title>Buffalo Tract Protection Act</title>
<summary summary-id="id115hr1085v00" currentChamber="HOUSE" update-date="2017-02-23">
<action-date>2017-02-15</action-date>
<action-desc>Introduced in House</action-desc>
<summary-text><![CDATA[<p><b>Buffalo Tract Protection Act</b></p> <p>This bill withdraws specified Bureau of the Land Management (BLM) lands in Placitas, New Mexico, from all forms of mineral development under all laws pertaining to mineral leasing or mineral materials, including locatable minerals. </p> <p>Nothing in this bill prohibits the disposal of the surface estate of such BLM lands under the Federal Land Policy and Management Act of 1976 or the Recreation and Public Purposes Act. </p> <p>Any disposal of the surface estate of the BLM lands shall be subject to the condition that the mineral estate of those lands shall remain under the ownership of the BLM, subject to the withdrawal under this bill. </p>]]></summary-text>
</summary>
</item>
<dublinCore xmlns:dc="http://purl.org/dc/elements/1.1/">
<dc:format>text/xml</dc:format>
<dc:language>EN</dc:language>
<dc:rights>Pursuant to Title 17 Section 105 of the United States Code, this file is not subject to copyright protection and is in the public domain.</dc:rights>
<dc:contributor>Congressional Research Service, Library of Congress</dc:contributor>
<dc:description>This file contains bill summaries for federal legislation. A bill summary describes the most significant provisions of a piece of legislation and details the effects the legislative text may have on current law and federal programs. Bill summaries are authored by the Congressional Research Service (CRS) of the Library of Congress. As stated in Public Law 91-510 (2 USC 166 (d)(6)), one of the duties of CRS is "to prepare summaries and digests of bills and resolutions of a public general nature introduced in the Senate or House of Representatives". For more information, refer to the User Guide that accompanies this file.</dc:description>
</dublinCore>
</BillSummaries>
