<?xml version="1.0" encoding="UTF-8"?><BillSummaries>
<item congress="115" measure-type="hr" measure-number="267" measure-id="id115hr267" originChamber="HOUSE" orig-publish-date="2017-01-04" update-date="2018-01-31">
<title>Martin Luther King, Jr. National Historical Park Act of 2017</title>
<summary summary-id="id115hr267v49" currentChamber="BOTH" update-date="2018-01-31">
<action-date>2018-01-08</action-date>
<action-desc>Public Law</action-desc>
<summary-text><![CDATA[<p>(This measure has not been amended since it was passed by the House on March 15, 2017. The summary of that version is repeated here.)</p> <p><strong>Martin Luther King, Jr. National Historical Park Act of 2017</strong></p> <p>(Sec. 2) This bill redesignates the Martin Luther King, Junior, National Historic Site in the state of Georgia as the "Martin Luther King, Jr. National Historical Park." The bill replaces the current boundary map with a map of a proposed boundary revision dated June 2015.</p>]]></summary-text>
</summary>
<summary summary-id="id115hr267v82" currentChamber="SENATE" update-date="2018-01-02">
<action-date>2017-12-21</action-date>
<action-desc>Passed Senate without amendment</action-desc>
<summary-text><![CDATA[<p>(This measure has not been amended since it was passed by the House on March 15, 2017. The summary of that version is repeated here.)</p> <p><strong>Martin Luther King, Jr. National Historical Park Act of 2017</strong></p> <p>(Sec. 2) This bill redesignates the Martin Luther King, Junior, National Historic Site in the state of Georgia as the "Martin Luther King, Jr. National Historical Park." The bill replaces the current boundary map with a map of a proposed boundary revision dated June 2015.</p>]]></summary-text>
</summary>
<summary summary-id="id115hr267v80" currentChamber="SENATE" update-date="2017-05-25">
<action-date>2017-05-09</action-date>
<action-desc>Reported to Senate without amendment</action-desc>
<summary-text><![CDATA[<p>(This measure has not been amended since it was passed by the House on March 15, 2017. The summary of that version is repeated here.) </p> <p><strong>Martin Luther King, Jr. National Historical Park Act of 2017</strong></p> <p>(Sec. 2) This bill redesignates the Martin Luther King, Junior, National Historic Site in the state of Georgia as the "Martin Luther King, Jr. National Historical Park." The bill replaces the current boundary map with a map of a proposed boundary revision dated June 2015.</p>]]></summary-text>
</summary>
<summary summary-id="id115hr267v36" currentChamber="HOUSE" update-date="2017-05-03">
<action-date>2017-03-15</action-date>
<action-desc>Passed House amended</action-desc>
<summary-text><![CDATA[<p><strong>Martin Luther King, Jr. National Historical Park Act of 2017</strong></p> <p>(Sec. 2) This bill redesignates the Martin Luther King, Junior, National Historic Site in the state of Georgia as the "Martin Luther King, Jr. National Historical Park." The bill replaces the current boundary map with a map of a proposed boundary revision dated June 2015.</p>]]></summary-text>
</summary>
<summary summary-id="id115hr267v00" currentChamber="HOUSE" update-date="2017-01-26">
<action-date>2017-01-04</action-date>
<action-desc>Introduced in House</action-desc>
<summary-text><![CDATA[<p><strong>Martin Luther King, Jr. National Historical Park Act of 2017</strong></p> <p>This bill redesignates the Martin Luther King, Junior, National Historic Site in the state of Georgia as the "Martin Luther King, Jr. National Historical Park." The bill replaces the current boundary map with a map of a proposed boundary revision dated June 2015.</p>]]></summary-text>
</summary>
</item>
<dublinCore xmlns:dc="http://purl.org/dc/elements/1.1/">
<dc:format>text/xml</dc:format>
<dc:language>EN</dc:language>
<dc:rights>Pursuant to Title 17 Section 105 of the United States Code, this file is not subject to copyright protection and is in the public domain.</dc:rights>
<dc:contributor>Congressional Research Service, Library of Congress</dc:contributor>
<dc:description>This file contains bill summaries for federal legislation. A bill summary describes the most significant provisions of a piece of legislation and details the effects the legislative text may have on current law and federal programs. Bill summaries are authored by the Congressional Research Service (CRS) of the Library of Congress. As stated in Public Law 91-510 (2 USC 166 (d)(6)), one of the duties of CRS is "to prepare summaries and digests of bills and resolutions of a public general nature introduced in the Senate or House of Representatives". For more information, refer to the User Guide that accompanies this file.</dc:description>
</dublinCore>
</BillSummaries>
