<?xml version="1.0" encoding="UTF-8"?><BillSummaries>
<item congress="115" measure-type="hr" measure-number="515" measure-id="id115hr515" originChamber="HOUSE" orig-publish-date="2017-01-13" update-date="2017-02-01">
<title>Energy Efficient Manufactured Home Act of 2017</title>
<summary summary-id="id115hr515v00" currentChamber="HOUSE" update-date="2017-02-01">
<action-date>2017-01-13</action-date>
<action-desc>Introduced in House</action-desc>
<summary-text><![CDATA[<p><b>Energy Efficient Manufactured Home Act of 2017</b></p> <p>This bill authorizes the Department of Housing and Urban Development to carry out a program to provide grants and loans to assist low-income owners of manufactured homes constructed before December 31, 1994, in decommissioning their dated homes and replacing them with Energy Star-qualified manufactured or modular homes. </p> <p>Grants or loans may be made only to a low-income owner of a dated manufactured home who has used that home as a primary residence on a year-round basis for at least the preceding 24 months. Each household may only receive one grant or loan under the program.</p> <p>The bill sets forth requirements with respect to: (1) ownership of the land on which the new manufactured or modular home is to be sited, and (2) the decommissioning of a dated home. </p>]]></summary-text>
</summary>
</item>
<dublinCore xmlns:dc="http://purl.org/dc/elements/1.1/">
<dc:format>text/xml</dc:format>
<dc:language>EN</dc:language>
<dc:rights>Pursuant to Title 17 Section 105 of the United States Code, this file is not subject to copyright protection and is in the public domain.</dc:rights>
<dc:contributor>Congressional Research Service, Library of Congress</dc:contributor>
<dc:description>This file contains bill summaries for federal legislation. A bill summary describes the most significant provisions of a piece of legislation and details the effects the legislative text may have on current law and federal programs. Bill summaries are authored by the Congressional Research Service (CRS) of the Library of Congress. As stated in Public Law 91-510 (2 USC 166 (d)(6)), one of the duties of CRS is "to prepare summaries and digests of bills and resolutions of a public general nature introduced in the Senate or House of Representatives". For more information, refer to the User Guide that accompanies this file.</dc:description>
</dublinCore>
</BillSummaries>
