<?xml version="1.0" encoding="UTF-8"?><BillSummaries>
<item congress="115" measure-type="hr" measure-number="1117" measure-id="id115hr1117" originChamber="HOUSE" orig-publish-date="2017-02-16" update-date="2017-11-21">
<title>To require the Administrator of the Federal Emergency Management Agency to submit a report regarding certain plans regarding assistance to applicants and grantees during the response to an emergency or disaster.</title>
<summary summary-id="id115hr1117v49" currentChamber="BOTH" update-date="2017-11-21">
<action-date>2017-10-18</action-date>
<action-desc>Public Law</action-desc>
<summary-text><![CDATA[<p>(This measure has not been amended since it was reported to the House on March 9, 2017. The summary of that version is repeated here.)</p> <p>(Sec. 1) This bill directs the Federal Emergency Management Agency (FEMA) to report to Congress regarding its plans to provide: (1) consistent guidance to applicants on FEMA disaster funding procedures during the response to an emergency or disaster, (2) appropriate record maintenance and transfer of documents to new teams during staff transitions, and (3) accurate assistance to applicants and grantees to ease the administrative burden throughout the process of obtaining and monitoring assistance.</p> <p>The report must: (1) include a plan for implementing operating procedures and document retention requirements to ensure the maintenance of appropriate records throughout the life cycle of the emergency or disaster; and (2) identify new technologies to aid the disaster workforce in partnering with state, local, and tribal governments and private nonprofits in the wake of a disaster or emergency to educate, assist, and inform applicants on the status of their applications and projects. </p>]]></summary-text>
</summary>
<summary summary-id="id115hr1117v82" currentChamber="SENATE" update-date="2017-11-21">
<action-date>2017-10-04</action-date>
<action-desc>Passed Senate without amendment</action-desc>
<summary-text><![CDATA[<p>(This measure has not been amended since it was reported to the House on March 9, 2017. The summary of that version is repeated here.)</p> <p>(Sec. 1) This bill directs the Federal Emergency Management Agency (FEMA) to report to Congress regarding its plans to provide: (1) consistent guidance to applicants on FEMA disaster funding procedures during the response to an emergency or disaster, (2) appropriate record maintenance and transfer of documents to new teams during staff transitions, and (3) accurate assistance to applicants and grantees to ease the administrative burden throughout the process of obtaining and monitoring assistance.</p> <p>The report must: (1) include a plan for implementing operating procedures and document retention requirements to ensure the maintenance of appropriate records throughout the life cycle of the emergency or disaster; and (2) identify new technologies to aid the disaster workforce in partnering with state, local, and tribal governments and private nonprofits in the wake of a disaster or emergency to educate, assist, and inform applicants on the status of their applications and projects. </p>]]></summary-text>
</summary>
<summary summary-id="id115hr1117v80" currentChamber="SENATE" update-date="2017-11-21">
<action-date>2017-09-18</action-date>
<action-desc>Reported to Senate without amendment</action-desc>
<summary-text><![CDATA[<p>(This measure has not been amended since it was reported to the House on March 9, 2017. The summary of that version is repeated here.)</p> <p>(Sec. 1) This bill directs the Federal Emergency Management Agency (FEMA) to report to Congress regarding its plans to provide: (1) consistent guidance to applicants on FEMA disaster funding procedures during the response to an emergency or disaster, (2) appropriate record maintenance and transfer of documents to new teams during staff transitions, and (3) accurate assistance to applicants and grantees to ease the administrative burden throughout the process of obtaining and monitoring assistance.</p> <p>The report must: (1) include a plan for implementing operating procedures and document retention requirements to ensure the maintenance of appropriate records throughout the life cycle of the emergency or disaster; and (2) identify new technologies to aid the disaster workforce in partnering with state, local, and tribal governments and private nonprofits in the wake of a disaster or emergency to educate, assist, and inform applicants on the status of their applications and projects. </p>]]></summary-text>
</summary>
<summary summary-id="id115hr1117v36" currentChamber="HOUSE" update-date="2017-07-19">
<action-date>2017-03-27</action-date>
<action-desc>Passed House amended</action-desc>
<summary-text><![CDATA[<p>(This measure has not been amended since it was reported to the House on March 9, 2017. The summary of that version is repeated here.)</p> <p>(Sec. 1) This bill directs the Federal Emergency Management Agency (FEMA) to report to Congress regarding its plans to provide: (1) consistent guidance to applicants on FEMA disaster funding procedures during the response to an emergency or disaster, (2) appropriate record maintenance and transfer of documents to new teams during staff transitions, and (3) accurate assistance to applicants and grantees to ease the administrative burden throughout the process of obtaining and monitoring assistance.</p> <p>The report must: (1) include a plan for implementing operating procedures and document retention requirements to ensure the maintenance of appropriate records throughout the life cycle of the emergency or disaster; and (2) identify new technologies to aid the disaster workforce in partnering with state, local, and tribal governments and private nonprofits in the wake of a disaster or emergency to educate, assist, and inform applicants on the status of their applications and projects. </p>]]></summary-text>
</summary>
<summary summary-id="id115hr1117v17" currentChamber="HOUSE" update-date="2017-07-19">
<action-date>2017-03-09</action-date>
<action-desc>Reported to House with amendment(s)</action-desc>
<summary-text><![CDATA[<p>(Sec. 1) This bill directs the Federal Emergency Management Agency (FEMA) to report to Congress regarding its plans to provide: (1) consistent guidance to applicants on FEMA disaster funding procedures during the response to an emergency or disaster, (2) appropriate record maintenance and transfer of documents to new teams during staff transitions, and (3) accurate assistance to applicants and grantees to ease the administrative burden throughout the process of obtaining and monitoring assistance.</p> <p>The report must: (1) include a plan for implementing operating procedures and document retention requirements to ensure the maintenance of appropriate records throughout the life cycle of the emergency or disaster; and (2) identify new technologies to aid the disaster workforce in partnering with state, local, and tribal governments and private nonprofits in the wake of a disaster or emergency to educate, assist, and inform applicants on the status of their applications and projects.</p> <ul> </ul>]]></summary-text>
</summary>
<summary summary-id="id115hr1117v00" currentChamber="HOUSE" update-date="2017-02-27">
<action-date>2017-02-16</action-date>
<action-desc>Introduced in House</action-desc>
<summary-text><![CDATA[<p>This bill directs the Federal Emergency Management Agency (FEMA) to report to Congress regarding its plans to provide: (1) consistent guidance to applicants on FEMA disaster funding procedures during the response to an emergency or disaster, (2) appropriate record maintenance and transfer of documents to new teams during staff transitions, and (3) accurate assistance to applicants and grantees to ease the administrative burden throughout the process of obtaining and monitoring assistance.</p> <p>The report must: (1) include a plan for implementing operating procedures and document retention requirements to ensure the maintenance of appropriate records throughout the life cycle of the emergency or disaster; and (2) identify new technologies to aid the disaster workforce in partnering with state, local, and tribal governments and private nonprofits in the wake of a disaster or emergency to educate, assist, and inform applicants on the status of their applications and projects.</p> <ul> </ul>]]></summary-text>
</summary>
</item>
<dublinCore xmlns:dc="http://purl.org/dc/elements/1.1/">
<dc:format>text/xml</dc:format>
<dc:language>EN</dc:language>
<dc:rights>Pursuant to Title 17 Section 105 of the United States Code, this file is not subject to copyright protection and is in the public domain.</dc:rights>
<dc:contributor>Congressional Research Service, Library of Congress</dc:contributor>
<dc:description>This file contains bill summaries for federal legislation. A bill summary describes the most significant provisions of a piece of legislation and details the effects the legislative text may have on current law and federal programs. Bill summaries are authored by the Congressional Research Service (CRS) of the Library of Congress. As stated in Public Law 91-510 (2 USC 166 (d)(6)), one of the duties of CRS is "to prepare summaries and digests of bills and resolutions of a public general nature introduced in the Senate or House of Representatives". For more information, refer to the User Guide that accompanies this file.</dc:description>
</dublinCore>
</BillSummaries>
