<?xml version="1.0" encoding="UTF-8"?><BillSummaries>
<item congress="115" measure-type="hr" measure-number="736" measure-id="id115hr736" originChamber="HOUSE" orig-publish-date="2017-01-30" update-date="2017-02-22">
<title>Black Box Privacy Protection Act</title>
<summary summary-id="id115hr736v00" currentChamber="HOUSE" update-date="2017-02-22">
<action-date>2017-01-30</action-date>
<action-desc>Introduced in House</action-desc>
<summary-text><![CDATA[<p><b>Black Box Privacy Protection Act</b></p> <p>This bill amends the Automobile Information Disclosure Act to require manufacturers of new automobiles to disclose on the information label affixed to the window of the automobile: (1) the presence and location of an event data recorder (commonly referred to as a &quot;black box&quot;), (2) the type of information recorded and how such information is recorded, and (3) that the recording may be used in a law enforcement proceeding.</p> <p>The bill sets forth similar requirements for motorcycle manufacturers. </p> <p>An &quot;event data recorder&quot; is any device or means of technology installed in an automobile that records information such as automobile or motorcycle speed, seatbelt use, application of brakes, or other information pertinent to the operation of the automobile or motorcycle.</p> <p>The bill prohibits the manufacture, sale, offering for sale, or import into the United States of an automobile manufactured after 2015 (bearing a model year of 2016 or later) that is equipped with an event data recorder, unless the consumer can control the recording of information. Violators are liable to the U.S. government for a civil penalty of up to $5,000 for each violation with a maximum penalty of $35 million for a related series of violations. </p> <p>The event data recorder in an automobile or motorcycle, and any data recorded, shall be considered the property of the owner of the automobile or motorcycle. Retrieval or downloading of recorded data by any other person is unlawful, except: (1) with the owner's consent, (2) in response to a court order, or (3) by a dealer or automotive technician to service the vehicle. </p> <p>Certain violations are to be treated as unfair or deceptive acts or practices under the Federal Trade Commission Act. </p>]]></summary-text>
</summary>
</item>
<dublinCore xmlns:dc="http://purl.org/dc/elements/1.1/">
<dc:format>text/xml</dc:format>
<dc:language>EN</dc:language>
<dc:rights>Pursuant to Title 17 Section 105 of the United States Code, this file is not subject to copyright protection and is in the public domain.</dc:rights>
<dc:contributor>Congressional Research Service, Library of Congress</dc:contributor>
<dc:description>This file contains bill summaries for federal legislation. A bill summary describes the most significant provisions of a piece of legislation and details the effects the legislative text may have on current law and federal programs. Bill summaries are authored by the Congressional Research Service (CRS) of the Library of Congress. As stated in Public Law 91-510 (2 USC 166 (d)(6)), one of the duties of CRS is "to prepare summaries and digests of bills and resolutions of a public general nature introduced in the Senate or House of Representatives". For more information, refer to the User Guide that accompanies this file.</dc:description>
</dublinCore>
</BillSummaries>
