<?xml version="1.0" encoding="UTF-8"?><BillSummaries>
<item congress="115" measure-type="hr" measure-number="984" measure-id="id115hr984" originChamber="HOUSE" orig-publish-date="2017-02-07" update-date="2018-02-05">
<title>Thomasina E. Jordan Indian Tribes of Virginia Federal Recognition Act of 2017</title>
<summary summary-id="id115hr984v49" currentChamber="BOTH" update-date="2018-02-05">
<action-date>2018-01-29</action-date>
<action-desc>Public Law</action-desc>
<summary-text><![CDATA[<p>(This measure has not been amended since it was introduced. The expanded summary of the House passed version is repeated here.)</p> <p><b>Thomasina E. Jordan Indian Tribes of Virginia Federal Recognition Act of 2017</b></p> <p>TITLE I--CHICKAHOMINY INDIAN TRIBE</p> <p>(Sec. 103) This bill extends federal recognition to the Chickahominy Tribe. The tribe and its members are made eligible for the services and benefits provided by the federal government to federally recognized Indian tribes, without regard to the existence of a reservation for the tribe. The bill establishes the service area of the tribe.</p> <p>(Sec. 104) The bill sets forth requirements for the tribe regarding its membership roll, governing documents, and governing body.</p> <p>(Sec. 106) The Department of the Interior, upon the request of the tribe, must take certain land owned by the tribe in Virginia into trust for the benefit of the tribe, to be considered part of the tribe's reservation.</p> <p>The bill prohibits the tribe from conducting gaming activities.</p> <p>(Sec. 107) The bill does not affect the hunting, fishing, trapping, gathering, or water rights of the tribe or its members.</p> <p>TITLE II--CHICKAHOMINY INDIAN TRIBE--EASTERN DIVISION</p> <p>(Sec. 203) This bill extends federal recognition to the Chickahominy Indian Tribe--Eastern Division. The tribe and its members are made eligible for the services and benefits provided by the federal government to federally recognized tribes, without regard to the existence of a reservation for the tribe. The bill establishes the service area of the tribe.</p> <p>(Sec. 204) The bill sets forth requirements for the tribe regarding its membership roll, governing documents, and governing body.</p> <p>(Sec. 206) The Department of the Interior, upon the request of the tribe, must take certain land owned by the tribe in Virginia into trust for the benefit of the tribe, to be considered part of the tribe's reservation.</p> <p>The bill prohibits the tribe from conducting gaming activities.</p> <p>(Sec. 207) The bill does not affect the hunting, fishing, trapping, gathering, or water rights of the tribe or its members.</p> <p>TITLE III--UPPER MATTAPONI TRIBE</p> <p>(Sec. 303) This bill extends federal recognition to the Upper Mattaponi Tribe. The tribe and its members are made eligible for the services and benefits provided by the federal government to federally recognized tribes, without regard to the existence of a reservation for the tribe. The bill establishes the service area of the tribe.</p> <p>(Sec. 304) The bill sets forth requirements for the tribe regarding its membership roll, governing documents, and governing body.</p> <p>(Sec. 306) The Department of the Interior, upon the request of the tribe, must take certain land owned by the tribe in Virginia into trust for the benefit of the tribe, to be considered part of the tribe's reservation.</p> <p>The bill prohibits the tribe from conducting gaming activities.</p> <p>(Sec. 307) The bill does not affect the hunting, fishing, trapping, gathering, or water rights of the tribe or its members.</p> <p>TITLE IV--RAPPAHANNOCK TRIBE, INC.</p> <p>(Sec. 403) This bill extends federal recognition to the Rappahannock Tribe, Inc. The tribe and its members are made eligible for the services and benefits provided by the federal government to federally recognized tribes, without regard to the existence of a reservation for the tribe. The bill establishes the service area of the tribe.</p> <p>(Sec. 404) The bill sets forth requirements for the tribe regarding its membership roll, governing documents, and governing body.</p> <p>(Sec. 406) The Department of the Interior, upon the request of the tribe, must take certain land owned by the tribe in Virginia into trust for the benefit of the tribe, to be considered part of the tribe's reservation.</p> <p>The bill prohibits the tribe from conducting gaming activities.</p> <p>(Sec. 407) The bill does not affect the hunting, fishing, trapping, gathering, or water rights of the tribe or its members.</p> <p>TITLE V--MONACAN INDIAN NATION</p> <p>(Sec. 503) This bill extends federal recognition to the Monacan Indian Nation. The tribe and its members are made eligible for the services and benefits provided by the federal government to federally recognized tribes, without regard to the existence of a reservation for the tribe. The bill establishes the service area of the tribe.</p> <p>(Sec. 504) The bill sets forth requirements for the tribe regarding its membership roll, governing documents, and governing body.</p> <p>(Sec. 506) The Department of the Interior, upon the request of the tribe, must take certain land owned by the tribe in Virginia into trust for the benefit of the tribe, to be considered part of the tribe's reservation.</p> <p>The bill prohibits the tribe from conducting gaming activities.</p> <p>(Sec. 507) The bill does not affect the hunting, fishing, trapping, gathering, or water rights of the tribe or its members.</p> <p>TITLE VI--NANSEMOND INDIAN TRIBE</p> <p>(Sec. 603) This bill extends federal recognition to the Nansemond Indian Tribe. The tribe and its members are made eligible for the services and benefits provided by the federal government to federally recognized tribes, without regard to the existence of a reservation for the tribe. The bill establishes the service area of the tribe.</p> <p>(Sec. 604) The bill sets forth requirements for the tribe regarding its membership roll, governing documents, and governing body.</p> <p>(Sec. 606) The Department of the Interior, upon the request of the tribe, must take certain land owned by the tribe in Virginia into trust for the benefit of the tribe, to be considered part of the tribe's reservation.</p> <p>The bill prohibits the tribe from conducting gaming activities.</p> <p>(Sec. 607) The bill does not affect the hunting, fishing, trapping, gathering, or water rights of the tribe or its members.</p> <p>TITLE VII--EMINENT DOMAIN</p> <p>(Sec. 701) Eminent domain may not be used to acquire lands for a tribe recognized under this bill.</p>]]></summary-text>
</summary>
<summary summary-id="id115hr984v82" currentChamber="SENATE" update-date="2018-01-19">
<action-date>2018-01-11</action-date>
<action-desc>Passed Senate without amendment</action-desc>
<summary-text><![CDATA[<p>(This measure has not been amended since it was introduced. The expanded summary of the House passed version is repeated here.)</p> <p><b>Thomasina E. Jordan Indian Tribes of Virginia Federal Recognition Act of 2017</b></p> <p>TITLE I--CHICKAHOMINY INDIAN TRIBE</p> <p>(Sec. 103) This bill extends federal recognition to the Chickahominy Tribe. The tribe and its members are made eligible for the services and benefits provided by the federal government to federally recognized Indian tribes, without regard to the existence of a reservation for the tribe. The bill establishes the service area of the tribe.</p> <p>(Sec. 104) The bill sets forth requirements for the tribe regarding its membership roll, governing documents, and governing body.</p> <p>(Sec. 106) The Department of the Interior, upon the request of the tribe, must take certain land owned by the tribe in Virginia into trust for the benefit of the tribe, to be considered part of the tribe's reservation.</p> <p>The bill prohibits the tribe from conducting gaming activities.</p> <p>(Sec. 107) The bill does not affect the hunting, fishing, trapping, gathering, or water rights of the tribe or its members.</p> <p>TITLE II--CHICKAHOMINY INDIAN TRIBE--EASTERN DIVISION</p> <p>(Sec. 203) This bill extends federal recognition to the Chickahominy Indian Tribe--Eastern Division. The tribe and its members are made eligible for the services and benefits provided by the federal government to federally recognized tribes, without regard to the existence of a reservation for the tribe. The bill establishes the service area of the tribe.</p> <p>(Sec. 204) The bill sets forth requirements for the tribe regarding its membership roll, governing documents, and governing body.</p> <p>(Sec. 206) The Department of the Interior, upon the request of the tribe, must take certain land owned by the tribe in Virginia into trust for the benefit of the tribe, to be considered part of the tribe's reservation.</p> <p>The bill prohibits the tribe from conducting gaming activities.</p> <p>(Sec. 207) The bill does not affect the hunting, fishing, trapping, gathering, or water rights of the tribe or its members.</p> <p>TITLE III--UPPER MATTAPONI TRIBE</p> <p>(Sec. 303) This bill extends federal recognition to the Upper Mattaponi Tribe. The tribe and its members are made eligible for the services and benefits provided by the federal government to federally recognized tribes, without regard to the existence of a reservation for the tribe. The bill establishes the service area of the tribe.</p> <p>(Sec. 304) The bill sets forth requirements for the tribe regarding its membership roll, governing documents, and governing body.</p> <p>(Sec. 306) The Department of the Interior, upon the request of the tribe, must take certain land owned by the tribe in Virginia into trust for the benefit of the tribe, to be considered part of the tribe's reservation.</p> <p>The bill prohibits the tribe from conducting gaming activities.</p> <p>(Sec. 307) The bill does not affect the hunting, fishing, trapping, gathering, or water rights of the tribe or its members.</p> <p>TITLE IV--RAPPAHANNOCK TRIBE, INC.</p> <p>(Sec. 403) This bill extends federal recognition to the Rappahannock Tribe, Inc. The tribe and its members are made eligible for the services and benefits provided by the federal government to federally recognized tribes, without regard to the existence of a reservation for the tribe. The bill establishes the service area of the tribe.</p> <p>(Sec. 404) The bill sets forth requirements for the tribe regarding its membership roll, governing documents, and governing body.</p> <p>(Sec. 406) The Department of the Interior, upon the request of the tribe, must take certain land owned by the tribe in Virginia into trust for the benefit of the tribe, to be considered part of the tribe's reservation.</p> <p>The bill prohibits the tribe from conducting gaming activities.</p> <p>(Sec. 407) The bill does not affect the hunting, fishing, trapping, gathering, or water rights of the tribe or its members.</p> <p>TITLE V--MONACAN INDIAN NATION</p> <p>(Sec. 503) This bill extends federal recognition to the Monacan Indian Nation. The tribe and its members are made eligible for the services and benefits provided by the federal government to federally recognized tribes, without regard to the existence of a reservation for the tribe. The bill establishes the service area of the tribe.</p> <p>(Sec. 504) The bill sets forth requirements for the tribe regarding its membership roll, governing documents, and governing body.</p> <p>(Sec. 506) The Department of the Interior, upon the request of the tribe, must take certain land owned by the tribe in Virginia into trust for the benefit of the tribe, to be considered part of the tribe's reservation.</p> <p>The bill prohibits the tribe from conducting gaming activities.</p> <p>(Sec. 507) The bill does not affect the hunting, fishing, trapping, gathering, or water rights of the tribe or its members.</p> <p>TITLE VI--NANSEMOND INDIAN TRIBE</p> <p>(Sec. 603) This bill extends federal recognition to the Nansemond Indian Tribe. The tribe and its members are made eligible for the services and benefits provided by the federal government to federally recognized tribes, without regard to the existence of a reservation for the tribe. The bill establishes the service area of the tribe.</p> <p>(Sec. 604) The bill sets forth requirements for the tribe regarding its membership roll, governing documents, and governing body.</p> <p>(Sec. 606) The Department of the Interior, upon the request of the tribe, must take certain land owned by the tribe in Virginia into trust for the benefit of the tribe, to be considered part of the tribe's reservation.</p> <p>The bill prohibits the tribe from conducting gaming activities.</p> <p>(Sec. 607) The bill does not affect the hunting, fishing, trapping, gathering, or water rights of the tribe or its members.</p> <p>TITLE VII--EMINENT DOMAIN</p> <p>(Sec. 701) Eminent domain may not be used to acquire lands for a tribe recognized under this bill.</p>]]></summary-text>
</summary>
<summary summary-id="id115hr984v81" currentChamber="HOUSE" update-date="2017-07-07">
<action-date>2017-05-17</action-date>
<action-desc>Passed House without amendment</action-desc>
<summary-text><![CDATA[<p>(This measure has not been amended since it was introduced. The summary has been expanded because action occurred on the measure.)</p> <p><b>Thomasina E. Jordan Indian Tribes of Virginia Federal Recognition Act of 2017</b></p> <p>TITLE I--CHICKAHOMINY INDIAN TRIBE</p> <p>(Sec. 103) This bill extends federal recognition to the Chickahominy Tribe. The tribe and its members are made eligible for the services and benefits provided by the federal government to federally recognized Indian tribes, without regard to the existence of a reservation for the tribe. The bill establishes the service area of the tribe.</p> <p>(Sec. 104) The bill sets forth requirements for the tribe regarding its membership roll, governing documents, and governing body.</p> <p>(Sec. 106) The Department of the Interior, upon the request of the tribe, must take certain land owned by the tribe in Virginia into trust for the benefit of the tribe, to be considered part of the tribe's reservation.</p> <p>The bill prohibits the tribe from conducting gaming activities.</p> <p>(Sec. 107) The bill does not affect the hunting, fishing, trapping, gathering, or water rights of the tribe or its members.</p> <p>TITLE II--CHICKAHOMINY INDIAN TRIBE--EASTERN DIVISION</p> <p>(Sec. 203) This bill extends federal recognition to the Chickahominy Indian Tribe--Eastern Division. The tribe and its members are made eligible for the services and benefits provided by the federal government to federally recognized tribes, without regard to the existence of a reservation for the tribe. The bill establishes the service area of the tribe.</p> <p>(Sec. 204) The bill sets forth requirements for the tribe regarding its membership roll, governing documents, and governing body.</p> <p>(Sec. 206) The Department of the Interior, upon the request of the tribe, must take certain land owned by the tribe in Virginia into trust for the benefit of the tribe, to be considered part of the tribe's reservation.</p> <p>The bill prohibits the tribe from conducting gaming activities.</p> <p>(Sec. 207) The bill does not affect the hunting, fishing, trapping, gathering, or water rights of the tribe or its members.</p> <p>TITLE III--UPPER MATTAPONI TRIBE</p> <p>(Sec. 303) This bill extends federal recognition to the Upper Mattaponi Tribe. The tribe and its members are made eligible for the services and benefits provided by the federal government to federally recognized tribes, without regard to the existence of a reservation for the tribe. The bill establishes the service area of the tribe.</p> <p>(Sec. 304) The bill sets forth requirements for the tribe regarding its membership roll, governing documents, and governing body.</p> <p>(Sec. 306) The Department of the Interior, upon the request of the tribe, must take certain land owned by the tribe in Virginia into trust for the benefit of the tribe, to be considered part of the tribe's reservation.</p> <p>The bill prohibits the tribe from conducting gaming activities.</p> <p>(Sec. 307) The bill does not affect the hunting, fishing, trapping, gathering, or water rights of the tribe or its members.</p> <p>TITLE IV--RAPPAHANNOCK TRIBE, INC.</p> <p>(Sec. 403) This bill extends federal recognition to the Rappahannock Tribe, Inc. The tribe and its members are made eligible for the services and benefits provided by the federal government to federally recognized tribes, without regard to the existence of a reservation for the tribe. The bill establishes the service area of the tribe.</p> <p>(Sec. 404) The bill sets forth requirements for the tribe regarding its membership roll, governing documents, and governing body.</p> <p>(Sec. 406) The Department of the Interior, upon the request of the tribe, must take certain land owned by the tribe in Virginia into trust for the benefit of the tribe, to be considered part of the tribe's reservation.</p> <p>The bill prohibits the tribe from conducting gaming activities.</p> <p>(Sec. 407) The bill does not affect the hunting, fishing, trapping, gathering, or water rights of the tribe or its members.</p> <p>TITLE V--MONACAN INDIAN NATION</p> <p>(Sec. 503) This bill extends federal recognition to the Monacan Indian Nation. The tribe and its members are made eligible for the services and benefits provided by the federal government to federally recognized tribes, without regard to the existence of a reservation for the tribe. The bill establishes the service area of the tribe.</p> <p>(Sec. 504) The bill sets forth requirements for the tribe regarding its membership roll, governing documents, and governing body.</p> <p>(Sec. 506) The Department of the Interior, upon the request of the tribe, must take certain land owned by the tribe in Virginia into trust for the benefit of the tribe, to be considered part of the tribe's reservation.</p> <p>The bill prohibits the tribe from conducting gaming activities.</p> <p>(Sec. 507) The bill does not affect the hunting, fishing, trapping, gathering, or water rights of the tribe or its members.</p> <p>TITLE VI--NANSEMOND INDIAN TRIBE</p> <p>(Sec. 603) This bill extends federal recognition to the Nansemond Indian Tribe. The tribe and its members are made eligible for the services and benefits provided by the federal government to federally recognized tribes, without regard to the existence of a reservation for the tribe. The bill establishes the service area of the tribe.</p> <p>(Sec. 604) The bill sets forth requirements for the tribe regarding its membership roll, governing documents, and governing body.</p> <p>(Sec. 606) The Department of the Interior, upon the request of the tribe, must take certain land owned by the tribe in Virginia into trust for the benefit of the tribe, to be considered part of the tribe's reservation.</p> <p>The bill prohibits the tribe from conducting gaming activities.</p> <p>(Sec. 607) The bill does not affect the hunting, fishing, trapping, gathering, or water rights of the tribe or its members.</p> <p>TITLE VII--EMINENT DOMAIN</p> <p>(Sec. 701) Eminent domain may not be used to acquire lands for a tribe recognized under this bill.</p>]]></summary-text>
</summary>
<summary summary-id="id115hr984v00" currentChamber="HOUSE" update-date="2017-03-03">
<action-date>2017-02-07</action-date>
<action-desc>Introduced in House</action-desc>
<summary-text><![CDATA[<p><b>Thomasina E. Jordan Indian Tribes of Virginia Federal Recognition Act of 2017</b></p> <p> This bill extends federal recognition to the following Indian tribes of Virginia and establishes their relationship with the federal government:</p> <ul> <li>the Chickahominy Tribe;</li> <li>the Chickahominy Indian Tribe--Eastern Division;</li> <li>the Upper Mattaponi Tribe;</li> <li>the Rappahannock Tribe, Inc.;</li> <li>the Monacan Indian Nation; and</li> <li>the Nansemond Indian Tribe.</li> </ul> <p>The tribes and their members are made eligible for all services and benefits provided by the federal government to federally recognized Indian tribes. The bill establishes the service area of each tribe and requirements for each tribe regarding its membership roll and governance.</p> <p>Upon the request of a tribe, the Department of the Interior must take specified lands into trust for the benefit of the tribe, to be considered part of the tribe's reservation.</p><p>The tribes may not conduct gaming activities.</p> <p>Eminent domain may not be used to acquire lands for tribes recognized under this bill.</p>]]></summary-text>
</summary>
</item>
<dublinCore xmlns:dc="http://purl.org/dc/elements/1.1/">
<dc:format>text/xml</dc:format>
<dc:language>EN</dc:language>
<dc:rights>Pursuant to Title 17 Section 105 of the United States Code, this file is not subject to copyright protection and is in the public domain.</dc:rights>
<dc:contributor>Congressional Research Service, Library of Congress</dc:contributor>
<dc:description>This file contains bill summaries for federal legislation. A bill summary describes the most significant provisions of a piece of legislation and details the effects the legislative text may have on current law and federal programs. Bill summaries are authored by the Congressional Research Service (CRS) of the Library of Congress. As stated in Public Law 91-510 (2 USC 166 (d)(6)), one of the duties of CRS is "to prepare summaries and digests of bills and resolutions of a public general nature introduced in the Senate or House of Representatives". For more information, refer to the User Guide that accompanies this file.</dc:description>
</dublinCore>
</BillSummaries>
