<?xml version="1.0" encoding="UTF-8"?><BillSummaries>
<item congress="115" measure-type="hr" measure-number="447" measure-id="id115hr447" originChamber="HOUSE" orig-publish-date="2017-01-11" update-date="2017-07-06">
<title>To extend the deadline for commencement of construction of a hydroelectric project.</title>
<summary summary-id="id115hr447v81" currentChamber="HOUSE" update-date="2017-07-06">
<action-date>2017-06-12</action-date>
<action-desc>Passed House without amendment</action-desc>
<summary-text><![CDATA[<p>(This measure has not been amended since it was introduced. The summary has been expanded because action occurred on the measure.)</p> <p>(Sec.1)This bill authorizes the Federal Energy Regulatory Commission (FERC), upon request, to extend for up to six years the time period during which construction must commence on the Flannagan Dam and Reservoir Hydroelectric Project located in Dickenson County, Virginia.</p> <p>Additionally, FERC may reinstate the construction license if it is expired.</p>]]></summary-text>
</summary>
<summary summary-id="id115hr447v00" currentChamber="HOUSE" update-date="2017-06-22">
<action-date>2017-01-11</action-date>
<action-desc>Introduced in House</action-desc>
<summary-text><![CDATA[<p>This bill authorizes the Federal Energy Regulatory Commission (FERC), upon request, to extend for up to six years the time period during which construction must commence on the Flannagan Dam and Reservoir Hydroelectric Project located in Dickenson County, Virginia.</p> <p>Additionally, FERC may reinstate the construction license if it is expired.</p>]]></summary-text>
</summary>
</item>
<dublinCore xmlns:dc="http://purl.org/dc/elements/1.1/">
<dc:format>text/xml</dc:format>
<dc:language>EN</dc:language>
<dc:rights>Pursuant to Title 17 Section 105 of the United States Code, this file is not subject to copyright protection and is in the public domain.</dc:rights>
<dc:contributor>Congressional Research Service, Library of Congress</dc:contributor>
<dc:description>This file contains bill summaries for federal legislation. A bill summary describes the most significant provisions of a piece of legislation and details the effects the legislative text may have on current law and federal programs. Bill summaries are authored by the Congressional Research Service (CRS) of the Library of Congress. As stated in Public Law 91-510 (2 USC 166 (d)(6)), one of the duties of CRS is "to prepare summaries and digests of bills and resolutions of a public general nature introduced in the Senate or House of Representatives". For more information, refer to the User Guide that accompanies this file.</dc:description>
</dublinCore>
</BillSummaries>
