<?xml version="1.0" encoding="UTF-8"?><BillSummaries>
<item congress="115" measure-type="hr" measure-number="224" measure-id="id115hr224" originChamber="HOUSE" orig-publish-date="2017-01-03" update-date="2017-03-06">
<title>Polar Bear Conservation and Fairness Act</title>
<summary summary-id="id115hr224v00" currentChamber="HOUSE" update-date="2017-03-06">
<action-date>2017-01-03</action-date>
<action-desc>Introduced in House</action-desc>
<summary-text><![CDATA[<p><b>Polar Bear Conservation and Fairness Act</b></p> <p>This bill amends the Marine Mammal Protection Act of 1972 to direct Department of the Interior to issue a permit for the importation of a polar bear part (other than an internal organ) from a bear taken in a sport hunt in Canada to any permit applicant who has submitted proof that the polar bear was: (1) legally harvested by the applicant before the May 15, 2008, listing of the polar bear as threatened, and (2) harvested from an approved polar bear population. Interior must issue these permits without regard to limits on importing marine mammals with depleted populations. </p>]]></summary-text>
</summary>
</item>
<dublinCore xmlns:dc="http://purl.org/dc/elements/1.1/">
<dc:format>text/xml</dc:format>
<dc:language>EN</dc:language>
<dc:rights>Pursuant to Title 17 Section 105 of the United States Code, this file is not subject to copyright protection and is in the public domain.</dc:rights>
<dc:contributor>Congressional Research Service, Library of Congress</dc:contributor>
<dc:description>This file contains bill summaries for federal legislation. A bill summary describes the most significant provisions of a piece of legislation and details the effects the legislative text may have on current law and federal programs. Bill summaries are authored by the Congressional Research Service (CRS) of the Library of Congress. As stated in Public Law 91-510 (2 USC 166 (d)(6)), one of the duties of CRS is "to prepare summaries and digests of bills and resolutions of a public general nature introduced in the Senate or House of Representatives". For more information, refer to the User Guide that accompanies this file.</dc:description>
</dublinCore>
</BillSummaries>
