<?xml version="1.0" encoding="UTF-8"?><BillSummaries>
<item congress="115" measure-type="hr" measure-number="1063" measure-id="id115hr1063" originChamber="HOUSE" orig-publish-date="2017-02-15" update-date="2017-03-04">
<title>Veteran Prescription Continuity Act</title>
<summary summary-id="id115hr1063v00" currentChamber="HOUSE" update-date="2017-03-04">
<action-date>2017-02-15</action-date>
<action-desc>Introduced in House</action-desc>
<summary-text><![CDATA[<p><strong>Veteran Prescription Continuity Act</strong></p> <p>This bill amends the National Defense Authorization Act for Fiscal Year 2016 to direct the Department of Veterans Affairs (VA) to furnish an individual who is transitioning from Department of Defense (DOD)- to VA-furnished medical treatment any pharmaceutical agent not included in the joint uniform formulary if a DOD health care provider determines that the pharmaceutical agent is critical for the transition. </p> <p>The VA shall furnish an individual with such pharmaceutical agent: (1) beginning when the individual enrolls in the VA health care system, and (2) ending when a DOD health care provider determines that the individual does not require the pharmaceutical agent.</p>]]></summary-text>
</summary>
</item>
<dublinCore xmlns:dc="http://purl.org/dc/elements/1.1/">
<dc:format>text/xml</dc:format>
<dc:language>EN</dc:language>
<dc:rights>Pursuant to Title 17 Section 105 of the United States Code, this file is not subject to copyright protection and is in the public domain.</dc:rights>
<dc:contributor>Congressional Research Service, Library of Congress</dc:contributor>
<dc:description>This file contains bill summaries for federal legislation. A bill summary describes the most significant provisions of a piece of legislation and details the effects the legislative text may have on current law and federal programs. Bill summaries are authored by the Congressional Research Service (CRS) of the Library of Congress. As stated in Public Law 91-510 (2 USC 166 (d)(6)), one of the duties of CRS is "to prepare summaries and digests of bills and resolutions of a public general nature introduced in the Senate or House of Representatives". For more information, refer to the User Guide that accompanies this file.</dc:description>
</dublinCore>
</BillSummaries>
