<?xml version="1.0" encoding="UTF-8"?><BillSummaries>
<item congress="115" measure-type="hr" measure-number="1133" measure-id="id115hr1133" originChamber="HOUSE" orig-publish-date="2017-02-16" update-date="2017-11-13">
<title>Veterans Transplant Coverage Act of 2017</title>
<summary summary-id="id115hr1133v36" currentChamber="HOUSE" update-date="2017-11-13">
<action-date>2017-11-07</action-date>
<action-desc>Passed House amended</action-desc>
<summary-text><![CDATA[<p><strong>Veterans Transplant Coverage Act of 2017</strong></p> <p> (Sec. 2) This bill amends the Veterans Access, Choice, and Accountability Act of 2014 to authorize the Department of Veterans Affairs (VA) to: (1) provide for an operation on a live donor to carry out a transplant procedure for an eligible veteran, notwithstanding that the live donor may not be eligible for VA health care, and (2) provide for such an operation at a VA facility or a non-VA facility that has an agreement with the VA. (The live donor shall be deemed to be an individual eligible for hospital care and medical services at a non-VA facility pursuant to such an agreement solely for the purposes of receiving such operation, care, and services.) </p> <p> Subject to fund availability, the VA shall furnish to such a donor any care or services that may be required before and after conducting such procedure.</p>]]></summary-text>
</summary>
<summary summary-id="id115hr1133v00" currentChamber="HOUSE" update-date="2017-11-13">
<action-date>2017-02-16</action-date>
<action-desc>Introduced in House</action-desc>
<summary-text><![CDATA[<p><strong>Veterans Transplant Coverage Act of 2017</strong></p> <p>This bill authorizes the Department of Veterans Affairs (VA) to: (1) provide for an operation on a live donor to carry out a transplant procedure for an eligible veteran notwithstanding that the live donor may not be eligible for VA health care, and (2) provide for such an operation at a VA or a non-VA facility.</p> <p>The VA shall furnish to such a donor any care or services that may be required before and after conducting such procedure.</p>]]></summary-text>
</summary>
</item>
<dublinCore xmlns:dc="http://purl.org/dc/elements/1.1/">
<dc:format>text/xml</dc:format>
<dc:language>EN</dc:language>
<dc:rights>Pursuant to Title 17 Section 105 of the United States Code, this file is not subject to copyright protection and is in the public domain.</dc:rights>
<dc:contributor>Congressional Research Service, Library of Congress</dc:contributor>
<dc:description>This file contains bill summaries for federal legislation. A bill summary describes the most significant provisions of a piece of legislation and details the effects the legislative text may have on current law and federal programs. Bill summaries are authored by the Congressional Research Service (CRS) of the Library of Congress. As stated in Public Law 91-510 (2 USC 166 (d)(6)), one of the duties of CRS is "to prepare summaries and digests of bills and resolutions of a public general nature introduced in the Senate or House of Representatives". For more information, refer to the User Guide that accompanies this file.</dc:description>
</dublinCore>
</BillSummaries>
