<?xml version="1.0" encoding="UTF-8"?><BillSummaries>
<item congress="115" measure-type="hr" measure-number="1246" measure-id="id115hr1246" originChamber="HOUSE" orig-publish-date="2017-02-28" update-date="2017-03-07">
<title>Territory Health Insurance Tax Relief Act of 2017</title>
<summary summary-id="id115hr1246v00" currentChamber="HOUSE" update-date="2017-03-07">
<action-date>2017-02-28</action-date>
<action-desc>Introduced in House</action-desc>
<summary-text><![CDATA[<p><b>Territory Health Insurance Tax Relief Act of 2017</b></p> This bill amends the Patient Protection and Affordable Care Act to exclude premiums paid by residents of U.S. territories from a health insurer's net premiums when calculating the annual fee on the health insurer, thereby lowering the fee for health insurers that collect such premiums. These premiums are still included in total health premiums when calculating the annual fee on health insurers, thus the total amount collected annually from health insurers is reduced.]]></summary-text>
</summary>
</item>
<dublinCore xmlns:dc="http://purl.org/dc/elements/1.1/">
<dc:format>text/xml</dc:format>
<dc:language>EN</dc:language>
<dc:rights>Pursuant to Title 17 Section 105 of the United States Code, this file is not subject to copyright protection and is in the public domain.</dc:rights>
<dc:contributor>Congressional Research Service, Library of Congress</dc:contributor>
<dc:description>This file contains bill summaries for federal legislation. A bill summary describes the most significant provisions of a piece of legislation and details the effects the legislative text may have on current law and federal programs. Bill summaries are authored by the Congressional Research Service (CRS) of the Library of Congress. As stated in Public Law 91-510 (2 USC 166 (d)(6)), one of the duties of CRS is "to prepare summaries and digests of bills and resolutions of a public general nature introduced in the Senate or House of Representatives". For more information, refer to the User Guide that accompanies this file.</dc:description>
</dublinCore>
</BillSummaries>
