<?xml version="1.0" encoding="UTF-8"?><BillSummaries>
<item congress="115" measure-type="hr" measure-number="380" measure-id="id115hr380" originChamber="HOUSE" orig-publish-date="2017-01-09" update-date="2017-02-04">
<title>IRGC Terrorist Designation Act</title>
<summary summary-id="id115hr380v00" currentChamber="HOUSE" update-date="2017-02-04">
<action-date>2017-01-09</action-date>
<action-desc>Introduced in House</action-desc>
<summary-text><![CDATA[<p><strong>IRGC Terrorist Designation Act</strong></p> <p>This bill expresses the sense of Congress that Iran's Islamic Revolutionary Guard Corps (IRGC) meets the criteria for designation as a foreign terrorist organization and should be so designated by the Department of State. </p> <p>State shall submit to Congress: (1) a detailed report on whether the IRGC meets such criteria; and (2) if State determines the IRGC doe not meet such criteria, a detailed justification as to which criteria have not been met.</p>]]></summary-text>
</summary>
</item>
<dublinCore xmlns:dc="http://purl.org/dc/elements/1.1/">
<dc:format>text/xml</dc:format>
<dc:language>EN</dc:language>
<dc:rights>Pursuant to Title 17 Section 105 of the United States Code, this file is not subject to copyright protection and is in the public domain.</dc:rights>
<dc:contributor>Congressional Research Service, Library of Congress</dc:contributor>
<dc:description>This file contains bill summaries for federal legislation. A bill summary describes the most significant provisions of a piece of legislation and details the effects the legislative text may have on current law and federal programs. Bill summaries are authored by the Congressional Research Service (CRS) of the Library of Congress. As stated in Public Law 91-510 (2 USC 166 (d)(6)), one of the duties of CRS is "to prepare summaries and digests of bills and resolutions of a public general nature introduced in the Senate or House of Representatives". For more information, refer to the User Guide that accompanies this file.</dc:description>
</dublinCore>
</BillSummaries>
