<?xml version="1.0" encoding="UTF-8"?><BillSummaries>
<item congress="115" measure-type="hr" measure-number="1412" measure-id="id115hr1412" originChamber="HOUSE" orig-publish-date="2017-03-07" update-date="2017-03-18">
<title>Commission on the Removal of Mexican-Americans to Mexico Act</title>
<summary summary-id="id115hr1412v00" currentChamber="HOUSE" update-date="2017-03-18">
<action-date>2017-03-07</action-date>
<action-desc>Introduced in House</action-desc>
<summary-text><![CDATA[<p><strong>Commission on the Removal of Mexican-Americans to Mexico</strong></p> <p>This bill establishes the Commission on the Removal of Mexican-Americans to Mexico, which shall: (1) review the facts and circumstances surrounding the 1929-1941 removal of certain U.S. citizens and permanent legal residents to Mexico and the impact of such actions on such individuals, their families, and the Mexican-American community; (2) review federal, state, and local government directives that required such removal and any other related information; and (3) report its findings, conclusions, and any recommendations for legislative actions. </p>]]></summary-text>
</summary>
</item>
<dublinCore xmlns:dc="http://purl.org/dc/elements/1.1/">
<dc:format>text/xml</dc:format>
<dc:language>EN</dc:language>
<dc:rights>Pursuant to Title 17 Section 105 of the United States Code, this file is not subject to copyright protection and is in the public domain.</dc:rights>
<dc:contributor>Congressional Research Service, Library of Congress</dc:contributor>
<dc:description>This file contains bill summaries for federal legislation. A bill summary describes the most significant provisions of a piece of legislation and details the effects the legislative text may have on current law and federal programs. Bill summaries are authored by the Congressional Research Service (CRS) of the Library of Congress. As stated in Public Law 91-510 (2 USC 166 (d)(6)), one of the duties of CRS is "to prepare summaries and digests of bills and resolutions of a public general nature introduced in the Senate or House of Representatives". For more information, refer to the User Guide that accompanies this file.</dc:description>
</dublinCore>
</BillSummaries>
