<?xml version="1.0" encoding="UTF-8"?><BillSummaries>
<item congress="115" measure-type="hr" measure-number="1098" measure-id="id115hr1098" originChamber="HOUSE" orig-publish-date="2017-02-15" update-date="2017-02-24">
<title>New Markets Tax Credit Extension Act of 2017</title>
<summary summary-id="id115hr1098v00" currentChamber="HOUSE" update-date="2017-02-24">
<action-date>2017-02-15</action-date>
<action-desc>Introduced in House</action-desc>
<summary-text><![CDATA[<p><strong>New Markets Tax Credit Extension Act of 201</strong><b>7</b></p> <p>This bill amends the Internal Revenue Code to: (1) make permanent the new markets tax credit, (2) provide for an inflation adjustment to the limitation amount for such credit after 2016, and (3) allow an offset against the alternative minimum tax for such credit (determined with respect to qualified equity investments initially made after 2016). </p>]]></summary-text>
</summary>
</item>
<dublinCore xmlns:dc="http://purl.org/dc/elements/1.1/">
<dc:format>text/xml</dc:format>
<dc:language>EN</dc:language>
<dc:rights>Pursuant to Title 17 Section 105 of the United States Code, this file is not subject to copyright protection and is in the public domain.</dc:rights>
<dc:contributor>Congressional Research Service, Library of Congress</dc:contributor>
<dc:description>This file contains bill summaries for federal legislation. A bill summary describes the most significant provisions of a piece of legislation and details the effects the legislative text may have on current law and federal programs. Bill summaries are authored by the Congressional Research Service (CRS) of the Library of Congress. As stated in Public Law 91-510 (2 USC 166 (d)(6)), one of the duties of CRS is "to prepare summaries and digests of bills and resolutions of a public general nature introduced in the Senate or House of Representatives". For more information, refer to the User Guide that accompanies this file.</dc:description>
</dublinCore>
</BillSummaries>
