<?xml version="1.0" encoding="UTF-8"?><BillSummaries>
<item congress="115" measure-type="hr" measure-number="468" measure-id="id115hr468" originChamber="HOUSE" orig-publish-date="2017-01-12" update-date="2017-02-01">
<title>Foreign Spill Protection Act of 2017</title>
<summary summary-id="id115hr468v00" currentChamber="HOUSE" update-date="2017-02-01">
<action-date>2017-01-12</action-date>
<action-desc>Introduced in House</action-desc>
<summary-text><![CDATA[<p><b>Foreign Spill Protection Act of 2017</b></p> <p>This bill amends the Oil Pollution Act of 1990 to make foreign facilities that are located offshore and outside the exclusive economic zone (EEZ) liable for removal costs and damages that result from oil spills that reach (or threaten to reach) U.S. navigable waters, adjoining shorelines, or the EEZ. Specifically, the following parties may be held liable: (1) the owners or operators of the foreign facilities, including facilities located in, on, or under any land within foreign countries; and (2) the holders of a right of use and easement granted under applicable foreign law for the area in which the facility is located. </p> <p><BR> </p>]]></summary-text>
</summary>
</item>
<dublinCore xmlns:dc="http://purl.org/dc/elements/1.1/">
<dc:format>text/xml</dc:format>
<dc:language>EN</dc:language>
<dc:rights>Pursuant to Title 17 Section 105 of the United States Code, this file is not subject to copyright protection and is in the public domain.</dc:rights>
<dc:contributor>Congressional Research Service, Library of Congress</dc:contributor>
<dc:description>This file contains bill summaries for federal legislation. A bill summary describes the most significant provisions of a piece of legislation and details the effects the legislative text may have on current law and federal programs. Bill summaries are authored by the Congressional Research Service (CRS) of the Library of Congress. As stated in Public Law 91-510 (2 USC 166 (d)(6)), one of the duties of CRS is "to prepare summaries and digests of bills and resolutions of a public general nature introduced in the Senate or House of Representatives". For more information, refer to the User Guide that accompanies this file.</dc:description>
</dublinCore>
</BillSummaries>
