<?xml version="1.0" encoding="UTF-8"?><BillSummaries>
<item congress="115" measure-type="hr" measure-number="161" measure-id="id115hr161" originChamber="HOUSE" orig-publish-date="2017-01-03" update-date="2017-03-06">
<title>Services for Ending Long-Term Homelessness Act</title>
<summary summary-id="id115hr161v00" currentChamber="HOUSE" update-date="2017-03-06">
<action-date>2017-01-03</action-date>
<action-desc>Introduced in House</action-desc>
<summary-text><![CDATA[<p><b>Services for Ending Long-Term Homelessness Act</b></p> <p>This bill amends the Public Health Service Act to require the Substance Abuse and Mental Health Services Administration to design national strategies and implement programs to address chronic homelessness.</p> <p>To promote an end to chronic homelessness, the Department of Health and Human Services must award grants to provide:</p> <ul> <li>mental health services;</li> <li>substance use disorder treatment;</li> <li>integrated, coordinated treatment for co-occurring disorders;</li> <li>health education;</li> <li>services designed to help individuals and families make progress toward self-sufficiency; and</li> <li>other supportive services that promote an end to chronic homelessness.</li> </ul> <p>Priority for grants is given to applicants that target services to individuals and families who have experienced more homelessness, use more public emergency care, or have a history with the criminal justice system.</p>]]></summary-text>
</summary>
</item>
<dublinCore xmlns:dc="http://purl.org/dc/elements/1.1/">
<dc:format>text/xml</dc:format>
<dc:language>EN</dc:language>
<dc:rights>Pursuant to Title 17 Section 105 of the United States Code, this file is not subject to copyright protection and is in the public domain.</dc:rights>
<dc:contributor>Congressional Research Service, Library of Congress</dc:contributor>
<dc:description>This file contains bill summaries for federal legislation. A bill summary describes the most significant provisions of a piece of legislation and details the effects the legislative text may have on current law and federal programs. Bill summaries are authored by the Congressional Research Service (CRS) of the Library of Congress. As stated in Public Law 91-510 (2 USC 166 (d)(6)), one of the duties of CRS is "to prepare summaries and digests of bills and resolutions of a public general nature introduced in the Senate or House of Representatives". For more information, refer to the User Guide that accompanies this file.</dc:description>
</dublinCore>
</BillSummaries>
