<?xml version="1.0" encoding="UTF-8"?><BillSummaries>
<item congress="115" measure-type="hr" measure-number="1164" measure-id="id115hr1164" originChamber="HOUSE" orig-publish-date="2017-02-16" update-date="2017-03-04">
<title>Taylor Force Act</title>
<summary summary-id="id115hr1164v00" currentChamber="HOUSE" update-date="2017-03-04">
<action-date>2017-02-16</action-date>
<action-desc>Introduced in House</action-desc>
<summary-text><![CDATA[<p><strong>Taylor Force Act</strong></p> <p>This bill prohibits certain assistance under the Foreign Assistance Act of 1961 from being made available for the West Bank and Gaza unless the Department of State certifies that the Palestinian Authority: </p> <ul> <li>is taking steps to end acts of violence against U.S. and Israeli citizens perpetrated by individuals under its jurisdictional control, such as the March 2016 attack that killed former Army officer Taylor Force; </li> <li>is publicly condemning such acts of violence and is investigating, or cooperating in investigations of, such acts; and </li> <li>has terminated payments for acts of terrorism against U.S. and Israeli citizens to any individual who has been convicted and imprisoned for such acts, to any individual who died committing such acts, and to family members of such an individual.</li> </ul>]]></summary-text>
</summary>
</item>
<dublinCore xmlns:dc="http://purl.org/dc/elements/1.1/">
<dc:format>text/xml</dc:format>
<dc:language>EN</dc:language>
<dc:rights>Pursuant to Title 17 Section 105 of the United States Code, this file is not subject to copyright protection and is in the public domain.</dc:rights>
<dc:contributor>Congressional Research Service, Library of Congress</dc:contributor>
<dc:description>This file contains bill summaries for federal legislation. A bill summary describes the most significant provisions of a piece of legislation and details the effects the legislative text may have on current law and federal programs. Bill summaries are authored by the Congressional Research Service (CRS) of the Library of Congress. As stated in Public Law 91-510 (2 USC 166 (d)(6)), one of the duties of CRS is "to prepare summaries and digests of bills and resolutions of a public general nature introduced in the Senate or House of Representatives". For more information, refer to the User Guide that accompanies this file.</dc:description>
</dublinCore>
</BillSummaries>
