<?xml version="1.0" encoding="UTF-8"?><BillSummaries>
<item congress="115" measure-type="hr" measure-number="637" measure-id="id115hr637" originChamber="HOUSE" orig-publish-date="2017-01-24" update-date="2017-02-27">
<title>Stopping EPA Overreach Act of 2017</title>
<summary summary-id="id115hr637v00" currentChamber="HOUSE" update-date="2017-02-27">
<action-date>2017-01-24</action-date>
<action-desc>Introduced in House</action-desc>
<summary-text><![CDATA[<p><b>Stopping EPA Overreach Act of 2017</b></p> <p>This bill amends the Clean Air Act to exclude carbon dioxide, water vapor, methane, nitrous oxide, hydrofluorocarbons, perfluorocarbons, and sulfur hexafluoride pollution from the scope of that Act.</p> <p>The bill declares that current law does not authorize or require the regulation of climate change or global warming and nullifies certain final rules relating to: (1) greenhouse gas and volatile organic compounds emissions, including methane emissions, from the oil and natural gas sector; and (2) carbon pollution emissions from the utility power sector.</p> <p>Before proposing or finalizing regulations or policies, the Environmental Protection Agency must analyze the net and gross impact of those regulations and policies on employment. Regulations and policies may not take effect if they have a negative impact on employment, unless they are approved by Congress and signed by the President.</p>]]></summary-text>
</summary>
</item>
<dublinCore xmlns:dc="http://purl.org/dc/elements/1.1/">
<dc:format>text/xml</dc:format>
<dc:language>EN</dc:language>
<dc:rights>Pursuant to Title 17 Section 105 of the United States Code, this file is not subject to copyright protection and is in the public domain.</dc:rights>
<dc:contributor>Congressional Research Service, Library of Congress</dc:contributor>
<dc:description>This file contains bill summaries for federal legislation. A bill summary describes the most significant provisions of a piece of legislation and details the effects the legislative text may have on current law and federal programs. Bill summaries are authored by the Congressional Research Service (CRS) of the Library of Congress. As stated in Public Law 91-510 (2 USC 166 (d)(6)), one of the duties of CRS is "to prepare summaries and digests of bills and resolutions of a public general nature introduced in the Senate or House of Representatives". For more information, refer to the User Guide that accompanies this file.</dc:description>
</dublinCore>
</BillSummaries>
