<?xml version="1.0" encoding="UTF-8"?><BillSummaries>
<item congress="115" measure-type="hr" measure-number="957" measure-id="id115hr957" originChamber="HOUSE" orig-publish-date="2017-02-07" update-date="2017-03-03">
<title>F.A.I.R. Surveillance Act of 2017</title>
<summary summary-id="id115hr957v00" currentChamber="HOUSE" update-date="2017-03-03">
<action-date>2017-02-07</action-date>
<action-desc>Introduced in House</action-desc>
<summary-text><![CDATA[<p><b>Fourth Amendment Integrity Restoration in Surveillance Act of 2017 or the F.A.I.R. Surveillance Act of </b><b>2017</b></p> <p>This bill specifies that an agreement between a federal and state or local law enforcement agency regarding the acquisition or use of a cell simulator device must require such state or local law enforcement agency to use the device in compliance with the federal agency's guidance and policies. </p> <p>The term "cell simulator device" means a device that: (1) simulates a cell tower to provide an electronic communication service, or (2) functions as a cell tower to locate cellular devices or identify their unique identifiers. </p>]]></summary-text>
</summary>
</item>
<dublinCore xmlns:dc="http://purl.org/dc/elements/1.1/">
<dc:format>text/xml</dc:format>
<dc:language>EN</dc:language>
<dc:rights>Pursuant to Title 17 Section 105 of the United States Code, this file is not subject to copyright protection and is in the public domain.</dc:rights>
<dc:contributor>Congressional Research Service, Library of Congress</dc:contributor>
<dc:description>This file contains bill summaries for federal legislation. A bill summary describes the most significant provisions of a piece of legislation and details the effects the legislative text may have on current law and federal programs. Bill summaries are authored by the Congressional Research Service (CRS) of the Library of Congress. As stated in Public Law 91-510 (2 USC 166 (d)(6)), one of the duties of CRS is "to prepare summaries and digests of bills and resolutions of a public general nature introduced in the Senate or House of Representatives". For more information, refer to the User Guide that accompanies this file.</dc:description>
</dublinCore>
</BillSummaries>
