<?xml version="1.0" encoding="UTF-8"?><BillSummaries>
<item congress="115" measure-type="hr" measure-number="339" measure-id="id115hr339" originChamber="HOUSE" orig-publish-date="2017-01-05" update-date="2018-03-29">
<title>Northern Mariana Islands Economic Expansion Act</title>
<summary summary-id="id115hr339v81" currentChamber="HOUSE" update-date="2018-03-29">
<action-date>2017-01-30</action-date>
<action-desc>Passed House without amendment</action-desc>
<summary-text><![CDATA[<p>(This measure has not been amended since it was introduced. The summary of that version is repeated here.)</p> <p><strong>Northern Mariana Islands Economic Expansion Act</strong></p> <p>This bill: (1) requires the Department of Homeland Security to increase the supplemental education fee charged to a prospective employer in the Commonwealth of the Northern Mariana Islands (CNMI) for each CNMI-Only Transitional Worker who is issued a permit during the transition period to U.S. immigration law, (2) allows such a permit for construction occupations to be issued only to extend a permit first issued before October 1, 2015, and (3) caps the number of permits issued for such nonimmigrant workers for FY2017 at 15,000.</p>]]></summary-text>
</summary>
<summary summary-id="id115hr339v00" currentChamber="HOUSE" update-date="2018-03-29">
<action-date>2017-01-05</action-date>
<action-desc>Introduced in House</action-desc>
<summary-text><![CDATA[<p><strong>Northern Mariana Islands Economic Expansion Act</strong></p> <p>This bill: (1) requires the Department of Homeland Security to increase the supplemental education fee charged to a prospective employer in the Commonwealth of the Northern Mariana Islands (CNMI) for each CNMI-Only Transitional Worker who is issued a permit during the transition period to U.S. immigration law, (2) allows such a permit for construction occupations to be issued only to extend a permit first issued before October 1, 2015, and (3) caps the number of permits issued for such nonimmigrant workers for FY2017 at 15,000.</p>]]></summary-text>
</summary>
</item>
<dublinCore xmlns:dc="http://purl.org/dc/elements/1.1/">
<dc:format>text/xml</dc:format>
<dc:language>EN</dc:language>
<dc:rights>Pursuant to Title 17 Section 105 of the United States Code, this file is not subject to copyright protection and is in the public domain.</dc:rights>
<dc:contributor>Congressional Research Service, Library of Congress</dc:contributor>
<dc:description>This file contains bill summaries for federal legislation. A bill summary describes the most significant provisions of a piece of legislation and details the effects the legislative text may have on current law and federal programs. Bill summaries are authored by the Congressional Research Service (CRS) of the Library of Congress. As stated in Public Law 91-510 (2 USC 166 (d)(6)), one of the duties of CRS is "to prepare summaries and digests of bills and resolutions of a public general nature introduced in the Senate or House of Representatives". For more information, refer to the User Guide that accompanies this file.</dc:description>
</dublinCore>
</BillSummaries>
