<?xml version="1.0" encoding="UTF-8"?><BillSummaries>
<item congress="115" measure-type="hr" measure-number="549" measure-id="id115hr549" originChamber="HOUSE" orig-publish-date="2017-01-13" update-date="2017-02-09">
<title>Transit Security Grant Program Flexibility Act</title>
<summary summary-id="id115hr549v81" currentChamber="HOUSE" update-date="2017-02-09">
<action-date>2017-01-31</action-date>
<action-desc>Passed House without amendment</action-desc>
<summary-text><![CDATA[<p>(This measure has not been amended since it was introduced. The summary has been expanded because action occurred on the measure.)</p> <p><b>Transit Security Grant Program Flexibility Act</b></p> <p>(Sec. 2) This bill amends the Implementing Recommendations of the 9/11 Commission Act of 2007 to permit the use of public transportation security assistance grant funds for backfill associated with security training.</p> <p>(Sec. 3) Funds provided pursuant to such a grant for a specified authorized use shall, with two exceptions, remain available for use by a grant recipient for at least 36 months.</p> <p> Any such funds used for security improvements for public transportation systems or security improvements for stations and other public transportation infrastructure, including those owned by state or local governments, shall remain available for at least 55 months.</p> <p>(Sec. 4) The Government Accountability Office shall review the public transportation security assistance grant program.</p>]]></summary-text>
</summary>
<summary summary-id="id115hr549v00" currentChamber="HOUSE" update-date="2017-02-09">
<action-date>2017-01-13</action-date>
<action-desc>Introduced in House</action-desc>
<summary-text><![CDATA[<p><b>Transit Security Grant Program Flexibility Act</b></p> <p>This bill amends the Implementing Recommendations of the 9/11 Commission Act of 2007 to permit the use of public transportation security assistance grant funds for backfill associated with security training.</p> <p> Funds provided pursuant to such a grant for a specified authorized use shall, with two exceptions, remain available for use by a grant recipient for at least 36 months.</p> <p> Any such funds used for security improvements for public transportation systems or security improvements for stations and other public transportation infrastructure, including those owned by state or local governments, shall remain available for at least 55 months.</p> <p>The Government Accountability Office shall review the public transportation security assistance grant program.</p>]]></summary-text>
</summary>
</item>
<dublinCore xmlns:dc="http://purl.org/dc/elements/1.1/">
<dc:format>text/xml</dc:format>
<dc:language>EN</dc:language>
<dc:rights>Pursuant to Title 17 Section 105 of the United States Code, this file is not subject to copyright protection and is in the public domain.</dc:rights>
<dc:contributor>Congressional Research Service, Library of Congress</dc:contributor>
<dc:description>This file contains bill summaries for federal legislation. A bill summary describes the most significant provisions of a piece of legislation and details the effects the legislative text may have on current law and federal programs. Bill summaries are authored by the Congressional Research Service (CRS) of the Library of Congress. As stated in Public Law 91-510 (2 USC 166 (d)(6)), one of the duties of CRS is "to prepare summaries and digests of bills and resolutions of a public general nature introduced in the Senate or House of Representatives". For more information, refer to the User Guide that accompanies this file.</dc:description>
</dublinCore>
</BillSummaries>
