<?xml version="1.0" encoding="UTF-8"?><BillSummaries>
<item congress="115" measure-type="hr" measure-number="913" measure-id="id115hr913" originChamber="HOUSE" orig-publish-date="2017-02-07" update-date="2017-03-04">
<title>Immigrant Detainee Legal Rights Act</title>
<summary summary-id="id115hr913v00" currentChamber="HOUSE" update-date="2017-03-04">
<action-date>2017-02-07</action-date>
<action-desc>Introduced in House</action-desc>
<summary-text><![CDATA[<p><strong>Immigrant Detainee Legal Rights Act </strong></p> <p>This bill directs the Department of Justice to: </p> <ul> <li>establish within the Executive Office for Immigration Review an Office of Legal Access Programs to administer a system of legal orientation programs to make immigration proceedings more efficient by educating aliens regarding administrative procedures and legal rights under U.S. immigration law and to establish other programs to assist in providing aliens access to legal information; and </li> <li>submit a plan to Congress that includes a schedule to develop and deploy legal orientation programs for all detainees. </li> </ul> <p>The legal orientation programs shall: </p> <ul> <li>provide programs to assist detained aliens in making decisions regarding their removal and eligibility for relief from removal in order to increase efficiency s in immigration proceedings and federal custody processes and to improve access to legal services; </li> <li>ensure that programs and written notice of rights are available in English and the five most common native languages spoken by the detainees held in custody at that location during the preceding fiscal year; and </li> <li>identify unaccompanied alien children, aliens with a serious mental disability, and other particularly vulnerable aliens for right to counsel considerations.</li> </ul> <p>Such programs may provide services to detained aliens in specified immigration (detention and removal) and asylum proceedings.</p> <p>The Department of Homeland Security shall establish procedures: (1) that ensure that legal orientation programs are available for all detained aliens within five days of arrival into custody; and (2) to inform such aliens of the basic procedures of immigration hearings, their rights relating to those hearings, information that may deter such aliens from filing frivolous legal claims, and a contact list of potential legal resources and providers.</p>]]></summary-text>
</summary>
</item>
<dublinCore xmlns:dc="http://purl.org/dc/elements/1.1/">
<dc:format>text/xml</dc:format>
<dc:language>EN</dc:language>
<dc:rights>Pursuant to Title 17 Section 105 of the United States Code, this file is not subject to copyright protection and is in the public domain.</dc:rights>
<dc:contributor>Congressional Research Service, Library of Congress</dc:contributor>
<dc:description>This file contains bill summaries for federal legislation. A bill summary describes the most significant provisions of a piece of legislation and details the effects the legislative text may have on current law and federal programs. Bill summaries are authored by the Congressional Research Service (CRS) of the Library of Congress. As stated in Public Law 91-510 (2 USC 166 (d)(6)), one of the duties of CRS is "to prepare summaries and digests of bills and resolutions of a public general nature introduced in the Senate or House of Representatives". For more information, refer to the User Guide that accompanies this file.</dc:description>
</dublinCore>
</BillSummaries>
