<?xml version="1.0" encoding="UTF-8"?><BillSummaries>
<item congress="115" measure-type="hr" measure-number="844" measure-id="id115hr844" originChamber="HOUSE" orig-publish-date="2017-02-03" update-date="2017-02-25">
<title>Terrorist Deportation Act of 2017</title>
<summary summary-id="id115hr844v00" currentChamber="HOUSE" update-date="2017-02-25">
<action-date>2017-02-03</action-date>
<action-desc>Introduced in House</action-desc>
<summary-text><![CDATA[<p><b>Terrorist Deportation Act of 2017</b></p> <p>This bill amends the Immigration and Nationality Act (INA) to make an alien, other than a lawful permanent resident, who is identified in the terrorist screening database inadmissible or deportable on terrorist grounds.</p> <p>The Department of Homeland Security (DHS), with the unanimous concurrence of the Department of Justice, the Federal Bureau of Investigation, the Director of National Intelligence, and the Department of State, may grant an individual a national security waiver to enter the United States temporarily as a nonimmigrant.</p> <p>An identified alien shall be ineligible for asylum, withholding or cancellation of removal, voluntary departure, adjustment of status, or acquisition of legal permanent residency through the registry provisions.</p> <p>DHS shall revise specified regulations implementing the United Nations Convention Against Torture and Other Forms of Cruel, Inhuman or Degrading Treatment or Punishment to: (1) exclude identified aliens from the protection of such regulations, and (2) make such aliens ineligible for withholding or deferral of removal under INA.</p> <p>The bill provides that, with respect to an alien who has not been granted a waiver under this bill and who either is not lawfully admitted for permanent residence or has been granted conditional resident status: (1) DHS shall determine inadmissibility or deportability and issue an order of removal for an identified alien; and (2) in the case of an alien not issued an order of removal, DHS may determine inadmissibility or deportability and issue an order of removal based upon terrorist activity. Such expedited proceedings shall include specified protections for the alien in removal.</p>]]></summary-text>
</summary>
</item>
<dublinCore xmlns:dc="http://purl.org/dc/elements/1.1/">
<dc:format>text/xml</dc:format>
<dc:language>EN</dc:language>
<dc:rights>Pursuant to Title 17 Section 105 of the United States Code, this file is not subject to copyright protection and is in the public domain.</dc:rights>
<dc:contributor>Congressional Research Service, Library of Congress</dc:contributor>
<dc:description>This file contains bill summaries for federal legislation. A bill summary describes the most significant provisions of a piece of legislation and details the effects the legislative text may have on current law and federal programs. Bill summaries are authored by the Congressional Research Service (CRS) of the Library of Congress. As stated in Public Law 91-510 (2 USC 166 (d)(6)), one of the duties of CRS is "to prepare summaries and digests of bills and resolutions of a public general nature introduced in the Senate or House of Representatives". For more information, refer to the User Guide that accompanies this file.</dc:description>
</dublinCore>
</BillSummaries>
