<?xml version="1.0" encoding="UTF-8"?><BillSummaries>
<item congress="115" measure-type="hr" measure-number="642" measure-id="id115hr642" originChamber="HOUSE" orig-publish-date="2017-01-24" update-date="2017-02-13">
<title>Fusion Center Enhancement Act of 2017</title>
<summary summary-id="id115hr642v81" currentChamber="HOUSE" update-date="2017-02-13">
<action-date>2017-01-31</action-date>
<action-desc>Passed House without amendment</action-desc>
<summary-text><![CDATA[<p>(This measure has not been amended since it was introduced. The summary has been expanded because action occurred on the measure.)</p> <p><strong>Fusion Center Enhancement Act of 2017</strong></p> <p>(Sec. 2) This bill amends the Homeland Security Act of 2002 to revise provisions concerning the Department of Homeland Security (DHS) State, Local, and Regional Fusion Center Initiative. The bill renames it as the Department of Homeland Security Fusion Center Partnership Initiative and changes references to &quot;participating state, local, or regional fusion centers&quot; to references to the &quot;National Network of Fusion Centers,&quot; which is defined as a decentralized arrangement of fusion centers intended to enhance individual state and urban area fusion centers' ability to leverage the capabilities and expertise of all fusion centers for the purpose of enhancing analysis and homeland security information sharing nationally. (A fusion center serves as a focal point within the state and local environment for the receipt, analysis, gathering, and sharing of threat-related information between the federal government and state, local, tribal, territorial, and private sector partners.)</p> <p>The duties of the Secretary of Homeland Security with respect to the Initiative are revised to include:</p> <ul> <li>supporting the maturation and sustainment of the Network;</li> <li>reducing inefficiencies and maximizing the effectiveness of federal resource support to the Network;</li> <li>ensuring that support for the Network is included as a national priority in applicable homeland security grant guidance;</li> <li>ensuring that each fusion center in the Network has a privacy policy and a civil rights and civil liberties policy approved by DHS;</li> <li>coordinating the nationwide suspicious activity report initiative to ensure that information gathered by the Network is incorporated;</li> <li> ensuring that fusion centers in the Network are the primary focal points for the sharing of homeland security information, terrorism information, and weapons of mass destruction information with state, local, tribal, and territorial entities; and</li> <li> disseminating best practices on the appropriate levels for staffing at Network fusion centers of qualified representatives from state, local, tribal, and territorial law enforcement and emergency services, public health disciplines, and the private sector.</li> </ul> <p>The Under Secretary for Intelligence and Analysis must ensure that fusion centers in the Network have access to homeland security information sharing systems and that DHS personnel are deployed to support fusion centers in the Network in a manner consistent with DHS's mission and existing statutory limits.</p> <p>The Under Secretary shall negotiate memoranda of understanding between DHS and a state or local government regarding the exchange of information between DHS and Network fusion centers. Such memoranda shall include: </p> <ul> <li>the categories of information to be provided by the parties to such memoranda,</li> <li>the contemplated uses of the exchanged information,</li> <li>the procedures for developing joint products,</li> <li>the information sharing dispute resolution processes, and</li> <li>any protections necessary to ensure the exchange of information accords with applicable law and policies. </ul> <p>The Under Secretary shall: (1) coordinate with appropriate federal officials to ensure the deployment to Network fusion centers of representatives of other federal agencies with relevant expertise; and (2) report to specified congressional committees annually through 2024 on the efforts of DHS components to enhance support provided to Network fusion centers.</p>]]></summary-text>
</summary>
<summary summary-id="id115hr642v00" currentChamber="HOUSE" update-date="2017-02-13">
<action-date>2017-01-24</action-date>
<action-desc>Introduced in House</action-desc>
<summary-text><![CDATA[<p><strong>Fusion Center Enhancement Act of 2017</strong></p> <p>This bill amends the Homeland Security Act of 2002 to revise provisions concerning the Department of Homeland Security (DHS) State, Local, and Regional Fusion Center Initiative. The bill renames it as the Department of Homeland Security Fusion Center Partnership Initiative and changes references to &quot;participating state, local, or regional fusion centers&quot; to references to the &quot;National Network of Fusion Centers,&quot; which is defined as a decentralized arrangement of fusion centers intended to enhance individual state and urban area fusion centers' ability to leverage the capabilities and expertise of all fusion centers for the purpose of enhancing analysis and homeland security information sharing nationally. </p> <p>The duties of the Secretary of Homeland Security with respect to the Initiative are revised to include:</p> <ul> <li>supporting the maturation and sustainment of the Network, </li> <li>reducing inefficiencies and maximizing the effectiveness of federal resource support to the Network,</li> <li>ensuring that support for the Network is included as a national priority in applicable homeland security grant guidance,</li> <li>ensuring that each fusion center in the Network has a privacy policy and a civil rights and civil liberties policy approved by DHS,</li> <li>coordinating the nationwide suspicious activity report initiative to ensure that information gathered by the Network is incorporated, </li> <li> ensuring that fusion centers in the Network are the primary focal points for the sharing of homeland security information, terrorism information, and weapons of mass destruction information with state, local, tribal, and territorial entities, and</li> <li> disseminating best practices on the appropriate levels for staffing at Network fusion centers of qualified representatives from state, local, tribal, and territorial law enforcement and emergency services, public health disciplines, and the private sector.</li> </ul> <p>The Under Secretary for Intelligence and Analysis must ensure that fusion centers in the Network have access to homeland security information sharing systems and that DHS personnel are deployed to support fusion centers in the Network in a manner consistent with DHS's mission and existing statutory limits.</p> <p>The Under Secretary shall negotiate memoranda of understanding between DHS and a state or local government regarding the exchange of information between DHS and Network fusion centers.</p> <p>The Under Secretary shall: (1) coordinate with appropriate federal officials to ensure the deployment to Network fusion centers of representatives of other federal agencies; and (2) report to specified congressional committees annually through 2024 on the efforts of DHS components to enhance support provided to Network fusion centers.</p>]]></summary-text>
</summary>
</item>
<dublinCore xmlns:dc="http://purl.org/dc/elements/1.1/">
<dc:format>text/xml</dc:format>
<dc:language>EN</dc:language>
<dc:rights>Pursuant to Title 17 Section 105 of the United States Code, this file is not subject to copyright protection and is in the public domain.</dc:rights>
<dc:contributor>Congressional Research Service, Library of Congress</dc:contributor>
<dc:description>This file contains bill summaries for federal legislation. A bill summary describes the most significant provisions of a piece of legislation and details the effects the legislative text may have on current law and federal programs. Bill summaries are authored by the Congressional Research Service (CRS) of the Library of Congress. As stated in Public Law 91-510 (2 USC 166 (d)(6)), one of the duties of CRS is "to prepare summaries and digests of bills and resolutions of a public general nature introduced in the Senate or House of Representatives". For more information, refer to the User Guide that accompanies this file.</dc:description>
</dublinCore>
</BillSummaries>
