<?xml version="1.0" encoding="UTF-8"?><BillSummaries>
<item congress="115" measure-type="hr" measure-number="1152" measure-id="id115hr1152" originChamber="HOUSE" orig-publish-date="2017-02-16" update-date="2017-03-04">
<title>Care Veterans Deserve Act of 2017</title>
<summary summary-id="id115hr1152v00" currentChamber="HOUSE" update-date="2017-03-04">
<action-date>2017-02-16</action-date>
<action-desc>Introduced in House</action-desc>
<summary-text><![CDATA[<p><strong>Care Veterans Deserve Act of 2017</strong></p> <p>This bill amends the Veterans Access, Choice, and Accountability Act of 2014 to make the Veterans Choice Program permanent. </p> <p>Program eligibility is expanded to include veterans with a 50% service-connected disability. </p> <p>The VA shall contract with a national chain of walk-in clinics to provide hospital care and medical services in such clinics to veterans who are in the annual patient enrollment system. </p> <p>A veteran shall not be required to: (1) obtain pre-authorization for such care, or (2) pay a copayment to the clinic or to the VA. </p> <p>Such national chain shall establish an automated system to provide the VA with weekly information on veterans receiving hospital care or medical services. </p> <p>A covered health care professional may practice his or her health care profession at any location in any state, regardless of where such health care professional or the patient is located, if the health care professional is using telemedicine to treat an individual. </p> <p>Such treatment is permitted regardless of whether the professional or patient is located in a federally-owned facility. </p> <p>"Covered health care professional" means a health care professional who is: (1) authorized by the VA to provide health care, including a private health care professional who provides such care under a VA contract or agreement; and (2) licensed, registered, or certified in a state to practice his or her health care profession. </p> <p>The VA shall: </p> <ul> <li>extend the operating hours for each VA pharmacy to include weekday evenings until until 8:00 p.m., weekends, and federal holidays; and </li> <li>contract with qualifying physicians and nurses to work at VA medical facilities during nights and weekends. </li> </ul> <p>The VA may: (1) hire support staff in connection with such extended operating hours, and (2) provide for a a nongovernmental hospital organization best-practices peer review of each VA medical center. </p>]]></summary-text>
</summary>
</item>
<dublinCore xmlns:dc="http://purl.org/dc/elements/1.1/">
<dc:format>text/xml</dc:format>
<dc:language>EN</dc:language>
<dc:rights>Pursuant to Title 17 Section 105 of the United States Code, this file is not subject to copyright protection and is in the public domain.</dc:rights>
<dc:contributor>Congressional Research Service, Library of Congress</dc:contributor>
<dc:description>This file contains bill summaries for federal legislation. A bill summary describes the most significant provisions of a piece of legislation and details the effects the legislative text may have on current law and federal programs. Bill summaries are authored by the Congressional Research Service (CRS) of the Library of Congress. As stated in Public Law 91-510 (2 USC 166 (d)(6)), one of the duties of CRS is "to prepare summaries and digests of bills and resolutions of a public general nature introduced in the Senate or House of Representatives". For more information, refer to the User Guide that accompanies this file.</dc:description>
</dublinCore>
</BillSummaries>
