<?xml version="1.0" encoding="UTF-8"?><BillSummaries>
<item congress="115" measure-type="hr" measure-number="1255" measure-id="id115hr1255" originChamber="HOUSE" orig-publish-date="2017-02-28" update-date="2017-03-07">
<title>CCM-CARE Act</title>
<summary summary-id="id115hr1255v00" currentChamber="HOUSE" update-date="2017-03-07">
<action-date>2017-02-28</action-date>
<action-desc>Introduced in House</action-desc>
<summary-text><![CDATA[<p><b>Cerebral Cavernous Malformations Clinical Awareness, Research, and Education Act of 2017 or the CCM-CARE Act</b></p> <p>This bill amends the Public Health Service Act to require the National Institutes of Health (NIH) to strengthen and coordinate its efforts concerning cerebral cavernous malformation (CCM). (CCM is a condition in which blood vessels in the brain and spinal cord become enlarged, which can lead to seizures, paralysis, hearing or vision loss, or bleeding in the brain.) The NIH may award grants and enter into cooperative agreements for CCM research.</p> <p>The NIH must: (1) award grants and contracts to plan and provide support for a network of CCM Clinical Research Centers; (2) identify and support additional centers to facilitate medical research to develop a cure for CCM and enhance medical care for CCM; and (3) convene a Cerebral Cavernous Malformations Research Consortium to develop programs for clinicians, scientists, and patients.</p> <p>The Centers for Disease Control and Prevention may award grants and enter into cooperative agreements for the collection, analysis, and reporting of data on CCM.</p> <p>The Department of Health and Human Services must award grants and enter into cooperative agreements for epidemiological activities related to CCM and must provide for a national CCM surveillance program.</p> <p>The Food and Drug Administration must, in order to hasten clinical trials for CCM, coordinate with clinical centers, investigators, and advocates to support: (1) qualification of biomarkers, (2) qualification of patient reported outcome measures for quality of life, (3) investigational new drug applications, and (4) adaptive trial designs for rare disease research and expedited review of medications.</p>]]></summary-text>
</summary>
</item>
<dublinCore xmlns:dc="http://purl.org/dc/elements/1.1/">
<dc:format>text/xml</dc:format>
<dc:language>EN</dc:language>
<dc:rights>Pursuant to Title 17 Section 105 of the United States Code, this file is not subject to copyright protection and is in the public domain.</dc:rights>
<dc:contributor>Congressional Research Service, Library of Congress</dc:contributor>
<dc:description>This file contains bill summaries for federal legislation. A bill summary describes the most significant provisions of a piece of legislation and details the effects the legislative text may have on current law and federal programs. Bill summaries are authored by the Congressional Research Service (CRS) of the Library of Congress. As stated in Public Law 91-510 (2 USC 166 (d)(6)), one of the duties of CRS is "to prepare summaries and digests of bills and resolutions of a public general nature introduced in the Senate or House of Representatives". For more information, refer to the User Guide that accompanies this file.</dc:description>
</dublinCore>
</BillSummaries>
