<?xml version="1.0" encoding="UTF-8"?><BillSummaries>
<item congress="115" measure-type="hr" measure-number="1059" measure-id="id115hr1059" originChamber="HOUSE" orig-publish-date="2017-02-15" update-date="2017-02-27">
<title>Russia Sanctions Review Act of 2017</title>
<summary summary-id="id115hr1059v00" currentChamber="HOUSE" update-date="2017-02-27">
<action-date>2017-02-15</action-date>
<action-desc>Introduced in House</action-desc>
<summary-text><![CDATA[<p><strong>Russia Sanctions Review Act of 2017</strong></p> <p>This bill provides that the following executive orders, as in effect on January 1, 2017, and any sanctions imposed pursuant to such orders, shall remain in effect: (1) Executive Order 13694 (relating to blocking property of certain persons engaging in significant malicious cyber-enabled activities); (2) Executive Orders 13660, 13661, and 13662 (relating to blocking property of certain persons contributing to the situation in Ukraine); and (3) Executive Order 13685 (relating to blocking property of certain persons and prohibiting certain transactions with respect to the Crimea region of Ukraine).</p> <p>Before taking any action to waive or otherwise limit the application of sanctions with respect to the Russian Federation, the President shall submit to specified congressional committees a report that: (1) describes the proposed action; and (2) certifies that the Russian government has ceased ordering or supporting acts intended to undermine Ukraine's peace, security, stability,sovereignty, or territorial integrity and has ceased cyber attacks against the U.S. government and U.S. persons and entities.</p> <p>During the 120-day period following a report's submission: (1) the Senate Committee on Foreign Relations and the House Committee on Foreign Affairs shall review such report and certification, and (2) the President may not take action to waive or otherwise limit the application of such sanctions.</p> <p>The President may not take action to waive or otherwise limit the application of sanctions with respect to the Russian Federation: (1) for 12 days after the date of passage by both Houses of Congress of a congressional joint resolution disapproving such action, (2) for 10 days after the the President vetoes such joint resolution, and (3) if such joint resolution is enacted as provided for by this bill.</p>]]></summary-text>
</summary>
</item>
<dublinCore xmlns:dc="http://purl.org/dc/elements/1.1/">
<dc:format>text/xml</dc:format>
<dc:language>EN</dc:language>
<dc:rights>Pursuant to Title 17 Section 105 of the United States Code, this file is not subject to copyright protection and is in the public domain.</dc:rights>
<dc:contributor>Congressional Research Service, Library of Congress</dc:contributor>
<dc:description>This file contains bill summaries for federal legislation. A bill summary describes the most significant provisions of a piece of legislation and details the effects the legislative text may have on current law and federal programs. Bill summaries are authored by the Congressional Research Service (CRS) of the Library of Congress. As stated in Public Law 91-510 (2 USC 166 (d)(6)), one of the duties of CRS is "to prepare summaries and digests of bills and resolutions of a public general nature introduced in the Senate or House of Representatives". For more information, refer to the User Guide that accompanies this file.</dc:description>
</dublinCore>
</BillSummaries>
