<?xml version="1.0" encoding="UTF-8"?><BillSummaries>
<item congress="115" measure-type="hr" measure-number="325" measure-id="id115hr325" originChamber="HOUSE" orig-publish-date="2017-01-05" update-date="2017-02-14">
<title>Adult Day Center Enhancement Act</title>
<summary summary-id="id115hr325v00" currentChamber="HOUSE" update-date="2017-02-14">
<action-date>2017-01-05</action-date>
<action-desc>Introduced in House</action-desc>
<summary-text><![CDATA[<p><b>Adult Day Center Enhancement Act</b></p> <p>This bill requires the Administration on Aging (AOA) to initiate a comprehensive survey of current adult day programs that provide care and support to individuals with neurological diseases or conditions such as multiple sclerosis, Parkinson's disease, or traumatic brain injury. The AOA must identify ongoing successful adult day programs and which of these serve young adults with neurological conditions and develop best practices to guide the establishment of additional successful adult day programs.</p> The AOA must award grants for adult day programs that serve younger people with neurological conditions. <p>An &quot;adult day program&quot; is defined as a program that provides comprehensive care and support services to individuals with neurological conditions and to their family caregivers and that may assist participants in ways that:</p> <ul> <li>maintain or improve their functional abilities or otherwise help them adjust to their changing functional abilities;</li> <li>prevent the onset of complications associated with severe forms of the condition;</li> <li>promote alternatives to placement in nursing homes;</li> <li>reduce the strain on family caregivers of individuals with neurological conditions;</li> <li>focus on supporting the emotional, social, and intellectual needs of a younger adult population; or</li> <li>address the needs of veterans with neurological conditions.</li> </ul>]]></summary-text>
</summary>
</item>
<dublinCore xmlns:dc="http://purl.org/dc/elements/1.1/">
<dc:format>text/xml</dc:format>
<dc:language>EN</dc:language>
<dc:rights>Pursuant to Title 17 Section 105 of the United States Code, this file is not subject to copyright protection and is in the public domain.</dc:rights>
<dc:contributor>Congressional Research Service, Library of Congress</dc:contributor>
<dc:description>This file contains bill summaries for federal legislation. A bill summary describes the most significant provisions of a piece of legislation and details the effects the legislative text may have on current law and federal programs. Bill summaries are authored by the Congressional Research Service (CRS) of the Library of Congress. As stated in Public Law 91-510 (2 USC 166 (d)(6)), one of the duties of CRS is "to prepare summaries and digests of bills and resolutions of a public general nature introduced in the Senate or House of Representatives". For more information, refer to the User Guide that accompanies this file.</dc:description>
</dublinCore>
</BillSummaries>
