<?xml version="1.0" encoding="UTF-8"?><BillSummaries>
<item congress="115" measure-type="hr" measure-number="1064" measure-id="id115hr1064" originChamber="HOUSE" orig-publish-date="2017-02-15" update-date="2017-03-04">
<title>Mental Health Care Provider Retention Act of 2017</title>
<summary summary-id="id115hr1064v00" currentChamber="HOUSE" update-date="2017-03-04">
<action-date>2017-02-15</action-date>
<action-desc>Introduced in House</action-desc>
<summary-text><![CDATA[<p><strong>Mental Health Care Provider Retention Act of 2017</strong></p> <p>This bill allows an individual who has been diagnosed with a mental health condition and who is transitioning from receiving treatment from the Department of Defense to receiving treatment from in the Department of Veterans Affairs (VA) to elect to continue receiving treatment from such individual's DOD mental health provider.</p> <p>Such individual shall receive the same level of priority as members of the Armed Forces at the facility at which the individual has elected to continue treatment. The VA shall reimburse DOD for rendered services that otherwise would have been furnished by the VA.</p> <p>If the DOD mental health care provider departs the facility at which the covered individual is receiving treatment, such individual may elect to obtain the services of: (1) a different mental health care provider at the same facility, or (2) a VA mental health care provider.</p>]]></summary-text>
</summary>
</item>
<dublinCore xmlns:dc="http://purl.org/dc/elements/1.1/">
<dc:format>text/xml</dc:format>
<dc:language>EN</dc:language>
<dc:rights>Pursuant to Title 17 Section 105 of the United States Code, this file is not subject to copyright protection and is in the public domain.</dc:rights>
<dc:contributor>Congressional Research Service, Library of Congress</dc:contributor>
<dc:description>This file contains bill summaries for federal legislation. A bill summary describes the most significant provisions of a piece of legislation and details the effects the legislative text may have on current law and federal programs. Bill summaries are authored by the Congressional Research Service (CRS) of the Library of Congress. As stated in Public Law 91-510 (2 USC 166 (d)(6)), one of the duties of CRS is "to prepare summaries and digests of bills and resolutions of a public general nature introduced in the Senate or House of Representatives". For more information, refer to the User Guide that accompanies this file.</dc:description>
</dublinCore>
</BillSummaries>
