<?xml version="1.0" encoding="UTF-8"?><BillSummaries>
<item congress="115" measure-type="hr" measure-number="902" measure-id="id115hr902" originChamber="HOUSE" orig-publish-date="2017-02-07" update-date="2017-02-25">
<title>Expedited Hiring for VA Trained Psychiatrists Act of 2017</title>
<summary summary-id="id115hr902v00" currentChamber="HOUSE" update-date="2017-02-25">
<action-date>2017-02-07</action-date>
<action-desc>Introduced in House</action-desc>
<summary-text><![CDATA[<p><strong>Expedited Hiring for VA Trained Psychiatrists Act of 2017</strong></p> <p>This bill authorizes the Department of Veterans Affairs to appoint a psychiatrist who completes a residency at a Veterans Health Administration (VHA) facility to a VHA health care position immediately after such residency, without regard to civil service or classification laws, if: (1) the psychiatrist meets the qualifications established in regulations prescribed for the position, and (2) the position has been unfilled for at least 35 days.</p>]]></summary-text>
</summary>
</item>
<dublinCore xmlns:dc="http://purl.org/dc/elements/1.1/">
<dc:format>text/xml</dc:format>
<dc:language>EN</dc:language>
<dc:rights>Pursuant to Title 17 Section 105 of the United States Code, this file is not subject to copyright protection and is in the public domain.</dc:rights>
<dc:contributor>Congressional Research Service, Library of Congress</dc:contributor>
<dc:description>This file contains bill summaries for federal legislation. A bill summary describes the most significant provisions of a piece of legislation and details the effects the legislative text may have on current law and federal programs. Bill summaries are authored by the Congressional Research Service (CRS) of the Library of Congress. As stated in Public Law 91-510 (2 USC 166 (d)(6)), one of the duties of CRS is "to prepare summaries and digests of bills and resolutions of a public general nature introduced in the Senate or House of Representatives". For more information, refer to the User Guide that accompanies this file.</dc:description>
</dublinCore>
</BillSummaries>
