<?xml version="1.0" encoding="UTF-8"?><BillSummaries>
<item congress="115" measure-type="hr" measure-number="545" measure-id="id115hr545" originChamber="HOUSE" orig-publish-date="2017-01-13" update-date="2017-02-01">
<title>United States Commission on the Organization of Petroleum Exporting Countries Act of 2017</title>
<summary summary-id="id115hr545v00" currentChamber="HOUSE" update-date="2017-02-01">
<action-date>2017-01-13</action-date>
<action-desc>Introduced in House</action-desc>
<summary-text><![CDATA[<p><b>United States Commission on the Organization of Petroleum Exporting Countries Act of 2017</b></p> <p>This bill establishes the United States Commission on the Organization of Petroleum Exporting Countries (OPEC) to investigate and address any practices on the part of OPEC that prevent or reduce competition in the global oil market.</p> <p>The Commission shall be composed of a bipartisan group of 16 experts on energy and related matters chosen by the leadership of both parties in Congress and appointed by the President. All members of the Commission must be U.S. citizens.</p> <p>The bill requires the Commission to:</p> <ul> <li>determine whether the anti-competitive behavior of OPEC is designed to disadvantage U.S. oil producers;</li> <li>assess the impact of OPEC's policies on U.S. economic and energy security interests;</li> <li>assess how federal agencies are working to alleviate the potential negative impacts of OPEC's behavior; and</li> <li>produce policy recommendations for tax, trade, defense, diplomacy, and other areas where OPEC's behavior is found to cause adverse impacts.</li> </ul> <p>The Commission must submit a report of its findings and recommendations to Congress and the President within 12 months. The Commission shall terminate within 90 days after submission of its report. On receipt of the Commission's report, the President will have 90 days to submit Congress a proposal to implement or respond to the recommendations.</p>]]></summary-text>
</summary>
</item>
<dublinCore xmlns:dc="http://purl.org/dc/elements/1.1/">
<dc:format>text/xml</dc:format>
<dc:language>EN</dc:language>
<dc:rights>Pursuant to Title 17 Section 105 of the United States Code, this file is not subject to copyright protection and is in the public domain.</dc:rights>
<dc:contributor>Congressional Research Service, Library of Congress</dc:contributor>
<dc:description>This file contains bill summaries for federal legislation. A bill summary describes the most significant provisions of a piece of legislation and details the effects the legislative text may have on current law and federal programs. Bill summaries are authored by the Congressional Research Service (CRS) of the Library of Congress. As stated in Public Law 91-510 (2 USC 166 (d)(6)), one of the duties of CRS is "to prepare summaries and digests of bills and resolutions of a public general nature introduced in the Senate or House of Representatives". For more information, refer to the User Guide that accompanies this file.</dc:description>
</dublinCore>
</BillSummaries>
