<?xml version="1.0" encoding="UTF-8"?><BillSummaries>
<item congress="115" measure-type="hr" measure-number="492" measure-id="id115hr492" originChamber="HOUSE" orig-publish-date="2017-01-12" update-date="2017-01-31">
<title>End Unnecessary Borrowing Act of 2017</title>
<summary summary-id="id115hr492v00" currentChamber="HOUSE" update-date="2017-01-31">
<action-date>2017-01-12</action-date>
<action-desc>Introduced in House</action-desc>
<summary-text><![CDATA[<p><b>End Unnecessary Borrowing Act of 2017</b></p> <p> This bill amends the National Housing Act with respect to the requirement that the Department of Housing and Urban Development (HUD) endeavor to ensure that the Mutual Mortgage Insurance Fund (MMI Fund) attains a capital ratio of not less than 2% within 10 years after enactment of that requirement (November 5, 1990) and to ensure that the fund maintains at least that capital ratio at all times thereafter.</p> <p>The bill prohibits these requirements from being construed to authorize or require HUD to borrow any amounts to comply with the capital ratio requirement.</p> <p>Any HUD authority to borrow from the Treasury for the MMI Fund may be used only to the extent necessary to pay claims on mortgage insurance that is an obligation of such fund.</p>]]></summary-text>
</summary>
</item>
<dublinCore xmlns:dc="http://purl.org/dc/elements/1.1/">
<dc:format>text/xml</dc:format>
<dc:language>EN</dc:language>
<dc:rights>Pursuant to Title 17 Section 105 of the United States Code, this file is not subject to copyright protection and is in the public domain.</dc:rights>
<dc:contributor>Congressional Research Service, Library of Congress</dc:contributor>
<dc:description>This file contains bill summaries for federal legislation. A bill summary describes the most significant provisions of a piece of legislation and details the effects the legislative text may have on current law and federal programs. Bill summaries are authored by the Congressional Research Service (CRS) of the Library of Congress. As stated in Public Law 91-510 (2 USC 166 (d)(6)), one of the duties of CRS is "to prepare summaries and digests of bills and resolutions of a public general nature introduced in the Senate or House of Representatives". For more information, refer to the User Guide that accompanies this file.</dc:description>
</dublinCore>
</BillSummaries>
