<?xml version="1.0" encoding="UTF-8"?><BillSummaries>
<item congress="115" measure-type="hr" measure-number="466" measure-id="id115hr466" originChamber="HOUSE" orig-publish-date="2017-01-12" update-date="2017-02-07">
<title>Sex Trafficking Demand Reduction Act</title>
<summary summary-id="id115hr466v00" currentChamber="HOUSE" update-date="2017-02-07">
<action-date>2017-01-12</action-date>
<action-desc>Introduced in House</action-desc>
<summary-text><![CDATA[<p><strong>Sex Trafficking Demand Reduction Act</strong></p> <p>This bill amends the Trafficking Victims Protection Act of 2000 to declare that, pursuant to the minimum standards for the elimination of sex trafficking, if a government has the authority to prohibit the purchase of commercial sex acts but fails to do so, it shall be deemed to have failed to make serious and sustained efforts to reduce the demand for commercial sex acts.</p>]]></summary-text>
</summary>
</item>
<dublinCore xmlns:dc="http://purl.org/dc/elements/1.1/">
<dc:format>text/xml</dc:format>
<dc:language>EN</dc:language>
<dc:rights>Pursuant to Title 17 Section 105 of the United States Code, this file is not subject to copyright protection and is in the public domain.</dc:rights>
<dc:contributor>Congressional Research Service, Library of Congress</dc:contributor>
<dc:description>This file contains bill summaries for federal legislation. A bill summary describes the most significant provisions of a piece of legislation and details the effects the legislative text may have on current law and federal programs. Bill summaries are authored by the Congressional Research Service (CRS) of the Library of Congress. As stated in Public Law 91-510 (2 USC 166 (d)(6)), one of the duties of CRS is "to prepare summaries and digests of bills and resolutions of a public general nature introduced in the Senate or House of Representatives". For more information, refer to the User Guide that accompanies this file.</dc:description>
</dublinCore>
</BillSummaries>
