<?xml version="1.0" encoding="UTF-8"?><BillSummaries>
<item congress="115" measure-type="hr" measure-number="354" measure-id="id115hr354" originChamber="HOUSE" orig-publish-date="2017-01-06" update-date="2017-02-01">
<title>Defund Planned Parenthood Act of 2017</title>
<summary summary-id="id115hr354v00" currentChamber="HOUSE" update-date="2017-02-01">
<action-date>2017-01-06</action-date>
<action-desc>Introduced in House</action-desc>
<summary-text><![CDATA[<p><b>Defund Planned Parenthood Act of 2017</b></p> <p>This bill prohibits, for a one-year period, the availability of federal funds for any purpose to Planned Parenthood Federation of America, Inc., or any of its affiliates or clinics, unless they certify that the affiliates and clinics will not perform, and will not provide any funds to any other entity that performs, an abortion during such period. This restriction does not apply in cases of rape or incest or where a physical condition endangers a woman's life unless an abortion is performed.</p> <p>The Department of Health and Human Services and the Department of Agriculture must seek repayment of federal assistance received by Planned Parenthood Federation of America, Inc., or any affiliate or clinic, if it violates the terms of the certification required by this bill.</p> <p>Additional funding for community health centers is provided for the one-year period described above.</p>]]></summary-text>
</summary>
</item>
<dublinCore xmlns:dc="http://purl.org/dc/elements/1.1/">
<dc:format>text/xml</dc:format>
<dc:language>EN</dc:language>
<dc:rights>Pursuant to Title 17 Section 105 of the United States Code, this file is not subject to copyright protection and is in the public domain.</dc:rights>
<dc:contributor>Congressional Research Service, Library of Congress</dc:contributor>
<dc:description>This file contains bill summaries for federal legislation. A bill summary describes the most significant provisions of a piece of legislation and details the effects the legislative text may have on current law and federal programs. Bill summaries are authored by the Congressional Research Service (CRS) of the Library of Congress. As stated in Public Law 91-510 (2 USC 166 (d)(6)), one of the duties of CRS is "to prepare summaries and digests of bills and resolutions of a public general nature introduced in the Senate or House of Representatives". For more information, refer to the User Guide that accompanies this file.</dc:description>
</dublinCore>
</BillSummaries>
