<?xml version="1.0" encoding="UTF-8"?><BillSummaries>
<item congress="115" measure-type="hr" measure-number="202" measure-id="id115hr202" originChamber="HOUSE" orig-publish-date="2017-01-03" update-date="2017-01-30">
<title>Landlord Accountability Act of 2017</title>
<summary summary-id="id115hr202v00" currentChamber="HOUSE" update-date="2017-01-30">
<action-date>2017-01-03</action-date>
<action-desc>Introduced in House</action-desc>
<summary-text><![CDATA[<p><b>Landlord Accountability Act of 2017</b></p> <p>This bill amends the Fair Housing Act to make it unlawful to discriminate in connection with the rental of a dwelling because the current or prospective tenant holds a housing voucher for rental assistance under section 8 of the United States Housing Act of 1937.</p> <p>An owner of a dwelling unit available for rental may not take any action, or fail to take any action, with the intent to make the unit insufficiently decent, safe, sanitary, or inhabitable so that the dwelling fails to qualify for assistance within the jurisdiction of the Department of Housing and Urban Development (HUD). </p> <p>HUD shall increase the staffing level for the Multifamily Housing Complaint Line operated by its Multifamily Housing Clearinghouse to handle the volume of calls received without unreasonable waiting periods.</p> <p>HUD shall also carry out a Multifamily Housing Complaint Resolution Program to receive and resolve complaints about multifamily housing projects from resident voucher users and local governmental officials.</p> <p>HUD shall disclose on a departmental website information about each complaint received, identifying the multifamily housing project to which it relates.</p> <p>The Internal Revenue Code is amended to allow an eligible landlord a low-income housing maintenance credit of $2,500 multiplied by the number of low-income housing units owned up to a certain maximum for the landlord's annual low-income housing maintenance expenses.</p> <p>An owner of a multifamily housing project in which three or more voucher users reside shall display, at all times and in clear and conspicuous location on every floor, a written notice of tenant rights under federal law and the phone numbers for the Multifamily Housing Complaint Line and for a regional or local HUD office.</p> <p>HUD may also make grants to states, Indian tribes, local governments, and nonprofit, nongovernmental affordable housing organizations to develop or assist tenant harassment prevention programs meeting specified requirements.</p>]]></summary-text>
</summary>
</item>
<dublinCore xmlns:dc="http://purl.org/dc/elements/1.1/">
<dc:format>text/xml</dc:format>
<dc:language>EN</dc:language>
<dc:rights>Pursuant to Title 17 Section 105 of the United States Code, this file is not subject to copyright protection and is in the public domain.</dc:rights>
<dc:contributor>Congressional Research Service, Library of Congress</dc:contributor>
<dc:description>This file contains bill summaries for federal legislation. A bill summary describes the most significant provisions of a piece of legislation and details the effects the legislative text may have on current law and federal programs. Bill summaries are authored by the Congressional Research Service (CRS) of the Library of Congress. As stated in Public Law 91-510 (2 USC 166 (d)(6)), one of the duties of CRS is "to prepare summaries and digests of bills and resolutions of a public general nature introduced in the Senate or House of Representatives". For more information, refer to the User Guide that accompanies this file.</dc:description>
</dublinCore>
</BillSummaries>
