<?xml version="1.0" encoding="UTF-8"?><BillSummaries>
<item congress="115" measure-type="hr" measure-number="507" measure-id="id115hr507" originChamber="HOUSE" orig-publish-date="2017-01-12" update-date="2017-01-27">
<title>Zero-based Budgeting Ensures Responsible Oversight (ZERO) Act of 2017</title>
<summary summary-id="id115hr507v00" currentChamber="HOUSE" update-date="2017-01-27">
<action-date>2017-01-12</action-date>
<action-desc>Introduced in House</action-desc>
<summary-text><![CDATA[<p><b>Zero-based Budgeting Ensures Responsible Oversight (ZERO) Act of 201</b><b>7</b></p> <p>This bill requires the President to submit annual department and agency budgets that include: </p> <ul> <li>a description of each activity for which funds were appropriated during the current year or are requested for the budget year; </li> <li>the legal basis for each activity; </li> <li>three alternative funding levels and the priorities that could be accomplished with each, including at least two levels that are below the current funding level; and </li> <li>measures of cost efficiency and effectiveness for each activity. </li> </ul> <p>The Office of Management and Budget must publish guidelines to carry out this bill by assuming the baseline budget of each department or agency to be zero and requiring each proposed expenditure to be justified as if it were new. </p>]]></summary-text>
</summary>
</item>
<dublinCore xmlns:dc="http://purl.org/dc/elements/1.1/">
<dc:format>text/xml</dc:format>
<dc:language>EN</dc:language>
<dc:rights>Pursuant to Title 17 Section 105 of the United States Code, this file is not subject to copyright protection and is in the public domain.</dc:rights>
<dc:contributor>Congressional Research Service, Library of Congress</dc:contributor>
<dc:description>This file contains bill summaries for federal legislation. A bill summary describes the most significant provisions of a piece of legislation and details the effects the legislative text may have on current law and federal programs. Bill summaries are authored by the Congressional Research Service (CRS) of the Library of Congress. As stated in Public Law 91-510 (2 USC 166 (d)(6)), one of the duties of CRS is "to prepare summaries and digests of bills and resolutions of a public general nature introduced in the Senate or House of Representatives". For more information, refer to the User Guide that accompanies this file.</dc:description>
</dublinCore>
</BillSummaries>
