<?xml version="1.0" encoding="UTF-8"?><BillSummaries>
<item congress="115" measure-type="hr" measure-number="860" measure-id="id115hr860" originChamber="HOUSE" orig-publish-date="2017-02-03" update-date="2017-02-14">
<title>HEALTHIER Act of 2017</title>
<summary summary-id="id115hr860v00" currentChamber="HOUSE" update-date="2017-02-14">
<action-date>2017-02-03</action-date>
<action-desc>Introduced in House</action-desc>
<summary-text><![CDATA[<p><b>Health for Each American Less fortunate Through Help from medical professionals In Every Rural and impoverished area Act of 2017 or the HEALTHIER Act of 2017</b></p> <p>This bill requires the Department of Health and Human Services to award grants to states with a volunteer health care provider law that permits a volunteer to provide health care services without being licensed in the state if the volunteer is licensed in another state.</p> The law must: (1) require the services to be provided in a rural or impoverished area and to be within the scope of practice of the provider in the state, and (2) prohibit the services from being provided for more than seven consecutive days.]]></summary-text>
</summary>
</item>
<dublinCore xmlns:dc="http://purl.org/dc/elements/1.1/">
<dc:format>text/xml</dc:format>
<dc:language>EN</dc:language>
<dc:rights>Pursuant to Title 17 Section 105 of the United States Code, this file is not subject to copyright protection and is in the public domain.</dc:rights>
<dc:contributor>Congressional Research Service, Library of Congress</dc:contributor>
<dc:description>This file contains bill summaries for federal legislation. A bill summary describes the most significant provisions of a piece of legislation and details the effects the legislative text may have on current law and federal programs. Bill summaries are authored by the Congressional Research Service (CRS) of the Library of Congress. As stated in Public Law 91-510 (2 USC 166 (d)(6)), one of the duties of CRS is "to prepare summaries and digests of bills and resolutions of a public general nature introduced in the Senate or House of Representatives". For more information, refer to the User Guide that accompanies this file.</dc:description>
</dublinCore>
</BillSummaries>
