<?xml version="1.0" encoding="UTF-8"?><BillSummaries>
<item congress="115" measure-type="hr" measure-number="1007" measure-id="id115hr1007" originChamber="HOUSE" orig-publish-date="2017-02-13" update-date="2017-03-04">
<title>Lawrence J. Hackett Jr. Vietnam Veterans Agent Orange Fairness Act</title>
<summary summary-id="id115hr1007v00" currentChamber="HOUSE" update-date="2017-03-04">
<action-date>2017-02-13</action-date>
<action-desc>Introduced in House</action-desc>
<summary-text><![CDATA[<p><strong>Lawrence J. Hackett Jr. Vietnam Veterans Agent Orange Fairness Act</strong></p> <p>This bill directs the Department of Veterans Affairs to establish a task force to assess and make recommendations about the care and compensation that should be provided to veterans who have been exposed to Agent Orange, their spouses, and multiple generations of their offspring.</p> <p>The task force shall make recommendations: </p> <ul> <li>to establish the Agent Orange Illness Compensation Program to provide an exposed veteran or eligible survivor a lump sum payment for the veteran's injury, illness, or death; </li> <li>for the establishment of a national outreach and education campaign to communicate information about Agent Orange exposures and health conditions to veterans who are affected by incidents of toxic exposures and their families; </li> <li>for compensation and health care for individuals with Spina Bifida, birth defects, or other illnesses who are the children or descendants of members of the Armed Forces who served in Vietnam or in or near the demilitarized zone in Korea during certain time periods determined by the task force; and </li> <li>for the establishment of a unified policy to deal with the consequences of exposure to hazardous materials in the military.</li> </ul>]]></summary-text>
</summary>
</item>
<dublinCore xmlns:dc="http://purl.org/dc/elements/1.1/">
<dc:format>text/xml</dc:format>
<dc:language>EN</dc:language>
<dc:rights>Pursuant to Title 17 Section 105 of the United States Code, this file is not subject to copyright protection and is in the public domain.</dc:rights>
<dc:contributor>Congressional Research Service, Library of Congress</dc:contributor>
<dc:description>This file contains bill summaries for federal legislation. A bill summary describes the most significant provisions of a piece of legislation and details the effects the legislative text may have on current law and federal programs. Bill summaries are authored by the Congressional Research Service (CRS) of the Library of Congress. As stated in Public Law 91-510 (2 USC 166 (d)(6)), one of the duties of CRS is "to prepare summaries and digests of bills and resolutions of a public general nature introduced in the Senate or House of Representatives". For more information, refer to the User Guide that accompanies this file.</dc:description>
</dublinCore>
</BillSummaries>
