<?xml version="1.0" encoding="UTF-8"?><BillSummaries>
<item congress="115" measure-type="hr" measure-number="421" measure-id="id115hr421" originChamber="HOUSE" orig-publish-date="2017-01-10" update-date="2017-02-01">
<title>Allowing Greater Access to Safe and Effective Contraception Act</title>
<summary summary-id="id115hr421v00" currentChamber="HOUSE" update-date="2017-02-01">
<action-date>2017-01-10</action-date>
<action-desc>Introduced in House</action-desc>
<summary-text><![CDATA[<p><b>Allowing Greater Access to Safe and Effective Contraception Act</b></p> <p>This bill requires the Food and Drug Administration (FDA) to prioritize review of supplemental drug applications (applications to modify the approved use of a drug) for contraceptive drugs intended for routine use that would be available to individuals aged 18 and older without a prescription. The FDA must waive user fees for such supplemental drug applications. Any drug that is eligible for this priority review must be a prescription drug for individuals under age 18.</p> This bill repeals provisions of the Patient Protection and Affordable Care Act and the Health Care and Education Reconciliation Act of 2010 to allow health savings accounts and health flexible spending accounts (HFSAs) to be used to pay for medicine without a prescription and to remove the limit on salary reduction contributions to a HFSA under a cafeteria plan, effective as if the provisions had never been enacted.]]></summary-text>
</summary>
</item>
<dublinCore xmlns:dc="http://purl.org/dc/elements/1.1/">
<dc:format>text/xml</dc:format>
<dc:language>EN</dc:language>
<dc:rights>Pursuant to Title 17 Section 105 of the United States Code, this file is not subject to copyright protection and is in the public domain.</dc:rights>
<dc:contributor>Congressional Research Service, Library of Congress</dc:contributor>
<dc:description>This file contains bill summaries for federal legislation. A bill summary describes the most significant provisions of a piece of legislation and details the effects the legislative text may have on current law and federal programs. Bill summaries are authored by the Congressional Research Service (CRS) of the Library of Congress. As stated in Public Law 91-510 (2 USC 166 (d)(6)), one of the duties of CRS is "to prepare summaries and digests of bills and resolutions of a public general nature introduced in the Senate or House of Representatives". For more information, refer to the User Guide that accompanies this file.</dc:description>
</dublinCore>
</BillSummaries>
