<?xml version="1.0" encoding="UTF-8"?><BillSummaries>
<item congress="115" measure-type="hr" measure-number="228" measure-id="id115hr228" originChamber="HOUSE" orig-publish-date="2017-01-03" update-date="2017-12-26">
<title>Indian Employment, Training and Related Services Consolidation Act of 2017</title>
<summary summary-id="id115hr228v49" currentChamber="BOTH" update-date="2017-12-26">
<action-date>2017-12-18</action-date>
<action-desc>Public Law</action-desc>
<summary-text><![CDATA[<p>(This measure has not been amended since it was passed by the House on February 27, 2017. The summary of that version is repeated here.)</p> <p><b>Indian Employment, Training and Related Services Consolidation Act of 2017</b></p> <p> (Sec. 2) This bill amends the Indian Employment, Training and Related Services Demonstration Act of 1992 to rename the Act to the Indian Employment, Training and Related Services Act of 1992 and to revise the program that provides for the integration of employment, training, and related services programs for Indian tribes.</p> <p>(Sec. 6) The bill revises the types of programs that may be integrated. <p> (Sec. 8) The bill revises the process for: (1) federal agencies to grant or deny a tribe's request to waive statutory, regulatory, or administrative requirements to efficiently implement an integration plan; and (2) the Department of the Interior to approve or disapprove an integration plan. A tribe is granted certain hearing and appeal rights if Interior disapproves its plan. </p> <p> (Sec. 10) Tribal authority to use funds to place participants in training positions with employers is revised. </p> <p> (Sec. 13) The Bureau of Indian Affairs must receive and distribute funds for use in accordance with an approved integration plan. </p> <p>(Sec. 14) Funds transferred to a tribe must be treated as non-federal funds for purposes of meeting matching requirements, except funds administered by the Department of Labor or the Department of Health and Human Services. <p>Civil liability limitations apply to approved integration plans.</p>]]></summary-text>
</summary>
<summary summary-id="id115hr228v82" currentChamber="SENATE" update-date="2017-12-07">
<action-date>2017-11-29</action-date>
<action-desc>Passed Senate without amendment</action-desc>
<summary-text><![CDATA[<p>(This measure has not been amended since it was passed by the House on February 27, 2017. The summary of that version is repeated here.)</p> <p><b>Indian Employment, Training and Related Services Consolidation Act of 2017</b></p> <p> (Sec. 2) This bill amends the Indian Employment, Training and Related Services Demonstration Act of 1992 to rename the Act to the Indian Employment, Training and Related Services Act of 1992 and to revise the program that provides for the integration of employment, training, and related services programs for Indian tribes.</p> <p>(Sec. 6) The bill revises the types of programs that may be integrated. <p> (Sec. 8) The bill revises the process for: (1) federal agencies to grant or deny a tribe's request to waive statutory, regulatory, or administrative requirements to efficiently implement an integration plan; and (2) the Department of the Interior to approve or disapprove an integration plan. A tribe is granted certain hearing and appeal rights if Interior disapproves its plan. </p> <p> (Sec. 10) Tribal authority to use funds to place participants in training positions with employers is revised. </p> <p> (Sec. 13) The Bureau of Indian Affairs must receive and distribute funds for use in accordance with an approved integration plan. </p> <p>(Sec. 14) Funds transferred to a tribe must be treated as non-federal funds for purposes of meeting matching requirements, except funds administered by the Department of Labor or the Department of Health and Human Services. <p>Civil liability limitations apply to approved integration plans.</p>]]></summary-text>
</summary>
<summary summary-id="id115hr228v36" currentChamber="HOUSE" update-date="2017-09-25">
<action-date>2017-02-27</action-date>
<action-desc>Passed House amended</action-desc>
<summary-text><![CDATA[<p><b>Indian Employment, Training and Related Services Consolidation Act of 2017</b></p> <p> (Sec. 2) This bill amends the Indian Employment, Training and Related Services Demonstration Act of 1992 to rename the Act to the Indian Employment, Training and Related Services Act of 1992 and to revise the program that provides for the integration of employment, training, and related services programs for Indian tribes.</p> <p>(Sec. 6) The bill revises the types of programs that may be integrated. <p> (Sec. 8) The bill revises the process for: (1) federal agencies to grant or deny a tribe's request to waive statutory, regulatory, or administrative requirements to efficiently implement an integration plan; and (2) the Department of the Interior to approve or disapprove an integration plan. A tribe is granted certain hearing and appeal rights if Interior disapproves its plan. </p> <p> (Sec. 10) Tribal authority to use funds to place participants in training positions with employers is revised. </p> <p> (Sec. 13) The Bureau of Indian Affairs must receive and distribute funds for use in accordance with an approved integration plan. </p> <p>(Sec. 14) Funds transferred to a tribe must be treated as non-federal funds for purposes of meeting matching requirements, except funds administered by the Department of Labor or the Department of Health and Human Services. <p>Civil liability limitations apply to approved integration plans.</p>]]></summary-text>
</summary>
<summary summary-id="id115hr228v00" currentChamber="HOUSE" update-date="2017-02-27">
<action-date>2017-01-03</action-date>
<action-desc>Introduced in House</action-desc>
<summary-text><![CDATA[<p><b>Indian Employment, Training and Related Services Consolidation Act of 2017</b></p> <p> This bill amends the Indian Employment, Training and Related Services Demonstration Act of 1992 to revise the program that provides for the integration of employment, training, and related services programs for Indian tribes. The Act is renamed the Indian Employment, Training and Related Services Act of 1992.</p> <p>The bill revises the types of programs that may be integrated. <p> The bill revises the process for: (1) federal agencies to grant or deny a tribe's request to waive statutory, regulatory, or administrative requirements to efficiently implement an integration plan, and (2) the Department of the Interior to approve or disapprove an integration plan. A tribe is granted certain hearing and appeal rights if Interior disapproves its plan. </p> <p> Tribal authority to use funds to place participants in training positions with employers is revised. </p> <p> The Bureau of Indian Affairs must receive and distribute funds for use in accordance with an approved integration plan. </p> <p>Funds transferred to a tribe must be treated as non-federal funds for purposes of meeting matching requirements, except funds administered by the Department of Labor or the Department of Health and Human Services. <p>Civil liability limitations apply to integration plans.</p>]]></summary-text>
</summary>
</item>
<dublinCore xmlns:dc="http://purl.org/dc/elements/1.1/">
<dc:format>text/xml</dc:format>
<dc:language>EN</dc:language>
<dc:rights>Pursuant to Title 17 Section 105 of the United States Code, this file is not subject to copyright protection and is in the public domain.</dc:rights>
<dc:contributor>Congressional Research Service, Library of Congress</dc:contributor>
<dc:description>This file contains bill summaries for federal legislation. A bill summary describes the most significant provisions of a piece of legislation and details the effects the legislative text may have on current law and federal programs. Bill summaries are authored by the Congressional Research Service (CRS) of the Library of Congress. As stated in Public Law 91-510 (2 USC 166 (d)(6)), one of the duties of CRS is "to prepare summaries and digests of bills and resolutions of a public general nature introduced in the Senate or House of Representatives". For more information, refer to the User Guide that accompanies this file.</dc:description>
</dublinCore>
</BillSummaries>
