<?xml version="1.0" encoding="UTF-8"?><BillSummaries>
<item congress="115" measure-type="hr" measure-number="124" measure-id="id115hr124" originChamber="HOUSE" orig-publish-date="2017-01-03" update-date="2017-03-06">
<title>CAM TIP Act of 2017</title>
<summary summary-id="id115hr124v00" currentChamber="HOUSE" update-date="2017-03-06">
<action-date>2017-01-03</action-date>
<action-desc>Introduced in House</action-desc>
<summary-text><![CDATA[<p><strong></strong></p> <p> <p><b>Camera Accountability Maintenance and Transparency in Policing Act of 2017 or the CAM TIP Act of 2017</b></p> <p>This bill amends the Omnibus Crime Control and Safe Streets Act of 1968 to establish a grant program for state, local, and tribal governments to acquire, operate, and maintain body-worn cameras for law enforcement officers.</p> <p>Additionally, it establishes a task force in the Department of Justice (DOJ) to provide recommendations on community policing, including best practices for accountability and transparency.</p> <p>DOJ must study the cost to purchase and use body-worn cameras. </p> <p>Finally, the Government Accountability Office must study and report on the Department of Defense Excess Personal Property Program. </p>]]></summary-text>
</summary>
</item>
<dublinCore xmlns:dc="http://purl.org/dc/elements/1.1/">
<dc:format>text/xml</dc:format>
<dc:language>EN</dc:language>
<dc:rights>Pursuant to Title 17 Section 105 of the United States Code, this file is not subject to copyright protection and is in the public domain.</dc:rights>
<dc:contributor>Congressional Research Service, Library of Congress</dc:contributor>
<dc:description>This file contains bill summaries for federal legislation. A bill summary describes the most significant provisions of a piece of legislation and details the effects the legislative text may have on current law and federal programs. Bill summaries are authored by the Congressional Research Service (CRS) of the Library of Congress. As stated in Public Law 91-510 (2 USC 166 (d)(6)), one of the duties of CRS is "to prepare summaries and digests of bills and resolutions of a public general nature introduced in the Senate or House of Representatives". For more information, refer to the User Guide that accompanies this file.</dc:description>
</dublinCore>
</BillSummaries>
