<?xml version="1.0" encoding="UTF-8"?><BillSummaries>
<item congress="115" measure-type="hr" measure-number="1267" measure-id="id115hr1267" originChamber="HOUSE" orig-publish-date="2017-03-01" update-date="2017-03-08">
<title>PHIT Act</title>
<summary summary-id="id115hr1267v00" currentChamber="HOUSE" update-date="2017-03-08">
<action-date>2017-03-01</action-date>
<action-desc>Introduced in House</action-desc>
<summary-text><![CDATA[<p><strong>Personal Health Investment Today Act or the PHIT Act </strong></p> <p>This bill amends the Internal Revenue Code to allow a medical care tax deduction for up to $1,000 ($2,000 for a joint return or a head of household) of qualified sports and fitness expenses per year. The bill defines "qualified sports and fitness expenses" as amounts paid exclusively for the sole purpose of participating in a physical activity, including: (1) fitness facility memberships, (2) physical exercise or activity programs, and (3) equipment for a physical exercise or activity program. </p>]]></summary-text>
</summary>
</item>
<dublinCore xmlns:dc="http://purl.org/dc/elements/1.1/">
<dc:format>text/xml</dc:format>
<dc:language>EN</dc:language>
<dc:rights>Pursuant to Title 17 Section 105 of the United States Code, this file is not subject to copyright protection and is in the public domain.</dc:rights>
<dc:contributor>Congressional Research Service, Library of Congress</dc:contributor>
<dc:description>This file contains bill summaries for federal legislation. A bill summary describes the most significant provisions of a piece of legislation and details the effects the legislative text may have on current law and federal programs. Bill summaries are authored by the Congressional Research Service (CRS) of the Library of Congress. As stated in Public Law 91-510 (2 USC 166 (d)(6)), one of the duties of CRS is "to prepare summaries and digests of bills and resolutions of a public general nature introduced in the Senate or House of Representatives". For more information, refer to the User Guide that accompanies this file.</dc:description>
</dublinCore>
</BillSummaries>
