<?xml version="1.0" encoding="UTF-8"?><BillSummaries>
<item congress="115" measure-type="hr" measure-number="711" measure-id="id115hr711" originChamber="HOUSE" orig-publish-date="2017-01-27" update-date="2017-02-08">
<title>John Tanner Fairness and Independence in Redistricting Act</title>
<summary summary-id="id115hr711v00" currentChamber="HOUSE" update-date="2017-02-08">
<action-date>2017-01-27</action-date>
<action-desc>Introduced in House</action-desc>
<summary-text><![CDATA[<p><strong>John Tanner Fairness and Independence in Redistricting Act</strong></p> <p> This bill prohibits a state that has been redistricted after an apportionment from being redistricted again until after the next apportionment of Representatives, unless the state is ordered by a court to conduct such a subsequent redistricting in order to: (1) comply with the U.S. Constitution, or (2) enforce the Voting Rights Act of 1965.</p> <p>Such redistricting shall be conducted through a plan developed by the independent redistricting commission established in the state, or if such plan is not enacted into law, the redistricting plan selected by the state's highest court or developed by a U.S. district court.</p> <p>The bill prescribes requirements for: (1) establishment of a state independent redistricting commission (including provisions for holding each of its meetings in public and maintaining a public Internet site); (2) development of a redistricting plan (including soliciting and considering public comments) and its submission to the state legislature (with public notice of plans at least seven days prior to such submission); (3) selection of a plan, under specified conditions, by the state's highest court or the U.S. district court for the district in which the capital of the state is located; (4) special rules for redistricting conducted under a federal court order; and (5) Election Assistance Commission payments to states for carrying out redistricting.</p>]]></summary-text>
</summary>
</item>
<dublinCore xmlns:dc="http://purl.org/dc/elements/1.1/">
<dc:format>text/xml</dc:format>
<dc:language>EN</dc:language>
<dc:rights>Pursuant to Title 17 Section 105 of the United States Code, this file is not subject to copyright protection and is in the public domain.</dc:rights>
<dc:contributor>Congressional Research Service, Library of Congress</dc:contributor>
<dc:description>This file contains bill summaries for federal legislation. A bill summary describes the most significant provisions of a piece of legislation and details the effects the legislative text may have on current law and federal programs. Bill summaries are authored by the Congressional Research Service (CRS) of the Library of Congress. As stated in Public Law 91-510 (2 USC 166 (d)(6)), one of the duties of CRS is "to prepare summaries and digests of bills and resolutions of a public general nature introduced in the Senate or House of Representatives". For more information, refer to the User Guide that accompanies this file.</dc:description>
</dublinCore>
</BillSummaries>
