<?xml version="1.0" encoding="UTF-8"?><BillSummaries>
<item congress="115" measure-type="hr" measure-number="822" measure-id="id115hr822" originChamber="HOUSE" orig-publish-date="2017-02-02" update-date="2017-02-10">
<title>Earned Income Tax Credit Improvement and Simplification Act 2017</title>
<summary summary-id="id115hr822v00" currentChamber="HOUSE" update-date="2017-02-10">
<action-date>2017-02-02</action-date>
<action-desc>Introduced in House</action-desc>
<summary-text><![CDATA[<p><strong>Earned Income Tax Credit Improvement and Simplification Act 201</strong><b>7</b></p> <p> This bill amends the Internal Revenue Code, with respect to the earned income tax credit, to: (1) allow the credit for an individual who has no qualifying children, has attained the age of 21 but not 25, and is not a full-time student; (2) increase the credit rate and amount for individuals with no qualifying children; (3) allow the credit for an individual whose qualifying children do not have valid Social Security numbers; (4) revise eligibility rules relating to married individuals living apart and qualifying children claimed by another family member; and (5) repeal the denial of such credit for taxpayers with excess investment income. </p>]]></summary-text>
</summary>
</item>
<dublinCore xmlns:dc="http://purl.org/dc/elements/1.1/">
<dc:format>text/xml</dc:format>
<dc:language>EN</dc:language>
<dc:rights>Pursuant to Title 17 Section 105 of the United States Code, this file is not subject to copyright protection and is in the public domain.</dc:rights>
<dc:contributor>Congressional Research Service, Library of Congress</dc:contributor>
<dc:description>This file contains bill summaries for federal legislation. A bill summary describes the most significant provisions of a piece of legislation and details the effects the legislative text may have on current law and federal programs. Bill summaries are authored by the Congressional Research Service (CRS) of the Library of Congress. As stated in Public Law 91-510 (2 USC 166 (d)(6)), one of the duties of CRS is "to prepare summaries and digests of bills and resolutions of a public general nature introduced in the Senate or House of Representatives". For more information, refer to the User Guide that accompanies this file.</dc:description>
</dublinCore>
</BillSummaries>
