<?xml version="1.0" encoding="UTF-8"?><BillSummaries>
<item congress="115" measure-type="hr" measure-number="300" measure-id="id115hr300" originChamber="HOUSE" orig-publish-date="2017-01-05" update-date="2017-01-31">
<title>Sarah's Law</title>
<summary summary-id="id115hr300v00" currentChamber="HOUSE" update-date="2017-01-31">
<action-date>2017-01-05</action-date>
<action-desc>Introduced in House</action-desc>
<summary-text><![CDATA[<p><strong>Sarah's Law</strong></p> <p>This bill amends the Immigration and Nationality Act to require the detention of an alien: (1) who was not inspected and admitted into the United States, who held a revoked nonimmigrant visa (or other nonimmigrant admission document), or who is deportable for failing to maintain nonimmigrant status; and (2) who has been charged in the United States with a crime that resulted in the death or serious bodily injury of another person.</p> <p> U.S. Immigration and Customs Enforcement shall make reasonable efforts to: </p> <ul> <li>obtain information about the identity of any victims of the crimes for which such alien was charged or convicted; and </li> <li> provide the victim, or a parent, guardian, spouse, or closest living relative of a deceased victim, with information about such alien, including name, date of birth, nationality, immigration status, criminal history, and a description of any related removal efforts.</li> </ul>]]></summary-text>
</summary>
</item>
<dublinCore xmlns:dc="http://purl.org/dc/elements/1.1/">
<dc:format>text/xml</dc:format>
<dc:language>EN</dc:language>
<dc:rights>Pursuant to Title 17 Section 105 of the United States Code, this file is not subject to copyright protection and is in the public domain.</dc:rights>
<dc:contributor>Congressional Research Service, Library of Congress</dc:contributor>
<dc:description>This file contains bill summaries for federal legislation. A bill summary describes the most significant provisions of a piece of legislation and details the effects the legislative text may have on current law and federal programs. Bill summaries are authored by the Congressional Research Service (CRS) of the Library of Congress. As stated in Public Law 91-510 (2 USC 166 (d)(6)), one of the duties of CRS is "to prepare summaries and digests of bills and resolutions of a public general nature introduced in the Senate or House of Representatives". For more information, refer to the User Guide that accompanies this file.</dc:description>
</dublinCore>
</BillSummaries>
