<?xml version="1.0" encoding="UTF-8"?><BillSummaries>
<item congress="115" measure-type="hr" measure-number="894" measure-id="id115hr894" originChamber="HOUSE" orig-publish-date="2017-02-06" update-date="2017-02-14">
<title>Interest for Others Act of 2017</title>
<summary summary-id="id115hr894v00" currentChamber="HOUSE" update-date="2017-02-14">
<action-date>2017-02-06</action-date>
<action-desc>Introduced in House</action-desc>
<summary-text><![CDATA[<p><b>Interest for Others Act of 2017</b></p> <p>This bill amends the Internal Revenue Code to allow individuals, trusts, or estates to exclude from gross income up to $50 per year of interest and money market fund dividend income that is contributed to charity using a program adopted by a financial institution or a money market fund. </p> <p>Details regarding the payments to charities must be reported to the Internal Revenue Service by any person that: (1) pays certain interest or dividends and has a charitable contribution program, or (2) is an aggregator that receives contributions and makes payments to charities under a program. </p>]]></summary-text>
</summary>
</item>
<dublinCore xmlns:dc="http://purl.org/dc/elements/1.1/">
<dc:format>text/xml</dc:format>
<dc:language>EN</dc:language>
<dc:rights>Pursuant to Title 17 Section 105 of the United States Code, this file is not subject to copyright protection and is in the public domain.</dc:rights>
<dc:contributor>Congressional Research Service, Library of Congress</dc:contributor>
<dc:description>This file contains bill summaries for federal legislation. A bill summary describes the most significant provisions of a piece of legislation and details the effects the legislative text may have on current law and federal programs. Bill summaries are authored by the Congressional Research Service (CRS) of the Library of Congress. As stated in Public Law 91-510 (2 USC 166 (d)(6)), one of the duties of CRS is "to prepare summaries and digests of bills and resolutions of a public general nature introduced in the Senate or House of Representatives". For more information, refer to the User Guide that accompanies this file.</dc:description>
</dublinCore>
</BillSummaries>
