<?xml version="1.0" encoding="UTF-8"?><BillSummaries>
<item congress="115" measure-type="hr" measure-number="982" measure-id="id115hr982" originChamber="HOUSE" orig-publish-date="2017-02-07" update-date="2017-03-03">
<title>TREAT Act</title>
<summary summary-id="id115hr982v00" currentChamber="HOUSE" update-date="2017-03-03">
<action-date>2017-02-07</action-date>
<action-desc>Introduced in House</action-desc>
<summary-text><![CDATA[<p><strong>The Reforming and Expanding Access to Treatment Act or the TREAT Act</strong></p> <p>This bill amends title XIX (Medicaid) of the Social Security Act to allow federal payment for qualified substance use disorder services furnished to inmates in public institutions under state Medicaid programs. "Qualified substance use disorder services" include medication or behavioral treatment administered to eliminate, mitigate, treat, or cure an individual's substance abuse disorder or use or abuse of drugs.</p> <p>The Substance Abuse and Mental Health Services Administration shall not establish, maintain, or implement any policy that restricts its statutorily authorized provision or support of substance abuse treatment for incarcerated individuals.</p>]]></summary-text>
</summary>
</item>
<dublinCore xmlns:dc="http://purl.org/dc/elements/1.1/">
<dc:format>text/xml</dc:format>
<dc:language>EN</dc:language>
<dc:rights>Pursuant to Title 17 Section 105 of the United States Code, this file is not subject to copyright protection and is in the public domain.</dc:rights>
<dc:contributor>Congressional Research Service, Library of Congress</dc:contributor>
<dc:description>This file contains bill summaries for federal legislation. A bill summary describes the most significant provisions of a piece of legislation and details the effects the legislative text may have on current law and federal programs. Bill summaries are authored by the Congressional Research Service (CRS) of the Library of Congress. As stated in Public Law 91-510 (2 USC 166 (d)(6)), one of the duties of CRS is "to prepare summaries and digests of bills and resolutions of a public general nature introduced in the Senate or House of Representatives". For more information, refer to the User Guide that accompanies this file.</dc:description>
</dublinCore>
</BillSummaries>
