<?xml version="1.0" encoding="UTF-8"?><BillSummaries>
<item congress="115" measure-type="hr" measure-number="227" measure-id="id115hr227" originChamber="HOUSE" orig-publish-date="2017-01-03" update-date="2017-03-06">
<title>Multinational Species Conservation Funds Reauthorization Act</title>
<summary summary-id="id115hr227v00" currentChamber="HOUSE" update-date="2017-03-06">
<action-date>2017-01-03</action-date>
<action-desc>Introduced in House</action-desc>
<summary-text><![CDATA[<p><b>Multinational Species Conservation Funds Reauthorization Act</b></p> <p>This bill reauthorizes the African Elephant Conservation Act, the Rhinoceros and Tiger Conservation Act of 1994, the Asian Elephant Conservation Act of 1997, the Great Ape Conservation Fund, and the Marine Turtle Conservation Fund through FY2022.</p> <p>This bill amends the Great Ape Conservation Act of 2000 to authorize Department of the Interior to award a multi-year grant to carry out a project that is an effective, long-term conservation strategy for great apes (chimpanzees, gorillas, bonobos, orangutans, or gibbons) and their habitats.</p> <p>Interior is required to convene a panel of experts to identify the greatest needs and priorities for the conservation of great apes within a year and every five years thereafter. Current law authorizes Interior to convene a panel to consider the greatest conservation needs every two years. The panel is required to consider relevant great ape conservation plans or strategies.</s></p> <p>This bill amends the Marine Turtle Conservation Act of 2004 to make a wildlife management authority of a U.S. territory eligible for financial assistance for marine turtle conservation.</p>]]></summary-text>
</summary>
</item>
<dublinCore xmlns:dc="http://purl.org/dc/elements/1.1/">
<dc:format>text/xml</dc:format>
<dc:language>EN</dc:language>
<dc:rights>Pursuant to Title 17 Section 105 of the United States Code, this file is not subject to copyright protection and is in the public domain.</dc:rights>
<dc:contributor>Congressional Research Service, Library of Congress</dc:contributor>
<dc:description>This file contains bill summaries for federal legislation. A bill summary describes the most significant provisions of a piece of legislation and details the effects the legislative text may have on current law and federal programs. Bill summaries are authored by the Congressional Research Service (CRS) of the Library of Congress. As stated in Public Law 91-510 (2 USC 166 (d)(6)), one of the duties of CRS is "to prepare summaries and digests of bills and resolutions of a public general nature introduced in the Senate or House of Representatives". For more information, refer to the User Guide that accompanies this file.</dc:description>
</dublinCore>
</BillSummaries>
