<?xml version="1.0" encoding="UTF-8"?><BillSummaries>
<item congress="115" measure-type="hr" measure-number="489" measure-id="id115hr489" originChamber="HOUSE" orig-publish-date="2017-01-12" update-date="2017-03-08">
<title>No Religious Registry Act of 2017</title>
<summary summary-id="id115hr489v00" currentChamber="HOUSE" update-date="2017-03-08">
<action-date>2017-01-12</action-date>
<action-desc>Introduced in House</action-desc>
<summary-text><![CDATA[<p><b>No Religious Registry Act</b> <b>of 2017</b></p> <p>This bill prohibits U.S. government officers or employees from collecting information or utilizing a registry or database to classify or surveil on the basis of religious affiliation: (1) U.S. nationals, (2) aliens lawfully present in the United States, or (3) aliens who apply for a visa or seek admission to the United States or on whose behalf a petition under the immigration laws is submitted. The bill also prohibits studies related to the collection of such information or the establishment or utilization of such a registry or database.</p> <p>Nothing in such prohibition may be construed to prohibit the collection of information that is provided voluntarily, and from which personally identifiable information is removed, to be used strictly for statistical purposes that do not violate this bill.</p> <p>Federal entities are prohibited from: (1) awarding a contract to an entity to collect information or establish a registry that would violate this bill, or (2) purchasing information on religious affiliation from a nonfederal entity for such purposes.</p>]]></summary-text>
</summary>
</item>
<dublinCore xmlns:dc="http://purl.org/dc/elements/1.1/">
<dc:format>text/xml</dc:format>
<dc:language>EN</dc:language>
<dc:rights>Pursuant to Title 17 Section 105 of the United States Code, this file is not subject to copyright protection and is in the public domain.</dc:rights>
<dc:contributor>Congressional Research Service, Library of Congress</dc:contributor>
<dc:description>This file contains bill summaries for federal legislation. A bill summary describes the most significant provisions of a piece of legislation and details the effects the legislative text may have on current law and federal programs. Bill summaries are authored by the Congressional Research Service (CRS) of the Library of Congress. As stated in Public Law 91-510 (2 USC 166 (d)(6)), one of the duties of CRS is "to prepare summaries and digests of bills and resolutions of a public general nature introduced in the Senate or House of Representatives". For more information, refer to the User Guide that accompanies this file.</dc:description>
</dublinCore>
</BillSummaries>
