<?xml version="1.0" encoding="UTF-8"?><BillSummaries>
<item congress="115" measure-type="hr" measure-number="1024" measure-id="id115hr1024" originChamber="HOUSE" orig-publish-date="2017-02-13" update-date="2017-02-23">
<title>To amend section 1105(a) of title 31, United States Code, to require that annual budget submissions of the President to Congress provide an estimate of the cost per taxpayer of the deficit and of the public debt.</title>
<summary summary-id="id115hr1024v00" currentChamber="HOUSE" update-date="2017-02-23">
<action-date>2017-02-13</action-date>
<action-desc>Introduced in House</action-desc>
<summary-text><![CDATA[<p>This bill requires the President's annual budget submission to Congress to include estimates of the pro rata cost to individuals who file an income tax return of: (1) the public debt, and (2) any projected budget deficit for the fiscal year.</p>]]></summary-text>
</summary>
</item>
<dublinCore xmlns:dc="http://purl.org/dc/elements/1.1/">
<dc:format>text/xml</dc:format>
<dc:language>EN</dc:language>
<dc:rights>Pursuant to Title 17 Section 105 of the United States Code, this file is not subject to copyright protection and is in the public domain.</dc:rights>
<dc:contributor>Congressional Research Service, Library of Congress</dc:contributor>
<dc:description>This file contains bill summaries for federal legislation. A bill summary describes the most significant provisions of a piece of legislation and details the effects the legislative text may have on current law and federal programs. Bill summaries are authored by the Congressional Research Service (CRS) of the Library of Congress. As stated in Public Law 91-510 (2 USC 166 (d)(6)), one of the duties of CRS is "to prepare summaries and digests of bills and resolutions of a public general nature introduced in the Senate or House of Representatives". For more information, refer to the User Guide that accompanies this file.</dc:description>
</dublinCore>
</BillSummaries>
