<?xml version="1.0" encoding="UTF-8"?><BillSummaries>
<item congress="115" measure-type="hr" measure-number="1159" measure-id="id115hr1159" originChamber="HOUSE" orig-publish-date="2017-02-16" update-date="2018-03-14">
<title>United States and Israel Space Cooperation Act</title>
<summary summary-id="id115hr1159v36" currentChamber="HOUSE" update-date="2018-03-14">
<action-date>2017-12-20</action-date>
<action-desc>Passed House amended</action-desc>
<summary-text><![CDATA[<p><b>United States and Israel Space Cooperation Act</b></p> <p>(Sec. 3) This bill directs the National Aeronautics and Space Administration (NASA) to continue to work with the Israel Space Agency in identifying and cooperatively pursuing peaceful space exploration and science initiatives in areas of mutual interest, taking all appropriate measures to protect sensitive information, intellectual property, trade secrets, and economic interests of the United States. </p>]]></summary-text>
</summary>
<summary summary-id="id115hr1159v00" currentChamber="HOUSE" update-date="2017-02-27">
<action-date>2017-02-16</action-date>
<action-desc>Introduced in House</action-desc>
<summary-text><![CDATA[<p><b>United States and Israel Space Cooperation Act</b></p> <p>This bill directs the National Aeronautics and Space Administration (NASA) to continue to work with the Israel Space Agency in identifying and cooperatively pursuing peaceful space exploration and science initiatives in areas of mutual interest. </p>]]></summary-text>
</summary>
</item>
<dublinCore xmlns:dc="http://purl.org/dc/elements/1.1/">
<dc:format>text/xml</dc:format>
<dc:language>EN</dc:language>
<dc:rights>Pursuant to Title 17 Section 105 of the United States Code, this file is not subject to copyright protection and is in the public domain.</dc:rights>
<dc:contributor>Congressional Research Service, Library of Congress</dc:contributor>
<dc:description>This file contains bill summaries for federal legislation. A bill summary describes the most significant provisions of a piece of legislation and details the effects the legislative text may have on current law and federal programs. Bill summaries are authored by the Congressional Research Service (CRS) of the Library of Congress. As stated in Public Law 91-510 (2 USC 166 (d)(6)), one of the duties of CRS is "to prepare summaries and digests of bills and resolutions of a public general nature introduced in the Senate or House of Representatives". For more information, refer to the User Guide that accompanies this file.</dc:description>
</dublinCore>
</BillSummaries>
