<?xml version="1.0" encoding="UTF-8"?><BillSummaries>
<item congress="115" measure-type="hr" measure-number="853" measure-id="id115hr853" originChamber="HOUSE" orig-publish-date="2017-02-03" update-date="2017-02-14">
<title>Protecting Life and Taxpayers Act of 2017</title>
<summary summary-id="id115hr853v00" currentChamber="HOUSE" update-date="2017-02-14">
<action-date>2017-02-03</action-date>
<action-desc>Introduced in House</action-desc>
<summary-text><![CDATA[<p><b>Protecting Life and Taxpayers Act of 2017</b></p> <p>This bill requires federally funded entities to certify that they will not perform, and will not provide funds to any other entity that performs, an abortion, except in cases of rape or incest or where a physical condition endangers the woman's life unless an abortion is performed. This applies to a hospital only if the hospital funds a non-hospital entity that performs abortions. </p>]]></summary-text>
</summary>
</item>
<dublinCore xmlns:dc="http://purl.org/dc/elements/1.1/">
<dc:format>text/xml</dc:format>
<dc:language>EN</dc:language>
<dc:rights>Pursuant to Title 17 Section 105 of the United States Code, this file is not subject to copyright protection and is in the public domain.</dc:rights>
<dc:contributor>Congressional Research Service, Library of Congress</dc:contributor>
<dc:description>This file contains bill summaries for federal legislation. A bill summary describes the most significant provisions of a piece of legislation and details the effects the legislative text may have on current law and federal programs. Bill summaries are authored by the Congressional Research Service (CRS) of the Library of Congress. As stated in Public Law 91-510 (2 USC 166 (d)(6)), one of the duties of CRS is "to prepare summaries and digests of bills and resolutions of a public general nature introduced in the Senate or House of Representatives". For more information, refer to the User Guide that accompanies this file.</dc:description>
</dublinCore>
</BillSummaries>
