<?xml version="1.0" encoding="UTF-8"?><BillSummaries>
<item congress="115" measure-type="hr" measure-number="1374" measure-id="id115hr1374" originChamber="HOUSE" orig-publish-date="2017-03-07" update-date="2017-03-17">
<title>Arbitration Fairness Act of 2017</title>
<summary summary-id="id115hr1374v00" currentChamber="HOUSE" update-date="2017-03-17">
<action-date>2017-03-07</action-date>
<action-desc>Introduced in House</action-desc>
<summary-text><![CDATA[<p><strong>Arbitration Fairness Act of</strong> <b>2017</b></p> <p>This bill prohibits a predispute arbitration agreement from being valid or enforceable if it requires arbitration of an employment, consumer, antitrust, or civil rights dispute.</p> <p>The validity and enforceability of an agreement to arbitrate shall be determined by a court, under federal law, rather than an arbitrator, irrespective of whether the party resisting arbitration challenges the arbitration agreement specifically or in conjunction with other terms of the contract containing such agreement.</p> <p>Nothing in this bill applies to arbitration provisions in a contract between an employer and a labor organization or between labor organizations, except that no such arbitration provision shall have the effect of waiving the right of an employee to seek judicial enforcement of a right arising under the U.S. Constitution, a state constitution, a federal or state statute, or related public policy.</p>]]></summary-text>
</summary>
</item>
<dublinCore xmlns:dc="http://purl.org/dc/elements/1.1/">
<dc:format>text/xml</dc:format>
<dc:language>EN</dc:language>
<dc:rights>Pursuant to Title 17 Section 105 of the United States Code, this file is not subject to copyright protection and is in the public domain.</dc:rights>
<dc:contributor>Congressional Research Service, Library of Congress</dc:contributor>
<dc:description>This file contains bill summaries for federal legislation. A bill summary describes the most significant provisions of a piece of legislation and details the effects the legislative text may have on current law and federal programs. Bill summaries are authored by the Congressional Research Service (CRS) of the Library of Congress. As stated in Public Law 91-510 (2 USC 166 (d)(6)), one of the duties of CRS is "to prepare summaries and digests of bills and resolutions of a public general nature introduced in the Senate or House of Representatives". For more information, refer to the User Guide that accompanies this file.</dc:description>
</dublinCore>
</BillSummaries>
