<?xml version="1.0" encoding="UTF-8"?><BillSummaries>
<item congress="115" measure-type="hr" measure-number="426" measure-id="id115hr426" originChamber="HOUSE" orig-publish-date="2017-01-10" update-date="2017-02-01">
<title>Protecting Lives Using Surplus Equipment Act of 2017</title>
<summary summary-id="id115hr426v00" currentChamber="HOUSE" update-date="2017-02-01">
<action-date>2017-01-10</action-date>
<action-desc>Introduced in House</action-desc>
<summary-text><![CDATA[<p><strong>Protecting Lives Using Surplus Equipment Act of </strong><b>2017</b></p> <p>This bill invalidates any regulation, rule, guidance, recommendation, or policy issued after May 15, 2015, that limits the sale or donation of excess federal property to state and local law enforcement agencies unless enacted by Congress.</p> <p>Additionally, it prohibits the use of federal funds to implement such regulation, rule, guidance, recommendation, or policy.</p> <p>Property that was recalled or seized on or after May 15, 2015, must be returned, replaced, or reissued to the state or local law enforcement agency.</p>]]></summary-text>
</summary>
</item>
<dublinCore xmlns:dc="http://purl.org/dc/elements/1.1/">
<dc:format>text/xml</dc:format>
<dc:language>EN</dc:language>
<dc:rights>Pursuant to Title 17 Section 105 of the United States Code, this file is not subject to copyright protection and is in the public domain.</dc:rights>
<dc:contributor>Congressional Research Service, Library of Congress</dc:contributor>
<dc:description>This file contains bill summaries for federal legislation. A bill summary describes the most significant provisions of a piece of legislation and details the effects the legislative text may have on current law and federal programs. Bill summaries are authored by the Congressional Research Service (CRS) of the Library of Congress. As stated in Public Law 91-510 (2 USC 166 (d)(6)), one of the duties of CRS is "to prepare summaries and digests of bills and resolutions of a public general nature introduced in the Senate or House of Representatives". For more information, refer to the User Guide that accompanies this file.</dc:description>
</dublinCore>
</BillSummaries>
