<?xml version="1.0" encoding="UTF-8"?><BillSummaries>
<item congress="115" measure-type="hr" measure-number="1520" measure-id="id115hr1520" originChamber="HOUSE" orig-publish-date="2017-03-13" update-date="2017-03-18">
<title>Uniting Families Act of 2017</title>
<summary summary-id="id115hr1520v00" currentChamber="HOUSE" update-date="2017-03-18">
<action-date>2017-03-13</action-date>
<action-desc>Introduced in House</action-desc>
<summary-text><![CDATA[<p><strong>Uniting Families Act of 2017</strong></p> <p>This bill amends the Immigration and Nationality Act to establish a non-immigrant W-visa category for an alien who: (1) is 18 or older and is the genetic son or daughter of a U.S. citizen who served in the Armed Forces on active duty abroad, or (2) is the spouse or child of such alien and is accompanying, or following to join, such alien.</p> <p>A visa shall not be issued until a petition has been filed in the United States by the applicant's citizen parent and approved by the Department of Homeland Security (DHS). Such petition shall include: </p> <ul> <li>DNA evidence establishing that the alien is the petitioner's genetic child, </li> <li>a written agreement that the parent will provide financial support until the alien's status is adjusted to lawful permanent resident status, and </li> <li>information establishing that the petitioner is a U.S. citizen who served in the Armed Forces on active duty abroad.</li> </ul> <p>The bill provides that: (1) the period of authorized admission for a W-visa alien is five years, which may be extended for one additional two-year period; and (2) the total number of principal W-visa aliens who may be admitted during any fiscal is 5,000.</p> <p>The bill prescribes the criteria that a W-visa alien must meet in order to adjust to lawful permanent resident status, including an understanding of the English language and U.S. history. (Such language and history requirements for naturalization purposes shall not apply to a person who has satisfied them in adjusting from W-visa status to lawful permanent resident status.) </p> <p />]]></summary-text>
</summary>
</item>
<dublinCore xmlns:dc="http://purl.org/dc/elements/1.1/">
<dc:format>text/xml</dc:format>
<dc:language>EN</dc:language>
<dc:rights>Pursuant to Title 17 Section 105 of the United States Code, this file is not subject to copyright protection and is in the public domain.</dc:rights>
<dc:contributor>Congressional Research Service, Library of Congress</dc:contributor>
<dc:description>This file contains bill summaries for federal legislation. A bill summary describes the most significant provisions of a piece of legislation and details the effects the legislative text may have on current law and federal programs. Bill summaries are authored by the Congressional Research Service (CRS) of the Library of Congress. As stated in Public Law 91-510 (2 USC 166 (d)(6)), one of the duties of CRS is "to prepare summaries and digests of bills and resolutions of a public general nature introduced in the Senate or House of Representatives". For more information, refer to the User Guide that accompanies this file.</dc:description>
</dublinCore>
</BillSummaries>
