<?xml version="1.0" encoding="UTF-8"?><BillSummaries>
<item congress="115" measure-type="hr" measure-number="337" measure-id="id115hr337" originChamber="HOUSE" orig-publish-date="2017-01-05" update-date="2017-03-15">
<title>Black Hills National Cemetery Boundary Expansion Act</title>
<summary summary-id="id115hr337v81" currentChamber="HOUSE" update-date="2017-03-15">
<action-date>2017-02-06</action-date>
<action-desc>Passed House without amendment</action-desc>
<summary-text><![CDATA[<p>(This measure has not been amended since it was introduced. The summary has been expanded because action occurred on the measure.)</p> <p><strong>Black Hills National Cemetery Boundary Expansion Act</strong></p> <p>(Sec. 2) This bill directs the Department of Veterans Affairs (VA) to: (1) complete environmental, cultural resource, and other due diligence activities on certain public land to confirm its suitability for inclusion in the Black Hills National Cemetery, South Dakota; and (2) notify the Department of the Interior of such activities. </p> After completion of such activities and upon receipt by Interior of written confirmation of suitability from the VA, the land shall: (1) be withdrawn from all forms of appropriation under the public land laws, including the mining laws, the mineral leasing laws, and the geothermal leasing laws, for as long as it remains under VA administrative jurisdiction; (2) be deemed property; and (3) be transferred to the VA for use as national cemeteries. <p>(Sec. 3) Interior shall publish a notice containing the legal descriptions of such transferred land.</p> <p> The VA shall reimburse Interior for reasonable transfer costs, including survey costs. </p> <p>(Sec. 4) Upon a determination by the VA that all or a portion of such transferred land shall not be used for cemetery purposes, the VA shall: (1) notify Interior and transfer jurisdiction of the land back to Interior, and (2) be responsible for any decontamination costs necessary for restoration of the lands to the public lands.</p>]]></summary-text>
</summary>
<summary summary-id="id115hr337v00" currentChamber="HOUSE" update-date="2017-02-04">
<action-date>2017-01-05</action-date>
<action-desc>Introduced in House</action-desc>
<summary-text><![CDATA[<p><strong>Black Hills National Cemetery Boundary Expansion Act</strong></p> <p>This bill directs the Department of Veterans Affairs (VA) to: (1) complete environmental, cultural resource, and other due diligence activities on certain public land to confirm its suitability for inclusion in the Black Hills National Cemetery, South Dakota; and (2) notify the Department of the Interior of such activities. </p> After completion of such activities and upon receipt by Interior of written confirmation of suitability from the VA, the land shall: (1) be withdrawn from all forms of appropriation under the public land laws, including the mining laws, the mineral leasing laws, and the geothermal leasing laws, for as long as it remains under VA administrative jurisdiction; (2) be deemed property; and (3) be transferred to the VA for use as national cemeteries. <p>Interior shall publish a notice containing the legal descriptions of such transferred land.</p> <p> The VA shall reimburse Interior for reasonable transfer costs, including survey costs. </p> <p>Upon a determination by the VA that all or a portion of such transferred land shall not be used for cemetery purposes, the VA shall: (1) notify Interior and transfer jurisdiction of the land back to Interior, and (2) be responsible for any decontamination costs necessary for restoration of the lands to the public lands.</p>]]></summary-text>
</summary>
</item>
<dublinCore xmlns:dc="http://purl.org/dc/elements/1.1/">
<dc:format>text/xml</dc:format>
<dc:language>EN</dc:language>
<dc:rights>Pursuant to Title 17 Section 105 of the United States Code, this file is not subject to copyright protection and is in the public domain.</dc:rights>
<dc:contributor>Congressional Research Service, Library of Congress</dc:contributor>
<dc:description>This file contains bill summaries for federal legislation. A bill summary describes the most significant provisions of a piece of legislation and details the effects the legislative text may have on current law and federal programs. Bill summaries are authored by the Congressional Research Service (CRS) of the Library of Congress. As stated in Public Law 91-510 (2 USC 166 (d)(6)), one of the duties of CRS is "to prepare summaries and digests of bills and resolutions of a public general nature introduced in the Senate or House of Representatives". For more information, refer to the User Guide that accompanies this file.</dc:description>
</dublinCore>
</BillSummaries>
