<?xml version="1.0" encoding="UTF-8"?><BillSummaries>
<item congress="115" measure-type="hr" measure-number="875" measure-id="id115hr875" originChamber="HOUSE" orig-publish-date="2017-02-06" update-date="2017-02-22">
<title>Bureau of Reclamation Water Project Streamlining Act</title>
<summary summary-id="id115hr875v00" currentChamber="HOUSE" update-date="2017-02-22">
<action-date>2017-02-06</action-date>
<action-desc>Introduced in House</action-desc>
<summary-text><![CDATA[<p><strong>Bureau of Reclamation Water Project Streamlining Act</strong></p> <p>This bill sets forth provisions governing feasibility studies for water projects initiated by the Department of the Interior under the Reclamation Act of 1902 (project studies).</p> <p>A project study initiated after enactment of this bill must: (1) result in the completion of a final feasibility report within three years; (2) have a maximum federal cost of $3 million; and (3) ensure that personnel from the local project area, region, and headquarters levels of the Bureau of Reclamation concurrently conduct the required review. The bill sets forth factors for extending such timeline for complex projects. </p> <p>Interior, within 90 days after the initiation of a project study, must: (1) initiate the process for completing reviews, including environmental reviews, required to be completed as part of such study; (2) convene a meeting of federal, tribal, and state agencies required to act; and (3) provide information that will enable required reviews and analyses to be conducted by other agencies in a thorough and timely manner. </p> <p>Interior must: (1) expedite the completion of any ongoing project study initiated before the enactment of this Act; and (2) proceed directly to preconstruction planning, engineering, and design of a project that it determines is justified. </p> <p>The bill sets forth requirements applicable to: (1) project studies initiated after enactment of this Act for which an environmental impact statement is prepared under the National Environmental Policy Act of 1969 (NEPA); (2) other project studies initiated before enactment for which an environmental review process document is prepared under NEPA; and (3) any project study for the development of a non-federally owned and operated surface water storage project for which Interior determines there is a demonstrable federal interest and that is located in a river basin where other Bureau water projects are located, that will create additional water supplies that support Bureau water projects, or that will become integrated into the operation of Bureau water projects. Interior must: </p> <ul> <li>annually prepare a list of all such studies that do not have adequate funding for study completion; </li> <li>develop and implement a coordinated environmental review process for the development of such studies; </li> <li>identify early all federal, state, and local government agencies and Indian tribes that may have jurisdiction and that may be required to act, which the federal lead agency shall invite to become participating or cooperating agencies; </li> <li>issue guidance regarding the use of programmatic approaches to carry out the environmental review process; and </li> <li>establish an electronic database and issue reporting requirements to make publicly available the status and progress with respect to compliance with applicable NEPA requirements and other action required for a project study. </li></ul> <p>The bill sets forth the authorities and responsibilities of the joint lead agency, which may be a project sponsor, and the federal lead agency in the environmental review process, including: (1) the preparation and use of environmental documents; (2) establishing a plan for coordinating public and agency participation; (3) working with cooperating and participating agencies to identify and resolve issues that could delay process completion or result in the denial of any approval required for the project study; and (4) establishing, upon request, memoranda of agreement with the project sponsor, Indian tribes, and state and local governments to carry out the early coordination activities. </p> <p>The bill: (1) requires a federal lead agency to serve in that capacity for the entirety of all non-federal projects that will be integrated into a larger system owned, operated, or administered by the Bureau; (2) directs Interior, upon determining that a project can be expedited by a non-federal sponsor and that there is a demonstrable federal interest in expediting the project, to advance it as a non-federal project; (3) requires a federal jurisdictional agency to complete any required approval or decision for the environmental review process on an expeditious basis; and (4) provides for a reduction of funds for such an agency that fails to render such a decision by a specified deadline.</p> <p>Interior must: (1) survey the use by the Bureau of categorical exclusions in projects since 2005 and propose a new categorical exclusion for a category of activities if merited, and (2) establish a program to measure and report on progress made toward improving and expediting the planning and environmental review process.</p> <p>Interior must develop and submit annually a Report to Congress on Future Water Project Development that identifies: (1) the costs and benefits of, the non-federal interests associated with, and the support for project reports, proposed project studies, and proposed modifications to authorized projects and project studies that are related to the missions and authorities of the Bureau, that require specific congressional authorization, that have not been congressionally authorized, that have not been included in any previous annual report, and that, if authorized, could be carried out by the Bureau; and (2) any project study that was expedited under this bill.</p> <p>The Water Infrastructure Improvements for the Nation Act is amended to make provisions regarding storage and other water supply projects inapplicable to any project under this bill.</p>]]></summary-text>
</summary>
</item>
<dublinCore xmlns:dc="http://purl.org/dc/elements/1.1/">
<dc:format>text/xml</dc:format>
<dc:language>EN</dc:language>
<dc:rights>Pursuant to Title 17 Section 105 of the United States Code, this file is not subject to copyright protection and is in the public domain.</dc:rights>
<dc:contributor>Congressional Research Service, Library of Congress</dc:contributor>
<dc:description>This file contains bill summaries for federal legislation. A bill summary describes the most significant provisions of a piece of legislation and details the effects the legislative text may have on current law and federal programs. Bill summaries are authored by the Congressional Research Service (CRS) of the Library of Congress. As stated in Public Law 91-510 (2 USC 166 (d)(6)), one of the duties of CRS is "to prepare summaries and digests of bills and resolutions of a public general nature introduced in the Senate or House of Representatives". For more information, refer to the User Guide that accompanies this file.</dc:description>
</dublinCore>
</BillSummaries>
