<?xml version="1.0" encoding="UTF-8"?><BillSummaries>
<item congress="115" measure-type="hr" measure-number="495" measure-id="id115hr495" originChamber="HOUSE" orig-publish-date="2017-01-12" update-date="2017-02-07">
<title>Protection of Children Act of 2017</title>
<summary summary-id="id115hr495v00" currentChamber="HOUSE" update-date="2017-02-07">
<action-date>2017-01-12</action-date>
<action-desc>Introduced in House</action-desc>
<summary-text><![CDATA[<p><strong>Protection of Children Act of 2017</strong></p> <p> This bill amends the William Wilberforce Trafficking Victims Protection Reauthorization Act of 2008 to eliminate the special repatriation requirements for unaccompanied alien children (UAC) who are nationals or residents of a country contiguous to the United States. (The same removal requirements are applied to all UACs who are not victims of a severe form of trafficking in persons and who do not have a fear of returning to their country of nationality or last habitual residence.)</p> <p>An immigration officer who finds an inadmissible UAC at a land border or port of entry shall return the child to his or her country of nationality or of last habitual residence. (Currently such authority is discretionary.)</p> <p> The Department of State is authorized to negotiate agreements between the United States and other countries for the repatriation of children. (Under current law, State is required to negotiate agreements between the United States and countries contiguous to the United States for the repatriation of children.)</p> <p>An unaccompanied child who is not a victim of a severe form of trafficking in persons and who does not have a fear of returning to his or her country of nationality or last habitual residence but who is: </p> <ul> <li>in removal proceedings, shall have a hearing before an immigration judge within 14 days;</li> <li>in federal custody, shall be transferred to Department of Health and Human Services (HHS) custody within 30 days; and </li> <li>in HHS or Department of Homeland Security (DHS) custody, shall have access to legal counsel at no cost to the government.</li> </ul> <p>HHS, before placing a child with an individual, shall provide DHS with the individual's name, Social Security number, date of birth, residence location, and immigration status, if known.</p> <p>DHS shall investigate the immigration status of the individual with whom the child is placed and initiate removal proceedings if that individual is unlawfully present in the United States.</p> <p>Such requirements are applied to any unauthorized child apprehended on or after June 15, 2012.</p> <p>The Immigration and Nationality Act is amended with respect to: (1) special immigrant juvenile status, and (2) jurisdiction of asylum applications.</p>]]></summary-text>
</summary>
</item>
<dublinCore xmlns:dc="http://purl.org/dc/elements/1.1/">
<dc:format>text/xml</dc:format>
<dc:language>EN</dc:language>
<dc:rights>Pursuant to Title 17 Section 105 of the United States Code, this file is not subject to copyright protection and is in the public domain.</dc:rights>
<dc:contributor>Congressional Research Service, Library of Congress</dc:contributor>
<dc:description>This file contains bill summaries for federal legislation. A bill summary describes the most significant provisions of a piece of legislation and details the effects the legislative text may have on current law and federal programs. Bill summaries are authored by the Congressional Research Service (CRS) of the Library of Congress. As stated in Public Law 91-510 (2 USC 166 (d)(6)), one of the duties of CRS is "to prepare summaries and digests of bills and resolutions of a public general nature introduced in the Senate or House of Representatives". For more information, refer to the User Guide that accompanies this file.</dc:description>
</dublinCore>
</BillSummaries>
