<?xml version="1.0" encoding="UTF-8"?><BillSummaries>
<item congress="115" measure-type="hr" measure-number="927" measure-id="id115hr927" originChamber="HOUSE" orig-publish-date="2017-02-07" update-date="2017-02-25">
<title>To amend title 38, United States Code, to provide for the eligibility for beneficiary travel for veterans seeking treatment or care for military sexual trauma in specialized outpatient or residential programs at facilities of the Department of Veterans Affairs, and for other purposes.</title>
<summary summary-id="id115hr927v00" currentChamber="HOUSE" update-date="2017-02-25">
<action-date>2017-02-07</action-date>
<action-desc>Introduced in House</action-desc>
<summary-text><![CDATA[<p>This bill provides eligibility for beneficiary travel through the Department of Veterans Affairs (VA) to a veteran whose travel to a specialized outpatient or residential program at a VA facility is in connection with treatment or care for military sexual trauma.</p>]]></summary-text>
</summary>
</item>
<dublinCore xmlns:dc="http://purl.org/dc/elements/1.1/">
<dc:format>text/xml</dc:format>
<dc:language>EN</dc:language>
<dc:rights>Pursuant to Title 17 Section 105 of the United States Code, this file is not subject to copyright protection and is in the public domain.</dc:rights>
<dc:contributor>Congressional Research Service, Library of Congress</dc:contributor>
<dc:description>This file contains bill summaries for federal legislation. A bill summary describes the most significant provisions of a piece of legislation and details the effects the legislative text may have on current law and federal programs. Bill summaries are authored by the Congressional Research Service (CRS) of the Library of Congress. As stated in Public Law 91-510 (2 USC 166 (d)(6)), one of the duties of CRS is "to prepare summaries and digests of bills and resolutions of a public general nature introduced in the Senate or House of Representatives". For more information, refer to the User Guide that accompanies this file.</dc:description>
</dublinCore>
</BillSummaries>
