<?xml version="1.0" encoding="UTF-8"?><BillSummaries>
<item congress="115" measure-type="hr" measure-number="895" measure-id="id115hr895" originChamber="HOUSE" orig-publish-date="2017-02-06" update-date="2017-02-28">
<title>Educational Opportunities Act</title>
<summary summary-id="id115hr895v00" currentChamber="HOUSE" update-date="2017-02-28">
<action-date>2017-02-06</action-date>
<action-desc>Introduced in House</action-desc>
<summary-text><![CDATA[<p><strong>Educational Opportunities Act</strong></p> <p>This bill amends the Internal Revenue Code to allow individual taxpayers a tax credit for charitable contributions to a scholarship granting organization. The bill allows a maximum credit amount of $4,500 ($2,250 for a married individual filing a separate return). A "scholarship granting organization" is a tax-exempt entity whose exclusive purpose is to provide scholarships for the tuition and other education expenses of elementary and secondary school students from low income households (i.e., household income not exceeding 250% of federal poverty guidelines).</p> <p>The bill allows corporate taxpayers a tax credit, up to $100,000, for contributions to a scholarship granting organization. </p> <p>It also imposes a penalty on scholarship granting organizations that fail to distribute at least 90% of their total receipts for elementary and secondary school expenses in a taxable year.</p>]]></summary-text>
</summary>
</item>
<dublinCore xmlns:dc="http://purl.org/dc/elements/1.1/">
<dc:format>text/xml</dc:format>
<dc:language>EN</dc:language>
<dc:rights>Pursuant to Title 17 Section 105 of the United States Code, this file is not subject to copyright protection and is in the public domain.</dc:rights>
<dc:contributor>Congressional Research Service, Library of Congress</dc:contributor>
<dc:description>This file contains bill summaries for federal legislation. A bill summary describes the most significant provisions of a piece of legislation and details the effects the legislative text may have on current law and federal programs. Bill summaries are authored by the Congressional Research Service (CRS) of the Library of Congress. As stated in Public Law 91-510 (2 USC 166 (d)(6)), one of the duties of CRS is "to prepare summaries and digests of bills and resolutions of a public general nature introduced in the Senate or House of Representatives". For more information, refer to the User Guide that accompanies this file.</dc:description>
</dublinCore>
</BillSummaries>
