<?xml version="1.0" encoding="UTF-8"?><BillSummaries>
<item congress="115" measure-type="hr" measure-number="1397" measure-id="id115hr1397" originChamber="HOUSE" orig-publish-date="2017-03-07" update-date="2017-08-21">
<title>To authorize, direct, facilitate, and expedite the transfer of administrative jurisdiction of certain Federal land, and for other purposes.</title>
<summary summary-id="id115hr1397v81" currentChamber="HOUSE" update-date="2017-08-21">
<action-date>2017-07-11</action-date>
<action-desc>Passed House without amendment</action-desc>
<summary-text><![CDATA[<p>(This measure has not been amended since it was introduced. The summary has been expanded because action occurred on the measure.)</p> <p>(Sec. 1) This bill transfers administrative jurisdiction over:</p> <ul> <li>0.342 acres of federal land within the boundary of the George Washington Memorial Parkway from the Department of the Interior to the Department of Transportation (DOT), and </li> <li> 0.479 acres of federal land within the boundary of the Turner-Fairbank Highway Research Center of the Federal Highway Administration (FHA) adjacent to the parkway from DOT to Interior. </li> </ul> <p>Interior shall prohibit the storage, construction, or installation of any items that may interfere with access by the research center to certain restricted land within the parkway boundary for security and maintenance purposes. </p> <p>The transfers of administrative jurisdiction under this bill shall not be subject to reimbursement or consideration. </p> <p>The National Park Service and the FHA shall comply with the agreement they entered into on September 11, 2002, regarding the transfer of administrative jurisdiction, management, and maintenance of the land specified in it. </p> <p>Subject to the terms of such agreement, Interior shall allow the research center to access specified acreage of: (1) the federal land transferred to Interior for purposes of transportation to and from the research center, and (2) such such land and the restricted land for maintenance of the visual appearance of such land. </p> <p>The Research Center shall maintain the restricted land. </p>]]></summary-text>
</summary>
<summary summary-id="id115hr1397v00" currentChamber="HOUSE" update-date="2017-08-21">
<action-date>2017-03-07</action-date>
<action-desc>Introduced in House</action-desc>
<summary-text><![CDATA[<p>This bill transfers administrative jurisdiction over:</p> <ul> <li>0.342 acres of federal land within the boundary of the George Washington Memorial Parkway from the Department of the Interior to the Department of Transportation (DOT), and </li> <li> 0.479 acres of federal land within the boundary of the Turner-Fairbank Highway Research Center of the Federal Highway Administration (FHA) adjacent to the parkway from DOT to Interior. </li> </ul> <p>Interior shall prohibit the storage, construction, or installation of any items that may interfere with access by the research center to certain restricted land within the parkway boundary for security and maintenance purposes. </p> <p>The transfers of administrative jurisdiction under this bill shall not be subject to reimbursement or consideration. </p> <p>The National Park Service and the FHA shall comply with the agreement they entered into on September 11, 2002, regarding the transfer of administrative jurisdiction, management, and maintenance of the land specified in it. </p> <p>Subject to the terms of such agreement, Interior shall allow the research center to access: (1) the federal land transferred to Interior for purposes of transportation to and from the research center; and (2) such land and the restricted land to maintain their visual appearance. </p> <p>The research center shall maintain the restricted land. </p>]]></summary-text>
</summary>
</item>
<dublinCore xmlns:dc="http://purl.org/dc/elements/1.1/">
<dc:format>text/xml</dc:format>
<dc:language>EN</dc:language>
<dc:rights>Pursuant to Title 17 Section 105 of the United States Code, this file is not subject to copyright protection and is in the public domain.</dc:rights>
<dc:contributor>Congressional Research Service, Library of Congress</dc:contributor>
<dc:description>This file contains bill summaries for federal legislation. A bill summary describes the most significant provisions of a piece of legislation and details the effects the legislative text may have on current law and federal programs. Bill summaries are authored by the Congressional Research Service (CRS) of the Library of Congress. As stated in Public Law 91-510 (2 USC 166 (d)(6)), one of the duties of CRS is "to prepare summaries and digests of bills and resolutions of a public general nature introduced in the Senate or House of Representatives". For more information, refer to the User Guide that accompanies this file.</dc:description>
</dublinCore>
</BillSummaries>
