<?xml version="1.0" encoding="UTF-8"?><BillSummaries>
<item congress="115" measure-type="hr" measure-number="432" measure-id="id115hr432" originChamber="HOUSE" orig-publish-date="2017-01-11" update-date="2017-01-23">
<title>Small Business Tax Credit Accessibility Act</title>
<summary summary-id="id115hr432v00" currentChamber="HOUSE" update-date="2017-01-23">
<action-date>2017-01-11</action-date>
<action-desc>Introduced in House</action-desc>
<summary-text><![CDATA[<p><strong>Small Business Tax Credit Accessibility Act </strong></p> <p>This bill amends the Internal Revenue Code, with respect to the small employer health care insurance tax credit, to: (1) revise the definition of "eligible small employer" to mean an employer with not more than 50 (currently, 25) full-time employees; (2) modify the phaseout formula for such credit to base such phaseout on number of employees and average annual wages; (3) extend from two to three consecutive taxable years the period during which an employer may claim such credit; and (4)&nbsp;eliminate the requirement that employers contribute the same percentage of cost of each employee's health insurance and the cap limiting eligible employer contributions to average premiums paid to a state health insurance exchange.</p>]]></summary-text>
</summary>
</item>
<dublinCore xmlns:dc="http://purl.org/dc/elements/1.1/">
<dc:format>text/xml</dc:format>
<dc:language>EN</dc:language>
<dc:rights>Pursuant to Title 17 Section 105 of the United States Code, this file is not subject to copyright protection and is in the public domain.</dc:rights>
<dc:contributor>Congressional Research Service, Library of Congress</dc:contributor>
<dc:description>This file contains bill summaries for federal legislation. A bill summary describes the most significant provisions of a piece of legislation and details the effects the legislative text may have on current law and federal programs. Bill summaries are authored by the Congressional Research Service (CRS) of the Library of Congress. As stated in Public Law 91-510 (2 USC 166 (d)(6)), one of the duties of CRS is "to prepare summaries and digests of bills and resolutions of a public general nature introduced in the Senate or House of Representatives". For more information, refer to the User Guide that accompanies this file.</dc:description>
</dublinCore>
</BillSummaries>
