<?xml version="1.0" encoding="UTF-8"?><BillSummaries>
<item congress="115" measure-type="hr" measure-number="963" measure-id="id115hr963" originChamber="HOUSE" orig-publish-date="2017-02-07" update-date="2017-03-04">
<title>Supply Our Soldiers Act of 2017</title>
<summary summary-id="id115hr963v00" currentChamber="HOUSE" update-date="2017-03-04">
<action-date>2017-02-07</action-date>
<action-desc>Introduced in House</action-desc>
<summary-text><![CDATA[<p><b>Supply Our Soldiers Act of 2017</b></p> <p>This bill directs the Department of Defense to provide for a program under which postal benefits are provided to a member of the Armed Forces who is on active duty and who is either: (1) serving in Iraq, Afghanistan, or another hostile fire area designated as eligible for hazardous duty pay; or (2) hospitalized at a military medical facility as a result of such service. The postal benefits shall be in the form of coupons, vouchers, or other evidence of credit to use for postal-free mailings. </p> <p>The benefits program shall apply during FY2016-FY2021.</p>]]></summary-text>
</summary>
</item>
<dublinCore xmlns:dc="http://purl.org/dc/elements/1.1/">
<dc:format>text/xml</dc:format>
<dc:language>EN</dc:language>
<dc:rights>Pursuant to Title 17 Section 105 of the United States Code, this file is not subject to copyright protection and is in the public domain.</dc:rights>
<dc:contributor>Congressional Research Service, Library of Congress</dc:contributor>
<dc:description>This file contains bill summaries for federal legislation. A bill summary describes the most significant provisions of a piece of legislation and details the effects the legislative text may have on current law and federal programs. Bill summaries are authored by the Congressional Research Service (CRS) of the Library of Congress. As stated in Public Law 91-510 (2 USC 166 (d)(6)), one of the duties of CRS is "to prepare summaries and digests of bills and resolutions of a public general nature introduced in the Senate or House of Representatives". For more information, refer to the User Guide that accompanies this file.</dc:description>
</dublinCore>
</BillSummaries>
