<?xml version="1.0" encoding="UTF-8"?><BillSummaries>
<item congress="115" measure-type="hr" measure-number="1434" measure-id="id115hr1434" originChamber="HOUSE" orig-publish-date="2017-03-08" update-date="2017-03-17">
<title>Chattahoochee-Oconee National Forest Land Adjustment Act</title>
<summary summary-id="id115hr1434v00" currentChamber="HOUSE" update-date="2017-03-17">
<action-date>2017-03-08</action-date>
<action-desc>Introduced in House</action-desc>
<summary-text><![CDATA[<p><b>Chattahoochee-Oconee National Forest Land Adjustment Act</b></p> <p><strong></strong></p> <p>This bill authorizes the Department of Agriculture (USDA) to sell or exchange any or all interest of the United States in 30 tracts of National Forest System land in Georgia totaling approximately 3,841 acres. </p> <p> USDA may reserve any rights-of-way or other rights or interests in land sold or exchanged under this bill that is considered necessary for management purposes or to protect the public interest. </p> <p> USDA may not sell or exchange land under this bill for less than market value, as determined by an appraisal or through a competitive bid. </p> <p> The bill requires proceeds to be used for the acquisition of land for national forest purposes in Georgia. </p>]]></summary-text>
</summary>
</item>
<dublinCore xmlns:dc="http://purl.org/dc/elements/1.1/">
<dc:format>text/xml</dc:format>
<dc:language>EN</dc:language>
<dc:rights>Pursuant to Title 17 Section 105 of the United States Code, this file is not subject to copyright protection and is in the public domain.</dc:rights>
<dc:contributor>Congressional Research Service, Library of Congress</dc:contributor>
<dc:description>This file contains bill summaries for federal legislation. A bill summary describes the most significant provisions of a piece of legislation and details the effects the legislative text may have on current law and federal programs. Bill summaries are authored by the Congressional Research Service (CRS) of the Library of Congress. As stated in Public Law 91-510 (2 USC 166 (d)(6)), one of the duties of CRS is "to prepare summaries and digests of bills and resolutions of a public general nature introduced in the Senate or House of Representatives". For more information, refer to the User Guide that accompanies this file.</dc:description>
</dublinCore>
</BillSummaries>
