<?xml version="1.0" encoding="UTF-8"?><BillSummaries>
<item congress="115" measure-type="hr" measure-number="355" measure-id="id115hr355" originChamber="HOUSE" orig-publish-date="2017-01-06" update-date="2017-01-26">
<title>Protecting American Families' Retirement Advice Act</title>
<summary summary-id="id115hr355v00" currentChamber="HOUSE" update-date="2017-01-26">
<action-date>2017-01-06</action-date>
<action-desc>Introduced in House</action-desc>
<summary-text><![CDATA[<p><b>Protecting American Families' Retirement Advice Act </b></p> <p>This bill delays for two years the effective date of the Department of Labor rule published on April 8, 2016, relating to the definition of the term &quot;fiduciary&quot; and the conflict of interest rule with respect to retirement investment advice. </p> <p>(The rule defines who is a fiduciary with respect to pension and retirement plans. Under current law, a person who provides investment advice has a fiduciary obligation that requires the person to provide advice in the sole interest of plan participants and beneficiaries. The rule changes the definition of &quot;investment advice&quot; to treat people who provide investment advice to pension and retirement plans for a fee or other compensation as fiduciaries in a wider array of advice relationships.) </p>]]></summary-text>
</summary>
</item>
<dublinCore xmlns:dc="http://purl.org/dc/elements/1.1/">
<dc:format>text/xml</dc:format>
<dc:language>EN</dc:language>
<dc:rights>Pursuant to Title 17 Section 105 of the United States Code, this file is not subject to copyright protection and is in the public domain.</dc:rights>
<dc:contributor>Congressional Research Service, Library of Congress</dc:contributor>
<dc:description>This file contains bill summaries for federal legislation. A bill summary describes the most significant provisions of a piece of legislation and details the effects the legislative text may have on current law and federal programs. Bill summaries are authored by the Congressional Research Service (CRS) of the Library of Congress. As stated in Public Law 91-510 (2 USC 166 (d)(6)), one of the duties of CRS is "to prepare summaries and digests of bills and resolutions of a public general nature introduced in the Senate or House of Representatives". For more information, refer to the User Guide that accompanies this file.</dc:description>
</dublinCore>
</BillSummaries>
