<?xml version="1.0" encoding="UTF-8"?><BillSummaries>
<item congress="115" measure-type="hr" measure-number="1005" measure-id="id115hr1005" originChamber="HOUSE" orig-publish-date="2017-02-13" update-date="2017-05-25">
<title>To amend title 38, United States Code, to improve the provision of adult day health care services for veterans.</title>
<summary summary-id="id115hr1005v81" currentChamber="HOUSE" update-date="2017-05-25">
<action-date>2017-05-23</action-date>
<action-desc>Passed House without amendment</action-desc>
<summary-text><![CDATA[<p>This measure has not been amended since it was introduced. The summary has been expanded because action occurred on the measure.)</p> <p> (Sec. 1) This bill directs the Department of Veterans Affairs (VA) to enter into an agreement or a contract with each state home to pay for adult day health care for a veteran eligible for, but not receiving, nursing home care.</p> <p>The veteran must need such care specifically for a service-connected disability or the veteran must have a service-connected disability rated 70% or more. </p> <p>Payment under each agreement or contract between the VA and a state home must equal 65% of the payment that the VA would otherwise pay to the state home if the veteran were receiving nursing home care. Such payment constitutes full payment to the state home for such care.</p>]]></summary-text>
</summary>
<summary summary-id="id115hr1005v00" currentChamber="HOUSE" update-date="2017-03-04">
<action-date>2017-02-13</action-date>
<action-desc>Introduced in House</action-desc>
<summary-text><![CDATA[<p>This bill directs the Department of Veterans Affairs (VA) to enter into an agreement or a contract with each state home to pay for adult day health care for a veteran eligible for, but not receiving, nursing home care.</p> <p>The veteran must need such care specifically for a service-connected disability or the veteran must have a service-connected disability rated 70% or more. </p> <p>Payment under each agreement or contract between the VA and a state home must equal 65% of the payment that the VA would otherwise pay to the state home if the veteran were receiving nursing home care.</p>]]></summary-text>
</summary>
</item>
<dublinCore xmlns:dc="http://purl.org/dc/elements/1.1/">
<dc:format>text/xml</dc:format>
<dc:language>EN</dc:language>
<dc:rights>Pursuant to Title 17 Section 105 of the United States Code, this file is not subject to copyright protection and is in the public domain.</dc:rights>
<dc:contributor>Congressional Research Service, Library of Congress</dc:contributor>
<dc:description>This file contains bill summaries for federal legislation. A bill summary describes the most significant provisions of a piece of legislation and details the effects the legislative text may have on current law and federal programs. Bill summaries are authored by the Congressional Research Service (CRS) of the Library of Congress. As stated in Public Law 91-510 (2 USC 166 (d)(6)), one of the duties of CRS is "to prepare summaries and digests of bills and resolutions of a public general nature introduced in the Senate or House of Representatives". For more information, refer to the User Guide that accompanies this file.</dc:description>
</dublinCore>
</BillSummaries>
