<?xml version="1.0" encoding="UTF-8"?><BillSummaries>
<item congress="115" measure-type="hr" measure-number="241" measure-id="id115hr241" originChamber="HOUSE" orig-publish-date="2017-01-04" update-date="2017-01-30">
<title>Timely Repatriation Act</title>
<summary summary-id="id115hr241v00" currentChamber="HOUSE" update-date="2017-01-30">
<action-date>2017-01-04</action-date>
<action-desc>Introduced in House</action-desc>
<summary-text><![CDATA[<p> <strong>Timely Repatriation Act </strong></p> <p>This bill directs the Department of Homeland Security (DHS) to publish a report every six months listing: (1) countries that have refused or unreasonably delayed repatriation of an alien who is a national of that country (the report must include the total number of such aliens) and countries that have an excessive repatriation failure rate, and (2) each country that was included in both the report preceding the current report and the current report (DHS may exclude a country if the total number of nonrepatriations outstanding is less than 10 for the preceding three-year period).</p> <p>The Department of State, with respect to a listed country: (1) may not issue visas to attendants, servants, and personal employees of such country's officials and employees who receive nonimmigrant status; and (2) shall reduce the number of visas available for such country's diplomats and officials/employees by 10% for each six months that a country is listed.</p>]]></summary-text>
</summary>
</item>
<dublinCore xmlns:dc="http://purl.org/dc/elements/1.1/">
<dc:format>text/xml</dc:format>
<dc:language>EN</dc:language>
<dc:rights>Pursuant to Title 17 Section 105 of the United States Code, this file is not subject to copyright protection and is in the public domain.</dc:rights>
<dc:contributor>Congressional Research Service, Library of Congress</dc:contributor>
<dc:description>This file contains bill summaries for federal legislation. A bill summary describes the most significant provisions of a piece of legislation and details the effects the legislative text may have on current law and federal programs. Bill summaries are authored by the Congressional Research Service (CRS) of the Library of Congress. As stated in Public Law 91-510 (2 USC 166 (d)(6)), one of the duties of CRS is "to prepare summaries and digests of bills and resolutions of a public general nature introduced in the Senate or House of Representatives". For more information, refer to the User Guide that accompanies this file.</dc:description>
</dublinCore>
</BillSummaries>
