<?xml version="1.0" encoding="UTF-8"?><BillSummaries>
<item congress="115" measure-type="hr" measure-number="1144" measure-id="id115hr1144" originChamber="HOUSE" orig-publish-date="2017-02-16" update-date="2017-02-28">
<title>Inclusive Prosperity Act of 2017</title>
<summary summary-id="id115hr1144v00" currentChamber="HOUSE" update-date="2017-02-28">
<action-date>2017-02-16</action-date>
<action-desc>Introduced in House</action-desc>
<summary-text><![CDATA[<p><b>Inclusive Prosperity Act of 201</b><b>7</b></p> <p> This bill amends the Internal Revenue Code to: (1) impose an excise tax on the transfer of ownership in certain securities (covered transaction), including any share of stock in a corporation, any partnership or beneficial interest in a partnership or trust, any note, bond, debenture, or other evidence of indebtedness (excluding tax-exempt municipal bonds), or derivative financial instruments; (2) impose a penalty on taxpayers who fail to include a covered transaction on their tax return or information statement; and (3) allow an individual taxpayer whose modified adjusted gross income does not exceed $50,000 ($75,000 for married taxpayers filing joint returns) a tax credit for the amount of tax paid on covered transactions. </p>]]></summary-text>
</summary>
</item>
<dublinCore xmlns:dc="http://purl.org/dc/elements/1.1/">
<dc:format>text/xml</dc:format>
<dc:language>EN</dc:language>
<dc:rights>Pursuant to Title 17 Section 105 of the United States Code, this file is not subject to copyright protection and is in the public domain.</dc:rights>
<dc:contributor>Congressional Research Service, Library of Congress</dc:contributor>
<dc:description>This file contains bill summaries for federal legislation. A bill summary describes the most significant provisions of a piece of legislation and details the effects the legislative text may have on current law and federal programs. Bill summaries are authored by the Congressional Research Service (CRS) of the Library of Congress. As stated in Public Law 91-510 (2 USC 166 (d)(6)), one of the duties of CRS is "to prepare summaries and digests of bills and resolutions of a public general nature introduced in the Senate or House of Representatives". For more information, refer to the User Guide that accompanies this file.</dc:description>
</dublinCore>
</BillSummaries>
