<?xml version="1.0" encoding="UTF-8"?><BillSummaries>
<item congress="115" measure-type="hr" measure-number="1212" measure-id="id115hr1212" originChamber="HOUSE" orig-publish-date="2017-02-21" update-date="2017-03-04">
<title>BRAVE Act of 2017</title>
<summary summary-id="id115hr1212v00" currentChamber="HOUSE" update-date="2017-03-04">
<action-date>2017-02-21</action-date>
<action-desc>Introduced in House</action-desc>
<summary-text><![CDATA[<p><b>Burial Rights for America's Veterans' Efforts Act of 2017 or the BRAVE Act of 2017</b> </p> <p>This bill increases the amounts payable through the Department of Veterans Affairs (VA) for: (1) burial and funeral expenses of certain veterans, and (2) such expenses in connection with a veteran's death due to a service-connected disability. </p> <p> The VA shall increase such amounts each fiscal year by the percentage increase in the Consumer Price Index.</p>]]></summary-text>
</summary>
</item>
<dublinCore xmlns:dc="http://purl.org/dc/elements/1.1/">
<dc:format>text/xml</dc:format>
<dc:language>EN</dc:language>
<dc:rights>Pursuant to Title 17 Section 105 of the United States Code, this file is not subject to copyright protection and is in the public domain.</dc:rights>
<dc:contributor>Congressional Research Service, Library of Congress</dc:contributor>
<dc:description>This file contains bill summaries for federal legislation. A bill summary describes the most significant provisions of a piece of legislation and details the effects the legislative text may have on current law and federal programs. Bill summaries are authored by the Congressional Research Service (CRS) of the Library of Congress. As stated in Public Law 91-510 (2 USC 166 (d)(6)), one of the duties of CRS is "to prepare summaries and digests of bills and resolutions of a public general nature introduced in the Senate or House of Representatives". For more information, refer to the User Guide that accompanies this file.</dc:description>
</dublinCore>
</BillSummaries>
