<?xml version="1.0" encoding="UTF-8"?><BillSummaries>
<item congress="115" measure-type="hr" measure-number="409" measure-id="id115hr409" originChamber="HOUSE" orig-publish-date="2017-01-10" update-date="2017-02-01">
<title>Putting Patients and Providers Ahead of Compressed Regulatory Timelines Act of 2017</title>
<summary summary-id="id115hr409v00" currentChamber="HOUSE" update-date="2017-02-01">
<action-date>2017-01-10</action-date>
<action-desc>Introduced in House</action-desc>
<summary-text><![CDATA[<p><strong>Putting Patients and Providers Ahead of Compressed Regulatory Timelines Act of 2017</strong></p> <p>This bill amends title XVIII (Medicare) of the Social Security Act to eliminate provider penalties for failure to comply with electronic health records (EHR) use requirements.</p> <p>Under current law, certain hospitals, Medicare Advantage organizations, and professionals participating in Medicare are subject to negative payment adjustments if they fail to comply with established requirements for EHR use. The bill eliminates these penalties and requires the Centers for Medicare &amp; Medicaid Services to reimburse&nbsp;such providers for payments that they would have received within a specified timeframe had such penalties not been applied.</p>]]></summary-text>
</summary>
</item>
<dublinCore xmlns:dc="http://purl.org/dc/elements/1.1/">
<dc:format>text/xml</dc:format>
<dc:language>EN</dc:language>
<dc:rights>Pursuant to Title 17 Section 105 of the United States Code, this file is not subject to copyright protection and is in the public domain.</dc:rights>
<dc:contributor>Congressional Research Service, Library of Congress</dc:contributor>
<dc:description>This file contains bill summaries for federal legislation. A bill summary describes the most significant provisions of a piece of legislation and details the effects the legislative text may have on current law and federal programs. Bill summaries are authored by the Congressional Research Service (CRS) of the Library of Congress. As stated in Public Law 91-510 (2 USC 166 (d)(6)), one of the duties of CRS is "to prepare summaries and digests of bills and resolutions of a public general nature introduced in the Senate or House of Representatives". For more information, refer to the User Guide that accompanies this file.</dc:description>
</dublinCore>
</BillSummaries>
