<?xml version="1.0" encoding="UTF-8"?><BillSummaries>
<item congress="115" measure-type="hr" measure-number="863" measure-id="id115hr863" originChamber="HOUSE" orig-publish-date="2017-02-03" update-date="2018-01-24">
<title>To facilitate the addition of park administration at the Coltsville National Historical Park, and for other purposes.</title>
<summary summary-id="id115hr863v49" currentChamber="BOTH" update-date="2018-01-24">
<action-date>2018-01-10</action-date>
<action-desc>Public Law</action-desc>
<summary-text><![CDATA[<p>(This measure has not been amended since it was introduced. The expanded summary of the House passed version is repeated here.)</p> <p>(Sec. 1) This bill revises a condition for establishment of the Coltsville National Historical Park in Connecticut to require the state, the city, or the private property owner, as appropriate, to enter into a written agreement with the Department of the Interior to donate at least 10,000 square feet of space in the Colt Armory Complex (currently, the East Armory). </p>]]></summary-text>
</summary>
<summary summary-id="id115hr863v82" currentChamber="SENATE" update-date="2018-01-19">
<action-date>2017-12-21</action-date>
<action-desc>Passed Senate without amendment</action-desc>
<summary-text><![CDATA[<p>(This measure has not been amended since it was introduced. The expanded summary of the House passed version is repeated here.)</p> <p>(Sec. 1) This bill revises a condition for establishment of the Coltsville National Historical Park in Connecticut to require the state, the city, or the private property owner, as appropriate, to enter into a written agreement with the Department of the Interior to donate at least 10,000 square feet of space in the Colt Armory Complex (currently, the East Armory). </p>]]></summary-text>
</summary>
<summary summary-id="id115hr863v80" currentChamber="SENATE" update-date="2017-05-25">
<action-date>2017-05-16</action-date>
<action-desc>Reported to Senate without amendment</action-desc>
<summary-text><![CDATA[<p>(This measure has not been amended since it was introduced. The expanded summary of the House passed version is repeated here.)</p> <p>(Sec. 1) This bill revises a condition for establishment of the Coltsville National Historical Park in Connecticut to require the state, the city, or the private property owner, as appropriate, to enter into a written agreement with the Department of the Interior to donate at least 10,000 square feet of space in the Colt Armory Complex (currently, the East Armory). </p>]]></summary-text>
</summary>
<summary summary-id="id115hr863v81" currentChamber="HOUSE" update-date="2017-03-27">
<action-date>2017-02-27</action-date>
<action-desc>Passed House without amendment</action-desc>
<summary-text><![CDATA[<p>(This measure has not been amended since it was introduced. The summary has been expanded because action occurred on the measure.)</p> <p>(Sec. 1) This bill revises a condition for establishment of the Coltsville National Historical Park in Connecticut to require the state, the city, or the private property owner, as appropriate, to enter into a written agreement with the Department of the Interior to donate at least 10,000 square feet of space in the Colt Armory Complex (currently, the East Armory). </p>]]></summary-text>
</summary>
<summary summary-id="id115hr863v00" currentChamber="HOUSE" update-date="2017-02-22">
<action-date>2017-02-03</action-date>
<action-desc>Introduced in House</action-desc>
<summary-text><![CDATA[<p>This bill revises a condition for establishment of the Coltsville National Historical Park in Connecticut to require the state, the city, or the private property owner, as appropriate, to enter into a written agreement with the Department of the Interior to donate at least 10,000 square feet of space in the Colt Armory Complex (currently, the East Armory). </p>]]></summary-text>
</summary>
</item>
<dublinCore xmlns:dc="http://purl.org/dc/elements/1.1/">
<dc:format>text/xml</dc:format>
<dc:language>EN</dc:language>
<dc:rights>Pursuant to Title 17 Section 105 of the United States Code, this file is not subject to copyright protection and is in the public domain.</dc:rights>
<dc:contributor>Congressional Research Service, Library of Congress</dc:contributor>
<dc:description>This file contains bill summaries for federal legislation. A bill summary describes the most significant provisions of a piece of legislation and details the effects the legislative text may have on current law and federal programs. Bill summaries are authored by the Congressional Research Service (CRS) of the Library of Congress. As stated in Public Law 91-510 (2 USC 166 (d)(6)), one of the duties of CRS is "to prepare summaries and digests of bills and resolutions of a public general nature introduced in the Senate or House of Representatives". For more information, refer to the User Guide that accompanies this file.</dc:description>
</dublinCore>
</BillSummaries>
