<?xml version="1.0" encoding="UTF-8"?><BillSummaries>
<item congress="115" measure-type="hr" measure-number="1472" measure-id="id115hr1472" originChamber="HOUSE" orig-publish-date="2017-03-09" update-date="2017-03-18">
<title>Military and Veteran Caregiver Services Improvement Act of 2017</title>
<summary summary-id="id115hr1472v00" currentChamber="HOUSE" update-date="2017-03-18">
<action-date>2017-03-09</action-date>
<action-desc>Introduced in House</action-desc>
<summary-text><![CDATA[<p><strong>Military and Veteran Caregiver Services Improvement Act of 2017</strong></p> <p>This bill expands eligibility for the family caregiver program of the Department of Veterans Affairs (VA) to include members of the Armed Forces or veterans who are seriously injured or who became ill on active duty prior to September 11, 2001 (currently, limited to service after September 11, 2001). </p> <p>Services to caregivers of veterans under such program are expanded to include&nbsp;child care services, financial planning services, and legal services. </p> <p> The bill terminates the support program for caregivers of covered veterans on October 1, 2022, except that any caregiver activities carried out on September 30, 2022, shall be continued on and after October 1, 2022. </p> <p>The bill authorizes the transfer of entitlement to post 9/11 education assistance to family members by veterans who are retired for a physical disability or&nbsp;who are seriously injured veterans in need of family caregiver services, without regard to length-of-service requirements. </p> <p>The VA is authorized to pay monthly special compensation to seriously injured or ill veterans in need of personal care services and to their caregivers. </p> <p>Flexible work schedules or telework&nbsp;are authorized for federal employees who are caregivers of veterans. </p> <p>The Public Health Service Act is amended to&nbsp;designate a veteran participating in the program of comprehensive assistance for family caregivers as an adult with a special need for purposes of the&nbsp;lifespan respite care program. </p> <p>An interagency working group is established in the executive branch to review and report on policies relating to the caregivers of veterans and members of the Armed Forces.</p> <p>The VA shall provide for studies on members of the Armed Forces who commenced service after September 11, 2001, and veterans who have incurred a serious injury or illness, including a mental health injury, and their caregivers.</p>]]></summary-text>
</summary>
</item>
<dublinCore xmlns:dc="http://purl.org/dc/elements/1.1/">
<dc:format>text/xml</dc:format>
<dc:language>EN</dc:language>
<dc:rights>Pursuant to Title 17 Section 105 of the United States Code, this file is not subject to copyright protection and is in the public domain.</dc:rights>
<dc:contributor>Congressional Research Service, Library of Congress</dc:contributor>
<dc:description>This file contains bill summaries for federal legislation. A bill summary describes the most significant provisions of a piece of legislation and details the effects the legislative text may have on current law and federal programs. Bill summaries are authored by the Congressional Research Service (CRS) of the Library of Congress. As stated in Public Law 91-510 (2 USC 166 (d)(6)), one of the duties of CRS is "to prepare summaries and digests of bills and resolutions of a public general nature introduced in the Senate or House of Representatives". For more information, refer to the User Guide that accompanies this file.</dc:description>
</dublinCore>
</BillSummaries>
