<?xml version="1.0" encoding="UTF-8"?><BillSummaries>
<item congress="115" measure-type="hr" measure-number="1114" measure-id="id115hr1114" originChamber="HOUSE" orig-publish-date="2017-02-16" update-date="2017-03-06">
<title>Social Security Expansion Act</title>
<summary summary-id="id115hr1114v00" currentChamber="HOUSE" update-date="2017-03-06">
<action-date>2017-02-16</action-date>
<action-desc>Introduced in House</action-desc>
<summary-text><![CDATA[<p><b>Social Security Expansion Act</b></p> <p>This bill amends title II (Old Age, Survivors and Disability Insurance) of the Social Security Act to: (1) increase the primary insurance amount for all eligible beneficiaries, beginning in 2023; (2) revise computation of cost-of-living adjustments to use the Consumer Price Index for Elderly Consumers; and (3) increase the special minimum primary insurance amount for lifetime low earners based on years in the workforce.</p> <p>This bill amends the Internal Revenue Code to: (1) apply employment and self-employment taxes to remuneration up to the contribution and benefit base and to remuneration in excess of $250,000, and (2) increase the tax rate on investment gain from 3.8% to 10% and allocate specifed amounts of such tax revenue to the Federal Old-Age and Survivors Insurance Trust Fund and the Federal Disability Insurance Trust Fund.</p>]]></summary-text>
</summary>
</item>
<dublinCore xmlns:dc="http://purl.org/dc/elements/1.1/">
<dc:format>text/xml</dc:format>
<dc:language>EN</dc:language>
<dc:rights>Pursuant to Title 17 Section 105 of the United States Code, this file is not subject to copyright protection and is in the public domain.</dc:rights>
<dc:contributor>Congressional Research Service, Library of Congress</dc:contributor>
<dc:description>This file contains bill summaries for federal legislation. A bill summary describes the most significant provisions of a piece of legislation and details the effects the legislative text may have on current law and federal programs. Bill summaries are authored by the Congressional Research Service (CRS) of the Library of Congress. As stated in Public Law 91-510 (2 USC 166 (d)(6)), one of the duties of CRS is "to prepare summaries and digests of bills and resolutions of a public general nature introduced in the Senate or House of Representatives". For more information, refer to the User Guide that accompanies this file.</dc:description>
</dublinCore>
</BillSummaries>
