<?xml version="1.0" encoding="UTF-8"?><BillSummaries>
<item congress="115" measure-type="hr" measure-number="1158" measure-id="id115hr1158" originChamber="HOUSE" orig-publish-date="2017-02-16" update-date="2017-03-06">
<title>Historic Tax Credit Improvement Act of 2017</title>
<summary summary-id="id115hr1158v00" currentChamber="HOUSE" update-date="2017-03-06">
<action-date>2017-02-16</action-date>
<action-desc>Introduced in House</action-desc>
<summary-text><![CDATA[<p><strong>Historic Tax Credit Improvement Act of 201</strong><b>7</b></p> <p>This bill amends the Internal Revenue Code, with respect to the tax credit for the rehabilitation of buildings and historic structures, to: (1) allow an increased 30% credit, up to $750,000, for projects with rehabilitation expenditures not exceeding $3.75 million, for which no credit was allowed in either of the two prior taxable years (smaller projects); (2) allow the transfer of tax credit amounts for smaller projects; (3) treat a building as substantially rehabilitated if rehabilitation expenditures exceed the greater of 50% of the adjusted basis of the building or $5,000 (currently, the greater of the adjusted basis of the building or $5,000); (4) reduce the required basis adjustment from 100% of the credit to 50% of the amount of the credit; and (5) limit the application of disqualified lease rules to tax-exempt use property.</p>]]></summary-text>
</summary>
</item>
<dublinCore xmlns:dc="http://purl.org/dc/elements/1.1/">
<dc:format>text/xml</dc:format>
<dc:language>EN</dc:language>
<dc:rights>Pursuant to Title 17 Section 105 of the United States Code, this file is not subject to copyright protection and is in the public domain.</dc:rights>
<dc:contributor>Congressional Research Service, Library of Congress</dc:contributor>
<dc:description>This file contains bill summaries for federal legislation. A bill summary describes the most significant provisions of a piece of legislation and details the effects the legislative text may have on current law and federal programs. Bill summaries are authored by the Congressional Research Service (CRS) of the Library of Congress. As stated in Public Law 91-510 (2 USC 166 (d)(6)), one of the duties of CRS is "to prepare summaries and digests of bills and resolutions of a public general nature introduced in the Senate or House of Representatives". For more information, refer to the User Guide that accompanies this file.</dc:description>
</dublinCore>
</BillSummaries>
