<?xml version="1.0" encoding="UTF-8"?><BillSummaries>
<item congress="115" measure-type="hr" measure-number="471" measure-id="id115hr471" originChamber="HOUSE" orig-publish-date="2017-01-12" update-date="2017-02-27">
<title>Small Business Administration Franchise Loan Transparency Act of 2017</title>
<summary summary-id="id115hr471v00" currentChamber="HOUSE" update-date="2017-02-27">
<action-date>2017-01-12</action-date>
<action-desc>Introduced in House</action-desc>
<summary-text><![CDATA[<p><b>Small Business Administration Franchise Loan Transparency Act of 2017</b></p> <p>This bill requires a franchisor, except one with a franchise in the lodging industry, to disclose in the required Federal Trade Commission disclosure document:</p> <ul> <li>the average first-year revenue for all franchise locations for each of the preceding five years of operation;</li> <li>the number of franchise locations that went out of business or were sold by the franchisee during the first year of operation for each such period; and</li> <li>the average revenues for all locations of the franchise for each such period, aggregated to show the top 25%, middle 50%, and the bottom 25% of revenue.</li> </ul> <p> Any financial information relating to the performance of any franchise's location provided by the franchisor, or its representatives, to the lender for the purpose of qualifying the loan, must be disclosed to the prospective franchisee borrower.</p>]]></summary-text>
</summary>
</item>
<dublinCore xmlns:dc="http://purl.org/dc/elements/1.1/">
<dc:format>text/xml</dc:format>
<dc:language>EN</dc:language>
<dc:rights>Pursuant to Title 17 Section 105 of the United States Code, this file is not subject to copyright protection and is in the public domain.</dc:rights>
<dc:contributor>Congressional Research Service, Library of Congress</dc:contributor>
<dc:description>This file contains bill summaries for federal legislation. A bill summary describes the most significant provisions of a piece of legislation and details the effects the legislative text may have on current law and federal programs. Bill summaries are authored by the Congressional Research Service (CRS) of the Library of Congress. As stated in Public Law 91-510 (2 USC 166 (d)(6)), one of the duties of CRS is "to prepare summaries and digests of bills and resolutions of a public general nature introduced in the Senate or House of Representatives". For more information, refer to the User Guide that accompanies this file.</dc:description>
</dublinCore>
</BillSummaries>
