<?xml version="1.0" encoding="UTF-8"?><BillSummaries>
<item congress="115" measure-type="hr" measure-number="720" measure-id="id115hr720" originChamber="HOUSE" orig-publish-date="2017-01-30" update-date="2017-03-15">
<title>Lawsuit Abuse Reduction Act of 2017</title>
<summary summary-id="id115hr720v81" currentChamber="HOUSE" update-date="2017-03-15">
<action-date>2017-03-10</action-date>
<action-desc>Passed House without amendment</action-desc>
<summary-text><![CDATA[<p>(This measure has not been amended since it was introduced. The expanded summary of the House reported version is repeated here.) </p><p><b>Lawsuit Abuse Reduction Act of</b> <b>2017</b></p> <p>(Sec. 2) This bill amends the sanctions provisions in Rule 11 of the Federal Rules of Civil Procedure to require the court to impose an appropriate sanction on any attorney, law firm, or party that has violated, or is responsible for the violation of, the rule with regard to representations to the court. Any sanction must compensate parties injured by the conduct in question.</p> <p>The bill removes a provision that prohibits filing a motion for sanctions if the challenged paper, claim, defense, contention, or denial is withdrawn or appropriately corrected within 21 days after service or within another time the court sets. </p> <p>Courts may impose additional sanctions, including striking the pleadings, dismissing the suit, nonmonetary directives, or penalty payments if warranted for effective deterrence.</p>]]></summary-text>
</summary>
<summary summary-id="id115hr720v79" currentChamber="HOUSE" update-date="2017-03-15">
<action-date>2017-02-24</action-date>
<action-desc>Reported to House without amendment</action-desc>
<summary-text><![CDATA[<p>(This measure has not been amended since it was introduced. The summary has been expanded because action occurred on the measure.)</p> <p><b>Lawsuit Abuse Reduction Act of</b> <b>2017</b></p> <p>(Sec. 2) This bill amends the sanctions provisions in Rule 11 of the Federal Rules of Civil Procedure to require the court to impose an appropriate sanction on any attorney, law firm, or party that has violated, or is responsible for the violation of, the rule with regard to representations to the court. Any sanction must compensate parties injured by the conduct in question.</p> <p>The bill removes a provision that prohibits filing a motion for sanctions if the challenged paper, claim, defense, contention, or denial is withdrawn or appropriately corrected within 21 days after service or within another time the court sets. </p> <p>Courts may impose additional sanctions, including striking the pleadings, dismissing the suit, nonmonetary directives, or penalty payments if warranted for effective deterrence.</p>]]></summary-text>
</summary>
<summary summary-id="id115hr720v00" currentChamber="HOUSE" update-date="2017-02-22">
<action-date>2017-01-30</action-date>
<action-desc>Introduced in House</action-desc>
<summary-text><![CDATA[<p><b>Lawsuit Abuse Reduction Act of</b> <b>2017</b></p> <p>This bill amends the sanctions provisions in Rule 11 of the Federal Rules of Civil Procedure to require the court to impose an appropriate sanction on any attorney, law firm, or party that has violated, or is responsible for the violation of, the rule with regard to representations to the court. Any sanction must compensate parties injured by the conduct in question.</p> <p>The bill removes a provision that prohibits filing a motion for sanctions if the challenged paper, claim, defense, contention, or denial is withdrawn or appropriately corrected within 21 days after service or within another time the court sets. </p> <p>Courts may impose additional sanctions, including striking the pleadings, dismissing the suit, nonmonetary directives, or penalty payments if warranted for effective deterrence.</p>]]></summary-text>
</summary>
</item>
<dublinCore xmlns:dc="http://purl.org/dc/elements/1.1/">
<dc:format>text/xml</dc:format>
<dc:language>EN</dc:language>
<dc:rights>Pursuant to Title 17 Section 105 of the United States Code, this file is not subject to copyright protection and is in the public domain.</dc:rights>
<dc:contributor>Congressional Research Service, Library of Congress</dc:contributor>
<dc:description>This file contains bill summaries for federal legislation. A bill summary describes the most significant provisions of a piece of legislation and details the effects the legislative text may have on current law and federal programs. Bill summaries are authored by the Congressional Research Service (CRS) of the Library of Congress. As stated in Public Law 91-510 (2 USC 166 (d)(6)), one of the duties of CRS is "to prepare summaries and digests of bills and resolutions of a public general nature introduced in the Senate or House of Representatives". For more information, refer to the User Guide that accompanies this file.</dc:description>
</dublinCore>
</BillSummaries>
