<?xml version="1.0" encoding="UTF-8"?><BillSummaries>
<item congress="115" measure-type="hr" measure-number="846" measure-id="id115hr846" originChamber="HOUSE" orig-publish-date="2017-02-03" update-date="2017-02-25">
<title>Military Surviving Spouses Equity Act</title>
<summary summary-id="id115hr846v00" currentChamber="HOUSE" update-date="2017-02-25">
<action-date>2017-02-03</action-date>
<action-desc>Introduced in House</action-desc>
<summary-text><![CDATA[<p><strong>Military Surviving Spouses Equity Act</strong></p> <p>This bill: (1) repeals certain provisions that require the offset of amounts paid in dependency and indemnity compensation from Survivor Benefit Plan (SBP) annuities for the surviving spouses of former military personnel who are entitled to military retired pay or who would be entitled to retired pay except for being under 60 years of age, (2) prohibits requiring repayment of certain amounts previously paid to SBP recipients in the form of a retired pay refund, and (3) requires (current law authorizes) the Secretary of the military department concerned to pay an annuity to a member's dependent children when there is no eligible surviving spouse. </p> <p>The Secretary concerned shall restore annuity eligibility to a surviving spouse who earlier agreed to transfer such eligibility to the surviving child or children of a member.]]></summary-text>
</summary>
</item>
<dublinCore xmlns:dc="http://purl.org/dc/elements/1.1/">
<dc:format>text/xml</dc:format>
<dc:language>EN</dc:language>
<dc:rights>Pursuant to Title 17 Section 105 of the United States Code, this file is not subject to copyright protection and is in the public domain.</dc:rights>
<dc:contributor>Congressional Research Service, Library of Congress</dc:contributor>
<dc:description>This file contains bill summaries for federal legislation. A bill summary describes the most significant provisions of a piece of legislation and details the effects the legislative text may have on current law and federal programs. Bill summaries are authored by the Congressional Research Service (CRS) of the Library of Congress. As stated in Public Law 91-510 (2 USC 166 (d)(6)), one of the duties of CRS is "to prepare summaries and digests of bills and resolutions of a public general nature introduced in the Senate or House of Representatives". For more information, refer to the User Guide that accompanies this file.</dc:description>
</dublinCore>
</BillSummaries>
