<?xml version="1.0" encoding="UTF-8"?><BillSummaries>
<item congress="115" measure-type="hr" measure-number="418" measure-id="id115hr418" originChamber="HOUSE" orig-publish-date="2017-01-10" update-date="2017-03-17">
<title>Early Intervention for Veterans and their Families Act</title>
<summary summary-id="id115hr418v00" currentChamber="HOUSE" update-date="2017-03-17">
<action-date>2017-01-10</action-date>
<action-desc>Introduced in House</action-desc>
<summary-text><![CDATA[<p><strong>Early Intervention for Veterans and their Families Act</strong></p> <p>This bill directs the Department of Veterans Affairs (VA) to carry out a three-year pilot program with community partners (private nonprofit organizations) to provide intensive community care coordination and supportive services to disabled veteran families who lack access to direct wellness services provided by the VA or other entities. </p> <p>Such services may include: </p> <ul> <li>care coordination and case management services;</li> <li> outreach services;</li> <li>assistance in obtaining VA benefits, including vocational and rehabilitation counseling, employment and training service, educational assistance, and health care services;</li> <li>assistance in obtaining and coordinating the provision of other public benefits provided by government agencies or community partners, including marriage counseling, services for children, suicide prevention, substance abuse awareness and treatment, mental health awareness and treatment, financial counseling, anger management counseling, domestic violence awareness and prevention, employment assistance, transportation services, child care, housing counseling, preparing and updating family care plans, development of strategies for living with a veteran with post-traumatic stress disorder or traumatic brain injury, and accessing emergency financial assistance through philanthropic efforts; and</li> <li> direct services that are necessary to improve the well-being and address the needs of the disabled veteran families but that are otherwise unavailable through existing public or private programs.</li> </ul> <ul> </ul>]]></summary-text>
</summary>
</item>
<dublinCore xmlns:dc="http://purl.org/dc/elements/1.1/">
<dc:format>text/xml</dc:format>
<dc:language>EN</dc:language>
<dc:rights>Pursuant to Title 17 Section 105 of the United States Code, this file is not subject to copyright protection and is in the public domain.</dc:rights>
<dc:contributor>Congressional Research Service, Library of Congress</dc:contributor>
<dc:description>This file contains bill summaries for federal legislation. A bill summary describes the most significant provisions of a piece of legislation and details the effects the legislative text may have on current law and federal programs. Bill summaries are authored by the Congressional Research Service (CRS) of the Library of Congress. As stated in Public Law 91-510 (2 USC 166 (d)(6)), one of the duties of CRS is "to prepare summaries and digests of bills and resolutions of a public general nature introduced in the Senate or House of Representatives". For more information, refer to the User Guide that accompanies this file.</dc:description>
</dublinCore>
</BillSummaries>
