<?xml version="1.0" encoding="UTF-8"?><BillSummaries>
<item congress="115" measure-type="hr" measure-number="931" measure-id="id115hr931" originChamber="HOUSE" orig-publish-date="2017-02-07" update-date="2017-10-03">
<title>Firefighter Cancer Registry Act of 2017</title>
<summary summary-id="id115hr931v36" currentChamber="HOUSE" update-date="2017-10-03">
<action-date>2017-09-12</action-date>
<action-desc>Passed House amended</action-desc>
<summary-text><![CDATA[<p><b>Firefighter Cancer Registry Act of 2017</b></p> <p>(Sec. 2) This bill requires the Centers for Disease Control and Prevention (CDC) to develop and maintain a voluntary registry of firefighters to collect history and occupational information that can be linked to existing data in state cancer registries. The registry must be used to improve monitoring of cancer among firefighters and to collect and publish epidemiological information regarding cancer among firefighters. The CDC should seek to include specified information in the registry, including the number and type of fire incidents attended by an individual.</p> <p>To collect information for the registry, the CDC may incorporate questions into existing public health surveys, questionnaires, and other databases.</p> <p>The CDC must: (1) develop a strategy to maximize participation in the registry; (2) develop guidance for states and firefighting agencies regarding the registry; (3) encourage inclusion in the registry of data on minority, female, and volunteer firefighters; and (4) seek feedback on the registry from nonfederal experts.</p> <p>The CDC must develop a process for making registry data available for research without a fee if findings or publications from the research are made public or available to stakeholders.</p> <p>(Sec. 3) This bill amends the Public Health Service Act to reduce FY2018 funding for revitalization of CDC facilities.</p>]]></summary-text>
</summary>
<summary summary-id="id115hr931v17" currentChamber="HOUSE" update-date="2017-09-25">
<action-date>2017-09-08</action-date>
<action-desc>Reported to House with amendment(s)</action-desc>
<summary-text><![CDATA[<p><b>Firefighter Cancer Registry Act of 2017</b></p> <p>(Sec. 2) This bill requires the Centers for Disease Control and Prevention (CDC) to develop and maintain a voluntary registry of firefighters to collect history and occupational information that can be linked to existing data in state cancer registries. The registry must be used to improve monitoring of cancer among firefighters and to collect and publish epidemiological information regarding cancer among firefighters. The CDC should seek to include specified information in the registry, including the number and type of fire incidents attended by an individual.</p> <p>To collect information for the registry, the CDC may incorporate questions into existing public health surveys, questionnaires, and other databases.</p> <p>The CDC must: (1) develop a strategy to maximize participation in the registry; (2) develop guidance for states and firefighting agencies regarding the registry; (3) encourage inclusion in the registry of data on minority, female, and volunteer firefighters; and (4) seek feedback on the registry from nonfederal experts.</p> The CDC must develop a process for making registry data available for research without a fee if findings or publications from the research are made public or available to stakeholders.]]></summary-text>
</summary>
<summary summary-id="id115hr931v00" currentChamber="HOUSE" update-date="2017-03-06">
<action-date>2017-02-07</action-date>
<action-desc>Introduced in House</action-desc>
<summary-text><![CDATA[<p><b>Firefighter Cancer Registry Act of 2017</b></p> <p>This bill requires the Centers for Disease Control and Prevention (CDC) to develop and maintain a voluntary registry of firefighters to collect history and occupational information that can be linked to existing data in state cancer registries. The registry must be used to improve monitoring of cancer among firefighters and to collect and publish epidemiological information regarding cancer among firefighters. The CDC should seek to include specified information in the registry, including the number and type of fire incidents attended by an individual.</p> <p>To collect information for the registry, the CDC may incorporate questions into existing public health surveys, questionnaires, and other databases.</p> <p>The CDC must: (1) develop a strategy to maximize participation in the registry; (2) develop guidance for states and firefighting agencies regarding the registry; (3) encourage inclusion in the registry of data on minority, female, and volunteer firefighters; and (4) seek feedback on the registry from nonfederal experts.</p> The CDC must develop a process for making registry data available for research without a fee if findings or publications from the research are made public or available to stakeholders.]]></summary-text>
</summary>
</item>
<dublinCore xmlns:dc="http://purl.org/dc/elements/1.1/">
<dc:format>text/xml</dc:format>
<dc:language>EN</dc:language>
<dc:rights>Pursuant to Title 17 Section 105 of the United States Code, this file is not subject to copyright protection and is in the public domain.</dc:rights>
<dc:contributor>Congressional Research Service, Library of Congress</dc:contributor>
<dc:description>This file contains bill summaries for federal legislation. A bill summary describes the most significant provisions of a piece of legislation and details the effects the legislative text may have on current law and federal programs. Bill summaries are authored by the Congressional Research Service (CRS) of the Library of Congress. As stated in Public Law 91-510 (2 USC 166 (d)(6)), one of the duties of CRS is "to prepare summaries and digests of bills and resolutions of a public general nature introduced in the Senate or House of Representatives". For more information, refer to the User Guide that accompanies this file.</dc:description>
</dublinCore>
</BillSummaries>
