<?xml version="1.0" encoding="UTF-8"?><BillSummaries>
<item congress="115" measure-type="hr" measure-number="334" measure-id="id115hr334" originChamber="HOUSE" orig-publish-date="2017-01-05" update-date="2017-02-04">
<title>Victims of Agent Orange Relief Act of 2017</title>
<summary summary-id="id115hr334v00" currentChamber="HOUSE" update-date="2017-02-04">
<action-date>2017-01-05</action-date>
<action-desc>Introduced in House</action-desc>
<summary-text><![CDATA[<p><strong>Victims of Agent Orange Relief Act of 2017</strong></p> <p>This bill directs the Department of State shall provide assistance: (1) to address the health care needs of covered individuals, (2) to institutions in Vietnam that provide health care to such individuals, (3) to repair and rebuild substandard homes in Vietnam for covered individuals and their families, and (4) to remediate geographic areas of Vietnam that contain high levels of Agent Orange.</p> <p>A &quot;covered individual&quot; is defined as an individual who is a Vietnam resident and who: (1) is affected by health issues related to Agent Orange exposure which took place between January 1, 1961, and May 7, 1975; (2) lives or had lived in or near geographic areas in Vietnam that continue to contain high levels of Agent Orange; or (3) is the child or descendant of such an individual and is affected by such health issues. </p> <p>State and the Department of Veterans Affairs (VA) shall provide assistance to support research relating to health issues of individuals affected by Agent Orange.</p> <p>The Department of Health and Human Services shall: (1) make grants to appropriate public health organizations and Vietnamese-American organizations to conduct a broad health assessment of Vietnamese-Americans who may have been exposed to Agent Orange and their children or descendants; and (2) establish centers in U.S. locations where large populations of Vietnamese-Americans reside to provide assessment, counseling, and treatment for conditions related to Agent Orange exposure. </p> <p>The bill amends veterans benefits provisions to provide benefits to the children of male (currently only female) Vietnam veterans who are affected by certain birth defects. The VA shall require any health care provider with whom the VA enters into a contract for the provision of health care to such children to provide the VA access to the medical records of such children for research into the intergenerational effects of Agent Orange exposure.</p>]]></summary-text>
</summary>
</item>
<dublinCore xmlns:dc="http://purl.org/dc/elements/1.1/">
<dc:format>text/xml</dc:format>
<dc:language>EN</dc:language>
<dc:rights>Pursuant to Title 17 Section 105 of the United States Code, this file is not subject to copyright protection and is in the public domain.</dc:rights>
<dc:contributor>Congressional Research Service, Library of Congress</dc:contributor>
<dc:description>This file contains bill summaries for federal legislation. A bill summary describes the most significant provisions of a piece of legislation and details the effects the legislative text may have on current law and federal programs. Bill summaries are authored by the Congressional Research Service (CRS) of the Library of Congress. As stated in Public Law 91-510 (2 USC 166 (d)(6)), one of the duties of CRS is "to prepare summaries and digests of bills and resolutions of a public general nature introduced in the Senate or House of Representatives". For more information, refer to the User Guide that accompanies this file.</dc:description>
</dublinCore>
</BillSummaries>
