<?xml version="1.0" encoding="UTF-8"?><BillSummaries>
<item congress="115" measure-type="hr" measure-number="1037" measure-id="id115hr1037" originChamber="HOUSE" orig-publish-date="2017-02-14" update-date="2017-02-22">
<title>To authorize the National Emergency Medical Services Memorial Foundation to establish a commemorative work in the District of Columbia and its environs, and for other purposes.</title>
<summary summary-id="id115hr1037v00" currentChamber="HOUSE" update-date="2017-02-22">
<action-date>2017-02-14</action-date>
<action-desc>Introduced in House</action-desc>
<summary-text><![CDATA[<p>This bill authorizes the National Emergency Medical Services Memorial Foundation to establish a commemorative work on federal land in the District of Columbia and its environs to commemorate the commitment and service represented by emergency medical services.</p> <p>The bill: (1) prohibits the use of federal funds to pay any expense of the establishment of such work; (2) makes the foundation solely responsible for acceptance of contributions for, and payment of the expenses of, the establishment of such work; and (3) provides for the deposit of excess funds received for such work into a National Park Foundation account.</p>]]></summary-text>
</summary>
</item>
<dublinCore xmlns:dc="http://purl.org/dc/elements/1.1/">
<dc:format>text/xml</dc:format>
<dc:language>EN</dc:language>
<dc:rights>Pursuant to Title 17 Section 105 of the United States Code, this file is not subject to copyright protection and is in the public domain.</dc:rights>
<dc:contributor>Congressional Research Service, Library of Congress</dc:contributor>
<dc:description>This file contains bill summaries for federal legislation. A bill summary describes the most significant provisions of a piece of legislation and details the effects the legislative text may have on current law and federal programs. Bill summaries are authored by the Congressional Research Service (CRS) of the Library of Congress. As stated in Public Law 91-510 (2 USC 166 (d)(6)), one of the duties of CRS is "to prepare summaries and digests of bills and resolutions of a public general nature introduced in the Senate or House of Representatives". For more information, refer to the User Guide that accompanies this file.</dc:description>
</dublinCore>
</BillSummaries>
