<?xml version="1.0" encoding="UTF-8"?><BillSummaries>
<item congress="115" measure-type="hr" measure-number="142" measure-id="id115hr142" originChamber="HOUSE" orig-publish-date="2017-01-03" update-date="2017-03-06">
<title>Dangerous Products Warning Act</title>
<summary summary-id="id115hr142v00" currentChamber="HOUSE" update-date="2017-03-06">
<action-date>2017-01-03</action-date>
<action-desc>Introduced in House</action-desc>
<summary-text><![CDATA[<p><b>Dangerous Products Warning Act</b></p> <p>This bill amends the federal criminal code to make it a crime for a business entity or product supervisor to knowingly conceal information about a serious danger associated with a product or business practice. Specifically, it imposes criminal penalties&#8212;a fine, a prison term of up to five years, or both&#8212;on a business entity or product supervisor who knows of a serious danger and knowingly fails to warn employees and inform a federal agency. </p> <p>Additionally, the bill makes it a crime to knowingly retaliate against (i.e., engage in employment discrimination against) an employee who warns other employees or informs a federal agency of a serious danger with a product or practice. It imposes criminal penalties&#8212;a fine, a prison term of up to one year, or both&#8212;on a violator. </p>]]></summary-text>
</summary>
</item>
<dublinCore xmlns:dc="http://purl.org/dc/elements/1.1/">
<dc:format>text/xml</dc:format>
<dc:language>EN</dc:language>
<dc:rights>Pursuant to Title 17 Section 105 of the United States Code, this file is not subject to copyright protection and is in the public domain.</dc:rights>
<dc:contributor>Congressional Research Service, Library of Congress</dc:contributor>
<dc:description>This file contains bill summaries for federal legislation. A bill summary describes the most significant provisions of a piece of legislation and details the effects the legislative text may have on current law and federal programs. Bill summaries are authored by the Congressional Research Service (CRS) of the Library of Congress. As stated in Public Law 91-510 (2 USC 166 (d)(6)), one of the duties of CRS is "to prepare summaries and digests of bills and resolutions of a public general nature introduced in the Senate or House of Representatives". For more information, refer to the User Guide that accompanies this file.</dc:description>
</dublinCore>
</BillSummaries>
