<?xml version="1.0" encoding="UTF-8"?><BillSummaries>
<item congress="115" measure-type="hr" measure-number="1020" measure-id="id115hr1020" originChamber="HOUSE" orig-publish-date="2017-02-13" update-date="2017-03-03">
<title>Compassionate Freedom of Choice Act of 2017</title>
<summary summary-id="id115hr1020v00" currentChamber="HOUSE" update-date="2017-03-03">
<action-date>2017-02-13</action-date>
<action-desc>Introduced in House</action-desc>
<summary-text><![CDATA[<p><b>Compassionate Freedom of Choice Act of 2017</b></p> <p>This bill amends the Federal Food, Drug, and Cosmetic Act to declare that nothing in that Act or in the Public Health Service Act prevents or restricts, and the Food and Drug Administration (FDA) may not prevent or restrict, the manufacture, importation, distribution, or sale of drugs or medical devices that are intended for terminally ill patients, have been the subject of a clinical trial, and have not been approved by the FDA.</p> <p>The FDA may not require the disclosure, collection, or reporting of certain information concerning such drugs or devices. The sponsor of a clinical trial may voluntarily disclose, collect, or report such information to the FDA.</p> <p>Except in the case of gross negligence or willful misconduct, a person who manufactures, imports, distributes, prescribes, or administers such a drug or device is not liable under state or federal law for loss, damage, or injury from the development, testing, production, acquisition, use, safety, or effectiveness of the drug or device.</p>]]></summary-text>
</summary>
</item>
<dublinCore xmlns:dc="http://purl.org/dc/elements/1.1/">
<dc:format>text/xml</dc:format>
<dc:language>EN</dc:language>
<dc:rights>Pursuant to Title 17 Section 105 of the United States Code, this file is not subject to copyright protection and is in the public domain.</dc:rights>
<dc:contributor>Congressional Research Service, Library of Congress</dc:contributor>
<dc:description>This file contains bill summaries for federal legislation. A bill summary describes the most significant provisions of a piece of legislation and details the effects the legislative text may have on current law and federal programs. Bill summaries are authored by the Congressional Research Service (CRS) of the Library of Congress. As stated in Public Law 91-510 (2 USC 166 (d)(6)), one of the duties of CRS is "to prepare summaries and digests of bills and resolutions of a public general nature introduced in the Senate or House of Representatives". For more information, refer to the User Guide that accompanies this file.</dc:description>
</dublinCore>
</BillSummaries>
