<?xml version="1.0" encoding="UTF-8"?><BillSummaries>
<item congress="115" measure-type="hr" measure-number="655" measure-id="id115hr655" originChamber="HOUSE" orig-publish-date="2017-01-24" update-date="2017-02-15">
<title>Securing the Cities Act of 2017</title>
<summary summary-id="id115hr655v81" currentChamber="HOUSE" update-date="2017-02-15">
<action-date>2017-01-31</action-date>
<action-desc>Passed House without amendment</action-desc>
<summary-text><![CDATA[<p>(This measure has not been amended since it was introduced. The summary has been expanded because action occurred on the measure.)</p> <p><strong>Securing the Cities Act of 2017</strong></p> <p>(Sec. 2) This bill amends the Homeland Security Act of 2002 to require the Domestic Nuclear Detection Office (DNDO) to establish the Securing the Cities program to enhance the ability of the United States to detect and prevent terrorist attacks and other high consequence events utilizing nuclear or other radiological materials that pose a high risk to homeland security in high-risk urban areas. </p> <p>Under such program, the DNDO shall:</p> <ul> <li> assist state, local, tribal, and territorial governments in designing and implementing, or enhancing existing, architectures for coordinated and integrated detection and interdiction of nuclear or other radiological materials that are out of regulatory control;</li> <li>support the development of a region-wide operating capability to detect and report on nuclear and other radioactive materials out of regulatory control;</li> <li>provide resources to enhance detection, analysis, communication, and coordination to better integrate state, local, tribal, and territorial assets into federal operations;</li> <li> facilitate alarm adjudication and provide subject matter expertise and technical assistance on concepts of operations, training, exercises, and alarm response protocols;</li> <li> communicate with, and promote sharing of information about the presence or detection of nuclear or other radiological materials among, appropriate federal, state, local, tribal, and territorial governments in a manner that ensures transparency;</li> <li> provide augmenting resources to enable state, local, tribal, and territorial governments to sustain and refresh their capabilities developed under the program; and </li> <li>designate participating jurisdictions from among high-risk urban areas and other cities and regions, as appropriate, and notify Congress at least three days before designating or changing such jurisdictions.</li> </ul> <p>The Comptroller General is required to submit an assessment evaluating the effectiveness of the program.</p> <p> (Sec. 3) The DNDO shall report to Congress on the feasibility of developing model exercises to test the preparedness of jurisdictions participating in the program in meeting the challenges that may be posed by a range of nuclear and radiological threats.</p>]]></summary-text>
</summary>
<summary summary-id="id115hr655v00" currentChamber="HOUSE" update-date="2017-02-14">
<action-date>2017-01-24</action-date>
<action-desc>Introduced in House</action-desc>
<summary-text><![CDATA[<p>(<strong>Securing the Cities Act of 2017</strong></p> <p>This bill amends the Homeland Security Act of 2002 to require the Domestic Nuclear Detection Office (DNDO) to establish the Securing the Cities program to enhance the ability of the United States to detect and prevent terrorist attacks and other high consequence events utilizing nuclear or other radiological materials that pose a high risk to homeland security in high-risk urban areas. </p> <p>Under such program, the DNDO shall:</p> <ul> <li> assist state, local, tribal, and territorial governments in designing and implementing, or enhancing existing, architectures for coordinated and integrated detection and interdiction of nuclear or other radiological materials that are out of regulatory control;</li> <li>support the development of a region-wide operating capability to detect and report on nuclear and other radioactive materials out of regulatory control;</li> <li>provide resources to enhance detection, analysis, communication, and coordination to better integrate state, local, tribal, and territorial assets into federal operations;</li> <li> facilitate alarm adjudication and provide subject matter expertise and technical assistance on concepts of operations, training, exercises, and alarm response protocols;</li> <li> communicate with, and promote sharing of information about the presence or detection of nuclear or other radiological materials among, appropriate federal, state, local, tribal, and territorial governments in a manner that ensures transparency;</li> <li> provide augmenting resources to enable state, local, tribal, and territorial governments to sustain and refresh their capabilities developed under the program; and </li> <li>designate participating jurisdictions from among high-risk urban areas and other cities and regions, as appropriate, and notify Congress at least three days before designating or changing such jurisdictions.</li> </ul> <p>The Comptroller General is required to submit an assessment evaluating the effectiveness of the program.</p> <p> The DNDO shall report to Congress on the feasibility of developing model exercises to test the preparedness of jurisdictions participating in the program in meeting the challenges that may be posed by a range of nuclear and radiological threats.</p>]]></summary-text>
</summary>
</item>
<dublinCore xmlns:dc="http://purl.org/dc/elements/1.1/">
<dc:format>text/xml</dc:format>
<dc:language>EN</dc:language>
<dc:rights>Pursuant to Title 17 Section 105 of the United States Code, this file is not subject to copyright protection and is in the public domain.</dc:rights>
<dc:contributor>Congressional Research Service, Library of Congress</dc:contributor>
<dc:description>This file contains bill summaries for federal legislation. A bill summary describes the most significant provisions of a piece of legislation and details the effects the legislative text may have on current law and federal programs. Bill summaries are authored by the Congressional Research Service (CRS) of the Library of Congress. As stated in Public Law 91-510 (2 USC 166 (d)(6)), one of the duties of CRS is "to prepare summaries and digests of bills and resolutions of a public general nature introduced in the Senate or House of Representatives". For more information, refer to the User Guide that accompanies this file.</dc:description>
</dublinCore>
</BillSummaries>
