<?xml version="1.0" encoding="UTF-8"?><BillSummaries>
<item congress="115" measure-type="hr" measure-number="1066" measure-id="id115hr1066" originChamber="HOUSE" orig-publish-date="2017-02-15" update-date="2017-11-07">
<title>VA Management Alignment Act of 2017</title>
<summary summary-id="id115hr1066v81" currentChamber="HOUSE" update-date="2017-11-07">
<action-date>2017-11-06</action-date>
<action-desc>Passed House without amendment</action-desc>
<summary-text><![CDATA[<p>(This measure has not been amended since it was introduced. The summary has been expanded because action occurred on the measure.)</p> <p><strong>VA Management Alignment Act of 2017</strong></p> <p> (Sec. 2) This bill requires the Department of Veterans Affairs (VA) to submit to the Committees on Veterans' Affairs of the Senate and the House of Representatives a report (including recommendations for appropriate legislation) regarding the roles, responsibility, and accountability of elements and individuals of the VA.</p> <p>In creating such report, the VA shall utilize the results of:</p> <ul> <li> the Independent Assessment of the Health Care Delivery Systems and Management Process of the VA established by the Veterans Access, Choice, and Accountability Act of 2014;</li> <li> any study or report by the Commission on Care established by such Act; and </li> <li> other studies or reports, including a report titled &quot;Task Force on Improving Effectiveness of VHA Governance: Report to the VHA Under Secretary for Health,&quot; dated February 28, 2015.</li> </ul> <p>The VA shall also specify clearly delineated roles and responsibilities to optimize the organizational effectiveness and accountability of each:</p> <ul> <li> Administration, staff office, or staff organization and each subordinate organization thereof; and </li> <li> key leader of the VA in relation to any Administration, staff office, or staff organization, Veteran Integrated Service Network, or medical facility. </li> </ul> <ul> <ul> </ul> </ul> <ul> </ul>]]></summary-text>
</summary>
<summary summary-id="id115hr1066v00" currentChamber="HOUSE" update-date="2017-03-06">
<action-date>2017-02-15</action-date>
<action-desc>Introduced in House</action-desc>
<summary-text><![CDATA[<p><strong>VA Management Alignment Act of 2017</strong></p> <p>This bill requires the Department of Veterans Affairs (VA) to submit to the Committees on Veterans' Affairs of the Senate and the House of Representatives a report (including recommendations for appropriate legislation) regarding the roles, responsibility, and accountability of elements and individuals of the VA.</p> <p>In creating such report, the VA shall utilize the results of:</p> <ul> <li> the Independent Assessment of the Health Care Delivery Systems and Management Process of the VA established by the Veterans Access, Choice, and Accountability Act of 2014;</li> <li> any study or report by the Commission on Care established by such Act; and </li> <li> other studies or reports, including a report titled &quot;Task Force on Improving Effectiveness of VHA Governance: Report to the VHA Under Secretary for Health,&quot; dated February 28, 2015.</li> </ul> <p>The VA shall also specify clearly delineated roles and responsibilities to optimize the organizational effectiveness and accountability of each:</p> <ul> <li> Administration, staff office, or staff organization and each subordinate organization thereof; and </li> <li> key leader of the VA in relation to any Administration, staff office, or staff organization, Veteran Integrated Service Network, or medical facility. </li> </ul> <ul> <ul> </ul> </ul> <ul> </ul>]]></summary-text>
</summary>
</item>
<dublinCore xmlns:dc="http://purl.org/dc/elements/1.1/">
<dc:format>text/xml</dc:format>
<dc:language>EN</dc:language>
<dc:rights>Pursuant to Title 17 Section 105 of the United States Code, this file is not subject to copyright protection and is in the public domain.</dc:rights>
<dc:contributor>Congressional Research Service, Library of Congress</dc:contributor>
<dc:description>This file contains bill summaries for federal legislation. A bill summary describes the most significant provisions of a piece of legislation and details the effects the legislative text may have on current law and federal programs. Bill summaries are authored by the Congressional Research Service (CRS) of the Library of Congress. As stated in Public Law 91-510 (2 USC 166 (d)(6)), one of the duties of CRS is "to prepare summaries and digests of bills and resolutions of a public general nature introduced in the Senate or House of Representatives". For more information, refer to the User Guide that accompanies this file.</dc:description>
</dublinCore>
</BillSummaries>
