<?xml version="1.0" encoding="UTF-8"?><BillSummaries>
<item congress="115" measure-type="hr" measure-number="709" measure-id="id115hr709" originChamber="HOUSE" orig-publish-date="2017-01-27" update-date="2017-02-22">
<title>We Are Watching You Act of 2017</title>
<summary summary-id="id115hr709v00" currentChamber="HOUSE" update-date="2017-02-22">
<action-date>2017-01-27</action-date>
<action-desc>Introduced in House</action-desc>
<summary-text><![CDATA[<p><b>We Are Watching You Act of</b> <b>2017</b></p> <p>This bill prohibits an operator of a video service from collecting visual or auditory information from the vicinity of the device used to display the video programming stream to the consumer unless the operator: (1) displays, as part of the stream, a message that reads, &quot;We are watching you&quot;; and (2) describes to the consumer the types of information that will be collected and how such information will be used. </p> <p>The description of information collection must be provided: (1) as part of the terms and conditions to which the consumer must agree before using the video service; and (2) in the case of a video service accessed through a device sold or provided to the consumer by the operator, as part of the written instructions and other materials accompanying such device.</p> <p>Operators must offer an alternative video service that does not involve the collection of such information but is otherwise identical. Any devices provided in connection with such alternative service must be incapable of collecting such information. </p> <p>Operators may disclose such information only with the express consent of the consumer or as required by a court order in connection with a law enforcement investigation. </p> <p>Violations of this bill are to be treated as unfair or deceptive acts or practices under the Federal Trade Commission Act.</p>]]></summary-text>
</summary>
</item>
<dublinCore xmlns:dc="http://purl.org/dc/elements/1.1/">
<dc:format>text/xml</dc:format>
<dc:language>EN</dc:language>
<dc:rights>Pursuant to Title 17 Section 105 of the United States Code, this file is not subject to copyright protection and is in the public domain.</dc:rights>
<dc:contributor>Congressional Research Service, Library of Congress</dc:contributor>
<dc:description>This file contains bill summaries for federal legislation. A bill summary describes the most significant provisions of a piece of legislation and details the effects the legislative text may have on current law and federal programs. Bill summaries are authored by the Congressional Research Service (CRS) of the Library of Congress. As stated in Public Law 91-510 (2 USC 166 (d)(6)), one of the duties of CRS is "to prepare summaries and digests of bills and resolutions of a public general nature introduced in the Senate or House of Representatives". For more information, refer to the User Guide that accompanies this file.</dc:description>
</dublinCore>
</BillSummaries>
