<?xml version="1.0" encoding="UTF-8"?><BillSummaries>
<item congress="115" measure-type="hr" measure-number="572" measure-id="id115hr572" originChamber="HOUSE" orig-publish-date="2017-01-13" update-date="2017-02-09">
<title>Promoting American Agricultural and Medical Exports to Cuba Act of 2017</title>
<summary summary-id="id115hr572v00" currentChamber="HOUSE" update-date="2017-02-09">
<action-date>2017-01-13</action-date>
<action-desc>Introduced in House</action-desc>
<summary-text><![CDATA[<p><strong>Promoting American Agricultural and Medical Exports to Cuba Act of 2017</strong></p> <p> This bill prohibits the President from restricting direct transfers from a Cuban depository institution to a U.S. depository institution in payment for a product authorized for sale under the Trade Sanctions Reform and Export Enhancement Act of 2000.</p> <p>The Department of Agriculture shall provide information and technical assistance to U.S. agricultural producers, cooperative organizations, or state agencies to promote U.S. agricultural exports products to Cuba. </p> <p>The bill authorizes the issuance of temporary entry visas to Cuban nationals to facilitate purchase of U.S. agricultural products.</p> <p>The Department of Commerce and Related Agencies Appropriations Act, 1999 is amended to repeal the prohibition on enforcement of rights to certain U.S. intellectual properties and such properties' transfer.</p> <p>The bill prohibits the regulation or prohibition of travel to or from Cuba by U.S. citizens or legal residents, or any of the transactions ordinarily incident to such travel, if such travel would be lawful in the United States.</p> <p>The President shall rescind all regulations in effect on the date of the enactment of this bill that regulate or prohibit such travel or transactions. </p> <p> Included in such transactions are: (1) accompanied personal baggage; (2) payment of living expenses and the acquisition of personal-use goods or services; (3) travel arrangements; (4) nonscheduled air, sea, or land voyage transactions; and (5) normal banking transactions. </p> <p>Such provision shall not apply in time of war or armed hostilities between the United States and Cuba or when there is imminent danger to the public health or the physical safety of U.S. citizens or legal residents.</p> <p>The bill amends: (1) the Cuban Democracy Act of 1992 to repeal the requirement for onsite verification of certain medical exports to Cuba, and (2) the Internal Revenue Code to increase the airport ticket tax for transportation between the United States and Cuba by $1 and to establish the Agricultural Export Promotion Trust Fund.</p>]]></summary-text>
</summary>
</item>
<dublinCore xmlns:dc="http://purl.org/dc/elements/1.1/">
<dc:format>text/xml</dc:format>
<dc:language>EN</dc:language>
<dc:rights>Pursuant to Title 17 Section 105 of the United States Code, this file is not subject to copyright protection and is in the public domain.</dc:rights>
<dc:contributor>Congressional Research Service, Library of Congress</dc:contributor>
<dc:description>This file contains bill summaries for federal legislation. A bill summary describes the most significant provisions of a piece of legislation and details the effects the legislative text may have on current law and federal programs. Bill summaries are authored by the Congressional Research Service (CRS) of the Library of Congress. As stated in Public Law 91-510 (2 USC 166 (d)(6)), one of the duties of CRS is "to prepare summaries and digests of bills and resolutions of a public general nature introduced in the Senate or House of Representatives". For more information, refer to the User Guide that accompanies this file.</dc:description>
</dublinCore>
</BillSummaries>
