<?xml version="1.0" encoding="UTF-8"?><BillSummaries>
<item congress="115" measure-type="hr" measure-number="1095" measure-id="id115hr1095" originChamber="HOUSE" orig-publish-date="2017-02-15" update-date="2017-03-04">
<title>Torture Victims Relief Reauthorization Act of 2017</title>
<summary summary-id="id115hr1095v00" currentChamber="HOUSE" update-date="2017-03-04">
<action-date>2017-02-15</action-date>
<action-desc>Introduced in House</action-desc>
<summary-text><![CDATA[<p><strong>Torture Victims Relief Reauthorization Act of 2017</strong></p> <p>This bill amends the Torture Victims Relief Act of 1998 to authorize FY2018-FY2019 appropriations to: </p> <ul> <li>the Department of Health and Human Services for grants to domestic treatment centers for the costs of services in the rehabilitation of victims of torture (including treatment of both physical and psychological effects), social and legal services, and research and training of health care providers outside of treatment centers or programs; and </li> <li>the President for grants to foreign treatment centers and programs for activities designed to treat victims for the physical and psychological effects of torture. </li> </ul> <p>The U.S. Agency for International Development is required to support indigenous foreign treatment centers and programs for torture victims in order to increase their capacities to train other local health care providers.</p>]]></summary-text>
</summary>
</item>
<dublinCore xmlns:dc="http://purl.org/dc/elements/1.1/">
<dc:format>text/xml</dc:format>
<dc:language>EN</dc:language>
<dc:rights>Pursuant to Title 17 Section 105 of the United States Code, this file is not subject to copyright protection and is in the public domain.</dc:rights>
<dc:contributor>Congressional Research Service, Library of Congress</dc:contributor>
<dc:description>This file contains bill summaries for federal legislation. A bill summary describes the most significant provisions of a piece of legislation and details the effects the legislative text may have on current law and federal programs. Bill summaries are authored by the Congressional Research Service (CRS) of the Library of Congress. As stated in Public Law 91-510 (2 USC 166 (d)(6)), one of the duties of CRS is "to prepare summaries and digests of bills and resolutions of a public general nature introduced in the Senate or House of Representatives". For more information, refer to the User Guide that accompanies this file.</dc:description>
</dublinCore>
</BillSummaries>
