<?xml version="1.0" encoding="UTF-8"?><BillSummaries>
<item congress="115" measure-type="hr" measure-number="505" measure-id="id115hr505" originChamber="HOUSE" orig-publish-date="2017-01-12" update-date="2018-03-29">
<title>Border Security Technology Accountability Act of 2017</title>
<summary summary-id="id115hr505v36" currentChamber="HOUSE" update-date="2018-03-29">
<action-date>2017-01-31</action-date>
<action-desc>Passed House amended</action-desc>
<summary-text><![CDATA[<p><strong>Border Security Technology Accountability Act of 2017</strong></p> <p>(Sec. 2) This bill amends the Homeland Security Act of 2002 to require the Department of Homeland Security (DHS) to: (1) ensure that each border security technology acquisition program that is determined to be a major acquisition program has an acquisition program baseline approved by the relevant acquisition decision authority; (2) document that each such program is meeting the cost, schedule, and performance thresholds specified in such baseline in compliance with relevant departmental acquisition policies and the Federal Acquisition Regulation; and (3) have a plan for each such program to meet program implementation objectives by managing contractor performance. &quot;Major acquisition program&quot; means a DHS acquisition program that is estimated by DHS to require an eventual total expenditure of at least $300 million over its life cycle cost.</p> <p>DHS must ensure that border security technology acquisition program managers adhere to relevant internal control standards identified by the Government Accountability Office.</p> <p>DHS shall submit a plan for testing and evaluation, as well as for the use of independent verification and validation resources, for border security technology so that new border security technologies are evaluated through a series of assessments, processes, and audits to ensure compliance with relevant departmental acquisition policies and the Federal Acquisition Regulation and the effectiveness of taxpayer dollars.</p>]]></summary-text>
</summary>
<summary summary-id="id115hr505v00" currentChamber="HOUSE" update-date="2018-03-29">
<action-date>2017-01-12</action-date>
<action-desc>Introduced in House</action-desc>
<summary-text><![CDATA[<p><strong>Border Security Technology Accountability Act of 2017</strong></p> <p> This bill amends the Homeland Security Act of 2002 to require the Department of Homeland Security (DHS) to: (1) ensure that each border security technology acquisition program that is determined to be a major acquisition program has an acquisition program baseline approved by the relevant acquisition decision authority; (2) document that each such program is meeting the cost, schedule, and performance thresholds specified in such baseline in compliance with relevant departmental acquisition policies and the Federal Acquisition Regulation; and (3) have a plan for each such program to meet program implementation objectives by managing contractor performance. &quot;Major acquisition program&quot; means a DHS acquisition program that is estimated by DHS to require an eventual total expenditure of at least $300 million over its life cycle cost.</p> <p>DHS must ensure that border security technology acquisition program managers adhere to relevant internal control standards identified by the Government Accountability Office.</p> <p>DHS shall submit a plan for testing and evaluation, as well as for the use of independent verification and validation resources, for border security technology so that new border security technologies are evaluated through a series of assessments, processes, and audits to ensure compliance with relevant departmental acquisition policies and the Federal Acquisition Regulation and the effectiveness of taxpayer dollars.</p>]]></summary-text>
</summary>
</item>
<dublinCore xmlns:dc="http://purl.org/dc/elements/1.1/">
<dc:format>text/xml</dc:format>
<dc:language>EN</dc:language>
<dc:rights>Pursuant to Title 17 Section 105 of the United States Code, this file is not subject to copyright protection and is in the public domain.</dc:rights>
<dc:contributor>Congressional Research Service, Library of Congress</dc:contributor>
<dc:description>This file contains bill summaries for federal legislation. A bill summary describes the most significant provisions of a piece of legislation and details the effects the legislative text may have on current law and federal programs. Bill summaries are authored by the Congressional Research Service (CRS) of the Library of Congress. As stated in Public Law 91-510 (2 USC 166 (d)(6)), one of the duties of CRS is "to prepare summaries and digests of bills and resolutions of a public general nature introduced in the Senate or House of Representatives". For more information, refer to the User Guide that accompanies this file.</dc:description>
</dublinCore>
</BillSummaries>
