<?xml version="1.0" encoding="UTF-8"?><BillSummaries>
<item congress="115" measure-type="hr" measure-number="917" measure-id="id115hr917" originChamber="HOUSE" orig-publish-date="2017-02-07" update-date="2017-03-04">
<title>Secure E-Waste Export and Recycling Act</title>
<summary summary-id="id115hr917v00" currentChamber="HOUSE" update-date="2017-03-04">
<action-date>2017-02-07</action-date>
<action-desc>Introduced in House</action-desc>
<summary-text><![CDATA[<p><strong>Secure E-Waste Export and Recycling Act</strong></p> <p>This bill prohibits any person from exporting or reexporting electronic waste (specified items containing electronic components or fragments, including computers, televisions, video display devices, and consumer electronics) or exempted electronic waste items (tested, working used electronics, low-risk counterfeit electronics, or recalled electronics), except as specified.</p> <p>&quot;Low-risk counterfeit electronics&quot; means electronic components or items that: (1) have been subjected to destruction processes that render the items unusable for their original purpose; and (2) are exported as a feedstock, with no additional mechanical or hand separation required, in a reclamation process to render the components or items recycled consistent with the laws of the foreign country performing such process.</p> <p>A person may export or reexport exempted electronic waste items only if:</p> <ul> <li>the person is listed on a publicly available registry maintained by the Department of Commerce;</li> <li>for each export transaction, the person files specified electronic export information in the Automated Export System;</li> <li>the export or reexport of exempted electronic waste items otherwise complies with applicable international agreements and other U.S. trade laws; and </li> <li>the exempted items are accompanied by certain required documentation.</li> </ul> <p>Commerce may provide exceptions to the requirements of this bill under specified circumstances for exports or reexports of five items or fewer per transaction of electronic components intended for personal use, and of electronic components to a person or entity under the ownership or control of the person exporting or reexporting the components, with the intent that they be used for the purpose for which they were used in the United States.</p> <p>Any violator of this bill or regulations issued under it shall be subject to the same penalties as those applicable to violators of any other provision of the Export Administration Regulations.</p>]]></summary-text>
</summary>
</item>
<dublinCore xmlns:dc="http://purl.org/dc/elements/1.1/">
<dc:format>text/xml</dc:format>
<dc:language>EN</dc:language>
<dc:rights>Pursuant to Title 17 Section 105 of the United States Code, this file is not subject to copyright protection and is in the public domain.</dc:rights>
<dc:contributor>Congressional Research Service, Library of Congress</dc:contributor>
<dc:description>This file contains bill summaries for federal legislation. A bill summary describes the most significant provisions of a piece of legislation and details the effects the legislative text may have on current law and federal programs. Bill summaries are authored by the Congressional Research Service (CRS) of the Library of Congress. As stated in Public Law 91-510 (2 USC 166 (d)(6)), one of the duties of CRS is "to prepare summaries and digests of bills and resolutions of a public general nature introduced in the Senate or House of Representatives". For more information, refer to the User Guide that accompanies this file.</dc:description>
</dublinCore>
</BillSummaries>
