<?xml version="1.0" encoding="UTF-8"?><BillSummaries>
<item congress="115" measure-type="hr" measure-number="436" measure-id="id115hr436" originChamber="HOUSE" orig-publish-date="2017-01-11" update-date="2017-02-06">
<title>Human Trafficking Prioritization Act</title>
<summary summary-id="id115hr436v00" currentChamber="HOUSE" update-date="2017-02-06">
<action-date>2017-01-11</action-date>
<action-desc>Introduced in House</action-desc>
<summary-text><![CDATA[<p><b>Human Trafficking Prioritization Act</b></p> <p>This bill expresses the sense of Congress that the Office to Monitor and Combat Trafficking of the Department of State will be more effective in carrying out duties mandated by Congress in the Trafficking Victims Protection Act of 2000 and can do so without an increase in either personnel or budget, if: (1) the Office's status is changed to that of a Bureau within State; and (2) the Office is headed by an Assistant Secretary with direct access to the Secretary of State, rather than an Ambassador-at-Large.</p> <p>The bill amends the Trafficking Victims Protection Act of 2000 to change the status of the Office to Monitor and Combat Trafficking to that of the Bureau to Combat Trafficking in Persons. </p> <p>State must submit to Congress a report detailing: </p> <ul> <li>for each current Assistant Secretary of State position, the exact title and length of designation as Assistant Secretary and whether that designation was legislatively mandated or authorized and, if so, the relevant statutory citation; and <li>whether State intends to designate one of the Assistant Secretary of State positions as the Assistant Secretary of State to Combat Trafficking in Persons and the reasons for that decision. </li> </ul> <p>The bill prohibits subsequent inclusion for more than one consecutive year on the special watch list of countries whose compliance with minimum standards for the elimination of human trafficking is full, partial, or insignificant of any country that:</p> <ul> <li>was included on the list for four consecutive years after enactment of the William Wilberforce Trafficking Victims Protection Reauthorization Act of 2008, and</li> <li>was subsequently included on the exclusive Tier 3 list of countries not making significant efforts to bring themselves into compliance with such standards. </li> </ul> <p>No additional funds are authorized to be appropriated for diplomatic and consular programs to carry out this bill.</p>]]></summary-text>
</summary>
</item>
<dublinCore xmlns:dc="http://purl.org/dc/elements/1.1/">
<dc:format>text/xml</dc:format>
<dc:language>EN</dc:language>
<dc:rights>Pursuant to Title 17 Section 105 of the United States Code, this file is not subject to copyright protection and is in the public domain.</dc:rights>
<dc:contributor>Congressional Research Service, Library of Congress</dc:contributor>
<dc:description>This file contains bill summaries for federal legislation. A bill summary describes the most significant provisions of a piece of legislation and details the effects the legislative text may have on current law and federal programs. Bill summaries are authored by the Congressional Research Service (CRS) of the Library of Congress. As stated in Public Law 91-510 (2 USC 166 (d)(6)), one of the duties of CRS is "to prepare summaries and digests of bills and resolutions of a public general nature introduced in the Senate or House of Representatives". For more information, refer to the User Guide that accompanies this file.</dc:description>
</dublinCore>
</BillSummaries>
