<?xml version="1.0" encoding="UTF-8"?><BillSummaries>
<item congress="115" measure-type="hr" measure-number="958" measure-id="id115hr958" originChamber="HOUSE" orig-publish-date="2017-02-07" update-date="2017-03-03">
<title>Wasteful EPA Programs Elimination Act of 2017</title>
<summary summary-id="id115hr958v00" currentChamber="HOUSE" update-date="2017-03-03">
<action-date>2017-02-07</action-date>
<action-desc>Introduced in House</action-desc>
<summary-text><![CDATA[<p><b>Wasteful EPA Programs Elimination Act of 2017</b></p> <p>This bill terminates all existing grant programs of the Environmental Protection Agency (EPA), its National Clean Diesel Campaign, and its environmental justice programs. The EPA may not establish new grant programs.</p> <p>Federal funds may not be used by the EPA:</p> <ul> <li> to implement any ozone standard promulgated after this bill's enactment date;</li> <li> to regulate greenhouse gas emissions from mobile sources, or from fossil fuel-fired electric utility generating units;</li> <li>for the Greenhouse Gas Reporting Program; </li> <li> for the Global Methane Initiative; </li> <li> for the Climate Resilience Fund; </li> <li> for the Climate Resilience Evaluation Awareness Tool; </li> <li> for the Green Infrastructure Program;</li> <li>for the Climate Ready Water Utilities Initiative; or </li> <li> for climate research at the EPA's Office of Research and Development. </li> </ul> <p>The EPA must: (1) discontinue operation and maintenance of its field offices and activities carried out through those offices, and (2) dispose of or lease any underutilized property.</p>]]></summary-text>
</summary>
</item>
<dublinCore xmlns:dc="http://purl.org/dc/elements/1.1/">
<dc:format>text/xml</dc:format>
<dc:language>EN</dc:language>
<dc:rights>Pursuant to Title 17 Section 105 of the United States Code, this file is not subject to copyright protection and is in the public domain.</dc:rights>
<dc:contributor>Congressional Research Service, Library of Congress</dc:contributor>
<dc:description>This file contains bill summaries for federal legislation. A bill summary describes the most significant provisions of a piece of legislation and details the effects the legislative text may have on current law and federal programs. Bill summaries are authored by the Congressional Research Service (CRS) of the Library of Congress. As stated in Public Law 91-510 (2 USC 166 (d)(6)), one of the duties of CRS is "to prepare summaries and digests of bills and resolutions of a public general nature introduced in the Senate or House of Representatives". For more information, refer to the User Guide that accompanies this file.</dc:description>
</dublinCore>
</BillSummaries>
