<?xml version="1.0" encoding="UTF-8"?><BillSummaries>
<item congress="115" measure-type="hr" measure-number="1470" measure-id="id115hr1470" originChamber="HOUSE" orig-publish-date="2017-03-09" update-date="2017-03-18">
<title>Restoring Respect for Immigrant Service in Uniform Act</title>
<summary summary-id="id115hr1470v00" currentChamber="HOUSE" update-date="2017-03-18">
<action-date>2017-03-09</action-date>
<action-desc>Introduced in House</action-desc>
<summary-text><![CDATA[<p><strong>Restoring Respect for Immigrant Service in Uniform Act</strong></p> <p>This bill expresses the sense of Congress that the Department of Homeland Security should exercise its discretion (including through the use of exceptions to inadmissibility based upon family reunification, humanitarian, or public benefit grounds, temporary waiver of inadmissibility, or consent to reapply for admission) to admit to the United States an alien who is inadmissible, was previously subject to an order of removal or has been removed, is outside of the United States, and is seeking U.S. admission, if such alien: </p> <ul> <li>has been a member of the Armed Forces for at least 180 days and has not received an other-than honorable discharge; </li> <li>has not been convicted of a felony, a significant misdemeanor, or three or more misdemeanors that are not significant misdemeanors and that each occurred on a different date and arose out of separate conduct; and </li> <li>is not otherwise a threat to national security or public safety. </li> </ul> <p>The Immigration and Nationality Act is amended to exempt from deportation an alien who has been a member of the Armed Forces for at least 180 days and has not received an other-than honorable discharge, except in the case of an alien who: </p> <ul> <li>has been convicted of a felony, a significant misdemeanor, or three or more misdemeanors that are not significant misdemeanors and that each occurred on a different date and arose out of separate conduct; and </li> <li>is otherwise a threat to national security or public safety.</li> </ul> <p>&quot;Significant misdemeanor&quot; means a misdemeanor: (1) that is a crime of domestic violence, (2) that is a sexual assault, (3) that involved the unlawful possession of a firearm, or (4) for which the alien was sentenced to prison for more than 90 days. </p>]]></summary-text>
</summary>
</item>
<dublinCore xmlns:dc="http://purl.org/dc/elements/1.1/">
<dc:format>text/xml</dc:format>
<dc:language>EN</dc:language>
<dc:rights>Pursuant to Title 17 Section 105 of the United States Code, this file is not subject to copyright protection and is in the public domain.</dc:rights>
<dc:contributor>Congressional Research Service, Library of Congress</dc:contributor>
<dc:description>This file contains bill summaries for federal legislation. A bill summary describes the most significant provisions of a piece of legislation and details the effects the legislative text may have on current law and federal programs. Bill summaries are authored by the Congressional Research Service (CRS) of the Library of Congress. As stated in Public Law 91-510 (2 USC 166 (d)(6)), one of the duties of CRS is "to prepare summaries and digests of bills and resolutions of a public general nature introduced in the Senate or House of Representatives". For more information, refer to the User Guide that accompanies this file.</dc:description>
</dublinCore>
</BillSummaries>
