<?xml version="1.0" encoding="UTF-8"?><BillSummaries>
<item congress="115" measure-type="hr" measure-number="855" measure-id="id115hr855" originChamber="HOUSE" orig-publish-date="2017-02-03" update-date="2017-02-13">
<title>SAVINGS Act</title>
<summary summary-id="id115hr855v00" currentChamber="HOUSE" update-date="2017-02-13">
<action-date>2017-02-03</action-date>
<action-desc>Introduced in House</action-desc>
<summary-text><![CDATA[<p><strong>Save Access to a Valuable Investment Needed to Generate Savings Act of 2017 or the SAVINGS Act</strong> </p> <p>This bill directs the Department of the Treasury to allow: (1) an individual taxpayer to use a portion or all of a tax refund to purchase U.S. savings bonds in paper form for the taxpayer or for any individual designated by the taxpayer; or (2) an option for a tax return that allows for the gifting of such bonds and that serves individuals who rarely, if ever, have held a bank account and individuals who lack access to the Internet. </p>]]></summary-text>
</summary>
</item>
<dublinCore xmlns:dc="http://purl.org/dc/elements/1.1/">
<dc:format>text/xml</dc:format>
<dc:language>EN</dc:language>
<dc:rights>Pursuant to Title 17 Section 105 of the United States Code, this file is not subject to copyright protection and is in the public domain.</dc:rights>
<dc:contributor>Congressional Research Service, Library of Congress</dc:contributor>
<dc:description>This file contains bill summaries for federal legislation. A bill summary describes the most significant provisions of a piece of legislation and details the effects the legislative text may have on current law and federal programs. Bill summaries are authored by the Congressional Research Service (CRS) of the Library of Congress. As stated in Public Law 91-510 (2 USC 166 (d)(6)), one of the duties of CRS is "to prepare summaries and digests of bills and resolutions of a public general nature introduced in the Senate or House of Representatives". For more information, refer to the User Guide that accompanies this file.</dc:description>
</dublinCore>
</BillSummaries>
