<?xml version="1.0" encoding="UTF-8"?><BillSummaries>
<item congress="115" measure-type="hr" measure-number="830" measure-id="id115hr830" originChamber="HOUSE" orig-publish-date="2017-02-02" update-date="2017-03-22">
<title>STAND for Ukraine Act</title>
<summary summary-id="id115hr830v00" currentChamber="HOUSE" update-date="2017-03-22">
<action-date>2017-02-02</action-date>
<action-desc>Introduced in House</action-desc>
<summary-text><![CDATA[<p>S<strong>tability and Democracy for Ukraine Act or the STAND for Ukraine Act</strong></p> <p> This bill states that it is U.S. policy to assist the government of Ukraine in restoring its sovereignty and territorial integrity in order to reverse and deter Russian aggression in Ukraine.</p> <p> The bill prohibits: (1) a federal agency from taking any action or extending any assistance that recognizes Russian sovereignty over Crimea, its airspace, or its territorial waters; and (2) the Government Publishing Office from printing any document indicating Crimea as part of the Russian Federation (Russia).</p> <p> U.S. sanctions provided for in Executive Order 13685 (blocking property of certain persons and prohibiting certain transactions with respect to the Crimea region of Ukraine) shall remain in effect until the President certifies to Congress that Ukraine's sovereignty over Crimea has been restored. </p> <p> The Support for the Sovereignty, Integrity, Democracy, and Economic Stability of Ukraine Act of 2014 is amended to authorize the President to block and prohibit a foreign person's transactions of property or property interests that are U.S.-sited or controlled by a U.S. person if the foreign person has knowingly: (1) violated Executive Orders 13685 or Executive Orders 13360 or 13661(blocking property of persons contributing to the situation in Ukraine), or (2) facilitated deceptive or structured transactions for, or on behalf of, any person subject to U.S. sanctions against Russia. </p> <p> The President is authorized to impose similar sanctions against a foreign person: (1) who is responsible for, or complicit in, the commission of serious human rights abuses in any territory occupied or controlled by Russia; or (2) has materially assisted, or provided financial, material, or technological support for, such a person or is controlled by such a person.</p> <p> The President shall: (1) use U.S. influence to seek North Atlantic Treaty Organization (NATO) adoption of a policy that opposes the transfer of defense articles and services to Russia while Russia occupies the territory of Ukraine or of a NATO member, and (2) direct appropriate U.S. agencies to monitor and identify transfers by NATO members of defense articles and services that are contrary to U.S policy. </p> <p> The Department of State shall develop and implement a strategy to respond to Russian-supported disinformation and propaganda efforts against persons in countries bordering Russia. </p>]]></summary-text>
</summary>
</item>
<dublinCore xmlns:dc="http://purl.org/dc/elements/1.1/">
<dc:format>text/xml</dc:format>
<dc:language>EN</dc:language>
<dc:rights>Pursuant to Title 17 Section 105 of the United States Code, this file is not subject to copyright protection and is in the public domain.</dc:rights>
<dc:contributor>Congressional Research Service, Library of Congress</dc:contributor>
<dc:description>This file contains bill summaries for federal legislation. A bill summary describes the most significant provisions of a piece of legislation and details the effects the legislative text may have on current law and federal programs. Bill summaries are authored by the Congressional Research Service (CRS) of the Library of Congress. As stated in Public Law 91-510 (2 USC 166 (d)(6)), one of the duties of CRS is "to prepare summaries and digests of bills and resolutions of a public general nature introduced in the Senate or House of Representatives". For more information, refer to the User Guide that accompanies this file.</dc:description>
</dublinCore>
</BillSummaries>
