<?xml version="1.0" encoding="UTF-8"?><BillSummaries>
<item congress="115" measure-type="hr" measure-number="268" measure-id="id115hr268" originChamber="HOUSE" orig-publish-date="2017-01-04" update-date="2017-01-31">
<title>Neighborhood Noise Barriers Act of 2017</title>
<summary summary-id="id115hr268v00" currentChamber="HOUSE" update-date="2017-01-31">
<action-date>2017-01-04</action-date>
<action-desc>Introduced in House</action-desc>
<summary-text><![CDATA[<p><b>Neighborhood Noise Barriers Act of 2017</b></p> <p>This bill amends the National Highway System Designation Act of 1995 to allow the use of funds out of the Highway Trust Fund to construct a Type II noise barrier along a federal-aid highway if such barrier:</p> <ul> <li>is part of a project approved by the Department of Transportation before November 28, 1995; or</li> <li>separates a highway or other noise corridor from a group of structures of which the majority of those closest to the highway or noise corridor are residential in nature and which either were constructed before the construction or most recent widening of the highway or noise corridor or are at least 10 years old.</li> </ul> <p>The bill makes the planning, design, or construction of a Type II noise barrier eligible for surface transportation block grant program funding.</p>]]></summary-text>
</summary>
</item>
<dublinCore xmlns:dc="http://purl.org/dc/elements/1.1/">
<dc:format>text/xml</dc:format>
<dc:language>EN</dc:language>
<dc:rights>Pursuant to Title 17 Section 105 of the United States Code, this file is not subject to copyright protection and is in the public domain.</dc:rights>
<dc:contributor>Congressional Research Service, Library of Congress</dc:contributor>
<dc:description>This file contains bill summaries for federal legislation. A bill summary describes the most significant provisions of a piece of legislation and details the effects the legislative text may have on current law and federal programs. Bill summaries are authored by the Congressional Research Service (CRS) of the Library of Congress. As stated in Public Law 91-510 (2 USC 166 (d)(6)), one of the duties of CRS is "to prepare summaries and digests of bills and resolutions of a public general nature introduced in the Senate or House of Representatives". For more information, refer to the User Guide that accompanies this file.</dc:description>
</dublinCore>
</BillSummaries>
