<?xml version="1.0" encoding="UTF-8"?><BillSummaries>
<item congress="115" measure-type="hr" measure-number="547" measure-id="id115hr547" originChamber="HOUSE" orig-publish-date="2017-01-13" update-date="2017-02-01">
<title>National Infrastructure Development Bank Act of 2017</title>
<summary summary-id="id115hr547v00" currentChamber="HOUSE" update-date="2017-02-01">
<action-date>2017-01-13</action-date>
<action-desc>Introduced in House</action-desc>
<summary-text><![CDATA[<p><strong>National Infrastructure Development Bank Act of 2017</strong></p> <p>This bill establishes the National Infrastructure Development Bank as a wholly owned government corporation. </p> <p>The bank's board of directors shall be responsible for monitoring and overseeing energy, environmental, telecommunications, and transportation infrastructure projects. The board is authorized to: (1) make loans and loan guarantees to assist in the financing an infrastructure project, (2) issue public benefit bonds and provide financing to infrastructure projects, and (3) pay an interest subsidy to the issuer of American Infrastructure Bonds. </p> <p>The bank shall establish a risk management committee, which shall: (1) create financial, credit, and operational risk management guidelines; (2) set guidelines to ensure diversification of lending activities by geographic region and infrastructure project type; (3) create conforming standards for financial assistance; (4) monitor financial, credit, and operational exposure; (5) provide financial recommendations to the board; and (6) ensure that the aggregate amount of interest subsidies provided for such bonds in a given calendar year does not exceed 28% of interest payable under all such bonds. </p> <p>The board shall approve criteria established by the bank's executive committee for determining project eligibility for financial assistance. The bill sets forth criteria to be considered by the board for each type of infrastructure project. The executive committee shall conduct an analysis that considers the economic, environmental, and social benefits and costs of each project under consideration, prioritizing projects that contribute to economic growth, lead to job creation, and are of regional or national significance. </p> <p> Financial assistance for an infrastructure project: (1) shall be repayable from dedicated revenue sources that also secure the infrastructure project obligations, and (2) shall not exceed 50% of reasonably anticipated project costs.</p> <p> Bank bonds shall be exempt from state or local government taxation. </p> <p>Assisted projects must comply with wage rate, domestic content, and buy American statutes.</p> <p>The board shall establish an American Infrastructure Bond program. The bill establishes the National Infrastructure Development Bank Trust Fund into which an amount equal to the tax receipts attributable to interest payable under such bonds is to be appropriated.</p>]]></summary-text>
</summary>
</item>
<dublinCore xmlns:dc="http://purl.org/dc/elements/1.1/">
<dc:format>text/xml</dc:format>
<dc:language>EN</dc:language>
<dc:rights>Pursuant to Title 17 Section 105 of the United States Code, this file is not subject to copyright protection and is in the public domain.</dc:rights>
<dc:contributor>Congressional Research Service, Library of Congress</dc:contributor>
<dc:description>This file contains bill summaries for federal legislation. A bill summary describes the most significant provisions of a piece of legislation and details the effects the legislative text may have on current law and federal programs. Bill summaries are authored by the Congressional Research Service (CRS) of the Library of Congress. As stated in Public Law 91-510 (2 USC 166 (d)(6)), one of the duties of CRS is "to prepare summaries and digests of bills and resolutions of a public general nature introduced in the Senate or House of Representatives". For more information, refer to the User Guide that accompanies this file.</dc:description>
</dublinCore>
</BillSummaries>
