<?xml version="1.0" encoding="UTF-8"?><BillSummaries>
<item congress="115" measure-type="hr" measure-number="1080" measure-id="id115hr1080" originChamber="HOUSE" orig-publish-date="2017-02-15" update-date="2017-02-24">
<title>HBCU Investment Expansion Act</title>
<summary summary-id="id115hr1080v00" currentChamber="HOUSE" update-date="2017-02-24">
<action-date>2017-02-15</action-date>
<action-desc>Introduced in House</action-desc>
<summary-text><![CDATA[<p><b>HBCU Investment Expansion Act </b></p> <p>This bill amends the Securities Act of 1933 to exempt qualified 501(c)(3) bonds issued after the enactment of this bill on behalf of a historically black college or university from state and local taxes. </p> <p>The bill also amends the Internal Revenue Code to allow a tax credit for jurisdictions that forgo taxes with respect to the interest payments under such a bond. The credit is equal to the total amount of interest paid on such a bond during the taxable year. The Department of the Treasury must pay the credit to the qualifying jurisdiction as soon as practicable after the recipient of the interest payments files a tax return with the jurisdiction. </p>]]></summary-text>
</summary>
</item>
<dublinCore xmlns:dc="http://purl.org/dc/elements/1.1/">
<dc:format>text/xml</dc:format>
<dc:language>EN</dc:language>
<dc:rights>Pursuant to Title 17 Section 105 of the United States Code, this file is not subject to copyright protection and is in the public domain.</dc:rights>
<dc:contributor>Congressional Research Service, Library of Congress</dc:contributor>
<dc:description>This file contains bill summaries for federal legislation. A bill summary describes the most significant provisions of a piece of legislation and details the effects the legislative text may have on current law and federal programs. Bill summaries are authored by the Congressional Research Service (CRS) of the Library of Congress. As stated in Public Law 91-510 (2 USC 166 (d)(6)), one of the duties of CRS is "to prepare summaries and digests of bills and resolutions of a public general nature introduced in the Senate or House of Representatives". For more information, refer to the User Guide that accompanies this file.</dc:description>
</dublinCore>
</BillSummaries>
