<?xml version="1.0" encoding="UTF-8"?><BillSummaries>
<item congress="115" measure-type="hr" measure-number="1081" measure-id="id115hr1081" originChamber="HOUSE" orig-publish-date="2017-02-15" update-date="2017-02-27">
<title>To eliminate the discretion of the Secretary of Homeland Security regarding the definition of the term "official purpose" as it applies to drivers' licenses and personal identification cards, and for other purposes.</title>
<summary summary-id="id115hr1081v00" currentChamber="HOUSE" update-date="2017-02-27">
<action-date>2017-02-15</action-date>
<action-desc>Introduced in House</action-desc>
<summary-text><![CDATA[<p>This bill amends the Emergency Supplemental Appropriations Act for Defense, the Global War on Terror, and Tsunami Relief, 2005 to eliminate the discretionary authority of the Department of Homeland Security to determine what is considered an &quot;official purpose&quot; for purposes of federal agency acceptance of state-issued drivers' licenses and personal identification cards.</p> <UL> </UL>]]></summary-text>
</summary>
</item>
<dublinCore xmlns:dc="http://purl.org/dc/elements/1.1/">
<dc:format>text/xml</dc:format>
<dc:language>EN</dc:language>
<dc:rights>Pursuant to Title 17 Section 105 of the United States Code, this file is not subject to copyright protection and is in the public domain.</dc:rights>
<dc:contributor>Congressional Research Service, Library of Congress</dc:contributor>
<dc:description>This file contains bill summaries for federal legislation. A bill summary describes the most significant provisions of a piece of legislation and details the effects the legislative text may have on current law and federal programs. Bill summaries are authored by the Congressional Research Service (CRS) of the Library of Congress. As stated in Public Law 91-510 (2 USC 166 (d)(6)), one of the duties of CRS is "to prepare summaries and digests of bills and resolutions of a public general nature introduced in the Senate or House of Representatives". For more information, refer to the User Guide that accompanies this file.</dc:description>
</dublinCore>
</BillSummaries>
