<?xml version="1.0" encoding="UTF-8"?><BillSummaries>
<item congress="115" measure-type="hr" measure-number="1229" measure-id="id115hr1229" originChamber="HOUSE" orig-publish-date="2017-02-27" update-date="2017-03-04">
<title>Repeal of the Authorization for Use of Military Force</title>
<summary summary-id="id115hr1229v00" currentChamber="HOUSE" update-date="2017-03-04">
<action-date>2017-02-27</action-date>
<action-desc>Introduced in House</action-desc>
<summary-text><![CDATA[<p><strong>Repeal of the Authorization for Use of Military Force</strong></p> <p>This bill declares that Congress finds that the Authorization for Use of Military Force (P.L. 107-40) has been used to justify an open-ended authorization for the use of military force and such an interpretation is inconsistent with the authority of Congress to declare war and make all laws for executing powers vested by the Constitution in the U.S. government.</p> <p>The bill repeals the Authorization for Use of Military Force, effective 180 days after the date of enactment of this Act.</p>]]></summary-text>
</summary>
</item>
<dublinCore xmlns:dc="http://purl.org/dc/elements/1.1/">
<dc:format>text/xml</dc:format>
<dc:language>EN</dc:language>
<dc:rights>Pursuant to Title 17 Section 105 of the United States Code, this file is not subject to copyright protection and is in the public domain.</dc:rights>
<dc:contributor>Congressional Research Service, Library of Congress</dc:contributor>
<dc:description>This file contains bill summaries for federal legislation. A bill summary describes the most significant provisions of a piece of legislation and details the effects the legislative text may have on current law and federal programs. Bill summaries are authored by the Congressional Research Service (CRS) of the Library of Congress. As stated in Public Law 91-510 (2 USC 166 (d)(6)), one of the duties of CRS is "to prepare summaries and digests of bills and resolutions of a public general nature introduced in the Senate or House of Representatives". For more information, refer to the User Guide that accompanies this file.</dc:description>
</dublinCore>
</BillSummaries>
