<?xml version="1.0" encoding="UTF-8"?><BillSummaries>
<item congress="115" measure-type="hr" measure-number="817" measure-id="id115hr817" originChamber="HOUSE" orig-publish-date="2017-02-02" update-date="2017-03-06">
<title>End Surprise Billing Act of 2017</title>
<summary summary-id="id115hr817v00" currentChamber="HOUSE" update-date="2017-03-06">
<action-date>2017-02-02</action-date>
<action-desc>Introduced in House</action-desc>
<summary-text><![CDATA[<p><b>End Surprise Billing Act of 2017</b></p> <p>This bill amends title XVIII (Medicare) of the Social Security Act to require a critical access hospital or other hospital to comply, as a condition of participation in Medicare, with certain requirements related to billing for out-of-network services.</p> <p>With respect to an individual who has health benefits coverage and is seeking services, a hospital must provide notice as to: (1) whether the hospital, or any of the providers furnishing services to the individual at the hospital, is not within the health care provider network or otherwise a participating provider with respect to the individual's health care coverage; and (2) if so, the estimated out-of-pocket costs of the services to the individual. At least 24 hours prior to providing those services, the hospital must document that the individual: (1) has been provided with the required notice, and (2) consents to be furnished with the services and charged an amount approximate to the estimate provided. Otherwise, the hospital may not charge the individual more than the individual would have been required to pay if the services had been furnished by an in-network or participating provider.</p> <p>With respect to such an individual who is seeking same-day emergency services, a hospital may not charge more than the individual would be required to pay for such services furnished by an in-network or participating provider.</p>]]></summary-text>
</summary>
</item>
<dublinCore xmlns:dc="http://purl.org/dc/elements/1.1/">
<dc:format>text/xml</dc:format>
<dc:language>EN</dc:language>
<dc:rights>Pursuant to Title 17 Section 105 of the United States Code, this file is not subject to copyright protection and is in the public domain.</dc:rights>
<dc:contributor>Congressional Research Service, Library of Congress</dc:contributor>
<dc:description>This file contains bill summaries for federal legislation. A bill summary describes the most significant provisions of a piece of legislation and details the effects the legislative text may have on current law and federal programs. Bill summaries are authored by the Congressional Research Service (CRS) of the Library of Congress. As stated in Public Law 91-510 (2 USC 166 (d)(6)), one of the duties of CRS is "to prepare summaries and digests of bills and resolutions of a public general nature introduced in the Senate or House of Representatives". For more information, refer to the User Guide that accompanies this file.</dc:description>
</dublinCore>
</BillSummaries>
