<?xml version="1.0" encoding="UTF-8"?><BillSummaries>
<item congress="115" measure-type="hr" measure-number="907" measure-id="id115hr907" originChamber="HOUSE" orig-publish-date="2017-02-07" update-date="2017-02-25">
<title>Newborn Care Improvement Act</title>
<summary summary-id="id115hr907v00" currentChamber="HOUSE" update-date="2017-02-25">
<action-date>2017-02-07</action-date>
<action-desc>Introduced in House</action-desc>
<summary-text><![CDATA[<p><strong>Newborn Care Improvement Act</strong></p> <p>This bill allows the Department of Veterans Affairs (VA) to provide the newborn child of a woman veteran who is receiving VA maternity care with post-delivery care services for 42 days after the child's birth if the veteran delivered the child in a VA facility or another facility with which VA has a contract for such services. (Currently, such care may not be provided for more than 7 days.)</p>]]></summary-text>
</summary>
</item>
<dublinCore xmlns:dc="http://purl.org/dc/elements/1.1/">
<dc:format>text/xml</dc:format>
<dc:language>EN</dc:language>
<dc:rights>Pursuant to Title 17 Section 105 of the United States Code, this file is not subject to copyright protection and is in the public domain.</dc:rights>
<dc:contributor>Congressional Research Service, Library of Congress</dc:contributor>
<dc:description>This file contains bill summaries for federal legislation. A bill summary describes the most significant provisions of a piece of legislation and details the effects the legislative text may have on current law and federal programs. Bill summaries are authored by the Congressional Research Service (CRS) of the Library of Congress. As stated in Public Law 91-510 (2 USC 166 (d)(6)), one of the duties of CRS is "to prepare summaries and digests of bills and resolutions of a public general nature introduced in the Senate or House of Representatives". For more information, refer to the User Guide that accompanies this file.</dc:description>
</dublinCore>
</BillSummaries>
