<?xml version="1.0" encoding="UTF-8"?><BillSummaries>
<item congress="115" measure-type="hr" measure-number="252" measure-id="id115hr252" originChamber="HOUSE" orig-publish-date="2017-01-04" update-date="2017-01-30">
<title>Comprehensive Homes for Heroes Act of 2017</title>
<summary summary-id="id115hr252v00" currentChamber="HOUSE" update-date="2017-01-30">
<action-date>2017-01-04</action-date>
<action-desc>Introduced in House</action-desc>
<summary-text><![CDATA[<p><strong>Comprehensive</strong> <strong>Homes for Heroes Act of 2017</strong></p> <p>This bill requires the Department of Housing and Urban Development (HUD) to provide assistance to private nonprofit organizations and consumer cooperatives to expand the supply of supportive housing for very low-income veterans' families (families with incomes not exceeding 50% of the area median income).</p> <p>The bill amends the United States Housing Act of 1937 to: (1) make housing rental vouchers available to all homeless veterans, regardless of medical condition; and (2) include veterans in public housing planning.</p> <p>Veterans' benefits are excluded from income for purposes of HUD assisted housing rental determinations.</p> <p> HUD is required to: (1) make grants to nonprofit entities for technical assistance in sponsoring HUD housing projects for veterans, and (2) report annually to specified congressional committees and the Department of Veterans Affairs on HUD activities relating to veterans.</p>]]></summary-text>
</summary>
</item>
<dublinCore xmlns:dc="http://purl.org/dc/elements/1.1/">
<dc:format>text/xml</dc:format>
<dc:language>EN</dc:language>
<dc:rights>Pursuant to Title 17 Section 105 of the United States Code, this file is not subject to copyright protection and is in the public domain.</dc:rights>
<dc:contributor>Congressional Research Service, Library of Congress</dc:contributor>
<dc:description>This file contains bill summaries for federal legislation. A bill summary describes the most significant provisions of a piece of legislation and details the effects the legislative text may have on current law and federal programs. Bill summaries are authored by the Congressional Research Service (CRS) of the Library of Congress. As stated in Public Law 91-510 (2 USC 166 (d)(6)), one of the duties of CRS is "to prepare summaries and digests of bills and resolutions of a public general nature introduced in the Senate or House of Representatives". For more information, refer to the User Guide that accompanies this file.</dc:description>
</dublinCore>
</BillSummaries>
