<?xml version="1.0" encoding="UTF-8"?><BillSummaries>
<item congress="115" measure-type="hr" measure-number="968" measure-id="id115hr968" originChamber="HOUSE" orig-publish-date="2017-02-07" update-date="2017-03-03">
<title>Equal Justice Under Law Act of 2017</title>
<summary summary-id="id115hr968v00" currentChamber="HOUSE" update-date="2017-03-03">
<action-date>2017-02-07</action-date>
<action-desc>Introduced in House</action-desc>
<summary-text><![CDATA[<p><b>Equal Justice Under Law Act of </b><b>2017</b></p> <p>This bill states that an indigent individual facing criminal prosecution or juvenile delinquency in a state court is entitled to the effective assistance of counsel, as guaranteed by the Sixth and Fourteenth Amendments, at the state's expense.</p> <p>The bill authorizes a federal class action lawsuit against a state for its systemic failure to guarantee the right to effective assistance of counsel. The assistance of counsel is ineffective when a class of individuals demonstrates that counsel's performance was not reasonable under prevailing professional norms.</p>]]></summary-text>
</summary>
</item>
<dublinCore xmlns:dc="http://purl.org/dc/elements/1.1/">
<dc:format>text/xml</dc:format>
<dc:language>EN</dc:language>
<dc:rights>Pursuant to Title 17 Section 105 of the United States Code, this file is not subject to copyright protection and is in the public domain.</dc:rights>
<dc:contributor>Congressional Research Service, Library of Congress</dc:contributor>
<dc:description>This file contains bill summaries for federal legislation. A bill summary describes the most significant provisions of a piece of legislation and details the effects the legislative text may have on current law and federal programs. Bill summaries are authored by the Congressional Research Service (CRS) of the Library of Congress. As stated in Public Law 91-510 (2 USC 166 (d)(6)), one of the duties of CRS is "to prepare summaries and digests of bills and resolutions of a public general nature introduced in the Senate or House of Representatives". For more information, refer to the User Guide that accompanies this file.</dc:description>
</dublinCore>
</BillSummaries>
