<?xml version="1.0" encoding="UTF-8"?><BillSummaries>
<item congress="115" measure-type="hr" measure-number="1147" measure-id="id115hr1147" originChamber="HOUSE" orig-publish-date="2017-02-16" update-date="2017-03-04">
<title>Support the Families of Fallen Heroes Act</title>
<summary summary-id="id115hr1147v00" currentChamber="HOUSE" update-date="2017-03-04">
<action-date>2017-02-16</action-date>
<action-desc>Introduced in House</action-desc>
<summary-text><![CDATA[<p><strong>Support the Families of Fallen Heroes Act </strong></p> <p> This bill directs the U.S. Postal Service to issue a Families of Fallen Heroes Semipostal Stamp. </p> <p> The proceeds from the sale of this stamp (after the recovery of costs) shall be transferred as follows: (1) 50% to the Tragedy Assistance Program for Survivors, and (2) 50% to the Families of the Fallen support program of United Service Organizations, Inc.</p>]]></summary-text>
</summary>
</item>
<dublinCore xmlns:dc="http://purl.org/dc/elements/1.1/">
<dc:format>text/xml</dc:format>
<dc:language>EN</dc:language>
<dc:rights>Pursuant to Title 17 Section 105 of the United States Code, this file is not subject to copyright protection and is in the public domain.</dc:rights>
<dc:contributor>Congressional Research Service, Library of Congress</dc:contributor>
<dc:description>This file contains bill summaries for federal legislation. A bill summary describes the most significant provisions of a piece of legislation and details the effects the legislative text may have on current law and federal programs. Bill summaries are authored by the Congressional Research Service (CRS) of the Library of Congress. As stated in Public Law 91-510 (2 USC 166 (d)(6)), one of the duties of CRS is "to prepare summaries and digests of bills and resolutions of a public general nature introduced in the Senate or House of Representatives". For more information, refer to the User Guide that accompanies this file.</dc:description>
</dublinCore>
</BillSummaries>
