<?xml version="1.0" encoding="UTF-8"?><BillSummaries>
<item congress="115" measure-type="hr" measure-number="889" measure-id="id115hr889" originChamber="HOUSE" orig-publish-date="2017-02-06" update-date="2017-02-14">
<title>Human Trafficking Fraud Enforcement Act of 2017</title>
<summary summary-id="id115hr889v00" currentChamber="HOUSE" update-date="2017-02-14">
<action-date>2017-02-06</action-date>
<action-desc>Introduced in House</action-desc>
<summary-text><![CDATA[<p><strong>Human Trafficking Fraud Enforcement Act of 201</strong><b>7</b> </p> <p> This bill directs the Department of the Treasury to establish within the Internal Revenue Service an office to investigate and prosecute violations of tax laws by persons that appear to be violating specified federal laws prohibiting forced labor, trafficking of individuals, and transportation of minors or aliens for immoral purposes or state or territorial laws prohibiting the promotion of&nbsp;prostitution or of any commercial sex act. The office must cooperate with the Child Exploitation and Obscenity Section of the Department of Justice and the Innocence Lost National Initiative of the Federal Bureau of Investigation. </p> <p>The bill allows victims of human trafficking crimes to claim awards allowed for whistle-blowing. </p> <p>The bill amends the Internal Revenue Code to: (1) increase civil and criminal penalties for tax evasion attributable to income derived from human trafficking and commercial sex acts, and (2) make it a felony to fail to file a tax return including income derived from human trafficking or commercial sex acts. </p> <p>The bill appropriates to the Crime Victims Fund additional funds equal to the increase in receipts from increased civil and criminal penalties provided by this bill. The funds are provided for victim assistance grants under the Victims of Crime Act of 1984, including crisis intervention, emergency shelter and transportation, counseling, and criminal justice advocacy to victims of crime.</p> <p>]]></summary-text>
</summary>
</item>
<dublinCore xmlns:dc="http://purl.org/dc/elements/1.1/">
<dc:format>text/xml</dc:format>
<dc:language>EN</dc:language>
<dc:rights>Pursuant to Title 17 Section 105 of the United States Code, this file is not subject to copyright protection and is in the public domain.</dc:rights>
<dc:contributor>Congressional Research Service, Library of Congress</dc:contributor>
<dc:description>This file contains bill summaries for federal legislation. A bill summary describes the most significant provisions of a piece of legislation and details the effects the legislative text may have on current law and federal programs. Bill summaries are authored by the Congressional Research Service (CRS) of the Library of Congress. As stated in Public Law 91-510 (2 USC 166 (d)(6)), one of the duties of CRS is "to prepare summaries and digests of bills and resolutions of a public general nature introduced in the Senate or House of Representatives". For more information, refer to the User Guide that accompanies this file.</dc:description>
</dublinCore>
</BillSummaries>
