<?xml version="1.0" encoding="UTF-8"?><BillSummaries>
<item congress="115" measure-type="hr" measure-number="222" measure-id="id115hr222" originChamber="HOUSE" orig-publish-date="2017-01-03" update-date="2017-01-17">
<title>To amend the National Marine Sanctuaries Act to prescribe an additional requirement for the designation of marine sanctuaries off the coast of Alaska, and for other purposes.</title>
<summary summary-id="id115hr222v00" currentChamber="HOUSE" update-date="2017-01-17">
<action-date>2017-01-03</action-date>
<action-desc>Introduced in House</action-desc>
<summary-text><![CDATA[<p>This bill amends the National Marine Sanctuaries Act to prohibit the Department of Commerce from designating as a national marine sanctuary an area of the marine environment off the coast of Alaska seaward of the high tide line unless an Act of Congress requires Commerce to make the designation and prescribes the boundaries of the designated area.</p>]]></summary-text>
</summary>
</item>
<dublinCore xmlns:dc="http://purl.org/dc/elements/1.1/">
<dc:format>text/xml</dc:format>
<dc:language>EN</dc:language>
<dc:rights>Pursuant to Title 17 Section 105 of the United States Code, this file is not subject to copyright protection and is in the public domain.</dc:rights>
<dc:contributor>Congressional Research Service, Library of Congress</dc:contributor>
<dc:description>This file contains bill summaries for federal legislation. A bill summary describes the most significant provisions of a piece of legislation and details the effects the legislative text may have on current law and federal programs. Bill summaries are authored by the Congressional Research Service (CRS) of the Library of Congress. As stated in Public Law 91-510 (2 USC 166 (d)(6)), one of the duties of CRS is "to prepare summaries and digests of bills and resolutions of a public general nature introduced in the Senate or House of Representatives". For more information, refer to the User Guide that accompanies this file.</dc:description>
</dublinCore>
</BillSummaries>
