<?xml version="1.0" encoding="UTF-8"?><BillSummaries>
<item congress="115" measure-type="hr" measure-number="1243" measure-id="id115hr1243" originChamber="HOUSE" orig-publish-date="2017-02-28" update-date="2017-03-04">
<title>BEST Practices Act</title>
<summary summary-id="id115hr1243v00" currentChamber="HOUSE" update-date="2017-03-04">
<action-date>2017-02-28</action-date>
<action-desc>Introduced in House</action-desc>
<summary-text><![CDATA[<p><strong>Battlefield Excellence through Superior Training Practices Act or the BEST Practices Act</strong></p> <p>This bill requires the Department of Defense (DOD), by no later than: (1) October 1, 2020, to complete the development, testing, and validation of human-based training methods for training members of the Armed Forces in the treatment of combat trauma injuries, with the goal of replacing live animal-based training methods; and (2) October 1, 2022, to use only use human-based training methods for such purposes. No animals may be used in such training after the latter date.</p> <p>DOD shall submit an annual report to Congress regarding the development and implementation of the human-based training methods.</p>]]></summary-text>
</summary>
</item>
<dublinCore xmlns:dc="http://purl.org/dc/elements/1.1/">
<dc:format>text/xml</dc:format>
<dc:language>EN</dc:language>
<dc:rights>Pursuant to Title 17 Section 105 of the United States Code, this file is not subject to copyright protection and is in the public domain.</dc:rights>
<dc:contributor>Congressional Research Service, Library of Congress</dc:contributor>
<dc:description>This file contains bill summaries for federal legislation. A bill summary describes the most significant provisions of a piece of legislation and details the effects the legislative text may have on current law and federal programs. Bill summaries are authored by the Congressional Research Service (CRS) of the Library of Congress. As stated in Public Law 91-510 (2 USC 166 (d)(6)), one of the duties of CRS is "to prepare summaries and digests of bills and resolutions of a public general nature introduced in the Senate or House of Representatives". For more information, refer to the User Guide that accompanies this file.</dc:description>
</dublinCore>
</BillSummaries>
