<?xml version="1.0" encoding="UTF-8"?><BillSummaries>
<item congress="115" measure-type="hr" measure-number="1448" measure-id="id115hr1448" originChamber="HOUSE" orig-publish-date="2017-03-09" update-date="2017-03-18">
<title>Reclamation of War Powers Act</title>
<summary summary-id="id115hr1448v00" currentChamber="HOUSE" update-date="2017-03-18">
<action-date>2017-03-09</action-date>
<action-desc>Introduced in House</action-desc>
<summary-text><![CDATA[<p><strong>Reclamation of War Powers Act</strong></p> <p>This bill prohibits funds made available for the U.S. Armed Forces from being obligated or expended for their introduction into hostilities, or into situations where imminent involvement in hostilities is clearly indicated by the circumstances, in the absence of a declaration of war, specific statutory authorization, or a national emergency created by an attack or imminent threat of attack upon the United States, its territories or possessions, or the Armed Forces.</p> <p>Such funds may be obligated or expended for such introduction by reason of a national emergency created by such an attack or imminent threat only during the 60-day period beginning on such date of their introduction.</p> <p>It shall not be in order in the House of Representatives or the Senate to consider any bill or joint resolution that would make funds available in violation of these provisions.</p> <p>The President shall, in the case of a declaration of war or specific authorization for such introduction of the Armed Forces, submit to Congress a report on: </p> <ul> <li>an analysis of the threat to be countered by the use of the Armed Forces,</li> <li>the specific objectives and justification for such objectives to be achieved by their use, and</li> <li>a description of the scope and duration, cost, and likelihood of success of their use.</li> </ul> <p>The President shall report in the case of an introduction of the Armed Forces by reason of such a national emergency.</p> <p>The bill sets timetables for such reports.</p>]]></summary-text>
</summary>
</item>
<dublinCore xmlns:dc="http://purl.org/dc/elements/1.1/">
<dc:format>text/xml</dc:format>
<dc:language>EN</dc:language>
<dc:rights>Pursuant to Title 17 Section 105 of the United States Code, this file is not subject to copyright protection and is in the public domain.</dc:rights>
<dc:contributor>Congressional Research Service, Library of Congress</dc:contributor>
<dc:description>This file contains bill summaries for federal legislation. A bill summary describes the most significant provisions of a piece of legislation and details the effects the legislative text may have on current law and federal programs. Bill summaries are authored by the Congressional Research Service (CRS) of the Library of Congress. As stated in Public Law 91-510 (2 USC 166 (d)(6)), one of the duties of CRS is "to prepare summaries and digests of bills and resolutions of a public general nature introduced in the Senate or House of Representatives". For more information, refer to the User Guide that accompanies this file.</dc:description>
</dublinCore>
</BillSummaries>
