<?xml version="1.0" encoding="UTF-8"?><BillSummaries>
<item congress="115" measure-type="hr" measure-number="413" measure-id="id115hr413" originChamber="HOUSE" orig-publish-date="2017-01-10" update-date="2017-02-01">
<title>Early Pell Promise Act</title>
<summary summary-id="id115hr413v00" currentChamber="HOUSE" update-date="2017-02-01">
<action-date>2017-01-10</action-date>
<action-desc>Introduced in House</action-desc>
<summary-text><![CDATA[<p><b>Early Pell Promise Act</b></p> <p>This bill amends title IV (Student Assistance) of the Higher Education Act of 1965 to authorize the Department of Education to carry out a program of grants to state educational agencies under which a student who is in eighth grade and is eligible for a free or reduced price lunch under the Richard B. Russell National School Lunch Act may be provided a commitment to receive a Federal Pell Grant early in the student's academic career.</p> <p>Pursuant to such a commitment, the student shall receive a Pell Grant during the first two years of attendance at an institution of higher education (IHE) as an undergraduate if the student:</p> <ul> <li>files the FAFSA form during the senior year of secondary school and the succeeding year, and</li> <li>enrolls at the IHE not later than three years after receiving a secondary school diploma or after release from the Armed Forces.</li> </ul> <p>A student may not receive the early Pell Grant for a succeeding year if the expected family contribution for either year is more than twice the threshold amount for Pell Grant eligibility for that year.</p> <p> <p>]]></summary-text>
</summary>
</item>
<dublinCore xmlns:dc="http://purl.org/dc/elements/1.1/">
<dc:format>text/xml</dc:format>
<dc:language>EN</dc:language>
<dc:rights>Pursuant to Title 17 Section 105 of the United States Code, this file is not subject to copyright protection and is in the public domain.</dc:rights>
<dc:contributor>Congressional Research Service, Library of Congress</dc:contributor>
<dc:description>This file contains bill summaries for federal legislation. A bill summary describes the most significant provisions of a piece of legislation and details the effects the legislative text may have on current law and federal programs. Bill summaries are authored by the Congressional Research Service (CRS) of the Library of Congress. As stated in Public Law 91-510 (2 USC 166 (d)(6)), one of the duties of CRS is "to prepare summaries and digests of bills and resolutions of a public general nature introduced in the Senate or House of Representatives". For more information, refer to the User Guide that accompanies this file.</dc:description>
</dublinCore>
</BillSummaries>
