<?xml version="1.0" encoding="UTF-8"?><BillSummaries>
<item congress="115" measure-type="hr" measure-number="911" measure-id="id115hr911" originChamber="HOUSE" orig-publish-date="2017-02-07" update-date="2017-03-04">
<title>Saracini Aviation Safety Act of 2017</title>
<summary summary-id="id115hr911v00" currentChamber="HOUSE" update-date="2017-03-04">
<action-date>2017-02-07</action-date>
<action-desc>Introduced in House</action-desc>
<summary-text><![CDATA[<p><b>Saracini Aviation Safety Act of 2017</b></p> <p> This bill requires the Federal Aviation Administration to issue an order to require: (1) the installation of secondary barriers, other than the cockpit door, to prevent access to the flight deck of each covered aircraft; (2) such barriers on the aircraft with a cockpit door to remain locked while the aircraft is in flight and the cockpit door separating the flight deck and the passenger area is open; and (3) such barriers on the aircraft without a cockpit door to remain locked as determined by the pilot in command.</p> <p>&quot;Covered aircraft&quot; is defined as a commercial aircraft: (1) equipped with more than 75 passenger seats, and (2) with a maximum gross takeoff weight of more than 75,000 pounds.</p>]]></summary-text>
</summary>
</item>
<dublinCore xmlns:dc="http://purl.org/dc/elements/1.1/">
<dc:format>text/xml</dc:format>
<dc:language>EN</dc:language>
<dc:rights>Pursuant to Title 17 Section 105 of the United States Code, this file is not subject to copyright protection and is in the public domain.</dc:rights>
<dc:contributor>Congressional Research Service, Library of Congress</dc:contributor>
<dc:description>This file contains bill summaries for federal legislation. A bill summary describes the most significant provisions of a piece of legislation and details the effects the legislative text may have on current law and federal programs. Bill summaries are authored by the Congressional Research Service (CRS) of the Library of Congress. As stated in Public Law 91-510 (2 USC 166 (d)(6)), one of the duties of CRS is "to prepare summaries and digests of bills and resolutions of a public general nature introduced in the Senate or House of Representatives". For more information, refer to the User Guide that accompanies this file.</dc:description>
</dublinCore>
</BillSummaries>
