<?xml version="1.0" encoding="UTF-8"?><BillSummaries>
<item congress="115" measure-type="hr" measure-number="1036" measure-id="id115hr1036" originChamber="HOUSE" orig-publish-date="2017-02-14" update-date="2017-03-04">
<title>American Families United Act</title>
<summary summary-id="id115hr1036v00" currentChamber="HOUSE" update-date="2017-03-04">
<action-date>2017-02-14</action-date>
<action-desc>Introduced in House</action-desc>
<summary-text><![CDATA[<p><strong>American Families United Act</strong></p> <p>This bill amends the Immigration and Nationality Act (INA) to revise waiver of inadmissibility requirements, including by waiving inadmissibility for: (1) certain persons who entered the United States before age 16 who have earned a degree from a U.S. institution of higher education, (2) false claims of U.S. citizenship by persons under age 18 or lacking mental competence to knowingly misrepresent a claim, and (3) false claims of U.S. citizenship if inadmissibility would create family separation hardship for the alien (including a self-petitioner under the Violence Against Women Act) or for a U.S. citizen or lawful permanent resident family member.</p> <p>The bill: (1) authorizes parents of U.S. citizens or lawful permanent residents to apply for a waiver of inadmissibility for unlawful presence, (2) places a three-year limit on immigration-related misrepresentations rendering aliens inadmissible, and (3) revises the definition &quot;conviction&quot; for INA purposes. <p>An immigration judge in specified circumstances, including family separation hardship, but with certain exceptions, may decline to order an alien removed, deported, or excluded and terminate related proceedings or grant permission to reapply for admission or for relief from removal.</p> <p>Nothing in this bill shall be construed to enable the Departments of Justice and Homeland Security to expand their discretionary authority beyond a case-by-case basis or to provide legalization or nationalization of covered persons. </p>]]></summary-text>
</summary>
</item>
<dublinCore xmlns:dc="http://purl.org/dc/elements/1.1/">
<dc:format>text/xml</dc:format>
<dc:language>EN</dc:language>
<dc:rights>Pursuant to Title 17 Section 105 of the United States Code, this file is not subject to copyright protection and is in the public domain.</dc:rights>
<dc:contributor>Congressional Research Service, Library of Congress</dc:contributor>
<dc:description>This file contains bill summaries for federal legislation. A bill summary describes the most significant provisions of a piece of legislation and details the effects the legislative text may have on current law and federal programs. Bill summaries are authored by the Congressional Research Service (CRS) of the Library of Congress. As stated in Public Law 91-510 (2 USC 166 (d)(6)), one of the duties of CRS is "to prepare summaries and digests of bills and resolutions of a public general nature introduced in the Senate or House of Representatives". For more information, refer to the User Guide that accompanies this file.</dc:description>
</dublinCore>
</BillSummaries>
