<?xml version="1.0"?>
<?xml-stylesheet type="text/xsl" href="billres.xsl"?>
<!DOCTYPE bill PUBLIC "-//US Congress//DTDs/bill.dtd//EN" "bill.dtd">
<bill bill-stage="Introduced-in-House" bill-type="olc" dms-id="H73F49EA0CB4141318B862B67470AD2E1" key="H" public-private="public"><metadata xmlns:dc="http://purl.org/dc/elements/1.1/">
<dublinCore>
<dc:title>115 HR 464 IH: Cameras in the Courtroom Act</dc:title>
<dc:publisher>U.S. House of Representatives</dc:publisher>
<dc:date>2017-01-12</dc:date>
<dc:format>text/xml</dc:format>
<dc:language>EN</dc:language>
<dc:rights>Pursuant to Title 17 Section 105 of the United States Code, this file is not subject to copyright protection and is in the public domain.</dc:rights>
</dublinCore>
</metadata>
<form>
<distribution-code display="yes">I</distribution-code><congress display="yes">115th CONGRESS</congress><session display="yes">1st Session</session><legis-num display="yes">H. R. 464</legis-num><current-chamber>IN THE HOUSE OF REPRESENTATIVES</current-chamber><action display="yes"><action-date date="20170112">January 12, 2017</action-date><action-desc><sponsor name-id="C001078">Mr. Connolly</sponsor> (for himself, <cosponsor name-id="P000592">Mr. Poe of Texas</cosponsor>, <cosponsor name-id="C001066">Ms. Castor of Florida</cosponsor>, <cosponsor name-id="C001084">Mr. Cicilline</cosponsor>, <cosponsor name-id="C001068">Mr. Cohen</cosponsor>, <cosponsor name-id="L000562">Mr. Lynch</cosponsor>, <cosponsor name-id="N000002">Mr. Nadler</cosponsor>, <cosponsor name-id="N000147">Ms. Norton</cosponsor>, <cosponsor name-id="Q000023">Mr. Quigley</cosponsor>, and <cosponsor name-id="Y000062">Mr. Yarmuth</cosponsor>) introduced the following bill; which was referred to the <committee-name committee-id="HJU00">Committee on the Judiciary</committee-name></action-desc></action><legis-type>A BILL</legis-type><official-title display="yes">To permit the televising of Supreme Court proceedings.</official-title></form>
	<legis-body id="HE5A80083AA404741879F8DC1C43460AF" style="OLC">
 <section id="HA91D43F964054ECF89E1E244E80A256E" section-type="section-one"><enum>1.</enum><header>Short title</header><text display-inline="no-display-inline">This Act may be cited as the <quote><short-title>Cameras in the Courtroom Act</short-title></quote>.</text> </section><section id="H88AD4EA5016B40AA8905E4F6D54765C3"><enum>2.</enum><header>Amendment to title 28</header> <subsection id="H47E5DAF8CAC74F30BFD08A9CAA5E6321"><enum>(a)</enum><header>In general</header><text><external-xref legal-doc="usc-chapter" parsable-cite="usc-chapter/28/45">Chapter 45</external-xref> of title 28, United States Code, is amended by adding at the end the following:</text>
				<quoted-block id="H7AE199EB92E74724B42A396CC0E2C3AA" style="USC">
 <section id="H0CC4CE89C66942C1A008CD3B8F21911F"><enum>678.</enum><header>Televising Supreme Court proceedings</header><text display-inline="no-display-inline">The Supreme Court shall permit television coverage of all open sessions of the Court unless the Court decides, by a vote of the majority of justices, that allowing such coverage in a particular case would constitute a violation of the due process rights of one or more of the parties before the Court.</text></section><after-quoted-block>.</after-quoted-block></quoted-block>
 </subsection><subsection id="H79437B081E62431FB7BB02685D0C34D7"><enum>(b)</enum><header>Clerical amendment</header><text>The chapter analysis for <external-xref legal-doc="usc-chapter" parsable-cite="usc-chapter/28/45">chapter 45</external-xref> of title 28, United States Code, is amended by adding at the end the following:</text>
				<quoted-block id="H7C476CF5C2E94AC08106A0B7E3A753EE" style="USC">
					<toc regeneration="no-regeneration">
						<toc-entry level="section">678. Televising Supreme Court proceedings.</toc-entry></toc><after-quoted-block>.</after-quoted-block></quoted-block>
			</subsection></section></legis-body></bill>


