<?xml version="1.0"?>
<?xml-stylesheet type="text/xsl" href="billres.xsl"?>
<!DOCTYPE bill PUBLIC "-//US Congress//DTDs/bill.dtd//EN" "bill.dtd">
<bill bill-stage="Introduced-in-House" bill-type="olc" dms-id="HF9F32D10070F4CC2BFDA8CE3D9AE212D" key="H" public-private="public"><metadata xmlns:dc="http://purl.org/dc/elements/1.1/">
<dublinCore>
<dc:title>115 HR 202 IH: Landlord Accountability Act of 2017</dc:title>
<dc:publisher>U.S. House of Representatives</dc:publisher>
<dc:date>2017-01-03</dc:date>
<dc:format>text/xml</dc:format>
<dc:language>EN</dc:language>
<dc:rights>Pursuant to Title 17 Section 105 of the United States Code, this file is not subject to copyright protection and is in the public domain.</dc:rights>
</dublinCore>
</metadata>
<form>
<distribution-code display="yes">I</distribution-code><congress display="yes">115th CONGRESS</congress><session display="yes">1st Session</session><legis-num display="yes">H. R. 202</legis-num><current-chamber>IN THE HOUSE OF REPRESENTATIVES</current-chamber><action display="yes"><action-date date="20170103">January 3, 2017</action-date><action-desc><sponsor name-id="V000081">Ms. Velázquez</sponsor> introduced the following bill; which was referred to the <committee-name committee-id="HBA00">Committee on Financial Services</committee-name>, and in addition to the Committees on <committee-name committee-id="HWM00">Ways and Means</committee-name>, and <committee-name committee-id="HJU00">the Judiciary</committee-name>, for a period to be subsequently determined by the Speaker, in each case for consideration of such
			 provisions as fall within the jurisdiction of the committee concerned</action-desc></action><legis-type>A BILL</legis-type><official-title display="yes">To amend the Fair Housing Act, to prohibit discrimination based on use of section 8 vouchers, and
			 for other purposes.</official-title></form>
	<legis-body id="HC69925BF167748178C5382E497EB5577" style="OLC">
 <section id="HF6158B9667B244358BC9E63FDDEEA1FD" section-type="section-one"><enum>1.</enum><header>Short title</header><text display-inline="no-display-inline">This Act may be cited as the <quote><short-title>Landlord Accountability Act of 2017</short-title></quote>.</text> </section><section id="HDAC2FF193E7C42CC9C12828602E560DD"><enum>2.</enum><header>Congressional findings</header><text display-inline="no-display-inline">The Congress finds that—</text>
 <paragraph id="HB8BF7BA2E808470F809FB91B6D143895"><enum>(1)</enum><text>the United States is in the midst of a housing crisis, as the homeownership rate has declined to 63.5 percent, a 30-year low, while rental demand has increased and pushed vacancy rates down to 7 percent;</text>
 </paragraph><paragraph id="H197C590D378E451F97D739E3499AACF6"><enum>(2)</enum><text>the current average rental asking price is $870, up 23 percent since the end of the recession 6 years ago;</text>
 </paragraph><paragraph id="H47D7E14508C84A8185FFFB6068B988C5"><enum>(3)</enum><text>families and individuals that pay more than 30 percent of their income for housing are considered cost-burdened and have difficultly affording other necessities like food, clothing, transportation, and medical care;</text>
 </paragraph><paragraph id="H77C12D7B2A2346F18BF6BDE0A0B881EB"><enum>(4)</enum><text>over half of all renters, approximately 20.8 million households, are cost-burdened;</text> </paragraph><paragraph id="HA0B7967FEA8C49F48030B663CE30DC11"><enum>(5)</enum><text>over 80 percent of low-income households, those with incomes of under $15,000 per year, are severely cost-burdened;</text>
 </paragraph><paragraph id="H737693FA60234BDBBA50C49B42360635"><enum>(6)</enum><text>the current rental environment makes rental assistance under the Section 8 Housing Choice Voucher Program of the Department of Housing and Urban Development vital to finding affordable housing for many families;</text>
 </paragraph><paragraph id="H3609414BDA014033BF5127FB9475F40C"><enum>(7)</enum><text display-inline="yes-display-inline">the Section 8 program helps approximately 2.2 million low-income families, the elderly, and the disabled afford respectable housing in the private market;</text>
 </paragraph><paragraph id="HF034B4A4002A4D738FBF421A7B915578"><enum>(8)</enum><text>the Section 8 Housing Choice Voucher Program assists our Nation’s most economically vulnerable families—the average annual gross income of a family assisted under the program is only $13,568;</text>
 </paragraph><paragraph id="H7262C864FB544EABADDFFF7F2B07C6B2"><enum>(9)</enum><text>many of the individuals and families assisted by the Section 8 Program would be at risk of homelessness without the program;</text>
 </paragraph><paragraph id="H1C7DD9D7BD3844479EC9551B754CE0B9"><enum>(10)</enum><text>the Section 8 program caps the rental cost for eligible families and individuals at 30 percent of their incomes, which frees up their limited resources to pay for life’s other necessities;</text>
 </paragraph><paragraph id="HA87E6FAC4DE143DC99D35E785B18F25E"><enum>(11)</enum><text>although families and individuals assisted under the program are free to choose any available housing in their community, that has not prevented landlords from discriminating against low-income tenants;</text>
 </paragraph><paragraph id="HDE9F36CCE302451F96EEDB72FD0ED14D"><enum>(12)</enum><text>as a result, the Section 8 program has only a 60-percent success rate in assisting voucher-holders find affordable housing;</text>
 </paragraph><paragraph id="H74EE92BAB5B64BB49DDA1CCE8FF90487"><enum>(13)</enum><text>given the strong connection between the classes currently protected under the Fair Housing Act, including race, gender, those with disabilities, familial status, and economic status, establishing a ban on income discrimination would further the goals of the Fair Housing Act and better protect these families and individuals;</text>
 </paragraph><paragraph id="HF8763E46B0D147CE9DAAC014B000553F"><enum>(14)</enum><text>for many years, landlords have relied on the Section 8 housing program to provide affordable housing to tenants in low-income areas, but as more urban areas have undergone rapid revitalization, property values have risen dramatically;</text>
 </paragraph><paragraph id="H529810B2CCB947CE9C0EDFB03FF979E5"><enum>(15)</enum><text>as a result of rising property values, there have been serious allegations that landlords are intentionally allowing their federally subsidized units to deteriorate in an effort to drive voucher-users out and convert units to higher, market-rate apartments;</text>
 </paragraph><paragraph id="H88E2395CFCCC4FA5AE565A9764E6E540"><enum>(16)</enum><text>in addition, landlords are failing to meet the housing quality standards of the Department of Housing and Urban Development and improperly demanding rent in excess of 30 percent of voucher-holders’ incomes; and</text>
 </paragraph><paragraph id="H72FD7DFCC4924B9DA28992189C0C6411"><enum>(17)</enum><text>therefore, it is necessary to ban discrimination against source of income, discourage intentional acts to disqualify dwelling units from Federal housing programs, and encourage proper maintenance of multifamily house in order to revive the Section 8 rental assistance program, affirmatively further fair housing policies, and address our national housing affordability crisis.</text>
			</paragraph></section><section id="H9D92A900C0BD43DFA91C41BAB3619736" section-type="subsequent-section"><enum>3.</enum><header>Prohibition of discrimination on account of use of section 8 vouchers</header>
 <subsection id="H1A8FC817F50B4C27A539BE16FABE50E7"><enum>(a)</enum><header>In general</header><text display-inline="yes-display-inline">Section 804 of the Fair Housing Act (<external-xref legal-doc="usc" parsable-cite="usc/42/3604">42 U.S.C. 3604</external-xref>) is amended by inserting after paragraph (f) the following new paragraph:</text>
				<quoted-block display-inline="no-display-inline" id="H120A74BFCE914BA5A04510CB23877073" style="traditional">
 <paragraph id="H4C483A98E2914E6786F729F30B33EFF9"><enum>(g)</enum><text>To discriminate in connection with the rental of a dwelling because the tenant or prospective tenant is the holder of a housing voucher.</text></paragraph><after-quoted-block>.</after-quoted-block></quoted-block>
 </subsection><subsection id="H5FF6FE18859446AC8C6AF9F4FD280309"><enum>(b)</enum><header>Definition</header><text>Section 802 of the Fair Housing Act (<external-xref legal-doc="usc" parsable-cite="usc/42/3602">42 U.S.C. 3602</external-xref>) is amended by adding at the end the following new paragraph:</text>
				<quoted-block display-inline="no-display-inline" id="H8403812A8CAD41879AF3B33BDE9627BB" style="traditional">
 <paragraph id="HCABBBB057448479BAF8FB57A2CB08D4C"><enum>(p)</enum><text><quote>Holder of a housing voucher</quote> means a holder of a voucher for rental assistance under subsection (o) or (t) of section 8 of the United States Housing Act of 1937 (<external-xref legal-doc="usc" parsable-cite="usc/42/1437f">42 U.S.C. 1437f</external-xref>).</text></paragraph><after-quoted-block>.</after-quoted-block></quoted-block>
			</subsection></section><section id="H48A95FA084D9458CAB8590F910A641E5"><enum>4.</enum><header>Penalties for intentional acts to disqualify dwelling units from eligibility for Federal housing
			 programs</header>
 <subsection id="H723A0A07959943D989E29E881A34FEF5"><enum>(a)</enum><header>Violation</header><text display-inline="yes-display-inline">An owner of a dwelling unit that is available for rental may not take any action, or fail to take any action, with the intent to make the dwelling unit insufficiently decent, safe, sanitary, or inhabitable, or cause such other physical condition, so that the dwelling does not qualify for assistance within the jurisdiction of the Department (as such term is defined in section 102(m) of the Department of Housing and Urban Development Reform Act of 1989 (<external-xref legal-doc="usc" parsable-cite="usc/42/3545">42 U.S.C. 3545(m)</external-xref>)).</text>
 </subsection><subsection id="H32A9673B24534F139E2B058564411DD1"><enum>(b)</enum><header>Civil money penalties</header><text>Any person who is found by the Secretary of Housing and Urban Development, after notice and opportunity for a hearing in accordance with section 554 of title 5, United States Code, to have violated subsection (a) shall be assessed a civil money penalty by the Secretary in the amount of $100,000 for each such action or failure to act.</text>
 </subsection><subsection id="H474BCCC1159346A3B66C1ACB67F68176"><enum>(c)</enum><header>Liability to tenants</header><text>A tenant who, at the time of a violation under subsection (a), occupies the dwelling unit to which the violation relates may bring a civil action for damages in the following amounts:</text>
 <paragraph id="H1030B299E9BD44078AC469AAA535F447"><enum>(1)</enum><text display-inline="yes-display-inline">$50,000 for each action or failure to act in violation of subsection (a).</text> </paragraph><paragraph id="H0EF21D9E834948899E347E8263297102"><enum>(2)</enum><text>Any actual damages and costs to the tenant resulting from the violation, including any costs of finding a replacement dwelling unit.</text>
				</paragraph></subsection></section><section id="H301C764D36434E9CAA16FC2A383C8F8B"><enum>5.</enum><header>Resources for receiving and resolving complaints regarding multifamily housing projects</header>
			<subsection id="HFABF03B9F59D4B9B8BABA1381A1BA3CA"><enum>(a)</enum><header>Increased HUD staffing for complaint call staffing</header>
 <paragraph id="H50D715C255DD4BFEA984840DA967EBA2"><enum>(1)</enum><header>Increased staffing</header><text display-inline="yes-display-inline">The Secretary shall, not later than the expiration of the 180-day period beginning on the date of the enactment of this Act, increase the staffing level for the Multifamily Housing Complaint Line established and operated by the Multifamily Housing Clearinghouse of the Department so that it is sufficient and appropriate to handle the volume of calls received without unreasonable waiting periods.</text>
 </paragraph><paragraph id="H6E9A74EE56914F9D98C3E668A316A8A6"><enum>(2)</enum><header>Authorization of appropriations</header><text>For carrying out paragraph (1), there are authorized to be appropriated to the Secretary such sums as may be necessary for each fiscal year for carrying out paragraph (1).</text>
				</paragraph></subsection><subsection id="H4B7BB768CB8A419797E31AE658459973"><enum>(b)</enum><header>Multifamily housing complaint resolution program</header>
 <paragraph id="HE0DA30DEB35148629291CC923BE4D8F3"><enum>(1)</enum><header>In general</header><text display-inline="yes-display-inline">The Secretary shall carry out a Multifamily Housing Complaint Resolution Program for receiving complaints about multifamily housing projects from voucher users who reside in such projects and local governmental officials, under which the Secretary shall provide for—</text>
 <subparagraph id="HDB9876F1C3724BB5BB86D9AFD3E381D6"><enum>(A)</enum><text>gathering of information regarding each such complaint;</text> </subparagraph><subparagraph id="HC39DEDD4A7CB4EB9A23F8240AB31E582"><enum>(B)</enum><text>determining whether there is a likelihood that there is any violation of the requirements under the rental assistance voucher program relating to such complaint;</text>
 </subparagraph><subparagraph id="H048126A735404DD096A15A5A63279C40"><enum>(C)</enum><text>informing the owner or landlord of the complaint and any violations; and</text> </subparagraph><subparagraph id="HEA165F28B0034CAFBAC047AD502E8F2F"><enum>(D)</enum><text>attempting to resolve the complaint and violations, including through mediation.</text>
 </subparagraph></paragraph><paragraph id="H849326200ABC4731BC4A4E55A41BCAA2"><enum>(2)</enum><header>Resolution</header><text>The Secretary may provide for carrying out the activities required under paragraph (1)(D) through regional or field offices of the Department or through such local or private organizations or agencies as the Secretary determines have appropriate capabilities and expertise to carry out such activities.</text>
 </paragraph><paragraph id="H233CA971B245460CAD56FF1BEDF72D46"><enum>(3)</enum><header>Funding</header><text>Amounts made available for administrative fees under section 8(q) of the United States Housing Act of 1937 (<external-xref legal-doc="usc" parsable-cite="usc/42/1437f">42 U.S.C. 1437f(q)</external-xref>) shall be available for carrying out the program under this subsection.</text>
 </paragraph><paragraph id="HE633C473208745F0A9933520DEEA3FAD"><enum>(4)</enum><header>Regulations</header><text>Not later than the expiration of the 12-month period beginning on the date of the enactment of this Act, the Secretary shall issue any regulations necessary to establish the Program required under this subsection.</text>
				</paragraph></subsection></section><section id="H0FAA57CD5B7F4E2C95465F8553B86012"><enum>6.</enum><header>HUD disclosure of landlord complaints</header>
 <subsection id="H795653E1FBF54D34AE748C8795B495E6"><enum>(a)</enum><header>Public disclosure</header><text display-inline="yes-display-inline">The Secretary shall publicly disclose, on a website of the Department and on a timely basis, information regarding each complaint received under the Program establish pursuant to section 5(b), which shall include for each such complaint—</text>
 <paragraph id="H1AD2ADAA053B4010B2C64A5EDA411D51"><enum>(1)</enum><text>the nature of the complaint;</text> </paragraph><paragraph id="HD6B456F9EAF042319F1E070F00D3EAB9"><enum>(2)</enum><text>the date on which such complaint was submitted to the Department;</text>
 </paragraph><paragraph id="HFECC4501FC7A4373AD963C729A5A023E"><enum>(3)</enum><text>the disposition, as of the time of such disclosure, of such complaint; and</text> </paragraph><paragraph id="HC7CD237BE7AB4C2AB580356D4172C32C"><enum>(4)</enum><text>information identifying the multifamily housing project to which such complaint relates.</text>
 </paragraph></subsection><subsection id="HBFE1618D2E604C31B8843949173AAFC2"><enum>(b)</enum><header>Reports to Congress</header><text display-inline="yes-display-inline">The Secretary of Housing and Urban Development shall submit a report annually to the Committee on Financial Services of the House of Representatives and the Committee on Banking, Housing, and Urban Affairs of the Senate summarizing the complaints described in subsection (a) that were received by the Department during the preceding year and describing the disposition to such date of such complaints.</text>
			</subsection></section><section id="H48FFC232F26840039867DE1CB14B48D9"><enum>7.</enum><header>Tax credit incentive for maintenance of multifamily housing with voucher user tenants</header>
 <subsection id="H7A3F403669644E01AEB69B9836B76B6E"><enum>(a)</enum><header>In general</header><text display-inline="yes-display-inline">Subpart D of part IV of subchapter A of <external-xref legal-doc="usc-chapter" parsable-cite="usc-chapter/26/1">chapter 1</external-xref> of the Internal Revenue Code of 1986 is amended by adding at the end the following new section:</text>
				<quoted-block display-inline="no-display-inline" id="H930E9C8CB2DE47AA80C47E1F6618838F" style="OLC">
					<section id="H338328AE836E404292CF0BA0C75FF026"><enum>45S.</enum><header>Low-income housing maintenance credit</header>
 <subsection id="HB43E0BA498A24E2CA48F1A95A30625AB"><enum>(a)</enum><header>In general</header><text display-inline="yes-display-inline">For purposes of section 38, in the case of an eligible landlord, the low-income housing maintenance credit determined under this section for the taxable year is an amount equal to the amount of the taxpayer’s low-income housing maintenance expenses for such taxable year.</text>
						</subsection><subsection id="HC9EFF64744FD4CBE8B94A2EB5255A129"><enum>(b)</enum><header>Limitations</header>
 <paragraph id="HDBAAB75AD4FE4BA1AD1E8CC31EC6D6FA"><enum>(1)</enum><header>Per unit limitation</header><text display-inline="yes-display-inline">The credit allowed under subsection (a) with respect to any taxpayer for any taxable year shall not exceed the product of $2,500 multiplied by the number of low-income housing units owned by the taxpayer.</text>
 </paragraph><paragraph id="HB0C4BF8F0E5B4B48A2046D299F6962C8"><enum>(2)</enum><header>Per building limitation</header><text>The credit allowed under subsection (a) with respect to any taxpayer for any taxable year shall not exceed the product of $100,000 multiplied by the number of eligible low-income housing projects owned by the taxpayer.</text>
 </paragraph><paragraph id="HABA4890BBED34E87A2AA9CD2BC9E67F0"><enum>(3)</enum><header>Per taxpayer limitation</header><text>The credit allowed under subsection (a) with respect to any taxpayer for any taxable year shall not exceed $500,000.</text>
 </paragraph></subsection><subsection id="H9C054E03761C4FCF8C1573CE2A025EF7"><enum>(c)</enum><header>Eligible landlord</header><text>For purposes of this section, the term <quote>eligible landlord</quote> means any taxpayer for any taxable year if—</text> <paragraph id="H2FD3BD4BA7B5438E90DAF56494833E7E"><enum>(1)</enum><text>such taxpayer owns one or more eligible low-income housing projects during such taxable year, and</text>
 </paragraph><paragraph id="H6E6B0C7F8493458DBE416219A2EF1EE8"><enum>(2)</enum><text display-inline="yes-display-inline">either—</text> <subparagraph id="HE870FE1FD365428682B4E5019244DE43"><enum>(A)</enum><text display-inline="yes-display-inline">each complaint that is filed, under the program under section 5(b) of the <short-title>Landlord Accountability Act of 2017</short-title>, during such taxable year with respect to a dwelling unit in an eligible low-income housing project owned by such taxpayer has been determined by the Secretary of Housing and Urban Development to have been remedied not later than the date which is 30 days after the date on which such complaint is so filed, or</text>
 </subparagraph><subparagraph id="HBCC62C1233ED44F28A5221B1F6B8AB40"><enum>(B)</enum><text>no such complaint has been filed with respect to such a dwelling unit in such a housing project owned by such taxpayer during such taxable year.</text>
 </subparagraph></paragraph></subsection><subsection id="H2A2B2900F9D442F69CD54450408FFE1D"><enum>(d)</enum><header>Other definitions</header><text>For purposes of this section—</text> <paragraph id="H7144D45196A3469E8C10D97803560EB5"><enum>(1)</enum><header>Low-income housing maintenance expenses</header><text>The term <quote>low-income housing maintenance expenses</quote> means the aggregate amount paid or incurred by the taxpayer during the taxable year for maintenance or improvement of low-income housing units.</text>
 </paragraph><paragraph id="H7BCF02B49EAD4CE7B41A8ADC3DE6143B"><enum>(2)</enum><header>Eligible low-income housing project</header><text display-inline="yes-display-inline">The term <quote>eligible low-income housing project</quote> means, with respect to a taxable year, a housing project—</text> <subparagraph id="HE2566901DB1E4B19998364271F9619F5"><enum>(A)</enum><text display-inline="yes-display-inline">that consists of five or more dwelling units at least one of which was occupied during such year by a family who rented the dwelling unit using a voucher for rental assistance under section 8(o) of the United States Housing Act of 1937 (<external-xref legal-doc="usc" parsable-cite="usc/42/1437f">42 U.S.C. 1437f(o)</external-xref>); and</text>
 </subparagraph><subparagraph id="H5F747B15C10146568A310A2703C462E6"><enum>(B)</enum><text>with respect to which the eligible landlord has entered into such binding agreements as the Secretary of Housing and Urban Development shall require to ensure that rents for dwelling units in the project do not, at any time after the taxable year in which a low-income housing maintenance credit under this section is allowable, exceed the applicable fair market rental under section 8(c) of the United States Housing Act of 1937 (<external-xref legal-doc="usc" parsable-cite="usc/42/1437f">42 U.S.C. 1437f(c)</external-xref>) for the market area in which the project is located.</text>
 </subparagraph></paragraph><paragraph id="H680B9DA893B54382BA4D27CB0DC9F8FB"><enum>(3)</enum><header>Low-income housing unit</header><text>The term <quote>low-income housing unit</quote> means a dwelling unit within an eligible low-income housing project.</text> </paragraph></subsection><subsection id="HD09067E0BE654081A00BDE3DF4155FC2"><enum>(e)</enum><header>Aggregation rule</header><text display-inline="yes-display-inline">All persons treated as a single employer under subsection (a) or (b) of section 52 or subsection (m) or (o) of section 414 shall be treated as one person for purposes of applying this section. The credit determined under subsection (a) (after application of subsection (b)) shall be allocated among such persons in such manner as the Secretary may prescribe.</text>
 </subsection><subsection id="HDDEFE67A9C0D4F119874759135335B24"><enum>(f)</enum><header>Termination</header><text>No credit shall be determined under this section with respect to any taxable year beginning after December 31, 2027.</text></subsection></section><after-quoted-block>.</after-quoted-block></quoted-block>
 </subsection><subsection id="H904966FCAE224E19B4EEE9CFDCEA25D6"><enum>(b)</enum><header>Credit To be part of general business credit</header><text>Section 38(b) of such Code is amended by striking <quote>plus</quote> at the end of paragraph (35), by striking the period at the end of paragraph (36) and inserting <quote>, plus</quote>, and by adding at the end the following new paragraph:</text> <quoted-block display-inline="no-display-inline" id="H2D2549CE010B40589FE241245FD01815" style="OLC"> <paragraph id="H02A7547AA26D4F72820F0D1B86DEDE1A"><enum>(37)</enum><text display-inline="yes-display-inline">in the case of an eligible landlord (as defined in section 45S(c)), the low-income housing maintenance credit determined under section 45S.</text></paragraph><after-quoted-block>.</after-quoted-block></quoted-block>
 </subsection><subsection id="HB836522A85A6419FAC1B7D1C80541C4B"><enum>(c)</enum><header>Clerical amendment</header><text>The table of sections for subpart D of part IV of subchapter A of chapter 1 of such Code is amended by adding at the end the following new item:</text>
				<quoted-block display-inline="no-display-inline" id="H4B58D22194214188904261AA5D95E2BB" style="OLC">
					<toc container-level="quoted-block-container" idref="H930E9C8CB2DE47AA80C47E1F6618838F" lowest-bolded-level="division-lowest-bolded" lowest-level="section" quoted-block="no-quoted-block" regeneration="yes-regeneration">
						<toc-entry idref="H338328AE836E404292CF0BA0C75FF026" level="section">Sec. 45S. Low-income housing maintenance credit.</toc-entry></toc><after-quoted-block>.</after-quoted-block></quoted-block>
 </subsection><subsection commented="no" display-inline="no-display-inline" id="H27E6F4DA57EA41379224DCFDD509DE85"><enum>(d)</enum><header>Effective date</header><text>The amendments made by this section shall apply to taxable years beginning after December 31, 2017.</text> </subsection></section><section id="H704100DE3AA243A5BFE0AAB32081BACC"><enum>8.</enum><header>Public display of tenant’s rights and complaint line</header> <subsection id="HB76A5D16060D4A1E94FAD1BCF1A7A222"><enum>(a)</enum><header>Required display</header><text display-inline="yes-display-inline">An owner of a multifamily housing project in which three or more voucher users reside shall display, at all times and in clear and conspicuous location on each floor of such project that contains any dwelling unit, a written notice that includes—</text>
 <paragraph id="H70F367784DF34AB0AD0489615DB633F1"><enum>(1)</enum><text>a statement describing the rights under Federal law afforded to tenants of the project who are voucher users;</text>
 </paragraph><paragraph id="H989D12CE9B974B0BBF81ED7077795F42"><enum>(2)</enum><text display-inline="yes-display-inline">the phone number for the Multifamily Housing Complaint Line established and operated by the Multifamily Housing Clearinghouse; and</text>
 </paragraph><paragraph id="HB64A39AF52B64B69A716CC23CEFDBC0D"><enum>(3)</enum><text display-inline="yes-display-inline">the phone number for a regional or local office of the Department which can provide tenants additional information regarding State and local resources for tenants.</text>
 </paragraph></subsection><subsection id="HEB9F70DBAEB444AE9CBF87EAF350C40B"><enum>(b)</enum><header>Civil money penalty</header><text>Any person who is found by the Secretary of Housing and Urban Development, after notice and opportunity for a hearing in accordance with section 554 of title 5, United States Code, to have failed to make a good faith effort to display notice complying with subsection (a) may be assessed a civil money penalty by the Secretary in the amount of $500 for each day of each such failure, except that the Secretary shall waive such penalty in any case in which an owner cures such violation within the 5-day period beginning upon notice by the Secretary of such violation.</text>
			</subsection><subsection commented="no" id="H18D52B22A5C84A7DB29E994EE318E931"><enum>(c)</enum><header>Model notice</header>
 <paragraph commented="no" id="HE3BCEF4DA4D2400695550EFA5AA9C12C"><enum>(1)</enum><header>Development</header><text display-inline="yes-display-inline">Not later than the expiration of the 12-month period beginning on the date of the enactment of this Act, the Secretary shall develop and publish in the Federal Register a model notice that fulfills the requirements under subsection (a)(1).</text>
 </paragraph><paragraph commented="no" id="HB32F27EA43944D669CB008BBA870FDA7"><enum>(2)</enum><header>Availability</header><text display-inline="yes-display-inline">The Secretary shall make copies of the notice developed pursuant to paragraph (1) available, upon request, to owners of multifamily housing projects.</text>
 </paragraph></subsection><subsection id="HCC7483AA068C4168A8E84A0243CFB3A5"><enum>(d)</enum><header>Applicability</header><text>Subsections (a) and (b) shall apply beginning upon the expiration of the 60-day period that begins on the date that the Secretary publishes notice in the Federal Register pursuant to subsection (c)(1).</text>
 </subsection><subsection id="H48A54D6120C441F3B4DBF5D5A0BAA729"><enum>(e)</enum><header>Regulations</header><text>Not later than the expiration of the 180-day period beginning on the date of the enactment of this Act, the Secretary shall issue regulations to carry out this section.</text>
			</subsection></section><section id="H92A8603096D2469889D4D205BEADEEF8"><enum>9.</enum><header>Grants for tenant harassment prevention programs</header>
 <subsection id="H81034D4FAFA4426C86DE26AF0716A078"><enum>(a)</enum><header>Authority</header><text display-inline="yes-display-inline">The Secretary may, to the extent amounts are made available for grants under this section, make grants to States, Indian tribes, units of local government, and nonprofit, nongovernmental affordable housing organizations to develop, expand, or assist tenant harassment prevention programs.</text>
 </subsection><subsection id="H705C2D8E199D4BDB82065CC8B19FA3D1"><enum>(b)</enum><header>Tenant harassment prevention program</header><text>For purposes of this section, the term <quote>tenant harassment prevention program</quote> means any program or activities designed to protect, assist, or educate tenants of residential rental dwelling units regarding harassing or illegal behavior by their landlords intended to force the tenant to vacate the dwelling unit or surrender any of their rights as tenants. Such term includes programs and activities providing legal assistance, counseling, education, intervention, complaint processes.</text>
 </subsection><subsection id="H2C1334142E7F4051934C3E4F58C43F11"><enum>(c)</enum><header>Federal share</header><text>The amount of a grant under this section for any tenant harassment prevention program may not exceed 75 percent of the total costs of the program or activities to be carried out, including administrative costs.</text>
 </subsection><subsection id="HD9DFDF3E388E491BA4B9B7493279AC2B"><enum>(d)</enum><header>Applications</header><text display-inline="yes-display-inline">The Secretary shall provide for eligible entities specified in subsection (a) to apply for grants under this section, which applications shall describe the tenant harassment prevention program to be assisted with grant amounts, the activities to be carried out under the program, and the projected costs of such activities;</text>
 </subsection><subsection id="HB9ED3BBAEF2848BAA692A80A16C69E18"><enum>(e)</enum><header>Selection</header><text>The Secretary shall select applicants to receive grants based on criteria that the Secretary shall establish.</text>
 </subsection><subsection id="H3F856CE19FC64FF4A094973122D657BF"><enum>(f)</enum><header>Authorization of appropriations</header><text>There are authorized to be appropriated $25,000,000 for each of fiscal years 2018 through 2022 for grants under this section.</text>
 </subsection></section><section id="HC271FF7B26D049B6ADEF3A9C87A831E2"><enum>10.</enum><header>Definitions</header><text display-inline="no-display-inline">For purposes of this Act, the following definitions shall apply:</text> <paragraph id="H8BDB12D37D89486BB7BB539A3F86C2E2"><enum>(1)</enum><header>Multifamily housing project</header><text>The term <quote>multifamily housing project</quote> means a housing project consisting of five or more dwelling units.</text>
 </paragraph><paragraph id="H961AD193DF014CE99B544500C1CAA73E"><enum>(2)</enum><header>Rental assistance voucher </header><text>The term <quote>rental assistance voucher</quote> means a voucher for rental assistance made available under section 8(o) of the United States Housing Act of 1937 (<external-xref legal-doc="usc" parsable-cite="usc/42/1437f">42 U.S.C. 1437f(o)</external-xref>).</text>
 </paragraph><paragraph id="HDB183388036B4E2D9792CFAB615126C9"><enum>(3)</enum><header>Secretary</header><text>The term <quote>Secretary</quote> means the Secretary of Housing and Urban Development.</text> </paragraph><paragraph id="H44B936D42B864B11AF875B5E5C026AE4"><enum>(4)</enum><header>Voucher user</header><text display-inline="yes-display-inline">The term <quote>voucher user</quote> means a family who is renting a dwelling unit using a rental assistance voucher.</text>
 </paragraph></section><section id="HCE7856E005684A6ABD0C019487F97C4F"><enum>11.</enum><header>Regulations</header><text display-inline="no-display-inline">The Secretary may issue any regulations necessary to carry out this Act.</text> </section></legis-body></bill> 

