<?xml version="1.0"?>
<?xml-stylesheet type="text/xsl" href="billres.xsl"?>
<!DOCTYPE bill PUBLIC "-//US Congress//DTDs/bill.dtd//EN" "bill.dtd">
<bill bill-stage="Introduced-in-House" dms-id="H1B0C031DEF0F41D0B72B8182ECB01ECF" public-private="public" key="H" bill-type="olc"><form><distribution-code display="yes">I</distribution-code><congress display="yes">115th CONGRESS</congress><session display="yes">1st Session</session><legis-num display="yes">H. R. 492</legis-num><current-chamber>IN THE HOUSE OF REPRESENTATIVES</current-chamber><action display="yes"><action-date date="20170112">January 12, 2017</action-date><action-desc><sponsor name-id="C001037">Mr. Capuano</sponsor> introduced the following bill; which was referred to the <committee-name committee-id="HBA00">Committee on Financial Services</committee-name></action-desc></action><legis-type>A BILL</legis-type><official-title display="yes">To ensure that any authority of the Mutual Mortgage Insurance Fund to borrow amounts from the Treasury is used only to pay mortgage insurance claims.</official-title></form><legis-body id="H2EEBA0684C9B4C5E8348C2648318908C" style="OLC"> 
<section id="H3C3506549161403E86F34D2871C6EA19" section-type="section-one"><enum>1.</enum><header>Short title</header><text display-inline="no-display-inline">This Act may be cited as the <quote><short-title>End Unnecessary Borrowing Act of 2017</short-title></quote>.</text></section> <section id="H296140608EA2444BB6B17719BD80EC86"><enum>2.</enum><header>Limitation on use of borrowing authority</header><text display-inline="no-display-inline">Paragraph (2) of section 205(f) of the National Housing Act (<external-xref legal-doc="usc" parsable-cite="usc/12/1711">12 U.S.C. 1711(f)(2)</external-xref>) is amended—</text>
<paragraph id="HBA8D0DB7210248D9A98324CFC53D5B65"><enum>(1)</enum><text>by inserting <quote>(A)</quote> after <quote>(2)</quote>; and</text></paragraph> <paragraph id="HBC5E7DD88968444AB0B8E0CA91A43CFE"><enum>(2)</enum><text>by adding at the end the following new subparagraphs:</text>
<quoted-block display-inline="no-display-inline" id="H9EFC655F50CA4E2895A568DCBE0E95B1" style="OLC">
<subparagraph id="H0CF881DE0A8D4B968D8BF5D3CEFB34A9" indent="up1"><enum>(B)</enum><text display-inline="yes-display-inline">Subparagraph (A) may not be construed to authorize or require the Secretary to borrow any amounts to comply with the capital ratio requirement under such subparagraph.</text></subparagraph> <subparagraph id="H83CEDA11BDB44483B529040BFD76914A" indent="up1"><enum>(C)</enum><text>Notwithstanding any other provision of law, any authority of the Secretary under this Act or otherwise to borrow amounts from the Treasury of the United States for the Mutual Mortgage Insurance Fund may be used only to the extent necessary to pay claims on mortgage insurance that is an obligation of such Fund.</text></subparagraph><after-quoted-block>.</after-quoted-block></quoted-block></paragraph></section> 
</legis-body></bill>

