<?xml version="1.0"?>
<?xml-stylesheet type="text/xsl" href="billres.xsl"?>
<!DOCTYPE bill PUBLIC "-//US Congress//DTDs/bill.dtd//EN" "bill.dtd">
<bill bill-stage="Introduced-in-House" bill-type="olc" dms-id="H314AE85EDE414753BDBB5FE0B902B7AE" key="H" public-private="public"><metadata xmlns:dc="http://purl.org/dc/elements/1.1/">
<dublinCore>
<dc:title>115 HR 103 IH: Chiropractic Care Available to All Veterans Act</dc:title>
<dc:publisher>U.S. House of Representatives</dc:publisher>
<dc:date>2017-01-03</dc:date>
<dc:format>text/xml</dc:format>
<dc:language>EN</dc:language>
<dc:rights>Pursuant to Title 17 Section 105 of the United States Code, this file is not subject to copyright protection and is in the public domain.</dc:rights>
</dublinCore>
</metadata>
<form>
<distribution-code display="yes">I</distribution-code><congress display="yes">115th CONGRESS</congress><session display="yes">1st Session</session><legis-num display="yes">H. R. 103</legis-num><current-chamber>IN THE HOUSE OF REPRESENTATIVES</current-chamber><action display="yes"><action-date date="20170103">January 3, 2017</action-date><action-desc><sponsor name-id="B001285">Ms. Brownley of California</sponsor> introduced the following bill; which was referred to the <committee-name committee-id="HVR00">Committee on Veterans' Affairs</committee-name></action-desc></action><legis-type>A BILL</legis-type><official-title display="yes">To amend the Department of Veterans Affairs Health Care Programs Enhancement Act of 2001 and title
			 38, United States Code, to require the provision of chiropractic care and
			 services to veterans at all Department of Veterans Affairs medical centers
			 and to expand access to such care and services.</official-title></form>
	<legis-body id="H610BB9B475E246ADB9D78A2AD7517A13" style="OLC">
 <section id="H008C292736804644A8C1CC5170CC298A" section-type="section-one"><enum>1.</enum><header>Short title</header><text display-inline="no-display-inline">This Act may be cited as the <quote><short-title>Chiropractic Care Available to All Veterans Act</short-title></quote>.</text> </section><section id="H409A4A4954D740BFBC4F5CDC777CA0EA"><enum>2.</enum><header>Program for provision of chiropractic care and services to veterans</header><text display-inline="no-display-inline">Section 204(c) of the Department of Veterans Affairs Health Care Programs Enhancement Act of 2001 (<external-xref legal-doc="usc" parsable-cite="usc/38/1710">38 U.S.C. 1710</external-xref> note) is amended—</text>
 <paragraph id="H141A44EBCBB542D3AE0A07693CF7224A"><enum>(1)</enum><text>by inserting <quote>(1)</quote> before <quote>The program</quote>; and</text> </paragraph><paragraph id="HFF19FD66B449472CB607316BBF624CD8"><enum>(2)</enum><text>by adding at the end the following new paragraph:</text>
				<quoted-block display-inline="no-display-inline" id="H6AA31617879B41D688A671DC8D38325A" style="OLC">
 <paragraph id="H3AB0AB0994B44F06B7A6A3FD7D585815"><enum>(2)</enum><text>The program shall be carried out at not fewer than 75 medical centers by not later than December 31, 2017, and at all medical centers by not later than December 31, 2019.</text></paragraph><after-quoted-block>.</after-quoted-block></quoted-block>
			</paragraph></section><section id="H892D297794794AE2AB3AFD32FFEEF4D2"><enum>3.</enum><header>Expanded chiropractor services available to veterans</header>
 <subsection id="H9916F6BC265C4BAC9BF713E613F9DCB5"><enum>(a)</enum><header>Medical Services</header><text>Paragraph (6) of section 1701 of title 38, United States Code, is amended by adding at the end the following new subparagraph:</text>
				<quoted-block display-inline="no-display-inline" id="H3E37B4317A624514B130DCBEB355EBA9" style="OLC">
 <subparagraph id="H417CDFF14AA44A36B60297A786C6C0F5"><enum>(H)</enum><text>Chiropractic services.</text></subparagraph><after-quoted-block>.</after-quoted-block></quoted-block> </subsection><subsection id="HC4FE29F4DA034600ACE02798A616D4C1"><enum>(b)</enum><header>Rehabilitative Services</header><text>Paragraph (8) of such section is amended by inserting <quote>chiropractic,</quote> after <quote>counseling,</quote>.</text>
 </subsection><subsection id="H3C2357A54F1341A7A8DAD87D87715D78"><enum>(c)</enum><header>Preventive Health Services</header><text>Paragraph (9) of such section is amended—</text> <paragraph id="H1D111964ACBA47BB993A39F1FBF74B12"><enum>(1)</enum><text>by redesignating subparagraphs (F) through (K) as subparagraphs (G) through (L), respectively; and</text>
 </paragraph><paragraph id="HF5C81B10B97749E3BD86C967BF7C4633"><enum>(2)</enum><text>by inserting after subparagraph (E) the following new subparagraph (F):</text> <quoted-block display-inline="no-display-inline" id="H6F7061761E254BBB97EDDE2169A7D4CE" style="OLC"> <subparagraph id="H2FC3F7BC9C8245EDBAA5F8C4B0D6F037"><enum>(F)</enum><text>periodic and preventative chiropractic examinations and services;</text></subparagraph><after-quoted-block>.</after-quoted-block></quoted-block>
				</paragraph></subsection></section></legis-body></bill>


