<?xml version="1.0"?>
<?xml-stylesheet type="text/xsl" href="billres.xsl"?>
<!DOCTYPE bill PUBLIC "-//US Congress//DTDs/bill.dtd//EN" "bill.dtd">
<bill bill-stage="Introduced-in-House" bill-type="olc" dms-id="H8063C457BE0346CDB53BDDD16C1FB60B" key="H" public-private="public"><metadata xmlns:dc="http://purl.org/dc/elements/1.1/">
<dublinCore>
<dc:title>115 HR 359 IH: To amend the Internal Revenue Code of 1986 to provide for waivers of user fees imposed with respect to applications for reinstatement of tax-exempt status of small, subsidiary tax-exempt organizations.</dc:title>
<dc:publisher>U.S. House of Representatives</dc:publisher>
<dc:date>2017-01-06</dc:date>
<dc:format>text/xml</dc:format>
<dc:language>EN</dc:language>
<dc:rights>Pursuant to Title 17 Section 105 of the United States Code, this file is not subject to copyright protection and is in the public domain.</dc:rights>
</dublinCore>
</metadata>
<form>
<distribution-code display="yes">I</distribution-code><congress display="yes">115th CONGRESS</congress><session display="yes">1st Session</session><legis-num display="yes">H. R. 359</legis-num><current-chamber>IN THE HOUSE OF REPRESENTATIVES</current-chamber><action display="yes"><action-date date="20170106">January 6, 2017</action-date><action-desc><sponsor name-id="G000568">Mr. Griffith</sponsor> introduced the following bill; which was referred to the <committee-name committee-id="HWM00">Committee on Ways and Means</committee-name></action-desc></action><legis-type>A BILL</legis-type><official-title display="yes">To amend the Internal Revenue Code of 1986 to provide for waivers of user fees imposed with respect
			 to applications for reinstatement of tax-exempt status of small,
			 subsidiary tax-exempt organizations.</official-title></form>
	<legis-body id="H975AB646F4AC4F4080EC8C7AEB215104" style="OLC">
		<section id="HB73D5C63F28F4B72889DEDE5F6FC9260" section-type="section-one"><enum>1.</enum><header>Waiver of user fees on reinstatement applications of reinstated small, subsidiary tax-exempt
			 organizations after automatic revocation</header>
 <subsection id="H9D70DADCBBB84DE9BACD430A9AC1F478"><enum>(a)</enum><header>In general</header><text display-inline="yes-display-inline"><external-xref legal-doc="usc" parsable-cite="usc/26/6033">Section 6033(j)</external-xref> of the Internal Revenue Code of 1986 is amended by adding at the end the following new paragraph:</text>
				<quoted-block display-inline="no-display-inline" id="H43C5A796DDED4102934DB6680C3E438A" style="OLC">
 <paragraph id="HD436D64A64CA4CA68443815F24FBDFAD"><enum>(4)</enum><header>Waiver of user fee on reinstatement applications for certain tax-exempt subsidiaries</header><text display-inline="yes-display-inline">If, upon application for reinstatement of status as an organization exempt from tax under section 501(a), an organization described in paragraph (1) can show that—</text>
 <subparagraph id="HD4E97E4574784C178E9A2F3776A9F758"><enum>(A)</enum><text display-inline="yes-display-inline">the organization has, after the failure described in paragraph (1), filed any return or notice with respect to which such failure to file triggered the automatic revocation referred to in paragraph (1), and</text>
 </subparagraph><subparagraph id="H856364C7BBE844A8AEBD6048901192D5"><enum>(B)</enum><text>the organization—</text> <clause id="HC6F53AD080454CA185A4D6AB3E2C60AC"><enum>(i)</enum><text>is a subsidiary of an entity that is exempt from tax under section 501(a), and</text>
 </clause><clause id="HF5D5DACFEB1B46B89397A906F10855AF"><enum>(ii)</enum><text>that subsidiary, for each of the 3 consecutive years referred to in paragraph (1) relating to such failure, has fewer than 50 members (as reported to such entity),</text>
							</clause></subparagraph><continuation-text continuation-text-level="paragraph">the organization’s exempt status shall be reinstated effective from the date of the revocation
			 under such paragraph and the Secretary shall waive any user fee imposed
			 with respect to such application.</continuation-text></paragraph><after-quoted-block>.</after-quoted-block></quoted-block>
 </subsection><subsection id="H163B2076B53E4157B1E99B31E61F0C3F"><enum>(b)</enum><header>Effective date</header><text display-inline="yes-display-inline">The amendment made by subsection (a) shall apply with respect to applications for reinstatement filed after the date of the enactment of this Act.</text>
			</subsection></section></legis-body></bill>


