<?xml version="1.0"?>
<?xml-stylesheet type="text/xsl" href="billres.xsl"?>
<!DOCTYPE bill PUBLIC "-//US Congress//DTDs/bill.dtd//EN" "bill.dtd">
<bill bill-stage="Introduced-in-House" bill-type="olc" dms-id="H4851543E921F4276B73B98BF00AF1138" key="H" public-private="public"><metadata xmlns:dc="http://purl.org/dc/elements/1.1/">
<dublinCore>
<dc:title>115 HR 224 IH: Polar Bear Conservation and Fairness Act</dc:title>
<dc:publisher>U.S. House of Representatives</dc:publisher>
<dc:date>2017-01-03</dc:date>
<dc:format>text/xml</dc:format>
<dc:language>EN</dc:language>
<dc:rights>Pursuant to Title 17 Section 105 of the United States Code, this file is not subject to copyright protection and is in the public domain.</dc:rights>
</dublinCore>
</metadata>
<form>
<distribution-code display="yes">I</distribution-code><congress display="yes">115th CONGRESS</congress><session display="yes">1st Session</session><legis-num display="yes">H. R. 224</legis-num><current-chamber>IN THE HOUSE OF REPRESENTATIVES</current-chamber><action display="yes"><action-date date="20170103">January 3, 2017</action-date><action-desc><sponsor name-id="Y000033">Mr. Young of Alaska</sponsor> introduced the following bill; which was referred to the <committee-name committee-id="HII00">Committee on Natural Resources</committee-name></action-desc></action><legis-type>A BILL</legis-type><official-title display="yes">To amend the Marine Mammal Protection Act of 1972 to allow importation of polar bear trophies taken
			 in sport hunts in Canada before the date the polar bear was determined to
			 be a threatened species under the Endangered Species Act of 1973, and for
			 other purposes.</official-title></form>
	<legis-body id="H25FEE022836642E180791AC7690C42FA" style="OLC">
 <section id="HD49AFDDAB2164CEF93278AB8F24C306D" section-type="section-one"><enum>1.</enum><header>Short title</header><text display-inline="no-display-inline">This Act may be cited as the <quote><short-title>Polar Bear Conservation and Fairness Act</short-title></quote>.</text> </section><section id="H4A702BFD1EBF4FFEA06720CF040D147E" section-type="subsequent-section"><enum>2.</enum><header> Permits for importation of polar bear trophies taken in sport hunts in Canada</header><text display-inline="no-display-inline">Section 104(c)(5)(D) of the Marine Mammal Protection Act of 1972 (<external-xref legal-doc="usc" parsable-cite="usc/16/1374">16 U.S.C. 1374(c)(5)(D)</external-xref>) is amended to read as follows:</text>
			<quoted-block display-inline="no-display-inline" id="H987311A7FBF84AA98D5661E3839099AA" style="OLC">
				<subparagraph id="H99D9233709E645E68C05769DCCE3F024" indent="up1"><enum>(D)</enum>
 <clause commented="no" display-inline="yes-display-inline" id="H2B2B236C057B445E80F245317C5CFDB5"><enum>(i)</enum><text display-inline="yes-display-inline">The Secretary of the Interior shall, expeditiously after the expiration of the applicable 30-day period under subsection (d)(2), issue a permit for the importation of any polar bear part (other than an internal organ) from a polar bear taken in a sport hunt in Canada to any person—</text>
 <subclause id="HD557936C206D430DAD4BA0C73CE4B7EC" indent="up1"><enum>(I)</enum><text display-inline="yes-display-inline">who submits, with the permit application, proof that the polar bear was legally harvested by the person before February 18, 1997; or</text>
 </subclause><subclause id="HC55A70C27C91471184B85DCA4323C731" indent="up1"><enum>(II)</enum><text display-inline="yes-display-inline">who has submitted, in support of a permit application submitted before May 15, 2008, proof that the polar bear was legally harvested by the person before May 15, 2008, from a polar bear population from which a sport-hunted trophy could be imported before that date in accordance with section 18.30(i) of title 50, Code of Federal Regulations.</text>
 </subclause></clause><clause id="HFD24336E03F84587AE6A46F61984F3F9" indent="up1"><enum>(ii)</enum><text display-inline="yes-display-inline">The Secretary shall issue permits under clause (i)(I) without regard to subparagraphs (A) and (C)(ii) of this paragraph, subsection (d)(3), and sections 101 and 102. Sections 101(a)(3)(B) and 102(b)(3) shall not apply to the importation of any polar bear part authorized by a permit issued under clause (i)(I). This clause shall not apply to polar bear parts that were imported before June 12, 1997.</text>
 </clause><clause id="H8CF48F1138284B3781D1CDFE40F59459" indent="up1"><enum>(iii)</enum><text display-inline="yes-display-inline">The Secretary shall issue permits under clause (i)(II) without regard to subparagraph (C)(ii) of this paragraph or subsection (d)(3). Sections 101(a)(3)(B) and 102(b)(3) shall not apply to the importation of any polar bear part authorized by a permit issued under clause (i)(II). This clause shall not apply to polar bear parts that were imported before the date of enactment of the <short-title>Polar Bear Conservation and Fairness Act</short-title>.</text></clause></subparagraph><after-quoted-block>.</after-quoted-block></quoted-block>
		</section></legis-body></bill>


