<?xml version="1.0"?>
<?xml-stylesheet type="text/xsl" href="billres.xsl"?>
<!DOCTYPE bill PUBLIC "-//US Congress//DTDs/bill.dtd//EN" "bill.dtd">
<bill bill-stage="Introduced-in-House" dms-id="H249EA3DA19434B65910465252A5AE0FB" public-private="public" key="H" bill-type="olc"><form><distribution-code display="yes">I</distribution-code><congress display="yes">115th CONGRESS</congress><session display="yes">1st Session</session><legis-num display="yes">H. R. 490</legis-num><current-chamber>IN THE HOUSE OF REPRESENTATIVES</current-chamber><action display="yes"><action-date date="20170112">January 12, 2017</action-date><action-desc><sponsor name-id="K000362">Mr. King of Iowa</sponsor> (for himself and <cosponsor name-id="F000448">Mr. Franks of Arizona</cosponsor>) introduced the following bill; which was referred to the <committee-name committee-id="HJU00">Committee on the Judiciary</committee-name></action-desc></action><legis-type>A BILL</legis-type><official-title display="yes">To amend title 18, United States Code, to prohibit abortion in cases where a fetal heartbeat is detectable.</official-title></form><legis-body id="H7B86B3D06653430DB5BB0D9A77881074" style="OLC"> 
<section id="H1C10138FB5E84CD3AA50C489266597B0" section-type="section-one"><enum>1.</enum><header>Short title</header><text display-inline="no-display-inline">This Act may be cited as the <quote><short-title>Heartbeat Protection Act of 2017</short-title></quote>.</text></section> <section id="H4B79B5C182954718AE921F1E30D78AD6"><enum>2.</enum><header>Abortions prohibited without a check for fetal heartbeat, or if a fetal heartbeat is detectable</header> <subsection id="HAAA16290DF3F4B2697C7C76CFE4EE9D8"><enum>(a)</enum><header>Abortions prohibited without a check for fetal heartbeat, or if a fetal heartbeat is detectable</header><text display-inline="yes-display-inline"><external-xref legal-doc="usc-chapter" parsable-cite="usc-chapter/18/74">Chapter 74</external-xref> of title 18, United States Code, is amended—</text> 
<paragraph id="H3F7A6CD6B393447E99858F87BC517261"><enum>(1)</enum><text>in the chapter heading, by striking <quote><header-in-text level="chapter" style="USC">Partial-Birth</header-in-text></quote> </text></paragraph> <paragraph id="HB6A5A494BE6E4D98A5C487709468E8D0"><enum>(2)</enum><text>by inserting after section 1531 the following:</text> 
<quoted-block style="USC" id="H18B53B32B6B44679808A7B3C949FFD75" display-inline="no-display-inline"> 
<section id="H91E4966086FC4197BD8CFD7ADDE58FEA"><enum>1532.</enum><header>Abortions prohibited without a check for fetal heartbeat, or if a fetal heartbeat is detectable</header> 
<subsection id="H9EA487A68CF24C82AE5758EE21AE8BF1"><enum>(a)</enum><header>Offense</header><text>Any physician who knowingly performs an abortion and thereby kills a human fetus—</text> <paragraph id="H8425457153B74B61873BEA196C176214"><enum>(1)</enum><text display-inline="yes-display-inline">without determining, according to standard medical practice, whether the fetus has a detectable heartbeat;</text></paragraph> 
<paragraph id="H7CB05711C11C44F4A3C5BF61B315F303"><enum>(2)</enum><text>without informing the mother of the results of that determination; or</text></paragraph> <paragraph id="HB7526BCA5FBE434CB1671F6A3B8B7010"><enum>(3)</enum><text display-inline="yes-display-inline">after determining, according to standard medical practice, that the fetus has a detectable heartbeat, </text></paragraph><continuation-text continuation-text-level="subsection">shall be fined under this title or imprisoned not more than 5 years, or both. This subsection does not apply to an abortion that is necessary to save the life of a mother whose life is endangered by a physical disorder, physical illness, or physical injury, including a life-endangering physical condition caused by or arising from the pregnancy itself, but not including psychological or emotional conditions.</continuation-text></subsection> 
<subsection id="H740C787287584A3D85E283F798AF2BAC"><enum>(b)</enum><header>Defendant may seek hearing</header><text display-inline="yes-display-inline">A defendant indicted for an offense under this section may seek a hearing before the State Medical Board on whether the physician's conduct was necessary to save the life of the mother whose life was endangered by a physical disorder, physical illness, or physical injury, including a life-endangering physical condition caused by or arising from the pregnancy itself, but not including psychological or emotional conditions. The findings on that issue are admissible on that issue at the trial of the defendant. Upon a motion of the defendant, the court shall delay the beginning of the trial for not more than 30 days to permit such a hearing to take place.</text></subsection> <subsection id="H087D125E81604D38AD926EAA30F3B01A"><enum>(c)</enum><header>No liability for the mother on whom abortion is performed</header><text display-inline="yes-display-inline">A mother upon whom an abortion is performed may not be prosecuted under this section, for a conspiracy to violate this section, or for an offense under section 2, 3, or 4 of this title based on a violation of this section.</text></subsection> 
<subsection id="HFED3B0562230437ABB5A3FE6D30A5427"><enum>(d)</enum><header>Requirement for data retention</header><text display-inline="yes-display-inline">The physician shall include in the medical file of the mother documentation of the determination, according to standard medical practice, of whether the fetus has a detectable heartbeat, the results of that determination, notification of the mother of those results, and any information entered into evidence in any proceedings under subsection (b). Paragraph (j)(2) of section 164.530 of title 45, Code of Federal Regulations, shall apply to such documentation. </text></subsection> <subsection id="H126D63B2DEE242D7B8D284EB2A57F748"><enum>(e)</enum><header>Severability</header><text display-inline="yes-display-inline">If any provision of this section or the application of such provision to any person or circumstance is held to be invalid, the remainder of this section and the application of the provisions of the remainder to any person or circumstance shall not be affected thereby.</text> </subsection> </section><after-quoted-block>; and</after-quoted-block></quoted-block></paragraph> 
<paragraph id="HEBAE78A414174ECAB7B2A759A9763AF0"><enum>(3)</enum><text>in the table of sections, by inserting after the item pertaining to section 1841 the following:</text> <quoted-block style="USC" id="HAFF9BDA71C8844428ABE222D81B3DDFA" display-inline="no-display-inline"> <toc regeneration="no-regeneration"> <toc-entry level="section">1532. Abortions prohibited without a check for fetal heartbeat, or if a fetal heartbeat is detectable.</toc-entry></toc><after-quoted-block>.</after-quoted-block></quoted-block></paragraph></subsection> <subsection id="H8022813A2758471D847FF61D9166C3B4"><enum>(b)</enum><header>Clerical amendment</header><text display-inline="yes-display-inline">The table of chapters for part I of title 18, United States Code, is amended, in the item relating to chapter 74, to read as follows:</text> 
<quoted-block style="USC" id="HB123D541C16D4DC38CD1344F27977261" display-inline="no-display-inline"> 
<toc regeneration="no-regeneration"> 
<multi-column-toc-entry level="section"><toc-enum>74.</toc-enum><level-header level="section">Abortions</level-header><target>1531</target></multi-column-toc-entry></toc><after-quoted-block>.</after-quoted-block></quoted-block></subsection></section> 
</legis-body></bill>

