<?xml version="1.0"?>
<?xml-stylesheet type="text/xsl" href="billres.xsl"?>
<!DOCTYPE bill PUBLIC "-//US Congress//DTDs/bill.dtd//EN" "bill.dtd">
<bill bill-stage="Introduced-in-House" bill-type="olc" dms-id="HE9CB6F4A061F4620A6A1E86380C3438D" key="H" public-private="public"><metadata xmlns:dc="http://purl.org/dc/elements/1.1/">
<dublinCore>
<dc:title>115 HR 675 IH: Empowering Parents to Invest in Choice Act of 2017</dc:title>
<dc:publisher>U.S. House of Representatives</dc:publisher>
<dc:date>2017-01-24</dc:date>
<dc:format>text/xml</dc:format>
<dc:language>EN</dc:language>
<dc:rights>Pursuant to Title 17 Section 105 of the United States Code, this file is not subject to copyright protection and is in the public domain.</dc:rights>
</dublinCore>
</metadata>
<form>
<distribution-code display="yes">I</distribution-code><congress display="yes">115th CONGRESS</congress><session display="yes">1st Session</session><legis-num display="yes">H. R. 675</legis-num><current-chamber>IN THE HOUSE OF REPRESENTATIVES</current-chamber><action display="yes"><action-date date="20170124">January 24, 2017</action-date><action-desc><sponsor name-id="M001156">Mr. McHenry</sponsor> introduced the following bill; which was referred to the <committee-name committee-id="HWM00">Committee on Ways and Means</committee-name></action-desc></action><legis-type>A BILL</legis-type><official-title display="yes">To amend the Internal Revenue Code of 1986 to expand the coverage of qualified tuition programs and
			 increase the limitation on contributions to Coverdell education savings
			 accounts.</official-title></form>
	<legis-body id="HD40071A471D84E55BFA2100CFDBCBEA7" style="OLC">
 <section id="HB03B32B52EEC41FD817027F2A1280D81" section-type="section-one"><enum>1.</enum><header>Short title</header><text display-inline="no-display-inline">This Act may be cited as the <quote><short-title>Empowering Parents to Invest in Choice Act of 2017</short-title></quote>.</text> </section><section id="H2552D879171F49E9BFA8C6D51DF241DC"><enum>2.</enum><header>Qualified tuition programs extended to cover elementary and secondary education expenses</header> <subsection id="H91D4F8E8BB124F499E18316647C8F9AF"><enum>(a)</enum><header>In general</header><text display-inline="yes-display-inline"><external-xref legal-doc="usc" parsable-cite="usc/26/529">Section 529(e)(3)</external-xref> of the Internal Revenue Code of 1986 is amended to read as follows:</text>
				<quoted-block display-inline="no-display-inline" id="H36C5469FB20F45E29B113C87964CE5DD" style="OLC">
					<paragraph id="H5D4C81E4082C4833B48FC1138572B01E"><enum>(3)</enum><header>Qualified education expenses</header>
 <subparagraph id="HC8A48248B9BC411D9C52B31862764244"><enum>(A)</enum><header>In general</header><text display-inline="yes-display-inline">The term <quote>qualified education expenses</quote> means—</text> <clause id="H42AA04EB2A43422A9F9B15DEC1BC465B"><enum>(i)</enum><text>qualified elementary and secondary education expenses (as defined in subparagraph (B)), and</text>
 </clause><clause id="H64AF3C858F6B430B8FCE4FAB58DE2C6A"><enum>(ii)</enum><text>qualified higher education expenses (as defined in subparagraph (C)).</text> </clause></subparagraph><subparagraph id="HE8951D2AD04A4D51AFAEA39602E98F5E"><enum>(B)</enum><header>Qualified elementary and secondary education expenses</header> <clause id="HB35A2F8F9F4D4D1B821DD9F94545EAD4"><enum>(i)</enum><header>In general</header><text display-inline="yes-display-inline">The term <quote>qualified elementary and secondary education expenses</quote> means—</text>
 <subclause id="H2CEB6CC4DD264081864DCDA34CA7722A"><enum>(I)</enum><text display-inline="yes-display-inline">expenses for tuition, fees, academic tutoring, special needs services in the case of a special needs beneficiary, books, supplies, and other equipment which are incurred in connection with the enrollment or attendance of the designated beneficiary of the trust as an elementary or secondary school student at a public, private, or religious school,</text>
 </subclause><subclause id="H459589730465476B9BBB0ECD73B91690"><enum>(II)</enum><text display-inline="yes-display-inline">expenses for room and board, uniforms, transportation, and supplementary items and services (including extended day programs) which are required or provided by a public, private, or religious school in connection with such enrollment or attendance, and</text>
 </subclause><subclause id="H4AC016111ECE4ADCBB1995D731855222"><enum>(III)</enum><text display-inline="yes-display-inline">expenses for the purchase of any computer technology or equipment (as defined in section 170(e)(6)(F)(i)) or Internet access and related services, if such technology, equipment, or services are to be used by the beneficiary and the beneficiary's family during any of the years the beneficiary is in school.</text>
								</subclause><continuation-text continuation-text-level="clause">Subclause (III) shall not include expenses for computer software designed for sports, games, or
 hobbies unless the software is predominantly educational in nature.</continuation-text></clause><clause id="HA3E513458F784CCF96F2EEF48A73B236"><enum>(ii)</enum><header>School</header><text display-inline="yes-display-inline">The term <quote>school</quote> means any school which provides elementary education or secondary education (kindergarten through grade 12), as determined under State law.</text>
							</clause></subparagraph><subparagraph id="H2134DC4DF8A14A0C82ED37BC8385D30E"><enum>(C)</enum><header>Qualified higher education expenses</header>
 <clause id="H94295FF3A4A54F519A91FC99B6FA8154"><enum>(i)</enum><header>In general</header><text display-inline="yes-display-inline">The term <quote>qualified higher education expenses</quote> means—</text> <subclause id="H1DFF4307BF2040C9BFD67116667F25F5"><enum>(I)</enum><text display-inline="yes-display-inline">tuition, fees, books, supplies, and equipment required for the enrollment or attendance of a designated beneficiary at an eligible educational institution, and</text>
 </subclause><subclause id="H82E4199C75764A63B5518D404D1FE175"><enum>(II)</enum><text display-inline="yes-display-inline">expenses for special needs services in the case of a special needs beneficiary which are incurred in connection with such enrollment or attendance.</text>
 </subclause></clause><clause id="H5DC6E7735999438E9ECB6A7BE325FF2E"><enum>(ii)</enum><header>Room and board included for students who are at least half-time</header><text display-inline="yes-display-inline">In the case of an individual who is an eligible student (as defined in section 25A(b)(3)) for any academic period, such term shall also include reasonable costs for such period (as determined under the qualified tuition program) incurred by the designated beneficiary for room and board while attending such institution. For purposes of subsection (b)(6), a designated beneficiary shall be treated as meeting the requirements of this clause.</text>
 </clause><clause id="H1D5B1FB36CD441F582D1614A8E478D38"><enum>(iii)</enum><header>Limitation on room and board included for students who are at least half-time</header><text display-inline="yes-display-inline">The amount treated as qualified higher education expenses by reason of clause (ii) shall not exceed—</text>
 <subclause id="H5E783812F8364770850593DC45F41285"><enum>(I)</enum><text display-inline="yes-display-inline">the allowance (applicable to the student) for room and board included in the cost of attendance (as defined in section 472 of the Higher Education Act of 1965 (<external-xref legal-doc="usc" parsable-cite="usc/20/1087ll">20 U.S.C. 1087ll</external-xref>), as in effect on the date of the enactment of the Economic Growth and Tax Relief Reconciliation Act of 2001) as determined by the eligible educational institution for such period, or</text>
 </subclause><subclause id="H1C98CB67CE2A4AC7AB9FE575B070EEEE"><enum>(II)</enum><text display-inline="yes-display-inline">if greater, the actual invoice amount the student residing in housing owned or operated by the eligible educational institution is charged by such institution for room and board costs for such period.</text></subclause></clause></subparagraph></paragraph><after-quoted-block>.</after-quoted-block></quoted-block>
			</subsection><subsection id="HB1491B01EFE24508AB652B0DA17E5DED"><enum>(b)</enum><header>Conforming amendments</header>
 <paragraph id="H6ED81A2505C64218A2B18AD026EB55D4"><enum>(1)</enum><text>Section 72(t)(7)(A) of such Code is amended by striking <quote>529(e)(3)</quote> and inserting <quote>529(e)(3)(C)</quote>.</text> </paragraph><paragraph id="H55CAEBD9AF5E46199BE9690D9C49FAD1"><enum>(2)</enum><text display-inline="yes-display-inline">Section 529(c)(3)(B) of such Code is amended by striking <quote><header-in-text level="subparagraph" style="OLC">qualified higher education expenses</header-in-text></quote> in the heading thereof and inserting <quote><header-in-text level="subparagraph" style="OLC">qualified education expenses</header-in-text></quote>.</text>
 </paragraph><paragraph id="H295BF06EF08D42D08E3C3607D5AED089"><enum>(3)</enum><text display-inline="yes-display-inline">Section 529(c)(3)(B)(i) of such Code is amended by striking <quote>qualified higher education expense</quote> and inserting <quote>qualified education expense</quote>.</text> </paragraph><paragraph id="HBFC98CE53CEA4977AC0604218AC5BF67"><enum>(4)</enum><text display-inline="yes-display-inline">Section 529 of such Code is amended by striking <quote>qualified higher education expenses</quote> each place it appears and inserting <quote>qualified education expenses</quote> in each of the following:</text>
 <subparagraph id="H0706D2B353BA4EF8A88C909DC3629850"><enum>(A)</enum><text>Subsection (b)(1)(A)(i).</text> </subparagraph><subparagraph id="H7D0B9AC3EDBD4D10B9F0F5E809EB1EF4"><enum>(B)</enum><text>Subsection (b)(1)(A)(ii).</text>
 </subparagraph><subparagraph id="H7F70A6F6E51E4FB28BF0E7D2A9E87192"><enum>(C)</enum><text>Subsection (b)(6).</text> </subparagraph><subparagraph id="H697E5DABBD414C0984A1A3CA0C8C58D2"><enum>(D)</enum><text display-inline="yes-display-inline">Subsection (c)(3)(B)(ii)(I).</text>
 </subparagraph><subparagraph id="HF3E1AC37C79441ECB49B9F7C99D64500"><enum>(E)</enum><text>Subsection (c)(3)(B)(v).</text> </subparagraph><subparagraph id="H0B04A5BCB0804EAA86C875D8A2333FDD"><enum>(F)</enum><text display-inline="yes-display-inline">Subsection (c)(3)(B)(vi)(II).</text>
 </subparagraph><subparagraph id="H32A55915C94B497DAE409DD340A77C76"><enum>(G)</enum><text display-inline="yes-display-inline">Subsection (c)(6).</text> </subparagraph></paragraph><paragraph id="H69B534A747B943C3A96F545728573CBE"><enum>(5)</enum><text>Section 530(b) of such Code is amended by striking paragraphs (2) and (3) and redesignating paragraph (4) as paragraph (2).</text>
 </paragraph><paragraph id="H39DA070FBA34438F958C20D620367B4F"><enum>(6)</enum><text display-inline="yes-display-inline">Section 1400O(1) of such Code is amended by striking <quote>529(e)(3)</quote> and inserting <quote>529(e)(3)(C)</quote>.</text> </paragraph></subsection><subsection id="HCA354544AB744D55A97E9D2CE64A4DA5"><enum>(c)</enum><header>Effective Date</header><text>The amendments made by this section shall apply to taxable years beginning after December 31, 2016.</text>
			</subsection></section><section id="H7A734B0BD84448788019AF79194A600E"><enum>3.</enum><header>Increased limitation on contributions to Coverdell education savings accounts</header>
 <subsection id="H48CBC8712BD641219A44FC06DC2D3F79"><enum>(a)</enum><header>In general</header><text display-inline="yes-display-inline"><external-xref legal-doc="usc" parsable-cite="usc/26/530">Section 530(b)(1)(A)(iii)</external-xref> of the Internal Revenue Code of 1986 is amended by striking <quote>$2,000</quote> and inserting <quote>$12,000</quote>.</text> </subsection><subsection id="H356171FA06A14CA2936F91C6E47C6456"><enum>(b)</enum><header>Inflation Adjustment</header><text>Section 530 of such Code is amended by adding at the end the following new subsection:</text>
				<quoted-block display-inline="no-display-inline" id="H57CBB87B71F145C29E5AFB4C62A974CF" style="OLC">
					<subsection id="HA7867C75F1EC437EBD7AB9F8F45692A0"><enum>(i)</enum><header>Inflation Adjustment</header>
 <paragraph id="HCC411D2ECE234A3DAEE056663E9DEA9B"><enum>(1)</enum><header>In general</header><text>In the case of any taxable year beginning after 2014, the $12,000 amount contained in subsection (b)(1)(A)(iii) shall be increased by an amount equal to—</text>
 <subparagraph id="H7AFCEB1861C44373B24DA6542BC6EFC7"><enum>(A)</enum><text display-inline="yes-display-inline">such dollar amount, multiplied by</text> </subparagraph><subparagraph id="H61D84F8C5FE0408492AF686578B9CCB4"><enum>(B)</enum><text>the cost-of-living adjustment determined under section 1(f)(3) for the calendar year in which the taxable year begins, determined by substituting <quote>calendar year 2014</quote> for <quote>calender year 1992</quote> in subparagraph (B) thereof.</text>
 </subparagraph></paragraph><paragraph id="HF97D1757F5934CD2BBF232590D7D1F5D"><enum>(2)</enum><header>Rounding rule</header><text>Any increase determined under the preceding sentence shall be rounded to the nearest multiple of $100.</text></paragraph></subsection><after-quoted-block>.</after-quoted-block></quoted-block>
 </subsection><subsection id="H2BDC3529CAE34AA9A1E8E3A2ED965403"><enum>(c)</enum><header>Effective Date</header><text>The amendments made by this section shall apply to taxable years beginning after December 31, 2016.</text> </subsection></section></legis-body></bill> 

