<?xml version="1.0"?>
<?xml-stylesheet type="text/xsl" href="billres.xsl"?>
<!DOCTYPE bill PUBLIC "-//US Congress//DTDs/bill.dtd//EN" "bill.dtd">
<bill bill-stage="Engrossed-in-House" bill-type="olc" dms-id="H57B19C17F9B0410E943A8C57A0A92D03" key="H" public-private="public" stage-count="1"> 
<metadata xmlns:dc="http://purl.org/dc/elements/1.1/">
<dublinCore>
<dc:title>115 HR 46 EH: Fort Ontario Study Act</dc:title>
<dc:publisher>U.S. House of Representatives</dc:publisher>
<dc:date></dc:date>
<dc:format>text/xml</dc:format>
<dc:language>EN</dc:language>
<dc:rights>Pursuant to Title 17 Section 105 of the United States Code, this file is not subject to copyright protection and is in the public domain.</dc:rights>
</dublinCore>
</metadata>
<form>
<distribution-code display="no">I</distribution-code>
<congress display="yes">115th CONGRESS</congress><session display="yes">1st Session</session>
<legis-num display="yes">H. R. 46</legis-num>
<current-chamber display="no">IN THE HOUSE OF REPRESENTATIVES</current-chamber>
<legis-type>AN ACT</legis-type>
<official-title display="yes">To authorize the Secretary of the Interior to conduct a special resource study of Fort Ontario in the State of New York.</official-title>
</form> 
<legis-body id="HA66C6B057D414BA188079F3D5A8A7A9F" style="OLC"> 
<section id="H66695ED91A94412FA8A59EBB7255BD1B" section-type="section-one"><enum>1.</enum><header>Short title</header><text display-inline="no-display-inline">This Act may be cited as the <quote><short-title>Fort Ontario Study Act</short-title></quote>.</text> </section> <section id="H4E35F7B4260A4E0FB921492195236B2F"><enum>2.</enum><header>Findings</header><text display-inline="no-display-inline">Congress makes the following findings:</text> 
<paragraph id="H524055525CD84E9584C4358826580806"><enum>(1)</enum><text display-inline="yes-display-inline">From 1755 until 1814, Fort Ontario and three previous fortifications built on the site of the Fort in Oswego, New York, on the shore of Lake Ontario were used as military installations during the French and Indian War, the Revolutionary War, and the War of 1812.</text> </paragraph> <paragraph id="H22084D32E2B948FFACEE54A7650CDD40"><enum>(2)</enum><text>The original fort, erected by the British in 1755, was destroyed by French forces in 1756. The fort was rebuilt and subsequently destroyed during both the American Revolution and the War of 1812. The star-shaped fort was constructed on the site of the original fortifications in the 1840s, with improvements made from 1863 through 1872.</text> </paragraph>
<paragraph id="H067F6446C0CA432A87560A2C77FDDD51"><enum>(3)</enum><text display-inline="yes-display-inline">The United States Armed Forces began expanding Fort Ontario in the early 20th century and by 1941, approximately 125 buildings stood at the fort.</text> </paragraph> <paragraph id="H1CCF34C5672E49CFB92BF003D5A5444D"><enum>(4)</enum><text display-inline="yes-display-inline">On June 9, 1944, President Franklin D. Roosevelt announced that Fort Ontario would serve as the Nation’s only Emergency Refugee Camp during World War II. From August of 1944 until February 1946, nearly 1,000 refugees were sheltered at Fort Ontario.</text> </paragraph>
<paragraph id="HC3A25B5D39A741AC91054221232A92DF"><enum>(5)</enum><text>Fort Ontario was conveyed from the Federal Government to the State of New York in 1946; it was used to house World War II veterans and their families and then converted to a State historic site in 1953.</text> </paragraph> <paragraph id="H9A38691FDCD44D65B7B935B26EDFE448"><enum>(6)</enum><text>A post cemetery containing the graves of 77 officers, soldiers, women, and children who served at Fort Ontario in war and peace is situated on the grounds of the fort.</text> </paragraph>
<paragraph id="H00CD0A36F58842C0BF2EFA6B6D6FB70E"><enum>(7)</enum><text>In 1970, Fort Ontario was placed on the National Register of Historic Places.</text> </paragraph></section> <section id="H9B40BB501D9A475D958D7D386DB07A38"><enum>3.</enum><header>Fort Ontario special resource study</header> <subsection id="HAF5A3EB602214CE89EC8F75D0A9059CB"><enum>(a)</enum><header>Study</header><text>The Secretary of the Interior (referred to in this section as the <quote>Secretary</quote>) shall conduct a special resource study of Fort Ontario in Oswego, New York.</text> </subsection>
<subsection id="H26FED21280964325AC5EC3E5A95C6827"><enum>(b)</enum><header>Contents</header><text>In conducting the study under subsection (a), the Secretary shall—</text> <paragraph id="H30F5337107B74EE9BFCB685BDDC2F117"><enum>(1)</enum><text>evaluate the national significance of the site;</text> </paragraph>
<paragraph id="HE280EF85B7D4425E998A1F691875A4CE"><enum>(2)</enum><text>determine the suitability and feasibility of designating the site as a unit of the National Park System;</text> </paragraph> <paragraph id="H9714DDF2C78642F9B8F898356D13A8CA"><enum>(3)</enum><text>consider other alternatives for preservation, protection, and interpretation of the lands by Federal, State, or local governmental entities, or private and nonprofit organizations;</text> </paragraph>
<paragraph id="H55A9D12024ED4C039854626A6D93B055"><enum>(4)</enum><text>consult with interested Federal, State, or local governmental entities, private and nonprofit organizations or any other interested individuals;</text> </paragraph> <paragraph id="H2DCC9CF7343A4D26893A610A2428C315"><enum>(5)</enum><text display-inline="yes-display-inline">determine the effect of the designation of the site as a unit of the National Park System on existing commercial and recreational uses and the effect on State and local governments to manage those activities;</text> </paragraph>
<paragraph id="HEB3C987D072446AF8BCFCB6D4EBBF6FC"><enum>(6)</enum><text display-inline="yes-display-inline">identify any authorities, including condemnation, that may compel or allow the Secretary to influence or participate in local land use decisions (such as zoning) or place restrictions on non-Federal land if the site is designated a unit of the National Park System; and</text> </paragraph> <paragraph id="H016D9DEF24364A12B820949FDF0E0028"><enum>(7)</enum><text>identify cost estimates for any Federal acquisition, development, interpretation, operation, and maintenance associated with the alternatives.</text> </paragraph></subsection>
<subsection id="HFE141D61B00C436BA9E9285459AE6403"><enum>(c)</enum><header>Applicable law</header><text>The study authorized under subsection (a) shall be conducted in accordance with section 100507 of title 54, United States Code.</text> </subsection> <subsection id="HC6D56B6428804B24B81745635B4FE808"><enum>(d)</enum><header>Report</header><text>Not later than 3 years after the date on which funds are first made available for the study under subsection (a), the Secretary shall submit to the Committee on Natural Resources of the House of Representatives and the Committee on Energy and Natural Resources of the Senate a report that describes—</text> 
<paragraph id="HBA6F94F267244A549F28FF48C3012625"><enum>(1)</enum><text>the findings of the study; and</text> </paragraph> <paragraph id="HDDA721CEE5EE4EF7872E7D0DF765A55E"><enum>(2)</enum><text>any conclusions and recommendations of the Secretary.</text> </paragraph></subsection></section>
</legis-body><attestation><attestation-group><attestation-date date="20170130" chamber="House">Passed the House of Representatives January 30, 2017.</attestation-date><attestor display="no">Karen L. Haas,</attestor><role>Clerk.</role></attestation-group></attestation>
<endorsement display="yes"></endorsement>
</bill> 


