<?xml version="1.0"?>
<?xml-stylesheet type="text/xsl" href="billres.xsl"?>
<!DOCTYPE bill PUBLIC "-//US Congress//DTDs/bill.dtd//EN" "bill.dtd">
<bill bill-stage="Introduced-in-House" bill-type="olc" dms-id="H2C33D7BB0417466B974CE2B6D8754CA4" key="H" public-private="public"><metadata xmlns:dc="http://purl.org/dc/elements/1.1/">
<dublinCore>
<dc:title>115 HR 323 IH: To amend the Black Lung Benefits Act to provide equity for certain eligible survivors, and for other purposes.</dc:title>
<dc:publisher>U.S. House of Representatives</dc:publisher>
<dc:date>2017-01-05</dc:date>
<dc:format>text/xml</dc:format>
<dc:language>EN</dc:language>
<dc:rights>Pursuant to Title 17 Section 105 of the United States Code, this file is not subject to copyright protection and is in the public domain.</dc:rights>
</dublinCore>
</metadata>
<form>
<distribution-code display="yes">I</distribution-code><congress display="yes">115th CONGRESS</congress><session display="yes">1st Session</session><legis-num display="yes">H. R. 323</legis-num><current-chamber>IN THE HOUSE OF REPRESENTATIVES</current-chamber><action display="yes"><action-date date="20170105">January 5, 2017</action-date><action-desc><sponsor name-id="G000568">Mr. Griffith</sponsor> (for himself, <cosponsor name-id="J000292">Mr. Johnson of Ohio</cosponsor>, <cosponsor name-id="R000582">Mr. Roe of Tennessee</cosponsor>, <cosponsor name-id="J000297">Mr. Jenkins of West Virginia</cosponsor>, and <cosponsor name-id="M001180">Mr. McKinley</cosponsor>) introduced the following bill; which was referred to the <committee-name committee-id="HED00">Committee on Education and the Workforce</committee-name></action-desc></action><legis-type>A BILL</legis-type><official-title display="yes">To amend the Black Lung Benefits Act to provide equity for certain eligible survivors, and for
			 other purposes.</official-title></form>
	<legis-body id="H15B7B76710444FD89AD9F93E1A575A05" style="OLC">
		<section id="HF0722B222B2B4D228F00A668A571ADA7" section-type="section-one"><enum>1.</enum><header>Equity for certain eligible survivors</header>
 <subsection id="H4808B3517E4F4376AED25EDFCD06EB9B"><enum>(a)</enum><header>Limitation</header><text display-inline="yes-display-inline">Section 411(c)(4) of the Black Lung Benefits Act (<external-xref legal-doc="usc" parsable-cite="usc/30/921">30 U.S.C. 921(c)(4)</external-xref>) is amended by striking the last sentence.</text>
 </subsection><subsection id="H5A49F0C1E5224E3DB6680CAE88C649B5"><enum>(b)</enum><header>Continuation of benefits</header><text display-inline="yes-display-inline">Section 422(l) of the Black Lung Benefits Act (<external-xref legal-doc="usc" parsable-cite="usc/30/932">30 U.S.C. 932(l)</external-xref>) is amended by striking <quote>, except with respect to a claim filed under this part on or after the effective date of the Black Lung Benefits Amendments of 1981</quote>.</text>
 </subsection><subsection id="H1A2793DBF00140D2AEC35A65FC22C265"><enum>(c)</enum><header>Applicability</header><text>The amendments made by this section shall apply with respect to claims filed under part B or part C of the Black Lung Benefits Act (<external-xref legal-doc="usc" parsable-cite="usc/30/921">30 U.S.C. 921</external-xref> et seq., 931 et seq.) after January 1, 2005, that were pending on or after March 23, 2010.</text>
 </subsection></section><section id="H5A60472816D847F9898FBE47FE3E2552"><enum>2.</enum><header>Effective date</header><text display-inline="no-display-inline">The amendments made by this Act shall take effect on the date of enactment of any Act that repeals section 1556 of the Patient Protection and Affordable Care Act (<external-xref legal-doc="public-law" parsable-cite="pl/111/148">Public Law 111–148</external-xref>).</text>
		</section></legis-body></bill>


