<?xml version="1.0"?>
<?xml-stylesheet type="text/xsl" href="billres.xsl"?>
<!DOCTYPE bill PUBLIC "-//US Congress//DTDs/bill.dtd//EN" "bill.dtd">
<bill bill-stage="Introduced-in-House" dms-id="HF1F9D9592E7F48D483D4D72E936E43CD" public-private="public" key="H" bill-type="olc"><form><distribution-code display="yes">I</distribution-code><congress display="yes">115th CONGRESS</congress><session display="yes">1st Session</session><legis-num display="yes">H. R. 565</legis-num><current-chamber>IN THE HOUSE OF REPRESENTATIVES</current-chamber><action display="yes"><action-date date="20170113">January 13, 2017</action-date><action-desc><sponsor name-id="R000409">Mr. Rohrabacher</sponsor> (for himself, <cosponsor name-id="P000592">Mr. Poe of Texas</cosponsor>, <cosponsor name-id="K000362">Mr. King of Iowa</cosponsor>, <cosponsor name-id="B001293">Mr. Bishop of Michigan</cosponsor>, <cosponsor name-id="W000806">Mr. Webster of Florida</cosponsor>, and <cosponsor name-id="G000576">Mr. Grothman</cosponsor>) introduced the following bill; which was referred to the <committee-name committee-id="HJU00">Committee on the Judiciary</committee-name>, and in addition to the Committee on <committee-name committee-id="HFA00">Foreign Affairs</committee-name>, for a period to be subsequently determined by the Speaker, in each case for consideration of such provisions as fall within the jurisdiction of the committee concerned</action-desc></action><legis-type>A BILL</legis-type><official-title display="yes">To recognize that Christians and Yazidis in Iraq, Syria, Pakistan, Iran, and Libya are targets of genocide, and to provide for the expedited processing of immigrant and refugee visas for such individuals, and for other purposes.</official-title></form><legis-body id="H9FFC6CC1BF2449C4B837C6478910B326" style="OLC"> 
<section id="H2601DA1625DA418CAD949653BA94A4A8" section-type="section-one"><enum>1.</enum><header>Short title</header><text display-inline="no-display-inline">This Act may be cited as the <quote><short-title>Save Christians from Genocide Act</short-title></quote>.</text></section> <section id="HF677D3AF8C844BECB24A7CFCF67B6F04"><enum>2.</enum><header>Declaration of policy</header><text display-inline="no-display-inline">Congress—</text>
<paragraph id="H90F147EE430C4BF286076895E8B1BB47"><enum>(1)</enum><text display-inline="yes-display-inline">recognizes that Christians and Yazidis in Iraq, Syria, Pakistan, Iran, and Libya are targets of genocide and encourages other nations to likewise recognize the ongoing genocide and the threat of genocide to these people; and</text></paragraph> <paragraph commented="no" id="HB29C3E02F6C04AC5A2412003E1906F2F"><enum>(2)</enum><text display-inline="yes-display-inline">further recognizes that such targets of genocide who are seeking admission to the United States as immigrants or refugees should be given priority and expedited processing.</text></paragraph></section>
<section id="HD618FA02C9034DC2B65364F26D7D15B2"><enum>3.</enum><header>Emergency admission of refugees and immigrants</header>
<subsection id="H62D08740BB594EC6AE4301105DB17C14"><enum>(a)</enum><header>Refugees</header>
<paragraph commented="no" id="H110F0F1172BC41DAACF6C6A9F468F321"><enum>(1)</enum><header>Emergency refugee situation described</header><text display-inline="yes-display-inline">The persecution of Christians and Yazidis in Iraq, Syria, Pakistan, Iran, and Libya constitutes an unforeseen emergency refugee situation, and the admission of such persecuted individuals in response to that situation is of grave humanitarian concern.</text></paragraph> <paragraph id="HEB2E0AF6CA324B7AA640E17BAC408F1F"><enum>(2)</enum><header>Expedited processing</header><text>The Secretary of Homeland Security shall provide for the expedited processing of the visas for aliens described in paragraph (3), and shall ensure that such applications receive first priority among applications for refugee status.</text></paragraph>
<paragraph id="HF3051BD05C9B479C8EAF546A8CDFC404"><enum>(3)</enum><header>Aliens described</header><text display-inline="yes-display-inline">An alien is described in this paragraph if the alien—</text> <subparagraph id="HA8E1C0A9386D4C50808662EC1DAC1DF1"><enum>(A)</enum><text display-inline="yes-display-inline">is a citizen or national of Iraq, Syria, Pakistan, Iran, or Libya, or in the case of an alien having no nationality, whose country of last habitual residence was Iraq, Syria, Pakistan, Iran, or Libya;</text></subparagraph>
<subparagraph id="H3FCBFAA4B7904F17B25787D383BA50C3"><enum>(B)</enum><text>is a member of the Christian or Yazidi community; and</text></subparagraph> <subparagraph id="HFE0EFC2BA8974B9E9CA5076D3324CC2E"><enum>(C)</enum><text>is seeking admission to the United States as a refuge under section 207 of the Immigration and Nationality Act (<external-xref legal-doc="usc" parsable-cite="usc/8/1157">8 U.S.C. 1157</external-xref>).</text></subparagraph></paragraph>
<paragraph id="H5CFFF90FDF934F21BB5F19A018A95AF2"><enum>(4)</enum><header>Qualification as refugees</header><text display-inline="yes-display-inline">For purposes of qualifying as a refugee under section 101 of the Immigration and Nationality Act (<external-xref legal-doc="usc" parsable-cite="usc/8/1101">8 U.S.C. 1101</external-xref>)—</text> <subparagraph id="H719BAA87BDD443E39D3AE48E76EDBAED"><enum>(A)</enum><text display-inline="yes-display-inline">membership in the Christian or Yazidi community shall qualify an alien described in paragraph (3) as a member of a persecuted group; and</text></subparagraph>
<subparagraph id="H5B3E3D3A84CE49D0B80F7CA619778C95"><enum>(B)</enum><text display-inline="yes-display-inline">the requirement that an alien be outside any country of such person's nationality or, in the case of a person having no nationality, is outside any country in which such person last habitually resided, shall not apply to an alien described in paragraph (3).</text></subparagraph></paragraph></subsection> <subsection id="H4D7CEFF3BC21452385C9E4B0C2C8CB1C"><enum>(b)</enum><header>Immigrants</header> <paragraph id="HC2763FAE09DF4D1795AABAC81A10E38C"><enum>(1)</enum><header>Expedited processing</header><text>The Secretary of Homeland Security shall provide for the expedited processing of visas for the aliens described in paragraph (2), and shall ensure that such applications receive first priority among applications for immigrant status.</text></paragraph>
<paragraph id="H9547BA203C234A24BB35AC21DC13CCA7"><enum>(2)</enum><header>Aliens described</header><text>An alien is described in this paragraph if the alien—</text> <subparagraph id="H3063BC4DBD734FA5AD4C0C88FB6687D9"><enum>(A)</enum><text display-inline="yes-display-inline">is a citizen or national of Iraq, Syria, Pakistan, Iran, Libya, or in the case of an alien having no nationality, whose country of last habitual residence was Iraq, Syria, Pakistan, Iran, or Libya;</text></subparagraph>
<subparagraph id="HE05045C339394C548488E23FC35FFF58"><enum>(B)</enum><text>is a member of the Christian or Yazidi community; and</text></subparagraph> <subparagraph id="H38EA8342610F4EAFA84F635CA2FC05F4"><enum>(C)</enum><text>is seeking admission to the United States as an immigrant under subsection (a) or (b) of section 203 of the Immigration and Nationality Act (<external-xref legal-doc="usc" parsable-cite="usc/8/1153">8 U.S.C. 1153</external-xref>).</text></subparagraph></paragraph></subsection></section> 
</legis-body></bill>

