<?xml version="1.0"?>
<?xml-stylesheet type="text/xsl" href="billres.xsl"?>
<!DOCTYPE bill PUBLIC "-//US Congress//DTDs/bill.dtd//EN" "bill.dtd">
<bill bill-stage="Introduced-in-House" bill-type="olc" dms-id="HF61F5C6893274B5F8F93C279E9E3CAA8" key="H" public-private="public"><metadata xmlns:dc="http://purl.org/dc/elements/1.1/">
<dublinCore>
<dc:title>115 HR 352 IH: State Health Flexibility Act of 2017</dc:title>
<dc:publisher>U.S. House of Representatives</dc:publisher>
<dc:date>2017-01-06</dc:date>
<dc:format>text/xml</dc:format>
<dc:language>EN</dc:language>
<dc:rights>Pursuant to Title 17 Section 105 of the United States Code, this file is not subject to copyright protection and is in the public domain.</dc:rights>
</dublinCore>
</metadata>
<form>
<distribution-code display="yes">I</distribution-code><congress display="yes">115th CONGRESS</congress><session display="yes">1st Session</session><legis-num display="yes">H. R. 352</legis-num><current-chamber>IN THE HOUSE OF REPRESENTATIVES</current-chamber><action display="yes"><action-date date="20170106">January 6, 2017</action-date><action-desc><sponsor name-id="R000592">Mr. Rokita</sponsor> (for himself, <cosponsor name-id="M001189">Mr. Messer</cosponsor>, <cosponsor name-id="F000448">Mr. Franks of Arizona</cosponsor>, <cosponsor name-id="F000460">Mr. Farenthold</cosponsor>, <cosponsor name-id="W000821">Mr. Westerman</cosponsor>, <cosponsor name-id="D000616">Mr. DesJarlais</cosponsor>, <cosponsor name-id="M001194">Mr. Moolenaar</cosponsor>, <cosponsor name-id="P000601">Mr. Palazzo</cosponsor>, <cosponsor name-id="B001273">Mrs. Black</cosponsor>, <cosponsor name-id="S001183">Mr. Schweikert</cosponsor>, <cosponsor name-id="H001071">Mr. Jody B. Hice of Georgia</cosponsor>, <cosponsor name-id="L000583">Mr. Loudermilk</cosponsor>, <cosponsor name-id="P000606">Mr. Pittenger</cosponsor>, <cosponsor name-id="B001250">Mr. Bishop of Utah</cosponsor>, <cosponsor name-id="D000615">Mr. Duncan of South Carolina</cosponsor>, <cosponsor name-id="C001053">Mr. Cole</cosponsor>, <cosponsor name-id="O000168">Mr. Olson</cosponsor>, <cosponsor name-id="R000409">Mr. Rohrabacher</cosponsor>, <cosponsor name-id="C001096">Mr. Cramer</cosponsor>, <cosponsor name-id="M001187">Mr. Meadows</cosponsor>, <cosponsor name-id="B001290">Mr. Brat</cosponsor>, <cosponsor name-id="S001192">Mr. Stewart</cosponsor>, <cosponsor name-id="P000588">Mr. Pearce</cosponsor>, <cosponsor name-id="T000475">Mr. Trott</cosponsor>, <cosponsor name-id="B001299">Mr. Banks of Indiana</cosponsor>, <cosponsor name-id="B001282">Mr. Barr</cosponsor>, and <cosponsor name-id="A000372">Mr. Allen</cosponsor>) introduced the following bill; which was referred to the <committee-name committee-id="HIF00">Committee on Energy and Commerce</committee-name>, and in addition to the Committees on <committee-name committee-id="HRU00">Rules</committee-name>, <committee-name committee-id="HWM00">Ways and Means</committee-name>, <committee-name committee-id="HED00">Education and the Workforce</committee-name>, <committee-name committee-id="HJU00">the Judiciary</committee-name>, <committee-name committee-id="HII00">Natural Resources</committee-name>, <committee-name committee-id="HHA00">House Administration</committee-name>, and <committee-name committee-id="HAP00">Appropriations</committee-name>, for a period to be subsequently determined by the Speaker, in each case for consideration of such
			 provisions as fall within the jurisdiction of the committee concerned</action-desc></action><legis-type>A BILL</legis-type><official-title display="yes">To amend the Social Security Act to replace the Medicaid program and the Children’s Health
			 Insurance program with a block grant to the States, and for other
			 purposes.</official-title></form>
	<legis-body id="H39A785EBA0E54F7C9BD53738EAA2DE05" style="OLC">
		<section id="HDB5D27A45A9046DF98787DAE65A869B2" section-type="section-one"><enum>1.</enum><header>Short title; table of contents</header>
 <subsection id="H4F78F71021AC4695AFCDFA654B230CF0"><enum>(a)</enum><header>Short title</header><text display-inline="yes-display-inline">This Act may be cited as the <quote><short-title>State Health Flexibility Act of 2017</short-title></quote>.</text> </subsection><subsection id="H9678FC9DEBB1413DB73E28272F07355C"><enum>(b)</enum><header>Table of contents</header><text>The table of contents of this Act is as follows:</text>
				<toc container-level="legis-body-container" lowest-bolded-level="division-lowest-bolded" lowest-level="section" quoted-block="yes-quoted-block" regeneration="yes-regeneration">
					<toc-entry idref="HDB5D27A45A9046DF98787DAE65A869B2" level="section">Sec. 1. Short title; table of contents.</toc-entry>
					<toc-entry idref="HFC01CC104BED45CB8F19A7BEF889F391" level="section">Sec. 2. Health grants to the States for health care services to indigent individuals.</toc-entry>
					<toc-quoted-entry style="OLC">
						<toc-entry idref="H43F384461C5A41BFB06BAE13020D5D5B" level="title">Title XXII—BLOCK GRANTS TO STATES FOR HEALTH CARE SERVICES TO INDIGENT INDIVIDUALS</toc-entry>
						<toc-entry idref="H0E020D81879B403782395D31525E63ED" level="section">Sec. 2201. Purpose.</toc-entry>
						<toc-entry idref="H35AAA3E5E87D4CCFB86A5F8AB509F84C" level="section">Sec. 2202. Grants to States.</toc-entry>
						<toc-entry idref="HBB39115F808E4D2EBF9E81E5FE0C0AFA" level="section">Sec. 2203. Administrative and fiscal accountability.</toc-entry>
						<toc-entry idref="H962D7530DB914632AD1AEB21A8AA3946" level="section">Sec. 2204. Nondiscrimination provisions.</toc-entry>
						<toc-entry idref="HB88BD9BF8CF346BDAA3E26EA0C82FEAE" level="section">Sec. 2205. Definitions.</toc-entry>
					</toc-quoted-entry>
					<toc-entry idref="HAD4902592FCD4830B0B1983744AC099D" level="section">Sec. 3. Repeal of PPACA, HCERA, and the Federal requirements of Medicaid and CHIP.</toc-entry>
					<toc-entry idref="HC6120D0FFA794C9E9D557B4E5C7B2925" level="section">Sec. 4. Severability.</toc-entry>
					<toc-entry idref="HD9D987DFEF964726A7B6A24414D843E3" level="section">Sec. 5. Effective date.</toc-entry>
				</toc>
			</subsection></section><section id="HFC01CC104BED45CB8F19A7BEF889F391"><enum>2.</enum><header>Health grants to the States for health care services to indigent individuals</header>
 <subsection id="HD1F79D97CFF64C5390F6256B285CB329"><enum>(a)</enum><header>Health care block grant to States</header><text>The Social Security Act is amended by adding at the end the following new title:</text> <quoted-block id="H60775D2E0F4041A68D1FA38C7069F96A" style="OLC"> <title id="H43F384461C5A41BFB06BAE13020D5D5B"><enum>XXII</enum><header>BLOCK GRANTS TO STATES FOR HEALTH CARE SERVICES TO INDIGENT INDIVIDUALS</header> <section id="H0E020D81879B403782395D31525E63ED"><enum>2201.</enum><header>Purpose</header><text display-inline="no-display-inline">The purpose of this title is to provide Federal financial assistance to the States, in the form of a single grant, to allow the States maximum flexibility in providing, and financing the provision of, health-care-related items and services to indigent individuals.</text>
						</section><section id="H35AAA3E5E87D4CCFB86A5F8AB509F84C"><enum>2202.</enum><header>Grants to States</header>
 <subsection id="HC315D2B7CBF84BD9BF69B0D8ADB014FF"><enum>(a)</enum><header>In general</header><text display-inline="yes-display-inline">Subject to the requirements of this title, each State is entitled to receive from the Secretary of the Treasury a grant for each quarter of each of fiscal years 2018 through 2026, in an amount that is equal to 25 percent of the total amount received by a State under title XIX and title XXI for fiscal year 2013.</text>
 </subsection><subsection id="H5AED0D965E7C4E48AC4E9DFB60CE077F"><enum>(b)</enum><header>Appropriation</header><text display-inline="yes-display-inline">Out of any money in the Treasury of the United States not otherwise appropriated, there are appropriated for each of fiscal years 2018 through 2026 such sums as are necessary for grants under this section.</text>
 </subsection><subsection id="H314FEA54A43E44F3BDCB57B84351CBE8"><enum>(c)</enum><header>Requirements relating to intergovernmental financing</header><text>The Secretary of the Treasury shall make the transfer of funds under grants under <internal-xref idref="HC315D2B7CBF84BD9BF69B0D8ADB014FF" legis-path="2202.(a)">subsection (a)</internal-xref> directly to each State in accordance with the requirements of section 6503 of title 31, United States Code.</text>
							</subsection><subsection id="HDA78AE0DD32F426083E1B90DA21F8C16"><enum>(d)</enum><header>Expenditure of funds</header>
 <paragraph id="H2BC0A223BEA743F3B59F8DAF37A06BF4"><enum>(1)</enum><header>In general</header><text display-inline="yes-display-inline">Except as provided in paragraph (2), amounts received by a State under this title for any fiscal year shall be expended by the State in such fiscal year or in the succeeding fiscal year.</text>
 </paragraph><paragraph id="H19561B89FC7A43BCBEBBA327355115C6"><enum>(2)</enum><header>Use of rainy day fund permitted</header><text>Of the amounts received by a State under this title, the State may set aside, in a separate account, such amounts as the State deems necessary to provide, without fiscal limitation, health-care-related items and services for indigent individuals during—</text>
 <subparagraph id="H5E8F4DF95FFA42F98D2BB264BC0CEB43"><enum>(A)</enum><text>periods of unexpectedly high rates of unemployment; or</text> </subparagraph><subparagraph id="H0CCB0CD32EA541A582808E75C9C8ABF9"><enum>(B)</enum><text>periods related to circumstances that are not described in subparagraph (A) and that cause unexpected increases in the need for such items and services for such individuals.</text>
 </subparagraph></paragraph><paragraph commented="no" id="H2B36EBA1C76143EEAEC6BE74B286794B"><enum>(3)</enum><header>Funds remaining after fiscal year 2027</header><text>If, after fiscal year 2027, a State has funds in the account under paragraph (2), the State may only expend such funds if such funds are used in a manner that is permitted under subsection (e), as such subsection is in effect on September 30, 2028.</text>
 </paragraph></subsection><subsection id="H57ADF841116E48B39DA36850FC7D9EE4"><enum>(e)</enum><header>Use of funds</header><text>A State may only use the amounts received under subsection (a) as follows:</text> <paragraph id="H755B50C82EC4419CBA30D086327514DB"><enum>(1)</enum><header>General purpose</header><text display-inline="yes-display-inline">Nothing in this title shall be construed as limiting the flexibility of a State to determine which providers of such items and services qualify to receive payment from a grant made to the State under this title.</text>
 </paragraph><paragraph id="HA86ECF53D1F04034B9FD97225E5D42FB"><enum>(2)</enum><header>Funding for risk adjustment mechanisms</header><text display-inline="yes-display-inline">To fund qualified high risk pools, reinsurance pools, or other risk-adjustment mechanisms used for the purpose of subsidizing the purchase of private health insurance for the high-risk population.</text>
								</paragraph><paragraph id="H87A03A8B17504B30AB11E534B9D0348A"><enum>(3)</enum><header>Authority to use portion of Federal assistance for other welfare-related programs</header>
 <subparagraph id="H2232AADE83A545B3A52CFFFC1A8DC7DC"><enum>(A)</enum><header>In general</header><text>Subject to the limit under subparagraph (B), to carry out a State program pursuant to any or all of the following provisions of law:</text>
 <clause id="H2E64A13C171A4521BA76BEAA15BBCAFB"><enum>(i)</enum><text>Part A of title IV of this Act.</text> </clause><clause id="H9FF155DBBBA74134A63319BD123F68F8"><enum>(ii)</enum><text>Section 1616 of this Act.</text>
 </clause><clause id="H1EDEA14030FD4BEA8E99F4E00B69F895"><enum>(iii)</enum><text>The Food and Nutrition Act of 2008.</text> </clause></subparagraph><subparagraph id="H63F195BCC1F44535A6E3F0DEE140AC22"><enum>(B)</enum><header>Limitation</header><text display-inline="yes-display-inline">A State may not use more than 30 percent of the amount received under subsection (a) for a fiscal year to carry out a State program, or programs, under subparagraph (A).</text>
 </subparagraph><subparagraph id="H25BD76456DB1449F9BC7ADA6ABF2D355"><enum>(C)</enum><header>Requirements on funds</header><text>Any amounts that are used under subparagraph (A)—</text> <clause id="H0872799C2E8848A0959335D426596065"><enum>(i)</enum><text>shall not be subject to any of the requirements of subsection (d), subsection (f), or section 2204; and</text>
 </clause><clause id="H6FCFFC523ADA499D863AE38923AD7D1F"><enum>(ii)</enum><text>shall be subject to—</text> <subclause id="HE9A30812C44E424C879C5AAEF7371FD5"><enum>(I)</enum><text>the audit requirements under section 2203; and</text>
 </subclause><subclause id="H77D462FEE96E4CF9A243FBB28E5A68F1"><enum>(II)</enum><text>any requirements that apply to Federal funds provided directly for such State program.</text> </subclause></clause></subparagraph></paragraph></subsection><subsection id="H9826DB1CA7EF47CFBD7A5B4E5FB2E9A4"><enum>(f)</enum><header>Maintenance of current law restrictions on use of federal funds</header> <paragraph id="H656ACE126D814318B270A1D4F7FCBC9B"><enum>(1)</enum><header>In general</header> <subparagraph id="HC340603BB3694BD6A0997E424A89BFCC"><enum>(A)</enum><header>No funding for abortions</header><text display-inline="yes-display-inline">None of the funds appropriated in this title shall be expended for any abortion.</text>
 </subparagraph><subparagraph id="H7F255C73DDE844398DA0AD6427A0B2A8"><enum>(B)</enum><header>No funds for coverage of abortion</header><text display-inline="yes-display-inline">None of the funds appropriated in this title shall be expended for health benefits coverage that includes coverage of abortion.</text>
 </subparagraph><subparagraph id="H714DD746A39046DA87DD641C95C1CE71"><enum>(C)</enum><header>Health benefits coverage defined</header><text>For purposes of this subsection, the term <term>health benefits coverage</term> means the package of services covered by a managed care provider or organization pursuant to a contract or other arrangement.</text>
 </subparagraph></paragraph><paragraph id="HDC7514D7CD8D440AB5C662D656E2F624"><enum>(2)</enum><header>Exceptions</header><text>The limitations established in <internal-xref idref="HC340603BB3694BD6A0997E424A89BFCC" legis-path="2202.(e)(1)">paragraph (1)</internal-xref> shall not apply to an abortion—</text> <subparagraph id="H42BD71E751AF422ABB210F706A4DC0F9"><enum>(A)</enum><text>if the pregnancy is the result of an act of rape or incest; or</text>
 </subparagraph><subparagraph id="H8E5AEC7ECA7444AB87104984EEB0D648"><enum>(B)</enum><text display-inline="yes-display-inline">in the case where a woman suffers from a physical disorder, physical injury, or physical illness that would, as certified by a physician, place the woman in danger of death unless an abortion is performed, including a life-endangering physical condition caused by or arising from the pregnancy itself.</text>
 </subparagraph></paragraph><paragraph commented="no" id="H7795C1EB68EF4F01B5459C6788552D00"><enum>(3)</enum><header>State funds used in conjunction with Federal funds</header><text display-inline="yes-display-inline">The limitations established in paragraph (1) shall apply to any State funds used in conjunction with Federal funds appropriated under this title to provide, or finance the provision of, health-care-related items and services to indigent individuals pursuant to section 2201 or subsection (d)(2), (e)(1), or (e)(2) of this section.</text>
 </paragraph><paragraph id="H188DF01E045042DE82396743C3335F13"><enum>(4)</enum><header>Option to purchase separate coverage or plan</header><text>Nothing in this subsection shall be construed as prohibiting a State from purchasing separate coverage for abortions for which funding is prohibited under this subsection, or a health plan that includes such abortions, so long as such coverage or plan is paid for entirely using funds not provided by this title.</text>
 </paragraph><paragraph id="H9EE7604A088543DEA02199E10B5BA57D"><enum>(5)</enum><header>Option to offer coverage or plan</header><text display-inline="yes-display-inline">Nothing in this subsection shall restrict any health insurance issuer from offering separate coverage for abortions for which funding is prohibited under this subsection, or a health plan that includes such abortions, so long as—</text>
 <subparagraph id="HD4114AA87E6B4AFA8203DC1302FF3E58"><enum>(A)</enum><text>premiums for such separate coverage or plan are paid entirely with funds not provided by this title; and</text>
 </subparagraph><subparagraph id="H81DD4C2B11E64126925434FD323A4333"><enum>(B)</enum><text>administrative costs and all services offered through such separate coverage or plan are paid for using only premiums collected for such coverage or plan.</text>
									</subparagraph></paragraph><paragraph id="H9A41855C7CC14B98B66AD463AE649EE3"><enum>(6)</enum><header>Conscience protections</header>
 <subparagraph id="H99F3444B21304C6EAC263E471EA308B2"><enum>(A)</enum><text>None of the funds appropriated in this Act may be made available to a Federal agency or program, or to a State or local government, if such agency, program, or government subjects any institutional or individual health care entity to discrimination on the basis that the health care entity does not provide, pay for, provide coverage of, or refer for abortions.</text>
 </subparagraph><subparagraph id="H2FE7EA87923C442BB02BF39B62F5FCD2"><enum>(B)</enum><text>In this paragraph, the term <term>health care entity</term> includes an individual physician or other health care professional, a hospital, a provider-sponsored organization, a health maintenance organization, a health insurance plan, or any other kind of health care facility, organization, or plan.</text>
									</subparagraph></paragraph></subsection><subsection display-inline="no-display-inline" id="HBC8979333B4241B68EC6D1470EED1BEB"><enum>(g)</enum><header>No funding for illegal aliens</header>
 <paragraph id="H00EF00C713984AAAAA6A3387ACD132BE"><enum>(1)</enum><header>In general</header><text>Except as provided in paragraph (2), no funds appropriated in this title may be used to provide health-care-related items and services to an alien who is not lawfully admitted for permanent residence or otherwise permanently residing in the United States under color of law.</text>
								</paragraph><paragraph id="HB00B43150EFF48D4869D5600B79BB615"><enum>(2)</enum><header>Emergency assistance</header>
 <text>A State that receives a grant under this title for a fiscal year shall provide payment for health-care-related items and services provided to an alien described in paragraph (1), consistent with the requirements of section 1867, if—</text>
 <subparagraph id="H8FD5A0C54B5641E89CB2FB50C519AFF8"><enum>(A)</enum><text>such health-care-related items and services are—</text> <clause id="H0D0FA929399F4A79A537520A6002807D"><enum>(i)</enum><text>necessary for the treatment of an emergency medical condition (as defined in subsection (e) of such section); and</text>
 </clause><clause id="HC89C866914E54E159CB359F876882A27"><enum>(ii)</enum><text>health-care-related items and services that such State would provide payment for under this title, if provided to an indigent individual;</text>
 </clause></subparagraph><subparagraph id="H397B69C9ADE64E3284107D3C72BE96A3"><enum>(B)</enum><text display-inline="yes-display-inline">the individual would meet all necessary eligibility requirements if paragraph (1) did not apply for health-care-related items and services under the State program funded under this title; and</text>
 </subparagraph><subparagraph id="HBA4E827A53A34F5D850CD37E27AC88F7"><enum>(C)</enum><text>such items and services are not related to an organ transplant procedure.</text> </subparagraph></paragraph></subsection><subsection id="H5B9A0BF26A2A4691BBDD8022C49AFDC6"><enum>(h)</enum><header>Nonentitlement</header><text>Nothing in this title shall be construed as providing an individual with an entitlement to health-care-related items and services under this title.</text>
							</subsection></section><section id="HBB39115F808E4D2EBF9E81E5FE0C0AFA"><enum>2203.</enum><header>Administrative and fiscal accountability</header>
							<subsection id="H4C5371F2A63F4358B0695D423A248B26"><enum>(a)</enum><header>Audits</header>
 <paragraph id="H52645972000A4F9789FC7E145926226B"><enum>(1)</enum><header>Contract with approved auditing entity</header><text display-inline="yes-display-inline">Not later than October 1, 2018, and annually thereafter, a State shall contract with an approved auditing entity (as defined under paragraph (3)(B)) for purposes of conducting an audit under <internal-xref idref="HBC720AB4EFAA4CCDADF259532D371F18" legis-path="2203.(a)(2)">paragraph (2) </internal-xref>(with respect to the fiscal year ending September 30 of such year).</text>
 </paragraph><paragraph id="HBC720AB4EFAA4CCDADF259532D371F18"><enum>(2)</enum><header>Audit requirement</header><text>Under a contract under paragraph (1), an approved auditing entity shall conduct an audit of the expenditures or transfers made by a State from amounts received under a grant under this title, or from State funds described in section 2202(f)(3), with respect to the fiscal year which such audit covers, to determine the extent to which such expenditures and transfers were expended in accordance with this title.</text>
								</paragraph><paragraph id="HDE8C8CDBA7BA44908BE9739A2941F993"><enum>(3)</enum><header>Entity conducting audit</header>
 <subparagraph id="H8C2DDE4F128E4EC1B17E3BCBDA1D32DA"><enum>(A)</enum><header>In general</header><text display-inline="yes-display-inline">With respect to a State, the audit under paragraph (2) shall be conducted by an approved auditing entity in accordance with generally accepted auditing principles, including the provisions of <external-xref legal-doc="usc-chapter" parsable-cite="usc-chapter/31/75">chapter 75</external-xref> of title 31, United States Code.</text>
 </subparagraph><subparagraph id="H0431466850BE4842BEE9D82C52118607"><enum>(B)</enum><header>Approved auditing entity</header><text>For purposes of this section, the term <term>approved auditing entity</term> means, with respect to a State, an entity that is—</text> <clause id="HA859688DB2B14AF4A92F6808BA649111"><enum>(i)</enum><text>approved by the Secretary of the Treasury;</text>
 </clause><clause id="H41B8B23D46244E50B7AFA7C4631972B0"><enum>(ii)</enum><text>approved by the chief executive officer of the State; and</text> </clause><clause id="H81A0DA4CA26E45C49354A5886650B786"><enum>(iii)</enum><text>independent of any Federal, State, or local agency.</text>
 </clause></subparagraph></paragraph><paragraph id="H9DF2F918890A4F469687177B0EA737CE"><enum>(4)</enum><header>Submission of audit</header><text>Not later than December 31, 2018, and annually thereafter, a State shall submit the results of the audit under paragraph (2) (with respect to the fiscal year ending on September 30 of such year) to the State legislature and to the Secretary of the Treasury.</text>
								</paragraph></subsection><subsection id="HD2F1786E2B5D49D39D118B8F0478A59E"><enum>(b)</enum><header>Reimbursement and penalty</header>
 <paragraph id="HF135C60CFEDF4FE4A182D45875DE1B29"><enum>(1)</enum><header>In general</header><text>If, through an audit conducted under subsection (a), an approved auditing entity finds that any amounts paid to a State under a grant under this title were not expended in accordance with this title—</text>
 <subparagraph id="HFAAEEC3F8831411AAA163C94B1C29DD9"><enum>(A)</enum><text>the State shall pay to the Treasury of the United States any such amount, plus 10 percent of such amount as a penalty; or</text>
 </subparagraph><subparagraph id="HD0DE0E237B7F48D2884B15C087EAA863"><enum>(B)</enum><text>the Secretary of the Treasury shall offset such amount plus the 10-percent penalty against any other amount in any other fiscal year that the State may be entitled to receive under a grant under this title.</text>
 </subparagraph></paragraph><paragraph commented="no" id="H578AD8850E1840DA93E5E632EB5A5C87"><enum>(2)</enum><header>Misuse of State funds</header><text display-inline="yes-display-inline">If, through an audit conducted under subsection (a), an approved auditing entity finds that a State violated the requirements of section 2202(f)(3), the State shall pay to the Treasury of the United States 100 percent of the amount of State funds that were used in violation of section 2202(f)(3) as a penalty. Insofar as a State fails to pay any such penalty, the Secretary of the Treasury shall offset the amount not so paid against the amount of any grant otherwise payable to the State under this title.</text>
								</paragraph></subsection><subsection id="H43C033BBB87E43D8B3E6DE4A8410DA42"><enum>(c)</enum><header>Annual reporting requirements</header>
 <paragraph id="H1213CCDAEB5F49C3BE16F4B7479B3175"><enum>(1)</enum><header>In general</header><text>Not later than January 31, 2019, and annually thereafter, each State shall submit to the Secretary of the Treasury a report on the activities carried out by the State during the most recently completed fiscal year with funds received by the State under a grant under this title for such fiscal year.</text>
 </paragraph><paragraph id="HAF814166CE5745459A33B868BA751F54"><enum>(2)</enum><header>Content</header><text>A report under paragraph (1) shall, with respect to a fiscal year—</text> <subparagraph id="H8C7266A479E1469BBCC504277ABDCE27"><enum>(A)</enum><text>contain the results of the audit conducted by an approved auditing entity for a State for such fiscal year, in accordance with the requirements of subsection (a) of this section;</text>
 </subparagraph><subparagraph id="H0A33E545C09C4C0CA46359D976D0616A"><enum>(B)</enum><text display-inline="yes-display-inline">specify the amount of the grant made to the State under this title that is used to carry out a program under section 2202(e)(3); and</text>
 </subparagraph><subparagraph id="H5C7B8133CCFF45D5A46B28E1E88D6B6D"><enum>(C)</enum><text>be in such form and contain such other information as the State determines is necessary to provide—</text> <clause id="HF6B68640273A4822B36DD1B1348DF4E8"><enum>(i)</enum><text display-inline="yes-display-inline">an accurate description of the activities conducted by the State for the purpose described under section 2201 and any other use of funds permitted under subsections (d) and (e) of section 2202; and</text>
 </clause><clause id="H5752C44DC6F74CBDA6E140BB6D94AA1D"><enum>(ii)</enum><text>a complete record of the purposes for which amounts were expended in accordance with this title.</text> </clause></subparagraph></paragraph><paragraph commented="no" id="H7390250916E749BCB2713F034A49DFF2"><enum>(3)</enum><header>Conformity with accounting principals</header><text>Any financial information in the report under paragraph (1) shall be prepared and reported in accordance with generally accepted accounting principles, including the provisions of <external-xref legal-doc="usc-chapter" parsable-cite="usc-chapter/31/75">chapter 75</external-xref> of title 31, United States Code.</text>
 </paragraph><paragraph id="HA80B45791D1242ECAAA373C7E3CEC54C"><enum>(4)</enum><header>Public availability</header><text>A State shall make copies of the reports required under this section available on a public Web site and shall make copies available in other formats upon request.</text>
								</paragraph></subsection><subsection id="H2D0C358150514DFDB45C7B5CA5D5E320"><enum>(d)</enum><header>Suspension of payments for failure To comply with certain requirements</header>
 <paragraph id="HB374570F8F2040AEBC64BBE1073104F3"><enum>(1)</enum><header>In general</header><text>The Secretary of the Treasury shall suspend payments made to a State under a grant authorized by section 2202(a) during any payment suspension period.</text>
 </paragraph><paragraph id="H61063E3CF0A749AA84C0C29DBB2CFD3E"><enum>(2)</enum><header>Suspension period defined</header><text>For purposes of paragraph (1), the term <quote>payment suspension period</quote> means—</text> <subparagraph id="HF0652125D18948B480674333E89E3673"><enum>(A)</enum><text>in the case of an audit required to be submitted under subsection (a), the period that begins on the date such audit is required to be so submitted and ends on the date on which the State submits such audit;</text>
 </subparagraph><subparagraph id="HECB8EA1C76D04437B5DF58AB574E9E42"><enum>(B)</enum><text display-inline="yes-display-inline">in the case of a report required to be submitted under subsection (c), the period that begins on the date such report is required to be so submitted and ends on the date on which the State submits such report; or</text>
 </subparagraph><subparagraph id="H360F2823CD8A4916A514D47CF90BA931"><enum>(C)</enum><text>in the case of a violation by a State of a requirement of section 2202(f), the period that begins on the date on which the State is informed of such violation and ends on the date on which such violation is corrected by the State.</text>
									</subparagraph></paragraph></subsection><subsection id="H3D4ED5AF8BC64A648FB5E8D0A5CEA81F"><enum>(e)</enum><header>Administrative supervision and oversight</header>
								<paragraph id="H4FAE6FFB7B1C40429EEBFAF1F3AF13D7"><enum>(1)</enum><header>Limited role for Secretary of the Treasury and the Attorney General</header>
 <subparagraph id="H2CEEE0C133C64DBFB836EE7F934C07AF"><enum>(A)</enum><header>Treasury</header><text>The authority of the Secretary of the Treasury under this title is limited to—</text> <clause id="H1F12A0B04BB7478597BEA441A82F5C29"><enum>(i)</enum><text>promulgating regulations, issuing rules, or publishing guidance documents to the extent necessary for purposes of implementing subsection (a)(3)(B), subsection (b), and subsection (d);</text>
 </clause><clause id="HE648D8383F454AF1BD434E20045984BD"><enum>(ii)</enum><text>making quarterly payments to the States under grants under this title in accordance with section 2202(a);</text>
 </clause><clause id="H25628E6184204384BFD4C78030196459"><enum>(iii)</enum><text>approving entities under subsection (a)(3)(B) for purposes of the audits required under subsection (a);</text>
 </clause><clause commented="no" id="H59EE31447CE94F8487DD247BBB822CB5"><enum>(iv)</enum><text>withholding payment to a State of a grant under subsection (d) or offsetting a payment of such a grant to a State under subsection (b); and</text>
 </clause><clause commented="no" id="H20FB36D6B79A42839A021DD025DD28D4"><enum>(v)</enum><text>exercising the authority relating to nondiscrimination that is specified in section 2204(b).</text> </clause></subparagraph><subparagraph id="H22BBCC6D6B884D559AF85012F29ADA4A"><enum>(B)</enum><header>Attorney general</header><text>The authority of the Attorney General under this title is limited to the authority under section 2204(c).</text>
									</subparagraph></paragraph><paragraph id="HEAB0C2EC3AF3454A8B97E6A6CDADF751"><enum>(2)</enum><header>Federal supervision</header>
 <subparagraph id="H07504C13FDAF49A88170D6B445E4AF4D"><enum>(A)</enum><header>In general</header><text>Except as provided under paragraph (1), an administrative officer, employee, department, or agency of the United States (including the Secretary of Health and Human Services) may not—</text>
 <clause display-inline="no-display-inline" id="H40217160EA7844DBBB25E74F6A1A0B14"><enum>(i)</enum><text>supervise—</text> <subclause id="H79ED07E28F1C4FBA964FD8CA79C16949"><enum>(I)</enum><text>the amounts received by the States under this title; or</text>
 </subclause><subclause id="HF7BFBDF2BBB14F21B90AD2CC80E89692"><enum>(II)</enum><text>the use of such amounts by the States; or</text> </subclause></clause><clause id="HB3F99FFB064E436284C41E23145F2CEA"><enum>(ii)</enum><text>promulgate regulations or issue rules in accordance with this title.</text>
 </clause></subparagraph><subparagraph id="H657B691FE02A4DB7B75130CAA842C750"><enum>(B)</enum><header>Limitation on Secretary of Health and Human Services</header><text display-inline="yes-display-inline">The Secretary of Health and Human Services shall have no authority under this title.</text> </subparagraph></paragraph></subsection><subsection id="HFA1900AE86694351BBEEDDFBE5F7EFC0"><enum>(f)</enum><header>Reservation of State powers</header><text display-inline="yes-display-inline">Nothing in this section shall be construed to limit the power of a State, including the power of a State to pursue civil and criminal penalties under State law against any individual or entity that misuses, or engages in fraud or abuse related to, the funds provided to a State under this title.</text>
							</subsection></section><section id="H962D7530DB914632AD1AEB21A8AA3946"><enum>2204.</enum><header>Nondiscrimination provisions</header>
 <subsection display-inline="no-display-inline" id="H56D095A20595415CB4E84FECCCE37AD6"><enum>(a)</enum><header>No discrimination against individuals</header><text>No individual shall be excluded from participation in, denied the benefits of, or subjected to discrimination under, any program or activity funded in whole or in part with amounts paid to a State under this title on the basis of such individual’s—</text>
 <paragraph id="H3DC7C7EE1ACA4E0D9E345DD71E6D6B5C"><enum>(1)</enum><text>disability under section 504 of the Rehabilitation Act of 1973 (<external-xref legal-doc="usc" parsable-cite="usc/29/794">29 U.S.C. 794</external-xref>);</text> </paragraph><paragraph id="HD2B51370CE1F46F3923483BA5EEEC4EF"><enum>(2)</enum><text>sex under title IX of the Education Amendments of 1972 (<external-xref legal-doc="usc" parsable-cite="usc/20/1681">20 U.S.C. 1681</external-xref> et seq.); or</text>
 </paragraph><paragraph id="HDF54C77FB30142F0B3C7498EDFDDDC51"><enum>(3)</enum><text>race, color, or national origin under title VI of the Civil Rights Act of 1964 (<external-xref legal-doc="usc" parsable-cite="usc/42/2000d">42 U.S.C. 2000d</external-xref> et seq.).</text>
								</paragraph></subsection><subsection id="H8E17755691B94C87A11B9E5A255A55F1"><enum>(b)</enum><header>Compliance</header>
 <paragraph id="H08074C6E0D7641409D31887102C9029B"><enum>(1)</enum><text>If the Secretary of the Treasury determines that a State or an entity that has received funds from amounts paid to a State under a grant under this title has failed to comply with a provision of law referred to in subsection (a), the Secretary of the Treasury shall notify the chief executive officer of the State of such failure to comply and shall request that such chief executive officer secure such compliance.</text>
 </paragraph><paragraph id="HD342C92F450A4FE39CC9607DDA81DE46"><enum>(2)</enum><text>If, not later than 60 days after receiving notification under paragraph (1), the chief executive officer of a State fails or refuses to secure compliance with the provision of law referred to in such notification, the Secretary of the Treasury may—</text>
 <subparagraph id="H3CD604383A1F46CF978B94926115C79C"><enum>(A)</enum><text>refer the matter to the Attorney General with a recommendation that an appropriate civil action be instituted; or</text>
 </subparagraph><subparagraph id="H1D4AFEC8A989435C8C466AB5B29D9C53"><enum>(B)</enum><text>exercise the powers and functions provided under section 505 of the Rehabilitation Act of 1973 (<external-xref legal-doc="usc" parsable-cite="usc/29/794a">29 U.S.C. 794a</external-xref>), title IX of the Education Amendments of 1972 (<external-xref legal-doc="usc" parsable-cite="usc/20/1681">20 U.S.C. 1681</external-xref> et seq.), or title VI of the Civil Rights Act of 1964 (<external-xref legal-doc="usc" parsable-cite="usc/42/2000d">42 U.S.C. 2000d</external-xref> et seq.) (as applicable).</text>
 </subparagraph></paragraph></subsection><subsection id="H2F8EBE880C8C4D10ADBCDADCB797631B"><enum>(c)</enum><header>Civil actions</header><text>If a matter is referred to the Attorney General under subsection (b)(2)(A), or the Attorney General has reason to believe that a State or entity has failed to comply with a provision of law referred to in subsection (a), the Attorney General may bring a civil action in an appropriate district court of the United States for such relief as may be appropriate, including injunctive relief.</text>
 </subsection></section><section commented="no" id="HB88BD9BF8CF346BDAA3E26EA0C82FEAE"><enum>2205.</enum><header>Definitions</header><text display-inline="no-display-inline">For purposes of this title:</text> <paragraph id="HF521F260B9EA401386081B6D951C20D1"><enum>(1)</enum><header>Health-care-related items and services</header><text display-inline="yes-display-inline">The term <term>health-care-related items and services</term> shall be defined by a State with respect to use of such term for purposes of the application of this title to the State.</text>
 </paragraph><paragraph commented="no" id="H0B3227DE5E81497E8489B5372C412A6E"><enum>(2)</enum><header>High-risk population</header><text>The term <term>high-risk population</term> means individuals who are described in one of the following subparagraphs:</text> <subparagraph commented="no" id="H1CADFDE7B8044F1298EB64143F97D21A"><enum>(A)</enum><text>Individuals who, by reason of the existence or history of a medical condition, are able to acquire health coverage only at rates which are at least 150 percent of the standard risk rates for such coverage.</text>
 </subparagraph><subparagraph commented="no" id="HF0B90B9028B34E5AB939EBB4B17A2D7F"><enum>(B)</enum><text>Individuals who are provided health coverage by a qualified high risk pool.</text> </subparagraph></paragraph><paragraph id="HCB9E546F48784527A89FB6BCDC0D9E93"><enum>(3)</enum><header>Indigent individual</header><text>The term <term>indigent individual</term> shall be defined by a State with respect to use of such term for purposes of the application of this title to the State.</text>
 </paragraph><paragraph commented="no" id="H5FCC34C597FE491BB285928608895984"><enum>(4)</enum><header>Qualified high risk pool</header><text display-inline="yes-display-inline">The term <term>qualified high risk pool</term> has the meaning given such term in section 2745(g)(1)(A) of the Public Health Service Act.</text> </paragraph><paragraph commented="no" id="HE493AFE5ABCB428589AADDD60EA1F2E2"><enum>(5)</enum><header>Risk-Adjustment Mechanism Defined</header><text>For purposes of this section, the term <term>risk-adjustment mechanism</term> means any risk-spreading mechanism to subsidize the purchase of private health insurance for the high-risk population, including a qualified high risk pool.</text></paragraph></section></title><after-quoted-block>.</after-quoted-block></quoted-block>
 </subsection><subsection commented="no" display-inline="no-display-inline" id="H5A16B7A3759C47AE81252F048A453533"><enum>(b)</enum><header>Report on reduction of Federal administrative expenditures</header><text display-inline="yes-display-inline">Beginning not later than October 31, 2019, and annually thereafter until October 31, 2028, the Secretary of Health and Human Services, in consultation with the Secretary of the Treasury, shall submit a report to the Committee on Energy and Commerce in the House of Representatives and the Finance Committee in the Senate containing a description of the total reduction in Federal expenditures required to administer and provide oversight for the programs to provide health-care-related items and services to indigent individuals under this Act, compared to the expenditures required to administer and provide oversight for the programs under titles XIX and XXI of the Social Security Act, as in effect on September 30, 2012.</text>
 </subsection><subsection id="H43281B8665474781A0C42A0863765D95"><enum>(c)</enum><header>State defined</header><text display-inline="yes-display-inline">Section 1101(a)(1) of the Social Security Act (<external-xref legal-doc="usc" parsable-cite="usc/42/1301">42 U.S.C. 1301(a)(1)</external-xref>) is amended—</text> <paragraph id="HB4355F6840CE4146B39ECFB850391A41"><enum>(1)</enum><text>in the first sentence, by striking <quote>XIX, and XXI</quote> and inserting <quote>and XXII</quote>; and</text>
 </paragraph><paragraph id="H2A866BDC7C46476EABF7DB0517066A28"><enum>(2)</enum><text>in the fourth sentence, by striking <quote>titles XIX and XXI</quote> and inserting <quote>title XXII</quote>.</text> </paragraph></subsection></section><section id="HAD4902592FCD4830B0B1983744AC099D"><enum>3.</enum><header>Repeal of PPACA, HCERA, and the Federal requirements of Medicaid and CHIP</header> <subsection id="H82EC343DC79340BD8CE475F3D392C3ED"><enum>(a)</enum><header>PPACA</header><text display-inline="yes-display-inline">The Patient Protection and Affordable Care Act (<external-xref legal-doc="public-law" parsable-cite="pl/111/148">Public Law 111–148</external-xref>) is repealed, and the provisions of law amended or repealed by such Act are restored or revived as if such Act had not been enacted.</text>
 </subsection><subsection id="H81B92F8C8C16484F95EF3497474B6D81"><enum>(b)</enum><header>HCERA</header><text>Title I and subtitle B of title II of the Health Care and Education Reconciliation Act of 2010 (<external-xref legal-doc="public-law" parsable-cite="pl/111/152">Public Law 111–152</external-xref>) are repealed, and the provisions of law amended or repealed by such title or subtitle, respectively, are restored or revived as if such title and subtitle had not been enacted.</text>
 </subsection><subsection id="H2C3CFE8C6E6847DFBEEFF0ABDB58BC0D"><enum>(c)</enum><header>Medicaid and CHIP</header><text>Titles XIX and XXI of the Social Security Act are repealed.</text> </subsection></section><section id="HC6120D0FFA794C9E9D557B4E5C7B2925"><enum>4.</enum><header>Severability</header><text display-inline="no-display-inline">If any provision of this Act, or the application of such provision to any person or circumstance, is found to be unconstitutional, the remainder of this Act, or the application of that provision to other persons or circumstances, shall not be affected.</text>
 </section><section id="HD9D987DFEF964726A7B6A24414D843E3"><enum>5.</enum><header>Effective date</header><text display-inline="no-display-inline">This Act and the amendments and repeals made by this Act shall take effect with respect to items and services furnished on or after October 1, 2018.</text>
		</section></legis-body></bill>


