<?xml version="1.0"?>
<?xml-stylesheet type="text/xsl" href="billres.xsl"?>
<!DOCTYPE bill PUBLIC "-//US Congress//DTDs/bill.dtd//EN" "bill.dtd">
<bill bill-stage="Introduced-in-House" bill-type="olc" dms-id="H94F7F870D3A44AAA9FFF9E85F1D96FB8" key="H" public-private="public"><metadata xmlns:dc="http://purl.org/dc/elements/1.1/">
<dublinCore>
<dc:title>115 HR 683 IH: American Pipeline Jobs and Safety Act of 2017</dc:title>
<dc:publisher>U.S. House of Representatives</dc:publisher>
<dc:date>2017-01-24</dc:date>
<dc:format>text/xml</dc:format>
<dc:language>EN</dc:language>
<dc:rights>Pursuant to Title 17 Section 105 of the United States Code, this file is not subject to copyright protection and is in the public domain.</dc:rights>
</dublinCore>
</metadata>
<form>
<distribution-code display="yes">I</distribution-code><congress display="yes">115th CONGRESS</congress><session display="yes">1st Session</session><legis-num display="yes">H. R. 683</legis-num><current-chamber>IN THE HOUSE OF REPRESENTATIVES</current-chamber><action display="yes"><action-date date="20170124">January 24, 2017</action-date><action-desc><sponsor name-id="N000127">Mr. Nolan</sponsor> introduced the following bill; which was referred to the <committee-name committee-id="HPW00">Committee on Transportation and Infrastructure</committee-name>, and in addition to the Committee on <committee-name committee-id="HIF00">Energy and Commerce</committee-name>, for a period to be subsequently determined by the Speaker, in each case for consideration of such
			 provisions as fall within the jurisdiction of the committee concerned</action-desc></action><legis-type>A BILL</legis-type><official-title display="yes">To require pipelines regulated by the Secretary of Transportation to be made of steel that is
			 produced in the United States and originates from iron ore and taconite
			 mined and processed in the United States, for safety, and for other
			 purposes.</official-title></form>
	<legis-body id="H541C480F26074A05AB35E583A8AE4B52" style="OLC">
 <section id="HA4D758220088462DBEEC227E77283DAC" section-type="section-one"><enum>1.</enum><header>Short title</header><text display-inline="no-display-inline">This Act may be cited as the <quote><short-title>American Pipeline Jobs and Safety Act of 2017</short-title></quote>.</text> </section><section id="H5E0DBF7EDFD54F6D84B2240B02A50DA5"><enum>2.</enum><header>American steel</header><text display-inline="no-display-inline">Section 60102 of title 49, United States Code, is amended by adding at the end the following new subsection:</text>
			<quoted-block display-inline="no-display-inline" id="H9BC09FAAB9674A54AF5960BDD3BB5B96" style="OLC">
				<subsection id="H61EE29DB2C8647298A684B0872F0B8FC"><enum>(q)</enum><header>American steel</header>
 <paragraph id="HF65C0FDDA7B746AD943D7EC7F6B227FE"><enum>(1)</enum><header>In general</header><text>Not later than 1 year after the date of enactment of this subsection, the Secretary shall prescribe minimum safety standards requiring that any pipeline subject to this chapter that is constructed or replaced after such date of enactment be made of steel that—</text>
 <subparagraph id="H3734438F817C47C1938CB23F357C9813"><enum>(A)</enum><text>is produced in the United States; and</text> </subparagraph><subparagraph id="HC546CD25DE234C788E4CE7D3FF7B3516"><enum>(B)</enum><text>originates from iron ore and taconite mined and processed in the United States.</text>
 </subparagraph></paragraph><paragraph id="HC6BCD6C953A44849ABD06240AB364E41"><enum>(2)</enum><header>Use of recycled materials</header><text>For purposes of this subsection, steel that is recycled in the United States shall be considered to be steel described in subparagraphs (A) and (B) of paragraph (1) if the recycled materials are combined with iron ore and taconite mined and processed in the United States.</text>
					</paragraph><paragraph id="H80C68195F9EF471382A478BD98D9782E"><enum>(3)</enum><header>Waivers</header>
 <subparagraph id="H047CAC59845942DCA54E04DD6725FA33"><enum>(A)</enum><header>In general</header><text>In prescribing safety standards under this subsection, the Secretary shall permit a waiver of the requirements of paragraph (1) to the extent that the Secretary determines such a waiver is necessary based on the estimate prepared under subparagraph (B).</text>
 </subparagraph><subparagraph id="HAF4EF5987C5D4918ACAF6E1C0ECA037B"><enum>(B)</enum><header>Annual demand and supply estimate</header><text>The Secretary shall prepare annually an estimate of—</text> <clause id="HCCAB898FC5C24C1A8321FB9050D9453E"><enum>(i)</enum><text>the amount of steel likely to be needed to be produced to meet the requirements of paragraph (1); and</text>
 </clause><clause id="H69F76A30A3684BF9A090528F47EB4A4C"><enum>(ii)</enum><text display-inline="yes-display-inline">the production capacity of United States producers of steel described in subparagraphs (A) and (B) of such paragraph.</text>
 </clause></subparagraph><subparagraph id="H5A03BE79B73E4863979DFFFC559FC341"><enum>(C)</enum><header>Approval of sources</header><text display-inline="yes-display-inline">The Secretary shall ensure that steel permitted to be used in pipelines pursuant to a waiver under this paragraph meets the same standards as steel described in subparagraphs (A) and (B) of paragraph (1), and shall publish a list of approved sources of steel so permitted.</text></subparagraph></paragraph></subsection><after-quoted-block>.</after-quoted-block></quoted-block>
		</section><section id="HBC150A1F0E974EDD98A0010A879E88E2"><enum>3.</enum><header>Inspection and testing</header>
 <subsection id="HE213AC5670294D4CA455769D81334EF2"><enum>(a)</enum><header>Testing</header><text display-inline="yes-display-inline">Section 60108(b) of title 49, United States Code, is amended by adding at the end the following new paragraph:</text>
				<quoted-block display-inline="no-display-inline" id="H96658A61B85642CDA1657B572D70E631" style="OLC">
 <paragraph id="H0540A176DB0444ED93D2B72FB332CB2F" indent="up1"><enum>(4)</enum><text display-inline="yes-display-inline">Testing under this subsection shall include direct, pre-installation testing by the Secretary of pipelines for quality verification.</text></paragraph><after-quoted-block>.</after-quoted-block></quoted-block>
 </subsection><subsection id="H14D9860082524C7683339D9B65EE6938"><enum>(b)</enum><header>Authorization of appropriations</header><text display-inline="yes-display-inline">Section 60125 of title 49, United States Code, is amended by adding at the end the following new subsection:</text>
				<quoted-block display-inline="no-display-inline" id="H0D018543187F4341B5C360BBB06C1EA0" style="OLC">
 <subsection id="H03FE0E1744604AA79D8A79BCBBB8D6CD"><enum>(d)</enum><header>Inspection and testing</header><text display-inline="yes-display-inline">There is authorized to be appropriated $10,000,000 for each fiscal year to carry out direct, pre-installation inspection and testing of pipelines under this chapter, including testing of pipelines under section 60108(b)(4) and testing and inspection of steel pursuant to section 60102(q).</text></subsection><after-quoted-block>.</after-quoted-block></quoted-block>
			</subsection></section></legis-body></bill>


