<?xml version="1.0"?>
<?xml-stylesheet type="text/xsl" href="billres.xsl"?>
<!DOCTYPE bill PUBLIC "-//US Congress//DTDs/bill.dtd//EN" "bill.dtd">
<bill bill-stage="Introduced-in-House" dms-id="HA937FA4D6DFC46BF9745B075F86AB3E8" public-private="public" key="H" bill-type="olc"><form><distribution-code display="yes">I</distribution-code><congress display="yes">115th CONGRESS</congress><session display="yes">1st Session</session><legis-num display="yes">H. R. 248</legis-num><current-chamber>IN THE HOUSE OF REPRESENTATIVES</current-chamber><action display="yes"><action-date date="20170104">January 4, 2017</action-date><action-desc><sponsor name-id="A000367">Mr. Amash</sponsor> introduced the following bill; which was referred to the <committee-name committee-id="HHM00">Committee on Homeland Security</committee-name></action-desc></action><legis-type>A BILL</legis-type><official-title display="yes">To limit the authority of personnel of the Department of Homeland Security to prohibit a citizen or permanent resident of the United States from boarding as a passenger on an aircraft or cruise ship based on inclusion of the individual in a watchlist, and for other purposes.</official-title></form><legis-body id="H8555B31A3EA0460BABA950BB689CD67D" style="OLC"> 
<section id="H7CC17D8144214E6D85F48DF505343479" section-type="section-one"><enum>1.</enum><header>Short title</header><text display-inline="no-display-inline">This Act may be cited as the <quote><short-title>No Fly for Terrorists Act</short-title></quote>.</text></section> <section id="H2F6839C585BC49BA9B19A4C68C3E143F" section-type="subsequent-section"><enum>2.</enum><header>Prohibition on preventing a citizen or permanent resident of the United States from boarding as a passenger on an aircraft or cruise ship based on inclusion in a watchlist</header> <subsection id="H2FA1A8E59E494981B0F1ABEBDA3BF4C0"><enum>(a)</enum><header>Aircraft</header><text display-inline="yes-display-inline">Section 44903(j)(2) of title 49, United States Code, is amended by redesignating subparagraph (H) as subparagraph (I), and by inserting after subparagraph (G) the following:</text>
<quoted-block style="OLC" id="H7F109E6090464D44B0933AABCB6302C6" display-inline="no-display-inline">
<subparagraph id="HC645424444214F9C95A186B8D1B367D0"><enum>(H)</enum><header>Prohibition on preventing a passenger from boarding absent conviction for crime of terrorism</header><text display-inline="yes-display-inline">No personnel of the Department of Homeland Security may prohibit an individual who is a citizen or permanent resident of the United States from boarding as a passenger on a flight based on the inclusion of the individual on any automatic selectee list, no fly list, consolidated and integrated terrorist watchlist, or other similar list maintained by the Federal Government unless the individual has been convicted of a Federal crime of terrorism as such term is defined in section 2332b(g)(5) of title 18.</text></subparagraph><after-quoted-block>.</after-quoted-block></quoted-block></subsection> <subsection id="H41BA9A709DC04F259E6A9A0FA0D2C045"><enum>(b)</enum><header>Cruise ships</header><text display-inline="yes-display-inline">Section of title 40701 of the Intelligence Reform and Terrorism Prevention Act of 2004 (<external-xref legal-doc="usc" parsable-cite="usc/46/70101">46 U.S.C. 70101</external-xref> note) is amended by redesignating subsection (d) as subsection (e), and by inserting after subsection (c) the following:</text>
<quoted-block style="OLC" id="HA70FDEEF2EF64AA29FBFD984B5077731" display-inline="no-display-inline">
<subsection id="HF2AD1F05BDDD499C8DBBE27D377AB5C8"><enum>(d)</enum><header>Prohibition on preventing a passenger from boarding absent conviction for crime of terrorism</header><text display-inline="yes-display-inline">No personnel of the Department of Homeland Security may prohibit an individual who is a citizen or permanent resident of the United States from boarding as a passenger on a cruise ship based on the inclusion of the individual on the no transport list, automatic selectee list, consolidated and integrated terrorist watchlist, or other similar list maintained by the Federal Government unless the individual has been convicted of a Federal crime of terrorism as such term is defined in section 2332b(g)(5) of title 18.</text></subsection><after-quoted-block>.</after-quoted-block></quoted-block></subsection></section> </legis-body></bill>

