<?xml version="1.0"?>
<?xml-stylesheet type="text/xsl" href="billres.xsl"?>
<!DOCTYPE bill PUBLIC "-//US Congress//DTDs/bill.dtd//EN" "bill.dtd">
<bill bill-stage="Introduced-in-House" bill-type="olc" dms-id="HAE0F42DC81964A6C8840D3C8E30390E4" key="H" public-private="public"><metadata xmlns:dc="http://purl.org/dc/elements/1.1/">
<dublinCore>
<dc:title>115 HR 97 IH: American Dream Employment Act of 2017</dc:title>
<dc:publisher>U.S. House of Representatives</dc:publisher>
<dc:date>2017-01-03</dc:date>
<dc:format>text/xml</dc:format>
<dc:language>EN</dc:language>
<dc:rights>Pursuant to Title 17 Section 105 of the United States Code, this file is not subject to copyright protection and is in the public domain.</dc:rights>
</dublinCore>
</metadata>
<form>
<distribution-code display="yes">I</distribution-code><congress display="yes">115th CONGRESS</congress><session display="yes">1st Session</session><legis-num display="yes">H. R. 97</legis-num><current-chamber>IN THE HOUSE OF REPRESENTATIVES</current-chamber><action display="yes"><action-date date="20170103">January 3, 2017</action-date><action-desc><sponsor name-id="B001285">Ms. Brownley of California</sponsor> introduced the following bill; which was referred to the <committee-name committee-id="HHA00">Committee on House Administration</committee-name></action-desc></action><legis-type>A BILL</legis-type><official-title display="yes">To amend the Consolidated and Further Continuing Appropriations Act, 2016, to enable the payment of
			 certain officers and employees of the United States whose employment is
			 authorized under the Deferred Action for Childhood Arrivals program, and
			 for other purposes.</official-title></form>
	<legis-body id="HF6D5F0C6E4904C0AA4313C7536913FE5" style="OLC">
 <section id="H9767B4049D2F43BABFB07D1D91F97F04" section-type="section-one"><enum>1.</enum><header>Short title</header><text display-inline="no-display-inline">This Act may be cited as the <quote><short-title>American Dream Employment Act of 2017</short-title></quote>.</text> </section><section id="H3521B62E07A946029FEBDBABB2FEE881"><enum>2.</enum><header>Certain Federal employees who are beneficiaries of DACA authorized to be paid</header><text display-inline="no-display-inline">Section 704 of title VII of division E of the Consolidated Appropriations Act, 2016 (<external-xref legal-doc="public-law" parsable-cite="pl/114/113">Public Law 114–113</external-xref>) is amended—</text>
 <paragraph id="H3C5D2B663DA14BC8A2630C2756BE2D9F"><enum>(1)</enum><text>by striking <quote>eligible; or</quote> and inserting <quote>eligible;</quote>; and</text> </paragraph><paragraph id="H058B5B1906BF4E59A3A5413832B4741B"><enum>(2)</enum><text>by striking the semicolon after <quote>owes allegiance to the United States</quote> and inserting the following: <quote>; or (5) is a person who is employed by the House of Representatives or the Senate, and has been issued an employment authorization document under the Deferred Action for Childhood Arrivals Program of the Secretary of Homeland Security, established pursuant to the memorandum from the Secretary of Homeland Security entitled <quote>Exercising Prosecutorial Discretion with Respect to Individuals Who Came to the United States as Children</quote>, dated June 15, 2012:</quote>.</text>
			</paragraph></section></legis-body></bill>


