<?xml version="1.0"?>
<?xml-stylesheet type="text/xsl" href="billres.xsl"?>
<!DOCTYPE bill PUBLIC "-//US Congress//DTDs/bill.dtd//EN" "bill.dtd">
<bill bill-stage="Introduced-in-House" bill-type="olc" dms-id="H760F117C15E248598EF428CB6C315CE6" key="H" public-private="public"><metadata xmlns:dc="http://purl.org/dc/elements/1.1/">
<dublinCore>
<dc:title>115 HR 329 IH: To amend the Internal Revenue Code of 1986 to provide a tax credit for expenses for household and elder care services necessary for gainful employment.</dc:title>
<dc:publisher>U.S. House of Representatives</dc:publisher>
<dc:date>2017-01-05</dc:date>
<dc:format>text/xml</dc:format>
<dc:language>EN</dc:language>
<dc:rights>Pursuant to Title 17 Section 105 of the United States Code, this file is not subject to copyright protection and is in the public domain.</dc:rights>
</dublinCore>
</metadata>
<form>
<distribution-code display="yes">I</distribution-code><congress display="yes">115th CONGRESS</congress><session display="yes">1st Session</session><legis-num display="yes">H. R. 329</legis-num><current-chamber>IN THE HOUSE OF REPRESENTATIVES</current-chamber><action display="yes"><action-date date="20170105">January 5, 2017</action-date><action-desc><sponsor name-id="L000551">Ms. Lee</sponsor> introduced the following bill; which was referred to the <committee-name committee-id="HWM00">Committee on Ways and Means</committee-name></action-desc></action><legis-type>A BILL</legis-type><official-title display="yes">To amend the Internal Revenue Code of 1986 to provide a tax credit for expenses for household and
			 elder care services necessary for gainful employment.</official-title></form>
	<legis-body id="HAEAB8641589F430983EDD50D4921D3CC" style="OLC">
		<section id="HCAD67150311B4971B7151F86D170D998" section-type="section-one"><enum>1.</enum><header>Expenses for household and elder care services necessary for gainful employment</header>
 <subsection id="H6E1148AC41AE4466AC56D980571DE685"><enum>(a)</enum><header>In general</header><text display-inline="yes-display-inline">Subpart A of part IV of subchapter A of <external-xref legal-doc="usc-chapter" parsable-cite="usc-chapter/26/1">chapter 1</external-xref> of the Internal Revenue Code of 1986 is amended by adding at the end the following new section:</text>
				<quoted-block display-inline="no-display-inline" id="H919F907F273D438EA2D2336C6FB7CC24" style="OLC">
					<section id="HF583FACA991E4B85A96B3380A84216D5"><enum>25E.</enum><header>Expenses for household and elder care services necessary for gainful employment</header>
						<subsection id="HA1B52EC723FF42049F496C5BEA3BAB5D"><enum>(a)</enum><header>Allowance of credit</header>
 <paragraph id="H7D7FD0D1A0E343D498B31D153F1EABE1"><enum>(1)</enum><header>In general</header><text>In the case of an individual for which there are one or more qualifying individuals (as defined in subsection (b)(1)) with respect to such individual, there shall be allowed as a credit against the tax imposed by this chapter for the taxable year an amount equal to the applicable percentage of the employment-related expenses (as defined in subsection (b)(2)) paid by such individual during the taxable year.</text>
 </paragraph><paragraph id="HB620006B84F24426A9AD402F90BEE815"><enum>(2)</enum><header>Applicable percentage defined</header><text>For purposes of paragraph (1), the term <term>applicable percentage</term> means 35 percent reduced (but not below 20 percent) by 1 percentage point for each $2,000 (or fraction thereof) by which the taxpayer’s adjusted gross income for the taxable year exceeds $15,000.</text>
 </paragraph></subsection><subsection id="HC52A6CB3633C48449EB9E855DA239376"><enum>(b)</enum><header>Definitions of qualifying individual and employment-Related expenses</header><text>For purposes of this section—</text> <paragraph id="H37BF6844FC7B477B91B53BB46B03EAD0"><enum>(1)</enum><header>Qualifying individual</header><text>The term <term>qualifying individual</term> means an individual who—</text>
 <subparagraph id="H5C0459F6AE434DC3985B4B6B1F100870"><enum>(A)</enum><text>has attained age 50, and</text> </subparagraph><subparagraph id="H22498151233E400B92C5300AF573328D"><enum>(B)</enum><text display-inline="yes-display-inline">is one of the following:</text>
 <clause display-inline="no-display-inline" id="H17EF4CA4CFCE4E88A5E33905077B5E8E"><enum>(i)</enum><text>An individual who bears a relationship to the taxpayer described in subparagraph (C) or (D) of section 152(d)(2) (relating to fathers, mothers, and ancestors).</text>
 </clause><clause id="HC63B8318A0684367B119EFA52D6B54BA"><enum>(ii)</enum><text display-inline="yes-display-inline">An individual would be a dependent of the taxpayer (as defined in section 152, determined without regard to subsections (b)(1) and (b)(2)) as a qualifying relative described in section 152(d)(1) if—</text>
 <subclause id="H255F6DFD88574F3A86201BDDFC56CAAC"><enum>(I)</enum><text>in lieu of subparagraphs (B) and (C) thereof the following applied with respect to the individual:</text> <item id="H1702E7060BEA48E4BC586D411F125D55"><enum>(aa)</enum><text>the taxpayer has provided over one-half of the individual’s support for the calendar year in which such taxable year begins and each of the preceding 4 taxable years, and</text>
 </item><item id="HD176A275B44B4032942BF40381BC6F60"><enum>(bb)</enum><text display-inline="yes-display-inline">the individual’s modified adjusted gross income for the calendar year in which such taxable year begins is less than the exemption amount (as defined in section 151(d)),</text>
 </item></subclause><subclause id="HDA944D376C914AA1BED3E8C7B7FF8E6F"><enum>(II)</enum><text>the individual is physically or mentally incapable of caring for himself or herself, and</text> </subclause><subclause id="HA11C09EE456B40868EF7CE4FCFBCBF1E"><enum>(III)</enum><text>who has the same principal place of abode as the taxpayer for more than one-half of such taxable year.</text>
 </subclause></clause><clause id="H3D073B50809A469B8972C85F6B4DBBC1"><enum>(iii)</enum><text>The spouse of the taxpayer who is physically or mentally incapable of caring for himself or herself.</text>
 </clause></subparagraph></paragraph><paragraph id="H707A9E0B5A7D4B529BC26C605FA4087F"><enum>(2)</enum><header>Modified adjusted gross income</header><text display-inline="yes-display-inline">The term <term>modified adjusted gross income</term> means adjusted gross income determined without regard to section 86.</text> </paragraph><paragraph id="H86E6A4EDEEF84D3B9FA389637CE13CD6"><enum>(3)</enum><header>Employment-related expenses</header> <subparagraph id="H96DBDA8AE74147EC9632CF2A83F60216"><enum>(A)</enum><header>In general</header><text>The term <term>employment-related expenses</term> means amounts paid for the following expenses, but only if such expenses are incurred to enable the taxpayer to be gainfully employed for any period for which there are one or more qualifying individuals with respect to the taxpayer:</text>
 <clause id="H3DD2E169604A47699469B39F5950341B"><enum>(i)</enum><text>expenses for household services, and</text> </clause><clause id="H1210EC5112B346C782C77BD25ECB58E7"><enum>(ii)</enum><text>expenses for the care of a qualifying individual, including expenses for respite care and hospice care.</text>
 </clause></subparagraph><subparagraph id="HD4478621E55344CBB650066322CB2848"><enum>(B)</enum><header>Exception</header><text>Employment-related expenses described in subparagraph (A) which are incurred for services outside the taxpayer’s household shall be taken into account only if incurred for the care of—</text>
 <clause id="HED52468EDFFE4522A97C9CCE825D4173"><enum>(i)</enum><text>a qualifying individual described in paragraph (1)(A), or</text> </clause><clause id="H016BF8EA11424439BB327723E4F4915F"><enum>(ii)</enum><text>a qualifying individual (not described in paragraph (1)(A)) who regularly spends at least 8 hours each day in the taxpayer’s household.</text>
 </clause></subparagraph><subparagraph id="HEF1C4969871F4E7FA0B13EF4FF3CD72F"><enum>(C)</enum><header>Dependent care centers</header><text>Employment-related expenses described in subparagraph (A) which are incurred for services provided outside the taxpayer’s household by a dependent care center (as defined in subparagraph (D)) shall be taken into account only if—</text>
 <clause id="HC90FC95C979944AE91E2845B30B84EDD"><enum>(i)</enum><text>such center complies with all applicable laws and regulations of a State or unit of local government, and</text>
 </clause><clause id="H5378A5EB156E465FADE703901380AE4B"><enum>(ii)</enum><text>the requirements of subparagraph (B) are met.</text> </clause></subparagraph><subparagraph id="HB3FFE5CB539E470AA1CACC70A7C7331B"><enum>(D)</enum><header>Dependent care center defined</header><text>For purposes of this paragraph, the term <term>dependent care center</term> means any facility which—</text>
 <clause id="H006EC6FB0B60496691A750B3B8AFB389"><enum>(i)</enum><text>provides care for more than six individuals (other than individuals who reside at the facility), and</text>
 </clause><clause id="H92A2393A2C5B40569E494E3AFC983841"><enum>(ii)</enum><text>receives a fee, payment, or grant for providing services for any of the individuals (regardless of whether such facility is operated for profit).</text>
 </clause></subparagraph></paragraph></subsection><subsection id="H82AA2A14A15C4852A95D9370A2A40463"><enum>(c)</enum><header>Dollar limit on amount creditable</header><text>The amount of the employment-related expenses incurred during any taxable year which may be taken into account under subsection (a) shall not exceed—</text>
 <paragraph id="H1C03200707FE4BBE8C94D4A8FD0B0A7E"><enum>(1)</enum><text>$3,000 if there is 1 qualifying individual with respect to the taxpayer for such taxable year, or</text> </paragraph><paragraph id="HD65BACF82A4D4300A58BCA549C5E10CF"><enum>(2)</enum><text>$6,000 if there are two or more qualifying individuals with respect to the taxpayer for such taxable year.</text>
							</paragraph><continuation-text continuation-text-level="subsection">The amount determined under paragraph (1) or (2) (whichever is applicable) shall be reduced by the
			 aggregate amount excludable from gross income under section 129 for the
 taxable year.</continuation-text></subsection><subsection id="H66D5AAEB97584049B6DB18B29FF517B5"><enum>(d)</enum><header>Earned income limitation</header><text>Except as otherwise provided in this subsection, the amount of the employment-related expenses incurred during any taxable year which may be taken into account under subsection (a) shall not exceed—</text>
 <paragraph id="HB60888F5A5864B38BE93F97BBE641A52"><enum>(1)</enum><text>in the case of an individual who is not married at the close of such year, such individual’s earned income for such year, or</text>
 </paragraph><paragraph id="H489DF9982F61442CB089A2EE49E0992C"><enum>(2)</enum><text>in the case of an individual who is married at the close of such year, the lesser of such individual’s earned income or the earned income of his spouse for such year.</text>
 </paragraph></subsection><subsection id="HAA0BA031E83248168ECD15ED711F74F8"><enum>(e)</enum><header>Special rules</header><text>For purposes of this section—</text> <paragraph id="HDF75501D303B4ACFBAA17681CC58C8C2"><enum>(1)</enum><header>Place of abode</header><text>An individual shall not be treated as having the same principal place of abode of the taxpayer if at any time during the taxable year of the taxpayer the relationship between the individual and the taxpayer is in violation of local law.</text>
 </paragraph><paragraph id="H51A77DCDCE8B457CA36D6B09158A677F"><enum>(2)</enum><header>Married couples must file joint return</header><text>If the taxpayer is married at the close of the taxable year, the credit shall be allowed under subsection (a) only if the taxpayer and his spouse file a joint return for the taxable year.</text>
 </paragraph><paragraph id="H10ACA6C6A42444D2A147E822312C5E30"><enum>(3)</enum><header>Marital status</header><text>An individual legally separated from his spouse under a decree of divorce or of separate maintenance shall not be considered as married.</text>
 </paragraph><paragraph id="H0959A9C17E6640D4B662DA787E4A62DA"><enum>(4)</enum><header>Certain married individuals living apart</header><text>If—</text> <subparagraph id="H75175E54928F4C7D83D69A216CD446E8"><enum>(A)</enum><text>an individual who is married and who files a separate return—</text>
 <clause id="H65D54F61963B499DA8DD70E5722CD0C6"><enum>(i)</enum><text>maintains as his home a household which constitutes for more than one-half of the taxable year the principal place of abode of a qualifying individual, and</text>
 </clause><clause id="H5422B2FB15BC49C089583E9C1F4E7F76"><enum>(ii)</enum><text>furnishes over half of the cost of maintaining such household during the taxable year, and</text> </clause></subparagraph><subparagraph id="HEFD953F3B72B4E98A7B2B0D3FE67A39A"><enum>(B)</enum><text>during the last 6 months of such taxable year such individual’s spouse is not a member of such household, such individual shall not be considered as married.</text>
 </subparagraph></paragraph><paragraph id="HA0D97DDE54DF4FA39E1DB779708AB509"><enum>(5)</enum><header>Payments to related individuals</header><text>No credit shall be allowed under subsection (a) for any amount paid by the taxpayer to an individual—</text>
 <subparagraph id="H4A55B6562A4F43708A197C5536EE5E91"><enum>(A)</enum><text>with respect to whom, for the taxable year, a deduction under section 151(c) (relating to deduction for personal exemptions for dependents) is allowable either to the taxpayer or his spouse, or</text>
 </subparagraph><subparagraph id="H2356281508AD4AB6A76364C75F27B986"><enum>(B)</enum><text>who is a child of the taxpayer (within the meaning of section 152(f)(1)) who has not attained the age of 19 at the close of the taxable year.</text>
 </subparagraph><continuation-text continuation-text-level="paragraph">For purposes of this paragraph, the term <term>taxable year</term> means the taxable year of the taxpayer in which the service is performed.</continuation-text></paragraph><paragraph id="H519D92473B2B47BAA3AC6527957317BC"><enum>(6)</enum><header>Identifying information required with respect to service provider</header><text>No credit shall be allowed under subsection (a) for any amount paid to any person unless—</text> <subparagraph id="H37FF8A0F1F324EA88A1CF2341D8F14A4"><enum>(A)</enum><text>the name, address, and taxpayer identification number of such person are included on the return claiming the credit, or</text>
 </subparagraph><subparagraph id="H8CD5389B547E42378FF523EE3C7F65BC"><enum>(B)</enum><text>if such person is an organization described in section 501(c)(3) and exempt from tax under section 501(a), the name and address of such person are included on the return claiming the credit.</text>
								</subparagraph><continuation-text continuation-text-level="paragraph">In the case of a failure to provide the information required under the preceding sentence, the
			 preceding sentence shall not apply if it is shown that the taxpayer
			 exercised due diligence in attempting to provide the information so
 required.</continuation-text></paragraph><paragraph id="HAB44A196057D4A9A9AD129B48B2B7C7B"><enum>(7)</enum><header>Identifying information required with respect to qualifying individuals</header><text>No credit shall be allowed under this section with respect to any qualifying individual unless the TIN of such individual is included on the return claiming the credit.</text>
 </paragraph></subsection><subsection id="HB14CF052A8F04801AF001A376A743EC2"><enum>(f)</enum><header>Regulations</header><text>The Secretary shall prescribe such regulations as may be necessary to carry out the purposes of this section.</text></subsection></section><after-quoted-block>.</after-quoted-block></quoted-block>
 </subsection><subsection id="HAB8EF01A779D42BDB3E808B78E4BA87F"><enum>(b)</enum><header>Clerical amendment</header><text display-inline="yes-display-inline">The table of sections for subpart A of part IV of subchapter A of <external-xref legal-doc="usc-chapter" parsable-cite="usc-chapter/26/1">chapter 1</external-xref> of the Internal Revenue Code of 1986 is amended by adding at the end the following new item:</text>
				<quoted-block display-inline="no-display-inline" id="H3D6067D6CF424315B7C1DDE0D74274AB" style="OLC">
					<toc container-level="quoted-block-container" idref="H919F907F273D438EA2D2336C6FB7CC24" lowest-bolded-level="division-lowest-bolded" lowest-level="section" quoted-block="no-quoted-block" regeneration="yes-regeneration">
						<toc-entry idref="HF583FACA991E4B85A96B3380A84216D5" level="section">Sec. 25E. Expenses for household and elder care services necessary for gainful employment.</toc-entry></toc><after-quoted-block>.</after-quoted-block></quoted-block>
 </subsection><subsection id="HAA0011D73C5045D9A9E317CAA7052FD1"><enum>(c)</enum><header>Effective date</header><text>The amendments made by this section shall apply to taxable years beginning after the date of the enactment of this Act.</text>
			</subsection></section></legis-body></bill>


