<?xml version="1.0"?>
<?xml-stylesheet type="text/xsl" href="billres.xsl"?>
<!DOCTYPE bill PUBLIC "-//US Congress//DTDs/bill.dtd//EN" "bill.dtd">
<bill bill-stage="Introduced-in-House" dms-id="HEC95170714E84CDC9892283EF580E302" public-private="public" key="H" bill-type="olc"><form><distribution-code display="yes">I</distribution-code><congress display="yes">115th CONGRESS</congress><session display="yes">1st Session</session><legis-num display="yes">H. R. 629</legis-num><current-chamber>IN THE HOUSE OF REPRESENTATIVES</current-chamber><action display="yes"><action-date date="20170124">January 24, 2017</action-date><action-desc><sponsor name-id="C001062">Mr. Conaway</sponsor> (for himself and <cosponsor name-id="W000815">Mr. Wenstrup</cosponsor>) introduced the following bill; which was referred to the <committee-name committee-id="HVR00">Committee on Veterans' Affairs</committee-name></action-desc></action><legis-type>A BILL</legis-type><official-title display="yes">To amend title 38, United States Code, to clarify the conditions under which certain persons may be treated as adjudicated mentally incompetent for certain purposes.</official-title></form><legis-body id="H4E390F14004B4092BE50382E0211D42F" style="OLC"> 
<section id="H6D37FBD3F6CB4EA08AD342B7FD9D7EC6" section-type="section-one"><enum>1.</enum><header>Short title</header><text display-inline="no-display-inline">This Act may be cited as the <quote><short-title>Veterans 2nd Amendment Protection Act</short-title></quote>.</text></section> <section id="H12F1E0DCEBF345EC80642C413BEC3819" section-type="subsequent-section"><enum>2.</enum><header>Conditions for treatment of certain persons as adjudicated mentally incompetent for certain purposes</header> <subsection id="H62B9254B625242168771EBC89E34BEC9"><enum>(a)</enum><header>In general</header><text><external-xref legal-doc="usc-chapter" parsable-cite="usc-chapter/38/55">Chapter 55</external-xref> of title 38, United States Code, is amended by adding at the end the following new section:</text>
<quoted-block display-inline="no-display-inline" id="HAEC4FFD45BA14FEAAA62735B7F8087CE" style="USC">
<section id="H431B1641EDBA423AA0D1F7E60550BB3B"><enum>5511.</enum><header>Conditions for treatment of certain persons as adjudicated mentally incompetent for certain purposes</header><text display-inline="no-display-inline">In any case arising out of the administration by the Secretary of laws and benefits under this title, a person who is mentally incapacitated, deemed mentally incompetent, or experiencing an extended loss of consciousness shall not be considered adjudicated as a mental defective under subsection (d)(4) or (g)(4) of section 922 of title 18 without the order or finding of a judge, magistrate, or other judicial authority of competent jurisdiction that such person is a danger to himself or herself or others.</text></section><after-quoted-block>.</after-quoted-block></quoted-block></subsection> <subsection id="H6A18758292364A539900EF1B5CAB44DA"><enum>(b)</enum><header>Clerical amendment</header><text>The table of sections at the beginning of chapter 55 of such title is amended by adding at the end the following new item:</text>
<quoted-block id="H490554749547445EAA19D0657D3895E5" style="USC">
<toc>
<toc-entry idref="H431B1641EDBA423AA0D1F7E60550BB3B" level="section">5511. Conditions for treatment of certain persons as adjudicated mentally incompetent for certain purposes.</toc-entry></toc><after-quoted-block>.</after-quoted-block></quoted-block></subsection></section> 
</legis-body></bill>

