<?xml version="1.0"?>
<?xml-stylesheet type="text/xsl" href="billres.xsl"?>
<!DOCTYPE bill PUBLIC "-//US Congress//DTDs/bill.dtd//EN" "bill.dtd">
<bill bill-stage="Introduced-in-House" bill-type="olc" dms-id="HC2F32A79AA3746EABF2C267DE4A0818B" key="H" public-private="public"><metadata xmlns:dc="http://purl.org/dc/elements/1.1/">
<dublinCore>
<dc:title>115 HR 681 IH: Life at Conception Act</dc:title>
<dc:publisher>U.S. House of Representatives</dc:publisher>
<dc:date>2017-01-24</dc:date>
<dc:format>text/xml</dc:format>
<dc:language>EN</dc:language>
<dc:rights>Pursuant to Title 17 Section 105 of the United States Code, this file is not subject to copyright protection and is in the public domain.</dc:rights>
</dublinCore>
</metadata>
<form>
<distribution-code display="yes">I</distribution-code><congress display="yes">115th CONGRESS</congress><session display="yes">1st Session</session><legis-num display="yes">H. R. 681</legis-num><current-chamber>IN THE HOUSE OF REPRESENTATIVES</current-chamber><action display="yes"><action-date date="20170124">January 24, 2017</action-date><action-desc><sponsor name-id="M001195">Mr. Mooney of West Virginia</sponsor> (for himself, <cosponsor name-id="J000289">Mr. Jordan</cosponsor>, <cosponsor name-id="O000168">Mr. Olson</cosponsor>, <cosponsor name-id="S000250">Mr. Sessions</cosponsor>, <cosponsor name-id="H001045">Mr. Harper</cosponsor>, <cosponsor name-id="D000615">Mr. Duncan of South Carolina</cosponsor>, <cosponsor name-id="F000460">Mr. Farenthold</cosponsor>, <cosponsor name-id="C000266">Mr. Chabot</cosponsor>, <cosponsor name-id="N000184">Mrs. Noem</cosponsor>, <cosponsor name-id="D000626">Mr. Davidson</cosponsor>, <cosponsor name-id="A000374">Mr. Abraham</cosponsor>, <cosponsor name-id="P000609">Mr. Palmer</cosponsor>, <cosponsor name-id="Y000033">Mr. Young of Alaska</cosponsor>, <cosponsor name-id="G000576">Mr. Grothman</cosponsor>, <cosponsor name-id="C001051">Mr. Carter of Texas</cosponsor>, <cosponsor name-id="S001183">Mr. Schweikert</cosponsor>, <cosponsor name-id="W000812">Mrs. Wagner</cosponsor>, <cosponsor name-id="F000448">Mr. Franks of Arizona</cosponsor>, <cosponsor name-id="M001184">Mr. Massie</cosponsor>, <cosponsor name-id="M001187">Mr. Meadows</cosponsor>, <cosponsor name-id="J000292">Mr. Johnson of Ohio</cosponsor>, <cosponsor name-id="W000814">Mr. Weber of Texas</cosponsor>, <cosponsor name-id="P000606">Mr. Pittenger</cosponsor>, <cosponsor name-id="B001273">Mrs. Black</cosponsor>, <cosponsor name-id="G000552">Mr. Gohmert</cosponsor>, <cosponsor name-id="L000576">Mr. Long</cosponsor>, <cosponsor name-id="M001151">Mr. Murphy of Pennsylvania</cosponsor>, <cosponsor name-id="M001190">Mr. Mullin</cosponsor>, <cosponsor name-id="Y000065">Mr. Yoho</cosponsor>, <cosponsor name-id="J000297">Mr. Jenkins of West Virginia</cosponsor>, <cosponsor name-id="R000583">Mr. Thomas J. Rooney of Florida</cosponsor>, <cosponsor name-id="M001179">Mr. Marino</cosponsor>, <cosponsor name-id="J000174">Mr. Sam Johnson of Texas</cosponsor>, <cosponsor name-id="A000055">Mr. Aderholt</cosponsor>, <cosponsor name-id="B001275">Mr. Bucshon</cosponsor>, <cosponsor name-id="P000592">Mr. Poe of Texas</cosponsor>, <cosponsor name-id="L000585">Mr. LaHood</cosponsor>, <cosponsor name-id="K000362">Mr. King of Iowa</cosponsor>, <cosponsor name-id="M001201">Mr. Mitchell</cosponsor>, <cosponsor name-id="D000533">Mr. Duncan of Tennessee</cosponsor>, <cosponsor name-id="F000449">Mr. Fortenberry</cosponsor>, <cosponsor name-id="L000569">Mr. Luetkemeyer</cosponsor>, <cosponsor name-id="L000566">Mr. Latta</cosponsor>, <cosponsor name-id="L000564">Mr. Lamborn</cosponsor>, <cosponsor name-id="B001269">Mr. Barletta</cosponsor>, <cosponsor name-id="P000601">Mr. Palazzo</cosponsor>, <cosponsor name-id="J000255">Mr. Jones</cosponsor>, <cosponsor name-id="A000372">Mr. Allen</cosponsor>, <cosponsor name-id="L000573">Mr. Labrador</cosponsor>, <cosponsor name-id="C001096">Mr. Cramer</cosponsor>, <cosponsor name-id="R000598">Mr. Rothfus</cosponsor>, <cosponsor name-id="F000459">Mr. Fleischmann</cosponsor>, <cosponsor name-id="H001059">Mr. Hultgren</cosponsor>, <cosponsor name-id="B000755">Mr. Brady of Texas</cosponsor>, <cosponsor name-id="G000565">Mr. Gosar</cosponsor>, <cosponsor name-id="R000582">Mr. Roe of Tennessee</cosponsor>, <cosponsor name-id="B000213">Mr. Barton</cosponsor>, and <cosponsor name-id="P000258">Mr. Peterson</cosponsor>) introduced the following bill; which was referred to the <committee-name committee-id="HJU00">Committee on the Judiciary</committee-name></action-desc></action><legis-type>A BILL</legis-type><official-title display="yes">To implement equal protection under the 14th article of amendment to the Constitution for the right
			 to life of each born and preborn human person.</official-title></form>
	<legis-body id="H4A9EBF7F98604554B7E1AE500B7233FE" style="OLC">
 <section display-inline="no-display-inline" id="H46E55FB39AB3458AB0AC5D9433D1290E" section-type="section-one"><enum>1.</enum><header>Short title</header><text display-inline="no-display-inline">This Act may be cited as the <quote><short-title>Life at Conception Act</short-title></quote>.</text> </section><section id="HEC2CFF8BC6F64BDBA3532D4C13FB6661"><enum>2.</enum><header>Right to life</header><text display-inline="no-display-inline">To implement equal protection for the right to life of each born and preborn human person, and pursuant to the duty and authority of the Congress, including Congress’ power under article I, section 8, to make necessary and proper laws, and Congress’ power under section 5 of the 14th article of amendment to the Constitution of the United States, the Congress hereby declares that the right to life guaranteed by the Constitution is vested in each human being. However, nothing in this Act shall be construed to authorize the prosecution of any woman for the death of her unborn child.</text>
 </section><section id="H4B8A46009E014083AB72C9CD740FB31A"><enum>3.</enum><header>Definitions</header><text display-inline="no-display-inline">For purposes of this Act:</text> <paragraph id="H35538EC4533D444797BBF76D0D2BA038"><enum>(1)</enum><header>Human person; human being</header><text>The terms <term>human person</term> and <term>human being</term> include each and every member of the species homo sapiens at all stages of life, including the moment of fertilization, cloning, or other moment at which an individual member of the human species comes into being.</text>
 </paragraph><paragraph id="HB8DE2DD3FAC646369B362FB75B8B369B"><enum>(2)</enum><header>State</header><text>The term <term>State</term> used in the 14th article of amendment to the Constitution of the United States and other applicable provisions of the Constitution includes the District of Columbia, the Commonwealth of Puerto Rico, and each other territory or possession of the United States.</text>
			</paragraph></section></legis-body></bill>


