<?xml version="1.0"?>
<?xml-stylesheet type="text/xsl" href="billres.xsl"?>
<!DOCTYPE bill PUBLIC "-//US Congress//DTDs/bill.dtd//EN" "bill.dtd">
<bill bill-stage="Introduced-in-House" bill-type="olc" dms-id="H249A65AD33FB4E05BFBBCEDACB324105" key="H" public-private="public"><metadata xmlns:dc="http://purl.org/dc/elements/1.1/">
<dublinCore>
<dc:title>115 HR 548 IH: Health Care Safety Net Enhancement Act of 2017</dc:title>
<dc:publisher>U.S. House of Representatives</dc:publisher>
<dc:date>2017-01-13</dc:date>
<dc:format>text/xml</dc:format>
<dc:language>EN</dc:language>
<dc:rights>Pursuant to Title 17 Section 105 of the United States Code, this file is not subject to copyright protection and is in the public domain.</dc:rights>
</dublinCore>
</metadata>
<form>
<distribution-code display="yes">I</distribution-code><congress display="yes">115th CONGRESS</congress><session display="yes">1st Session</session><legis-num display="yes">H. R. 548</legis-num><current-chamber>IN THE HOUSE OF REPRESENTATIVES</current-chamber><action display="yes"><action-date date="20170113">January 13, 2017</action-date><action-desc><sponsor name-id="D000604">Mr. Dent</sponsor> (for himself, <cosponsor name-id="L000559">Mr. Langevin</cosponsor>, <cosponsor name-id="S000250">Mr. Sessions</cosponsor>, <cosponsor name-id="K000376">Mr. Kelly of Pennsylvania</cosponsor>, <cosponsor name-id="J000295">Mr. Joyce of Ohio</cosponsor>, <cosponsor name-id="G000565">Mr. Gosar</cosponsor>, and <cosponsor name-id="H001045">Mr. Harper</cosponsor>) introduced the following bill; which was referred to the <committee-name committee-id="HIF00">Committee on Energy and Commerce</committee-name></action-desc></action><legis-type>A BILL</legis-type><official-title display="yes">To improve access to emergency medical services, and for other purposes.</official-title></form>
	<legis-body id="HC8C8DC8A2A4640458CE0F3AAFDDE0DE4" style="OLC">
 <section id="HF5CA4B9B61B443C5993269469A2C7AC2" section-type="section-one"><enum>1.</enum><header>Short title</header><text display-inline="no-display-inline">This Act may be cited as the <quote><short-title>Health Care Safety Net Enhancement Act of 2017</short-title></quote>.</text> </section><section id="H9DE4A868149145029D302F459896DF12"><enum>2.</enum><header>Constitutional authority</header><text display-inline="no-display-inline">The constitutional authority upon which this Act rests is the power of the Congress to provide for the general welfare, to regulate commerce, and to make all laws which shall be necessary and proper for carrying into execution Federal powers, as enumerated in section 8 of article I of the Constitution of the United States.</text>
 </section><section id="H32B55BC0354C4F418086DD81DE1523C0"><enum>3.</enum><header>Protection for emergency and related services furnished pursuant to EMTALA</header><text display-inline="no-display-inline">Section 224(g) of the Public Health Service Act (<external-xref legal-doc="usc" parsable-cite="usc/42/233">42 U.S.C. 233(g)</external-xref>) is amended—</text> <paragraph id="H84765A838FF44D73876382C002C02F82"><enum>(1)</enum><text>in paragraph (4), by striking <quote>An entity</quote> and inserting <quote>Subject to paragraph (6), an entity</quote>; and</text>
 </paragraph><paragraph id="HBF3A35FBFA1A4BCABD1AAF095DE279FB"><enum>(2)</enum><text>by adding at the end the following:</text> <quoted-block id="H1496868B7BE34350A367E9E9C95528F6" style="OLC"> <paragraph id="HA21012F1244C4225B5BA5959697AD34B"><enum>(6)</enum> <subparagraph commented="no" display-inline="yes-display-inline" id="H17D769A48F3743AEBCA6FC182F3527D3"><enum>(A)</enum><text>For purposes of this section—</text>
 <clause id="H6EC974E318954692BED5809F21C7DF1B" indent="up1"><enum>(i)</enum><text>an entity described in subparagraph (B) shall be considered to be an entity described in paragraph (4); and</text>
 </clause><clause id="HBCB90FADD4AB4A4CAD8BBE856A690AF3" indent="up1"><enum>(ii)</enum><text>the provisions of this section shall apply to an entity described in subparagraph (B) in the same manner as such provisions apply to an entity described in paragraph (4), except that—</text>
 <subclause id="HFDF2F471394449FBBB942C290803E3B8"><enum>(I)</enum><text>notwithstanding paragraph (1)(B), the deeming of any entity described in subparagraph (B), or of an officer, governing board member, employee, contractor, or on-call provider of such an entity, to be an employee of the Public Health Service for purposes of this section shall apply only with respect to items and services that are furnished to an individual pursuant to section 1867 of the Social Security Act and to post stabilization services (as defined in subparagraph (D)) furnished to such an individual;</text>
 </subclause><subclause id="H7B0446CA642D40869F1287ADE63D695A"><enum>(II)</enum><text>nothing in paragraph (1)(D) shall be construed as preventing a physician or physician group described in subparagraph (B)(ii) from making the application referred to in such paragraph or as conditioning the deeming of a physician or physician group that makes such an application upon receipt by the Secretary of an application from the hospital or emergency department that employs or contracts with the physician or group, or enlists the physician or physician group as an on-call provider;</text>
 </subclause><subclause id="H239DCD1DF0A44F02BA09148B459A0DC5"><enum>(III)</enum><text>notwithstanding paragraph (3), this paragraph shall apply only with respect to causes of action arising from acts or omissions that occur on or after January 1, 2016;</text>
 </subclause><subclause id="HB6A685449CF64822B2DF1D281CC09D84"><enum>(IV)</enum><text>paragraph (5) shall not apply to a physician or physician group described in subparagraph (B)(ii);</text> </subclause><subclause id="H90726B2BDB174E6990F935FB7565B2A3"><enum>(V)</enum><text>the Attorney General, in consultation with the Secretary, shall make separate estimates under subsection (k)(1) with respect to entities described in subparagraph (B) and entities described in paragraph (4) (other than those described in subparagraph (B)), and the Secretary shall establish separate funds under subsection (k)(2) with respect to such groups of entities, and any appropriations under this subsection for entities described in subparagraph (B) shall be separate from the amounts authorized by subsection (k)(2);</text>
 </subclause><subclause id="H73E033B2663845E28DE21FC5BD452120"><enum>(VI)</enum><text>notwithstanding subsection (k)(2), the amount of the fund established by the Secretary under such subsection with respect to entities described in subparagraph (B) may exceed a total of $10,000,000 for a fiscal year; and</text>
 </subclause><subclause id="H4BB728A7984945329D4AFE26EE780380"><enum>(VII)</enum><text>subsection (m) shall not apply to entities described in subparagraph (B).</text> </subclause></clause></subparagraph><subparagraph id="H4562D6F272A84467A6C9457BDD7561CD" indent="up1"><enum>(B)</enum><text>An entity described in this subparagraph is—</text>
 <clause id="H8A867E173E4848F9A0E8C9174F5EF567"><enum>(i)</enum><text>a hospital or an emergency department to which section 1867 of the Social Security Act applies; and</text> </clause><clause id="HA3F4F0FE0E35493F8D0FD32FD7A72FD8"><enum>(ii)</enum><text>a physician or physician group that is employed by, is under contract with, or is an on-call provider of such hospital or emergency department, to furnish items and services to individuals under such section.</text>
 </clause></subparagraph><subparagraph id="H2DF7E222101B4EFEB15A3F00A8D6473F" indent="up1"><enum>(C)</enum><text>For purposes of this paragraph, the term <term>on-call provider</term> means a physician or physician group that—</text> <clause id="HE0BC79BD23834FC6873693CC05E6A453"><enum>(i)</enum><text>has full, temporary, or locum tenens staff privileges at a hospital or emergency department to which section 1867 of the Social Security Act applies; and</text>
 </clause><clause id="H722678B8DB424176A2B2EDC14A051E39"><enum>(ii)</enum><text>is not employed by or under contract with such hospital or emergency department, but agrees to be ready and available to provide services pursuant to section 1867 of the Social Security Act or post stabilization services to individuals being treated in the hospital or emergency department with or without compensation from the hospital or emergency department.</text>
 </clause></subparagraph><subparagraph id="H08C9EEADF77B47EAB4B1ED058FA1629B" indent="up1"><enum>(D)</enum><text>For purposes of this paragraph, the term <term>post stabilization services</term> means, with respect to an individual who has been treated by an entity described in subparagraph (B) for purposes of complying with section 1867 of the Social Security Act, services that are—</text>
 <clause id="HA4B3C2AA5E3243F591CF7E5F9B87ED07"><enum>(i)</enum><text>related to the condition that was so treated; and</text> </clause><clause id="H619AD7012DD44A86A0AA8814D8BBCF16"><enum>(ii)</enum><text>provided after the individual is stabilized in order to maintain the stabilized condition or to improve or resolve the condition of the individual.</text>
							</clause></subparagraph><subparagraph id="HFFA32CC62AAE43D6B99109EBDA7D3651" indent="up1"><enum>(E)</enum>
 <clause commented="no" display-inline="yes-display-inline" id="H1209296BE9754C6A9DB67D0F53F642DC"><enum>(i)</enum><text>Nothing in this paragraph (or in any other provision of this section as such provision applies to entities described in subparagraph (B) by operation of subparagraph (A)) shall be construed as authorizing or requiring the Secretary to make payments to such entities, the budget authority for which is not provided in advance by appropriation Acts.</text>
 </clause><clause id="H2209AF0564B141DB8D8DCBDFE4C492DD" indent="up1"><enum>(ii)</enum><text>The Secretary shall limit the total amount of payments under this paragraph for a fiscal year to the total amount appropriated in advance by appropriation Acts for such purpose for such fiscal year. If the total amount of payments that would otherwise be made under this paragraph for a fiscal year exceeds such total amount appropriated, the Secretary shall take such steps as may be necessary to ensure that the total amount of payments under this paragraph for such fiscal year does not exceed such total amount appropriated.</text></clause></subparagraph></paragraph><after-quoted-block>.</after-quoted-block></quoted-block>
			</paragraph></section></legis-body></bill>


