<?xml version="1.0"?>
<?xml-stylesheet type="text/xsl" href="billres.xsl"?>
<!DOCTYPE bill PUBLIC "-//US Congress//DTDs/bill.dtd//EN" "bill.dtd">
<bill bill-stage="Introduced-in-House" bill-type="olc" dms-id="H3A916174D24F4FEA860CBD3B9DAE07E5" key="H" public-private="public"><metadata xmlns:dc="http://purl.org/dc/elements/1.1/">
<dublinCore>
<dc:title>115 HR 185 IH: Territorial Economic Growth and Recovery Act of 2017</dc:title>
<dc:publisher>U.S. House of Representatives</dc:publisher>
<dc:date>2017-01-03</dc:date>
<dc:format>text/xml</dc:format>
<dc:language>EN</dc:language>
<dc:rights>Pursuant to Title 17 Section 105 of the United States Code, this file is not subject to copyright protection and is in the public domain.</dc:rights>
</dublinCore>
</metadata>
<form>
<distribution-code display="yes">I</distribution-code><congress display="yes">115th CONGRESS</congress><session display="yes">1st Session</session><legis-num display="yes">H. R. 185</legis-num><current-chamber>IN THE HOUSE OF REPRESENTATIVES</current-chamber><action display="yes"><action-date date="20170103">January 3, 2017</action-date><action-desc><sponsor name-id="P000610">Ms. Plaskett</sponsor> (for herself and <cosponsor name-id="B001245">Ms. Bordallo</cosponsor>) introduced the following bill; which was referred to the <committee-name committee-id="HWM00">Committee on Ways and Means</committee-name></action-desc></action><legis-type>A BILL</legis-type><official-title display="yes">To amend the Internal Revenue Code of 1986 to provide for economic recovery in the Virgin Islands
			 and Guam, and for other purposes.</official-title></form>
	<legis-body id="H39AB8425B7764D42A196475C7DE42044" style="OLC">
 <section id="HAD0C1EBD099E4161BDC40004448BAF92" section-type="section-one"><enum>1.</enum><header>Short title</header><text display-inline="no-display-inline">This Act may be cited as the <quote><short-title>Territorial Economic Growth and Recovery Act of 2017</short-title></quote>.</text> </section><section id="H22572E1F80D34A85B763AB4E8B354A00" section-type="subsequent-section"><enum>2.</enum><header>Repeal of limitation on cover over of distilled spirits taxes</header> <subsection id="H1409396572124B8A80A02713304E9DB2"><enum>(a)</enum><header>In general</header><text display-inline="yes-display-inline"><external-xref legal-doc="usc" parsable-cite="usc/26/7652">Section 7652(f)</external-xref> of the Internal Revenue Code of 1986 is repealed.</text>
 </subsection><subsection id="HAFB9642995F44CBE97B4F7B01996766D"><enum>(b)</enum><header>Effective date</header><text>The amendment made by this section shall apply to distilled spirits brought into the United States after December 31, 2016.</text>
			</subsection></section><section id="H772717683A2E48829020589F43BC9D16"><enum>3.</enum><header>Payments to United States territories and possessions</header>
 <subsection id="HD4B7C6E81C2F4462BA42A2E98BC88E0F"><enum>(a)</enum><header>Earned income credit</header><text display-inline="yes-display-inline"><external-xref legal-doc="usc" parsable-cite="usc/26/32">Section 32</external-xref> of the Internal Revenue Code of 1986 is amended by adding at the end the following:</text> <quoted-block display-inline="no-display-inline" id="HD522045E97FB4E6C8A514F2EC32701DB" style="OLC"> <subsection id="HB5CD1FF97A784CFDA288000447159FB1"><enum>(n)</enum><header>Treatment of possessions</header> <paragraph id="HA744673D2A274AAD96E90668737F00EE"><enum>(1)</enum><header>Payments to possessions</header> <subparagraph id="H31B031A22724401FA732BD0B2844500B"><enum>(A)</enum><header>Mirror code possession</header><text>The Secretary of the Treasury shall periodically (but not less frequently than annually) pay to each possession of the United States with a mirror code tax system amounts equal to the loss to that possession by reason of the application of this section (determined without regard to paragraph (2)) with respect to taxable years beginning after December 31, 2016. Such amounts shall be determined by the Secretary of the Treasury based on information provided by the government of the respective possession.</text>
 </subparagraph><subparagraph id="HDE14479514D940DEA0CB104F8926B319"><enum>(B)</enum><header>Other possessions</header><text>The Secretary of the Treasury shall periodically (but no less frequently than annually) pay to each possession of the United States which does not have a mirror code tax system amounts estimated by the Secretary of the Treasury as being equal to the aggregate benefits that would have been provided to residents of such possession by reason of the application of this section for taxable years beginning after December 31, 2016, if a mirror code tax system had been in effect in such possession. The preceding sentence shall not apply with respect to any possession of the United States unless such possession has a plan, which has been approved by the Secretary of the Treasury, under which such possession will promptly distribute such payments to the residents of such possession.</text>
 </subparagraph></paragraph><paragraph id="H29C777CAECF4400183C7F6ABF914500E"><enum>(2)</enum><header>Coordination with credit allowed against United States income taxes</header><text>No credit shall be allowed under this section for any taxable year to any person—</text> <subparagraph id="H29FE2E19C08E42BA8704A62273E25A25"><enum>(A)</enum><text>to whom a credit is allowed against taxes imposed by the possession by reason of this section (determined without regard to this paragraph) for such taxable year, or</text>
 </subparagraph><subparagraph id="HC62B2DE7AF144A5ABD79847507DEF01D"><enum>(B)</enum><text>who is eligible for a payment under a plan described in paragraph (1)(B) with respect to such taxable year.</text>
							</subparagraph></paragraph><paragraph id="H9A5CECF7385A4FF5AACE590490EB00F0"><enum>(3)</enum><header>Definitions and special rules</header>
 <subparagraph id="H93B9E9F44C32464589DCC917363CCB1E"><enum>(A)</enum><header>Possession of the United States</header><text>For purposes of this subsection, the term <quote>possession of the United States</quote> includes the Commonwealth of Puerto Rico and the Commonwealth of the Northern Mariana Islands.</text> </subparagraph><subparagraph id="H27911DE0CFED423B8CDF9D04DC497802"><enum>(B)</enum><header>Mirror code tax system</header><text>For purposes of this subsection, the term <quote>mirror code tax system</quote> means, with respect to any possession of the United States, the income tax system of such possession if the income tax liability of the residents of such possession under such system is determined by reference to the income tax laws of the United States as if such possession were the United States, and such system includes a tax credit substantially identical to the credit allowed under this section.</text>
 </subparagraph><subparagraph id="HA99970556B25484BAC6B14B09DED6DAA"><enum>(C)</enum><header>Treatment of payments</header><text>For purposes of section 1324(b)(2) of title 31, United States Code, or any similar rule of law, any payment made under this subsection shall be treated in the same manner as a refund due from the credit allowed under this section.</text></subparagraph></paragraph></subsection><after-quoted-block>.</after-quoted-block></quoted-block>
 </subsection><subsection id="HF31DE8D793894AD6845F6FB26B50D3AF"><enum>(b)</enum><header>Child tax credit</header><text display-inline="yes-display-inline">Section 24 of such Code is amended by adding at the end the following:</text> <quoted-block display-inline="no-display-inline" id="H41FD9515D3A843B9B55F0D506CADB13B" style="OLC"> <subsection id="HE70F71153351451BA76590B2A6F30B5A"><enum>(h)</enum><header>Payments to Virgin Islands and Guam for lost revenue</header><text display-inline="yes-display-inline">The Secretary shall make annual payments to the Virgin Islands and to Guam in amounts equal to the aggregate loss to the Virgin Islands or Guam, as the case may be, by reason of the application of this section with respect to taxable years beginning after 2016. Such amounts shall be determined by the Secretary based on information provided by the Virgin Islands and Guam. For purposes of section 1324(b)(2) of title 31, United States Code, the payments under this subsection shall be treated in the same manner as a refund due from the credit allowed under this section.</text></subsection><after-quoted-block>.</after-quoted-block></quoted-block>
 </subsection><subsection id="HA5BBD961EEC04A4FB9D5C8C87BC3C9C8"><enum>(c)</enum><header>Effective date</header><text display-inline="yes-display-inline">The amendments made by this section shall apply with respect to taxable years beginning after December 31, 2016.</text>
 </subsection></section><section id="H2AFFBA0E0C09455DA92F7554D96817C1"><enum>4.</enum><header>Study and report regarding Virgin Islands public pension plans</header><text display-inline="no-display-inline">Not later than 6 months after the date of the enactment of this Act, the Joint Board for the Enrollment of Actuaries established under section 3041 of the Employee Retirement Income Security Act of 1974 (<external-xref legal-doc="usc" parsable-cite="usc/29/1241">29 U.S.C. 1241</external-xref>) shall report to the Office of Domestic Finance of the Department of the Treasury on recommendations on actions that would be necessary to ensure that the public pension plans of the Virgin Islands can be sustainably maintained and funded by the government of the Virgin Islands for the next 20 years.</text>
		</section></legis-body></bill>


