<?xml version="1.0"?>
<?xml-stylesheet type="text/xsl" href="billres.xsl"?>
<!DOCTYPE bill PUBLIC "-//US Congress//DTDs/bill.dtd//EN" "bill.dtd">
<bill bill-stage="Introduced-in-House" bill-type="olc" dms-id="HAD3C05A4458446EC9DF1304ECD47D84C" key="H" public-private="public"><metadata xmlns:dc="http://purl.org/dc/elements/1.1/">
<dublinCore>
<dc:title>115 HR 146 IH: Eastern Band Cherokee Historic Lands Reacquisition Act</dc:title>
<dc:publisher>U.S. House of Representatives</dc:publisher>
<dc:date>2017-01-03</dc:date>
<dc:format>text/xml</dc:format>
<dc:language>EN</dc:language>
<dc:rights>Pursuant to Title 17 Section 105 of the United States Code, this file is not subject to copyright protection and is in the public domain.</dc:rights>
</dublinCore>
</metadata>
<form>
<distribution-code display="yes">I</distribution-code><congress display="yes">115th CONGRESS</congress><session display="yes">1st Session</session><legis-num display="yes">H. R. 146</legis-num><current-chamber>IN THE HOUSE OF REPRESENTATIVES</current-chamber><action display="yes"><action-date date="20170103">January 3, 2017</action-date><action-desc><sponsor name-id="F000459">Mr. Fleischmann</sponsor> introduced the following bill; which was referred to the <committee-name committee-id="HII00">Committee on Natural Resources</committee-name></action-desc></action><legis-type>A BILL</legis-type><official-title display="yes">To take certain Federal lands in Tennessee into trust for the benefit of the Eastern Band of
			 Cherokee Indians, and for other purposes.</official-title></form>
	<legis-body id="HF8ACD5B83D374FC7A9BBC36A2CA0F445" style="OLC">
 <section id="H290A8812F440498A9257D12FD3244C74" section-type="section-one"><enum>1.</enum><header>Short title</header><text display-inline="no-display-inline">This Act may be cited as the <quote><short-title>Eastern Band Cherokee Historic Lands Reacquisition Act</short-title></quote>.</text> </section><section id="HDC2B8E1B8D6C4554B394518A0D173B52"><enum>2.</enum><header>Land taken into trust for the Eastern Band of Cherokee Indians</header> <subsection id="HBBA99BD715C543F3A1EF4909C28009CC"><enum>(a)</enum><header>Lands into trust</header><text>Subject to such rights of record as may be vested in third parties to rights-of-way or other easements or rights-of-record for roads, utilities, or other purposes, the following Federal lands on or above the 820-foot (MSL) contour elevation in Monroe County, Tennessee, on the shores of Tellico Reservoir, are taken into trust by the United States for the benefit of the Eastern Band of Cherokee Indians:</text>
 <paragraph id="H2F527C1253034BF7BC7050604C0AF91C"><enum>(1)</enum><header>Sequoyah Museum Property</header><text display-inline="yes-display-inline">Approximately 46.0 acres of land generally depicted as <quote>Sequoyah Museum</quote>, <quote>Parcel 1</quote>, and <quote>Parcel 2</quote> on the map titled <quote>Eastern Band of Cherokee Historic Lands Reacquisition Map 1</quote> and dated April 30, 2015.</text> </paragraph><paragraph id="HFC4B9907FE754F18B49DC0CDFE60F723"><enum>(2)</enum><header>Support Property</header><text display-inline="yes-display-inline">Approximately 11.9 acres of land generally depicted as <quote>Support Parcel</quote> on the map titled <quote>Eastern Band of Cherokee Historic Lands Reacquisition Map 2</quote> and dated April 30, 2015.</text>
 </paragraph><paragraph id="HC8E49440B7364DC6AF4D184CF9B10A62"><enum>(3)</enum><header>Chota Memorial Property and Tanasi Memorial Property</header><text display-inline="yes-display-inline">Approximately 18.2 acres of land generally depicted as <quote>Chota Memorial 1</quote> and <quote>Tanasi Memorial</quote> on the map titled <quote>Eastern Band of Cherokee Historic Lands Reacquisition Map 3</quote> and dated April 30, 2015, and including the Chota Memorial and all land within a circle with a radius of 86 feet measured from the center of the Chota Memorial without regard to the elevation of the land within the circle.</text>
 </paragraph></subsection><subsection id="HDA59CE968F5343F6A3597C461469F742"><enum>(b)</enum><header>Property on lands</header><text>In addition to the land taken into trust by subsection (a), the improvements on and appurtenances thereto, including memorials, are and shall remain the property of the Eastern Band of Cherokee Indians.</text>
 </subsection><subsection id="H1C699B503E974C15AED66AC8F91D80BE"><enum>(c)</enum><header>Revised Maps</header><text>Not later than one year after the date of a land transaction made pursuant to this section, the Secretary of the Interior, after consultation with the Eastern Band of Cherokee Indians and the Tennessee Valley Authority, shall submit revised maps that depict the land taken into trust under this section, including any corrections made to the maps described in this section to the Committee on Natural Resources of the House of Representatives and the Committee on Indian Affairs of the Senate.</text>
 </subsection><subsection id="H31F92BDC9EC240938E1462330053D96C"><enum>(d)</enum><header>Contour elevation clarification</header><text display-inline="yes-display-inline">The contour elevations referred to in this Act are based on MSL Datum as established by the NGS Southeastern Supplementary Adjustment of 1936 (NGVD29).</text>
 </subsection><subsection id="HEDA9405A1D164D17959405D770E4029A"><enum>(e)</enum><header>Conditions</header><text>The lands taken into trust under this section shall be subject to the conditions described in section 5.</text>
			</subsection></section><section id="HCFDBF116023742FEA1B06BCD22C0E44A"><enum>3.</enum><header>Permanent easements taken into trust for the Eastern Band of Cherokee Indians</header>
 <subsection id="HC4DD443D9EEF4DBBA350851BDEC8B750"><enum>(a)</enum><header>Permanent easements</header><text>The following permanent easements for land below the 820-foot (MSL) contour elevation for the following Federal lands in Monroe County, Tennessee, on the shores of Tellico Reservoir, are hereby taken into trust by the United States for the benefit of the Eastern Band of Cherokee Indians:</text>
 <paragraph id="H0ED129D1C1CE4EBB84FB4F581682B20E"><enum>(1)</enum><header>Chota Peninsula</header><text display-inline="yes-display-inline">Approximately 8.5 acres of land generally depicted as <quote>Chota Memorial 2</quote> on the map titled <quote>Eastern Band of Cherokee Historic Lands Reacquisition Map 3</quote> and dated April 30, 2015.</text> </paragraph><paragraph id="H91787AE7C076496A8BD3841B64D60AFD"><enum>(2)</enum><header>Chota-Tanasi Trail</header><text display-inline="yes-display-inline">Approximately 11.4 acres of land generally depicted as <quote>Chota-Tanasi Trail</quote> on the map titled <quote>Eastern Band of Cherokee Historic Lands Reacquisition Map 3</quote> and dated April 30, 2015.</text>
 </paragraph></subsection><subsection id="H9CF5F600962745E2A6C01EDE0DEA6402"><enum>(b)</enum><header>Revised Maps</header><text display-inline="yes-display-inline">Not later than one year after the date of a land transaction made pursuant to this section, the Secretary of the Interior, after consultation with the Eastern Band of Cherokee Indians and the Tennessee Valley Authority, shall submit to the Subcommittee on Indian, Insular and Alaska Native Affairs of the House of Representatives and the Committee on Indian Affairs of the Senate revised maps that depict the lands subject to easements taken into trust under this section, including any corrections necessary to the maps described in this section.</text>
 </subsection><subsection id="H3471D76C92E2425F882BC43818370B0B"><enum>(c)</enum><header>Conditions</header><text display-inline="yes-display-inline">The lands subject to easements taken into trust under this section shall be subject to the use rights and conditions described in section 5.</text>
			</subsection></section><section id="HA8C5C7DEEBD342ACB5F7518974EBD708"><enum>4.</enum><header>Trust administration and purposes</header>
 <subsection id="HEE6111A560704F3E929E9F0C04231EEE"><enum>(a)</enum><header>Applicable laws</header><text display-inline="yes-display-inline">Except as described in section 5, the lands subject to this Act shall be administered under the laws and regulations generally applicable to lands and interests in lands held in trust on behalf of Indian Tribes.</text>
 </subsection><subsection id="H5EA9BD2C4B874664BD42C35442117546"><enum>(b)</enum><header>Use of land</header><text display-inline="yes-display-inline">Except the lands described in section 2(a)(2), the lands subject to this Act shall be used principally for memorializing and interpreting the history and culture of Indians and recreational activities, including management, operation, and conduct of programs of and for—</text>
 <paragraph id="HA263B30FFEFC49E68B355CBD713EBB6E"><enum>(1)</enum><text>the Sequoyah birthplace memorial and museum;</text> </paragraph><paragraph id="H4B8166DA352147C582BFFB4191695FB7"><enum>(2)</enum><text>the memorials to Chota and Tanasi as former capitals of the Cherokees;</text>
 </paragraph><paragraph id="HFEF407A5EBCF4460917F88B811E08A24"><enum>(3)</enum><text display-inline="yes-display-inline">the memorial and place of reinterment for remains of the Eastern Band of Cherokee Indians and other Cherokee tribes, including those human remains and cultural items that are repatriated by the Tennessee Valley Authority to those Cherokee tribes under the National Graves Protection and Repatriation Act; and</text>
 </paragraph><paragraph id="H9A74EE6FF4F8494494FF69DFCE15896B"><enum>(4)</enum><text>interpreting the Trail of Tears National Historic Trail.</text> </paragraph></subsection><subsection id="HCA1ECDF0317845B69CCC22C5289A738E"><enum>(c)</enum><header>Use of support property</header><text display-inline="yes-display-inline">The land described in section 2(a)(2) shall be used principally for the support of lands subject to this Act and the programs offered by the Tribe relating to such lands and their purposes including—</text>
 <paragraph id="HD17901C8D0FA4049A230F8A487440CDF"><enum>(1)</enum><text>classrooms and conference rooms;</text> </paragraph><paragraph id="H8438532D6DBF4A5C81407CFCA0ABAB4D"><enum>(2)</enum><text>cultural interpretation and education programs;</text>
 </paragraph><paragraph id="H60341529F0A14E4983FE5B5499E53C84"><enum>(3)</enum><text>temporary housing of guests participating in such programs or the management of the properties and programs; and</text>
 </paragraph><paragraph id="HF6E0FB9B95E14B3CB2AC848EEF0A07C7"><enum>(4)</enum><text>headquarters offices and support space for the trust properties and programs.</text> </paragraph></subsection><subsection id="H7B2F451713514E53A4E2BCF0FA9B1A7D"><enum>(d)</enum><header>Land use</header><text>The principal purposes of the use of the land described in section 3(a)—</text>
 <paragraph id="H6D7EFBE6AC8C496A82BEA71BF2D95E13"><enum>(1)</enum><text>paragraph (1), shall be for a recreational trail from the general vicinity of the parking lot to the area of the Chota Memorial and beyond to the southern portion of the peninsula, including interpretive signs, benches, and other compatible improvements; and</text>
 </paragraph><paragraph id="HEBAF7CF984FF4B2B912B244CC831157A"><enum>(2)</enum><text>paragraph (2), shall be for a recreational trail between the Chota and Tanasi Memorials, including interpretive signs, benches, and other compatible improvements.</text>
				</paragraph></subsection></section><section id="HC6E7A0FC88F246948598741A56E1C9BC"><enum>5.</enum><header>Use rights, conditions</header>
 <subsection id="HC6AAF1B559E84218BE567E191CD4086F"><enum>(a)</enum><header>Flooding of land and roads</header><text display-inline="yes-display-inline">The Tennessee Valley Authority may temporarily and intermittently flood the lands subject to this Act that lie below the 824-foot (MSL) contour elevation and the road access to such lands that lie below the 824-foot (MSL) contour elevation.</text>
 </subsection><subsection id="H0DE169F3C6D34BE1837823CF710CE307"><enum>(b)</enum><header>Facilities and structures</header><text>The Eastern Band of Cherokee Indians may construct, own, operate, and maintain—</text> <paragraph id="H19378B2F2AD54CFA88FAC3323FBDD639"><enum>(1)</enum><text>water use facilities and nonhabitable structures, facilities, and improvements not subject to serious damage if temporarily flooded on the land adjoining the Tellico Reservoir side of the lands subject to this Act that lie between the 815-foot and 820-foot (MSL) contour elevations, but only after having received written consent from the Tennessee Valley Authority and subject to the terms of such approval; and</text>
 </paragraph><paragraph id="H7272082DC72A482C98633E35DF0771B9"><enum>(2)</enum><text>water use facilities between the 815-foot (MSL) contour elevations on the Tellico Reservoir side of the lands subject to this Act and the adjacent waters of Tellico Reservoir and in and on such waters after having received written consent from the Tennessee Valley Authority and subject to the terms of such approval, but may not construct, own, operate, or maintain other nonhabitable structures, facilities, and improvements on such lands.</text>
 </paragraph></subsection><subsection id="H59B456FA992D490EBB34AB4ECF72CE67"><enum>(c)</enum><header>Ingress and egress</header><text>The Eastern Band of Cherokee Indians may use the lands subject to this Act and Tellico Reservoir for ingress and egress to and from such land and the waters of the Tellico Reservoir and to and from all structures, facilities, and improvements maintained in, on, or over such land or waters.</text>
 </subsection><subsection id="HB7E97167713D41F4B8951C531472223C"><enum>(d)</enum><header>River control and development</header><text display-inline="yes-display-inline">The use rights under this section may not be exercised so as to interfere in any way with the Tennessee Valley Authority’s statutory program for river control and development.</text>
 </subsection><subsection id="HBB293400802D41CC8C8A84EE42B15A55"><enum>(e)</enum><header>TVA authorities</header><text>Nothing in this Act shall be construed to affect the right of the Tennessee Valley Authority to—</text> <paragraph id="HF72FA51B3CFA4A6B96F489D0E5E62524"><enum>(1)</enum><text>draw down Tellico Reservoir;</text>
 </paragraph><paragraph id="HA21895A043A84FC391847E1C4E86DC4F"><enum>(2)</enum><text>fluctuate the water level thereof as may be necessary for its management of the Reservoir; or</text> </paragraph><paragraph id="HEAB79E3D04E14CB78ACE6624ADD87297"><enum>(3)</enum><text>permanently flood lands adjacent to lands subject to this Act that lie below the 815-foot (MSL) contour elevation.</text>
 </paragraph></subsection><subsection id="H944D4FB6B6594CDD92B2B1D896585203"><enum>(f)</enum><header>Right of entry</header><text display-inline="yes-display-inline">The lands subject to this Act shall be subject to a reasonable right of entry by the personnel of the Tennessee Valley Authority and agents of the Tennessee Valley Authority operating in their official capacities as necessary for purposes of carrying out the Tennessee Valley Authority’s statutory program for river control and development.</text>
 </subsection><subsection id="HB692C3656065452B97CC4E3189FEB53A"><enum>(g)</enum><header>Entry onto land</header><text display-inline="yes-display-inline">To the extent that the Tennessee Valley Authority’s operations on the lands subject to this Act do not unreasonably interfere with the Eastern Band of Cherokee Indians’ maintenance of an appropriate setting for the memorialization of Cherokee history or culture on the lands and its operations on the lands, the Eastern Band of Cherokee Indians shall allow the Tennessee Valley Authority to enter the lands to clear, ditch, dredge, and drain said lands and apply larvicides and chemicals thereon or to conduct bank protection work and erect structures necessary in the promotion and furtherance of public health, flood control, and navigation.</text>
 </subsection><subsection id="HCC90ECEEA4A444A282B08D2E0C429013"><enum>(h)</enum><header>Loss of hydropower capacity</header><text display-inline="yes-display-inline">All future development of the lands subject to this Act shall be subject to compensation to the Tennessee Valley Authority for loss of hydropower capacity as provided in the Tennessee Valley Authority Flood Control Storage Loss Guideline, unless agreed to otherwise by the Tennessee Valley Authority.</text>
 </subsection><subsection id="H9BE33D96F2F04F5DACC9321AA8879F86"><enum>(i)</enum><header>Protection from liability</header><text>The Tennessee Valley Authority shall not be liable for any loss or damage resulting from—</text> <paragraph id="HA3951321C2C342A395465EA29697014F"><enum>(1)</enum><text display-inline="yes-display-inline">the temporary and intermittent flooding of lands subject to this Act;</text>
 </paragraph><paragraph id="HEB07B17736A8422281C10841A6FA2B78"><enum>(2)</enum><text>the permanent flooding of adjacent lands as provided in this section;</text> </paragraph><paragraph id="HE02453C2F0B0496B9D8D8E32E98A4852"><enum>(3)</enum><text>wave action in Tellico Reservoir; or</text>
 </paragraph><paragraph id="H04B31E349F6C45A3BA8ECA7B65B63E05"><enum>(4)</enum><text>fluctuation of water levels for purposes of managing Tellico Reservoir.</text> </paragraph></subsection></section><section id="HE876CAB38FE94114A1F037CF1AE19A6F"><enum>6.</enum><header>Lands Subject to the Act</header><text display-inline="no-display-inline">For the purposes of this Act, the term <term>lands subject to this Act</term> means lands and interests in lands (including easements) taken into trust for the benefit of the Eastern Band of Cherokee Indians pursuant to or under this Act.</text>
 </section><section id="H39C405814D324B00B72E9029C31E3EFE"><enum>7.</enum><header>Gaming Prohibition</header><text display-inline="no-display-inline">No class II or class III gaming, as defined in the Indian Gaming Regulatory Act (<external-xref legal-doc="usc" parsable-cite="usc/25/2701">25 U.S.C. 2701 et seq.</external-xref>), shall be conducted on lands subject to this Act.</text>
		</section></legis-body></bill>


