<?xml version="1.0"?>
<?xml-stylesheet type="text/xsl" href="billres.xsl"?>
<!DOCTYPE bill PUBLIC "-//US Congress//DTDs/bill.dtd//EN" "bill.dtd">
<bill bill-stage="Introduced-in-House" bill-type="olc" dms-id="H9ADFBBDB98514B199D02599A193371B6" key="H" public-private="public"><metadata xmlns:dc="http://purl.org/dc/elements/1.1/">
<dublinCore>
<dc:title>115 HR 241 IH: Timely Repatriation Act</dc:title>
<dc:publisher>U.S. House of Representatives</dc:publisher>
<dc:date>2017-01-04</dc:date>
<dc:format>text/xml</dc:format>
<dc:language>EN</dc:language>
<dc:rights>Pursuant to Title 17 Section 105 of the United States Code, this file is not subject to copyright protection and is in the public domain.</dc:rights>
</dublinCore>
</metadata>
<form>
<distribution-code display="yes">I</distribution-code><congress display="yes">115th CONGRESS</congress><session display="yes">1st Session</session><legis-num display="yes">H. R. 241</legis-num><current-chamber>IN THE HOUSE OF REPRESENTATIVES</current-chamber><action display="yes"><action-date date="20170104">January 4, 2017</action-date><action-desc><sponsor name-id="P000592">Mr. Poe of Texas</sponsor> (for himself, <cosponsor name-id="B001248">Mr. Burgess</cosponsor>, <cosponsor name-id="H001071">Mr. Jody B. Hice of Georgia</cosponsor>, <cosponsor name-id="G000565">Mr. Gosar</cosponsor>, <cosponsor name-id="W000814">Mr. Weber of Texas</cosponsor>, <cosponsor name-id="B001274">Mr. Brooks of Alabama</cosponsor>, <cosponsor name-id="F000448">Mr. Franks of Arizona</cosponsor>, <cosponsor name-id="F000460">Mr. Farenthold</cosponsor>, and <cosponsor name-id="B001273">Mrs. Black</cosponsor>) introduced the following bill; which was referred to the <committee-name committee-id="HJU00">Committee on the Judiciary</committee-name>, and in addition to the Committee on <committee-name committee-id="HFA00">Foreign Affairs</committee-name>, for a period to be subsequently determined by the Speaker, in each case for consideration of such
			 provisions as fall within the jurisdiction of the committee concerned</action-desc></action><legis-type>A BILL</legis-type><official-title display="yes">To provide for sanctions on countries that have refused or unreasonably delayed repatriation of an
			 alien who is a national of that country, or that have an excessive
			 repatriation failure rate, and for other purposes.</official-title></form>
	<legis-body id="H00AB7EA87F0146ED8977426E0F018E60" style="OLC">
 <section id="H256B56A5C96B447C916672610E624921" section-type="section-one"><enum>1.</enum><header>Short title</header><text display-inline="no-display-inline">This Act may be cited as the <quote><short-title>Timely Repatriation Act</short-title></quote>.</text> </section><section id="H6BF4439F2B3C4676AC6C8A1D07C4C24C"><enum>2.</enum><header>Timely repatriation</header> <subsection id="H0B287E60A98544E281F3C0CB7F8F6F06"><enum>(a)</enum><header>Listing of countries</header><text>Beginning on the date that is 6 months after the date of enactment of this Act, and every 6 months thereafter, the Secretary of Homeland Security shall publish a report including the following:</text>
 <paragraph id="HB308CFB79B6F4D0298279E4706F1C325"><enum>(1)</enum><text>A list of the following:</text> <subparagraph id="H481982F68A784542854761DADC703BD5"><enum>(A)</enum><text>Countries that have refused or unreasonably delayed repatriation of an alien who is a national of that country since the date of enactment of this Act and the total number of such aliens, disaggregated by nationality.</text>
 </subparagraph><subparagraph id="H1CD462862AD64A97BA99DB9859EAAEAF"><enum>(B)</enum><text>Countries that have an excessive repatriation failure rate.</text> </subparagraph></paragraph><paragraph id="H2427FB5309B04860B47887F4F8F4FCE8"><enum>(2)</enum><text>A list of each country that was included under subparagraph (B) or (C) of paragraph (1) in both the report preceding the current report and the current report.</text>
 </paragraph></subsection><subsection id="HDE36C24472A74A40AE252F5627CE54E1"><enum>(b)</enum><header>Sanctions</header><text>Beginning on the date that a country is included in a list under subsection (a)(2) and ending on the date that that country is not included in such list, that country shall be subject to the following:</text>
 <paragraph id="H63511AC7BB5148BAB80B07CDD6AD8951"><enum>(1)</enum><text display-inline="yes-display-inline">The Secretary of State may not issue visas under section 101(a)(15)(A)(iii) of the Immigration and Nationality Act (<external-xref legal-doc="usc" parsable-cite="usc/8/1101">8 U.S.C. 1101(a)(15)(A)(iii)</external-xref>) to attendants, servants, personal employees, and members of their immediate families, of the officials and employees of that country who receive nonimmigrant status under clause (i) or (ii) of section 101(a)(15)(A) of such Act.</text>
 </paragraph><paragraph id="H63999CB076CE4E69A3A7CDDCB12D3768"><enum>(2)</enum><text display-inline="yes-display-inline">Each 6 months thereafter that the country is included in that list, the Secretary of State shall reduce the number of visas available under clause (i) or (ii) of section 101(a)(15)(A) of the Immigration and Nationality Act in a fiscal year to nationals of that country by an amount equal to 10 percent of the baseline visa number for that country. Except as provided under section 243(d) of the Immigration and Nationality Act (<external-xref legal-doc="usc" parsable-cite="usc/8/1253">8 U.S.C. 1253</external-xref>), the Secretary may not reduce the number to a level below 20 percent of the baseline visa number.</text>
				</paragraph></subsection><subsection id="H66ADD4762EC441F8A4BB8782C445779F"><enum>(c)</enum><header>Waivers</header>
 <paragraph id="HEA2BE0DBC7C74B34A672BD0BCEC9AEF2"><enum>(1)</enum><header>National security waiver</header><text display-inline="yes-display-inline">If the Secretary of State submits to Congress a written determination that significant national security interests of the United States require a waiver of the sanctions under subsection (b), the Secretary may waive any reduction below 80 percent of the baseline visa number. The Secretary of Homeland Security may not delegate the authority under this subsection.</text>
 </paragraph><paragraph commented="no" id="H590EE3C0A8D949198019D897B433174D"><enum>(2)</enum><header>Temporary exigent circumstances</header><text display-inline="yes-display-inline">If the Secretary of State submits to Congress a written determination that temporary exigent circumstances require a waiver of the sanctions under subsection (b), the Secretary may waive any reduction below 80 percent of the baseline visa number during 6-month renewable periods. The Secretary of Homeland Security may not delegate the authority under this subsection.</text>
 </paragraph></subsection><subsection id="HDFE1C469E7954C4BB0E51D58ADAA7205"><enum>(d)</enum><header>Exemption</header><text>The Secretary of Homeland Security, in consultation with the Secretary of State, may exempt a country from inclusion in a list under subsection (a)(2) if the total number of nonrepatriations outstanding is less than 10 for the preceding 3-year period.</text>
 </subsection><subsection id="H25CD3F046CF64A5298BACE0BAD1E5F25"><enum>(e)</enum><header>Unauthorized visa issuance</header><text>Any visa issued in violation of this section shall be void.</text> </subsection><subsection id="HBC224EE037B64A43AEA5321BAB3AE24D"><enum>(f)</enum><header>Notice</header><text>If an alien who has been convicted of a criminal offense before a Federal or State court whose repatriation was refused or unreasonably delayed is to be released from detention by the Secretary of Homeland Security, the Secretary shall provide notice to the State and local law enforcement agency for the jurisdictions in which the alien is required to report or is to be released. When possible, and particularly in the case of violent crime, the Secretary shall make a reasonable effort to provide notice of such release to any crime victims and their immediate family members.</text>
 </subsection><subsection display-inline="no-display-inline" id="H62EEBE454A7849F292A95BEBBB1A4D3F"><enum>(g)</enum><header>Definitions</header><text>For purposes of this section:</text> <paragraph id="H3133B9BD0A4F4B6EB9DE9FD88B8858F8"><enum>(1)</enum><header>Refused or unreasonably delayed</header><text>A country is deemed to have refused or unreasonably delayed the acceptance of an alien who is a citizen, subject, national, or resident of that country if, not later than 90 days after receiving a request to repatriate such alien from an official of the United States who is authorized to make such a request, the country does not accept the alien or issue valid travel documents.</text>
 </paragraph><paragraph id="H4A04B380D9A84255A41E85E6D6E4586B"><enum>(2)</enum><header>Failure rate</header><text>The term <term>failure rate</term> for a period means the percentage determined by dividing the total number of repatriation requests for aliens who are citizens, subjects, nationals, or residents of a country that that country refused or unreasonably delayed during that period by the total number of such requests during that period.</text>
 </paragraph><paragraph id="H847105CA0BC841F58786AAD143430849"><enum>(3)</enum><header>Excessive repatriation failure rate</header><text>The term <term>excessive repatriation failure rate</term> means, with respect to a report under subsection (a), a failure rate greater than 10 percent for any of the following:</text>
 <subparagraph id="H5AADFC4652544203BD720A9BABE803E6"><enum>(A)</enum><text display-inline="yes-display-inline">The period of the 3 full fiscal years preceding the date of publication of the report.</text> </subparagraph><subparagraph id="H384FF244003A4BDD8B10B9ED41A064C4"><enum>(B)</enum><text display-inline="yes-display-inline">The period of 1 year preceding the date of publication of the report.</text>
 </subparagraph></paragraph><paragraph id="H3C4E599DD893490B90D2A378230E1C37"><enum>(4)</enum><header>Number of non-repatriations outstanding</header><text display-inline="yes-display-inline">The term <term>number of non-repatriations outstanding</term> means, for a period, the number of unique aliens whose repatriation a country has refused or unreasonably delayed and whose repatriation has not occurred during that period.</text>
 </paragraph><paragraph id="H4DF8920185544F93BF41C57634D63006"><enum>(5)</enum><header>Baseline visa number</header><text display-inline="yes-display-inline">The term <term>baseline visa number</term> means, with respect to a country, the average number of visas issued each fiscal year to nationals of that country under clauses (i) and (ii) of section 101(a)(15)(A) of the Immigration and Nationality Act (<external-xref legal-doc="usc" parsable-cite="usc/8/1101">8 U.S.C. 1101(a)(15)(A)</external-xref>) for the 3 full fiscal years immediately preceding the first report under subsection (a) in which that country is included in the list under subsection (a)(2).</text>
 </paragraph></subsection><subsection id="H5363B39E448042ACAE71839DE152B119"><enum>(h)</enum><header>GAO report</header><text>On the date that is 1 day after the date that the President submits a budget under section 1105(a) of title 31, United States Code, for fiscal year 2017, the Comptroller General of the United States shall submit a report to Congress regarding the progress of the Secretary of Homeland Security and the Secretary of State in implementation of this section and in making requests to repatriate aliens as appropriate.</text>
			</subsection></section></legis-body></bill>


