<?xml version="1.0"?>
<?xml-stylesheet type="text/xsl" href="billres.xsl"?>
<!DOCTYPE bill PUBLIC "-//US Congress//DTDs/bill.dtd//EN" "bill.dtd">
<bill bill-stage="Introduced-in-House" bill-type="olc" dms-id="H06A7929F94DE4C76817DAC4701E8EC6B" key="H" public-private="public"><metadata xmlns:dc="http://purl.org/dc/elements/1.1/">
<dublinCore>
<dc:title>115 HR 495 IH: Protection of Children Act of 2017</dc:title>
<dc:publisher>U.S. House of Representatives</dc:publisher>
<dc:date>2017-01-12</dc:date>
<dc:format>text/xml</dc:format>
<dc:language>EN</dc:language>
<dc:rights>Pursuant to Title 17 Section 105 of the United States Code, this file is not subject to copyright protection and is in the public domain.</dc:rights>
</dublinCore>
</metadata>
<form>
<distribution-code display="yes">I</distribution-code><congress display="yes">115th CONGRESS</congress><session display="yes">1st Session</session><legis-num display="yes">H. R. 495</legis-num><current-chamber>IN THE HOUSE OF REPRESENTATIVES</current-chamber><action display="yes"><action-date date="20170112">January 12, 2017</action-date><action-desc><sponsor name-id="C001051">Mr. Carter of Texas</sponsor> introduced the following bill; which was referred to the <committee-name committee-id="HJU00">Committee on the Judiciary</committee-name>, and in addition to the Committee on <committee-name committee-id="HFA00">Foreign Affairs</committee-name>, for a period to be subsequently determined by the Speaker, in each case for consideration of such
			 provisions as fall within the jurisdiction of the committee concerned</action-desc></action><legis-type>A BILL</legis-type><official-title display="yes">To amend the William Wilberforce Trafficking Victims Protection Reauthorization Act of 2008 to
			 provide for the expedited removal of unaccompanied alien children who are
			 not victims of a severe form of trafficking in persons and who do not have
			 a fear of returning to their country of nationality or last habitual
			 residence, and for other purposes.</official-title></form>
	<legis-body id="H9609438FF17A4F51B90A73906E6B3CB5" style="OLC">
 <section id="H4A47DBB99B224E73A56151E36EDC9461" section-type="section-one"><enum>1.</enum><header>Short title</header><text display-inline="no-display-inline">This Act may be cited as the <quote><short-title>Protection of Children Act of 2017</short-title></quote>.</text> </section><section id="HFA6DEA5ADE0547A3BCD87C3459ED71F4"><enum>2.</enum><header>Repatriation of unaccompanied alien children</header> <subsection id="HB41F8B25E39B4A88A330187A57D2488A"><enum>(a)</enum><header>In general</header><text display-inline="yes-display-inline">Section 235 of the William Wilberforce Trafficking Victims Protection Reauthorization Act of 2008 (<external-xref legal-doc="usc" parsable-cite="usc/8/1232">8 U.S.C. 1232</external-xref>) is amended—</text>
 <paragraph id="H1E401AA9A0974F0E9B55F26C95C63612"><enum>(1)</enum><text>in subsection (a)—</text> <subparagraph id="HC4920487295B40FF8BA957A2DF7961F8"><enum>(A)</enum><text>in paragraph (2)—</text>
 <clause id="H2946B67C1A2643ACABD2568D0F2E62D8"><enum>(i)</enum><text>by amending the heading to read as follows: <quote><header-in-text level="paragraph" style="OLC">Rules for unaccompanied alien children.</header-in-text></quote>;</text> </clause><clause id="H1EFFF912EEB140228B093438C386E099"><enum>(ii)</enum><text>in subparagraph (A);</text>
 <subclause id="H0EE3C373B44149D9BBDD357FB8478926"><enum>(I)</enum><text>in the matter preceding clause (i), by striking <quote>who is a national or habitual resident of a country that is contiguous with the United States</quote>;</text> </subclause><subclause id="H81D348C6692540FCAC626E184DAC61DB"><enum>(II)</enum><text>in clause (i), by inserting <quote>and</quote> at the end;</text>
 </subclause><subclause id="HEE5C60C282DE4A99AD51C78C5075AF12"><enum>(III)</enum><text>in clause (ii), by striking <quote>; and</quote> and inserting a period; and</text> </subclause><subclause id="HC883734D7DA4449AB89FD1F59862C525"><enum>(IV)</enum><text>by striking clause (iii);</text>
 </subclause></clause><clause id="HD2396149AD1B477795CFF0893F1A6DD6"><enum>(iii)</enum><text>in subparagraph (B)—</text> <subclause id="HCAE54BCC3A0B4F9B8D51899E3397E081"><enum>(I)</enum><text>in the matter preceding clause (i), by striking <quote>(<external-xref legal-doc="usc" parsable-cite="usc/8/1101">8 U.S.C. 1101</external-xref> et seq.) may—</quote> and inserting <quote>(<external-xref legal-doc="usc" parsable-cite="usc/8/1101">8 U.S.C. 1101</external-xref> et seq.)—</quote>;</text>
 </subclause><subclause id="H92665516DFDD48428A43C139468B4BB7"><enum>(II)</enum><text display-inline="yes-display-inline">in clause (i), by inserting before <quote>permit such child to withdraw</quote> the following: <quote>may</quote>; and</text> </subclause><subclause id="H800D721E65004A40AE473C584CA6A9C6"><enum>(III)</enum><text>in clause (ii), by inserting before <quote>return such child</quote> the following: <quote>shall</quote>; and</text>
 </subclause></clause><clause id="HA75578E4E27A4E3BAB7185926DC011AD"><enum>(iv)</enum><text>in subparagraph (C)—</text> <subclause id="HFD457A3813EE4193AB3AA8183000A982"><enum>(I)</enum><text>by amending the heading to read as follows: <quote><header-in-text level="subparagraph" style="OLC">Agreements with foreign countries</header-in-text>.</quote>; and</text>
 </subclause><subclause id="H0324F16ABEFB48209B85DF6FEA8AA529"><enum>(II)</enum><text>in the matter preceding clause (i), by striking <quote>The Secretary of State shall negotiate agreements between the United States and countries contiguous to the United States</quote> and inserting <quote>The Secretary of State may negotiate agreements between the United States and any foreign country that the Secretary determines appropriate</quote>; and</text>
 </subclause></clause></subparagraph><subparagraph id="H2A093B4833CA4BCEA753D43F15C00896"><enum>(B)</enum><text>in paragraph (5)(D)—</text> <clause id="H17D21520073C4D40A800B0CF24F2864D"><enum>(i)</enum><text>in the matter preceding clause (i), by striking <quote>, except for an unaccompanied alien child from a contiguous country subject to the exceptions under subsection (a)(2), </quote> and inserting <quote>who does not meet the criteria listed in paragraph (2)(A)</quote>; and</text>
 </clause><clause id="H80E49AEAE9CB426C90E7507A9D7FFB14"><enum>(ii)</enum><text>in clause (i), by inserting before the semicolon at the end the following: <quote>, which shall include a hearing before an immigration judge not later than 14 days after being screened under paragraph (4)</quote>;</text>
 </clause></subparagraph></paragraph><paragraph id="HF1D1813CA80F473A9B60FDD38374CA3A"><enum>(2)</enum><text>in subsection (b)—</text> <subparagraph id="H5D40C2CF5FAB4A63877A267662A5658D"><enum>(A)</enum><text>in paragraph (2)—</text>
 <clause id="H25A50DEC2C86472ABB02E52951E49190"><enum>(i)</enum><text>in subparagraph (A), by inserting before the semicolon the following: <quote>believed not to meet the criteria listed in subsection (a)(2)(A)</quote>; and</text> </clause><clause id="H892CD1B71C5343C0960AE8169CCF3762"><enum>(ii)</enum><text>in subparagraph (B), by inserting before the period the following: <quote>and does not meet the criteria listed in subsection (a)(2)(A)</quote>; and</text>
 </clause></subparagraph><subparagraph id="H7B8A73056CB34FCBA40E38C4CA053886"><enum>(B)</enum><text>in paragraph (3), by striking <quote>an unaccompanied alien child in custody shall</quote> and all that follows, and inserting the following:</text> <quoted-block display-inline="yes-display-inline" id="HB5440A7F4F9741C9A706ED8D9E27C327" style="OLC"> <text>an unaccompanied alien child in custody—</text><subparagraph id="HA155537E46D445BAA97FBECDCBFD44BB"><enum>(A)</enum><text display-inline="yes-display-inline">in the case of a child who does not meet the criteria listed in subsection (a)(2)(A), shall transfer the custody of such child to the Secretary of Health and Human Services not later than 30 days after determining that such child is an unaccompanied alien child who does not meet such criteria; or</text>
 </subparagraph><subparagraph id="H7553542EFF144B36A0D5DD62E5EE7CC2"><enum>(B)</enum><text>in the case of child who meets the criteria listed in subsection (a)(2)(A), may transfer the custody of such child to the Secretary of Health and Human Services after determining that such child is an unaccompanied alien child who meets such criteria.</text></subparagraph><after-quoted-block>; and</after-quoted-block></quoted-block>
 </subparagraph></paragraph><paragraph id="H04E6EA9D7DB746828854A64DA9915AB9"><enum>(3)</enum><text>in subsection (c)—</text> <subparagraph id="H26DC96EC11FC429AAED56947FAE914C0"><enum>(A)</enum><text>in paragraph (3), by inserting at the end the following:</text>
						<quoted-block display-inline="no-display-inline" id="H8EB192657787441DBA38BF441A7A3F30" style="OLC">
							<subparagraph id="H2F3D1F0F2488427F9DB3E3B308A454F7"><enum>(D)</enum><header>Information about individuals with whom children are placed</header>
 <clause id="H1A2F4C9632A645C39341F7471E610BC6"><enum>(i)</enum><header>Information to be provided to Homeland Security</header><text display-inline="yes-display-inline">Before placing a child with an individual, the Secretary of Health and Human Services shall provide to the Secretary of Homeland Security, regarding the individual with whom the child will be placed, the following information:</text>
 <subclause id="H7F62F42C53BF44388DD5B8637E83D25B"><enum>(I)</enum><text display-inline="yes-display-inline">The name of the individual.</text> </subclause><subclause id="H109612B7D6AD4886B315F8911FB75641"><enum>(II)</enum><text>The social security number of the individual.</text>
 </subclause><subclause id="H6149985C244F44B8A7C22942C63374AE"><enum>(III)</enum><text>The date of birth of the individual.</text> </subclause><subclause id="HD9FEE537F94341E6A309AAD4620372AD"><enum>(IV)</enum><text>The location of the individual’s residence where the child will be placed.</text>
 </subclause><subclause id="H5086B79F0E26497CA3331F012F394CEA"><enum>(V)</enum><text>The immigration status of the individual, if known.</text> </subclause><subclause id="H8D01ECDE98634497BBE573307623E768"><enum>(VI)</enum><text>Contact information for the individual.</text>
 </subclause></clause><clause id="HAA9AEA508CFB45C9A2DE1514B6EAB603"><enum>(ii)</enum><header>Special rule</header><text>In the case of a child who was apprehended on or after June 15, 2012, and before the date of the enactment of the Protection of Children Act of 2017, who the Secretary of Health and Human Services placed with an individual, the Secretary shall provide the information listed in clause (i) to the Secretary of Homeland Security not later than 90 days after the date of the enactment of the Protection of Children Act of 2017.</text>
 </clause><clause id="H3F83DC90F29144C48E023A5390F4AEDE"><enum>(iii)</enum><header>Activities of the Secretary of Homeland Security</header><text display-inline="yes-display-inline">Not later than 30 days after receiving the information listed in clause (i), the Secretary of Homeland Security shall—</text>
 <subclause id="H80A5D1296DB540849E1830A1DD899ADB"><enum>(I)</enum><text display-inline="yes-display-inline">in the case that the immigration status of an individual with whom a child is placed is unknown, investigate the immigration status of that individual; and</text>
 </subclause><subclause id="HA4B6DFB82CB04E8D8BDFB6BB961E4377"><enum>(II)</enum><text>upon determining that an individual with whom a child is placed is unlawfully present in the United States, initiate removal proceedings pursuant to chapter 4 of title II of the Immigration and Nationality Act (<external-xref legal-doc="usc" parsable-cite="usc/8/1221">8 U.S.C. 1221</external-xref> et seq.).</text></subclause></clause></subparagraph><after-quoted-block>; and </after-quoted-block></quoted-block>
 </subparagraph><subparagraph id="H84FDE698541245FA8F63297AAC77CB7D"><enum>(B)</enum><text>in paragraph (5)—</text> <clause id="HDB6BD52DB3B64F38A5A4989A0AA70A3E"><enum>(i)</enum><text>by inserting after <quote>to the greatest extent practicable</quote> the following: <quote>(at no expense to the Government)</quote>; and</text>
 </clause><clause id="HCF54BF421FC04A20AAED92213223E422"><enum>(ii)</enum><text display-inline="yes-display-inline">by striking <quote>have counsel to represent them</quote> and inserting <quote>have access to counsel to represent them</quote>.</text> </clause></subparagraph></paragraph></subsection><subsection id="HAA90C0C84F2A4212AB05D714D5005344"><enum>(b)</enum><header>Effective date</header><text>The amendments made by this section shall apply to any unauthorized alien child apprehended on or after June 15, 2012.</text>
 </subsection></section><section id="H967CF33C999A497FAAF45903BCBA35CE"><enum>3.</enum><header>Special immigrant juvenile status for immigrants unable to reunite with either parent</header><text display-inline="no-display-inline">Section 101(a)(27)(J)(i) of the Immigration and Nationality Act (<external-xref legal-doc="usc" parsable-cite="usc/8/1101">8 U.S.C. 1101(a)(27)(J)(i)</external-xref>) is amended by striking <quote>1 or both of the immigrant’s parents</quote> and inserting <quote>either of the immigrant’s parents</quote>.</text>
 </section><section id="HB7C64A726A5347A0B688E240751C822D"><enum>4.</enum><header>Jurisdiction of asylum applications</header><text display-inline="no-display-inline">Section 208(b)(3) of the Immigration and Nationality Act (<external-xref legal-doc="usc" parsable-cite="usc/8/1158">8 U.S.C. 1158</external-xref>) is amended by striking subparagraph (C).</text>
		</section></legis-body></bill>


