<?xml version="1.0"?>
<?xml-stylesheet type="text/xsl" href="billres.xsl"?>
<!DOCTYPE bill PUBLIC "-//US Congress//DTDs/bill.dtd//EN" "bill.dtd">
<bill bill-stage="Introduced-in-House" bill-type="olc" dms-id="H588F55BFB08444DC839F40E36CC6CE96" key="H" public-private="public"><metadata xmlns:dc="http://purl.org/dc/elements/1.1/">
<dublinCore>
<dc:title>115 HR 115 IH: Thin Blue Line Act</dc:title>
<dc:publisher>U.S. House of Representatives</dc:publisher>
<dc:date>2017-01-03</dc:date>
<dc:format>text/xml</dc:format>
<dc:language>EN</dc:language>
<dc:rights>Pursuant to Title 17 Section 105 of the United States Code, this file is not subject to copyright protection and is in the public domain.</dc:rights>
</dublinCore>
</metadata>
<form>
<distribution-code display="yes">I</distribution-code><congress display="yes">115th CONGRESS</congress><session display="yes">1st Session</session><legis-num display="yes">H. R. 115</legis-num><current-chamber>IN THE HOUSE OF REPRESENTATIVES</current-chamber><action display="yes"><action-date date="20170103">January 3, 2017</action-date><action-desc><sponsor name-id="B001260">Mr. Buchanan</sponsor> introduced the following bill; which was referred to the <committee-name committee-id="HJU00">Committee on the Judiciary</committee-name></action-desc></action><legis-type>A BILL</legis-type><official-title display="yes">To amend title 18, United States Code, to provide additional aggravating factors for the imposition
			 of the death penalty based on the status of the victim.</official-title></form>
	<legis-body id="H5C329FC52EB34F41BF4F9FCD761E570C" style="OLC">
 <section id="H6C96AB1ECAEF49B5BAE8F2EB59404BD5" section-type="section-one"><enum>1.</enum><header>Short title</header><text display-inline="no-display-inline">This Act may be cited as the <quote><short-title>Thin Blue Line Act</short-title></quote>.</text> </section><section id="H7A350532206F4A5AB9FCB10DB78506F8"><enum>2.</enum><header>Aggravating factors for death penalty</header><text display-inline="no-display-inline">Section 3592(c) of title 18, United States Code, is amended by inserting after paragraph (16) the following:</text>
			<quoted-block id="HD99F1C20191D4BCE8EFD1E0C9CCAF126" style="OLC">
				<paragraph id="H4D6D3253A6384EE2B8486E9D58AA79B6"><enum>(17)</enum><header>Killing of law enforcement officer</header>
 <subparagraph id="HFC324970351540EC8052634C8F5B6D58"><enum>(A)</enum><text>The defendant killed or attempted to kill, in the circumstance described in subparagraph (B), a person who is authorized by law—</text>
 <clause id="HA43A406DBD2E433887DF8E67979E8949"><enum>(i)</enum><text>to engage in or supervise the prevention, detention, investigation, or prosecution, or the incarceration of any person for any criminal violation of law;</text>
 </clause><clause id="HA71B7AA33CE4406A858D0FDB4F02BB2A"><enum>(ii)</enum><text>to apprehend, arrest, or prosecute an individual for any criminal violation of law; or</text> </clause><clause id="H416F534BC0A241708039A57104555247"><enum>(iii)</enum><text>to be a firefighter or other first responder.</text>
 </clause></subparagraph><subparagraph id="H5934550B79954532810367270EB5F0F8"><enum>(B)</enum><text>The circumstance referred to in subparagraph (A) is that the person was killed—</text> <clause id="H2E7ED27F68D34C00B1EE325781FBC798"><enum>(i)</enum><text>while he or she was engaged in the performance of his or her official duties;</text>
 </clause><clause id="HB3268499B159473FBC6DA8E2A50CC12F"><enum>(ii)</enum><text>because of the performance of his or her official duties; or</text> </clause><clause id="H553D8A4DB93945928F9A00AA2F705ED4"><enum>(iii)</enum><text>because of his or her status as a public official or employee.</text></clause></subparagraph></paragraph><after-quoted-block>.</after-quoted-block></quoted-block>
		</section></legis-body></bill>


