<?xml version="1.0"?>
<?xml-stylesheet type="text/xsl" href="billres.xsl"?>
<!DOCTYPE bill PUBLIC "-//US Congress//DTDs/bill.dtd//EN" "bill.dtd">
<bill bill-stage="Referred-in-Senate" bill-type="olc" dms-id="H9C095E76E4B54B5B9AA0EA2383A0E3F2" key="H" public-private="public" stage-count="1">
	<metadata xmlns:dc="http://purl.org/dc/elements/1.1/">
<dublinCore>
<dc:title>115 HR 288 : Small Business Broadband Deployment Act</dc:title>
<dc:publisher>U.S. House of Representatives</dc:publisher>
<dc:date>2017-01-11</dc:date>
<dc:format>text/xml</dc:format>
<dc:language>EN</dc:language>
<dc:rights>Pursuant to Title 17 Section 105 of the United States Code, this file is not subject to copyright protection and is in the public domain.</dc:rights>
</dublinCore>
</metadata>
<form>
		<distribution-code display="yes">IIB</distribution-code>
		<congress display="yes">115th CONGRESS</congress><session display="yes">1st Session</session>
		<legis-num display="yes">H. R. 288</legis-num>
		<current-chamber display="yes">IN THE SENATE OF THE UNITED STATES</current-chamber>
		<action><action-date date="20170111">January 11, 2017</action-date><action-desc>Received; read twice and referred to the <committee-name committee-id="SSCM00">Committee on Commerce, Science, and Transportation</committee-name></action-desc></action><legis-type>AN ACT</legis-type>
		<official-title display="yes">To ensure that small business providers of broadband Internet access service can devote resources
			 to broadband deployment rather than compliance with cumbersome regulatory
			 requirements.</official-title>
	</form>
	<legis-body id="HBD49E1375B9F46379B9A8C837F0A4F05" style="OLC">
 <section id="HA0CCCF6ABD444149B1F9CE2862987D3A" section-type="section-one"><enum>1.</enum><header>Short title</header><text display-inline="no-display-inline">This Act may be cited as the <quote><short-title>Small Business Broadband Deployment Act</short-title></quote>.</text> </section><section id="H3D797DD55F6043AC9E95848373A74CE4"><enum>2.</enum><header>Exception to enhancement to transparency requirements for small businesses</header> <subsection id="HEA4A6F3260D94DD481E185D72E702214"><enum>(a)</enum><header>In general</header><text>The enhancements to the transparency rule of the Federal Communications Commission under section 8.3 of title 47, Code of Federal Regulations, as described in paragraphs 162 through 184 of the Report and Order on Remand, Declaratory Ruling, and Order of the Federal Communications Commission with regard to protecting and promoting the open Internet (adopted February 26, 2015) (FCC 15–24), shall not apply to any small business.</text>
 </subsection><subsection id="HA8CE56B96812401AA92E75A24AF53099"><enum>(b)</enum><header>Sunset</header><text display-inline="yes-display-inline">Subsection (a) shall not have any force or effect after the date that is 5 years after the date of the enactment of this Act.</text>
 </subsection><subsection id="H5E7E068907D54C4DBCA0A9F133369B26"><enum>(c)</enum><header>Report by FCC</header><text>Not later than 180 days after the date of the enactment of this Act, the Federal Communications Commission shall submit to the Committee on Energy and Commerce of the House of Representatives and the Committee on Commerce, Science, and Transportation of the Senate a report that contains the recommendations of the Commission (and data supporting such recommendations) regarding—</text>
 <paragraph id="H1920527540F24AB18D119E4B4DA93B2C"><enum>(1)</enum><text>whether the exception provided by subsection (a) should be made permanent; and</text> </paragraph><paragraph id="H0EE6991F5F5942F494BA399DA0D41B97"><enum>(2)</enum><text>whether the definition of the term <quote>small business</quote> for purposes of such exception should be modified from the definition in subsection (d)(2).</text>
 </paragraph></subsection><subsection id="H391CAD09519D402BB865746E02847391"><enum>(d)</enum><header>Definitions</header><text>In this section:</text> <paragraph id="HBF0F5558B198478D80B940C0C64615D4"><enum>(1)</enum><header>Broadband Internet access service</header><text>The term <term>broadband Internet access service</term> has the meaning given such term in section 8.2 of title 47, Code of Federal Regulations.</text>
 </paragraph><paragraph id="H51032D6F55654853B035DA135B1CEF77"><enum>(2)</enum><header>Small business</header><text display-inline="yes-display-inline">The term <term>small business</term> means any provider of broadband Internet access service that has not more than 250,000 subscribers.</text>
				</paragraph></subsection></section></legis-body><attestation><attestation-group><attestation-date chamber="House" date="20170110">Passed the House of Representatives January 10, 2017.</attestation-date><attestor display="yes">Karen L. Haas,</attestor><role>Clerk</role></attestation-group></attestation>
</bill>


