<?xml version="1.0"?>
<?xml-stylesheet type="text/xsl" href="billres.xsl"?>
<!DOCTYPE bill PUBLIC "-//US Congress//DTDs/bill.dtd//EN" "bill.dtd">
<bill bill-stage="Introduced-in-House" bill-type="olc" dms-id="HFE041584EC94493FB897BBF5F2099BD1" key="H" public-private="public">
	<metadata xmlns:dc="http://purl.org/dc/elements/1.1/">
<dublinCore>
<dc:title>115 HR 382 IH: 100 Years of Women in Congress Act</dc:title>
<dc:publisher>U.S. House of Representatives</dc:publisher>
<dc:date>2017-01-09</dc:date>
<dc:format>text/xml</dc:format>
<dc:language>EN</dc:language>
<dc:rights>Pursuant to Title 17 Section 105 of the United States Code, this file is not subject to copyright protection and is in the public domain.</dc:rights>
</dublinCore>
</metadata>
<form>
		<distribution-code display="yes">I</distribution-code>
		<congress>115th CONGRESS</congress>
		<session>1st Session</session>
		<legis-num>H. R. 382</legis-num>
		<current-chamber>IN THE HOUSE OF REPRESENTATIVES</current-chamber>
		<action>
			<action-date date="20170109">January 9, 2017</action-date>
			<action-desc><sponsor name-id="M001188">Ms. Meng</sponsor> (for herself and <cosponsor name-id="Z000018">Mr. Zinke</cosponsor>) introduced the following bill; which was referred to the <committee-name committee-id="HAG00">Committee on Agriculture</committee-name></action-desc>
		</action>
		<legis-type>A BILL</legis-type>
		<official-title display="yes">To amend the Department of Agriculture program for research and extension grants to increase
			 participation by women and underrepresented minorities in the fields of
			 science, technology, engineering, and mathematics to redesignate the
			 program as the <quote>Jeannette Rankin Women and Minorities in STEM Fields Program</quote>.</official-title>
	</form>
	<legis-body id="HB08ED512B314484ABB9625B1CDEE7414" style="OLC">
		<section id="HFAE6FBE3DCF84D94A90B7C8B66847AFB" section-type="section-one"><enum>1.</enum><header>Short title</header>
 <text display-inline="no-display-inline">This Act may be cited as the <quote><short-title>100 Years of Women in Congress Act</short-title></quote>.</text> </section><section id="idD10D4ACE1F5A46188C3FECB0D886BF38" section-type="subsequent-section"><enum>2.</enum><header>Findings</header><text display-inline="no-display-inline">Congress finds the following:</text>
 <paragraph id="id93ED0F30328745CFAD911CB25D7E775C"><enum>(1)</enum><text>The first woman elected to Congress, Representative Jeannette Rankin from Montana, was elected on November 7, 1916, almost four years prior to ratification of the 19th Amendment to the U.S. Constitution giving women the right to vote.</text>
 </paragraph><paragraph id="id88F663512DDD43FA87D8568E0ABCD8D3"><enum>(2)</enum><text>Jeannette Rankin was not only a pioneer in national electoral politics, she was also a pioneer as a woman in science, graduating from the University of Montana in 1902 with a Bachelor of Science degree in biology.</text>
 </paragraph><paragraph id="id6396D24F385D4C698ABCB7934F6E3653"><enum>(3)</enum><text>100 years after the swearing-in of Jeannette Rankin, 109 women serve in the 115th Congress, more than at any other time in our Nation’s history. While this improvement is commendable, women hold only 20 percent of the seats in Congress, far below their relative share of the American electorate.</text>
 </paragraph><paragraph id="id6AC5439CF98E425F81E604D85C63A713"><enum>(4)</enum><text>According to the U.S. Bureau of Labor Statistics, women make up 47 percent of the total U.S. workforce. Gains have been made in the science, technology, engineering, and mathematics (STEM) fields over time, but women still comprise only 39 percent of chemists and material scientists, 28 percent of environmental scientists and geoscientists, 16 percent of chemical engineers, and 12 percent of civil engineers.</text>
 </paragraph><paragraph id="id2F4552A724234E6DBF9CF5BD5C5AD9CD"><enum>(5)</enum><text>More must be done to encourage women to run for elected office and to enter STEM fields.</text> </paragraph></section><section id="id7AB35C2A282B477ABD18D6BD6A9CE45F"><enum>3.</enum><header>Jeannette Rankin Women and Minorities in STEM Fields Program</header><text display-inline="no-display-inline">Paragraph (7) of section 1672(d) of the Food, Agriculture, Conservation, and Trade Act of 1990 (<external-xref legal-doc="usc" parsable-cite="usc/7/5925">7 U.S.C. 5925(d)(7)</external-xref>) is amended to read as follows:</text>
			<quoted-block display-inline="no-display-inline" id="id4DEBA7ED4F7A4431839BD6FB0325B224" style="OLC">
 <paragraph id="id6EF83DB45A334FC2A290D9CF2B5CE81E"><enum>(7)</enum><header>Jeannette Rankin Women and Minorities in STEM Fields Program</header><text>Research and extension grants may be made under this section to increase participation by women and underrepresented minorities from rural areas in the fields of science, technology, engineering, and mathematics, with priority given to eligible institutions that carry out continuing programs funded by the Secretary. Any grant made under this paragraph shall be known and designated as a <quote>Jeannette Rankin Women and Minorities in STEM Fields Program Grant</quote>.</text></paragraph><after-quoted-block>.</after-quoted-block></quoted-block></section></legis-body>
</bill>


