<?xml version="1.0"?>
<?xml-stylesheet type="text/xsl" href="billres.xsl"?>
<!DOCTYPE bill PUBLIC "-//US Congress//DTDs/bill.dtd//EN" "bill.dtd">
<bill bill-stage="Introduced-in-House" bill-type="olc" dms-id="HAEFCAAE59CFA43338BDD652EF8B4A5C0" key="H" public-private="public"><metadata xmlns:dc="http://purl.org/dc/elements/1.1/">
<dublinCore>
<dc:title>115 HR 200 IH: Strengthening Fishing Communities and Increasing Flexibility in Fisheries Management Act</dc:title>
<dc:publisher>U.S. House of Representatives</dc:publisher>
<dc:date>2017-01-03</dc:date>
<dc:format>text/xml</dc:format>
<dc:language>EN</dc:language>
<dc:rights>Pursuant to Title 17 Section 105 of the United States Code, this file is not subject to copyright protection and is in the public domain.</dc:rights>
</dublinCore>
</metadata>
<form>
<distribution-code display="yes">I</distribution-code><congress display="yes">115th CONGRESS</congress><session display="yes">1st Session</session><legis-num display="yes">H. R. 200</legis-num><current-chamber>IN THE HOUSE OF REPRESENTATIVES</current-chamber><action display="yes"><action-date date="20170103">January 3, 2017</action-date><action-desc><sponsor name-id="Y000033">Mr. Young of Alaska</sponsor> introduced the following bill; which was referred to the <committee-name committee-id="HII00">Committee on Natural Resources</committee-name></action-desc></action><legis-type>A BILL</legis-type><official-title display="yes">To amend the Magnuson-Stevens Fishery Conservation and Management Act to provide flexibility for
			 fishery managers and stability for fishermen, and for other purposes.</official-title></form>
	<legis-body id="HCCFB5546F72C431A9CB861B6F6873256" style="OLC">
 <section id="H0C13477F3171404EB1FEE6B5BADE812F" section-type="section-one"><enum>1.</enum><header>Short title</header><text display-inline="no-display-inline">This Act may be cited as the <quote><short-title>Strengthening Fishing Communities and Increasing Flexibility in Fisheries Management Act</short-title></quote>.</text> </section><section id="HF7E71DF49E554FB89257E0D872946EED"><enum>2.</enum><header>Definitions</header><text display-inline="no-display-inline">In this Act, any term used that is defined in section 3 of the Magnuson-Stevens Fishery Conservation and Management Act (<external-xref legal-doc="usc" parsable-cite="usc/16/1802">16 U.S.C. 1802</external-xref>) shall have the same meaning such term has under that section.</text>
 </section><section id="HC521BFCBC5514AFFA8DAE27F4097FE7D"><enum>3.</enum><header>References</header><text display-inline="no-display-inline">Except as otherwise specifically provided, whenever in this Act an amendment or repeal is expressed in terms of an amendment to, or repeal of, a provision, the reference shall be considered to be made to a provision of the Magnuson-Stevens Fishery Conservation and Management Act (<external-xref legal-doc="usc" parsable-cite="usc/16/1801">16 U.S.C. 1801 et seq.</external-xref>).</text>
		</section><section id="H1ACB0BB59F184EA9A22532FCB963665E"><enum>4.</enum><header>Flexibility in rebuilding fish stocks</header>
 <subsection id="H9493CAC5489B433D8969C04E55C4499A"><enum>(a)</enum><header>General requirements</header><text>Section 304(e) (<external-xref legal-doc="usc" parsable-cite="usc/16/1854">16 U.S.C. 1854(e)</external-xref>) is amended—</text> <paragraph id="HEEA0D41AF53E47D69E20AAC433F4C1B2"><enum>(1)</enum><text>in paragraph (4)—</text>
 <subparagraph id="HEADCABC10F9441148F5ED77CD1EB3597"><enum>(A)</enum><text>in subparagraph (A)(i), by striking <quote>possible</quote> and inserting <quote>practicable</quote>;</text> </subparagraph><subparagraph id="HFE8D50D13489481FA5750BC51E55ABBC"><enum>(B)</enum><text>by amending subparagraph (A)(ii) to read as follows:</text>
						<quoted-block id="HA85607EBC43D4C81B36A085DFC114B13" style="OLC">
 <clause id="H66817F6F98404E7BAA987E9540EC3979"><enum>(ii)</enum><text>may not exceed the time the stock would be rebuilt without fishing occurring plus one mean generation, except in a case in which—</text>
 <subclause commented="no" id="H43821ED343924D76AEE4303B93A4EEB9"><enum>(I)</enum><text>the biology of the stock of fish, other environmental conditions, or management measures under an international agreement in which the United States participates dictate otherwise;</text>
 </subclause><subclause id="HBE63F0E4618E4C03970A45006A6DD047"><enum>(II)</enum><text>the Secretary determines that the cause of the stock being depleted is outside the jurisdiction of the Council or the rebuilding program cannot be effective only by limiting fishing activities;</text>
 </subclause><subclause id="H6CA6A060F2E746D98032EE56B5E4B1E0"><enum>(III)</enum><text>the Secretary determines that one or more components of a mixed-stock fishery is depleted but cannot be rebuilt within that time- frame without significant economic harm to the fishery, or cannot be rebuilt without causing another component of the mixed-stock fishery to approach a depleted status;</text>
 </subclause><subclause id="HBEAD6259CC9240D7912B36582BDC270B"><enum>(IV)</enum><text>the Secretary determines that recruitment, distribution, or life history of, or fishing activities for, the stock are affected by informal transboundary agreements under which management activities outside the exclusive economic zone by another country may hinder conservation and management efforts by United States fishermen; and</text>
 </subclause><subclause id="HADB1E988F0034633A12B363B7602F4FF"><enum>(V)</enum><text>the Secretary determines that the stock has been affected by unusual events that make rebuilding within the specified time period improbable without significant economic harm to fishing communities;</text></subclause></clause><after-quoted-block>;</after-quoted-block></quoted-block>
 </subparagraph><subparagraph id="HF38C9FA6C201449491D34E86A81DF9D3"><enum>(C)</enum><text>by striking <quote>and</quote> after the semicolon at the end of subparagraph (B), by redesignating subparagraphs (B) and (C) as subparagraphs (C) and (D), and by inserting after subparagraph (A) the following:</text>
						<quoted-block id="H82C9E744A4FF462D8130B01B4111E5D0" style="OLC">
 <subparagraph id="H572F4C73B78E4419B6EF1ECC6CEDA114"><enum>(B)</enum><text>take into account environmental condition including predator/prey relationships;</text></subparagraph><after-quoted-block>; and</after-quoted-block></quoted-block> </subparagraph><subparagraph id="H8634DD39A3F74A84B0BF1D911BBB5C95"><enum>(D)</enum><text>by striking the period at the end of subparagraph (D) (as so redesignated) and inserting <quote>; and</quote>, and by adding at the end the following:</text>
						<quoted-block id="H51748EC5E5744A8A96897D500F58082F" style="OLC">
 <subparagraph id="H756B44AAC121467E8C0FCE39D3E250D3"><enum>(E)</enum><text>specify a schedule for reviewing the rebuilding targets, evaluating environmental impacts on rebuilding progress, and evaluating progress being made toward reaching rebuilding targets.</text></subparagraph><after-quoted-block>; and</after-quoted-block></quoted-block>
 </subparagraph></paragraph><paragraph id="H571FDEE515724EDF955DA4182377507A"><enum>(2)</enum><text>by adding at the end the following:</text> <quoted-block id="H7E3F4E698FDB42ECA4E2C9D4AFF83FD2" style="OLC"> <paragraph id="H84A716522D71493C9A3FD14B03C31C0D"><enum>(8)</enum><text>A fishery management plan, plan amendment, or proposed regulations may use alternative rebuilding strategies, including harvest control rules and fishing mortality-rate targets to the extent they are in compliance with the requirements of this Act.</text>
 </paragraph><paragraph id="H04063FCFCFFD41F4B85292073DE42AAA"><enum>(9)</enum><text>A Council may terminate the application of paragraph (3) to a fishery if the Council’s scientific and statistical committee determines and the Secretary concurs that the original determination that the fishery was depleted was erroneous, either—</text>
 <subparagraph id="HA6FB4800A2354011981A039E4ADE7706"><enum>(A)</enum><text>within the 2-year period beginning on the effective date a fishery management plan, plan amendment, or proposed regulation for a fishery under this subsection takes effect; or</text>
 </subparagraph><subparagraph id="HE6941E3356C94D57998B859A57D9E7DB"><enum>(B)</enum><text>within 90 days after the completion of the next stock assessment after such determination.</text></subparagraph></paragraph><after-quoted-block>.</after-quoted-block></quoted-block> </paragraph></subsection><subsection id="H34CCA335D7EA458AB2BF9E9F1E85FE1D"><enum>(b)</enum><header>Emergency regulations and interim measures</header><text>Section 305(c)(3)(B) (<external-xref legal-doc="usc" parsable-cite="usc/16/1855">16 U.S.C. 1855(c)(3)(B)</external-xref>) is amended by striking <quote>180 days after</quote> and all that follows through <quote>provided</quote> and inserting <quote>1 year after the date of publication, and may be extended by publication in the Federal Register for one additional period of not more than 1 year, if</quote>.</text>
 </subsection></section><section id="HF346D3969E3F4E32A178B91F4629AA0E"><enum>5.</enum><header>Modifications to the annual catch limit requirement</header><text display-inline="no-display-inline">Section 302 (<external-xref legal-doc="usc" parsable-cite="usc/16/1852">16 U.S.C. 1852</external-xref>) is amended by adding at the end the following:</text> <quoted-block id="HBD55DDAAA0AF4459BBAA95FA1B2DA7C4" style="OLC"> <subsection id="HABA4BAB4A2EB4E98BE3E5B1DD74BAAF7"><enum>(m)</enum><header>Considerations for modifications to annual catch limit requirements</header> <paragraph id="H7F739AF22AA141BA8EAFB2B26F2A2AAD"><enum>(1)</enum><header>Consideration of ecosystem and economic impacts</header><text>In establishing annual catch limits a Council may, consistent with section 302(h)(6), consider changes in an ecosystem and the economic needs of the fishing communities.</text>
 </paragraph><paragraph id="H592156D9069C4D25A7B3C0EB353E5493"><enum>(2)</enum><header>Limitations to annual catch limit requirement for special fisheries</header><text>Notwithstanding subsection (h)(6), a Council is not required to develop an annual catch limit for—</text> <subparagraph id="HD22138F8E09D434BAADDB6D8B69547D4"><enum>(A)</enum><text>an ecosystem component species;</text>
 </subparagraph><subparagraph id="H83ED09B8432B40C09500CCAE67800E36"><enum>(B)</enum><text>a fishery for a species that has a life cycle of approximately 1 year, unless the Secretary has determined the fishery is subject to overfishing; or</text>
 </subparagraph><subparagraph id="H6A1C66992536439CB0DD18A2E63B83A2"><enum>(C)</enum><text>a stock for which—</text> <clause id="HDDC742B392FB412EAFDDD2D84CDA3DF8"><enum>(i)</enum><text>more than half of a single-year class will complete their life cycle in less than 18 months; and</text>
 </clause><clause id="H21969E534A354DA6BDAC1731DA23EAA2"><enum>(ii)</enum><text>fishing mortality will have little impact on the stock.</text> </clause></subparagraph></paragraph><paragraph id="HF6E9E7E35FA14209B07A994B4FB6FC29"><enum>(3)</enum><header>Relationship to international fishery efforts</header> <subparagraph id="H8609B9FAAE2442D6A2A05F26524864FD"><enum>(A)</enum><header>In general</header><text>Each annual catch limit, consistent with section 302(h)(6)—</text>
 <clause id="H82DEC2F9351140C98D0E739C69669A9E"><enum>(i)</enum><text>may take into account management measures under international agreements in which the United States participates; and</text>
 </clause><clause id="HFBB4037A7B87468880869FF9AF7FD572"><enum>(ii)</enum><text display-inline="yes-display-inline">in the case of an annual catch limit developed by a Council for a species, shall take into account fishing for the species outside the exclusive economic zone and the life-history characteristics of the species that are not subject to the jurisdiction of the Council.</text>
 </clause></subparagraph><subparagraph id="HA680D5180B5A4A259D9864D98E14FFD6"><enum>(B)</enum><header>Exception to annual catch limit requirement</header><text display-inline="yes-display-inline">If fishery management activities by another country with respect to fishing outside the exclusive economic zone may hinder conservation efforts by United States fishermen for a fish species for which any of the recruitment, distribution, life history, or fishing activities are transboundary, and for which there is no informal transboundary agreement with that country in effect, then—</text>
 <clause id="H4AB526F2ADFD49D5ACCEE2B793F9035D"><enum>(i)</enum><text>notwithstanding subsection (h)(6), no annual catch limit is required to be developed for the species by a Council; and</text>
 </clause><clause id="H40E729E86C1540D582697E4F468EA7E2"><enum>(ii)</enum><text>if an annual catch limit is developed by a Council for the species, the catch limit shall take into account fishing for the species outside the exclusive economic zone that is not subject to the jurisdiction of the Council.</text>
 </clause></subparagraph></paragraph><paragraph commented="no" id="H00FA9CADDC2A49FEA9454F38670E7FB9"><enum>(4)</enum><header>Authorization for multispecies complexes and multiyear annual catch limits</header><text>For purposes of subsection (h)(6), a Council may establish—</text> <subparagraph commented="no" id="HC5A1D7C245F7453DABD6D06C4F87A00C"><enum>(A)</enum><text>an annual catch limit for a stock complex; or</text>
 </subparagraph><subparagraph commented="no" id="H2FA968C7F609412B8BB7453648296710"><enum>(B)</enum><text>annual catch limits for each year in any continuous period that is not more than three years in duration.</text>
 </subparagraph></paragraph><paragraph id="H80512AEE120C40BFA51E861F9E40B3F6"><enum>(5)</enum><header>Ecosystem component species defined</header><text>In this subsection the term <quote>ecosystem component species</quote> means a stock of fish that is a nontarget, incidentally harvested stock of fish in a fishery, or a nontarget, incidentally harvested stock of fish that a Council or the Secretary has determined—</text>
 <subparagraph id="HFD3D538E2AEA4B1FBDD17665B9AFF901"><enum>(A)</enum><text>is not subject to overfishing, approaching a depleted condition or depleted; and</text> </subparagraph><subparagraph id="HCCEE543F532C430ABCCB2E322633C238"><enum>(B)</enum><text>is not likely to become subject to overfishing or depleted in the absence of conservation and management measures.</text></subparagraph></paragraph></subsection><after-quoted-block>.</after-quoted-block></quoted-block>
		</section><section id="H2CE263BD74DD4BC6B627A9E718E973CC"><enum>6.</enum><header>Distinguishing between overfished and depleted</header>
 <subsection id="HA27FCDB8C4B048E5A9821624B6DE75CA"><enum>(a)</enum><header>Definitions</header><text>Section 3 (<external-xref legal-doc="usc" parsable-cite="usc/16/1802">16 U.S.C. 1802</external-xref>) is amended—</text> <paragraph id="HDBECAE486B094E0896DC17742BB7AEB7"><enum>(1)</enum><text>in paragraph (34), by striking <quote>The terms <quote>overfishing</quote> and <quote>overfished</quote> mean</quote> and inserting <quote>The term <quote>overfishing</quote> means</quote>; and</text>
 </paragraph><paragraph id="HDAEF78C17A9B4151956AEF17EB98F693"><enum>(2)</enum><text>by inserting after paragraph (8) the following:</text> <quoted-block display-inline="no-display-inline" id="H3750163094484F62AE1613D829CDD1A9" style="OLC"> <paragraph id="HE3290C9E7062409689C986670F593D3E"><enum>(8a)</enum><text display-inline="yes-display-inline">The term <quote>depleted</quote> means, with respect to a stock of fish or stock complex, that the stock or stock complex has a biomass that has declined below a level that jeopardizes the capacity of the stock or stock complex to produce maximum sustainable yield on a continuing basis.</text></paragraph><after-quoted-block>.</after-quoted-block></quoted-block>
 </paragraph></subsection><subsection id="H6DE83848528D4CCCAA6459E1A9A73108"><enum>(b)</enum><header>Substitution of term</header><text>The Magnuson-Stevens Fishery Conservation and Management Act (<external-xref legal-doc="usc" parsable-cite="usc/16/1801">16 U.S.C. 1801 et seq.</external-xref>) is amended—</text> <paragraph id="H6FE055F3F1AA494AA18697E20918FA41"><enum>(1)</enum><text>in the heading of section 304(e), by striking <quote><header-in-text level="subsection" style="OLC">Overfished</header-in-text></quote> and inserting <quote><header-in-text level="subsection" style="OLC">Depleted</header-in-text></quote>; and</text>
 </paragraph><paragraph id="H73A5852D75844DD596E0C52D55D1D57F"><enum>(2)</enum><text>by striking <quote>overfished</quote> each place it appears and inserting <quote>depleted</quote>.</text> </paragraph></subsection><subsection id="HA309D59E75FA4DDA8885B3F8BF867D33"><enum>(c)</enum><header>Clarity in annual report</header><text>Section 304(e)(1) (<external-xref legal-doc="usc" parsable-cite="usc/16/1854">16 U.S.C. 1854(e)(1)</external-xref>) is amended by adding at the end the following: <quote>The report shall distinguish between fisheries that are depleted (or approaching that condition) as a result of fishing and fisheries that are depleted (or approaching that condition) as a result of factors other than fishing. The report shall state, for each fishery identified as depleted or approaching that condition, whether the fishery is the target of directed fishing.</quote>.</text>
			</subsection></section><section id="H9378D981480D4C71A5D869284593E886"><enum>7.</enum><header>Transparency and public process</header>
 <subsection id="HC86D6C37D55D4F7699A568A656D16966"><enum>(a)</enum><header>Advice</header><text>Section 302(g)(1)(B) (<external-xref legal-doc="usc" parsable-cite="usc/16/1852">16 U.S.C. 1852(g)(1)(B)</external-xref>) is amended by adding at the end the following: <quote>Each scientific and statistical committee shall develop such advice in a transparent manner and allow for public involvement in the process.</quote>.</text>
 </subsection><subsection id="H09EDB4595531474C955C938F7DDFA233"><enum>(b)</enum><header>Meetings</header><text>Section 302(i)(2) (<external-xref legal-doc="usc" parsable-cite="usc/16/1852">16 U.S.C. 1852(i)(2)</external-xref>) is amended by adding at the end the following:</text> <quoted-block id="H65A407C92E0A4019892E774C25ADD58A" style="OLC"> <subparagraph id="HF971071B4DF1414198C69176E670A687" indent="up1"><enum>(G)</enum><text>Each Council shall make available on the Internet Web site of the Council—</text>
 <clause id="H044A37D73FC54C8B8BBE84A1549EAB7B"><enum>(i)</enum><text>to the extent practicable, a Webcast, an audio recording, or a live broadcast of each meeting of the Council, and of the Council Coordination Committee established under subsection (l), that is not closed in accordance with paragraph (3); and</text>
 </clause><clause id="H173A77CEEDF74CC0AA2A97C744EE6888"><enum>(ii)</enum><text>audio, video (if the meeting was in person or by video conference), or a searchable audio or written transcript of each meeting of the Council and of the meetings of committees referred to in section 302(g)(1)(B) of the Council by not later than 30 days after the conclusion of the meeting.</text>
 </clause></subparagraph><subparagraph id="H8C079829C70544BABCD1A102CAEB400A" indent="up1"><enum>(H)</enum><text>The Secretary shall maintain and make available to the public an archive of Council and scientific and statistical committee meeting audios, videos, and transcripts made available under clauses (i) and (ii) of subparagraph (G).</text></subparagraph><after-quoted-block>.</after-quoted-block></quoted-block>
			</subsection><subsection id="HA9C21D88927F4BE59F11DA89074E6709"><enum>(c)</enum><header>Fishery impact statements</header>
 <paragraph id="H33C35CF80A574E38A4756D69B358BE96"><enum>(1)</enum><header>Requirement</header><text>Section 303 (<external-xref legal-doc="usc" parsable-cite="usc/16/1853">16 U.S.C. 1853</external-xref>) is amended—</text> <subparagraph id="H2C6E7808E3DF4CE29CA4006F48245FB3"><enum>(A)</enum><text>in subsection (a), by striking paragraph (9) and redesignating paragraphs (10) through (15) as paragraphs (9) through (14), respectively; and</text>
 </subparagraph><subparagraph id="HB65AA31E25F3458083E92DF4D0CC89F8"><enum>(B)</enum><text>by adding at the end the following:</text> <quoted-block id="HDFC180A5906E47528A55974FAE390E14" style="OLC"> <subsection id="HD4C2C6C0F43046C38AABF48C5D500DF0"><enum>(d)</enum><header>Fishery impact statement</header> <paragraph id="H725EC6CDE5D64C5D83B966DD29DD2AE8"><enum>(1)</enum><text>Any fishery management plan (or fishery management plan amendment) prepared by any Council or by the Secretary pursuant to subsection (a) or (b), or proposed regulations deemed necessary pursuant to subsection (c), shall include a fishery impact statement which shall assess, specify and analyze the likely effects and impact of the proposed action on the quality of the human environment.</text>
 </paragraph><paragraph id="H51A25FD61BDA4AE0AC873E83B77A34AA"><enum>(2)</enum><text>The fishery impact statement shall describe—</text> <subparagraph id="H53A9BD5300074040A54021BD39CA9D6C"><enum>(A)</enum><text>a purpose of the proposed action;</text>
 </subparagraph><subparagraph id="HF44854CE5DB245F69CD3EFB09C42C522"><enum>(B)</enum><text>the environmental impact of the proposed action;</text> </subparagraph><subparagraph id="H1773F32BE9E240F0BE6AF9E03346AF25"><enum>(C)</enum><text>any adverse environmental effects which cannot be avoided should the proposed action be implemented;</text>
 </subparagraph><subparagraph id="HAAD42D3138064C3BA5D3347D21CCF5CA"><enum>(D)</enum><text>a reasonable range of alternatives to the proposed action;</text> </subparagraph><subparagraph id="HF02F4A8D861B4FF8BFCA985F64E49D0D"><enum>(E)</enum><text>the relationship between short-term use of fishery resources and the enhancement of long-term productivity;</text>
 </subparagraph><subparagraph id="H308A45A437F64C699A378FEFA34D1E85"><enum>(F)</enum><text>the cumulative conservation and management effects; and</text> </subparagraph><subparagraph id="HB484E40D136446BEAF0A87DFCC7D949F"><enum>(G)</enum><text>economic, and social impacts of the proposed action on—</text>
 <clause id="H2F27CFBFA8404FE8A5A7938A959E397D"><enum>(i)</enum><text>participants in the fisheries and fishing communities affected by the proposed action;</text> </clause><clause id="HB81CBB76007E4D3A893FE7CB414A74DF"><enum>(ii)</enum><text>participants in the fisheries conducted in adjacent areas under the authority of another Council, after consultation with such Council and representatives of those participants; and</text>
 </clause><clause id="H631997D88D054F17B771E17E8F5D5D38"><enum>(iii)</enum><text>the safety of human life at sea, including whether and to what extent such measures may affect the safety of participants in the fishery.</text>
 </clause></subparagraph></paragraph><paragraph id="HD883B6AED3A546998A0B3F74D74747B2"><enum>(3)</enum><text>A substantially complete fishery impact statement, which may be in draft form, shall be available not less than 14 days before the beginning of the meeting at which a Council makes its final decision on the proposal (for plans, plan amendments, or proposed regulations prepared by a Council pursuant to subsection (a) or (c)). Availability of this fishery impact statement will be announced by the methods used by the council to disseminate public information and the public and relevant government agencies will be invited to comment on the fishery impact statement.</text>
 </paragraph><paragraph id="H3541F5E659924BE0883CF2298737120A"><enum>(4)</enum><text>The completed fishery impact statement shall accompany the transmittal of a fishery management plan or plan amendment as specified in section 304(a), as well as the transmittal of proposed regulations as specified in section 304(b).</text>
 </paragraph><paragraph id="HF795ECF95A374E7DBF771CDD6A578A24"><enum>(5)</enum><text>The Councils shall, subject to approval by the Secretary, establish criteria to determine actions or classes of action of minor significance regarding subparagraphs (A), (B), (D), (E), and (F) of paragraph (2), for which preparation of a fishery impact statement is unnecessary and categorically excluded from the requirements of this section, and the documentation required to establish the exclusion.</text>
 </paragraph><paragraph id="HB98E1BCF279C4A02AA10F04DE42C4998"><enum>(6)</enum><text>The Councils shall, subject to approval by the Secretary, prepare procedures for compliance with this section that provide for timely, clear, and concise analysis that is useful to decisionmakers and the public, reduce extraneous paperwork and effectively involve the public, including—</text>
 <subparagraph id="H0AB40D5D0A1C47B98A7D791CFE6C2DFC"><enum>(A)</enum><text>using Council meetings to determine the scope of issues to be addressed and identifying significant issues related to the proposed action;</text>
 </subparagraph><subparagraph id="HB7BAD7C66D63438AA387F15FBD03833D"><enum>(B)</enum><text>integration of the fishery impact statement development process with preliminary and final Council decisionmaking in a manner that provides opportunity for comment from the public and relevant government agencies prior to these decision points; and</text>
 </subparagraph><subparagraph id="H4812EB9BBAE941D8B298626CBAFF68B9"><enum>(C)</enum><text>providing scientific, technical, and legal advice at an early stage of the development of the fishery impact statement to ensure timely transmittal and Secretarial review of the proposed fishery management plan, plan amendment, or regulations to the Secretary.</text>
 </subparagraph></paragraph><paragraph id="H14C14D07D85748AC81B2DBD83B382F50"><enum>(7)</enum><text display-inline="yes-display-inline">Actions taken in accordance with this section are deemed to fulfill the requirements of the National Environmental Policy Act of 1969 (<external-xref legal-doc="usc" parsable-cite="usc/42/4321">42 U.S.C. 4321 et seq.</external-xref>) and all related implementing regulations.</text></paragraph></subsection><after-quoted-block>.</after-quoted-block></quoted-block>
 </subparagraph></paragraph><paragraph id="H568742E603A2430EA7CA384359FEF8B6"><enum>(2)</enum><header>Evaluation of adequacy</header><text>Section 304(a)(2) (<external-xref legal-doc="usc" parsable-cite="usc/16/1854">16 U.S.C. 1854(a)(2)</external-xref>) is amended by striking <quote>and</quote> after the semicolon at the end of subparagraph (B), striking the period at the end of subparagraph (C) and inserting <quote>; and</quote>, and by adding at the end the following:</text>
					<quoted-block id="HE0910C82DD194AF2A7EC11B98CB6E194" style="OLC">
 <subparagraph id="H8612FC1688454B9CA0B285B9FB5A382E"><enum>(D)</enum><text>evaluate the adequacy of the accompanying fishery impact statement as basis for fully considering the environmental impacts of implementing the fishery management plan or plan amendment.</text></subparagraph><after-quoted-block>.</after-quoted-block></quoted-block>
 </paragraph><paragraph id="H6880000267D1486BB73A66A230C80DAA"><enum>(3)</enum><header>Review of regulations</header><text>Section 304(b) (<external-xref legal-doc="usc" parsable-cite="usc/16/1854">16 U.S.C. 1854(b)</external-xref>) is amended by striking so much as precedes subparagraph (A) of paragraph (1) and inserting the following:</text>
					<quoted-block id="HA3827DA1758C474991FAD9C1EAA23DAF" style="OLC">
						<subsection id="H9A11965F105C4A13AA89037A2129D367"><enum>(b)</enum><header>Review of regulations</header>
 <paragraph id="HC12B5625ED244882B5F3F18958EE6CF5"><enum>(1)</enum><text>Upon transmittal by the Council to the Secretary of proposed regulations prepared under section 303(c), the Secretary shall immediately initiate an evaluation of the proposed regulations to determine whether they are consistent with the fishery management plan, plan amendment, this Act and other applicable law. The Secretary shall also immediately initiate an evaluation of the accompanying fishery impact statement as a basis for fully considering the environmental impacts of implementing the proposed regulations. Within 15 days of initiating such evaluation the Secretary shall make a determination and—</text></paragraph></subsection><after-quoted-block>.</after-quoted-block></quoted-block>
 </paragraph><paragraph id="HAC132DBECD944C519C0A085FB4F05618"><enum>(4)</enum><header>Effect on time requirements</header><text>Section 305(e) (<external-xref legal-doc="usc" parsable-cite="usc/16/1855">16 U.S.C. 1855(e)</external-xref>) is amended by inserting <quote>the National Environmental Policy Act of 1969 (<external-xref legal-doc="usc" parsable-cite="usc/42/4321">42 U.S.C. 4321 et seq.</external-xref>),</quote> after <quote>the Regulatory Flexibility Act (<external-xref legal-doc="usc" parsable-cite="usc/5/601">5 U.S.C. 601 et seq.</external-xref>),</quote>.</text> </paragraph></subsection></section><section id="H4EF5A2E88B86486291BA46890E251D33"><enum>8.</enum><header>Limitation on future catch share programs</header> <subsection id="HF99F2871C7434F9A9887B15346D16B1D"><enum>(a)</enum><header>Catch share defined</header><text>Section 3 (<external-xref legal-doc="usc" parsable-cite="usc/16/1802">16 U.S.C. 1802</external-xref>) is amended by inserting after paragraph (2) the following:</text>
				<quoted-block display-inline="no-display-inline" id="HDAA57F87571F4CFAB0A0B5C7E1359E1A" style="OLC">
 <paragraph id="H38792D5127A241368795DBAF2C7C4A11"><enum>(2a)</enum><text display-inline="yes-display-inline">The term <quote>catch share</quote> means any fishery management program that allocates a specific percentage of the total allowable catch for a fishery, or a specific fishing area, to an individual, cooperative, community, processor, representative of a commercial sector, or regional fishery association established in accordance with section 303A(c)(4), or other entity.</text></paragraph><after-quoted-block>.</after-quoted-block></quoted-block>
			</subsection><subsection id="H395E13752BB744C8BD5BCF3ED38EB8A4"><enum>(b)</enum><header>Catch share referendum pilot program</header>
 <paragraph id="HB3F0378CB0CD4F8384329FFFD33B7AFD"><enum>(1)</enum><header>In general</header><text>Section 303A(c)(6)(D) (<external-xref legal-doc="usc" parsable-cite="usc/16/1853a">16 U.S.C. 1853a(c)(6)(D)</external-xref>) is amended to read as follows:</text> <quoted-block id="H44C81CEAC05A470C99654A6290BE5F37" style="OLC"> <subparagraph id="HCAE9017C03B84C4C9972155392F0E93E"><enum>(D)</enum><header>Catch share referendum pilot program</header> <clause id="HF178DF220D244F28A5F59E000B51A4C8"><enum>(i)</enum><text>The New England, Mid-Atlantic, South Atlantic, and Gulf of Mexico Councils may not submit a fishery management plan or amendment that creates a catch share program for a fishery, and the Secretary may not approve or implement such a plan or amendment submitted by such a Council or a secretarial plan or amendment under section 304(c) that creates such a program, unless the final program has been approved, in a referendum in accordance with this subparagraph, by a majority of the permit holders eligible to participate in the fishery. For multispecies permits in the Gulf of Mexico, any permit holder with landings from within the sector of the fishery being considered for the catch share program within the 5-year period preceding the date of the referendum and still active in fishing in the fishery shall be eligible to participate in such a referendum. If a catch share program is not approved by the requisite number of permit holders, it may be revised and submitted for approval in a subsequent referendum.</text>
 </clause><clause id="HFCB6ECF240624F638EC29C8CFE5B5A65"><enum>(ii)</enum><text>The Secretary may, at the request of the New England Fishery Management Council, allow participation in such a referendum for a fishery under the Council’s authority, by fishing vessel crewmembers who derive a significant portion of their livelihood from such fishing.</text>
 </clause><clause id="H7E05E0BA422945FA9F23AF6FE11C62B3"><enum>(iii)</enum><text>The Secretary shall conduct a referendum under this subparagraph, including notifying all permit holders eligible to participate in the referendum and making available to them—</text>
 <subclause id="H2AD97AFA1B9448C5B9CF02D09A18DAA9"><enum>(I)</enum><text>a copy of the proposed program;</text> </subclause><subclause id="H895F97A339D048EA842EA913346856A2"><enum>(II)</enum><text>an estimate of the costs of the program, including costs to participants;</text>
 </subclause><subclause id="H4AA0176146CE47D5883B8D63F46F988D"><enum>(III)</enum><text>an estimate of the amount of fish or percentage of quota each permit holder would be allocated; and</text> </subclause><subclause id="HCB68C668CB994D61961630AA52E34E72"><enum>(IV)</enum><text>information concerning the schedule, procedures, and eligibility requirements for the referendum process.</text>
 </subclause></clause><clause id="HD98E8FC8134140E898D0FE9311D599C7"><enum>(iv)</enum><text>For the purposes of this subparagraph, the term <quote>permit holder eligible to participate</quote> only includes the holder of a permit for a fishery under which fishing has occurred in 3 of the 5 years preceding a referendum for the fishery, unless sickness, injury, or other unavoidable hardship prevented the permit holder from engaging in such fishing.</text>
 </clause><clause id="H2735AF3308BE4D23A5C6072F76CE3000"><enum>(v)</enum><text>The Secretary may not implement any catch share program for any fishery managed exclusively by the Secretary unless first petitioned by a majority of those permit holders eligible to participate in the fishery.</text></clause></subparagraph><after-quoted-block>.</after-quoted-block></quoted-block>
 </paragraph><paragraph id="HAD14E4DF8FD94D148E0054575AB628E0"><enum>(2)</enum><header>Limitation on application</header><text>The amendment made by paragraph (1) shall not apply to a catch share program that is submitted to, or proposed by, the Secretary of Commerce before the date of enactment of this Act.</text>
 </paragraph><paragraph id="H6B8F6F51E19F4693BAF9C4E3AC4F45E4"><enum>(3)</enum><header>Regulations</header><text display-inline="yes-display-inline">Before conducting a referendum under the amendment made by paragraph (1), the Secretary of Commerce shall issue regulations implementing such amendment after providing an opportunity for submission by the public of comments on the regulations.</text>
 </paragraph></subsection></section><section id="H5CE4845E98AE408F9B5CF94C1798BFE3"><enum>9.</enum><header>Report on fee</header><text display-inline="no-display-inline">Section 304(d)(2) (<external-xref legal-doc="usc" parsable-cite="usc/16/1854">16 U.S.C. 1854(d)(2)</external-xref>) is amended by adding at the end the following:</text> <quoted-block id="HC89FC3D46EFB4F0DA6D8E837D8908FDD" style="OLC"> <subparagraph id="HC3E0F0709FD047A692FD57BC052DB27C" indent="up1"><enum>(D)</enum><text>The Secretary shall report annually on the amount collected under this paragraph from each fishery and detail how the funds were spent in the prior year on a fishery-by-fishery basis, to—</text>
 <clause id="H253B4DBA39B04ED5A7315E639963FB05"><enum>(i)</enum><text>Congress; and</text> </clause><clause id="HAB3A964C6B48403CB79E71DBC99EA728"><enum>(ii)</enum><text>each Council from whose fisheries the fee under this paragraph were collected.</text></clause></subparagraph><after-quoted-block>.</after-quoted-block></quoted-block>
 </section><section id="H8AD468DE3D8841D5998DE96E22991C70"><enum>10.</enum><header>Cooperative research and management program</header><text display-inline="no-display-inline">Section 318 (<external-xref legal-doc="usc" parsable-cite="usc/16/1867">16 U.S.C. 1867</external-xref>) is amended—</text> <paragraph id="H5ABBB2B60FCF4B839EE5361A4A8EBB94"><enum>(1)</enum><text>in subsection (a), by inserting <quote>(1)</quote> before the first sentence, and by adding at the end the following:</text>
				<quoted-block id="H52B918EC97D94608BCDB32ADB2DA033A" style="OLC">
 <paragraph id="H3EAFA116E4B5495F98E66A6865A6E137" indent="up1"><enum>(2)</enum><text>Within one year after the date of enactment of the Strengthening Fishing Communities and Increasing Flexibility in Fisheries Management Act, and after consultation with the Councils, the Secretary shall publish a plan for implementing and conducting the program established in paragraph (1). Such plan shall identify and describe critical regional fishery management and research needs, possible projects that may address those needs, and estimated costs for such projects. The plan shall be revised and updated every 5 years, and updated plans shall include a brief description of projects that were funded in the prior 5-year period and the research and management needs that were addressed by those projects.</text></paragraph><after-quoted-block>; and</after-quoted-block></quoted-block>
 </paragraph><paragraph id="H988CBA1D1A7B4AE1ACD26F25524E29A5"><enum>(2)</enum><text>in subsection (c)—</text> <subparagraph id="H6089A462C19F4ABE8B4660328634D743"><enum>(A)</enum><text>in the heading, by striking <quote><header-in-text level="subsection" style="OLC">Funding</header-in-text></quote> and inserting <quote><header-in-text level="subsection" style="OLC">Priorities</header-in-text></quote>; and</text>
 </subparagraph><subparagraph id="HC89FD084A34D4A3EB5805A88D2F5125E"><enum>(B)</enum><text>in paragraph (1), by striking all after <quote>including</quote> and inserting an em dash, followed on the next line by the following:</text> <quoted-block id="H9F12C43508AB4A42818AFBE31E840BA0" style="OLC"> <subparagraph id="HFAD6C26CB2E94D50829656A1C13E812F"><enum>(A)</enum><text>the use of fishing vessels or acoustic or other marine technology;</text>
 </subparagraph><subparagraph id="H7D724A95EFFC4D4A9AD5E88505EEFC24"><enum>(B)</enum><text>expanding the use of electronic catch reporting programs and technology; and</text> </subparagraph><subparagraph id="H852E04FC3C9F4822ADE720418B3BEB61"><enum>(C)</enum><text>improving monitoring and observer coverage through the expanded use of electronic monitoring devices.</text></subparagraph><after-quoted-block>.</after-quoted-block></quoted-block>
 </subparagraph></paragraph></section><section id="HD63D79B79B0F4884B893BB778A2F160A"><enum>11.</enum><header>Council jurisdiction for overlapping fisheries</header><text display-inline="no-display-inline">Section 302(a)(1) (<external-xref legal-doc="usc" parsable-cite="usc/16/1852">16 U.S.C. 1852(a)</external-xref>) is amended—</text> <paragraph id="H6B3705D573FE495EA06990A3A4356835"><enum>(1)</enum><text>in subparagraph (A), in the second sentence—</text>
 <subparagraph id="H1FDA3914334E44EE9F66F401B66E5CD9"><enum>(A)</enum><text>by striking <quote>18</quote> and inserting <quote>19</quote>; and</text> </subparagraph><subparagraph id="H3BA83B6AAD3941A0A170C498C3D4CB68"><enum>(B)</enum><text>by inserting before the period at the end <quote>and a liaison who is a member of the Mid-Atlantic Fishery Management Council to represent the interests of fisheries under the jurisdiction of such Council</quote>; and</text>
 </subparagraph></paragraph><paragraph id="H486EED99F8374874B9B8DA3D3F0F164D"><enum>(2)</enum><text>in subparagraph (B), in the second sentence—</text> <subparagraph id="H81307CDA1AB94E1EA32EA6E54C31E7CF"><enum>(A)</enum><text>by striking <quote>21</quote> and inserting <quote>22</quote>; and</text>
 </subparagraph><subparagraph id="H489AB48BE339436493705BEDF267545C"><enum>(B)</enum><text>by inserting before the period at the end <quote>and a liaison who is a member of the New England Fishery Management Council to represent the interests of fisheries under the jurisdiction of such Council</quote>.</text>
				</subparagraph></paragraph></section><section id="HFAFD2EC5A35A47B3A59244F807069B47"><enum>12.</enum><header>Gulf of Mexico fisheries cooperative research and red snapper management</header>
 <subsection id="H142641B7CA854C6B90BCA1186CE7671A"><enum>(a)</enum><header>Repeal</header><text>Section 407 (<external-xref legal-doc="usc" parsable-cite="usc/16/1883">16 U.S.C. 1883</external-xref>), and the item relating to such section in the table of contents in the first section, are repealed.</text>
 </subsection><subsection id="HE4D8C7C4C88148F08FE9AAF84A049AA3"><enum>(b)</enum><header>Reporting and data collection program</header><text>The Secretary of Commerce shall—</text> <paragraph id="H30451DDB7B68402787A2B81B9058BE06"><enum>(1)</enum><text>in conjunction with the States, the Gulf of Mexico Fishery Management Council, and the recreational fishing sectors, develop and implement a real-time reporting and data collection program for the Gulf of Mexico red snapper fishery using available technology; and</text>
 </paragraph><paragraph id="H6221EAE2DF064B03A42E3B5FD0F2FFE0"><enum>(2)</enum><text>make implementation of this subsection a priority for funds received by the Secretary and allocated to this region under section 2 of the Act of August 11, 1939 (commonly known as the <quote>Saltonstall-Kennedy Act</quote>) (<external-xref legal-doc="usc" parsable-cite="usc/15/713c-3">15 U.S.C. 713c–3</external-xref>).</text>
 </paragraph></subsection><subsection id="HD7E9FBD71AD046608F664FDF5FB6FCD1"><enum>(c)</enum><header>Fisheries Cooperative research program</header><text>The Secretary of Commerce—</text> <paragraph id="HE452AAC779CD44608571C4C8C1B59DA2"><enum>(1)</enum><text>shall, in conjunction with the States, the Gulf States Marine Fisheries Commission and the Atlantic States Marine Fisheries Commission, the Gulf of Mexico and South Atlantic Fishery Management Councils, and the commercial, charter, and recreational fishing sectors, develop and implement a cooperative research program authorized under section 318 for the fisheries of the Gulf of Mexico and South Atlantic regions, giving priority to those fisheries that are considered data-poor; and</text>
 </paragraph><paragraph id="HF492BADF0C924C9C8CD405E34961B320"><enum>(2)</enum><text>may, subject to the availability of appropriations, use funds received by the Secretary under section 2 of the Act of August 11, 1939 (commonly known as the <quote>Saltonstall-Kennedy Act</quote>) (<external-xref legal-doc="usc" parsable-cite="usc/15/713c-3">15 U.S.C. 713c–3</external-xref>) to implement this subsection.</text>
 </paragraph></subsection><subsection id="H702A0FD34D95491199C60077C9735538"><enum>(d)</enum><header>Stock surveys and stock assessments</header><text>The Secretary of Commerce, acting through the National Marine Fisheries Service Regional Administrator of the Southeast Regional Office, shall for purposes of the Magnuson-Stevens Fishery Conservation and Management Act (<external-xref legal-doc="usc" parsable-cite="usc/16/1801">16 U.S.C. 1801 et seq.</external-xref>)—</text>
 <paragraph id="HD2074A6968E94EBF8524D16C5C8AD0A5"><enum>(1)</enum><text display-inline="yes-display-inline">develop a schedule of stock surveys and stock assessments for the Gulf of Mexico Region and the South Atlantic Region for the 5-year period beginning on the date of the enactment of this Act and for every 5-year period thereafter;</text>
 </paragraph><paragraph id="H4EC2B6820DE342EA8FB5031D92E29A87"><enum>(2)</enum><text display-inline="yes-display-inline">direct the Southeast Science Center Director to implement such schedule; and</text> </paragraph><paragraph id="HAEDBF48418DC42D7A7F11A08A8E53A24"><enum>(3)</enum><text>in such development and implementation—</text>
 <subparagraph id="H23D7892102CB4DB9B14091BADC462443"><enum>(A)</enum><text>give priority to those stocks that are commercially or recreationally important; and</text> </subparagraph><subparagraph id="HF2EDE5440DB44AE7B5BDA8625A7C49E8"><enum>(B)</enum><text>ensure that each such important stock is surveyed at least every 5 years.</text>
 </subparagraph></paragraph></subsection><subsection id="H523736DDEB43435DB8C8304D30267A27"><enum>(e)</enum><header>Use of fisheries information in stock assessments</header><text display-inline="yes-display-inline">The Southeast Science Center Director shall ensure that fisheries information made available through fisheries programs funded under <external-xref legal-doc="public-law" parsable-cite="pl/112/141">Public Law 112–141</external-xref> is incorporated as soon as possible into any fisheries stock assessments conducted after the date of the enactment of this Act.</text>
 </subsection><subsection id="HABCF3321C8F844AC923F449061F7D75C"><enum>(f)</enum><header>State fisheries management in the Gulf of Mexico with respect to red snapper</header><text>Section 306(b) (<external-xref legal-doc="usc" parsable-cite="usc/16/1856">16 U.S.C. 1856(b)</external-xref>) is amended by adding at the end the following:</text> <quoted-block display-inline="no-display-inline" id="HD9994DD298B945FD96E23B7906499F15" style="OLC"> <paragraph id="H7CADBBDC52A349BE8F1CF89DA2C71AE5" indent="up1"><enum>(4)</enum><text display-inline="yes-display-inline">Notwithstanding section 3(11), for the purposes of managing the recreational sector of the Gulf of Mexico red snapper fishery, the seaward boundary of a coastal State in the Gulf of Mexico is a line 9 miles seaward from the baseline from which the territorial sea of the United States is measured.</text></paragraph><after-quoted-block>.</after-quoted-block></quoted-block>
 </subsection><subsection id="H9357A730152C4279A39B73D7E5BC2A40"><enum>(g)</enum><header>Funding of stock assessments</header><text>The Secretary of Commerce and the Secretary of the Interior, acting through the Bureau of Ocean Energy Management, shall enter into a cooperative agreement for the funding of stock assessments that are necessitated by any action by the Bureau with respect to offshore oil rigs in the Gulf of Mexico that adversely impacts red snapper.</text>
 </subsection></section><section id="H64A983C29AB94941B72B997513D1FD2F"><enum>13.</enum><header>North Pacific fishery management clarification</header><text display-inline="no-display-inline">Section 306(a)(3)(C) (<external-xref legal-doc="usc" parsable-cite="usc/16/1856">16 U.S.C. 1856(a)(3)(C)</external-xref>) is amended—</text> <paragraph id="H85594616827247C79FC7A8CB984AED60"><enum>(1)</enum><text>by striking <quote>was no</quote> and inserting <quote>is no</quote>; and</text>
 </paragraph><paragraph id="H6E4661C91CED4346ADDB460F89205685"><enum>(2)</enum><text>by striking <quote>on August 1, 1996</quote>.</text> </paragraph></section><section id="HD9F4214E932143D4B9C58EC53009057A"><enum>14.</enum><header>Ensuring consistent management for fisheries throughout their range</header> <subsection id="H948159CEB822428E90ACEEE0BF960519"><enum>(a)</enum><header>In general</header><text>The Act is amended by inserting after section 4 the following:</text>
				<quoted-block id="H2A03A00206C84B30B063CEC844FCD2E6" style="OLC">
					<section id="H4A74BEDDC83A455095ED5884E3F39A1F"><enum>5.</enum><header>Ensuring consistent fisheries management under certain other Federal laws</header>
 <subsection id="H2757C086E44C44E59793AD1ACDB7383C"><enum>(a)</enum><header>National Marine Sanctuaries Act and Antiquities Act of 1906</header><text>In any case of a conflict between this Act and the National Marine Sanctuaries Act (<external-xref legal-doc="usc" parsable-cite="usc/16/1431">16 U.S.C. 1431 et seq.</external-xref>) or the Antiquities Act of 1906 (<external-xref legal-doc="usc" parsable-cite="usc/16/431">16 U.S.C. 431 et seq.</external-xref>), this Act shall control.</text>
 </subsection><subsection id="HA5D7592D825D46A9B41138B64829D6A0"><enum>(b)</enum><header>Fisheries restrictions under Endangered Species Act of 1973</header><text display-inline="yes-display-inline">To ensure transparency and consistent management of fisheries throughout their range, any restriction on the management of fish in the exclusive economic zone that is necessary to implement a recovery plan under the Endangered Species Act of 1973 (<external-xref legal-doc="usc" parsable-cite="usc/16/1531">16 U.S.C. 1531 et seq.</external-xref>) shall be implemented—</text>
 <paragraph id="H223142763E674AB88D9943128B0BBB8F"><enum>(1)</enum><text>using authority under this Act; and</text> </paragraph><paragraph id="HA85008829CA94520882265B30EC9C041"><enum>(2)</enum><text>in accordance with processes and time schedules required under this Act.</text></paragraph></subsection></section><after-quoted-block>.</after-quoted-block></quoted-block>
 </subsection><subsection id="H793BADBAFAB54DC2B3ADFBE3349AF96B"><enum>(b)</enum><header>Clerical amendment</header><text>The table of contents in the first section is amended by inserting after the item relating to section 3 the following:</text>
				<quoted-block display-inline="no-display-inline" id="H74FB5E58A66949CEAFDE558230CB9E78" style="OLC">
					<toc regeneration="no-regeneration">
						<toc-entry level="section">Sec. 4. Authorization of appropriations.</toc-entry>
						<toc-entry level="section">Sec. 5. Ensuring consistent fisheries management under certain other Federal laws.</toc-entry></toc><after-quoted-block>.</after-quoted-block></quoted-block>
 </subsection></section><section display-inline="no-display-inline" id="H6785B1A47A9C4F20982EE2814B129B4B" section-type="subsequent-section"><enum>15.</enum><header>Limitation on harvest in North Pacific directed pollock fishery</header><text display-inline="no-display-inline">Section 210(e)(1) of the American Fisheries Act (title II of division C of <external-xref legal-doc="public-law" parsable-cite="pl/105/277">Public Law 105–277</external-xref>; <external-xref legal-doc="usc" parsable-cite="usc/16/1851">16 U.S.C. 1851</external-xref> note) is amended to read as follows:</text>
			<quoted-block id="H1B87D3B23AE1433B967C0C132CA5B9C5" style="OLC">
				<paragraph id="H5070C88B043B4ADEB19776FE810E73AF"><enum>(1)</enum><header>Harvesting</header>
 <subparagraph id="HF524E369F56F4EC4B3E7391FAE5B8C9F"><enum>(A)</enum><header>Limitation</header><text>No particular individual, corporation, or other entity may harvest, through a fishery cooperative or otherwise, a percentage of the pollock available to be harvested in the directed pollock fishery that exceeds the percentage established for purposes of this paragraph by the North Pacific Council.</text>
 </subparagraph><subparagraph id="HA07AAA02F8EC449191BC93EE4311FA3A"><enum>(B)</enum><header>Maximum percentage</header><text>The percentage established by the North Pacific Council shall not exceed 24 percent of the pollock available to be harvested in the directed pollock fishery.</text></subparagraph></paragraph><after-quoted-block>.</after-quoted-block></quoted-block>
		</section><section id="HE847680DF8094D12A24EA383FB1B6A83"><enum>16.</enum><header>Recreational fishing data</header>
 <subsection id="H0C22658114D545FB8CF14E375B564CF8"><enum>(a)</enum><header>Recreational data collection</header><text>Section 401(g) (<external-xref legal-doc="usc" parsable-cite="usc/16/1881">16 U.S.C. 1881(g)</external-xref>) is amended by redesignating paragraph (4) as paragraph (5), and by inserting after paragraph (3) the following:</text>
				<quoted-block id="H95AD8CFA84BA4275BFAFF71399A18EE4" style="OLC">
					<paragraph id="HD726670CE13B48AABA36D72DE9E45E3F"><enum>(4)</enum><header>Federal-State partnerships</header>
 <subparagraph id="H36237281ABA2436CA5A193CD1ADEDCDC"><enum>(A)</enum><header>Establishment</header><text>The Secretary shall establish partnerships with States to develop best practices for implementation of State programs established pursuant to paragraph (2).</text>
 </subparagraph><subparagraph id="HABBC201F82DF416790A83AB17D6D8A26"><enum>(B)</enum><header>Guidance</header><text>The Secretary shall develop guidance, in cooperation with the States, that details best practices for administering State programs pursuant to paragraph (2), and provide such guidance to the States.</text>
 </subparagraph><subparagraph id="HA45DDFAC97C74516B9F48A03D4339B20"><enum>(C)</enum><header>Biennial Report</header><text>The Secretary shall submit to the Congress and publish biennial reports that include—</text> <clause id="H2E3B79CC08314ACF9E42CD6065D06A7C"><enum>(i)</enum><text>the estimated accuracy of the registry program established under paragraph (1) and of State programs that are exempted under paragraph (2);</text>
 </clause><clause id="HAD4226071958439E949028D0F9107986"><enum>(ii)</enum><text>priorities for improving recreational fishing data collection; and</text> </clause><clause id="H2EFB08D5E6B3452385B594CDE192A252"><enum>(iii)</enum><text>an explanation of any use of information collected by such State programs and by the Secretary, including a description of any consideration given to the information by the Secretary.</text>
 </clause></subparagraph><subparagraph id="HEFD9E64943704494828C2978F5EF1556"><enum>(D)</enum><header>States Grant Program</header><text>The Secretary shall make grants to States to improve implementation of State programs consistent with this subsection. The Secretary shall prioritize such grants based on the ability of the grant to improve the quality and accuracy of such programs.</text></subparagraph></paragraph><after-quoted-block>.</after-quoted-block></quoted-block>
 </subsection><subsection id="HFAF5DB0F956F408FAF0ACFE8D47EC7A7"><enum>(b)</enum><header>Study on recreational fisheries data</header><text>Section 401(g) (<external-xref legal-doc="usc" parsable-cite="usc/16/1881">16 U.S.C. 1881(g)</external-xref>) is further amended by adding at the end the following:</text> <quoted-block id="H3A980EFC292346E984A114EA56E5ED87" style="OLC"> <paragraph id="HB9B22C95C5074A13845304465D2AD5CB"><enum>(6)</enum><header>Study on program implementation</header> <subparagraph id="H50B0B12609BE443BA38B67A60C23FAAA"><enum>(A)</enum><header>In general</header><text>Not later than 60 days after the enactment of this paragraph, the Secretary shall enter into an agreement with the National Research Council of the National Academy of Sciences to study the implementation of the programs described in this section. The study shall—</text>
 <clause id="H05965B9DEA214CB1853709EA3690072D"><enum>(i)</enum><text>provide an updated assessment of recreational survey methods established or improved since the publication of the Council’s report <quote>Review of Recreational Fisheries Survey Methods (2006)</quote>;</text>
 </clause><clause id="HCE6699BC5E04468FAB3D82DD6AB63505"><enum>(ii)</enum><text>evaluate the extent to which the recommendations made in that report were implemented pursuant to paragraph (3)(B); and</text>
 </clause><clause id="H42F3997D4B2A471AB198B7C94D587265"><enum>(iii)</enum><text>examine any limitations of the Marine Recreational Fishery Statistics Survey and the Marine Recreational Information Program established under paragraph (1).</text>
 </clause></subparagraph><subparagraph id="H89C6420D24F048A5B0E6012D4FAD3633"><enum>(B)</enum><header>Report</header><text>Not later than 1 year after entering into an agreement under subparagraph (A), the Secretary shall submit a report to Congress on the results of the study under subparagraph (A).</text></subparagraph></paragraph><after-quoted-block>.</after-quoted-block></quoted-block>
			</subsection></section><section id="H2CFD33A0755040F6A6876847237F8CB3"><enum>17.</enum><header>Stock assessments used for fisheries managed under Gulf of Mexico Council’s Reef Fish Management
			 Plan</header>
 <subsection id="H29AB86C7339F4DBA96F75EC1CF344654"><enum>(a)</enum><header>In general</header><text>Title IV (<external-xref legal-doc="usc" parsable-cite="usc/16/1881">16 U.S.C. 1881 et seq.</external-xref>) is amended by adding at the end the following:</text> <quoted-block id="HC318524CF0FA4CFDBB46ADBEE53DEC42" style="OLC"> <section id="H5B00620A8D2444E1BED9CE88F73652C7"><enum>409.</enum><header>Stock assessments used for fisheries managed under Gulf of Mexico Council’s Reef Fish Management Plan</header> <subsection id="HE8D76AF963444CBAA57C8965A1600A32"><enum>(a)</enum><header>In general</header><text>The Gulf States Marine Fisheries Commission shall conduct all fishery stock assessments used for management purposes by the Gulf of Mexico Fishery Management Council for the fisheries managed under the Council’s Reef Fish Management Plan.</text>
						</subsection><subsection id="H50B7ED721409447D9026E4CB63A6AE8C"><enum>(b)</enum><header>Use of other information and assets</header>
 <paragraph id="H4F240C1E7EE84591998DA9C3BB56BD97"><enum>(1)</enum><header>In general</header><text>Such fishery assessments shall—</text> <subparagraph id="H396365B10EEF4D42ACC6D7363B722A4B"><enum>(A)</enum><text>incorporate fisheries survey information collected by university researchers; and</text>
 </subparagraph><subparagraph id="H019B5592D19A46ADA9FEC63B1AE7BA56"><enum>(B)</enum><text>to the extent practicable, use State, university, and private assets to conduct fisheries surveys.</text> </subparagraph></paragraph><paragraph id="H5DE6F9136B064406B995A3AEEA49D455"><enum>(2)</enum><header>Surveys at artificial reefs</header><text>Any such fishery stock assessment conducted after the date of the enactment of the Strengthening Fishing Communities and Increasing Flexibility in Fisheries Management Act shall incorporate fishery surveys conducted, and other relevant fisheries information collected, on and around natural and artificial reefs.</text>
 </paragraph></subsection><subsection id="HE83DFE9F103C436BB98881E2A6CDA527"><enum>(c)</enum><header>Constituent and stakeholder participation</header><text>Each such fishery assessment shall—</text> <paragraph id="H90F372ECB4174F1E8EB6259001112DBD"><enum>(1)</enum><text>emphasize constituent and stakeholder participation in the development of the assessment;</text>
 </paragraph><paragraph id="H2EC1F5AB69AE4B6E9E4D09FAE79A992B"><enum>(2)</enum><text>contain all of the raw data used in the assessment and a description of the methods used to collect that data; and</text>
 </paragraph><paragraph id="H4C371A526FA948CD9B3DC86183F4F4E7"><enum>(3)</enum><text>employ an assessment process that is transparent and includes—</text> <subparagraph id="H566144C4A52B4015B5F47B265AEE838F"><enum>(A)</enum><text>includes a rigorous and independent scientific review of the completed fishery stock assessment; and</text>
 </subparagraph><subparagraph id="HADBDD8833FA64E0CBC92AA91D4ED25E6"><enum>(B)</enum><text>a panel of independent experts to review the data and assessment and make recommendations on the most appropriate values of critical population and management quantities.</text></subparagraph></paragraph></subsection></section><after-quoted-block>.</after-quoted-block></quoted-block>
 </subsection><subsection id="HA7703B3300C84E398FCF65D21F14ACFA"><enum>(b)</enum><header>Clerical amendment</header><text>The table of contents in the first section is amended by adding at the end of the items relating to title IV the following:</text>
				<quoted-block display-inline="no-display-inline" id="H19E2FD04BC344F04983F55613D0AE6C0" style="OLC">
					<toc regeneration="no-regeneration">
						<toc-entry level="section">Sec. 408. Deep sea coral research and technology program.</toc-entry>
						<toc-entry level="section">Sec. 409. Stock assessments used for fisheries managed under Gulf of Mexico Council's Reef Fish
			 Management Plan.</toc-entry></toc><after-quoted-block>.</after-quoted-block></quoted-block>
 </subsection></section><section id="H6B5B00277B2046E8B2F3534B353FDF6E"><enum>18.</enum><header>Estimation of cost of recovery from fishery resource disaster</header><text display-inline="no-display-inline">Section 312(a)(1) (<external-xref legal-doc="usc" parsable-cite="usc/16/1861a">16 U.S.C. 1861a(1)</external-xref>) is amended—</text> <paragraph id="HB748F7BC46204F9DACD5E019EA5F4100"><enum>(1)</enum><text>by inserting <quote>(A)</quote> after <quote>(1)</quote>;</text>
 </paragraph><paragraph id="H6699B0E5E193442B9FEE49F2B3F4135E"><enum>(2)</enum><text>by redesignating existing subparagraphs (A) through (C) as clauses (i) through (iii), respectively, of subparagraph (A) (as designated by the amendment made by paragraph (1)); and</text>
 </paragraph><paragraph id="H34E068364FA24CEEB589A3AF4C4722E8"><enum>(3)</enum><text>by adding at the end the following:</text> <quoted-block display-inline="no-display-inline" id="H6C345719E2DE45968B3D72FEDECC087F" style="OLC"> <subparagraph id="H2E69BBE5FABC47CCA00D583370AA4B59" indent="up2"><enum>(B)</enum><text display-inline="yes-display-inline">The Secretary shall publish the estimated cost of recovery from a fishery resource disaster no later than 30 days after the Secretary makes the determination under subparagraph (A) with respect to such disaster.</text></subparagraph><after-quoted-block>.</after-quoted-block></quoted-block>
 </paragraph></section><section id="H0522D9D2EBE84C969B748BBAB8C79B39"><enum>19.</enum><header>Deadline for action on request by Governor for determination regarding fishery resource disaster</header><text display-inline="no-display-inline">Section 312(a) (<external-xref legal-doc="usc" parsable-cite="usc/16/1861a">16 U.S.C. 1861a(a)</external-xref>) is amended by redesignating paragraphs (2) through (4) as paragraphs (3) through (5), and by inserting after paragraph (1) the following:</text>
			<quoted-block id="H8FD7D75A517B418A9E5E27B67F358CBA" style="OLC">
 <paragraph id="H531B7BA8DF944C49949BF9E84A26D17E" indent="up1"><enum>(2)</enum><text>The Secretary shall make a decision regarding a request from a Governor under paragraph (1) within 90 days after receiving an estimate of the economic impact of the fishery resource disaster from the entity requesting the relief.</text></paragraph><after-quoted-block>.</after-quoted-block></quoted-block>
 </section><section id="H0BB1D0F657294ED1BC74FA22824AFF11"><enum>20.</enum><header>Prohibition on considering red snapper killed during removal of oil rigs</header><text display-inline="no-display-inline">Any red snapper that are killed during the removal of any offshore oil rig in the Gulf of Mexico shall not be considered in determining under the Magnuson-Stevens Fishery Conservation and Management Act (<external-xref legal-doc="usc" parsable-cite="usc/16/1801">16 U.S.C. 1801 et seq.</external-xref>) whether the total allowable catch for red snapper has been reached.</text>
 </section><section id="H1A58166B75F34D91A01C9F3C5659A289"><enum>21.</enum><header>Prohibition on considering fish seized from foreign fishing</header><text display-inline="no-display-inline">Any fish that are seized from a foreign vessel engaged in illegal fishing activities in the Exclusive Economic Zone shall not be considered in determining under the Magnuson-Stevens Fishery Conservation and Management Act (<external-xref legal-doc="usc" parsable-cite="usc/16/1801">16 U.S.C. 1801 et seq.</external-xref>) the total allowable catch for that fishery.</text>
		</section><section id="HF3259A762A3D4EF78496227CD42274B4"><enum>22.</enum><header>Subsistence fishing</header>
 <subsection id="H9FE04E4F1E404063BBE08EB68723CC24"><enum>(a)</enum><header>Definition</header><text>Section 3 (<external-xref legal-doc="usc" parsable-cite="usc/16/1802">16 U.S.C. 1802</external-xref>) is amended by inserting after paragraph (43) the following:</text> <quoted-block display-inline="no-display-inline" id="H06BFFA7AA31146E0866CD13858291291" style="OLC"> <paragraph id="H3B1DB2DD232B4CF9B38B8F4C7A13D5FE"><enum>(43a)</enum> <subparagraph commented="no" display-inline="yes-display-inline" id="H5FD10F1D60E5498B9B7E0E845F960718"><enum>(A)</enum><text>The term <quote>subsistence fishing</quote> means fishing in which the fish harvested are intended for customary and traditional uses, including for direct personal or family consumption as food or clothing; for the making or selling of handicraft articles out of nonedible byproducts taken for personal or family consumption, for barter, or sharing for personal or family consumption; and for customary trade.</text>
 </subparagraph><subparagraph id="HCAC552582CE34C6D8E36DE7BFAD592FC" indent="up1"><enum>(B)</enum><text>In this paragraph—</text> <clause id="HA367DBF14C104982BF093F183EE7BC43"><enum>(i)</enum><text>the term <quote>family</quote> means all persons related by blood, marriage, or adoption, or any person living within the household on a permanent basis; and</text>
 </clause><clause id="H5939C8B52F004EE5B5FBBCF3C8A53B06"><enum>(ii)</enum><text>the term <quote>barter</quote> means the exchange of a fish or fish part—</text> <subclause id="HE058D7718B334ABD8AE0A56894BA3CAC"><enum>(I)</enum><text>for another fish or fish part; or</text>
 </subclause><subclause id="H90F4929BEE7C49F2A86AE2A199C071E3"><enum>(II)</enum><text>for other food or for nonedible items other than money if the exchange is of a limited and noncommercial nature.</text></subclause></clause></subparagraph></paragraph><after-quoted-block>.</after-quoted-block></quoted-block>
 </subsection><subsection id="H32E0B1C2A9C0461A88C412133E92B169"><enum>(b)</enum><header>Council seat</header><text display-inline="yes-display-inline">Section 302(b)(2) (<external-xref legal-doc="usc" parsable-cite="usc/16/1852">16 U.S.C. 1852(b)(2)</external-xref>) is amended—</text> <paragraph id="HA19F035D63744A0D87801A603053B031"><enum>(1)</enum><text>in subparagraph (A), by striking <quote>or recreational</quote> and inserting <quote>, recreational, or subsistence fishing</quote>; and</text>
 </paragraph><paragraph id="H40BDE4F4C38E4B56B6AC4B8516A3A546"><enum>(2)</enum><text>in subparagraph (C), in the second sentence, by inserting <quote>, and in the case of the Governor of Alaska with the subsistence fishing interests of the State,</quote> after <quote>interests of the State</quote>.</text> </paragraph></subsection><subsection id="H171BBC88689F467BB4F5ACF48DDEA60F"><enum>(c)</enum><header>Purpose</header><text>Section 2(b)(3) (<external-xref legal-doc="usc" parsable-cite="usc/16/1801">16 U.S.C. 1801(b)(3)</external-xref>) is amended by striking <quote>and recreational</quote> and inserting <quote>, recreational, and subsistence</quote>.</text>
 </subsection></section><section id="H5BAFC71094B64EA8A8A5E2E81514EF73"><enum>23.</enum><header>Inter-sector trading of commercial catch share allocations in the Gulf of Mexico</header><text display-inline="no-display-inline">Section 301 (<external-xref legal-doc="usc" parsable-cite="usc/16/1851">16 U.S.C. 1851</external-xref>) is amended by adding at the end the following:</text> <quoted-block id="HC24FC7D3393D4C349BB5C62167F2325C" style="OLC"> <subsection id="H26728876404745EA997DAF80D8288697"><enum>(c)</enum><header>Inter-Sector trading of commercial catch share allocations in the Gulf of Mexico</header><text display-inline="yes-display-inline">Notwithstanding any other provision of this Act, any commercial fishing catch share allocation in a fishery in the Gulf of Mexico may only be traded by sale or lease within the same commercial fishing sector.</text></subsection><after-quoted-block>.</after-quoted-block></quoted-block>
 </section><section id="HC4132E545B8347DC8E7FCF2A0C79841B"><enum>24.</enum><header>Arctic community development quota</header><text display-inline="no-display-inline">Section 313 (<external-xref legal-doc="usc" parsable-cite="usc/16/1862">16 U.S.C. 1862</external-xref>) is amended by adding at the end the following:</text> <quoted-block display-inline="no-display-inline" id="H651E8E55E2D548D88CDE1C39DB727873" style="OLC"> <subsection id="HDA482AFA548241239B35C1ECA5FBD1BC"><enum>(k)</enum><header>Arctic community development quota</header><text display-inline="yes-display-inline">If the North Pacific Fishery Management Council issues a fishery management plan for the exclusive economic zone in the Arctic Ocean, or an amendment to the Fishery Management Plan for Fish Resources of the Arctic Management Area issued by such Council, that makes available to commercial fishing, and establishes a sustainable harvest level, for any part of such zone, the Council shall set aside not less than 10 percent of the total allowable catch therein as a community development quota for coastal villages located north and east of the Bering Strait.</text></subsection><after-quoted-block>.</after-quoted-block></quoted-block>
 </section><section id="H384CFF8A10ED416082BAA35B282B4B95"><enum>25.</enum><header>Preference for students studying water resource issues</header><text display-inline="no-display-inline">Section 402(e) (<external-xref legal-doc="usc" parsable-cite="usc/16/1881a">16 U.S.C. 1881a(e)</external-xref>) is amended by adding at the end the following:</text> <quoted-block display-inline="no-display-inline" id="HDDE0435E07694DAE83F9DAFEB1D3E1D7" style="OLC"> <paragraph id="HCB94A1C211A648E6B420E249A980AD64" indent="up1"><enum>(4)</enum><text display-inline="yes-display-inline">The Secretary shall, to the extent practicable, when hiring individuals to collect information regarding marine recreational fishing under this subsection, give preference to students studying fisheries conservation and management, water resource issues, or other relevant subjects at an institution of higher education in the United States.</text></paragraph><after-quoted-block>.</after-quoted-block></quoted-block>
 </section><section id="H9D828D455AF243859665B86000860688"><enum>26.</enum><header>Requirements for limited access privileges</header><text display-inline="no-display-inline">Section 3303A(c)(1)(G) (<external-xref legal-doc="usc" parsable-cite="usc/16/1853a">16 U.S.C. 1853a(c)(1)(G)</external-xref>) is amended to read as follows:</text> <quoted-block display-inline="no-display-inline" id="H317E8176FA8E40E7B4CF771902AE9333" style="OLC"> <subparagraph id="H1226364347DD42B38455AE6739C62482"><enum>(G)</enum><text display-inline="yes-display-inline">include provisions for a formal and detailed review 5 years after the implementation of the program, and thereafter the regular monitoring and review by the Council and the Secretary of the operations and impacts of the program, to coincide with scheduled Council review of the relevant fishery management plan (but no less frequently than once every 7 years) including—</text>
 <clause id="H228632E1B6BD43248459DB88205AB874"><enum>(i)</enum><text>determining progress in meeting the goals of the program and this Act;</text> </clause><clause id="H5A1AF49DDAD3437184B7CF1CA643C729"><enum>(ii)</enum><text>delineating the positive and negative economic effects of the program on fishermen and processors who are part of the program and the coastal communities in which they reside; and</text>
 </clause><clause id="HA09222FC0970465C8C211D28703D6CA6"><enum>(iii)</enum><text>any necessary modification of the program to meet those goals, including a formal schedule for action to be taken within 2 years;</text></clause></subparagraph><after-quoted-block>.</after-quoted-block></quoted-block>
		</section><section id="HED6E7E0711B14390B9E602CC374C2E7C"><enum>27.</enum><header>Healthy fisheries through better science</header>
 <subsection id="HAF95AEDFBD27444D977E538FD24B33AE"><enum>(a)</enum><header>Definition of stock assessment</header><text>Section 3 (<external-xref legal-doc="usc" parsable-cite="usc/16/1802">16 U.S.C. 1802</external-xref>), as amended by section 22(a) of this Act, is further amended by redesignating the paragraphs after paragraph (42) in order as paragraphs (44) through (53), and by inserting after paragraph (42) the following:</text>
				<quoted-block id="H55B07248DAC24D8794AE61971DEDCA72" style="OLC">
 <paragraph id="H7DBE4358D0F14F21B78111A4FC2C31BC"><enum>(43)</enum><text>The term <quote>stock assessment</quote> means an evaluation of the past, present, and future status of a stock of fish, that includes—</text> <subparagraph id="H8EFD8D1595CB4881B895E4E23E345A13"><enum>(A)</enum><text>a range of life history characteristics for such stock, including—</text>
 <clause id="HF60F16DB21694134B369B6F7E24AEAC8"><enum>(i)</enum><text>the geographical boundaries of such stock; and</text> </clause><clause id="HAE5E84895F5248069419A92E0F22CBE2"><enum>(ii)</enum><text>information on age, growth, natural mortality, sexual maturity and reproduction, feeding habits, and habitat preferences of such stock; and</text>
 </clause></subparagraph><subparagraph id="H046A308873624BC2A99C20CF9681A34C"><enum>(B)</enum><text>fishing for the stock.</text></subparagraph></paragraph><after-quoted-block>.</after-quoted-block></quoted-block> </subsection><subsection id="H976932ED7A97402FB336127418C36A86"><enum>(b)</enum><header>Stock assessment plan</header> <paragraph id="H4C60C918C09347B2B9E72393001D9BD3"><enum>(1)</enum><header>In general</header><text>Section 404 (<external-xref legal-doc="usc" parsable-cite="usc/16/1881c">16 U.S.C. 1881c</external-xref>), as amended by section 9(d) of this Act, is further amended by adding at the end the following:</text>
					<quoted-block id="H0EF3651EE76B46B482529FBA75A2ADCD" style="OLC">
						<subsection id="H4D0D8200B21C4531AA575E6D2DBDEA91"><enum>(f)</enum><header>Stock assessment plan</header>
 <paragraph id="HD76FCCF0C9D246909E42E7A92CDA5ED8"><enum>(1)</enum><header>In general</header><text display-inline="yes-display-inline">The Secretary shall develop and publish in the Federal Register, on the same schedule as required for the strategic plan required under subsection (b) of this section, a plan to conduct stock assessments for all stocks of fish for which a fishery management plan is in effect under this Act.</text>
 </paragraph><paragraph id="H5A9DD781A937480787FD981DB8797CF5"><enum>(2)</enum><header>Contents</header><text>The plan shall—</text> <subparagraph id="H7BEF26EAF8BB46D4A528ED066CAA414D"><enum>(A)</enum><text display-inline="yes-display-inline">for each stock of fish for which a stock assessment has previously been conducted—</text>
 <clause id="H42DA2933FF0547F392A3895B3F3FDA96"><enum>(i)</enum><text>establish a schedule for updating the stock assessment that is reasonable given the biology and characteristics of the stock; and</text>
 </clause><clause id="HA847EB304DA646029B14CACA03D33733"><enum>(ii)</enum><text display-inline="yes-display-inline">subject to the availability of appropriations, require completion of a new stock assessment, or an update of the most recent stock assessment—</text>
 <subclause id="H863B1270E99B46F6BC642E848E2346AE"><enum>(I)</enum><text>every 5 years; or</text> </subclause><subclause id="HF9471F847DBC41A782866D64046AF358"><enum>(II)</enum><text>within such other time period specified and justified by the Secretary in the plan;</text>
 </subclause></clause></subparagraph><subparagraph id="HEADD3FC366A9493693BD7AAF173B7442"><enum>(B)</enum><text>for each stock of fish for which a stock assessment has not previously been conducted—</text> <clause id="H600BF637E3114888B3514406461C9E6B"><enum>(i)</enum><text>establish a schedule for conducting an initial stock assessment that is reasonable given the biology and characteristics of the stock; and</text>
 </clause><clause commented="no" id="H15B2EA4FB75542C89A8DD5CD360CE8EA"><enum>(ii)</enum><text display-inline="yes-display-inline">subject to the availability of appropriations, require completion of the initial stock assessment within 3 years after the plan is published in the Federal Register unless another time period is specified and justified by the Secretary in the plan; and</text>
 </clause></subparagraph><subparagraph id="H310821E1F8454793AD859E6FD7FF4E3B"><enum>(C)</enum><text display-inline="yes-display-inline">identify data and analysis, especially concerning recreational fishing, that, if available, would reduce uncertainty in and improve the accuracy of future stock assessments, including whether such data and analysis could be provided by fishermen, fishing communities, universities, and research institutions.</text>
 </subparagraph></paragraph><paragraph id="HDE79C60FA8BD4040AE2DF0E75B4D606B"><enum>(3)</enum><header>Waiver of stock assessment requirement</header><text>Notwithstanding subparagraphs (A)(ii) and (B)(ii), a stock assessment is not required for a stock of fish in the plan if the Secretary determines that such a stock assessment is not necessary and justifies such determination in the Federal Register notice required by this subsection.</text></paragraph></subsection><after-quoted-block>.</after-quoted-block></quoted-block>
 </paragraph><paragraph id="H8130712EA40F45348A8D16C84A06236D"><enum>(2)</enum><header>Deadline</header><text>Notwithstanding paragraph (1) of section 404(f) of the Magnuson-Stevens Fishery Conservation and Management Act, as amended by this section, the Secretary of Commerce shall issue the first stock assessment plan under such section by not later than 2 years after the date of enactment of this Act.</text>
				</paragraph></subsection><subsection id="H5AE3BE119D3E4EC5B53F5472C55058F2"><enum>(c)</enum><header>Improving science</header>
 <paragraph id="H8269C08343F443DF8636A8C58800D1D3"><enum>(1)</enum><header>Incorporation of information from wide variety of sources</header><text>Section 2(a)(8) of the Magnuson-Stevens Fishery Conservation and Management Act (<external-xref legal-doc="usc" parsable-cite="usc/16/1801">16 U.S.C. 1801</external-xref>) is amended by adding at the end the following: <quote>Fisheries management is most effective when it incorporates information provided by governmental and nongovernmental sources, including State and Federal agency staff, fishermen, fishing communities, universities, and research institutions. As appropriate, such information should be considered the best scientific information available and form the basis of conservation and management measures as required by this Act.</quote>.</text>
 </paragraph><paragraph id="HCF523CCA689A4DA58E0D06EE8C0B668E"><enum>(2)</enum><header>Improving data collection and analysis</header><text>Section 404 (<external-xref legal-doc="usc" parsable-cite="usc/16/1881c">16 U.S.C. 1881c</external-xref>), as amended by this section, is further amended by adding at the end the following:</text>
					<quoted-block id="H71DC6F9BFBE2463FAD06694EC6C08DDF" style="OLC">
						<subsection id="H1AE8792AC4554DA89FB619D6F6A0A01A"><enum>(g)</enum><header>Improving data collection and analysis</header>
 <paragraph id="H68DAB0562CDC4FE9A13D363640150F3B"><enum>(1)</enum><header>In general</header><text>The Secretary, in consultation with the Councils acting in reliance on their science and statistical committees established under section 302(g), shall develop and publish in the Federal Register guidelines that will facilitate greater incorporation of data, analysis, and stock assessments from nongovernmental sources, including fishermen, fishing communities, universities, and research institutions, into fisheries management decisions.</text>
 </paragraph><paragraph id="HAE319916761E44F58DC844CBFE5FCBC9"><enum>(2)</enum><header>Content</header><text>The guidelines shall—</text> <subparagraph id="H280301D12A81423A8E05A55A2A127D4D"><enum>(A)</enum><text display-inline="yes-display-inline">identify types of data and analysis, especially concerning recreational fishing, that can be reliably used as the basis for establishing conservation and management measures as required by section 303(a)(1), including setting standards for the collection and use of such data and analysis in stock assessments and for other purposes; and</text>
 </subparagraph><subparagraph id="H3FACE83C440B4DD293EBC2401E81414E"><enum>(B)</enum><text>provide specific guidance for collecting data and performing analyses identified as necessary to reduce the uncertainty referred to in section 404(f)(2)(C).</text>
 </subparagraph></paragraph><paragraph id="HF5563C9D1373460DA21EB5A2F393D87D"><enum>(3)</enum><header>Acceptance and use of data and analyses</header><text>The Secretary and Regional Fishery Management Councils shall—</text> <subparagraph id="HA12A3C3A4AFC44B89659716A9DA88ACE"><enum>(A)</enum><text>use all data and analyses that meet the guidelines published under paragraph (1) as the best scientific information available for purposes of this Act in fisheries management decisions, unless otherwise determined by the science and statistical committee of the Councils established pursuant to section 302(g) of the Act; and</text>
 </subparagraph><subparagraph id="H6B2EC9C0B6C64DDA8425717AE0B66DA5"><enum>(B)</enum><text>explain in the Federal Register notice announcing the fishery management decision how such data and analyses have been used to establish conservation and management measures.</text></subparagraph></paragraph></subsection><after-quoted-block>.</after-quoted-block></quoted-block>
 </paragraph><paragraph id="HCE138239EE094CCA99C0AD350428588A"><enum>(3)</enum><header>Deadline</header><text>The Secretary of Commerce shall develop and publish guidelines under the amendment made by paragraph (2) by not later than 1 year after the date of enactment of this Act.</text>
 </paragraph></subsection><subsection id="HA1849B183C434A3996B2567897376C73"><enum>(d)</enum><header>Cost reduction report</header><text>Within 1 year after the date of enactment of this Act, the Secretary of Commerce, in consultation with the Regional Fishery Management Councils, shall submit a report to Congress that, with respect to each fishery governed by a fishery management plan in effect under the Magnuson-Stevens Fishery Conservation and Management Act (<external-xref legal-doc="usc" parsable-cite="usc/16/1801">16 U.S.C. 1801 et seq.</external-xref>)—</text>
 <paragraph id="HFF1C8D745BE1494499EF21E08953A693"><enum>(1)</enum><text>identifies the goals of the applicable programs governing monitoring and enforcement of fishing that is subject to such plan;</text>
 </paragraph><paragraph id="HB4BC106D4D1C4D9B8091D4C09958FA4C"><enum>(2)</enum><text>identifies methods to accomplish those goals, including human observers, electronic monitoring, and vessel monitoring systems;</text>
 </paragraph><paragraph id="HFDA74C80F1584E2099ED2EB71C74D461"><enum>(3)</enum><text>certifies which such methods are most cost-effective for fishing that is subject to such plan; and</text> </paragraph><paragraph id="H0E10AEEA4E7242308032B66ED4A8D3B3"><enum>(4)</enum><text>explains why such most-cost-effective methods are not required, if applicable.</text>
 </paragraph></subsection></section><section id="HA0B0F108D5694207B61906981C3277FB"><enum>28.</enum><header>Authorization of appropriations</header><text display-inline="no-display-inline">Section 4 (<external-xref legal-doc="usc" parsable-cite="usc/16/1803">16 U.S.C. 1803</external-xref>) is amended—</text> <paragraph id="H3C9EBAD788B84B08B10868599E5540FA"><enum>(1)</enum><text>by striking <quote>this Act</quote> and all that follows through <quote>(7)</quote> and inserting <quote>this Act</quote>; and</text>
 </paragraph><paragraph id="H0E1DE5A6980A4C0399C22781E4384C1F"><enum>(2)</enum><text>by striking <quote>fiscal year 2013</quote> and inserting <quote>each of fiscal years 2018 through 2022</quote>.</text> </paragraph></section><section id="HFDEA8B5D3EDD4DDABE78DAFCBA9EC49A"><enum>29.</enum><header>Authority to use alternative fishery management measures</header><text display-inline="no-display-inline">Section 302(h) (<external-xref legal-doc="usc" parsable-cite="usc/16/1852">16 U.S.C. 1852(h)</external-xref>) is amended—</text>
 <paragraph id="HC1F862FB94524635B1E26CA1CAFCE08B"><enum>(1)</enum><text>by redesignating paragraph (8) as paragraph (9); and</text> </paragraph><paragraph id="HE107832537894F45B9313E360CDCCAAF"><enum>(2)</enum><text>by inserting after paragraph (7), the following:</text>
				<quoted-block display-inline="no-display-inline" id="H2762E1CA626B4E9DA2C9223AAE2FB5BD" style="OLC">
 <paragraph id="H9E504E0FD2D844738674A27433EC186B"><enum>(8)</enum><text display-inline="yes-display-inline">have the authority to use alternative fishery management measures in a recreational fishery (or the recreational component of a mixed-use fishery), including extraction rates, fishing mortality targets, and harvest control rules, in developing a fishery management plan, plan amendment, or proposed regulations.</text></paragraph><after-quoted-block>.</after-quoted-block></quoted-block>
			</paragraph></section></legis-body></bill>


