<?xml version="1.0"?>
<?xml-stylesheet type="text/xsl" href="billres.xsl"?>
<!DOCTYPE bill PUBLIC "-//US Congress//DTDs/bill.dtd//EN" "bill.dtd">
<bill bill-stage="Introduced-in-House" bill-type="olc" dms-id="HC6EB317AF6C545AC9C1B01A6E5BE4017" key="H" public-private="public"><metadata xmlns:dc="http://purl.org/dc/elements/1.1/">
<dublinCore>
<dc:title>115 HR 596 IH: TPP Withdrawal Act</dc:title>
<dc:publisher>U.S. House of Representatives</dc:publisher>
<dc:date>2017-01-20</dc:date>
<dc:format>text/xml</dc:format>
<dc:language>EN</dc:language>
<dc:rights>Pursuant to Title 17 Section 105 of the United States Code, this file is not subject to copyright protection and is in the public domain.</dc:rights>
</dublinCore>
</metadata>
<form>
<distribution-code display="yes">I</distribution-code><congress display="yes">115th CONGRESS</congress><session display="yes">1st Session</session><legis-num display="yes">H. R. 596</legis-num><current-chamber>IN THE HOUSE OF REPRESENTATIVES</current-chamber><action display="yes"><action-date date="20170120">January 20, 2017</action-date><action-desc><sponsor name-id="D000216">Ms. DeLauro</sponsor> introduced the following bill; which was referred to the <committee-name committee-id="HWM00">Committee on Ways and Means</committee-name></action-desc></action><legis-type>A BILL</legis-type><official-title display="yes">To require the President to withdraw from the Trans-Pacific Partnership Agreement.</official-title></form>
	<legis-body id="HC4DFF50ABF3347DBAA40A793ED4EE6C5" style="OLC">
 <section id="HEF39FACBDD8B4B19B2DDEFCA305CB9AF" section-type="section-one"><enum>1.</enum><header>Short title</header><text display-inline="no-display-inline">This Act may be cited as the <quote><short-title>TPP Withdrawal Act</short-title></quote>.</text> </section><section id="H21222D9B2CB24F859F31AA2C53483C5D"><enum>2.</enum><header>Findings</header><text display-inline="no-display-inline">Congress finds the following:</text>
 <paragraph id="H3ED0A34DE08D42B9A5E00FE3E127A894"><enum>(1)</enum><text display-inline="yes-display-inline">The Trans-Pacific Partnership Agreement has consistently failed to secure majority support in Congress and has faced strong public opposition among the American people since it was signed on February 4, 2016.</text>
 </paragraph><paragraph id="H12F8BA3102AE45B58C649DB45E26D5EB"><enum>(2)</enum><text display-inline="yes-display-inline">The United States needs a comprehensive new trade policy to create American jobs, raise wages, and bring down trade deficits.</text>
			</paragraph></section><section id="HDBE95E468E84410983A62B3933421F4D"><enum>3.</enum><header>Withdrawal from Trans-Pacific Partnership Agreement</header>
 <subsection id="HE0597D9351D842F6BC64F4A3697C3F6F"><enum>(a)</enum><header>Notification of Withdrawal</header><text display-inline="yes-display-inline">On the date of the enactment of this Act, the President shall provide, to the Governments of Australia, Brunei, Canada, Chile, Japan, Malaysia, Mexico, New Zealand, Peru, Singapore, and Vietnam, written notice of the withdrawal of the United States from the Trans-Pacific Partnership Agreement, in accordance with Article 30.6 of that Agreement.</text>
 </subsection><subsection id="H16AD50B0330949F9A4B5E2B42D745E92"><enum>(b)</enum><header>Trans-Pacific Partnership Agreement defined</header><text display-inline="yes-display-inline">In this Act, the term <quote>Trans-Pacific Partnership Agreement</quote> means the Trans-Pacific Partnership Agreement signed on February 4, 2016, by the United States, Australia, Brunei, Canada, Chile, Japan, Malaysia, Mexico, New Zealand, Peru, Singapore, and Vietnam.</text>
			</subsection></section></legis-body></bill>


