<?xml version="1.0"?>
<?xml-stylesheet type="text/xsl" href="billres.xsl"?>
<!DOCTYPE bill PUBLIC "-//US Congress//DTDs/bill.dtd//EN" "bill.dtd">
<bill bill-stage="Introduced-in-House" bill-type="olc" dms-id="H6EFE956CC0EF422D8E2DEBE5C465A3AF" key="H" public-private="public"><metadata xmlns:dc="http://purl.org/dc/elements/1.1/">
<dublinCore>
<dc:title>115 HR 356 IH: Protecting Our Democracy Act</dc:title>
<dc:publisher>U.S. House of Representatives</dc:publisher>
<dc:date>2017-01-06</dc:date>
<dc:format>text/xml</dc:format>
<dc:language>EN</dc:language>
<dc:rights>Pursuant to Title 17 Section 105 of the United States Code, this file is not subject to copyright protection and is in the public domain.</dc:rights>
</dublinCore>
</metadata>
<form>
<distribution-code display="yes">I</distribution-code><congress display="yes">115th CONGRESS</congress><session display="yes">1st Session</session><legis-num display="yes">H. R. 356</legis-num><current-chamber>IN THE HOUSE OF REPRESENTATIVES</current-chamber><action display="yes"><action-date date="20170106">January 6, 2017</action-date><action-desc><sponsor name-id="S001193">Mr. Swalwell of California</sponsor> (for himself, <cosponsor name-id="C000984">Mr. Cummings</cosponsor>, <cosponsor name-id="J000032">Ms. Jackson Lee</cosponsor>, <cosponsor name-id="A000371">Mr. Aguilar</cosponsor>, <cosponsor name-id="B001300">Ms. Barragán</cosponsor>, <cosponsor name-id="B001270">Ms. Bass</cosponsor>, <cosponsor name-id="B001281">Mrs. Beatty</cosponsor>, <cosponsor name-id="B000490">Mr. Bishop of Georgia</cosponsor>, <cosponsor name-id="B000574">Mr. Blumenauer</cosponsor>, <cosponsor name-id="B001278">Ms. Bonamici</cosponsor>, <cosponsor name-id="B001245">Ms. Bordallo</cosponsor>, <cosponsor name-id="B001296">Mr. Brendan F. Boyle of Pennsylvania</cosponsor>, <cosponsor name-id="B001227">Mr. Brady of Pennsylvania</cosponsor>, <cosponsor name-id="B001304">Mr. Brown of Maryland</cosponsor>, <cosponsor name-id="B001285">Ms. Brownley of California</cosponsor>, <cosponsor name-id="B001286">Mrs. Bustos</cosponsor>, <cosponsor name-id="B001251">Mr. Butterfield</cosponsor>, <cosponsor name-id="C001037">Mr. Capuano</cosponsor>, <cosponsor name-id="C001112">Mr. Carbajal</cosponsor>, <cosponsor name-id="C001097">Mr. Cárdenas</cosponsor>, <cosponsor name-id="C001090">Mr. Cartwright</cosponsor>, <cosponsor name-id="C001072">Mr. Carson of Indiana</cosponsor>, <cosponsor name-id="C001066">Ms. Castor of Florida</cosponsor>, <cosponsor name-id="C001091">Mr. Castro of Texas</cosponsor>, <cosponsor name-id="C001080">Ms. Judy Chu of California</cosponsor>, <cosponsor name-id="C001084">Mr. Cicilline</cosponsor>, <cosponsor name-id="C001101">Ms. Clark of Massachusetts</cosponsor>, <cosponsor name-id="C001049">Mr. Clay</cosponsor>, <cosponsor name-id="C001061">Mr. Cleaver</cosponsor>, <cosponsor name-id="C000537">Mr. Clyburn</cosponsor>, <cosponsor name-id="C001068">Mr. Cohen</cosponsor>, <cosponsor name-id="C001078">Mr. Connolly</cosponsor>, <cosponsor name-id="C000714">Mr. Conyers</cosponsor>, <cosponsor name-id="C000754">Mr. Cooper</cosponsor>, <cosponsor name-id="C001110">Mr. Correa</cosponsor>, <cosponsor name-id="C001059">Mr. Costa</cosponsor>, <cosponsor name-id="C001069">Mr. Courtney</cosponsor>, <cosponsor name-id="C001038">Mr. Crowley</cosponsor>, <cosponsor name-id="C001063">Mr. Cuellar</cosponsor>, <cosponsor name-id="D000096">Mr. Danny K. Davis of Illinois</cosponsor>, <cosponsor name-id="D000598">Mrs. Davis of California</cosponsor>, <cosponsor name-id="D000191">Mr. DeFazio</cosponsor>, <cosponsor name-id="D000197">Ms. DeGette</cosponsor>, <cosponsor name-id="D000620">Mr. Delaney</cosponsor>, <cosponsor name-id="D000216">Ms. DeLauro</cosponsor>, <cosponsor name-id="D000623">Mr. DeSaulnier</cosponsor>, <cosponsor name-id="D000610">Mr. Deutch</cosponsor>, <cosponsor name-id="D000399">Mr. Doggett</cosponsor>, <cosponsor name-id="D000482">Mr. Michael F. Doyle of Pennsylvania</cosponsor>, <cosponsor name-id="E000288">Mr. Ellison</cosponsor>, <cosponsor name-id="E000179">Mr. Engel</cosponsor>, <cosponsor name-id="E000215">Ms. Eshoo</cosponsor>, <cosponsor name-id="E000293">Ms. Esty</cosponsor>, <cosponsor name-id="E000296">Mr. Evans</cosponsor>, <cosponsor name-id="F000454">Mr. Foster</cosponsor>, <cosponsor name-id="F000462">Ms. Frankel of Florida</cosponsor>, <cosponsor name-id="F000455">Ms. Fudge</cosponsor>, <cosponsor name-id="G000574">Mr. Gallego</cosponsor>, <cosponsor name-id="G000559">Mr. Garamendi</cosponsor>, <cosponsor name-id="G000581">Mr. Gonzalez of Texas</cosponsor>, <cosponsor name-id="G000553">Mr. Al Green of Texas</cosponsor>, <cosponsor name-id="G000410">Mr. Gene Green of Texas</cosponsor>, <cosponsor name-id="G000551">Mr. Grijalva</cosponsor>, <cosponsor name-id="G000535">Mr. Gutiérrez</cosponsor>, <cosponsor name-id="H000324">Mr. Hastings</cosponsor>, <cosponsor name-id="H001064">Mr. Heck</cosponsor>, <cosponsor name-id="H001047">Mr. Himes</cosponsor>, <cosponsor name-id="H000874">Mr. Hoyer</cosponsor>, <cosponsor name-id="H001068">Mr. Huffman</cosponsor>, <cosponsor name-id="J000298">Ms. Jayapal</cosponsor>, <cosponsor name-id="J000294">Mr. Jeffries</cosponsor>, <cosponsor name-id="J000126">Ms. Eddie Bernice Johnson of Texas</cosponsor>, <cosponsor name-id="J000288">Mr. Johnson of Georgia</cosponsor>, <cosponsor name-id="K000009">Ms. Kaptur</cosponsor>, <cosponsor name-id="K000375">Mr. Keating</cosponsor>, <cosponsor name-id="K000385">Ms. Kelly of Illinois</cosponsor>, <cosponsor name-id="K000379">Mr. Kennedy</cosponsor>, <cosponsor name-id="K000389">Mr. Khanna</cosponsor>, <cosponsor name-id="K000390">Mr. Kihuen</cosponsor>, <cosponsor name-id="K000380">Mr. Kildee</cosponsor>, <cosponsor name-id="K000381">Mr. Kilmer</cosponsor>, <cosponsor name-id="K000188">Mr. Kind</cosponsor>, <cosponsor name-id="K000391">Mr. Krishnamoorthi</cosponsor>, <cosponsor name-id="L000559">Mr. Langevin</cosponsor>, <cosponsor name-id="L000560">Mr. Larsen of Washington</cosponsor>, <cosponsor name-id="L000557">Mr. Larson of Connecticut</cosponsor>, <cosponsor name-id="L000581">Mrs. Lawrence</cosponsor>, <cosponsor name-id="L000551">Ms. Lee</cosponsor>, <cosponsor name-id="L000263">Mr. Levin</cosponsor>, <cosponsor name-id="L000287">Mr. Lewis of Georgia</cosponsor>, <cosponsor name-id="L000582">Mr. Ted Lieu of California</cosponsor>, <cosponsor name-id="L000565">Mr. Loebsack</cosponsor>, <cosponsor name-id="L000397">Ms. Lofgren</cosponsor>, <cosponsor name-id="L000480">Mrs. Lowey</cosponsor>, <cosponsor name-id="L000570">Mr. Ben Ray Luján of New Mexico</cosponsor>, <cosponsor name-id="L000580">Ms. Michelle Lujan Grisham of New Mexico</cosponsor>, <cosponsor name-id="L000562">Mr. Lynch</cosponsor>, <cosponsor name-id="M000087">Mrs. Carolyn B. Maloney of New York</cosponsor>, <cosponsor name-id="M001163">Ms. Matsui</cosponsor>, <cosponsor name-id="M001143">Ms. McCollum</cosponsor>, <cosponsor name-id="M001200">Mr. McEachin</cosponsor>, <cosponsor name-id="M000312">Mr. McGovern</cosponsor>, <cosponsor name-id="M001166">Mr. McNerney</cosponsor>, <cosponsor name-id="M001137">Mr. Meeks</cosponsor>, <cosponsor name-id="M001188">Ms. Meng</cosponsor>, <cosponsor name-id="M001196">Mr. Moulton</cosponsor>, <cosponsor name-id="M001160">Ms. Moore</cosponsor>, <cosponsor name-id="N000002">Mr. Nadler</cosponsor>, <cosponsor name-id="N000179">Mrs. Napolitano</cosponsor>, <cosponsor name-id="N000015">Mr. Neal</cosponsor>, <cosponsor name-id="N000188">Mr. Norcross</cosponsor>, <cosponsor name-id="N000147">Ms. Norton</cosponsor>, <cosponsor name-id="P000034">Mr. Pallone</cosponsor>, <cosponsor name-id="P000613">Mr. Panetta</cosponsor>, <cosponsor name-id="P000096">Mr. Pascrell</cosponsor>, <cosponsor name-id="P000197">Ms. Pelosi</cosponsor>, <cosponsor name-id="P000593">Mr. Perlmutter</cosponsor>, <cosponsor name-id="P000608">Mr. Peters</cosponsor>, <cosponsor name-id="P000258">Mr. Peterson</cosponsor>, <cosponsor name-id="P000610">Ms. Plaskett</cosponsor>, <cosponsor name-id="P000607">Mr. Pocan</cosponsor>, <cosponsor name-id="P000598">Mr. Polis</cosponsor>, <cosponsor name-id="P000523">Mr. Price of North Carolina</cosponsor>, <cosponsor name-id="Q000023">Mr. Quigley</cosponsor>, <cosponsor name-id="R000606">Mr. Raskin</cosponsor>, <cosponsor name-id="R000602">Miss Rice of New York</cosponsor>, <cosponsor name-id="R000588">Mr. Richmond</cosponsor>, <cosponsor name-id="R000608">Ms. Rosen</cosponsor>, <cosponsor name-id="R000486">Ms. Roybal-Allard</cosponsor>, <cosponsor name-id="R000599">Mr. Ruiz</cosponsor>, <cosponsor name-id="R000576">Mr. Ruppersberger</cosponsor>, <cosponsor name-id="R000577">Mr. Ryan of Ohio</cosponsor>, <cosponsor name-id="S001156">Ms. Sánchez</cosponsor>, <cosponsor name-id="S001168">Mr. Sarbanes</cosponsor>, <cosponsor name-id="S001145">Ms. Schakowsky</cosponsor>, <cosponsor name-id="S001150">Mr. Schiff</cosponsor>, <cosponsor name-id="S001190">Mr. Schneider</cosponsor>, <cosponsor name-id="S000185">Mr. Scott of Virginia</cosponsor>, <cosponsor name-id="S001185">Ms. Sewell of Alabama</cosponsor>, <cosponsor name-id="S001170">Ms. Shea-Porter</cosponsor>, <cosponsor name-id="S000344">Mr. Sherman</cosponsor>, <cosponsor name-id="S001191">Ms. Sinema</cosponsor>, <cosponsor name-id="S000480">Ms. Slaughter</cosponsor>, <cosponsor name-id="S000510">Mr. Smith of Washington</cosponsor>, <cosponsor name-id="S001200">Mr. Soto</cosponsor>, <cosponsor name-id="S001175">Ms. Speier</cosponsor>, <cosponsor name-id="S001201">Mr. Suozzi</cosponsor>, <cosponsor name-id="T000472">Mr. Takano</cosponsor>, <cosponsor name-id="T000193">Mr. Thompson of Mississippi</cosponsor>, <cosponsor name-id="T000460">Mr. Thompson of California</cosponsor>, <cosponsor name-id="T000468">Ms. Titus</cosponsor>, <cosponsor name-id="T000469">Mr. Tonko</cosponsor>, <cosponsor name-id="T000474">Mrs. Torres</cosponsor>, <cosponsor name-id="T000465">Ms. Tsongas</cosponsor>, <cosponsor name-id="V000130">Mr. Vargas</cosponsor>, <cosponsor name-id="V000131">Mr. Veasey</cosponsor>, <cosponsor name-id="V000132">Mr. Vela</cosponsor>, <cosponsor name-id="V000081">Ms. Velázquez</cosponsor>, <cosponsor name-id="W000797">Ms. Wasserman Schultz</cosponsor>, <cosponsor name-id="W000187">Ms. Maxine Waters of California</cosponsor>, <cosponsor name-id="W000822">Mrs. Watson Coleman</cosponsor>, <cosponsor name-id="W000800">Mr. Welch</cosponsor>, <cosponsor name-id="Y000062">Mr. Yarmuth</cosponsor>, <cosponsor name-id="A000370">Ms. Adams</cosponsor>, <cosponsor name-id="C001067">Ms. Clarke of New York</cosponsor>, <cosponsor name-id="D000624">Mrs. Dingell</cosponsor>, <cosponsor name-id="E000297">Mr. Espaillat</cosponsor>, <cosponsor name-id="G000571">Ms. Gabbard</cosponsor>, <cosponsor name-id="H001038">Mr. Higgins of New York</cosponsor>, <cosponsor name-id="K000382">Ms. Kuster of New Hampshire</cosponsor>, <cosponsor name-id="L000579">Mr. Lowenthal</cosponsor>, <cosponsor name-id="M001202">Mrs. Murphy of Florida</cosponsor>, <cosponsor name-id="O000170">Mr. O'Rourke</cosponsor>, <cosponsor name-id="R000515">Mr. Rush</cosponsor>, <cosponsor name-id="S001177">Mr. Sablan</cosponsor>, <cosponsor name-id="S000248">Mr. Serrano</cosponsor>, <cosponsor name-id="S001165">Mr. Sires</cosponsor>, and <cosponsor name-id="W000808">Ms. Wilson of Florida</cosponsor>) introduced the following bill; which was referred to the <committee-name committee-id="HFA00">Committee on Foreign Affairs</committee-name></action-desc></action><legis-type>A BILL</legis-type><official-title display="yes">To establish the National Commission on Foreign Interference in the 2016 Election.</official-title></form>
	<legis-body id="H36F9F255124149ADAC3184328A6F6308" style="OLC">
 <section id="H41107E9BE2D44E8CBA6523F93D5890CB" section-type="section-one"><enum>1.</enum><header>Short title</header><text display-inline="no-display-inline">This Act may be cited as the <quote><short-title>Protecting Our Democracy Act</short-title></quote>.</text> </section><section id="HE3F2DD5093AC4F3D93AF7F8006141012" section-type="subsequent-section"><enum>2.</enum><header>Establishment</header><text display-inline="no-display-inline">There is established in the legislative branch the National Commission on Foreign Interference in the 2016 Election (in this Act referred to as the <quote>Commission</quote>).</text>
		</section><section id="HEDF42AA7EF164B67A56075AA2AF5E8B2"><enum>3.</enum><header>Purposes</header>
 <subsection id="HA57B6B025B254BEDB932063BF833903A"><enum>(a)</enum><header>Activities of Russian government</header><text display-inline="yes-display-inline">The purpose of the Commission is to examine any attempts or activities by the Russian government, persons or entities associated with the Russian government, or persons or entities within Russia to use electronic means to influence, interfere with, or sow distrust in elections for public office held in the United States in 2016, including the following:</text>
 <paragraph id="H0A922A3B9D044E3693740D43B4D1A7EC"><enum>(1)</enum><text>Electronic hacks by the Russian government, persons or entities associated with the Russian government, or other persons or entities within Russia into—</text>
 <subparagraph id="H5BD4D319C15A4CC8AF9B7ED15D3162A6"><enum>(A)</enum><text>the electronic systems of the Democratic National Committee;</text> </subparagraph><subparagraph id="HF39539F86F4D4E6F8F9FAAA6EF1D24F2"><enum>(B)</enum><text>the electronic systems of the Democratic Congressional Campaign Committee;</text>
 </subparagraph><subparagraph id="HA0D7D6F26EC840C49DC30909758D74AC"><enum>(C)</enum><text>the electronic systems of Mr. John Podesta, campaign chairman for Democratic presidential nominee Hillary Clinton;</text>
 </subparagraph><subparagraph id="H7607B5CC63894088B8260955F92EF27A"><enum>(D)</enum><text>the electronic systems of former Secretary of State Colin Powell; and</text> </subparagraph><subparagraph id="HA8C57BF7532F4F7581C061B0723B8EAD"><enum>(E)</enum><text>the electronic systems of Arizona, Illinois, and Florida, particularly voter database information.</text>
 </subparagraph></paragraph><paragraph id="H14E34590DDCF448E9CE6414489D0FD8F"><enum>(2)</enum><text display-inline="yes-display-inline">Efforts by the Russian government, persons or entities associated with the Russian government, or persons or entities within Russia to put forward, disseminate, or promote false news about the campaigns for elections for public office held in the United States in 2016.</text>
 </paragraph><paragraph id="H37BEC2201EC947A5AF14E533E2E42399"><enum>(3)</enum><text display-inline="yes-display-inline">Efforts by the Russian government to work with other governments, entities, and individuals to carry out activities described in paragraphs (1) and (2).</text>
 </paragraph></subsection><subsection id="H1C4E0AB066C94C338D08DC0C33EE83BE"><enum>(b)</enum><header>Activities of others</header><text display-inline="yes-display-inline">In addition to the purpose described in subsection (a), the purpose of the Commission is to examine attempts or activities by governments other than the Russian government, persons associated with governments other than the Russian government, and other entities and individuals to use electronic means to influence, interfere with, or sow distrust in elections for public office held in the United States in 2016, including activities similar to those described in paragraphs (1) through (3) of subsection (a).</text>
			</subsection></section><section id="HE708313D16074CD6A607017CC4730A85"><enum>4.</enum><header>Composition and compensation of Commission</header>
 <subsection id="H0F9C808EA51445B58F55D7C00709DCFA"><enum>(a)</enum><header>Members</header><text>The Commission shall be composed of 12 members, of whom—</text> <paragraph id="HAF8B0E45CBD94A3FA4AFD3CC71D12EBF"><enum>(1)</enum><text>3 shall be appointed by Speaker of the House of Representatives and 3 shall be appointed by the Majority Leader of the Senate; and</text>
 </paragraph><paragraph id="HF230CFC061BC4A81A3250F6049F4D37C"><enum>(2)</enum><text>3 shall be appointed by the Minority Leader of the House of Representatives and 3 shall be appointed by the Minority Leader of the Senate.</text>
 </paragraph></subsection><subsection id="HAEE6A6F1D6E9422389879DDEF511E500"><enum>(b)</enum><header>Chair and Vice Chair</header><text>The Commission, by majority vote, shall choose a Chair and Vice Chair, of whom—</text> <paragraph id="HE166A58713FF4E8C8709493EB3C0CC89"><enum>(1)</enum><text>one shall be a member appointed under paragraph (1); and</text>
 </paragraph><paragraph id="H6D1427083E764550B59A78B37740AFA5"><enum>(2)</enum><text>one shall be a member appointed under paragraph (2).</text> </paragraph></subsection><subsection id="HF8EEC25B08CF4D4E9DD91521F19D2821"><enum>(c)</enum><header>Qualifications</header> <paragraph id="H68A88396197A4C33917EC587761CD383"><enum>(1)</enum><header>Nongovernmental appointees</header><text>An individual appointed to the Commission may not be an officer or employee of the Federal Government, any State, or any local government.</text>
 </paragraph><paragraph id="H13B9EF8A1A6F45F28DDB25D8639C7AF1"><enum>(2)</enum><header>Other qualifications</header><text>It is the sense of Congress that individuals appointed to the Commission should be prominent United States citizens, with national recognition and significant depth of experience in such professions as governmental service, law enforcement, the armed services, law, public administration, intelligence gathering, foreign affairs, cybersecurity, and Federal elections.</text>
 </paragraph><paragraph id="HE2E13B4879D7449BA8F20B6CB8FF79D4"><enum>(3)</enum><header>Deadline for appointment</header><text>All members of the Commission shall be appointed not later than 90 days after the date of the enactment of this Act.</text>
 </paragraph><paragraph id="H995EC73CC90A46E587CE0CD6C6767B46"><enum>(4)</enum><header>Vacancies</header><text>Any vacancy in the Commission shall not affect its powers, but shall be filled in the same manner in which the original appointment was made.</text>
				</paragraph><paragraph id="H94C899CF90CF439D816950C30CCE19ED"><enum>(5)</enum><header>Compensation</header>
 <subparagraph id="H8CCB8D0CC65546969947864E9F4997E8"><enum>(A)</enum><header>In general</header><text>Each member of the Commission may be compensated at not to exceed the daily equivalent of the annual rate of basic pay in effect for a position at level IV of the Executive Schedule under section 5315 of title 5, United States Code, for each day during which that member is engaged in the actual performance of the duties of the Commission.</text>
 </subparagraph><subparagraph id="HDF6584F58D154CE592B0E89DB71675DA"><enum>(B)</enum><header>Travel expenses</header><text>While away from their homes or regular places of business in the performance of services for the Commission, members of the Commission shall be allowed travel expenses, including per diem in lieu of subsistence, in the same manner as persons employed intermittently in the Government service are allowed expenses under section 5703(b) of title 5, United States Code.</text>
					</subparagraph></paragraph></subsection></section><section id="H53C1525DFE354357A8A182C3BFCA01DF"><enum>5.</enum><header>Procedures of Commission</header>
 <subsection id="H08BADE0BE7E14D4DBBBFC0C3057A3DC0"><enum>(a)</enum><header>Initial meeting</header><text>The Commission shall meet and begin the operations of the Commission as soon as practicable. After its initial meeting, the Commission shall meet upon the call of the chairman or a majority of its members.</text>
			</subsection><subsection id="H1AEB60AD6A3F4F9F8E76E2896AC413F7"><enum>(b)</enum><header>Quorum</header>
 <paragraph id="H9F75FAD27FD24DD888F001909FB6BD95"><enum>(1)</enum><header>In general</header><text>Except as provided in paragraph (2), a majority of the members of the Commission shall constitute a quorum.</text>
 </paragraph><paragraph id="HFF56648B09124F7B83FD0376E8BB743A"><enum>(2)</enum><header>Alternative quorum for taking testimony</header><text>For purposes of taking testimony of witnesses, two members of the Commission may constitute a quorum, so long as at least one of the members is a member appointed under paragraph (1) of section 4(a) and at least one of the members is a member appointed under paragraph (2) of section 4(a).</text>
 </paragraph></subsection><subsection id="H5554413DE6AE467C87B2014D89259DE7"><enum>(c)</enum><header>Voting</header><text>No proxy voting shall be allowed on behalf of a member of the Commission.</text> </subsection><subsection id="HEFBE4D2EB1A24EB2BF4C1B6AEA54A7E5"><enum>(d)</enum><header>Rules of procedure</header> <paragraph id="H1CED3D55B70145AD81C3EB5A1A839AB8"><enum>(1)</enum><header>In general</header><text>The Commission shall establish rules for the conduct of the Commission’s business, if such rules are not inconsistent with this Act or other applicable law.</text>
 </paragraph><paragraph id="HB9C2AC4061714006A655BBA937248CB8"><enum>(2)</enum><header>Adoption at initial meeting</header><text>At its initial meeting, the Commission shall adopt the rules established under paragraph (1).</text> </paragraph></subsection></section><section id="HF6D284BF35B14D9CB55A8249D03996C9"><enum>6.</enum><header>Functions of Commission</header> <subsection id="H03A9DEC75FA545FA8FCFA843D28A58DE"><enum>(a)</enum><header>In general</header><text>The duties of the Commission are as follows:</text>
 <paragraph id="H481CB11374104372898637C75EF54989"><enum>(1)</enum><text display-inline="yes-display-inline">To investigate attempts or activities by the Russian government, persons or entities associated with the Russian government, or persons or entities within Russia to use electronic means to influence, interfere with, or sow distrust in elections for public office held in the United States in 2016, including the following:</text>
 <subparagraph id="H35A4B778E18F48F1A2D1DCF417A70C0C"><enum>(A)</enum><text>Electronic hacks by the Russian government, persons or entities associated with the Russian government, or other persons or entities within Russia into—</text>
 <clause id="HECED602C2B8D4D4E93B6E726450818B8"><enum>(i)</enum><text>the electronic systems of the Democratic National Committee;</text> </clause><clause id="HC096392E3FFE4DEF855035FE7F3CC01F"><enum>(ii)</enum><text>the electronic systems of the Democratic Congressional Campaign Committee;</text>
 </clause><clause id="H4232F0705E2B4BA5AFA96BD122EE2911"><enum>(iii)</enum><text>the electronic systems of Mr. John Podesta, campaign chairman for Democratic presidential nominee Hillary Clinton;</text>
 </clause><clause id="H7B690230810B4DCB84A844C0EA55D8D2"><enum>(iv)</enum><text>the electronic systems of former Secretary of State Colin Powell; and</text> </clause><clause id="HBA99F184613B4CFA80ED927185DC3892"><enum>(v)</enum><text>the electronic systems of Arizona, Illinois, and Florida, particularly voter database information.</text>
 </clause></subparagraph><subparagraph id="H291039638ED4470599D5065CFA9C6B00"><enum>(B)</enum><text display-inline="yes-display-inline">Efforts by the Russian government, persons or entities associated with the Russian government, or persons or entities within Russia to put forward, disseminate, or promote false news about the campaigns for elections for public office held in the United States in 2016.</text>
 </subparagraph><subparagraph id="H8F1FE02A4A484D3D91E5A13F395BF87F"><enum>(C)</enum><text>Efforts by the Russian government to work with other governments, entities, and individuals to carry out activities described in subparagraphs (A) and (B).</text>
 </subparagraph></paragraph><paragraph id="H52BC8C0292C54E2EABEC75C0AAE2B55E"><enum>(2)</enum><text display-inline="yes-display-inline">To investigate attempts or activities by governments other than the Russian government, persons or entities associated with governments other than the Russian government, and other entities and individuals to use electronic means to influence, interfere with, or sow distrust in elections for public office held in the United States in 2016, including activities similar to those described in subparagraphs (A) through (C) of paragraph (1).</text>
 </paragraph><paragraph id="H167156C915E8424384ED593175421AFD"><enum>(3)</enum><text display-inline="yes-display-inline">To identify, review, and evaluate the lessons learned from the attempts, activities, and efforts described in paragraphs (1) and (2) relative to detecting, preventing, protecting from, and responding to such attempts, activities, and efforts.</text>
 </paragraph><paragraph id="H77D1C4441EE547958B821E2C5F666206"><enum>(4)</enum><text display-inline="yes-display-inline">To make such recommendations as the Commission considers appropriate to ensure that foreign governments and persons associated with foreign governments never again use electronic means to influence, interfere with, or sow distrust in elections for public office held in the United States.</text>
				</paragraph></subsection><subsection id="H254C81E040BF4345A421A16860EBF75E"><enum>(b)</enum><header>Reports to the President and Congress</header>
 <paragraph id="HF750FC2748524750AC8BACD86C6856B2"><enum>(1)</enum><header>Interim reports</header><text>The Commission may submit to the President and Congress interim reports containing such findings, conclusions, and recommendations as have been agreed to by a majority of Commission members.</text>
 </paragraph><paragraph id="HD7C6DB6E2CE24716807B3A417C297852"><enum>(2)</enum><header>Final report</header><text>Not later than 18 months after the date of the enactment of this Act, the Commission shall submit to the President and Congress a final report containing such findings, conclusions, and recommendations as have been agreed to by a majority of Commission members.</text>
				</paragraph></subsection></section><section id="H6ED9059FF63A44AFAB9A99A5A8DDE5E3"><enum>7.</enum><header>Powers of Commission</header>
 <subsection id="H05D8C5F65D8840BA812060D51F2A6738"><enum>(a)</enum><header>Hearings and evidence</header><text>The Commission or, on the authority of the Commission, any subcommittee or member thereof, may, for the purpose of carrying out this Act—</text>
 <paragraph id="HD32BB9F36BF1424BAA715C1C22C10BB4"><enum>(1)</enum><text>hold such hearings and sit and act at such times and places, take such testimony, receive such evidence, administer such oaths; and</text>
 </paragraph><paragraph id="H278BD14D62594EF9B0DA700971FF2621"><enum>(2)</enum><text>subject to subsection (b)(1), require, by subpoena or otherwise, the attendance and testimony of such witnesses and the production of such books, records, correspondence, memoranda, papers, and documents, as the Commission or such designated subcommittee or designated member may determine advisable.</text>
				</paragraph></subsection><subsection id="HC8AADBACCC7740BDA2BD43D18949B588"><enum>(b)</enum><header>Subpoenas</header>
				<paragraph id="H1745F3F81A5D45D7A5D8D9DBCED5A4B5"><enum>(1)</enum><header>Issuance</header>
 <subparagraph id="HEB9D9EE9805D40F78BBE9E6ED5D7292A"><enum>(A)</enum><header>In general</header><text>A subpoena may be issued under this subsection only—</text> <clause id="H7F6E706379014E1D9A0F61F08A759DE6"><enum>(i)</enum><text>by the agreement of the chair and vice chair; or</text>
 </clause><clause id="H474AF11BF0A74A9D92DD696128A76EEF"><enum>(ii)</enum><text>by the affirmative vote of a majority of the members of the Commission.</text> </clause></subparagraph><subparagraph id="H5582A692473B442BA5367ADC29783DDF"><enum>(B)</enum><header>Signature</header><text>Subject to subparagraph (A)(i), subpoenas issued under this subsection may be issued under the signature of the chairman or any member designated by a majority of the Commission, may be served by any person designated by the chairman or by a member designated by a majority of the Commission.</text>
					</subparagraph></paragraph><paragraph id="HF709CCF3487E4AB9AECA193B7D5885A9"><enum>(2)</enum><header>Enforcement</header>
 <subparagraph id="H6ADB16A0F562477CBC0DA109D74B5217"><enum>(A)</enum><header>In general</header><text>In the case of contumacy or failure to obey a subpoena issued under paragraph (1), the United States district court for the judicial district in which the subpoenaed person resides, is served, or may be found, or where the subpoena is returnable, may issue an order requiring such person to appear at any designated place to testify or to produce documentary or other evidence. Any failure to obey the order of the court may be punished by the court as a contempt of that court.</text>
 </subparagraph><subparagraph id="H387770AF070446168E994E3585E02CCE"><enum>(B)</enum><header>Additional enforcement</header><text>In the case of any failure of any witness to comply with any subpoena or to testify when summoned under authority of this section, the Commission may, by majority vote, certify a statement of fact constituting such failure to the appropriate United States attorney, who may bring the matter before the grand jury for its action, under the same statutory authority and procedures as if the United States attorney had received as certification under sections 102 through 104 of the Revised Statutes of the United States (<external-xref legal-doc="usc" parsable-cite="usc/2/192">2 U.S.C. 192</external-xref> through 194).</text>
 </subparagraph></paragraph></subsection><subsection id="H0FBD5177F75A4A1E97D3CF16A9A664A5"><enum>(c)</enum><header>Contracting</header><text>The Commission may, to such extent and in such amounts as are provided in appropriation Acts, enter into contracts to enable the Commission to discharge its duties under this Act.</text>
			</subsection><subsection id="H222DFE5E59C141EAAAEC00B2AECA9F0D"><enum>(d)</enum><header>Information from federal agencies</header>
 <paragraph id="H30696F73C8104D61A863CE3CF5C30CD1"><enum>(1)</enum><header>In general</header><text>The Commission is authorized to secure directly from any executive department, bureau, agency, board, commission, office, independent establishment, or instrumentality of the Government, information, suggestions, estimates, and statistics for the purposes of this Act. Each department, bureau, agency, board, commission, office, independent establishment, or instrumentality shall, to the extent authorized by law, furnish such information, suggestions, estimates, and statistics directly to the Commission, upon request made by the chairman, the chairman of any subcommittee created by a majority of the Commission, or any member designated by a majority of the Commission.</text>
 </paragraph><paragraph id="HAFB074D4E2E74CF2A722E4A1AD21875B"><enum>(2)</enum><header>Receipt, handling, storage, and dissemination</header><text>Information shall only be received, handled, stored, and disseminated by members of the Commission and its staff consistent with all applicable statutes, regulations, and Executive orders.</text>
				</paragraph></subsection><subsection id="HDF5088B8E5934BC28107ECD0510C9460"><enum>(e)</enum><header>Assistance from federal agencies</header>
 <paragraph id="H7994D4DFFF46471FAD876DD3D26E84E6"><enum>(1)</enum><header>General services administration</header><text>The Administrator of General Services shall provide to the Commission on a reimbursable basis administrative support and other services for the performance of the Commission’s functions.</text>
 </paragraph><paragraph id="HE21FF865C4B04A9A97BB340417A58265"><enum>(2)</enum><header>Other departments and agencies</header><text>In addition to the assistance prescribed in paragraph (1), departments and agencies of the United States may provide to the Commission such services, funds, facilities, staff, and other support services as they may determine advisable and as may be authorized by law.</text>
 </paragraph></subsection><subsection id="H6A9827EFE0FC491A8DD3D2F6159D928F"><enum>(f)</enum><header>Postal services</header><text>The Commission may use the United States mails in the same manner and under the same conditions as departments and agencies of the United States.</text>
			</subsection></section><section id="HAA192F3E48154F3A95655E64F4335275"><enum>8.</enum><header>Staff</header>
			<subsection id="HCC9C51F6C11148CBA687A09C0453C102"><enum>(a)</enum><header>In general</header>
 <paragraph id="H03BCEFE4D3AB4ACF9BDD0FC29508E547"><enum>(1)</enum><header>Appointment and compensation</header><text>The chairman, in accordance with rules agreed upon by the Commission, may appoint and fix the compensation of a staff director and such other personnel as may be necessary to enable the Commission to carry out its functions, without regard to the provisions of title 5, United States Code, governing appointments in the competitive service, and without regard to the provisions of chapter 51 and subchapter III of chapter 53 of such title relating to classification and General Schedule pay rates, except that no rate of pay fixed under this subsection may exceed the equivalent of that payable for a position at level V of the Executive Schedule under section 5316 of title 5, United States Code.</text>
				</paragraph><paragraph id="HC35E8EBD75DC47689D465374DBC36DC8"><enum>(2)</enum><header>Personnel as federal employees</header>
 <subparagraph id="HCE7D942AE58148849D9181B79DE602F2"><enum>(A)</enum><header>In general</header><text>The staff director and any personnel of the Commission who are employees shall be employees under section 2105 of title 5, United States Code, for purposes of chapters 63, 81, 83, 84, 85, 87, 89, 89A, 89B, and 90 of that title.</text>
 </subparagraph><subparagraph id="HE957A694027B4015B3F521951728F6F4"><enum>(B)</enum><header>Members of commission</header><text>Subparagraph (A) shall not be construed to apply to members of the Commission.</text> </subparagraph></paragraph></subsection><subsection id="H07E7B66282B946528B4F8FD05F57E9D4"><enum>(b)</enum><header>Detailees</header><text>Any Federal Government employee may be detailed to the Commission without reimbursement from the Commission, and such detailee shall retain the rights, status, and privileges of his or her regular employment without interruption.</text>
 </subsection><subsection id="H4786C0F3D54E429580E931765611EE37"><enum>(c)</enum><header>Expert and consultant services</header><text>The Commission is authorized to procure the services of experts and consultants in accordance with section 3109 of title 5, United States Code, but at rates not to exceed the daily rate paid a person occupying a position at level IV of the Executive Schedule under section 5315 of title 5, United States Code.</text>
			</subsection></section><section id="H257208C71B9F4ABC899D0035AFBC9127"><enum>9.</enum><header>Public meetings; public versions of reports</header>
 <subsection id="H1F11C753FDBA4B1EBC67085556EB3562"><enum>(a)</enum><header>Requiring public meetings and release of public versions of reports</header><text>The Commission shall—</text> <paragraph id="H6EFBD32CCD524C728F0DBC9E556E1711"><enum>(1)</enum><text>hold public hearings and meetings to the extent appropriate; and</text>
 </paragraph><paragraph id="HB7746F0E69B8451BA5DB778508D91757"><enum>(2)</enum><text>release public versions of the reports required under section 6(b).</text> </paragraph></subsection><subsection id="HF3C5A27A18E34D1EACBABDE52D0BA7E5"><enum>(b)</enum><header>Public hearings</header><text>Any public hearings of the Commission shall be conducted in a manner consistent with the protection of information provided to or developed for or by the Commission as required by any applicable statute, regulation, or Executive order.</text>
 </subsection></section><section id="HF4E9998EA7C34DCF8C75BACD6C045584"><enum>10.</enum><header>Security clearances for Commission members and staff</header><text display-inline="no-display-inline">The appropriate Federal agencies or departments shall cooperate with the Commission in expeditiously providing to the Commission members and staff appropriate security clearances to the extent possible pursuant to existing procedures and requirements, except that no person shall be provided with access to classified information under this Act without the appropriate security clearances.</text>
		</section><section id="HA1D21A5C807D40818D4DE3C2861F192F"><enum>11.</enum><header>Termination</header>
 <subsection id="H4C761BC32FC0462D825D3E2F8A1977BF"><enum>(a)</enum><header>In general</header><text>The Commission, and all the authorities of this Act, shall terminate 60 days after the date on which the final report is submitted under section 6(b)(2).</text>
 </subsection><subsection id="HC7EA12F734314759B2A77C9C34A1F511"><enum>(b)</enum><header>Administrative activities before termination</header><text>The Commission may use the 60-day period referred to in subsection (a) for the purpose of concluding its activities, including providing testimony to committees of Congress concerning its reports, and disseminating the final report.</text>
			</subsection></section><section id="H6216355AA9BE46EBA616C722E982F784"><enum>12.</enum><header>Funding</header>
 <subsection id="HE96A52FDBD994EC299FBBE46CC04C7FF"><enum>(a)</enum><header>Authorization of appropriations</header><text>There is authorized to be appropriated $3,000,000 to carry out this Act.</text> </subsection><subsection id="H32843730A051492982EB1F410A3E65A8"><enum>(b)</enum><header>Duration of availability</header><text>Amounts made available to the Commission under subsection (a) shall remain available until the termination of the Commission.</text>
 </subsection></section><section id="HAEEA2217CC664A7ABCDE238559F6C982"><enum>13.</enum><header>Definition</header><text display-inline="no-display-inline">In this Act, the term <term>electronic systems</term> means computers, servers, and electronic communications.</text> </section></legis-body></bill> 

