<?xml version="1.0"?>
<?xml-stylesheet type="text/xsl" href="billres.xsl"?>
<!DOCTYPE bill PUBLIC "-//US Congress//DTDs/bill.dtd//EN" "bill.dtd">
<bill bill-stage="Introduced-in-House" bill-type="olc" dms-id="H64E0BC05A87A4B9F9F2B309E0913F8F2" key="H" public-private="public"><metadata xmlns:dc="http://purl.org/dc/elements/1.1/">
<dublinCore>
<dc:title>115 HR 213 IH: To remove reversionary clauses on property owned by the municipality of Anchorage, Alaska.</dc:title>
<dc:publisher>U.S. House of Representatives</dc:publisher>
<dc:date>2017-01-03</dc:date>
<dc:format>text/xml</dc:format>
<dc:language>EN</dc:language>
<dc:rights>Pursuant to Title 17 Section 105 of the United States Code, this file is not subject to copyright protection and is in the public domain.</dc:rights>
</dublinCore>
</metadata>
<form>
<distribution-code display="yes">I</distribution-code><congress display="yes">115th CONGRESS</congress><session display="yes">1st Session</session><legis-num display="yes">H. R. 213</legis-num><current-chamber>IN THE HOUSE OF REPRESENTATIVES</current-chamber><action display="yes"><action-date date="20170103">January 3, 2017</action-date><action-desc><sponsor name-id="Y000033">Mr. Young of Alaska</sponsor> introduced the following bill; which was referred to the <committee-name committee-id="HII00">Committee on Natural Resources</committee-name></action-desc></action><legis-type>A BILL</legis-type><official-title display="yes">To remove reversionary clauses on property owned by the municipality of Anchorage, Alaska.</official-title></form>
	<legis-body id="H1CC3EA4042614E97AE62DD6653822594" style="OLC">
		<section id="HAC6DC4BB25114BBD93E0AACC259C5BB3" section-type="section-one"><enum>1.</enum><header>Anchorage, Alaska, conveyance of reversionary interests</header>
 <subsection id="H5D07588924BE4BCEA150CFE9A4B1184C"><enum>(a)</enum><header>Definitions</header><text>In this section:</text> <paragraph id="H3F049C49527541E486D97A8615FF5E9C"><enum>(1)</enum><header>City</header><text>The term <term>City</term> means the Municipality of Anchorage, Alaska.</text>
 </paragraph><paragraph id="HAC95883FD38C46299585164CF4AF80D1"><enum>(2)</enum><header>Non-Federal land</header><text>The term <term>non-Federal land</term> means certain parcels of land located in the City and owned by the City, which are more particularly described as follows:</text>
 <subparagraph id="H6FC9003A4D9F4127A348849A199EECBB"><enum>(A)</enum><text>Tracts 4 and 6, Tudor Municipal Campus, Anchorage Recording District, Third Judicial District, State of Alaska, consisting of approximately 7.9 acres in Tract 4 and 19.8 acres in Tract 6, located along Dr. Martin Luther King Jr. Avenue.</text>
 </subparagraph><subparagraph id="H82ECBCFFD3304CF3840A167C0537A937"><enum>(B)</enum><text>Lot 18A Less W20′, Block 16, Original Townsite of Anchorage, Anchorage Recording District, Third Judicial District, State of Alaska, consisting of approximately 0.16 acres, commonly known as Cottage 25, located at 646 West 3rd Avenue.</text>
 </subparagraph><subparagraph id="HD79FB78DF7BB46BEB892B06DE82641DE"><enum>(C)</enum><text>Lots 1, 2, and 3, Block K, North Addition #4 to Townsite of Anchorage, Anchorage Recording District, Third Judicial District, State of Alaska, consisting of approximately 0.482 acres, commonly known as Wireless Station located on Manor Avenue in Government Hill.</text>
 </subparagraph></paragraph><paragraph id="HE89CC29719744A80A450FB4A738677BC"><enum>(3)</enum><header>Secretary</header><text>The term <term>Secretary</term> means the Secretary of the Interior.</text> </paragraph></subsection><subsection id="HB6C94543371F4FB5B68136F140606822"><enum>(b)</enum><header>Conveyance of reversionary interests, Anchorage, Alaska</header> <paragraph id="HDC4011A78BEA4F449528F7F4CE7703E6"><enum>(1)</enum><header>In general</header><text>Notwithstanding any other provision of law, the Secretary shall convey to the City, without consideration, the reversionary interests of the United States in and to the non-Federal land for the purpose of unencumbering the title to the non-Federal land to enable economic development of the non-Federal land.</text>
 </paragraph><paragraph id="H940F802E12A4490EBDCB552820790FC5"><enum>(2)</enum><header>Legal descriptions</header><text>As soon as practicable after the date of enactment of this Act, the exact legal descriptions of the non-Federal land shall be determined in a manner satisfactory to the Secretary.</text>
 </paragraph><paragraph id="HDE3B27BB8FAF4491BBB2ABABAA9AB074"><enum>(3)</enum><header>Costs</header><text>The City shall pay all costs associated with the conveyance under paragraph (1), including the costs of any surveys, recording costs, and other reasonable costs.</text>
				</paragraph></subsection></section></legis-body></bill>


