<?xml version="1.0"?>
<?xml-stylesheet type="text/xsl" href="billres.xsl"?>
<!DOCTYPE bill PUBLIC "-//US Congress//DTDs/bill.dtd//EN" "bill.dtd">
<bill bill-stage="Introduced-in-House" bill-type="olc" dms-id="H904CC29C1CE0498EBA932F14D58A8B6C" key="H" public-private="public"><metadata xmlns:dc="http://purl.org/dc/elements/1.1/">
<dublinCore>
<dc:title>115 HR 47 IH: Effective and Humane Treatment of Youth Act of 2017</dc:title>
<dc:publisher>U.S. House of Representatives</dc:publisher>
<dc:date>2017-01-03</dc:date>
<dc:format>text/xml</dc:format>
<dc:language>EN</dc:language>
<dc:rights>Pursuant to Title 17 Section 105 of the United States Code, this file is not subject to copyright protection and is in the public domain.</dc:rights>
</dublinCore>
</metadata>
<form>
<distribution-code display="yes">I</distribution-code><congress display="yes">115th CONGRESS</congress><session display="yes">1st Session</session><legis-num display="yes">H. R. 47</legis-num><current-chamber>IN THE HOUSE OF REPRESENTATIVES</current-chamber><action display="yes"><action-date date="20170103">January 3, 2017</action-date><action-desc><sponsor name-id="J000032">Ms. Jackson Lee</sponsor> introduced the following bill; which was referred to the <committee-name committee-id="HJU00">Committee on the Judiciary</committee-name></action-desc></action><legis-type>A BILL</legis-type><official-title display="yes">To amend the Omnibus Crime Control and Safe Streets Act of 1968 to provide for the humane treatment
			 of youths who are in police custody, and for other purposes.</official-title></form>
	<legis-body id="H7EDEDEA88A204FEB8F96E494EE0F3774" style="OLC">
 <section id="H223931DBBF3A421E9EC1622C677CE19E" section-type="section-one"><enum>1.</enum><header>Short title</header><text display-inline="no-display-inline">This Act may be cited as the <quote><short-title>Effective and Humane Treatment of Youth Act of 2017</short-title></quote> or <quote><short-title>Kalief’s Law</short-title></quote>.</text> </section><section id="HC39123A8D37C477B8AD32CF4BA51476F"><enum>2.</enum><header>Reauthorization of juvenile accountability block grants</header><text display-inline="no-display-inline">Section 1810(a) of the Omnibus Crime Control and Safe Streets Act of 1968 (<external-xref legal-doc="usc" parsable-cite="usc/42/3796ee-10">42 U.S.C. 3796ee–10(a)</external-xref>) is amended by inserting before the period at the end the following: <quote>and such funds as may be necessary for each of fiscal years 2018 through 2022</quote>.</text>
		</section><section id="H2552F646A21E42149251D8353E978113"><enum>3.</enum><header>Humane treatment of youth for grant eligibility</header>
 <subsection id="H577780005661418FBB23736D56BC3E08"><enum>(a)</enum><header>In general</header><text display-inline="yes-display-inline">Section 1802 of the Omnibus Crime Control and Safe Streets Act of 1968 (<external-xref legal-doc="usc" parsable-cite="usc/42/3796ee-2">42 U.S.C. 3796ee–2</external-xref>) is amended—</text>
 <paragraph id="HDE0D6FF7D23B457484FE0F40514D7768"><enum>(1)</enum><text>in subsection (a)—</text> <subparagraph display-inline="no-display-inline" id="HDFE8B34FA035499A83BBCCB00402B0B9"><enum>(A)</enum><text>in paragraph (1)(B), by striking <quote>and</quote> at the end;</text>
 </subparagraph><subparagraph id="HD4EC531506004A6A8D204662D8BA5E84"><enum>(B)</enum><text>in paragraph (2), by striking the period at the end and inserting <quote>; and</quote>; and</text> </subparagraph><subparagraph id="H3800F3694BA74D92BC32AEE550E65517"><enum>(C)</enum><text>by adding at the end the following:</text>
						<quoted-block id="H0A1282629856403D87A5061ED0DAD04B" style="OLC">
 <paragraph id="HE7F955BE9FDB4B8BB4B82F84A33BB3E5"><enum>(3)</enum><text>assurances that the State and any unit of local government to which the State provides funding under section 1803(b), has in effect (or shall have in effect, not later than 1 year after the date that the State submits such application) laws, or has implemented (or shall implement, not later than 1 year after the date that the State submits such application) policies and programs, that provide for a right to speedy trial in accordance with subsection (g), timely bail consideration in accordance with subsection (h), and the restrictions on the use of temporary separation in accordance with subsection (i).</text></paragraph><after-quoted-block>; </after-quoted-block></quoted-block>
 </subparagraph></paragraph><paragraph id="H280428A5D80541B3B5AE9B62D2D7A5F8"><enum>(2)</enum><text>in subsection (b)—</text> <subparagraph display-inline="no-display-inline" id="HAF6A506F1D924CACA027E25131E48B62"><enum>(A)</enum><text>in paragraph (1)—</text>
 <clause id="H25ED68BB5A7B498896CFA1649BF7F136"><enum>(i)</enum><text>in subparagraph (A)(ii), by striking <quote>and</quote> at the end; and</text> </clause><clause id="H82ABC757BA774D9A9D90A129BE97EB04"><enum>(ii)</enum><text>in subparagraph (B), by striking the period at the end and inserting <quote>; and</quote>; and</text>
 </clause></subparagraph><subparagraph id="H7B9A9315646F4790AFE3E5BB564C281B"><enum>(B)</enum><text>by adding at the end the following:</text> <quoted-block id="H3C903CF9B854489C8CEB97890F9A0F92" style="OLC"> <subparagraph id="H1761D463A3024A5CA3FF0CAA6B119B0D"><enum>(C)</enum><text display-inline="yes-display-inline">such assurances as the State shall require, that, to the extent applicable, the unit of local government has in effect (or shall have in effect, not later than 1 year after the date that the unit submits such application) laws, or has implemented (or shall implement, not later than 1 year after the date that the unit submits such application) policies and programs, that provide for a right to speedy trial in accordance with subsection (g), timely bail consideration in accordance with subsection (h), and the restrictions on the use of temporary separation in accordance with subsection (i).</text></subparagraph><after-quoted-block>; and</after-quoted-block></quoted-block>
 </subparagraph></paragraph><paragraph id="H4B64D40E7299462591E0C71D0607C244"><enum>(3)</enum><text>by adding at the end the following:</text> <quoted-block id="HCF592C51E36244C3A5FE8FEDA5D9954F" style="OLC"> <subsection id="HA8D7EC2170CF4DDE868E658876B9C6CE"><enum>(g)</enum><header>Right to speedy trial</header><text display-inline="yes-display-inline">The requirements under this subsection relating to the right to a speedy trial for a youth are, at a minimum, that in the case of a youth who is held in custody, charges in any criminal case are dismissed with prejudice not later than 60 days after the date on which the youth was arrested (which shall be computed in accordance with section 3161(h) of title 18, United States Code), if a trial has not commenced or there has not been an adjudication of the case on the merits. For purposes of this subsection, the determination of whether an individual is a youth shall be based on the individual’s age at the time that the individual is taken into custody for the alleged criminal conduct.</text>
						</subsection><subsection id="H481765A2886E4E3BA469FC004CD72DB5"><enum>(h)</enum><header>Right to Timely Bail Consideration</header>
 <paragraph id="HC4CD81EF883F449AA9E6E3A385D7E2F6"><enum>(1)</enum><header>In general</header><text>The requirements under this subsection relating to a youth’s right to timely bail consideration are, at a minimum, that—</text>
 <subparagraph id="H6D6E589211C0493787227753204E1B8E"><enum>(A)</enum><text>the youth receives an initial detention hearing not later than the second working day after being taken into custody, except that—</text>
 <clause display-inline="no-display-inline" id="HF66E542F9517495BA5D73A6B3F76D4B7"><enum>(i)</enum><text display-inline="yes-display-inline">if the youth is taken into custody on a Friday or Saturday, not later than one working day after being taken into custody; or</text>
 </clause><clause id="H7CE8324FE9F047F3B990707781A7AF38"><enum>(ii)</enum><text>in the case of an arrest for a status offense, not later than one working day after being taken into custody;</text>
 </clause></subparagraph><subparagraph id="HE42383B0C4764A1B88F585C9A7B2B819"><enum>(B)</enum><text>in the case of a youth who is 17 years of age or younger, the parent, guardian or custodian of the youth receives from the court reasonable notice of the detention hearing if the parent, guardian or custodian can be located;</text>
 </subparagraph><subparagraph id="HD773764A8CBD48EC8C47C7CFCED18FDF"><enum>(C)</enum><text>prior to any detention hearing, the youth is advised of the right to counsel, the right to have counsel appointed by the court if the youth is indigent, and the procedure for the appointment of counsel;</text>
 </subparagraph><subparagraph id="HD79531553D6E4E458C0D37B63144EDE3"><enum>(D)</enum><text display-inline="yes-display-inline">if at the initial detention hearing the youth does not have counsel, the court shall appoint counsel before making a ruling on whether to release or continue detaining the youth;</text>
 </subparagraph><subparagraph id="HB52B66F438334B84B938D1D5B71A6F3C"><enum>(E)</enum><text>no statement made by the youth at any detention hearing is admissible against the youth at any other hearings or proceedings;</text>
 </subparagraph><subparagraph id="H6D8A2AC7D15643999E67E3FF56FFDA6D"><enum>(F)</enum><text>if a youth is detained, a detention hearing to review the release decision is held every 10 working days, or every 15 working days if the youth is held outside the county of jurisdiction, unless the youth waives review on the advice of counsel;</text>
 </subparagraph><subparagraph id="H584F6B1264604AFD822709EDD9B2743F"><enum>(G)</enum><text>there is a presumption of release at a detention hearing, unless—</text> <clause id="H2CD0147826824E3589E57CEBB2823319"><enum>(i)</enum><text display-inline="yes-display-inline">the youth will be removed from the jurisdiction of the court prior to the next scheduled hearing;</text>
 </clause><clause id="H2FED2E965B6E4F5994B990298E33CE50"><enum>(ii)</enum><text>in the case of a youth who is 17 years of age or younger, the youth lacks suitable and safe supervision, care, and protection from a parent, guardian, custodian, or other person or agency; or</text>
 </clause><clause id="H004AE13F92B349A091FBDFACCC73D15A"><enum>(iii)</enum><text>the youth may be a danger to himself or herself, a threat to public safety, or is likely to commit an offense if released, and the court determines that such danger, threat, or likelihood cannot be overcome with appropriate supervision, services, or treatment; and</text>
 </clause></subparagraph><subparagraph commented="no" id="HAFBAD07033424F2B802C32077E293268"><enum>(H)</enum><text>a detained youth who is not charged with a criminal offense at an initial detention hearing is released unless—</text>
 <clause commented="no" id="HE7E6456CE68E487A928FCDB82DA163CD"><enum>(i)</enum><text>in the case of a youth who is detained for delinquency, a probation violation, or a status offense, the State brings a petition or formal charge against the youth not later than 15 working days after the initial detention decision;</text>
 </clause><clause commented="no" id="H423696A1EE944E5D8269FC9E29AB3C5D"><enum>(ii)</enum><text>except as provided in clause (i), in the case of a youth who is detained for criminal conduct for which the maximum term of imprisonment is less than one year, the State brings a formal charge against the youth not later than 30 working days after the initial detention decision; or</text>
 </clause><clause commented="no" id="H55EB76B7FB3A44B4A01E0EC2C77ED186"><enum>(iii)</enum><text display-inline="yes-display-inline">except as provided in clause (i), in the case of a youth who is detained for criminal conduct for which the maximum term of imprisonment is one year or greater, the State brings a formal charge against the youth not later than 60 days after the initial detention decision.</text>
 </clause></subparagraph></paragraph><paragraph id="H9EC8D987BF074815ADAEC7D0782B3F7F"><enum>(2)</enum><header>Status as youth</header><text display-inline="yes-display-inline">For purposes of this subsection, the determination of whether an individual is a youth shall be based on the individual’s age at the time that the individual is taken into custody for the alleged criminal conduct.</text>
 </paragraph><paragraph id="H144AC9D5E851467995EFB502F908D3F1"><enum>(3)</enum><header>Definitions</header><text>For the purpose of this subsection:</text> <subparagraph id="H2BDEA3C41B1A4ED28F59CE93D40AC994"><enum>(A)</enum><text>The term <term>detention hearing</term> means a hearing—</text>
 <clause id="H48191204B8F54245BD7766AA8C0E2634"><enum>(i)</enum><text>conducted by a duly appointed or elected judge or, if a judge is not available, a referee appointed for the purpose of conducting detention hearings; and</text>
 </clause><clause id="H74CF2F14040941888F67E3D31AD64070"><enum>(ii)</enum><text>recorded at the request of any party.</text> </clause></subparagraph><subparagraph id="H681864E059824990A9AD135DA0814D64"><enum>(B)</enum><text>The term <term>status offense</term> means an offense which prohibits conduct only for youths and not for adults, based on their age, including truancy, running away, breach of curfew, and age-based alcohol or drug offenses.</text>
								</subparagraph></paragraph></subsection><subsection id="HBC5E598F5EF544678EF6F870D8CFE29E"><enum>(i)</enum><header>Ban on the use of solitary confinement</header>
 <paragraph commented="no" id="H519F2ECE132A47099C1D42FBEC6280BE"><enum>(1)</enum><header>In general</header><text display-inline="yes-display-inline">The requirements under this subsection relating to the restrictions on the use of temporary separation are, at a minimum, that—</text>
 <subparagraph commented="no" id="H9787249E0C594308BB6C6D62E78BC590"><enum>(A)</enum><text>temporary separation of a youth from the general population in a detention facility is not used for any purpose other than as a temporary response to behavior of the individual that poses a serious and immediate risk of physical harm to that individual or to others;</text>
 </subparagraph><subparagraph commented="no" id="H4512448A487445FBA94B0D453BA886B2"><enum>(B)</enum><text>a good faith effort to employ less restrictive techniques, including de-escalation and intervention by facility employees, mental health professionals, and other youths must occur before the use of temporary separation;</text>
 </subparagraph><subparagraph commented="no" id="HD74DD5BBEE074086A5C74A33BDCC5241"><enum>(C)</enum><text>before or immediately after a youth is placed in temporary separation, an employee of the detention facility provides the individual with an explanation of the reasons for the separation and under what circumstances it will end;</text>
 </subparagraph><subparagraph commented="no" id="HC7F16AECC0534CF7A9FB23CD971F2C8E"><enum>(D)</enum><text>the duration for which a youth is placed in temporary separation does not exceed 3 hours, and consecutive periods of temporary separation for the same episode of behavior are prohibited;</text>
 </subparagraph><subparagraph commented="no" id="H66D582FC475B43D1AFE529001FAF3421"><enum>(E)</enum><text>a youth is released from temporary separation as soon as he or she no longer poses a risk of serious and immediate physical harm;</text>
 </subparagraph><subparagraph commented="no" id="H5104216EBA164249A59BA689835989C1"><enum>(F)</enum><text>in the case of a youth who continues to pose a risk of serious and immediate physical harm after being in temporary separation for 3 hours, prior to, or upon the conclusion of such 3-hour period, the facility initiates a transfer to another facility that can provide necessary services without the use of temporary separation or refers the individual to a mental health facility that can provide necessary services, in which case the individual may remain in temporary separation pending such transfer;</text>
 </subparagraph><subparagraph commented="no" id="H82D08103A4744D1799C2045E69CD27CC"><enum>(G)</enum><text>the physical space used for temporary separation—</text> <clause commented="no" id="HDF00D36A6C3D4ABD93CA2406886D1AD9"><enum>(i)</enum><text>is at least 80 square feet, suicide-resistant, and protrusion-free;</text>
 </clause><clause commented="no" id="H8B0663377417433D97C396EFAF6ACBCF"><enum>(ii)</enum><text>has adequate lighting and ventilation;</text> </clause><clause commented="no" id="H8F3D6B43F22A4553BAC1E8F844DA7096"><enum>(iii)</enum><text>is kept at a reasonable temperature; and</text>
 </clause><clause commented="no" id="H789F7193034C477788C531D8097E7689"><enum>(iv)</enum><text>provides access to clean potable water, toilet facilities, and hygiene supplies; and</text> </clause></subparagraph><subparagraph commented="no" id="H647CC727BD16495398011A346D8BC1C1"><enum>(H)</enum><text>a youth placed in temporary separation has access to appropriate medical and mental health services, and receives crisis intervention and one-on-one observation.</text>
 </subparagraph></paragraph><paragraph id="HB0DD79A9E0D04B9B801380DE9B5734A4"><enum>(2)</enum><header>Definition</header><text display-inline="yes-display-inline">For the purpose of this subsection, the term <term>temporary separation</term> means the involuntary restriction of an individual alone in a cell, room, or other area isolated away from all human contact except for the employees of the detention facility.</text></paragraph></subsection><after-quoted-block>.</after-quoted-block></quoted-block>
 </paragraph></subsection><subsection commented="no" id="H1AF2D4FC4EBE4A3C9591D8925C095CE6"><enum>(b)</enum><header>Youth defined</header><text>Section 1809 of the Omnibus Crime Control and Safe Streets Act of 1968 (<external-xref legal-doc="usc" parsable-cite="usc/42/3796ee-9">42 U.S.C. 3796ee–9</external-xref>) is amended by at the end the following:</text>
				<quoted-block display-inline="no-display-inline" id="HEA35A4D9B54B40FE92D63292503D23BA" style="OLC">
 <paragraph commented="no" id="H5485689F89A048E38620F288E533D7B1"><enum>(7)</enum><header>Youth</header><text display-inline="yes-display-inline">The term <term>youth</term> means an individual who is 21 years of age or younger.</text></paragraph><after-quoted-block>.</after-quoted-block></quoted-block> </subsection></section><section id="H512B10416B7E465D8F77D32637F756C9"><enum>4.</enum><header>Treatment of youth in Federal prisons and correctional facilities</header> <subsection id="H9EE0B94231904DBF9538EA257375E33E"><enum>(a)</enum><header>In general</header><text><external-xref legal-doc="usc-chapter" parsable-cite="usc-chapter/18/401">Chapter 401</external-xref> of title 18, United States Code, is amended by adding at the end the following:</text>
				<quoted-block id="HC08476D56C2247C4A2A8EEF8FCF5C697" style="USC">
					<section id="HF4F9C830816C40FB80889B771BA36E46"><enum>5004.</enum><header>Recording of custodial interrogations of youth</header>
 <subsection id="H698BCC85DD584E9D988051D685DE101F"><enum>(a)</enum><header>In general</header><text>A custodial interrogation of a youth shall be electronically recorded in its entirety in audio and visual form, except that if any part of the interrogation occurs outside of a place of detention, an audio recording may be used. If the interrogation occurs in a detention facility, the camera shall show both the interrogator and the youth.</text>
 </subsection><subsection id="H60C5E80168364556BF7EDD36BAD4891A"><enum>(b)</enum><header>Inadmissibility of statements not recorded</header><text>Except as provided in subsections (c), (d), and (e), any statement made by a youth during a custodial interrogation that is not recorded in accordance with subsection (a), is inadmissible as evidence against the youth in any juvenile delinquency or criminal proceeding brought against the youth.</text>
 </subsection><subsection id="H780DF26399154F6980B962FEFB05AACA"><enum>(c)</enum><header>Exceptions generally</header><text display-inline="yes-display-inline">A statement made by a youth in a custodial interrogation that would be inadmissible under subsection (b) may be admitted into evidence in a criminal or juvenile delinquency proceeding brought against the youth if the court finds the following:</text>
 <paragraph id="H549B55114401464FB0ACFE9E74D91212"><enum>(1)</enum><text>The statement is admissible under the applicable rules of evidence.</text> </paragraph><paragraph id="H55A951E726A042A8986577325F924C11"><enum>(2)</enum><text>The prosecution has proven by clear and convincing evidence that the youth made the statement voluntarily, and that such statement is reliable.</text>
 </paragraph><paragraph id="HFA7DC36B8F414A19A71775A8E9ECF611"><enum>(3)</enum><text>The prosecution has proven by clear and convincing evidence that one or more of the following circumstances existed at the time of the custodial interrogation:</text>
 <subparagraph id="HFCF8EB68C41146099DC411667A699781"><enum>(A)</enum><text>The questions put forth by law enforcement personnel, and the youth’s responsive statements, were part of the routine processing or intake of the youth.</text>
 </subparagraph><subparagraph id="HB4582C3FFCF04E83A911F9EF655DFA88"><enum>(B)</enum><text>Before or during a custodial interrogation, after having consulted with his or her lawyer, the youth unambiguously declared on the recording that he or she would only respond to the officer’s questions if his or her statements were not recorded.</text>
 </subparagraph><subparagraph commented="no" id="HE72BE775F1AD4357B5625F8CB736E41C"><enum>(C)</enum><text>The custodial interrogation took place in another jurisdiction and was conducted by officials of that jurisdiction in compliance with the law of the jurisdiction.</text>
 </subparagraph><subparagraph id="H6E06A40A7832471C99E4CF9F5CE11056"><enum>(D)</enum><text>Exigent circumstances existed, which prevented the making of, or rendered it not feasible to make, a recording of the custodial interrogation.</text>
 </subparagraph></paragraph></subsection><subsection display-inline="no-display-inline" id="HCB9A9FAD85EF4587817051951ABB397F"><enum>(d)</enum><header>Exception relating to statements made in court</header><text>A statement made by a youth in a custodial interrogation which would be inadmissable under subsection (b) may be admitted into evidence in a juvenile delinquency or criminal proceeding brought against the youth if the court finds the following:</text>
 <paragraph id="H2DBBE500C2154CBCBA5C87E1131B5243"><enum>(1)</enum><text>The statement was made before a grand jury or in court.</text> </paragraph><paragraph id="H7EF15C49EFD448938E17B5157E00F3F2"><enum>(2)</enum><text>The statement is admissible under applicable rules of evidence.</text>
 </paragraph><paragraph id="HFD9947FEFA3041FEA1F16DA74E8C05A2"><enum>(3)</enum><text>The prosecution has proven by clear and convincing evidence that the youth made the statement voluntarily, and that such statement is reliable.</text>
							</paragraph></subsection><subsection id="HBBD92CA00111493884985F168907543D"><enum>(e)</enum><header>Exception relating to statements made by prisoners</header>
 <paragraph id="HEDFA357F5D5F4BB3A0BA73003356C5EA"><enum>(1)</enum><header>In general</header><text display-inline="yes-display-inline">Except as provided in paragraph (2), a statement made by a youth in a custodial interrogation which would be inadmissable under subsection (b) may be admitted into evidence in a juvenile delinquency or criminal proceeding brought against the youth if, at the time of making the statement, the youth was serving a term of imprisonment in a Federal prison or correctional institution.</text>
 </paragraph><paragraph id="H6A6CBBBCD00D4E749C71B5143F111CB2"><enum>(2)</enum><header>Limitation</header><text>A statement described in paragraph (1) may not be admitted into evidence in a juvenile delinquency or criminal proceeding brought against the youth if the statement was made in relation to an investigation of a crime committed in the Federal prison or correctional institution.</text>
 </paragraph></subsection><subsection id="HCB0D3E0D2A994531B6C0B21B8ADD9B0A"><enum>(f)</enum><header>Handling and preservation of electronic recordings</header><text display-inline="yes-display-inline">Recordings of custodial interrogations under this subsection shall be handled and preserved as follows:</text>
 <paragraph id="H4F5BA873004543BFB9F7A7DA5235C793"><enum>(1)</enum><text>The recording shall be clearly identified and catalogued by law enforcement personnel.</text> </paragraph><paragraph id="HCF2716BC206247A6A336B601DB1E65E2"><enum>(2)</enum><text>If a juvenile delinquency or criminal proceeding is brought against a youth who was the subject of an electronically recorded custodial interrogation, the recording shall be preserved by law enforcement personnel until all appeals, post-conviction, and habeas corpus proceedings are final and concluded, or the time within which such proceedings must be brought has expired.</text>
 </paragraph><paragraph id="HF6E741BAC0504E37A7B301ED76E22FF6"><enum>(3)</enum><text>If no juvenile delinquency or criminal proceeding is brought against a youth who has been the subject of a recorded custodial interrogation, the related recording shall be preserved by law enforcement personnel until all applicable State and Federal statutes of limitations bar prosecution of the youth.</text>
 </paragraph></subsection><subsection id="H23958A654896407F824A3B46B8B2132C"><enum>(g)</enum><header>Study and report</header><text>Not later than 2 years after the date of enactment of this Act, and annually thereafter, the Attorney General shall submit to Congress a report that describes—</text>
 <paragraph id="HBFD19E2906094B99AA51D13FBEBB892F"><enum>(1)</enum><text>the instances in which recorded interrogations were introduced as evidence in a juvenile delinquency or criminal proceeding;</text>
 </paragraph><paragraph id="H292A3E98829B4F26876E235CEFF9FB6F"><enum>(2)</enum><text>the instances in which interrogations were not recorded but were nonetheless introduced as evidence in a juvenile delinquency or criminal proceeding;</text>
 </paragraph><paragraph id="H46335739270D4387A63F3283A2F20DFA"><enum>(3)</enum><text>the instances in which interrogations were recorded and a plea of guilty was entered and accepted by the court; and</text>
 </paragraph><paragraph id="H785276DE64E84F57A5FCA7950F784933"><enum>(4)</enum><text>the instances in which interrogations were not recorded and a plea of guilty was entered and accepted by the court.</text>
							</paragraph></subsection></section><section id="H3F0C693178A64857A70E8E98E51614EB"><enum>5005.</enum><header>Ban on solitary confinement of youth</header>
 <subsection id="H44CB8E49DF364E5F955672622D892FDD"><enum>(a)</enum><header>Prohibition</header><text display-inline="yes-display-inline">The placement of a youth in temporary separation for any purpose other than as a temporary response to behavior of the individual that poses a serious and immediate risk of physical harm to that individual or to others, is prohibited.</text>
 </subsection><subsection id="H50E65687C999462CA941E8D9A385843A"><enum>(b)</enum><header>Less restrictive techniques</header><text display-inline="yes-display-inline">Techniques that are less restrictive than temporary separation, including de-escalation and intervention by facility employees, mental health professionals, and other youths shall be employed before the use of temporary separation.</text>
 </subsection><subsection id="H2E167BABEFC447CF87B635A003E3349D"><enum>(c)</enum><header>Explanation</header><text display-inline="yes-display-inline">Before or immediately after an individual is placed in temporary separation, an employee of the detention facility shall provide the individual with an explanation of the reasons for the temporary separation and under what circumstances it will end.</text>
 </subsection><subsection id="H856AE3CCD3514904A0EDCD752FD9D18B"><enum>(d)</enum><header>Maximum time</header><text display-inline="yes-display-inline">A youth shall not be placed in temporary separation for more than 3 hours and consecutive periods of temporary separation for the same episode of behavior are prohibited.</text>
 </subsection><subsection id="HDDD93454BBFA418FBCC500BAC63A9A54"><enum>(e)</enum><header>Release</header><text display-inline="yes-display-inline">A youth shall be released from temporary separation as soon as he or she no longer poses a risk of serious and immediate physical harm. If a youth continues to pose a risk of serious and immediate physical harm after being in temporary separation for 3 hours, the facility shall, prior to, or upon the conclusion of such 3-hour period, initiate a transfer to another facility that can provide necessary services without the use of temporary separation or refer the individual to a mental health facility that can provide necessary services, in which case the individual may remain in temporary separation pending such transfer.</text>
 </subsection><subsection id="H91B9C80BDD5F471997F6674492FE1072"><enum>(f)</enum><header>Conditions</header><text>The physical space used for temporary separation shall—</text> <paragraph id="H7FA3AA4E6CD94C96B42F07882DF251F9"><enum>(1)</enum><text>be at least 80 square feet, suicide-resistant, and protrusion-free;</text>
 </paragraph><paragraph id="H9A5D2144D9274010961A58340C8741B3"><enum>(2)</enum><text>have adequate lighting and ventilation;</text> </paragraph><paragraph id="HB88C66FCC6B64E7395DF874E3F10DFC9"><enum>(3)</enum><text>be kept at a reasonable temperature; and</text>
 </paragraph><paragraph id="HDEAB1720CAC2473CAAE983AB19EDC264"><enum>(4)</enum><text>provide access to clean potable water, toilet facilities, and hygiene supplies.</text> </paragraph></subsection><subsection id="H38BF49A562504DCC91FF840597AF6BCC"><enum>(g)</enum><header>Services</header><text>A youth placed in temporary separation shall have access to appropriate medical and mental health services, and receive crisis intervention and one-on-one observation.</text>
						</subsection></section><section id="H4F6FD84FE6E142D49275D99798E5623D"><enum>5006.</enum><header>Restrictions on shackling of youth</header>
 <subsection id="HE1C9127D2168428C9BEE3B2A2B78A233"><enum>(a)</enum><header>In general</header><text display-inline="yes-display-inline">Instruments of restraint, such as handcuffs, chains, irons, straitjackets, or similar items, may not be used on a youth during a court proceeding and must be removed prior to the youth’s entry into a courtroom, unless the court finds that—</text>
 <paragraph id="H46695936F71B4EB0B87016617D0569EC"><enum>(1)</enum><text>the use of restraints is necessary—</text> <subparagraph id="H93B97116A3D749BF81528BDE11E9CC0C"><enum>(A)</enum><text display-inline="yes-display-inline">to prevent physical harm to the youth or another person; or</text>
 </subparagraph><subparagraph id="H485EF1EB63B7456D90258005E9D070FB"><enum>(B)</enum><text>to prevent the youth from fleeing the court; and</text> </subparagraph></paragraph><paragraph id="H567286FA9CCC4A2986683E3B341099A8"><enum>(2)</enum><text display-inline="yes-display-inline">a less restrictive alternative, such as the presence of additional court personnel, law enforcement officers, or bailiffs, will not be sufficient to prevent the behavior described in subparagraphs (A) and (B) of paragraph (1).</text>
 </paragraph></subsection><subsection id="HB4092E09E66149A9B03DDE7A661ED392"><enum>(b)</enum><header>Opportunity To Respond</header><text>Before ordering the use of restraints, the court shall provide the youth with the opportunity to respond to any evidence presented under subsection (a).</text>
 </subsection><subsection id="H5DBE7792505B4C8F8AEC1FC548D1C388"><enum>(c)</enum><header>Certain shackling prohibited</header><text>A court may not order the use of restraints that—</text> <paragraph id="HC82FCEF2B8614D9E8236276124B0F86A"><enum>(1)</enum><text>restrict movement of the youth’s hands, such that the youth is unable to read and handle documents used during the court proceeding; or</text>
 </paragraph><paragraph id="H597FF521E44A4AE28057A97A8E643FC8"><enum>(2)</enum><text>are fixed to a wall, the floor, or furniture.</text> </paragraph></subsection></section><section id="HAA77C2C2B86843F0833121F077B8F1A7"><enum>5007.</enum><header>Definitions</header><text display-inline="no-display-inline">For purposes of this chapter:</text>
 <paragraph id="H285F22DA3E6442FC98E1E0C6991C430D"><enum>(1)</enum><text>The term <term>custodial interrogation</term> means questioning or other conduct by a law enforcement officer which is reasonably likely to elicit an incriminating response from an individual and occurs when reasonable individuals in the same circumstances would consider themselves in custody.</text>
 </paragraph><paragraph id="H9393714D2ED5436DB5B690BEC4ACF8F8"><enum>(2)</enum><text display-inline="yes-display-inline">The term <term>temporary separation</term> means the involuntary restriction of an individual alone in a cell, room, or other area isolated away from all human contact except for the employees of the detention facility.</text>
 </paragraph><paragraph id="H19BB301A226140259760ADA82740B0F4"><enum>(3)</enum><text display-inline="yes-display-inline">The term <term>youth</term> means an individual who is 21 years of age or younger.</text></paragraph></section><after-quoted-block>.</after-quoted-block></quoted-block> </subsection><subsection display-inline="no-display-inline" id="H2D00EC0B1AC3486F801BE52E626EBAAD"><enum>(b)</enum><header>Technical and conforming amendment</header><text>The table of sections for <external-xref legal-doc="usc-chapter" parsable-cite="usc-chapter/18/401">chapter 401</external-xref> of title 18, United States Code, is amended by adding at the end the following:</text>
				<quoted-block display-inline="no-display-inline" id="H024E1ED113F749CAB17939C06638A351" style="USC">
					<toc regeneration="no-regeneration">
						<toc-entry level="section">5004. Ban on solitary confinement of youth. </toc-entry>
						<toc-entry level="section">5005. Recording of custodial interrogations of youth. </toc-entry>
						<toc-entry level="section">5006. Restrictions on shackling of youth. </toc-entry>
						<toc-entry level="section">5007. Definitions. </toc-entry></toc><after-quoted-block>.</after-quoted-block></quoted-block>
 </subsection><subsection id="H73C09FEAC40F40018237A136BD0DAC61"><enum>(c)</enum><header>Study and report on temporary separation of youth in Federal facilities</header><text>Not later than 2 years after the date of enactment of this Act, and annually thereafter, the Attorney General shall submit to Congress a report that contains—</text>
 <paragraph id="H5A3DA6DC347B42EF92E51D49A96AE2BC"><enum>(1)</enum><text>a detailed description of the types and conditions of temporary separation used for Federal prisoners or detainees who are youths; and</text>
 </paragraph><paragraph id="H38D1FE409EBB457E8838C657738BB88D"><enum>(2)</enum><text display-inline="yes-display-inline">a list of the number of instances in which temporary separation was used for Federal prisoners or detainees who are youths, disaggregated by age, race, ethnicity, gender, and a description of the circumstances specific to each such instance, including the cause, length, and result.</text>
				</paragraph></subsection></section><section id="H50F560C3BA4E469B8740B3177B34E7DC"><enum>5.</enum><header>Youth custodial interrogation recording grants</header>
 <subsection id="H941C874A340F4297A2BAA578DA280E5A"><enum>(a)</enum><header>In general</header><text>Title I of the Omnibus Crime Control and Safe Streets Act of 1968 (<external-xref legal-doc="usc" parsable-cite="usc/42/3711">42 U.S.C. 3711 et seq.</external-xref>) is amended by adding at the end the following:</text>
				<quoted-block display-inline="no-display-inline" id="H2C6A6A22B34F4DD28DF1D5473492DFA8" style="OLC">
					<part id="H6F2C01EC76A54E44A7F8033670FC7049"><enum>MM</enum><header>Youth Custodial Interrogation Video Recording Grants</header>
						<section id="H59059710818942B9B710BCC71C05854F"><enum>3031.</enum><header>Custodial interrogation video recording grants</header>
 <subsection id="HB1E01C71FEC04AABB1DF01DB34754E6F"><enum>(a)</enum><header>Grant program</header><text>The Attorney General shall make grants to States and units of local government to take whatever steps the Attorney General determines to be necessary to achieve complete and accurate recording, by both audio and video means, of every custodial interrogation of a youth occurring within the State or unit of local government.</text>
 </subsection><subsection id="H5EDFAAB39C854AFE8F4F836254B082D2"><enum>(b)</enum><header>Matching requirement</header><text>The portion of the costs of a program funded by a grant under this section may not exceed 75 percent.</text>
 </subsection><subsection id="H57440D0F57934DD7AA93B62AE913A424"><enum>(c)</enum><header>Definitions</header><text>In this section:</text> <paragraph id="H38AA5CE80B01420E8B6F1E34B23E165B"><enum>(1)</enum><text>The term <term>custodial interrogation</term> means questioning or other conduct by a law enforcement officer which is reasonably likely to elicit an incriminating response from an individual and occurs when reasonable individuals in the same circumstances would consider themselves in custody.</text>
 </paragraph><paragraph id="H2958E334D1F2411384EC12EEE92A7AE0"><enum>(2)</enum><text display-inline="yes-display-inline">The term <term>youth</term> means an individual who is 21 years of age or younger.</text></paragraph></subsection></section></part><after-quoted-block>.</after-quoted-block></quoted-block> </subsection><subsection id="HBF797AE88238482B81AFDA3EF7BC73CE"><enum>(b)</enum><header>Authorization of appropriations</header><text>Section 1001(a) of title I of the Omnibus Crime Control and Safe Streets Act of 1968 (<external-xref legal-doc="usc" parsable-cite="usc/42/3793">42 U.S.C. 3793(a)</external-xref>) is amended by adding at the end the following:</text>
				<quoted-block id="H4635B786AD3D4281878C11D69C1C08C7" style="OLC">
 <paragraph id="H9D9EABB79D864DB79E164A270938BBDC"><enum>(28)</enum><text>There are authorized to be appropriated to carry out part MM such sums as may be necessary for each of the first 5 fiscal years beginning after the date of the enactment of such part.</text></paragraph><after-quoted-block>.</after-quoted-block></quoted-block>
			</subsection></section><section id="H7C3C9ACC69CF48B3A1315EBF5498F6D5"><enum>6.</enum><header>Police-youth interactions</header>
 <subsection id="H731B1F2E61B745C0A75214AFC6BB7AE3"><enum>(a)</enum><header>In general</header><text>Beginning after the end of the implementation period, in the case of a State or unit of local government that received a grant award under subpart 1 of part E of title I of the Omnibus Crime Control and Safe Streets Act of 1968 (<external-xref legal-doc="usc" parsable-cite="usc/42/3750">42 U.S.C. 3750 et seq.</external-xref>), or under part Q of title I of such Act (<external-xref legal-doc="usc" parsable-cite="usc/42/3796dd">42 U.S.C. 3796dd</external-xref>), if that State or unit of local government fails by the end of a fiscal year to substantially comply with the requirements of subsections (c) and (d), the Attorney General shall reduce the amount that would otherwise be awarded to that State or unit of government under such grant program in the following fiscal year by 5 percent.</text>
 </subsection><subsection id="H2A9D3A9DF35A4ADDADE1AEF2D39A66C9"><enum>(b)</enum><header>Reallocation</header><text>Amounts not allocated under a program referred to in subsection (a) to a State for failure to be in compliance with this section shall be reallocated under the program to States that are in compliance with this section.</text>
 </subsection><subsection id="HA68B548CD5134FC8A0901E66C77DB86D"><enum>(c)</enum><header>Police-Youth Interaction Policy</header><text>A State or unit of local government shall have in effect a policy establishing procedures, standards, and training on police-youth interactions that are grounded in evidence-based practices and address, at a minimum, de-escalation, verbal communication, physical contact, use of restraints, use of lethal and nonlethal force, notification of a parent or guardian, interviews and questioning, custodial interrogation, searches, audio and video recording, conditions of custody, alternatives to arrest, diversion and community resources, referral to child protection agencies, removal from school grounds or campus, mental health and crisis intervention, and any needs specific to minority youth.</text>
 </subsection><subsection id="HD0D112A58E30457980CC5B8B0F1FCBBC"><enum>(d)</enum><header>Police-Youth Interaction Training</header><text>A State or unit of local government shall have in effect a policy requiring all law enforcement officers to receive training on the police-youth interaction policy described in subsection (c), and on police-youth interaction and mental health crisis intervention generally, that is equal to the quality and number of hours of training received for firearms and use of force, but not less than 12 hours at the start of employment and 6 hours annually thereafter.</text>
 </subsection><subsection id="HD90BCF3FD7F34EFC8B4087610B5AA97B"><enum>(e)</enum><header>Guidance</header><text>Not later than 1 year after the date of enactment of this Act, the Attorney General shall issue guidance on the establishment of police-youth interaction policies and training in order to assist States and local governments in complying with subsection (a).</text>
 </subsection><subsection id="HC058B342C5EA4D5E963A8B05B44F7EDB"><enum>(f)</enum><header>Implementation period</header><text>The term <term>implementation period</term> means the period beginning on the date of enactment of this Act and ending on the later of—</text> <paragraph id="HC548AAF04DA446D6B7159C8D94C74433"><enum>(1)</enum><text>the date that is 1 year after the date of enactment of this Act; or</text>
 </paragraph><paragraph id="HA219AB3F17004F0D94BF3D19991BF807"><enum>(2)</enum><text>the date that is 1 year after the date on which the Attorney General issues the guidance required under subsection (e).</text>
				</paragraph><continuation-text continuation-text-level="subsection">The Attorney General may extend such period by an additional year not more than once.</continuation-text></subsection></section></legis-body></bill>


