<?xml version="1.0"?>
<?xml-stylesheet type="text/xsl" href="billres.xsl"?>
<!DOCTYPE bill PUBLIC "-//US Congress//DTDs/bill.dtd//EN" "bill.dtd">
<bill bill-stage="Introduced-in-House" bill-type="olc" dms-id="H627CED7236124990968D0962C5A85A3D" key="H" public-private="public"><metadata xmlns:dc="http://purl.org/dc/elements/1.1/">
<dublinCore>
<dc:title>115 HR 661 IH: Employee Fairness and Relief Act of 2017</dc:title>
<dc:publisher>U.S. House of Representatives</dc:publisher>
<dc:date>2017-01-24</dc:date>
<dc:format>text/xml</dc:format>
<dc:language>EN</dc:language>
<dc:rights>Pursuant to Title 17 Section 105 of the United States Code, this file is not subject to copyright protection and is in the public domain.</dc:rights>
</dublinCore>
</metadata>
<form>
<distribution-code display="yes">I</distribution-code><congress display="yes">115th CONGRESS</congress><session display="yes">1st Session</session><legis-num display="yes">H. R. 661</legis-num><current-chamber>IN THE HOUSE OF REPRESENTATIVES</current-chamber><action display="yes"><action-date date="20170124">January 24, 2017</action-date><action-desc><sponsor name-id="G000558">Mr. Guthrie</sponsor> introduced the following bill; which was referred to the <committee-name committee-id="HIF00">Committee on Energy and Commerce</committee-name>, and in addition to the Committee on <committee-name committee-id="HWM00">Ways and Means</committee-name>, for a period to be subsequently determined by the Speaker, in each case for consideration of such
			 provisions as fall within the jurisdiction of the committee concerned</action-desc></action><legis-type>A BILL</legis-type><official-title display="yes">To authorize health insurance issuers to offer for sale previously available health insurance
			 coverage in the small group market in satisfaction of the minimum
			 essential health insurance coverage requirement, and for other purposes.</official-title></form>
	<legis-body id="H66131B67D2A94C83862EF3F579865641" style="OLC">
 <section id="HA3F1D0FC8EDB433D826374ECBE51F4EB" section-type="section-one"><enum>1.</enum><header>Short title</header><text display-inline="no-display-inline">This Act may be cited as the <quote><short-title>Employee Fairness and Relief Act of 2017</short-title></quote>.</text> </section><section id="H194F7722AD064FC5ABAD5D6EDDB79798"><enum>2.</enum><header>Permitting continued offering of pre-ACA health insurance coverage in the small group market</header> <subsection id="H4BE8FAF9A82B46C5ADF7A3BF5B847C52"><enum>(a)</enum><header>In general</header><text display-inline="yes-display-inline">Notwithstanding any provision of the Patient Protection and Affordable Care Act (including any amendment made by such Act or by the Health Care and Education Reconciliation Act of 2010), a health insurance issuer that has in effect health insurance coverage in the small group market on any date during 2013 may offer such coverage for sale on or after the date of the enactment of this Act in such market outside of an Exchange established under section 1311 or 1321 of such Act (<external-xref legal-doc="usc" parsable-cite="usc/42/18031">42 U.S.C. 18031</external-xref>, 18041). Such a group health plan shall not be treated as not complying with the requirements of such Act (or the amendments made by such Acts) insofar as it provides health benefits through health insurance coverage that is permitted under the previous sentence.</text>
 </subsection><subsection id="H8EE374B6704B4625A4530BAB3ABF7AC3"><enum>(b)</enum><header>Treatment as grandfathered health plan in satisfaction of minimum essential coverage</header><text>Health insurance coverage described in subsection (a) shall be treated as a grandfathered health plan for purposes of the amendment made by section 1501(b) of the Patient Protection and Affordable Care Act.</text>
 </subsection><subsection id="H9040BD8ECB6445D8990934B067AFED4C"><enum>(c)</enum><header>Construction</header><text display-inline="yes-display-inline">Nothing in this section shall be construed as affecting the authority of States with respect to the regulation of health insurance coverage in the small group market.</text>
 </subsection><subsection id="HFBB7AF239F4D43A79B56BAF0CFA8A316"><enum>(d)</enum><header>Small group market defined</header><text>In this section, the term <term>small group market</term> has the meaning given such term in section 2791(e)(5) of the Public Health Service Act (<external-xref legal-doc="usc" parsable-cite="usc/42/300gg-91">42 U.S.C. 300gg–91(e)(5)</external-xref>).</text>
			</subsection></section></legis-body></bill>


