<?xml version="1.0"?>
<?xml-stylesheet type="text/xsl" href="billres.xsl"?>
<!DOCTYPE bill PUBLIC "-//US Congress//DTDs/bill.dtd//EN" "bill.dtd">
<bill bill-stage="Introduced-in-House" bill-type="olc" dms-id="H64CE217968DD4D708DCC03226D4EB60A" key="H" public-private="public"><metadata xmlns:dc="http://purl.org/dc/elements/1.1/">
<dublinCore>
<dc:title>115 HR 187 IH: Virgin Islands Visa Waiver Act of 2017</dc:title>
<dc:publisher>U.S. House of Representatives</dc:publisher>
<dc:date>2017-01-03</dc:date>
<dc:format>text/xml</dc:format>
<dc:language>EN</dc:language>
<dc:rights>Pursuant to Title 17 Section 105 of the United States Code, this file is not subject to copyright protection and is in the public domain.</dc:rights>
</dublinCore>
</metadata>
<form>
<distribution-code display="yes">I</distribution-code><congress display="yes">115th CONGRESS</congress><session display="yes">1st Session</session><legis-num display="yes">H. R. 187</legis-num><current-chamber>IN THE HOUSE OF REPRESENTATIVES</current-chamber><action display="yes"><action-date date="20170103">January 3, 2017</action-date><action-desc><sponsor name-id="P000610">Ms. Plaskett</sponsor> introduced the following bill; which was referred to the <committee-name committee-id="HJU00">Committee on the Judiciary</committee-name></action-desc></action><legis-type>A BILL</legis-type><official-title display="yes">To amend the Immigration and Nationality Act to establish the Virgin Islands visa waiver program.</official-title></form>
	<legis-body id="HF33C5EDF329D484CB776D388F20E6C21" style="OLC">
 <section id="H7CD42CBA0B924E8EA650DF13F7113B72" section-type="section-one"><enum>1.</enum><header>Short title</header><text display-inline="no-display-inline">This Act may be cited as the <quote><short-title>Virgin Islands Visa Waiver Act of 2017</short-title></quote>.</text> </section><section id="HAC5A83CC763E483F9F50DCCC7905A789" section-type="subsequent-section"><enum>2.</enum><header>Virgin islands visa waiver program</header> <subsection id="H930CA21F036E42ADBA12F0B9BFDDB9E7"><enum>(a)</enum><header>In general</header><text>Section 212(l) of the Immigration and Nationality Act (<external-xref legal-doc="usc" parsable-cite="usc/8/1182">8 U.S.C. 1182(l)</external-xref>) is amended—</text>
 <paragraph id="HECFBD964AE924B7D84562272B3BA9FC1"><enum>(1)</enum><text display-inline="yes-display-inline">by amending the subsection heading to read as follows: “<header-in-text level="subsection" style="OLC">Guam, Northern Mariana Islands, and Virgin Islands Visa Waiver Programs</header-in-text>.—”; and</text> </paragraph><paragraph id="H6B1DAEAC789D42D1A02C7E5A1FC24F36"><enum>(2)</enum><text>by adding at the end the following:</text>
					<quoted-block id="H8EBA6FB57C8A4D89A73E66B16E20EFC3" style="OLC">
						<paragraph id="HB0343C009BCC48E8892EBED1EB5ED338"><enum>(7)</enum><header>Virgin islands visa waiver program</header>
 <subparagraph id="HA49733253E844E838090BC7EB7CDA6D9"><enum>(A)</enum><header>In general</header><text>The requirement of subsection (a)(7)(B)(i) may be waived by the Secretary of Homeland Security, in the case of an alien who is a national of a country described in subparagraph (B) and who is applying for admission as a nonimmigrant visitor for business or pleasure and solely for entry into and stay in the United States Virgin Islands for a period not to exceed 30 days, if the Secretary of Homeland Security, after consultation with the Secretary of the Interior, the Secretary of State, and the Governor of the United States Virgin Islands, determines that such a waiver does not represent a threat to the welfare, safety, or security of the United States or its territories and commonwealths.</text>
 </subparagraph><subparagraph id="H99743DC753A041F3AA16F6F264325127"><enum>(B)</enum><header>Countries</header><text>A country described in this subparagraph is a country that—</text> <clause id="H60E81557C618455985F7A0B43CEA01C1"><enum>(i)</enum><text>is a member or an associate member of the Caribbean Community (CARICOM); and</text>
 </clause><clause id="H3F4159A5B44B4273A3353B0A2BA44B5B"><enum>(ii)</enum><text>is listed in the regulations described in subparagraph (D).</text> </clause></subparagraph><subparagraph id="H7D5353B904AA420D873CDE298FE0ED10"><enum>(C)</enum><header>Alien waiver of rights</header><text>An alien may not be provided a waiver under this paragraph unless the alien has waived any right—</text>
 <clause id="HAB69BA131A29416DB17D2D4FBD90672F"><enum>(i)</enum><text>to review or appeal under this Act an immigration officer’s determination as to the admissibility of the alien at the port of entry into the United States Virgin Islands; or</text>
 </clause><clause id="HD9175EC2BD824FDC8106BD225EAE7E72"><enum>(ii)</enum><text>to contest, other than on the basis of an application for withholding of removal under section 241(b)(3) of this Act or under the Convention Against Torture, or an application for asylum if permitted under section 208, any action for removal of the alien.</text>
 </clause></subparagraph><subparagraph id="H2D3C97C6A1B34549BA66C82617C19446"><enum>(D)</enum><header>Regulations</header><text>All necessary regulations to implement this paragraph shall be promulgated by the Secretary of Homeland Security, in consultation with the Secretary of the Interior and the Secretary of State, on or before the date that is 1 year after the date of enactment of the Virgin Islands Visa Waiver Act of 2013. The promulgation of such regulations shall be considered a foreign affairs function for purposes of section 553(a) of title 5, United States Code. At a minimum, such regulations should include, but not necessarily be limited to—</text>
 <clause id="HB91449B9C030457C984FABFAC36B2C8C"><enum>(i)</enum><text>a listing of all member or associate member countries of the Caribbean Community (CARICOM) whose nationals may obtain, on a country by country basis, the waiver provided by this paragraph, except that such regulations shall not provide for a listing of any country if the Secretary of Homeland Security determines that such country’s inclusion on such list would represent a threat to the welfare, safety, or security of the United States or its territories and commonwealths; and</text>
 </clause><clause id="H0C9007DD3A7742D9A2F82FA68973FDDA"><enum>(ii)</enum><text>any bonding requirements for nationals of some or all of those countries who may present an increased risk of overstays or other potential problems, if different from such requirements otherwise provided by law for nonimmigrant visitors.</text>
 </clause></subparagraph><subparagraph id="H3D71D77CDBFC41D1A6ECFBDA7CF66404"><enum>(E)</enum><header>Factors</header><text>In determining whether to grant or continue providing the waiver under this paragraph to nationals of any country, the Secretary of Homeland Security, in consultation with the Secretary of the Interior and the Secretary of State, shall consider all factors that the Secretary deems relevant, including electronic travel authorizations, procedures for reporting lost and stolen passports, repatriation of aliens, rates of refusal for nonimmigrant visitor visas, overstays, exit systems, and information exchange.</text>
 </subparagraph><subparagraph id="HDAC78BF60C414D6FBDE6ED7296347A2F"><enum>(F)</enum><header>Suspension</header><text>The Secretary of Homeland Security shall monitor the admission of nonimmigrant visitors to the United States Virgin Islands under this paragraph. If the Secretary determines that such admissions have resulted in an unacceptable number of visitors from a country remaining unlawfully in the United States Virgin Islands, unlawfully obtaining entry to other parts of the United States, or seeking withholding of removal or asylum, or that visitors from a country pose a risk to law enforcement or security interests of the United States Virgin Islands or of the United States (including the interest in the enforcement of the immigration laws of the United States), the Secretary shall suspend the admission of nationals of such country under this paragraph. The Secretary of Homeland Security may in the Secretary’s discretion suspend the United States Virgin Islands visa waiver program at any time, on a country-by-country basis, for other good cause.</text>
 </subparagraph><subparagraph id="HBDF810A11784481CA193EC8AA0D031DB"><enum>(G)</enum><header>Addition of countries</header><text>The Governor of the United States Virgin Islands may request the Secretary of the Interior and the Secretary of Homeland Security to add a particular country to the list of countries whose nationals may obtain the waiver provided by this paragraph, and the Secretary of Homeland Security may grant such request after consultation with the Secretary of the Interior and the Secretary of State, and may promulgate regulations with respect to the inclusion of that country and any special requirements the Secretary of Homeland Security, in the Secretary’s sole discretion, may impose prior to allowing nationals of that country to obtain the waiver provided by this paragraph.</text></subparagraph></paragraph><after-quoted-block>.</after-quoted-block></quoted-block>
				</paragraph></subsection><subsection id="H9B7CFCFC814840E49936F418A3F67C20"><enum>(b)</enum><header>Conforming amendments</header>
 <paragraph id="H5E7E0630254842EC8CD52AAA038FE07F"><enum>(1)</enum><header>Documentation requirements</header><text>Section 212(a)(7)(iii) of the Immigration and Nationality Act (<external-xref legal-doc="usc" parsable-cite="usc/8/1182">8 U.S.C. 1182(a)(7)(iii)</external-xref>) is amended to read as follows:</text>
					<quoted-block id="H316077A48CFD4324933C3364402C4099" style="OLC">
 <clause id="H7003E8E2420446A0BF41670D295E0480"><enum>(iii)</enum><header>Special visa waiver programs</header><text>For a provision authorizing waiver of clause (i) in the case of visitors to Guam, the Commonwealth of the Northern Mariana Islands, or the United States Virgin Islands, see subsection (l).</text></clause><after-quoted-block>.</after-quoted-block></quoted-block>
 </paragraph><paragraph id="HBD5DE3830FA540378EABA06A8636A572"><enum>(2)</enum><header>Admission of nonimmigrants</header><text>Section 214(a)(1) of such Act (<external-xref legal-doc="usc" parsable-cite="usc/8/1184">8 U.S.C. 1184(a)(1)</external-xref>) is amended by inserting before the final sentence the following: <quote>No alien admitted to the United States Virgin Islands without a visa pursuant to section 212(l)(7) may be authorized to enter or stay in the United States other than in the United States Virgin Islands or to remain in the United States Virgin Islands for a period exceeding 30 days from date of admission to the United States Virgin Islands.</quote>.</text>
				</paragraph></subsection></section></legis-body></bill>


