<?xml version="1.0"?>
<?xml-stylesheet type="text/xsl" href="billres.xsl"?>
<!DOCTYPE bill PUBLIC "-//US Congress//DTDs/bill.dtd//EN" "bill.dtd">
<bill bill-stage="Introduced-in-House" bill-type="olc" dms-id="HE7A5574F926B41E8B800A5603DA2E99F" key="H" public-private="public"><metadata xmlns:dc="http://purl.org/dc/elements/1.1/">
<dublinCore>
<dc:title>115 HR 149 IH: Veterans, Women, Families with Children, Race, and Persons with Disabilities Housing Fairness Act of 2017</dc:title>
<dc:publisher>U.S. House of Representatives</dc:publisher>
<dc:date>2017-01-03</dc:date>
<dc:format>text/xml</dc:format>
<dc:language>EN</dc:language>
<dc:rights>Pursuant to Title 17 Section 105 of the United States Code, this file is not subject to copyright protection and is in the public domain.</dc:rights>
</dublinCore>
</metadata>
<form>
<distribution-code display="yes">I</distribution-code><congress display="yes">115th CONGRESS</congress><session display="yes">1st Session</session><legis-num display="yes">H. R. 149</legis-num><current-chamber>IN THE HOUSE OF REPRESENTATIVES</current-chamber><action display="yes"><action-date date="20170103">January 3, 2017</action-date><action-desc><sponsor name-id="G000553">Mr. Al Green of Texas</sponsor> introduced the following bill; which was referred to the <committee-name committee-id="HBA00">Committee on Financial Services</committee-name></action-desc></action><legis-type>A BILL</legis-type><official-title display="yes">To authorize funds to prevent housing discrimination through the use of nationwide testing, to
			 increase funds for the Fair Housing Initiatives Program, and for other
			 purposes.</official-title></form>
	<legis-body id="H60FBD02439F747778019C0E2A24818EA" style="OLC">
 <section id="H27EB445F17294D4A9D65E88BDCCDE4C7" section-type="section-one"><enum>1.</enum><header>Short title</header><text display-inline="no-display-inline">This Act may be cited as the <quote><short-title>Veterans, Women, Families with Children, Race, and Persons with Disabilities Housing Fairness Act of 2017</short-title></quote> or the <quote><short-title>Housing Fairness Act of 2017</short-title></quote>.</text>
		</section><section id="H130E8608D2714F4E9FA561E29925585D"><enum>2.</enum><header>Testing for discrimination</header>
 <subsection id="H26E24A417BA74087B947FEFA628CFB69"><enum>(a)</enum><header>In General</header><text>The Secretary of Housing and Urban Development shall conduct a nationwide program of testing to—</text> <paragraph id="H3DEA927CAB0B4686959BFE600855A908"><enum>(1)</enum><text>detect and document differences in the treatment of persons seeking to rent or purchase housing or obtain or refinance a home mortgage loan, and measure patterns of adverse treatment because of the race, color, religion, sex, familial status, disability status, or national origin of a renter, home buyer, or borrower; and</text>
 </paragraph><paragraph id="H90272A843EBD4383AB4E94CD4116A227"><enum>(2)</enum><text>measure the prevalence of such discriminatory practices across the housing and mortgage lending markets as a whole.</text>
 </paragraph></subsection><subsection id="HF2C96CD3B7DD4ED29688AC05F73456CB"><enum>(b)</enum><header>Administration</header><text>The Secretary of Housing and Urban Development shall enter into agreements with qualified fair housing enforcement organizations, as such organizations are defined under subsection (h) of section 561 of the Housing and Community Development Act of 1987 (<external-xref legal-doc="usc" parsable-cite="usc/42/3616a">42 U.S.C. 3616a(h)</external-xref>), for the purpose of conducting the testing required under subsection (a).</text>
 </subsection><subsection display-inline="no-display-inline" id="HC4EE6D0FDA894C97AE974CB3F48054FF"><enum>(c)</enum><header>Program requirements</header><text display-inline="yes-display-inline">The Secretary shall—</text> <paragraph id="H3AA2975D43B743969E9D777CBC852BDA"><enum>(1)</enum><text display-inline="yes-display-inline">submit to the Congress an evaluation by the Secretary of the effectiveness of the program under this section; and</text>
 </paragraph><paragraph id="H65A2D56396004071B848888C14592FF7"><enum>(2)</enum><text>issue regulations that require each application for the program under this section to contain—</text> <subparagraph id="H27BF85DDDE394CD98F407C409400ECF7"><enum>(A)</enum><text>a description of the assisted activities proposed to be undertaken by the applicant;</text>
 </subparagraph><subparagraph id="HAC057B60E98843AAB0591071610B3F68"><enum>(B)</enum><text>a description of the experience of the applicant in formulating or carrying out programs to carry out the activities described in subsection (a); and</text>
 </subparagraph><subparagraph id="HF08189A7972146DDA70E49496DCE7AB7"><enum>(C)</enum><text>a description of proposed procedures to be used by the applicant for evaluating the results of the activities proposed to be carried out under the program.</text>
 </subparagraph></paragraph></subsection><subsection id="H2171976F8678448E90196EFF67B0E4F6"><enum>(d)</enum><header>Report</header><text>The Secretary of Housing and Urban Development shall report to Congress—</text> <paragraph id="HC92D3A0BBF08421DA31D238C0D552058"><enum>(1)</enum><text>on a biennial basis, the aggregate outcomes of testing required under subsection (a) along with any recommendations or proposals for legislative or administrative action to address any issues raised by such testing; and</text>
 </paragraph><paragraph id="H0244FD8E3EBD4440B7E12FF0AFD4ABE2"><enum>(2)</enum><text display-inline="yes-display-inline">on an annual basis, a detailed summary of the messages received by the Office of Fair Housing and Equal Opportunity of the Department through its 24-hour toll-free telephone hotline, through electronic mail, and through its website.</text>
				</paragraph><continuation-text continuation-text-level="subsection">The Secretary may submit the reports required under paragraph (1) of this subsection as part of the
			 reports prepared in accordance with paragraphs (2) and (6) of section
			 808(e) of the Fair Housing Act (<external-xref legal-doc="usc" parsable-cite="usc/42/3608">42 U.S.C. 3608(e)</external-xref>) and section 561(j) of
 the Housing and Community Development Act of 1987 (<external-xref legal-doc="usc" parsable-cite="usc/42/3616a">42 U.S.C. 3616a(j)</external-xref>).</continuation-text></subsection><subsection id="HA52D5C5DACEE4A6F82E0D8D802ED0F5B"><enum>(e)</enum><header>Use of Results</header><text display-inline="yes-display-inline">The results of any testing required under subsection (a) may be used as the basis for the Secretary, or any Federal agency authorized to bring such an enforcement action, or any State or local government or agency, public or private nonprofit organization or institution, or other public or private entity that the Secretary has entered into a contract or cooperative agreement with under section 561 of the Housing and Community Development Act of 1987 (<external-xref legal-doc="usc" parsable-cite="usc/42/3616a">42 U.S.C. 3616a</external-xref>) to commence, undertake, or pursue any investigation or enforcement action to remedy any discriminatory housing practice (as such term is defined in section 802 of the Fair Housing Act (<external-xref legal-doc="usc" parsable-cite="usc/42/3602">42 U.S.C. 3602</external-xref>)) uncovered as a result of such testing.</text>
 </subsection><subsection id="H19D9C106E1EF42CE88A8ED2EEE57D07A"><enum>(f)</enum><header>Definitions</header><text>As used in this section:</text> <paragraph id="HE7F2A9D5EAEF455BBFE32A8435208238"><enum>(1)</enum><header>Disability status</header><text>The term <term>disability status</term> has the same meaning given the term <term>handicap</term> in section 802 of the Civil Rights Act of 1968 (<external-xref legal-doc="usc" parsable-cite="usc/42/3602">42 U.S.C. 3602</external-xref>).</text>
 </paragraph><paragraph id="H6DF2B462E551428D851CF3E200972203"><enum>(2)</enum><header>Familial status</header><text>The term <term>familial status</term> has the same meaning given that term in section 802 of the Civil Rights Act of 1968 (<external-xref legal-doc="usc" parsable-cite="usc/42/3602">42 U.S.C. 3602</external-xref>).</text>
 </paragraph></subsection><subsection display-inline="no-display-inline" id="H6F6D6D6B98FB48528CBDAB74E2EB6F31"><enum>(g)</enum><header>Relationship to other laws</header><text>Nothing in this section may be construed to amend, alter, or affect any provision of criminal law or the Truth in Lending Act (<external-xref legal-doc="usc" parsable-cite="usc/15/1601">15 U.S.C. 1601 et seq.</external-xref>).</text>
 </subsection><subsection display-inline="no-display-inline" id="H039A8906ED264207A24C7D50C472C46F"><enum>(h)</enum><header>Regulations</header><text>Not later than the expiration of the 180-day period beginning on the date of the enactment of this Act, the Secretary of Housing and Urban Development shall issue regulations that establish minimum standards for the training of testers of organizations conducting testing required under subsection (a). Such regulations shall serve as the basis of an evaluation of such testers, which shall be developed by the Secretary, and such regulations shall be issued after notice and an opportunity for public comment in accordance with the procedure under section 553 of title 5, United States Code, applicable to substantive rules (notwithstanding subsections (a)(2), (b)(3)(B), and (d)(3) of such section).</text>
 </subsection><subsection id="H4EDC1253D13A475582B8BA23EF41D915"><enum>(i)</enum><header>Authorization of Appropriations</header><text>There are authorized to be appropriated to carry out the provisions of this section $15,000,000 for each of fiscal years 2018 through 2022.</text>
			</subsection></section><section id="HEC4196BB7F284C50B7E28B5C6FDF9638"><enum>3.</enum><header>Increase in funding for the Fair Housing Initiatives Program</header>
 <subsection id="H83F19C507F804EA3B5DE343B028BCD0A"><enum>(a)</enum><header>In general</header><text display-inline="yes-display-inline">Section 561 of the Housing and Community Development Act of 1987 (<external-xref legal-doc="usc" parsable-cite="usc/42/3616a">42 U.S.C. 3616a</external-xref>) is amended—</text> <paragraph id="H3E6EED354BBD4843BC04B748D5D60494"><enum>(1)</enum><text>in subsection (b)—</text>
 <subparagraph id="H5E2EF28295CC4FCC9B2FF6E9E7987764"><enum>(A)</enum><text>in paragraph (1), by inserting <quote>qualified</quote> before <quote>private nonprofit fair housing enforcement organizations,</quote>; and</text> </subparagraph><subparagraph id="HA1FB1F3E5D6F4D06ABB69371F32F3599"><enum>(B)</enum><text>in paragraph (2), by inserting <quote>qualified</quote> before <quote>private nonprofit fair housing enforcement organizations,</quote>;</text>
 </subparagraph></paragraph><paragraph id="HED924129757B43BAA6914964E6B47F3A"><enum>(2)</enum><text>by striking subsection (g) and inserting the following:</text> <quoted-block id="H148A2AEB63BD496A911ABC635AC608AC" style="OLC"> <subsection id="H8E547B89CE9B4A8BA4D65F7AD91C0FFB"><enum>(g)</enum><header>Authorization of Appropriations</header> <paragraph id="H394739392E584FF1985D7E7A1D90763A"><enum>(1)</enum><header>In general</header><text>There are authorized to be appropriated to carry out the provisions of this section $42,500,000 for each of fiscal years 2015 through 2019, of which—</text>
 <subparagraph id="H9CCA12F49B83411BACAB81DD9E4EEF8D"><enum>(A)</enum><text>not less than 75 percent of such amounts shall be for private enforcement initiatives authorized under subsection (b);</text>
 </subparagraph><subparagraph id="H4864F6354A474D1FBBF8BC3C6608ABC6"><enum>(B)</enum><text>not more than 10 percent of such amounts shall be for education and outreach programs under subsection (d); and</text>
 </subparagraph><subparagraph id="H72A9081F15384CF88A05FFFCA7B730E2"><enum>(C)</enum><text>any remaining amounts shall be used for program activities authorized under this section.</text> </subparagraph></paragraph><paragraph id="H21B4365251BA4BE6B545A94938F67E6F"><enum>(2)</enum><header>Availability</header><text>Any amount appropriated under this section shall remain available until expended to carry out the provisions of this section.</text></paragraph></subsection><after-quoted-block>;</after-quoted-block></quoted-block>
 </paragraph><paragraph id="HD71F1D08C21049FDA05761144EAA1554"><enum>(3)</enum><text>in subsection (h), in the matter following subparagraph (C), by inserting <quote>and meets the criteria described in subparagraphs (A) and (C)</quote> after <quote>subparagraph (B)</quote>; and</text> </paragraph><paragraph id="H90DC98AEFF7845F9B1BB8AF3B2EC3947"><enum>(4)</enum><text>in subsection (d)—</text>
 <subparagraph id="H03409B2F0624463AB3E037FA821C0BB0"><enum>(A)</enum><text>in paragraph (1)—</text> <clause id="HA8537E2B5C99423C961395ED141AB7ED"><enum>(i)</enum><text>in subparagraph (C), by striking <quote>and</quote> at the end;</text>
 </clause><clause id="H99A2026740044430BB27A05CD16862EE"><enum>(ii)</enum><text>in subparagraph (D), by striking the period and inserting <quote>; and</quote>; and</text> </clause><clause id="H44196B9DCF2947AFB88F8F249FD3612C"><enum>(iii)</enum><text>by adding after subparagraph (D) the following new subparagraph:</text>
							<quoted-block id="H5E3F1DCDAC3E414891E44B2B7DFD3621" style="OLC">
 <subparagraph id="HA3549B10B81F4C0087078519822E879B"><enum>(E)</enum><text>websites and other media outlets.</text></subparagraph><after-quoted-block>;</after-quoted-block></quoted-block> </clause></subparagraph><subparagraph id="H1389F9B719264FAE867CAE016FE1EE1F"><enum>(B)</enum><text>in paragraph (2), by striking <quote>or other public or private entities</quote> and inserting <quote>or other public or private nonprofit entities</quote>; and</text>
 </subparagraph><subparagraph id="H7C9F2A1E0EEB407A89303072693BE4BF"><enum>(C)</enum><text>in paragraph (3), by striking <quote>or other public or private entities</quote> and inserting <quote>or other public or private nonprofit entities</quote>.</text> </subparagraph></paragraph></subsection><subsection display-inline="no-display-inline" id="HB16F03BFA64346118DD32126D2CE3E84"><enum>(b)</enum><header>Regulations</header><text display-inline="yes-display-inline">Not later than the expiration of the 180-day period beginning on the date of the enactment of this Act, the Secretary of Housing and Urban Development shall issue regulations that establish minimum standards for the training of testers of organizations funded with any amounts made available to carry out this section for any of fiscal years 2015 through 2019. Such regulations shall serve as the basis of an evaluation of such testers, which shall be developed by the Secretary, and shall be issued after notice and an opportunity for public comment in accordance with the procedure under section 553 of title 5, United States Code, applicable to substantive rules (notwithstanding subsections (a)(2), (b)(3)(B), and (d)(3) of such section).</text>
 </subsection></section><section id="H662E37A6EDDD4313BA95D7D16ADCC1C5"><enum>4.</enum><header>Sense of Congress</header><text display-inline="no-display-inline">It is the sense of Congress that the Secretary of Housing and Urban Development should—</text> <paragraph id="H860B1E48A3AC48E9A13058853D564CB0"><enum>(1)</enum><text>fully comply with the requirements of section 561(d) of the Housing and Community Development Act of 1987 (<external-xref legal-doc="usc" parsable-cite="usc/42/3616a">42 U.S.C. 3616a(d)</external-xref>) to establish, design, and maintain a national education and outreach program to provide a centralized, coordinated effort for the development and dissemination of the fair housing rights of individuals who seek to rent, purchase, sell, or facilitate the sale of a home;</text>
 </paragraph><paragraph id="HA802C43A04CF497DAD40C9EA5DA7B4EA"><enum>(2)</enum><text display-inline="yes-display-inline">expend for such education and outreach programs all amounts appropriated for such programs;</text> </paragraph><paragraph id="HE01987C0E29A4F268D81D500D89DFB90"><enum>(3)</enum><text>promulgate regulations regarding the fair housing obligations of each recipient of Federal housing and community development funds to affirmatively further fair housing, as that term is defined under title VIII of the Civil Rights Act of 1968 (<external-xref legal-doc="usc" parsable-cite="usc/42/3601">42 U.S.C. 3601 et seq.</external-xref>); and</text>
 </paragraph><paragraph id="HDAD7C0E38728435D8B249F92A04F4FB6"><enum>(4)</enum><text display-inline="yes-display-inline">fully comply with the requirements of section 810(a) of the Fair Housing Act (<external-xref legal-doc="usc" parsable-cite="usc/42/3610">42 U.S.C. 3610(a)</external-xref>).</text> </paragraph></section><section id="H72E734599CA44FDF970A73A9EE05AE37"><enum>5.</enum><header>Grants to private entities to study housing discrimination</header> <subsection id="H59CB1585C2084C1BB91F700EE9909129"><enum>(a)</enum><header>Grant Program</header><text>The Secretary of Housing and Urban Development shall carry out a competitive matching grant program to assist public and private nonprofit organizations in—</text>
 <paragraph id="H2972A1EEC2FF494480610A897185E192"><enum>(1)</enum><text>conducting comprehensive studies that examine—</text> <subparagraph id="H83C0E4B9AE714D5FAB085A49F2AE8F02"><enum>(A)</enum><text>the causes of housing discrimination and segregation;</text>
 </subparagraph><subparagraph id="H6D77D5C9DFB248109A44EA84190BB0D0"><enum>(B)</enum><text>the effects of housing discrimination and segregation on education, poverty, and economic development; or</text>
 </subparagraph><subparagraph id="HFDFB5554061241D78B8369AE832136EF"><enum>(C)</enum><text display-inline="yes-display-inline">the incidences, causes, and effects of housing discrimination and segregation on veterans and military personnel; and</text>
 </subparagraph></paragraph><paragraph id="H8BDCB4CC1CDB465A86BCDBCF3C483697"><enum>(2)</enum><text>implementing pilot projects that test solutions that will help prevent or alleviate housing discrimination and segregation.</text>
 </paragraph></subsection><subsection id="H1A71ED1A038A490983FAAB0C7FB4CB0E"><enum>(b)</enum><header>Eligibility</header><text>To be eligible to receive a grant under this section, a public or private nonprofit organization shall—</text>
 <paragraph id="H308997CB86354409A53D90BF6CAC8D29"><enum>(1)</enum><text>submit an application to the Secretary of Housing and Urban Development, containing such information as the Secretary shall require;</text>
 </paragraph><paragraph id="H08B5C1B428D34B89A8FFC192A2E54139"><enum>(2)</enum><text>agree to provide matching non-Federal funds for 50 percent of the total amount of the grant, which matching funds may include items donated on an in-kind contribution basis; and</text>
 </paragraph><paragraph id="HABA5E1944AC143498FE259AB60D8C1B8"><enum>(3)</enum><text display-inline="yes-display-inline">meet the requirements of a qualified fair housing enforcement organization, as such term is defined in section 561(h) of the Housing and Community Development Act of 1987 (<external-xref legal-doc="usc" parsable-cite="usc/42/3616a">42 U.S.C. 3616a(h)</external-xref>), or subcontract with a qualified fair housing enforcement organization as a primary subcontractor.</text>
 </paragraph></subsection><subsection id="H4251BE0ACCA2412FB419E014F4E39EF2"><enum>(c)</enum><header>Report</header><text display-inline="yes-display-inline">The Secretary of Housing and Urban Development shall submit a report to the Congress on a biennial basis that provides a detailed summary of the results of the comprehensive studies and pilot projects carried out under subsection (a), together with any recommendations or proposals for legislative or administrative actions to address any issues raised by such studies. The Secretary may submit the reports required under this subsection as part of the reports prepared in accordance with paragraphs (2) and (6) of section 808(e) of the Fair Housing Act (<external-xref legal-doc="usc" parsable-cite="usc/42/3608">42 U.S.C. 3608(e)</external-xref>) and section 561(j) of the Housing and Community Development Act of 1987 (<external-xref legal-doc="usc" parsable-cite="usc/42/3616a">42 U.S.C. 3616a(j)</external-xref>).</text>
 </subsection><subsection id="HE3A879905EDB4A448EF76508D1316E54"><enum>(d)</enum><header>Authorization of Appropriations</header><text>There are authorized to be appropriated to carry out the provisions of this section $5,000,000 for each of fiscal years 2018 through 2022.</text>
 </subsection></section><section id="HE1276D7F521F4A93BA430172C1469747"><enum>6.</enum><header>Limitation on use of funds</header><text display-inline="no-display-inline">None of the funds made available under this Act, or the amendments made by this Act, may be used for any political activities, political advocacy, or lobbying (as such terms are defined by Circular A–122 of the Office of Management and Budget, entitled <quote>Cost Principles for Non-Profit Organizations</quote>), or for expenses for travel to engage in political activities or preparation of or provision of advice on tax returns.</text>
		</section></legis-body></bill>


