<?xml version="1.0"?>
<?xml-stylesheet type="text/xsl" href="billres.xsl"?>
<!DOCTYPE bill PUBLIC "-//US Congress//DTDs/bill.dtd//EN" "bill.dtd">
<bill bill-stage="Introduced-in-House" bill-type="olc" dms-id="HE81BCE0B91B7407A9D935B7404EAA0D3" key="H" public-private="public"><metadata xmlns:dc="http://purl.org/dc/elements/1.1/">
<dublinCore>
<dc:title>115 HR 544 IH: Private Corrado Piccoli Purple Heart Preservation Act</dc:title>
<dc:publisher>U.S. House of Representatives</dc:publisher>
<dc:date>2017-01-13</dc:date>
<dc:format>text/xml</dc:format>
<dc:language>EN</dc:language>
<dc:rights>Pursuant to Title 17 Section 105 of the United States Code, this file is not subject to copyright protection and is in the public domain.</dc:rights>
</dublinCore>
</metadata>
<form>
<distribution-code display="yes">I</distribution-code><congress display="yes">115th CONGRESS</congress><session display="yes">1st Session</session><legis-num display="yes">H. R. 544</legis-num><current-chamber>IN THE HOUSE OF REPRESENTATIVES</current-chamber><action display="yes"><action-date date="20170113">January 13, 2017</action-date><action-desc><sponsor name-id="C001094">Mr. Cook</sponsor> (for himself, <cosponsor name-id="B000490">Mr. Bishop of Georgia</cosponsor>, <cosponsor name-id="C001080">Ms. Judy Chu of California</cosponsor>, <cosponsor name-id="J000290">Ms. Jenkins of Kansas</cosponsor>, <cosponsor name-id="P000611">Mr. Poliquin</cosponsor>, and <cosponsor name-id="D000628">Mr. Dunn</cosponsor>) introduced the following bill; which was referred to the <committee-name committee-id="HJU00">Committee on the Judiciary</committee-name></action-desc></action><legis-type>A BILL</legis-type><official-title display="yes">To amend title 18, United States Code, to provide for penalties for the sale of any Purple Heart
			 awarded to a member of the Armed Forces.</official-title></form>
	<legis-body id="HDAB88C3A066441EFA8DA91723C4C81B1" style="OLC">
 <section id="H509F27CE38904D7BA717B9A3E5379291" section-type="section-one"><enum>1.</enum><header>Short title</header><text display-inline="no-display-inline">This Act may be cited as the <quote><short-title>Private Corrado Piccoli Purple Heart Preservation Act</short-title></quote>.</text> </section><section id="HAFA36117CC6844FDB6A9FA8D272D35BB"><enum>2.</enum><header>Findings</header><text display-inline="no-display-inline">Congress finds the following:</text>
 <paragraph id="H66F3E2D063284113810E548E42C952FC"><enum>(1)</enum><text>The Purple Heart medal solemnly recognizes the great and sometimes ultimate sacrifice of American servicemembers like Private Corrado Piccoli.</text>
 </paragraph><paragraph id="HEAF11DF99B7647A2A22A93DE4013B0C3"><enum>(2)</enum><text>The Purple Heart medal holds a place of honor as the national symbol of this sacrifice and deserves special protections.</text>
 </paragraph></section><section id="H441D2AEEB16945599C6AFEAB047ADF5B" section-type="subsequent-section"><enum>3.</enum><header>Penalty for sale of Purple Hearts awarded to members of the Armed Forces</header><text display-inline="no-display-inline">Subsection (a) of section 704 of title 18, United States Code, is amended to read as follows:</text> <quoted-block display-inline="no-display-inline" id="H14444F1D0DA141CE98A93265F5AF976D" style="USC"> <subsection id="H8CD225EA86AA470D96B11899148357E7"><enum>(a)</enum><header>In general</header> <paragraph id="H85F21741E68349B086322F7E34B14F51"><enum>(1)</enum><header>Penalty</header><text display-inline="yes-display-inline">Whoever knowingly purchases, attempts to purchase, solicits for purchase, mails, ships, imports, exports, produces blank certificates of receipt for, manufactures, sells, attempts to sell, advertises for sale, trades, barters, or exchanges for anything of value any decoration or medal authorized by Congress for the armed forces of the United States, or any of the service medals or badges awarded to the members of such forces, or the ribbon, button, or rosette of any such badge, decoration or medal, or any colorable imitation thereof, except when authorized under regulations made pursuant to law, shall be fined under this title or imprisoned not more than six months, or both.</text>
 </paragraph><paragraph id="H5CE7796AA9694E6A94B048EC3DA4D9D9"><enum>(2)</enum><header>Limitation on regulations</header><text>Regulations referred to in paragraph (1) may not authorize the sale of any Purple Heart awarded to a member of the armed forces or former member of the armed forces by the Secretary of the military department concerned.</text></paragraph></subsection><after-quoted-block>.</after-quoted-block></quoted-block>
		</section></legis-body></bill>


