<?xml version="1.0"?>
<?xml-stylesheet type="text/xsl" href="billres.xsl"?>
<!DOCTYPE bill PUBLIC "-//US Congress//DTDs/bill.dtd//EN" "bill.dtd">
<bill bill-stage="Introduced-in-House" bill-type="olc" dms-id="HC1EC20F846724097A5F530E73FEF7CBB" key="H" public-private="public"><metadata xmlns:dc="http://purl.org/dc/elements/1.1/">
<dublinCore>
<dc:title>115 HR 400 IH: Stop Dangerous Sanctuary Cities Act</dc:title>
<dc:publisher>U.S. House of Representatives</dc:publisher>
<dc:date>2017-01-10</dc:date>
<dc:format>text/xml</dc:format>
<dc:language>EN</dc:language>
<dc:rights>Pursuant to Title 17 Section 105 of the United States Code, this file is not subject to copyright protection and is in the public domain.</dc:rights>
</dublinCore>
</metadata>
<form>
<distribution-code display="yes">I</distribution-code><congress display="yes">115th CONGRESS</congress><session display="yes">1st Session</session><legis-num display="yes">H. R. 400</legis-num><current-chamber>IN THE HOUSE OF REPRESENTATIVES</current-chamber><action display="yes"><action-date date="20170110">January 10, 2017</action-date><action-desc><sponsor name-id="B001273">Mrs. Black</sponsor> (for herself, <cosponsor name-id="A000372">Mr. Allen</cosponsor>, <cosponsor name-id="A000369">Mr. Amodei</cosponsor>, <cosponsor name-id="B001291">Mr. Babin</cosponsor>, <cosponsor name-id="B001243">Mrs. Blackburn</cosponsor>, <cosponsor name-id="B001290">Mr. Brat</cosponsor>, <cosponsor name-id="B001283">Mr. Bridenstine</cosponsor>, <cosponsor name-id="B001274">Mr. Brooks of Alabama</cosponsor>, <cosponsor name-id="B001297">Mr. Buck</cosponsor>, <cosponsor name-id="B001275">Mr. Bucshon</cosponsor>, <cosponsor name-id="B001289">Mr. Byrne</cosponsor>, <cosponsor name-id="C001103">Mr. Carter of Georgia</cosponsor>, <cosponsor name-id="C001094">Mr. Cook</cosponsor>, <cosponsor name-id="C001096">Mr. Cramer</cosponsor>, <cosponsor name-id="D000626">Mr. Davidson</cosponsor>, <cosponsor name-id="D000616">Mr. DesJarlais</cosponsor>, <cosponsor name-id="F000459">Mr. Fleischmann</cosponsor>, <cosponsor name-id="F000461">Mr. Flores</cosponsor>, <cosponsor name-id="F000448">Mr. Franks of Arizona</cosponsor>, <cosponsor name-id="G000563">Mr. Gibbs</cosponsor>, <cosponsor name-id="G000552">Mr. Gohmert</cosponsor>, <cosponsor name-id="G000565">Mr. Gosar</cosponsor>, <cosponsor name-id="G000577">Mr. Graves of Louisiana</cosponsor>, <cosponsor name-id="G000546">Mr. Graves of Missouri</cosponsor>, <cosponsor name-id="G000560">Mr. Graves of Georgia</cosponsor>, <cosponsor name-id="G000576">Mr. Grothman</cosponsor>, <cosponsor name-id="H001052">Mr. Harris</cosponsor>, <cosponsor name-id="H001036">Mr. Hensarling</cosponsor>, <cosponsor name-id="H001071">Mr. Jody B. Hice of Georgia</cosponsor>, <cosponsor name-id="K000376">Mr. Kelly of Pennsylvania</cosponsor>, <cosponsor name-id="J000174">Mr. Sam Johnson of Texas</cosponsor>, <cosponsor name-id="J000255">Mr. Jones</cosponsor>, <cosponsor name-id="J000295">Mr. Joyce of Ohio</cosponsor>, <cosponsor name-id="L000578">Mr. LaMalfa</cosponsor>, <cosponsor name-id="L000564">Mr. Lamborn</cosponsor>, <cosponsor name-id="L000576">Mr. Long</cosponsor>, <cosponsor name-id="M001179">Mr. Marino</cosponsor>, <cosponsor name-id="M001177">Mr. McClintock</cosponsor>, <cosponsor name-id="M001187">Mr. Meadows</cosponsor>, <cosponsor name-id="O000168">Mr. Olson</cosponsor>, <cosponsor name-id="P000601">Mr. Palazzo</cosponsor>, <cosponsor name-id="P000606">Mr. Pittenger</cosponsor>, <cosponsor name-id="R000586">Mr. Renacci</cosponsor>, <cosponsor name-id="R000582">Mr. Roe of Tennessee</cosponsor>, <cosponsor name-id="R000575">Mr. Rogers of Alabama</cosponsor>, <cosponsor name-id="S001183">Mr. Schweikert</cosponsor>, <cosponsor name-id="S000583">Mr. Smith of Texas</cosponsor>, <cosponsor name-id="W000814">Mr. Weber of Texas</cosponsor>, <cosponsor name-id="Y000065">Mr. Yoho</cosponsor>, <cosponsor name-id="R000601">Mr. Ratcliffe</cosponsor>, <cosponsor name-id="H001067">Mr. Hudson</cosponsor>, <cosponsor name-id="P000599">Mr. Posey</cosponsor>, <cosponsor name-id="L000566">Mr. Latta</cosponsor>, <cosponsor name-id="S001189">Mr. Austin Scott of Georgia</cosponsor>, <cosponsor name-id="D000615">Mr. Duncan of South Carolina</cosponsor>, <cosponsor name-id="K000392">Mr. Kustoff of Tennessee</cosponsor>, <cosponsor name-id="J000297">Mr. Jenkins of West Virginia</cosponsor>, <cosponsor name-id="M001158">Mr. Marchant</cosponsor>, <cosponsor name-id="C000266">Mr. Chabot</cosponsor>, and <cosponsor name-id="C001108">Mr. Comer</cosponsor>) introduced the following bill; which was referred to the <committee-name committee-id="HJU00">Committee on the Judiciary</committee-name>, and in addition to the Committees on <committee-name committee-id="HPW00">Transportation and Infrastructure</committee-name>, and <committee-name committee-id="HBA00">Financial Services</committee-name>, for a period to be subsequently determined by the Speaker, in each case for consideration of such
			 provisions as fall within the jurisdiction of the committee concerned</action-desc></action><legis-type>A BILL</legis-type><official-title display="yes">To ensure that State and local law enforcement may cooperate with Federal officials to protect our
			 communities from violent criminals and suspected terrorists who are
			 illegally present in the United States.</official-title></form>
	<legis-body id="HF67D825B4C36489094C45CC8FEF42B53" style="OLC">
 <section id="H0BE91E23B7BE446288A9A79ABE51AF96" section-type="section-one"><enum>1.</enum><header>Short title</header><text display-inline="no-display-inline">This Act may be cited as the <quote><short-title>Stop Dangerous Sanctuary Cities Act</short-title></quote>.</text> </section><section id="HAE297D17C3C9405491540053AFB3E17E"><enum>2.</enum><header>Ensuring that local and Federal law enforcement officers may cooperate to safeguard our communities</header> <subsection id="H8FC2CABE721E4557932D91CC4AF45262"><enum>(a)</enum><header>Authority To cooperate with Federal officials</header><text>A State, a political subdivision of a State, or an officer, employee, or agent of such State or political subdivision that complies with a detainer issued by the Department of Homeland Security under section 236 or 287 of the Immigration and Nationality Act (<external-xref legal-doc="usc" parsable-cite="usc/8/1226">8 U.S.C. 1226</external-xref> and 1357)—</text>
 <paragraph id="H6B00CC8324F443F9BC4ACCCE553EB478"><enum>(1)</enum><text>shall be deemed to be acting as an agent of the Department of Homeland Security; and</text> </paragraph><paragraph id="HA395DC36C4064708A4A313DEB678E5B2"><enum>(2)</enum><text>with regard to actions taken to comply with the detainer, shall have all authority available to officers and employees of the Department of Homeland Security.</text>
 </paragraph></subsection><subsection id="H5408CB964C5547F39E39034517BD7F17"><enum>(b)</enum><header>Legal proceedings</header><text>In any legal proceeding brought against a State, a political subdivision of a State, or an officer, employee, or agent of such State or political subdivision, which challenges the legality of the seizure or detention of an individual pursuant to a detainer issued by the Department of Homeland Security under section 236 or 287 of the Immigration and Nationality Act (<external-xref legal-doc="usc" parsable-cite="usc/8/1226">8 U.S.C. 1226</external-xref> and 1357)—</text>
 <paragraph id="H21CE7368CF3349F4A7B456BE535BAB2C"><enum>(1)</enum><text>no liability shall lie against the State or political subdivision of a State for actions taken in compliance with the detainer; and</text>
 </paragraph><paragraph id="H22CB01F22049445B8FA69957B7012FB8"><enum>(2)</enum><text>if the actions of the officer, employee, or agent of the State or political subdivision were taken in compliance with the detainer—</text>
 <subparagraph id="HF2D1631572564F0DAF541FFCCD6204DB"><enum>(A)</enum><text>the officer, employee, or agent shall be deemed—</text> <clause id="HBC15DD226BE44CEB8F87766609A84CEA"><enum>(i)</enum><text>to be an employee of the Federal Government and an investigative or law enforcement officer; and</text>
 </clause><clause id="H318920083BC14197BD7878324DCE7F9A"><enum>(ii)</enum><text>to have been acting within the scope of his or her employment under section 1346(b) and <external-xref legal-doc="usc-chapter" parsable-cite="usc-chapter/28/171">chapter 171</external-xref> of title 28, United States Code;</text>
 </clause></subparagraph><subparagraph id="HF316016E4BD845CD9D3607437C893028"><enum>(B)</enum><text>section 1346(b) of title 28, United States Code, shall provide the exclusive remedy for the plaintiff; and</text>
 </subparagraph><subparagraph id="HC0154D427B83489B92E705763F6F528F"><enum>(C)</enum><text>the United States shall be substituted as defendant in the proceeding.</text> </subparagraph></paragraph></subsection><subsection id="H52F370AC0A9D48A684C1C44751854767"><enum>(c)</enum><header>Rule of construction</header><text>Nothing in this section may be construed to provide immunity to any person who knowingly violates the civil or constitutional rights of an individual.</text>
			</subsection></section><section id="H6FE074C9ABB44D30B86220B266526045"><enum>3.</enum><header>Sanctuary jurisdiction defined</header>
 <subsection id="H89AF1F0C669E41B38EC58FA392987E5B"><enum>(a)</enum><header>In general</header><text>Except as provided under subsection (b), for purposes of this Act, the term <term>sanctuary jurisdiction</term> means any State or political subdivision of a State that has in effect a statute, ordinance, policy, or practice that prohibits or restricts any government entity or official from—</text>
 <paragraph id="H5A641609790F481A928DBA116ADFA3A4"><enum>(1)</enum><text>sending, receiving, maintaining, or exchanging with any Federal, State, or local government entity information regarding the citizenship or immigration status (lawful or unlawful) of any individual; or</text>
 </paragraph><paragraph id="H94858AA8CCC74EE3A00CDE4C1F325748"><enum>(2)</enum><text>complying with a request lawfully made by the Department of Homeland Security under section 236 or 287 of the Immigration and Nationality Act (<external-xref legal-doc="usc" parsable-cite="usc/8/1226">8 U.S.C. 1226</external-xref> and 1357) to comply with a detainer for, or notify about the release of, an individual.</text>
 </paragraph></subsection><subsection id="H275727767CD04F26B4CD708949461079"><enum>(b)</enum><header>Exception</header><text>A State or political subdivision of a State shall not be deemed a sanctuary jurisdiction based solely on its having a policy whereby its officials will not share information regarding, or comply with a request made by the Department of Homeland Security under section 236 or 287 of the Immigration and Nationality Act (<external-xref legal-doc="usc" parsable-cite="usc/8/1226">8 U.S.C. 1226</external-xref> and 1357) to comply with a detainer regarding, an individual who comes forward as a victim or a witness to a criminal offense.</text>
			</subsection></section><section id="H5A894E0DD3464A678A6C18BC4ADAD2D5"><enum>4.</enum><header>Sanctuary jurisdictions ineligible for certain Federal funds</header>
			<subsection id="HC074B17D75394E80827D525A468EF199"><enum>(a)</enum><header>Economic Development Administration grants</header>
 <paragraph id="H2475C383D3954AD9894DF529A9CC8A09"><enum>(1)</enum><header>Grants for public works and economic development</header><text display-inline="yes-display-inline">Section 201(b) of the Public Works and Economic Development Act of 1965 (<external-xref legal-doc="usc" parsable-cite="usc/42/3141">42 U.S.C. 3141(b)</external-xref>) is amended—</text>
 <subparagraph id="H58A4FCCB801F4253804595A8E704D324"><enum>(A)</enum><text>in paragraph (2), by striking <quote>and</quote> at the end;</text> </subparagraph><subparagraph id="H27E8A5DF47C3461D83796EE0E5F5B5F9"><enum>(B)</enum><text>in paragraph (3), by striking the period at the end and inserting <quote>; and</quote>; and</text>
 </subparagraph><subparagraph id="HBB3CE3364D7F4760BB9338B0A5DF06DA"><enum>(C)</enum><text>by adding at the end the following:</text> <quoted-block display-inline="no-display-inline" id="H71CF5E95A0264DC18D156F85C7F5331E" style="OLC"> <paragraph id="HEF32C1ED321442FF879FC3C8EC2D6B2C"><enum>(4)</enum><text>the area in which the project is to be carried out is not a sanctuary jurisdiction (as defined in section 3 of the <short-title>Stop Dangerous Sanctuary Cities Act</short-title>).</text></paragraph><after-quoted-block>.</after-quoted-block></quoted-block>
 </subparagraph></paragraph><paragraph id="H59D89DE77AAF4C349A1596F838D4FA51"><enum>(2)</enum><header>Grants for planning and administrative expenses</header><text>Section 203(a) of the Public Works and Economic Development Act of 1965 (<external-xref legal-doc="usc" parsable-cite="usc/42/3143">42 U.S.C. 3143(a)</external-xref>) is amended by adding at the end the following: <quote>A sanctuary jurisdiction (as defined in section 3 of the <short-title>Stop Dangerous Sanctuary Cities Act</short-title>) may not be deemed an eligible recipient under this subsection.</quote>.</text>
 </paragraph><paragraph id="H82023F26576646A9828D98753E8753C4"><enum>(3)</enum><header>Supplementary grants</header><text>Section 205(a) of the Public Works and Economic Development Act of 1965 (<external-xref legal-doc="usc" parsable-cite="usc/42/3145">42 U.S.C. 3145(a)</external-xref>) is amended—</text>
 <subparagraph id="HCF38C43E7F754111B3C0735036E001E3"><enum>(A)</enum><text>in paragraph (2), by striking <quote>and</quote> at the end;</text> </subparagraph><subparagraph commented="no" display-inline="no-display-inline" id="HBC3CFCB03CE240C890E989EA8BA675EF"><enum>(B)</enum><text>in paragraph (3), by striking the period at the end and inserting <quote>; and</quote>; and</text>
 </subparagraph><subparagraph id="HA6FD55DE8B644BB284DF7FE65D741985"><enum>(C)</enum><text>by adding at the end the following:</text> <quoted-block display-inline="no-display-inline" id="H250385746A324980BF193BC267163A1F" style="OLC"> <paragraph id="HDC06396F3E5E4A44966222684BED2943"><enum>(4)</enum><text>will be carried out in an area that does not contain a sanctuary jurisdiction (as defined in section 3 of the <short-title>Stop Dangerous Sanctuary Cities Act</short-title>).</text></paragraph><after-quoted-block>.</after-quoted-block></quoted-block>
 </subparagraph></paragraph><paragraph id="HF5389992C59C4C7491D5959C7870C191"><enum>(4)</enum><header>Grants for training, research, and technical assistance</header><text>Section 207 of the Public Works and Economic Development Act of 1965 (<external-xref legal-doc="usc" parsable-cite="usc/42/3147">42 U.S.C. 3147</external-xref>) is amended by adding at the end the following:</text>
					<quoted-block display-inline="no-display-inline" id="H8B7FD88386D04F9EB9F75FECE9F37CD1" style="OLC">
 <subsection id="HE52306561DEE4873A1CA73660BABEB28"><enum>(c)</enum><header>Ineligibility of sanctuary jurisdictions</header><text>Grant funds under this section may not be used to provide assistance to a sanctuary jurisdiction (as defined in section 3 of the <short-title>Stop Dangerous Sanctuary Cities Act</short-title>).</text></subsection><after-quoted-block>.</after-quoted-block></quoted-block>
 </paragraph></subsection><subsection id="HB64C2F8B375C48FD803A4ED72745B70D"><enum>(b)</enum><header>Community Development Block Grants</header><text display-inline="yes-display-inline">Title I of the Housing and Community Development Act of 1974 (<external-xref legal-doc="usc" parsable-cite="usc/42/5301">42 U.S.C. 5301</external-xref> et seq.) is amended—</text> <paragraph id="HF37E5229CFD04921B941CC76B7CFCF5D"><enum>(1)</enum><text>in section 102(a) (<external-xref legal-doc="usc" parsable-cite="usc/42/5302">42 U.S.C. 5302(a)</external-xref>), by adding at the end the following:</text>
					<quoted-block display-inline="no-display-inline" id="HB7912248DCF14703AF6C71C8FC3B32D0" style="OLC">
 <paragraph id="HFAA1B3BC52EE4ACABB901BE80F970CE8"><enum>(25)</enum><text>The term <term>sanctuary jurisdiction</term> has the meaning provided in section 3 of the <short-title>Stop Dangerous Sanctuary Cities Act</short-title>.</text></paragraph><after-quoted-block>; and</after-quoted-block></quoted-block> </paragraph><paragraph id="HE6CE772D804A4580B88C0DB98027D4F9"><enum>(2)</enum><text>in section 104 (<external-xref legal-doc="usc" parsable-cite="usc/42/5304">42 U.S.C. 5304</external-xref>)—</text>
 <subparagraph id="HF807C97DB8484EBF808C31AF912B4048"><enum>(A)</enum><text>subsection (b)—</text> <clause id="H263B0C7940C64ABE9587C5D76B5B32C6"><enum>(i)</enum><text>in paragraph (5), by striking <quote>and</quote> at the end;</text>
 </clause><clause id="H57828332CD7E43228E7CC8CFA05E229B"><enum>(ii)</enum><text>by redesignating paragraph (6) as paragraph (7); and</text> </clause><clause id="H105CCCB99E87447DA7C4E1CADA81D2F6"><enum>(iii)</enum><text>by inserting after paragraph (5) the following:</text>
							<quoted-block display-inline="no-display-inline" id="H87FA2EDC48114DD6A52A95FF9116CF4A" style="OLC">
 <paragraph id="HF34B431459BB4E79A858B6A55C2A2A32"><enum>(6)</enum><text>the grantee is not a sanctuary jurisdiction and will not become a sanctuary jurisdiction during the period for which the grantee receives a grant under this title; and</text></paragraph><after-quoted-block>; and</after-quoted-block></quoted-block>
 </clause></subparagraph><subparagraph id="H2753EA36E71B4313A6501DFD08823479"><enum>(B)</enum><text>by adding at the end the following:</text> <quoted-block display-inline="no-display-inline" id="H7B789AAD9A0B483FAA782CC0C7BAB74F" style="OLC"> <subsection id="H40E5F99571E646979830E87D5928B912"><enum>(n)</enum><header>Protection of individuals against crime</header> <paragraph id="H7E32EB8586BC42699E8FE9FEBF3B0577"><enum>(1)</enum><header>In general</header><text>No funds authorized to be appropriated to carry out this title may be obligated or expended for any State or unit of general local government that is a sanctuary jurisdiction.</text>
								</paragraph><paragraph id="HA88C857349EE4D4695378F89549EB6C4"><enum>(2)</enum><header>Returned amounts</header>
 <subparagraph id="HAC84D021DDDF446D8C3082457DE17341"><enum>(A)</enum><header>State</header><text>If a State is a sanctuary jurisdiction during the period for which it receives amounts under this title, the Secretary—</text>
 <clause id="H837286EFB62F4E278920BCA3CC3BB517"><enum>(i)</enum><text>shall direct the State to immediately return to the Secretary any such amounts that the State received for that period; and</text>
 </clause><clause id="HD4BDD29AA91649FB957CF31D649D6ED8"><enum>(ii)</enum><text>shall reallocate amounts returned under clause (i) for grants under this title to other States that are not sanctuary jurisdictions.</text>
 </clause></subparagraph><subparagraph id="H4C7F6DDE9E504607ACEE154AD78F79A8"><enum>(B)</enum><header>Unit of general local government</header><text>If a unit of general local government is a sanctuary jurisdiction during the period for which it receives amounts under this title, any such amounts that the unit of general local government received for that period—</text>
 <clause id="HB9CA3B6F67D64A6C98059152974E5A64"><enum>(i)</enum><text>in the case of a unit of general local government that is not in a nonentitlement area, shall be returned to the Secretary for grants under this title to States and other units of general local government that are not sanctuary jurisdictions; and</text>
 </clause><clause id="H2ACECD1731CA4DF7893C29C6D151B5D9"><enum>(ii)</enum><text>in the case of a unit of general local government that is in a nonentitlement area, shall be returned to the Governor of the State for grants under this title to other units of general local government in the State that are not sanctuary jurisdictions.</text>
 </clause></subparagraph><subparagraph id="H093343DC6F8043048AF4F0864E991CE4"><enum>(C)</enum><header>Reallocation rules</header><text>In reallocating amounts under subparagraphs (A) and (B), the Secretary shall—</text> <clause id="H88B8FD1820B444B4BFDE18CFBE3B74DA"><enum>(i)</enum><text>apply the relevant allocation formula under section 106(b), with all sanctuary jurisdictions excluded; and</text>
 </clause><clause id="H61B7EB89013245D5A842D9E1AD237870"><enum>(ii)</enum><text>shall not be subject to the rules for reallocation under section 106(c).</text></clause></subparagraph></paragraph></subsection><after-quoted-block>.</after-quoted-block></quoted-block> </subparagraph></paragraph></subsection><subsection id="H8C22C90886BC48EBBFCF3E4828086A0C"><enum>(c)</enum><header>Effective date</header><text>This section shall take effect on October 1, 2017.</text>
			</subsection></section></legis-body></bill>


