<?xml version="1.0"?>
<?xml-stylesheet type="text/xsl" href="billres.xsl"?>
<!DOCTYPE bill PUBLIC "-//US Congress//DTDs/bill.dtd//EN" "bill.dtd">
<bill bill-stage="Introduced-in-House" bill-type="olc" dms-id="H154DFC326B4D4A97927047383C0BA545" key="H" public-private="public"><metadata xmlns:dc="http://purl.org/dc/elements/1.1/">
<dublinCore>
<dc:title>115 HR 397 IH: Members of Congress Tax Accountability Act of 2017</dc:title>
<dc:publisher>U.S. House of Representatives</dc:publisher>
<dc:date>2017-01-10</dc:date>
<dc:format>text/xml</dc:format>
<dc:language>EN</dc:language>
<dc:rights>Pursuant to Title 17 Section 105 of the United States Code, this file is not subject to copyright protection and is in the public domain.</dc:rights>
</dublinCore>
</metadata>
<form>
<distribution-code display="yes">I</distribution-code><congress display="yes">115th CONGRESS</congress><session display="yes">1st Session</session><legis-num display="yes">H. R. 397</legis-num><current-chamber>IN THE HOUSE OF REPRESENTATIVES</current-chamber><action display="yes"><action-date date="20170110">January 10, 2017</action-date><action-desc><sponsor name-id="C001076">Mr. Chaffetz</sponsor> introduced the following bill; which was referred to the <committee-name committee-id="HHA00">Committee on House Administration</committee-name>, and in addition to the Committee on <committee-name committee-id="HRU00">Rules</committee-name>, for a period to be subsequently determined by the Speaker, in each case for consideration of such
			 provisions as fall within the jurisdiction of the committee concerned</action-desc></action><legis-type>A BILL</legis-type><official-title display="yes">To require Members of Congress to disclose delinquent tax liability and to require an ethics
			 inquiry into, and the garnishment of the wages of, a Member with Federal
			 tax liability.</official-title></form>
	<legis-body id="H7D4091BD29CA4FFF9FD828B841709DA0" style="OLC">
 <section id="H1F2BC69B7EC1413EB421CC21C8C96CA0" section-type="section-one"><enum>1.</enum><header>Short title</header><text display-inline="no-display-inline">This Act may be cited as the <quote><short-title>Members of Congress Tax Accountability Act of 2017</short-title></quote>.</text> </section><section id="HDA171276CEC2410DA5566A9B32650003"><enum>2.</enum><header>Amendment to the Ethics in Government Act of 1978</header> <subsection id="H6343A7745DB94BB9BBCFAC2476236C29"><enum>(a)</enum><header>In general</header><text display-inline="yes-display-inline">Section 102(a) of the Ethics in Government Act of 1978 (5 U.S.C. App.) is amended by adding at the end the following:</text>
				<quoted-block display-inline="no-display-inline" id="H23888B5A04B24F1F82C4739361619428" style="OLC">
					<paragraph id="HD8D861229A7745FC8BA04619DB8D34BE" indent="up1"><enum>(9)</enum>
 <subparagraph commented="no" display-inline="yes-display-inline" id="H446FD1016D674FD1818972897D1230B9"><enum>(A)</enum><text>For individuals described in section 101(f)(9), the amount of any delinquent tax liability owed to the United States or any State or local government entity.</text>
 </subparagraph><subparagraph id="H5DA11DB41AB9435885BB235FF4BAF795" indent="up1"><enum>(B)</enum><text>In this paragraph—</text> <clause id="H920BF6EB694A4D07BCC5531DFC66D850"><enum>(i)</enum><text>the term <term>delinquent tax liability</term> means any unpaid tax liability which has been assessed and with respect to which all judicial and administrative remedies have been exhausted, or have lapsed; and</text>
 </clause><clause id="H77CBB37F2CCA4EC4BC65271A44806149"><enum>(ii)</enum><text>any delinquent tax liability of an entity more than 50 percent of the stock of which in the case of a corporation (by vote or value), or 50 percent of the capital and profits interest of which in the case of an entity other than a corporation, is owned directly or indirectly by an individual shall be treated as a delinquent tax liability of such individual in proportion to such individual’s ownership interest in such entity.</text></clause></subparagraph></paragraph><after-quoted-block>.</after-quoted-block></quoted-block>
 </subsection><subsection id="H79E39E0DD2994CB4AC9CDF83E6AB2B07"><enum>(b)</enum><header>Inclusion in report</header><text>Section 102(b)(1)(A) of the Ethics in Government Act of 1978 (5 U.S.C. App.) is amended by striking <quote>paragraph (1)</quote> and inserting <quote>paragraphs (1) and (9)</quote>.</text> </subsection></section><section id="H59B44A15A2C34666884767EEB30E6CDD"><enum>3.</enum><header>Ethics inquiry</header><text display-inline="no-display-inline">If a Member of Congress reports a delinquent tax liability on the Member’s annual disclosure form required under <external-xref legal-doc="usc-act" parsable-cite="usc-act/Ethics in Government Act of 1978 /102">section 102(a)(9)</external-xref> of the Ethics in Government Act of 1978 (as added by section 2), the Committee on Ethics of the House of Representatives or the Select Committee on Ethics of the Senate (as the case may be) shall immediately open an inquiry into the tax delinquency of that Member for purposes of—</text>
 <paragraph id="H55D1E6BDAA4041678AA882E8985309DD"><enum>(1)</enum><text>determining the total delinquent tax liability of the Member;</text> </paragraph><paragraph id="HE2A1F2EA98A5434BB05A26D940E41544"><enum>(2)</enum><text>determining the reason the Member has incurred a delinquent tax liability;</text>
 </paragraph><paragraph id="HDFD0F5160C444982A1BBA613D248393A"><enum>(3)</enum><text>determining whether the Member has a plan to eliminate such delinquent tax liability; and</text> </paragraph><paragraph id="HC7EF25FD87304DB3A000E7F3527611AF"><enum>(4)</enum><text>determining whether such delinquent tax liability has reflected poorly on Congress.</text>
 </paragraph></section><section id="HE7D89910313247A29995BE1947D21B49"><enum>4.</enum><header>Federal tax liability</header><text display-inline="no-display-inline">A Member of Congress who discloses a delinquent tax liability under <external-xref legal-doc="usc-act" parsable-cite="usc-act/Ethics in Government Act of 1978 /102">section 102(a)(9)</external-xref> of the Ethics in Government Act of 1978 (as added by section 2) shall, not later than 30 calendar days after filing the form, arrange with the Secretary of the Senate or the Chief Administrative Officer of the House of Representatives, as appropriate, and the Internal Revenue Service to have an appropriate amount of the Member’s salary designated to pay the taxes owed to the United States within a reasonable time period.</text>
 </section><section id="HF03B554D5BBC4F5286D1A872A82FC555"><enum>5.</enum><header>Member of congress defined</header><text display-inline="no-display-inline">In this Act, the term <term>Member of Congress</term> means a Senator or a Representative in, or Delegate or Resident Commissioner to, the Congress.</text> </section></legis-body></bill> 

