<?xml version="1.0"?>
<?xml-stylesheet type="text/xsl" href="billres.xsl"?>
<!DOCTYPE bill PUBLIC "-//US Congress//DTDs/bill.dtd//EN" "bill.dtd">
<bill bill-stage="Introduced-in-House" bill-type="olc" dms-id="HB1775D0DE7874E6C81B782B7DFD0A568" key="H" public-private="public"><metadata xmlns:dc="http://purl.org/dc/elements/1.1/">
<dublinCore>
<dc:title>115 HR 235 IH: Indian Health Service Advance Appropriations Act of 2017</dc:title>
<dc:publisher>U.S. House of Representatives</dc:publisher>
<dc:date>2017-01-03</dc:date>
<dc:format>text/xml</dc:format>
<dc:language>EN</dc:language>
<dc:rights>Pursuant to Title 17 Section 105 of the United States Code, this file is not subject to copyright protection and is in the public domain.</dc:rights>
</dublinCore>
</metadata>
<form>
<distribution-code display="yes">I</distribution-code><congress display="yes">115th CONGRESS</congress><session display="yes">1st Session</session><legis-num display="yes">H. R. 235</legis-num><current-chamber>IN THE HOUSE OF REPRESENTATIVES</current-chamber><action display="yes"><action-date date="20170103">January 3, 2017</action-date><action-desc><sponsor name-id="Y000033">Mr. Young of Alaska</sponsor> introduced the following bill; which was referred to the <committee-name committee-id="HBU00">Committee on the Budget</committee-name>, and in addition to the Committees on <committee-name committee-id="HII00">Natural Resources</committee-name>, and <committee-name committee-id="HIF00">Energy and Commerce</committee-name>, for a period to be subsequently determined by the Speaker, in each case for consideration of such
			 provisions as fall within the jurisdiction of the committee concerned</action-desc></action><legis-type>A BILL</legis-type><official-title display="yes">To amend the Indian Health Care Improvement Act to authorize advance appropriations for the Indian
			 Health Service by providing 2-fiscal-year budget authority, and for other
			 purposes.</official-title></form>
	<legis-body id="H6BF862CCEFC445B6B920706958E927C5" style="OLC">
 <section id="HF56F3C441A304E7D99C5D031404AE235" section-type="section-one"><enum>1.</enum><header>Short title</header><text display-inline="no-display-inline">This Act may be cited as the <quote><short-title>Indian Health Service Advance Appropriations Act of 2017</short-title></quote>.</text> </section><section id="H94EFB1E033844D6E89F0A77BA92709D9"><enum>2.</enum><header>Advance appropriations for certain Indian Health Service accounts</header> <subsection id="H2EAA88499F224E3CA2BAC2C026F31EC1"><enum>(a)</enum><header>In general</header><text display-inline="yes-display-inline">Section 825 of the Indian Health Care Improvement Act (<external-xref legal-doc="usc" parsable-cite="usc/25/1680o">25 U.S.C. 1680o</external-xref>) is amended—</text>
 <paragraph id="H7E2A6CC4A0424ABD8E5D0CDA8BCF8FCB"><enum>(1)</enum><text>by inserting <quote>(a)</quote> before <quote>There are authorized</quote>; and</text> </paragraph><paragraph id="H236C69A7AE214656AA7B381439A25071"><enum>(2)</enum><text>by adding at the end the following:</text>
					<quoted-block id="H1A1BCF58AEA640E7BC5AB4D66345A1B2" style="OLC">
 <subsection id="H94EE4B519C1E4755BED9A1270581C6AA"><enum>(b)</enum><text>For each fiscal year, beginning with the first fiscal year that starts during the year after the year in which this subsection is enacted, discretionary new budget authority provided for the Indian Health Services and Indian Health Facilities accounts of the Indian Health Service shall include advance discretionary new budget authority that first becomes available for the first fiscal year after the budget year.</text>
 </subsection><subsection id="HAD1EB34041404993A9F6B0E112A7C115"><enum>(c)</enum><text>The Secretary shall include in documents submitted to Congress in support of the President’s budget submitted pursuant to section 1105 of title 31, United States Code, for each fiscal year to which subsection (b) applies detailed estimates of the funds necessary for the Indian Health Services and Indian Health Facilities accounts of the Indian Health Service for the fiscal year following the fiscal year for which the budget is submitted.</text></subsection><after-quoted-block>.</after-quoted-block></quoted-block>
 </paragraph></subsection><subsection id="H3CAA14A2CDB44987823EC87BDD35E0FC"><enum>(b)</enum><header>Submission of budget request</header><text>Section 1105(a) of title 31, United States Code, is amended by adding at the end the following new paragraph:</text>
				<quoted-block id="H1330708CA95D40CCB48A0EADC279087B" style="OLC">
 <paragraph id="H052A2A54EC504FA4960712FA0D8DC628"><enum>(40)</enum><text display-inline="yes-display-inline">information on estimates of appropriations for the fiscal year following the fiscal year for which the budget is submitted for the following accounts of the Indian Health Service:</text>
 <subparagraph id="H19BF878A78DF4DE0B4707C3210FDE2C3"><enum>(A)</enum><text>Indian Health Services.</text> </subparagraph><subparagraph id="HFDFC0AE00F4D49138437F2A52F083A3F"><enum>(B)</enum><text>Indian Health Facilities.</text></subparagraph></paragraph><after-quoted-block>.</after-quoted-block></quoted-block>
			</subsection></section></legis-body></bill>


