<?xml version="1.0"?>
<?xml-stylesheet type="text/xsl" href="billres.xsl"?>
<!DOCTYPE bill PUBLIC "-//US Congress//DTDs/bill.dtd//EN" "bill.dtd">
<bill bill-stage="Referred-in-Senate" bill-type="olc" dms-id="H5128247BAF5643DE872919535655D9AC" key="H" public-private="public" stage-count="1">
	<metadata xmlns:dc="http://purl.org/dc/elements/1.1/">
<dublinCore>
<dc:title>115 HR 588 : Securing Access to Networks in Disasters Act</dc:title>
<dc:publisher>U.S. House of Representatives</dc:publisher>
<dc:date>2017-01-24</dc:date>
<dc:format>text/xml</dc:format>
<dc:language>EN</dc:language>
<dc:rights>Pursuant to Title 17 Section 105 of the United States Code, this file is not subject to copyright protection and is in the public domain.</dc:rights>
</dublinCore>
</metadata>
<form>
		<distribution-code display="yes">IIB</distribution-code>
		<congress display="yes">115th CONGRESS</congress><session display="yes">1st Session</session>
		<legis-num display="yes">H. R. 588</legis-num>
		<current-chamber display="yes">IN THE SENATE OF THE UNITED STATES</current-chamber>
		<action><action-date date="20170124">January 24, 2017</action-date><action-desc>Received; read twice and referred to the <committee-name committee-id="SSCM00">Committee on Commerce, Science, and Transportation</committee-name></action-desc></action><legis-type>AN ACT</legis-type>
		<official-title display="yes">To direct the Federal Communications Commission to conduct a study on network resiliency during
			 times of emergency, and for other purposes.</official-title>
	</form>
	<legis-body id="H62E40FB6E4D64F568BA7049FA069DC79" style="OLC">
 <section id="H2854074F6FA34CF48B52269E9F3554E0" section-type="section-one"><enum>1.</enum><header>Short title</header><text display-inline="no-display-inline">This Act may be cited as the <quote><short-title>Securing Access to Networks in Disasters Act</short-title></quote>.</text> </section><section id="H9ED49C9CAB8F45E5BE2C3FF32BA33086"><enum>2.</enum><header>Study on network resiliency</header><text display-inline="no-display-inline">Not later than 36 months after the date of enactment of this Act, the Commission shall submit to Congress, and make publically available on the Commission’s website, a study on the public safety benefits and technical feasibility and cost of—</text>
 <paragraph id="H96DE9FC0E54145C8AD7EB71F64A3FD00"><enum>(1)</enum><text>making telecommunications service provider-owned WiFi access points, and other communications technologies operating on unlicensed spectrum, available to the general public for access to 9–1–1 services, without requiring any login credentials, during times of emergency when mobile service is unavailable;</text>
 </paragraph><paragraph id="H78718772E4044D659B177B338837B999"><enum>(2)</enum><text>the provision by non-telecommunications service provider-owned WiFi access points of public access to 9–1–1 services during times of emergency when mobile service is unavailable; and</text>
 </paragraph><paragraph id="H2F9EE1769D8749DF9E1F01B39D4DE297"><enum>(3)</enum><text>other alternative means of providing the public with access to 9–1–1 services during times of emergency when mobile service is unavailable.</text>
 </paragraph></section><section id="HA129C4E46ED04064BA2DA339E604A6EA"><enum>3.</enum><header>Access to essential service providers during federally declared emergencies</header><text display-inline="no-display-inline">Section 427(a)(1)(A) of the Robert T. Stafford Disaster Relief and Emergency Assistance Act (<external-xref legal-doc="usc" parsable-cite="usc/42/5189e">42 U.S.C. 5189e(a)(1)(A)</external-xref>) is amended by striking <quote>telecommunications service</quote> and inserting <quote>wireline or mobile telephone service, Internet access service, radio or television broadcasting, cable service, or direct broadcast satellite service</quote>.</text>
 </section><section id="H718BBAE4AEEC40ECA816A4FB474793B8"><enum>4.</enum><header>Definitions</header><text display-inline="no-display-inline">As used in this Act—</text> <paragraph id="H4204D9BA9BC54BE9B2ED84ABD9F18C39"><enum>(1)</enum><text>the term <term>Commission</term> means the Federal Communications Commission;</text>
 </paragraph><paragraph id="H1EE3E861CF13440CAD8515063F234DE7"><enum>(2)</enum><text>the term <term>mobile service</term> means commercial mobile service (as defined in section 332 of the Communications Act of 1934 (<external-xref legal-doc="usc" parsable-cite="usc/47/332">47 U.S.C. 332</external-xref>)) or commercial mobile data service (as defined in section 6001 of the Middle Class Tax Relief and Job Creation Act of 2012 (<external-xref legal-doc="usc" parsable-cite="usc/47/1401">47 U.S.C. 1401</external-xref>));</text>
 </paragraph><paragraph id="H39DE56378D2848B7838F1B58E3D3E3BE"><enum>(3)</enum><text>the term <term>WiFi access point</term> means wireless Internet access using the standard designated as 802.11 or any variant thereof; and</text> </paragraph><paragraph id="HF6FD5B7F45974D359001961CE54B004D"><enum>(4)</enum><text display-inline="yes-display-inline">the term <term>times of emergency</term> means either an emergency as defined in section 102 of the Robert T. Stafford Disaster Relief and Emergency Assistance Act (<external-xref legal-doc="usc" parsable-cite="usc/42/5122">42 U.S.C. 5122</external-xref>), or an emergency as declared by the governor of a State or territory of the United States.</text>
			</paragraph></section></legis-body><attestation><attestation-group><attestation-date chamber="House" date="20170123">Passed the House of Representatives January 23, 2017.</attestation-date><attestor display="yes">Karen L. Haas,</attestor><role>Clerk.</role></attestation-group></attestation>
</bill>


