<?xml version="1.0"?>
<?xml-stylesheet type="text/xsl" href="billres.xsl"?>
<!DOCTYPE bill PUBLIC "-//US Congress//DTDs/bill.dtd//EN" "bill.dtd">
<bill bill-stage="Introduced-in-House" bill-type="olc" dms-id="H755E6093A1B94065BC76A5A81ADA9E40" key="H" public-private="public"><metadata xmlns:dc="http://purl.org/dc/elements/1.1/">
<dublinCore>
<dc:title>115 HR 566 IH: Terror-Free Skies Act</dc:title>
<dc:publisher>U.S. House of Representatives</dc:publisher>
<dc:date>2017-01-13</dc:date>
<dc:format>text/xml</dc:format>
<dc:language>EN</dc:language>
<dc:rights>Pursuant to Title 17 Section 105 of the United States Code, this file is not subject to copyright protection and is in the public domain.</dc:rights>
</dublinCore>
</metadata>
<form>
<distribution-code display="yes">I</distribution-code><congress display="yes">115th CONGRESS</congress><session display="yes">1st Session</session><legis-num display="yes">H. R. 566</legis-num><current-chamber>IN THE HOUSE OF REPRESENTATIVES</current-chamber><action display="yes"><action-date date="20170113">January 13, 2017</action-date><action-desc><sponsor name-id="R000580">Mr. Roskam</sponsor> (for himself, <cosponsor name-id="S000344">Mr. Sherman</cosponsor>, and <cosponsor name-id="Z000017">Mr. Zeldin</cosponsor>) introduced the following bill; which was referred to the <committee-name committee-id="HFA00">Committee on Foreign Affairs</committee-name></action-desc></action><legis-type>A BILL</legis-type><official-title display="yes">To require the President to report on the use by the Government of Iran of commercial aircraft and
			 related services for illicit military or other activities, and for other
			 purposes.</official-title></form>
	<legis-body id="H10F244AAB0C14F6F93FF436CCD8CA8EA" style="OLC">
 <section id="H4C04DEF5C53A412CB71A2268B25460E6" section-type="section-one"><enum>1.</enum><header>Short title</header><text display-inline="no-display-inline">This Act may be cited as the <quote><short-title>Terror-Free Skies Act</short-title></quote>.</text> </section><section id="HF0950D6DB4B540BC9079F933B4FC4AC6"><enum>2.</enum><header>Findings</header><text display-inline="no-display-inline">The Congress finds the following:</text>
 <paragraph id="HC0104FCDC4944C97ADF0D3C2722FD0EA"><enum>(1)</enum><text display-inline="yes-display-inline">Iran is designated as the world’s foremost state sponsor of terrorism and a direct threat to the national security of the United States and United States allies.</text>
 </paragraph><paragraph id="HEEFA92DDC25841E0B4A3E2E0C7EEA9A6"><enum>(2)</enum><text>Iran, through its Islamic Revolutionary Guard Corps (IRGC), provides material and financial support to Foreign Terrorist Organizations (FTO), including Hamas, Hezbollah, and Kata’ib Hezbollah, as well as to the Bashar al-Assad regime in Syria which is responsible for over 400,000 civilian deaths.</text>
 </paragraph><paragraph id="H8A34B60636C74A4C8292C1211F428E76"><enum>(3)</enum><text>Iran has systematically employed its national air carrier, Iran Air, as well as numerous private and publically owned Iranian and Syrian airliners, including Mahan Air, to ferry weapons, troops, and military equipment on behalf of the IRGC and Iran’s Ministry of Defense and Armed Forces Logistics (MODAFL) to FTOs and rogue regimes around the world.</text>
 </paragraph><paragraph id="H0E8CA624D5A5490EB554747C3F2431A1"><enum>(4)</enum><text>On June 23, 2011, the U.S. Department of the Treasury designated Iran Air pursuant to Executive Order 13882 for providing material support and services to the IRGC, including shipping military-related equipment on behalf of the IRGC since 2006 and transporting rockets or missiles to Syria.</text>
 </paragraph><paragraph id="HD38E4AE9868B46208BE2A2506FEDB092"><enum>(5)</enum><text display-inline="yes-display-inline">On January 16, 2016, Iran Air was delisted as a Specially Designated National (SDN) by the U.S. Department of the Treasury even though Iran Air had not ceased its illicit and sanctionable activity.</text>
 </paragraph><paragraph id="HB6E4A44206B54D0D874FBB2380E05B66"><enum>(6)</enum><text>Iran Air remains owned and operated by the Iranian government and has, since January 16, 2016, flown numerous unscheduled flights on well-known weapons supply routes between Iran and Syria.</text>
 </paragraph><paragraph id="H23C6DA2C1C3A4E95B5720F8FDEDFDED1"><enum>(7)</enum><text display-inline="yes-display-inline">In correspondence with U.S. Members of Congress, the U.S. Department of the Treasury has refused to confirm that Iran Air has ceased its illicit activity. In a November 23, 2016, letter to Rep. Peter Roskam, Thomas Patrick Maloney, Senior Advisor in the Office of Legislative Affairs of the U.S. Department of the Treasury wrote: <quote>The United States retains the ability to designate any individual or entity that engages in sanctionable activities under our authorities targeting conduct outside the scope of the JCPOA, including Iran’s support for terrorism, human rights abuses, ballistic missile program, and other destabilizing activities in the region.</quote>.</text>
 </paragraph><paragraph id="HD3014D264DE14CA6AC3879B4B5574DE5"><enum>(8)</enum><text display-inline="yes-display-inline">Evidence supports that despite being removed from the Specially Designated National (SDN) on January 16, 2016, Iran Air has since continued its illicit and sanctionable activity in support of the IRGC, MODAFL, Hezbollah, and the Bashar al-Assad regime since January 16, 2016.</text>
			</paragraph></section><section id="H7E49A06DA71E4CC2A1981BBC9EC82BBC"><enum>3.</enum><header>Report on use by the Government of Iran of commercial aircraft and related services for illicit
			 military or other activities</header>
 <subsection id="H1F0CD63EF20143A799C1B02F457B9841"><enum>(a)</enum><header>Report</header><text display-inline="yes-display-inline">Not later than 180 days after the date of the enactment of this Act, and every 180 days thereafter, the President, in consultation with the Secretary of Defense, the Secretary of State, and the Director of National Intelligence, shall submit to the Committee on Armed Services, Committee on Foreign Affairs, and the Permanent Select Committee on Intelligence of the House of Representatives and the Committee on Armed Services, Committee on Foreign Relations, and the Select Committee on Intelligence of the Senate a report on use by the Government of Iran of commercial aircraft and related services for illicit military or other activities on or after the date that is the beginning of the 5-year period ending on the date of the enactment of this Act.</text>
 </subsection><subsection id="H72E9ACAB5FE14DA782827C3D21BBBD32"><enum>(b)</enum><header>Elements of report</header><text>The report required under subsection (a) shall include a description of the extent to which—</text> <paragraph id="H028E33A8250F4E7CAEF0F33793E407D8"><enum>(1)</enum><text>the Government of Iran has used commercial aircraft, including aircraft of Iran Air, or related services to transport illicit cargo to or from Iran, including military goods, weapons, military personnel, military-related electronic parts and mechanical equipment, or rocket or missile components;</text>
 </paragraph><paragraph id="HDAE9EA4312A144B88700CA01F5025C5F"><enum>(2)</enum><text display-inline="yes-display-inline">the commercial aviation sector of Iran, including Iran Air, has provided financial, material, or technological support to the IRGC, MODAFL, the Bashar al Assad Regime, Hezbollah, Hamas, Kata’ib Hezbollah, or any other FTOs or entities designated on the SDN list; and</text>
 </paragraph><paragraph id="HE5A12D9D52464699AE944F3B979993F9"><enum>(3)</enum><text>foreign governments and persons have facilitated the activities described in paragraph (1), including allowing the use of airports, services, or other resources.</text>
 </paragraph></subsection><subsection id="HA3002BFDE2D64529A1EE1E416F6ED110"><enum>(c)</enum><header>Effect of determination</header><text display-inline="yes-display-inline">If, in a report submitted under this section, the President determines that Iran Air or any other Iranian commercial airliner has used or has been using commercial aircraft for illicit military purposes on or after January 16, 2016, the President shall, within 90 days of making such determination, designate such airline as a specially designated national and blocked person on the list maintained by the Office of Foreign Assets Control of the Department of the Treasury.</text>
 </subsection></section><section id="H5090CE8A10E3439B8A1C552144E1D771"><enum>4.</enum><header>Sunset</header><text display-inline="no-display-inline">This Act shall cease to be effective on the date that is 30 days after the date on which the President certifies to Congress that the Government of Iran has ceased providing support for acts of international terrorism.</text>
		</section></legis-body></bill>


