<?xml version="1.0"?>
<?xml-stylesheet type="text/xsl" href="billres.xsl"?>
<!DOCTYPE bill PUBLIC "-//US Congress//DTDs/bill.dtd//EN" "bill.dtd">
<bill bill-stage="Introduced-in-House" bill-type="olc" dms-id="H8FA288E8933A4EA38732AD8B25C11DFF" key="H" public-private="public"><metadata xmlns:dc="http://purl.org/dc/elements/1.1/">
<dublinCore>
<dc:title>115 HR 258 IH: To prohibit the use of United States Government funds to provide assistance to Al Qaeda, Jabhat Fateh al-Sham, and the Islamic State of Iraq and the Levant (ISIL) and to countries supporting those organizations, and for other purposes.</dc:title>
<dc:publisher>U.S. House of Representatives</dc:publisher>
<dc:date>2017-01-04</dc:date>
<dc:format>text/xml</dc:format>
<dc:language>EN</dc:language>
<dc:rights>Pursuant to Title 17 Section 105 of the United States Code, this file is not subject to copyright protection and is in the public domain.</dc:rights>
</dublinCore>
</metadata>
<form>
<distribution-code display="yes">I</distribution-code><congress display="yes">115th CONGRESS</congress><session display="yes">1st Session</session><legis-num display="yes">H. R. 258</legis-num><current-chamber>IN THE HOUSE OF REPRESENTATIVES</current-chamber><action display="yes"><action-date date="20170104">January 4, 2017</action-date><action-desc><sponsor name-id="G000571">Ms. Gabbard</sponsor> (for herself, <cosponsor name-id="W000800">Mr. Welch</cosponsor>, <cosponsor name-id="J000255">Mr. Jones</cosponsor>, <cosponsor name-id="M001184">Mr. Massie</cosponsor>, <cosponsor name-id="L000551">Ms. Lee</cosponsor>, and <cosponsor name-id="Y000065">Mr. Yoho</cosponsor>) introduced the following bill; which was referred to the <committee-name committee-id="HFA00">Committee on Foreign Affairs</committee-name>, and in addition to the Permanent Select Committee on <committee-name committee-id="HIG00">Intelligence</committee-name>, for a period to be subsequently determined by the Speaker, in each case for consideration of such
			 provisions as fall within the jurisdiction of the committee concerned</action-desc></action><legis-type>A BILL</legis-type><official-title display="yes">To prohibit the use of United States Government funds to provide assistance to Al Qaeda, Jabhat
			 Fateh al-Sham, and the Islamic State of Iraq and the Levant (ISIL) and to
			 countries supporting those organizations, and for other purposes.</official-title></form>
	<legis-body id="HCFEB090606EA4A998992AC322940D0DE" style="OLC">
		<section id="HD17099E955AF4686B1E8C287E333AD07" section-type="section-one"><enum>1.</enum><header>Prohibition on use of funds to provide covered assistance to Al Qaeda, Jabhat Fateh al-Sham, and
			 ISIL, and to countries supporting those organizations</header>
			<subsection id="H0B0C9D1868174F029880B20C51091627"><enum>(a)</enum><header>Prohibition with respect to al qaeda, jabhat fateh al-Sham, and isil</header>
 <paragraph id="H00C7B35A928848BEBCE94CB3CEB53707"><enum>(1)</enum><header>In general</header><text>Notwithstanding any other provision of law, no funds made available to any Federal department or agency may be used to provide covered assistance to Al Qaeda, Jabhat Fateh al-Sham, and ISIL, and any individual or group that is affiliated with, associated with, cooperating with, or adherents to such groups.</text>
 </paragraph><paragraph id="H28155CE0A61249DBAFDFC4EDA6AED7DC"><enum>(2)</enum><header>Duties of DNI</header><text>The Director of National Intelligence—</text> <subparagraph id="H7614650990384905B76E4CFC8846E6B2"><enum>(A)</enum><text>shall make initial determinations with respect to whether or not an individual or group is, or has been within the most recent 12 months prior to such determination, affiliated with, associated with, cooperating with, or is an adherent to Al Qaeda, Jabhat Fateh al-Sham, or ISIL, under paragraph (1) not later than 90 days after the date of the enactment of this Act;</text>
 </subparagraph><subparagraph id="HB3AF45007AC04109ACD61F8F85E70F6A"><enum>(B)</enum><text>shall, in consultation with the appropriate congressional committees, review and make subsequent determinations with respect to groups or individuals under paragraph (1) every 6 months thereafter; and</text>
 </subparagraph><subparagraph id="H66E78ED8A9D6485EAC2F77693B0FD2ED"><enum>(C)</enum><text>shall brief the appropriate congressional committees on each determination with respect to a group or individual under subparagraph (A) and the justification for the determination, including by providing—</text>
 <clause id="H49456FCBC93E4D4C93193F3D6B88EB37"><enum>(i)</enum><text>the geographic location of such group or individual;</text> </clause><clause id="H9162F025BD644E8DB6F5AE6F5170203E"><enum>(ii)</enum><text>a detailed intelligence assessment of such group or individual;</text>
 </clause><clause id="HBD50EBA4BDEA4BBB87FA3F6423639D0E"><enum>(iii)</enum><text>a detailed description of the alignment and interaction of such group or individual with Al Qaeda, Jabhat Fateh al-Sham, or ISIL; and</text>
 </clause><clause id="HB816F49C5B064D18A4DE176B0AB88955"><enum>(iv)</enum><text>a description of the ideological beliefs of such group or individual.</text> </clause></subparagraph></paragraph></subsection><subsection id="HC82C989649934B57A6FC2B1A329668CB"><enum>(b)</enum><header>Prohibition with respect to supporting countries</header> <paragraph id="HE1F450BF076C4DBB89BD63C06CD95B85"><enum>(1)</enum><header>In general</header><text>Notwithstanding any other provision of law, no funds made available to any Federal department or agency may be used to provide covered assistance directly or indirectly to the government of any country that the Director of National Intelligence determines has within the most recent 12 months prior to such determination provided covered assistance to Al Qaeda, Jabhat Fateh al-Sham, or the Islamic State of Iraq and the Levant (ISIL), or any individual or group that is affiliated with, associated with, cooperating with, or is an adherent to those organizations, as determined under subsection (a)(2)(A).</text>
 </paragraph><paragraph id="H35601847E7B7449D800081547EAA5082"><enum>(2)</enum><header>Duties of DNI</header><text>The Director of National Intelligence—</text> <subparagraph id="H21479B9790C54C21BE2D7B0DFF02E701"><enum>(A)</enum><text>shall make initial determinations with respect to countries under paragraph (1) not later than 90 days after the date of the enactment of this Act;</text>
 </subparagraph><subparagraph id="H9C06D45F18BE4CB493D6DF3DBB62A214"><enum>(B)</enum><text>shall, in consultation with the appropriate congressional committees, review and make subsequent determinations with respect to countries under paragraph (1) every 6 months thereafter; and</text>
 </subparagraph><subparagraph id="H5F1C9FB4C1314DDD94E8A1BE839C733F"><enum>(C)</enum><text>shall brief the appropriate congressional committees on each determination with respect to a country under paragraph (1) and the justification for the determination that Al Qaeda, Jabhat Fateh al-Sham, or the Islamic State of Iraq and the Levant (ISIL), or any individual or group that is affiliated with, associated with, cooperating with, or is an adherent to those organizations, is determined to be receiving covered assistance from the government of the country—</text>
 <clause id="H9DAFCC020CCC422690FA933414E5DDCC"><enum>(i)</enum><text>the geographic location of such organization, group, or individual;</text> </clause><clause id="HD20BDAED5B404F409900F4A28BEF4E23"><enum>(ii)</enum><text>a detailed intelligence assessment of such organization, group, or individual; and</text>
 </clause><clause id="H25DFE86E15444C838D78464370D7F16B"><enum>(iii)</enum><text>a detailed description of the covered assistance, the method of transfer of the covered assistance, and use of covered assistance.</text>
 </clause></subparagraph></paragraph></subsection><subsection id="H37EAA9A6D6B54155A07C6AA0B64262A1"><enum>(c)</enum><header>Additional briefing requirements</header><text>The Director of National Intelligence shall—</text> <paragraph id="H518DDF7BF74A4859BC7E39C37242CEAF"><enum>(1)</enum><text>in addition to carrying out subsection (a)(2)(C), brief the appropriate congressional committees on—</text>
 <subparagraph id="H71813E2FE9314E35955D353EFBD3D90E"><enum>(A)</enum><text>any other individual or group that the Director considered in carrying out such subsection but did not make a determination that the group or individual is affiliated with, associated with, cooperating with, or is an adherent to Al Qaeda, Jabhat Fateh al-Sham, or ISIL; and</text>
 </subparagraph><subparagraph id="HBEBFFF51DF3F4F968E5F7893AC87D7DD"><enum>(B)</enum><text>the justification for not making the determination; and</text> </subparagraph></paragraph><paragraph id="H09F349470E8241D5B4CECD43A1C47CCC"><enum>(2)</enum><text>in addition to carrying out subsection (b)(2)(C), brief the appropriate congressional committees on—</text>
 <subparagraph id="HB1F1059F407E4BBAA739EB578FCA655E"><enum>(A)</enum><text>any other country that the Director considered in carrying out such subsection but did not make a determination that the country provided covered assistance to Al Qaeda, Jabhat Fateh al-Sham, or the Islamic State of Iraq and the Levant (ISIL), or any individual or group that is affiliated with, associated with, cooperating with, or adherents to those organizations; and</text>
 </subparagraph><subparagraph id="HC65D198698CD4EB4BBD2F8A17E0BE9FB"><enum>(B)</enum><text>the justification for not making the determination.</text> </subparagraph></paragraph></subsection><subsection id="H910855A7C22846888F9169FE061DB2A4"><enum>(d)</enum><header>Definitions</header><text>In this section:</text>
 <paragraph id="HE2C35C59B9FE4FF79273F28AA910610E"><enum>(1)</enum><header>Appropriate congressional committees</header><text>The term <term>appropriate congressional committees</term> means—</text> <subparagraph id="H2AA5CB137AA742B6874D915949ED987A"><enum>(A)</enum><text>the Committee on Foreign Affairs, the Committee on Armed Services, and the Permanent Select Committee on Intelligence of the House of Representatives; and</text>
 </subparagraph><subparagraph id="H0C871D1EEB2E4A8A85CB3E2DB35336B3"><enum>(B)</enum><text>the Committee on Foreign Relations, the Committee on Armed Services, and the Select Committee on Intelligence of the Senate.</text>
 </subparagraph></paragraph><paragraph id="H3E92E68CB8C441D7AF2EE4EF6511E575"><enum>(2)</enum><header>Covered assistance</header><text>The term <term>covered assistance</term> means—</text> <subparagraph id="H867B243D51864A0EAC9EE3B3DB625444"><enum>(A)</enum><text>defense articles, defense services, training or logistical support, or any other military assistance provided by grant, loan, credit, transfer, or cash sales;</text>
 </subparagraph><subparagraph id="HD4920ABB25F54CE1B7AD2300699F854F"><enum>(B)</enum><text>intelligence sharing; or</text> </subparagraph><subparagraph id="H4D1D07EFC0B24ED380CFBFBBD84AD5AE"><enum>(C)</enum><text>cash assistance.</text>
 </subparagraph></paragraph><paragraph id="HF86919524C27403FA972DA088882EACC"><enum>(3)</enum><header>Defense articles and defense services</header><text>The terms <term>defense articles</term> and <term>defense services</term> have the meanings given such terms in sections 47(3) and 47(4) of the Arms Export Control Act (<external-xref legal-doc="usc" parsable-cite="usc/22/2794">22 U.S.C. 2794</external-xref> note), respectively.</text>
				</paragraph></subsection></section></legis-body></bill>


