<?xml version="1.0"?>
<?xml-stylesheet type="text/xsl" href="billres.xsl"?>
<!DOCTYPE bill PUBLIC "-//US Congress//DTDs/bill.dtd//EN" "bill.dtd">
<bill bill-stage="Introduced-in-House" bill-type="olc" dms-id="H57A0DD84B6944ED5928B0CDB1D99ABDC" key="H" public-private="public"><metadata xmlns:dc="http://purl.org/dc/elements/1.1/">
<dublinCore>
<dc:title>115 HR 247 IH: Health Savings Account Expansion Act of 2017</dc:title>
<dc:publisher>U.S. House of Representatives</dc:publisher>
<dc:date>2017-01-04</dc:date>
<dc:format>text/xml</dc:format>
<dc:language>EN</dc:language>
<dc:rights>Pursuant to Title 17 Section 105 of the United States Code, this file is not subject to copyright protection and is in the public domain.</dc:rights>
</dublinCore>
</metadata>
<form>
<distribution-code display="yes">I</distribution-code><congress display="yes">115th CONGRESS</congress><session display="yes">1st Session</session><legis-num display="yes">H. R. 247</legis-num><current-chamber>IN THE HOUSE OF REPRESENTATIVES</current-chamber><action display="yes"><action-date date="20170104">January 4, 2017</action-date><action-desc><sponsor name-id="B001290">Mr. Brat</sponsor> (for himself, <cosponsor name-id="G000552">Mr. Gohmert</cosponsor>, <cosponsor name-id="M001187">Mr. Meadows</cosponsor>, <cosponsor name-id="R000487">Mr. Royce of California</cosponsor>, <cosponsor name-id="R000592">Mr. Rokita</cosponsor>, <cosponsor name-id="S001183">Mr. Schweikert</cosponsor>, <cosponsor name-id="G000558">Mr. Guthrie</cosponsor>, and <cosponsor name-id="G000565">Mr. Gosar</cosponsor>) introduced the following bill; which was referred to the <committee-name committee-id="HWM00">Committee on Ways and Means</committee-name></action-desc></action><legis-type>A BILL</legis-type><official-title display="yes">To amend the Internal Revenue Code of 1986 to expand the permissible use of health savings accounts
			 to include health insurance payments and to increase the dollar limitation
			 for contributions to health savings accounts, and for other purposes.</official-title></form>
	<legis-body id="H10AF69C88D7E470BBDB2C94D6798511A" style="OLC">
 <section id="H0E520B1F55F14E76A4E6E10F8426C469" section-type="section-one"><enum>1.</enum><header>Short title</header><text display-inline="no-display-inline">This Act may be cited as the <quote><short-title>Health Savings Account Expansion Act of 2017</short-title></quote>.</text> </section><section id="H545D1D8DAE224E4FA4B5C7062B31B081"><enum>2.</enum><header>Adequate funds for health insurance plans</header> <subsection id="H57A6FCC3779A41BC8DAC05143EC2B0C6"><enum>(a)</enum><header>In general</header><text><external-xref legal-doc="usc" parsable-cite="usc/26/223">Section 223(b)(1)</external-xref> of the Internal Revenue Code of 1986 is amended by striking <quote>the sum of the monthly</quote> and all that follows through <quote>eligible individual</quote> and inserting <quote>$9,000 ($18,000 in the case of a joint return)</quote>.</text>
			</subsection><subsection id="HFD8342E882B24A7EAF54D9EC7544C78F"><enum>(b)</enum><header>Conforming amendments</header>
 <paragraph id="HB459A782328B4F4CA6C742908A2C4BE2"><enum>(1)</enum><text>Subsection (b) of such Code is amended by striking paragraphs (2), (3), and (5) and by redesignating paragraphs (4), (6), (7), and (8) as paragraphs (2), (3), (4), and (5), respectively.</text>
 </paragraph><paragraph id="HD7ACB12E067F477084A8296B4D1E5784"><enum>(2)</enum><text>Section 223(b)(2) of such Code (as redesignated by paragraph (1)) is amended by striking the last sentence.</text>
 </paragraph><paragraph id="HC930E4F65B064216AD37DAE71AE1A569"><enum>(3)</enum><text>Section 223(b)(4) of such Code (as redesignated by paragraph (1)) is amended to read as follows:</text> <quoted-block display-inline="no-display-inline" id="HB03E72BB036F4E99B8EAC51399EB6238" style="OLC"> <paragraph id="HE28ACEF744D34C98A9CE7BD05F0B6081"><enum>(4)</enum><header>Medicare eligible individuals</header><text display-inline="yes-display-inline">The limitation under this subsection for any taxable year with respect to an individual shall—</text>
 <subparagraph id="HC1C4CF3692354CB5A278A50E0ADD3F16"><enum>(A)</enum><text>in the case of the first taxable year in which such individual is entitled to benefits under title XVIII of the Social Security Act, be the amount which bears the same proportion to the amount in effect under paragraph (1) with respect to such individual as—</text>
 <clause id="HC7DFC692D4104F5A98BD553524E31F65"><enum>(i)</enum><text>the number of months in the taxable year during which such individual was not so entitled, bears to</text> </clause><clause id="H7D45160A361E40648417EB92480A08B7"><enum>(ii)</enum><text>12, and</text>
 </clause></subparagraph><subparagraph id="H0412EE24B0B848969A400D8289A9D451"><enum>(B)</enum><text>be zero for any taxable year thereafter.</text></subparagraph></paragraph><after-quoted-block>.</after-quoted-block></quoted-block> </paragraph><paragraph id="H08B10AC80FF14230A282930C401B291B"><enum>(4)</enum><text>Section 223(g)(1) of such Code is amended—</text>
 <subparagraph id="H0F1FAD7C08A84220AF2099233E8BB243"><enum>(A)</enum><text>in the matter preceding subparagraph (A) by striking <quote>Each dollar amount in subsection (b)(2)</quote> and inserting <quote>In the case of taxable years beginning after December 31, 2017, each dollar amount in subsection (b)(1)</quote>, and</text>
 </subparagraph><subparagraph id="HD6A1056FA3FB4A189748BCDFDA79AC19"><enum>(B)</enum><text>by amending subparagraph (B) to read as follows:</text> <quoted-block display-inline="no-display-inline" id="H92E49D710BF24CC381C8674C323C98F9" style="OLC"> <subparagraph id="H6069392C1C384A65855572A9653F4E7C"><enum>(B)</enum><text display-inline="yes-display-inline">the cost-of-living adjustment determined under section 1(f)(3) for the calendar year in which such taxable year begins determined by substituting <quote>calendar year 2016</quote> for <quote>calendar year 1992</quote>.</text></subparagraph><after-quoted-block>.</after-quoted-block></quoted-block>
 </subparagraph></paragraph></subsection><subsection id="H264B680C5B8642ACBF8966F23FF2655A"><enum>(c)</enum><header>Effective date</header><text display-inline="yes-display-inline">The amendments made by this section shall apply to taxable years beginning after December 31, 2017.</text> </subsection></section><section id="HEDAC6A03B6CC473EA7AC4EB3BE300253"><enum>3.</enum><header>Parity with employer-provided health insurance; direct primary care</header> <subsection id="H9EC91C2286AF450FA96EE3E39B2EDA4A"><enum>(a)</enum><header>In general</header><text display-inline="yes-display-inline"><external-xref legal-doc="usc" parsable-cite="usc/26/223">Section 223(d)(2)</external-xref> of the Internal Revenue Code of 1986 is amended to read as follows:</text>
				<quoted-block display-inline="no-display-inline" id="HE0F738D817AA4428A10F38C03C9EF715" style="OLC">
					<paragraph id="HCD29342A9BC0478F9D3BE254F32E944F"><enum>(2)</enum><header>Qualified medical expenses</header>
 <subparagraph id="H999A2E8154A44243B3351C341B3511F5"><enum>(A)</enum><header>In general</header><text>The term <term>qualified medical expenses</term> means, with respect to an account beneficiary, amounts paid by such beneficiary for medical care (as defined in section 213(d)) for such individual, the spouse of such individual, and any dependent (as defined in section 152, determined without regard to subsections (b)(1), (b)(2), and (d)(1)(B) thereof) of such individual, but only to the extent such amounts are not compensated for by insurance or otherwise.</text>
						</subparagraph><subparagraph id="H23232887474846F08316FB0E426FA47A"><enum>(B)</enum><header>Direct primary care</header>
 <clause id="H810D2EA660B14B498F533A258F17AA2E"><enum>(i)</enum><header>In general</header><text>Such term includes expenses for direct primary care service arrangements.</text> </clause><clause id="HA96930F127CA4EEC9640037B05DEBC92"><enum>(ii)</enum><header>Direct primary care service arrangements</header><text display-inline="yes-display-inline">For purposes of clause (i), the term <quote>direct primary care service arrangements</quote> means an arrangement under which an individual is provided coverage restricted to primary care services in exchange for a fixed periodic fee or payment for primary care services.</text></clause></subparagraph></paragraph><after-quoted-block>.</after-quoted-block></quoted-block>
 </subsection><subsection id="H7A4CF570FD0F490EAE80DB862FBAD381"><enum>(b)</enum><header>Effective date</header><text display-inline="yes-display-inline">The amendments made by this section shall apply to taxable years beginning after December 31, 2017.</text> </subsection></section><section id="HA3EB646ECEBA4B969C7CA74B0DBC2B70"><enum>4.</enum><header>Freedom from mandate</header> <subsection id="H7539FA74F98D4DCCBEE71F9EC8F2807A"><enum>(a)</enum><header>In general</header><text><external-xref legal-doc="usc" parsable-cite="usc/26/223">Section 223</external-xref> of the Internal Revenue Code of 1986, as amended by sections 2 and 3, is amended by striking subsection (c) and redesignating subsections (d) through (h) as subsections (c) through (g), respectively.</text>
			</subsection><subsection id="H4EAF1010231445B898C9AA01505CD0A3"><enum>(b)</enum><header>Conforming amendments</header>
 <paragraph id="H4A7B0DCD7455488D99204619FF42A52C"><enum>(1)</enum><text>Subsection (a) of section 223 of such Code is amended to read as follows:</text> <quoted-block display-inline="no-display-inline" id="HA385C7DAFB174811992E2A840ECE959E" style="OLC"> <subsection id="HD47E135ECC644BF2A945D5C9EB647C3D"><enum>(a)</enum><header>Deduction allowed</header><text>In the case of an individual, there shall be allowed as a deduction for a taxable year an amount equal to the aggregate amount paid in cash during such taxable year by or on behalf of such individual to a health savings account of such individual.</text></subsection><after-quoted-block>.</after-quoted-block></quoted-block>
 </paragraph><paragraph id="H7F9C850D94864327A91151B8F255A743"><enum>(2)</enum><text>Subsection (b) of section 223 of such Code (as amended by section 2) is amended by striking paragraph (5).</text>
 </paragraph><paragraph id="H02D8772310E646F4A433578038ABB92B"><enum>(3)</enum><text>Section 223(c)(1)(A) of such Code (as redesignated by subsection (a)) is amended—</text> <subparagraph id="HCEF50EDD660A461480203AD924B9DEC3"><enum>(A)</enum><text>by striking <quote>subsection (f)(5)</quote> and inserting <quote>subsection (e)(5)</quote>, and</text>
 </subparagraph><subparagraph id="H67FC6E0EA4C74F8091F964658A2EDB18"><enum>(B)</enum><text>in clause (ii) by striking <quote>the sum <linebreak></linebreak>of—</quote> and all that follows and inserting <quote>the dollar amount in effect under subsection (b)(1).</quote>.</text> </subparagraph></paragraph><paragraph id="HF6139CE0FEC44F5B8E4D36AC2EEE27D2"><enum>(4)</enum><text>Section 223(f)(1) of such Code (as redesignated by subsection (a)) is amended by striking <quote>subsections (b)(1) and (c)(2)(A)</quote> and inserting <quote>subsection (b)(1)</quote>.</text>
 </paragraph><paragraph id="HF74189E37D1B4BD3975D6480718A7106"><enum>(5)</enum><text display-inline="yes-display-inline">Section 26(b)(2)(U) of such Code is amended by striking <quote>section 223(f)(4)</quote> and inserting <quote>section 223(e)(4)</quote>.</text> </paragraph><paragraph id="HAAD0191ABDE4488485D725713059B7A6"><enum>(6)</enum><text>Sections 35(g)(3), 220(f)(5)(A), 848(e)(1)(v), 4973(a)(5), and 6051(a)(12) of such Code are each amended by striking <quote>section 223(d)</quote> each place it appears and inserting <quote>section 223(c)</quote>.</text>
 </paragraph><paragraph id="H89D165D52FB24EC1818D1C4615F0A31B"><enum>(7)</enum><text>Section 106(d)(1) of such Code is amended—</text> <subparagraph id="H20D01BF2CAEF4356AC08D0B956254D60"><enum>(A)</enum><text>by striking <quote>who is an eligible individual (as defined in section 223(c)(1))</quote>, and</text>
 </subparagraph><subparagraph id="H05568F1F2AE648318831F89C6EE70C93"><enum>(B)</enum><text>by striking <quote>section 223(d)</quote> and inserting <quote>section 223(c)</quote>.</text> </subparagraph></paragraph><paragraph commented="no" id="H0FF1DBBA1964477DA2F549E1B0FC12F4"><enum>(8)</enum><text>Section 408(d)(9) of such Code is amended—</text>
 <subparagraph commented="no" id="H81DFE403E5244A7899099778E504BA36"><enum>(A)</enum><text>in subparagraph (A) by striking <quote>who is an eligible individual (as defined in section 223(c)) and</quote>, and</text> </subparagraph><subparagraph commented="no" id="H3107C9A219C94C9C9824C845344EBCD5"><enum>(B)</enum><text>in subparagraph (C) by striking <quote>computed on the basis of the type of coverage under the high deductible health plan covering the individual at the time of the qualified HSA funding distribution</quote>.</text>
 </subparagraph></paragraph><paragraph commented="no" id="HF2D5F7160EC04EB2BA45B13A3D9A542A"><enum>(9)</enum><text>Section 877A(g)(6) of such Code is amended by striking <quote>223(f)(4)</quote> and inserting <quote>223(e)(4)</quote>.</text> </paragraph><paragraph id="HA3B44941ED684C939C90C0C59F3844B0"><enum>(10)</enum><text>Section 4973(g) of such Code is amended—</text>
 <subparagraph id="H770C8A33ADD64F709B2396E72F46BD15"><enum>(A)</enum><text>by striking <quote>section 223(d)</quote> and inserting <quote>section 223(c)</quote>,</text> </subparagraph><subparagraph id="HDAF6804C4CAC49FD9C1814E4942FEEF8"><enum>(B)</enum><text>in paragraph (2), by striking <quote>section 223(f)(2)</quote> and inserting <quote>section 223(e)(2)</quote>, and</text>
 </subparagraph><subparagraph id="HCFAEE8E2A0C54BF78F6145537A66B887"><enum>(C)</enum><text>by striking <quote>section 223(f)(3)</quote> and inserting <quote>section 223(e)(3)</quote>.</text> </subparagraph></paragraph><paragraph id="H0208FFA6239F484597E4AA790A78AD4C"><enum>(11)</enum><text>Section 4975 of such Code is amended—</text>
 <subparagraph id="HF05A3EA3AFA64DF1AFA5F4E48765A715"><enum>(A)</enum><text>in subsection (c)(6)—</text> <clause id="H3A654C2BFE7D4D22832EFAF05FA70058"><enum>(i)</enum><text>by striking <quote>section 223(d)</quote> and inserting <quote>section 223(c)</quote>, and</text>
 </clause><clause id="H0072EC25E46D4F998FF088AB45A934F0"><enum>(ii)</enum><text>by striking <quote>section 223(e)(2)</quote> and inserting <quote>section 223(d)(2)</quote>, and</text> </clause></subparagraph><subparagraph id="HE2355EE5900541A9B3947A5254937BF7"><enum>(B)</enum><text>in subsection (e)(1)(E), by striking <quote>section 223(d)</quote> and inserting <quote>section 223(c)</quote>.</text>
 </subparagraph></paragraph><paragraph id="H2CC52F15A87044849B5C243782F730AB"><enum>(12)</enum><text>Section 6693(a)(2)(C) of such Code is amended by striking <quote>section 223(h)</quote> and inserting <quote>section 223(g)</quote>.</text> </paragraph></subsection><subsection id="H352B50FA6D374722B279F5BE871E2352"><enum>(c)</enum><header>Effective date</header><text display-inline="yes-display-inline">The amendments made by this section shall apply to taxable years beginning after December 31, 2017.</text>
			</subsection></section><section id="H5FA0FECBB08F4C4CB23EF4F110B38112"><enum>5.</enum><header>Restoring Lower Penalty for Nonqualified Distributions</header>
 <subsection id="HC465276DE5B54F3CB2F019E76233C000"><enum>(a)</enum><header>HSAs</header><text display-inline="yes-display-inline"><external-xref legal-doc="usc" parsable-cite="usc/26/223">Section 223(e)(4)(A)</external-xref> of the Internal Revenue Code of 1986, as amended by section 4, is amended by striking <quote>20 percent</quote> and inserting <quote>10 percent</quote>.</text>
 </subsection><subsection display-inline="no-display-inline" id="H1D6E9BC6339046148BCF2CDA0B18A232"><enum>(b)</enum><header>Effective date</header><text display-inline="yes-display-inline">The amendment made by this section shall apply to distributions made in taxable years beginning after December 31, 2017.</text>
			</subsection></section></legis-body></bill>


