<?xml version="1.0"?>
<?xml-stylesheet type="text/xsl" href="billres.xsl"?>
<!DOCTYPE bill PUBLIC "-//US Congress//DTDs/bill.dtd//EN" "bill.dtd">
<bill bill-stage="Introduced-in-House" bill-type="olc" dms-id="H5F1D4AB9F39A458194343B85E3135B43" key="H" public-private="public"><metadata xmlns:dc="http://purl.org/dc/elements/1.1/">
<dublinCore>
<dc:title>115 HR 199 IH: Chicano Park Preservation Act</dc:title>
<dc:publisher>U.S. House of Representatives</dc:publisher>
<dc:date>2017-01-03</dc:date>
<dc:format>text/xml</dc:format>
<dc:language>EN</dc:language>
<dc:rights>Pursuant to Title 17 Section 105 of the United States Code, this file is not subject to copyright protection and is in the public domain.</dc:rights>
</dublinCore>
</metadata>
<form>
<distribution-code display="yes">I</distribution-code><congress display="yes">115th CONGRESS</congress><session display="yes">1st Session</session><legis-num display="yes">H. R. 199</legis-num><current-chamber>IN THE HOUSE OF REPRESENTATIVES</current-chamber><action display="yes"><action-date date="20170103">January 3, 2017</action-date><action-desc><sponsor name-id="V000130">Mr. Vargas</sponsor> (for himself, <cosponsor name-id="C001097">Mr. Cárdenas</cosponsor>, <cosponsor name-id="S000248">Mr. Serrano</cosponsor>, <cosponsor name-id="G000551">Mr. Grijalva</cosponsor>, and <cosponsor name-id="P000608">Mr. Peters</cosponsor>) introduced the following bill; which was referred to the <committee-name committee-id="HII00">Committee on Natural Resources</committee-name></action-desc></action><legis-type>A BILL</legis-type><official-title display="yes">To authorize the Secretary of the Interior to conduct a special resource study of Chicano Park,
			 located in San Diego, California, and for other purposes.</official-title></form>
	<legis-body id="HEA52E1C3843E40818CCC95744184BDD5" style="OLC">
 <section id="H99D60450207849AA9634CF79A5D1F170" section-type="section-one"><enum>1.</enum><header>Short title</header><text display-inline="no-display-inline">This Act may be cited as the <quote><short-title>Chicano Park Preservation Act</short-title></quote>.</text> </section><section id="H2FBD4C4357A3428CA97DFDEC58D9F912"><enum>2.</enum><header>Special resource study</header> <subsection id="HC411A6E72C3641D3B371075E117DE71B"><enum>(a)</enum><header>Study</header><text>The Secretary of the Interior shall conduct a special resource study of Chicano Park and its murals located in San Diego, California.</text>
 </subsection><subsection id="HA18514727B5C48C4AE6EE5BCC77FBE5E"><enum>(b)</enum><header>Contents</header><text>In conducting the study under subsection (a), the Secretary shall—</text> <paragraph id="HA7F13E7B1DF247819F6DDC9CCF330F47"><enum>(1)</enum><text>evaluate the national significance of the site;</text>
 </paragraph><paragraph id="H2204899447C24D5C84835203D9E655C8"><enum>(2)</enum><text>determine the suitability and feasibility of designating the site as a National Historic Landmark or Affiliated Area of the National Park System;</text>
 </paragraph><paragraph id="HC3EB90CABBC24D22A24B0D6FDC63EEFD"><enum>(3)</enum><text>consider other alternatives for preservation, protection, and interpretation of Chicano Park and its murals by Federal, State, or local governmental entities, or private and nonprofit organizations;</text>
 </paragraph><paragraph id="H8BBF0B9B4A9B4E01B83FEBAF662FE8F7"><enum>(4)</enum><text>consult with interested Federal, State, or local governmental entities, private and nonprofit organizations or any other interested individuals; and</text>
 </paragraph><paragraph id="H8E843320FD0F49C5AEDA7C87961A7245"><enum>(5)</enum><text>identify cost estimates for any development, interpretation, operation, and maintenance associated with the alternatives.</text>
 </paragraph></subsection><subsection id="HCC1B0320857B42808D0040774FAC57A3"><enum>(c)</enum><header>Applicable law</header><text>The study required under subsection (a) shall be conducted in accordance with section 100507 of title 54, United States Code, except that the study shall not consider any options that involve Federal acquisition of lands, interests in lands, or any other property related to the Chicano Park and its murals.</text>
 </subsection><subsection id="H3891CF5444254BA5A00858887510D7B4"><enum>(d)</enum><header>Report</header><text>Not later than 18 months after the date on which funds are first made available for the study under subsection (a), the Secretary shall submit to the Committee on Natural Resources of the House of Representatives and the Committee on Energy and Natural Resources of the Senate a report containing the results of the study and any conclusions and recommendations of the Secretary.</text>
			</subsection></section></legis-body></bill>


