<?xml version="1.0"?>
<?xml-stylesheet type="text/xsl" href="billres.xsl"?>
<!DOCTYPE bill PUBLIC "-//US Congress//DTDs/bill.dtd//EN" "bill.dtd">
<bill bill-stage="Referred-in-Senate" bill-type="olc" dms-id="H69C697A855154ED9B3C9CDF69DD7D906" key="H" public-private="public" stage-count="1">
	<metadata xmlns:dc="http://purl.org/dc/elements/1.1/">
<dublinCore>
<dc:title>115 HR 321 : Inspiring the Next Space Pioneers, Innovators, Researchers, and Explorers (INSPIRE) Women Act</dc:title>
<dc:publisher>U.S. House of Representatives</dc:publisher>
<dc:date>2017-01-11</dc:date>
<dc:format>text/xml</dc:format>
<dc:language>EN</dc:language>
<dc:rights>Pursuant to Title 17 Section 105 of the United States Code, this file is not subject to copyright protection and is in the public domain.</dc:rights>
</dublinCore>
</metadata>
<form>
		<distribution-code display="yes">IIB</distribution-code>
		<congress display="yes">115th CONGRESS</congress><session display="yes">1st Session</session>
		<legis-num display="yes">H. R. 321</legis-num>
		<current-chamber display="yes">IN THE SENATE OF THE UNITED STATES</current-chamber>
		<action><action-date date="20170111">January 11, 2017</action-date><action-desc>Received; read twice and referred to the <committee-name committee-id="SSCM00">Committee on Commerce, Science, and Transportation</committee-name></action-desc></action><legis-type>AN ACT</legis-type>
		<official-title display="yes">To inspire women to enter the aerospace field, including science, technology, engineering, and
			 mathematics, through mentorship and outreach.</official-title>
	</form>
	<legis-body id="H17C28955CC44475A95592E7FA8608609" style="OLC">
 <section id="HBFB31DA144484DB79A2CD1428F1C25AB" section-type="section-one"><enum>1.</enum><header>Short title</header><text display-inline="no-display-inline">This Act may be cited as the <quote><short-title>Inspiring the Next Space Pioneers, Innovators, Researchers, and Explorers (INSPIRE) Women Act</short-title></quote>.</text> </section><section id="H7FC2762119284FACB1F7F8CFFCDDD04B"><enum>2.</enum><header>Findings</header><text display-inline="no-display-inline">The Congress finds that—</text>
 <paragraph id="HD1B34DCE650E4D5D9215AE6A054A4D8D"><enum>(1)</enum><text display-inline="yes-display-inline">NASA GIRLS and NASA BOYS are virtual mentoring programs using commercially available video chat programs to pair National Aeronautics and Space Administration mentors with young students anywhere in the country. NASA GIRLS and NASA BOYS give young students the opportunity to interact and learn from real engineers, scientists, and technologists.</text>
 </paragraph><paragraph id="H343ACBAF172B436D93B1DFAF330C24E9"><enum>(2)</enum><text>The Aspire to Inspire (A2I) program engages young girls to present science, technology, engineering, and mathematics (STEM) career opportunities through the real lives and jobs of early career women at NASA.</text>
 </paragraph><paragraph id="H93C489CC80514F41B51998A328956165"><enum>(3)</enum><text display-inline="yes-display-inline">The Summer Institute in Science, Technology, Engineering, and Research (SISTER) program at the Goddard Space Flight Center is designed to increase awareness of, and provide an opportunity for, female middle school students to be exposed to and explore nontraditional career fields with Goddard Space Flight Center women engineers, mathematicians, scientists, technicians, and researchers.</text>
 </paragraph></section><section id="H8E0B1A236DB642EBBA27DC2DE10F2FF1"><enum>3.</enum><header>Supporting women’s involvement in the fields of aerospace and space exploration</header><text display-inline="no-display-inline">The Administrator of the National Aeronautics and Space Administration shall encourage women and girls to study science, technology, engineering, and mathematics, pursue careers in aerospace, and further advance the Nation’s space science and exploration efforts through support of the following initiatives:</text>
 <paragraph id="H2A7E9187FA124D7E80067FA175C9E20D"><enum>(1)</enum><text>NASA GIRLS and NASA BOYS.</text> </paragraph><paragraph id="H6349761876114A138B6B4416FEF59E83"><enum>(2)</enum><text>Aspire to Inspire.</text>
 </paragraph><paragraph id="HC50983C9822447DCBD04F4AEBD7223BA"><enum>(3)</enum><text>Summer Institute in Science, Technology, Engineering, and Research.</text> </paragraph></section><section id="H09A3338509994EC3BB627E13B06E801B"><enum>4.</enum><header>Plan</header><text display-inline="no-display-inline">Not later than 90 days after the date of enactment of this Act, the Administrator shall submit to the Committee on Science, Space, and Technology of the House of Representatives and the Committee on Commerce, Science, and Transportation of the Senate a plan for how NASA can best facilitate and support both current and retired astronauts, scientists, engineers, and innovators, including early career female astronauts, scientists, engineers, and innovators, to engage with K–12 female STEM students and inspire the next generation of women to consider participating in the fields of science, technology, engineering, and mathematics and to pursue careers in aerospace. This plan shall—</text>
 <paragraph id="H5801A86235AD4A8B89CE57BF79EE7004"><enum>(1)</enum><text>report on existing activities with current and retired NASA astronauts, scientists, engineers, and innovators;</text>
 </paragraph><paragraph id="H2A62C30D71D94C5587860968D6BADFC6"><enum>(2)</enum><text>identify how NASA could best leverage existing authorities to facilitate and support current and retired astronaut, scientist, engineer, and innovator participation in NASA outreach efforts;</text>
 </paragraph><paragraph id="H8D16ADEAE53146B6989AD6B9D983D360"><enum>(3)</enum><text>propose and describe a program specific to retired astronauts, scientists, engineers, and innovators; and</text>
 </paragraph><paragraph id="HB00D0F9774464BD48993CD86F419BCF1"><enum>(4)</enum><text>identify any additional authorities necessary to institute such a program.</text> </paragraph></section></legis-body><attestation><attestation-group><attestation-date chamber="House" date="20170110">Passed the House of Representatives January 10, 2017.</attestation-date><attestor display="yes">Karen L. Haas,</attestor><role>Clerk</role></attestation-group></attestation> </bill> 

