<?xml version="1.0"?>
<?xml-stylesheet type="text/xsl" href="billres.xsl"?>
<!DOCTYPE bill PUBLIC "-//US Congress//DTDs/bill.dtd//EN" "bill.dtd">
<bill bill-stage="Introduced-in-House" bill-type="olc" dms-id="HAA60392186DF4CCBB6805165E958DF10" key="H" public-private="public"><metadata xmlns:dc="http://purl.org/dc/elements/1.1/">
<dublinCore>
<dc:title>115 HR 116 IH: Main Street Fairness Act</dc:title>
<dc:publisher>U.S. House of Representatives</dc:publisher>
<dc:date>2017-01-03</dc:date>
<dc:format>text/xml</dc:format>
<dc:language>EN</dc:language>
<dc:rights>Pursuant to Title 17 Section 105 of the United States Code, this file is not subject to copyright protection and is in the public domain.</dc:rights>
</dublinCore>
</metadata>
<form>
<distribution-code display="yes">I</distribution-code><congress display="yes">115th CONGRESS</congress><session display="yes">1st Session</session><legis-num display="yes">H. R. 116</legis-num><current-chamber>IN THE HOUSE OF REPRESENTATIVES</current-chamber><action display="yes"><action-date date="20170103">January 3, 2017</action-date><action-desc><sponsor name-id="B001260">Mr. Buchanan</sponsor> introduced the following bill; which was referred to the <committee-name committee-id="HWM00">Committee on Ways and Means</committee-name></action-desc></action><legis-type>A BILL</legis-type><official-title display="yes">To amend the Internal Revenue Code of 1986 to ensure that pass-through businesses do not pay tax at
			 a higher rate than corporations.</official-title></form>
	<legis-body id="HA79564B87D004F97ADF97F8288B6DF37" style="OLC">
 <section id="H9DF12E35F52A43B0886A9F19B39EBC70" section-type="section-one"><enum>1.</enum><header>Short title</header><text display-inline="no-display-inline">This Act may be cited as the <quote><short-title>Main Street Fairness Act</short-title></quote>.</text> </section><section id="H6678EFAB23B749A6AFA33BDEA8AFB5A2" section-type="subsequent-section"><enum>2.</enum><header>Business income of pass-through entities and individuals</header> <subsection id="H9ABA18FEFFA34077B7246485174A5242"><enum>(a)</enum><header>Qualified business income taxed at corporate rate</header><text><external-xref legal-doc="usc" parsable-cite="usc/26/1">Section 1</external-xref> of the Internal Revenue Code of 1986 is amended by redesignating subsection (i) as subjection (j) and by inserting after subsection (h) the following:</text>
				<quoted-block display-inline="no-display-inline" id="H47AFDE9731C34086AED2E76CF45FA288" style="OLC">
					<subsection id="H0430B7C99A794826843CD3C8A7AFC0BA"><enum>(i)</enum><header>Qualified business income</header>
 <paragraph id="H46368B2A4A9544B78C8B26AD625C04DD"><enum>(1)</enum><header>In general</header><text>If a taxpayer has qualified business income for any taxable year, the tax imposed by this section for such taxable year shall not exceed the sum of—</text>
 <subparagraph id="H061C00A426FD45C1B2584B02E4A8003B"><enum>(A)</enum><text>a tax computed at the rates and in the same manner as if this subsection had not been enacted on the greater of—</text>
 <clause id="HBB591BF2265A4A94B7800A7EB85A8D13"><enum>(i)</enum><text>taxable income reduced by the sum of net capital gain plus qualified business income, or</text> </clause><clause id="H54DBBC597A604099A3A263A75F606AFC"><enum>(ii)</enum><text display-inline="yes-display-inline">the amount determined under clause (i) plus so much of qualified business income that, when added together, would not be taxed at a rate greater than the maximum rate in effect under section 11(b),</text>
 </clause></subparagraph><subparagraph id="HAC26C0D651724510992F587C6B890AE2"><enum>(B)</enum><text display-inline="yes-display-inline">tax on qualified business income reduced by the amount of qualified business income on which a tax is determined under subparagraph (A) (if any), determined under section 11 for the taxable year by treating qualified business income as taxable income of a corporation, plus</text>
 </subparagraph><subparagraph id="HA0A139A983BC45ACA9A218E11934631D"><enum>(C)</enum><text>a tax on net capital gain, computed as if subsection (h) imposed a tax on net capital gain.</text> </subparagraph></paragraph><paragraph id="H443E92E986794783AEC7329475476A22"><enum>(2)</enum><header>Qualified business income defined</header><text>For purposes of this subsection—</text>
 <subparagraph id="HC1768070DCEB486599CD1AE4CF04F3F3"><enum>(A)</enum><header>Qualified business income</header><text display-inline="yes-display-inline">The term <term>qualified business income</term> means all items of income, deduction, loss, or credit properly attributable to the taxpayer from the active conduct of a trade or business in which—</text>
 <clause id="H90E47CF1503642EAAF7A240566A095BE"><enum>(i)</enum><text>in the case of a partnership, the taxpayer holds a capital or profits interest,</text> </clause><clause display-inline="no-display-inline" id="HD4A76F43F36348BDB33DFF9FFC7064A6"><enum>(ii)</enum><text>in the case of an S corporation, the taxpayer is a shareholder,</text>
 </clause><clause id="H75187C279BD24A5F86D36B0A9D80F4D2"><enum>(iii)</enum><text display-inline="yes-display-inline">in the case of a sole proprietorship or an entity otherwise disregarded as separate from its sole owner, the taxpayer is the sole owner, and</text>
 </clause><clause id="HFE761B04643C435BB8CDB0CF0B4A5507"><enum>(iv)</enum><text display-inline="yes-display-inline">in the case of a trust or estate, the taxpayer is a beneficiary.</text> </clause></subparagraph><subparagraph id="HFD348E834BBA4B84AB1A6A503CF4A7D3"><enum>(B)</enum><header>Net capital gain</header><text>Such term shall not include any item taken into account in determining net capital gain.</text>
 </subparagraph><subparagraph id="H029AEAB9B07B4065A5C10102D13F749E"><enum>(C)</enum><header>Exception for financial services income of partnerships</header><text display-inline="yes-display-inline">In the case of a taxpayer who holds a capital or profits interest in a partnership, such term does not include financial services income (as defined in section 904(d)(2)(D)).</text>
 </subparagraph></paragraph><paragraph id="H317EE9B375EE4DDAAB3FEE4F91D05203"><enum>(3)</enum><header>Limitation</header><text display-inline="yes-display-inline">Paragraph (1) shall only apply to a taxable year in which the maximum rate of tax under this section exceeds the maximum rate of tax under section 11.</text>
 </paragraph><paragraph id="H5677E60C50D144A294ECE31B8E0B94EC"><enum>(4)</enum><header>Net capital gain</header><text>For purposes of this subsection, the term <term>net capital gain</term> has the meaning given to such term by subsection (h).</text> </paragraph><paragraph id="HBEF20FEC77A6461E93EBEA32BF78AB80"><enum>(5)</enum><header>Regulations</header><text>The Secretary shall issue such regulations or other guidance as may be necessary to carry out the purposes of this subsection.</text></paragraph></subsection><after-quoted-block>.</after-quoted-block></quoted-block>
 </subsection><subsection id="H753C56CCD3FE4EE3A801F3904F60E733"><enum>(b)</enum><header>Effective date</header><text>The amendments made by this section shall apply to taxable years beginning after the date of the enactment of this Act.</text>
			</subsection></section></legis-body></bill>


