<?xml version="1.0"?>
<?xml-stylesheet type="text/xsl" href="billres.xsl"?>
<!DOCTYPE bill PUBLIC "-//US Congress//DTDs/bill.dtd//EN" "bill.dtd">
<bill bill-stage="Introduced-in-House" bill-type="olc" dms-id="HC6D3CB035DBB4873AE80932A34E21690" key="H" public-private="public"><metadata xmlns:dc="http://purl.org/dc/elements/1.1/">
<dublinCore>
<dc:title>115 HR 66 IH: Route 66 Centennial Commission Act</dc:title>
<dc:publisher>U.S. House of Representatives</dc:publisher>
<dc:date>2017-01-03</dc:date>
<dc:format>text/xml</dc:format>
<dc:language>EN</dc:language>
<dc:rights>Pursuant to Title 17 Section 105 of the United States Code, this file is not subject to copyright protection and is in the public domain.</dc:rights>
</dublinCore>
</metadata>
<form>
<distribution-code display="yes">I</distribution-code><congress display="yes">115th CONGRESS</congress><session display="yes">1st Session</session><legis-num display="yes">H. R. 66</legis-num><current-chamber>IN THE HOUSE OF REPRESENTATIVES</current-chamber><action display="yes"><action-date date="20170103">January 3, 2017</action-date><action-desc><sponsor name-id="D000619">Mr. Rodney Davis of Illinois</sponsor> (for himself, <cosponsor name-id="N000179">Mrs. Napolitano</cosponsor>, <cosponsor name-id="L000585">Mr. LaHood</cosponsor>, <cosponsor name-id="K000378">Mr. Kinzinger</cosponsor>, <cosponsor name-id="B001295">Mr. Bost</cosponsor>, <cosponsor name-id="S001150">Mr. Schiff</cosponsor>, <cosponsor name-id="W000812">Mrs. Wagner</cosponsor>, <cosponsor name-id="S000364">Mr. Shimkus</cosponsor>, <cosponsor name-id="L000563">Mr. Lipinski</cosponsor>, <cosponsor name-id="L000576">Mr. Long</cosponsor>, <cosponsor name-id="L000491">Mr. Lucas</cosponsor>, and <cosponsor name-id="F000454">Mr. Foster</cosponsor>) introduced the following bill; which was referred to the <committee-name committee-id="HPW00">Committee on Transportation and Infrastructure</committee-name></action-desc></action><legis-type>A BILL</legis-type><official-title display="yes">To establish the Route 66 Centennial Commission, to direct the Secretary of Transportation to
			 prepare a plan on the preservation needs of Route 66, and for other
			 purposes.</official-title></form>
	<legis-body id="H22C5575FF22C44978E31DA8582388392" style="OLC">
 <section id="H6D125973734B46AB8098EDDC9B1B2544" section-type="section-one"><enum>1.</enum><header>Short title</header><text display-inline="no-display-inline">This Act may be cited as the <quote><short-title>Route 66 Centennial Commission Act</short-title></quote>.</text> </section><section id="HC5D784D34088418C8F8BF91899CA00E3"><enum>2.</enum><header>Findings</header><text display-inline="no-display-inline">Congress makes the following findings:</text>
 <paragraph id="H97DD491837954516AF4012DF8A526502"><enum>(1)</enum><text display-inline="yes-display-inline">Route 66 was the Nation’s first all-paved highway under the U.S. Highway System connecting the Midwest to California and has played a major role in the history of the United States.</text>
 </paragraph><paragraph id="H039F1BDEAA15425DA7C465223CE001CA"><enum>(2)</enum><text>Route 66 was the symbol of opportunity to hundreds of thousands of people seeking escape from the Dust Bowl in the 1930s, serving as a <quote>road to opportunity</quote> in the West and providing employment during the Great Depression, as thousands were put to work on road crews to pave the road.</text>
 </paragraph><paragraph id="HF56F8C749D7D4B30B46402AB117C6272"><enum>(3)</enum><text>Route 66 was invaluable in transporting troops, equipment, and supplies across the country to the West, where the government established multiple industries and armed force bases during World War II. Upon the conclusion of the war in 1945, Route 66 was a key route taken by thousands of troops as they returned home.</text>
 </paragraph><paragraph id="H431652641FEE4C5EB96ADE03375A4F2B"><enum>(4)</enum><text>Route 66 symbolized the Nation’s positive outlook during the postwar economic recovery in the 1950s and 1960s, serving as an icon of free-spirited independence and linking people across the United States. During this period, the tourist industry along Route 66 grew tremendously, giving rise to countless tourist courts, motels, service stations, garages, and diners.</text>
 </paragraph><paragraph id="H4A15E4CD5C1D4CC1B25D34D6CA0EFE44"><enum>(5)</enum><text>Since June 27, 1985, when Route 66 was decommissioned as a Federal highway, the popularity and mythical stature of Route 66 has grown domestically and internationally, as the road has experienced a rebirth of interest and support.</text>
 </paragraph><paragraph id="HC4996ADD1A3A4AFB840C54F81315B043"><enum>(6)</enum><text>The year 2026 will be the centennial anniversary of Route 66, and a commission should be established to study and recommend to Congress activities that are fitting and proper to celebrate that anniversary in a manner that appropriately honors America’s Mother Road.</text>
 </paragraph></section><section id="H3BE53A85F2FD430FADB3DBC15B629D42"><enum>3.</enum><header>Establishment</header><text display-inline="no-display-inline">There is established a commission to be known as the Route 66 Centennial Commission (referred to in this Act as the <quote>Commission</quote>).</text>
 </section><section id="H2E345A33E2194E15954D002562E94354"><enum>4.</enum><header>Duties</header><text display-inline="no-display-inline">The Commission shall have the following duties:</text> <paragraph id="HDC261FF48DDF40669E286876D4F8474E"><enum>(1)</enum><text display-inline="yes-display-inline">To study activities that may be carried out by the Federal Government to determine whether the activities are fitting and proper to honor Route 66 on the occasion of its centennial anniversary, including any of the activities described under section 8(b)(2)(B).</text>
 </paragraph><paragraph id="H1CE11C8679FA40BA801A85B6505299A5"><enum>(2)</enum><text display-inline="yes-display-inline">To recommend to Congress the activities the Commission considers most fitting and proper to honor Route 66 on such occasion, to be carried out by the Department of Transportation and any other entity or entities within the Federal Government that the Commission considers most appropriate to carry out such activities.</text>
 </paragraph><paragraph id="H6C5160A1185F421B81A1D6D14CF37756"><enum>(3)</enum><text display-inline="yes-display-inline">To plan and host, in cooperation with such partners, a conference on the U.S. Numbered Highway System, and assist in the activities of such a conference.</text>
			</paragraph></section><section id="H5AEC38E6F1E94F5E96D4DBAAB652DB3F"><enum>5.</enum><header>Membership</header>
 <subsection id="H6E4BC9A09DA3451C8E3C040E63BD6BE0"><enum>(a)</enum><header>Number and appointment</header><text>The Commission shall be composed of 19 members appointed as follows:</text> <paragraph id="H25F0159F0C5C4F35A604A2D369EFF471"><enum>(1)</enum><text display-inline="yes-display-inline">Three members, each of whom shall be a qualified citizen described in subsection (b), appointed by the President.</text>
 </paragraph><paragraph id="HF4E8A3A850D5475B96F57EEF1C9D0791"><enum>(2)</enum><text>Two members, each of whom shall be a qualified citizen described in subsection (b), appointed by the President on the recommendation of the Secretary of Transportation.</text>
 </paragraph><paragraph id="HD591EBF12882475F84C0E12661DC7CD1"><enum>(3)</enum><text>One member, who shall be a qualified citizen described in subsection (b), appointed by the President on the recommendation of the Governor of Illinois.</text>
 </paragraph><paragraph id="H714682D943DC4CF7B6B7549230837DEB"><enum>(4)</enum><text>One member, who shall be a qualified citizen described in subsection (b), appointed by the President on the recommendation of the Governor of Missouri.</text>
 </paragraph><paragraph id="H0C35B129762C4EB5989224FCF8D63548"><enum>(5)</enum><text>One member, who shall be a qualified citizen described in subsection (b), appointed by the President on the recommendation of the Governor of Kansas.</text>
 </paragraph><paragraph id="H28E082BB2BC54C0D84A4064D28CC9492"><enum>(6)</enum><text>One member, who shall be a qualified citizen described in subsection (b), appointed by the President on the recommendation of the Governor of Oklahoma.</text>
 </paragraph><paragraph id="HC47C062A9E894400A5D45AA76D74777E"><enum>(7)</enum><text>One member, who shall be a qualified citizen described in subsection (b), appointed by the President on the recommendation of the Governor of Texas.</text>
 </paragraph><paragraph id="HC72DFECE6A8849DAB88A173399CCF995"><enum>(8)</enum><text>One member, who shall be a qualified citizen described in subsection (b), appointed by the President on the recommendation of the Governor of New Mexico.</text>
 </paragraph><paragraph id="H7C2BD4F0057F45E9A5444DB871DA425F"><enum>(9)</enum><text>One member, who shall be a qualified citizen described in subsection (b), appointed by the President on the recommendation of the Governor of Arizona.</text>
 </paragraph><paragraph id="HE71241D9A78D4303BE497D35E3C522AF"><enum>(10)</enum><text>One member, who shall be a qualified citizen described in subsection (b), appointed by the President on the recommendation of the Governor of California.</text>
 </paragraph><paragraph id="H8CC9C837F20441C28409B640D5359ED7"><enum>(11)</enum><text display-inline="yes-display-inline">Three members, each of whom shall be a qualified citizen described in subsection (b), appointed by the President on the recommendation of the Speaker of the House of Representatives, in consultation with the minority leader of the House of Representatives.</text>
 </paragraph><paragraph id="HACCE5C888B6447459372429D43F39961"><enum>(12)</enum><text display-inline="yes-display-inline">Three members, each of whom shall be a qualified citizen described in subsection (b), appointed by the President on the recommendation of the majority leader of the Senate, in consultation with the minority leader of the Senate.</text>
 </paragraph></subsection><subsection id="H405877161CDE4052A9C35E87BA79FFEF"><enum>(b)</enum><header>Qualified citizen</header><text>A qualified citizen described in this subsection is a private citizen of the United States with—</text> <paragraph id="H6BE4DBBAD0BB4704988A480FC3D142C8"><enum>(1)</enum><text>a demonstrated dedication to educating others about the importance of historical figures and events; and</text>
 </paragraph><paragraph id="H6F1DA1F721444A76A47CDBC853D0057E"><enum>(2)</enum><text>substantial knowledge and appreciation of Route 66.</text> </paragraph></subsection><subsection id="H351B694B5A2748F3A012C28558B022EF"><enum>(c)</enum><header>Time of appointment</header><text>Each initial appointment of a member of the Commission shall be made before the expiration of the 120-day period beginning on the date of the enactment of this Act.</text>
 </subsection><subsection id="H023DF73BEFAB4E338C4FBE306677B406"><enum>(d)</enum><header>Continuation of membership</header><text>If a member of the Commission was appointed to the Commission as a Member of Congress, and ceases to be a Member of Congress, that member may continue to serve on the Commission for not longer than the 30-day period beginning on the date that member ceases to be a Member of Congress.</text>
 </subsection><subsection id="HB6F1E7F5C4BC43739F568C423D5FBDE0"><enum>(e)</enum><header>Terms</header><text>Each member shall be appointed for the life of the Commission.</text> </subsection><subsection id="H78D7256526144DE9963295CEDB96A1C2"><enum>(f)</enum><header>Vacancies</header><text>A vacancy in the Commission shall not affect the powers of the Commission but shall be filled in the manner in which the original appointment was made.</text>
 </subsection><subsection id="H4D1CE1B2EF624531B62C718D869CF7B7"><enum>(g)</enum><header>Basic pay</header><text>Members shall serve on the Commission without pay.</text> </subsection><subsection id="H1CB389128AC045299A2252F1B6880710"><enum>(h)</enum><header>Travel expenses</header><text>Each member shall receive travel expenses, including per diem in lieu of subsistence, in accordance with sections 5702 and 5703 of title 5, United States Code.</text>
 </subsection><subsection id="HBA5611076FFF47F9BDDE2562BCE89A4A"><enum>(i)</enum><header>Quorum</header><text>Seven members of the Commission shall constitute a quorum but a lesser number may hold hearings.</text> </subsection><subsection id="HEB7C0EEDE2B44988AE28A20EA5C89876"><enum>(j)</enum><header>Chair</header><text display-inline="yes-display-inline">The President, in consultation with the Secretary of Transportation, shall designate one member of the Commission as Chair.</text>
 </subsection><subsection id="HBEBC67A7FFEB4D5D99569B4DA34222CE"><enum>(k)</enum><header>Meetings</header><text>The Commission shall meet at the call of the Chair.</text> </subsection></section><section id="HA43C55DAB08240DB8CBA9A33F2357745"><enum>6.</enum><header>Director and staff</header> <subsection id="HDE99D691C6844362AD666805638E1F26"><enum>(a)</enum><header>Director</header><text>The Commission may appoint and fix the pay of a Director and such additional personnel as the Commission considers to be appropriate.</text>
			</subsection><subsection id="H29BD9DC389D54F57BE372E0F9499E185"><enum>(b)</enum><header>Applicability of certain civil service laws</header>
 <paragraph id="H8BE5A0E7DA6743D4A904EA68FAEF00C4"><enum>(1)</enum><header>Director</header><text>The Director of the Commission may be appointed without regard to the provisions of title 5, United States Code, governing appointments in the competitive service, and may be paid without regard to the provisions of chapter 51 and subchapter III of chapter 53 of that title relating to classification and General Schedule pay rates.</text>
 </paragraph><paragraph id="HE4E7D2ECBB9B497594F4E1FF6B38DA3F"><enum>(2)</enum><header>Staff</header><text>The staff of the Commission shall be appointed subject to the provisions of title 5, United States Code, governing appointments in the competitive service, and shall be paid in accordance with the provisions of chapter 51 and subchapter III of chapter 53 of that title relating to classification and General Schedule pay rates.</text>
				</paragraph></subsection></section><section id="H210194A45FCC454E8F1FA6F0AABFC95D"><enum>7.</enum><header>Powers</header>
 <subsection id="H71EED43F678949439DB715C10F8BD17E"><enum>(a)</enum><header>Hearings and sessions</header><text>The Commission may, for the purpose of carrying out this Act, hold such hearings, sit and act at such times and places, take such testimony, and receive such evidence as the Commission considers to be appropriate.</text>
 </subsection><subsection id="H8A5EA34E6C214860BBF7414F00590328"><enum>(b)</enum><header>Powers of members and agents</header><text>Any member or agent of the Commission may, if authorized by the Commission, take any action that the Commission is authorized to take by this Act.</text>
 </subsection><subsection id="H5CD02681A590437EBB34723C5C08182B"><enum>(c)</enum><header>Obtaining official data</header><text>The Commission may secure directly from any department or agency of the United States information necessary to enable the Commission to carry out this Act. Upon request of the Chair of the Commission, the head of that department or agency shall furnish that information to the Commission.</text>
 </subsection><subsection id="HE55F2523800549ED97D8A475F0B36D5C"><enum>(d)</enum><header>Mails</header><text>The Commission may use the United States mails in the same manner and under the same conditions as other departments and agencies of the United States.</text>
 </subsection><subsection id="H9E7490D88FF54B99A7A165B827C0AA1F"><enum>(e)</enum><header>Administrative support services</header><text>Upon the request of the Commission, the Administrator of General Services shall provide to the Commission, on a reimbursable basis, the administrative support services necessary for the Commission to carry out its responsibilities under this Act.</text>
			</subsection></section><section id="HC432121A9CBF4CF6B6F1B69806C35935"><enum>8.</enum><header>Reports</header>
 <subsection id="H1470CACEB243451BAEAF0E5B5E93A01D"><enum>(a)</enum><header>Interim reports</header><text>The Commission may submit to Congress such interim reports as the Commission considers to be appropriate.</text>
			</subsection><subsection id="H8A49205D1C524EA5B9831E4F4287CB1E"><enum>(b)</enum><header>Comprehensive report</header>
 <paragraph id="H865B26B72C6F4208885DA9A2C8F4F8C6"><enum>(1)</enum><header>In general</header><text>Not later than 5 years after the date of enactment of this Act, the Commission shall submit to the President and Congress a report incorporating specific recommendations for the commemoration of the centennial of Route 66 and related events.</text>
 </paragraph><paragraph id="HAF3BFF3D596F474C9307800E8519CC36"><enum>(2)</enum><header>Contents of report</header><text>The report under paragraph (1)—</text> <subparagraph id="H122F4D73A1AD45C29FA0ECC99AD65647"><enum>(A)</enum><text>shall include recommendations for the allocation of financial and administrative responsibility among the public and private authorities and organizations recommended for participation by the Commission; and</text>
 </subparagraph><subparagraph id="HC561594C5DEB435B92243E1592D31B8F"><enum>(B)</enum><text>may recommend activities such as—</text> <clause id="H311591F7D9E5484BB413B474C7C957AF"><enum>(i)</enum><text>the production, publication, and distribution of books, pamphlets, films, electronic publications, and other educational materials focusing on the history and impact of Route 66 on the United States and the world;</text>
 </clause><clause id="H523005C4ECB74F4890A03A6272EC3C4F"><enum>(ii)</enum><text>bibliographical and documentary projects, publications, and electronic resources;</text> </clause><clause id="H405BE30F9E5443DDBDDD967A0C61D323"><enum>(iii)</enum><text>conferences, convocations, lectures, seminars, and other programs;</text>
 </clause><clause id="H3EACF3220705439CBA56CD9000091F69"><enum>(iv)</enum><text>the development of programs by and for libraries, museums, parks, and historic sites, including national traveling exhibitions;</text>
 </clause><clause id="H1FB5C63FA2664344A80EEB5594F80F94"><enum>(v)</enum><text>ceremonies and celebrations commemorating specific events;</text> </clause><clause id="HD7B134E4730C47D78841337F0EE4781B"><enum>(vi)</enum><text>the production, distribution, and performance of artistic works, and of programs and activities, focusing on the national and international significance of Route 66; and</text>
 </clause><clause id="HAE3450F81D0C454980E680D9FD02085D"><enum>(vii)</enum><text>the issuance of commemorative coins, medals, certificates of recognition, and postage stamps.</text> </clause></subparagraph></paragraph></subsection><subsection id="H07049E93056A4351912933F5DF1619F2"><enum>(c)</enum><header>Final report</header><text display-inline="yes-display-inline">The Commission shall submit to the President and Congress a final report not later than 90 days before the termination of the Commission provided in section 10.</text>
			</subsection></section><section id="HA86C346AC3BE411DAA3141FA540ABFE6"><enum>9.</enum><header>Plan on preservation needs of Route 66</header>
 <subsection id="H2CE551171A8F42A1B0EF98AEA4EEC8D5"><enum>(a)</enum><header>In general</header><text display-inline="yes-display-inline">The Secretary of Transportation, in consultation with the Governors referred to in section 5(a), shall prepare a plan on the preservation needs of Route 66.</text>
 </subsection><subsection id="H9E4E679096E047F7BC8F548FB1C053D5"><enum>(b)</enum><header>Report to Congress</header><text>Not later than 3 years after the date of enactment of this Act, the Secretary shall submit to the Committee on Transportation and Infrastructure of the House of Representatives, the Committee on Environment and Public Works of the Senate, and the President a report containing the plan prepared under subsection (a).</text>
 </subsection></section><section id="H5FF0DB88537A471EAA2C666BACC00975"><enum>10.</enum><header>Budget act compliance</header><text display-inline="no-display-inline">Any spending authority provided under this Act shall be effective only to such extent and in such amounts as are provided in appropriation Acts.</text>
 </section><section id="HAEFCEAC1B13C400CB3A412D067B4AB35"><enum>11.</enum><header>Termination</header><text display-inline="no-display-inline">The Commission shall terminate not later than June 30, 2027.</text> </section><section id="H8352B297E203456085F85FE9CBB2EFD6"><enum>12.</enum><header>Authorization of appropriations</header><text display-inline="no-display-inline">There are authorized to be appropriated such sums as may be necessary to carry out this Act.</text>
		</section></legis-body></bill>


