<?xml version="1.0"?>
<?xml-stylesheet type="text/xsl" href="billres.xsl"?>
<!DOCTYPE bill PUBLIC "-//US Congress//DTDs/bill.dtd//EN" "bill.dtd">
<bill bill-stage="Referred-in-Senate" bill-type="olc" dms-id="HE05C28F25E5B48F7B1BF1302C144755E" key="H" public-private="public" stage-count="1">
	<metadata xmlns:dc="http://purl.org/dc/elements/1.1/">
<dublinCore>
<dc:title>115 HR 599 : Federal Communications Commission Consolidated Reporting Act of 2017</dc:title>
<dc:publisher>U.S. House of Representatives</dc:publisher>
<dc:date>2017-01-24</dc:date>
<dc:format>text/xml</dc:format>
<dc:language>EN</dc:language>
<dc:rights>Pursuant to Title 17 Section 105 of the United States Code, this file is not subject to copyright protection and is in the public domain.</dc:rights>
</dublinCore>
</metadata>
<form>
		<distribution-code display="yes">IIB</distribution-code>
		<congress>115th CONGRESS</congress>
		<session>1st Session</session>
		<legis-num>H. R. 599</legis-num>
		<current-chamber display="yes">IN THE SENATE OF THE UNITED STATES</current-chamber>
		<action><action-date date="20170124">January 24, 2017</action-date><action-desc>Received; read twice and referred to the <committee-name committee-id="SSCM00">Committee on Commerce, Science, and Transportation</committee-name></action-desc></action><legis-type>AN ACT</legis-type>
		<official-title display="yes">To amend the Communications Act of 1934 to consolidate the reporting obligations of the Federal
			 Communications Commission in order to improve congressional oversight and
			 reduce reporting burdens.</official-title>
	</form>
	<legis-body id="H62A85DA4FAB44245A13FAB49F31AA218" style="OLC">
 <section id="H1F2B399317AE4051BE95EF425AFF3EAE" section-type="section-one"><enum>1.</enum><header>Short title</header><text display-inline="no-display-inline">This Act may be cited as the <quote><short-title>Federal Communications Commission Consolidated Reporting Act of 2017</short-title></quote>.</text> </section><section id="HC53CAD312F524221AA4043F80BB34D79" section-type="subsequent-section"><enum>2.</enum><header>Communications marketplace report</header><text display-inline="no-display-inline">Title I of the Communications Act of 1934 (<external-xref legal-doc="usc" parsable-cite="usc/47/151">47 U.S.C. 151</external-xref> et seq.) is amended by adding at the end the following:</text>
			<quoted-block display-inline="no-display-inline" id="H51D6892D368C4AEFB4F12FF767ECD621" style="OLC">
				<section id="H6BA7DFB09EE14AAEA2DF93CA130133D8"><enum>13.</enum><header>Communications marketplace report</header>
 <subsection id="H3759AFB8861645D29223066CBC7AA927"><enum>(a)</enum><header>In general</header><text display-inline="yes-display-inline">In the last quarter of every even-numbered year, the Commission shall publish on its website and submit to the Committee on Energy and Commerce of the House of Representatives and the Committee on Commerce, Science, and Transportation of the Senate a report on the state of the communications marketplace.</text>
 </subsection><subsection id="H8F6AAB6AA65D4A83B7EA43BF5F60B764"><enum>(b)</enum><header>Contents</header><text>Each report required by subsection (a) shall—</text> <paragraph id="HEBD61F7176274814825B756F5E59D2D9"><enum>(1)</enum><text display-inline="yes-display-inline">assess the state of competition in the communications marketplace, including competition to deliver voice, video, audio, and data services among providers of telecommunications, providers of commercial mobile service (as defined in section 332), multichannel video programming distributors (as defined in section 602), broadcast stations, providers of satellite communications, Internet service providers, and other providers of communications services;</text>
 </paragraph><paragraph id="H74477D0AA11447D3A5DC5A2CD8A087B5"><enum>(2)</enum><text display-inline="yes-display-inline">assess the state of deployment of communications capabilities, including advanced telecommunications capability (as defined in section 706 of the Telecommunications Act of 1996 (<external-xref legal-doc="usc" parsable-cite="usc/47/1302">47 U.S.C. 1302</external-xref>)), regardless of the technology used for such deployment, including whether advanced telecommunications capability is being deployed to all Americans in a reasonable and timely fashion;</text>
 </paragraph><paragraph id="H5E22FEDA3E894226B52278567CF9DB62"><enum>(3)</enum><text display-inline="yes-display-inline">assess whether laws, regulations, or regulatory practices (whether those of the Federal Government, States, political subdivisions of States, Indian tribes or tribal organizations (as such terms are defined in section 4 of the Indian Self-Determination and Education Assistance Act (<external-xref legal-doc="usc" parsable-cite="usc/25/5304">25 U.S.C. 5304</external-xref>)), or foreign governments) pose a barrier to competitive entry into the communications marketplace or to the competitive expansion of existing providers of communications services;</text>
 </paragraph><paragraph id="H3883D0278AA74F6088C0919FC04786D2"><enum>(4)</enum><text display-inline="yes-display-inline">describe the agenda of the Commission for the next 2-year period for addressing the challenges and opportunities in the communications marketplace that were identified through the assessments under paragraphs (1) through (3); and</text>
 </paragraph><paragraph id="H32C7B8BA28DC4FBEA9BED8A486B8601D"><enum>(5)</enum><text display-inline="yes-display-inline">describe the actions that the Commission has taken in pursuit of the agenda described pursuant to paragraph (4) in the previous report submitted under this section.</text>
 </paragraph></subsection><subsection id="H577AA4D3A3BC4312AB49A853B4E48447"><enum>(c)</enum><header>Extension</header><text display-inline="yes-display-inline">If the President designates a Commissioner as Chairman of the Commission during the last quarter of an even-numbered year, the portion of the report required by subsection (b)(4) may be published on the website of the Commission and submitted to the Committee on Energy and Commerce of the House of Representatives and the Committee on Commerce, Science, and Transportation of the Senate as an addendum during the first quarter of the following odd-numbered year.</text>
					</subsection><subsection id="HC2ACFFC063794C43984CA7BA0055124A"><enum>(d)</enum><header>Special requirements</header>
 <paragraph id="H251FE5879A794B22B86592F26DF198E5"><enum>(1)</enum><header>Assessing competition</header><text display-inline="yes-display-inline">In assessing the state of competition under subsection (b)(1), the Commission shall consider all forms of competition, including the effect of intermodal competition, facilities-based competition, and competition from new and emergent communications services, including the provision of content and communications using the Internet.</text>
 </paragraph><paragraph id="H370D52E9DC474B219B3E350A5E8C051A"><enum>(2)</enum><header>Assessing deployment</header><text display-inline="yes-display-inline">In assessing the state of deployment under subsection (b)(2), the Commission shall compile a list of geographical areas that are not served by any provider of advanced telecommunications capability.</text>
 </paragraph><paragraph id="HAF4871024D1A4C1E87435A269EF2C67E"><enum>(3)</enum><header>International comparisons and demographic information</header><text display-inline="yes-display-inline">The Commission may use readily available data to draw appropriate comparisons between the United States communications marketplace and the international communications marketplace and to correlate its assessments with demographic information.</text>
 </paragraph><paragraph id="HB3AA0037AD284FA389A18823DE3CDBCD"><enum>(4)</enum><header>Considering small businesses</header><text display-inline="yes-display-inline">In assessing the state of competition under subsection (b)(1) and regulatory barriers under subsection (b)(3), the Commission shall consider market entry barriers for entrepreneurs and other small businesses in the communications marketplace in accordance with the national policy under section 257(b).</text>
 </paragraph><paragraph id="HF39F660ECFBF430CAB3E24AE05C86BEA"><enum>(5)</enum><header>Considering cable rates</header><text display-inline="yes-display-inline">In assessing the state of competition under subsection (b)(1), the Commission shall include in each report required by subsection (a) the aggregate average total amount paid by cable systems in compensation under section 325 during the period covered by such report.</text></paragraph></subsection></section><after-quoted-block>.</after-quoted-block></quoted-block>
		</section><section id="H22FCA63943E34F8483D3E6E02C50A7F1"><enum>3.</enum><header>Consolidation of redundant reports; conforming amendments</header>
 <subsection id="H4E8D101C3D5A42C9996B7100FEE66AFA"><enum>(a)</enum><header>ORBIT Act Report</header><text display-inline="yes-display-inline">Section 646 of the Communications Satellite Act of 1962 (<external-xref legal-doc="usc" parsable-cite="usc/47/765e">47 U.S.C. 765e</external-xref>; 114 Stat. 57) is repealed.</text> </subsection><subsection id="H8B5D6341EEB14F0CB710BFD7D3D21B3D"><enum>(b)</enum><header>Satellite Competition Report</header><text display-inline="yes-display-inline">Section 4 of <external-xref legal-doc="public-law" parsable-cite="pl/109/34">Public Law 109–34</external-xref> (<external-xref legal-doc="usc" parsable-cite="usc/47/703">47 U.S.C. 703</external-xref>) is repealed.</text>
 </subsection><subsection id="HAD52C7354986480D9DDE6258B0DEDC9C"><enum>(c)</enum><header>International Broadband Data Report</header><text>Section 103 of the Broadband Data Improvement Act (<external-xref legal-doc="usc" parsable-cite="usc/47/1303">47 U.S.C. 1303</external-xref>) is amended—</text> <paragraph commented="no" id="HD1426435B90C46E390EB8B1D757E0A99"><enum>(1)</enum><text>by striking subsection (b); and</text>
 </paragraph><paragraph commented="no" id="HBC69849C0DE547B1B9F3137A8F5518ED"><enum>(2)</enum><text>by redesignating subsections (c) through (e) as subsections (b) through (d), respectively.</text> </paragraph></subsection><subsection id="H1F15386BF2DA4771BFEAAE60A781A821"><enum>(d)</enum><header>Status of Competition in the Market for the Delivery of Video Programming Report</header><text display-inline="yes-display-inline">Section 628 of the Communications Act of 1934 (<external-xref legal-doc="usc" parsable-cite="usc/47/548">47 U.S.C. 548</external-xref>) is amended—</text>
 <paragraph id="H775273CAC22A42B2B02AAFFEDE3537F7"><enum>(1)</enum><text>by striking subsection (g);</text> </paragraph><paragraph id="HB88787A67CA94C29BD475D1FDEAA9371"><enum>(2)</enum><text>by redesignating subsection (j) as subsection (g); and</text>
 </paragraph><paragraph id="HBE4C9BDE7D794DF7BBF6E4FCA7029B78"><enum>(3)</enum><text>by transferring subsection (g) (as redesignated) so that it appears after subsection (f).</text> </paragraph></subsection><subsection id="HD28AD1641F7B4406BE361B488F5BB6CD"><enum>(e)</enum><header>Report on Cable Industry Prices</header> <paragraph id="H2F82D91C64F649FFB9C4B93A8345C9B7"><enum>(1)</enum><header>In general</header><text>Section 623 of the Communications Act of 1934 (<external-xref legal-doc="usc" parsable-cite="usc/47/543">47 U.S.C. 543</external-xref>) is amended—</text>
 <subparagraph id="H928DCE71790A482FA7634BB6512D1393"><enum>(A)</enum><text>by striking subsection (k); and</text> </subparagraph><subparagraph id="H121CE5908D1C46FEA14FAF3445A76563"><enum>(B)</enum><text>by redesignating subsections (l) through (o) as subsections (k) through (n), respectively.</text>
 </subparagraph></paragraph><paragraph id="H79C04A4CC38843D5948767C81C164984"><enum>(2)</enum><header>Conforming amendment</header><text>Section 613(a)(3) of the Communications Act of 1934 (<external-xref legal-doc="usc" parsable-cite="usc/47/533">47 U.S.C. 533(a)(3)</external-xref>) is amended by striking <quote>623(l)</quote> and inserting <quote>623(k)</quote>.</text> </paragraph></subsection><subsection id="H74E2CBC4AD8146379AA41FC84AED1EFB"><enum>(f)</enum><header>Triennial Report Identifying and Eliminating Market Entry Barriers for Entrepreneurs and Other Small Businesses</header><text display-inline="yes-display-inline">Section 257 of the Communications Act of 1934 (<external-xref legal-doc="usc" parsable-cite="usc/47/257">47 U.S.C. 257</external-xref>) is amended by striking subsection (c).</text>
 </subsection><subsection id="H65C69B55160B4AD9B944CE81E61194F7"><enum>(g)</enum><header>Section 706 Report</header><text display-inline="yes-display-inline">Section 706 of the Telecommunications Act of 1996 (<external-xref legal-doc="usc" parsable-cite="usc/47/1302">47 U.S.C. 1302</external-xref>) is amended—</text> <paragraph id="HF27B78FF4F874E898FE11B997261D353"><enum>(1)</enum><text display-inline="yes-display-inline">by amending subsection (b) to read as follows:</text>
					<quoted-block display-inline="no-display-inline" id="HCB0521831D244610850D325F849CE4E7" style="OLC">
 <subsection id="H20D66D184288453DBD0D4BDD982EC209"><enum>(b)</enum><header>Determination</header><text display-inline="yes-display-inline">If the Commission determines in its report under section 13 of the Communications Act of 1934, after considering the availability of advanced telecommunications capability to all Americans (including, in particular, elementary and secondary schools and classrooms), that advanced telecommunications capability is not being deployed to all Americans in a reasonable and timely fashion, the Commission shall take immediate action to accelerate deployment of such capability by removing barriers to infrastructure investment and by promoting competition in the telecommunications market.</text></subsection><after-quoted-block>;</after-quoted-block></quoted-block>
 </paragraph><paragraph id="HBB92AB4891B04A129752B74BB004D9E3"><enum>(2)</enum><text>by striking subsection (c);</text> </paragraph><paragraph id="H6127FF8A86364E878FB76917B03DBC37"><enum>(3)</enum><text>in subsection (d), by striking <quote>this subsection</quote> and inserting <quote>this section</quote>; and</text>
 </paragraph><paragraph id="H3FF8ADE5289C42DEBD1B3FA0DE2EABB5"><enum>(4)</enum><text>by redesignating subsection (d) as subsection (c).</text> </paragraph></subsection><subsection id="HE157AE169143464CA0A9842C47DC1A4F"><enum>(h)</enum><header>State of Competitive Market Conditions with respect to Commercial Mobile Radio Services</header><text display-inline="yes-display-inline">Section 332(c)(1)(C) of the Communications Act of 1934 (<external-xref legal-doc="usc" parsable-cite="usc/47/332">47 U.S.C. 332(c)(1)(C)</external-xref>) is amended by striking the first and second sentences.</text>
			</subsection><subsection id="H752BD61C49A240D585C10E640E246F5E"><enum>(i)</enum><header>Previously eliminated annual report</header>
 <paragraph id="HEBB95D44FCF34ADBB13F08FC0B5F1752"><enum>(1)</enum><header>In general</header><text display-inline="yes-display-inline">Section 4 of the Communications Act of 1934 (<external-xref legal-doc="usc" parsable-cite="usc/47/154">47 U.S.C. 154</external-xref>) is amended—</text> <subparagraph id="H6EFA62F3AA27452DA6B507BA0C0B9348"><enum>(A)</enum><text>by striking subsection (k); and</text>
 </subparagraph><subparagraph id="H1762404694F54668ABDAF9137B51A37B"><enum>(B)</enum><text>by redesignating subsections (l) through (o) as subsections (k) through (n), respectively.</text> </subparagraph></paragraph><paragraph id="H266FE332AD2A4EC2B24F7BA03BCAAB0E"><enum>(2)</enum><header>Conforming amendments</header><text display-inline="yes-display-inline">The Communications Act of 1934 (<external-xref legal-doc="usc" parsable-cite="usc/47/151">47 U.S.C. 151</external-xref> et seq.) is amended—</text>
 <subparagraph id="H91D5A58E54764771B92095A9EBD60602"><enum>(A)</enum><text>in section 9(i), by striking <quote>In the Commission’s annual report, the Commission shall prepare an analysis of its progress in developing such systems and</quote> and inserting <quote>The Commission</quote>; and</text>
 </subparagraph><subparagraph id="H5509F63B4CD54654AF030695F24410A2"><enum>(B)</enum><text>in section 309(j)(8)(B), by striking the last sentence.</text> </subparagraph></paragraph></subsection><subsection id="H8C418FBD0D6A486490BE3920EE609128"><enum>(j)</enum><header>Additional outdated reports</header><text display-inline="yes-display-inline">The Communications Act of 1934 is further amended—</text>
 <paragraph id="H9441AA2ED05E413FB14A8CB8B253E895"><enum>(1)</enum><text>in section 4—</text> <subparagraph display-inline="no-display-inline" id="H20CCE905E8ED46BBA805D1CB80B650FA"><enum>(A)</enum><text display-inline="yes-display-inline">in subsection (b)(2)(B)(ii), by striking <quote>and shall furnish notice of such action</quote> and all that follows through <quote>subject of the waiver</quote>; and</text>
 </subparagraph><subparagraph id="H8E6435D7AB51411FADFF05E4D1480127"><enum>(B)</enum><text>in subsection (g), by striking paragraph (2);</text> </subparagraph></paragraph><paragraph id="H6DDF6B4C7D534F109924C0FA62766FC3"><enum>(2)</enum><text>in section 215—</text>
 <subparagraph id="HF07F624AC2684CD3845A022B438C88BF"><enum>(A)</enum><text>by striking subsection (b); and</text> </subparagraph><subparagraph id="H10E3115A8D5E459BA7A78978E05BE8F1"><enum>(B)</enum><text>by redesignating subsection (c) as subsection (b);</text>
 </subparagraph></paragraph><paragraph id="H7B0E3CA82EAE47ECAE680550928602B4"><enum>(3)</enum><text>in section 227(e), by striking paragraph (4);</text> </paragraph><paragraph id="H00D8661ACC364992A5BB839F4FC1AEA3"><enum>(4)</enum><text>in section 309(j)—</text>
 <subparagraph id="H75C07AE16B164D868BC95F7CBFFBA0BE"><enum>(A)</enum><text>by striking paragraph (12); and</text> </subparagraph><subparagraph id="H34286BB8954E42518F6F5A138CDC6E1D"><enum>(B)</enum><text>in paragraph (15)(C), by striking clause (iv);</text>
 </subparagraph></paragraph><paragraph id="H04D99F74DDEB423791832F46FEF1BA64"><enum>(5)</enum><text>in section 331(b), by striking the last sentence;</text> </paragraph><paragraph id="H1FD71E7F0D674631A7CB9A55196D455D"><enum>(6)</enum><text>in section 336(e), by amending paragraph (4) to read as follows:</text>
					<quoted-block display-inline="no-display-inline" id="H8389F074C4CC496EBFEE6A06BFC77B75" style="OLC">
 <paragraph id="HBCA7B3C07C1E4B08BB805CC78699B0D5"><enum>(4)</enum><header>Report</header><text display-inline="yes-display-inline">The Commission shall annually advise the Congress on the amounts collected pursuant to the program required by this subsection.</text></paragraph><after-quoted-block>;</after-quoted-block></quoted-block>
 </paragraph><paragraph id="H0EDDBD55C7FF434D8357175A985A23DC"><enum>(7)</enum><text>in section 339(c), by striking paragraph (1);</text> </paragraph><paragraph id="H933F9E845070401A92704D486CFD88A9"><enum>(8)</enum><text>in section 396—</text>
 <subparagraph id="H34F1AE6E8B804FF197F9D525753552F4"><enum>(A)</enum><text>by striking subsection (i);</text> </subparagraph><subparagraph id="H48BC6D5542464FFF91641C4A0CF89A95"><enum>(B)</enum><text>in subsection (k)—</text>
 <clause id="H88B8648FD29A4FEFA91104E553602D32"><enum>(i)</enum><text>in paragraph (1), by striking subparagraph (F); and</text> </clause><clause id="H004AA81A0A9340DBBA2804DABD033E3E"><enum>(ii)</enum><text>in paragraph (3)(B)(iii), by striking subclause (V);</text>
 </clause></subparagraph><subparagraph id="HE2CBDA3C98A24D9294565F1FA92B086B"><enum>(C)</enum><text>in subsection (l)(1)(B), by striking <quote>shall be included</quote> and all that follows through <quote>The audit report</quote>; and</text> </subparagraph><subparagraph id="H3F966136CE8F42D1B7A17299D37C9D9E"><enum>(D)</enum><text>by striking subsection (m);</text>
 </subparagraph></paragraph><paragraph id="H6F8B46E6E002455EBAA87D41685E91E2"><enum>(9)</enum><text>in section 398(b)(4), by striking the third sentence;</text> </paragraph><paragraph id="HFF919B6F98814689A3AE27FAB301AE63"><enum>(10)</enum><text>in section 624A(b)(1)—</text>
 <subparagraph id="H9721CBD834864AC9A707F233E0890E38"><enum>(A)</enum><text>by striking <quote><header-in-text level="paragraph" style="OLC">Report; regulations</header-in-text></quote> and inserting <quote><header-in-text level="paragraph" style="OLC">Regulations</header-in-text></quote>;</text> </subparagraph><subparagraph id="H3825A0A620744709979BF03CE01AE91A"><enum>(B)</enum><text>by striking <quote>Within 1 year after</quote> and all that follows through <quote>on means of assuring</quote> and inserting <quote>The Commission shall issue such regulations as are necessary to assure</quote>; and</text>
 </subparagraph><subparagraph id="HB9D60F620E114952BF09F81D892D5B8F"><enum>(C)</enum><text>by striking <quote>Within 180 days after</quote> and all that follows through <quote>to assure such compatibility.</quote>; and</text> </subparagraph></paragraph><paragraph id="HED39B088CD5D443A9174430E9A31E5B6"><enum>(11)</enum><text>in section 713, by striking subsection (a).</text>
 </paragraph></subsection></section><section id="H68CBD706A875457CA7A15505339B0DF9"><enum>4.</enum><header>Effect on authority</header><text display-inline="no-display-inline">Nothing in this Act or the amendments made by this Act shall be construed to expand or contract the authority of the Federal Communications Commission.</text>
 </section><section id="H1359DB4AEA4F41D4BD0EA58723C9EE5B"><enum>5.</enum><header>Other reports</header><text display-inline="no-display-inline">Nothing in this Act or the amendments made by this Act shall be construed to prohibit or otherwise prevent the Federal Communications Commission from producing any additional reports otherwise within the authority of the Commission.</text>
		</section></legis-body>
	<attestation><attestation-group><attestation-date chamber="House" date="20170123">Passed the House of Representatives January 23, 2017.</attestation-date><attestor display="yes">Karen L. Haas,</attestor><role>Clerk.</role></attestation-group></attestation>
</bill>


