<?xml version="1.0"?>
<?xml-stylesheet type="text/xsl" href="billres.xsl"?>
<!DOCTYPE bill PUBLIC "-//US Congress//DTDs/bill.dtd//EN" "bill.dtd">
<bill bill-stage="Referred-in-Senate" bill-type="olc" dms-id="H20193A14E20041938F343B283019B062" key="H" public-private="public" stage-count="1">
	<metadata xmlns:dc="http://purl.org/dc/elements/1.1/">
<dublinCore>
<dc:title>115 HR 276 : To amend title 49, United States Code, to ensure reliable air service in American Samoa.</dc:title>
<dc:publisher>U.S. House of Representatives</dc:publisher>
<dc:date>2017-02-01</dc:date>
<dc:format>text/xml</dc:format>
<dc:language>EN</dc:language>
<dc:rights>Pursuant to Title 17 Section 105 of the United States Code, this file is not subject to copyright protection and is in the public domain.</dc:rights>
</dublinCore>
</metadata>
<form>
		<distribution-code display="yes">IIB</distribution-code>
		<congress display="yes">115th CONGRESS</congress><session display="yes">1st Session</session>
		<legis-num display="yes">H. R. 276</legis-num>
		<current-chamber display="yes">IN THE SENATE OF THE UNITED STATES</current-chamber>
		<action><action-date date="20170201">February 1, 2017</action-date><action-desc>Received; read twice and referred to the <committee-name committee-id="SSCM00">Committee on Commerce, Science, and Transportation</committee-name></action-desc></action><legis-type>AN ACT</legis-type>
		<official-title display="yes">To amend title 49, United States Code, to ensure reliable air service in American Samoa.</official-title>
	</form>
	<legis-body id="H4DF17F4D0C434E409DE647DB2E49B01B" style="OLC">
 <section id="H5CDC4E6BF3194B4E895127FEB2274386" section-type="section-one"><enum>1.</enum><header>Reliable air service in American samoa</header><text display-inline="no-display-inline">Section 40109(g) of title 49, United States Code, is amended—</text> <paragraph id="HC3EFC50ED9B34836B5F91F1F4DA073EC"><enum>(1)</enum><text>in paragraph (2), by striking subparagraph (C) and inserting the following:</text>
				<quoted-block id="H88E52D6F75C4442AB9346E0380B3E397" style="OLC">
 <subparagraph id="H9C92720BB25D4FFA8408CFE4666D5BC2"><enum>(C)</enum><text>review the exemption at least every 30 days (or, in the case of exemptions that are necessary to provide and sustain air transportation in American Samoa between the islands of Tutuila and Manu’a, at least every 180 days), to ensure that the unusual circumstances that established the need for the exemption still exist.</text></subparagraph><after-quoted-block>; and</after-quoted-block></quoted-block>
 </paragraph><paragraph id="HCCC9ADE9E18F43A382C53CB2C012AE7E"><enum>(2)</enum><text>by striking paragraph (3) and inserting the following:</text> <quoted-block id="H0B245F16EC2D4762ADC8F42268790FE7" style="OLC"> <paragraph id="HBC6A3AAABF0146E2AB13A8EAA1D099CA"><enum>(3)</enum><header>Renewal of exemptions</header> <subparagraph id="HDB0D9F1DDFB4438F9F40D12B8B64947F"><enum>(A)</enum><header>In general</header><text>Except as provided in subparagraph (B), the Secretary may renew an exemption (including renewals) under this subsection for not more than 30 days.</text>
 </subparagraph><subparagraph id="HAE12C94AFA814056AC3D2AE2C8459616"><enum>(B)</enum><header>Exception</header><text>An exemption that is necessary to provide and sustain air transportation in American Samoa between the islands of Tutuila and Manu’a, may be renewed for not more than 180 days.</text>
 </subparagraph></paragraph><paragraph id="H1D5C27A832A146CA9A0C88FB242EB478"><enum>(4)</enum><header>Continuation of exemptions</header><text>An exemption may continue for not more than 5 days after the unusual circumstances that established the need for the exemption cease.</text></paragraph><after-quoted-block>.</after-quoted-block></quoted-block>
			</paragraph></section></legis-body>
	<attestation><attestation-group><attestation-date chamber="House" date="20170131">Passed the House of Representatives January 31, 2017.</attestation-date><attestor display="yes">Karen L. Haas,</attestor><role>Clerk</role></attestation-group></attestation>
</bill>


