<?xml version="1.0"?>
<?xml-stylesheet type="text/xsl" href="billres.xsl"?>
<!DOCTYPE bill PUBLIC "-//US Congress//DTDs/bill.dtd//EN" "bill.dtd">
<bill bill-stage="Introduced-in-House" bill-type="olc" dms-id="HB807A2E2BBDA483C85CBAEC752336718" key="H" public-private="public"><metadata xmlns:dc="http://purl.org/dc/elements/1.1/">
<dublinCore>
<dc:title>115 HR 481 IH: REBUILD Act</dc:title>
<dc:publisher>U.S. House of Representatives</dc:publisher>
<dc:date>2017-01-12</dc:date>
<dc:format>text/xml</dc:format>
<dc:language>EN</dc:language>
<dc:rights>Pursuant to Title 17 Section 105 of the United States Code, this file is not subject to copyright protection and is in the public domain.</dc:rights>
</dublinCore>
</metadata>
<form>
<distribution-code display="yes">I</distribution-code><congress display="yes">115th CONGRESS</congress><session display="yes">1st Session</session><legis-num display="yes">H. R. 481</legis-num><current-chamber>IN THE HOUSE OF REPRESENTATIVES</current-chamber><action display="yes"><action-date date="20170112">January 12, 2017</action-date><action-desc><sponsor name-id="C000059">Mr. Calvert</sponsor> introduced the following bill; which was referred to the <committee-name committee-id="HII00">Committee on Natural Resources</committee-name></action-desc></action><legis-type>A BILL</legis-type><official-title display="yes">To amend the National Environmental Policy Act of 1969 to authorize assignment to States of Federal
			 agency environmental review responsibilities, and for other purposes.</official-title></form>
	<legis-body id="H791742A5728A4E96B1CDCAB06644F431" style="OLC">
 <section id="H92590271A3B8432497516827D447B084" section-type="section-one"><enum>1.</enum><header>Short title</header><text display-inline="no-display-inline">This Act may be cited as the <quote><short-title>Reducing Environmental Barriers to Unified Infrastructure and Land Development Act of 2017</short-title></quote> or the <quote>REBUILD Act</quote>.</text> </section><section id="H909D1AFF942D43018D5D5DA906A10FD4"><enum>2.</enum><header>Assignment to States of Federal environmental review responsibilities</header><text display-inline="no-display-inline">Title I of the National Environmental Policy Act of 1969 (<external-xref legal-doc="usc" parsable-cite="usc/42/4331">42 U.S.C. 4331</external-xref> et seq.) is amended by adding at the end the following new section:</text>
			<quoted-block display-inline="no-display-inline" id="HAA85079D9E73482D8B3403DABF608B60" style="OLC">
				<section id="H59ED27E6F8244A0F9A8DB05D2BFF12AB"><enum>106.</enum><header>Assignment to States of environmental review responsibilities with respect to certain projects in
			 the State</header>
					<subsection id="H4787E7FF7072409886850EBC5765EB6F"><enum>(a)</enum><header>Assumption of responsibility</header>
 <paragraph id="H1AFCA332FDC1450790E5764D6C7DC8CC"><enum>(1)</enum><header>In general</header><text>Subject to the other provisions of this section, with the written agreement of the responsible Federal official and a State, which may be in the form of a memorandum of understanding, the responsible Federal official may assign, and the State may assume, the responsibilities of the responsible Federal official under the National Environmental Policy Act of 1969 (<external-xref legal-doc="usc" parsable-cite="usc/42/4321">42 U.S.C. 4321</external-xref> et seq.) with respect to one or more covered Federal projects of the responsible Federal official within the State.</text>
 </paragraph><paragraph id="HF69E512E151241E2BA7BAE66E4B9F7A6"><enum>(2)</enum><header>Additional responsibility</header><text>If a State assumes responsibility under paragraph (1) the responsible Federal official may assign to the State, and the State may assume, all or part of the responsibilities of the responsible Federal official for environmental review, consultation, or other action required under any Federal environmental law pertaining to the review or approval of covered projects of the responsible Federal official.</text>
 </paragraph><paragraph id="HB98B464EF9BB46F7BB202C58F7A3BA8C"><enum>(3)</enum><header>Procedural and substantive requirements</header><text>A State shall assume responsibility under this section subject to the same procedural and substantive requirements as would apply if that responsibility were carried out by the responsible Federal official.</text>
 </paragraph><paragraph id="HB67CE42C98754B42981DB0EC99B5032E"><enum>(4)</enum><header>Federal responsibility</header><text>Any responsibility of the responsible Federal official not explicitly assumed by the State by written agreement under this section shall remain the responsibility of the responsible Federal official.</text>
 </paragraph><paragraph id="H64E4052C6FAD4EB4ABB20EED6E958BCB"><enum>(5)</enum><header>No effect on authority</header><text>Nothing in this section preempts or interferes with any power, jurisdiction, responsibility, or authority of an agency, other than the agency of the responsible Federal official for a covered project, under applicable law (including regulations) with respect to the project.</text>
						</paragraph></subsection><subsection id="H368A310E41204D92AA32B2EC6C067120"><enum>(b)</enum><header>State Participation</header>
 <paragraph id="H809814AF98114E75A8BEDCB4946555B1"><enum>(1)</enum><header>Application</header><text display-inline="yes-display-inline">Not later than 180 days after the date of enactment of this section, each responsible Federal official shall promulgate regulations that establish requirements relating to information required to be contained in any application of a State to assume responsibility under this section with respect to covered Federal projects of the responsible Federal official, including, at a minimum—</text>
 <subparagraph id="H13272D58D9164728A278081ABBD82A1F"><enum>(A)</enum><text>the projects or classes of projects for which the State anticipates exercising the authority that may be granted under this section;</text>
 </subparagraph><subparagraph id="H3B25BAD5CF4D4D75BEBEFEC98144D347"><enum>(B)</enum><text>verification of the financial resources necessary to carry out the authority that may be assigned under this section; and</text>
 </subparagraph><subparagraph id="H1D18ABA5E6EB43DA8738E6E387E1B3F6"><enum>(C)</enum><text>evidence of the notice and solicitation of public comment by the State relating to assumption of responsibility under this section by the State, including copies of comments received from that solicitation.</text>
							</subparagraph></paragraph><paragraph id="H71227D248DC7461B99C7E8250746E879"><enum>(2)</enum><header>Public notice</header>
 <subparagraph id="HE08A9A187FD64B03B7E733FC91E0560B"><enum>(A)</enum><header>In general</header><text>Each State that submits an application under this subsection shall give notice of the intent of the State to submit such application not later than 30 days before the date of submission of the application.</text>
 </subparagraph><subparagraph id="H53CAEE5C5AF5447BA72515ED19A1E1F0"><enum>(B)</enum><header>Method of notice and solicitation</header><text>The State shall provide notice and solicit public comment under this paragraph by publishing the complete application of the State in accordance with the appropriate public notice law of the State.</text>
 </subparagraph></paragraph><paragraph id="H06887E6D2B3D495AA03531A42A155EC3"><enum>(3)</enum><header>Selection criteria</header><text>A responsible Federal official may approve the application of a State under this section only if—</text> <subparagraph id="HE1AC17A8E36A424AAC5DB7905FC0F3BB"><enum>(A)</enum><text>the regulatory requirements under paragraph (2) have been met;</text>
 </subparagraph><subparagraph id="HBDE17614A5FF4467BE382CB7B22A5DC4"><enum>(B)</enum><text>the responsible Federal official determines that the State has the capability, including financial and personnel, to assume the responsibility; and</text>
 </subparagraph><subparagraph id="HF82567BF6DFA46D6A99B4F95F44039EA"><enum>(C)</enum><text>the head of the State agency having primary jurisdiction over covered projects with respect to which responsibility would be assigned to the State pursuant to the application enters into a written agreement with the responsible Federal official described in subsection (c).</text>
 </subparagraph></paragraph><paragraph id="H7FD02A7692E24DE8A6E523F11CD5567E"><enum>(4)</enum><header>Other Federal agency views</header><text>If a State applies to assume a responsibility of a responsible Federal official that would have required the responsible Federal official to consult with another Federal agency, the responsible Federal official shall solicit the views of the Federal agency before approving the application.</text>
 </paragraph></subsection><subsection id="H4E6FA4FA9DF84CD0AC72881920C3C4BF"><enum>(c)</enum><header>Written Agreement</header><text>A written agreement under this section shall—</text> <paragraph id="H023DC7900CD647ABBAEC21BFF2977065"><enum>(1)</enum><text>be executed by the Governor of the State or the head of the State agency referred to in subsection (b)(3)(C);</text>
 </paragraph><paragraph id="H8EA0AC5855FD42498B8F286493DAB38F"><enum>(2)</enum><text>be in such form as the responsible Federal official may prescribe; and</text> </paragraph><paragraph id="H14A72B75F6C74931920178462B610ACC"><enum>(3)</enum><text>provide that the State—</text>
 <subparagraph id="H417957D720CD4DA1BAB4BB7F67196DEA"><enum>(A)</enum><text>agrees to assume all or part of the responsibilities of the responsible Federal official described in subsection (a);</text>
 </subparagraph><subparagraph id="HCC6AFA39AE8E4199886B0EB411D4E698"><enum>(B)</enum><text>expressly consents, on behalf of the State, to accept the jurisdiction of the Federal courts for the compliance, discharge, and enforcement of any responsibility of the responsible Federal official assumed by the State;</text>
 </subparagraph><subparagraph id="HCF267089188248A4B7A9F256689B75AB"><enum>(C)</enum><text>certifies that State laws (including regulations) are in effect that—</text> <clause id="H543E3DF56CBF4F68A9FEF3ABB47160ED"><enum>(i)</enum><text>authorize the State to take the actions necessary to carry out the responsibilities being assumed; and</text>
 </clause><clause id="H98F4C23F8EB643D492C5BBC0FA1BCB81"><enum>(ii)</enum><text>are comparable to section 552 of title 5, including providing that any decision regarding the public availability of a document under those State laws is reviewable by a court of competent jurisdiction; and</text>
 </clause></subparagraph><subparagraph id="H41A2AE2F37D34289AACEFA564B2A8887"><enum>(D)</enum><text>agrees to maintain the financial resources necessary to carry out the responsibilities being assumed.</text>
							</subparagraph></paragraph></subsection><subsection id="HF6D6FA1BEB52406F9139D8B4253BE07F"><enum>(d)</enum><header>Jurisdiction</header>
 <paragraph id="H2BF4C52B35B44E3288BE4A770C92EB44"><enum>(1)</enum><header>In general</header><text>The United States district courts shall have exclusive jurisdiction over any civil action against a State for failure to carry out any responsibility of the State under this section.</text>
 </paragraph><paragraph id="H5288030B355842478109CADD3B4B3A22"><enum>(2)</enum><header>Legal standards and requirements</header><text>A civil action under paragraph (1) shall be governed by the legal standards and requirements that would apply in such a civil action against the responsible Federal official had the responsible Federal official taken the actions in question.</text>
 </paragraph><paragraph id="HB88588A41708456788E54FD6E9C47845"><enum>(3)</enum><header>Intervention</header><text>The responsible Federal official shall have the right to intervene in any action described in paragraph (1).</text>
 </paragraph></subsection><subsection id="HB7ED7D82E0F04641AC1EE44763E2F3F3"><enum>(e)</enum><header>Effect of Assumption of Responsibility</header><text>A State that assumes responsibility under subsection (a) shall be solely responsible and solely liable for carrying out, in lieu of the responsible Federal official, the responsibilities assumed under subsection (a), until the termination of such assumption of responsibility.</text>
 </subsection><subsection id="HEA286E1F41184531860DC0EC10A81A27"><enum>(f)</enum><header>Limitations on Agreements</header><text>Nothing in this section permits a State to assume any rulemaking authority of the responsible Federal official under any Federal law.</text>
					</subsection><subsection id="HD168F271B19940558F45876103034226"><enum>(g)</enum><header>Audits</header>
 <paragraph id="HFA9046A57DB74C22954FE9DB7EBACFD7"><enum>(1)</enum><header>In general</header><text>To ensure compliance by a State with any agreement of the State under subsection (c) (including compliance by the State with all Federal laws for which responsibility is assumed under subsection (a)), for each State participating in the program under this section, the responsible Federal official shall conduct—</text>
 <subparagraph id="H24E2CCB6BAED4BB79FD2066242078C4B"><enum>(A)</enum><text>semiannual audits during each of the first 2 years of the effective period of the agreement; and</text> </subparagraph><subparagraph id="H93594EE8AD9E4D38B6375289F482E8C9"><enum>(B)</enum><text>annual audits during each subsequent year of such effective period.</text>
							</subparagraph></paragraph><paragraph id="H6DDA68D01B0D48B0BA5C6EAF9C9DECB6"><enum>(2)</enum><header>Public availability and comment</header>
 <subparagraph id="H3662D452AB714ECC815143537A575DD6"><enum>(A)</enum><header>In general</header><text>An audit conducted under paragraph (1) shall be provided to the public for comment for a 30-day period.</text>
 </subparagraph><subparagraph id="H35E879069A5F4AF08D2B10A5D1EB24C5"><enum>(B)</enum><header>Response</header><text>Not later than 60 days after the date on which the period for public comment ends, the responsible Federal official shall respond to public comments received under subparagraph (A).</text>
 </subparagraph></paragraph></subsection><subsection id="H2F910BBF6BDE4FF18276C691DF07BE0F"><enum>(h)</enum><header>Report to Congress</header><text>Each responsible Federal official shall submit to Congress an annual report that describes the administration of this section by such official.</text>
 </subsection><subsection id="H936154A5BE324FEA93087C209D4DAD03"><enum>(i)</enum><header>Termination by responsible Federal official</header><text>The responsible Federal official with respect to an agreement with a State under this section may terminate the agreement and any responsibility or authority of the State under this section with respect to such agreement, if—</text>
 <paragraph id="HD6C57B1713A14DFC85252B51638249CA"><enum>(1)</enum><text>the responsible Federal official determines that the State is not adequately carrying out the responsibilities assumed by the State under this section;</text>
 </paragraph><paragraph id="HE6AFE1E7811A4573A0C9BE9315465731"><enum>(2)</enum><text>the responsible Federal official provides to the State—</text> <subparagraph id="H1F4FC400D877435CB9268DAAF9CE670A"><enum>(A)</enum><text>notification of the determination of noncompliance; and</text>
 </subparagraph><subparagraph id="HCC5AA5752CD84B138BBEFC8507BC8BD2"><enum>(B)</enum><text>a period of at least 30 days during which to take such corrective action as the responsible Federal official determines is necessary to comply with the applicable agreement; and</text>
 </subparagraph></paragraph><paragraph id="HED5A5D3C74E94721B07F98EB4B7EF12B"><enum>(3)</enum><text>the State, after the notification and period provided under subparagraph (B), fails to take satisfactory corrective action, as determined by the responsible Federal official.</text>
 </paragraph></subsection><subsection id="H4C1024F902294E378705E34F4B943449"><enum>(j)</enum><header>Definitions</header><text>In this section:</text> <paragraph id="H450B9B0CB1734918976D901DB0171EEE"><enum>(1)</enum><header>covered Federal project</header><text>The term <quote>covered Federal project</quote> means—</text>
							<subparagraph id="HDFCA7D7AEF834A719C470AEF4690CA7E"><enum>(A)</enum>
 <clause commented="no" display-inline="yes-display-inline" id="HD66973BA68704ED5AFA9D7FB80541343"><enum>(i)</enum><text>except as provided in clause (ii) and subparagraph (B), any project that is funded by, carried out by, or subject to approval or disapproval by a responsible official, including any project for which a permit or other authorization by a responsible Federal official is required; and</text>
 </clause><clause id="H7DAF7069D08A4972B228B1B9811EF7B7" indent="up1"><enum>(ii)</enum><text>in the case of projects funded, carried out by, or subject to review, approval, or disapproval by the Secretary of the Army, and except as provided in subparagraph (B), includes only such projects of the Corps of Engineers; and</text>
 </clause></subparagraph><subparagraph id="H767AEF1E20154277A7DE62F379A1436B"><enum>(B)</enum><text>the preparation of any statement required by section 102(2)(C).</text> </subparagraph></paragraph><paragraph id="HC58A0E7BDD774874958C27E9A693E5D5"><enum>(2)</enum><header>responsible Federal official</header><text>The term <quote>responsible Federal official</quote> means—</text>
 <subparagraph id="HD2D65A298FB14C939920E94504CA6BE7"><enum>(A)</enum><text display-inline="yes-display-inline">the Secretary of the Interior;</text> </subparagraph><subparagraph id="H7413E0CEFA1C4A9FA604BECDB792FBF8"><enum>(B)</enum><text>the Secretary of Transportation;</text>
 </subparagraph><subparagraph id="HABF2A3C1AEC8486AAA27390D3993EAF1"><enum>(C)</enum><text>the Administrator of the Environmental Protection Agency;</text> </subparagraph><subparagraph id="HA50E35B12DE7451B813372AC004E4D5E"><enum>(D)</enum><text>the Secretary of the Army; and</text>
 </subparagraph><subparagraph id="H36ADE3391691438AB6D3B7CE073DBDA4"><enum>(E)</enum><text>the head of a Federal agency, with respect to the preparation of statements under section 102(2)(C) for major Federal actions (as that term is used in that section) of the agency.</text></subparagraph></paragraph></subsection></section><after-quoted-block>.</after-quoted-block></quoted-block>
		</section></legis-body></bill>


