<?xml version="1.0"?>
<?xml-stylesheet type="text/xsl" href="billres.xsl"?>
<!DOCTYPE bill PUBLIC "-//US Congress//DTDs/bill.dtd//EN" "bill.dtd">
<bill bill-stage="Introduced-in-House" bill-type="olc" dms-id="H3A31E3E39FC645BDAC248ACE30E96561" key="H" public-private="public">
	<metadata xmlns:dc="http://purl.org/dc/elements/1.1/">
<dublinCore>
<dc:title>115 HR 232 IH: State National Forest Management Act of 2017</dc:title>
<dc:publisher>U.S. House of Representatives</dc:publisher>
<dc:date>2017-01-03</dc:date>
<dc:format>text/xml</dc:format>
<dc:language>EN</dc:language>
<dc:rights>Pursuant to Title 17 Section 105 of the United States Code, this file is not subject to copyright protection and is in the public domain.</dc:rights>
</dublinCore>
</metadata>
<form>
		<distribution-code display="yes">I</distribution-code>
		<congress display="yes">115th CONGRESS</congress><session display="yes">1st Session</session>
		<legis-num display="yes">H. R. 232</legis-num>
		<current-chamber>IN THE HOUSE OF REPRESENTATIVES</current-chamber>
		<action display="yes">
			<action-date date="20170103">January 3, 2017</action-date>
			<action-desc><sponsor name-id="Y000033">Mr. Young of Alaska</sponsor> introduced the following bill; which was referred to the <committee-name committee-id="HII00">Committee on Natural Resources</committee-name>, and in addition to the <committee-name committee-id="HAG00">Committee on Agriculture</committee-name>, for a period to be subsequently determined by the Speaker, in each case for consideration of such
			 provisions as fall within the jurisdiction of the committee concerned</action-desc>
		</action>
		<legis-type>A BILL</legis-type>
		<official-title display="yes">To authorize States to select and acquire certain National Forest System lands to be managed and
			 operated by the State for timber production and for other purposes under
			 the laws of the State, and for other purposes.</official-title>
	</form>
	<legis-body id="H2AD4565DC3514053BA433E5E6E28D8C9" style="OLC">
		<section id="H5EEC01C1372A44CFAA8F9AD19D3E6278" section-type="section-one"><enum>1.</enum><header>Short title; table of contents</header>
 <subsection id="H377FE223619E41029ED3953A40F51013"><enum>(a)</enum><header>Short title</header><text display-inline="yes-display-inline">This Act may be cited as the <quote><short-title>State National Forest Management Act of 2017</short-title></quote>.</text> </subsection><subsection id="H3BF602E6A32146BBAF51A482D46D622B"><enum>(b)</enum><header>Table of contents</header><text>The table of contents for this Act is as follows:</text>
				<toc container-level="legis-body-container" lowest-bolded-level="division-lowest-bolded" lowest-level="section" quoted-block="no-quoted-block" regeneration="yes-regeneration">
					<toc-entry idref="H5EEC01C1372A44CFAA8F9AD19D3E6278" level="section">Sec. 1. Short title; table of contents.</toc-entry>
					<toc-entry idref="H6B22BF4E4B514FC2A365BB0E80EA80CC" level="section">Sec. 2. Definitions.</toc-entry>
					<toc-entry idref="H2480A00BAE9D4F46A242E3775BB1F2BD" level="section">Sec. 3. State selection of eligible portions of the National Forest System for acquisition and
			 management.</toc-entry>
					<toc-entry idref="H2AC87E4E96564F1391A9D735CB5DD8A6" level="section">Sec. 4. Transition provisions during the exchange-transition period.</toc-entry>
					<toc-entry idref="H639A4EE09F2B4A618B48802F3E1FFFFC" level="section">Sec. 5. Transition provisions outside the transition period.</toc-entry>
					<toc-entry idref="HC6CF33103A7A4E4EA825F02E9889B2D2" level="section">Sec. 6. Miscellaneous duties of the parties and other provisions relating to the transfer.</toc-entry>
					<toc-entry idref="H458D6A9DD6644466B17F31F58E588B02" level="section">Sec. 7. Conditions on changes to land management plans regarding management of young-growth stands.</toc-entry>
				</toc>
 </subsection></section><section id="H6B22BF4E4B514FC2A365BB0E80EA80CC"><enum>2.</enum><header>Definitions</header><text display-inline="no-display-inline">In this Act:</text> <paragraph id="H05D619524BAB487EB3640504D6E642F7"><enum>(1)</enum><text>The term <term>Commissioner</term> means the head of the Department of Natural Resources of a State or comparable State agency.</text>
 </paragraph><paragraph id="H5EC18C01050144CFBF74A05236FCA5FC"><enum>(2)</enum><text>The term <term>eligible portions of the National Forest System</term> means all right, title, and interest of the United States in and to the surface and subsurface lands and real property (including structures and facilities owned by the Forest Service) included as part of the National Forest System in a State. The term does not include Conservation System Units (as that term is defined in the Alaska National Interest Lands Conservation Act) and areas or national memorials protected by an Act of Congress.</text>
 </paragraph><paragraph id="H52C48DF555D846409B4842B736664852"><enum>(3)</enum><text>The term <term>Federal obligation</term>—</text> <subparagraph id="H5337586701FA4D8C975C656AE9C7E7F2"><enum>(A)</enum><text>means any obligation or duty of the Forest Service arising out of any lease, permit, license, contract, and other legal instruments issued by or with the Forest Service relating to eligible portions of the National Forest System; and</text>
 </subparagraph><subparagraph id="H26F004741852465F89F6E6FCD7824A61"><enum>(B)</enum><text>does not include any obligation with respect to a Federal law, regulation, or policy.</text> </subparagraph></paragraph><paragraph id="HF62D63415D7748DB84FD40167002B5C4"><enum>(4)</enum><text display-inline="yes-display-inline">The term <term>forest operations</term> means the development of forest operating plans for eligible portions of the National Forest System acquired by a State, including the conduct of inventories of timber resources and the engineering of necessary access needed necessary for timber management and related management activities.</text>
 </paragraph><paragraph id="HEE58B35DCC9B4F3398A58A8757D97291"><enum>(5)</enum><text>The term <term>patent date</term> means the last day of the selection-transition period.</text> </paragraph><paragraph id="H771EE52765D94A77A2185EFD014BC58D"><enum>(6)</enum><text>The term <term>Secretary</term> means the Secretary of Agriculture, acting through the Chief of the Forest Service.</text>
 </paragraph><paragraph id="HC2DCB06B0B63410AB5504A820DB2420B"><enum>(7)</enum><text display-inline="yes-display-inline">The term <term>selection date</term> means the date on which a State elects to acquire eligible portions of the National Forest System and notifies the Secretary of such election under section 3(a).</text>
 </paragraph><paragraph id="H030F3966FF304828BDC2E1B9B68F6590"><enum>(8)</enum><text>The term <term>selection-transition period</term> means the period beginning on the selection date and ending no more than one year thereafter, on the patent date.</text>
 </paragraph><paragraph id="HDFCBB9F78F7D418296FD364B27E60B60"><enum>(9)</enum><text>The term <term>State</term> means each of the several States and the Commonwealth of Puerto Rico.</text> </paragraph><paragraph id="HBEE6B5E5197B480CA5EE96081556A5CF"><enum>(10)</enum><text display-inline="yes-display-inline">The term <quote>State forest practices law</quote> means a forest practices law applicable to State or privately owned forest land in a State, including established silvicultural best management practices or other regulations for forest management practices related to clean water, soil quality, wildlife or forest health.</text>
 </paragraph><paragraph id="H95CCE5E28AFB47288C319915FF4D2617"><enum>(11)</enum><text>The term <term>State obligation</term> means any obligation or duty of the State arising out of any lease, permit, license, contract and other legal instruments issued by or with the State relating to the selected lands under this Act.</text>
			</paragraph></section><section id="H2480A00BAE9D4F46A242E3775BB1F2BD"><enum>3.</enum><header>State selection of eligible portions of the National Forest System for acquisition and management</header>
 <subsection id="H4050AE6B07DD4CD8AC78AA1900F50EB5"><enum>(a)</enum><header>Selection authorized; conveyance required</header><text display-inline="yes-display-inline">During the 10-year period beginning on the date of the enactment of this Act, if a State elects pursuant to subsection (b) to select and acquire eligible portions of the National Forest System in that State under the terms and conditions of this Act and notifies the Secretary of such selection, then the Secretary shall convey the eligible portions of the National Forest System so selected to the State in accordance with subsection (d). All conveyances shall be subject to valid existing rights.</text>
 </subsection><subsection id="H90489DD01DD549A1A7D0B2EF12C42237"><enum>(b)</enum><header>Form of election</header><text display-inline="yes-display-inline">The election by a State to select and acquire eligible portions of the National Forest System in that State pursuant to subsection (a) shall be executed in the form of a bill enacted into law by the legislature of that State. Such a law shall provide, at a minimum, the following:</text>
 <paragraph id="H5C2A4ACA829947CEA9D0F58BFB4FBC70"><enum>(1)</enum><text display-inline="yes-display-inline">That the State elects to acquire eligible portions of the National Forest System in that State—</text> <subparagraph id="HB0C7765E33EB47278DBF7752654DE01E"><enum>(A)</enum><text>pursuant to purchase for fair-market value;</text>
 </subparagraph><subparagraph id="H55C11626258C4508A6D6F2E872A127EA"><enum>(B)</enum><text>in exchange for State lands of equal value;</text> </subparagraph><subparagraph id="H2650B5E1A9854D328C37A051E41A67A9"><enum>(C)</enum><text>in satisfaction of land selection rights pursuant to the law by which the State was admitted to the Union; or</text>
 </subparagraph><subparagraph id="H3F1FCC2BD92B4E8EB1F88B4EA9C45292"><enum>(D)</enum><text>any combination of the preceding paragraphs.</text> </subparagraph></paragraph><paragraph id="HD2825CD3C5DC444C8748850818C13EA6"><enum>(2)</enum><text display-inline="yes-display-inline">Identifies the eligible portions of the National Forest System to be acquired and the method by which the State will acquire the land.</text>
 </paragraph><paragraph id="H26601E5305FE4A57A4F1A790AB217430"><enum>(3)</enum><text display-inline="yes-display-inline">Acceptance by the State that acquisition of the identified eligible portions of the National Forest System is subject to valid existing rights.</text>
 </paragraph><paragraph id="HB89BCA08512344FCA0E979FA8172B4C1"><enum>(4)</enum><text display-inline="yes-display-inline">Acceptance by the State of the procedures specified in this Act and the transition provisions of this Act.</text>
 </paragraph><paragraph id="H5BABF0EC5DDC43C3AEC3375E6ABB523A"><enum>(5)</enum><text display-inline="yes-display-inline">In the case of the State of Alaska, acceptance by the State of the rights and obligations of the United States under the Alaska Native Claims Settlement Act with respect to acquired lands, rights in such lands, and use of lands acquired by that State shall not be infringed by that State.</text>
 </paragraph><paragraph id="H24651B3234A6458EABBB991BDF59D581"><enum>(6)</enum><text display-inline="yes-display-inline">Specification that up to 50 percent of the annual harvest of timber from eligible portions of the National Forest System to be acquired shall be offered in at least 10-year contracts, and timber sales shall, to the maximum extent practicable, provide sufficient volume to meet the needs of all wood processing operations existing in that State as of the date of the enactment of this Act, and forest operations shall be performed in compliance with the State forest practices law.</text>
 </paragraph><paragraph id="HA6CD50535CF94B11BA2414F2EFD9DDFC"><enum>(7)</enum><text display-inline="yes-display-inline">Acceptance by the State that eligible portions of the National Forest System open to mineral entry under the general mining laws of the United States shall remain open to mineral entry under State law unless subsequently changed by a State mineral closing order.</text>
 </paragraph></subsection><subsection id="H616278BF78E74C52ACA0BDA908B0145A"><enum>(c)</enum><header>Multiple State laws; acreage limitation</header><text display-inline="yes-display-inline">During the selection period specified in subsection (a), a State may enact more than one law to select and acquire eligible portions of the National Forest System in that State, except that the total quantity of National Forest System land acquired by the State under this Act may not exceed 2,000,000 acres.</text>
 </subsection><subsection id="H5F6052188CFF47DFA01675BFD2D423E4"><enum>(d)</enum><header>Procedure</header><text display-inline="yes-display-inline">Beginning on the selection date for a State’s acquisition of eligible portions of the National Forest System in that State, the Secretary shall prepare patents conveying the National Forest System lands selected by the State and shall convey such patents to the State on the patent date. The duty of the Secretary to prepare and convey such patents under this Act shall be purely ministerial and conveyance of the patent on the patent date shall not be withheld or conditioned by any other provision of law except as provided herein. The United States Supreme Court shall have exclusive jurisdiction to issue such writs and compel such actions as may be necessary to accomplish the conveyance made under this Act.</text>
 </subsection><subsection id="HDF2E4AB4E6D543D8B7AA76F7DA3A9DE7"><enum>(e)</enum><header>Other property</header><text display-inline="yes-display-inline">Beginning on the selection date for a State’s acquisition of eligible portions of the National Forest System in that State, in addition to other conveyances made under this Act, the Secretary shall convey the right and title to and interest of the United States in all other types of property (including real and personal property) used for purposes of operating, administering, and managing the acquired National Forest System land in that State. Such property shall be transferred on the patent date and include only that property which is owned by the United States and used by the Forest Service primarily on the eligible portions of the National Forest System selected by the State.</text>
 </subsection><subsection id="HD8687E3B63034AB7A97BE4272A96321C"><enum>(f)</enum><header>Other uses</header><text display-inline="yes-display-inline">Beginning on the selection date and concurrent with the selection and conveyance of the National Forest System lands and property under this Act, the Secretary shall transfer all existing special use permits related to the acquired National Forest System lands and property to the State.</text>
			</subsection></section><section id="H2AC87E4E96564F1391A9D735CB5DD8A6"><enum>4.</enum><header>Transition provisions during the exchange-transition period</header>
 <subsection id="H722396EC381944349D7C55F7D3902136"><enum>(a)</enum><header>Existing obligations of the united states</header><text>The United States shall remain obligated for all Federal obligations incurred prior to the patent date.</text>
 </subsection><subsection id="HE49643DB9DCB4ED69DC7E234303E7DFF"><enum>(b)</enum><header>Employees</header><text>During the selection-transition period, to the extent practicable, the State shall interview each person employed by the Forest Service on the date of the enactment of this Act whose employment is made redundant by this Act for purposes of reemployment by the State in a comparable job within the new State administrative system for the National Forest System lands acquired by the State under this Act. Employees who do not secure employment with the State shall have the option of placement in an equivalent position available within the Federal Government.</text>
 </subsection><subsection id="HD8EA38D7FA674A7282C11CAF91589BEF"><enum>(c)</enum><header>Management pending conveyance</header><text display-inline="yes-display-inline">During the selection-transition period and until the patent date, except as provided otherwise under this Act, eligible portions of the National Forest System not yet patented to the State under this Act shall be administered and managed under applicable Federal law and land management plans.</text>
 </subsection><subsection id="H914F51E6F55E49A9A2FF5ED23BAE709D"><enum>(d)</enum><header>Transfer of certain receipts</header><text display-inline="yes-display-inline">Receipts from all rentals or sales occurring on eligible portions of the National Forest System selected by a State during the selection-transition period shall be kept in escrow and transferred to the State on the patent date.</text>
			</subsection></section><section id="H639A4EE09F2B4A618B48802F3E1FFFFC"><enum>5.</enum><header>Transition provisions outside the transition period</header>
 <subsection id="H95009FF7D30B4064A70EB02BCF43AAFF"><enum>(a)</enum><header>Management of selected lands</header><text display-inline="yes-display-inline">Beginning on the patent date, eligible portions of the National Forest System conveyed to a State under this Act shall be administered and managed primarily for timber production pursuant to the State forest practices law, except as otherwise provided in this Act for the period provided by this Act.</text>
 </subsection><subsection id="H352B75E0DD4B47B3BAA4B59C1B5D971A"><enum>(b)</enum><header>Land designations</header><text display-inline="yes-display-inline">Land use designations in effect on the date of the enactment of this Act for eligible portions of the National Forest System conveyed to a State under this Act under the applicable land management plan shall continue in effect until the patent date.</text>
 </subsection><subsection id="HDCD2AAFE4E8048C6B591461AD7C7C5CE"><enum>(c)</enum><header>Subsistence use after the selection date</header><text display-inline="yes-display-inline">In the case of eligible portions of the National Forest System in the State of Alaska, the Secretary of the Interior shall retain continuing authority to manage subsistence uses of fish and wildlife on National Forest System lands conveyed under this Act until the patent date.</text>
			</subsection><subsection id="H5D8F4E011EA14E92B4DF4FA500984FA7"><enum>(d)</enum><header>Access</header>
 <paragraph commented="no" display-inline="no-display-inline" id="H615E805E47E54A3AB35D859363C31910"><enum>(1)</enum><header>Easements</header><text display-inline="yes-display-inline">The Secretary, in accordance with the applicable forest transportation plan for a unit of the National Forest System and any transportation plan of the State, shall provide access in the form of easements across lands owned by the United States to and from eligible portions of the National Forest System conveyed to the State. The duty of the Secretary to deliver patents for such easements shall be purely ministerial and shall not be withheld or conditioned by any other provision of law. The Secretary shall enter into agreements with the Commissioner for the purpose of sharing the costs of common use roads.</text>
 </paragraph><paragraph id="HE7B2E7ED6AEB40D99379BFA03D46F2A4"><enum>(2)</enum><header>State duty</header><text display-inline="yes-display-inline">Following the patent date, a State shall issue easements to the United States for reasonable access across acquired eligible portions of the National Forest System in the manner provided in paragraph (1).</text>
				</paragraph></subsection><subsection id="H31B85331C9034C03ACBBC22DB377D128"><enum>(e)</enum><header>Mining claims</header>
 <paragraph commented="no" display-inline="no-display-inline" id="HC2B51209427B4F7DA33597184D02EB6B"><enum>(1)</enum><header>In general</header><text display-inline="yes-display-inline">Federal mining claims located pursuant to the General Mining Law of 1872 (<external-xref legal-doc="usc" parsable-cite="usc/30/22">30 U.S.C. 22 et seq.</external-xref>) on eligible portions of the National Forest System before the selection date shall remain subject to the laws, rules, regulations, and policies of the United States, but such laws, rules, regulations, and policies shall be administered by the State. The right and ability of a claimholder to patent such a mining claim and enjoy reasonable access to the claim shall not be infringed. An application to patent a Federal mining claim located on eligible portions of the National Forest System may be made by the claimholder with the State and shall constitute an election by the claim holder to be subject to Federal mining claim patent procedures administered by the State.</text>
 </paragraph><paragraph id="HB422A96EF2F448CE8D565DC82CC47298"><enum>(2)</enum><header>Escrow and subsequent transfer</header><text display-inline="yes-display-inline">During the selection-transition period, the Federal Government shall escrow all fees and revenues, if any, due on Federal mining claims on eligible portions of the National Forest System and on the patent date transfer those receipts to the State on the patent date to the account established by the State for purposes of the law specified in section 3(b)(7).</text>
 </paragraph><paragraph id="HCF65B733CACA4499B45AA4204C01FB78"><enum>(3)</enum><header>State duty</header><text display-inline="yes-display-inline">Any mining claims filed on eligible portions of the National Forest System in a State after the selection date shall be subject only to the laws of the State.</text>
 </paragraph></subsection><subsection id="H3FD48CD439594DF3AFF496D193535E9C"><enum>(f)</enum><header>Transfer of Other receipts</header><text display-inline="yes-display-inline">Beginning with the fiscal year of a State after the patent date, escrowed fees and fees from all existing and future issued special use permits and all other land management receipts on eligible portions of the National Forest System conveyed to the State under this Act, net of reasonable cost of administration, shall be transferred to the State.</text>
 </subsection><subsection id="HB0FD30257DE444FB934826496C7A9D02"><enum>(g)</enum><header>Existing obligations after patent date</header><text>On the patent date, a State shall assume all Federal obligations and duties and receive all rights of the Forest Service, except that the State shall assume no obligation for any claim for damages or specific performance relating to a contract or permit, if such claim arose before the patent date, unless the State receives the benefit from such an obligation.</text>
			</subsection></section><section id="HC6CF33103A7A4E4EA825F02E9889B2D2"><enum>6.</enum><header>Miscellaneous duties of the parties and other provisions relating to the transfer</header>
 <subsection id="H89F5605420AA4DA9B509D587105FAA8D"><enum>(a)</enum><header>Hazardous materials</header><text display-inline="yes-display-inline">As promptly as practicable after the date of the enactment of this Act, the Secretary shall make available to a State for review and inspection, all pertinent records relating to hazardous materials, if any, on eligible portions of the National Forest System available for selection under this Act. The responsibility for costs of remedial action related to such materials shall be borne by those entities responsible under existing law. If no party responsible for the hazardous materials can be determined, remediation responsibility and all costs shall remain with the Secretary and remediation as agreed to by the Commissioner shall be initiated as soon as practical after the patent date.</text>
 </subsection><subsection id="HD87AFE34754C434A90E49D2FC3716095"><enum>(b)</enum><header>Judicial review</header><text>Selection of land pursuant to this Act shall not be subject to judicial review in any court of the United States, except—</text>
 <paragraph id="HB1B35556E3EE4CDEB8E9199263E99841"><enum>(1)</enum><text>to the extent a right of judicial review is conferred specifically by the United States Constitution;</text>
 </paragraph><paragraph id="H593C093533094717895E75BE5B814450"><enum>(2)</enum><text>otherwise conferred by this Act; or</text> </paragraph><paragraph id="H70BCCC66A79B49E68FD2F029C88F33FC"><enum>(3)</enum><text>when sought by the State on matters pertaining to rights conferred by this Act.</text>
 </paragraph></subsection><subsection id="H42D99DEFDC1C4258865092D6970E017E"><enum>(c)</enum><header>Rulemaking</header><text>No formal rules under section 553 of title 5, United States Code, are required to implement this Act.</text>
 </subsection><subsection id="H4689DD2FB85A476AA865A091F34EA837"><enum>(d)</enum><header>Survey</header><text display-inline="yes-display-inline">The patent for and use of eligible portions of the National Forest System conveyed to a State pursuant to this Act shall not be subject to completion of a field survey and may be issued based on a protraction survey. However, the Secretary shall complete a field survey following patent.</text>
 </subsection><subsection id="HBD1DF15D6F1F4B0BB78A540F02638177"><enum>(e)</enum><header>Encumbrances</header><text display-inline="yes-display-inline">For purposes of an orderly transfer of eligible portions of the National Forest System to State ownership and transition to State management, the Secretary shall provide a list of encumbrances and uses of record and otherwise known on the selected lands to the Commissioner during the selection-transition period. The lands selected under this Act shall be subject to all existing encumbrances.</text>
			</subsection></section><section id="H458D6A9DD6644466B17F31F58E588B02"><enum>7.</enum><header>Conditions on changes to land management plans regarding management of young-growth stands</header>
 <subsection id="H51200223DCB84765B0805A3193C33A3E"><enum>(a)</enum><header>Changes conditioned on comprehensive inventory of the young-Growth stands</header><text display-inline="yes-display-inline">Before any change to an applicable land management plan takes effect that will alter management of young-growth stands covered by the land management plan, the Secretary shall—</text>
 <paragraph id="H1F80CDAC59DB46C5B73C778689A607AA"><enum>(1)</enum><text>conduct a comprehensive inventory of the young-growth stands;</text> </paragraph><paragraph id="H4B431B9384D64FF69A1C9914A804B7DA"><enum>(2)</enum><text display-inline="yes-display-inline">provide public notice of the availability of the comprehensive inventory; and</text>
 </paragraph><paragraph id="H0333DA635FDB4B5CB8969A0D7DC7EEB7"><enum>(3)</enum><text display-inline="yes-display-inline">after such public notice, provide a period of not less than 90 days for public comment on the comprehensive inventory.</text>
 </paragraph></subsection><subsection id="H8E14311749F74B22B147EC9A1074CB55"><enum>(b)</enum><header>Inventory requirements</header><text>At a minimum, the comprehensive inventory required by subsection (a) shall—</text> <paragraph id="HF71E3868623E4B8B9174C153B110DD33"><enum>(1)</enum><text>include stand-level field work with respect to all 462,000 acres of young-growth timber located within the Tongass National Forest; and</text>
 </paragraph><paragraph id="H130328FF16B04FD7918A69FF7622C029"><enum>(2)</enum><text>assess all age classes of timber inventoried for the purpose of refining inventory and growth data to properly forecast yields from stands and future economic manufacturing feasibility with respect to the timber inventoried.</text>
				</paragraph></subsection></section></legis-body>
</bill>


