<?xml version="1.0"?>
<?xml-stylesheet type="text/xsl" href="billres.xsl"?>
<!DOCTYPE bill PUBLIC "-//US Congress//DTDs/bill.dtd//EN" "bill.dtd">
<bill bill-stage="Introduced-in-House" bill-type="olc" dms-id="HBEB17A5040AE48A28625DECCD1A5FFD1" key="H" public-private="public"><metadata xmlns:dc="http://purl.org/dc/elements/1.1/">
<dublinCore>
<dc:title>115 HR 542 IH: Better Accounting for Medicaid Costs Act of 2017</dc:title>
<dc:publisher>U.S. House of Representatives</dc:publisher>
<dc:date>2017-01-13</dc:date>
<dc:format>text/xml</dc:format>
<dc:language>EN</dc:language>
<dc:rights>Pursuant to Title 17 Section 105 of the United States Code, this file is not subject to copyright protection and is in the public domain.</dc:rights>
</dublinCore>
</metadata>
<form>
<distribution-code display="yes">I</distribution-code><congress display="yes">115th CONGRESS</congress><session display="yes">1st Session</session><legis-num display="yes">H. R. 542</legis-num><current-chamber>IN THE HOUSE OF REPRESENTATIVES</current-chamber><action display="yes"><action-date date="20170113">January 13, 2017</action-date><action-desc><sponsor name-id="C001092">Mr. Collins of New York</sponsor> (for himself, <cosponsor name-id="M001190">Mr. Mullin</cosponsor>, <cosponsor name-id="G000558">Mr. Guthrie</cosponsor>, <cosponsor name-id="B001275">Mr. Bucshon</cosponsor>, and <cosponsor name-id="F000461">Mr. Flores</cosponsor>) introduced the following bill; which was referred to the <committee-name committee-id="HIF00">Committee on Energy and Commerce</committee-name></action-desc></action><legis-type>A BILL</legis-type><official-title display="yes">To amend title XI of the Social Security Act to require the Secretary of Health and Human Services
			 to follow rulemaking procedures for costly Medicaid subregulatory
			 policies.</official-title></form>
	<legis-body id="HA7D2C46FD3E44F25852B97449A617F9F" style="OLC">
 <section id="H4A9EC3A0E760464C8024A107BA091666" section-type="section-one"><enum>1.</enum><header>Short title</header><text display-inline="no-display-inline">This Act may be cited as the <quote><short-title>Better Accounting for Medicaid Costs Act of 2017</short-title></quote>.</text> </section><section id="HE8B296DBCF424EC4B803AEB1AB3A4237"><enum>2.</enum><header>Requiring rulemaking for costly Medicaid subregulatory policies</header> <subsection id="H082499EDF9B749BAAE341EE2579390AA"><enum>(a)</enum><header>In general</header><text>Section 1102 of the Social Security Act (<external-xref legal-doc="usc" parsable-cite="usc/42/1302">42 U.S.C. 1302</external-xref>) is amended by adding at the end the following new subsection:</text>
				<quoted-block display-inline="no-display-inline" id="HC79E0E2A02E7478B846C3D423F68DEE3" style="OLC">
					<subsection id="H9CEAC70D089D4A77ACA8FDC9B73DA747"><enum>(c)</enum><header>Medicaid subregulatory policies</header>
 <paragraph id="H3F44D523BE9E468CB3AB1FAF75B776E1"><enum>(1)</enum><header>Effect on annual government expenditures</header><text display-inline="yes-display-inline">Before any Medicaid subregulatory policy (as defined in paragraph (4)) may be issued, the Secretary shall determine the extent to which such policy, with respect to each year in the 10-year period beginning on the proposed effective date for such policy, is projected to result in—</text>
 <subparagraph id="HA1E0417BA0BD4A62B3C6D0D0B5322C9C"><enum>(A)</enum><text>an increase in total estimated expenditures by States under title XIX for such year, as compared to the estimated expenditures by States under such title for such year if such policy were not issued; or</text>
 </subparagraph><subparagraph id="HFFA8F4517DD24236AB8B0F9DC7AC9CE9"><enum>(B)</enum><text display-inline="yes-display-inline">an increase in the estimated expenditures by the Federal Government under such title for such year, as compared to the estimated expenditures by the Federal Government under such title for such year if such policy were not issued.</text>
 </subparagraph></paragraph><paragraph id="H366F2823CCAA4E82BFF111AF09EA804A"><enum>(2)</enum><header>Rulemaking for certain costly policies</header><text display-inline="yes-display-inline">If the Secretary determines under paragraph (1) that a Medicaid subregulatory policy, with respect to any year for which such determination is made, is projected to result in—</text>
 <subparagraph id="H6E352DA2C65748E58EC93C061FA96AD2"><enum>(A)</enum><text>an increase described in subparagraph (A) of such paragraph of at least $50,000,000; or</text> </subparagraph><subparagraph id="H6602AB90AB0046FEA267DD2426EEF401"><enum>(B)</enum><text>an increase described in subparagraph (B) of such paragraph of at least $100,000,000;</text>
							</subparagraph><continuation-text continuation-text-level="paragraph">the Secretary may implement such policy only through notice and comment rulemaking under section
 553 of title 5, United States Code.</continuation-text></paragraph><paragraph display-inline="no-display-inline" id="HAC4DF2D853CA4048A2E54B3B628AB453"><enum>(3)</enum><header>Inclusion of estimated expenditures in issuance of subregulatory policies</header><text>If the Secretary issues a Medicaid subregulatory policy other than through rulemaking, the Secretary shall include in such issuance a specification of the estimated expenditures determined under subparagraphs (A) and (B) of paragraph (1) with respect to such policy.</text>
						</paragraph><paragraph id="HCEAE8B0219074785B90DFF6A35D8C34D"><enum>(4)</enum><header>Medicaid subregulatory policy defined</header>
 <subparagraph id="HAC7C403F70EC49E2AEA62EFDE8A63D57"><enum>(A)</enum><header>In general</header><text>In this subsection, the term <term>Medicaid subregulatory policy</term> means, subject to subparagraph (B), any written guidance, or other written statement of policy, issued at the discretion of any official of the Department of Health and Human Services with respect to the Medicaid program under title XIX, including a statement of policy in the form of a letter to State Medicaid directors, an Informational Bulletin, and Frequently Asked Questions.</text>
 </subparagraph><subparagraph id="H785F6B2CA92D4055A61259CCE6B30785"><enum>(B)</enum><header>Exception</header><text display-inline="yes-display-inline">Such term does not include any guidance or other statement of policy that relates to the management or personnel of the Department of Health and Human Services.</text></subparagraph></paragraph></subsection><after-quoted-block>.</after-quoted-block></quoted-block>
 </subsection><subsection id="H0F06117E4F7F455D829C728BE681603C"><enum>(b)</enum><header>Effective date</header><text>The amendments made by subsection (a) shall apply with respect to policies issued on or after the date of the enactment of this Act.</text>
			</subsection></section></legis-body></bill>


