<?xml version="1.0"?>
<?xml-stylesheet type="text/xsl" href="billres.xsl"?>
<!DOCTYPE bill PUBLIC "-//US Congress//DTDs/bill.dtd//EN" "bill.dtd">
<bill bill-stage="Referred-in-Senate" bill-type="olc" dms-id="H93E5EBE3AFD04B80A67F98C0A571C5D6" key="H" public-private="public" stage-count="1">
	<metadata xmlns:dc="http://purl.org/dc/elements/1.1/">
<dublinCore>
<dc:title>115 HR 437 : Medical Preparedness Allowable Use Act</dc:title>
<dc:publisher>U.S. House of Representatives</dc:publisher>
<dc:date>2017-02-01</dc:date>
<dc:format>text/xml</dc:format>
<dc:language>EN</dc:language>
<dc:rights>Pursuant to Title 17 Section 105 of the United States Code, this file is not subject to copyright protection and is in the public domain.</dc:rights>
</dublinCore>
</metadata>
<form>
		<distribution-code display="yes">IIB</distribution-code>
		<congress display="yes">115th CONGRESS</congress><session display="yes">1st Session</session>
		<legis-num display="yes">H. R. 437</legis-num>
		<current-chamber display="yes">IN THE SENATE OF THE UNITED STATES</current-chamber>
		<action><action-date date="20170201">February 1, 2017</action-date><action-desc>Received; read twice and referred to the <committee-name committee-id="SSGA00">Committee on Homeland Security and Governmental Affairs</committee-name></action-desc></action><legis-type>AN ACT</legis-type>
		<official-title display="yes">To amend the Homeland Security Act of 2002 to codify authority under existing grant guidance
			 authorizing use of Urban Area Security Initiative and State Homeland
			 Security Grant Program funding for enhancing medical preparedness, medical
			 surge capacity, and mass prophylaxis capabilities.</official-title>
	</form>
	<legis-body id="H9664EF659C244B2D93CF7CADC4BBB042" style="OLC"><pagebreak></pagebreak>
 <section id="HF4BDAAC7935F4341BA492B6E74D97115" section-type="section-one"><enum>1.</enum><header>Short title</header><text display-inline="no-display-inline">This Act may be cited as the <quote><short-title>Medical Preparedness Allowable Use Act</short-title></quote>.</text> </section><section id="H4C126F16D0CF431C9DAC3FBCF09C95DF"><enum>2.</enum><header>Use of certain homeland security grant funds for enhancing medical preparedness, medical surge capacity, and mass prophylaxis capabilities</header><text display-inline="no-display-inline">Section 2008 of the Homeland Security Act of 2002 (<external-xref legal-doc="usc" parsable-cite="usc/6/609">6 U.S.C. 609</external-xref>) is amended—</text>
 <paragraph id="H3FB15BC4D3364184B4078D6BE8F72FCB"><enum>(1)</enum><text>in subsection (a)—</text> <subparagraph id="H87EBF682818B44F3927B0CABC60568CE"><enum>(A)</enum><text>by redesignating paragraphs (10) through (14) as paragraphs (11) through (15), respectively; and</text>
 </subparagraph><subparagraph id="H98E6FB34577D4F54ACF867F88E02108D"><enum>(B)</enum><text>by inserting after paragraph (9) the following new paragraph (10):</text> <quoted-block id="H4B7C47680B5E4D5FADA82714922AC98B" style="OLC"> <paragraph id="HC73C63D421764B7CB5BC6A1F9E917AAD"><enum>(10)</enum><text>enhancing medical preparedness, medical surge capacity, and mass prophylaxis capabilities, including the development and maintenance of an initial pharmaceutical stockpile, including medical kits, and diagnostics sufficient to protect first responders, their families, immediate victims, and vulnerable populations from a chemical or biological event;</text></paragraph><after-quoted-block>; and</after-quoted-block></quoted-block>
 </subparagraph></paragraph><paragraph id="HB21330A987B34060A556282B6909C9C4"><enum>(2)</enum><text>in subsection (b)(3)(B), by striking <quote>subsection (a)(10)</quote> and inserting <quote>subsection (a)(11)</quote>.</text> </paragraph></section></legis-body><attestation><attestation-group><attestation-date chamber="House" date="20170131">Passed the House of Representatives January 31, 2017.</attestation-date><attestor display="yes">Karen L. Haas,</attestor><role>Clerk</role></attestation-group></attestation> </bill> 

