<?xml version="1.0"?>
<?xml-stylesheet type="text/xsl" href="billres.xsl"?>
<!DOCTYPE bill PUBLIC "-//US Congress//DTDs/bill.dtd//EN" "bill.dtd">
<bill bill-stage="Introduced-in-House" bill-type="olc" dms-id="HB668A8382A87425DA6EE5D97098C142D" key="H" public-private="public"><metadata xmlns:dc="http://purl.org/dc/elements/1.1/">
<dublinCore>
<dc:title>115 HR 465 IH: Water Quality Improvement Act of 2017</dc:title>
<dc:publisher>U.S. House of Representatives</dc:publisher>
<dc:date>2017-01-12</dc:date>
<dc:format>text/xml</dc:format>
<dc:language>EN</dc:language>
<dc:rights>Pursuant to Title 17 Section 105 of the United States Code, this file is not subject to copyright protection and is in the public domain.</dc:rights>
</dublinCore>
</metadata>
<form>
<distribution-code display="yes">I</distribution-code><congress display="yes">115th CONGRESS</congress><session display="yes">1st Session</session><legis-num display="yes">H. R. 465</legis-num><current-chamber>IN THE HOUSE OF REPRESENTATIVES</current-chamber><action display="yes"><action-date date="20170112">January 12, 2017</action-date><action-desc><sponsor name-id="G000563">Mr. Gibbs</sponsor> (for himself and <cosponsor name-id="C000266">Mr. Chabot</cosponsor>) introduced the following bill; which was referred to the <committee-name committee-id="HPW00">Committee on Transportation and Infrastructure</committee-name></action-desc></action><legis-type>A BILL</legis-type><official-title display="yes">To amend the Federal Water Pollution Control Act to provide for an integrated planning and
			 permitting process, and for other purposes.</official-title></form>
	<legis-body id="H703B7E44176847DFA36DF1D2A6996436" style="OLC">
 <section id="HAC9A04A925724239BEA0235D09295596" section-type="section-one"><enum>1.</enum><header>Short title</header><text display-inline="no-display-inline">This Act may be cited as the <quote><short-title>Water Quality Improvement Act of 2017</short-title></quote>.</text> </section><section id="H410010C6F7C64A219EC4AFE89E3E671B"><enum>2.</enum><header>Integrated planning process</header><text display-inline="no-display-inline">Section 402 of the Federal Water Pollution Control Act (<external-xref legal-doc="usc" parsable-cite="usc/33/1342">33 U.S.C. 1342</external-xref>) is amended by adding at the end the following:</text>
			<quoted-block display-inline="no-display-inline" id="H192376ABFA8F477CBD6FF39BBBED3D34" style="OLC">
				<subsection id="HEBB00080DE844546900A30E58B25B6B7"><enum>(s)</enum><header>Integrated planning and permitting</header>
 <paragraph id="HA7C3DBBA09154ADCACD1F4BB58F5D627"><enum>(1)</enum><header>In general</header><text display-inline="yes-display-inline">The Administrator shall establish a comprehensive and flexible integrated planning process and permitting process for municipal wastewater and stormwater management that will help municipalities comply with the requirements of this Act by enabling municipalities to identify the most cost-effective and protective approaches to comply with such requirements, and prioritize their investments in addressing such requirements.</text>
 </paragraph><paragraph id="HB2F77E8380184AA9979646A5DDD191CD"><enum>(2)</enum><header>Planning and permitting process</header><text display-inline="yes-display-inline">The Administrator shall ensure that, under the planning and permitting process established under paragraph (1)—</text>
 <subparagraph id="H8645239254D8497B97464539BA452406"><enum>(A)</enum><text>actions taken by the municipality to comply with the requirements of this Act are implemented in a manner that—</text>
 <clause id="H3F8CA2861C9F4D488A2E5D042E3D4D47"><enum>(i)</enum><text>considers alternative approaches and actions for the municipality to comply with such requirements;</text> </clause><clause id="HAC67B7F355844D4EB52DA95946559DF6"><enum>(ii)</enum><text>takes into consideration the technical feasibility and economic affordability of the alternative approaches and actions considered;</text>
 </clause><clause id="H6ED86F7EF1A8477BBA7846A1B4351579"><enum>(iii)</enum><text display-inline="yes-display-inline">accounts for the financial capability of the municipality to comply with such requirements;</text> </clause><clause id="H9B925636DCFF483EB70EB012D3476A45"><enum>(iv)</enum><text>prioritizes such requirements in order to provide the greatest environmental and public health benefits for the resources expended;</text>
 </clause><clause id="H5B46353E3C5146DDA7E8E001A3F4C0BA"><enum>(v)</enum><text display-inline="yes-display-inline">accounts for both the municipality’s preexisting and reasonably anticipated future compliance requirements related to, as applicable—</text>
 <subclause id="H1D5FF27344264DA4AE46B6AE7521C61F"><enum>(I)</enum><text display-inline="yes-display-inline">a combined sewer overflow;</text> </subclause><subclause id="HC7E5C39D06D640B88B5D391955363947"><enum>(II)</enum><text>a sanitary sewer overflow;</text>
 </subclause><subclause id="H315F5AD084F54C418E4EA69BCABD74F2"><enum>(III)</enum><text>a capacity, management, operation, and maintenance program for sanitary sewer collection systems;</text> </subclause><subclause id="HF4599376A1A64697812DCD739F2150D7"><enum>(IV)</enum><text>a municipal stormwater discharge;</text>
 </subclause><subclause id="H49C11B3058064E30BF1C961AA4931EE0"><enum>(V)</enum><text>a municipal wastewater discharge;</text> </subclause><subclause id="H805B1726D6724D32B51DA4374E6E3619"><enum>(VI)</enum><text>a water quality-based effluent limitation to implement an applicable wasteload allocation in a total maximum daily load;</text>
 </subclause><subclause id="HBFAA80B135A648DA94B7B69F21F09FB3"><enum>(VII)</enum><text>source water protection efforts that protect surface water supplies; and</text> </subclause><subclause id="H2958448539884C6CAE02202F2CC64F36"><enum>(VIII)</enum><text>nonpoint source controls through proposed trading approaches or other mechanisms;</text>
 </subclause></clause><clause id="H724291481F7646DDBBD7C301906B2309"><enum>(vi)</enum><text display-inline="yes-display-inline">allows a municipality to develop a schedule of compliance that sequences the implementation of effluent limitations and other control measures based on the priorities established under clause (iv), in accordance with paragraph (4);</text>
 </clause><clause id="H785E4B7B686E4C209A4E642F45614D55"><enum>(vii)</enum><text display-inline="yes-display-inline">enables the municipality to implement innovative or sustainable technologies, approaches, and practices to comply with such requirements, including through the use of green infrastructure measures as set forth in the memorandum issued by the Administrator on April 20, 2011, entitled <quote>Protecting Water Quality with Green Infrastructure in EPA Water Permitting and Enforcement Programs</quote>;</text>
 </clause><clause id="H98C1FB1B0E85492EAE878692F55935B0"><enum>(viii)</enum><text>provides for meeting the requirements of this Act by using the existing flexibilities in this Act and its implementing regulations, policies, and guidance; and</text>
 </clause><clause id="HD3F30C835FE34836A21A4CBB61C18EAB"><enum>(ix)</enum><text>reflects State requirements and planning efforts and incorporates State input on priority setting and other key implementation issues;</text>
 </clause></subparagraph><subparagraph id="HB75E53C54F4A451D91162212148031BB"><enum>(B)</enum><text display-inline="yes-display-inline">a municipality may develop an integrated plan, in consultation with the Administrator (or an authorized State, in the case of a permit program approved under subsection (b)), that—</text>
 <clause id="HCDF7AC7440814E4CA5F8B6B4EDC6A3E9"><enum>(i)</enum><text>identifies the compliance requirements of the municipality under this Act, including effluent limitations and other control measures to be implemented by the municipality;</text>
 </clause><clause id="HBB30E87E71D94645A131C95E0C018E7A"><enum>(ii)</enum><text>includes, as applicable, a schedule developed under subparagraph (A)(vi) for complying with such requirements; and</text>
 </clause><clause commented="no" id="H32318BA7D4124EB7B3ADEE6D51FB954E"><enum>(iii)</enum><text>includes documentation of the integrated planning and permitting process of the municipality under this section, including data and other information on which the integrated plan is based;</text>
 </clause></subparagraph><subparagraph commented="no" id="HB37821A8364C4910935DA2371225E267"><enum>(C)</enum><text display-inline="yes-display-inline">such an integrated plan (including as applicable, the schedule of compliance included in the plan) may be incorporated in whole or in part into a permit issued to the municipality under this section;</text>
 </subparagraph><subparagraph commented="no" id="H3B65D4B6FE7446C3972EEA7238610875"><enum>(D)</enum><text display-inline="yes-display-inline">progress in implementing the integrated plan is tracked and evaluated;</text> </subparagraph><subparagraph commented="no" id="H8ABFC7C1AA8241CEAF1C71861DDE5785"><enum>(E)</enum><text>a process for revising the integrated plan, using adaptive management processes, to account for adjustments and further actions that may be needed to comply with the requirements of this Act is incorporated into the integrated plan and the municipality’s permit issued under this section;</text>
 </subparagraph><subparagraph commented="no" id="H404DBBA8589144E3AC0758D36381E84A"><enum>(F)</enum><text display-inline="yes-display-inline">with respect to any permit issued under this subsection that includes effluent limitations and other control measures that are established as part of a schedule of compliance included in such an integrated plan, such effluent limitations and other control measures included in that permit shall be based on water quality and other requirements under this Act that are technically feasible and economically affordable, as described in paragraphs (6) and (7); and</text>
 </subparagraph><subparagraph id="HDAD4605AE01B47398FDDFB214FB53F32"><enum>(G)</enum><text>an authorized State, in the case of a permit program approved under subsection (b), may implement the integrated planning process under this subsection.</text>
						</subparagraph></paragraph><paragraph id="H8EAAA551D7FA4C5A89D2A125B8B684E9"><enum>(3)</enum><header>Integrated plans</header>
 <subparagraph id="H9E6FF24B4B3143F881676B6E767B0850"><enum>(A)</enum><header>Plan contents</header><text>An integrated plan developed under this subsection shall include the elements described in Part III of the Integrated Municipal Stormwater and Wastewater Planning Approach Framework, issued by the Environmental Protection Agency and dated May 2012.</text>
 </subparagraph><subparagraph id="HD2657EF2379F4AE490661FA723F976BF"><enum>(B)</enum><header>Dissemination of information</header><text>The Administrator shall—</text> <clause id="HE27305E0068C489FB2C2EAFE5E390596"><enum>(i)</enum><text>inform municipalities of the opportunity to develop an integrated plan; and</text>
 </clause><clause id="HFAE7C28F74954E30B6BBD05CEB08CA8B"><enum>(ii)</enum><text>at the request of a municipality or a State, provide information and technical assistance to the municipality or State regarding developing an integrated plan.</text>
							</clause></subparagraph></paragraph><paragraph id="H27C84E66A482448E9A31C177C8FEA5CD"><enum>(4)</enum><header>Compliance schedules</header>
 <subparagraph id="H61D4EE710C22447F97D6662070EB64CD"><enum>(A)</enum><header>Duration</header><text display-inline="yes-display-inline">A schedule of compliance developed under paragraph (2)(A)(vi) and incorporated into a permit under this section may be implemented over more than 1 permit term.</text>
 </subparagraph><subparagraph id="HE19445FA55A048028511A0718CE3D5ED"><enum>(B)</enum><header>Sequencing implementation of high-priority control measures</header><text display-inline="yes-display-inline">A schedule of compliance under this subsection may allow a municipality to sequence the implementation of effluent limitations and other control measures that allow the municipality to implement, and assess the effectiveness of, the highest priority effluent limitations and other control measures before requiring implementation of other effluent limitations or control measures, if the schedule, once completed, would result in compliance with all requirements of this Act.</text>
 </subparagraph><subparagraph id="H37036786E1B3401FA4477A14F65B4F55"><enum>(C)</enum><header>Reasonable progress</header><text display-inline="yes-display-inline">A schedule of compliance under this subsection shall provide for reasonable progress, including interim dates and milestones, as appropriate, to be made towards meeting the permit requirements subject to such schedule.</text>
 </subparagraph><subparagraph id="HCFE9E61AEE344A61949D860C540455B9"><enum>(D)</enum><header>Controls identified in current and subsequent permits</header><text>Approved effluent limitations and other control measures to be implemented by the municipality pursuant to this subsection—</text>
 <clause id="H85086E5910B84FD7A12AFE8A048E522B"><enum>(i)</enum><text>during the term of the current permit shall be identified as such in the schedule of compliance and the current permit, and shall be requirements of the current permit; and</text>
 </clause><clause id="H7B5F14A1800646C085216EA48667AF3E"><enum>(ii)</enum><text display-inline="yes-display-inline">subsequent to the term of the current permit shall be identified as such in the schedule of compliance and the current permit, and shall become requirements of an appropriate subsequent permit, but shall not be requirements of the current permit.</text>
							</clause></subparagraph><subparagraph id="H23AB37D9F2684BF2989D51799F2A9EE7"><enum>(E)</enum><header>State authority to authorize schedules of compliance in State water quality standards</header>
 <clause id="HED4F785B10A44930A921983D637A6537"><enum>(i)</enum><header>In general</header><text>Nothing in section 301(b)(1)(C) shall preclude a State from authorizing in its water quality standards the issuance of a schedule of compliance to meet water quality-based effluent limitations in permits that incorporate provisions of an integrated plan pursuant to this subsection.</text>
 </clause><clause id="HE88FFBB8E02442FDBC374565692ED3B5"><enum>(ii)</enum><header>Transition rule</header><text>In any case in which a discharge is subject to a judicial order or consent decree, as of the date of enactment of this subsection, resolving an enforcement action under this Act, any schedule of compliance issued pursuant to an authorization in a State water quality standard shall not revise or otherwise affect a schedule of compliance in that order or decree, unless the order or decree is modified by agreement of the parties and the court.</text>
							</clause></subparagraph></paragraph><paragraph id="H7D0D575353A94D85BEE58DA678014E67"><enum>(5)</enum><header>Integrated plan and permit decisionmaking</header>
 <subparagraph id="HB6CE52B57A504D37B2EB39C399445CA5"><enum>(A)</enum><header>Approval of integrated plans and permits</header><text display-inline="yes-display-inline">Integrated plans and permits incorporating such a plan developed under this subsection are subject to the approval of the Administrator (or an authorized State, in the case of a permit program approved under subsection (b)), which shall not be unreasonably withheld.</text>
						</subparagraph><subparagraph id="H954C231A9A554F66BBDA35A036ED1C2C"><enum>(B)</enum><header>Renewal of integrated permit</header>
 <clause id="HBF799945DE0C47AA82F74BF2EDA5A399"><enum>(i)</enum><header>In general</header><text>At the time of renewal of a municipality’s integrated permit issued pursuant to this subsection, the Administrator (or an authorized State, in the case of a permit program approved under subsection (b)) shall review the schedule of compliance and other requirements included in the existing permit to determine whether the requirements should be continued or modified.</text>
 </clause><clause id="HB1B8DE0B8AD74E1DB439EBECEFECA00D"><enum>(ii)</enum><header>Review considerations</header><text>The permit review shall assess whether changed circumstances warrant adjusting the actions to be taken by the municipality, including whether—</text>
 <subclause id="HE8782627C79641F7846B1A1E01026033"><enum>(I)</enum><text>the effluent limitations and other control measures in the current permit are expected to result in the municipality complying with the requirements of this Act within the timeframes provided in the schedule of compliance;</text>
 </subclause><subclause id="H0E05BCD14B6342F6A3CD0EB7FE139385"><enum>(II)</enum><text>the effluent limitations and other control measures continue to be technically feasible and economically affordable under paragraphs (6) and (7);</text>
 </subclause><subclause id="H043887C437A742EFA4E1809A2A95A632"><enum>(III)</enum><text>new innovative treatment approaches are available that provide greater environmental and public health benefits or have fewer adverse environmental impacts for the resources expended;</text>
 </subclause><subclause id="H4FA7126821D54517AD9A12C095008CF6"><enum>(IV)</enum><text>the municipality is subject to additional regulatory requirements;</text> </subclause><subclause id="H56871F5C36D247E7B5D42A4373F77D04"><enum>(V)</enum><text>the municipality’s financial capability has changed; and</text>
 </subclause><subclause commented="no" id="H24D1887624384003B26633CE0452110F"><enum>(VI)</enum><text display-inline="yes-display-inline">reasonable progress has been achieved, as provided for under paragraph (4)(C), including meeting interim dates and milestones, and if not, the reasons for such failure to achieve reasonable progress.</text>
 </subclause></clause><clause id="H5CB9A9F210F34C4EA221E32BFCFBBBD0"><enum>(iii)</enum><header>Continuation of requirements in renewed permit</header><text>The permit requirements in an existing permit shall be incorporated into the renewed permit, unless the Administrator (or the authorized State, in the case of a permit program approved under subsection (b)) determines that a requirement should be modified or removed to help the municipality comply with the requirements of this Act through the implementation of technically feasible and economically affordable effluent limitations and other control measures.</text>
 </clause></subparagraph><subparagraph id="HA1BDE73126E343D0A949A47B6A466373"><enum>(C)</enum><header>Transparency of permit decisions</header><text display-inline="yes-display-inline">Prior to approving a plan developed under this subsection and issuing or renewing a permit incorporating such a plan pursuant to this subsection, or denying a request from a municipality for approval of a plan and issuance or renewal of a permit incorporating such a plan under this subsection, the Administrator (or an authorized State, in the case of a permit program approved under subsection (b)) shall—</text>
 <clause id="H5FEA55067ECA4EFCA5E2110F9F02B469"><enum>(i)</enum><text>prepare a report explaining the rationale for the proposed decision; and</text> </clause><clause id="HA56017A4B0224E3B98B86CFFEC23B9CA"><enum>(ii)</enum><text>make the report publicly available for review and comment by the municipality and other interested parties.</text>
 </clause></subparagraph><subparagraph id="H693FD0A0A52E421E94CF6EB5C3B4AFB2"><enum>(D)</enum><header>Administrator review of State permitting decisions</header><text display-inline="yes-display-inline">When the Administrator provides his or her views to a State concerning a proposed integrated plan or permit incorporating such a plan that is to be issued by the State pursuant to this subsection, the Administrator shall make those views available in a written document that is publicly available for review and comment by the municipality and other interested parties.</text>
 </subparagraph></paragraph><paragraph id="H856D87492E494EEBA84D4E41D5A097F7"><enum>(6)</enum><header>Technical feasibility criteria</header><text>In making a determination of technical feasibility under this subsection, the Administrator (or the State) shall consider—</text>
 <subparagraph id="H4CCC37653FDE4D17BEDB04B29730E84A"><enum>(A)</enum><text>naturally occurring pollutant concentrations;</text> </subparagraph><subparagraph id="HA42C7363FD664F0A9FF08F0E6A687B01"><enum>(B)</enum><text>natural, ephemeral, intermittent, or low flow conditions or water levels;</text>
 </subparagraph><subparagraph id="HD1CEB4F284A3411E9A9933496B91747B"><enum>(C)</enum><text>human-caused conditions or sources of pollution that cannot be remedied or would cause more environmental damage to correct than to leave in place;</text>
 </subparagraph><subparagraph id="HD308A5A2F0624FA0B8CCD348724E6145"><enum>(D)</enum><text>dams, diversions, or other types of hydrologic modifications that make it not feasible to restore the water body to its original condition or to operate such modification in a way that would comply with the requirements of this Act; and</text>
 </subparagraph><subparagraph id="H612B3F9CB3AA40E687881F516D3B8574"><enum>(E)</enum><text display-inline="yes-display-inline">physical conditions related to the natural features of the water body, such as the lack of a proper substrate, cover, flow, depth, pools, riffles, and the like, unrelated to water quality, that may preclude compliance with the requirements of this Act.</text>
						</subparagraph></paragraph><paragraph id="H28C74CDF8AFD420BB2A22909FBE1C87C"><enum>(7)</enum><header>Economic affordability criteria</header>
 <subparagraph id="HFF830D545F2E4EF884BCEE87288DEA40"><enum>(A)</enum><header>In general</header><text display-inline="yes-display-inline">In making a determination of economic affordability under this subsection, the Administrator (or the authorized State, in the case of a permit program approved under subsection (b)) shall consider preexisting and potential future costs, including of debt service, to the municipality for implementing effluent limitations and other control measures necessary to comply with the requirements of this Act would result in substantial and widespread economic and social impact in the service area of the municipality.</text>
 </subparagraph><subparagraph id="HE1E617AE25C746369B6147D797A5C847"><enum>(B)</enum><header>Basis for determining impacts</header><text display-inline="yes-display-inline">In determining whether the economic and social impacts of preexisting and potential future costs under subparagraph (A) are substantial and widespread, the Administrator (or the State) shall consider the financial condition both of the municipality and of persons in the service area of the municipality, taking into consideration factors including—</text>
 <clause id="HE440FF6ACE294056AC081DA4D0DE65BF"><enum>(i)</enum><text display-inline="yes-display-inline">socioeconomic indicators, including income and unemployment data for the service area of the municipality;</text>
 </clause><clause id="H4EDF94B35EAE40FB934A12E88FE2034D"><enum>(ii)</enum><text>population trends in the service area of the municipality;</text> </clause><clause id="HD4B1655114E349D1B78D177D36D46A1E"><enum>(iii)</enum><text>impacts on low-income households in the service area, including the ability of such households to pay basic shelter costs;</text>
 </clause><clause id="H4272477FB4A04E74B1C29D6010EAB56B"><enum>(iv)</enum><text>whether there is a local industry that is failing or relocating out of the service area of the municipality, or if a local industry might fail or relocate if higher taxes or fees are imposed on it;</text>
 </clause><clause id="HB0579D9E9FB44C9489179B3ED6796120"><enum>(v)</enum><text>the municipality’s capital improvement plan and whether the municipality would, in order to finance improvements to comply with the requirements of this Act, have to divert resources that would otherwise be used for investment in essential capital projects that provide core public services to the community;</text>
 </clause><clause id="H4A47E03747C64B3986CBE365A45C9AB3"><enum>(vi)</enum><text>the ability of the municipality to incur more debt, including its ability to issue, and find a market for, additional municipal bonds;</text>
 </clause><clause id="HA1F1EAB9331441B59BF4F0537505C465"><enum>(vii)</enum><text>whether the debt incurred to implement the effluent limitations and other control measures has or will result in a lowering of the municipality’s bond rating;</text>
 </clause><clause id="H5C2F6E02028F48DFB8AEE97657E9F789"><enum>(viii)</enum><text>whether the municipality has limited legal authority to pass increased costs through to ratepayers and increased costs of water quality programs must be paid from its general fund;</text>
 </clause><clause id="HCD1F43FE68DA4DC6A1B492C30F611640"><enum>(ix)</enum><text>the legally adopted rate structure for provision of water- and wastewater-related services in the service area in effect at the time that a determination of economic affordability is made;</text>
 </clause><clause id="H255FC58609FC434CBE259B72BB6EF415"><enum>(x)</enum><text display-inline="yes-display-inline">the cumulative costs paid by persons in the service area to an entity for provision of water- and wastewater-related services; and</text>
 </clause><clause id="HC8A0704D4770428A9C0436CD21A443E9"><enum>(xi)</enum><text>other information determined to be relevant by the Administrator (or the authorized State, in the case of a permit program approved under subsection (b)), including whether the municipality is located in an area eligible for assistance under section 201 or 209 of the Public Works and Development Act of 1965 (<external-xref legal-doc="usc" parsable-cite="usc/42/3141">42 U.S.C. 3141</external-xref>, 3149), as described in section 301 of that Act (<external-xref legal-doc="usc" parsable-cite="usc/42/3161">42 U.S.C. 3161</external-xref>).</text>
							</clause></subparagraph><subparagraph id="HE4D2E4423CE94E9A8A12F9BD864E5E2A"><enum>(C)</enum><header>Cumulative costs for water- and wastewater-related services</header>
 <clause id="H687361E942034A628C3617882B5AF09D"><enum>(i)</enum><header>Inclusions</header><text>Cumulative costs for the provision of water- and wastewater-related services to be considered under subparagraph (B)(xi) shall include the municipality’s preexisting and reasonably anticipated future costs paid by a person, including through taxes and fees, for the municipality’s cost of—</text>
 <subclause id="H5361315F733F447487DFC5CC5A315142"><enum>(I)</enum><text display-inline="yes-display-inline">compliance with Federal and State water- and wastewater-related and other regulatory requirements;</text> </subclause><subclause id="HF92724A4F119448F8E804E96567D66A0"><enum>(II)</enum><text>operation and maintenance of water and wastewater systems;</text>
 </subclause><subclause id="H5E0F841CF7DD44CC9E8E30CAF6AE81CD"><enum>(III)</enum><text>asset management; and</text> </subclause><subclause id="HEF117E5C9019410FB135CA8FF55E40AB"><enum>(IV)</enum><text>servicing any debt incurred or to be incurred to finance the other costs referred to in this clause.</text>
 </subclause></clause><clause commented="no" id="H5130E6198E1646C9AA188F505B0D40D3"><enum>(ii)</enum><header>Substantial impact</header><text display-inline="yes-display-inline">In making a determination of economic impact under subparagraph (B), the Administrator (or the State) shall consider the impact on a person to be substantial if the cumulative costs paid by the person exceeds, or is projected to exceed, 2 percent of the person’s annual household income.</text>
 </clause><clause id="HE269C5C5C8564DF78DA258EE8CFB7CD0"><enum>(iii)</enum><header>Widespread impact</header><text display-inline="yes-display-inline">In making a determination of economic impact under subparagraph (B), the Administrator (or the State) shall consider the impact to be widespread if 20 percent or more of persons in the service area of the municipality face a substantial impact described in clause (ii).</text>
 </clause></subparagraph><subparagraph id="H647980DBD02C47689F7825890284C45C"><enum>(D)</enum><header>Additional requirements</header><text display-inline="yes-display-inline">In making a determination of economic affordability under this subsection, the Administrator (or the State) shall not base the determination on—</text>
 <clause id="H63ED8F2CA5254DFE860D0EA3EA8CD163"><enum>(i)</enum><text display-inline="yes-display-inline">median household income in the service area of the municipality; or</text> </clause><clause id="HE97CD767488B47609B027E3809090C61"><enum>(ii)</enum><text display-inline="yes-display-inline">an expected minimum level of expenditure on the provision of water and wastewater services by a municipality.</text>
							</clause></subparagraph></paragraph><paragraph id="HE519B02F648D4708BB69FAAB2032939F"><enum>(8)</enum><header>Flexibility</header>
 <subparagraph id="H9AA3A291B4814B0CA925B9F5FF976BCF"><enum>(A)</enum><header>In general</header><text>Nothing in this subsection reduces or eliminates any flexibility available under this Act, including the authority of a State to—</text>
 <clause id="H9F3BE999230D447FBED3A45C5CB2DA6A"><enum>(i)</enum><text>revise a water quality standard after a use attainability analysis under section 131.10(g) of title 40, Code of Federal Regulations (as in effect on the date of enactment of this subsection); or</text>
 </clause><clause id="H4EE6D6C8CC604B6E82615B42630287CC"><enum>(ii)</enum><text>adopt a water quality standards variance under section 131.14 of title 40, Code of Federal Regulations (as in effect on the date of enactment of this subsection).</text>
 </clause></subparagraph><subparagraph id="H6867618FDBB84141B4D2CBE16C6433FB"><enum>(B)</enum><header>Approvals</header><text>Such a revision of a standard or adoption of a variance by a State under subparagraph (A)(i) is subject to the approval of the Administrator under section 303(c), which shall not be unreasonably withheld.</text></subparagraph></paragraph></subsection><after-quoted-block>.</after-quoted-block></quoted-block>
		</section><section id="HA32A4C0962614F2EA1F7398E886EF503"><enum>3.</enum><header>Updating financial capability assessment guidance</header>
			<subsection id="HD2F12238E58647E5B9A494767E8F3E11"><enum>(a)</enum><header>In general</header>
 <paragraph id="H0B24B19006CA4D4FA86B1280BC03D3CD"><enum>(1)</enum><header>Update</header><text>Not later than 15 months after the date of enactment of this Act, the Administrator shall update the financial capability assessment guidance published by the Administrator entitled <quote>Combined Sewer Overflows—Guidance for Financial Capability Assessment and Schedule Development</quote> (EPA 832–B–97–004), dated February 1997.</text>
 </paragraph><paragraph commented="no" id="H23932F75E7A74E4EA56FB0D2F5838F82"><enum>(2)</enum><header>Scope</header><text display-inline="yes-display-inline">In updating the financial capability assessment guidance developed under subparagraph (1), the Administrator shall ensure that the guidance may be used for assessing the financial capability of municipalities to implement effluent limitations and other control measures under the Federal Water Pollution Control Act.</text>
 </paragraph></subsection><subsection id="H2BCD4405963D45FF913CDD8982FBF7A0"><enum>(b)</enum><header>Requirements for updating</header><text>In updating the financial capability assessment guidance under subsection (a), the Administrator shall—</text>
 <paragraph id="H00F869A2FC734EE48D98087F0544F720"><enum>(1)</enum><text display-inline="yes-display-inline">consult with, and solicit advice and recommendations from, representative municipal and State officials (including their representative regional or national organizations), stakeholders, and other interested parties regarding how to assess the financial capability of municipalities to implement effluent limitations and other control measures under the Federal Water Pollution Control Act;</text>
 </paragraph><paragraph id="H9A3A6E2C30284B109A6A2D1F9140BF02"><enum>(2)</enum><text>ensure transparency in the consultation process, including promptly making accessible to the public all communications, records, and other documents of all meetings that are part of the consultation process;</text>
 </paragraph><paragraph id="H1012A86254484622892FBADD77094F2A"><enum>(3)</enum><text display-inline="yes-display-inline">ensure that the updated guidance takes into consideration relevant studies, reports, and other information related to assessing the financial capability of municipalities to implement effluent limitations and other control measures, including—</text>
 <subparagraph id="HEE0AC710BEC34EFA9239CDE473A402BA"><enum>(A)</enum><text>the reports of recommendations to the Environmental Protection Agency from the Environmental Financial Advisory Board related to financial capability assessments of municipalities; and</text>
 </subparagraph><subparagraph id="HFE73CF1C94CA4AC7887F0B38D6D1604B"><enum>(B)</enum><text>the memorandum of the Environmental Protection Agency entitled <quote>Financial Capability Assessment Framework for Municipal Clean Water Act Requirements</quote>, dated November 24, 2014, and the accompanying guidance entitled <quote>Financial Capability Assessment Framework</quote>, dated November 24, 2014;</text> </subparagraph></paragraph><paragraph id="HFD99821A6B4F42A3B1FB4C91C564507E"><enum>(4)</enum><text>ensure the evaluations by the Administrator of financial capability assessment and schedule of compliance development under subsection (s) of section 402 of the Federal Water Pollution Control Act reflect the economic affordability criteria described in subsection (s)(7) of that section;</text>
 </paragraph><paragraph id="H3667393B0D3B496EA198FECE5EE4D18D"><enum>(5)</enum><text>ensure the updated guidance provides a consistent reference point to aid parties in negotiating reasonable and effective schedules for implementing effluent limitations and other control measures under the Federal Water Pollution Control Act;</text>
 </paragraph><paragraph id="HE1B8E48D1EE24D8388E54FBABEAFF416"><enum>(6)</enum><text>publish in the Federal Register proposed updated financial capability assessment guidance under this section, and provide a period for public comment of not less than 60 days;</text>
 </paragraph><paragraph id="HD4A11AA3FB8849B79202EEAAF0503D6F"><enum>(7)</enum><text>prepare final updated financial capability assessment guidance, taking into account—</text> <subparagraph id="H7BE80339A0C849A095D7A3D919DE2306"><enum>(A)</enum><text>the advice and recommendations obtained from the municipal and State officials (including their representative regional or national organizations), stakeholders, and other interested parties; and</text>
 </subparagraph><subparagraph id="H85C824DA44204E7D9676E24E57FB1E7D"><enum>(B)</enum><text>the public comments received during the public comment period; and</text> </subparagraph></paragraph><paragraph id="H11C2A335022043928DD276C24557251D"><enum>(8)</enum><text>publish in the Federal Register, and submit to the Committee on Transportation and Infrastructure of the House of Representatives and the Committee on Environment and Public Works of the Senate, the final updated financial capability assessment guidance.</text>
				</paragraph></subsection></section><section id="H816304588A8B4E7293B407FDC8E2CD30"><enum>4.</enum><header>Integrated permit pilot projects</header>
 <subsection id="H7FE4FD420742458B8243EBD9F3A37193"><enum>(a)</enum><header>In general</header><text display-inline="yes-display-inline">In the first 5 fiscal years beginning after the date of enactment of this Act, the Administrator, in coordination with appropriate State, local, and regional authorities, shall work cooperatively with, and facilitate the efforts of, not fewer than 15 municipalities to develop and implement integrated plans and permits to meet the requirements of the Federal Water Pollution Control Act (<external-xref legal-doc="usc" parsable-cite="usc/33/1342">33 U.S.C. 1342</external-xref>) in a manner consistent with section 402(s) of that Act.</text>
			</subsection><subsection id="HA82D3D492D1A422784CC720D8686F3FB"><enum>(b)</enum><header>Selection of municipalities</header>
 <paragraph id="H9F43845844504ADABA09108EAA845B49"><enum>(1)</enum><header>Eligibility of municipalities</header><text display-inline="yes-display-inline">A municipality shall be eligible to participate in the pilot program under subsection (a) if the municipality—</text>
 <subparagraph commented="no" id="H9D30CDB4877548898CFDA9833D5F7A07"><enum>(A)</enum><text>has a permit issued under section 402 of the Federal Water Pollution Control Act; or</text> </subparagraph><subparagraph id="HBE8CC979D1C34D45B7F1A763314440A3"><enum>(B)</enum><text>is operating under an administrative order, administrative consent agreement, or judicial consent decree to comply with the requirements of that Act.</text>
 </subparagraph></paragraph><paragraph id="HD5B3A79AE185415C8F35DF8AD34F4372"><enum>(2)</enum><header>Factors</header><text>In selecting municipalities eligible under paragraph (1), the Administrator shall—</text> <subparagraph id="HBFAEBCD940104DC78DD05575AAF8F2D6"><enum>(A)</enum><text>give priority to municipalities—</text>
 <clause id="H130C974A85284ED6988592BC7FAF910B"><enum>(i)</enum><text>that are operating under an administrative order, administrative consent agreement, or judicial consent decree to comply with the requirements of the Federal Water Pollution Control Act;</text>
 </clause><clause id="H3D7DA5AB9E6C40478A1A6687A85665D4"><enum>(ii)</enum><text>having difficulties complying with the Federal Water Pollution Control Act, in addition to the municipalities described in clause (i); or</text>
 </clause><clause id="H7B0C4801A66846F386391278A093A721"><enum>(iii)</enum><text>that are affected by affordability constraints in planning and implementing effluent limitations and other control measures under the Federal Water Pollution Control Act to address wet weather discharges or other water pollution issues from their wastewater and stormwater facilities;</text>
 </clause></subparagraph><subparagraph id="HAF6FC65BD3934CB39B69134F9379D97A"><enum>(B)</enum><text>give further priority to those municipalities under subparagraph (A)—</text> <clause id="H02C600713B8145CBB5F1349770AF963F"><enum>(i)</enum><text>with knowledge and experience in developing integrated and adaptive clean water management practices, without regard to the status of the municipality in the process of planning or implementing such practices; and</text>
 </clause><clause id="HEF5E68649E97462BB9AA55243CBBAE51"><enum>(ii)</enum><text>that are seeking to develop and implement an integrated plan that includes adaptive approaches to account for changed or future uncertain circumstances; and</text>
 </clause></subparagraph><subparagraph id="H9A05B61B005341B0901A81A23A1C0CCF"><enum>(C)</enum><text>seek to select municipalities—</text> <clause id="H07C6E9B61446433C8D7E4915B877CC5E"><enum>(i)</enum><text>from different geographical regions of the United States; and</text>
 </clause><clause id="HB2AA3E9819A44509935E3DFE250913C8"><enum>(ii)</enum><text>of various population sizes.</text> </clause></subparagraph></paragraph><paragraph id="HB188402A4E01460FA9B5E7EA86E5E813"><enum>(3)</enum><header>Additional authority</header><text display-inline="yes-display-inline">In carrying out this section, the Administrator may, with the agreement of and in coordination with a municipality and the applicable State—</text>
 <subparagraph id="H947F4B0E1ADC428CB69F0502CA9A8107"><enum>(A)</enum><text>modify the implementation terms of an existing administrative order or administrative consent agreement, or seek to modify a judicial consent decree entered into by the municipality with the Administrator pursuant to the Federal Water Pollution Control Act; and</text>
 </subparagraph><subparagraph id="HDB0AAE83B4194833AA00F1C3BC246924"><enum>(B)</enum><text>incorporate such modified implementation terms, including the municipality’s integrated plan, into an integrated permit issued pursuant to section 402(s) of the Federal Water Pollution Control Act.</text>
 </subparagraph></paragraph></subsection><subsection id="HD85C0520333B45BA96535264988D0AA2"><enum>(c)</enum><header>Report to Congress</header><text>Not later than 1 year after the date of enactment of this Act, and each year thereafter for 5 years, the Administrator shall prepare and submit to the Committee on Transportation and Infrastructure of the House of Representatives and the Committee on Environment and Public Works of the Senate a report on the implementation of this section and issuance of integrated permits pursuant to section 402(s) of the Federal Water Pollution Control Act, including—</text>
 <paragraph id="HA9AD7CB4008649A8B12D1722FDC489B2"><enum>(1)</enum><text>identification of the municipalities selected under this section;</text> </paragraph><paragraph id="H22AE7B0DB50C498DA2056B0B2807AF4D"><enum>(2)</enum><text>an evaluation of the specific outcomes achieved with respect to—</text>
 <subparagraph id="H76CD9CC786A3419AAA23BB42CD16FB14"><enum>(A)</enum><text>reducing the costs of complying with the requirements of the Federal Water Pollution Control Act for the municipalities selected under this section; and</text>
 </subparagraph><subparagraph id="H12A53E59EE9E46B9B693A7D8171C32C3"><enum>(B)</enum><text display-inline="yes-display-inline">making reasonable progress towards achieving the applicable water quality and human health objectives of the Federal Water Pollution Control Act; and</text>
 </subparagraph></paragraph><paragraph id="H3951E9789F0D4D88B3B5D800C4EB766B"><enum>(3)</enum><text display-inline="yes-display-inline">recommendations of any proposed legislative or administrative changes to improve the effectiveness and efficiency of the integrated planning and permitting process under section 402(s) of the Federal Water Pollution Control Act.</text>
 </paragraph></subsection></section><section id="HDF3EE937DB484435A4D52F2770FD49AC"><enum>5.</enum><header>Definitions</header><text display-inline="no-display-inline">In this Act:</text> <paragraph id="H2935C85A994F472F90C974DC5B1D4EC2"><enum>(1)</enum><header>Municipality</header><text>The term <term>municipality</term> has the meaning given that term in section 502(4) of the Federal Water Pollution Control Act (<external-xref legal-doc="usc" parsable-cite="usc/33/1362">33 U.S.C. 1362(4)</external-xref>).</text>
 </paragraph><paragraph id="HE38F85B107404C39BDCA0ECB81A13147"><enum>(2)</enum><header>Administrator</header><text>The term <term>Administrator</term> means the Administrator of the Environmental Protection Agency.</text> </paragraph></section></legis-body></bill> 

