<?xml version="1.0"?>
<?xml-stylesheet type="text/xsl" href="billres.xsl"?>
<!DOCTYPE bill PUBLIC "-//US Congress//DTDs/bill.dtd//EN" "bill.dtd">
<bill bill-stage="Introduced-in-House" bill-type="olc" dms-id="HCF2559F2D2FF4AC0B3A154B888892A62" key="H" public-private="private"><metadata xmlns:dc="http://purl.org/dc/elements/1.1/">
<dublinCore>
<dc:title>115 HR 751 IH: To authorize the President to award the Medal of Honor to James Megellas, formerly of Fond du Lac, Wisconsin, and currently of Colleyville, Texas, for acts of valor on January 28, 1945, during the Battle of the Bulge in World War II.</dc:title>
<dc:publisher>U.S. House of Representatives</dc:publisher>
<dc:date>2017-01-30</dc:date>
<dc:format>text/xml</dc:format>
<dc:language>EN</dc:language>
<dc:rights>Pursuant to Title 17 Section 105 of the United States Code, this file is not subject to copyright protection and is in the public domain.</dc:rights>
</dublinCore>
</metadata>
<form>
<distribution-code display="yes">V</distribution-code><congress display="yes">115th CONGRESS</congress><session display="yes">1st Session</session><legis-num display="yes">H. R. 751</legis-num><current-chamber>IN THE HOUSE OF REPRESENTATIVES</current-chamber><action display="yes"><action-date date="20170130">January 30, 2017</action-date><action-desc><sponsor name-id="G000576">Mr. Grothman</sponsor> introduced the following bill; which was referred to the <committee-name committee-id="HAS00">Committee on Armed Services</committee-name></action-desc></action><legis-type>A BILL</legis-type><official-title display="yes">To authorize the President to award the Medal of Honor to James Megellas, formerly of Fond du Lac,
			 Wisconsin, and currently of Colleyville, Texas, for acts of valor on
			 January 28, 1945, during the Battle of the Bulge in World War II.</official-title></form>
	<legis-body id="H6CAD53983C8F49B187A0A1A11C3E0F73" style="OLC">
		<section display-inline="no-display-inline" id="HC0A2F33727CE4A13844E5F8B378B57F5" section-type="section-one"><enum>1.</enum><header>Authorization for award of the Medal of Honor to James Megellas for acts of valor during Battle of
			 the Bulge</header>
 <subsection id="H5F940A908A1842579346F912461476E7"><enum>(a)</enum><header>Waiver of time limitations</header><text display-inline="yes-display-inline">Notwithstanding the time limitations specified in section 3744 of title 10, United States Code, or any other time limitation with respect to the awarding of certain medals to persons who served in the Armed Forces, the President may award the Medal of Honor under section 3741 of such title to James Megellas, formerly of Fond du Lac, Wisconsin, and currently of Colleyville, Texas, for the acts of valor during World War II described in subsection (b).</text>
 </subsection><subsection id="HA09F0965011A4CFFA2D53BB7E5BC7834"><enum>(b)</enum><header>Acts of Valor Described</header><text display-inline="yes-display-inline">The acts of valor referred to in subsection (a) are the actions of James Megellas on January 28, 1945, in Herresbach, Belgium, during the Battle of the Bulge when, as a first lieutenant in the 82d Airborne Division, he led a surprise and devastating attack on a much larger advancing enemy force, killing and capturing a large number and causing others to flee, single-handedly destroying an attacking German Mark V tank with two hand-held grenades, and then leading his men in clearing and seizing Herresbach.</text>
			</subsection></section></legis-body></bill>


