<?xml version="1.0"?>
<?xml-stylesheet type="text/xsl" href="billres.xsl"?>
<!DOCTYPE bill PUBLIC "-//US Congress//DTDs/bill.dtd//EN" "bill.dtd">
<bill bill-stage="Introduced-in-House" bill-type="olc" dms-id="H0E15B1553FC148C68002D9658B5313D6" key="H" public-private="public"><metadata xmlns:dc="http://purl.org/dc/elements/1.1/">
<dublinCore>
<dc:title>115 HR 662 IH: Making the Education of Nurses Dependable for Schools Act</dc:title>
<dc:publisher>U.S. House of Representatives</dc:publisher>
<dc:date>2017-01-24</dc:date>
<dc:format>text/xml</dc:format>
<dc:language>EN</dc:language>
<dc:rights>Pursuant to Title 17 Section 105 of the United States Code, this file is not subject to copyright protection and is in the public domain.</dc:rights>
</dublinCore>
</metadata>
<form>
<distribution-code display="yes">I</distribution-code><congress display="yes">115th CONGRESS</congress><session display="yes">1st Session</session><legis-num display="yes">H. R. 662</legis-num><current-chamber>IN THE HOUSE OF REPRESENTATIVES</current-chamber><action display="yes"><action-date date="20170124">January 24, 2017</action-date><action-desc><sponsor name-id="J000290">Ms. Jenkins of Kansas</sponsor> (for herself, <cosponsor name-id="K000188">Mr. Kind</cosponsor>, <cosponsor name-id="T000463">Mr. Turner</cosponsor>, <cosponsor name-id="T000469">Mr. Tonko</cosponsor>, and <cosponsor name-id="K000378">Mr. Kinzinger</cosponsor>) introduced the following bill; which was referred to the <committee-name committee-id="HWM00">Committee on Ways and Means</committee-name></action-desc></action><legis-type>A BILL</legis-type><official-title display="yes">To enable hospital-based nursing programs that are affiliated with a hospital to maintain payments
			 under the Medicare program to hospitals for the costs of such programs.</official-title></form>
	<legis-body id="H2076B3F025EE4687925E6988FBB3167B" style="OLC">
 <section id="HD71CE3A10746403D9AC29A3D96C2DDF8" section-type="section-one"><enum>1.</enum><header>Short title</header><text display-inline="no-display-inline">This Act may be cited as the <quote><short-title>Making the Education of Nurses Dependable for Schools Act</short-title></quote> or the <quote><short-title>MEND Act</short-title></quote>.</text> </section><section id="HF989FCA62C2449E8B41FF438DC08DD0E"><enum>2.</enum><header>Enabling hospital-based nursing programs that are affiliated with a hospital to maintain medicare payments for the costs of such programs</header> <subsection id="H9FB94E459CF5493297BF9042D2F7ACA3"><enum>(a)</enum><header>In general</header><text>For purposes of clarifying the methodology for payment under the Medicare program under title XVIII of the Social Security Act (<external-xref legal-doc="usc" parsable-cite="usc/42/1395">42 U.S.C. 1395</external-xref> et seq.) to providers for the costs of nursing and allied health education activities for cost reporting periods beginning on or after the date of the enactment of this Act, the Secretary of Health and Human Services shall apply section 413.85 of title 42, Code of Federal Regulations—</text>
 <paragraph id="HF3A3268B624B4B5CA427E64544A51F0F"><enum>(1)</enum><text>by treating a provider as meeting all of the requirements described in paragraph (f)(1) of such section if the provider or a wholly owned subsidiary educational institution of such provider singly or collectively meets all of such requirements;</text>
 </paragraph><paragraph id="HBDA531E9E3014086BEBA3618856F9B16"><enum>(2)</enum><text>in the case of a provider that would meet the requirements of paragraph (g)(3) of such section, with respect to a nursing or allied health education program, except that the transfer described in such paragraph of such a program to a wholly owned subsidiary educational institution in order to meet accreditation standards occurred after October 1, 2003, by treating such provider as meeting the requirements of such paragraph (and eligible for payments under such paragraph) with respect to such program;</text>
 </paragraph><paragraph id="H483521D759A54290A83DCC7C604A59B7"><enum>(3)</enum><text>in the case of a provider or wholly owned subsidiary educational institution of such provider that has been in continuous operation since October 1, 2003, by treating such provider, beginning as of such date with respect to such program, as described in paragraphs (1) and (2) of this subsection; and</text>
 </paragraph><paragraph id="HB375CBE270B24B94B81BEB74DB091ED0"><enum>(4)</enum><text>by defining the term <term>wholly owned subsidiary educational institution</term>, as referenced in such section, as such term is defined under subsection (b).</text> </paragraph></subsection><subsection id="H6B9A13CACA3141478FB5B81884A0B91D"><enum>(b)</enum><header>Definitions</header><text>For purposes of this section:</text>
 <paragraph id="HF1877F5783214372B6411E82BA37DB2A"><enum>(1)</enum><header>Provider</header><text>The term <term>provider</term> has the meaning given such term in section 400.202 of title 42, Code of Federal Regulations.</text> </paragraph><paragraph id="H74B0A1E3A13E4F84BB51E64C041E3A80"><enum>(2)</enum><header>Wholly owned subsidiary educational institution</header><text>The term <term>wholly owned subsidiary educational institution</term> means, with respect to a provider, an educational institution that—</text>
 <subparagraph id="HC627DC5E9E9E4E44B914FB2E3E2F73A0"><enum>(A)</enum><text>is organized as a legal entity distinct from the provider;</text> </subparagraph><subparagraph id="H9EB0CE2875854E048DC337DAD38B842F"><enum>(B)</enum><text>has the provider as its sole owner or sole member; and</text>
 </subparagraph><subparagraph id="H553D4AA056894F3E9BDCAE66A7796908"><enum>(C)</enum><text>is organized in the same State in which the provider is organized or registered to do business.</text> </subparagraph></paragraph></subsection></section></legis-body></bill> 

