<?xml version="1.0"?>
<?xml-stylesheet type="text/xsl" href="billres.xsl"?>
<!DOCTYPE bill PUBLIC "-//US Congress//DTDs/bill.dtd//EN" "bill.dtd">
<bill bill-stage="Introduced-in-House" dms-id="H3BC9EE496B844DDEB3B2A2F2528BDABF" public-private="public" key="H" bill-type="olc"><form><distribution-code display="yes">I</distribution-code><congress display="yes">115th CONGRESS</congress><session display="yes">1st Session</session><legis-num display="yes">H. R. 623</legis-num><current-chamber>IN THE HOUSE OF REPRESENTATIVES</current-chamber><action display="yes"><action-date date="20170124">January 24, 2017</action-date><action-desc><sponsor name-id="C001076">Mr. Chaffetz</sponsor> (for himself, <cosponsor name-id="C001061">Mr. Cleaver</cosponsor>, <cosponsor name-id="J000255">Mr. Jones</cosponsor>, and <cosponsor name-id="C001090">Mr. Cartwright</cosponsor>) introduced the following bill; which was referred to the <committee-name committee-id="HIF00">Committee on Energy and Commerce</committee-name></action-desc></action><legis-type>A BILL</legis-type><official-title display="yes">To promote competition and help consumers save money by giving them the freedom to choose where they buy prescription pet medications, and for other purposes.</official-title></form><legis-body id="HB44DD94CE3CA449BB98F9EEFB21A2803" style="OLC"> 
<section id="H8D86461B9AEF4F86AE324BD750651F73" section-type="section-one"><enum>1.</enum><header>Short title</header><text display-inline="no-display-inline">This Act may be cited as the <quote><short-title>Fairness to Pet Owners Act of 2017</short-title></quote>.</text></section> <section commented="no" id="HA99D5A56825E491CAB400D53F7BB13A4"><enum>2.</enum><header>Applicability</header><text display-inline="no-display-inline">This Act shall only apply to medication for a domesticated household animal that the Federal Government prevents consumers from purchasing without a prescription.</text></section> 
<section id="H2F299A87779F491C9FE647C61422BCCE"><enum>3.</enum><header>Rules on veterinary prescriptions</header><text display-inline="no-display-inline">Not later than 180 days after the date of the enactment of this Act, the Federal Trade Commission shall promulgate rules in accordance with section 553 of title 5, United States Code, that include the following requirements with regard to a veterinary prescription:</text> <paragraph id="H2540AB612428454DBBE3F7E8A6546BA7"><enum>(1)</enum><header>In general</header><text>A requirement that the prescriber of an animal drug shall—</text> 
<subparagraph id="HA6EA3EFE37094137BB216CDF3CCE6511"><enum>(A)</enum><text>whether or not requested by the pet owner, provide to the pet owner, before offering to fill or dispensing a veterinary prescription, a copy of the veterinary prescription, including by electronic or other means; and</text></subparagraph> <subparagraph id="HACF7C51F1C444929B8A739A53C9609FC"><enum>(B)</enum><text>provide a copy of the prescription by electronic or other means consistent with applicable State law, if requested by a pharmacy or any other person designated to act on behalf of the pet owner.</text></subparagraph></paragraph> 
<paragraph id="H399BEB408D6E4CC587B673DC4EDDEF5E"><enum>(2)</enum><header>Purchase, payment, and waiver</header><text>A requirement that the prescriber of an animal drug—</text> <subparagraph id="HFB466B7DFE134292B1AAE3A68162F28F"><enum>(A)</enum><text>may not—</text> 
<clause id="H97DB0D01A95B443D9F35026EB7C98DB3"><enum>(i)</enum><text>require purchase of the animal drug for which the veterinary prescription was written from the prescriber or from another person as a condition of providing a copy of the veterinary prescription or verifying such prescription under paragraph (1);</text></clause> <clause id="H78CE62FF0A6C41D6AD5C3F6A51E295A5"><enum>(ii)</enum><text>require payment in addition to, or as part of, the fee for an examination and evaluation as a condition of providing a copy of the veterinary prescription or verifying such prescription under paragraph (1); or</text></clause> 
<clause id="H0188DA0857584DCD9357ED4C784184E4"><enum>(iii)</enum><text>require the pet owner to sign a waiver or disclaim liability, or deliver to the pet owner a notice waiving or disclaiming liability of the prescriber for the accuracy of the veterinary prescription, as a condition of providing a copy of such prescription or verifying such prescription under paragraph (1); and</text></clause></subparagraph> <subparagraph commented="no" id="H1E2CF50B4AC944DE916740A1D5025FF1"><enum>(B)</enum><text>may require payment of fees for an examination and evaluation before providing a veterinary prescription, but only if the prescriber requires immediate payment in the case of an examination that reveals no requirement for an animal drug.</text></subparagraph></paragraph></section> 
<section id="H8B97FDD9E2D0407F86559BF31BA343B8"><enum>4.</enum><header>Enforcement</header><text display-inline="no-display-inline">A violation of a rule prescribed pursuant to section 3 of this Act shall be treated as a violation of a rule defining an unfair or deceptive act or practice prescribed under section 18(a)(1)(B) of the Federal Trade Commission Act (<external-xref legal-doc="usc" parsable-cite="usc/15/57a">15 U.S.C. 57a(a)(1)(B)</external-xref>). The Federal Trade Commission shall enforce this Act in the same manner, by the same means, and with the same jurisdiction as though all applicable terms and provisions of the Federal Trade Commission Act were incorporated into and made a part of this Act.</text></section> <section id="HAA15DDE8D74A42C58103519D9C9202D3"><enum>5.</enum><header>Definitions</header><text display-inline="no-display-inline">In this Act:</text> 
<paragraph id="HCA3369859D88402395E48817BCE57B97"><enum>(1)</enum><header>Animal drug</header><text>The term <term>animal drug</term> means a drug intended to be administered to an animal that may not be dispensed without a prescription.</text></paragraph> <paragraph id="H6A5D7D1FF9DD4A4CA9D8DE86FC39A75D"><enum>(2)</enum><header>Domesticated household animal</header><text>The term <term>domesticated household animal</term> means a companion animal permitted under applicable State and local law to be kept in a home for noncommercial purposes.</text></paragraph> 
<paragraph id="HBA0C9CBFB63C43A68C946DB1CBBD6BCC"><enum>(3)</enum><header>Pet owner</header><text>The term <term>pet owner</term> means the legal owner of a domesticated household animal or a person designated by such owner to present such animal to the prescriber for care.</text></paragraph> <paragraph id="HB48A0BBA16014B808A8B210C31CCCBD7"><enum>(4)</enum><header>Prescriber</header><text>The term <term>prescriber</term> means a health care practitioner who is licensed to practice veterinary medicine or other person permitted under State law to issue prescriptions for animal drugs.</text></paragraph> 
<paragraph id="HCF6607E2B1014E0CB9B8AB20E1E4E1B4"><enum>(5)</enum><header>Veterinary prescription</header><text>The term <term>veterinary prescription</term>—</text> <subparagraph id="H500A284EFD134F20B2170F4EDBB78867"><enum>(A)</enum><text>means a written, oral, or electronic order from a prescriber authorizing the dispensing of an animal drug for use by a domesticated household animal and normally administered to the animal by its owner, issued in accordance with State and Federal law; and</text></subparagraph> 
<subparagraph id="H4D3A23F7A03043A88E7F04C44FE6F3A7"><enum>(B)</enum><text>does not include an animal drug administered by the veterinarian in the course of providing acute care.</text></subparagraph></paragraph></section> </legis-body></bill>

