<?xml version="1.0"?>
<?xml-stylesheet type="text/xsl" href="billres.xsl"?>
<!DOCTYPE bill PUBLIC "-//US Congress//DTDs/bill.dtd//EN" "bill.dtd">
<bill bill-stage="Introduced-in-House" bill-type="olc" dms-id="HC1D2ED8606B24ED4AF8FF77C09C857AA" public-private="public"><metadata xmlns:dc="http://purl.org/dc/elements/1.1/">
<dublinCore>
<dc:title>115 HR 363 IH: Child Tax Credit Integrity Preservation Act of 2017</dc:title>
<dc:publisher>U.S. House of Representatives</dc:publisher>
<dc:date>2017-01-06</dc:date>
<dc:format>text/xml</dc:format>
<dc:language>EN</dc:language>
<dc:rights>Pursuant to Title 17 Section 105 of the United States Code, this file is not subject to copyright protection and is in the public domain.</dc:rights>
</dublinCore>
</metadata>
<form>
<distribution-code display="yes">I</distribution-code><congress display="yes">115th CONGRESS</congress><session display="yes">1st Session</session><legis-num display="yes">H. R. 363</legis-num><current-chamber>IN THE HOUSE OF REPRESENTATIVES</current-chamber><action display="yes"><action-date date="20170106">January 6, 2017</action-date><action-desc><sponsor name-id="M001189">Mr. Messer</sponsor> introduced the following bill; which was referred to the <committee-name committee-id="HWM00">Committee on Ways and Means</committee-name></action-desc></action><legis-type>A BILL</legis-type><official-title display="yes">To amend the Internal Revenue Code of 1986 to clarify eligibility for the child tax credit.</official-title></form>
	<legis-body id="H1AA91797A94D44B7B19385FE58220E39" style="OLC">
 <section id="HD3B61383AACB43C38319A3EF65C3210E" section-type="section-one"><enum>1.</enum><header>Short title</header><text display-inline="no-display-inline">This Act may be cited as the <quote><short-title>Child Tax Credit Integrity Preservation Act of 2017</short-title></quote>.</text> </section><section id="H5047208148234C9DB4EAD682A064760C"><enum>2.</enum><header>Eligibility for child tax credit</header> <subsection id="HAF1280D4F95E4441A4CAF107A616CB25"><enum>(a)</enum><header>In general</header><text><external-xref legal-doc="usc" parsable-cite="usc/26/24">Section 24(e)</external-xref> of the Internal Revenue Code of 1986 is amended by striking <quote>under this section to a taxpayer</quote> and all that follows and inserting “under this section to any taxpayer unless—</text>
				<quoted-block act-name="" id="H61D4E7BDF1C94675BA2B19A5AC03A3AA" style="OLC">
 <paragraph id="H74EF96947CF64B0CBD64696935ADE9C0"><enum>(1)</enum><text>such taxpayer includes the taxpayer’s valid identification number (as defined in section 6428(h)(2)) (and, in the case of a joint return, the valid identification number (as so defined) of the taxpayer’s spouse) on the return of tax for the taxable year, and</text>
 </paragraph><paragraph id="H01C95AB40E5D466D8D00B037E5C5C553"><enum>(2)</enum><text>with respect to any qualifying child, the taxpayer includes the name and taxpayer identification number of such qualifying child on such return of tax.</text></paragraph><after-quoted-block>.</after-quoted-block></quoted-block>
 </subsection><subsection id="HD34C27D479DC44B38AAC3CDA794DC856"><enum>(b)</enum><header>Effective date</header><text>The amendment made by this section shall apply to taxable years beginning after the date of the enactment of this Act.</text>
			</subsection></section></legis-body></bill>


