<?xml version="1.0"?>
<?xml-stylesheet type="text/xsl" href="billres.xsl"?>
<!DOCTYPE bill PUBLIC "-//US Congress//DTDs/bill.dtd//EN" "bill.dtd">
<bill bill-stage="Introduced-in-House" bill-type="olc" dms-id="HC529F59E975142E4AB53A14566C5B32B" key="H" public-private="public"><metadata xmlns:dc="http://purl.org/dc/elements/1.1/">
<dublinCore>
<dc:title>115 HR 362 IH: January 8th National Memorial Act</dc:title>
<dc:publisher>U.S. House of Representatives</dc:publisher>
<dc:date>2017-01-06</dc:date>
<dc:format>text/xml</dc:format>
<dc:language>EN</dc:language>
<dc:rights>Pursuant to Title 17 Section 105 of the United States Code, this file is not subject to copyright protection and is in the public domain.</dc:rights>
</dublinCore>
</metadata>
<form>
<distribution-code display="yes">I</distribution-code><congress display="yes">115th CONGRESS</congress><session display="yes">1st Session</session><legis-num display="yes">H. R. 362</legis-num><current-chamber>IN THE HOUSE OF REPRESENTATIVES</current-chamber><action display="yes"><action-date date="20170106">January 6, 2017</action-date><action-desc><sponsor name-id="M001197">Ms. McSally</sponsor> (for herself, <cosponsor name-id="F000448">Mr. Franks of Arizona</cosponsor>, <cosponsor name-id="S001183">Mr. Schweikert</cosponsor>, <cosponsor name-id="S001191">Ms. Sinema</cosponsor>, <cosponsor name-id="B001302">Mr. Biggs</cosponsor>, <cosponsor name-id="O000171">Mr. O'Halleran</cosponsor>, <cosponsor name-id="G000574">Mr. Gallego</cosponsor>, <cosponsor name-id="G000551">Mr. Grijalva</cosponsor>, <cosponsor name-id="S000510">Mr. Smith of Washington</cosponsor>, <cosponsor name-id="W000797">Ms. Wasserman Schultz</cosponsor>, <cosponsor name-id="P000523">Mr. Price of North Carolina</cosponsor>, <cosponsor name-id="C001059">Mr. Costa</cosponsor>, <cosponsor name-id="R000486">Ms. Roybal-Allard</cosponsor>, and <cosponsor name-id="F000466">Mr. Fitzpatrick</cosponsor>) introduced the following bill; which was referred to the <committee-name committee-id="HII00">Committee on Natural Resources</committee-name></action-desc></action><legis-type>A BILL</legis-type><official-title display="yes">To authorize the Secretary of the Interior to establish the January 8<superscript>th</superscript> National Memorial in Tucson, Arizona, as an affiliated area of the National Park System, and for
			 other purposes.</official-title></form>
	<legis-body id="H173B9D04992F46199447443A3752F4A8" style="OLC">
 <section id="HE774D06A8A2F4025B8C734DBD16DDF74" section-type="section-one"><enum>1.</enum><header>Short title</header><text display-inline="no-display-inline">This Act may be cited as the <quote><short-title>January 8<superscript>th</superscript> National Memorial Act</short-title></quote>.</text> </section><section id="HEE0799B3FA844AFBB219F5EBA9872356"><enum>2.</enum><header>Findings</header><text display-inline="no-display-inline">Congress finds the following:</text>
 <paragraph id="H4585BE07441A42E6A09C72A3AEA46537"><enum>(1)</enum><text display-inline="yes-display-inline">The tragedy of January 8, 2011, at Congresswoman Gabrielle Gifford’s <quote>Congress on Your Corner</quote> event resulted in the deaths of 6 people (Christina-Taylor Green, Dorothy Morris, U.S. District Court Judge John Roll, Phyllis Schneck, Dorwan Stoddard, and Gabe Zimmerman) and injury of 13 others (Congresswoman Giffords, Bill Badger, Ron Barber, Kenneth Dorushka, James Eric Fuller, Randy Gardner, Susan Hileman, George Morris, Mary Reed, Pam Simon, Mavanell Stoddard, Jim Tucker, and Kenneth Veeder).</text>
 </paragraph><paragraph id="H424A310B7E5E42468A07670B8DFFBBCA"><enum>(2)</enum><text display-inline="yes-display-inline">This was the first time in the history of the United States that an assassination attempt was made upon a Congressional Member while she was meeting with constituents.</text>
 </paragraph><paragraph id="H93B9CFC935D34A688B425B982DB2FC36"><enum>(3)</enum><text>Congresswoman Giffords sustained severe injuries that affect her to this day.</text> </paragraph><paragraph id="H0F1B790D66D44404891C038D81A38A29"><enum>(4)</enum><text display-inline="yes-display-inline">Gabe Zimmerman was the first Congressional staffer to be assassinated in the line of duty.</text>
 </paragraph><paragraph id="HDD5D7CA985804F5495E68CB688D381B8"><enum>(5)</enum><text display-inline="yes-display-inline">The Arizona community and people from all over the world came together in the days that followed the tragedy to provide comfort and support to one another at three spontaneous memorial vigil sites—</text>
 <subparagraph id="H6280D5673AED4ADDA7EDCC8EBECB1B65"><enum>(A)</enum><text>the shopping center where the shooting took place;</text> </subparagraph><subparagraph id="H7C302C6BD2AB44C5BA30A1866BA01CF3"><enum>(B)</enum><text>the front lawn of University Medical Center, where many of the victims were treated; and</text>
 </subparagraph><subparagraph id="H4E1D37C73FFC485FB014BC367516C1B4"><enum>(C)</enum><text>at Congresswoman Giffords’ Tucson district office.</text> </subparagraph></paragraph><paragraph id="HE34EB1CCBFFF4E92B658FED2D37DC4AC"><enum>(6)</enum><text display-inline="yes-display-inline">Tucson’s January 8th Memorial will not only be a tribute to those who died that day, but also to the local, national, and international response to the tragedy.</text>
 </paragraph><paragraph id="H0F56B68FB8C94FB68BF807BA47E7A014"><enum>(7)</enum><text>The memorial will be constructed, managed, and maintained to be a place where visitors, young and old, can learn not only about one horrific event, but about the resilience of a community and the durability of democracy in the United States.</text>
			</paragraph></section><section id="HC5099B4FD5324647A9D0B13D53E26ED9" section-type="subsequent-section"><enum>3.</enum><header>January 8<superscript>th</superscript> National Memorial</header>
			<subsection id="HE683E06ADC8F4EE2A76E7AB55C450B20"><enum>(a)</enum><header>Definitions</header>
 <paragraph id="HD4A24BEF42F3465A87CFD3054A641358"><enum>(1)</enum><header>Memorial</header><text display-inline="yes-display-inline">The term <quote>Memorial</quote> means the January 8<superscript>th</superscript> National Memorial.</text> </paragraph><paragraph id="H7D741F4164B14639B9EBB575CBF32EBB"><enum>(2)</enum><header>Foundation</header><text display-inline="yes-display-inline">The term <quote>Foundation</quote> means the Tucson’s January 8<superscript>th</superscript> Memorial Foundation, an organization described in <external-xref legal-doc="usc" parsable-cite="usc/26/501">section 501(c)(3)</external-xref> of the Internal Revenue Code of 1986 and exempt from taxation under section 501(a) of that Code.</text>
 </paragraph><paragraph id="HFAACA614CFD740D18140B8C7EB99A8D9"><enum>(3)</enum><header>Map</header><text>The term <quote>map</quote> means the map entitled <quote>January 8 Memorial Site Map</quote>, numbered JAN8M 001, and dated January 2016.</text> </paragraph><paragraph id="H36CC621B14F0415C9E9C32A2F4832353"><enum>(4)</enum><header>Secretary</header><text>The term <quote>Secretary</quote> means the Secretary of the Interior.</text>
				</paragraph></subsection><subsection id="HA62AFABCB9CC4CC699C2048644FBB61D"><enum>(b)</enum><header>January 8<superscript>th</superscript> National Memorial</header>
 <paragraph display-inline="no-display-inline" id="HEED66E1AF4C94EA2AF22B561CD4F8337"><enum>(1)</enum><header>Establishment</header><text display-inline="yes-display-inline">As soon as practicable after the Secretary determines that the Foundation has complied with paragraph (2), the Secretary shall establish the Memorial as an affiliated area of the National Park System.</text>
 </paragraph><paragraph id="HBB0D0D5F66C34E20AC5F7EE781320B66"><enum>(2)</enum><header>Trust fund</header><text display-inline="yes-display-inline">The Memorial shall not be established before the date on which the Secretary certifies in a written report submitted to the Committee on Natural Resources of the House of Representatives and the Committee on Energy and Natural Resources of the Senate that the Foundation has established a trust fund for the purposes of—</text>
 <subparagraph id="HFFBD6D55128647388F82CEF2B2169889"><enum>(A)</enum><text>receiving donations submitted to the Foundation; and</text> </subparagraph><subparagraph id="H658F5333376243DA9B743978F0750582"><enum>(B)</enum><text display-inline="yes-display-inline">providing for the construction, operation, maintenance, and management of the Memorial.</text>
 </subparagraph></paragraph><paragraph id="HC46BD97EDBA0477EB443FF5C4279334A"><enum>(3)</enum><header>Description</header><text>The Memorial shall consist of the area generally depicted as the <quote>Memorial Boundary</quote> on the map.</text> </paragraph><paragraph id="HE4654357C4C54B29B6F588C49BCB4C33"><enum>(4)</enum><header>Management entity</header><text display-inline="yes-display-inline">The Foundation shall—</text>
 <subparagraph id="H721E7A10194E484DA2A9F822889DFDED"><enum>(A)</enum><text display-inline="yes-display-inline">be the management entity for the Memorial; and</text> </subparagraph><subparagraph id="H26A7517741B246FA979DEFB70E5826C0"><enum>(B)</enum><text display-inline="yes-display-inline">be responsible for the construction, operation, maintenance, and management of the Memorial.</text>
 </subparagraph></paragraph><paragraph id="HA84EA16F98A14CBBA479555A95AA5846"><enum>(5)</enum><header>Administration</header><text display-inline="yes-display-inline">The Memorial shall cease to be an affiliated area of the National Park System if the Foundation—</text> <subparagraph id="H6D775041922B49BDA0E17CB7FFFAD524"><enum>(A)</enum><text>fails to manage the Memorial in accordance with this Act and all laws generally applicable to units of the National Park System; or</text>
 </subparagraph><subparagraph id="HABBE3D8C4837455E967AFCD4C7A793F7"><enum>(B)</enum><text>ceases to maintain the trust fund required to be established under paragraph (2).</text> </subparagraph></paragraph><paragraph id="H1C66D6A37E824496BCBC504AC7EE4FD9"><enum>(6)</enum><header>Availability of map</header><text>The map shall be on file and available for public inspection at the appropriate offices of the National Park Service.</text>
 </paragraph><paragraph id="HCBEE820CE172461584293D96F7A52875"><enum>(7)</enum><header>Cooperative agreements</header><text display-inline="yes-display-inline">The Secretary may provide technical assistance and enter into cooperative agreements with the Foundation for the purpose of providing financial assistance with marketing of the Memorial.</text>
 </paragraph><paragraph id="H52985414AE1A478CA042B993D6331036"><enum>(8)</enum><header>Limited role of the Secretary</header><text display-inline="yes-display-inline">Nothing in this Act authorizes the Secretary to acquire property or to use Federal funds for the construction, operation, maintenance, or management of the Memorial.</text>
				</paragraph><paragraph commented="no" id="H6339F485DC1D4C75931760E1F369E3A8"><enum>(9)</enum><header>General management plan</header>
 <subparagraph commented="no" id="H6216EB405C50403D81B75491CC357FAF"><enum>(A)</enum><header>In general</header><text display-inline="yes-display-inline">The Secretary, in consultation with the Foundation, shall develop a general management plan for the Memorial. The plan shall be prepared in accordance with section 100502 of title 54, United States Code.</text>
 </subparagraph><subparagraph commented="no" id="H4A9CEAEA0D5B45458F51B934C5261B04"><enum>(B)</enum><header>Transmittal</header><text display-inline="yes-display-inline">Not later than 3 years after the date that funds are first made available for this Act or the Memorial is established by the Secretary, whichever date is later, the Secretary shall provide a copy of the completed general management plan to the Committee on Natural Resources of the House of Representatives and the Committee on Energy and Natural Resources of the Senate.</text>
					</subparagraph></paragraph></subsection></section></legis-body></bill>


