<?xml version="1.0"?>
<?xml-stylesheet type="text/xsl" href="billres.xsl"?>
<!DOCTYPE bill PUBLIC "-//US Congress//DTDs/bill.dtd//EN" "bill.dtd">
<bill bill-stage="Engrossed-in-House" dms-id="H4CA763BDA7F44760AC0A4B2B47DE30FC" public-private="public" key="H" bill-type="olc" stage-count="1"> 
<metadata xmlns:dc="http://purl.org/dc/elements/1.1/">
<dublinCore>
<dc:title>115 HR 274 EH: Modernizing Government Travel Act</dc:title>
<dc:publisher>U.S. House of Representatives</dc:publisher>
<dc:date></dc:date>
<dc:format>text/xml</dc:format>
<dc:language>EN</dc:language>
<dc:rights>Pursuant to Title 17 Section 105 of the United States Code, this file is not subject to copyright protection and is in the public domain.</dc:rights>
</dublinCore>
</metadata>
<form>
<distribution-code display="no">I</distribution-code> 
<congress>115th CONGRESS</congress> <session>1st Session</session> 
<legis-num>H. R. 274</legis-num> 
<current-chamber display="no">IN THE HOUSE OF REPRESENTATIVES</current-chamber> 
<legis-type>AN ACT</legis-type> 
<official-title display="yes">To provide for reimbursement for the use of modern travel services by Federal employees traveling on official Government business, and for other purposes. </official-title> 
</form> 
<legis-body id="H25A603FA6D9847528124952F7982DCE1" style="OLC"> 
<section id="H7A67CF8C28E14D6A9FB33F86B00100B5" section-type="section-one"><enum>1.</enum><header>Short title</header><text display-inline="no-display-inline">This Act may be cited as the <quote><short-title>Modernizing Government Travel Act</short-title></quote>.</text></section> <section id="HB48C35B04A8D454F86C64A5553549B72"><enum>2.</enum><header>Federal employee reimbursement for use of modern travel services</header> <subsection id="HBD6FC0B2CC1F4437A7669A8F53F479CE"><enum>(a)</enum><header>In general</header><text>Not later than 90 days after the date of enactment of this Act, the Administrator of General Services shall prescribe regulations under section 5707 of title 5, United States Code, to provide for the reimbursement for the use of a transportation network company or innovative mobility technology company by any Federal employee traveling on official business under subchapter I of chapter 57 of such title, except that the Director of the Administrative Office of the United States Courts shall prescribe such regulations with respect to employees of the judicial branch of the Government.</text></subsection> 
<subsection id="H5D1F441CB5344CD3AEEE898A7E12FA9C"><enum>(b)</enum><header>Definitions</header><text>In this section:</text> <paragraph id="H399B474D21D14C69876650EF60D2689D"><enum>(1)</enum><header>Innovative mobility technology company</header><text>The term <quote>innovative mobility technology company</quote> means an organization, including a corporation, limited liability company, partnership, sole proprietorship, or any other entity, that applies technology to expand and enhance available transportation choices, better manages demand for transportation services, or provides alternatives to driving alone.</text></paragraph> 
<paragraph id="H945659BDC4174730BB7795F0D80909E7"><enum>(2)</enum><header>Transportation network company</header><text>The term <quote>transportation network company</quote>—</text> <subparagraph id="H0C837A8A0EA84197917503D29844D276"><enum>(A)</enum><text>means a corporation, partnership, sole proprietorship, or other entity, that uses a digital network to connect riders to drivers affiliated with the entity in order for the driver to transport the rider using a vehicle owned, leased, or otherwise authorized for use by the driver to a point chosen by the rider; and</text></subparagraph> 
<subparagraph id="H4F037E5C2A064C8D95A61E333F0FFF3C"><enum>(B)</enum><text>does not include a shared-expense carpool or vanpool arrangement that is not intended to generate profit for the driver.</text></subparagraph></paragraph></subsection></section> <section id="H41B374B2951F417AA778EB9E076FD1C4"><enum>3.</enum><header>Report on transportation costs</header><text display-inline="no-display-inline">Section 5707(c) of title 5, United States Code, is amended to read as follows:</text> 
<quoted-block style="USC" id="H70F68656BB9D46E9B48BE9D35221E407" display-inline="no-display-inline"> 
<subsection id="H9B3B869DEA3B4B268F64EB6AD44D33DB"><enum>(c)</enum> 
<paragraph id="H732D3ABC124045BE9C75B7E62095FE02" display-inline="yes-display-inline"><enum>(1)</enum><text display-inline="yes-display-inline">Not later than November 30 of each year, the head of each agency shall submit to the Administrator of General Services, in a format prescribed by the Administrator and approved by the Director of the Office of Management and Budget—</text> <subparagraph id="H6986CAECB98B4681936A4FBCED53671B" indent="up1"><enum>(A)</enum><text display-inline="yes-display-inline">data on total agency payments for such items as travel and transportation of people, average costs and durations of trips, and purposes of official travel;</text></subparagraph> 
<subparagraph id="HACF6E58326324B888F14C262264ADA6F" indent="up1"><enum>(B)</enum><text display-inline="yes-display-inline">data on estimated total agency payments for employee relocation; and</text></subparagraph> <subparagraph id="H22F97DEC27854B7FA1676EECCB335CE1" indent="up1"><enum>(C)</enum><text display-inline="yes-display-inline">an analysis of the total costs of transportation service by type, and the total number of trips utilizing each transportation type for purposes of official travel.</text></subparagraph></paragraph> 
<paragraph id="H6AFD1BC0508E4678AA090B4BF7396484" indent="up1"><enum>(2)</enum><text display-inline="yes-display-inline">The Administrator of General Services shall make the data submitted pursuant to paragraph (1) publicly available upon receipt.</text></paragraph> <paragraph id="HEA3E96136F324FDDA80FD82E66B9DEE8" indent="up1"><enum>(3)</enum><text display-inline="yes-display-inline">Not later than January 31 of each year, the Administrator of General Services shall submit to the Director of the Office of Management and Budget, the Committee on Oversight and Government Reform of the House of Representatives, and the Committee on Homeland Security and Governmental Affairs of the Senate—</text> 
<subparagraph id="H7824B8E914F94BDEAD36A7BECD7104D5"><enum>(A)</enum><text display-inline="yes-display-inline">an analysis of the data submitted pursuant to paragraph (1) for the agencies listed in section 901(b) of title 31 and a survey of such data for each other agency; and</text></subparagraph> <subparagraph id="HD80739186A194DBDA5BECB691605613A"><enum>(B)</enum><text display-inline="yes-display-inline">a description of any new regulations promulgated or changes to existing regulations authorized under this section.</text></subparagraph></paragraph></subsection><after-quoted-block>.</after-quoted-block></quoted-block></section> 
</legis-body> <attestation><attestation-group><attestation-date date="20170110" chamber="House">Passed the House of Representatives January 10, 2017.</attestation-date><attestor display="no">Karen L. Haas,</attestor><role>Clerk.</role></attestation-group></attestation>
<endorsement display="yes"></endorsement>
</bill> 


