<?xml version="1.0"?>
<?xml-stylesheet type="text/xsl" href="billres.xsl"?>
<!DOCTYPE bill PUBLIC "-//US Congress//DTDs/bill.dtd//EN" "bill.dtd">
<bill bill-stage="Introduced-in-House" bill-type="olc" dms-id="H6ED29EB3B99640128203E7DA29A5218F" key="H" public-private="public"><metadata xmlns:dc="http://purl.org/dc/elements/1.1/">
<dublinCore>
<dc:title>115 HR 506 IH: Preventing Crimes Against Veterans Act of 2017</dc:title>
<dc:publisher>U.S. House of Representatives</dc:publisher>
<dc:date>2017-01-12</dc:date>
<dc:format>text/xml</dc:format>
<dc:language>EN</dc:language>
<dc:rights>Pursuant to Title 17 Section 105 of the United States Code, this file is not subject to copyright protection and is in the public domain.</dc:rights>
</dublinCore>
</metadata>
<form>
<distribution-code display="yes">I</distribution-code><congress display="yes">115th CONGRESS</congress><session display="yes">1st Session</session><legis-num display="yes">H. R. 506</legis-num><current-chamber>IN THE HOUSE OF REPRESENTATIVES</current-chamber><action display="yes"><action-date date="20170112">January 12, 2017</action-date><action-desc><sponsor name-id="R000583">Mr. Thomas J. Rooney of Florida</sponsor> (for himself and <cosponsor name-id="D000610">Mr. Deutch</cosponsor>) introduced the following bill; which was referred to the <committee-name committee-id="HJU00">Committee on the Judiciary</committee-name></action-desc></action><legis-type>A BILL</legis-type><official-title display="yes">To amend title 18, United States Code, to provide an additional tool to prevent certain frauds
			 against veterans, and for other purposes.</official-title></form>
	<legis-body id="H414CFE6AE50F490EB870A903DE858392" style="OLC">
 <section id="H6FEACFB0849C42B3963389C483588630" section-type="section-one"><enum>1.</enum><header>Short title</header><text display-inline="no-display-inline">This Act may be cited as the <quote><short-title>Preventing Crimes Against Veterans Act of 2017</short-title></quote>.</text> </section><section id="H9E36B13016FE4E8BB39B8F3AE6DE0528"><enum>2.</enum><header>Additional tool to prevent certain frauds against veterans</header> <subsection id="H707362A5DA004FE79566C121D36871BC"><enum>(a)</enum><header>In general</header><text display-inline="yes-display-inline"><external-xref legal-doc="usc-chapter" parsable-cite="usc-chapter/18/47">Chapter 47</external-xref> of title 18, United States Code, is amended by adding at the end the following:</text>
				<quoted-block display-inline="no-display-inline" id="HF38DA6AA8E084687B7831E3A8458719F" style="USC">
					<section id="HC8F9313556604FDBB8D460E25A549473"><enum>1041.</enum><header>Fraud regarding veterans’ benefits</header>
 <subsection id="H51BCD352FB9D4DA593AB8B1CFF3AD937"><enum>(a)</enum><text display-inline="yes-display-inline">Whoever knowingly engages in any scheme or artifice to defraud an individual of veterans’ benefits, or in connection with obtaining veteran’s benefits for that individual, shall be fined under this title, imprisoned not more than five years, or both.</text>
 </subsection><subsection id="HCBE09609D5B0478BAC9D8B2514863C09"><enum>(b)</enum><text display-inline="yes-display-inline">In this section—</text> <paragraph id="H548726E6583440638F7EAABE1BF5DFFC"><enum>(1)</enum><text>the term <quote>veteran</quote> has the meaning given that term in section 101 of title 38; and</text>
 </paragraph><paragraph id="HC57DA9DC0A354CB3B8DEB251AFFC2C9D"><enum>(2)</enum><text>the term <quote>veterans’ benefits</quote> means any benefit provided by Federal law for a veteran or a dependent or survivor of a veteran.</text></paragraph></subsection></section><after-quoted-block>.</after-quoted-block></quoted-block> </subsection><subsection id="H04B260B237874F23AF09883E25E3F754"><enum>(b)</enum><header>Clerical amendment</header><text display-inline="yes-display-inline">The table of sections at the beginning of <external-xref legal-doc="usc-chapter" parsable-cite="usc-chapter/18/47">chapter 47</external-xref> of title 18, United States Code, is amended by adding at the end the following new item:</text>
				<quoted-block display-inline="no-display-inline" id="H2097E9345EFD4ADC8EDBA876D36558D9" style="USC">
					<toc regeneration="no-regeneration">
						<toc-entry level="section">1041. Fraud regarding veterans’ benefits.</toc-entry></toc><after-quoted-block>.</after-quoted-block></quoted-block>
			</subsection></section></legis-body></bill>


