<?xml version="1.0"?>
<?xml-stylesheet type="text/xsl" href="billres.xsl"?>
<!DOCTYPE bill PUBLIC "-//US Congress//DTDs/bill.dtd//EN" "bill.dtd">
<bill bill-stage="Referred-in-Senate" bill-type="olc" dms-id="H9D6E7670C73D4477A2F7255FF9174D2C" key="H" public-private="public" stage-count="1">
	<metadata xmlns:dc="http://purl.org/dc/elements/1.1/">
<dublinCore>
<dc:title>115 HR 366 : DHS Stop Asset and Vehicle Excess Act</dc:title>
<dc:publisher>U.S. House of Representatives</dc:publisher>
<dc:date>2017-02-01</dc:date>
<dc:format>text/xml</dc:format>
<dc:language>EN</dc:language>
<dc:rights>Pursuant to Title 17 Section 105 of the United States Code, this file is not subject to copyright protection and is in the public domain.</dc:rights>
</dublinCore>
</metadata>
<form>
		<distribution-code display="yes">IIB</distribution-code>
		<congress display="yes">115th CONGRESS</congress><session display="yes">1st Session</session>
		<legis-num display="yes">H. R. 366</legis-num>
		<current-chamber display="yes">IN THE SENATE OF THE UNITED STATES</current-chamber>
		<action><action-date date="20170201">February 1, 2017</action-date><action-desc>Received; read twice and referred to the <committee-name committee-id="SSGA00">Committee on Homeland Security and Governmental Affairs</committee-name></action-desc></action><legis-type>AN ACT</legis-type>
		<official-title display="yes">To amend the Homeland Security Act of 2002 to direct the Under Secretary for Management of the
			 Department of Homeland Security to make certain improvements in managing
			 the Department’s vehicle fleet, and for other purposes.</official-title>
	</form>
	<legis-body id="H53D4D0EBCC9D476FA2AE040C8F983B58" style="OLC">
 <section id="H5F88816479B1412DA149B2D618158020" section-type="section-one"><enum>1.</enum><header>Short title</header><text display-inline="no-display-inline">This Act may be cited as the <quote><short-title>DHS Stop Asset and Vehicle Excess Act</short-title></quote> or the <quote><short-title>DHS SAVE Act</short-title></quote>.</text> </section><section id="H4148DF5CA60D461E855A2DC52DBBD406"><enum>2.</enum><header>DHS vehicle fleets</header><text display-inline="no-display-inline">Section 701 of the Homeland Security Act of 2002 (<external-xref legal-doc="usc" parsable-cite="usc/6/341">6 U.S.C. 341</external-xref>) is amended—</text>
 <paragraph id="HD2F51FD425CE409F8AEC599BA9AE0D58"><enum>(1)</enum><text>in subsection (a)(5), by inserting <quote>vehicle fleets (under subsection (c)),</quote> after <quote>equipment,</quote>;</text> </paragraph><paragraph id="H45033E2C43194751BD431DA50407406B"><enum>(2)</enum><text>by redesignating subsections (c) and (d) as subsections (d) and (e), respectively; and</text>
 </paragraph><paragraph id="HEE55195322944A8883B1BD30D3318689"><enum>(3)</enum><text>by inserting after subsection (b) the following new subsection:</text> <quoted-block id="HBD47A1879905441B9D2504C78BE61CFD" style="OLC"> <subsection id="H5E4471A4C25E4B7BA18BAD095146C154"><enum>(c)</enum><header>Vehicle fleets</header> <paragraph id="H2BE0E733694A4D0C8B996D57DB6F6C1A"><enum>(1)</enum><header>In general</header><text>In carrying out responsibilities regarding vehicle fleets pursuant to subsection (a)(5), the Under Secretary for Management shall be responsible for overseeing and managing vehicle fleets throughout the Department. The Under Secretary shall also be responsible for the following:</text>
 <subparagraph id="H8740EDC8E70845FE939B8D937601322A"><enum>(A)</enum><text>Ensuring that components are in compliance with Federal law, Federal regulations, executive branch guidance, and Department policy (including associated guidance) relating to fleet management and use of vehicles from home to work.</text>
 </subparagraph><subparagraph id="H938473A28BD4436F89006111D3D752EA"><enum>(B)</enum><text>Developing and distributing a standardized vehicle allocation methodology and fleet management plan for components to use to determine optimal fleet size in accordance with paragraph (4).</text>
 </subparagraph><subparagraph id="H5981B15DC57E4CEFBC24E0AF911EED28"><enum>(C)</enum><text>Ensuring that components formally document fleet management decisions.</text> </subparagraph><subparagraph id="HD9499CF6BBEF4E16A784C27CD79DB8C3"><enum>(D)</enum><text>Approving component fleet management plans, vehicle leases, and vehicle acquisitions.</text>
							</subparagraph></paragraph><paragraph id="H5F7E5871295A4CF8A37C569DFA92F9C4"><enum>(2)</enum><header>Component responsibilities</header>
 <subparagraph id="H9C2D635E436942F58410FAF8537879F0"><enum>(A)</enum><header>In general</header><text display-inline="yes-display-inline">Component heads—</text> <clause id="H65033931D1CB4EB087F4FD404D310036"><enum>(i)</enum><text>shall—</text>
 <subclause id="HF85796FE91704936A2946A3261E5DC38"><enum>(I)</enum><text>comply with Federal law, Federal regulations, executive branch guidance, and Department policy (including associated guidance) relating to fleet management and use of vehicles from home to work;</text>
 </subclause><subclause id="HE17B15400D4F4979BE7E7647B88CA9D8"><enum>(II)</enum><text>ensure that data related to fleet management is accurate and reliable;</text> </subclause><subclause id="H96CD13F414CE4823A9D23D8F4FC1D399"><enum>(III)</enum><text>use such data to develop a vehicle allocation tool derived by using the standardized vehicle allocation methodology provided by the Under Secretary for Management to determine the optimal fleet size for the next fiscal year and a fleet management plan; and</text>
 </subclause><subclause id="H15C4C6A491044777846D5CBBB7FB3F44"><enum>(IV)</enum><text>use vehicle allocation methodologies and fleet management plans to develop annual requests for funding to support vehicle fleets pursuant to paragraph (6); and</text>
 </subclause></clause><clause id="H4C19ECC7CBDD48619EAF003ACE905161"><enum>(ii)</enum><text>may not, except as provided in subparagraph (B), lease or acquire new vehicles or replace existing vehicles without prior approval from the Under Secretary for Management pursuant to paragraph (5)(B).</text>
 </clause></subparagraph><subparagraph id="HC4BFB919643849BB94EAE5B1C4950E61"><enum>(B)</enum><header>Exception regarding certain leasing and acquisitions</header><text>If exigent circumstances warrant such, a component head may lease or acquire a new vehicle or replace an existing vehicle without prior approval from the Under Secretary for Management. If under such exigent circumstances a component head so leases, acquires, or replaces a vehicle, such component head shall provide to the Under Secretary an explanation of such circumstances.</text>
							</subparagraph></paragraph><paragraph id="HEE3B9A7CB1D741518ABD58745336041B"><enum>(3)</enum><header>Ongoing oversight</header>
 <subparagraph id="H44B9013A92AA47A29165C469BB63274E"><enum>(A)</enum><header>Quarterly monitoring</header><text>In accordance with paragraph (4), the Under Secretary for Management shall collect, on a quarterly basis, information regarding component vehicle fleets, including information on fleet size, composition, cost, and vehicle utilization.</text>
 </subparagraph><subparagraph id="H6973C83BE36D43218905AE791CA65BCD"><enum>(B)</enum><header>Automated information</header><text>The Under Secretary for Management shall seek to achieve a capability to collect, on a quarterly basis, automated information regarding component vehicle fleets, including the number of trips, miles driven, hours and days used, and the associated costs of such mileage for leased vehicles.</text>
 </subparagraph><subparagraph id="HB735DC50B49F42EFAB587EFA5EEF69D1"><enum>(C)</enum><header>Monitoring</header><text>The Under Secretary for Management shall track and monitor component information provided pursuant to subparagraph (A) and, as appropriate, subparagraph (B), to ensure that component vehicle fleets are the optimal fleet size and cost effective. The Under Secretary shall use such information to inform the annual component fleet analyses referred to in paragraph (4).</text>
							</subparagraph></paragraph><paragraph id="H0A6D720467554675842F1D4527876886"><enum>(4)</enum><header>Annual review of component fleet analyses</header>
 <subparagraph id="H7C6C4D4908824754BBB6204D2EE7A60B"><enum>(A)</enum><header>In general</header><text>To determine the optimal fleet size and associated resources needed for each fiscal year beginning with fiscal year 2018, component heads shall annually submit to the Under Secretary for Management a vehicle allocation tool and fleet management plan using information described in paragraph (3)(A). Such tools and plans may be submitted in classified form if a component head determines that such is necessary to protect operations or mission requirements.</text>
 </subparagraph><subparagraph id="H937CB7AA9C10437AAC0AD6B11C6007BF"><enum>(B)</enum><header>Vehicle allocation tool</header><text>Component heads develop a vehicle allocation tool in accordance with subclause (III) of paragraph (2)(A)(i) that includes an analysis of the following:</text>
 <clause id="H74565BE9A4AA43A2A1D40507959E0B74"><enum>(i)</enum><text>Vehicle utilization data, including the number of trips, miles driven, hours and days used, and the associated costs of such mileage for leased vehicles, in accordance with such paragraph.</text>
 </clause><clause id="H8209E543446F423D976C2D2E457C0FB0"><enum>(ii)</enum><text>The role of vehicle fleets in supporting mission requirements for each component.</text> </clause><clause id="H3581A506DD2C42819D7EBA2CAD4952BE"><enum>(iii)</enum><text>Any other information determined relevant by such component heads.</text>
 </clause></subparagraph><subparagraph id="HD89CE95F75124167821906CCF788FC39"><enum>(C)</enum><header>Fleet management plans</header><text>Component heads shall use information described in subparagraph (B) to develop a fleet management plan for each such component. Such fleet management plans shall include the following:</text>
 <clause id="H775E97F18B50404EB70E5C242C0A22EF"><enum>(i)</enum><text>A plan for how each such component may achieve optimal fleet size determined by the vehicle allocation tool required under such subparagraph, including the elimination of excess vehicles in accordance with paragraph (5), if applicable.</text>
 </clause><clause id="H83E626F859784AEEA879FCE460A95D14"><enum>(ii)</enum><text>A cost benefit analysis supporting such plan.</text> </clause><clause id="H6D619AD75C0D4272A753717C30670E96"><enum>(iii)</enum><text>A schedule each such component will follow to obtain optimal fleet size.</text>
 </clause><clause id="H9C15C6F8BF4A47CB8157678530440BF5"><enum>(iv)</enum><text>Any other information determined relevant by component heads.</text> </clause></subparagraph><subparagraph id="H8588C2BE9B964A6D959B0B4920652C51"><enum>(D)</enum><header>Review</header><text>The Under Secretary for Management shall review and make a determination on the results of each component’s vehicle allocation tool and fleet management plan under this paragraph to ensure each such component’s vehicle fleets are the optimal fleet size and that components are in compliance with applicable Federal law, Federal regulations, executive branch guidance, and Department policy (including associated guidance) pursuant to paragraph (2) relating to fleet management and use of vehicles from home to work. The Under Secretary shall use such tools and plans when reviewing annual component requests for vehicle fleet funding in accordance with paragraph (6).</text>
 </subparagraph></paragraph><paragraph id="HEB0B76E93A8042FCA0633E7D9859265F"><enum>(5)</enum><header>Guidance to develop fleet management plans</header><text>The Under Secretary for Management shall provide guidance, pursuant to paragraph (1)(B) on how component heads may achieve optimal fleet size in accordance with paragraph (4), including processes for the following:</text>
 <subparagraph commented="no" id="H5EC7ACB3AFF34CD9AB503C9AA4C2C4C3"><enum>(A)</enum><text>Leasing or acquiring additional vehicles or replacing existing vehicles, if determined necessary.</text> </subparagraph><subparagraph id="HFA0B6277C8524EC5ABBF473D8877FF38"><enum>(B)</enum><text>Disposing of excess vehicles that the Under Secretary determines should not be reallocated under subparagraph (C).</text>
 </subparagraph><subparagraph id="HBAD2599AC0624ADD9864FF7EF76862C6"><enum>(C)</enum><text>Reallocating excess vehicles to other components that may need temporary or long-term use of additional vehicles.</text>
 </subparagraph></paragraph><paragraph id="H6E7489E9B0B145A8996B746BC28896F0"><enum>(6)</enum><header>Annual review of vehicle fleet funding requests</header><text>As part of the annual budget process, the Under Secretary for Management shall review and make determinations regarding annual component requests for funding for vehicle fleets. If component heads have not taken steps in furtherance of achieving optimal fleet size in the prior fiscal year pursuant to paragraphs (4) and (5), the Under Secretary shall provide rescission recommendations to the Committee on Appropriations and the Committee on Homeland Security of the House of Representatives and the Committee on Appropriations and the Committee on Homeland Security and Governmental Affairs of the Senate regarding such component vehicle fleets.</text>
						</paragraph><paragraph id="HC5E706EFB3104B779E643D5452851A96"><enum>(7)</enum><header>Accountability for vehicle fleet management</header>
 <subparagraph commented="no" id="H82EFD07CF0A3452DA1B4B69FD3F86D42"><enum>(A)</enum><header>Prohibition on certain new vehicle leases and acquisitions</header><text display-inline="yes-display-inline">The Under Secretary for Management and component heads may not approve in any fiscal year beginning with fiscal year 2019 a vehicle lease, acquisition, or replacement request if such component heads did not comply in the prior fiscal year with paragraph (4).</text>
 </subparagraph><subparagraph id="H463C83BB15414C17A6C0689876DAF1F1"><enum>(B)</enum><header>Prohibition on certain performance compensation</header><text>No Department official with vehicle fleet management responsibilities may receive annual performance compensation in pay in any fiscal year beginning with fiscal year 2019 if such official did not comply in the prior fiscal year with paragraph (4).</text>
 </subparagraph><subparagraph id="H80A4721E18B5423190E583ACEEE5ADC6"><enum>(C)</enum><header>Prohibition on certain car services</header><text>Notwithstanding any other provision of law, no senior executive service official of the Department whose office has a vehicle fleet may receive access to a car service in any fiscal year beginning with fiscal year 2019 if such official did not comply in the prior fiscal year with paragraph (4).</text>
							</subparagraph></paragraph><paragraph id="H2A5BACFE988C4ECE9F4B6EE7C00AC0B6"><enum>(8)</enum><header>Motor pool</header>
 <subparagraph id="H0A769B96A4A045598EB1B93ED4708174"><enum>(A)</enum><header>In general</header><text>The Under Secretary for Management may determine the feasibility of operating a vehicle motor pool to permit components to share vehicles as necessary to support mission requirements to reduce the number of excess vehicles in the Department.</text>
 </subparagraph><subparagraph id="HB6C6A0DB076F4FDF923DA70E38072878"><enum>(B)</enum><header>Requirements</header><text>The determination of feasibility of operating a vehicle motor pool under subparagraph (A) shall—</text> <clause id="H1793D532FF644161A0D1A76711ED18CB"><enum>(i)</enum><text>include—</text>
 <subclause id="H509DDAED038F4EB6B45DB0850170A5AC"><enum>(I)</enum><text>regions in the United States in which multiple components with vehicle fleets are located in proximity to one another, or a significant number of employees with authorization to use vehicles are located; and</text>
 </subclause><subclause id="HD427478CCB6E457B89C8A87E69568A08"><enum>(II)</enum><text>law enforcement vehicles;</text> </subclause></clause><clause id="H775A27B4699A4A1791A094FFDAEEEE07"><enum>(ii)</enum><text>cover the National Capital Region; and</text>
 </clause><clause id="HDCDAF368816B426A904563A7F3F619CE"><enum>(iii)</enum><text>take into account different mission requirements.</text> </clause></subparagraph><subparagraph id="H9241BA1947EC4A9083FB327881903CDD"><enum>(C)</enum><header>Report</header><text>The Secretary shall include in the Department’s next annual performance report required under current law the results of the determination under this paragraph.</text>
 </subparagraph></paragraph><paragraph id="HE79D6D1BD52A445DB357D577F15BEB62"><enum>(9)</enum><header>Definitions</header><text>In this subsection:</text> <subparagraph id="H2F8D6448D9A44A38B77A47E1C7F1EEB2"><enum>(A)</enum><header>Component head</header><text>The term <quote>component head</quote> means the head of any component of the Department with a vehicle fleet.</text>
 </subparagraph><subparagraph id="H05D79C49667C4A0E8B9B1B22F1E688A5"><enum>(B)</enum><header>Excess vehicle</header><text>The term <quote>excess vehicle</quote> means any vehicle that is not essential to support mission requirements of a component.</text> </subparagraph><subparagraph id="HEC7ADBC306A14109AA83B9C59E2A6A3B"><enum>(C)</enum><header>Optimal fleet size</header><text>The term <quote>optimal fleet size</quote> means, with respect to a particular component, the appropriate number of vehicles to support mission requirements of such component.</text>
 </subparagraph><subparagraph id="H1C22F1F25FF94ADB852247275D2EBDF3"><enum>(D)</enum><header>Vehicle fleet</header><text>The term <quote>vehicle fleet</quote> means all owned, commercially leased, or Government-leased vehicles of the Department or of a component of the Department, as the case may be, including vehicles used for law enforcement and other purposes.</text></subparagraph></paragraph></subsection><after-quoted-block>.</after-quoted-block></quoted-block>
			</paragraph></section><section id="H10EEAF3630EB41BDA2616CBDC390564B"><enum>3.</enum><header>GAO report and Inspector General review</header>
 <subsection id="H3165312A07D74D87B54E1F3B9486E901"><enum>(a)</enum><header>GAO report</header><text display-inline="yes-display-inline">Not later than 1 year after the date of the enactment of this Act, the Comptroller General of the United States shall submit to the Committee on Homeland Security of the House of Representatives and the Committee on Homeland Security and Governmental Affairs of the Senate a report on the following:</text>
 <paragraph id="H285339FFFFCE44C482645DE3C7BA78F1"><enum>(1)</enum><text display-inline="yes-display-inline">The status of efforts at achieving a capability to collect automated information as required under subsection (c)(3) of section 701 of the Homeland Security Act of 2002 (<external-xref legal-doc="usc" parsable-cite="usc/6/341">6 U.S.C. 341</external-xref>), as added by section 2 of this Act, and any challenges that remain with respect to achieving the capability to collect, assess, and report vehicle fleet (as such term in defined in subsection (c)(9) of such section 701) data for the purpose of determining vehicle utilization.</text>
 </paragraph><paragraph id="H6101DC7A32D34C8F8370AC84DC4FF059"><enum>(2)</enum><text>The extent to which the Under Secretary for Management has identified and addressed any relevant security concerns, including cybersecurity risks, related to such automation.</text>
 </paragraph><paragraph id="HAADE0483A9E44CDC9EC3920ADC3CF190"><enum>(3)</enum><text>The extent to which the Under Secretary collects, assesses, and reports on vehicle fleet event data recorder data.</text>
 </paragraph></subsection><subsection id="HEC5729EAD9784B8A84855512AFDF06AD"><enum>(b)</enum><header>Inspector General review</header><text display-inline="yes-display-inline">The Inspector General of the Department of Homeland Security shall—</text> <paragraph id="H11742CAA2D454D2289A78BBDAA55C7C3"><enum>(1)</enum><text display-inline="yes-display-inline">review implementation of subsection (c)(4) of section 701 of the Homeland Security Act of 2002 (<external-xref legal-doc="usc" parsable-cite="usc/6/341">6 U.S.C. 341</external-xref>), as added by section 2 of this Act, for fiscal years 2018 and 2020, and shall provide, upon request, to the Committee on Homeland Security of the House of Representatives and the Committee on Homeland Security and Governmental Affairs of the Senate information regarding any such review; and</text>
 </paragraph><paragraph id="HA7E1958F6F464C869C6EAB5F6AE69F9A"><enum>(2)</enum><text>submit to the committees specified in paragraph (1) a report, not later than 6 months after completion of the second review required under such paragraph, regarding the effectiveness of such subsection with respect to cost avoidance, savings realized, and component operations.</text>
				</paragraph></subsection></section></legis-body><attestation><attestation-group><attestation-date chamber="House" date="20170131">Passed the House of Representatives January 31, 2017.</attestation-date><attestor display="yes">Karen L. Haas,</attestor><role>Clerk</role></attestation-group></attestation>
</bill>


