<?xml version="1.0"?>
<?xml-stylesheet type="text/xsl" href="billres.xsl"?>
<!DOCTYPE bill PUBLIC "-//US Congress//DTDs/bill.dtd//EN" "bill.dtd">
<bill bill-stage="Introduced-in-House" bill-type="olc" dms-id="HBEB656A76C7D4201B615C697EE11941F" key="H" public-private="public"><metadata xmlns:dc="http://purl.org/dc/elements/1.1/">
<dublinCore>
<dc:title>115 HR 226 IH: African Elephant Conservation and Legal Ivory Possession Act</dc:title>
<dc:publisher>U.S. House of Representatives</dc:publisher>
<dc:date>2017-01-03</dc:date>
<dc:format>text/xml</dc:format>
<dc:language>EN</dc:language>
<dc:rights>Pursuant to Title 17 Section 105 of the United States Code, this file is not subject to copyright protection and is in the public domain.</dc:rights>
</dublinCore>
</metadata>
<form>
<distribution-code display="yes">I</distribution-code><congress display="yes">115th CONGRESS</congress><session display="yes">1st Session</session><legis-num display="yes">H. R. 226</legis-num><current-chamber>IN THE HOUSE OF REPRESENTATIVES</current-chamber><action display="yes"><action-date date="20170103">January 3, 2017</action-date><action-desc><sponsor name-id="Y000033">Mr. Young of Alaska</sponsor> introduced the following bill; which was referred to the <committee-name committee-id="HII00">Committee on Natural Resources</committee-name></action-desc></action><legis-type>A BILL</legis-type><official-title display="yes">To amend the African Elephant Conservation Act of 1988 to conserve elephants while appropriately
			 regulating ivory in the United States, and for other purposes.</official-title></form>
	<legis-body id="H7088EB3B07C948A98FCD9B895181F7C7" style="OLC">
 <section id="H53E7483DBDFB4097B1BB8F9423E6A1F1" section-type="section-one"><enum>1.</enum><header>Short title</header><text display-inline="no-display-inline">This Act may be cited as the <quote><short-title>African Elephant Conservation and Legal Ivory Possession Act</short-title></quote>.</text> </section><section id="H709BCCA0D4584576B0B72E6B104203F4" section-type="subsequent-section"><enum>2.</enum><header>References</header><text display-inline="no-display-inline">Except as otherwise specifically provided, whenever in this Act an amendment or repeal is expressed in terms of an amendment to, or repeal of, a provision, the reference shall be considered to be made to a provision of the African Elephant Conservation Act (<external-xref legal-doc="usc" parsable-cite="usc/16/4201">16 U.S.C. 4201 et seq.</external-xref>).</text>
 </section><section id="HD020CC0218C047659A2147EB495E0E0B"><enum>3.</enum><header>Limited exemption for certain African elephant ivory</header><text display-inline="no-display-inline">Section 2203 (<external-xref legal-doc="usc" parsable-cite="usc/16/4223">16 U.S.C. 4223</external-xref>) is amended—</text> <paragraph id="HC623EE4B4698455F807289EEB470504E"><enum>(1)</enum><text>by inserting <quote>(a) <header-in-text level="subsection" style="OLC">In general</header-in-text>.—</quote> before the first sentence;</text>
 </paragraph><paragraph id="H682DF6C4FB154BFFB879D566468A02F2"><enum>(2)</enum><text>by inserting <quote>and subsection (b) of this section</quote> after <quote>2202(e)</quote>; and</text> </paragraph><paragraph id="H33092D9FDD684237BCBE777D44380B8F"><enum>(3)</enum><text>by adding at the end the following:</text>
				<quoted-block display-inline="no-display-inline" id="H83569660044241C9982C0086659EDB6B" style="OLC">
 <subsection id="H9F318FD0ABCD45179237A8421C177DC4"><enum>(b)</enum><header>Exemption</header><text display-inline="yes-display-inline">Nothing in this Act or subsection (a) or (d) of section 9 of the Endangered Species Act of 1973 (<external-xref legal-doc="usc" parsable-cite="usc/16/1538">16 U.S.C. 1538</external-xref>) shall be construed to prohibit importation or exportation, or to require permission of the Secretary for importation or exportation, of—</text>
 <paragraph id="HA1B9977BDA3544458877FDBEBC1B2D74"><enum>(1)</enum><text display-inline="yes-display-inline">any raw ivory or worked ivory—</text> <subparagraph id="H836508A2F6874F979D3ECE6D72829698"><enum>(A)</enum><text display-inline="yes-display-inline">imported solely for purposes of becoming part of a museum’s permanent collection, return to a lending museum, or display in a museum; or</text>
 </subparagraph><subparagraph id="H61BCB9D525E549DAB3BAC7E39DF2E4AE"><enum>(B)</enum><text display-inline="yes-display-inline">exported solely for purposes of—</text> <clause id="H4E7D1CCA99FC43AC849747098A384886"><enum>(i)</enum><text>display in a foreign museum; or</text>
 </clause><clause id="H9CDEF52606F842BCA34AA67AF8944845"><enum>(ii)</enum><text>return to a foreign person who lent such ivory to a museum in the United States;</text> </clause></subparagraph></paragraph><paragraph id="H82126A42F4B048F1817A955971584DBD"><enum>(2)</enum><text display-inline="yes-display-inline">any raw ivory or worked ivory that was lawfully importable into the United States on February 24, 2014, regardless of when acquired; or</text>
 </paragraph><paragraph id="H29A2025E0E7147DE84632C68C398DC78"><enum>(3)</enum><text display-inline="yes-display-inline">any worked ivory that was previously lawfully possessed in the United States.</text></paragraph></subsection><after-quoted-block>.</after-quoted-block></quoted-block> </paragraph></section><section id="H49EA2766C82A4872A4D189ACEFCB1509"><enum>4.</enum><header>Placement of United States Fish and Wildlife Service law enforcement officer in each African elephant range country</header><text display-inline="no-display-inline">Part I (<external-xref legal-doc="usc" parsable-cite="usc/16/4211">16 U.S.C. 4211 et seq.</external-xref>) is amended by adding at the end the following:</text>
			<quoted-block display-inline="no-display-inline" id="H1559EF17BCA644ADA1A3129A9F2948FF" style="OLC">
				<section commented="no" id="HB9E0D7ECFC1448E09F886EA138AAE001"><enum>2105.</enum><header>Placement of United States Fish and Wildlife Service law enforcement officer in each African
 elephant range country</header><text display-inline="no-display-inline">The Secretary, in coordination with the Secretary of State, may station one United States Fish and Wildlife Service law enforcement officer in the primary United States diplomatic or consular post in each African country that has a significant population of African elephants, who shall assist local wildlife rangers in the protection of African elephants and facilitate the apprehension of individuals who illegally kill, or assist the illegal killing of, African elephants.</text></section><after-quoted-block>.</after-quoted-block></quoted-block>
 </section><section id="HD8AE294E2B714F258AC79DE4CD5B5EBC"><enum>5.</enum><header> Certification for the purposes of the Fishermen’s Protective Act of 1967</header><text display-inline="no-display-inline">Section 2202 of the African Elephant Conservation Act (<external-xref legal-doc="usc" parsable-cite="usc/16/4222">16 U.S.C. 4222</external-xref>) is amended by adding at the end the following:</text>
			<quoted-block display-inline="no-display-inline" id="H7775171FA34A4A21A814862693C4D0DA" style="OLC">
 <subsection id="H2A10068E97DA44E6974E3CA9A3FC78C9"><enum>(g)</enum><header>Certification</header><text>When the Secretary of the Interior finds that a country, directly or indirectly, is a significant transit or destination point for illegal ivory trade, the Secretary shall certify such fact to the President with respect to the country for the purposes of section 8(a) of the Fishermen’s Protective Act of 1967 (<external-xref legal-doc="usc" parsable-cite="usc/22/1978">22 U.S.C. 1978(a)</external-xref>).</text></subsection><after-quoted-block>.</after-quoted-block></quoted-block>
 </section><section id="H5F7FC41B939A45B3BA182EF6537EE806"><enum>6.</enum><header>Treatment of elephant ivory</header><text display-inline="no-display-inline">Section 2203 (<external-xref legal-doc="usc" parsable-cite="usc/16/4223">16 U.S.C. 4223</external-xref>) is further amended by adding at the end the following:</text> <quoted-block display-inline="no-display-inline" id="HD73D61888C944076A52013A27A3092FA" style="OLC"> <subsection id="H332BF2930FEF44B8B1F94F189963EA06"><enum>(c)</enum><header>Treatment of elephant ivory</header><text display-inline="yes-display-inline">Nothing in this Act or the Endangered Species Act of 1973 (<external-xref legal-doc="usc" parsable-cite="usc/16/1538">16 U.S.C. 1538</external-xref>) shall be construed—</text>
 <paragraph id="H28C0BA9080974E3E8C03F91C209B51CD"><enum>(1)</enum><text display-inline="yes-display-inline">to prohibit, or to authorize prohibiting, the possession, sale, delivery, receipt, shipment, or transportation of African elephant ivory, or any product containing African elephant ivory, that has been lawfully imported or crafted in the United States; or</text>
 </paragraph><paragraph id="HFB46FC5372D548F68C424830BEFB7FFA"><enum>(2)</enum><text display-inline="yes-display-inline">to authorize using any means of determining for purposes of this Act or the Endangered Species Act of 1973 whether African elephant ivory has been lawfully imported, including any presumption or burden of proof applied in such determination, other than such means used by the Secretary as of February 24, 2014.</text></paragraph></subsection><after-quoted-block>. </after-quoted-block></quoted-block>
 </section><section id="HA98E1588152F42CCB22ABB54DE8224B8"><enum>7.</enum><header>Sport-hunted elephant trophies</header><text display-inline="no-display-inline">Section 2203 (<external-xref legal-doc="usc" parsable-cite="usc/16/4223">16 U.S.C. 4223</external-xref>) is further amended by adding at the end the following:</text> <quoted-block display-inline="no-display-inline" id="HA2F78EBEE47346CEBB9325CA09EBA26E" style="OLC"> <subsection id="H8CA3F680F6DE4FECA31B9BC5572328F3"><enum>(d)</enum><header>Sport-Hunted elephant trophies</header><text display-inline="yes-display-inline">Nothing in this Act or subsection (a) or (d) of section 9 of the Endangered Species Act of 1973 (<external-xref legal-doc="usc" parsable-cite="usc/16/1538">16 U.S.C. 1538</external-xref>) shall be construed to prohibit any citizen or legal resident of the United States, or an agent of such an individual, from importing a sport-hunted African elephant trophy under section 2202(e) of this Act, if the country in which the elephant was taken had an elephant population on appendix II of CITES at the time the trophy elephant was taken.</text>
 </subsection><subsection id="H0F5859A5BC294C67AE974E5A9387FE57"><enum>(e)</enum><header>Relationship to the Convention</header><text display-inline="yes-display-inline">Nothing in this section shall be construed as modifying or repealing the Secretary’s duties to implement CITES and the appendices thereto, or as modifying or repealing section 8A or 9(c) of the Endangered Species Act of 1973 (16 U.S.C. 1537a and 1538(c)).</text></subsection><after-quoted-block>.</after-quoted-block></quoted-block>
		</section><section id="H861F8509F7434A398AA3000BE724400E"><enum>8.</enum><header>African Elephant Conservation Act financial assistance priority and reauthorization</header>
 <subsection id="H7B599C8E62204EB4ABAE9D89174BF6D1"><enum>(a)</enum><header>Financial assistance priority</header><text display-inline="yes-display-inline">Section 2101 of the African Elephant Conservation Act (<external-xref legal-doc="usc" parsable-cite="usc/16/4211">16 U.S.C. 4211</external-xref>) is amended by redesignating subsections (e) and (f) as subsections (f) and (g), respectively, and by inserting after subsection (d) the following:</text>
				<quoted-block display-inline="no-display-inline" id="H7F07900F34394DA091E148E00C76537A" style="OLC">
 <subsection id="H7CA4EF7B6A244FCAACE9C978581EDBAC"><enum>(e)</enum><header>Priority</header><text display-inline="yes-display-inline">In providing financial assistance under this section, the Secretary shall give priority to projects designed to facilitate the acquisition of equipment and training of wildlife officials in ivory producing countries to be used in anti-poaching efforts.</text></subsection><after-quoted-block>.</after-quoted-block></quoted-block>
 </subsection><subsection id="H5BD003C5BB1C44049F3A7D28AFF5726A"><enum>(b)</enum><header>Reauthorization</header><text display-inline="yes-display-inline">Section 2306(a) of the African Elephant Conservation Act (<external-xref legal-doc="usc" parsable-cite="usc/16/4245">16 U.S.C. 4245(a)</external-xref>) is amended by striking <quote>2007 through 2012</quote> and inserting <quote>2018 through 2022</quote>.</text> </subsection></section></legis-body></bill> 

