<?xml version="1.0"?>
<?xml-stylesheet type="text/xsl" href="billres.xsl"?>
<!DOCTYPE bill PUBLIC "-//US Congress//DTDs/bill.dtd//EN" "bill.dtd">
<bill bill-stage="Introduced-in-House" bill-type="olc" dms-id="HA5977B23AAFC49009EEE019BC4656DD3" key="H" public-private="public"><metadata xmlns:dc="http://purl.org/dc/elements/1.1/">
<dublinCore>
<dc:title>115 HR 687 IH: First Responder Access to Innovative Technologies Act</dc:title>
<dc:publisher>U.S. House of Representatives</dc:publisher>
<dc:date>2017-01-24</dc:date>
<dc:format>text/xml</dc:format>
<dc:language>EN</dc:language>
<dc:rights>Pursuant to Title 17 Section 105 of the United States Code, this file is not subject to copyright protection and is in the public domain.</dc:rights>
</dublinCore>
</metadata>
<form>
<distribution-code display="yes">I</distribution-code><congress display="yes">115th CONGRESS</congress><session display="yes">1st Session</session><legis-num display="yes">H. R. 687</legis-num><current-chamber>IN THE HOUSE OF REPRESENTATIVES</current-chamber><action display="yes"><action-date date="20170124">January 24, 2017</action-date><action-desc><sponsor name-id="P000604">Mr. Payne</sponsor> (for himself, <cosponsor name-id="T000193">Mr. Thompson of Mississippi</cosponsor>, and <cosponsor name-id="D000625">Mr. Donovan</cosponsor>) introduced the following bill; which was referred to the <committee-name committee-id="HHM00">Committee on Homeland Security</committee-name></action-desc></action><legis-type>A BILL</legis-type><official-title display="yes">To amend the Homeland Security Act of 2002 to establish a process to review applications for
			 certain grants to purchase equipment or systems that do not meet or exceed
			 any applicable national voluntary consensus standards, and for other
			 purposes.</official-title></form>
	<legis-body id="HC3109E1BD2ED4FDA98380620DF5A31A5" style="OLC">
 <section id="HAAAA8A1B55F2425C94443ED887C38470" section-type="section-one"><enum>1.</enum><header>Short title</header><text display-inline="no-display-inline">This Act may be cited as the <quote><short-title>First Responder Access to Innovative Technologies Act</short-title></quote>.</text> </section><section id="H02CF316B106A48C3AEB3C1C270DCFDC2"><enum>2.</enum><header>Approval of certain equipment</header> <subsection id="H604BC319DA8E4D61A6AD120F64172A9B"><enum>(a)</enum><header>In general</header><text>Section 2008 of the Homeland Security Act of 2002 (<external-xref legal-doc="usc" parsable-cite="usc/6/609">6 U.S.C. 609</external-xref>) is amended—</text>
 <paragraph id="H8382AA4AFF2142028920157B3FA33B8C"><enum>(1)</enum><text>in subsection (f)—</text> <subparagraph id="HDC7400F2EBA94B9A9DA54FA00CDCD973"><enum>(A)</enum><text>by striking <quote>If an applicant</quote> and inserting the following:</text>
						<quoted-block id="H4A2147BC99BA414BB6677D95FD4FFA86" style="OLC">
 <paragraph id="H2FFBD3C7AF97413DBD42AD2F03C0087D"><enum>(1)</enum><header>Application requirement</header><text>If an applicant</text></paragraph><after-quoted-block>; and</after-quoted-block></quoted-block> </subparagraph><subparagraph id="H11F9984A6A8B4EFEB2A0E49E7E1D6DD6"><enum>(B)</enum><text>by adding at the end the following new paragraphs:</text>
						<quoted-block id="H3F678201BA5647479C179250426F085F" style="OLC">
 <paragraph id="H2AD5902DE62D45A89C4A7F88FB215377"><enum>(2)</enum><header>Review process</header><text>The Administrator shall implement a uniform process for reviewing applications that, in accordance with paragraph (1), contain explanations to use grants provided under section 2003 or 2004 to purchase equipment or systems that do not meet or exceed any applicable national voluntary consensus standards developed under section 647 of the Post-Katrina Emergency Management Reform Act of 2006.</text>
 </paragraph><paragraph id="H2AD3755D3F0A4C3D96D4276143710F58"><enum>(3)</enum><header>Factors</header><text>In carrying out the review process under paragraph (2), the Administrator shall consider the following:</text>
 <subparagraph id="H3C07A26D17D24FA08099E64EE7169B1A"><enum>(A)</enum><text>Current or past use of proposed equipment or systems by Federal agencies or the Armed Forces.</text> </subparagraph><subparagraph commented="no" id="H5F215FDAFCBA4098851A3589375BA6A1"><enum>(B)</enum><text>The absence of a national voluntary consensus standard for such equipment or systems.</text>
 </subparagraph><subparagraph id="H2FABFAE28568489E974D4873024945E7"><enum>(C)</enum><text>The existence of an international consensus standard for such equipment or systems, and whether such equipment or systems meets such standard.</text>
 </subparagraph><subparagraph id="H54349874F9B04FE59FE29789DC1E3259"><enum>(D)</enum><text>The nature of the capability gap identified by the applicant and how such equipment or systems will address such gap.</text>
 </subparagraph><subparagraph id="H198A753DFA1F4E5CA8CBF779381B5CD5"><enum>(E)</enum><text>The degree to which such equipment or systems will serve the needs of the applicant better than equipment or systems that meet or exceed existing consensus standards.</text>
 </subparagraph><subparagraph id="H47E06B281077453C81C259F93A08EA3E"><enum>(F)</enum><text>Any other factor determined appropriate by the Administrator.</text></subparagraph></paragraph><after-quoted-block>; and</after-quoted-block></quoted-block> </subparagraph></paragraph><paragraph id="HC95282CE8FA841489919BDD57C7C632A"><enum>(2)</enum><text>by adding at the end the following new subsection:</text>
					<quoted-block display-inline="no-display-inline" id="H07320897110A41C7997ACEE39076EFD5" style="OLC">
 <subsection id="H70AC2B9F8BF246029E4A2DA5DD64FA93"><enum>(g)</enum><header>Review process</header><text display-inline="yes-display-inline">The Administrator shall implement a uniform process for reviewing applications to use grants provided under section 2003 or 2004 to purchase equipment or systems not included on the Authorized Equipment List maintained by the Administrator.</text></subsection><after-quoted-block>.</after-quoted-block></quoted-block>
 </paragraph></subsection><subsection id="HBCB51BA5EFFD407ABBF7D47EECDC0629"><enum>(b)</enum><header>Inspector General report</header><text>Not later than three years after the date of the enactment of this Act, the Inspector General of the Department of Homeland Security shall submit to the Committee on Homeland Security of the House of Representatives and the Committee on Homeland Security and Governmental Affairs of the Senate a report assessing the implementation of the review process established under paragraph (2) of subsection (f) of section 2008 of the Homeland Security Act of 2002 (as added by subsection (a) of this section), including information on the following:</text>
 <paragraph id="H0E9D09A8EBE14C70A913BB74BD79A069"><enum>(1)</enum><text>The number of requests to purchase equipment or systems that do not meet or exceed any applicable consensus standard evaluated under such review process.</text>
 </paragraph><paragraph id="H37B2C721CAED4C55B92EE3BF036F03FA"><enum>(2)</enum><text>The capability gaps identified by applicants and the number of such requests granted or denied.</text> </paragraph><paragraph id="H802C5F73E04E40AB949DA325176B88CA"><enum>(3)</enum><text>The processing time for the review of such requests.</text>
				</paragraph></subsection></section></legis-body></bill>


