<?xml version="1.0"?>
<?xml-stylesheet type="text/xsl" href="billres.xsl"?>
<!DOCTYPE bill PUBLIC "-//US Congress//DTDs/bill.dtd//EN" "bill.dtd">
<bill bill-stage="Introduced-in-House" bill-type="olc" dms-id="H6BD863E2D9D64FFC906AC5D72AFB6AAE" key="H" public-private="public"><metadata xmlns:dc="http://purl.org/dc/elements/1.1/">
<dublinCore>
<dc:title>115 HR 217 IH: Title X Abortion Provider Prohibition Act</dc:title>
<dc:publisher>U.S. House of Representatives</dc:publisher>
<dc:date>2017-01-03</dc:date>
<dc:format>text/xml</dc:format>
<dc:language>EN</dc:language>
<dc:rights>Pursuant to Title 17 Section 105 of the United States Code, this file is not subject to copyright protection and is in the public domain.</dc:rights>
</dublinCore>
</metadata>
<form>
<distribution-code display="yes">I</distribution-code><congress display="yes">115th CONGRESS</congress><session display="yes">1st Session</session><legis-num display="yes">H. R. 217</legis-num><current-chamber>IN THE HOUSE OF REPRESENTATIVES</current-chamber><action display="yes"><action-date date="20170103">January 3, 2017</action-date><action-desc><sponsor name-id="B001273">Mrs. Black</sponsor> introduced the following bill; which was referred to the <committee-name committee-id="HIF00">Committee on Energy and Commerce</committee-name></action-desc></action><legis-type>A BILL</legis-type><official-title display="yes">To amend title X of the Public Health Service Act to prohibit family planning grants from being
			 awarded to any entity that performs abortions, and for other purposes.</official-title></form>
	<legis-body id="H78BB897C3D314C71A77C1CACDD27A6B4" style="OLC">
 <section commented="no" display-inline="no-display-inline" id="H5920B9C1FA1241A692B0119EC8B1742A" section-type="section-one"><enum>1.</enum><header display-inline="yes-display-inline">Short title</header><text display-inline="no-display-inline">This Act may be cited as the <quote><short-title>Title X Abortion Provider Prohibition Act</short-title></quote>.</text> </section><section commented="no" display-inline="no-display-inline" id="H651B2D76EB4D4B0C96B68D19DA936996" section-type="subsequent-section"><enum>2.</enum><header display-inline="yes-display-inline">Prohibition on abortion</header><text display-inline="no-display-inline">Title X of the Public Health Service Act (<external-xref legal-doc="usc" parsable-cite="usc/42/300">42 U.S.C. 300 et seq.</external-xref>) is amended by adding at the end the following:</text>
			<quoted-block display-inline="no-display-inline" id="H73BAF54C439C400B92B94CDC4E9B9A13" style="OLC">
				<section commented="no" display-inline="no-display-inline" id="H31BE17D948CA4A93B13B1B8C65F3C09D" section-type="subsequent-section"><enum>1009.</enum><header display-inline="yes-display-inline">Additional prohibition regarding abortion</header>
 <subsection commented="no" display-inline="no-display-inline" id="H8AC61DBAEBC64CA69BC4BC909EF17090"><enum>(a)</enum><header display-inline="yes-display-inline">Prohibition</header><text display-inline="yes-display-inline">The Secretary shall not provide any assistance under this title to an entity unless the entity certifies that, during the period of such assistance, the entity will not perform, and will not provide any funds to any other entity that performs, an abortion.</text>
 </subsection><subsection commented="no" id="HDBCBD2FF6F9149A8A9CC18CCA7500EDE"><enum>(b)</enum><header>Exception</header><text>Subsection (a) does not apply with respect to an abortion where—</text> <paragraph id="H1FE7FAB4958A4757A0C4E010AD550CED"><enum>(1)</enum><text>the pregnancy is the result of rape or incest; or</text>
 </paragraph><paragraph id="H7D1A1E7AEA774A269534473C247511E7"><enum>(2)</enum><text>a physician certifies that the woman suffers from a physical disorder, physical injury, or physical illness that would place the woman in danger of death unless an abortion is performed, including a life-threatening physical condition caused by or arising from the pregnancy itself.</text>
 </paragraph></subsection><subsection commented="no" id="HA4BC09F7A6E446359113A6B1134526A2"><enum>(c)</enum><header>Hospitals</header><text>Subsection (a) does not apply with respect to a hospital, so long as such hospital does not, during the period of assistance described in subsection (a), provide funds to any non-hospital entity that performs an abortion (other than an abortion described in subsection (b)).</text>
 </subsection><subsection id="HBCBB792D55E74598BBDF277D4D3C2B28"><enum>(d)</enum><header>Annual report</header><text>Not later than 60 days after the date of the enactment of the Title X Abortion Provider Prohibition Act, and annually thereafter, for the fiscal year involved, the Secretary shall submit a report to the Congress containing—</text>
 <paragraph id="H18DC7248DCE4483F832EA26EAD401EC2"><enum>(1)</enum><text>a list of each entity receiving a grant under this title;</text> </paragraph><paragraph id="H15CD9638052243CBB92A31FC27584518"><enum>(2)</enum><text>for each such entity performing abortions under the exceptions described in subsection (b)—</text>
 <subparagraph id="H8514039594FF46B4A700625D00C943B8"><enum>(A)</enum><text>the total number of such abortions;</text> </subparagraph><subparagraph id="HEE1F91E7AC49466FA59B276DFAA6E41E"><enum>(B)</enum><text>the number of such abortions where the pregnancy is the result of rape;</text>
 </subparagraph><subparagraph id="H21355298088F4CC284728787E4A5F6BE"><enum>(C)</enum><text>the number of such abortions where the pregnancy is the result of incest; and</text> </subparagraph><subparagraph id="H588928A093B346F2BC845E9BFD9E8508"><enum>(D)</enum><text>the number of such abortions where a physician provides a certification described in subsection (b)(2);</text>
 </subparagraph></paragraph><paragraph id="HD3F7255E358C4C058B764EDBDD1F6F4B"><enum>(3)</enum><text>a statement of the date of the latest certification under subsection (a) for each entity receiving a grant under this title; and</text>
 </paragraph><paragraph id="H1F8A7DF9FC7D43D8949B333382256A31"><enum>(4)</enum><text>a list of each entity to which an entity described in paragraph (1) makes available funds received through a grant under this title.</text>
 </paragraph></subsection><subsection id="HEF701A2EB47E4F2E975AC2D2B0BF590D"><enum>(e)</enum><header>Definitions</header><text display-inline="yes-display-inline">In this section:</text> <paragraph id="H00623314ADFB44F9992C0BCE9DBE9300"><enum>(1)</enum><text>The term <term>entity</term> means the entire legal entity, including any entity that controls, is controlled by, or is under common control with such entity.</text>
 </paragraph><paragraph id="HE9E2E231802E4DD8B42826EA2215BC29"><enum>(2)</enum><text>The term <term>hospital</term> has the meaning given to such term in section 1861(e) of the Social Security Act.</text></paragraph></subsection></section><after-quoted-block>.</after-quoted-block></quoted-block> </section></legis-body></bill> 

