<?xml version="1.0"?>
<?xml-stylesheet type="text/xsl" href="billres.xsl"?>
<!DOCTYPE bill PUBLIC "-//US Congress//DTDs/bill.dtd//EN" "bill.dtd">
<bill bill-stage="Introduced-in-House" bill-type="olc" dms-id="HAC1412F6BCF74439B70DF9F6F3E5497E" key="H" public-private="public"><metadata xmlns:dc="http://purl.org/dc/elements/1.1/">
<dublinCore>
<dc:title>115 HR 682 IH: Preserving Access to Medicaid for Americans Act of 2017</dc:title>
<dc:publisher>U.S. House of Representatives</dc:publisher>
<dc:date>2017-01-24</dc:date>
<dc:format>text/xml</dc:format>
<dc:language>EN</dc:language>
<dc:rights>Pursuant to Title 17 Section 105 of the United States Code, this file is not subject to copyright protection and is in the public domain.</dc:rights>
</dublinCore>
</metadata>
<form>
<distribution-code display="yes">I</distribution-code><congress display="yes">115th CONGRESS</congress><session display="yes">1st Session</session><legis-num display="yes">H. R. 682</legis-num><current-chamber>IN THE HOUSE OF REPRESENTATIVES</current-chamber><action display="yes"><action-date date="20170124">January 24, 2017</action-date><action-desc><sponsor name-id="M001190">Mr. Mullin</sponsor> (for himself, <cosponsor name-id="R000604">Mr. Russell</cosponsor>, and <cosponsor name-id="G000576">Mr. Grothman</cosponsor>) introduced the following bill; which was referred to the <committee-name committee-id="HIF00">Committee on Energy and Commerce</committee-name></action-desc></action><legis-type>A BILL</legis-type><official-title display="yes">To amend titles XIX and XXI of the Social Security Act to eliminate the CHIP maintenance of effort
			 requirement and to eliminate DSH cuts for States not implementing the ACA
			 Medicaid expansion.</official-title></form>
	<legis-body id="H334C9BF9844D4EFE9531664ED1C8448C" style="OLC">
 <section id="HD6912DE0477C4DE9B5291E2DABF9CF06" section-type="section-one"><enum>1.</enum><header>Short title</header><text display-inline="no-display-inline">This Act may be cited as the <quote><short-title>Preserving Access to Medicaid for Americans Act of 2017</short-title></quote>.</text> </section><section id="H2255D041DC414921B3CA3836E9696319"><enum>2.</enum><header>Elimination of MOE requirement for CHIP eligibility</header><text display-inline="no-display-inline">Section 2105(d)(3) of the Social Security Act (<external-xref legal-doc="usc" parsable-cite="usc/42/1397ee">42 U.S.C. 1397ee(d)(3)</external-xref>) is amended by striking <quote>September 30, 2019</quote> and inserting <quote>the date of the enactment of the Preserving Access to Medicaid for Americans Act of 2017</quote>.</text>
		</section><section id="H6006FC76B64D4AF0AD6AE4AB437936D2"><enum>3.</enum><header>Elimination of DSH cuts for States not implementing ACA expansion</header>
 <subsection id="H88CD9C09AECB4120B126D37A4CFAA7EF"><enum>(a)</enum><header>In general</header><text display-inline="yes-display-inline">Section 1923(f)(7) of the Social Security Act (<external-xref legal-doc="usc" parsable-cite="usc/42/1396r-4">42 U.S.C. 1396r–4(f)(7)</external-xref>) is amended—</text> <paragraph id="HB88C4CBA83DD452994F3F99225575F5C"><enum>(1)</enum><text>in subparagraph (A)—</text>
 <subparagraph id="HE863A70668FB46DF88E74337E0DE945A"><enum>(A)</enum><text display-inline="yes-display-inline">in clause (i)—</text> <clause id="H6032C0E5C4DA413280E272760994B57F"><enum>(i)</enum><text>in the matter preceding subclause (I), by striking <quote>each of fiscal years 2018 through 2025</quote> and inserting <quote>each of fiscal years 2019 through 2028</quote>; and</text>
 </clause><clause id="H1C06040EB4654722965C57B795E95677"><enum>(ii)</enum><text>in subclause (I)—</text> <subclause id="HA9B55020004E4C7994F916D2812DD96B"><enum>(I)</enum><text>by striking <quote>the amount specified under the DSH health reform methodology under subparagraph (B)</quote> and inserting <quote>the amount of the aggregate reduction target</quote>; and</text>
 </subclause><subclause id="H1AA3E9E8F9D84D92B157C6DF59864991"><enum>(II)</enum><text display-inline="yes-display-inline">by striking <quote>DSH allotments to States</quote> and inserting <quote>the DSH allotment to each expansion State</quote> each place it appears;</text> </subclause></clause></subparagraph><subparagraph id="H98CAD825078A4AE89DD97633010D7D88"><enum>(B)</enum><text>in clause (ii)—</text>
 <clause id="H7EEF576E663F48088C5E385EFE824DA4"><enum>(i)</enum><text>in the matter preceding subclause (I), by striking <quote>The aggregate reductions</quote> and inserting <quote>In applying subparagraph (B), the aggregate reduction targets</quote>;</text> </clause><clause id="H2FAD48AB7C9447FFADF61B6461A4261E"><enum>(ii)</enum><text>by striking subclause (I);</text>
 </clause><clause id="H27D4E64EEFF84122AA30372D9BED96A8"><enum>(iii)</enum><text>by redesignating subclauses (II) through (VIII) as subclauses (I) through (VII), respectively;</text> </clause><clause id="H4AD8D3ED06E94CA7B6621E936B6ABFFC"><enum>(iv)</enum><text>in subclause (VI) (as so redesignated), by striking <quote>and</quote> at the end;</text>
 </clause><clause id="H55C4A13FB9274B59A1A53DD6961CE9C6"><enum>(v)</enum><text>in subclause (VII) (as so redesignated), by striking the period at the end and inserting <quote>; and</quote>; and</text> </clause><clause id="H36F83FC511A94A749B53824DA44F285D"><enum>(vi)</enum><text>by adding at the end the following new subclause:</text>
							<quoted-block display-inline="no-display-inline" id="H061244847D3243749C7FBB1B4D874E0F" style="OLC">
 <subclause id="HB97C4AF482194D5FB9463AAB02738242"><enum>(VIII)</enum><text display-inline="yes-display-inline">$8,000,000,000 for fiscal years 2027 and 2028.</text></subclause><after-quoted-block>;</after-quoted-block></quoted-block> </clause></subparagraph><subparagraph id="HA4A2F73F2E0946AFA6D2CF3C2A635A39"><enum>(C)</enum><text>by amending clause (iv) to read as follows:</text>
						<quoted-block display-inline="no-display-inline" id="HA5E3C48219E040C48EDFB334ECE88581" style="OLC">
 <clause id="HA131CE8694CD4D9D9F9008B03C5061B0"><enum>(iv)</enum><header>Definitions</header><text display-inline="yes-display-inline">For purposes of this paragraph:</text> <subclause id="HFB5C925B792944EFB3D3F7B2C60F6D0B"><enum>(I)</enum><text display-inline="yes-display-inline">The term <term>expansion State</term> means, for a fiscal year, a State that, as of the date that is 180 days before the start of such fiscal year, provides for eligibility under clause (i)(VIII) or (ii)(XX) of section 1902(a)(10)(A) for medical assistance under this title (or a waiver of the State plan approved under section 1115).</text>
 </subclause><subclause id="H3D9A2F4C5A604DE3966875CBF9BF38D9"><enum>(II)</enum><text display-inline="yes-display-inline">The term <term>non-expansion State</term> means, for a fiscal year, a State that is not an expansion State for such fiscal year.</text> </subclause><subclause id="HD4FCF85EEB874F95AF27FB79DEF3B704"><enum>(III)</enum><text display-inline="yes-display-inline">The term <term>State</term> means the 50 States and the District of Columbia.</text></subclause></clause><after-quoted-block>; and</after-quoted-block></quoted-block>
 </subparagraph><subparagraph id="H50BEDE5CBA334069B505D5698C15585B"><enum>(D)</enum><text display-inline="yes-display-inline">in clause (v), by striking <quote><header-in-text level="clause" style="OLC">Distribution of aggregate reductions.—</header-in-text>The Secretary shall distribute the aggregate reductions under clause (ii) among States</quote> and inserting <quote><header-in-text level="clause" style="OLC">Distribution of aggregate reduction targets.—</header-in-text>The Secretary shall distribute the aggregate reduction targets under clause (ii) among all the States (including non-expansion States)</quote>; and</text>
 </subparagraph></paragraph><paragraph id="H7CB1FEE26D644E1CA3ED7355E6CF3EAF"><enum>(2)</enum><text>in subparagraph (B), by adding at the end the following new clause:</text> <quoted-block display-inline="no-display-inline" id="HE6C36800334B459997FBD42EB99F6FD5" style="OLC"> <clause id="H6BC9A4C9465F4E6794107E7B8423E86D"><enum>(iv)</enum><text display-inline="yes-display-inline">The methodology imposes reduction targets as if the reductions under subparagraph (A) were applied to all States, including non-expansion States.</text></clause><after-quoted-block>.</after-quoted-block></quoted-block>
 </paragraph></subsection><subsection id="H8FD145B83E8B49AAA609561E5E68EEE4"><enum>(b)</enum><header>Conforming amendment</header><text display-inline="yes-display-inline">Section 1923(f)(8) of the Social Security Act (<external-xref legal-doc="usc" parsable-cite="usc/42/1396r-4">42 U.S.C. 1396r–4(f)(8)</external-xref>) is amended by striking <quote>fiscal year 2025</quote> and inserting <quote>fiscal year 2028</quote>.</text> </subsection></section></legis-body></bill> 

