<?xml version="1.0"?>
<?xml-stylesheet type="text/xsl" href="billres.xsl"?>
<!DOCTYPE bill PUBLIC "-//US Congress//DTDs/bill.dtd//EN" "bill.dtd">
<bill bill-stage="Introduced-in-House" bill-type="olc" dms-id="HC0E68241A9F74649A46AE359E8492F4C" key="H" public-private="public"><metadata xmlns:dc="http://purl.org/dc/elements/1.1/">
<dublinCore>
<dc:title>115 HR 504 IH: To amend title 36, United States Code, to require that the POW/MIA flag be displayed on all days that the flag of the United States is displayed on certain Federal property.</dc:title>
<dc:publisher>U.S. House of Representatives</dc:publisher>
<dc:date>2017-01-12</dc:date>
<dc:format>text/xml</dc:format>
<dc:language>EN</dc:language>
<dc:rights>Pursuant to Title 17 Section 105 of the United States Code, this file is not subject to copyright protection and is in the public domain.</dc:rights>
</dublinCore>
</metadata>
<form>
<distribution-code display="yes">I</distribution-code><congress display="yes">115th CONGRESS</congress><session display="yes">1st Session</session><legis-num display="yes">H. R. 504</legis-num><current-chamber>IN THE HOUSE OF REPRESENTATIVES</current-chamber><action display="yes"><action-date date="20170112">January 12, 2017</action-date><action-desc><sponsor name-id="L000567">Mr. Lance</sponsor> introduced the following bill; which was referred to the <committee-name committee-id="HJU00">Committee on the Judiciary</committee-name></action-desc></action><legis-type>A BILL</legis-type><official-title display="yes">To amend title 36, United States Code, to require that the POW/MIA flag be displayed on all days
			 that the flag of the United States is displayed on certain Federal
			 property.</official-title></form>
	<legis-body id="HE00048836985466ABBBB2A5606D9E27C" style="OLC">
 <section id="H01280260B38541699BFC5932E5218743" section-type="section-one"><enum>1.</enum><header>Days on which the POW/MIA flag is displayed on certain Federal property</header><text display-inline="no-display-inline">Section 902 of title 36, United States Code, is amended—</text> <paragraph id="H3931D5FE4F594C9197D261594CFEB3BA"><enum>(1)</enum><text>by striking subsection (c) and inserting the following new subsection:</text>
				<quoted-block display-inline="no-display-inline" id="HF685C1409F0E42CEBAA5F90F1B501012" style="USC">
 <subsection id="HE447CA1601604E68B20E661732A5A7CD"><enum>(c)</enum><header>Days for Flag Display</header><text display-inline="yes-display-inline">For the purposes of this section, POW/MIA flag display days are all days on which the flag of the United States is displayed.</text></subsection><after-quoted-block>;</after-quoted-block></quoted-block>
 </paragraph><paragraph id="H4B11E889FDB84729A81BCF2812CA9B5F"><enum>(2)</enum><text>in subsection (d)(1) by striking <quote>Capitol</quote> and inserting <quote>U.S. Capitol</quote>;</text> </paragraph><paragraph id="H44DA5FB7CAA6437CB69977001C80D43F"><enum>(3)</enum><text>in subsection (d)(2) by striking <quote>White House</quote> and inserting <quote>U.S. White House</quote>; and</text>
 </paragraph><paragraph id="HD0EFB62F49084C9F910C52902A7D872A"><enum>(4)</enum><text>in subsection (e) by striking <quote>Capitol</quote> each place it appears and inserting <quote>U.S. Capitol</quote>.</text> </paragraph></section></legis-body></bill> 

