<?xml version="1.0"?>
<?xml-stylesheet type="text/xsl" href="billres.xsl"?>
<!DOCTYPE bill PUBLIC "-//US Congress//DTDs/bill.dtd//EN" "bill.dtd">
<bill bill-stage="Introduced-in-House" bill-type="olc" dms-id="H62F252F157B847FE9E9D11D8275DD5D5" key="H" public-private="public"><metadata xmlns:dc="http://purl.org/dc/elements/1.1/">
<dublinCore>
<dc:title>115 HR 406 IH: Honoring our Heroes Act</dc:title>
<dc:publisher>U.S. House of Representatives</dc:publisher>
<dc:date>2017-01-10</dc:date>
<dc:format>text/xml</dc:format>
<dc:language>EN</dc:language>
<dc:rights>Pursuant to Title 17 Section 105 of the United States Code, this file is not subject to copyright protection and is in the public domain.</dc:rights>
</dublinCore>
</metadata>
<form>
<distribution-code display="yes">I</distribution-code><congress display="yes">115th CONGRESS</congress><session display="yes">1st Session</session><legis-num display="yes">H. R. 406</legis-num><current-chamber>IN THE HOUSE OF REPRESENTATIVES</current-chamber><action display="yes"><action-date date="20170110">January 10, 2017</action-date><action-desc><sponsor name-id="K000188">Mr. Kind</sponsor> (for himself, <cosponsor name-id="L000559">Mr. Langevin</cosponsor>, <cosponsor name-id="J000255">Mr. Jones</cosponsor>, and <cosponsor name-id="B001289">Mr. Byrne</cosponsor>) introduced the following bill; which was referred to the <committee-name committee-id="HAS00">Committee on Armed Services</committee-name></action-desc></action><legis-type>A BILL</legis-type><official-title display="yes">To amend title 10, United States Code, to facilitate the replacement of military decorations for
			 relatives of deceased members of the Armed Forces.</official-title></form>
	<legis-body id="H899C00EEB86042C78ABFA0711AAF81F8" style="OLC">
 <section id="HE9589E90270249948F4CD5B45E24C220" section-type="section-one"><enum>1.</enum><header>Short title</header><text display-inline="no-display-inline">This Act may be cited as the <quote><short-title>Honoring our Heroes Act</short-title></quote>.</text> </section><section id="HD4E6F4DD3B3C433B94FA6915FC4F23FC"><enum>2.</enum><header>Replacement of military decorations</header><text display-inline="no-display-inline">Section 1135 of title 10, United States Code, is amended—</text>
 <paragraph id="H1C4B77B45BC44A79BE52F767B3767AFD"><enum>(1)</enum><text>in subsection (a), by striking <quote>or the immediate next of kin</quote> and all that follows through the period at the end and inserting the following: <quote>, the immediate next of kin of a deceased recipient, or, if there is no living immediate next of kin, a covered relative.</quote>; and</text>
 </paragraph><paragraph id="H0EAF19B41FF140DAB8F40505285BEE34"><enum>(2)</enum><text>by amending subsection (c) to read as follows:</text> <quoted-block display-inline="no-display-inline" id="HFC4BE76C54504FCAB25AD07A8D4B540B" style="USC"> <subsection id="H814EE2F35C454C9F97D765A06E00F911"><enum>(c)</enum><header>Definitions</header><text display-inline="yes-display-inline">In this section:</text>
 <paragraph id="H5468873BBFF245E4B060AE943C7D2127"><enum>(1)</enum><text>The term <quote>covered relative</quote> means a relative of a deceased recipient of a military decoration who is—</text> <subparagraph id="H6F95CC8077D44FF18DB368329AA772F9"><enum>(A)</enum><text>not the immediate next of kin; and</text>
 </subparagraph><subparagraph id="HBCCBF46A8F8D4099BF179EF00224F2A9"><enum>(B)</enum><text>related within the fourth degree of consanguinity to the deceased recipient, or a more distant relative if determined appropriate by the Secretary concerned.</text>
 </subparagraph></paragraph><paragraph id="H9B25E0E5852C43299E6C81BD3309AECF"><enum>(2)</enum><text>The term <quote>decoration</quote> means any decoration or award (other than the medal of honor) that may be presented or awarded by the President or the Secretary concerned to a member of the armed forces.</text></paragraph></subsection><after-quoted-block>. </after-quoted-block></quoted-block>
			</paragraph></section></legis-body></bill>


