<?xml version="1.0"?>
<?xml-stylesheet type="text/xsl" href="billres.xsl"?>
<!DOCTYPE bill PUBLIC "-//US Congress//DTDs/bill.dtd//EN" "bill.dtd">
<bill bill-stage="Introduced-in-House" bill-type="olc" dms-id="H8AE7BC06082A47CEABF302F0BCC24376" key="H" public-private="public"><metadata xmlns:dc="http://purl.org/dc/elements/1.1/">
<dublinCore>
<dc:title>115 HR 607 IH: Voter Access Protection Act of 2017</dc:title>
<dc:publisher>U.S. House of Representatives</dc:publisher>
<dc:date>2017-01-23</dc:date>
<dc:format>text/xml</dc:format>
<dc:language>EN</dc:language>
<dc:rights>Pursuant to Title 17 Section 105 of the United States Code, this file is not subject to copyright protection and is in the public domain.</dc:rights>
</dublinCore>
</metadata>
<form>
<distribution-code display="yes">I</distribution-code><congress display="yes">115th CONGRESS</congress><session display="yes">1st Session</session><legis-num display="yes">H. R. 607</legis-num><current-chamber>IN THE HOUSE OF REPRESENTATIVES</current-chamber><action display="yes"><action-date date="20170123">January 23, 2017</action-date><action-desc><sponsor name-id="E000288">Mr. Ellison</sponsor> (for himself and <cosponsor name-id="B000574">Mr. Blumenauer</cosponsor>) introduced the following bill; which was referred to the <committee-name committee-id="HHA00">Committee on House Administration</committee-name></action-desc></action><legis-type>A BILL</legis-type><official-title display="yes">To prohibit election officials from requiring individuals to provide photo identification as a
			 condition of obtaining or casting a ballot in an election for Federal
			 office or registering to vote in elections for Federal office, and for
			 other purposes.</official-title></form>
	<legis-body id="H207C247E28024670A9540C7E1A1E709F" style="OLC">
 <section id="H6BE6F8FCD150463D93F6DAF36A3D02C7" section-type="section-one"><enum>1.</enum><header>Short Title</header><text display-inline="no-display-inline">This Act may be cited as the <quote><short-title>Voter Access Protection Act of 2017</short-title></quote>.</text> </section><section display-inline="no-display-inline" id="H2A44907347754D19AE5291D78C319C5D" section-type="subsequent-section"><enum>2.</enum><header>Prohibiting states from imposing photo identification requirement for voting or registering to vote in federal elections</header> <subsection id="H4ACF0BF8A0FB4EC581F1336C21E88403"><enum>(a)</enum><header>Prohibition</header> <paragraph id="H4E1A3A167F424840BCD4CC585E53A8B3"><enum>(1)</enum><header>In general</header><text>Title III of the Help America Vote Act of 2002 (<external-xref legal-doc="usc" parsable-cite="usc/52/21081">52 U.S.C. 21081</external-xref> et seq.) is amended by inserting after section 303 the following new section:</text>
					<quoted-block display-inline="no-display-inline" id="HBB234F72AFC946F4A774D8BFFF624FA0" style="OLC">
						<section id="HBE9E35CA48BA45FD9D38F6896B82FC58"><enum>303A.</enum><header>Prohibiting election officials from requiring individuals to present photo identification</header>
 <subsection id="HF849100C63934C608E98D31691D8492D"><enum>(a)</enum><header>Photo identification as a condition of voting</header><text display-inline="yes-display-inline">Except to the extent permitted under section 303(b), a State or local election official may not—</text> <paragraph id="HC866157E8C694EEEAE8A437E8CA2040E"><enum>(1)</enum><text>require an individual to present a photo identification (or, in the case of an individual who desires to vote by mail, a copy of a photo identification) as a condition of obtaining or casting a ballot in an election for Federal office; or</text>
 </paragraph><paragraph id="H19868799B0784220936D81FE47663F28"><enum>(2)</enum><text display-inline="yes-display-inline">require an individual to cast a provisional ballot under section 302 solely on the grounds that the individual does not present a photo identification at the polling place.</text>
 </paragraph></subsection><subsection id="H8FB98EA6247D48B7847902343329728B"><enum>(b)</enum><header>Photo identification as a condition of registering To vote</header><text display-inline="yes-display-inline">A State or local election official may not require an individual to provide a photo identification (or, in the case of an individual who desires to register to vote by mail or online, a copy or electronic copy of a photo identification) as a condition of registering to vote in an election for Federal office.</text></subsection></section><after-quoted-block>.</after-quoted-block></quoted-block>
 </paragraph><paragraph id="H32F2E0FF5530497C8E7ECC36D14A5739"><enum>(2)</enum><header>Clerical amendment</header><text>The table of contents of such Act is amended by inserting after the item relating to section 303 the following new item:</text>
					<quoted-block display-inline="no-display-inline" id="HD857A2DCBC8F4DBF9A55235FFB438482" style="OLC">
						<toc regeneration="no-regeneration">
							<toc-entry level="section">Sec. 303A. Prohibiting election officials from requiring individuals to present photo
			 identification.</toc-entry></toc><after-quoted-block>.</after-quoted-block></quoted-block>
 </paragraph></subsection><subsection id="HE70A8DABD7D74DDE9240A83F8F77DC86"><enum>(b)</enum><header>Conforming amendment relating to enforcement</header><text>Section 401 of such Act (<external-xref legal-doc="usc" parsable-cite="usc/52/21111">52 U.S.C. 21111</external-xref>) is amended by striking <quote>and 303</quote> and inserting <quote>303, and 303A</quote>.</text> </subsection></section><section display-inline="no-display-inline" id="H70C06896C32543C1A39C528921DD832F" section-type="subsequent-section"><enum>3.</enum><header>Effective date</header><text display-inline="no-display-inline">The amendments made by this Act shall apply with respect to elections occurring after the date of the enactment of this Act.</text>
		</section></legis-body></bill>


