<?xml version="1.0"?>
<?xml-stylesheet type="text/xsl" href="billres.xsl"?>
<!DOCTYPE bill PUBLIC "-//US Congress//DTDs/bill.dtd//EN" "bill.dtd">
<bill bill-stage="Introduced-in-House" bill-type="olc" dms-id="H4E67D0906EB549FA9CE3B5746A1B2AF0" key="H" public-private="public"><metadata xmlns:dc="http://purl.org/dc/elements/1.1/">
<dublinCore>
<dc:title>115 HR 192 IH: Direct Broadcast Satellite Expansion Act of 2017</dc:title>
<dc:publisher>U.S. House of Representatives</dc:publisher>
<dc:date>2017-01-03</dc:date>
<dc:format>text/xml</dc:format>
<dc:language>EN</dc:language>
<dc:rights>Pursuant to Title 17 Section 105 of the United States Code, this file is not subject to copyright protection and is in the public domain.</dc:rights>
</dublinCore>
</metadata>
<form>
<distribution-code display="yes">I</distribution-code><congress display="yes">115th CONGRESS</congress><session display="yes">1st Session</session><legis-num display="yes">H. R. 192</legis-num><current-chamber>IN THE HOUSE OF REPRESENTATIVES</current-chamber><action display="yes"><action-date date="20170103">January 3, 2017</action-date><action-desc><sponsor name-id="P000610">Ms. Plaskett</sponsor> introduced the following bill; which was referred to the <committee-name committee-id="HJU00">Committee on the Judiciary</committee-name>, and in addition to the Committee on <committee-name committee-id="HIF00">Energy and Commerce</committee-name>, for a period to be subsequently determined by the Speaker, in each case for consideration of such
			 provisions as fall within the jurisdiction of the committee concerned</action-desc></action><legis-type>A BILL</legis-type><official-title display="yes">To amend title 17, United States Code, and the Communications Act of 1934 to include a territory or
			 possession of the United States, and for other purposes.</official-title></form>
	<legis-body id="H9FD00B2736474DBB93AF79BC6568DA3D" style="OLC">
 <section id="HF2A2325B4D7A443282B94EE866FCEDB7" section-type="section-one"><enum>1.</enum><header>Short title</header><text display-inline="no-display-inline">This Act may be cited as the <quote><short-title>Direct Broadcast Satellite Expansion Act of 2017</short-title></quote>.</text> </section><section id="HDED304F21027405D9F25F96A6ECFA641"><enum>2.</enum><header>Geographic limitations on secondary transmissions</header> <subsection id="H1806FD117DBF46B8A8C5FEB2254ABFA8"><enum>(a)</enum><header>Geographic limitations on secondary transmissions</header><text>Section 122(h) of title 17, United States Code, is amended by inserting <quote>, including each territory or possession of the United States</quote> after <quote>locations in the United States</quote>.</text>
 </subsection><subsection id="HBCB0E9AB007E4DC485A3DC33AD722A05"><enum>(b)</enum><header>State defined</header><text display-inline="yes-display-inline">Section 122(j) of title 17, United States Code, is amended—</text> <paragraph id="H524B2F748A994FF7B6E8D73875D0D6F0"><enum>(1)</enum><text>by redesignating paragraphs (6) and (7) as paragraphs (7) and (8); and</text>
 </paragraph><paragraph id="H264CA397E15F47419E712578FE93B52A"><enum>(2)</enum><text>by inserting after paragraph (5) the following new paragraph:</text> <quoted-block display-inline="no-display-inline" id="HFEFF5A91761846D284A553F8DC485E3F" style="USC"> <paragraph commented="no" id="HB4B807054E4740CC9CB6ADC582FF7423"><enum>(6)</enum><header>State</header><text display-inline="yes-display-inline">The term <term>State</term> means each of the several States, the District of Columbia, and each territory or possession of the United States.</text></paragraph><after-quoted-block>.</after-quoted-block></quoted-block>
 </paragraph></subsection><subsection commented="no" id="H4489957106B14C0397FB8F032EE771B3"><enum>(c)</enum><header>Carriage of signals of local stations in certain markets</header><text display-inline="yes-display-inline">Section 338(a)(4) of the Communications Act of 1934 (<external-xref legal-doc="usc" parsable-cite="usc/47/338">47 U.S.C. 338(a)(4)</external-xref>) is amended by inserting <quote>(including a territory or possession of the United States)</quote> after <quote>within a State</quote>.</text> </subsection></section></legis-body></bill> 

