<?xml version="1.0"?>
<?xml-stylesheet type="text/xsl" href="billres.xsl"?>
<!DOCTYPE bill PUBLIC "-//US Congress//DTDs/bill.dtd//EN" "bill.dtd">
<bill bill-stage="Referred-in-Senate" bill-type="olc" dms-id="HF0F70842C4474CFEA09E72675B9DE954" key="H" public-private="public" stage-count="1">
	<metadata xmlns:dc="http://purl.org/dc/elements/1.1/">
<dublinCore>
<dc:title>115 HR 600 : Digital Global Access Policy Act of 2017</dc:title>
<dc:publisher>U.S. House of Representatives</dc:publisher>
<dc:date>2017-01-30</dc:date>
<dc:format>text/xml</dc:format>
<dc:language>EN</dc:language>
<dc:rights>Pursuant to Title 17 Section 105 of the United States Code, this file is not subject to copyright protection and is in the public domain.</dc:rights>
</dublinCore>
</metadata>
<form>
		<distribution-code display="yes">IIB</distribution-code>
		<congress display="yes">115th CONGRESS</congress><session display="yes">1st Session</session>
		<legis-num display="yes">H. R. 600</legis-num>
		<current-chamber display="yes">IN THE SENATE OF THE UNITED STATES</current-chamber>
		<action><action-date date="20170130">January 30, 2017</action-date><action-desc>Received; read twice and referred to the <committee-name committee-id="SSFR00">Committee on Foreign Relations</committee-name></action-desc></action><legis-type>AN ACT</legis-type>
		<official-title display="yes">To promote Internet access in developing countries and update foreign policy toward the Internet,
			 and for other purposes.</official-title>
	</form>
	<legis-body id="H59A741636C254A379D5FB16370BAD95A" style="OLC">
 <section id="H422085B7DC3E4427A780689D45AA0725" section-type="section-one"><enum>1.</enum><header>Short title</header><text display-inline="no-display-inline">This Act may be cited as the <quote><short-title>Digital Global Access Policy Act of 2017</short-title></quote> or the <quote><short-title>Digital GAP Act</short-title></quote>.</text> </section><section id="H8DCBD31730A742CF933241CE7E0D9A18"><enum>2.</enum><header>Purpose</header><text display-inline="no-display-inline">The purpose of this Act is to—</text>
 <paragraph id="HA2331E7FC4D1479D8EA3B7F8ED06969D"><enum>(1)</enum><text>encourage the efforts of developing countries to improve mobile and fixed access to the Internet in order to catalyze innovation, spur economic growth and job creation, improve health, education, and financial services, reduce poverty and gender inequality, mitigate disasters, promote democracy and good governance, and strengthen cybersecurity;</text>
 </paragraph><paragraph id="H04881D12549441F1884C03B32ECCF554"><enum>(2)</enum><text>promote build once policies and approaches and the multi-stakeholder approach to Internet governance; and</text>
 </paragraph><paragraph id="HE8A6171D20F54350B2B1DD22F1EFBA36"><enum>(3)</enum><text>ensure the effective use of United States foreign assistance resources toward this end.</text> </paragraph></section><section id="H6E8B575EAEAD4A36819486A71D154807"><enum>3.</enum><header>Findings</header><text display-inline="no-display-inline">Congress finds the following:</text>
 <paragraph id="HB4B1C25138E84303AA89293FC34CA991"><enum>(1)</enum><text>The number of Internet users worldwide has more than tripled from 1 billion to 3.2 billion since 2005, yet the growth rate of Internet access is slowing. An estimated 4.2 billion people, or 60 percent of the world’s population, remain offline, an estimated 75 percent of the offline population lives in just 20 countries, and rural, female, elderly, illiterate, and low-income populations are being left behind.</text>
 </paragraph><paragraph id="HF6D06C588BB746AE95AC43F963CDADF8"><enum>(2)</enum><text>Studies suggest that women across the developing world are disproportionately affected by a digital gap, and that bringing an additional 600 million women online would contribute $13 billion to $18 billion to annual GDP across 144 developing countries.</text>
 </paragraph><paragraph id="HB41927605A704F8AAC62BAEF993E7C5B"><enum>(3)</enum><text>Internet access in developing countries is most often hampered by a lack of infrastructure and a poor regulatory environment for investment.</text>
 </paragraph><paragraph id="H5E63BB96C3894F1A9D8349F28624ADCA"><enum>(4)</enum><text>Build once policies and approaches, which seek to coordinate public and private sector investments in roads and other critical infrastructure, can minimize the number and scale of excavation and construction activities when installing telecommunications infrastructure in rights-of-way, thereby reducing installation costs for high-speed Internet networks and serving as a development best practice.</text>
 </paragraph></section><section id="H58C378B2C07E464EA5EFE7F80ACF1C0C"><enum>4.</enum><header>Statement of policy</header><text display-inline="no-display-inline">Congress declares that it is the policy of the United States to consult, partner, and coordinate with the governments of foreign countries, international organizations, regional economic communities, businesses, civil society, and other stakeholders in a concerted effort to close the digital gap by promoting—</text>
 <paragraph id="HF1ADB1A951144D988DBE31793CB23B88"><enum>(1)</enum><text>first-time Internet access to mobile or broadband Internet for at least 1.5 billion people in developing countries by 2020 in both urban and rural areas;</text>
 </paragraph><paragraph id="H86A095C496714CBC9CC6B754550EFDD6"><enum>(2)</enum><text>Internet deployment and related coordination, capacity building, and build once policies and approaches in developing countries, including actions to encourage—</text>
 <subparagraph id="H6B239813216B4F8DA6D35F9A521F07F6"><enum>(A)</enum><text>standardization of build once policies and approaches for the inclusion of broadband conduit in rights-of-way projects that are funded, co-funded, or partially financed by the United States or any international organization that includes the United States as a member, in consultation with telecommunications providers, unless a cost-benefit analysis determines that the cost of such approach outweighs the benefits;</text>
 </subparagraph><subparagraph id="HEAB0BDED51174A3ABA6205C664A4248F"><enum>(B)</enum><text>adoption and integration of build once policies and approaches into the development and investment strategies of national and local government agencies of developing countries and donor governments and organizations that will enhance coordination with the private sector for road building, pipe laying, and other major infrastructure projects; and</text>
 </subparagraph><subparagraph id="H2616E6B255FF4B6FAF4CB76AAFE33998"><enum>(C)</enum><text>provision of increased financial support by international organizations, including through grants, loans, and technical assistance, to expand information and communications access and Internet connectivity;</text>
 </subparagraph></paragraph><paragraph id="HA20BD5694B4D432DB96D435DAAD48FCE"><enum>(3)</enum><text>policy changes that encourage first-time affordable access to the Internet in developing countries, including actions to encourage—</text>
 <subparagraph id="HCC06B3D9FC2B41DF82CCDFAFC2255B68"><enum>(A)</enum><text>integration of universal and gender-equitable Internet access goals, to be informed by the collection of related gender disaggregated data, and Internet tools into national development plans and United States Government country-level development strategies;</text>
 </subparagraph><subparagraph id="H60EB0124F08845BBA77ABC65FBCDCEA6"><enum>(B)</enum><text>reforms of competition laws and spectrum allocation processes that may impede the ability of companies to provide Internet services; and</text>
 </subparagraph><subparagraph id="H2773CF65E8BD48038BF6D940E8BE6B34"><enum>(C)</enum><text>efforts to improve procurement processes to help attract and incentivize investment in Internet infrastructure;</text>
 </subparagraph></paragraph><paragraph id="HB527BF3E766A487EB2AD3E89DD4CF490"><enum>(4)</enum><text>the removal of tax and regulatory barriers to Internet access;</text> </paragraph><paragraph id="H8D9F5B8C7D86481D99003500F6B03E38"><enum>(5)</enum><text>the use of the Internet to increase economic growth and trade, including—</text>
 <subparagraph id="HFFD4331D1E634D7AB4775AE0BEB410F7"><enum>(A)</enum><text>policies and strategies to remove restrictions to e-commerce, cross-border information flows, and competitive marketplaces; and</text>
 </subparagraph><subparagraph id="H531D73FB42FB42B7A2B661C7E0119832"><enum>(B)</enum><text>entrepreneurship and distance learning enabled by access to technology;</text> </subparagraph></paragraph><paragraph id="HE6ACD605171E4B8993AC29A69B0CEF8F"><enum>(6)</enum><text>use of the Internet to bolster democracy, government accountability, transparency, and human rights, including through the establishments of policies, initiatives, and investments that—</text>
 <subparagraph id="H0F620B5716284308AF5ABBD9C5DF7611"><enum>(A)</enum><text>support the development of national Internet plans that are consistent with United States human rights goals, including freedom of expression, religion, assembly, and association;</text>
 </subparagraph><subparagraph id="H7BE0F3C2ACBA4AEE8F9FE70F4906F102"><enum>(B)</enum><text>expand online access to government information and services to enhance government accountability and service delivery, including for areas in which government may have limited presence;</text>
 </subparagraph><subparagraph id="H179F410FF03B4B5FBB345112D6C9D6C0"><enum>(C)</enum><text>advance the principles of responsible Internet governance, including commitments to maintain open and equitable access; and</text>
 </subparagraph><subparagraph id="HEB1C97CFD25A479295A387747438D21D"><enum>(D)</enum><text>support programs, research, and technologies that safeguard human rights and fundamental freedoms online, and enable political organizing and activism, free speech, and religious expression that are in compliance with international human rights standards;</text>
 </subparagraph></paragraph><paragraph id="HD553848C2CAE465FA1B0DEA93F129CCE"><enum>(7)</enum><text>Internet access and inclusion into Internet policymaking for women, people with disabilities, minorities, low-income and marginalized groups, and underserved populations;</text>
 </paragraph><paragraph id="H5177193DA7FC435F9426C39DB691F8A9"><enum>(8)</enum><text>cybersecurity and data protection, including international use of the National Institute of Standards and Technology (NIST) Framework for Improving Critical Infrastructure Cybersecurity, that are industry-led and globally recognized cybersecurity standards and best practices; and</text>
 </paragraph><paragraph id="HC765CD329FD54A02AD8F14F3C0B66DD8"><enum>(9)</enum><text>inter-agency coordination and cooperation across all executive branch agencies regarding the construction and promotion of Internet initiatives as a greater part of United States foreign policy.</text>
 </paragraph></section><section id="HABF19BBECA2647D9A95FD03B477FA3B9"><enum>5.</enum><header>Leveraging international support</header><text display-inline="no-display-inline">In pursuing the policy described in section 4, the President should direct United States representatives to appropriate international bodies to use the influence of the United States, consistent with the broad development goals of the United States, to advocate that each such body—</text>
 <paragraph id="H2BBE5F00815F469F90C0D756757FB0C3"><enum>(1)</enum><text>commit to increase efforts and coordination to promote affordable and gender-equitable Internet access, in partnership with stakeholders and consistent with host countries’ absorptive capacity;</text>
 </paragraph><paragraph id="H9B075AD3A4B742C5A3A8C70999132E33"><enum>(2)</enum><text>integrate affordable and gender-equitable Internet access data into existing economic and business assessments, evaluations, and indexes such as the Millennium Challenge Corporation constraints analysis, the Doing Business Report, International Monetary Fund Article IV assessments and country reports, the Open Data Barometer, and the Affordability Drivers Index;</text>
 </paragraph><paragraph id="H1EBBB4B2C1214695B70976D874132582"><enum>(3)</enum><text>standardize inclusion of broadband conduit as part of highway or comparable construction projects in developing countries, in consultation with telecommunications providers, unless such inclusion would create an undue burden, is not necessary based on the availability of existing broadband infrastructure, or a cost-benefit analysis determines that the cost outweighs the benefits;</text>
 </paragraph><paragraph id="H0018AA0C4660427EA2DA9C8A254142C8"><enum>(4)</enum><text>provide technical assistance to the regulatory authorities in developing countries to remove unnecessary barriers to investment in otherwise commercially viable projects and strengthen weak regulations or develop new regulations to support market growth and development;</text>
 </paragraph><paragraph id="HD5829D46855540C298A4BA8403E8C823"><enum>(5)</enum><text>utilize clear, accountable, and metric-based targets, including targets with gender-disaggregated data, to measure the effectiveness of efforts to promote Internet access; and</text>
 </paragraph><paragraph id="HEB1C4682FF024E929C7F7340F65FE1BF"><enum>(6)</enum><text>promote and protect human rights online, such as the freedoms of expression, religion, assembly, and association, through resolutions, public statements, projects, and initiatives, and advocate that other member states of such bodies are held accountable when major violations are uncovered.</text>
			</paragraph></section><section id="HF9B0FD0C490B4803A8D20DF7A83B52E0"><enum>6.</enum><header>Department of State organization</header>
 <subsection id="H3BE276D8866F41E4A12CB7A94A66AA64"><enum>(a)</enum><header>Sense of Congress</header><text>It is the sense of Congress that the Secretary of State should seek to enhance the efficiency and effectiveness of United States foreign assistance efforts to carry out the policies and objectives established by this Act, including by redesignating an existing Assistant Secretary position in the Department of State to be the Assistant Secretary for Cyberspace to lead the Department’s diplomatic cyberspace policy generally, including for cybersecurity, Internet access, Internet freedom, and to promote an open, secure, and reliable information and communications technology infrastructure.</text>
 </subsection><subsection id="H02D82487E55840D5B7F13E723B2C30F0"><enum>(b)</enum><header>Activities</header><text>In recognition of the added value of technical knowledge and expertise in the policymaking and diplomatic channels, the Secretary of State shall—</text>
 <paragraph id="HE4C4F97849D84EF98B97DB5EE98EE5C6"><enum>(1)</enum><text>update existing training programs relevant to policy discussions;</text> </paragraph><paragraph id="H5C1E2512840746C7BD41294025A4A459"><enum>(2)</enum><text>promote the recruitment of candidates with technical expertise into the Civil Service and the Foreign Service; and</text>
 </paragraph><paragraph id="H109BA118FC8F47558F8E4339579BE7F1"><enum>(3)</enum><text>work to improve inter-agency coordination and cooperation on cybersecurity and Internet initiatives.</text>
 </paragraph></subsection><subsection id="H6C53859256184D1FBC7ACC36AFD29E13"><enum>(c)</enum><header>Offset</header><text>To offset any costs incurred by the Department of State to carry out the designation of an Assistant Secretary for Cyberspace in accordance with subsection (a), the Secretary of State shall eliminate such positions within the Department of State, unless otherwise authorized or required by law, as the Secretary determines to be necessary to fully offset such costs.</text>
 </subsection><subsection id="HE42F8AC4CB194079B1A985AC76DF6D73"><enum>(d)</enum><header>Rule of construction</header><text>The redesignation of the Assistant Secretary position in the Department of State described in subsection (a) may not be construed as increasing the number of Assistant Secretary positions at the Department above the current level of 24 as authorized in section 1(c)(1) of the State Department Basic Authorities Act of 1956 (<external-xref legal-doc="usc" parsable-cite="usc/22/2651a">22 U.S.C. 2651a(c)(1)</external-xref>).</text>
 </subsection></section><section id="HDBB5FA7ADE1A44708FCF3778F86C1B41"><enum>7.</enum><header>USAID</header><text display-inline="no-display-inline">It is the sense of Congress that the Administrator of the United States Agency for International Development should—</text>
 <paragraph id="H132B293620524028BCE8D992350AE8CF"><enum>(1)</enum><text>integrate efforts to expand Internet access, develop appropriate technologies, and enhance digital literacy into the education, development, and economic growth programs of the agency, where appropriate;</text>
 </paragraph><paragraph id="H22BEF9E7325F4C039BF5D9A012678CA0"><enum>(2)</enum><text>expand the utilization of information and communications technologies in humanitarian aid and disaster relief responses and United States operations involving stabilization and security to improve donor coordination, reduce duplication and waste, capture and share lessons learned, and augment disaster preparedness and risk mitigation strategies; and</text>
 </paragraph><paragraph id="H3F45E3D444114E239040AB1956DE01BC"><enum>(3)</enum><text>establish and promote guidelines for the protection of personal information of individuals served by humanitarian, disaster, and development programs implemented directly through the United States Government, through contracts funded by the United States Government, and by international organizations.</text>
 </paragraph></section><section id="HC9A1A147CFD247E69AEBA2AACF361A96"><enum>8.</enum><header>Peace Corps</header><text display-inline="no-display-inline">Section 3 of the Peace Corps Act (<external-xref legal-doc="usc" parsable-cite="usc/22/2502">22 U.S.C. 2502</external-xref>) is amended by—</text> <paragraph id="H42E9AFED7AAB4ADCAAC9424617E43DEE"><enum>(1)</enum><text>redesignating subsection (h) as subsection (e); and</text>
 </paragraph><paragraph id="H4D72A3B2B97740EEA6C6CD15286253B7"><enum>(2)</enum><text>adding at the end the following new subsections:</text> <quoted-block id="H446F785F9C1F4F49BAE894A8CDF81C9D" style="OLC"> <subsection id="H1EFC18002FE64DAC96BECB529445EBF3"><enum>(f)</enum><text>It is the sense of Congress that access to technology can transform agriculture, community economic development, education, environment, health, and youth development which are the sectors in which Peace Corps currently develops positions for Volunteers.</text>
 </subsection><subsection id="H4397C5ECEE724345BCD4CFEC10D3344E"><enum>(g)</enum><text>In giving attention to the programs, projects, training, and other activities referred to in subsection (f), the Peace Corps should develop positions for Volunteers that are focused on leveraging technology for development, education, and social and economic mobility.</text></subsection><after-quoted-block>.</after-quoted-block></quoted-block>
 </paragraph></section><section id="HDF32B2D6FB9849F9A18C437AE7F45342"><enum>9.</enum><header>Partnership framework</header><text display-inline="no-display-inline">Not later than 180 days after the date of the enactment of this Act, the President shall transmit to the Committee on Foreign Affairs of the House of Representatives and the Committee on Foreign Relations of the Senate plans to promote partnerships by United States development agencies, including the United States Agency for International Development and the Millennium Challenge Corporation, and international agencies funded by the United States Government with the private sector and other stakeholders to expand affordable and gender equitable access to the Internet in developing countries, including the following elements:</text>
 <paragraph id="H5724E1FB683C460CBBC7731D2F1C16FC"><enum>(1)</enum><text>Methods for stakeholders to partner with such agencies in order to provide Internet access or Internet infrastructure in developing countries.</text>
 </paragraph><paragraph id="H37384C21EE3A4809A690FCFD4784EAD9"><enum>(2)</enum><text>Methods of outreach to stakeholders to explore partnership opportunities for expanding Internet access or Internet infrastructure, including coordination with the private sector, when financing roads and telecommunications infrastructure.</text>
 </paragraph><paragraph id="HF8CDF157F9F84D7B907460171E3571EC"><enum>(3)</enum><text>Methods for early consultation with stakeholders concerning projects in telecommunications and road construction to provide Internet access or Internet infrastructure.</text>
 </paragraph></section><section id="H73BDDA24F137473CAA1D5FFF3FA0541B"><enum>10.</enum><header>Reporting requirement on implementation efforts</header><text display-inline="no-display-inline">Not later than 180 days after the date of the enactment of this Act, the President shall transmit to the Committee on Foreign Affairs of the House of Representatives and the Committee on Foreign Relations of the Senate a report on efforts to implement the policies specified in this Act and a discussion of the plans and existing efforts by the United States Government in developing countries to accomplish the following:</text>
 <paragraph id="H57970FF84363418AA7CDF388EAF5A88F"><enum>(1)</enum><text>Developing a technical and regulatory road map for promoting Internet access in developing countries and a path to implementing such road map.</text>
 </paragraph><paragraph id="HD847CC8EFFA04158B1F76E467140AF39"><enum>(2)</enum><text>Identifying the regulatory barriers that may unduly impede Internet access, including regulation of wireline broadband deployment or the infrastructure to augment wireless broadband deployment.</text>
 </paragraph><paragraph id="HA55354DB97034D7BB3195DD9FF3C86E3"><enum>(3)</enum><text>Strengthening and supporting development of regulations that incentivize market growth and sector development.</text>
 </paragraph><paragraph id="HBE160603BBB74D1A871FD464D0E17D65"><enum>(4)</enum><text>Encouraging further public and private investment in Internet infrastructure, including broadband networks and services.</text>
 </paragraph><paragraph id="HAE7CDBA9D2B64322B179A077FE8B1385"><enum>(5)</enum><text>Increasing gender-equitable Internet access and otherwise encourage or support Internet deployment, competition, and adoption.</text>
 </paragraph><paragraph id="HB89595E232E54EAFA3E466DCFEFD21E6"><enum>(6)</enum><text>Improving the affordability of Internet access.</text> </paragraph><paragraph id="H4176A467C8174DB4B4EBEA88DE1FA2BE"><enum>(7)</enum><text>Promoting technology and cybersecurity capacity building efforts and consult technical experts for advice regarding options to accelerate the advancement of Internet deployment, adoption, and usage.</text>
 </paragraph><paragraph id="HEDBFAC8DCB104D8E8972CBA2A8BD21AF"><enum>(8)</enum><text>Promoting Internet freedom globally and include civil society and the private sector in the formulation of policies, projects, and advocacy efforts to protect human rights online.</text>
 </paragraph><paragraph id="H8CC48444EEB94110A4A849268BD44465"><enum>(9)</enum><text>Promoting and strengthening the multi-stakeholder model of Internet governance and actively participate in multi-stakeholder international fora, such as the Internet Governance Forum.</text>
 </paragraph><paragraph id="HA558B54FE4E44ED4B66D7D039F4C6630"><enum>(10)</enum><text>Advancing a strategy to promote—</text> <subparagraph id="H1AAD45DF5A6F4CB0B8F6CB0D9867568D"><enum>(A)</enum><text>global cybersecurity policy consistent with the National Institute of Standards and Technology (NIST) Framework for Improving Critical Infrastructure Cybersecurity;</text>
 </subparagraph><subparagraph id="HC850D9C860454C318519297296F0236A"><enum>(B)</enum><text>global Internet freedom principles, such as the freedoms of expression, religion, assembly, and association, while combating efforts to impose restrictions on such freedoms; and</text>
 </subparagraph><subparagraph id="H0655051735434BEC814DE37050F89E69"><enum>(C)</enum><text>improved inter-agency coordination and cooperation on cybersecurity and Internet initiatives.</text> </subparagraph></paragraph></section><section id="HE38B39865BC848998F4DB484589E71E3"><enum>11.</enum><header>Definitions</header><text display-inline="no-display-inline">In this Act:</text>
 <paragraph id="H71F57B4A5AF74D808D4EA2A3FA52EDA1"><enum>(1)</enum><header>Broadband</header><text display-inline="yes-display-inline">The term <quote>broadband</quote> means an Internet Protocol-based transmission service that enables users to send and receive voice, video, data, graphics, or a combination thereof.</text>
 </paragraph><paragraph id="HA43A4A61ECD449ECA75495947EC3C5EB"><enum>(2)</enum><header>Broadband conduit</header><text>The term <quote>broadband conduit</quote> means a conduit for fiber optic cables that support broadband or wireless facilities for broadband service.</text>
 </paragraph><paragraph id="HC5D5198542364A53831B08254F2D79E1"><enum>(3)</enum><header>Build once policies and approaches</header><text>The term <term>build once policies and approaches</term> means policies or practices that minimize the number and scale of excavation and construction activities when installing telecommunications infrastructure in rights-of-way.</text>
 </paragraph><paragraph id="H49FBCAFF6B684F0E9E615550081B436D"><enum>(4)</enum><header>Cyberspace</header><text>The term <term>cyberspace</term> means the interdependent network of information technology infrastructures, and includes the Internet, telecommunications networks, computer systems, and embedded processors and controllers in critical industries, and includes the virtual environment of information and interactions between people.</text>
 </paragraph><paragraph id="H40C8E64761D84E969AA06E9B9E5911C4"><enum>(5)</enum><header>Stakeholders</header><text>The term <term>stakeholders</term> means the private sector, the public sector, cooperatives, civil society, the technical community that develops Internet technologies, standards, implementation, operations, and applications, and other groups that are working to increase Internet access or are impacted by the lack of Internet access in their communities.</text>
			</paragraph></section></legis-body>
	<attestation><attestation-group><attestation-date chamber="House" date="20170124">Passed the House of Representatives January 24, 2017.</attestation-date><attestor display="yes">Karen L. Haas,</attestor><role>Clerk.</role></attestation-group></attestation>
</bill>


