<?xml version="1.0"?>
<?xml-stylesheet type="text/xsl" href="billres.xsl"?>
<!DOCTYPE bill PUBLIC "-//US Congress//DTDs/bill.dtd//EN" "bill.dtd">
<bill bill-stage="Introduced-in-House" bill-type="olc" dms-id="H4374257903114588A57D24E95172C219" key="H" public-private="public"><metadata xmlns:dc="http://purl.org/dc/elements/1.1/">
<dublinCore>
<dc:title>115 HR 48 IH: Equal Rights and Access for the Women of South Sudan Act</dc:title>
<dc:publisher>U.S. House of Representatives</dc:publisher>
<dc:date>2017-01-03</dc:date>
<dc:format>text/xml</dc:format>
<dc:language>EN</dc:language>
<dc:rights>Pursuant to Title 17 Section 105 of the United States Code, this file is not subject to copyright protection and is in the public domain.</dc:rights>
</dublinCore>
</metadata>
<form>
<distribution-code display="yes">I</distribution-code><congress display="yes">115th CONGRESS</congress><session display="yes">1st Session</session><legis-num display="yes">H. R. 48</legis-num><current-chamber>IN THE HOUSE OF REPRESENTATIVES</current-chamber><action display="yes"><action-date date="20170103">January 3, 2017</action-date><action-desc><sponsor name-id="J000032">Ms. Jackson Lee</sponsor> introduced the following bill; which was referred to the <committee-name committee-id="HFA00">Committee on Foreign Affairs</committee-name></action-desc></action><legis-type>A BILL</legis-type><official-title display="yes">To require that activities carried out by the United States in South Sudan relating to governance,
			 reconstruction and development, and refugee relief and assistance will
			 support the basic human rights of women and women’s participation and
			 leadership in these areas.</official-title></form>
	<legis-body id="H444D691D63B342D2ACD0A0F8A6A3B323" style="OLC">
 <section id="H2F6AD922A20C4C138A4BB336ED2AC3C4" section-type="section-one"><enum>1.</enum><header>Short title</header><text display-inline="no-display-inline">This Act may be cited as the <quote><short-title>Equal Rights and Access for the Women of South Sudan Act</short-title></quote>.</text> </section><section id="H506B7CB37388493193F61F3A0A55F17F"><enum>2.</enum><header>Findings</header><text display-inline="no-display-inline">Congress makes the following findings:</text>
 <paragraph id="H70EFC11C7F574548825B8722D4303293"><enum>(1)</enum><text>Despite the 2011 referendum for secession that established the independent state of South Sudan, South Sudanese women continue to experience brutal violation of their human rights.</text>
 </paragraph><paragraph id="H3C9880B55CBA4300847B2A3E755CB0C0"><enum>(2)</enum><text>Strong and continued United States support can ensure that the advances made by South Sudanese women since July 2011 when the Republic of South Sudan gained its independence will continue and grow, rather than recede.</text>
 </paragraph><paragraph id="H141264E61EF842118FF9151FFEFFC6ED"><enum>(3)</enum><text>The United States has made a substantial contribution to the emergency relief and humanitarian efforts for South Sudan. Completing the United States mission in South Sudan will also require significant and long-term investments in development and reconstruction assistance.</text>
 </paragraph><paragraph id="HECF86B84916744D7A936131E4AFDF483"><enum>(4)</enum><text>An inadequate healthcare system has resulted in high maternal and infant mortality rates. The maternal mortality rate is 1,054 deaths per 100,000 live births, making it one of the highest in the world.</text>
 </paragraph><paragraph id="HFC130E3C8C3E4C5991B6DDA815844290"><enum>(5)</enum><text>South Sudan faces many difficulties with its lack of infrastructure and lacks significant human development factors, which can further marginalize women.</text>
 </paragraph><paragraph id="H451B0CCCA1D74CCC9C83646163A96287"><enum>(6)</enum><text>Over 80 percent of women and girls in South Sudan are illiterate, and thus it is imperative to both secure and inform women’s rights within the national development.</text>
 </paragraph><paragraph id="HB4F40463FA614BB19F190BDA03DF87C1"><enum>(7)</enum><text>With the assistance of internal aid and the proliferation of local women’s organizations, women’s equality can be integrated into South Sudan’s nation-building efforts.</text>
 </paragraph><paragraph id="HA05E2ECF26134C6B9821EDBD8556D220"><enum>(8)</enum><text>South Sudan has made gains in incorporating women into the new regime with efforts such as inclusion in the legislative assembly, thus additional support from the United States serves to reinforce these ideals and implementations.</text>
 </paragraph><paragraph id="H0FEAAA82954A41D8B6538E22FD6A8DC4"><enum>(9)</enum><text>The women of South Sudan are taking the initiative to reach across the conflict divide and foster peace. Women’s perspectives and experiences in seeking solutions to conflicts are necessary to ensure lasting peace.</text>
 </paragraph><paragraph id="H1A492321A1F0493A9945E8F3FDF4E44E"><enum>(10)</enum><text>Adequate security in both urban and rural areas, particularly on military borders, is essential if women and girls are to exercise their human rights, work, attend school, and otherwise participate in and benefit from humanitarian and development programs sponsored by the United States.</text>
			</paragraph></section><section id="HDC7B65D9A8ED4C45B6E1204ECB4ECC09"><enum>3.</enum><header>Requirements relating to United States activities relating to South Sudan</header>
 <subsection id="HB2BB1C6084E74CF2B8770883587974A6"><enum>(a)</enum><header>In general</header><text>Activities described in subsections (b) through (e) that are carried out by the United States in South Sudan shall comply with the applicable requirements contained in such subsections.</text>
 </subsection><subsection id="H05859DD23DA84D128CDB4AA5B90E177C"><enum>(b)</enum><header>Governance of south sudan</header><text>With respect to the governance of South Sudan, the applicable requirements are the following:</text> <paragraph id="HA41683C5EA504905A6FDACC6BD6C75CD"><enum>(1)</enum><text>Include the perspectives and advice from South Sudanese women’s organizations, networks, and leaders in United States policymaking related to the governance of South Sudan.</text>
 </paragraph><paragraph id="HBD9E34D770FD4C3480A76C3C0C1BBB9E"><enum>(2)</enum><text>Promote the inclusion of a significant number of women in the National Legislature and future legislative bodies to ensure that women’s full range of human rights are included and upheld in any constitution or legal structures of South Sudan.</text>
 </paragraph><paragraph id="HCDEDBB53F12B43259A2DE677D6D025DD"><enum>(3)</enum><text>Promote the continuation and strengthening of the rights of women as the South Sudan Government transitions to a long-term government structure, and encourage the appointment of women to high level positions within South Sudanese Government.</text>
 </paragraph></subsection><subsection id="HDADFA1D5605948C9B99CB52FB16DAEF9"><enum>(c)</enum><header>Post-Conflict reconstruction and development</header><text>With respect to activities relating to post-conflict stability in South Sudan, the applicable requirements are the following:</text>
 <paragraph id="H6F678496ACCD42A198239558AE604EC6"><enum>(1)</enum><text>Ensure that a significant portion of United States development, humanitarian, and relief assistance is channeled to local and United States-based South Sudanese organizations, particularly South Sudanese women’s organizations. Provide technical assistance, training, and capacity-building for local organizations to ensure that United States funded efforts will be both effective and sustainable.</text>
 </paragraph><paragraph id="H1DCC7B29AD0C4976ACBDD10AF537F26F"><enum>(2)</enum><text>Encourage United States organizations that receive funds authorized by this Act to partner with or create South Sudanese-led counterpart organizations and provide these organizations with significant financial resources, technical assistance, and capacity building.</text>
 </paragraph><paragraph id="H3B3ED573105E410BAB6C6A4EDDD79184"><enum>(3)</enum><text>Provide direct financial and programmatic assistance to the Ministry of Women’s Affairs adequate to ensure that the Ministry is able to fulfill its mandate.</text>
 </paragraph><paragraph id="H4FBBE3D9511C4EAFAFE4535CD936660D"><enum>(4)</enum><text>Promote multiyear women-centered economic development programs, including programs to assist widows, female heads of household, women in rural areas, and disabled women.</text>
 </paragraph><paragraph id="HBABAB8105386489892A441CF1C94D2BC"><enum>(5)</enum><text>Increase women’s access to or ownership of productive assets such as land, water, agricultural inputs, credit, and property.</text>
 </paragraph><paragraph id="H656C7F2A7F1C4069AF6062088FED8F97"><enum>(6)</enum><text>Provide long-term financial assistance for primary, secondary, higher, nontraditional, and vocational education for South Sudanese girls, women, boys, and men.</text>
 </paragraph><paragraph id="H1C422D0354664C71870179CD0B61ED9D"><enum>(7)</enum><text>Provide financial assistance to build the health infrastructure and to deliver high-quality comprehensive health care programs, including primary, maternal, child, reproductive, and mental health care.</text>
 </paragraph><paragraph id="H1E320C16E52C4A7A91B27254FC5E3A9A"><enum>(8)</enum><text>Integrate education and training programs for former combatants with economic development programs to encourage their reintegration into society and to promote post-conflict stability.</text>
 </paragraph><paragraph id="H3B9B33149B044A71A0FDDF4E4337E759"><enum>(9)</enum><text>Provide assistance to rehabilitate children affected by the conflict, particularly child soldiers.</text> </paragraph><paragraph id="H3945305BBC5246D3820E3B019308B6ED"><enum>(10)</enum><text>Support educational efforts to increase awareness with respect to landmines, facilitate the removal of landmines, and provide services to individuals with disabilities caused by landmines.</text>
 </paragraph><paragraph id="H4D9CC126D157495F8C2398FACD0C6280"><enum>(11)</enum><text>Include programs to prevent trafficking in persons, assist victims, and apprehend and prosecute traffickers in persons.</text>
 </paragraph></subsection><subsection id="H3EA4FD6230C94CBA986C88C536F42372"><enum>(d)</enum><header>South sudanese military and police</header><text>With respect to training for military and police forces in South Sudan, the applicable requirements are the following:</text>
 <paragraph id="HA7A1F89F87604EE4BBD80FE975105CE3"><enum>(1)</enum><text>Include training on the protection, rights, and the particular needs of women and emphasize that violations of women’s rights are intolerable and should be prosecuted.</text>
 </paragraph><paragraph id="HF8308011317346DF896ED1284F25E54E"><enum>(2)</enum><text>Encourage such trainers who will carry out the activities in paragraph (1) to consult with women’s organizations in South Sudan to ensure that training content and materials are adequate, appropriate, and comprehensive.</text>
 </paragraph></subsection><subsection id="H7F9D73648A594FB1B0C63D0D9FBBD499"><enum>(e)</enum><header>Relief, resettlement, and repatriation of refugees and the internally displaced</header><text>With respect to the relief, resettlement, and repatriation of refugees and internally displaced in South Sudan, the applicable requirements are the following:</text>
 <paragraph id="H0DAD0DFE06A3478095553C40B977BA77"><enum>(1)</enum><text>Take all necessary steps to ensure that women refugees and internally displaced in camps, urban areas, and villages are directly receiving food aid, shelter, relief supplies, and other services from United States-sponsored programs.</text>
 </paragraph><paragraph id="HAB370C6A240D4C5F8136B4BF77A6DD94"><enum>(2)</enum><text>Take all necessary steps to ensure that women refugees in camps, urban areas, and villages are accessing high-quality health and medical services, including primary, maternal, child, and mental health services.</text>
 </paragraph><paragraph id="H59FA160916414CE694978D112F78F4A1"><enum>(3)</enum><text>Take all necessary steps to ensure that women and children in refugee camps are protected from sexual exploitation.</text>
 </paragraph><paragraph id="H45FF62EABC074207AC6CD67E74879D95"><enum>(4)</enum><text>Take all necessary steps to ensure refugees and internally displaced persons that seek to return to their place of origin can do so voluntarily, safely, and with the full protection of their rights. United States-sponsored efforts shall not coerce refugees or internally displaced persons to return to their places of origin.</text>
 </paragraph></subsection></section><section id="H80A42BBD87E94B93A14C47D780D5A7EB"><enum>4.</enum><header>Reporting requirements</header><text display-inline="no-display-inline">Not later than 60 days after the date of enactment of this Act, and annually thereafter, the President shall prepare and transmit to Congress a report that contains documentation of the progress in implementing the requirements of section 3. All data shall be disaggregated by sex.</text>
		</section></legis-body></bill>


