<?xml version="1.0"?>
<?xml-stylesheet type="text/xsl" href="billres.xsl"?>
<!DOCTYPE bill PUBLIC "-//US Congress//DTDs/bill.dtd//EN" "bill.dtd">
<bill bill-stage="Introduced-in-House" bill-type="olc" dms-id="HB196D25947C84E478524DFD7A9C57777" key="H" public-private="public"><metadata xmlns:dc="http://purl.org/dc/elements/1.1/">
<dublinCore>
<dc:title>115 HR 540 IH: Presidential Tax Disclosure Act of 2017</dc:title>
<dc:publisher>U.S. House of Representatives</dc:publisher>
<dc:date>2017-01-13</dc:date>
<dc:format>text/xml</dc:format>
<dc:language>EN</dc:language>
<dc:rights>Pursuant to Title 17 Section 105 of the United States Code, this file is not subject to copyright protection and is in the public domain.</dc:rights>
</dublinCore>
</metadata>
<form>
<distribution-code display="yes">I</distribution-code><congress display="yes">115th CONGRESS</congress><session display="yes">1st Session</session><legis-num display="yes">H. R. 540</legis-num><current-chamber>IN THE HOUSE OF REPRESENTATIVES</current-chamber><action display="yes"><action-date date="20170113">January 13, 2017</action-date><action-desc><sponsor name-id="C001084">Mr. Cicilline</sponsor> (for himself, <cosponsor name-id="B001278">Ms. Bonamici</cosponsor>, <cosponsor name-id="B001292">Mr. Beyer</cosponsor>, <cosponsor name-id="T000468">Ms. Titus</cosponsor>, <cosponsor name-id="C001101">Ms. Clark of Massachusetts</cosponsor>, <cosponsor name-id="D000191">Mr. DeFazio</cosponsor>, <cosponsor name-id="R000577">Mr. Ryan of Ohio</cosponsor>, <cosponsor name-id="S001145">Ms. Schakowsky</cosponsor>, <cosponsor name-id="L000582">Mr. Ted Lieu of California</cosponsor>, <cosponsor name-id="V000081">Ms. Velázquez</cosponsor>, <cosponsor name-id="K000009">Ms. Kaptur</cosponsor>, <cosponsor name-id="N000002">Mr. Nadler</cosponsor>, <cosponsor name-id="E000296">Mr. Evans</cosponsor>, <cosponsor name-id="R000486">Ms. Roybal-Allard</cosponsor>, <cosponsor name-id="B001296">Mr. Brendan F. Boyle of Pennsylvania</cosponsor>, <cosponsor name-id="E000288">Mr. Ellison</cosponsor>, <cosponsor name-id="M001137">Mr. Meeks</cosponsor>, <cosponsor name-id="G000559">Mr. Garamendi</cosponsor>, <cosponsor name-id="S000480">Ms. Slaughter</cosponsor>, <cosponsor name-id="C001068">Mr. Cohen</cosponsor>, and <cosponsor name-id="L000397">Ms. Lofgren</cosponsor>) introduced the following bill; which was referred to the <committee-name committee-id="HGO00">Committee on Oversight and Government Reform</committee-name>, and in addition to the Committee on <committee-name committee-id="HWM00">Ways and Means</committee-name>, for a period to be subsequently determined by the Speaker, in each case for consideration of such
			 provisions as fall within the jurisdiction of the committee concerned</action-desc></action><legis-type>A BILL</legis-type><official-title display="yes">To require the disclosure of the Federal income tax returns of the President.</official-title></form>
	<legis-body id="HB8EB11DBC67E496E8AA8E20C7F5194AE" style="OLC">
 <section id="H693171D9024842AD9A09E84EFD2784FE" section-type="section-one"><enum>1.</enum><header>Short title</header><text display-inline="no-display-inline">This Act may be cited as <quote><short-title>Presidential Tax Disclosure Act of 2017</short-title></quote>.</text> </section><section id="H4CD68F83386F4A3AA77DA14CE3EEE17B"><enum>2.</enum><header>Disclosure of Federal income tax returns of the President</header> <subsection id="HACE7304AFFF54CDF912DB34ADF56B0D2"><enum>(a)</enum><header>In general</header><text display-inline="yes-display-inline">Any individual holding the office of President shall submit to the Director of the Office of Government Ethics a copy of each Federal income tax return filed by such individual with the Internal Revenue Service for any taxable year ending during the period such individual holds such office. Such copy shall be so submitted not later than the earlier of the date which is 90 days after such return is so filed or the end of the calendar year in which such return is so filed.</text>
 </subsection><subsection id="H0B59C5DA0BFD49F6A07A5055C24B7AB6"><enum>(b)</enum><header>Application to certain prior year returns</header><text display-inline="yes-display-inline">Not later than 90 days after an individual first assumes the office of President, such individual shall submit to the Director of the Office of Government Ethics a copy of each Federal income tax return filed by such individual with the Internal Revenue Service for the 3 most recent taxable years ending before the date on which such individual first assumes such office.</text>
 </subsection><subsection id="H279014B17B474EF8A6E7AEED107785DD"><enum>(c)</enum><header>Public disclosure</header><text display-inline="yes-display-inline">In the case of any Federal income tax return received by the Director of the Office of Government Ethics under subsection (a) or (b) of this section or <external-xref legal-doc="usc" parsable-cite="usc/26/6103">section 6103(l)(23)</external-xref> of the Internal Revenue Code of 1986, the Director shall, not later than 7 business days after receiving such return—</text>
 <paragraph id="H32562F8B3E4041569716492880FF16A2"><enum>(1)</enum><text>make such return publicly available on the Internet; and</text> </paragraph><paragraph id="H1434DF8138434455B257AD25037B5686"><enum>(2)</enum><text>submit such return to the Committees on the Judiciary, Ways and Means, and Oversight and Government Reform of the House of Representatives and to the Committees on the Judiciary and Finance of the Senate.</text>
				</paragraph></subsection><subsection id="HDA4E3BFFF2DA44ABA67431BA264BA452"><enum>(d)</enum><header>Special rules</header>
 <paragraph id="H96EB58E6D8D3425B9D62444F2E80CE52"><enum>(1)</enum><header>Disclosure of entire return</header><text display-inline="yes-display-inline">Any reference in this section to a Federal income tax return includes all schedules, supplements, amendments, and attachments with respect to such return. In the case of any such schedule, supplement, amendment, or attachment which is not filed with the Internal Revenue Service on the same date as the return, such schedule, supplement, amendment, or attachment shall be treated as a separate return for purposes of determining the deadline for submission and disclosure under this section.</text>
 </paragraph><paragraph id="H77151340C8C848FC83A9EB2BF8367FFF"><enum>(2)</enum><header>Permitted redactions</header><text display-inline="yes-display-inline">No information may be redacted from any return submitted or disclosed under this section, except the following information:</text>
 <subparagraph id="H663DD114A01444E496A9B42EE4F33A2C"><enum>(A)</enum><text>Any Social Security number of any individual.</text> </subparagraph><subparagraph id="H2F04004F5DD142258B6096221CD523B5"><enum>(B)</enum><text>Any taxpayer identification number of any person.</text>
 </subparagraph><subparagraph id="H2BACD67334474D858A9B48CDAC2447C6"><enum>(C)</enum><text>Any account identification number.</text> </subparagraph><subparagraph id="HB16AB7632B00403AA715DEBED333AA16"><enum>(D)</enum><text>Any name of any dependent of the taxpayer.</text>
					</subparagraph></paragraph><paragraph id="H7A36ECF9541E4449B06737FD210FD133"><enum>(3)</enum><header>Application to spouses</header>
 <subparagraph id="H99AF4F9030E247CDB8202487C97861D5"><enum>(A)</enum><header>Joint returns</header><text>In the case of any return which is filed jointly with the spouse of any individual, the entire return shall be treated as the return of such individual for purposes of this section.</text>
 </subparagraph><subparagraph id="H0561CAB37A9D44249BC2F2C0AE303387"><enum>(B)</enum><header>Separate returns</header><text>If the spouse of any individual to whom subsection (a) applies files a Federal income tax return which is separate from such individual, this section and <external-xref legal-doc="usc" parsable-cite="usc/26/6103">section 6103(l)(23)</external-xref> of the Internal Revenue Code of 1986 shall apply to such return in the same manner as such section would apply if such return were filed by such individual.</text>
					</subparagraph></paragraph></subsection><subsection id="HD224A7C85ECD44F28CD6CE02F12CDB3F"><enum>(e)</enum><header>Enforcement by Attorney General</header>
 <paragraph id="H1FD3664BBD3447BBA8E093409EB3EBDC"><enum>(1)</enum><text>The Attorney General may bring a civil action in any appropriate United States district court against any individual who knowingly falsifies or who knowingly fails to submit or disclose any information that such individual is required to submit or disclose pursuant to this section or <external-xref legal-doc="usc" parsable-cite="usc/26/6103">section 6103(l)(23)</external-xref> of the Internal Revenue Code of 1986. The court may assess against such individual a civil penalty in an amount of not more than $50,000.</text>
 </paragraph><paragraph id="HC406F27125264224B31FA82C93A3574D"><enum>(2)</enum><text>It shall be unlawful for any person to knowingly—</text> <subparagraph id="H5327465277C14F61881F584B65FA9F5E"><enum>(A)</enum><text>falsify any information that such person is required to submit or disclose under this section or <external-xref legal-doc="usc" parsable-cite="usc/26/6103">section 6103(l)(23)</external-xref> of the Internal Revenue Code of 1986; or</text>
 </subparagraph><subparagraph id="HD680DBB285C2455B96A8F1B09FBCA350"><enum>(B)</enum><text>fail to so submit or disclose such information.</text> </subparagraph></paragraph><paragraph id="HDD12AEA82C864DB4BD0D35525C3A1A8E"><enum>(3)</enum><text>Any person who—</text>
 <subparagraph id="H4CA196FEB6774A39B06EB383D1755554"><enum>(A)</enum><text>violates paragraph (2)(A) shall be fined not more than $50,000, imprisoned for not more than 6 months, or both, and</text>
 </subparagraph><subparagraph id="H774EA5C3D38F4C2D9D5A2EB16226A362"><enum>(B)</enum><text>violates paragraph (2)(B) shall be fined not more than $50,000, imprisoned for not more than 6 months or both.</text>
 </subparagraph></paragraph><paragraph id="HD78FD30F41644BD2874987D7316F61B0"><enum>(4)</enum><text display-inline="yes-display-inline">The Director of the Office of Government Ethics, or any Committee referred to in subsection (c)(2), may refer to the Attorney General the name of any individual which such Director or Committee has reasonable cause to believe has violated paragraph (2).</text>
 </paragraph></subsection><subsection id="H7B2C32D8CA7C4470B1090842D9F3664E"><enum>(f)</enum><header>Alternative disclosure by Secretary of the Treasury</header><text><external-xref legal-doc="usc" parsable-cite="usc/26/6103">Section 6103(l)</external-xref> of the Internal Revenue Code of 1986 is amended by adding at the end the following new paragraph:</text>
				<quoted-block display-inline="no-display-inline" id="HCD3EE9D249984A518007731C56E9DEF1" style="OLC">
					<paragraph id="HA2809FA537F64936B9AF772526612832"><enum>(23)</enum><header>Disclosure of tax returns of the President</header>
 <subparagraph id="HF9C4AB6E0EBA4B48B2BF8C45DC4C3EFF"><enum>(A)</enum><header>In general</header><text>If any Federal income tax return required to be submitted to the Director of the Office of Government Ethics under subsection (a) or (b) of section 2 of the <short-title>Presidential Tax Disclosure Act of 2017</short-title> is not so submitted before the date specified in such subsection with respect to such submission (or if any such return so submitted is incomplete or inaccurate), the Secretary shall disclose such return to the Director of the Office of Government Ethics not later than 30 days after such date.</text>
 </subparagraph><subparagraph id="HEAAE4F1026124D63B98A069389E55434"><enum>(B)</enum><header>Redactions; etc</header><text>Rules similar to the rules of section 2(d) of the <short-title>Presidential Tax Disclosure Act of 2017</short-title> shall apply for purposes of this paragraph, except that the Secretary shall redact the information described in subparagraphs (A) through (D) of paragraph (2) of such section before disclosing such return under subparagraph (A).</text>
 </subparagraph><subparagraph id="H9B66FAC543DC4AA78364208E23F85F43"><enum>(C)</enum><header>Redisclosure</header><text>Return information disclosed under subparagraph (A) may be redisclosed by the Director of the Office of Government Ethics as provided in section 2(c) of the <short-title>Presidential Tax Disclosure Act of 2017</short-title>.</text></subparagraph></paragraph><after-quoted-block>.</after-quoted-block></quoted-block>
 </subsection><subsection id="H9F9D3D7BA35345E1A1EAD27BBF081383"><enum>(g)</enum><header>Effective date</header><text display-inline="yes-display-inline">This section, and the amendments made by this section, shall apply with respect to individuals assuming the office of President after December 31, 2016.</text>
			</subsection></section></legis-body></bill>


