<?xml version="1.0"?>
<?xml-stylesheet type="text/xsl" href="billres.xsl"?>
<!DOCTYPE bill PUBLIC "-//US Congress//DTDs/bill.dtd//EN" "bill.dtd">
<bill bill-stage="Introduced-in-House" bill-type="olc" dms-id="H161E4F3737E64064868EC5AABE5AB837" key="H" public-private="public"><metadata xmlns:dc="http://purl.org/dc/elements/1.1/">
<dublinCore>
<dc:title>115 HR 68 IH: Tiffany Joslyn Juvenile Accountability Block Grant Program Reauthorization Act of 2017</dc:title>
<dc:publisher>U.S. House of Representatives</dc:publisher>
<dc:date>2017-01-03</dc:date>
<dc:format>text/xml</dc:format>
<dc:language>EN</dc:language>
<dc:rights>Pursuant to Title 17 Section 105 of the United States Code, this file is not subject to copyright protection and is in the public domain.</dc:rights>
</dublinCore>
</metadata>
<form>
<distribution-code display="yes">I</distribution-code><congress display="yes">115th CONGRESS</congress><session display="yes">1st Session</session><legis-num display="yes">H. R. 68</legis-num><current-chamber>IN THE HOUSE OF REPRESENTATIVES</current-chamber><action display="yes"><action-date date="20170103">January 3, 2017</action-date><action-desc><sponsor name-id="J000032">Ms. Jackson Lee</sponsor> introduced the following bill; which was referred to the <committee-name committee-id="HJU00">Committee on the Judiciary</committee-name></action-desc></action><legis-type>A BILL</legis-type><official-title display="yes">To amend the Omnibus Crime Control and Safe Streets Act of 1968 to reauthorize the Juvenile
			 Accountability Block Grant program, and for other purposes.</official-title></form>
	<legis-body id="HBE79A4D8E157486CB53801533EF5DDFC" style="OLC">
 <section id="HE356581BDE8A4D739DF036E2402BFA4E" section-type="section-one"><enum>1.</enum><header>Short title</header><text display-inline="no-display-inline">This Act may be cited as the <quote><short-title>Tiffany Joslyn Juvenile Accountability Block Grant Program Reauthorization Act of 2017</short-title></quote>.</text> </section><section id="H7A8EAC9763E4435799A8375AD09EC4E9"><enum>2.</enum><header>Reauthorization of Juvenile Accountability Block Grant Program</header><text display-inline="no-display-inline">Part R of title I of the Omnibus Crime Control and Safe Streets Act of 1968 (<external-xref legal-doc="usc" parsable-cite="usc/42/3796ee">42 U.S.C. 3796ee et seq.</external-xref>) is amended—</text>
 <paragraph id="H87D08365D92649E18F4DF7CAF4F68EE1"><enum>(1)</enum><text>in section 1801(b)—</text> <subparagraph id="HDD572CD429FA4EE4AFBD836EC1BB1978"><enum>(A)</enum><text>in paragraph (1), by striking <quote>graduated sanctions</quote> and inserting <quote>graduated sanctions and incentives</quote>;</text>
 </subparagraph><subparagraph id="HB5B33EB3C5AB429183C43606AFFB37FC"><enum>(B)</enum><text>in paragraph (3), by striking <quote>hiring juvenile court judges, probation officers, and court-appointed defenders and special advocates, and</quote>;</text>
 </subparagraph><subparagraph id="H8EE34C8A31A948D19A9F8316DCE9FEC5"><enum>(C)</enum><text>by striking paragraphs (4) and (7), and redesignating paragraphs (5) through (17) as paragraphs (4) through (15), respectively; and</text>
 </subparagraph><subparagraph id="HFF08A027C35346A1BE96A8A6FC4768D8"><enum>(D)</enum><text display-inline="yes-display-inline">in paragraph (11), as so redesignated, by striking <quote>research-based bullying, cyberbullying, and gang prevention programs</quote> and inserting <quote>interventions such as researched-based anti-bullying, anti-cyberbullying, and gang prevention programs, as well as mental health services and trauma-informed practices</quote>;</text>
 </subparagraph></paragraph><paragraph id="HF04C147EAC75453C8B00EA1EC30C9051"><enum>(2)</enum><text>in section 1802—</text> <subparagraph id="H6B2870A153664ECA87B05CCA09043AEC"><enum>(A)</enum><text>in subsection (d)(3), by inserting after <quote>individualized sanctions</quote> the following: <quote>, incentives,</quote>;</text>
 </subparagraph><subparagraph id="HDE33A9FC10614EEDA2AF306020ED4691"><enum>(B)</enum><text>in subsection (e)(1)(B), by striking <quote>graduated sanctions</quote> and inserting <quote>graduated sanctions and incentives</quote>; and</text> </subparagraph><subparagraph id="H13D2606B880144D0BC95089A2C39672C"><enum>(C)</enum><text>in subsection (f)—</text>
 <clause id="H4D7FD74831184AA38E0167887AB80966"><enum>(i)</enum><text>in paragraph (2)—</text> <subclause id="HB51A21E94A5E4E509545DA2A97E185C5"><enum>(I)</enum><text>by inserting after <quote>A sanction may include</quote> the following: <quote>a range of court-approved interventions, such as</quote>; and</text>
 </subclause><subclause id="H2299EBC2D9634178B98F44052A2AF3AD"><enum>(II)</enum><text>by inserting after <quote>a fine,</quote> the following: <quote>a restorative justice program,</quote>; and</text> </subclause></clause><clause id="HFB10FEBB9A0C40FDB58BD07075C06E2F"><enum>(ii)</enum><text>by inserting after paragraph (2) the following:</text>
						<quoted-block display-inline="no-display-inline" id="H97075DD65BC447DBAA90BAD57A65AA65" style="OLC">
 <paragraph id="H780EE33AA1534D6F8AF4B66F485AF985"><enum>(3)</enum><header>Incentives</header><text display-inline="yes-display-inline">The term <term>incentives</term> means individualized, goal-oriented, and graduated responses to a juvenile offender’s compliance with court orders and case disposition terms designed to reinforce or modify the skills and behaviors of the juvenile offender. An incentive may include a certificate of achievement, a letter of recommendation, a family or program activity, a meeting or special outing with a community leader, a reduction in community service hours, a reduced curfew or home restriction, a decrease in required court appearances, or a decrease in the term of court-ordered supervision.</text></paragraph><after-quoted-block>; </after-quoted-block></quoted-block>
 </clause></subparagraph></paragraph><paragraph id="H6B8F2EEC96DD42AAB3EA108AB819EBE7"><enum>(3)</enum><text>in section 1810(a), by striking <quote>$350,000,000 for each of fiscal years 2006 through 2009</quote> and inserting <quote>$25,000,000 for each of fiscal years 2018 through 2022</quote>; and</text> </paragraph><paragraph id="H6B9E94023B454BBBA6BB574328786DD2"><enum>(4)</enum><text>by adding at the end the following:</text>
				<quoted-block display-inline="no-display-inline" id="H2519AD6998054375B961D99507410E62" style="OLC">
					<section id="HB3E4F5E5B1CE4AC2A7299E3C1A514D44"><enum>1811.</enum><header>Grant accountability</header>
 <subsection id="HE6CB5B4B8F724F2DAC70D5085F667EC0"><enum>(a)</enum><header>Definition of applicable committees</header><text>In this section, the term <term>applicable committees</term> means—</text> <paragraph id="HF3A8B4FA4CC04F26AD60C4872A92E4F4"><enum>(1)</enum><text>the Committee on the Judiciary of the Senate; and</text>
 </paragraph><paragraph id="H4DFF5D7F7D5743ADB3395043ACA187FE"><enum>(2)</enum><text>the Committee on the Judiciary of the House of Representatives.</text> </paragraph></subsection><subsection id="H3FC742B10AB24267AC84A83844ECE88C"><enum>(b)</enum><header>Accountability</header><text>All grants awarded by the Attorney General under this part shall be subject to the following accountability provisions:</text>
							<paragraph id="HCEB95295AEB348399C05991B81C2FECE"><enum>(1)</enum><header>Audit requirement</header>
 <subparagraph id="H79E36A9FD1D34C0AB2C9DB8D46E4F418"><enum>(A)</enum><header>Definition</header><text>In this paragraph, the term <term>unresolved audit finding</term> means a finding in the final audit report of the Inspector General of the Department of Justice that the audited grantee has utilized grant funds for an unauthorized expenditure or otherwise unallowable cost that is not closed or resolved within 12 months after the date on which the final audit report is issued.</text>
 </subparagraph><subparagraph id="H7AF3E3BCE2674D3AA5AC27D11D923380"><enum>(B)</enum><header>Audit</header><text>Beginning in the first fiscal year beginning after the date of enactment of this section, and in each fiscal year thereafter, the Inspector General of the Department of Justice shall conduct audits of recipients of grants awarded by the Attorney General under this part to prevent waste, fraud, and abuse of funds by grantees. The Inspector General shall determine the appropriate number of grantees to be audited each year.</text>
 </subparagraph><subparagraph id="H33FD91CF0B134758B606D6CE2BE707FD"><enum>(C)</enum><header>Mandatory exclusion</header><text>A recipient of grant funds under this part that is found to have an unresolved audit finding shall not be eligible to receive grant funds under this part during the first 2 fiscal years beginning after the end of the 12-month period described in subparagraph (A).</text>
 </subparagraph><subparagraph id="HCD5BC870C80F438F974DB0A856BAEA7E"><enum>(D)</enum><header>Priority</header><text>In awarding grants under this part, the Attorney General shall give priority to eligible applicants that did not have an unresolved audit finding during the 3 fiscal years before submitting an application for a grant under this part.</text>
 </subparagraph><subparagraph id="HF7359A2F88424E7180D79030E767718B"><enum>(E)</enum><header>Reimbursement</header><text>If an entity is awarded grant funds under this part during the 2-fiscal-year period during which the entity is barred from receiving grants under subparagraph (C), the Attorney General shall—</text>
 <clause id="H429BFAF0393648708961E730176CB1A5"><enum>(i)</enum><text>deposit an amount equal to the amount of the grant funds that were improperly awarded to the grantee into the General Fund of the Treasury; and</text>
 </clause><clause id="H483B0DEDAFE8489E95A4B96893E99E37"><enum>(ii)</enum><text>seek to recoup the costs of the repayment to the fund from the grant recipient that was erroneously awarded grant funds.</text>
 </clause></subparagraph></paragraph><paragraph id="H29DE7592CC234A498FF541A0AE23EB8C"><enum>(2)</enum><header>Annual certification</header><text>Beginning in the first fiscal year beginning after the date of enactment of this section, the Attorney General shall submit to the applicable committees an annual certification—</text>
 <subparagraph id="HA7C1B52237F54D04ADF1F687BE7096CA"><enum>(A)</enum><text>indicating whether—</text> <clause id="HAB315F4F6EDF4F299A1AFF46B351BDE0"><enum>(i)</enum><text>all audits issued by the Inspector General of the Department of Justice under paragraph (1) have been completed and reviewed by the appropriate Assistant Attorney General or Director;</text>
 </clause><clause id="H69012D7A88CC40E88BB965A7E0ECA9B6"><enum>(ii)</enum><text>all mandatory exclusions required under paragraph (1)(C) have been issued; and</text> </clause><clause id="H63F9380325704C67A3D327716CD32EA4"><enum>(iii)</enum><text>all reimbursements required under paragraph (1)(E) have been made; and</text>
 </clause></subparagraph><subparagraph id="H9F7514224FB7456691156DFA01708E5F"><enum>(B)</enum><text>that includes a list of any grant recipients excluded under paragraph (1) from the previous year.</text> </subparagraph></paragraph></subsection><subsection id="HDAED638FFC674239992C37F85D84B035"><enum>(c)</enum><header>Preventing duplicative grants</header> <paragraph id="HD0B398B13A8F4B25963B452E99696257"><enum>(1)</enum><header>In general</header><text>Before the Attorney General awards a grant to an applicant under this part, the Attorney General shall compare potential grant awards with other grants awarded under this part by the Attorney General to determine if duplicate grant awards are awarded for the same purpose.</text>
 </paragraph><paragraph id="HC0BC9015322C407E94865016632B5B63"><enum>(2)</enum><header>Report</header><text>If the Attorney General awards duplicate grants under this part to the same applicant for the same purpose, the Attorney General shall submit to the applicable committees a report that includes—</text>
 <subparagraph id="H754085375FE540C6B48E935EFEACCFB8"><enum>(A)</enum><text>a list of all duplicate grants awarded under this part, including the total dollar amount of any duplicate grants awarded; and</text>
 </subparagraph><subparagraph id="H01A333361ECB47FAB220D367B4559337"><enum>(B)</enum><text>the reason the Attorney General awarded the duplicate grants.</text></subparagraph></paragraph></subsection></section><after-quoted-block>.</after-quoted-block></quoted-block> </paragraph></section><section id="H2DDD6D4C67B54AD2B063DB0C2E79E0E6"><enum>3.</enum><header>Sense of Congress</header><text display-inline="no-display-inline">It is the sense of the Congress that the use of best practices is encouraged for all activities for which grants under part R of title I of the Omnibus Crime Control and Safe Streets Act of 1968 may be used.</text>
		</section><section id="HAAE9049554FC40DD8EA105911726C515"><enum>4.</enum><header>Use of amounts made available for Department of Justice, General Administration to carry out
 Juvenile Accountability Block Grant Program</header><text display-inline="no-display-inline">In each of fiscal years 2018 through 2022, the Attorney General shall use up to $25,000,000 of the amounts made available for Department of Justice, General Administration, to carry out part R of title I of the Omnibus Crime Control and Safe Streets Act of 1968 (<external-xref legal-doc="usc" parsable-cite="usc/42/3796ee">42 U.S.C. 3796ee et seq.</external-xref>).</text>
		</section></legis-body></bill>


