<?xml version="1.0"?>
<?xml-stylesheet type="text/xsl" href="billres.xsl"?>
<!DOCTYPE bill PUBLIC "-//US Congress//DTDs/bill.dtd//EN" "bill.dtd">
<bill bill-stage="Introduced-in-House" bill-type="olc" dms-id="HB0F929A70DA5433DA31391545F736B55" key="H" public-private="public"><metadata xmlns:dc="http://purl.org/dc/elements/1.1/">
<dublinCore>
<dc:title>115 HR 403 IH: Ensuring the Safety of Our Military Aviators Act of 2017</dc:title>
<dc:publisher>U.S. House of Representatives</dc:publisher>
<dc:date>2017-01-10</dc:date>
<dc:format>text/xml</dc:format>
<dc:language>EN</dc:language>
<dc:rights>Pursuant to Title 17 Section 105 of the United States Code, this file is not subject to copyright protection and is in the public domain.</dc:rights>
</dublinCore>
</metadata>
<form>
<distribution-code display="yes">I</distribution-code><congress display="yes">115th CONGRESS</congress><session display="yes">1st Session</session><legis-num display="yes">H. R. 403</legis-num><current-chamber>IN THE HOUSE OF REPRESENTATIVES</current-chamber><action display="yes"><action-date date="20170110">January 10, 2017</action-date><action-desc><sponsor name-id="F000460">Mr. Farenthold</sponsor> introduced the following bill; which was referred to the <committee-name committee-id="HAS00">Committee on Armed Services</committee-name>, and in addition to the Committee on <committee-name committee-id="HPW00">Transportation and Infrastructure</committee-name>, for a period to be subsequently determined by the Speaker, in each case for consideration of such
			 provisions as fall within the jurisdiction of the committee concerned</action-desc></action><legis-type>A BILL</legis-type><official-title display="yes">A bill to limit the construction or alterations of wind turbines near a military airbase or
			 military airfield.</official-title></form>
	<legis-body id="HAA1BE1B39ED5463396E5B6D1FD2D4AEF" style="OLC">
 <section id="HC944A08009CF4E67A389E75509096807" section-type="section-one"><enum>1.</enum><header>Short title</header><text display-inline="no-display-inline">This Act may be cited as the <quote><short-title>Ensuring the Safety of Our Military Aviators Act of 2017</short-title></quote>.</text> </section><section id="HB030CA97408E4BF1879606CEEE8A7038" section-type="subsequent-section"><enum>2.</enum><header>Prohibition of certain wind turbine projects</header><text display-inline="no-display-inline">Notwithstanding any other provision of law or any determination by the Secretary of Transportation, the Secretary of Defense shall not approve any application for the construction or alteration of a wind turbine if such turbine is proposed to be constructed or altered within 25 miles of a military airbase or military airfield.</text>
		</section></legis-body></bill>


