<?xml version="1.0"?>
<?xml-stylesheet type="text/xsl" href="billres.xsl"?>
<!DOCTYPE bill PUBLIC "-//US Congress//DTDs/bill.dtd//EN" "bill.dtd">
<bill bill-stage="Introduced-in-House" dms-id="H8F0BB791584442AFBE940824FB0FCD58" public-private="public" key="H" bill-type="olc"><form><distribution-code display="yes">I</distribution-code><congress display="yes">115th CONGRESS</congress><session display="yes">1st Session</session><legis-num display="yes">H. R. 63</legis-num><current-chamber>IN THE HOUSE OF REPRESENTATIVES</current-chamber><action display="yes"><action-date date="20170103">January 3, 2017</action-date><action-desc><sponsor name-id="J000032">Ms. Jackson Lee</sponsor> introduced the following bill; which was referred to the <committee-name committee-id="HWM00">Committee on Ways and Means</committee-name>, and in addition to the Committee on <committee-name committee-id="HVR00">Veterans' Affairs</committee-name>, for a period to be subsequently determined by the Speaker, in each case for consideration of such provisions as fall within the jurisdiction of the committee concerned</action-desc></action><legis-type>A BILL</legis-type><official-title display="yes">To amend the Internal Revenue Code of 1986 to provide a tax credit to encourage private employers to hire veterans, to amend title 38, United States Code, to clarify the reasonable efforts an employer may make under the Uniformed Services Employment and Reemployment Rights Act with respect to hiring veterans, and for other purposes.</official-title></form><legis-body id="H10AF4289D81848AAA1B2783F91B2B67A" style="OLC"> 
<section id="H88129232B50740FD8CFD40D424E079DE" section-type="section-one"><enum>1.</enum><header>Short title; findings</header> 
<subsection id="H2630C4CA48ED44F7BBD3671E89E65CCC"><enum>(a)</enum><header>Short title</header><text display-inline="yes-display-inline">This Act may be cited as the <quote><short-title>Helping to Encourage Real Opportunity for Veterans Transitioning from Battlespace to Workplace Act of 2017</short-title></quote> or the <quote><short-title>HERO Transition from Battlespace to Workplace Act of 2017</short-title></quote>.</text></subsection> <subsection id="H1FA7A2F251DE40E990994F1AD6D1BD22"><enum>(b)</enum><header>Findings</header><text display-inline="yes-display-inline">Congress finds the following:</text> 
<paragraph id="HF0B824167DB243889DF8F6D76DD2D163"><enum>(1)</enum><text display-inline="yes-display-inline">The majority of men and women transitioning from the Armed Services to the civilian sector have experienced difficulty in making the transition and regard their greatest challenge to be finding a job that is meaningful to them even though nearly 90 percent of them believe they have the general skills needed to land their ideal job such as problem solving, leadership, ethics, and time management and most believe they possess specific marketable skills, such as information technology, health care, mechanical, and aviation.</text></paragraph> <paragraph id="H1A5F96910B064D00AF59673314761221"><enum>(2)</enum><text display-inline="yes-display-inline">Among the biggest challenges veterans face in securing suitable employment in the civilian sector are: overcoming the difficulty in translating to employers the value of the skills they learned in the military; competing with candidates who have been in the workforce longer; the perceived reluctance of employers to hire due to concerns about multiple deployments or military training and time commitments of the Reserve Component; and fears of dealing with veterans’ disabilities.</text></paragraph> 
<paragraph id="H002234F14723474EBAEC1BEFE69FA372"><enum>(3)</enum><text display-inline="yes-display-inline">Studies have shown that more than 80 percent of veterans transitioning from military service to the civilian sector regard employer-provided veteran support programs as <quote>critical</quote> or <quote>important</quote> to their success and believe it is important for employers to provide flexible leave for the health issues they face.</text></paragraph></subsection></section> <section commented="no" id="H88FD38F7E75F4DBD8DA8B60430C79823" section-type="subsequent-section"><enum>2.</enum><header>Tax credit for military relations managers</header> <subsection id="H4C9F2968A5D04C79872C720C096C580C"><enum>(a)</enum><header>In general</header><text>Subpart D of part IV of subchapter A of <external-xref legal-doc="usc-chapter" parsable-cite="usc-chapter/26/1">chapter 1</external-xref> of the Internal Revenue Code of 1986 (relating to business-related credits) is amended by adding at the end the following new section:</text> 
<quoted-block display-inline="no-display-inline" id="H367DC1AD67A145838B045D303AECDDA6" style="OLC"> 
<section id="HCE2C8A5B58774B0D988933249897A0A4"><enum>45S.</enum><header>Military Relations Manager</header> 
<subsection id="HE62E2F3B24784C5699A17F515D2D49E1"><enum>(a)</enum><header>Allowance of credit</header><text display-inline="yes-display-inline">For purposes of section 38, in the case of an employer, the military relations manager tax credit determined under this section for a taxable year is an amount equal to $1,000 multiplied by the number of veterans—</text> <paragraph id="HB9A9C08534554AF9B36F5304D01702B2"><enum>(1)</enum><text>who begin work for the employer in the taxable year or preceding taxable year of the employer, and</text></paragraph> 
<paragraph id="H8C080807F8EC4B33AE5B09B9D444F238"><enum>(2)</enum><text>with respect to whom a qualified military relations manager is exercising the duties described in section 4303(17)(B) of title 38, United States Code.</text></paragraph></subsection> <subsection id="H13FAAA978A0B4FF38AD68E8F616397B7"><enum>(b)</enum><header>Limitations</header> <paragraph id="H68D873DBBC3943B7A4FB7F31A012C3B4"><enum>(1)</enum><header>Maximum number of veterans per military relations manager</header><text>Not more than 25 veterans hired in a taxable year may be taken into account under subsection (a) for each qualified military relations manager.</text></paragraph> 
<paragraph id="HD2CA4EA2559648FD851EAC46106CFD95"><enum>(2)</enum><header>Minimum service with employer</header><text display-inline="yes-display-inline">A veteran may not be taken into account for purposes of subsection (a) until the veteran has provided continuous service for the employer for the 8-month period beginning on the day the veteran first begins work with the employer and with respect to whom the qualified military relations manager is exercising the duties described in section 4303(17)(B) of title 38, United States Code.</text></paragraph></subsection> <subsection id="HD31D63807E354DD08DA1E7CE27BADA70"><enum>(c)</enum><header>Definitions</header><text>For purposes of this section—</text> 
<paragraph id="HE012D89BFC6346329503240BB4882F2B"><enum>(1)</enum><header>Qualified military relations manager</header><text display-inline="yes-display-inline">For purposes of this section, the term <term>qualified military relations manager</term> means, with respect to an employer, a military relations manager with the qualities described in section 4303(17)(A) of title 38, United States Code, who has been designated by the taxpayer to participate in the hiring process and who carries out the duties described in section 4303(17)(B) of such Code.</text></paragraph> <paragraph id="H0B411CDC8E9846E092CE07FB42105719"><enum>(2)</enum><header>Veteran</header><text>The term <term>veteran</term> has the meaning given such term by section 101(2) of title 38, United States Code.</text></paragraph></subsection> 
<subsection id="HC981B658FB3043819AC2671B2BD30C74"><enum>(d)</enum><header>Aggregation rule for employer</header><text display-inline="yes-display-inline">All persons treated as a single employer for purposes of subsection (a) or (b) of section 52 shall be treated as one person for purposes of this section.</text></subsection> <subsection id="HE63A6AC4434C44B1BB8DDC7AAD22ED23"><enum>(e)</enum><header>Regulations</header><text>The Secretary shall prescribe such regulations or other guidance as the Secretary determines necessary or appropriate to carry out this section.</text></subsection></section><after-quoted-block>.</after-quoted-block></quoted-block></subsection> 
<subsection id="HE9E833A677A641F9BB678D6FB038D1F2"><enum>(b)</enum><header>Credit made part of general business credit</header><text>Subsection (b) of section 38 of such Code is amended by striking <quote>plus</quote> at the end of paragraph (35), by striking the period at the end of paragraph (36) and inserting <quote>, plus</quote>, and by adding at the end the following new paragraph:</text> <quoted-block id="H3786EAF717A04C868A3D07DF2C92FF45" style="OLC"> <paragraph id="HD9FB797AFC5540E78AC01C09E0A9B533"><enum>(37)</enum><text display-inline="yes-display-inline">the military relations manager tax credit determined under section 45S(a).</text></paragraph><after-quoted-block>.</after-quoted-block></quoted-block></subsection> 
<subsection display-inline="no-display-inline" id="H6373AD89D3BE4890AF4FD1D0CEBC8905"><enum>(c)</enum><header>Clerical amendment</header><text>The table of sections for subpart D of part IV of subchapter A of chapter 1 of such Code is amended by adding at the end the following new item:</text> <quoted-block display-inline="no-display-inline" id="H91015B9128EA4B7EBDCD9E4158094B26" style="OLC"> <toc container-level="quoted-block-container" idref="H367DC1AD67A145838B045D303AECDDA6" lowest-bolded-level="division-lowest-bolded" lowest-level="section" quoted-block="no-quoted-block" regeneration="yes-regeneration"> <toc-entry idref="HCE2C8A5B58774B0D988933249897A0A4" level="section">Sec. 45S. Military Relations Manager.</toc-entry></toc><after-quoted-block>.</after-quoted-block></quoted-block></subsection> <subsection id="H860FA6423A574974AFE0467CFF07E3E3"><enum>(d)</enum><header>Effective date</header><text>The amendments made by this section shall apply to taxable years beginning after the date of the enactment of this Act.</text></subsection></section> 
<section id="HF73ADC1539324206A1E8FF4E84F9B602"><enum>3.</enum><header>Hiring of veterans</header> 
<subsection id="HFC20FDDF744E4B73B3654C65C922373B"><enum>(a)</enum><header>Improvements to USERRA</header> 
<paragraph id="H4D5CB18268B6470E988F14F1014F165C"><enum>(1)</enum><header>Reasonable efforts of employer</header><text>Section 4303 of title 38, United States Code, is amended—</text> <subparagraph id="HD9B430EE60304D88A963A3358F8D633E"><enum>(A)</enum><text>in paragraph (10), by inserting before the period at the end the following: <quote>, and may include designating an employee as a military relations manager and using the military skills translator database</quote>; and</text></subparagraph> 
<subparagraph id="H9E2967B76A9D4828B78D38668C351D5E"><enum>(B)</enum><text>by adding at the end the following new paragraphs:</text> <quoted-block display-inline="no-display-inline" id="HD289A5CA4A4740E0B0FEB02DCC18A987" style="USC"> <paragraph id="H08E44EA778514ECAAFC07F76878B0099"><enum>(17)</enum><text>The term <term>military relations manager</term> means an individual employed by an employer—</text> 
<subparagraph id="H78081ECB7F95423389A3665216EBA9D5"><enum>(A)</enum><text>who is an expert in—</text> <clause id="H8D31C7C504274D15A2FA3F97510156E7"><enum>(i)</enum><text>the process of transitioning from being a member of the Armed Forces to being a civilian; and</text></clause> 
<clause id="H322FB152F23A450E99EC142DB2DC7042"><enum>(ii)</enum><text display-inline="yes-display-inline">translating the skills, experience, and training gained in the Armed Forces to skills, experience, and training needed in the private sector; and</text></clause></subparagraph> <subparagraph id="H271A2D3E2A3C4BE3A9C8A28D15A6BD65"><enum>(B)</enum><text>whose duties include—</text> 
<clause id="H08085F97826B42C2A7A09B864555F2A0"><enum>(i)</enum><text>acting as a liaison between the employer and individuals covered under this chapter;</text></clause> <clause id="H18960BD72519432BA08E5F046E4AB52D"><enum>(ii)</enum><text>assisting the human resources personnel of the employer in evaluating individuals covered under this chapter seeking employment with the employer, including by using the military skills translator database; and</text></clause> 
<clause id="H6AAB037403384FBEB178C483BE11199D"><enum>(iii)</enum><text display-inline="yes-display-inline">serving as a mentor to individuals covered under this chapter who are employees of the employer.</text></clause></subparagraph></paragraph> <paragraph id="HE545057F92214EA4838E2AAAAF94B915"><enum>(18)</enum><text display-inline="yes-display-inline">The term <term>military skills translator database</term> means the database that the Secretary of Veterans Affairs maintains on a public Internet website to assist veterans, explain how skills, experience, and training gained in the Armed Forces relates to civilian skills, experiences, and training.</text></paragraph><after-quoted-block>.</after-quoted-block></quoted-block></subparagraph></paragraph> 
<paragraph id="HDFED331C67074181B5714836F506E2D7"><enum>(2)</enum><header>Compliance</header><text>Section 4322(d) of title 38, United States Code, is amended by adding after the period at the end the following new sentence: <quote>Such compliance may include the employer designating an employee to act as a military relations manager and using the military skills translator database maintained by the Secretary of Veterans Affairs when assessing a person for initial employment.</quote>.</text></paragraph></subsection> <subsection id="HE9B77D851E2C48B180F68383113F2B20"><enum>(b)</enum><header>Military skills translator database</header><text>The Secretary of Veterans Affairs shall—</text> 
<paragraph id="H150F2779F9354BEE852E0384805CAAF8"><enum>(1)</enum><text>ensure that the military skills translator database (as defined by section 4303(18) of title 38, United States Code, as added by subsection (a)(1)(B)) may be used by civilian employers to better understand the skills, experience, and training of a veteran who seeks employment with the employer; and</text></paragraph> <paragraph id="H9A3E9A493F0F4D56AAAC54AEC94C6D08"><enum>(2)</enum><text>conduct outreach to inform civilian employers of such database.</text></paragraph></subsection></section> 
</legis-body></bill>

