<?xml version="1.0"?>
<?xml-stylesheet type="text/xsl" href="billres.xsl"?>
<!DOCTYPE bill PUBLIC "-//US Congress//DTDs/bill.dtd//EN" "bill.dtd">
<bill bill-stage="Referred-in-Senate" bill-type="olc" dms-id="H4D2AF0A9D26344FEA49958BD4F73F103" public-private="public" stage-count="1">
	<metadata xmlns:dc="http://purl.org/dc/elements/1.1/">
<dublinCore>
<dc:title>115 HR 239 : Support for Rapid Innovation Act of 2017</dc:title>
<dc:publisher>U.S. House of Representatives</dc:publisher>
<dc:date>2017-01-11</dc:date>
<dc:format>text/xml</dc:format>
<dc:language>EN</dc:language>
<dc:rights>Pursuant to Title 17 Section 105 of the United States Code, this file is not subject to copyright protection and is in the public domain.</dc:rights>
</dublinCore>
</metadata>
<form>
		<distribution-code display="yes">IIB</distribution-code>
		<congress>115th CONGRESS</congress>
		<session>1st Session</session>
		<legis-num>H. R. 239</legis-num>
		<current-chamber display="yes">IN THE SENATE OF THE UNITED STATES</current-chamber>
		<action><action-date date="20170111">January 11, 2017</action-date><action-desc> Received; read twice and referred to the <committee-name committee-id="SSGA00">Committee on Homeland Security and Governmental Affairs</committee-name></action-desc></action><legis-type>AN ACT</legis-type>
		<official-title display="yes">To amend the Homeland Security Act of 2002 to provide for innovative research and development, and
			 for other purposes.</official-title>
	</form>
	<legis-body id="HAE2D8907B7F54948B9930A306E76826B" style="OLC">
 <section id="HE79FA69D161D4E4B898121D02B4C0F83" section-type="section-one"><enum>1.</enum><header>Short title</header><text display-inline="no-display-inline">This Act may be cited as the <quote><short-title>Support for Rapid Innovation Act of 2017</short-title></quote>.</text> </section><section id="H251890BDC0EA4E43A2BC671DEDFC0213"><enum>2.</enum><header>Cybersecurity research and development projects</header> <subsection id="H92E20F3CD112418E86A9E42D0B7200D2"><enum>(a)</enum><header>Cybersecurity research and development</header> <paragraph id="H2C978E5B5B7D4F7BA5E34DB66C29C241"><enum>(1)</enum><header>In general</header><text display-inline="yes-display-inline">Title III of the Homeland Security Act of 2002 (<external-xref legal-doc="usc" parsable-cite="usc/6/181">6 U.S.C. 181 et seq.</external-xref>) is amended by adding at the end the following new section:</text>
					<quoted-block display-inline="no-display-inline" id="HB014E8956561440597226141098A1EED" style="OLC">
						<section id="H8EC7D346763A43339E42A9339B96FB8E"><enum>321.</enum><header>Cybersecurity research and development</header>
 <subsection id="H94793440CDC14AE1A37F4BC8F6D8ABC0"><enum>(a)</enum><header>In general</header><text>The Under Secretary for Science and Technology shall support the research, development, testing, evaluation, and transition of cybersecurity technologies, including fundamental research to improve the sharing of information, analytics, and methodologies related to cybersecurity risks and incidents, consistent with current law.</text>
 </subsection><subsection id="H7EF699998F034368BA44D91B1E16E7FE"><enum>(b)</enum><header>Activities</header><text>The research and development supported under subsection (a) shall serve the components of the Department and shall—</text>
 <paragraph id="H88CF4D5B06D1476D969D91ACB48728A6"><enum>(1)</enum><text>advance the development and accelerate the deployment of more secure information systems;</text> </paragraph><paragraph id="H83015E61C33F4EE2BBD3985ECF8E6F27"><enum>(2)</enum><text>improve and create technologies for detecting attacks or intrusions, including real-time continuous diagnostics and real-time analytic technologies;</text>
 </paragraph><paragraph id="H3E1CA1EEE3B848C6A4F98466983751D7"><enum>(3)</enum><text>improve and create mitigation and recovery methodologies, including techniques and policies for real-time containment of attacks, and development of resilient networks and information systems;</text>
 </paragraph><paragraph id="H9216F66152ED4AA7AF8024ED6ACE7FF1"><enum>(4)</enum><text>support, in coordination with non-Federal entities, the review of source code that underpins critical infrastructure information systems;</text>
 </paragraph><paragraph id="HE0F1F74EEC064DC3A8FCCC2770660FBC"><enum>(5)</enum><text>develop and support infrastructure and tools to support cybersecurity research and development efforts, including modeling, testbeds, and data sets for assessment of new cybersecurity technologies;</text>
 </paragraph><paragraph id="HE21674BCC29242D987E24772B7593ACD"><enum>(6)</enum><text>assist the development and support of technologies to reduce vulnerabilities in industrial control systems; and</text>
 </paragraph><paragraph id="HC671AAA3D1654F2D932E58FEF050BD0B"><enum>(7)</enum><text>develop and support cyber forensics and attack attribution capabilities.</text> </paragraph></subsection><subsection id="H6AC4632A978342AAA718A1E27C31D234"><enum>(c)</enum><header>Coordination</header><text>In carrying out this section, the Under Secretary for Science and Technology shall coordinate activities with—</text>
 <paragraph id="H1B58C37B62FD472CA35F1095DC22F949"><enum>(1)</enum><text>the Under Secretary appointed pursuant to section 103(a)(1)(H);</text> </paragraph><paragraph id="H5E38C081C5C74674B1ABF98C73CFC178"><enum>(2)</enum><text>the heads of other relevant Federal departments and agencies, as appropriate; and</text>
 </paragraph><paragraph id="H6F43237124AE4720A91885D0EE1BBEDF"><enum>(3)</enum><text>industry and academia.</text> </paragraph></subsection><subsection id="H49F149FD1DD143EB909C2B0C44E74855"><enum>(d)</enum><header>Transition to practice</header><text display-inline="yes-display-inline">The Under Secretary for Science and Technology shall support projects carried out under this title through the full life cycle of such projects, including research, development, testing, evaluation, pilots, and transitions. The Under Secretary shall identify mature technologies that address existing or imminent cybersecurity gaps in public or private information systems and networks of information systems, identify and support necessary improvements identified during pilot programs and testing and evaluation activities, and introduce new cybersecurity technologies throughout the homeland security enterprise through partnerships and commercialization. The Under Secretary shall target federally funded cybersecurity research that demonstrates a high probability of successful transition to the commercial market within two years and that is expected to have a notable impact on the public or private information systems and networks of information systems.</text>
 </subsection><subsection id="H47CEAD67095943CCAAE641EA7B9B0669"><enum>(e)</enum><header>Definitions</header><text>In this section:</text> <paragraph id="HD73D97A660264E9DA86CB40DC9973F2C"><enum>(1)</enum><header>Cybersecurity risk</header><text>The term <quote>cybersecurity risk</quote> has the meaning given such term in section 227.</text>
 </paragraph><paragraph id="HBE02835AB0234920AA36874DFC563187"><enum>(2)</enum><header>Homeland security enterprise</header><text>The term <quote>homeland security enterprise</quote> means relevant governmental and nongovernmental entities involved in homeland security, including Federal, State, local, and tribal government officials, private sector representatives, academics, and other policy experts.</text>
 </paragraph><paragraph id="HE8B4CB5F833944A69538EAE1A65C029C"><enum>(3)</enum><header>Incident</header><text>The term <quote>incident</quote> has the meaning given such term in section 227.</text> </paragraph><paragraph id="H99516184107644C3815AD23E2979AD1E"><enum>(4)</enum><header>Information system</header><text>The term <quote>information system</quote> has the meaning given such term in section 3502(8) of title 44, United States Code.</text></paragraph></subsection></section><after-quoted-block>.</after-quoted-block></quoted-block>
 </paragraph><paragraph id="HB830A0309FC94A5CB7F83629731BDE38"><enum>(2)</enum><header>Clerical amendment</header><text>The table of contents in section 1(b) of the Homeland Security Act of 2002 is amended by inserting after the item relating to second section 319 the following new item:</text>
					<quoted-block display-inline="no-display-inline" id="HE7F09C72072D46EDB8E75877F44D5AFC" style="OLC">
						<toc regeneration="no-regeneration">
							<toc-entry level="section">Sec. 321. Cybersecurity research and development.</toc-entry></toc><after-quoted-block>.</after-quoted-block></quoted-block>
 </paragraph></subsection><subsection id="H96BCC920A2554E14B08ADB345238A0DA"><enum>(b)</enum><header>Research and development projects</header><text display-inline="yes-display-inline">Section 831 of the Homeland Security Act of 2002 (<external-xref legal-doc="usc" parsable-cite="usc/6/391">6 U.S.C. 391</external-xref>) is amended—</text> <paragraph id="HAB414C20610049B39026F9E5134FD3A0"><enum>(1)</enum><text>in subsection (a)—</text>
 <subparagraph id="HF90DB5EAD86D42F6AC7F6B9B2406F44C"><enum>(A)</enum><text>in the matter preceding paragraph (1), by striking <quote>2016</quote> and inserting <quote>2021</quote>;</text> </subparagraph><subparagraph id="H8C66871762214E62BB26C356FF916A28"><enum>(B)</enum><text>in paragraph (1), by striking the last sentence; and</text>
 </subparagraph><subparagraph id="H8A704E0D7DE94E78815F5E98AA04A013"><enum>(C)</enum><text>by adding at the end the following new paragraph:</text> <quoted-block id="HEA7BCC07DA594A6295E2E5ADEAAA5737" style="OLC"> <paragraph id="H3C9D32876E164CD796F12499090A86EF"><enum>(3)</enum><header>Prior approval</header><text>In any case in which the head of a component or office of the Department seeks to utilize the authority under this section, such head shall first receive prior approval from the Secretary by providing to the Secretary a proposal that includes the rationale for the utilization of such authority, the funds to be spent on the use of such authority, and the expected outcome for each project that is the subject of the use of such authority. In such a case, the authority for evaluating the proposal may not be delegated by the Secretary to anyone other than the Under Secretary for Management.</text></paragraph><after-quoted-block>;</after-quoted-block></quoted-block>
 </subparagraph></paragraph><paragraph id="HAF25BFFC62F244FCAEAFF28B1859F791"><enum>(2)</enum><text>in subsection (c)—</text> <subparagraph id="HAEB165A3826545C9A5DF4EDE56E1004B"><enum>(A)</enum><text>in paragraph (1), in the matter preceding subparagraph (A), by striking <quote>2016</quote> and inserting <quote>2021</quote>; and</text>
 </subparagraph><subparagraph id="H05B030B065604A75B798C967138D72F2"><enum>(B)</enum><text>by amending paragraph (2) to read as follows:</text> <quoted-block id="H2EEA0F7C1A714B96937B293B426E237C" style="OLC"> <paragraph id="HABF2BC4427E944EC81506297E35E55DE"><enum>(2)</enum><header>Report</header><text>The Secretary shall annually submit to the Committee on Homeland Security and the Committee on Science, Space, and Technology of the House of Representatives and the Committee on Homeland Security and Governmental Affairs of the Senate a report detailing the projects for which the authority granted by subsection (a) was utilized, the rationale for such utilizations, the funds spent utilizing such authority, the extent of cost-sharing for such projects among Federal and non-Federal sources, the extent to which utilization of such authority has addressed a homeland security capability gap or threat to the homeland identified by the Department, the total amount of payments, if any, that were received by the Federal Government as a result of the utilization of such authority during the period covered by each such report, the outcome of each project for which such authority was utilized, and the results of any audits of such projects.</text></paragraph><after-quoted-block>; and</after-quoted-block></quoted-block>
 </subparagraph></paragraph><paragraph id="HDF03CFCBB2E54B07B6ACCA8EE284C735"><enum>(3)</enum><text>by adding at the end the following new subsection:</text> <quoted-block id="H823E2153AB0344B8A15A9E7BDE012A1A" style="OLC"> <subsection id="HA4C62737F2EE4911B9FDBBAD3A0DAA2D"><enum>(e)</enum><header>Training</header><text display-inline="yes-display-inline">The Secretary shall develop a training program for acquisitions staff on the utilization of the authority provided under subsection (a).</text></subsection><after-quoted-block>.</after-quoted-block></quoted-block>
 </paragraph></subsection><subsection id="H953CA0DFEF2F42E89B5E8C1B2B84C13F"><enum>(c)</enum><header>No additional funds authorized</header><text display-inline="yes-display-inline">No additional funds are authorized to carry out the requirements of this Act and the amendments made by this Act. Such requirements shall be carried out using amounts otherwise authorized.</text>
			</subsection></section></legis-body>
	<attestation><attestation-group><attestation-date chamber="House" date="20170110">Passed the House of Representatives January 10, 2017.</attestation-date><attestor display="yes">Karen L. Haas,</attestor><role>Clerk</role></attestation-group></attestation>
</bill>


