<?xml version="1.0"?>
<?xml-stylesheet type="text/xsl" href="billres.xsl"?>
<!DOCTYPE bill PUBLIC "-//US Congress//DTDs/bill.dtd//EN" "bill.dtd">
<bill bill-stage="Introduced-in-House" bill-type="olc" dms-id="H5189D765FF95479BB609AD323D2F4E5C" key="H" public-private="public"><metadata xmlns:dc="http://purl.org/dc/elements/1.1/">
<dublinCore>
<dc:title>115 HR 485 IH: Ensuring Diverse Leadership Act of 2017</dc:title>
<dc:publisher>U.S. House of Representatives</dc:publisher>
<dc:date>2017-01-12</dc:date>
<dc:format>text/xml</dc:format>
<dc:language>EN</dc:language>
<dc:rights>Pursuant to Title 17 Section 105 of the United States Code, this file is not subject to copyright protection and is in the public domain.</dc:rights>
</dublinCore>
</metadata>
<form>
<distribution-code display="yes">I</distribution-code><congress display="yes">115th CONGRESS</congress><session display="yes">1st Session</session><legis-num display="yes">H. R. 485</legis-num><current-chamber>IN THE HOUSE OF REPRESENTATIVES</current-chamber><action display="yes"><action-date date="20170112">January 12, 2017</action-date><action-desc><sponsor name-id="B001281">Mrs. Beatty</sponsor> (for herself, <cosponsor name-id="W000187">Ms. Maxine Waters of California</cosponsor>, <cosponsor name-id="C000714">Mr. Conyers</cosponsor>, <cosponsor name-id="S001157">Mr. David Scott of Georgia</cosponsor>, and <cosponsor name-id="E000288">Mr. Ellison</cosponsor>) introduced the following bill; which was referred to the <committee-name committee-id="HBA00">Committee on Financial Services</committee-name></action-desc></action><legis-type>A BILL</legis-type><official-title display="yes">To amend the Federal Reserve Act to require Federal Reserve banks to interview at least one
			 individual reflective of gender diversity and one individual reflective of
			 racial or ethnic diversity when appointing Federal Reserve bank
			 presidents, and for other purposes.</official-title></form>
	<legis-body id="HA83285A36BC2465C9301CE8D43B5433E" style="OLC">
 <section id="HA901D161BE0247EC815E249521585B78" section-type="section-one"><enum>1.</enum><header>Short title</header><text display-inline="no-display-inline">This Act may be cited as the <quote><short-title>Ensuring Diverse Leadership Act of 2017</short-title></quote>.</text> </section><section id="H503B1E639DBE4715AA14C2A5C97B9A0C"><enum>2.</enum><header>Congressional Findings</header><text display-inline="no-display-inline">The Congress finds that—</text>
 <paragraph id="H6F75EB02D6A343038871CA0F596C6FA8"><enum>(1)</enum><text display-inline="yes-display-inline">while significant progress has occurred due to the antidiscrimination amendments to the Federal Reserve Act, barriers continue to pose significant obstacles for candidates reflective of gender diversity and racial or ethnic diversity for Federal Reserve bank president positions in the Federal Reserve System;</text>
 </paragraph><paragraph id="H83C0AC25E2CD4423B7C8FBE6BB4A29F9"><enum>(2)</enum><text>the continuing barriers described in paragraph (1) merit the following amendment;</text> </paragraph><paragraph id="HEBE25CC14B9F482FB1C7C4F189A4F704"><enum>(3)</enum><text display-inline="yes-display-inline">Congress has received and reviewed testimony and documentation of the historical lack of gender, racial, and ethnic diversity from numerous sources, including congressional hearings, scientific reports, reports issued by public and private agencies, news stories, and reports of related barriers by organizations and individuals, which show that <linebreak></linebreak>race-, ethnicity-, and gender-neutral efforts alone are insufficient to address the problem;</text>
 </paragraph><paragraph id="H4D4A07127A0C4AAB9ADA362513733BB0"><enum>(4)</enum><text display-inline="yes-display-inline">the testimony and documentation described in paragraph (3) demonstrate that barriers across the United States prove problematic for full and fair participation in developing monetary policy by individuals reflective of gender diversity and racial or ethnic diversity; and</text>
 </paragraph><paragraph id="H6EE5F0262C40460B8634ED6428632B8F"><enum>(5)</enum><text display-inline="yes-display-inline">the testimony and documentation described in paragraph (3) provide a strong basis that there is a compelling need for the below amendment to address the historical lack of gender, racial, and ethnic diversity in the Federal Reserve regional bank presidents selection process in the Federal Reserve System.</text>
 </paragraph></section><section id="H6D3F33F7135F4725BD9F8D2E6072B4DA"><enum>3.</enum><header>Federal reserve bank presidents</header><text display-inline="no-display-inline">The provision designated <quote>fifth</quote> of the fourth undesignated paragraph of section 4 of the Federal Reserve Act (<external-xref legal-doc="usc" parsable-cite="usc/12/341">12 U.S.C. 341</external-xref>) is amended by inserting after <quote>employees.</quote> the following: <quote>In making the appointment of a president, the bank shall interview at least one individual reflective of gender diversity and one individual reflective of racial or ethnic diversity.</quote>.</text>
		</section><section id="HB32A9BB51B3B4ADCA8662E241D45D3C6"><enum>4.</enum><header>Technical adjustments</header>
 <subsection id="H270681079DAE4E789186D686E78D14A9"><enum>(a)</enum><header>American Competitiveness and Workforce Improvement Act of 1998</header><text display-inline="yes-display-inline">Section 418(b) of the American Competitiveness and Workforce Improvement Act of 1998 (<external-xref legal-doc="usc" parsable-cite="usc/8/1184">8 U.S.C. 1184</external-xref> note) is amended by striking <quote>Chairman of the Board of Governors</quote> and inserting <quote>Chair of the Board of Governors</quote>.</text>
 </subsection><subsection id="H165F75DE17F447F59584984FB2693117"><enum>(b)</enum><header>Bretton Woods Agreements Act</header><text display-inline="yes-display-inline">The Bretton Woods Agreements Act (<external-xref legal-doc="usc" parsable-cite="usc/22/286">22 U.S.C. 286</external-xref> et seq.) is amended—</text> <paragraph id="HF21402924EF048F5921D30AEB9142AAE"><enum>(1)</enum><text display-inline="yes-display-inline">in section 4(a), by striking <quote>Chairman of the Board of Governors</quote> and inserting <quote>Chair of the Board of Governors</quote>; and</text>
 </paragraph><paragraph id="HF05B20CA81314ABF8F20F747D5671A14"><enum>(2)</enum><text display-inline="yes-display-inline">in section 45(a)(1), by striking <quote>chairman of the board of Governors</quote> and inserting <quote>Chair of the Board of Governors</quote>.</text> </paragraph></subsection><subsection id="H89262C6B81F94A0790512B7401E5F055"><enum>(c)</enum><header>Dodd-Frank Wall Street Reform and Consumer Protection Act</header><text display-inline="yes-display-inline">The Dodd-Frank Wall Street Reform and Consumer Protection Act (<external-xref legal-doc="usc" parsable-cite="usc/12/5301">12 U.S.C. 5301</external-xref> et seq.) is amended by striking <quote>Chairman of the Board</quote> each place such term appears and inserting <quote>Chair of the Board</quote>.</text>
 </subsection><subsection id="H6EB5D646DBA84F7494C6786285049E08"><enum>(d)</enum><header>Emergency Economic Stabilization Act of 2008</header><text display-inline="yes-display-inline">The Emergency Economic Stabilization Act of 2008 (<external-xref legal-doc="usc" parsable-cite="usc/12/5201">12 U.S.C. 5201</external-xref> et seq.) is amended by striking <quote>Chairman of the Board</quote> each place such term appears and inserting <quote>Chair of the Board</quote>.</text> </subsection><subsection id="H63CAB55341854DD38F12BEA45B5CA5DD"><enum>(e)</enum><header>Emergency Loan Guarantee Act</header><text display-inline="yes-display-inline">Section 2 of the Emergency Loan Guarantee Act (<external-xref legal-doc="usc" parsable-cite="usc/15/1841">15 U.S.C. 1841</external-xref>) is amended by striking <quote>Chairman of the Board of Governors</quote> and inserting <quote>Chair of the Board of Governors</quote>.</text>
 </subsection><subsection id="HA97A34363F3746398FA9F2334C992BDD"><enum>(f)</enum><header>Emergency Steel Loan Guarantee and Emergency Oil and Gas Act of 1999</header><text>The Emergency Steel Loan Guarantee and Emergency Oil and Gas Act of 1999 (<external-xref legal-doc="usc" parsable-cite="usc/15/1841">15 U.S.C. 1841</external-xref> note) is amended—</text>
 <paragraph id="H546A54ABACE3438CBB89B33C7F1A7F61"><enum>(1)</enum><text>in section 101(e)(2)—</text> <subparagraph id="HC7154934E17243079C744B69E3B983B9"><enum>(A)</enum><text>by striking <quote>Chairman of the Board of Governors</quote> and inserting <quote>Chair of the Board of Governors</quote>; and</text>
 </subparagraph><subparagraph id="HB7F90EE6AC2A4ACBA7997EECFA926D16"><enum>(B)</enum><text>by striking <quote>Chairman,</quote> and inserting <quote>Chair,</quote>; and</text> </subparagraph></paragraph><paragraph id="HD31D70C42C2F4A71AC1D6557D3984A1B"><enum>(2)</enum><text>in section 201(d)(2)(B)—</text>
 <subparagraph id="H6402382DDEA1433FA887F84B2AF9A516"><enum>(A)</enum><text>by striking <quote>Chairman of the Board of Governors</quote> and inserting <quote>Chair of the Board of Governors</quote>; and</text> </subparagraph><subparagraph id="H843A2918E2534123A22D36A548270CC3"><enum>(B)</enum><text>by striking <quote>Chairman,</quote> and inserting <quote>Chair,</quote>.</text>
 </subparagraph></paragraph></subsection><subsection id="HA0D3529391D247D3B7830BFE783934F9"><enum>(g)</enum><header>Farm Credit Act of 1971</header><text display-inline="yes-display-inline">Section 4.9(d)(1)(C) of the Farm Credit Act of 1971 (<external-xref legal-doc="usc" parsable-cite="usc/12/2160">12 U.S.C. 2160(d)(1)(C)</external-xref>) is amended by striking <quote>Chairman of the Board of Governors</quote> and inserting <quote>Chair of the Board of Governors</quote>.</text>
 </subsection><subsection id="H4B7071FD4D674B81A6B57DA54D744B78"><enum>(h)</enum><header>Federal Deposit Insurance Act</header><text display-inline="yes-display-inline">The Federal Deposit Insurance Act (<external-xref legal-doc="usc" parsable-cite="usc/12/1811">12 U.S.C. 1811</external-xref> et seq.) is amended by striking <quote>Chairman of the Board of Governors</quote> each place such term appears and inserting <quote>Chair of the Board of Governors</quote>.</text> </subsection><subsection id="HBEB38CFB4B1D4050A98368567B71DCF7"><enum>(i)</enum><header>Federal Reserve Act</header><text display-inline="yes-display-inline">The Federal Reserve Act (<external-xref legal-doc="usc" parsable-cite="usc/12/226">12 U.S.C. 226</external-xref> et seq.) is amended—</text>
 <paragraph id="H961844A067814AC7932F9D537D5D2EF4"><enum>(1)</enum><text>by striking <quote>chairman</quote> each place such term appears and inserting <quote>chair</quote>;</text> </paragraph><paragraph id="H9BA5D97000DF44E7B6C29AE81632F324"><enum>(2)</enum><text>by striking <quote>Chairman</quote> each place such term appears other than in section 11(r)(2)(B) and inserting <quote>Chair</quote>;</text>
 </paragraph><paragraph id="H121F6CAC7FE342BBB3171E94C6D82C0D"><enum>(3)</enum><text>in section 2, in the sixth undesignated paragraph—</text> <subparagraph id="H36E9E46185BC4D6CBE92D5DC06C6C5CA"><enum>(A)</enum><text>in the second sentence, by striking <quote>his</quote> and inserting <quote>the Comptroller of the Currency’s</quote>; and</text>
 </subparagraph><subparagraph id="H0A02428809B34AC6BF2D6E3F05D8E7A5"><enum>(B)</enum><text>in the third sentence, by striking <quote>his</quote> and inserting <quote>the director’s</quote>;</text> </subparagraph></paragraph><paragraph id="H370D912CD2584807B0BF88AFE08DE0F4"><enum>(4)</enum><text>in section 4—</text>
 <subparagraph id="HB17C8CAB7CFF47B0BAFD44183E2C5CA7"><enum>(A)</enum><text>in the third undesignated paragraph, by striking <quote>his office</quote> and inserting <quote>the Office of the Comptroller of the Currency</quote>;</text> </subparagraph><subparagraph id="H56C76F950216429C83B1A9DC38A5176F"><enum>(B)</enum><text display-inline="yes-display-inline">in the fourth undesignated paragraph, in the provision designated <quote>fifth</quote>, by striking <quote>his</quote> and inserting <quote>the person’s</quote>;</text>
 </subparagraph><subparagraph id="HEA49F779A3694B33A69B34DBE75908DA"><enum>(C)</enum><text>in the eighth undesignated paragraph, by striking <quote>his</quote> and inserting <quote>the chair’s</quote>;</text> </subparagraph><subparagraph id="HEA5276D73ADF4F19BF4BDC706E028CF6"><enum>(D)</enum><text>in the seventeenth undesignated paragraph—</text>
 <clause id="HB4E3D42C497B409A801ECDDA538B575E"><enum>(i)</enum><text>by striking <quote>his</quote> and inserting <quote>the officer’s</quote>; and</text> </clause><clause id="H3FA3F04CA0B64178A0B8AA49F6142CC8"><enum>(ii)</enum><text>by striking <quote>he</quote> and inserting <quote>the individual</quote>;</text>
 </clause></subparagraph><subparagraph id="H7FEC9BD3DF5D480ABB038B7BC3368563"><enum>(E)</enum><text display-inline="yes-display-inline">in the twentieth undesignated paragraph—</text> <clause id="H6B7C025A716A478EA8E5D8B201DEF683"><enum>(i)</enum><text>by striking <quote>He</quote> each place such term appears and inserting <quote>The chair</quote>;</text>
 </clause><clause id="H1C28EFD08CBB4D34B0CCF94F1E4E4BB1"><enum>(ii)</enum><text>in the third sentence—</text> <subclause id="H51FEEF5E0260473F9C9A0EBCBC1FDA61"><enum>(I)</enum><text>by striking <quote>his</quote> and inserting <quote>the</quote>; and</text>
 </subclause><subclause id="HD2768375C8C643C3A0879051F45A1C5C"><enum>(II)</enum><text>by striking <quote>he</quote> and inserting a comma; and</text> </subclause></clause><clause id="H93A86952DE57451DA001DB99A2084436"><enum>(iii)</enum><text>in the fifth sentence, by striking <quote>he</quote> and inserting <quote>the chair</quote>; and</text>
 </clause></subparagraph><subparagraph id="HE442C5EA679C443F8B527E5FBD6F5E8A"><enum>(F)</enum><text>in the twenty-first undesignated paragraph, by striking <quote>his</quote> each place such term appears and inserting <quote>the agent’s</quote>;</text> </subparagraph></paragraph><paragraph id="H4A13542D229C48888865F2E3B8F284B4"><enum>(5)</enum><text>in section 6, in the second undesignated paragraph, by striking <quote>he</quote> and inserting <quote>the Comptroller of the Currency</quote>;</text>
 </paragraph><paragraph id="H1F14C697E57041859B00CBE8E2CEFFD0"><enum>(6)</enum><text>in section 9A(c)(2)(C), by striking <quote>he</quote> and inserting <quote>the participant</quote>;</text> </paragraph><paragraph id="H4EBE3ACD95B24F55B5DEFD20C15C3AD8"><enum>(7)</enum><text>in section 10—</text>
 <subparagraph id="H4CE32F63974D4FCAB51527DD23B92174"><enum>(A)</enum><text>by striking <quote>he</quote> each place such term appears and inserting <quote>the member</quote>;</text> </subparagraph><subparagraph id="HB2312795AB304C3FA1CFCB25BBB7A20D"><enum>(B)</enum><text>in the second undesignated paragraph. by striking <quote>his</quote> and inserting <quote>the member’s</quote>; and</text>
 </subparagraph><subparagraph id="HEC785C2EC8464043B2434A420E64D9A9"><enum>(C)</enum><text>in the fourth undesignated paragraph—</text> <clause id="HC0F589B8395C414596A30C402357A903"><enum>(i)</enum><text>in the second sentence, by striking <quote>his</quote> and inserting <quote>the chair’s</quote>;</text>
 </clause><clause id="HC561D39B9B3F498C8A254F6A3F8D119C"><enum>(ii)</enum><text>in the fifth sentence, by striking <quote>his</quote> and inserting <quote>the member’s</quote>; and</text> </clause><clause id="H8F4065F08DE54B919D4BFAE52B89555E"><enum>(iii)</enum><text display-inline="yes-display-inline">in the sixth sentence, by striking <quote>his</quote> and inserting <quote>the member’s</quote>;</text>
 </clause></subparagraph></paragraph><paragraph id="H7A55A4348D264E2C9CC5DA73A9A98796"><enum>(8)</enum><text>in section 12, by striking <quote>his</quote> and inserting <quote>the member’s</quote>;</text> </paragraph><paragraph id="HC683F4DF039546CDB346867A0B0B8CA0"><enum>(9)</enum><text>in section 13, in the eleventh undesignated paragraph, by striking <quote>his</quote> and inserting <quote>the assured’s</quote>;</text>
 </paragraph><paragraph id="H1F13D48CD51D410F8992DF75AB3F8E7E"><enum>(10)</enum><text>in section 16—</text> <subparagraph id="HA6233456386F454CB23EA4C116C13981"><enum>(A)</enum><text>by striking <quote>he</quote> each place such term appears and inserting <quote>the agent</quote>;</text>
 </subparagraph><subparagraph id="H4626C807E3344534ABAA5EBFED0B469C"><enum>(B)</enum><text>in the seventh undesignated paragraph—</text> <clause id="HE0EE060B6FCB464D896B4E8677F35C33"><enum>(i)</enum><text>by striking <quote>his</quote> and inserting <quote>the agent’s</quote>; and</text>
 </clause><clause id="H9F0088996CFA4D5CBA7329A05953B668"><enum>(ii)</enum><text>by striking <quote>himself</quote> and inserting <quote>the agent</quote>;</text> </clause></subparagraph><subparagraph id="HABA6077ECDFF42EC89D55B602484CA42"><enum>(C)</enum><text>in the tenth undesignated paragraph, by striking <quote>his</quote> and inserting <quote>the Secretary’s</quote>; and</text>
 </subparagraph><subparagraph id="H0038CD592D4F480FA64BE31BBC605D72"><enum>(D)</enum><text>in the fifteenth undesignated paragraph, by striking <quote>his</quote> and inserting <quote>the agent’s</quote>;</text> </subparagraph></paragraph><paragraph id="HD07AE684BAB64BCABE5E48FCBA72BB8D"><enum>(11)</enum><text>in section 18, in the eighth undesignated paragraph, by striking <quote>he</quote> and inserting <quote>the Secretary of the Treasury</quote>;</text>
 </paragraph><paragraph id="HFA06DD51F87346F5AFD33A3572BC732D"><enum>(12)</enum><text>in section 22—</text> <subparagraph id="H74E34545ABB94890A82F7DFA9BC50E53"><enum>(A)</enum><text>in subsection (f), by striking <quote>his</quote> and inserting <quote>the director’s or officer’s</quote>; and</text>
 </subparagraph><subparagraph id="H79F4976F97754AEC94B68246C7DB8F28"><enum>(B)</enum><text>in subsection (g)—</text> <clause id="H7414BC0E7F8242A5AE07E748DAACC5C0"><enum>(i)</enum><text>in paragraph (1)(D)—</text>
 <subclause id="H1CD1DC36F47540B6AD8C1A2E7337044D"><enum>(I)</enum><text>by striking <quote>him</quote> and inserting <quote>the officer</quote>; and</text> </subclause><subclause id="H7C1866C654B84A1C8F4B303A74498229"><enum>(II)</enum><text>by striking <quote>he</quote> and inserting <quote>the officer</quote>; and</text>
 </subclause></clause><clause id="H37B0F00E3E1D4E81BD0C42A53F591A51"><enum>(ii)</enum><text>in paragraph (2)(A), by striking <quote>him as his</quote> and inserting <quote>the officer as the officer’s</quote>; and</text> </clause></subparagraph></paragraph><paragraph id="H80C480FCEBF8442ABFF6D3AD6FF99B65"><enum>(13)</enum><text>in section 25A—</text>
 <subparagraph id="H163A0C54FBA7424B899A3E8CF3E1A27F"><enum>(A)</enum><text>in the twelfth undesignated paragraph—</text> <clause id="H7EA2FE01E8824F3DA2E6D9EF06120AFA"><enum>(i)</enum><text>by striking <quote>he</quote> each place such term appears and inserting <quote>the member</quote>; and</text>
 </clause><clause id="H2BDDAA4B2E6C4D9AA2EA2871F59E605A"><enum>(ii)</enum><text>by striking <quote>his</quote> and inserting <quote>the member’s</quote>;</text> </clause></subparagraph><subparagraph id="HDEC42D8598C24427B9DB597A89044FB2"><enum>(B)</enum><text display-inline="yes-display-inline">in the fourteenth undesignated paragraph, by striking <quote>his</quote> and inserting <quote>the director’s or officer’s</quote>; and</text>
 </subparagraph><subparagraph id="H64A735A433EB41DFB5ACB566BD1FE9B8"><enum>(C)</enum><text>in the twenty-second undesignated paragraph, by striking <quote>his</quote> each place such term appears and inserting <quote>such individual’s</quote>.</text> </subparagraph></paragraph></subsection><subsection id="H183EE432AA5947BDAA08A6F6B5F559B7"><enum>(j)</enum><header>Federal Reserve Reform Act of 1977</header><text>Section 204(b) of the Federal Reserve Reform Act of 1977 (<external-xref legal-doc="usc" parsable-cite="usc/12/242">12 U.S.C. 242</external-xref> note) is amended by striking <quote>Chairman or Vice Chairman of the Board of Governors</quote> and inserting <quote>Chair or Vice Chair of the Board of Governors</quote>.</text>
 </subsection><subsection id="H5EAB46AC1A364DA8904FAD6B0499137F"><enum>(k)</enum><header>Financial Institutions Reform, Recovery, and Enforcement Act of 1989</header><text>The Financial Institutions Reform, Recovery, and Enforcement Act of 1989 is amended—</text> <paragraph id="H43638ADD2F40471AB9B4B91556F184FB"><enum>(1)</enum><text>in section 308 (<external-xref legal-doc="usc" parsable-cite="usc/12/1463">12 U.S.C. 1463</external-xref> note)—</text>
 <subparagraph id="H1B6FE4BC54624767B0BC21597C35DEB3"><enum>(A)</enum><text>in subsection (a), by striking <quote>Chairman of the Board of Governors</quote> and inserting <quote>Chair of the Board of Governors</quote>; and</text> </subparagraph><subparagraph id="H728CA36E6DBC4467BB81FFC3C4EA030F"><enum>(B)</enum><text>in subsection (c), by striking <quote>Chairman of the Board of Governors</quote> and inserting <quote>Chair of the Board of Governors</quote>;</text>
 </subparagraph></paragraph><paragraph id="HAEB184C622644753B10430672B10B7E4"><enum>(2)</enum><text>in section 1001(a) (<external-xref legal-doc="usc" parsable-cite="usc/12/1811">12 U.S.C. 1811</external-xref> note), by striking <quote>Chairman of the Board of Governors</quote> and inserting <quote>Chair of the Board of Governors</quote>; and</text> </paragraph><paragraph id="HBFFEA6AFD39D49ADA3533E7AF0A7FF4E"><enum>(3)</enum><text>in section 1205(b)(1)(A) (<external-xref legal-doc="usc" parsable-cite="usc/12/1818">12 U.S.C. 1818</external-xref> note)—</text>
 <subparagraph id="H7ABA3C7388EF40AAB262479A78288651"><enum>(A)</enum><text>by striking <quote>Chairman of the Board of Governors</quote> and inserting <quote>Chair of the Board of Governors</quote>; and</text> </subparagraph><subparagraph id="H26E9669A0986439F93679C1575B8A315"><enum>(B)</enum><text>by striking <quote>Chairman’s</quote> and inserting <quote>Chair’s</quote>.</text>
 </subparagraph></paragraph></subsection><subsection id="H6F8121FA4BD74B4196840BC817F1E7D0"><enum>(l)</enum><header>Food, Conservation, and Energy Act of 2008</header><text>Section 13106(a) of the Food, Conservation, and Energy Act of 2008 (<external-xref legal-doc="usc" parsable-cite="usc/7/2">7 U.S.C. 2</external-xref> note) is amended by striking <quote>Chairman of the Board of Governors</quote> and inserting <quote>Chair of the Board of Governors</quote>.</text>
 </subsection><subsection id="H29A422E89B164A959A04E7FD95012BEE"><enum>(m)</enum><header>Housing and Community Development Act of 1992</header><text display-inline="yes-display-inline">Section 1313(a)(3) of the Housing and Community Development Act of 1992 (<external-xref legal-doc="usc" parsable-cite="usc/12/4513">12 U.S.C. 4513(a)(3)</external-xref>) is amended—</text>
 <paragraph id="HDFDA40651DC84FBAB92EDA6BE43492FA"><enum>(1)</enum><text>in the heading, by striking <quote><header-in-text level="paragraph" style="OLC">chairman</header-in-text></quote> and inserting <quote><header-in-text level="paragraph" style="OLC">chair</header-in-text></quote>;</text> </paragraph><paragraph id="HD0BAAEC40B1F4DDA8AD52FE257C75815"><enum>(2)</enum><text display-inline="yes-display-inline">by striking <quote>Chairman of the Board of Governors</quote> each place such term appears and inserting <quote>Chair of the Board of Governors</quote>; and</text>
 </paragraph><paragraph id="H9F0D5CAE019441AA95A573BC97B6A5B4"><enum>(3)</enum><text>by striking <quote>Chairman regarding</quote> and inserting <quote>Chair regarding</quote>.</text> </paragraph></subsection><subsection id="H487F6BBE8248414C96EA0E5EA295FD7B"><enum>(n)</enum><header>Inspector General Act of 1978</header><text display-inline="yes-display-inline">Section 8G of the Inspector General Act of 1978 is amended by striking <quote>Chairman of the Board of Governors</quote> each place such term appears and inserting <quote>Chair of the Board of Governors</quote>.</text>
 </subsection><subsection id="HD77E229110BF4894A48403BA2E5565A6"><enum>(o)</enum><header>International Lending Supervision Act of 1983</header><text display-inline="yes-display-inline">Section 908(b)(3)(C) of the International Lending Supervision Act of 1983 (<external-xref legal-doc="usc" parsable-cite="usc/12/3907">12 U.S.C. 3907(b)(3)(C)</external-xref>) is amended by striking <quote>Chairman of the Board of Governors</quote> and inserting <quote>Chair of the Board of Governors</quote>.</text>
 </subsection><subsection id="HFC4312F310FE4856AAD0DF630D725885"><enum>(p)</enum><header>Neighborhood Reinvestment Corporation Act</header><text display-inline="yes-display-inline">Section 604(a)(3) of the Neighborhood Reinvestment Corporation Act (<external-xref legal-doc="usc" parsable-cite="usc/42/8103">42 U.S.C. 8103(a)(3)</external-xref>) is amended by striking <quote>Chairman</quote> each place it appears and inserting <quote>Chair</quote>.</text>
 </subsection><subsection id="H9D90418E3EB64ACAB854480A2597DC26"><enum>(q)</enum><header>Public Law 93–495</header><text display-inline="yes-display-inline">Section 202(a)(1) of <external-xref legal-doc="public-law" parsable-cite="pl/93/495">Public Law 93–495</external-xref> (<external-xref legal-doc="usc" parsable-cite="usc/12/2402">12 U.S.C. 2402(a)(1)</external-xref>) is amended—</text> <paragraph id="H445B2E0BB4B84085A4DEC29ADE4BBD56"><enum>(1)</enum><text>by striking <quote>Chairman of the Board of Governors</quote> and inserting <quote>Chair of the Board of Governors</quote>; and</text>
 </paragraph><paragraph id="HC3F0056A5B6346C3885159486556CA8F"><enum>(2)</enum><text>by striking <quote>his</quote> and inserting <quote>the Chair’s</quote>.</text> </paragraph></subsection><subsection id="HD494B7A4078F4D3194A98AE49DD8772C"><enum>(r)</enum><header>Sarbanes-Oxley Act of 2002</header><text display-inline="yes-display-inline">Section 101(e)(4)(A) of the Sarbanes-Oxley Act of 2002 (<external-xref legal-doc="usc" parsable-cite="usc/15/7211">15 U.S.C. 7211(e)(4)(A)</external-xref>) is amended by striking <quote>Chairman of the Board of Governors</quote> and inserting <quote>Chair of the Board of Governors</quote>.</text>
 </subsection><subsection id="H7F3E807622A94E8C9F843A140841D6D6"><enum>(s)</enum><header>Securities Exchange Act of 1934</header><text display-inline="yes-display-inline">Section 17A(f)(4)(C) of the Securities Exchange Act of 1934 (<external-xref legal-doc="usc" parsable-cite="usc/15/78q-1">15 U.S.C. 78q–1(f)(4)(C)</external-xref>) is amended by striking <quote>Chairman of the Board of Governors</quote> and inserting <quote>Chair of the Board of Governors</quote>.</text>
 </subsection><subsection id="H236808FB085B4C5885EFE9B9F8DC5DBA"><enum>(t)</enum><header>Title 31</header><text display-inline="yes-display-inline">Title 31, United States Code, is amended—</text> <paragraph id="H29C0F211A6C04168B691C3EFE7F4D4A9"><enum>(1)</enum><text display-inline="yes-display-inline">in section 1344(b)(7), by striking <quote>Chairman of the Board of Governors</quote> and inserting <quote>Chair of the Board of Governors</quote>; and</text>
 </paragraph><paragraph id="HBBEFA18503B545FD91BBA5A93B78628F"><enum>(2)</enum><text display-inline="yes-display-inline">in section 5318A, by striking <quote>Chairman of the Board of Governors</quote> each place such term appears and inserting <quote>Chair of the Board of Governors</quote>.</text> </paragraph></subsection><subsection id="HD20E2A01FA664AD582ED1AB6CF0BCA0A"><enum>(u)</enum><header>Trade Act of 1974</header><text display-inline="yes-display-inline">Section 163(b)(3) of the Trade Act of 1974 (<external-xref legal-doc="usc" parsable-cite="usc/19/2213">19 U.S.C. 2213(b)(3)</external-xref>) is amended by striking <quote>Chairman of the Board of Governors</quote> and inserting <quote>Chair of the Board of Governors</quote>.</text>
 </subsection><subsection id="HDC632662EF254A9F91FFC2EA84AC7798"><enum>(v)</enum><header>Deeming of name</header><text display-inline="yes-display-inline">Any reference in a law, regulation, document, paper, or other record of the United States to the Chairman of the Board of Governors of the Federal Reserve System shall be deemed to be a reference to the Chair of the Board of Governors of the Federal Reserve System.</text>
			</subsection></section></legis-body></bill>


