<?xml version="1.0"?>
<?xml-stylesheet type="text/xsl" href="billres.xsl"?>
<!DOCTYPE bill PUBLIC "-//US Congress//DTDs/bill.dtd//EN" "bill.dtd">
<bill bill-stage="Introduced-in-House" dms-id="H4880B3D225714D26A2BBC229F8D358F4" public-private="public" key="H" bill-type="olc"><form><distribution-code display="yes">I</distribution-code><congress display="yes">115th CONGRESS</congress><session display="yes">1st Session</session><legis-num display="yes">H. R. 603</legis-num><current-chamber>IN THE HOUSE OF REPRESENTATIVES</current-chamber><action display="yes"><action-date date="20170123">January 23, 2017</action-date><action-desc><sponsor name-id="C000059">Mr. Calvert</sponsor> (for himself, <cosponsor name-id="R000487">Mr. Royce of California</cosponsor>, and <cosponsor name-id="E000294">Mr. Emmer</cosponsor>) introduced the following bill; which was referred to the <committee-name committee-id="HJU00">Committee on the Judiciary</committee-name></action-desc></action><legis-type>A BILL</legis-type><official-title display="yes">To amend title 18, United States Code, to increase the maximum penalty for mail theft.</official-title></form><legis-body id="H43AF5752460E4FBEB15EE5A2F939CF69" style="OLC"> 
<section id="HD56890D382B04BB9AEE522F51D43BF0E" section-type="section-one"><enum>1.</enum><header>Short title</header><text display-inline="no-display-inline">This Act may be cited as the <quote><short-title>Ensuring the Safety of Our Mail Act of 2017</short-title></quote>.</text></section> <section id="H37910D7D1DBE444786F2DA56E73BBB87" section-type="subsequent-section"><enum>2.</enum><header>Increasing the maximum penalty for mail theft</header><text display-inline="no-display-inline">Section 1708 of title 18, United States Code, is amended by striking <quote>not more than five years</quote> and inserting <quote>not more than 10 years</quote>.</text></section> 
</legis-body></bill>

