<?xml version="1.0"?>
<?xml-stylesheet type="text/xsl" href="billres.xsl"?>
<!DOCTYPE bill PUBLIC "-//US Congress//DTDs/bill.dtd//EN" "bill.dtd">
<bill bill-stage="Introduced-in-House" bill-type="olc" dms-id="HE34BC5B43842458ABB1AA2A5D58A12B4" key="H" public-private="public"><metadata xmlns:dc="http://purl.org/dc/elements/1.1/">
<dublinCore>
<dc:title>115 HR 505 IH: Border Security Technology Accountability Act of 2017</dc:title>
<dc:publisher>U.S. House of Representatives</dc:publisher>
<dc:date>2017-01-12</dc:date>
<dc:format>text/xml</dc:format>
<dc:language>EN</dc:language>
<dc:rights>Pursuant to Title 17 Section 105 of the United States Code, this file is not subject to copyright protection and is in the public domain.</dc:rights>
</dublinCore>
</metadata>
<form>
<distribution-code display="yes">I</distribution-code><congress display="yes">115th CONGRESS</congress><session display="yes">1st Session</session><legis-num display="yes">H. R. 505</legis-num><current-chamber>IN THE HOUSE OF REPRESENTATIVES</current-chamber><action display="yes"><action-date date="20170112">January 12, 2017</action-date><action-desc><sponsor name-id="M001197">Ms. McSally</sponsor> (for herself, <cosponsor name-id="G000565">Mr. Gosar</cosponsor>, <cosponsor name-id="H001036">Mr. Hensarling</cosponsor>, <cosponsor name-id="H001073">Mr. Hurd</cosponsor>, <cosponsor name-id="K000386">Mr. Katko</cosponsor>, <cosponsor name-id="K000210">Mr. King of New York</cosponsor>, <cosponsor name-id="F000448">Mr. Franks of Arizona</cosponsor>, <cosponsor name-id="F000460">Mr. Farenthold</cosponsor>, <cosponsor name-id="S001191">Ms. Sinema</cosponsor>, <cosponsor name-id="C001105">Mrs. Comstock</cosponsor>, <cosponsor name-id="R000604">Mr. Russell</cosponsor>, <cosponsor name-id="D000625">Mr. Donovan</cosponsor>, <cosponsor name-id="M001157">Mr. McCaul</cosponsor>, <cosponsor name-id="B001302">Mr. Biggs</cosponsor>, and <cosponsor name-id="R000575">Mr. Rogers of Alabama</cosponsor>) introduced the following bill; which was referred to the <committee-name committee-id="HHM00">Committee on Homeland Security</committee-name></action-desc></action><legis-type>A BILL</legis-type><official-title display="yes">To amend the Homeland Security Act of 2002 to strengthen accountability for deployment of border
			 security technology at the Department of Homeland Security, and for other
			 purposes.</official-title></form>
	<legis-body id="H202958A6B7DE483B87C82A71526E5CAC" style="OLC">
 <section id="H33B1D79E721C4A6B99B0BA3CAC60D3D0" section-type="section-one"><enum>1.</enum><header>Short title</header><text display-inline="no-display-inline">This Act may be cited as the <quote><short-title>Border Security Technology Accountability Act of 2017</short-title></quote>.</text> </section><section id="H384C84B4EDB24D08AB4F99703B18E5DE"><enum>2.</enum><header>Border security technology accountability</header> <subsection id="H6BC620D94C8B4F469862AEF28C98102F"><enum>(a)</enum><header>In general</header><text>Subtitle C of title IV of the Homeland Security Act of 2002 (<external-xref legal-doc="usc" parsable-cite="usc/6/231">6 U.S.C. 231</external-xref> et seq.) is amended by adding at the end the following new section:</text>
				<quoted-block id="HB1777B3CF4CF4A0DBEC2B470BC780765" style="OLC">
					<section id="H6B3C6406593043A3BB87AD1C2655E9EB"><enum>434.</enum><header>Border security technology program management</header>
 <subsection id="H138247D4FB514ABE9E32BCC99621302A"><enum>(a)</enum><header>Planning documentation</header><text>For each border security technology acquisition program of the Department that is determined to be a major acquisition program, the Secretary shall—</text>
 <paragraph id="HFC18F44249FD4E37AE808338A1054E5B"><enum>(1)</enum><text>ensure that each such program has a written acquisition program baseline approved by the relevant acquisition decision authority;</text>
 </paragraph><paragraph id="H687E34E0B0A549208FEB040C255935D8"><enum>(2)</enum><text>document that each such program is meeting cost, schedule, and performance thresholds as specified in such baseline, in compliance with relevant departmental acquisition policies and the Federal Acquisition Regulation; and</text>
 </paragraph><paragraph id="H13945BC5E5514FE9923FF9C6441E9900"><enum>(3)</enum><text>have a plan for meeting program implementation objectives by managing contractor performance.</text> </paragraph></subsection><subsection id="H9B3365A881AE48C195D048F5F1E7A0D1"><enum>(b)</enum><header>Adherence to standards</header><text>The Secretary, acting through the Under Secretary for Management and the Commissioner of U.S. Customs and Border Protection, shall ensure border security technology acquisition program managers who are responsible for carrying out this section adhere to relevant internal control standards identified by the Comptroller General of the United States. The Commissioner shall provide information, as needed, to assist the Under Secretary in monitoring proper program management of border security technology acquisition programs under this section.</text>
 </subsection><subsection id="H57DD0DF485CF4E10AEACFDD2DA9CD782"><enum>(c)</enum><header>Plan</header><text display-inline="yes-display-inline">The Secretary, acting through the Under Secretary for Management, in coordination with the Under Secretary for Science and Technology and the Commissioner of U.S. Customs and Border Protection, shall submit to the appropriate congressional committees a plan for testing and evaluation, as well as the use of independent verification and validation resources, for border security technology so that new border security technologies are evaluated through a series of assessments, processes, and audits to ensure compliance with relevant departmental acquisition policies and the Federal Acquisition Regulation, as well as the effectiveness of taxpayer dollars.</text>
 </subsection><subsection id="H47FBFB24C8574C1F8948E327C2417DE9"><enum>(d)</enum><header>Major acquisition program defined</header><text display-inline="yes-display-inline">In this section, the term <quote>major acquisition program</quote> means a Department acquisition program that is estimated by the Secretary to require an eventual total expenditure of at least $300,000,000 (based on fiscal year 2017 constant dollars) over its life cycle cost.</text></subsection></section><after-quoted-block>.</after-quoted-block></quoted-block>
 </subsection><subsection id="HDB9B21FF176744D49C9C016CF409E14C"><enum>(b)</enum><header>Clerical amendment</header><text>The table of contents of the Homeland Security Act of 2002 is amended by inserting after the item relating to section 433 the following new item:</text>
				<quoted-block display-inline="no-display-inline" id="H8A2D84F97DCA4AD99FE7E9CEA43C70E1" style="OLC">
					<toc regeneration="no-regeneration">
						<toc-entry level="section">Sec. 434. Border security technology program management.</toc-entry></toc><after-quoted-block>.</after-quoted-block></quoted-block>
 </subsection></section><section id="H5182F9F6695644F8B528AF1682D64CE9"><enum>3.</enum><header>Prohibition on additional authorization of appropriations</header><text display-inline="no-display-inline">No additional funds are authorized to be appropriated to carry out this Act and the amendments made by this Act. This Act and such amendments shall be carried out using amounts otherwise available for such purposes.</text>
		</section></legis-body></bill>


