<?xml version="1.0"?>
<?xml-stylesheet type="text/xsl" href="billres.xsl"?>
<!DOCTYPE bill PUBLIC "-//US Congress//DTDs/bill.dtd//EN" "bill.dtd">
<bill bill-stage="Engrossed-in-House" dms-id="H83DAF68A889C4A7DAE0C4EEA9698555A" public-private="public" key="H" bill-type="olc" stage-count="1">  
<metadata xmlns:dc="http://purl.org/dc/elements/1.1/">
<dublinCore>
<dc:title>115 HR 79 EH: Helping Angels Lead Our Startups Act</dc:title>
<dc:publisher>U.S. House of Representatives</dc:publisher>
<dc:date></dc:date>
<dc:format>text/xml</dc:format>
<dc:language>EN</dc:language>
<dc:rights>Pursuant to Title 17 Section 105 of the United States Code, this file is not subject to copyright protection and is in the public domain.</dc:rights>
</dublinCore>
</metadata>
<form>
<distribution-code display="no">I</distribution-code> 
<congress>115th CONGRESS</congress> <session>1st Session</session> 
<legis-num>H. R. 79</legis-num> 
<current-chamber display="no">IN THE HOUSE OF REPRESENTATIVES</current-chamber> 
<legis-type>AN ACT</legis-type> 
<official-title display="yes">To clarify the definition of general solicitation under Federal securities law.</official-title> 
</form> 
<legis-body id="H5B6AA67F94AC4214B9EDF1E087267CDE" style="OLC"> 
<section id="HEE87A1B4F05B4B65B83D29A76CA6A42F" section-type="section-one"><enum>1.</enum><header>Short title</header><text display-inline="no-display-inline">This Act may be cited as the <quote><short-title>Helping Angels Lead Our Startups Act</short-title></quote> or the <quote><short-title>HALOS Act</short-title></quote>.</text></section> <section id="H8D05BD478C3A4B34815BD4BAE5D773E4"><enum>2.</enum><header>Definition of angel investor group</header><text display-inline="no-display-inline">As used in this Act, the term <term>angel investor group</term> means any group that—</text> 
<paragraph id="HFB9C34D624B2474C81358AC2CE0D8995"><enum>(1)</enum><text display-inline="yes-display-inline">is composed of accredited investors interested in investing personal capital in early-stage companies;</text></paragraph> <paragraph id="HF2FD6EE004014141B584ED1270E32C21"><enum>(2)</enum><text>holds regular meetings and has defined processes and procedures for making investment decisions, either individually or among the membership of the group as a whole; and</text></paragraph> 
<paragraph id="HE13B7AB24D2A4728B1DBAC6183F60086"><enum>(3)</enum><text display-inline="yes-display-inline">is neither associated nor affiliated with brokers, dealers, or investment advisers.</text></paragraph></section> <section id="HF4329414202944E49A6102720E1ED0D8"><enum>3.</enum><header>Clarification of general solicitation</header> <subsection id="H494C1B72524A4816A5D45FEA64BECC32"><enum>(a)</enum><header>In general</header><text display-inline="yes-display-inline">Not later than 6 months after the date of enactment of this Act, the Securities and Exchange Commission shall revise Regulation D of its rules (17 CFR 230.500 et seq.) to require that in carrying out the prohibition against general solicitation or general advertising contained in section 230.502(c) of title 17, Code of Federal Regulations, the prohibition shall not apply to a presentation or other communication made by or on behalf of an issuer which is made at an event—</text> 
<paragraph id="H8EB084C946B14513B72EAB8F9998AAFF"><enum>(1)</enum><text>sponsored by—</text> <subparagraph id="H824E06D2F7284741AC7542C5864BF66C"><enum>(A)</enum><text>the United States or any territory thereof, by the District of Columbia, by any State, by a political subdivision of any State or territory, or by any agency or public instrumentality of any of the foregoing;</text></subparagraph> 
<subparagraph id="H857ECB9949A7459092054D5834C3D9D0"><enum>(B)</enum><text>a college, university, or other institution of higher education;</text></subparagraph> <subparagraph id="HED0950FC25404AAAB210A1EAD649B7F1"><enum>(C)</enum><text>a nonprofit organization;</text></subparagraph> 
<subparagraph id="H0CBF457BD5734E4A9794CDBEF6AE1D12"><enum>(D)</enum><text>an angel investor group;</text></subparagraph> <subparagraph id="H2A7ED482C91C4F1CBC180BDA64787CA8"><enum>(E)</enum><text>a venture forum, venture capital association, or trade association; or</text></subparagraph> 
<subparagraph id="HBD014957876B4F3A819F2D13C5CD8581"><enum>(F)</enum><text>any other group, person or entity as the Securities and Exchange Commission may determine by rule;</text></subparagraph></paragraph> <paragraph id="H38F4148D42A44FACA9B890E1A1A65AC5"><enum>(2)</enum><text>where any advertising for the event does not reference any specific offering of securities by the issuer;</text></paragraph> 
<paragraph id="H512A06889FCC436EA72642A7B063C09B"><enum>(3)</enum><text>the sponsor of which—</text> <subparagraph id="H8F042E0747DE4AE589C6FA317DBCEBEF"><enum>(A)</enum><text>does not make investment recommendations or provide investment advice to event attendees;</text></subparagraph> 
<subparagraph id="H3DA7D465B32445FC885AEB6DACEC0FA9"><enum>(B)</enum><text>does not engage in an active role in any investment negotiations between the issuer and investors attending the event;</text></subparagraph> <subparagraph id="H99061A48B4EF47F79CEB5ACF4168C9EA"><enum>(C)</enum><text>does not charge event attendees any fees other than administrative fees; and</text></subparagraph> 
<subparagraph commented="no" id="H91D11607F59C481DA9B2621E688BFA1E"><enum>(D)</enum><text display-inline="yes-display-inline">does not receive any compensation with respect to such event that would require registration of the sponsor as a broker or a dealer under the Securities Exchange Act of 1934, or as an investment advisor under the Investment Advisers Act of 1940; and</text></subparagraph></paragraph> <paragraph id="H735DD94BD10349EE93300535968E0EE5"><enum>(4)</enum><text>where no specific information regarding an offering of securities by the issuer is communicated or distributed by or on behalf of the issuer, other than—</text> 
<subparagraph id="H95B10FEA04FB4864BBBF09A37E5980E8"><enum>(A)</enum><text>that the issuer is in the process of offering securities or planning to offer securities;</text></subparagraph> <subparagraph id="H3254201F6CE7442E97D4DC845CF50FA9"><enum>(B)</enum><text>the type and amount of securities being offered;</text></subparagraph> 
<subparagraph id="H95083462716440FB8D1787C656146781"><enum>(C)</enum><text>the amount of securities being offered that have already been subscribed for; and</text></subparagraph> <subparagraph id="H53387277A4A94F84B47F45543C56275B"><enum>(D)</enum><text>the intended use of proceeds of the offering.</text></subparagraph></paragraph></subsection> 
<subsection id="HFDCE5E9B4F57430EB156A97DC7103989"><enum>(b)</enum><header>Rule of construction</header><text>Subsection (a) may only be construed as requiring the Securities and Exchange Commission to amend the requirements of Regulation D with respect to presentations and communications, and not with respect to purchases or sales.</text></subsection></section> </legis-body> <attestation><attestation-group><attestation-date date="20170110" chamber="House">Passed the House of Representatives January 10, 2017.</attestation-date><attestor display="no">Karen L. Haas,</attestor><role>Clerk.</role></attestation-group></attestation> <endorsement display="yes"></endorsement> </bill> 

