<?xml version="1.0"?>
<?xml-stylesheet type="text/xsl" href="billres.xsl"?>
<!DOCTYPE bill PUBLIC "-//US Congress//DTDs/bill.dtd//EN" "bill.dtd">
<bill bill-stage="Introduced-in-House" bill-type="olc" dms-id="H72A6A9E9187C4708A3574FB4B42F6FE9" key="H" public-private="public"><metadata xmlns:dc="http://purl.org/dc/elements/1.1/">
<dublinCore>
<dc:title>115 HR 609 IH: To designate the Department of Veterans Affairs health care center in Center Township, Butler County, Pennsylvania, as the “Abie Abraham VA Clinic”.</dc:title>
<dc:publisher>U.S. House of Representatives</dc:publisher>
<dc:date>2017-01-23</dc:date>
<dc:format>text/xml</dc:format>
<dc:language>EN</dc:language>
<dc:rights>Pursuant to Title 17 Section 105 of the United States Code, this file is not subject to copyright protection and is in the public domain.</dc:rights>
</dublinCore>
</metadata>
<form>
<distribution-code display="yes">I</distribution-code><congress display="yes">115th CONGRESS</congress><session display="yes">1st Session</session><legis-num display="yes">H. R. 609</legis-num><current-chamber>IN THE HOUSE OF REPRESENTATIVES</current-chamber><action display="yes"><action-date date="20170123">January 23, 2017</action-date><action-desc><sponsor name-id="K000376">Mr. Kelly of Pennsylvania</sponsor> (for himself, <cosponsor name-id="B001227">Mr. Brady of Pennsylvania</cosponsor>, <cosponsor name-id="E000296">Mr. Evans</cosponsor>, <cosponsor name-id="P000605">Mr. Perry</cosponsor>, <cosponsor name-id="T000467">Mr. Thompson of Pennsylvania</cosponsor>, <cosponsor name-id="C001106">Mr. Costello of Pennsylvania</cosponsor>, <cosponsor name-id="M001181">Mr. Meehan</cosponsor>, <cosponsor name-id="F000466">Mr. Fitzpatrick</cosponsor>, <cosponsor name-id="S001154">Mr. Shuster</cosponsor>, <cosponsor name-id="M001179">Mr. Marino</cosponsor>, <cosponsor name-id="B001269">Mr. Barletta</cosponsor>, <cosponsor name-id="R000598">Mr. Rothfus</cosponsor>, <cosponsor name-id="B001296">Mr. Brendan F. Boyle of Pennsylvania</cosponsor>, <cosponsor name-id="D000482">Mr. Michael F. Doyle of Pennsylvania</cosponsor>, <cosponsor name-id="D000604">Mr. Dent</cosponsor>, <cosponsor name-id="S001199">Mr. Smucker</cosponsor>, <cosponsor name-id="C001090">Mr. Cartwright</cosponsor>, and <cosponsor name-id="M001151">Mr. Murphy of Pennsylvania</cosponsor>) introduced the following bill; which was referred to the <committee-name committee-id="HVR00">Committee on Veterans' Affairs</committee-name></action-desc></action><legis-type>A BILL</legis-type><official-title display="yes">To designate the Department of Veterans Affairs health care center in Center Township, Butler
			 County, Pennsylvania, as the <quote>Abie Abraham VA Clinic</quote>.</official-title></form>
	<legis-body id="HD93E03DAAA6A47F3B596572F86616353" style="OLC">
 <section id="HF1B811F46441405D8F7B6066A12B10AC" section-type="section-one"><enum>1.</enum><header>Findings</header><text display-inline="no-display-inline">Congress finds the following:</text> <paragraph id="H1AF805F708564E9A90194CE8C20D75D1"><enum>(1)</enum><text display-inline="yes-display-inline">Abie Abraham of Lyndora, Pennsylvania, was stationed during World War II with the 18th Infantry in New York; 3 years with the 14th Infantry in Panama; 15th Infantry, unassigned in China, while the U.S.S. Panay was sunk; 30th Infantry, Presidio, San Francisco; and the 31st Infantry, Manila, Philippines, for 9 years.</text>
 </paragraph><paragraph id="HBF7BD328C379439C8DD45E90019CC599"><enum>(2)</enum><text>During World War II, Abraham fought, was captured, endured the Bataan Death March and as a prisoner of war for 3<fraction>1/2</fraction> years, was beaten, stabbed, shot, survived malaria and starvation to be rescued by the 6th Rangers.</text>
 </paragraph><paragraph id="H04270BB0E99F4DF4B799031D9C7E5A31"><enum>(3)</enum><text>Abraham stayed behind at the request of General Douglas MacArthur for 2<fraction>1/2</fraction> more years disinterring the bodies of his fallen comrades from the Bataan Death March and the prison camps, helping to identify their bodies and see that they were properly laid to rest.</text>
 </paragraph><paragraph id="HCD461C440CBC4FAF9311A3C080110815"><enum>(4)</enum><text>After his promotion in 1945, Abraham came back to the United States where he served as a recruiter and then also served 2 years in Germany until his retirement with 30 years of service as a Master Sergeant.</text>
 </paragraph><paragraph id="HF95DD2314F4A4562955668E58EC93600"><enum>(5)</enum><text>Abraham received numerous medals for his service, including the Purple Heart, and had several documentaries on the Discovery Channel and History Channel.</text>
 </paragraph><paragraph id="H4BB62CD0D10B42608D03640144311E89"><enum>(6)</enum><text>Abraham wrote the books <quote>Ghost of Bataan Speaks</quote> in 1971 and <quote>Oh, God, Where Are You</quote> in 1977 to help the public better understand what our brave men endured at the hands of the Imperial Japanese Army as prisoners of war.</text>
 </paragraph><paragraph id="H609F3D67265C4B7FB1A6F2C03EDDD75B"><enum>(7)</enum><text>Abraham was a life member of the Veterans of Foreign Wars, the American Legion, the Purple Heart Combat/Infantry Organization, the American Ex-POWs, the Disabled American Veterans, and the American Defenders of Bataan.</text>
 </paragraph><paragraph id="HD3EF8A21E52E44EC802A13319CF854AF"><enum>(8)</enum><text>Abraham was a volunteer at Veterans Affairs Butler Healthcare for 23 years from 1988 to 2011 and had 36,851 service hours caring for our veterans.</text>
			</paragraph></section><section id="H032DFF76D5E24F82BCF608254B2AD7B7"><enum>2.</enum><header>Abie Abraham VA Clinic</header>
 <subsection id="H78EC09A8CE29466595115CE3BB2DE97E"><enum>(a)</enum><header>Designation</header><text display-inline="yes-display-inline">The Department of Veterans Affairs health care center in Center Township, Butler County, Pennsylvania, shall after the date of the enactment of this Act be known and designated as the <quote>Abie Abraham VA Clinic</quote>.</text>
 </subsection><subsection id="HC0625D0B0C3E420BA05754DFA07281F2"><enum>(b)</enum><header>References</header><text display-inline="yes-display-inline">Any reference in any law, regulation, map, document, paper, or other record of the United States to the health care center referred to in subsection (a) shall be deemed to be a reference to the <quote>Abie Abraham VA Clinic</quote>.</text>
			</subsection></section></legis-body></bill>


