<?xml version="1.0"?>
<?xml-stylesheet type="text/xsl" href="billres.xsl"?>
<!DOCTYPE bill PUBLIC "-//US Congress//DTDs/bill.dtd//EN" "bill.dtd">
<bill bill-stage="Introduced-in-House" bill-type="olc" dms-id="HC7EC99ED93F9426A921935B278F62D4F" key="H" public-private="public"><metadata xmlns:dc="http://purl.org/dc/elements/1.1/">
<dublinCore>
<dc:title>115 HR 582 IH: Kari’s Law Act of 2017</dc:title>
<dc:publisher>U.S. House of Representatives</dc:publisher>
<dc:date>2017-01-17</dc:date>
<dc:format>text/xml</dc:format>
<dc:language>EN</dc:language>
<dc:rights>Pursuant to Title 17 Section 105 of the United States Code, this file is not subject to copyright protection and is in the public domain.</dc:rights>
</dublinCore>
</metadata>
<form>
<distribution-code display="yes">I</distribution-code><congress display="yes">115th CONGRESS</congress><session display="yes">1st Session</session><legis-num display="yes">H. R. 582</legis-num><current-chamber>IN THE HOUSE OF REPRESENTATIVES</current-chamber><action display="yes"><action-date date="20170117">January 17, 2017</action-date><action-desc><sponsor name-id="G000552">Mr. Gohmert</sponsor> (for himself, <cosponsor name-id="W000814">Mr. Weber of Texas</cosponsor>, <cosponsor name-id="B000755">Mr. Brady of Texas</cosponsor>, <cosponsor name-id="K000362">Mr. King of Iowa</cosponsor>, <cosponsor name-id="F000460">Mr. Farenthold</cosponsor>, <cosponsor name-id="M001157">Mr. McCaul</cosponsor>, <cosponsor name-id="C001048">Mr. Culberson</cosponsor>, <cosponsor name-id="Y000065">Mr. Yoho</cosponsor>, <cosponsor name-id="C001096">Mr. Cramer</cosponsor>, <cosponsor name-id="S000364">Mr. Shimkus</cosponsor>, <cosponsor name-id="B001273">Mrs. Black</cosponsor>, <cosponsor name-id="S000250">Mr. Sessions</cosponsor>, <cosponsor name-id="F000448">Mr. Franks of Arizona</cosponsor>, <cosponsor name-id="A000055">Mr. Aderholt</cosponsor>, <cosponsor name-id="B001248">Mr. Burgess</cosponsor>, and <cosponsor name-id="C001063">Mr. Cuellar</cosponsor>) introduced the following bill; which was referred to the <committee-name committee-id="HIF00">Committee on Energy and Commerce</committee-name></action-desc></action><legis-type>A BILL</legis-type><official-title display="yes">To amend the Communications Act of 1934 to require multi-line telephone systems to have a
			 configuration that permits users to directly initiate a call to 9–1–1
			 without dialing any additional digit, code, prefix, or post-fix, and for
			 other purposes.</official-title></form>
	<legis-body id="H414E8BA04DB2402193A40A06CBA134B8" style="OLC">
 <section id="HA9AC165D07294D9EBE1EF9501D4C92C6" section-type="section-one"><enum>1.</enum><header>Short title</header><text display-inline="no-display-inline">This Act may be cited as the <quote><short-title>Kari’s Law Act of 2017</short-title></quote>.</text> </section><section id="HE05FB064995640BAAC5211F9894DAD98"><enum>2.</enum><header>Configuration of multi-line telephone systems for direct dialing of 9–1–1</header> <subsection id="H6852A8FC1FDC4ED8BB7CF9006E626F5D"><enum>(a)</enum><header>In general</header><text display-inline="yes-display-inline">Title VII of the Communications Act of 1934 (<external-xref legal-doc="usc" parsable-cite="usc/47/601">47 U.S.C. 601</external-xref> et seq.) is amended by adding at the end the following:</text>
				<quoted-block display-inline="no-display-inline" id="H0B479A154A8A4AFD9079BE927449922C" style="OLC">
					<section id="HA54480CE1FB3423CA52448EC2918A740"><enum>721.</enum><header>Configuration of multi-line telephone systems for direct dialing of 9–1–1</header>
 <subsection id="H4733DCFADC2D4DF9B67DCAFF331E8D4A"><enum>(a)</enum><header>System manufacture, importation, sale, and lease</header><text display-inline="yes-display-inline">A person engaged in the business of manufacturing, importing, selling, or leasing multi-line telephone systems may not manufacture or import for use in the United States, or sell or lease or offer to sell or lease in the United States, a multi-line telephone system, unless such system is pre-configured such that, when properly installed in accordance with subsection (b), a user may directly initiate a call to 9–1–1 from any station equipped with dialing facilities, without dialing any additional digit, code, prefix, or post-fix, including any trunk-access code such as the digit ‘9’, regardless of whether the user is required to dial such a digit, code, prefix, or post-fix for other calls.</text>
 </subsection><subsection id="H58B5355D0E3F4DD3B8E89F644F3D58D6"><enum>(b)</enum><header>System installation, management, and operation</header><text>A person engaged in the business of installing, managing, or operating multi-line telephone systems may not install, manage, or operate for use in the United States such a system, unless such system is configured such that a user may directly initiate a call to 9–1–1 from any station equipped with dialing facilities, without dialing any additional digit, code, prefix, or post-fix, including any trunk-access code such as the digit ‘9’, regardless of whether the user is required to dial such a digit, code, prefix, or post-fix for other calls.</text>
 </subsection><subsection id="H0303F072464948D0BAE3F73956C323F3"><enum>(c)</enum><header>On-Site notification</header><text>A person engaged in the business of installing, managing, or operating multi-line telephone systems shall, in installing, managing, or operating such a system for use in the United States, configure the system to provide a notification to a central location at the facility where the system is installed or to another person or organization regardless of location, if the system is able to be configured to provide the notification without an improvement to the hardware or software of the system.</text>
 </subsection><subsection id="HC09F56D1950046A897BBE340203DF9B0"><enum>(d)</enum><header>Effect on State law</header><text>Nothing in this section is intended to alter the authority of State commissions or other State or local agencies with jurisdiction over emergency communications, if the exercise of such authority is not inconsistent with this Act.</text>
 </subsection><subsection id="H882871F9B8D84EE484FE3FA6926DCC1C"><enum>(e)</enum><header>Enforcement</header><text>This section shall be enforced under title V, except that section 501 applies only to the extent that such section provides for the punishment of a fine.</text>
 </subsection><subsection id="H8CFA93893DCF4361B1E9BF2E808F0B12"><enum>(f)</enum><header>Multi-Line telephone system defined</header><text>In this section, the term <quote>multi-line telephone system</quote> has the meaning given such term in section 6502 of the Middle Class Tax Relief and Job Creation Act of 2012 (<external-xref legal-doc="usc" parsable-cite="usc/47/1471">47 U.S.C. 1471</external-xref>).</text></subsection></section><after-quoted-block>.</after-quoted-block></quoted-block>
			</subsection><subsection id="HC156333AE2594C168AA3784B272120CE"><enum>(b)</enum><header>Effective date</header>
 <paragraph id="HA9A395A8241045BD8FA03DF34FF2A96D"><enum>(1)</enum><header>In general</header><text>Except as provided in paragraph (2), section 721 of the Communications Act of 1934, as added by subsection (a) of this section, shall apply beginning on the date that is 2 years after the date of the enactment of this Act.</text>
 </paragraph><paragraph id="HC9C2BA0216FD45A99A9150568392A02C"><enum>(2)</enum><header>Exception</header><text display-inline="yes-display-inline">Subsection (b) or (c) of such section 721 shall not apply to a multi-line telephone system that was installed before the date that is 2 years after the date of the enactment of this Act if such system is not able to be configured to meet the requirement of such subsection (b) or (c), respectively, without an improvement to the hardware or software of the system.</text>
				</paragraph></subsection></section></legis-body></bill>


