<?xml version="1.0"?>
<?xml-stylesheet type="text/xsl" href="billres.xsl"?>
<!DOCTYPE bill PUBLIC "-//US Congress//DTDs/bill.dtd//EN" "bill.dtd">
<bill bill-stage="Introduced-in-House" bill-type="olc" dms-id="HF7C6E5B58E2E47DEA1F183D80C91775A" key="H" public-private="public"><metadata xmlns:dc="http://purl.org/dc/elements/1.1/">
<dublinCore>
<dc:title>115 HR 493 IH: Subsidy Reserve Act of 2017</dc:title>
<dc:publisher>U.S. House of Representatives</dc:publisher>
<dc:date>2017-01-12</dc:date>
<dc:format>text/xml</dc:format>
<dc:language>EN</dc:language>
<dc:rights>Pursuant to Title 17 Section 105 of the United States Code, this file is not subject to copyright protection and is in the public domain.</dc:rights>
</dublinCore>
</metadata>
<form>
<distribution-code display="yes">I</distribution-code><congress display="yes">115th CONGRESS</congress><session display="yes">1st Session</session><legis-num display="yes">H. R. 493</legis-num><current-chamber>IN THE HOUSE OF REPRESENTATIVES</current-chamber><action display="yes"><action-date date="20170112">January 12, 2017</action-date><action-desc><sponsor name-id="C001037">Mr. Capuano</sponsor> (for himself, <cosponsor name-id="L000562">Mr. Lynch</cosponsor>, and <cosponsor name-id="E000288">Mr. Ellison</cosponsor>) introduced the following bill; which was referred to the <committee-name committee-id="HBA00">Committee on Financial Services</committee-name></action-desc></action><legis-type>A BILL</legis-type><official-title display="yes">To amend the Dodd-Frank Wall Street Reform and Consumer Protection Act to require certain
			 systemically important entities to account for the financial benefit they
			 receive as a result of the expectations on the part of shareholders,
			 creditors, and counterparties of such entities that the Government will
			 shield them from losses in the event of failure, and for other purposes.</official-title></form>
	<legis-body id="HE2207C22B00E43859DB9C6B1555B03C9" style="OLC">
 <section id="H5DA4D32CE9CE4998A2802A73135D0949" section-type="section-one"><enum>1.</enum><header>Short title</header><text display-inline="no-display-inline">This Act may be cited as the <quote><short-title>Subsidy Reserve Act of 2017</short-title></quote>.</text> </section><section id="H46830518E5C64E36ACBF784D6A147ABD"><enum>2.</enum><header>Subsidy reserve</header><text display-inline="no-display-inline">Section 165 of the Dodd-Frank Wall Street Reform and Consumer Protection Act (<external-xref legal-doc="usc" parsable-cite="usc/12/5365">12 U.S.C. 5365</external-xref>) is amended by adding at the end the following:</text>
			<quoted-block display-inline="no-display-inline" id="H7243DED210F34E0D88638E97DFC58150" style="OLC">
				<subsection id="HF3BBE620A40E47E4988BF5A7A5858895"><enum>(l)</enum><header>Subsidy Reserve</header>
 <paragraph id="H787F67A251594246B00174E81E0D9064"><enum>(1)</enum><header>In general</header><text display-inline="yes-display-inline">Each nonbank financial company supervised by the Board of Governors and each bank holding company with total consolidated assets equal to or greater than $500,000,000,000 shall establish and maintain a capital account called the <quote>Subsidy Reserve</quote>.</text>
 </paragraph><paragraph id="HDC4CAA05743E4BC585DDF8BA3FABC200"><enum>(2)</enum><header>Computation of benefit</header><text display-inline="yes-display-inline">The Board of Governors shall, in consultation with the Council and the Office of Financial Research, and after notice and opportunity for a hearing, establish a formula for determining the financial benefit received by a company described under paragraph (1) as a result of the expectations on the part of shareholders, creditors, and counterparties of such company that the Government will shield such shareholders, creditors, and counterparties from losses in the event of the failure of such company.</text>
 </paragraph><paragraph id="HC9F8D49A0BF646ACAF05757B65C04869"><enum>(3)</enum><header>Subsidy Reserve amount</header><text display-inline="yes-display-inline">The Board of Governors shall require each company described under paragraph (1) to annually apply the formula established under paragraph (2) to its annual financial statement and maintain the resulting amount in the company’s Subsidy Reserve, in addition to any amounts so maintained from previous years.</text>
 </paragraph><paragraph id="H96ECF10295974B6EB96A91AB9BAEDA7F"><enum>(4)</enum><header>Use of Subsidy Reserve amounts</header><text display-inline="yes-display-inline">The amount of funds in the Subsidy Reserve may only be decreased if a company makes a sale of assets, spins off a subsidiary, or makes a similar divestiture, in which case the Subsidy Reserve may only be decreased in an amount, as determined by the Board of Governors, that reflects the amount of such sale, spin off, or similar divestiture, either on a pro rata basis or according to the risk weighting of the property sold, spun off, or divested.</text>
 </paragraph><paragraph id="H9D0E87457B4444AF8C75804FC82E46A1"><enum>(5)</enum><header>Treatment of Subsidy Reserve amounts</header><text display-inline="yes-display-inline">Amounts in the Subsidy Reserve may be taken into account when determining the capital of a company for purposes of meeting any regulatory capital requirements.</text>
 </paragraph><paragraph id="H8712680EC4B645E4B239002C869E87D7"><enum>(6)</enum><header>Rulemaking</header><text display-inline="yes-display-inline">The Board of Governors may issue such regulations and orders as it considers necessary to carry out this subsection.</text></paragraph></subsection><after-quoted-block>.</after-quoted-block></quoted-block>
		</section></legis-body></bill>


