<?xml version="1.0"?>
<?xml-stylesheet type="text/xsl" href="billres.xsl"?>
<!DOCTYPE bill PUBLIC "-//US Congress//DTDs/bill.dtd//EN" "bill.dtd">
<bill bill-stage="Introduced-in-House" dms-id="HA1237085BC854F5DA18FE04F618F301B" public-private="public" key="H" bill-type="olc"><form><distribution-code display="yes">I</distribution-code><congress display="yes">115th CONGRESS</congress><session display="yes">1st Session</session><legis-num display="yes">H. R. 515</legis-num><current-chamber>IN THE HOUSE OF REPRESENTATIVES</current-chamber><action display="yes"><action-date date="20170113">January 13, 2017</action-date><action-desc><sponsor name-id="E000288">Mr. Ellison</sponsor> introduced the following bill; which was referred to the <committee-name committee-id="HBA00">Committee on Financial Services</committee-name></action-desc></action><legis-type>A BILL</legis-type><official-title display="yes">To authorize the Secretary of Housing and Urban Development to provide grants and loans to owners of dated manufactured homes for the replacement of such dated manufactured homes with Energy Star-qualified manufactured or modular homes, and for other purposes.</official-title></form><legis-body id="H4269EC8568114BEC84BA19A33C34112E" style="OLC"> 
<section id="H9AB8ACB161494C5B90D2624E4E059B02" section-type="section-one"><enum>1.</enum><header>Short title</header><text display-inline="no-display-inline">This Act may be cited as the <quote><short-title>Energy Efficient Manufactured Home Act of 2017</short-title></quote>.</text></section> <section id="HB4E6D803DC4C441CACD586389A1F00F8" section-type="subsequent-section"><enum>2.</enum><header>Assistance for replacement of dated manufactured homes with energy-efficient manufactured and modular homes</header> <subsection id="H8C6704670C8E4580B040757CC7B7FF67"><enum>(a)</enum><header>Authority</header><text display-inline="yes-display-inline">The Secretary of Housing and Urban Development may carry out a program under this section to provide grants to assist low-income, very low-income, and extremely low-income owners of dated manufactured homes for the replacement of such dated manufactured homes with Energy Star-qualified manufactured or modular homes.</text></subsection>
<subsection id="H987D10866C5547DE933D8395562D752A"><enum>(b)</enum><header>Grants</header>
<paragraph id="HC4FFCC6FBBE3407D92C7C48E76DC53B7"><enum>(1)</enum><header>Eligible entities</header><text display-inline="yes-display-inline">The Secretary may provide grants under this section only to—</text> <subparagraph id="HC02ABF2B80CA418CBC2705A855EEA8E0"><enum>(A)</enum><text>State housing finance agencies;</text></subparagraph>
<subparagraph id="H9552DE47A1644817BF811CEE9542AD89"><enum>(B)</enum><text>units of general local government; and</text></subparagraph> <subparagraph id="H1A0E4B15F38142F3824FAB3AC3136024"><enum>(C)</enum><text>qualified nonprofit organizations.</text></subparagraph></paragraph>
<paragraph id="HD4E77C7126FA4801A7A229C474D7AE93"><enum>(2)</enum><header>Competition; priority</header><text display-inline="yes-display-inline">The Secretary shall provide grants under this section through competition that provides priority to applicants for such grants that, in accordance with criteria established by the Secretary—</text> <subparagraph id="H44413FB78BA54B1593B43A95636EF3C1"><enum>(A)</enum><text>demonstrate that providing a grant to the applicant would result in substantial energy gains and returns on investment on replacement of dated manufactured homes;</text></subparagraph>
<subparagraph id="H7E8B0C8A20DA46CE8F1E7B6D5C6EE734"><enum>(B)</enum><text>will use grants in areas having the infrastructure or planned infrastructure necessary to replace dated manufactured homes;</text></subparagraph> <subparagraph id="HEC7B16A7F299448D9B0CA1B9E2379152"><enum>(C)</enum><text>will act in partnership with providers of high quality affordable lending products that enable sustainable homeownership; or</text></subparagraph>
<subparagraph id="HB3878706E2BF473D983CA52FD51DE8B5"><enum>(D)</enum><text display-inline="yes-display-inline">will supplement assistance provided to eligible owners of dated manufactured homes pursuant to a grant under this section with funds from other sources, and provide such assurances as the Secretary considers necessary to ensure that such supplemental amounts are available for such purpose.</text></subparagraph></paragraph> <paragraph id="HF1BCF986608F4DE1BF3C5BBD1DAC9758"><enum>(3)</enum><header>Use of funds</header><text>A grantee shall use amounts from a grant provided under this section only to provide assistance to owners of dated manufactured homes in accordance with subsection (c).</text></paragraph>
<paragraph id="HC6EB0DE66F974101B21BCCF120EFD696"><enum>(4)</enum><header>Failure by grantees to act</header><text>If a grantee fails to use any portion of grant provided under this section during the 36-month period beginning on the date of receipt of the grant amounts—</text> <subparagraph id="HEB293D136B3B414AA2D88278408AE3BB"><enum>(A)</enum><text>the unused amount of the grant shall revert to the Secretary; and</text></subparagraph>
<subparagraph id="H24BE47900B5B40B29B23632D0E95A22D"><enum>(B)</enum><text>the Secretary shall make such amounts available under the competition required under paragraph (2).</text></subparagraph></paragraph></subsection> <subsection id="HE1E8E2CCA508489AB918990FB5BC39F2"><enum>(c)</enum><header>Assistance</header><text display-inline="yes-display-inline">Assistance under this subsection shall be assistance designed to enable the owner of a dated manufactured home to afford to replace or decommission such manufactured home, subject to the following conditions:</text>
<paragraph id="H04670C557016484CB26F10339077B7E0"><enum>(1)</enum><header>Form of assistance</header><text display-inline="yes-display-inline">A grantee may provide assistance under this subsection to the owner of a dated manufactured home only in the following forms:</text> <subparagraph id="H99245E7356AF4D37B9A0DF24DBA6E66F"><enum>(A)</enum><text display-inline="yes-display-inline">A grant or loan for use toward the purchase of a new Energy Star-qualified manufactured or modular home. The Secretary shall establish such requirements for loans made with assistance provided under this subsection, and servicers of such loans, as necessary to ensure that such loans are high quality affordable lending products that enable sustainable homeownership.</text></subparagraph>
<subparagraph id="H4BA7BD7CE7E84138BF46A780DB0C398E"><enum>(B)</enum><text display-inline="yes-display-inline">A grant for the decommissioning, and any related costs, of a dated manufactured home.</text></subparagraph></paragraph> <paragraph id="H449B617177CD439F9007D66FC539612E"><enum>(2)</enum><header>Income and primary residence requirements</header><text display-inline="yes-display-inline">A grant or loan under this subsection may be made only to the owner of a dated manufactured home who—</text>
<subparagraph id="H5E9F354F6123422EB34CDFACADEF01F2"><enum>(A)</enum><text display-inline="yes-display-inline">is a low-, very low-, or extremely low-income family; and</text></subparagraph> <subparagraph id="H750F2D9709A34BEA98B1360030659D56"><enum>(B)</enum><text display-inline="yes-display-inline">has used such manufactured home as a primary residence on a year-round basis for at least the preceding 24 months.</text></subparagraph></paragraph>
<paragraph id="HF7CB38F64071412FAB9D27FB1432EDD7"><enum>(3)</enum><header>Destruction and replacement of dated manufactured home</header>
<subparagraph id="H316C712D530E494B96FB48DC66F1D79E"><enum>(A)</enum><header>In general</header><text display-inline="yes-display-inline">A grant or loan under paragraph (1)(A) may be made only if the applicable dated manufactured home will be—</text> <clause id="HD4B43025F3D7466694009FB563DCF1F5"><enum>(i)</enum><text>destroyed (including appropriate recycling); and</text></clause>
<clause id="HE5D03630330E4747A93389EBE238E1C5"><enum>(ii)</enum><text>if replaced with a manufactured or modular home, is replaced in an appropriate area (as determined by the applicable State agency) with an Energy Star-qualified manufactured or modular home.</text></clause></subparagraph> <subparagraph id="H929299B2B9AF45ABABD36BF8A955A40A"><enum>(B)</enum><header>Third-party verification requirements</header><text display-inline="yes-display-inline">The Secretary shall establish such third-party verification requirements as are necessary to ensure that the requirements of subparagraph (A) are met. Such requirements shall provide that compliance with the requirement under subparagraph (A)(i) to destroy a dated manufactured home may be evidenced by means of a photograph of the destroyed manufactured home or of the lot where the manufactured home was located showing that the lot is vacant or the replacement home.</text></subparagraph></paragraph>
<paragraph id="H2499EEC7B95F4734A7C458D79216D1A2"><enum>(4)</enum><header>Prohibition on previous assistance</header><text>A grant or loan under paragraph (1)(A) may not be provided to any owner of a dated manufactured home that was or is a member of a household for which any member of the household has previously been provided a grant or loan pursuant to this subsection.</text></paragraph> <paragraph id="H9BC65963A73F48A8B5BCE5588218C5B6"><enum>(5)</enum><header>Control of home site</header><text display-inline="yes-display-inline">As a condition of receipt of a grant or loan under paragraph (1)(A) for the purchase of a new manufactured or modular home, the land on which new manufactured or modular home is to be sited shall be—</text>
<subparagraph id="HFCCC1D06D8E64CFE82DC039865E9E528"><enum>(A)</enum><text>owned by—</text> <clause id="H2D646CEFF0334146BA8D7C4377C1801E"><enum>(i)</enum><text>the owner of the dated manufactured home to whom the grant or loan is provided; or</text></clause>
<clause id="H849183CE29F7450BBC730995A7012D96"><enum>(ii)</enum><text display-inline="yes-display-inline">a limited equity cooperative, a nonprofit organization, a unit of local government or agency thereof, or a public housing agency; or</text></clause></subparagraph> <subparagraph id="H6E6B744D667345E98A88F072C33EE34E"><enum>(B)</enum><text>leased by the owner of the dated manufactured home to whom the grant or loan is provided under a land-lease agreement having a duration not shorter than 10 years, which may include a lease from a community land trust or nonprofit housing corporation or a proprietary lease (perpetual or renewable as a matter of right) by a cooperative or homeowner association that is owned or controlled by the homeowners.</text></subparagraph></paragraph>
<paragraph id="HE90449C5B07F4A36A00BD8B1A29EB432"><enum>(6)</enum><header>Requirements for decommissioning grants</header><text>A grant under paragraph (1)(B) for the decommissioning of a dated manufactured home may be made only if—</text> <subparagraph id="H474614B0AC3443EB931D3269299F30F7"><enum>(A)</enum><text>the dated manufactured home for which the grant is made will be destroyed (including appropriate recycling);</text></subparagraph>
<subparagraph id="HC9090369C28D4362859BC7614F4C86C9"><enum>(B)</enum><text display-inline="yes-display-inline">proof of, or adequate assurances for, decommissioning of the dated manufactured home is provided before the grant funds are paid, and the Secretary shall provide that such proof may include a photograph of the destroyed decommissioned home or of the lot where the decommissioned home was located showing that the lot is vacant or the replacement home;</text></subparagraph> <subparagraph id="HF0E494A1AF7B42EBA4C021151591283D"><enum>(C)</enum><text>the owner agrees to repay the full amount of the grant if the home is not decommissioned within 90 days of receipt of the grant funds; and</text></subparagraph>
<subparagraph id="H461B5431C13C4F65AF2363376074D6F6"><enum>(D)</enum><text>no member of the household of the owner of the dated manufactured home for which the grant is provided has previously been provided a grant or loan pursuant to this section.</text></subparagraph></paragraph></subsection> <subsection id="H30B5946473F848B3AA7C024B27C89D50"><enum>(d)</enum><header>Administration</header> <paragraph id="HA0DB06FA2988499CA374B3CAEFDAA044"><enum>(1)</enum><header>Controls and procedures</header><text display-inline="yes-display-inline">Each grantee that receives a grant under this section shall establish such fiscal controls and accounting procedures as are sufficient, as determined by the Secretary, to ensure proper accounting for disbursements made from the funds and fund balances. Such controls and procedures shall conform to generally accepted Federal accounting principles, as determined by the Secretary.</text></paragraph>
<paragraph id="H33E99785A0A94665989D7447310B760D"><enum>(2)</enum><header>Coordination with State agencies</header><text>A grantee of a grant under this section may coordinate efforts and share funds for administration with State and local agencies and nonprofit organizations involved in low-income housing programs.</text></paragraph> <paragraph id="H02D1559BD1044C86A121B6EC9003FE3D"><enum>(3)</enum><header>Administrative expenses</header><text>A grantee may use not more than 10 percent of the funds provided under a grant under this section for administrative expenses involved in the grantee’s program for making grants and loans under subsection (c).</text></paragraph></subsection>
<subsection id="H83933AB747994CC5B4AB6781875BD3C8"><enum>(e)</enum><header>Reporting</header>
<paragraph id="H89A8A6E19C2E45BE8567B5229762E03F"><enum>(1)</enum><header>Secretary</header><text display-inline="yes-display-inline">Upon the conclusion of the second fiscal year for which grants under the program under this section are made and the conclusion of each of the next successive four fiscal years, the Secretary shall submit a report to the Congress describing the impact of the program, which shall include information regarding—</text> <subparagraph id="H9B6B515E48174DEBB337DF8DCEAD6B3C"><enum>(A)</enum><text>the number of dated manufactured homes decommissioned;</text></subparagraph>
<subparagraph id="H00A16E7FB0694E209DE4745098062AE6"><enum>(B)</enum><text>the number of new manufactured and modular homes purchased;</text></subparagraph> <subparagraph id="HA007FC6259B74A8AB1AC80047550082E"><enum>(C)</enum><text>the incomes of families assisted;</text></subparagraph>
<subparagraph id="HE24B4494629A4CC2B89C797F30BCFCBC"><enum>(D)</enum><text>the number of assisted families, disaggregated by State and ZIP Code; and</text></subparagraph> <subparagraph id="H67BECCA61EF8438A9AE47EAFE74707D8"><enum>(E)</enum><text display-inline="yes-display-inline">the number of new Energy Star-qualified manufactured and modular homes that were sited on land held under each type of tenure described in subsection (c)(5).</text></subparagraph></paragraph>
<paragraph id="H0E9B6E927DBD4CED89ACE0AD63B0E4A9"><enum>(2)</enum><header>Grantees</header><text display-inline="yes-display-inline">The Secretary shall require grantees receiving grants under this section to submit such reports as may be necessary for the Secretary to ensure compliance with this Act and enable the Secretary to comply with the requirement under paragraph (1).</text></paragraph></subsection> <subsection id="H50283333492E46098D9E52ABFDE7BC73"><enum>(f)</enum><header>Definitions</header><text display-inline="yes-display-inline">For purposes of this section, the following definitions shall apply:</text>
<paragraph id="H4797B46C58C64E69BB6F3A151D063DAD"><enum>(1)</enum><header>Dated manufactured home</header><text display-inline="yes-display-inline">The term <quote>dated manufactured home</quote> means a manufactured home constructed before December 31, 1994. In establishing requirements regarding demonstrating the date of construction of homes, the Secretary shall take into consideration the difficulty of producing evidence of the date of construction of homes manufactured before 1976.</text></paragraph> <paragraph id="HCA312A7FC36445358A49C2FB29A174A2"><enum>(2)</enum><header>Energy Star-qualified</header><text display-inline="yes-display-inline">The term <quote>Energy Star-qualified</quote> means, with respect to a manufactured or modular home, that the home has been designed, produced, and installed by an Energy Star-certified entity in accordance with Energy Star guidelines issued by the Secretary of Energy for manufactured or modular homes, as applicable.</text></paragraph>
<paragraph id="H6D3369436D3B465A83F632B24807A695"><enum>(3)</enum><header>Low-income family; very low-income family; extremely low-income family</header>
<subparagraph id="HD27032478E4B4496A0E2AD9CE0851C00"><enum>(A)</enum><header>Low-income family</header><text display-inline="yes-display-inline">The term <quote>low-income family</quote> means a family having an income that is not greater than 80 percent of area median income, with adjustments for smaller and larger families, as determined by the Secretary, except that such term includes any family that resides in a rural area that has an income that does not exceed the poverty line (as such term is defined in section 673(2) of the Omnibus Budget Reconciliation Act of 1981 (<external-xref legal-doc="usc" parsable-cite="usc/42/9902">42 U.S.C. 9902(2)</external-xref>), including any revision required by such section) applicable to a family of the size involved.</text></subparagraph> <subparagraph id="H317BBE46E6A4428AAD481E1C3B8172DF"><enum>(B)</enum><header>Very low-income family</header><text display-inline="yes-display-inline">The term <quote>very low-income family</quote> means a family having an income that is not greater than 50 percent of area median income, with adjustments for smaller and larger families, as determined by the Secretary.</text></subparagraph>
<subparagraph id="HF7F827D8CC47445183DF8DD79E7FE6DC"><enum>(C)</enum><header>Extremely low-income family</header><text display-inline="yes-display-inline">The term <quote>extremely low-income family</quote> means a family having an income that is not greater than 30 percent of area median income, with adjustments for smaller and larger families, as determined by the Secretary.</text></subparagraph></paragraph> <paragraph id="H30CCE89F929D4F76893ECC1F05C5A75B"><enum>(4)</enum><header>Manufactured home</header><text display-inline="yes-display-inline">The term <quote>manufactured home</quote>' has the meaning given such term in section 603 of the National Manufactured Housing Construction and Safety Standards Act of 1974 (<external-xref legal-doc="usc" parsable-cite="usc/42/5402">42 U.S.C. 5402</external-xref>) and such term includes any structure that meets such definition without regard to when it was constructed or manufactured. Such term includes single- and multi-section manufactured homes.</text></paragraph>
<paragraph id="HAF957E4149824CA19461961C42CC01D4"><enum>(5)</enum><header>Modular home</header><text display-inline="yes-display-inline">The term <quote>modular home</quote> means a home that is constructed in a factory in one or more modules—</text> <subparagraph id="HD788B5D2D1ED4AAB96294F47102035C9"><enum>(A)</enum><text>each of which meet applicable State and local building codes of the area in which the home will be located; and</text></subparagraph>
<subparagraph id="H99A095EC2FA148E593C945B094804F30"><enum>(B)</enum><text>that are transported to the home building site, installed on foundations, and completed.</text></subparagraph></paragraph> <paragraph id="HCE51CC2CFE2E4589A384907D0E41619E"><enum>(6)</enum><header>Qualified nonprofit organization</header><text>The term <quote>qualified nonprofit organization</quote> means any private, nonprofit organization (including a State or locally chartered nonprofit organization) that—</text>
<subparagraph id="H5D719C8234384E0C8EDCCE0C4968E6C3"><enum>(A)</enum><text>is organized under State or local laws;</text></subparagraph> <subparagraph id="H71C38829D0EF4ADEBBC1D166BECFFB3D"><enum>(B)</enum><text>has no part of its net earning inuring to the benefit of any member, founder, contributor or individual;</text></subparagraph>
<subparagraph id="HE226E4CE7FE045DD8DCC26F93C6F94AA"><enum>(C)</enum><text>complies with standards of financial accountability acceptable to the Secretary; and</text></subparagraph> <subparagraph id="H19F0FCA71A6C4FBABD3B316F3E8023E8"><enum>(D)</enum><text>has among its purposes significant activities related to the provision of decent housing that is affordable to low-income families.</text></subparagraph></paragraph>
<paragraph id="HBC48C9882AE74EC8A3DAD85D46DB9012"><enum>(7)</enum><header>Secretary</header><text>The term <quote>Secretary</quote> means the Secretary of Housing and Urban Development.</text></paragraph> <paragraph commented="no" id="HE8BDD8AA7C9F455FB4F1E1E082B24F2D"><enum>(8)</enum><header>State</header><text>The term <quote>State</quote> means the States of the United States, the District of Columbia, the Commonwealth of Puerto Rico, the Commonwealth of the Northern Mariana Islands, Guam, the Virgin Islands, American Samoa, the Trust Territory of the Pacific Islands, and any other territory or possession of the United States.</text></paragraph>
<paragraph id="H7DA3AA82B980437CA1BE308EFD44F2AF"><enum>(9)</enum><header>Unit of general local government</header><text>The term <quote>unit of general local government</quote> means a city, county, town, township, parish, village, or other general purpose subdivision of a State, or a consortium of such political subdivisions.</text></paragraph></subsection> <subsection id="HE0B0B9D98E9740EC80F7961E7FAD4F18"><enum>(g)</enum><header>Regulations</header><text>The Secretary may issue any regulations necessary to carry out the program under this section.</text></subsection>
<subsection id="H55C5FB0293444DF790B1FD104CD9EACB"><enum>(h)</enum><header>Authorization of appropriations</header><text display-inline="yes-display-inline">For grants under this section, there is authorized to be appropriated $50,000,000 for each of fiscal years 2018 through 2027.</text></subsection></section> </legis-body></bill>

