<?xml version="1.0"?>
<?xml-stylesheet type="text/xsl" href="billres.xsl"?>
<!DOCTYPE bill PUBLIC "-//US Congress//DTDs/bill.dtd//EN" "bill.dtd">
<bill bill-stage="Introduced-in-House" bill-type="olc" dms-id="HD053A3D525D9491A89DA7CFA5804D1E9" key="H" public-private="public"><metadata xmlns:dc="http://purl.org/dc/elements/1.1/">
<dublinCore>
<dc:title>115 HR 543 IH: Prioritizing the Most Vulnerable Americans Act</dc:title>
<dc:publisher>U.S. House of Representatives</dc:publisher>
<dc:date>2017-01-13</dc:date>
<dc:format>text/xml</dc:format>
<dc:language>EN</dc:language>
<dc:rights>Pursuant to Title 17 Section 105 of the United States Code, this file is not subject to copyright protection and is in the public domain.</dc:rights>
</dublinCore>
</metadata>
<form>
<distribution-code display="yes">I</distribution-code><congress display="yes">115th CONGRESS</congress><session display="yes">1st Session</session><legis-num display="yes">H. R. 543</legis-num><current-chamber>IN THE HOUSE OF REPRESENTATIVES</current-chamber><action display="yes"><action-date date="20170113">January 13, 2017</action-date><action-desc><sponsor name-id="C001092">Mr. Collins of New York</sponsor> (for himself, <cosponsor name-id="M001190">Mr. Mullin</cosponsor>, <cosponsor name-id="G000558">Mr. Guthrie</cosponsor>, <cosponsor name-id="B001243">Mrs. Blackburn</cosponsor>, <cosponsor name-id="B001275">Mr. Bucshon</cosponsor>, and <cosponsor name-id="F000461">Mr. Flores</cosponsor>) introduced the following bill; which was referred to the <committee-name committee-id="HIF00">Committee on Energy and Commerce</committee-name></action-desc></action><legis-type>A BILL</legis-type><official-title display="yes">To amend title XIX of the Social Security Act for purposes of prioritizing the most vulnerable
			 Medicaid patients.</official-title></form>
	<legis-body id="HCDCA76A7F5274C9094E9C9F481906E52" style="OLC">
 <section id="H38CE0EF26BD14D56A2A386C4E01EF1D9" section-type="section-one"><enum>1.</enum><header>Short title</header><text display-inline="no-display-inline">This Act may be cited as the <quote><short-title>Prioritizing the Most Vulnerable Americans Act</short-title></quote>.</text> </section><section id="HF8C2A0BEBADB44319FBDC21E549EDA07"><enum>2.</enum><header>Prioritizing the most vulnerable Medicaid patients</header> <subsection id="H01691914867146EDBFA8464416DC0637"><enum>(a)</enum><header>In general</header><text display-inline="yes-display-inline">Section 1115 of the Social Security Act (<external-xref legal-doc="usc" parsable-cite="usc/42/1315">42 U.S.C. 1315</external-xref>) is amended by adding at the end the following new subsection:</text>
				<quoted-block display-inline="no-display-inline" id="HC4697DCFE02C4C40A1B19CB07FC22687" style="traditional">
 <subsection id="H1BA10E66683049C09B5DB0F8BC91100C"><enum>(g)</enum><text display-inline="yes-display-inline">In making a determination using the authority under paragraph (2)(A) of subsection (a) (relating to treating costs that would not otherwise be included as expenditures under section 1903 and which are not included as part of the costs of projects under section 1110 as expenditures under the State plan or plans approved under title XIX) to approve an application or renewal of any experimental, pilot, or demonstration project undertaken under such subsection to promote the objectives of title XIX (referred to in this subsection as a <quote>Medicaid demonstration project</quote>), the Secretary shall—</text>
 <paragraph id="HA38733DECBFF4C5AA958879C15B93973"><enum>(1)</enum><text display-inline="yes-display-inline">give priority to Medicaid demonstration projects that have been proven to be effective in improving the medical care and health outcomes of individuals who are uninsured, individuals eligible to receive medical assistance under a State plan under title XIX, or individuals whose household income does not exceed 150 percent of the poverty line (as defined in section 2110(c)(5)) applicable to a family of the size involved;</text>
 </paragraph><paragraph id="H9808B3DFA12D4615AA41397DA1F39190"><enum>(2)</enum><text>require that the State submitting such application or renewal submit to the Secretary, and make publicly available, any available data or metrics regarding the health outcomes for the individuals to be served by such Medicaid demonstration project;</text>
 </paragraph><paragraph id="HFBFC2296623D4A4CB5053F6DE6C30EA0"><enum>(3)</enum><text>ensure that such Medicaid demonstration project is not duplicative of any Federal program or funding opportunity; and</text>
 </paragraph><paragraph id="H17695988CE4F4E53A250C14EFB9C4F1B"><enum>(4)</enum><text display-inline="yes-display-inline">require that the State submitting such application or renewal submit to the Secretary, and make publicly available, an analysis of the degree to which such Medicaid demonstration project, if at all, precludes efforts undertaken by private sector and charitable sector entities to improve medical care and health outcomes for the individuals described in paragraph (1).</text></paragraph></subsection><after-quoted-block>.</after-quoted-block></quoted-block>
 </subsection><subsection id="H444C6BDADD134CF0BA0A909279B87EFD"><enum>(b)</enum><header>Effective date</header><text>The amendment made by subsection (a) shall apply with respect to applications or renewals submitted on or after January 1, 2018.</text>
			</subsection></section></legis-body></bill>


