<?xml version="1.0"?>
<?xml-stylesheet type="text/xsl" href="billres.xsl"?>
<!DOCTYPE bill PUBLIC "-//US Congress//DTDs/bill.dtd//EN" "bill.dtd">
<bill bill-stage="Engrossed-in-House" bill-type="olc" dms-id="HB3F1B4DA353948058084B22E9222D7C3" key="H" public-private="public" stage-count="1"> 
<metadata xmlns:dc="http://purl.org/dc/elements/1.1/">
<dublinCore>
<dc:title>115 HR 558 EH: Kennesaw Mountain National Battlefield Park Boundary Adjustment Act</dc:title>
<dc:publisher>U.S. House of Representatives</dc:publisher>
<dc:date></dc:date>
<dc:format>text/xml</dc:format>
<dc:language>EN</dc:language>
<dc:rights>Pursuant to Title 17 Section 105 of the United States Code, this file is not subject to copyright protection and is in the public domain.</dc:rights>
</dublinCore>
</metadata>
<form>
<distribution-code display="no">I</distribution-code>
<congress display="yes">115th CONGRESS</congress><session display="yes">1st Session</session>
<legis-num display="yes">H. R. 558</legis-num>
<current-chamber display="no">IN THE HOUSE OF REPRESENTATIVES</current-chamber>
<legis-type>AN ACT</legis-type>
<official-title display="yes">To adjust the boundary of the Kennesaw Mountain National Battlefield Park to include the Wallis House and Harriston Hill, and for other purposes.</official-title>
</form> 
<legis-body id="HA2B585162BF041279511C83D5F26F9AB" style="OLC"> 
<section id="HE0479107A326436DB6AAE5C5C0260849" section-type="section-one"><enum>1.</enum><header>Short title</header><text display-inline="no-display-inline">This Act may be cited as the <quote><short-title>Kennesaw Mountain National Battlefield Park Boundary Adjustment Act</short-title></quote>.</text> </section> <section id="H492F81EE563349BFB3894B8798672816"><enum>2.</enum><header>Findings</header><text display-inline="no-display-inline">The Congress finds the following:</text> 
<paragraph id="HFAB8094490C54F62A57F2665C28F1409"><enum>(1)</enum><text display-inline="yes-display-inline">Kennesaw Mountain National Battlefield Park was authorized as a unit of the National Park System on June 26, 1935. Prior to 1935, parts of the park had been acquired and protected by Civil War veterans and the War Department.</text> </paragraph> <paragraph id="H94CF20198D174E8BB437AC4F2D2DC70B"><enum>(2)</enum><text display-inline="yes-display-inline">Kennesaw Mountain National Battlefield Park protects Kennesaw Mountain and Kolb’s Farm, which are battle sites along the route of General Sherman’s 1864 campaign to take Atlanta.</text> </paragraph>
<paragraph id="HAF7A8525B29A4B2AB8E6291340EEFA53"><enum>(3)</enum><text display-inline="yes-display-inline">Most of the park protects Confederate positions and strategy. The Wallis House is one of the few original structures remaining from the Battle of Kennesaw Mountain associated with Union positions and strategy.</text> </paragraph> <paragraph id="HC03728D7627742878B4BD01720581D7F"><enum>(4)</enum><text display-inline="yes-display-inline">The Wallis House is strategically located next to a Union signal station at Harriston Hill.</text> </paragraph></section>
<section id="H4671AD53AF2E48E2991EE159F2358E60"><enum>3.</enum><header>Boundary adjustment; land acquisition; administration</header> 
<subsection id="HED09803D5E144CB9B73667A854BDB5C4"><enum>(a)</enum><header>Boundary adjustment</header><text display-inline="yes-display-inline">The boundary of the Kennesaw Mountain National Battlefield Park is modified to include the approximately 8 acres identified as <quote>Wallis House and Harriston Hill</quote>, and generally depicted on the map titled <quote>Kennesaw Mountain National Battlefield Park, Proposed Boundary Adjustment</quote>, numbered 325/80,020, and dated February 2010.</text> </subsection> <subsection id="HB674BA897CA9482EA838FAAB1D23A412"><enum>(b)</enum><header>Map</header><text>The map referred to in subsection (a) shall be on file and available for inspection in the appropriate offices of the National Park Service.</text> </subsection>
<subsection id="H3E33377E99AA4E3AB1B7AC0C0184BD2B"><enum>(c)</enum><header>Land acquisition</header><text display-inline="yes-display-inline">The Secretary of the Interior is authorized to acquire, from willing owners only, land or interests in land described in subsection (a) by donation or exchange.</text> </subsection> <subsection id="HDC92232A6D0A4E29A384CF55CB42DE99"><enum>(d)</enum><header>Administration of acquired lands</header><text display-inline="yes-display-inline">The Secretary of the Interior shall administer land and interests in land acquired under this section as part of the Kennesaw Mountain National Battlefield Park in accordance with applicable laws and regulations.</text> </subsection>
<subsection id="HC8CCCA06F278444BB9C3F106E8141229"><enum>(e)</enum><header>Written consent of owner</header><text>No non-Federal property may be included in the Kennesaw Mountain National Battlefield Park without the written consent of the owner. This provision shall apply only to those portions of the Park added under subsection (a).</text> </subsection> <subsection id="H15ABC0F039144063A2540FDBC431C457"><enum>(f)</enum><header>No use of condemnation</header><text>The Secretary of the Interior may not acquire by condemnation any land or interests in land under this Act or for the purposes of this Act.</text> </subsection>
<subsection id="H1F60372C2A9B4EBCBC6E2601CC76CB2F"><enum>(g)</enum><header>No buffer zone created</header><text>Nothing in this Act, the establishment of the Kennesaw Mountain National Battlefield Park, or the management plan for the Kennesaw Mountain National Battlefield Park shall be construed to create buffer zones outside of the Park. That activities or uses can be seen, heard, or detected from areas within the Kennesaw Mountain National Battlefield Park shall not preclude, limit, control, regulate or determine the conduct or management of activities or uses outside the Park.</text> </subsection></section> </legis-body><attestation><attestation-group><attestation-date date="20170130" chamber="House">Passed the House of Representatives January 30, 2017.</attestation-date><attestor display="no">Karen L. Haas,</attestor><role>Clerk.</role></attestation-group></attestation> <endorsement display="yes"></endorsement> </bill> 

