<?xml version="1.0"?>
<?xml-stylesheet type="text/xsl" href="billres.xsl"?>
<!DOCTYPE bill PUBLIC "-//US Congress//DTDs/bill.dtd//EN" "bill.dtd">
<bill bill-stage="Introduced-in-House" bill-type="olc" dms-id="H39DC8C5CCCBA41B19B52DEB89C1DF6A6" key="H" public-private="public"><metadata xmlns:dc="http://purl.org/dc/elements/1.1/">
<dublinCore>
<dc:title>115 HR 641 IH: Better Agriculture Resources Now Act</dc:title>
<dc:publisher>U.S. House of Representatives</dc:publisher>
<dc:date>2017-01-24</dc:date>
<dc:format>text/xml</dc:format>
<dc:language>EN</dc:language>
<dc:rights>Pursuant to Title 17 Section 105 of the United States Code, this file is not subject to copyright protection and is in the public domain.</dc:rights>
</dublinCore>
</metadata>
<form>
<distribution-code display="yes">I</distribution-code><congress display="yes">115th CONGRESS</congress><session display="yes">1st Session</session><legis-num display="yes">H. R. 641</legis-num><current-chamber>IN THE HOUSE OF REPRESENTATIVES</current-chamber><action display="yes"><action-date date="20170124">January 24, 2017</action-date><action-desc><sponsor name-id="A000372">Mr. Allen</sponsor> (for himself, <cosponsor name-id="B001295">Mr. Bost</cosponsor>, <cosponsor name-id="C001103">Mr. Carter of Georgia</cosponsor>, <cosponsor name-id="C001096">Mr. Cramer</cosponsor>, <cosponsor name-id="M001189">Mr. Messer</cosponsor>, and <cosponsor name-id="R000597">Mr. Rice of South Carolina</cosponsor>) introduced the following bill; which was referred to the <committee-name committee-id="HJU00">Committee on the Judiciary</committee-name></action-desc></action><legis-type>A BILL</legis-type><official-title display="yes">To reform the H–2A program for nonimmigrant agricultural workers, and for other purposes.</official-title></form>
	<legis-body id="H2FC67401477A46ACA6B1145304D44C59" style="OLC">
 <section id="HA6C1639F53B34F6498BDCFA13559882D" section-type="section-one"><enum>1.</enum><header>Short title</header><text display-inline="no-display-inline">This Act may be cited as—</text> <paragraph id="HF5E42E5F2DE94D51AFAE32CB6DFD4F2A"><enum>(1)</enum><text>the <quote><short-title>Better Agriculture Resources Now Act</short-title></quote>; or</text>
 </paragraph><paragraph id="HEEF04CCBF3F34E58B82FB64F82388F51"><enum>(2)</enum><text>the <quote><short-title>BARN Act</short-title></quote>.</text> </paragraph></section><section id="H69FCB340A05645BD90B6422817892D70" section-type="subsequent-section"><enum>2.</enum><header>H–2A program reforms</header> <subsection id="H67B984D456AA4D568ACC47A44C90610F"><enum>(a)</enum><header>Definition of agricultural labor or services</header><text display-inline="yes-display-inline">Section 101(a)(15)(H)(ii)(a) of the Immigration and Nationality Act (<external-xref legal-doc="usc" parsable-cite="usc/8/1101">8 U.S.C. 1101(a)(15)(H)(ii)(a)</external-xref>) is amended—</text>
 <paragraph id="HC784E1036C354ED589891F956A8F9DBB"><enum>(1)</enum><text>by striking <quote>Secretary of Labor</quote> and inserting <quote>Secretary of Agriculture</quote>;</text> </paragraph><paragraph id="HD46AF9E8A6184371A5C2560A95B00DDD"><enum>(2)</enum><text>by striking <quote>and the pressing</quote> and inserting <quote>the pressing</quote>; and</text>
 </paragraph><paragraph id="H2E47E61B27D446889AD2968C7127B130"><enum>(3)</enum><text display-inline="yes-display-inline">by striking <quote>of a temporary</quote> and all that follows through the end and inserting <quote>, and the handling, planting, drying, packing, packaging, processing, freezing, grading, storing, or delivering to storage or to market or to a carrier for transportation to market, in its unmanufactured state, any agricultural or horticultural commodity, or</quote>.</text>
 </paragraph></subsection><subsection id="HC8254A672C6446399D743BDB677CFA82"><enum>(b)</enum><header>Administering official</header><text>Section 218 of such Act (<external-xref legal-doc="usc" parsable-cite="usc/8/1188">8 U.S.C. 1188</external-xref>) is amended by striking <quote>Secretary of Labor</quote> each place such term appears and inserting <quote>Secretary of Agriculture</quote>.</text> </subsection><subsection id="H8B67E225983F469DA7C81236C70606D8"><enum>(c)</enum><header>Deemed approval</header><text display-inline="yes-display-inline">Section 218(c)(3)(A) of such Act (<external-xref legal-doc="usc" parsable-cite="usc/8/1188">8 U.S.C. 1188(c)(3)(A)</external-xref>) is amended by inserting before <quote>In considering</quote> the following: <quote>The Secretary of Agriculture shall review such application and shall provide a determination on the application within 15 days of the date of the filing of the application. If the Secretary does not comply with the deadline in the preceding sentence, the application shall be deemed approved.</quote>.</text>
 </subsection><subsection id="H8BF406785AF84F388E66EF087CCFEEA8"><enum>(d)</enum><header>Experience requirement</header><text display-inline="yes-display-inline">Section 218(c)(3)(A) of such Act (<external-xref legal-doc="usc" parsable-cite="usc/8/1188">8 U.S.C. 1188(c)(3)(A)</external-xref>), as amended by subsection (b), is further amended by adding at the end the following: <quote>A job offer may contain an experience requirement as long as work performed in an illegal status may not be counted towards such requirement.</quote>.</text>
 </subsection><subsection id="H319549B298B646DABE9054DA5ABBF2C4"><enum>(e)</enum><header>Elimination of 50-Percent rule</header><text>Section 218(c)(3) of such Act (<external-xref legal-doc="usc" parsable-cite="usc/8/1188">8 U.S.C. 1188(c)(3)</external-xref>) is amended—</text> <paragraph id="H531A89EF9CDA4C93A1B4AAB03B401A9A"><enum>(1)</enum><text>by striking <quote>(A)</quote>; and</text>
 </paragraph><paragraph id="HEB917653749B4CED9579AFAF720F0B9B"><enum>(2)</enum><text>by striking subparagraph (B).</text> </paragraph></subsection><subsection id="H05BFA531EC4E4D2EAEC8ED8407518D67"><enum>(f)</enum><header>Wage rate</header><text display-inline="yes-display-inline">Section 218(a)(1)(B) of such Act (<external-xref legal-doc="usc" parsable-cite="usc/8/1188">8 U.S.C. 1188(a)(1)(B)</external-xref>) is amended by striking the period at the end and inserting <quote>, except that no employer shall be required to pay a wage rate greater than 115 percent of the greatest of the Federal and State minimum wage rates.</quote>.</text>
 </subsection><subsection id="HFDB51085A6C5462A90C42B772E675ECB"><enum>(g)</enum><header>Deadline for filing applications</header><text>Section 218(c)(1) of such Act (<external-xref legal-doc="usc" parsable-cite="usc/8/1188">8 U.S.C. 1188(c)(1)</external-xref>) is amended by striking <quote>45</quote> and inserting <quote>30</quote>.</text> </subsection><subsection id="HFB6D830F7269441C89B064817F766FA0"><enum>(h)</enum><header>Period of authorized nonimmigrant status</header><text>Section 218(h) of such Act (<external-xref legal-doc="usc" parsable-cite="usc/8/1188">8 U.S.C. 1188(h)</external-xref>) is amended by adding at the end the following:</text>
				<quoted-block display-inline="no-display-inline" id="H022FFC4ECD4F4281BEC7C243E497B88D" style="traditional">
 <paragraph id="HD39AF34E6E6040DD9D44D3941CEA7567" indent="up1"><enum>(3)</enum><text display-inline="yes-display-inline">The initial period of authorized status as a nonimmigrant described in section 101(a)(15)(H)(ii)(a) shall not exceed 1 year. Such period may be extended once by the Secretary of Homeland Security for a period of up to 1 year, except that such extension may be granted only if the Secretary of Agriculture determines that the employer has engaged in the positive recruitment efforts described in subsection (b)(4) (including the obligation to circulate the employer’s job offer through the interstate employment service system). In the case of a nonimmigrant who has remained in the United States for the full 2-year period, the nonimmigrant shall be obliged to depart the United States and shall not be eligible to re-apply for a visa to re-enter the United States as such a nonimmigrant for a period of 2 months. If at any time during a period of authorized admission the alien has a work lapse period of 60 days or more, the visa of the alien shall be deemed revoked and the alien shall be required to depart from the United States, except that if an employer has applied for a certification under subsection (a)(1) with respect to an alien who has a work lapse of 60 days or less, such period shall not begin until after the Secretary has made a determination on the application consistent with subsection (c).</text></paragraph><after-quoted-block>.</after-quoted-block></quoted-block>
 </subsection><subsection id="H9070CC6134C244CBB5886147DA5881F3"><enum>(i)</enum><header>Housing</header><text>Section 218(c)(4) of such Act (<external-xref legal-doc="usc" parsable-cite="usc/8/1188">8 U.S.C. 1188(c)(4)</external-xref>) is amended to read as follows:</text> <quoted-block display-inline="no-display-inline" id="HC4B03FDF07F7462EA84A78413FE307D2" style="OLC"> <paragraph id="H266C493D1C2A48308D0592D07D84DD73"><enum>(4)</enum><header>Housing requirement</header> <subparagraph id="HB26CF76FD36345FB98BB303C8F685750"><enum>(A)</enum><header>In general</header><text>Except as provided under subparagraph (F), each employer applying for workers under subsection (b) shall offer to provide housing at no cost to—</text>
 <clause id="H4963DEEAB2F9429C9D4477F08650132A"><enum>(i)</enum><text>all workers in job opportunities for which the employer has applied; and</text> </clause><clause id="HD760E12D4CE645B39A14CC4BA1BEC7FB"><enum>(ii)</enum><text>all other workers in the same occupation at the same place of employment whose place of residence is beyond normal commuting distance.</text>
 </clause></subparagraph><subparagraph id="H9644F4294F034012BBB9F1C173D39338"><enum>(B)</enum><header>Compliance</header><text>An employer meets the requirement under subparagraph (A) if the employer—</text> <clause id="H2835494FCD914F288AE115ADE28141BC"><enum>(i)</enum><text>provides the workers with housing that meets applicable Federal standards for temporary labor camps; or</text>
 </clause><clause id="H4E4039A414984141B7720A5B607650EA"><enum>(ii)</enum><text>secures housing for the workers that—</text> <subclause id="H74BD6DA9DF5C42C7ADE84D9B2E9FF296"><enum>(I)</enum><text>meets applicable local standards for rental or public accommodation housing, or other substantially similar class of habitation; or</text>
 </subclause><subclause id="H3FA370CD585E45ECB359927BDEC01169"><enum>(II)</enum><text>in the absence of applicable local standards, meets State standards for rental or public accommodation housing or other substantially similar class of habitation.</text>
								</subclause></clause></subparagraph><subparagraph id="H81F73AF4F4F34920BF6C86E5670C7BF3"><enum>(C)</enum><header>Inspection</header>
 <clause id="HEA4FAE569FDE4DF7AC963C5CBC815DF5"><enum>(i)</enum><header>Request</header><text>At the time an employer that plans to provide housing described in subparagraph (B) to H–2A workers files an application for H–2A workers with the Secretary of Agriculture, the employer shall request a certificate of inspection by an approved Federal or State agency.</text>
 </clause><clause id="H492CF7DCAEC946CFAF70FB97727DDA50"><enum>(ii)</enum><header>Inspection; followup</header><text>Not later than 28 days after the receipt of a request under clause (i), the Secretary of Agriculture shall ensure that—</text>
 <subclause id="HD6E76C1228AF46D68F20D4D144199F40"><enum>(I)</enum><text>such an inspection has been conducted; and</text> </subclause><subclause id="H782774D2034344728136E6BC862543E7"><enum>(II)</enum><text>any necessary followup has been scheduled to ensure compliance with the requirements under this paragraph.</text>
 </subclause></clause><clause id="H55E72B7E8E8648BBBA587538DF8CD830"><enum>(iii)</enum><header>Delay prohibited</header><text>The Secretary of Agriculture may not delay the approval of an application for failing to comply with the deadlines set forth in clause (ii).</text>
 </clause></subparagraph><subparagraph id="H628F2FDF42464E9A8D2D45435FAE88F2"><enum>(D)</enum><header>Rulemaking</header><text>The Secretary of Agriculture shall issue regulations that address the specific requirements for the provision of housing to workers engaged in the range production of livestock.</text>
						</subparagraph><subparagraph id="H108A9468D3834540A989F380C4B78794"><enum>(E)</enum><header>Housing allowance</header>
 <clause id="H106435182229477C8388E6B9009D893F"><enum>(i)</enum><header>Authority</header><text>If the Governor of a State certifies to the Secretary of Agriculture that there is adequate housing available in the area of intended employment for migrant farm workers and H–2A workers who are seeking temporary housing while employed in agricultural work, an employer in such State may provide a reasonable housing allowance instead of offering housing pursuant to subparagraph (A). An employer who provides a housing allowance to a worker shall not be required to reserve housing accommodations for the worker.</text>
 </clause><clause id="H579B5EBE13CB4C5AB8EA6BD5FFA900E3"><enum>(ii)</enum><header>Assistance in locating housing</header><text>Upon the request of a worker seeking assistance in locating housing, an employer providing a housing allowance under clause (i) shall make a good faith effort to assist the worker in identifying and locating housing in the area of intended employment.</text>
 </clause><clause id="H0143BC0EE0624C3CAF4B4B0C34BE10FE"><enum>(iii)</enum><header>Limitation</header><text>A housing allowance may not be used for housing that is owned or controlled by the employer. An employer who offers a housing allowance to a worker, or assists a worker in locating housing which the worker occupies under this subparagraph shall not be deemed a housing provider under section 203 of the Migrant and Seasonal Agricultural Worker Protect Act (<external-xref legal-doc="usc" parsable-cite="usc/29/1823">29 U.S.C. 1823</external-xref>) solely by virtue of providing such housing allowance.</text>
							</clause><clause id="H0635581CCBFC449796702C2FF9CF7B28"><enum>(iv)</enum><header>Other requirements</header>
 <subclause id="HA183740B1C3C44CF9E8E3B8B2EDF240D"><enum>(I)</enum><header>Nonmetropolitan county</header><text>If the place of employment of the workers provided an allowance under this subparagraph is a nonmetropolitan county, the amount of the housing allowance under this subparagraph shall be equal to the statewide average fair market rental for existing housing for nonmetropolitan counties for the State, as established by the Secretary of Housing and Urban Development pursuant to section 8(c) of the United States Housing Act of 1937 (<external-xref legal-doc="usc" parsable-cite="usc/42/1437f">42 U.S.C. 1437f(c)</external-xref>), based on a 2-bedroom dwelling unit and an assumption of 2 persons per bedroom.</text>
 </subclause><subclause id="H2FE9CC0A52CE4CF3A3783EDEDD172D71"><enum>(II)</enum><header>Metropolitan county</header><text>If the place of employment of the workers provided an allowance under this subparagraph is in a metropolitan county, the amount of the housing allowance under this subparagraph shall be equal to the statewide average fair market rental for existing housing for metropolitan counties for the State, as established by the Secretary of Housing and Urban Development pursuant to section 8(c) of the United States Housing Act of 1937 (<external-xref legal-doc="usc" parsable-cite="usc/42/1437f">42 U.S.C. 1437f(c)</external-xref>), based on a 2-bedroom dwelling unit and an assumption of 2 persons per bedroom.</text>
 </subclause></clause><clause id="HCF17A66E6F2C4850AD88C9F8E40A80A0"><enum>(v)</enum><header>Information</header><text>If the employer provides a housing allowance to H–2A employees, the employer shall provide a list of the names and local addresses of such workers to the Secretary of Agriculture and the Secretary of Homeland Security once per contract period.</text></clause></subparagraph></paragraph><after-quoted-block>.</after-quoted-block></quoted-block>
 </subsection><subsection id="H4E27228744B0477185C0DF13953780B9"><enum>(j)</enum><header>Legal assistance from the Legal Services Corporation</header><text>Section 218(h) of such Act (<external-xref legal-doc="usc" parsable-cite="usc/8/1188">8 U.S.C. 1188(h)</external-xref>), as amended by subsection (g), is further amended by adding at the end the following:</text>
				<quoted-block display-inline="no-display-inline" id="H06877EC665E5429DAA7868B0EE5390AA" style="traditional">
					<paragraph id="HD66E34CF59ED41BFBB16CF496690C10C" indent="up1"><enum>(4)</enum>
 <subparagraph commented="no" display-inline="yes-display-inline" id="HF92B4BCB385F4503B3408D82A815D7D7"><enum>(A)</enum><text>The Legal Services Corporation may not provide legal assistance for, or on behalf of, any alien, and may not provide financial assistance to any person or entity that provides legal assistance for, or on behalf of, any alien, unless—</text>
 <clause id="H7692F135195A40DEBB4B452EEF032B7F" indent="up1"><enum>(i)</enum><text display-inline="yes-display-inline">the alien is present in the United States at the time the legal assistance is provided; and</text> </clause><clause id="H1AD0ADAC37E6405B8548117C44A6CF0A" indent="up1"><enum>(ii)</enum><text>the parties to the dispute have attempted, in good faith, mediation or other non-binding dispute resolution of all issues involving all such parties.</text>
 </clause></subparagraph><subparagraph id="H11D8AB30B5F5405A91C8E10182C21D25" indent="up1"><enum>(B)</enum><text>If an employer and a nonimmigrant having status under section 101(a)(15)(H)(ii)(a) have an arbitration arrangement, the Legal Services Corporation shall respect the arbitration process and outcome.</text>
 </subparagraph><subparagraph id="H381A0849FE6F426EB0EE9FD02B343368" indent="up1"><enum>(C)</enum><text display-inline="yes-display-inline">No employer of a nonimmigrant having status under section 101(a)(15)(H)(ii)(a) shall be required to permit any recipient of a grant or contract under section 1007 of the Legal Services Corporation Act (<external-xref legal-doc="usc" parsable-cite="usc/42/2996f">42 U.S.C. 2996f</external-xref>), or any employee of such a recipient, to enter upon the employer’s property, unless such recipient or employee has a pre-arranged appointment with a specific nonimmigrant having such status.</text></subparagraph></paragraph><after-quoted-block>.</after-quoted-block></quoted-block>
 </subsection><subsection id="H2391CE000A644DB0B04743281D55A764"><enum>(k)</enum><header>Effect of violations while in United States</header><text>Section 218(f) of such Act (<external-xref legal-doc="usc" parsable-cite="usc/8/1188">8 U.S.C. 1188(f)</external-xref>) is amended to read as follows:</text> <quoted-block display-inline="no-display-inline" id="HD2CEFFFF76834E6AB467F4216A4D7F43" style="OLC"> <subsection id="H814330323E78448C9DD51211E5C53142"><enum>(f)</enum><header>Effect of violations</header> <paragraph id="H5DA4FDF4D84444C2A4770F2A64E26DDE"><enum>(1)</enum><header>Overstays</header><text display-inline="yes-display-inline">An alien may not be admitted to the United States as a nonimmigrant having status under section 101(a)(15)(H)(ii)(a) if the alien was admitted to the United States as such a nonimmigrant within the previous 5-year period and the alien remained after the alien’s period of authorized admission expired or otherwise violated a term or condition of such previous admission.</text>
 </paragraph><paragraph id="H4D2E87C80F094B0A956B2D6DC9D1CD85"><enum>(2)</enum><header>Fraud</header><text display-inline="yes-display-inline">An alien may not be admitted to the United States as a nonimmigrant having status under section 101(a)(15)(H)(ii)(a) if the alien was admitted to the United States as such a nonimmigrant on the basis of fraud.</text>
 </paragraph><paragraph id="HFFCC2AF8499E423FB8A79A3DC8B02569"><enum>(3)</enum><header>Other crimes</header><text display-inline="yes-display-inline">An alien may not be admitted to the United States as a nonimmigrant having status under section 101(a)(15)(H)(ii)(a) if the alien was admitted to the United States as such a nonimmigrant and committed an offense that rendered the alien deportable while in the United States pursuant to such admission.</text>
 </paragraph><paragraph id="HE9B19984614C40138BF8FF75E178DF40"><enum>(4)</enum><header>Employer bar</header><text>The Secretary of Agriculture may not issue a certification under subsection (a) with respect to an employer if the Secretary finds, after notice and an opportunity for a hearing, that the employer knowingly hired an H–2A worker whose period of authorized admission had expired or that the employer otherwise engaged in fraud or misrepresentation with respect to the program for the admission of such workers into the United States. The Secretary of Homeland Security shall not thereafter approve petitions filed by such employer under section 214(c). An employer that establishes that it has complied in good faith with the requirements of this Act has established an affirmative defense in an action brought under this paragraph.</text></paragraph></subsection><after-quoted-block>.</after-quoted-block></quoted-block>
			</subsection></section></legis-body></bill>


