<?xml version="1.0"?>
<?xml-stylesheet type="text/xsl" href="billres.xsl"?>
<!DOCTYPE bill PUBLIC "-//US Congress//DTDs/bill.dtd//EN" "bill.dtd">
<bill bill-stage="Introduced-in-House" bill-type="olc" dms-id="H022B32CAE3E24BB392B70D7E54C77992" key="H" public-private="public"><metadata xmlns:dc="http://purl.org/dc/elements/1.1/">
<dublinCore>
<dc:title>115 HR 233 IH: Safe Freight Act of 2017</dc:title>
<dc:publisher>U.S. House of Representatives</dc:publisher>
<dc:date>2017-01-03</dc:date>
<dc:format>text/xml</dc:format>
<dc:language>EN</dc:language>
<dc:rights>Pursuant to Title 17 Section 105 of the United States Code, this file is not subject to copyright protection and is in the public domain.</dc:rights>
</dublinCore>
</metadata>
<form>
<distribution-code display="yes">I</distribution-code><congress display="yes">115th CONGRESS</congress><session display="yes">1st Session</session><legis-num display="yes">H. R. 233</legis-num><current-chamber>IN THE HOUSE OF REPRESENTATIVES</current-chamber><action display="yes"><action-date date="20170103">January 3, 2017</action-date><action-desc><sponsor name-id="Y000033">Mr. Young of Alaska</sponsor> introduced the following bill; which was referred to the <committee-name committee-id="HPW00">Committee on Transportation and Infrastructure</committee-name></action-desc></action><legis-type>A BILL</legis-type><official-title display="yes">To amend title 49, United States Code, to provide for the minimum size of crews of freight trains,
			 and for other purposes.</official-title></form>
	<legis-body id="H9EA0A16ADDF94339946E9F6DE53B212B" style="OLC">
 <section id="HF0EC3D082BA74F22B4105C99D604B838" section-type="section-one"><enum>1.</enum><header>Short title</header><text display-inline="no-display-inline">This Act may be cited as the <quote><short-title>Safe Freight Act of 2017</short-title></quote>.</text> </section><section id="H030AA31D5B924FC8AE92CEECBB52328A"><enum>2.</enum><header>Freight train crew size</header> <subsection id="H6BD1D98C050B4A9F9DFC988BCF36E795"><enum>(a)</enum><header>Amendment</header><text display-inline="yes-display-inline">Subchapter II of <external-xref legal-doc="usc-chapter" parsable-cite="usc-chapter/49/201">chapter 201</external-xref> of title 49, United States Code, is amended by adding at the end the following new section:</text>
				<quoted-block display-inline="no-display-inline" id="HD2ABCD1514894F4AB7CE8BF6814DA902" style="USC">
 <section id="H1CF93438E767418EB8FDE55A9F524B42"><enum>20169.</enum><header>Freight train crew size</header><text display-inline="no-display-inline">Effective 30 days after the date of enactment of the <short-title>Safe Freight Act of 2017</short-title>, no freight train or light engine used in connection with the movement of freight may be operated unless it has a crew consisting of at least 2 individuals, one of whom is certified under regulations promulgated by the Federal Railroad Administration as a locomotive engineer pursuant to section 20135, and the other of whom is certified under regulations promulgated by the Federal Railroad Administration as a conductor pursuant to section 20163.</text></section><after-quoted-block>.</after-quoted-block></quoted-block>
 </subsection><subsection id="H0F0D49AE70CD41A3B3DB9DE0828F5237"><enum>(b)</enum><header>Conforming amendment</header><text display-inline="yes-display-inline">The table of sections for <external-xref legal-doc="usc-chapter" parsable-cite="usc-chapter/49/201">chapter 201</external-xref> of title 49, United States Code, is amended by adding at the end the following new item:</text>
				<quoted-block display-inline="no-display-inline" id="H9D08DD483E9A4086BAD09BF16B77996A" style="USC">
					<toc regeneration="no-regeneration">
						<toc-entry level="section">20169. Freight train crew size.</toc-entry></toc><after-quoted-block>.</after-quoted-block></quoted-block>
			</subsection></section></legis-body></bill>


