<?xml version="1.0"?>
<?xml-stylesheet type="text/xsl" href="billres.xsl"?>
<!DOCTYPE bill PUBLIC "-//US Congress//DTDs/bill.dtd//EN" "bill.dtd">
<bill bill-stage="Introduced-in-House" bill-type="olc" dms-id="HEEE45E6B67CE43CD823AC3BED3B5620D" key="H" public-private="public"><metadata xmlns:dc="http://purl.org/dc/elements/1.1/">
<dublinCore>
<dc:title>115 HR 222 IH: To amend the National Marine Sanctuaries Act to prescribe an additional requirement for the designation of marine sanctuaries off the coast of Alaska, and for other purposes.</dc:title>
<dc:publisher>U.S. House of Representatives</dc:publisher>
<dc:date>2017-01-03</dc:date>
<dc:format>text/xml</dc:format>
<dc:language>EN</dc:language>
<dc:rights>Pursuant to Title 17 Section 105 of the United States Code, this file is not subject to copyright protection and is in the public domain.</dc:rights>
</dublinCore>
</metadata>
<form>
<distribution-code display="yes">I</distribution-code><congress display="yes">115th CONGRESS</congress><session display="yes">1st Session</session><legis-num display="yes">H. R. 222</legis-num><current-chamber>IN THE HOUSE OF REPRESENTATIVES</current-chamber><action display="yes"><action-date date="20170103">January 3, 2017</action-date><action-desc><sponsor name-id="Y000033">Mr. Young of Alaska</sponsor> introduced the following bill; which was referred to the <committee-name committee-id="HII00">Committee on Natural Resources</committee-name></action-desc></action><legis-type>A BILL</legis-type><official-title display="yes">To amend the National Marine Sanctuaries Act to prescribe an additional requirement for the
			 designation of marine sanctuaries off the coast of Alaska, and for other
			 purposes.</official-title></form>
	<legis-body id="HF4F1F7E4BBAD43BC915F20619250349E" style="OLC">
 <section id="HA873044C92974A27BB11C74870F74CD1" section-type="section-one"><enum>1.</enum><header>Limitation on authority to designate marine sanctuaries</header><text display-inline="no-display-inline">Section 303 of the National Marine Sanctuaries Act (<external-xref legal-doc="usc" parsable-cite="usc/16/1433">16 U.S.C. 1433</external-xref>) is amended—</text> <paragraph id="H93D432418E2645CFB6929A79F7C24EAF"><enum>(1)</enum><text display-inline="yes-display-inline">in subsection (a), by striking <quote>The Secretary may</quote> and inserting <quote>Subject to subsection (c), the Secretary may</quote>; and</text>
 </paragraph><paragraph id="HBA80FA9D3938423FB0003480A83A7B51"><enum>(2)</enum><text>by adding at the end the following:</text> <quoted-block display-inline="no-display-inline" id="H6284BD967C3845149BB99D5CCDBD68AE" style="OLC"> <subsection id="H5CF9538465194CA5AEA674D89B6294F2"><enum>(c)</enum><header>Limitation</header><text display-inline="yes-display-inline">The Secretary may not designate as a national marine sanctuary any area of the marine environment off the coast of Alaska seaward of the high tide line unless an Act of Congress—</text>
 <paragraph id="HB2516DAB06A546DD8F532C0AF3A60D71"><enum>(1)</enum><text>requires the Secretary to make such a designation; and</text> </paragraph><paragraph id="HED70C0A2545B49E99263720A3B0B4CC7"><enum>(2)</enum><text>prescribes the boundaries of the area to be given such designation by the Secretary.</text></paragraph></subsection><after-quoted-block>.</after-quoted-block></quoted-block>
			</paragraph></section></legis-body></bill>


