<?xml version="1.0"?>
<?xml-stylesheet type="text/xsl" href="billres.xsl"?>
<!DOCTYPE bill PUBLIC "-//US Congress//DTDs/bill.dtd//EN" "bill.dtd">
<bill bill-stage="Introduced-in-House" bill-type="olc" dms-id="H0B79378535EE4A348515B993622E43D8" key="H" public-private="public"><metadata xmlns:dc="http://purl.org/dc/elements/1.1/">
<dublinCore>
<dc:title>115 HR 384 IH: End the Congressional Revolving Door Act</dc:title>
<dc:publisher>U.S. House of Representatives</dc:publisher>
<dc:date>2017-01-09</dc:date>
<dc:format>text/xml</dc:format>
<dc:language>EN</dc:language>
<dc:rights>Pursuant to Title 17 Section 105 of the United States Code, this file is not subject to copyright protection and is in the public domain.</dc:rights>
</dublinCore>
</metadata>
<form>
<distribution-code display="yes">I</distribution-code><congress display="yes">115th CONGRESS</congress><session display="yes">1st Session</session><legis-num display="yes">H. R. 384</legis-num><current-chamber>IN THE HOUSE OF REPRESENTATIVES</current-chamber><action display="yes"><action-date date="20170109">January 9, 2017</action-date><action-desc><sponsor name-id="P000599">Mr. Posey</sponsor> introduced the following bill; which was referred to the <committee-name committee-id="HHA00">Committee on House Administration</committee-name>, and in addition to the Committee on <committee-name committee-id="HGO00">Oversight and Government Reform</committee-name>, for a period to be subsequently determined by the Speaker, in each case for consideration of such
			 provisions as fall within the jurisdiction of the committee concerned</action-desc></action><legis-type>A BILL</legis-type><official-title display="yes">To provide that a former Member of Congress or former senior Congressional employee who receives
			 compensation as a lobbyist shall not be eligible for retirement benefits
			 or certain other Federal benefits.</official-title></form>
	<legis-body id="H4AD634E73AEF4601B1D94B467B4A2479" style="OLC">
 <section id="H5343B01EF0414D8DA3A4450CB0E3338F" section-type="section-one"><enum>1.</enum><header>Short title</header><text display-inline="no-display-inline">This Act may be cited as the <quote><short-title>End the Congressional Revolving Door Act</short-title></quote>.</text> </section><section display-inline="no-display-inline" id="HF2552E3B317F4B37BE0BFADA0F050C43" section-type="subsequent-section"><enum>2.</enum><header>Prohibition relating to certain Federal benefits for a former Member of Congress or former senior Congressional employee who receives compensation as a lobbyist</header> <subsection id="HEFD4AB6F83DB490185B6B966AFAE0955"><enum>(a)</enum><header>In general</header><text display-inline="yes-display-inline">A covered individual who is a registered lobbyist shall not be eligible for any covered benefits for any month—</text>
 <paragraph id="H0E3B9032A5514DFF83CFE09F90EB603C"><enum>(1)</enum><text>which begins after the date of the enactment of this Act; and</text> </paragraph><paragraph id="H31A40CD87BA242498BBEA2EA3EA65AAC"><enum>(2)</enum><text>in or for which such covered individual is—</text>
 <subparagraph id="HCE92070A70BD4B5A900EA6B368DCDB58"><enum>(A)</enum><text>employed as a lobbyist; and</text> </subparagraph><subparagraph id="H3758C58357CF4E59BA7419A8881AA6A0"><enum>(B)</enum><text>entitled to compensation as a lobbyist.</text>
 </subparagraph></paragraph></subsection><subsection id="HEAE73505D51B42F69DB9AC3D436409EB"><enum>(b)</enum><header>Covered individual</header><text display-inline="yes-display-inline">For purposes of this section, the term <term>covered individual</term> means an individual who becomes a former Member of Congress or a former senior Congressional employee after the date of the enactment of this Act.</text>
 </subsection><subsection id="H1DBB4A63353E4395B68F9D74632A0BF2"><enum>(c)</enum><header>Covered benefits</header><text>For purposes of this section, the term <term>covered benefits</term>, as used with respect to a covered individual, means any payment or other benefit which is payable, by virtue of service performed by such covered individual, under any of the following:</text>
 <paragraph id="HE37186F49DA34126AB66228FA8704DA2"><enum>(1)</enum><text>The Civil Service Retirement System, including the Thrift Savings Plan.</text> </paragraph><paragraph id="HD60B94E041EE4E059059F0810A691BF9"><enum>(2)</enum><text>The Federal Employees’ Retirement System, including the Thrift Savings Plan.</text>
 </paragraph><paragraph id="H157F10E5327A4F0A87E589DB2F9932A6"><enum>(3)</enum><text>The Federal Employees’ Health Benefits Program, including enhanced dental benefits and enhanced vision benefits under chapters 89A and 89B, respectively, of title 5, United States Code.</text>
 </paragraph><paragraph id="H31D99B9F8AEB4B5BADDC4FA8E85736B0"><enum>(4)</enum><text>The Federal Employees’ Group Life Insurance Program.</text> </paragraph></subsection><subsection id="H514A649943E940159C38950A8EF3E9E4"><enum>(d)</enum><header>Definitions</header><text>For purposes of this section—</text>
 <paragraph id="HF3D095F47A8C4AC2ADBB3D7F5E2D7D26"><enum>(1)</enum><text>the term <term>Member of Congress</term> means a Senator, Member of the House of Representatives, or Delegate to the House of Representatives, and the Resident Commissioner from Puerto Rico;</text>
 </paragraph><paragraph id="H825AE65622264915BB1A96E04735F3CF"><enum>(2)</enum><text>the term <term>senior Congressional employee</term> means—</text> <subparagraph id="H33FD9E367E3145D4905055D4935D17A2"><enum>(A)</enum><text display-inline="yes-display-inline">each officer or employee of the legislative branch (except any officer or employee of the Government Accountability Office) who, for at least 60 days, occupies a position for which the rate of basic pay is equal to or greater than 120 percent of the minimum rate of basic pay payable for GS–15 of the General Schedule;</text>
 </subparagraph><subparagraph id="H1E89D4313D08436BAF9978B736AB29AD"><enum>(B)</enum><text>each officer or employee of the Government Accountability Office who, for at least 60 consecutive days, occupies a position for which the rate of basic pay, minus the amount of locality pay that would have been authorized under section 5304 of title 5, United States Code (had the officer or employee been paid under the General Schedule) for the locality within which the position of such officer or employee is located (as determined by the Comptroller General), is equal to or greater than 120 percent of the minimum rate of basic pay payable for GS–15 of the General Schedule; and</text>
 </subparagraph><subparagraph commented="no" id="HCF054B57DBBC440EB70374D99EF3EDA2"><enum>(C)</enum><text>at least one principal assistant designated for purposes of this paragraph by each Member who does not have an employee who occupies a position for which the rate of basic pay is equal to or greater than 120 percent of the minimum rate of basic pay payable for GS–15 of the General Schedule;</text>
 </subparagraph></paragraph><paragraph id="H83CDBAE1E1604E8DBDBD169AA062F48F"><enum>(3)</enum><text>the term <term>registered lobbyist</term> means—</text> <subparagraph id="HDDA1CB707A2B45FDB916ECD5FD55D771"><enum>(A)</enum><text>a lobbyist registered or required to register, or on whose behalf a registration is filed or required to be filed, under section 4 of the Lobbying Disclosure Act of 1995 (<external-xref legal-doc="usc" parsable-cite="usc/2/1603">2 U.S.C. 1603</external-xref>); and</text>
 </subparagraph><subparagraph id="H0A18974EFB344FB38C1DB4E1A2E054BE"><enum>(B)</enum><text>an individual registered or required to register as the agent of a foreign principal under the Foreign Agents Registration Act of 1938, as amended (<external-xref legal-doc="usc" parsable-cite="usc/22/611">22 U.S.C. 611</external-xref> et seq.); and</text>
 </subparagraph></paragraph><paragraph id="H345F647286F94504A13101EC3B407975"><enum>(4)</enum><text>the term <term>lobbyist</term> has the meaning given such term by section 3 of the Lobbying Disclosure Act of 1995 (<external-xref legal-doc="usc" parsable-cite="usc/2/1602">2 U.S.C. 1602</external-xref>).</text>
 </paragraph></subsection><subsection id="H1159BF099A8B43539C9B17A3F70B1363"><enum>(e)</enum><header>Rule of construction</header><text>Nothing in this section shall be considered to prevent the payment of—</text> <paragraph id="HBCBB298103F64C77B8C30D39C8CA1A06"><enum>(1)</enum><text>any lump-sum credit, as defined by section 8331(8) or 8401(19) of title 5, United States Code, to which an individual is entitled; or</text>
 </paragraph><paragraph id="H4B63ADE058534C7EB42FA46D98657F3C"><enum>(2)</enum><text>any amount in the account of an individual in the Thrift Savings Fund which, as of the date on which paragraphs (1) and (2) of subsection (a) are first met with respect to such individual, is nonforfeitable.</text>
 </paragraph></subsection><subsection id="HBD1F40DA0C314FBABC14822CC6EB1ED9"><enum>(f)</enum><header>Regulations</header><text>Any regulations necessary to carry out this section may be prescribed—</text> <paragraph id="HD7DF3056DCC34E5FB1C61B64A004BBC0"><enum>(1)</enum><text>except as provided in paragraph (2), by the Director of the Office of Personnel Management; and</text>
 </paragraph><paragraph id="H9EAFDA3041DB4E43961171BE8B8E75A6"><enum>(2)</enum><text>to the extent that this Act relates to the Thrift Savings Plan, by the Executive Director (as defined by section 8401(13) of title 5, United States Code).</text>
				</paragraph></subsection></section></legis-body></bill>


