<?xml version="1.0"?>
<?xml-stylesheet type="text/xsl" href="billres.xsl"?>
<!DOCTYPE bill PUBLIC "-//US Congress//DTDs/bill.dtd//EN" "bill.dtd">
<bill bill-stage="Introduced-in-House" bill-type="olc" dms-id="HDF52CEE24FE04EA5B4FF9D9DD4B67CC4" key="H" public-private="public"><metadata xmlns:dc="http://purl.org/dc/elements/1.1/">
<dublinCore>
<dc:title>115 HR 380 IH: IRGC Terrorist Designation Act</dc:title>
<dc:publisher>U.S. House of Representatives</dc:publisher>
<dc:date>2017-01-09</dc:date>
<dc:format>text/xml</dc:format>
<dc:language>EN</dc:language>
<dc:rights>Pursuant to Title 17 Section 105 of the United States Code, this file is not subject to copyright protection and is in the public domain.</dc:rights>
</dublinCore>
</metadata>
<form>
<distribution-code display="yes">I</distribution-code><congress display="yes">115th CONGRESS</congress><session display="yes">1st Session</session><legis-num display="yes">H. R. 380</legis-num><current-chamber>IN THE HOUSE OF REPRESENTATIVES</current-chamber><action display="yes"><action-date date="20170109">January 9, 2017</action-date><action-desc><sponsor name-id="M001157">Mr. McCaul</sponsor> introduced the following bill; which was referred to the <committee-name committee-id="HJU00">Committee on the Judiciary</committee-name></action-desc></action><legis-type>A BILL</legis-type><official-title display="yes">To direct the Secretary of State to submit to Congress a report on the designation of Iran’s
			 Islamic Revolutionary Guard Corps as a foreign terrorist organization, and
			 for other purposes.</official-title></form>
	<legis-body id="H9EA3DE7BBABA46E49235B72CF7D6A97C" style="OLC">
 <section id="H7D3B21A18F3E4CC0949F1B7B1F403B33" section-type="section-one"><enum>1.</enum><header>Short title</header><text display-inline="no-display-inline">This Act may be cited as the <quote><short-title>IRGC Terrorist Designation Act</short-title></quote>.</text> </section><section id="HCDE4BAC6019C40CEB0E161A4B29D4C19"><enum>2.</enum><header>Report on designation of Iran’s Islamic Revolutionary Guard Corps as a foreign terrorist organization</header> <subsection id="H8583C2472FF34CAE87DA51C5E7654A9E"><enum>(a)</enum><header>Sense of congress</header><text>It is the sense of Congress that—</text>
 <paragraph id="H3CF4FBE7FE2545D58A0577570FF35C64"><enum>(1)</enum><text display-inline="yes-display-inline">Iran’s Islamic Revolutionary Guard Corps meets the criteria for designation as a foreign terrorist organization as set forth in section 219 of the Immigration and Nationality Act (<external-xref legal-doc="usc" parsable-cite="usc/8/1189">8 U.S.C. 1189</external-xref>); and</text>
 </paragraph><paragraph id="HDA6DE442078F4716A639087A5EA83899"><enum>(2)</enum><text display-inline="yes-display-inline">the Secretary of State should so designate Iran’s Islamic Revolutionary Guard Corps as a foreign terrorist organization under such section 219.</text>
				</paragraph></subsection><subsection id="H576CB7410BDA4DB485C2E2C8579B2CC0"><enum>(b)</enum><header>Report</header>
 <paragraph id="H538774EFC556418A800F6BDE7305487A"><enum>(1)</enum><header>Report required</header><text>Not later than 30 days after the date of the enactment of this Act, the Secretary of State, in consultation with the Director of National Intelligence, shall submit to the appropriate committees of Congress—</text>
 <subparagraph id="H92F18C11CA354754BB1E4928D8893B7F"><enum>(A)</enum><text display-inline="yes-display-inline">a detailed report on whether Iran’s Islamic Revolutionary Guard Corps meets the criteria for designation as a foreign terrorist organization as set forth in section 219 of the Immigration and Nationality Act (<external-xref legal-doc="usc" parsable-cite="usc/8/1189">8 U.S.C. 1189</external-xref>); and</text>
 </subparagraph><subparagraph id="HB939372339C04E54B866D36A12EB92EF"><enum>(B)</enum><text display-inline="yes-display-inline">if the Secretary determines that Iran’s Islamic Revolutionary Guard Corps does not meet the criteria set forth under such section 219, a detailed justification as to which criteria have not been met.</text>
 </subparagraph></paragraph><paragraph id="H9346EA7F70E0493C8918B13176056ACA"><enum>(2)</enum><header>Form</header><text>The report required by paragraph (1) shall—</text> <subparagraph id="HF56D62D0F64F4630B5CE6359E43B4BE9"><enum>(A)</enum><text>be submitted in unclassified form, but may include a classified annex; and</text>
 </subparagraph><subparagraph id="H6054D4C6DF8244B3AF4D67558AAFCDEB"><enum>(B)</enum><text>be made available only in electronic form and shall not be printed, except if a printed copy is requested by an office of the legislative branch.</text>
 </subparagraph></paragraph><paragraph id="HC47A6E544373427E8092369AFA4F7552"><enum>(3)</enum><header>Appropriate committees of Congress defined</header><text>In this subsection, the term <term>appropriate committees of Congress</term> means—</text> <subparagraph id="HEEB36A3ACFAC4DB5A2C0371E92756023"><enum>(A)</enum><text>the Committee on Armed Services, the Committee on Banking, Housing, and Urban Affairs, the Committee on Foreign Relations, the Committee on the Judiciary, the Committee on Homeland Security and Governmental Affairs, and the Select Committee on Intelligence of the Senate; and</text>
 </subparagraph><subparagraph id="H5601251023E74A47968A5C93588B1221"><enum>(B)</enum><text>the Committee on Armed Services, the Committee on Financial Services, the Committee on Foreign Affairs, the Committee on the Judiciary, the Committee on Homeland Security, and the Permanent Select Committee on Intelligence of the House of Representatives.</text>
					</subparagraph></paragraph></subsection></section></legis-body></bill>


