<?xml version="1.0"?>
<?xml-stylesheet type="text/xsl" href="billres.xsl"?>
<!DOCTYPE bill PUBLIC "-//US Congress//DTDs/bill.dtd//EN" "bill.dtd">
<bill bill-stage="Introduced-in-House" dms-id="HD06E65B7177845AD8C632B50F21267D8" public-private="public" key="H" bill-type="olc"><form><distribution-code display="yes">I</distribution-code><congress display="yes">115th CONGRESS</congress><session display="yes">1st Session</session><legis-num display="yes">H. R. 100</legis-num><current-chamber>IN THE HOUSE OF REPRESENTATIVES</current-chamber><action display="yes"><action-date date="20170103">January 3, 2017</action-date><action-desc><sponsor name-id="B001285">Ms. Brownley of California</sponsor> introduced the following bill; which was referred to the <committee-name committee-id="HPW00">Committee on Transportation and Infrastructure</committee-name></action-desc></action><legis-type>A BILL</legis-type><official-title display="yes">To amend title 23, United States Code, to modify the percentages of funds to be allocated to certain urbanized areas under the surface transportation block grant program.</official-title></form><legis-body id="H37C87F651C5E493C88461A7EA7DFF6F5" style="OLC">
<section id="HF12E90EE29B64A6B88562EFB36EABC30" section-type="section-one"><enum>1.</enum><header>Short title</header><text display-inline="no-display-inline">This Act may be cited as the <quote><short-title>Support Local Transportation Act</short-title></quote>.</text></section> <section id="H8629B8E7B17E488693170BE7AC5C6F65" section-type="subsequent-section"><enum>2.</enum><header>Surface transportation block grant program</header><text display-inline="no-display-inline">Section 133(d)(6) of title 23, United States Code, is amended by striking subparagraphs (C), (D), and (E) and inserting the following:</text>
<quoted-block style="OLC" id="H4C70B4F19267447E9B0ADF6299D5BF27" display-inline="no-display-inline">
<subparagraph id="HCDA3E048E53E4CBB853F9D8CB38202D2"><enum>(C)</enum><text display-inline="yes-display-inline">for fiscal year 2018, 60 percent;</text></subparagraph> <subparagraph id="H3B6BDD24581D411F99464BC5DB4E8F57"><enum>(D)</enum><text>for fiscal year 2019, 62.5 percent; and</text></subparagraph>
<subparagraph id="H14DA8E099C214FC1A7B550B4E4CC25F6"><enum>(E)</enum><text>for fiscal year 2020, 65 percent.</text></subparagraph><after-quoted-block>.</after-quoted-block></quoted-block></section> </legis-body></bill>

