<?xml version="1.0"?>
<?xml-stylesheet type="text/xsl" href="billres.xsl"?>
<!DOCTYPE bill PUBLIC "-//US Congress//DTDs/bill.dtd//EN" "bill.dtd">
<bill bill-stage="Introduced-in-House" bill-type="olc" dms-id="H60712B794A2C459AA0A33B261D25A279" key="H" public-private="public"><metadata xmlns:dc="http://purl.org/dc/elements/1.1/">
<dublinCore>
<dc:title>115 HR 331 IH: States’ Medical Marijuana Property Rights Protection Act</dc:title>
<dc:publisher>U.S. House of Representatives</dc:publisher>
<dc:date>2017-01-05</dc:date>
<dc:format>text/xml</dc:format>
<dc:language>EN</dc:language>
<dc:rights>Pursuant to Title 17 Section 105 of the United States Code, this file is not subject to copyright protection and is in the public domain.</dc:rights>
</dublinCore>
</metadata>
<form>
<distribution-code display="yes">I</distribution-code><congress display="yes">115th CONGRESS</congress><session display="yes">1st Session</session><legis-num display="yes">H. R. 331</legis-num><current-chamber>IN THE HOUSE OF REPRESENTATIVES</current-chamber><action display="yes"><action-date date="20170105">January 5, 2017</action-date><action-desc><sponsor name-id="L000551">Ms. Lee</sponsor> (for herself and <cosponsor name-id="B000574">Mr. Blumenauer</cosponsor>) introduced the following bill; which was referred to the <committee-name committee-id="HJU00">Committee on the Judiciary</committee-name>, and in addition to the Committee on <committee-name committee-id="HIF00">Energy and Commerce</committee-name>, for a period to be subsequently determined by the Speaker, in each case for consideration of such
			 provisions as fall within the jurisdiction of the committee concerned</action-desc></action><legis-type>A BILL</legis-type><official-title display="yes">To amend the Controlled Substances Act so as to exempt real property from civil forfeiture due to
			 medical marijuana-related conduct that is authorized by State law.</official-title></form>
	<legis-body id="H8E18DC89C1394B86915FBE5AEAFA254D" style="OLC">
 <section id="HB09285A4FF5948908622DCA68D68C885" section-type="section-one"><enum>1.</enum><header>Short title</header><text display-inline="no-display-inline">This Act may be cited as the <quote><short-title>States’ Medical Marijuana Property Rights Protection Act</short-title></quote>.</text> </section><section id="H033D35D2E0C24A769AE1108F1FCC1426"><enum>2.</enum><header>Findings</header><text display-inline="no-display-inline">Congress makes the following findings:</text>
 <paragraph id="H1E1CB5A4529D44E3B2B79054C89C164E"><enum>(1)</enum><text display-inline="yes-display-inline">Twenty-eight States, the District of Columbia, Puerto Rico, and Guam have, through ballot measure or legislative action, approved the comprehensive use of marijuana for medical purposes when recommended by a physician.</text>
 </paragraph><paragraph id="HCE11581A268F4C6FB8C9C1D8AE34E560"><enum>(2)</enum><text display-inline="yes-display-inline">An additional 17 States have approved the use of <quote>low THC, high cannabidiol (CBD)</quote> products for medical reasons in some situations.</text> </paragraph><paragraph id="H7923604E73FC462184E5002B8FA4A034"><enum>(3)</enum><text display-inline="yes-display-inline">Marijuana has long-established medical uses as an effective treatment for conditions that include HIV/AIDS, multiple sclerosis, arthritis, gastro-intestinal disorders, chronic pain, and others as well.</text>
 </paragraph></section><section id="H350BE5D4C80844BB8D7799F06EBB23E8"><enum>3.</enum><header>Civil forfeiture exemption for marijuana facilities authorized by State law</header><text display-inline="no-display-inline">Paragraph (7) of section 511(a) of the Controlled Substances Act (<external-xref legal-doc="usc" parsable-cite="usc/21/881">21 U.S.C. 881(a)(7)</external-xref>) is amended—</text> <paragraph id="HE7B9235F50174F2EA356BFA5BD32D81B"><enum>(1)</enum><text display-inline="yes-display-inline">by striking <quote>(7) All</quote> and inserting <quote>(7)(A) Except as provided in subparagraph (B), all</quote>; and</text>
 </paragraph><paragraph id="HA087723A223046D382D4D07A2208C465"><enum>(2)</enum><text>by adding at the end the following:</text> <quoted-block display-inline="no-display-inline" id="HFE3460AA79B947D48EF581C4FAB56170" style="OLC"> <subparagraph id="HB0C88677C171436EA66F8DD6B5AF785E" indent="up1"><enum>(B)</enum><text display-inline="yes-display-inline">No real property, including any right, title, and interest in the whole of any lot or tract of land and any appurtenances or improvements, shall be subject to forfeiture under subparagraph (A) due to medical marijuana-related conduct that is authorized by State law.</text></subparagraph><after-quoted-block>.</after-quoted-block></quoted-block>
			</paragraph></section></legis-body></bill>


