<?xml version="1.0"?>
<?xml-stylesheet type="text/xsl" href="billres.xsl"?>
<!DOCTYPE bill PUBLIC "-//US Congress//DTDs/bill.dtd//EN" "bill.dtd">
<bill bill-stage="Introduced-in-House" bill-type="olc" dms-id="HD02453921AAC48308AF7A8D1BCC7D83D" key="H" public-private="public"><metadata xmlns:dc="http://purl.org/dc/elements/1.1/">
<dublinCore>
<dc:title>115 HR 237 IH: Integrated Coastal and Ocean Observation System Act Amendments of 2017</dc:title>
<dc:publisher>U.S. House of Representatives</dc:publisher>
<dc:date>2017-01-03</dc:date>
<dc:format>text/xml</dc:format>
<dc:language>EN</dc:language>
<dc:rights>Pursuant to Title 17 Section 105 of the United States Code, this file is not subject to copyright protection and is in the public domain.</dc:rights>
</dublinCore>
</metadata>
<form>
<distribution-code display="yes">I</distribution-code><congress display="yes">115th CONGRESS</congress><session display="yes">1st Session</session><legis-num display="yes">H. R. 237</legis-num><current-chamber>IN THE HOUSE OF REPRESENTATIVES</current-chamber><action display="yes"><action-date date="20170103">January 3, 2017</action-date><action-desc><sponsor name-id="Y000033">Mr. Young of Alaska</sponsor> introduced the following bill; which was referred to the <committee-name committee-id="HII00">Committee on Natural Resources</committee-name>, and in addition to the Committee on <committee-name committee-id="HSY00">Science, Space, and Technology</committee-name>, for a period to be subsequently determined by the Speaker, in each case for consideration of such
			 provisions as fall within the jurisdiction of the committee concerned</action-desc></action><legis-type>A BILL</legis-type><official-title display="yes">To reauthorize the Integrated Coastal and Ocean Observation System Act of 2009, and for other
			 purposes.</official-title></form>
	<legis-body id="H0DFD447F2AC94034A6CF506FEEDB6766" style="OLC">
 <section id="H6008FF8354FE4D23BAA61445FC3DE8E6" section-type="section-one"><enum>1.</enum><header>Short title</header><text display-inline="no-display-inline">This Act may be cited as the <quote><short-title>Integrated Coastal and Ocean Observation System Act Amendments of 2017</short-title></quote>.</text> </section><section id="H679DFB5C709C4124B364B498C049B5F0"><enum>2.</enum><header>Staggered terms for national integrated coastal and ocean observation system advisory committee</header><text display-inline="no-display-inline">Section 12304(d)(3)(B) of the Integrated Coastal and Ocean Observation System Act of 2009 (<external-xref legal-doc="usc" parsable-cite="usc/33/3603">33 U.S.C. 3603(d)(3)(B)</external-xref>) is amended—</text>
 <paragraph id="H07B008C2984445B18A0858C96DEB7C64"><enum>(1)</enum><text>by striking <quote>Members</quote> and inserting the following:</text> <quoted-block id="HE93369668F694E4CB2EC2E942D89964D" style="OLC"> <clause id="H01883E8C94E440A7ADD51CB2273B7D8D"><enum>(i)</enum><header>In general</header><text>Except as provided in clause (ii), members</text></clause><after-quoted-block>; and</after-quoted-block></quoted-block>
 </paragraph><paragraph id="H2F2A0C9870F54BAD85BAB853127516A9"><enum>(2)</enum><text>by adding at the end the following:</text> <quoted-block id="H3B0650C25F3044749BB360EA7C7952FD" style="OLC"> <clause id="H40C6BA28BF8E4F8B9D903E1B5659C6BC"><enum>(ii)</enum><header>Staggered terms</header><text>The Administrator may appoint or reappoint a member for a partial term of 1 or 2 years in order to establish a system of staggered terms. The Administrator may appoint or reappoint a member under this clause only once. A member appointed or reappointed to a partial term under this clause may not serve more than one full term.</text></clause><after-quoted-block>. </after-quoted-block></quoted-block>
 </paragraph></section><section id="H0F8BEF76043D48B184D697D587C495CA"><enum>3.</enum><header>Integrated coastal and ocean observation system cooperative agreements</header><text display-inline="no-display-inline">Section 12305(a) of the Integrated Coastal and Ocean Observation System Act of 2009 (<external-xref legal-doc="usc" parsable-cite="usc/33/3604">33 U.S.C. 3604(a)</external-xref>) is amended by inserting <quote>disburse appropriated funds to,</quote> after <quote>agreements, with,</quote>.</text>
 </section><section id="H41E64D13D50A416B90FED1DC4749502D"><enum>4.</enum><header>Reauthorization of Integrated Coastal and Ocean Observation System Act of 2009</header><text display-inline="no-display-inline">Section 12311 of the Integrated Coastal and Ocean Observation System Act of 2009 (<external-xref legal-doc="usc" parsable-cite="usc/33/3610">33 U.S.C. 3610</external-xref>) is amended by striking <quote>are authorized to be appropriated to the Secretary of Commerce for fiscal years 2009 through 2013 such sums as are necessary</quote> and inserting <quote>is authorized to be appropriated to the Secretary of Commerce for each of fiscal years 2018 through 2022 $36,151,000</quote>.</text>
		</section></legis-body></bill>


