<?xml version="1.0"?>
<?xml-stylesheet type="text/xsl" href="billres.xsl"?>
<!DOCTYPE bill PUBLIC "-//US Congress//DTDs/bill.dtd//EN" "bill.dtd">
<bill bill-stage="Introduced-in-House" bill-type="olc" dms-id="H9784A34A3E77498C81FB0247C113A492" key="H" public-private="public"><metadata xmlns:dc="http://purl.org/dc/elements/1.1/">
<dublinCore>
<dc:title>115 HR 621 IH: Disposal of Excess Federal Lands Act of 2017</dc:title>
<dc:publisher>U.S. House of Representatives</dc:publisher>
<dc:date>2017-01-24</dc:date>
<dc:format>text/xml</dc:format>
<dc:language>EN</dc:language>
<dc:rights>Pursuant to Title 17 Section 105 of the United States Code, this file is not subject to copyright protection and is in the public domain.</dc:rights>
</dublinCore>
</metadata>
<form>
<distribution-code display="yes">I</distribution-code><congress display="yes">115th CONGRESS</congress><session display="yes">1st Session</session><legis-num display="yes">H. R. 621</legis-num><current-chamber>IN THE HOUSE OF REPRESENTATIVES</current-chamber><action display="yes"><action-date date="20170124">January 24, 2017</action-date><action-desc><sponsor name-id="C001076">Mr. Chaffetz</sponsor> introduced the following bill; which was referred to the <committee-name committee-id="HII00">Committee on Natural Resources</committee-name></action-desc></action><legis-type>A BILL</legis-type><official-title display="yes">To direct the Secretary of the Interior to sell certain Federal lands in Arizona, Colorado, Idaho,
			 Montana, Nebraska, Nevada, New Mexico, Oregon, Utah, and Wyoming,
			 previously identified as suitable for disposal, and for other purposes.</official-title></form>
	<legis-body id="HCE301166E3CA429F80B89A146897AF93" style="OLC">
		<section id="HCE40C13CD7DE4501B7C511C808887BCD" section-type="section-one"><enum>1.</enum><header>Sale of certain Federal lands previously identified as suitable for disposal</header>
 <subsection id="H90A4A3A3B39B494F961CA900882F0102"><enum>(a)</enum><header>Short title</header><text display-inline="yes-display-inline">This Act may be cited as the <quote><short-title>Disposal of Excess Federal Lands Act of 2017</short-title></quote>.</text> </subsection><subsection id="H7E7D4305A1864589BB5FB938B49B34E8"><enum>(b)</enum><header>Competitive sale of lands</header><text display-inline="yes-display-inline">The Secretary shall offer the identified Federal lands for disposal by competitive sale for not less than fair market value as determined by an independent appraiser.</text>
 </subsection><subsection id="HA33BC346300A4290B73791F49D77EB92"><enum>(c)</enum><header>Existing rights</header><text>The sale of identified Federal lands under this section shall be subject to valid existing rights.</text> </subsection><subsection id="H7275E273275A4D3E9805B14D0E1188B5"><enum>(d)</enum><header>Proceeds of sale of lands</header><text>All net proceeds from the sale of identified Federal lands under this section shall be deposited directly into the Treasury for reduction of the public debt.</text>
 </subsection><subsection id="HCC477085F3A44F3E817266529ECE58DF"><enum>(e)</enum><header>Report</header><text display-inline="yes-display-inline">Not later than 4 years after the date of the enactment of this Act, the Secretary shall submit to the Committee on Natural Resources of the House of Representatives and the Committee on Energy and Natural Resources of the Senate—</text>
 <paragraph id="H1AC94E91F36A4830A0204B53D7E88EFE"><enum>(1)</enum><text>a list of any identified Federal lands that have not been sold under subsection (b) and the reasons such lands were not sold; and</text>
 </paragraph><paragraph id="HA82E4184677E46ECADD752B85D22FB81"><enum>(2)</enum><text display-inline="yes-display-inline">an update of the report submitted to Congress by the Secretary on May 27, 1997, pursuant to section 390(g) of the Federal Agriculture Improvement and Reform Act of 1996 (<external-xref legal-doc="public-law" parsable-cite="pl/104/127">Public Law 104–127</external-xref>; 110 Stat. 1024), including a current inventory of the Federal lands under the administrative jurisdiction of the Secretary that are suitable for disposal.</text>
 </paragraph></subsection><subsection id="H8D0D943E04C1444CA099597160150E65"><enum>(f)</enum><header>Definitions</header><text>In this section:</text> <paragraph id="H6D438919B9044D2186E8A83888AD1299"><enum>(1)</enum><header>Identified Federal lands</header><text display-inline="yes-display-inline">The term <term>identified Federal lands</term> means the parcels of Federal land under the administrative jurisdiction of the Secretary that were identified as suitable for disposal in the report submitted to Congress by the Secretary on May 27, 1997, pursuant to section 390(g) of the Federal Agriculture Improvement and Reform Act of 1996 (<external-xref legal-doc="public-law" parsable-cite="pl/104/127">Public Law 104–127</external-xref>; 110 Stat. 1024), except the following:</text>
 <subparagraph id="H5847C75DC8B94E48BBBDEBEC2DFD4F1A"><enum>(A)</enum><text>Lands not identified for disposal in the applicable land use plan.</text> </subparagraph><subparagraph id="H55D6F9E900194ECAB6074CD0C2E5B807"><enum>(B)</enum><text>Lands subject to a Recreation and Public Purpose conveyance application.</text>
 </subparagraph><subparagraph id="HBE62AC39C5C34088995EB5DBF72C60BB"><enum>(C)</enum><text>Lands identified for State selection.</text> </subparagraph><subparagraph id="H1E3D5913159D4233AF147364E5EDF50B"><enum>(D)</enum><text>Lands identified for Indian tribe allotments.</text>
 </subparagraph><subparagraph id="HF12CB517E7214C349146E18D1C296105"><enum>(E)</enum><text>Lands identified for local government use.</text> </subparagraph></paragraph><paragraph id="H1B6025C3E47A43DBB0ABD8958C6434ED"><enum>(2)</enum><header>Secretary</header><text>The term <term>Secretary</term> means the Secretary of the Interior.</text>
 </paragraph></subsection></section><section id="H8969FC49BC7A4CFA90A7BA904472046A"><enum>2.</enum><header>Clarification regarding State laws</header><text display-inline="no-display-inline">Nothing in this Act shall affect the implementation of State laws, including State enabling Acts.</text> </section></legis-body></bill> 

