<?xml version="1.0"?>
<?xml-stylesheet type="text/xsl" href="billres.xsl"?>
<!DOCTYPE bill PUBLIC "-//US Congress//DTDs/bill.dtd//EN" "bill.dtd">
<bill bill-stage="Introduced-in-House" bill-type="olc" dms-id="H47FE2FDAA2124E89A00B6FA5B0F8D3C6" key="H" public-private="public"><metadata xmlns:dc="http://purl.org/dc/elements/1.1/">
<dublinCore>
<dc:title>115 HR 231 IH: Canyon Village Land Conveyance Act</dc:title>
<dc:publisher>U.S. House of Representatives</dc:publisher>
<dc:date>2017-01-03</dc:date>
<dc:format>text/xml</dc:format>
<dc:language>EN</dc:language>
<dc:rights>Pursuant to Title 17 Section 105 of the United States Code, this file is not subject to copyright protection and is in the public domain.</dc:rights>
</dublinCore>
</metadata>
<form>
<distribution-code display="yes">I</distribution-code><congress display="yes">115th CONGRESS</congress><session display="yes">1st Session</session><legis-num display="yes">H. R. 231</legis-num><current-chamber>IN THE HOUSE OF REPRESENTATIVES</current-chamber><action display="yes"><action-date date="20170103">January 3, 2017</action-date><action-desc><sponsor name-id="Y000033">Mr. Young of Alaska</sponsor> introduced the following bill; which was referred to the <committee-name committee-id="HII00">Committee on Natural Resources</committee-name></action-desc></action><legis-type>A BILL</legis-type><official-title display="yes">To fulfill the land conveyance requirements under the Alaska Native Claims Settlement Act for the
			 Alaska Native Village of Canyon Village, and for other purposes.</official-title></form>
	<legis-body id="HBDC79D281E1143B3B5A90E8C7026D08E" style="OLC">
 <section id="H07AD4308CDF241C18A907434643200D6" section-type="section-one"><enum>1.</enum><header>Short title</header><text display-inline="no-display-inline">This Act may be cited as the <quote><short-title>Canyon Village Land Conveyance Act</short-title></quote>.</text> </section><section id="HB964C0978F3F4F7FA23DE102C96B8E84"><enum>2.</enum><header>Canyon Village, Alaska, land conveyance</header><text display-inline="no-display-inline">Section 14(h) of the Alaska Native Claims Settlement Act (<external-xref legal-doc="usc" parsable-cite="usc/43/1613">43 U.S.C. 1613(h)</external-xref>) is amended—</text>
 <paragraph id="H79B0CB71556148C686B6DB43D87312CB"><enum>(1)</enum><text display-inline="yes-display-inline">in the matter preceding paragraph (1), by striking <quote>and follows</quote> and inserting <quote>as follows</quote>;</text> </paragraph><paragraph id="H26EF11A112CB45A59382B8E121413A55"><enum>(2)</enum><text>by striking the semicolon at the end of each of paragraphs (2) through (5) and inserting a period;</text>
 </paragraph><paragraph id="H710B1B4E33124361A2CEF9A867A391C7"><enum>(3)</enum><text>in paragraph (6), by striking <quote>this Act;</quote> and inserting <quote>this Act.</quote>;</text> </paragraph><paragraph id="HEE8BD1F342FB4FECBD307D506B0520AF"><enum>(4)</enum><text>in paragraph (7), by striking <quote>and (5); and</quote> and inserting <quote>(5), and (12).</quote>;</text>
 </paragraph><paragraph id="H82A3B6B4E66A425DAC82F5A4DFF43002"><enum>(5)</enum><text>in paragraph (9), in the first sentence, by striking <quote>or (5)</quote> and inserting <quote>(5), or (12)</quote>;</text> </paragraph><paragraph id="H867ED17E3D4C468BB8F215D87EC3E077"><enum>(6)</enum><text>in paragraph (11), by striking <quote>and (6)</quote> and inserting <quote>(6), and (12)</quote>; and</text>
 </paragraph><paragraph id="H0BCEEB5D03B94AC1BB049BBFBCAA2A96"><enum>(7)</enum><text>by adding at the end the following:</text> <quoted-block display-inline="no-display-inline" id="H98B2C81912364004A53D54F3E1BAD51E" style="OLC"> <paragraph id="H4CDA2FCB3EA544BA9D2C2F164CBD2406"><enum>(12)</enum><header>Canyon Village</header> <subparagraph id="H6AD8B9FA38B04A428F01DE6AF8944808"><enum>(A)</enum><header>Conveyance</header> <clause id="HC12F082EDB16448D8746A695D0EEF211"><enum>(i)</enum><header>In general</header><text>The Secretary shall convey to Kian Tr’ee Corporation, for the Native Village of Canyon Village, the surface estate in the land selected by the Kian Tr’ee Corporation under paragraph (2).</text>
 </clause><clause id="H2664175F764D43BEA02D6A63F39EB99C"><enum>(ii)</enum><header>Application</header><text>For purposes of the conveyance under clause (i), sections 2650.2 and 2653.2(c) of title 43 of the Code of Federal Regulations (or successor regulations) shall not apply.</text>
 </clause></subparagraph><subparagraph id="H0C1F2B7F8B804393A2C06389E3D29CC7"><enum>(B)</enum><header>Limitation</header><text>A conveyance under subparagraph (A) shall not exceed 6,400 acres.</text> </subparagraph><subparagraph id="HE3108ABF8727494CADC9FAC756CE24F5"><enum>(C)</enum><header>Subsurface estate</header> <clause id="H501033043BDA41B0B4654E8479443D94"><enum>(i)</enum><header>In general</header><text>Unless Doyon Limited elects to make a selection under clause (ii), the Secretary shall convey to Doyon Limited the subsurface estate to the land conveyed under subparagraph (A).</text>
 </clause><clause id="H0410A84F804A486AAE82C6B98384A854"><enum>(ii)</enum><header>Alternate selection</header><text>At the option of Doyon Limited, instead of accepting the conveyance under clause (i)—</text> <subclause id="H46FAECC5E35B44BB9FC0AC4F92F7E6C9"><enum>(I)</enum><text>Doyon Limited may make a selection from existing selections on land withdrawn pursuant to section 11(a)(3) that is equal in acreage to the subsurface estate that would otherwise be conveyed under clause (i); and</text>
 </subclause><subclause id="H0F34A3FB45AE469A9296C2C3945E69AD"><enum>(II)</enum><text>the Secretary shall convey to Doyon Limited the subsurface estate selected under subclause (I).</text></subclause></clause></subparagraph></paragraph><after-quoted-block>.</after-quoted-block></quoted-block> </paragraph></section></legis-body></bill> 

