<?xml version="1.0"?>
<?xml-stylesheet type="text/xsl" href="billres.xsl"?>
<!DOCTYPE bill PUBLIC "-//US Congress//DTDs/bill.dtd//EN" "bill.dtd">
<bill bill-stage="Introduced-in-House" bill-type="olc" dms-id="HB52463BA911E4907B73FD6C1444F1EF3" key="H" public-private="public"><metadata xmlns:dc="http://purl.org/dc/elements/1.1/">
<dublinCore>
<dc:title>115 HR 539 IH: USPSTF Transparency and Accountability Act of 2017</dc:title>
<dc:publisher>U.S. House of Representatives</dc:publisher>
<dc:date>2017-01-13</dc:date>
<dc:format>text/xml</dc:format>
<dc:language>EN</dc:language>
<dc:rights>Pursuant to Title 17 Section 105 of the United States Code, this file is not subject to copyright protection and is in the public domain.</dc:rights>
</dublinCore>
</metadata>
<form>
<distribution-code display="yes">I</distribution-code><congress display="yes">115th CONGRESS</congress><session display="yes">1st Session</session><legis-num display="yes">H. R. 539</legis-num><current-chamber>IN THE HOUSE OF REPRESENTATIVES</current-chamber><action display="yes"><action-date date="20170113">January 13, 2017</action-date><action-desc><sponsor name-id="B001243">Mrs. Blackburn</sponsor> (for herself and <cosponsor name-id="R000515">Mr. Rush</cosponsor>) introduced the following bill; which was referred to the <committee-name committee-id="HIF00">Committee on Energy and Commerce</committee-name>, and in addition to the Committee on <committee-name committee-id="HWM00">Ways and Means</committee-name>, for a period to be subsequently determined by the Speaker, in each case for consideration of such
			 provisions as fall within the jurisdiction of the committee concerned</action-desc></action><legis-type>A BILL</legis-type><official-title display="yes">To amend title IX of the Public Health Service Act to revise the operations of the United States
			 Preventive Services Task Force, and for other purposes.</official-title></form>
	<legis-body id="H4BB37FD8F4124EC88CE3B68CC7340B23" style="OLC">
 <section id="HF2FC3DAA82EC4795B40C1BF78B572FD0" section-type="section-one"><enum>1.</enum><header>Short title</header><text display-inline="no-display-inline">This Act may be cited as the <quote><short-title>USPSTF Transparency and Accountability Act of 2017</short-title></quote>.</text> </section><section id="H75A1B8B1D7B84A71B0C7A79DC2262BCE"><enum>2.</enum><header>Changes to United States Preventive Services Task Force</header> <subsection id="H219EAC091B7F449095844A89A5306FBE"><enum>(a)</enum><header>In general</header><text display-inline="yes-display-inline">Subsection (a) of section 915 of the Public Health Service Act (<external-xref legal-doc="usc" parsable-cite="usc/42/299b-4">42 U.S.C. 299b–4</external-xref>) is amended—</text>
 <paragraph id="HF2E2578D9A9E4106B9D5288A7F88E3EC"><enum>(1)</enum><text>by amending the heading to read as follows: <quote><header-in-text level="subsection" style="OLC">United States Preventive Services Task Force</header-in-text></quote>;</text> </paragraph><paragraph id="H23306F0DE9584D0DA624751916E32A5B"><enum>(2)</enum><text>by amending paragraph (1) to read as follows:</text>
					<quoted-block display-inline="no-display-inline" id="H356C8FF794564900A31D269D85B918F2" style="OLC">
 <paragraph id="H4A3DAD91ACC941D885F53C5D366C8958"><enum>(1)</enum><header>Establishment and purpose</header><text display-inline="yes-display-inline">The Director may establish and periodically convene the United States Preventive Services Task Force (in this section referred to as the <term>Task Force</term>). The Task Force shall review the scientific evidence and new science related to the effectiveness and appropriateness of clinical preventive services for the purpose of developing recommendations for primary care clinicians and the health care community and updating previous clinical preventive recommendations.</text></paragraph><after-quoted-block>;</after-quoted-block></quoted-block>
 </paragraph><paragraph id="HBB02C283F8544A048C093052189E54C4"><enum>(3)</enum><text>by redesignating paragraph (3) as paragraph (5) and paragraphs (4) through (7) as paragraphs (9) through (12), respectively;</text>
 </paragraph><paragraph id="H4CAF56DAFF444742A83F4F5790640F1C"><enum>(4)</enum><text>by inserting after paragraph (2) the following new paragraphs:</text> <quoted-block display-inline="no-display-inline" id="H96E9C9DCACF8483DB053237A88D84D04" style="OLC"> <paragraph id="H89B4391895D94A288A74144CFBF2166E"><enum>(3)</enum><header>Composition</header> <subparagraph id="HA6DB88D4782B4087A639BC218297A6F9"><enum>(A)</enum><header>In general</header><text display-inline="yes-display-inline">The Task Force shall be composed of individuals that collectively have appropriate scientific expertise, including in fields of health sciences research, health economics, health promotion, disease prevention, and clinical care. The Task Force shall include balanced representation of practicing primary and specialty care providers (including in the fields of health services research, health economics, and clinical care), and patient and health care consumers.</text>
 </subparagraph><subparagraph id="H67BC678177004F78BE8DAB6596648A90"><enum>(B)</enum><header>Notice</header><text display-inline="yes-display-inline">Before appointing members to the Task Force, the Director shall provide notice in the Federal Register to give persons an opportunity to nominate potential members.</text>
							</subparagraph></paragraph><paragraph id="H3213049004E048A988E6671435EED618"><enum>(4)</enum><header>Review and consultation</header>
							<subparagraph id="H1710530B12914353AD5739829555B1C9"><enum>(A)</enum><header>Research plans</header>
 <clause id="H7702F9E6C1E9444D8E76526444DB0CF0"><enum>(i)</enum><header>In general</header><text>In conducting its reviews under paragraph (1), the Task Force, shall publish one or more proposed research plans (in this subsection referred to as a <term>research plan</term>) to guide the Task Force’s systematic review of the evidence. Each such plan shall include an analytic framework, key questions, and a literature search strategy or research approach, and shall incorporate the methodological guidelines developed under clause (ii). The Agency shall provide for the publication in the Federal Register of a request for public comments on each plan and shall accept comments during a period of at least 45 days. Any final research plan shall be made available to the public and include a discussion of the comments received and responses to such comments. The Task Force, with the concurrence of the Director, may change such a research plan through the same process as applied to the initial adoption of such plan.</text>
 </clause><clause id="HF3A62AF28D70457C97D8A10EF29A8AF2"><enum>(ii)</enum><header>Criteria</header><text display-inline="yes-display-inline">The Director shall design and regularly update guidelines for proper methodological standards for incorporation into such research plans. Such guidelines shall include measures for appropriate validity, for risk adjustment, for timeliness, for input from relevant experts and peers in the respective communities, for accounting for all relevant subpopulations (including disparities by race, ethnicity, socioeconomic status, and geographic location), and for other health outcome measurements.</text>
 </clause><clause id="H5AE2586D60A3420A849113D5E5B3820D"><enum>(iii)</enum><header>Consultation on research plans</header><text display-inline="yes-display-inline">The Director shall facilitate coordination and interaction with other agencies and departments in the creation of research plans (taking into consideration research and findings by other agencies and departments) and methodological standards under clause (ii), including with the National Institutes of Health, the National Cancer Institute, the National Institute on Minority Health and Health Disparities, the Centers for Disease Control and Prevention, the Department of Defense, the Department of Veterans Affairs, the Centers for Medicare &amp; Medicaid Services, and the Patient-Centered Outcomes Research Institute.</text>
 </clause></subparagraph><subparagraph id="H847663D4F3CB4498AEFAC15974ECFB28"><enum>(B)</enum><header>Evidence reports</header><text display-inline="yes-display-inline">The Director shall make publicly available each draft evidence report and publish in the Federal Register a request for public comments on such reports. No such evidence report shall be published prior to it being reviewed by a panel of external subject matter experts that includes provider and patient representatives. Each such report shall include a description of the panel that conducted such review. Such description shall include information on each panel member, including name, academic degree (or degrees), affiliations, and related expertise.</text>
							</subparagraph><subparagraph id="H607DCD151AB34B4D9237E4F7BD8B44B2"><enum>(C)</enum><header>Recommendation statements</header>
 <clause id="H33D33E79887140228C76DF94A36CB97F"><enum>(i)</enum><header>Publication of draft recommendations</header><text display-inline="yes-display-inline">The Director shall make publicly available each draft recommendation and shall provide for the publication in the Federal Register of a request for comments and accept comments during a period of not less than 45 days.</text>
 </clause><clause display-inline="no-display-inline" id="HF0891F6F1B2A4A2ABC174726FA5E7F30"><enum>(ii)</enum><header>Consultation on draft recommendations</header><text>Before voting on a draft recommendation statement, the Task Force shall consult with relevant stakeholders, including provider groups, practicing specialists that treat the specific disease under review, and relevant patient and disease advocacy organizations.</text>
 </clause><clause id="HFD01F0F097BB4C5A9DDFD3D7B9439CC4"><enum>(iii)</enum><header>Public availability of comments and inclusion of description of comments in final statement</header><text>The Director shall make such comments received publicly available. Any final recommendation statement shall include a description of comments received on the draft recommendation statement and recommendations of other Federal agencies or organizations relating to the topic of the statement.</text>
 </clause><clause id="H287310B6026647629AE412675F01EDC0"><enum>(iv)</enum><header>Consideration</header><text>In publishing recommendation statements, the Task Force shall consider the impact of its recommendations on the health care community, whether a preventive service is beneficial for some individuals and the need to encourage a discussion of benefits and risks for those individuals, and how its specific assignment of a grade to a product or service may affect coverage and access to such product or service under Federal programs and private health insurance coverage.</text>
 </clause></subparagraph><subparagraph id="H210C7E025B18468ABA79B5324B0539E7"><enum>(D)</enum><header>Grading system</header><text>In publishing recommendation statements, the Task Force shall grade products and services consistent with the following, subject to subparagraph (E):</text>
 <clause id="H62F652BB55304BAE98B16386531A8F61"><enum>(i)</enum><header>Grade A</header><text display-inline="yes-display-inline">The Task Force concludes that the current evidence is sufficient to assess the balance of benefits and risks of the product or service, and, on the basis of such evidence, recommends the product or service and determines that there is high certainty that the net benefit from the product or service is substantial.</text>
 </clause><clause id="H937214E749C8419C9B2757E318E57B8B"><enum>(ii)</enum><header>Grade B</header><text display-inline="yes-display-inline">The Task Force concludes that the current evidence is sufficient to assess the balance of benefits and risks of the product or service, and, on the basis of such evidence, recommends the product or service and determines that there is high certainty that the net benefit of the product or service is moderate or there is moderate certainty that the net benefit of the product or service is moderate to substantial.</text>
 </clause><clause commented="no" id="H3886306630634CF7A3167B699E03E855"><enum>(iii)</enum><header>Grade C</header><text display-inline="yes-display-inline">The Task Force concludes that the current evidence is sufficient to assess the balance of benefits and risks of the product or service, and, on the basis of such evidence, does not make a recommendation of the product or service and clinicians may provide this product or service to selected patients depending on individual circumstances. However, for most individuals without signs or symptoms there is likely to be only a small benefit from this product or service.</text>
 </clause><clause commented="no" id="H97BBA24191C447F798116D3366FEC515"><enum>(iv)</enum><header>Grade D</header><text display-inline="yes-display-inline">The Task Force concludes that the current evidence is sufficient to assess the balance of benefits and risks of the product or service, and, on the basis of such evidence, recommends against the product or service and determines that there is moderate or high certainty that the product or service has no net benefit or that the harm of the product or service outweighs the benefits.</text>
 </clause><clause id="HFD4F1B53202F4048B0A8DD3B6D15BE0B"><enum>(v)</enum><header>Grade I</header><text display-inline="yes-display-inline">The Task Force concludes that the current evidence is not sufficient to assess the balance of benefits and risks of the product or service.</text>
								</clause></subparagraph><subparagraph id="HEDDC2340756D4E1893EE3E4FE9BE0F49"><enum>(E)</enum><header>Changes in grading system</header>
 <clause id="H86E8C039F9784DEDA2E3233441BB0480"><enum>(i)</enum><header>In general</header><text>The Director may provide, by regulation, for changes in the grading system described in subparagraph (D).</text>
 </clause><clause id="H3A3791480300416D869781E8D20B5227"><enum>(ii)</enum><header>Impact of changes</header><text>If the Director makes a change in the grading system under clause (i) for a particular grade, the Task Force shall review and regrade the services previously classified within that grade. Such review and regrade may be done through an expedited process but any such change in grade shall not take effect before such review process is completed.</text></clause></subparagraph></paragraph><after-quoted-block>;</after-quoted-block></quoted-block>
 </paragraph><paragraph id="HBC834BF451264BA48D8FFF38960725D8"><enum>(5)</enum><text>in paragraph (5), as redesignated by paragraph (3)—</text> <subparagraph id="HE587CFC80919436ABCF440ABD3C09804"><enum>(A)</enum><text>by striking <quote>dissemination of the recommendations of the Task Force</quote> and inserting <quote>dissemination of its recommendation statements</quote>; and</text>
 </subparagraph><subparagraph id="H7CB3DCE7F9804E5E8C2C7F10D262D75A"><enum>(B)</enum><text>by striking <quote>Guide’s recommendations</quote> and inserting <quote>recommendations of the Task Force</quote>;</text> </subparagraph></paragraph><paragraph id="HA2BD424776FC40F0AC3A5D033BA9373C"><enum>(6)</enum><text>by inserting after paragraph (5), as so redesignated, the following new paragraphs:</text>
					<quoted-block display-inline="no-display-inline" id="HFE9F14D0BE554BBBA6E98C10FC46789B" style="OLC">
						<paragraph id="H1CA8A634DB4F4CC7A418862C52A56497"><enum>(6)</enum><header>Preventive services advisory board</header>
 <subparagraph id="HC2EE8323C6374D7A8E930C27FD41025C"><enum>(A)</enum><header>In general</header><text display-inline="yes-display-inline">The Task Force shall convene a preventive services advisory board (in this subsection referred to as the <term>board</term>) composed of representatives of appropriate public and private entities with an interest in clinical preventive services to advise the Task Force on developing, updating, publishing, and disseminating evidence-based recommendations on the use of clinical preventive services.</text>
 </subparagraph><subparagraph id="H78DA7DB4CACD4D3DB96E121AE736F4FB"><enum>(B)</enum><header>Membership</header><text display-inline="yes-display-inline">The members of the board shall include representatives of the following:</text> <clause id="H466ED5762D264E5B95BB45AB176E0076"><enum>(i)</enum><text>Patient groups.</text>
 </clause><clause id="H663839B948D044DFBEB1714A58F2BA98"><enum>(ii)</enum><text>Providers of clinical services, including community-based providers and specialty physicians.</text> </clause><clause id="HC2F16E0CCA054472922B9F056A74377C"><enum>(iii)</enum><text>Federal departments and agencies, including—</text>
 <subclause id="H0AA8FDA905B84350B0968941A5024F26"><enum>(I)</enum><text display-inline="yes-display-inline">appropriate health agencies and offices in the Department, including the National Institutes of Health, the National Cancer Institute, the National Institute on Minority Health and Health Disparities, the Centers for Disease Control and Prevention, the Administration on Aging, the Health Resources and Services Administration, the Centers for Medicare &amp; Medicaid Services, the Office of the Surgeon General of the Public Health Service, the Department of Defense, the Department of Veterans Affairs, the Patient-Centered Outcomes Research Institute, the Office of Minority Health, and the Office on Women’s Health; and</text>
 </subclause><subclause id="HA6474B9B23854653B26606922C3D669D"><enum>(II)</enum><text>as appropriate, other Federal departments and agencies the programs of which have a significant impact upon health.</text>
 </subclause></clause><clause id="H78E59E64C9264EEEB55089E933CF7E28"><enum>(iv)</enum><text>Private health care payors.</text> </clause></subparagraph><subparagraph id="H2DFD2C114D6B4FCE99706E1F75696251"><enum>(C)</enum><header>Responsibilities</header><text display-inline="yes-display-inline">In accordance with subsection (b)(5), the board shall—</text>
 <clause id="H5ED2BEC8348542E6BB2355FF203D962E"><enum>(i)</enum><text>recommend clinical preventive services for review by the Task Force;</text> </clause><clause id="HD850DE0FFF584C0F992F32B1E9088EF6"><enum>(ii)</enum><text>suggest scientific evidence for consideration by the Task Force related to reviews undertaken by the Task Force;</text>
 </clause><clause id="H0385817342F744F2AA262984F887D145"><enum>(iii)</enum><text display-inline="yes-display-inline">provide feedback regarding the research plan, the evidence report, and draft recommendations by the Task Force; and</text>
 </clause><clause id="H2DE86C3D54564CE89F1B69713BF49CFF"><enum>(iv)</enum><text>assist with efforts regarding dissemination of recommendations by the Director of the Agency for Healthcare Research and Quality.</text>
 </clause></subparagraph><subparagraph id="H1F488D90E54C47FE95297EC1C5E61859"><enum>(D)</enum><header>Meetings</header><text display-inline="yes-display-inline">The Preventive Services Advisory Board shall meet as the Chair of the Board determines to be appropriate to fulfill the responsibilities described in paragraph (C), but not fewer than 2 times each year.</text>
 </subparagraph></paragraph><paragraph id="H3B9E8B6A6A354FD885C7B5396351A469"><enum>(7)</enum><header>Disclosure and conflicts of interest</header><text display-inline="yes-display-inline">Prior to participating in a meeting of the Task Force or board, each member of the Task Force or board, respectively, shall disclose to the Director any potential, relevant financial interests in the same manner and to the same extent as an employee of the executive branch of the United States, if the employee were participating in such meeting, would be required to disclose such interests under section 208 of title 18, United States Code.</text>
 </paragraph><paragraph id="H2B984BD55F494C22AE61CAEFF424398C"><enum>(8)</enum><header>No pay; receipt of travel expenses</header><text display-inline="yes-display-inline">Members of the Task Force or the board shall not receive any pay for service on the Task Force or board, but may receive travel expenses, including a per diem, in accordance with applicable provisions of subchapter I of <external-xref legal-doc="usc-chapter" parsable-cite="usc-chapter/5/57">chapter 57</external-xref> of title 5, United States Code.</text></paragraph><after-quoted-block>; and</after-quoted-block></quoted-block>
 </paragraph><paragraph id="H845EA6069664480AAFAE7ED911EC870F"><enum>(7)</enum><text>by amending paragraph (10), as redesignated by paragraph (3), to read as follows:</text> <quoted-block display-inline="no-display-inline" id="HA2D0A833EE8C4EE6B3BFE31294C736C3" style="OLC"> <paragraph id="H80EF1834AFD3459EA0BA136EB2CFF9C8"><enum>(10)</enum><header>Application of FACA</header><text>The Task Force shall conduct its activities in compliance with the Federal Advisory Committee Act (5 U.S.C. App.).</text></paragraph><after-quoted-block>.</after-quoted-block></quoted-block>
				</paragraph></subsection><subsection id="H0CBC02F194434E2B860DBAB44174C9D4"><enum>(b)</enum><header>Effective date; transition</header>
 <paragraph id="H79826FEA6BDF4D4EA11D79496BC08E1A"><enum>(1)</enum><header>In general</header><text display-inline="yes-display-inline">Except as otherwise provided, the amendments made by subsection (a) shall take effect on the date of the enactment of this Act. The United States Preventive Services Task Force shall not publish any draft or final recommendations on or after such date except in accordance with such amendments.</text>
 </paragraph><paragraph id="H9B553325A4534C419915894EE0F027A4"><enum>(2)</enum><header>Reconstitution of Task Force</header><text>Not later than 180 days after the date of the enactment of this Act, the Director of the Agency for Healthcare Research and Quality shall take steps to reconstitute the membership of the Task Force consistent with section 915(a)(3) of the Public Health Service Act, as amended by subsection (a).</text>
 </paragraph><paragraph id="HA0936E42D6794BCAB7FF3A091B148B6C"><enum>(3)</enum><header>Previously published recommendations</header><text>With respect to recommendations or guidelines published by such Task Force before the date of the enactment of this Act, under procedures established by the Director of the Agency for Healthcare Research and Quality, the reconstituted Task Force shall undertake a review process consistent with the following:</text>
 <subparagraph id="H8DC8D2A43C704E258F8831E1800D1725"><enum>(A)</enum><text display-inline="yes-display-inline">An organization may request the Task Force to review such previous recommendations or guidelines if such organization has additional peer-reviewed scientific evidence that provides new information relevant to the previous recommendation or guideline.</text>
 </subparagraph><subparagraph id="HE9C70DEC071E4E40AEE61B4B1C9AB756"><enum>(B)</enum><text>Based upon such requests, the Task Force shall establish a process for the review of previous recommendations or guidelines.</text>
 </subparagraph><subparagraph id="H3DDF718DD8914F038EB5359D8B154B76"><enum>(C)</enum><text>Such process shall include public notice through the Federal Register and opportunity for comment and a determination to confirm or modify such recommendations or guidelines.</text>
 </subparagraph><subparagraph id="H1DAD9296D85740B5901D5E986B48130C"><enum>(D)</enum><text>The process shall, to the extent feasible, be consistent with the procedures applied under the amendments made by subsection (a) for the promulgation of new recommendations.</text>
 </subparagraph></paragraph></subsection><subsection id="HE7F1CD114F544D1F933FA78B8E448258"><enum>(c)</enum><header>GAO evaluation and report</header><text>Not later than 1 year after the date of enactment of this Act, the Comptroller General of the United States shall submit to Congress a report that contains the following:</text>
 <paragraph id="HAEBEBE32E9844913BFF2348594AEA8D9"><enum>(1)</enum><text>A listing of the recommendations of the United States Preventive Services Task Force as of such date, including the date final recommendations and any subsequent updates were posted or published.</text>
 </paragraph><paragraph id="H39043A4D55014A95B72F3D730A747CFC"><enum>(2)</enum><text display-inline="yes-display-inline">A comparison of such recommendations and relevant recommendations of other Federal health agencies, including the Centers for Disease Control and Prevention, the Centers for Medicare &amp; Medicaid Services, the Department of Defense, the Department of Veterans Affairs, and the Patient-Centered Outcomes Research Institute, as well as relevant recommendations from national medical professional societies and relevant patient and disease advocacy organizations.</text>
 </paragraph><paragraph id="HF8959734511C48908B3EB85AD3B83BA8"><enum>(3)</enum><text>An analysis of the impact of the recommendations of the Task Force on public and private insurance coverage, access, and outcomes, including impact on morbidity and mortality.</text>
				</paragraph></subsection><subsection id="H594E3E9F6C88476DAF2CE4C13512D7E9"><enum>(d)</enum><header>Elimination of Secretarial discretion To remove certain preventive services under the Medicare
 program</header><text>Section 1834(n) of the Social Security Act (<external-xref legal-doc="usc" parsable-cite="usc/42/1395m">42 U.S.C. 1395m(n)</external-xref>) is amended—</text> <paragraph id="H83BF3EEFACE24F9CA943C54D62E82DD4"><enum>(1)</enum><text>by striking paragraph (2);</text>
 </paragraph><paragraph id="H4959C5BA656147A0AFB02985970959A7"><enum>(2)</enum><text>by striking <quote>; and</quote> at the end of paragraph (1)(B) and inserting a period;</text> </paragraph><paragraph id="H68DCB637EC0F4BC9B571E3EAB7B19479"><enum>(3)</enum><text>by redesignating subparagraphs (A) and (B) of paragraph (1) as paragraphs (1) and (2), respectively, and moving their margins 2 ems to the left; and</text>
 </paragraph><paragraph id="H56271742CADF4F6F9836D864DF19B667"><enum>(4)</enum><text>by striking <quote>may</quote> and all that follows through <quote>modify</quote> and inserting <quote>may modify</quote>.</text> </paragraph></subsection><subsection id="HA3A0C27B8F8F49A4A6FA75AAE8113F7B"><enum>(e)</enum><header>Application to secretarial discretion To remove certain preventive services under the medicare program</header><text>Section 1834(n) of the Social Security Act (<external-xref legal-doc="usc" parsable-cite="usc/42/1395m">42 U.S.C. 1395m(n)</external-xref>) is amended by adding at the end the following flush sentence: <quote>Effective on the date of enactment of the USPSTF Transparency and Accountability Act of 2017, the Secretary may only use the authority under this subsection to modify or eliminate coverage of a preventive service based on the recommendation or grade of the United States Preventive Services Task Force with respect to the service if such recommendation or grade was developed or updated in accordance with the amendments made by section 2(a) of such Act and if the Secretary has concurred with such recommendation or grade after consultation with other Federal health agencies and relevant patient and provider groups.</quote>.</text>
 </subsection><subsection id="H11189F9F70C34B23AF15DB8A1FB0B8AF"><enum>(f)</enum><header>Application to physician quality measures under the medicare program</header><text>Section 1848 of the Social Security Act (<external-xref legal-doc="usc" parsable-cite="usc/42/1395w-4">42 U.S.C. 1395w–4</external-xref>) is amended by adding at the end the following new subsection:</text>
				<quoted-block id="H9E97797474EE4FF192D8E7896BCA4FFD" style="OLC">
 <subsection id="HD09B86C85DF8459A9B34572E963D4DD4"><enum>(t)</enum><header>Measures related to USPSTF recommendations</header><text display-inline="yes-display-inline">Effective on the date of enactment of the USPSTF Transparency and Accountability Act of 2017, notwithstanding any other provision of this title, a quality measure related to a recommendation of the United States Preventive Services Task Force may only be applied under this section if such recommendation was developed or updated in accordance with the amendments made by section 2(a) of such Act and if the Secretary has concurred with such recommendation or grade after consultation with other Federal health agencies and relevant patient and provider groups.</text></subsection><after-quoted-block>.</after-quoted-block></quoted-block>
			</subsection></section></legis-body></bill>


