<?xml version="1.0"?>
<?xml-stylesheet type="text/xsl" href="billres.xsl"?>
<!DOCTYPE bill PUBLIC "-//US Congress//DTDs/bill.dtd//EN" "bill.dtd">
<bill bill-stage="Introduced-in-House" bill-type="olc" dms-id="HCA0B83BD1C5143298C24CAA8E42B87FF" key="H" public-private="public"><metadata xmlns:dc="http://purl.org/dc/elements/1.1/">
<dublinCore>
<dc:title>115 HR 412 IH: Enlisted Legal Assistance Act</dc:title>
<dc:publisher>U.S. House of Representatives</dc:publisher>
<dc:date>2017-01-10</dc:date>
<dc:format>text/xml</dc:format>
<dc:language>EN</dc:language>
<dc:rights>Pursuant to Title 17 Section 105 of the United States Code, this file is not subject to copyright protection and is in the public domain.</dc:rights>
</dublinCore>
</metadata>
<form>
<distribution-code display="yes">I</distribution-code><congress display="yes">115th CONGRESS</congress><session display="yes">1st Session</session><legis-num display="yes">H. R. 412</legis-num><current-chamber>IN THE HOUSE OF REPRESENTATIVES</current-chamber><action display="yes"><action-date date="20170110">January 10, 2017</action-date><action-desc><sponsor name-id="L000581">Mrs. Lawrence</sponsor> introduced the following bill; which was referred to the <committee-name committee-id="HAS00">Committee on Armed Services</committee-name></action-desc></action><legis-type>A BILL</legis-type><official-title display="yes">To amend title 10, United States Code, to require the provision of legal assistance to junior
			 enlisted personnel of the Armed Forces and their dependents in connection
			 with their personal civil legal affairs.</official-title></form>
	<legis-body id="H274C9EB49E324794944B62DA87F3FA57" style="OLC">
 <section id="H2B50E766D8584CB387C177E180497989" section-type="section-one"><enum>1.</enum><header>Short title</header><text display-inline="no-display-inline">This Act may be cited as the <quote><short-title>Enlisted Legal Assistance Act</short-title></quote>.</text> </section><section id="HE487506010ED497EB646128A64BB4E7F"><enum>2.</enum><header>Guaranteed provision of legal assistance to junior enlisted personnel of the Armed Forces and their dependents</header> <subsection id="HAD1A417345A84AF99DFEA89925A98817"><enum>(a)</enum><header>Provision of legal assistance</header><text display-inline="yes-display-inline">Section 1044 of title 10, United States Code, is amended—</text>
 <paragraph id="HFE1CF9D7EE9B405EAF0A067E4DFA9C00"><enum>(1)</enum><text>by redesignating subsections (a) through (e) as subsections (b) through (f), respectively; and</text> </paragraph><paragraph id="HFD0485CF5F1B4B08BAC612DF2F5CB154"><enum>(2)</enum><text>by inserting before subsection (b), as so redesignated, the following new subsection (a):</text>
					<quoted-block display-inline="no-display-inline" id="H63760F574D0F4557821113A21B6C5587" style="OLC">
 <subsection id="H06B06A75A39A4562B67E40EA43B7C56C"><enum>(a)</enum><text display-inline="yes-display-inline">Utilizing such legal staff resources as may be necessary, the Secretary of the department concerned shall provide legal assistance in connection with their personal civil legal affairs to the following persons:</text>
 <paragraph id="H1C38D52F58A94E65AD7CC37AF60C53D9"><enum>(1)</enum><text>Members of the armed forces under the jurisdiction of that Secretary in pay grades E–1 through E–5 who are on active duty.</text>
 </paragraph><paragraph id="H69FF62235FCB4666AA8A3861AF19A3A5"><enum>(2)</enum><text display-inline="yes-display-inline">Dependents of members described in paragraph (1).</text> </paragraph><paragraph id="H828B72A7E5F6431296B9B2019C14F38E"><enum>(3)</enum><text>Survivors of a deceased member described in paragraph (1) who were dependents of the member at the time of the death of the member, except that the eligibility of such survivors shall be determined pursuant to regulations prescribed by that Secretary.</text></paragraph></subsection><after-quoted-block>.</after-quoted-block></quoted-block>
				</paragraph></subsection><subsection id="H05AE99208A084FCD8049595DA19D353B"><enum>(b)</enum><header>Conforming amendments</header>
 <paragraph commented="no" display-inline="yes-display-inline" id="H807252296FFF45FD84E76898EE212B36"><enum>(1)</enum><text display-inline="yes-display-inline">Section 1044 of title 10, United States Code, is further amended—</text> <subparagraph id="HDCB506B2C2294616940F9ACEBD477924" indent="up1"><enum>(A)</enum><text display-inline="yes-display-inline">in paragraph (1) of subsection (b), as redesignated by subsection (a)(1), by inserting <quote>not covered by subsection (a)(1)</quote> after <quote>armed forces</quote>; and</text>
 </subparagraph><subparagraph id="H2E3BFBA15F47468EBCDB1449B650E1C3" indent="up1"><enum>(B)</enum><text display-inline="yes-display-inline">in subsection (d), as redesignated by subsection (a)(1), by striking <quote>subsection (a)</quote> and inserting <quote>subsection (b)</quote>.</text> </subparagraph></paragraph><paragraph id="HCFCC9B47F2924CD3881BEEA696DAE757" indent="up1"><enum>(2)</enum><text display-inline="yes-display-inline">Section 1044e(d)(1) of title 10, United States Code, is amended by striking <quote>section 1044(d)(2)</quote> and inserting <quote>section 1044(e)(2)</quote>.</text>
				</paragraph></subsection></section></legis-body></bill>


