<?xml version="1.0"?>
<?xml-stylesheet type="text/xsl" href="billres.xsl"?>
<!DOCTYPE bill PUBLIC "-//US Congress//DTDs/bill.dtd//EN" "bill.dtd">
<bill bill-stage="Introduced-in-House" bill-type="olc" dms-id="H35955010152448EC809055BDBDD32023" key="H" public-private="public"><metadata xmlns:dc="http://purl.org/dc/elements/1.1/">
<dublinCore>
<dc:title>115 HR 251 IH: Startup in a Day Act of 2017</dc:title>
<dc:publisher>U.S. House of Representatives</dc:publisher>
<dc:date>2017-01-04</dc:date>
<dc:format>text/xml</dc:format>
<dc:language>EN</dc:language>
<dc:rights>Pursuant to Title 17 Section 105 of the United States Code, this file is not subject to copyright protection and is in the public domain.</dc:rights>
</dublinCore>
</metadata>
<form>
<distribution-code display="yes">I</distribution-code><congress display="yes">115th CONGRESS</congress><session display="yes">1st Session</session><legis-num display="yes">H. R. 251</legis-num><current-chamber>IN THE HOUSE OF REPRESENTATIVES</current-chamber><action display="yes"><action-date date="20170104">January 4, 2017</action-date><action-desc><sponsor name-id="B001285">Ms. Brownley of California</sponsor> introduced the following bill; which was referred to the <committee-name committee-id="HSM00">Committee on Small Business</committee-name></action-desc></action><legis-type>A BILL</legis-type><official-title display="yes">To direct the Administrator of the Small Business Administration to establish a competitive grant
			 program to award grants to States and local governments for purposes of
			 assisting entrepreneurs planning to start a small business concern.</official-title></form>
	<legis-body id="H5E951CBCB33544B3BB3A4855D9FB74E5" style="OLC">
 <section id="H88D8B1BDE5194ED2A69F84C7E36CD1E7" section-type="section-one"><enum>1.</enum><header>Short title</header><text display-inline="no-display-inline">This Act may be cited as the <quote><short-title>Startup in a Day Act of 2017</short-title></quote>.</text> </section><section id="HAA3F30DA1D684A6C904FC39535FCA778"><enum>2.</enum><header>Startup in a Day grant program</header> <subsection id="H8D923152C46E414C8C5F4FBA8A09EA8E"><enum>(a)</enum><header>Establishment</header><text display-inline="yes-display-inline">The Administrator of the Small Business Administration shall, from amounts appropriated pursuant to subsection (g), establish a competitive grant program to be known as the <quote>Startup in a Day Program</quote> to award grants to eligible entities for purposes of assisting entrepreneurs planning to start a small business concern in complying with State or local government requirements for opening and operating such a concern in a geographic area in the jurisdiction of the eligible entity.</text>
 </subsection><subsection id="H349FA0A923B44291AFBFE7ABC90A00B5"><enum>(b)</enum><header>Application</header><text>An eligible entity may submit an application to the Administrator, at a time and in a manner to be prescribed by the Administrator, describing activities the eligible entity would undertake to assist entrepreneurs planning to start a small business concern in a geographic area in the jurisdiction of the eligible entity.</text>
 </subsection><subsection id="H7FA593BE8A0C4D2A899D2CC219B6A815"><enum>(c)</enum><header>Selection</header><text display-inline="yes-display-inline">The Administrator shall select from among eligible entities submitting an application pursuant to subsection (b) grant recipients based on criteria to be prescribed by the Administrator.</text>
 </subsection><subsection id="HA9EB9A92A89745399BDFC14A6883727F"><enum>(d)</enum><header>Authorized use of funds</header><text>Grants awarded under this section may be used by a grant recipient to carry out activities to assist entrepreneurs planning to start small business concerns, including—</text>
 <paragraph id="HBD3EB72A726544F186599020B88D6494"><enum>(1)</enum><text>developing, implementing, and improving Internet resources related to the small business concern startup process in the geographic area in the jurisdiction of the recipient;</text>
 </paragraph><paragraph id="HF078F3BBF49842FBA87AEF75981171F0"><enum>(2)</enum><text>assisting such entrepreneurs in registering and applying for any licenses or permits required by a State or a local government for starting a small business concern in such area; and</text>
 </paragraph><paragraph id="H971DD56CAAC247FCA70B775C29E98042"><enum>(3)</enum><text>other activities the Administrator determines necessary.</text> </paragraph></subsection><subsection id="H4E25AA2AEFD14EE18D44F800B7DEA634"><enum>(e)</enum><header>Reports</header> <paragraph id="H21B671CBBDE847D7AF65E0AFA964B626"><enum>(1)</enum><header>Report to Administrator</header><text display-inline="yes-display-inline">A recipient of a grant under this section shall submit to the Administrator, at a time and in a manner to be prescribed by the Administrator, a report detailing how grant funds were expended and describing the impact, if any, of activities funded by the grant on the opening of small business concerns in a geographic area in the jurisdiction of such recipient.</text>
 </paragraph><paragraph id="HCE1FBA799BB34329AD14FE809CB7DCC8"><enum>(2)</enum><header>Report to Congress</header><text>Not later than 90 days after the conclusion of each fiscal year for which the Administrator awards a grant under this section, the Administrator shall submit to Congress a report describing all such grants awarded for such fiscal year and analyzing the impact, if any, of such grants on the opening of small business concerns in the jurisdictions of eligible entities receiving such grants.</text>
 </paragraph></subsection><subsection id="H9E246CCFF067464C8F6CBDB8DA5081FD"><enum>(f)</enum><header>Definitions</header><text>For purposes of this section, the following definitions apply:</text> <paragraph id="H7662E47B57CC4D86AC4B767E6E31988B"><enum>(1)</enum><header>Administrator</header><text>The term <quote>Administrator</quote> means the Administrator of the Small Business Administration.</text>
 </paragraph><paragraph id="HCF9D8B15D8BC4CBD9B0688B02A30C54C"><enum>(2)</enum><header>Eligible entity</header><text>The term <quote>eligible entity</quote> means a State or local government.</text> </paragraph><paragraph id="HD46E3E589F9F4BF385779B74C6DA6B78"><enum>(3)</enum><header>Local government</header><text>The term <quote>local government</quote> means a county, parish, borough, or municipal government.</text>
 </paragraph><paragraph id="HB33A7941D9214F4AB9D9CA3700943656"><enum>(4)</enum><header>Small business concern</header><text>The term <quote>small business concern</quote> has the meaning given such term under section 3 of the Small Business Act (<external-xref legal-doc="usc" parsable-cite="usc/15/632">15 U.S.C. 632</external-xref>).</text> </paragraph><paragraph id="H6CA1EB6A0B624F7DA509B5D6F1A35527"><enum>(5)</enum><header>State</header><text>The term <quote>State</quote> means each of the several States, the District of Columbia, the Commonwealth of Puerto Rico, the Virgin Islands of the United States, Guam, American Samoa, the Commonwealth of the Northern Mariana Islands, and each federally recognized Indian tribe.</text>
 </paragraph></subsection><subsection id="H51B941F125A94B898D0FAB8A23D0251B"><enum>(g)</enum><header>Authorization of appropriations</header><text>There are authorized to be appropriated to the Administrator for each of fiscal years 2018 through 2022 $1,000,000 for purposes of carrying out this section.</text>
			</subsection></section></legis-body></bill>


