<?xml version="1.0"?>
<?xml-stylesheet type="text/xsl" href="billres.xsl"?>
<!DOCTYPE bill PUBLIC "-//US Congress//DTDs/bill.dtd//EN" "bill.dtd">
<bill bill-stage="Introduced-in-House" bill-type="olc" dms-id="H1ED69A5C57C6442BAD4D4A74D1622D20" key="H" public-private="public"><metadata xmlns:dc="http://purl.org/dc/elements/1.1/">
<dublinCore>
<dc:title>115 HR 214 IH: American Fisheries Advisory Committee Act</dc:title>
<dc:publisher>U.S. House of Representatives</dc:publisher>
<dc:date>2017-01-03</dc:date>
<dc:format>text/xml</dc:format>
<dc:language>EN</dc:language>
<dc:rights>Pursuant to Title 17 Section 105 of the United States Code, this file is not subject to copyright protection and is in the public domain.</dc:rights>
</dublinCore>
</metadata>
<form>
<distribution-code display="yes">I</distribution-code><congress display="yes">115th CONGRESS</congress><session display="yes">1st Session</session><legis-num display="yes">H. R. 214</legis-num><current-chamber>IN THE HOUSE OF REPRESENTATIVES</current-chamber><action display="yes"><action-date date="20170103">January 3, 2017</action-date><action-desc><sponsor name-id="Y000033">Mr. Young of Alaska</sponsor> introduced the following bill; which was referred to the <committee-name committee-id="HII00">Committee on Natural Resources</committee-name></action-desc></action><legis-type>A BILL</legis-type><official-title display="yes">To establish the American Fisheries Advisory Committee to assist in the awarding of fisheries
			 research and development grants, and for other purposes.</official-title></form>
	<legis-body id="H65250D1E282C421995A4582998A0E8A5" style="OLC">
 <section id="H5001CA795B1448B5B2DD3DCAB92D7923" section-type="section-one"><enum>1.</enum><header>Short title</header><text display-inline="no-display-inline">This Act may be cited as the <quote><short-title>American Fisheries Advisory Committee Act</short-title></quote>.</text> </section><section id="H452385F73F09433183FAA4C42103D702"><enum>2.</enum><header>American Fisheries Advisory Committee</header> <subsection id="H7B7D54A04F0643CFAA9F57119078B515"><enum>(a)</enum><header>Establishment</header><text>Section 2 of the Act of August 11, 1939 (<external-xref legal-doc="usc" parsable-cite="usc/15/713c-3">15 U.S.C. 713c–3</external-xref>), is amended by adding at the end the following:</text>
				<quoted-block display-inline="no-display-inline" id="H3148468B08F9406BB05F798D7A4E4AC7" style="OLC">
					<subsection id="HFDEB84A9489F4DCD9630EB794BCBF092"><enum>(f)</enum><header>American Fisheries Advisory Committee</header>
 <paragraph id="H7AC878DE71C94D83ACBC2EE21C07B91C"><enum>(1)</enum><header>Definitions</header><text>In this subsection:</text> <subparagraph id="H029E74DF800D499888B27821892B38F4"><enum>(A)</enum><header>Committee</header><text>The term <quote>Committee</quote> means the American Fisheries Advisory Committee established under paragraph (2).</text>
 </subparagraph><subparagraph id="H3035DE3C0B05457D93FFE608AF3A4383"><enum>(B)</enum><header>Marketing and promotion</header><text>The term <term>marketing and promotion</term> means an activity aimed at encouraging the consumption of seafood or expanding or maintaining commercial markets for seafood.</text>
 </subparagraph><subparagraph id="HAB6FBC45F4E343CEAC4325CE93010349"><enum>(C)</enum><header>Processor</header><text>The term <term>processor</term> means any person in the business of preparing or packaging seafood (including seafood of the processor’s own harvesting) for sale.</text>
 </subparagraph><subparagraph id="H7EDDFB1F3FF3453B9DA2AE5A8A1A843E"><enum>(D)</enum><header>Seafood</header><text>The term <term>seafood</term> means farm-raised and wild-caught fish or shellfish harvested in the United States or by a United States flagged vessel for human consumption.</text>
 </subparagraph><subparagraph id="H8EA679692AEF4B4DBB0CF0D93F09990A"><enum>(E)</enum><header>Seafood industry</header><text>The term <term>seafood industry</term> means harvesters, marketers, growers, processors, and persons providing them with goods and services.</text>
 </subparagraph></paragraph><paragraph id="H837D5AEE99324BF7A4005E9A2C1E7E5B"><enum>(2)</enum><header>Establishment</header><text>Not later than 90 days after the date of the enactment of the <short-title>American Fisheries Advisory Committee Act</short-title>, the Secretary shall establish five regions within the American Fisheries Advisory Committee as follows:</text>
 <subparagraph id="H3D69E269D043484DB4EC1C2AE56658B5"><enum>(A)</enum><text>Region 1 shall consist of Alaska, Hawaii, the Commonwealth of the Northern Mariana Islands, and the territories of Guam and American Samoa.</text>
 </subparagraph><subparagraph id="HC141BE79AC774678844911E0499D7922"><enum>(B)</enum><text>Region 2 shall consist of Maine, New Hampshire, Massachusetts, Rhode Island, Connecticut, New York, Michigan, Minnesota, Wisconsin, Illinois, Indiana, Ohio, and Pennsylvania.</text>
 </subparagraph><subparagraph id="H53C42695EB054A9D8DAC06B2B1F0AC32"><enum>(C)</enum><text>Region 3 shall consist of Texas, Alabama, Louisiana, Mississippi, Florida, Puerto Rico, and the territory of the Virgin Islands.</text>
 </subparagraph><subparagraph id="HA4BBC3FE9D08447C9BB1B4F074B55EA1"><enum>(D)</enum><text>Region 4 shall consist of California, Washington, Oregon, and Idaho.</text> </subparagraph><subparagraph id="H0C1D0202F4E947BB8A4F5C181041CD37"><enum>(E)</enum><text>Region 5 shall consist of New Jersey, Delaware, Maryland, Virginia, North Carolina, South Carolina, and Georgia.</text>
 </subparagraph></paragraph><paragraph id="H8FE22C2E5959479498698A9326FD0D56"><enum>(3)</enum><header>Membership</header><text>The Committee shall be composed of the following members:</text> <subparagraph id="H5CDC7AAA13064017A6FAEFC57F3B9D6B"><enum>(A)</enum><header>Regional representation</header><text>Each of the regions listed in subparagraphs (A) through (E) of paragraph (2) shall be represented on the Committee by two members—</text>
 <clause id="H16C4DB708D9347A49E24733117C50888"><enum>(i)</enum><text>who are appointed by the Secretary;</text> </clause><clause id="H2E8723D37DF949CCA1A8320F187FF4B7"><enum>(ii)</enum><text>who reside in a State or territory in the region that the member will represent;</text>
 </clause><clause id="H2DD0839EC42F4A39B19F262E57D1A7CE"><enum>(iii)</enum><text>of which—</text> <subclause id="H388DF55087EF4EEDB331581AA7F54AA3"><enum>(I)</enum><text>one shall have experience as a seafood harvester; and</text>
 </subclause><subclause id="HC26CF2DCE767467284998E912173C149"><enum>(II)</enum><text>one shall have experience as a processor; and</text> </subclause></clause><clause id="H9ACFABB603C74B4BAA33DAA13908851A"><enum>(iv)</enum><text>that are selected so that the members of the Committee have experience or expertise with as many seafood species as practicable.</text>
 </clause></subparagraph><subparagraph id="HC7F79E42ED9A4C0283440F7CB9DB827E"><enum>(B)</enum><header>At-large members</header><text>The Secretary shall appoint to the Committee at-large members to ensure that the Committee fairly reflects the expertise and interest of the seafood industry located in each region, as follows:</text>
 <clause id="H634FD96BAE854569AFCE02C4D0A0D795"><enum>(i)</enum><text>One individual with experience in mass market food distribution.</text> </clause><clause id="HD85E6740F8EF44D587B0A6173A855AC9"><enum>(ii)</enum><text>One individual with experience in mass market food retail or food service.</text>
 </clause><clause id="H6AF6FBEDBBD84B699FA880E3B8AA2454"><enum>(iii)</enum><text>One individual with experience in the marketing of seafood.</text> </clause><clause id="HCEA8C4B6CC06467E9775F91ED9ACED58"><enum>(iv)</enum><text>One individual with experience in growing seafood.</text>
 </clause><clause id="H248609D4BCC742F49B8E133FE40451EE"><enum>(v)</enum><text>One individual who is an employee of the National Marine Fisheries Service with expertise in fisheries research.</text>
 </clause></subparagraph></paragraph><paragraph id="H1EBA833938E14063BBADFD4B2F9A8EC7"><enum>(4)</enum><header>Member terms</header><text>The term for a member of the Committee shall be three years, except that the Secretary shall designate staggered terms for the members initially appointed to the Committee.</text>
 </paragraph><paragraph id="HDA484EE472974921984BDE4A2C5B0766"><enum>(5)</enum><header>Responsibilities</header><text>The Committee shall be responsible for—</text> <subparagraph id="HECFE526744E84554AB6C38244BCF59CE"><enum>(A)</enum><text>identifying needs of the seafood industry that may be addressed by a project funded with a grant under subsection (c);</text>
 </subparagraph><subparagraph id="H42DB1E9E24C748DC8384166F2A2AB16A"><enum>(B)</enum><text>developing the request for proposals for such grants;</text> </subparagraph><subparagraph id="H21CCE4E26BF24550A0C2CC654F0943F4"><enum>(C)</enum><text>reviewing applications for such grants; and</text>
 </subparagraph><subparagraph id="H492227DDBA9344E697E0270C356C3DF3"><enum>(D)</enum><text>selecting applications for approval under subsection (c)(2)(B).</text> </subparagraph></paragraph><paragraph id="HA21BCDEA86A24E709D793159E7D7D5E5"><enum>(6)</enum><header>Chair</header><text>The Committee shall elect a chair by a majority of those voting, if a quorum is present.</text>
 </paragraph><paragraph id="HAEF8B859D3FB480AB1CB68DD123DE52E"><enum>(7)</enum><header>Quorum</header><text>A simple majority of members of the Committee shall constitute a quorum, but a lesser number may hold hearings.</text>
						</paragraph><paragraph id="H2F50CEAAFFD24462B8371A608A8C5ACE"><enum>(8)</enum><header>Meetings</header>
 <subparagraph id="HD44298EAB2E6477C8CA37AF0FACEA84D"><enum>(A)</enum><header>Frequency</header><text>The Committee shall meet not more than two times each year.</text> </subparagraph><subparagraph id="H7093616E20AE474286C47C6C51F7F6CE"><enum>(B)</enum><header>Location</header><text>The meetings of the Committee shall rotate between the geographic regions described under paragraph (2).</text>
 </subparagraph><subparagraph id="H5ADB8ABA00894FBD9CF3C2455EA35395"><enum>(C)</enum><header>Federal Advisory Committee Act</header><text>The Federal Advisory Committee Act (5 U.S.C. App.) shall not apply to the Committee.</text> </subparagraph></paragraph><paragraph id="H2EFC158288614DFD8369870D573201A3"><enum>(9)</enum><header>Staff</header><text>The Committee may employ staff as necessary without regard to the provisions of title 5, United States Code.</text>
						</paragraph><paragraph id="HC9A0E4C93729404B872BC6AFF6CCC917"><enum>(10)</enum><header>Per diem and expenses and funding</header>
 <subparagraph id="H3C0C14F0ED6040D3A4A83D1543ACAEF1"><enum>(A)</enum><header>In general</header><text>A member of the Committee shall serve without compensation, but shall be reimbursed in accordance with section 5703 of title 5, United States Code, for reasonable travel costs and expenses incurred in performing duties as a member of the Committee.</text>
 </subparagraph><subparagraph id="HA8274A70613140AE9C1EC7679198C3DA"><enum>(B)</enum><header>Funding</header><text>The reimbursements made under subparagraph (A) shall be paid with the funds made available for grants under subsection (c).</text>
 </subparagraph></paragraph><paragraph id="HC55B9E0C58824BF59E1A27D998121C30"><enum>(11)</enum><header>Conflict of interest</header><text>The conflict of interest and recusal provisions set out in section 302(j) of the Magnuson-Stevens Fishery Conservation and Management Act (<external-xref legal-doc="usc" parsable-cite="usc/16/1852">16 U.S.C. 1852(j)</external-xref>) shall apply to any decision by the Committee and to all members of the Committee as if each member of the Committee is an affected individual within the meaning of such section 302(j), except that in addition to the disclosure requirements of section 302(j)(2)(C) of such Act (<external-xref legal-doc="usc" parsable-cite="usc/16/1852">16 U.S.C. 1852(j)(2)(C)</external-xref>), each member of the Committee shall disclose any financial interest or relationship in an organization or with an individual that is applying for a grant under subsection (c) held by the member of the Committee, including an interest as an officer, director, trustee, partner, employee, contractor, agent, or other representative.</text></paragraph></subsection><after-quoted-block>.</after-quoted-block></quoted-block>
 </subsection><subsection id="HABBC563DAC144241958585BD22402B6B"><enum>(b)</enum><header>Role in approval of grants</header><text>Section 2(c)(3) of the Act of August 11, 1939 (<external-xref legal-doc="usc" parsable-cite="usc/15/713c-3">15 U.S.C. 713c–3(c)(3)</external-xref>), is amended to read as follows:</text>
				<quoted-block display-inline="no-display-inline" id="HC2FCB079DE0C4B5D90B783ECCBD90962" style="OLC">
 <paragraph id="H571C7BC3FC224779BB5CD8AEBB562687" indent="up1"><enum>(3)</enum><text>No application for a grant under this subsection may be approved unless—</text> <subparagraph id="H419EBD654C3F436C85F01DD84C782EBE"><enum>(A)</enum><text>the Secretary is satisfied that the applicant has the requisite technical and financial capability to carry out the project; and</text>
 </subparagraph><subparagraph id="HB7684DBC92D64770BCC85C00B8C789B1"><enum>(B)</enum><text>the application is selected for funding by the American Fisheries Advisory Committee under subsection (f).</text></subparagraph></paragraph><after-quoted-block>.</after-quoted-block></quoted-block>
			</subsection></section></legis-body></bill>


