<?xml version="1.0"?>
<?xml-stylesheet type="text/xsl" href="billres.xsl"?>
<!DOCTYPE bill PUBLIC "-//US Congress//DTDs/bill.dtd//EN" "bill.dtd">
<bill bill-stage="Introduced-in-House" bill-type="olc" dms-id="HB499AD12C5A748FF918D482CC4C82F39" key="H" public-private="public"><metadata xmlns:dc="http://purl.org/dc/elements/1.1/">
<dublinCore>
<dc:title>115 HR 466 IH: Sex Trafficking Demand Reduction Act</dc:title>
<dc:publisher>U.S. House of Representatives</dc:publisher>
<dc:date>2017-01-12</dc:date>
<dc:format>text/xml</dc:format>
<dc:language>EN</dc:language>
<dc:rights>Pursuant to Title 17 Section 105 of the United States Code, this file is not subject to copyright protection and is in the public domain.</dc:rights>
</dublinCore>
</metadata>
<form>
<distribution-code display="yes">I</distribution-code><congress display="yes">115th CONGRESS</congress><session display="yes">1st Session</session><legis-num display="yes">H. R. 466</legis-num><current-chamber>IN THE HOUSE OF REPRESENTATIVES</current-chamber><action display="yes"><action-date date="20170112">January 12, 2017</action-date><action-desc><sponsor name-id="H001059">Mr. Hultgren</sponsor> (for himself, <cosponsor name-id="S000522">Mr. Smith of New Jersey</cosponsor>, <cosponsor name-id="M001195">Mr. Mooney of West Virginia</cosponsor>, <cosponsor name-id="P000606">Mr. Pittenger</cosponsor>, <cosponsor name-id="G000558">Mr. Guthrie</cosponsor>, <cosponsor name-id="W000798">Mr. Walberg</cosponsor>, and <cosponsor name-id="M000087">Mrs. Carolyn B. Maloney of New York</cosponsor>) introduced the following bill; which was referred to the <committee-name committee-id="HFA00">Committee on Foreign Affairs</committee-name></action-desc></action><legis-type>A BILL</legis-type><official-title display="yes">To amend the Trafficking Victims Protection Act of 2000 relating to determinations with respect to
			 efforts of foreign countries to reduce demand for commercial sex acts
			 under the minimum standards for the elimination of trafficking.</official-title></form>
	<legis-body id="H69CA954A3DB6413783989D3C07BFC179" style="OLC">
 <section id="H45566BEC73A846BA9CAA0727967C1029" section-type="section-one"><enum>1.</enum><header>Short title</header><text display-inline="no-display-inline">This Act may be cited as the <quote><short-title>Sex Trafficking Demand Reduction Act</short-title></quote>.</text> </section><section id="HA268305A5F7D44DFA8C92DB1398F4469"><enum>2.</enum><header>Findings</header><text display-inline="no-display-inline">Congress finds the following:</text>
 <paragraph id="H1ACA2553AA264CE3A35242F7CED4A216"><enum>(1)</enum><text display-inline="yes-display-inline">It has been the longstanding position of the United States to reduce the demand for sex trafficking victims. There is also a wide international consensus on the necessity of demand reduction in order to prevent human trafficking.</text>
 </paragraph><paragraph id="H7119E5A7B1874D59B8A2542421053BF6"><enum>(2)</enum><text display-inline="yes-display-inline">The United Nations Protocol to Prevent, Suppress and Punish Trafficking in Persons, Especially Women and Children, Supplementing the United Nations Convention Against Transnational Organized Crime of 2000 (also referred to as the <quote>Palermo Protocol(s)</quote>) expressly addresses the requirement that nations make serious efforts to reduce demand for trafficked persons.</text>
 </paragraph><paragraph id="H4F672F7FF1A141E386B1836F53A5329D"><enum>(3)</enum><text display-inline="yes-display-inline">Article nine, addressing prevention of human trafficking specifically directs that, <quote>States Parties shall adopt or strengthen legislative or other measures, such as educational, social or cultural measures, including through bilateral and multilateral cooperation, to discourage the demand that fosters all forms of exploitation of persons, especially women and children, that leads to trafficking.</quote>.</text>
 </paragraph><paragraph id="H6A4F1CBA8C9642F182079A52B667A9FD"><enum>(4)</enum><text display-inline="yes-display-inline">The United Nations Protocol, the Europe Convention on Action against Human Trafficking, and the 2011 European Union Directive of the European Parliament and the Council on preventing and combating trafficking in human beings, also specifically address the need to prevent human trafficking by reducing demand for trafficking victims.</text>
 </paragraph><paragraph id="H16A656797F8649C49BCDD8947E54868A"><enum>(5)</enum><text display-inline="yes-display-inline">Research has shown that legal prostitution increases the demand for prostituted persons and thus increases the market for sex. As a result, there is a significant increase in instances of human trafficking.</text>
 </paragraph><paragraph id="H1A227325EDF546D7A5FB242044A1F3D2"><enum>(6)</enum><text display-inline="yes-display-inline">In 2012 researchers Seo-Young Cho, Axel Dreher, and Eric Neumayer published their findings that demonstrated <quote>the scale effect of legalizing prostitution leads to an expansion of the prostitution market and thus an increase in human trafficking, while the substitution effect reduces demand for trafficked prostitutes by favoring prostitutes who have legal residence in a country</quote>.</text>
 </paragraph><paragraph id="HF0ED2157F7EE482ABB2DEC92F61C3208"><enum>(7)</enum><text display-inline="yes-display-inline">In 2005 Di Nicola and others provided descriptive statistics focusing on 11 European Union countries. According to their results, stricter prostitution laws are correlated with reduced flows of human trafficking.</text>
 </paragraph><paragraph id="HBB68A725A1E9454EADA204DA4165AF8E"><enum>(8)</enum><text display-inline="yes-display-inline">Researchers Niklas Jakobsson and Andreas Kotsadam found a casual link between legal prostitution and increases in human trafficking. Jakobsson and Kotsadam found that trafficking of persons for commercial sexual exploitation is least prevalent in countries where prostitution is illegal and most prevalent in countries where prostitution is legalized.</text>
 </paragraph><paragraph id="H5A08A8F42DB643859214F00B700CFD13"><enum>(9)</enum><text display-inline="yes-display-inline">Further data has demonstrated the correlation between the adoption of legislation that criminalizes demand and reductions in sex trafficking victims.</text>
			</paragraph></section><section id="HD0C4EE13BEBB452BB245F390CDAB67D4"><enum>3.</enum><header>Amendment relating to determinations with respect to efforts of foreign countries to reduce demand
			 for commercial sex acts under the minimum standards for the elimination of
			 trafficking</header>
 <subsection id="HA99C13731EC340BE934A3416678DB154"><enum>(a)</enum><header>In general</header><text>Section 108 of the Trafficking Victims Protection Act of 2000 (<external-xref legal-doc="usc" parsable-cite="usc/22/7106">22 U.S.C. 7106</external-xref>) is amended by adding at the end the following new subsection:</text>
				<quoted-block display-inline="no-display-inline" id="HB9EEE17A571D4C318E8EF4E9B5100A3A" style="OLC">
 <subsection id="H4AF102970E60486A9D4451DC14DF24DA"><enum>(c)</enum><header>Criteria with respect to commercial sex acts</header><text display-inline="yes-display-inline">In determinations under subsection (b)(12)(A), if the government of the country has the authority to prohibit the purchase of commercial sex acts and fails to do so, such failure to prohibit the purchase of commercial sex acts shall be deemed to be a failure on the part of the government to make serious and sustained efforts to reduce the demand for commercial sex acts, notwithstanding other efforts made by the government to reduce the demand for commercial sex acts.</text></subsection><after-quoted-block>.</after-quoted-block></quoted-block>
 </subsection><subsection id="HBCCA5EDDDCE84DDBA2467C9F7EE9ECB9"><enum>(b)</enum><header>Effective date</header><text display-inline="yes-display-inline">The amendment made by subsection (a) takes effect on the date of the enactment of this Act and applies with respect to determinations under subsection (b)(12)(A) of section 108 of the Trafficking Victims Protection Act of 2000 that are made on or after such date of enactment.</text>
			</subsection></section></legis-body></bill>


