<?xml version="1.0"?>
<?xml-stylesheet type="text/xsl" href="billres.xsl"?>
<!DOCTYPE bill PUBLIC "-//US Congress//DTDs/bill.dtd//EN" "bill.dtd">
<bill bill-stage="Introduced-in-House" dms-id="H7D340D7E8143408D83139844F9103B3C" public-private="public" key="H" bill-type="olc"><form><distribution-code display="yes">I</distribution-code><congress display="yes">115th CONGRESS</congress><session display="yes">1st Session</session><legis-num display="yes">H. R. 175</legis-num><current-chamber>IN THE HOUSE OF REPRESENTATIVES</current-chamber><action display="yes"><action-date date="20170103">January 3, 2017</action-date><action-desc><sponsor name-id="K000362">Mr. King of Iowa</sponsor> (for himself, <cosponsor name-id="M001184">Mr. Massie</cosponsor>, <cosponsor name-id="B001257">Mr. Bilirakis</cosponsor>, <cosponsor name-id="G000563">Mr. Gibbs</cosponsor>, <cosponsor name-id="A000367">Mr. Amash</cosponsor>, <cosponsor name-id="C001051">Mr. Carter of Texas</cosponsor>, <cosponsor name-id="S001192">Mr. Stewart</cosponsor>, <cosponsor name-id="H001071">Mr. Jody B. Hice of Georgia</cosponsor>, <cosponsor name-id="P000601">Mr. Palazzo</cosponsor>, <cosponsor name-id="B001289">Mr. Byrne</cosponsor>, <cosponsor name-id="D000615">Mr. Duncan of South Carolina</cosponsor>, <cosponsor name-id="F000448">Mr. Franks of Arizona</cosponsor>, <cosponsor name-id="G000552">Mr. Gohmert</cosponsor>, <cosponsor name-id="N000189">Mr. Newhouse</cosponsor>, <cosponsor name-id="C001053">Mr. Cole</cosponsor>, <cosponsor name-id="S000051">Mr. Sanford</cosponsor>, <cosponsor name-id="F000460">Mr. Farenthold</cosponsor>, <cosponsor name-id="M001187">Mr. Meadows</cosponsor>, <cosponsor name-id="O000168">Mr. Olson</cosponsor>, <cosponsor name-id="B001291">Mr. Babin</cosponsor>, <cosponsor name-id="D000616">Mr. DesJarlais</cosponsor>, <cosponsor name-id="W000821">Mr. Westerman</cosponsor>, <cosponsor name-id="A000055">Mr. Aderholt</cosponsor>, and <cosponsor name-id="D000533">Mr. Duncan of Tennessee</cosponsor>) introduced the following bill; which was referred to the <committee-name committee-id="HIF00">Committee on Energy and Commerce</committee-name>, and in addition to the Committees on <committee-name committee-id="HWM00">Ways and Means</committee-name>, <committee-name committee-id="HED00">Education and the Workforce</committee-name>, <committee-name committee-id="HII00">Natural Resources</committee-name>, <committee-name committee-id="HJU00">the Judiciary</committee-name>, <committee-name committee-id="HHA00">House Administration</committee-name>, <committee-name committee-id="HRU00">Rules</committee-name>, and <committee-name committee-id="HAP00">Appropriations</committee-name>, for a period to be subsequently determined by the Speaker, in each case for consideration of such provisions as fall within the jurisdiction of the committee concerned</action-desc></action><legis-type>A BILL</legis-type><official-title display="yes">To repeal the Patient Protection and Affordable Care Act and the Health Care and Education Reconciliation Act of 2010.</official-title></form><legis-body id="H33D6166769724EA698EFC5BD51C85DDF" style="OLC"> 
<section id="H71E94AC79F6D49B89EA3AB580314DCE8" section-type="section-one"><enum>1.</enum><header>Short title</header><text display-inline="no-display-inline">This Act may be cited as the <quote><short-title>ObamaCare Repeal Act</short-title></quote>.</text></section> <section id="H1C8C415A5E8A49EA87B8ED76359202B3"><enum>2.</enum><header>Repeal of the Patient Protection and Affordable Care Act and the Health Care and Education Reconciliation Act of 2010</header> <subsection id="H4C5FC0FEA8384F2EB1269AFB7134EA94"><enum>(a)</enum><header>Patient Protection and Affordable Care Act</header><text>Effective as of the enactment of the Patient Protection and Affordable Care Act (<external-xref legal-doc="public-law" parsable-cite="pl/111/148">Public Law 111–148</external-xref>), such Act is repealed, and the provisions of law amended or repealed by such Act are restored or revived as if such Act had not been enacted.</text></subsection>
<subsection id="H8ACCF6BC863D415BAEDBF30B0EA47E9A"><enum>(b)</enum><header>Health Care and Education Reconciliation Act of 2010</header><text>Effective as of the enactment of the Health Care and Education Reconciliation Act of 2010 (<external-xref legal-doc="public-law" parsable-cite="pl/111/152">Public Law 111–152</external-xref>), such Act is repealed, and the provisions of law amended or repealed by such Act are restored or revived as if such Act had not been enacted.</text></subsection></section> </legis-body></bill>

