<?xml version="1.0"?>
<?xml-stylesheet type="text/xsl" href="billres.xsl"?>
<!DOCTYPE bill PUBLIC "-//US Congress//DTDs/bill.dtd//EN" "bill.dtd">
<bill bill-stage="Introduced-in-House" dms-id="H94651CCF36B54A44A00859D0250D0F33" public-private="public" key="H" bill-type="olc"><form><distribution-code display="yes">I</distribution-code><congress display="yes">115th CONGRESS</congress><session display="yes">1st Session</session><legis-num display="yes">H. R. 673</legis-num><current-chamber>IN THE HOUSE OF REPRESENTATIVES</current-chamber><action display="yes"><action-date date="20170124">January 24, 2017</action-date><action-desc><sponsor name-id="L000569">Mr. Luetkemeyer</sponsor> (for himself, <cosponsor name-id="G000546">Mr. Graves of Missouri</cosponsor>, <cosponsor name-id="D000615">Mr. Duncan of South Carolina</cosponsor>, and <cosponsor name-id="G000565">Mr. Gosar</cosponsor>) introduced the following bill; which was referred to the <committee-name committee-id="HFA00">Committee on Foreign Affairs</committee-name></action-desc></action><legis-type>A BILL</legis-type><official-title display="yes">To prohibit United States contributions to the Intergovernmental Panel on Climate Change, the United Nations Framework Convention on Climate Change, and the Green Climate Fund.</official-title></form><legis-body id="H8606310D62914F6088F71E396A2F106F" style="OLC"> 
<section id="H02C8DA6894BD49EDBEE88C4BD32812DD" section-type="section-one"><enum>1.</enum><header>Short title</header><text display-inline="no-display-inline">This Act may be cited as the <quote><short-title>No Tax Dollars for the United Nations’ Climate Agenda Act</short-title></quote>. </text></section> <section id="H8A0FE614A71342779317E4DB23D2C865"><enum>2.</enum><header>Prohibition on United States contributions to the Intergovernmental Panel on Climate Change, the United Nations Framework Convention on Climate Change, and the Green Climate Fund</header> <text display-inline="no-display-inline">Notwithstanding any other provision of law, no funds made available to any Federal department or agency may be used to make assessed or voluntary contributions on behalf of the United States to or for the Intergovernmental Panel on Climate Change (IPCC), the United Nations Framework Convention on Climate Change (UNFCCC), or the Green Climate Fund.</text></section> 
</legis-body></bill>

