<?xml version="1.0"?>
<?xml-stylesheet type="text/xsl" href="billres.xsl"?>
<!DOCTYPE bill PUBLIC "-//US Congress//DTDs/bill.dtd//EN" "bill.dtd">
<bill bill-stage="Introduced-in-House" bill-type="olc" dms-id="H9FAFB5C1D9224112B5A52A7CD9718723" key="H" public-private="public"><metadata xmlns:dc="http://purl.org/dc/elements/1.1/">
<dublinCore>
<dc:title>115 HR 367 IH: Hearing Protection Act of 2017</dc:title>
<dc:publisher>U.S. House of Representatives</dc:publisher>
<dc:date>2017-01-09</dc:date>
<dc:format>text/xml</dc:format>
<dc:language>EN</dc:language>
<dc:rights>Pursuant to Title 17 Section 105 of the United States Code, this file is not subject to copyright protection and is in the public domain.</dc:rights>
</dublinCore>
</metadata>
<form>
<distribution-code display="yes">I</distribution-code><congress display="yes">115th CONGRESS</congress><session display="yes">1st Session</session><legis-num display="yes">H. R. 367</legis-num><current-chamber>IN THE HOUSE OF REPRESENTATIVES</current-chamber><action display="yes"><action-date date="20170109">January 9, 2017</action-date><action-desc><sponsor name-id="D000615">Mr. Duncan of South Carolina</sponsor> (for himself, <cosponsor name-id="C001051">Mr. Carter of Texas</cosponsor>, <cosponsor name-id="G000410">Mr. Gene Green of Texas</cosponsor>, <cosponsor name-id="S001189">Mr. Austin Scott of Georgia</cosponsor>, <cosponsor name-id="B001302">Mr. Biggs</cosponsor>, <cosponsor name-id="G000565">Mr. Gosar</cosponsor>, <cosponsor name-id="H001067">Mr. Hudson</cosponsor>, <cosponsor name-id="L000578">Mr. LaMalfa</cosponsor>, <cosponsor name-id="H001052">Mr. Harris</cosponsor>, <cosponsor name-id="W000821">Mr. Westerman</cosponsor>, <cosponsor name-id="O000168">Mr. Olson</cosponsor>, <cosponsor name-id="C001076">Mr. Chaffetz</cosponsor>, <cosponsor name-id="H001036">Mr. Hensarling</cosponsor>, <cosponsor name-id="C001103">Mr. Carter of Georgia</cosponsor>, <cosponsor name-id="L000573">Mr. Labrador</cosponsor>, <cosponsor name-id="B001274">Mr. Brooks of Alabama</cosponsor>, <cosponsor name-id="S000583">Mr. Smith of Texas</cosponsor>, <cosponsor name-id="B001250">Mr. Bishop of Utah</cosponsor>, <cosponsor name-id="B001290">Mr. Brat</cosponsor>, <cosponsor name-id="A000374">Mr. Abraham</cosponsor>, <cosponsor name-id="P000609">Mr. Palmer</cosponsor>, <cosponsor name-id="L000584">Mrs. Love</cosponsor>, <cosponsor name-id="B001283">Mr. Bridenstine</cosponsor>, <cosponsor name-id="S001192">Mr. Stewart</cosponsor>, <cosponsor name-id="M001198">Mr. Marshall</cosponsor>, <cosponsor name-id="E000294">Mr. Emmer</cosponsor>, <cosponsor name-id="R000601">Mr. Ratcliffe</cosponsor>, <cosponsor name-id="H001071">Mr. Jody B. Hice of Georgia</cosponsor>, <cosponsor name-id="B001297">Mr. Buck</cosponsor>, <cosponsor name-id="W000814">Mr. Weber of Texas</cosponsor>, <cosponsor name-id="M001189">Mr. Messer</cosponsor>, <cosponsor name-id="M001195">Mr. Mooney of West Virginia</cosponsor>, <cosponsor name-id="D000621">Mr. DeSantis</cosponsor>, <cosponsor name-id="N000189">Mr. Newhouse</cosponsor>, <cosponsor name-id="S001195">Mr. Smith of Missouri</cosponsor>, <cosponsor name-id="G000560">Mr. Graves of Georgia</cosponsor>, <cosponsor name-id="L000564">Mr. Lamborn</cosponsor>, <cosponsor name-id="W000815">Mr. Wenstrup</cosponsor>, <cosponsor name-id="R000575">Mr. Rogers of Alabama</cosponsor>, <cosponsor name-id="D000616">Mr. DesJarlais</cosponsor>, <cosponsor name-id="M001184">Mr. Massie</cosponsor>, <cosponsor name-id="K000362">Mr. King of Iowa</cosponsor>, <cosponsor name-id="G000552">Mr. Gohmert</cosponsor>, and <cosponsor name-id="Y000063">Mr. Yoder</cosponsor>) introduced the following bill; which was referred to the <committee-name committee-id="HWM00">Committee on Ways and Means</committee-name>, and in addition to the Committee on <committee-name committee-id="HJU00">the Judiciary</committee-name>, for a period to be subsequently determined by the Speaker, in each case for consideration of such
			 provisions as fall within the jurisdiction of the committee concerned</action-desc></action><legis-type>A BILL</legis-type><official-title display="yes">To provide that silencers be treated the same as long guns.</official-title></form>
	<legis-body id="H14B75DF2707E4CE89278C2450E6B23D0" style="OLC">
 <section id="H60FFFE70BDFD462FA615EAAAECD606F8" section-type="section-one"><enum>1.</enum><header>Short title</header><text display-inline="no-display-inline">This Act may be cited as the <quote><short-title>Hearing Protection Act of 2017</short-title></quote>.</text> </section><section id="H9FB942C77FAB43428A3CEC11D84915B4"><enum>2.</enum><header>Equal treatment of silencers and firearms</header> <subsection id="H189FFB25780D455899B3B7CF473CD02C"><enum>(a)</enum><header>In general</header><text display-inline="yes-display-inline"><external-xref legal-doc="usc" parsable-cite="usc/26/5845">Section 5845(a)</external-xref> of the Internal Revenue Code of 1986 is amended by striking <quote>(7) any silencer</quote> and all that follows through <quote>; and (8)</quote> and inserting <quote>; and (7)</quote>.</text>
			</subsection><subsection id="H5E3DF55A6334401DACC589C35B36AB70"><enum>(b)</enum><header>Effective date</header>
 <paragraph id="H9E9ABDC171F54E098FE101661A5CC79F"><enum>(1)</enum><header>In general</header><text>Except as otherwise provided in this subsection, the amendment made by this section shall take effect on the date of the enactment of this Act.</text>
 </paragraph><paragraph id="H35B6BE27D7B940008380F4D0368DB7F8"><enum>(2)</enum><header>Transfers</header><text>In the case of the tax imposed by section 5811 of such Code, the amendment made by this section shall apply with respect to transfers after October 22, 2015.</text>
 </paragraph></subsection></section><section id="HABAA01516B0D4B989AFE8FF00E8EF856"><enum>3.</enum><header>Treatment of certain silencers</header><text display-inline="no-display-inline"><external-xref legal-doc="usc" parsable-cite="usc/26/5841">Section 5841</external-xref> of the Internal Revenue Code of 1986 is amended by adding at the end the following:</text> <quoted-block display-inline="no-display-inline" id="H5D688FB46F0C4285B755804B892E9768" style="OLC"> <subsection id="H563617216C7A41ADB146178A25D3D2A7"><enum>(f)</enum><header>Firearm silencers</header><text display-inline="yes-display-inline">A person acquiring or possessing a firearm silencer in accordance with <external-xref legal-doc="usc-chapter" parsable-cite="usc-chapter/18/44">Chapter 44</external-xref> of title 18, United States Code, shall be treated as meeting any registration and licensing requirements of the National Firearms Act (as in effect on the day before the date of the enactment of this subsection) with respect to such silencer.</text></subsection><after-quoted-block>.</after-quoted-block></quoted-block>
 </section><section id="H458CF6D5193B4A2EB5F4A06EE7649692" section-type="subsequent-section"><enum>4.</enum><header>Preemption of certain State laws in relation to firearm silencers</header><text display-inline="no-display-inline">Section 927 of title 18, United States Code, is amended by adding at the end the following: <quote>Notwithstanding the preceding sentence, a law of a State or a political subdivision of a State that, as a condition of lawfully making, transferring, using, possessing, or transporting a firearm silencer in or affecting interstate or foreign commerce, imposes a tax on any such conduct, or a marking, recordkeeping or registration requirement with respect to the firearm silencer, shall have no force or effect.</quote>.</text>
		</section></legis-body></bill>


