<?xml version="1.0"?>
<?xml-stylesheet type="text/xsl" href="billres.xsl"?>
<!DOCTYPE bill PUBLIC "-//US Congress//DTDs/bill.dtd//EN" "bill.dtd">
<bill bill-stage="Introduced-in-House" bill-type="olc" dms-id="HA503CE57A5254272A28FEEDE8F7A00D0" key="H" public-private="public"><metadata xmlns:dc="http://purl.org/dc/elements/1.1/">
<dublinCore>
<dc:title>115 HR 212 IH: EFFECT Act</dc:title>
<dc:publisher>U.S. House of Representatives</dc:publisher>
<dc:date>2017-01-03</dc:date>
<dc:format>text/xml</dc:format>
<dc:language>EN</dc:language>
<dc:rights>Pursuant to Title 17 Section 105 of the United States Code, this file is not subject to copyright protection and is in the public domain.</dc:rights>
</dublinCore>
</metadata>
<form>
<distribution-code display="yes">I</distribution-code><congress display="yes">115th CONGRESS</congress><session display="yes">1st Session</session><legis-num display="yes">H. R. 212</legis-num><current-chamber>IN THE HOUSE OF REPRESENTATIVES</current-chamber><action display="yes"><action-date date="20170103">January 3, 2017</action-date><action-desc><sponsor name-id="Y000033">Mr. Young of Alaska</sponsor> introduced the following bill; which was referred to the <committee-name committee-id="HII00">Committee on Natural Resources</committee-name></action-desc></action><legis-type>A BILL</legis-type><official-title display="yes">To amend the Indian Self-Determination and Education Assistance Act to provide a process for
			 expediting congressional review of an Indian tribe’s funding agreement at
			 the Indian tribe’s request, and for other purposes.</official-title></form>
	<legis-body id="H70772D81265A4B9890BAD141AC8D96FC" style="OLC">
 <section id="HA2F4C0E9029D4AC0A29967F1B30B64F4" section-type="section-one"><enum>1.</enum><header>Short title</header><text display-inline="no-display-inline">This Act may be cited as the <quote><short-title>Expediting Funding For Efficient Contracting Tribes Act</short-title></quote> or the <quote>EFFECT Act</quote>.</text> </section><section id="H7BA9D5A92D8043A4A5ADB2997160CB0F"><enum>2.</enum><header>Expedited review of Indian tribe funding agreements</header><text display-inline="no-display-inline">Section 403 of the Indian Self-Determination and Education Assistance Act (<external-xref legal-doc="usc" parsable-cite="usc/25/458cc">25 U.S.C. 458cc</external-xref>) is amended—</text>
 <paragraph id="H82A3157600DC4041AFF0ADD1F54D264B"><enum>(1)</enum><text display-inline="yes-display-inline">by redesignating subsections (g) through (l) as subsections (h) through (m), respectively;</text> </paragraph><paragraph id="H62051B148B93424E9FD1907559815E5E"><enum>(2)</enum><text>by inserting after subsection (f) the following:</text>
				<quoted-block display-inline="no-display-inline" id="H00FE5CD6247B404993A2059B7BBA3D6F" style="OLC">
					<subsection id="H69C9A6D76C674167AF57E48582C5CC3F"><enum>(g)</enum><header>Expedited review</header>
 <paragraph id="H3394B4C2B4214B4E8DF14287F21F8DEB"><enum>(1)</enum><text display-inline="yes-display-inline">An Indian tribe that is party to a proposed funding agreement may submit a written request for expedited review of the agreement to the Committee on Indian Affairs of the Senate and the Committee on Natural Resources of the House of Representatives.</text>
 </paragraph><paragraph id="H1928BBF845314DBE99F831E35E9862AE"><enum>(2)</enum><text display-inline="yes-display-inline">Notwithstanding subsection (f), upon receipt of a written notice, sent by the chairman and ranking minority member of such committee of the Senate and the chair and ranking minority member of such committee of the House of Representatives, that indicates such Members’ assent to an Indian tribe’s request under paragraph (1), the Secretary shall—</text>
 <subparagraph id="HFC79CADB786B4065A9C45F2D1D355131"><enum>(A)</enum><text display-inline="yes-display-inline">deem part or all of the 90-day review period under subsection (f) waived, if so specified in the notice; and</text>
 </subparagraph><subparagraph id="H6560AB0723D743EBBE4AA4FE428FA8F2"><enum>(B)</enum><text display-inline="yes-display-inline">set or amend the effective date of the proposed agreement, if so specified in the notice.</text> </subparagraph></paragraph></subsection><after-quoted-block>; and</after-quoted-block></quoted-block> </paragraph><paragraph id="H82A9079CF911477C9DDE68A0E10330F6"><enum>(3)</enum><text display-inline="yes-display-inline">in subsection (f), by striking <quote>Native American Affairs</quote> and inserting <quote>Indian, Insular and Alaska Native Affairs</quote>.</text>
			</paragraph></section></legis-body></bill>


