<?xml version="1.0"?>
<?xml-stylesheet type="text/xsl" href="billres.xsl"?>
<!DOCTYPE bill PUBLIC "-//US Congress//DTDs/bill.dtd//EN" "bill.dtd">
<bill bill-stage="Engrossed-in-House" bill-type="olc" dms-id="HBC424DD0CDC14AE4A63598EFD6A0A397" key="H" public-private="public" stage-count="1"> 
<metadata xmlns:dc="http://purl.org/dc/elements/1.1/">
<dublinCore>
<dc:title>115 HR 690 EH: Gains in Global Nuclear Detection Architecture Act</dc:title>
<dc:publisher>U.S. House of Representatives</dc:publisher>
<dc:date></dc:date>
<dc:format>text/xml</dc:format>
<dc:language>EN</dc:language>
<dc:rights>Pursuant to Title 17 Section 105 of the United States Code, this file is not subject to copyright protection and is in the public domain.</dc:rights>
</dublinCore>
</metadata>
<form>
<distribution-code display="no">I</distribution-code>
<congress display="yes">115th CONGRESS</congress><session display="yes">1st Session</session>
<legis-num display="yes">H. R. 690</legis-num>
<current-chamber display="no">IN THE HOUSE OF REPRESENTATIVES</current-chamber>
<legis-type>AN ACT</legis-type>
<official-title display="yes">To amend the Homeland Security Act of 2002 to enhance certain duties of the Domestic Nuclear Detection Office, and for other purposes.</official-title>
</form> 
<legis-body id="HB640AC3775F647A1948A031AA35782A6" style="OLC"> 
<section id="HBCE602772F244BA380543EF05C40932F" section-type="section-one"><enum>1.</enum><header>Short title</header><text display-inline="no-display-inline">This Act may be cited as the <quote><short-title>Gains in Global Nuclear Detection Architecture Act</short-title></quote>.</text> </section> <section id="HCFA9904CC8694EDCBA5A3529B4D8FA8E"><enum>2.</enum><header>Duties of the Domestic Nuclear Detection Office</header><text display-inline="no-display-inline">Section 1902 of the Homeland Security Act of 2002 (<external-xref legal-doc="usc" parsable-cite="usc/6/592">6 U.S.C. 592</external-xref>) is amended—</text> 
<paragraph id="H66AAAC27EDBE43FA95C75B9428326612"><enum>(1)</enum><text>by redesignating subsection (b) as subsection (c); and</text> </paragraph> <paragraph id="H1B34469D450B4A05A881126947A52051"><enum>(2)</enum><text>by inserting after subsection (a) the following new subsection:</text> 
<quoted-block display-inline="no-display-inline" id="HEFD72FE058A247F7BA72FEFBAD0300AE" style="OLC"> 
<subsection id="HC8D0F8ABB99F47DE924EF5FC40464E63"><enum>(b)</enum><header>Implementation</header><text display-inline="yes-display-inline">In carrying out paragraph (6) of subsection (a), the Director of the Domestic Nuclear Detection Office shall—</text> <paragraph id="H1CC2920148034F84918010B7C02FBC0C"><enum>(1)</enum><text>develop and maintain documentation, such as a technology roadmap and strategy, that—</text> 
<subparagraph id="H60739A0FE6D14F4B8FA389FB4E615FB7"><enum>(A)</enum><text>provides information on how the Office’s research investments address—</text> <clause id="HA5EA44F53BC045FAABE1CB893CB5F201"><enum>(i)</enum><text>gaps in the enhanced global nuclear detection architecture, as developed pursuant to paragraph (4) of such subsection; and</text> </clause>
<clause id="H254AC7E5449641489E940DA2C5F07EF8"><enum>(ii)</enum><text>research challenges identified by the Director; and</text> </clause></subparagraph> <subparagraph id="H6FC10FB980634239B6EF15D33C0AD95D"><enum>(B)</enum><text>defines in detail how the Office will address such research challenges;</text> </subparagraph></paragraph>
<paragraph id="HF482503A9D5646B5BFD4DFE06CC9B086"><enum>(2)</enum><text>document the rational for prioritizing and selecting research topics; and</text> </paragraph> <paragraph id="H8262F1872B6E4AC3A19C38CDC185C98D"><enum>(3)</enum><text>develop a systematic approach, which may include annual metrics and periodic qualitative evaluations, for evaluating how the outcomes of the Office’s individual research projects collectively contribute to addressing the Office’s research challenges.</text></paragraph></subsection><after-quoted-block>.</after-quoted-block></quoted-block> </paragraph></section>
</legis-body><attestation><attestation-group><attestation-date date="20170131" chamber="House">Passed the House of Representatives January 31, 2017.</attestation-date><attestor display="no">Karen L. Haas,</attestor><role>Clerk.</role></attestation-group></attestation>
<endorsement display="yes"></endorsement>
</bill> 


