<?xml version="1.0"?>
<?xml-stylesheet type="text/xsl" href="billres.xsl"?>
<!DOCTYPE bill PUBLIC "-//US Congress//DTDs/bill.dtd//EN" "bill.dtd">
<bill bill-stage="Engrossed-in-House" bill-type="olc" dms-id="HEFC64B18DA97417CA2A093CECDDC6BC9" key="H" public-private="public" stage-count="1"> 
<metadata xmlns:dc="http://purl.org/dc/elements/1.1/">
<dublinCore>
<dc:title>115 HR 587 EH: Fair RATES Act</dc:title>
<dc:publisher>U.S. House of Representatives</dc:publisher>
<dc:date></dc:date>
<dc:format>text/xml</dc:format>
<dc:language>EN</dc:language>
<dc:rights>Pursuant to Title 17 Section 105 of the United States Code, this file is not subject to copyright protection and is in the public domain.</dc:rights>
</dublinCore>
</metadata>
<form>
<distribution-code display="no">I</distribution-code> 
<congress display="yes">115th CONGRESS</congress><session display="yes">1st Session</session> 
<legis-num display="yes">H. R. 587</legis-num> 
<current-chamber display="no">IN THE HOUSE OF REPRESENTATIVES</current-chamber> 
<legis-type>AN ACT</legis-type> 
<official-title display="yes">To amend the Federal Power Act to provide that any inaction by the Federal Energy Regulatory Commission that allows a rate change to go into effect shall be treated as an order by the Commission for purposes of rehearing and court review.</official-title> 
</form> 
<legis-body id="H1349012D9AC340AE88C66ED50DDB6CB3" style="OLC"> 
<section id="H193D80A696E449D19408053BAE1CF3A3" section-type="section-one"><enum>1.</enum><header>Short title</header><text display-inline="no-display-inline">This Act may be cited as the <quote><short-title>Fair Ratepayer Accountability, Transparency, and Efficiency Standards Act</short-title></quote> or the <quote>Fair RATES Act</quote>.</text> </section> <section id="H12181F63C9254594A9D0ED902476B65B"><enum>2.</enum><header>Amendment to the Federal Power Act</header><text display-inline="no-display-inline">Subsection (d) of section 205 of the Federal Power Act (<external-xref legal-doc="usc" parsable-cite="usc/16/824d">16 U.S.C. 824d(d)</external-xref>) is amended by adding at the end the following: <quote>Any absence of action by the Commission that allows a change to take effect under this section, including the Commission allowing the 60 days’ notice herein provided to expire without Commission action, shall be treated as an order issued by the Commission accepting such change for purposes of section 313.</quote>.</text> </section> 
</legis-body> <attestation><attestation-group><attestation-date date="20170123" chamber="House">Passed the House of Representatives January 23, 2017.</attestation-date><attestor display="no">Karen L. Haas,</attestor><role>Clerk.</role></attestation-group></attestation>
<endorsement display="yes"></endorsement>
</bill> 


