<?xml version="1.0"?>
<?xml-stylesheet type="text/xsl" href="billres.xsl"?>
<!DOCTYPE bill PUBLIC "-//US Congress//DTDs/bill.dtd//EN" "bill.dtd">
<bill bill-stage="Referred-in-Senate" bill-type="olc" dms-id="HB23F6264F8514B669690E111D9651936" key="H" public-private="public" stage-count="1">
	<metadata xmlns:dc="http://purl.org/dc/elements/1.1/">
<dublinCore>
<dc:title>115 HR 58 : First Responder Identification of Emergency Needs in Disaster Situations</dc:title>
<dc:publisher>U.S. House of Representatives</dc:publisher>
<dc:date>2017-02-01</dc:date>
<dc:format>text/xml</dc:format>
<dc:language>EN</dc:language>
<dc:rights>Pursuant to Title 17 Section 105 of the United States Code, this file is not subject to copyright protection and is in the public domain.</dc:rights>
</dublinCore>
</metadata>
<form>
		<distribution-code display="yes">IIB</distribution-code>
		<congress display="yes">115th CONGRESS</congress><session display="yes">1st Session</session>
		<legis-num display="yes">H. R. 58</legis-num>
		<current-chamber display="yes">IN THE SENATE OF THE UNITED STATES</current-chamber>
		<action><action-date date="20170201">February 1, 2017</action-date><action-desc>Received; read twice and referred to the <committee-name committee-id="SSGA00">Committee on Homeland Security and Governmental Affairs</committee-name></action-desc></action><legis-type>AN ACT</legis-type>
		<official-title display="yes">To require the Secretary of Homeland Security to submit a study on the circumstances which may
			 impact the effectiveness and availability of first responders before,
			 during, or after a terrorist threat or event, and for other purposes.</official-title>
	</form>
	<legis-body id="HFE3CD4E595C8403AB1967F472BD38FA1" style="OLC">
 <section id="HAE3F0863D5A1453DBFBB6129D8A1A5D4" section-type="section-one"><enum>1.</enum><header>Short title</header><text display-inline="no-display-inline">This Act may be cited as the <quote><short-title>First Responder Identification of Emergency Needs in Disaster Situations</short-title></quote> or the <quote><short-title>FRIENDS Act</short-title></quote>.</text> </section><section id="H48A3E756AD624556B8B54479F5F2B20A"><enum>2.</enum><header>Circumstances which may impact first responders during a terrorist event</header> <subsection id="H468314488CAE4DB49F5D202A74E695C8"><enum>(a)</enum><header>In general</header><text display-inline="yes-display-inline">Not later than 1 year after the date of the enactment of this Act, the Comptroller General of the United States shall submit to the Committees on Homeland Security and Transportation and Infrastructure of the House of Representatives and the Committee on Homeland Security and Governmental Affairs of the Senate a report that describes select State and local programs and policies, as appropriate, related to the preparedness and protection of first responders. The report may include information on—</text>
 <paragraph id="H5C3E808E986240918779A1276A17040A"><enum>(1)</enum><text>the degree to which such programs and policies include consideration of the presence of a first responder’s family in an area impacted by a terrorist attack;</text>
 </paragraph><paragraph id="H9D79C2C2CAD54B16BD0BCD178854C940"><enum>(2)</enum><text>the availability of personal protective equipment for first responders;</text> </paragraph><paragraph id="H0B47183BDBCC4B92B47C1B7874FB0ECD"><enum>(3)</enum><text display-inline="yes-display-inline">the availability of home Medkits for first responders and their families for biological incident response; and</text>
 </paragraph><paragraph id="H0D0251445C8C4DEA82FC6CCED8C90F89"><enum>(4)</enum><text>other related factors.</text> </paragraph></subsection><subsection id="H02CD2ACEAB3D4592A6FB20239CA6FD52"><enum>(b)</enum><header>Context</header><text>In preparing the report required under subsection (a), the Comptroller General of the United States may, as appropriate, provide information—</text>
 <paragraph id="H75AEC0806A8E48929AE02E565D103209"><enum>(1)</enum><text>in a format that delineates high risk urban areas from rural communities; and</text> </paragraph><paragraph id="H42F193A2EFE344AF8D2ABA55DF7A1E30"><enum>(2)</enum><text>on the degree to which the selected State and local programs and policies included in such report were developed or are being executed with funding from the Department of Homeland Security, including grant funding from the State Homeland Security Grant Program or the Urban Area Security Initiative under sections 2002 and 2003, respectively, of the Homeland Security Act of 2002 (<external-xref legal-doc="usc" parsable-cite="usc/6/603">6 U.S.C. 603</external-xref> and 604).</text>
 </paragraph></subsection><subsection id="HDECA27555B06480A82A31319D7F2EE71"><enum>(c)</enum><header>Homeland security consideration</header><text>After issuance of the report required under subsection (a), the Secretary of Homeland Security shall consider such report’s findings and assess its applicability for Federal first responders.</text>
			</subsection></section></legis-body>
	<attestation><attestation-group><attestation-date chamber="House" date="20170131">Passed the House of Representatives January 31, 2017.</attestation-date><attestor display="yes">Karen L. Haas,</attestor><role>Clerk</role></attestation-group></attestation>
</bill>


