<?xml version="1.0"?>
<?xml-stylesheet type="text/xsl" href="billres.xsl"?>
<!DOCTYPE bill PUBLIC "-//US Congress//DTDs/bill.dtd//EN" "bill.dtd">
<bill bill-stage="Introduced-in-House" bill-type="olc" dms-id="HB888D1BE02D94BC7A16267E609A71003" key="H" public-private="public"><metadata xmlns:dc="http://purl.org/dc/elements/1.1/">
<dublinCore>
<dc:title>115 HR 181 IH: To amend title XIX of the Social Security Act to count portions of income from annuities of a community spouse as income available to institutionalized spouses for purposes of eligibility for medical assistance, and for other purposes.</dc:title>
<dc:publisher>U.S. House of Representatives</dc:publisher>
<dc:date>2017-01-03</dc:date>
<dc:format>text/xml</dc:format>
<dc:language>EN</dc:language>
<dc:rights>Pursuant to Title 17 Section 105 of the United States Code, this file is not subject to copyright protection and is in the public domain.</dc:rights>
</dublinCore>
</metadata>
<form>
<distribution-code display="yes">I</distribution-code><congress display="yes">115th CONGRESS</congress><session display="yes">1st Session</session><legis-num display="yes">H. R. 181</legis-num><current-chamber>IN THE HOUSE OF REPRESENTATIVES</current-chamber><action display="yes"><action-date date="20170103">January 3, 2017</action-date><action-desc><sponsor name-id="M001190">Mr. Mullin</sponsor> (for himself and <cosponsor name-id="G000558">Mr. Guthrie</cosponsor>) introduced the following bill; which was referred to the <committee-name committee-id="HIF00">Committee on Energy and Commerce</committee-name></action-desc></action><legis-type>A BILL</legis-type><official-title display="yes">To amend title XIX of the Social Security Act to count portions of income from annuities of a
			 community spouse as income available to institutionalized spouses for
			 purposes of eligibility for medical assistance, and for other purposes.</official-title></form>
	<legis-body id="H36E0848C4ADA4782BF9C171FDFA728B4" style="OLC">
		<section id="HD01FCAB1A01C4CD08DED6F9B64F23C39" section-type="section-one"><enum>1.</enum><header>Counting portions of income from annuities of a community spouse as income available to
			 institutionalized spouses for Medicaid eligibility</header>
 <subsection id="H61947D213242437781F3D8C3B823F7DD"><enum>(a)</enum><header>In general</header><text display-inline="yes-display-inline">Section 1924(b)(2) of the Social Security Act (<external-xref legal-doc="usc" parsable-cite="usc/42/1396r-5">42 U.S.C. 1396r–5(b)(2)</external-xref>) is amended by adding at the end the following new subparagraph:</text>
				<quoted-block display-inline="no-display-inline" id="H414C473E4D1E451D94DD78BACF98447E" style="OLC">
					<subparagraph id="H0688BE919A6740A3ADF2BE22BF9AFF18"><enum>(E)</enum><header>Annuity income</header>
 <clause id="H0ABF36D1F665416A90ECF1FDECF782B0"><enum>(i)</enum><header>In general</header><text display-inline="yes-display-inline">In the case of payment of income from a qualifying annuity—</text> <subclause id="HB9D7A481284140C7921B8B2A96799319"><enum>(I)</enum><text>if payment of income is made solely in the name of the community spouse, one-half of the income shall be considered available to the institutionalized spouse and one-half to the community spouse;</text>
 </subclause><subclause id="HEB9581E25BF74AEC97C66E62AF523B27"><enum>(II)</enum><text display-inline="yes-display-inline">if payment of income is made in the names of the institutionalized spouse and the community spouse, one-half of the income shall be considered available to the institutionalized spouse and one-half to the community spouse; and</text>
 </subclause><subclause id="H17B141094DD94A62BEC1E6625EE05E70"><enum>(III)</enum><text display-inline="yes-display-inline">if payment of income is made in the names of the community spouse and another person or persons, one-half of the proportion of the community spouse’s interest in such income shall be considered available to the institutionalized spouse.</text>
 </subclause></clause><clause id="HADCFA75B62A14994A2D38C2215B1AFE9"><enum>(ii)</enum><header>Qualifying annuity</header><text>In this subparagraph, the term <quote>qualifying annuity</quote> means an annuity that—</text> <subclause id="HB3C80D9E3B0B400A96C6273D5413F60B"><enum>(I)</enum><text>is purchased after the date that is 60 months before the date specified in subparagraph (B)(ii) of section 1917(c)(1) for an amount that is equal to or greater than fair market value<italic></italic>; and</text>
 </subclause><subclause id="H0F663B57579E4B26B7403C7EEB331A98"><enum>(II)</enum><text display-inline="yes-display-inline">is not described in clause (i) of subparagraph (G) of such section.</text> </subclause></clause><clause id="H08106670987345F5BB3D9993AB80F401"><enum>(iii)</enum><header>Inapplicability of other rules</header><text display-inline="yes-display-inline"><italic></italic>The rules of subparagraphs (A) and (B) shall not apply with respect to income from a qualifying annuity.</text></clause></subparagraph><after-quoted-block>.</after-quoted-block></quoted-block>
 </subsection><subsection id="HFB3CF9FC99274F72AF8793F5F94A1A77"><enum>(b)</enum><header>Effective date</header><text display-inline="yes-display-inline">The amendment made by subsection (a) shall apply with respect to annuities purchased or established on or after the date of the enactment of this Act.</text>
			</subsection></section></legis-body></bill>


