<?xml version="1.0"?>
<?xml-stylesheet type="text/xsl" href="billres.xsl"?>
<!DOCTYPE bill PUBLIC "-//US Congress//DTDs/bill.dtd//EN" "bill.dtd">
<bill bill-stage="Introduced-in-House" bill-type="olc" dms-id="H7D0024CA2F684EC49F7EE12E4538C0D7" key="H" public-private="public"><metadata xmlns:dc="http://purl.org/dc/elements/1.1/">
<dublinCore>
<dc:title>115 HR 618 IH: Crags, Colorado Land Exchange Act of 2017</dc:title>
<dc:publisher>U.S. House of Representatives</dc:publisher>
<dc:date>2017-01-24</dc:date>
<dc:format>text/xml</dc:format>
<dc:language>EN</dc:language>
<dc:rights>Pursuant to Title 17 Section 105 of the United States Code, this file is not subject to copyright protection and is in the public domain.</dc:rights>
</dublinCore>
</metadata>
<form>
<distribution-code display="yes">I</distribution-code><congress display="yes">115th CONGRESS</congress><session display="yes">1st Session</session><legis-num display="yes">H. R. 618</legis-num><current-chamber>IN THE HOUSE OF REPRESENTATIVES</current-chamber><action display="yes"><action-date date="20170124">January 24, 2017</action-date><action-desc><sponsor name-id="L000564">Mr. Lamborn</sponsor> (for himself, <cosponsor name-id="P000598">Mr. Polis</cosponsor>, and <cosponsor name-id="T000470">Mr. Tipton</cosponsor>) introduced the following bill; which was referred to the <committee-name committee-id="HII00">Committee on Natural Resources</committee-name></action-desc></action><legis-type>A BILL</legis-type><official-title display="yes">To authorize, direct, expedite, and facilitate a land exchange in El Paso and Teller Counties,
			 Colorado, and for other purposes.</official-title></form>
	<legis-body id="HAB8958D19BF94FED87AA8022B80F4CBD" style="OLC">
 <section id="HA7EBA7677C304221841A4ADFE1403460" section-type="section-one"><enum>1.</enum><header>Short title</header><text display-inline="no-display-inline">This Act may be cited as the <quote><short-title>Crags, Colorado Land Exchange Act of 2017</short-title></quote>.</text> </section><section id="H04895CC27837446F91EECD0CF9EF0A74"><enum>2.</enum><header>Purposes</header><text display-inline="no-display-inline">The purposes of this Act are—</text>
 <paragraph id="H3C67E658E9A645B984AC65E82335082F"><enum>(1)</enum><text>to authorize, direct, expedite, and facilitate the land exchange set forth herein; and</text> </paragraph><paragraph id="HA7571743CB474AC6B03D46DAA021E1AF"><enum>(2)</enum><text>to promote enhanced public outdoor recreational and natural resource conservation opportunities in the Pike National Forest near Pikes Peak, Colorado, via acquisition of the non-Federal land and trail easement.</text>
 </paragraph></section><section id="H4914EE801E2049FD8E0A97D087DD43EE"><enum>3.</enum><header>Definitions</header><text display-inline="no-display-inline">In this Act:</text> <paragraph id="HE918F854F3AA46B19E46E9D9D675D917"><enum>(1)</enum><header>BHI</header><text>The term <term>BHI</term> means Broadmoor Hotel, Inc., a Colorado corporation.</text>
 </paragraph><paragraph id="H87505B4E74A745D8AEF931D777BA3452"><enum>(2)</enum><header>Federal land</header><text>The term <term>Federal land</term> means all right, title, and interest of the United States in and to approximately 83 acres of land within the Pike National Forest, El Paso County, Colorado, together with a non-exclusive perpetual access easement to BHI to and from such land on Forest Service Road 371, as generally depicted on the map entitled <quote>Proposed Crags Land Exchange–Federal Parcel–Emerald Valley Ranch</quote>, dated March 2015.</text>
 </paragraph><paragraph id="H5B87D8C357C245D797020FFBA38E823E"><enum>(3)</enum><header>Non-Federal land</header><text>The term <term>non-Federal land</term> means the land and trail easement to be conveyed to the Secretary by BHI in the exchange and is—</text> <subparagraph id="H31BAFCAAD41448BDA4AAECC4E7242C4A"><enum>(A)</enum><text>approximately 320 acres of land within the Pike National Forest, Teller County, Colorado, as generally depicted on the map entitled <quote>Proposed Crags Land Exchange–Non-Federal Parcel–Crags Property</quote>, dated March 2015; and</text>
 </subparagraph><subparagraph id="H957F08405D6F46D29D6EDA00AB880815"><enum>(B)</enum><text>a permanent trail easement for the Barr Trail in El Paso County, Colorado, as generally depicted on the map entitled <quote>Proposed Crags Land Exchange–Barr Trail Easement to United States</quote>, dated March 2015, and which shall be considered as a voluntary donation to the United States by BHI for all purposes of law.</text>
 </subparagraph></paragraph><paragraph id="H0590A0A9C4B6479BBAE21AF5F1C91F0A"><enum>(4)</enum><header>Secretary</header><text>The term <term>Secretary</term> means the Secretary of Agriculture, unless otherwise specified.</text> </paragraph></section><section id="H611AD23E13574284BC1FA418B7BFC7CA"><enum>4.</enum><header>Land exchange</header> <subsection id="H30825F8519A04E46B74611D66D3B21A8"><enum>(a)</enum><header>In general</header><text>If BHI offers to convey to the Secretary all right, title, and interest of BHI in and to the non-Federal land, the Secretary shall accept the offer and simultaneously convey to BHI the Federal land.</text>
 </subsection><subsection id="HE901A8C09B28440C9A17358943815609"><enum>(b)</enum><header>Land title</header><text>Title to the non-Federal land conveyed and donated to the Secretary under this Act shall be acceptable to the Secretary and shall conform to the title approval standards of the Attorney General of the United States applicable to land acquisitions by the Federal Government.</text>
 </subsection><subsection id="H6C03AA4401454AF7920B7ACAB4616326"><enum>(c)</enum><header>Perpetual access easement to BHI</header><text>The nonexclusive perpetual access easement to be granted to BHI as shown on the map referred to in section 3(2) shall allow—</text>
 <paragraph id="H9B6F166762CC4CB19D80C352CB25542F"><enum>(1)</enum><text display-inline="yes-display-inline">BHI to fully maintain, at BHI’s expense, and use Forest Service Road 371 from its junction with Forest Service Road 368 in accordance with historic use and maintenance patterns by BHI; and</text>
 </paragraph><paragraph id="H6647FA54707C46E4A83194A769D622AF"><enum>(2)</enum><text>full and continued public and administrative access and use of FSR 371 in accordance with the existing Forest Service travel management plan, or as such plan may be revised by the Secretary.</text>
 </paragraph></subsection><subsection id="HCFAA9E82FE054CE69836952800F02CDC"><enum>(d)</enum><header>Route and condition of road</header><text>BHI and the Secretary may mutually agree to improve, relocate, reconstruct, or otherwise alter the route and condition of all or portions of such road as the Secretary, in close consultation with BHI, may determine advisable.</text>
 </subsection><subsection id="HD4D15136F9AC465E928D258640E5056F"><enum>(e)</enum><header>Exchange costs</header><text>BHI shall pay for all land survey, appraisal, and other costs to the Secretary as may be necessary to process and consummate the exchange directed by this Act, including reimbursement to the Secretary, if the Secretary so requests, for staff time spent in such processing and consummation.</text>
			</subsection></section><section id="H45EC11E81B4B4F5D9507C70450D4590D"><enum>5.</enum><header>Equal value exchange and appraisals</header>
 <subsection id="HC5CAC04628CF42188B9CBFED4F9C046A"><enum>(a)</enum><header>Appraisals</header><text>The values of the lands to be exchanged under this Act shall be determined by the Secretary through appraisals performed in accordance with—</text>
 <paragraph id="H60608FD4A8A34B04BE45F4E08036D26A"><enum>(1)</enum><text>the Uniform Appraisal Standards for Federal Land Acquisitions;</text> </paragraph><paragraph id="H725C85A2DEEE418EBEB4E8D3E452F216"><enum>(2)</enum><text>the Uniform Standards of Professional Appraisal Practice;</text>
 </paragraph><paragraph id="HB81E07B6F1E04B02803E745D9EA91955"><enum>(3)</enum><text>appraisal instructions issued by the Secretary; and</text> </paragraph><paragraph id="H743CD9824D5143148055378BD1CF8D91"><enum>(4)</enum><text>shall be performed by an appraiser mutually agreed to by the Secretary and BHI.</text>
 </paragraph></subsection><subsection id="H4280ECDE44DE45DB80B617704C5D8CAE"><enum>(b)</enum><header>Equal value exchange</header><text>The values of the Federal and non-Federal land parcels exchanged shall be equal, or if they are not equal, shall be equalized as follows:</text>
 <paragraph id="H8B074A38E635400AA3619FED69A98B1F"><enum>(1)</enum><header>Surplus of Federal land value</header><text>If the final appraised value of the Federal land exceeds the final appraised value of the non-Federal land parcel identified in section 3(3)(A), BHI shall make a cash equalization payment to the United States as necessary to achieve equal value, including, if necessary, an amount in excess of that authorized pursuant to section 206(b) of the Federal Land Policy and Management Act of 1976 (<external-xref legal-doc="usc" parsable-cite="usc/43/1716">43 U.S.C. 1716(b)</external-xref>).</text>
 </paragraph><paragraph id="HA3DE2287360041239576F4368DE3669F"><enum>(2)</enum><header>Use of funds</header><text>Any cash equalization moneys received by the Secretary under paragraph (1) shall be—</text> <subparagraph id="H3A6E99CDC61341A78AE76B7A6C1FC4C5"><enum>(A)</enum><text>deposited in the fund established under <external-xref legal-doc="public-law" parsable-cite="pl/90/171">Public Law 90–171</external-xref> (commonly known as the <quote>Sisk Act</quote>; <external-xref legal-doc="usc" parsable-cite="usc/16/484a">16 U.S.C. 484a</external-xref>); and</text>
 </subparagraph><subparagraph id="H5D4851B87DFD4B40B66CA6CF6DEADE39"><enum>(B)</enum><text>made available to the Secretary for the acquisition of land or interests in land in Region 2 of the Forest Service.</text>
 </subparagraph></paragraph><paragraph id="H9C9713FCD81349F0B58E7CD74F2C02B7"><enum>(3)</enum><header>Surplus of non-Federal land value</header><text>If the final appraised value of the non-Federal land parcel identified in section 3(3)(A) exceeds the final appraised value of the Federal land, the United States shall not make a cash equalization payment to BHI, and surplus value of the non-Federal land shall be considered a donation by BHI to the United States for all purposes of law.</text>
				</paragraph></subsection><subsection id="H0480A131D3EF458CB2C82F5468A9D599"><enum>(c)</enum><header>Appraisal exclusions</header>
 <paragraph id="H73AA1C038CA44EC796F7299777D51B39"><enum>(1)</enum><header>Special Use Permit</header><text>The appraised value of the Federal land parcel shall not reflect any increase or diminution in value due to the special use permit existing on the date of the enactment of this Act to BHI on the parcel and improvements thereunder.</text>
 </paragraph><paragraph id="HFAD0857B354C4724B991895B0B4F953E"><enum>(2)</enum><header>Barr Trail easement</header><text>The Barr Trail easement donation identified in section 3(3)(B) shall not be appraised for purposes of this Act.</text>
				</paragraph></subsection></section><section id="HAFBE741A90DC4BDDBB2D44FEC8CD851C"><enum>6.</enum><header>Miscellaneous provisions</header>
			<subsection id="HCC17A9723E604D768D2291CD905D3E78"><enum>(a)</enum><header>Withdrawal provisions</header>
 <paragraph id="H75472B13E93E49B2B0FA53D1D55BBD97"><enum>(1)</enum><header>Withdrawal</header><text>Lands acquired by the Secretary under this Act shall, without further action by the Secretary, be permanently withdrawn from all forms of appropriation and disposal under the public land laws (including the mining and mineral leasing laws) and the Geothermal Steam Act of 1930 (<external-xref legal-doc="usc" parsable-cite="usc/30/1001">30 U.S.C. 1001</external-xref> et seq.).</text>
 </paragraph><paragraph id="H07CB54113AD74AA99EE2104010780F67"><enum>(2)</enum><header>Withdrawal revocation</header><text>Any public land order that withdraws the Federal land from appropriation or disposal under a public land law shall be revoked to the extent necessary to permit disposal of the Federal land parcel to BHI.</text>
 </paragraph><paragraph id="H4169CDD4309C48D7A636398E5712A562"><enum>(3)</enum><header>Withdrawal of Federal land</header><text>All Federal land authorized to be exchanged under this Act, if not already withdrawn or segregated from appropriation or disposal under the public lands laws upon enactment of this Act, is hereby so withdrawn, subject to valid existing rights, until the date of conveyance of the Federal land to BHI.</text>
 </paragraph></subsection><subsection id="HCD7B025DCB70414D9E93A570B4FAB557"><enum>(b)</enum><header>Postexchange land management</header><text>Land acquired by the Secretary under this Act shall become part of the Pike-San Isabel National Forest and be managed in accordance with the laws, rules, and regulations applicable to the National Forest System.</text>
 </subsection><subsection commented="no" id="HBF3F8690EC2E4360AF48A2F916A0BF64"><enum>(c)</enum><header>Exchange timetable</header><text display-inline="yes-display-inline">It is the intent of Congress that the land exchange directed by this Act be consummated no later than 1 year after the date of the enactment of this Act.</text>
			</subsection><subsection id="H9D54692929D14FBC9649338EC3DDD74E"><enum>(d)</enum><header>Maps, estimates, and descriptions</header>
 <paragraph id="H6FFEEA0F8899420B8FF5D5D53069D919"><enum>(1)</enum><header>Minor errors</header><text>The Secretary and BHI may by mutual agreement make minor boundary adjustments to the Federal and non-Federal lands involved in the exchange, and may correct any minor errors in any map, acreage estimate, or description of any land to be exchanged.</text>
 </paragraph><paragraph id="H70C70C621E124322B1C5DBF02F4063B1"><enum>(2)</enum><header>Conflict</header><text>If there is a conflict between a map, an acreage estimate, or a description of land under this Act, the map shall control unless the Secretary and BHI mutually agree otherwise.</text>
 </paragraph><paragraph id="H880FDB6FD5A640E29DE22CB80670DA8E"><enum>(3)</enum><header>Availability</header><text>Upon enactment of this Act, the Secretary shall file and make available for public inspection in the headquarters of the Pike-San Isabel National Forest a copy of all maps referred to in this Act.</text>
				</paragraph></subsection></section></legis-body></bill>


