<?xml version="1.0"?>
<?xml-stylesheet type="text/xsl" href="billres.xsl"?>
<!DOCTYPE bill PUBLIC "-//US Congress//DTDs/bill.dtd//EN" "bill.dtd">
<bill bill-stage="Introduced-in-House" bill-type="olc" dms-id="H982FE1FF722E41719BCF99FAF70632A6" key="H" public-private="public"><metadata xmlns:dc="http://purl.org/dc/elements/1.1/">
<dublinCore>
<dc:title>115 HR 615 IH: Student Loan Repayment Act of 2017</dc:title>
<dc:publisher>U.S. House of Representatives</dc:publisher>
<dc:date>2017-01-23</dc:date>
<dc:format>text/xml</dc:format>
<dc:language>EN</dc:language>
<dc:rights>Pursuant to Title 17 Section 105 of the United States Code, this file is not subject to copyright protection and is in the public domain.</dc:rights>
</dublinCore>
</metadata>
<form>
<distribution-code display="yes">I</distribution-code><congress display="yes">115th CONGRESS</congress><session display="yes">1st Session</session><legis-num display="yes">H. R. 615</legis-num><current-chamber>IN THE HOUSE OF REPRESENTATIVES</current-chamber><action display="yes"><action-date date="20170123">January 23, 2017</action-date><action-desc><sponsor name-id="R000593">Mr. Ross</sponsor> introduced the following bill; which was referred to the <committee-name committee-id="HWM00">Committee on Ways and Means</committee-name></action-desc></action><legis-type>A BILL</legis-type><official-title display="yes">To amend the Internal Revenue Code of 1986 to include student loan repayers as members of targeted
			 groups for purposes of the work opportunity credit and to provide for a
			 credit against tax for student loan program startup costs.</official-title></form>
	<legis-body id="H1225E7E088EA472D8F465654665E514B" style="OLC">
 <section id="H3C71618420394464AB77D10A8F46EE7D" section-type="section-one"><enum>1.</enum><header>Short title</header><text display-inline="no-display-inline">This Act may be cited as the <quote><short-title>Student Loan Repayment Act of 2017</short-title></quote>.</text> </section><section commented="no" id="HE3D80BCE45D94A91A7DF808606DD2AE5"><enum>2.</enum><header>Inclusion of student loan repayers for purposes of work opportunity credit</header> <subsection id="H8C542F412B774C0BB67F80C1BFC3CFCC"><enum>(a)</enum><header>In general</header><text display-inline="yes-display-inline"><external-xref legal-doc="usc" parsable-cite="usc/26/51">Section 51(d)(1)</external-xref> of the Internal Revenue Code of 1986 is amended by striking <quote>or</quote> at the end of subparagraph (I), by striking the period at the end of subparagraph (J) and inserting <quote>, or</quote>, and by adding at the end the following new subparagraph:</text>
				<quoted-block display-inline="no-display-inline" id="H6433F6A007A54D31B6258E5363FA37B9" style="OLC">
 <subparagraph commented="no" id="H47AA275E45D249D9B8F93EDB5100AF2C"><enum>(K)</enum><text display-inline="yes-display-inline">a qualified student loan repayer.</text></subparagraph><after-quoted-block>.</after-quoted-block></quoted-block> </subsection><subsection commented="no" id="H9D021C09F6EC486BBFC43BD1E4635DBC"><enum>(b)</enum><header>Qualified student loan repayer defined</header><text display-inline="yes-display-inline">Section 51(d) of such Code is amended by adding at the end the following new paragraph:</text>
				<quoted-block display-inline="no-display-inline" id="H375474BE8E4B419B973C96E91E08CCEF" style="OLC">
 <paragraph commented="no" id="H69681AE57BDC41B7B5F510851E2465FA"><enum>(16)</enum><header>Qualified student loan repayer</header><text display-inline="yes-display-inline">The term <term>qualified student loan repayer</term> means any individual who is certified by the designated local agency as—</text> <subparagraph commented="no" id="H2F0507AB78154B9391A650A5F876D136"><enum>(A)</enum><text display-inline="yes-display-inline">having at least an associate’s degree; and</text>
 </subparagraph><subparagraph commented="no" id="HC9980B594DF74771BBEA98E62D5F1842"><enum>(B)</enum><text display-inline="yes-display-inline">having outstanding qualified education loans (as defined in section 221) of not less than $10,000.</text></subparagraph></paragraph><after-quoted-block>.</after-quoted-block></quoted-block> </subsection><subsection id="HB88DA59C5BB54F5B96A180ADB2529B36"><enum>(c)</enum><header>Effective date</header><text display-inline="yes-display-inline">The amendments made by this section shall apply with respect to individuals who begin work for the employer after the date of the enactment of this Act.</text>
			</subsection></section><section display-inline="no-display-inline" id="HCA88666F40B8418CAC717B26CA186A13" section-type="subsequent-section"><enum>3.</enum><header>Student loan program startup costs credit</header>
 <subsection id="H88DED9A8712A45199BAB43F08FB09BB3"><enum>(a)</enum><header>In general</header><text display-inline="yes-display-inline">Subpart D of part IV of subchapter A of <external-xref legal-doc="usc-chapter" parsable-cite="usc-chapter/26/1">chapter 1</external-xref> of the Internal Revenue Code of 1986 is amended by adding at the end the following new section:</text>
				<quoted-block display-inline="no-display-inline" id="HAADE55A1CE4F4C3EB77D2924D5514BBC" style="OLC">
					<section id="HEF9DA5A51A6E445B8E3031C2F564B9E4" section-type="subsequent-section"><enum>45S.</enum><header>Student loan program startup costs credit</header>
 <subsection id="H7FDB76F797704CECAAC7F61A79D6465C"><enum>(a)</enum><header>In general</header><text display-inline="yes-display-inline">For purposes of section 38, in the case of an eligible employer, the student loan program startup costs credit determined under this section for any taxable year is an amount equal to 50 percent of the qualified startup costs paid or incurred by the taxpayer during the taxable year.</text>
 </subsection><subsection commented="no" id="HF727713031664D8AABAE631794187023"><enum>(b)</enum><header>Dollar limitation</header><text>The amount of the credit determined under this section for any taxable year for a qualified employer shall not exceed—</text>
 <paragraph commented="no" id="HF73C5BC0A1064C8CB6B756ED51F1161F"><enum>(1)</enum><text display-inline="yes-display-inline">for the first credit year and each of the 2 taxable years immediately following the first credit year, the product of—</text>
 <subparagraph commented="no" id="HC345522F556F475A8ADA5C2561EF65AD"><enum>(A)</enum><text>$500, multiplied by</text> </subparagraph><subparagraph commented="no" id="H1719F1C9238D4146A5AB53E384F354ED"><enum>(B)</enum><text display-inline="yes-display-inline">the number of employees participating during such taxable year in an eligible employer plan for which the employer is eligible for a credit under this section, and</text>
 </subparagraph></paragraph><paragraph commented="no" id="H0A2CED2532A848ECA8700C4B5EADFD68"><enum>(2)</enum><text display-inline="yes-display-inline">for any other taxable year, zero.</text> </paragraph></subsection><subsection id="H77F40F43B22347CA9D26194D2B720D1D"><enum>(c)</enum><header>Eligible employer</header><text>For purposes of this section, the term <term>eligible employer</term> means an employer if such employer, or any member of any controlled group including the employer (or any predecessor of either), during the 3-taxable-year period immediately preceding the first taxable year for which the credit under this section is otherwise allowable for a qualified employer plan of the employer, has not established or maintained a qualified employer plan with respect to which contributions were made, or benefits were accrued, for substantially the same employees as are in the qualified employer plan.</text>
 </subsection><subsection id="H05F15B33F23A4E74AE743AE526166942"><enum>(d)</enum><header>Other definitions</header><text>For purposes of this section—</text> <paragraph id="H95274BDB44D14AD68252C0173A36A703"><enum>(1)</enum><header>Qualified startup costs</header> <subparagraph id="H84F6236EDB2845FF92D462676941409B"><enum>(A)</enum><header>In general</header><text display-inline="yes-display-inline">The term <term>qualified startup costs</term> means any ordinary and necessary expenses of an eligible employer which are paid or incurred in connection with the establishment or administration of an eligible employer plan. Such term shall not include any payment made to, or on behalf of, any employee pursuant to such plan.</text>
 </subparagraph><subparagraph id="H926510EF99894F8B81A6D387BE0788F2"><enum>(B)</enum><header>Plan must have at least one participant</header><text>Such term shall not include any expense in connection with a plan that does not have at least one employee eligible to participate who is not a highly compensated employee.</text>
 </subparagraph></paragraph><paragraph id="H45EA8B37A35C4DAD954376353EB1D5EA"><enum>(2)</enum><header>Eligible employer plan</header><text display-inline="yes-display-inline">The term <term>eligible employer plan</term> means a student loan repayment plan administered by an employer through which the employer provides, for each employee for each year, qualified matching contributions.</text>
 </paragraph><paragraph commented="no" id="HBBEA5D9EE8A944E7929AFF2C018DAFDA"><enum>(3)</enum><header>Qualified matching contribution</header><text display-inline="yes-display-inline">The term <term>qualified matching contribution</term> means an employer contribution made to an eligible employer plan on behalf of an employee on account of an employee contribution made by such employee if such employer contribution is at least the lesser of—</text>
 <subparagraph commented="no" id="H17727ADD22224BAE8FA70FF11CDE325E"><enum>(A)</enum><text>the amount of such employee contribution, and</text> </subparagraph><subparagraph commented="no" id="H5A5C62F02ABB490B8E1D4290B00B3CEB"><enum>(B)</enum><text>$2,000.</text>
 </subparagraph></paragraph><paragraph id="H2B7B63727D214C76AF8FC9CDF0E9A7C8"><enum>(4)</enum><header>First credit year</header><text>The term <term>first credit year</term> means—</text> <subparagraph id="H175EE0ACF8D9443C8DD22F0B46ADBCFE"><enum>(A)</enum><text>the taxable year which includes the date that the eligible employer plan to which such costs relate becomes effective, or</text>
 </subparagraph><subparagraph id="H649FE2D7D7874EB19C9EF05358B3710F"><enum>(B)</enum><text>at the election of the eligible employer, the taxable year preceding the taxable year referred to in subparagraph (A).</text>
 </subparagraph></paragraph></subsection><subsection id="HC5CCE0466CD5493FA6C19CEECECEF4A1"><enum>(e)</enum><header>Special rules</header><text>For purposes of this section—</text> <paragraph id="H594A682152A84751BDC9B4B485C63129"><enum>(1)</enum><header>Aggregation rules</header><text>All persons treated as a single employer under subsection (a) or (b) of section 52, or subsection (m) or (o) of section 414, shall be treated as one person. All eligible employer plans shall be treated as one eligible employer plan.</text>
 </paragraph><paragraph id="H165536A0512C40E29A9C540463FB096A"><enum>(2)</enum><header>Disallowance of deduction</header><text>No deduction shall be allowed for that portion of the qualified startup costs paid or incurred for the taxable year which is equal to the credit determined under subsection (a).</text>
 </paragraph><paragraph id="H933AD245943842EAB44B406C531DA685"><enum>(3)</enum><header>Deduction for matching contribution</header><text>For deductions for qualified matching contributions, see section 162.</text> </paragraph><paragraph id="H3EA49A23990643D181225CE6D91AD343"><enum>(4)</enum><header>Election not to claim credit</header><text>This section shall not apply to a taxpayer for any taxable year if such taxpayer elects to have this section not apply for such taxable year.</text></paragraph></subsection></section><after-quoted-block>.</after-quoted-block></quoted-block>
			</subsection><subsection id="HD2B82EF656B240B093A5B800003F9B68"><enum>(b)</enum><header>Conforming amendments</header>
 <paragraph id="HD461322202304036A9BA26421DA6D7F9"><enum>(1)</enum><header>In general</header><text>Subsection (b) of section 38 is amended by striking <quote>plus</quote> at the end of paragraph (35), by striking the period at the end of paragraph (36) and inserting <quote>, plus</quote>, and by adding at the end the following new paragraph:</text> <quoted-block id="H3010EAD3ECD4444785049512638A25A0" style="OLC"> <paragraph id="HAE3CF96FC81C4B959C2086F57CFA8807"><enum>(37)</enum><text display-inline="yes-display-inline">the student loan program startup costs credit determined under section 45S(a).</text></paragraph><after-quoted-block>.</after-quoted-block></quoted-block>
 </paragraph><paragraph id="H13FEA6D495C44A9C907A854D97CC139B"><enum>(2)</enum><header>Deduction for Unused Credit</header><text display-inline="yes-display-inline">Subsection (c) of section 196 is amended by striking <quote>and</quote> at the end of paragraph (13), by striking the period at the end of paragraph (14) and inserting <quote>, and</quote>, and by adding at the end the following new paragraph:</text> <quoted-block display-inline="no-display-inline" id="H85280B13F3AA4F7A8084ADF5E0AE7F4E" style="OLC"> <subparagraph id="H50A1D9D91705445BADBB8B61A65BC005"><enum>(15)</enum><text display-inline="yes-display-inline">the student loan program startup costs credit determined under section 45S(a).</text></subparagraph><after-quoted-block>.</after-quoted-block></quoted-block>
 </paragraph></subsection><subsection id="H8ABCD2DFE3444291A6D42ACBD57C4881"><enum>(c)</enum><header>Clerical Amendment</header><text>The table of sections for subpart D of part IV of subchapter A of chapter 1 is amended by adding at the end the following new item:</text>
				<quoted-block display-inline="no-display-inline" id="H37CA1832AA1D41F9BC56E171C7065EF4" style="OLC">
					<toc regeneration="no-regeneration">
						<toc-entry level="section">Sec. 45S. Student loan program startup costs credit.</toc-entry></toc><after-quoted-block>.</after-quoted-block></quoted-block>
 </subsection><subsection id="H90A27447654A475895C84F5D5C123E49"><enum>(d)</enum><header>Effective date</header><text>The amendments made by this section shall apply to taxable years beginning after the date of the enactment of this Act.</text>
			</subsection></section></legis-body></bill>


