<?xml version="1.0"?>
<?xml-stylesheet type="text/xsl" href="billres.xsl"?>
<!DOCTYPE bill PUBLIC "-//US Congress//DTDs/bill.dtd//EN" "bill.dtd">
<bill bill-stage="Introduced-in-House" bill-type="olc" dms-id="HB2237C0CEFB6415CA99B19B5CB1563E7" key="H" public-private="public"><metadata xmlns:dc="http://purl.org/dc/elements/1.1/">
<dublinCore>
<dc:title>115 HR 388 IH: Veterans Health Equity Act of 2017</dc:title>
<dc:publisher>U.S. House of Representatives</dc:publisher>
<dc:date>2017-01-10</dc:date>
<dc:format>text/xml</dc:format>
<dc:language>EN</dc:language>
<dc:rights>Pursuant to Title 17 Section 105 of the United States Code, this file is not subject to copyright protection and is in the public domain.</dc:rights>
</dublinCore>
</metadata>
<form>
<distribution-code display="yes">I</distribution-code><congress display="yes">115th CONGRESS</congress><session display="yes">1st Session</session><legis-num display="yes">H. R. 388</legis-num><current-chamber>IN THE HOUSE OF REPRESENTATIVES</current-chamber><action display="yes"><action-date date="20170110">January 10, 2017</action-date><action-desc><sponsor name-id="S001170">Ms. Shea-Porter</sponsor> introduced the following bill; which was referred to the <committee-name committee-id="HVR00">Committee on Veterans' Affairs</committee-name></action-desc></action><legis-type>A BILL</legis-type><official-title display="yes">To amend title 38, United States Code, to ensure that veterans in each of the 48 contiguous States
			 are able to receive services in at least one full-service hospital of the
			 Veterans Health Administration in the State or receive comparable services
			 provided by contract in the State.</official-title></form>
	<legis-body id="H92ADE2C546774685869A7C0B3E3CFBCE" style="OLC">
 <section id="H4D83722F6C254749AC954A3D681C6D2B" section-type="section-one"><enum>1.</enum><header>Short title</header><text display-inline="no-display-inline">This Act may be cited as the <quote><short-title>Veterans Health Equity Act of 2017</short-title></quote>.</text> </section><section id="H1F2180BEC2294E9A8D00CE3498DED803"><enum>2.</enum><header>Availability of full-service hospital of the Veterans Health Administration in certain States or provision of comparable services through contract with other health care providers in the State</header> <subsection id="H4185A581F6B048698A1DAA700D687B4D"><enum>(a)</enum><header>In general</header><text display-inline="yes-display-inline"><external-xref legal-doc="usc-chapter" parsable-cite="usc-chapter/38/17">Chapter 17</external-xref> of title 38, United States Code, is amended by inserting after <external-xref legal-doc="usc" parsable-cite="usc/38/1716">section 1716</external-xref> the following new section:</text>
				<quoted-block display-inline="no-display-inline" id="H1C75828F64AC4646B1024AE92A9ED4F3" style="USC">
					<section id="HE56863DFB25149438486B1F316089258"><enum>1716A.</enum><header>Access to full-service hospitals in certain States or comparable services through contract</header>
 <subsection id="HCB5054267B72418887A5FA2A0B7BD9F5"><enum>(a)</enum><header>Requirement</header><text display-inline="yes-display-inline">With respect to each of the 48 contiguous States, the Secretary shall ensure that veterans in the State eligible for hospital care and medical services under section 1710 of this title have access—</text>
 <paragraph id="HC40139E7AFCF4781A2FDAD94B5CFBA45"><enum>(1)</enum><text>to at least one full-service hospital of the Veterans Health Administration in the State; or</text> </paragraph><paragraph id="HF4370EDF584141BD92758C8309FFF60A"><enum>(2)</enum><text>to hospital care and medical services comparable to the services provided in full-service hospitals through contract with other health care providers in the State.</text>
 </paragraph></subsection><subsection id="H010698566E714D6FA33203AE0B342385"><enum>(b)</enum><header>Rule of construction</header><text display-inline="yes-display-inline">Nothing in subsection (a) shall be construed to restrict the ability of the Secretary to provide enhanced care to an eligible veteran who resides in one State in a hospital of the Veterans Health Administration in another State.</text></subsection></section><after-quoted-block>.</after-quoted-block></quoted-block>
 </subsection><subsection id="H5A7B5574A8994F859B2E5903E682A92D"><enum>(b)</enum><header>Clerical amendment</header><text>The table of sections at the beginning of such chapter is amended by inserting after the item relating to section 1716 the following new item:</text>
				<quoted-block display-inline="no-display-inline" id="H2B81AD544002445BA7D9B8EC74AB38F2" style="USC">
					<toc regeneration="no-regeneration">
						<toc-entry level="section">1716A. Access to full-service hospitals in certain States or comparable services through contract.</toc-entry></toc><after-quoted-block>.</after-quoted-block></quoted-block>
 </subsection><subsection id="H5301B1E498524EE0B85B74D654A983A2"><enum>(c)</enum><header>Report on implementation</header><text display-inline="yes-display-inline">Not later than one year after the date of the enactment of this Act, the Secretary of Veterans Affairs shall submit to Congress a report describing the extent to which the Secretary has complied with the requirement imposed by section 1716A of title 38, United States Code, as added by subsection (a), including the effect of such requirement on improving the quality and standards of care provided to veterans.</text>
			</subsection></section></legis-body></bill>


