<?xml version="1.0"?>
<?xml-stylesheet type="text/xsl" href="billres.xsl"?>
<!DOCTYPE bill PUBLIC "-//US Congress//DTDs/bill.dtd//EN" "bill.dtd">
<bill bill-stage="Introduced-in-House" bill-type="olc" dms-id="HDFF4378019804FE2B03C739C0A7F3ACB" key="H" public-private="public"><metadata xmlns:dc="http://purl.org/dc/elements/1.1/">
<dublinCore>
<dc:title>115 HR 128 IH: Semipostal Stamp Clarification Act of 2017</dc:title>
<dc:publisher>U.S. House of Representatives</dc:publisher>
<dc:date>2017-01-03</dc:date>
<dc:format>text/xml</dc:format>
<dc:language>EN</dc:language>
<dc:rights>Pursuant to Title 17 Section 105 of the United States Code, this file is not subject to copyright protection and is in the public domain.</dc:rights>
</dublinCore>
</metadata>
<form>
<distribution-code display="yes">I</distribution-code><congress display="yes">115th CONGRESS</congress><session display="yes">1st Session</session><legis-num display="yes">H. R. 128</legis-num><current-chamber>IN THE HOUSE OF REPRESENTATIVES</current-chamber><action display="yes"><action-date date="20170103">January 3, 2017</action-date><action-desc><sponsor name-id="B001248">Mr. Burgess</sponsor> introduced the following bill; which was referred to the <committee-name committee-id="HGO00">Committee on Oversight and Government Reform</committee-name></action-desc></action><legis-type>A BILL</legis-type><official-title display="yes">To amend section 416 of title 39, United States Code, to remove the authority of the United States
			 Postal Service to issue semipostals except as provided for by an Act of
			 Congress, and for other purposes.</official-title></form>
	<legis-body id="H6F79BBDC895845CAB032FFEB76A90E8A" style="OLC">
 <section id="H1A26A92EF9044E9B9012925760C030E4" section-type="section-one"><enum>1.</enum><header>Short title</header><text display-inline="no-display-inline">This Act may be cited as the <quote><short-title>Semipostal Stamp Clarification Act of 2017</short-title></quote>.</text> </section><section id="H74237F6FD2154543A7FA09559A9C1E42" section-type="subsequent-section"><enum>2.</enum><header>Limitation on United States Postal Service semipostal stamp authority</header><text display-inline="no-display-inline">Section 416 of title 39, United States Code, is amended—</text>
 <paragraph id="HFB74E40ACAF04E80B12BC828115BF2B3"><enum>(1)</enum><text>by striking subsection (b) and inserting the following:</text> <quoted-block display-inline="no-display-inline" id="HE96E0CB49C2147E781FD9D377F9FB3B2" style="USC"> <subsection id="H5617700F4FAD49809600EC58BB8B9267"><enum>(b)</enum><header>Limited authority</header><text display-inline="yes-display-inline">The Postal Service may issue and sell semipostals under this section only for such purposes or causes as provided for by an Act of Congress.</text></subsection><after-quoted-block>; </after-quoted-block></quoted-block>
 </paragraph><paragraph id="HA7AB3EDBD1BE439F894F1843BFC49E79"><enum>(2)</enum><text>in subsection (d)—</text> <subparagraph id="H4558EABABAA644AC81CDDFB08306EB2A"><enum>(A)</enum><text>in paragraph (1)—</text>
 <clause id="H44E0CCCDB240459180677297B39CEF49"><enum>(i)</enum><text>by striking <quote>appropriate agency or agencies</quote> and inserting <quote>appropriate agency or entity, as provided for by an Act of Congress pursuant to subsection (b),</quote>; and</text> </clause><clause id="HA09C110ABB654ADFBF604574C9F14AFB"><enum>(ii)</enum><text>by striking <quote>such agency</quote> and inserting <quote>such agency or entity</quote>;</text>
 </clause></subparagraph><subparagraph id="HB3704B42CBAF4028BCD2E63F61C47938"><enum>(B)</enum><text display-inline="yes-display-inline">by striking paragraph (2); and</text> </subparagraph><subparagraph id="HC4D3F8F0210C469BA744A8AF733CB047"><enum>(C)</enum><text>by redesignating paragraph (3) as paragraph (2);</text>
 </subparagraph></paragraph><paragraph id="HAD9482497F5C41A0A1EAF955ACFF812D"><enum>(3)</enum><text>by striking subsection (e); and</text> </paragraph><paragraph id="H473F075979D64CFE9B325F4E60DF4216"><enum>(4)</enum><text>by redesignating subsections (f) and (g) as subsections (e) and (f), respectively.</text>
			</paragraph></section></legis-body></bill>


