<?xml version="1.0"?>
<?xml-stylesheet type="text/xsl" href="billres.xsl"?>
<!DOCTYPE bill PUBLIC "-//US Congress//DTDs/bill.dtd//EN" "bill.dtd">
<bill bill-stage="Introduced-in-House" dms-id="H8511F7F8D17849DCACDE843E947AA485" public-private="public" key="H" bill-type="olc"><form><distribution-code display="yes">I</distribution-code><congress display="yes">115th CONGRESS</congress><session display="yes">1st Session</session><legis-num display="yes">H. R. 496</legis-num><current-chamber>IN THE HOUSE OF REPRESENTATIVES</current-chamber><action display="yes"><action-date date="20170112">January 12, 2017</action-date><action-desc><sponsor name-id="C001077">Mr. Coffman</sponsor> (for himself, <cosponsor name-id="G000535">Mr. Guti&#233;rrez</cosponsor>, <cosponsor name-id="C001107">Mr. Curbelo of Florida</cosponsor>, <cosponsor name-id="R000486">Ms. Roybal-Allard</cosponsor>, <cosponsor name-id="D000612">Mr. Denham</cosponsor>, <cosponsor name-id="L000397">Ms. Lofgren</cosponsor>, <cosponsor name-id="R000435">Ms. Ros-Lehtinen</cosponsor>, and <cosponsor name-id="C001080">Ms. Judy Chu of California</cosponsor>) introduced the following bill; which was referred to the <committee-name committee-id="HJU00">Committee on the Judiciary</committee-name></action-desc></action><legis-type>A BILL</legis-type><official-title display="yes">To provide provisional protected presence to qualified individuals who came to the United States as children.</official-title></form><legis-body id="H0B7CD391FA39493D87A93A81AC003863" style="OLC"> 
<section id="H1AD5EB73FB39429F84BDC03A1B149C7D" section-type="section-one"><enum>1.</enum><header>Short title</header><text display-inline="no-display-inline">This Act may be cited as the <quote><short-title>Bar Removal of Individuals who Dream and Grow our Economy Act</short-title></quote> or the <quote><short-title>BRIDGE Act</short-title></quote>.</text></section> <section id="H3AEFC96889C5435BA85F25BF0AAA89F2" section-type="subsequent-section"><enum>2.</enum><header>Provisional protected presence for young individuals</header> <subsection id="H051297E02E6A449794E69D62B2A4DFE3"><enum>(a)</enum><header>In general</header><text>Chapter 4 of title II of the Immigration and Nationality Act (<external-xref legal-doc="usc" parsable-cite="usc/8/1221">8 U.S.C. 1221</external-xref> et seq.) is amended by adding at the end the following:</text> 
<quoted-block display-inline="no-display-inline" id="HC8F47B8423614C99B93FED723798A963" style="OLC"> 
<section id="H3F5D6AD438C04880A2921EC804D6D913" section-type="subsequent-section"><enum>244A.</enum><header>Provisional protected presence</header> 
<subsection id="H77441F43D7EB4D238AD5E9762C5B7435"><enum>(a)</enum><header>Definitions</header><text display-inline="yes-display-inline">In this section:</text> <paragraph id="H71D3E764B68B48D8A4BFDBF575DA43D0"><enum>(1)</enum><header>DACA recipient</header><text>The term <term>DACA recipient</term> means an alien who is in deferred action status on the date of the enactment of this section pursuant to the Deferred Action for Childhood Arrivals (<quote>DACA</quote>) Program announced on June 15, 2012.</text></paragraph> 
<paragraph id="H1AAA46CC840A4544BDF1144FC661732B"><enum>(2)</enum><header>Felony</header><text>The term <term>felony</term> means a Federal, State, or local criminal offense (excluding a State or local offense for which an essential element was the alien’s immigration status) punishable by imprisonment for a term exceeding one year.</text></paragraph> <paragraph id="HC947AF11244C4D7BB3D83B8C25792AF0"><enum>(3)</enum><header>Misdemeanor</header><text>The term <term>misdemeanor</term> means a Federal, State, or local criminal offense (excluding a State or local offense for which an essential element was the alien’s immigration status, a significant misdemeanor, and a minor traffic offense) for which—</text> 
<subparagraph id="H38B8D6711CAF4A078D7F336D3BE7AFBC"><enum>(A)</enum><text>the maximum term of imprisonment is greater than five days and not greater than one year; and</text></subparagraph> <subparagraph id="H56885141F33F47718A019CC07B348C79"><enum>(B)</enum><text>the individual was sentenced to time in custody of 90 days or less.</text></subparagraph></paragraph> 
<paragraph id="H7351DE5451F548F48DF0E8A208B6C655"><enum>(4)</enum><header>Secretary</header><text>The term <term>Secretary</term> means the Secretary of Homeland Security.</text></paragraph> <paragraph id="H97DCD4D109874B018FAD07F4A0C300FB"><enum>(5)</enum><header>Significant misdemeanor</header><text>The term <term>significant misdemeanor</term> means a Federal, State, or local criminal offense (excluding a State or local offense for which an essential element was the alien’s immigration status) for which the maximum term of imprisonment is greater than five days and not greater than one year that—</text> 
<subparagraph id="H6FA3EDB479F547E8B2D6F2D22A41D07A"><enum>(A)</enum><text>regardless of the sentence imposed, is a crime of domestic violence (as defined in section 237(a)(2)(E)(i)) or an offense of sexual abuse or exploitation, burglary, unlawful possession or use of a firearm, drug distribution or trafficking, or driving under the influence if the State law requires, as an element of the offense, the operation of a motor vehicle and a finding of impairment or a blood alcohol content of .08 or higher; or</text></subparagraph> <subparagraph id="HBCCBCF794B93477995A67DFDE697CC61"><enum>(B)</enum><text>resulted in a sentence of time in custody of more than 90 days, excluding an offense for which the sentence was suspended.</text></subparagraph></paragraph> 
<paragraph id="HD9B71713BD7B42539990A59376E483AD"><enum>(6)</enum><header>Threat to national security</header><text>An alien is a <term>threat to national security</term> if the alien is—</text> <subparagraph id="H44028BD010DD423F9129AC7CEAD3BF10"><enum>(A)</enum><text>inadmissible under section 212(a)(3); or</text></subparagraph> 
<subparagraph id="HBD2B7D0CC7174313896849B5481D5D30"><enum>(B)</enum><text>deportable under section 237(a)(4).</text></subparagraph></paragraph> <paragraph id="H9B1C16286F0243FB95F48C40B36CEAAF"><enum>(7)</enum><header>Threat to public safety</header><text>An alien is a <term>threat to public safety</term> if the alien—</text> 
<subparagraph id="H1449D38ACD9B4498AB051B7539293FE9"><enum>(A)</enum><text>has been convicted of an offense for which an element was participation in a criminal street gang (as defined in section 521(a) of title 18, United States Code); or</text></subparagraph> <subparagraph id="HC6772CBA23D84BCD8783EC61DD2C9061"><enum>(B)</enum><text>has engaged in a continuing criminal enterprise (as defined in section 408(c) of the Comprehensive Drug Abuse Prevention and Control Act of 1970 (<external-xref legal-doc="usc" parsable-cite="usc/21/848">21 U.S.C. 848(c)</external-xref>)).</text></subparagraph></paragraph></subsection> 
<subsection id="H986BDF3966C64BB18330E8D267C02BFB"><enum>(b)</enum><header>Authorization</header><text>The Secretary—</text> <paragraph id="HDA1B020776A74D90B96FE5071F9FF63D"><enum>(1)</enum><text>shall grant provisional protected presence to an alien who files an application demonstrating that he or she meets the eligibility criteria under subsection (c) and pays the appropriate application fee;</text></paragraph> 
<paragraph id="H21744A0AC9194590A3C49045E4DCB2B0"><enum>(2)</enum><text>may not remove such alien from the United States during the period in which such provisional protected presence is in effect unless such status is rescinded pursuant to subsection (g); and</text></paragraph> <paragraph id="HB701E986E0C74E0F8D5BFD15A73441CA"><enum>(3)</enum><text>shall provide such alien with employment authorization.</text></paragraph></subsection> 
<subsection id="H5643F179E95E45B5BB5820777590BA08"><enum>(c)</enum><header>Eligibility criteria</header><text>An alien is eligible for provisional protected presence under this section and employment authorization if the alien—</text> <paragraph id="H80B8EFE198CD4219B9491D23A90A4605"><enum>(1)</enum><text>was born after June 15, 1981;</text></paragraph> 
<paragraph id="HBA27C57EDC244EC4AFC19A0AB87A0715"><enum>(2)</enum><text>entered the United States before attaining 16 years of age;</text></paragraph> <paragraph id="HD6943BA9F8BB45F6A6936AE015B7C273"><enum>(3)</enum><text>continuously resided in the United States between June 15, 2007, and the date on which the alien files an application under this section;</text></paragraph> 
<paragraph id="H05AEDBAE51C54AADBFF4A6F1A7BD9BD3"><enum>(4)</enum><text>was physically present in the United States on June 15, 2012, and on the date on which the alien files an application under this section;</text></paragraph> <paragraph id="H8A11C100172F4811AA947F14391FB61C"><enum>(5)</enum><text>was unlawfully present in the United States on June 15, 2012;</text></paragraph> 
<paragraph id="HE9AD6B48EADF45909684D1C08C55E026"><enum>(6)</enum><text>on the date on which the alien files an application for provisional protected presence—</text> <subparagraph id="H798B78EF36D54E5BBC5551DFE917CE76"><enum>(A)</enum><text>is enrolled in school or in an education program assisting students in obtaining a regular high school diploma or its recognized equivalent under State law, or in passing a general educational development exam or other State-authorized exam;</text></subparagraph> 
<subparagraph id="H46239767693E4B569C68126744009B18"><enum>(B)</enum><text>has graduated or obtained a certificate of completion from high school;</text></subparagraph> <subparagraph id="HC9EC587227DB425A8E0F52F905100503"><enum>(C)</enum><text>has obtained a general educational development certificate; or</text></subparagraph> 
<subparagraph id="HFF2430FEC2C94FBB8052BDA9F5BD342D"><enum>(D)</enum><text>is an honorably discharged veteran of the Coast Guard or Armed Forces of the United States;</text></subparagraph></paragraph> <paragraph id="HDC7E1BB364C242F98AE55D4C6F95FEDC"><enum>(7)</enum><text>has not been convicted of—</text> 
<subparagraph id="H6DB32C7C251E44439AC6BE88E8F44FB9"><enum>(A)</enum><text>a felony;</text></subparagraph> <subparagraph id="HC59AB1EC078E4C0293DC41EB6A7E040D"><enum>(B)</enum><text>a significant misdemeanor; or</text></subparagraph> 
<subparagraph id="H88B92BF1B42A4F36AB25DE0D4AAD7B4B"><enum>(C)</enum><text>three or more misdemeanors not occurring on the same date and not arising out of the same act, omission, or scheme of misconduct; and</text></subparagraph></paragraph> <paragraph id="H5EB4104DA529407C817982E6E5565727"><enum>(8)</enum><text>does not otherwise pose a threat to national security or a threat to public safety.</text></paragraph></subsection> 
<subsection id="HD6CB8403E3E443DC885367CDD9EAB55F"><enum>(d)</enum><header>Duration of provisional protected presence and employment authorization</header><text>Provisional protected presence and the employment authorization provided under this section shall be effective until the date that is three years after the date of the enactment of this section.</text></subsection> <subsection id="HBA083A9888A74BEEBFE437EE8ABB6018"><enum>(e)</enum><header>Status during period of provisional protected presence</header> <paragraph id="H1E677E72003849558B3D7A3E98B90C2B"><enum>(1)</enum><header>In general</header><text>An alien granted provisional protected presence is not considered to be unlawfully present in the United States during the period beginning on the date such status is granted and ending on the date described in subsection (d).</text></paragraph> 
<paragraph id="HF05683DB367E44E6BEB37FC876E9F7D6"><enum>(2)</enum><header>Status outside period</header><text>The granting of provisional protected presence under this section does not excuse previous or subsequent periods of unlawful presence.</text></paragraph></subsection> <subsection id="HBDE03EF85E574DC9981DC0AEDFA36552"><enum>(f)</enum><header>Application</header> <paragraph id="H997805785E854DDB8029B57CF2BFF8FA"><enum>(1)</enum><header>Age requirement</header> <subparagraph id="HB4DBA00F4A334D29BDA092D810559DC8"><enum>(A)</enum><header>In general</header><text>An alien who has never been in removal proceedings, or whose proceedings have been terminated before making a request for provisional protected presence, shall be at least 15 years old on the date on which the alien submits an application under this section.</text></subparagraph> 
<subparagraph id="HCA16FB9C880342F889C168B3A1F23602"><enum>(B)</enum><header>Exception</header><text>The age requirement set forth in subparagraph (A) shall not apply to an alien who, on the date on which the alien applies for provisional protected presence, is in removal proceedings, has a final removal order, or has a voluntary departure order.</text></subparagraph></paragraph> <paragraph id="HEE421CCB819545929C8C2EDECEFF196B"><enum>(2)</enum><header>Application fee</header> <subparagraph id="HDC8311D8F27B4097828576D48D864767"><enum>(A)</enum><header>In general</header><text>The Secretary may require aliens applying for provisional protected presence and employment authorization under this section to pay a reasonable fee that is commensurate with the cost of processing the application.</text></subparagraph> 
<subparagraph id="H5CBBC8C939F4449AB2A739D45858252C"><enum>(B)</enum><header>Exemption</header><text>An applicant may be exempted from paying the fee required under subparagraph (A) if the alien—</text> <clause id="H5C40C106728D4E2A85D6AAE020370BFC"><enum>(i)</enum> <subclause commented="no" display-inline="yes-display-inline" id="H739FD8C810154EE7BF70117F49A96D0A"><enum>(I)</enum><text>is younger than 18 years of age;</text></subclause> 
<subclause id="HF2D31F7C798441F7B7FC042A4FFF0ADA" indent="up1"><enum>(II)</enum><text>received total income during the 12-month period immediately preceding the date on which the alien files an application under this section that is less than 150 percent of the United States poverty level; and</text></subclause> <subclause id="H620D226771BE4EDBB19BF8A086E37E7C" indent="up1"><enum>(III)</enum><text>is in foster care or otherwise lacking any parental or other familial support;</text></subclause></clause> 
<clause id="HDB3320F65A614C458246282E3C5E4D4F"><enum>(ii)</enum><text>is younger than 18 years of age and is homeless;</text></clause> <clause id="HAE6A46CD117943D49E15B4250257CBC5"><enum>(iii)</enum> <subclause commented="no" display-inline="yes-display-inline" id="H8386851A17924D9DBD41F8B82AF889DE"><enum>(I)</enum><text>cannot care for himself or herself because of a serious, chronic disability; and</text></subclause> 
<subclause id="HA53338F1C6D34EDD90BD58A8A540878E" indent="up1"><enum>(II)</enum><text>received total income during the 12-month period immediately preceding the date on which the alien files an application under this section that is less than 150 percent of the United States poverty level; or</text></subclause></clause> <clause id="H6585A9C3BE7948DCB7148B5630DC0E67"><enum>(iv)</enum> <subclause commented="no" display-inline="yes-display-inline" id="H89D99EDC1354493693C5818712202D0F"><enum>(I)</enum><text>as of the date on which the alien files an application under this section, has accumulated $10,000 or more in debt in the past 12 months as a result of unreimbursed medical expenses incurred by the alien or an immediate family member of the alien; and</text></subclause> 
<subclause id="H87BF93A4569641A4A1ECA99A8886EE53" indent="up1"><enum>(II)</enum><text>received total income during the 12-month period immediately preceding the date on which the alien files an application under this section that is less than 150 percent of the United States poverty level.</text></subclause></clause></subparagraph></paragraph> <paragraph id="HEA0ABCC9548D418785CF34988055CFEF"><enum>(3)</enum><header>Removal stayed while application pending</header><text>The Secretary may not remove an alien from the United States who appears prima facie eligible for provisional protected presence while the alien’s application for provisional protected presence is pending.</text></paragraph> 
<paragraph id="H81A62A5BE16A4B92967AF6AD765334D9"><enum>(4)</enum><header>Aliens not in immigration detention</header><text>An alien who is not in immigration detention, but who is in removal proceedings, is the subject of a final removal order, or is the subject of a voluntary departure order, may apply for provisional protected presence under this section if the alien appears prima facie eligible for provisional protected presence.</text></paragraph> <paragraph id="HF4B51F00B4144924B02DAE07BBBF21E9"><enum>(5)</enum><header>Aliens in immigration detention</header><text>The Secretary shall provide any alien in immigration detention, including any alien who is in removal proceedings, is the subject of a final removal order, or is the subject of a voluntary departure order, who appears prima facie eligible for provisional protected presence, upon request, with a reasonable opportunity to apply for provisional protected presence under this section.</text></paragraph> 
<paragraph id="HE1400B420B2E4ECF9217DFA1EC79C59D"><enum>(6)</enum><header>Confidentiality</header> 
<subparagraph id="H54E833DB750149D090B32829BC39A20D"><enum>(A)</enum><header>In general</header><text>The Secretary shall protect information provided in applications for provisional protected presence under this section and in requests for consideration of DACA from disclosure to U.S. Immigration and Customs Enforcement and U.S. Customs and Border Protection for the purpose of immigration enforcement proceedings.</text></subparagraph> <subparagraph id="H6C497E43387C4844BCFEEF2108FE1C76"><enum>(B)</enum><header>Referrals prohibited</header><text>The Secretary may not refer individuals whose cases have been deferred pursuant to DACA or who have been granted provisional protected presence under this section to U.S. Immigration and Customs Enforcement.</text></subparagraph> 
<subparagraph id="HC2413CD460AA48F188FBF9A8A8B8D209"><enum>(C)</enum><header>Limited exception</header><text>The information submitted in applications for provisional protected presence under this section and in requests for consideration of DACA may be shared with national security and law enforcement agencies—</text> <clause id="HF63E119230694801845E53F06EA6553F"><enum>(i)</enum><text>for assistance in the consideration of the application for provisional protected presence;</text></clause> 
<clause id="H0928A6F455244DD0A6FB5882A62A6959"><enum>(ii)</enum><text>to identify or prevent fraudulent claims;</text></clause> <clause id="HD3A7CAE12DA74EFD8EB9C33DC5C03EA8"><enum>(iii)</enum><text>for national security purposes; and</text></clause> 
<clause id="H7F7EE52E33C247ACA293F129933F0510"><enum>(iv)</enum><text>for the investigation or prosecution of any felony not related to immigration status.</text></clause></subparagraph></paragraph> <paragraph id="H5731B55ADCAC4D12AA073386CF788B99"><enum>(7)</enum><header>Acceptance of applications</header><text>Not later than 60 days after the date of the enactment of this section, the Secretary shall begin accepting applications for provisional protected presence and employment authorization.</text></paragraph></subsection> 
<subsection id="HE12A51D725C24575B3DB646029CAE521"><enum>(g)</enum><header>Rescission of provisional protected presence</header><text display-inline="yes-display-inline">The Secretary may not rescind an alien’s provisional protected presence or employment authorization granted under this section unless the Secretary determines that the alien—</text> <paragraph id="HB191D6F75710490C972D967DE0B7A5ED"><enum>(1)</enum><text>has been convicted of—</text> 
<subparagraph id="HD74C2F310FCB4FE5AF4D4B46A910198A"><enum>(A)</enum><text>a felony;</text></subparagraph> <subparagraph id="H80AE1DACB3C04B298B313CD36DAD4898"><enum>(B)</enum><text>a significant misdemeanor; or</text></subparagraph> 
<subparagraph id="H1239A8723A204C4A81F3B0B82F840259"><enum>(C)</enum><text>three or more misdemeanors not occurring on the same date and not arising out of the same act, omission, or scheme of misconduct;</text></subparagraph></paragraph> <paragraph id="HECD51147D6DC4D5AA5DBEA72F4E43946"><enum>(2)</enum><text>poses a threat to national security or a threat to public safety;</text></paragraph> 
<paragraph id="H12B40F16A54F4EB7A73BA44473546535"><enum>(3)</enum><text>has traveled outside of the United States without authorization from the Secretary; or</text></paragraph> <paragraph id="HA292DDED09734148AAABC0653D2D9352"><enum>(4)</enum><text>has ceased to continuously reside in the United States.</text></paragraph></subsection> 
<subsection id="H9861F34521D64487B11BD1D9CB1DC0B1"><enum>(h)</enum><header>Treatment of brief, casual, and innocent departures and certain other absences</header><text display-inline="yes-display-inline">For purposes of subsections (c)(3) and (g)(4), an alien shall not be considered to have failed to continuously reside in the United States due to—</text> <paragraph id="H310809E780D94BB38A831BA8B3F8D67F"><enum>(1)</enum><text>brief, casual, and innocent absences from the United States during the period beginning on June 15, 2007, and ending on August 14, 2012; or</text></paragraph> 
<paragraph commented="no" display-inline="no-display-inline" id="HAACE680F9086495DB264C456B6445AF2"><enum>(2)</enum><text>travel outside of the United States on or after August 15, 2012, if such travel was authorized by the Secretary.</text></paragraph></subsection> <subsection id="HD3B1D87C74CB4D5BBBA159EF359ED8CC"><enum>(i)</enum><header>Treatment of expunged convictions</header><text>For purposes of subsections (c)(7) and (g)(1), an expunged conviction shall not automatically be treated as a disqualifying felony, significant misdemeanor, or misdemeanor, but shall be evaluated on a case-by-case basis according to the nature and severity of the offense to determine whether, under the particular circumstances, the alien should be eligible for provisional protected presence under this section.</text></subsection> 
<subsection id="HBAC1900DB20F4766BB5C7CAB9408AA1E"><enum>(j)</enum><header>Effect of deferred action under Deferred Action for Childhood Arrivals Program</header> 
<paragraph id="HF36BA9FD99814F4E98D71FF1012815F5"><enum>(1)</enum><header>Provisional protected presence</header><text>A DACA recipient is deemed to have provisional protected presence under this section through the expiration date of the alien’s deferred action status, as specified by the Secretary in conjunction with the approval of the alien’s DACA application.</text></paragraph> <paragraph id="H69373BED4EFE4A3E90925D7200AEAF5E"><enum>(2)</enum><header>Employment authorization</header><text>If a DACA recipient has been granted employment authorization by the Secretary in addition to deferred action, the employment authorization shall continue through the expiration date of the alien’s deferred action status, as specified by the Secretary in conjunction with the approval of the alien’s DACA application.</text></paragraph> 
<paragraph id="H239ABFD8292D4D3EB1D3C6DCF33B1836"><enum>(3)</enum><header>Effect of application</header><text>If a DACA recipient files an application for provisional protected presence under this section not later than the expiration date of the alien’s deferred action status, as specified by the Secretary in conjunction with the approval of the alien’s DACA application, the alien’s provisional protected presence, and any employment authorization, shall remain in effect pending the adjudication of such application.</text></paragraph></subsection></section><after-quoted-block>.</after-quoted-block></quoted-block></subsection> <subsection id="H3A67B7F1B09E4F40B34D01611FC2427B"><enum>(b)</enum><header>Clerical amendment</header><text>The table of contents for the Immigration and Nationality Act (<external-xref legal-doc="usc" parsable-cite="usc/8/1101">8 U.S.C. 1101</external-xref> note) is amended by inserting after the item relating to section 244 the following:</text> 
<quoted-block id="H073F1257531141A5B8D50EA549A2AE06" style="OLC"> 
<toc> 
<toc-entry idref="H3F5D6AD438C04880A2921EC804D6D913" level="section">Sec. 244A. Provisional protected presence.</toc-entry></toc><after-quoted-block>.</after-quoted-block></quoted-block></subsection></section> 
</legis-body></bill>

