<?xml version="1.0"?>
<?xml-stylesheet type="text/xsl" href="billres.xsl"?>
<!DOCTYPE bill PUBLIC "-//US Congress//DTDs/bill.dtd//EN" "bill.dtd">
<bill bill-stage="Introduced-in-House" bill-type="olc" dms-id="H446723C96EAD4BC58E6D37800875DC81" key="H" public-private="public"><metadata xmlns:dc="http://purl.org/dc/elements/1.1/">
<dublinCore>
<dc:title>115 HR 655 IH: Securing the Cities Act of 2017</dc:title>
<dc:publisher>U.S. House of Representatives</dc:publisher>
<dc:date>2017-01-24</dc:date>
<dc:format>text/xml</dc:format>
<dc:language>EN</dc:language>
<dc:rights>Pursuant to Title 17 Section 105 of the United States Code, this file is not subject to copyright protection and is in the public domain.</dc:rights>
</dublinCore>
</metadata>
<form>
<distribution-code display="yes">I</distribution-code><congress display="yes">115th CONGRESS</congress><session display="yes">1st Session</session><legis-num display="yes">H. R. 655</legis-num><current-chamber>IN THE HOUSE OF REPRESENTATIVES</current-chamber><action display="yes"><action-date date="20170124">January 24, 2017</action-date><action-desc><sponsor name-id="D000625">Mr. Donovan</sponsor> (for himself, <cosponsor name-id="M001157">Mr. McCaul</cosponsor>, and <cosponsor name-id="K000210">Mr. King of New York</cosponsor>) introduced the following bill; which was referred to the <committee-name committee-id="HHM00">Committee on Homeland Security</committee-name></action-desc></action><legis-type>A BILL</legis-type><official-title display="yes">To amend the Homeland Security Act of 2002 to establish the Securing the Cities program to enhance
			 the ability of the United States to detect and prevent terrorist attacks
			 and other high consequence events utilizing nuclear or other radiological
			 materials that pose a high risk to homeland security in high-risk urban
			 areas, and for other purposes.</official-title></form>
	<legis-body id="H5486B499D22A4F2FB28E4641F979FA09" style="OLC">
 <section id="HDCEC7B80D0644B4B85A992BFFB3CBBFB" section-type="section-one"><enum>1.</enum><header>Short title</header><text display-inline="no-display-inline">This Act may be cited as the <quote><short-title>Securing the Cities Act of 2017</short-title></quote>.</text> </section><section id="HD04F22DDA178476BA33BEC3897147B0E"><enum>2.</enum><header>Securing the Cities program</header> <subsection id="H45ED77A0CFB54683945713764DA77E04"><enum>(a)</enum><header>In general</header><text display-inline="yes-display-inline">Title XIX of the Homeland Security Act of 2002 (<external-xref legal-doc="usc" parsable-cite="usc/6/591">6 U.S.C. 591</external-xref> et seq.) is amended by adding at the end the following new section:</text>
				<quoted-block display-inline="no-display-inline" id="HBACB7710B80B4348818C6D9C6FFEA89B" style="OLC">
					<section id="HAF0BF081CCFD4857AE7356A9FAFFDFAB"><enum>1908.</enum><header>Securing the Cities program</header>
 <subsection id="HD555C522BBC5478984AC44A1D7D96EF5"><enum>(a)</enum><header>Establishment</header><text>The Director for Domestic Nuclear Detection shall establish the <quote>Securing the Cities</quote> (<quote>STC</quote>) program to enhance the ability of the United States to detect and prevent terrorist attacks and other high consequence events utilizing nuclear or other radiological materials that pose a high risk to homeland security in high-risk urban areas. Through the STC program the Director shall—</text>
 <paragraph id="HA468C63F21E9425697FD56EECF0B9682"><enum>(1)</enum><text>assist State, local, tribal, and territorial governments in designing and implementing, or enhancing existing, architectures for coordinated and integrated detection and interdiction of nuclear or other radiological materials that are out of regulatory control;</text>
 </paragraph><paragraph id="H68CCC75C7A7E42FAAAEDE8F55DE6BD06"><enum>(2)</enum><text display-inline="yes-display-inline">support the development of a region-wide operating capability to detect and report on nuclear and other radioactive materials out of regulatory control;</text>
 </paragraph><paragraph id="HFDDD8167758B41D7B4DC85B82792578E"><enum>(3)</enum><text>provide resources to enhance detection, analysis, communication, and coordination to better integrate State, local, tribal, and territorial assets into Federal operations;</text>
 </paragraph><paragraph id="H8830B428F80F41288FA3511C52CADF11"><enum>(4)</enum><text>facilitate alarm adjudication and provide subject matter expertise and technical assistance on concepts of operations, training, exercises, and alarm response protocols;</text>
 </paragraph><paragraph id="H4A84FFD298A94CCD889911C921707032"><enum>(5)</enum><text>communicate with, and promote sharing of information about the presence or detection of nuclear or other radiological materials among appropriate Federal, State, local, tribal, and territorial governments, in a manner that ensures transparency with the jurisdictions served by such program;</text>
 </paragraph><paragraph id="H83240D902E1F4A539ADFD36513D86FE9"><enum>(6)</enum><text>provide augmenting resources, as appropriate, enabling State, local, tribal, and territorial governments to sustain and refresh their capabilities developed under the STC program; and</text>
 </paragraph><paragraph id="H67C637E89FD34D07BB5C475D41918311"><enum>(7)</enum><text>provide any other assistance the Director determines appropriate.</text> </paragraph></subsection><subsection id="H71F35B1E52D94B3CB492AA2DB8BFABE6"><enum>(b)</enum><header>Designation of jurisdictions</header><text>In carrying out the program under subsection (a), the Director shall designate jurisdictions from among high-risk urban areas under section 2003, and other cities and regions, as appropriate.</text>
 </subsection><subsection id="HABAD3DF6074446019F0B011A6B6858C4"><enum>(c)</enum><header>Congressional notification</header><text>The Director shall notify the Committee on Homeland Security and the Committee on Appropriations of the House of Representatives and the Committee on Homeland Security and Governmental Affairs and the Committee on Appropriations of the Senate not later than three days before the designation of new jurisdictions under subsection (b) or other changes to participating jurisdictions.</text>
						</subsection></section><after-quoted-block>.</after-quoted-block></quoted-block>
 </subsection><subsection commented="no" display-inline="no-display-inline" id="H455B72628CC04F68813E1CC52A33799C"><enum>(b)</enum><header>GAO report</header><text display-inline="yes-display-inline">Not later than one year after the date of the enactment of this Act, the Comptroller General of the United States shall submit to the Committee on Homeland Security and the Committee on Appropriations of the House of Representatives and the Committee on Homeland Security and Governmental Affairs and the Committee on Appropriations of the Senate an assessment, including an evaluation of the effectiveness, of the Securing the Cities program under section 1908 of the Homeland Security Act of 2002, as added by subsection (a) of this section.</text>
 </subsection><subsection id="H8495A9D769AD417E893DC45417FAC391"><enum>(c)</enum><header>Clerical amendment</header><text>The table of contents in section 1(b) of the Homeland Security Act of 2002 is amended by inserting after the item relating to section 1907 the following new item:</text>
				<quoted-block display-inline="no-display-inline" id="H2350A65C5D874AFEA8740AADC35B3BDD" style="OLC">
					<toc regeneration="no-regeneration">
						<toc-entry level="section">Sec. 1908. Securing the Cities program.</toc-entry></toc><after-quoted-block>.</after-quoted-block></quoted-block>
 </subsection></section><section id="HAFD76847F99A4BFBB207AD9ABBAEE254"><enum>3.</enum><header>Model exercises</header><text display-inline="no-display-inline">Not later than 120 days after the date of the enactment of this Act, the Director for Domestic Nuclear Detection of the Department of Homeland Security shall report to the Committee on Homeland Security and the Committee on Appropriations of the House of Representatives and the Committee on Homeland Security and Governmental Affairs and the Committee on Appropriations of the Senate on the feasibility of the Director developing model exercises to test the preparedness of jurisdictions participating in the Securing the Cities program under section 1908 of the Homeland Security Act of 2002 (as added by section 2 of this Act) in meeting the challenges that may be posed by a range of nuclear and radiological threats.</text>
 </section><section commented="no" id="H75803732870C47AD9E924DFC3C8A8AFA"><enum>4.</enum><header>No additional funds authorized</header><text display-inline="no-display-inline">No additional funds are authorized to carry out the requirements of this Act and the amendments made by this Act. Such requirements shall be carried out using amounts otherwise authorized.</text>
		</section></legis-body></bill>


