<?xml version="1.0"?>
<?xml-stylesheet type="text/xsl" href="billres.xsl"?>
<!DOCTYPE bill PUBLIC "-//US Congress//DTDs/bill.dtd//EN" "bill.dtd">
<bill bill-stage="Introduced-in-House" bill-type="olc" dms-id="HFE041584EC94493FB897BBF5F2099BD1" key="H" public-private="public">
	<metadata xmlns:dc="http://purl.org/dc/elements/1.1/">
<dublinCore>
<dc:title>115 HR 373 IH: Refusing to Assist Paying for United Nations Actions Against Israel Act</dc:title>
<dc:publisher>U.S. House of Representatives</dc:publisher>
<dc:date>2017-01-09</dc:date>
<dc:format>text/xml</dc:format>
<dc:language>EN</dc:language>
<dc:rights>Pursuant to Title 17 Section 105 of the United States Code, this file is not subject to copyright protection and is in the public domain.</dc:rights>
</dublinCore>
</metadata>
<form>
		<distribution-code display="yes">I</distribution-code>
		<congress>115th CONGRESS</congress>
		<session>1st Session</session>
		<legis-num>H. R. 373</legis-num>
		<current-chamber>IN THE HOUSE OF REPRESENTATIVES</current-chamber>
		<action>
			<action-date date="20170109">January 9, 2017</action-date>
			<action-desc><sponsor name-id="G000552">Mr. Gohmert</sponsor> introduced the following bill; which was referred to the <committee-name committee-id="HFA00">Committee on Foreign Affairs</committee-name></action-desc>
		</action>
		<legis-type>A BILL</legis-type>
		<official-title display="yes">To withhold United States assessed and voluntary contributions to the United Nations, and for other
			 purposes.</official-title>
	</form>
	<legis-body id="HB08ED512B314484ABB9625B1C9EE7414" style="OLC">
		<section id="HFAE6FBE3DCF84D94A90B7C8B66847AFB" section-type="section-one"><enum>1.</enum><header>Short title</header>
 <text display-inline="no-display-inline">This Act may be cited as the <quote><short-title>Refusing to Assist Paying for United Nations Actions Against Israel Act</short-title></quote>.</text> </section><section id="idAFB91855288649C9ADFECD03A092273C" section-type="subsequent-section"><enum>2.</enum><header>United States assessed and voluntary contributions to the United Nations</header><text display-inline="no-display-inline">No funds are authorized to be appropriated or otherwise made available for assessed or voluntary contributions of the United States to the United Nations or to any organ, specialized agency, commission, treaty or treaty body, or other affiliated body of the United Nations and the United Nations System, until such time as United Nations Security Council Resolution 2334, regarding Israel’s Settlements in the West Bank and East Jerusalem, is repealed in its entirety.</text>
 </section><section id="idE5CF0A42ADAB493C8E5A19A0447DD67E" section-type="subsequent-section"><enum>3.</enum><header>Interest on withheld payments</header><text display-inline="no-display-inline">No funds are authorized to be appropriated or otherwise made available to pay interest on assessed or voluntary contributions that are withheld under this Act.</text>
 </section><section id="id06F369D31A43457287332595A87481C3" section-type="subsequent-section"><enum>4.</enum><header>Notification</header><text display-inline="no-display-inline">Effective on the date of the enactment of this Act, the Secretary of State shall notify the United Nations of the provisions of this Act.</text></section></legis-body>
</bill>


