<?xml version="1.0"?>
<?xml-stylesheet type="text/xsl" href="billres.xsl"?>
<!DOCTYPE bill PUBLIC "-//US Congress//DTDs/bill.dtd//EN" "bill.dtd">
<bill bill-stage="Introduced-in-House" bill-type="olc" dms-id="HFE563A9E0E8A48B6B81CBE98E694E7BA" key="H" public-private="public"><metadata xmlns:dc="http://purl.org/dc/elements/1.1/">
<dublinCore>
<dc:title>115 HR 483 IH: No Funding for Sanctuary Campuses Act</dc:title>
<dc:publisher>U.S. House of Representatives</dc:publisher>
<dc:date>2017-01-12</dc:date>
<dc:format>text/xml</dc:format>
<dc:language>EN</dc:language>
<dc:rights>Pursuant to Title 17 Section 105 of the United States Code, this file is not subject to copyright protection and is in the public domain.</dc:rights>
</dublinCore>
</metadata>
<form>
<distribution-code display="yes">I</distribution-code><congress display="yes">115th CONGRESS</congress><session display="yes">1st Session</session><legis-num display="yes">H. R. 483</legis-num><current-chamber>IN THE HOUSE OF REPRESENTATIVES</current-chamber><action display="yes"><action-date date="20170112">January 12, 2017</action-date><action-desc><sponsor name-id="H001048">Mr. Hunter</sponsor> (for himself, <cosponsor name-id="B001269">Mr. Barletta</cosponsor>, <cosponsor name-id="M001177">Mr. McClintock</cosponsor>, <cosponsor name-id="L000578">Mr. LaMalfa</cosponsor>, <cosponsor name-id="A000372">Mr. Allen</cosponsor>, <cosponsor name-id="J000255">Mr. Jones</cosponsor>, <cosponsor name-id="R000409">Mr. Rohrabacher</cosponsor>, <cosponsor name-id="B001302">Mr. Biggs</cosponsor>, <cosponsor name-id="B001291">Mr. Babin</cosponsor>, <cosponsor name-id="G000552">Mr. Gohmert</cosponsor>, <cosponsor name-id="G000576">Mr. Grothman</cosponsor>, <cosponsor name-id="G000577">Mr. Graves of Louisiana</cosponsor>, <cosponsor name-id="C001096">Mr. Cramer</cosponsor>, and <cosponsor name-id="B001290">Mr. Brat</cosponsor>) introduced the following bill; which was referred to the <committee-name committee-id="HED00">Committee on Education and the Workforce</committee-name></action-desc></action><legis-type>A BILL</legis-type><official-title display="yes">To amend title IV of the Higher Education Act of 1965 to prohibit the provision of funds under such
			 title to institutions of higher education that violate the immigration
			 laws, and for other purposes.</official-title></form>
	<legis-body id="H5DE775F905F646BA9499F1D7FE34EFE3" style="OLC">
 <section id="H04A2542C05C34B3A9F98FE4F146961F8" section-type="section-one"><enum>1.</enum><header>Short title</header><text display-inline="no-display-inline">This Act may be cited as the <quote><short-title>No Funding for Sanctuary Campuses Act</short-title></quote>.</text> </section><section id="HC84F6C9F74D84E959DA80BD57A1DD050"><enum>2.</enum><header>Treatment of sanctuary campuses</header> <subsection id="HD6A42B01A6B94DE782449A563D6DD620"><enum>(a)</enum><header>In general</header><text display-inline="yes-display-inline">Part G of title IV of the Higher Education Act of 1965 (<external-xref legal-doc="usc" parsable-cite="usc/20/1088">20 U.S.C. 1088</external-xref> et seq.) is amended by adding at the end the following:</text>
				<quoted-block display-inline="no-display-inline" id="HE6D9458E2D144430858D6B5B6B06100E" style="OLC">
					<section id="H8B3B0506C91E413D8E564D917456BA47"><enum>493E.</enum><header>Treatment of sanctuary campuses</header>
						<subsection id="H5CB59729681447129F4819AED55CA6B8"><enum>(a)</enum><header>Definition</header>
 <paragraph id="H7C4B5BB0447C4B9A925C394D5E6AF006"><enum>(1)</enum><header>In general</header><text display-inline="yes-display-inline">For purposes of this section, the term <quote>sanctuary campus</quote> means any institution of higher education (as defined in section 102) that—</text> <subparagraph id="H0F09D91F6B924BEC8F72FBAE1AA75D05"><enum>(A)</enum><text display-inline="yes-display-inline">has in effect an ordinance, policy, or practice that prohibits or restricts any institutional entity, official, or personnel from—</text>
 <clause id="HEB3A492EF5FA42848A3127333475032B"><enum>(i)</enum><text display-inline="yes-display-inline">sending, receiving, maintaining, or exchanging with any Federal, State, or local government entity information regarding the citizenship or immigration status (lawful or unlawful) of any individual;</text>
 </clause><clause id="H7B47D870B2744C61B76DDE6A06965740"><enum>(ii)</enum><text display-inline="yes-display-inline">complying with a request lawfully made by the Secretary of Homeland Security under section 236 or 287 of the Immigration and Nationality Act (<external-xref legal-doc="usc" parsable-cite="usc/8/1226">8 U.S.C. 1226</external-xref> or 1357) to comply with a detainer for, or notify about the release of, an individual; or</text>
 </clause><clause id="H0A3CD0191A2942A1A80856C5039B2D24"><enum>(iii)</enum><text display-inline="yes-display-inline">otherwise complying with section 642 of the Illegal Immigration Reform and Immigrant Responsibility Act of 1996 (<external-xref legal-doc="usc" parsable-cite="usc/8/1373">8 U.S.C. 1373</external-xref>);</text>
 </clause></subparagraph><subparagraph id="H96A4BAE28E974038A2E76315FEE392BD"><enum>(B)</enum><text>brings in, or harbors, an alien in violation of section 274(a)(1)(A) of the Immigration and Nationality Act (<external-xref legal-doc="usc" parsable-cite="usc/8/1324">8 U.S.C. 1324(a)(1)(A)</external-xref>);</text>
 </subparagraph><subparagraph id="HA5ECBD64888B4E85ABD0E647A097DD05"><enum>(C)</enum><text display-inline="yes-display-inline">renders an alien who lacks a lawful immigration status in the United States eligible for any postsecondary education benefit provided on the basis of residence within a State (or a political subdivision of a State) to the same extent as a citizen or national of the United States is eligible for such benefit; or</text>
 </subparagraph><subparagraph id="H07534192DBAE457884B15773FC966B41"><enum>(D)</enum><text display-inline="yes-display-inline">has in effect a policy or practice that either prohibits, or in effect prevents, the Secretary of Homeland Security from gaining access to campuses or access to students (who are 17 years of age or older) on campuses, for purposes of Department of Homeland Security recruiting in a manner that is at least equal in quality and scope to the access to campuses and to students that is provided to any other employer.</text>
 </subparagraph></paragraph><paragraph id="H9BB78B2E69B24441860909053FB6A136"><enum>(2)</enum><header>Exceptions</header><text display-inline="yes-display-inline">An institution of higher education shall not be considered a sanctuary campus for purposes of this section based solely on the institution having a policy under which its officials, with respect to an individual who comes forward as a victim or a witness to a criminal offense, will not—</text>
 <subparagraph id="H6186AAC5CC894B9989A3CA3FE0E39757"><enum>(A)</enum><text display-inline="yes-display-inline">send, receive, maintain, or exchange with any Federal, State, or local government entity information regarding the citizenship or immigration status (lawful or unlawful) of the individual; or</text>
 </subparagraph><subparagraph id="H00423C0F83234E0B96451B992F41DECA"><enum>(B)</enum><text display-inline="yes-display-inline">comply with a request made by the Secretary of Homeland Security under section 236 or 287 of the Immigration and Nationality Act (<external-xref legal-doc="usc" parsable-cite="usc/8/1226">8 U.S.C. 1226</external-xref> or 1357) to comply with a detainer for, or notify about the release of, the individual.</text>
 </subparagraph></paragraph></subsection><subsection id="H87F7443CC5634404966B16F8A3154338"><enum>(b)</enum><header>Determination by Secretary of Homeland Security</header><text display-inline="yes-display-inline">Whenever the Secretary of Homeland Security makes a determination that an institution of higher education is a sanctuary campus, the Secretary—</text>
 <paragraph id="H287121C6E89444C5B1619C2E3F1756F0"><enum>(1)</enum><text>shall transmit a notice of the determination to the Secretary of Education; and</text> </paragraph><paragraph id="H42F80C266F824CB8AC4F095D10E3174B"><enum>(2)</enum><text display-inline="yes-display-inline">shall publish in the Federal Register a notice of the determination and the effect of the determination on the eligibility of the institution for funding under this title.</text>
 </paragraph></subsection><subsection id="H0F582DD86FCC4B03BA98DBFA4065D1B9"><enum>(c)</enum><header>Effect of determination</header><text>An institution determined under subsection (b) to be a sanctuary campus is ineligible to receive funds under this title.</text>
 </subsection><subsection id="H7AA8CBA2538644B4BAC889176567CDE5"><enum>(d)</enum><header>Sense of Congress</header><text display-inline="yes-display-inline">It is the sense of the Congress that providing the public benefit of in-State tuition to an alien who lacks lawful immigration status in the United States creates an incentive for illegal immigration and encourages and induces aliens to come to, enter, or reside in the United States, as described in section 274(a)(1)(A)(iv) of the Immigration and Nationality Act (<external-xref legal-doc="usc" parsable-cite="usc/8/1324">8 U.S.C. 1324(a)(1)(A)(iv)</external-xref>).</text></subsection></section><after-quoted-block>.</after-quoted-block></quoted-block>
 </subsection><subsection id="H2CDF8FC90A0346E5B7D815D47DE6CD27"><enum>(b)</enum><header>Effective date</header><text display-inline="yes-display-inline">The amendment made by subsection (a) shall take effect on the date that is 90 days after the date of the enactment of this Act.</text>
			</subsection></section></legis-body></bill>


