<?xml version="1.0"?>
<?xml-stylesheet type="text/xsl" href="billres.xsl"?>
<!DOCTYPE bill PUBLIC "-//US Congress//DTDs/bill.dtd//EN" "bill.dtd">
<bill bill-stage="Introduced-in-House" bill-type="olc" dms-id="H3579F861830C45DAA6250F4DE8867562" key="H" public-private="public"><metadata xmlns:dc="http://purl.org/dc/elements/1.1/">
<dublinCore>
<dc:title>115 HR 473 IH: Military Land and National Defense Act</dc:title>
<dc:publisher>U.S. House of Representatives</dc:publisher>
<dc:date>2017-01-12</dc:date>
<dc:format>text/xml</dc:format>
<dc:language>EN</dc:language>
<dc:rights>Pursuant to Title 17 Section 105 of the United States Code, this file is not subject to copyright protection and is in the public domain.</dc:rights>
</dublinCore>
</metadata>
<form>
<distribution-code display="yes">I</distribution-code><congress display="yes">115th CONGRESS</congress><session display="yes">1st Session</session><legis-num display="yes">H. R. 473</legis-num><current-chamber>IN THE HOUSE OF REPRESENTATIVES</current-chamber><action display="yes"><action-date date="20170112">January 12, 2017</action-date><action-desc><sponsor name-id="I000056">Mr. Issa</sponsor> (for himself and <cosponsor name-id="C001077">Mr. Coffman</cosponsor>) introduced the following bill; which was referred to the <committee-name committee-id="HII00">Committee on Natural Resources</committee-name></action-desc></action><legis-type>A BILL</legis-type><official-title display="yes">To amend title 54, United States Code, to provide that if the head of the agency managing Federal
			 property objects to the inclusion of certain property on the National
			 Register or its designation as a National Historic Landmark for reasons of
			 national security, the Federal property shall be neither included nor
			 designated until the objection is withdrawn, and for other purposes.</official-title></form>
	<legis-body id="H859F47EB38394E57A4BC9B7C282D5812" style="OLC">
 <section id="HB2463C0A86CE42AD973EF7FF9A5F3A52" section-type="section-one"><enum>1.</enum><header>Short title</header><text display-inline="no-display-inline">This Act may be cited as the <quote><short-title>Military Land and National Defense Act</short-title></quote> or the <quote><short-title>Military LAND Act</short-title></quote>.</text> </section><section id="H99800F74668945E78AD57D7A7C56F3E6"><enum>2.</enum><header>Amendments</header><text display-inline="no-display-inline"><external-xref legal-doc="usc-chapter" parsable-cite="usc-chapter/54/3021">Chapter 3021</external-xref> of title 54, United States Code, is amended as follows:</text>
 <paragraph id="H12D9E4E6142A4A6F8FB4C2EEB6D9F2B4"><enum>(1)</enum><text>In section 302103(2)—</text> <subparagraph id="H614A7FF90E114E848C575806049C5EB5"><enum>(A)</enum><text>in subparagraph (E), by striking <quote>; and</quote> and inserting a semicolon;</text>
 </subparagraph><subparagraph id="H169A66FC80064578A4FC1CF06C6BA8CF"><enum>(B)</enum><text>in subparagraph (F), by striking the period and inserting <quote>; and</quote>; and</text> </subparagraph><subparagraph id="H9D2DF0097CA949038D47007D93F5B79B"><enum>(C)</enum><text>by adding at the end the following:</text>
					<quoted-block id="HF408E474AE5948108B9D6284F031997B" style="OLC">
 <subparagraph id="H8C9628ECCC514BF69BE893464647DE9A"><enum>(G)</enum><text>notifying the Committee on Natural Resources of the United States House of Representatives and the Committee on Energy and Natural Resources of the Senate if the property is owned by the Federal Government when the property is being considered for inclusion on the National Register, for designation as a National Historic Landmark, or for nomination to the World Heritage List.</text></subparagraph><after-quoted-block>.</after-quoted-block></quoted-block>
 </subparagraph></paragraph><paragraph id="H248E4307E399450F90E3794AEFA54A3F"><enum>(2)</enum><text>In section 302107—</text> <subparagraph id="HE904C008DE82414EA54B94CB549F8F5F"><enum>(A)</enum><text>in paragraph (2), by striking <quote>and</quote> at the end;</text>
 </subparagraph><subparagraph id="H424D7EB8012D49F18C70F199EAB483AA"><enum>(B)</enum><text>in paragraph (3), by striking the period and inserting <quote>; and</quote>; and</text> </subparagraph><subparagraph id="HA5CE19031C734EBBB947332854C59D9C"><enum>(C)</enum><text display-inline="yes-display-inline">by adding at the end the following:</text>
					<quoted-block display-inline="no-display-inline" id="H06C610A4C4AF401F9D100CACAD30A1D7" style="OLC">
 <paragraph id="H7ABAAFA50ED84A5296B39FA67FC36964"><enum>(4)</enum><text display-inline="yes-display-inline">to allow for expedited removal of Federal property listed on the National Register of Historic Places if the managing agency of that Federal property submits to the Secretary a written request to remove the Federal property from the National Register of Historic Places for reasons of national security, such as any impact the inclusion or designation would have on use of the property for military training or readiness purposes.</text></paragraph><after-quoted-block>.</after-quoted-block></quoted-block>
 </subparagraph></paragraph><paragraph id="H9AAB2525E70A4A298EA07BF52DB33673"><enum>(3)</enum><text>By adding at the end the following:</text> <quoted-block display-inline="no-display-inline" id="HB86A2467EC5540CFABA31197F333DE90" style="USC"> <section id="H78EEF94ADE904E4C9121D8C4BA6110F3"><enum>302108.</enum><header>Objection by head of agency</header><text display-inline="no-display-inline">If the head of the agency managing any Federal property objects to such inclusion or designation for reasons of national security, such as any impact the inclusion or designation would have on use of the property for military training or readiness purposes, that Federal property shall be neither included on the National Register nor designated as a National Historic Landmark until the objection is withdrawn.</text></section><after-quoted-block>.</after-quoted-block></quoted-block>
 </paragraph><paragraph id="H19A9A2C8D50C4C3E90AE9BFA07656B18"><enum>(4)</enum><text>In the table of sections, by adding at the end the following:</text> <quoted-block display-inline="no-display-inline" id="H62A69CBA0D1B4F0A90A072A354E34127" style="USC"> <toc regeneration="no-regeneration"> <toc-entry level="section">302108. Objection by head of agency.</toc-entry></toc><after-quoted-block>.</after-quoted-block></quoted-block> </paragraph></section></legis-body></bill> 

