<?xml version="1.0"?>
<?xml-stylesheet type="text/xsl" href="billres.xsl"?>
<!DOCTYPE bill PUBLIC "-//US Congress//DTDs/bill.dtd//EN" "bill.dtd">
<bill bill-stage="Introduced-in-House" bill-type="olc" dms-id="H350349529FAE4C079697319DF40FC65F" key="H" public-private="public"><metadata xmlns:dc="http://purl.org/dc/elements/1.1/">
<dublinCore>
<dc:title>115 HR 197 IH: To authorize an additional district judgeship for the district of Idaho.</dc:title>
<dc:publisher>U.S. House of Representatives</dc:publisher>
<dc:date>2017-01-03</dc:date>
<dc:format>text/xml</dc:format>
<dc:language>EN</dc:language>
<dc:rights>Pursuant to Title 17 Section 105 of the United States Code, this file is not subject to copyright protection and is in the public domain.</dc:rights>
</dublinCore>
</metadata>
<form>
<distribution-code display="yes">I</distribution-code><congress display="yes">115th CONGRESS</congress><session display="yes">1st Session</session><legis-num display="yes">H. R. 197</legis-num><current-chamber>IN THE HOUSE OF REPRESENTATIVES</current-chamber><action display="yes"><action-date date="20170103">January 3, 2017</action-date><action-desc><sponsor name-id="S001148">Mr. Simpson</sponsor> introduced the following bill; which was referred to the <committee-name committee-id="HJU00">Committee on the Judiciary</committee-name></action-desc></action><legis-type>A BILL</legis-type><official-title display="yes">To authorize an additional district judgeship for the district of Idaho.</official-title></form>
	<legis-body id="H15CDD3F1BC5A47E191044973DF8F6208" style="OLC">
		<section id="HFC9DCAA426E74AE1BBF45213FA9209AC" section-type="section-one"><enum>1.</enum><header>District judgeship for the district of Idaho</header>
 <subsection id="H83F1B77D39C448F780AFD39FCF4D7CE5"><enum>(a)</enum><header>In general</header><text>The President shall appoint, by and with the advice and consent of the Senate, 1 additional district judge for the district of Idaho.</text>
 </subsection><subsection id="H4384C032AFDA4C6FB0B706FC0F314E77"><enum>(b)</enum><header>Technical and conforming amendment</header><text>In order that the table contained in section 133(a) of title 28, United States Code, will reflect the change in the number of judgeships authorized by subsection (a), such table is amended by striking the item relating to Idaho and inserting the following:</text>
				<quoted-block display-inline="no-display-inline" id="H8E92D74641F148A9A2C39BB20E12E307" style="OLC">
					<table align-to-level="section" blank-lines-before="1" colsep="0" frame="none" line-rules="no-gen" rowsep="0" rule-weights="0.0.0.0.0.0" table-template-name="Generic: 1 text, 1 num" table-type=""><tgroup cols="2" grid-typeface="1.1" rowsep="0" thead-tbody-ldg-size="10.10.12"><colspec coldef="txt" colname="column1" colwidth="269pts" min-data-value="200"></colspec><colspec coldef="fig" colname="column2" colwidth="56pts" min-data-value="10"></colspec><tbody><row><entry align="left" colname="column1" leader-modify="force-ldr" stub-definition="txt-ldr" stub-hierarchy="1">Idaho</entry><entry align="right" colname="column2" leader-modify="clr-ldr" rowsep="0">3</entry></row></tbody></tgroup></table><after-quoted-block>.</after-quoted-block></quoted-block>
			</subsection></section></legis-body></bill>


