<?xml version="1.0"?>
<?xml-stylesheet type="text/xsl" href="billres.xsl"?>
<!DOCTYPE bill PUBLIC "-//US Congress//DTDs/bill.dtd//EN" "bill.dtd">
<bill bill-stage="Introduced-in-House" bill-type="olc" dms-id="H2D5C7202D30E40B9960B529DFE0CC480" key="H" public-private="public"><metadata xmlns:dc="http://purl.org/dc/elements/1.1/">
<dublinCore>
<dc:title>115 HR 322 IH: EPIC Act</dc:title>
<dc:publisher>U.S. House of Representatives</dc:publisher>
<dc:date>2017-01-05</dc:date>
<dc:format>text/xml</dc:format>
<dc:language>EN</dc:language>
<dc:rights>Pursuant to Title 17 Section 105 of the United States Code, this file is not subject to copyright protection and is in the public domain.</dc:rights>
</dublinCore>
</metadata>
<form>
<distribution-code display="yes">I</distribution-code><congress display="yes">115th CONGRESS</congress><session display="yes">1st Session</session><legis-num display="yes">H. R. 322</legis-num><current-chamber>IN THE HOUSE OF REPRESENTATIVES</current-chamber><action display="yes"><action-date date="20170105">January 5, 2017</action-date><action-desc><sponsor name-id="D000621">Mr. DeSantis</sponsor> (for himself, <cosponsor name-id="F000450">Ms. Foxx</cosponsor>, <cosponsor name-id="M001184">Mr. Massie</cosponsor>, <cosponsor name-id="P000601">Mr. Palazzo</cosponsor>, and <cosponsor name-id="B001294">Mr. Blum</cosponsor>) introduced the following bill; which was referred to the <committee-name committee-id="HHA00">Committee on House Administration</committee-name>, and in addition to the Committee on <committee-name committee-id="HGO00">Oversight and Government Reform</committee-name>, for a period to be subsequently determined by the Speaker, in each case for consideration of such
			 provisions as fall within the jurisdiction of the committee concerned</action-desc></action><legis-type>A BILL</legis-type><official-title display="yes">To amend title 5, United States Code, to provide for the termination of certain retirement benefits
			 for Members of Congress, except the right to continue participating in the
			 Thrift Savings Plan, and for other purposes.</official-title></form>
	<legis-body id="H940572ABC7FC488C8609EA70351CC161" style="OLC">
 <section id="H10D71DD40188440CBFCF1E6C29431E44" section-type="section-one"><enum>1.</enum><header>Short title</header><text display-inline="no-display-inline">This Act may be cited as the <quote><short-title>End Pensions in Congress Act</short-title></quote> or the <quote>EPIC Act</quote>.</text> </section><section display-inline="no-display-inline" id="HF4BD3E18D8894D639261E6AB0F1CCCDE"><enum>2.</enum><header>Amendments relating to the Civil Service Retirement System</header> <subsection id="H17C93CE9D176409C8D040D0485D83F35"><enum>(a)</enum><header>In general</header><text>Subchapter III of <external-xref legal-doc="usc-chapter" parsable-cite="usc-chapter/5/83">chapter 83</external-xref> of title 5, United States Code, is amended by inserting after <external-xref legal-doc="usc" parsable-cite="usc/5/8335">section 8335</external-xref> the following:</text>
				<quoted-block display-inline="no-display-inline" id="H26C222421BE1434394F19026EA609760" style="USC">
					<section id="H976DC1A75579471D8B0CED25269A492D"><enum>8335a.</enum><header>Termination of further retirement coverage of Members of Congress</header>
 <subsection id="H6DA972B385414D4996452ADF0D9B55E5"><enum>(a)</enum><header>In general</header><text display-inline="yes-display-inline">Notwithstanding any other provision of this subchapter and subject to subsection (f), effective as of the date of enactment of this section—</text>
 <paragraph id="H83E166D4E9CB49E88528CC42DA686530"><enum>(1)</enum><text>a Member shall not be subject to this subchapter for any further period of time; and</text> </paragraph><paragraph id="HFC0A1336259C412D9DF460576DEE6011"><enum>(2)</enum><text>no further Government contributions or deductions from basic pay may be made with respect to such Member for deposit in the Treasury of the United States to the credit of the Fund.</text>
 </paragraph></subsection><subsection display-inline="no-display-inline" id="HCC43E8F8824641DDA527573FCF749597"><enum>(b)</enum><header>Prior rights not affected</header><text>Nothing in subsection (a) shall be considered to nullify, modify, or otherwise affect any right, entitlement, or benefit under this subchapter with respect to any Member covering any period prior to the date of enactment of this section.</text>
 </subsection><subsection id="HDEC267A82D9F42D0B6D7FBBF7588C9A9"><enum>(c)</enum><header>Right To participate in Thrift Savings Plan not affected</header><text>Nothing in subsection (a) shall affect the eligibility of a Member to participate in the Thrift Savings Plan in accordance with otherwise applicable provisions of law.</text>
 </subsection><subsection id="HB9A89CFEE7974251A581873F7098EFF1"><enum>(d)</enum><header>Regulations</header><text>Any regulations necessary to carry out this section may—</text> <paragraph id="HC71EAF3FEFA04BAFB05D197CD74E7991"><enum>(1)</enum><text>except with respect to matters under paragraph (2), be prescribed by the Director of the Office of Personnel Management; and</text>
 </paragraph><paragraph id="H27FBD8375E4E4D75A76992458D86C07B"><enum>(2)</enum><text>with respect to matters relating to the Thrift Savings Plan, be prescribed by the Executive Director (as defined by section 8401(13)).</text>
 </paragraph></subsection><subsection id="H87E33B22D2434BDAA9D1B8C2FCAA7EDC"><enum>(e)</enum><header>Exclusion</header><text>For purposes of this section, the term <term>Member</term> does not include the Vice President.</text> </subsection><subsection commented="no" id="HEA780E76ACE14D96B67F5F981AFD1235"><enum>(f)</enum><header>Opt-In</header><text display-inline="yes-display-inline">Not later than 90 days after the date of enactment of this section, a Member covered by this subchapter as of such date of enactment may elect, by giving notice in writing to the official by whom such Member is paid, to remain subject to this subchapter.</text></subsection></section><after-quoted-block>.</after-quoted-block></quoted-block>
 </subsection><subsection id="HC67AFF068ED84AAC996C35EA562E284B"><enum>(b)</enum><header>Clerical amendment</header><text>The table of sections at the beginning of <external-xref legal-doc="usc-chapter" parsable-cite="usc-chapter/5/83">chapter 83</external-xref> of title 5, United States Code, is amended by inserting after the item relating to <external-xref legal-doc="usc" parsable-cite="usc/5/8335">section 8335</external-xref> the following:</text>
				<quoted-block id="H135641E423E24462B4AE45C9B523C98A" style="OLC">
					<toc regeneration="no-regeneration">
						<toc-entry level="section">8335a. Termination of further retirement coverage of Members of Congress.</toc-entry></toc><after-quoted-block>.</after-quoted-block></quoted-block>
			</subsection></section><section id="H18FEC9546C4B476F8AAB92A1FDCBDCA1"><enum>3.</enum><header>Amendments relating to the Federal Employees Retirement System</header>
 <subsection id="HA0CDB03544E34F4DAF53F200D8E15284"><enum>(a)</enum><header>In general</header><text>Subchapter II of <external-xref legal-doc="usc-chapter" parsable-cite="usc-chapter/5/84">chapter 84</external-xref> of title 5, United States Code, is amended by inserting after <external-xref legal-doc="usc" parsable-cite="usc/5/8425">section 8425</external-xref> the following:</text>
				<quoted-block display-inline="no-display-inline" id="H5DCA7DA326E14570A03450E30CA19257" style="USC">
					<section id="HFC361219077742F19E327227A22A017F"><enum>8425a.</enum><header>Termination of further retirement coverage of Members of Congress</header>
 <subsection id="H0502EE77FF684103AE570D69C182A564"><enum>(a)</enum><header>In general</header><text display-inline="yes-display-inline">Notwithstanding any other provision of this chapter, effective as of the date of enactment of this section—</text>
 <paragraph id="H9C03B66023394CF79DC1A93D2346C04C"><enum>(1)</enum><text>subject to subsection (f), in the case of an individual who first becomes a Member before such date of enactment—</text>
 <subparagraph id="H6B59ED843CCC4E4E8CC426CB9BE4858D"><enum>(A)</enum><text display-inline="yes-display-inline">such Member shall not be subject to this chapter for any further period of time after such date of enactment; and</text>
 </subparagraph><subparagraph id="HABEB636099A246F3B64DF305D65AA8B7"><enum>(B)</enum><text>no further Government contributions or deductions from basic pay may be made with respect to such Member for deposit in the Treasury of the United States to the credit of the Fund; and</text>
 </subparagraph></paragraph><paragraph id="HDAD819C35F70476A8D3976CAEA6F316D"><enum>(2)</enum><text>in the case of an individual who first becomes a Member on or after such date of enactment—</text> <subparagraph id="H47A58FA834E24AF79ECE8E8898D38AD7"><enum>(A)</enum><text>such Member shall not be subject to this chapter; and</text>
 </subparagraph><subparagraph id="HDE057331D0C64537BD0A3EF3BB8D6F2D"><enum>(B)</enum><text>no Government contributions or deductions from basic pay may be made with respect to such Member for deposit in the Treasury of the United States to the credit of the Fund.</text>
 </subparagraph></paragraph></subsection><subsection display-inline="no-display-inline" id="HB417DA97627940BF9318102927A0FEC1"><enum>(b)</enum><header>Prior rights not affected</header><text>Nothing in subsection (a) shall be considered to nullify, modify, or otherwise affect any right, entitlement, or benefit under this chapter with respect to any Member covering any period prior to the date of enactment of this section.</text>
 </subsection><subsection id="HFF9646DA08404FADB1FB98B7B868A1D7"><enum>(c)</enum><header>Right To participate in Thrift Savings Plan not affected</header><text>Nothing in subsection (a) or (b) shall affect the eligibility of a Member to participate in the Thrift Savings Plan in accordance with otherwise applicable provisions of law.</text>
						</subsection><subsection id="H99385B855B2B42B9BA134D40C14870EB"><enum>(d)</enum><header>Regulations</header>
 <paragraph id="HC8506F0F5B414DBEAA74320F5D18B54A"><enum>(1)</enum><header>In general</header><text>Any regulations necessary to carry out this section may—</text> <subparagraph id="HBE42CDC904E045D99895B20F31DCD257"><enum>(A)</enum><text>except with respect to matters under subparagraph (B), be prescribed by the Director of the Office of Personnel Management; and</text>
 </subparagraph><subparagraph id="HE1AABF065BC1453CAAF5E143A73BE75B"><enum>(B)</enum><text>with respect to matters relating to the Thrift Savings Plan, be prescribed by the Executive Director (as defined by section 8401(13)).</text>
 </subparagraph></paragraph><paragraph id="HFC49E091E7D040BD9378158072208B0F"><enum>(2)</enum><header>Refunds</header><text>Notwithstanding subsection (b), the regulations under paragraph (1)(A) shall, in the case of a Member who has not completed at least 5 years of civilian service as of the date of enactment of this section, provide that the lump-sum credit shall be payable to such Member to the same extent and in the same manner as if such Member satisfied paragraphs (1) through (4) of section 8424(a) as of such date of enactment.</text>
 </paragraph></subsection><subsection id="H6BF6326643C041B38B7720734F4E0F8D"><enum>(e)</enum><header>Exclusions</header><text display-inline="yes-display-inline">For purposes of this section, the term <term>Member</term> does not include the Vice President.</text> </subsection><subsection commented="no" id="H0B61AAC701CC4B58A884E10C15C74F16"><enum>(f)</enum><header>Opt-In for Members</header><text display-inline="yes-display-inline">Not later than 90 days after the date of enactment of this section, a Member covered by this chapter as of such date may elect, by giving notice in writing to the official by whom such Member is paid, to remain subject to this chapter.</text></subsection></section><after-quoted-block>.</after-quoted-block></quoted-block>
 </subsection><subsection id="HEB3139D69F314040AAE23535E925E373"><enum>(b)</enum><header>Clerical amendment</header><text>The table of sections at the beginning of <external-xref legal-doc="usc-chapter" parsable-cite="usc-chapter/5/84">chapter 84</external-xref> of title 5, United States Code, is amended by inserting after the item relating to <external-xref legal-doc="usc" parsable-cite="usc/5/8425">section 8425</external-xref> the following:</text>
				<quoted-block id="HA9BFA8416E7F45D7B06AF510776060AB" style="OLC">
					<toc regeneration="no-regeneration">
						<toc-entry level="section">8425a. Termination of further retirement coverage of Members of Congress.</toc-entry></toc><after-quoted-block>.</after-quoted-block></quoted-block>
			</subsection></section></legis-body></bill>


