<?xml version="1.0"?>
<?xml-stylesheet type="text/xsl" href="billres.xsl"?>
<!DOCTYPE bill PUBLIC "-//US Congress//DTDs/bill.dtd//EN" "bill.dtd">
<bill bill-stage="Introduced-in-House" bill-type="olc" dms-id="HE904A62BFACB4161962D7A8AE9E61C4C" key="H" public-private="public"><metadata xmlns:dc="http://purl.org/dc/elements/1.1/">
<dublinCore>
<dc:title>115 HR 249 IH: Defunding United Nations Act of 2017</dc:title>
<dc:publisher>U.S. House of Representatives</dc:publisher>
<dc:date>2017-01-04</dc:date>
<dc:format>text/xml</dc:format>
<dc:language>EN</dc:language>
<dc:rights>Pursuant to Title 17 Section 105 of the United States Code, this file is not subject to copyright protection and is in the public domain.</dc:rights>
</dublinCore>
</metadata>
<form>
<distribution-code display="yes">I</distribution-code><congress display="yes">115th CONGRESS</congress><session display="yes">1st Session</session><legis-num display="yes">H. R. 249</legis-num><current-chamber>IN THE HOUSE OF REPRESENTATIVES</current-chamber><action display="yes"><action-date date="20170104">January 4, 2017</action-date><action-desc><sponsor name-id="B001291">Mr. Babin</sponsor> introduced the following bill; which was referred to the <committee-name committee-id="HFA00">Committee on Foreign Affairs</committee-name></action-desc></action><legis-type>A BILL</legis-type><official-title display="yes">To prohibit United States voluntary contributions to the regular budget of the United Nations or
			 any United Nations agency, and for other purposes.</official-title></form>
	<legis-body id="H693C2B69FBF44F628F9918EF7DA5057F" style="OLC">
 <section id="H72561F8A2A634BC6BF5B939A5AD3B980" section-type="section-one"><enum>1.</enum><header>Short title</header><text display-inline="no-display-inline">This Act may be cited as the <quote><short-title>Defunding United Nations Act of 2017</short-title></quote>.</text> </section><section id="H9ACD6044CE0C400CA736567154416ED0"><enum>2.</enum><header>Prohibition on United States voluntary contributions to the United Nations and United Nations agencies</header> <subsection id="H00133D63D95D4609BE55C581FB2F154F"><enum>(a)</enum><header>In general</header><text>No funds made available to any Federal department or agency may be used to make United States voluntary contributions to the regular budget of the United Nations or any United Nations agency.</text>
 </subsection><subsection id="H4C3ACB5C862E48EB8FBCDDB04DB4DD80"><enum>(b)</enum><header>Effective date</header><text>Subsection (a) applies with respect to funds made available for fiscal year 2017 and subsequent fiscal years.</text>
			</subsection></section></legis-body></bill>


