<?xml version="1.0"?>
<?xml-stylesheet type="text/xsl" href="billres.xsl"?>
<!DOCTYPE bill PUBLIC "-//US Congress//DTDs/bill.dtd//EN" "bill.dtd">
<bill bill-stage="Referred-in-Senate" bill-type="olc" dms-id="H7AAEAB5B458F4694888AA3D2DF8EB25C" key="H" public-private="public" stage-count="1">
	<metadata xmlns:dc="http://purl.org/dc/elements/1.1/">
<dublinCore>
<dc:title>115 HR 309 : National Clinical Care Commission Act</dc:title>
<dc:publisher>U.S. House of Representatives</dc:publisher>
<dc:date>2017-01-10</dc:date>
<dc:format>text/xml</dc:format>
<dc:language>EN</dc:language>
<dc:rights>Pursuant to Title 17 Section 105 of the United States Code, this file is not subject to copyright protection and is in the public domain.</dc:rights>
</dublinCore>
</metadata>
<form>
		<distribution-code display="yes">IIB</distribution-code>
		<congress display="yes">115th CONGRESS</congress><session display="yes">1st Session</session>
		<legis-num display="yes">H. R. 309</legis-num>
		<current-chamber display="yes">IN THE SENATE OF THE UNITED STATES</current-chamber>
		<action><action-date date="20170110">January 10, 2017</action-date><action-desc> Received; read twice and referred to the <committee-name committee-id="SSHR00">Committee on Health, Education, Labor, and Pensions</committee-name></action-desc></action><legis-type>AN ACT</legis-type>
		<official-title display="yes">To amend the Public Health Service Act to foster more effective implementation and coordination of
			 clinical care for people with a complex metabolic or autoimmune disease, a
			 disease resulting from insulin deficiency or insulin resistance, or
			 complications caused by such a disease, and for other purposes.</official-title>
	</form>
	<legis-body id="H068553BBD26F4076BF59364638A11EE2" style="OLC"><pagebreak></pagebreak>
 <section id="HE0FFF9FA71944025924EE3CC17B2FF91" section-type="section-one"><enum>1.</enum><header>Short title</header><text display-inline="no-display-inline">This Act may be cited as the <quote><short-title>National Clinical Care Commission Act</short-title></quote>.</text> </section><section id="H48CB2846F1D2436BB4554E8070A70AE8"><enum>2.</enum><header>Establishment of a national clinical care commission</header><text display-inline="no-display-inline">Part P of title III of the Public Health Service Act (<external-xref legal-doc="usc" parsable-cite="usc/42/280g">42 U.S.C. 280g et seq.</external-xref>) is amended by adding at the end the following new section:</text>
			<quoted-block id="HF9E6DC372E74413BBD0A518F64DBA23F" style="OLC">
				<section id="H795927B2A1334BA1858DBBC2E9C600A7"><enum>399V–7.</enum><header>National clinical care commission</header>
 <subsection id="HACB38EBDDF094BD69BC457037961EA46"><enum>(a)</enum><header>Establishment</header><text>There is hereby established, within the Department of Health and Human Services, a National Clinical Care Commission (in this section referred to as the <quote>Commission</quote>) to evaluate, and recommend solutions regarding better coordination and leveraging of, programs within the Department and other Federal agencies that relate in any way to supporting appropriate clinical care (such as any interactions between physicians and other health care providers and their patients related to treatment and care management) for individuals with—</text>
 <paragraph id="H88D9F762D38B4297B288D18306551F33"><enum>(1)</enum><text>one or more complex metabolic or autoimmune diseases;</text> </paragraph><paragraph id="H5ACDF36E33DF4A96ACCB90D0966544B2"><enum>(2)</enum><text>one or more diseases resulting from insulin deficiency or insulin resistance; or</text>
 </paragraph><paragraph id="H4FA47A5FD5104A55967961124F309106"><enum>(3)</enum><text>complications caused by one or more of any of such diseases.</text> </paragraph></subsection><subsection id="H08FAA6D308184799A0DB05FFDEA1B40A"><enum>(b)</enum><header>Membership</header> <paragraph id="HE6BBD1E8746A43E4BDAFCE52B883A0A7"><enum>(1)</enum><header>In general</header><text>The Commission shall be composed of the following voting members:</text>
 <subparagraph id="HAF377ECEF89C4EF09F1914D9B95695AC"><enum>(A)</enum><text>The heads (or their designees) of the following Federal agencies and departments:</text> <clause id="HEC0A44D7A986472D92961E8C4BD8B79F"><enum>(i)</enum><text>The Centers for Medicare &amp; Medicaid Services.</text>
 </clause><clause id="H26D18C1A0F6241F68C201A91DEC8B05A"><enum>(ii)</enum><text>The Agency for Healthcare Research and Quality.</text> </clause><clause id="H7E2E971693574B4A8ABDDE668D58B0FD"><enum>(iii)</enum><text>The Centers for Disease Control and Prevention.</text>
 </clause><clause id="H78062835AEB6459EA6B8BE1A443068DF"><enum>(iv)</enum><text>The Indian Health Service.</text> </clause><clause id="H076C69D2A89444C38FAD5AD889CAC994"><enum>(v)</enum><text>The Department of Veterans Affairs.</text>
 </clause><clause id="HAD8E9A2F11CE4CE5839E4B9AE69C851A"><enum>(vi)</enum><text>The National Institutes of Health.</text> </clause><clause id="HA88F2C1B1E0647EB8E16B4573688D9F0"><enum>(vii)</enum><text>The Food and Drug Administration.</text>
 </clause><clause id="H260BD0B065A34012B4B0C8C1F9482935"><enum>(viii)</enum><text>The Health Resources and Services Administration.</text> </clause><clause id="HA8B5A0D8575D4CD3AEDE042B0BC0DFBE"><enum>(ix)</enum><text>The Department of Defense.</text>
 </clause></subparagraph><subparagraph id="H1008FFD6A8A9468C8EECF2BF8A5AD493"><enum>(B)</enum><text>Twelve additional voting members appointed under paragraph (2).</text> </subparagraph><subparagraph id="HD187BF731B014D19BFF4EBC8227FB738"><enum>(C)</enum><text>Such additional voting members as may be appointed by the Secretary, at the Secretary’s discretion, from among the heads (or their designees) of governmental or nongovernmental entities that impact clinical care of individuals with any of the diseases and complications described in subsection (a).</text>
 </subparagraph></paragraph><paragraph id="HCFFE1BE7A0714AEEB81A640AC6CE4515"><enum>(2)</enum><header>Additional members</header><text>The Commission shall include additional voting members appointed by the Secretary, in consultation with national medical societies and patient advocacy organizations with expertise in the care and epidemiology of any of the diseases and complications described in subsection (a), including one or more such members from each of the following categories:</text>
 <subparagraph id="H52D321C595DE40B69DC6986191BB4E55"><enum>(A)</enum><text>Clinical endocrinologists.</text> </subparagraph><subparagraph id="H9562E7675F804E0780F29D1043D852AC"><enum>(B)</enum><text>Physician specialties (other than as described in subparagraph (A)) that play a role in diseases and complications described in subsection (a), such as cardiologists, nephrologists, and eye care professionals.</text>
 </subparagraph><subparagraph id="HAE1AEE325818420FA99A8783470E3A99"><enum>(C)</enum><text>Primary care physicians.</text> </subparagraph><subparagraph id="H45311C6E298344A88D88462C25C88A3C"><enum>(D)</enum><text>Non-physician health care professionals, such as certified diabetes educators, registered dieticians and nutrition professionals, nurses, nurse practitioners, physician assistants.</text>
 </subparagraph><subparagraph id="H47F81F49FEE143D4B66A2F840AAD3519"><enum>(E)</enum><text>Patient advocates.</text> </subparagraph><subparagraph id="HD7FFCA0B926C405FA5CF6B53B17FC416"><enum>(F)</enum><text>National experts in the duties listed under subsection (c).</text>
 </subparagraph><subparagraph id="H7E71FF2AFE5B4D298CB549623222630F"><enum>(G)</enum><text>Health care providers furnishing services to a patient population that consists of a high percentage (as specified by the Secretary) of individuals who are enrolled in a State plan under title XIX of the Social Security Act or who are not covered under a health plan or health insurance coverage.</text>
 </subparagraph></paragraph><paragraph id="HD63B6B96119F4FAFBCA84B6E61AD4A62"><enum>(3)</enum><header>Chairperson</header><text>The voting members of the Commission shall select a chairperson from the members appointed under paragraph (2) from the category under paragraph (2)(A).</text>
 </paragraph><paragraph id="H30CE6BCAB34A450D9F440A3392BE10B9"><enum>(4)</enum><header>Meetings</header><text>The Commission shall meet at least twice, and not more than four times, a year.</text> </paragraph><paragraph id="H386B3CE951EC4C048270809CE5139778"><enum>(5)</enum><header>Board terms</header><text>Members of the Commission appointed pursuant to subparagraph (B) or (C) of paragraph (1), including the chairperson, shall serve for a 3-year term. A vacancy on the Commission shall be filled in the same manner as the original appointments.</text>
 </paragraph></subsection><subsection id="H441707B068D0437CA32C668C1D0AF182"><enum>(c)</enum><header>Duties</header><text>The Commission shall—</text> <paragraph id="H2BD31ACD5D5C4065997502BD0B55D8B4"><enum>(1)</enum><text>evaluate programs of the Department of Health and Human Services regarding the utilization of diabetes screening benefits, annual wellness visits, and other preventive health benefits that may reduce the incidence of the diseases and complications de scribed in subsection (a), including identifying problems regarding such utilization and related data collection mechanisms and make recommendations;</text>
 </paragraph><paragraph id="H5A0EE9AD78B04D369227A850EB8D6B90"><enum>(2)</enum><text>identify current activities and critical gaps in Federal efforts to support clinicians in providing integrated, high-quality care to individuals with any of the diseases and complications described in subsection (a);</text>
 </paragraph><paragraph id="H0099DEE7B11E42ECA7EB550906F81CAF"><enum>(3)</enum><text>make recommendations regarding the coordination of clinically based activities that are being supported by the Federal Government with respect to the diseases and complications described in subsection (a);</text>
 </paragraph><paragraph id="HEAB4AAF697624824810C0F9CD58CF781"><enum>(4)</enum><text>make recommendations regarding the development and coordination of federally funded clinical practice support tools for physicians and other health care professionals in caring for and managing the care of individuals with any of the diseases and complications described in subsection (a), specifically with regard to implementation of new treatments and technologies;</text>
 </paragraph><paragraph id="HA9654A3FABEF474992210681B976227B"><enum>(5)</enum><text>evaluate programs described in subsection (a) that are in existence as of the date of the enactment of this section and determine if such programs are meeting the needs identified in paragraph (2) and, if such programs are determined as not meeting such needs, recommend programs that would be more appropriate;</text>
 </paragraph><paragraph id="H2735FD095CCE4C3396585FBB5FBB3AE6"><enum>(6)</enum><text>recommend, with respect to the diseases and complications described in subsection (a), clinical pathways for new technologies and treatments, including future data collection activities, that may be developed and then used to evaluate—</text>
 <subparagraph id="H23D33741DD714F489A610B9045705E9B"><enum>(A)</enum><text>various care models and methods; and</text> </subparagraph><subparagraph id="H2187DB52892B46F198F5BABE5F05A755"><enum>(B)</enum><text>the impact of such models and methods on quality of care as measured by appropriate care parameters (such as A1C, blood pressure, and cholesterol levels);</text>
 </subparagraph></paragraph><paragraph id="H9583850419C44BDB81B0458E2930FCE8"><enum>(7)</enum><text>evaluate and expand education and awareness activities provided to physicians and other health care professionals regarding clinical practices for the prevention and treatment of the diseases and complications described in subsection (a);</text>
 </paragraph><paragraph id="H1EB0236353394A0F9723F58C20FC8B0F"><enum>(8)</enum><text>review and recommend appropriate methods for outreach and dissemination of educational resources that—</text>
 <subparagraph id="H14A9E404AE384F9CA729FB1A9C13BDCC"><enum>(A)</enum><text>address the diseases and complications described in subsection (a);</text> </subparagraph><subparagraph id="HED32ED62AE7547E1A9300BF016BCC9F5"><enum>(B)</enum><text>are funded by the Federal Government; and</text>
 </subparagraph><subparagraph id="H44888A21B40C4634BE437F330D8E121E"><enum>(C)</enum><text>are intended for health care professionals and the public; and</text> </subparagraph></paragraph><paragraph id="H8C2AE7C5CAB24AE8A0B3D11C8FAF7955"><enum>(9)</enum><text>carry out other activities, such as activities relating to the areas of public health and nutrition, that the Commission deems appropriate with respect to the diseases and complications described in subsection (a).</text>
						</paragraph></subsection><subsection id="H67CFB16A5CDF40E7BE0D224D9CB50C9C"><enum>(d)</enum><header>Operating plan</header>
 <paragraph id="H6728C39099254E3E8A14414396ED57FC"><enum>(1)</enum><header>Initial plan</header><text>Not later than 90 days after its first meeting, the Commission shall submit to the Secretary and the Congress an operating plan for carrying out the activities of the Commission as described in subsection (c). Such operating plan may include—</text>
 <subparagraph id="H77DA9DD6C799481E96E1887C2B819F40"><enum>(A)</enum><text>a list of specific activities that the Commission plans to conduct for purposes of carrying out the duties described in each of the paragraphs in subsection (c);</text>
 </subparagraph><subparagraph id="H6F38BD565B7042CF9F131A540F142FF8"><enum>(B)</enum><text>a plan for completing the activities;</text> </subparagraph><subparagraph id="H445B6BB771684FAB97042A743ABF185B"><enum>(C)</enum><text>a list of members of the Commission and other individuals who are not members of the Commission who will need to be involved to conduct such activities;</text>
 </subparagraph><subparagraph id="H4923EFF376BF4140B0E4B6CD9A9D6BCA"><enum>(D)</enum><text>an explanation of Federal agency involvement and coordination needed to conduct such activities;</text> </subparagraph><subparagraph id="H335A19A4CB7A493C8DD75310C7B0D0E2"><enum>(E)</enum><text>a budget for conducting such activities;</text>
 </subparagraph><subparagraph id="HBE1D4CE0CFDC4BF6A06D125FB66FEE0F"><enum>(F)</enum><text>a plan for evaluating the value and potential impact of the Commission’s work and recommendations, including the possible continuation of the Commission for the purposes of overseeing their implementation; and</text>
 </subparagraph><subparagraph id="HECFCA22D983B44D298E4044E8F879CF0"><enum>(G)</enum><text>other information that the Commission deems appropriate.</text> </subparagraph></paragraph><paragraph id="HE21E90861FBD413D9069A10A982AC9C9"><enum>(2)</enum><header>Updates</header><text>The Commission shall periodically update the operating plan under paragraph (1) and submit such updates to the Secretary and the Congress.</text>
 </paragraph></subsection><subsection id="H7DFF95B24F144D5A98308E0EBC219ED5"><enum>(e)</enum><header>Final report</header><text>By not later than 3 years after the date of the Commission’s first meeting, the Commission shall submit to the Secretary and the Congress a final report containing all of the findings and recommendations required by this section. Not later than 120 days after the submission of the final report, the Secretary shall review the plan required by subsection (d)(1)(F) and submit to the Congress a recommendation on whether the Commission should be reauthorized to operate after fiscal year 2021.</text>
 </subsection><subsection id="HBB1D44041F7E42E28CFE1294F594E888"><enum>(f)</enum><header>Sunset</header><text>The Commission shall terminate 120 days after submitting its final report, but not later than the end of fiscal year 2021.</text></subsection></section><after-quoted-block>.</after-quoted-block></quoted-block>
		</section></legis-body><attestation><attestation-group><attestation-date chamber="House" date="20170109">Passed the House of Representatives January 9, 2017.</attestation-date><attestor display="yes">Karen L. Haas,</attestor><role>Clerk</role></attestation-group></attestation>
</bill>


