<?xml version="1.0"?>
<?xml-stylesheet type="text/xsl" href="billres.xsl"?>
<!DOCTYPE bill PUBLIC "-//US Congress//DTDs/bill.dtd//EN" "bill.dtd">
<bill bill-stage="Introduced-in-House" dms-id="HF57BC85C26C243F99BE94C5FAD016D09" public-private="public" key="H" bill-type="olc"><form><distribution-code display="yes">I</distribution-code><congress display="yes">115th CONGRESS</congress><session display="yes">1st Session</session><legis-num display="yes">H. R. 477</legis-num><current-chamber>IN THE HOUSE OF REPRESENTATIVES</current-chamber><action display="yes"><action-date date="20170112">January 12, 2017</action-date><action-desc><sponsor name-id="H001058">Mr. Huizenga</sponsor> (for himself, <cosponsor name-id="P000599">Mr. Posey</cosponsor>, and <cosponsor name-id="H001038">Mr. Higgins of New York</cosponsor>) introduced the following bill; which was referred to the <committee-name committee-id="HBA00">Committee on Financial Services</committee-name></action-desc></action><legis-type>A BILL</legis-type><official-title display="yes">To amend the Securities Exchange Act of 1934 to exempt from registration brokers performing services in connection with the transfer of ownership of smaller privately held companies.</official-title></form><legis-body id="H1EADFBB4A1744FBAA4011DC709F4470C" style="OLC"> 
<section id="HDF2FBF16FFA04BA6BA4203686CD6EF72" section-type="section-one"><enum>1.</enum><header>Short title</header><text display-inline="no-display-inline">This Act may be cited as the <quote><short-title>Small Business Mergers, Acquisitions, Sales, and Brokerage Simplification Act of 2017</short-title></quote>.</text></section> <section id="H0C5D18D7062C4785B72A9FA3350EF10F"><enum>2.</enum><header>Registration exemption for merger and acquisition brokers</header><text display-inline="no-display-inline">Section 15(b) of the Securities Exchange Act of 1934 (<external-xref legal-doc="usc" parsable-cite="usc/15/78o">15 U.S.C. 78o(b)</external-xref>) is amended by adding at the end the following:</text>
<quoted-block display-inline="no-display-inline" id="HA60E2F1E4F01453F9C7B7BAF15940F80" style="OLC">
<paragraph id="HEB87717D760C497BACDBD34093CD4FCE"><enum>(13)</enum><header>Registration exemption for merger and acquisition brokers</header>
<subparagraph id="H81EBDB819EFD475785481A7BB2F916C1"><enum>(A)</enum><header>In general</header><text display-inline="yes-display-inline">Except as provided in subparagraph (B), an M&amp;A broker shall be exempt from registration under this section.</text></subparagraph> <subparagraph id="H86EFCADEE8164EE6A2E602479C654890"><enum>(B)</enum><header>Excluded activities</header><text display-inline="yes-display-inline">An M&amp;A broker is not exempt from registration under this paragraph if such broker does any of the following:</text>
<clause id="HCA108915E7F6433684592A4D8703E968"><enum>(i)</enum><text>Directly or indirectly, in connection with the transfer of ownership of an eligible privately held company, receives, holds, transmits, or has custody of the funds or securities to be exchanged by the parties to the transaction.</text></clause> <clause id="HE028D8CF51F54BF2B8DA4CD5B859E24A"><enum>(ii)</enum><text>Engages on behalf of an issuer in a public offering of any class of securities that is registered, or is required to be registered, with the Commission under section 12 or with respect to which the issuer files, or is required to file, periodic information, documents, and reports under subsection (d).</text></clause>
<clause id="H4A4ACE7683294BC48B9F52B2441C6AA6"><enum>(iii)</enum><text>Engages on behalf of any party in a transaction involving a public shell company.</text></clause></subparagraph> <subparagraph id="H104233C6D94E47B9A373A0D47FF382BE"><enum>(C)</enum><header>Disqualifications</header><text>An M&amp;A broker is not exempt from registration under this paragraph if such broker is subject to—</text>
<clause id="HAF154A9978664E169C3076E8C5419F0C"><enum>(i)</enum><text>suspension or revocation of registration under paragraph (4);</text></clause> <clause id="H9126AE49B5A54AF3B0C66BF59A0FD4E0"><enum>(ii)</enum><text>a statutory disqualification described in section 3(a)(39);</text></clause>
<clause id="H0941B2029F56436782ABF1A1A25DA40C"><enum>(iii)</enum><text>a disqualification under the rules adopted by the Commission under section 926 of the Investor Protection and Securities Reform Act of 2010 (<external-xref legal-doc="usc" parsable-cite="usc/15/77d">15 U.S.C. 77d</external-xref> note); or</text></clause> <clause id="H380FE01A3D8E4E9D9A55C7D6C1E356C6"><enum>(iv)</enum><text>a final order described in paragraph (4)(H).</text></clause></subparagraph>
<subparagraph id="HBE63FB306F684E73A3EB76F5D183BE51"><enum>(D)</enum><header>Rule of construction</header><text display-inline="yes-display-inline">Nothing in this paragraph shall be construed to limit any other authority of the Commission to exempt any person, or any class of persons, from any provision of this title, or from any provision of any rule or regulation thereunder.</text></subparagraph> <subparagraph id="H1063FA497DD94D778EF8BC7A2AC2D052"><enum>(E)</enum><header>Definitions</header><text>In this paragraph:</text>
<clause id="HA8B5610771DF4C60B29029BD2A51BC0B"><enum>(i)</enum><header>Control</header><text display-inline="yes-display-inline">The term <term>control</term> means the power, directly or indirectly, to direct the management or policies of a company, whether through ownership of securities, by contract, or otherwise. There is a presumption of control for any person who—</text> <subclause id="H9018F5F52CC64379BD8E2E87121E7A2C"><enum>(I)</enum><text>is a director, general partner, member or manager of a limited liability company, or officer exercising executive responsibility (or has similar status or functions);</text></subclause>
<subclause id="H7ED27AF5695141A990A43BAF53C09FF7"><enum>(II)</enum><text>has the right to vote 20 percent or more of a class of voting securities or the power to sell or direct the sale of 20 percent or more of a class of voting securities; or</text></subclause> <subclause id="H3FD14E653ED44F78B555F9EFEABE547C"><enum>(III)</enum><text>in the case of a partnership or limited liability company, has the right to receive upon dissolution, or has contributed, 20 percent or more of the capital.</text></subclause></clause>
<clause id="H836C84DFA5C146D8BAD126B7514CF424"><enum>(ii)</enum><header>Eligible privately held company</header><text>The term <term>eligible privately held company</term> means a privately held company that meets both of the following conditions:</text> <subclause id="H12998486619F4B9AA4B899943615BE43"><enum>(I)</enum><text>The company does not have any class of securities registered, or required to be registered, with the Commission under section 12 or with respect to which the company files, or is required to file, periodic information, documents, and reports under subsection (d).</text></subclause>
<subclause id="H7089E910A85F404E9FB831542C45A4E3"><enum>(II)</enum><text display-inline="yes-display-inline">In the fiscal year ending immediately before the fiscal year in which the services of the M&amp;A broker are initially engaged with respect to the securities transaction, the company meets either or both of the following conditions (determined in accordance with the historical financial accounting records of the company):</text> <item id="H16DD0BDCD4DF4D168C5B526F66A3D582"><enum>(aa)</enum><text>The earnings of the company before interest, taxes, depreciation, and amortization are less than $25,000,000.</text></item>
<item id="H2783864E53D84A119DE4E946A34D4698"><enum>(bb)</enum><text>The gross revenues of the company are less than $250,000,000.</text></item></subclause></clause> <clause commented="no" id="H4AFF85D374EC487D864A92EF49708E5A"><enum>(iii)</enum><header>M&amp;A broker</header><text>The term <term>M&amp;A broker</term> means a broker, and any person associated with a broker, engaged in the business of effecting securities transactions solely in connection with the transfer of ownership of an eligible privately held company, regardless of whether the broker acts on behalf of a seller or buyer, through the purchase, sale, exchange, issuance, repurchase, or redemption of, or a business combination involving, securities or assets of the eligible privately held company, if the broker reasonably believes that—</text>
<subclause commented="no" id="HB509A1B58D5649F29BB372466446A62C"><enum>(I)</enum><text display-inline="yes-display-inline">upon consummation of the transaction, any person acquiring securities or assets of the eligible privately held company, acting alone or in concert, will control and, directly or indirectly, will be active in the management of the eligible privately held company or the business conducted with the assets of the eligible privately held company; and</text></subclause> <subclause commented="no" id="H921AD96D60EF477CBA0A93050C74E5F9"><enum>(II)</enum><text display-inline="yes-display-inline">if any person is offered securities in exchange for securities or assets of the eligible privately held company, such person will, prior to becoming legally bound to consummate the transaction, receive or have reasonable access to the most recent fiscal year-end financial statements of the issuer of the securities as customarily prepared by the management of the issuer in the normal course of operations and, if the financial statements of the issuer are audited, reviewed, or compiled, any related statement by the independent accountant, a balance sheet dated not more than 120 days before the date of the offer, and information pertaining to the management, business, results of operations for the period covered by the foregoing financial statements, and material loss contingencies of the issuer.</text></subclause></clause>
<clause id="H6B6AC9E8810E430A91A6ACB2396E3C9D"><enum>(iv)</enum><header>Public shell company</header><text>The term <term>public shell company</term> is a company that at the time of a transaction with an eligible privately held company—</text> <subclause id="H496BB42D372A4623917CB2C2E07C332E"><enum>(I)</enum><text>has any class of securities registered, or required to be registered, with the Commission under section 12 or that is required to file reports pursuant to subsection (d);</text></subclause>
<subclause id="HBE5D03C99E3F4BDE9DFF2C6C2F8EEF5B"><enum>(II)</enum><text>has no or nominal operations; and</text></subclause> <subclause id="H23A513E9EFCD4F5DADB5B8C7699502BC"><enum>(III)</enum><text>has—</text>
<item id="H3933E304D26143B7AB34D547C8CDAD13"><enum>(aa)</enum><text>no or nominal assets;</text></item> <item id="HA5AD1093FB924027A2531734456A03A6"><enum>(bb)</enum><text>assets consisting solely of cash and cash equivalents; or</text></item>
<item id="H04911F3E6FA741E1ABD09E99CDE67DF4"><enum>(cc)</enum><text>assets consisting of any amount of cash and cash equivalents and nominal other assets.</text></item></subclause></clause></subparagraph> <subparagraph id="H826F917981B74D6FB0A57D1FA9D41D3D"><enum>(F)</enum><header>Inflation adjustment</header> <clause id="HD8C48499CE8945A8BC8764DFE698AEDB"><enum>(i)</enum><header>In general</header><text display-inline="yes-display-inline">On the date that is 5 years after the date of the enactment of the <short-title>Small Business Mergers, Acquisitions, Sales, and Brokerage Simplification Act of 2017</short-title>, and every 5 years thereafter, each dollar amount in subparagraph (E)(ii)(II) shall be adjusted by—</text>
<subclause id="H9B3406C999A94083BC9598BD3EF3FFBE"><enum>(I)</enum><text display-inline="yes-display-inline">dividing the annual value of the Employment Cost Index For Wages and Salaries, Private Industry Workers (or any successor index), as published by the Bureau of Labor Statistics, for the calendar year preceding the calendar year in which the adjustment is being made by the annual value of such index (or successor) for the calendar year ending December 31, 2012; and</text></subclause> <subclause id="HDBAB111D13EE4BD09608D37D261E59D9"><enum>(II)</enum><text>multiplying such dollar amount by the quotient obtained under subclause (I).</text></subclause></clause>
<clause id="HB0B60170FA9A49868885C66BD9129294"><enum>(ii)</enum><header>Rounding</header><text>Each dollar amount determined under clause (i) shall be rounded to the nearest multiple of $100,000.</text></clause></subparagraph></paragraph><after-quoted-block>.</after-quoted-block></quoted-block></section> <section id="H748AED6107384E7A87219E67BACDA8B1"><enum>3.</enum><header>Effective date</header><text display-inline="no-display-inline">This Act and any amendment made by this Act shall take effect on the date that is 90 days after the date of the enactment of this Act.</text></section> 
</legis-body></bill>

