<?xml version="1.0"?>
<?xml-stylesheet type="text/xsl" href="billres.xsl"?>
<!DOCTYPE bill PUBLIC "-//US Congress//DTDs/bill.dtd//EN" "bill.dtd">
<bill bill-stage="Introduced-in-House" bill-type="olc" dms-id="HBF81F5630D8247689B50978870C3A1C2" key="H" public-private="public"><metadata xmlns:dc="http://purl.org/dc/elements/1.1/">
<dublinCore>
<dc:title>115 HR 459 IH: Trafficking Survivors Relief Act of 2017</dc:title>
<dc:publisher>U.S. House of Representatives</dc:publisher>
<dc:date>2017-01-11</dc:date>
<dc:format>text/xml</dc:format>
<dc:language>EN</dc:language>
<dc:rights>Pursuant to Title 17 Section 105 of the United States Code, this file is not subject to copyright protection and is in the public domain.</dc:rights>
</dublinCore>
</metadata>
<form>
<distribution-code display="yes">I</distribution-code><congress display="yes">115th CONGRESS</congress><session display="yes">1st Session</session><legis-num display="yes">H. R. 459</legis-num><current-chamber>IN THE HOUSE OF REPRESENTATIVES</current-chamber><action display="yes"><action-date date="20170111">January 11, 2017</action-date><action-desc><sponsor name-id="W000812">Mrs. Wagner</sponsor> (for herself, <cosponsor name-id="G000571">Ms. Gabbard</cosponsor>, <cosponsor name-id="S000244">Mr. Sensenbrenner</cosponsor>, <cosponsor name-id="W000820">Mrs. Mimi Walters of California</cosponsor>, <cosponsor name-id="C001105">Mrs. Comstock</cosponsor>, <cosponsor name-id="B001281">Mrs. Beatty</cosponsor>, <cosponsor name-id="M001181">Mr. Meehan</cosponsor>, <cosponsor name-id="D000621">Mr. DeSantis</cosponsor>, <cosponsor name-id="P000594">Mr. Paulsen</cosponsor>, <cosponsor name-id="B001284">Mrs. Brooks of Indiana</cosponsor>, <cosponsor name-id="N000184">Mrs. Noem</cosponsor>, <cosponsor name-id="K000387">Mr. Knight</cosponsor>, <cosponsor name-id="B001273">Mrs. Black</cosponsor>, <cosponsor name-id="Y000065">Mr. Yoho</cosponsor>, <cosponsor name-id="C001096">Mr. Cramer</cosponsor>, <cosponsor name-id="M001160">Ms. Moore</cosponsor>, <cosponsor name-id="F000460">Mr. Farenthold</cosponsor>, <cosponsor name-id="J000295">Mr. Joyce of Ohio</cosponsor>, <cosponsor name-id="S001196">Ms. Stefanik</cosponsor>, <cosponsor name-id="Y000066">Mr. Young of Iowa</cosponsor>, <cosponsor name-id="H001053">Mrs. Hartzler</cosponsor>, <cosponsor name-id="C001106">Mr. Costello of Pennsylvania</cosponsor>, <cosponsor name-id="T000468">Ms. Titus</cosponsor>, and <cosponsor name-id="R000487">Mr. Royce of California</cosponsor>) introduced the following bill; which was referred to the <committee-name committee-id="HJU00">Committee on the Judiciary</committee-name></action-desc></action><legis-type>A BILL</legis-type><official-title display="yes">To provide for the vacating of certain convictions and expungement of certain arrests of victims of
			 human trafficking.</official-title></form>
	<legis-body id="HAA06E48F9AFE42F386E3F81E1A19A87C" style="OLC">
 <section id="H534E4C7EE7744AECA64B2CA3B6CCC980" section-type="section-one"><enum>1.</enum><header>Short title</header><text display-inline="no-display-inline">This Act may be cited as the <quote><short-title>Trafficking Survivors Relief Act of 2017</short-title></quote>.</text> </section><section id="H3B54CAA07C1D4D55934014CC7DEB6957" section-type="subsequent-section"><enum>2.</enum><header>Federal expungement for victims of trafficking</header> <subsection id="H72E4136566A8410E879BD5D3FC82375C"><enum>(a)</enum><header>In general</header><text><external-xref legal-doc="usc-chapter" parsable-cite="usc-chapter/18/237">Chapter 237</external-xref> of title 18, United States Code, is amended by adding at the end the following:</text>
				<quoted-block display-inline="no-display-inline" id="H26E2F306FC31473391DF26DFCBA42C03" style="USC">
					<section id="H399B7C901EAD4A7188AC2CC577B8CFDE"><enum>3772.</enum><header>Motion to vacate; expungement; mitigating factors</header>
 <subsection id="HC30A3A896BDD440FB4FBCD1C2D2A5BC1"><enum>(a)</enum><header>Definitions</header><text>In this section—</text> <paragraph id="H52EEE3650AFD4DA2AF9F0E971E1FA5B8"><enum>(1)</enum><text>the term <term>child</term> means an individual who has not attained 18 years of age;</text>
 </paragraph><paragraph id="HC3B3B0143DAD47CCA8E5537D24D22700"><enum>(2)</enum><text>the term <term>covered offense</term>—</text> <subparagraph id="HAEB4063695164462AFA5693F3F07E930"><enum>(A)</enum><text>includes any offense against the United States and any offense punishable under the laws of the District of Columbia; and</text>
 </subparagraph><subparagraph id="H0E0DE1D00D3C4848BAF4982DF03A4FE9"><enum>(B)</enum><text>does not include—</text> <clause id="H6B1D7224D7604441BF2D5D70E81E6017"><enum>(i)</enum><text>a crime of violence; or</text>
 </clause><clause id="H4ABBF017BD6F477E930D200264736BE2"><enum>(ii)</enum><text>an offense, if a child was a victim of the offense;</text> </clause></subparagraph></paragraph><paragraph id="H7FE5B83D49FF4334A698AAB3A970CF08"><enum>(3)</enum><text>the term <term>covered prisoner</term> means an individual who—</text>
 <subparagraph id="HC6F589F7B04E49148271C408B5B2998F"><enum>(A)</enum><text>was convicted of a noncovered offense before the date of enactment of this section;</text> </subparagraph><subparagraph id="H111735E659A947D98F3F7CE403CADB86"><enum>(B)</enum><text>was sentenced to a term of imprisonment for the noncovered offense; and</text>
 </subparagraph><subparagraph id="H90A5AFD022674EE2813745E2A1642268"><enum>(C)</enum><text>is imprisoned under such term of imprisonment;</text> </subparagraph></paragraph><paragraph id="H8C0CA89BC1DD40E6936FF29185F771B9"><enum>(4)</enum><text>the term <term>crime of violence</term> has the meaning given that term in section 16;</text>
 </paragraph><paragraph id="H69A76865018D4922A0D8F6022ADA4F37"><enum>(5)</enum><text>the term <term>eligible entity</term> includes—</text> <subparagraph id="H4E152282490846FF96F8433FCF7A3892"><enum>(A)</enum><text>a legal aid society or legal services organization that provides indigent legal services;</text>
 </subparagraph><subparagraph id="H6D5AFA4617574735A98BC68725406C39"><enum>(B)</enum><text>a nonprofit organization that provides legal services to victims of trafficking; and</text> </subparagraph><subparagraph id="H1CD7354D998240259B9B9F174C462D3E"><enum>(C)</enum><text>a public defender's office;</text>
 </subparagraph></paragraph><paragraph id="HCE06AC18E3B3467AB7D060A12E3D1818"><enum>(6)</enum><text>the terms <term>employee</term> and <term>officer</term> have the meanings given the terms in section 2105 of title 5;</text> </paragraph><paragraph id="H0860F50B59924F2B997F356C361D4159"><enum>(7)</enum><text>the term <term>noncovered offense</term>—</text>
 <subparagraph id="H6A54C223376C4500B1454B7E856D19E5"><enum>(A)</enum><text>means an offense that is an offense against the United States or punishable under the laws of the District of Columbia; and</text>
 </subparagraph><subparagraph id="H0238EAF9186A47B2AB4B688DB62B54C5"><enum>(B)</enum><text>does not include an offense, if a child was a victim of the offense; and</text> </subparagraph></paragraph><paragraph id="H51717AA2D5CD42189037DB5324CCA742"><enum>(8)</enum><text>the term <term>victim of trafficking</term> has the meaning given that term in section 103 of the Trafficking Victims Protection Act of 2000 (<external-xref legal-doc="usc" parsable-cite="usc/22/7102">22 U.S.C. 7102</external-xref>).</text>
							</paragraph></subsection><subsection id="HA4F58B74F0C8448AACC015B03ADCD83B"><enum>(b)</enum><header>Motions To vacate convictions or expunge arrests</header>
							<paragraph id="HB0221F6F27E94B5ABBD6FAA6515EDE3C"><enum>(1)</enum><header>In general</header>
 <subparagraph id="HC9B1539856A04955815D852A272CB253"><enum>(A)</enum><header>Convictions of covered offenses</header><text>A person convicted of any covered offense (or an eligible entity representing such a person) may move the court which imposed the sentence for the covered offense to vacate the judgment of conviction if the covered offense was committed as a direct result of the person having been a victim of trafficking.</text>
 </subparagraph><subparagraph commented="no" display-inline="no-display-inline" id="H46762A073B8440A9BB7FAF79FD8AF740"><enum>(B)</enum><header display-inline="yes-display-inline">Arrests for covered offenses</header><text display-inline="yes-display-inline">A person arrested for any covered offense (or an eligible entity representing such a person) may move the district court for the district and division embracing the place where the person was arrested to expunge all records of the arrest if the conduct or alleged conduct of the person which resulted in the arrest was directly related to the person having been a victim of trafficking.</text>
 </subparagraph><subparagraph id="H42707C2AB0964EC4B4B9107278231771"><enum>(C)</enum><header>Arrests for noncovered offenses</header><text>A person arrested for any noncovered offense (or an eligible entity representing such a person) may move the district court for the district and division embracing the place where the person was arrested to expunge all records of the arrest if—</text>
 <clause id="H439F92CD7EF64873A7E45C0278DDC43D"><enum>(i)</enum><text>the conduct or alleged conduct of the person which resulted in the arrest was directly related to the person having been a victim of trafficking; and</text>
									</clause><clause id="HABB74CC85FED486FA6B51451336ADD7C"><enum>(ii)</enum>
 <subclause commented="no" display-inline="yes-display-inline" id="H679C89B5B8C44DBF8AD9C6C4785FA319"><enum>(I)</enum><text>the person is acquitted of the noncovered offense;</text> </subclause><subclause commented="no" id="HA266D100F7134BE897A164132A86C67A" indent="up1"><enum>(II)</enum><text>the Government does not pursue or dismisses criminal charges against the person for the noncovered offense; or</text>
										</subclause><subclause id="H9CCDD08DC45C4A59B21289E9DEABCF80" indent="up1"><enum>(III)</enum>
 <item commented="no" display-inline="yes-display-inline" id="H5E601558E9CB4341BF481669C18F3594"><enum>(aa)</enum><text>the charges against the person for the noncovered offense are reduced to an offense that is a covered offense; and</text>
 </item><item id="H1E3E769C5A894495A6AE799556E0E9EB" indent="up1"><enum>(bb)</enum><text>the person is acquitted of the covered offense, the Government does not pursue or dismisses criminal charges against the person for the covered offense, or any subsequent conviction of the covered offense is vacated.</text>
 </item></subclause></clause></subparagraph></paragraph><paragraph id="HF0E0A8A4A58243E5A3D5BC4DF7D3690E"><enum>(2)</enum><header>Contents of motion</header><text>A motion described in paragraph (1) shall—</text> <subparagraph commented="no" id="H49433FC3AA424DE4BB227625EF20DE41"><enum>(A)</enum><text>be in writing;</text>
 </subparagraph><subparagraph id="H0FC527A55F434D73821A09CA5AD4905C"><enum>(B)</enum><text>describe any supporting evidence;</text> </subparagraph><subparagraph id="HC94ED09DB865430BA24B4B0C1F3399A7"><enum>(C)</enum><text>state the offense; and</text>
 </subparagraph><subparagraph id="H2B0B4488A93F46F9A803716F4F0E8087"><enum>(D)</enum><text>include copies of any documents showing that the movant is entitled to relief under this section.</text> </subparagraph></paragraph><paragraph id="H9F1AA7D433924E1EBF8B811BBCB21AD9"><enum>(3)</enum><header>Hearing</header> <subparagraph id="H9DD740BA5D4C42A79FCDA54D35955F45"><enum>(A)</enum><header>Mandatory hearing</header> <clause id="HC8669720091047DDB94ADF23D8589CFA"><enum>(i)</enum><header>Motion in opposition</header><text>Not later than 30 days after the date on which a motion is filed under paragraph (1), the Government may file a motion in opposition of the motion filed under paragraph (1).</text>
 </clause><clause id="H5123E395ABAC425493758B93F8AB01A8"><enum>(ii)</enum><header>Mandatory hearing</header><text>If the Government files a motion described in clause (i), not later than 15 days after the date on which the motion is filed, the court shall hold a hearing on the motion.</text>
 </clause></subparagraph><subparagraph id="HB9DEBF34006C45768D2BBB92DF7ECF55"><enum>(B)</enum><header>Discretionary hearing</header><text>If the Government does not file a motion described in subparagraph (A)(i), the court may hold a hearing on the motion not later than 45 days after the date on which a motion is filed under paragraph (1).</text>
								</subparagraph></paragraph><paragraph id="H4F10D69B44A8410BB9ECC9C037F74799"><enum>(4)</enum><header>Factors</header>
 <subparagraph id="H1DB1FDFC5FEA4A778EDFF49D2C9011B9"><enum>(A)</enum><header>Vacating convictions of covered offenses</header><text>The court shall grant a motion under paragraph (1)(A) if, after notice to the Government and an opportunity to be heard, the court finds, by a preponderance of the evidence, that—</text>
 <clause id="H3D96F5B297034D1BBAF9D7C9247063EB"><enum>(i)</enum><text>the movant was convicted of a covered offense; and</text> </clause><clause id="H2E94978F6E4943DB81E226C77E9A567E"><enum>(ii)</enum><text>the participation in the covered offense by the movant was a direct result of the movant having been a victim of trafficking.</text>
 </clause></subparagraph><subparagraph id="H1901D583242841C09B9924BDFBADE731"><enum>(B)</enum><header>Expunging arrests for covered offenses</header><text>The court shall grant a motion under paragraph (1)(B) if, after notice to the Government and an opportunity to be heard, the court finds, by a preponderance of the evidence, that—</text>
 <clause id="H25AF50C397374630A6835449CEE29A72"><enum>(i)</enum><text>the movant was arrested for a covered offense; and</text> </clause><clause id="HC1848DBE859F452192E233583E74E6AB"><enum>(ii)</enum><text>the conduct or alleged conduct which resulted in the arrest was directly related to the movant having been a victim of trafficking.</text>
 </clause></subparagraph><subparagraph id="HCCB12AC2C9464BFE8498EAAEE1EF96B9"><enum>(C)</enum><header>Expunging arrests for noncovered offenses</header><text>The court shall grant a motion under paragraph (1)(C) if, after notice to the Government and an opportunity to be heard, the court finds, by a preponderance of the evidence, that—</text>
 <clause id="H50404C30EDE748EB85ED27C0F88D47F1"><enum>(i)</enum><text>the movant was arrested for a noncovered offense and the conduct or alleged conduct which resulted in the arrest was directly related to the movant having been a victim of trafficking; and</text>
									</clause><clause id="H69422329C63A46FBBC92FC210AC1181F"><enum>(ii)</enum>
 <subclause commented="no" display-inline="yes-display-inline" id="H423249BC75C24BCA92099FACED847BD6"><enum>(I)</enum><text>the person is acquitted of the noncovered offense;</text> </subclause><subclause id="HC710BB93CF63469F8CEE9A5C3324DD79" indent="up1"><enum>(II)</enum><text>the Government does not pursue or dismisses criminal charges against the person for the covered offense; or</text>
										</subclause><subclause id="H9DF16AA8337E4099A4B0A12B4989936B" indent="up1"><enum>(III)</enum>
 <item commented="no" display-inline="yes-display-inline" id="H3F06B74D20C843369F511036BDBD8E36"><enum>(aa)</enum><text>the charges against the person for the noncovered offense are reduced to a covered offense; and</text> </item><item id="H71360D9F7FBD44908C0D63C615742DA7" indent="up1"><enum>(bb)</enum><text>the person is acquitted of the covered offense, the Government does not pursue or dismissed criminal charges against the person for the covered offense, or any subsequent conviction of that covered offense is vacated.</text>
											</item></subclause></clause></subparagraph></paragraph><paragraph id="H1DEAE5B068724844888AF1912233754E"><enum>(5)</enum><header>Supporting evidence</header>
 <subparagraph id="H3389C1F933CC4F6886E5E9A2A118F01A"><enum>(A)</enum><header>Rebuttable presumption</header><text>For purposes of this section, there shall be a rebuttable presumption that the movant is a victim of trafficking if the movant includes in the motion—</text>
 <clause id="HA72CF442902047D49C76211C49F1DF5C"><enum>(i)</enum><text>a copy of an official record, certification, or eligibility letter from a Federal, State, tribal, or local proceeding, including an approval notice or an enforcement certification generated from a Federal immigration proceeding, that shows that the movant was a victim of trafficking, including a victim of a trafficker charged with a violation of chapter 77; or</text>
 </clause><clause id="H1EFC3B18002348B0840A4D4158A6E9A8"><enum>(ii)</enum><text>an affidavit or sworn testimony from a trained professional staff member of a victim services organization, an attorney, a member of the clergy, or a medical or other professional from whom the movant has sought assistance in addressing the trauma associated with being a victim of trafficking.</text>
									</clause></subparagraph><subparagraph id="H7E4A88DDCA534C57A8BEB93388E5ED51"><enum>(B)</enum><header>Other evidence</header>
 <clause id="H91806F91F7EC49A4BE8B3D0758105224"><enum>(i)</enum><header>In general</header><text>For purposes of this section, in determining whether the movant is a victim of trafficking, the court may consider any other evidence the court determines is of sufficient credibility and probative value, including an affidavit or sworn testimony of the movant.</text>
 </clause><clause id="H48F1478E3D6147D6B0AAF0E4080B5D7C"><enum>(ii)</enum><header>Affidavit or sworn testimony of movant sufficient evidence</header><text>The affidavit or sworn testimony of the movant described in clause (i) shall be sufficient evidence to vacate a conviction or expunge an arrest under this section if the court determines that—</text>
 <subclause id="H73D226EAAE134D98BC03E3D5ECF01008"><enum>(I)</enum><text>the affidavit or sworn testimony is credible; and</text> </subclause><subclause id="H6E0BD643BDAC4894B4629A4DF44F0A56"><enum>(II)</enum><text>no other evidence is readily available.</text>
 </subclause></clause></subparagraph></paragraph><paragraph id="H962EA20D85EC4C348B808D44D253F8F4"><enum>(6)</enum><header>Conviction or arrest of other persons not required</header><text>It shall not be necessary that any person other than the movant be convicted of or arrested for a covered offense before the movant may file a motion under paragraph (1).</text>
							</paragraph><paragraph id="H346A32AB7AFA48AFB35D013A96F2BA6F"><enum>(7)</enum><header>Denial of motion</header>
 <subparagraph id="HA3408DE0AB95491CA255F23A220498A1"><enum>(A)</enum><header>In general</header><text>If the court denies a motion filed under paragraph (1), the denial shall be without prejudice.</text> </subparagraph><subparagraph id="H4A0DE8C0B2B2419090907760D3CEF17A"><enum>(B)</enum><header>Reasons for denial</header><text>If the court denies a motion filed under paragraph (1), the court shall state the reasons for the denial in writing.</text>
 </subparagraph><subparagraph id="H099FF3780AE24846B8F8CB7E07257F76"><enum>(C)</enum><header>Reasonable time to cure deficiencies in motion</header><text>If the motion was denied due to a curable deficiency in the motion, the court shall allow the movant sufficient time for the movant to cure the deficiency.</text>
 </subparagraph></paragraph><paragraph id="HDDA7D642ADB7439B91BE89F420EE4546"><enum>(8)</enum><header>Appeal</header><text>An order granting or denying a motion under this section may be appealed in accordance with section 1291 of title 28 and section 3731 of this title.</text>
							</paragraph></subsection><subsection id="H68509E0219F14BFCA394E334310598D9"><enum>(c)</enum><header>Vacatur of convictions</header>
 <paragraph id="HFE5E237AE01E4FC8A567253EE97E4E5A"><enum>(1)</enum><header>In general</header><text>If the court grants a motion to vacate a conviction under subsection (b), the court shall immediately vacate the conviction for cause, set aside the verdict and enter a judgment of acquittal, and enter an expungement order that directs that there be expunged from all official records all references to—</text>
 <subparagraph id="HFA4866F7C6C8444E87F7480FD93FE4B2"><enum>(A)</enum><text>the arrest of the person for the covered offense;</text> </subparagraph><subparagraph id="HE4075F5ACC5C497E99485C0A44038062"><enum>(B)</enum><text>the institution of criminal proceedings against the person relating to the covered offense; and</text>
 </subparagraph><subparagraph id="H967BA9D0F5F447378ADEA83A0383507A"><enum>(C)</enum><text>the results of the proceedings.</text> </subparagraph></paragraph><paragraph id="H04A1F5D12F32422488347235713D544A"><enum>(2)</enum><header>Effect</header><text>If a conviction is vacated under an order entered under paragraph (1)—</text>
 <subparagraph id="H33DC0B5C82D5412FB8E3708637FC9EB9"><enum>(A)</enum><text>the conviction shall not be regarded as a conviction under Federal law and the person for whom the conviction was vacated shall be considered to have the status occupied by the person before the arrest or the institution of the criminal proceedings related to such conviction; and</text>
 </subparagraph><subparagraph id="H68362B9AF95A44388954FD29BA72632F"><enum>(B)</enum><text>no alien may be removed, determined to be inadmissible, or lose any immigration benefit because of such conviction, arrest, or institution of criminal proceedings.</text>
								</subparagraph></paragraph></subsection><subsection id="HD0C4DD1BFDDA4B18A2991CBCBFBAD0A0"><enum>(d)</enum><header>Expungement of arrests</header>
 <paragraph id="H5EDA040ECCC24252A35BD8A573BE1EF3"><enum>(1)</enum><header>In general</header><text>If the court grants a motion to expunge an arrest under subsection (b), the court shall immediately enter an expungement order that directs that there be expunged from all official records all references to—</text>
 <subparagraph id="HDC3C8087171342AB81DA19DFB758D77D"><enum>(A)</enum><text>the arrest of the person for the covered offense;</text> </subparagraph><subparagraph id="HA4624FFA259A43B0A5B6BC08E7DB99B7"><enum>(B)</enum><text>the institution of any criminal proceedings against the person relating to the covered offense; and</text>
 </subparagraph><subparagraph id="H37811015AC83474EB08B9F0F6A2B35BE"><enum>(C)</enum><text>the results of the proceedings, if any.</text> </subparagraph></paragraph><paragraph id="H237FCD62A33142AE8260F6FE1E6E3679"><enum>(2)</enum><header>Effect</header><text>If an arrest is expunged under an order entered under paragraph (1)—</text>
 <subparagraph id="H213494B42F6E4607ABC13F3ED7C25A83"><enum>(A)</enum><text>the arrest shall not be regarded as an arrest under Federal law and the person for whom the arrest is expunged shall be considered to have the status occupied by the person before the arrest or the institution of the criminal proceedings related to such arrest, if any; and</text>
 </subparagraph><subparagraph id="H764CE8EDDA6A4C10896A29EDCE868FFF"><enum>(B)</enum><text>no alien may be removed, determined to be inadmissible, or lose any immigration benefit because of arrest or institution of criminal proceedings, if any.</text>
								</subparagraph></paragraph></subsection><subsection id="H61B4C1AA87FA4237AA7C7E015A6941D1"><enum>(e)</enum><header>Mitigating factors</header>
 <paragraph id="H55DAABD28191477BAB2D8F6BCE720A7F"><enum>(1)</enum><header>In general</header><text>The court which imposed sentence for a noncovered offense upon a covered prisoner may reduce the term of imprisonment for the noncovered offense—</text>
 <subparagraph id="H19B98CEEBB5944E2902E5C32DF3297E0"><enum>(A)</enum><text>upon motion by a covered prisoner, the Director of the Bureau of Prisons, or the court's own motion;</text>
 </subparagraph><subparagraph id="HAF1B5DB5F3284426A355CF4EC58A835C"><enum>(B)</enum><text>after notice to the Government;</text> </subparagraph><subparagraph id="HD7498CEC991C465E8C2CB80FA6CEBA15"><enum>(C)</enum><text>after considering—</text>
 <clause id="H4C7A8F8AC2A74E65BFEED3B7CC1A9830"><enum>(i)</enum><text>the factors set forth in section 3553(a);</text> </clause><clause id="H73830F37B8A14020B8C028100ADE8E12"><enum>(ii)</enum><text>the nature and seriousness of the danger to any person; and</text>
 </clause><clause id="HC69E3075BDAB4695AFC1FF762C9F5135"><enum>(iii)</enum><text>the community, or any crime victims; and</text> </clause></subparagraph><subparagraph id="H7D7C41A71311434D813F04385E01F394"><enum>(D)</enum><text>if the court finds, by a preponderance of the evidence, that the covered prisoner committed the noncovered offense as a direct result of the covered prisoner having been a victim of trafficking.</text>
 </subparagraph></paragraph><paragraph id="H2C87756FCA6E4081956A199361131374"><enum>(2)</enum><header>Rebuttable presumption</header><text>For the purposes of this subsection, there shall be a rebuttable presumption that a covered prisoner is a victim of trafficking if the covered prisoner provides—</text>
 <subparagraph id="HED04090EF3A744CD9D5505EF6AADFE1A"><enum>(A)</enum><text>a copy of an official record, certification, or eligibility letter from a Federal, State, tribal, or local proceeding, including an approval notice or an enforcement certification generated from a Federal immigration proceeding, that shows that the covered prisoner was a victim of trafficking, including a victim of a trafficker charged with a violation of chapter 77; or</text>
 </subparagraph><subparagraph id="H4A799FD4FEEC4C68B9F23EC8B4649E71"><enum>(B)</enum><text>an affidavit or sworn testimony from a trained professional staff member of a victim services organization, an attorney, a member of the clergy, or a medical or other professional from whom the covered prisoner has sought assistance in addressing the trauma associated with being a victim of trafficking.</text>
 </subparagraph></paragraph><paragraph id="HD8A0580E0F1946778DE7568159099550"><enum>(3)</enum><header>Requirement</header><text>Any proceeding under this subsection shall be subject to section 3771.</text> </paragraph><paragraph id="H1C1DC3159292431D8185286057E60C6A"><enum>(4)</enum><header>Particularized inquiry</header><text>For any motion under paragraph (1), the Government shall conduct a particularized inquiry of the facts and circumstances of the original sentencing of the covered prisoner in order to assess whether a reduction in sentence would be consistent with this section.</text>
 </paragraph></subsection><subsection id="HBD2A466A52404953A9B6923C01DD8E6B"><enum>(f)</enum><header>Additional actions by court</header><text>The court may, upon granting a motion under this section take such additional action as the court determines is appropriate.</text>
						</subsection><subsection id="H0D14A4B59DC84243805D9924D1DB8A8D"><enum>(g)</enum><header>Confidentiality of movant</header>
 <paragraph id="HF141847B429140778847A635B1F3CE6B"><enum>(1)</enum><header>In general</header><text>A motion under this section and any documents, pleadings, or orders relating to the motion shall be filed under seal.</text>
 </paragraph><paragraph id="H9DFE0260E6B34C69B209CECD2217FC78"><enum>(2)</enum><header>Information not available for public inspection</header><text>No officer or employee may make any report, paper, picture, photograph, court file or other document, in the custody or possession of the officer or employee, that identifies the movant available for public inspection.</text>
 </paragraph></subsection><subsection id="H659184C42C5C436FA22551E53E54FB62"><enum>(h)</enum><header>Applicability</header><text>This section shall apply to any conviction or arrest occurring before, on, or after the date of enactment of this section.</text></subsection></section><after-quoted-block>.</after-quoted-block></quoted-block>
 </subsection><subsection id="H85152D6243AC42DA918FCB0CD27CD899"><enum>(b)</enum><header>Technical and conforming amendment</header><text>The table of sections of <external-xref legal-doc="usc-chapter" parsable-cite="usc-chapter/18/237">chapter 237</external-xref> of title 18, United States Code, is amended by adding at the end the following:</text>
				<quoted-block id="HEB28562DF76F4317A02EBAA147001241" style="USC">
					<toc>
						<toc-entry idref="H399B7C901EAD4A7188AC2CC577B8CFDE" level="section">3772. Motion to vacate; expungement; mitigating factors.</toc-entry></toc><after-quoted-block>.</after-quoted-block></quoted-block>
			</subsection></section></legis-body></bill>


