<?xml version="1.0"?>
<?xml-stylesheet type="text/xsl" href="billres.xsl"?>
<!DOCTYPE bill PUBLIC "-//US Congress//DTDs/bill.dtd//EN" "bill.dtd">
<bill bill-stage="Introduced-in-House" dms-id="H8F1833DDE5D74A77B51C060500BD0291" public-private="public" key="H" bill-type="olc"><form><distribution-code display="yes">I</distribution-code><congress display="yes">115th CONGRESS</congress><session display="yes">1st Session</session><legis-num display="yes">H. R. 375</legis-num><current-chamber>IN THE HOUSE OF REPRESENTATIVES</current-chamber><action display="yes"><action-date date="20170109">January 9, 2017</action-date><action-desc><sponsor name-id="B001243">Mrs. Blackburn</sponsor> (for herself, <cosponsor name-id="R000582">Mr. Roe of Tennessee</cosponsor>, <cosponsor name-id="D000533">Mr. Duncan of Tennessee</cosponsor>, <cosponsor name-id="F000459">Mr. Fleischmann</cosponsor>, <cosponsor name-id="D000616">Mr. DesJarlais</cosponsor>, <cosponsor name-id="B001273">Mrs. Black</cosponsor>, <cosponsor name-id="K000392">Mr. Kustoff of Tennessee</cosponsor>, <cosponsor name-id="C001068">Mr. Cohen</cosponsor>, and <cosponsor name-id="C000754">Mr. Cooper</cosponsor>) introduced the following bill; which was referred to the <committee-name committee-id="HPW00">Committee on Transportation and Infrastructure</committee-name></action-desc></action><legis-type>A BILL</legis-type><official-title display="yes">To designate the Federal building and United States courthouse located at 719 Church Street in Nashville, Tennessee, as the <quote>Fred D. Thompson Federal Building and United States Courthouse</quote>.</official-title></form><legis-body id="H25C6FC52B29941E582DCD79DB85D4DA4" style="OLC"> 
<section id="HCBD2325B232D48CF992476F1EE84F41A" section-type="section-one"><enum>1.</enum><header>Designation</header><text display-inline="no-display-inline">The Federal building and United States courthouse located at 719 Church Street in Nashville, Tennessee, shall be known and designated as the <quote>Fred D. Thompson Federal Building and United States Courthouse</quote>.</text></section> <section id="H9D95BB83148448469F691263D7ECC1E4"><enum>2.</enum><header>References</header><text display-inline="no-display-inline">Any reference in a law, map, regulation, document, paper, or other record of the United States to the Federal building and United States courthouse referred to in section 1 shall be deemed to be a reference to the <quote>Fred D. Thompson Federal Building and United States Courthouse</quote>.</text></section> 
</legis-body></bill>

