<?xml version="1.0"?>
<?xml-stylesheet type="text/xsl" href="billres.xsl"?>
<!DOCTYPE bill PUBLIC "-//US Congress//DTDs/bill.dtd//EN" "bill.dtd">
<bill bill-stage="Introduced-in-House" dms-id="H91E35D655268425B84A4A40FF1728C8A" public-private="public" key="H" bill-type="olc"><form><distribution-code display="yes">I</distribution-code><congress display="yes">115th CONGRESS</congress><session display="yes">1st Session</session><legis-num display="yes">H. R. 488</legis-num><current-chamber>IN THE HOUSE OF REPRESENTATIVES</current-chamber><action display="yes"><action-date date="20170112">January 12, 2017</action-date><action-desc><sponsor name-id="C001090">Mr. Cartwright</sponsor> (for himself, <cosponsor name-id="A000369">Mr. Amodei</cosponsor>, <cosponsor name-id="B001245">Ms. Bordallo</cosponsor>, <cosponsor name-id="B001285">Ms. Brownley of California</cosponsor>, <cosponsor name-id="B001286">Mrs. Bustos</cosponsor>, <cosponsor name-id="C001105">Mrs. Comstock</cosponsor>, <cosponsor name-id="C001078">Mr. Connolly</cosponsor>, <cosponsor name-id="C001106">Mr. Costello of Pennsylvania</cosponsor>, <cosponsor name-id="C001069">Mr. Courtney</cosponsor>, <cosponsor name-id="C000984">Mr. Cummings</cosponsor>, <cosponsor name-id="D000617">Ms. DelBene</cosponsor>, <cosponsor name-id="D000399">Mr. Doggett</cosponsor>, <cosponsor name-id="E000288">Mr. Ellison</cosponsor>, <cosponsor name-id="E000179">Mr. Engel</cosponsor>, <cosponsor name-id="F000460">Mr. Farenthold</cosponsor>, <cosponsor name-id="F000454">Mr. Foster</cosponsor>, <cosponsor name-id="G000571">Ms. Gabbard</cosponsor>, <cosponsor name-id="G000559">Mr. Garamendi</cosponsor>, <cosponsor name-id="H001064">Mr. Heck</cosponsor>, <cosponsor name-id="H001047">Mr. Himes</cosponsor>, <cosponsor name-id="H001073">Mr. Hurd</cosponsor>, <cosponsor name-id="S000244">Mr. Sensenbrenner</cosponsor>, <cosponsor name-id="J000255">Mr. Jones</cosponsor>, <cosponsor name-id="K000386">Mr. Katko</cosponsor>, <cosponsor name-id="K000375">Mr. Keating</cosponsor>, <cosponsor name-id="K000381">Mr. Kilmer</cosponsor>, <cosponsor name-id="L000567">Mr. Lance</cosponsor>, <cosponsor name-id="L000559">Mr. Langevin</cosponsor>, <cosponsor name-id="L000581">Mrs. Lawrence</cosponsor>, <cosponsor name-id="L000563">Mr. Lipinski</cosponsor>, <cosponsor name-id="L000554">Mr. LoBiondo</cosponsor>, <cosponsor name-id="L000565">Mr. Loebsack</cosponsor>, <cosponsor name-id="L000580">Ms. Michelle Lujan Grisham of New Mexico</cosponsor>, <cosponsor name-id="L000562">Mr. Lynch</cosponsor>, <cosponsor name-id="M000312">Mr. McGovern</cosponsor>, <cosponsor name-id="M001180">Mr. McKinley</cosponsor>, <cosponsor name-id="M001166">Mr. McNerney</cosponsor>, <cosponsor name-id="N000147">Ms. Norton</cosponsor>, <cosponsor name-id="P000588">Mr. Pearce</cosponsor>, <cosponsor name-id="P000606">Mr. Pittenger</cosponsor>, <cosponsor name-id="Q000023">Mr. Quigley</cosponsor>, <cosponsor name-id="R000600">Mrs. Radewagen</cosponsor>, <cosponsor name-id="R000598">Mr. Rothfus</cosponsor>, <cosponsor name-id="R000515">Mr. Rush</cosponsor>, <cosponsor name-id="R000577">Mr. Ryan of Ohio</cosponsor>, <cosponsor name-id="S000480">Ms. Slaughter</cosponsor>, <cosponsor name-id="S001200">Mr. Soto</cosponsor>, <cosponsor name-id="S001175">Ms. Speier</cosponsor>, <cosponsor name-id="T000460">Mr. Thompson of California</cosponsor>, <cosponsor name-id="T000467">Mr. Thompson of Pennsylvania</cosponsor>, <cosponsor name-id="T000470">Mr. Tipton</cosponsor>, <cosponsor name-id="T000463">Mr. Turner</cosponsor>, <cosponsor name-id="W000799">Mr. Walz</cosponsor>, <cosponsor name-id="Y000066">Mr. Young of Iowa</cosponsor>, <cosponsor name-id="M001198">Mr. Marshall</cosponsor>, <cosponsor name-id="K000387">Mr. Knight</cosponsor>, <cosponsor name-id="B000490">Mr. Bishop of Georgia</cosponsor>, and <cosponsor name-id="R000604">Mr. Russell</cosponsor>) introduced the following bill; which was referred to the <committee-name committee-id="HWM00">Committee on Ways and Means</committee-name></action-desc></action><legis-type>A BILL</legis-type><official-title display="yes">To amend the Internal Revenue Code of 1986 to allow a credit against income tax for amounts paid by a spouse of a member of the Armed Forces for a new State license or certification required by reason of a permanent change in the duty station of such member to another State.</official-title></form><legis-body id="H3CACA56BE4B5412F8C38666A432D7EA2" style="OLC"> 
<section commented="no" display-inline="no-display-inline" id="H0807C80B06374D809233D3CB6E404766" section-type="section-one"><enum>1.</enum><header display-inline="yes-display-inline">Short title</header><text display-inline="no-display-inline">This Act may be cited as the <quote><short-title>Military Spouse Job Continuity Act of 2017</short-title></quote>.</text></section> <section commented="no" display-inline="no-display-inline" id="H344638B5E61140619F6A5F94ECBB49A6" section-type="subsequent-section"><enum>2.</enum><header display-inline="yes-display-inline">Credit for State licensure and certification costs of military spouses arising by reason of a permanent change in the duty station of the member of the Armed Forces to another State</header> <subsection commented="no" display-inline="no-display-inline" id="H9D6E2C6FAD9E499FB2EF2CC6FA34BFD0"><enum>(a)</enum><header display-inline="yes-display-inline">In general</header><text display-inline="yes-display-inline">Subpart B of part IV of subchapter A of <external-xref legal-doc="usc-chapter" parsable-cite="usc-chapter/26/1">chapter 1</external-xref> of the Internal Revenue Code of 1986 is amended by inserting after section 30D the following new section:</text> 
<quoted-block display-inline="no-display-inline" id="H8CC221A7C02F46738D6ACE75819D759F" style="OLC"> 
<section commented="no" display-inline="no-display-inline" id="H62A74656C6EF468BBAB4784DCE2F1940" section-type="subsequent-section"><enum>30E.</enum><header display-inline="yes-display-inline">State licensure and certification costs of military spouse arising from transfer of member of Armed Forces to another State</header> 
<subsection commented="no" display-inline="no-display-inline" id="H916125C481C54D89B2A9E4B2AFEA7673"><enum>(a)</enum><header display-inline="yes-display-inline">In general</header><text display-inline="yes-display-inline">In the case of an eligible individual, there shall be allowed as a credit against the tax imposed by this chapter for the taxable year an amount equal to the qualified relicensing costs of such individual which are paid or incurred by the taxpayer during the taxable year.</text></subsection> <subsection commented="no" display-inline="no-display-inline" id="H2E3FA7E12CA8418AB99AA82E717CE424"><enum>(b)</enum><header display-inline="yes-display-inline">Maximum credit</header><text display-inline="yes-display-inline">The credit allowed by this section with respect to each change of duty station shall not exceed $500.</text></subsection> 
<subsection commented="no" display-inline="no-display-inline" id="HD8FF2D5797C84B4EB9757F9563E12A93"><enum>(c)</enum><header display-inline="yes-display-inline">Definitions</header><text display-inline="yes-display-inline">For purposes of this section—</text> <paragraph commented="no" display-inline="no-display-inline" id="H44A60A9C216C40009269AAB3D04EB91B"><enum>(1)</enum><header display-inline="yes-display-inline">Eligible individual</header><text display-inline="yes-display-inline">The term <term>eligible individual</term> means any individual—</text> 
<subparagraph commented="no" display-inline="no-display-inline" id="H473A3078AA8E40D8AE4AB6527BD7689D"><enum>(A)</enum><text display-inline="yes-display-inline">who is married to a member of the Armed Forces of the United States at the time that the member moves to another State under a permanent change of station order, and</text></subparagraph> <subparagraph commented="no" display-inline="no-display-inline" id="HD83DB9ED2CAD4ED8BA1998A9FB270E47"><enum>(B)</enum><text display-inline="yes-display-inline">who moves to such other State with such member.</text></subparagraph></paragraph> 
<paragraph commented="no" display-inline="no-display-inline" id="H0CB203E68D744809AA7609C89E2D7BF7"><enum>(2)</enum><header display-inline="yes-display-inline">Qualified relicensing costs</header><text display-inline="yes-display-inline">The term <term>qualified relicensing costs</term> means costs—</text> <subparagraph commented="no" display-inline="no-display-inline" id="H46BCACAF641D4BC59ABCB31AF1F9B332"><enum>(A)</enum><text display-inline="yes-display-inline">which are for a license or certification required by the State referred to in paragraph (1) to engage in the profession that such individual engaged in while within the State from which the individual moved, and</text></subparagraph> 
<subparagraph commented="no" display-inline="no-display-inline" id="HD4E7955120E4433DA624267C477BF689"><enum>(B)</enum><text display-inline="yes-display-inline">which are paid or incurred during the period beginning on the date that the orders referred to in paragraph (1)(A) are issued and ending on the date which is 1 year after the reporting date specified in such orders.</text></subparagraph></paragraph></subsection></section><after-quoted-block>.</after-quoted-block></quoted-block></subsection> <subsection commented="no" display-inline="no-display-inline" id="HED35489AA18B40DFBFF7A0C159B7A1B5"><enum>(b)</enum><header display-inline="yes-display-inline">Clerical amendment</header><text display-inline="yes-display-inline">The table of sections for such subpart A is amended by inserting after the item relating to section 30D the following new item:</text> 
<toc regeneration="no-regeneration"> 
<toc-entry bold="off" level="section"><quote>Sec. 30E. State licensure and certification costs of military spouse arising from transfer of member of Armed Forces to another State.</quote>.</toc-entry></toc></subsection> 
<subsection commented="no" display-inline="no-display-inline" id="H0DB89D580ABE4F40BF81E9797383F10E"><enum>(c)</enum><header display-inline="yes-display-inline">Effective date</header><text display-inline="yes-display-inline">The amendments made by this section shall apply to taxable years beginning after December 31, 2016.</text></subsection></section> </legis-body></bill>

