<?xml version="1.0"?>
<?xml-stylesheet type="text/xsl" href="billres.xsl"?>
<!DOCTYPE bill PUBLIC "-//US Congress//DTDs/bill.dtd//EN" "bill.dtd">
<bill bill-stage="Introduced-in-House" bill-type="olc" dms-id="H207CAFD80FF240019010787217E64047" key="H" public-private="public"><metadata xmlns:dc="http://purl.org/dc/elements/1.1/">
<dublinCore>
<dc:title>115 HR 541 IH: Improving Oversight and Accountability in Medicaid Non-DSH Supplemental Payments Act</dc:title>
<dc:publisher>U.S. House of Representatives</dc:publisher>
<dc:date>2017-01-13</dc:date>
<dc:format>text/xml</dc:format>
<dc:language>EN</dc:language>
<dc:rights>Pursuant to Title 17 Section 105 of the United States Code, this file is not subject to copyright protection and is in the public domain.</dc:rights>
</dublinCore>
</metadata>
<form>
<distribution-code display="yes">I</distribution-code><congress display="yes">115th CONGRESS</congress><session display="yes">1st Session</session><legis-num display="yes">H. R. 541</legis-num><current-chamber>IN THE HOUSE OF REPRESENTATIVES</current-chamber><action display="yes"><action-date date="20170113">January 13, 2017</action-date><action-desc><sponsor name-id="C001092">Mr. Collins of New York</sponsor> (for himself, <cosponsor name-id="M001190">Mr. Mullin</cosponsor>, <cosponsor name-id="G000558">Mr. Guthrie</cosponsor>, <cosponsor name-id="B001275">Mr. Bucshon</cosponsor>, and <cosponsor name-id="F000461">Mr. Flores</cosponsor>) introduced the following bill; which was referred to the <committee-name committee-id="HIF00">Committee on Energy and Commerce</committee-name></action-desc></action><legis-type>A BILL</legis-type><official-title display="yes">To amend title XIX of the Social Security Act to improve the calculation, oversight, and
			 accountability of non-DSH supplemental payments under the Medicaid
			 program, and for other purposes.</official-title></form>
	<legis-body id="HCFD109A2D9114B1A8BCF4C2BC0126C4F" style="OLC">
 <section id="HFC1F1479856E45BF9FADA5C5104CD203" section-type="section-one"><enum>1.</enum><header>Short title; table of contents</header><text display-inline="no-display-inline">This Act may be cited as the <quote><short-title>Improving Oversight and Accountability in Medicaid Non-DSH Supplemental Payments Act</short-title></quote>.</text> </section><section id="H34E0271C033341C99436C796C8FC07B4"><enum>2.</enum><header>Improving calculation, oversight, and accountability of non-DSH supplemental payments under the medicaid program</header> <subsection id="H89E2B69E932C41969A0DED4CA88C61BC"><enum>(a)</enum><header>Guidance for states on non-DSH supplemental payments; state reporting and auditing requirements</header><text>Section 1903 of the Social Security Act (<external-xref legal-doc="usc" parsable-cite="usc/42/1396b">42 U.S.C. 1396b</external-xref>) is amended by adding at the end the following new subsection:</text>
				<quoted-block id="H615C17CE0D824AAAB105F079DEB90158" style="OLC">
					<subsection id="HA189461A16244A4DAC274A036032F068"><enum>(aa)</enum>
 <paragraph commented="no" display-inline="yes-display-inline" id="H0851395A2C674381A4A26D537D35C2EA"><enum>(1)</enum><text>Not later than 180 days after the date of the enactment of this subsection, the Secretary shall—</text> <subparagraph id="H4D304BB5709B48A8B8CE8C170C6101C3" indent="up1"><enum>(A)</enum><text>issue guidance to States that identifies permissible methods for calculation of non-DSH supplemental payments to providers to ensure such payments are consistent with section 1902(a)(30)(A) (including any regulations issued under such section such as the regulations specifying upper payment limits under the State plan in part 447 of title 42, Code of Federal Regulations (or any successor regulations));</text>
 </subparagraph><subparagraph id="H6130A8029839401A990FA8FA80AF9942" indent="up1"><enum>(B)</enum><text>establish annual reporting requirements for States making non-DSH supplemental payments that include—</text>
 <clause id="H81751685C24D45CD84FE84D0DD2761E7"><enum>(i)</enum><text display-inline="yes-display-inline">with respect to a provider that is a hospital, nursing facility, intermediate care facility for the mentally retarded, or an institution for mental diseases, or any other institution, an identification of each provider that received a non-DSH supplemental payment for the preceding fiscal year, the type of ownership or operating authority of each such provider, and the aggregate amount of such payments received by each provider for the preceding fiscal year broken out by category of service;</text>
 </clause><clause id="HD452801D790541B6847CFAD3F2F8673A"><enum>(ii)</enum><text>with respect a provider that is not described in clause (i), any information specified in the preceding paragraph, as determined appropriate by the Secretary; and</text>
 </clause><clause id="H0CA8A573D22E4290BFDBE036F26E5C36"><enum>(iii)</enum><text>such other information as the Secretary determines to be necessary to ensure that non-DSH supplemental payments made to providers under this section are consistent with section 1902(a)(30)(A); and</text>
 </clause></subparagraph><subparagraph id="H6CF46029B16A457E8199612681BED5EF" indent="up1"><enum>(C)</enum><text>establish requirements for States making non-DSH supplemental payments to conduct and submit to the Secretary an annual independent certified audit that verifies—</text>
 <clause id="HEFF51CA4F70F475B9DC9293BF2D24F48"><enum>(i)</enum><text>the extent to which non-DSH supplemental payments made in the preceding fiscal year are consistent with the guidance issued under subparagraph (A);</text>
 </clause><clause id="HABC782FD251B49B789DA6516DE170663"><enum>(ii)</enum><text display-inline="yes-display-inline">that payments made under the State plan (or under a waiver of the plan) are only for the provision of covered services to eligible individuals under the State plan (or under a waiver of the plan); and</text>
 </clause><clause id="H634AA41F5F6D45A3A62A0DB505C62CC4"><enum>(iii)</enum><text>any other information the Secretary determines is necessary to ensure non-DSH supplemental payments are consistent with applicable Federal laws and regulations.</text>
 </clause></subparagraph></paragraph><paragraph id="HEE18A7CA41994B45BE24C56EED1DED18" indent="up1"><enum>(2)</enum><text>For purposes of this subsection, the term <term>non-DSH supplemental payment</term> means a payment, other than a payment under section 1923, that—</text> <subparagraph id="HCAB58752F4B84DC69970876A417F4C86"><enum>(A)</enum><text>is identified by the Secretary through guidance described in paragraph (1)(A);</text>
 </subparagraph><subparagraph id="H32BEF78539A94910B3D9F11F206BD00C"><enum>(B)</enum><text display-inline="yes-display-inline">is made by a State to a provider under the State plan (or under a waiver of the plan) for an item or service furnished to an individual eligible for medical assistance under the State plan (or under a waiver of the plan); and</text>
 </subparagraph><subparagraph id="H1F8350A0BD304F5CB7E21DA1804B10A1"><enum>(C)</enum><text display-inline="yes-display-inline">is in addition to any base or standard payments made to a provider under the State plan (or under a waiver of the plan) for such an item or service, including any additional payments made to such provider that are not more than any limits imposed pursuant to section 1902(a)(30)(A) (including the regulations specifying upper payment limits under the State plan in part 447 of title 42, Code of Federal Regulations (or any successor regulations)).</text></subparagraph></paragraph></subsection><after-quoted-block>.</after-quoted-block></quoted-block>
 </subsection><subsection id="H84CAF6EC6EF1497D9151D7F473237599"><enum>(b)</enum><header>State reporting and auditing of non-DSH supplemental payments</header><text>Section 1903(i) of the Social Security Act (<external-xref legal-doc="usc" parsable-cite="usc/42/1396b">42 U.S.C. 1396b(i)</external-xref>) is amended—</text> <paragraph id="H9EA6BE77CA5E43338A1DD4D0979D0AFA"><enum>(1)</enum><text>in paragraph (26), by striking <quote>or</quote> at the end;</text>
 </paragraph><paragraph id="HAA18277492BA40A0850204421EC6AF3F"><enum>(2)</enum><text>by redesignating paragraph (27) as paragraph (28); and</text> </paragraph><paragraph id="H26A1A9642855411A8A7F1F543050B9F0"><enum>(3)</enum><text>by inserting after paragraph (26) the following new paragraph:</text>
					<quoted-block id="H3FCF85AF32BD4FE8BC86293F544213A5" style="OLC">
 <paragraph id="HD20BFB1CA2BB4933B359D175CC31D6AA"><enum>(27)</enum><text>with respect to amounts expended to make any non-DSH supplemental payment (as defined in subsection (aa)(2)), unless the State complies with the reporting and auditing requirements under subparagraphs (B) and (C) of subsection (aa)(1); or</text></paragraph><after-quoted-block>.</after-quoted-block></quoted-block>
				</paragraph></subsection></section></legis-body></bill>


