<?xml version="1.0"?>
<?xml-stylesheet type="text/xsl" href="billres.xsl"?>
<!DOCTYPE bill PUBLIC "-//US Congress//DTDs/bill.dtd//EN" "bill.dtd">
<bill bill-stage="Introduced-in-House" bill-type="olc" dms-id="HEFC64B18DA97417CA2A093CECDDC6BC9" key="H" public-private="public"><metadata xmlns:dc="http://purl.org/dc/elements/1.1/">
<dublinCore>
<dc:title>115 HR 587 IH: Fair RATES Act</dc:title>
<dc:publisher>U.S. House of Representatives</dc:publisher>
<dc:date>2017-01-17</dc:date>
<dc:format>text/xml</dc:format>
<dc:language>EN</dc:language>
<dc:rights>Pursuant to Title 17 Section 105 of the United States Code, this file is not subject to copyright protection and is in the public domain.</dc:rights>
</dublinCore>
</metadata>
<form>
<distribution-code display="yes">I</distribution-code><congress display="yes">115th CONGRESS</congress><session display="yes">1st Session</session><legis-num display="yes">H. R. 587</legis-num><current-chamber>IN THE HOUSE OF REPRESENTATIVES</current-chamber><action display="yes"><action-date date="20170117">January 17, 2017</action-date><action-desc><sponsor name-id="K000379">Mr. Kennedy</sponsor> introduced the following bill; which was referred to the <committee-name committee-id="HIF00">Committee on Energy and Commerce</committee-name></action-desc></action><legis-type>A BILL</legis-type><official-title display="yes">To amend the Federal Power Act to provide that any inaction by the Federal Energy Regulatory
			 Commission that allows a rate change to go into effect shall be treated as
			 an order by the Commission for purposes of rehearing and court review.</official-title></form>
	<legis-body id="H1349012D9AC340AE88C66ED50DDB6CB3" style="OLC">
 <section id="H193D80A696E449D19408053BAE1CF3A3" section-type="section-one"><enum>1.</enum><header>Short title</header><text display-inline="no-display-inline">This Act may be cited as the <quote><short-title>Fair Ratepayer Accountability, Transparency, and Efficiency Standards Act</short-title></quote> or the <quote>Fair RATES Act</quote>.</text> </section><section id="H12181F63C9254594A9D0ED902476B65B"><enum>2.</enum><header>Amendment to the Federal Power Act</header><text display-inline="no-display-inline">Subsection (d) of section 205 of the Federal Power Act (<external-xref legal-doc="usc" parsable-cite="usc/16/824d">16 U.S.C. 824d(d)</external-xref>) is amended by adding at the end the following: <quote>Any absence of action by the Commission that allows a change to take effect under this section, including the Commission allowing the sixty days’ notice herein provided to expire without Commission action, shall be treated as an order issued by the Commission accepting such change for purposes of section 313.</quote>.</text>
		</section></legis-body></bill>


