<?xml version="1.0"?>
<?xml-stylesheet type="text/xsl" href="billres.xsl"?>
<!DOCTYPE bill PUBLIC "-//US Congress//DTDs/bill.dtd//EN" "bill.dtd">
<bill bill-stage="Engrossed-in-House" dms-id="H98076BB53CBD40ACBD8DA60AB74BE9E9" public-private="public" bill-type="olc" stage-count="1"> 
<metadata xmlns:dc="http://purl.org/dc/elements/1.1/">
<dublinCore>
<dc:title>115 HR 240 EH: Leveraging Emerging Technologies Act of 2017</dc:title>
<dc:publisher>U.S. House of Representatives</dc:publisher>
<dc:date></dc:date>
<dc:format>text/xml</dc:format>
<dc:language>EN</dc:language>
<dc:rights>Pursuant to Title 17 Section 105 of the United States Code, this file is not subject to copyright protection and is in the public domain.</dc:rights>
</dublinCore>
</metadata>
<form>
<distribution-code display="no">I</distribution-code> 
<congress>115th CONGRESS</congress> <session>1st Session</session> 
<legis-num>H. R. 240</legis-num> 
<current-chamber display="no">IN THE HOUSE OF REPRESENTATIVES</current-chamber> 
<legis-type>AN ACT</legis-type> 
<official-title display="yes">To encourage engagement between the Department of Homeland Security and technology innovators, and for other purposes.</official-title> 
</form> 
<legis-body id="H115D301F8F0B4BC19D962FD43DD9C1D8" style="OLC"> 
<section id="H81A3B1B3067240F39C4B38E73FBF0364" section-type="section-one"><enum>1.</enum><header>Short title</header><text display-inline="no-display-inline">This Act may be cited as the <quote><short-title>Leveraging Emerging Technologies Act of 2017</short-title></quote>.</text></section> <section id="H451977D26CE64854AD1F76067D70D27C" display-inline="no-display-inline" section-type="subsequent-section"><enum>2.</enum><header>Innovation engagement</header> <subsection id="HA17C285732144D80BB539A9102853F26"><enum>(a)</enum><header>Innovation engagement</header> <paragraph id="H8C71FA1606964A38A097F4108B4BE91F"><enum>(1)</enum><header>In general</header><text display-inline="yes-display-inline">The Secretary of Homeland Security—</text> 
<subparagraph id="H78EB9D3F8B8841B3807B3803B7EFC0C5"><enum>(A)</enum><text display-inline="yes-display-inline">shall engage with innovative and emerging technology developers and firms, including technology-based small businesses and startup ventures, to address homeland security needs; and</text></subparagraph> <subparagraph id="H6D036651D80E48669C4142AA515DE0D8"><enum>(B)</enum><text>may identify geographic areas in the United States with high concentrations of such innovative and emerging technology developers and firms, and may establish personnel and office space in such areas, as appropriate.</text></subparagraph></paragraph> 
<paragraph id="H0917BFFDE1FF4C42A674D57ADCCF6394"><enum>(2)</enum><header>Engagement</header><text>Engagement under paragraph (1) may include innovative and emerging technology developers or firms with proven technologies, supported with outside investment, with potential applications for the Department of Homeland Security.</text></paragraph> <paragraph id="HC808E0A7079943A58D5C4890D8ECF5AB" commented="no"><enum>(3)</enum><header>Co-location</header><text>If the Secretary of Homeland Security determines that it is appropriate to establish personnel and office space in a specific geographic area in the United States pursuant to paragraph (1)(B), the Secretary shall co-locate such personnel and office space with other existing assets of—</text> 
<subparagraph id="H70ABD59567084EF79B09AB38738B7756" commented="no"><enum>(A)</enum><text>the Department of Homeland Security, where possible; or</text></subparagraph> <subparagraph id="H33C7E8A249D2438E9A01543611781F84" commented="no"><enum>(B)</enum><text>Federal facilities, where appropriate.</text></subparagraph></paragraph> 
<paragraph id="HF392628B75624ABA8D58C1194FCFC827"><enum>(4)</enum><header>Oversight</header><text display-inline="yes-display-inline">Not later than 30 days after establishing personnel and office space in a specific geographic area in the United States pursuant to paragraph (1)(B), the Secretary of Homeland Security shall inform Congress about the rationale for such establishment, the anticipated costs associated with such establishment, and the specific goals for such establishment.</text></paragraph></subsection> <subsection id="H611B7667D21A4E1491706DFFCD47A32F"><enum>(b)</enum><header>Strategic plan</header><text display-inline="yes-display-inline">Not later than 6 months after the date of the enactment of this section, the Secretary of Homeland Security shall develop, implement, and submit to the Committee on Homeland Security of the House of Representatives and the Committee on Homeland Security and Governmental Affairs of the Senate a Department of Homeland Security-wide strategy to proactively engage with innovative and emerging technology developers and firms, including technology-based small businesses and startup ventures, in accordance with subsection (a). Such strategy shall—</text> 
<paragraph id="HE2C5BF7D412C481D8A6B5C2A33FDDE4C"><enum>(1)</enum><text display-inline="yes-display-inline">focus on sustainable methods and guidance to build relationships, including with such innovative and emerging technology developers and firms in geographic areas in the United States with high concentrations of such innovative and emerging technology developers and firms, and in geographic areas outside such areas, to establish, develop, and enhance departmental capabilities to address homeland security needs;</text></paragraph> <paragraph id="HEB509675EA26420EAD2DA61EE83C0FD0"><enum>(2)</enum><text>include efforts to—</text> 
<subparagraph id="H07158F91FBFF43B7B37104917A260F97"><enum>(A)</enum><text>ensure proven innovative and emerging technologies can be included in existing and future acquisition contracts;</text></subparagraph> <subparagraph id="HA6658E3C2D524286B1257E4F57AB347C"><enum>(B)</enum><text display-inline="yes-display-inline">coordinate with organizations that provide venture capital to businesses, particularly small businesses and startup ventures, as appropriate, to assist the commercialization of innovative and emerging technologies that are expected to be ready for commercialization in the near term and within 36 months; and</text></subparagraph> 
<subparagraph id="H3844579C19144D10B4BEE858EE3A0ABF"><enum>(C)</enum><text display-inline="yes-display-inline">address barriers to the utilization of innovative and emerging technologies and the engagement of small businesses and startup ventures in the acquisition process;</text></subparagraph></paragraph> <paragraph id="H252AA3BC50E94DD7A8C2F3B922CC1CD7"><enum>(3)</enum><text>include a description of how the Department plans to leverage proven innovative and emerging technologies to address homeland security needs; and</text></paragraph> 
<paragraph id="HE5E93EA69E754FBF95F1FF473163BBA1"><enum>(4)</enum><text>include the criteria the Secretary plans to use to determine an innovation or technology is proven.</text></paragraph></subsection> <subsection id="HCAD45DA070264368BF4B4D4C6B9592AD"><enum>(c)</enum><header>No additional funds authorized</header><text>No additional funds are authorized to carry out the requirements of this Act. Such requirements shall be carried out using amounts otherwise authorized.</text></subsection></section> 
</legis-body> <attestation><attestation-group><attestation-date date="20170110" chamber="House">Passed the House of Representatives January 10, 2017.</attestation-date><attestor display="no">Karen L. Haas,</attestor><role>Clerk.</role></attestation-group></attestation>
<endorsement display="yes"></endorsement>
</bill> 


