<?xml version="1.0"?>
<?xml-stylesheet type="text/xsl" href="billres.xsl"?>
<!DOCTYPE bill PUBLIC "-//US Congress//DTDs/bill.dtd//EN" "bill.dtd">
<bill bill-stage="Introduced-in-House" bill-type="olc" dms-id="H6F14358330DD454CB542551B11642A23" key="H" public-private="public"><metadata xmlns:dc="http://purl.org/dc/elements/1.1/">
<dublinCore>
<dc:title>115 HR 411 IH: Veteran Suicide Prevention Act</dc:title>
<dc:publisher>U.S. House of Representatives</dc:publisher>
<dc:date>2017-01-10</dc:date>
<dc:format>text/xml</dc:format>
<dc:language>EN</dc:language>
<dc:rights>Pursuant to Title 17 Section 105 of the United States Code, this file is not subject to copyright protection and is in the public domain.</dc:rights>
</dublinCore>
</metadata>
<form>
<distribution-code display="yes">I</distribution-code><congress display="yes">115th CONGRESS</congress><session display="yes">1st Session</session><legis-num display="yes">H. R. 411</legis-num><current-chamber>IN THE HOUSE OF REPRESENTATIVES</current-chamber><action display="yes"><action-date date="20170110">January 10, 2017</action-date><action-desc><sponsor name-id="K000210">Mr. King of New York</sponsor> (for himself, <cosponsor name-id="A000374">Mr. Abraham</cosponsor>, <cosponsor name-id="R000600">Mrs. Radewagen</cosponsor>, <cosponsor name-id="D000216">Ms. DeLauro</cosponsor>, <cosponsor name-id="S001196">Ms. Stefanik</cosponsor>, <cosponsor name-id="C001103">Mr. Carter of Georgia</cosponsor>, <cosponsor name-id="G000574">Mr. Gallego</cosponsor>, <cosponsor name-id="B000490">Mr. Bishop of Georgia</cosponsor>, <cosponsor name-id="W000795">Mr. Wilson of South Carolina</cosponsor>, <cosponsor name-id="O000170">Mr. O'Rourke</cosponsor>, <cosponsor name-id="P000608">Mr. Peters</cosponsor>, <cosponsor name-id="J000295">Mr. Joyce of Ohio</cosponsor>, <cosponsor name-id="M001181">Mr. Meehan</cosponsor>, <cosponsor name-id="J000255">Mr. Jones</cosponsor>, <cosponsor name-id="R000577">Mr. Ryan of Ohio</cosponsor>, <cosponsor name-id="S000480">Ms. Slaughter</cosponsor>, <cosponsor name-id="C000714">Mr. Conyers</cosponsor>, <cosponsor name-id="K000375">Mr. Keating</cosponsor>, <cosponsor name-id="C001077">Mr. Coffman</cosponsor>, <cosponsor name-id="C001096">Mr. Cramer</cosponsor>, <cosponsor name-id="L000554">Mr. LoBiondo</cosponsor>, <cosponsor name-id="Q000023">Mr. Quigley</cosponsor>, <cosponsor name-id="S001170">Ms. Shea-Porter</cosponsor>, <cosponsor name-id="Y000062">Mr. Yarmuth</cosponsor>, <cosponsor name-id="C001084">Mr. Cicilline</cosponsor>, <cosponsor name-id="D000624">Mrs. Dingell</cosponsor>, <cosponsor name-id="C001053">Mr. Cole</cosponsor>, <cosponsor name-id="P000597">Ms. Pingree</cosponsor>, <cosponsor name-id="C001105">Mrs. Comstock</cosponsor>, <cosponsor name-id="M001184">Mr. Massie</cosponsor>, <cosponsor name-id="R000515">Mr. Rush</cosponsor>, <cosponsor name-id="C001097">Mr. Cárdenas</cosponsor>, <cosponsor name-id="Y000063">Mr. Yoder</cosponsor>, <cosponsor name-id="M001196">Mr. Moulton</cosponsor>, and <cosponsor name-id="H001047">Mr. Himes</cosponsor>) introduced the following bill; which was referred to the <committee-name committee-id="HVR00">Committee on Veterans' Affairs</committee-name></action-desc></action><legis-type>A BILL</legis-type><official-title display="yes">To direct the Secretary of Veterans Affairs to conduct a review of the deaths of certain veterans
			 who died by suicide, and for other purposes.</official-title></form>
	<legis-body id="HEA3EDC4D3C9542FA910E122D2311507C" style="OLC">
 <section id="H7455C1B1511142839203939F02D91116" section-type="section-one"><enum>1.</enum><header>Short title</header><text display-inline="no-display-inline">This Act may be cited as the <quote><short-title>Veteran Suicide Prevention Act</short-title></quote>.</text> </section><section id="H48F3CC9D11564EB49EE5D0630420912C"><enum>2.</enum><header>Department of Veterans Affairs review of certain veterans’ deaths by suicide</header> <subsection id="HA13DF0CB8EB444ADB83ED4BE975652F2"><enum>(a)</enum><header>Review required</header><text display-inline="yes-display-inline">Not later than 18 months after the date of the enactment of this Act, the Secretary of Veterans Affairs shall complete a review of the deaths of all covered veterans who died by suicide during the five-year period preceding the date of the enactment of this Act. Such review shall include—</text>
 <paragraph id="H2F8266EB8EF446119110AF8F94C49A80"><enum>(1)</enum><text display-inline="yes-display-inline">the total number of veterans who died by suicide during the five-year period preceding the date of the enactment of this Act;</text>
 </paragraph><paragraph id="H441C593D7DA84EF4AA6BEE219AF575EC"><enum>(2)</enum><text>a summary of such veterans that includes the age, gender, and race of such veterans;</text> </paragraph><paragraph id="H6EC7161C671D44CDBDC845AB586A2A5D"><enum>(3)</enum><text>a comprehensive list of the medications prescribed to, and found in the systems of, such veterans at the time of their deaths, specifically listing any medications that carried a black box warning, were off-label, psychotropic, or carried warnings that included suicidal ideation;</text>
 </paragraph><paragraph id="H2EF5AC0E88EB4E4F80809E9C020D14A0"><enum>(4)</enum><text>a summary of medical diagnoses by Department of Veterans Affairs physicians which led to the prescribing of the medications referred to in paragraph (3);</text>
 </paragraph><paragraph id="H66A323292D684D248BA5D18B2DB4C775"><enum>(5)</enum><text>the number of instances in which the veteran who died by suicide was concurrently on multiple medications prescribed by Department of Veterans Affairs physicians;</text>
 </paragraph><paragraph id="HC60CA861BA05407E9CEFCE4222362F87"><enum>(6)</enum><text>the percentage of veterans who died by suicide who were not taking any medication prescribed by a Department of Veterans Affairs physician;</text>
 </paragraph><paragraph id="HDCCACE76B45541DAAAEC41ECC7ECA3AD"><enum>(7)</enum><text>the percentage of veterans referred to in paragraph (1) with combat experience or trauma (including, but not limited to military sexual trauma, traumatic brain injury, and post-traumatic stress);</text>
 </paragraph><paragraph id="HF732D3BD681E47A6932598AE6B9E1151"><enum>(8)</enum><text>Veterans Health Administration facilities with markedly high prescription and suicide rates of patients being treated at those facilities;</text>
 </paragraph><paragraph id="H187A84E0028148E4966D9167D92D5149"><enum>(9)</enum><text>a description of Department of Veterans Affairs policies governing the prescribing of medications referred to in paragraph (3);</text>
 </paragraph><paragraph id="H0E684AF2CC1D4371AE9348782E4A8095"><enum>(10)</enum><text>any patterns apparent to the Secretary based on the review; and</text> </paragraph><paragraph id="HAD16E81A54DC466087B406D2B75E0D2A"><enum>(11)</enum><text>recommendations for further action that would improve the safety and well-being of veterans.</text>
 </paragraph></subsection><subsection id="H85A52744E2F444D2946A6EAC06D2DEBA"><enum>(b)</enum><header>Public availability</header><text>Not later than 30 days after the completion of the review required under subsection (a), the Secretary shall—</text>
 <paragraph id="H32E449E7B1044CFCA422A3AB810BBC66"><enum>(1)</enum><text>submit to Congress a report on the results of the review; and</text> </paragraph><paragraph id="H3EB9A7D716834D86A8A3B84D182055D4"><enum>(2)</enum><text>make such report publicly available.</text>
 </paragraph></subsection><subsection id="H8C64D9EBD1E646D0B17FE76D530B5816"><enum>(c)</enum><header>Covered veteran</header><text display-inline="yes-display-inline">In this section:</text> <paragraph id="H55629810E7EF4CF1AA06CC31A09A428B"><enum>(1)</enum><text>The term <quote>covered veteran</quote> means any veteran who received hospital care or medical services furnished by the Department of Veterans Affairs during the five-year period preceding the death of the veteran.</text>
 </paragraph><paragraph id="H13E3E3934E5C43C280813A07A7A58D8F"><enum>(2)</enum><text display-inline="yes-display-inline">The term <quote>black box warning</quote> means a warning displayed within a box in the prescribing information for drugs that have special problems, particularly ones that may lead to death or serious injury.</text>
				</paragraph></subsection></section></legis-body></bill>


