<?xml version="1.0"?>
<?xml-stylesheet type="text/xsl" href="billres.xsl"?>
<!DOCTYPE bill PUBLIC "-//US Congress//DTDs/bill.dtd//EN" "bill.dtd">
<bill bill-stage="Introduced-in-House" bill-type="olc" dms-id="H0C91701D343F4EC5AE88C0407B83A22A" key="H" public-private="public">
	<metadata xmlns:dc="http://purl.org/dc/elements/1.1/">
<dublinCore>
<dc:title>115 HR 324 IH: Medicaid Bump Act of 2017</dc:title>
<dc:publisher>U.S. House of Representatives</dc:publisher>
<dc:date>2017-01-05</dc:date>
<dc:format>text/xml</dc:format>
<dc:language>EN</dc:language>
<dc:rights>Pursuant to Title 17 Section 105 of the United States Code, this file is not subject to copyright protection and is in the public domain.</dc:rights>
</dublinCore>
</metadata>
<form>
		<distribution-code display="yes">I</distribution-code>
		<congress>115th CONGRESS</congress>
		<session>1st Session</session>
		<legis-num>H. R. 324</legis-num>
		<current-chamber>IN THE HOUSE OF REPRESENTATIVES</current-chamber>
		<action>
			<action-date date="20170105">January 5, 2017</action-date>
			<action-desc><sponsor name-id="K000379">Mr. Kennedy</sponsor> (for himself and <cosponsor name-id="L000570">Mr. Ben Ray Luján of New Mexico</cosponsor>) introduced the following bill; which was referred to the <committee-name committee-id="HIF00">Committee on Energy and Commerce</committee-name></action-desc>
		</action>
		<legis-type>A BILL</legis-type>
		<official-title display="yes">To amend title XIX of the Social Security Act to provide a higher Federal matching rate for
			 increased expenditures under Medicaid for mental and behavioral health
			 services, and for other purposes.</official-title>
	</form>
	<legis-body id="H266BBDF59D0A4DFDA4BCF4550F4A3A34" style="OLC">
		<section id="HFF0E39F842FD46CEBBC80183CC8A108C" section-type="section-one"><enum>1.</enum><header>Short title</header>
 <text display-inline="no-display-inline">This Act may be cited as the <quote><short-title>Medicaid Bump Act of 2017</short-title></quote>.</text> </section><section id="idA53C88933C0F417B953D03515609FAA8" section-type="subsequent-section"><enum>2.</enum><header>Higher FMAP for increased expenditures under Medicaid for mental and behavioral health services</header> <subsection id="idAD08DD63D4754508903A534FE5FFFF8E"><enum>(a)</enum><header>In general</header><text>Section 1903(a)(5) of the Social Security Act (<external-xref legal-doc="usc" parsable-cite="usc/42/1396b">42 U.S.C. 1396b(a)(5)</external-xref>) is amended—</text>
 <paragraph id="idD1E46C910BB54E059F606FFB92FFAB50"><enum>(1)</enum><text>by striking <quote>an amount equal</quote> and inserting <quote>(A) an amount equal</quote>; and</text> </paragraph><paragraph id="idBD77F9BEBDBA412EB9EA59AD33EF5A88"><enum>(2)</enum><text>by adding at the end the following:</text>
					<quoted-block display-inline="yes-display-inline" id="idA7ACA312605D43C59562289F003D4DD3" style="OLC">
 <text>and</text><subparagraph id="idE880FE74A9AB46A59410D88B92227A3C" indent="up1"><enum>(B)</enum><text>an amount equal to 90 percent of the amounts by which—</text> <clause id="idDA5582ABC95F440DA2F9179A732AE1A7"><enum>(i)</enum><text>the sum of the amounts expended which are attributable to the offering, arranging, and furnishing (directly or on a contract basis) under the State plan of mental and behavioral health services (including those related to substance use) for such quarter, exceeds</text>
 </clause><clause id="idF7F961086750495AACE44EF1BBEF644F"><enum>(ii)</enum><text>the sum of the amounts expended which are attributable to the offering, arranging, and furnishing (directly or on a contract basis) under the State plan of such services for the corresponding quarter in the four-quarter period ending on March 31, 2017, plus</text></clause></subparagraph><after-quoted-block>.</after-quoted-block></quoted-block>
 </paragraph></subsection><subsection id="idAF92BFEB0B944A8C84FF20C70F2A4891"><enum>(b)</enum><header>Effective Date</header><text>The amendments made by this section shall apply with respect to calendar quarters beginning on or after January 1, 2018.</text>
 </subsection></section><section id="id805075525AFC4C0990C7871C7B01F159"><enum>3.</enum><header>MACPAC report regarding mental and behavioral health services</header><text display-inline="no-display-inline">Section 1900(b)(6) of the Social Security Act (<external-xref legal-doc="usc" parsable-cite="usc/42/1396">42 U.S.C. 1396(b)(6)</external-xref>) is amended by adding at the end the following new subparagraph:</text>
			<quoted-block display-inline="no-display-inline" id="idD58B2FABA3864AEBA729BE538A25C2A0" style="OLC">
				<subparagraph id="id6BD9E437C61B4F51B4F9689BB445A0C1"><enum>(C)</enum><header>Annual reports regarding mental and behavioral health services</header>
 <clause id="id18BE2D45F041444EA9F358BCB25111BD"><enum>(i)</enum><header>In general</header><text>For each year (beginning with 2018), MACPAC shall submit to Congress a report on mental and behavioral health services under this title in each State selected under clause (iii) for such year. Such report shall include information on the following under this title for each such State:</text>
 <subclause id="idDE32A88A32124FD5A67D558DDF66752F"><enum>(I)</enum><text>Payment rates for such services.</text> </subclause><subclause id="id45E2C0E4C4474F838E096C364B0A16BD"><enum>(II)</enum><text>The rationale for deriving such payment rates.</text>
 </subclause><subclause id="id8C5F4DAC0E0647AF8499A89C06CAD6E0"><enum>(III)</enum><text>Utilization of such services.</text> </subclause></clause><clause id="id9B6DB1F116844E9BA781F28AE8B3E5DC"><enum>(ii)</enum><header>Availability of DHHS information</header><text>The Secretary shall periodically provide to MACPAC such information on mental and behavioral health services furnished to individuals receiving benefits under this title as MACPAC may request for purposes of preparing a report required under this subparagraph.</text>
					</clause><clause id="idD9D3689A4FBD4DFCA7987368F27FE7B5"><enum>(iii)</enum><header>Selection of States</header>
 <subclause id="idEBD3D9DDD1C84995A620D4F75F45772C"><enum>(I)</enum><header>In general</header><text>For each year (beginning with 2018), MACPAC shall select, subject to subclause (II), for purposes of the report required under clause (i) for such year not fewer than five States that, to the greatest extent possible, vary with respect to geography, demography, and the manner in which mental and behavioral health services are furnished under this title.</text>
 </subclause><subclause id="idD696C953555246F7959A797101D083E6"><enum>(II)</enum><header>Ensuring eventual selection of all States</header><text>A State that has been selected for a year may not be selected for a subsequent year unless all other States have been selected during the period beginning with such year and ending with such subsequent year.</text></subclause></clause></subparagraph><after-quoted-block>.</after-quoted-block></quoted-block></section></legis-body>
</bill>


