<?xml version="1.0"?>
<?xml-stylesheet type="text/xsl" href="billres.xsl"?>
<!DOCTYPE bill PUBLIC "-//US Congress//DTDs/bill.dtd//EN" "bill.dtd">
<bill bill-stage="Introduced-in-House" bill-type="olc" dms-id="H9BCCD66F8AB64E8490943F0132FA5D56" key="H" public-private="public"><metadata xmlns:dc="http://purl.org/dc/elements/1.1/">
<dublinCore>
<dc:title>115 HR 186 IH: United States Virgin Islands College Access Act of 2017</dc:title>
<dc:publisher>U.S. House of Representatives</dc:publisher>
<dc:date>2017-01-03</dc:date>
<dc:format>text/xml</dc:format>
<dc:language>EN</dc:language>
<dc:rights>Pursuant to Title 17 Section 105 of the United States Code, this file is not subject to copyright protection and is in the public domain.</dc:rights>
</dublinCore>
</metadata>
<form>
<distribution-code display="yes">I</distribution-code><congress display="yes">115th CONGRESS</congress><session display="yes">1st Session</session><legis-num display="yes">H. R. 186</legis-num><current-chamber>IN THE HOUSE OF REPRESENTATIVES</current-chamber><action display="yes"><action-date date="20170103">January 3, 2017</action-date><action-desc><sponsor name-id="P000610">Ms. Plaskett</sponsor> introduced the following bill; which was referred to the <committee-name committee-id="HED00">Committee on Education and the Workforce</committee-name></action-desc></action><legis-type>A BILL</legis-type><official-title display="yes">To establish a program that enables college-bound residents of the United States Virgin Islands to
			 have greater choices among institutions of higher education, and for other
			 purposes.</official-title></form>
	<legis-body id="HD75B6CEF795B49D29CEACFA90988F0F4" style="OLC">
 <section id="HF6B161E2D051485AA00E8BF332417839" section-type="section-one"><enum>1.</enum><header>Short title</header><text display-inline="no-display-inline">This Act may be cited as the <quote><short-title>United States Virgin Islands College Access Act of 2017</short-title></quote>.</text> </section><section id="H02D7B141E9654D389252A0CF702DD064"><enum>2.</enum><header>Purpose</header><text display-inline="no-display-inline">It is the purpose of this Act to establish a program that enables college-bound residents of the United States Virgin Islands to have greater choices among institutions of higher education.</text>
		</section><section id="HD17BE93D166F44C3AD6C9DA6DEF44BA0"><enum>3.</enum><header>Public school grants</header>
			<subsection id="HAD5AE22860D64EE9813627114A627339"><enum>(a)</enum><header>Grants</header>
 <paragraph id="H9734EE2C74214271B7A67A8C3BE3C890"><enum>(1)</enum><header>In general</header><text>From amounts appropriated under <internal-xref idref="HE165A584FF4748A89B6C79C100916AC4" legis-path="3.(i)">subsection (i)</internal-xref>, the Governor shall award grants to eligible institutions that enroll eligible students to pay the difference between the tuition and fees charged for in-State students and the tuition and fees charged for out-of-State students on behalf of each eligible student enrolled in the eligible institution.</text>
 </paragraph><paragraph id="H09AE163137B642108022241214DB889E"><enum>(2)</enum><header>Maximum student amounts</header><text>The amount paid on behalf of an eligible student under this section shall be—</text> <subparagraph id="HF8F18E51877047E0B6BEA192BA216287"><enum>(A)</enum><text>not more than $10,000 for any one award year (as defined in section 481 of the <act-name parsable-cite="HEA65">Higher Education Act of 1965</act-name> (<external-xref legal-doc="usc" parsable-cite="usc/20/1088">20 U.S.C. 1088</external-xref>)); and</text>
 </subparagraph><subparagraph id="H38BBB33CB13549D7926E664BA4BF79AC"><enum>(B)</enum><text>not more than $50,000 in the aggregate.</text> </subparagraph></paragraph><paragraph id="H51679D29731146DC96EE223B5FDAAE81"><enum>(3)</enum><header>Proration</header><text>The Governor shall prorate payments under this section for students who attend an eligible institution on less than a full-time basis.</text>
				</paragraph></subsection><subsection id="HEE5E071463A34B998888B3A1245F4E3C"><enum>(b)</enum><header>Reduction for insufficient appropriations</header>
 <paragraph id="H483F54B96E674D4783E84A5C32398B33"><enum>(1)</enum><header>In general</header><text>If the funds appropriated pursuant to <internal-xref idref="HE165A584FF4748A89B6C79C100916AC4" legis-path="3.(i)">subsection (i)</internal-xref> for any fiscal year are insufficient to award a grant in the amount determined under <internal-xref idref="HAD5AE22860D64EE9813627114A627339" legis-path="3.(a)">subsection (a)</internal-xref> on behalf of each eligible student enrolled in an eligible institution, then the Governor, in consultation with the Secretary of Education, shall—</text>
 <subparagraph id="H1EE952EBC26549FD8896E29D4EFAA9F5"><enum>(A)</enum><text>first, ratably reduce the amount of the tuition and fee payment made on behalf of each eligible student who has not received funds under this section for a preceding year; and</text>
 </subparagraph><subparagraph id="HC8A01ADEBBFB4130B59AFEDFAB704466"><enum>(B)</enum><text>after making reductions under <internal-xref idref="H1EE952EBC26549FD8896E29D4EFAA9F5" legis-path="3.(b)(1)(A)">subparagraph (A)</internal-xref>, ratably reduce the amount of the tuition and fee payments made on behalf of all other eligible students.</text>
 </subparagraph></paragraph><paragraph id="H53BECC7347E34F36A71F232EF4C6AE52"><enum>(2)</enum><header>Adjustments</header><text>The Governor, in consultation with the Secretary of Education, may adjust the amount of tuition and fee payments made under <internal-xref idref="H483F54B96E674D4783E84A5C32398B33" legis-path="3.(b)(1)">paragraph (1)</internal-xref> based on—</text>
 <subparagraph id="HCFCA819FE7B4417694ACC0F82AFC87DA"><enum>(A)</enum><text>the financial need of the eligible students to avoid undue hardship to the eligible students; or</text> </subparagraph><subparagraph id="H02194271552D4F51B761C53581E310ED"><enum>(B)</enum><text>undue administrative burdens on the Governor.</text>
 </subparagraph></paragraph><paragraph id="H8178E10FA1CE4B62A0AE77D7057A7441"><enum>(3)</enum><header>Further adjustments</header><text>Notwithstanding paragraphs (1) and (2), the Governor may prioritize the making or amount of tuition and fee payments under this subsection based on the income and need of eligible students.</text>
 </paragraph></subsection><subsection id="H6D7E86655FBB4317AC6B861F860EE9B6"><enum>(c)</enum><header>Definitions</header><text>In this section:</text> <paragraph id="H4A282CE786C447658DF31F4A4D81FAA7"><enum>(1)</enum><header>Eligible institution</header><text>The term <term>eligible institution</term> means an institution that—</text>
 <subparagraph id="H13972FD9ADD047C88C800CA70D824B34"><enum>(A)</enum><text>is a public four-year institution of higher education located in one of the several States, the District of Columbia, Puerto Rico, or Guam;</text>
 </subparagraph><subparagraph id="HF6CF553C23A94D90A037DD54D1425EA3"><enum>(B)</enum><text>is eligible to participate in the student financial assistance programs under title IV of the <act-name parsable-cite="HEA65">Higher Education Act of 1965</act-name> (<external-xref legal-doc="usc" parsable-cite="usc/20/1070">20 U.S.C. 1070 et seq.</external-xref>); and</text> </subparagraph><subparagraph id="H908C0CBBC181407CA4EAEE3E914AB53B"><enum>(C)</enum><text display-inline="yes-display-inline">enters into an agreement with the Governor containing such terms and conditions as the Governor and institution may jointly specify, including a requirement that the institution use the funds made available under this section to supplement and not supplant assistance that otherwise would be provided to eligible students from the United States Virgin Islands.</text>
 </subparagraph></paragraph><paragraph id="H94281A8D9FDF4B3BBA678392E13654B3"><enum>(2)</enum><header>Eligible student</header><text>The term <term>eligible student</term> means an individual who—</text> <subparagraph id="HF6F01C38492549E39744995B098487B5"><enum>(A)</enum><text display-inline="yes-display-inline">was domiciled in the United States Virgin Islands for not less than the 12 consecutive months preceding the commencement of the freshman year at an institution of higher education;</text>
 </subparagraph><subparagraph id="H7D1F677D818F433D810B3EBA6244AEFB"><enum>(B)</enum><text display-inline="yes-display-inline">graduated from a secondary school in the United States Virgin Islands, or received the recognized equivalent of a secondary school diploma while domiciled in the United States Virgin Islands, on or after January 1, 2013;</text>
 </subparagraph><subparagraph id="H978316D535F044039FC2D629207E51B3"><enum>(C)</enum><text>begins the individual’s undergraduate course of study within the three calendar years (excluding any period of service on active duty in the Armed Forces, or service under the Peace Corps Act (<external-xref legal-doc="usc" parsable-cite="usc/22/2501">22 U.S.C. 2501 et seq.</external-xref>) or subtitle D of title I of the National and Community Service Act of 1990 (<external-xref legal-doc="usc" parsable-cite="usc/42/12571">42 U.S.C. 12571 et seq.</external-xref>)) of graduation from a secondary school, or obtaining the recognized equivalent of a secondary school diploma;</text>
 </subparagraph><subparagraph id="HA63BA4F860F84EB490A478C268D1198E"><enum>(D)</enum><text>is enrolled or accepted for enrollment, on at least a half-time basis, in a baccalaureate degree or other program (including a program of study abroad approved for credit by the institution at which such student is enrolled) leading to a recognized educational credential at an eligible institution;</text>
 </subparagraph><subparagraph id="HB8C0550D41964EE8B03A703A27B6EFF9"><enum>(E)</enum><text>if enrolled in an eligible institution, is maintaining satisfactory progress in the course of study the student is pursuing in accordance with section 484(c) of the <act-name parsable-cite="HEA65">Higher Education Act of 1965</act-name> (<external-xref legal-doc="usc" parsable-cite="usc/20/1091">20 U.S.C. 1091(c)</external-xref>);</text>
 </subparagraph><subparagraph id="HC4596F42552843FB9CEF33BF112D2F59"><enum>(F)</enum><text>while enrolled in an eligible institution, maintains the United States Virgin Islands as the individual’s principal place of residence for purposes of the laws of the United States Virgin Islands; and</text>
 </subparagraph><subparagraph id="HEA3652D9746447AC915B1C9E66F30C83"><enum>(G)</enum><text>has not completed the individual’s first undergraduate baccalaureate course of study.</text> </subparagraph></paragraph><paragraph id="H8F7650188F7C42D99206FF998611C86F"><enum>(3)</enum><header>Institution of higher education</header><text>The term <term>institution of higher education</term> has the meaning given the term in section 101 of the <act-name parsable-cite="HEA65">Higher Education Act of 1965</act-name> (<external-xref legal-doc="usc" parsable-cite="usc/20/1001">20 U.S.C. 1001</external-xref>).</text>
 </paragraph><paragraph id="H6422472C903943EB8A14912483F8900E"><enum>(4)</enum><header>Governor</header><text display-inline="yes-display-inline">The term <term>Governor</term> means the Governor of the United States Virgin Islands.</text> </paragraph><paragraph id="HB00B7FDA1C524883A92F8A772E8FC690"><enum>(5)</enum><header>Secondary school</header><text>The term <term>secondary school</term> has the meaning given the term in section 8101 of the <act-name parsable-cite="ESEA">Elementary and Secondary Education Act of 1965</act-name> (<external-xref legal-doc="usc" parsable-cite="usc/20/7801">20 U.S.C. 7801</external-xref>).</text>
 </paragraph><paragraph id="HE27CC64C11FE447DBE5917DD09EB878F"><enum>(6)</enum><header>Secretary</header><text>The term <term>Secretary</term> means the Secretary of Education.</text> </paragraph></subsection><subsection id="HB153A68FEFA84A9D86FB70FBBE82D397"><enum>(d)</enum><header>Construction</header><text>Nothing in this Act shall be construed to require an institution of higher education to alter the institution’s admissions policies or standards in any manner to enable an eligible student to enroll in the institution.</text>
 </subsection><subsection id="H174D1EB2E31347478E8408D3486B074A"><enum>(e)</enum><header>Applications</header><text>Each student desiring a tuition payment under this section shall submit an application to the eligible institution at such time, in such manner, and accompanied by such information as the eligible institution may require.</text>
			</subsection><subsection id="H8417CA4839014FF482C4DF9C992141BC"><enum>(f)</enum><header>Administration of Program</header>
 <paragraph id="H34C0827CEE344F819FC024D480404783"><enum>(1)</enum><header>In general</header><text>The Governor shall carry out the program under this section in consultation with the Secretary. The Governor may enter into a grant, contract, or cooperative agreement with another public or private entity to administer the program under this section if the Governor determines that doing so is a more efficient way of carrying out the program.</text>
 </paragraph><paragraph id="H43F2E74C5EAE4005BD76BC4E05AB36F8"><enum>(2)</enum><header>Policies and procedures</header><text>The Governor, in consultation with institutions of higher education eligible for participation in the program authorized under this section, shall develop policies and procedures for the administration of the program.</text>
 </paragraph><paragraph id="H18C1EF87A1FA44C498C4367B70451C63"><enum>(3)</enum><header>Memorandum of agreement</header><text>The Governor and the Secretary shall enter into a Memorandum of Agreement that describes—</text> <subparagraph commented="no" id="HB0DA49486B4646FAA7BD94B9094E326A"><enum>(A)</enum><text>the manner in which the Governor shall consult with the Secretary with respect to administering the program under this section; and</text>
 </subparagraph><subparagraph commented="no" id="H32D1739A68514F0D899059CA8C6720F9"><enum>(B)</enum><text>any technical or other assistance to be provided to the Governor by the Secretary for purposes of administering the program under this section (which may include access to the information in the common financial reporting form developed under section 483 of the <act-name parsable-cite="HEA65">Higher Education Act of 1965</act-name> (<external-xref legal-doc="usc" parsable-cite="usc/20/1090">20 U.S.C. 1090</external-xref>)).</text>
 </subparagraph></paragraph></subsection><subsection id="HDC68B66035094AFAA21530E373780FB4"><enum>(g)</enum><header>Governor’s Report</header><text>The Governor shall report to Congress annually regarding—</text> <paragraph id="H8CB042CEFAD84704A6243F85C600358E"><enum>(1)</enum><text>the number of eligible students attending each eligible institution and the amount of the grant awards paid to those institutions on behalf of the eligible students;</text>
 </paragraph><paragraph id="H8304A7792FB546DAA685C80935C4990C"><enum>(2)</enum><text>the extent, if any, to which a ratable reduction was made in the amount of tuition and fee payments made on behalf of eligible students; and</text>
 </paragraph><paragraph id="HF0C4FDC6FD764706A307D1DB2130520C"><enum>(3)</enum><text>the progress in obtaining recognized academic credentials of the cohort of eligible students for each year.</text>
 </paragraph></subsection><subsection id="H3BAAAE31B1584459A8F102B96FAB844C"><enum>(h)</enum><header>GAO Report</header><text>Beginning on the date of the enactment of this Act, the Comptroller General of the United States shall monitor the effect of the program assisted under this section on educational opportunities for eligible students. The Comptroller General shall analyze whether eligible students had difficulty gaining admission to eligible institutions because of any preference afforded in-State residents by eligible institutions, and shall expeditiously report any findings regarding such difficulty to Congress and the Governor. In addition, the Comptroller General shall—</text>
 <paragraph id="H146D5748F2DE4D9DA283498DF1B08C32"><enum>(1)</enum><text display-inline="yes-display-inline">analyze the extent to which there are an insufficient number of eligible institutions to which United States Virgin Islands students can gain admission, including admission aided by assistance provided under this Act, due to—</text>
 <subparagraph id="H7D599C161D684B0AA747C82745B1A642"><enum>(A)</enum><text>caps on the number of out-of-State students the institution will enroll;</text> </subparagraph><subparagraph id="H7F52899730FA4CB5A53BEA139C36368F"><enum>(B)</enum><text>significant barriers imposed by academic entrance requirements (such as grade point average and standardized scholastic admissions tests); and</text>
 </subparagraph><subparagraph id="HCAF539862B304D30BB9F749CEAF58BD1"><enum>(C)</enum><text>absence of admission programs benefiting minority students; and</text> </subparagraph></paragraph><paragraph id="H043F0BD9F8034359808B386B5284700A"><enum>(2)</enum><text>report the findings of the analysis described in <internal-xref idref="H146D5748F2DE4D9DA283498DF1B08C32" legis-path="3.(h)(1)">paragraph (1)</internal-xref> to Congress and the Governor.</text>
 </paragraph></subsection><subsection id="HE165A584FF4748A89B6C79C100916AC4"><enum>(i)</enum><header>Authorization of Appropriations</header><text display-inline="yes-display-inline">The United States Virgin Islands is authorized to appropriate to carry out this section, out of non-Federal funds of the United States Virgin Islands, $10,000,000 for each of the fiscal years 2017 through 2022, and such sums as may be necessary for each of the succeeding fiscal years. Such funds shall remain available until expended.</text>
 </subsection><subsection id="HC14A03C69D864CC48949E51D7CB1478A"><enum>(j)</enum><header>Effective Date</header><text>This section shall take effect with respect to payments for periods of instruction that begin on or after January 1, 2017.</text>
			</subsection></section><section commented="no" id="H7430754CB45442DB9FF9CF341D4C28A1"><enum>4.</enum><header>General requirements</header>
 <subsection commented="no" id="H5A2FC09261EE46B19F52A8974EAB01D9"><enum>(a)</enum><header>Personnel</header><text>The Secretary of Education shall arrange for the assignment of an individual, pursuant to subchapter VI of <external-xref legal-doc="usc-chapter" parsable-cite="usc-chapter/5/33">chapter 33</external-xref> of title 5, United States Code, to serve as an adviser to the Governor with respect to the programs assisted under this Act.</text>
 </subsection><subsection commented="no" id="H4CCF8A6421B2409D958E97EAFC9384A6"><enum>(b)</enum><header>Administrative Expenses</header><text>The Governor may use not more than 5 percent of the funds made available for a program under <internal-xref idref="HD17BE93D166F44C3AD6C9DA6DEF44BA0" legis-path="3.">section 3</internal-xref> for a fiscal year to pay the administrative expenses of a program under <internal-xref idref="HD17BE93D166F44C3AD6C9DA6DEF44BA0" legis-path="3.">section 3</internal-xref> for the fiscal year.</text> </subsection><subsection commented="no" id="H3E3512A5322D44919AD4696018F0AB7E"><enum>(c)</enum><header>Inspector General Review</header><text>Each of the programs assisted under this Act shall be subject to audit and other review by the Inspector General of the Department of Education in the same manner as programs are audited and reviewed under the Inspector General Act of 1978 (5 U.S.C. App.).</text>
 </subsection><subsection commented="no" id="H62D981A88ED347AB8BD780FD2E7E1ECB"><enum>(d)</enum><header>Gifts</header><text>The Governor may accept, use, and dispose of donations of services or property for purposes of carrying out this Act.</text>
 </subsection><subsection commented="no" id="H0DDBB0ECD70340649AFE46944FE73DAA"><enum>(e)</enum><header>Maximum Student Amount Adjustments</header><text>The Governor shall establish rules to adjust the maximum student amounts described in <internal-xref idref="H38BBB33CB13549D7926E664BA4BF79AC" legis-path="3.(a)(2)(B)">section 3(a)(2)(B)</internal-xref> for eligible students described in <internal-xref idref="H94281A8D9FDF4B3BBA678392E13654B3" legis-path="3.(c)(2)">section 3(c)(2)</internal-xref> who transfer between the eligible institutions described in <internal-xref idref="H13972FD9ADD047C88C800CA70D824B34" legis-path="3.(c)(1)(A)">section 3(c)(1)(A)</internal-xref>.</text> </subsection></section></legis-body></bill> 

