<?xml version="1.0"?>
<?xml-stylesheet type="text/xsl" href="billres.xsl"?>
<!DOCTYPE bill PUBLIC "-//US Congress//DTDs/bill.dtd//EN" "bill.dtd">
<bill bill-stage="Engrossed-in-House" bill-type="olc" dms-id="HB124A577A2594505BBCE39123685FC1A" key="H" public-private="public" stage-count="1"> 
<metadata xmlns:dc="http://purl.org/dc/elements/1.1/">
<dublinCore>
<dc:title>115 HR 518 EH: EPS Improvement Act of 2017</dc:title>
<dc:publisher>U.S. House of Representatives</dc:publisher>
<dc:date></dc:date>
<dc:format>text/xml</dc:format>
<dc:language>EN</dc:language>
<dc:rights>Pursuant to Title 17 Section 105 of the United States Code, this file is not subject to copyright protection and is in the public domain.</dc:rights>
</dublinCore>
</metadata>
<form>
<distribution-code display="no">I</distribution-code> 
<congress display="yes">115th CONGRESS</congress><session display="yes">1st Session</session> 
<legis-num display="yes">H. R. 518</legis-num> 
<current-chamber display="no">IN THE HOUSE OF REPRESENTATIVES</current-chamber> 
<legis-type>AN ACT</legis-type> 
<official-title display="yes">To amend the Energy Policy and Conservation Act to exclude power supply circuits, drivers, and devices designed to be connected to, and power, light-emitting diodes or organic light-emitting diodes providing illumination from energy conservation standards for external power supplies, and for other purposes.</official-title> 
</form> 
<legis-body id="HBEBD4989FFCD434EA5CB7E4B73B3E98E" style="OLC"><pagebreak/>
<section id="H41D1CBB98CD44951B0E439416D59393D" section-type="section-one"><enum>1.</enum><header>Short title</header><text display-inline="no-display-inline">This Act may be cited as the <quote><short-title>EPS Improvement Act of 2017</short-title></quote>.</text> </section> <section id="HF49ABCC98F06419BA3A8C21DE53DE419" section-type="subsequent-section"><enum>2.</enum><header>Application of energy conservation standards to certain external power supplies</header> <subsection id="H26D18A3D48E041F582AA3C74B407E61F"><enum>(a)</enum><header>Definition of external power supply</header><text display-inline="yes-display-inline">Section 321(36)(A) of the Energy Policy and Conservation Act (<external-xref legal-doc="usc" parsable-cite="usc/42/6291">42 U.S.C. 6291(36)(A)</external-xref>) is amended—</text> 
<paragraph id="HE8A88331C1D541BEB9C73E32F2ED2695"><enum>(1)</enum><text>by striking the subparagraph designation and all that follows through <quote>The term</quote> and inserting the following:</text> <quoted-block display-inline="no-display-inline" id="H1AF4A83A92CE476C833F0021AD60C3AD" style="OLC"> <subparagraph id="H86A36AA4C79A47209262A888C612DED5"><enum>(A)</enum><header>External power supply</header> <clause id="H1A0384ACCB274927AF8F627B2E1E1DF6"><enum>(i)</enum><header>In general</header><text>The term</text></clause></subparagraph><after-quoted-block>; and</after-quoted-block></quoted-block> </paragraph> 
<paragraph id="HDCA8413B27394AB2BB1FD7C45FE394CF"><enum>(2)</enum><text>by adding at the end the following:</text> <quoted-block display-inline="no-display-inline" id="H2C2FA5837024421F9E300D9646770749" style="OLC"> <clause id="HC0531C2A36404FD48B74112870BAF42B"><enum>(ii)</enum><header>Exclusion</header><text>The term <term>external power supply</term> does not include a power supply circuit, driver, or device that is designed exclusively to be connected to, and power—</text> 
<subclause id="H2CF9A4DD5FFE48AABEB224023264B6F2"><enum>(I)</enum><text>light-emitting diodes providing illumination;</text> </subclause> <subclause id="H4A50B9642D7C48F798340CE9F1000DD3"><enum>(II)</enum><text>organic light-emitting diodes providing illumination; or</text> </subclause> 
<subclause id="HA3B5CEC96723495B98255C6EF0B4937A"><enum>(III)</enum><text>ceiling fans using direct current motors.</text></subclause></clause><after-quoted-block>.</after-quoted-block></quoted-block> </paragraph></subsection> <subsection id="HA880A165CC494E958A59353923AF3573"><enum>(b)</enum><header>Standards for lighting power supply circuits</header> <paragraph id="H1C40F5A4425D4822AF1ABDF312E989E2"><enum>(1)</enum><header>Definition</header><text display-inline="yes-display-inline">Section 340(2)(B) of the Energy Policy and Conservation Act (<external-xref legal-doc="usc" parsable-cite="usc/42/6311">42 U.S.C. 6311(2)(B)</external-xref>) is amended by striking clause (v) and inserting the following:</text> 
<quoted-block display-inline="no-display-inline" id="HF9B0E0A3F8DF465A81037FD74AB40B76" style="OLC"> 
<clause id="H6ED17760DD0B4A359A7BAE9A1ED27589"><enum>(v)</enum><text>electric lights and lighting power supply circuits;</text></clause><after-quoted-block>.</after-quoted-block></quoted-block> </paragraph> <paragraph id="H7F6C6685589D4F6DB899C9CA8D2AB4BC"><enum>(2)</enum><header>Energy conservation standard for certain equipment</header><text>Section 342 of the Energy Policy and Conservation Act (<external-xref legal-doc="usc" parsable-cite="usc/42/6313">42 U.S.C. 6313</external-xref>) is amended by adding at the end the following:</text> 
<quoted-block display-inline="no-display-inline" id="H5786B141996642EC9AC51892A3FBCA8A" style="OLC"> 
<subsection id="H220964BF4EAE4FB39D59AED95B1CF4C2"><enum>(g)</enum><header>Lighting power supply circuits</header><text>If the Secretary, acting pursuant to section 341(b), includes as covered equipment solid state lighting power supply circuits, drivers, or devices described in section 321(36)(A)(ii), the Secretary may prescribe under this part, not earlier than 1 year after the date on which a test procedure has been prescribed, an energy conservation standard for such equipment.</text></subsection><after-quoted-block>.</after-quoted-block></quoted-block> </paragraph></subsection> <subsection id="H519485969BF84D1C983817CD0E4A1407"><enum>(c)</enum><header>Technical corrections</header> <paragraph id="H0E6FF4E7AD224305A96CB45FAC9D93C4"><enum>(1)</enum><text>Section 321(6)(B) of the Energy Policy and Conservation Act (<external-xref legal-doc="usc" parsable-cite="usc/42/6291">42 U.S.C. 6291(6)(B)</external-xref>) is amended by striking <quote>(19)</quote> and inserting <quote>(20)</quote>.</text> </paragraph> 
<paragraph id="HCEEF0DE5EACE4D3A9B6580480D0B19C5"><enum>(2)</enum><text>Section 324 of the Energy Policy and Conservation Act (<external-xref legal-doc="usc" parsable-cite="usc/42/6294">42 U.S.C. 6294</external-xref>) is amended by striking <quote>(19)</quote> each place it appears in each of subsections (a)(3), (b)(1)(B), (b)(3), and (b)(5) and inserting <quote>(20)</quote>.</text> </paragraph> <paragraph id="H9BC1729D4C2C4CBDB20390C682340997"><enum>(3)</enum><text>Section 325(l) of the Energy Policy and Conservation Act (<external-xref legal-doc="usc" parsable-cite="usc/42/6295">42 U.S.C. 6295(l)</external-xref>) is amended by striking <quote>paragraph (19)</quote> each place it appears and inserting <quote>paragraph (20)</quote>.</text> </paragraph></subsection></section> 
</legis-body><attestation><attestation-group><attestation-date date="20170123" chamber="House">Passed the House of Representatives January 23, 2017.</attestation-date><attestor display="no">Karen L. Haas,</attestor><role>Clerk.</role></attestation-group></attestation> 
<endorsement display="yes"></endorsement> 
</bill> 


