<?xml version="1.0"?>
<?xml-stylesheet type="text/xsl" href="billres.xsl"?>
<!DOCTYPE bill PUBLIC "-//US Congress//DTDs/bill.dtd//EN" "bill.dtd">
<bill bill-stage="Introduced-in-House" bill-type="olc" dms-id="H679A75A798DF4244B5AAAAD6345A5592" key="H" public-private="public"><metadata xmlns:dc="http://purl.org/dc/elements/1.1/">
<dublinCore>
<dc:title>115 HR 252 IH: Comprehensive Homes for Heroes Act of 2017</dc:title>
<dc:publisher>U.S. House of Representatives</dc:publisher>
<dc:date>2017-01-04</dc:date>
<dc:format>text/xml</dc:format>
<dc:language>EN</dc:language>
<dc:rights>Pursuant to Title 17 Section 105 of the United States Code, this file is not subject to copyright protection and is in the public domain.</dc:rights>
</dublinCore>
</metadata>
<form>
<distribution-code display="yes"> I</distribution-code><congress display="yes">115th CONGRESS</congress><session display="yes">1st Session</session><legis-num display="yes">H. R. 252</legis-num><current-chamber>IN THE HOUSE OF REPRESENTATIVES</current-chamber><action display="yes"><action-date date="20170104">January 4, 2017</action-date><action-desc><sponsor name-id="G000553">Mr. Al Green of Texas</sponsor> introduced the following bill; which was referred to the <committee-name committee-id="HBA00">Committee on Financial Services</committee-name>, and in addition to the Committee on <committee-name committee-id="HWM00">Ways and Means</committee-name>, for a period to be subsequently determined by the Speaker, in each case for consideration of such
			 provisions as fall within the jurisdiction of the committee concerned</action-desc></action><legis-type>A BILL</legis-type><official-title display="yes">To provide housing assistance for very low-income veterans.</official-title></form>
	<legis-body id="H9691FF8D293744C1AE313B11F0C731FF" style="OLC">
 <section display-inline="no-display-inline" id="H16298F96EAAE4ACB9061FDE4DFC8E574" section-type="section-one"><enum>1.</enum><header>Short title</header><text display-inline="no-display-inline">This Act may be cited as the <quote><short-title>Comprehensive Homes for Heroes Act of 2017</short-title></quote>.</text> </section><section id="H3281BB249F954FBF92411AC6A7CAD756"><enum>2.</enum><header>Supportive housing for very low-income veteran families</header> <subsection id="HD3184975B85142F089C8EAAF8129A4DA"><enum>(a)</enum><header>Purpose</header><text>The purposes of this section are—</text>
 <paragraph id="H8C77E5F720674450A22406B71E4F0F5E"><enum>(1)</enum><text>to expand the supply of permanent housing for very low-income veteran families; and</text> </paragraph><paragraph id="H47D469DF77834E77B1457E76DEF51053"><enum>(2)</enum><text>to provide supportive services through such housing to support the needs of such veteran families.</text>
				</paragraph></subsection><subsection id="H54296954C6224B5B8906AC8B980B6200"><enum>(b)</enum><header>Authority</header>
 <paragraph id="H351F6736678B4F4DB5BC1CF1CD4BD9DA"><enum>(1)</enum><header>In general</header><text>The Secretary of Housing and Urban Development shall, to the extent amounts are made available for assistance under this section and the Secretary receives approvable applications for such assistance, provide assistance to private nonprofit organizations and consumer cooperatives to expand the supply of supportive housing for very low-income veteran families.</text>
 </paragraph><paragraph id="H643BEA68F0CD4AA5BA4FA8FC7DEA9337"><enum>(2)</enum><header>Nature of assistance</header><text>The assistance provided under paragraph (1)—</text> <subparagraph id="H9FD12C504D3E4BCD9942190831F3E4F4"><enum>(A)</enum><text>shall be available for use to plan for and finance the acquisition, construction, reconstruction, or moderate or substantial rehabilitation of a structure or a portion of a structure to be used as supportive housing for very low-income veteran families in accordance with this section; and</text>
 </subparagraph><subparagraph id="HA8C883A414D64185A0EDCBA5B9E1159F"><enum>(B)</enum><text>may also cover the cost of real property acquisition, site improvement, conversion, demolition, relocation, and other expenses that the Secretary determines are necessary to expand the supply of supportive housing for very low-income veteran families.</text>
 </subparagraph></paragraph><paragraph id="H33F6689870AF4EDB8A756C8DB672F793"><enum>(3)</enum><header>Consultation</header><text>In meeting the requirement of paragraph (1), the Secretary shall consult with—</text> <subparagraph id="HC6A26F5ABE494DC9A47456E81AC2CE3A"><enum>(A)</enum><text>the Secretary of Veterans Affairs; and</text>
 </subparagraph><subparagraph id="H1CE2ADE35691488DBB7E7F79C0511DFD"><enum>(B)</enum><text>the Special Assistant for Veterans Affairs, as such Special Assistant was established under section 4(h) of the Department of Housing and Urban Development Act.</text>
 </subparagraph></paragraph></subsection><subsection id="H254233FB699E432E8B6FE446D359B54B"><enum>(c)</enum><header>Forms of assistance</header><text>Assistance under this section shall be made available in the following forms:</text> <paragraph id="H9263C80F3D63492D8F0B8D1FC0BF9499"><enum>(1)</enum><header>Planning grants</header><text>Assistance may be provided as a grant for costs of planning a project to be used as supportive housing for very low-income veteran families.</text>
 </paragraph><paragraph id="H01FBBAF413AB425991E76F3EF526CBDB"><enum>(2)</enum><header>Capital advances</header><text>Assistance may be provided as a capital advance under this paragraph for a project, such advance shall—</text>
 <subparagraph id="HC64492A5E9E54290B1C246AE4FC88930"><enum>(A)</enum><text>bear no interest;</text> </subparagraph><subparagraph id="H4A15A9B784CD4376A4AA0A6EF7DD7DFC"><enum>(B)</enum><text>not be required to be repaid so long as the housing remains available for occupancy by very low-income veteran families in accordance with this section; and</text>
 </subparagraph><subparagraph id="HA79D05E25FAC4BFB9BCB7AD9162329C8"><enum>(C)</enum><text>be in an amount calculated in accordance with the development cost limitation established pursuant to subsection (i).</text>
 </subparagraph></paragraph><paragraph id="H2A69C69193CE45198BCCA745983BD1C7"><enum>(3)</enum><header>Project rental assistance</header><text>Assistance may be provided as project rental assistance, under an annual contract that—</text> <subparagraph id="HC0F7AA278E904DA4B674AF2E69F9C8C4"><enum>(A)</enum><text>obligates the Secretary to make monthly payments to cover any part of the costs attributed to units occupied (or, as approved by the Secretary, held for occupancy) by very low-income veteran families that is not met from project income;</text>
 </subparagraph><subparagraph id="HD3EB75942A2E4F41870551AE0E9A4261"><enum>(B)</enum><text>provides for the project not more than the sum of the initial annual project rentals for all units so occupied and any initial utility allowances for such units, as approved by the Secretary;</text>
 </subparagraph><subparagraph id="H94E1306D6504406CA4DE3E278066676B"><enum>(C)</enum><text>provides that any contract amounts not used by a project in any year shall remain available to the project until the expiration of the contract;</text>
 </subparagraph><subparagraph id="H0D92903DBEE84152B5A2DF6DF9792C8B"><enum>(D)</enum><text display-inline="yes-display-inline">provides that upon the expiration of each contract term, the Secretary shall adjust the annual contract amount to provide for reasonable project costs, and any increases, including adequate reserves, supportive services, and service coordinators, except that any contract amounts not used by a project during a contract term shall not be available for such adjustments upon renewal; and</text>
 </subparagraph><subparagraph id="H209A115014EA40F6AC64C5167278277E"><enum>(E)</enum><text>provides that in the event of emergency situations that are outside the control of the owner, the Secretary shall increase the annual contract amount, subject to reasonable review and limitations as the Secretary shall provide.</text>
 </subparagraph></paragraph></subsection><subsection id="HFDAE08EEF4C344D2A5762CDD29DCA21D"><enum>(d)</enum><header>Tenant rent contribution</header><text>A very low-income veteran family shall pay as rent for a dwelling unit assisted under this section the highest of the following amounts, rounded to the nearest dollar:</text>
 <paragraph id="HE080B99C386A46CD8DF1DE50422B731B"><enum>(1)</enum><text>Thirty percent of the veteran family's adjusted monthly income.</text> </paragraph><paragraph id="H42CED83CDE40499EAB50BF99E2980FB8"><enum>(2)</enum><text>Ten percent of the veteran family's monthly income.</text>
 </paragraph><paragraph id="H943C27AD752F443983190D5FD312FBDB"><enum>(3)</enum><text>If the veteran family is receiving payments for welfare assistance from a public agency and a part of such payments, adjusted in accordance with the veteran family's actual housing costs, is specifically designated by such agency to meet the veteran family's housing costs, the portion of such payments which is so designated.</text>
				</paragraph></subsection><subsection id="H45C305D6B8F144AAAFEC62D279EEDFD8"><enum>(e)</enum><header>Term of commitment</header>
 <paragraph id="H0D6853F3B35A4417B32667FD0653E156"><enum>(1)</enum><header>Use limitations</header><text>All units in housing assisted under this section shall be made available for occupancy by very low-income veteran families for not less than 15 years.</text>
				</paragraph><paragraph id="H053D23C052A84DD381C1CAF94C577AE9"><enum>(2)</enum><header>Contract terms for project rental assistance</header>
 <subparagraph id="HD53A0875903B455B9563380D755ED007"><enum>(A)</enum><header>Initial term</header><text>The initial term of a contract entered into under subsection (c)(3) shall be 60 months.</text> </subparagraph><subparagraph id="H6D66FE68EEAB493BBF9FACF653C66B78"><enum>(B)</enum><header>Extension</header><text display-inline="yes-display-inline">The Secretary shall, subject only to the availability of amounts provided in appropriation Acts, renew the contract entered into under subsection (c)(3) for 10 consecutive 1-year terms, the first such term beginning upon the expiration of such 60-month period.</text>
 </subparagraph><subparagraph id="H823F707197574FA283A88AA79B2242B5"><enum>(C)</enum><header>Authority of Secretary to make early commitments</header><text>In order to facilitate the orderly extension of expiring contracts, the Secretary may make commitments to extend expiring contracts during the year prior to the date of expiration.</text>
					</subparagraph></paragraph></subsection><subsection id="H540619A7132B45C082F1EBA0E0D6F711"><enum>(f)</enum><header>Applications</header>
 <paragraph id="H7DBFFA3BC1CC493DB5C69656D16A0333"><enum>(1)</enum><header>In general</header><text>Amounts made available under this section shall be allocated by the Secretary among approvable applications submitted by private nonprofit organizations and consumer cooperatives.</text>
				</paragraph><paragraph id="H6ECD9A32401C4CCA85DF04B9EA42A016"><enum>(2)</enum><header>Content of application</header>
 <subparagraph id="HC66DD831E7D1486D877B6E7434E166A5"><enum>(A)</enum><header>In general</header><text>Applications for assistance under this section shall be submitted by an applicant in such form and in accordance with such procedures as the Secretary shall establish.</text>
 </subparagraph><subparagraph id="HAE989DB18AE24519B43104B0063B6749"><enum>(B)</enum><header>Required content</header><text>Applications for assistance under this section shall contain—</text> <clause id="H3EE7E5156C2C4D818956F93867E14949"><enum>(i)</enum><text>a description of the proposed housing;</text>
 </clause><clause id="H0076C0227CC04032B4BF7C51763899CE"><enum>(ii)</enum><text>a description of the assistance the applicant seeks under this section;</text> </clause><clause id="H77431EA5A0404AFDA17346B347CE7317"><enum>(iii)</enum><text>a description of—</text>
 <subclause id="HECC2BFFFD84645C3BF3CA16EFDCB01C0"><enum>(I)</enum><text>the supportive services to be provided to the persons occupying such housing;</text> </subclause><subclause id="H435F33F1C800410A904B3B580C5910A7"><enum>(II)</enum><text>the manner in which such services will be provided to such persons, including, in the case of frail elderly persons (as such term is defined in section 202 of the Housing Act of 1959 (<external-xref legal-doc="usc" parsable-cite="usc/12/1701q">12 U.S.C. 1701q</external-xref>)), evidence of such residential supervision as the Secretary determines is necessary to facilitate the adequate provision of such services; and</text>
 </subclause><subclause id="HEF1CBA883DE84517ADB5A2AB210ECBC1"><enum>(III)</enum><text>the public or private sources of assistance that can reasonably be expected to fund or provide such services;</text>
 </subclause></clause><clause id="HE6614B0261144248913F00933F0B490D"><enum>(iv)</enum><text>a certification from the public official responsible for submitting a housing strategy for the jurisdiction to be served in accordance with section 105 of the Cranston-Gonzalez National Affordable Housing Act (<external-xref legal-doc="usc" parsable-cite="usc/42/12705">42 U.S.C. 12705</external-xref>) that the proposed project is consistent with the approved housing strategy; and</text>
 </clause><clause id="HB76ECDF894C643E2AA12AA61A5D11905"><enum>(v)</enum><text>such other information or certifications that the Secretary determines to be necessary or appropriate to achieve the purposes of this section.</text>
 </clause></subparagraph></paragraph><paragraph id="H1E0775F818414EEA9546C1804F54AAC2"><enum>(3)</enum><header>Rejection</header><text>The Secretary shall not reject any application for assistance under this section on technical grounds without giving notice of that rejection and the basis therefore to the applicant.</text>
				</paragraph></subsection><subsection id="H06497D76D2EE487280C179CE6B664097"><enum>(g)</enum><header>Initial selection criteria and processing</header>
 <paragraph id="H5D174F2B796443CAA10722521F4AC0FD"><enum>(1)</enum><header>Selection criteria</header><text>The Secretary shall establish selection criteria for assistance under this section, which shall include—</text>
 <subparagraph id="H89934AC509654424AC8990C6398FD7FB"><enum>(A)</enum><text>criteria based upon—</text> <clause id="H7B1450555D5E47DBBB5FB583986A0AF5"><enum>(i)</enum><text>the ability of the applicant to develop and operate the proposed housing;</text>
 </clause><clause id="H446027580AB647A8A24DC1936904C4CA"><enum>(ii)</enum><text>the need for supportive housing for very low-income veteran families in the area to be served;</text> </clause><clause id="HFFDC92788A6149D187E686B7582C3EAA"><enum>(iii)</enum><text>the extent to which the proposed size and unit mix of the housing will enable the applicant to manage and operate the housing efficiently and ensure that the provision of supportive services will be accomplished in an economical fashion;</text>
 </clause><clause id="HAB0E620B7A5A4565B9B2FCF5E0ED377C"><enum>(iv)</enum><text display-inline="yes-display-inline">the extent to which the proposed design of the housing will meet the service-connected disability needs of very low-income veteran families;</text>
 </clause><clause id="H0C0A97B578B24751B83F5250CB3445C2"><enum>(v)</enum><text>the extent to which the applicant has demonstrated that the supportive services identified pursuant to subsection (f)(2)(B)(iii) will be provided on a consistent, long-term basis;</text>
 </clause><clause id="HA6B2C43101D549EB90F8A2E6D8AC5201"><enum>(vi)</enum><text>the extent to which the proposed design of the housing will accommodate the provision of supportive services that are expected to be needed, either initially or over the useful life of the housing, by the very low-income veterans the housing is intended to serve;</text>
 </clause><clause display-inline="no-display-inline" id="HE748B00E87FA4D8E95CD3BD1F58E86A1"><enum>(vii)</enum><text display-inline="yes-display-inline">the extent to which the applicant has ensured that a service coordinator will be employed or otherwise retained for the housing, who has the managerial capacity and responsibility for carrying out the actions described in clauses (i) and (ii) of subsection (h)(2)(A); and</text>
 </clause><clause id="HF8AD3D72A08E4009A13D0DA3F2ADD6B3"><enum>(viii)</enum><text>such other factors as the Secretary determines to be appropriate to ensure that funds made available under this section are used effectively;</text>
 </clause></subparagraph><subparagraph id="H47B6077A6293406B8AC4CE3EA62AE217"><enum>(B)</enum><text>a preference in such selection for applications proposing housing to be reserved for occupancy by very low-income veteran families who are homeless (as such term is defined in section 103 of the McKinney-Vento Homeless Assistance Act (<external-xref legal-doc="usc" parsable-cite="usc/42/11302">42 U.S.C. 11302</external-xref>)); and</text>
 </subparagraph><subparagraph id="H306C3802D8A64DEABB7625B176D7677C"><enum>(C)</enum><text>criteria appropriate to consider the need for supportive housing for very low-income veteran families in nonmetropolitan areas and by Indian tribes.</text>
					</subparagraph></paragraph><paragraph display-inline="no-display-inline" id="H82C24BF405584848A7F83B5EA2907DC7"><enum>(2)</enum><header>Delegated processing</header>
 <subparagraph id="H70FF35A4A3B740E9AF96BB06A5E55237"><enum>(A)</enum><header>Delegation to State or local housing authority</header><text display-inline="yes-display-inline">In issuing a capital advance under this subsection for any project for which financing for the purposes described in subsection (b)(2) is provided by a combination of a capital advance under subsection (c)(2) and sources other than this section, within 30 days of award of the capital advance, the Secretary shall delegate review and processing of such projects to a State or local housing agency that—</text>
 <clause id="H5C088C052EC24E4EAF70E7CA1C24CFF0"><enum>(i)</enum><text>is in geographic proximity to the property;</text> </clause><clause id="HC211E9CA35D540FBAB4C46166DFB0DB3"><enum>(ii)</enum><text>has demonstrated experience in and capacity for underwriting multifamily housing loans that provide housing and supportive services;</text>
 </clause><clause id="HE2C3592B71F24B008A20FE94936EAEFB"><enum>(iii)</enum><text>may or may not be providing low-income housing tax credits in combination with the capital advance under this section; and</text>
 </clause><clause id="H162E13024D674CDCAE16228B604D4444"><enum>(iv)</enum><text>agrees to issue a firm commitment within 12 months of delegation.</text> </clause></subparagraph><subparagraph id="H41C3926776BC4CE687BBACCA894F5F99"><enum>(B)</enum><header>Processing by Secretary</header><text>The Secretary shall retain the authority to process capital advances in cases in which no State or local housing agency has applied to provide delegated processing pursuant to this paragraph or no such agency has entered into an agreement with the Secretary to serve as a delegated processing agency.</text>
 </subparagraph><subparagraph id="H06AF0AC2155746A1B0D2C8530CE1ECC1"><enum>(C)</enum><header>Processing fees</header><text>An agency to which review and processing is delegated pursuant to subparagraph (A) may assess a reasonable fee which shall be included in the capital advance amounts and may recommend project rental assistance amounts in excess of those initially awarded by the Secretary. The Secretary shall develop a schedule for reasonable fees under this subparagraph to be paid to delegated processing agencies, which shall take into consideration any other fees to be paid to the agency for other funding provided to the project by the agency, including bonds, tax credits, and other gap funding.</text>
 </subparagraph><subparagraph id="H690A9F26923246AABBF73370C9104A52"><enum>(D)</enum><header>Authority retained by Secretary</header><text>Under such delegated system, the Secretary shall retain the authority to approve rents and development costs and to execute a capital advance within 60 days of receipt of the commitment from the State or local agency. The Secretary shall provide to such agency and the project sponsor, in writing, the reasons for any reduction in capital advance amounts or project rental assistance and such reductions shall be subject to appeal.</text>
					</subparagraph></paragraph></subsection><subsection commented="no" display-inline="no-display-inline" id="HF2FF418F201742C3A056AEF45E581511"><enum>(h)</enum><header>Provision of supportive services to veteran families</header>
 <paragraph commented="no" display-inline="no-display-inline" id="H0ABC57C1A19E4E60921A7E3524C49445"><enum>(1)</enum><header>In general</header><text display-inline="yes-display-inline">The Secretary of Housing and Urban Development shall coordinate with the Secretary of Veterans Affairs to ensure that any housing assistance provided to veterans or veteran families includes a range of services tailored to the needs of the very low-income veteran families occupying such housing, which may include services for—</text>
 <subparagraph commented="no" display-inline="no-display-inline" id="HD9349938D9F64730841851C85983A952"><enum>(A)</enum><text display-inline="yes-display-inline">outreach;</text> </subparagraph><subparagraph commented="no" display-inline="no-display-inline" id="HC07D8C06AA664C76BD0AF6ADA5D1E5C3"><enum>(B)</enum><text display-inline="yes-display-inline">health (including counseling, mental health, substance abuse, post-traumatic stress disorder, and traumatic brain injury) diagnosis and treatment;</text>
 </subparagraph><subparagraph commented="no" display-inline="no-display-inline" id="H71542CDE5BD64DB79A13305445291091"><enum>(C)</enum><text display-inline="yes-display-inline">habilitation and rehabilitation;</text> </subparagraph><subparagraph commented="no" display-inline="no-display-inline" id="H1AB600489CC84273A4E05AE12EC4582F"><enum>(D)</enum><text display-inline="yes-display-inline">case management;</text>
 </subparagraph><subparagraph commented="no" display-inline="no-display-inline" id="HD56F408E45BC4FBBBC3D3C207B824E61"><enum>(E)</enum><text display-inline="yes-display-inline">daily living;</text> </subparagraph><subparagraph commented="no" display-inline="no-display-inline" id="H6199DD7A84B34C749B05585443F47D6A"><enum>(F)</enum><text display-inline="yes-display-inline">personal financial planning;</text>
 </subparagraph><subparagraph commented="no" display-inline="no-display-inline" id="HD515DD44BEA04246AEC0453695732442"><enum>(G)</enum><text display-inline="yes-display-inline">transportation;</text> </subparagraph><subparagraph commented="no" display-inline="no-display-inline" id="H9442FB2EB4D24EB9BE801626CE6EF54E"><enum>(H)</enum><text display-inline="yes-display-inline">vocation;</text>
 </subparagraph><subparagraph commented="no" display-inline="no-display-inline" id="H8CDE4D15DF0449B48B96C6AA8D333563"><enum>(I)</enum><text display-inline="yes-display-inline">employment and training;</text> </subparagraph><subparagraph commented="no" display-inline="no-display-inline" id="HA458D2ECCC1D44C0985142F7808F965D"><enum>(J)</enum><text display-inline="yes-display-inline">education;</text>
 </subparagraph><subparagraph commented="no" display-inline="no-display-inline" id="H8080617BB10E46A3B750070BFFA4C100"><enum>(K)</enum><text display-inline="yes-display-inline">assistance in obtaining veterans benefits and public benefits;</text> </subparagraph><subparagraph commented="no" display-inline="no-display-inline" id="HD75313DA11264751A1AA313E9F2F37C5"><enum>(L)</enum><text display-inline="yes-display-inline">assistance in obtaining income support;</text>
 </subparagraph><subparagraph commented="no" display-inline="no-display-inline" id="HFA0C5FA955714ECD8FEFB79D27600AC0"><enum>(M)</enum><text display-inline="yes-display-inline">assistance in obtaining health insurance;</text> </subparagraph><subparagraph commented="no" display-inline="no-display-inline" id="H6A592EE3794E4DE2AB06E878135BFAAF"><enum>(N)</enum><text display-inline="yes-display-inline">fiduciary and representative payee;</text>
 </subparagraph><subparagraph commented="no" display-inline="no-display-inline" id="HB91B8893BE3E4EF38A11B01A92418608"><enum>(O)</enum><text display-inline="yes-display-inline">legal aid;</text> </subparagraph><subparagraph commented="no" display-inline="no-display-inline" id="H4D63B82FA32446CF9E6B62C72F0EF0A2"><enum>(P)</enum><text display-inline="yes-display-inline">child care;</text>
 </subparagraph><subparagraph commented="no" display-inline="no-display-inline" id="H8C5E2D7752FE4B4D91585C7A75B82966"><enum>(Q)</enum><text display-inline="yes-display-inline">housing counseling;</text> </subparagraph><subparagraph commented="no" display-inline="no-display-inline" id="H7674BA8938814045B12F3BD7A345CDD1"><enum>(R)</enum><text display-inline="yes-display-inline">service coordination; and</text>
 </subparagraph><subparagraph commented="no" display-inline="no-display-inline" id="H31699EE39D66465AABB48D9A5D0C3B14"><enum>(S)</enum><text display-inline="yes-display-inline">other services necessary for maintaining independent living.</text> </subparagraph></paragraph><paragraph commented="no" display-inline="no-display-inline" id="H0912A288C2B44989ABDF6FF561270705"><enum>(2)</enum><header>Local coordination of services</header> <subparagraph commented="no" display-inline="no-display-inline" id="H381B346A401F4DB69F134758E964F667"><enum>(A)</enum><header>In general</header><text display-inline="yes-display-inline">The Secretary of Housing and Urban Development shall coordinate with the Secretary of the Department of Veterans Affairs to ensure that owners of housing assisted under this section have the managerial capacity to—</text>
 <clause commented="no" display-inline="no-display-inline" id="H1CEE166FC0C54A3FB04CA45A053F421F"><enum>(i)</enum><text display-inline="yes-display-inline">assess on an ongoing basis the service needs of residents;</text> </clause><clause commented="no" display-inline="no-display-inline" id="H98DEFF7815A246A99BEF116718167468"><enum>(ii)</enum><text display-inline="yes-display-inline">coordinate the provision of supportive services and tailor such services to the individual needs of residents; and</text>
 </clause><clause commented="no" display-inline="no-display-inline" id="HF291EE87E9DF417BA11D86E328E9A3D6"><enum>(iii)</enum><text display-inline="yes-display-inline">seek on a continuous basis new sources of assistance to ensure the long-term provision of supportive services.</text>
 </clause></subparagraph><subparagraph commented="no" display-inline="no-display-inline" id="HD712E77E410549B88E8D88EA131C2FF5"><enum>(B)</enum><header>Classification of costs</header><text display-inline="yes-display-inline">Any cost associated with this subsection relating to the coordination of services shall be an eligible cost under subsection (c)(3).</text>
					</subparagraph></paragraph></subsection><subsection id="HCB749526B6F64440A1EFC4D94DD0B63D"><enum>(i)</enum><header>Development cost limitations</header>
 <paragraph id="H414ADEC29A6A413B97E5FBE966E126AA"><enum>(1)</enum><header>In general</header><text>The Secretary shall periodically establish reasonable development cost limitations by market area for various types and sizes of supportive housing for very low-income veteran families by publishing a notice of the cost limitations in the Federal Register.</text>
 </paragraph><paragraph id="H2986B6C24E734F57BF547E6298A4BCE8"><enum>(2)</enum><header>Considerations</header><text>The cost limitations established under paragraph (1) shall reflect—</text> <subparagraph id="H379BF7DA1CA04C3A9461D0EC62BAEFF8"><enum>(A)</enum><text>the cost of construction, reconstruction, or moderate or substantial rehabilitation of supportive housing for very low-income veteran families that meets applicable State and local housing and building codes;</text>
 </subparagraph><subparagraph id="HBA11F3D08A8E45B7ACC1621A1538B3D8"><enum>(B)</enum><text>the cost of movables necessary to the basic operation of the housing, as determined by the Secretary;</text>
 </subparagraph><subparagraph id="H84838A4CE5EE480788D3A36D6F172A99"><enum>(C)</enum><text>the cost of special design features necessary to make the housing accessible to very low-income veteran families;</text>
 </subparagraph><subparagraph id="H520708A0C0B64B609BCF79C66640BA33"><enum>(D)</enum><text>the cost of community space necessary to accommodate the provision of supportive services to veteran families;</text>
 </subparagraph><subparagraph id="H4E352824882D4E75BE68D9F107C9EB14"><enum>(E)</enum><text>if the housing is newly constructed, the cost of meeting the energy efficiency standards promulgated by the Secretary in accordance with section 109 of the Cranston-Gonzalez National Affordable Housing Act (<external-xref legal-doc="usc" parsable-cite="usc/42/12709">42 U.S.C. 12709</external-xref>); and</text>
 </subparagraph><subparagraph id="HE164CF31679F4DFEBE2020BBF1E420C6"><enum>(F)</enum><text>the cost of land, including necessary site improvement.</text> </subparagraph></paragraph><paragraph id="H3A7BA68EE974407B8739236168DBCA6F"><enum>(3)</enum><header>Use of data</header><text>In establishing development cost limitations for a given market area under this subsection, the Secretary shall use data that reflect currently prevailing costs of construction, reconstruction, or moderate or substantial rehabilitation, and land acquisition in the area.</text>
 </paragraph><paragraph id="HE0E7E1165B754EEA88F6BB99ED0015E9"><enum>(4)</enum><header>Community space</header><text display-inline="yes-display-inline">For purposes of paragraph (2), a community space shall include space for cafeterias or dining halls, community rooms or buildings, workshops, child care, adult day health facilities or other outpatient health facilities, or other essential service facilities.</text>
 </paragraph><paragraph id="H65671FEB7415478DB95708945CF903AD"><enum>(5)</enum><header>Commercial facilities</header><text>Neither this section nor any other provision of law may be construed as prohibiting or preventing the location and operation, in a project assisted under this section, of commercial facilities for the benefit of residents of the project and the community in which the project is located, except that assistance made available under this section may not be used to subsidize any such commercial facility.</text>
 </paragraph><paragraph id="H3EB02567639B4B4EB3F6569BB7C0983F"><enum>(6)</enum><header>Acquisition</header><text>In the case of existing housing and related facilities to be acquired, the cost limitations shall include—</text>
 <subparagraph id="HDCD474A8B9594EBD804D85F352D5DBD0"><enum>(A)</enum><text>the cost of acquiring such housing;</text> </subparagraph><subparagraph id="H63877427C7C0499B8D4BDA1DBD007E59"><enum>(B)</enum><text>the cost of rehabilitation, alteration, conversion, or improvement, including the moderate or substantial rehabilitation thereof; and</text>
 </subparagraph><subparagraph id="H83CFACB1DFE045B7A0728EDB77DF8551"><enum>(C)</enum><text>the cost of the land on which the housing and related facilities are located.</text> </subparagraph></paragraph><paragraph id="H88DFB9AF65094B3A8545295AF9A1B21A"><enum>(7)</enum><header>Annual adjustments</header><text>The Secretary shall adjust the cost limitation not less than annually to reflect changes in the general level of construction, reconstruction, and moderate and substantial rehabilitation costs.</text>
				</paragraph><paragraph id="H90F1BDBF3FDE44A5B91FB781213651EC"><enum>(8)</enum><header>Incentives for savings</header>
					<subparagraph id="H0D9455D7D6F2416C94F745A17A03836F"><enum>(A)</enum><header>Special housing account</header>
 <clause id="HD51AE85B486C4ED0B92C17C7499B0CF2"><enum>(i)</enum><header>In general</header><text>The Secretary shall use the development cost limitations established under paragraph (1) or (6) to calculate the amount of financing to be made available to individual owners.</text>
 </clause><clause id="H670A2002BD8A4526A59499402801D1E7"><enum>(ii)</enum><header>Actual developmental costs less than financing</header><text>Owners which incur actual development costs that are less than the amount of financing shall be entitled to retain 50 percent of the savings in a special housing account.</text>
 </clause><clause id="H0C22A7174A324F2F8BCC1E446F691D19"><enum>(iii)</enum><header>Bonus for energy efficiency</header><text>The percentage established under clause (ii) shall be increased to 75 percent for owners which add energy efficiency features which—</text>
 <subclause id="HCECD87A4CE814EE28996B55A9B9C25DF"><enum>(I)</enum><text>exceed the energy efficiency standards promulgated by the Secretary in accordance with section 109 of the Cranston-Gonzalez National Affordable Housing Act (<external-xref legal-doc="usc" parsable-cite="usc/42/12709">42 U.S.C. 12709</external-xref>);</text>
 </subclause><subclause id="H643D019F09184FE5B8385AA83795B5C2"><enum>(II)</enum><text>substantially reduce the life-cycle cost of the housing; and</text> </subclause><subclause id="HAA7C45BD1F44432B9B8A887EE85CBEE6"><enum>(III)</enum><text>reduce gross rent requirements.</text>
 </subclause></clause></subparagraph><subparagraph id="H889CCA87596B4F48A4805F786DA362CF"><enum>(B)</enum><header>Uses</header><text>The special housing account established under subparagraph (A) may be used—</text> <clause id="H82D07944599F45A4905DA926BE8DD9F9"><enum>(i)</enum><text>to provide services to residents of the housing or funds set aside for replacement reserves; or</text>
 </clause><clause id="HFE9970AF403F4F788D5D12350F0EC0A4"><enum>(ii)</enum><text>for such other purposes as determined by the Secretary.</text> </clause></subparagraph></paragraph><paragraph id="H653F2367FB094B4ABADE4A975FBBC87F"><enum>(9)</enum><header>Design flexibility</header><text>The Secretary shall, to the extent practicable, give owners the flexibility to design housing appropriate to their location and proposed resident population within broadly defined parameters.</text>
 </paragraph><paragraph id="H3B8A8A418B124F959688A5AED3253FF7"><enum>(10)</enum><header>Use of funds from other sources</header><text>An owner shall be permitted voluntarily to provide funds from sources other than this section for amenities and other features of appropriate design and construction suitable for supportive housing under this section if the cost of such amenities is—</text>
 <subparagraph id="HC9276033812840E897F43843096E5691"><enum>(A)</enum><text>not financed with the advance; and</text> </subparagraph><subparagraph id="H785700EBBD264F79A0D609E75521399A"><enum>(B)</enum><text>is not taken into account in determining the amount of Federal assistance or of the rent contribution of tenants.</text>
					</subparagraph></paragraph></subsection><subsection id="HEFC52AADDBB34B6E9097ECD3D262E32A"><enum>(j)</enum><header>Tenant selection</header>
 <paragraph id="HFBC098EE6A764E94919A05960B8AF46D"><enum>(1)</enum><header>In general</header><text>An owner shall adopt written tenant selection procedures that are—</text> <subparagraph id="HF29905876354463A81B711FCDACE892A"><enum>(A)</enum><text>satisfactory to the Secretary and which are—</text>
 <clause id="H2727301F526E468E90D72D42AAD3B96D"><enum>(i)</enum><text>consistent with the purpose of improving housing opportunities for very low-income veteran families; and</text>
 </clause><clause id="H603E00EE5AB5412DA73232C3FFCDB7BC"><enum>(ii)</enum><text>reasonably related to program eligibility and an applicant's ability to perform the obligations of the lease; and</text>
 </clause></subparagraph><subparagraph id="H28CC3BA82EEB4B3FB217B6770081CF4E"><enum>(B)</enum><text>compliant with subtitle C of title VI of the Housing and Community Development Act of 1992 (<external-xref legal-doc="usc" parsable-cite="usc/42/13601">42 U.S.C. 13601 et seq.</external-xref>) and any regulations issued under such subtitle.</text>
 </subparagraph></paragraph><paragraph id="H1793786B91DA437A864D6DE2BE077078"><enum>(2)</enum><header>Notification of rejection</header><text>Owners shall promptly notify in writing any rejected applicant of the grounds for any rejection.</text> </paragraph><paragraph id="H4E0FD8B546734C928490965BE19E9B39"><enum>(3)</enum><header>Information regarding housing</header> <subparagraph id="HFB8D089D29884AE3B6CC97E4629C5CAC"><enum>(A)</enum><header>In general</header><text>The Secretary shall provide, to the Secretary of Veterans Affairs and the Secretary of Labor, information regarding the availability of the housing assisted under this section.</text>
 </subparagraph><subparagraph id="HE2E993FD094C477B853F092E2384ECDD"><enum>(B)</enum><header>Sharing of information with additional agencies</header><text>Within 30 days of receipt of the information, the Secretary of Veterans Affairs and the Secretary of Labor shall provide such information to agencies in the area of the housing that receive assistance from the Department of Veterans Affairs and the Department of Labor for providing medical care, housing, supportive services or employment and training services to homeless veterans.</text>
					</subparagraph></paragraph></subsection><subsection id="HA5122DF5ED744A0D87B2AC4FF2F9ACDC"><enum>(k)</enum><header>Miscellaneous provisions</header>
 <paragraph id="HF72D6D8DC2B8419A8D5401E012BB8EF4"><enum>(1)</enum><header>Technical assistance</header><text>The Secretary shall make available appropriate technical assistance to ensure that prospective applicants are able to participate more fully in the program carried out under this section.</text>
 </paragraph><paragraph id="HAB8D2083AF444B97A69293037199A07D"><enum>(2)</enum><header>Civil rights compliance</header><text>Each owner shall certify, to the satisfaction of the Secretary, that assistance made available under this section will be conducted and administered in conformity with title VI of the Civil Rights Act of 1964 (<external-xref legal-doc="usc" parsable-cite="usc/42/2000a">42 U.S.C. 2000a et seq.</external-xref>), the Fair Housing Act (<external-xref legal-doc="usc" parsable-cite="usc/42/3601">42 U.S.C. 3601 et seq.</external-xref>), and other Federal, State, and local laws prohibiting discrimination and promoting equal opportunity.</text>
				</paragraph><paragraph id="HCAAAC8488A534A18B6097AD6E40967B4"><enum>(3)</enum><header>Owner deposit</header>
 <subparagraph id="H0A9EBD3EBC56443FAFAEBC42159132E5"><enum>(A)</enum><header>In general</header><text display-inline="yes-display-inline">The Secretary shall require an owner of housing, assisted under this section, to deposit an amount not to exceed $15,000 in a special escrow account to ensure the owner's commitment to the housing. Such amount shall be used only to cover operating deficits during the first three years of operations and shall not be used to cover construction shortfalls or inadequate initial project rental assistance amounts.</text>
					</subparagraph><subparagraph id="H1F9A2BCC70164D128CB46ED1DFCE0EF0"><enum>(B)</enum><header>Reduction of requirement</header>
 <clause id="H8C65DD2CAF6E4CDE8726BB153D4801E2"><enum>(i)</enum><header>In general</header><text display-inline="yes-display-inline">The Secretary may reduce or waive the owner deposit specified under subparagraph (A) for individual applicants if the Secretary finds that such waiver or reduction is necessary to achieve the purposes of this section and the applicant demonstrates to the satisfaction of the Secretary that it has the capacity to manage and maintain the housing in accordance with this section.</text>
 </clause><clause id="H587893D77AE74173B649750069836686"><enum>(ii)</enum><header>Nonprofits</header><text>The Secretary may reduce or waive the requirement of the owner deposit under subparagraph (A) in the case of a nonprofit applicant that is not affiliated with a national sponsor, as determined by the Secretary.</text>
						</clause></subparagraph></paragraph><paragraph id="H6E0B8B0963434D15A93401C5AD1A017D"><enum>(4)</enum><header>Notice of appeal</header>
 <subparagraph id="H42087B81F82348C19A3EC385D8D72DED"><enum>(A)</enum><header>In general</header><text>The Secretary shall notify an owner not less than 30 days prior to canceling any reservation of assistance provided under this section.</text>
					</subparagraph><subparagraph id="H0215EA622B8E4FC0A8CE9D1E99CD6451"><enum>(B)</enum><header>Appeal</header>
 <clause id="H9F05712E22EA4FC3844F470F4DCD1F6F"><enum>(i)</enum><header>filing deadline</header><text>During the 30-day period following the receipt of any notice required under subparagraph (A), an owner may appeal the proposed cancellation.</text>
 </clause><clause id="HE1C3F62AACF94744B3E9B5A50A2A0397"><enum>(ii)</enum><header>timing of decision</header><text>Any appeal undertaken under clause (i), including review by the Secretary, shall be completed not later than 45 days after the appeal is filed.</text>
						</clause></subparagraph></paragraph><paragraph id="H171B3F5B1DA6439EBC1BACE7230DF18F"><enum>(5)</enum><header>Labor</header>
 <subparagraph id="H5C372A6DFC274E5E9250A87D5557ECAE"><enum>(A)</enum><header>In general</header><text>The Secretary shall take such action as may be necessary to ensure that all laborers and mechanics employed by contractors and subcontractors in the construction of housing with 12 or more units assisted under this section shall be paid wages at rates not less than the rates prevailing in the locality involved for the corresponding classes of laborers and mechanics employed on construction of a similar character, as determined by the Secretary of Labor in accordance with subchapter IV of <external-xref legal-doc="usc-chapter" parsable-cite="usc-chapter/40/31">chapter 31</external-xref> of title 40, United States Code.</text>
 </subparagraph><subparagraph id="H80531134DF7E4425B7354A3A873180AF"><enum>(B)</enum><header>Exemption</header><text>Subparagraph (A) shall not apply to any individual who—</text> <clause id="HFCBA25620B474BF395212E438216269C"><enum>(i)</enum><text>performs services for which the individual volunteered;</text>
 </clause><clause id="HDF29D23EFBBD4CBAA59AE41B817E9A95"><enum>(ii)</enum><text>does not receive compensation for such services or is paid expenses, reasonable benefits, or a nominal fee for such services; and</text>
 </clause><clause id="H7315C9A46A264667AC6724C116EC88B8"><enum>(iii)</enum><text>is not otherwise employed at any time in the construction work.</text> </clause></subparagraph></paragraph><paragraph id="H31189F8ECC9C4272A1E095734BB4505D"><enum>(6)</enum><header>Access to residual receipts</header> <subparagraph id="H3571BCEFDA874A0F82C9873AEEEC2E28"><enum>(A)</enum><header>In general</header><text>The Secretary shall authorize the owner of a housing project assisted under this section to use any residual receipts held for the project in excess of $500 per unit (or in excess of such other amount prescribed by the Secretary based on the needs of the project) for activities to retrofit and renovate the project as described under section 802(d)(3) of the Cranston-Gonzalez National Affordable Housing Act (<external-xref legal-doc="usc" parsable-cite="usc/42/8011">42 U.S.C. 8011(d)(3)</external-xref>) or to provide supportive services to residents of the project.</text>
 </subparagraph><subparagraph id="H1D3C7DE7D2E84B5A8DE51F4ED0D51F9A"><enum>(B)</enum><header>Report</header><text>Any owner that uses residual receipts under this paragraph shall submit to the Secretary a report, not less than annually, describing the uses of the residual receipts.</text>
 </subparagraph><subparagraph id="H0F818CB5C2274E04ADAC0E94793A5A7C"><enum>(C)</enum><header>Determination of amount</header><text>In determining the amount of project rental assistance to be provided to a project under subsection (c)(3) of this section, the Secretary may take into consideration the residual receipts held for the project only if, and to the extent that, excess residual receipts are not used under this paragraph.</text>
 </subparagraph></paragraph><paragraph id="H51964DE8E6144B21A548B10D00172C93"><enum>(7)</enum><header>Occupancy standards and obligations</header><text>Each owner shall operate housing assisted under this section in compliance with subtitle C of title VI of the Housing and Community Development Act of 1992 (<external-xref legal-doc="usc" parsable-cite="usc/42/13601">42 U.S.C. 13601 et seq.</external-xref>) and any regulations issued under such subtitle.</text>
				</paragraph><paragraph id="H6F7A4F23ABC844AF900D7C44AA2CE43E"><enum>(8)</enum><header>Use of project reserves</header>
 <subparagraph id="H05F0BECD45B14D818A1AD2D802AD0E31"><enum>(A)</enum><header>In general</header><text>Amounts for project reserves for a project assisted under this section may be used for costs, subject to reasonable limitations as the Secretary determines appropriate, for reducing the number of dwelling units in the project.</text>
 </subparagraph><subparagraph id="H43DE6CCCE723442095AC737295775D6D"><enum>(B)</enum><header>Approval of Secretary required</header><text>Any use described in subparagraph (A) of amounts for project reserves for a project assisted under this section shall be subject to the approval of the Secretary to ensure that such use is designed to retrofit units that are currently obsolete or unmarketable.</text>
					</subparagraph></paragraph><paragraph display-inline="no-display-inline" id="HF32DC57F6B314F928D74A1268859F18C"><enum>(9)</enum><header>Repayment of assistance and prevention of undue benefits</header>
 <subparagraph id="H5AF2CEF7F1034A9A815455F7942F6740"><enum>(A)</enum><header>Repayment</header><text display-inline="yes-display-inline">If a recipient, or a project sponsor receiving funds from the recipient, receives assistance under subsection (b) for use pursuant to paragraph (2) of such subsection for the construction, acquisition, or rehabilitation of supportive housing for very low-income veteran families and the project ceases to provide permanent housing, the Secretary shall require the recipient, or such project sponsor, to repay the following percentage of such assistance:</text>
 <clause id="H2BE6E1397C90403DBC4498F9784D9D71"><enum>(i)</enum><text display-inline="yes-display-inline">In the case of a project that ceases to be used for such supportive housing before the expiration of the 10-year period beginning upon commencement of the operation of the project, 100 percent.</text>
 </clause><clause id="H32CFE0C69F2F4EB881A750CA0F82B5F3"><enum>(ii)</enum><text display-inline="yes-display-inline">In the case of a project that ceases to be used for such supportive housing on or after the expiration of the 10-year period beginning upon commencement of the operation of the project, but before the expiration of the 15-year period beginning upon such commencement, 20 percent of the assistance for each of the years during such 15-year period for which the project fails to provide permanent housing.</text>
 </clause></subparagraph><subparagraph id="HF7310077C33F40ED92760A244C4C845F"><enum>(B)</enum><header>Prevention of undue benefits</header><text display-inline="yes-display-inline">Except as provided in paragraph (C), if any property is used for a project that receives assistance under subsection (b) for use pursuant to paragraph (2) of such subsection for the construction, acquisition or rehabilitation of supportive housing for very low-income veteran families, and the sale or other disposition of the property occurs before the expiration of the 15-year period beginning upon commencement of the operation of the project, the recipient (or the project sponsor receiving funds from the recipient) shall comply with such terms and conditions as the Secretary may prescribe to prevent the recipient (or such project sponsor) from unduly benefitting from such sale or disposition.</text>
 </subparagraph><subparagraph id="H44F6B089B62A4C7EA9DEB8313880F870"><enum>(C)</enum><header>Exception</header><text>A recipient, or a project sponsor receiving funds from the recipient, shall not be required to make repayments, and comply with the terms and conditions, required under subparagraph (A) or (B) if—</text>
 <clause id="H56B7B3E23686402AB4975DCF892AB9B3"><enum>(i)</enum><text>the sale or disposition of the property used for the project results in the use of the property for the direct benefit of very-low income persons;</text>
 </clause><clause id="H0AB2501D492641EDA8ADF901A2BA8898"><enum>(ii)</enum><text>all of the proceeds of the sale or disposition are used to provide permanent housing for very-low income veteran families meeting the requirements of this section;</text>
 </clause><clause id="HDF39B052452A4F28A779CA8F54E0489E"><enum>(iii)</enum><text>project-based rental assistance or operating cost assistance from any Federal program or an equivalent State or local program is no longer made available and the project is meeting applicable performance standards, provided that the portion of the project that had benefitted from such assistance continues to meet the tenant income and rent restrictions for low-income units under <external-xref legal-doc="usc" parsable-cite="usc/26/42">section 42(g)</external-xref> of the Internal Revenue Code of 1986; or</text>
 </clause><clause id="HEC782400CEE14B40AED8FD5A0B136E35"><enum>(iv)</enum><text>there are no low-income veteran families in the geographic area of the property who meet the program criteria, in which case the project may serve non-veteran individuals and families having incomes described in subsection (l)(2) of this section.</text>
 </clause></subparagraph></paragraph><paragraph display-inline="no-display-inline" id="H64447AFBC1904F00B83176AC8F1648CF"><enum>(10)</enum><header>Continued eligibility of very low-income veteran families</header><text display-inline="yes-display-inline">A veteran family residing in supportive housing assisted under this section may not be considered to lose its status as such a family for purposes of eligibility for continued occupancy in such housing due to the death of any veteran member of the family, including the sole veteran member of the family.</text>
 </paragraph></subsection><subsection id="H3E432D06C8D54998B7406A0CFB800EC8"><enum>(l)</enum><header>Definitions</header><text>In this section, the following definitions shall apply:</text> <paragraph id="HC43B665F9E6340BBAA073D3667F4ED47"><enum>(1)</enum><header>Consumer cooperative</header><text>The term <term>consumer cooperative</term> has the same meaning given such term for purposes of the supportive housing for the elderly program under section 202 of the Housing Act of 1959 (<external-xref legal-doc="usc" parsable-cite="usc/12/1701q">12 U.S.C. 1701q</external-xref>).</text>
 </paragraph><paragraph id="HAE2B807AB1FF48B48328035B6DF84263"><enum>(2)</enum><header>Very low-income veteran family</header><text>The term <term>very low-income veteran family</term> means a veteran family whose income does not exceed 50 percent of the median income for the area, as determined by the Secretary with adjustments for smaller and larger families, except that the Secretary may establish an income ceiling higher or lower than 50 percent of the median for the area on the basis of the Secretary's findings that such variations are necessary because of prevailing levels of construction costs or fair market rents (as determined under section 8 of the United States Housing Act of 1937 (<external-xref legal-doc="usc" parsable-cite="usc/42/1437f">42 U.S.C. 1437f</external-xref>)), or unusually high or low family incomes.</text>
 </paragraph><paragraph id="HD693BB9B769C46A1A1DF466DA7013A91"><enum>(3)</enum><header>Owner</header><text>The term <term>owner</term> means a private nonprofit organization or consumer cooperative that receives assistance under this section to develop and operate supportive housing for very low-income veteran families.</text>
 </paragraph><paragraph id="HF7595BFCC4654E8E94A1EEADF5EAD8EF"><enum>(4)</enum><header>Private nonprofit organization</header><text>The term <term>private nonprofit organization</term> means—</text> <subparagraph id="H5FCE07603566463383EBD0F16EBBA549"><enum>(A)</enum><text>any incorporated private institution or foundation—</text>
 <clause id="H9A3782564CAC4B98B37DE98C96D9F277"><enum>(i)</enum><text>no part of the net earnings of which inures to the benefit of any member, founder, contributor, or individual;</text>
 </clause><clause id="H6D362D375085414E87966E0277F50039"><enum>(ii)</enum><text>which has a governing board that is responsible for the operation of the housing assisted under this section; and</text>
 </clause><clause id="HC157A760A1394E01900937CBA958E4F2"><enum>(iii)</enum><text>which is approved by the Secretary as to financial responsibility;</text> </clause></subparagraph><subparagraph id="HD82897199D564F9C9342D6386441D2C0"><enum>(B)</enum><text display-inline="yes-display-inline">a for-profit limited partnership the sole or managing general partner of which is an organization meeting the requirements under clauses (i), (ii), and (iii) of subparagraph (A) or a corporation meeting the requirements of subparagraph (C);</text>
 </subparagraph><subparagraph id="HA6F0C66244CF49809D0022773B105FC9"><enum>(C)</enum><text>a corporation wholly owned and controlled by an organization meeting the requirements under clauses (i), (ii), and (iii) of subparagraph (A); and</text>
 </subparagraph><subparagraph id="HA2109B3FCC5140ADA6AF914D8B2597CE"><enum>(D)</enum><text>a tribally designated housing entity, as such term is defined in section 4 of the Native American Housing Assistance and Self-Determination Act of 1996 (<external-xref legal-doc="usc" parsable-cite="usc/25/4103">25 U.S.C. 4103</external-xref>).</text>
 </subparagraph></paragraph><paragraph id="H6F905B5253A7439AB4A8A30B587A11EC"><enum>(5)</enum><header>Secretary</header><text>The term <term>Secretary</term> means the Secretary of Housing and Urban Development, except where specifically provided otherwise.</text>
 </paragraph><paragraph id="H327204D157E44E8E91D78542FD5AA336"><enum>(6)</enum><header>State</header><text>The term <term>State</term> includes the several States, the District of Columbia, the Commonwealth of Puerto Rico, and the possessions of the United States.</text>
 </paragraph><paragraph id="H8B61A02E343A4048B91144503F8EBE9D"><enum>(7)</enum><header>Supportive housing for very low-income veteran families</header><text>The term <term>supportive housing for very low-income veteran families</term> means housing that is designed to accommodate the provision of supportive services that are expected to be needed, either initially or over the useful life of the housing, by the veteran families that the housing is intended to serve.</text>
 </paragraph><paragraph id="H955985854CB5427EA3D56281A1CA6BF0"><enum>(8)</enum><header>Veteran</header><text>The term <term>veteran</term> has the meaning given the term in section 101 of title 38, United States Code.</text> </paragraph><paragraph id="H4142A911A377430BA753CD82FE54C2E4"><enum>(9)</enum><header>Veteran family</header><text>The term <term>veteran family</term> includes a veteran who is a single person, a family (including families with children) whose head of household (or whose spouse) is a veteran, and one or more veterans living together with one or more persons.</text>
 </paragraph></subsection><subsection id="HD756FF9952A74997844C9C578147F983"><enum>(m)</enum><header>Allocation of funds</header><text>Of any amounts made available for assistance under this section:</text> <paragraph id="H6FF6BAD4227742D4869B111CE9F8D1B6"><enum>(1)</enum><header>Planning grants</header><text>Not more than 2.5 percent shall be available for planning grants in accordance with subsection (c)(1).</text>
 </paragraph><paragraph id="HBDA4B530E22B41388376256222CC6711"><enum>(2)</enum><header>Capital advances</header><text>Such sums as may be necessary shall be available for capital advances in accordance with subsection (c)(2).</text>
 </paragraph><paragraph id="H002766CC8FD947E3B7354A43441B95DF"><enum>(3)</enum><header>Project rental assistance</header><text>Such sums as may be necessary shall be available for project rental assistance in accordance with subsection (c)(3).</text>
 </paragraph><paragraph id="H260D8E88EB1245E4818983311C6B2576"><enum>(4)</enum><header>Technical assistance</header><text>Not more than 1 percent shall be available for technical assistance in accordance with subsection (k)(1).</text>
 </paragraph></subsection><subsection id="H494C50B59692439BA4C1970DB2E7AE64"><enum>(n)</enum><header>Authorization of appropriations for housing assistance</header><text>There is authorized to be appropriated for assistance under this section $200,000,000 for fiscal year 2017 and such sums as may be necessary for each fiscal year thereafter.</text>
 </subsection></section><section id="HB0607B04319F4CAEB83243B39EEE723D"><enum>3.</enum><header>Housing choice vouchers for homeless veterans</header><text display-inline="no-display-inline">Section 8(o)(19) of the United States Housing Act of 1937 (<external-xref legal-doc="usc" parsable-cite="usc/42/1437f">42 U.S.C. 1437f(o)(19)</external-xref>) is amended to read as follows:</text>
			<quoted-block display-inline="no-display-inline" id="HA9B0540C26814F7B8ED68BE78E7483E3" style="OLC">
				<paragraph id="HAEEA32FB467C42CAACDCBBF684C4E430"><enum>(19)</enum><header>Rental vouchers for homeless veterans</header>
 <subparagraph id="H0606DFE4C632409ABDCE0E10A6411784"><enum>(A)</enum><header>Additional vouchers</header><text>In addition to any amount made available for rental assistance under this subsection, the Secretary shall make available the amount specified in subparagraph (B), for use only for providing rental assistance for homeless veterans in conjunction with the Secretary of Veterans Affairs.</text>
 </subparagraph><subparagraph id="H8943108ABA0743739DB19D1836881D8C"><enum>(B)</enum><header>Amount</header><text>The amount specified in this subparagraph is, for each fiscal year, the amount necessary to provide not fewer than 20,000 vouchers for rental assistance under this subsection.</text>
 </subparagraph><subparagraph display-inline="no-display-inline" id="H61361E03A2DE49BCA4272B6916880302"><enum>(C)</enum><header>Continued eligibility of homeless veteran families</header><text display-inline="yes-display-inline">If any veteran member of a household for which rental assistance is being provided under this paragraph, including the sole veteran member of the household, dies, such household may not be considered, due to such death, to lose its status as the household of a homeless veteran for purposes of—</text>
 <clause id="HC9613714CA1044CDB68CDB32A023E912"><enum>(i)</enum><text>eligibility for continued assistance under this paragraph; or</text> </clause><clause id="H74978200098744DFAEBD446BD91FCBDF"><enum>(ii)</enum><text>continued occupancy in the dwelling unit in which such family is residing using such assistance at the time of such death.</text>
 </clause></subparagraph><subparagraph id="HA269F32A018F48259A76E3F43055C732"><enum>(D)</enum><header>Funding</header><text>The budget authority made available under any other provisions of law for rental assistance under this subsection for fiscal year 2017 and each fiscal year thereafter is authorized to be increased in each such fiscal year by such sums as may be necessary to provide the number of vouchers specified in subparagraph (B) for such fiscal year.</text></subparagraph></paragraph><after-quoted-block>.</after-quoted-block></quoted-block>
		</section><section id="HE19EAED5D60A4651800EDD7CC7A80C75"><enum>4.</enum><header>Inclusion of veterans in housing planning</header>
 <subsection id="HAAD312CB37E54A57B713C23EBBFB9008"><enum>(a)</enum><header>Public housing agency plans</header><text>Section 5A(d)(1) of the United States Housing Act of 1937 (<external-xref legal-doc="usc" parsable-cite="usc/42/1437c-1">42 U.S.C. 1437c–1(d)(1)</external-xref>) is amended by striking <quote>and disabled families</quote> and inserting <quote>, disabled families, and veterans (as such term is defined in section 101 of title 38, United States Code)</quote>.</text>
			</subsection><subsection id="H7389D3EEAC08401EB4C6820C1F87FC17"><enum>(b)</enum><header>Comprehensive housing affordability strategies</header>
 <paragraph id="H5FC21F80C75B4FFC9C498A3F2BD50298"><enum>(1)</enum><header>In general</header><text>Section 105 of the Cranston-Gonzalez National Affordable Housing Act (<external-xref legal-doc="usc" parsable-cite="usc/42/12705">42 U.S.C. 12705</external-xref>) is amended—</text> <subparagraph id="H3D997F0A32D042D19823E0DDD4939911"><enum>(A)</enum><text>in subsection (b)(1), by inserting <quote>veterans (as such term is defined in section 101 of title 38, United States Code),</quote> after <quote>acquired immunodeficiency syndrome,</quote>;</text>
 </subparagraph><subparagraph id="H5DEE414497B945AEA115CB47E2C89C08"><enum>(B)</enum><text>in subsection (b)(20), by striking <quote>and service</quote> and inserting <quote>veterans service, and other service</quote>; and</text> </subparagraph><subparagraph id="HDB95F000342A45C8806720EADF1DFC86"><enum>(C)</enum><text>in subsection (e)(1), by inserting <quote>veterans (as such term is defined in section 101 of title 38, United States Code),</quote> after <quote>homeless persons,</quote>.</text>
 </subparagraph></paragraph><paragraph id="HC713A4A1A702415AA662E4D5D8824159"><enum>(2)</enum><header>Consolidated plans</header><text>The Secretary of Housing and Urban Development shall revise the regulations relating to submission of consolidated plans (part 91 of title 24, Code of Federal Regulations) in accordance with the amendments made by paragraph (1) of this subsection to require inclusion of appropriate information relating to veterans and veterans service agencies in all such plans.</text>
				</paragraph></subsection></section><section id="H478D30736EA74165B6A7FA72BBFE4395"><enum>5.</enum><header>Exclusion of veterans benefits from assisted housing rent considerations</header>
 <subsection id="H3972F2A5989046D48292FB8B221D11CF"><enum>(a)</enum><header>In general</header><text>Notwithstanding any other provision of law, for purposes of determining the amount of rent paid by a family for occupancy of a dwelling unit assisted under a federally assisted housing program under subsection (b) or in housing assisted under any other federally assisted housing program, the income and the adjusted income of the family shall not be considered to include any amounts received by any member of the family from the Secretary of Veterans Affairs as—</text>
 <paragraph id="H2B51F0CDEDDA4780B265D87BB4D39AFD"><enum>(1)</enum><text>compensation, as such term is defined in section 101(13) of title 38, United States Code; and</text> </paragraph><paragraph id="H93A37BA3EF194F29AC893B5436D1482B"><enum>(2)</enum><text>dependency and indemnity compensation, as such term is defined in section 101(14) of such title.</text>
 </paragraph></subsection><subsection id="H60FFB9C747164CBC8735917849FF591F"><enum>(b)</enum><header>Federally assisted housing program</header><text>The federally assisted housing programs under this subsection are—</text> <paragraph id="H317B543E12A04DD0B3245F97A0012869"><enum>(1)</enum><text>the public housing program under the United States Housing Act of 1937 (<external-xref legal-doc="usc" parsable-cite="usc/42/1437">42 U.S.C. 1437 et seq.</external-xref>);</text>
 </paragraph><paragraph id="H035E4F6491C04FA1B77C6D3E08E5F5B7"><enum>(2)</enum><text>the tenant-based rental assistance program under section 8 of the United States Housing Act of 1937 (<external-xref legal-doc="usc" parsable-cite="usc/42/1437f">42 U.S.C. 1437f</external-xref>), including the program under subsection (o)(19) of such section for housing rental vouchers for low-income veteran families;</text>
 </paragraph><paragraph id="H2DF1B58A6AC7495E9D2CFFB90CBF2582"><enum>(3)</enum><text>the project-based rental assistance program under section 8 of the United States Housing Act of 1937 (<external-xref legal-doc="usc" parsable-cite="usc/42/1437f">42 U.S.C. 1437f</external-xref>);</text>
 </paragraph><paragraph id="HC0EA9E6F01C94E2791399AB3B0D7BBF3"><enum>(4)</enum><text>the program for housing opportunities for persons with AIDS under subtitle D of title VIII of the Cranston-Gonzalez National Affordable Housing Act (<external-xref legal-doc="usc" parsable-cite="usc/42/12901">42 U.S.C. 12901 et seq.</external-xref>);</text>
 </paragraph><paragraph id="HA90A92A48FF7401D8F75CB39475D8AE3"><enum>(5)</enum><text>the supportive housing for the elderly program under section 202 of the Housing Act of 1959 (<external-xref legal-doc="usc" parsable-cite="usc/12/1701q">12 U.S.C. 1701q</external-xref>);</text>
 </paragraph><paragraph id="H32332854EF38476C9D97C83E1AFC0A6A"><enum>(6)</enum><text>the supportive housing for persons with disabilities program under section 811 of the Cranston-Gonzalez National Affordable Housing Act (<external-xref legal-doc="usc" parsable-cite="usc/42/8013">42 U.S.C. 8013</external-xref>);</text>
 </paragraph><paragraph id="H744142919809430B81BFC39CE4E0D66C"><enum>(7)</enum><text>the continuum of care for the homeless program under subtitle C of title IV of the McKinney-Vento Homeless Assistance Act (<external-xref legal-doc="usc" parsable-cite="usc/42/11381">42 U.S.C. 11381 et seq.</external-xref>);</text>
 </paragraph><paragraph id="H09A07D5656D14A309AB58FA9A5BA22CB"><enum>(8)</enum><text>the supportive housing for very low-income veteran families program under section 2 of this Act;</text> </paragraph><paragraph id="H2FA7C178A9F840A183482430A7B489EF"><enum>(9)</enum><text>the rental assistance payments program under section 521(a)(2)(A) of the Housing Act of 1949 (<external-xref legal-doc="usc" parsable-cite="usc/42/1490a">42 U.S.C. 1490a(a)(2)(A)</external-xref>);</text>
 </paragraph><paragraph id="H6AD94D379FF348F79253F42FD471536E"><enum>(10)</enum><text>the rental assistance program under section 236 of the National Housing Act (<external-xref legal-doc="usc" parsable-cite="usc/12/1715z-1">12 U.S.C. 1715z–1</external-xref>);</text> </paragraph><paragraph id="H47938535D7AE456E8BB2EDC5523E1269"><enum>(11)</enum><text>the rural housing programs under sections 515 and 538 of the Housing Act of 1949 (<external-xref legal-doc="usc" parsable-cite="usc/42/1485">42 U.S.C. 1485</external-xref>, 1490p–2);</text>
 </paragraph><paragraph id="H029FE1DAFCE0436AA97EB1670A80E9AB"><enum>(12)</enum><text>the HOME investment partnerships program under title II of the Cranston-Gonzalez National Affordable Housing Act (<external-xref legal-doc="usc" parsable-cite="usc/42/12721">42 U.S.C. 12721 et seq.</external-xref>);</text>
 </paragraph><paragraph id="HE9815FF51CB24BD4B273D96E87F2E820"><enum>(13)</enum><text>the block grant programs for affordable housing for Native Americans and Native Hawaiians under titles I through IV and VIII of the Native American Housing Assistance and Self-Determination Act of 1996 (<external-xref legal-doc="usc" parsable-cite="usc/25/4111">25 U.S.C. 4111 et seq.</external-xref>, 4221 et seq.);</text>
 </paragraph><paragraph id="H1E6BA2126B884AF7BF8946ECFEB69DB9"><enum>(14)</enum><text>any other program for housing assistance administered by the Secretary of Housing and Urban Development or the Secretary of Agriculture under which eligibility for occupancy in the housing assisted or for housing assistance is based upon income;</text>
 </paragraph><paragraph id="H6EFF4802EB4E481383E8D8C1263AD7ED"><enum>(15)</enum><text display-inline="yes-display-inline">low-income housing credits allocated pursuant to <external-xref legal-doc="usc" parsable-cite="usc/26/42">section 42</external-xref> of the Internal Revenue Code of 1986; and</text>
 </paragraph><paragraph id="HC1FA0179A3EA46C095437492D60A8539"><enum>(16)</enum><text>tax-exempt bonds issued for qualified residential rental projects pursuant to <external-xref legal-doc="usc" parsable-cite="usc/26/142">section 142(d)</external-xref> of the Internal Revenue Code of 1986.</text>
				</paragraph></subsection></section><section id="H8542C705CF7E43D5B305DFFC72B5EBBE"><enum>6.</enum><header>Technical assistance grants for housing assistance for veterans</header>
 <subsection id="H4A45153F9C7448C9B6BB86640AF8950A"><enum>(a)</enum><header>In general</header><text>The Secretary of Housing and Urban Development shall, to the extent amounts are made available in appropriation Acts for grants under this section, make grants to eligible entities under subsection (b) to provide to nonprofit organizations technical assistance appropriate to assist such organizations in—</text>
 <paragraph id="H7720860DA5BD4EE8A93961F5487EE95F"><enum>(1)</enum><text>sponsoring housing projects for veterans assisted under programs administered by the Department of Housing and Urban Development;</text>
 </paragraph><paragraph id="HE382AAC96AF140F8BB40356207F3E58A"><enum>(2)</enum><text>fulfilling the planning and application processes and requirements necessary under such programs administered by the Department; and</text>
 </paragraph><paragraph id="HA2F9A19953AE4A57BC199CC055FA53C8"><enum>(3)</enum><text>assisting veterans in obtaining housing or homeless assistance under programs administered by the Department.</text>
 </paragraph></subsection><subsection id="HA32D08FCC0E6480CB6AFF4BCBECA8572"><enum>(b)</enum><header>Eligible entities</header><text>An eligible entity under this subsection is a nonprofit entity or organization having such expertise as the Secretary shall require in providing technical assistance to providers of services for veterans.</text>
 </subsection><subsection id="HECED649B6C5E494C900DB4E12C4C5997"><enum>(c)</enum><header>Selection of grant recipients</header><text>The Secretary of Housing and Urban Development shall establish criteria for selecting applicants for grants under this section to receive such grants and shall select applicants based upon such criteria.</text>
 </subsection><subsection id="H6E25DDD3410C47C089321DFF78D484FA"><enum>(d)</enum><header>Funding</header><text>Of any amounts made available in fiscal year 2017 or any fiscal year thereafter to the Department of Housing and Urban Development for salaries and expenses, $1,000,000 shall be available, and shall remain available until expended, for grants under this section.</text>
			</subsection></section><section id="HC6CC2EE811404F6B9AEAC95E61FDEF29"><enum>7.</enum><header>Annual report on housing assistance to veterans</header>
 <subsection id="H5EA60D3F2EB14A3FA228E01C6FDCED08"><enum>(a)</enum><header>In general</header><text>Not later than December 31 each year, the Secretary of Housing and Urban Development shall submit a report on the activities of the Department of Housing and Urban Development relating to veterans during such year to the following:</text>
 <paragraph id="H29F4BBEC7EC34A1B8EA1EF07689B5587"><enum>(1)</enum><text>The Committee on Banking, Housing, and Urban Affairs of the Senate.</text> </paragraph><paragraph id="HE6F847BF430F4AFA95E2C319471E1058"><enum>(2)</enum><text>The Committee on Veterans' Affairs of the Senate.</text>
 </paragraph><paragraph id="HE00B5581942E42E4B65C4E244DB45002"><enum>(3)</enum><text>The Committee on Appropriations of the Senate.</text> </paragraph><paragraph id="HD0EF3AE6EF0F4AF2A66D10D3E524871F"><enum>(4)</enum><text>The Committee on Financial Services of the House of Representatives.</text>
 </paragraph><paragraph id="H46D3BBDD6FCD4A16BFCC41D5E9451E81"><enum>(5)</enum><text>The Committee on Veterans' Affairs of the House of Representatives.</text> </paragraph><paragraph id="H4F97704CC2D44CBA90E3239011DA027A"><enum>(6)</enum><text>The Committee on Appropriations of the House of Representatives.</text>
 </paragraph><paragraph id="H80B81CD9A3AF4D78825625D70E63D8C7"><enum>(7)</enum><text>The Secretary of Veterans Affairs.</text> </paragraph></subsection><subsection id="H38D5210BEC334FA2ADA5689AE1A9B60B"><enum>(b)</enum><header>Contents</header><text>Each report required under subsection (a) shall include the following information with respect to the year for which the report is submitted:</text>
 <paragraph id="HCD5D3A8A97584C0C8A25C8EF7A02C0D5"><enum>(1)</enum><text>The number of very low-income veteran families provided assistance under the program of supportive housing for very low-income veteran families under section 2, the socioeconomic characteristics of such families, the types of assistance provided such families, and the number, types, and locations of owners of housing assisted under such section.</text>
 </paragraph><paragraph id="H4E997F804E35469E9496F1A34A3018CC"><enum>(2)</enum><text>The number of homeless veterans provided assistance under the program of housing choice vouchers for homeless veterans under section 8(o)(19) of the United States Housing Act of 1937 (<external-xref legal-doc="usc" parsable-cite="usc/42/1437f">42 U.S.C. 1437f(o)(19)</external-xref>) (as amended by section 3), the socioeconomic characteristics of such homeless veterans, and the number, types, and locations of entities contracted under such section to administer the vouchers.</text>
 </paragraph><paragraph id="HCD6BA34FF5B844A6A8A77AA4B810DE61"><enum>(3)</enum><text>A summary description of the special considerations made for veterans under public housing agency plans submitted pursuant to section 5A of the United States Housing Act of 1937 (<external-xref legal-doc="usc" parsable-cite="usc/42/1437c-1">42 U.S.C. 1437c–1</external-xref>) and under comprehensive housing affordability strategies submitted pursuant to section 105 of the Cranston-Gonzalez National Affordable Housing Act (<external-xref legal-doc="usc" parsable-cite="usc/42/12705">42 U.S.C. 12705</external-xref>).</text>
 </paragraph><paragraph id="H450F0CDA594542B582BAC5EDBDB94CF5"><enum>(4)</enum><text>A description of the technical assistance provided to organizations pursuant to grants under section 6.</text>
 </paragraph><paragraph id="HCD580A00F7DF4C95A334037971D12871"><enum>(5)</enum><text>A description of the activities of the Special Assistant for Veterans Affairs.</text> </paragraph><paragraph id="HE477331856194380BE8F37E52A6879AB"><enum>(6)</enum><text>A description of the efforts of the Department of Housing and Urban Development to coordinate the delivery of housing and services to veterans with other Federal departments and agencies, including the Department of Defense, Department of Justice, Department of Labor, Department of Health and Human Services, Department of Veterans Affairs, Interagency Council on Homelessness, and the Social Security Administration.</text>
 </paragraph><paragraph id="H5AF28786FFCB43178841F11BBE409E35"><enum>(7)</enum><text>The cost to the Department of Housing and Urban Development of administering the programs and activities relating to veterans.</text>
 </paragraph><paragraph id="H2A1C570162EA4CB7BE354F5A2271DEEE"><enum>(8)</enum><text>Any other information that the Secretary considers relevant in assessing the programs and activities of the Department of Housing and Urban Development relating to veterans.</text>
				</paragraph></subsection><subsection id="HD8BE4CFE81D246FBA6162BE45F970ED7"><enum>(c)</enum><header>Assessment of housing needs of very low-Income veteran families</header>
 <paragraph id="H6F1502AC2F1848F7B1A5698285FA94FE"><enum>(1)</enum><header>In general</header><text>For the first report submitted pursuant to subsection (a) and every fifth report thereafter, the Secretary of Housing and Urban Development shall—</text>
 <subparagraph id="HF2827DBB3A49424883A3B27C50E0C0F3"><enum>(A)</enum><text>conduct an assessment of the housing needs of very low-income veteran families (as such term is defined in section 2); and</text>
 </subparagraph><subparagraph id="H6B3ED83424AB4140B7E1B76869AEDB67"><enum>(B)</enum><text>shall include in each such report findings regarding such assessment.</text> </subparagraph></paragraph><paragraph id="HCFC1EDE9E88F418D86768FC664DE3F45"><enum>(2)</enum><header>Content</header><text>Each assessment under this subsection shall include—</text>
 <subparagraph id="HE7240D98C48B42D7A894993E5CCB21AB"><enum>(A)</enum><text>conducting a survey of, and direct interviews with, a representative sample of very low-income veteran families (as such term is defined in section 2) to determine past and current—</text>
 <clause id="H5DEF620EA68140F783454722FA011880"><enum>(i)</enum><text>socioeconomic characteristics of such veteran families;</text> </clause><clause id="H4C3429D21DC04233B86F9670C42DD061"><enum>(ii)</enum><text>barriers to such veteran families obtaining safe, quality, and affordable housing;</text>
 </clause><clause id="H15C87506D6B74984AC5C1D4C614FA317"><enum>(iii)</enum><text>levels of homelessness among such veteran families; and</text> </clause><clause id="H8B87E22C7C5247418F2CFC06C2E817F8"><enum>(iv)</enum><text>levels and circumstances of, and barriers to, receipt by such veteran families of rental housing and homeownership assistance; and</text>
 </clause></subparagraph><subparagraph id="HCE26529CB4C848B79FF2BBA9F1012D29"><enum>(B)</enum><text>such other information that the Secretary determines, in consultation with the Secretary of Veterans Affairs and national nongovernmental organizations concerned with veterans, homelessness, and very low-income housing, may be useful to the assessment.</text>
 </subparagraph></paragraph><paragraph id="H4E38EA6BAB8E47D0B88A451AAEF9AB83"><enum>(3)</enum><header>Conduct</header><text>If the Secretary contracts with an entity other than the Department of Housing and Urban Development to conduct the assessment under this subsection, such entity shall be a nongovernmental organization determined by the Secretary to have appropriate expertise in quantitative and qualitative social science research.</text>
 </paragraph><paragraph id="HD60539FEBCDB404782B868F6DB0A6AF2"><enum>(4)</enum><header>Funding</header><text>Of any amounts made available pursuant to section 501 of the Housing and Urban Development Act of 1970 (<external-xref legal-doc="usc" parsable-cite="usc/42/1701z-1">42 U.S.C. 1701z–1</external-xref>) for programs of research, studies, testing, or demonstration relating to the mission or programs of the Department of Housing and Urban Development for any fiscal year in which an assessment under this subsection is required pursuant to paragraph (1) of this subsection, $1,000,000 shall be available until expended for costs of the assessment under this subsection.</text>
				</paragraph></subsection></section></legis-body></bill>


