<?xml version="1.0"?>
<?xml-stylesheet type="text/xsl" href="billres.xsl"?>
<!DOCTYPE bill PUBLIC "-//US Congress//DTDs/bill.dtd//EN" "bill.dtd">
<bill bill-stage="Introduced-in-House" bill-type="olc" dms-id="H85A560B9B06B49B69E6E05C3FE0E8279" key="H" public-private="public"><metadata xmlns:dc="http://purl.org/dc/elements/1.1/">
<dublinCore>
<dc:title>115 HR 471 IH: Small Business Administration Franchise Loan Transparency Act of 2017</dc:title>
<dc:publisher>U.S. House of Representatives</dc:publisher>
<dc:date>2017-01-12</dc:date>
<dc:format>text/xml</dc:format>
<dc:language>EN</dc:language>
<dc:rights>Pursuant to Title 17 Section 105 of the United States Code, this file is not subject to copyright protection and is in the public domain.</dc:rights>
</dublinCore>
</metadata>
<form>
<distribution-code display="yes">I</distribution-code><congress display="yes">115th CONGRESS</congress><session display="yes">1st Session</session><legis-num display="yes">H. R. 471</legis-num><current-chamber>IN THE HOUSE OF REPRESENTATIVES</current-chamber><action display="yes"><action-date date="20170112">January 12, 2017</action-date><action-desc><sponsor name-id="E000288">Mr. Ellison</sponsor> (for himself, <cosponsor name-id="H001068">Mr. Huffman</cosponsor>, <cosponsor name-id="C000714">Mr. Conyers</cosponsor>, and <cosponsor name-id="M001143">Ms. McCollum</cosponsor>) introduced the following bill; which was referred to the <committee-name committee-id="HIF00">Committee on Energy and Commerce</committee-name></action-desc></action><legis-type>A BILL</legis-type><official-title display="yes">To establish minimum standards of disclosure by franchises whose franchisees use loans guaranteed
			 by the Small Business Administration.</official-title></form>
	<legis-body id="HECA1CD86AA6142488EF51896AB39804D" style="OLC">
 <section id="H0C5F414A795F43DAAC264D172EF35839" section-type="section-one"><enum>1.</enum><header>Short title</header><text display-inline="no-display-inline">This Act may be cited as the <quote><short-title>Small Business Administration Franchise Loan Transparency Act of 2017</short-title></quote>.</text> </section><section id="H981F3F2262D84B1DBB24CEA452B7C2DA"><enum>2.</enum><header>Findings and purpose</header> <subsection id="H1A45B911B00A431AB6DB4FCA4FB55931"><enum>(a)</enum><header>Findings</header><text>Congress makes the following findings:</text>
 <paragraph id="H151AE1C5F4FD4DC59D400C3A67DB1B64"><enum>(1)</enum><text display-inline="yes-display-inline">Franchise businesses represent a large and growing segment of the retail and service businesses of the United States and are rapidly replacing more traditional forms of small business ownership in the economy of the United States.</text>
 </paragraph><paragraph id="H99F46F1847DA462EBF2FBFDB5E8F2632"><enum>(2)</enum><text>The Small Business Administration (<quote>SBA</quote>) guarantees much of the financing available in franchising.</text> </paragraph><paragraph id="HDF9CEDBAF95A43AFAE8AA1AA2CAC7B34"><enum>(3)</enum><text>The SBA requires pro forma projections, including projected revenue, for the first year of operations of a franchise as part of the standard operating requirements for a franchisee to qualify for financing.</text>
 </paragraph><paragraph id="HF0A89C7FEB0E4642814DC13733096CF0"><enum>(4)</enum><text>On July 13, 2011, the SBA Office of Inspector General published an audit (Report No. 11–16) on loans made under section 7(a) of the Small Business Act to Huntington Learning Center franchises where first year revenue projections were all significantly inflated.</text>
 </paragraph><paragraph id="HC186A5443D3B4D22A58F45BB39E285A3"><enum>(5)</enum><text>On July 2, 2013, the SBA Office of Inspector General published an audit evaluation (Report No. 13–17) showing that the SBA needed to improve the management of its 7(a) loan portfolio risk, specifically with certain franchise brands that had exceptionally high default rates that continued to receive guaranteed loans from the SBA.</text>
 </paragraph><paragraph id="H526C5097A8A7429C902CAC5D75A417F1"><enum>(6)</enum><text>In September 2013, the Government Accountability Office published a study (GAO–13–759) showing that over the 10-year period from 2003 to 2012, 28 percent of 7(a) loans to franchises required a guarantee payment. The study was based on 32,323 loans totaling $10.6 billion, which required $1.5 billion in guarantee payments. The report specifically stated, <quote>Potential franchisees should include first-year revenue estimates in their SBA loan applications. However, this information is not necessarily available to potential franchisees in the franchise organization’s disclosure document.</quote>.</text>
 </paragraph><paragraph id="HD2EF8AF53BDD431981CBCD131D3BED95"><enum>(7)</enum><text>Franchise companies most often collect royalties based on gross revenue; therefore, revenue data on each franchise outlet are readily available.</text>
 </paragraph><paragraph id="H1818431009714EEC980953F1D9FBEB63"><enum>(8)</enum><text>While both the franchisor and the lender profit as a result of the SBA financing, only the franchisee bears the total liability for the loan.</text>
 </paragraph></subsection><subsection id="HF055CA86C1A24588AF372902A76958A5"><enum>(b)</enum><header>Purpose</header><text>It is the purpose of this Act to—</text> <paragraph id="H57D0B0D494C44F7CA12029F83BB8C794"><enum>(1)</enum><text>ensure transparency in the loan processes of the Small Business Administration, so that the franchisee borrower, the lender, and the Administration all have access to information that is key to the lending process;</text>
 </paragraph><paragraph id="H7F879F7439B54E60BC667802147239A5"><enum>(2)</enum><text>remove any hidden discussions between the franchisor and the lender on financial data critical to the loan approval process;</text>
 </paragraph><paragraph id="H0A5726D3ED864DD2AE91B66892BACA86"><enum>(3)</enum><text>lower the fees and rates charged to franchisee borrowers; and</text> </paragraph><paragraph id="H6782D5B092BF48479E10CC72DFC501E6"><enum>(4)</enum><text>help ensure lower default rates in order to make more money available for loans.</text>
				</paragraph></subsection></section><section id="H46D791D20E5640ED8CA5EF01030CA021"><enum>3.</enum><header>Required disclosures</header>
 <subsection id="H34AD3EFBFE4C436E9634E87993AD9095"><enum>(a)</enum><header>In general</header><text>A franchisor, except for a franchisor of a franchise in the lodging industry, shall disclose in the required Federal Trade Commission disclosure document, the following:</text>
 <paragraph id="H5304098E8644491ABD0B7EAD01DB12B1"><enum>(1)</enum><text>The average first-year revenue for all franchise locations for each of the preceding five years of operation.</text>
 </paragraph><paragraph id="HF1BB780CAE2A4A878159BDEBDDCACC56"><enum>(2)</enum><text display-inline="yes-display-inline">The number of franchise locations that went out of business or were sold by the franchisee during the first year of operation for each of the preceding five years.</text>
 </paragraph><paragraph id="H810FE5CB0ADF4D628233E6FECF8833B8"><enum>(3)</enum><text display-inline="yes-display-inline">Average revenues for all locations of the franchise for each of the preceding five years of operation, aggregated to show the top 25 percent, middle 50 percent, and the bottom 25 percent of revenue.</text>
 </paragraph></subsection><subsection id="H412B877BA441433AA851C90AF8D3F303"><enum>(b)</enum><header>Disclosure to prospective franchisee</header><text>Any financial information relating to the performance of any location of a franchise that is provided by the franchisor, or its representatives, to the lender for the purpose of qualifying the loan, shall be disclosed to the prospective franchisee borrower.</text>
 </subsection></section><section id="H4286FC74BC9B486AB8418D246A9DF9CF"><enum>4.</enum><header>Definitions</header><text display-inline="no-display-inline">For purposes of this Act, the following definitions apply:</text> <paragraph id="HE527F5D20DA94A5ABF4B5220AA2EF289"><enum>(1)</enum><text>The term <term>disclosure document</term> means the disclosure statement required by the Federal Trade Commission in Trade Regulation Rule 436 (16 Fed. Reg. 436).</text>
 </paragraph><paragraph id="H916A95748C9640309EF4C8F4361E38CD"><enum>(2)</enum><text>The terms <term>franchise</term>, <term>franchisee</term> and <term>franchisor</term> have the meanings given such terms in section 436.1 of title 16 of the Code of Federal Regulations as in effect on July 1, 2007.</text>
 </paragraph></section><section id="HDBDF4C11E093448293B4E5C32104D15E"><enum>5.</enum><header>Severability</header><text display-inline="no-display-inline">If any provision of this Act or any application of this Act to any person or circumstances is held invalid, the remainder of this Act and its application to any person or circumstance shall not be affected thereby.</text>
		</section></legis-body></bill>


