<?xml version="1.0"?>
<?xml-stylesheet type="text/xsl" href="billres.xsl"?>
<!DOCTYPE bill PUBLIC "-//US Congress//DTDs/bill.dtd//EN" "bill.dtd">
<bill bill-stage="Introduced-in-House" bill-type="olc" dms-id="H0735E682028249879172859C566341FA" key="H" public-private="public"><metadata xmlns:dc="http://purl.org/dc/elements/1.1/">
<dublinCore>
<dc:title>115 HR 663 IH: Assisting America’s Dislocated Miners Act of 2017</dc:title>
<dc:publisher>U.S. House of Representatives</dc:publisher>
<dc:date>2017-01-24</dc:date>
<dc:format>text/xml</dc:format>
<dc:language>EN</dc:language>
<dc:rights>Pursuant to Title 17 Section 105 of the United States Code, this file is not subject to copyright protection and is in the public domain.</dc:rights>
</dublinCore>
</metadata>
<form>
<distribution-code display="yes">I</distribution-code><congress display="yes">115th CONGRESS</congress><session display="yes">1st Session</session><legis-num display="yes">H. R. 663</legis-num><current-chamber>IN THE HOUSE OF REPRESENTATIVES</current-chamber><action display="yes"><action-date date="20170124">January 24, 2017</action-date><action-desc><sponsor name-id="J000297">Mr. Jenkins of West Virginia</sponsor> (for himself, <cosponsor name-id="D000482">Mr. Michael F. Doyle of Pennsylvania</cosponsor>, <cosponsor name-id="W000800">Mr. Welch</cosponsor>, and <cosponsor name-id="R000577">Mr. Ryan of Ohio</cosponsor>) introduced the following bill; which was referred to the <committee-name committee-id="HED00">Committee on Education and the Workforce</committee-name></action-desc></action><legis-type>A BILL</legis-type><official-title display="yes">To establish a grant program to assist dislocated miners in receiving additional training and
			 education to enable them to find and secure new jobs.</official-title></form>
	<legis-body id="HD430729371A144919182CCB74BB7C711" style="OLC">
 <section id="H2FF18F7346DD487384D306AAE3410E21" section-type="section-one"><enum>1.</enum><header>Short title</header><text display-inline="no-display-inline">This Act may be cited as the <quote><short-title>Assisting America’s Dislocated Miners Act of 2017</short-title></quote>.</text> </section><section id="H6DEFD7605AA64964A0D23581A6B05533"><enum>2.</enum><header>Multistate Dislocated Miners Assistance Program</header> <subsection id="H2C77144782644A07AF1CF71AEF76EB9B"><enum>(a)</enum><header>Establishment</header><text display-inline="yes-display-inline">There is established within the Employment and Training Administration of the Department of Labor a Dislocated Miners Assistance Program that shall contract with comprehensive career centers to—</text>
 <paragraph id="H2666662BEDE84AE3B3B2B8F182C77B38"><enum>(1)</enum><text>identify miners who have been dislocated from their employment in mining jobs across the United States;</text>
 </paragraph><paragraph id="H0E11ADB6A5FD43D5A23FF19ABC91704C"><enum>(2)</enum><text>assess the needed skills, training, and education of such miners to enable them to find and hold new jobs;</text>
 </paragraph><paragraph id="H3095DB8D3BD346F7A30DCE6AB20908B0"><enum>(3)</enum><text>identify job training programs that would provide such training and education; and</text> </paragraph><paragraph id="HF2426AFF28D74938A47290454003CE8B"><enum>(4)</enum><text display-inline="yes-display-inline">provide grants to eligible job training providers, pursuant to subsection (b), to recruit and train such miners and assist them in finding new employment.</text>
				</paragraph></subsection><subsection id="H3F5CFB6BD03047BDADB91AA26E10FC47"><enum>(b)</enum><header>Job training grants for dislocated workers</header>
 <paragraph id="HC90E0BE306254896A65387CE195E674F"><enum>(1)</enum><header>In general</header><text display-inline="yes-display-inline">From amounts appropriated pursuant to paragraph (3), the Secretary of Labor shall award grants to eligible job training providers and comprehensive career centers to recruit and train dislocated miners and assist them in finding new employment.</text>
 </paragraph><paragraph id="H534A1652E0E048798E8488B4C13556B8"><enum>(2)</enum><header>Eligible comprehensive career centers and job training providers</header><text display-inline="yes-display-inline">A comprehensive career center or job training provider eligible to receive a grant under this Act shall be a nonprofit organization with demonstrated success coordinating or providing necessary training and education to workers dislocated from the mining industry, to enable such workers to acquire marketable skills to find and hold jobs in the workforce in areas where such miners and their families live.</text>
 </paragraph><paragraph id="HBDBD64E4C8894E2FB4A46EF2E5A1CE8C"><enum>(3)</enum><header>Authorization of appropriations</header><text>There is authorized to be appropriated to the Secretary of Labor for each of fiscal years 2017 through 2021, $20,000,000 to award grants pursuant to this Act.</text>
				</paragraph></subsection></section></legis-body></bill>


