<?xml version="1.0"?>
<?xml-stylesheet type="text/xsl" href="billres.xsl"?>
<!DOCTYPE bill PUBLIC "-//US Congress//DTDs/bill.dtd//EN" "bill.dtd">
<bill bill-stage="Introduced-in-House" dms-id="HEAECF64F885C4285B04C71CD4613B0F2" public-private="public" key="H" bill-type="olc"><form><distribution-code display="yes">I</distribution-code><congress display="yes">115th CONGRESS</congress><session display="yes">1st Session</session><legis-num display="yes">H. R. 355</legis-num><current-chamber>IN THE HOUSE OF REPRESENTATIVES</current-chamber><action display="yes"><action-date date="20170106">January 6, 2017</action-date><action-desc><sponsor name-id="W000795">Mr. Wilson of South Carolina</sponsor> introduced the following bill; which was referred to the <committee-name committee-id="HED00">Committee on Education and the Workforce</committee-name>, and in addition to the Committee on <committee-name committee-id="HWM00">Ways and Means</committee-name>, for a period to be subsequently determined by the Speaker, in each case for consideration of such provisions as fall within the jurisdiction of the committee concerned</action-desc></action><legis-type>A BILL</legis-type><official-title display="yes">To provide for a 2-year delay in the effective date of a rule of the Department of Labor relating to the <quote>Definition of the Term <quote>Fiduciary</quote>; Conflict of Interest Rule-Retirement Investment Advice</quote>.</official-title></form><legis-body id="H6240494EC9B84C16954148F1C3131E2F" style="OLC"> 
<section id="H41BDB8F15DB24435ACE8920CD3EEB3DC" section-type="section-one"><enum>1.</enum><header>Short title</header><text display-inline="no-display-inline">This Act may be cited as the <quote><short-title>Protecting American Families’ Retirement Advice Act</short-title></quote> .</text> </section> <section id="HFDCE470FC60D4821ACEFBE929C216F73"><enum>2.</enum><header>Effective date of rule</header><text display-inline="no-display-inline">Notwithstanding the effective date set forth in the rule submitted by the Department of Labor relating the <quote>Definition of the Term <quote>Fiduciary</quote>; Conflict of Interest Rule-Retirement Investment Advice</quote> (published at 81 Fed. Reg. 20946 (April 8, 2016)), such rule shall not take effect until the date that is 2 years after the date of enactment of this Act. </text></section> 
</legis-body></bill>

