<?xml version="1.0"?>
<?xml-stylesheet type="text/xsl" href="billres.xsl"?>
<!DOCTYPE bill PUBLIC "-//US Congress//DTDs/bill.dtd//EN" "bill.dtd">
<bill bill-stage="Introduced-in-House" dms-id="H2A0435077CDF49B4AFABA2D2FE6EBE0A" public-private="public" key="H" bill-type="olc"><form><distribution-code display="yes">I</distribution-code><congress display="yes">115th CONGRESS</congress><session display="yes">1st Session</session><legis-num display="yes">H. R. 668</legis-num><current-chamber>IN THE HOUSE OF REPRESENTATIVES</current-chamber><action display="yes"><action-date date="20170124">January 24, 2017</action-date><action-desc><sponsor name-id="L000566">Mr. Latta</sponsor> (for himself, <cosponsor name-id="W000804">Mr. Wittman</cosponsor>, <cosponsor name-id="G000289">Mr. Goodlatte</cosponsor>, <cosponsor name-id="B001273">Mrs. Black</cosponsor>, and <cosponsor name-id="O000168">Mr. Olson</cosponsor>) introduced the following bill; which was referred to the <committee-name committee-id="HHA00">Committee on House Administration</committee-name>, and in addition to the Committee on <committee-name committee-id="HGO00">Oversight and Government Reform</committee-name>, for a period to be subsequently determined by the Speaker, in each case for consideration of such provisions as fall within the jurisdiction of the committee concerned</action-desc></action><legis-type>A BILL</legis-type><official-title display="yes">To eliminate automatic pay adjustments for Members of Congress, and for other purposes.</official-title></form><legis-body id="H7DD25A8DE1554B889003FCE8BF48B2DC" style="OLC"> 
<section id="HFCB4AE09B94C4446A516FAAB428C2CCC" section-type="section-one"><enum>1.</enum><header>Elimination of automatic pay adjustments for Members of Congress</header>
<subsection id="HB53328B4D26F49C1A55BB5C28C88E715"><enum>(a)</enum><header>In general</header><text display-inline="yes-display-inline">Paragraph (2) of section 601(a) of the Legislative Reorganization Act of 1946 (<external-xref legal-doc="usc" parsable-cite="usc/2/4501">2 U.S.C. 4501(2)</external-xref>) is repealed.</text></subsection> <subsection id="HB592C59D8E73454EA2DDCE64DA62E850"><enum>(b)</enum><header>Conforming amendments</header><text display-inline="yes-display-inline">Section 601(a)(1) of such Act (<external-xref legal-doc="usc" parsable-cite="usc/2/4501">2 U.S.C. 4501</external-xref>) is amended—</text>
<paragraph id="H4DC9F0C4E3B042F4918D1210CD84C277"><enum>(1)</enum><text>by striking <quote>(a)(1)</quote> and inserting <quote>(a)</quote>;</text></paragraph> <paragraph id="H1A27747039194E3DAA08F0FB2D5F9860"><enum>(2)</enum><text>by redesignating subparagraphs (A), (B), and (C) as paragraphs (1), (2), and (3), respectively; and</text></paragraph>
<paragraph id="H01729174A36C48CC92FA20AE9B10AD76"><enum>(3)</enum><text>by striking <quote>, as adjusted by paragraph (2) of this subsection</quote>.</text></paragraph></subsection></section> <section id="H4D95DB69EAE841BFBC0C089B888EB271"><enum>2.</enum><header>Effective date</header><text display-inline="no-display-inline">This Act and the amendments made by this Act shall take effect on December 31, 2018.</text></section> 
</legis-body></bill>

