<?xml version="1.0"?>
<?xml-stylesheet type="text/xsl" href="billres.xsl"?>
<!DOCTYPE bill PUBLIC "-//US Congress//DTDs/bill.dtd//EN" "bill.dtd">
<bill bill-stage="Introduced-in-House" bill-type="olc" dms-id="HE78E7569348641F698F12B409D90541E" key="H" public-private="public"><metadata xmlns:dc="http://purl.org/dc/elements/1.1/">
<dublinCore>
<dc:title>115 HR 156 IH: Labor Relations First Contract Negotiations Act of 2017</dc:title>
<dc:publisher>U.S. House of Representatives</dc:publisher>
<dc:date>2017-01-03</dc:date>
<dc:format>text/xml</dc:format>
<dc:language>EN</dc:language>
<dc:rights>Pursuant to Title 17 Section 105 of the United States Code, this file is not subject to copyright protection and is in the public domain.</dc:rights>
</dublinCore>
</metadata>
<form>
<distribution-code display="yes">I</distribution-code><congress display="yes">115th CONGRESS</congress><session display="yes">1st Session</session><legis-num display="yes">H. R. 156</legis-num><current-chamber>IN THE HOUSE OF REPRESENTATIVES</current-chamber><action display="yes"><action-date date="20170103">January 3, 2017</action-date><action-desc><sponsor name-id="G000410">Mr. Gene Green of Texas</sponsor> introduced the following bill; which was referred to the <committee-name committee-id="HED00">Committee on Education and the Workforce</committee-name></action-desc></action><legis-type>A BILL</legis-type><official-title display="yes">To amend the National Labor Relations Act to require the arbitration of initial contract
			 negotiation disputes, and for other purposes.</official-title></form>
	<legis-body id="HC43CAFEBA0AD45CE9DE2B1417719B5BE" style="OLC">
 <section id="H1754DECF0E454998A51B7294D83F01E1" section-type="section-one"><enum>1.</enum><header>Short title</header><text display-inline="no-display-inline">This Act may be cited as the <quote><short-title>Labor Relations First Contract Negotiations Act of 2017</short-title></quote>.</text> </section><section id="H4535A38ACD664635986EAF7B5AA221AE"><enum>2.</enum><header>Initial contract disputes</header><text display-inline="no-display-inline">Section 8 of the National Labor Relations Act (<external-xref legal-doc="usc" parsable-cite="usc/29/158">29 U.S.C. 158</external-xref>) is amended by adding at the end the following new subsection:</text>
			<quoted-block id="H14359C32855D4C788E2572FE9E9958E1" style="OLC">
				<subsection id="HA5291E588765405688BAC63EEEEC6CEB"><enum>(h)</enum>
 <paragraph commented="no" display-inline="yes-display-inline" id="H9B6EAB1EBCDA4B17A8EE986EA2620565"><enum>(1)</enum><text>If, not later than 60 days after the certification of a new representative of employees for the purpose of collective bargaining, the employer of the employees and the representative have not reached a collective bargaining agreement with respect to the terms and conditions of employment, the employer and the representative shall jointly select a mediator to mediate those issues on which the employer and the representative cannot agree.</text>
 </paragraph><paragraph id="H00A01D46487E4E93A47E8C52F9D6E2D4" indent="up1"><enum>(2)</enum><text>If the employer and the representative are unable to agree upon a mediator, either party may request the Federal Mediation and Conciliation Service to select a mediator and the Federal Mediation and Conciliation Service shall upon the request select a person to serve as mediator.</text>
 </paragraph><paragraph id="H386922F5BE8542AAA1DE4AF3895785BE" indent="up1"><enum>(3)</enum><text>If, not later than 30 days after the date of the selection of a mediator under paragraph (1) or (2), the employer and the representative have not reached an agreement, the employer or the representative may transfer the matters remaining in controversy to the Federal Mediation and Conciliation Service for binding arbitration.</text></paragraph></subsection><after-quoted-block>.</after-quoted-block></quoted-block>
		</section></legis-body></bill>


