<?xml version="1.0"?>
<?xml-stylesheet type="text/xsl" href="billres.xsl"?>
<!DOCTYPE bill PUBLIC "-//US Congress//DTDs/bill.dtd//EN" "bill.dtd">
<bill bill-stage="Introduced-in-House" bill-type="olc" dms-id="H841A871D3E694DB68C84283C157E1C6E" key="H" public-private="private"><metadata xmlns:dc="http://purl.org/dc/elements/1.1/">
<dublinCore>
<dc:title>115 HR 752 IH: For the relief of Jeanette Vizguerra-Ramirez.</dc:title>
<dc:publisher>U.S. House of Representatives</dc:publisher>
<dc:date>2017-01-30</dc:date>
<dc:format>text/xml</dc:format>
<dc:language>EN</dc:language>
<dc:rights>Pursuant to Title 17 Section 105 of the United States Code, this file is not subject to copyright protection and is in the public domain.</dc:rights>
</dublinCore>
</metadata>
<form>
<distribution-code display="yes">V</distribution-code><congress display="yes">115th CONGRESS</congress><session display="yes">1st Session</session><legis-num display="yes">H. R. 752</legis-num><current-chamber>IN THE HOUSE OF REPRESENTATIVES</current-chamber><action display="yes"><action-date date="20170130">January 30, 2017</action-date><action-desc><sponsor name-id="P000598">Mr. Polis</sponsor> introduced the following bill; which was referred to the <committee-name committee-id="HJU00">Committee on the Judiciary</committee-name></action-desc></action><legis-type>A BILL</legis-type><official-title display="yes">For the relief of Jeanette Vizguerra-Ramirez.</official-title></form>
	<legis-body id="HDD950E879A9A4F8989B8BFA40F79E980" style="OLC">
		<section id="H59AAD2AD0ABF40DFB13270E1F421A854" section-type="section-one"><enum>1.</enum><header>Permanent resident status for Jeanette Vizguerra-Ramirez</header>
 <subsection id="HE624537C978A4DDBA404FC66B0BCEE7D"><enum>(a)</enum><header>In General</header><text display-inline="yes-display-inline">Notwithstanding subsections (a) and (b) of section 201 of the <act-name parsable-cite="INA">Immigration and Nationality Act</act-name>, Jeanette Vizguerra-Ramirez shall be eligible for issuance of an immigrant visa or for adjustment of status to that of an alien lawfully admitted for permanent residence upon filing an application for issuance of an immigrant visa under section 204 of such Act or for adjustment of status to lawful permanent resident.</text>
 </subsection><subsection id="H4B9E905A08DD48318C24698DA2AFC06C"><enum>(b)</enum><header>Adjustment of Status</header><text display-inline="yes-display-inline">If Jeanette Vizguerra-Ramirez enters the United States before the filing deadline specified in subsection (c), she shall be considered to have entered and remained lawfully and shall, if otherwise eligible, be eligible for adjustment of status under section 245 of the <act-name parsable-cite="INA">Immigration and Nationality Act</act-name> as of the date of the enactment of this Act.</text>
 </subsection><subsection id="HD2278FA42BDA4F92A568031EC47B553C"><enum>(c)</enum><header>Deadline for Application and Payment of Fees</header><text>Subsections (a) and (b) shall apply only if the application for issuance of an immigrant visa or the application for adjustment of status is filed with appropriate fees within 2 years after the date of the enactment of this Act.</text>
 </subsection><subsection id="HB191F41BF20147178D4E892D78ADE04E"><enum>(d)</enum><header>Reduction of Immigrant Visa Number</header><text display-inline="yes-display-inline">Upon the granting of an immigrant visa or permanent residence to Jeanette Vizguerra-Ramirez, the Secretary of State shall instruct the proper officer to reduce by 1, during the current or next following fiscal year, the total number of immigrant visas that are made available to natives of the country of the alien’s birth under section 203(a) of the <act-name parsable-cite="INA">Immigration and Nationality Act</act-name> or, if applicable, the total number of immigrant visas that are made available to natives of the country of the alien’s birth under section 202(e) of such Act.</text>
 </subsection><subsection id="H25F02104F72E4528A7F4D0BC31C4E888"><enum>(e)</enum><header>Denial of Preferential Immigration Treatment for Certain Relatives</header><text display-inline="yes-display-inline">The natural parents, brothers, and sisters of Jeanette Vizguerra-Ramirez shall not, by virtue of such relationship, be accorded any right, privilege, or status under the <act-name parsable-cite="INA">Immigration and Nationality Act</act-name>.</text>
			</subsection></section></legis-body></bill>


