<?xml version="1.0"?>
<?xml-stylesheet type="text/xsl" href="billres.xsl"?>
<!DOCTYPE bill PUBLIC "-//US Congress//DTDs/bill.dtd//EN" "bill.dtd">
<bill bill-stage="Introduced-in-House" dms-id="HBB85F716A1A8487CA7AC3A355EF7E795" public-private="public" key="H" bill-type="olc"><form><distribution-code display="yes">I</distribution-code><congress display="yes">115th CONGRESS</congress><session display="yes">1st Session</session><legis-num display="yes">H. R. 313</legis-num><current-chamber>IN THE HOUSE OF REPRESENTATIVES</current-chamber><action display="yes"><action-date date="20170105">January 5, 2017</action-date><action-desc><sponsor name-id="B001243">Mrs. Blackburn</sponsor> (for herself and <cosponsor name-id="H001036">Mr. Hensarling</cosponsor>) introduced the following bill; which was referred to the <committee-name committee-id="HWM00">Committee on Ways and Means</committee-name></action-desc></action><legis-type>A BILL</legis-type><official-title display="yes">To amend title II of the Social Security Act to establish a Social Security Surplus Protection Account in the Federal Old-Age and Survivors Insurance Trust Fund to hold the Social Security surplus, to provide for suspension of investment of amounts held in the Account until enactment of legislation providing for investment of the Trust Fund in investment vehicles other than obligations of the United States, and to establish a Social Security Investment Commission to make recommendations for alternative forms of investment of the Social Security surplus in the Trust Fund.</official-title></form><legis-body id="HDE158790973C4E48A5733BC1E64C5349" style="OLC"> 
<section display-inline="no-display-inline" id="HB81403B4286249C2A8777C2EC15ACC79" section-type="section-one"><enum>1.</enum><header>Short title</header><text display-inline="no-display-inline">This Act may be cited as the <quote><short-title>Savings for Seniors Act of 2017</short-title></quote>.</text></section> <section id="HD04908CB8C6A4F9999BB90703F4645C2"><enum>2.</enum><header>Interim protections for social security trust fund surplus</header> <subsection id="H1B9CD5796B204B2198B33DD0F0DE948F"><enum>(a)</enum><header>In general</header><text>Section 201(d) of the Social Security Act (<external-xref legal-doc="usc" parsable-cite="usc/42/402">42 U.S.C. 402(d)</external-xref>) is amended—</text> 
<paragraph id="HC83FB2A749F24E75928023B2BF83B7A3"><enum>(1)</enum><text>by striking <quote>It shall be the duty</quote> and inserting <quote>(1) Except as provided in paragraph (2), it shall be the duty</quote>; and</text></paragraph> <paragraph id="HCF9E1995B2F34477A6368FCC06D85BB3"><enum>(2)</enum><text>by adding at the end the following new paragraph:</text> 
<quoted-block display-inline="no-display-inline" id="HA74EDDC3657E4CBF8BA965269FCBA62A" style="traditional"> 
<paragraph id="H0EEA5CF1CAC44EE091DD4DD547DDDDDB" indent="up1"><enum>(2)</enum> 
<subparagraph commented="no" display-inline="yes-display-inline" id="H0D60EE1D988E44D797252E20CC6B77CB"><enum>(A)</enum><text>There is established in the Federal Old-Age and Survivors Insurance Trust Fund a Social Security Surplus Protection Account. As soon as practicable after each fiscal year after fiscal year 2017, the Managing Trustee shall transfer to the Account, from amounts otherwise available in the Trust Fund, amounts equivalent to the social security surplus for such fiscal year. Such amounts shall be transferred from time to time to the Account, such amounts to be determined on the basis of estimates by the Managing Trustee, and proper adjustments shall be made in amounts subsequently transferred to the extent prior estimates were in excess of or were less than the correct amount.</text></subparagraph> <subparagraph id="H6D812E4EF08F46CA93BDECE808B1E3E3" indent="up1"><enum>(B)</enum><text>For purposes of subparagraph (A), the term <quote>social security surplus</quote> means, for any fiscal year, the excess, if any, of—</text> 
<clause id="HD304DCE78043487197C4F2A674CA63C1"><enum>(i)</enum><text>the sum of—</text> <subclause id="HE57BF43FECE44CC8B59103760096EB97"><enum>(I)</enum><text>the taxes imposed for such fiscal year by chapter 21 (other than sections 3101(b) and 3111(b)) of the Internal Revenue Code of 1986 with respect to wages (as defined in section 3121 of such Code) reported to the Secretary of the Treasury or his delegates pursuant to subtitle F of such Code, as determined by the Secretary of the Treasury by applying the applicable rates of tax under such chapter 21 (other than sections 3101(b) and 3111(b)) to such wages, less the amounts specified in clause (1) of subsection (b) of this section for such fiscal year,</text></subclause> 
<subclause id="H4813F78806F445CAA42AABB4074F7139"><enum>(II)</enum><text>the taxes imposed by chapter 2 (other than <external-xref legal-doc="usc" parsable-cite="usc/26/1401">section 1401(b))</external-xref> of the Internal Revenue Code of 1986 with respect to self-employment income (as defined in section 1402 of such Code) reported to the Secretary of the Treasury on tax returns under subtitle F of such Code, as determined by the Secretary of the Treasury by applying the applicable rate of tax under such chapter (other than section 1401(b)) to such self-employment income, less the amounts specified in clause (2) of subsection (b) of this section for such fiscal year, and</text></subclause> <subclause id="H65BE9012566D4C1BAC15F8E5C81DD098"><enum>(III)</enum><text>the amount equivalent to the aggregate increase in tax liabilities under <external-xref legal-doc="usc-chapter" parsable-cite="usc-chapter/26/1">chapter 1</external-xref> of the Internal Revenue Code of 1986 which is attributable to the application of sections 86 and 871(a)(3) of such Code to payments from the Trust Fund, over</text></subclause></clause> 
<clause id="H3FEAEF0D3123483C9021FD99E994B795"><enum>(ii)</enum><text>the sum of—</text> <subclause id="H3B33C90397FE449C8889DD9742D7AAFC"><enum>(I)</enum><text>benefits paid from the Trust Fund during the fiscal year, and</text></subclause> 
<subclause id="HE2D93D252BF74B7C8000F4C136F1E326"><enum>(II)</enum><text>amounts authorized to be made available from the Trust Fund under subsection (g) of this section which are paid from the Trust Fund during such fiscal year.</text></subclause></clause></subparagraph> <subparagraph id="H9F878FD1E149409EBD03C1D2CB83C9A3" indent="up1"><enum>(C)</enum><text>Notwithstanding paragraph (1), the balance in the Account shall not be available for investment by the Managing Trustee.</text></subparagraph> 
<subparagraph id="H8203A722437540038633D9A90ECAB8D5" indent="up1"><enum>(D)</enum> 
<clause commented="no" display-inline="yes-display-inline" id="H4D99D64A8A10491DB606CD921F7A0716"><enum>(i)</enum><text>The preceding provisions of this paragraph shall not apply with respect to fiscal years commencing with or after the first fiscal year, after fiscal year 2017, for which a provision of Federal law takes effect and authorizes, for amounts in the Trust Fund, an investment vehicle other than obligations of the United States resulting in the transfer of Trust Fund assets to the general fund of the Treasury.</text></clause> <clause id="HD919BE14ED2D4182B55783ABD028A17F" indent="up1"><enum>(ii)</enum><text>A provision of Federal law shall be deemed to meet the requirements of clause (i) if such provision includes the the following: <quote>This Act shall be considered to be a provision of Federal law meeting the requirements of section 201(d)(2)(D)(i) of the Social Security Act.</quote>.</text></clause></subparagraph></paragraph><after-quoted-block>.</after-quoted-block></quoted-block></paragraph></subsection></section> 
<section display-inline="no-display-inline" id="H3895C2AA42B94833B3C6F7571561AA32" section-type="subsequent-section"><enum>3.</enum><header>Social Security Investment Commission</header> 
<subsection id="H7057B0EA03E34ABFB483E49A518264A0"><enum>(a)</enum><header>Establishment</header><text>There is established in the executive branch of the Government a Social Security Investment Commission.</text></subsection> <subsection id="HCA5DD8314EED40658E40198CE98937C6"><enum>(b)</enum><header>Study and report</header><text display-inline="yes-display-inline">As soon as practicable after the date of the enactment of this Act, the Commission shall conduct a study to ascertain the most effective vehicles for investment of the Federal Old-Age and Survivors Insurance Trust Fund, other than investment in the form of obligations of the United States resulting in the transfer of Trust Fund assets to the general fund of the Treasury. Not later than October 1, 2017, the Commission shall submit a report to the President and to each House of the Congress setting forth its recommendations for such vehicles for investment, together with proposals for such administrative and legislative changes as the Commission determines necessary to authorize and implement such recommendations.</text></subsection> 
<subsection id="H15E6E3CA74784FF3BF34495AA84FEC9A"><enum>(c)</enum><header>Composition</header><text>The Commission shall be composed of—</text> <paragraph id="H03F55E2D55C44C94A5102A309F916E32"><enum>(1)</enum><text>3 members appointed by the President, of whom 1 shall be designated by the President as Chairman;</text></paragraph> 
<paragraph display-inline="no-display-inline" id="H00A09120B75F4BF5AD1EEEF853AD0F95"><enum>(2)</enum><text>2 members appointed by the Speaker of the House of Representatives;</text></paragraph> <paragraph display-inline="no-display-inline" id="H264CB58ABB2B422A9FF5720D71C366B1"><enum>(3)</enum><text>1 member appointed by the minority leader of the House of Representatives;</text></paragraph> 
<paragraph display-inline="no-display-inline" id="HFEFF8EB979B24E15AC95E5FE87C37C9D"><enum>(4)</enum><text>2 members appointed by the majority leader of the Senate; and</text></paragraph> <paragraph display-inline="no-display-inline" id="H133AF6F4B4F74B9D99AF8C5F4D019ADC"><enum>(5)</enum><text>1 member appointed by the minority leader of the Senate.</text></paragraph></subsection> 
<subsection id="H49A4BA31F4ED40AF90A064B1C3A0F6E1"><enum>(d)</enum><header>Membership requirements</header><text>Members of the Commission shall have substantial experience, training, and expertise in the management of financial investments and pension benefit plans.</text></subsection> <subsection id="H5A67D7C3545F437CBC8C2C7522BBD072"><enum>(e)</enum><header>Length of appointments</header><text>Members of the Commission shall serve for the life of the Commission. A vacancy on the Commission shall be filled in the manner in which the original appointment was made and shall be subject to any conditions that applied with respect to the original appointment.</text></subsection> 
<subsection id="HADA7A4766B494531AC512F32A1098558"><enum>(f)</enum><header>Administrative provisions</header> 
<paragraph id="H1DC14276E241480E989E628695C77804"><enum>(1)</enum><header>Meetings</header><text>The Commission shall meet—</text> <subparagraph id="H17B7CB358B004232AA4B7B4D7CA4EC10"><enum>(A)</enum><text>not less than once during each month; and</text></subparagraph> 
<subparagraph id="H4F852BF677214EE58FCB158E02E8F9DA"><enum>(B)</enum><text>at additional times at the call of the Chairman.</text></subparagraph></paragraph> <paragraph id="H3EFC552CF0A042B7889BF5DAA6854704"><enum>(2)</enum><header>Exercise of powers</header> <subparagraph id="H237E64303B0D4D1687F4F60CDAA954AB"><enum>(A)</enum><header>In general</header><text>The Commission shall perform the functions and exercise the powers of the Commission on a majority vote of a quorum of the Commission. Three members of the Commission shall constitute a quorum for the transaction of business.</text></subparagraph> 
<subparagraph id="H6813D4C1947D41799604340D756444C9"><enum>(B)</enum><header>Vacancies</header><text>A vacancy on the Commission shall not impair the authority of a quorum of the Commission to perform the functions and exercise the powers of the Commission.</text></subparagraph></paragraph></subsection> <subsection id="HB888C2D427B44B1992311186D62A3AAB"><enum>(g)</enum><header>Compensation</header> <paragraph id="H22F2D88C12DA4664A1EF512E9D4D054E"><enum>(1)</enum><header>In general</header><text>Each member of the Commission who is not an officer or employee of the Federal Government shall be compensated at the daily rate of basic pay for level IV of the Executive Schedule for each day during which such member is engaged in performing a function of the Commission.</text></paragraph> 
<paragraph id="H1D728A4B575148A0B9281792753FDE89"><enum>(2)</enum><header>Expenses</header><text>A member of the Commission shall be paid travel, per diem, and other necessary expenses under subchapter I of <external-xref legal-doc="usc-chapter" parsable-cite="usc-chapter/5/57">chapter 57</external-xref> of title 5, United States Code, while traveling away from such member's home or regular place of business in the performance of the duties of the Commission.</text></paragraph></subsection> <subsection id="H89631816DB6D4F7F9F0DAE18013DF81C"><enum>(h)</enum><header>Termination</header><text>The Commission shall terminate 90 days after the date of the submission of its report pursuant to subsection (b).</text></subsection></section> 
</legis-body></bill>

