<?xml version="1.0"?>
<?xml-stylesheet type="text/xsl" href="billres.xsl"?>
<!DOCTYPE bill PUBLIC "-//US Congress//DTDs/bill.dtd//EN" "bill.dtd">
<bill bill-stage="Introduced-in-House" bill-type="olc" dms-id="HBAC1FA13B6FD4A0FA5CDF94B572DE8A2" key="H" public-private="public"><metadata xmlns:dc="http://purl.org/dc/elements/1.1/">
<dublinCore>
<dc:title>115 HR 482 IH: Local Zoning Decisions Protection Act of 2017</dc:title>
<dc:publisher>U.S. House of Representatives</dc:publisher>
<dc:date>2017-01-12</dc:date>
<dc:format>text/xml</dc:format>
<dc:language>EN</dc:language>
<dc:rights>Pursuant to Title 17 Section 105 of the United States Code, this file is not subject to copyright protection and is in the public domain.</dc:rights>
</dublinCore>
</metadata>
<form>
<distribution-code display="yes">I</distribution-code><congress display="yes">115th CONGRESS</congress><session display="yes">1st Session</session><legis-num display="yes">H. R. 482</legis-num><current-chamber>IN THE HOUSE OF REPRESENTATIVES</current-chamber><action display="yes"><action-date date="20170112">January 12, 2017</action-date><action-desc><sponsor name-id="G000565">Mr. Gosar</sponsor> (for himself, <cosponsor name-id="B001291">Mr. Babin</cosponsor>, <cosponsor name-id="B001243">Mrs. Blackburn</cosponsor>, <cosponsor name-id="B001294">Mr. Blum</cosponsor>, <cosponsor name-id="B001297">Mr. Buck</cosponsor>, <cosponsor name-id="B001248">Mr. Burgess</cosponsor>, <cosponsor name-id="D000616">Mr. DesJarlais</cosponsor>, <cosponsor name-id="D000615">Mr. Duncan of South Carolina</cosponsor>, <cosponsor name-id="D000533">Mr. Duncan of Tennessee</cosponsor>, <cosponsor name-id="F000448">Mr. Franks of Arizona</cosponsor>, <cosponsor name-id="G000576">Mr. Grothman</cosponsor>, <cosponsor name-id="K000362">Mr. King of Iowa</cosponsor>, <cosponsor name-id="M001184">Mr. Massie</cosponsor>, <cosponsor name-id="M001177">Mr. McClintock</cosponsor>, <cosponsor name-id="P000592">Mr. Poe of Texas</cosponsor>, <cosponsor name-id="R000409">Mr. Rohrabacher</cosponsor>, <cosponsor name-id="S000250">Mr. Sessions</cosponsor>, <cosponsor name-id="S001195">Mr. Smith of Missouri</cosponsor>, <cosponsor name-id="W000806">Mr. Webster of Florida</cosponsor>, <cosponsor name-id="Y000065">Mr. Yoho</cosponsor>, and <cosponsor name-id="B001290">Mr. Brat</cosponsor>) introduced the following bill; which was referred to the <committee-name committee-id="HBA00">Committee on Financial Services</committee-name></action-desc></action><legis-type>A BILL</legis-type><official-title display="yes">To nullify certain regulations and notices of the Department of Housing and Urban Development, and
			 for other purposes.</official-title></form>
	<legis-body id="H804276A2375F4DB0A3FA769833317563" style="OLC">
 <section id="H8060FAF4D99D4442A736F7D6D814E7DC" section-type="section-one"><enum>1.</enum><header>Short title</header><text display-inline="no-display-inline">This Act may be cited as the <quote><short-title>Local Zoning Decisions Protection Act of 2017</short-title></quote>.</text> </section><section id="H34D6DA327AA7403B8E2CB43F4EDE477F"><enum>2.</enum><header>Nullification of rules and notices</header> <subsection id="HD7B91BF0C4684ED58252373C9D0CC1D7"><enum>(a)</enum><header>Final rule</header><text display-inline="yes-display-inline">The final rule of the Department of Housing and Urban Development entitled <quote>Affirmatively Furthering Fair Housing</quote>, published in the Federal Register on July 16, 2015 (80 Fed. Reg. 42272; Docket No. FR–5173–F–04), and any successor rule that is substantially similar to such final rule shall have no force or effect.</text>
 </subsection><subsection id="H3A176F9C9682442B8919C5FA6467C5BF"><enum>(b)</enum><header>Notice</header><text>The notice of the Department of Housing and Urban Development relating to the Affirmatively Furthering Fair Housing Assessment Tool, published in the Federal Register on December 31, 2015 (80 Fed. Reg. 81840; Docket No. FR–5173–N–07), and any successor notice or rule substantially similar to such notice shall have no force or effect.</text>
 </subsection></section><section id="HB31F555E842344C4A0C2355A919E7E1C"><enum>3.</enum><header>Prohibition on use of Federal funds</header><text display-inline="no-display-inline">Notwithstanding any other provision of law, no Federal funds may be used to design, build, maintain, utilize, or provide access to a Federal database of geospatial information on community racial disparities or disparities in access to affordable housing.</text>
		</section><section id="H12311C76CC084C109E3CFC76E80BAB54"><enum>4.</enum><header>Federalism consultation and report</header>
 <subsection id="H594A49A0C7204D7D9FB1C1CD087EADEC"><enum>(a)</enum><header>In general</header><text display-inline="yes-display-inline">The Secretary of Housing and Urban Development shall jointly consult with State officials, local government officials, and officials of public housing agencies to develop recommendations, consistent with applicable rulings of the Supreme Court of the United States, to further the purposes and policies of the Fair Housing Act.</text>
 </subsection><subsection id="H206313A10FEE431FAA42FAF4C72C2D44"><enum>(b)</enum><header>Consultation requirements</header><text>In developing the recommendations required under subsection (a), the Secretary shall—</text> <paragraph id="H805110608E4B47FABC5DD6201E968234"><enum>(1)</enum><text display-inline="yes-display-inline">provide State officials, local government officials, and officials of public housing agencies with notice and an opportunity to participate in the consultation process required under subsection (a);</text>
 </paragraph><paragraph id="HAD6F6625539B4B379284AC62864515D9"><enum>(2)</enum><text display-inline="yes-display-inline">seek to consult with State officials, local government officials, and officials of public housing agencies that represent a broad cross-section of regional, economic, and geographic perspectives in the United States;</text>
 </paragraph><paragraph id="HCC919C5D37D7495C9A070D7167C2F1C2"><enum>(3)</enum><text display-inline="yes-display-inline">emphasize the importance of collaboration with and among the State officials, local government officials, and officials of public housing agencies;</text>
 </paragraph><paragraph id="HE5ED5CA46DD04944988A5C6DFB4ECA25"><enum>(4)</enum><text display-inline="yes-display-inline">allow for meaningful and timely input by State officials, local government officials, and officials of public housing agencies;</text>
 </paragraph><paragraph id="H630CFCE541A1442C911C5EABC0167DDC"><enum>(5)</enum><text>promote transparency in the consultation process required under subsection (a); and</text> </paragraph><paragraph id="HB107A18CCDFD46F69939777A0C59F97F"><enum>(6)</enum><text display-inline="yes-display-inline">explore with State officials, local government officials, and officials of public housing agencies whether Federal objectives under the Fair Housing Act can be attained by means other than through new regulations.</text>
				</paragraph></subsection><subsection id="H8A6CA57640DE472DB96ADBBF51B4E7B9"><enum>(c)</enum><header>Reports</header>
 <paragraph id="H8A0956CC32304EB68BB4A1F1E5E88CB9"><enum>(1)</enum><header>In general</header><text display-inline="yes-display-inline">Not later than 12 months after the date of the enactment of this Act, the Secretary shall publish in the Federal Register a draft report describing the recommendations developed pursuant to subsection (a).</text>
 </paragraph><paragraph id="H6F952DA168694BC494021AD8CED00B40"><enum>(2)</enum><header>Consensus requirement</header><text display-inline="yes-display-inline">The Secretary may include a recommendation in the draft report only if consensus has been reached with regard to the recommendation among the Secretary, the State officials, local government officials, and officials of public housing agencies consulted pursuant to subsection (a).</text>
 </paragraph><paragraph id="H0AE02E401FE6484CB727486667D1FA40"><enum>(3)</enum><header>Failure to reach consensus</header><text display-inline="yes-display-inline">If the Secretary, State officials, local government officials, and officials of public housing agencies consulted under subsection (a) fail to reach consensus on a regulatory proposal, the draft report shall identify that consensus was not reached and shall describe—</text>
 <subparagraph id="H9090941501A646AABFE6EF90543E391D"><enum>(A)</enum><text>the areas and issues with regard to which consensus was reached;</text> </subparagraph><subparagraph id="HD60994C29D034D138EE3249C0B0A8BC0"><enum>(B)</enum><text>the areas and issues of continuing disagreement that resulted in the failure to reach consensus; and</text>
 </subparagraph><subparagraph id="H7796BECD68C141E0B1166F23F9486507"><enum>(C)</enum><text>the reasons for the continuing disagreements.</text> </subparagraph></paragraph><paragraph id="H80B68379F7D44185A1C10FC78145895C"><enum>(4)</enum><header>Public review and comment period</header><text>The Secretary shall make the draft report available for public review and comment for a period of not fewer than 180 days.</text>
 </paragraph><paragraph id="HD4D82AB2EC224888991AAC7F7E7E57B3"><enum>(5)</enum><header>Final report</header><text display-inline="yes-display-inline">The Secretary shall, in consultation with the State officials, local government officials, and officials of public housing agencies, address any comments received pursuant to paragraph (4) and shall prepare a final report describing the final results of the consultation process under subsection (a).</text>
 </paragraph></subsection><subsection id="HE08C508C62CA475486C113472DFA9662"><enum>(d)</enum><header>Submission of final report</header><text>Not later than 12 months after the date of enactment of this Act, the Secretary shall make publicly available online the final report prepared pursuant to subsection (c)(5).</text>
 </subsection><subsection id="HC67F787D85D84DAEBC860C3A6489C1B8"><enum>(e)</enum><header>Definitions</header><text>In this Act, the following definitions apply:</text> <paragraph id="HA84057A27F8B48F6814526BA2913BBD7"><enum>(1)</enum><header>Secretary</header><text>The term <term>Secretary</term> means the Secretary of Housing and Urban Development.</text>
 </paragraph><paragraph id="HC3A53FAE1B6143BDA1A94E3C95F40BCB"><enum>(2)</enum><header>Local government official</header><text>The term <term>local government official</term> means an elected or professional official of a local government or an official of a regional or national organization representing local governments or officials.</text>
 </paragraph><paragraph id="HE11331E8919044B6A8DB8620A0A13175"><enum>(3)</enum><header>State official</header><text>The term <term>State official</term> means an elected or professional official of a State government or an official of a regional or national organization representing State governments or officials.</text>
 </paragraph><paragraph id="HC1FCCDB00C1B459983400CF254EF1D66"><enum>(4)</enum><header>Public housing agency</header><text>The term <term>public housing agency</term> has the meaning given such term in section 3(b) of the United States Housing Act of 1937 (<external-xref legal-doc="usc" parsable-cite="usc/42/1437a">42 U.S.C. 1437a(b)</external-xref>).</text>
				</paragraph></subsection></section></legis-body></bill>


