<?xml version="1.0"?>
<?xml-stylesheet type="text/xsl" href="billres.xsl"?>
<!DOCTYPE bill PUBLIC "-//US Congress//DTDs/bill.dtd//EN" "bill.dtd">
<bill bill-stage="Introduced-in-House" bill-type="olc" dms-id="HFC88428A5FA6418F8F41AC1CA843D8B4" key="H" public-private="public"><metadata xmlns:dc="http://purl.org/dc/elements/1.1/">
<dublinCore>
<dc:title>115 HR 283 IH: Student Debt Repayment Fairness Act</dc:title>
<dc:publisher>U.S. House of Representatives</dc:publisher>
<dc:date>2017-01-04</dc:date>
<dc:format>text/xml</dc:format>
<dc:language>EN</dc:language>
<dc:rights>Pursuant to Title 17 Section 105 of the United States Code, this file is not subject to copyright protection and is in the public domain.</dc:rights>
</dublinCore>
</metadata>
<form>
<distribution-code display="yes">I</distribution-code><congress display="yes">115th CONGRESS</congress><session display="yes">1st Session</session><legis-num display="yes">H. R. 283</legis-num><current-chamber>IN THE HOUSE OF REPRESENTATIVES</current-chamber><action display="yes"><action-date date="20170104">January 4, 2017</action-date><action-desc><sponsor name-id="S001196">Ms. Stefanik</sponsor> introduced the following bill; which was referred to the <committee-name committee-id="HWM00">Committee on Ways and Means</committee-name></action-desc></action><legis-type>A BILL</legis-type><official-title display="yes">To amend the Internal Revenue Code of 1986 to allow without penalty any 529 plan distributions used
			 for student loan payments.</official-title></form>
	<legis-body id="H89C389360BA74DAFA0333F8560F4DDEF" style="OLC">
 <section id="H895555091EC04A3BAE06DF3DDEE0EFC0" section-type="section-one"><enum>1.</enum><header>Short title</header><text display-inline="no-display-inline">This Act may be cited as the <quote><short-title>Student Debt Repayment Fairness Act</short-title></quote>.</text> </section><section id="H884FE9C0005940F0AB93284F08EEB9F4"><enum>2.</enum><header>Student loan payments from qualified tuition plans not subject to penalty tax</header> <subsection id="H12DF3ABCB58342DBB766654AEDFC1FEE"><enum>(a)</enum><header>In general</header><text display-inline="yes-display-inline"><external-xref legal-doc="usc" parsable-cite="usc/26/529">Section 529(c)(6)</external-xref> of the Internal Revenue Code of 1986 is amended—</text>
 <paragraph id="HF91B1D3F6FD04547A94F3F73CFD12C7F"><enum>(1)</enum><text>by inserting <quote>(A) <header-in-text level="subparagraph" style="OLC">In general.—</header-in-text></quote> before <quote>The tax</quote> and moving the text 2 ems to the right; and</text> </paragraph><paragraph id="H470E17967D464F53802C657E02F05A51"><enum>(2)</enum><text>by adding at the end the following:</text>
					<quoted-block display-inline="no-display-inline" id="H98DA666C861046FDB1D639EBE5455947" style="OLC">
						<subparagraph id="H49B971EE53BD4AC9BF23A965CA3FF870"><enum>(B)</enum><header>Student loans</header>
 <clause display-inline="no-display-inline" id="H440BDDA005E544A79E26A54D36974FF1"><enum>(i)</enum><header>In general</header><text>Subparagraph (A) shall not apply to any payment or distribution in any taxable year which is includible in gross income and is used to pay principal or interest on indebtedness incurred solely to pay qualified higher education expenses of the designated beneficiary or member of the family of the designated beneficiary which are attributable to education furnished during a period during which the beneficiary or family member was a student at the institution providing such education.</text>
 </clause><clause id="H4A18590CF6884DF78FBA368E6B64AF80"><enum>(ii)</enum><header>Refinanced loans</header><text>For purposes of clause (i), the term <quote>indebtedness</quote> includes indebtedness used to refinance indebtedness described in clause (i).</text></clause></subparagraph><after-quoted-block>.</after-quoted-block></quoted-block> </paragraph></subsection><subsection id="H6114670BEF4E4EC4B44DB3071E1C5794"><enum>(b)</enum><header>Effective date</header><text>The amendment made by subsection (a) shall apply to payments made in taxable years beginning after December 31, 2016.</text>
			</subsection></section></legis-body></bill>


