<?xml version="1.0"?>
<?xml-stylesheet type="text/xsl" href="billres.xsl"?>
<!DOCTYPE bill PUBLIC "-//US Congress//DTDs/bill.dtd//EN" "bill.dtd">
<bill bill-stage="Introduced-in-House" dms-id="H5EDFFD4691F0418681D6824BEFECA99C" public-private="public" key="H" bill-type="olc"><form><distribution-code display="yes">I</distribution-code><congress display="yes">115th CONGRESS</congress><session display="yes">1st Session</session><legis-num display="yes">H. R. 178</legis-num><current-chamber>IN THE HOUSE OF REPRESENTATIVES</current-chamber><action display="yes"><action-date date="20170103">January 3, 2017</action-date><action-desc><sponsor name-id="K000362">Mr. King of Iowa</sponsor> introduced the following bill; which was referred to the <committee-name committee-id="HJU00">Committee on the Judiciary</committee-name></action-desc></action><legis-type>A BILL</legis-type><official-title display="yes">To require the country of origin of certain special immigrant religious workers to extend reciprocal immigration treatment to nationals of the United States.</official-title></form><legis-body id="H6FB536C092E44A5891895A927263EB23" style="OLC"> 
<section id="H5CCDA15616C040B98E51AE037139999D" section-type="section-one"><enum>1.</enum><header>Short title</header><text display-inline="no-display-inline">This Act may be cited as the <quote><short-title>Religious Worker Visa Reciprocity Act of 2017</short-title></quote>.</text></section> <section id="H18928CA88D0A4B1781E3528AFF91697A"><enum>2.</enum><header>Requiring reciprocal immigration treatment</header><text display-inline="no-display-inline">Section 204(a)(1)(G) of the Immigration and Nationality Act (<external-xref legal-doc="usc" parsable-cite="usc/8/1154">8 U.S.C. 1154(a)(1)(G)</external-xref>) is amended by adding at the end the following:</text> 
<quoted-block display-inline="no-display-inline" id="H5B14C4D8AED444428533A4AACFF9AAFD" style="traditional"> 
<clause id="HE2A2368A69664E0D8500651D79D556B6" indent="up3"><enum>(iii)</enum><text display-inline="yes-display-inline">Beginning on October 1, 2017, no petition may be approved for classification of an alien as a special immigrant under section 101(a)(27)(C) if the Secretary of Homeland Security has determined that the country of the alien’s nationality—</text> <subclause id="H2AED6001C95246A1B8D869712B80530D"><enum>(I)</enum><text>is identified as a <term>Country of Particular Concern</term> or a country where religious freedom is of significant interest in the 2013 International Religious Freedom Report; or</text></subclause> 
<subclause id="H81FCC2CDED434597B41C6645978FCAB6"><enum>(II)</enum><text>does not extend reciprocal immigration treatment to nationals of the United States who are seeking resident status in order to work in a religious vocation or occupation.</text></subclause></clause><after-quoted-block>.</after-quoted-block></quoted-block></section> </legis-body></bill>

