<?xml version="1.0"?>
<?xml-stylesheet type="text/xsl" href="billres.xsl"?>
<!DOCTYPE bill PUBLIC "-//US Congress//DTDs/bill.dtd//EN" "bill.dtd">
<bill bill-stage="Engrossed-in-House" dms-id="H2B0D929BE1E249F3ADBF9F9DA3763781" public-private="public" key="H" bill-type="olc" stage-count="1"> 
<metadata xmlns:dc="http://purl.org/dc/elements/1.1/">
<dublinCore>
<dc:title>115 HR 538 EH: Ocmulgee Mounds National Historical Park Boundary Revision Act of 2017</dc:title>
<dc:publisher>U.S. House of Representatives</dc:publisher>
<dc:date></dc:date>
<dc:format>text/xml</dc:format>
<dc:language>EN</dc:language>
<dc:rights>Pursuant to Title 17 Section 105 of the United States Code, this file is not subject to copyright protection and is in the public domain.</dc:rights>
</dublinCore>
</metadata>
<form>
<distribution-code display="no">I</distribution-code> 
<congress>115th CONGRESS</congress> <session>1st Session</session> 
<legis-num>H. R. 538</legis-num> 
<current-chamber display="no">IN THE HOUSE OF REPRESENTATIVES</current-chamber> 
<legis-type>AN ACT</legis-type> 
<official-title display="yes">To redesignate Ocmulgee National Monument in the State of Georgia and revise its boundary, and for other purposes.</official-title> 
</form> 
<legis-body id="H7F1917DE5E944E7EAABC94ED10FC4E88" style="OLC"> 
<section id="H91B67A6484D644659A571F7E9B7E3EDA" section-type="section-one"><enum>1.</enum><header>Short title</header><text display-inline="no-display-inline">This Act may be cited as the <quote><short-title>Ocmulgee Mounds National Historical Park Boundary Revision Act of 2017</short-title></quote>.</text></section> <section id="H89BFC75D40F745058F2E01417CE73C9A"><enum>2.</enum><header>Definitions</header><text display-inline="no-display-inline">In this Act:</text> 
<paragraph id="H2755B2592D46427799FABDD6600D0FDE"><enum>(1)</enum><header>Map</header><text display-inline="yes-display-inline">The term <quote>map</quote> means the map entitled <quote>Ocmulgee National Monument Proposed Boundary Adjustment, numbered 363/125996</quote>, and dated January 2016.</text></paragraph> <paragraph id="HC01D1293C73E4169850B2EED35AA5F50"><enum>(2)</enum><header>Historical park</header><text>The term <quote>Historical Park</quote> means the Ocmulgee Mounds National Historical Park in the State of Georgia, as redesignated in section 3.</text></paragraph> 
<paragraph id="H3690C1E7C8F04A219812908EE2ED437E"><enum>(3)</enum><header>Secretary</header><text>The term <quote>Secretary</quote> means the Secretary of the Interior.</text></paragraph></section> <section id="HA73FDAED10AD48A8BE36401323C50DAB"><enum>3.</enum><header>Ocmulgee Mounds National Historical Park</header> <subsection id="H914958B6A6F641D2948AB74AC80F13B3"><enum>(a)</enum><header>Redesignation</header><text>Ocmulgee National Monument, established pursuant to the Act of June 14, 1934 (48 Stat. 958), shall be known and designated as <quote>Ocmulgee Mounds National Historical Park</quote>.</text></subsection> 
<subsection id="H596921C976814B11AF089903AC07A1EE"><enum>(b)</enum><header>References</header><text>Any reference in a law, map, regulation, document, paper, or other record of the United States to <quote>Ocmulgee National Monument</quote>, other than in this Act, shall be deemed to be a reference to <quote>Ocmulgee Mounds National Historical Park</quote>.</text></subsection></section> <section id="HF06759530CCF4FF2BE84A430004122B3"><enum>4.</enum><header>Boundary adjustment</header> <subsection id="H823393DF2425478B91AE3EEDC0F0096E"><enum>(a)</enum><header>In general</header><text>The boundary of the Historical Park is revised to include approximately 2,100 acres, as generally depicted on the map.</text></subsection> 
<subsection id="HFE44728089314CB1B3727AB1EA5C9B17"><enum>(b)</enum><header>Availability of map</header><text>The map shall be on file and available for public inspection in the appropriate offices of the National Park Service, the Department of the Interior.</text></subsection></section> <section id="H520DA8E5A59B43ADBDC84337035D8E39"><enum>5.</enum><header>Land acquisition; no buffer zones</header> <subsection id="H49C3DCF7400A43D4A29BA43655E9CCC8"><enum>(a)</enum><header>Land acquisition</header><text display-inline="yes-display-inline">The Secretary is authorized to acquire land and interests in land within the boundaries of the Historical Park by donation or exchange only (and in the case of an exchange, no payment may be made by the Secretary to any landowner). The Secretary may not acquire by condemnation any land or interest in land within the boundaries of the Historical Park. No private property or non-Federal public property shall be included within the boundaries of the newly expanded portion of the Historical Park under section 4(a) without the written consent of the owner of such property.</text></subsection> 
<subsection id="H9FE028A1E10547CF910709C2E8199C44"><enum>(b)</enum><header>No buffer zones</header><text>Nothing in this Act, the establishment of the Historical Park, or the management of the Historical Park shall be construed to create buffer zones outside of the Historical Park. That an activity or use can be seen or heard from within the Historical Park shall not preclude the conduct of that activity or use outside the Historical Park.</text></subsection></section> <section id="H125617F01B0A4B399E9564D235A9EA4D"><enum>6.</enum><header>Administration</header><text display-inline="no-display-inline">The Secretary shall administer any land acquired under section 5 as part of the Historical Park in accordance with applicable laws and regulations.</text></section> 
<section id="HA71CE535C98343E0820BCA6D7E659722"><enum>7.</enum><header>Ocmulgee River corridor special resource study</header> 
<subsection id="HE1CE947938C44FA18895AFFFAF0FC215"><enum>(a)</enum><header>In general</header><text>The Secretary shall conduct a special resource study of the Ocmulgee River corridor between the cities of Macon, Georgia, and Hawkinsville, Georgia, to determine—</text> <paragraph id="H255B7EA7913B47D39C11F113C98F090E"><enum>(1)</enum><text>the national significance of the study area;</text></paragraph> 
<paragraph id="H67A5C85114384EF6B2AC0548D63E78BA"><enum>(2)</enum><text>the suitability and feasibility of adding lands in the study area to the National Park System; and</text></paragraph> <paragraph id="H049317196DEB4423B88CE88EBFC94779"><enum>(3)</enum><text display-inline="yes-display-inline">the methods and means for the protection and interpretation of the study area by the National Park Service, other Federal, State, local government entities, affiliated federally recognized Indian tribes, or private or nonprofit organizations.</text></paragraph></subsection> 
<subsection id="H0EC68EBE2BBB49349D17DD46BA6A7547"><enum>(b)</enum><header>Criteria</header><text>The Secretary shall conduct the study authorized by this Act in accordance with section 100507 of title 54, United States Code.</text></subsection> <subsection id="HE840C968342542A997484A5A7A324893"><enum>(c)</enum><header>Results of study</header><text>Not later than 3 years after the date on which funds are made available to carry out this section, the Secretary shall submit to the Committee on Natural Resources of the House of Representatives and the Committee on Energy and Natural Resources of the Senate—</text> 
<paragraph id="HD65BA98150DE49749247839B80C84DED"><enum>(1)</enum><text>the results of the study; and</text></paragraph> <paragraph id="H24275DD9B2834536B87420D55EAD85E6"><enum>(2)</enum><text>any findings, conclusions, and recommendations of the Secretary.</text></paragraph></subsection></section> 
</legis-body> <attestation><attestation-group><attestation-date date="20170130" chamber="House">Passed the House of Representatives January 30, 2017.</attestation-date><attestor display="no">Karen L. Haas,</attestor><role>Clerk.</role></attestation-group></attestation>
<endorsement display="yes"></endorsement>
</bill> 


