<?xml version="1.0"?>
<?xml-stylesheet type="text/xsl" href="billres.xsl"?>
<!DOCTYPE bill PUBLIC "-//US Congress//DTDs/bill.dtd//EN" "bill.dtd">
<bill bill-stage="Introduced-in-House" bill-type="olc" dms-id="H298CBBFD32614C7E909EF7B8164C5024" key="H" public-private="public"><metadata xmlns:dc="http://purl.org/dc/elements/1.1/">
<dublinCore>
<dc:title>115 HR 305 IH: Presidential Tax Transparency Act</dc:title>
<dc:publisher>U.S. House of Representatives</dc:publisher>
<dc:date>2017-01-05</dc:date>
<dc:format>text/xml</dc:format>
<dc:language>EN</dc:language>
<dc:rights>Pursuant to Title 17 Section 105 of the United States Code, this file is not subject to copyright protection and is in the public domain.</dc:rights>
</dublinCore>
</metadata>
<form>
<distribution-code display="yes">I</distribution-code><congress display="yes">115th CONGRESS</congress><session display="yes">1st Session</session><legis-num display="yes">H. R. 305</legis-num><current-chamber>IN THE HOUSE OF REPRESENTATIVES</current-chamber><action display="yes"><action-date date="20170105">January 5, 2017</action-date><action-desc><sponsor name-id="E000215">Ms. Eshoo</sponsor> (for herself, <cosponsor name-id="D000624">Mrs. Dingell</cosponsor>, <cosponsor name-id="J000032">Ms. Jackson Lee</cosponsor>, <cosponsor name-id="H001068">Mr. Huffman</cosponsor>, <cosponsor name-id="S000480">Ms. Slaughter</cosponsor>, <cosponsor name-id="S001175">Ms. Speier</cosponsor>, <cosponsor name-id="P000607">Mr. Pocan</cosponsor>, <cosponsor name-id="B001296">Mr. Brendan F. Boyle of Pennsylvania</cosponsor>, <cosponsor name-id="T000460">Mr. Thompson of California</cosponsor>, <cosponsor name-id="B001285">Ms. Brownley of California</cosponsor>, <cosponsor name-id="B001292">Mr. Beyer</cosponsor>, <cosponsor name-id="W000822">Mrs. Watson Coleman</cosponsor>, <cosponsor name-id="M001143">Ms. McCollum</cosponsor>, <cosponsor name-id="K000188">Mr. Kind</cosponsor>, <cosponsor name-id="P000593">Mr. Perlmutter</cosponsor>, <cosponsor name-id="C001068">Mr. Cohen</cosponsor>, <cosponsor name-id="M000312">Mr. McGovern</cosponsor>, <cosponsor name-id="S001200">Mr. Soto</cosponsor>, and <cosponsor name-id="B000574">Mr. Blumenauer</cosponsor>) introduced the following bill; which was referred to the <committee-name committee-id="HWM00">Committee on Ways and Means</committee-name>, and in addition to the Committee on <committee-name committee-id="HGO00">Oversight and Government Reform</committee-name>, for a period to be subsequently determined by the Speaker, in each case for consideration of such
			 provisions as fall within the jurisdiction of the committee concerned</action-desc></action><legis-type>A BILL</legis-type><official-title display="yes">To amend the Ethics in Government Act of 1978 to require the disclosure of certain tax returns by
			 Presidents and certain candidates for the office of the President, and for
			 other purposes.</official-title></form>
	<legis-body id="HD02ADE62E48B4936BFC54E7C5A0ECB19" style="OLC">
 <section id="HA21A8C940FD547D3BB6DF447BDA9BF17" section-type="section-one"><enum>1.</enum><header>Short title</header><text display-inline="no-display-inline">This Act may be cited as the <quote><short-title>Presidential Tax Transparency Act</short-title></quote>.</text> </section><section id="H7DF4C7343B214BF1AC7DB62D68AFBC02"><enum>2.</enum><header>Disclosure of tax returns by Presidents and certain Presidential candidates</header> <subsection id="HC96F83B6B13D43A7918B35FE5CC8415C"><enum>(a)</enum><header>In general</header><text display-inline="yes-display-inline">Title I of the Ethics in Government Act of 1978 (5 U.S.C. App.) is amended—</text>
 <paragraph id="HFF4DD380AC664F88A6D134983943FA2B"><enum>(1)</enum><text display-inline="yes-display-inline">by inserting after section 102 the following:</text> <quoted-block display-inline="no-display-inline" id="HF71EB97C05C843F8BEFFE846350E13CD" style="OLC"> <section id="HABC804E520CC451DA77E3B4C5514E856"><enum>102A.</enum><header>Disclosure of tax returns</header> <subsection id="H8947879064004DC2B3493A79EAFAC287"><enum>(a)</enum><header>Definitions</header><text>In this section—</text>
 <paragraph id="HFEBF155C300549AE8416DD0EF7CB4E11"><enum>(1)</enum><text>the term <term>covered candidate</term> means an individual—</text> <subparagraph id="H9C08E03EB7894B4AA330387EFF81C4F7"><enum>(A)</enum><text>required to file a report under section 101(c); and</text>
 </subparagraph><subparagraph id="H194D205F76A84D8990464747B4B789F0"><enum>(B)</enum><text>who is nominated by a major party as a candidate for the office of President;</text> </subparagraph></paragraph><paragraph id="H68729CB5E92D4E528FF8FCC2E900192D"><enum>(2)</enum><text>the term <term>covered individual</term> means—</text>
 <subparagraph id="H9E0243DDB0DB411C92E4300B72765FD9"><enum>(A)</enum><text>a President required to file a report under subsection (a) or (d) of section 101; and</text> </subparagraph><subparagraph id="H4810B1EBA704418DA4576312914A75F1"><enum>(B)</enum><text>an individual who occupies the office of the President required to file a report under section 101(e);</text>
 </subparagraph></paragraph><paragraph id="H1372A931E3974532BAD60FEC40104EF3"><enum>(3)</enum><text>the term <term>major party</term> has the meaning given the term in <external-xref legal-doc="usc" parsable-cite="usc/26/9002">section 9002</external-xref> of the Internal Revenue Code of 1986; and</text> </paragraph><paragraph id="HE68407BE060647F7A50C36127FC80DC2"><enum>(4)</enum><text>the term <term>income tax return</term> means, with respect to any covered candidate or covered individual, any return (within the meaning of <external-xref legal-doc="usc" parsable-cite="usc/26/6103">section 6103(b)</external-xref> of the Internal Revenue Code of 1986) related to Federal income taxes, but does not include—</text>
 <subparagraph id="HD6B5C9CEAA9045B09E66D3FAEAEBE1CF"><enum>(A)</enum><text>information returns issued to persons other than such covered candidate or covered individual; and</text> </subparagraph><subparagraph id="H508167565C20417B94A0A76F281E1260"><enum>(B)</enum><text>declarations of estimated tax.</text>
									</subparagraph></paragraph></subsection><subsection id="H6270871972964114AF853D82EFA93401"><enum>(b)</enum><header>Disclosure</header>
								<paragraph id="HE1D08586EE584E30AF58505DCBFDF614"><enum>(1)</enum><header>Covered individuals</header>
 <subparagraph id="H6EA6F16EB6984277A5034A44315E9641"><enum>(A)</enum><header>In general</header><text display-inline="yes-display-inline">In addition to the information described in subsections (a) and (b) of section 102, a covered individual shall include in each report required to be filed under this title a copy of the income tax returns of the covered individual for the 3 most recent taxable years for which a return has been filed with the Internal Revenue Service as of the date on which the report is filed.</text>
 </subparagraph><subparagraph id="H35A1E1B430344DA78065472ECEBCE62D"><enum>(B)</enum><header>Failure to disclose</header><text display-inline="yes-display-inline">If an income tax return is not disclosed under subparagraph (A), the Director of the Office of Government Ethics shall submit to the Secretary of the Treasury a request that the Secretary of the Treasury provide the Director of the Office of Government Ethics with a copy of the income tax return.</text>
 </subparagraph><subparagraph id="H3026BEC9C0794619BE8E78758CCDC225"><enum>(C)</enum><header>Publicly available</header><text display-inline="yes-display-inline">Each income tax return submitted under this paragraph shall be filed with the Director of the Office of Government Ethics and made publicly available in the same manner as the information described in subsections (a) and (b) of section 102.</text>
 </subparagraph><subparagraph id="H1A903A999B794F8A89A8CCE54AB60125"><enum>(D)</enum><header>Redaction of certain information</header><text>Before making any income tax return submitted under this paragraph available to the public, the Director of the Office of Government Ethics shall redact such information as the Director of the Office of Government Ethics, in consultation with the Secretary of the Treasury (or a delegate of the Secretary), determines appropriate.</text>
									</subparagraph></paragraph><paragraph id="H5DE3B1C4A737476B85C26FCB674EE8BB"><enum>(2)</enum><header>Candidates</header>
 <subparagraph id="H32F2052B39F34173ADBEE7752D82D260"><enum>(A)</enum><header>In general</header><text display-inline="yes-display-inline">Not later than 15 days after the date on which a covered candidate is nominated, the covered candidate shall amend the report filed by the covered candidate under section 101(c) with the Federal Election Commission to include a copy of the income tax returns of the covered candidate for the 3 most recent taxable years for which a return has been filed with the Internal Revenue Service.</text>
 </subparagraph><subparagraph id="H28288BADE3E8409084BD5F6B8222BB7B"><enum>(B)</enum><header>Failure to disclose</header><text display-inline="yes-display-inline">If an income tax return is not disclosed under subparagraph (A) the Federal Election Commission shall submit to the Secretary of the Treasury a request that the Secretary of the Treasury provide the Federal Election Commission with the income tax return.</text>
 </subparagraph><subparagraph commented="no" display-inline="no-display-inline" id="H6608BEA299F64FC39F23D584CFEF95B6"><enum>(C)</enum><header display-inline="yes-display-inline">Publicly available</header><text display-inline="yes-display-inline">Each income tax return submitted under this paragraph shall be filed with the Federal Election Commission and made publicly available in the same manner as the information described in section 102(b).</text>
 </subparagraph><subparagraph id="HC9D8B1719BA84D9CBA3039D2B229F6DB"><enum>(D)</enum><header>Redaction of certain information</header><text>Before making any income tax return submitted under this paragraph available to the public, the Federal Election Commission shall redact such information as the Federal Election Commission, in consultation with the Secretary of the Treasury (or a delegate of the Secretary) and the Director of the Office of Government Ethics, determines appropriate.</text>
 </subparagraph></paragraph><paragraph id="H0B95158D1E4D49088C0A159725446F4C"><enum>(3)</enum><header>Special rule for sitting Presidents</header><text display-inline="yes-display-inline">Not later than 30 days after the date of enactment of this section, the President shall submit to the Director of the Office of Government Ethics a copy of the income tax returns described in paragraph (1)(A).</text></paragraph></subsection></section><after-quoted-block>; and</after-quoted-block></quoted-block>
 </paragraph><paragraph id="H66D6AA509A164740B86E2C9A9084AEC1"><enum>(2)</enum><text>in section 104—</text> <subparagraph id="HF1321421E1414480987BC74130CF748E"><enum>(A)</enum><text>in subsection (a)—</text>
 <clause id="H97A160DC64FB49AD9748AA902C3AA95F"><enum>(i)</enum><text>in paragraph (1), in the first sentence, by inserting <quote>or any individual who knowingly and willfully falsifies or who knowingly and willfully fails to file an income tax return that such individual is required to disclose pursuant to section 102A</quote> before the period; and</text>
 </clause><clause id="H9659FACAB4E241D7B16884DD976E2D7B"><enum>(ii)</enum><text>in paragraph (2)(A)—</text> <subclause id="HF56733C71BCC44BFAD8154220AD60080"><enum>(I)</enum><text>in clause (i), by inserting <quote>or falsify any income tax return that such person is required to disclose under section 102A</quote> before the semicolon; and</text>
 </subclause><subclause id="HBB567BFF4FC74C2BBD51752C072E5080"><enum>(II)</enum><text>in clause (ii), by inserting <quote>or fail to file any income tax return that such person is required to disclose under section 102A</quote> before the period;</text> </subclause></clause></subparagraph><subparagraph id="H2B8D56FE838846AEA0F0E80C6F9948DA"><enum>(B)</enum><text>in subsection (b), in the first sentence by inserting <quote>or willfully failed to file or has willfully falsified an income tax return required to be disclosed under section 102A</quote> before the period;</text>
 </subparagraph><subparagraph id="H4D625AFB374245B3A33E6C1FF96E9B9A"><enum>(C)</enum><text>in subsection (c), by inserting <quote>or failing to file or falsifying an income tax return required to be disclosed under section 102A</quote> before the period; and</text> </subparagraph><subparagraph id="HD5D9A35A2FFD41A7864FE5D549E593B9"><enum>(D)</enum><text>in subsection (d)(1)—</text>
 <clause id="HEAE529619D0D4544B4DC48EDA04EB0CE"><enum>(i)</enum><text>in the matter preceding subparagraph (A), by inserting <quote>or files an income tax return required to be disclosed under section 102A</quote> after <quote>title</quote>; and</text> </clause><clause id="HA2A870B06C54448DA8F8AE4EAC2D8802"><enum>(ii)</enum><text>in subparagraph (A), by inserting <quote>or such income tax return, as applicable,</quote> after <quote>report</quote>.</text>
						</clause></subparagraph></paragraph></subsection><subsection id="H6B8F7F4C662943A5A492DFA8B1CB3ED3"><enum>(b)</enum><header>Authority To disclose information</header>
 <paragraph id="H4B215105B8444FCB8E797C8DB7962C73"><enum>(1)</enum><header>In general</header><text><external-xref legal-doc="usc" parsable-cite="usc/26/6103">Section 6103(l)</external-xref> of the Internal Revenue Code of 1986 is amended by adding at the end the following new paragraph:</text>
					<quoted-block display-inline="no-display-inline" id="H8726221BA2774856AF412F9B137563DC" style="OLC">
						<paragraph id="HCF158548DDE349D98868A74BE43A3033"><enum>(23)</enum><header>Disclosure of return information of Presidents and certain Presidential candidates</header>
							<subparagraph id="H93BF2C576B734592BEFC53079A3F506C"><enum>(A)</enum><header>Disclosure of returns of Presidents</header>
 <clause commented="no" display-inline="no-display-inline" id="HD5C82EF6A3DC42AA9199D833D74B8922"><enum>(i)</enum><header display-inline="yes-display-inline">In general</header><text display-inline="yes-display-inline">The Secretary shall, upon written request from the Director of the Office of Government Ethics pursuant to section 102A(b)(1)(B) of the Ethics in Government Act of 1978, provide to officers and employees of the Office of Government Ethics a copy of any income tax return of the President which is required to be filed under section 102A of such Act.</text>
 </clause><clause id="HB8BA4D0FC422406A8F411927AFE20112"><enum>(ii)</enum><header>Disclosure to public</header><text>The Director of the Office of Government Ethics may disclose to the public the income tax return of any President which is required to be filed with the Director pursuant to section 102A of the Ethics in Government Act of 1978.</text>
								</clause></subparagraph><subparagraph id="H93CDBC64AB4B499CBA5C018A01B35022"><enum>(B)</enum><header>Disclosure of returns of certain candidates for President</header>
 <clause commented="no" display-inline="no-display-inline" id="H3877B63C0262402FA2717CC9AF15EB89"><enum>(i)</enum><header display-inline="yes-display-inline">In general</header><text display-inline="yes-display-inline">The Secretary shall, upon written request from the Chairman of the Federal Election Commission pursuant to section 102A(b)(2)(B) of the Ethics in Government Act of 1978, provide to officers and employees of the Federal Election Commission copies of the applicable returns of any person who has been nominated as a candidate of a major party (as defined in section 9002(a)) for the office of President.</text>
 </clause><clause id="HDD1A52BB604049179667A252B109CD36"><enum>(ii)</enum><header>Disclosure to public</header><text>The Federal Election Commission may disclose to the public applicable returns of any person who has been nominated as a candidate of a major party (as defined in section 9002(6)) for the office of President and which is required to be filed with the Commission pursuant to section 102A of the Ethics in Government Act.</text>
 </clause></subparagraph><subparagraph id="H9DEF9C5B05384A53AC8DBDB28213AE71"><enum>(C)</enum><header>Applicable returns</header><text>For purposes of this paragraph, the term <term>applicable returns</term> means, with respect to any candidate for the office of President, income tax returns for the 3 most recent taxable years for which a return has been filed as of the date of the nomination.</text></subparagraph></paragraph><after-quoted-block>.</after-quoted-block></quoted-block>
 </paragraph><paragraph commented="no" display-inline="no-display-inline" id="H11F275B9651243CA9D02F88A29D08B37"><enum>(2)</enum><header>Conforming amendments</header><text>Section 6103(p)(4) of such Code, in the matter preceding subparagraph (A) and in subparagraph (F)(ii), is amended by striking <quote>or (22)</quote> and inserting <quote>(22), or (23)</quote> each place it appears.</text>
				</paragraph></subsection></section></legis-body></bill>


