<?xml version="1.0"?>
<?xml-stylesheet type="text/xsl" href="billres.xsl"?>
<!DOCTYPE bill PUBLIC "-//US Congress//DTDs/bill.dtd//EN" "bill.dtd">
<bill bill-stage="Introduced-in-House" dms-id="H8BB16B1D205E467F89B9DF31E14633BA" public-private="public" key="H" bill-type="olc"><form><distribution-code display="yes">I</distribution-code><congress display="yes">115th CONGRESS</congress><session display="yes">1st Session</session><legis-num display="yes">H. R. 630</legis-num><current-chamber>IN THE HOUSE OF REPRESENTATIVES</current-chamber><action display="yes"><action-date date="20170124">January 24, 2017</action-date><action-desc><sponsor name-id="C001068">Mr. Cohen</sponsor> (for himself, <cosponsor name-id="C001084">Mr. Cicilline</cosponsor>, <cosponsor name-id="C001101">Ms. Clark of Massachusetts</cosponsor>, <cosponsor name-id="C000984">Mr. Cummings</cosponsor>, <cosponsor name-id="O000170">Mr. O'Rourke</cosponsor>, <cosponsor name-id="T000472">Mr. Takano</cosponsor>, <cosponsor name-id="N000147">Ms. Norton</cosponsor>, <cosponsor name-id="L000551">Ms. Lee</cosponsor>, <cosponsor name-id="V000130">Mr. Vargas</cosponsor>, <cosponsor name-id="M001137">Mr. Meeks</cosponsor>, <cosponsor name-id="C001049">Mr. Clay</cosponsor>, and <cosponsor name-id="L000580">Ms. Michelle Lujan Grisham of New Mexico</cosponsor>) introduced the following bill; which was referred to the <committee-name committee-id="HJU00">Committee on the Judiciary</committee-name></action-desc></action><legis-type>A BILL</legis-type><official-title display="yes">To require the Attorney General to issue rules pertaining to the collection and compilation of data on the use of deadly force by law enforcement officers.</official-title></form><legis-body id="HC28B8CF3085442B882800741AB39F44D" style="OLC"> 
<section id="HD616B09E91D34231B93C38A2B5159342" section-type="section-one"><enum>1.</enum><header>Short title</header><text display-inline="no-display-inline">This Act may be cited as the <quote><short-title>National Statistics on Deadly Force Transparency Act of 2017</short-title></quote>.</text></section> <section id="HEBB24E299DC8421697AE4787FC69E984"><enum>2.</enum><header>Attorney general to issue regulations</header> <subsection id="H2741EC2C74744CB19C3DD0953D2C2E5B"><enum>(a)</enum><header>Regulations</header><text>Not later than 6 months after the date of enactment of this Act, the Attorney General, in consultation with stakeholders, including Federal, State, and local law enforcement agencies and community, professional, research, and civil rights organizations, shall issue regulations for the collection and compilation of data pertaining to the use of deadly force by Federal, State, or local law enforcement officers.</text></subsection>
<subsection id="H9F081EA3D28E48A6ACF8D6DD68DF1256"><enum>(b)</enum><header>Requirements</header><text>The regulations issued under subsection (a) shall—</text> <paragraph id="H2FCD5DE4394F4C80896E10B777A0F535"><enum>(1)</enum><text display-inline="yes-display-inline">require the collection of data on all instances wherein deadly force was used by a Federal, State, or local law enforcement officer;</text></paragraph>
<paragraph id="H111561F105D0476982D2004F677622FB"><enum>(2)</enum><text>require that the data collected shall—</text> <subparagraph id="H3E6B17C755544D588F90A054AF543AED"><enum>(A)</enum><text>include identifying characteristics of the person who was the target of the use of deadly force and the officer who used deadly force, including—</text>
<clause id="H1C605D2087FB4A79AF95E25D05633122"><enum>(i)</enum><text>race or ethnicity;</text></clause> <clause id="HAC263D4F453C4EB48F56D8EC2CA93FA3"><enum>(ii)</enum><text>gender;</text></clause>
<clause id="H46D7634B6AD2465D95300E97B139DD3E"><enum>(iii)</enum><text>approximate age; and</text></clause> <clause id="HA2C47FDAABB042459F2D872BA1BF16B2"><enum>(iv)</enum><text>the actual or perceived religious affiliation;</text></clause></subparagraph>
<subparagraph id="H7D998EAF88BE4E6D87B3BA742B554EA3"><enum>(B)</enum><text>include the date, time, and location of such use of deadly force;</text></subparagraph> <subparagraph id="H00FA601E6619491483E888E225F1DB62"><enum>(C)</enum><text display-inline="yes-display-inline">include the alleged criminal activity of the person who was the target of the use of deadly force;</text></subparagraph>
<subparagraph id="H812093A970F34CEA83DD59E0A9349598"><enum>(D)</enum><text>include the nature of the deadly force used, including the use of a firearm;</text></subparagraph> <subparagraph id="H736A4C35F3E14AF6B7767497579DD462"><enum>(E)</enum><text>include an explanation, if any, from the relevant law enforcement agency on why deadly force was used;</text></subparagraph>
<subparagraph id="H5958B7B89FC24DE8B769E35121AF3917"><enum>(F)</enum><text>include a copy of any use of deadly force guidelines in effect at the relevant law enforcement agency at the time deadly force was used;</text></subparagraph> <subparagraph id="HFC78DE57E1584529AB3FC3680C619000"><enum>(G)</enum><text>include a description of any non-lethal efforts employed to apprehend or subdue the person who was the target of the use of deadly force before deadly force was used; and</text></subparagraph>
<subparagraph id="HC07C01CE9F104FF09EC5C99726B64788"><enum>(H)</enum><text>not include personally identifiable information described in section 4;</text></subparagraph></paragraph> <paragraph id="HA5DA382EA6434EEF8E645E07AF2281F6"><enum>(3)</enum><text display-inline="yes-display-inline">provide that a standardized form shall be made available to law enforcement agencies for the submission of data collected pursuant to this Act to the Department of Justice;</text></paragraph>
<paragraph id="H52BB3AA9014E42B89DF6F8B6C3AACEF6"><enum>(4)</enum><text>require that law enforcement agencies compile data using the standardized form made available under paragraph (3), and submit the form to the Department of Justice Bureau of Justice Statistics and any other component of the Department of Justice that the Attorney General determines appropriate; and</text></paragraph> <paragraph id="H216E2F357FB64EBFA7FD209EA9D72AD2"><enum>(5)</enum><text>require that law enforcement agencies shall maintain all data collected under this Act for not less than 4 years.</text></paragraph></subsection></section>
<section id="H10E212AE688B452A9E34CFB1C6A145B6"><enum>3.</enum><header>Duties of the bureau of justice statistics</header><text display-inline="no-display-inline">The Department of Justice Bureau of Justice Statistics shall provide to Congress and make available to the public the data collected pursuant to this Act, excluding any personally identifiable information described in section 4.</text></section> <section id="H006611CCFE66440E9629179FD8A2829B"><enum>4.</enum><header>Limitations on publication of data</header><text display-inline="no-display-inline">The name or identifying information of a law enforcement officer, person who was the target of the use of deadly force, or any other individual involved in any activity for which data is collected and compiled under this Act shall not be—</text>
<paragraph id="HF8B496CAC67345B8842F0C9548AD395F"><enum>(1)</enum><text>released to the public;</text></paragraph> <paragraph id="H35F47E4B43424242A39402841201A85A"><enum>(2)</enum><text>disclosed to any person, except for—</text>
<subparagraph id="HA65958EFDC17499486D5C9E3C1DC6F47"><enum>(A)</enum><text>such disclosures as are necessary to comply with this Act;</text></subparagraph> <subparagraph id="HE1E58505FE96431BBC108A99BF22352B"><enum>(B)</enum><text>disclosures of information regarding a particular person to that person; or</text></subparagraph>
<subparagraph id="H4379E30E4E4543059C67F1996B4A94E8"><enum>(C)</enum><text>disclosures pursuant to litigation; or</text></subparagraph></paragraph> <paragraph id="HBA456CC758C9446B883A3047B928E0F4"><enum>(3)</enum><text>subject to disclosure under section 552 of title 5, United States Code (commonly known as the Freedom of Information Act), except for disclosures of information regarding a particular person to that person.</text></paragraph></section>
<section id="H4A57C9BF6CE34F378B9DAE341A0BAE53"><enum>5.</enum><header>Byrne JAG grant reduced for failure to report</header><text display-inline="no-display-inline">In the case of a State or unit of local government that received a grant award under subpart 1 of part E of title I of the Omnibus Crime Control and Safe Streets Act of 1968 (<external-xref legal-doc="usc" parsable-cite="usc/42/3750">42 U.S.C. 3750</external-xref> et seq.), if that State or unit of local government fails substantially to comply with the requirement under section 2 for a fiscal year, the Attorney General shall reduce the amount that would otherwise be awarded to that State or unit of local government under such grant program in the following fiscal year by 10 percent.</text></section> </legis-body></bill>

