<?xml version="1.0"?>
<?xml-stylesheet type="text/xsl" href="billres.xsl"?>
<!DOCTYPE bill PUBLIC "-//US Congress//DTDs/bill.dtd//EN" "bill.dtd">
<bill bill-stage="Introduced-in-House" bill-type="olc" dms-id="HB37F35FD431347DF90DC8C39810C1A67" key="H" public-private="public"><metadata xmlns:dc="http://purl.org/dc/elements/1.1/">
<dublinCore>
<dc:title>115 HR 339 IH: Northern Mariana Islands Economic Expansion Act</dc:title>
<dc:publisher>U.S. House of Representatives</dc:publisher>
<dc:date>2017-01-05</dc:date>
<dc:format>text/xml</dc:format>
<dc:language>EN</dc:language>
<dc:rights>Pursuant to Title 17 Section 105 of the United States Code, this file is not subject to copyright protection and is in the public domain.</dc:rights>
</dublinCore>
</metadata>
<form>
<distribution-code display="yes">I</distribution-code><congress display="yes">115th CONGRESS</congress><session display="yes">1st Session</session><legis-num display="yes">H. R. 339</legis-num><current-chamber>IN THE HOUSE OF REPRESENTATIVES</current-chamber><action display="yes"><action-date date="20170105">January 5, 2017</action-date><action-desc><sponsor name-id="S001177">Mr. Sablan</sponsor> introduced the following bill; which was referred to the <committee-name committee-id="HII00">Committee on Natural Resources</committee-name>, and in addition to the Committee on <committee-name committee-id="HJU00">the Judiciary</committee-name>, for a period to be subsequently determined by the Speaker, in each case for consideration of such
			 provisions as fall within the jurisdiction of the committee concerned</action-desc></action><legis-type>A BILL</legis-type><official-title display="yes">To amend <external-xref legal-doc="public-law" parsable-cite="pl/94/241">Public Law 94–241</external-xref> with respect to the Northern Mariana Islands.</official-title></form>
	<legis-body id="H6248597C04674E5888C0CAD468A3CCFA" style="OLC">
 <section id="HC7423CCC41424C7498162C573D8757FC" section-type="section-one"><enum>1.</enum><header>Short title</header><text display-inline="no-display-inline">This Act may be cited as the <quote><short-title>Northern Mariana Islands Economic Expansion Act</short-title></quote>.</text> </section><section id="HA7F35FAAD4D240F2853B6C1400ACF2B0" section-type="subsequent-section"><enum>2.</enum><header>Commonwealth of the Northern Mariana Islands: Transitional workers</header><text display-inline="no-display-inline">Section 6 of <external-xref legal-doc="public-law" parsable-cite="pl/94/241">Public Law 94–241</external-xref> (<external-xref legal-doc="usc" parsable-cite="usc/48/1806">48 U.S.C. 1806</external-xref>) is amended—</text>
 <paragraph id="HA4D49B661CA54328962F1E7E7910DD8A"><enum>(1)</enum><text>in subsection (a)(6), by striking <quote>$150</quote> and inserting <quote>$200</quote>; and</text> </paragraph><paragraph id="H9A6D10158EE542F5B5A98103BB6608AC"><enum>(2)</enum><text>in subsection (d)(2)—</text>
 <subparagraph id="H8027F632DDAC4FFFA82E30DA6B1B9191"><enum>(A)</enum><text>by striking the period at the end of the first sentence and inserting <quote>, except a permit for construction occupations (as that term is defined by the Department of Labor as Standard Occupational Classification Group 47–0000 or any successor provision) shall only be issued to extend a permit first issued before October 1, 2015.</quote>; and</text>
 </subparagraph><subparagraph id="HE7B09C4C78154954B7D486B15E41910B"><enum>(B)</enum><text>by striking the period at the end of the third sentence and inserting <quote>, except that for fiscal year 2017 the number of permits issued shall not exceed 15,000.</quote>.</text> </subparagraph></paragraph></section></legis-body></bill> 

