<?xml version="1.0"?>
<?xml-stylesheet type="text/xsl" href="billres.xsl"?>
<!DOCTYPE bill PUBLIC "-//US Congress//DTDs/bill.dtd//EN" "bill.dtd">
<bill bill-stage="Introduced-in-House" bill-type="olc" dms-id="HE6BDFAF3ADD04A2E948F7C8C15D90017" key="H" public-private="public"><metadata xmlns:dc="http://purl.org/dc/elements/1.1/">
<dublinCore>
<dc:title>115 HR 219 IH: Swan Lake Hydroelectric Project Boundary Correction Act</dc:title>
<dc:publisher>U.S. House of Representatives</dc:publisher>
<dc:date>2017-01-03</dc:date>
<dc:format>text/xml</dc:format>
<dc:language>EN</dc:language>
<dc:rights>Pursuant to Title 17 Section 105 of the United States Code, this file is not subject to copyright protection and is in the public domain.</dc:rights>
</dublinCore>
</metadata>
<form>
<distribution-code display="yes">I</distribution-code><congress display="yes">115th CONGRESS</congress><session display="yes">1st Session</session><legis-num display="yes">H. R. 219</legis-num><current-chamber>IN THE HOUSE OF REPRESENTATIVES</current-chamber><action display="yes"><action-date date="20170103">January 3, 2017</action-date><action-desc><sponsor name-id="Y000033">Mr. Young of Alaska</sponsor> introduced the following bill; which was referred to the <committee-name committee-id="HII00">Committee on Natural Resources</committee-name></action-desc></action><legis-type>A BILL</legis-type><official-title display="yes">To correct the Swan Lake hydroelectric project survey boundary and to provide for the conveyance of
			 the remaining tract of land within the corrected survey boundary to the
			 State of Alaska.</official-title></form>
	<legis-body id="H38D63EF5F59B4BDF9ABE8289A8AFF3C3" style="OLC">
 <section id="HB34AEAA9090A48A19C87CB538670DA6D" section-type="section-one"><enum>1.</enum><header>Short title</header><text display-inline="no-display-inline">This Act may be cited as the <quote><short-title>Swan Lake Hydroelectric Project Boundary Correction Act</short-title></quote>.</text> </section><section id="H937596093C41458A8607123326C2F21F" section-type="subsequent-section"><enum>2.</enum><header>Conveyance of Federal land within the Swan Lake Hydroelectric Project boundary</header><text display-inline="no-display-inline">Not later than 18 months after the date of enactment of this Act, the Secretary of the Interior, after consultation with the Secretary of Agriculture, shall—</text>
 <paragraph id="HCA531848FE6F4FE28E73D804B08C80A8"><enum>(1)</enum><text>survey the exterior boundaries of the tract of Federal land within the project boundary of the Swan Lake Hydroelectric Project (FERC No. 2911) as generally depicted and labeled <quote>Lost Creek</quote> on the map entitled <quote>Swan Lake Project Boundary—Lot 2</quote> and dated February 1, 2016; and</text>
 </paragraph><paragraph id="HC4C2EC71B288437BAB1AE3AEB127EF1D"><enum>(2)</enum><text>issue a patent to the State of Alaska for the tract described in paragraph (1) in accordance with—</text> <subparagraph id="H9BFD8008B90D4BFB8E6F169988507AAE"><enum>(A)</enum><text>the survey authorized under paragraph (1);</text>
 </subparagraph><subparagraph id="HD1C9E9F6471F4351B11DEA2C0107CD12"><enum>(B)</enum><text>section 6(a) of the Act of July 7, 1958 (commonly known as the <quote>Alaska Statehood Act</quote>) (48 U.S.C. note prec. 21; <external-xref legal-doc="public-law" parsable-cite="pl/85/508">Public Law 85–508</external-xref>); and</text> </subparagraph><subparagraph id="HF78F8363D0B64F66B8275A5B0D24DCCC"><enum>(C)</enum><text>section 24 of the Federal Power Act (<external-xref legal-doc="usc" parsable-cite="usc/16/818">16 U.S.C. 818</external-xref>).</text>
				</subparagraph></paragraph></section></legis-body></bill>


