<?xml version="1.0"?>
<?xml-stylesheet type="text/xsl" href="billres.xsl"?>
<!DOCTYPE bill PUBLIC "-//US Congress//DTDs/bill.dtd//EN" "bill.dtd">
<bill bill-stage="Introduced-in-House" bill-type="olc" dms-id="H5E5898D40716463F9450A1209AF354E2" key="H" public-private="public"><metadata xmlns:dc="http://purl.org/dc/elements/1.1/">
<dublinCore>
<dc:title>115 HR 216 IH: Second Division Memorial Modification Act</dc:title>
<dc:publisher>U.S. House of Representatives</dc:publisher>
<dc:date>2017-01-03</dc:date>
<dc:format>text/xml</dc:format>
<dc:language>EN</dc:language>
<dc:rights>Pursuant to Title 17 Section 105 of the United States Code, this file is not subject to copyright protection and is in the public domain.</dc:rights>
</dublinCore>
</metadata>
<form>
<distribution-code display="yes">I</distribution-code><congress display="yes">115th CONGRESS</congress><session display="yes">1st Session</session><legis-num display="yes">H. R. 216</legis-num><current-chamber>IN THE HOUSE OF REPRESENTATIVES</current-chamber><action display="yes"><action-date date="20170103">January 3, 2017</action-date><action-desc><sponsor name-id="Y000033">Mr. Young of Alaska</sponsor> introduced the following bill; which was referred to the <committee-name committee-id="HII00">Committee on Natural Resources</committee-name></action-desc></action><legis-type>A BILL</legis-type><official-title display="yes">To authorize modification or augmentation of the Second Division Memorial, and for other purposes.</official-title></form>
	<legis-body id="H6BCCA396877A43B2BF74ABD6CC79567B" style="OLC">
 <section id="HB72DE0FFDBFC4834A8B6D4DBB2442180" section-type="section-one"><enum>1.</enum><header>Short title</header><text display-inline="no-display-inline">This Act may be cited as the <quote><short-title>Second Division Memorial Modification Act</short-title></quote>.</text> </section><section id="HD82D1E13ADCA42C4A3C31DC0A0A02213" section-type="subsequent-section"><enum>2.</enum><header>Modification or augmentation to Second Division Memorial</header> <subsection id="H0C00380C104F4988907B4E860E14F551"><enum>(a)</enum><header>Authorization</header><text display-inline="yes-display-inline">The Second Indianhead Division Association, Inc. Scholarship and Memorials Foundation, an organization described in <external-xref legal-doc="usc" parsable-cite="usc/26/501">section 501(c)(3)</external-xref> of the Internal Revenue Code of 1986 and exempt from taxation under section 501(a) of such Code, is authorized to place three benches honoring the members of the Second Infantry Division killed in the Cold War in Korea, the War in Iraq, and the War in Afghanistan on the Second Division Memorial located in President's Park, between 17th Street Northwest and Constitution Avenue in the District of Columbia.</text>
 </subsection><subsection id="HE8FCAA03FB494FEB9CB13170A57D82D8"><enum>(b)</enum><header>Application of Commemorative Works Act</header><text><external-xref legal-doc="usc-chapter" parsable-cite="usc-chapter/40/89">Chapter 89</external-xref> of title 40, United States Code (commonly known as the <quote>Commemorative Works Act</quote>), shall apply to the design and placement of the benches referred to in subsection (a).</text> </subsection><subsection id="H4DAE27BC54C445838145BD541DD6F9E7"><enum>(c)</enum><header>Funding</header><text display-inline="yes-display-inline">Federal funds may not be used for modifications or augmentations authorized under subsection (a).</text>
			</subsection></section></legis-body></bill>


