<?xml version="1.0"?>
<?xml-stylesheet type="text/xsl" href="billres.xsl"?>
<!DOCTYPE bill PUBLIC "-//US Congress//DTDs/bill.dtd//EN" "bill.dtd">
<bill bill-stage="Introduced-in-House" bill-type="olc" dms-id="H215B037BE2884B10B0D9518D907126C6" key="H" public-private="public"><metadata xmlns:dc="http://purl.org/dc/elements/1.1/">
<dublinCore>
<dc:title>115 HR 463 IH: Crimea Annexation Non-recognition Act</dc:title>
<dc:publisher>U.S. House of Representatives</dc:publisher>
<dc:date>2017-01-12</dc:date>
<dc:format>text/xml</dc:format>
<dc:language>EN</dc:language>
<dc:rights>Pursuant to Title 17 Section 105 of the United States Code, this file is not subject to copyright protection and is in the public domain.</dc:rights>
</dublinCore>
</metadata>
<form>
<distribution-code display="yes">I</distribution-code><congress display="yes">115th CONGRESS</congress><session display="yes">1st Session</session><legis-num display="yes">H. R. 463</legis-num><current-chamber>IN THE HOUSE OF REPRESENTATIVES</current-chamber><action display="yes"><action-date date="20170112">January 12, 2017</action-date><action-desc><sponsor name-id="C001078">Mr. Connolly</sponsor> (for himself and <cosponsor name-id="C000266">Mr. Chabot</cosponsor>) introduced the following bill; which was referred to the <committee-name committee-id="HFA00">Committee on Foreign Affairs</committee-name></action-desc></action><legis-type>A BILL</legis-type><official-title display="yes">To prohibit United States Government recognition of Russia’s annexation of Crimea.</official-title></form>
	<legis-body id="H6181055D2DD84B7DB1DB544184292925" style="OLC">
 <section id="H37C23C8597A04E39870DFEC76C49A465" section-type="section-one"><enum>1.</enum><header>Short title</header><text display-inline="no-display-inline">This Act may be cited as the <quote><short-title>Crimea Annexation Non-recognition Act</short-title></quote>.</text> </section><section id="HDBBCA97B7CFF4BD0A8450B77A2E79D39"><enum>2.</enum><header>Prohibition against United States recognition of Russia’s annexation of Crimea</header> <subsection id="H85F41DA3BA9F4D61B314DAFCF37574BD"><enum>(a)</enum><header>Statement of policy</header><text display-inline="yes-display-inline">It is the policy of the United States not to recognize the de jure or de facto sovereignty of the Russian Federation over Crimea, its airspace, or its territorial waters.</text>
 </subsection><subsection id="H283E63CCB767483BBD469034B8FB957F"><enum>(b)</enum><header>Prohibition</header><text display-inline="yes-display-inline">In accordance with subsection (a), no Federal department or agency may take any action or extend any assistance that recognizes or implies recognition of the de jure or de facto sovereignty of the Russian Federation over Crimea, its airspace, or its territorial waters.</text>
 </subsection><subsection id="HDE3B5D3DB4624E9BA1285342624987A5"><enum>(c)</enum><header>Waiver</header><text>The President may waive subsection (a) or (b) if the President determines that it is vital to the national security interests of the United States to do so.</text>
			</subsection></section></legis-body></bill>


