<?xml version="1.0"?>
<?xml-stylesheet type="text/xsl" href="billres.xsl"?>
<!DOCTYPE bill PUBLIC "-//US Congress//DTDs/bill.dtd//EN" "bill.dtd">
<bill bill-stage="Introduced-in-House" bill-type="olc" dms-id="H434F1C13CD154776985B124C1DE7E5C9" key="H" public-private="public"><metadata xmlns:dc="http://purl.org/dc/elements/1.1/">
<dublinCore>
<dc:title>115 HR 659 IH: Standard Merger and Acquisition Reviews Through Equal Rules Act of 2017</dc:title>
<dc:publisher>U.S. House of Representatives</dc:publisher>
<dc:date>2017-01-24</dc:date>
<dc:format>text/xml</dc:format>
<dc:language>EN</dc:language>
<dc:rights>Pursuant to Title 17 Section 105 of the United States Code, this file is not subject to copyright protection and is in the public domain.</dc:rights>
</dublinCore>
</metadata>
<form>
<distribution-code display="yes">I</distribution-code><congress display="yes">115th CONGRESS</congress><session display="yes">1st Session</session><legis-num display="yes">H. R. 659</legis-num><current-chamber>IN THE HOUSE OF REPRESENTATIVES</current-chamber><action display="yes"><action-date date="20170124">January 24, 2017</action-date><action-desc><sponsor name-id="F000460">Mr. Farenthold</sponsor> (for himself, <cosponsor name-id="G000289">Mr. Goodlatte</cosponsor>, <cosponsor name-id="M001179">Mr. Marino</cosponsor>, <cosponsor name-id="B001275">Mr. Bucshon</cosponsor>, <cosponsor name-id="C001093">Mr. Collins of Georgia</cosponsor>, and <cosponsor name-id="M001189">Mr. Messer</cosponsor>) introduced the following bill; which was referred to the <committee-name committee-id="HJU00">Committee on the Judiciary</committee-name></action-desc></action><legis-type>A BILL</legis-type><official-title display="yes">To amend the Clayton Act and the Federal Trade Commission Act to provide that the Federal Trade
			 Commission shall exercise authority with respect to mergers only under the
			 Clayton Act and only in the same procedural manner as the Attorney General
			 exercises such authority.</official-title></form>
	<legis-body id="H1B4F2CCAC793499DB1BC61807F6EC680" style="OLC">
 <section id="H5A85A9143E1D450A97C04AAAF4B352FF" section-type="section-one"><enum>1.</enum><header>Short title</header><text display-inline="no-display-inline">This Act may be cited as the <quote><short-title>Standard Merger and Acquisition Reviews Through Equal Rules Act of 2017</short-title></quote>.</text> </section><section id="H333071A4DE9C4A0F957544A9CB6F8F44"><enum>2.</enum><header>Amendments to the Clayton Act</header><text display-inline="no-display-inline">The Clayton Act (<external-xref legal-doc="usc" parsable-cite="usc/15/12">15 U.S.C. 12</external-xref> et seq.) is amended—</text>
 <paragraph id="HB594C2F4E16646678128EBD10F96490F"><enum>(1)</enum><text>by striking section 4F and inserting the following:</text> <quoted-block display-inline="no-display-inline" id="H766425FB5425497D825211DD3A452DF1" style="OLC"> <section id="H05B708F86DB84993BE28C778317C2F27"><enum>4F.</enum><header>Actions by Attorney General of the United States or the Federal Trade Commission</header> <subsection id="H034409FF0CBD4F69AB53A5D11F7C4D46"><enum>(a)</enum><text>Whenever the Attorney General of the United States has brought an action under the antitrust laws or the Federal Trade Commission has brought an action under section 7, and the Attorney General or Federal Trade Commission, as applicable, has reason to believe that any State attorney general would be entitled to bring an action under this Act based substantially on the same alleged violation of the antitrust laws or section 7, the Attorney General or Federal Trade Commission, as applicable, shall promptly give written notification thereof to such State attorney general.</text>
 </subsection><subsection id="HDC46F9081A954839B72CB9BD45F63540"><enum>(b)</enum><text>To assist a State attorney general in evaluating the notice described in subsection (a) or in bringing any action under this Act, the Attorney General of the United States or Federal Trade Commission, as applicable, shall, upon request by such State attorney general, make available to the State attorney general, to the extent permitted by law, any investigative files or other materials which are or may be relevant or material to the actual or potential cause of action under this Act.</text></subsection></section><after-quoted-block>;</after-quoted-block></quoted-block>
 </paragraph><paragraph id="H51184E04EDC74124847D416EE7E1B0AE"><enum>(2)</enum><text>in section 5—</text> <subparagraph id="HAE9387F7996C434289ED58AD02C1A290"><enum>(A)</enum><text>in subsection (a) by inserting <quote>(including a proceeding brought by the Federal Trade Commission with respect to a violation of section 7)</quote> after <quote>United States under the antitrust laws</quote>; and</text>
 </subparagraph><subparagraph id="H523DCEF16C374F1E8514728D5AE3D594"><enum>(B)</enum><text display-inline="yes-display-inline">in subsection (i) by inserting <quote>(including a proceeding instituted by the Federal Trade Commission with respect to a violation of section 7)</quote> after <quote>antitrust laws</quote>;</text>
 </subparagraph></paragraph><paragraph id="H2DF793623F0B4B63AB7C9E51080A3A0F"><enum>(3)</enum><text>in section 11, by adding at the end the following:</text> <quoted-block display-inline="no-display-inline" id="H86F9B2835B23406D9238F4635416C7A4" style="OLC"> <subsection id="HC03BA6F9C4BA43228CA28AE5B7429E0F"><enum>(m)</enum> <paragraph commented="no" display-inline="yes-display-inline" id="H7F85CB8BCF634E8DB386AF194CFFE96F"><enum>(1)</enum><text>Except as provided in paragraph (2), in enforcing compliance with section 7, the Federal Trade Commission shall enforce compliance with that section in the same manner as the Attorney General in accordance with section 15.</text>
 </paragraph><paragraph id="H916E56097E7349FC977A2CD0F7D43A71" indent="up1"><enum>(2)</enum><text>If the Federal Trade Commission approves an agreement with the parties to the transaction that contains a consent order with respect to a violation of section 7, the Commission shall enforce compliance with that section in accordance with this section.</text></paragraph></subsection><after-quoted-block>;</after-quoted-block></quoted-block>
 </paragraph><paragraph id="H83F4917A5D774D968261934C447CA341"><enum>(4)</enum><text display-inline="yes-display-inline">in section 13, by inserting <quote>(including a suit, action, or proceeding brought by the Federal Trade Commission with respect to a violation of section 7)</quote> before <quote>subpoenas</quote>; and</text>
 </paragraph><paragraph id="H8D42389C851743F6AFF17CB03658EE71"><enum>(5)</enum><text>in section 15, by inserting <quote>and the duty of the Federal Trade Commission with respect to a violation of section 7,</quote> after <quote>General,</quote>.</text> </paragraph></section><section id="H8592328E379B496D9298519384647BCF"><enum>3.</enum><header>Amendments to the Federal Trade Commission Act</header><text display-inline="no-display-inline">The Federal Trade Commission Act (<external-xref legal-doc="usc" parsable-cite="usc/15/41">15 U.S.C. 41</external-xref>) is amended—</text>
 <paragraph id="H044664C2361C47038C351C3F183A9102"><enum>(1)</enum><text>in section 5(b), by inserting <quote>(excluding the consummation of a proposed merger, acquisition, joint venture, or similar transaction that is subject to section 7 of the Clayton Act (<external-xref legal-doc="usc" parsable-cite="usc/15/18">15 U.S.C. 18</external-xref>), except in cases where the Commission approves an agreement with the parties to the transaction that contains a consent order)</quote> after <quote>unfair method of competition</quote>;</text>
 </paragraph><paragraph display-inline="no-display-inline" id="HB1D406046E334237B53C00F3EB9F4D03"><enum>(2)</enum><text>in section 9, by inserting after the fourth undesignated paragraph the following:</text> <quoted-block display-inline="no-display-inline" id="H70978AE6CB6A4540A7147634B98ED745" style="traditional"> <paragraph id="H11432F0F1CA74D2E99DD049CB26B069B" indent="up1"><enum></enum><text>Upon the application of the commission with respect to any activity related to the consummation of a proposed merger, acquisition, joint venture, or similar transaction that is subject to section 7 of the Clayton Act (<external-xref legal-doc="usc" parsable-cite="usc/15/18">15 U.S.C. 18</external-xref>) that may result in any unfair method of competition, the district courts of the United States shall have jurisdiction to issue writs of mandamus commanding any person or corporation to comply with the provisions of this Act or any order of the commission made in pursuance thereof.</text></paragraph><after-quoted-block>;</after-quoted-block></quoted-block>
 </paragraph><paragraph id="HB319972C844242BC8D200C6C8EA21A67"><enum>(3)</enum><text display-inline="yes-display-inline">in section 13(b)(1), by inserting <quote>(excluding section 7 of the Clayton Act (<external-xref legal-doc="usc" parsable-cite="usc/15/18">15 U.S.C. 18</external-xref>) and section 5(a)(1) with respect to the consummation of a proposed merger, acquisition, joint venture, or similar transaction that is subject to section 7 of the Clayton Act (<external-xref legal-doc="usc" parsable-cite="usc/15/18">15 U.S.C. 18</external-xref>))</quote> after <quote>Commission</quote>; and</text>
 </paragraph><paragraph id="H605FDCCE24464B9198F44E2C8057F101"><enum>(4)</enum><text display-inline="yes-display-inline">in section 20(c)(1), by inserting <quote>or under section 7 of the Clayton Act (<external-xref legal-doc="usc" parsable-cite="usc/15/18">15 U.S.C. 18</external-xref>), where applicable,</quote> after <quote>Act,</quote>.</text> </paragraph></section><section id="H600EB64488AB4C0D8F6520582B2EF2F5"><enum>4.</enum><header>Effective date; application of amendments</header> <subsection id="H482F1200F1D24330BE187EC141FBDE5E"><enum>(a)</enum><header>Effective date</header><text display-inline="yes-display-inline">Except as provided in subsection (b), this Act and the amendments made by this Act shall take effect on the date of the enactment of this Act.</text>
 </subsection><subsection id="H350F30BAE84A4A1A83BDB87440143502"><enum>(b)</enum><header>Application of amendments</header><text display-inline="yes-display-inline">The amendments made by this Act shall not apply to any of the following that occurs before the date of enactment of this Act:</text>
 <paragraph id="HF5AC6F5288CD4900A4234D72CC7DB47D"><enum>(1)</enum><text>A violation of section 7 of the Clayton Act (<external-xref legal-doc="usc" parsable-cite="usc/15/18">15 U.S.C. 18</external-xref>).</text> </paragraph><paragraph id="H2EFDADD1DF8B43FEA00697D9701A29ED"><enum>(2)</enum><text>A transaction with respect to which there is compliance with section 7A of the Clayton Act (<external-xref legal-doc="usc" parsable-cite="usc/15/18a">15 U.S.C. 18a</external-xref>).</text>
 </paragraph><paragraph id="H466FE3A2E09E4D52863F4B1E741256EE"><enum>(3)</enum><text display-inline="yes-display-inline">A case in which a preliminary injunction has been filed in a district court of the United States.</text> </paragraph></subsection></section></legis-body></bill> 

