<?xml version="1.0"?>
<?xml-stylesheet type="text/xsl" href="billres.xsl"?>
<!DOCTYPE bill PUBLIC "-//US Congress//DTDs/bill.dtd//EN" "bill.dtd">
<bill bill-stage="Introduced-in-House" dms-id="HD0702BD7B7F447CF997A66EF435603ED" public-private="public" key="H" bill-type="olc"><form><distribution-code display="yes">I</distribution-code><congress display="yes">115th CONGRESS</congress><session display="yes">1st Session</session><legis-num display="yes">H. R. 669</legis-num><current-chamber>IN THE HOUSE OF REPRESENTATIVES</current-chamber><action display="yes"><action-date date="20170124">January 24, 2017</action-date><action-desc><sponsor name-id="L000582">Mr. Ted Lieu of California</sponsor> (for himself, <cosponsor name-id="M000312">Mr. McGovern</cosponsor>, <cosponsor name-id="G000559">Mr. Garamendi</cosponsor>, <cosponsor name-id="C001067">Ms. Clarke of New York</cosponsor>, <cosponsor name-id="B000574">Mr. Blumenauer</cosponsor>, <cosponsor name-id="G000551">Mr. Grijalva</cosponsor>, <cosponsor name-id="P000607">Mr. Pocan</cosponsor>, <cosponsor name-id="L000551">Ms. Lee</cosponsor>, and <cosponsor name-id="W000800">Mr. Welch</cosponsor>) introduced the following bill; which was referred to the <committee-name committee-id="HFA00">Committee on Foreign Affairs</committee-name></action-desc></action><legis-type>A BILL</legis-type><official-title display="yes">To prohibit the conduct of a first-use nuclear strike absent a declaration of war by Congress.</official-title></form><legis-body id="HAED2182D1B3F4CDA9CC95752F6F5A5D7" style="OLC"> 
<section id="HF14DE7DBDD5A4D5EA7C8C591C7F98A25" section-type="section-one"><enum>1.</enum><header>Short title</header><text display-inline="no-display-inline">This Act may be cited as the <quote><short-title>Restricting First Use of Nuclear Weapons Act of 2017</short-title></quote>.</text></section> <section id="H0A98241D281243D58DE0EF16CDCB4B2C" section-type="subsequent-section"><enum>2.</enum><header>Findings and declaration of policy</header> <subsection id="HC4AEC07B6CEF449299783582DAF222AC"><enum>(a)</enum><header>Findings</header><text display-inline="yes-display-inline">Congress finds the following:</text>
<paragraph id="HC60EB90CBFBF43B487FD522CF5D6ACBF"><enum>(1)</enum><text display-inline="yes-display-inline">The Constitution gives Congress the sole power to declare war.</text></paragraph> <paragraph id="H71C0021A2013437A8CC138BE261650FB"><enum>(2)</enum><text display-inline="yes-display-inline">The framers of the Constitution understood that the monumental decision to go to war, which can result in massive death and the destruction of civilized society, must be made by the representatives of the people and not by a single person.</text></paragraph>
<paragraph id="HC53B060FC3D248D08B0A5364C3AA915B"><enum>(3)</enum><text display-inline="yes-display-inline">As stated by section 2(c) of the War Powers Resolution (<external-xref legal-doc="public-law" parsable-cite="pl/93/148">Public Law 93–148</external-xref>; <external-xref legal-doc="usc" parsable-cite="usc/50/1541">50 U.S.C. 1541</external-xref>), <quote>the constitutional powers of the President as Commander-in-Chief to introduce United States Armed Forces into hostilities, or into situations where imminent involvement in hostilities is clearly indicated by the circumstances, are exercised only pursuant to (1) a declaration of war, (2) specific statutory authorization, or (3) a national emergency created by attack upon the United States, its territories or possessions, or its armed forces</quote>.</text></paragraph> <paragraph id="H32F94AB6C72A447AA250AE401A04DCA6"><enum>(4)</enum><text display-inline="yes-display-inline">Nuclear weapons are uniquely powerful weapons that have the capability to instantly kill millions of people, create long-term health and environmental consequences throughout the world, directly undermine global peace, and put the United States at existential risk from retaliatory nuclear strikes.</text></paragraph>
<paragraph id="H9A24ED0C40484838AF50C40E81438629"><enum>(5)</enum><text display-inline="yes-display-inline">By any definition of war, a first-use nuclear strike from the United States would constitute a major act of war.</text></paragraph> <paragraph id="HF0507BE9C7954FD49DEACFDE82889A77"><enum>(6)</enum><text display-inline="yes-display-inline">A first-use nuclear strike conducted absent a declaration of war by Congress would violate the Constitution.</text></paragraph></subsection>
<subsection id="H86069B76842742D596E433BC0E0179BD"><enum>(b)</enum><header>Declaration of policy</header><text display-inline="yes-display-inline">It is the policy of the United States that no first-use nuclear strike should be conducted absent a declaration of war by Congress.</text></subsection></section> <section id="HC336637577A74B8BAE6535BEDF68552A"><enum>3.</enum><header>Prohibition on conduct of first-use nuclear strikes</header> <subsection id="HE1D1F28ACB6A49368145EC1E5E78C835"><enum>(a)</enum><header>Prohibition</header><text display-inline="yes-display-inline">Notwithstanding any other provision of law, the President may not use the Armed Forces of the United States to conduct a first-use nuclear strike unless such strike is conducted pursuant to a declaration of war by Congress that expressly authorizes such strike.</text></subsection>
<subsection id="H0B2A474A1CFD4A03B5EEE5C29BB3B4B2"><enum>(b)</enum><header>First-Use nuclear strike defined</header><text display-inline="yes-display-inline">In this section, the term <term>first-use nuclear strike</term> means an attack using nuclear weapons against an enemy that is conducted without the President determining that the enemy has first launched a nuclear strike against the United States or an ally of the United States.</text></subsection></section> </legis-body></bill>

