<?xml version="1.0"?>
<?xml-stylesheet type="text/xsl" href="billres.xsl"?>
<!DOCTYPE bill PUBLIC "-//US Congress//DTDs/bill.dtd//EN" "bill.dtd">
<bill bill-stage="Introduced-in-House" bill-type="olc" dms-id="H52AD3C9E48FF4B24B0947EB267C96DA2" key="H" public-private="public"><metadata xmlns:dc="http://purl.org/dc/elements/1.1/">
<dublinCore>
<dc:title>115 HR 545 IH: United States Commission on the Organization of Petroleum Exporting Countries Act of 2017</dc:title>
<dc:publisher>U.S. House of Representatives</dc:publisher>
<dc:date>2017-01-13</dc:date>
<dc:format>text/xml</dc:format>
<dc:language>EN</dc:language>
<dc:rights>Pursuant to Title 17 Section 105 of the United States Code, this file is not subject to copyright protection and is in the public domain.</dc:rights>
</dublinCore>
</metadata>
<form>
<distribution-code display="yes">I</distribution-code><congress display="yes">115th CONGRESS</congress><session display="yes">1st Session</session><legis-num display="yes">H. R. 545</legis-num><current-chamber>IN THE HOUSE OF REPRESENTATIVES</current-chamber><action display="yes"><action-date date="20170113">January 13, 2017</action-date><action-desc><sponsor name-id="C001096">Mr. Cramer</sponsor> (for himself, <cosponsor name-id="F000448">Mr. Franks of Arizona</cosponsor>, <cosponsor name-id="P000258">Mr. Peterson</cosponsor>, and <cosponsor name-id="S001157">Mr. David Scott of Georgia</cosponsor>) introduced the following bill; which was referred to the <committee-name committee-id="HIF00">Committee on Energy and Commerce</committee-name>, and in addition to the Committee on <committee-name committee-id="HFA00">Foreign Affairs</committee-name>, for a period to be subsequently determined by the Speaker, in each case for consideration of such
			 provisions as fall within the jurisdiction of the committee concerned</action-desc></action><legis-type>A BILL</legis-type><official-title display="yes">To establish the United States Commission on the Organization of Petroleum Exporting Countries, and
			 for other purposes.</official-title></form>
	<legis-body id="HF50AB6670185409FB64A116876A2D454" style="OLC">
 <section id="HF9FD081847C94E86BB4ED849633B3AD3" section-type="section-one"><enum>1.</enum><header>Short title</header><text display-inline="no-display-inline">This Act may be cited as the <quote><short-title>United States Commission on the Organization of Petroleum Exporting Countries Act of 2017</short-title></quote>.</text> </section><section id="HAF1C718DB9E943ED826F795D7D66E701"><enum>2.</enum><header>Establishment</header><text display-inline="no-display-inline">There is hereby established a commission to be known as the United States Commission on the Organization of Petroleum Exporting Countries (in this Act referred to as the <quote>Commission</quote>).</text>
		</section><section id="HC96B35359C824073A72B871B0D502052"><enum>3.</enum><header>Duties of Commission</header>
 <subsection id="H6005E12708704BC58317BAEE7CC31FA8"><enum>(a)</enum><header>In general</header><text display-inline="yes-display-inline">The Commission shall investigate any anti-competitive involvement of the Organization of Petroleum Exporting Countries (OPEC), its member nations, and affiliated entities in oil markets and make recommendations to reduce the adverse impacts on the United States of such involvement.</text>
 </subsection><subsection id="H0737D32466B647E9844E573CD89C817A"><enum>(b)</enum><header>Specific duties</header><text>The Commission shall—</text> <paragraph id="H48522462655F42888781C62D35DA0DBB"><enum>(1)</enum><text>investigate behavior of OPEC, its member nations, and affiliated entities, including national oil companies, designed to disadvantage United States oil producers and secure market power through anti-competitive behavior;</text>
 </paragraph><paragraph id="H7B80C34D73B3431AA7C3C801CC6A62A1"><enum>(2)</enum><text>assess the impact of OPEC’s policies on United States economic and energy security interests, including on innovation in both energy production and the transportation of goods and people;</text>
 </paragraph><paragraph id="H5F6D8038B3EE4AEDB0CB13C8AC1B05AE"><enum>(3)</enum><text display-inline="yes-display-inline">assess existing relationships of Federal agencies with OPEC and the extent to which Federal officials are making efforts to mitigate the impact of any potential anti-competitive actions by OPEC; and</text>
 </paragraph><paragraph id="H495853784395468299A673BD112016C0"><enum>(4)</enum><text>produce recommendations on reducing the adverse impacts on the United States of such activities, including through policy reform in the areas of taxes, trade, defense, and research and development, and diplomacy, among others.</text>
				</paragraph></subsection></section><section id="H06EFC452912A490582D194FB6B07D2CB"><enum>4.</enum><header>Members of Commission</header>
 <subsection id="HEE888B13717E491B8CA4EE72CECC326D"><enum>(a)</enum><header>Number and appointment</header><text display-inline="yes-display-inline">The Commission shall be composed of 16 members appointed by the President as follows:</text> <paragraph id="H068AC3ABE740435992376DF62D868A28"><enum>(1)</enum><text>4 members shall be appointed from among individuals independently determined by the President to be qualified for appointment.</text>
 </paragraph><paragraph id="HA964A8E5D4E64F06B99BD29D1D9E93DC"><enum>(2)</enum><text>4 members shall be appointed from a list of 8 individuals who shall be nominated by the majority leader of the Senate in consultation with the chairman of the Committee on Energy and Natural Resources of the Senate.</text>
 </paragraph><paragraph id="H6364133E527449559216D582CCE12C2D"><enum>(3)</enum><text>4 members shall be appointed from a list of 8 individuals who shall be nominated by the Speaker of the House of Representatives in consultation with the chairman of the Committee on Energy and Commerce and the chairman of the Committee on Natural Resources of the House of Representatives.</text>
 </paragraph><paragraph id="H083865FBA2C743A79C9FF2A43C8C381E"><enum>(4)</enum><text>2 members shall be appointed from a list of 4 individuals who shall be nominated by the minority leader of the Senate in consultation with the ranking member of the Committee on Energy and Natural Resources of the Senate.</text>
 </paragraph><paragraph id="H035043EC781F423FAF656112713CC4A7"><enum>(5)</enum><text>2 members shall be appointed from a list of 4 individuals who shall be nominated by the minority leader of the House of Representatives in consultation with the ranking member of the Committee on Energy and Commerce and the ranking member of the Committee on Natural Resources of the House of Representatives.</text>
				</paragraph></subsection><subsection commented="no" id="H91DC0427FA754579982A29961F151BA9"><enum>(b)</enum><header>Qualifications</header>
 <paragraph id="HEFA4D4BBC6C94C65AC73AD39B80377F5"><enum>(1)</enum><header>In general</header><text>In making appointments under this section, the President shall give consideration to individuals who are knowledgeable on energy issues, including oil market dynamics, oil and gas exploration and production, crude oil refining, oil and gas pipelines, transportation-related fuel consumption, oil use efficiency, national security, foreign policy, macroeconomics, labor, environment, logistics, shipping, tourism, consumer goods, manufacturing, and tourism.</text>
 </paragraph><paragraph id="H7D10B38212604B70B298E934330A635C"><enum>(2)</enum><header>Balance of expertise areas</header><text>In making appointments under this section, the President shall seek to ensure the membership of the Commission is balanced by area of expertise to the extent consistent with maintaining the highest level of expertise on the Commission.</text>
 </paragraph><paragraph id="H157EB823E037490A9B48D04A115A45A8"><enum>(3)</enum><header>U.S. citizen requirement</header><text>Members of the Commission shall be United States citizens.</text> </paragraph></subsection><subsection id="H1CD8FC45FA714776A27482865076CBEB"><enum>(c)</enum><header>Timing of appointments</header><text display-inline="yes-display-inline">Appointments to the Commission shall be made not later than 60 days after the date of enactment of this Act.</text>
 </subsection><subsection id="H0F3D165D048B4B2F86A6C4D208430C0F"><enum>(d)</enum><header>Terms; vacancies</header><text display-inline="yes-display-inline">Each member shall be appointed for the duration of the Commission. Any vacancy in the Commission shall not affect its powers, and shall be filled in the manner in which the original appointment was made.</text>
 </subsection><subsection id="HBB64C72263FD47809492214A7AEE54B2"><enum>(e)</enum><header>Chairman</header><text>The chairman of the Commission shall be selected by the President. The chairman of the Commission shall be responsible for—</text>
 <paragraph id="H9E929334F1904351B0172B0FC94C4CC0"><enum>(1)</enum><text>the assignment of duties and responsibilities among staff personnel and their continuing supervision; and</text>
 </paragraph><paragraph id="H0358E53A341F4DCBA77FDDBEABAAF434"><enum>(2)</enum><text>the use and expenditure of funds available to the Commission.</text> </paragraph></subsection><subsection id="H3935A8B598894B78A47384272C62227D"><enum>(f)</enum><header>Meetings</header> <paragraph id="HCE70B2983EC94001940112E5438916C8"><enum>(1)</enum><header>Administration</header><text>All meetings of the Commission shall be open to the public, except that a meeting or any portion of it may be closed to the public if it concerns matters or information described in section 552b(c) of title 5, United States Code. Interested persons shall be permitted to appear at open meetings and present oral or written statements on the subject matter of the meeting. The Commission may administer oaths or affirmations to any person appearing before it.</text>
				</paragraph><paragraph id="H00DBFC13B5FB469485EC355EBCC36D02"><enum>(2)</enum><header>Notice; minutes; public availability of documents</header>
 <subparagraph id="HAB0B3677C23E44048F168192D1D13DE0"><enum>(A)</enum><header>Notice</header><text>All open meetings of the Commission shall be preceded by timely public notice in the Federal Register of the time, place, and subject of the meeting.</text>
 </subparagraph><subparagraph id="HD1CE50B181A6424495DCB28295959FDA"><enum>(B)</enum><header>Minutes</header><text>Minutes of each meeting shall be kept and shall contain a record of the people present, a description of the discussion that occurred, and copies of all statements filed. Subject to section 552 of title 5, United States Code, the minutes and records of all meetings and other documents that were made available to or prepared for the Commission shall be available for public inspection and copying at a single location in the offices of the Commission.</text>
 </subparagraph></paragraph><paragraph id="H48D300A5EF4E4F30B7E16311D6953ADE"><enum>(3)</enum><header>Initial meeting</header><text>The Commission shall hold its first meeting within 30 days after all members of the Commission have been appointed.</text>
				</paragraph></subsection></section><section id="HB0EB165006404C87A812E51B761D8395"><enum>5.</enum><header>Staffing and resources</header>
 <subsection id="H5CD026EB87D24148917F8CAC9156D5BC"><enum>(a)</enum><header>Staffing</header><text>The chairman of the Commission may, without regard to the civil service laws and regulations, appoint and terminate an executive director and such other additional personnel as may be necessary for the Commission to perform its duties. The executive director shall be compensated at a rate not to exceed the rate payable for Level IV of the Executive Schedule under <external-xref legal-doc="usc-chapter" parsable-cite="usc-chapter/5/53">chapter 53</external-xref> of title 5, United States Code. The chairman shall select staff from among qualified individuals who are citizens of the United States.</text>
 </subsection><subsection id="H46508BE1F92440D4B01DEC4037151F06"><enum>(b)</enum><header>Resources</header><text>In carrying out its duties under section 3, the Commission—</text> <paragraph id="HE2A71301A77242A6AB2DAA3A79AC567F"><enum>(1)</enum><text>is authorized to secure directly from any Federal department or agency any information it deems necessary to carry out its functions under this Act, and each such department or agency is authorized to cooperate with the Commission and, to the extent permitted by law, to furnish such information (other than information described in section 552(b)(1)(A) of title 5, United States Code) to the Commission, upon the request of the Commission;</text>
 </paragraph><paragraph id="HE2F446D21ACB43F3A47DFD1028659937"><enum>(2)</enum><text>may enter into contracts, subject to the availability of appropriations for contracting, and employ such staff experts and consultants as may be necessary to carry out the duties of the Commission, as provided by section 3109 of title 5, United States Code; and</text>
 </paragraph><paragraph id="H21F4698C0D074E0BA6BFB5106D9DF5A8"><enum>(3)</enum><text>shall establish a multidisciplinary science and technical advisory panel of experts in the field of energy to assist the Commission in preparing its report, including ensuring that the scientific and technical information considered by the Commission is based on the best information available.</text>
				</paragraph></subsection></section><section id="H08EB31E2088A4E54B92E4D6BA356A859"><enum>6.</enum><header>Report</header>
 <subsection id="H968D19D89FCC4F56BAC6CB9FF481231B"><enum>(a)</enum><header>Report</header><text>Not later than 1 year after the date of the enactment of this Act, the Commission shall submit to Congress and the President a report of its findings and recommendations regarding the activities required by section 3.</text>
 </subsection><subsection commented="no" id="H21C10217C2844DE9B3C90DD3ABC6FF49"><enum>(b)</enum><header>Administrative procedure for report and review</header><text>Chapter 5 and <external-xref legal-doc="usc-chapter" parsable-cite="usc-chapter/5/7">chapter 7</external-xref> of title 5, United States Code, do not apply to the preparation, review, or submission of the report required by subsection (a).</text>
 </subsection></section><section id="HD5D0078A8D0B444DA371E3E8475CCFD3"><enum>7.</enum><header>Termination</header><text display-inline="no-display-inline">The Commission shall terminate not later than 90 days after the date on which the Commission submits its report under section 6.</text>
		</section><section id="HD4B272A8E0AA42998F7A4BC5E9A61D57"><enum>8.</enum><header>Authorization of appropriations</header>
 <subsection id="HE18C448CB01C4CF0BA1D53559945C44B"><enum>(a)</enum><header>In general</header><text display-inline="yes-display-inline">There is authorized to be appropriated to carry out this Act $10,000,000 for fiscal years 2018 and 2019.</text>
 </subsection><subsection id="H89A5193FBA444B77BB9823D15701FB59"><enum>(b)</enum><header>Availability</header><text>Amounts authorized to be appropriated under subsection (a) are authorized to remain available until expended.</text>
 </subsection></section><section id="H45FB84DB0CCC44D0841D89A889F9B6AC"><enum>9.</enum><header>Policy recommendations</header><text display-inline="no-display-inline">Not later than 90 days after receiving the report of the Commission under section 6, the President shall submit to Congress a statement of proposals to implement or respond to the Commission’s recommendations contained in the report.</text>
		</section></legis-body></bill>


