<?xml version="1.0"?>
<?xml-stylesheet type="text/xsl" href="billres.xsl"?>
<!DOCTYPE bill PUBLIC "-//US Congress//DTDs/bill.dtd//EN" "bill.dtd">
<bill bill-stage="Introduced-in-House" dms-id="HEEAAF94B1F1F4AD3A4ECE4DF75F8BC29" public-private="public" key="H" bill-type="olc"><form><distribution-code display="yes">I</distribution-code><congress display="yes">115th CONGRESS</congress><session display="yes">1st Session</session><legis-num display="yes">H. R. 646</legis-num><current-chamber>IN THE HOUSE OF REPRESENTATIVES</current-chamber><action display="yes"><action-date date="20170124">January 24, 2017</action-date><action-desc><sponsor name-id="B001260">Mr. Buchanan</sponsor> introduced the following bill; which was referred to the <committee-name committee-id="HHA00">Committee on House Administration</committee-name>, and in addition to the Committee on <committee-name committee-id="HGO00">Oversight and Government Reform</committee-name>, for a period to be subsequently determined by the Speaker, in each case for consideration of such provisions as fall within the jurisdiction of the committee concerned</action-desc></action><legis-type>A BILL</legis-type><official-title display="yes">To provide that rates of pay for Members of Congress shall not be adjusted under section 601(a)(2) of the Legislative Reorganization Act of 1946 in the year following any fiscal year in which outlays of the United States exceeded receipts of the United States.</official-title></form><legis-body id="HCF32FC794F834401B130F3B67E636AE0" style="OLC"> 
<section id="HC5C3469FF83C4DF1B9CF97DD8E7CA4DC" section-type="section-one"><enum>1.</enum><header>Short title</header><text display-inline="no-display-inline">This Act may be cited as the <quote><short-title>No Pay Raise for Congress Act</short-title></quote>. </text></section> <section id="H3C28DE016F2C4028A5B0255E5251FFB4" section-type="subsequent-section"><enum>2.</enum><header>Amendments to the Legislative Reorganization Act of 1946</header> <subsection id="H0E43260914F64D3E93BE28FFD8DB18CB"><enum>(a)</enum><header>In general</header><text display-inline="yes-display-inline">Section 601(a)(2) of the Legislative Reorganization Act of 1946 (<external-xref legal-doc="usc" parsable-cite="usc/2/4501">2 U.S.C. 4501(2)</external-xref>) is amended by adding at the end the following:</text> 
<quoted-block style="OLC" id="H92C31719878D439DA2D7B8D8770B037A" display-inline="no-display-inline"> 
<subparagraph id="H473B6E2423334A0BB69A870A69851142" indent="up2"><enum>(C)</enum><text display-inline="yes-display-inline">An adjustment in rates of pay may be made under this paragraph in a year only if the aggregate outlays of the United States during the last completed fiscal year did not exceed the aggregate receipts of the United States during such fiscal year, as determined by the Congressional Budget Office.</text></subparagraph><after-quoted-block>.</after-quoted-block></quoted-block></subsection> <subsection id="H4BC3F9F57D5B488895D84E7A4077B8B6"><enum>(b)</enum><header>Technical amendment</header><text>Section 601(a)(2)(A) of such Act (<external-xref legal-doc="usc" parsable-cite="usc/2/4501">2 U.S.C. 4501(2)(A)</external-xref>) is amended by striking <quote>Subject to subparagraph (B),</quote> and inserting <quote>Subject to subparagraphs (B) and (C),</quote>.</text></subsection></section> 
</legis-body></bill>

