<?xml version="1.0"?>
<?xml-stylesheet type="text/xsl" href="billres.xsl"?>
<!DOCTYPE bill PUBLIC "-//US Congress//DTDs/bill.dtd//EN" "bill.dtd">
<bill bill-stage="Introduced-in-House" bill-type="olc" dms-id="HD494DDCABB354B248A4CB7046BC63D9C" key="H" public-private="public"><metadata xmlns:dc="http://purl.org/dc/elements/1.1/">
<dublinCore>
<dc:title>115 HR 364 IH: Preserving Jobs in the Oilfield Act of 2017</dc:title>
<dc:publisher>U.S. House of Representatives</dc:publisher>
<dc:date>2017-01-06</dc:date>
<dc:format>text/xml</dc:format>
<dc:language>EN</dc:language>
<dc:rights>Pursuant to Title 17 Section 105 of the United States Code, this file is not subject to copyright protection and is in the public domain.</dc:rights>
</dublinCore>
</metadata>
<form>
<distribution-code display="yes">I</distribution-code><congress display="yes">115th CONGRESS</congress><session display="yes">1st Session</session><legis-num display="yes">H. R. 364</legis-num><current-chamber>IN THE HOUSE OF REPRESENTATIVES</current-chamber><action display="yes"><action-date date="20170106">January 6, 2017</action-date><action-desc><sponsor name-id="M001190">Mr. Mullin</sponsor> (for himself, <cosponsor name-id="D000615">Mr. Duncan of South Carolina</cosponsor>, <cosponsor name-id="F000460">Mr. Farenthold</cosponsor>, <cosponsor name-id="M001180">Mr. McKinley</cosponsor>, <cosponsor name-id="B001250">Mr. Bishop of Utah</cosponsor>, <cosponsor name-id="M001198">Mr. Marshall</cosponsor>, <cosponsor name-id="J000292">Mr. Johnson of Ohio</cosponsor>, <cosponsor name-id="R000604">Mr. Russell</cosponsor>, <cosponsor name-id="C001096">Mr. Cramer</cosponsor>, <cosponsor name-id="H001036">Mr. Hensarling</cosponsor>, <cosponsor name-id="O000168">Mr. Olson</cosponsor>, <cosponsor name-id="C001048">Mr. Culberson</cosponsor>, <cosponsor name-id="B001283">Mr. Bridenstine</cosponsor>, and <cosponsor name-id="C001053">Mr. Cole</cosponsor>) introduced the following bill; which was referred to the <committee-name committee-id="HPW00">Committee on Transportation and Infrastructure</committee-name></action-desc></action><legis-type>A BILL</legis-type><official-title display="yes">To direct the Secretary of Transportation to ensure that on-duty time does not include waiting time
			 at a natural gas or oil well site for certain commercial motor vehicle
			 operators, and for other purposes.</official-title></form>
	<legis-body id="HD706E08169B14A7087F299B6B6358485" style="OLC">
 <section id="H2A1B8D7CA172417A9FE555E6184820D2" section-type="section-one"><enum>1.</enum><header>Short title</header><text display-inline="no-display-inline">This Act may be cited as the <quote><short-title>Preserving Jobs in the Oilfield Act of 2017</short-title></quote>.</text> </section><section id="HF2070413330245248970D2DE09DDDF51"><enum>2.</enum><header>Waiting time exception</header> <subsection id="H03455837D7874854A5A986782B448B3F"><enum>(a)</enum><header>In general</header><text display-inline="yes-display-inline">The Secretary of Transportation shall ensure that the exception described in section 395.1(d)(2) of title 49, Code of Federal Regulations (relating to on-duty time not including waiting time at a natural gas or oil well site) applies to covered operators, except that the exception shall apply to such operators without regard to whether such operators have received special training or operate vehicles specially constructed to service wells.</text>
 </subsection><subsection id="H24CFC6C0CCE64C818731E71C0980D1B2"><enum>(b)</enum><header>Covered operator defined</header><text display-inline="yes-display-inline">In this section, the term <term>covered operator</term> means the operator of a commercial motor vehicle transporting supplies, equipment, or materials, including sand or water, to or from a natural gas or oil well site.</text>
			</subsection></section></legis-body></bill>


