<?xml version="1.0"?>
<?xml-stylesheet type="text/xsl" href="billres.xsl"?>
<!DOCTYPE bill PUBLIC "-//US Congress//DTDs/bill.dtd//EN" "bill.dtd">
<bill bill-stage="Engrossed-in-House" bill-type="olc" dms-id="H691C81EA4CE9459E9CAD54BC8A000571" key="H" public-private="public" stage-count="1"> 
<metadata xmlns:dc="http://purl.org/dc/elements/1.1/">
<dublinCore>
<dc:title>115 HR 460 EH: Improving Rural Call Quality and Reliability Act of 2017</dc:title>
<dc:publisher>U.S. House of Representatives</dc:publisher>
<dc:date></dc:date>
<dc:format>text/xml</dc:format>
<dc:language>EN</dc:language>
<dc:rights>Pursuant to Title 17 Section 105 of the United States Code, this file is not subject to copyright protection and is in the public domain.</dc:rights>
</dublinCore>
</metadata>
<form>
<distribution-code display="no">I</distribution-code>
<congress display="yes">115th CONGRESS</congress><session display="yes">1st Session</session>
<legis-num display="yes">H. R. 460</legis-num>
<current-chamber display="no">IN THE HOUSE OF REPRESENTATIVES</current-chamber>
<legis-type>AN ACT</legis-type>
<official-title display="yes">To amend the Communications Act of 1934 to ensure the integrity of voice communications and to prevent unjust or unreasonable discrimination among areas of the United States in the delivery of such communications.</official-title>
</form> 
<legis-body id="HCA1E3F954C5F451EAE736B2A1B3E6E2F" style="OLC"> 
<section id="H05E3034335C14725B63044298A47890B" section-type="section-one"><enum>1.</enum><header>Short title</header><text display-inline="no-display-inline">This Act may be cited as the <quote><short-title>Improving Rural Call Quality and Reliability Act of 2017</short-title></quote>.</text> </section> <section id="H930BBD6738EF404DBB0790EFC3735400" section-type="subsequent-section"><enum>2.</enum><header>Ensuring the integrity of voice communications</header><text display-inline="no-display-inline">Part II of title II of the Communications Act of 1934 (<external-xref legal-doc="usc" parsable-cite="usc/47/251">47 U.S.C. 251</external-xref> et seq.) is amended by adding at the end the following:</text> 
<quoted-block display-inline="no-display-inline" id="H52321DF8A2E444469F12621652890247" style="OLC"> 
<section id="H6165FFEB34764B44A7A9CEA152BBD56E"><enum>262.</enum><header>Ensuring the integrity of voice communications</header> 
<subsection id="H55DC0EF5E26E4E519239B249390D0398"><enum>(a)</enum><header>Registration and compliance by intermediate providers</header><text display-inline="yes-display-inline">An intermediate provider that offers or holds itself out as offering the capability to transmit covered voice communications from one destination to another and that charges any rate to any other entity (including an affiliated entity) for the transmission shall—</text> <paragraph id="HA6EFEEBE6ED84E9D9B0603791FA9481B"><enum>(1)</enum><text display-inline="yes-display-inline">register with the Commission; and</text> </paragraph>
<paragraph id="H6E5EBB48D3AD470EBF94DB59A53DD2E6"><enum>(2)</enum><text display-inline="yes-display-inline">comply with the service quality standards for such transmission to be established by the Commission under subsection (c)(1)(B).</text> </paragraph></subsection> <subsection id="H51A32CBD20D54F61B8C72103238E6875"><enum>(b)</enum><header>Required use of registered intermediate providers</header><text display-inline="yes-display-inline">A covered provider may not use an intermediate provider to transmit covered voice communications unless such intermediate provider is registered under subsection (a)(1).</text> </subsection>
<subsection id="HE796A347D2C04A14B49C17D8DCD873D6"><enum>(c)</enum><header>Commission rules</header> 
<paragraph id="H8E52258A75B84DCE98D0F93DC0C33DB3"><enum>(1)</enum><header>In general</header> 
<subparagraph id="HFDAD84400AE0420C9203427007EA2C41"><enum>(A)</enum><header>Registry</header><text display-inline="yes-display-inline">Not later than 180 days after the date of enactment of this section, the Commission shall promulgate rules to establish a registry to record registrations under subsection (a)(1).</text> </subparagraph> <subparagraph id="H0F71DCB62F1D4C58A1387ABABEAAC87F"><enum>(B)</enum><header>Service quality standards</header><text>Not later than 1 year after the date of enactment of this section, the Commission shall promulgate rules to establish service quality standards for the transmission of covered voice communications by intermediate providers.</text> </subparagraph></paragraph>
<paragraph id="H357A6566DE964113A9EC85158A9F9AD3"><enum>(2)</enum><header>Requirements</header><text display-inline="yes-display-inline">In promulgating the rules required by paragraph (1), the Commission shall—</text> <subparagraph id="HB9C9242741B340B0BEF561911B101621"><enum>(A)</enum><text display-inline="yes-display-inline">ensure the integrity of the transmission of covered voice communications to all customers in the United States; and</text> </subparagraph>
<subparagraph id="H2422613AAC8F483895BA8AA53D626053"><enum>(B)</enum><text display-inline="yes-display-inline">prevent unjust or unreasonable discrimination among areas of the United States in the delivery of covered voice communications.</text> </subparagraph></paragraph></subsection> <subsection id="HC6A92844F2A347E687926E5F6BFEE451"><enum>(d)</enum><header>Public availability of registry</header><text>The Commission shall make the registry established under subsection (c)(1)(A) publicly available on the website of the Commission.</text> </subsection>
<subsection id="H28F541F5686043ADBC0DD745291B0239"><enum>(e)</enum><header>Scope of application</header><text display-inline="yes-display-inline">The requirements of this section shall apply regardless of the format by which any communication or service is provided, the protocol or format by which the transmission of such communication or service is achieved, or the regulatory classification of such communication or service.</text> </subsection> <subsection id="HCDDE5654451B4686B4FD6188AB6CE2C4"><enum>(f)</enum><header>Rule of construction</header><text>Nothing in this section shall be construed to affect the regulatory classification of any communication or service.</text> </subsection>
<subsection id="HFEE063928B904FD0A51011BEAA14BC2C"><enum>(g)</enum><header>Effect on other laws</header><text>Nothing in this section shall be construed to preempt or expand the authority of a State public utility commission or other relevant State agency to collect data, or investigate and enforce State law and regulations, regarding the completion of intrastate voice communications, regardless of the format by which any communication or service is provided, the protocol or format by which the transmission of such communication or service is achieved, or the regulatory classification of such communication or service.</text> </subsection> <subsection id="H5EA7FDE74C944EC1A7E6721417B85892"><enum>(h)</enum><header>Exception</header><text>The requirement under subsection (a)(2) to comply with the service quality standards established under subsection (c)(1)(B) shall not apply to a covered provider that—</text> 
<paragraph id="HE1C6E5B59E14404D920C5364B90F6585"><enum>(1)</enum><text>on or before the date that is 1 year after the date of enactment of this section, has certified as a Safe Harbor provider under section 64.2107(a) of title 47, Code of Federal Regulations, or any successor regulation; and</text> </paragraph> <paragraph id="HBADE8AF061ED42E5806B571CDF65819A"><enum>(2)</enum><text>continues to meet the requirements under such section 64.2107(a).</text> </paragraph></subsection>
<subsection id="HE10F2D6F5ED741C9A6A49111C8F3694D"><enum>(i)</enum><header>Definitions</header><text>In this section:</text> <paragraph id="H0DB7D938205140CE8D8FB6404547230B"><enum>(1)</enum><header>Covered provider</header><text>The term <term>covered provider</term> has the meaning given the term in section 64.2101 of title 47, Code of Federal Regulations, or any successor thereto.</text> </paragraph>
<paragraph id="H766BE60EB87D49A29847931EBA6A6E3E"><enum>(2)</enum><header>Covered voice communication</header><text>The term <term>covered voice communication</term> means a voice communication (including any related signaling information) that is generated—</text> <subparagraph id="HC58137BE3CD04EDDA7775B6068DC6B29"><enum>(A)</enum><text>from the placement of a call from a connection using a North American Numbering Plan resource or a call placed to a connection using such a numbering resource; and</text> </subparagraph>
<subparagraph id="H6198AF20A7EE485FBDDCE9D35EEAAACF"><enum>(B)</enum><text>through any service provided by a covered provider.</text> </subparagraph></paragraph> <paragraph id="HB886E1FFE1C548A3B8571E58C6640B5F"><enum>(3)</enum><header>Intermediate provider</header><text>The term <term>intermediate provider</term> means any entity that—</text> 
<subparagraph id="H41074F05B4794408B9672AD0FF1345A4"><enum>(A)</enum><text>enters into a business arrangement with a covered provider or other intermediate provider for the specific purpose of carrying, routing, or transmitting voice traffic that is generated from the placement of a call placed—</text> <clause id="H495D748F096645A7A4A55A8A1969A8C9"><enum>(i)</enum><text>from an end user connection using a North American Numbering Plan resource; or</text> </clause>
<clause id="H088E2693EA0846C6B39D19CB044875EA"><enum>(ii)</enum><text>to an end user connection using such a numbering resource; and</text> </clause></subparagraph> <subparagraph commented="no" display-inline="no-display-inline" id="HACD97F2D1C5C4954B6203863FAD443EA"><enum>(B)</enum><text>does not itself, either directly or in conjunction with an affiliate, serve as a covered provider in the context of originating or terminating a given call.</text></subparagraph></paragraph></subsection></section><after-quoted-block>.</after-quoted-block></quoted-block> </section>
</legis-body><attestation><attestation-group><attestation-date date="20170123" chamber="House">Passed the House of Representatives January 23, 2017.</attestation-date><attestor display="no">Karen L. Haas,</attestor><role>Clerk.</role></attestation-group></attestation>
<endorsement display="yes"></endorsement>
</bill> 


