<?xml version="1.0"?>
<?xml-stylesheet type="text/xsl" href="billres.xsl"?>
<!DOCTYPE bill PUBLIC "-//US Congress//DTDs/bill.dtd//EN" "bill.dtd">
<bill bill-stage="Introduced-in-House" bill-type="olc" dms-id="HB393747EEF254113BCF5B39F6DD0889F" key="H" public-private="public"><metadata xmlns:dc="http://purl.org/dc/elements/1.1/">
<dublinCore>
<dc:title>115 HR 209 IH: To improve the Department of Housing and Urban Development’s regulations on hazardous storage containers.</dc:title>
<dc:publisher>U.S. House of Representatives</dc:publisher>
<dc:date>2017-01-03</dc:date>
<dc:format>text/xml</dc:format>
<dc:language>EN</dc:language>
<dc:rights>Pursuant to Title 17 Section 105 of the United States Code, this file is not subject to copyright protection and is in the public domain.</dc:rights>
</dublinCore>
</metadata>
<form>
<distribution-code display="yes">I</distribution-code><congress display="yes">115th CONGRESS</congress><session display="yes">1st Session</session><legis-num display="yes">H. R. 209</legis-num><current-chamber>IN THE HOUSE OF REPRESENTATIVES</current-chamber><action display="yes"><action-date date="20170103">January 3, 2017</action-date><action-desc><sponsor name-id="Y000033">Mr. Young of Alaska</sponsor> introduced the following bill; which was referred to the <committee-name committee-id="HBA00">Committee on Financial Services</committee-name></action-desc></action><legis-type>A BILL</legis-type><official-title display="yes">To improve the Department of Housing and Urban Development’s regulations on hazardous storage
			 containers.</official-title></form>
	<legis-body id="H0CF5E2C39C3D46E198A27747D7075C4B" style="OLC">
 <section id="HC9901B3BCFED4AD6B9C37E030BD69075" section-type="section-one"><enum>1.</enum><header>Improving HUD hazardous storage container regulations</header><text display-inline="no-display-inline">The Secretary of Housing and Urban Development shall prescribe, or amend existing, regulations to include as an exception from the definition of the term <quote>hazard</quote>, as defined under subpart C of part 51 of title 24, Code of Federal Regulations, any stationary container which stores, handles, or processes hazardous substances of an explosive or fire-prone nature that—</text>
 <paragraph id="HB8F8CEFFA8094EC286BDA0168C1C2B98"><enum>(1)</enum><text>has a capacity of 1,320 gallons or less;</text> </paragraph><paragraph id="HCD74B5EFAEC24F3383F543814A2C2A6C"><enum>(2)</enum><text display-inline="yes-display-inline">is intended to contain common liquid fuels such as gasoline, fuel oil, kerosene, diesel, or crude oil;</text>
 </paragraph><paragraph id="H59AC78F6EF3D470EA42309348C019FEA"><enum>(3)</enum><text>is sited on land or property that contains a one- to four-family dwelling;</text> </paragraph><paragraph id="H38A691ABAFFB4927893328D7F8A69C3E"><enum>(4)</enum><text>is intended to be used solely by residents of such dwelling; and</text>
 </paragraph><paragraph id="H9212277456244A058102C247358013B7"><enum>(5)</enum><text>is intended to be used by residents of such dwelling exclusively for non-commercial, non-industrial purposes.</text>
			</paragraph></section></legis-body></bill>


