<?xml version="1.0"?>
<?xml-stylesheet type="text/xsl" href="billres.xsl"?>
<!DOCTYPE bill PUBLIC "-//US Congress//DTDs/bill.dtd//EN" "bill.dtd">
<bill bill-stage="Introduced-in-House" bill-type="olc" dms-id="HDA16AD37648C4607B02B212FB6FBC112" key="H" public-private="public"><metadata xmlns:dc="http://purl.org/dc/elements/1.1/">
<dublinCore>
<dc:title>115 HR 150 IH: Providing Rewards for Outstanding Tips to Expose Crimes in Technology Act of 2017</dc:title>
<dc:publisher>U.S. House of Representatives</dc:publisher>
<dc:date>2017-01-03</dc:date>
<dc:format>text/xml</dc:format>
<dc:language>EN</dc:language>
<dc:rights>Pursuant to Title 17 Section 105 of the United States Code, this file is not subject to copyright protection and is in the public domain.</dc:rights>
</dublinCore>
</metadata>
<form>
<distribution-code display="yes">I</distribution-code><congress display="yes">115th CONGRESS</congress><session display="yes">1st Session</session><legis-num display="yes">H. R. 150</legis-num><current-chamber>IN THE HOUSE OF REPRESENTATIVES</current-chamber><action display="yes"><action-date date="20170103">January 3, 2017</action-date><action-desc><sponsor name-id="G000553">Mr. Al Green of Texas</sponsor> introduced the following bill; which was referred to the <committee-name committee-id="HJU00">Committee on the Judiciary</committee-name></action-desc></action><legis-type>A BILL</legis-type><official-title display="yes">To direct the Attorney General to create a special reward program for individuals providing
			 information leading to the apprehension and conviction of persons
			 committing offenses under section 1030 of title 18, United States Code,
			 and for other purposes.</official-title></form>
	<legis-body id="HDC59C2AF6C534FEC970DA47B3C3A3902" style="OLC">
 <section id="H9C77EEA98C5C41F39C15F1AB79D50037" section-type="section-one"><enum>1.</enum><header>Short title</header><text display-inline="no-display-inline">This Act may be cited as the <quote><short-title>Providing Rewards for Outstanding Tips to Expose Crimes in Technology Act of 2017</short-title></quote> or the <quote><short-title>PROTECT Act of 2017</short-title></quote>.</text> </section><section id="HED41D285C98447E88408220793A395BC"><enum>2.</enum><header>Cybercrime reward program</header> <subsection id="H81599450D40B44F980E8889CB63D60B3"><enum>(a)</enum><header>In general</header><text display-inline="yes-display-inline">The Attorney General shall establish and publicize a special reward program for individuals providing information leading to the apprehension and conviction of persons committing offenses under section 1030 of title 18, United States Code.</text>
 </subsection><subsection id="HF5F9076825E64607938B82A561E0A36B"><enum>(b)</enum><header>Authorization of appropriations</header><text>There are authorized to be appropriated $1,000,000 for each of fiscal years 2017 through 2021 to carry out this section.</text>
			</subsection></section></legis-body></bill>


