<?xml version="1.0"?>
<?xml-stylesheet type="text/xsl" href="billres.xsl"?>
<!DOCTYPE bill PUBLIC "-//US Congress//DTDs/bill.dtd//EN" "bill.dtd">
<bill bill-stage="Introduced-in-House" bill-type="olc" dms-id="HF3B14BFDF0A94686896B0E3EF04D403F" key="H" public-private="public"><metadata xmlns:dc="http://purl.org/dc/elements/1.1/">
<dublinCore>
<dc:title>115 HR 347 IH: DHS Acquisition Documentation Integrity Act of 2017</dc:title>
<dc:publisher>U.S. House of Representatives</dc:publisher>
<dc:date>2017-01-05</dc:date>
<dc:format>text/xml</dc:format>
<dc:language>EN</dc:language>
<dc:rights>Pursuant to Title 17 Section 105 of the United States Code, this file is not subject to copyright protection and is in the public domain.</dc:rights>
</dublinCore>
</metadata>
<form>
<distribution-code display="yes">I</distribution-code><congress display="yes">115th CONGRESS</congress><session display="yes">1st Session</session><legis-num display="yes">H. R. 347</legis-num><current-chamber>IN THE HOUSE OF REPRESENTATIVES</current-chamber><action display="yes"><action-date date="20170105">January 5, 2017</action-date><action-desc><sponsor name-id="W000822">Mrs. Watson Coleman</sponsor> (for herself, <cosponsor name-id="M001157">Mr. McCaul</cosponsor>, <cosponsor name-id="T000193">Mr. Thompson of Mississippi</cosponsor>, and <cosponsor name-id="P000605">Mr. Perry</cosponsor>) introduced the following bill; which was referred to the <committee-name committee-id="HHM00">Committee on Homeland Security</committee-name></action-desc></action><legis-type>A BILL</legis-type><official-title display="yes">To amend the Homeland Security Act of 2002 to provide for requirements relating to documentation
			 for major acquisition programs, and for other purposes.</official-title></form>
	<legis-body id="H7CD69F83D7254E779F0718FF4F0A5900" style="OLC">
 <section id="H30333943EFAD47C9BC11A82C318504DF" section-type="section-one"><enum>1.</enum><header>Short title</header><text display-inline="no-display-inline">This Act may be cited as the <quote><short-title>DHS Acquisition Documentation Integrity Act of 2017</short-title></quote>.</text> </section><section id="H8D952DFD1CB84E8580AD63215D9DE6E6"><enum>2.</enum><header>Department of Homeland Security acquisition documentation</header> <subsection id="HB3EF0EB5B4BB45919F594E1C3055A51F"><enum>(a)</enum><header>In general</header><text>Title VII of the Homeland Security Act of 2002 (<external-xref legal-doc="usc" parsable-cite="usc/6/341">6 U.S.C. 341</external-xref> et seq.) is amended by adding at the end the following new section:</text>
				<quoted-block display-inline="no-display-inline" id="H61BF15083F9748D6821C56E22155F2B2" style="OLC">
					<section id="H57198ECE217F4861A9ABCA556FF8C1C1"><enum>708.</enum><header>Acquisition documentation</header>
 <subsection id="HFE3C3AEB4C944814A1B84D19C87915D4"><enum>(a)</enum><header>In general</header><text display-inline="yes-display-inline">For each major acquisition program, the Secretary, acting through the Under Secretary for Management, shall require the head of a relevant component or office to—</text>
 <paragraph id="HB0FEB1FC6B1E4058811C9DF29511DD92"><enum>(1)</enum><text>maintain acquisition documentation that is complete, accurate, timely, and valid, and that includes, at a minimum—</text>
 <subparagraph id="H135EAA30C37344FDAF3A48EE2DCD7C6E"><enum>(A)</enum><text>operational requirements that are validated consistent with departmental policy and changes to such requirements, as appropriate;</text>
 </subparagraph><subparagraph id="H9E6187D2BF7146A1AB0529E9892D29C7"><enum>(B)</enum><text>a complete lifecycle cost estimate with supporting documentation;</text> </subparagraph><subparagraph id="H9D13EB33188B4DE1A57FF91A132F0D7D"><enum>(C)</enum><text>verification of such lifecycle cost estimate against independent cost estimates, and reconciliation of any differences;</text>
 </subparagraph><subparagraph id="H99A58D031F6C4C66B284583388F2A801"><enum>(D)</enum><text>a cost-benefit analysis with supporting documentation; and</text> </subparagraph><subparagraph id="HD61BA2E54DC74E73B10645BE71BAA9AD"><enum>(E)</enum><text>a schedule, including, as appropriate, an integrated master schedule;</text>
 </subparagraph></paragraph><paragraph id="H12D5FA463168411887D10C1916F951A8"><enum>(2)</enum><text>prepare cost estimates and schedules for major acquisition programs, as required under subparagraphs (B) and (E), in a manner consistent with best practices as identified by the Comptroller General of the United States; and</text>
 </paragraph><paragraph id="HAD7C0359821E4110A7496677B2BD25B7"><enum>(3)</enum><text>submit certain acquisition documentation to the Secretary to produce an annual comprehensive report on the status of departmental acquisitions for submission to Congress.</text>
 </paragraph></subsection><subsection id="HCFCB03C58A074EECAC1DB0666232C25B"><enum>(b)</enum><header>Waiver</header><text>On a case-by-case basis with respect to any major acquisition program under this section, the Secretary may waive the requirement under paragraph (3) of subsection (a) for a fiscal year if either—</text>
 <paragraph id="H722490BC1CBF41DC9F8678DF18F3DA9C"><enum>(1)</enum><text>such program has not—</text> <subparagraph id="H5B53D12A2E00417C953708B9124004B7"><enum>(A)</enum><text>entered the full rate production phase in the acquisition lifecycle;</text>
 </subparagraph><subparagraph id="H978B682BB85C40CCAF22E2B580BC97DC"><enum>(B)</enum><text>had a reasonable cost estimate established; and</text> </subparagraph><subparagraph id="H92A53DCFD67F430AA12954DE60CD06BA"><enum>(C)</enum><text>had a system configuration defined fully; or</text>
 </subparagraph></paragraph><paragraph id="H4A735354D25D4B1CB618366779583387"><enum>(2)</enum><text>such program does not meet the definition of capital asset, as such term is defined by the Director of the Office of Management and Budget.</text>
 </paragraph></subsection><subsection id="H40B010A31FFA48B98D5F6BCD86D1107C"><enum>(c)</enum><header>Congressional oversight</header><text>At the same time the President’s budget is submitted for a fiscal year under section 1105(a) of title 31, United States Code, the Secretary shall make information available, as applicable, to the Committee on Homeland Security of the House of Representatives and the Committee on Homeland Security and Governmental Affairs of the Senate regarding the requirement described in subsection (a) in the prior fiscal year that includes the following specific information regarding each major acquisition program for which the Secretary has issued a waiver under subsection (b):</text>
 <paragraph id="H105605F76AF3453AA7E47EE9CC2F12FA"><enum>(1)</enum><text>The grounds for granting a waiver for such program.</text> </paragraph><paragraph id="HA850C8147BCE455C8DC381D5715458B9"><enum>(2)</enum><text>The projected cost of such program.</text>
 </paragraph><paragraph id="H89D99F0DD1314C3D840636041EFDF854"><enum>(3)</enum><text>The proportion of a component’s or office’s annual acquisition budget attributed to such program, as available.</text>
 </paragraph><paragraph id="H3A6F833C72B7469B88DB539CE826D2E7"><enum>(4)</enum><text>Information on the significance of such program with respect to the component’s or office’s operations and execution of its mission.</text>
 </paragraph></subsection><subsection id="H89642699BFB94F1FA955B392203840C0"><enum>(d)</enum><header>Major acquisition program defined</header><text display-inline="yes-display-inline">In this section, the term <quote>major acquisition program</quote> means a Department acquisition program that is estimated by the Secretary to require an eventual total expenditure of at least $300,000,000 (based on fiscal year 2017 constant dollars) over its lifecycle cost.</text></subsection></section><after-quoted-block>.</after-quoted-block></quoted-block>
 </subsection><subsection id="H568808AD7ABD48D6AD94050996849B87"><enum>(b)</enum><header>Clerical amendment</header><text display-inline="yes-display-inline">The table of contents in section 1(b) of the Homeland Security Act of 2002 (<external-xref legal-doc="usc" parsable-cite="usc/6/101">6 U.S.C. 101</external-xref> et seq.) is amended by adding after the item related to section 707 the following new item:</text>
				<quoted-block display-inline="no-display-inline" id="H4C0B738A5E904E088B4A83F21640689B" style="OLC">
					<toc regeneration="no-regeneration">
						<toc-entry level="section">Sec. 708. Acquisition documentation.</toc-entry></toc><after-quoted-block>.</after-quoted-block></quoted-block>
			</subsection></section></legis-body></bill>


