<?xml version="1.0"?>
<?xml-stylesheet type="text/xsl" href="billres.xsl"?>
<!DOCTYPE bill PUBLIC "-//US Congress//DTDs/bill.dtd//EN" "bill.dtd">
<bill bill-stage="Introduced-in-House" dms-id="H519B7806A45C4CD2A398D64AC800D7E1" public-private="public" key="H" bill-type="olc"><form><distribution-code display="yes">I</distribution-code><congress display="yes">115th CONGRESS</congress><session display="yes">1st Session</session><legis-num display="yes">H. R. 633</legis-num><current-chamber>IN THE HOUSE OF REPRESENTATIVES</current-chamber><action display="yes"><action-date date="20170124">January 24, 2017</action-date><action-desc><sponsor name-id="H001045">Mr. Harper</sponsor> introduced the following bill; which was referred to the <committee-name committee-id="HIF00">Committee on Energy and Commerce</committee-name>, and in addition to the Committee on <committee-name committee-id="HWM00">Ways and Means</committee-name>, for a period to be subsequently determined by the Speaker, in each case for consideration of such provisions as fall within the jurisdiction of the committee concerned</action-desc></action><legis-type>A BILL</legis-type><official-title display="yes">To authorize health insurance issuers to continue to offer for sale health insurance coverage offered in the individual market before the enactment of the Patient Protection and Affordable Care Act in satisfaction of the minimum essential health insurance coverage requirement, and for other purposes.</official-title></form><legis-body id="H87E5AFB45E2745BEB8E3816F8BDDA59A" style="OLC"> 
<section id="H01EEC018CE0846EBB9CE31CB713430D9" section-type="section-one"><enum>1.</enum><header>Short title</header><text display-inline="no-display-inline">This Act may be cited as the <quote><short-title>Patient Fairness and Relief Act of 2017</short-title></quote>.</text></section> <section id="H0939491498EE4D1CA670F7116A43833C"><enum>2.</enum><header>Extending option to continue pre-ACA coverage</header> <subsection id="H88B51CF0394E49E8BE7BB07C30A699A2"><enum>(a)</enum><header>In general</header><text display-inline="yes-display-inline">Notwithstanding any provision of the Patient Protection and Affordable Care Act (including any amendment made by such Act or by the Health Care and Education Reconciliation Act of 2010), a health insurance issuer that had in effect health insurance coverage in the individual market as of January 1, 2013, and has continued such coverage through January 1, 2017, under CCIIO guidance (as defined in subsection (c)) may renew and continue to offer such coverage for sale on and after the date of the enactment of this Act in the individual market outside of an Exchange established under section 1311 or 1321 of such Act (<external-xref legal-doc="usc" parsable-cite="usc/42/18031">42 U.S.C. 18031</external-xref>, 18041).</text></subsection> 
<subsection id="H8C5238C77FCD40B0B8A7519AAE8333EF"><enum>(b)</enum><header>Treatment as grandfathered health plan in satisfaction of minimum essential coverage</header><text display-inline="yes-display-inline">Health insurance coverage described in subsection (a) shall be treated as a grandfathered health plan for purposes of the amendment made by section 1501(b) of the Patient Protection and Affordable Care Act.</text></subsection> <subsection id="H244F1982F7F245E59FC2EA59245B2279"><enum>(c)</enum><header>CCIIO guidance defined</header><text display-inline="yes-display-inline">In this section, the term <term>CCIIO guidance</term> means the letter issued by the Centers for Medicare &amp; Medicaid Services on November 14, 2013, to the State Insurance Commissioners outlining a transitional policy for non-grandfathered coverage in the small group and individual health insurance markets, as subsequently extended and modified (including by a communication entitled <quote>Insurance Standards Bulletin Series—INFORMATION—Extension of Transitional Policy through Calendar Year 2017</quote> issued on February 29, 2016, by the Director of the Center for Consumer Information &amp; Insurance Oversight of such Centers).</text></subsection></section> 
</legis-body></bill>

