<?xml version="1.0"?>
<?xml-stylesheet type="text/xsl" href="billres.xsl"?>
<!DOCTYPE bill PUBLIC "-//US Congress//DTDs/bill.dtd//EN" "bill.dtd">
<bill bill-stage="Introduced-in-House" bill-type="olc" dms-id="HCE7BB87D245F43F6AC832F208EC128B0" key="H" public-private="public"><metadata xmlns:dc="http://purl.org/dc/elements/1.1/">
<dublinCore>
<dc:title>115 HR 598 IH: AIM Act of 2017</dc:title>
<dc:publisher>U.S. House of Representatives</dc:publisher>
<dc:date>2017-01-20</dc:date>
<dc:format>text/xml</dc:format>
<dc:language>EN</dc:language>
<dc:rights>Pursuant to Title 17 Section 105 of the United States Code, this file is not subject to copyright protection and is in the public domain.</dc:rights>
</dublinCore>
</metadata>
<form>
<distribution-code display="yes">I</distribution-code><congress display="yes">115th CONGRESS</congress><session display="yes">1st Session</session><legis-num display="yes">H. R. 598</legis-num><current-chamber>IN THE HOUSE OF REPRESENTATIVES</current-chamber><action display="yes"><action-date date="20170120">January 20, 2017</action-date><action-desc><sponsor name-id="L000562">Mr. Lynch</sponsor> (for himself, <cosponsor name-id="Q000023">Mr. Quigley</cosponsor>, <cosponsor name-id="G000574">Mr. Gallego</cosponsor>, <cosponsor name-id="C001037">Mr. Capuano</cosponsor>, <cosponsor name-id="C001101">Ms. Clark of Massachusetts</cosponsor>, <cosponsor name-id="S001191">Ms. Sinema</cosponsor>, <cosponsor name-id="J000294">Mr. Jeffries</cosponsor>, <cosponsor name-id="B001292">Mr. Beyer</cosponsor>, <cosponsor name-id="E000215">Ms. Eshoo</cosponsor>, <cosponsor name-id="C001038">Mr. Crowley</cosponsor>, <cosponsor name-id="M001188">Ms. Meng</cosponsor>, <cosponsor name-id="S001175">Ms. Speier</cosponsor>, <cosponsor name-id="N000147">Ms. Norton</cosponsor>, <cosponsor name-id="L000563">Mr. Lipinski</cosponsor>, <cosponsor name-id="S001145">Ms. Schakowsky</cosponsor>, <cosponsor name-id="P000608">Mr. Peters</cosponsor>, <cosponsor name-id="L000582">Mr. Ted Lieu of California</cosponsor>, <cosponsor name-id="R000602">Miss Rice of New York</cosponsor>, and <cosponsor name-id="S001201">Mr. Suozzi</cosponsor>) introduced the following bill; which was referred to the <committee-name committee-id="HPW00">Committee on Transportation and Infrastructure</committee-name></action-desc></action><legis-type>A BILL</legis-type><official-title display="yes">To require the Administrator of the Federal Aviation Administration to commission a study of the
			 health impacts of airplane flights on affected residents of certain
			 metropolitan areas, and for other purposes.</official-title></form>
	<legis-body id="H2051B788F3AB4BDABAEE8AFFAFC46CB7" style="OLC">
 <section id="HF87C1C272F5A489BA7DE6EF05511FC96" section-type="section-one"><enum>1.</enum><header>Short title</header><text display-inline="no-display-inline">This Act may be cited as the <quote><short-title>Airplane Impacts Mitigation Act of 2017</short-title></quote> or the <quote>AIM Act of 2017</quote>.</text> </section><section id="H97829465520940088840F9BED7F76283"><enum>2.</enum><header>Study of health impacts of overflights</header> <subsection id="H35AA68E75EA749F0BD42EA1B3D5BC78A"><enum>(a)</enum><header>In general</header><text display-inline="yes-display-inline">Not later than 180 days after the date of enactment of this Act, the Administrator of the Federal Aviation Administration shall enter into an agreement with an eligible institution of higher education to conduct a study of the health impacts of airplane flights on residents exposed to a range of noise and air pollution levels from such flights.</text>
 </subsection><subsection id="H1F86616BDEFC4EE0B3E64C11A96CDBE2"><enum>(b)</enum><header>Scope of study</header><text display-inline="yes-display-inline">The study conducted under subsection (a) shall—</text> <paragraph id="H442DC5E6B2BA4B81863E48DBFFB0E4B5"><enum>(1)</enum><text>examine the health impacts of airplane flights on residents, including asthma exacerbation, sleep disturbance, stress, and elevated blood pressure;</text>
 </paragraph><paragraph id="H55B85A9A131646EEAA9096F839E8CA00"><enum>(2)</enum><text>focus on residents in not more than eight metropolitan areas, including—</text> <subparagraph id="H0F314DE52A564E769A7D756B309AF276"><enum>(A)</enum><text>Boston;</text>
 </subparagraph><subparagraph id="H122FBFAF2555484FB795A6E1FBC081F3"><enum>(B)</enum><text>Chicago;</text> </subparagraph><subparagraph id="H77D224F772E44F22B30A05607B90285D"><enum>(C)</enum><text>New York;</text>
 </subparagraph><subparagraph id="H99F6D8499D114CEA9D1D2D0CE1C7FF0F"><enum>(D)</enum><text>the Northern California Metroplex;</text> </subparagraph><subparagraph id="H4D74CE43D042457794D583BAC626411D"><enum>(E)</enum><text>Phoenix; and</text>
 </subparagraph><subparagraph id="HDC6E23282D854EB79AE60D3F47F74217"><enum>(F)</enum><text display-inline="yes-display-inline">not more than three additional metropolitan areas, chosen at the discretion of the Administrator, that each contain at least one international airport;</text>
 </subparagraph></paragraph><paragraph id="H66E08117386147D893578BC3BBA994BD"><enum>(3)</enum><text display-inline="yes-display-inline">consider in particular the health impacts on residents living partly or wholly within the land area underneath the flight paths most frequently used by aircraft flying, including during takeoff or landing, at an altitude lower than 10,000 feet; and</text>
 </paragraph><paragraph id="HA65CB41E92534D3F98326585ED831BE8"><enum>(4)</enum><text>consider only those health impacts that manifest during the physical implementation of the NextGen RNAV program on flights departing from or arriving at an international airport located in one of the metropolitan areas described in <internal-xref idref="H55B85A9A131646EEAA9096F839E8CA00" legis-path="2.(b)(2)">paragraph (2)</internal-xref>.</text>
 </paragraph></subsection><subsection id="HD7B481A9E4214E05BCE0FC5AD71F7A7D"><enum>(c)</enum><header>Eligibility</header><text>An institution of higher education is eligible to conduct the study if the institution—</text> <paragraph id="H328654DDB0FB4E479E183D11DB45C9D4"><enum>(1)</enum><text display-inline="yes-display-inline">has a school of public health that has participated in the Federal Aviation Administration Center of Excellence for Aircraft Noise and Aviation Emissions Mitigation (PARTNER);</text>
 </paragraph><paragraph id="H93936B5A0AC04EA3BB0AAFD35DC45C32"><enum>(2)</enum><text>has a Center for Environmental Health that receives funding from the National Institute of Environmental Health Sciences;</text>
 </paragraph><paragraph id="H0AA4BD2D68E94E2E8AFB0E9003326938"><enum>(3)</enum><text>is located in one of the areas within the scope of the study described in subsection (b);</text> </paragraph><paragraph id="H023F56367ED94194BB3260A3ACC11D71"><enum>(4)</enum><text>applies to the Administrator in a timely fashion;</text>
 </paragraph><paragraph id="HB1F97898F4754C5488B085D394C1AF57"><enum>(5)</enum><text>demonstrates to the Administrator’s satisfaction that the institution is qualified to conduct such a study;</text>
 </paragraph><paragraph id="HDE2C38C7FD0340348C55D8FCC47EBCCC"><enum>(6)</enum><text>agrees to submit to the Administrator, not later than 2 years after entering into an agreement under subsection (a), the findings and conclusions of the study as well as any source materials used; and</text>
 </paragraph><paragraph id="H5F7CFED62C8143B8B31F903D9DCF41C6"><enum>(7)</enum><text>meets such other requirements as the Administrator may determine to be necessary.</text> </paragraph></subsection><subsection id="HA5BC45F5B8E644A6BF4704119F934297"><enum>(d)</enum><header>Report</header><text display-inline="yes-display-inline">Not later than 60 days after the Administrator receives the study under subsection (a), the Administrator shall submit to Congress a report containing the findings and conclusions of the study.</text>
			</subsection></section></legis-body></bill>


