<?xml version="1.0"?>
<?xml-stylesheet type="text/xsl" href="billres.xsl"?>
<!DOCTYPE bill PUBLIC "-//US Congress//DTDs/bill.dtd//EN" "bill.dtd">
<bill bill-stage="Introduced-in-House" dms-id="H6C9F7DCE70EE4BA28E26D91BC7FE207D" public-private="public" key="H" bill-type="olc"><form><distribution-code display="yes">I</distribution-code><congress display="yes">115th CONGRESS</congress><session display="yes">1st Session</session><legis-num display="yes">H. R. 474</legis-num><current-chamber>IN THE HOUSE OF REPRESENTATIVES</current-chamber><action display="yes"><action-date date="20170112">January 12, 2017</action-date><action-desc><sponsor name-id="I000056">Mr. Issa</sponsor> (for himself, <cosponsor name-id="C001062">Mr. Conaway</cosponsor>, <cosponsor name-id="C000059">Mr. Calvert</cosponsor>, <cosponsor name-id="C001048">Mr. Culberson</cosponsor>, <cosponsor name-id="Y000033">Mr. Young of Alaska</cosponsor>, <cosponsor name-id="P000597">Ms. Pingree</cosponsor>, <cosponsor name-id="J000174">Mr. Sam Johnson of Texas</cosponsor>, <cosponsor name-id="C001051">Mr. Carter of Texas</cosponsor>, <cosponsor name-id="B001245">Ms. Bordallo</cosponsor>, <cosponsor name-id="P000608">Mr. Peters</cosponsor>, <cosponsor name-id="W000800">Mr. Welch</cosponsor>, <cosponsor name-id="M001163">Ms. Matsui</cosponsor>, <cosponsor name-id="G000410">Mr. Gene Green of Texas</cosponsor>, <cosponsor name-id="H001048">Mr. Hunter</cosponsor>, <cosponsor name-id="B001287">Mr. Bera</cosponsor>, <cosponsor name-id="N000015">Mr. Neal</cosponsor>, <cosponsor name-id="C001069">Mr. Courtney</cosponsor>, and <cosponsor name-id="L000587">Mr. Lewis of Minnesota</cosponsor>) introduced the following bill; which was referred to the <committee-name committee-id="HIF00">Committee on Energy and Commerce</committee-name></action-desc></action><legis-type>A BILL</legis-type><official-title display="yes">To amend the Nuclear Waste Policy Act of 1982 to authorize the Secretary of Energy to enter into contracts for the storage of certain high-level radioactive waste and spent nuclear fuel, take title to certain high-level radioactive waste and spent nuclear fuel, and make certain expenditures from the Nuclear Waste Fund.</official-title></form><legis-body id="H415C355DC1D34DFF8BBD5D4465F41DCE" style="OLC"> 
<section id="H0387B8D622CE47619BAA8650624F6105" section-type="section-one"><enum>1.</enum><header>Short title</header><text display-inline="no-display-inline">This Act may be cited as the <quote><short-title>Interim Consolidated Storage Act of 2017</short-title></quote>.</text></section> <section id="HB8BA2505AF1A482AA5C95A535D466586"><enum>2.</enum><header>Definition of interim consolidated storage facility</header><text display-inline="no-display-inline">Section 2 of the Nuclear Waste Policy Act of 1982 (<external-xref legal-doc="usc" parsable-cite="usc/42/10101">42 U.S.C. 10101</external-xref>) is amended by adding at the end the following new paragraph:</text> 
<quoted-block id="H0856E07DF1E94C18B2F6AF104592C3CF" style="OLC"> 
<paragraph id="H323F5934ED5D4E9C87DCB23D5EA34333"><enum>(35)</enum><text>The term <quote>interim consolidated storage facility</quote> means a facility that possesses a specific license issued by the Commission that authorizes storage of high-level radioactive waste or spent nuclear fuel received from the Secretary or from two or more persons that generate or hold title to high-level radioactive waste or spent nuclear fuel generated at a civilian nuclear power reactor.</text></paragraph><after-quoted-block>.</after-quoted-block></quoted-block></section> <section id="HDA7C0ECC32FD4BBEA58337E5D9E1E776"><enum>3.</enum><header>Interim consolidated storage of high-level radioactive waste and spent nuclear fuel</header> <subsection id="H1AEC79DDE44F466796F1C74815AAEDEF"><enum>(a)</enum><header>Storage of spent nuclear fuel</header><text>Section 135(h) of the Nuclear Waste Policy Act of 1982 (<external-xref legal-doc="usc" parsable-cite="usc/42/10155">42 U.S.C. 10155(h)</external-xref>) is amended by striking <quote>Notwithstanding any other provisions of law</quote> and inserting <quote>Except as provided in section 302, and subtitle I of title I</quote>.</text></subsection> 
<subsection id="H51531BD2D65C406E82CFA90708D6DE4D"><enum>(b)</enum><header>Interim consolidated storage</header><text>Title I of the Nuclear Waste Policy Act of 1982 (<external-xref legal-doc="usc" parsable-cite="usc/42/10121">42 U.S.C. 10121</external-xref> et seq.) is amended by adding at the end the following:</text> <quoted-block id="H66346298236A4D0DBC8D83E3BAA813BF" style="OLC"> <subtitle id="H15DE5F662BE64250BCCCBADACB499932"><enum>I</enum><header>Interim Consolidated Storage</header> <section id="HEA7ECD42594E46549CB3593C8124F9C1"><enum>190.</enum><header>Interim consolidated storage</header> <subsection id="H7AC0F034C26B4AEE93FC8B62A2164981"><enum>(a)</enum><header>In general</header><text display-inline="yes-display-inline">The Secretary may enter into contracts for the storage of high-level radioactive waste or spent nuclear fuel with any person that holds a license for an interim consolidated storage facility.</text></subsection> 
<subsection id="HDEFB63976E3D4EBB9710C706107B882F"><enum>(b)</enum><header>Definition of High-Level Radioactive Waste</header><text display-inline="yes-display-inline">For purposes of this subtitle and section 302, the term <quote>high-level radioactive waste</quote> includes Greater than Class C waste as defined in section 72.3 of title 10, Code of Federal Regulations. Nothing in this section or section 191 shall be interpreted to affect existing judicial interpretation of the term high-level radioactive waste or to require the disposal of Greater than Class C waste in a repository.</text></subsection></section> <section id="H1593B770FE7042DDB33C126EA2EAFBB8"><enum>191.</enum><header>Contracts</header> <subsection id="H1FA5F1EC93984E77A48ACC6A33CF0E17"><enum>(a)</enum><header>In general</header><text>The Secretary may enter into new contracts or modify existing contracts with any person who generates or holds title to high-level radioactive waste or spent nuclear fuel of domestic origin for the acceptance of title and subsequent storage of such waste or fuel at an interim consolidated storage facility, with priority for storage given to high-level radioactive waste and spent nuclear fuel located on sites without an operating nuclear reactor.</text></subsection> 
<subsection id="H550753E8C4E34A4AA7495C82C4AFCEB5"><enum>(b)</enum><header>Contract terms</header><text>A contract entered into or modified under this section shall provide that acceptance by the Secretary, and transfer of title under subsection (d), of any high-level radioactive waste or spent nuclear fuel for an interim consolidated storage facility satisfies the Secretary’s responsibility under a contract entered into under section 302(a) to accept title to such waste or fuel for disposal, with respect to such accepted waste or fuel.</text></subsection> <subsection id="HA2DE2626EC5C49539B3C20F34C941407"><enum>(c)</enum><header>Limitation</header><text>The Secretary shall not require a person to settle claims against the United States for the breach of a contract entered into under section 302(a) for the disposal of high-level radioactive waste or spent nuclear fuel as a condition precedent of entering into or modifying a contract under this section.</text></subsection> 
<subsection id="H1D2FAA9412AF4A8EB34564D12C641705"><enum>(d)</enum><header>Title to material</header><text>Delivery, and acceptance by the Secretary, of any high-level radioactive waste or spent nuclear fuel for an interim consolidated storage facility shall constitute a transfer to the Secretary of title to such waste or fuel.</text></subsection></section></subtitle><after-quoted-block>.</after-quoted-block></quoted-block></subsection> <subsection id="HB3F81788B78647A2806923744FFDEC76"><enum>(c)</enum><header>Nuclear waste fund</header><text>Section 302(d) of the Nuclear Waste Policy Act of 1982 (<external-xref legal-doc="usc" parsable-cite="usc/42/10222">42 U.S.C. 10222(d)</external-xref>) is amended—</text> 
<paragraph id="HAAE21613292B4956AAF401B0F998E474"><enum>(1)</enum><text>in paragraph (4), by striking <quote>in a monitored, retrievable storage site</quote> and inserting <quote>in an interim consolidated storage facility or monitored retrievable storage site,</quote>;</text></paragraph> <paragraph id="H2F66BBF130624BB1A9941F0815B72DD6"><enum>(2)</enum><text display-inline="yes-display-inline">in paragraph (5)—</text> 
<subparagraph id="H29CBDA20224344B997CC7BC2FCD8BF70"><enum>(A)</enum><text>by striking <quote>a monitored, retrievable storage site</quote> and inserting <quote>an interim consolidated storage facility site, a monitored retrievable storage site,</quote>;</text></subparagraph> <subparagraph id="H74B21CA92EFC4BCE8C33F4C767F8428D"><enum>(B)</enum><text display-inline="yes-display-inline">by striking <quote>such repository, monitored, retrievable storage facility</quote> and inserting <quote>such repository, interim consolidated storage facility, monitored retrievable storage facility,</quote>; and</text></subparagraph> 
<subparagraph id="H356D40B21AE7427295B4C649D881B5BF"><enum>(C)</enum><text>by striking <quote>; and</quote> and inserting a semicolon;</text></subparagraph></paragraph> <paragraph id="H64769DB481E04CB6BE0325694068FE7E"><enum>(3)</enum><text>by redesignating paragraph (6) as paragraph (7);</text></paragraph> 
<paragraph id="H336A1303AC2C474EB44EC42D4D8FB852"><enum>(4)</enum><text>by inserting after paragraph (5) the following:</text> <quoted-block id="H72524C9033124AE79130665F605C7942" style="OLC"> <paragraph id="H4938891866CB430C9DD90642BDBB793A"><enum>(6)</enum><text>the fees and costs in connection with the storage of high-level radioactive waste or spent nuclear fuel in an interim consolidated storage facility; and</text></paragraph><after-quoted-block>; and</after-quoted-block></quoted-block></paragraph> 
<paragraph id="H8DBDF04B6AD248EBB1AA5085BC261DAF"><enum>(5)</enum><text>by inserting <quote>For purposes of the preceding sentence, fees and costs described in paragraph (6) shall not be considered amounts for the construction or expansion of any facility.</quote> after <quote>this or subsequent legislation.</quote>.</text></paragraph></subsection> <subsection id="H4DA7D4F3BC5C44769A2608EBDD6F1EEA"><enum>(d)</enum><header>Appropriations from the waste fund</header><text display-inline="yes-display-inline">Section 302(e)(2) of the Nuclear Waste Policy Act of 1982 (<external-xref legal-doc="usc" parsable-cite="usc/42/10222">42 U.S.C. 10222(e)(2)</external-xref>) is amended—</text> 
<paragraph id="HCC16249C10E24DAB8097250D86CF36EB"><enum>(1)</enum><text>by inserting <quote>(A)</quote> before <quote>The Secretary shall submit</quote>; and</text></paragraph> <paragraph id="HF461D4E2BBDA4B489C2F94DAF77DBB40"><enum>(2)</enum><text>by adding at the end the following:</text> 
<quoted-block display-inline="no-display-inline" id="H7B731CDAB6664C2CAC5FE59B7A5ABC0B" style="OLC"> 
<subparagraph id="HF3198930502D47ABB7312B0003CBBFE6" indent="up2"><enum>(B)</enum><text display-inline="yes-display-inline">Notwithstanding subparagraph (A), subject to subparagraph (C), necessary amounts shall be available to the Secretary from the Waste Fund without additional appropriations to pay for the following:</text> <clause id="H00948360092F48ED8C396AED5A04612A"><enum>(i)</enum><text>Costs described in subsection (d)(4) in connection with storage in an interim consolidated storage facility.</text></clause> 
<clause id="HE97DFF5CFC1D47C88CE4E7F81BE48C85"><enum>(ii)</enum><text display-inline="yes-display-inline">Costs described in subsection (d)(5) in connection with an interim consolidated storage facility.</text></clause> <clause id="H00D43E134C7545428897746CEE745139"><enum>(iii)</enum><text display-inline="yes-display-inline">Fees and costs described in subsection (d)(6).</text></clause></subparagraph> 
<subparagraph id="H7F2AA70BD28F415281CD84603457DF6B" indent="up2"><enum>(C)</enum><text>The Secretary shall not expend, on fees for dry modes of storage of high-level radioactive waste or spent nuclear fuel, amounts totaling more than the cumulative amount of interest generated by the Waste Fund each fiscal year, beginning in fiscal year 2018.</text></subparagraph><after-quoted-block>.</after-quoted-block></quoted-block></paragraph></subsection></section> </legis-body></bill>

