<?xml version="1.0"?>
<?xml-stylesheet type="text/xsl" href="billres.xsl"?>
<!DOCTYPE bill PUBLIC "-//US Congress//DTDs/bill.dtd//EN" "bill.dtd">
<bill bill-stage="Introduced-in-House" bill-type="olc" dms-id="H4E1711B17A36410785E4E9F510E11D15" key="H" public-private="public">
	<metadata xmlns:dc="http://purl.org/dc/elements/1.1/">
<dublinCore>
<dc:title>115 HR 773 IH: Department of Defense Managed Print Services Utilization Act of 2017</dc:title>
<dc:publisher>U.S. House of Representatives</dc:publisher>
<dc:date>2017-01-31</dc:date>
<dc:format>text/xml</dc:format>
<dc:language>EN</dc:language>
<dc:rights>Pursuant to Title 17 Section 105 of the United States Code, this file is not subject to copyright protection and is in the public domain.</dc:rights>
</dublinCore>
</metadata>
<form>
		<distribution-code display="yes">I</distribution-code>
		<congress>115th CONGRESS</congress>
		<session>1st Session</session>
		<legis-num>H. R. 773</legis-num>
		<current-chamber>IN THE HOUSE OF REPRESENTATIVES</current-chamber>
		<action>
			<action-date date="20170131">January 31, 2017</action-date>
			<action-desc><sponsor name-id="M001188">Ms. Meng</sponsor> introduced the following bill; which was referred to the <committee-name committee-id="HAS00">Committee on Armed Services</committee-name></action-desc>
		</action>
		<legis-type>A BILL</legis-type>
		<official-title display="yes">To require the Department of Defense to utilize managed print services.</official-title>
	</form>
	<legis-body id="H7AD14951CF114703813A823EBB34EFC8" style="OLC">
		<section id="HCA5BA6D3DF254C7BBE31830B7366AC53" section-type="section-one"><enum>1.</enum><header>Short title</header>
 <text display-inline="no-display-inline">This Act may be cited as the <quote><short-title>Department of Defense Managed Print Services Utilization Act of 2017</short-title></quote>.</text></section><section id="idB4681A358F1B4EE0B1109677D437B260" section-type="subsequent-section"><enum>2.</enum><header>Findings</header><text display-inline="no-display-inline">Congress finds the following:</text><paragraph id="id3AF45CCE78874E5897B641FCAA9EB997"><enum>(1)</enum><text>On December 5, 2016, Craig Whitlock and Bob Woodward of the Washington Post published an article entitled <quote>Pentagon Buries Evidence of $125 Billion in Bureaucratic Waste</quote> (<quote>Article</quote>).</text></paragraph><paragraph id="idDFD368B6FC3C4D56BC60B16401D7AD44"><enum>(2)</enum><text>In this article, Whitlock and Woodward made public the Defense Business Board report <quote>Transforming DOD’s Core Business Processes for Revolutionary Change</quote> (<quote>Report</quote>).</text></paragraph><paragraph id="idC50F0C887B8546559944F5FCEC941F79"><enum>(3)</enum><text>Recommendations on page 22 of the report state that a <quote>move to managed print services</quote> presents a <quote>20–30% savings opportunity</quote> which would save the American taxpayer millions of dollars annually.</text></paragraph></section><section id="id9452208DAC1D4A36AC6B0D313D6F7A85"><enum>3.</enum><header>Managed print services</header><text display-inline="no-display-inline">The Secretary of Defense shall, to the extent practicable, pursue managed print services within the Department of Defense.</text></section></legis-body>
</bill>


