<?xml version="1.0"?>
<?xml-stylesheet type="text/xsl" href="billres.xsl"?>
<!DOCTYPE bill PUBLIC "-//US Congress//DTDs/bill.dtd//EN" "bill.dtd">
<bill bill-stage="Referred-in-Senate" bill-type="olc" dms-id="HE95E3839716546B9A0C20DD8535E11C4" key="H" public-private="public" stage-count="1">
	<metadata xmlns:dc="http://purl.org/dc/elements/1.1/">
<dublinCore>
<dc:title>115 HR 7 : No Taxpayer Funding for Abortion and Abortion Insurance Full Disclosure Act of 2017</dc:title>
<dc:publisher>U.S. House of Representatives</dc:publisher>
<dc:date>2017-01-30</dc:date>
<dc:format>text/xml</dc:format>
<dc:language>EN</dc:language>
<dc:rights>Pursuant to Title 17 Section 105 of the United States Code, this file is not subject to copyright protection and is in the public domain.</dc:rights>
</dublinCore>
</metadata>
<form>
		<distribution-code display="yes">IIB</distribution-code>
		<congress display="yes">115th CONGRESS</congress><session display="yes">1st Session</session>
		<legis-num display="yes">H. R. 7</legis-num>
		<current-chamber display="yes">IN THE SENATE OF THE UNITED STATES</current-chamber>
		<action><action-date date="20170130">January 30, 2017</action-date><action-desc>Received; read twice and referred to the <committee-name committee-id="SSFI00">Committee on Finance</committee-name></action-desc></action><legis-type>AN ACT</legis-type>
		<official-title display="yes">To prohibit taxpayer funded abortions.</official-title>
	</form>
	<legis-body id="HC94A39AE4A884B528B79A6FE4D79C395" style="OLC">
		<section id="HE0197DA9C3C14D81B7306CC0DF7B38FA" section-type="section-one"><enum>1.</enum><header>Short title; table of contents</header>
 <subsection id="HDAF1B542D1CD43D19E4E771A828A9FD4"><enum>(a)</enum><header>Short title</header><text display-inline="yes-display-inline">This Act may be cited as the <quote><short-title>No Taxpayer Funding for Abortion and Abortion Insurance Full Disclosure Act of 2017</short-title></quote>.</text> </subsection><subsection id="H4623D545D70440C986B5C1587103E123"><enum>(b)</enum><header>Table of contents</header><text>The table of contents of this Act is as follows:</text>
				<toc container-level="legis-body-container" lowest-bolded-level="division-lowest-bolded" lowest-level="section" quoted-block="no-quoted-block" regeneration="yes-regeneration">
					<toc-entry idref="HE0197DA9C3C14D81B7306CC0DF7B38FA" level="section">Sec. 1. Short title; table of contents.</toc-entry>
					<toc-entry idref="H1178E7D0668F4D539C1756A3A7639AAA" level="title">Title I—Prohibiting Federally Funded Abortions</toc-entry>
					<toc-entry idref="H77594D73F4B94E709C212468462CAB5D" level="section">Sec. 101. Prohibiting taxpayer funded abortions.</toc-entry>
					<toc-entry idref="HAF0B00AFB89046D6AA43A84046AEC545" level="section">Sec. 102. Amendment to table of chapters.</toc-entry>
					<toc-entry idref="H1EB588D8B4504DE7AD46D7D3C756294F" level="title">Title II—Application under the Affordable Care Act</toc-entry>
					<toc-entry idref="H2144CF3ACC5A4283A6419547EF565677" level="section">Sec. 201. Clarifying application of prohibition to premium credits and cost-sharing reductions
			 under ACA.</toc-entry>
					<toc-entry idref="H00AE3416F1524C21939671FAE692CF37" level="section">Sec. 202. Revision of notice requirements regarding disclosure of extent of health plan coverage of
			 abortion and abortion premium surcharges.</toc-entry></toc>
			</subsection></section><title id="H1178E7D0668F4D539C1756A3A7639AAA"><enum>I</enum><header>Prohibiting Federally Funded Abortions</header>
 <section id="H77594D73F4B94E709C212468462CAB5D"><enum>101.</enum><header>Prohibiting taxpayer funded abortions</header><text display-inline="no-display-inline">Title 1, United States Code, is amended by adding at the end the following new chapter:</text> <quoted-block display-inline="no-display-inline" id="H6D3B482342D34620AB4B0D9523A9B819" style="USC"> <chapter id="H509D60A832E4414E906A76C3AC0A46EC"><enum>4</enum><header>Prohibiting taxpayer funded abortions</header> <toc container-level="chapter-container" idref="H509D60A832E4414E906A76C3AC0A46EC" lowest-bolded-level="division-lowest-bolded" lowest-level="section" quoted-block="no-quoted-block" regeneration="yes-regeneration"> <toc-entry idref="H622E3C9D77B54C119785250FD1F87845" level="section">301. Prohibition on funding for abortions.</toc-entry> <toc-entry idref="HC6EBC05BBE2845AFA716AA887BBE867B" level="section">302. Prohibition on funding for health benefits plans that cover abortion.</toc-entry> <toc-entry idref="HD5B56ADCE39F4784AA6EBE002E0DA59D" level="section">303. Limitation on Federal facilities and employees.</toc-entry> <toc-entry idref="HEC0FD59972B2439C9EE8731C52410F8F" level="section">304. Construction relating to separate coverage.</toc-entry> <toc-entry idref="HED9AE3B0C3934821809B3AC33DC4D890" level="section">305. Construction relating to the use of non-Federal funds for health coverage.</toc-entry> <toc-entry idref="H7A05E6DA5708423AB15B288A80AA8928" level="section">306. Non-preemption of other Federal laws.</toc-entry> <toc-entry idref="HBEBE5530D7014541A8B5EF435AAA5272" level="section">307. Construction relating to complications arising from abortion.</toc-entry> <toc-entry idref="H51BACC53D9614C0996A56719A71E55B1" level="section">308. Treatment of abortions related to rape, incest, or preserving the life of the mother.</toc-entry> <toc-entry idref="H00207B3BAE3840B58707893141CEB883" level="section">309. Application to District of Columbia.</toc-entry></toc> <section id="H622E3C9D77B54C119785250FD1F87845"><enum>301.</enum><header>Prohibition on funding for abortions</header><text display-inline="no-display-inline">No funds authorized or appropriated by Federal law, and none of the funds in any trust fund to which funds are authorized or appropriated by Federal law, shall be expended for any abortion.</text>
 </section><section id="HC6EBC05BBE2845AFA716AA887BBE867B"><enum>302.</enum><header>Prohibition on funding for health benefits plans that cover abortion</header><text display-inline="no-display-inline">None of the funds authorized or appropriated by Federal law, and none of the funds in any trust fund to which funds are authorized or appropriated by Federal law, shall be expended for health benefits coverage that includes coverage of abortion.</text>
 </section><section id="HD5B56ADCE39F4784AA6EBE002E0DA59D"><enum>303.</enum><header>Limitation on Federal facilities and employees</header><text display-inline="no-display-inline">No health care service furnished—</text> <paragraph id="H961388C1C4BB4C44850FC3B2B0C447A1"><enum>(1)</enum><text>by or in a health care facility owned or operated by the Federal Government; or</text>
 </paragraph><paragraph id="HD8B97BA5958E471EB62C0F04221420CA"><enum>(2)</enum><text>by any physician or other individual employed by the Federal Government to provide health care services within the scope of the physician’s or individual’s employment,</text>
 </paragraph><continuation-text continuation-text-level="section">may include abortion.</continuation-text></section><section id="HEC0FD59972B2439C9EE8731C52410F8F"><enum>304.</enum><header>Construction relating to separate coverage</header><text display-inline="no-display-inline">Nothing in this chapter shall be construed as prohibiting any individual, entity, or State or locality from purchasing separate abortion coverage or health benefits coverage that includes abortion so long as such coverage is paid for entirely using only funds not authorized or appropriated by Federal law and such coverage shall not be purchased using matching funds required for a federally subsidized program, including a State’s or locality’s contribution of Medicaid matching funds.</text>
 </section><section id="HED9AE3B0C3934821809B3AC33DC4D890"><enum>305.</enum><header>Construction relating to the use of non-Federal funds for health coverage</header><text display-inline="no-display-inline">Nothing in this chapter shall be construed as restricting the ability of any non-Federal health benefits coverage provider from offering abortion coverage, or the ability of a State or locality to contract separately with such a provider for such coverage, so long as only funds not authorized or appropriated by Federal law are used and such coverage shall not be purchased using matching funds required for a federally subsidized program, including a State’s or locality’s contribution of Medicaid matching funds.</text>
 </section><section id="H7A05E6DA5708423AB15B288A80AA8928"><enum>306.</enum><header>Non-preemption of other Federal laws</header><text display-inline="no-display-inline">Nothing in this chapter shall repeal, amend, or have any effect on any other Federal law to the extent such law imposes any limitation on the use of funds for abortion or for health benefits coverage that includes coverage of abortion, beyond the limitations set forth in this chapter.</text>
 </section><section id="HBEBE5530D7014541A8B5EF435AAA5272"><enum>307.</enum><header>Construction relating to complications arising from abortion</header><text display-inline="no-display-inline">Nothing in this chapter shall be construed to apply to the treatment of any infection, injury, disease, or disorder that has been caused by or exacerbated by the performance of an abortion. This rule of construction shall be applicable without regard to whether the abortion was performed in accord with Federal or State law, and without regard to whether funding for the abortion is permissible under section 308.</text>
 </section><section id="H51BACC53D9614C0996A56719A71E55B1"><enum>308.</enum><header>Treatment of abortions related to rape, incest, or preserving the life of the mother</header><text display-inline="no-display-inline">The limitations established in sections 301, 302, and 303 shall not apply to an abortion—</text> <paragraph id="H390180B5AC75438A8BADD4C3B92C468B"><enum>(1)</enum><text display-inline="yes-display-inline">if the pregnancy is the result of an act of rape or incest; or</text>
 </paragraph><paragraph id="H62F08CD1B19140B7806D182F9E10DC85"><enum>(2)</enum><text>in the case where a woman suffers from a physical disorder, physical injury, or physical illness that would, as certified by a physician, place the woman in danger of death unless an abortion is performed, including a life-endangering physical condition caused by or arising from the pregnancy itself.</text>
 </paragraph></section><section id="H00207B3BAE3840B58707893141CEB883"><enum>309.</enum><header>Application to District of Columbia</header><text display-inline="no-display-inline">In this chapter:</text> <paragraph id="H6190FDC83E934518AA7811DEB2DD53A9"><enum>(1)</enum><text display-inline="yes-display-inline">Any reference to funds appropriated by Federal law shall be treated as including any amounts within the budget of the District of Columbia that have been approved by an Act of Congress pursuant to section 446 of the District of Columbia Home Rule Act (or any applicable successor Federal law).</text>
 </paragraph><paragraph id="HC9B2F04867914AD5B704D2F78F97F504"><enum>(2)</enum><text>The term <term>Federal Government</term> includes the government of the District of Columbia.</text></paragraph></section></chapter><after-quoted-block>.</after-quoted-block></quoted-block> </section><section id="HAF0B00AFB89046D6AA43A84046AEC545"><enum>102.</enum><header>Amendment to table of chapters</header><text display-inline="no-display-inline">The table of chapters for title 1, United States Code, is amended by adding at the end the following new item:</text>
				<quoted-block display-inline="no-display-inline" id="H9325EEEBABF94AB58949E3022F366F73" style="USC">
					<toc regeneration="no-regeneration">
						<multi-column-toc-entry bold="on" level="section"><toc-enum>4.</toc-enum><level-header bold="on" level="section">Prohibiting taxpayer funded abortions</level-header><target>301</target></multi-column-toc-entry></toc><after-quoted-block>.</after-quoted-block></quoted-block>
			</section></title><title id="H1EB588D8B4504DE7AD46D7D3C756294F"><enum>II</enum><header>Application under the Affordable Care Act</header>
			<section id="H2144CF3ACC5A4283A6419547EF565677"><enum>201.</enum><header>Clarifying application of prohibition to premium credits and cost-sharing reductions under ACA</header>
				<subsection display-inline="no-display-inline" id="HB7B0097549A7421DAE62195CA109CF29"><enum>(a)</enum><header>In general</header>
					<paragraph id="HCB7B5820C21A47E19160E82B7DFFDC75"><enum>(1)</enum><header>Disallowance of refundable credit and cost-sharing reductions for coverage under qualified health
			 plan which provides coverage for abortion</header>
 <subparagraph id="H7A3C2FE75C694321991C58F5662A61AC"><enum>(A)</enum><header>In general</header><text>Subparagraph (A) of <external-xref legal-doc="usc" parsable-cite="usc/26/36B">section 36B(c)(3)</external-xref> of the Internal Revenue Code of 1986 is amended by inserting before the period at the end the following: <quote>or any health plan that includes coverage for abortions (other than any abortion or treatment described in section 307 or 308 of title 1, United States Code)</quote>.</text>
 </subparagraph><subparagraph id="H0F4B1F2CC87E41B688A5799FCAD0F3E5"><enum>(B)</enum><header>Option to purchase or offer separate coverage or plan</header><text display-inline="yes-display-inline">Paragraph (3) of section 36B(c) of such Code is amended by adding at the end the following new subparagraph:</text>
							<quoted-block display-inline="no-display-inline" id="HAA73E5BE512540768C60F32C2E3A3949" style="OLC">
								<subparagraph id="HE32306E937424919BB32C373F326C96D"><enum>(C)</enum><header>Separate abortion coverage or plan allowed</header>
 <clause id="H76D58A626B1344BAAF6EA76C78F9E229"><enum>(i)</enum><header>Option to purchase separate coverage or plan</header><text display-inline="yes-display-inline">Nothing in subparagraph (A) shall be construed as prohibiting any individual from purchasing separate coverage for abortions described in such subparagraph, or a health plan that includes such abortions, so long as no credit is allowed under this section with respect to the premiums for such coverage or plan.</text>
 </clause><clause id="H2C422D91552C4F62B996EB465D77B4A2"><enum>(ii)</enum><header>Option to offer coverage or plan</header><text>Nothing in subparagraph (A) shall restrict any non-Federal health insurance issuer offering a health plan from offering separate coverage for abortions described in such subparagraph, or a plan that includes such abortions, so long as premiums for such separate coverage or plan are not paid for with any amount attributable to the credit allowed under this section (or the amount of any advance payment of the credit under section 1412 of the Patient Protection and Affordable Care Act).</text></clause></subparagraph><after-quoted-block>.</after-quoted-block></quoted-block>
						</subparagraph></paragraph><paragraph id="HA65D512556404580B98C28EE268F7D2E"><enum>(2)</enum><header>Disallowance of small employer health insurance expense credit for plan which includes coverage for
 abortion</header><text>Subsection (h) of <external-xref legal-doc="usc" parsable-cite="usc/26/45R">section 45R</external-xref> of the Internal Revenue Code of 1986 is amended—</text> <subparagraph display-inline="no-display-inline" id="H7B8C8055E2464602B74F7EB33D6D45E8"><enum>(A)</enum><text>by striking <quote>Any term</quote> and inserting the following:</text>
							<quoted-block display-inline="no-display-inline" id="H9E1062A8A280498F833A67ADAA721DD0" style="OLC">
 <paragraph id="H12054CDE07A8419AA29FF9EE93575F65"><enum>(1)</enum><header>In general</header><text display-inline="yes-display-inline">Any term</text></paragraph><after-quoted-block>; and</after-quoted-block></quoted-block> </subparagraph><subparagraph id="H487EFB22E54047F1BA0201ED9531FA5B"><enum>(B)</enum><text>by adding at the end the following new paragraph:</text>
							<quoted-block display-inline="no-display-inline" id="H8FF6FC8BE17D4F2DA675BD52393D7ED9" style="OLC">
								<paragraph id="H1FDE26F53A0B4269A383572E8E9A6B2E"><enum>(2)</enum><header>Exclusion of health plans including coverage for abortion</header>
 <subparagraph id="HD5A84D15C328486A8743F2D96F4FEAD0"><enum>(A)</enum><header>In general</header><text display-inline="yes-display-inline">The term <term>qualified health plan</term> does not include any health plan that includes coverage for abortions (other than any abortion or treatment described in section 307 or 308 of title 1, United States Code).</text>
									</subparagraph><subparagraph id="H8F4B3E87D78D4AA5B3809C892C21C42A"><enum>(B)</enum><header>Separate abortion coverage or plan allowed</header>
 <clause display-inline="no-display-inline" id="H6D73D068A8E942EEB78EDDD8980AEB88"><enum>(i)</enum><header>Option to purchase separate coverage or plan</header><text display-inline="yes-display-inline">Nothing in subparagraph (A) shall be construed as prohibiting any employer from purchasing for its employees separate coverage for abortions described in such subparagraph, or a health plan that includes such abortions, so long as no credit is allowed under this section with respect to the employer contributions for such coverage or plan.</text>
 </clause><clause id="H7016E6D814F3471C89DE3764F3564F05"><enum>(ii)</enum><header>Option to offer coverage or plan</header><text>Nothing in subparagraph (A) shall restrict any non-Federal health insurance issuer offering a health plan from offering separate coverage for abortions described in such subparagraph, or a plan that includes such abortions, so long as such separate coverage or plan is not paid for with any employer contribution eligible for the credit allowed under this section.</text></clause></subparagraph></paragraph><after-quoted-block>.</after-quoted-block></quoted-block>
 </subparagraph></paragraph><paragraph id="HAEE7DC60EAE04BDD8856349A8790FA19"><enum>(3)</enum><header>Conforming ACA amendments</header><text display-inline="yes-display-inline">Section 1303(b) of <external-xref legal-doc="public-law" parsable-cite="pl/111/148">Public Law 111–148</external-xref> (<external-xref legal-doc="usc" parsable-cite="usc/42/18023">42 U.S.C. 18023(b)</external-xref>) is amended—</text> <subparagraph id="H033B684572B549C187431083D83C2BCC"><enum>(A)</enum><text>by striking paragraph (2);</text>
 </subparagraph><subparagraph commented="no" id="HE0C36B3F647B4149B82BB6D3AD0485CB"><enum>(B)</enum><text>by striking paragraph (3), as amended by section 202(a); and</text> </subparagraph><subparagraph id="H24C7BB17E609482A8E40B1B6C0B5B7A8"><enum>(C)</enum><text>by redesignating paragraph (4) as paragraph (2).</text>
 </subparagraph></paragraph></subsection><subsection id="HEF1AD2C67EA248DDB874BBB18D37F99D"><enum>(b)</enum><header>Application to multi-State plans</header><text>Paragraph (6) of section 1334(a) of <external-xref legal-doc="public-law" parsable-cite="pl/111/148">Public Law 111–148</external-xref> (<external-xref legal-doc="usc" parsable-cite="usc/42/18054">42 U.S.C. 18054(a)</external-xref>) is amended to read as follows:</text>
					<quoted-block display-inline="no-display-inline" id="H3465F1AF37654997B6267F3F2F12A368" style="OLC">
 <paragraph id="HAD1C33DEB4A044B28BACCE305E7D8228"><enum>(6)</enum><header>Coverage consistent with federal abortion policy</header><text display-inline="yes-display-inline">In entering into contracts under this subsection, the Director shall ensure that no multi-State qualified health plan offered in an Exchange provides health benefits coverage for which the expenditure of Federal funds is prohibited under <external-xref legal-doc="usc-chapter" parsable-cite="usc-chapter/1/4">chapter 4</external-xref> of title 1, United States Code.</text></paragraph><after-quoted-block>.</after-quoted-block></quoted-block>
 </subsection><subsection id="H2866DDE6D59B490F8E258C7C6AA73067"><enum>(c)</enum><header>Effective date</header><text display-inline="yes-display-inline">The amendments made by subsection (a) shall apply to taxable years ending after December 31, 2017, but only with respect to plan years beginning after such date, and the amendment made by subsection (b) shall apply to plan years beginning after such date.</text>
				</subsection></section><section id="H00AE3416F1524C21939671FAE692CF37"><enum>202.</enum><header>Revision of notice requirements regarding disclosure of extent of health plan coverage of abortion
			 and abortion premium surcharges</header>
 <subsection id="H7377CC9E3D9147C197B9E52B93EFD3D7"><enum>(a)</enum><header>In general</header><text display-inline="yes-display-inline">Paragraph (3) of section 1303(b) of <external-xref legal-doc="public-law" parsable-cite="pl/111/148">Public Law 111–148</external-xref> (<external-xref legal-doc="usc" parsable-cite="usc/42/18023">42 U.S.C. 18023(b)</external-xref>) is amended to read as follows:</text>
					<quoted-block display-inline="no-display-inline" id="H516F7D2D2A77419EB8EF2D38B450C041" style="OLC">
						<paragraph id="HD2EB1620A9754DB7A9C96ADEED1815E8"><enum>(3)</enum><header>Rules relating to notice</header>
 <subparagraph id="H8B90907B916A490CA306F58B054A7F39"><enum>(A)</enum><header>In general</header><text>The extent of coverage (if any) of services described in paragraph (1)(B)(i) or (1)(B)(ii) by a qualified health plan shall be disclosed to enrollees at the time of enrollment in the plan and shall be prominently displayed in any marketing or advertising materials, comparison tools, or summary of benefits and coverage explanation made available with respect to such plan by the issuer of the plan, by an Exchange, or by the Secretary, including information made available through an Internet portal or Exchange under sections 1311(c)(5) and 1311(d)(4)(C).</text>
 </subparagraph><subparagraph commented="no" id="HEBAD2F94B7154416AEB616F4521B8EF1"><enum>(B)</enum><header>Separate disclosure of abortion surcharges</header><text display-inline="yes-display-inline">In the case of a qualified health plan that includes the services described in paragraph (1)(B)(i) and where the premium for the plan is disclosed, including in any marketing or advertising materials or any other information referred to in subparagraph (A), the surcharge described in paragraph (2)(B)(i)(II) that is attributable to such services shall also be disclosed and identified separately.</text></subparagraph></paragraph><after-quoted-block>.</after-quoted-block></quoted-block>
 </subsection><subsection id="HDC7CFE1E03F0468C94363E8C9788B5AD"><enum>(b)</enum><header>Effective date</header><text>The amendment made by subsection (a) shall apply to materials, tools, or other information made available more than 30 days after the date of the enactment of this Act.</text>
				</subsection></section></title></legis-body><attestation><attestation-group><attestation-date chamber="House" date="20170124">Passed the House of Representatives January 24, 2017.</attestation-date><attestor display="yes">Karen L. Haas,</attestor><role>Clerk.</role></attestation-group></attestation>
</bill>


