<?xml version="1.0"?>
<?xml-stylesheet type="text/xsl" href="billres.xsl"?>
<!DOCTYPE bill PUBLIC "-//US Congress//DTDs/bill.dtd//EN" "bill.dtd">
<bill bill-stage="Introduced-in-House" bill-type="olc" dms-id="H2351F21FE01448C3920EBDE64BD079A5" key="H" public-private="public"><metadata xmlns:dc="http://purl.org/dc/elements/1.1/">
<dublinCore>
<dc:title>115 HR 123 IH: FHA Alternative Credit Pilot Program Reauthorization Act of 2017</dc:title>
<dc:publisher>U.S. House of Representatives</dc:publisher>
<dc:date>2017-01-03</dc:date>
<dc:format>text/xml</dc:format>
<dc:language>EN</dc:language>
<dc:rights>Pursuant to Title 17 Section 105 of the United States Code, this file is not subject to copyright protection and is in the public domain.</dc:rights>
</dublinCore>
</metadata>
<form>
<distribution-code display="yes">I</distribution-code><congress display="yes">115th CONGRESS</congress><session display="yes">1st Session</session><legis-num display="yes">H. R. 123</legis-num><current-chamber>IN THE HOUSE OF REPRESENTATIVES</current-chamber><action display="yes"><action-date date="20170103">January 3, 2017</action-date><action-desc><sponsor name-id="G000553">Mr. Al Green of Texas</sponsor> introduced the following bill; which was referred to the <committee-name committee-id="HBA00">Committee on Financial Services</committee-name></action-desc></action><legis-type>A BILL</legis-type><official-title display="yes">To extend the pilot program under section 258 of the National Housing Act that establishes an
			 automated process for providing alternative credit rating information for
			 mortgagors and prospective mortgagors under certain mortgages.</official-title></form>
	<legis-body id="H012A55AD1B914E5E9B9C8401235D716D" style="OLC">
 <section id="H71263A4752F34E34815A2E7A1A41C678" section-type="section-one"><enum>1.</enum><header>Short title</header><text display-inline="no-display-inline">This Act may be cited as the <quote><short-title>FHA Alternative Credit Pilot Program Reauthorization Act of 2017</short-title></quote>.</text> </section><section id="HB1FCC1EA4BC6427EAE8408E9FCFC5D1D" section-type="subsequent-section"><enum>2.</enum><header>Extension of pilot program</header><text display-inline="no-display-inline">Section 258(d) of the National Housing Act (<external-xref legal-doc="usc" parsable-cite="usc/12/1715z-24">12 U.S.C. 1715z–24(d)</external-xref>) is amended by striking <quote>5-year</quote> and inserting <quote>14-year</quote>.</text>
		</section></legis-body></bill>


