<?xml version="1.0"?>
<?xml-stylesheet type="text/xsl" href="billres.xsl"?>
<!DOCTYPE bill PUBLIC "-//US Congress//DTDs/bill.dtd//EN" "bill.dtd">
<bill bill-stage="Introduced-in-House" dms-id="HEB846120138D4F35B03C266665A3A18C" public-private="public" key="H" bill-type="olc"><form><distribution-code display="yes">I</distribution-code><congress display="yes">115th CONGRESS</congress><session display="yes">1st Session</session><legis-num display="yes">H. R. 351</legis-num><current-chamber>IN THE HOUSE OF REPRESENTATIVES</current-chamber><action display="yes"><action-date date="20170106">January 6, 2017</action-date><action-desc><sponsor name-id="S000051">Mr. Sanford</sponsor> (for himself, <cosponsor name-id="M000312">Mr. McGovern</cosponsor>, <cosponsor name-id="A000367">Mr. Amash</cosponsor>, <cosponsor name-id="P000592">Mr. Poe of Texas</cosponsor>, <cosponsor name-id="M001184">Mr. Massie</cosponsor>, <cosponsor name-id="E000294">Mr. Emmer</cosponsor>, and <cosponsor name-id="L000551">Ms. Lee</cosponsor>) introduced the following bill; which was referred to the <committee-name committee-id="HFA00">Committee on Foreign Affairs</committee-name></action-desc></action><legis-type>A BILL</legis-type><official-title display="yes">To allow travel between the United States and Cuba.</official-title></form><legis-body id="HDE456FAE84D04AD3ADCE21B7C81F4E75" style="OLC"> 
<section id="H10AA2910A1764A238EACAB9C8C9DC02F" section-type="section-one"><enum>1.</enum><header>Short title</header><text display-inline="no-display-inline">This Act may be cited as the <quote><short-title>Freedom to Travel to Cuba Act of 2017</short-title></quote>.</text></section> <section id="H3C471A12A78B4B43999CFCA114B74F69"><enum>2.</enum><header>Travel to Cuba</header><text display-inline="no-display-inline">On or after the date of the enactment of this Act, and subject to section 3—</text>
<paragraph id="HA4B39C7181EC446386165338BB073984"><enum>(1)</enum><text display-inline="yes-display-inline">the President may not prohibit or otherwise regulate, directly or indirectly, travel to or from Cuba by United States citizens or legal residents, or any of the transactions incident to such travel, including banking transactions; and</text></paragraph> <paragraph id="H7ED3A8BA26EE4D8DBB7288C486AC8022"><enum>(2)</enum><text display-inline="yes-display-inline">any regulation in effect on such date of enactment that prohibits or otherwise regulates travel to or from Cuba by United States citizens or legal residents, or any of the transactions incident to such travel, including banking transactions, shall cease to have any force or effect.</text></paragraph></section>
<section id="H6D757BAD348D47F29D2D233919E2667F"><enum>3.</enum><header>Exceptions</header><text display-inline="no-display-inline">Section 2 shall not apply in a case in which the United States is at war with Cuba, armed hostilities between the two countries are in progress, or there is imminent danger to the public health or the physical safety of United States travelers.</text></section> <section id="HD8826807EF984EC89BC7E8C6E9AD11CE"><enum>4.</enum><header>Applicability</header><text display-inline="no-display-inline">This Act applies to actions taken by the President before the date of the enactment of this Act that are in effect on such date of enactment, and to actions taken on or after such date.</text></section>
<section id="H8A22F8BD3EDF4036BF30CFBE9E715116"><enum>5.</enum><header>Inapplicability</header><text display-inline="no-display-inline">The provisions of this Act apply notwithstanding section 102(h) of the Cuban Liberty and Democratic Solidarity (LIBERTAD) Act of 1996 (<external-xref legal-doc="usc" parsable-cite="usc/22/6032">22 U.S.C. 6032(h)</external-xref>) and section 910(b) of the Trade Sanctions Reform and Export Enhancement Act of 2000 (<external-xref legal-doc="usc" parsable-cite="usc/22/7209">22 U.S.C. 7209(b)</external-xref>).</text></section> </legis-body></bill>

