<?xml version="1.0"?>
<?xml-stylesheet type="text/xsl" href="billres.xsl"?>
<!DOCTYPE bill PUBLIC "-//US Congress//DTDs/bill.dtd//EN" "bill.dtd">
<bill bill-stage="Introduced-in-House" bill-type="olc" dms-id="H320CB1FC3BFC4C19BB78095A75B60A77" key="H" public-private="public"><metadata xmlns:dc="http://purl.org/dc/elements/1.1/">
<dublinCore>
<dc:title>115 HR 256 IH: Protect Our Military Families’ 2nd Amendment Rights Act</dc:title>
<dc:publisher>U.S. House of Representatives</dc:publisher>
<dc:date>2017-01-04</dc:date>
<dc:format>text/xml</dc:format>
<dc:language>EN</dc:language>
<dc:rights>Pursuant to Title 17 Section 105 of the United States Code, this file is not subject to copyright protection and is in the public domain.</dc:rights>
</dublinCore>
</metadata>
<form>
<distribution-code display="yes">I</distribution-code><congress display="yes">115th CONGRESS</congress><session display="yes">1st Session</session><legis-num display="yes">H. R. 256</legis-num><current-chamber>IN THE HOUSE OF REPRESENTATIVES</current-chamber><action display="yes"><action-date date="20170104">January 4, 2017</action-date><action-desc><sponsor name-id="F000460">Mr. Farenthold</sponsor> introduced the following bill; which was referred to the <committee-name committee-id="HJU00">Committee on the Judiciary</committee-name></action-desc></action><legis-type>A BILL</legis-type><official-title display="yes">To amend <external-xref legal-doc="usc-chapter" parsable-cite="usc-chapter/18/44">chapter 44</external-xref> of title 18, United States Code, to provide that a member of the armed forces
			 and the spouse of that member shall have the same rights regarding the
			 receipt of firearms at the location of any duty station of the member.</official-title></form>
	<legis-body id="H941A1E32E12F41919D7423093C982CFE" style="OLC">
 <section id="H6AFF2AA5C3E14555A4FDBD7BFDBE24AA" section-type="section-one"><enum>1.</enum><header>Short title</header><text display-inline="no-display-inline">This Act may be cited as the <quote><short-title>Protect Our Military Families’ 2nd Amendment Rights Act</short-title></quote>.</text> </section><section id="H49E066F406304821B13EBF7A5F490314"><enum>2.</enum><header>Receipt of firearm or ammunition by spouse of member of the armed forces at a duty station of the member outside the United States</header><text display-inline="no-display-inline">Section 925(a)(3) of title 18, United States Code, is amended—</text>
 <paragraph id="H659B25B880A3471CB3443C8A8FDBACCF"><enum>(1)</enum><text>by inserting <quote>or to the spouse of such a member</quote> before <quote>or to</quote>;</text> </paragraph><paragraph id="H4546F348578C4657AE330C62A2FFDFF7"><enum>(2)</enum><text>by striking <quote>members,</quote> and inserting <quote>members and spouses,</quote>;</text>
 </paragraph><paragraph id="HFE1096CED95648E68BB649E29A9962D9"><enum>(3)</enum><text>by striking <quote>members or</quote> and inserting <quote>members, spouses, or</quote>; and</text> </paragraph><paragraph id="H0CAADCA796ED4D3B93B63426E0DF74B7"><enum>(4)</enum><text>by striking <quote>member or</quote> and inserting <quote>member, spouse, or</quote>.</text>
			</paragraph></section><section id="HB5DBBBC4542A4460A6CBFFC3ED4BF409"><enum>3.</enum><header>Residency of spouses of members of the armed forces to be determined on the same basis as the
 residency of such members for purposes of Federal firearms laws</header><text display-inline="no-display-inline">Section 921(b) of title 18, United States Code, is amended to read as follows:</text> <quoted-block display-inline="no-display-inline" id="HCF5C30DAF93C471A9B8D6EDE61494837" style="OLC"> <subsection id="H30D039AD4D324BE698A01BCC6A094F4A"><enum>(b)</enum><text display-inline="yes-display-inline">For purposes of this chapter, a member of the Armed Forces on active duty, or a spouse of such a member, is a resident of—</text>
 <paragraph id="HBC77968786164E8C86BA0C69E885F379"><enum>(1)</enum><text>the State in which the member or spouse maintains legal residence;</text> </paragraph><paragraph id="H6D2B704702544B66B150996CAFE48CDC"><enum>(2)</enum><text>the State in which the permanent duty station of the member is located; and</text>
 </paragraph><paragraph id="H01319A606C05493E8AB5BE4F7239D46F"><enum>(3)</enum><text>the State in which the member maintains a place of abode from which the member commutes each day to the permanent duty station of the member.</text></paragraph></subsection><after-quoted-block>.</after-quoted-block></quoted-block>
 </section><section id="H116DC96B61F64D94B3475FEB866572AD"><enum>4.</enum><header>Effective date</header><text display-inline="no-display-inline">The amendments made by this Act shall apply to conduct engaged in after the 6-month period that begins with the date of the enactment of this Act.</text>
		</section></legis-body></bill>


