<?xml version="1.0"?>
<?xml-stylesheet type="text/xsl" href="billres.xsl"?>
<!DOCTYPE bill PUBLIC "-//US Congress//DTDs/bill.dtd//EN" "bill.dtd">
<bill bill-stage="Introduced-in-House" bill-type="olc" dms-id="H15AC488F773444479DA0580866C9E033" key="H" public-private="public"><metadata xmlns:dc="http://purl.org/dc/elements/1.1/">
<dublinCore>
<dc:title>115 HR 632 IH: Mark Takai Atomic Veterans Healthcare Parity Act</dc:title>
<dc:publisher>U.S. House of Representatives</dc:publisher>
<dc:date>2017-01-13</dc:date>
<dc:format>text/xml</dc:format>
<dc:language>EN</dc:language>
<dc:rights>Pursuant to Title 17 Section 105 of the United States Code, this file is not subject to copyright protection and is in the public domain.</dc:rights>
</dublinCore>
</metadata>
<form>
<distribution-code display="yes">I</distribution-code><congress display="yes">115th CONGRESS</congress><session display="yes">1st Session</session><legis-num display="yes">H. R. 632</legis-num><current-chamber>IN THE HOUSE OF REPRESENTATIVES</current-chamber><action display="yes"><action-date date="20170113">January 24, 2017</action-date><action-desc><sponsor name-id="M001188">Ms. Meng</sponsor> (for herself, <cosponsor name-id="Y000033">Mr. Young of Alaska</cosponsor>, <cosponsor name-id="L000559">Mr. Langevin</cosponsor>, <cosponsor name-id="W000795">Mr. Wilson of South Carolina</cosponsor>, <cosponsor name-id="S001175">Ms. Speier</cosponsor>, <cosponsor name-id="P000611">Mr. Poliquin</cosponsor>, <cosponsor name-id="H001064">Mr. Heck</cosponsor>, <cosponsor name-id="D000624">Mrs. Dingell</cosponsor>, <cosponsor name-id="M001143">Ms. McCollum</cosponsor>, <cosponsor name-id="B001245">Ms. Bordallo</cosponsor>, <cosponsor name-id="G000571">Ms. Gabbard</cosponsor>, <cosponsor name-id="L000554">Mr. LoBiondo</cosponsor>, and <cosponsor name-id="P000593">Mr. Perlmutter</cosponsor>) introduced the following bill; which was referred to the <committee-name committee-id="HVR00">Committee on Veterans' Affairs</committee-name></action-desc></action><legis-type>A BILL</legis-type><official-title display="yes">To amend title 38, United States Code, to provide for the treatment of veterans who participated in
			 the cleanup of Enewetak Atoll as radiation exposed veterans for purposes
			 of the presumption of service-connection of certain disabilities by the
			 Secretary of Veterans Affairs.</official-title></form>
	<legis-body id="HC27DFD818A204F0FB2969E9D97736026" style="OLC">
 <section id="H990B765336574D91BF582F67FC87D1F5" section-type="section-one"><enum>1.</enum><header>Short title</header><text display-inline="no-display-inline">This Act may be cited as the <quote><short-title>Mark Takai Atomic Veterans Healthcare Parity Act</short-title></quote>.</text> </section><section id="H06665680903C493392DF1F198E6C516E"><enum>2.</enum><header>Treatment of veterans who participated in cleanup of Enewetak Atoll as radiation exposed veterans for purposes of presumption of service-connection of certain disabilities by Department of Veterans Affairs</header> <text display-inline="no-display-inline">Section 1112(c)(3)(B) of title 38, United States Code, is amended by adding at the end the following new clause:</text>
 <quoted-block display-inline="no-display-inline" id="id5D2899B0935941A4B2154F8760499A02" style="OLC"><clause id="id7A8080688FDD4153B9A0B9F8CBC25723"><enum>(v)</enum><text>Cleanup of Enewetak Atoll during the period beginning on January 1, 1977, and ending on December 31, 1980.</text></clause><after-quoted-block>.</after-quoted-block></quoted-block></section></legis-body></bill>


