<?xml version="1.0"?>
<?xml-stylesheet type="text/xsl" href="billres.xsl"?>
<!DOCTYPE bill PUBLIC "-//US Congress//DTDs/bill.dtd//EN" "bill.dtd">
<bill bill-stage="Introduced-in-House" bill-type="olc" dms-id="H712A9057FC354E83B045F7EAB17CB71F" key="H" public-private="public"><metadata xmlns:dc="http://purl.org/dc/elements/1.1/">
<dublinCore>
<dc:title>115 HR 664 IH: STOP OD Act of 2017</dc:title>
<dc:publisher>U.S. House of Representatives</dc:publisher>
<dc:date>2017-01-24</dc:date>
<dc:format>text/xml</dc:format>
<dc:language>EN</dc:language>
<dc:rights>Pursuant to Title 17 Section 105 of the United States Code, this file is not subject to copyright protection and is in the public domain.</dc:rights>
</dublinCore>
</metadata>
<form>
<distribution-code display="yes">I</distribution-code><congress display="yes">115th CONGRESS</congress><session display="yes">1st Session</session><legis-num display="yes">H. R. 664</legis-num><current-chamber>IN THE HOUSE OF REPRESENTATIVES</current-chamber><action display="yes"><action-date date="20170124">January 24, 2017</action-date><action-desc><sponsor name-id="J000295">Mr. Joyce of Ohio</sponsor> (for himself, <cosponsor name-id="R000577">Mr. Ryan of Ohio</cosponsor>, <cosponsor name-id="R000583">Mr. Thomas J. Rooney of Florida</cosponsor>, <cosponsor name-id="S001196">Ms. Stefanik</cosponsor>, and <cosponsor name-id="K000009">Ms. Kaptur</cosponsor>) introduced the following bill; which was referred to the <committee-name committee-id="HIF00">Committee on Energy and Commerce</committee-name>, and in addition to the Committees on <committee-name committee-id="HJU00">the Judiciary</committee-name>, <committee-name committee-id="HGO00">Oversight and Government Reform</committee-name>, and <committee-name committee-id="HAS00">Armed Services</committee-name>, for a period to be subsequently determined by the Speaker, in each case for consideration of such
			 provisions as fall within the jurisdiction of the committee concerned</action-desc></action><legis-type>A BILL</legis-type><official-title display="yes">To prevent the abuse of opiates, to improve response and treatment for the abuse of opiates and
			 related overdoses, and for other purposes.</official-title></form>
	<legis-body id="H3E25B04770D94873BAEA585A24F91601" style="OLC">
 <section id="H1A1DC0DB7B534F44B2997E099D63C070" section-type="section-one"><enum>1.</enum><header>Short title</header><text display-inline="no-display-inline">This Act may be cited as the <quote><short-title>Stem the Tide of Overdose Prevalence from Opiate Drugs Act of 2017</short-title></quote> or as the <quote>STOP OD Act of 2017</quote>.</text> </section><section id="HED0C4B4022494DA9B774131D1AF99D0A"><enum>2.</enum><header>Sense of Congress</header><text display-inline="no-display-inline">Congress finds as follows:</text>
 <paragraph id="H5D7EFB24DFAE4869807B038F8CDABFE3"><enum>(1)</enum><text>The increase in fentanyl-related unintentional overdose fatalities presents another life-threatening scenario for its victims and threatens first-responders.</text>
 </paragraph><paragraph id="H84D5D68A46704B4BA1AE77B7B9EEF162"><enum>(2)</enum><text>The U.S. Sentencing Commission—</text> <subparagraph id="H082F3A5309574152A898A9F97C2066C7"><enum>(A)</enum><text>ought to consider the presence of fentanyl in connection to the illicit distribution of an illicit substance, as a cutting agent; and</text>
 </subparagraph><subparagraph id="HF16F0ADA89BE4283B59922C913FEAA0D"><enum>(B)</enum><text>if fentanyl is present as a cutting agent or in its pure form, may consider such presence as an aggravating factor at sentencing.</text>
 </subparagraph></paragraph><paragraph id="H23EA4844F97145A98664C6E3FBB2185D"><enum>(3)</enum><text>Better identification and reporting practices by medical examiners and coroners to identify fentanyl in an overdose mortality will help the States and the Federal Government to allocate resources more accurately. Those findings ought to be confidential but for any aggregate data released by the appropriate government agency.</text>
 </paragraph><paragraph id="H35185C4F144D4CBCA764BAAE6AB7B650"><enum>(4)</enum><text>Congress encourages States to expand training opportunities to first responders to administer naloxone.</text>
 </paragraph><paragraph id="H10D630F05D974F95919A0D4860A05071"><enum>(5)</enum><text>Eliminating the civil liability of first responders administering naloxone would save lives and protect our emergency personnel.</text>
			</paragraph></section><section id="HD3408CE6A16C4E7DA35299708E9FAABE"><enum>3.</enum><header>Expansion of educational campaign grants</header>
 <subsection commented="no" id="H240E151B1198469897EB377F9456F27F"><enum>(a)</enum><header>In general</header><text>For each of fiscal years 2018 and 2019, the Director of the Centers for Disease Control and Prevention, in consultation with the Director of the Office of National Drug Control Policy, may make not more than $75,000,000 in grants to eligible grantees for the following purposes:</text>
 <paragraph commented="no" id="H37711CE876BE4F0DB1673DC83A034834"><enum>(1)</enum><text>Expansion of educational efforts to prevent abuse of opiates including heroin.</text> </paragraph><paragraph commented="no" id="H31EC703F1CCC43AB8ED24588E7B8B939"><enum>(2)</enum><text>Promotion of treatment and recovery of persons who abuse such substances.</text>
 </paragraph><paragraph commented="no" id="H8DA99FFC56B14CA8AD531843B9F390F9"><enum>(3)</enum><text>Efforts to promote understanding of addiction as a chronic disease.</text> </paragraph></subsection><subsection id="HCFA75BC3BF044485ACA784E365FF9F43"><enum>(b)</enum><header>Eligible grantees</header><text>A grant under this section may be made only to the following entities:</text>
 <paragraph id="H510B0A44CAFE4A718072C6E1BEA90CDE"><enum>(1)</enum><text>A State, with grants first being awarded to States with laws in effect that provide for immunity from civil liability for first responders and health professionals who administer naloxone in the course of their duty to counteract opiate overdoses.</text>
 </paragraph><paragraph id="HD3D33D9DD9FD48E188117AAB1342AEE8"><enum>(2)</enum><text>A local government.</text> </paragraph><paragraph id="HC3E57E1C81AF44BFA9C3884E79C4630E"><enum>(3)</enum><text>A nonprofit organization.</text>
 </paragraph><paragraph id="H3F0FFE608D1348598693E48E737BBD42"><enum>(4)</enum><text>An organization that has received a grant under the Drug-Free Communities Act of 1997 to implement a comprehensive community-wide strategy that addresses a local drug crisis.</text>
 </paragraph></subsection><subsection id="H875EFCEE97814FD08C6DCA7C2A5C8ECE"><enum>(c)</enum><header>Amount of grants</header><text>The amount of a grant under this section to an eligible grantee for a fiscal year may not be more than $100,000.</text>
 </subsection><subsection id="H747AF86724F442AAA9386DE49F2A7DFC"><enum>(d)</enum><header>Authorization of appropriations</header><text>To carry out this section, there are authorized to be appropriated $75,000,000 for each of fiscal years 2018 and 2019.</text>
			</subsection></section><section id="H3F8AD469FF544734BFC9D712F04EA4DF"><enum>4.</enum><header>Grants for naloxone, training in the administration of naloxone, and testing for fentanyl</header>
 <subsection id="HE2A6E2D68CEF47CD8E79176E61CEBD2C"><enum>(a)</enum><header>In general</header><text>For each of fiscal years 2018 and 2019, the Secretary of Health and Human Services, in consultation with the Director of the Office of National Drug Control Policy, may make grants to eligible applicants to—</text>
 <paragraph id="H17C1C22AC67F4FAFAD85E5CDCD36AF83"><enum>(1)</enum><text>make naloxone available to be carried and administered by first responders in the course of their official duties;</text>
 </paragraph><paragraph id="HFCA25E2A135E47E68315972C3F2798A0"><enum>(2)</enum><text>train and provide resources for first responders for carrying and administering naloxone in the course of their official duties to prevent deaths from opiate (including heroin) overdoses;</text>
 </paragraph><paragraph id="H7AD1F3EFB8A249399674EC5993EC6D9E"><enum>(3)</enum><text>establish processes, protocols, and mechanisms for referral to treatment for opiate abuse; and</text> </paragraph><paragraph id="H4820AD9AD3DD43CB8B1ECD13B07095EF"><enum>(4)</enum><text>provide rebates for the testing of fentanyl in unintentional overdoses on opiates and report the results of such testing to the Centers for Disease Control and Prevention.</text>
 </paragraph></subsection><subsection id="HB8800CD2A7FE40F383F525C284117DB4"><enum>(b)</enum><header>Eligible applicant</header><text>A grant under this section may be made only to a State or local government, or a nonprofit organization, that submits an application that includes the following:</text>
 <paragraph id="HE50F3F9C8B894797ADEDD100C47FAF68"><enum>(1)</enum><text>A description of the evidence-based methodology and outcome measurements that will be used to evaluate any program funded by the eligible applicant with a grant under this section, and a specific explanation of how such measurements will provide valid measures of the impact of the program.</text>
 </paragraph><paragraph id="H689B45A8613143BE8C546929CE8CD361"><enum>(2)</enum><text>A description of how the program could be broadly replicated if demonstrated to be effective.</text> </paragraph><paragraph id="HB3966451B88340509C24419F5CC44468"><enum>(3)</enum><text>An identification of the governmental and community agencies with respect to which the eligible applicant will provide coordination carrying out the program.</text>
 </paragraph><paragraph id="H08120C2E2893441C99C485EEDFE8F301"><enum>(4)</enum><text>A description of how first responders will coordinate with corresponding State substance abuse clinics and coroners and medical examiners to identify protocols and resources that are available, including information on treatment and recovery resources.</text>
 </paragraph></subsection><subsection id="HA7FCA4BA67774F64A8446D3B6DE67DD7"><enum>(c)</enum><header>Maximum amount</header><text>The amount of a grant under this section to an eligible applicant for a fiscal year may not be more than $200,000.</text>
 </subsection><subsection id="H17A791729260465A9DF68C6A8377178F"><enum>(d)</enum><header>First responders defined</header><text>In this section, the term <term>first responders</term> means law enforcement officers, emergency medical technicians, and firefighters.</text> </subsection><subsection display-inline="no-display-inline" id="H9980CC65E780490D919935921EB4EF0C"><enum>(e)</enum><header>Authorization of appropriations</header><text>To carry out this section, there are authorized to be appropriated $150,000,000 for each of fiscal years 2018 and 2019.</text>
 </subsection></section><section id="H39F8FC96E5A246B2BB9A91614B460461"><enum>5.</enum><header>Fee for fentanyl</header><text display-inline="no-display-inline">Section 401 of the Controlled Substances Act (<external-xref legal-doc="usc" parsable-cite="usc/21/841">21 U.S.C. 841</external-xref>) is amended by adding at the end the following:</text>
			<quoted-block id="H258E981BCDD148CDBEFEF8232AB81BA8" style="OLC">
 <clause id="HA2C7178BF5184EA980FE407BEDEF8CF3"><enum>(i)</enum><header>Fee for fentanyl</header><text>In the case of any person who is convicted of a violation of subsection (a), or of a conspiracy to violate subsection (a) (including conviction arising from a plea of guilty or nolo contendere), the court shall, in addition to any other penalty, impose a fee of $80. Amounts collected as fees under this subsection shall be available to the Attorney General for fiscal years 2018 and 2019 for grants under section 4 of the <short-title>Stem the Tide of Overdose Prevalence from Opiate Drugs Act of 2017</short-title>.</text></clause><after-quoted-block>.</after-quoted-block></quoted-block>
		</section><section id="H21C6707592B441C0B146EEC7B0AF1877"><enum>6.</enum><header>Federal data center consolidation initiative</header>
			<subsection id="H91407C46A93E4CD6933C3B8DC0DDFFF7"><enum>(a)</enum><header>Federal data center consolidation inventories and strategies</header>
				<paragraph id="H4EEB6140537A4731A5E6F9294E6FCFA5"><enum>(1)</enum><header>In general</header>
 <subparagraph id="H9CF6BCF9FF684A3396915586612F024D"><enum>(A)</enum><header>Annual reporting</header><text>Except as provided in subparagraph (C), each year, beginning in the first fiscal year after the date of the enactment of this Act and each fiscal year thereafter, the head of each covered agency, assisted by the Chief Information Officer of the agency, shall submit to the Administrator—</text>
 <clause id="H7978E3CBBBC14245B36C5A9DC0F0C617"><enum>(i)</enum><text>a comprehensive inventory of the data centers owned, operated, or maintained by or on behalf of the agency; and</text>
 </clause><clause id="H633E6FC4A47B413593813A357EF9E83B"><enum>(ii)</enum><text>a multiyear strategy to achieve the consolidation and optimization of the data centers inventoried under clause (i), that includes—</text>
 <subclause id="HE48AEF0A56ED409C832D2EFC5749B15A"><enum>(I)</enum><text>performance metrics—</text> <item id="HFE36F2BF37664CA998DE79242DC54F2B"><enum>(aa)</enum><text>that are consistent with the Government-wide data center consolidation and optimization metrics; and</text>
 </item><item id="HDE439D73614F4CDFA8B1EE95097B080D"><enum>(bb)</enum><text>by which the quantitative and qualitative progress of the agency toward the goals of the FDCCI can be measured;</text>
 </item></subclause><subclause id="H9EC35305C6584DEFB2CEF7BE5B35B255"><enum>(II)</enum><text>a timeline for agency activities to be completed under the FDCCI, with an emphasis on benchmarks the agency can achieve by specific dates;</text>
 </subclause><subclause id="H8DA3EFF7D6B04F0CBD430B3F6E0419A4"><enum>(III)</enum><text>year-by-year calculations of investment and cost savings for the period beginning on the date of the enactment of this Act and ending on the date set forth in subsection (e), broken down by each year, including a description of any initial costs for data center consolidation and optimization and life cycle cost savings and other improvements, with an emphasis on—</text>
 <item id="HD3C986E69E9A406DA1741D62BBE03032"><enum>(aa)</enum><text>meeting the Government-wide data center consolidation and optimization metrics; and</text> </item><item id="H648AC4D75DB240C28F0DE538E9DD9D95"><enum>(bb)</enum><text>demonstrating the amount of agency-specific cost savings each fiscal year achieved through the FDCCI; and</text>
 </item></subclause><subclause id="H80417673A677472B9824E0DDE50E3209"><enum>(IV)</enum><text>any additional information required by the Administrator.</text> </subclause></clause></subparagraph><subparagraph id="H6F2E4464129649ED986F5EF83F514D9C"><enum>(B)</enum><header>Use of other reporting structures</header><text>The Administrator may require a covered agency to include the information required to be submitted under this subsection through reporting structures determined by the Administrator to be appropriate.</text>
 </subparagraph><subparagraph id="H6F7CEADB43574F45B856C85982787F51"><enum>(C)</enum><header>Department of Defense reporting</header><text>For any year that the Department of Defense is required to submit a performance plan for reduction of resources required for data servers and centers, as required under section 2867(b) of the National Defense Authorization Act for Fiscal Year 2012 (<external-xref legal-doc="usc" parsable-cite="usc/10/2223a">10 U.S.C. 2223a</external-xref> note), the Department of Defense—</text>
 <clause id="H29BDB6C4346A46EC8797BC76B269A1CC"><enum>(i)</enum><text>may submit to the Administrator, in lieu of the multiyear strategy required under subparagraph (A)(ii)—</text>
 <subclause id="HE87C75482179474DB709124FD24317A0"><enum>(I)</enum><text>the defense-wide plan required under section 2867(b)(2) of the National Defense Authorization Act for Fiscal Year 2012 (<external-xref legal-doc="usc" parsable-cite="usc/10/2223a">10 U.S.C. 2223a</external-xref> note); and</text>
 </subclause><subclause id="H8A1F2AA5554243909EABC2E8CF47574A"><enum>(II)</enum><text>the report on cost savings required under section 2867(d) of the National Defense Authorization Act for Fiscal Year 2012 (<external-xref legal-doc="usc" parsable-cite="usc/10/2223a">10 U.S.C. 2223a</external-xref> note); and</text>
 </subclause></clause><clause id="H0A335A5ECAC44DD89E84C1E7BCD7E307"><enum>(ii)</enum><text>shall submit the comprehensive inventory required under subparagraph (A)(i), unless the defense-wide plan required under section 2867(b)(2) of the National Defense Authorization Act for Fiscal Year 2012 (<external-xref legal-doc="usc" parsable-cite="usc/10/2223a">10 U.S.C. 2223a</external-xref> note)—</text>
 <subclause id="H571C2512CCEF44C4B2C88D4AE93269C1"><enum>(I)</enum><text>contains a comparable comprehensive inventory; and</text> </subclause><subclause id="HD287B66BBCB545D7AADB69DDE0E11F72"><enum>(II)</enum><text>is submitted under clause (i).</text>
 </subclause></clause></subparagraph><subparagraph id="H2B5CDEC2453D4D54A1BF15B928DEF8E5"><enum>(D)</enum><header>Statement</header><text>Each year, beginning in the first fiscal year after the date of the enactment of this Act and each fiscal year thereafter, the head of each covered agency, acting through the Chief Information Officer of the agency, shall—</text>
						<clause id="HA284E4AAEFA94E4D9C11D88DB0E19BBF"><enum>(i)</enum>
 <subclause commented="no" display-inline="yes-display-inline" id="H15E3D911D73D46E89F4B5AB7261C1F5A"><enum>(I)</enum><text>submit a statement to the Administrator stating whether the agency has complied with the requirements of this section; and</text>
 </subclause><subclause id="H181A36A61AA240DFAB902B516EBE1D77" indent="up1"><enum>(II)</enum><text>make the statement submitted under subclause (I) publicly available; and</text> </subclause></clause><clause id="H3843BFE1F68145FFAF506F1CE89624DC"><enum>(ii)</enum><text>if the agency has not complied with the requirements of this section, submit a statement to the Administrator explaining the reasons for not complying with such requirements.</text>
						</clause></subparagraph><subparagraph id="H1871AAF57F10410A8C2DA66D9FB80C75"><enum>(E)</enum><header>Agency implementation of strategies</header>
 <clause id="H6C556122108A4E3DB223631663FD3637"><enum>(i)</enum><header>In general</header><text>Each covered agency, under the direction of the Chief Information Officer of the agency, shall—</text> <subclause id="HB2485146411041B0B3ECF577111501B8"><enum>(I)</enum><text>implement the strategy required under subparagraph (A)(ii); and</text>
 </subclause><subclause id="H019F34DB02EB442BBC6A2DC933A0D412"><enum>(II)</enum><text>provide updates to the Administrator, on a quarterly basis, of—</text> <item id="H1E2C1FBBF96746CF839F4C64E115235A"><enum>(aa)</enum><text>the completion of activities by the agency under the FDCCI;</text>
 </item><item id="H83D74DD8520040C69A759D17512414A4"><enum>(bb)</enum><text>any progress of the agency towards meeting the Government-wide data center consolidation and optimization metrics; and</text>
 </item><item id="H6A6B1E2474754E0FAE60D32053BAA0C8"><enum>(cc)</enum><text>the actual cost savings and other improvements realized through the implementation of the strategy of the agency.</text>
 </item></subclause></clause><clause id="H2E07F69188F648589C64EE4FD2A10E93"><enum>(ii)</enum><header>Department of Defense</header><text>For purposes of clause (i)(I), implementation of the defense-wide plan required under section 2867(b)(2) of the National Defense Authorization Act for Fiscal Year 2012 (<external-xref legal-doc="usc" parsable-cite="usc/10/2223a">10 U.S.C. 2223a</external-xref> note) by the Department of Defense shall be considered implementation of the strategy required under subparagraph (A)(ii).</text>
 </clause></subparagraph><subparagraph id="H35C0DF1FC73043A9A179D27D33C66EF2"><enum>(F)</enum><header>Rule of construction</header><text>Nothing in this section shall be construed to limit the reporting of information by a covered agency to the Administrator, the Director of the Office of Management and Budget, or Congress.</text>
 </subparagraph></paragraph><paragraph id="H4B96E04897C4467A8B5B7B5DAB291E19"><enum>(2)</enum><header>Administrator responsibilities</header><text>The Administrator shall—</text> <subparagraph id="H13281667A35E4A1D9416A7D29344E1C6"><enum>(A)</enum><text>establish the deadline, on an annual basis, for covered agencies to submit information under this section;</text>
 </subparagraph><subparagraph id="HF31EF6A15BB1470788BE16A81A52E17A"><enum>(B)</enum><text>establish a list of requirements that the covered agencies must meet to be considered in compliance with paragraph (1);</text>
 </subparagraph><subparagraph id="HB1E899FD0265400895BF1C2D5E42BBE6"><enum>(C)</enum><text>ensure that information relating to agency progress towards meeting the Government-wide data center consolidation and optimization metrics is made available in a timely manner to the general public;</text>
 </subparagraph><subparagraph id="H4FD5699D298F44C6A80D0EBDEBC6339F"><enum>(D)</enum><text>review the inventories and strategies submitted under paragraph (1) to determine whether they are comprehensive and complete;</text>
 </subparagraph><subparagraph id="H2610AE0128DD4DC48143DC665EDEEB59"><enum>(E)</enum><text>monitor the implementation of the data center strategy of each covered agency that is required under paragraph (1)(A)(ii);</text>
 </subparagraph><subparagraph id="H839E507215E04DF69974F5BF01899212"><enum>(F)</enum><text>update, on an annual basis, the cumulative cost savings realized through the implementation of the FDCCI; and</text>
 </subparagraph><subparagraph id="HC619D6FF750642ADAFF1E7F9D11D9137"><enum>(G)</enum><text>establish metrics applicable to the consolidation and optimization of data centers Government-wide, including metrics with respect to—</text>
 <clause id="HADCDF00090984333B6952E7CEDEC8BB8"><enum>(i)</enum><text>costs;</text> </clause><clause id="HD4EEE92AB5B941BD8348475E92675DF5"><enum>(ii)</enum><text>efficiencies, including, at a minimum, server efficiency; and</text>
 </clause><clause id="H8438DA2DD0814FEA951B629D00053D84"><enum>(iii)</enum><text>any other factors the Administrator considers appropriate.</text> </clause></subparagraph></paragraph><paragraph id="H9C2554F47B0C46A49416AC594C4A18D5"><enum>(3)</enum><header>Cost saving goal and updates for Congress</header> <subparagraph id="H3629A759F8194F7897FE3B877EE90F1F"><enum>(A)</enum><header>In general</header><text>Not later than one year after the date of the enactment of this Act, the Administrator shall develop, and make publicly available, a goal, broken down by year, for the amount of planned cost savings and optimization improvements achieved through the FDCCI during the period beginning on the date of the enactment of this Act and ending on the date set forth in subsection (e).</text>
					</subparagraph><subparagraph id="HB2AA8AD0FF0045FBA2FAE75F87DF8E6E"><enum>(B)</enum><header>Annual update</header>
 <clause id="HB6D60521A0F043DEAA2BB0A119230353"><enum>(i)</enum><header>In general</header><text>Not later than one year after the date on which the goal described in subparagraph (A) is made publicly available, and each year thereafter, the Administrator shall aggregate the reported cost savings of each covered agency and optimization improvements achieved to date through the FDCCI and compare the savings to the projected cost savings and optimization improvements developed under subparagraph (A).</text>
 </clause><clause id="H97171AE016564AA9AA38A1764CD2121E"><enum>(ii)</enum><header>Update for Congress</header><text>The goal required to be developed under subparagraph (A) shall be submitted to Congress and shall be accompanied by a statement describing—</text>
 <subclause id="HE157453525414ED4A7D48F6CB0BEFF72"><enum>(I)</enum><text>the extent to which each covered agency has developed and submitted a comprehensive inventory under paragraph (1)(A)(i), including an analysis of the inventory that details specific numbers, use, and efficiency level of data centers in each inventory; and</text>
 </subclause><subclause id="H2E71CCD923C944138755F5222D81E893"><enum>(II)</enum><text>the extent to which each covered agency has submitted a comprehensive strategy that addresses the items listed in paragraph (1)(A)(ii).</text>
							</subclause></clause></subparagraph></paragraph><paragraph id="HCEBB2C8D15B1483BB48B079CD59BB879"><enum>(4)</enum><header>GAO review</header>
 <subparagraph id="H8923BA3796394D2FA6C95D8869078356"><enum>(A)</enum><header>In general</header><text>Not later than one year after the date of the enactment of this Act, and each year thereafter, the Comptroller General of the United States shall review and verify the quality and completeness of the inventory and strategy of each covered agency required under paragraph (1)(A).</text>
 </subparagraph><subparagraph id="HD960568F4694417BAA87C1703628B7DF"><enum>(B)</enum><header>Report</header><text>The Comptroller General of the United States shall, on an annual basis, publish a report on each review conducted under subparagraph (A).</text>
					</subparagraph></paragraph></subsection><subsection id="HABD222E3F5FC4D30A38E1416E599A8E7"><enum>(b)</enum><header>Ensuring cybersecurity standards for data center consolidation and cloud computing</header>
 <paragraph id="H6B3ED3D44EE94C1E84462C137D65CD54"><enum>(1)</enum><header>In general</header><text>In implementing a data center consolidation and optimization strategy under this section, a covered agency shall do so in a manner that is consistent with Federal guidelines on cloud computing security, including—</text>
 <subparagraph id="H02AB390BC0A048CE9E845E9512B1F8A5"><enum>(A)</enum><text>applicable provisions found within the Federal Risk and Authorization Management Program (FedRAMP); and</text>
 </subparagraph><subparagraph id="H25DEA38A3396448AB1236367ADB0B37B"><enum>(B)</enum><text>guidance published by the National Institute of Standards and Technology.</text> </subparagraph></paragraph><paragraph id="HB01539C03F054C5F8C1766ED6F3D5477"><enum>(2)</enum><header>Rule of construction</header><text>Nothing in this section shall be construed to limit the ability of the Director of the Office of Management and Budget to update or modify the Federal guidelines on cloud computing security.</text>
 </paragraph></subsection><subsection id="HC45A951932774A6CBBB61B5FF1DCFEAE"><enum>(c)</enum><header>Waiver of requirements</header><text>The Director of National Intelligence and the Secretary of Defense, or their respective designee, may waive the applicability to any national security system, as defined in section 3552 of title 44, United States Code, of any provision of this section if the Director of National Intelligence or the Secretary of Defense, or their respective designee, determines that such waiver is in the interest of national security. Not later than 30 days after making a waiver under this subsection, the Director of National Intelligence or the Secretary of Defense, or their respective designee, shall submit to the Committee on Homeland Security and Governmental Affairs and the Select Committee on Intelligence of the Senate and the Committee on Oversight and Government Reform and the Permanent Select Committee on Intelligence of the House of Representatives a statement describing the waiver and the reasons for the waiver.</text>
 </subsection><subsection id="HACBEEDBA20C44ABEBF5B3FC95FD1EAED"><enum>(d)</enum><header>Definitions</header><text>In this section:</text> <paragraph id="HFE0C96825D47408D84006CDC93C1ADC0"><enum>(1)</enum><header>Administrator</header><text>The term <term>Administrator</term> means the Administrator of the Office of Electronic Government established under section 3602 of title 44, United States Code (and also known as the Office of E-Government and Information Technology), within the Office of Management and Budget.</text>
 </paragraph><paragraph id="HDE3DC1E42A3A4BAB81F552EF8EAA1FB0"><enum>(2)</enum><header>Covered agency</header><text>The term <term>covered agency</term> means the following (including all associated components of the agency):</text> <subparagraph id="H50F2D1C8F3BE4780AE3BABDDE9697050"><enum>(A)</enum><text>Department of Agriculture.</text>
 </subparagraph><subparagraph id="H38F59931803C452DAEFD3D2D77ED4B3E"><enum>(B)</enum><text>Department of Commerce.</text> </subparagraph><subparagraph id="H39E64AA063A543D7A7A5D6353FA383C3"><enum>(C)</enum><text>Department of Defense.</text>
 </subparagraph><subparagraph id="HF5FE4516BAC240E9897C1BFDC5D9E3B8"><enum>(D)</enum><text>Department of Education.</text> </subparagraph><subparagraph id="H4D2D15815AE64BE7892436B9A226BCEE"><enum>(E)</enum><text>Department of Energy.</text>
 </subparagraph><subparagraph id="HA16F3F3CE83F4963A66C1A89D82600A0"><enum>(F)</enum><text>Department of Health and Human Services.</text> </subparagraph><subparagraph id="H106FB2809382472E986E73E3445CFEBE"><enum>(G)</enum><text>Department of Homeland Security.</text>
 </subparagraph><subparagraph id="H54E59572E2164231A7FCC5F75D7FB5F0"><enum>(H)</enum><text>Department of Housing and Urban Development.</text> </subparagraph><subparagraph id="HA2E871EE3BC7438FA2274C8ECDF1906D"><enum>(I)</enum><text>Department of the Interior.</text>
 </subparagraph><subparagraph id="H9E44EA8B908D412393D1B92CD7B0010C"><enum>(J)</enum><text>Department of Justice.</text> </subparagraph><subparagraph id="HD2D55901DD384329AD0458EC9751760D"><enum>(K)</enum><text>Department of Labor.</text>
 </subparagraph><subparagraph id="H9E03399860754F7CA2E840DB927A441A"><enum>(L)</enum><text>Department of State.</text> </subparagraph><subparagraph id="HE132F430EC774DF9A923CB8BEBEB85C9"><enum>(M)</enum><text>Department of Transportation.</text>
 </subparagraph><subparagraph id="H5DB2162685CA4E8587A4FDEC07E8166B"><enum>(N)</enum><text>Department of the Treasury.</text> </subparagraph><subparagraph id="HF734A65EDCAC4825A59035F83989255C"><enum>(O)</enum><text>Department of Veterans Affairs.</text>
 </subparagraph><subparagraph id="H7162AF9C27B24BD19327BF7A6210F4BB"><enum>(P)</enum><text>Environmental Protection Agency.</text> </subparagraph><subparagraph id="H1F247527EFCE40F481B18C36275B3441"><enum>(Q)</enum><text>General Services Administration.</text>
 </subparagraph><subparagraph id="HFC62F779D10E440E8E2127C115D60E8D"><enum>(R)</enum><text>National Aeronautics and Space Administration.</text> </subparagraph><subparagraph id="H23E9D8137F784051AF5DBC2BD9AB1A32"><enum>(S)</enum><text>National Science Foundation.</text>
 </subparagraph><subparagraph id="H1072CC2D25AB4177B01464EF121306E6"><enum>(T)</enum><text>Nuclear Regulatory Commission.</text> </subparagraph><subparagraph id="H40D1555240874B3FBBE7EFB20C8E57FB"><enum>(U)</enum><text>Office of Personnel Management.</text>
 </subparagraph><subparagraph id="H3BEA2CC6CC1E497C99FE0280CA73ACEE"><enum>(V)</enum><text>Small Business Administration.</text> </subparagraph><subparagraph id="H81001C5C105D40BCAC70958216CCF408"><enum>(W)</enum><text>Social Security Administration.</text>
 </subparagraph><subparagraph id="H0E2D3C790A3442F3B6C1A30F4A00FC41"><enum>(X)</enum><text>United States Agency for International Development.</text> </subparagraph></paragraph><paragraph id="H9FB79D2695EA4258BDFEE5F73DB7FEA2"><enum>(3)</enum><header>FDCCI</header><text>The term <term>FDCCI</term> means the Federal Data Center Consolidation Initiative described in the Office of Management and Budget Memorandum on the Federal Data Center Consolidation Initiative, dated February 26, 2010, or any successor thereto.</text>
 </paragraph><paragraph id="H8A8C9679A8284198B86354D7BF306C8C"><enum>(4)</enum><header>Government-wide data center consolidation and optimization metrics</header><text>The term <term>Government-wide data center consolidation and optimization metrics</term> means the metrics established by the Administrator under subsection (a)(2)(G).</text> </paragraph></subsection><subsection id="HDB3F10A79670425C9BBC0BBC4097231B"><enum>(e)</enum><header>Sunset</header><text>This section is repealed effective on October 1, 2020.</text>
 </subsection></section><section id="H45A7A41940474772BC3C7540114F47A6"><enum>7.</enum><header>Definitions</header><text display-inline="no-display-inline">In this Act:</text> <paragraph id="H5D018595EC1F416CA5908CF5584AB9C7"><enum>(1)</enum><text>The term <term>fentanyl</term> means an opiate analgesic that is listed as a controlled substance in schedule II under section 202 of the Controlled Substances Act (<external-xref legal-doc="usc" parsable-cite="usc/21/812">21 U.S.C. 812</external-xref>).</text>
 </paragraph><paragraph id="HB81AE600DDA541609883CFB6449B61BF"><enum>(2)</enum><text>The term <term>naloxone</term> means the opiate antagonist naloxone, approved by the Food and Drug Administration, in any approved manner of administration.</text>
 </paragraph><paragraph id="H5EE8331891A949C5A495AEA7F6ED77B9"><enum>(3)</enum><text>The term <term>opiate</term> has the meaning given such term in section 102(18) of the Controlled Substances Act.</text> </paragraph></section></legis-body></bill> 

