<?xml version="1.0"?>
<?xml-stylesheet type="text/xsl" href="billres.xsl"?>
<!DOCTYPE bill PUBLIC "-//US Congress//DTDs/bill.dtd//EN" "bill.dtd">
<bill bill-stage="Introduced-in-House" bill-type="olc" dms-id="H2D382BC6646B4912B2765BCBF91DEB7F" key="H" public-private="public"><metadata xmlns:dc="http://purl.org/dc/elements/1.1/">
<dublinCore>
<dc:title>115 HR 462 IH: REG Act of 2017</dc:title>
<dc:publisher>U.S. House of Representatives</dc:publisher>
<dc:date>2017-01-12</dc:date>
<dc:format>text/xml</dc:format>
<dc:language>EN</dc:language>
<dc:rights>Pursuant to Title 17 Section 105 of the United States Code, this file is not subject to copyright protection and is in the public domain.</dc:rights>
</dublinCore>
</metadata>
<form>
<distribution-code display="yes">I</distribution-code><congress display="yes">115th CONGRESS</congress><session display="yes">1st Session</session><legis-num display="yes">H. R. 462</legis-num><current-chamber>IN THE HOUSE OF REPRESENTATIVES</current-chamber><action display="yes"><action-date date="20170112">January 12, 2017</action-date><action-desc><sponsor name-id="L000587">Mr. Lewis of Minnesota</sponsor> introduced the following bill; which was referred to the <committee-name committee-id="HJU00">Committee on the Judiciary</committee-name></action-desc></action><legis-type>A BILL</legis-type><official-title display="yes">To amend title 5, United States Code, to include guidance documents in the congressional review
			 process of agency rulemaking.</official-title></form>
	<legis-body id="HD7D1B988DFC945A2A2646614D4182A31" style="OLC">
 <section id="HE77EB6DC2F7E42D3B91BBD2106DB8CBF" section-type="section-one"><enum>1.</enum><header>Short title</header><text display-inline="no-display-inline">This Act may be cited as the <quote><short-title>Reforming Executive Guidance Act of 2017</short-title></quote> or as the <quote>REG Act of 2017</quote>.</text> </section><section id="H80DB90CE05CC4A70BE5DADC62CDAF4D3"><enum>2.</enum><header>Congressional Review of Agency Rulemaking</header> <subsection id="H2E056A585CE4407997634404BF2385DC"><enum>(a)</enum><header>Guidance Documents</header><text display-inline="yes-display-inline">Paragraph (3) of section 804 of title 5, United States Code, is amended to read as follows:</text>
				<quoted-block display-inline="no-display-inline" id="HEA9519C632C341ACA72C7DE6316B723C" style="OLC">
 <paragraph id="HBA3D44D8F82B44AE8DE46F13AD4F7C65"><enum>(3)</enum><text display-inline="yes-display-inline">The term <quote>rule</quote>—</text> <subparagraph id="H3E560FEF064342CC955908DCE37E71F4"><enum>(A)</enum><text>has the meaning given such term in section 551, except that such term does not include (except as otherwise provided in subparagraph (B))—</text>
 <clause id="H2CBAB7A236BE4238B5A086FB5290F7A5"><enum>(i)</enum><text>any rule of particular applicability, including a rule that approves or prescribes for the future rates, wages, prices, services, or allowances therefor, corporate or financial structures, reorganizations, mergers, or acquisitions thereof, or accounting practices or disclosures bearing on any of the foregoing;</text>
 </clause><clause id="HE19DEE8D2F4F42DFABDF762756B48EA7"><enum>(ii)</enum><text>any rule relating to agency management or personnel; or</text> </clause><clause id="H19EE9715F06C48218CEB286CD868D232"><enum>(iii)</enum><text>any rule of agency organization, procedure, or practice that does not substantially affect the rights or obligations of non-agency parties; and</text>
 </clause></subparagraph><subparagraph id="H69BC3C20DC8A450684C0924589F6B3D2"><enum>(B)</enum><text>includes guidance documents.</text></subparagraph></paragraph><after-quoted-block>.</after-quoted-block></quoted-block> </subsection><subsection id="H28E6BF0629AD49098F2A3DD9B24B6AB0"><enum>(b)</enum><header>Significant Guidance Documents</header><text display-inline="yes-display-inline">Paragraph (2) of section 804 of such title is amended to read as follows:</text>
				<quoted-block display-inline="no-display-inline" id="HBB1843631B50434CAF3F0BB26D9955F4" style="OLC">
 <paragraph id="H44CC4DEA2DBD4D08B9BBBDC28C2F8498"><enum>(2)</enum><text display-inline="yes-display-inline">The term <quote>major rule</quote>—</text> <subparagraph id="H1213A67DEC874E83B4DE84F65A342659"><enum>(A)</enum><text>means any rule that the Administrator of the Office of Information and Regulatory Affairs of the Office of Management and Budget finds has resulted in or is likely to result in—</text>
 <clause id="HCBE8CA67F7BA46BDAF4F9B28ECFFCC92"><enum>(i)</enum><text>an annual effect on the economy of $100,000,000 or more;</text> </clause><clause id="HF2B46786976E46D9B2AFBCB95EB3A218"><enum>(ii)</enum><text>a major increase in costs or prices for consumers, individual industries, Federal, State, or local government agencies, or geographic regions; or</text>
 </clause><clause id="H27CA3E80AF26491280C20CA1723DE61C"><enum>(iii)</enum><text>significant adverse effects on competition, employment, investment, productivity, innovation, or on the ability of United States-based enterprises to compete with foreign-based enterprises in domestic and export markets; and</text>
 </clause></subparagraph><subparagraph id="H92BFEFC0466541C49536DE5D40BDDF35"><enum>(B)</enum><text>includes significant guidance documents.</text> </subparagraph><continuation-text continuation-text-level="paragraph">The term does not include any rule promulgated under the Telecommunications Act of 1996 and the amendments made by that Act.</continuation-text></paragraph><after-quoted-block>.</after-quoted-block></quoted-block> </subsection><subsection id="HDC3D0C6EA9614332986FCE044D284F4F"><enum>(c)</enum><header>Definitions</header><text>Section 804 of such title is amended by adding at the end the following new paragraphs:</text>
				<quoted-block display-inline="no-display-inline" id="HA03956BBAEEA420885B9ED44F7C6E5AD" style="OLC">
 <paragraph id="HE2D4CFC61EA94C5893D8D516AB1F64D3"><enum>(4)</enum><text display-inline="yes-display-inline">The term <quote>guidance document</quote> means a statement of general applicability and future effect, other than a regulatory action, issued by a Federal agency that sets forth—</text>
 <subparagraph id="HFDBB2FDAFD4B45E6849F295679EC42AA"><enum>(A)</enum><text>a policy on a statutory, regulatory, or technical issue; or</text> </subparagraph><subparagraph id="H135510C2B4F449DF94CE72B4C4580B37"><enum>(B)</enum><text>an interpretation of a statutory or regulatory issue.</text>
 </subparagraph></paragraph><paragraph id="H81F52971EE464874A09A152AFD9CDE34"><enum>(5)</enum><text>The term <quote>significant guidance document</quote>—</text> <subparagraph id="HA703D187218F4698B0058CD6733DBB3C"><enum>(A)</enum><text>means a guidance document disseminated to regulated entities or the general public that may reasonably be anticipated to—</text>
 <clause id="H599C31A44A5848C78B424EAE9297A0D6"><enum>(i)</enum><text>lead to an annual effect of $100,000,000 or more, or adversely affect in a material way the economy, a sector of the economy, productivity, competition, employment, the environment, public health or safety, or State, local, or tribal governments or communities;</text>
 </clause><clause id="HCA933C42639C49478C1E9EED1C8FF48C"><enum>(ii)</enum><text>create a serious inconsistency, or otherwise interfere, with an action taken or planned by another Federal agency;</text>
 </clause><clause id="HF70BEA10C4E94320A173088442B8DB4A"><enum>(iii)</enum><text>materially alter the budgetary impact of any entitlement, grant, user fees, or loan programs, or the rights or obligations of recipients thereof; or</text>
 </clause><clause id="HA68753FC90A641B083E4F7FAC1321129"><enum>(iv)</enum><text>raise novel legal or policy issues arising out of legal mandates; and</text> </clause></subparagraph><subparagraph id="HAF2FF81B5F9C40C1A5D8F3BBC1C89AD4"><enum>(B)</enum><text>does not include any guidance document—</text>
 <clause id="H4129D732EE084F0F8F4A85A0189C0666"><enum>(i)</enum><text>on regulations issued in accordance with section 556 or 557 of title 5, United States Code;</text> </clause><clause id="HF83C417720F6409FB7F516B42839D6A7"><enum>(ii)</enum><text>that pertains to a military or foreign affairs function of the United States, other than procurement regulations and regulations involving the import or export of non-defense articles and services;</text>
 </clause><clause id="H41CC6AA3341C468DB8721DD78F76C46E"><enum>(iii)</enum><text>on regulations that are limited to the organization, management, or personnel matters of a Federal agency; or</text>
 </clause><clause id="H1D61EA4DFDE742788DC73A61DAA2DFD8"><enum>(iv)</enum><text>belonging to a category of guidance documents exempted by the Administrator of the Office of Information and Regulatory Affairs.</text></clause></subparagraph></paragraph><after-quoted-block>.</after-quoted-block></quoted-block>
 </subsection></section><section id="H8842E158E980412CB7BE24E1C71D129E"><enum>3.</enum><header>Definition of <quote>rule</quote> to include significant guidance for purposes of rulemaking</header><text display-inline="no-display-inline">Section 551(4) of title 5, United States Code, is amended by inserting before the semicolon at the end the following: <quote>, as well as significant guidance (as such term is defined in section 804(5))</quote>.</text>
		</section></legis-body></bill>


