<?xml version="1.0"?>
<?xml-stylesheet type="text/xsl" href="billres.xsl"?>
<!DOCTYPE bill PUBLIC "-//US Congress//DTDs/bill.dtd//EN" "bill.dtd">
<bill bill-stage="Introduced-in-House" bill-type="olc" dms-id="H683AE31A87E64B19815B3E89740FB1C3" key="H" public-private="public"><metadata xmlns:dc="http://purl.org/dc/elements/1.1/">
<dublinCore>
<dc:title>115 HR 157 IH: Combatting Terrorism in Tunisia Emergency Support Act of 2017</dc:title>
<dc:publisher>U.S. House of Representatives</dc:publisher>
<dc:date>2017-01-03</dc:date>
<dc:format>text/xml</dc:format>
<dc:language>EN</dc:language>
<dc:rights>Pursuant to Title 17 Section 105 of the United States Code, this file is not subject to copyright protection and is in the public domain.</dc:rights>
</dublinCore>
</metadata>
<form>
<distribution-code display="yes">I</distribution-code><congress display="yes">115th CONGRESS</congress><session display="yes">1st Session</session><legis-num display="yes">H. R. 157</legis-num><current-chamber>IN THE HOUSE OF REPRESENTATIVES</current-chamber><action display="yes"><action-date date="20170103">January 3, 2017</action-date><action-desc><sponsor name-id="H000324">Mr. Hastings</sponsor> (for himself and <cosponsor name-id="S001183">Mr. Schweikert</cosponsor>) introduced the following bill; which was referred to the <committee-name committee-id="HFA00">Committee on Foreign Affairs</committee-name></action-desc></action><legis-type>A BILL</legis-type><official-title display="yes">To authorize assistance for the Government of Tunisia, and for other purposes.</official-title></form>
	<legis-body id="HB8F9369B63F3414E9D5E6F1961FB747B" style="OLC">
		<section id="HDFB50D90C9E9488BA6B106D3DED764E1" section-type="section-one"><enum>1.</enum><header>Short title; table of contents</header>
 <subsection id="HBFAA154BCEB24031811595DE4158A134"><enum>(a)</enum><header>Short title</header><text display-inline="yes-display-inline">This Act may be cited as the <quote><short-title>Combatting Terrorism in Tunisia Emergency Support Act of 2017</short-title></quote>.</text> </subsection><subsection id="HACB5079EBADE4BC7BD0C62263783F23B"><enum>(b)</enum><header>Table of contents</header><text display-inline="yes-display-inline">The table of contents for this Act is as follows:</text>
				<toc container-level="legis-body-container" lowest-bolded-level="division-lowest-bolded" lowest-level="section" quoted-block="no-quoted-block" regeneration="yes-regeneration">
					<toc-entry idref="HDFB50D90C9E9488BA6B106D3DED764E1" level="section">Sec. 1. Short title; table of contents.</toc-entry>
					<toc-entry idref="H81F7FD3FB79448CE8B00E0F67EA33423" level="section">Sec. 2. Definitions.</toc-entry>
					<toc-entry idref="HA8D00A39A0E540CA82990B5C078D3CA5" level="section">Sec. 3. Findings and declarations.</toc-entry>
					<toc-entry idref="H2A9CB2CEAA0F480DAA8A4B459287AFC7" level="section">Sec. 4. Statement of policy regarding Tunisia.</toc-entry>
					<toc-entry idref="HE585D0D59AA641068C4D24EFE9194C0D" level="section">Sec. 5. Assistance to strengthen and reform the security sector of Tunisia.</toc-entry>
					<toc-entry idref="H42C0FA11F43549F7A3D9BD998DD83E4F" level="section">Sec. 6. Assistance to support efforts of the Government of Tunisia to combat terrorism.</toc-entry>
					<toc-entry idref="H8635367EF58F49C3A04B0D849D8A0548" level="section">Sec. 7. Assistance to support the military readiness of the Government of Tunisia.</toc-entry>
					<toc-entry idref="HFF38D011632A44CF9DDA8C628B695E0B" level="section">Sec. 8. Assistance to support democracy and civil society in Tunisia.</toc-entry>
					<toc-entry idref="H63FFF87A627E43C39AFD37C45676B45E" level="section">Sec. 9. Assistance to support increased border security for Tunisia.</toc-entry>
					<toc-entry idref="H7B1B230E5B3042B3BB79BD5B89107764" level="section">Sec. 10. Economic reforms and assistance.</toc-entry>
					<toc-entry idref="HF58E72B6FB3A4BB59B7EC49349B354C1" level="section">Sec. 11. Memorandum of understanding.</toc-entry>
					<toc-entry idref="H22193A6BCAD34F49B696A0CC18EB0D18" level="section">Sec. 12. Strategic plan.</toc-entry></toc>
 </subsection></section><section id="H81F7FD3FB79448CE8B00E0F67EA33423"><enum>2.</enum><header>Definitions</header><text display-inline="no-display-inline">In this Act:</text> <paragraph id="H8A5B5B8707EC4D90A24F6C8845C1B477"><enum>(1)</enum><header>Appropriate congressional committees</header><text>The term <term>appropriate congressional committees</term> means—</text>
 <subparagraph id="H78D67D6B894C41AFA802080A263CFF4B"><enum>(A)</enum><text>the Committee on Foreign Relations and the Committee on Appropriations of the Senate; and</text> </subparagraph><subparagraph id="H6C8ABBF765C248B8A0A0E65CFD673554"><enum>(B)</enum><text>the Committee on Foreign Affairs and the Committee on Appropriations of the House of Representatives.</text>
 </subparagraph></paragraph><paragraph id="H51BE53FD52CC4152BC1454512BAA8C07"><enum>(2)</enum><header>Defense article; defense service; training</header><text>The terms <term>defense article</term>, <term>defense service</term>, and <term>training</term> have the meanings given those terms in section 47 of the Arms Export Control Act (<external-xref legal-doc="usc" parsable-cite="usc/22/2794">22 U.S.C. 2794</external-xref> note).</text>
 </paragraph></section><section id="HA8D00A39A0E540CA82990B5C078D3CA5"><enum>3.</enum><header>Findings and declarations</header><text display-inline="no-display-inline">Congress finds and declares the following:</text> <paragraph id="H1A27C689D2944CC8855513111FE344AD"><enum>(1)</enum><text>Tunisia has been a critical ally of the United States for more than 200 years, dating back to 1797 when the Treaty of Peace and Friendship was signed, ensuring the safety and availability of open sea lanes in the Mediterranean Sea.</text>
 </paragraph><paragraph id="H4098A0B5CE22429382B4643355AA07FA"><enum>(2)</enum><text>On December 10, 2010, the self-immolation of Tunisian fruit vendor, Mohammed Bouazizi, inspired popular revolutions across the region leading to political transitions in four countries, often referred to as the <quote>Arab Spring</quote>, and initiating Tunisia’s transition to democracy.</text>
 </paragraph><paragraph id="HD65F4200679343B5892CE893ED508599"><enum>(3)</enum><text>In 2014, Tunisia became the first country with a majority Muslim population in the Middle East or North Africa to experience both Presidential and parliamentary political transitions through free and fair democratic elections.</text>
 </paragraph><paragraph id="H70FDE1B93B8F45E69842B541797A54DA"><enum>(4)</enum><text>Since 2011, more than 3,000 Tunisian citizens have gone to fight in Syria making Tunisia one of the largest contributors to foreign fighters in Syria.</text>
 </paragraph><paragraph id="H50B3A6BD03E0491FB2062FC5F480E1F2"><enum>(5)</enum><text>Tunisia shares a 285-mile border with neighboring Libya and is currently hosting more than 1,000,000 Libyan refugees fleeing the ongoing Libyan civil war and the Islamic State (ISIS).</text>
 </paragraph><paragraph id="H1D769360C5354B2BA9EE7E7FB152ABF4"><enum>(6)</enum><text>The terrorist group Ansar al-Sharia (AAS) was founded in April 2011 in Tunisia and is ideologically aligned with Al-Qaeda in the Maghreb (AQIM) and ISIS. AAS is responsible for the assassinations of Tunisian MP Mohamed Brahimi on July 25, 2013, and secular-democratic political activist Chokri Belaid on February 6, 2013.</text>
 </paragraph><paragraph id="H7821CF4906FE438481D00FF50D6E9262"><enum>(7)</enum><text>On September 14, 2012, Ansar al-Sharia terrorists attacked the United States Embassy compound, annex, and school in Tunis, Tunisia, causing millions of dollars in damages.</text>
 </paragraph><paragraph id="H1BE4555E25794A36AD6A7437F3A1EBC9"><enum>(8)</enum><text>On January 10, 2014, Ansar al-Sharia was designated as a foreign terrorist organization by the United States.</text>
 </paragraph><paragraph id="HE47E0A4F010E48778EE895B2F567FAEA"><enum>(9)</enum><text>On March 18, 2015, 18 people were killed in a terrorist attack at the Bardo National Museum in Tunis, Tunisia.</text>
 </paragraph><paragraph id="H7B9ED1B68B344CEAB918BE31B10E5E98"><enum>(10)</enum><text>On June 27, 2015, at least 39 people were killed and 36 injured in a terrorist attack on the beach of a hotel resort in Sousse, Tunisia. The gunmen had received training and support from ISIS in Libya.</text>
 </paragraph><paragraph id="H9EA2132913084C5FA912631EC6B889B2"><enum>(11)</enum><text>On May 21, 2015, Tunisia was designated as a major non-NATO ally of the United States.</text> </paragraph><paragraph id="H3CD173E0D0E64479AB609706A11BAE9A"><enum>(12)</enum><text>On September 29, 2015, Tunisia joined the United States-led coalition to counter ISIS.</text>
 </paragraph><paragraph id="H057E746E664E43AEB4B9D9EE798AA3E7"><enum>(13)</enum><text display-inline="yes-display-inline">On November 24, 2015, ISIS militants conducted a bus bombing, targeting the Tunisian Presidential guard and killing 12 people in Tunis, Tunisia.</text>
 </paragraph><paragraph id="H61F2B101933E48C1983DC60F0576EC50"><enum>(14)</enum><text>On March 7, 2016, ISIS militants crossed the Tunisian-Libyan border assaulting the city of Ben Guerdane, Tunisia, killing 55 people during the attack.</text>
			</paragraph></section><section id="H2A9CB2CEAA0F480DAA8A4B459287AFC7"><enum>4.</enum><header>Statement of policy regarding Tunisia</header>
 <subsection id="H460B37BBBE3F48F987514EEC84D33498"><enum>(a)</enum><header>In general</header><text display-inline="yes-display-inline">It is the policy of the United States to further assist the democratically elected Government of Tunisia in eliminating terrorist organizations that operate in Tunisia and neighboring Libya and preventing fighters in Syria from returning to Tunisia.</text>
 </subsection><subsection id="HF96F6E091F2E478EBDF8B2D4FC8AC122"><enum>(b)</enum><header>Conduct of policy</header><text>The policy described in subsection (a) shall be carried into effect, through a comprehensive effort, in coordination with allies and partners of the United States, where appropriate, that will strengthen the capabilities and coordination of the internal security agencies, combat terrorism, strengthen military readiness, assist in the improvement of the economic performance of Tunisia, assist in the development of civil society and provide assistance for border security, and other technical assistance.</text>
			</subsection></section><section id="HE585D0D59AA641068C4D24EFE9194C0D"><enum>5.</enum><header>Assistance to strengthen and reform the security sector of Tunisia</header>
 <subsection id="HCBF38968DF834C2E817D7D6E3D590E8F"><enum>(a)</enum><header>Sense of Congress</header><text display-inline="yes-display-inline">It is the sense of the Congress that—</text> <paragraph id="H6470AE10DE31401A8E607BAE5B1BF10C"><enum>(1)</enum><text>security is a fundamental component of political stability and economic development;</text>
 </paragraph><paragraph id="HC90C4C23C7434AED9044DC87E0E96915"><enum>(2)</enum><text>the security sector of Tunisia suffers from decades of corruption and public mistrust under the Ben Ali period;</text>
 </paragraph><paragraph id="HB435561B59ED434E8C292A9A7FA1B17F"><enum>(3)</enum><text>significant reform is necessary to enable the Tunisian security services to combat terrorism and reinforce the rule of law;</text>
 </paragraph><paragraph id="HA571446F22CE4B91A3F30CEFF07A7F20"><enum>(4)</enum><text>a corrupt security sector impedes development, deters investment, perpetuates poverty, and undermines the rule of law; and</text>
 </paragraph><paragraph id="HEAF764F934944A5B85AE9790C013180A"><enum>(5)</enum><text>in making security sector reforms it is imperative that the Government of Tunisia also protect the fundamental human rights enshrined in Tunisia’s constitution.</text>
 </paragraph></subsection><subsection id="HCF5830736A844A74BC2EEECEA8E61BAE"><enum>(b)</enum><header>Assistance authorized</header><text>The Secretary of State, acting directly or through nongovernmental organizations, international organizations, or related organizations, is authorized to provide assistance to strengthen and reform the security sector of Tunisia, including to—</text>
 <paragraph id="HABE531C06A8A4CBB8EDD29FB8E88974A"><enum>(1)</enum><text>facilitate better coordination among Tunisian security agencies, including the General Directive for Public Safety, the Directorate General of the Special Services, and the Directorate General of Technical Services;</text>
 </paragraph><paragraph id="HDA4A3B326C8C4B18BABBABCAA86D6224"><enum>(2)</enum><text>increase accountability within the Ministry of the Interior;</text> </paragraph><paragraph id="H4056F09594BA4391B07E5B7A6ADC1D2C"><enum>(3)</enum><text>improve training for members of the judiciary, especially judges and prosecutors, instituting practices that conform to international standards for the rule of law;</text>
 </paragraph><paragraph id="H63B7E50EBDCA4D4B8C67875C55FBC68C"><enum>(4)</enum><text>increase police training programs that emphasize locally inspired and informed curricula and methods; and</text>
 </paragraph><paragraph id="H3F03EB7883F9466A9EEE7F0098453E8A"><enum>(5)</enum><text>strengthen civilian oversight of the security sector.</text> </paragraph></subsection><subsection id="H9B12C463AA9B42F0BA74A3B9D39366DA"><enum>(c)</enum><header>Authorization of appropriations</header><text display-inline="yes-display-inline">Of the amounts authorized to be appropriated for International Narcotics Control and Law Enforcement funding for fiscal year 2016, there is authorized to be appropriated to the Secretary of State $13,000,000 for fiscal year 2017 to carry out this section.</text>
			</subsection></section><section id="H42C0FA11F43549F7A3D9BD998DD83E4F"><enum>6.</enum><header>Assistance to support efforts of the Government of Tunisia to combat terrorism</header>
 <subsection id="HC09F97C9866C41B8893F7EA4DDF6F440"><enum>(a)</enum><header>In general</header><text>The Secretary of State, acting directly or through nongovernmental, international organizations, or related organizations is authorized to support efforts of the Government of Tunisia to combat terrorism, including by—</text>
 <paragraph id="H1716DBACB5E94AA6A7461F3364E5FCAC"><enum>(1)</enum><text>providing technical training and equipment to assist Tunisia to protect facilities, individuals, and infrastructure;</text>
 </paragraph><paragraph id="H4650CE9C4DAA40ECA89493CA1BF6EB7A"><enum>(2)</enum><text>expanding training in the areas of crisis response and tactical and command training;</text> </paragraph><paragraph id="H8F2C9D14D8814D2C99F11C269A363B31"><enum>(3)</enum><text>improving the capacity of Tunisian law enforcement to investigate terrorist incidents; and</text>
 </paragraph><paragraph id="HA05976DD66884C5E959188E2A82D192E"><enum>(4)</enum><text>increasing training to prevent and respond to improvised explosive devices.</text> </paragraph></subsection><subsection id="H87C98D45319A45D7905A7122ACCD542D"><enum>(b)</enum><header>Authorization of appropriations</header><text display-inline="yes-display-inline">Of the amounts authorized to be appropriated for Anti-terrorism Assistance funding for fiscal year 2016, there are authorized to be appropriated to the Secretary of State $6,100,000 for fiscal year 2017 to carry out this section.</text>
			</subsection></section><section id="H8635367EF58F49C3A04B0D849D8A0548"><enum>7.</enum><header>Assistance to support the military readiness of the Government of Tunisia</header>
 <subsection id="H155EB6743EDB4A5C8BD98D300E67B789"><enum>(a)</enum><header>Sense of Congress</header><text>It is the sense of Congress that expeditious consideration of sale, lease or loan, grant, or transfers of defense articles, defense services, and major defense equipment under the Arms Export Control Act, Foreign Assistance Act of 1961, or any other provision of law is consistent with United States policy to assist the Government of Tunisia in eliminating terrorist organizations that pose a threat to the national security and stability of Tunisia.</text>
			</subsection><subsection id="HE9C4AEEE108A4F03A2EC5ACED96DD43F"><enum>(b)</enum><header>Assistance authorized</header>
 <paragraph id="HB959091E1BED480482E212C5290C3E23"><enum>(1)</enum><header>In general</header><text>The President is authorized to provide defense articles, defense services, and training to the Government of Tunisia for the purpose of countering terrorist threats pursuant to the provisions of the Arms Export Control Act (<external-xref legal-doc="usc" parsable-cite="usc/22/2751">22 U.S.C. 2751 et seq.</external-xref>), the Foreign Assistance Act of 1961 (<external-xref legal-doc="usc" parsable-cite="usc/22/2151">22 U.S.C. 2151 et seq.</external-xref>), and other relevant provisions of law.</text>
 </paragraph><paragraph id="H360377FF627942F48226A517198FFFF5"><enum>(2)</enum><header>Types of assistance</header><text display-inline="yes-display-inline">Assistance authorized under paragraph (1) may include the provision of armored personnel carriers, helicopters, reconnaissance surveillance drones, and secure command and communications equipment.</text>
 </paragraph></subsection><subsection commented="no" id="H8D10B14684F2421AA1DAA171BC20A9AE"><enum>(c)</enum><header>Report required</header><text>Not later than 90 days after the date of the enactment of this Act, the Secretary of State shall submit a report detailing the anticipated defense articles, defense services, and training to be provided pursuant to this section and a timeline for the provision of such defense articles, defense services, and training, to—</text>
 <paragraph commented="no" id="H34D01033799745ACA3D6790B6EC8E834"><enum>(1)</enum><text>the Committee on Foreign Relations, the Committee on Appropriations, and the Committee on Armed Services of the Senate; and</text>
 </paragraph><paragraph commented="no" id="H6FE265E9EF834D3DB0F7A14E64CC1054"><enum>(2)</enum><text>the Committee on Foreign Affairs, the Committee on Appropriations, and the Committee on Armed Services of the House of Representatives.</text>
				</paragraph></subsection><subsection id="H9BF3DDCEE3694AF98ECABFB3F42A47E5"><enum>(d)</enum><header>Authorization of appropriations</header>
 <paragraph id="H4EE4B51DA4314870BB759ACCA602A775"><enum>(1)</enum><header>Foreign military financing</header><text display-inline="yes-display-inline">Of the amounts authorized to be appropriated for Foreign Military Financing funding for fiscal year 2017, there is authorized to be appropriated to the Secretary of State $65,000,000 for fiscal year 2017 to carry out this section.</text>
 </paragraph><paragraph id="HCF2EC0337F2E4ADCB0EA361B9C05E8EC"><enum>(2)</enum><header>International military education and training</header><text display-inline="yes-display-inline">Of the amounts authorized to be appropriated for International Military Education and Training funding for fiscal year 2017, there is authorized to be appropriated to the Secretary of State $2,300,000 for fiscal year 2017 to carry out this section.</text>
				</paragraph></subsection></section><section id="HFF38D011632A44CF9DDA8C628B695E0B"><enum>8.</enum><header>Assistance to support democracy and civil society in Tunisia</header>
 <subsection id="H649FDBC1E08941A2AA668591644C1BDE"><enum>(a)</enum><header>Sense of congress</header><text>It is the sense of Congress that—</text> <paragraph id="HB9D14BB4531A4A4F8E7EADB39D885D60"><enum>(1)</enum><text>Tunisia represents one of the most promising opportunities for a pluralistic and participatory democracy in the Middle East and North Africa; and</text>
 </paragraph><paragraph id="H806F689104F444729C01A179BCCE1392"><enum>(2)</enum><text>the success of Tunisia’s peaceful pursuit of democracy is an inspiration to, and model for, other countries in the region, and should be fully supported by the United States as it works to aid Tunisia to consolidate and build upon its democratic gains.</text>
 </paragraph></subsection><subsection id="H6AA7078B18614F35A8F035EA8794D444"><enum>(b)</enum><header>Assistance authorized</header><text>The Secretary of State, acting directly or through nongovernmental organizations, international organizations, or related organizations, is authorized to provide assistance to support democracy and civil society in Tunisia, by—</text>
 <paragraph id="HDE9A93456C20419188183842E7B5DA21"><enum>(1)</enum><text>continuing the support of political party development and improved communications with constituents;</text>
 </paragraph><paragraph id="H1B57B0D1336046818A70F6B62D24FC84"><enum>(2)</enum><text>increasing the capacity of the Tunisian Parliament and ministries to perform their mandated functions including by providing the infrastructure necessary to modernize official communications and records keeping;</text>
 </paragraph><paragraph id="HB4022BC5042F41159D192ACB2B648D0F"><enum>(3)</enum><text>improving the public affairs functions of the Government of Tunisia to communicate more effectively with citizens across the country;</text>
 </paragraph><paragraph id="HC01E03789A824162AE1D07B1F6F6212C"><enum>(4)</enum><text>increasing the professional capacity of support staff in the Tunisian Parliament;</text> </paragraph><paragraph id="H74B51540B2334ABD8BFCCB4240775E31"><enum>(5)</enum><text>encouraging the development of job creation programs especially in the interior regions of Tunisia;</text>
 </paragraph><paragraph id="HB5A178D363DD419EAA2568B85B7A72C3"><enum>(6)</enum><text>supporting Tunisian civil society organizations focused on government transparency and accountability;</text>
 </paragraph><paragraph id="H2C1400F744C0497C990F87E17EA018CE"><enum>(7)</enum><text>supporting Tunisian agencies and organizations engaged in preparations for upcoming municipal elections;</text>
 </paragraph><paragraph id="HE39608B6355B41E3AD98C81EC5C21650"><enum>(8)</enum><text>supporting Tunisian agencies and organizations engaged in countering radicalization programs; and</text> </paragraph><paragraph id="H7C3BE9606FD64E51B409D19AC3548E5E"><enum>(9)</enum><text>encouraging the development of employment assistance programs targeted at youth and first time job seekers.</text>
 </paragraph></subsection><subsection id="H8A1A42FAAFEF4EE38BC604B09082FA40"><enum>(c)</enum><header>Authorization of appropriations</header><text display-inline="yes-display-inline">Of the amounts authorized to be appropriated for Economic Support Fund funding for fiscal year 2017, there is authorized to be appropriated to the Secretary of State $74,000,000 for fiscal year 2017 to carry out this section.</text>
			</subsection></section><section id="H63FFF87A627E43C39AFD37C45676B45E"><enum>9.</enum><header>Assistance to support increased border security for Tunisia</header>
 <subsection id="H7E0FEB56CFB141B9ADB18F26B75EE2AD"><enum>(a)</enum><header>Sense of congress</header><text>It is the sense of Congress that—</text> <paragraph id="H8D2A8AC9B3374259B6C0F648653BBE1D"><enum>(1)</enum><text>terrorist organizations such as Ansar al-Sharia and the Islamic State have exploited the ongoing unrest in Libya and created terrorist sanctuaries in ungoverned regions of Libya; and</text>
 </paragraph><paragraph id="HBE311133E044462980758B781539F84F"><enum>(2)</enum><text>such terrorist organizations have carried out cross-border attacks inside Tunisia and therefore represent a significant threat to the stability of the nascent democratic government of Tunisia.</text>
 </paragraph></subsection><subsection id="HF71708C804574818B3AA2EE39DFDD4A1"><enum>(b)</enum><header>Assistance authorized</header><text>The Secretary of State is authorized to provide assistance to support increased border security for Tunisia by enhancing Tunisia’s capabilities to detect, identify, and interdict illicit trafficking of weapons through intensive training and equipment donation.</text>
 </subsection><subsection id="H3053784098AC49A79AD9172C10EBDE57"><enum>(c)</enum><header>Authorization of appropriations</header><text display-inline="yes-display-inline">Of the amounts authorized to be appropriated for Export Control and Related Border Security Assistance funding for fiscal year 2017, there is authorized to be appropriated to the Secretary of State $1,500,000 for fiscal year 2017 to carry out this section.</text>
			</subsection></section><section id="H7B1B230E5B3042B3BB79BD5B89107764"><enum>10.</enum><header>Economic reforms and assistance</header>
			<subsection id="H6162D7B34C4F4582B8ACB600832E8B53"><enum>(a)</enum><header>Sense of Congress</header>
 <paragraph id="H77FCDDDE95714F89A7F4E40C72D69519"><enum>(1)</enum><header>Findings</header><text display-inline="yes-display-inline">Congress finds the following:</text> <subparagraph id="H735034D2DA374FE1B9A687358278E587"><enum>(A)</enum><text>On December 13, 2016, the Millennium Challenge Corporation (MCC) Board of Directors selected Tunisia as a recipient of an MCC compact—a 5-year grant that will encourage economic growth and reduce poverty.</text>
 </subparagraph><subparagraph id="H763350EF53E745119E2663A3D846A222"><enum>(B)</enum><text>The MCC noted that their selection of Tunisia was based, in part, on the fact that the country has consolidated its democratic gains, has created a significant policy reform agenda, and has continued to work to combat poverty and inequality.</text>
 </subparagraph></paragraph><paragraph id="H7676EB082FBF423D8256DBAC4A3C964F"><enum>(2)</enum><header>Sense of Congress</header><text>It is the sense of Congress that—</text> <subparagraph id="H2BA5DFB139804CCDA2FD093F25288C49"><enum>(A)</enum><text>supporting Tunisia’s orderly reform of its economic and social sectors should be a priority of the United States;</text>
 </subparagraph><subparagraph id="H65F75404304541D5B24533817D202C02"><enum>(B)</enum><text>the Government of Tunisia has made notable progress liberalizing its economy after decades of corruption and social exclusion under the Ben Ali period but more reforms are needed to solidify Tunisia’s economic stability; and</text>
 </subparagraph><subparagraph id="H38405557EA6948C2AD9228DBBEEFDA6D"><enum>(C)</enum><text>such reforms should aim to provide an environment that is conducive to investment while maintaining important and meaningful labor protections.</text>
					</subparagraph></paragraph></subsection><subsection id="HDB70244B2100466386B900AA1B904E00"><enum>(b)</enum><header>Economic reforms and assistance</header>
 <paragraph id="H7DC268D355074C2EAE832F7E5505AB8F"><enum>(1)</enum><header>Findings</header><text>Congress finds the following:</text> <subparagraph id="H6FCA3BA880CC4B53B891F7500336F2F3"><enum>(A)</enum><text>The World Bank has identified areas of the Tunisian economy in need of immediate structural reforms.</text>
 </subparagraph><subparagraph id="HBC614AB5585041459ED4A3C3F1B2D2A8"><enum>(B)</enum><text>Implementing these reforms may lead to short-term economic hardships for many Tunisian citizens.</text> </subparagraph></paragraph><paragraph id="H314E02C3A29F4864B966D30AF20B2B3D"><enum>(2)</enum><header>Reprogramming authority</header><text>In order to ameliorate these short-term hardships and incentivize the Government of Tunisia to continue implementing economic reforms, the Secretary of State is authorized to reprogram funds from prior appropriated but unobligated balances to carry out the activities in support of Tunisia’s economic reforms.</text>
 </paragraph></subsection></section><section id="HF58E72B6FB3A4BB59B7EC49349B354C1"><enum>11.</enum><header>Memorandum of understanding</header><text display-inline="no-display-inline">The Secretary of State is authorized, subject to the availability of appropriations, to enter into a memorandum of understanding with the Government of Tunisia to increase military cooperation, including joint military exercises, personnel exchanges, and enhanced strategic dialogue between the United States and Tunisia.</text>
		</section><section id="H22193A6BCAD34F49B696A0CC18EB0D18"><enum>12.</enum><header>Strategic plan</header>
 <subsection id="HAF4BAE54B75B429FBD032797AA3FE943"><enum>(a)</enum><header>In general</header><text display-inline="yes-display-inline">Not later than 90 days after the date of the enactment of this Act, the Secretary of State shall submit to the appropriate congressional committees a strategic plan to carry out this Act.</text>
 </subsection><subsection id="HAE9FC0FC8B504E699FE588C054B1174F"><enum>(b)</enum><header>Elements</header><text>The report required by subsection (a) shall include the following elements:</text> <paragraph id="H00BC8D3DAC7F458789B2DBA06620D4BD"><enum>(1)</enum><text>Clearly defined goals and objectives, including definitions of success, benchmarks, and a process for incorporating lessons learned.</text>
 </paragraph><paragraph id="H70C80A189AD24F8BBA276BE46367E4DE"><enum>(2)</enum><text>Robust monitoring and evaluation procedures for all programs carried out under this Act.</text> </paragraph><paragraph id="HFA6519EA24A64DC49DBFDFE21875DF30"><enum>(3)</enum><text>Intended implementing partners, including associated roles, and procedures to increase coordination and collaboration and eliminate overlap.</text>
				</paragraph></subsection></section></legis-body></bill>


