<?xml version="1.0"?>
<?xml-stylesheet type="text/xsl" href="billres.xsl"?>
<!DOCTYPE bill PUBLIC "-//US Congress//DTDs/bill.dtd//EN" "bill.dtd">
<bill bill-stage="Referred-in-Senate" bill-type="olc" dms-id="HAA7F0AAECBAF477493BD546AFF50C744" key="H" public-private="public" stage-count="1">
	<metadata xmlns:dc="http://purl.org/dc/elements/1.1/">
<dublinCore>
<dc:title>115 HR 697 : Department of Homeland Security Clearance Management and Administration Act</dc:title>
<dc:publisher>U.S. House of Representatives</dc:publisher>
<dc:date>2017-02-01</dc:date>
<dc:format>text/xml</dc:format>
<dc:language>EN</dc:language>
<dc:rights>Pursuant to Title 17 Section 105 of the United States Code, this file is not subject to copyright protection and is in the public domain.</dc:rights>
</dublinCore>
</metadata>
<form>
		<distribution-code display="yes">IIB</distribution-code>
		<congress display="yes">115th CONGRESS</congress><session display="yes">1st Session</session>
		<legis-num display="yes">H. R. 697</legis-num>
		<current-chamber display="yes">IN THE SENATE OF THE UNITED STATES</current-chamber>
		<action><action-date date="20170201">February 1, 2017</action-date><action-desc>Received; read twice and referred to the <committee-name committee-id="SSGA00">Committee on Homeland Security and Governmental Affairs</committee-name></action-desc></action><legis-type>AN ACT</legis-type>
		<official-title display="yes">To amend the Homeland Security Act of 2002 to improve the management and administration of the
			 security clearance processes throughout the Department of Homeland
			 Security, and for other purposes.</official-title>
	</form>
	<legis-body id="H6D18A65BE4424F6B8EC0238C27F3AD4C" style="OLC">
 <section id="H28395BC3585A475C8CE0BAEABE86FFF3" section-type="section-one"><enum>1.</enum><header>Short title</header><text display-inline="no-display-inline">This Act may be cited as the <quote><short-title>Department of Homeland Security Clearance Management and Administration Act</short-title></quote>.</text> </section><section id="H5A8E4D0DC5DB47A7A51DE9515DAAD9E7"><enum>2.</enum><header>Security clearance management and administration</header> <subsection id="HA33896A930174E8790C1CBC9BBE1B17D"><enum>(a)</enum><header>In general</header><text display-inline="yes-display-inline">Title VII of the Homeland Security Act of 2002 is amended—</text>
 <paragraph id="H619F5CDDCC824A99AAF21A76E334C8F2"><enum>(1)</enum><text>by inserting before section 701 (<external-xref legal-doc="usc" parsable-cite="usc/6/341">6 U.S.C. 341</external-xref>) the following:</text> <quoted-block display-inline="no-display-inline" id="H0CA9DECAFEED4BC19D2FD28DAAA96746" style="OLC"> <subtitle id="HBD349D16442648EFBCBFB2BCE758E6E4"><enum>A</enum><header>Headquarters Activities</header></subtitle><after-quoted-block>;</after-quoted-block></quoted-block> <continuation-text continuation-text-level="paragraph">and</continuation-text></paragraph><paragraph id="HFBBA039A7CB64439905C51903DD9BED0"><enum>(2)</enum><text>by adding at the end the following new subtitle:</text>
					<quoted-block display-inline="no-display-inline" id="HD6234B2D4C3A43DB99D52B0DC5B2187B" style="OLC">
						<subtitle id="H0C8D6AB0442C46708555C66B585E5EF0"><enum>B</enum><header>Security Clearances</header>
							<section id="H427475B4E9D040B3829A2AD9CD9E83E6"><enum>711.</enum><header>Designation of national security sensitive and public trust positions</header>
 <subsection id="H884276CBE933459295C716A1BB9F317B"><enum>(a)</enum><header>In general</header><text display-inline="yes-display-inline">The Secretary shall require the designation of the sensitivity level of national security positions (pursuant to part 1400 of title 5, Code of Federal Regulations, or similar successor regulation) be conducted in a consistent manner with respect to all components and offices of the Department, and consistent with Federal guidelines.</text>
 </subsection><subsection id="H7B67885AC34A4A4F9A1AC45BDB972C92"><enum>(b)</enum><header>Implementation</header><text display-inline="yes-display-inline">In carrying out subsection (a), the Secretary shall require the utilization of uniform designation tools throughout the Department and provide training to appropriate staff of the Department on such utilization. Such training shall include guidance on factors for determining eligibility for access to classified information and eligibility to hold a national security position.</text>
								</subsection></section><section id="HA1D2E0D096C54DE99EF8BE645407E6AD"><enum>712.</enum><header>Review of position designations</header>
 <subsection id="HEC063326B9E94E81A10DF36A7870ABE7"><enum>(a)</enum><header>In general</header><text display-inline="yes-display-inline">Not later than July 6, 2017, and every 5 years thereafter, the Secretary shall review all sensitivity level designations of national security positions (pursuant to part 1400 of title 5, Code of Federal Regulations, or similar successor regulation) at the Department.</text>
 </subsection><subsection id="H7EBC7D89945F4F9895ADEC33C7C99F65"><enum>(b)</enum><header>Determination</header><text>If during the course of a review required under subsection (a), the Secretary determines that a change in the sensitivity level of a position that affects the need for an individual to obtain access to classified information is warranted, such access shall be administratively adjusted and an appropriate level periodic reinvestigation completed, as necessary.</text>
 </subsection><subsection id="H561378A0B8D84245B1AFDC8A4A331795"><enum>(c)</enum><header>Congressional reporting</header><text>Upon completion of each review required under subsection (a), the Secretary shall report to the Committee on Homeland Security of the House of Representatives and the Committee on Homeland Security and Governmental Affairs of the Senate on the findings of each such review, including the number of positions by classification level and by component and office of the Department in which the Secretary made a determination in accordance with subsection (b) to—</text>
 <paragraph id="HD9B3856893354F87B13EDE9E41E86D11"><enum>(1)</enum><text>require access to classified information;</text> </paragraph><paragraph id="H2DD46FC88E374818A42E25C8386FB287"><enum>(2)</enum><text>no longer require access to classified information; or</text>
 </paragraph><paragraph id="H296FC6F9913A4ED3AE7B1AE73F6542A5"><enum>(3)</enum><text>otherwise require a different level of access to classified information.</text> </paragraph></subsection></section><section id="HDFAB949BA9514831ADEDF228FEBF04D3"><enum>713.</enum><header>Audits</header><text display-inline="no-display-inline">Beginning not later than 180 days after the date of the enactment of this section, the Inspector General of the Department shall conduct regular audits of compliance of the Department with part 1400 of title 5, Code of Federal Regulations, or similar successor regulation.</text>
							</section><section id="HD9EC2D285C0E42C99A9932EA5793272F"><enum>714.</enum><header>Reporting</header>
 <subsection id="H9FC18BD5E9DA4C738E7E0F6309D4EB26"><enum>(a)</enum><header>In general</header><text>The Secretary shall annually through fiscal year 2022 submit to the Committee on Homeland Security of the House of Representatives and the Committee on Homeland Security and Governmental Affairs of the Senate a report on the following:</text>
 <paragraph id="HB384583009EB4A54AD72B64CDEFFAC93"><enum>(1)</enum><text>The number of denials, suspensions, revocations, and appeals of the eligibility for access to classified information of an individual throughout the Department.</text>
 </paragraph><paragraph id="HB24393EEEFF74E6FAEDB794D00A97E48"><enum>(2)</enum><text>The date and status or disposition of each reported action under paragraph (1).</text> </paragraph><paragraph id="HA4B438FF9AA048C4BFE70471B4B7347E"><enum>(3)</enum><text>The identification of the sponsoring entity, whether by a component, office, or headquarters of the Department, of each action under paragraph (1), and description of the grounds for each such action.</text>
 </paragraph><paragraph id="H53220E4AE6A8405A85FA7BB209FF7F17"><enum>(4)</enum><text>Demographic data, including data relating to race, sex, national origin, and disability, of each individual for whom eligibility for access to classified information was denied, suspended, revoked, or appealed, and the number of years that each such individual was eligible for access to such information.</text>
 </paragraph><paragraph id="HFC525657CB784AAB80D45349A3FB794A"><enum>(5)</enum><text>In the case of a suspension in excess of 180 days, an explanation for such duration.</text> </paragraph></subsection><subsection id="H25DA035E405D4322802E63C4DBF6A433"><enum>(b)</enum><header>Form</header><text>The report required under subsection (a) shall be submitted in unclassified form and be made publicly available, but may include a classified annex for any sensitive or classified information if necessary.</text>
 </subsection></section><section id="H730E78687F7648A0BCF9583828130501"><enum>715.</enum><header>Uniform adjudication, suspension, denial, and revocation</header><text display-inline="no-display-inline">Not later than 1 year after the date of the enactment of this section, the Secretary, in consultation with the Homeland Security Advisory Committee, shall develop a plan to achieve greater uniformity within the Department with respect to the adjudication of eligibility of an individual for access to classified information that are consistent with the Adjudicative Guidelines for Determining Access to Classified Information published on December 29, 2005, or similar successor regulation. The Secretary shall submit to the Committee on Homeland Security of the House of Representatives and the Committee on Homeland Security and Governmental Affairs of the Senate the plan. The plan shall consider the following:</text>
 <paragraph id="HC6CDFFD593F54917BE99186896CF0983"><enum>(1)</enum><text>Mechanisms to foster greater compliance with the uniform Department adjudication, suspension, denial, and revocation standards by the head of each component and office of the Department with the authority to adjudicate access to classified information.</text>
 </paragraph><paragraph id="H67A091744BFC437698CF139626C67724"><enum>(2)</enum><text>The establishment of an internal appeals panel responsible for final national security clearance denial and revocation determinations that is comprised of designees who are career, supervisory employees from components and offices of the Department with the authority to adjudicate access to classified information and headquarters, as appropriate.</text>
 </paragraph></section><section id="H66E9B2508FF24EB5B7D9B6D90BB84A58"><enum>716.</enum><header>Data protection</header><text display-inline="no-display-inline">The Secretary shall ensure that all information received for the adjudication of eligibility of an individual for access to classified information is consistent with the Adjudicative Guidelines for Determining Access to Classified Information published on December 29, 2005, or similar successor regulation, and is protected against misappropriation.</text>
 </section><section id="HBD71A464E39849CDB9A3FE8D914D7B85"><enum>717.</enum><header>Reference</header><text display-inline="no-display-inline">Except as otherwise provided, for purposes of this subtitle, any reference to the <quote>Department</quote> includes all components and offices of the Department.</text></section></subtitle><after-quoted-block>.</after-quoted-block></quoted-block> </paragraph></subsection><subsection id="HC95A3207A26846A6A545293DACA4F84A"><enum>(b)</enum><header>Clerical amendment</header><text>The table of contents of the Homeland Security Act of 2002 is amended—</text>
 <paragraph id="HB9F0721A8D5946A7869AE19EB8D46EBD"><enum>(1)</enum><text>by inserting before the item relating to section 701 the following new item:</text> <quoted-block display-inline="no-display-inline" id="H215555C50392401CB4CF20B1D2CC1332" style="OLC"> <toc regeneration="no-regeneration"> <toc-entry level="subtitle">Subtitle A—Headquarters Activities</toc-entry></toc><after-quoted-block>;</after-quoted-block></quoted-block> <continuation-text continuation-text-level="paragraph">and</continuation-text></paragraph><paragraph id="HC0D25243D7104AA182D05018A4159A1B"><enum>(2)</enum><text>by inserting after the item relating to section 707 the following new items:</text>
					<quoted-block display-inline="no-display-inline" id="HB0757E3A25994921ACFAF5319A248078" style="OLC">
						<toc regeneration="no-regeneration">
							<toc-entry level="subtitle">Subtitle B—Security Clearances</toc-entry>
							<toc-entry level="section">Sec. 711. Designation of national security sensitive and public trust positions.</toc-entry>
							<toc-entry level="section">Sec. 712. Review of position designations.</toc-entry>
							<toc-entry level="section">Sec. 713. Audits.</toc-entry>
							<toc-entry level="section">Sec. 714. Reporting.</toc-entry>
							<toc-entry level="section">Sec. 715. Uniform adjudication, suspension, denial, and revocation.</toc-entry>
							<toc-entry level="section">Sec. 716. Data protection.</toc-entry>
							<toc-entry level="section">Sec. 717. Reference.</toc-entry></toc><after-quoted-block>.</after-quoted-block></quoted-block>
				</paragraph></subsection></section></legis-body><attestation><attestation-group><attestation-date chamber="House" date="20170131">Passed the House of Representatives January 31, 2017.</attestation-date><attestor display="yes">Karen L. Haas,</attestor><role>Clerk.</role></attestation-group></attestation>
</bill>


