<?xml version="1.0"?>
<?xml-stylesheet type="text/xsl" href="billres.xsl"?>
<!DOCTYPE bill PUBLIC "-//US Congress//DTDs/bill.dtd//EN" "bill.dtd">
<bill bill-stage="Introduced-in-House" dms-id="H1AB69B6FC08247F193A27A967AA43C64" public-private="public" key="H" bill-type="olc"><form><distribution-code display="yes">I</distribution-code><congress display="yes">115th CONGRESS</congress><session display="yes">1st Session</session><legis-num display="yes">H. R. 458</legis-num><current-chamber>IN THE HOUSE OF REPRESENTATIVES</current-chamber><action display="yes"><action-date date="20170111">January 11, 2017</action-date><action-desc><sponsor name-id="T000475">Mr. Trott</sponsor> (for himself and <cosponsor name-id="D000624">Mrs. Dingell</cosponsor>) introduced the following bill; which was referred to the <committee-name committee-id="HPW00">Committee on Transportation and Infrastructure</committee-name>, and in addition to the Committee on <committee-name committee-id="HIF00">Energy and Commerce</committee-name>, for a period to be subsequently determined by the Speaker, in each case for consideration of such provisions as fall within the jurisdiction of the committee concerned</action-desc></action><legis-type>A BILL</legis-type><official-title display="yes">To require the Secretary of Transportation to conduct a study on the economic and environmental risks to the Great Lakes of spills or leaks of oil, and for other purposes.</official-title></form><legis-body id="H8DC7CB7086474B82A56EDC19BE0D2D0F" style="OLC"> 
<section id="H06D7EE11988846D9BF267ABFDDAF865A" section-type="section-one"><enum>1.</enum><header>Short title</header><text display-inline="no-display-inline">This Act may be cited as the <quote><short-title>Preserve Our Lakes and Keep Our Environment Safe Act</short-title></quote>.</text></section> <section id="H52F48912EEC44EDA87B50BFB2F70A225" section-type="subsequent-section"><enum>2.</enum><header>Findings</header><text display-inline="no-display-inline">Congress finds that—</text> 
<paragraph id="H842556A6981E40FF89C25E2486678663"><enum>(1)</enum><text>the Great Lakes are an invaluable national resource, containing one-fifth of the world’s fresh surface water and 95 percent of the United States freshwater supply;</text></paragraph> <paragraph id="H752701F3EFFF419C9E74F5F8246B2927"><enum>(2)</enum><text>over 40,000,000 people depend on the Great Lakes for fresh drinking water;</text></paragraph> 
<paragraph id="H174697F6C1524D2F8E8B90EF0A826E09"><enum>(3)</enum><text>the Great Lakes provide 56,000,000,000 gallons of water per day for municipal, agricultural and industrial use;</text></paragraph> <paragraph id="H0FBD83FA3B05435F84D040DF532A78A3"><enum>(4)</enum><text>there are more than 3,500 species of plants and animals within the Great Lakes ecosystem;</text></paragraph> 
<paragraph id="H0B9C03BB00EC4F679CBCE33B839369EC"><enum>(5)</enum><text>hundreds of thousands of jobs, tied to the $7,000,000,000 recreational fishing and $16,000,000,000 recreational boating industries, directly depend on the Great Lakes;</text></paragraph> <paragraph id="HD45E2D5AAB2A4517B7327DB4889DCE44"><enum>(6)</enum><text>currently, several million gallons per day of hazardous liquids are transported by pipeline across various points along the Great Lakes;</text></paragraph> 
<paragraph id="HDB30725C8ED241A09DB50C27522475CF"><enum>(7)</enum><text>modeling studies by the University of Michigan in 2014 and 2016 have concluded that an oil spill originating from a pipeline under the Straits of Mackinac would present particularly severe consequences, potentially impacting over 700 miles of Great Lakes shoreline;</text></paragraph> <paragraph id="H1C97DB4822714135BED3067C44EE4B61"><enum>(8)</enum><text>a joint NOAA–U.S. Coast Guard guidebook on oil spill response planning in marine environments states that, during the first 24 to 48 hours of open water exposure, most oil spills become difficult to recover, burn, or chemically disperse;</text></paragraph> 
<paragraph id="H2290368B47E546BAA1BA6C6217ACDBF6"><enum>(9)</enum><text>swift currents beneath the straits and waterways which connect the Great Lakes could rapidly disperse oil spill contaminants following a pipeline breach;</text></paragraph> <paragraph id="H8327F3EDD218473291760B0E32AC7769"><enum>(10)</enum><text>certain pipelines on the Great Lakes are located in close proximity to municipal drinking water collection intakes for millions of people; and</text></paragraph> 
<paragraph id="H4FB512287E8E495ABEAD4A7DFD8FDDA8"><enum>(11)</enum><text>the United States should seek to protect the Great Lakes, as a unique national asset, from unreasonable risk of environmental and economic harm.</text></paragraph></section> <section id="HC5AC8AD6E4CA494E800935B4E00D8D88"><enum>3.</enum><header>Study on economic and environmental risks to the Great Lakes</header> <subsection id="HE77F0D88B79C4373B866D57CE986066F"><enum>(a)</enum><header>Study</header><text display-inline="yes-display-inline">Notwithstanding a pipeline integrity management program, integrity management assessment schedule, or considerations by the Secretary of Transportation resulting in a corrective action order pursuant to section 60112 of title 49, United States Code, not later than 12 months after the date of enactment of this Act, the Secretary shall, in consultation with the United States Coast Guard, the Environmental Protection Agency, the Federal Energy Regulatory Commission, and other agencies as appropriate, conduct a study to determine the economic and environmental risks to the Great Lakes of spills or leaks of oil or other hazardous liquids in the Straits of Mackinac from a rupture, breakage, or other failure of onshore, underwater pipeline facilities within the Straits.</text></subsection> 
<subsection id="HA7B4D56700D9437F9A0368DB5BEF69D2"><enum>(b)</enum><header>Contents</header><text>The study required under subsection (a) shall—</text> <paragraph id="H3C1AFEA7E09B4976AA819BE12E2C5BF5"><enum>(1)</enum><text>meet the content requirements of an environmental impact statement as described in part 1502 of title 40, Code of Federal Regulations;</text></paragraph> 
<paragraph id="HB9867DFC003E4E828CD96E0C7B0FDB85"><enum>(2)</enum><text>describe the potential impacts of such spills or leaks to the public health or welfare, wildlife populations, ecosystems, shorelines, public and private property, economic activity, and water quality in the Great Lakes and connecting waterways;</text></paragraph> <paragraph id="H139F027A8A5A436EBEF8AB6A4924A37B"><enum>(3)</enum><text>include an assessment of spill responses in a variety of likely and worst-case spill scenarios in those waters; and</text></paragraph> 
<paragraph id="HACAD2F4DF5CC4CEA838EB2570D4AC07F"><enum>(4)</enum><text>include the supplemental study conducted under subsection (c).</text></paragraph></subsection> <subsection id="H2CC24914E2F94CA4B74F543E8D7D0E11"><enum>(c)</enum><header>Supplemental study</header><text display-inline="yes-display-inline">The Secretary of Transportation shall conduct, in collaboration with pipeline facility operators and any necessary agencies, a supplemental study to evaluate the condition and structural integrity of onshore, underwater pipeline facilities in the Straits of Mackinac, taking into consideration the age, construction materials, external and internal corrosion, weld integrity, pressure, underwater currents, possible external damage caused by anchor strikes or dragging by recreational or cargo vessels, and the presence of in-line shutoff valves. Such supplemental study shall utilize both internal inspection technology and pipeline route surveys, depth of cover surveys, pressure tests, external corrosion direct assessment, or other technology that the operator demonstrates can further the understanding of the condition of the pipeline facility.</text></subsection> 
<subsection id="HFB27925572BC466AB1A30F01DFEC8903"><enum>(d)</enum><header>Termination of operation</header><text display-inline="yes-display-inline">Not later than 12 months after the date of enactment of this Act, the Administrator of the Pipeline and Hazardous Materials Safety Administration shall terminate the operations of an onshore, underwater pipeline facility located in the Straits of Mackinac if the Administrator determines that, based on the studies conducted under subsections (a) and (c), such facility poses a sufficient risk of hazard to life, property, or the environment to necessitate the termination.</text></subsection></section> </legis-body></bill>

