<?xml version="1.0"?>
<?xml-stylesheet type="text/xsl" href="billres.xsl"?>
<!DOCTYPE bill PUBLIC "-//US Congress//DTDs/bill.dtd//EN" "bill.dtd">
<bill bill-stage="Introduced-in-House" dms-id="HB5625BC6DFA042DDB8B20449217FBC0A" public-private="public" key="H" bill-type="olc"><form><distribution-code display="yes">I</distribution-code><congress display="yes">115th CONGRESS</congress><session display="yes">1st Session</session><legis-num display="yes">H. R. 456</legis-num><current-chamber>IN THE HOUSE OF REPRESENTATIVES</current-chamber><action display="yes"><action-date date="20170111">January 11, 2017</action-date><action-desc><sponsor name-id="T000468">Ms. Titus</sponsor> (for herself, <cosponsor name-id="K000390">Mr. Kihuen</cosponsor>, and <cosponsor name-id="R000608">Ms. Rosen</cosponsor>) introduced the following bill; which was referred to the <committee-name committee-id="HIF00">Committee on Energy and Commerce</committee-name></action-desc></action><legis-type>A BILL</legis-type><official-title display="yes">To require the Secretary of Energy to obtain the consent of affected State and local governments before making an expenditure from the Nuclear Waste Fund for a nuclear waste repository.</official-title></form><legis-body id="HD8FBD8F7603C46FB9E357D2514F1156F" style="OLC"> 
<section id="HDC91BFAEB38C4DEFBFCC84EBFFA6CB0F" section-type="section-one"><enum>1.</enum><header>Short title</header><text display-inline="no-display-inline">This Act may be cited as the <quote><short-title>Nuclear Waste Informed Consent Act</short-title></quote>.</text></section> <section id="HD7FE99CDD32F473F92BF5B152E17B6DE" section-type="subsequent-section"><enum>2.</enum><header>Definitions</header><text display-inline="no-display-inline">In this Act, the terms <term>affected Indian tribe</term>, <term>affected unit of local government</term>, <term>Commission</term>, <term>high-level radioactive waste</term>, <term>repository</term>, <term>spent nuclear fuel</term>, and <term>unit of general local government</term> have the meanings given the terms in section 2 of the Nuclear Waste Policy Act of 1982 (<external-xref legal-doc="usc" parsable-cite="usc/42/10101">42 U.S.C. 10101</external-xref>).</text></section> 
<section id="H55D0794618F14A8C9684D675FF40FA74"><enum>3.</enum><header>Consent based approval</header> 
<subsection id="H8926D466A44240129F830A86B639CEE9"><enum>(a)</enum><header>In general</header><text>The Secretary may not make an expenditure from the Nuclear Waste Fund for the costs of the activities described in paragraphs (4) and (5) of section 302(d) of the Nuclear Waste Policy Act of 1982 (<external-xref legal-doc="usc" parsable-cite="usc/42/10222">42 U.S.C. 10222(d)</external-xref>) unless the Secretary has entered into an agreement to host a repository with—</text> <paragraph id="H5D121C2FCF124032A33A0BDA006C9DEF"><enum>(1)</enum><text>the Governor of the State in which the repository is proposed to be located;</text></paragraph> 
<paragraph id="H2972B669E1FC465AB08116F78C946C18"><enum>(2)</enum><text>each affected unit of local government;</text></paragraph> <paragraph id="HDEE0F9C692E64FBB8032CCC7B20F16BE"><enum>(3)</enum><text>any unit of general local government contiguous to the affected unit of local government if spent nuclear fuel or high-level radioactive waste will be transported through that unit of general local government for disposal at the repository; and</text></paragraph> 
<paragraph id="H34CBC9C4E83841FDBDDA1310D73F5F18"><enum>(4)</enum><text>each affected Indian tribe.</text></paragraph></subsection> <subsection id="HD0D5D21963054708A02225C5651166CB"><enum>(b)</enum><header>Conditions on agreement</header><text>Any agreement to host a repository under this Act—</text> 
<paragraph id="H21E4B17BAC1849DE8C9131242375F7E1"><enum>(1)</enum><text>shall be in writing and signed by all parties;</text></paragraph> <paragraph id="HC24BD67403034C55BEC612832FA7F960"><enum>(2)</enum><text>shall be binding on the parties; and</text></paragraph> 
<paragraph id="HBDFE5963D40C4CCEA62462216A0F4BA4"><enum>(3)</enum><text>shall not be amended or revoked except by mutual agreement of the parties.</text></paragraph></subsection></section> </legis-body></bill>

