<?xml version="1.0"?>
<?xml-stylesheet type="text/xsl" href="billres.xsl"?>
<!DOCTYPE bill PUBLIC "-//US Congress//DTDs/bill.dtd//EN" "bill.dtd">
<bill bill-stage="Introduced-in-House" bill-type="olc" dms-id="HCA910BD0C7894DA093AD209396C1BF68" key="H" public-private="public"><metadata xmlns:dc="http://purl.org/dc/elements/1.1/">
<dublinCore>
<dc:title>115 HR 378 IH: Bonuses for Cost-Cutters Act of 2017</dc:title>
<dc:publisher>U.S. House of Representatives</dc:publisher>
<dc:date>2017-01-09</dc:date>
<dc:format>text/xml</dc:format>
<dc:language>EN</dc:language>
<dc:rights>Pursuant to Title 17 Section 105 of the United States Code, this file is not subject to copyright protection and is in the public domain.</dc:rights>
</dublinCore>
</metadata>
<form>
<distribution-code display="yes">I</distribution-code><congress display="yes">115th CONGRESS</congress><session display="yes">1st Session</session><legis-num display="yes">H. R. 378</legis-num><current-chamber>IN THE HOUSE OF REPRESENTATIVES</current-chamber><action display="yes"><action-date date="20170109">January 9, 2017</action-date><action-desc><sponsor name-id="F000459">Mr. Fleischmann</sponsor> (for himself and <cosponsor name-id="C000754">Mr. Cooper</cosponsor>) introduced the following bill; which was referred to the <committee-name committee-id="HGO00">Committee on Oversight and Government Reform</committee-name></action-desc></action><legis-type>A BILL</legis-type><official-title display="yes">To amend title 5, United States Code, to enhance the authority under which Federal agencies may pay
			 cash awards to employees for making cost saving disclosures, and for other
			 purposes.</official-title></form>
	<legis-body id="HD281D9D089DC4ACE81DE5C9A5E63EE63" style="OLC">
 <section id="H98E5BEAD195549B28AD949D7DC014070" section-type="section-one"><enum>1.</enum><header>Short title</header><text display-inline="no-display-inline">This Act may be cited as the <quote><short-title>Bonuses for Cost-Cutters Act of 2017</short-title></quote>.</text> </section><section id="H759FA88B88E345BB8358ED9A83D323FF"><enum>2.</enum><header>Cost savings enhancements</header> <subsection id="H49C5AABB4B364ED4884E9BA2A7368FE6"><enum>(a)</enum><header>Definitions</header><text>Section 4511 of title 5, United States Code, is amended—</text>
 <paragraph id="H030187624A454BC9B271261C6087678B"><enum>(1)</enum><text>in the section heading, by striking <quote><header-in-text level="section" style="USC">Definition</header-in-text></quote> and inserting <quote><header-in-text level="section" style="USC">Definitions</header-in-text></quote>; and</text> </paragraph><paragraph id="HC60EA0FDB9334AB9A8253DD7CC81EE2C"><enum>(2)</enum><text>in subsection (a)—</text>
 <subparagraph id="H0BEABB247EEB445A85BABAF6064CE065"><enum>(A)</enum><text>by striking the period at the end and inserting <quote>; and</quote>;</text> </subparagraph><subparagraph id="HA6EEC729825B41C18BDD6B602E3FCBE5"><enum>(B)</enum><text>by striking <quote>this subchapter, the term</quote> and inserting the following: “this subchapter—</text>
						<quoted-block display-inline="no-display-inline" id="HEA64C055ACA14AD1B7C384989DC73C34" style="OLC">
 <paragraph id="H9C8FA629499342548AAEA80B387D3EF3"><enum>(1)</enum><text>the term</text></paragraph><after-quoted-block>; and</after-quoted-block></quoted-block> </subparagraph><subparagraph id="H4E34102DAED84ADBB7531435C39656AE"><enum>(C)</enum><text>by adding at the end the following:</text>
						<quoted-block display-inline="no-display-inline" id="H8527645C97334835BF740D8D918D8A18" style="OLC">
 <paragraph id="H897191210DEC4406A2FCD3561D5CAE9E"><enum>(2)</enum><text display-inline="yes-display-inline">the term <term>unnecessary expenses</term> means amounts made available for salaries and expenses accounts, operations and maintenance accounts, or other equivalent accounts—</text>
 <subparagraph id="H74F592F2C813439F8D63E6FC975ACBC5"><enum>(A)</enum><text>that are identified by an employee of the agency under section 4512(a) as unnecessary;</text> </subparagraph><subparagraph id="H3D00C065840A410D87DF0C02084F1E0A"><enum>(B)</enum><text>that the Chief Financial Officer of the agency determines are not required for the purpose for which the amounts were made available; and</text>
 </subparagraph><subparagraph id="HFC84D36C8B13455DB81A27252E92AA1D"><enum>(C)</enum><text>the rescission of which would not be detrimental to the full execution of the purposes for which the amounts were made available.</text></subparagraph></paragraph><after-quoted-block>.</after-quoted-block></quoted-block>
 </subparagraph></paragraph></subsection><subsection id="H93CDD9F1DB2D4EF6BF608EC3C1F6ECCF"><enum>(b)</enum><header>Authority</header><text>Section 4512 of title 5, United States Code, is amended—</text> <paragraph id="H8EA34121082A47119F2DC4EC5A7695AD"><enum>(1)</enum><text>in subsection (a)—</text>
 <subparagraph id="HFA1FD21B53164DD4AC5A221277801392"><enum>(A)</enum><text>by inserting <quote>The head of an agency may pay a cash award to any employee of such agency whose identification of unnecessary expenses to the Chief Financial Officer of the agency has resulted in cost savings for the agency.</quote> after the first sentence;</text>
 </subparagraph><subparagraph id="H1B6B71E51AE844DC905911E1073FC009"><enum>(B)</enum><text>in paragraph (1) by striking <quote>$10,000</quote> and inserting <quote>$20,000</quote>;</text> </subparagraph><subparagraph id="HA9A764ABF2654194A7025B49AA052605"><enum>(C)</enum><text>in paragraph (2)—</text>
 <clause id="H9314D1ED93B748B893B81C0BECC0BE65"><enum>(i)</enum><text>by inserting <quote>Chief Financial Officer,</quote> after <quote>Inspector General,</quote>;</text> </clause><clause id="H2CC7E88D3BFC4684A2AF2AD7B4B5C9E8"><enum>(ii)</enum><text display-inline="yes-display-inline">by striking <quote>employee designated under subsection (b)</quote> and inserting <quote>designated employee</quote>; and</text>
 </clause><clause id="HED084F2109194E679D58AA2A95879527"><enum>(iii)</enum><text>by inserting <quote>or identification</quote> after <quote>disclosure</quote>; and</text> </clause></subparagraph><subparagraph id="H2E4B1D6A6D9D4AED98AE755C868EE1A4"><enum>(D)</enum><text>in the matter following paragraph (2)—</text>
 <clause id="H68D3A9340E384B85A633B046369C4C7B"><enum>(i)</enum><text>by inserting <quote>, Chief Financial Officer,</quote> after <quote>Inspector General</quote>; and</text> </clause><clause id="H4BE7F614274A461EACCB9B66E18ABF92"><enum>(ii)</enum><text>by inserting <quote>or identification</quote> after <quote>disclosure</quote>;</text>
 </clause></subparagraph></paragraph><paragraph id="HEC58BC8CCD9841F4B6523C3901F69E8E"><enum>(2)</enum><text>in subsection (b) by striking <quote>awards permitted under this section</quote> and inserting <quote>awards for the disclosure of fraud, waste, or mismanagement under this section</quote>; and</text> </paragraph><paragraph id="H26B841D5E08C4148B6ABE471BBDC2C13"><enum>(3)</enum><text>by adding at the end the following:</text>
					<quoted-block display-inline="no-display-inline" id="H7A41B7811F9841EBB386FF0FC38F5C9E" style="OLC">
						<subsection id="HF7643EB5FE6F4EF5877EB832C9264671"><enum>(c)</enum>
 <paragraph commented="no" display-inline="yes-display-inline" id="H47F9C96B53BF44A591BA66ACDFD4522F"><enum>(1)</enum><text>If the Chief Financial Officer of the agency determines that potential unnecessary expenses identified by an employee meet the requirements of subparagraphs (C) and (D) of section 4511(a)(2), except as provided in subsection (d), the head of the agency shall transfer the amount of the unnecessary expenses or unnecessary budget authority from the applicable appropriations account to the general fund of the Treasury.</text>
 </paragraph><paragraph id="H7130A4B5E9AD4061B44AC0890070F055" indent="up1"><enum>(2)</enum><text>Any amounts transferred under paragraph (1) shall be deposited in the Treasury and used for deficit reduction, except that in the case of a fiscal year for which there is no Federal budget deficit, such amounts shall be used to reduce the Federal debt (in such manner as the Secretary of the Treasury considers appropriate).</text>
 </paragraph><paragraph id="HD90DB4F75B804210B9489C9A6B49EED8" indent="up1"><enum>(3)</enum><text>In the case of an agency for which there is no Chief Financial Officer, the head of the agency shall designate an agency employee who shall have the authority to make the determinations for identification of unnecessary expenses under this section.</text>
							</paragraph></subsection><subsection id="H41B355C018F74271891C188572743C3A"><enum>(d)</enum>
 <paragraph commented="no" display-inline="yes-display-inline" id="H83A1B03601FC45269CBDD9241CFA85AB"><enum>(1)</enum><text>The head of an agency may retain not more than 10 percent of amounts to be transferred to the general fund of the Treasury under subsection (c)(1).</text>
 </paragraph><paragraph id="HCE4F4795A536404390039DAAC598BACC" indent="up1"><enum>(2)</enum><text>Amounts retained by the head of an agency under paragraph (1) may be—</text> <subparagraph id="HBDADAA4CB03342DFB27CD27C8C9789E4"><enum>(A)</enum><text display-inline="yes-display-inline">used for the purpose of paying a cash award under subsection (a) to one or more employees who identified the unnecessary expenses; and</text>
 </subparagraph><subparagraph id="HCBC5C0F79938441581CF8524D613C264"><enum>(B)</enum><text>to the extent amounts remain after paying cash awards under subsection (a), transferred or reprogrammed for use by the agency, in accordance with any limitation on such a transfer or reprogramming under any other provision of law.</text>
								</subparagraph></paragraph></subsection><subsection id="H90FA275AB62B4F15923EA82E4580E6FD"><enum>(e)</enum>
 <paragraph commented="no" display-inline="yes-display-inline" id="H9B969F99DB66436CB91B07A47FAAB8BD"><enum>(1)</enum><text display-inline="yes-display-inline">Not later than October 1 of each fiscal year, the head of each agency shall submit to the Secretary of the Treasury a report identifying the total savings achieved during the previous fiscal year through disclosures of possible fraud, waste, or mismanagement and identifications of unnecessary expenses by an employee.</text>
 </paragraph><paragraph id="H8757B8AB3CED43F999A4B14710C7E8F5" indent="up1"><enum>(2)</enum><text>Not later than September 30 of each fiscal year, the head of each agency shall submit to the Secretary of the Treasury a report that, for the previous fiscal year—</text>
 <subparagraph id="H84041023E63947228B997B551D8FB6E9"><enum>(A)</enum><text display-inline="yes-display-inline">describes each disclosure of possible fraud, waste, or mismanagement or identification of potentially unnecessary expenses by an employee of the agency determined by the agency to have merit; and</text>
 </subparagraph><subparagraph id="H34970DB933144F88A346CE461A4F87C1"><enum>(B)</enum><text>provides the number and amount of cash awards by the agency under subsection (a).</text> </subparagraph></paragraph><paragraph id="H9CA7E6E61F3344F0BE4B01B9F7350909" indent="up1"><enum>(3)</enum><text>The head of each agency shall include the information described in paragraphs (1) and (2) in each budget request of the agency submitted to the Office of Management and Budget as part of the preparation of the budget of the President submitted to Congress under section 1105(a) of title 31.</text>
 </paragraph><paragraph id="H047E877DD27E465CAD772A5167F32C0A" indent="up1"><enum>(4)</enum><text>The Secretary of the Treasury shall submit to the Committee on Appropriations of the Senate, the Committee on Appropriations of the House of Representatives, and the Government Accountability Office an annual report on Federal cost saving and awards based on the reports submitted under paragraphs (1) and (2).</text>
 </paragraph></subsection><subsection id="H3DE88EBC30554AABBE3AE410FEF0CDE5"><enum>(f)</enum><text>The Director of the Office of Personnel Management shall—</text> <paragraph id="H5C6FABFCAE5943C097F5F07775DE608B"><enum>(1)</enum><text>ensure that the cash award program of each agency complies with this section; and</text>
 </paragraph><paragraph id="H861EBF5BB79E42BBA7656B4A95ACDFB0"><enum>(2)</enum><text>submit to Congress an annual certification indicating whether the cash award program of each agency complies with this section.</text>
 </paragraph></subsection><subsection id="HCF425D781E34475B98EC5908E10CA94B"><enum>(g)</enum><text>Not later than 3 years after the date of enactment of the <short-title>Bonuses for Cost-Cutters Act of 2017</short-title>, and every 3 years thereafter, the Comptroller General of the United States shall submit to Congress a report on the operation of the cost savings and awards program under this section, including any recommendations for legislative changes.</text></subsection><after-quoted-block>.</after-quoted-block></quoted-block>
 </paragraph></subsection><subsection id="H9109DEAFB21342588191094C2DB2B651"><enum>(c)</enum><header>Technical and conforming amendment</header><text>The table of sections for subchapter II of <external-xref legal-doc="usc-chapter" parsable-cite="usc-chapter/5/45">chapter 45</external-xref> of title 5, United States Code, is amended by striking the item relating to section 4511 and inserting the following:</text>
				<quoted-block id="H63E4F370D6524153927377E60D326F26" style="USC">
					<toc>
						<toc-entry level="section">4511. Definitions and general provisions.</toc-entry></toc><after-quoted-block>.</after-quoted-block></quoted-block>
			</subsection></section><section id="HE4D5C78096F2424C92D208B2107B7252"><enum>3.</enum><header>Officers eligible for cash awards</header>
 <subsection id="H71F97CE9E2664574943852C3D5AF5A4B"><enum>(a)</enum><header>In general</header><text>Section 4509 of title 5, United States Code, is amended to read as follows:</text> <quoted-block display-inline="no-display-inline" id="H0D1A8B64CEAF4F7DB01929C14661ED00" style="USC"> <section id="H2111509DEB794C6EB242E643035EA799"><enum>4509.</enum><header>Prohibition of cash award to certain officers and employees</header> <text display-inline="no-display-inline">An individual may not receive a cash award under this subchapter if the individual—</text>
 <paragraph id="H17D647F2AED9424CAA23BE61C37A111A"><enum>(1)</enum><text>is an officer serving in a position at level I of the Executive Schedule;</text> </paragraph><paragraph id="HB07FC7327BFD4AF683035EB56394AC4B"><enum>(2)</enum><text>is the head of an agency;</text>
 </paragraph><paragraph commented="no" id="H6F68C2309A0B45E4863961CBA4D1D1F7"><enum>(3)</enum><text>is an officer or employee of the Office of the Inspector General of an agency; or</text> </paragraph><paragraph id="HD3627B3BFA194B998E18CEA94F901783"><enum>(4)</enum><text>is a commissioner, board member, or other voting member of an independent establishment.</text></paragraph></section><after-quoted-block>.</after-quoted-block></quoted-block>
 </subsection><subsection id="H1FA7CE7E08E84D27B50E084BC167FA8F"><enum>(b)</enum><header>Technical and conforming amendment</header><text>The table of sections for <external-xref legal-doc="usc-chapter" parsable-cite="usc-chapter/5/45">chapter 45</external-xref> of title 5, United States Code, is amended by striking the item relating to section 4509 and inserting the following:</text>
				<quoted-block id="HAC7C752FAFC84407BA52C58C1C265B30" style="USC">
					<toc>
						<toc-entry idref="H2111509DEB794C6EB242E643035EA799" level="section">4509. Prohibition of cash award to certain officers and employees.</toc-entry></toc><after-quoted-block>.</after-quoted-block></quoted-block>
			</subsection></section></legis-body></bill>


