<?xml version="1.0"?>
<?xml-stylesheet type="text/xsl" href="billres.xsl"?>
<!DOCTYPE bill PUBLIC "-//US Congress//DTDs/bill.dtd//EN" "bill.dtd">
<bill bill-stage="Introduced-in-House" bill-type="olc" dms-id="H30397B1FA95C4D7E97E0A48D1B01CE26" key="H" public-private="public"><metadata xmlns:dc="http://purl.org/dc/elements/1.1/">
<dublinCore>
<dc:title>115 HR 438 IH: California New River Restoration Act of 2017</dc:title>
<dc:publisher>U.S. House of Representatives</dc:publisher>
<dc:date>2017-01-11</dc:date>
<dc:format>text/xml</dc:format>
<dc:language>EN</dc:language>
<dc:rights>Pursuant to Title 17 Section 105 of the United States Code, this file is not subject to copyright protection and is in the public domain.</dc:rights>
</dublinCore>
</metadata>
<form>
<distribution-code display="yes">I</distribution-code><congress display="yes">115th CONGRESS</congress><session display="yes">1st Session</session><legis-num display="yes">H. R. 438</legis-num><current-chamber>IN THE HOUSE OF REPRESENTATIVES</current-chamber><action display="yes"><action-date date="20170111">January 11, 2017</action-date><action-desc><sponsor name-id="V000130">Mr. Vargas</sponsor> (for himself and <cosponsor name-id="H001048">Mr. Hunter</cosponsor>) introduced the following bill; which was referred to the <committee-name committee-id="HII00">Committee on Natural Resources</committee-name>, and in addition to the Committee on <committee-name committee-id="HPW00">Transportation and Infrastructure</committee-name>, for a period to be subsequently determined by the Speaker, in each case for consideration of such
			 provisions as fall within the jurisdiction of the committee concerned</action-desc></action><legis-type>A BILL</legis-type><official-title display="yes">To direct the Administrator of the Environmental Protection Agency to establish a California New
			 River restoration program to build on, and help coordinate funding for,
			 restoration and protection efforts relating to the New River, and for
			 other purposes.</official-title></form>
	<legis-body id="H43392A624D0244AC841EBADCF436F0C2" style="OLC">
 <section id="HC44E74CC2E4A4834AC0816F09230CA8F" section-type="section-one"><enum>1.</enum><header>Short title</header><text display-inline="no-display-inline">This Act may be cited as the <quote><short-title>California New River Restoration Act of 2017</short-title></quote>.</text> </section><section id="HBC36F47ADABE4A9FA6860F1BF03C77E6"><enum>2.</enum><header>Findings</header><text display-inline="no-display-inline">Congress finds that—</text>
 <paragraph id="HB7F08D88C2834F93B77C2EEDA7BEF3C5"><enum>(1)</enum><text>the New River was born out of the Colorado River’s occasional flows into the Salton Sink and the erosion of the New River channel which formed the deep river canyon between 1905 and 1907;</text>
 </paragraph><paragraph id="H4DFF9DA70FCB4693922A249692DCF358"><enum>(2)</enum><text>the New River starts in Mexicali, Mexico, flows north into the United States through Calexico, passes through the Imperial Valley and drains into the Salton Sea, roughly 66 miles north of the international boundary, and the sub-watershed covers approximately 750 square miles, with 63 percent of that in Mexico and 37 percent in the United States;</text>
 </paragraph><paragraph id="HCFCBA02625114C5B9A4F68C60928B201"><enum>(3)</enum><text>the New River has been widely recognized for its significant water pollution problems, primarily because of agricultural runoff, raw sewage, pesticides, and discharges of wastes from domestic, agricultural, and industrial sources in Mexico and the Imperial Valley;</text>
 </paragraph><paragraph id="HE47E168C19FA4FE3A638B74539C991ED"><enum>(4)</enum><text>by the 1980s, the New River acquired the reputation of being one of the most polluted rivers in the United States, with many of the pollutants posing serious human health hazards to local populations, particularly those in Calexico and Mexicali;</text>
 </paragraph><paragraph id="H844E04ED0B134FA4B8B84FA2064A1989"><enum>(5)</enum><text>in 1992, the International Boundary Water Commission’s Treaty Minute No. 288 established a sanitation strategy for the New River water quality problems at the international boundary and divided the sanitation projects into two immediate repairs projects, the Mexicali I and the Mexicali II, which totaled about $50 million dollars and were funded by both countries through the North American Development Bank;</text>
 </paragraph><paragraph id="HC9857E1EDCC04BBE9787A2107830538C"><enum>(6)</enum><text>in 1995, the Environmental Protection Agency provided funds to the California Regional Water Quality Control Board to monitor and document the water quality at the international boundary on a monthly basis;</text>
 </paragraph><paragraph id="H48400D2A0A774874A2C3D8FD8E7DF3C5"><enum>(7)</enum><text>in the late 1990s, the United States and Mexico spent $100 million (45 percent paid by Mexico and 55 percent paid by the United States) to build the Las Arenitas and Zaragoza Wastewater Treatment plants, and untreated New River water passing through four microbial treatment cells at Las Arenitas was then chlorinated and fed into a re-forestation project along the desiccated Rio Hardy which stretches to the Sea of Cortez;</text>
 </paragraph><paragraph id="H046E4CD6E4AA43128A6EACC3F69E4981"><enum>(8)</enum><text>a 10-year effort by community groups, lawyers, regulatory agencies, and politicians addressed the problem at the source by federally funding a new sewage treatment plant in Mexicali and developing a site plan for the river on the United States side;</text>
 </paragraph><paragraph id="H467FDECAE4914B62A3474969373A1365"><enum>(9)</enum><text>in 2009, the State of California required the California-Mexico Border Relations Council to create a strategic plan to study, monitor, remediate, and enhance the New River’s water quality to protect human health and develop a river parkway suitable for public use;</text>
 </paragraph><paragraph commented="no" id="HAD1E7F87208B4C12A7627AAAC2696AA3"><enum>(10)</enum><text display-inline="yes-display-inline">in 2012, the California-Mexico Border Relations Council approved the strategic plan for the New River Improvement Project prepared by the New River Improvement Project Technical Advisory Committee;</text>
 </paragraph><paragraph commented="no" id="H708239C5FC43474DA3480B4324E5123D"><enum>(11)</enum><text display-inline="yes-display-inline">in 2016, the New River Improvement Project Technical Advisory Committee revised the recommended infrastructure of the New River Improvement Project, and the State of California appropriated $1.4 million to provide grants or contracts to implement the necessary planning, design, environmental review, and permitting work;</text>
 </paragraph><paragraph commented="no" id="H34B3A626D6754DE4A8BC6C2032709A44"><enum>(12)</enum><text display-inline="yes-display-inline">the revised New River Improvement Project includes the installation of a large trash screen, a conveyance system, aeration devices, a new pump station and managed wetlands; and</text>
 </paragraph><paragraph id="H9B2F0E5C8DEF475C8E125A11519FEF2A"><enum>(13)</enum><text>the existing and ongoing voluntary conservation efforts at the New River necessitate improved efficiency and cost effectiveness, as well as increased private-sector investments and coordination of Federal and non-Federal resources.</text>
 </paragraph></section><section id="H4CF0698B50C443A8AFA981C0000D3A19"><enum>3.</enum><header>Definitions</header><text display-inline="no-display-inline">In this Act:</text> <paragraph id="H48D203EE1210489B878DD4BA1E74EE6B"><enum>(1)</enum><header>Administrator</header><text>The term <term>Administrator</term> means the Administrator of the Environmental Protection Agency.</text>
 </paragraph><paragraph id="HCE669990EE4945769D62190525704341"><enum>(2)</enum><header>Mexican</header><text>The term <term>Mexican</term> refers to the Federal, State, and local governments of the United Mexican States.</text> </paragraph><paragraph id="H5A79E25C2B84435FBA9742C5D87CCBD7"><enum>(3)</enum><header>New River</header><text>The term <term>New River</term> means the river that starts in Mexicali, Mexico, flows north into the United States through Calexico, passes through the Imperial Valley, and drains into the Salton Sea.</text>
 </paragraph><paragraph commented="no" id="H339BA206EF014C39AD4EF651DACBB750"><enum>(4)</enum><header>Program</header><text>The term <term>program</term> means the California New River restoration program established under section 4.</text> </paragraph><paragraph id="H8A4B7E446DC64B6D8F82A45D14E739F8"><enum>(5)</enum><header>Restoration and protection</header><text>The term <term>restoration and protection</term> means the conservation, stewardship, and enhancement of habitat for fish and wildlife to preserve and improve ecosystems and ecological processes on which they depend.</text>
			</paragraph></section><section id="H7AB785A8739A4B6694ED84795545B6E3"><enum>4.</enum><header>California New River restoration program establishment</header>
 <subsection id="H90762868C7CF4E1990E974D072F4D830"><enum>(a)</enum><header>Establishment</header><text>Not later than 180 days after the date of enactment of this Act, the Administrator shall establish a program to be known as the <quote>California New River restoration program</quote>.</text>
 </subsection><subsection id="HEC71F2D3485E40B6BAD1C20E98E05A65"><enum>(b)</enum><header>Duties</header><text>In carrying out the program, the Administrator shall—</text> <paragraph id="H780ADCD4ED4F42838635BAA0CF2DD101"><enum>(1)</enum><text display-inline="yes-display-inline">implement projects, plans, and initiatives for the New River supported by the California-Mexico Border Relations Council, and work in consultation with applicable management entities, including representatives of the Calexico New River Committee, the California-Mexico Border Relations Council, the New River Improvement Project Technical Advisory Committee, the Federal Government, State and local governments, and regional and nonprofit organizations, to implement restoration and protection activities relating to the New River;</text>
 </paragraph><paragraph id="HCB611AEF67B74B5594A8B8D55E750624"><enum>(2)</enum><text>undertake activities that—</text> <subparagraph id="H34AFA26AF53F4C69A69B2C5D921411EE"><enum>(A)</enum><text>support the implementation of a shared set of science-based restoration and protection activities identified in accordance with paragraph (1);</text>
 </subparagraph><subparagraph id="H769908AB45DB4DA3BB5823A9C68B6072"><enum>(B)</enum><text>target cost-effective projects with measurable results; and</text> </subparagraph><subparagraph id="H8F4F73180455434D99391F369C9F2EE6"><enum>(C)</enum><text>maximize conservation outcomes with no net gain of Federal full-time equivalent employees; and</text>
 </subparagraph></paragraph><paragraph id="HC17CE256FA624393995A15AA90A40179"><enum>(3)</enum><text>provide grants and technical assistance in accordance with section 5.</text> </paragraph></subsection><subsection id="HF8BE7AC634384155B63DCBBAD2AAB8BA"><enum>(c)</enum><header>Coordination</header><text>In establishing the program, the Administrator shall consult, as appropriate, with—</text>
 <paragraph id="HD0F09E9F7D444D369C077A1167947FB9"><enum>(1)</enum><text>the heads of Federal agencies, including—</text> <subparagraph id="H9E74FBC04EFC4410A313FB8A6E9AE9B0"><enum>(A)</enum><text>the Secretary of the Interior;</text>
 </subparagraph><subparagraph id="H149F73B799B94ADAAA06FC4BB0C65D95"><enum>(B)</enum><text>the Secretary of Agriculture;</text> </subparagraph><subparagraph id="H7E0168CC16C645BB831B9F260567A33A"><enum>(C)</enum><text>the Secretary of Homeland Security;</text>
 </subparagraph><subparagraph id="H8421FAD7121A4D53A1BD64A2A500B93F"><enum>(D)</enum><text>the Administrator of General Services;</text> </subparagraph><subparagraph id="H082EDA0A4A0342FB81F86D7E3FE230FD"><enum>(E)</enum><text>the Commissioner of U.S. Customs and Border Protection;</text>
 </subparagraph><subparagraph id="H5726CC046C1E49D890B400B2C3ACC378"><enum>(F)</enum><text>the Commissioner of the International Boundary Water Commission; and</text> </subparagraph><subparagraph id="H42A996F093534F07B6E5489CC778C71D"><enum>(G)</enum><text>the head of any other applicable agency;</text>
 </subparagraph></paragraph><paragraph id="H2D5165AA8B204780967E5B758173E4D7"><enum>(2)</enum><text>the Governor of California;</text> </paragraph><paragraph id="H20B8C94C2C4C4374BF1D7E47F602EA46"><enum>(3)</enum><text>the California Environmental Protection Agency;</text>
 </paragraph><paragraph id="HBD51A26AC0714CF08FD934927C8D29D0"><enum>(4)</enum><text>the California State Water Resources Control Board;</text> </paragraph><paragraph id="H8D851554E06E430090D6A4E9BA5C422E"><enum>(5)</enum><text>the California Department of Water Resources;</text>
 </paragraph><paragraph id="HC20DD663DBC645E4B680FBDCA5C5ACC0"><enum>(6)</enum><text>the Colorado River Basin Regional Water Quality Control Board;</text> </paragraph><paragraph id="H327CE4FD3E7745D5877A78C95823613F"><enum>(7)</enum><text>the Imperial Irrigation District; and</text>
 </paragraph><paragraph id="H870A3FE381404CCB8C2FA7ACEA68163E"><enum>(8)</enum><text>other public agencies and organizations with authority for the planning and implementation of conservation strategies relating to the New River in both the United States and Mexico.</text>
 </paragraph></subsection><subsection id="H60D443AC0C1746E38D0E7B712FFA1D5D"><enum>(d)</enum><header>Purposes</header><text>The purposes of the program include—</text> <paragraph id="HD30172ED977A43FE8B95D360A1B3924F"><enum>(1)</enum><text>coordinating restoration and protection activities, among Mexican, Federal, State, local, and regional entities and conservation partners, relating to the New River; and</text>
 </paragraph><paragraph id="H28F5CB02A59642419C3F61068F27FAC1"><enum>(2)</enum><text display-inline="yes-display-inline">carrying out coordinated restoration and protection activities, and providing for technical assistance relating to the New River—</text>
 <subparagraph id="HD52139EDE0064430B84DF21F80370883"><enum>(A)</enum><text>to sustain and enhance fish and wildlife habitat restoration and protection activities;</text> </subparagraph><subparagraph id="HFCDA6DAB0C5640A08F8A0D25C74F6728"><enum>(B)</enum><text>to improve and maintain water quality to support fish and wildlife, as well as the habitats of fish and wildlife;</text>
 </subparagraph><subparagraph id="H33F14F08A6484B21BDD32FE743AEC6FA"><enum>(C)</enum><text>to sustain and enhance water management for volume and flood damage mitigation improvements to benefit fish and wildlife habitat;</text>
 </subparagraph><subparagraph id="HD9A94E99BF0142879E02C96AA5FCE55C"><enum>(D)</enum><text>to improve opportunities for public access to, and recreation in and along, the New River consistent with the ecological needs of fish and wildlife habitat;</text>
 </subparagraph><subparagraph id="H1DAC222EE5A74F6E9E3EC93C11EA10EC"><enum>(E)</enum><text>to maximize the resilience of natural systems and habitats under changing watershed conditions;</text> </subparagraph><subparagraph id="H80FB275DB7E547DCB6BAE0B7B0E860C0"><enum>(F)</enum><text display-inline="yes-display-inline">to engage the public through outreach, education, and citizen involvement, to increase capacity and support for coordinated restoration and protection activities relating to the New River;</text>
 </subparagraph><subparagraph id="HB3245B2176BA48ACBA761AB60FC5557E"><enum>(G)</enum><text>to increase scientific capacity to support the planning, monitoring, and research activities necessary to carry out coordinated restoration and protection activities; and</text>
 </subparagraph><subparagraph id="H9CE50E744A7B41E99D6A41E39ADE5498"><enum>(H)</enum><text display-inline="yes-display-inline">to provide technical assistance to carry out restoration and protection activities relating to the New River.</text>
					</subparagraph></paragraph></subsection></section><section id="H292029A59B61458CBCDE96B1A4F51521"><enum>5.</enum><header>Grants and assistance</header>
 <subsection id="H3DA73247D2E84421ABE98434507D70E3"><enum>(a)</enum><header>In general</header><text display-inline="yes-display-inline">In carrying out the program, the Administrator shall provide grants and technical assistance to State and local governments, nonprofit organizations, and institutions of higher education, in both the United States and Mexico, to carry out the purposes of the program.</text>
 </subsection><subsection id="HEF7E39524A8946D5A97E9FDEC88FDDD4"><enum>(b)</enum><header>Criteria</header><text>The Administrator, in consultation with the organizations described in section 4(c), shall develop criteria for providing grants and technical assistance under this section to ensure that such activities accomplish one or more of the purposes identified in section 4(d)(2) and advance the implementation of priority actions or needs identified in the New River-wide strategy adopted under section 4(b)(2).</text>
			</subsection><subsection id="H939E1E1BD0B84D008380BD4649420578"><enum>(c)</enum><header>Cost sharing</header>
 <paragraph id="HC0233D696F914554A533B08F33DEDA96"><enum>(1)</enum><header>Federal share</header><text>The Federal share of the cost of a project for which a grant is provided under this section shall not exceed 55 percent of the total cost of the activity, as determined by the Administrator.</text>
 </paragraph><paragraph id="HBF22BE8DACC84174B0AAB64D28E58632"><enum>(2)</enum><header>Non-Federal share</header><text display-inline="yes-display-inline">The non-Federal share of the cost of a project for which a grant is provided under this section may be provided in the form of an in-kind contribution of services or materials.</text>
				</paragraph></subsection><subsection id="HF996FA6DF17F44D49F35DA01E614A80B"><enum>(d)</enum><header>Administration</header>
 <paragraph id="H9AF37F262FA6440D896F611685430775"><enum>(1)</enum><header>In general</header><text>The Administrator may enter into an agreement to manage the implementation of this section with the North American Development Bank or a similar organization that offers grant management services.</text>
 </paragraph><paragraph id="H9B54126F15E34ED4A13CFC5A1675AD76"><enum>(2)</enum><header>Funding</header><text>If the Administrator enters into an agreement under paragraph (1), the organization selected shall—</text> <subparagraph id="HB85CF10B89FA4FB8A36A18B3C5110239"><enum>(A)</enum><text>for each fiscal year, receive amounts to carry out this section in an advance payment of the entire amount on October 1, or as soon as practicable thereafter, of that fiscal year;</text>
 </subparagraph><subparagraph id="H8F795A52B3C343149AAB22334993D6F6"><enum>(B)</enum><text>invest and reinvest those amounts for the benefit of the program; and</text> </subparagraph><subparagraph id="H7420BAC1F8CD4B5D93D09A28D797678B"><enum>(C)</enum><text display-inline="yes-display-inline">otherwise administer the implementation of this section to support partnerships between the public and private sectors in accordance with this Act.</text>
 </subparagraph></paragraph></subsection></section><section id="HB8AC8A35A70442B3868743CAFE76083F"><enum>6.</enum><header>Annual reports</header><text display-inline="no-display-inline">Not later than 180 days after the date of enactment of this Act, and annually thereafter, the Administrator shall submit to Congress a report on the implementation of this Act, including a description of each project that has received funding under this Act and the status of all such projects that are in progress on the date of submission of the report.</text>
		</section></legis-body></bill>


