<?xml version="1.0"?>
<?xml-stylesheet type="text/xsl" href="billres.xsl"?>
<!DOCTYPE bill PUBLIC "-//US Congress//DTDs/bill.dtd//EN" "bill.dtd">
<bill bill-stage="Introduced-in-House" bill-type="olc" dms-id="H129DCB7085F049FA9396AB7BEDF1DB41" key="H" public-private="public"><metadata xmlns:dc="http://purl.org/dc/elements/1.1/">
<dublinCore>
<dc:title>115 HR 389 IH: Credit Union Residential Loan Parity Act</dc:title>
<dc:publisher>U.S. House of Representatives</dc:publisher>
<dc:date>2017-01-10</dc:date>
<dc:format>text/xml</dc:format>
<dc:language>EN</dc:language>
<dc:rights>Pursuant to Title 17 Section 105 of the United States Code, this file is not subject to copyright protection and is in the public domain.</dc:rights>
</dublinCore>
</metadata>
<form>
<distribution-code display="yes">I</distribution-code><congress display="yes">115th CONGRESS</congress><session display="yes">1st Session</session><legis-num display="yes">H. R. 389</legis-num><current-chamber>IN THE HOUSE OF REPRESENTATIVES</current-chamber><action display="yes"><action-date date="20170110">January 10, 2017</action-date><action-desc><sponsor name-id="R000487">Mr. Royce of California</sponsor> (for himself, <cosponsor name-id="H001068">Mr. Huffman</cosponsor>, <cosponsor name-id="D000191">Mr. DeFazio</cosponsor>, and <cosponsor name-id="Y000033">Mr. Young of Alaska</cosponsor>) introduced the following bill; which was referred to the <committee-name committee-id="HBA00">Committee on Financial Services</committee-name></action-desc></action><legis-type>A BILL</legis-type><official-title display="yes">To amend the Federal Credit Union Act to exclude a loan secured by a non-owner occupied 1- to
			 4-family dwelling from the definition of a member business loan, and for
			 other purposes.</official-title></form>
	<legis-body id="H7D0AFBAE1FA44F8785B3783D153A932F" style="OLC">
 <section id="H0C8FD3C7B4864BA49C12C2B0A1CC75C0" section-type="section-one"><enum>1.</enum><header>Short title</header><text display-inline="no-display-inline">This Act may be cited as the <quote><short-title>Credit Union Residential Loan Parity Act</short-title></quote>.</text> </section><section id="HF729D6324EAC45F2954F7500468BFB10"><enum>2.</enum><header>Treatment of a non-owner occupied 1- to 4-family dwelling</header> <subsection id="HB2E5C3D531004A76ACD9E0F8DDC62A4A"><enum>(a)</enum><header>Removal from member business loan limitation</header><text display-inline="yes-display-inline">Section 107A(c)(1)(B)(i) of the Federal Credit Union Act (<external-xref legal-doc="usc" parsable-cite="usc/12/1757a">12 U.S.C. 1757a(c)(1)(B)(i)</external-xref>) is amended by striking <quote>that is the primary residence of a member</quote>.</text>
 </subsection><subsection id="H42986FEEF75847CF90E6A644618AE690"><enum>(b)</enum><header>Rule of construction</header><text display-inline="yes-display-inline">Nothing in this Act or the amendment made by this Act shall preclude the National Credit Union Administration from treating an extension of credit that is fully secured by a lien on a 1- to 4-family dwelling that is not the primary residence of a member as a member business loan for purposes other than the member business loan limitation requirements under section 107A of the Federal Credit Union Act (<external-xref legal-doc="usc" parsable-cite="usc/12/1757a">12 U.S.C. 1757a</external-xref>).</text>
			</subsection></section></legis-body></bill>


