<?xml version="1.0"?>
<?xml-stylesheet type="text/xsl" href="billres.xsl"?>
<!DOCTYPE bill PUBLIC "-//US Congress//DTDs/bill.dtd//EN" "bill.dtd">
<bill bill-stage="Introduced-in-House" bill-type="olc" dms-id="HBCA24115046A44FE9631CC89043EE058" key="H" public-private="public"><metadata xmlns:dc="http://purl.org/dc/elements/1.1/">
<dublinCore>
<dc:title>115 HR 333 IH: Disabled Veterans Tax Termination Act</dc:title>
<dc:publisher>U.S. House of Representatives</dc:publisher>
<dc:date>2017-01-05</dc:date>
<dc:format>text/xml</dc:format>
<dc:language>EN</dc:language>
<dc:rights>Pursuant to Title 17 Section 105 of the United States Code, this file is not subject to copyright protection and is in the public domain.</dc:rights>
</dublinCore>
</metadata>
<form>
<distribution-code display="yes">I</distribution-code><congress display="yes">115th CONGRESS</congress><session display="yes">1st Session</session><legis-num display="yes">H. R. 333</legis-num><current-chamber>IN THE HOUSE OF REPRESENTATIVES</current-chamber><action display="yes"><action-date date="20170105">January 5, 2017</action-date><action-desc><sponsor name-id="B000490">Mr. Bishop of Georgia</sponsor> introduced the following bill; which was referred to the <committee-name committee-id="HAS00">Committee on Armed Services</committee-name>, and in addition to the Committee on <committee-name committee-id="HVR00">Veterans' Affairs</committee-name>, for a period to be subsequently determined by the Speaker, in each case for consideration of such
			 provisions as fall within the jurisdiction of the committee concerned</action-desc></action><legis-type>A BILL</legis-type><official-title display="yes">To amend title 10, United States Code, to permit retired members of the Armed Forces who have a
			 service-connected disability rated less than 50 percent to receive
			 concurrent payment of both retired pay and veterans’ disability
			 compensation, to extend eligibility for concurrent receipt to chapter 61
			 disability retirees with less than 20 years of service, and for other
			 purposes.</official-title></form>
	<legis-body id="H6DC4F7FC3076428F8BC07EC93CC8C0DF" style="OLC">
 <section display-inline="no-display-inline" id="H2837458386404DBB909AC281852A02CF" section-type="section-one"><enum>1.</enum><header>Short title</header><text display-inline="no-display-inline">This Act may be cited as the <quote><short-title>Disabled Veterans Tax Termination Act</short-title></quote>.</text> </section><section id="H99C7E323AEC34FF6B95F1EE6A634556B"><enum>2.</enum><header>Concurrent receipt of both retired pay and veterans’ disability compensation for military retirees with compensable service-connected disabilities</header> <subsection id="HBB7CE2B2064D4836BDF0F3DF3316205A"><enum>(a)</enum><header>Inclusion of Retirees With Service-Connected Disabilities Rated Less Than 50 Percent</header><text>Section 1414(a) of title 10, United States Code, is amended—</text>
 <paragraph id="HDC11B5F700324F80815E8A3783985430"><enum>(1)</enum><text>by striking <quote><header-in-text level="subsection" style="OLC">Compensation</header-in-text></quote> in the subsection heading and all that follows through <quote>Subject</quote> and inserting <quote><header-in-text level="subsection" style="OLC">Compensation</header-in-text>.—Subject</quote>;</text> </paragraph><paragraph id="H781E25059CEB4513890E635A92AD062A"><enum>(2)</enum><text>by striking <quote>qualifying service-connected disability</quote> and inserting <quote>service-connected disability</quote>; and</text>
 </paragraph><paragraph id="H56BE8D5F9CA64481B5E90228FB7F06E3"><enum>(3)</enum><text>by striking paragraph (2).</text> </paragraph></subsection><subsection id="H033A76927A5C48EDAEB477086481C7FF"><enum>(b)</enum><header>Inclusion of disability retirees with less than 20 years of service</header><text display-inline="yes-display-inline">Section 1414(b) of title 10, United States Code, is amended—</text>
 <paragraph id="HFD22631B83C3481BAF88A2BEEB9DA115"><enum>(1)</enum><text>in paragraph (1), by striking <quote>member retired</quote> and inserting <quote>qualified retiree who is retired</quote>; and</text> </paragraph><paragraph id="HCCCB4199506848F7939881E1B0E310A7"><enum>(2)</enum><text>by striking paragraph (2) and inserting the following new paragraph:</text>
					<quoted-block display-inline="no-display-inline" id="H4261B5832522441A8656A82506A3465B" style="OLC">
 <paragraph id="HABCD9B6E09E5430E8520594D099684A7"><enum>(2)</enum><header>Disability retirees with less than 20 years of service</header><text display-inline="yes-display-inline">The retired pay of a qualified retiree who is retired under chapter 61 of this title with fewer than 20 years of creditable service is subject to reduction under sections 5304 and 5305 of title 38, but only by the amount (if any) by which the amount of the member’s retired pay under such chapter exceeds the amount equal to 2½ percent of the member’s years of creditable service multiplied by the member’s retired pay base under section 1406(b)(1) or 1407 of this title, whichever is applicable to the member.</text></paragraph><after-quoted-block>.</after-quoted-block></quoted-block>
 </paragraph></subsection><subsection id="H95D5AA655CA249BBBF8D622268D10617"><enum>(c)</enum><header>Conforming amendments reflecting end of Concurrent Receipt phase-In period</header><text display-inline="yes-display-inline">Section 1414 of title 10, United States Code, is further amended—</text> <paragraph id="HA90C9E09664C4C64B9383179D6CBCEB8"><enum>(1)</enum><text>in subsection (a), as amended by subsection (a) of this section, by striking the final sentence;</text>
 </paragraph><paragraph id="HB847B0198E4546F98496159774C110E8"><enum>(2)</enum><text>by striking subsection (c) and redesignating subsections (d) and (e) as subsections (c) and (d), respectively; and</text>
 </paragraph><paragraph id="HB59D20C6DEEE4CD4AB4833F720A3D765"><enum>(3)</enum><text>in subsection (d), as so redesignated, by striking paragraphs (3) and (4).</text> </paragraph></subsection><subsection id="H7D5F088752C74DD9BACEBB7E09A9825B"><enum>(d)</enum><header>Clerical Amendments</header> <paragraph id="HE6B815453FFE43C0B2AF90847C1C977A"><enum>(1)</enum><header>Section heading</header><text display-inline="yes-display-inline">The heading for section 1414 of title 10, United States Code, is amended to read as follows:</text>
					<quoted-block id="H1F28212E04BA4826B5EEE0118C202EC9" style="USC">
						<section id="H6727957549754BB6AE1AE3E4FE34B283"><enum>1414.</enum><header>Members eligible for retired pay who are also eligible for veterans’ disability compensation:
			 Concurrent payment of retired pay and disability compensation</header></section><after-quoted-block>.</after-quoted-block></quoted-block>
 </paragraph><paragraph id="HD3C450BF067F4525B4BD5D15DD7C76C0"><enum>(2)</enum><header>Table of sections</header><text display-inline="yes-display-inline">The item relating to such section in the table of sections at the beginning of <external-xref legal-doc="usc-chapter" parsable-cite="usc-chapter/10/71">chapter 71</external-xref> of title 10, United States Code, is amended to read as follows:</text>
					<quoted-block id="H19DB907F863448D6A54874E8B7127038" style="OLC">
						<toc regeneration="no-regeneration">
							<toc-entry level="section">1414. Members eligible for retired pay who are also eligible for veterans’ disability compensation:
			 Concurrent payment of retired pay and disability compensation.</toc-entry></toc><after-quoted-block>.</after-quoted-block></quoted-block>
 </paragraph></subsection><subsection id="H47083A7C8B0D42BDA3BE37984CA7F511"><enum>(e)</enum><header>Conforming amendment reflecting subsection redesignation</header><text display-inline="yes-display-inline">Section 1413a(f) of title 10, United States Code, is amended by striking <quote>Subsection (d)</quote> and inserting <quote>Subsection (c)</quote>.</text> </subsection><subsection id="H3D90F163E0344EF08082175C74764280"><enum>(f)</enum><header>Effective Date</header><text>The amendments made by this section shall take effect on the first day of the first month beginning after the date of the enactment of this Act and shall apply to payments for months beginning on or after that date.</text>
			</subsection></section></legis-body></bill>


