<?xml version="1.0"?>
<?xml-stylesheet type="text/xsl" href="billres.xsl"?>
<!DOCTYPE bill PUBLIC "-//US Congress//DTDs/bill.dtd//EN" "bill.dtd">
<bill bill-stage="Introduced-in-House" bill-type="olc" dms-id="H12757BDE25B04A3B97C01E357E621A26" key="H" public-private="public"><metadata xmlns:dc="http://purl.org/dc/elements/1.1/">
<dublinCore>
<dc:title>115 HR 337 IH: Black Hills National Cemetery Boundary Expansion Act</dc:title>
<dc:publisher>U.S. House of Representatives</dc:publisher>
<dc:date>2017-01-05</dc:date>
<dc:format>text/xml</dc:format>
<dc:language>EN</dc:language>
<dc:rights>Pursuant to Title 17 Section 105 of the United States Code, this file is not subject to copyright protection and is in the public domain.</dc:rights>
</dublinCore>
</metadata>
<form>
<distribution-code display="yes">I</distribution-code><congress display="yes">115th CONGRESS</congress><session display="yes">1st Session</session><legis-num display="yes">H. R. 337</legis-num><current-chamber>IN THE HOUSE OF REPRESENTATIVES</current-chamber><action display="yes"><action-date date="20170105">January 5, 2017</action-date><action-desc><sponsor name-id="N000184">Mrs. Noem</sponsor> introduced the following bill; which was referred to the <committee-name committee-id="HII00">Committee on Natural Resources</committee-name>, and in addition to the Committee on <committee-name committee-id="HVR00">Veterans' Affairs</committee-name>, for a period to be subsequently determined by the Speaker, in each case for consideration of such
			 provisions as fall within the jurisdiction of the committee concerned</action-desc></action><legis-type>A BILL</legis-type><official-title display="yes">To transfer administrative jurisdiction over certain Bureau of Land Management land from the
			 Secretary of the Interior to the Secretary of Veterans Affairs for
			 inclusion in the Black Hills National Cemetery, and for other purposes.</official-title></form>
	<legis-body id="HFC7958513083472F83CF6C0824132B5D" style="OLC">
 <section id="H0339B161A7C7434FBED8939AD40A2BAF" section-type="section-one"><enum>1.</enum><header>Short title</header><text display-inline="no-display-inline">The Act may be cited as the <quote><short-title>Black Hills National Cemetery Boundary Expansion Act</short-title></quote>.</text> </section><section id="H3E08D2F575D644D1A49E9D7DB1D9D939"><enum>2.</enum><header>Withdrawal and transfer of public land for cemetery use</header> <subsection id="H3B0AB26E6DB3435A909683F036811890"><enum>(a)</enum><header>Due Diligence</header><text>Prior to the withdrawal and transfer in subsection (b), the Secretary of Veterans Affairs will complete appropriate environmental, cultural resource and other due diligence activities on the public lands identified in subsection (c), so that the Secretary of Veterans Affairs may confirm that the land is suitable for cemetery purposes. The Secretary of Veterans Affairs shall notify the Secretary of the Interior of such due diligence activities prior to initiating and shall coordinate as needed during the performance of such activities.</text>
 </subsection><subsection id="HB446F18DE12E4393AADCD2B9AE66E06F"><enum>(b)</enum><header>Withdrawal and transfer</header><text>After completion of the due diligence activities in subsection (a) and upon receipt by the Secretary of the Interior of written confirmation from the Secretary of Veterans Affairs that the land is suitable for cemetery purposes, and subject to valid existing rights, the public lands described in subsection (c) shall be—</text>
 <paragraph id="H7EF7832688B74B11903291C5FE613038"><enum>(1)</enum><text>withdrawn from all forms of appropriation under the public land laws, including the mining laws, the mineral leasing laws, and the geothermal leasing laws, for as long as the lands remain under the administrative jurisdiction of the Secretary of Veterans Affairs;</text>
 </paragraph><paragraph id="H0BD2E3D848BB46F7926FC922B2C7EEED"><enum>(2)</enum><text>deemed property as defined in section 102(9) of title 40, United States Code, for as long as the lands remain under the administrative jurisdiction of the Secretary of Veterans Affairs; and</text>
 </paragraph><paragraph id="H0B8A37418A84432DA75F7534C9D5A80A"><enum>(3)</enum><text>transferred to the administrative jurisdiction of the Secretary of Veterans Affairs for use as national cemeteries under <external-xref legal-doc="usc-chapter" parsable-cite="usc-chapter/38/24">chapter 24</external-xref> of title 38, United States Code.</text>
 </paragraph></subsection><subsection id="HE7135576359B44CAB576D55E513B112B"><enum>(c)</enum><header>Land description</header><text>The public lands withdrawn, deemed property, and transferred under subsection (b) shall be the approximately 200 acres of land adjacent to Black Hills National Cemetery, South Dakota, generally depicted as <quote>Proposed National Cemetery Expansion</quote> on the map entitled <quote>Proposed Expansion of Black Hills National Cemetery—South Dakota</quote> and dated June 16, 2016, except the land located within 100 feet of the centerline of the Centennial Trail (which runs along the northern boundary of the <quote>Proposed National Cemetery Expansion</quote>) and that is located south of the Trail.</text>
 </subsection><subsection id="HFCAE0E45D0A641B185B076146E738B90"><enum>(d)</enum><header>Boundary modification</header><text>Immediately after the public lands are withdrawn, deemed property, and transferred under subsection (b), the boundary of the Black Hills National Cemetery shall be modified to include the public lands identified in subsection (c).</text>
 </subsection><subsection id="HA7C94DCAC3EB4899AF5161E868E20162"><enum>(e)</enum><header>Modification of public land order</header><text>Immediately after the public lands under subsection (b) are withdrawn, deemed property, and transferred under subsection (b), Public Land Order 2112, dated June 6, 1960 (25 Fed. Reg. 5243), shall be modified to exclude the lands identified in subsection (c).</text>
			</subsection></section><section id="H3C183800849C44678BD3761E905BD2D4"><enum>3.</enum><header>Legal descriptions</header>
 <subsection id="H703A05870C254A5AA423266726942D15"><enum>(a)</enum><header>Preparation of legal descriptions</header><text>As soon as practicable following receipt of written confirmation from the Secretary of Veterans Affairs that the land is suitable for cemetery purposes, the Secretary of the Interior shall publish in the Federal Register a notice containing the legal descriptions of the public lands withdrawn, deemed property, and transferred under section 2(b).</text>
 </subsection><subsection id="HEFD65D31DAA9413F9BC70B904ABFE9A0"><enum>(b)</enum><header>Legal effect</header><text>The legal descriptions prepared under subsection (a) shall have the same force and effect as if the legal descriptions were included in this Act, except that the Secretary of the Interior may correct any clerical and typographical errors in the legal descriptions.</text>
 </subsection><subsection id="HDDBEDA70DABA4EDC81D525BB87182BB5"><enum>(c)</enum><header>Availability</header><text>Copies of the map referred to in section 2(c) and the legal descriptions prepared under subsection (a) shall be available for public inspection in the appropriate offices of—</text>
 <paragraph id="H675052433A32403499B132D15B07828E"><enum>(1)</enum><text>the Bureau of Land Management; and</text> </paragraph><paragraph id="HEAB9A9C438C6418DA184F1CFB4D0E97A"><enum>(2)</enum><text>the National Cemetery Administration.</text>
 </paragraph></subsection><subsection id="HF738316D10964765B63C27057988143A"><enum>(d)</enum><header>Costs</header><text>The Secretary of Veterans Affairs shall reimburse the Secretary of the Interior for reasonable costs incurred by the Secretary of the Interior in implementing this section, including the costs of any surveys.</text>
			</subsection></section><section id="H699E8475EBE24AFA98563E93CD3F2876"><enum>4.</enum><header>Restoration to public lands for non-cemetery use</header>
 <subsection id="HBB2F3710558D4BC5B9175E3AC89CFCC8"><enum>(a)</enum><header>Notice and effect</header><text>Upon a determination by the Secretary of Veterans Affairs that all or a portion of the lands withdrawn, deemed property, and transferred under section 2 shall not be used for cemetery purposes, the Secretary of Veterans Affairs shall notify the Secretary of the Interior of such determination. Subject to subsections (b) and (c), the Secretary of Veterans Affairs shall transfer administrative jurisdiction of the lands subject to such notice to the Secretary of the Interior.</text>
 </subsection><subsection id="HC47D980174244F849880467E2E3F3E1B"><enum>(b)</enum><header>Decontamination</header><text>The Secretary of Veterans Affairs shall be responsible for costs of any decontamination of the lands resulting from contamination on the lands withdrawn, deemed property, and transferred under section 2(b) while the Secretary of Veterans Affairs exercised jurisdiction over those lands subject to a notice under subsection (a) determined by the Secretary of the Interior to be necessary for the lands to be restored to the public lands.</text>
 </subsection><subsection id="H0B1B84C543CC4735981F8533A5955930"><enum>(c)</enum><header>Restoration to the public lands</header><text>The lands subject to a notice under subsection (a) shall only be restored to the public lands upon acceptance by the Secretary of the Interior and a determination by the Secretary of the Interior that such lands are suitable for restoration to the public lands and operation of one or more of the public land laws.</text>
 </subsection><subsection id="H5E32E67DCDF848288938123C0B5B0E4C"><enum>(d)</enum><header>Opening order</header><text>If the Secretary of the Interior accepts the lands subject to such a notice and determines that the lands are suitable for restoration, in whole or in part, the Secretary of the Interior may open the lands to operation of one or more of the public land laws and may issue an order to that effect.</text>
			</subsection></section></legis-body></bill>


