<?xml version="1.0"?>
<?xml-stylesheet type="text/xsl" href="billres.xsl"?>
<!DOCTYPE bill PUBLIC "-//US Congress//DTDs/bill.dtd//EN" "bill.dtd">
<bill bill-stage="Introduced-in-House" bill-type="olc" dms-id="H0EFDB1BAB26F49DD9C37D00E97C24F40" key="H" public-private="public"><metadata xmlns:dc="http://purl.org/dc/elements/1.1/">
<dublinCore>
<dc:title>115 HR 396 IH: Tax Accountability Act of 2017</dc:title>
<dc:publisher>U.S. House of Representatives</dc:publisher>
<dc:date>2017-01-10</dc:date>
<dc:format>text/xml</dc:format>
<dc:language>EN</dc:language>
<dc:rights>Pursuant to Title 17 Section 105 of the United States Code, this file is not subject to copyright protection and is in the public domain.</dc:rights>
</dublinCore>
</metadata>
<form>
<distribution-code display="yes">I</distribution-code><congress display="yes">115th CONGRESS</congress><session display="yes">1st Session</session><legis-num display="yes">H. R. 396</legis-num><current-chamber>IN THE HOUSE OF REPRESENTATIVES</current-chamber><action display="yes"><action-date date="20170110">January 10, 2017</action-date><action-desc><sponsor name-id="C001076">Mr. Chaffetz</sponsor> introduced the following bill; which was referred to the <committee-name committee-id="HGO00">Committee on Oversight and Government Reform</committee-name></action-desc></action><legis-type>A BILL</legis-type><official-title display="yes">To prohibit the award of a contract or grant in excess of the simplified acquisition threshold to a
			 potential contractor or grant applicant with a seriously delinquent tax
			 debt, to amend title 5, United States Code, to provide that individuals
			 having seriously delinquent tax debts shall be ineligible for Federal
			 employment, and for other purposes.</official-title></form>
	<legis-body id="HEC8FA049DB33436D91AEA667773EC776" style="OLC">
 <section id="H1E3B929B9C754ECC9D1027701E7F9334" section-type="section-one"><enum>1.</enum><header>Short title</header><text display-inline="no-display-inline">This Act may be cited as the <quote><short-title>Tax Accountability Act of 2017</short-title></quote>.</text> </section><section id="HD37C767B13DE41C2B95407D02DDC3163"><enum>2.</enum><header>Prohibition on award of contract or grant in excess of simplified acquisition threshold to potential contractor or grant applicant with seriously delinquent tax debt</header> <subsection id="HA586EEAB1BF841DF90FB868C80B3D3B2"><enum>(a)</enum><header>Governmental policy</header><text>It is the policy of the United States Government that no Government contracts or grants should be awarded to individuals or companies with seriously delinquent Federal tax debts.</text>
			</subsection><subsection commented="no" id="H9DE5AFC1FC1942E48D1344DA627E790A"><enum>(b)</enum><header>Disclosure and evaluation of contract offers from delinquent Federal debtors</header>
 <paragraph commented="no" id="H8A6FD172A55B40D9A855A021A43E41B0"><enum>(1)</enum><header>In general</header><text display-inline="yes-display-inline">The head of any executive agency that issues a solicitation for bids or a request for proposals for a contract in an amount greater than the simplified acquisition threshold shall require each person that submits a bid or proposal to submit with the bid or proposal a form—</text>
 <subparagraph id="HE6D562995D8C4F20A0E0A48E491B342F"><enum>(A)</enum><text>certifying whether such person has a seriously delinquent tax debt; and</text> </subparagraph><subparagraph id="H91E49B49FFB64BF8B675A6CCD1DAA0EB"><enum>(B)</enum><text>authorizing the Secretary of the Treasury to disclose to the head of the agency information limited to describing whether the person has a seriously delinquent tax debt.</text>
 </subparagraph></paragraph><paragraph id="H00F7B39FA930457F86A3BA35932C012E"><enum>(2)</enum><header>Impact on responsibility determination</header><text>The head of any executive agency, in evaluating any offer received in response to a solicitation issued by the agency for bids or proposals for a contract, shall consider a certification that the offeror has a seriously delinquent tax debt to be definitive proof that the offeror is not a responsible source as defined in section 113 of title 41, United States Code.</text>
				</paragraph><paragraph display-inline="no-display-inline" id="H6A62796E679446E8A3C322C746A785A9"><enum>(3)</enum><header>Debarment</header>
 <subparagraph id="H7B3EF6A0ACF3493E8B80DECEC88A5C95"><enum>(A)</enum><header>Requirement</header><text display-inline="yes-display-inline">Except as provided in subparagraph (B), the head of an executive agency shall initiate a suspension or debarment proceeding against a person after receiving an offer for a contract from such person if—</text>
 <clause id="HC3DCCAEDAECA4E15B1060585095755BD"><enum>(i)</enum><text>such offer contains a certification (as required under paragraph (1)(A)) that such person has a seriously delinquent tax debt; or</text>
 </clause><clause id="HB23EF4102A5B4DB5ADDC8DFACFF9953D"><enum>(ii)</enum><text>the head of the agency receives information from the Secretary of the Treasury (as authorized under paragraph (1)(B)) demonstrating that such a certification submitted by such person is false.</text>
 </clause></subparagraph><subparagraph id="H53AF1398F0534B91B0A3A3077613946E"><enum>(B)</enum><header>Waiver</header><text display-inline="yes-display-inline">The head of an executive agency may waive subparagraph (A) with respect to a person based upon a written finding of urgent and compelling circumstances significantly affecting the interests of the United States. If the head of an executive agency waives subparagraph (A) for a person, the head of the agency shall submit to the Committee on Oversight and Government Reform of the House of Representatives and the Committee on Homeland Security and Governmental Affairs of the Senate, within 30 days after the waiver is made, a report containing the rationale for the waiver and relevant information supporting the waiver decision.</text>
 </subparagraph></paragraph><paragraph commented="no" id="HD958713ACFE449639F4707CAB93B1032"><enum>(4)</enum><header>Release of information</header><text>The Secretary of the Treasury, in consultation with the Director of the Office of Management and Budget, shall make available to all executive agencies a standard form for the authorization described in paragraph (1)(B).</text>
 </paragraph><paragraph commented="no" id="HEF93AD4877974D9097368083B32B1ECB"><enum>(5)</enum><header>Revision of regulations</header><text>Not later than 270 days after the date of the enactment of this Act, the Federal Acquisition Regulation shall be revised to incorporate the requirements of this section.</text>
				</paragraph></subsection><subsection id="H0C9835D00408486C9E8C5EFC48338828"><enum>(c)</enum><header>Disclosure and evaluation of grant applications from delinquent Federal debtors</header>
 <paragraph id="HEAA4B4E2005F446D8ED9E08E3CC6FB52"><enum>(1)</enum><header>In general</header><text display-inline="yes-display-inline">The head of any executive agency that offers a grant in excess of an amount equal to the simplified acquisition threshold shall require each grant applicant to submit with the grant application a form—</text>
 <subparagraph id="HBADCEC0CEC1643919F798D7775F3FB77"><enum>(A)</enum><text>certifying whether such applicant has a seriously delinquent tax debt; and</text> </subparagraph><subparagraph id="H5DC0C0BC7D3E445A840CB50C7DE7A93C"><enum>(B)</enum><text>authorizing the Secretary of the Treasury to disclose to the head of the agency information limited to describing whether the applicant has a seriously delinquent tax debt.</text>
 </subparagraph></paragraph><paragraph commented="no" display-inline="no-display-inline" id="H6E45619652FA4C348EB0523804697745"><enum>(2)</enum><header>Impact on determination of financial stability</header><text>The head of any executive agency, in evaluating any application for a grant offered by the agency, shall consider a certification under paragraph (1)(A) that the grant applicant has a seriously delinquent tax debt to be definitive proof that the applicant is high-risk and shall—</text>
 <subparagraph commented="no" id="H477B07CF7EB14EB5BC4EC87D298981D2"><enum>(A)</enum><text>decline the grant application;</text> </subparagraph><subparagraph commented="no" id="HA4593DC568964A539904166CA2CCDB18"><enum>(B)</enum><text>ensure that the applicant does not receive any future grant offered by the agency; and</text>
 </subparagraph><subparagraph commented="no" id="H7E321DE693204B729DCE6194FAE55266"><enum>(C)</enum><text display-inline="yes-display-inline">in the case of an applicant that has, as of the date on which the grant application is denied under subparagraph (A), an existing grant previously awarded by the agency, take appropriate measures under guidelines issued by the Office of Management and Budget pursuant to paragraph (5) for enhanced oversight of the applicant.</text>
					</subparagraph></paragraph><paragraph display-inline="no-display-inline" id="H314E8C21E70E4BE7928C153B02E4D978"><enum>(3)</enum><header>Debarment</header>
 <subparagraph id="HEFD8D9DF980F494BBD8277F5C870B14F"><enum>(A)</enum><header>Requirement</header><text display-inline="yes-display-inline">Except as provided in subparagraph (B), the head of an executive agency shall initiate a suspension or debarment proceeding against a grant applicant after receiving a grant application from such applicant if—</text>
 <clause id="H3535C5C980724B7A8ADAD0C4C5ABFCF3"><enum>(i)</enum><text>such application contains a certification (as required under paragraph (1)(A)) that such applicant has a seriously delinquent tax debt; or</text>
 </clause><clause display-inline="no-display-inline" id="H5EB41F9DF71743FF80BC5C8B535C95DC"><enum>(ii)</enum><text>the head of the agency receives information from the Secretary of the Treasury (as authorized under paragraph (1)(B)) demonstrating that such a certification submitted by such applicant is false.</text>
 </clause></subparagraph><subparagraph id="H9E428E82D8EE42639727BB30454B1ED4"><enum>(B)</enum><header>Waiver</header><text display-inline="yes-display-inline">The head of an executive agency may waive subparagraph (A) with respect to an applicant based upon a written finding of urgent and compelling circumstances significantly affecting the interests of the United States. If the head of an executive agency waives subparagraph (A) for an applicant, the head of the agency shall submit to the Committee on Oversight and Government Reform of the House of Representatives and the Committee on Homeland Security and Governmental Affairs of the Senate, within 30 days after the waiver is made, a report containing the rationale for the waiver and relevant information supporting the waiver decision.</text>
 </subparagraph></paragraph><paragraph id="H2A0DE844DBEE453F876F97C723197150"><enum>(4)</enum><header>Release of information</header><text>The Secretary of the Treasury, in consultation with the Director of the Office of Management and Budget, shall make available to all executive agencies a standard form for the authorization described in paragraph (1)(B).</text>
 </paragraph><paragraph id="HCD694553C3074BC997B44E5788074B7F"><enum>(5)</enum><header>Revision of regulations</header><text>Not later than 270 days after the date of the enactment of this Act, the Director of the Office of Management and Budget shall revise such regulations as necessary to incorporate the requirements of this section.</text>
 </paragraph></subsection><subsection id="H9BDC7A4684E8465B9B0A21C4CE5E9046"><enum>(d)</enum><header>Definitions and special rules</header><text>For purposes of this section:</text> <paragraph id="H5E75C48B878149C9951A0F5609F68D74"><enum>(1)</enum><header>Executive agency</header><text display-inline="yes-display-inline">The term <term>executive agency</term> has the meaning given such term in section 133 of title 41, United States Code.</text>
				</paragraph><paragraph commented="no" display-inline="no-display-inline" id="H8D32184A4D384ABE9694C4CD633B2A26"><enum>(2)</enum><header>Seriously delinquent tax debt</header>
 <subparagraph commented="no" display-inline="no-display-inline" id="HA9C6E08E2EA642D08B11155400025169"><enum>(A)</enum><header>In general</header><text display-inline="yes-display-inline">The term <term>seriously delinquent tax debt</term> means a Federal tax liability that—</text> <clause id="H47A95B51812240819E7A9B9414A728E2"><enum>(i)</enum><text>has been assessed by the Secretary of the Treasury under the Internal Revenue Code of 1986; and</text>
 </clause><clause id="H1660A2C50B524530BFDC3AB450AAA4A4"><enum>(ii)</enum><text>may be collected by the Secretary by levy or by a proceeding in court.</text> </clause></subparagraph><subparagraph commented="no" display-inline="no-display-inline" id="HC80B217F7C184D68B999DE6D413E070C"><enum>(B)</enum><header>Exceptions</header><text>Such term does not include—</text>
 <clause commented="no" display-inline="no-display-inline" id="H106FEE3F0221408C856F5DA3855582A0"><enum>(i)</enum><text>a debt that is being paid in a timely manner pursuant to an agreement under section 6159 or section 7122 of such Code;</text>
 </clause><clause commented="no" display-inline="no-display-inline" id="HF0DA545D58394838BA89EF863DFE2102"><enum>(ii)</enum><text display-inline="yes-display-inline">a debt with respect to which a collection due process hearing under section 6330 of such Code, or relief under subsection (a), (b), or (f) of section 6015 of such Code, is requested or pending;</text>
 </clause><clause display-inline="no-display-inline" id="H4D318569AAA741A0A122D46DD0CEC569"><enum>(iii)</enum><text display-inline="yes-display-inline">a debt with respect to which a continuous levy has been issued under section 6331 of such Code (or, in the case of an applicant for employment, a debt with respect to which the applicant agrees to be subject to such a levy); and</text>
 </clause><clause commented="no" id="HD26835AC563F4DEF8C1E33F89A073E54"><enum>(iv)</enum><text>a debt with respect to which such a levy is released under section 6343(a)(1)(D) of such Code.</text> </clause></subparagraph></paragraph></subsection><subsection id="H9657FB7AC0284EA490CD924B8BD88D91"><enum>(e)</enum><header>Effective date</header><text>This section shall apply with respect to contracts and grants awarded on or after the date occurring 270 days after the date of the enactment of this Act.</text>
			</subsection></section><section id="H491B8FEDE798426C9107CCD3B071366C"><enum>3.</enum><header>Ineligibility of noncompliant taxpayers for Federal employment</header>
 <subsection id="HDCD71F6434B3405CB14C9315620D245D"><enum>(a)</enum><header>In general</header><text display-inline="yes-display-inline"><external-xref legal-doc="usc-chapter" parsable-cite="usc-chapter/5/73">Chapter 73</external-xref> of title 5, United States Code, is amended by adding at the end the following:</text> <quoted-block display-inline="no-display-inline" id="H1BE9C46B9B1D41C988592B7AE31E120A" style="USC"> <subchapter id="H05CF877E29E4453489FB9893A31DF347"><enum>VIII</enum><header>Ineligibility of Noncompliant Taxpayers for Federal Employment</header> <section id="H9967E1B8AD144D9CBCF906A982F79DD4"><enum>7381.</enum><header>Definitions</header><text display-inline="no-display-inline">For purposes of this subchapter—</text>
 <paragraph id="HD0807EABD1554644BE05F6BFBF68D252"><enum>(1)</enum><text>The term <term>seriously delinquent tax debt</term> means a Federal tax liability that has been assessed by the Secretary of the Treasury under the Internal Revenue Code of 1986 and may be collected by the Secretary by levy or by a proceeding in court, except that such term does not include—</text>
 <subparagraph id="HEE5E9BB8C4604D668E184AE48734FAE4"><enum>(A)</enum><text>a debt that is being paid in a timely manner pursuant to an agreement under section 6159 or section 7122 of such Code;</text>
 </subparagraph><subparagraph id="H1DC017A32F5541DB97F950B500B631F4"><enum>(B)</enum><text>a debt with respect to which a collection due process hearing under section 6330 of such Code, or relief under subsection (a), (b), or (f) of section 6015 of such Code, is requested or pending;</text>
 </subparagraph><subparagraph id="H8C0874E3A492488FBB0195151C22234F"><enum>(C)</enum><text display-inline="yes-display-inline">a debt with respect to which a continuous levy has been issued under section 6331 of such Code (or, in the case of an applicant for employment, a debt with respect to which the applicant agrees to be subject to such a levy); and</text>
 </subparagraph><subparagraph commented="no" id="H4EC1FB1E5A4D474A920F24F0884E48FE"><enum>(D)</enum><text>a debt with respect to which such a levy is released under section 6343(a)(1)(D) of such Code;</text> </subparagraph></paragraph><paragraph id="H80AE8EB376BA43F9BCF5D53C37137A48"><enum>(2)</enum><text>the term <term>employee</term> means an employee in or under an agency, including an individual described in sections 2104(b) and 2105(e); and</text>
 </paragraph><paragraph id="HAC24C38840784678B06FA5C7BF139605"><enum>(3)</enum><text>the term <term>agency</term> means—</text> <subparagraph id="H9378D8FB03474ED9A7FF4F8928DDA88F"><enum>(A)</enum><text>an Executive agency;</text>
 </subparagraph><subparagraph id="H95EE507EFA6C4F63B2C3EC8A8E18C934"><enum>(B)</enum><text>the United States Postal Service;</text> </subparagraph><subparagraph id="HBE7B4DAC957B432B89CEAE6014361AE8"><enum>(C)</enum><text>the Postal Regulatory Commission; and</text>
 </subparagraph><subparagraph id="HEC9A4C92B811404AB81294EB2957A110"><enum>(D)</enum><text>an employing authority in the legislative branch.</text> </subparagraph></paragraph></section><section id="H49FCAE755A234D00869E2626BD3437E4"><enum>7382.</enum><header>Ineligibility for employment</header> <subsection id="H4AC7A2772F894377B8E8CE73548823C1"><enum>(a)</enum><header>In general</header><text>Subject to subsection (c), an individual is ineligible to be appointed or to continue serving as an employee if such individual—</text>
 <paragraph id="H0AE4C3456D3C47D1A3CBAE5CF66C8FC8"><enum>(1)</enum><text>has a seriously delinquent tax debt;</text> </paragraph><paragraph id="H64E0FA65A9C942E496DBDD8259D50804"><enum>(2)</enum><text>does not submit the certification required under subsection (b); or</text>
 </paragraph><paragraph id="H663DC2325E394F5A8126573F550B5D0F"><enum>(3)</enum><text>does not submit an authorization form requested under section 7383(b)(1).</text> </paragraph></subsection><subsection id="H53F1DA7FA8A64C66BB8F96985DDDF2CE"><enum>(b)</enum><header>Disclosure requirement</header><text>The head of each agency shall take appropriate measures to ensure that each individual applying for employment with such agency shall be required to submit (as part of the application for employment) certification that such individual does not have any seriously delinquent tax debt.</text>
 </subsection><subsection id="HA5D5EAF4254A4618B0005430A677F0B2"><enum>(c)</enum><header>Regulations</header><text>The Office of Personnel Management, in consultation with the Internal Revenue Service, shall, for purposes of carrying out this section with respect to the executive branch, promulgate any regulations which the Office considers necessary, except that such regulations shall provide for the following:</text>
 <paragraph id="H4212EB83AF284FB6BD74ECDDB7B0D15D"><enum>(1)</enum><text>All applicable due process rights, afforded by chapter 75 and any other provision of law, shall apply with respect to a determination under this section that an applicant is ineligible to be appointed or that an employee is ineligible to continue serving.</text>
 </paragraph><paragraph id="H412F1F38744D4B1A83FDF50547D2F20B"><enum>(2)</enum><text>Before any such determination is given effect with respect to an individual, the individual shall be afforded 180 days to demonstrate that such individual’s debt is one described in subparagraph (A), (B), (C), or (D) of section 7381(1).</text>
 </paragraph><paragraph id="HE3339CEE60A748A3B644BCF48C9CF42A"><enum>(3)</enum><text display-inline="yes-display-inline">An employee may continue to serve, in a situation involving financial hardship, if the continued service of such employee is in the best interests of the United States, as determined on a case-by-case basis and certified as such by the head of the agency.</text>
 </paragraph></subsection><subsection display-inline="no-display-inline" id="H13613EF100614DBE8BE0E110F7038E81"><enum>(d)</enum><header>Reports to Congress</header><text display-inline="yes-display-inline">The Director of the Office of Personnel Management shall report annually to the Committee on Oversight and Government Reform of the House of Representatives and the Committee on Homeland Security and Governmental Affairs of the Senate on the number of exemptions requested and the number of exemptions granted under subsection (c)(3).</text>
							</subsection></section><section id="H7B6E8188E56E4D9D8C2D91446C39A15B"><enum>7383.</enum><header>Review of public records</header>
 <subsection id="H9C3F958BA60846769FA5F9E4A889250C"><enum>(a)</enum><header>In general</header><text display-inline="yes-display-inline">Each agency shall provide for such reviews of public records as the head of such agency considers appropriate to determine if a notice of lien has been filed pursuant to <external-xref legal-doc="usc" parsable-cite="usc/26/6323">section 6323</external-xref> of the Internal Revenue Code of 1986 with respect to an employee of or an applicant for employment with such agency.</text>
 </subsection><subsection id="HDE52E42519804369A2AD59DCEC0FD862"><enum>(b)</enum><header>Additional requests</header><text>If a notice of lien is discovered under subsection (a) with respect to an employee or applicant for employment, the agency may—</text>
 <paragraph id="H02B9B8E777A04B808D0A580E52FDAF1B"><enum>(1)</enum><text display-inline="yes-display-inline">request that the employee or applicant execute and submit a form authorizing the Secretary of the Treasury to disclose to the head of the agency information limited to describing whether—</text>
 <subparagraph id="H81E592C1BD8944159C00CD21ECB19F46"><enum>(A)</enum><text>the employee or applicant has a seriously delinquent tax debt; or</text> </subparagraph><subparagraph id="HD555D264E5584C9BB20BC0CA65EF7312"><enum>(B)</enum><text>there is a final administrative or judicial determination that such employee or applicant committed any act described under section 7385(b); and</text>
 </subparagraph></paragraph><paragraph id="HC8710498F9F54A4EAA3F2E419177F57C"><enum>(2)</enum><text>request that the Secretary of the Treasury disclose any information so authorized to be disclosed.</text> </paragraph></subsection><subsection id="H3F8AF02610F9471C8B52A16F3BEB0858"><enum>(c)</enum><header>Authorization form</header><text>The Secretary of the Treasury shall make available to all agencies a standard form for the authorization described in subsection (b)(1).</text>
 </subsection></section><section id="H844B81DE82344D6B8F69D4A07BC4CE58"><enum>7384.</enum><header>Confidentiality</header><text display-inline="no-display-inline">Neither the head nor any other employee of an agency may—</text> <paragraph id="H1F157D7DAC3647F98C9086CA1AA07560"><enum>(1)</enum><text>use any information furnished under the provisions of this subchapter for any purpose other than the administration of this subchapter;</text>
 </paragraph><paragraph id="H3536BAF88BDF44BABFF51AB33D4B372A"><enum>(2)</enum><text>make any publication whereby the information furnished by or with respect to any particular individual under this subchapter can be identified; or</text>
 </paragraph><paragraph id="HD7E713D5C61743F2848ABC8A298DBA8B"><enum>(3)</enum><text>permit anyone who is not an employee of such agency to examine or otherwise have access to any such information.</text>
							</paragraph></section><section id="H8B90F0B607B946FD8BFF9EF68C9D2CB3"><enum>7385.</enum><header>Adverse actions for employees who understate taxes or fail to file</header>
							<subsection id="HB706665442DB4779B500A5F89B313FD8"><enum>(a)</enum><header>In general</header>
 <paragraph id="H84649FDA5B4C474EAA642A4D33E88CB3"><enum>(1)</enum><header>In general</header><text>Subject to subsection (c) and paragraph (2) of this subsection, the head of an agency may take any personnel action against an employee of such agency if there is a final administrative or judicial determination that such employee committed any act described under subsection (b).</text>
 </paragraph><paragraph id="HC12AF3BA87984771AF50329BC019C32A"><enum>(2)</enum><header>Personnel actions</header><text>In paragraph (1), the term <quote>personnel action</quote> includes separation but does not include administrative leave or any other type of paid leave without duty or charge to leave.</text>
 </paragraph></subsection><subsection id="HCF700FE891804AB093ECABA875A5B47D"><enum>(b)</enum><header>Acts</header><text display-inline="yes-display-inline">The acts referred to under subsection (a)(1) are—</text> <paragraph id="HB4E1F5DAEAEB4771ADC2F074E63FF763"><enum>(1)</enum><text display-inline="yes-display-inline">willful failure to file any return of tax required under the Internal Revenue Code of 1986, unless such failure is due to reasonable cause and not to willful neglect; or</text>
 </paragraph><paragraph id="HA0A88D663D3244C5ABEE666CC2909D8E"><enum>(2)</enum><text display-inline="yes-display-inline">willful understatement of Federal tax liability, unless such understatement is due to reasonable cause and not to willful neglect.</text>
 </paragraph></subsection><subsection id="H92478CD71AC942F29568DEFFBBC2D643"><enum>(c)</enum><header>Procedure</header><text display-inline="yes-display-inline">Under regulations prescribed by the Office of Personnel Management, an employee subject to a personnel action under this section shall be entitled to the procedures provided under sections 7513 or 7543, as applicable.</text></subsection></section></subchapter><after-quoted-block>.</after-quoted-block></quoted-block>
 </subsection><subsection id="H0C52EA452FDA4E56A05A2D44B9A83194"><enum>(b)</enum><header>Clerical amendment</header><text>The analysis for <external-xref legal-doc="usc-chapter" parsable-cite="usc-chapter/5/73">chapter 73</external-xref> of title 5, United States Code, is amended by adding at the end the following:</text>
				<quoted-block display-inline="no-display-inline" id="H69D6E50DB85D4432AFBEBE8A75F49536" style="traditional">
					<toc container-level="quoted-block-container" idref="H1BE9C46B9B1D41C988592B7AE31E120A" lowest-bolded-level="division-lowest-bolded" lowest-level="section" quoted-block="no-quoted-block" regeneration="yes-regeneration">
						<toc-entry idref="H05CF877E29E4453489FB9893A31DF347" level="subchapter">SUBCHAPTER VIII—INELIGIBILITY OF NONCOMPLIANT TAXPAYERS FOR FEDERAL EMPLOYMENT</toc-entry>
						<toc-entry idref="H9967E1B8AD144D9CBCF906A982F79DD4" level="section">7381. Definitions.</toc-entry>
						<toc-entry idref="H49FCAE755A234D00869E2626BD3437E4" level="section">7382. Ineligibility for employment.</toc-entry>
						<toc-entry idref="H7B6E8188E56E4D9D8C2D91446C39A15B" level="section">7383. Review of public records.</toc-entry>
						<toc-entry idref="H844B81DE82344D6B8F69D4A07BC4CE58" level="section">7384. Confidentiality.</toc-entry>
						<toc-entry level="section">7385. Adverse actions for employees who understate taxes or fail to file.</toc-entry></toc><after-quoted-block>.</after-quoted-block></quoted-block>
 </subsection><subsection id="H19D898699BAD4D3E990071ED21EBC57C"><enum>(c)</enum><header>Effective date</header><text>This section, and the amendments made by this section, shall take effect 270 days after the date of the enactment of this Act.</text>
			</subsection></section></legis-body></bill>


