<?xml version="1.0"?>
<?xml-stylesheet type="text/xsl" href="billres.xsl"?>
<!DOCTYPE bill PUBLIC "-//US Congress//DTDs/bill.dtd//EN" "bill.dtd">
<bill bill-stage="Introduced-in-House" bill-type="olc" dms-id="H3A20C92E14B94546A1DA05E8A2F6AF8E" key="H" public-private="public"><metadata xmlns:dc="http://purl.org/dc/elements/1.1/">
<dublinCore>
<dc:title>115 HR 432 IH: Small Business Tax Credit Accessibility Act</dc:title>
<dc:publisher>U.S. House of Representatives</dc:publisher>
<dc:date>2017-01-11</dc:date>
<dc:format>text/xml</dc:format>
<dc:language>EN</dc:language>
<dc:rights>Pursuant to Title 17 Section 105 of the United States Code, this file is not subject to copyright protection and is in the public domain.</dc:rights>
</dublinCore>
</metadata>
<form>
<distribution-code display="yes">I</distribution-code><congress display="yes">115th CONGRESS</congress><session display="yes">1st Session</session><legis-num display="yes">H. R. 432</legis-num><current-chamber>IN THE HOUSE OF REPRESENTATIVES</current-chamber><action display="yes"><action-date date="20170111">January 11, 2017</action-date><action-desc><sponsor name-id="D000617">Ms. DelBene</sponsor> (for herself, <cosponsor name-id="K000188">Mr. Kind</cosponsor>, <cosponsor name-id="R000576">Mr. Ruppersberger</cosponsor>, and <cosponsor name-id="K000382">Ms. Kuster of New Hampshire</cosponsor>) introduced the following bill; which was referred to the <committee-name committee-id="HWM00">Committee on Ways and Means</committee-name></action-desc></action><legis-type>A BILL</legis-type><official-title display="yes">To amend the Internal Revenue Code of 1986 to expand and modify the credit for employee health
			 insurance expenses of small employers.</official-title></form>
	<legis-body id="H3992720BDC7B4DAC9E97BD2FC65880F2" style="OLC">
 <section id="HEAAAF67512EA40109B08B256A7B63341" section-type="section-one"><enum>1.</enum><header>Short title</header><text display-inline="no-display-inline">This Act may be cited as the <quote><short-title>Small Business Tax Credit Accessibility Act</short-title></quote>.</text> </section><section id="H0A75CA3F61554CB78568E867AD0EB245" section-type="subsequent-section"><enum>2.</enum><header>Expansion and modification of credit for employee health insurance expenses of small employers</header> <subsection id="H18CDC921D06D407EB798266C0C7B34B2"><enum>(a)</enum><header>Expansion of definition of eligible small employer</header><text>Subparagraph (A) of <external-xref legal-doc="usc" parsable-cite="usc/26/45R">section 45R(d)(1)</external-xref> of the Internal Revenue Code of 1986 is amended by striking <quote>25</quote> and inserting <quote>50</quote>.</text>
 </subsection><subsection id="H4ABC9CE3C61E4663B05F26B4F9F07F25"><enum>(b)</enum><header>Amendment To phaseout determination</header><text display-inline="yes-display-inline">Subsection (c) of <external-xref legal-doc="usc" parsable-cite="usc/26/45R">section 45R</external-xref> of the Internal Revenue Code of 1986 is amended to read as follows:</text> <quoted-block display-inline="no-display-inline" id="H97F7CC05F1CB4DAAA83200C96EA092AC" style="OLC"> <subsection id="H8752292DDFF34340BB271BBEA77B0BA5"><enum>(c)</enum><header>Phaseout of credit amount based on number of employees and average wages</header><text>The amount of the credit determined under subsection (b) (without regard to this subsection) shall be adjusted (but not below zero) by multiplying such amount by the product of—</text>
 <paragraph id="H6787970E16B64CF7AC9BFE2A5EFC10AB"><enum>(1)</enum><text>the lesser of—</text> <subparagraph id="H656C1E9FB19E4BAE8AFC8ED0F36441C3"><enum>(A)</enum><text>a fraction the numerator of which is the excess (if any) of 50 over the total number of full-time equivalent employees of the employer and the denominator of which is 30, and</text>
 </subparagraph><subparagraph id="H95674596162E4D68833A3A55CF7F331E"><enum>(B)</enum><text>1, and</text> </subparagraph></paragraph><paragraph id="HCCFEB1EFFD2B47538033F99534F20695"><enum>(2)</enum><text>the lesser of—</text>
 <subparagraph id="H05A183C2301F45029FA03447BC652F8D"><enum>(A)</enum><text>a fraction—</text> <clause id="H4FD710503E2B41B3BA29F75010E51557"><enum>(i)</enum><text>the numerator of which is the excess (if any) of—</text>
 <subclause id="H9D93F446EEFE4BA395FCD3EF49A4F8CA"><enum>(I)</enum><text>the dollar amount in effect under subsection (d)(3)(B) for the taxable year, multiplied by 3, over</text> </subclause><subclause id="H99D0D274CE524E98869840ED8524CCF5"><enum>(II)</enum><text>the average annual wages of the employer for such taxable year, and</text>
 </subclause></clause><clause id="H09A03031BD8D425092708D2E8C034C6F"><enum>(ii)</enum><text>the denominator of which is the dollar amount so in effect under subsection (d)(3)(B), multiplied by 2, and</text>
 </clause></subparagraph><subparagraph id="H1DB0AD1BA72142A389BF41CDA5B02577"><enum>(B)</enum><text>1.</text></subparagraph></paragraph></subsection><after-quoted-block>.</after-quoted-block></quoted-block> </subsection><subsection id="HBF67668D72464226A6C768BDCC194E95"><enum>(c)</enum><header>Extension of credit period</header><text>Paragraph (2) of <external-xref legal-doc="usc" parsable-cite="usc/26/45R">section 45R(e)</external-xref> of the Internal Revenue Code of 1986 is amended by striking <quote>2-consecutive-taxable year period</quote> and all that follows and inserting “3-consecutive-taxable year period beginning with the first taxable year beginning after 2014 in which—</text>
				<quoted-block display-inline="no-display-inline" id="H4E5D3514D32C4CDA9D06DC0BCB43C340" style="OLC">
 <subparagraph id="H96BA25E659B2466AA9CF1523220AC35A"><enum>(A)</enum><text>the employer (or any predecessor) offers one or more qualified health plans to its employees through an Exchange, and</text>
 </subparagraph><subparagraph id="H57851756AC59430D92A33F6282B1D3FB"><enum>(B)</enum><text>the employer (or any predecessor) claims the credit under this section.</text></subparagraph><after-quoted-block>.</after-quoted-block></quoted-block> </subsection><subsection id="HF1132273E85A43F885AB572177026DAA"><enum>(d)</enum><header>Average annual wage limitation</header><text>Subparagraph (B) of <external-xref legal-doc="usc" parsable-cite="usc/26/45R">section 45R(d)(3)</external-xref> of the Internal Revenue Code of 1986 is amended to read as follows:</text>
				<quoted-block display-inline="no-display-inline" id="H56A8B326EC694D06B16E3FF71034CBD8" style="OLC">
 <subparagraph commented="no" id="HC1FC6273667A449AABB2D560A8EF84EF"><enum>(B)</enum><header>Dollar amount</header><text>For purposes of paragraph (1)(B) and subsection (c)(2), the dollar amount in effect under this paragraph is the amount equal to 110 percent of the poverty line (within the meaning of section 36B(d)(3)) for a family of 4.</text></subparagraph><after-quoted-block>.</after-quoted-block></quoted-block>
 </subsection><subsection id="HA153CB25B99C4164A9729FDEDD738CD2"><enum>(e)</enum><header>Elimination of uniform percentage contribution requirement</header><text>Paragraph (4) of <external-xref legal-doc="usc" parsable-cite="usc/26/45R">section 45R(d)</external-xref> of the Internal Revenue Code of 1986 is amended by striking <quote>a uniform percentage (not less than 50 percent)</quote> and inserting <quote>at least 50 percent</quote>.</text> </subsection><subsection id="HCF272FABA0B1496892A388721A00202E"><enum>(f)</enum><header>Elimination of cap relating to average local premiums</header><text>Subsection (b) of <external-xref legal-doc="usc" parsable-cite="usc/26/45R">section 45R</external-xref> of the Internal Revenue Code of 1986 is amended by striking <quote>the lesser of</quote> and all that follows and inserting <quote>the aggregate amount of nonelective contributions the employer made on behalf of its employees during the taxable year under the arrangement described in subsection (d)(4) for premiums for qualified health plans offered by the employer to its employees through an Exchange.</quote>.</text>
 </subsection><subsection id="HF43106DA737D4DED9C1830EDD328C55A"><enum>(g)</enum><header>Conforming amendment relating to annual wage limitation</header><text>Subparagraph (B) of <external-xref legal-doc="usc" parsable-cite="usc/26/45R">section 45R(d)(1)</external-xref> of the Internal Revenue Code of 1986 is amended by striking <quote>twice</quote> and inserting <quote>three times</quote>.</text> </subsection><subsection id="HAA356A9B5D3F46FCABE9A7E2A0B9B24C"><enum>(h)</enum><header>Effective date</header><text>The amendments made by this section shall apply to amounts paid or incurred in taxable years beginning after December 31, 2016.</text>
			</subsection></section></legis-body></bill>


