<?xml version="1.0"?>
<?xml-stylesheet type="text/xsl" href="billres.xsl"?>
<!DOCTYPE bill PUBLIC "-//US Congress//DTDs/bill.dtd//EN" "bill.dtd">
<bill bill-stage="Introduced-in-House" bill-type="olc" dms-id="HFFA01F9C2273499FA6C7EA75E542E69C" key="H" public-private="public"><metadata xmlns:dc="http://purl.org/dc/elements/1.1/">
<dublinCore>
<dc:title>115 HR 210 IH: Native American Energy Act</dc:title>
<dc:publisher>U.S. House of Representatives</dc:publisher>
<dc:date>2017-01-03</dc:date>
<dc:format>text/xml</dc:format>
<dc:language>EN</dc:language>
<dc:rights>Pursuant to Title 17 Section 105 of the United States Code, this file is not subject to copyright protection and is in the public domain.</dc:rights>
</dublinCore>
</metadata>
<form>
<distribution-code display="yes">I</distribution-code><congress display="yes">115th CONGRESS</congress><session display="yes">1st Session</session><legis-num display="yes">H. R. 210</legis-num><current-chamber>IN THE HOUSE OF REPRESENTATIVES</current-chamber><action display="yes"><action-date date="20170103">January 3, 2017</action-date><action-desc><sponsor name-id="Y000033">Mr. Young of Alaska</sponsor> introduced the following bill; which was referred to the <committee-name committee-id="HII00">Committee on Natural Resources</committee-name></action-desc></action><legis-type>A BILL</legis-type><official-title display="yes">To facilitate the development of energy on Indian lands by reducing Federal regulations that impede
			 tribal development of Indian lands, and for other purposes.</official-title></form>
	<legis-body id="HF9A2C1D06D724F099A1B65DBD2E6C0CC" style="OLC">
 <section id="HC728E562142A40F6BFCF1F4C8FC2116A" section-type="section-one"><enum>1.</enum><header>Short title</header><text display-inline="no-display-inline">This Act may be cited as the <quote><short-title>Native American Energy Act</short-title></quote>.</text> </section><section id="H94DCEA3F2D6D4D309301C6FDB4EDE5C5"><enum>2.</enum><header>Appraisals</header> <subsection id="HA2AC4867FF704B00B29E38562E00F773"><enum>(a)</enum><header>Amendment</header><text display-inline="yes-display-inline">Title XXVI of the Energy Policy Act of 1992 (<external-xref legal-doc="usc" parsable-cite="usc/25/3501">25 U.S.C. 3501 et seq.</external-xref>) is amended by adding at the end the following:</text>
				<quoted-block display-inline="no-display-inline" id="HB8DCC648CD094B7BB0D6A5AF13C5F873" style="OLC">
					<section id="H0882424DC9AE47F49F2B7BA79D719E9F"><enum>2607.</enum><header>Appraisal reforms</header>
 <subsection id="H7779C823E1ED4BC194A0FCAA2F1D6ED6"><enum>(a)</enum><header>Options to Indian Tribes</header><text>With respect to a transaction involving Indian land or the trust assets of an Indian tribe that requires the approval of the Secretary, any appraisal relating to fair market value required to be conducted under applicable law, regulation, or policy may be completed by—</text>
 <paragraph id="H2B85553ACD834019ADC04B49C929C030"><enum>(1)</enum><text>the Secretary;</text> </paragraph><paragraph id="HFC3AB91F40D84B178129077CDE53C455"><enum>(2)</enum><text>the affected Indian tribe; or</text>
 </paragraph><paragraph id="H0D45C80617C94008B5899FC269AC7C08"><enum>(3)</enum><text>a certified, third-party appraiser pursuant to a contract with the Indian tribe.</text> </paragraph></subsection><subsection id="H39122C47F02146CBAD3867AA76573DC2"><enum>(b)</enum><header>Time Limit on Secretarial Review and Action</header><text>Not later than 30 days after the date on which the Secretary receives an appraisal conducted by or for an Indian tribe pursuant to paragraphs (2) or (3) of subsection (a), the Secretary shall—</text>
 <paragraph id="HE6FB21DE292548D5B3828A42B19B5627"><enum>(1)</enum><text>review the appraisal; and</text> </paragraph><paragraph id="H1C5AAB3668884DC3A663E389821103A9"><enum>(2)</enum><text>provide to the Indian tribe a written notice of approval or disapproval of the appraisal.</text>
 </paragraph></subsection><subsection id="H60739DCEC9C84A7F8592D4F98262CCE5"><enum>(c)</enum><header>Failure of Secretary To Approve or Disapprove</header><text>If, after 60 days, the Secretary has failed to approve or disapprove any appraisal received, the appraisal shall be deemed approved.</text>
						</subsection><subsection id="H643B6486B51A4B2EAC8A6A56E25B9DD0"><enum>(d)</enum><header>Option to Indian Tribes To Waive Appraisal</header>
 <paragraph id="H5B0A8F04AD774A25812C77109ECBEF47"><enum>(1)</enum><text>An Indian tribe wishing to waive the requirements of subsection (a), may do so after it has satisfied the requirements of paragraphs (2) and (3).</text>
 </paragraph><paragraph id="HDABCD52531D249CD9647C4023A455A56"><enum>(2)</enum><text>An Indian tribe wishing to forego the necessity of a waiver pursuant to this section must provide to the Secretary a written resolution, statement, or other unambiguous indication of tribal intent, duly approved by the governing body of the Indian tribe.</text>
 </paragraph><paragraph id="HC8C0A01E52AC4175BA9CE690129A2886"><enum>(3)</enum><text>The unambiguous indication of intent provided by the Indian tribe to the Secretary under paragraph (2) must include an express waiver by the Indian tribe of any claims for damages it might have against the United States as a result of the lack of an appraisal undertaken.</text>
 </paragraph></subsection><subsection id="HD8FF8BDC71904FB1BBD2B7F03612123C"><enum>(e)</enum><header>Definition</header><text>For purposes of this subsection, the term <term>appraisal</term> includes appraisals and other estimates of value.</text> </subsection><subsection id="H836417A178484648887A65BB0986BB1D"><enum>(f)</enum><header>Regulations</header><text>The Secretary shall develop regulations for implementing this section, including standards the Secretary shall use for approving or disapproving an appraisal.</text></subsection></section><after-quoted-block>. </after-quoted-block></quoted-block>
 </subsection><subsection id="HC6245E25E770412BBB2234EA01F5A57B"><enum>(b)</enum><header>Conforming amendment</header><text>The table of contents of the Energy Policy Act of 1992 (<external-xref legal-doc="usc" parsable-cite="usc/42/13201">42 U.S.C. 13201</external-xref> note) is amended by adding at the end of the items relating to title XXVI the following:</text>
				<quoted-block display-inline="no-display-inline" id="HAEAC2E5638EA4C61802BD784886539F9" style="OLC">
					<toc regeneration="no-regeneration">
						<toc-entry level="section">Sec. 2607. Appraisal reforms.</toc-entry></toc><after-quoted-block>.</after-quoted-block></quoted-block>
 </subsection></section><section id="HE2AA9E5A75E04A31B36F0C374CFE14AB"><enum>3.</enum><header>Standardization</header><text display-inline="no-display-inline">As soon as practicable after the date of the enactment of this Act, the Secretary of the Interior shall implement procedures to ensure that each agency within the Department of the Interior that is involved in the review, approval, and oversight of oil and gas activities on Indian lands shall use a uniform system of reference numbers and tracking systems for oil and gas wells.</text>
 </section><section display-inline="no-display-inline" id="HB0203C6A5E1B4976B855AE66E9D06331"><enum>4.</enum><header>Environmental reviews of major Federal actions on Indian lands</header><text display-inline="no-display-inline">Section 102 of the National Environmental Policy Act of 1969 (<external-xref legal-doc="usc" parsable-cite="usc/42/4332">42 U.S.C. 4332</external-xref>) is amended by inserting <quote>(a) <header-in-text level="subsection" style="OLC">In general.—</header-in-text></quote> before the first sentence, and by adding at the end the following:</text>
			<quoted-block id="H3E1040B04B924918B14E610630177350" style="OLC">
				<subsection id="HEF472AC6C4684352BD84A0C49A178111"><enum>(b)</enum><header>Review of major Federal actions on Indian lands</header>
					<paragraph id="HD92FD8C2EE25404E909A21346237E52A"><enum>(1)</enum><header>Review and comment</header>
 <subparagraph id="HEADA0E755E74417D98B47A92EEE06E1E"><enum>(A)</enum><header>In general</header><text display-inline="yes-display-inline">Except as provided in subparagraph (B), the statement required under subsection (a)(2)(C) for a major Federal action regarding an activity on Indian lands of an Indian tribe shall only be available for review and comment by the members of the Indian tribe, other individuals residing within the affected area, and State, federally recognized tribal, and local governments within the affected area.</text>
 </subparagraph><subparagraph id="H8D6180B5DB9A4E4EB3FB631D3C45746A"><enum>(B)</enum><header>Exception</header><text display-inline="yes-display-inline">Subparagraph (A) shall not apply to a statement for a major Federal action regarding an activity on Indian lands of an Indian tribe related to gaming under the Indian Gaming Regulatory Act.</text>
 </subparagraph></paragraph><paragraph id="H1CD71C59119A49A8981E3EA71752089F"><enum>(2)</enum><header>Regulations</header><text>The Chairman of the Council on Environmental Quality shall develop regulations to implement this section, including descriptions of affected areas for specific major Federal actions, in consultation with Indian tribes.</text>
 </paragraph><paragraph id="HC5AE98EDF1CD49EFB6FFC41EDEE58071"><enum>(3)</enum><header>Definitions</header><text>In this subsection, each of the terms <term>Indian land</term> and <term>Indian tribe</term> has the meaning given that term in section 2601 of the Energy Policy Act of 1992 (<external-xref legal-doc="usc" parsable-cite="usc/25/3501">25 U.S.C. 3501</external-xref>).</text> </paragraph><paragraph id="H38204F5206F64F3F8C37CBE187175715"><enum>(4)</enum><header>Clarification of authority</header><text display-inline="yes-display-inline">Nothing in the Native American Energy Act, except section 6 of that Act, shall give the Secretary any additional authority over energy projects on Alaska Native Claims Settlement Act lands.</text></paragraph></subsection><after-quoted-block>.</after-quoted-block></quoted-block>
		</section><section id="HFE03644181C2422E88AD5AFC4EC6F52A"><enum>5.</enum><header>Judicial review</header>
 <subsection id="H64BF5A7C45034AD7BCCCDA57C3C780C3"><enum>(a)</enum><header>Time for filing complaint</header><text>Any energy related action must be filed not later than the end of the 60-day period beginning on the date of the final agency action. Any energy related action not filed within this time period shall be barred.</text>
 </subsection><subsection id="HFDA3C230B73B4CA7B211ABF0214C6BE3"><enum>(b)</enum><header>District court venue and deadline</header><text>All energy related actions—</text> <paragraph id="H0E855CD33E3C42A299A8053C6F7B0B92"><enum>(1)</enum><text>shall be brought in the United States District Court for the District of Columbia; and</text>
 </paragraph><paragraph id="H50DABF53AD554C1A8ADBAC2C1FAE58AD"><enum>(2)</enum><text>shall be resolved as expeditiously as possible, and in any event not more than 180 days after such cause of action is filed.</text>
 </paragraph></subsection><subsection id="HAAE978D4F59749A58E3D85701E6AD26C"><enum>(c)</enum><header>Appellate review</header><text display-inline="yes-display-inline">An interlocutory order or final judgment, decree or order of the district court in an energy related action may be reviewed by the United States Court of Appeals for the District of Columbia Circuit. The District of Columbia Circuit Court of Appeals shall resolve such appeal as expeditiously as possible, and in any event not more than 180 days after such interlocutory order or final judgment, decree or order of the district court was issued.</text>
 </subsection><subsection id="H1227A21A0E1440988C061F94F4A5CFA2"><enum>(d)</enum><header>Limitation on certain payments</header><text>Notwithstanding section 1304 of title 31, United States Code, no award may be made under section 504 of title 5, United States Code, or under section 2412 of title 28, United States Code, and no amounts may be obligated or expended from the Claims and Judgment Fund of the United States Treasury to pay any fees or other expenses under such sections, to any person or party in an energy related action.</text>
 </subsection><subsection id="HCDA9CE783FA149FAAB8375DE1D2C6CAE"><enum>(e)</enum><header>Legal fees</header><text>In any energy related action in which the plaintiff does not ultimately prevail, the court shall award to the defendant (including any intervenor-defendants), other than the United States, fees and other expenses incurred by that party in connection with the energy related action, unless the court finds that the position of the plaintiff was substantially justified or that special circumstances make an award unjust. Whether or not the position of the plaintiff was substantially justified shall be determined on the basis of the administrative record, as a whole, which is made in the energy related action for which fees and other expenses are sought.</text>
 </subsection><subsection id="H59435DF2973447DD95A3193D83BE53BF"><enum>(f)</enum><header>Definitions</header><text>For the purposes of this section, the following definitions apply:</text> <paragraph id="HD02634CEE92648E7A3550964A71506B7"><enum>(1)</enum><header>Agency action</header><text>The term <quote>agency action</quote> has the same meaning given such term in section 551 of title 5, United States Code.</text>
 </paragraph><paragraph id="H9800147851A040E19B123DBAC57ED0A2"><enum>(2)</enum><header>Indian land</header><text>The term <quote>Indian Land</quote> has the same meaning given such term in section 203(c)(3) of the Energy Policy Act of 2005 (<external-xref legal-doc="public-law" parsable-cite="pl/109/58">Public Law 109–58</external-xref>; <external-xref legal-doc="usc" parsable-cite="usc/25/3501">25 U.S.C. 3501</external-xref>), including lands owned by Native Corporations under the Alaska Native Claims Settlement Act (<external-xref legal-doc="public-law" parsable-cite="pl/92/203">Public Law 92–203</external-xref>; <external-xref legal-doc="usc" parsable-cite="usc/43/1601">43 U.S.C. 1601</external-xref>).</text>
 </paragraph><paragraph id="H84D12EDA4AF2431CBFD26738F0FEF76F"><enum>(3)</enum><header>Energy related action</header><text>The term <quote>energy related action</quote> means a cause of action that—</text> <subparagraph id="HDC203748D7BD4C7BB6DF9F713E760F24"><enum>(A)</enum><text>is filed on or after the effective date of this Act; and</text>
 </subparagraph><subparagraph id="H529ED86FA6524DAB97F9DFF04448F239"><enum>(B)</enum><text>seeks judicial review of a final agency action to issue a permit, license, or other form of agency permission allowing:</text>
 <clause id="H05C8019824D943B9AAA586D66A30CCD4"><enum>(i)</enum><text>any person or entity to conduct activities on Indian Land, which activities involve the exploration, development, production or transportation of oil, gas, coal, shale gas, oil shale, geothermal resources, wind or solar resources, underground coal gasification, biomass, or the generation of electricity; or</text>
 </clause><clause id="HF43AE4A1EB874B249C60A849572FF01E"><enum>(ii)</enum><text>any Indian Tribe, or any organization of two or more entities, at least one of which is an Indian tribe, to conduct activities involving the exploration, development, production or transportation of oil, gas, coal, shale gas, oil shale, geothermal resources, wind or solar resources, underground coal gasification, biomass, or the generation of electricity, regardless of where such activities are undertaken.</text>
 </clause></subparagraph></paragraph><paragraph id="HE6EC663A24894D9684226D3C15218A50"><enum>(4)</enum><header>Ultimately prevail</header><text>The phrase <quote>ultimately prevail</quote> means, in a final enforceable judgment, the court rules in the party’s favor on at least one cause of action which is an underlying rationale for the preliminary injunction, administrative stay, or other relief requested by the party, and does not include circumstances where the final agency action is modified or amended by the issuing agency unless such modification or amendment is required pursuant to a final enforceable judgment of the court or a court-ordered consent decree.</text>
 </paragraph></subsection></section><section id="HDCE7D35384064812AF2A9A8EBCE02A5D"><enum>6.</enum><header>Tribal biomass demonstration project</header><text display-inline="no-display-inline">The Tribal Forest Protection Act of 2004 is amended by inserting after section 2 (<external-xref legal-doc="usc" parsable-cite="usc/25/3115a">25 U.S.C. 3115a</external-xref>) the following:</text>
			<quoted-block display-inline="no-display-inline" id="HBC59701E0E884133B289BC2F531AB428" style="OLC">
				<section id="H8CDA3225A1564EBBBD8F32BF4B6D13FF"><enum>3.</enum><header>Tribal biomass demonstration project</header>
 <subsection id="HF591E8CC0EDA498FA267D73564EA3219"><enum>(a)</enum><header>In general</header><text>For each of fiscal years 2016 through 2020, the Secretary shall enter into stewardship contracts or other agreements, other than agreements that are exclusively direct service contracts, with Indian tribes to carry out demonstration projects to promote biomass energy production (including biofuel, heat, and electricity generation) on Indian forest land and in nearby communities by providing reliable supplies of woody biomass from Federal land.</text>
 </subsection><subsection id="H1E583A89F3A141D0A218070837875344"><enum>(b)</enum><header>Definitions</header><text>The definitions in section 2 shall apply to this section.</text> </subsection><subsection id="H8066488D6FD7406795F33604C03C919E"><enum>(c)</enum><header>Demonstration projects</header><text>In each fiscal year for which projects are authorized, the Secretary shall enter into contracts or other agreements described in subsection (a) to carry out at least 4 new demonstration projects that meet the eligibility criteria described in subsection (d).</text>
 </subsection><subsection id="H580A75E83EBA40F2861B68B7FD525DCA"><enum>(d)</enum><header>Eligibility criteria</header><text>To be eligible to enter into a contract or other agreement under this subsection, an Indian tribe shall submit to the Secretary an application—</text>
 <paragraph id="H2F8071CDF9D9407A88505FF616CB6A89"><enum>(1)</enum><text>containing such information as the Secretary may require; and</text> </paragraph><paragraph id="HD148AF5A00644C65A05F22210F389323"><enum>(2)</enum><text>that includes a description of—</text>
 <subparagraph id="H62EABC69E7834A9DA3CBA25A93E16325"><enum>(A)</enum><text>the Indian forest land or rangeland under the jurisdiction of the Indian tribe; and</text> </subparagraph><subparagraph id="H6DF02724A5DA4E619EE9A5B40C0C3705"><enum>(B)</enum><text>the demonstration project proposed to be carried out by the Indian tribe.</text>
 </subparagraph></paragraph></subsection><subsection id="H25D58E36768F46B3B4CCDC60A8234065"><enum>(e)</enum><header>Selection</header><text>In evaluating the applications submitted under subsection (c), the Secretary—</text> <paragraph id="HB11C6AC74255415BBFCA922FA7EF30FC"><enum>(1)</enum><text>shall take into consideration the factors set forth in paragraphs (1) and (2) of section 2(e) of <external-xref legal-doc="public-law" parsable-cite="pl/108/278">Public Law 108–278</external-xref>; and whether a proposed demonstration project would—</text>
 <subparagraph id="H4B0A35F3814A4FC1B1500528518A7CFE"><enum>(A)</enum><text>increase the availability or reliability of local or regional energy;</text> </subparagraph><subparagraph id="HA0E270F803AD4401B7D4B1CEE4BA5661"><enum>(B)</enum><text>enhance the economic development of the Indian tribe;</text>
 </subparagraph><subparagraph id="H10AC9CBD00914676A4792C606E19BCE8"><enum>(C)</enum><text>improve the connection of electric power transmission facilities serving the Indian tribe with other electric transmission facilities;</text>
 </subparagraph><subparagraph id="HB7F8F6059746457A8CAF08AD0B66E0B1"><enum>(D)</enum><text>improve the forest health or watersheds of Federal land or Indian forest land or rangeland; or</text> </subparagraph><subparagraph id="H7774C1B04850456C8A504EE018A00593"><enum>(E)</enum><text>otherwise promote the use of woody biomass; and</text>
 </subparagraph></paragraph><paragraph id="H9248C4FC32FB4B64AC272F848481D607"><enum>(2)</enum><text>shall exclude from consideration any merchantable logs that have been identified by the Secretary for commercial sale.</text>
 </paragraph></subsection><subsection id="HA8C14DBAF61A42EEA61AB87E32F9F955"><enum>(f)</enum><header>Implementation</header><text>The Secretary shall—</text> <paragraph id="H1FCBAB731F184AC3BFAB43912F7AE970"><enum>(1)</enum><text>ensure that the criteria described in subsection (c) are publicly available by not later than 120 days after the date of enactment of this section; and</text>
 </paragraph><paragraph id="H697C4BECC24A4F09ADF8F3C012147022"><enum>(2)</enum><text>to the maximum extent practicable, consult with Indian tribes and appropriate intertribal organizations likely to be affected in developing the application and otherwise carrying out this section.</text>
 </paragraph></subsection><subsection id="H879ABB0A533044DF81C66EA6B41D50FF"><enum>(g)</enum><header>Report</header><text display-inline="yes-display-inline">Not later than one year subsequent to the date of enactment of this section, the Secretary shall submit to Congress a report that describes, with respect to the reporting period—</text>
 <paragraph id="H0F073C1716FC456CAFE01258BB64203B"><enum>(1)</enum><text>each individual tribal application received under this section; and</text> </paragraph><paragraph id="H65EC5BF84D254B3C9DA0615B17EE1574"><enum>(2)</enum><text>each contract and agreement entered into pursuant to this section.</text>
 </paragraph></subsection><subsection id="H7E67E49975524D1E912FB0484BCA6186"><enum>(h)</enum><header>Incorporation of management plans</header><text>In carrying out a contract or agreement under this section, on receipt of a request from an Indian tribe, the Secretary shall incorporate into the contract or agreement, to the extent practicable, management plans (including forest management and integrated resource management plans) in effect on the Indian forest land or rangeland of the respective Indian tribe.</text>
 </subsection><subsection id="H977326F75D8F49CF88E47F16E63C4D24"><enum>(i)</enum><header>Term</header><text>A stewardship contract or other agreement entered into under this section—</text> <paragraph id="H829E6E117FA742F1AFC40D036C9328D4"><enum>(1)</enum><text>shall be for a term of not more than 20 years; and</text>
 </paragraph><paragraph id="HDC65372AEA2C4C2E8D60098544393647"><enum>(2)</enum><text>may be renewed in accordance with this section for not more than an additional 10 years.</text> </paragraph></subsection></section><section id="HA3C3BEA2B066437E9C80CDF6C564A85B"><enum>4.</enum><header>Tribal forest management demonstration project</header><text display-inline="no-display-inline">The Secretary of the Interior and the Secretary of Agriculture may carry out demonstration projects by which federally recognized Indian tribes or tribal organizations may contract to perform administrative, management, and other functions of programs of the Tribal Forest Protection Act of 2004 (<external-xref legal-doc="usc" parsable-cite="usc/25/3115a">25 U.S.C. 3115a et seq.</external-xref>) through contracts entered into under the Indian Self-Determination and Education Assistance Act (<external-xref legal-doc="usc" parsable-cite="usc/25/450">25 U.S.C. 450 et seq.</external-xref>).</text></section><after-quoted-block>.</after-quoted-block></quoted-block>
 </section><section id="HD55D33DD20B345B3929A14A9AF497AA6"><enum>7.</enum><header>Tribal resource management plans</header><text display-inline="no-display-inline">Unless otherwise explicitly exempted by Federal law enacted after the date of the enactment of this Act, any activity conducted or resources harvested or produced pursuant to a tribal resource management plan or an integrated resource management plan approved by the Secretary of the Interior under the National Indian Forest Resources Management Act (<external-xref legal-doc="usc" parsable-cite="usc/25/3101">25 U.S.C. 3101 et seq.</external-xref>) or the American Indian Agricultural Resource Management Act (<external-xref legal-doc="usc" parsable-cite="usc/25/3701">25 U.S.C. 3701 et seq.</external-xref>) shall be considered a sustainable management practice for purposes of any Federal standard, benefit, or requirement that requires a demonstration of such sustainability.</text>
 </section><section commented="no" id="H4C2954313963457D9D46AB5E16217143"><enum>8.</enum><header>Leases of restricted lands for the Navajo Nation</header><text display-inline="no-display-inline">Subsection (e)(1) of the first section of the Act of August 9, 1955 (<external-xref legal-doc="usc" parsable-cite="usc/25/415">25 U.S.C. 415(e)(1)</external-xref>; commonly referred to as the <quote>Long-Term Leasing Act</quote>), is amended—</text>
 <paragraph commented="no" id="HA506AF7CDABB4A08AE277090CD7FACCA"><enum>(1)</enum><text>by striking <quote>, except a lease for</quote> and inserting <quote>, including leases for</quote>;</text> </paragraph><paragraph commented="no" id="HE41B0D5A62CF40759F3095B042DB1D76"><enum>(2)</enum><text>in subparagraph (A), by striking <quote>25</quote> the first place it appears and all that follows and inserting <quote>99 years;</quote>;</text>
 </paragraph><paragraph commented="no" id="H47ABFF503840452A887955B020A9A90A"><enum>(3)</enum><text>in subparagraph (B), by striking the period and inserting <quote>; and</quote>; and</text> </paragraph><paragraph commented="no" id="H8C2650B7212D45CD8448959B4CB73035"><enum>(4)</enum><text>by adding at the end the following:</text>
				<quoted-block display-inline="no-display-inline" id="H4CCB8E2E1BB24D01AB4CAC2CB51D218C" style="OLC">
 <subparagraph commented="no" id="HE0F770742EDC4DEBA5159DEC9099984C" indent="up1"><enum>(C)</enum><text display-inline="yes-display-inline">in the case of a lease for the exploration, development, or extraction of mineral resources, including geothermal resources, 25 years, except that any such lease may include an option to renew for one additional term not to exceed 25 years.</text></subparagraph><after-quoted-block>.</after-quoted-block></quoted-block>
 </paragraph></section><section id="H638F80604B604BDC85FC51B0F0FC7553"><enum>9.</enum><header>Nonapplicability of certain rules</header><text display-inline="no-display-inline">No rule promulgated by the Department of the Interior regarding hydraulic fracturing used in the development or production of oil or gas resources shall have any effect on any land held in trust or restricted status for the benefit of Indians except with the express consent of the beneficiary on whose behalf such land is held in trust or restricted status.</text>
		</section></legis-body></bill>


