<?xml version="1.0"?>
<?xml-stylesheet type="text/xsl" href="billres.xsl"?>
<!DOCTYPE bill PUBLIC "-//US Congress//DTDs/bill.dtd//EN" "bill.dtd">
<bill bill-stage="Introduced-in-House" bill-type="olc" dms-id="HDD712DE91FF44D61A0465F8AC7DC00A7" key="H" public-private="public"><metadata xmlns:dc="http://purl.org/dc/elements/1.1/">
<dublinCore>
<dc:title>115 HR 188 IH: To amend the Harmonized Tariff Schedule of the United States to extend to 2027 the production certificate program that allows refunds of duties on certain articles produced in United States insular possessions.</dc:title>
<dc:publisher>U.S. House of Representatives</dc:publisher>
<dc:date>2017-01-03</dc:date>
<dc:format>text/xml</dc:format>
<dc:language>EN</dc:language>
<dc:rights>Pursuant to Title 17 Section 105 of the United States Code, this file is not subject to copyright protection and is in the public domain.</dc:rights>
</dublinCore>
</metadata>
<form>
<distribution-code display="yes">I</distribution-code><congress display="yes">115th CONGRESS</congress><session display="yes">1st Session</session><legis-num display="yes">H. R. 188</legis-num><current-chamber>IN THE HOUSE OF REPRESENTATIVES</current-chamber><action display="yes"><action-date date="20170103">January 3, 2017</action-date><action-desc><sponsor name-id="P000610">Ms. Plaskett</sponsor> introduced the following bill; which was referred to the <committee-name committee-id="HWM00">Committee on Ways and Means</committee-name></action-desc></action><legis-type>A BILL</legis-type><official-title display="yes">To amend the Harmonized Tariff Schedule of the United States to extend to 2027 the production
			 certificate program that allows refunds of duties on certain articles
			 produced in United States insular possessions.</official-title></form>
	<legis-body id="HA6EEF32FF3A94A1191F6EE0DB3848846" style="OLC">
		<section id="H953DE4389607487A805B2C29A4EF436B" section-type="section-one"><enum>1.</enum><header>Extension of production certificate program for certain products of United States insular
 possessions</header><text display-inline="no-display-inline">Additional U.S. Note 5(h)(i) to chapter 91 of the Harmonized Tariff Schedule of the United States is amended by inserting <quote>and 2017 through 2027</quote> after <quote>2015</quote>.</text>
		</section></legis-body></bill>


