<?xml version="1.0"?>
<?xml-stylesheet type="text/xsl" href="billres.xsl"?>
<!DOCTYPE bill PUBLIC "-//US Congress//DTDs/bill.dtd//EN" "bill.dtd">
<bill bill-stage="Introduced-in-House" bill-type="olc" dms-id="H0A9EFFD4560B48A680B00435D7777636" key="H" public-private="public"><metadata xmlns:dc="http://purl.org/dc/elements/1.1/">
<dublinCore>
<dc:title>115 HR 101 IH: Veterans Healthcare Improvement Act</dc:title>
<dc:publisher>U.S. House of Representatives</dc:publisher>
<dc:date>2017-01-03</dc:date>
<dc:format>text/xml</dc:format>
<dc:language>EN</dc:language>
<dc:rights>Pursuant to Title 17 Section 105 of the United States Code, this file is not subject to copyright protection and is in the public domain.</dc:rights>
</dublinCore>
</metadata>
<form>
<distribution-code display="yes">I</distribution-code><congress display="yes">115th CONGRESS</congress><session display="yes">1st Session</session><legis-num display="yes">H. R. 101</legis-num><current-chamber>IN THE HOUSE OF REPRESENTATIVES</current-chamber><action display="yes"><action-date date="20170103">January 3, 2017</action-date><action-desc><sponsor name-id="B001285">Ms. Brownley of California</sponsor> introduced the following bill; which was referred to the <committee-name committee-id="HVR00">Committee on Veterans' Affairs</committee-name></action-desc></action><legis-type>A BILL</legis-type><official-title display="yes">To direct the Comptroller General of the United States to conduct reviews of certain budget
			 requests of the President for the medical care accounts of the Department
			 of Veterans Affairs.</official-title></form>
	<legis-body id="H72049EB0C297469F9590E792C9930DDC" style="OLC">
 <section id="H4493A0043DCB4EAAA2F8F62FE9759B4E" section-type="section-one"><enum>1.</enum><header>Short title</header><text display-inline="no-display-inline">This Act may be cited as the <quote><short-title>Veterans Healthcare Improvement Act</short-title></quote>.</text> </section><section id="HEE55A1A59B84480282EDFA6D9FDE0304" section-type="subsequent-section"><enum>2.</enum><header>Comptroller General review of Department of Veterans Affairs medical care budget submissions</header><text display-inline="no-display-inline">Section 4 of the Veterans Health Care Budget Reform and Transparency Act of 2009 (<external-xref legal-doc="public-law" parsable-cite="pl/111/81">Public Law 111–81</external-xref>; <external-xref legal-doc="usc" parsable-cite="usc/38/117">38 U.S.C. 117</external-xref> note) is amended to read as follows:</text>
			<quoted-block id="HB848E69EAAC54FEC9A91704D658ED1F2" style="OLC">
				<section id="HF01A9A9706E941639F82403A68CEE236"><enum>4.</enum><header>Comptroller General review of Department of Veterans Affairs medical care budget submission</header>
 <subsection id="HCE0B0769B2634105AE60D7F02A2E7BA2"><enum>(a)</enum><header>Review of budget submission; reports</header><text>For each of fiscal years 2018, 2019, and 2020, the Comptroller General of the United States shall—</text> <paragraph id="H5833746C0C7D40DC9188C57D3CF265B7"><enum>(1)</enum><text>review the budget requests for the medical care accounts of the Department of Veterans Affairs in the budget request of the President submitted pursuant to section 1105 of title 31, United States Code; and</text>
 </paragraph><paragraph id="HF2329F1409974695B69BA51C4B96C5FD"><enum>(2)</enum><text>submit to the Committees on Veterans’ Affairs, Appropriations, and the Budget of the Senate and the House of Representatives a report or reports on the results of each such review.</text>
 </paragraph></subsection><subsection id="H8E6A2EA223D84F489CAC76B57ACBB539"><enum>(b)</enum><header>Timing and scope of reports</header><text>In determining the timing and scope for the submittal of the report or reports required under subsection (a), the Comptroller General shall consult with the Committees on Veterans’ Affairs of the Senate and the House of Representatives.</text>
 </subsection><subsection id="H9295736146ED433C925DA858B1841D8E"><enum>(c)</enum><header>Medical care accounts</header><text>In this section, the term <term>medical care accounts of the Department of Veterans Affairs</term> means the following medical care accounts of the Veterans Health Administration, Department of Veterans Affairs account:</text>
 <paragraph id="H335846185B8940F48527F37C2E3E03C1"><enum>(1)</enum><text>Medical Services.</text> </paragraph><paragraph id="HB9CA717E01A8446F8D8EC6E978DA109F"><enum>(2)</enum><text>Medical Support and Compliance.</text>
 </paragraph><paragraph id="HEA9B5C2C701246C69B3F0F20AABF9C67"><enum>(3)</enum><text>Medical Facilities.</text></paragraph></subsection></section><after-quoted-block>.</after-quoted-block></quoted-block> </section></legis-body></bill> 

