<?xml version="1.0"?>
<?xml-stylesheet type="text/xsl" href="billres.xsl"?>
<!DOCTYPE bill PUBLIC "-//US Congress//DTDs/bill.dtd//EN" "bill.dtd">
<bill bill-stage="Introduced-in-House" dms-id="H1E35BD8550D74294804EF689EECE0C74" public-private="public" key="H" bill-type="olc"><form><distribution-code display="yes">I</distribution-code><congress display="yes">115th CONGRESS</congress><session display="yes">1st Session</session><legis-num display="yes">H. R. 645</legis-num><current-chamber>IN THE HOUSE OF REPRESENTATIVES</current-chamber><action display="yes"><action-date date="20170124">January 24, 2017</action-date><action-desc><sponsor name-id="B001295">Mr. Bost</sponsor> (for himself, <cosponsor name-id="O000170">Mr. O'Rourke</cosponsor>, <cosponsor name-id="R000600">Mrs. Radewagen</cosponsor>, and <cosponsor name-id="G000571">Ms. Gabbard</cosponsor>) introduced the following bill; which was referred to the <committee-name committee-id="HVR00">Committee on Veterans' Affairs</committee-name></action-desc></action><legis-type>A BILL</legis-type><official-title display="yes">To require the Secretary of Veterans Affairs to provide for the inspection of kitchens and food service areas at medical facilities of the Department of Veterans Affairs to ensure that the same standards for kitchens and food service areas at hospitals in the private sector are being met at kitchens and food service areas at medical facilities of the Department.</official-title></form><legis-body id="H29959CB2F9B2436898D44255F89F8B74" style="OLC"> 
<section id="H00A24303AF9549E5814C6AA1D032E96C" section-type="section-one"><enum>1.</enum><header>Short title</header><text display-inline="no-display-inline">This Act may be cited as the <quote><short-title>Requiring Accountability and Inspections for Dining Service Act</short-title></quote>.</text></section> <section id="H5241BFEC8E6B4425B3B7E38E730E4463" section-type="subsequent-section"><enum>2.</enum><header>Inspection of kitchens and food service areas at medical facilities of the Department of Veterans Affairs</header> <subsection id="H5F74A5A1E0594CAD9A5CA8BBE5E60609"><enum>(a)</enum><header>In general</header><text>Not later than 90 days after the date of the enactment of this Act, and not less frequently than annually thereafter, the Secretary of Veterans Affairs shall provide for the conduct of inspections of kitchens and food service areas at each medical facility of the Department of Veterans Affairs to ensure that the same standards for kitchens and food service areas at hospitals in the private sector are being met at kitchens and food service areas at medical facilities of the Department.</text></subsection> 
<subsection id="H421DF5EA65FE4257ABCAAC0A4700A886"><enum>(b)</enum><header>Agreement</header> 
<paragraph id="HD6B8230960CC47EDA6C1CD4473E21FB2"><enum>(1)</enum><header>In general</header><text>The Secretary shall seek to enter into an agreement with the Joint Commission on Accreditation of Hospital Organizations under which the Joint Commission on Accreditation of Hospital Organizations conducts the inspections required under subsection (a).</text></paragraph> <paragraph id="H26B9DDA08E1741FF97B8A9AD58E91C93"><enum>(2)</enum><header>Alternate organization</header><text>If the Secretary is unable to enter into an agreement described in paragraph (1) with the Joint Commission on Accreditation of Hospital Organizations on terms acceptable to the Secretary, the Secretary shall seek to enter into such an agreement with another appropriate organization that—</text> 
<subparagraph id="HD2D3B100E46841289BCB5B8008A04BA6"><enum>(A)</enum><text>is not part of the Federal Government;</text></subparagraph> <subparagraph id="H7D0B66CFC7234BCDAD666FAF7EE0F187"><enum>(B)</enum><text>operates as a not-for-profit entity; and</text></subparagraph> 
<subparagraph id="H808477CA884C4CDBA70C1724C9A903B7"><enum>(C)</enum><text>has expertise and objectivity comparable to that of the Joint Commission on Accreditation of Hospital Organizations.</text></subparagraph></paragraph></subsection> <subsection id="HDAA1B41406954EF78316D24F5F23B703"><enum>(c)</enum><header>Remediation plan</header> <paragraph id="HCCC6B64D84674F7790EA08F8A1B80B3B"><enum>(1)</enum><header>Initial failure</header><text>If a kitchen or food service area of a medical facility of the Department is determined pursuant to an inspection conducted under subsection (a) not to meet the standards for kitchens and food service areas in hospitals in the private sector, that medical facility fails the inspection and the Secretary shall—</text> 
<subparagraph id="H00F58C6927AF47A8AA96304039700EB6"><enum>(A)</enum><text>implement a remediation plan for that medical facility within 48 hours; and</text></subparagraph> <subparagraph id="HFD8CCC4DA0064C538C97307601DE8B0D"><enum>(B)</enum><text>conduct a second inspection under subsection (a) at that medical facility within 7 days of the failed inspection.</text></subparagraph></paragraph> 
<paragraph id="H786C32D181A14467AAEFC0D17FD80DA7"><enum>(2)</enum><header>Second failure</header><text>If a medical facility of the Department fails the second inspection conducted under paragraph (1)(B), the Secretary shall close the kitchen or food service area at that medical facility that did not meet the standards for kitchens and food service areas in hospitals in the private sector until remediation is completed and all kitchens and food service areas at that medical facility meet such standards.</text></paragraph> <paragraph id="H6D3719B5F3C0481FB52C8D9516EA1F5A"><enum>(3)</enum><header>Provision of food</header><text>If a kitchen or food service area is closed at a medical facility of the Department pursuant to paragraph (2), the Director of the Veterans Integrated Service Network in which the medical facility is located shall enter into a contract with a vendor approved by the General Services Administration to provide food at the medical facility.</text></paragraph></subsection> 
<subsection id="HBE9AC311C1034C2298D461F89980D7ED"><enum>(d)</enum><header>Reports</header> 
<paragraph id="H22F14FC8A6C2462CA0E42CD883EB2202"><enum>(1)</enum><header>Quarterly</header><text>Not less frequently than quarterly, the Director of each Veterans Integrated Service Network shall submit to Congress a report on inspections conducted under this section during that quarter at medical facilities of the Department under the jurisdiction of that Director.</text></paragraph> <paragraph id="H0A31079861A547E78630643E71384D12"><enum>(2)</enum><header>Subsequent period</header><text>A Director of a Veterans Integrated Service Network may submit to Congress the report described in paragraph (1) not less frequently than semiannually if the Director does not report any failed inspections for the one-year period preceding the submittal of the report.</text></paragraph></subsection></section> 
</legis-body></bill>

