<?xml version="1.0"?>
<?xml-stylesheet type="text/xsl" href="billres.xsl"?>
<!DOCTYPE bill PUBLIC "-//US Congress//DTDs/bill.dtd//EN" "bill.dtd">
<bill bill-stage="Introduced-in-House" bill-type="olc" dms-id="H50DA5B1D0463457295A6381BFAFE6223" key="H" public-private="public"><metadata xmlns:dc="http://purl.org/dc/elements/1.1/">
<dublinCore>
<dc:title>115 HR 168 IH: Donate for Disaster Relief Act of 2017</dc:title>
<dc:publisher>U.S. House of Representatives</dc:publisher>
<dc:date>2017-01-03</dc:date>
<dc:format>text/xml</dc:format>
<dc:language>EN</dc:language>
<dc:rights>Pursuant to Title 17 Section 105 of the United States Code, this file is not subject to copyright protection and is in the public domain.</dc:rights>
</dublinCore>
</metadata>
<form>
<distribution-code display="yes">I</distribution-code><congress display="yes">115th CONGRESS</congress><session display="yes">1st Session</session><legis-num display="yes">H. R. 168</legis-num><current-chamber>IN THE HOUSE OF REPRESENTATIVES</current-chamber><action display="yes"><action-date date="20170103">January 3, 2017</action-date><action-desc><sponsor name-id="H000324">Mr. Hastings</sponsor> introduced the following bill; which was referred to the <committee-name committee-id="HWM00">Committee on Ways and Means</committee-name>, and in addition to the Committee on <committee-name committee-id="HPW00">Transportation and Infrastructure</committee-name>, for a period to be subsequently determined by the Speaker, in each case for consideration of such
			 provisions as fall within the jurisdiction of the committee concerned</action-desc></action><legis-type>A BILL</legis-type><official-title display="yes">To amend the Internal Revenue Code of 1986 to allow individuals to designate overpayments of income
			 tax for disaster relief.</official-title></form>
	<legis-body id="HBCE3BB2808FC46B8A85DA63FA5D6FDE8" style="OLC">
 <section id="H6B4B6674C6F84DF9B9AF2E3DBCFD2069" section-type="section-one"><enum>1.</enum><header>Short title</header><text display-inline="no-display-inline">This Act may be cited as the <quote><short-title>Donate for Disaster Relief Act of 2017</short-title></quote>.</text> </section><section id="H6A07FDA80AAC4ABCB034D66DD4F8AF7D"><enum>2.</enum><header>Designation of overpayments for disaster relief</header> <subsection id="H65BA4485EB434E2CB5529F605CC0CE69"><enum>(a)</enum><header>In general</header><text>Subchapter A of <external-xref legal-doc="usc-chapter" parsable-cite="usc-chapter/26/61">chapter 61</external-xref> of the Internal Revenue Code of 1986 is amended by adding at the end the following new part:</text>
				<quoted-block id="H2117BE876C864755AAA12FCA13E9C429" style="OLC">
					<part id="H111F7797E33B4E5A94170291DD42DD92"><enum>IX</enum><header>Designation of overpayments for disaster relief</header>
						<toc container-level="part-container" idref="H111F7797E33B4E5A94170291DD42DD92" lowest-bolded-level="division-lowest-bolded" lowest-level="section" quoted-block="no-quoted-block" regeneration="yes-regeneration">
							<toc-entry idref="HC716EFDB8F784CB899E4EBEF49F4139C" level="section">Sec. 6098. Designation of overpayments for disaster relief.</toc-entry></toc>
						<section id="HC716EFDB8F784CB899E4EBEF49F4139C"><enum>6098.</enum><header>Designation of overpayments for disaster relief</header>
 <subsection id="H8A45810A427942718300FA24D411933E"><enum>(a)</enum><header>In general</header><text display-inline="yes-display-inline">Every individual, with respect to the taxpayer’s return for the taxable year of the tax imposed by chapter 1, may designate that a specified portion (not less than $1) of any overpayment of such tax be paid over to the Disaster Relief Fund.</text>
 </subsection><subsection id="H66F779B4D47849C282DDB14E93E3084C"><enum>(b)</enum><header>Manner and Time of Designation</header><text>A designation under subsection (a) may be made with respect to any taxable year—</text> <paragraph id="H46F00C72543F41E6B7E34B1F97CAA6F1"><enum>(1)</enum><text>at the time of filing the return of the tax imposed by chapter 1 for such taxable year, or</text>
 </paragraph><paragraph id="H0BF03976E1BB494097646E3E1F73BD9E"><enum>(2)</enum><text>at any other time (after such time of filing) specified in regulations prescribed by the Secretary.</text> </paragraph><continuation-text continuation-text-level="subsection">Such designation shall be made in such manner as the Secretary prescribes by regulations except that, if such designation is made at the time of filing the return of the tax imposed by chapter 1 for such taxable year, such designation shall be made either on the first page of the return or on the page bearing the taxpayer's signature.</continuation-text></subsection><subsection id="H3F6A2901C2F648F991170732FFA88771"><enum>(c)</enum><header>Overpayments treated as refunded</header><text display-inline="yes-display-inline">For purposes of this title, any portion of an overpayment of tax designated under subsection (a) shall be treated as—</text>
 <paragraph id="HD7173268D7CC45B388D6E74428237630"><enum>(1)</enum><text>being refunded to the taxpayer as of the last date prescribed for filing the return of tax imposed by chapter 1 (determined without regard to extensions) or, if later, the date the return is filed, and</text>
 </paragraph><paragraph id="H133874E318A44CB5A8EAD0CFFA7DD542"><enum>(2)</enum><text>a contribution made by such taxpayer on such date to the United States.</text></paragraph></subsection></section></part><after-quoted-block>.</after-quoted-block></quoted-block> </subsection><subsection id="H0D73D741B9E04A6E9329AE01C7FA8906"><enum>(b)</enum><header>Disaster relief fund</header><text display-inline="yes-display-inline">Subchapter A of <external-xref legal-doc="usc-chapter" parsable-cite="usc-chapter/26/98">chapter 98</external-xref> of the Internal Revenue Code of 1986 is amended by adding at the end the following new section:</text>
				<quoted-block display-inline="no-display-inline" id="HC9781BFA3D6F43929F3D71A126603BDE" style="OLC">
					<section id="HF9FA6E3CC8CD460BA1ECEAB732DAC0BA"><enum>9512.</enum><header>Disaster relief fund</header>
 <subsection id="H2E4ADAAA7F3C440A9908F71AD452CAEB"><enum>(a)</enum><header>Creation of trust fund</header><text display-inline="yes-display-inline">There is established in the Treasury of the United States a trust fund to be known as the <quote>Disaster Relief Fund</quote>, consisting of such amounts as may be appropriated or credited to such fund as provided in this section or section 9602(b).</text>
 </subsection><subsection id="HF504E315A59F4E39A9605B53687E1FAE"><enum>(b)</enum><header>Transfers to trust fund</header><text>There are hereby appropriated to the Disaster Relief Fund amounts equivalent to the amounts designated under section 6098.</text>
 </subsection><subsection id="H7372A3A7286A4BC4A1029377E9011EBB"><enum>(c)</enum><header>Expenditures</header><text display-inline="yes-display-inline">Amounts in the Disaster Relief Fund shall be available, as provided in appropriation Acts, to supplement funds appropriated for disaster relief provided for major disasters declared pursuant to the Robert T. Stafford Disaster Relief and Emergency Assistance Act (<external-xref legal-doc="usc" parsable-cite="usc/42/5121">42 U.S.C. 5121 et seq.</external-xref>).</text></subsection></section><after-quoted-block>.</after-quoted-block></quoted-block>
			</subsection><subsection id="H313A8555EEDB417DBAA8FAD228F51528"><enum>(c)</enum><header>Clerical amendments</header>
 <paragraph id="H9DBA71DB9EAE4CC1B3D04FE0C4DA91CC"><enum>(1)</enum><text>The table of parts for subchapter A of <external-xref legal-doc="usc-chapter" parsable-cite="usc-chapter/26/61">chapter 61</external-xref> of the Internal Revenue Code of 1986 is amended by adding at the end the following new item:</text>
					<quoted-block display-inline="no-display-inline" id="H9B1364D6D06A430586420B16664B471A" style="OLC">
						<toc container-level="quoted-block-container" idref="H2117BE876C864755AAA12FCA13E9C429" lowest-bolded-level="division-lowest-bolded" lowest-level="section" quoted-block="no-quoted-block" regeneration="yes-regeneration">
							<toc-entry idref="H111F7797E33B4E5A94170291DD42DD92" level="part">Part IX. Designation of overpayments for disaster relief</toc-entry></toc><after-quoted-block>.</after-quoted-block></quoted-block>
 </paragraph><paragraph id="H41A1712FFD2D48BCB37B0EAC93754DC5"><enum>(2)</enum><text display-inline="yes-display-inline">The table of sections for subchapter A of chapter 98 of such Code is amended by adding at the end the following new item:</text>
					<quoted-block display-inline="no-display-inline" id="H97B20073B90C4986AF369C17DF9ABA8D" style="OLC">
						<toc container-level="quoted-block-container" idref="HC9781BFA3D6F43929F3D71A126603BDE" lowest-bolded-level="division-lowest-bolded" lowest-level="section" quoted-block="no-quoted-block" regeneration="yes-regeneration">
							<toc-entry idref="HF9FA6E3CC8CD460BA1ECEAB732DAC0BA" level="section">Sec. 9512. Disaster relief fund.</toc-entry></toc><after-quoted-block>.</after-quoted-block></quoted-block>
 </paragraph></subsection><subsection id="H75BF331ECC364DE3B861854F1C6D3150"><enum>(d)</enum><header>Effective date</header><text>The amendments made by this section shall apply to taxable years beginning after the date of the enactment of this Act.</text>
			</subsection></section></legis-body></bill>


