<?xml version="1.0"?>
<?xml-stylesheet type="text/xsl" href="billres.xsl"?>
<!DOCTYPE bill PUBLIC "-//US Congress//DTDs/bill.dtd//EN" "bill.dtd">
<bill bill-stage="Introduced-in-House" bill-type="olc" dms-id="H9B89916A500B4135A45B8EEB2D37FEA1" key="H" public-private="public"><metadata xmlns:dc="http://purl.org/dc/elements/1.1/">
<dublinCore>
<dc:title>115 HR 145 IH: CLEAN Act</dc:title>
<dc:publisher>U.S. House of Representatives</dc:publisher>
<dc:date>2017-01-03</dc:date>
<dc:format>text/xml</dc:format>
<dc:language>EN</dc:language>
<dc:rights>Pursuant to Title 17 Section 105 of the United States Code, this file is not subject to copyright protection and is in the public domain.</dc:rights>
</dublinCore>
</metadata>
<form>
<distribution-code display="yes">I</distribution-code><congress display="yes">115th CONGRESS</congress><session display="yes">1st Session</session><legis-num display="yes">H. R. 145</legis-num><current-chamber>IN THE HOUSE OF REPRESENTATIVES</current-chamber><action display="yes"><action-date date="20170103">January 3, 2017</action-date><action-desc><sponsor name-id="F000466">Mr. Fitzpatrick</sponsor> introduced the following bill; which was referred to the <committee-name committee-id="HHA00">Committee on House Administration</committee-name>, and in addition to the Committees on <committee-name committee-id="HJU00">the Judiciary</committee-name>, and <committee-name committee-id="HGO00">Oversight and Government Reform</committee-name>, for a period to be subsequently determined by the Speaker, in each case for consideration of such
			 provisions as fall within the jurisdiction of the committee concerned</action-desc></action><legis-type>A BILL</legis-type><official-title display="yes">To terminate pensions for Members of Congress, to prohibit a single bill or joint resolution
			 presented by Congress to the President from containing multiple subjects,
			 to require the equal application of laws to Members of Congress, and for
			 other purposes.</official-title></form>
	<legis-body id="HE486F7AD4A50490C9B069AA254E296D4" style="OLC">
 <section id="H63F1AABBE91741ECADA7EB35E47F84D0" section-type="section-one"><enum>1.</enum><header>Short title</header><text display-inline="no-display-inline">This Act may be cited as the <quote><short-title>Citizen Legislature Anti-Corruption Reform Act</short-title></quote> or the <quote>CLEAN Act</quote>.</text> </section><section id="H3C654E643BB040C6840B5826FE090B4A"><enum>2.</enum><header>Termination of further retirement benefits for members of congress</header> <subsection display-inline="no-display-inline" id="H163CBC24C1B243C08C76756885A076D0"><enum>(a)</enum><header>Amendments relating to the Civil Service Retirement System</header> <paragraph id="H4CB566C78A4A48FBB715A4F745C9142B"><enum>(1)</enum><header>In general</header><text>Subchapter III of <external-xref legal-doc="usc-chapter" parsable-cite="usc-chapter/5/83">chapter 83</external-xref> of title 5, United States Code, is amended by inserting after <external-xref legal-doc="usc" parsable-cite="usc/5/8335">section 8335</external-xref> the following:</text>
					<quoted-block display-inline="no-display-inline" id="H2FD08E51420E47EF9701DB3697B3BC8C" style="USC">
						<section id="H176F934C11344D6ABD15514B8271C2E9"><enum>8335a.</enum><header>Termination of further retirement coverage of Members of Congress</header>
 <subsection id="H1C0267CB537F4FA889093E3DBD8D01E2"><enum>(a)</enum><header>In general</header><text display-inline="yes-display-inline">Notwithstanding any other provision of this subchapter and subject to subsection (f), effective on the date that is 90 days after the date of enactment of this section—</text>
 <paragraph id="H244DA14970864D2888E1C29289F1555B"><enum>(1)</enum><text>a Member shall not be subject to this subchapter for any further period of time; and</text> </paragraph><paragraph id="H5DC43B05A0414762B79245D978E39CBE"><enum>(2)</enum><text>no further Government contributions or deductions from basic pay may be made with respect to such Member for deposit in the Treasury of the United States to the credit of the Fund.</text>
 </paragraph></subsection><subsection display-inline="no-display-inline" id="H05D7867B16524D65BA4D1CFE7C2E102C"><enum>(b)</enum><header>Prior rights not affected</header><text>Nothing in subsection (a) shall be considered to nullify, modify, or otherwise affect any right, entitlement, or benefit under this subchapter with respect to any Member covering any period prior to the date of enactment of this section.</text>
 </subsection><subsection id="HF3D61E25079A401582D77D31F9347502"><enum>(c)</enum><header>Right To participate in thrift savings plan not affected</header><text>Nothing in subsection (a) shall affect the eligibility of a Member to participate in the Thrift Savings Plan in accordance with otherwise applicable provisions of law.</text>
 </subsection><subsection id="H475D8540352C4B6ABE48F9CE6229B317"><enum>(d)</enum><header>Regulations</header><text>Any regulations necessary to carry out this section may—</text> <paragraph id="HFA16369C172744AEBFABE0561D22A3ED"><enum>(1)</enum><text display-inline="yes-display-inline">except with respect to matters relating to the Thrift Savings Plan, be prescribed by the Director of the Office of Personnel Management; and</text>
 </paragraph><paragraph id="HC321513BD94E4A21B54531A6460E2F40"><enum>(2)</enum><text>with respect to matters relating to the Thrift Savings Plan, be prescribed by the Executive Director (as defined by section 8401(13)).</text>
 </paragraph></subsection><subsection id="H4D030590DC934672A56B5E44622F6E9B"><enum>(e)</enum><header>Exclusion</header><text>For purposes of this section, the term <term>Member</term> does not include the Vice President.</text></subsection></section><after-quoted-block>.</after-quoted-block></quoted-block> </paragraph><paragraph id="H6C5F32EB82D64B19BBDA8B2043A59560"><enum>(2)</enum><header>Clerical amendment</header><text>The table of sections at the beginning of <external-xref legal-doc="usc-chapter" parsable-cite="usc-chapter/5/83">chapter 83</external-xref> of title 5, United States Code, is amended by inserting after the item relating to <external-xref legal-doc="usc" parsable-cite="usc/5/8335">section 8335</external-xref> the following:</text>
					<quoted-block id="HB0976A02551F44CAB78AEEBCC3D65E08" style="OLC">
						<toc regeneration="no-regeneration">
							<toc-entry level="section">8335a. Termination of further retirement coverage of Members of Congress.</toc-entry></toc><after-quoted-block>.</after-quoted-block></quoted-block>
				</paragraph></subsection><subsection id="HF91BEC783E97480682EBA1F6C5DC73C3"><enum>(b)</enum><header>Amendments relating to the Federal Employees Retirement System</header>
 <paragraph id="HE0DAE48B82884600B2E8FD7994A2D53E"><enum>(1)</enum><header>In general</header><text>Subchapter II of <external-xref legal-doc="usc-chapter" parsable-cite="usc-chapter/5/84">chapter 84</external-xref> of title 5, United States Code, is amended by inserting after <external-xref legal-doc="usc" parsable-cite="usc/5/8425">section 8425</external-xref> the following:</text>
					<quoted-block display-inline="no-display-inline" id="HA1984977C4E94DC2BCA3EFC38AB65DFD" style="USC">
						<section id="HAA039E82B7D64EE9BAAABAA9825A19F7"><enum>8425a.</enum><header>Termination of further retirement coverage of Members of Congress</header>
 <subsection id="H08160ABB18704810B13B1291D7F4B4C7"><enum>(a)</enum><header>In general</header><text display-inline="yes-display-inline">Notwithstanding any other provision of this chapter, effective on the date that is 90 days after the date of enactment of this section—</text>
 <paragraph id="HF06E2BB9449B4787A69C9421363D5966"><enum>(1)</enum><text>subject to subsection (f), in the case of an individual who first becomes a Member before such date of enactment—</text>
 <subparagraph id="H8EC786DB13EB4B91ABA0C90CA8418D5D"><enum>(A)</enum><text>such Member shall not be subject to this chapter for any further period of time after such date of enactment; and</text>
 </subparagraph><subparagraph id="H2AC2805C46214A6289259EF208868618"><enum>(B)</enum><text>no further Government contributions or deductions from basic pay may be made with respect to such Member for deposit in the Treasury of the United States to the credit of the Fund; and</text>
 </subparagraph></paragraph><paragraph id="HB0A2DE152B514C3099393D1652BE1FC6"><enum>(2)</enum><text>in the case of an individual who first becomes a Member on or after such date of enactment—</text> <subparagraph id="HB6BDA33C2F10457BAAD9602AFFA89451"><enum>(A)</enum><text>such Member shall not be subject to this chapter; and</text>
 </subparagraph><subparagraph id="H5CA3132C30C4411298417B9C2D81F444"><enum>(B)</enum><text>no Government contributions or deductions from basic pay may be made with respect to such Member for deposit in the Treasury of the United States to the credit of the Fund.</text>
 </subparagraph></paragraph></subsection><subsection display-inline="no-display-inline" id="H3A9BC36104AA423485F30FC53D2446B8"><enum>(b)</enum><header>Prior rights not affected</header><text>Nothing in subsection (a) shall be considered to nullify, modify, or otherwise affect any right, entitlement, or benefit under this chapter with respect to any Member covering any period prior to the date of enactment of this section.</text>
 </subsection><subsection id="H76D5C5D76B2742969A7C5166918958F4"><enum>(c)</enum><header>Right To participate in thrift savings plan not affected</header><text>Nothing in subsection (a) shall affect the eligibility of a Member to participate in the Thrift Savings Plan in accordance with otherwise applicable provisions of law.</text>
							</subsection><subsection id="HB4F047E1C16F4684B334131C2B13A431"><enum>(d)</enum><header>Regulations</header>
 <paragraph id="HF96DA73366EF40FD824FDDD4068B2A72"><enum>(1)</enum><header>In general</header><text>Any regulations necessary to carry out this section may—</text> <subparagraph id="H0E6E91C70C6B4AA6AE8FDF5EFE811F36"><enum>(A)</enum><text display-inline="yes-display-inline">except with respect to matters relating to the Thrift Savings Plan, be prescribed by the Director of the Office of Personnel Management; and</text>
 </subparagraph><subparagraph id="H5375C9254A194DF1BD068C986CBB7A2C"><enum>(B)</enum><text>with respect to matters relating to the Thrift Savings Plan, be prescribed by the Executive Director (as defined by section 8401(13)).</text>
 </subparagraph></paragraph><paragraph id="H5395D9DD7AB44E359D532677D92148EA"><enum>(2)</enum><header>Refunds</header><text>Notwithstanding subsection (b), the regulations under paragraph (1)(A) shall, in the case of a Member who has not completed at least 5 years of civilian service as of the date of enactment of this section, provide that the lump-sum credit shall be payable to such Member to the same extent and in the same manner as if such Member satisfied paragraphs (1) through (4) of section 8424(a) as of such date of enactment.</text>
 </paragraph></subsection><subsection id="H4527A0D12A804F618D8FFA0F01E2CC81"><enum>(e)</enum><header>Exclusions</header><text display-inline="yes-display-inline">For purposes of this section, the term <term>Member</term> does not include the Vice President.</text></subsection></section><after-quoted-block>.</after-quoted-block></quoted-block> </paragraph><paragraph id="H2213E5B3921B4D6B85EACEDB10148830"><enum>(2)</enum><header>Clerical amendment</header><text>The table of sections at the beginning of <external-xref legal-doc="usc-chapter" parsable-cite="usc-chapter/5/84">chapter 84</external-xref> of title 5, United States Code, is amended by inserting after the item relating to <external-xref legal-doc="usc" parsable-cite="usc/5/8425">section 8425</external-xref> the following:</text>
					<quoted-block id="H3AF519C7613C4489B0CE29139F0776B1" style="OLC">
						<toc regeneration="no-regeneration">
							<toc-entry level="section">8425a. Termination of further retirement coverage of Members of Congress.</toc-entry></toc><after-quoted-block>.</after-quoted-block></quoted-block>
				</paragraph></subsection></section><section id="H9775F75C4D1548BCB424C73AE18CE89F"><enum>3.</enum><header>Prohibiting multiple subjects in single bill</header>
 <subsection id="H37F47C3AEE014049881F77B2B2AB9FA1"><enum>(a)</enum><header>In general</header><text display-inline="yes-display-inline">Each bill, order, resolution, or vote submitted by Congress to the President under section 7 of article I of the Constitution of the United States shall embrace no more than one subject, and that subject shall be clearly and descriptively expressed in the title of the bill, order, resolution or vote.</text>
 </subsection><subsection id="HD7C39FBF1D8943A690D5FD1205141DB3"><enum>(b)</enum><header>Effective date</header><text>Subsection (a) shall apply with respect to the One Hundred Fifteenth Congress and each succeeding Congress.</text>
			</subsection></section><section id="HE6AEE975F8054CAD90C79B1DCB105C89"><enum>4.</enum><header>Requiring equal application of laws to Members of Congress</header>
 <subsection id="H2070ABF618B743C69702D1AD94E01D8B"><enum>(a)</enum><header>In general</header><text display-inline="yes-display-inline">Notwithstanding any other provision of law, any provision of law that provides an exception in its application to a Member of Congress or an employee of the office of a Member of Congress shall have no effect.</text>
 </subsection><subsection id="H9AD208579C8147C5B740D0FE08A137DA"><enum>(b)</enum><header>Clarification relating to exercise of official or representational duties</header><text>Subsection (a) shall not be construed to apply to provisions of law or rules which permit Members of Congress or employees of offices of Members of Congress to carry out official duties that are tied directly to lawmaking, including provisions or rules permitting Members and employees to enter and use the United States Capitol, the United States Capitol grounds, and other buildings and facilities.</text>
 </subsection><subsection id="HB425B1533C9148CEA1CE30EECA047F61"><enum>(c)</enum><header>Definition</header><text>In this section, the term <term>Member of Congress</term> means a Senator or a Representative in, or Delegate or Resident Commissioner to, the Congress.</text> </subsection></section><section id="HEA5B88A8D7AD4174ABF858D17475F404"><enum>5.</enum><header>Requiring use of independent nonpartisan commissions to carry out redistricting</header> <subsection id="HE494748440EB47BEAA1BC91C05A03C75"><enum>(a)</enum><header>Requirement</header> <paragraph id="H54B00BD8E467412F98B95EC344D67433"><enum>(1)</enum><header>Congressional redistricting</header><text display-inline="yes-display-inline">Each State shall conduct Congressional redistricting (beginning with the redistricting carried out pursuant to the decennial census conducted during 2020) in accordance with a redistricting plan developed by a nonpartisan independent redistricting commission.</text>
 </paragraph><paragraph id="H3F23A0E979A54A899345A1F399E60BBE"><enum>(2)</enum><header>Redistricting for State legislative districts</header><text display-inline="yes-display-inline">Notwithstanding any other provision of law, a State may not use any funds provided by the Federal Government directly for election administration purposes unless the State certifies to the Election Assistance Commission that the State conducts redistricting for State legislative districts in the State (beginning with the first such redistricting carried out after the date of the enactment of this Act) in accordance with a redistricting plan developed by a nonpartisan independent redistricting commission.</text>
 </paragraph></subsection><subsection id="HBF9FC0766FAF45E0A526E4580D83D4A6"><enum>(b)</enum><header>Nonpartisan independent status</header><text display-inline="yes-display-inline">For purposes of this section, a commission shall be considered to be a nonpartisan independent commission if—</text>
 <paragraph id="H228BCE0986D84E7EBD04AFB069DA9CB1"><enum>(1)</enum><text>the number of its members who are affiliated with the political party with the largest percentage of the registered voters in the State who are affiliated with a political party (as determined with respect to the most recent Statewide election for Federal office held in the State for which such information is available) is equal to the number of its members who are affiliated with the political party with the second largest percentage of the registered voters in the State who are affiliated with a political party (as so determined); and</text>
 </paragraph><paragraph id="H4BBCB8784552487A9FB4D2302B85ED3A"><enum>(2)</enum><text>none of its members is an elected public official.</text> </paragraph></subsection><subsection id="H48C00115CBAC40968760B2595EA63547"><enum>(c)</enum><header>State defined</header><text>In this section, the term <term>State</term> means each of the several States.</text>
			</subsection></section><section id="HA07935A851824B0BAE2E137906425001"><enum>6.</enum><header>Requiring open primaries</header>
			<subsection id="HDDFE47A31CED44D8B6B14D99FCCFB450"><enum>(a)</enum><header>In general</header>
 <paragraph id="H9265212CF16044F48999271876C939A5"><enum>(1)</enum><header>Elections for Federal office</header><text>Each State shall hold open primaries for elections for Federal office held in the State.</text> </paragraph><paragraph id="HD1193BF6486D47DFAF3154B6F722D855"><enum>(2)</enum><header>Elections for State and local office</header><text>Notwithstanding any other provision of law, a State may not use any funds provided by the Federal Government directly for election administration purposes unless the State certifies to the Election Assistance Commission that the State holds open primaries for elections for State and local office.</text>
 </paragraph></subsection><subsection id="H57452178B153477DAD800EFE570DF824"><enum>(b)</enum><header>Open primaries described</header><text>For purposes of this section, a State holds open primaries for an election for an office if any individual who is registered to vote in a general election for such office in the State may cast a ballot in any primary election (including a primary election held for the selection of delegates to a national nominating convention of a political party and a primary election held for the expression of a preference for the nomination of individuals for election to the office of President) held by any political party to nominate candidates for election for that office, including a convention or caucus of a political party which has authority to nominate a candidate.</text>
 </subsection><subsection id="H8D4F8B4F37CE4EA3AF364F38585CB327"><enum>(c)</enum><header>State defined</header><text>In this section, the term <term>State</term> has the meaning given such term in section 901 of the Help America Vote Act of 2002 (<external-xref legal-doc="usc" parsable-cite="usc/52/21141">52 U.S.C. 21141</external-xref>).</text>
 </subsection><subsection id="HC55AE1FB2A0A466AA7FF755FB020C97C"><enum>(d)</enum><header>Effective date</header><text>Subsection (a) shall apply with respect to elections held after the date of the enactment of this Act.</text>
			</subsection></section></legis-body></bill>


