<?xml version="1.0"?>
<?xml-stylesheet type="text/xsl" href="billres.xsl"?>
<!DOCTYPE bill PUBLIC "-//US Congress//DTDs/bill.dtd//EN" "bill.dtd">
<bill bill-stage="Introduced-in-House" bill-type="olc" dms-id="H96BE244A1D2A4DFA9EB829B2F50B28AA" key="H" public-private="public"><metadata xmlns:dc="http://purl.org/dc/elements/1.1/">
<dublinCore>
<dc:title>115 HR 151 IH: Redistricting and Voter Protection Act of 2017</dc:title>
<dc:publisher>U.S. House of Representatives</dc:publisher>
<dc:date>2017-01-03</dc:date>
<dc:format>text/xml</dc:format>
<dc:language>EN</dc:language>
<dc:rights>Pursuant to Title 17 Section 105 of the United States Code, this file is not subject to copyright protection and is in the public domain.</dc:rights>
</dublinCore>
</metadata>
<form>
<distribution-code display="yes">I</distribution-code><congress display="yes">115th CONGRESS</congress><session display="yes">1st Session</session><legis-num display="yes">H. R. 151</legis-num><current-chamber>IN THE HOUSE OF REPRESENTATIVES</current-chamber><action display="yes"><action-date date="20170103">January 3, 2017</action-date><action-desc><sponsor name-id="G000553">Mr. Al Green of Texas</sponsor> introduced the following bill; which was referred to the <committee-name committee-id="HJU00">Committee on the Judiciary</committee-name></action-desc></action><legis-type>A BILL</legis-type><official-title display="yes">To require any State which, after enacting a Congressional redistricting plan after a decennial
			 census and apportionment of Representatives, enacts a subsequent
			 Congressional redistricting plan prior to the next decennial census and
			 apportionment of Representatives, to obtain a declaratory judgment or
			 preclearance in the manner provided under section 5 of the Voting Rights
			 Act of 1965 in order for the subsequent plan to take effect.</official-title></form>
	<legis-body id="HD57EAEE8042E4343B2B67C3C71F36B23" style="OLC">
 <section id="HA12DA8D70DEC43D5AE8146F9E2C7EF4F" section-type="section-one"><enum>1.</enum><header>Short title</header><text display-inline="no-display-inline">This Act may be cited as the <quote><short-title>Redistricting and Voter Protection Act of 2017</short-title></quote>.</text> </section><section id="H6A588A521C204B128FE98D8EE320AB7D" section-type="subsequent-section"><enum>2.</enum><header>Requiring declaratory judgment or preclearance as prerequisite for multiple Congressional redistricting plans enacted pursuant to same decennial census and apportionment of Representatives</header> <subsection id="H321D402591AA455C93C3E683D137E8E8"><enum>(a)</enum><header>Declaratory Judgment that Plan Does Not Deny or Abridge Right To Vote on Account of Race or Color</header><text display-inline="yes-display-inline">Except as provided in subsection (b), after a State enacts a Congressional redistricting plan in the manner provided by law after an apportionment of Representatives under section 22(a) of the Act entitled <quote>An Act to provide for the fifteenth and subsequent decennial censuses and to provide for an apportionment of Representatives in Congress</quote>, approved June 18, 1929 (<external-xref legal-doc="usc" parsable-cite="usc/2/2a">2 U.S.C. 2a</external-xref>), any subsequent Congressional redistricting plan enacted by the State prior to the next apportionment of Representatives under such section shall not take effect unless and until—</text>
 <paragraph id="HCDCE786C22364FF7A7017C0194E65160"><enum>(1)</enum><text display-inline="yes-display-inline">the State commences a civil action in the United States District Court for the District of Columbia for a declaratory judgment that such subsequent plan neither has the purpose nor will have the effect of denying or abridging the right to vote on account of race or color, or in contravention of the guarantees set forth in section 4(f)(2) of the Voting Rights Act of 1965 (<external-xref legal-doc="usc" parsable-cite="usc/52/10303">52 U.S.C. 10303(f)(2)</external-xref>); and</text>
 </paragraph><paragraph id="H7B45E7CE10154E459E7EA85A3C3944C6"><enum>(2)</enum><text>the court enters such a declaratory judgment.</text> </paragraph></subsection><subsection id="HFDCA8257606C4C38AB495ED0F7E818E5"><enum>(b)</enum><header>Preclearance</header><text>A subsequent Congressional redistricting plan described in subsection (a) may take effect if—</text>
 <paragraph id="H1DDBBAA60D5E444CACB096D9B405DBBF"><enum>(1)</enum><text>the chief legal officer or other appropriate official of the State involved submits the plan to the Attorney General and the Attorney General has not interposed an objection within 60 days of such submission; or</text>
 </paragraph><paragraph id="HCB615D21DBB84DC5BBF532A8C3FE55B3"><enum>(2)</enum><text>upon good cause shown, to facilitate an expedited approval within 60 days of such submission, the Attorney General has affirmatively indicated that such objection will not be made.</text>
 </paragraph></subsection><subsection id="HC9CCC4170713466BAA195F9A01BBC832"><enum>(c)</enum><header>Application of Voting Rights Act of 1965</header><text>For purposes of the Voting Rights Act of 1965, a declaratory judgment under subsection (a) or a preclearance under subsection (b), and the proceedings related to such judgment or preclearance, shall be treated as a declaratory judgment or preclearance under section 5 of such Act (<external-xref legal-doc="usc" parsable-cite="usc/52/10304">52 U.S.C. 10304</external-xref>).</text>
 </subsection></section><section id="H297CA16423BA42DE96596DA52B848584"><enum>3.</enum><header>No effect on redistricting plans enacted pursuant to court order</header><text display-inline="no-display-inline">Section 1 does not apply with respect to any subsequent Congressional redistricting plan described in section 1(a) if the plan is enacted by a State pursuant to a court order in order to comply with the Constitution or to enforce the <act-name parsable-cite="VRA65">Voting Rights Act of 1965</act-name> (<external-xref legal-doc="usc" parsable-cite="usc/52/10301">52 U.S.C. 10301 et seq.</external-xref>).</text>
		</section></legis-body></bill>


