<?xml version="1.0"?>
<?xml-stylesheet type="text/xsl" href="billres.xsl"?>
<!DOCTYPE bill PUBLIC "-//US Congress//DTDs/bill.dtd//EN" "bill.dtd">
<bill bill-stage="Introduced-in-House" dms-id="H9913B73B816340BABA1D44A607B4E585" public-private="public" key="H" bill-type="olc"><form><distribution-code display="yes">I</distribution-code><congress display="yes">115th CONGRESS</congress><session display="yes">1st Session</session><legis-num display="yes">H. R. 62</legis-num><current-chamber>IN THE HOUSE OF REPRESENTATIVES</current-chamber><action display="yes"><action-date date="20170103">January 3, 2017</action-date><action-desc><sponsor name-id="J000032">Ms. Jackson Lee</sponsor> introduced the following bill; which was referred to the <committee-name committee-id="HJU00">Committee on the Judiciary</committee-name></action-desc></action><legis-type>A BILL</legis-type><official-title display="yes">To provide for the hiring of 200 additional Bureau of Alcohol, Tobacco, Firearms and Explosives agents and investigators to enforce gun laws.</official-title></form><legis-body id="HD1349A9D0A2D40F69A8E3D6756EA443B" style="OLC"> 
<section id="H7D148D913A54457B9F6140E4D7C251F6" section-type="section-one"><enum>1.</enum><header>Short title</header><text display-inline="no-display-inline">This Act may be cited as the <quote><short-title>Gun Violence Reduction Resources Act of 2017</short-title></quote>.</text></section> <section id="H71400BCF20294D03BF0C10CB0AF6530A"><enum>2.</enum><header>Findings</header><text display-inline="no-display-inline">The Congress finds as follows:</text> 
<paragraph id="H20EE12B652AD4650A4113E8C6AA1569D"><enum>(1)</enum><text display-inline="yes-display-inline">On average, more than 100,000 people in the United States are shot in murders, assaults, and other crimes and more than 32,000 people die from gun violence annually, including 2,677 children under 18 years of age.</text></paragraph> <paragraph id="H07BD68AD93CA44F687C31A227B3D07DA"><enum>(2)</enum><text>Many of these crimes were committed by people who never should have been able to purchase a gun.</text></paragraph> 
<paragraph id="H67A7B0452A7C4020A6709EB5A8867029"><enum>(3)</enum><text>Each year hundreds of law enforcement officers lose their lives to gun violence, having been shot to death while protecting their communities.</text></paragraph> <paragraph id="H6FD79628A74C4F93A1C3CE77551FC45D"><enum>(4)</enum><text>Millions of guns are sold every year in <quote>no questions asked</quote> transactions and experts estimate that 40 percent of guns now sold in the United States are sold without a background check of the purchaser.</text></paragraph></section> 
<section id="H85BFDE53E3F046FEB70689D3DE019280"><enum>3.</enum><header>Additional Bureau of Alcohol, Tobacco, Firearms and Explosives agents and investigators</header><text display-inline="no-display-inline">The Attorney General may hire 200 individuals to serve as agents and investigators for the Bureau of Alcohol, Tobacco, Firearms and Explosives, in addition to any individuals so serving as of the date of the enactment of this Act.</text></section> </legis-body></bill>

