<?xml version="1.0"?>
<?xml-stylesheet type="text/xsl" href="billres.xsl"?>
<!DOCTYPE bill PUBLIC "-//US Congress//DTDs/bill.dtd//EN" "bill.dtd">
<bill bill-stage="Introduced-in-House" bill-type="olc" dms-id="H0FE51CC0FD9E4B5B931D6A6C41E9AAFB" key="H" public-private="public"><metadata xmlns:dc="http://purl.org/dc/elements/1.1/">
<dublinCore>
<dc:title>115 HR 183 IH: To provide for the equitable settlement of certain Indian land disputes regarding land in Illinois, and for other purposes.</dc:title>
<dc:publisher>U.S. House of Representatives</dc:publisher>
<dc:date>2017-01-03</dc:date>
<dc:format>text/xml</dc:format>
<dc:language>EN</dc:language>
<dc:rights>Pursuant to Title 17 Section 105 of the United States Code, this file is not subject to copyright protection and is in the public domain.</dc:rights>
</dublinCore>
</metadata>
<form>
<distribution-code display="yes">I</distribution-code><congress display="yes">115th CONGRESS</congress><session display="yes">1st Session</session><legis-num display="yes">H. R. 183</legis-num><current-chamber>IN THE HOUSE OF REPRESENTATIVES</current-chamber><action display="yes"><action-date date="20170103">January 3, 2017</action-date><action-desc><sponsor name-id="M001190">Mr. Mullin</sponsor> introduced the following bill; which was referred to the <committee-name committee-id="HII00">Committee on Natural Resources</committee-name></action-desc></action><legis-type>A BILL</legis-type><official-title display="yes">To provide for the equitable settlement of certain Indian land disputes regarding land in Illinois,
			 and for other purposes.</official-title></form>
	<legis-body id="HF4E129F8F43A4CCAB3C1075886EAD043" style="OLC">
		<section id="H283E996DF1A146A3964E90D2BFA68656" section-type="section-one"><enum>1.</enum><header>Settlement of claims</header>
 <subsection id="HE022532343A74B6E8D67F82F713D5F0F"><enum>(a)</enum><header>Findings</header><text>The Congress finds the following:</text> <paragraph id="HCA0E8FDEA1F5454DB9E669DF3A22E65D"><enum>(1)</enum><text>The Miami Tribe of Oklahoma has challenged title of certain lands within the State of Illinois based upon treaties negotiated with the United States.</text>
 </paragraph><paragraph id="H274C3FCF5F704FF7BBCCFA5A316ED750"><enum>(2)</enum><text>The Miami Tribe of Oklahoma claims to be the rightful owner of approximately 2,648,420 acres of land reserved and guaranteed to it by the Federal Government in the Treaty of August 1, 1805 (7 Stat. 91), known as the Treaty of Grouseland.</text>
 </paragraph><paragraph id="H42A5AB4AAF594A40BF6DF1F1E272F99B"><enum>(3)</enum><text>The land reserved and guaranteed to the Miami Tribe of Oklahoma by the Treaty of Grouseland is located in the State of Illinois and persons and entities other than the Miami Tribe of Oklahoma currently hold title to that land.</text>
 </paragraph><paragraph id="HCDC962A5CC834C4B86B7C65BE81DC011"><enum>(4)</enum><text>Congress desires to remove any cloud on title resulting from the Miami Tribe of Oklahoma’s claim to the land under the Treaty of Grouseland and to afford the Miami Tribe of Oklahoma the opportunity to resolve its claims arising from the Treaty of Grouseland.</text>
 </paragraph></subsection><subsection id="H730E0F5F41D14422AAE2B06A8BDFF319"><enum>(b)</enum><header>Jurisdiction conferred on the united states court of federal claims</header><text>Notwithstanding any other provision of law, exclusive jurisdiction is hereby conferred upon the United States Court of Federal Claims to hear, determine, and render judgment on the Miami Tribe of Oklahoma’s land claim under the Treaty of August 1, 1805 (7 Stat. 91), without regard to legal or equitable defenses based on the passage of time, including the statute of limitations identified in section 2501 of title 28, United States Code, and any delay-based defense, including laches, estoppel or acquiescence, no matter how characterized. The United States shall be the only entity or individual liable regarding such a claim and monetary damages shall be the only available remedy. The jurisdiction hereby conferred on the United States Court of Federal Claims shall expire unless a claim is filed by the Miami Tribe of Oklahoma within 1 year after the date of the enactment of this Act.</text>
 </subsection><subsection id="HEB80A080F0D24272A6AB71CFCEAAA697"><enum>(c)</enum><header>Extinguishment of title and claims</header><text>Except for the claim of the Miami Tribe of Oklahoma against the United States as a defendant in an action before the United States Court of Federal Claims as provided in subsection (b), all other claims of the Miami Tribe of Oklahoma, or any member, descendant, or predecessor in interest to the Miami Tribe to title arising under the Treaty of Grouseland are hereby extinguished.</text>
			</subsection></section></legis-body></bill>


