<?xml version="1.0"?>
<?xml-stylesheet type="text/xsl" href="billres.xsl"?>
<!DOCTYPE bill PUBLIC "-//US Congress//DTDs/bill.dtd//EN" "bill.dtd">
<bill bill-stage="Enrolled-Bill" bill-type="olc" dms-id="H6BF1F0006D8C4D6E8DC2AEC1367FD588" key="H" public-private="public" stage-count="1"> 
<metadata xmlns:dc="http://purl.org/dc/elements/1.1/">
<dublinCore>
<dc:title> HR 39 ENR: Tested Ability to Leverage Exceptional National Talent Act of 2017</dc:title>
<dc:publisher>U.S. House of Representatives</dc:publisher>
<dc:date></dc:date>
<dc:format>text/xml</dc:format>
<dc:language>EN</dc:language>
<dc:rights>Pursuant to Title 17 Section 105 of the United States Code, this file is not subject to copyright protection and is in the public domain.</dc:rights>
</dublinCore>
</metadata>
<form>
<distribution-code display="no">I</distribution-code> 
<congress display="yes">One Hundred Fifteenth Congress of the United States of America</congress><session display="yes">At the First Session</session><enrolled-dateline>Begun and held at the City of Washington on Tuesday, the third day of January, two thousand and seventeen</enrolled-dateline> 
<legis-num display="yes">H. R. 39</legis-num> 
<current-chamber display="no"></current-chamber> 
<legis-type>AN ACT</legis-type> 
<official-title display="yes">To amend title 5, United States Code, to codify the Presidential Innovation Fellows Program, and for other purposes.</official-title> 
</form> 
<legis-body id="H7F1F4DADD7844A5FB691EB5D5215A5BD" style="OLC"> 
<section id="HCE05DEC9C8AF46C99FF9A2635B81FCC3" section-type="section-one"><enum>1.</enum><header>Short title</header><text display-inline="no-display-inline">This Act may be cited as the <quote><short-title>Tested Ability to Leverage Exceptional National Talent Act of 2017</short-title></quote> or the <quote><short-title>TALENT Act of 2017</short-title></quote>.</text> </section> <section id="HAA34244E59CA433983F93ADB9A608DDA" section-type="subsequent-section"><enum>2.</enum><header>Presidential Innovation Fellows Program</header> <subsection id="HA5AA532ECDF442D3824855204DD6DC79"><enum>(a)</enum><header>In general</header><text display-inline="yes-display-inline"><external-xref legal-doc="usc-chapter" parsable-cite="usc-chapter/5/31">Chapter 31</external-xref> of title 5, United States Code, is amended by adding at the end the following:</text> 
<quoted-block display-inline="no-display-inline" id="HE94176FBA7A446709120318503CD9758" style="USC"> 
<subchapter id="HC677E08E3C9143D288812B1227E885B0"><enum>V</enum><header>Presidential Innovation Fellows Program </header> 
<section id="H65B88DCBDF2844C8B2A422CC187A10BE"><enum>3171.</enum><header>Presidential Innovation Fellows Program</header> 
<subsection commented="no" id="H48440280BE324AED963F90FB88F6D1D8"><enum>(a)</enum><header>Policy</header><text>It is in the national interest for the Government to attract the brightest minds skilled in technology or innovative practices to serve in the Government to work on some of the Nation’s biggest and most pressing challenges. This subchapter establishes a program to encourage successful entrepreneurs, executives, and innovators to join the Government and work in close cooperation with Government leaders, to create meaningful solutions that can help save lives and taxpayer money, fuel job creation, and significantly improve how the Government serves the American people.</text> </subsection> <subsection id="HAAEA0898F38642D8B335C8543E028572"><enum>(b)</enum><header>Establishment</header><text>The Administrator of General Services shall continue the Presidential Innovation Fellows Program (hereinafter referred to as the <quote>Program</quote>) to enable exceptional individuals with proven track records to serve time-limited appointments in executive agencies to address some of the Nation’s most significant challenges and improve existing Government efforts that would particularly benefit from expertise using innovative techniques and technology.</text> </subsection> 
<subsection id="HD22E0EEC3B514B77AE79B2622705CCB5"><enum>(c)</enum><header>Administration</header><text>The Program shall be administered by a Director, appointed by the Administrator under authorities of the General Services Administration. The Administrator shall provide necessary staff, resources and administrative support for the Program.</text> </subsection> <subsection id="HFD67332788864A9DA6D9E49FFC7828ED"><enum>(d)</enum><header>Appointment of fellows</header><text>The Director shall appoint fellows pursuant to the Program and, in cooperation with executive agencies, shall facilitate placement of fellows to participate in projects that have the potential for significant positive effects and are consistent with the President’s goals.</text> </subsection> 
<subsection id="HC7C14AA5B9264C38B3738105788C9A46"><enum>(e)</enum><header>Application process</header> 
<paragraph id="H94D0CA6A087540FA9E9002BC6B15C9B3"><enum>(1)</enum><header>In general</header><text>The Director shall prescribe the process for applications and nominations of individuals to the Program.</text> </paragraph> <paragraph id="H4C2DAF72003241ADA4C4CA5FF5845437"><enum>(2)</enum><header>Program standards</header><text>Following publication of these processes, the Director may accept for consideration applications from individuals. The Director shall establish, administer, review, and revise, if appropriate, a Governmentwide cap on the number of fellows. The Director shall establish and publish salary ranges, benefits, and standards for the Program.</text> </paragraph></subsection> 
<subsection id="H66EE60C7B8C144058A5E293DC4541B63"><enum>(f)</enum><header>Selection, appointment, and assignment of fellows</header> 
<paragraph id="HD17907BA56E24B3AB33652F6955CD18D"><enum>(1)</enum><header>Procedures</header><text>The Director shall prescribe appropriate procedures for the selection, appointment, and assignment of fellows.</text> </paragraph> <paragraph id="H3F359D9EE81846E795B175D540641975"><enum>(2)</enum><header>Consultation</header><text>Prior to the selection of fellows, the Director shall consult with the heads of executive agencies regarding potential projects and how best to meet those needs. Following such consultation, the Director shall select and appoint individuals to serve as fellows.</text> </paragraph> 
<paragraph id="HF6086FC2C3C24021B0D21F014E29141F"><enum>(3)</enum><header>Time limitation</header><text>Fellows selected for the Program shall serve under short-term, time-limited appointments. Such fellows shall be appointed for no less than 6 months and no longer than 2 years in the Program. The Director shall facilitate the process of placing fellows at requesting executive agencies.</text> </paragraph></subsection> <subsection id="H41BC37117F0045A6AAA5F46D31C22408"><enum>(g)</enum><header>Responsibilities of agencies</header><text display-inline="yes-display-inline">Each executive agency shall work with the Director and the Presidential Innovation Fellows Program advisory board established under section 3172 to attempt to maximize the Program’s benefits to the agency and the Government, including by identifying initiatives that have a meaningful effect on the people served and that benefit from involvement by one or more fellows. Such agencies shall ensure that each fellow works closely with responsible senior officials for the duration of the assignment.</text> </subsection></section> 
<section id="HA5DE7B1D4B1049D6836198D16A18304D"><enum>3172.</enum><header>Presidential Innovation Fellows Program advisory board</header> 
<subsection id="H2A58F89A41354C89B1D70BC5733AEA1D"><enum>(a)</enum><header>In general</header><text display-inline="yes-display-inline">The Administrator of General Services shall continue an advisory board to advise the Director of the Presidential Innovation Fellows Program by recommending such priorities and standards as may be beneficial to fulfill the mission of the Presidential Innovation Fellows Program and assist in identifying potential projects and placements for fellows. The advisory board may not participate in the selection process under section 3171(f).</text> </subsection> <subsection id="H6958DAA95906403F92DF97F8056D71D7"><enum>(b)</enum><header>Chair; membership</header><text>The Administrator shall designate a representative to serve as the Chair of the advisory board. In addition to the Chair, the membership of the advisory board shall include—</text> 
<paragraph id="HC4AFF89029BC4450ABBB3ED0F6AEEBEB"><enum>(1)</enum><text>the Deputy Director for Management of the Office of Management and Budget;</text> </paragraph> <paragraph id="H18EE698C03E34FCFB1432BCB533E7A76"><enum>(2)</enum><text>the Director of the Office of Personnel Management;</text> </paragraph> 
<paragraph id="HD97CA8DB3C6C4C6EB6346B23B667A63C"><enum>(3)</enum><text>the Administrator of the Office of Electronic Government of the Office of Management and Budget;</text> </paragraph> <paragraph id="HF620C38604A94859BA3ADA48598F9DBC"><enum>(4)</enum><text>the Assistant to the President and Chief Technology Officer; and</text> </paragraph> 
<paragraph id="HC9EA9BFAE8414ACBA020589946604C71"><enum>(5)</enum><text>other individuals as may be designated by the Administrator.</text> </paragraph></subsection> <subsection id="H8CD31CE10F9B482B8384E7E58D50FA47"><enum>(c)</enum><header>Consultation</header><text display-inline="yes-display-inline">The advisory board may consult with industry, academia, or nonprofits to ensure the Presidential Innovation Fellows Program is continually identifying opportunities to apply advanced skillsets and innovative practices in effective ways to address the Nation’s most significant challenges.</text></subsection></section></subchapter><after-quoted-block>.</after-quoted-block></quoted-block> </subsection> 
<subsection id="HDF7D75D3F83040C3A059412EE892CABD"><enum>(b)</enum><header>Clerical amendment</header><text display-inline="yes-display-inline">The table of sections for <external-xref legal-doc="usc-chapter" parsable-cite="usc-chapter/5/31">chapter 31</external-xref> of title 5, United States Code, is amended by adding at the end the following:</text> <quoted-block display-inline="no-display-inline" id="H319F779F34604E7C946202FE748F16B1" style="USC"> <toc regeneration="no-regeneration"> <toc-entry level="subchapter">Subchapter V—Presidential Innovation Fellows Program </toc-entry> <toc-entry level="section">3171. Presidential Innovation Fellows Program.</toc-entry> <toc-entry level="section">3172. Presidential Innovation Fellows Program advisory board.</toc-entry></toc><after-quoted-block>.</after-quoted-block></quoted-block> </subsection> <subsection id="H5EDFB4F33A964F8F99C5E39A3913D658"><enum>(c)</enum><header>Transition</header><text display-inline="yes-display-inline">The Presidential Innovation Fellows Program established pursuant to Executive Order No. 13704 (<external-xref legal-doc="usc" parsable-cite="usc/5/3301">5 U.S.C. 3301</external-xref> note) as in existence on the day before the date of enactment of this Act shall be considered the Presidential Innovation Fellows Program described in the amendments made by this Act.</text> </subsection> 
<subsection id="H04186FCACFA94C15A05A102CB69BD461"><enum>(d)</enum><header>No additional funds authorized</header><text display-inline="yes-display-inline">No additional funds are authorized to be appropriated to carry out this Act or the amendments made by this Act. This Act and the amendments made by this Act shall be carried out using amounts otherwise authorized.</text> </subsection></section> </legis-body> <attestation><attestation-group><role>Speaker of the House of Representatives.</role></attestation-group><attestation-group><role>Vice President of the United States and President of the Senate.</role></attestation-group></attestation> </bill> 

