<?xml version="1.0"?>
<?xml-stylesheet type="text/xsl" href="billres.xsl"?>
<!DOCTYPE bill PUBLIC "-//US Congress//DTDs/bill.dtd//EN" "bill.dtd">
<bill bill-stage="Introduced-in-House" bill-type="olc" dms-id="H7A3F15C545864FD69A84DBCEBD94DB76" key="H" public-private="public"><metadata xmlns:dc="http://purl.org/dc/elements/1.1/">
<dublinCore>
<dc:title>115 HR 332 IH: Peace Corps Stamp Act</dc:title>
<dc:publisher>U.S. House of Representatives</dc:publisher>
<dc:date>2017-01-05</dc:date>
<dc:format>text/xml</dc:format>
<dc:language>EN</dc:language>
<dc:rights>Pursuant to Title 17 Section 105 of the United States Code, this file is not subject to copyright protection and is in the public domain.</dc:rights>
</dublinCore>
</metadata>
<form>
<distribution-code display="yes">I</distribution-code><congress display="yes">115th CONGRESS</congress><session display="yes">1st Session</session><legis-num display="yes">H. R. 332</legis-num><current-chamber>IN THE HOUSE OF REPRESENTATIVES</current-chamber><action display="yes"><action-date date="20170105">January 5, 2017</action-date><action-desc><sponsor name-id="L000551">Ms. Lee</sponsor> (for herself, <cosponsor name-id="M001143">Ms. McCollum</cosponsor>, <cosponsor name-id="P000607">Mr. Pocan</cosponsor>, <cosponsor name-id="R000515">Mr. Rush</cosponsor>, and <cosponsor name-id="M001160">Ms. Moore</cosponsor>) introduced the following bill; which was referred to the <committee-name committee-id="HGO00">Committee on Oversight and Government Reform</committee-name>, and in addition to the Committee on <committee-name committee-id="HFA00">Foreign Affairs</committee-name>, for a period to be subsequently determined by the Speaker, in each case for consideration of such
			 provisions as fall within the jurisdiction of the committee concerned</action-desc></action><legis-type>A BILL</legis-type><official-title display="yes">To provide for the issuance of the Peace Corps Semipostal Stamp.</official-title></form>
	<legis-body id="H68D028EA68BA49F5B52C5141501C857F" style="OLC">
 <section id="HBA958670F39B4BEF800861C130A986A5" section-type="section-one"><enum>1.</enum><header>Short title</header><text display-inline="no-display-inline">This Act may be cited as the <quote><short-title>Peace Corps Stamp Act</short-title></quote>.</text> </section><section id="HF9AEBE1342234ED69EC17461CD75E186"><enum>2.</enum><header>Peace Corps Semipostal Stamp</header> <subsection id="HB97E4B257696482FBAE816412E5CB882"><enum>(a)</enum><header>In general</header><text display-inline="yes-display-inline">In order to afford a convenient way for members of the public to contribute to funding the Peace Corps’ Global Fund, the United States Postal Service shall issue a semipostal (in this Act referred to as the <quote>Peace Corps Semipostal Stamp</quote>) in accordance with this section.</text>
			</subsection><subsection id="HEACEF3A172DF4CE4835FBF3D5538A0E6"><enum>(b)</enum><header>Terms and conditions</header>
 <paragraph id="HDB0EFCD932CD4CD196600D9EE14F2AFC"><enum>(1)</enum><header>In general</header><text display-inline="yes-display-inline">The issuance and sale of the Peace Corps Semipostal Stamp shall be governed by the provisions of section 416 of title 39, United States Code, and regulations issued under such section, subject to the requirements of this subsection.</text>
 </paragraph><paragraph id="HD8030B671B2E430397CE7073EADE77E1"><enum>(2)</enum><header>Duration</header><text display-inline="yes-display-inline">The Peace Corps Semipostal Stamp shall be made available to the public for a period of 10 years, beginning no later than 12 months after the date of the enactment of this Act.</text>
 </paragraph><paragraph id="H228DA526FCF74B718BBB2EC216E0833E"><enum>(3)</enum><header>Cost</header><text display-inline="yes-display-inline">The Peace Corps Semipostal Stamp shall be offered at a cost equal to the cost of mailing a letter weighing 1 ounce or less at the nonautomation single-piece first-ounce letter rate, in effect at the time of purchase, plus a differential of not less than 25 percent.</text>
 </paragraph><paragraph id="H689A1AAE1A6B47328E3BBCEB9DB7AF4C"><enum>(4)</enum><header>Disposition of proceeds</header><text display-inline="yes-display-inline">All amounts becoming available from the sale of the Peace Corps Semipostal Stamp (as determined under section 416(d) of such title) shall be transferred to the Peace Corps’ Global Fund through payments which shall be made at least twice a year.</text>
 </paragraph><paragraph id="HADCA020F94F340879E8A06AB9C08A7E0"><enum>(5)</enum><header>Proceeds not to be offset</header><text display-inline="yes-display-inline">In accordance with section 416(d)(4) of such title, amounts becoming available from the sale of the Peace Corps Semipostal Stamp shall not be taken into account in any decision relating to the level of appropriations or other Federal funding to be furnished in any year to the Peace Corps.</text>
 </paragraph></subsection><subsection id="H5E8385007EE344C5BE24EEAE7D6FD708"><enum>(c)</enum><header>Definition</header><text display-inline="yes-display-inline">For purposes of this Act, the term <quote>semipostal</quote> refers to a postage stamp described in section 416(a)(1) of title 39, United States Code.</text> </subsection></section></legis-body></bill> 

