<?xml version="1.0"?>
<?xml-stylesheet type="text/xsl" href="billres.xsl"?>
<!DOCTYPE bill PUBLIC "-//US Congress//DTDs/bill.dtd//EN" "bill.dtd">
<bill bill-stage="Introduced-in-House" bill-type="olc" dms-id="HD765A0CA4DED4DA29EC2A6082951697E" key="H" public-private="public"><metadata xmlns:dc="http://purl.org/dc/elements/1.1/">
<dublinCore>
<dc:title>115 HR 148 IH: Byron Nash Renal Medullary Carcinoma Awareness Act of 2017</dc:title>
<dc:publisher>U.S. House of Representatives</dc:publisher>
<dc:date>2017-01-03</dc:date>
<dc:format>text/xml</dc:format>
<dc:language>EN</dc:language>
<dc:rights>Pursuant to Title 17 Section 105 of the United States Code, this file is not subject to copyright protection and is in the public domain.</dc:rights>
</dublinCore>
</metadata>
<form>
<distribution-code display="yes">I</distribution-code><congress display="yes">115th CONGRESS</congress><session display="yes">1st Session</session><legis-num display="yes">H. R. 148</legis-num><current-chamber>IN THE HOUSE OF REPRESENTATIVES</current-chamber><action display="yes"><action-date date="20170103">January 3, 2017</action-date><action-desc><sponsor name-id="G000553">Mr. Al Green of Texas</sponsor> introduced the following bill; which was referred to the <committee-name committee-id="HIF00">Committee on Energy and Commerce</committee-name></action-desc></action><legis-type>A BILL</legis-type><official-title display="yes">To amend title XIX of the Social Security Act to provide incentives for education on the risk of
			 renal medullary carcinoma in individuals who are receiving medical
			 assistance under such title and who have Sickle Cell Disease.</official-title></form>
	<legis-body id="H5484BEB01AD44B28BE590B80C9D1E994" style="OLC">
 <section id="H40C266F719844E4496667036464607DD" section-type="section-one"><enum>1.</enum><header>Short title</header><text display-inline="no-display-inline">This Act may be cited as the <quote><short-title>Byron Nash Renal Medullary Carcinoma Awareness Act of 2017</short-title></quote>.</text> </section><section id="HF389CA4368A449999050EB401206D520"><enum>2.</enum><header>Providing incentives for education on risk of renal medullary carcinoma to individuals with sickle cell disease under medicaid</header> <subsection id="HAAE1B67FF936436587007FAD2B54A2C0"><enum>(a)</enum><header>In general</header><text>Section 1903(a)(3)(E)(ii) of the Social Security Act (<external-xref legal-doc="usc" parsable-cite="usc/42/1396b">42 U.S.C. 1396b(a)(3)(E)(ii)</external-xref>) is amended by inserting <quote>, renal medullary carcinoma,</quote> after <quote>stroke</quote> each place it appears.</text>
 </subsection><subsection id="H75548356A18F45B899AB38C8E8C1B6E4"><enum>(b)</enum><header>Effective date</header><text>The amendments made by subsection (a) shall apply with respect to items and services furnished on or after the date of the enactment of this Act.</text>
			</subsection></section></legis-body></bill>


