<?xml version="1.0"?>
<?xml-stylesheet type="text/xsl" href="billres.xsl"?>
<!DOCTYPE bill PUBLIC "-//US Congress//DTDs/bill.dtd//EN" "bill.dtd">
<bill bill-stage="Introduced-in-House" dms-id="H3E56F63FCCE0491C92A00E993182251C" public-private="public" bill-type="olc"><form><distribution-code display="yes">I</distribution-code><congress display="yes">115th CONGRESS</congress><session display="yes">1st Session</session><legis-num display="yes">H. R. 206</legis-num><current-chamber>IN THE HOUSE OF REPRESENTATIVES</current-chamber><action display="yes"><action-date date="20170103">January 3, 2017</action-date><action-desc><sponsor name-id="Y000033">Mr. Young of Alaska</sponsor> (for himself and <cosponsor name-id="D000191">Mr. DeFazio</cosponsor>) introduced the following bill; which was referred to the <committee-name committee-id="HII00">Committee on Natural Resources</committee-name></action-desc></action><legis-type>A BILL</legis-type><official-title display="yes">To prevent the escapement of genetically altered salmon in the United States, and for other purposes.</official-title></form><legis-body id="H973D188F70244D85AF018BE39BCBB0D9" style="OLC"> 
<section id="HA6458F78EBF54A3A812286EDCBBA3B09" section-type="section-one"><enum>1.</enum><header>Short title</header><text display-inline="no-display-inline">This Act may be cited as the <quote><short-title>Prevention of Escapement of Genetically Altered Salmon in the United States Act</short-title></quote>.</text></section> <section id="H2A2EF82CE9E34CBD935298881E9A9499"><enum>2.</enum><header>Prohibition on sale of genetically altered salmon</header> <subsection id="H90E9DA50A1A242EF838A0E9C1DE34853"><enum>(a)</enum><header>Prohibition</header><text display-inline="yes-display-inline">It shall be unlawful for a person—</text> <paragraph id="HB584A6F8632D4B71A486AE0DEAE6DEFE"><enum>(1)</enum><text>to ship, transport, offer for sale, sell, or purchase a covered fish, or a product containing covered fish, in interstate or foreign commerce;</text></paragraph> <paragraph id="HD7427E62368E4D7185471B38313C97A2"><enum>(2)</enum><text display-inline="yes-display-inline">to have custody, control, or possession of, with the intent to ship, transport, offer for sale, sell, or purchase a covered fish, or a product containing covered fish, in interstate commerce;</text></paragraph> <paragraph id="HC7A78FB3985740E2A118C15CCA6C57E4"><enum>(3)</enum><text>to engage in net-pen aquaculture of covered fish;</text></paragraph> <paragraph id="H8FEA2F752D274A7792B467C224C47C12"><enum>(4)</enum><text>to release a covered fish into a natural environment; or</text></paragraph> <paragraph id="HDC492978B93A45C68877F6E86A18BB81"><enum>(5)</enum><text>to have custody, control, or possession of a covered fish with the intent to release it into a natural environment.</text></paragraph></subsection> <subsection id="HE59067DD112F4F8495F4DB4A4A2B5558"><enum>(b)</enum><header>Exception</header><text>Subsection (a) shall not apply to a fish, fish part, or product—</text> <paragraph id="HC28AD9B724B248C998920DFFFDD4D313"><enum>(1)</enum><text>under confined use, or intended for confined use, for scientific research;</text></paragraph> <paragraph id="H3AF7A1A649AB49A9BAB2445A02857234"><enum>(2)</enum><text>collected for the purpose of enforcing this Act; or</text></paragraph> <paragraph commented="no" id="H5C6E9E039CC941BFBF6D26AEACEC3B7F"><enum>(3)</enum><text>if the Under Secretary of Commerce for Oceans and Atmosphere, in consultation with the Director of the United States Fish and Wildlife Service and any other Federal, State, or tribal entity the Under Secretary considers appropriate, reviews any application requesting an action by a department or agency of the Federal government to permit an act prohibited under subsection (a), including any environmental assessment prepared as part of that application, and—</text> <subparagraph commented="no" id="HA64842CBB9C64C7997D1048D45FA9F69"><enum>(A)</enum><text>prepares a finding of no significant impact in accordance with the National Environmental Policy Act of 1969 (<external-xref legal-doc="usc" parsable-cite="usc/42/4321">42 U.S.C. 4321 et seq.</external-xref>); or</text></subparagraph> <subparagraph commented="no" id="HF66C1547A9D74DF1AC2EFBBA6108C76D"><enum>(B)</enum><text>finds the application to be consistent with an environmental impact statement prepared by the Under Secretary in accordance with section 102(2)(C) of the National Environmental Policy Act of 1969 (<external-xref legal-doc="usc" parsable-cite="usc/42/4332">42 U.S.C. 4332</external-xref>) that includes—</text> <clause commented="no" id="H7E67C19476A44D2DB4CAB4C282E9DDD8"><enum>(i)</enum><text>an environmental risk analysis that assesses the potential direct and indirect impacts from escapement of covered fish on wild and cultured fish stocks and environments that may be exposed to such covered fish;</text></clause> <clause commented="no" id="H8777FD3686364580838F5814661626C1"><enum>(ii)</enum><text>a failure mode and effects analysis that quantitatively assesses the best- and worst-case probabilities of failure of each applicable confinement technique;</text></clause> <clause commented="no" id="HCFA0390ABE384F43B22D7C4FB7342EB6"><enum>(iii)</enum><text>an assessment of the costs of control or eradication of escaped covered fish; and</text></clause> <clause commented="no" id="H1EE85ADDE3F348C1B631F17BACAEB28C"><enum>(iv)</enum><text>an assessment of the potential economic damage in terms of loss of production or sales to relevant wild and cultured fish stocks and environments from the escapement of covered fish.</text></clause></subparagraph></paragraph></subsection> <subsection commented="no" id="H73D19A5197DB4B4FB6631721C2180656"><enum>(c)</enum><header>Environmental impact considerations</header> <paragraph commented="no" id="HE66B870F3B1F4967A7A856D242672E1B"><enum>(1)</enum><header>Notice</header><text>Each agency, department, or other unit of the Federal Government shall promptly notify the Under Secretary of Commerce for Oceans and Atmosphere when an action involving covered fish, or a product containing covered fish is first identified by such unit.</text></paragraph> <paragraph commented="no" id="HF6B0FC456E914535BB5CFBD5A3DC2E6B"><enum>(2)</enum><header>Ensuring compliance</header><text>The Under Secretary of Commerce for Oceans and Atmosphere, in cooperation with each Federal, State, or tribal entity that the Under Secretary considers appropriate, may monitor any mitigation measures proposed under subsection (b)(3) to ensure implementation and compliance therewith.</text></paragraph> <paragraph commented="no" id="H3ED351F6F6AF4B8A9B596D3CCC02DC60"><enum>(3)</enum><header>Provisions as complementary</header><text>The provisions of this Act are in addition to, and shall not affect the operation of, other Federal, State, or local laws regulating a covered fish, or a product containing covered fish.</text></paragraph></subsection> <subsection commented="no" id="HC44EB41F8F8F47E18807D57FA84CE5B2"><enum>(d)</enum><header>Rules and regulations</header><text>The Secretary shall prescribe such rules and regulations as the Secretary considers necessary to carry out the provisions of this Act.</text></subsection></section> <section id="HD2BC42C4C04E42A3BF22B7102B23ECEF"><enum>3.</enum><header>Enforcement and penalties</header> <subsection id="HC655878D74FB4715A52D31991C93DD98"><enum>(a)</enum><header>Enforcement</header><text display-inline="yes-display-inline">The Secretary of Commerce may enforce section 2 in the same manner, by the same means, and with the same jurisdiction, powers, and duties provided under sections 308, 309, 310, and 311 of the Magnuson-Stevens Fishery Conservation and Management Act (<external-xref legal-doc="usc" parsable-cite="usc/16/1858">16 U.S.C. 1858</external-xref>, 1859, 1860, and 1861).</text></subsection> <subsection id="H6CCC2B9C2F6A432A84578A0422DC8F4D"><enum>(b)</enum><header>Penalties</header><text display-inline="yes-display-inline">A person who violates section 2 shall be subject to the penalties, and entitled to the privileges and immunities, under sections 308, 309, 310, and 311 of the Magnuson-Stevens Fishery Conservation and Management Act (<external-xref legal-doc="usc" parsable-cite="usc/16/1858">16 U.S.C. 1858</external-xref>, 1859, 1860, and 1861).</text></subsection></section> <section id="H23B9335FB3DF4B698ACC67F7062DACD1"><enum>4.</enum><header>Report on risks to wild fish stocks</header><text display-inline="no-display-inline">Not later than 180 days after the date of enactment of this Act, the Under Secretary of Commerce for Oceans and Atmosphere shall transmit to the Committee on Commerce, Science, and Transportation of the Senate and the Committee on Natural Resources of the House of Representatives the report under section 1007 of the Food and Drug Administration Amendments Act of 2007 (<external-xref legal-doc="usc" parsable-cite="usc/21/2106">21 U.S.C. 2106</external-xref>).</text></section> <section id="H7FDF181901EF4E1BA8771992A96B9D59"><enum>5.</enum><header>Definitions</header><text display-inline="no-display-inline">In this Act:</text> <paragraph id="HFAE7137D80CA4E3490432921D7787D90"><enum>(1)</enum><header>Confined use</header><text>The term <term>confined use</term> means any operation, undertaken within a secured, land-based facility, that involves a covered fish controlled by specific measures that effectively prevent the covered fish from having contact with and impact on the external environment, including biological and physical confinement measures.</text></paragraph> <paragraph id="H6ED63119F53447878C4015C92EDB1EAB"><enum>(2)</enum><header>Covered fish</header><text>The term <term>covered fish</term> means any finfish, live or dead, including the gametes, fertilized eggs, offspring, and descendants thereof, that is modified or produced through the application of recombinant deoxyribonucleic acid (DNA) technologies, using DNA from an organism’s own genome or that of another species, that overcome natural physiological reproductive barriers and that are not techniques used in traditional breeding and selection.</text></paragraph> <paragraph id="H9F784C53D935403998ED8D7330A7778F"><enum>(3)</enum><header>Finding of no significant impact</header><text>The term <term>finding of no significant impact</term> has the meaning given the term in section 1508.13 of title 40, Code of Federal Regulations.</text></paragraph> <paragraph id="H835AFD56AC544CDA8E3F5A9B281C38DD"><enum>(4)</enum><header>Product</header><text>The term <term>product</term> means an item manufactured or produced for sale or use as food.</text></paragraph></section> </legis-body></bill>

