<?xml version="1.0"?>
<?xml-stylesheet type="text/xsl" href="billres.xsl"?>
<!DOCTYPE bill PUBLIC "-//US Congress//DTDs/bill.dtd//EN" "bill.dtd">
<bill bill-stage="Introduced-in-House" dms-id="HC7BD3EE5E3874922B417E360FD932418" public-private="public" key="H" bill-type="olc"><form><distribution-code display="yes">I</distribution-code><congress display="yes">115th CONGRESS</congress><session display="yes">1st Session</session><legis-num display="yes">H. R. 177</legis-num><current-chamber>IN THE HOUSE OF REPRESENTATIVES</current-chamber><action display="yes"><action-date date="20170103">January 3, 2017</action-date><action-desc><sponsor name-id="K000362">Mr. King of Iowa</sponsor> introduced the following bill; which was referred to the <committee-name committee-id="HJU00">Committee on the Judiciary</committee-name></action-desc></action><legis-type>A BILL</legis-type><official-title display="yes">To bar Supreme Court decisions in certain Patient Protection and Affordable Care Act cases from citation.</official-title></form><legis-body id="HB1C3BC991B524AF6B9E6FA1B1667CAFD" style="OLC"> 
<section id="H00746E91E6984EB8B3513FBF5C508C40" section-type="section-one"><enum>1.</enum><header>Barring PPACA Supreme Court cases from citation</header><text display-inline="no-display-inline">Under Article 3, Section 2, which allows Congress to provide exceptions and regulations for Supreme Court consideration of cases and controversies, the following cases are barred from citation for the purpose of precedence in all future cases after enactment: Nat'l Fed'n of Indep. Bus. v. Sebelius, 132 S. Ct. 2566, 2573, 183 L. Ed. 2d 450 (2012) and King v. Burwell, 135 S. Ct. 2480, 2485, 192 L. Ed. 2d 483 (2015) and Burwell v. Hobby Lobby Stores Inc., 134 S. Ct. 2751, 2782, 189 L. Ed. 2d 675 (2014).</text> </section> </legis-body></bill>

