<?xml version="1.0"?>
<?xml-stylesheet type="text/xsl" href="billres.xsl"?>
<!DOCTYPE bill PUBLIC "-//US Congress//DTDs/bill.dtd//EN" "bill.dtd">
<bill bill-stage="Introduced-in-House" bill-type="olc" dms-id="H1CF77050D63742CA83C6BF3B1471B77A" key="H" public-private="public"><metadata xmlns:dc="http://purl.org/dc/elements/1.1/">
<dublinCore>
<dc:title>115 HR 376 IH: Shareholder Protection Act of 2017</dc:title>
<dc:publisher>U.S. House of Representatives</dc:publisher>
<dc:date>2017-01-09</dc:date>
<dc:format>text/xml</dc:format>
<dc:language>EN</dc:language>
<dc:rights>Pursuant to Title 17 Section 105 of the United States Code, this file is not subject to copyright protection and is in the public domain.</dc:rights>
</dublinCore>
</metadata>
<form>
<distribution-code display="yes">I</distribution-code><congress display="yes">115th CONGRESS</congress><session display="yes">1st Session</session><legis-num display="yes">H. R. 376</legis-num><current-chamber>IN THE HOUSE OF REPRESENTATIVES</current-chamber><action display="yes"><action-date date="20170109">January 9, 2017</action-date><action-desc><sponsor name-id="C001037">Mr. Capuano</sponsor> (for himself, <cosponsor name-id="B001296">Mr. Brendan F. Boyle of Pennsylvania</cosponsor>, <cosponsor name-id="C001078">Mr. Connolly</cosponsor>, <cosponsor name-id="C000714">Mr. Conyers</cosponsor>, <cosponsor name-id="C000984">Mr. Cummings</cosponsor>, <cosponsor name-id="D000610">Mr. Deutch</cosponsor>, <cosponsor name-id="E000288">Mr. Ellison</cosponsor>, <cosponsor name-id="L000397">Ms. Lofgren</cosponsor>, <cosponsor name-id="M000087">Mrs. Carolyn B. Maloney of New York</cosponsor>, <cosponsor name-id="M000312">Mr. McGovern</cosponsor>, <cosponsor name-id="M001160">Ms. Moore</cosponsor>, <cosponsor name-id="N000147">Ms. Norton</cosponsor>, <cosponsor name-id="P000597">Ms. Pingree</cosponsor>, <cosponsor name-id="S001168">Mr. Sarbanes</cosponsor>, <cosponsor name-id="S001145">Ms. Schakowsky</cosponsor>, <cosponsor name-id="S000480">Ms. Slaughter</cosponsor>, <cosponsor name-id="T000468">Ms. Titus</cosponsor>, <cosponsor name-id="T000465">Ms. Tsongas</cosponsor>, <cosponsor name-id="Y000062">Mr. Yarmuth</cosponsor>, <cosponsor name-id="Q000023">Mr. Quigley</cosponsor>, <cosponsor name-id="K000375">Mr. Keating</cosponsor>, <cosponsor name-id="C001066">Ms. Castor of Florida</cosponsor>, and <cosponsor name-id="E000215">Ms. Eshoo</cosponsor>) introduced the following bill; which was referred to the <committee-name committee-id="HBA00">Committee on Financial Services</committee-name></action-desc></action><legis-type>A BILL</legis-type><official-title display="yes">To amend the Securities Exchange Act of 1934 to require shareholder authorization before a public
			 company may make certain political expenditures, and for other purposes.</official-title></form>
	<legis-body id="HB8E526EF00A14D0EA359C1DFC4FE4774" style="OLC">
 <section id="H9B44F3A0F9234F61B77F52A006707305" section-type="section-one"><enum>1.</enum><header>Short title</header><text display-inline="no-display-inline">This Act may be cited as the <quote><short-title>Shareholder Protection Act of 2017</short-title></quote>.</text> </section><section id="HACEB013221094223B88D69729391FB8A"><enum>2.</enum><header>Findings</header><text display-inline="no-display-inline">Congress finds that—</text>
 <paragraph id="HC5A6D175FD6C49AABCBED104A16FE988"><enum>(1)</enum><text display-inline="yes-display-inline">corporations make significant political contributions and expenditures that directly or indirectly influence the election of candidates and support or oppose political causes;</text>
 </paragraph><paragraph id="H0B1E587DE6C34835818F06DC699AAC0E"><enum>(2)</enum><text>decisions to use corporate funds for political contributions and expenditures are usually made by corporate boards and executives, rather than shareholders;</text>
 </paragraph><paragraph id="HCAD8261012F6490094AEC08A02B86FD5"><enum>(3)</enum><text>corporations, acting through boards and executives, are obligated to conduct business for the best interests of their owners, the shareholders;</text>
 </paragraph><paragraph id="H3247362DDD6E475281DD460976A8872E"><enum>(4)</enum><text>historically, shareholders have not had a way to know, or to influence, the political activities of corporations they own;</text>
 </paragraph><paragraph id="HBE25D800CBA14D4FB16FDDF773C1007E"><enum>(5)</enum><text>shareholders and the public have a right to know how corporate managers are spending company funds to make political contributions and expenditures benefitting candidates, political parties, and political causes;</text>
 </paragraph><paragraph id="HE9DBF54EE9C54A81A812D3A1D24F64F2"><enum>(6)</enum><text>corporations should be accountable to shareholders in making political contributions or expenditures affecting Federal governance and public policy; and</text>
 </paragraph><paragraph id="HF94F1C53E0564B75B8B21F19969C2845"><enum>(7)</enum><text>requiring a corporation to obtain the express approval of shareholders prior to making political contributions or expenditures will establish necessary accountability.</text>
 </paragraph></section><section id="H9588D6AF5C7345649A4EB811DF108CF3"><enum>3.</enum><header>Shareholder approval of corporate political activity</header><text display-inline="no-display-inline">The Securities Exchange Act of 1934 (<external-xref legal-doc="usc" parsable-cite="usc/15/78a">15 U.S.C. 78a</external-xref> et seq.) is amended by inserting after section 14B (<external-xref legal-doc="usc" parsable-cite="usc/15/78n-2">15 U.S.C. 78n–2</external-xref>) the following:</text>
			<quoted-block display-inline="no-display-inline" id="HDEB8215686F84C82B704C2B82369CEF3" style="OLC">
				<section id="H5FBA1D1695204704B0B829295B8E9B8C"><enum>14C.</enum><header>Shareholder approval of certain political expenditures and disclosure of votes of institutional
			 investors</header>
 <subsection id="H4C6A3F27BCAB414A9804F93A19DC66F7"><enum>(a)</enum><header>Definitions</header><text display-inline="yes-display-inline">In this section—</text> <paragraph id="HBE56ABFB4041495F81AE4AAC86BFBCD8"><enum>(1)</enum><text display-inline="yes-display-inline">the term <term>expenditure for political activities</term>—</text>
 <subparagraph id="H1D2F9CF9CA09449B9FA373E00C047924"><enum>(A)</enum><text>means—</text> <clause id="HF1663A626D4846579EF1A76DB76EF359"><enum>(i)</enum><text>an independent expenditure (as defined in section 301(17) of the Federal Election Campaign Act of 1971 (<external-xref legal-doc="usc" parsable-cite="usc/52/30101">52 U.S.C. 30101(17)</external-xref>));</text>
 </clause><clause id="HE8460871EFCC4858B7B041ADDE35D4D6"><enum>(ii)</enum><text display-inline="yes-display-inline">an electioneering communication (as defined in section 304(f)(3) of that Act (<external-xref legal-doc="usc" parsable-cite="usc/52/30104">52 U.S.C. 30104(f)(3)</external-xref>)) and any other public communication (as defined in section 301(22) of that Act (<external-xref legal-doc="usc" parsable-cite="usc/52/30101">52 U.S.C. 30101(22)</external-xref>)) that would be an electioneering communication if it were a broadcast, cable, or satellite communication; or</text>
 </clause><clause id="HFC07B5C1B8C5459A99B3ADF23E5AFA8D"><enum>(iii)</enum><text display-inline="yes-display-inline">dues or other payments to trade associations or organizations described in <external-xref legal-doc="usc" parsable-cite="usc/26/501">section 501(c)</external-xref> of the Internal Revenue Code of 1986 and exempt from tax under section 501(a) of that Code that are, or could reasonably be anticipated to be, used or transferred to another association or organization for the purposes described in clauses (i) or (ii); and</text>
 </clause></subparagraph><subparagraph id="HD9210D28730F4EBEB56177308F3E89C6"><enum>(B)</enum><text>does not include—</text> <clause id="H3B67116A38D1434DB6FB2F3B64B7A534"><enum>(i)</enum><text display-inline="yes-display-inline">direct lobbying efforts through registered lobbyists employed or hired by the issuer;</text>
 </clause><clause id="H87D743C3650749CDA03A68BF67395A7A"><enum>(ii)</enum><text>communications by an issuer to its shareholders and executive or administrative personnel and their families; or</text>
 </clause><clause commented="no" id="HC483457D45C040F79BDA25FDB45DF2DA"><enum>(iii)</enum><text>the establishment and administration of contributions to a separate segregated fund to be utilized for political purposes by a corporation; and</text>
 </clause></subparagraph></paragraph><paragraph commented="no" id="HC8BB4931A2084D8C84E56C4FB1986F14"><enum>(2)</enum><text>the term <term>issuer</term> does not include an investment company registered under section 8 of the Investment Company Act of 1940 (<external-xref legal-doc="usc" parsable-cite="usc/15/80a-8">15 U.S.C. 80a–8</external-xref>).</text>
 </paragraph></subsection><subsection id="H502C81A2DF9848BD933E4EE7EAA3B2D8"><enum>(b)</enum><header>Shareholder authorization for political expenditures</header><text display-inline="yes-display-inline">Each solicitation of proxy, consent, or authorization by an issuer with a class of equity securities registered under section 12 of this title shall—</text>
 <paragraph id="H0D7CD02FFF204032A1FA030E4AFF7F48"><enum>(1)</enum><text>contain—</text> <subparagraph id="HABF3D5884EF34899B7A7DDADDB131929"><enum>(A)</enum><text>a description of the specific nature of any expenditure for political activities proposed to be made by the issuer for the forthcoming fiscal year that has not been authorized by a vote of the shareholders of the issuer, to the extent the specific nature is known to the issuer; and</text>
 </subparagraph><subparagraph id="HF031D21E7419419B8A713C84096F2DB2"><enum>(B)</enum><text>the total amount of expenditures for political activities proposed to be made by the issuer for the forthcoming fiscal year; and</text>
 </subparagraph></paragraph><paragraph id="HE05FE242E8244587AC837A726EE62AA3"><enum>(2)</enum><text display-inline="yes-display-inline">provide for a separate vote of the shareholders of the issuer to authorize such expenditures for political activities in the total amount described in paragraph (1).</text>
 </paragraph></subsection><subsection id="H7E787F53ABCD40389B5454C793544353"><enum>(c)</enum><header>Vote required To make expenditures</header><text>No issuer shall make an expenditure for political activities in any fiscal year unless such expenditure—</text>
 <paragraph id="HC7880218DBB042268E938124A9757DB8"><enum>(1)</enum><text display-inline="yes-display-inline">is of the nature of those proposed by the issuer in subsection (b)(1); and</text> </paragraph><paragraph id="H45516F02B6C84A88B4C1FE1DE2E745AD"><enum>(2)</enum><text>has been authorized by a vote of the majority of the outstanding shares of the issuer in accordance with subsection (b)(2).</text>
						</paragraph></subsection><subsection display-inline="no-display-inline" id="H489432C9B145460EA0027581AB0AFACC"><enum>(d)</enum><header>Fiduciary duty; liability</header>
 <paragraph display-inline="no-display-inline" id="H338020AB62944ABB829B403E8A93B264"><enum>(1)</enum><header>Fiduciary duty</header><text display-inline="yes-display-inline">A violation of subsection (c) shall be considered a breach of a fiduciary duty of the officers and directors who authorized the expenditure for political activities.</text>
 </paragraph><paragraph display-inline="no-display-inline" id="HADEB0819905648FF9B13862FBD04B94B"><enum>(2)</enum><header>Liability</header><text display-inline="yes-display-inline">An officer or director of an issuer who authorizes an expenditure for political activities in violation of subsection (c) shall be jointly and severally liable in any action brought in a court of competent jurisdiction to any person or class of persons who held shares at the time the expenditure for political activities was made for an amount equal to 3 times the amount of the expenditure for political activities.</text>
						</paragraph></subsection><subsection id="H40F5576B28DC48369B019AA11F5C3A54"><enum>(e)</enum><header>Disclosure of votes</header>
 <paragraph id="H7B50EFDCC8D04920BDE10C1C57FFB5C2"><enum>(1)</enum><header>Disclosure required</header><text display-inline="yes-display-inline">Each institutional investment manager subject to section 13(f) shall disclose not less frequently than annually how the institutional investment manager voted on any shareholder vote under subsection (a), unless the vote is otherwise required by rule of the Commission to be reported publicly.</text>
 </paragraph><paragraph id="H885EEB8B57E54952A26509E9F72D3065"><enum>(2)</enum><header>Rules</header><text display-inline="yes-display-inline">Not later than 6 months after the date of enactment of this section, the Commission shall issue rules to carry out this subsection that require that a disclosure required under paragraph (1)—</text>
 <subparagraph id="H4185E872C9994483A0374EDDF73165A4"><enum>(A)</enum><text display-inline="yes-display-inline">be made not later than 30 days after a vote described in paragraph (1); and</text> </subparagraph><subparagraph id="H7D27ECCDF97F4DD39B2D1001157553FA"><enum>(B)</enum><text display-inline="yes-display-inline">be made available to the public through the EDGAR system as soon as practicable.</text>
 </subparagraph></paragraph></subsection><subsection id="H0F0C36611670490B9FD209457C85071B"><enum>(f)</enum><header>Safe harbor for certain divestment decisions</header><text display-inline="yes-display-inline">Notwithstanding any other provision of Federal or State law, if an institutional investment manager makes the disclosures required under subsection (e), no person may bring any civil, criminal, or administrative action against the institutional investment manager, or any employee, officer, or director thereof, based solely upon a decision of the investment manager to divest from, or not to invest in, securities of an issuer due to an expenditure for political activities made by the issuer.</text></subsection></section><after-quoted-block>.</after-quoted-block></quoted-block>
 </section><section id="HDD33261229594020B154A7CF690A57DE"><enum>4.</enum><header>Required board vote on corporate expenditures for political activities</header><text display-inline="no-display-inline">The Securities Exchange Act of 1934 (<external-xref legal-doc="usc" parsable-cite="usc/15/78">15 U.S.C. 78</external-xref> et seq.) is amended by adding after section 16 (<external-xref legal-doc="usc" parsable-cite="usc/15/78p">15 U.S.C. 78p</external-xref>) the following:</text>
			<quoted-block display-inline="no-display-inline" id="H8AB9650896534F12868E11FEDEA54A63" style="OLC">
				<section id="H890CDE244A9F400AAB9F5FD7518BEB37"><enum>16A.</enum><header>Required board vote on corporate expenditures for political activities</header>
 <subsection id="H84C7918B2C2E46ECA0B6FBF0612DEFE3"><enum>(a)</enum><header>Definitions</header><text>In this section, the terms <term>expenditure for political activities</term> and <term>issuer</term> have the meaning given the terms in section 14C.</text> </subsection><subsection id="HA9D695EC83934ED88AF21D0BE3825E3E"><enum>(b)</enum><header>Listing on exchanges</header><text display-inline="yes-display-inline">Not later than 180 days after the date of enactment of this section, the Commission shall, by rule, direct the national securities exchanges and national securities associations to prohibit the listing of any class of equity security of an issuer that is not in compliance with the requirements of any portion of subsection (c).</text>
					</subsection><subsection id="H078E6F4AECF1445E9858A247A75F479E"><enum>(c)</enum><header>Requirement for vote in corporate bylaws</header>
 <paragraph id="HE391F9C9514F41258E5F808B3A9685B0"><enum>(1)</enum><header>Vote required</header><text display-inline="yes-display-inline">The bylaws of an issuer shall expressly provide for a vote of the board of directors of the issuer on—</text>
 <subparagraph id="HE84883253850406287A604B2D9407E26"><enum>(A)</enum><text display-inline="yes-display-inline">any expenditure for political activities in excess of $50,000; and</text> </subparagraph><subparagraph id="HD4D978C0DEB04C668E2AEB362814A7A1"><enum>(B)</enum><text display-inline="yes-display-inline">any expenditure for political activities that would result in the total amount spent by the issuer for a particular election (as defined in section 301(1) of the Federal Election Campaign Act of 1971 (<external-xref legal-doc="usc" parsable-cite="usc/52/30101">52 U.S.C. 30101(1)</external-xref>)) in excess of $50,000.</text>
 </subparagraph></paragraph><paragraph id="HD2521AD754E546349CAAF85D11567862"><enum>(2)</enum><header>Public availability</header><text display-inline="yes-display-inline">An issuer shall make the votes of each member of the board of directors for a vote required under paragraph (1) publicly available not later than 48 hours after the vote, including in a clear and conspicuous location on the Internet website of the issuer.</text>
 </paragraph></subsection><subsection id="H493D8E838B35440CA43A243251D0B815"><enum>(d)</enum><header>No Effect on Determination of Coordination With Candidates or Campaigns</header><text display-inline="yes-display-inline">For purposes of the Federal Election Campaign Act of 1971 (<external-xref legal-doc="usc" parsable-cite="usc/52/30101">52 U.S.C. 30101</external-xref> et seq.), an expenditure for political activities by an issuer shall not be treated as made in concert or cooperation with, or at the request or suggestion of, any candidate or committee solely because a member of the board of directors of the issuer voted on the expenditure as required under this section.</text></subsection></section><after-quoted-block>.</after-quoted-block></quoted-block>
 </section><section commented="no" id="H05572F2168E7479BBBF4A0C97E4B7CE5"><enum>5.</enum><header>Reporting requirements</header><text display-inline="no-display-inline">Section 13 of the Securities Exchange Act of 1934 (<external-xref legal-doc="usc" parsable-cite="usc/15/78m">15 U.S.C. 78m</external-xref>) is amended by adding at the end the following:</text>
			<quoted-block display-inline="no-display-inline" id="HC3CB38B5D71B4DA3ABCF31DB21E69E04" style="OLC">
				<subsection commented="no" id="HDAF6C3939AF34C8AA0457365908EB1C3"><enum>(s)</enum><header>Reporting requirements relating to certain political expenditures</header>
 <paragraph commented="no" id="HA9FD2E122B9843AB99969E31A1FB30C3"><enum>(1)</enum><header>Definitions</header><text>In this subsection, the terms <term>expenditure for political activities</term> and <term>issuer</term> have the same meaning as in section 14C.</text> </paragraph><paragraph commented="no" id="HFF1C358B0A574207975FC20950A5A9AF"><enum>(2)</enum><header>Quarterly reports</header> <subparagraph commented="no" id="H63CDB664C95A4607817C873F86290C11"><enum>(A)</enum><header>Reports required</header><text display-inline="yes-display-inline">Not later than 180 days after the date of enactment of this subsection, the Commission shall amend the reporting rules under this section to require each issuer with a class of equity securities registered under section 12 of this title to submit to the Commission and the shareholders of the issuer a quarterly report containing—</text>
 <clause commented="no" id="HC960A007004C429FA3421B5BB80F5CE4"><enum>(i)</enum><text display-inline="yes-display-inline">a description of any expenditure for political activities made during the preceding quarter;</text> </clause><clause commented="no" id="HA2569C7114FC4D1B953F1E997D74E170"><enum>(ii)</enum><text display-inline="yes-display-inline">the date of each expenditure for political activities;</text>
 </clause><clause commented="no" id="H185F4255CF714A53A70DE10F20E2D363"><enum>(iii)</enum><text>the amount of each expenditure for political activities;</text> </clause><clause commented="no" id="H05BDB34B77514C6787EE990F0CE3984E"><enum>(iv)</enum><text display-inline="yes-display-inline">the votes of each member of the board of directors authorizing the expenditure for political activity, as required under section 16A(c);</text>
 </clause><clause commented="no" id="H30A0AFBA64F040BF82DCABDBA8D4786B"><enum>(v)</enum><text>if the expenditure for political activities was made in support of or opposed to a candidate, the name of the candidate and the office sought by, and the political party affiliation of, the candidate; and</text>
 </clause><clause id="H55F16070178D461BAC0F189EF6D69011"><enum>(vi)</enum><text display-inline="yes-display-inline">the name or identity of trade associations or organizations described in <external-xref legal-doc="usc" parsable-cite="usc/26/501">section 501(c)</external-xref> of the Internal Revenue Code of 1986 and exempt from tax under section 501(a) of such Code which receive dues or other payments as described in section 14C(a)(1)(A)(iii).</text>
 </clause></subparagraph><subparagraph commented="no" display-inline="no-display-inline" id="H2BC60BAC07204790A8D7540ACAF7B2CD"><enum>(B)</enum><header display-inline="yes-display-inline">Public availability</header><text display-inline="yes-display-inline">The Commission shall ensure that, to the greatest extent practicable, the quarterly reports required under this paragraph are publicly available through the Internet website of the Commission and through the EDGAR system in a manner that is searchable, sortable, and downloadable, consistent with the requirements under section 24.</text>
 </subparagraph></paragraph><paragraph id="H2C2CE84FF2994233AF6CEA654B7BB139"><enum>(3)</enum><header>Annual reports</header><text display-inline="yes-display-inline">Not later than 180 days after the date of enactment of this subsection, the Commission shall, by rule, require each issuer to include in the annual report of the issuer to shareholders a summary of each expenditure for political activities made during the preceding year in excess of $10,000, and each expenditure for political activities for a particular election if the total amount of such expenditures for that election is in excess of $10,000.</text></paragraph></subsection><after-quoted-block>.</after-quoted-block></quoted-block>
		</section><section id="H986F20686648437597AC8359BF4EA986"><enum>6.</enum><header>Reports</header>
 <subsection id="HD7466BFC4AE747A7B62BAD11097E73CC"><enum>(a)</enum><header>Securities and Exchange Commission</header><text display-inline="yes-display-inline">The Securities and Exchange Commission shall—</text> <paragraph id="H5FE5AA08EB0643498076A3819987D3FD"><enum>(1)</enum><text display-inline="yes-display-inline">conduct an annual assessment of the compliance of issuers and officers and members of the boards of directors of issuers with sections 13(s), 14C, and 16A of the Securities Exchange Act, as added by this Act; and</text>
 </paragraph><paragraph id="HEE1446D2512F463E8491066EB627E7FF"><enum>(2)</enum><text display-inline="yes-display-inline">submit to Congress an annual report containing the results of the assessment under paragraph (1).</text> </paragraph></subsection><subsection id="H4B1CBE109013416E9FE01C0183BEB582"><enum>(b)</enum><header>Government Accountability Office</header><text display-inline="yes-display-inline">The Comptroller General of the United States shall periodically evaluate and report to Congress on the effectiveness of the oversight by the Securities and Exchange Commission of the reporting and disclosure requirements under sections 13(s), 14C, and 16A of the Securities Exchange Act, as added by this Act.</text>
 </subsection></section><section id="H4F744C3898244872B4BFCD7FFCF2F05C"><enum>7.</enum><header>Severability</header><text display-inline="no-display-inline">If any provision of this Act, an amendment made by this Act, or the application of such provision or amendment to any person or circumstance is held to be unconstitutional, the remainder of this Act, the amendments made by this Act, and the application of such provision or amendment to any person or circumstance shall not be affected thereby.</text>
		</section></legis-body></bill>


