<?xml version="1.0"?>
<?xml-stylesheet type="text/xsl" href="billres.xsl"?>
<!DOCTYPE bill PUBLIC "-//US Congress//DTDs/bill.dtd//EN" "bill.dtd">
<bill bill-stage="Introduced-in-House" bill-type="olc" dms-id="H5493F4EE7D5B40FF86BB7B4CDB2BC60C" key="H" public-private="public"><metadata xmlns:dc="http://purl.org/dc/elements/1.1/">
<dublinCore>
<dc:title>115 HR 227 IH: Multinational Species Conservation Funds Reauthorization Act</dc:title>
<dc:publisher>U.S. House of Representatives</dc:publisher>
<dc:date>2017-01-03</dc:date>
<dc:format>text/xml</dc:format>
<dc:language>EN</dc:language>
<dc:rights>Pursuant to Title 17 Section 105 of the United States Code, this file is not subject to copyright protection and is in the public domain.</dc:rights>
</dublinCore>
</metadata>
<form>
<distribution-code display="yes">I</distribution-code><congress display="yes">115th CONGRESS</congress><session display="yes">1st Session</session><legis-num display="yes">H. R. 227</legis-num><current-chamber>IN THE HOUSE OF REPRESENTATIVES</current-chamber><action display="yes"><action-date date="20170103">January 3, 2017</action-date><action-desc><sponsor name-id="Y000033">Mr. Young of Alaska</sponsor> introduced the following bill; which was referred to the <committee-name committee-id="HII00">Committee on Natural Resources</committee-name></action-desc></action><legis-type>A BILL</legis-type><official-title display="yes">To reauthorize the African Elephant Conservation Act, the Rhinoceros and Tiger Conservation Act of
			 1994, the Asian Elephant Conservation Act of 1997, the Great Ape
			 Conservation Act of 2000, and the Marine Turtle Conservation Act of 2004,
			 and for other purposes.</official-title></form>
	<legis-body id="H79266CA843504DFB88AE7AF95513397B" style="OLC">
 <section id="H3982D3619F1646F98173F8DEC83AEF70" section-type="section-one"><enum>1.</enum><header>Short title</header><text display-inline="no-display-inline">This Act may be cited as the <quote><short-title>Multinational Species Conservation Funds Reauthorization Act</short-title></quote>.</text> </section><section display-inline="no-display-inline" id="HDF83B4B813AA4297B116539C27455DA8" section-type="subsequent-section"><enum>2.</enum><header> Reauthorization of African Elephant Conservation Act</header><text display-inline="no-display-inline">Section 2306(a) of the African Elephant Conservation Act (<external-xref legal-doc="usc" parsable-cite="usc/16/4245">16 U.S.C. 4245(a)</external-xref>) is amended by striking <quote>2007 through 2012</quote> and inserting <quote>2018 through 2022</quote>.</text>
 </section><section id="H305DB800001C4BBB826B36B94A622CD0"><enum>3.</enum><header> Reauthorization of Rhinoceros and Tiger Conservation Act of 1994</header><text display-inline="no-display-inline">Section 10(a) of the Rhinoceros and Tiger Conservation Act of 1994 (<external-xref legal-doc="usc" parsable-cite="usc/16/5306">16 U.S.C. 5306(a)</external-xref>) is amended by striking <quote>2007 through 2012</quote> and inserting <quote>2018 through 2022</quote>.</text>
 </section><section display-inline="no-display-inline" id="HCB4172C4ACB647BD95212F6FA568D3A4" section-type="subsequent-section"><enum>4.</enum><header> Reauthorization of Asian Elephant Conservation Act of 1997</header><text display-inline="no-display-inline">Section 8(a) of the Asian Elephant Conservation Act of 1997 (<external-xref legal-doc="usc" parsable-cite="usc/16/4266">16 U.S.C. 4266(a)</external-xref>) is amended by striking <quote>2007 through 2012</quote> and inserting <quote>2018 through 2022</quote>.</text>
 </section><section id="H4571CE6BF65246E2AF8B2FA03A324E69"><enum>5.</enum><header>Amendment and reauthorization of Great Ape Conservation Act of 2000</header><text display-inline="no-display-inline">The Great Ape Conservation Act of 2000 is amended as follows:</text> <paragraph id="HFADF05ACCBF940399E3F89BE81864444"><enum>(1)</enum><header>Multiyear grants</header><text>In section 4 (<external-xref legal-doc="usc" parsable-cite="usc/16/6303">16 U.S.C. 6303</external-xref>), by adding at the end the following new subsections:</text>
				<quoted-block id="HA063A229AD6D45BCB178F7DF9BD90B3C" style="OLC">
					<subsection id="H3C96F98729BA4315A3F7EC5026DA9473"><enum>(j)</enum><header>Multiyear grants</header>
 <paragraph id="H4B1F6D1B43004B74A88E13E3A6F0D2ED"><enum>(1)</enum><header>In general</header><text>The Secretary may award a multiyear grant under this section to a person who is otherwise eligible for a grant under this section to carry out a project that the person demonstrates is an effective, long-term conservation strategy for great apes and their habitats.</text>
 </paragraph><paragraph id="HD2782FC4EF264F62906148A4315CE312"><enum>(2)</enum><header>Annual grants not affected</header><text>This subsection shall not be construed as precluding the Secretary from awarding grants on an annual basis.</text></paragraph></subsection><after-quoted-block>.</after-quoted-block></quoted-block>
 </paragraph><paragraph id="HDCAB518A0A704AB2BBBFFB27C8B83398"><enum>(2)</enum><header>Panel of experts</header><text>In section 4(i) (<external-xref legal-doc="usc" parsable-cite="usc/16/6303">16 U.S.C. 6303(i)</external-xref>)—</text> <subparagraph id="H1804FC7FBD7942B7BF443441FE7CC5F9"><enum>(A)</enum><text>in paragraph (1), by—</text>
 <clause id="HFE12D9901BF84D25BE53E4D47D0831B7"><enum>(i)</enum><text>striking <quote>Every 2 years</quote> and inserting <quote>Within one year after the date of the enactment of the <short-title>Multinational Species Conservation Funds Reauthorization Act</short-title>, and every 5 years thereafter</quote>;</text> </clause><clause id="HE37C732A236A426FBCC9A5B3368E362E"><enum>(ii)</enum><text>striking <quote>may convene</quote> and inserting <quote>shall convene</quote>;</text>
 </clause><clause id="H5A28FBACED11415F902F5AC9F3CB40EB"><enum>(iii)</enum><text>inserting <quote>and priorities</quote> after <quote>needs</quote>; and</text> </clause><clause id="H948FA185CB9C43B5AD58D5F168DAF1D5"><enum>(iv)</enum><text>adding at the end the following new sentence: <quote>The panel shall, to the extent practicable, include representatives from foreign range states with expertise in great ape conservation.</quote>; and</text>
 </clause></subparagraph><subparagraph id="H33A5FA594E114CF1BAF3A6FB730355D0"><enum>(B)</enum><text>by redesignating paragraph (2) as paragraph (4), and inserting after paragraph (1) the following new paragraphs:</text>
					<quoted-block id="H1313143CF5044805993C2CAB0E679683" style="OLC">
 <paragraph id="H0EBE3845CBDF4A1FA546CAB9073AD131"><enum>(2)</enum><text>In identifying conservation needs and priorities under paragraph (1), the panel shall consider relevant great ape conservation plans or strategies including scientific research and findings related to—</text>
 <subparagraph id="H9F1E8D053BEA4580BBE0BC6E8A0FE13D"><enum>(A)</enum><text>the conservation needs and priorities of great apes;</text> </subparagraph><subparagraph id="HFCCECCB103E74C8E9E8E08F7383513EF"><enum>(B)</enum><text>regional or species-specific action plans or strategies;</text>
 </subparagraph><subparagraph id="H129084F1E2C24B0E9C4230E384C4C8C0"><enum>(C)</enum><text>applicable strategies developed or initiated by the Secretary; and</text> </subparagraph><subparagraph id="H1132EDE0F2E34CF5B3932A5E7EF6EA2E"><enum>(D)</enum><text>any other applicable conservation plan or strategy.</text>
 </subparagraph></paragraph><paragraph id="HA1F5DDF2A5354B4E9D005ACE985C82B3"><enum>(3)</enum><text>The Secretary, subject to the availability of appropriations, may pay expenses of convening and facilitating meetings of the panel.</text></paragraph><after-quoted-block>.</after-quoted-block></quoted-block>
 </subparagraph></paragraph><paragraph id="H68DDE4840DAF494295B1E8C2F546045C"><enum>(3)</enum><header>Administrative expenses limitation</header><text>In section 5(b)(2) (<external-xref legal-doc="usc" parsable-cite="usc/16/6304">16 U.S.C. 6304(b)(2)</external-xref>), by striking <quote>$100,000</quote> and inserting <quote>$150,000</quote>.</text> </paragraph><paragraph id="H95B5134D52ED4705BF8A3FBAFA00A35E"><enum>(4)</enum><header>Authorization of appropriations</header><text>In section 6 (<external-xref legal-doc="usc" parsable-cite="usc/16/6305">16 U.S.C. 6305</external-xref>), by striking <quote>2006 through 2010</quote> and inserting <quote>2018 through 2022</quote>.</text>
			</paragraph></section><section id="H155650318D824F0A89F6A4AFBD019AC4"><enum>6.</enum><header>Amendment and reauthorization of Marine Turtle Conservation Act of 2004</header>
 <subsection id="H9028CDCC5682412AB8060466ED03836E"><enum>(a)</enum><header>In general</header><text>The Marine Turtle Conservation Act of 2004 is amended—</text> <paragraph id="HB63D6B7D81C140EAA7A11529FD09BDB3"><enum>(1)</enum><text>in sections 2(b) and 3(2) (<external-xref legal-doc="usc" parsable-cite="usc/16/6601">16 U.S.C. 6601(b)</external-xref>, 6602(2)), by inserting <quote>and territories of the United States</quote> after <quote>foreign countries</quote> each place it occurs;</text>
 </paragraph><paragraph id="H0447BD9319414BDC81F8E0808E4EE213"><enum>(2)</enum><text>in section 3 (<external-xref legal-doc="usc" parsable-cite="usc/16/6602">16 U.S.C. 6602</external-xref>) by adding at the end the following:</text> <quoted-block display-inline="no-display-inline" id="H49DF677CB507402187151A32AF8804E4" style="OLC"> <paragraph id="H8AE114F1301540BFBBDD18DCB67D95E1"><enum>(7)</enum><header>Territory of the United States</header><text display-inline="yes-display-inline">The term <quote>territory of the United States</quote> means each of Puerto Rico, the United States Virgin Islands, Guam, American Samoa, the Commonwealth of the Northern Mariana Islands, and any other territory or possession of the United States.</text></paragraph><after-quoted-block>; and</after-quoted-block></quoted-block>
 </paragraph><paragraph id="HD7800CF39B784678BD05D54D303E8C2A"><enum>(3)</enum><text>in section 4 (<external-xref legal-doc="usc" parsable-cite="usc/16/6603">16 U.S.C. 6603</external-xref>)—</text> <subparagraph id="H50ABEFB0D0F944EB8B464F791201EFA9"><enum>(A)</enum><text>in subsection (b)(1)(A), by inserting <quote>or territory of the United States</quote> after <quote>foreign country</quote>; and</text>
 </subparagraph><subparagraph id="H92A0DFCCD14644DCB0D763089799E6D2"><enum>(B)</enum><text>in subsection (d) by inserting <quote>and territories of the United States</quote> after <quote>foreign countries</quote>.</text> </subparagraph></paragraph></subsection><subsection id="H65AF6059D2AA463C9FE62E1FBCA8DD33"><enum>(b)</enum><header>Administrative expenses limitation</header><text>Section 5(b)(2) of the Marine Turtle Conservation Act of 2004 (<external-xref legal-doc="usc" parsable-cite="usc/16/6604">16 U.S.C. 6604(b)(2)</external-xref>) is amended by striking <quote>$80,000</quote> and inserting <quote>$150,000</quote>.</text>
 </subsection><subsection id="H1F76E16757E24F1790BD46438C22BF4C"><enum>(c)</enum><header>Reauthorization</header><text>Section 7 of the Marine Turtle Conservation Act of 2004 (<external-xref legal-doc="usc" parsable-cite="usc/16/6606">16 U.S.C. 6606</external-xref>) is amended by striking <quote>each of fiscal years 2005 through 2009</quote> and inserting <quote>each of fiscal years 2018 through 2022</quote>.</text> </subsection></section></legis-body></bill> 

