<?xml version="1.0"?>
<?xml-stylesheet type="text/xsl" href="billres.xsl"?>
<!DOCTYPE bill PUBLIC "-//US Congress//DTDs/bill.dtd//EN" "bill.dtd">
<bill bill-stage="Introduced-in-House" bill-type="olc" dms-id="H4BDCB47872D84E36B63FF4838446D3C0" key="H" public-private="public"><metadata xmlns:dc="http://purl.org/dc/elements/1.1/">
<dublinCore>
<dc:title>115 HR 639 IH: Electronic Notification Improvement Act of 2017</dc:title>
<dc:publisher>U.S. House of Representatives</dc:publisher>
<dc:date>2017-01-24</dc:date>
<dc:format>text/xml</dc:format>
<dc:language>EN</dc:language>
<dc:rights>Pursuant to Title 17 Section 105 of the United States Code, this file is not subject to copyright protection and is in the public domain.</dc:rights>
</dublinCore>
</metadata>
<form>
<distribution-code display="yes">I</distribution-code><congress display="yes">115th CONGRESS</congress><session display="yes">1st Session</session><legis-num display="yes">H. R. 639</legis-num><current-chamber>IN THE HOUSE OF REPRESENTATIVES</current-chamber><action display="yes"><action-date date="20170124">January 24, 2017</action-date><action-desc><sponsor name-id="A000374">Mr. Abraham</sponsor> introduced the following bill; which was referred to the <committee-name committee-id="HJU00">Committee on the Judiciary</committee-name></action-desc></action><legis-type>A BILL</legis-type><official-title display="yes">To amend the Immigration and Nationality Act to provide for electronic notification of H–2A and
			 H–2B visa petitioners upon receipt of the petitions, and for other
			 purposes.</official-title></form>
	<legis-body id="H6B57AA6D62AB4FCC931F9A41F238BB65" style="OLC">
 <section id="H35F37E4A1CD94B9AA32305E93563918D" section-type="section-one"><enum>1.</enum><header>Short title</header><text display-inline="no-display-inline">This Act may be cited as the <quote><short-title>Electronic Notification Improvement Act of 2017</short-title></quote>.</text> </section><section id="H15C39D370B6C4E159E270E517FA1BA04"><enum>2.</enum><header>Electronic notification of petitioners</header><text display-inline="no-display-inline">Section 214(c)(1) of the Immigration and Nationality Act (<external-xref legal-doc="usc" parsable-cite="usc/8/1184">8 U.S.C. 1184(c)(1)</external-xref>) is amended—</text>
 <paragraph id="H7A5491A8FE9E43379881A2801E78C9FD"><enum>(1)</enum><text>by striking <quote>Attorney General</quote> each place such term appears and inserting <quote>Secretary of Homeland Security</quote>; and</text> </paragraph><paragraph id="HE6967C3997374220A4B009E524815040"><enum>(2)</enum><text>by adding at the end the following: <quote>The Secretary shall provide electronic notification to any petitioner who submits a petition or payment of any fee pertaining to the importation of an alien under subparagraph (H)(ii)(A) or subparagraph (H)(ii)(b) of section 101(a)(15) promptly upon receipt of such petition or payment.</quote>.</text>
			</paragraph></section></legis-body></bill>


