<?xml version="1.0"?>
<?xml-stylesheet type="text/xsl" href="billres.xsl"?>
<!DOCTYPE bill PUBLIC "-//US Congress//DTDs/bill.dtd//EN" "bill.dtd">
<bill bill-stage="Introduced-in-House" bill-type="olc" dms-id="HFCB66CB6CB294B53A2773F4D03E5F3B9" key="H" public-private="public"><metadata xmlns:dc="http://purl.org/dc/elements/1.1/">
<dublinCore>
<dc:title>115 HR 180 IH: To amend title XIX of the Social Security Act to eliminate the requirement for 3 months of retroactive coverage under the Medicaid program.</dc:title>
<dc:publisher>U.S. House of Representatives</dc:publisher>
<dc:date>2017-01-03</dc:date>
<dc:format>text/xml</dc:format>
<dc:language>EN</dc:language>
<dc:rights>Pursuant to Title 17 Section 105 of the United States Code, this file is not subject to copyright protection and is in the public domain.</dc:rights>
</dublinCore>
</metadata>
<form>
<distribution-code display="yes">I</distribution-code><congress display="yes">115th CONGRESS</congress><session display="yes">1st Session</session><legis-num display="yes">H. R. 180</legis-num><current-chamber>IN THE HOUSE OF REPRESENTATIVES</current-chamber><action display="yes"><action-date date="20170103">January 3, 2017</action-date><action-desc><sponsor name-id="M001190">Mr. Mullin</sponsor> (for himself and <cosponsor name-id="G000558">Mr. Guthrie</cosponsor>) introduced the following bill; which was referred to the <committee-name committee-id="HIF00">Committee on Energy and Commerce</committee-name></action-desc></action><legis-type>A BILL</legis-type><official-title display="yes">To amend title XIX of the Social Security Act to eliminate the requirement for 3 months of
			 retroactive coverage under the Medicaid program.</official-title></form>
	<legis-body id="HC2C57939FD2B4F7EA3003BBADD5BE9EF" style="OLC">
		<section id="HD4B66D4A065A4E6899447A883BB70DCC" section-type="section-one"><enum>1.</enum><header>Elimination of 3-month retroactive coverage under the Medicaid program</header>
			<subsection id="HBFB940E08AB640EE96700862DE0A7713"><enum>(a)</enum><header>In general</header>
 <paragraph id="H5DD7B24DEBA0456EBE8D1E11C4C9FCED"><enum>(1)</enum><header>State plan requirements</header><text>Section 1902(a)(34) of the Social Security Act (<external-xref legal-doc="usc" parsable-cite="usc/42/1396a">42 U.S.C. 1396a(a)(34)</external-xref>) is amended by striking <quote>in or after the third month before the month in which he made application</quote> and inserting <quote>in or after the month in which the individual made application</quote>.</text> </paragraph><paragraph id="H0620CCD946144345A75A67D767E7DE45"><enum>(2)</enum><header>Definition of medical assistance</header><text>Section 1905(a) of the Social Security Act (<external-xref legal-doc="usc" parsable-cite="usc/42/1396d">42 U.S.C. 1396d(a)</external-xref>) is amended by striking <quote>in or after the third month before the month in which the recipient makes application for assistance</quote> and inserting <quote>in or after the month in which the recipient makes application for assistance</quote>.</text>
 </paragraph></subsection><subsection id="H52FE032636F04FA3AF0C6A90A72E595D"><enum>(b)</enum><header>Effective date</header><text>The amendments made by subsection (a) shall apply to medical assistance with respect to individuals whose eligibility for such assistance is based on an application for such assistance made (or deemed to be made) after the date of the enactment of this Act.</text>
			</subsection></section></legis-body></bill>


