<?xml version="1.0"?>
<?xml-stylesheet type="text/xsl" href="billres.xsl"?>
<!DOCTYPE bill PUBLIC "-//US Congress//DTDs/bill.dtd//EN" "bill.dtd">
<bill bill-stage="Introduced-in-House" bill-type="olc" dms-id="HFF6DCE8A3ECA40BAB08FA8304823E0BC" key="H" public-private="public"><metadata xmlns:dc="http://purl.org/dc/elements/1.1/">
<dublinCore>
<dc:title>115 HR 744 IH: Truth in Employment Act of 2017</dc:title>
<dc:publisher>U.S. House of Representatives</dc:publisher>
<dc:date>2017-01-30</dc:date>
<dc:format>text/xml</dc:format>
<dc:language>EN</dc:language>
<dc:rights>Pursuant to Title 17 Section 105 of the United States Code, this file is not subject to copyright protection and is in the public domain.</dc:rights>
</dublinCore>
</metadata>
<form>
<distribution-code display="yes">I</distribution-code><congress display="yes">115th CONGRESS</congress><session display="yes">1st Session</session><legis-num display="yes">H. R. 744</legis-num><current-chamber>IN THE HOUSE OF REPRESENTATIVES</current-chamber><action display="yes"><action-date date="20170130">January 30, 2017</action-date><action-desc><sponsor name-id="K000362">Mr. King of Iowa</sponsor> introduced the following bill; which was referred to the <committee-name committee-id="HED00">Committee on Education and the Workforce</committee-name></action-desc></action><legis-type>A BILL</legis-type><official-title display="yes">To amend the National Labor Relations Act to protect employer rights.</official-title></form>
	<legis-body id="H11325808AE7A481885542F74DD63D89C" style="OLC">
 <section id="HE2BE0E491E5F4F45A5827FBCA76FCA10" section-type="section-one"><enum>1.</enum><header>Short title</header><text display-inline="no-display-inline">This Act may be cited as the <quote><short-title>Truth in Employment Act of 2017</short-title></quote>.</text> </section><section id="H066AF22B81F8478E90F684EE54D4FD48"><enum>2.</enum><header>Findings and purpose</header> <subsection id="H2A8456FBC0DE4B1281E40EC4DF0142B7"><enum>(a)</enum><header>Findings</header><text display-inline="yes-display-inline">Congress finds the following:</text>
 <paragraph id="HAD900C823BCA4235888D86C60C857F10"><enum>(1)</enum><text display-inline="yes-display-inline">An atmosphere of trust and civility in labor-management relationships is essential to a productive workplace and a healthy economy.</text>
 </paragraph><paragraph id="HA708EB34BDBD4F77BCE11A0FEB898C88"><enum>(2)</enum><text>The tactic of using professional union organizers and agents to infiltrate a targeted employer’s workplace, a practice commonly referred to as <quote>salting</quote> has evolved into an aggressive form of harassment not contemplated when the National Labor Relations Act was enacted and threatens the balance of rights which is fundamental to collective bargaining.</text>
 </paragraph><paragraph id="H9D9ED9AECAD7444D90ECDCB8F375FFEB"><enum>(3)</enum><text>Increasingly, union organizers are seeking employment with nonunion employers not because of a desire to work for such employers but primarily to organize the employees of such employers or to inflict economic harm specifically designed to put nonunion competitors out of business, or to do both.</text>
 </paragraph><paragraph id="HD314A59C2271409BA2A40148C0DF0002"><enum>(4)</enum><text>While no employer may discriminate against employees based upon the views of employees concerning collective bargaining, an employer should have the right to expect job applicants to be primarily interested in utilizing the skills of the applicants to further the goals of the business of the employer.</text>
 </paragraph></subsection><subsection id="H2E04B932BE7F4C3CBF80E0D31920B277"><enum>(b)</enum><header>Purposes</header><text>The purposes of this Act are—</text> <paragraph id="H0309077189364803A974679B3D5F8C6F"><enum>(1)</enum><text display-inline="yes-display-inline">to preserve the balance of rights between employers, employees, and labor organizations which is fundamental to collective bargaining;</text>
 </paragraph><paragraph id="H2EA6E35D09B04F28B484D3AFFC0F70F7"><enum>(2)</enum><text>to preserve the rights of workers to organize, or otherwise engage in concerted activities protected under the National Labor Relations Act; and</text>
 </paragraph><paragraph id="H16968C1E00934E3E9C7111BE8B55E461"><enum>(3)</enum><text>to alleviate pressure on employers to hire individuals who seek or gain employment in order to disrupt the workplace of the employer or otherwise inflict economic harm designed to put the employer out of business.</text>
 </paragraph></subsection></section><section id="H55E66BA23AD94F7CAB8C7C12152E0B9B"><enum>3.</enum><header>Protection of employer rights</header><text display-inline="no-display-inline">Section 8(a) of the National Labor Relations Act (<external-xref legal-doc="usc" parsable-cite="usc/29/158">29 U.S.C. 158(a)</external-xref>) is amended by adding after and below paragraph (5) the following:</text>
			<quoted-block display-inline="no-display-inline" id="H72470342C72F4C709E6CB9D3CC3106BB" style="OLC">
				<quoted-block-continuation-text quoted-block-continuation-text-level="section">Nothing in this subsection shall be construed as requiring an employer to employ any person who
			 seeks or has sought employment with the employer in furtherance of other
			 employment or agency status.</quoted-block-continuation-text><after-quoted-block>.</after-quoted-block></quoted-block>
		</section></legis-body></bill>


