<?xml version="1.0"?>
<?xml-stylesheet type="text/xsl" href="billres.xsl"?>
<!DOCTYPE bill PUBLIC "-//US Congress//DTDs/bill.dtd//EN" "bill.dtd">
<bill bill-stage="Introduced-in-House" bill-type="olc" dms-id="H1430A238317A492EBBEB7285D6D2EEC7" key="H" public-private="public"><metadata xmlns:dc="http://purl.org/dc/elements/1.1/">
<dublinCore>
<dc:title>115 HR 327 IH: To provide for United States participation in the Inter-Parliamentary Union, and for other purposes.</dc:title>
<dc:publisher>U.S. House of Representatives</dc:publisher>
<dc:date>2017-01-05</dc:date>
<dc:format>text/xml</dc:format>
<dc:language>EN</dc:language>
<dc:rights>Pursuant to Title 17 Section 105 of the United States Code, this file is not subject to copyright protection and is in the public domain.</dc:rights>
</dublinCore>
</metadata>
<form>
<distribution-code display="yes">I</distribution-code><congress display="yes">115th CONGRESS</congress><session display="yes">1st Session</session><legis-num display="yes">H. R. 327</legis-num><current-chamber>IN THE HOUSE OF REPRESENTATIVES</current-chamber><action display="yes"><action-date date="20170105">January 5, 2017</action-date><action-desc><sponsor name-id="L000551">Ms. Lee</sponsor> introduced the following bill; which was referred to the <committee-name committee-id="HFA00">Committee on Foreign Affairs</committee-name></action-desc></action><legis-type>A BILL</legis-type><official-title display="yes">To provide for United States participation in the Inter-Parliamentary Union, and for other
			 purposes.</official-title></form>
	<legis-body id="HD3A3AFD6076647328A289896B36AE923" style="OLC">
		<section id="H77B1679D493B467F91C6DFAF5C4799EC" section-type="section-one"><enum>1.</enum><header>United States participation in the Inter-Parliamentary Union</header>
 <subsection id="H1E5385EC0BBF40B9AADFC3144598C205"><enum>(a)</enum><header>Findings</header><text>Congress finds the following:</text> <paragraph id="H6898128338914F0BA9FC29795DE8A9E2"><enum>(1)</enum><text>The Inter-Parliamentary Union (IPU), founded in 1889, is the world organization of national parliaments comprising 170 parliaments (including all the major allies of the United States) and working closely with the regional parliamentary organizations on all continents.</text>
 </paragraph><paragraph id="H4A8A10654DC545AE948ABA6B98A4386B"><enum>(2)</enum><text>The core mission of the IPU is the promotion of parliamentary democracy, the elaboration of standards and criteria for democratic parliamentary practice, the protection of human rights, international peace and security, the political empowerment of women, sustainable international development, and greater transparency and accountability at the global level, which are in line with United States interests and priorities.</text>
 </paragraph><paragraph id="HAC0442234A2E4E50B86E6194C4100C2C"><enum>(3)</enum><text>Congress was a founding member of the IPU, and played an active and prominent role for many decades.</text>
 </paragraph><paragraph id="HA1F0D0F1BA5D4DFDBF3ED48F278DCE79"><enum>(4)</enum><text>The main concerns of Congress, including the scheduling of main assembly and arrears, have been fully addressed by the IPU.</text>
 </paragraph><paragraph id="HED35294DC84F492DADC667C6ACC11C63"><enum>(5)</enum><text>Through the activities of the IPU, the United States can usefully promote its core values of freedom, democracy, and human rights, and help build stronger parliaments around the world.</text>
 </paragraph></subsection><subsection id="H5ECD1865AFDD458898A7A33D04416CE2"><enum>(b)</enum><header>United States participation in the Inter-Parliamentary Union</header><text>Notwithstanding section 2503 of the Foreign Affairs Reform and Restructuring Act of 1998 (division G of <external-xref legal-doc="public-law" parsable-cite="pl/105/277">Public Law 105–277</external-xref>; <external-xref legal-doc="usc" parsable-cite="usc/22/276">22 U.S.C. 276</external-xref> note)—</text>
 <paragraph id="H640557C65B5E4CCEAA04F12E750448C9"><enum>(1)</enum><text>the Secretary of State is authorized to—</text> <subparagraph id="HB04A39F8BE824ECE8C070D5965D3D2F8"><enum>(A)</enum><text>facilitate the readmission and participation of the United States in the Inter-Parliamentary Union; and</text>
 </subparagraph><subparagraph id="HA38B2453B32C4AF49C18061234FD5195"><enum>(B)</enum><text>pay expenses to meet the annual obligations of membership in the Inter-Parliamentary Union, in accordance with the assessments determined by the Governing Council; and</text>
 </subparagraph></paragraph><paragraph id="H85E9E69E1F114AE9A7629829001F5E22"><enum>(2)</enum><text>the majority leader of the Senate, in consultation with the minority leader of the Senate, and the Speaker of the House of Representatives, in consultation with the minority leader of the House of Representatives, are authorized to designate Members of Congress to serve as delegates to the Assembly of the Inter-Parliamentary Union.</text>
				</paragraph></subsection></section></legis-body></bill>


