<?xml version="1.0"?>
<?xml-stylesheet type="text/xsl" href="billres.xsl"?>
<!DOCTYPE bill PUBLIC "-//US Congress//DTDs/bill.dtd//EN" "bill.dtd">
<bill bill-stage="Introduced-in-House" bill-type="olc" dms-id="H247F6DC47DA84010862C1847C2A3DEB1" key="H" public-private="public"><metadata xmlns:dc="http://purl.org/dc/elements/1.1/">
<dublinCore>
<dc:title>115 HR 297 IH: Review Every Dollar Act of 2017</dc:title>
<dc:publisher>U.S. House of Representatives</dc:publisher>
<dc:date>2017-01-05</dc:date>
<dc:format>text/xml</dc:format>
<dc:language>EN</dc:language>
<dc:rights>Pursuant to Title 17 Section 105 of the United States Code, this file is not subject to copyright protection and is in the public domain.</dc:rights>
</dublinCore>
</metadata>
<form>
<distribution-code display="yes">I</distribution-code><congress display="yes">115th CONGRESS</congress><session display="yes">1st Session</session><legis-num display="yes">H. R. 297</legis-num><current-chamber>IN THE HOUSE OF REPRESENTATIVES</current-chamber><action display="yes"><action-date date="20170105">January 5, 2017</action-date><action-desc><sponsor name-id="C001076">Mr. Chaffetz</sponsor> introduced the following bill; which was referred to the <committee-name committee-id="HBU00">Committee on the Budget</committee-name>, and in addition to the Committees on <committee-name committee-id="HRU00">Rules</committee-name>, and <committee-name committee-id="HJU00">the Judiciary</committee-name>, for a period to be subsequently determined by the Speaker, in each case for consideration of such
			 provisions as fall within the jurisdiction of the committee concerned</action-desc></action><legis-type>A BILL</legis-type><official-title display="yes">To require greater accountability in discretionary and direct spending programs, and for other
			 purposes.</official-title></form>
	<legis-body id="H0879BDC5401F473A84893F60DD1B1DCA" style="OLC">
 <section id="H972CAE7D16BE4F61B09C0D675E2A541F" section-type="section-one"><enum>1.</enum><header>Short title</header><text display-inline="no-display-inline">This Act may be cited as the <quote><short-title>Review Every Dollar Act of 2017</short-title></quote>.</text> </section><title id="H5C0C67507F784C7B93B196D7A69916A4"><enum>I</enum><header>Federal program sunset</header> <section id="H1D02546CEAE34A5BA17B990AC17996AC"><enum>101.</enum><header>Limitation on reauthorization of Federal programs</header> <subsection id="HD9F4C9C62B694C589D7E1D86443C6F20"><enum>(a)</enum><header>Enforcement</header> <paragraph commented="no" display-inline="yes-display-inline" id="HE039FB5B10244C8AA36612ADCF25C506"><enum>(1)</enum><text>It shall not be in order in the House of Representatives or the Senate to consider any bill or joint resolution, or amendment thereto or conference report thereon, that reauthorizes any Federal program for a period of more than seven fiscal years.</text>
 </paragraph><paragraph id="HE88E72D378EB493A91403A107DD96975" indent="up1"><enum>(2)</enum><text>It shall not be in order in the House of Representatives or the Senate to consider any bill or joint resolution, or any amendment thereto or conference report thereon, that establishes any new Federal program with an authorization of appropriations for a period of more than seven fiscal years.</text>
 </paragraph></subsection><subsection id="H26ED2356F3A14EB793B454AABFF67556"><enum>(b)</enum><header>Committee review of direct spending programs</header><text>Not later than July 31 during the second session of each Congress, each standing committee of the House of Representatives and the Senate with legislative jurisdiction over any direct spending program shall apply the criteria set forth in section 102 to determine whether any such program should be modified, terminated, or reauthorized.</text>
 </subsection></section><section commented="no" display-inline="no-display-inline" id="H4E0F8206B12547739DD0AD4B753A3C5A" section-type="subsequent-section"><enum>102.</enum><header>Criteria for review</header><text display-inline="no-display-inline">Any committee of the House of Representatives or the Senate with jurisdiction over any program being reauthorized shall consider the following criteria in determining whether such program should be modified, terminated, or reauthorized:</text>
 <paragraph commented="no" id="H23556C43027D492A95F0F8BC515210F6"><enum>(1)</enum><text>The effectiveness and efficiency of the operation of the program.</text> </paragraph><paragraph commented="no" id="H0CB2B8EC3CBA4F49A433857C2CF6A5C0"><enum>(2)</enum><text>Whether the program is cost effective.</text>
 </paragraph><paragraph commented="no" id="HC90A7B5309B94F66BEC92A402BFAF948"><enum>(3)</enum><text>Whether the original objectives of the program have been achieved.</text> </paragraph><paragraph commented="no" id="H1CC7B7A19B054A8F8C8F30DE1CD45F02"><enum>(4)</enum><text>Whether alternative methods exist to carry out the objectives of the program in a more cost effective manner.</text>
 </paragraph><paragraph commented="no" id="HB6CD57477999418C9EE8A273DDB1E341"><enum>(5)</enum><text>The extent to which the program is duplicative or conflicts with other programs.</text> </paragraph><paragraph commented="no" id="H20C11B35D3194C9DB5C3208D63755752"><enum>(6)</enum><text>The potential benefits of consolidating this program with similar or duplicative programs.</text>
 </paragraph><paragraph commented="no" id="H7465DD891F554548A9D7A850D4FE9117"><enum>(7)</enum><text>The growth in cost per beneficiary or persons served by the program.</text> </paragraph><paragraph commented="no" id="H65C873B056294171A970C5552EEF71F3"><enum>(8)</enum><text>The extent to which any trends, developments, and emerging conditions may affect the problems or needs that the program is intended to address.</text>
 </paragraph><paragraph commented="no" id="H0B3EFF89DFBC4C53A1A76FB2651F4C7B"><enum>(9)</enum><text>The extent it imposes mandates on State and local governments.</text> </paragraph><paragraph commented="no" id="H0D2DF46260614FE8B7192C6574B4754A"><enum>(10)</enum><text>The extent it impedes sustainable economic growth.</text>
 </paragraph><paragraph id="H27395535810847F9ADF8A7A9B809D90A"><enum>(11)</enum><text>The extent to which the program is a constitutionally authorized activity of the Government.</text> </paragraph></section></title><title id="HB2443D8A4173411897229296AC502E24"><enum>II</enum><header>Deficit reduction accounts</header> <section id="H851B169FF692427CB50544933D22AAC9"><enum>201.</enum><header>Establishment of discretionary deficit reduction account</header> <subsection id="HD0CE72F5C21440A0B3D13A9DC19AFD95"><enum>(a)</enum><header>Discretionary deficit reduction Account</header><text>Title III of the Congressional Budget Act of 1974 is amended by adding at the end the following new section:</text>
					<quoted-block id="H6FC2E2DA143E492F863FE5017B1DA96A" style="traditional">
 <section id="H8679C3F97CAE4350AE62B9860D60BC95"><enum>316.</enum><header>Discretionary deficit reduction account</header><subsection commented="no" display-inline="yes-display-inline" id="HD9CC30004CE244D2A203EF8B6E743F10"><enum>(a)</enum><header>Establishment of account</header><text>The chairman of the Committee on the Budget of the House of Representatives and the chairman of the Committee on the Budget of the Senate shall each maintain an account to be known as the <term>deficit reduction discretionary account</term>. The Account shall be divided into entries corresponding to the subcommittees of the Committee on Appropriations of that House and each entry shall consist of the <term>deficit reduction balance</term>.</text>
 </subsection><subsection id="H0EEE2CEAE2B04EC0BBB39E919414FF54"><enum>(b)</enum><header>Components</header><text>Each entry shall consist only of amounts credited to it under subsection (c).</text> </subsection><subsection id="H58C6947DE85D49688C8225E84457D48D"><enum>(c)</enum><header>Crediting of amounts to account</header> <paragraph id="HAAE42DFCD9B54D1CB4D43E408EA1D1B7"><enum>(1)</enum><text>Whenever a Member of Congress offers an amendment to an appropriation bill to reduce new budget authority in any account or has the effect of reducing direct spending, that Member may state the portion of such reduction that shall be credited to—</text>
 <subparagraph id="H5ECA6CD0D24C449F8FE6E3336D346718"><enum>(A)</enum><text display-inline="yes-display-inline">the deficit reduction balance;</text> </subparagraph><subparagraph id="H8E2A549392E1493C98661BB13E520945"><enum>(B)</enum><text>used to offset an increase in new budget authority in any other account; or</text>
 </subparagraph><subparagraph id="H06928F9658D9490F9038F69A7E232892"><enum>(C)</enum><text>allowed to remain within the applicable section 302(b) suballocation.</text> </subparagraph></paragraph><paragraph id="H7AAD4CC6D614405C9AA08415B5CFA1BF"><enum>(2)</enum><text display-inline="yes-display-inline">If no such statement is made, the amount of reduction in new budget authority resulting from the amendment shall be credited to the deficit reduction balance, as applicable, if the amendment is agreed to.</text>
 </paragraph><paragraph id="HCA893D128A3D48AB9AEDA6768E9CF7A1"><enum>(3)</enum><text>Except as provided by paragraph (4), the chairman of the Committee on the Budget of the House of Representatives or Senate, as applicable, shall, upon the engrossment of any appropriation bill by the House of Representatives or Senate, as applicable, credit to the applicable entry balances amounts of new budget authority and outlays equal to the net amounts of reductions in budget authority and in outlays resulting from amendments agreed to by that House to that bill.</text>
 </paragraph><paragraph id="H934771B593454B2AAAABEC59B476C498"><enum>(4)</enum><text display-inline="yes-display-inline">When indicating the net amounts of reductions in new budget authority and outlays resulting from amendments agreed to by the House of Representatives or Senate, as applicable, to an appropriation bill, the chairman of the Committee on the Budget of that House shall only count those portions of such amendments agreed to that were so designated by the Members offering such amendments as amounts to be credited to the deficit reduction balance.</text>
 </paragraph><paragraph id="HB140030568F94C238D3B1410D411C537"><enum>(5)</enum><text>The chairman of the Committee on the Budget of the House of Representatives and the chairman of the Committee on the Budget of the Senate shall each maintain a running tally of the amendments adopted reflecting increases and decreases of budget authority in the bill as reported to its House. This tally shall be available to Members or Senators during consideration of any bill by that House.</text>
								</paragraph></subsection><subsection id="H903C1B724C04479AB35C1EB9BE5FF392"><enum>(d)</enum><header>Calculation of savings in deficit reduction accounts in the House of Representatives and Senate</header>
 <paragraph id="H287383B384674A66A56745DA076187FC"><enum>(1)</enum><text>For the purposes of enforcing section 302(a), upon the engrossment of any appropriation bill by the House of Representatives or Senate, as applicable, the amount of budget authority and outlays calculated pursuant to subsection (c)(3) shall be counted against the 302(a) allocation provided to the Committee on Appropriations as if the amount calculated pursuant to subsection (c)(3) was included in the bill just engrossed.</text>
 </paragraph><paragraph id="H9CCAC8B14BE446E2AE0B39C3591D0AC2"><enum>(2)</enum><text>For purposes of enforcing section 302(b), upon the engrossment of any appropriation bill by the House of Representatives or Senate, as applicable, the 302(b) allocation provided to the subcommittee for the bill just engrossed shall be deemed to have been reduced by the amount of budget authority and outlays calculated, pursuant to subsection (c)(3).</text>
 </paragraph></subsection><subsection id="H62FBA18014CF43B09F6743C0ABC3AA45"><enum>(e)</enum><header>Definition</header><text>As used in this section, the term <term>appropriation bill</term> means any general or special appropriation bill, and any bill or joint resolution making supplemental, deficiency, or continuing appropriations.</text></subsection></section><after-quoted-block>.</after-quoted-block></quoted-block>
 </subsection></section><section display-inline="no-display-inline" id="H5C24634AB29045A99440782CC5DED965"><enum>202.</enum><header>Establishment of direct spending reduction account</header><text display-inline="no-display-inline">Title III of the Congressional Budget Act of 1974 (as amended by section 201) is further amended by adding at the end the following new section:</text>
				<quoted-block id="H68E88264342F4A638E2194DD3BFD4B5D" style="traditional">
 <section id="HACF63EEC06334BFFB2C0F5DC3B97C1DC"><enum>317.</enum><header>Direct spending deficit reduction account</header><subsection commented="no" display-inline="yes-display-inline" id="HDE2887F697064E51AA0F9BE93509668F"><enum>(a)</enum><header>Establishment of account</header><text>The chairman of the Committee on the Budget of the House of Representatives and of the Senate shall each maintain an account to be known as the <term>deficit reduction direct spending account</term>. The account shall be divided into entries corresponding to the House of Representatives or Senate committees, as applicable, that received allocations under section 302(a) in the most recently adopted concurrent resolution on the budget, except that it shall not include the Committee on Appropriations of that House and each entry shall consist of the <term>first-year deficit reduction account</term> and the <term>five-year deficit reduction account</term> or the period covered by the resolution on the budget for that fiscal year, as applicable.</text>
 </subsection><subsection id="HA81EE2722B1B4F208F313484D13E82F5"><enum>(b)</enum><header>Components</header><text>Each entry shall consist only of amounts credited to it under subsection (c). No entry of a negative amount shall be made.</text>
 </subsection><subsection id="H0532A11FF46D4AA08BDF7251069F29AF"><enum>(c)</enum><header>Calculation of account savings in House and Senate</header><text>For the purposes of enforcing section 302(a), upon the engrossment of any bill, other than an appropriation bill, by the House of Representatives or Senate, as applicable, the amount of budget authority and outlays calculated pursuant to subsection (d)(3) shall be counted against the 302(a) allocation provided to the applicable committee or committees of that House which reported the bill as if the amount calculated pursuant to subsection (d)(3) was included in the bill just engrossed.</text>
						</subsection><subsection id="HB77AB1F468EB4431B638B353DDF4EB4F"><enum>(d)</enum><header>Crediting of amounts to account</header>
 <paragraph commented="no" display-inline="yes-display-inline" id="H3040707DA29549C98247118DEA0FEA61"><enum>(1)</enum><text display-inline="yes-display-inline">Whenever a Member or Senator, as the case may be, offers an amendment to a bill that reduces the amount of budget authority for direct spending provided either under current law or proposed to be provided by the bill under consideration, that Member or Senator may state the portion of such reduction achieved in the first year covered by the most recently adopted concurrent resolution on the budget and in addition the portion of such reduction achieved in the first ten years covered by the most recently adopted concurrent resolution on the budget that shall be credited to the first-year deficit reduction balance and the five-year deficit reduction balance, as applicable, if the amendment is agreed to.</text>
 </paragraph><paragraph id="H0DED459B8814444EA78CB9E9763E5005" indent="up1"><enum>(2)</enum><text>Except as provided by paragraph (3), the chairman of the Committee on the Budget of the House of Representatives or Senate, as applicable, shall, upon the engrossment of any bill, other than an appropriation bill, by the House of Representatives or Senate, as applicable, credit to the applicable entry balances amounts of new budget authority and outlays equal to the net amounts of reductions in budget authority and in outlays resulting from amendments agreed to by that House to that bill.</text>
 </paragraph><paragraph id="HF5FBD7F550E54B44A3A8F5E5550024FB" indent="up1"><enum>(3)</enum><text display-inline="yes-display-inline">When computing the net amounts of reductions in budget authority and in outlays resulting from amendments agreed to by the House of Representatives or Senate, as applicable, to a bill, the chairman of the Committee on the Budget of that House shall only count those portions of such amendments agreed to that were so designated by the Members or Senators offering such amendments as amounts to be credited to the first year deficit reduction balance and the five-year deficit reduction balance.</text>
 </paragraph><paragraph id="H57C2D3FB05354A7C9511279284F1A689" indent="up1"><enum>(4)</enum><text>The chairman of the Committee on the Budget of the House of Representatives and of the Senate shall each maintain a running tally of the amendments adopted reflecting increases and decreases of budget authority in the bill as reported to its House. This tally shall be available to Members or Senators during consideration of any bill by that House.</text>
 </paragraph></subsection><subsection id="H68E7A79623114694A7CA5DE59DA05758"><enum>(e)</enum><header>Definition</header><text>As used in this section, the term <term>appropriation bill</term> means any general or special appropriation bill, and any bill or joint resolution making supplemental, deficiency, or continuing appropriations.</text></subsection></section><after-quoted-block>.</after-quoted-block></quoted-block>
 </section><section commented="no" id="H1EB3658D13AC4FACA0DB35ADD5C8157F"><enum>203.</enum><header>Conforming amendment</header><text display-inline="no-display-inline">The table of contents set forth in section 1(b) of the Congressional Budget and Impoundment Control Act of 1974 is amended by inserting after the item relating to section 315 the following new items:</text>
				<quoted-block display-inline="no-display-inline" id="HC138933425BF42E69200A2D320D8712E" style="OLC">
					<toc container-level="quoted-block-container" idref="H6FC2E2DA143E492F863FE5017B1DA96A" lowest-bolded-level="division-lowest-bolded" lowest-level="section" quoted-block="no-quoted-block" regeneration="yes-regeneration">
						<toc-entry idref="H8679C3F97CAE4350AE62B9860D60BC95" level="section">Sec. 316. Discretionary deficit reduction account.</toc-entry>
						<toc-entry idref="HACF63EEC06334BFFB2C0F5DC3B97C1DC" level="section">Sec. 317. Direct spending deficit reduction account.</toc-entry></toc><after-quoted-block>.</after-quoted-block></quoted-block>
			</section></title><title id="H71BE055943FA476D8FC7FC12FF62FCF0"><enum>III</enum><header>General fund transfers</header>
			<section id="H4297D88EF783402BAA8C21B6A333EBB3"><enum>301.</enum><header>Budget rule relating to transfers from the general fund of the treasury to the highway trust fund
 that increase public indebtedness</header><text display-inline="no-display-inline">For purposes of the Congressional Budget Act of 1974, the Balanced Budget and Emergency Deficit Control Act of 1985, the Rules of the House of Representatives, or the Standing Rules of the Senate, a bill or joint resolution, or an amendment thereto or conference report thereon, or any Act that transfers funds from the general fund of the Treasury to the Highway Trust Fund shall be counted as new budget authority and outlays equal to the amount of the transfer in the fiscal year the transfer occurs.</text>
			</section></title><title id="HB62354DFC1784355B5E3DFDC8C486141"><enum>IV</enum><header>Budgeting for administrative actions</header>
			<section id="HADE0D3E2653C451F90111AA1941E91B5" section-type="subsequent-section"><enum>501.</enum><header>Review of rules requiring new budget authority</header>
 <subsection id="H9A7549011BDC4040BDEDE5483950E951"><enum>(a)</enum><header>In general</header><text display-inline="yes-display-inline"><external-xref legal-doc="usc-chapter" parsable-cite="usc-chapter/5/5">Chapter 5</external-xref> of title 5, United States Code, is amended by inserting after <external-xref legal-doc="usc" parsable-cite="usc/5/559">section 559</external-xref> the following:</text> <quoted-block display-inline="no-display-inline" id="HBA3D4E2DDFA34BB6AA5D3C36FDE16875" style="USC"> <section id="HDA6871F0CDEB4A9D91245B0D5B9203A5"><enum>559a.</enum><header>Review of rules requiring new budget authority</header> <subsection id="H49D4060E0326431DA37E23A34329A433"><enum>(a)</enum><header>In general</header><text display-inline="yes-display-inline">A rule made to carry out a direct spending program that would require new budget authority of not less than $100,000,000 for the fiscal year the rule takes effect or for any of the 9 fiscal years immediately succeeding that fiscal year may not take effect, except as provided in subsection (d).</text>
 </subsection><subsection id="H7C8458DE5CF94C86AD34AF925CEFE210"><enum>(b)</enum><header>Review by Office of Management and Budget of proposed rules</header><text display-inline="yes-display-inline">Before the effective date of any rule, the Director of the Office of Management and Budget shall review the rule to determine if the rule is a rule described in subsection (a). If the Director determines that the rule is such a rule—</text>
 <paragraph id="H6ACE5EACBFCF4510B6487D40C8C4B9A6"><enum>(1)</enum><text>the Director shall notify the agency making the rule—</text> <subparagraph id="H3063DA556D7241C8BAD5427E64E111F4"><enum>(A)</enum><text>of that determination; and</text>
 </subparagraph><subparagraph id="HBF9DE1EA2A4C4253AADB7EBE10D715EA"><enum>(B)</enum><text display-inline="yes-display-inline">the amount of the estimated new budget authority that the rule would require for the fiscal year in which the rule would take effect and the 9 fiscal years immediately succeeding that fiscal year; and</text>
 </subparagraph></paragraph><paragraph id="HA638B675F9E24464A901E055BA5ED899"><enum>(2)</enum><text>the agency may not undertake any further action pertaining to such rulemaking.</text> </paragraph></subsection><subsection id="H144833CEBB884D14A9238FFE4B707BAC"><enum>(c)</enum><header>Periodic review of rules</header><text display-inline="yes-display-inline">Beginning on the date that is one year after the date on which any rule takes effect, and annually thereafter, the Director of the Office of Management and Budget may make a determination as to whether the rule is a rule described in subsection (a). For purposes of this determination, the fiscal year the rule takes effect shall be deemed to be the fiscal year in which the Director makes the determination. If the Director determines that the rule is such a rule, the agency that issued the rule shall provide for a transition period of such length as the Director, in consultation with the agency, determines appropriate. At the end of that transition period, the rule shall cease to have effect.</text>
 </subsection><subsection id="HBEA25BBA45B4477EB67C371666D70067"><enum>(d)</enum><header>Exceptions</header><text>Notwithstanding any other provision of this section, a rule described in subsection (a) shall take effect or continue in effect—</text>
 <paragraph id="H4253ED64C7944837A1C0166C705ABBD0"><enum>(1)</enum><text>if the President submits written notice to the Congress that the President has determined that the rule should take effect or continue in effect because such rule is—</text>
 <subparagraph id="H55F937AC7CEF4648A2A4749CAB87EB27"><enum>(A)</enum><text>necessary because of an imminent threat to health or safety or other emergency;</text> </subparagraph><subparagraph id="H88C65E182DB849AC8EAF410D804DF5BC"><enum>(B)</enum><text>necessary for the enforcement of criminal laws;</text>
 </subparagraph><subparagraph id="H3314F7058B21492CBDFF0A427860C0C1"><enum>(C)</enum><text>necessary for national security; or</text> </subparagraph><subparagraph id="HDE032C3C835C4532BA691ACB0CBDC7F2"><enum>(D)</enum><text>issued pursuant to any statute implementing an international trade agreement; or</text>
 </subparagraph></paragraph><paragraph id="HFE9B3F900E954F248EA076CE65F0C0E7"><enum>(2)</enum><text>when the new budget authority to carry out the rule is provided by law.</text> </paragraph></subsection><subsection id="HA6F038A9EA81457C877C5648A8659DA8"><enum>(e)</enum><header>Treatment of substantially similar rules</header><text display-inline="yes-display-inline">A rule that does not take effect (or does not continue in effect) under this section may not be reissued in substantially the same form, and a new rule that is substantially the same as such a rule may not be issued, unless the reissued or new rule is specifically authorized by a law enacted after the date that the rule fails to take effect or fails to continue in effect.</text>
 </subsection><subsection id="HD952D049ABBC47AC8AE310A5D82CD001"><enum>(f)</enum><header>Judicial review</header><text>Any determination under this section shall be subject to review under chapter 7 of this title.</text> </subsection><subsection id="H8468DF77D47343EAA1CF278662F3BFD4"><enum>(g)</enum><header>Definitions</header><text>The terms <term>new budget authority</term> and <term>direct spending</term> have the meanings given such terms under section 250 of the Balanced Budget and Emergency Deficit Control Act of 1985 (<external-xref legal-doc="usc" parsable-cite="usc/2/900">2 U.S.C. 900</external-xref>).</text>
 </subsection><subsection id="HAB6E5FCF8A284538B20558F8982696A0"><enum>(h)</enum><header>Applicability</header><text>This section shall apply only to rules for which the rulemakings are commenced after the date of enactment of the <short-title>Review Every Dollar Act of 2017</short-title>.</text></subsection></section><after-quoted-block>.</after-quoted-block></quoted-block>
 </subsection><subsection id="H8637FC2342084AC8A6E559C43A67E789"><enum>(b)</enum><header>Cost of projected administrative regulations</header><text>Section 1105(a) of title 31, United States Code, is amended—</text> <paragraph id="H4737746117FA4C33933C735C7B2D31C8"><enum>(1)</enum><text>by redesignating the second paragraph (37) as paragraph (39); and</text>
 </paragraph><paragraph id="HEA83583D56184A64A379231CEDCEEC57"><enum>(2)</enum><text>by adding at the end the following new paragraph:</text> <quoted-block display-inline="no-display-inline" id="H2185C46CF4F14201A10301B5FACB0E47" style="OLC"> <paragraph id="HDCB21F7B9097407B8FAAC37F5B0D5413"><enum>(40)</enum><text display-inline="yes-display-inline">a separate statement of the cost of administrative rules that are projected to take effect during the fiscal year for which the budget is submitted.</text></paragraph><after-quoted-block>.</after-quoted-block></quoted-block>
 </paragraph></subsection><subsection id="HC9E4882BDC614AF8A96B5BF850FA4F37"><enum>(c)</enum><header>Clerical amendment</header><text display-inline="yes-display-inline">The table of sections for <external-xref legal-doc="usc-chapter" parsable-cite="usc-chapter/5/5">chapter 5</external-xref> of title 5, United States Code, is amended by inserting after the item relating to <external-xref legal-doc="usc" parsable-cite="usc/5/559">section 559</external-xref> the following new item:</text>
					<quoted-block display-inline="no-display-inline" id="HFDF21929072D46B2B71FBD909BD646C9" style="USC">
						<toc regeneration="no-regeneration">
							<toc-entry level="section">559a. Review of rules requiring new budget authority.</toc-entry></toc><after-quoted-block>.</after-quoted-block></quoted-block>
				</subsection></section></title></legis-body></bill>


