<?xml version="1.0"?>
<?xml-stylesheet type="text/xsl" href="billres.xsl"?>
<!DOCTYPE bill PUBLIC "-//US Congress//DTDs/bill.dtd//EN" "bill.dtd">
<bill bill-stage="Introduced-in-House" dms-id="H4A9A64FE31864761BE724B0D37642CF6" public-private="public" key="H" bill-type="olc"><form><distribution-code display="yes">I</distribution-code><congress display="yes">115th CONGRESS</congress><session display="yes">1st Session</session><legis-num display="yes">H. R. 191</legis-num><current-chamber>IN THE HOUSE OF REPRESENTATIVES</current-chamber><action display="yes"><action-date date="20170103">January 3, 2017</action-date><action-desc><sponsor name-id="P000610">Ms. Plaskett</sponsor> introduced the following bill; which was referred to the <committee-name committee-id="HWM00">Committee on Ways and Means</committee-name></action-desc></action><legis-type>A BILL</legis-type><official-title display="yes">To amend the Internal Revenue Code of 1986 to allow the work opportunity credit to small businesses which hire individuals who are members of the Ready Reserve or National Guard, and for other purposes.</official-title></form><legis-body id="HDDA6F325EC734B9E9186F5434EE70D45" style="OLC"> 
<section id="HC42B2F2BC65345E481B3CD4CDBCD1635" section-type="section-one"><enum>1.</enum><header>Short title</header><text display-inline="no-display-inline">This Act may be cited as the <quote><short-title>Hire A Hero Act of 2017</short-title></quote>.</text></section> <section id="H794DDE6D41B7434E8618C26936E55D2C"><enum>2.</enum><header>Work opportunity credit to small businesses for hiring members of Ready Reserve or National Guard</header> <subsection id="H9346A696511C46BCBBE71F8E8142AF5B" commented="no"><enum>(a)</enum><header>In general</header><text display-inline="yes-display-inline"><external-xref legal-doc="usc" parsable-cite="usc/26/51">Section 51(d)(1)</external-xref> of the Internal Revenue Code of 1986 is amended by striking <quote>or</quote> at the end of subparagraph (I), by striking the period at the end of subparagraph (J) and inserting <quote>, or</quote>, and by adding at the end the following new subparagraph:</text> 
<quoted-block display-inline="no-display-inline" id="HC60929B3CC4045BF8EE6C3C774B7874E" style="OLC"> 
<subparagraph id="H92B66A2151C740A787E2D3832B44EDA8" commented="no"><enum>(K)</enum><text display-inline="yes-display-inline">in the case of an eligible employer (as defined in section 408(p)(2)(C)(i)), an individual who is a member of—</text> <clause id="H9B3C1FDEAAC94316A1BA2C2086B9C390" commented="no"><enum>(i)</enum><text>the Ready Reserve (as described in section 10142 of title 10, United States Code), or</text></clause> 
<clause id="HEB78CE5508FF472395BE87E6618DD2F5" commented="no"><enum>(ii)</enum><text display-inline="yes-display-inline">the National Guard (as defined in section 101(c)(1) of such title 10).</text></clause></subparagraph><after-quoted-block>.</after-quoted-block></quoted-block></subsection> <subsection id="H39D84A19CC494BA58BD9726F010B622C"><enum>(b)</enum><header>Effective date</header> <paragraph id="H3ACEAFBB5D8C4B13A2380F874A349B42"><enum>(1)</enum><header>In general</header><text>The amendment made by this section shall apply to wages paid or incurred after the date of the enactment of this Act in taxable years ending after such date.</text></paragraph> 
<paragraph id="HC3C0BF31906C4AC994BBE15F03117B96"><enum>(2)</enum><header>Current employees covered by credit</header><text display-inline="yes-display-inline">For purposes of applying <external-xref legal-doc="usc" parsable-cite="usc/26/51">section 51</external-xref> of the Internal Revenue Code of 1986, individuals described in section 51(d)(1)(J) of such Code, as added by this section, who are employed by an eligible employer (as defined in section 408(p)(2)(C)(i) of such Code) on the date of the enactment of this Act shall be treated as beginning work for such employer on such date.</text></paragraph></subsection></section> <section id="H82B5A2C877B94F82B17AA05133228A55"><enum>3.</enum><header>Permanent extension of work opportunity credit for employers hiring qualified veterans and members of Ready Reserve and National Guard</header> <subsection id="H8F2AD4327DC640EB8D6DEACF68E041A0"><enum>(a)</enum><header>In general</header><text><external-xref legal-doc="usc" parsable-cite="usc/26/51">Section 51(c)(4)</external-xref> of the Internal Revenue Code of 1986 is amended by inserting <quote>(other than any individual described in subparagraph (B) or (K) of subsection (d)(1))</quote> after <quote>individual</quote>.</text></subsection> 
<subsection id="HB7CD20431A824B3C8AB453DBF9ECDB7B"><enum>(b)</enum><header>Effective date</header><text>The amendment made by this section shall apply to individuals who begin work for the employer after December 31, 2016.</text></subsection></section> </legis-body></bill>

