<?xml version="1.0"?>
<?xml-stylesheet type="text/xsl" href="billres.xsl"?>
<!DOCTYPE bill PUBLIC "-//US Congress//DTDs/bill.dtd//EN" "bill.dtd">
<bill bill-stage="Introduced-in-House" bill-type="olc" dms-id="H4A04FCD309994503B5040D1683ABA6B1" key="H" public-private="public"><metadata xmlns:dc="http://purl.org/dc/elements/1.1/">
<dublinCore>
<dc:title>115 HR 176 IH: New IDEA Act</dc:title>
<dc:publisher>U.S. House of Representatives</dc:publisher>
<dc:date>2017-01-03</dc:date>
<dc:format>text/xml</dc:format>
<dc:language>EN</dc:language>
<dc:rights>Pursuant to Title 17 Section 105 of the United States Code, this file is not subject to copyright protection and is in the public domain.</dc:rights>
</dublinCore>
</metadata>
<form>
<distribution-code display="yes">I</distribution-code><congress display="yes">115th CONGRESS</congress><session display="yes">1st Session</session><legis-num display="yes">H. R. 176</legis-num><current-chamber>IN THE HOUSE OF REPRESENTATIVES</current-chamber><action display="yes"><action-date date="20170103">January 3, 2017</action-date><action-desc><sponsor name-id="K000362">Mr. King of Iowa</sponsor> (for himself, <cosponsor name-id="D000615">Mr. Duncan of South Carolina</cosponsor>, <cosponsor name-id="G000565">Mr. Gosar</cosponsor>, <cosponsor name-id="G000552">Mr. Gohmert</cosponsor>, <cosponsor name-id="J000255">Mr. Jones</cosponsor>, <cosponsor name-id="S000583">Mr. Smith of Texas</cosponsor>, <cosponsor name-id="B001274">Mr. Brooks of Alabama</cosponsor>, and <cosponsor name-id="B001269">Mr. Barletta</cosponsor>) introduced the following bill; which was referred to the <committee-name committee-id="HWM00">Committee on Ways and Means</committee-name>, and in addition to the Committees on <committee-name committee-id="HJU00">the Judiciary</committee-name>, and <committee-name committee-id="HED00">Education and the Workforce</committee-name>, for a period to be subsequently determined by the Speaker, in each case for consideration of such
			 provisions as fall within the jurisdiction of the committee concerned</action-desc></action><legis-type>A BILL</legis-type><official-title display="yes">To amend the Internal Revenue Code of 1986 to clarify that wages paid to unauthorized aliens may
			 not be deducted from gross income, and for other purposes.</official-title></form>
	<legis-body id="H1B56B6D7109D47A598AE0D002B8F261F" style="OLC">
 <section display-inline="no-display-inline" id="HFE752FAB41EC4C9E837A07BA07E5657C" section-type="section-one"><enum>1.</enum><header>Short title</header><text display-inline="no-display-inline">This Act may be cited as—</text> <paragraph id="H351A0C63C79A42F1A8DAE494ACD19DB3"><enum>(1)</enum><text>the <quote><short-title>New IDEA Act</short-title></quote>; or</text>
 </paragraph><paragraph id="HB4336347CE33436A816E5B78C804DBB0"><enum>(2)</enum><text>the <quote><short-title>New Illegal Deduction Elimination Act</short-title></quote>.</text> </paragraph></section><section id="H84686D5FA61B44D3B26DDFC1E0F34207"><enum>2.</enum><header>Clarification that wages paid to unauthorized aliens may not be deducted from gross income</header> <subsection id="HB83E48CE01BB41BB99A30FB15FCB0BEA"><enum>(a)</enum><header>In general</header><text>Subsection (c) of <external-xref legal-doc="usc" parsable-cite="usc/26/162">section 162</external-xref> of the Internal Revenue Code of 1986 (relating to illegal bribes, kickbacks, and other payments) is amended by adding at the end the following new paragraph:</text>
				<quoted-block display-inline="no-display-inline" id="HF32F7A58B6FE4A6D91A99912316B09B4" style="OLC">
					<paragraph id="H5BE53B4CC1D14EF9BBEC75113D903D53"><enum>(4)</enum><header>Wages paid to or on behalf of unauthorized aliens</header>
 <subparagraph id="HF0E9167B5DF748FA9782D183972EFC17"><enum>(A)</enum><header>In general</header><text>No deduction shall be allowed under subsection (a) for any wage paid to or on behalf of an unauthorized alien, as defined under section 274A(h)(3) of the Immigration and Nationality Act (<external-xref legal-doc="usc" parsable-cite="usc/8/1324a">8 U.S.C. 1324a(h)(3)</external-xref>).</text>
 </subparagraph><subparagraph id="HAFA254AB635D454ABA5B9F5A40A6A69E"><enum>(B)</enum><header>Wages</header><text>For the purposes of this paragraph, the term <term>wages</term> means all remuneration for employment, including the cash value of all remuneration (including benefits) paid in any medium other than cash.</text>
 </subparagraph><subparagraph id="H7F103A2B1C474D9EA2754CAD808565E3"><enum>(C)</enum><header>Safe Harbor</header><text display-inline="yes-display-inline">If a person or other entity is participating in the E-Verify Program described in section 403(a) of the Illegal Immigration Reform and Immigrant Responsibility Act of 1996 (<external-xref legal-doc="usc" parsable-cite="usc/8/1324a">8 U.S.C. 1324a</external-xref> note) and obtains confirmation of identity and employment eligibility in compliance with the terms and conditions of the program with respect to the hiring (or recruitment or referral) of an employee, subparagraph (A) shall not apply with respect to wages paid to such employee.</text>
 </subparagraph><subparagraph id="H7A77BA8C035F4B8D8480E08F3F9454FB"><enum>(D)</enum><header>Burden of proof</header><text>In the case of any examination of a return in connection with a deduction under this section by reason of this paragraph, the Secretary shall bear the burden of proving that wages were paid to or on behalf of an unauthorized alien.</text>
 </subparagraph><subparagraph id="H3419BB1ADCD646688522F10B6A99B610"><enum>(E)</enum><header>Limitation on taxpayer audit</header><text display-inline="yes-display-inline">The Secretary may not commence an audit or other investigation of a taxpayer solely on the basis of a deduction taken under this section by reason of this paragraph.</text></subparagraph></paragraph><after-quoted-block>.</after-quoted-block></quoted-block>
 </subsection><subsection id="H972843F10C004161A0C457B2B73C28D2"><enum>(b)</enum><header>Six-Year limitation on assessment and collection</header><text>Subsection (c) of <external-xref legal-doc="usc" parsable-cite="usc/26/6501">section 6501</external-xref> of the Internal Revenue Code of 1986 (relating to exceptions) is amended by adding at the end the following new paragraph:</text>
				<quoted-block display-inline="no-display-inline" id="H7F5E740919F841A59228A6340F21B9E7" style="OLC">
 <paragraph id="H38462AF6857D46DAA995AD6DE3AB01AD"><enum>(12)</enum><header>Deduction claimed for wages paid to unauthorized aliens</header><text>In the case of a return of tax on which a deduction is shown in violation of section 162(c)(4), any tax under chapter 1 may be assessed, or a proceeding in court for the collection of such tax may be begun without assessment, at any time within 6 years after the return was filed.</text></paragraph><after-quoted-block>.</after-quoted-block></quoted-block>
 </subsection><subsection id="HC02B0E517256428CA389E3A01647453C"><enum>(c)</enum><header>Use of documentation for enforcement purposes</header><text display-inline="yes-display-inline">Section 274A of the Immigration and Nationality Act (<external-xref legal-doc="usc" parsable-cite="usc/8/1324a">8 U.S.C. 1324a</external-xref>) is amended—</text> <paragraph id="HE153D56B13D94B918BE4CD7340A84F35"><enum>(1)</enum><text>in subparagraph (b)(5), by inserting <quote>, <external-xref legal-doc="usc" parsable-cite="usc/26/162">section 162(c)(4)</external-xref> of the Internal Revenue Code of 1986,</quote> after <quote>enforcement of this Act</quote>;</text>
 </paragraph><paragraph id="H9ED3F5384807492F858ACB92338AADF2"><enum>(2)</enum><text>in subparagraph (d)(2)(F), by inserting <quote>, <external-xref legal-doc="usc" parsable-cite="usc/26/162">section 162(c)(4)</external-xref> of the Internal Revenue Code of 1986,</quote> after <quote>enforcement of this Act</quote>; and</text> </paragraph><paragraph id="HFF9D0EACEDFA4778B3DB0D1BDA6853B9"><enum>(3)</enum><text>in subparagraph (d)(2)(G), by inserting <quote>section 162(c)(4) of the Internal Revenue Code of 1986 or</quote> after <quote>or enforcement of</quote>.</text>
				</paragraph></subsection><subsection id="H8D78416EB0DC4628B6B454B25659E191"><enum>(d)</enum><header>Availability of information</header>
 <paragraph id="HE6BEE788255C420BA86A6AD200D8713C"><enum>(1)</enum><header>In general</header><text display-inline="yes-display-inline">The Commissioner of Social Security, the Secretary of the Department of Homeland Security, and the Secretary of the Treasury, shall jointly establish a program to share information among such agencies that may or could lead to the identification of unauthorized aliens (as defined under section 274A(h)(3) of the Immigration and Nationality Act), including any no-match letter, any information in the earnings suspense file, and any information in the investigation and enforcement of <external-xref legal-doc="usc" parsable-cite="usc/26/162">section 162(c)(4)</external-xref> of the Internal Revenue Code of 1986.</text>
				</paragraph><paragraph id="HF0B84128DFB349F298EF6842CF408D5A"><enum>(2)</enum><header>Disclosure by Secretary of the Treasury</header>
 <subparagraph id="H17363FB6CFAD47F9ADE7A6C956A0BCC5"><enum>(A)</enum><header>In general</header><text>Subsection (i) of <external-xref legal-doc="usc" parsable-cite="usc/26/6103">section 6103</external-xref> of the Internal Revenue Code of 1986 is amended by adding at the end the following new paragraph:</text>
						<quoted-block display-inline="no-display-inline" id="HE3959DB6F8564677B45A5BC7092E9A43" style="OLC">
 <paragraph id="HA9132F5C05724235A7878EBFD77ABD30"><enum>(9)</enum><header>Payment of wages to unauthorized aliens</header><text display-inline="yes-display-inline">Upon request from the Commissioner of the Social Security Administration or the Secretary of the Department of Homeland Security, the Secretary shall disclose to officers and employees of such Administration or Department—</text>
 <subparagraph id="HEF3DAD51ECCD48B69DCF000399FE9717"><enum>(A)</enum><text>taxpayer identity information of employers who paid wages with respect to which a deduction was not allowed by reason of section 162(c)(4), and</text>
 </subparagraph><subparagraph id="H4C9DE3FF0C49440992AB0C071E4BCC62"><enum>(B)</enum><text>taxpayer identity information of individuals to whom such wages were paid,</text> </subparagraph><continuation-text continuation-text-level="paragraph">for purposes of carrying out any enforcement activities of such Administration or Department with respect to such employers or individuals.</continuation-text></paragraph><after-quoted-block>.</after-quoted-block></quoted-block> </subparagraph><subparagraph id="H048BA158E2E948668AE35CA201CFC10A"><enum>(B)</enum><header>Recordkeeping</header><text display-inline="yes-display-inline">Paragraph (4) of section 6103(p) of such Code is amended—</text>
 <clause id="H3B1668E4D7574E2CAC49309BFC36E90E"><enum>(i)</enum><text>by striking <quote>(5), or (7)</quote> in the matter preceding subparagraph (A) and inserting <quote>(5), (7), or (9)</quote>, and</text> </clause><clause id="H9EAB18A3145B482697CBB9CD23C3A0DD"><enum>(ii)</enum><text>by striking <quote>(5) or (7)</quote> in subparagraph (F)(ii) and inserting <quote>(5), (7), or (9)</quote>.</text>
						</clause></subparagraph></paragraph></subsection><subsection id="H143C107753D44A91BD52531E9CBD7186"><enum>(e)</enum><header>Effective date</header>
 <paragraph id="H817B38E58F3C4333B47B841DA29C3C0D"><enum>(1)</enum><text>Except as provided in paragraph (2), this Act and the amendments made by this Act shall take effect on the date of the enactment of this Act.</text>
 </paragraph><paragraph id="H798895E51CC74F35B14511F547C3FFAB"><enum>(2)</enum><text>The amendments made by subsections (a) and (b) shall apply to taxable years beginning after December 31, 2017.</text>
				</paragraph></subsection></section><section id="HB26B6ABA38C44652B468E834AB2BC8F4"><enum>3.</enum><header>Modification of E-Verify Program</header>
 <subsection id="H9C0856B95573458D905A74AC9B1A095F"><enum>(a)</enum><header>Making permanent</header><text display-inline="yes-display-inline">Subsection (b) of section 401 of the Illegal Immigration Reform and Immigrant Responsibility Act of 1996 (<external-xref legal-doc="usc" parsable-cite="usc/8/1324a">8 U.S.C. 1324a</external-xref> note) is amended by striking the last sentence.</text>
			</subsection><subsection id="HB09C43007BA84128B4DAE14F357492B6"><enum>(b)</enum><header>Application to current employees</header>
 <paragraph id="HDEEEFB951CC4455196F98FAC3064F14E"><enum>(1)</enum><header>Voluntary election</header><text>The first sentence of section 402(a) of such Act is amended to read as follows: <quote>Any person or other entity that conducts any hiring (or recruitment or referral) in a State or employs any individuals in a State may elect to participate in the E-Verify Program.</quote>.</text>
 </paragraph><paragraph id="H435E62DA5D9045BE946843F50B7DAE05"><enum>(2)</enum><header>Benefit of rebuttable presumption</header><text display-inline="yes-display-inline">Paragraph (1) of section 402(b) of such Act is amended by adding at the end the following: <quote>If a person or other entity is participating in the E-Verify Program and obtains confirmation of identity and employment eligibility in compliance with the terms and conditions of the program with respect to individuals employed by the person or entity, the person or entity has established a rebuttable presumption that the person or entity has not violated section 274A(a)(2) with respect to such individuals.</quote>.</text>
 </paragraph><paragraph id="H4EF2391566724B41A04A3E819AC55928"><enum>(3)</enum><header>Scope of election</header><text display-inline="yes-display-inline">Subparagraph (A) of section 402(c)(2) of such Act is amended to read as follows:</text> <quoted-block display-inline="no-display-inline" id="H493D4F83CB2C44AEB137522959DF9780" style="OLC"> <subparagraph id="H9251F57DD1D44CFFBF5A6192F4C21058"><enum>(A)</enum><header>In general</header><text display-inline="yes-display-inline">Any electing person or other entity may provide that the election under subsection (a) shall apply (during the period in which the election is in effect)—</text>
 <clause id="H5652220196D64078A1F1D881ABF24AE6"><enum>(i)</enum><text>to all its hiring (and all recruitment or referral);</text> </clause><clause id="HF0E4CA5EEDEE421693EA92CEA06D68EE"><enum>(ii)</enum><text>to all its hiring (and all recruitment or referral and all individuals employed by the person or entity);</text>
 </clause><clause id="HDC3581FAD3014803983DA371052BE2EF"><enum>(iii)</enum><text>to all its hiring (and all recruitment or referral) in one or more States or one or more places of hiring (or recruitment or referral, as the case may be); or</text>
 </clause><clause id="HB32AB134D0534A28A160AB1F795C355B"><enum>(iv)</enum><text>to all its hiring (and all recruitment or referral and all individuals employed by the person or entity) in one or more States or one or more place of hiring (or recruitment or referral or employment, as the case may be).</text></clause></subparagraph><after-quoted-block>.</after-quoted-block></quoted-block>
 </paragraph><paragraph id="H75CD9AF0F03F4C0C8971320F9AC36AE0"><enum>(4)</enum><header>Procedures for participants in E-Verify Program</header><text display-inline="yes-display-inline">Subsection (a) of section 403 of such Act is amended—</text> <subparagraph id="HDE97721817C148ECBFBD4379ADD853B6"><enum>(A)</enum><text>in the matter preceding paragraph (1), by inserting <quote>or continued employment in the United States</quote> after <quote>United States</quote>; and</text>
 </subparagraph><subparagraph id="H2C77B2E98AA644A08E9BA27980B201A7"><enum>(B)</enum><text display-inline="yes-display-inline">in paragraph (3)—</text> <clause id="H24418B4D3D524317A032C15FC47D2241"><enum>(i)</enum><text>in subparagraph (A), by striking all that follows <quote>(as specified by the Secretary of Homeland Security)</quote> and inserting <quote>after the date of the hiring, or recruitment or referral, in the case of inquiries made pursuant to a hiring, recruitment or referral (and not of previously hired individuals).</quote>; and</text>
 </clause><clause id="HD9496F79B4B1460CBC7108844A62C078"><enum>(ii)</enum><text display-inline="yes-display-inline">in subparagraph (B), by striking <quote>such 3 working days</quote> and inserting <quote>the specified period</quote>.</text> </clause></subparagraph></paragraph></subsection><subsection id="H44F2FB296CBE4DDFB1134603185CA8F2"><enum>(c)</enum><header>Application to job applicants</header><text>Section 402(c)(2) of such Act is amended by adding at the end the following:</text>
				<quoted-block display-inline="no-display-inline" id="HEB97389514C44121A7217F1992C969C6" style="OLC">
 <subparagraph id="H040E048E782F42D6A59829A736B4519D"><enum>(C)</enum><header>Job offer may be made conditional on final confirmation by E-Verify</header><text display-inline="yes-display-inline">A person or other entity that elects to participate in the E-Verify Program may offer a prospective employee an employment position conditioned on final verification of the identity and employment eligibility of the employee using the employment eligibility confirmation system established under section 404.</text></subparagraph><after-quoted-block>.</after-quoted-block></quoted-block>
			</subsection></section></legis-body></bill>


