<?xml version="1.0"?>
<?xml-stylesheet type="text/xsl" href="billres.xsl"?>
<!DOCTYPE bill PUBLIC "-//US Congress//DTDs/bill.dtd//EN" "bill.dtd">
<bill bill-stage="Introduced-in-House" bill-type="olc" dms-id="H73E000FC1CB14944B7923755BEB49813" key="H" public-private="public"><metadata xmlns:dc="http://purl.org/dc/elements/1.1/">
<dublinCore>
<dc:title>115 HR 399 IH: Stop Subsidizing Multimillion Dollar Corporate Bonuses Act</dc:title>
<dc:publisher>U.S. House of Representatives</dc:publisher>
<dc:date>2017-01-10</dc:date>
<dc:format>text/xml</dc:format>
<dc:language>EN</dc:language>
<dc:rights>Pursuant to Title 17 Section 105 of the United States Code, this file is not subject to copyright protection and is in the public domain.</dc:rights>
</dublinCore>
</metadata>
<form>
<distribution-code display="yes">I</distribution-code><congress display="yes">115th CONGRESS</congress><session display="yes">1st Session</session><legis-num display="yes">H. R. 399</legis-num><current-chamber>IN THE HOUSE OF REPRESENTATIVES</current-chamber><action display="yes"><action-date date="20170110">January 10, 2017</action-date><action-desc><sponsor name-id="D000399">Mr. Doggett</sponsor> (for himself, <cosponsor name-id="B001292">Mr. Beyer</cosponsor>, <cosponsor name-id="B001227">Mr. Brady of Pennsylvania</cosponsor>, <cosponsor name-id="B001285">Ms. Brownley of California</cosponsor>, <cosponsor name-id="C001084">Mr. Cicilline</cosponsor>, <cosponsor name-id="C000714">Mr. Conyers</cosponsor>, <cosponsor name-id="C000984">Mr. Cummings</cosponsor>, <cosponsor name-id="D000191">Mr. DeFazio</cosponsor>, <cosponsor name-id="D000216">Ms. DeLauro</cosponsor>, <cosponsor name-id="E000288">Mr. Ellison</cosponsor>, <cosponsor name-id="G000574">Mr. Gallego</cosponsor>, <cosponsor name-id="G000559">Mr. Garamendi</cosponsor>, <cosponsor name-id="G000551">Mr. Grijalva</cosponsor>, <cosponsor name-id="H000324">Mr. Hastings</cosponsor>, <cosponsor name-id="H001038">Mr. Higgins of New York</cosponsor>, <cosponsor name-id="L000559">Mr. Langevin</cosponsor>, <cosponsor name-id="L000551">Ms. Lee</cosponsor>, <cosponsor name-id="L000582">Mr. Ted Lieu of California</cosponsor>, <cosponsor name-id="L000563">Mr. Lipinski</cosponsor>, <cosponsor name-id="L000565">Mr. Loebsack</cosponsor>, <cosponsor name-id="L000579">Mr. Lowenthal</cosponsor>, <cosponsor name-id="M001185">Mr. Sean Patrick Maloney of New York</cosponsor>, <cosponsor name-id="M000312">Mr. McGovern</cosponsor>, <cosponsor name-id="M001160">Ms. Moore</cosponsor>, <cosponsor name-id="N000179">Mrs. Napolitano</cosponsor>, <cosponsor name-id="N000147">Ms. Norton</cosponsor>, <cosponsor name-id="P000604">Mr. Payne</cosponsor>, <cosponsor name-id="P000607">Mr. Pocan</cosponsor>, <cosponsor name-id="P000523">Mr. Price of North Carolina</cosponsor>, <cosponsor name-id="R000486">Ms. Roybal-Allard</cosponsor>, <cosponsor name-id="S001145">Ms. Schakowsky</cosponsor>, <cosponsor name-id="S000248">Mr. Serrano</cosponsor>, <cosponsor name-id="S000480">Ms. Slaughter</cosponsor>, <cosponsor name-id="T000469">Mr. Tonko</cosponsor>, <cosponsor name-id="T000465">Ms. Tsongas</cosponsor>, <cosponsor name-id="V000081">Ms. Velázquez</cosponsor>, <cosponsor name-id="V000108">Mr. Visclosky</cosponsor>, <cosponsor name-id="W000822">Mrs. Watson Coleman</cosponsor>, <cosponsor name-id="Y000062">Mr. Yarmuth</cosponsor>, <cosponsor name-id="R000606">Mr. Raskin</cosponsor>, <cosponsor name-id="K000009">Ms. Kaptur</cosponsor>, <cosponsor name-id="D000623">Mr. DeSaulnier</cosponsor>, and <cosponsor name-id="H001068">Mr. Huffman</cosponsor>) introduced the following bill; which was referred to the <committee-name committee-id="HWM00">Committee on Ways and Means</committee-name></action-desc></action><legis-type>A BILL</legis-type><official-title display="yes">To amend the Internal Revenue Code of 1986 to expand the denial of deduction for certain excessive
			 employee remuneration, and for other purposes.</official-title></form>
	<legis-body id="H401DE79674C74B6F8CA678A51D2EC785" style="OLC">
 <section id="H99007D7723E74A57A46E8F775A0C6EAD" section-type="section-one"><enum>1.</enum><header>Short title</header><text display-inline="no-display-inline">This Act may be cited as the <quote><short-title>Stop Subsidizing Multimillion Dollar Corporate Bonuses Act</short-title></quote>.</text> </section><section id="H108C6602584C4AC4A10D28D68CCB5486" section-type="subsequent-section"><enum>2.</enum><header>Expansion of denial of deduction for certain excessive employee remuneration</header> <subsection id="HED8DC50E8A2B4C80A268833EDEBA70F7"><enum>(a)</enum><header>Application to all current and former employees</header> <paragraph id="HD990C4234A5F434EB4A4DBB23890981B"><enum>(1)</enum><header>In general</header><text><external-xref legal-doc="usc" parsable-cite="usc/26/162">Section 162(m)</external-xref> of the Internal Revenue Code of 1986 is amended—</text>
 <subparagraph id="H0E65800719A54F94978EF760F03D9A4B"><enum>(A)</enum><text>by striking <quote>covered employee</quote> each place it appears in paragraphs (1) and (4) and inserting <quote>covered individual</quote>, and</text> </subparagraph><subparagraph id="H59A9C002FF60417DA511E6CC2EFB600E"><enum>(B)</enum><text>by striking <quote>such employee</quote> each place it appears in subparagraphs (A) and (G) of paragraph (4) and inserting <quote>such individual</quote>.</text>
 </subparagraph></paragraph><paragraph id="H0F1436B91C77456FA769C1746100D57C"><enum>(2)</enum><header>Covered individual</header><text>Paragraph (3) of section 162(m) of such Code is amended to read as follows:</text> <quoted-block display-inline="no-display-inline" id="H84F7B76A3EEA45BA8156E2179063B5E8" style="OLC"> <paragraph id="HA7744B022AD642149FDCC8037AB45891"><enum>(3)</enum><header>Covered individual</header><text>For purposes of this subsection, the term <term>covered individual</term> means any individual who is an officer, director, or employee of the taxpayer or a former officer, director, or employee of the taxpayer.</text></paragraph><after-quoted-block>.</after-quoted-block></quoted-block>
				</paragraph><paragraph id="HBB6FC58FD22B442F9E44C3BB7B041E45"><enum>(3)</enum><header>Conforming amendments</header>
 <subparagraph id="H78777678413C48038DC23F86E5B645BF"><enum>(A)</enum><text>Section 48D(b)(3)(A) of such Code is amended by inserting <quote>(as in effect for taxable years beginning before January 1, 2018)</quote> after <quote>section 162(m)(3)</quote>.</text> </subparagraph><subparagraph id="H7F7DEC25EA884B91BEB1994EEEA5918C"><enum>(B)</enum><text>Section 409A(b)(3)(D)(ii) of such Code is amended by inserting <quote>(as in effect for taxable years beginning before January 1, 2018)</quote> after <quote>section 162(m)(3)</quote>.</text>
					</subparagraph></paragraph></subsection><subsection id="H1655387AFF5D427B857C48F8B1764807"><enum>(b)</enum><header>Expansion of applicable employee remuneration</header>
				<paragraph id="H7880F157834F4F5FAA76ACF0E485C3AD"><enum>(1)</enum><header>Elimination of exception for commission-based pay</header>
 <subparagraph id="H65A407E00BC4411283FA58C842900275"><enum>(A)</enum><header>In general</header><text>Paragraph (4) of section 162(m) of such Code, as amended by subsection (a), is amended by striking subparagraph (B) and by redesignating subparagraphs (C) through (G) as subparagraphs (B) through (F), respectively.</text>
					</subparagraph><subparagraph id="H1987DA2F1C864087B47FCA6E114F5F11"><enum>(B)</enum><header>Conforming amendments</header>
 <clause id="H2EA5646E59694B8C89142ADC6B7DF839"><enum>(i)</enum><text>Section 162(m)(5) of such Code is amended—</text> <subclause id="H18DAC613A86C4E5D9ED4E193014D0200"><enum>(I)</enum><text>by striking <quote>subparagraphs (B), (C), and (D) thereof</quote> in subparagraph (E) and inserting <quote>subparagraphs (B) and (C) thereof</quote>, and</text>
 </subclause><subclause id="H8653CD140C514EF2801FBB7879BAA274"><enum>(II)</enum><text>by striking <quote>subparagraphs (F) and (G)</quote> in subparagraph (G) and inserting <quote>subparagraphs (E) and (F)</quote>.</text> </subclause></clause><clause id="H0E7F13344BF34E1D94B3388EB534A4BD"><enum>(ii)</enum><text>Section 162(m)(6) of such Code is amended—</text>
 <subclause id="HABDFE784AF074D7DB3D7BC2738C5AE86"><enum>(I)</enum><text>by striking <quote>subparagraphs (B), (C), and (D) thereof</quote> in subparagraph (D) and inserting <quote>subparagraphs (B) and (C) thereof</quote>, and</text> </subclause><subclause commented="no" display-inline="no-display-inline" id="H6F8D912496C548C6A2E3FE48E49B3A89"><enum>(II)</enum><text>by striking <quote>subparagraphs (F) and (G)</quote> in subparagraph (G) and inserting <quote>subparagraphs (E) and (F)</quote>.</text>
							</subclause></clause></subparagraph></paragraph><paragraph id="HA1A3D76616DE42368281ADBC7BC57495"><enum>(2)</enum><header>Inclusion of performance-based compensation</header>
 <subparagraph id="H540EC02BAD3A484A94ED5DCA8E7FE0CF"><enum>(A)</enum><header>In general</header><text>Paragraph (4) of <external-xref legal-doc="usc" parsable-cite="usc/26/162">section 162(m)</external-xref> of the Internal Revenue Code of 1986, as amended by subsection (a) and paragraph (1) of this subsection, is amended by striking subparagraph (B) and redesignating subparagraphs (C) through (F) as subparagraphs (B) through (E), respectively.</text>
					</subparagraph><subparagraph id="HB59DC5FCED64440195DF48D99C747510"><enum>(B)</enum><header>Conforming amendments</header>
 <clause id="H0A11A383E2224D5D9F69E98CD29E90DC"><enum>(i)</enum><text>Section 162(m)(5) of such Code, as amended by paragraph (1), is amended—</text> <subclause id="H621912DF608940A7B28B25731FCE0E88"><enum>(I)</enum><text>by striking <quote>subparagraphs (B) and (C) thereof</quote> in subparagraph (E) and inserting <quote>subparagraph (B) thereof</quote>, and</text>
 </subclause><subclause id="HA7190A5213ED468CBA0E309FE4C8933C"><enum>(II)</enum><text>by striking <quote>subparagraphs (E) and (F)</quote> in subparagraph (G) and inserting <quote>subparagraphs (D) and (E)</quote>.</text> </subclause></clause><clause id="H0E928A3EF9EA495387334EAF15D213BE"><enum>(ii)</enum><text>Section 162(m)(6) of such Code, as amended by paragraph (1), is amended—</text>
 <subclause id="H9CE93F1007A54F239D36C42B6162E4F2"><enum>(I)</enum><text>by striking <quote>subparagraphs (B) and (C) thereof</quote> in subparagraph (D) and inserting <quote>subparagraph (B) thereof</quote>, and</text> </subclause><subclause id="H1509893BA83C43F4B77E5F32063056B5"><enum>(II)</enum><text>by striking <quote>subparagraphs (E) and (F)</quote> in subparagraph (G) and inserting <quote>subparagraphs (D) and (E)</quote>.</text>
 </subclause></clause></subparagraph></paragraph></subsection><subsection id="H628512F0D7254FE4A207B44FDAB0AFE4"><enum>(c)</enum><header>Expansion of applicable employer</header><text>Paragraph (2) of <external-xref legal-doc="usc" parsable-cite="usc/26/162">section 162(m)</external-xref> of the Internal Revenue Code of 1986 is amended to read as follows:</text> <quoted-block display-inline="no-display-inline" id="H82A9F43412774CC2A48EE466C0420CF2" style="OLC"> <paragraph id="H57422F39FB24443E8FA088342EA092F3"><enum>(2)</enum><header>Publicly held corporation</header><text>For purposes of this subsection, the term <term>publicly held corporation</term> means any corporation which is an issuer (as defined in section 3 of the Securities Exchange Act of 1934 (<external-xref legal-doc="usc" parsable-cite="usc/15/78c">15 U.S.C. 78c</external-xref>))—</text>
 <subparagraph id="HC35142E4DE3C42DC9992C6702D9396E2"><enum>(A)</enum><text>the securities of which are registered under section 12 of such Act (<external-xref legal-doc="usc" parsable-cite="usc/15/78l">15 U.S.C. 78l</external-xref>), or</text> </subparagraph><subparagraph id="H3726F33698604FFCA3F8DC7574685D29"><enum>(B)</enum><text>that is required to file reports under section 15(d) of such Act (<external-xref legal-doc="usc" parsable-cite="usc/15/780">15 U.S.C. 780(d)</external-xref>).</text></subparagraph></paragraph><after-quoted-block>.</after-quoted-block></quoted-block>
			</subsection><subsection id="HB12C4919B32948609190C3D6D9FBE409"><enum>(d)</enum><header>Regulatory authority</header>
 <paragraph id="H962EDA40753749B7ABF426E1CF41EE3A"><enum>(1)</enum><header>In general</header><text><external-xref legal-doc="usc" parsable-cite="usc/26/162">Section 162(m)</external-xref> of the Internal Revenue Code of 1986 is amended by adding at the end the following new paragraph:</text>
					<quoted-block display-inline="no-display-inline" id="H0B5314D597374D028DD78D210A83E964" style="OLC">
 <paragraph id="H6F4BE507D4D84625AFB8D16800D3F84A"><enum>(7)</enum><header>Regulations</header><text>The Secretary may prescribe such guidance, rules, or regulations, including with respect to reporting, as are necessary to carry out the purposes of this subsection.</text></paragraph><after-quoted-block>.</after-quoted-block></quoted-block>
 </paragraph><paragraph id="HE808F0785AAF4533B43B09B93030EA5E"><enum>(2)</enum><header>Conforming amendment</header><text>Paragraph (6) of section 162(m) of such Code is amended by striking subparagraph (H).</text> </paragraph></subsection><subsection id="H339C00D900954A8D91CC029D3BC7425E"><enum>(e)</enum><header>Effective date</header><text>The amendments made by this section shall apply to taxable years beginning after December 31, 2017.</text>
			</subsection></section></legis-body></bill>


