<?xml version="1.0"?>
<?xml-stylesheet type="text/xsl" href="billres.xsl"?>
<!DOCTYPE bill PUBLIC "-//US Congress//DTDs/bill.dtd//EN" "bill.dtd">
<bill bill-stage="Introduced-in-House" bill-type="olc" dms-id="H4720B66A2FB743D9A70C437E5EC69666" key="H" public-private="public"><metadata xmlns:dc="http://purl.org/dc/elements/1.1/">
<dublinCore>
<dc:title>115 HR 125 IH: FHA In-Person Servicing Improvement Act of 2017</dc:title>
<dc:publisher>U.S. House of Representatives</dc:publisher>
<dc:date>2017-01-03</dc:date>
<dc:format>text/xml</dc:format>
<dc:language>EN</dc:language>
<dc:rights>Pursuant to Title 17 Section 105 of the United States Code, this file is not subject to copyright protection and is in the public domain.</dc:rights>
</dublinCore>
</metadata>
<form>
<distribution-code display="yes">I</distribution-code><congress display="yes">115th CONGRESS</congress><session display="yes">1st Session</session><legis-num display="yes">H. R. 125</legis-num><current-chamber>IN THE HOUSE OF REPRESENTATIVES</current-chamber><action display="yes"><action-date date="20170103">January 3, 2017</action-date><action-desc><sponsor name-id="G000553">Mr. Al Green of Texas</sponsor> introduced the following bill; which was referred to the <committee-name committee-id="HBA00">Committee on Financial Services</committee-name></action-desc></action><legis-type>A BILL</legis-type><official-title display="yes">To authorize a pilot program to improve asset recovery levels, asset management, and homeownership
			 retention with respect to delinquent single-family mortgages insured under
			 the FHA mortgage insurance programs by providing for in-person contact
			 outreach activities with mortgagors under such mortgages, and for other
			 purposes.</official-title></form>
	<legis-body id="HF0567D69C4D94F6691D6A5AF856BCCF8" style="OLC">
 <section id="H4837A44EFF0742EDA80B143757004105" section-type="section-one"><enum>1.</enum><header>Short title</header><text display-inline="no-display-inline">This Act may be cited as the <quote><short-title>FHA In-Person Servicing Improvement Act of 2017</short-title></quote>.</text> </section><section id="H156A7FE4ED47441CBD052B04528F53E9"><enum>2.</enum><header>Pilot program</header> <subsection id="H4DFE97E88B684D79A11CE0F54C530FE0"><enum>(a)</enum><header>Authority</header><text>The Secretary of Housing and Urban Development shall carry out a pilot program under this section to use the authority under section 204(a)(2) of the National Housing Act (<external-xref legal-doc="usc" parsable-cite="usc/12/1710">12 U.S.C. 1710(a)(2)</external-xref>) to make payments to a qualified entity or entities to compensate for their costs of making in-person contact with mortgagors whose payments under covered mortgages are more than 60 days past due, for the purpose of—</text>
 <paragraph id="H78CB696F868B4D2E90B3C2FB216FF023"><enum>(1)</enum><text>identifying mortgagors eligible for loan modifications or refinances and providing packages to the mortgagee for such purposes;</text>
 </paragraph><paragraph id="H20B1AEADC028465A96811104CE6F91F9"><enum>(2)</enum><text>identifying mortgagers not eligible for a loan modification or refinance but willing to engage in pre-foreclosure sales or deeds in lieu of foreclosure, and providing information to the mortgagee in order to facilitate such actions;</text>
 </paragraph><paragraph id="H25F644024DE54AA286B81A0AC436B4B4"><enum>(3)</enum><text>identifying whether a home’s current occupant is the mortgagor or a renter, and if not occupied, taking steps to locate and make contact with the mortgagor;</text>
 </paragraph><paragraph id="H8E2A50E5030F443E9DDDC9EB9F0C59B3"><enum>(4)</enum><text>providing information to the Secretary and the mortgagee regarding the condition of the home, in order to facilitate any actions needed to prevent the deterioration and loss of value of the home and assist the Department more generally in its asset management responsibilities; and</text>
 </paragraph><paragraph id="HCE07E0220321435DB946D130CD44077D"><enum>(5)</enum><text>providing all relevant information on mortgagors and homes to the mortgagee on the loan and the Secretary in a format, approved by the Secretary, which helps improve asset management and maximize asset recovery of these delinquent loans.</text>
 </paragraph></subsection><subsection id="H0F5D15D752FE4F7BBE1544F10CBFFC59"><enum>(b)</enum><header>Qualified entities</header><text>For purposes of this section, the term <quote>qualified entity</quote> means a single entity or a consortia or partnership of entities that—</text> <paragraph id="H4BB0A08A95064A5C9E691E2FEF66A42E"><enum>(1)</enum><text>have experience in carrying out the activities identified in subsection (a);</text>
 </paragraph><paragraph id="H5E9515616CED40EAA1343F51A9416752"><enum>(2)</enum><text>are not affiliated with the mortgagor under any of the covered mortgages for which it is authorized to carry out actions under the pilot program under this section; and</text>
 </paragraph><paragraph id="H522192B52A2A4D8F83F2675473F3EDA5"><enum>(3)</enum><text>comply with all relevant State and Federal laws.</text> </paragraph></subsection><subsection id="H727130402B4641C4B15C758A732D9759"><enum>(c)</enum><header>Selection of a qualified entity or entities</header> <paragraph id="H95721057492D479498ED031152026D0F"><enum>(1)</enum><header>Scope</header><text>The Secretary shall have the discretion to select qualified entities to participate in the pilot program under this section.</text>
 </paragraph><paragraph id="HECF84C8B58E341BC9B881ECE70CDE393"><enum>(2)</enum><header>Criteria</header><text>Such selection shall be based on the qualifications and experience of the entity or entities to carry out the specific activities identified in subsection (a), including the level of infrastructure capability in reporting detailed information on the mortgage loan, underlying property, and the mortgagor.</text>
 </paragraph><paragraph id="H05925AF5C05F47A9B468F52D0B5EE540"><enum>(3)</enum><header>Participating loans</header><text>The Secretary shall make available not less than 50,000 and not more than 100,000 loans that meet the delinquency criteria of subsection (a) for this pilot program.</text>
 </paragraph><paragraph id="H7593E5BE53EA4A068AC521D6EF7D7D1F"><enum>(4)</enum><header>Timing</header><text>The Secretary shall select the qualified entity and entities and make available loans under the pilot for their performance within 90 days of the enactment of the Act.</text>
 </paragraph></subsection><subsection id="H7C824B85DA1046AAB9E87464F8C08DDE"><enum>(d)</enum><header>Payments</header><text>Payments to the entity or entities selected to carry out the pilot program under this section may be based on—</text>
 <paragraph id="HF6CCFD393F0F4F69B729E1FB8BD690C4"><enum>(1)</enum><text>a flat amount per covered mortgage;</text> </paragraph><paragraph id="HC4BC2499E1D64445BD96BC07BF06C630"><enum>(2)</enum><text>a performance success basis based on—</text>
 <subparagraph id="HB2B1DC3B6BFE4AF9B1114E734119F2B3"><enum>(A)</enum><text>completed packages; or</text> </subparagraph><subparagraph id="HA9863DB8C94A4D87B7BCF760055DCAAE"><enum>(B)</enum><text>completed loan modifications, pre-foreclosure sales, and deeds in lieu of foreclosure; or</text>
 </subparagraph></paragraph><paragraph id="H4B835BB9F3BD48699D99F80E67F0898F"><enum>(3)</enum><text>a combination of the methods under paragraphs (1) and (2).</text> </paragraph></subsection><subsection id="H53CCA8969F1146CEBABA36F9527C0926"><enum>(e)</enum><header>Prohibition on fees</header><text display-inline="yes-display-inline">Entities selected to participate in the pilot program under this section may not charge any fees or require any payments, directly or indirectly, from the mortgagor or the mortgagee of a covered mortgage in connection any activities under the program.</text>
 </subsection><subsection id="H97A1A569EB904DE6AD2F66C016900320"><enum>(f)</enum><header>HUD review and reporting</header><text>The Secretary shall publish periodic updates on the status of the pilot program under this section, commencing not later than 30 days after the completion of actions under subsections (c)(1) and (c)(3), and thereafter not less often than every 90 days until termination of the pilot program under subsection (h). Not later than 60 days after termination of the pilot program, the Secretary shall submit to the Congress and make publicly available a final report on the pilot program, including information and analysis of performance characteristics, which may include comparisons of estimated asset recovery levels under the pilot program compared to comparable loans not included in the pilot and loans that have gone through loan sales.</text>
 </subsection><subsection id="HA013C2C2FE134EF5AA42EF75C303E93B"><enum>(g)</enum><header>Definitions</header><text>For purposes of this section, the following definitions shall apply:</text> <paragraph id="HD61EA42F9F874E32BAFDEF8E23F719C1"><enum>(1)</enum><header>Covered mortgage</header><text>The term <quote>covered mortgage</quote> means a mortgage on a 1- to 4-family residence insured under subsection (b) or (k) of section 203, section 234(c), or 251 of the National Housing Act (12 U.S.C. 1709 (b) or (k), 1715y(c), 1715z–16).</text>
 </paragraph><paragraph id="HBB896F02F6AA44629956D69A0C793204"><enum>(2)</enum><header>Secretary</header><text>The term <quote>Secretary</quote> means the Secretary of Housing and Urban Development.</text> </paragraph></subsection><subsection id="HC0BBD63F35924820A695CEFC07E4A34D"><enum>(h)</enum><header>Termination</header><text display-inline="yes-display-inline">The Secretary may not make any payments under the pilot program under this section to any qualified entity for any in-person contact with a mortgagor that occurs after the expiration of the 24-month period beginning upon the completion of the actions under subsections (c)(1) and (c)(3).</text>
			</subsection></section></legis-body></bill>


