<?xml version="1.0"?>
<?xml-stylesheet type="text/xsl" href="billres.xsl"?>
<!DOCTYPE bill PUBLIC "-//US Congress//DTDs/bill.dtd//EN" "bill.dtd">
<bill bill-stage="Introduced-in-House" bill-type="olc" dms-id="HA5DE76963C484B3D98330029782969FF" key="H" public-private="public"><metadata xmlns:dc="http://purl.org/dc/elements/1.1/">
<dublinCore>
<dc:title>115 HR 342 IH: No Raise for Congress Act</dc:title>
<dc:publisher>U.S. House of Representatives</dc:publisher>
<dc:date>2017-01-05</dc:date>
<dc:format>text/xml</dc:format>
<dc:language>EN</dc:language>
<dc:rights>Pursuant to Title 17 Section 105 of the United States Code, this file is not subject to copyright protection and is in the public domain.</dc:rights>
</dublinCore>
</metadata>
<form>
<distribution-code display="yes">I</distribution-code><congress display="yes">115th CONGRESS</congress><session display="yes">1st Session</session><legis-num display="yes">H. R. 342</legis-num><current-chamber>IN THE HOUSE OF REPRESENTATIVES</current-chamber><action display="yes"><action-date date="20170105">January 5, 2017</action-date><action-desc><sponsor name-id="S001191">Ms. Sinema</sponsor> (for herself, <cosponsor name-id="M001157">Mr. McCaul</cosponsor>, <cosponsor name-id="B001286">Mrs. Bustos</cosponsor>, <cosponsor name-id="L000554">Mr. LoBiondo</cosponsor>, <cosponsor name-id="R000599">Mr. Ruiz</cosponsor>, and <cosponsor name-id="S000051">Mr. Sanford</cosponsor>) introduced the following bill; which was referred to the <committee-name committee-id="HHA00">Committee on House Administration</committee-name>, and in addition to the Committee on <committee-name committee-id="HGO00">Oversight and Government Reform</committee-name>, for a period to be subsequently determined by the Speaker, in each case for consideration of such
			 provisions as fall within the jurisdiction of the committee concerned</action-desc></action><legis-type>A BILL</legis-type><official-title display="yes">To repeal the provision of law that provides automatic pay adjustments for Members of Congress.</official-title></form>
	<legis-body id="H6E4AF99A11D04673B4F946A4D53661BF" style="OLC">
 <section id="H85E565C529F84FF4B20BD3CA59880E62" section-type="section-one"><enum>1.</enum><header>Short title</header><text display-inline="no-display-inline">This Act may be cited as the <quote><short-title>No Raise for Congress Act</short-title></quote>.</text> </section><section id="H4EAF81C2373C4C159C54073954689003" section-type="subsequent-section"><enum>2.</enum><header>Elimination of automatic pay adjustments for Members of Congress</header> <subsection id="H2F1A829ED3214389B1335BBD9DCA628A"><enum>(a)</enum><header>In General</header><text display-inline="yes-display-inline">Paragraph (2) of section 601(a) of the Legislative Reorganization Act of 1946 (<external-xref legal-doc="usc" parsable-cite="usc/2/4501">2 U.S.C. 4501</external-xref>) is repealed.</text>
 </subsection><subsection id="H4E28AF965D564708BEC5F6B94C90EA16"><enum>(b)</enum><header>Technical and conforming amendments</header><text>Section 601(a)(1) of such Act (<external-xref legal-doc="usc" parsable-cite="usc/2/4501">2 U.S.C. 4501(1)</external-xref>) is amended—</text> <paragraph id="HEE4942371D184496ADED5B4F217E7E19"><enum>(1)</enum><text>by striking <quote>(a)(1)</quote> and inserting <quote>(a)</quote>;</text>
 </paragraph><paragraph id="H70DD9FF9732D48B1911C20B5F5319FA9"><enum>(2)</enum><text display-inline="yes-display-inline">by redesignating subparagraphs (A), (B), and (C) as paragraphs (1), (2), and (3), respectively; and</text> </paragraph><paragraph id="H9B44521208CB4AAC91264B717A1E62B1"><enum>(3)</enum><text>by striking <quote>as adjusted by paragraph (2)</quote> and inserting <quote>adjusted as provided by law</quote>.</text>
 </paragraph></subsection><subsection display-inline="no-display-inline" id="H922B96B5A7CF402A9638DCAC9C9EA6EE"><enum>(c)</enum><header>Effective date</header><text display-inline="yes-display-inline">This section and the amendments made by this section shall take effect December 31, 2016.</text> </subsection></section></legis-body></bill> 

