<?xml version="1.0"?>
<?xml-stylesheet type="text/xsl" href="billres.xsl"?>
<!DOCTYPE bill PUBLIC "-//US Congress//DTDs/bill.dtd//EN" "bill.dtd">
<bill bill-stage="Introduced-in-House" bill-type="olc" dms-id="HE093472BE9E64D5EB51406F4042E08F5" key="H" public-private="public"><metadata xmlns:dc="http://purl.org/dc/elements/1.1/">
<dublinCore>
<dc:title>115 HR 741 IH: Rural Hospital Regulatory Relief Act of 2017</dc:title>
<dc:publisher>U.S. House of Representatives</dc:publisher>
<dc:date>2017-01-30</dc:date>
<dc:format>text/xml</dc:format>
<dc:language>EN</dc:language>
<dc:rights>Pursuant to Title 17 Section 105 of the United States Code, this file is not subject to copyright protection and is in the public domain.</dc:rights>
</dublinCore>
</metadata>
<form>
<distribution-code display="yes">I</distribution-code><congress display="yes">115th CONGRESS</congress><session display="yes">1st Session</session><legis-num display="yes">H. R. 741</legis-num><current-chamber>IN THE HOUSE OF REPRESENTATIVES</current-chamber><action display="yes"><action-date date="20170130">January 30, 2017</action-date><action-desc><sponsor name-id="J000290">Ms. Jenkins of Kansas</sponsor> (for herself, <cosponsor name-id="L000565">Mr. Loebsack</cosponsor>, and <cosponsor name-id="S001172">Mr. Smith of Nebraska</cosponsor>) introduced the following bill; which was referred to the <committee-name committee-id="HIF00">Committee on Energy and Commerce</committee-name>, and in addition to the Committee on <committee-name committee-id="HWM00">Ways and Means</committee-name>, for a period to be subsequently determined by the Speaker, in each case for consideration of such
			 provisions as fall within the jurisdiction of the committee concerned</action-desc></action><legis-type>A BILL</legis-type><official-title display="yes">To amend title XVIII of the Social Security Act to provide for a permanent extension of the
			 enforcement instruction on Medicare supervision requirements for
			 outpatient therapeutic services in critical access and small rural
			 hospitals.</official-title></form>
	<legis-body id="HA0920D8583A64FCB954ADB7A517B4B4F" style="OLC">
 <section id="H431969AC980241939E02C06BA00456AB" section-type="section-one"><enum>1.</enum><header>Short title</header><text display-inline="no-display-inline">This Act may be cited as the <quote><short-title>Rural Hospital Regulatory Relief Act of 2017</short-title></quote>.</text> </section><section commented="no" display-inline="no-display-inline" id="HA9AF031A100849988B545DA45731FEF1"><enum>2.</enum><header display-inline="yes-display-inline">Permanent extension of enforcement instruction on Medicare supervision requirements for outpatient therapeutic services in critical access and small rural hospitals</header> <subsection id="HBBCCC53A94304E47B78A8091DC92B51C"><enum>(a)</enum><header>In general</header><text display-inline="yes-display-inline">Section 1834 of the Social Security Act (<external-xref legal-doc="usc" parsable-cite="usc/42/1395m">42 U.S.C. 1395m</external-xref>) is amended by adding at the end the following new subsection:</text>
				<quoted-block display-inline="no-display-inline" id="HE9A172C787474D01978977E9A36A4672" style="OLC">
					<subsection commented="no" display-inline="no-display-inline" id="H25FA1C413593455F967D810126922154"><enum>(t)</enum><header>Permanent extension of enforcement instruction on supervision requirements for outpatient
 therapeutic services in critical access and small rural hospitals</header><text>On and after January 1, 2017, the Secretary shall continue to apply the enforcement instruction described in the notice of the Centers for Medicare &amp; Medicaid Services entitled <quote>Enforcement Instruction on Supervision Requirements for Outpatient Therapeutic Services in Critical Access and Small Rural Hospitals for CY 2013</quote>, dated November 1, 2012 (providing for an exception to the restatement and clarification under the final rulemaking changes to the Medicare hospital outpatient prospective payment system and calendar year 2009 payment rates (published in the Federal Register on November 18, 2008, 73 Fed. Reg. 68702 through 68704) with respect to requirements for direct supervision by physicians for therapeutic hospital outpatient services), as previously extended under section 1 of <external-xref legal-doc="public-law" parsable-cite="pl/113/198">Public Law 113–198</external-xref>, as amended by section 1 of <external-xref legal-doc="public-law" parsable-cite="pl/114/112">Public Law 114–112</external-xref> and section 16004(a) of the 21st Century Cures Act (<external-xref legal-doc="public-law" parsable-cite="pl/114/255">Public Law 114–255</external-xref>).</text></subsection><after-quoted-block>.</after-quoted-block></quoted-block>
 </subsection><subsection id="H894338896CB246798D6BC1FA1948F9DB"><enum>(b)</enum><header>Repeal of required report</header><text>Section 16004 of the 21st Century Cures Act (<external-xref legal-doc="public-law" parsable-cite="pl/114/255">Public Law 114–255</external-xref>) is amended by striking subsection (b).</text>
			</subsection></section></legis-body></bill>


