<?xml version="1.0"?>
<?xml-stylesheet type="text/xsl" href="billres.xsl"?>
<!DOCTYPE bill PUBLIC "-//US Congress//DTDs/bill.dtd//EN" "bill.dtd">
<bill bill-stage="Introduced-in-House" bill-type="olc" dms-id="H3232E1DBC42A4CB3BC9AD687E4C9DE00" key="H" public-private="public"><metadata xmlns:dc="http://purl.org/dc/elements/1.1/">
<dublinCore>
<dc:title>115 HR 201 IH: Supporting America’s Young Entrepreneurs Act of 2017</dc:title>
<dc:publisher>U.S. House of Representatives</dc:publisher>
<dc:date>2017-01-03</dc:date>
<dc:format>text/xml</dc:format>
<dc:language>EN</dc:language>
<dc:rights>Pursuant to Title 17 Section 105 of the United States Code, this file is not subject to copyright protection and is in the public domain.</dc:rights>
</dublinCore>
</metadata>
<form>
<distribution-code display="yes">I</distribution-code><congress display="yes">115th CONGRESS</congress><session display="yes">1st Session</session><legis-num display="yes">H. R. 201</legis-num><current-chamber>IN THE HOUSE OF REPRESENTATIVES</current-chamber><action display="yes"><action-date date="20170103">January 3, 2017</action-date><action-desc><sponsor name-id="V000081">Ms. Velázquez</sponsor> (for herself, <cosponsor name-id="S000248">Mr. Serrano</cosponsor>, and <cosponsor name-id="N000179">Mrs. Napolitano</cosponsor>) introduced the following bill; which was referred to the <committee-name committee-id="HED00">Committee on Education and the Workforce</committee-name>, and in addition to the Committees on <committee-name committee-id="HBA00">Financial Services</committee-name>, <committee-name committee-id="HWM00">Ways and Means</committee-name>, and <committee-name committee-id="HSM00">Small Business</committee-name>, for a period to be subsequently determined by the Speaker, in each case for consideration of such
			 provisions as fall within the jurisdiction of the committee concerned</action-desc></action><legis-type>A BILL</legis-type><official-title display="yes">To amend the Higher Education Act of 1965 to provide loan deferment and loan cancellation for
			 founders and employees of small business start-ups, and for other
			 purposes.</official-title></form>
	<legis-body id="H7A117E544A7D4CC48EA4279F5A09831C" style="OLC">
 <section id="HB918F2F6D472451096E59654998EABE8" section-type="section-one"><enum>1.</enum><header>Short title</header><text display-inline="no-display-inline">This Act may be cited as the <quote><short-title>Supporting America’s Young Entrepreneurs Act of 2017</short-title></quote>.</text> </section><section id="H657097FA63834C7F9E690D3B40E0DFB2"><enum>2.</enum><header>Small business start-up employee loan deferment and cancellation</header> <subsection id="H1C5440FA37704C9F9B9D9B0D431B3F78"><enum>(a)</enum><header>Deferment</header><text display-inline="yes-display-inline">Section 455(f) of the Higher Education Act of 1965 (<external-xref legal-doc="usc" parsable-cite="usc/20/1087e">20 U.S.C. 1087e(f)</external-xref>) is amended—</text>
 <paragraph id="H42AC034C2B224F0B946AA3A1F82956CB"><enum>(1)</enum><text>in paragraph (1), by striking <quote>A borrower of a loan</quote> and inserting <quote>Except as provided in paragraph (5), a borrower of a loan</quote>; and</text> </paragraph><paragraph id="H647CE0722C734270966FC535AFB6A4B3"><enum>(2)</enum><text>by adding at the end the following:</text>
					<quoted-block display-inline="no-display-inline" id="H6908E8D55DE44152A2647428C49AA03C" style="OLC">
 <paragraph id="HB80F69D52AA14B628535C3D2DBF704E1"><enum>(5)</enum><header>No interest deferment eligibility for founders of small business start-ups</header><text display-inline="yes-display-inline">A borrower of a loan made under this part shall be eligible for a deferment, during which periodic installments of principal and interest need not be paid, during any period not in excess of 3 years during which the borrower is employed as a founder of a small business start-up (as defined in subsection (r)(3)).</text></paragraph><after-quoted-block>.</after-quoted-block></quoted-block>
 </paragraph></subsection><subsection id="H5D4B852DE63042588FD47DECC6496513"><enum>(b)</enum><header>Loan cancellation</header><text display-inline="yes-display-inline">Section 455 of the Higher Education Act of 1965 (<external-xref legal-doc="usc" parsable-cite="usc/20/1087e">20 U.S.C. 1087e</external-xref>) is amended by adding at the end the following:</text>
				<quoted-block display-inline="no-display-inline" id="HC9B74BFA05C04697890A05A62D30A43E" style="OLC">
					<subsection id="HBAF54F21444149FBB469B5B37D851698"><enum>(r)</enum><header>Loan cancellation for certain small business start-Up employees</header>
						<paragraph id="H2D3299FDAA1F4946AC123F3F35C39C9C"><enum>(1)</enum><header>Founder of a small business start-up in a distressed area</header>
 <subparagraph id="H9CD15B8D18C944B4A7905F291364BDFB"><enum>(A)</enum><header>In general</header><text>The Secretary shall cancel $20,000 of the balance of interest and principal due, in accordance with subparagraph (B), on any eligible Federal Direct Loan not in default for a borrower who—</text>
 <clause id="HEB5C71875426479DB04BA0EAA190158C"><enum>(i)</enum><text display-inline="yes-display-inline">has made 24 monthly payments on the eligible Federal Direct Loan after the date of the enactment of this subsection pursuant to any one or a combination of payments under a repayment plan under subsection (d)(1) or (g);</text>
 </clause><clause id="H0C1637C9D1054DD1A4980450F608C45E"><enum>(ii)</enum><text>has been employed as a founder of a small business start-up in a distressed area during the period in which the borrower makes each of the 24 payments;</text>
 </clause><clause id="H4D888B8EF108486A851F47C371D792F0"><enum>(iii)</enum><text>is employed as a founder of a small business start-up in a distressed area at the time of such cancellation; and</text>
 </clause><clause id="H17ED4A6EE7544B419A4CDDC2C65D1984"><enum>(iv)</enum><text display-inline="yes-display-inline">is approved for loan cancellation by the young entrepreneurs business center under section 47 of the Small Business Act (<external-xref legal-doc="usc" parsable-cite="usc/16/631">16 U.S.C. 631 et seq.</external-xref>).</text>
								</clause></subparagraph><subparagraph id="H8A4222E66B6D4EEAB0B6A0F1CB6EDD22"><enum>(B)</enum><header>Loan cancellation amount</header>
 <clause id="HD60197F5FFEB48FFBDF8CD37027EF440"><enum>(i)</enum><header>In general</header><text>After the conclusion of the employment period described in subparagraph (A), the Secretary shall cancel the obligation to repay $20,000 of the balance of interest and principal due as of the time of such cancellation, on the eligible Federal Direct Loans made to the borrower under this part.</text>
 </clause><clause id="H4106EF395B584481B7BCBCFBA510FD0F"><enum>(ii)</enum><header>Limitation</header><text>A borrower may not receive an aggregate amount of more than $20,000 under this subparagraph.</text> </clause></subparagraph><subparagraph commented="no" id="HAE7ADD092D3B4C89847BC529C0D349C4"><enum>(C)</enum><header>Ineligibility for double benefits</header><text display-inline="yes-display-inline">No borrower may, for the same service, receive a reduction of loan obligations under both this paragraph and—</text>
 <clause commented="no" id="HD38D210EB82C424B99A33F123929AA9C"><enum>(i)</enum><text>paragraph (2);</text> </clause><clause commented="no" id="H960363170BE8435EAF15AB2C9BCFDA29"><enum>(ii)</enum><text>subsection (m); or</text>
 </clause><clause commented="no" id="H6C231ED78A7E4DF49FA454B55A02BD31"><enum>(iii)</enum><text>section 428J, 428K, 428L, or 460.</text> </clause></subparagraph></paragraph><paragraph id="H810D62BBCDC3450B897A40537B92528E"><enum>(2)</enum><header>Employee of a small business start-up</header> <subparagraph id="H404D86F880CF4921B97BE8766606B5F8"><enum>(A)</enum><header>In general</header><text display-inline="yes-display-inline">The Secretary shall cancel $3,000 of the balance of interest and principal due, in accordance with subparagraph (B), on any eligible Federal Direct Loan not in default for a borrower who—</text>
 <clause id="HA6AD2C7E2CD64A5F99D2E269428036FB"><enum>(i)</enum><text display-inline="yes-display-inline">has made 12 monthly payments on the eligible Federal Direct Loan after the date of the enactment of this subsection pursuant to any one or a combination of payments under a repayment plan under subsection (d)(1) or (g);</text>
 </clause><clause id="HEAB56496DE3044959B8D11F75C2A1EDC"><enum>(ii)</enum><text>has been employed in a small business start-up job during the period in which the borrower makes each of the 12 payments; and</text>
 </clause><clause id="H213A4962B8484D6A8B48956D4A629F8A"><enum>(iii)</enum><text>is employed in a small business start-up job at the time of such cancellation.</text> </clause></subparagraph><subparagraph id="HBED9C7D31B5648A39F06EDB26060EE9A"><enum>(B)</enum><header>Loan cancellation amount</header> <clause id="H0C6CB148203142DC84F8529797DA2597"><enum>(i)</enum><header>In general</header><text>After the conclusion of the employment period described in subparagraph (A), the Secretary shall cancel the obligation to repay $3,000 of the balance of interest and principal due as of the time of such cancellation, on the eligible Federal Direct Loans made to the borrower under this part.</text>
 </clause><clause id="H893DDA0A860C4E9C94DC008BDF3DF604"><enum>(ii)</enum><header>Limitation</header><text display-inline="yes-display-inline">A borrower may not receive an aggregate amount of more than $15,000 under this subparagraph.</text> </clause></subparagraph><subparagraph commented="no" id="H527661A4F49D456183CFE1EC2A274174"><enum>(C)</enum><header>Ineligibility for double benefits</header><text display-inline="yes-display-inline">No borrower may, for the same service, receive a reduction of loan obligations under both this paragraph and—</text>
 <clause commented="no" id="H52B577CE69DC4C65A6EDC7B10FFE5589"><enum>(i)</enum><text>paragraph (1);</text> </clause><clause commented="no" id="H77DE2A213A15416D816222D2A35B3439"><enum>(ii)</enum><text>subsection (m); or</text>
 </clause><clause commented="no" id="H38971BF52A694ECABBA3184AC5753EA8"><enum>(iii)</enum><text display-inline="yes-display-inline">section 428J, 428K, 428L, or 460.</text> </clause></subparagraph></paragraph><paragraph id="H67F50A344A6B4A9E84DC930433D71781"><enum>(3)</enum><header>Definitions</header><text>In this subsection:</text>
 <subparagraph id="H0663ECEC756C4574AD88E14D368010C5"><enum>(A)</enum><header>Distressed area</header><text>The term <term>distressed area</term> means an area identified under section 47 of the Small Business Act (<external-xref legal-doc="usc" parsable-cite="usc/16/631">16 U.S.C. 631 et seq.</external-xref>).</text> </subparagraph><subparagraph id="H5B26BBA8343046E0B5CEA9B6FF9C578B"><enum>(B)</enum><header>Eligible Federal Direct Loan</header><text display-inline="yes-display-inline">The term <term>eligible Federal Direct Loan</term> means a Federal Direct Stafford Loan, Federal Direct PLUS Loan, or Federal Direct Unsubsidized Stafford Loan, or a Federal Direct Consolidation Loan.</text>
 </subparagraph><subparagraph id="H273D5347347047088477833CEA42D8CB"><enum>(C)</enum><header>Founder</header><text>The term <term>founder</term> shall have the meaning given such term by the Administrator of the Small Business Administration under this paragraph.</text>
 </subparagraph><subparagraph id="H65B86AD682E44E37A23018FFA3695B0B"><enum>(D)</enum><header>Small business start-up</header><text>The term <term>small business start-up</term> means a business that is certified by the young entrepreneurs business center under section 47 of the Small Business Act (<external-xref legal-doc="usc" parsable-cite="usc/16/631">16 U.S.C. 631 et seq.</external-xref>).</text>
 </subparagraph><subparagraph id="HEDC635DC09524ADBA8698E18505989EC"><enum>(E)</enum><header>Small business start-up job</header><text>The term <term>small business start-up job</term> means a full-time job as an employee of a small business start-up.</text></subparagraph></paragraph></subsection><after-quoted-block>.</after-quoted-block></quoted-block> </subsection></section><section commented="no" id="H1D9BB860E363428C9C2190662CB3329C"><enum>3.</enum><header>Loan refinancing</header> <subsection id="H0639A84CBB23464D833C5F03E64241C5"><enum>(a)</enum><header>In general</header><text display-inline="yes-display-inline">Part D of title IV of the Higher Education Act of 1965 is amended by adding at the end the following:</text>
				<quoted-block display-inline="no-display-inline" id="HDA342E37828B4BD28842D8C3F4582A59" style="OLC">
					<section commented="no" id="H5CA86104A22A48BCBCF5C98711AD27D1"><enum>460.</enum><header>Federal Direct Refinanced Private Loan program</header>
 <subsection commented="no" id="H9FE812B93C584F5B961528DCC95939F1"><enum>(a)</enum><header>Definitions</header><text display-inline="yes-display-inline">In this section:</text> <paragraph commented="no" id="HA15D03F3E5C6414A98E0F737B496045E"><enum>(1)</enum><header>Eligible private education loan</header><text display-inline="yes-display-inline">The term <term>eligible private education loan</term> means a private education loan, as defined in section 140(a) of the Truth in Lending Act (<external-xref legal-doc="usc" parsable-cite="usc/15/1650">15 U.S.C. 1650(a)</external-xref>), that was for the borrower’s own postsecondary educational expenses for an eligible program at an institution of higher education participating in the loan program under this part, as of the date that the loan was disbursed.</text>
 </paragraph><paragraph commented="no" id="H20A8EF0D549D469091C6F47D80CDF242"><enum>(2)</enum><header>Federal Direct Refinanced Private Loan</header><text>The term <term>Federal Direct Refinanced Private Loan</term> means a loan issued under subsection (b)(1).</text> </paragraph><paragraph commented="no" id="H0F007E7013AA4A9B932D61E216E8C786"><enum>(3)</enum><header>Private educational lender</header><text>The term <term>private educational lender</term> has the meaning given the term in section 140(a) of the Truth in Lending Act (<external-xref legal-doc="usc" parsable-cite="usc/15/1650">15 U.S.C. 1650(a)</external-xref>).</text>
 </paragraph><paragraph commented="no" id="HA016EB6995CA4489A31BB6B15DC6348F"><enum>(4)</enum><header>Qualified borrower</header><text>The term <term>qualified borrower</term> means an individual who—</text> <subparagraph id="H416769E8E63C4844ABDF634017E45781"><enum>(A)</enum><text>has an eligible private education loan;</text>
 </subparagraph><subparagraph commented="no" id="H742BABD9E9DD47E985974AC9FAF16605"><enum>(B)</enum><text>has been current on payments on the eligible private education loan for the 6 months prior to the date of the qualified borrower's application for refinancing under this section, and is in good standing on the loan at the time of such application;</text>
 </subparagraph><subparagraph commented="no" id="HCF0E188486DE4652A2B36230780FE5C9"><enum>(C)</enum><text>is not in default on the eligible private education loan or on any loan made, insured, or guaranteed under this part or part B or E; and</text>
 </subparagraph><subparagraph commented="no" id="H3B8BEF0554CE476BA4369D14D17BF8F7"><enum>(D)</enum><text>meets the eligibility requirements described in subsection (b)(2).</text> </subparagraph></paragraph></subsection><subsection commented="no" id="HC12F81AF77764D0E95C8BA3993DD530D"><enum>(b)</enum><header>Program authorized</header> <paragraph commented="no" id="H42219EB56A7447D0B0234C820B20363E"><enum>(1)</enum><header>In general</header><text display-inline="yes-display-inline">The Secretary, in consultation with the Secretary of the Treasury, shall carry out a program under which the Secretary, upon application by a qualified borrower who has an eligible private education loan, shall issue such borrower a loan under this part in accordance with the following:</text>
 <subparagraph commented="no" id="H76BCE14B34634E388D581F2100E4A6D6"><enum>(A)</enum><text>The loan issued under this program shall be in an amount equal to the sum of the unpaid principal, accrued unpaid interest, and late charges of the private education loan.</text>
 </subparagraph><subparagraph commented="no" id="HE7E1EEA90D8E448898197B75EAE1C1C2"><enum>(B)</enum><text>The Secretary shall pay the proceeds of the loan issued under this program to the private educational lender of the private education loan, in order to discharge the qualified borrower from any remaining obligation to the private educational lender with respect to the original private education loan.</text>
 </subparagraph><subparagraph commented="no" id="H7C132D55AC4541CDA216B401F346085D"><enum>(C)</enum><text>The Secretary shall require that the qualified borrower undergo loan counseling that provides all of the information and counseling required under clauses (i) through (viii) of section 485(b)(1)(A) before the loan is refinanced in accordance with this section, and before the proceeds of such loan are paid to the private educational lender.</text>
 </subparagraph><subparagraph commented="no" id="H693FD70FD94146D7833D5EA8A7B7966B"><enum>(D)</enum><text>The Secretary shall issue the loan as a Federal Direct Refinanced Private Loan, which shall have the same terms, conditions, and benefits as a Federal Direct Subsidized Loan, except as otherwise provided in this section.</text>
 </subparagraph></paragraph><paragraph commented="no" id="HBF1830BA189F4574A0CF474EF1516745"><enum>(2)</enum><header>Borrower eligibility</header><text>Not later than 180 days after the date of the enactment of this section, the Secretary, in consultation with the Secretary of the Treasury and the Director of the Bureau of Consumer Financial Protection, shall establish eligibility requirements—</text>
 <subparagraph commented="no" id="H7292385819B841E8A987B1C3904BDE6F"><enum>(A)</enum><text>to ensure eligibility only for qualified borrowers in good standing;</text> </subparagraph><subparagraph commented="no" id="H94C654D1389A4556835E8B37C1F4D2F1"><enum>(B)</enum><text>to minimize inequities between Federal Direct Refinanced Private Loans and other Federal student loans;</text>
 </subparagraph><subparagraph commented="no" id="H16C1BADE95AB4AEF8871F236D2082297"><enum>(C)</enum><text>to preclude windfall profits for private educational lenders; and</text> </subparagraph><subparagraph commented="no" id="HC206196814BE47C79A224014B92E06E7"><enum>(D)</enum><text>to ensure full access to the program authorized in this subsection for borrowers with private loans who otherwise meet the criteria established in accordance with subparagraphs (A) and (B).</text>
								</subparagraph></paragraph></subsection><subsection commented="no" id="HF1D517A2BB8440C191F3AEE1FF826858"><enum>(c)</enum><header>Interest rate</header>
 <paragraph commented="no" id="H75D0260556A348D5AF4B2350C7E27EBB"><enum>(1)</enum><header>In general</header><text>The interest rate for a Federal Direct Refinanced Private Loan is, in the case a private education loan originally issued for undergraduate, graduate, or professional degree posts econdary educational expenses, a rate equal to the rate for Federal Direct Subsidized Stafford Loans issued to undergraduate students for the 12-month period beginning on July 1, 2016, and ending on June 30, 2017.</text>
 </paragraph><paragraph commented="no" id="HA023BEB9949148C3BE21463BCFDEA17C"><enum>(2)</enum><header>Fixed Rate</header><text>The applicable rate of interest determined under this subsection for a Federal Direct Refinanced Private Loan shall be fixed for the period of the loan.</text>
 </paragraph></subsection><subsection commented="no" id="HEF9C32F74DBB4A6CA8DD1AD879C07AB4"><enum>(d)</enum><header>Treatment of loans</header><text display-inline="yes-display-inline">Nothing in this section shall affect the ability of a borrower to qualify for loan repayment under a repayment plan under subsection (d)(1) or (g) of section 455.</text></subsection></section><after-quoted-block>.</after-quoted-block></quoted-block>
 </subsection><subsection id="H782EC7D9FE29475B82929D0365730A19"><enum>(b)</enum><header>Notice of potential eligibility</header><text display-inline="yes-display-inline">Section 128(e) of the Truth in Lending Act (<external-xref legal-doc="usc" parsable-cite="usc/15/1638">15 U.S.C. 1638(e)</external-xref>) is amended by adding at the end the following new paragraph:</text>
				<quoted-block display-inline="no-display-inline" id="H7D89AA72A065454FA86DB172B5127725" style="OLC">
 <paragraph id="H6EF3CA0EA88A43D78136E43A156ED498"><enum>(12)</enum><header>Notice required along with billing statements</header><text display-inline="yes-display-inline">Along with each billing statement sent to the borrower, the private educational lender shall include a statement informing the borrower that the borrower may be eligible for the Federal Direct Refinanced Private Loan program established under section 460 of the Higher Education Act of 1965.</text></paragraph><after-quoted-block>.</after-quoted-block></quoted-block>
 </subsection></section><section id="H2D879FC4731746E08D98172083528F81"><enum>4.</enum><header>Young entrepreneurs business center</header><text display-inline="no-display-inline">The Small Business Act (<external-xref legal-doc="usc" parsable-cite="usc/15/631">15 U.S.C. 631 et seq.</external-xref>) is amended—</text> <paragraph id="H3D8C5FD17EBA4172928105217E35177B"><enum>(1)</enum><text>by redesignating section 47 as section 48; and</text>
 </paragraph><paragraph id="H3A0CFDA5EE404500B9BA216AF50B39F2"><enum>(2)</enum><text>by inserting after section 46 the following:</text> <quoted-block display-inline="no-display-inline" id="H1559493C96BA4C41BF1CAD8F35D0728E" style="OLC"> <section id="H92CA8B0179B34376A034EE1EE2C93658"><enum>47.</enum><header>Young entrepreneurs business center</header> <subsection id="HE60A21AAEDB74DF88BCA8F704AC3CBFF"><enum>(a)</enum><header>Establishment</header><text display-inline="yes-display-inline">There is established within the Administration a young entrepreneurs business center that shall, for purposes of loan cancellation for start-up employees established under subsection (r) of section 455 of the Higher Education Act of 1965 (<external-xref legal-doc="usc" parsable-cite="usc/20/1087e">20 U.S.C. 1087e</external-xref>)—</text>
 <paragraph id="HA9069F49654B4424B88B123A885C7DEE"><enum>(1)</enum><text>certify small business start-ups under subsection (b);</text> </paragraph><paragraph id="H264961864E964690B7E6ED9C521391CB"><enum>(2)</enum><text>identify distressed areas under subsection (c); and</text>
 </paragraph><paragraph id="H288C84C4B31F47F4964E35CCC406B31C"><enum>(3)</enum><text>approve loan cancellation for founders of small business start-ups in distressed areas under subsection (d).</text>
							</paragraph></subsection><subsection id="HB0372495D7404B69A67061803607E40A"><enum>(b)</enum><header>Certification</header>
 <paragraph id="HB69A55A304874F55AC97F7BB64749365"><enum>(1)</enum><header>Application</header><text>To be certified by the young entrepreneurs business center, a small business start-up shall submit an application to the Administrator that includes—</text>
 <subparagraph id="HEA33E5A3BDA24325A6E450B001C7686E"><enum>(A)</enum><text>a 5-year business plan for such small business start-up; and</text> </subparagraph><subparagraph id="H60A7E90A47B24D2F94D36FF97F8BA2E0"><enum>(B)</enum><text>the number of employees the small business start-up intends to employ on a yearly basis.</text>
 </subparagraph></paragraph><paragraph id="HB16F428C845546999E588C99E17580F7"><enum>(2)</enum><header>Requirements</header><text display-inline="yes-display-inline">The young entrepreneurs business center may not certify a small business start-up unless such small business start-up, on the date the application is submitted under paragraph (1)—</text>
 <subparagraph id="H29E7C1268606490ABF5B79C36CD9814E"><enum>(A)</enum><text>has a founder who is a recent graduate of a 4-year institution of higher education;</text> </subparagraph><subparagraph id="H429B87013D8C47C8825D06793354EDA4"><enum>(B)</enum><text display-inline="yes-display-inline">is a start-up for which at least 50 percent of the employees of the start-up are recent graduates of such an institution.</text>
								</subparagraph></paragraph></subsection><subsection id="HE99D0B1EFBB64D479A995CCC705F13F8"><enum>(c)</enum><header>Distressed area</header>
 <paragraph id="H18406882EBBC4636ADB01E57A978F75D"><enum>(1)</enum><header>In general</header><text>Not less than once every 3 years after the date of the enactment of this section, the young entrepreneurs business center shall identify and make publically available on the website of the Administration a list of distressed areas.</text>
 </paragraph><paragraph id="HC36050BF9DB44DB88A649865832E3AC9"><enum>(2)</enum><header>Requirements</header><text display-inline="yes-display-inline">A distressed area identified under paragraph (1) shall be a county or equivalent division of local government of a State in which the small business concern is located that—</text>
 <subparagraph id="HDA13AD1635B3443F9869B00BAF2207F7"><enum>(A)</enum><text>has, for the most recent 24-month period for which statistics are available—</text> <clause id="H7428E2E4AA2B4636846A52B14F4BCB8E"><enum>(i)</enum><text>a per capita income of 80 percent or less of the national average; or</text>
 </clause><clause id="H0765E5B6465640F7AE4B71E02C17B95D"><enum>(ii)</enum><text>an unemployment rate that is 1 percent greater than the national average; and</text> </clause></subparagraph><subparagraph id="H40C2EB6610024DB99BBBA6C441233B3E"><enum>(B)</enum><text>the young entrepreneurs business center determines would economically benefit from having small business start-ups established in such area.</text>
 </subparagraph></paragraph></subsection><subsection id="H0EF586DED9004EC5BC6D147D5F9F08FD"><enum>(d)</enum><header>Loan cancellation for founders of a small business start-Up in a distressed area</header><text>For purposes of loan cancellation under subsection (r)(1) of section 455 of the Higher Education Act of 1965 (<external-xref legal-doc="usc" parsable-cite="usc/20/1087e">20 U.S.C. 1087e</external-xref>) the young entrepreneurs business center shall approve a founder of a small business start-up in a distressed area if such founder—</text>
 <paragraph id="H265298008F4540C7A4C31986F73241EF"><enum>(1)</enum><text display-inline="yes-display-inline">established a small business start-up that—</text> <subparagraph id="HF2F907ABA32E4D2B87877A5F244A00FD"><enum>(A)</enum><text>on the date such small business start-up was established, was located in a distressed area identified by the young entrepreneurs business center under subsection (c) not more than 3 years before such date of establishment;</text>
 </subparagraph><subparagraph id="H4A7660CC156C412183D378F1ACC82C95"><enum>(B)</enum><text>was certified under subsection (b); and</text> </subparagraph><subparagraph id="HF1F3251ADDFE42B2859B4F53CB26C7F0"><enum>(C)</enum><text>on the date of approval under this subsection, has been operating continuously for not less than 5 years; and</text>
 </subparagraph></paragraph><paragraph id="H57C3D7220C7D47A097314359BB225BC9"><enum>(2)</enum><text>was employed as a founder of a small business start-up in a distressed area during the period in which such founder made the 24 payments described in subsection (r)(1)(A) of such section 455.</text>
 </paragraph></subsection><subsection id="HA8108C7614D548AC99F9FE47DDF19811"><enum>(e)</enum><header>Definitions</header><text display-inline="yes-display-inline">In this section:</text> <paragraph commented="no" id="H5DA80956C0614188B338C01DD52B4E36"><enum>(1)</enum><header>Institution of higher education</header><text>The term <term>institution of higher education</term> has the meaning given such term in section 102 of the Higher Education Act (<external-xref legal-doc="usc" parsable-cite="usc/20/1002">20 U.S.C. 1002</external-xref>).</text>
 </paragraph><paragraph commented="no" id="HFCE5F797882942628F6F0856EDE4ADEE"><enum>(2)</enum><header>Small business start-up</header><text display-inline="yes-display-inline">The term <term>small business start-up</term> means a small business concern that—</text> <subparagraph commented="no" id="H8F31A091DDB84966A2D5D7271BAA8005"><enum>(A)</enum><text>is not yet in existence; or</text>
 </subparagraph><subparagraph commented="no" id="H38C34A4175FA44F4949F45D215153ABB"><enum>(B)</enum><text>has been in existence for not more than 3 years.</text></subparagraph></paragraph></subsection></section><after-quoted-block>.</after-quoted-block></quoted-block> </paragraph></section><section id="HDB2BBED6BDD44440ABDDD6962DCAD7C0"><enum>5.</enum><header>Treatment of loan cancellation</header> <subsection id="HE861879DA0D2481C91385031451B1D50"><enum>(a)</enum><header>In general</header><text display-inline="yes-display-inline"><external-xref legal-doc="usc" parsable-cite="usc/26/108">Section 108(f)</external-xref> of the Internal Revenue Code of 1986 is amended by adding at the end the following new paragraph:</text>
				<quoted-block display-inline="no-display-inline" id="H377C940C131C4460B6561D2477606162" style="OLC">
 <paragraph id="H5F152AE5D9BB4C8483515DB4500CDE61"><enum>(5)</enum><header>Cancellation of certain Federal student loans</header><text display-inline="yes-display-inline">In the case of an individual, gross income shall not include the discharge (in whole or in part) of any student loan pursuant to the cancellation (in whole or in part) of such loan by the Secretary of Education under subsection (r) of section 455 of the Higher Education Act of 1965 (<external-xref legal-doc="usc" parsable-cite="usc/20/1087e">20 U.S.C. 1087e</external-xref>).</text></paragraph><after-quoted-block>.</after-quoted-block></quoted-block>
 </subsection><subsection id="HA05DAB05E4EB448BA8A598455047D092"><enum>(b)</enum><header>Effective date</header><text>The amendment made by this section shall apply to discharges of indebtedness occurring after the date of the enactment of this Act.</text>
			</subsection></section></legis-body></bill>


