<?xml version="1.0"?>
<?xml-stylesheet type="text/xsl" href="billres.xsl"?>
<!DOCTYPE bill PUBLIC "-//US Congress//DTDs/bill.dtd//EN" "bill.dtd">
<bill bill-stage="Introduced-in-House" bill-type="olc" dms-id="HD106FCF166A7496B918F4003BA49FD91" key="H" public-private="public"><metadata xmlns:dc="http://purl.org/dc/elements/1.1/">
<dublinCore>
<dc:title>115 HR 92 IH: CHAMPVA Children’s Protection Act of 2017</dc:title>
<dc:publisher>U.S. House of Representatives</dc:publisher>
<dc:date>2017-01-03</dc:date>
<dc:format>text/xml</dc:format>
<dc:language>EN</dc:language>
<dc:rights>Pursuant to Title 17 Section 105 of the United States Code, this file is not subject to copyright protection and is in the public domain.</dc:rights>
</dublinCore>
</metadata>
<form>
<distribution-code display="yes">I</distribution-code><congress display="yes">115th CONGRESS</congress><session display="yes">1st Session</session><legis-num display="yes">H. R. 92</legis-num><current-chamber>IN THE HOUSE OF REPRESENTATIVES</current-chamber><action display="yes"><action-date date="20170103">January 3, 2017</action-date><action-desc><sponsor name-id="B001285">Ms. Brownley of California</sponsor> (for herself and <cosponsor name-id="W000799">Mr. Walz</cosponsor>) introduced the following bill; which was referred to the <committee-name committee-id="HVR00">Committee on Veterans' Affairs</committee-name></action-desc></action><legis-type>A BILL</legis-type><official-title display="yes">To amend title 38, United States Code, to increase the maximum age for children eligible for
			 medical care under the CHAMPVA program.</official-title></form>
	<legis-body id="HED2EA0DBEC514666A4E1C4BBF1C8248D" style="OLC">
 <section id="HFC3FA7434591402BAD4A4E6034AA5F49" section-type="section-one"><enum>1.</enum><header>Short title</header><text display-inline="no-display-inline">This Act may be cited as the <quote><short-title>CHAMPVA Children’s Protection Act of 2017</short-title></quote>.</text> </section><section id="HDD84F5520B8C48C690CF23F924EA8CAA"><enum>2.</enum><header>Increase of maximum age for children eligible for medical care under CHAMPVA program</header> <subsection id="H03CD0DBF49FA4C0E94425C5F57C49DD3"><enum>(a)</enum><header>Increase</header><text>Section 1781(c) of title 38, United States Code, is amended—</text>
 <paragraph id="H588A1C4087B64C1483B2BFCA36075AE9"><enum>(1)</enum><text>by striking <quote>twenty-three</quote> and inserting <quote>twenty-six</quote>; and</text> </paragraph><paragraph id="H7C62EED0340A4BA3AE0D91A42715AC4E"><enum>(2)</enum><text>by striking <quote>twenty-third birthday</quote> and inserting <quote>twenty-sixth birthday</quote>.</text>
 </paragraph></subsection><subsection id="HBA0724CA38504F19A42BB708CC0E7121"><enum>(b)</enum><header>Effective Date</header><text>The amendments made by subsection (a) shall apply with respect to medical care provided on or after the date of the enactment of this Act.</text>
			</subsection></section></legis-body></bill>


