<?xml version="1.0"?>
<?xml-stylesheet type="text/xsl" href="billres.xsl"?>
<!DOCTYPE bill PUBLIC "-//US Congress//DTDs/bill.dtd//EN" "bill.dtd">
<bill bill-stage="Introduced-in-House" bill-type="olc" dms-id="H4C78494B66574E51BB27849B32E73813" key="H" public-private="public"><metadata xmlns:dc="http://purl.org/dc/elements/1.1/">
<dublinCore>
<dc:title>115 HR 266 IH: Law Enforcement Inclusion Act of 2016</dc:title>
<dc:publisher>U.S. House of Representatives</dc:publisher>
<dc:date>2017-01-04</dc:date>
<dc:format>text/xml</dc:format>
<dc:language>EN</dc:language>
<dc:rights>Pursuant to Title 17 Section 105 of the United States Code, this file is not subject to copyright protection and is in the public domain.</dc:rights>
</dublinCore>
</metadata>
<form>
<distribution-code display="yes">I</distribution-code><congress display="yes">115th CONGRESS</congress><session display="yes">1st Session</session><legis-num display="yes">H. R. 266</legis-num><current-chamber>IN THE HOUSE OF REPRESENTATIVES</current-chamber><action display="yes"><action-date date="20170104">January 4, 2017</action-date><action-desc><sponsor name-id="L000287">Mr. Lewis of Georgia</sponsor> introduced the following bill; which was referred to the <committee-name committee-id="HJU00">Committee on the Judiciary</committee-name></action-desc></action><legis-type>A BILL</legis-type><official-title display="yes">To amend the Omnibus Crime Control and Safe Streets Act of 1968 to provide that COPS grant funds   
			     may be used to hire and train new, additional career law enforcement
			 officers who are residents of the communities they serve, and for other
			 purposes.</official-title></form>
	<legis-body id="H969443BFD575422DA8CF7995A3EAFB92" style="OLC">
 <section id="H1ACB7D809D9143729C522A9DA50FC324" section-type="section-one"><enum>1.</enum><header>Short title</header><text display-inline="no-display-inline">This Act may be cited as the <quote><short-title>Law Enforcement Inclusion Act of 2016</short-title></quote>.</text> </section><section id="HFC50C25B0AEA48F8BE4AD057F44D5FBE"><enum>2.</enum><header>Findings</header><text display-inline="no-display-inline">Congress finds the following:</text>
 <paragraph id="H71CF7BCF6BBE4B9383AC8F3004597E66"><enum>(1)</enum><text display-inline="yes-display-inline">According to the Equal Employment Opportunity Commission (EEOC) and the Census Bureau, which together provide detail on the racial composition of government workers in large American cities, in about two-thirds of the United States cities with the largest police forces, the majority of police officers commute to work from outside the city in which they work.</text>
 </paragraph><paragraph id="H26C9357852FC4CD3B332F5C77A0199B4"><enum>(2)</enum><text display-inline="yes-display-inline">When officers live in the cities in which they work, it may reduce the carbon footprint by employees in their journey to work, foster more employee concern in the affairs of their city, ensure manpower will be available in case of emergencies, generate additional tax revenue for the city, and cut down on absenteeism and tardiness.</text>
 </paragraph><paragraph id="HDAA9EF6B56224DA38FEF2F5988F2416D"><enum>(3)</enum><text>According to the President’s Task Force on 21st Century Policing, recommendation 1.8 reads <quote>law enforcement agencies should strive to create a workforce that contains a broad range of diversity including race, gender, language, life experience, and cultural background to improve understanding and effectiveness in dealing with all communities.</quote>.</text>
 </paragraph><paragraph id="H03D33302E9C94C278477768BA0F63783"><enum>(4)</enum><text>Additionally, the Fairness and Effectiveness in Policing: The Evidence states <quote>A critical factor in managing bias is seeking candidates who are likely to police in an unbiased manner. Since people are less likely to have biases against groups with which they have had positive experiences, police departments should seek candidates who have had positive interactions with people of various cultures and backgrounds.</quote>.</text>
			</paragraph></section><section id="HBDB3776A1ACB4C939A3495B33A7294FE"><enum>3.</enum><header>Use of COPS grant funds to hire law enforcement officers who are residents of the communities they
 serve</header><text display-inline="no-display-inline">Section 1701(b) of the Omnibus Crime Control and Safe Streets Act of 1968 (<external-xref legal-doc="usc" parsable-cite="usc/42/3796dd">42 U.S.C. 3796dd(b)</external-xref>) is amended—</text> <paragraph id="H8A7C9F1F7DEE4CB1A8A6EAA760CD46FF"><enum>(1)</enum><text>in paragraph (17), by striking <quote>and</quote> at the end;</text>
 </paragraph><paragraph id="H410F4D0A1B7A4427ADE85FFD3B1C2D51"><enum>(2)</enum><text>by redesignating paragraph (18) as paragraph (20);</text> </paragraph><paragraph id="H97C09FA172654F26AA565833E946BC2C"><enum>(3)</enum><text>in paragraph (20), as so redesignated, by striking <quote>(17)</quote> and inserting <quote>(19)</quote>; and</text>
 </paragraph><paragraph id="H035E470F2D554894AEBC8C4FDAE4C00C"><enum>(4)</enum><text>by inserting after paragraph (17) the following:</text> <quoted-block display-inline="no-display-inline" id="HBEAF232A2CDE43E287C80D0628493B33" style="OLC"> <paragraph id="H736205AF8237453C92BCA06B9BEFB98A"><enum>(18)</enum><text display-inline="yes-display-inline">to recruit, hire, promote, retain, develop, and train new, additional career law enforcement officers who are residents of the communities they serve;</text>
 </paragraph><paragraph id="H4507F06E210948D3AED6CE06274A179C"><enum>(19)</enum><text display-inline="yes-display-inline">to develop and publicly report strategies and timelines to recruit, hire, promote, retain, develop, and train a diverse and inclusive law enforcement workforce, consistent with merit system principles and applicable law; and</text></paragraph><after-quoted-block>.</after-quoted-block></quoted-block>
			</paragraph></section></legis-body></bill>


