<?xml version="1.0"?>
<?xml-stylesheet type="text/xsl" href="billres.xsl"?>
<!DOCTYPE bill PUBLIC "-//US Congress//DTDs/bill.dtd//EN" "bill.dtd">
<bill bill-stage="Introduced-in-House" bill-type="olc" dms-id="H0FA932987E0B43318AB7DAFCC9933C61" key="H" public-private="public"><metadata xmlns:dc="http://purl.org/dc/elements/1.1/">
<dublinCore>
<dc:title>115 HR 650 IH: Mapping a New and Innovative Focus on Our Exploration Strategy for Human Spaceflight Act of 2017</dc:title>
<dc:publisher>U.S. House of Representatives</dc:publisher>
<dc:date>2017-01-24</dc:date>
<dc:format>text/xml</dc:format>
<dc:language>EN</dc:language>
<dc:rights>Pursuant to Title 17 Section 105 of the United States Code, this file is not subject to copyright protection and is in the public domain.</dc:rights>
</dublinCore>
</metadata>
<form>
<distribution-code display="yes">I</distribution-code><congress display="yes">115th CONGRESS</congress><session display="yes">1st Session</session><legis-num display="yes">H. R. 650</legis-num><current-chamber>IN THE HOUSE OF REPRESENTATIVES</current-chamber><action display="yes"><action-date date="20170124">January 24, 2017</action-date><action-desc><sponsor name-id="C001048">Mr. Culberson</sponsor> introduced the following bill; which was referred to the <committee-name committee-id="HSY00">Committee on Science, Space, and Technology</committee-name></action-desc></action><legis-type>A BILL</legis-type><official-title display="yes">To provide for the development of a United States strategy for greater human space exploration, and
			 for other purposes.</official-title></form>
	<legis-body id="HAD7F5F3A1115475B8915ABA1BBDF637B" style="OLC">
 <section id="HA2D3B797681441FCA3D9C30F4B02076C" section-type="section-one"><enum>1.</enum><header>Short title</header><text display-inline="no-display-inline">This Act may be cited as the <quote><short-title>Mapping a New and Innovative Focus on Our Exploration Strategy for Human Spaceflight Act of 2017</short-title></quote> or the <quote><short-title>MANIFEST for Human Spaceflight Act of 2017</short-title></quote>.</text> </section><section id="H71E74488760840F4A3752CE2660B2B28" section-type="subsequent-section"><enum>2.</enum><header>Reaffirmation of policy and findings</header> <subsection id="HE98412630A7B4410877EE0968C521C3B"><enum>(a)</enum><header>Reaffirmation of policy</header><text>Congress reaffirms that the long-term goal of the human space flight and exploration efforts of the National Aeronautics and Space Administration shall be to expand permanent human presence beyond low-Earth orbit and to do so, where practical, in a manner involving international partners, as stated in section 202(a) of the National Aeronautics and Space Administration Authorization Act of 2010 (<external-xref legal-doc="usc" parsable-cite="usc/42/18312">42 U.S.C. 18312(a)</external-xref>).</text>
 </subsection><subsection id="H6DFF7E6F8A7348F0BEC980BDECAC58E7"><enum>(b)</enum><header>Findings</header><text>Congress makes the following findings:</text> <paragraph id="HE185A834414D4528BBF9D93E7DBED0FB"><enum>(1)</enum><text>In accordance with section 204 of the National Aeronautics and Space Administration Authorization Act of 2010 (<external-xref legal-doc="public-law" parsable-cite="pl/111/267">Public Law 111–267</external-xref>; 124 Stat. 2813), the National Academy of Sciences, through its Committee on Human Spaceflight, conducted a review of the goals, core capabilities, and direction of human space flight, and published the findings and recommendations in a 2014 report entitled <quote>Pathways to Exploration: Rationales and Approaches for a U.S. Program of Human Space Exploration</quote>.</text>
 </paragraph><paragraph id="HB5E0E204039445CE8C6E3C1E206816B8"><enum>(2)</enum><text>The Committee on Human Spaceflight included leaders from the aerospace, scientific, security, and policy communities. With input from the public, the Committee on Human Spaceflight concluded that many practical and aspirational rationales together constitute a compelling case for human space exploration. These rationales include economic benefits, national security, national prestige, inspiring students and other citizens, scientific discovery, human survival, and a sense of shared destiny.</text>
 </paragraph><paragraph id="HFDD71C7B644746479B27220087CD572C"><enum>(3)</enum><text>The Committee on Human Spaceflight affirmed that Mars is the appropriate long-term goal for the human space flight program.</text>
 </paragraph><paragraph id="H961593DFE08842A09A2E0C625C08FC98"><enum>(4)</enum><text>The Committee on Human Spaceflight recommended that the National Aeronautics and Space Administration define a series of sustainable steps and conduct mission planning and technology development as needed to achieve the long-term goal of placing humans on the surface of Mars.</text>
				</paragraph></subsection></section><section id="HB60874C8CDA443F48684812E7AA9C9A3"><enum>3.</enum><header>Human exploration strategy</header>
 <subsection id="HA71FEABAEA4C435980F2CA47B7644D99"><enum>(a)</enum><header>Human exploration of mars</header><text>Section 202(b) of the National Aeronautics and Space Administration Authorization Act of 2010 (<external-xref legal-doc="usc" parsable-cite="usc/42/18312">42 U.S.C. 18312(b)</external-xref>) is amended—</text>
 <paragraph id="HFEF164E3C81D457CBD2F9E3227A10937"><enum>(1)</enum><text>in paragraph (3), by striking <quote>and</quote> at the end;</text> </paragraph><paragraph id="H2BF39519B5F84A3882EF0F0E548B1F25"><enum>(2)</enum><text>in paragraph (4), by striking the period at the end and inserting <quote>; and</quote>; and</text>
 </paragraph><paragraph id="H56930DCDE27F41B5BCB2C5AD93180503"><enum>(3)</enum><text>by adding at the end the following:</text> <quoted-block display-inline="no-display-inline" id="H7593B9DACBD34B8B9C5C454B05FD645B" style="OLC"> <paragraph id="H71A05467C6D24F93BE30F147E2BCDD9F"><enum>(5)</enum><text>to achieve human exploration of Mars, including the establishment of a capability to extend human presence to the surface of Mars.</text></paragraph><after-quoted-block>.</after-quoted-block></quoted-block>
				</paragraph></subsection><subsection id="HCC8E27A777114839A25B82A339A3B743"><enum>(b)</enum><header>Exploration strategy</header>
 <paragraph id="H815E84C4CA7B47C9A82D941E9101B708"><enum>(1)</enum><header>In general</header><text>In accordance with this subsection, the Administrator of the National Aeronautics and Space Administration shall submit an interim report and final report setting forth a strategy to achieve the objective in paragraph (5) of section 202(b) of the National Aeronautics and Space Administration Authorization Act of 2010, as amended by subsection (a) of this section, through a series of successive, sustainable, free-standing, but complementary missions making robust utilization of cis-lunar space and employing the Space Launch System, Orion crew capsule, and other capabilities provided under titles III, IV, V, and IX of that Act (<external-xref legal-doc="usc" parsable-cite="usc/42/18301">42 U.S.C. 18301</external-xref> et seq.).</text>
 </paragraph><paragraph id="HD4E0AEE2B01C4F70B3FEAB8FE26538DF"><enum>(2)</enum><header>Strategy requirements</header><text>In developing the strategy under paragraph (1), the Administrator shall include—</text> <subparagraph id="H4E7F625417A14561943C3C6EB48DDF6D"><enum>(A)</enum><text>the utility of an expanded human presence in cis-lunar space toward enabling missions to various lunar orbits, the lunar surface, asteroids, Mars, the moons of Mars, and other destinations of interest for future human exploration and development;</text>
 </subparagraph><subparagraph id="H1E777AEBC6DC4DAE8636F1470A65361A"><enum>(B)</enum><text>the utility of an expanded human presence in cis-lunar space for economic, scientific, and technological advances;</text>
 </subparagraph><subparagraph id="H6DEE67DA342144CCAA899D8B1A587D5B"><enum>(C)</enum><text>the opportunities for collaboration with—</text> <clause id="HC72C399DEA2E42F7A22473B1E204A242"><enum>(i)</enum><text>international partners;</text>
 </clause><clause id="H42A7A3D5226D48D2ACF96144074D4E38"><enum>(ii)</enum><text>private industry; and</text> </clause><clause id="H56E991499ADB4E55B7B83E8DB4A0DDF6"><enum>(iii)</enum><text>other Federal agencies, including missions relevant to national security or scientific needs;</text>
 </clause></subparagraph><subparagraph id="HD184D9EABE2B4426B66AE2F099D513CE"><enum>(D)</enum><text>the opportunities specifically afforded by the International Space Station (ISS) to support high priority scientific research and technological developments useful in expanding and sustaining a human presence in cis-lunar space and beyond;</text>
 </subparagraph><subparagraph id="H38DD74936DC548C48D56CC5320A16EFF"><enum>(E)</enum><text>a range of exploration mission architectures and approaches for the missions identified under paragraph (1), including capabilities for the Orion crew capsule and the Space Launch System;</text>
 </subparagraph><subparagraph id="H3D777592F3F143248DA327B351F6C7C4"><enum>(F)</enum><text>a comparison of architectures and approaches based on—</text> <clause id="HBAA63725400B468799146A3627637609"><enum>(i)</enum><text>assessed value of factors including cost effectiveness, schedule resiliency, safety, sustainability, and opportunities for international collaboration;</text>
 </clause><clause id="HA5C77844959F482FBC32588722DA81B5"><enum>(ii)</enum><text>the extent to which certain architectures and approaches may enable new markets and opportunities for United States private industry, provide compelling opportunities for scientific discovery and technological excellence, sustain United States competitiveness and leadership, and address critical national security considerations and requirements; and</text>
 </clause><clause id="H5A6D83FE72B549B4BBDF160301AE689F"><enum>(iii)</enum><text>the flexibility of such architectures and approaches to adjust to evolving technologies, partners, priorities, and budget projections and constraints;</text>
 </clause></subparagraph><subparagraph id="H98848F9E60214AA08FF18932B61F9248"><enum>(G)</enum><text>measures for setting standards for ensuring crew health and safety, including limits regarding radiation exposure and countermeasures necessary to meet those limits, means and methods for addressing urgent medical conditions or injuries, and other such safety, health, and medical issues that can be anticipated in the conduct of the missions identified under paragraph (1);</text>
 </subparagraph><subparagraph id="H14A5B58A685541ACA378A93A69879ED6"><enum>(H)</enum><text>a description of crew training needs and capabilities (including space suits and life support systems) necessary to support the conduct of missions identified under paragraph (1);</text>
 </subparagraph><subparagraph id="H3804E6496AAF4235A5BCE8ED60642D23"><enum>(I)</enum><text>a detailed plan for prioritizing and phasing near-term intermediate destinations and missions identified under paragraph (1);</text>
 </subparagraph><subparagraph id="HDFB5E922CDDE478E937AC4853378D581"><enum>(J)</enum><text>an assessment of the recommendations of the report prepared in compliance with section 204 of the National Aeronautics and Space Administration Authorization Act of 2010 (<external-xref legal-doc="public-law" parsable-cite="pl/111/267">Public Law 111–267</external-xref>; 124 Stat. 2813), including a detailed explanation of how the Administrator has ensured such recommendations have been, to the extent practicable, incorporated into the strategy under paragraph (1); and</text>
 </subparagraph><subparagraph id="H07006F3ABF224C6BB4588E169BCF168C"><enum>(K)</enum><text>technical information as needed to identify interest from potential stakeholder or partner communities.</text>
					</subparagraph></paragraph><paragraph id="H9B43B89D47954C58972D787450ED18E2"><enum>(3)</enum><header>Independent review</header>
 <subparagraph id="H9925D589FB6C459AAA3BD61628E99A93"><enum>(A)</enum><header>In general</header><text>The Administrator shall enter into an arrangement with the National Academy of Sciences to review and comment on each interim report pursuant to paragraph (1). Under the arrangement, the National Academy of Sciences shall review each interim report on the strategy described in paragraph (1) and identify the following:</text>
 <clause id="HCB56B2FBFCBF4EC08BB9002F35FA4CE0"><enum>(i)</enum><text>Matters in such interim report agreed upon by the National Academy of Sciences.</text> </clause><clause id="H1093DB988EA8407487F01A1577721642"><enum>(ii)</enum><text>Matters in such interim report raising concerns for the National Academy of Sciences.</text>
 </clause><clause id="H93A76367C8E54AD6B12E020C2374E35F"><enum>(iii)</enum><text>Such further recommendations with respect to matters covered by such interim report as the National Academy of Sciences considers appropriate.</text>
 </clause></subparagraph><subparagraph id="H0F326C9F4C8B4AE0994904BD181A817D"><enum>(B)</enum><header>Timing of review and comment</header><text>The Administrator shall ensure that the review and comment on an interim report provided for pursuant to subparagraph (A) is conducted in a timely manner to comply with the requirements of this subsection and, to the maximum extent practicable, to facilitate the incorporation of the comments of the National Academy of Sciences pursuant to subparagraph (A) into the applicable final report required by this subsection.</text>
					</subparagraph></paragraph><paragraph id="H5BB5210F955245D2BFD28EBC76D993C4"><enum>(4)</enum><header>Deadlines</header>
 <subparagraph id="H856C018BE97F4DCBB2B100E8D3D4E39D"><enum>(A)</enum><header>Interim reports</header><text>Not later than 90 days after the date of the enactment of this Act, and not less than every five years thereafter, the Administrator shall submit to the National Academy of Sciences an interim report on the strategy required by paragraph (1) in order to facilitate the independent review and comment on the strategy as provided for by paragraph (3).</text>
 </subparagraph><subparagraph id="H2E9F96106BD04C66B612BD8A32974C25"><enum>(B)</enum><header>Final reports</header><text>Not later than one year after the date of the enactment of this Act, and not less than every five years thereafter, the Administrator shall submit to Congress a final report on the strategy required by paragraph (1), which shall include and incorporate the response of the National Academy of Sciences to the most recent interim report pursuant to paragraph (3).</text>
					</subparagraph></paragraph></subsection></section></legis-body></bill>


