<?xml version="1.0"?>
<?xml-stylesheet type="text/xsl" href="billres.xsl"?>
<!DOCTYPE bill PUBLIC "-//US Congress//DTDs/bill.dtd//EN" "bill.dtd">
<bill bill-stage="Referred-in-Senate" bill-type="olc" dms-id="HE5834873A9934929BD2762B5766C741A" key="H" public-private="public" stage-count="1">
	<metadata xmlns:dc="http://purl.org/dc/elements/1.1/">
<dublinCore>
<dc:title>115 HR 642 : Fusion Center Enhancement Act of 2017</dc:title>
<dc:publisher>U.S. House of Representatives</dc:publisher>
<dc:date>2017-02-01</dc:date>
<dc:format>text/xml</dc:format>
<dc:language>EN</dc:language>
<dc:rights>Pursuant to Title 17 Section 105 of the United States Code, this file is not subject to copyright protection and is in the public domain.</dc:rights>
</dublinCore>
</metadata>
<form>
		<distribution-code display="yes">IIB</distribution-code>
		<congress display="yes">115th CONGRESS</congress><session display="yes">1st Session</session>
		<legis-num display="yes">H. R. 642</legis-num>
		<current-chamber display="yes">IN THE SENATE OF THE UNITED STATES</current-chamber>
		<action><action-date date="20170201">February 1, 2017</action-date><action-desc> Received; read twice and referred to the <committee-name committee-id="SSGA00">Committee on Homeland Security and Governmental Affairs</committee-name></action-desc></action><legis-type>AN ACT</legis-type>
		<official-title display="yes">To amend the Homeland Security Act of 2002 to enhance the partnership between the Department of
			 Homeland Security and the National Network of Fusion Centers, and for
			 other purposes.</official-title>
	</form>
	<legis-body id="H0A1EEFCC48724883A5E4C98D434F20FC" style="OLC">
 <section id="H6B68B669ACBD46B6B6554FCD22A80CCE" section-type="section-one"><enum>1.</enum><header>Short title</header><text display-inline="no-display-inline">This Act may be cited as the <quote><short-title>Fusion Center Enhancement Act of 2017</short-title></quote>.</text> </section><section id="H80DF13861F8844489659C12EC49D6535"><enum>2.</enum><header>Department of Homeland Security Fusion Center Partnership Initiative</header> <subsection id="HB97331C4F71C4CB3871DE19EBEA86664"><enum>(a)</enum><header>In general</header><text>Section 210A of the Homeland Security Act of 2002 (<external-xref legal-doc="usc" parsable-cite="usc/6/124h">6 U.S.C. 124h</external-xref>) is amended—</text>
 <paragraph commented="no" id="H613F3E86822F40D6A5E4EEE1802834E5"><enum>(1)</enum><text>by amending the section heading to read as follows:</text> <quoted-block id="H019FF268FBDA4980896E5112B3E2E2CA" style="OLC"> <section commented="no" id="HAE47CFF48AD944468DB8022B8E7FC3C9"><enum>210A.</enum><header>Department of Homeland Security Fusion Center Partnership Initiative</header></section><after-quoted-block>;</after-quoted-block></quoted-block> </paragraph><paragraph commented="no" id="H5A089AB97C6342B8AE5A68ED82D47754"><enum>(2)</enum><text>in subsection (a), by adding at the end the following new sentence: <quote>Beginning on the date of the enactment of the Fusion Center Enhancement Act of 2017, such Initiative shall be known as the <quote>Department of Homeland Security Fusion Center Partnership Initiative</quote>.</quote>;</text>
 </paragraph><paragraph id="HB39085FFA8504F3EA930FB3D8812D9C5"><enum>(3)</enum><text>by amending subsection (b) to read as follows:</text> <quoted-block id="H548319F38E804640AFB470B4674CF722" style="OLC"> <subsection id="HD539DFA07EBB4C23B084838B1846EBA7"><enum>(b)</enum><header>Interagency support and coordination</header><text>Through the Department of Homeland Security Fusion Center Partnership Initiative, in coordination with principal officials of fusion centers in the National Network of Fusion Centers and the officers designated as the Homeland Security Advisors of the States, the Secretary shall—</text>
 <paragraph id="HC4A4D4A9434943DAB6B00917475AEB59"><enum>(1)</enum><text>coordinate with the heads of other Federal departments and agencies to provide operational and intelligence advice and assistance to the National Network of Fusion Centers;</text>
 </paragraph><paragraph id="H4BE45F9E4B274AB48FB56015F5628D12"><enum>(2)</enum><text>support the integration of fusion centers into the information sharing environment;</text> </paragraph><paragraph id="H5302BB22FB4B4A59A5ED14D265CC2BDC"><enum>(3)</enum><text>support the maturation and sustainment of the National Network of Fusion Centers;</text>
 </paragraph><paragraph id="H6527FFC1889F49C293465A030076FBB7"><enum>(4)</enum><text>reduce inefficiencies and maximize the effectiveness of Federal resource support to the National Network of Fusion Centers;</text>
 </paragraph><paragraph id="H8197999124464923804241177E9D918F"><enum>(5)</enum><text>provide analytic and reporting advice and assistance to the National Network of Fusion Centers;</text> </paragraph><paragraph id="H63EFC1A4ACF24D4D84FB6C7A2AFBC200"><enum>(6)</enum><text>review information within the scope of the information sharing environment, including homeland security information, terrorism information, and weapons of mass destruction information, that is gathered by the National Network of Fusion Centers and incorporate such information, as appropriate, into the Department’s own such information;</text>
 </paragraph><paragraph id="H86B3DD3CABBC416AB5FBECE465FDC282"><enum>(7)</enum><text>provide for the effective dissemination of information within the scope of the information sharing environment to the National Network of Fusion Centers;</text>
 </paragraph><paragraph id="HBEFDE33F8A914A38A98ED12814AADBC1"><enum>(8)</enum><text>facilitate close communication and coordination between the National Network of Fusion Centers and the Department and other Federal departments and agencies;</text>
 </paragraph><paragraph id="HA60937911F3A4311BD3EA4BF0C8D8FF7"><enum>(9)</enum><text>provide the National Network of Fusion Centers with expertise on Department resources and operations;</text>
 </paragraph><paragraph id="HD45D19DB999D4E169488A6B66C617B08"><enum>(10)</enum><text>coordinate the provision of training and technical assistance to the National Network of Fusion Centers and encourage participating fusion centers to take part in terrorism threat-related exercises conducted by the Department;</text>
 </paragraph><paragraph id="H22F5D9B89E0E461BA525527D050A30E0"><enum>(11)</enum><text>ensure, to the greatest extent practicable, that support for the National Network of Fusion Centers is included as a national priority in applicable homeland security grant guidance;</text>
 </paragraph><paragraph id="HF9AB50BC6F4F47818B2E1EA09B8AA457"><enum>(12)</enum><text>ensure that each fusion center in the National Network of Fusion Centers has a privacy policy approved by the Chief Privacy Officer of the Department and a civil rights and civil liberties policy approved by the Officer for Civil Rights and Civil Liberties of the Department;</text>
 </paragraph><paragraph id="HC696120D34144A8795ACD215C4100285"><enum>(13)</enum><text>coordinate the nationwide suspicious activity report initiative to ensure information gathered by the National Network of Fusion Centers is incorporated as appropriate;</text>
 </paragraph><paragraph id="HE361D59D39AD4318A4A9B330840F6B24"><enum>(14)</enum><text>lead Department efforts to ensure fusion centers in the National Network of Fusion Centers are the primary focal points for the sharing of homeland security information, terrorism information, and weapons of mass destruction information with State, local, tribal, and territorial entities to the greatest extent practicable;</text>
 </paragraph><paragraph id="H1C8087ABE9204BA1A38BE753E4E11013"><enum>(15)</enum><text>develop and disseminate best practices on the appropriate levels for staffing at fusion centers in the National Network of Fusion Centers of qualified representatives from State, local, tribal, and territorial law enforcement, fire, emergency medical, and emergency management services, and public health disciplines, as well as the private sector; and</text>
 </paragraph><paragraph id="HE171692E5FAF4F0D95CB61CA740379D5"><enum>(16)</enum><text>carry out such other duties as the Secretary determines appropriate.</text></paragraph></subsection><after-quoted-block>;</after-quoted-block></quoted-block> </paragraph><paragraph id="HCEF7BACD6F634FF3948FE3EED49D1FF5"><enum>(4)</enum><text>in subsection (c)—</text>
 <subparagraph id="H279481139F6A4DB985A95E4EB90F8CE4"><enum>(A)</enum><text>by striking so much as precedes paragraph (3)(B) and inserting the following:</text> <quoted-block id="H52CDEC736ADD467FAE5D81D4AB4C204B" style="OLC"> <subsection id="H0E6C3217FDEA47CCA82A9F33DB9DBF35"><enum>(c)</enum><header>Resource allocation</header> <paragraph id="H4B388A37280E4FA7B32577A470D3BB1E"><enum>(1)</enum><header>Information sharing and personnel assignment</header> <subparagraph id="H9172E3E2ED01494ABDBA60C4D173EEC2"><enum>(A)</enum><header>Information sharing</header><text>The Under Secretary for Intelligence and Analysis shall ensure that, as appropriate—</text>
 <clause id="H79175302CB8B4FC1B3B98B2808E0158A"><enum>(i)</enum><text>fusion centers in the National Network of Fusion Centers have access to homeland security information sharing systems; and</text>
 </clause><clause id="H34C5B050B3674662A188F134DB56AA37"><enum>(ii)</enum><text>Department personnel are deployed to support fusion centers in the National Network of Fusion Centers in a manner consistent with the Department’s mission and existing statutory limits.</text>
 </clause></subparagraph><subparagraph id="H6244F17ADD18416C97A420944DFBBEA9"><enum>(B)</enum><header>Personnel assignment</header><text>Department personnel referred to in subparagraph (A)(ii) may include the following:</text> <clause id="H66409B14993645B9A68F2B7E8C8A1165"><enum>(i)</enum><text>Intelligence officers.</text>
 </clause><clause id="HC3F55B691F3C472CBBA574CC7FCC11F3"><enum>(ii)</enum><text>Intelligence analysts.</text> </clause><clause id="H78AE81EFC3ED441695796201D79BC3A4"><enum>(iii)</enum><text>Other liaisons from components and offices of the Department, as appropriate.</text>
 </clause></subparagraph><subparagraph id="H3581CFDF09EF408D89D836E6D163C607"><enum>(C)</enum><header>Memoranda of understanding</header><text>The Under Secretary for Intelligence and Analysis shall negotiate memoranda of understanding between the Department and a State or local government, in coordination with the appropriate representatives from fusion centers in the National Network of Fusion Centers, regarding the exchange of information between the Department and such fusion centers. Such memoranda shall include the following:</text>
 <clause id="HF97377F9F5524AC38CA89EF856EB4EE3"><enum>(i)</enum><text>The categories of information to be provided by each entity to the other entity that are parties to any such memoranda.</text>
 </clause><clause id="H81B6DB3D86B145D8BC2B6175B229B2C5"><enum>(ii)</enum><text>The contemplated uses of the exchanged information that is the subject of any such memoranda.</text> </clause><clause id="HD9CEE4E9CEBF4D4D9D7ADEB3BE88CC42"><enum>(iii)</enum><text>The procedures for developing joint products.</text>
 </clause><clause id="H896314BF7CBD421597617C75DC69595E"><enum>(iv)</enum><text>The information sharing dispute resolution processes.</text> </clause><clause id="H1F7028DE54584F488F7BEF4994930C18"><enum>(v)</enum><text>Any protections necessary to ensure the exchange of information accords with applicable law and policies.</text>
										</clause></subparagraph></paragraph><paragraph id="H7390196460624804B0F303988B8CE508"><enum>(2)</enum><header>Sources of support</header>
 <subparagraph id="HCD8B5F458A794A45AA91D187D8E1CF02"><enum>(A)</enum><header>In general</header><text>Information shared and personnel assigned pursuant to paragraph (1) may be shared or provided, as the case may be, by the following Department components and offices, in coordination with the respective component or office head and in consultation with the principal officials of fusion centers in the National Network of Fusion Centers:</text>
 <clause id="H76D040B87CCD4FAAA71E9873BB7E0C89"><enum>(i)</enum><text>The Office of Intelligence and Analysis.</text> </clause><clause id="H94B8A907306C4D4C9E580F2129F39EAE"><enum>(ii)</enum><text>The Office of Infrastructure Protection.</text>
 </clause><clause id="H0C4527F8831E4001B83EDDD8ED1642A0"><enum>(iii)</enum><text>The Transportation Security Administration.</text> </clause><clause id="H36234781E07C44D08A577F7652176677"><enum>(iv)</enum><text>U.S. Customs and Border Protection.</text>
 </clause><clause id="HA2CCC6CE3A4A4243AD85E6325BCD0893"><enum>(v)</enum><text>U.S. Immigration and Customs Enforcement.</text> </clause><clause id="H37AD5D293E914F4C99D98B9AE52DAFEF"><enum>(vi)</enum><text>The Coast Guard.</text>
 </clause><clause id="H84C35261C9CE48D3886DFFAB867E4F30"><enum>(vii)</enum><text>Other components or offices of the Department, as determined by the Secretary.</text> </clause></subparagraph><subparagraph id="H7ACC76A0D68342CD903CEBC83315A542"><enum>(B)</enum><header>Coordination with other Federal agencies</header><text>The Under Secretary for Intelligence and Analysis shall coordinate with appropriate officials throughout the Federal Government to ensure the deployment to fusion centers in the National Network of Fusion Centers of representatives with relevant expertise of other Federal departments and agencies.</text>
									</subparagraph></paragraph><paragraph id="H19BD708DA406456896FE4324507636EC"><enum>(3)</enum><header>Resource allocation criteria</header>
 <subparagraph id="H021C9EA497A14921A33CCAB20B2C52A4"><enum>(A)</enum><header>In general</header><text>The Secretary shall make available criteria for sharing information and deploying personnel to support a fusion center in the National Network of Fusion Centers in a manner consistent with the Department’s mission and existing statutory limits.</text></subparagraph></paragraph></subsection><after-quoted-block>; and</after-quoted-block></quoted-block>
 </subparagraph><subparagraph id="HA81B16AF2C10450ABB6ABFFD745FACC8"><enum>(B)</enum><text>in paragraph (4)(B), in the matter preceding clause (i), by inserting <quote>in which such fusion center is located</quote> after <quote>region</quote>;</text> </subparagraph></paragraph><paragraph id="HCED782B69235470FBD8BF551407A433F"><enum>(5)</enum><text>in subsection (d)—</text>
 <subparagraph id="H29DD96BF59914147B7D2D2CFA9C7B6E3"><enum>(A)</enum><text>in paragraph (3), by striking <quote>and</quote> at the end;</text> </subparagraph><subparagraph id="H90B87BD877734EB998E18FEC5251CD42"><enum>(B)</enum><text>in paragraph (4)—</text>
 <clause id="HB1AD35A9EBB9432F8FA9D66B9F543075"><enum>(i)</enum><text>by striking <quote>government</quote> and inserting <quote>governments</quote>; and</text> </clause><clause id="H25A956C80ACF449D82923AD79BA2D862"><enum>(ii)</enum><text>by striking the period at the end and inserting <quote>; and</quote>; and</text>
 </clause></subparagraph><subparagraph id="HE27D611E3C0042A88687693A28AA7314"><enum>(C)</enum><text>by adding at the end the following new paragraph:</text> <quoted-block id="H0EA56CB24D174EBF81B16170604128EF" style="OLC"> <paragraph id="H9BFEF8A2091648CEB67BF4797C853943"><enum>(5)</enum><text>utilize Department information, including information held by components and offices, to develop analysis focused on the mission of the Department under section 101(b).</text></paragraph><after-quoted-block>;</after-quoted-block></quoted-block>
 </subparagraph></paragraph><paragraph id="H6F9C286747ED4C4A9F08FBE9789FE503"><enum>(6)</enum><text>in subsection (e)—</text> <subparagraph id="H32F8788F431942108E7AE85DDCF4A443"><enum>(A)</enum><text>by amending paragraph (1) to read as follows:</text>
						<quoted-block id="H0C7131BA28E0487EBFA2EE85812CF759" style="OLC">
 <paragraph id="H76F9A5B3E74A42B3BA594E99CBE9B7FD"><enum>(1)</enum><header>In general</header><text>To the greatest extent practicable, the Secretary shall make it a priority to allocate resources, including deployed personnel, under this section from U.S. Customs and Border Protection, U.S. Immigration and Customs Enforcement, and the Coast Guard to support fusion centers in the National Network of Fusion Centers located in jurisdictions along land or maritime borders of the United States in order to enhance the integrity of and security at such borders by helping Federal, State, local, tribal, and territorial law enforcement authorities to identify, investigate, and otherwise interdict persons, weapons, and related contraband that pose a threat to homeland security.</text></paragraph><after-quoted-block>; and</after-quoted-block></quoted-block>
 </subparagraph><subparagraph commented="no" id="HB5431FF2BCAA411A9A6C99E29A41E49F"><enum>(B)</enum><text>in paragraph (2), in the matter preceding subparagraph (A), by striking <quote>participating State, local, and regional fusion centers</quote> and inserting <quote>fusion centers in the National Network of Fusion Centers</quote>;</text> </subparagraph></paragraph><paragraph id="H1402944761204AB59531FFC02B7CEC2B"><enum>(7)</enum><text>in subsection (j)—</text>
 <subparagraph id="H2E115986567F4EB694A75101280404C2"><enum>(A)</enum><text>in paragraph (4), by striking <quote>and</quote> at the end;</text> </subparagraph><subparagraph id="H1A24FD21A1694E9688A14E6483BF3025"><enum>(B)</enum><text>by redesignating paragraph (5) as paragraph (6); and</text>
 </subparagraph><subparagraph id="HDB908758B97546008BB787BAA20F95EA"><enum>(C)</enum><text>by inserting after paragraph (4) the following new paragraph:</text> <quoted-block id="H271C8739A96B4E58BAFCEC60ABC6A99E" style="OLC"> <paragraph id="H4C726BD96274491F92DC4ED95CA6EFB1"><enum>(5)</enum><text>the term <quote>National Network of Fusion Centers</quote> means a decentralized arrangement of fusion centers intended to enhance individual State and urban area fusion centers’ ability to leverage the capabilities and expertise of all fusion centers for the purpose of enhancing analysis and homeland security information sharing nationally; and</text></paragraph><after-quoted-block>; and</after-quoted-block></quoted-block>
 </subparagraph></paragraph><paragraph id="H1B2C5836044946699C8665F3BB2E21AC"><enum>(8)</enum><text>by striking subsection (k).</text> </paragraph></subsection><subsection id="H61A6C6D59D874FFF8EA875CA61941841"><enum>(b)</enum><header>Accountability report</header><text>Not later than 1 year after the date of the enactment of this Act and annually thereafter through 2024, the Under Secretary for Intelligence and Analysis of the Department of Homeland Security shall report to the Committee on Homeland Security and the Permanent Select Committee on Intelligence of the House of Representatives and the Committee on Homeland Security and Governmental Affairs and the Select Committee on Intelligence of the Senate on the efforts of the Office of Intelligence and Analysis of the Department and other relevant components and offices of the Department to enhance support provided to fusion centers in the National Network of Fusion Centers, including meeting the requirements specified in section 210A of the Homeland Security Act of 2002 (<external-xref legal-doc="usc" parsable-cite="usc/6/124h">6 U.S.C. 124h</external-xref>), as amended by subsection (a) of this section.</text>
 </subsection><subsection id="HD2681227882843F0AEE79BD90736D77D"><enum>(c)</enum><header>Clerical amendment</header><text>The table of contents in section 1(b) of such Act is amended by striking the item relating to section 210A and inserting the following new item:</text>
				<quoted-block display-inline="no-display-inline" id="HDCA1DB0D8FCE45558B109D386C6D6C69" style="OLC">
					<toc regeneration="no-regeneration">
						<toc-entry level="section">Sec. 210A. Department of Homeland Security Fusion Centers Initiative.</toc-entry></toc><after-quoted-block>.</after-quoted-block></quoted-block>
 </subsection><subsection id="H24F969E4545A419D913B119BD63A315E"><enum>(d)</enum><header>Reference</header><text>Any reference in any law, rule, or regulation to the <quote>Department of Homeland Security State, Local, and Regional Fusion Center Initiative</quote> shall be deemed to be a reference to the <quote>Department of Homeland Security Fusion Center Initiative</quote>.</text> </subsection></section></legis-body><attestation><attestation-group><attestation-date chamber="House" date="20170131">Passed the House of Representatives January 31, 2017.</attestation-date><attestor display="yes">Karen L. Haas,</attestor><role>Clerk</role></attestation-group></attestation> </bill> 

