<?xml version="1.0"?>
<?xml-stylesheet type="text/xsl" href="billres.xsl"?>
<!DOCTYPE bill PUBLIC "-//US Congress//DTDs/bill.dtd//EN" "bill.dtd">
<bill bill-stage="Introduced-in-House" bill-type="olc" dms-id="HC853BC2DB20F4E1F8CFFE918EF76019A" key="H" public-private="public"><metadata xmlns:dc="http://purl.org/dc/elements/1.1/">
<dublinCore>
<dc:title>115 HR 549 IH: Transit Security Grant Program Flexibility Act</dc:title>
<dc:publisher>U.S. House of Representatives</dc:publisher>
<dc:date>2017-01-13</dc:date>
<dc:format>text/xml</dc:format>
<dc:language>EN</dc:language>
<dc:rights>Pursuant to Title 17 Section 105 of the United States Code, this file is not subject to copyright protection and is in the public domain.</dc:rights>
</dublinCore>
</metadata>
<form>
<distribution-code display="yes">I</distribution-code><congress display="yes">115th CONGRESS</congress><session display="yes">1st Session</session><legis-num display="yes">H. R. 549</legis-num><current-chamber>IN THE HOUSE OF REPRESENTATIVES</current-chamber><action display="yes"><action-date date="20170113">January 13, 2017</action-date><action-desc><sponsor name-id="D000625">Mr. Donovan</sponsor> (for himself, <cosponsor name-id="K000210">Mr. King of New York</cosponsor>, <cosponsor name-id="K000386">Mr. Katko</cosponsor>, <cosponsor name-id="R000602">Miss Rice of New York</cosponsor>, <cosponsor name-id="P000604">Mr. Payne</cosponsor>, and <cosponsor name-id="M001157">Mr. McCaul</cosponsor>) introduced the following bill; which was referred to the <committee-name committee-id="HHM00">Committee on Homeland Security</committee-name></action-desc></action><legis-type>A BILL</legis-type><official-title display="yes">To amend the Implementing Recommendations of the 9/11 Commission Act of 2007 to clarify certain
			 allowable uses of funds for public transportation security assistance
			 grants and establish periods of performance for such grants, and for other
			 purposes.</official-title></form>
	<legis-body id="HE05D267E36E3408F86AE63AE50C5B77D" style="OLC">
 <section id="HF16C751FA25046AFB7CD84D939A6C43D" section-type="section-one"><enum>1.</enum><header>Short title</header><text display-inline="no-display-inline">This Act may be cited as the <quote><short-title>Transit Security Grant Program Flexibility Act</short-title></quote>.</text> </section><section id="H44A6C2C38C804A2DBEEDAA9B0EFB8C77"><enum>2.</enum><header>Allowable uses of funds for public transportation security assistance grants</header><text display-inline="no-display-inline">Subparagraph (A) of section 1406(b)(2) of the Implementing Recommendations of the 9/11 Commission Act of 2007 (<external-xref legal-doc="usc" parsable-cite="usc/6/1135">6 U.S.C. 1135(b)(2)</external-xref>; <external-xref legal-doc="public-law" parsable-cite="pl/110/53">Public Law 110–53</external-xref>) is amended by inserting <quote>and associated backfill</quote> after <quote>security training</quote>.</text>
 </section><section id="HD339304320864C89953F9D56DC3C4C2B"><enum>3.</enum><header>Periods of performance for public transportation security assistance grants</header><text display-inline="no-display-inline">Section 1406 of the Implementing Recommendations of the 9/11 Commission Act of 2007 (<external-xref legal-doc="usc" parsable-cite="usc/6/1135">6 U.S.C. 1135</external-xref>; <external-xref legal-doc="public-law" parsable-cite="pl/110/53">Public Law 110–53</external-xref>) is amended—</text>
 <paragraph id="H92757958B42049F7A428E7FEB9118465"><enum>(1)</enum><text>by redesignating subsection (m) as subsection (n); and</text> </paragraph><paragraph id="HCC1C224F4A6740C49FD01B9D0734E893"><enum>(2)</enum><text>by inserting after subsection (l) the following new subsection:</text>
				<quoted-block display-inline="no-display-inline" id="H273DCCD9A9734AF5B7265D9E05505A79" style="OLC">
					<subsection id="H5D23EEE8794E414FA5110D0F172600AD"><enum>(m)</enum><header>Periods of performance</header>
 <paragraph id="HEAF444ED6C3B4B97A34E680A094137F8"><enum>(1)</enum><header>In general</header><text>Except as provided in paragraph (2), funds provided pursuant to a grant awarded under this section for a use specified in subsection (b) shall remain available for use by a grant recipient for a period of not fewer than 36 months.</text>
 </paragraph><paragraph id="H8ECB30E7AD88487ABF76CDA41A204095"><enum>(2)</enum><header>Exception</header><text display-inline="yes-display-inline">Funds provided pursuant to a grant awarded under this section for a use specified in subparagraph (M) or (N) of subsection (b)(1) shall remain available for use by a grant recipient for a period of not fewer than 55 months.</text></paragraph></subsection><after-quoted-block>.</after-quoted-block></quoted-block>
			</paragraph></section><section id="HC1B1E2B383C242AFA5202AB03F6115E3"><enum>4.</enum><header>GAO review</header>
 <subsection id="H40F9E2C85BA44A269A10CFB809291FBE"><enum>(a)</enum><header>In general</header><text display-inline="yes-display-inline">The Comptroller General of the United States shall conduct a review of the transit security grant program under section 1406 of the Implementing Recommendations of the 9/11 Commission Act of 2007 (<external-xref legal-doc="usc" parsable-cite="usc/6/1135">6 U.S.C. 1135</external-xref>; <external-xref legal-doc="public-law" parsable-cite="pl/110/53">Public Law 110–53</external-xref>).</text>
 </subsection><subsection id="HE5A4FACDD9BF451F944F95708E41F850"><enum>(b)</enum><header>Scope</header><text>The review required under paragraph (1) shall include the following:</text> <paragraph id="H19A72828124B4B5F817F240EA9BAF0DC"><enum>(1)</enum><text>An assessment of the type of projects funded under the transit security grant program referred to in such paragraph.</text>
 </paragraph><paragraph id="H2D25056BF080418EAFE49BBB04398589"><enum>(2)</enum><text>An assessment of the manner in which such projects address threats to transportation infrastructure.</text>
 </paragraph><paragraph id="H4944B8C565DE49659759253500B7CFA8"><enum>(3)</enum><text>An assessment of the impact, if any, of this Act (including the amendments made by this Act) on types of projects funded under the transit security grant program.</text>
 </paragraph><paragraph id="HE1EE5837D7374F79A05E522A28EA7CEC"><enum>(4)</enum><text>An assessment of the management and administration of transit security grant program funds by grantees.</text>
 </paragraph><paragraph id="H667004304BEC494987E92072113ED7DE"><enum>(5)</enum><text>Recommendations to improve the manner in which transit security grant program funds address vulnerabilities in transportation infrastructure.</text>
 </paragraph><paragraph id="H76BF3E8ABFC64A34ACE53B1A92B20F2D"><enum>(6)</enum><text>Recommendations to improve the management and administration of the transit security grant program.</text> </paragraph></subsection><subsection id="HD944C77DE777495C8CF97475C0FABF63"><enum>(c)</enum><header>Report</header><text>Not later than one year after the date of the enactment of this Act and again not later than five years after such date of enactment, the Comptroller General shall submit to the Committee on Homeland Security of the House of Representatives and the Committee on Homeland Security and Governmental Affairs of the Senate a report on the review required under this section.</text>
			</subsection></section></legis-body></bill>


