<?xml version="1.0"?>
<?xml-stylesheet type="text/xsl" href="billres.xsl"?>
<!DOCTYPE bill PUBLIC "-//US Congress//DTDs/bill.dtd//EN" "bill.dtd">
<bill bill-stage="Introduced-in-House" bill-type="olc" dms-id="HFA414AAA645C46FCB8A57DAB21D5EC96" key="H" public-private="public"><metadata xmlns:dc="http://purl.org/dc/elements/1.1/">
<dublinCore>
<dc:title>115 HR 244 IH: Honoring Investments in Recruiting and Employing American Military Veterans Act of 2017</dc:title>
<dc:publisher>U.S. House of Representatives</dc:publisher>
<dc:date>2017-01-04</dc:date>
<dc:format>text/xml</dc:format>
<dc:language>EN</dc:language>
<dc:rights>Pursuant to Title 17 Section 105 of the United States Code, this file is not subject to copyright protection and is in the public domain.</dc:rights>
</dublinCore>
</metadata>
<form>
<distribution-code display="yes">I</distribution-code><congress display="yes">115th CONGRESS</congress><session display="yes">1st Session</session><legis-num display="yes">H. R. 244</legis-num><current-chamber>IN THE HOUSE OF REPRESENTATIVES</current-chamber><action display="yes"><action-date date="20170104">January 4, 2017</action-date><action-desc><sponsor name-id="C001094">Mr. Cook</sponsor> (for himself and <cosponsor name-id="G000571">Ms. Gabbard</cosponsor>) introduced the following bill; which was referred to the <committee-name committee-id="HVR00">Committee on Veterans' Affairs</committee-name></action-desc></action><legis-type>A BILL</legis-type><official-title display="yes">To encourage effective, voluntary private sector investments to recruit, employ, and retain men and
			 women who have served in the United States military with annual
			 presidential awards to private sector employers recognizing such efforts,
			 and for other purposes.</official-title></form>
	<legis-body id="H02294EE803584AA2B1BBDD04A9D701D1" style="OLC">
 <section id="H109165CA71494DEFB803EF8FFE9BD556" section-type="section-one"><enum>1.</enum><header>Short title</header><text display-inline="no-display-inline">This Act may be cited as the <quote><short-title>Honoring Investments in Recruiting and Employing American Military Veterans Act of 2017</short-title></quote> or the <quote><short-title>HIRE Vets Act</short-title></quote>.</text> </section><section id="H1052EC3A85454029B79AC3F69DCD286E"><enum>2.</enum><header>HIRE Vets Medallion program</header> <subsection id="H2D5238C5C5814BEFA0E87E4D672D7304"><enum>(a)</enum><header>Program Established</header><text display-inline="yes-display-inline">Not later than 1 year after the date of enactment of this Act, the Secretary of Labor shall establish, by rule, a HIRE Vets Medallion Program to solicit voluntary information from employers for purposes of recognizing, by means of an award to be designated a <quote>HIRE Vets Medallion</quote>, verified efforts by such employers—</text>
 <paragraph id="HC43510D6554E4FFA80852DE7194C0FB1"><enum>(1)</enum><text>to recruit, employ, and retain veterans; and</text> </paragraph><paragraph id="HF9D85308D7E846B5B47E3CE60FC86CE0"><enum>(2)</enum><text>to provide community and charitable services supporting the veteran community.</text>
 </paragraph></subsection><subsection display-inline="no-display-inline" id="HF0207E06FD0444758F85432305397920"><enum>(b)</enum><header>Application Process</header><text display-inline="yes-display-inline">Beginning in the calendar year following the calendar year in which the Secretary establishes the program—</text>
 <paragraph id="HFE19C41C6EF54B01932AA720D4DA14C5"><enum>(1)</enum><text>the Secretary shall annually—</text> <subparagraph id="H5D58C68EE84744F288DE379276ACADE1"><enum>(A)</enum><text>solicit and accept voluntary applications from employers in order to consider whether those employers should receive a HIRE Vets Medallion;</text>
 </subparagraph><subparagraph id="HBC607E9EA1034E4D87CAC0E890E47E8A"><enum>(B)</enum><text>review applications received in each calendar year; and</text> </subparagraph><subparagraph id="HB17C95F7CD924B61A871816654F3E3B9"><enum>(C)</enum><text>provide to the President a list of recipients; and</text>
 </subparagraph></paragraph><paragraph id="H345E4E85068B4A98B842DEEEA5AA8154"><enum>(2)</enum><text>the President shall annually—</text> <subparagraph id="H0E4F24B5CB5E486E9B1D9157AA5EE110"><enum>(A)</enum><text>notify such recipients of their awards; and</text>
 </subparagraph><subparagraph id="H1B9BBD10721C4BEF8425F8D1A005F0C1"><enum>(B)</enum><text>at a time to coincide with the annual commemoration of Veterans Day—</text> <clause id="HEEC6AAA9BA9447EFAFA2A04065DE5264"><enum>(i)</enum><text>announce the names of such recipients;</text>
 </clause><clause id="H52C5A378565A4234893BC017F3316A2E"><enum>(ii)</enum><text>recognize such recipients through publication in the Federal Register; and</text> </clause><clause id="HE0B644CB88754FD994702B6AE3FBA6C5"><enum>(iii)</enum><text>issue to each such recipient—</text>
 <subclause id="HBDF5DD4F19414758935B1D7EA431F1A8"><enum>(I)</enum><text display-inline="yes-display-inline">a HIRE Vets Medallion of the level determined under section 3; and</text> </subclause><subclause id="HE2E2CE4E91FA49929A9B122723629756"><enum>(II)</enum><text display-inline="yes-display-inline">a certificate stating that such employer is entitled to display such HIRE Vets Medallion during the following calendar year, to be designated a <quote>HIRE Vets Medallion Certificate</quote>.</text>
							</subclause></clause></subparagraph></paragraph></subsection><subsection id="H9F5AAE77CC3749B0A265ADCC79A08FE2"><enum>(c)</enum><header>Timing</header>
 <paragraph id="H1EDF46CC500B47F9B37AE4D36328D045"><enum>(1)</enum><header>Solicitation period</header><text display-inline="yes-display-inline">The Secretary shall solicit applications not later than January 31st of each calendar year for the medallions to be awarded in November of that calendar year.</text>
 </paragraph><paragraph id="H7AB0F63063D24898A45FB90BB5DA45AD"><enum>(2)</enum><header>End of acceptance period</header><text display-inline="yes-display-inline">The Secretary shall stop accepting applications not earlier than April 30th of each calendar year for the medallions to be awarded in November of that calendar year.</text>
 </paragraph><paragraph id="H63B872F1C2EE43458E5A82079AAD73F9"><enum>(3)</enum><header>Review period</header><text display-inline="yes-display-inline">The Secretary shall finish reviewing applications not later than August 31st of each calendar year for the medallions to be awarded in November of that calendar year.</text>
 </paragraph><paragraph display-inline="no-display-inline" id="H29353C05FE8A46D09B5FE8264D84EDB7"><enum>(4)</enum><header>Recommendations to President</header><text display-inline="yes-display-inline">The Secretary shall provide to the President a list of employers to receive HIRE Vets Medallions not later than September 30th of each calendar year for the medallions to be awarded in November of that calendar year.</text>
 </paragraph><paragraph id="H2FCC6B4675254BC09C4CB96F80C514C2"><enum>(5)</enum><header>Notice to recipients</header><text>The President shall notify employers who will receive HIRE Vets Medallions not later than October 11th of each calendar year for the medallions to be awarded in November of that calendar year.</text>
				</paragraph></subsection></section><section id="HD81D489CD8B24BCC981FC7C0B398D6FD"><enum>3.</enum><header>Selection of recipients</header>
			<subsection id="H367AB4B9EFF9499CB46A3584568A2C5E"><enum>(a)</enum><header>Application review process</header>
 <paragraph id="H5BC6AD7F792C443394387BE860E62A70"><enum>(1)</enum><header>In general</header><text display-inline="yes-display-inline">The Secretary shall review all applications received in a calendar year to determine whether an employer should receive a HIRE Vets Medallion, and, if so, of what level.</text>
 </paragraph><paragraph id="H3EDBCD8CF11D4641913C325EA7388CC9"><enum>(2)</enum><header>Application contents</header><text display-inline="yes-display-inline">The Secretary shall require that all applications provide information on the programs and other efforts of applicant employers during the calendar year prior to that in which the medallion is to be awarded, including the categories and activities governing the level of award for which the applicant is eligible under subsection (b).</text>
 </paragraph><paragraph id="HF39D1860C35743408A0EB465BFFD2C0E"><enum>(3)</enum><header>Verification</header><text>In reviewing applications, the Secretary shall verify all information provided in the applications, to the extent that such information is relevant in determining whether or not an applicant should receive a HIRE Vets Medallion or in determining the appropriate level of HIRE Vets Medallion for that employer to receive.</text>
				</paragraph></subsection><subsection id="H90B3B344777349C4A17282EDBA378504"><enum>(b)</enum><header>Awards</header>
				<paragraph id="HAAA5DFA1B3844B5BB1F9F42A39E1CFC8"><enum>(1)</enum><header>Large employers</header>
 <subparagraph id="H7A21D4EFEA1245D4899CB2251C1F4324"><enum>(A)</enum><header>In general</header><text>The Secretary shall establish two levels of HIRE Vets Medallions to be awarded to employers employing 500 or more employees, to be designated the <quote>Gold HIRE Vets Medallion</quote> and the <quote>Platinum HIRE Vets Medallion</quote>.</text>
 </subparagraph><subparagraph id="HA0C319EECC34415485C7715D340F0567"><enum>(B)</enum><header>Gold HIRE Vets Medallion</header><text display-inline="yes-display-inline">No employer shall be eligible to receive a Gold HIRE Vets Medallion in a given calendar year unless—</text>
 <clause id="HF5D90D018ACE460D9062BFE40A22ABC5"><enum>(i)</enum><text>veterans constitute not less than 7 percent of all employees hired by such employer during the prior calendar year;</text>
 </clause><clause id="H43F7C64E196D452FB16CC6C0A67231DD"><enum>(ii)</enum><text>such employer has established an employee veteran organization or resource group to assist new veteran employees with integration, including coaching and mentoring; and</text>
 </clause><clause id="H50939739FB9445099C15A0FCC9CBEAB8"><enum>(iii)</enum><text>such employer has established programs to enhance the leadership skills of veteran employees during their employment.</text>
 </clause></subparagraph><subparagraph display-inline="no-display-inline" id="HF0221BF714024777A38BBC456EA63DE4"><enum>(C)</enum><header>Platinum HIRE Vets Medallion</header><text>No employer shall be eligible to receive a Platinum HIRE Vets Medallion in a given calendar year unless—</text>
 <clause id="HE757C8FB138848E79063D1259E62C00A"><enum>(i)</enum><text>veterans constitute not less than 10 percent of all employees hired by such employer during the prior calendar year;</text>
 </clause><clause id="H48A8895B70A542BA87BEACB93D3F62E0"><enum>(ii)</enum><text display-inline="yes-display-inline">such employer retains through the end of the prior calendar year not less than 85 percent of veteran employees hired during the calendar year before the prior calendar year;</text>
 </clause><clause id="H99BB719D545045899E94A8D6B3E66648"><enum>(iii)</enum><text>such employer employs dedicated human resources professionals to support hiring and retention of veteran employees, including efforts focused on veteran hiring and training;</text>
 </clause><clause id="HE880E6445E7D405A97CC11D8959B945D"><enum>(iv)</enum><text>such employer provides each of its employees serving on active duty in the United States National Guard or Reserve with compensation sufficient, in combination with the employee’s active duty pay, to achieve a combined level of income commensurate with the employee’s salary prior to undertaking active duty; and</text>
 </clause><clause id="H9F3E40EA4CFB4B1EB779AFA7B4BA2FBA"><enum>(v)</enum><text>such employer has established a tuition assistance program to support veteran employees’ attendance in postsecondary education during the term of their employment.</text>
 </clause></subparagraph><subparagraph id="H8ABBFCF034424083AF95D52C4197A97A"><enum>(D)</enum><header>Exemption for smaller employers</header><text>An employer shall be deemed to meet the requirements of subparagraph (C)(iv) if such employer—</text> <clause id="H5EAEE2D5AD3340C88EDF2A154CDD23C9"><enum>(i)</enum><text>employs 5,000 or fewer employees; and</text>
 </clause><clause id="HB9D9E2E1E5DF4888B9AB6B88113645F4"><enum>(ii)</enum><text>employs at least one human resources professional whose regular work duties include those described under subparagraph (C)(iii).</text>
 </clause></subparagraph><subparagraph display-inline="no-display-inline" id="HD31FCCBF74D3406CAD327F9C65BE6263"><enum>(E)</enum><header>Additional criteria</header><text>The Secretary may provide, by rule, additional criteria with which to determine qualifications for receipt of each level of HIRE Vets Medallion.</text>
 </subparagraph></paragraph><paragraph display-inline="no-display-inline" id="H3927D84338E24EABB1E02DE84032CAB3"><enum>(2)</enum><header>Small- and medium-sized employers</header><text>The Secretary shall establish similar awards in order to recognize achievements in supporting veterans by—</text>
 <subparagraph id="HCCF43BC368464EDC99B60EA29B4D1D68"><enum>(A)</enum><text>employers with 50 or fewer employees; and</text> </subparagraph><subparagraph id="HF179875435D74BD4B222A84244F9FFB5"><enum>(B)</enum><text>employers with more than 50 but fewer than 500 employees.</text>
 </subparagraph></paragraph></subsection><subsection id="HA22D01FF2BED474894644299EED2FE80"><enum>(c)</enum><header>Design by Secretary</header><text>The Secretary shall establish the shape, form, and metallic content of each HIRE Vets Medallion.</text> </subsection></section><section id="HE699E4A5F65144B9B8FDA986606EB57D"><enum>4.</enum><header>Display of award</header> <subsection id="H2AED2EAAD5D1403F93493E50A5CE5565"><enum>(a)</enum><header>In general</header><text display-inline="yes-display-inline">The recipient of a HIRE Vets Medallion may—</text>
 <paragraph id="H7C5E36282F1245F5A1D8C273D6C7A649"><enum>(1)</enum><text display-inline="yes-display-inline">publicly display such medallion through the end of the calendar year following receipt of such medallion; and</text>
 </paragraph><paragraph id="H120526A90A8D4F499F64E732DE7116EA"><enum>(2)</enum><text>publicly display the HIRE Vets Medallion Certificate issued in conjunction with such medallion.</text> </paragraph></subsection><subsection id="H9ACAD091B8A7492399F8ABE1164088DE"><enum>(b)</enum><header>Unlawful display prohibited</header><text display-inline="yes-display-inline">It is unlawful for any employer to publicly display a HIRE Vets Medallion, in connection with, or as a part of, any advertisement, solicitation, business activity, or product—</text>
 <paragraph id="HD40761876B2146D7A55FC0857A42AB83"><enum>(1)</enum><text display-inline="yes-display-inline">for the purpose of conveying, or in a manner reasonably calculated to convey, a false impression that the employer received the medallion through the HIRE Vets Medallion Program, if such employer did not receive such medallion through the HIRE Vets Medallion Program; or</text>
 </paragraph><paragraph id="HD1C32791FB2C48C7A7D5BDD5B35B75A3"><enum>(2)</enum><text display-inline="yes-display-inline">for the purpose of conveying, or in a manner reasonably calculated to convey, a false impression that the employer received the medallion through the HIRE Vets Medallion Program during the preceding calendar year if it is after the end of the calendar year following the calendar year in which such medallion was issued to such employer through the HIRE Vets Medallion Program.</text>
				</paragraph></subsection></section><section id="HE039FEF583764D20B4CFEA8862C84C1C"><enum>5.</enum><header>Application fee and funding</header>
 <subsection id="H1402348809FE482E8E3CCEC220722D30"><enum>(a)</enum><header>Fund established</header><text>There is established in the Treasury of the United States a fund to be designated the <quote>HIRE Vets Medallion Award Fund</quote>.</text> </subsection><subsection id="H5FF448BD26104BB3B0833DD5897C0FD6"><enum>(b)</enum><header>Fee authorized</header><text display-inline="yes-display-inline">The Secretary may assess a reasonable fee on employers that apply for receipt of a HIRE Vets Medallion and the Secretary shall deposit such fees into the HIRE Vets Medallion Award Fund. The Secretary shall establish the amount of the fee such that the amounts collected as fees and deposited into the Fund are sufficient to cover the costs associated with carrying out this Act.</text>
 </subsection><subsection id="H25DBB297577A42839B768397EE5DF2CD"><enum>(c)</enum><header>Use of funds</header><text display-inline="yes-display-inline">Amounts in the HIRE Vets Medallion Award Fund shall be available, subject to appropriation, to the Secretary to carry out the HIRE Vets Medallion Program.</text>
			</subsection></section><section id="HFAEE4099EA34445486F914BBDAF550A1"><enum>6.</enum><header>Report to Congress</header>
 <subsection id="H47DE612CE1D24E82B4A339D7DB052318"><enum>(a)</enum><header>Reports</header><text display-inline="yes-display-inline">Beginning not later than 2 years after the date of enactment of this Act, the Secretary shall submit to Congress annual reports on—</text>
 <paragraph id="H7CE3329692854EA4AC4BCE1D303E0160"><enum>(1)</enum><text>the fees collected from applicants for HIRE Vets Medallions in the prior year and any changes in fees to be proposed in the present year;</text>
 </paragraph><paragraph id="H19F00FF80052479CB25492B98D821307"><enum>(2)</enum><text>the cost of administering the HIRE Vets Medallion Program in the prior year;</text> </paragraph><paragraph id="H718D6365D3E441408C04BDA8E06BB8C0"><enum>(3)</enum><text>the number of applications for HIRE Vets Medallions received in the prior year; and</text>
 </paragraph><paragraph id="HCDABCF2AF9F846DD8CC2C41071688B4D"><enum>(4)</enum><text>the HIRE Vets Medallions awarded in the prior year, including the name of each employer to whom a HIRE Vets Medallion was awarded and the level of medallion awarded to each such employer.</text>
 </paragraph></subsection><subsection id="H6774A667EF8D41DE88C9455524E881E3"><enum>(b)</enum><header>Committees</header><text>The Secretary shall provide the reports required under subsection (a) to the Chairman and Ranking Member of—</text>
 <paragraph id="H3A138BB692C04E7E8B498691CA4698B2"><enum>(1)</enum><text>the Committees on Education and the Workforce and Veterans’ Affairs of the House of Representatives; and</text>
 </paragraph><paragraph id="HE4E9DD483FD34E1183867EDD39B4B19C"><enum>(2)</enum><text display-inline="yes-display-inline">the Committees on Health, Education, Labor, and Pensions and Veterans’ Affairs of the Senate.</text> </paragraph></subsection></section><section display-inline="no-display-inline" id="H6321E4ED26F44AC88E26AA034D1DDB44" section-type="subsequent-section"><enum>7.</enum><header>Definitions</header><text display-inline="no-display-inline">In this Act:</text>
 <subsection id="H8BFAD44BE5034D218F5A1625BDC15A83"><enum>(a)</enum><header>Employer</header><text>The term <quote>employer</quote> has the meaning given such term under section 4303 of title 38, United States Code, except that such term does not include—</text>
 <paragraph id="H563D769687874FBAB4271BEE2CEF093E"><enum>(1)</enum><text>the Federal Government;</text> </paragraph><paragraph id="H67B64D479B1A45EBBC2BB87190916727"><enum>(2)</enum><text>any State, as defined in such section; or</text>
 </paragraph><paragraph id="H9043851203CD420B9F98A8A245DBFF32"><enum>(3)</enum><text>any foreign state.</text> </paragraph></subsection><subsection display-inline="no-display-inline" id="H746402530A60418BB5E90B42BAB36E5F"><enum>(b)</enum><header>Secretary</header><text>The term <quote>Secretary</quote> means the Secretary of Labor.</text>
 </subsection><subsection id="H7EFCAF96C28D4F0792CEE633A9F15DE5"><enum>(c)</enum><header>Veteran</header><text display-inline="yes-display-inline">The term <quote>veteran</quote> has the meaning given such term under section 101 of title 38, United States Code.</text> </subsection></section></legis-body></bill> 

