<?xml version="1.0"?>
<?xml-stylesheet type="text/xsl" href="billres.xsl"?>
<!DOCTYPE bill PUBLIC "-//US Congress//DTDs/bill.dtd//EN" "bill.dtd">
<bill bill-stage="Introduced-in-House" bill-type="olc" dms-id="H8A581DFC4B174546B69DB8A09EC46DDB" key="H" public-private="public"><metadata xmlns:dc="http://purl.org/dc/elements/1.1/">
<dublinCore>
<dc:title>115 HR 234 IH: Maritime Lien Reform Act</dc:title>
<dc:publisher>U.S. House of Representatives</dc:publisher>
<dc:date>2017-01-03</dc:date>
<dc:format>text/xml</dc:format>
<dc:language>EN</dc:language>
<dc:rights>Pursuant to Title 17 Section 105 of the United States Code, this file is not subject to copyright protection and is in the public domain.</dc:rights>
</dublinCore>
</metadata>
<form>
<distribution-code display="yes">I</distribution-code><congress display="yes">115th CONGRESS</congress><session display="yes">1st Session</session><legis-num display="yes">H. R. 234</legis-num><current-chamber>IN THE HOUSE OF REPRESENTATIVES</current-chamber><action display="yes"><action-date date="20170103">January 3, 2017</action-date><action-desc><sponsor name-id="Y000033">Mr. Young of Alaska</sponsor> introduced the following bill; which was referred to the <committee-name committee-id="HPW00">Committee on Transportation and Infrastructure</committee-name></action-desc></action><legis-type>A BILL</legis-type><official-title display="yes">To provide limitations on maritime liens on fishing permits, and for other purposes.</official-title></form>
	<legis-body id="HCAB6C0E182E04712B9703880B36BFA5F" style="OLC">
 <section id="H931E4CAB61EA415B9AD9F6108F4D202D" section-type="section-one"><enum>1.</enum><header>Short title</header><text display-inline="no-display-inline">This Act may be cited as the <quote><short-title>Maritime Lien Reform Act</short-title></quote>.</text> </section><section id="H220B90D6BC59416EB720152583B3B606"><enum>2.</enum><header>Limitation on maritime liens on fishing permit and permit description</header> <subsection id="HD1484C01C1324D908CE84359AB903A58"><enum>(a)</enum><header>In general</header><text>Subchapter I of <external-xref legal-doc="usc-chapter" parsable-cite="usc-chapter/46/313">chapter 313</external-xref> of title 46, United States Code, is amended by adding at the end the following:</text>
				<quoted-block display-inline="no-display-inline" id="HC95E908C143247849E5B58531158AC56" style="USC">
					<section id="HDBDE6DF424F147C2B5E444101770843C"><enum>31310.</enum><header>Limitation on maritime liens on fishing permit and permit description</header>
 <subsection id="HD943EE3245334E1E83FAB5CC1190D6DF"><enum>(a)</enum><header>In general</header><text>This chapter—</text> <paragraph id="HD1959068F2134EA5B7CB43232F36FD1F"><enum>(1)</enum><text>does not establish a maritime lien on a permit that—</text>
 <subparagraph id="HF8FCC32D84DE4318B89B9781367DD58A"><enum>(A)</enum><text>authorizes a person or use of a vessel to engage in fishing; and</text> </subparagraph><subparagraph id="H2E76A99C84674ED28BCD05F9EC2FCB0E"><enum>(B)</enum><text>is issued under State or Federal law; and</text>
 </subparagraph></paragraph><paragraph id="HB9372340A87A4721B978534796C46817"><enum>(2)</enum><text>does not authorize any civil action to enforce a maritime lien on such a permit.</text> </paragraph></subsection><subsection commented="no" id="H02F1EBEA941C4CE881083C0B984023E0"><enum>(b)</enum><header>Treatment of fishing permits</header><text>A fishing permit—</text>
 <paragraph commented="no" id="H5F1C87EDAE314CAFA616B551B4D5C4D4"><enum>(1)</enum><text>is governed solely by the State or Federal law under which it was issued; and</text> </paragraph><paragraph commented="no" id="H7AAC474F016B4298A4920B5B430E0C60"><enum>(2)</enum><text>is not included in the whole of a vessel or as an appurtenance or intangible of a vessel for any purpose.</text>
 </paragraph></subsection><subsection id="H7511A918E99C4D20BC33E02CD2A207A9"><enum>(c)</enum><header>Limitation on statutory construction</header><text>Nothing in subsections (a) and (b) shall be construed as imposing any limitation upon the authority of the Secretary of Commerce to modify, suspend, revoke, or sanction any Federal fishery permit issued by the Secretary of Commerce or to bring a civil action to enforce such modification, suspension, revocation, or sanction.</text></subsection></section><after-quoted-block>.</after-quoted-block></quoted-block>
 </subsection><subsection id="H27E70C00F2D14FC29EF32D9C65240A85"><enum>(b)</enum><header>Clerical amendment</header><text>The table of sections at the beginning of such chapter is amended by inserting after the item relating to section 31309 the following:</text>
				<quoted-block display-inline="no-display-inline" id="H1012B43780E74DE9A69A90392E436D50" style="OLC">
					<toc>
						<toc-entry bold="off" level="section">31310. Limitation on maritime liens on fishing permit and permit description.</toc-entry></toc><after-quoted-block>.</after-quoted-block></quoted-block>
			</subsection></section></legis-body></bill>


