<?xml version="1.0"?>
<?xml-stylesheet type="text/xsl" href="billres.xsl"?>
<!DOCTYPE bill PUBLIC "-//US Congress//DTDs/bill.dtd//EN" "bill.dtd">
<bill bill-stage="Introduced-in-House" bill-type="olc" dms-id="HA868B610A8EE4E9B8AB66BB1ECF3EBBD" key="H" public-private="public"><metadata xmlns:dc="http://purl.org/dc/elements/1.1/">
<dublinCore>
<dc:title>115 HR 499 IH: No Exemption for Washington from Obamacare Act</dc:title>
<dc:publisher>U.S. House of Representatives</dc:publisher>
<dc:date>2017-01-12</dc:date>
<dc:format>text/xml</dc:format>
<dc:language>EN</dc:language>
<dc:rights>Pursuant to Title 17 Section 105 of the United States Code, this file is not subject to copyright protection and is in the public domain.</dc:rights>
</dublinCore>
</metadata>
<form>
<distribution-code display="yes">I</distribution-code><congress display="yes">115th CONGRESS</congress><session display="yes">1st Session</session><legis-num display="yes">H. R. 499</legis-num><current-chamber>IN THE HOUSE OF REPRESENTATIVES</current-chamber><action display="yes"><action-date date="20170112">January 12, 2017</action-date><action-desc><sponsor name-id="D000621">Mr. DeSantis</sponsor> introduced the following bill; which was referred to the <committee-name committee-id="HGO00">Committee on Oversight and Government Reform</committee-name>, and in addition to the Committees on <committee-name committee-id="HHA00">House Administration</committee-name>, <committee-name committee-id="HWM00">Ways and Means</committee-name>, and <committee-name committee-id="HIF00">Energy and Commerce</committee-name>, for a period to be subsequently determined by the Speaker, in each case for consideration of such
			 provisions as fall within the jurisdiction of the committee concerned</action-desc></action><legis-type>A BILL</legis-type><official-title display="yes">To require members of Congress and congressional staff to abide by the Patient Protection and
			 Affordable Care Act with respect to health insurance coverage, and for
			 other purposes.</official-title></form>
	<legis-body id="H4BFDDB58453B4F20B90D3DC532016496" style="OLC">
 <section id="H4E5E1E13DD8B47E28ABDE876B3DAAAF5" section-type="section-one"><enum>1.</enum><header>Short title</header><text display-inline="no-display-inline">This Act may be cited as the <quote><short-title>No Exemption for Washington from Obamacare Act</short-title></quote>.</text> </section><section id="H3DF22605C4A74CE68DA18BEFFF3A90AC"><enum>2.</enum><header>Health insurance coverage for certain Congressional staff and members of the executive branch</header><text display-inline="no-display-inline">Section 1312(d)(3)(D) of the Patient Protection and Affordable Care Act (<external-xref legal-doc="usc" parsable-cite="usc/42/18032">42 U.S.C. 18032(d)(3)(D)</external-xref>) is amended—</text>
 <paragraph id="HA9B6148A340B45B7B3594B7BFEEB4FD1"><enum>(1)</enum><text display-inline="yes-display-inline">by striking the subparagraph heading and inserting the following:</text> <quoted-block display-inline="no-display-inline" id="H45D744ABA62E499DB2177A201BA2404B" style="OLC"> <subparagraph id="H87A1F075B8F348469720F6D903C16498"><enum>(D)</enum><header>Members of Congress, congressional staff, and political appointees in the exchange</header></subparagraph><after-quoted-block>;</after-quoted-block></quoted-block> </paragraph><paragraph id="H6836D586EE6840429F4D103C347F5F34"><enum>(2)</enum><text>in clause (i), in the matter preceding subclause (I)—</text>
 <subparagraph id="H2CC1F53A4E3E4D418AF280202EE2D10E"><enum>(A)</enum><text>by striking <quote><short-title>and congressional staff with</short-title></quote> and inserting <quote><short-title>, congressional staff, the President, the Vice President, and political appointees with</short-title></quote>; and</text> </subparagraph><subparagraph id="HE5F9D4C43F9A4FB0AADC9E2DC3830265"><enum>(B)</enum><text>by striking <quote><short-title>or congressional staff shall</short-title></quote> and inserting <quote><short-title>, congressional staff, the President, the Vice President, or a political appointee shall</short-title></quote>;</text>
 </subparagraph></paragraph><paragraph id="H9EB8254EAE904A868401DA3A94A6361C"><enum>(3)</enum><text>in clause (ii)—</text> <subparagraph id="H90FABAAF932842F5A6CD9DE811A7F0B7"><enum>(A)</enum><text>in subclause (II), by inserting after <quote><short-title>Congress,</short-title></quote> the following: <quote><short-title>of a committee of Congress, or of a leadership office of Congress,</short-title></quote>; and</text>
 </subparagraph><subparagraph id="H73057EF9B1324C10B523DE56CD1E8D69"><enum>(B)</enum><text>by adding at the end the following:</text> <quoted-block display-inline="no-display-inline" id="H986B94003CA145189138B7C0303A14A6" style="OLC"> <subclause id="HC7D12589686B42BAB84481A435FC5E35"><enum>(III)</enum><header>Political appointee</header><text>The term <term>political appointee</term> means any individual who—</text>
 <item id="HFADAFC462A67462FABB76E9D732F8344"><enum>(aa)</enum><text>is employed in a position described under sections 5312 through 5316 of title 5, United States Code, (relating to the Executive Schedule);</text>
 </item><item id="HB997CE76122A45EFA1F3A1805A3DF863"><enum>(bb)</enum><text>is a limited term appointee, limited emergency appointee, or noncareer appointee in the Senior Executive Service, as defined under paragraphs (5), (6), and (7), respectively, of section 3132(a) of title 5, United States Code; or</text>
 </item><item id="H2CC19EA48ADB4405843EF244AB469016"><enum>(cc)</enum><text>is employed in a position in the executive branch of the Government of a confidential or policy-determining character under schedule C of subpart C of part 213 of title 5 of the Code of Federal Regulations.</text></item></subclause><after-quoted-block>; and</after-quoted-block></quoted-block>
 </subparagraph></paragraph><paragraph id="H14EBA459E964490AB5D775F00C73210C"><enum>(4)</enum><text>by adding at the end the following:</text> <quoted-block display-inline="no-display-inline" id="H8ACF25A33D00427A978B151E396164A6" style="OLC"> <clause id="H1D9CA543143A417786C62D2D043DC790"><enum>(iii)</enum><header>Government contribution</header><text display-inline="yes-display-inline">No Government contribution under section 8906 of title 5, United States Code, shall be provided on behalf of an individual who is a Member of Congress, a congressional staff member, the President, the Vice President, or a political appointee for coverage under this paragraph.</text>
 </clause><clause id="HE34FE16011C94B5EB596C365034A4EAD"><enum>(iv)</enum><header>Limitation on amount of tax credit or cost-sharing</header><text display-inline="yes-display-inline">An individual enrolling in health insurance coverage pursuant to this paragraph shall not be eligible to receive a tax credit under <external-xref legal-doc="usc" parsable-cite="usc/26/36B">section 36B</external-xref> of the Internal Revenue Code of 1986 or reduced cost sharing under section 1402 of this Act in an amount that exceeds the total amount for which a similarly situated individual (who is not so enrolled) would be entitled to receive under such sections.</text>
 </clause><clause id="H45EC7A0B200842FBBD5CF4E6B773407E"><enum>(v)</enum><header>Limitation on discretion for designation of staff</header><text>Notwithstanding any other provision of law, a Member of Congress shall not have discretion in determinations with respect to which employees employed by the office of such Member are eligible to enroll for coverage through an Exchange.</text>
 </clause><clause id="H0E82EA8B20D847D78C196EA9A5738B11"><enum>(vi)</enum><header>Clarification</header><text>The terms small employer (as defined under section 1304(b)(2)) and qualified employers (as defined under subsection (f)) do not include the Congress, with respect to enrollments in an Exchange and a SHOP Exchange.</text></clause><after-quoted-block>.</after-quoted-block></quoted-block>
			</paragraph></section></legis-body></bill>


