<?xml version="1.0"?>
<?xml-stylesheet type="text/xsl" href="billres.xsl"?>
<!DOCTYPE bill PUBLIC "-//US Congress//DTDs/bill.dtd//EN" "bill.dtd">
<bill bill-stage="Introduced-in-House" bill-type="olc" dms-id="H9AFA295BDE0E44A1A8AB2A5F017102E6" key="H" public-private="public"><metadata xmlns:dc="http://purl.org/dc/elements/1.1/">
<dublinCore>
<dc:title>115 HR 290 IH: Federal Communications Commission Process Reform Act of 2017</dc:title>
<dc:publisher>U.S. House of Representatives</dc:publisher>
<dc:date>2017-01-04</dc:date>
<dc:format>text/xml</dc:format>
<dc:language>EN</dc:language>
<dc:rights>Pursuant to Title 17 Section 105 of the United States Code, this file is not subject to copyright protection and is in the public domain.</dc:rights>
</dublinCore>
</metadata>
<form>
<distribution-code display="yes">I</distribution-code><congress display="yes">115th CONGRESS</congress><session display="yes">1st Session</session><legis-num display="yes">H. R. 290</legis-num><current-chamber>IN THE HOUSE OF REPRESENTATIVES</current-chamber><action display="yes"><action-date date="20170104">January 4, 2017</action-date><action-desc><sponsor name-id="W000791">Mr. Walden</sponsor> (for himself and <cosponsor name-id="K000378">Mr. Kinzinger</cosponsor>) introduced the following bill; which was referred to the <committee-name committee-id="HIF00">Committee on Energy and Commerce</committee-name></action-desc></action><legis-type>A BILL</legis-type><official-title display="yes">To amend the Communications Act of 1934 to provide for greater transparency and efficiency in the
			 procedures followed by the Federal Communications Commission, and for
			 other purposes.</official-title></form>
	<legis-body id="H86D32BC7DADA44829090B8B4AA0D6F52" style="OLC">
 <section id="HCC4657BB908A48228FF4E72582495C32" section-type="section-one"><enum>1.</enum><header>Short title</header><text display-inline="no-display-inline">This Act may be cited as the <quote><short-title>Federal Communications Commission Process Reform Act of 2017</short-title></quote>.</text> </section><section id="HEE54FC47A5AA4FF084B2475F594B9DD7"><enum>2.</enum><header>Federal Communications Commission process reform</header> <subsection id="HCDD2A8EFAB834540BEF0C5D5F0354385"><enum>(a)</enum><header>In general</header><text display-inline="yes-display-inline">Title I of the Communications Act of 1934 (<external-xref legal-doc="usc" parsable-cite="usc/47/151">47 U.S.C. 151 et seq.</external-xref>) is amended by adding at the end the following:</text>
				<quoted-block display-inline="no-display-inline" id="H3F3086931D1448919CAE678326FBCBAB" style="OLC">
					<section id="HB3A4C49167DB4E0CA19F3A80259079C1"><enum>13.</enum><header>Transparency and efficiency</header>
						<subsection id="H6784F8112BD345A796FF713AAB0B04B7"><enum>(a)</enum><header>Initial rulemaking and inquiry</header>
 <paragraph id="H1CFB8477836E42C9B5975E4B34AC5DFD"><enum>(1)</enum><header>Rulemaking</header><text display-inline="yes-display-inline">Not later than 1 year after the date of the enactment of this section, the Commission shall complete a rulemaking proceeding and adopt procedural changes to its rules to maximize opportunities for public participation and efficient decisionmaking.</text>
 </paragraph><paragraph id="H44AC98D75D004C53A9EF233645FCD33F"><enum>(2)</enum><header>Requirements for rulemaking</header><text display-inline="yes-display-inline">The rules adopted under paragraph (1) shall—</text> <subparagraph id="H03DB0C32CAEE448C9EA67EE3506488C8"><enum>(A)</enum><text display-inline="yes-display-inline">set minimum comment periods for comment and reply comment, subject to a determination by the Commission that good cause exists for departing from such minimum comment periods, for—</text>
 <clause commented="no" id="H59F8E940E9964C62B05E0FACB18B36B4"><enum>(i)</enum><text display-inline="yes-display-inline">significant regulatory actions, as defined in Executive Order No. 12866; and</text> </clause><clause commented="no" id="H790CA3D5FCB049B985AD96D0F79BFB72"><enum>(ii)</enum><text>all other rulemaking proceedings;</text>
 </clause></subparagraph><subparagraph id="H94AD276F7AD24567B9051799DEFDD468"><enum>(B)</enum><text display-inline="yes-display-inline">establish policies concerning the submission of extensive new comments, data, or reports towards the end of the comment period;</text>
 </subparagraph><subparagraph id="H1CD6EC427141419091F20157A9E7F9F4"><enum>(C)</enum><text display-inline="yes-display-inline">establish policies regarding treatment of comments, ex parte communications, and data or reports (including statistical reports and reports to Congress) submitted after the comment period to ensure that the public has adequate notice of and opportunity to respond to such submissions before the Commission relies on such submissions in any order, decision, report, or action;</text>
 </subparagraph><subparagraph id="H9796760124B64E59BA96D440EF602E7A"><enum>(D)</enum><text display-inline="yes-display-inline">establish procedures for, not later than 14 days after the end of each quarter of a calendar year (or more frequently, as the Commission considers appropriate), publishing on the Internet website of the Commission and submitting to Congress a report that contains—</text>
 <clause id="HAB5529A95B504B3288A6E8E1CC05D07C"><enum>(i)</enum><text>the status of open rulemaking proceedings and proposed orders, decisions, reports, or actions on circulation for review by the Commissioners, including which Commissioners have not cast a vote on an order, decision, report, or action that has been on circulation for more than 60 days;</text>
 </clause><clause id="H640BC3330EB64D3CA24CCB8C99980EC9"><enum>(ii)</enum><text display-inline="yes-display-inline">for the petitions, applications, complaints, and other requests for action by the Commission that were pending at the Commission on the last day of such quarter (or more frequent period, as the case may be)—</text>
 <subclause id="HAB0FE240EC154501BC13B65B34952B74"><enum>(I)</enum><text>the number of such requests, broken down by the bureau primarily responsible for action and, for each bureau, the type of request (such as a petition, application, or complaint); and</text>
 </subclause><subclause id="H05024F53679D4AE18702A00F8D145A6D"><enum>(II)</enum><text>information regarding the amount of time for which such requests have been pending, broken down as described in subclause (I); and</text>
 </subclause></clause><clause id="HF9E06327E4244E2BB61281692C3DCEB4"><enum>(iii)</enum><text display-inline="yes-display-inline">a list of the congressional investigations of the Commission that were pending on the last day of such quarter (or more frequent period, as the case may be) and the cost of such investigations, individually and in the aggregate;</text>
 </clause></subparagraph><subparagraph id="HABAC16D4EB8542E3930A29D94CAE56B7"><enum>(E)</enum><text display-inline="yes-display-inline">establish deadlines (relative to the date of filing) for—</text> <clause id="H5321BC9E51C641B69CDB748B7CC6F29C"><enum>(i)</enum><text>in the case of a petition for a declaratory ruling under section 1.2 of title 47, Code of Federal Regulations, issuing a public notice of such petition;</text>
 </clause><clause id="HC6A23F6A504E4357892CD9D7088BB384"><enum>(ii)</enum><text display-inline="yes-display-inline">in the case of a petition for rulemaking under section 1.401 of such title, issuing a public notice of such petition; and</text>
 </clause><clause id="H4D1E8B0331AA4CF3AD0D3AE3A0CC13CC"><enum>(iii)</enum><text display-inline="yes-display-inline">in the case of a petition for reconsideration under section 1.106 or 1.429 of such title or an application for review under section 1.115 of such title, issuing a public notice of a decision on the petition or application by the Commission or under delegated authority (as the case may be);</text>
 </clause></subparagraph><subparagraph id="H54222EACAFFA49F196730E4C496E18AF"><enum>(F)</enum><text>establish guidelines (relative to the date of filing) for the disposition of petitions filed under section 1.2 of such title;</text>
 </subparagraph><subparagraph id="H26F6EFF3572C47D8A4AFCBDB01B71E0D"><enum>(G)</enum><text display-inline="yes-display-inline">establish procedures for the inclusion of the specific language of the proposed rule or the proposed amendment of an existing rule in a notice of proposed rulemaking; and</text>
 </subparagraph><subparagraph id="HDAB62AAA504C4682900CBEE6DA3DEB59"><enum>(H)</enum><text display-inline="yes-display-inline">require notices of proposed rulemaking and orders adopting a rule or amending an existing rule that—</text>
 <clause id="H474909060CEA43C58C44BC4397F5EE52"><enum>(i)</enum><text>create (or propose to create) a program activity to contain performance measures for evaluating the effectiveness of the program activity; and</text>
 </clause><clause id="H12750693EECE46278D0249498F5670DC"><enum>(ii)</enum><text display-inline="yes-display-inline">substantially change (or propose to substantially change) a program activity to contain—</text> <subclause id="HEB5FB57382AA4AA88FBBE539C5900DC0"><enum>(I)</enum><text>performance measures for evaluating the effectiveness of the program activity as changed (or proposed to be changed); or</text>
 </subclause><subclause id="H83FE591253AC44B6BC7CB51EECEE898B"><enum>(II)</enum><text>a finding that existing performance measures will effectively evaluate the program activity as changed (or proposed to be changed).</text>
 </subclause></clause></subparagraph></paragraph><paragraph id="H178671A3358F456C97BB4BEE69505E19"><enum>(3)</enum><header>Inquiry</header><text display-inline="yes-display-inline">Not later than 1 year after the date of the enactment of this section, the Commission shall complete an inquiry to seek public comment on whether and how the Commission should—</text>
 <subparagraph id="HFCB8DC77F8E141748BBFAB174D3C5B9F"><enum>(A)</enum><text display-inline="yes-display-inline">establish procedures for allowing a bipartisan majority of Commissioners to place an order, decision, report, or action on the agenda of an open meeting;</text>
 </subparagraph><subparagraph id="H61E0E433FEC74B82BB78D7C5655C2AD4"><enum>(B)</enum><text display-inline="yes-display-inline">establish procedures for informing all Commissioners of a reasonable number of options available to the Commission for resolving a petition, complaint, application, rulemaking, or other proceeding;</text>
 </subparagraph><subparagraph id="HDA84F99083954385A64AD4799637FF08"><enum>(C)</enum><text display-inline="yes-display-inline">establish procedures for ensuring that all Commissioners have adequate time, prior to being required to decide a petition, complaint, application, rulemaking, or other proceeding (including at a meeting held pursuant to section 5(d)), to review the proposed Commission decision document, including the specific language of any proposed rule or any proposed amendment of an existing rule;</text>
 </subparagraph><subparagraph id="H379BCBC8CA9C4F16A3A6CA6B52D152D8"><enum>(D)</enum><text display-inline="yes-display-inline">establish procedures for publishing the text of agenda items to be voted on at an open meeting in advance of such meeting so that the public has the opportunity to read the text before a vote is taken;</text>
 </subparagraph><subparagraph id="HFED466868C76452AACF491449F1825F5"><enum>(E)</enum><text display-inline="yes-display-inline">establish deadlines (relative to the date of filing) for disposition of applications for a license under section 1.913 of title 47, Code of Federal Regulations;</text>
 </subparagraph><subparagraph id="HDC751D16740845A48BD750BFA938D04C"><enum>(F)</enum><text>assign resources needed in order to meet the deadlines described in subparagraph (E), including whether the Commission’s ability to meet such deadlines would be enhanced by assessing a fee from applicants for such a license; and</text>
 </subparagraph><subparagraph commented="no" id="H4F48EE57769A4FA783D2D1538ED17704"><enum>(G)</enum><text display-inline="yes-display-inline">except as otherwise provided in section 4(p), publish each order, decision, report, or action not later than 30 days after the date of the adoption of such order, decision, report, or action.</text>
 </subparagraph></paragraph><paragraph id="HF16440EAF2544A98A89E696843848BDE"><enum>(4)</enum><header>Data for performance measures</header><text>The Commission shall develop a performance measure or proposed performance measure required by this subsection to rely, where possible, on data already collected by the Commission.</text>
 </paragraph><paragraph id="H2474A52579164A628A0EB3DEDD7F0823"><enum>(5)</enum><header>GAO audit</header><text display-inline="yes-display-inline">Not less frequently than every 6 months, the Comptroller General of the United States shall audit the cost estimates provided by the Commission under paragraph (2)(D)(iii) during the preceding 6-month period.</text>
 </paragraph></subsection><subsection id="HD6A4CCC5E60F4D04855A79B5C3580C96"><enum>(b)</enum><header>Periodic review</header><text display-inline="yes-display-inline">On the date that is 5 years after the completion of the rulemaking proceeding under subsection (a)(1), and every 5 years thereafter, the Commission shall initiate a new rulemaking proceeding to continue to consider such procedural changes to its rules as may be in the public interest to maximize opportunities for public participation and efficient decisionmaking.</text>
						</subsection><subsection id="HD3004F50E3084974B0528E174A444E1D"><enum>(c)</enum><header>Nonpublic collaborative discussions</header>
 <paragraph id="HCF0A86E604F44A6891A67F35F16D7FF9"><enum>(1)</enum><header>In general</header><text display-inline="yes-display-inline">Notwithstanding section 552b of title 5, United States Code, a bipartisan majority of Commissioners may hold a meeting that is closed to the public to discuss official business if—</text>
 <subparagraph id="H024E99E35A1E438CB5D5C15B73BB5918"><enum>(A)</enum><text>a vote or any other agency action is not taken at such meeting;</text> </subparagraph><subparagraph id="HA7575817522B450B985FC2DE3DFD1773"><enum>(B)</enum><text display-inline="yes-display-inline">each person present at such meeting is a Commissioner, an employee of the Commission, a member of a joint board or conference established under section 410, or a person on the staff of such a joint board or conference or of a member of such a joint board or conference; and</text>
 </subparagraph><subparagraph id="HA3F62FD43D704F46A8A9FE5E59C0D527"><enum>(C)</enum><text>an attorney from the Office of General Counsel of the Commission is present at such meeting.</text> </subparagraph></paragraph><paragraph id="H3920B1749B53441DB01A2F6C2256FE4D"><enum>(2)</enum><header>Disclosure of nonpublic collaborative discussions</header><text>Not later than 2 business days after the conclusion of a meeting held under paragraph (1), the Commission shall publish a disclosure of such meeting, including—</text>
 <subparagraph id="HB2FD6513D57C49E482117BFF96D1986D"><enum>(A)</enum><text>a list of the persons who attended such meeting; and</text> </subparagraph><subparagraph id="H2A26644C8E0647B49389FA25B2C6CE59"><enum>(B)</enum><text>a summary of the matters discussed at such meeting, except for such matters as the Commission determines may be withheld under section 552b(c) of title 5, United States Code.</text>
 </subparagraph></paragraph><paragraph id="HCE85E374785043E29A9CC7A8827AF3D5"><enum>(3)</enum><header>Preservation of open meetings requirements for agency action</header><text display-inline="yes-display-inline">Nothing in this subsection shall limit the applicability of section 552b of title 5, United States Code, with respect to a meeting of Commissioners other than that described in paragraph (1).</text>
 </paragraph></subsection><subsection id="H86BF9040E29044C081C85BD92B170B3B"><enum>(d)</enum><header>Access to certain information on Commission’s website</header><text display-inline="yes-display-inline">The Commission shall provide direct access from the homepage of its website to—</text> <paragraph id="H3277BC3BF8FB40A99EBE1325684251C3"><enum>(1)</enum><text>detailed information regarding—</text>
 <subparagraph id="H45AAB91B228E498EAFB6346B9211BC4E"><enum>(A)</enum><text>the budget of the Commission for the current fiscal year;</text> </subparagraph><subparagraph id="H1FDE64634942405C944CAC3A8C90FCB4"><enum>(B)</enum><text>the appropriations for the Commission for such fiscal year; and</text>
 </subparagraph><subparagraph id="HD1F2BBC0975445349587BEB50D8A9A15"><enum>(C)</enum><text display-inline="yes-display-inline">the total number of full-time equivalent employees of the Commission; and</text> </subparagraph></paragraph><paragraph id="H70F18E657F6C4B8EB4E5761B75BEB739"><enum>(2)</enum><text>the performance plan most recently made available by the Commission under section 1115(b) of title 31, United States Code.</text>
 </paragraph></subsection><subsection id="H65B567A6F54A413B8617454E2DBBC1B6"><enum>(e)</enum><header>Internet publication of certain FCC policies and procedures</header><text display-inline="yes-display-inline">The chairman of the Commission shall—</text> <paragraph id="H4D6E8D0494B54649970FC37BB3ABBC08"><enum>(1)</enum><text>publish on the Internet website of the Commission any policies or procedures of the Commission that—</text>
 <subparagraph id="HD3C19C05F1CE4B5B86F77D7546401614"><enum>(A)</enum><text>are established by the chairman; and</text> </subparagraph><subparagraph id="HCE210E4333EF4DD9A38E63351F94B314"><enum>(B)</enum><text>relate to the functioning of the Commission or the handling of the agenda of the Commission; and</text>
 </subparagraph></paragraph><paragraph id="HAD27A9AB37284E25850D1BA1E60F2A0B"><enum>(2)</enum><text>update such publication not later than 48 hours after the chairman makes changes to any such policies or procedures.</text>
							</paragraph></subsection><subsection id="H5D3620E2335A4E1E89791DABF21089D3"><enum>(f)</enum><header>Federal Register publication</header>
 <paragraph id="H7377D40914BE41A7A2C86F08C6499AC6"><enum>(1)</enum><header>In general</header><text>In the case of any document adopted by the Commission that the Commission is required, under any provision of law, to publish in the Federal Register, the Commission shall, not later than the date described in paragraph (2), complete all Commission actions necessary for such document to be so published.</text>
 </paragraph><paragraph id="HB324DA94B64D465491DEAB17CFEC7631"><enum>(2)</enum><header>Date described</header><text>The date described in this paragraph is the earlier of—</text> <subparagraph id="H93C5ECB0263B4708BF720DC5296C00DD"><enum>(A)</enum><text display-inline="yes-display-inline">the day that is 45 days after the date of the release of the document; or</text>
 </subparagraph><subparagraph id="H3968BDAA5C5140B58703CE16643F18CB"><enum>(B)</enum><text>the day by which such actions must be completed to comply with any deadline under any other provision of law.</text>
 </subparagraph></paragraph><paragraph id="H916FC077CEC64DDD95BD1222E94162A2"><enum>(3)</enum><header>No effect on deadlines for publication in other form</header><text display-inline="yes-display-inline">In the case of a deadline that does not specify that the form of publication is publication in the Federal Register, the Commission may comply with such deadline by publishing the document in another form. Such other form of publication does not relieve the Commission of any Federal Register publication requirement applicable to such document, including the requirement of paragraph (1).</text>
							</paragraph></subsection><subsection id="H3AF5DC77B0314DD3B90B4A5E2F556C34"><enum>(g)</enum><header>Consumer complaint database</header>
 <paragraph id="HD2A724CAE1854B2D9E90FB6D8591D2F3"><enum>(1)</enum><header>In general</header><text>In evaluating and processing consumer complaints, the Commission shall present information about such complaints in a publicly available, searchable database on its website that—</text>
 <subparagraph id="H24EBD91EABA64145886176E4256BDB7D"><enum>(A)</enum><text>facilitates easy use by consumers; and</text> </subparagraph><subparagraph id="HD131328AD729446D8E9EB87B7BA342E9"><enum>(B)</enum><text>to the extent practicable, is sortable and accessible by—</text>
 <clause id="HAE6F2DC1D2B044FB8C6F4E4351AD8680"><enum>(i)</enum><text>the date of the filing of the complaint;</text> </clause><clause id="HCC92EA182B964DBB85DA63767BF99355"><enum>(ii)</enum><text>the topic of the complaint;</text>
 </clause><clause id="HF02810B955DC40F29785E13B00C82B16"><enum>(iii)</enum><text>the party complained of; and</text> </clause><clause id="H0A4C61B09C204CD49E8F8930DCE450B0"><enum>(iv)</enum><text>other elements that the Commission considers in the public interest.</text>
 </clause></subparagraph></paragraph><paragraph id="H0CEF448AE4914338AD58C881FDCD21BB"><enum>(2)</enum><header>Duplicative complaints</header><text>In the case of multiple complaints arising from the same alleged misconduct, the Commission shall be required to include only information concerning one such complaint in the database described in paragraph (1).</text>
							</paragraph></subsection><subsection id="H850E8DA4E5384A7FAA57FE6C4C362C42"><enum>(h)</enum><header>Form of publication</header>
 <paragraph id="HB5A227440B7A4D30BD34A5EB495879F7"><enum>(1)</enum><header>In general</header><text>In complying with a requirement of this section to publish a document, the Commission shall publish such document on its website, in addition to publishing such document in any other form that the Commission is required to use or is permitted to and chooses to use.</text>
 </paragraph><paragraph id="H3BB689F372684A64850055D6B1F98D95"><enum>(2)</enum><header>Exception</header><text>The Commission shall by rule establish procedures for redacting documents required to be published by this section so that the published versions of such documents do not contain—</text>
 <subparagraph id="H453094B29C384D88871A95E85AA990D6"><enum>(A)</enum><text>information the publication of which would be detrimental to national security, homeland security, law enforcement, or public safety; or</text>
 </subparagraph><subparagraph id="HC518FE8754B14FE586A3DD7A0A5279DD"><enum>(B)</enum><text>information that is proprietary or confidential.</text> </subparagraph></paragraph></subsection><subsection id="HCFABDE53394A41E28433B9AD6F42DCB8"><enum>(i)</enum><header>Transparency relating to performance in meeting FOIA requirements</header><text display-inline="yes-display-inline">The Commission shall take additional steps to inform the public about its performance and efficiency in meeting the disclosure and other requirements of section 552 of title 5, United States Code (commonly referred to as the Freedom of Information Act), including by doing the following:</text>
 <paragraph id="HCF88F992F5B04F7384ADDFDD2D7FF8DF"><enum>(1)</enum><text display-inline="yes-display-inline">Publishing on the Commission’s website the Commission’s logs for tracking, responding to, and managing requests submitted under such section, including the Commission’s fee estimates, fee categories, and fee request determinations.</text>
 </paragraph><paragraph id="H3829EC6297454AD3AE973AC1109172B2"><enum>(2)</enum><text display-inline="yes-display-inline">Releasing to the public all decisions made by the Commission (including decisions made by the Commission’s Bureaus and Offices) granting or denying requests filed under such section, including any such decisions pertaining to the estimate and application of fees assessed under such section.</text>
 </paragraph><paragraph id="H461900B1B56D41E99E4284DDB01BBE05"><enum>(3)</enum><text display-inline="yes-display-inline">Publishing on the Commission’s website electronic copies of documents released under such section.</text> </paragraph><paragraph id="H6E1C4429D00E419F9BA18FDD817A4967"><enum>(4)</enum><text display-inline="yes-display-inline">Presenting information about the Commission’s handling of requests under such section in the Commission’s annual budget estimates submitted to Congress and the Commission’s annual performance and financial reports. Such information shall include the number of requests under such section the Commission received in the most recent fiscal year, the number of such requests granted and denied, a comparison of the Commission’s processing of such requests over at least the previous 3 fiscal years, and a comparison of the Commission’s results with the most recent average for the United States Government as published on www.foia.gov.</text>
 </paragraph></subsection><subsection id="H09BD63A961DB4912AC1C73B4C91E18D3"><enum>(j)</enum><header>Prompt release of statistical reports and reports to Congress</header><text display-inline="yes-display-inline">Not later than January 15th of each year, the Commission shall identify, catalog, and publish an anticipated release schedule for all statistical reports and reports to Congress that are regularly or intermittently released by the Commission and will be released during such year.</text>
						</subsection><subsection id="H81F80EC981994B52889836312BFBB15D"><enum>(k)</enum><header>Annual scorecard reports</header>
 <paragraph id="H53F9E38BC372410BA77508D7D9BD63A9"><enum>(1)</enum><header>In general</header><text display-inline="yes-display-inline">For the 1-year period beginning on January 1st of each year, the Commission shall prepare a report on the performance of the Commission in conducting its proceedings and meeting the deadlines established under subsection (a)(2)(E) and the guidelines established under subsection (a)(2)(F).</text>
 </paragraph><paragraph id="HE684436D7EE34120AE26873D324FFE0E"><enum>(2)</enum><header>Contents</header><text display-inline="yes-display-inline">Each report required by paragraph (1) shall contain detailed statistics on such performance, including, with respect to each Bureau of the Commission—</text>
 <subparagraph id="H992A1D10E4914EC58CA4FDCECB04166A"><enum>(A)</enum><text>with respect to each type of filing specified in subsection (a)(2)(E) or (a)(2)(F)—</text> <clause id="HA0CF6FD2D4024DE295DE488442072F85"><enum>(i)</enum><text display-inline="yes-display-inline">the number of filings that were pending on the last day of the period covered by such report;</text>
 </clause><clause id="H6D20C9BB7B804938B98D771C6C0AB7C1"><enum>(ii)</enum><text display-inline="yes-display-inline">the number of filings described in clause (i) for which each applicable deadline or guideline established under such subsection was not met and the average length of time such filings have been pending; and</text>
 </clause><clause id="HDDD90DC1A76A404BBC2B229B4BD82386"><enum>(iii)</enum><text display-inline="yes-display-inline">for filings that were resolved during such period, the average time between initiation and resolution and the percentage for which each applicable deadline or guideline established under such subsection was met;</text>
 </clause></subparagraph><subparagraph commented="no" id="H72A97BCA9D74425E8CECB402CC4D79CF"><enum>(B)</enum><text>with respect to proceedings before an administrative law judge—</text> <clause commented="no" id="H8ADCBD167F1F4F5AB9236AD53A5F3052"><enum>(i)</enum><text>the number of such proceedings completed during such period; and</text>
 </clause><clause commented="no" id="H0EAF19CFC3FF4FFE910C0D14999CA372"><enum>(ii)</enum><text>the number of such proceedings pending on the last day of such period; and</text> </clause></subparagraph><subparagraph id="HB92D78AAD5E74ED29B9C0DF634A58070"><enum>(C)</enum><text>the number of independent studies or analyses published by the Commission during such period.</text>
 </subparagraph></paragraph><paragraph id="H2DE2AD2466664D8BA27E6E9ACD8D3380"><enum>(3)</enum><header>Publication and submission</header><text display-inline="yes-display-inline">The Commission shall publish and submit to the Committee on Energy and Commerce of the House of Representatives and the Committee on Commerce, Science, and Transportation of the Senate each report required by paragraph (1) not later than the date that is 30 days after the last day of the period covered by such report.</text>
 </paragraph></subsection><subsection id="H692426C0C70941BD92644DE292EE992A"><enum>(l)</enum><header>Definitions</header><text>In this section:</text> <paragraph id="H36DEB8D48D484B6BA4DD8718ECA9D769"><enum>(1)</enum><header>Amendment</header><text>The term <term>amendment</term> includes, when used with respect to an existing rule, the deletion of such rule.</text>
 </paragraph><paragraph id="H8EDBF839732F49EB9C4930045F230B9F"><enum>(2)</enum><header>Bipartisan majority</header><text>The term <term>bipartisan majority</term> means, when used with respect to a group of Commissioners, that such group—</text> <subparagraph id="HCA4DE55821C84C60A774F942A8E97B2A"><enum>(A)</enum><text>is a group of three or more Commissioners; and</text>
 </subparagraph><subparagraph id="H5DE00CE6E34243A89FED9DEE38737CC6"><enum>(B)</enum><text>includes, for each political party of which any Commissioner is a member, at least one Commissioner who is a member of such political party, and, if any Commissioner has no political party affiliation, at least one unaffiliated Commissioner.</text>
 </subparagraph></paragraph><paragraph id="H320798F0F5C84D9CA2C58898B679FC95"><enum>(3)</enum><header>Performance measure</header><text display-inline="yes-display-inline">The term <term>performance measure</term> means an objective and quantifiable outcome measure or output measure (as such terms are defined in section 1115 of title 31, United States Code).</text>
 </paragraph><paragraph id="H186592C9C9564655BA93022C07B84373"><enum>(4)</enum><header>Program activity</header><text>The term <term>program activity</term> has the meaning given such term in section 1115 of title 31, United States Code, except that such term also includes any annual collection or distribution or related series of collections or distributions by the Commission of an amount that is greater than or equal to $100,000,000.</text>
 </paragraph><paragraph id="HCF40816DF0AB4FC2924EA0034DB9D6DF"><enum>(5)</enum><header>Other definitions</header><text>The terms <term>agency action</term>, <term>ex parte communication</term>, and <term>rule</term> have the meanings given such terms in section 551 of title 5, United States Code.</text></paragraph></subsection></section><after-quoted-block>.</after-quoted-block></quoted-block> </subsection><subsection commented="no" id="H1F5034F04ED14100AEC926BAA0F9EAD6"><enum>(b)</enum><header>Effective dates and implementing rules</header> <paragraph commented="no" id="H4664ACFC849047D998833E3A98447DDE"><enum>(1)</enum><header>Effective dates</header> <subparagraph id="HAFD6D559C6574E6AADB6358A610C2435"><enum>(A)</enum><header>Nonpublic collaborative discussions</header><text>Subsection (c) of section 13 of the Communications Act of 1934, as added by subsection (a), shall apply beginning on the first date on which all of the procedural changes to the rules of the Federal Communications Commission required by subsection (a)(1) of such section have taken effect.</text>
 </subparagraph><subparagraph commented="no" id="HED19D03190D34A22A0E0BDAA2F54E22B"><enum>(B)</enum><header>Report release schedules</header><text>Subsection (j) of such section 13 shall apply with respect to 2018 and any year thereafter.</text> </subparagraph><subparagraph id="H33449A2DA253472893C170E73E903484"><enum>(C)</enum><header>Annual scorecard reports</header><text display-inline="yes-display-inline">Subsection (k) of such section 13 shall apply with respect to 2017 and any year thereafter.</text>
 </subparagraph><subparagraph id="H039C56AD612C4445B0D3715038F760E8"><enum>(D)</enum><header>Internet publication of certain FCC policies and procedures</header><text display-inline="yes-display-inline">Subsection (e) of such section 13 shall apply beginning on the date that is 30 days after the date of the enactment of this Act.</text>
 </subparagraph></paragraph><paragraph commented="no" id="H02881E971FB049BFAA148B629003C30E"><enum>(2)</enum><header>Rules</header><text>Except as otherwise provided in such section 13, the Federal Communications Commission shall promulgate any rules necessary to carry out such section not later than 1 year after the date of the enactment of this Act.</text>
 </paragraph></subsection></section><section id="HEB315D9C7DE84AA3ACD5AB2F967D0670"><enum>3.</enum><header>Categorization of TCPA inquiries and complaints in quarterly report</header><text display-inline="no-display-inline">In compiling its quarterly report with respect to informal consumer inquiries and complaints, the Federal Communications Commission may not categorize an inquiry or complaint with respect to section 227 of the Communications Act of 1934 (<external-xref legal-doc="usc" parsable-cite="usc/47/227">47 U.S.C. 227</external-xref>) as being a wireline inquiry or complaint or a wireless inquiry or complaint unless the party whose conduct is the subject of the inquiry or complaint is a wireline carrier or a wireless carrier, respectively.</text>
 </section><section id="H05A3AEF64D444DC18F8C21E451ACDCD6"><enum>4.</enum><header>Effect on other laws</header><text display-inline="no-display-inline">Nothing in this Act or the amendments made by this Act shall relieve the Federal Communications Commission from any obligations under title 5, United States Code, except where otherwise expressly provided.</text>
 </section><section id="H0106887BB1B94890B66CAC6F6EDCA39E"><enum>5.</enum><header>Application of Antideficiency Act to Universal Service Program</header><text display-inline="no-display-inline">Section 302 of <external-xref legal-doc="public-law" parsable-cite="pl/108/494">Public Law 108–494</external-xref> (118 Stat. 3998) is amended by striking <quote>December 31, 2017</quote> each place it appears and inserting <quote>December 31, 2021</quote>.</text> </section><section id="H13CE9D3CD13A46C188986FFBAF80D0D1" section-type="subsequent-section"><enum>6.</enum><header>Report on improving small business participation in FCC proceedings</header><text display-inline="no-display-inline">Not later than 1 year after the date of the enactment of this Act, the Federal Communications Commission, in consultation with the Administrator of the Small Business Administration, shall submit to Congress a report on—</text>
 <paragraph id="H88310F745B6B47ACADA55C4F8E37C876"><enum>(1)</enum><text>actions that the Commission will take to improve the participation of small businesses in the proceedings of the Commission; and</text>
 </paragraph><paragraph id="HB2B72ACCBB2149F7B2BABBB35E7B684F"><enum>(2)</enum><text>recommendations for any legislation that the Commission considers appropriate to improve such participation.</text>
			</paragraph></section><section id="H753DC16703234027A189CEFE30BAF0FF" section-type="subsequent-section"><enum>7.</enum><header>Timely availability of items adopted by vote of the Commission</header>
 <subsection id="HB34277931996410FA46F30D88316CA2F"><enum>(a)</enum><header>Amendment</header><text display-inline="yes-display-inline">Section 4 of the Communications Act of 1934 (<external-xref legal-doc="usc" parsable-cite="usc/47/154">47 U.S.C. 154</external-xref>) is amended by adding at the end the following:</text>
				<quoted-block display-inline="no-display-inline" id="HCF7E2148896D4671AFDF7FCB56B956A3" style="OLC">
 <subsection id="HF778630A0519401EACD9C309A514D96F"><enum>(p)</enum><text display-inline="yes-display-inline">In the case of any item that is adopted by vote of the Commission, the Commission shall publish on the Internet website of the Commission the text of such item not later than 24 hours after the Secretary of the Commission has received dissenting statements from all Commissioners wishing to submit such a statement with respect to such item.</text></subsection><after-quoted-block>.</after-quoted-block></quoted-block>
 </subsection><subsection id="HDB17B0EAFC7B4BAF9177974D249EE455"><enum>(b)</enum><header>Effective date</header><text display-inline="yes-display-inline">The amendment made by this section shall apply with respect to an item that is adopted after the date that is 30 days after the date of the enactment of this Act.</text>
			</subsection></section></legis-body></bill>


