<?xml version="1.0"?>
<?xml-stylesheet type="text/xsl" href="billres.xsl"?>
<!DOCTYPE bill PUBLIC "-//US Congress//DTDs/bill.dtd//EN" "bill.dtd">
<bill bill-stage="Referred-in-Senate" bill-type="olc" dms-id="HBCC891B7044E43CB9963AF167046C245" key="H" public-private="public" stage-count="1">
	<metadata xmlns:dc="http://purl.org/dc/elements/1.1/">
<dublinCore>
<dc:title>115 HR 315 : Improving Access to Maternity Care Act</dc:title>
<dc:publisher>U.S. House of Representatives</dc:publisher>
<dc:date>2017-01-10</dc:date>
<dc:format>text/xml</dc:format>
<dc:language>EN</dc:language>
<dc:rights>Pursuant to Title 17 Section 105 of the United States Code, this file is not subject to copyright protection and is in the public domain.</dc:rights>
</dublinCore>
</metadata>
<form>
		<distribution-code display="yes">IIB</distribution-code>
		<congress display="yes">115th CONGRESS</congress><session display="yes">1st Session</session>
		<legis-num display="yes">H. R. 315</legis-num>
		<current-chamber display="yes">IN THE SENATE OF THE UNITED STATES</current-chamber>
		<action><action-date date="20170110">January 10, 2017</action-date><action-desc>Received; read twice and referred to the <committee-name committee-id="SSHR00">Committee on Health, Education, Labor, and Pensions</committee-name></action-desc></action><legis-type>AN ACT</legis-type>
		<official-title display="yes">To amend the Public Health Service Act to distribute maternity care health professionals to health
			 professional shortage areas identified as in need of maternity care health
			 services.</official-title>
	</form>
	<legis-body id="H371F92F33ABD4B359B7ACE25C04B5DD9" style="OLC">
 <section id="HA20E6D45F86F4B50810BEBB10B33D19D" section-type="section-one"><enum>1.</enum><header>Short title</header><text display-inline="no-display-inline">This Act may be cited as the <quote><short-title>Improving Access to Maternity Care Act</short-title></quote>.</text> </section><section id="HF144813865A34B6FA6B49051C5E65D0F"><enum>2.</enum><header>Maternity care health professional target areas</header><text display-inline="no-display-inline">Section 332 of the Public Health Service Act (<external-xref legal-doc="usc" parsable-cite="usc/42/254e">42 U.S.C. 254e</external-xref>) is amended by adding at the end the following new subsection:</text>
			<quoted-block display-inline="no-display-inline" id="H59DEE389694B4437B259383732174132" style="OLC">
				<subsection id="H5941F840F0524364BF913EE2042C5043"><enum>(k)</enum>
 <paragraph commented="no" display-inline="yes-display-inline" id="HD62161E90E854A6A9F9F7AEC37431AE7"><enum>(1)</enum><text display-inline="yes-display-inline">The Secretary, acting through the Administrator of the Health Resources and Services Administration, shall identify, based on the data collected under paragraph (3), maternity care health professional target areas that satisfy the criteria described in paragraph (2) for purposes of, in connection with receipt of assistance under this title, assigning to such identified areas maternity care health professionals who, without application of this subsection, would otherwise be eligible for such assistance. The Secretary shall distribute maternity care health professionals within health professional shortage areas using the maternity care health professional target areas so identified.</text>
 </paragraph><paragraph commented="no" id="H9C8542F3ECFB49238EC02FECB00422D4" indent="up1"><enum>(2)</enum><text>For purposes of paragraph (1), the Secretary shall establish criteria for maternity care health professional target areas that identify geographic areas within health professional shortage areas that have a shortage of maternity care health professionals.</text>
 </paragraph><paragraph id="H4DF0C9DAB4DA4A14821948B07CA65803" indent="up1"><enum>(3)</enum><text display-inline="yes-display-inline">For purposes of this subsection, the Secretary shall collect and publish in the Federal Register data comparing the availability and need of maternity care health services in health professional shortage areas and in areas within such health professional shortage areas.</text>
 </paragraph><paragraph id="HD2A9D18816D740CB9518833DC8A61F56" indent="up1"><enum>(4)</enum><text display-inline="yes-display-inline">In carrying out paragraph (1), the Secretary shall seek input from relevant provider organizations, including medical societies, organizations representing medical facilities, and other organizations with expertise in maternity care.</text>
 </paragraph><paragraph commented="no" id="H0A65406E792F4C868BDA96988EE4D7C8" indent="up1"><enum>(5)</enum><text display-inline="yes-display-inline">For purposes of this subsection, the term <term>full scope maternity care health services</term> includes during labor care, birthing, prenatal care, and postpartum care.</text> </paragraph><paragraph commented="no" id="HF867AA0EBF3449C0B5FD9EE177194A48" indent="up1"><enum>(6)</enum><text>Nothing in this subsection shall be construed as—</text>
 <subparagraph commented="no" id="HAF09A31EA58B40BF9CF2B9D41FC98696"><enum>(A)</enum><text>requiring the identification of a maternity care health professional target area in an area not otherwise already designated as a health professional shortage area; or</text>
 </subparagraph><subparagraph commented="no" id="H63B21B062DAD4C44A7083C0F4E81B3A4"><enum>(B)</enum><text>affecting the types of health professionals, without application of this subsection, otherwise eligible for assistance, including a loan repayment or scholarship, pursuant to the application of this section.</text></subparagraph></paragraph></subsection><after-quoted-block>.</after-quoted-block></quoted-block>
		</section></legis-body><attestation><attestation-group><attestation-date chamber="House" date="20170109">Passed the House of Representatives January 9, 2017.</attestation-date><attestor display="yes">Karen L. Haas,</attestor><role>Clerk</role></attestation-group></attestation>
</bill>


