<?xml version="1.0"?>
<?xml-stylesheet type="text/xsl" href="billres.xsl"?>
<!DOCTYPE bill PUBLIC "-//US Congress//DTDs/bill.dtd//EN" "bill.dtd">
<bill bill-stage="Introduced-in-House" bill-type="olc" dms-id="HB31517DCE43B425AB8F82921283EAF20" key="H" public-private="public"><metadata xmlns:dc="http://purl.org/dc/elements/1.1/">
<dublinCore>
<dc:title>115 HR 137 IH: Stopping Abusive Student Loan Collection Practices in Bankruptcy Act of 2017</dc:title>
<dc:publisher>U.S. House of Representatives</dc:publisher>
<dc:date>2017-01-03</dc:date>
<dc:format>text/xml</dc:format>
<dc:language>EN</dc:language>
<dc:rights>Pursuant to Title 17 Section 105 of the United States Code, this file is not subject to copyright protection and is in the public domain.</dc:rights>
</dublinCore>
</metadata>
<form>
<distribution-code display="yes">I</distribution-code><congress display="yes">115th CONGRESS</congress><session display="yes">1st Session</session><legis-num display="yes">H. R. 137</legis-num><current-chamber>IN THE HOUSE OF REPRESENTATIVES</current-chamber><action display="yes"><action-date date="20170103">January 3, 2017</action-date><action-desc><sponsor name-id="C000714">Mr. Conyers</sponsor> (for himself, <cosponsor name-id="C001068">Mr. Cohen</cosponsor>, and <cosponsor name-id="J000288">Mr. Johnson of Georgia</cosponsor>) introduced the following bill; which was referred to the <committee-name committee-id="HJU00">Committee on the Judiciary</committee-name></action-desc></action><legis-type>A BILL</legis-type><official-title display="yes">To amend title 11 of the United States Code to stop abusive student loan collection practices in
			 bankruptcy cases.</official-title></form>
	<legis-body id="H580B6661795544038CDC0E6D6CD21DA3" style="OLC">
 <section id="HC355CF9C8F8C426982794815FE5A983D" section-type="section-one"><enum>1.</enum><header>Short title</header><text display-inline="no-display-inline">This Act may be cited as the <quote><short-title>Stopping Abusive Student Loan Collection Practices in Bankruptcy Act of 2017</short-title></quote>.</text> </section><section id="H804375162D314B29AE5748547194E2E3"><enum>2.</enum><header>Amendment</header><text display-inline="no-display-inline">Section 523(d) of title 11 of the United States Code is amended by striking <quote>of this section</quote> and inserting <quote>or the debtor requests a determination of the dischargeability of a debt based on undue hardship under subsection (a)(8)</quote>.</text>
		</section><section id="H4E6C4BF6BB704B9C8168D34FD9326856"><enum>3.</enum><header>Effective date; application of amendment</header>
 <subsection id="H0A483EE86C094B08AC82E8015078B813"><enum>(a)</enum><header>Effective date</header><text>Except as provided in subsection (b), this Act and the amendment made by this Act shall take effect on the date of the enactment of this Act.</text>
 </subsection><subsection id="H60409621832A4571A75BE0211A689463"><enum>(b)</enum><header>Application of amendment</header><text>The amendment made by this Act shall apply only with respect to cases commenced under title 11 of the United States Code on or after the date of the enactment of this Act.</text>
			</subsection></section></legis-body></bill>


