<?xml version="1.0"?>
<?xml-stylesheet type="text/xsl" href="billres.xsl"?>
<!DOCTYPE bill PUBLIC "-//US Congress//DTDs/bill.dtd//EN" "bill.dtd">
<bill bill-stage="Introduced-in-House" bill-type="olc" dms-id="H3BBB64A619D44909B6A6FDF8981F28A9" key="H" public-private="public"><metadata xmlns:dc="http://purl.org/dc/elements/1.1/">
<dublinCore>
<dc:title>115 HR 344 IH: Forest Legacy Management Flexibility Act</dc:title>
<dc:publisher>U.S. House of Representatives</dc:publisher>
<dc:date>2017-01-05</dc:date>
<dc:format>text/xml</dc:format>
<dc:language>EN</dc:language>
<dc:rights>Pursuant to Title 17 Section 105 of the United States Code, this file is not subject to copyright protection and is in the public domain.</dc:rights>
</dublinCore>
</metadata>
<form>
<distribution-code display="yes">I</distribution-code><congress display="yes">115th CONGRESS</congress><session display="yes">1st Session</session><legis-num display="yes">H. R. 344</legis-num><current-chamber>IN THE HOUSE OF REPRESENTATIVES</current-chamber><action display="yes"><action-date date="20170105">January 5, 2017</action-date><action-desc><sponsor name-id="S001196">Ms. Stefanik</sponsor> introduced the following bill; which was referred to the <committee-name committee-id="HAG00">Committee on Agriculture</committee-name></action-desc></action><legis-type>A BILL</legis-type><official-title display="yes">To amend the Forest Legacy Program of the Cooperative Forestry Assistance Act of 1978 to authorize
			 States to allow certain entities to acquire, hold, and manage conservation
			 easements under the program.</official-title></form>
	<legis-body id="H5E7358CAE3064C098CFEB116C67D292D" style="OLC">
 <section id="H9F9BFE4CCA174D45ABDEA6D493A216FF" section-type="section-one"><enum>1.</enum><header>Short title</header><text display-inline="no-display-inline">This Act may be cited as the <quote><short-title>Forest Legacy Management Flexibility Act</short-title></quote>.</text> </section><section id="H535E210CE41B4D0F9EBFF32A59B6E9FD"><enum>2.</enum><header>Authority of States to allow qualified organizations to acquire, hold, and manage conservation easements under the Forest Legacy Program</header><text display-inline="no-display-inline">Section 7(l) of the Cooperative Forestry Assistance Act of 1978 (<external-xref legal-doc="usc" parsable-cite="usc/16/2103c">16 U.S.C. 2103c</external-xref>) is amended by adding at the end the following new paragraph:</text>
			<quoted-block display-inline="no-display-inline" id="H1DE481C2928E432E8704D55A0A6BAB63" style="OLC">
				<paragraph id="HA7C8BCE059204F118E59DA47D433FEC5"><enum>(4)</enum><header>State authorization</header>
 <subparagraph id="HD3476E54C8894586BB393E9DEC022BBB"><enum>(A)</enum><header>In general</header><text display-inline="yes-display-inline">At the request of a State acting through the State Lead Agency, the Secretary shall authorize the State to allow qualified organizations, as defined in <external-xref legal-doc="usc" parsable-cite="usc/26/170">section 170(h)(3)</external-xref> of the Internal Revenue Code of 1986, and organized for one or more of the purposes described in section 170(h)(4)(A) of that Code, to acquire, hold, and manage conservation easements, using funds granted to the State under this subsection, for purposes of the Forest Legacy Program in the State.</text>
 </subparagraph><subparagraph id="H604ADE3EACE144EE8928BDFFA9E10438"><enum>(B)</enum><header>Eligibility</header><text>To be eligible to acquire and manage conservation easements under this paragraph, a qualified organization described in subparagraph (A) must demonstrate to the Secretary the abilities necessary to acquire, monitor, and enforce interests in forestland consistent with the Forest Legacy Program and the assessment of need for the State.</text>
 </subparagraph><subparagraph id="HC000ECBF1F3F4437B5150E046AF87D56"><enum>(C)</enum><header>Reversion</header><text>If the Secretary, or a State acting through the State Lead Agency, makes any of the determinations described in subparagraph (D) with respect to a conservation easement acquired by a qualified organization under the authority of subparagraph (A)—</text>
 <clause id="H2E80208EAE9041B4868843CEB1FEB930"><enum>(i)</enum><text>all right, title, and interest of the qualified organization in and to the conservation easement shall terminate; and</text>
 </clause><clause id="H3A2B733FE4934B0A9C4926A2177B8B6B"><enum>(ii)</enum><text>all right, title, and interest in and to the conservation easement shall revert to the State or other qualified designee as approved by the State.</text>
 </clause></subparagraph><subparagraph id="H723E846CD22D4FA2BF7580D526F35093"><enum>(D)</enum><header>Determinations</header><text>The determinations required for operation of the reversionary interest retained in subparagraph (C) are that—</text>
 <clause id="H22CE0A90E0914FBABF3E055BA165120A"><enum>(i)</enum><text>the qualified organization is unable to carry out its responsibilities under the Forest Legacy Program in the State with respect to the conservation easement;</text>
 </clause><clause id="HEEB232F0848142EBB7C8A652E3E69FBF"><enum>(ii)</enum><text>the conservation easement has been modified in a way that is inconsistent with the purposes of the Forest Legacy Program or the assessment of need for the State; or</text>
 </clause><clause id="H1AD7B76A9BEB4EB08078F1C38D92586E"><enum>(iii)</enum><text>the conservation easement has been conveyed to another person (other than a qualified organization approved by the State and the Secretary).</text></clause></subparagraph></paragraph><after-quoted-block>.</after-quoted-block></quoted-block>
		</section></legis-body></bill>


