<?xml version="1.0"?>
<?xml-stylesheet type="text/xsl" href="billres.xsl"?>
<!DOCTYPE bill PUBLIC "-//US Congress//DTDs/bill.dtd//EN" "bill.dtd">
<bill bill-stage="Introduced-in-House" bill-type="olc" dms-id="HBFD9EF2D9CE24CCAAAA21C2ED47D770D" key="H" public-private="public"><metadata xmlns:dc="http://purl.org/dc/elements/1.1/">
<dublinCore>
<dc:title>115 HR 208 IH: Ensuring Health Care Opportunities Act</dc:title>
<dc:publisher>U.S. House of Representatives</dc:publisher>
<dc:date>2017-01-03</dc:date>
<dc:format>text/xml</dc:format>
<dc:language>EN</dc:language>
<dc:rights>Pursuant to Title 17 Section 105 of the United States Code, this file is not subject to copyright protection and is in the public domain.</dc:rights>
</dublinCore>
</metadata>
<form>
<distribution-code display="yes">I</distribution-code><congress display="yes">115th CONGRESS</congress><session display="yes">1st Session</session><legis-num display="yes">H. R. 208</legis-num><current-chamber>IN THE HOUSE OF REPRESENTATIVES</current-chamber><action display="yes"><action-date date="20170103">January 3, 2017</action-date><action-desc><sponsor name-id="Y000033">Mr. Young of Alaska</sponsor> introduced the following bill; which was referred to the <committee-name committee-id="HIF00">Committee on Energy and Commerce</committee-name></action-desc></action><legis-type>A BILL</legis-type><official-title display="yes">To waive the essential health benefits requirements for certain States.</official-title></form>
	<legis-body id="HBBE68CAE95E14263A7B974AAF95EAD90" style="OLC">
 <section id="H7EC78282FA504F2AB726133A9D1B708A" section-type="section-one"><enum>1.</enum><header>Short title</header><text display-inline="no-display-inline">This Act may be cited as the <quote><short-title>Ensuring Health Care Opportunities Act</short-title></quote>.</text> </section><section id="H7881F7AE003949E39F0429D60A434590"><enum>2.</enum><header>Waiver of essential health benefits requirements</header> <subsection id="H10B396747F3A4F07BA837AAD4B8189C5"><enum>(a)</enum><header>In general</header><text display-inline="yes-display-inline">In the case of a State in which the applicable State authority (as defined in section 2791(d)(1) of the Public Health Service Act (<external-xref legal-doc="usc" parsable-cite="usc/42/300gg-91">42 U.S.C. 300gg–91(d)(1)</external-xref>)) certifies to the Secretary of Health and Human Services that, with respect to at least one county (or, in the case of a State that does not have counties, equivalent municipality), only one health insurance issuer offers coverage in the individual market for a plan year, the following shall not apply to health plans in such State for such plan year:</text>
 <paragraph id="H7AA74696E66C4E79A27BD97D758A6D3C"><enum>(1)</enum><text>The requirement under section 1301(a)(1) of the Patient Protection and Affordable Care Act (<external-xref legal-doc="usc" parsable-cite="usc/42/18021">42 U.S.C. 18021(a)(1)</external-xref>) that, to be a qualified health plan eligible to be offered through an Exchange in the State, such plan provide the essential health benefits package described in section 1302(a) of such Act (<external-xref legal-doc="usc" parsable-cite="usc/42/18022">42 U.S.C. 18022(a)</external-xref>).</text>
 </paragraph><paragraph id="H1B3EB2822CF540F3A823310367C09DDC"><enum>(2)</enum><text>The requirement under section 2707(a) of the Public Health Service Act (<external-xref legal-doc="usc" parsable-cite="usc/42/300gg-6">42 U.S.C. 300gg–6(a)</external-xref>) that health insurance coverage offered in the individual or small group market in the State includes the essential health benefits package required under section 1302(a) of the Patient Protection and Affordable Care Act (<external-xref legal-doc="usc" parsable-cite="usc/42/18022">42 U.S.C. 18022(a)</external-xref>).</text>
 </paragraph></subsection><subsection id="H449CF752B3FF467196A43802D4C452A3"><enum>(b)</enum><header>State certification</header><text>To be eligible for a waiver under subsection (a), a State shall make the certification described in subsection (a) not later than—</text>
 <paragraph id="HA74067B5A4A94E8B9659B682B55975C8"><enum>(1)</enum><text>90 days after the date of enactment of this Act, in the case of a State in which, on the date of enactment of this Act, at least one county in the State (or, in the case of a State that does not have counties, equivalent municipality), only one health insurance issuer offers coverage in the individual market for the plan year in effect on such date of enactment; and</text>
 </paragraph><paragraph id="H252DA2C1334A4DDABFCAD1C0CF41AE78"><enum>(2)</enum><text>90 days after the applicable State authority (as defined in section 2791(d)(1) of the Public Health Service Act (<external-xref legal-doc="usc" parsable-cite="usc/42/300gg-91">42 U.S.C. 300gg–91(d)(1)</external-xref>)) first discovers, or reasonably should discover, that, in at least one county in the State (or, in the case of a State that does not have counties, equivalent municipality), only one health insurance issuer offers in the current plan year, or will offer in a future plan year, coverage in the individual market for the current plan year or a future plan year, as applicable, in the case of a State not described in paragraph (1).</text>
 </paragraph></subsection><subsection id="HC1B5E165FEDD452D98730A30013E361B"><enum>(c)</enum><header>Term of waiver</header><text>A waiver under this section may extend over a period of not more than 5 years, provided that the State continues to meet the criteria for eligibility for the waiver under subsection (a). A State that continues to meet such criteria for more than 5 years may recertify under subsection (a) every 5 years.</text>
 </subsection><subsection id="H5D492C73585C4A2FB1442B60E62C353B"><enum>(d)</enum><header>Plans offering essential health benefits</header><text>Nothing in this Act prevents a health insurance issuer from offering in a State to which a waiver under subsection (a) applies health insurance coverage that includes the essential health benefits package described in section 1302(a) of the Patient Protection and Affordable Care Act (<external-xref legal-doc="usc" parsable-cite="usc/42/18022">42 U.S.C. 18022(a)</external-xref>).</text>
			</subsection></section></legis-body></bill>


