<?xml version="1.0"?>
<?xml-stylesheet type="text/xsl" href="billres.xsl"?>
<!DOCTYPE bill PUBLIC "-//US Congress//DTDs/bill.dtd//EN" "bill.dtd">
<bill bill-stage="Introduced-in-House" bill-type="olc" dms-id="HAD4A92539FF843B580F3414F291BB1CF" key="H" public-private="public"><metadata xmlns:dc="http://purl.org/dc/elements/1.1/">
<dublinCore>
<dc:title>115 HR 658 IH: Protect Democracy From Criminal Corporations Act</dc:title>
<dc:publisher>U.S. House of Representatives</dc:publisher>
<dc:date>2017-01-24</dc:date>
<dc:format>text/xml</dc:format>
<dc:language>EN</dc:language>
<dc:rights>Pursuant to Title 17 Section 105 of the United States Code, this file is not subject to copyright protection and is in the public domain.</dc:rights>
</dublinCore>
</metadata>
<form>
<distribution-code display="yes">I</distribution-code><congress display="yes">115th CONGRESS</congress><session display="yes">1st Session</session><legis-num display="yes">H. R. 658</legis-num><current-chamber>IN THE HOUSE OF REPRESENTATIVES</current-chamber><action display="yes"><action-date date="20170124">January 24, 2017</action-date><action-desc><sponsor name-id="E000288">Mr. Ellison</sponsor> (for himself and <cosponsor name-id="S001193">Mr. Swalwell of California</cosponsor>) introduced the following bill; which was referred to the <committee-name committee-id="HHA00">Committee on House Administration</committee-name></action-desc></action><legis-type>A BILL</legis-type><official-title display="yes">To amend the Federal Election Campaign Act of 1971 to prohibit criminal corporations from making
			 disbursements of funds in connection with a campaign for election for
			 Federal, State, or local office.</official-title></form>
	<legis-body id="HB66F929155D4421E854430553FC16DEF" style="OLC">
 <section id="HED72C1323A05474FBE31B4ED95BEBA45" section-type="section-one"><enum>1.</enum><header>Short title</header><text display-inline="no-display-inline">This Act may be cited as the <quote><short-title>Protect Democracy From Criminal Corporations Act</short-title></quote>.</text> </section><section id="HB4C5C8C892BE45799485DC37C8418780"><enum>2.</enum><header>Prohibiting political spending by criminal corporations</header> <subsection id="H12F53683A1E64353A6769B18CA24A2AD"><enum>(a)</enum><header>Prohibition</header><text display-inline="yes-display-inline">Title III of the Federal Election Campaign Act of 1971 (<external-xref legal-doc="usc" parsable-cite="usc/52/30101">52 U.S.C. 30101</external-xref> et seq.) is amended by adding at the end the following new section:</text>
				<quoted-block display-inline="no-display-inline" id="H7C8694A0F2AB473E84ED8ED92C19715A" style="OLC">
					<section id="HF3031EEE142F431BB4084CEB84F74C4F"><enum>325.</enum><header>Prohibiting political spending by criminal corporations</header>
						<subsection id="H2BB5A766D02243B7A0ED04C5C5053890"><enum>(a)</enum><header>Prohibition</header>
 <paragraph id="H5C2BA743D72646968127F5E992AB1C1F"><enum>(1)</enum><header>In general</header><text>To the extent that corporations are permitted under law to make a disbursement of funds in connection with a campaign for election for Federal, State, or local office, including a disbursement consisting of a contribution or donation of money or other thing of value, an independent expenditure, or a disbursement for an electioneering communication (as defined in section 304(f)(3)), it shall be unlawful for a corporation which is a criminal corporation, or for any separate segregated fund established under section 316(b)(2)(C) by a criminal corporation, to make such a disbursement during the applicable period described in paragraph (2).</text>
 </paragraph><paragraph id="H866780805D5F49D080FB3990D347AB65"><enum>(2)</enum><header>Applicable period described</header><text>In paragraph (1), the <quote>applicable period</quote> with respect to a criminal corporation is the 6-year period which begins—</text> <subparagraph id="HF9E537E84F084043A473BABFA89E9E19"><enum>(A)</enum><text>in the case of a criminal corporation described in paragraph (1) of subsection (b), on the date on which the corporation is finally convicted of the offense described in such paragraph; or</text>
 </subparagraph><subparagraph id="H0F079C3D53FA4EA599590B53DB0E7A98"><enum>(B)</enum><text>in the case of a criminal corporation described in paragraph (2) of subsection (b), on the date on which the corporation enters into an agreement described in such paragraph.</text>
 </subparagraph></paragraph></subsection><subsection id="H9F565DBD6EBA40F9BDC9CDC3AB847B32"><enum>(b)</enum><header>Criminal Corporation Defined</header><text>In this section, the term <term>criminal corporation</term> means a corporation—</text> <paragraph id="H226E980420C84F28A8C1357420BBAF27"><enum>(1)</enum><text>which has been convicted of violating section 371 of title 18, United States Code (relating to conspiracy to commit offense or to defraud the United States), or any other felony involving dishonesty or a breach of trust; or</text>
 </paragraph><paragraph id="H0B5748234A864F0EBE48E63C2A221BA5"><enum>(2)</enum><text>which has been charged with violating section 371 of such title or with another felony involving dishonesty or a breach of trust and has entered into a nonprosecution agreement, a deferred prosecution agreement, or any other agreement with the Attorney General to resolve the charge, if the terms and conditions of the agreement include a requirement that the corporation make a payment equal to or greater than $1,000,000.</text></paragraph></subsection></section><after-quoted-block>.</after-quoted-block></quoted-block>
 </subsection><subsection id="HB3359E05C64D4C7F956020A83B040378"><enum>(b)</enum><header>Effective Date</header><text>The amendment made by subsection (a) shall apply with respect to a corporation which is convicted of the offense described in paragraph (1) of section 325(b) of the Federal Election Campaign Act of 1971 (as added by subsection (a)), or which enters into an agreement described in paragraph (2) of such section, on or after the date of the enactment of this Act.</text>
			</subsection></section></legis-body></bill>


