<?xml version="1.0"?>
<?xml-stylesheet type="text/xsl" href="billres.xsl"?>
<!DOCTYPE bill PUBLIC "-//US Congress//DTDs/bill.dtd//EN" "bill.dtd">
<bill bill-stage="Introduced-in-House" bill-type="olc" dms-id="H41D450C009C14A6FA506792275C74B7D" key="H" public-private="public"><metadata xmlns:dc="http://purl.org/dc/elements/1.1/">
<dublinCore>
<dc:title>115 HR 619 IH: To amend title 46, United States Code, to exempt old vessels that only operate within inland waterways from the fire-retardant materials requirement if the owners of such vessels make annual structural alterations to at least 10 percent of the areas of the vessels that are not constructed of fire-retardant materials and for other purposes.</dc:title>
<dc:publisher>U.S. House of Representatives</dc:publisher>
<dc:date>2017-01-24</dc:date>
<dc:format>text/xml</dc:format>
<dc:language>EN</dc:language>
<dc:rights>Pursuant to Title 17 Section 105 of the United States Code, this file is not subject to copyright protection and is in the public domain.</dc:rights>
</dublinCore>
</metadata>
<form>
<distribution-code display="yes">I</distribution-code><congress display="yes">115th CONGRESS</congress><session display="yes">1st Session</session><legis-num display="yes">H. R. 619</legis-num><current-chamber>IN THE HOUSE OF REPRESENTATIVES</current-chamber><action display="yes"><action-date date="20170124">January 24, 2017</action-date><action-desc><sponsor name-id="C000266">Mr. Chabot</sponsor> (for himself, <cosponsor name-id="C001049">Mr. Clay</cosponsor>, <cosponsor name-id="B001294">Mr. Blum</cosponsor>, <cosponsor name-id="S001195">Mr. Smith of Missouri</cosponsor>, <cosponsor name-id="W000815">Mr. Wenstrup</cosponsor>, <cosponsor name-id="S000051">Mr. Sanford</cosponsor>, <cosponsor name-id="R000586">Mr. Renacci</cosponsor>, <cosponsor name-id="C001068">Mr. Cohen</cosponsor>, and <cosponsor name-id="J000292">Mr. Johnson of Ohio</cosponsor>) introduced the following bill; which was referred to the <committee-name committee-id="HPW00">Committee on Transportation and Infrastructure</committee-name></action-desc></action><legis-type>A BILL</legis-type><official-title display="yes">To amend title 46, United States Code, to exempt old vessels that only operate within inland
			 waterways from the fire-retardant materials requirement if the owners of
			 such vessels make annual structural alterations to at least 10 percent of
			 the areas of the vessels that are not constructed of fire-retardant
			 materials and for other purposes.</official-title></form>
	<legis-body id="H6BD704EA64A74528BF291F9674D26879" style="OLC">
 <section id="H96832434F9B749229E62982DE93B3BBB" section-type="section-one"><enum>1.</enum><header>Fire-retardant materials exemption</header><text display-inline="no-display-inline">Section 3503 of title 46, United States Code, is amended to read as follows:</text> <quoted-block display-inline="no-display-inline" id="H9F2B7FA92E794917BC8A91756776E5CC" style="USC"> <section id="H2011D09C99B94D5B8648B891FD04290C"><enum>3503.</enum><header>Fire-retardant materials</header> <subsection id="HA3F199A947584BE59FE8960F1428C45D"><enum>(a)</enum> <paragraph commented="no" display-inline="yes-display-inline" id="H87458C3DD72742068C043CA64E3E5CAD"><enum>(1)</enum><text>A passenger vessel of the United States having berth or stateroom accommodations for at least 50 passengers shall be granted a certificate of inspection only if—</text>
 <subparagraph id="H2EB67E94204A484697DD4D51C71E8C54" indent="up1"><enum>(A)</enum><text>the vessel is constructed of fire-retardant materials; and</text> </subparagraph><subparagraph id="HE6F1215F03254374AEBCB9B31C6B1776" indent="up1"><enum>(B)</enum><text>the vessel—</text>
 <clause id="H2A821A42157742C4AD01DA8E470E1FB4"><enum>(i)</enum><text>is operating engines, boilers, main electrical distribution panels, fuel tanks, oil tanks, and generators that meet current Coast Guard regulations;</text>
 </clause><clause id="H41DA1E32BAB34AEB887CA8210623F001"><enum>(ii)</enum><text>is operating boilers and main electrical generators that are contained within noncombustible enclosures equipped with fire suppression systems; and</text>
 </clause><clause id="HB6D10E5529E843DE90B62E407C119EC0"><enum>(iii)</enum><text>has multiple forms of egress off the vessel’s bow and stern.</text> </clause></subparagraph></paragraph><paragraph id="H810D88C1DE824E4393FD17873D40AAAD" indent="up1"><enum>(2)</enum><text>Before December 1, 2028, this section does not apply to any vessel in operation before January 1, 1968, and operating only within the Boundary Line.</text>
						</paragraph></subsection><subsection id="H0359F61117174291A2464D840FD56596"><enum>(b)</enum>
 <paragraph commented="no" display-inline="yes-display-inline" id="HB91B27FA597B44E1BE8C408DB59B656D"><enum>(1)</enum><text>When a vessel is exempted from the fire-retardant standards of subsection (a)—</text> <subparagraph id="HE8BE4B050FD84900A9080FEFC60F412A" indent="up1"><enum>(A)</enum><text>the owner or managing operator of the vessel shall—</text>
 <clause id="HAA2A20B0762640229673D07A6CCA55C8"><enum>(i)</enum><text>notify in writing prospective passengers, prior to the sale of any ticket for boarding and to be affirmatively recognized by such passenger prior to purchase, and any crew member that the vessel does not comply with applicable fire safety standards due primarily to the wooden construction of passenger berthing areas; and</text>
 </clause><clause id="H43398126909948EA9C93FA5B83CABE0C"><enum>(ii)</enum><text>display in clearly legible font prominently throughout the vessel, including in each state room the following: <quote>THIS VESSEL FAILS TO COMPLY WITH SAFETY RULES AND REGULATIONS OF THE U.S. COAST GUARD.</quote>;</text>
 </clause></subparagraph><subparagraph id="H0DAA90F36F094C7DBD834A7CD613E1B3" indent="up1"><enum>(B)</enum><text>the owner or managing operator of the vessel—</text> <clause id="HC645056812B9414A98E56D2A4582450A"><enum>(i)</enum><text>may not disclaim liability to a passenger or crew member for death, injury, or any other loss caused by fire due to the negligence of the owner or managing operator; and</text>
 </clause><clause id="H8266EE0FC9414F5B99F723C60486C8AD"><enum>(ii)</enum><text>shall acquire prior to entering service, and maintain, liability insurance in an amount to be prescribed by the Federal Maritime Commission;</text>
 </clause></subparagraph><subparagraph id="H6D9277BAD40346DEB4B16CBFE0F0A274" indent="up1"><enum>(C)</enum><text>the penalties provided in section 3504(c) of this title apply to a violation of this subsection;</text> </subparagraph><subparagraph id="HFD2F6031B9254AD8B4080FE14BDAF89A" indent="up1"><enum>(D)</enum><text>the owner or managing operator of the vessel shall—</text>
 <clause id="H1212B2DFE84B4DC4AA869B0990B0ED33"><enum>(i)</enum><text>make annual structural alteration to not less than 10 percent of the areas of the vessel that are not constructed of fire retardant materials;</text>
 </clause><clause id="H19FFA58E3FE24EF582C7D3C7CDA0310E"><enum>(ii)</enum><text>prioritize alterations in galleys, engineering areas of the vessel, including all spaces and compartments containing, or adjacent to spaces and compartments containing, engines, boilers, main electrical distribution panels, fuel tanks, oil tanks, and generators;</text>
 </clause><clause id="H83AD135000314514A77D0B40109972E6"><enum>(iii)</enum><text>ensure, to the satisfaction of the Coast Guard, that the combustible fire-load has been reduced pursuant to clause (i) during each annual inspection for certification; and</text>
 </clause><clause id="H1B70635506F84E938904BB93332AB589"><enum>(iv)</enum><text>provide advance notice to the Coast Guard regarding the structural alterations made pursuant to clause (i) and comply with any noncombustible material requirements prescribed by the Coast Guard;</text>
 </clause></subparagraph><subparagraph id="HF22952410543465ABC3C336CC1FB2DB8" indent="up1"><enum>(E)</enum><text>the Coast Guard, in making the determination required in subparagraph (D)(iii), shall consider, to the extent practicable, the goal of preservation of the historic integrity of the vessel in areas carrying or accessible to passengers or generally visible to the public;</text>
 </subparagraph><subparagraph id="HDC9F19652DDA47BF9C8D8CD266FFCC22" indent="up1"><enum>(F)</enum><text>the owner or managing operator of the vessel shall annually notify all ports of call and State emergency management offices of jurisdiction that the vessel does not comply with applicable fire safety standards due primarily to the wooden construction of passenger berthing areas;</text>
 </subparagraph><subparagraph id="HE36DD49BDC9F43D8810B26BE0FD98D90" indent="up1"><enum>(G)</enum><text>the crews manning such vessel shall receive specialized training, above minimum standards, in regards to shipboard firefighting that is specialized for exempted vessels and approved by the Coast Guard; and</text>
 </subparagraph><subparagraph id="H74BE127F53094FD3A8D7763580D362B1" indent="up1"><enum>(H)</enum><text>the owner or managing operator of the vessel shall, to the extent practicable, take all steps to retain previously trained crew knowledgeable of such vessel or to hire crew trained in operations aboard exempted vessels.</text>
 </subparagraph></paragraph><paragraph id="H40E94E5099C34663917C8439B92A4348" indent="up1"><enum>(2)</enum><text>The Secretary shall conduct an annual audit and inspection of any vessel exempted from the fire-retardant standards of subsection (a).</text>
 </paragraph></subsection><subsection id="H50D0DF5DD0DB47D38552594F2894B6B6"><enum>(c)</enum><text>The Secretary shall prescribe regulations to carry out this section. Such regulations shall include the manner in which prospective passengers are to be notified.</text>
 </subsection><subsection id="HDBD6408B14BA43C2B4113DC59FB187D5"><enum>(d)</enum><text>In addition to other penalties permitted by law, the Secretary is authorized to immediately withdraw a certificate of inspection for a passenger vessel that does not comply with any requirement under this section.</text></subsection></section><after-quoted-block>.</after-quoted-block></quoted-block>
		</section></legis-body></bill>


