<?xml version="1.0"?>
<?xml-stylesheet type="text/xsl" href="billres.xsl"?>
<!DOCTYPE bill PUBLIC "-//US Congress//DTDs/bill.dtd//EN" "bill.dtd">
<bill bill-stage="Introduced-in-House" dms-id="H9C62905B73544FF697A27D6D12CC0867" public-private="public" key="H" bill-type="olc"><form><distribution-code display="yes">I</distribution-code><congress display="yes">115th CONGRESS</congress><session display="yes">1st Session</session><legis-num display="yes">H. R. 171</legis-num><current-chamber>IN THE HOUSE OF REPRESENTATIVES</current-chamber><action display="yes"><action-date date="20170103">January 3, 2017</action-date><action-desc><sponsor name-id="J000255">Mr. Jones</sponsor> introduced the following bill; which was referred to the <committee-name committee-id="HAS00">Committee on Armed Services</committee-name></action-desc></action><legis-type>A BILL</legis-type><official-title display="yes">To redesignate the Department of the Navy as the Department of the Navy and Marine Corps.</official-title></form><legis-body id="HE527BE61B88344D994A0D9692270CE46" style="OLC"> 
<section id="HF37B17C1CD1F4CBE877EBB10DF620714" section-type="section-one"><enum>1.</enum><header>Redesignation of the Department of the Navy as the Department of the Navy and Marine Corps</header> 
<subsection id="HF2675A350F13442C9107717D02987CC3"><enum>(a)</enum><header>Redesignation of Military Department</header><text>The military department designated as the Department of the Navy is redesignated as the Department of the Navy and Marine Corps.</text></subsection> <subsection id="HC98135C81ED149638893557FA92B81E6"><enum>(b)</enum><header>Redesignation of Secretary and Other Statutory Offices</header> <paragraph id="HC5E43982A0114CAB8C4B66EA1C27CA82"><enum>(1)</enum><header>Secretary</header><text>The position of the Secretary of the Navy is redesignated as the Secretary of the Navy and Marine Corps.</text></paragraph> 
<paragraph id="H54FD6FE49FCC425FAE99B7AD4A52ABC0"><enum>(2)</enum><header>Other statutory offices</header><text>The positions of the Under Secretary of the Navy, the four Assistant Secretaries of the Navy, and the General Counsel of the Department of the Navy are redesignated as the Under Secretary of the Navy and Marine Corps, the Assistant Secretaries of the Navy and Marine Corps, and the General Counsel of the Department of the Navy and Marine Corps, respectively.</text></paragraph></subsection></section> <section id="H0D798ECE967B432EA6CA29AB044D3C4C"><enum>2.</enum><header>Conforming amendments to title 10, United States Code</header> <subsection id="HD1583190F25345D68B09F56B2C60123B"><enum>(a)</enum><header>Definition of <term>Military Department</term></header><text>Paragraph (8) of section 101(a) of title 10, United States Code, is amended to read as follows:</text> 
<quoted-block id="HC65A6DBDCE174222873391F78F9921AA" style="OLC"> 
<paragraph id="H14FB4BA6E26744C48D3D00B8723EDF73"><enum>(8)</enum><text>The term <term>military department</term> means the Department of the Army, the Department of the Navy and Marine Corps, and the Department of the Air Force.</text></paragraph><after-quoted-block>.</after-quoted-block></quoted-block></subsection> <subsection id="HB3F58F2276E2408298CC6E6352962E36"><enum>(b)</enum><header>Organization of Department</header><text>The text of section 5011 of such title is amended to read as follows: <quote>The Department of the Navy and Marine Corps is separately organized under the Secretary of the Navy and Marine Corps.</quote>.</text></subsection> 
<subsection id="H5A201EAEE307462AB06C1E0BDF59B193"><enum>(c)</enum><header>Position of Secretary</header><text>Section 5013(a)(1) of such title is amended by striking <quote>There is a Secretary of the Navy</quote> and inserting <quote>There is a Secretary of the Navy and Marine Corps</quote>.</text></subsection> <subsection id="H1680307B11CD499B9F926ED999B2634E"><enum>(d)</enum><header>Chapter Headings</header> <paragraph id="H0AC072A2B2844883B07B109990FF7562"><enum>(1)</enum><text>The heading of chapter 503 of such title is amended to read as follows:</text> 
<quoted-block display-inline="no-display-inline" id="HAFA015DE61CD4ACAAEFFB1FD55FB1189" style="OLC"> 
<chapter id="HA5B25AEFD4DF442B8684187E7CBAAE97"><enum>503</enum><header>Department of the Navy and Marine Corps</header></chapter><after-quoted-block>.</after-quoted-block></quoted-block></paragraph> 
<paragraph id="HA3A729D87FF04236A8D2BC4DF9702C95"><enum>(2)</enum><text>The heading of chapter 507 of such title is amended to read as follows:</text> <quoted-block display-inline="no-display-inline" id="HAA9A0B37CBC04B889A6C01C4DD9D2328" style="OLC"> <chapter id="H0746D8F1C6D24C74BAA663A7EFD55DC1"><enum>507</enum><header>Composition of the Department of the Navy and Marine Corps</header></chapter><after-quoted-block>.</after-quoted-block></quoted-block></paragraph></subsection> <subsection id="HF0479A345AC144538101D1B03160B7FA"><enum>(e)</enum><header>Other Amendments</header> <paragraph id="H4D03C5AFB17542B5B6A843DFB2FD6CB1"><enum>(1)</enum><text>Title 10, United States Code, is amended by striking <quote>Department of the Navy</quote> and <quote>Secretary of the Navy</quote> each place they appear other than as specified in subsections (a), (b), (c), and (d) (including in section headings, subsection captions, tables of chapters, and tables of sections) and inserting <quote>Department of the Navy and Marine Corps</quote> and <quote>Secretary of the Navy and Marine Corps</quote>, respectively, in each case with the matter inserted to be in the same typeface and typestyle as the matter stricken.</text></paragraph> 
<paragraph id="H32B199F21E8A4BEF8C216B1743AC7949"><enum>(2)</enum> 
<subparagraph commented="no" display-inline="yes-display-inline" id="H9F4890D3441345FDAC0729DE816E5C13"><enum>(A)</enum><text>Sections 5013(f), 5014(b)(2), 5016(a), 5017(2), 5032(a), and 5042(a) of such title are amended by striking <quote>Assistant Secretaries of the Navy</quote> and inserting <quote>Assistant Secretaries of the Navy and Marine Corps</quote>.</text></subparagraph> <subparagraph id="H472827DB8E0D489A895D7A15D0E5FCDA" indent="up1"><enum>(B)</enum><text>The heading of section 5016 of such title, and the item relating to such section in the table of sections at the beginning of chapter 503 of such title, are each amended by inserting <quote>and Marine Corps</quote> after <quote>of the Navy</quote>, with the matter inserted in each case to be in the same typeface and typestyle as the matter amended.</text></subparagraph></paragraph></subsection></section> 
<section id="H3D6FE9098C944569BB626A69016999A7"><enum>3.</enum><header>Other provisions of law and other references</header> 
<subsection id="H90077799FB6B4A84B09A3449D0A592F6"><enum>(a)</enum><header>Title 37, United States Code</header><text>Title 37, United States Code, is amended by striking <quote>Department of the Navy</quote> and <quote>Secretary of the Navy</quote> each place they appear and inserting <quote>Department of the Navy and Marine Corps</quote> and <quote>Secretary of the Navy and Marine Corps</quote>, respectively.</text></subsection> <subsection id="HEF5F6E1B0D3642DF85FA8C75E9074A22"><enum>(b)</enum><header>Other References</header><text>Any reference in any law other than in title 10 or title 37, United States Code, or in any regulation, document, record, or other paper of the United States, to the Department of the Navy shall be considered to be a reference to the Department of the Navy and Marine Corps. Any such reference to an office specified in section 2(b) shall be considered to be a reference to that officer as redesignated by that section.</text></subsection></section> 
<section id="H0E53739487074BDFBD704B42CC896A9B"><enum>4.</enum><header>Effective date</header><text display-inline="no-display-inline">This Act and the amendments made by this Act shall take effect on the first day of the first month beginning more than 60 days after the date of the enactment of this Act.</text></section> </legis-body></bill>

