<?xml version="1.0"?>
<?xml-stylesheet type="text/xsl" href="billres.xsl"?>
<!DOCTYPE bill PUBLIC "-//US Congress//DTDs/bill.dtd//EN" "bill.dtd">
<bill bill-stage="Introduced-in-House" dms-id="H735AD2362D684052999974D28EFDD419" public-private="public" key="H" bill-type="olc"><form><distribution-code display="yes">I</distribution-code><congress display="yes">115th CONGRESS</congress><session display="yes">1st Session</session><legis-num display="yes">H. R. 60</legis-num><current-chamber>IN THE HOUSE OF REPRESENTATIVES</current-chamber><action display="yes"><action-date date="20170103">January 3, 2017</action-date><action-desc><sponsor name-id="D000612">Mr. Denham</sponsor> (for himself, <cosponsor name-id="C001077">Mr. Coffman</cosponsor>, <cosponsor name-id="A000369">Mr. Amodei</cosponsor>, <cosponsor name-id="K000378">Mr. Kinzinger</cosponsor>, <cosponsor name-id="H001056">Ms. Beutler</cosponsor>, <cosponsor name-id="S001193">Mr. Swalwell of California</cosponsor>, <cosponsor name-id="N000189">Mr. Newhouse</cosponsor>, <cosponsor name-id="R000435">Ms. Ros-Lehtinen</cosponsor>, <cosponsor name-id="S000510">Mr. Smith of Washington</cosponsor>, <cosponsor name-id="V000129">Mr. Valadao</cosponsor>, <cosponsor name-id="R000578">Mr. Reichert</cosponsor>, <cosponsor name-id="D000600">Mr. Diaz-Balart</cosponsor>, <cosponsor name-id="W000799">Mr. Walz</cosponsor>, <cosponsor name-id="I000056">Mr. Issa</cosponsor>, <cosponsor name-id="N000181">Mr. Nunes</cosponsor>, <cosponsor name-id="U000031">Mr. Upton</cosponsor>, <cosponsor name-id="W000800">Mr. Welch</cosponsor>, <cosponsor name-id="G000566">Mr. Gowdy</cosponsor>, <cosponsor name-id="Z000018">Mr. Zinke</cosponsor>, <cosponsor name-id="M001166">Mr. McNerney</cosponsor>, <cosponsor name-id="L000563">Mr. Lipinski</cosponsor>, <cosponsor name-id="C001059">Mr. Costa</cosponsor>, <cosponsor name-id="S001191">Ms. Sinema</cosponsor>, <cosponsor name-id="C001063">Mr. Cuellar</cosponsor>, <cosponsor name-id="G000571">Ms. Gabbard</cosponsor>, <cosponsor name-id="L000582">Mr. Ted Lieu of California</cosponsor>, <cosponsor name-id="E000215">Ms. Eshoo</cosponsor>, <cosponsor name-id="C001069">Mr. Courtney</cosponsor>, <cosponsor name-id="C001038">Mr. Crowley</cosponsor>, and <cosponsor name-id="C001107">Mr. Curbelo of Florida</cosponsor>) introduced the following bill; which was referred to the <committee-name committee-id="HAS00">Committee on Armed Services</committee-name></action-desc></action><legis-type>A BILL</legis-type><official-title display="yes">To amend title 10, United States Code, to authorize the enlistment in the Armed Forces of certain aliens who are unlawfully present in the United States and were younger than 15 years of age when they initially entered the United States, but who are otherwise qualified for enlistment, and to provide a mechanism by which such aliens, by reason of their honorable service in the Armed Forces, may be lawfully admitted to the United States for permanent residence.</official-title></form><legis-body id="H54C2B2C9448B40B1A12131A8F8275C69" style="OLC"> 
<section id="H7DD7596A395B447DB242618753F12A14" section-type="section-one"><enum>1.</enum><header>Short title</header><text display-inline="no-display-inline">This Act may be cited as the <quote><short-title>Encourage New Legalized Immigrants to Start Training Act</short-title></quote> or <quote><short-title>ENLIST Act</short-title></quote>.</text></section> <section display-inline="no-display-inline" id="HC43C3EA717A740BAAB5A2202DEDC81F9"><enum>2.</enum><header>Authority to enlist in the Armed Forces certain aliens who are unlawfully present in the United States and legal status of such enlistees by reason of honorable service in the Armed Forces</header> <subsection id="HE41A44A640784BD0B2F96F0318FF9872"><enum>(a)</enum><header>Certain aliens authorized for enlistment</header><text display-inline="yes-display-inline">Section 504(b)(1) of title 10, United States Code, is amended by adding at the end the following new subparagraph:</text> 
<quoted-block display-inline="no-display-inline" id="HFFE8BF9A9BF44BB18A3A10F1076E5F5A" style="OLC"> 
<subparagraph id="H50069AA634EE4035A07189C8CEFFC465" indent="up1"><enum>(D)</enum><text display-inline="yes-display-inline">An alien who was unlawfully present in the United States on December 31, 2012, who has been continuously present in the United States since that date, who was younger than 15 years of age on the date the alien initially entered the United States, and who, disregarding such unlawful status, is otherwise eligible for original enlistment in a regular component of the Army, Navy, Air Force, Marine Corps, or Coast Guard under section 505(a) of this title and regulations issued to implement such section.</text></subparagraph><after-quoted-block>.</after-quoted-block></quoted-block></subsection> <subsection id="H758BB6B384EA42D59967C8E57BBCB2DB"><enum>(b)</enum><header>Conditional Admission to Permanent Residence of Alien Enlistees</header><text display-inline="yes-display-inline">Section 504 of title 10, United States Code, is further amended by adding at the end the following new subsection:</text> 
<quoted-block display-inline="no-display-inline" id="H251301E783394FE8979368DE0A652CAF" style="OLC"> 
<subsection id="H994544F27D5E40C19C622320C779AA4C"><enum>(c)</enum><header>Conditional admission to permanent residence of alien enlistees</header> 
<paragraph commented="no" display-inline="yes-display-inline" id="H9FD80F5944AE444C8CD8A90A23FC7CD7"><enum>(1)</enum><text display-inline="yes-display-inline">The Secretary of Homeland Security shall adjust the status of an alien described in subsection (b)(1)(D) who enlists in a regular component of the Army, Navy, Air Force, Marine Corps, or Coast Guard to the status of an alien lawfully admitted for permanent residence under the provisions of section 249 of the Immigration and Nationality Act (<external-xref legal-doc="usc" parsable-cite="usc/8/1259">8 U.S.C. 1259</external-xref>), except that the alien does not have to—</text> <subparagraph id="H548834643C5C42DE8D9EC5DDC4542F2D" indent="up1"><enum>(A)</enum><text>establish that he or she entered the United States prior to January 1, 1972; or</text></subparagraph> 
<subparagraph id="H42CB0DB61DA7429C846FEB0F8A5E445D" indent="up1"><enum>(B)</enum><text>comply with section 212(e) of such Act (<external-xref legal-doc="usc" parsable-cite="usc/8/1182">8 U.S.C. 1182(e)</external-xref>).</text></subparagraph></paragraph> <paragraph id="HC70456AB56FA40809C9DB75501072B05" indent="up1"><enum>(2)</enum><text display-inline="yes-display-inline">The lawful permanent resident status of an alien described in subsection (b)(1)(D) who enlisted in a regular component of the armed forces and whose status was adjusted under paragraph (1) is automatically rescinded, by operation of law, if the alien is separated from the armed forces under other than honorable conditions before the alien serves the term of enlistment of such alien. Such grounds for rescission are in addition to any other grounds for rescission provided by law. Proof of separation from the armed forces under other than honorable conditions shall be established by a duly authenticated certification from the armed force in which the alien last served.</text></paragraph> 
<paragraph display-inline="no-display-inline" id="HB2D3A634112C45B983EED9524AF81FD9" indent="up1"><enum>(3)</enum><text display-inline="yes-display-inline">Nothing in this subsection shall be construed to alter—</text> <subparagraph id="HFF2460DEE0484E7588B91D8F0E79407D"><enum>(A)</enum><text>the process prescribed by sections 328, 329, and 329A of the Immigration and Nationality Act (<external-xref legal-doc="usc" parsable-cite="usc/8/1439">8 U.S.C. 1439</external-xref>, 1440, 1440–1) by which a person may naturalize through service in the armed forces; or</text></subparagraph> 
<subparagraph id="H0600D9FF420B43CDBB1F4C8E2524F820"><enum>(B)</enum><text display-inline="yes-display-inline">the qualifications for original enlistment in the armed forces described in section 505(a) of this title and regulations issued to implement such section.</text></subparagraph></paragraph></subsection><after-quoted-block>.</after-quoted-block></quoted-block></subsection></section> </legis-body></bill>

