<?xml version="1.0"?>
<?xml-stylesheet type="text/xsl" href="billres.xsl"?>
<!DOCTYPE bill PUBLIC "-//US Congress//DTDs/bill.dtd//EN" "bill.dtd">
<bill bill-stage="Introduced-in-House" bill-type="olc" dms-id="HF55F462978AC49BB943AF277DB84C866" key="H" public-private="public"><metadata xmlns:dc="http://purl.org/dc/elements/1.1/">
<dublinCore>
<dc:title>115 HR 379 IH: Justice for Yazidis Act</dc:title>
<dc:publisher>U.S. House of Representatives</dc:publisher>
<dc:date>2017-01-09</dc:date>
<dc:format>text/xml</dc:format>
<dc:language>EN</dc:language>
<dc:rights>Pursuant to Title 17 Section 105 of the United States Code, this file is not subject to copyright protection and is in the public domain.</dc:rights>
</dublinCore>
</metadata>
<form>
<distribution-code display="yes">I</distribution-code><congress display="yes">115th CONGRESS</congress><session display="yes">1st Session</session><legis-num display="yes">H. R. 379</legis-num><current-chamber>IN THE HOUSE OF REPRESENTATIVES</current-chamber><action display="yes"><action-date date="20170109">January 9, 2017</action-date><action-desc><sponsor name-id="H000324">Mr. Hastings</sponsor> introduced the following bill; which was referred to the <committee-name committee-id="HJU00">Committee on the Judiciary</committee-name>, and in addition to the Committees on <committee-name committee-id="HFA00">Foreign Affairs</committee-name>, <committee-name committee-id="HAS00">Armed Services</committee-name>, and <committee-name committee-id="HAP00">Appropriations</committee-name>, for a period to be subsequently determined by the Speaker, in each case for consideration of such
			 provisions as fall within the jurisdiction of the committee concerned</action-desc></action><legis-type>A BILL</legis-type><official-title display="yes">To assist members of the Yazidi and Christian communities residing in Iraq and Syria, and for other
			 purposes.</official-title></form>
	<legis-body id="HF4943BC4E5F649D983085449233B2177" style="OLC">
 <section id="H15D26292CE7A4625AEA9F33803F9A7A9" section-type="section-one"><enum>1.</enum><header>Short title</header><text display-inline="no-display-inline">This Act may be cited as the <quote><short-title>Justice for Yazidis Act</short-title></quote>.</text> </section><section commented="no" id="H4669D7500EDC4AC28283D0EADB30F0D1" section-type="subsequent-section"><enum>2.</enum><header>Findings</header><text display-inline="no-display-inline">The Congress makes the following findings:</text>
 <paragraph commented="no" id="H77BFDC2C7C2C482BB161DAB2A3ACED5D"><enum>(1)</enum><text display-inline="yes-display-inline">Preventing genocide and mass atrocities is a national priority of the United States.</text> </paragraph><paragraph commented="no" id="HBE5F93A1770A4DDEAF6A9367B2AAC067"><enum>(2)</enum><text>Atrocities committed by the Islamic State (IS) against Yazidis and other minorities have included mass murder, crucifixions, beheadings, rape, torture, enslavement, trafficking, and the kidnapping of children.</text>
 </paragraph><paragraph commented="no" id="H57FCC993928846FB89EC50A59DC4AA9C"><enum>(3)</enum><text>IS engages in, and publicly argues in favor of, the sexual enslavement of Yazidi women and girls.</text> </paragraph><paragraph commented="no" id="H3EF25A8ECE32412BB63DDAF2A8D10F6D"><enum>(4)</enum><text>The United Nations Convention on the Prevention and Punishment of the Crime of Genocide, signed and ratified by the United States, defines genocide as follows:</text>
				<quoted-block display-inline="yes-display-inline" id="H2866C5E585F84489837070D875B00B6A" style="OLC">
 <text>any of the following acts committed with the intent to destroy, in whole or in part, a national, ethnical, racial or religious group, as such:</text><paragraph commented="no" id="H49D9BD2679E8473B853C31537F29B239"><enum>(a)</enum><text display-inline="yes-display-inline">killing members of the group;</text> </paragraph><paragraph commented="no" id="H06E5C55A81674EB69993468F7733C911"><enum>(b)</enum><text>causing serious bodily or mental harm to members of the group;</text>
 </paragraph><paragraph commented="no" id="H51ED755BE5D044979090C14D31885B02"><enum>(c)</enum><text>deliberately inflicting on the group conditions of life calculated to bring about its physical destruction in whole or in part;</text>
 </paragraph><paragraph commented="no" id="H18662B43B47949618C8167FE1199795A"><enum>(d)</enum><text>imposing measures intended to prevent births within the group; and</text> </paragraph><paragraph commented="no" id="HF65627203337430FAE173256EDDB55E9"><enum>(e)</enum><text>forcibly transferring children of the group to another group.</text></paragraph><after-quoted-block>.</after-quoted-block></quoted-block>
 </paragraph><paragraph commented="no" id="H9DF24B8E2FE34365B3585CEF1CC81C29"><enum>(5)</enum><text>In December 2015, the United States Holocaust Memorial Museum’s Simon-Skjodt Center for the Prevention of Genocide issued a report titled <quote>Our Generation Is Gone—the Islamic State’s Targeting of Iraqi Minorities in Ninewa</quote>, which concluded that <quote>IS committed crimes against humanity, war crimes, and ethnic cleansing … [and] perpetrated genocide against the Yezidi people</quote>.</text>
 </paragraph><paragraph commented="no" id="HDE0D8EF5193B4CF58D290838700CECF1"><enum>(6)</enum><text>On December 7, 2015, the United States Commission on International Religious Freedom called on the United States Government <quote>to designate the Christian, Yezidi, Shi'a, Turkmen, and Shabak communities of Iraq and Syria as victims of genocide by ISIL</quote>.</text>
 </paragraph><paragraph commented="no" id="H827A6769BB7F4CAEBB6733B45AE3D2B3"><enum>(7)</enum><text>On February 3, 2016, the European Parliament unanimously passed a resolution declaring that IS <quote>is committing genocide against Christians and Yezidis, and other religious and ethnic minorities</quote>.</text> </paragraph><paragraph commented="no" id="H0B16B7FF23214C868ACA6790DF61F0CC"><enum>(8)</enum><text>On March 14, 2016, the United States House of Representatives passed H. Con. Res. 75, expressing the sense of Congress that the atrocities perpetrated by IS against religious and ethnic minorities in Iraq and Syria include war crimes, crimes against humanity, and genocide, by a unanimous vote of 393–0.</text>
 </paragraph><paragraph commented="no" id="H068EA59A927C43EBABFCFD6BB4F67B43"><enum>(9)</enum><text>On March 17, 2016, United States Secretary of State John Kerry declared that IS is <quote>responsible for genocide against groups under its control including Yazidis, Christians, and Shiite Muslims</quote>.</text>
 </paragraph><paragraph commented="no" id="HB2D8E4BD99524C128DF4E784611C823C"><enum>(10)</enum><text>On June 15, 2016, the United Nations Human Rights Council issued the report <quote>They Came to Destroy: ISIS Crimes Against the Yazidis</quote> which stated that IS <quote>has committed the crime of genocide as well as multiple crimes against humanity and war crimes against the Yazidis, thousands of whom are held captive in the Syrian Arab Republic where they are subjected to almost unimaginable horrors</quote>.</text>
 </paragraph><paragraph id="H4D35E79629F24E279D5F6E599C717EA3"><enum>(11)</enum><text display-inline="yes-display-inline">President Barack Obama established the Atrocities Prevention Board in 2011, and stated that <quote>preventing atrocities and genocide is a core national security interest and a core moral responsibility of the United States</quote>.</text>
 </paragraph><paragraph commented="no" id="H4A6DDDC94561402180B724E34374589B"><enum>(12)</enum><text>Over 3,200 Yazidi women and children are still being held by IS.</text> </paragraph><paragraph commented="no" id="H559CE603D32C44FE89DC9683E5E4F4FC"><enum>(13)</enum><text display-inline="yes-display-inline">The atrocities committed by IS should be investigated through the establishment of a United Nations Ad-hoc Tribunal for the purpose of documenting mass graves and prosecuting cases of mass atrocities.</text>
 </paragraph><paragraph commented="no" id="HC99566222A26417C92625AFFEFFE9E4A"><enum>(14)</enum><text>It is in the interest of the United States that the United States Armed Forces cooperate with friendly forces in Syria and Iraq for the purpose of securing members of the Yazidi and Christian communities being held captive by IS.</text>
			</paragraph></section><section id="H03C53D2A9CE84722804B51BC1669BD18"><enum>3.</enum><header>Establishment of new category of refugee of special humanitarian concern</header>
 <subsection id="H2DE3ECAFDA1D4886AF158052B23762BF"><enum>(a)</enum><header>Classification of Syrian and Iraqi religious minorities</header><text>Syrian and Iraqi nationals who are members of a religious minority in their country of origin—</text> <paragraph id="H4695F2C200B345C6BE034619395D835E"><enum>(1)</enum><text>shall be classified as refugees of special humanitarian concern;</text>
 </paragraph><paragraph id="H657ADC5626E9434AAA8682F7C54811B1"><enum>(2)</enum><text>shall be eligible for Priority 2 processing under the refugee resettlement priority system; and</text> </paragraph><paragraph id="H5E2E3F53F1F7443D86C813BBE2C9569D"><enum>(3)</enum><text>may apply directly to the United States Refugee Admissions Program for admission to the United States.</text>
 </paragraph></subsection><subsection id="H8759B116D88643779E1FEF98AEC2D8FB"><enum>(b)</enum><header>Eligibility for admission as a refugee</header><text>No alien shall be denied the opportunity to apply for admission under this section solely because such alien—</text>
 <paragraph id="H2B0A091239E2443C9BEEA696FF3FE009"><enum>(1)</enum><text>qualifies as an immediate relative;</text> </paragraph><paragraph id="H9ED3DD7351D946498CEE083EB846C256"><enum>(2)</enum><text>is eligible for any other immigrant classification; or</text>
 </paragraph><paragraph id="HE135FB09AFE24E669B22B2428C8A472C"><enum>(3)</enum><text>was referred to apply for admission to the United States as a refugee by a United States nonprofit organization that is exempt from Federal income taxes under section 501(c)(3) of the Internal Revenue Code.</text>
 </paragraph></subsection><subsection id="H6022E10739594300989DDB0BF9F4F723"><enum>(c)</enum><header>Permitting certain aliens within categories To reapply for refugee status</header><text>Each alien described in subsection (a) who after, June 1, 2014, and before the date of the enactment of this Act was denied refugee status shall be permitted to reapply for such status. Such an application shall be determined taking into account the application of this Act.</text>
 </subsection><subsection id="H3187F5759A73455B9315C85ED9CC396E"><enum>(d)</enum><header>Protection of aliens</header><text>In a case in which that the Secretary of State, in consultation with the Secretary of Homeland Security, determines that an alien who is described in subsection (a) and who has applied for admission to the United States as a refugee under section 207 of the Immigration and Nationality Act (<external-xref legal-doc="usc" parsable-cite="usc/8/1157">8 U.S.C. 1157</external-xref>) using the processes established under this section is in imminent danger, the Secretary shall make a reasonable effort to provide such alien with protection or the immediate removal from that country.</text>
			</subsection></section><section id="H193B7A1579C44E0D842AAC1FA909E264"><enum>4.</enum><header>Expedited system for Priority 2 refugee processing</header>
 <subsection id="H3937535357B048F5BA3F3BAFB77156D4"><enum>(a)</enum><header>Report</header><text>Not later than 60 days after the date of the enactment of this Act, the Secretary of State, in consultation with the Secretary of Homeland Security, shall submit to the Committee on the Judiciary of the House of Representatives, the Committee on Foreign Affairs of the House of Representatives, the Committee on the Judiciary of the Senate, and the Committee on Foreign Relations of the Senate a report containing a plan to expedite the processing of applications for admission to the United States as a refugee under section 207 of the Immigration and Nationality Act (<external-xref legal-doc="usc" parsable-cite="usc/8/1157">8 U.S.C. 1157</external-xref>) of aliens described in section 3 of this Act, which shall include information relating to—</text>
 <paragraph id="H9AE41A4B9D0242A5997EBB935C26B84F"><enum>(1)</enum><text>expediting the processing of such refugees for resettlement, including through temporary expansion of the Refugee Corps of United States Citizenship and Immigration Services;</text>
 </paragraph><paragraph id="H0FF9682C1F914DC3AAAD5D1703941DF0"><enum>(2)</enum><text>streamlining existing systems for conducting background and security checks of such aliens; and</text> </paragraph><paragraph id="H47F09B0C8FB24F91B02DCFAAB8428B0A"><enum>(3)</enum><text>establishing or expanding facilities to process such applications at appropriate locations in Dahouk, Iraq, and or near Erbil or Basrah, Iraq, and the processing of such applications in such facilities.</text>
 </paragraph></subsection><subsection id="H4CE8A396539A41199E8CB7FE3B7EFA6C"><enum>(b)</enum><header>Expedited process</header><text>Not later than 90 days after the date of the enactment of this Act, the Secretary of State, in consultation with the Secretary of Homeland Security, shall implement the plan contained in the report under subsection (a).</text>
			</subsection></section><section id="H8754142E4F584F01BAF4E0750720D470"><enum>5.</enum><header>Reports</header>
 <subsection id="H24E8E3B0BA9D4FB5BD418F459A2FDC1C"><enum>(a)</enum><header>Annual report</header><text>Not later than 120 days after the date of the enactment of this Act, and annually thereafter through 2020, the Secretary of State, in consultation with the Secretary of Homeland Security, shall submit to the Congress an unclassified report, with a classified annex if necessary, which includes—</text>
 <paragraph id="H71A0523416BB45D8B4C994C9BE3EB736"><enum>(1)</enum><text>an assessment of the financial, security, and personnel considerations and resources necessary to carry out the provisions of this Act;</text>
 </paragraph><paragraph id="HEBC8112E82E7480DA0CB8A674F9BEDC4"><enum>(2)</enum><text>the number of aliens described in section 3(a); and</text> </paragraph><paragraph id="H625A26D06EA14B3A9330835E5710AF11"><enum>(3)</enum><text>the number of such aliens who have applied for admission to the United States as a refugee under section 207 of the Immigration and Nationality Act (<external-xref legal-doc="usc" parsable-cite="usc/8/1157">8 U.S.C. 1157</external-xref>) using the processes established under section 3 of this Act.</text>
 </paragraph></subsection><subsection id="HBA2AA7B16D6E417DA6AF711EC5180642"><enum>(b)</enum><header>Report on video-Conference refugee interviews</header><text>Not later than 120 days after the date of the enactment of this Act, the Secretary of Homeland Security, in consultation with the Secretary of State, shall submit to the Congress an unclassified report, with a classified annex if necessary, which includes—</text>
 <paragraph id="H587397FCCF884A4588D8F7CC039CE842"><enum>(1)</enum><text>the number of aliens who applied for admission as a refugee under section 207 of the Immigration and Nationality Act (<external-xref legal-doc="usc" parsable-cite="usc/8/1157">8 U.S.C. 1157</external-xref>) in 2014 who are awaiting interviews in locations inaccessible to U.S. Citizenship and Immigration Services officers;</text>
 </paragraph><paragraph id="H2C39322E4778407A983573FCF9983E9D"><enum>(2)</enum><text>the number of locations worldwide to which Refugee Corps Officer circuit rides were suspended in 2014 due to security considerations; and</text>
 </paragraph><paragraph id="H5548008D0384416293BE34403E07FEDF"><enum>(3)</enum><text>a proposal for how to implement interviews via video-conference for aliens who applied for admission the United States as a refugee under section 207 of the Immigration and Nationality Act (<external-xref legal-doc="usc" parsable-cite="usc/8/1157">8 U.S.C. 1157</external-xref>), who currently reside in locations where Refugee Corps circuit rides have been suspended.</text>
				</paragraph></subsection></section><section id="HE03BFBB5335D4B72A7CDA6B918E7FE51"><enum>6.</enum><header>Secretary of Defense report on steps and protocol related to the rescue, care, and treatment of
			 Yazidi, Christian, Shabak, and Turkmen captives of the Islamic State</header>
 <subsection id="H5DCA484736F44B18A4CBD819021E0A62"><enum>(a)</enum><header>Report required</header><text display-inline="yes-display-inline">Not later than 60 days after the date of the enactment of this Act, the Secretary of Defense shall submit to the Congress a report containing each of the following:</text>
 <paragraph id="HFCD64CAA7EA94253AF777D29E08AA666"><enum>(1)</enum><text>A description of any steps the Department of Defense is taking to ensure coordination between the Armed Forces of the United States and local forces in conducting military operations in regions controlled by the Islamic State where religious or minority groups are known or thought to be held captive, in order to incorporate the rescue of such captives as a secondary objective.</text>
 </paragraph><paragraph id="H0FEB55F19378466EBCAD6DBEB9B384F7"><enum>(2)</enum><text>A description of any protocols that will be put in place by the Department of Defense, including protocols developed in coordination with the Government of Iraq, for the care and treatment of religious or minority groups rescued from captivity under the Islamic State, including any protocol for relocating such groups of captives to safe locations.</text>
 </paragraph></subsection><subsection id="H1B2A7A712F3C43F2A87AB5B1FB568772"><enum>(b)</enum><header>Form of report</header><text>The report required by subsection (a) shall be submitted in unclassified form, but may include a classified annex.</text>
			</subsection></section><section display-inline="no-display-inline" id="HB41B8FDE74A64259978D1BF4269E0E6D" section-type="subsequent-section"><enum>7.</enum><header>Programs for religious minorities and crisis prevention</header>
			<subsection id="H701FC81C689A4DB6A4994CAE7ED456D4"><enum>(a)</enum><header>Health care and psychosocial support program</header>
 <paragraph id="H39A5ABF78D9649FFABFD1D76C01CC1B0"><enum>(1)</enum><header>In general</header><text display-inline="yes-display-inline">The Secretary of State, in consultation with the Administrator of the United States Agency for International Development, shall establish a program to provide health care and psychosocial support for members of the Yazidi, Christian, Shabak, and Turkmen communities displaced by the Islamic State. Such program shall provide mental health and psychosocial support for children from such communities, with a particular focus on providing services to survivors of sexual slavery under the Islamic State.</text>
 </paragraph><paragraph id="HB0A4F858A9A14A1CA8B1753214D33D2A"><enum>(2)</enum><header>Implementation</header><text>The program established under paragraph (1) shall provide care in accordance with the Guidelines on Mental Health and Psychosocial Support in Emergency Settings promulgated by the Inter-Agency Standing Committee of the World Health Organization.</text>
				</paragraph></subsection><subsection id="H272812F697CC48E784772BDB9B5B9727"><enum>(b)</enum><header>Psychologist, social worker, and physical therapist training program</header>
 <paragraph id="H56B76F53AE0347F985137D20F3CDDBA2"><enum>(1)</enum><header>In general</header><text>The Secretary, in consultation with the Administrator, shall establish a program to provide training with respect to trauma-informed care to psychologists, social workers, and physical therapists based in an eligible country. The program shall prioritize providing such training to a psychologist, social worker, or physical therapist who speaks Kurmanji or the Shengali dialect of Kurmanji.</text>
 </paragraph><paragraph id="H97CEC6A56BA541599624E243084D1C2E"><enum>(2)</enum><header>Eligible country</header><text display-inline="yes-display-inline">For purposes of the program established under paragraph (1), the term <quote>eligible country</quote> means Iraq, Syria, or any country the Secretary determines to be a host country of Yazidi, Christian, Shabak, or Turkmen refugees who would benefit from the training provided under such program.</text>
 </paragraph></subsection><subsection id="H5E9D95B4320D42CBA64D74A659084C92"><enum>(c)</enum><header>Report</header><text>Not later than 60 days after the date of the enactment of this Act, the Secretary shall submit to the Committee on Foreign Affairs of the House of Representatives and the Committee on Foreign Relations of the Senate a report describing the progress made toward establishing the programs required under subsections (a) and (b) and the steps planned to complete such establishment.</text>
 </subsection><subsection id="HB8A0EE0E6FBB4DB0B550BE795C9B221C"><enum>(d)</enum><header>Transfer of funding</header><text display-inline="yes-display-inline">Of the unobligated amounts available on the date of the enactment of this Act for the Economic Support Fund established under chapter 4 of part II of the Foreign Assistance Act of 1961 (<external-xref legal-doc="usc" parsable-cite="usc/22/2346">22 U.S.C. 2346</external-xref> et seq.), $15,000,000, to be derived from amounts made available for assistance to Egypt, shall be made available to the Secretary until expended for the programs established under subsections (a) and (b).</text>
			</subsection></section></legis-body></bill>


