<?xml version="1.0"?>
<?xml-stylesheet type="text/xsl" href="billres.xsl"?>
<!DOCTYPE bill PUBLIC "-//US Congress//DTDs/bill.dtd//EN" "bill.dtd">
<bill bill-stage="Introduced-in-House" bill-type="olc" dms-id="H7A5AE6D79BC04D698271DCAC7E4F2A51" key="H" public-private="public"><metadata xmlns:dc="http://purl.org/dc/elements/1.1/">
<dublinCore>
<dc:title>115 HR 245 IH: Veterans’ Education Equity Act</dc:title>
<dc:publisher>U.S. House of Representatives</dc:publisher>
<dc:date>2017-01-04</dc:date>
<dc:format>text/xml</dc:format>
<dc:language>EN</dc:language>
<dc:rights>Pursuant to Title 17 Section 105 of the United States Code, this file is not subject to copyright protection and is in the public domain.</dc:rights>
</dublinCore>
</metadata>
<form>
<distribution-code display="yes">I</distribution-code><congress display="yes">115th CONGRESS</congress><session display="yes">1st Session</session><legis-num display="yes">H. R. 245</legis-num><current-chamber>IN THE HOUSE OF REPRESENTATIVES</current-chamber><action display="yes"><action-date date="20170104">January 4, 2017</action-date><action-desc><sponsor name-id="C001094">Mr. Cook</sponsor> (for himself and <cosponsor name-id="T000472">Mr. Takano</cosponsor>) introduced the following bill; which was referred to the <committee-name committee-id="HVR00">Committee on Veterans' Affairs</committee-name></action-desc></action><legis-type>A BILL</legis-type><official-title display="yes">To amend title 38, United States Code, to provide for the calculation of the amount of the monthly
			 housing stipend payable under the Post-9/11 Educational Assistance Program
			 of the Department of Veterans Affairs based on the location of the campus
			 where classes are attended.</official-title></form>
	<legis-body id="HE561D7CBE51B4FDAB656A4588629A695" style="OLC">
 <section id="H2152277C3152496B93825801D7EEC534" section-type="section-one"><enum>1.</enum><header>Short title</header><text display-inline="no-display-inline">This Act may be cited as the <quote><short-title>Veterans’ Education Equity Act</short-title></quote>.</text> </section><section id="H7535F2C9974741AC8AC0EBB104606CF6" section-type="subsequent-section"><enum>2.</enum><header>Calculation of monthly housing stipend under Post-9/11 Educational Assistance Program based on location of campus where classes are attended</header> <subsection id="HB372CFFE4C084B6190A546CB4C2842E1"><enum>(a)</enum><header>In general</header><text display-inline="yes-display-inline">Section 3313(c)(1)(B)(i)(I) of title 38, United States Code, is amended by striking <quote>the institution of higher learning at which the individual is enrolled</quote> and inserting <quote>the campus of the institution of higher learning where the individual physically participates in a majority of classes</quote>.</text>
 </subsection><subsection id="H48078637392F4F35BC0973F8359D6109"><enum>(b)</enum><header>Effective date</header><text>The amendment made by subsection (a) shall apply with respect to initial enrollment in a program of education on or after the date of the enactment of this Act.</text>
			</subsection></section></legis-body></bill>


