<?xml version="1.0"?>
<?xml-stylesheet type="text/xsl" href="billres.xsl"?>
<!DOCTYPE bill PUBLIC "-//US Congress//DTDs/bill.dtd//EN" "bill.dtd">
<bill bill-stage="Introduced-in-House" dms-id="H7D8F835E5085458892045E37BD5918EA" public-private="public" key="H" bill-type="olc"><form><distribution-code display="yes">I</distribution-code><congress display="yes">115th CONGRESS</congress><session display="yes">1st Session</session><legis-num display="yes">H. R. 354</legis-num><current-chamber>IN THE HOUSE OF REPRESENTATIVES</current-chamber><action display="yes"><action-date date="20170106">January 6, 2017</action-date><action-desc><sponsor name-id="B001273">Mrs. Black</sponsor> (for herself, <cosponsor name-id="H001036">Mr. Hensarling</cosponsor>, <cosponsor name-id="F000459">Mr. Fleischmann</cosponsor>, <cosponsor name-id="M001157">Mr. McCaul</cosponsor>, <cosponsor name-id="P000606">Mr. Pittenger</cosponsor>, <cosponsor name-id="K000388">Mr. Kelly of Mississippi</cosponsor>, <cosponsor name-id="F000460">Mr. Farenthold</cosponsor>, <cosponsor name-id="W000815">Mr. Wenstrup</cosponsor>, <cosponsor name-id="O000168">Mr. Olson</cosponsor>, <cosponsor name-id="R000582">Mr. Roe of Tennessee</cosponsor>, <cosponsor name-id="B001294">Mr. Blum</cosponsor>, <cosponsor name-id="R000409">Mr. Rohrabacher</cosponsor>, <cosponsor name-id="S001189">Mr. Austin Scott of Georgia</cosponsor>, <cosponsor name-id="G000576">Mr. Grothman</cosponsor>, <cosponsor name-id="B001257">Mr. Bilirakis</cosponsor>, <cosponsor name-id="A000374">Mr. Abraham</cosponsor>, <cosponsor name-id="H001071">Mr. Jody B. Hice of Georgia</cosponsor>, <cosponsor name-id="P000588">Mr. Pearce</cosponsor>, <cosponsor name-id="H001067">Mr. Hudson</cosponsor>, <cosponsor name-id="R000580">Mr. Roskam</cosponsor>, <cosponsor name-id="D000615">Mr. Duncan of South Carolina</cosponsor>, <cosponsor name-id="M001190">Mr. Mullin</cosponsor>, <cosponsor name-id="C001093">Mr. Collins of Georgia</cosponsor>, <cosponsor name-id="S000522">Mr. Smith of New Jersey</cosponsor>, <cosponsor name-id="J000290">Ms. Jenkins of Kansas</cosponsor>, <cosponsor name-id="M001184">Mr. Massie</cosponsor>, <cosponsor name-id="G000563">Mr. Gibbs</cosponsor>, <cosponsor name-id="L000573">Mr. Labrador</cosponsor>, <cosponsor name-id="R000598">Mr. Rothfus</cosponsor>, <cosponsor name-id="M001194">Mr. Moolenaar</cosponsor>, <cosponsor name-id="J000297">Mr. Jenkins of West Virginia</cosponsor>, <cosponsor name-id="F000448">Mr. Franks of Arizona</cosponsor>, <cosponsor name-id="C001062">Mr. Conaway</cosponsor>, <cosponsor name-id="H001053">Mrs. Hartzler</cosponsor>, <cosponsor name-id="L000584">Mrs. Love</cosponsor>, <cosponsor name-id="L000564">Mr. Lamborn</cosponsor>, <cosponsor name-id="Y000065">Mr. Yoho</cosponsor>, <cosponsor name-id="G000565">Mr. Gosar</cosponsor>, <cosponsor name-id="C000266">Mr. Chabot</cosponsor>, <cosponsor name-id="H001052">Mr. Harris</cosponsor>, <cosponsor name-id="A000372">Mr. Allen</cosponsor>, <cosponsor name-id="H001059">Mr. Hultgren</cosponsor>, <cosponsor name-id="C001103">Mr. Carter of Georgia</cosponsor>, <cosponsor name-id="B001243">Mrs. Blackburn</cosponsor>, <cosponsor name-id="M001195">Mr. Mooney of West Virginia</cosponsor>, <cosponsor name-id="C001096">Mr. Cramer</cosponsor>, <cosponsor name-id="A000055">Mr. Aderholt</cosponsor>, <cosponsor name-id="K000376">Mr. Kelly of Pennsylvania</cosponsor>, <cosponsor name-id="R000601">Mr. Ratcliffe</cosponsor>, <cosponsor name-id="W000813">Mrs. Walorski</cosponsor>, <cosponsor name-id="B001290">Mr. Brat</cosponsor>, <cosponsor name-id="G000546">Mr. Graves of Missouri</cosponsor>, <cosponsor name-id="C001048">Mr. Culberson</cosponsor>, <cosponsor name-id="J000255">Mr. Jones</cosponsor>, <cosponsor name-id="M001158">Mr. Marchant</cosponsor>, <cosponsor name-id="B001291">Mr. Babin</cosponsor>, <cosponsor name-id="W000810">Mr. Woodall</cosponsor>, <cosponsor name-id="E000294">Mr. Emmer</cosponsor>, <cosponsor name-id="R000592">Mr. Rokita</cosponsor>, <cosponsor name-id="M001189">Mr. Messer</cosponsor>, <cosponsor name-id="W000795">Mr. Wilson of South Carolina</cosponsor>, <cosponsor name-id="W000812">Mrs. Wagner</cosponsor>, <cosponsor name-id="B001283">Mr. Bridenstine</cosponsor>, <cosponsor name-id="B001289">Mr. Byrne</cosponsor>, <cosponsor name-id="J000292">Mr. Johnson of Ohio</cosponsor>, <cosponsor name-id="W000821">Mr. Westerman</cosponsor>, <cosponsor name-id="M001187">Mr. Meadows</cosponsor>, <cosponsor name-id="D000616">Mr. DesJarlais</cosponsor>, <cosponsor name-id="C001087">Mr. Crawford</cosponsor>, <cosponsor name-id="H001072">Mr. Hill</cosponsor>, <cosponsor name-id="T000463">Mr. Turner</cosponsor>, <cosponsor name-id="G000558">Mr. Guthrie</cosponsor>, <cosponsor name-id="G000552">Mr. Gohmert</cosponsor>, <cosponsor name-id="R000604">Mr. Russell</cosponsor>, <cosponsor name-id="F000461">Mr. Flores</cosponsor>, <cosponsor name-id="L000576">Mr. Long</cosponsor>, <cosponsor name-id="H001045">Mr. Harper</cosponsor>, <cosponsor name-id="P000601">Mr. Palazzo</cosponsor>, <cosponsor name-id="C001051">Mr. Carter of Texas</cosponsor>, <cosponsor name-id="B001293">Mr. Bishop of Michigan</cosponsor>, <cosponsor name-id="S000244">Mr. Sensenbrenner</cosponsor>, <cosponsor name-id="B001269">Mr. Barletta</cosponsor>, <cosponsor name-id="B001282">Mr. Barr</cosponsor>, <cosponsor name-id="P000605">Mr. Perry</cosponsor>, <cosponsor name-id="D000626">Mr. Davidson</cosponsor>, <cosponsor name-id="H001065">Mr. Holding</cosponsor>, <cosponsor name-id="L000566">Mr. Latta</cosponsor>, <cosponsor name-id="S001172">Mr. Smith of Nebraska</cosponsor>, <cosponsor name-id="S000051">Mr. Sanford</cosponsor>, <cosponsor name-id="S000364">Mr. Shimkus</cosponsor>, <cosponsor name-id="H001058">Mr. Huizenga</cosponsor>, <cosponsor name-id="B001299">Mr. Banks of Indiana</cosponsor>, <cosponsor name-id="S000583">Mr. Smith of Texas</cosponsor>, <cosponsor name-id="S001154">Mr. Shuster</cosponsor>, <cosponsor name-id="R000575">Mr. Rogers of Alabama</cosponsor>, <cosponsor name-id="C000059">Mr. Calvert</cosponsor>, <cosponsor name-id="P000592">Mr. Poe of Texas</cosponsor>, <cosponsor name-id="W000816">Mr. Williams</cosponsor>, <cosponsor name-id="B000755">Mr. Brady of Texas</cosponsor>, <cosponsor name-id="S000250">Mr. Sessions</cosponsor>, <cosponsor name-id="R000591">Mrs. Roby</cosponsor>, <cosponsor name-id="W000804">Mr. Wittman</cosponsor>, <cosponsor name-id="L000583">Mr. Loudermilk</cosponsor>, <cosponsor name-id="B001275">Mr. Bucshon</cosponsor>, <cosponsor name-id="G000560">Mr. Graves of Georgia</cosponsor>, <cosponsor name-id="N000184">Mrs. Noem</cosponsor>, <cosponsor name-id="D000614">Mr. Duffy</cosponsor>, <cosponsor name-id="W000798">Mr. Walberg</cosponsor>, <cosponsor name-id="S001192">Mr. Stewart</cosponsor>, <cosponsor name-id="W000819">Mr. Walker</cosponsor>, <cosponsor name-id="K000392">Mr. Kustoff of Tennessee</cosponsor>, <cosponsor name-id="G000568">Mr. Griffith</cosponsor>, <cosponsor name-id="L000569">Mr. Luetkemeyer</cosponsor>, <cosponsor name-id="P000609">Mr. Palmer</cosponsor>, <cosponsor name-id="S001195">Mr. Smith of Missouri</cosponsor>, <cosponsor name-id="W000814">Mr. Weber of Texas</cosponsor>, <cosponsor name-id="V000129">Mr. Valadao</cosponsor>, <cosponsor name-id="S001176">Mr. Scalise</cosponsor>, <cosponsor name-id="R000603">Mr. Rouzer</cosponsor>, <cosponsor name-id="P000599">Mr. Posey</cosponsor>, <cosponsor name-id="T000462">Mr. Tiberi</cosponsor>, <cosponsor name-id="C001053">Mr. Cole</cosponsor>, <cosponsor name-id="Y000063">Mr. Yoder</cosponsor>, <cosponsor name-id="G000577">Mr. Graves of Louisiana</cosponsor>, <cosponsor name-id="B001302">Mr. Biggs</cosponsor>, <cosponsor name-id="C001108">Mr. Comer</cosponsor>, <cosponsor name-id="J000174">Mr. Sam Johnson of Texas</cosponsor>, and <cosponsor name-id="L000585">Mr. LaHood</cosponsor>) introduced the following bill; which was referred to the <committee-name committee-id="HIF00">Committee on Energy and Commerce</committee-name></action-desc></action><legis-type>A BILL</legis-type><official-title display="yes">To provide for a moratorium on Federal funding to Planned Parenthood Federation of America, Inc.</official-title></form><legis-body id="H8105D5EAD9084C90B486BFDE1CE72C13" style="OLC"> 
<section id="H713C7C18D69345D0B833E73BDD9B0006" section-type="section-one"><enum>1.</enum><header>Short title</header><text display-inline="no-display-inline">This Act may be cited as the <quote><short-title>Defund Planned Parenthood Act of 2017</short-title></quote>.</text></section> <section display-inline="no-display-inline" id="HC2D19010F8F34B458F84A7B034D35368"><enum>2.</enum><header>Findings</header><text display-inline="no-display-inline">Congress finds the following:</text>
<paragraph id="HD6F81A451EB64B40B49F599E82DAF29C"><enum>(1)</enum><text>State and county health departments, community health centers, hospitals, physicians offices, and other entities currently provide, and will continue to provide, health services to women. Such health services include relevant diagnostic laboratory and radiology services, well-child care, prenatal and postpartum care, immunization, family planning services (including contraception), cervical and breast cancer screenings and referrals, and sexually transmitted disease testing.</text></paragraph> <paragraph id="HDC99D746AA934C0397FD7A01E1765841"><enum>(2)</enum><text>Many such entities provide services to all persons, regardless of the person’s ability to pay, and provide services in medically underserved areas and to medically underserved populations.</text></paragraph>
<paragraph id="H0F1C6820D695485791A4A709D2C856D8"><enum>(3)</enum><text display-inline="yes-display-inline">All funds that are no longer available to Planned Parenthood Federation of America, Inc. and its affiliates and clinics pursuant to this Act will continue to be made available to other eligible entities to provide women’s health care services.</text></paragraph> <paragraph id="H308DAFEB79A54D779B819EF783EB2E02"><enum>(4)</enum><text display-inline="yes-display-inline">Funds authorized to be appropriated, and appropriated, by section 4 are offset by the funding limitation under section 3(a).</text></paragraph></section>
<section id="HF6F6F7BD37E641F2B565E4D035A2E0D9"><enum>3.</enum><header>Moratorium on Federal funding to Planned Parenthood Federation of America, Inc</header>
<subsection id="H7EC628E3062F4386A999AD0708A21938"><enum>(a)</enum><header>In general</header><text display-inline="yes-display-inline">For the one-year period beginning on the date of the enactment of this Act, subject to subsection (b), no funds authorized or appropriated by Federal law may be made available for any purpose to Planned Parenthood Federation of America, Inc., or any affiliate or clinic of Planned Parenthood Federation of America, Inc., unless such entities certify that Planned Parenthood Federation of America affiliates and clinics will not perform, and will not provide any funds to any other entity that performs, an abortion during such period.</text></subsection> <subsection id="HE82CC669BFEC48D29828B9BC639B4D94"><enum>(b)</enum><header>Exception</header><text>Subsection (a) shall not apply to an abortion—</text>
<paragraph id="H8E6D048372BF49D082933D2A0370822A"><enum>(1)</enum><text>if the pregnancy is the result of an act of rape or incest; or</text></paragraph> <paragraph id="H4D5F744760F44F7D8DBDE933518ADB3E"><enum>(2)</enum><text>in the case where a woman suffers from a physical disorder, physical injury, or physical illness that would, as certified by a physician, place the woman in danger of death unless an abortion is performed, including a life-endangering physical condition caused by or arising from the pregnancy itself.</text></paragraph></subsection>
<subsection id="HFF8F29F04CEA4E8D92EEE0A1C275B026"><enum>(c)</enum><header>Repayment</header><text>The Secretary of Health and Human Services and the Secretary of Agriculture shall seek repayment of any Federal assistance received by Planned Parenthood Federation of America, Inc., or any affiliate or clinic of Planned Parenthood Federation of America, Inc., if it violates the terms of the certification required by subsection (a) during the period specified in subsection (a).</text></subsection></section> <section id="HC0E58E4981DF47B5A8878757BF55E82A"><enum>4.</enum><header>Funding for community health center program</header> <subsection id="HE080443AB88446E5B81037D0F1E0FD4B"><enum>(a)</enum><header>In general</header><text display-inline="yes-display-inline">There is authorized to be appropriated, and appropriated, $235,000,000 for the community health center program under section 330 of the Public Health Service Act (<external-xref legal-doc="usc" parsable-cite="usc/42/254b">42 U.S.C. 254b</external-xref>), in addition to any other funds made available to such program, for the period for which the funding limitation under section 3(a) applies.</text></subsection>
<subsection id="HCBBAFE9295E74035AFC6CAB319E87FF9"><enum>(b)</enum><header>Limitation</header><text display-inline="yes-display-inline">None of the funds authorized or appropriated pursuant to subsection (a) may be expended for an abortion other than as described in section 3(b).</text></subsection></section> <section id="H65449445339141C3B39633B316E14A9D"><enum>5.</enum><header>Rule of construction</header><text display-inline="no-display-inline">Nothing in this Act shall be construed to reduce overall Federal funding available in support of women’s health.</text></section> 
</legis-body></bill>

