<?xml version="1.0"?>
<?xml-stylesheet type="text/xsl" href="billres.xsl"?>
<!DOCTYPE bill PUBLIC "-//US Congress//DTDs/bill.dtd//EN" "bill.dtd">
<bill bill-stage="Introduced-in-House" bill-type="olc" dms-id="HFE041584EC94493FB897BB95F2099BD1" key="H" public-private="public">
	<metadata xmlns:dc="http://purl.org/dc/elements/1.1/">
<dublinCore>
<dc:title>115 HR 423 IH: Anti-Spoofing Act of 2017</dc:title>
<dc:publisher>U.S. House of Representatives</dc:publisher>
<dc:date>2017-01-09</dc:date>
<dc:format>text/xml</dc:format>
<dc:language>EN</dc:language>
<dc:rights>Pursuant to Title 17 Section 105 of the United States Code, this file is not subject to copyright protection and is in the public domain.</dc:rights>
</dublinCore>
</metadata>
<form>
		<distribution-code display="yes">I</distribution-code>
		<congress>115th CONGRESS</congress>
		<session>1st Session</session>
		<legis-num>H. R. 423</legis-num>
		<current-chamber>IN THE HOUSE OF REPRESENTATIVES</current-chamber>
		<action>
			<action-date date="20170109">January 10, 2017</action-date>
			<action-desc><sponsor name-id="M001188">Ms. Meng</sponsor> (for herself, <cosponsor name-id="B000213">Mr. Barton</cosponsor>, and <cosponsor name-id="L000567">Mr. Lance</cosponsor>) introduced the following bill; which was referred to the <committee-name committee-id="HIF00">Committee on Energy and Commerce</committee-name></action-desc>
		</action>
		<legis-type>A BILL</legis-type>
		<official-title display="yes">To amend the Communications Act of 1934 to expand and clarify the prohibition on provision of
			 misleading or inaccurate caller identification information, and for other
			 purposes.</official-title>
	</form>
	<legis-body id="HB08ED512B314484ABB9625B18DEE7414" style="OLC">
		<section id="HFAE6FBE3DCF84D94A90B7C8B66847AFB" section-type="section-one"><enum>1.</enum><header>Short title</header>
 <text display-inline="no-display-inline">This Act may be cited as the <quote><short-title>Anti-Spoofing Act of 2017</short-title></quote>.</text> </section><section id="id02274DC731B34707AD1493A2676F951C" section-type="subsequent-section"><enum>2.</enum><header>Spoofing prevention</header> <subsection id="id3AD366E82A534DA98AFAA23FC99E3F47"><enum>(a)</enum><header>Expanding and clarifying prohibition on misleading or inaccurate caller identification information</header> <paragraph id="id19E0AB7858C24A1684ED0CAA1989F3EC"><enum>(1)</enum><header>Communications from outside the United States</header><text>Section 227(e)(1) of the Communications Act of 1934 (<external-xref legal-doc="usc" parsable-cite="usc/47/227">47 U.S.C. 227(e)(1)</external-xref>) is amended by striking <quote>in connection with any telecommunications service or IP-enabled voice service</quote> and inserting <quote>or any person outside the United States if the recipient is within the United States, in connection with any voice service or text messaging service</quote>.</text>
 </paragraph><paragraph id="idBD76598B84FA4430AF1F368557CE1C21"><enum>(2)</enum><header>Coverage of text messages and voice services</header><text>Section 227(e)(8) of the Communications Act of 1934 (<external-xref legal-doc="usc" parsable-cite="usc/47/227">47 U.S.C. 227(e)(8)</external-xref>) is amended—</text> <subparagraph id="idE89368CD0E3049E1928170FD1CB34BF6"><enum>(A)</enum><text>in subparagraph (A), by striking <quote>telecommunications service or IP-enabled voice service</quote> and inserting <quote>voice service or a text message sent using a text messaging service</quote>;</text>
 </subparagraph><subparagraph id="id8FDD3CD3F61041EC8538F9B0A59C6397"><enum>(B)</enum><text>in the first sentence of subparagraph (B), by striking <quote>telecommunications service or IP-enabled voice service</quote> and inserting <quote>voice service or a text message sent using a text messaging service</quote>; and</text> </subparagraph><subparagraph id="id619F728065E043B4B862B19B1FED5CCD"><enum>(C)</enum><text>by striking subparagraph (C) and inserting the following:</text>
						<quoted-block display-inline="no-display-inline" id="id6B93F662037F4C2AA1EFE1F428B6FA38" style="OLC">
 <subparagraph id="idF11EBCDE78A54CC5BA9BBE78012A92D9"><enum>(C)</enum><header>Text message</header><text>The term <term>text message</term>—</text> <clause id="id3BEA352026134E89B37192D511F2F5DC"><enum>(i)</enum><text>means a message consisting of text, images, sounds, or other information that is transmitted to or from a device that is identified as the receiving or transmitting device by means of a 10-digit telephone number or N11 service code;</text>
 </clause><clause id="idCE50BC6E2C854F9CBDE9A5231A57E4BF"><enum>(ii)</enum><text>includes a short message service (commonly referred to as <quote>SMS</quote>) message and a multimedia message service (commonly referred to as <quote>MMS</quote>) message; and</text>
 </clause><clause id="id93C92E18BB2E4F86BD375853189A8B84"><enum>(iii)</enum><text>does not include—</text> <subclause id="idAF486E1BA83E4F9DBD83804B2A9F988B"><enum>(I)</enum><text>a real-time, two way voice or video communication; or</text>
 </subclause><subclause id="id58A801BC829249DCA0C5D83211348F6A"><enum>(II)</enum><text>a message sent over an IP-enabled messaging service to another user of the same messaging service, except a message described in clause (ii).</text>
 </subclause></clause></subparagraph><subparagraph id="id223B67221AF84F109CA567048D2E17B9"><enum>(D)</enum><header>Text messaging service</header><text>The term <term>text messaging service</term> means a service that enables the transmission or receipt of a text message, including a service provided as part of or in connection with a voice service.</text>
 </subparagraph><subparagraph id="id82726730B2914FBF9C932623CD4E7B34"><enum>(E)</enum><header>Voice service</header><text>The term <term>voice service</term>—</text> <clause id="id599E48284EF14F57A094B944A63473FA"><enum>(i)</enum><text>means any service that is interconnected with the public switched telephone network and that furnishes voice communications to an end user using resources from the North American Numbering Plan or any successor to the North American Numbering Plan adopted by the Commission under section 251(e)(1); and</text>
 </clause><clause id="id0CE92BBD1BCE4386923C36C3D8778842"><enum>(ii)</enum><text>includes transmissions from a telephone facsimile machine, computer, or other device to a telephone facsimile machine.</text></clause></subparagraph><after-quoted-block>.</after-quoted-block></quoted-block>
 </subparagraph></paragraph><paragraph id="idA2AD8DEE33F549FEAEA960DC25585375"><enum>(3)</enum><header>Technical amendment</header><text>Section 227(e) of the Communications Act of 1934 (<external-xref legal-doc="usc" parsable-cite="usc/47/227">47 U.S.C. 227(e)</external-xref>) is amended in the heading by inserting <quote><header-in-text level="subsection">Misleading or</header-in-text></quote> before <quote><header-in-text level="subsection">Inaccurate</header-in-text></quote>.</text>
				</paragraph><paragraph id="id6C7B038717144775BE4006944009EC67"><enum>(4)</enum><header>Regulations</header>
 <subparagraph id="id34ADE3FC83414DC0ABED017AE9329233"><enum>(A)</enum><header>In general</header><text>Section 227(e)(3)(A) of the Communications Act of 1934 (<external-xref legal-doc="usc" parsable-cite="usc/47/227">47 U.S.C. 227(e)(3)(A)</external-xref>) is amended by striking <quote>Not later than 6 months after the date of enactment of the Truth in Caller ID Act of 2009, the Commission</quote> and inserting <quote>The Commission</quote>.</text>
 </subparagraph><subparagraph id="idC017861EE1064B33BB14E9D01E335569"><enum>(B)</enum><header>Deadline</header><text>The Commission shall prescribe regulations to implement the amendments made by this subsection not later than 18 months after the date of enactment of this Act.</text>
 </subparagraph></paragraph><paragraph id="id6BC9658E33C848B09E7FA29550D26D17"><enum>(5)</enum><header>Effective date</header><text>The amendments made by this subsection shall take effect on the date that is 6 months after the date on which the Commission prescribes regulations under paragraph (4).</text>
				</paragraph></subsection><subsection id="id803F9E510CB6475899A0E79A4672D559"><enum>(b)</enum><header>Consumer education materials on how To avoid scams that rely upon misleading or inaccurate caller
			 identification information</header>
 <paragraph id="id26315CF9CDAA48CAB6DE5FB9A9F7866D"><enum>(1)</enum><header>Development of materials</header><text>Not later than 1 year after the date of enactment of this Act, the Commission, in coordination with the Federal Trade Commission, shall develop consumer education materials that provide information about—</text>
 <subparagraph id="id1408901756944D1FBFF2B3121A050D59"><enum>(A)</enum><text>ways for consumers to identify scams and other fraudulent activity that rely upon the use of misleading or inaccurate caller identification information; and</text>
 </subparagraph><subparagraph id="id610546FC79F240D2A2487416EC1123C7"><enum>(B)</enum><text>existing technologies, if any, that a consumer can use to protect against such scams and other fraudulent activity.</text>
 </subparagraph></paragraph><paragraph id="id946924E6BCED4C5086C3A067CFCC328B"><enum>(2)</enum><header>Contents</header><text>In developing the consumer education materials under paragraph (1), the Commission shall—</text> <subparagraph id="id04A3F5011B8E4FCFB833323ED64D6D16"><enum>(A)</enum><text>identify existing technologies, if any, that can help consumers guard themselves against scams and other fraudulent activity that rely upon the use of misleading or inaccurate caller identification information, including—</text>
 <clause id="id37B6F0A53F53422CAC1C429AB98ABCDB"><enum>(i)</enum><text>descriptions of how a consumer can use the technologies to protect against such scams and other fraudulent activity; and</text>
 </clause><clause id="id340565FE115D43A19737D8116C5F2831"><enum>(ii)</enum><text>details on how consumers can access and use the technologies; and</text> </clause></subparagraph><subparagraph id="id223D8AD644704C4AADA6FDEFE7CC3242"><enum>(B)</enum><text>provide other information that may help consumers identify and avoid scams and other fraudulent activity that rely upon the use of misleading or inaccurate caller identification information.</text>
 </subparagraph></paragraph><paragraph id="id9321479860D441059C04F16622A19B9A"><enum>(3)</enum><header>Updates</header><text>The Commission shall ensure that the consumer education materials required under paragraph (1) are updated on a regular basis.</text>
 </paragraph><paragraph id="idA59E567CB5BF421092B34DD660D33F7F"><enum>(4)</enum><header>Website</header><text>The Commission shall include the consumer education materials developed under paragraph (1) on its website.</text>
				</paragraph></subsection><subsection id="id768ED08BA2D94AE3A7E43971AC069ABD"><enum>(c)</enum><header>GAO report on combating the fraudulent provision of misleading or inaccurate caller identification
			 information</header>
 <paragraph id="idBD5F176C3B82484281E01462CB11E991"><enum>(1)</enum><header>In general</header><text>The Comptroller General of the United States shall conduct a study of the actions the Commission and the Federal Trade Commission have taken to combat the fraudulent provision of misleading or inaccurate caller identification information, and the additional measures that could be taken to combat such activity.</text>
 </paragraph><paragraph id="id14583D65AFA34C878A58F4D992BC72F9"><enum>(2)</enum><header>Required considerations</header><text>In conducting the study under paragraph (1), the Comptroller General shall examine—</text> <subparagraph id="id493836A18B1D4B6A9E1148EA3DBDCF91"><enum>(A)</enum><text>trends in the types of scams that rely on misleading or inaccurate caller identification information;</text>
 </subparagraph><subparagraph id="idA971441C3A474A84A3B7E182EF32BCD1"><enum>(B)</enum><text>previous and current enforcement actions by the Commission and the Federal Trade Commission to combat the practices prohibited by section 227(e)(1) of the Communications Act of 1934 (<external-xref legal-doc="usc" parsable-cite="usc/47/227">47 U.S.C. 227(e)(1)</external-xref>);</text>
 </subparagraph><subparagraph id="id362C6CB187A8416E883A9137F652C19C"><enum>(C)</enum><text>current efforts by industry groups and other entities to develop technical standards to deter or prevent the fraudulent provision of misleading or inaccurate caller identification information, and how such standards may help combat the current and future provision of misleading or inaccurate caller identification information; and</text>
 </subparagraph><subparagraph id="id89D2A65CB58A47D4A5C8F2559558C77B"><enum>(D)</enum><text>whether there are additional actions the Commission, the Federal Trade Commission, and Congress should take to combat the fraudulent provision of misleading or inaccurate caller identification information.</text>
 </subparagraph></paragraph><paragraph id="id647E326829874A75922996BCB1F990F1"><enum>(3)</enum><header>Report</header><text>Not later than 18 months after the date of enactment of this Act, the Comptroller General shall submit to the Committee on Energy and Commerce of the House of Representatives and the Committee on Commerce, Science, and Transportation of the Senate a report on the findings of the study under paragraph (1), including any recommendations regarding combating the fraudulent provision of misleading or inaccurate caller identification information.</text>
 </paragraph></subsection><subsection id="id9F04BC6BF8724CE1A8392EB5EB23FCA0"><enum>(d)</enum><header>Rule of construction</header><text>Nothing in this section, or the amendments made by this section, shall be construed to modify, limit, or otherwise affect any rule or order adopted by the Commission in connection with—</text>
 <paragraph id="id6B8B9AC475C143DF9DD8819E37A15519"><enum>(1)</enum><text>the Telephone Consumer Protection Act of 1991 (<external-xref legal-doc="public-law" parsable-cite="pl/102/243">Public Law 102–243</external-xref>; 105 Stat. 2394) or the amendments made by that Act; or</text>
 </paragraph><paragraph id="id4A0014EEB19B4F478C2F45D3DE9A554D"><enum>(2)</enum><text>the CAN–SPAM Act of 2003 (<external-xref legal-doc="usc" parsable-cite="usc/15/7701">15 U.S.C. 7701</external-xref> et seq.).</text> </paragraph></subsection><subsection id="id3B48F2428B454CCDB5F0AC0D04663A3A"><enum>(e)</enum><header>Commission defined</header><text>In this section, the term <term>Commission</term> means the Federal Communications Commission.</text></subsection></section></legis-body>
</bill>


