<?xml version="1.0"?>
<?xml-stylesheet type="text/xsl" href="billres.xsl"?>
<!DOCTYPE bill PUBLIC "-//US Congress//DTDs/bill.dtd//EN" "bill.dtd">
<bill bill-stage="Introduced-in-House" bill-type="olc" dms-id="H899BBA1495EC43359E5B2CE485C6B2AD" key="H" public-private="public"><metadata xmlns:dc="http://purl.org/dc/elements/1.1/">
<dublinCore>
<dc:title>115 HR 87 IH: To make 5 percent across-the-board rescissions in non-defense, non-homeland-security, and non-veterans-affairs discretionary spending for each of the fiscal years 2017 and 2018.</dc:title>
<dc:publisher>U.S. House of Representatives</dc:publisher>
<dc:date>2017-01-03</dc:date>
<dc:format>text/xml</dc:format>
<dc:language>EN</dc:language>
<dc:rights>Pursuant to Title 17 Section 105 of the United States Code, this file is not subject to copyright protection and is in the public domain.</dc:rights>
</dublinCore>
</metadata>
<form>
<distribution-code display="yes">I</distribution-code><congress display="yes">115th CONGRESS</congress><session display="yes">1st Session</session><legis-num display="yes">H. R. 87</legis-num><current-chamber>IN THE HOUSE OF REPRESENTATIVES</current-chamber><action display="yes"><action-date date="20170103">January 3, 2017</action-date><action-desc><sponsor name-id="B001243">Mrs. Blackburn</sponsor> introduced the following bill; which was referred to the <committee-name committee-id="HAP00">Committee on Appropriations</committee-name></action-desc></action><legis-type>A BILL</legis-type><official-title display="yes">To make 5 percent across-the-board rescissions in non-defense, non-homeland-security, and
			 non-veterans-affairs discretionary spending for each of the fiscal years
			 2017 and 2018.</official-title></form>
	<legis-body id="H51E895681334415DB1493E546ED34985" style="OLC">
		<section id="H2C612BC4AF014B7A8FB42F22CCF93EE6" section-type="section-one"><enum>1.</enum><header>Across-the-board rescissions in non-defense, non-homeland-security, and non-veterans-affairs
			 discretionary spending for each of fiscal years 2017 and 2018</header>
 <subsection id="H6D071E9881BD4A71A9AD1AB8FC3099DA"><enum>(a)</enum><header>Across-the-Board Rescissions</header><text display-inline="yes-display-inline">There is hereby rescinded an amount equal to 5 percent of—</text> <paragraph id="HC9FC06D5AE3B4A14B8F89AC289F70B79"><enum>(1)</enum><text display-inline="yes-display-inline">the budget authority provided (or obligation limitation imposed) in each of the fiscal years 2017 and 2018 for any non-defense, non-homeland-security, and non-veterans-affairs discretionary account in any fiscal year 2017 or 2018 appropriation Act;</text>
 </paragraph><paragraph id="H58DF407EC9B24DF09C613032DD45C602"><enum>(2)</enum><text display-inline="yes-display-inline">the budget authority provided in any advance appropriation for each of the fiscal years 2017 and 2018 for any non-defense, non-homeland-security, and non-veterans-affairs discretionary account in any prior fiscal year appropriation Act; and</text>
 </paragraph><paragraph id="H1B40D3209366476CB20AEABF55573041"><enum>(3)</enum><text display-inline="yes-display-inline">the contract authority provided in each of the fiscal years 2017 and 2018 for any program that is subject to a limitation contained in any fiscal year 2017 or 2018 appropriation Act for any non-defense, non-homeland-security, and non-veterans-affairs discretionary account.</text>
 </paragraph></subsection><subsection id="H51CDD99273754F4D8C283AF677C3E41E"><enum>(b)</enum><header>Non-Defense, Non-Homeland-Security, and Non-Veterans-Affairs Discretionary Account</header><text display-inline="yes-display-inline">For purposes of subsection (a), the term <quote>non-defense, non-homeland-security, and non-veterans-affairs discretionary account</quote> means any discretionary account, other than—</text> <paragraph id="HADFABB1920CB406E8CA69A3C40C9E24F"><enum>(1)</enum><text display-inline="yes-display-inline">any account included in a Department of Defense Appropriations Act;</text>
 </paragraph><paragraph id="H53E6203D56914893AA332900FEA46897"><enum>(2)</enum><text display-inline="yes-display-inline">any account included in a Department of Homeland Security Appropriations Act;</text> </paragraph><paragraph id="H50F3EA5591D54272AB0227D04D5703AE"><enum>(3)</enum><text display-inline="yes-display-inline">any account of the Department of Defense or the Department of Veterans Affairs included in a Military Construction and Veterans Affairs and Related Agencies Appropriations Act; or</text>
 </paragraph><paragraph id="HF5A68383581747978ABAF951CD3ADF46"><enum>(4)</enum><text display-inline="yes-display-inline">any account for Department of Energy defense activities included in an Energy and Water Development and Related Agencies Appropriations Act.</text>
 </paragraph></subsection><subsection id="H6FFC302ADC1240BF86395BD54652E78F"><enum>(c)</enum><header>Proportionate application</header><text display-inline="yes-display-inline">Any rescission made by subsection (a) shall be applied proportionately—</text> <paragraph id="H404DF820173643739FFB0FE86527BE5B"><enum>(1)</enum><text display-inline="yes-display-inline">to each discretionary account and each item of budget authority described in such subsection; and</text>
 </paragraph><paragraph id="H748C503BADFF4CA0A7EDCCEBEE83E2FB"><enum>(2)</enum><text display-inline="yes-display-inline">within each such account and item, to each program, project, and activity (with programs, projects, and activities as delineated in the appropriation Act or accompanying reports for the relevant fiscal year covering such account or item, or for accounts and items not included in appropriation Acts, as delineated in the most recently submitted President's budget).</text>
 </paragraph></subsection><subsection id="H6F7514DE26F845EC8A61D5F1199A595F"><enum>(d)</enum><header>Subsequent appropriation laws</header><text display-inline="yes-display-inline">In the case of any fiscal year 2017 or 2018 appropriation Act enacted after the date of enactment of this section, any rescission required by subsection (a) shall take effect immediately after the enactment of such Act.</text>
 </subsection><subsection id="H13C4CC6D8C8C4B60B870C5036A495E1C"><enum>(e)</enum><header>OMB report</header><text display-inline="yes-display-inline">Within 30 days after the date of enactment of this section (or, if later, 30 days after the enactment of any fiscal year 2017 or 2018 appropriation Act), the Director of the Office of Management and Budget shall submit to the Committees on Appropriations of the House of Representatives and the Senate a report specifying the account and amount of each rescission made pursuant to subsection (a).</text>
			</subsection></section></legis-body></bill>


