<?xml version="1.0"?>
<?xml-stylesheet type="text/xsl" href="billres.xsl"?>
<!DOCTYPE bill PUBLIC "-//US Congress//DTDs/bill.dtd//EN" "bill.dtd">
<bill bill-stage="Introduced-in-House" dms-id="H88BCFF24563A4ACCA9122A503990DE53" public-private="public" key="H" bill-type="olc"><form><distribution-code display="yes">I</distribution-code><congress display="yes">115th CONGRESS</congress><session display="yes">1st Session</session><legis-num display="yes">H. R. 602</legis-num><current-chamber>IN THE HOUSE OF REPRESENTATIVES</current-chamber><action display="yes"><action-date date="20170123">January 23, 2017</action-date><action-desc><sponsor name-id="C000059">Mr. Calvert</sponsor> introduced the following bill; which was referred to the <committee-name committee-id="HGO00">Committee on Oversight and Government Reform</committee-name></action-desc></action><legis-type>A BILL</legis-type><official-title display="yes">To direct the United States Postal Service to designate a single, unique ZIP Code for Eastvale, California.</official-title></form><legis-body id="H42964EDA3BAA447BB0C0037C93340721" style="OLC"> 
<section id="HB8C1B7D867924A779F1BEDA792C4E864" section-type="section-one"><enum>1.</enum><header>Single, unique ZIP Code for Eastvale, California</header><text display-inline="no-display-inline">Not later than 180 days after the date of the enactment of this section, the United States Postal Service shall designate a single, unique ZIP Code applicable to the area encompassing only Eastvale, California.</text></section> </legis-body></bill>

