<?xml version="1.0"?>
<?xml-stylesheet type="text/xsl" href="billres.xsl"?>
<!DOCTYPE bill PUBLIC "-//US Congress//DTDs/bill.dtd//EN" "bill.dtd">
<bill bill-stage="Introduced-in-House" bill-type="olc" dms-id="H6C2BBA5C0BDB45DEA31C225C125C8F39" key="H" public-private="public"><metadata xmlns:dc="http://purl.org/dc/elements/1.1/">
<dublinCore>
<dc:title>115 HR 475 IH: To designate the exclusive economic zone of the United States as the “Ronald Wilson Reagan Exclusive Economic Zone of the United States”.</dc:title>
<dc:publisher>U.S. House of Representatives</dc:publisher>
<dc:date>2017-01-12</dc:date>
<dc:format>text/xml</dc:format>
<dc:language>EN</dc:language>
<dc:rights>Pursuant to Title 17 Section 105 of the United States Code, this file is not subject to copyright protection and is in the public domain.</dc:rights>
</dublinCore>
</metadata>
<form>
<distribution-code display="yes">I</distribution-code><congress display="yes">115th CONGRESS</congress><session display="yes">1st Session</session><legis-num display="yes">H. R. 475</legis-num><current-chamber>IN THE HOUSE OF REPRESENTATIVES</current-chamber><action display="yes"><action-date date="20170112">January 12, 2017</action-date><action-desc><sponsor name-id="I000056">Mr. Issa</sponsor> (for himself, <cosponsor name-id="A000374">Mr. Abraham</cosponsor>, <cosponsor name-id="A000055">Mr. Aderholt</cosponsor>, <cosponsor name-id="C001105">Mrs. Comstock</cosponsor>, <cosponsor name-id="F000448">Mr. Franks of Arizona</cosponsor>, <cosponsor name-id="G000552">Mr. Gohmert</cosponsor>, <cosponsor name-id="R000600">Mrs. Radewagen</cosponsor>, <cosponsor name-id="R000409">Mr. Rohrabacher</cosponsor>, <cosponsor name-id="R000487">Mr. Royce of California</cosponsor>, <cosponsor name-id="Y000033">Mr. Young of Alaska</cosponsor>, and <cosponsor name-id="M001195">Mr. Mooney of West Virginia</cosponsor>) introduced the following bill; which was referred to the <committee-name committee-id="HII00">Committee on Natural Resources</committee-name></action-desc></action><legis-type>A BILL</legis-type><official-title display="yes">To designate the exclusive economic zone of the United States as the <quote>Ronald Wilson Reagan Exclusive Economic Zone of the United States</quote>.</official-title></form>
	<legis-body id="HC916F1D6EDE147B4A67A6F82D7CBAA7A" style="OLC">
		<section display-inline="no-display-inline" id="H6A6D3CCAEE22447A9DBAF6F2A92EE80C" section-type="section-one"><enum>1.</enum><header>Designation of the Ronald Wilson Reagan Exclusive Economic Zone of the United States</header>
 <subsection id="HF628B6D295164A8C8EA6D3FEF029FDE8"><enum>(a)</enum><header>Designation</header><text display-inline="yes-display-inline">The exclusive economic zone of the United States, as established by Presidential Proclamation Numbered 5030, dated March 10, 1983, is designated as the <term>Ronald Wilson Reagan Exclusive Economic Zone of the United States</term>.</text>
 </subsection><subsection id="HAFF0C0EEB7C3411D9CC679BBCC8E13BD"><enum>(b)</enum><header>References</header><text display-inline="yes-display-inline">Any reference in a law, map, regulation, document, paper, or other record of the United States to the exclusive economic zone of the United States is deemed to be a reference to the <term>Ronald Wilson Reagan Exclusive Economic Zone of the United States</term>.</text>
			</subsection></section></legis-body></bill>


