<?xml version="1.0"?>
<?xml-stylesheet type="text/xsl" href="billres.xsl"?>
<!DOCTYPE bill PUBLIC "-//US Congress//DTDs/bill.dtd//EN" "bill.dtd">
<bill bill-stage="Introduced-in-House" dms-id="H1D2AFF6160714EC0A629E5B69F5D8F9D" public-private="public" key="H" bill-type="olc"><form><distribution-code display="yes">I</distribution-code><congress display="yes">115th CONGRESS</congress><session display="yes">1st Session</session><legis-num display="yes">H. R. 643</legis-num><current-chamber>IN THE HOUSE OF REPRESENTATIVES</current-chamber><action display="yes"><action-date date="20170124">January 24, 2017</action-date><action-desc><sponsor name-id="B001269">Mr. Barletta</sponsor> introduced the following bill; which was referred to the <committee-name committee-id="HJU00">Committee on the Judiciary</committee-name></action-desc></action><legis-type>A BILL</legis-type><official-title display="yes">To amend the Immigration and Nationality Act to penalize aliens who overstay their visas, and for other purposes.</official-title></form><legis-body id="H9119CE3451AE45D5BA1E71D5D1DF94F7" style="OLC"> 
<section id="H06DB5FD1A660444C81671386AF7B5589" section-type="section-one"><enum>1.</enum><header>Short title</header><text display-inline="no-display-inline">This Act may be cited as the <quote><short-title>Visa Overstay Enforcement Act of 2017</short-title></quote>.</text></section> <section id="H62A47B62CF414149AFAF51D1F150CBF3"><enum>2.</enum><header>Visa overstays criminalized</header> <subsection id="HFDE1DB99C9454CD5B2C8DF5142D961DF"><enum>(a)</enum><header>In general</header><text display-inline="yes-display-inline">The Immigration and Nationality Act is amended by inserting after section 274D the following:</text> 
<quoted-block display-inline="no-display-inline" id="HB279F617C6E143AB8E3732C21AA318A7" style="OLC"> 
<section id="HD9B61C6C18D24EEF8C123523AA3468AF"><enum>274E.</enum><header>Visa overstays</header> 
<subsection id="HFB096E506A83439386A683014EC38950"><enum>(a)</enum><header>In general</header><text display-inline="yes-display-inline">Except as provided in subsection (b), any alien who remains in the United States for any period of time after the date on which any visa or status under which the alien is lawfully present has expired shall—</text> <paragraph id="H9BB6F6CE9C394DBAB5B1DEB4D0BDFA5A"><enum>(1)</enum><text display-inline="yes-display-inline">for the first commission of any such offense, be fined under title 18, United States Code, or imprisoned no more than 6 months, or both; and</text></paragraph> 
<paragraph id="H351C71B5971D4453BF6E3418D4300C07"><enum>(2)</enum><text>for a subsequent commission of any such offense, be fined under title 18, United States Code, or imprisoned not more than 2 years, or both. </text></paragraph></subsection> <subsection id="HF9F4FE3DB3CD4286981B491E41B832C9"><enum>(b)</enum><header>Exception</header><text display-inline="yes-display-inline">If the Secretary of Homeland Security determines on an individual case-by-case basis that, because of reasons of a medical necessity, public safety, or national security, the alien violated subsection (a), the alien shall not be subject to the penalties under subsection (a).</text></subsection> 
<subsection id="H5B03AA187EEA4644B4C54F5D6284A5FA"><enum>(c)</enum><header>Limitation on reentry</header> 
<paragraph id="HFE8291C0490849E3A26278FC6704B487"><enum>(1)</enum><header>First offenders</header><text display-inline="yes-display-inline">Any alien convicted of a violation of subsection (a)(1)—</text> <subparagraph id="HA1598C1CBEF944829D4FC5D1F06DA771"><enum>(A)</enum><text>may not be admitted to the United States for a period of 5 years, beginning on the date of the conviction; and</text></subparagraph> 
<subparagraph id="H18B62A7CA1D74FF5B5CD551BABC92C32"><enum>(B)</enum><text display-inline="yes-display-inline">may not be granted a visa for a period of 10 years, beginning on the date of the conviction.</text></subparagraph></paragraph> <paragraph id="HBCC6E2B48BF74E4C9B16411292CD2002"><enum>(2)</enum><header>Subsequent offenses</header><text>Any alien convicted of a violation of subsection (a)(2)—</text> 
<subparagraph id="H8EEF4E5E896241C98B2657A97C30A99A"><enum>(A)</enum><text display-inline="yes-display-inline">may not be admitted to the United States; and</text></subparagraph> <subparagraph id="HA4F60F8D92FC4274A361CFC67580476C"><enum>(B)</enum><text display-inline="yes-display-inline">may not be granted a visa.</text></subparagraph></paragraph></subsection> 
<subsection id="HDD65C5A574244F0180CF068330B15EC5"><enum>(d)</enum><header>Disclosure of penalties</header><text>In the case of any application or petition by or on behalf of an alien for admission to the United States, the Secretary of State or the Secretary of Homeland Security shall provide the alien with notice of the penalties under this section and section 275 on receipt of the application or petition, and again at the time of admission.</text></subsection></section><after-quoted-block>.</after-quoted-block></quoted-block></subsection> <subsection id="H13F07F017B8547FAA164798088961FB7"><enum>(b)</enum><header>Clerical amendment</header><text>The table of contents of the Immigration and Nationality Act is amended by inserting after the item relating to section 274D the following:</text> 
<quoted-block style="OLC" id="H02FCC1D27006479891D25D337B0F60E6"> 
<toc regeneration="no-regeneration"> 
<toc-entry level="section">274E. Visa overstays.</toc-entry></toc><after-quoted-block>.</after-quoted-block></quoted-block></subsection></section> 
</legis-body></bill>

