<?xml version="1.0"?>
<?xml-stylesheet type="text/xsl" href="billres.xsl"?>
<!DOCTYPE bill PUBLIC "-//US Congress//DTDs/bill.dtd//EN" "bill.dtd">
<bill bill-stage="Introduced-in-House" bill-type="olc" dms-id="H7050B88AEE0F4EE69D2BA24F7867EE28" key="H" public-private="public"><metadata xmlns:dc="http://purl.org/dc/elements/1.1/">
<dublinCore>
<dc:title>115 HR 468 IH: Foreign Spill Protection Act of 2017</dc:title>
<dc:publisher>U.S. House of Representatives</dc:publisher>
<dc:date>2017-01-12</dc:date>
<dc:format>text/xml</dc:format>
<dc:language>EN</dc:language>
<dc:rights>Pursuant to Title 17 Section 105 of the United States Code, this file is not subject to copyright protection and is in the public domain.</dc:rights>
</dublinCore>
</metadata>
<form>
<distribution-code display="yes">I</distribution-code><congress display="yes">115th CONGRESS</congress><session display="yes">1st Session</session><legis-num display="yes">H. R. 468</legis-num><current-chamber>IN THE HOUSE OF REPRESENTATIVES</current-chamber><action display="yes"><action-date date="20170112">January 12, 2017</action-date><action-desc><sponsor name-id="C001107">Mr. Curbelo of Florida</sponsor> (for himself, <cosponsor name-id="S001200">Mr. Soto</cosponsor>, <cosponsor name-id="P000597">Ms. Pingree</cosponsor>, <cosponsor name-id="L000579">Mr. Lowenthal</cosponsor>, <cosponsor name-id="Y000033">Mr. Young of Alaska</cosponsor>, <cosponsor name-id="H000324">Mr. Hastings</cosponsor>, <cosponsor name-id="N000147">Ms. Norton</cosponsor>, <cosponsor name-id="W000797">Ms. Wasserman Schultz</cosponsor>, <cosponsor name-id="G000578">Mr. Gaetz</cosponsor>, <cosponsor name-id="P000604">Mr. Payne</cosponsor>, <cosponsor name-id="K000386">Mr. Katko</cosponsor>, <cosponsor name-id="R000435">Ms. Ros-Lehtinen</cosponsor>, <cosponsor name-id="B000574">Mr. Blumenauer</cosponsor>, and <cosponsor name-id="D000600">Mr. Diaz-Balart</cosponsor>) introduced the following bill; which was referred to the <committee-name committee-id="HPW00">Committee on Transportation and Infrastructure</committee-name></action-desc></action><legis-type>A BILL</legis-type><official-title display="yes">To amend the Oil Pollution Act of 1990 to impose penalties and provide for the recovery of removal
			 costs and damages in connection with certain discharges of oil from
			 foreign offshore units, and for other purposes.</official-title></form>
	<legis-body id="H2F114797A7E2432CAA5D9BE45AF55783" style="OLC">
 <section id="H040391F45E144E55B4D724C4A430497D" section-type="section-one"><enum>1.</enum><header>Short title</header><text display-inline="no-display-inline">This Act may be cited as the <quote><short-title>Foreign Spill Protection Act of 2017</short-title></quote>.</text> </section><section id="HFD19C65F742E4C9585E8EED0BA661150"><enum>2.</enum><header>Liability of owners and operators of foreign facilities</header> <subsection id="HD83DD7E19487493F9E4F42E354999E7D"><enum>(a)</enum><header>Oil Pollution Act of 1990 amendments</header> <paragraph id="HEA08E3ABC0A5460B8E024D7EA445FE10"><enum>(1)</enum><header>Definitions</header><text display-inline="yes-display-inline">Section 1001 of the Oil Pollution Act of 1990 (<external-xref legal-doc="usc" parsable-cite="usc/33/2701">33 U.S.C. 2701</external-xref>) is amended—</text>
 <subparagraph id="HFD6189D67AB9451DB444EDD28E44C286"><enum>(A)</enum><text>in paragraph (26)(A)—</text> <clause id="H6F308740ED43472EA306CF467AE9CCE8"><enum>(i)</enum><text>in clause (ii), by striking <quote>onshore or offshore facility, any person</quote> and inserting <quote>onshore facility, offshore facility, or foreign offshore unit or other facility located seaward of the exclusive economic zone, including a facility located in, on, or under any land within a foreign country, any person</quote>; and</text>
 </clause><clause commented="no" display-inline="no-display-inline" id="HB215A97CCE554869BB73063EB05A489C"><enum>(ii)</enum><text display-inline="yes-display-inline">in clause (iii), by striking <quote>offshore facility, the person who</quote> and inserting <quote>offshore facility or foreign offshore unit or other facility located seaward of the exclusive economic zone, including a facility located in, on, or under any land within a foreign country, the person or entity that</quote>;</text>
 </clause></subparagraph><subparagraph commented="no" display-inline="no-display-inline" id="HDDA0FFE9F41A4DFEAEF93C7E4FA9D7BF"><enum>(B)</enum><text display-inline="yes-display-inline">in paragraph (27), by inserting before the semicolon at the end the following: <quote>, including any foreign individual and any foreign public or private entity</quote>; and</text> </subparagraph><subparagraph commented="no" display-inline="no-display-inline" id="H2D961DC11EB34483AE8ECC1875C2BB70"><enum>(C)</enum><text display-inline="yes-display-inline">in paragraph (32)—</text>
 <clause id="H683DFE681F4342B0A6B8AD9E0F49714A"><enum>(i)</enum><text>by redesignating subparagraphs (D) through (F) as subparagraphs (E) through (G), respectively;</text> </clause><clause id="H21D45ECA5F214B8DBEF2D6EDED8F9DA9"><enum>(ii)</enum><text>by inserting after subparagraph (C) the following:</text>
							<quoted-block display-inline="no-display-inline" id="HC516C519D3F948AB9AAA34F53FBC9301" style="OLC">
 <subparagraph id="HBA156DF45ED249EB8DAAC4556C44CD84"><enum>(D)</enum><header>Foreign facilities</header><text display-inline="yes-display-inline">In the case of a foreign offshore unit or other facility located seaward of the exclusive economic zone, including a facility located in, on, or under any land within a foreign country, any person owning or operating the facility, and any leaseholder, permit holder, assignee, or holder of a right of use and easement granted under applicable foreign law for the area in which the facility is located.</text></subparagraph><after-quoted-block>; and</after-quoted-block></quoted-block>
 </clause><clause id="H79096583D8414D858568E587CEDE571A"><enum>(iii)</enum><text>in subparagraph (G) (as so redesignated), by striking <quote>or offshore facility, the persons</quote> and inserting <quote>offshore facility, or foreign offshore unit or other facility located seaward of the exclusive economic zone, including a facility located in, on, or under any land within a foreign country, the persons or entities</quote>.</text>
 </clause></subparagraph></paragraph><paragraph id="H1608E36F4AF945FB9AB5D623AAD5E44D"><enum>(2)</enum><header>Actions on behalf of fund</header><text>Section 1015(c) of the Oil Pollution Act of 1990 (<external-xref legal-doc="usc" parsable-cite="usc/33/2715">33 U.S.C. 2715(c)</external-xref>) is amended, in the third sentence, by adding before the period at the end the following: <quote>, or any other facility located seaward of the exclusive economic zone, including a facility located in, on, or under any land within a foreign country</quote>.</text>
 </paragraph></subsection><subsection id="H1F49724C16D74CE78BC9BD4C545789BB"><enum>(b)</enum><header>Federal Water Pollution Control Act amendment</header><text display-inline="yes-display-inline">Section 311(a)(6) of the Federal Water Pollution Control Act (<external-xref legal-doc="usc" parsable-cite="usc/33/1321">33 U.S.C. 1321(a)(6)</external-xref>) is amended by striking <quote>(B)</quote> and all that follows through <quote>and (C)</quote> and inserting the following <quote>(B) in the case of a facility, any person owning or operating the facility, and (C)</quote>.</text>
			</subsection></section></legis-body></bill>


