<?xml version="1.0"?>
<?xml-stylesheet type="text/xsl" href="billres.xsl"?>
<!DOCTYPE bill PUBLIC "-//US Congress//DTDs/bill.dtd//EN" "bill.dtd">
<bill bill-stage="Introduced-in-House" bill-type="olc" dms-id="H09E3B26703804C5CBB15050935650EB1" key="H" public-private="public"><metadata xmlns:dc="http://purl.org/dc/elements/1.1/">
<dublinCore>
<dc:title>115 HR 127 IH: Transportation for Heroes Act of 2017</dc:title>
<dc:publisher>U.S. House of Representatives</dc:publisher>
<dc:date>2017-01-03</dc:date>
<dc:format>text/xml</dc:format>
<dc:language>EN</dc:language>
<dc:rights>Pursuant to Title 17 Section 105 of the United States Code, this file is not subject to copyright protection and is in the public domain.</dc:rights>
</dublinCore>
</metadata>
<form>
<distribution-code display="yes">I</distribution-code><congress display="yes">115th CONGRESS</congress><session display="yes">1st Session</session><legis-num display="yes">H. R. 127</legis-num><current-chamber>IN THE HOUSE OF REPRESENTATIVES</current-chamber><action display="yes"><action-date date="20170103">January 3, 2017</action-date><action-desc><sponsor name-id="G000553">Mr. Al Green of Texas</sponsor> introduced the following bill; which was referred to the <committee-name committee-id="HPW00">Committee on Transportation and Infrastructure</committee-name></action-desc></action><legis-type>A BILL</legis-type><official-title display="yes">To amend title 49, United States Code, with respect to urbanized area formula grants, and for other
			 purposes.</official-title></form>
	<legis-body id="HB80D59F168A24C4A9F70CD589CC424C7" style="OLC">
 <section id="H5FD1703EBA9847FCA25D99F9F5D85BF7" section-type="section-one"><enum>1.</enum><header>Short title</header><text display-inline="no-display-inline">This Act may be cited as the <quote><short-title>Transportation for Heroes Act of 2017</short-title></quote>.</text> </section><section id="H2A0DC342A4AC4AD5AA12CCCF6373F429"><enum>2.</enum><header>Urbanized area formula grants</header><text display-inline="no-display-inline">Section 5307(c)(1)(D) of title 49, United States Code, is amended—</text>
 <paragraph id="H7747ACB4F23A4E8DA707103E61AF9FEC"><enum>(1)</enum><text>in clause (ii) by striking <quote>and</quote> at the end;</text> </paragraph><paragraph id="H65C862BD29B74E538127CD501D0E0F83"><enum>(2)</enum><text>in clause (iii) by inserting <quote>and</quote> after the semicolon at the end; and</text>
 </paragraph><paragraph id="H8FDB7A98BE034771BF0DE00487E25739"><enum>(3)</enum><text>by adding at the end the following:</text> <quoted-block display-inline="no-display-inline" id="H4F3179188D3A4D62966E49E7012572DA" style="USC"> <clause id="H5120438331344502A6E7DE6AE45EED61"><enum>(iv)</enum><text display-inline="yes-display-inline">veteran (as such term is defined in section 101 of title 38);</text></clause><after-quoted-block>.</after-quoted-block></quoted-block>
			</paragraph></section></legis-body></bill>


