<?xml version="1.0"?>
<?xml-stylesheet type="text/xsl" href="billres.xsl"?>
<!DOCTYPE bill PUBLIC "-//US Congress//DTDs/bill.dtd//EN" "bill.dtd">
<bill bill-stage="Introduced-in-House" bill-type="olc" dms-id="H07D37DCA972C47FF8E377353926D0B7F" key="H" public-private="public"><metadata xmlns:dc="http://purl.org/dc/elements/1.1/">
<dublinCore>
<dc:title>115 HR 620 IH: ADA Education and Reform Act of 2017</dc:title>
<dc:publisher>U.S. House of Representatives</dc:publisher>
<dc:date>2017-01-24</dc:date>
<dc:format>text/xml</dc:format>
<dc:language>EN</dc:language>
<dc:rights>Pursuant to Title 17 Section 105 of the United States Code, this file is not subject to copyright protection and is in the public domain.</dc:rights>
</dublinCore>
</metadata>
<form>
<distribution-code display="yes">I</distribution-code><congress display="yes">115th CONGRESS</congress><session display="yes">1st Session</session><legis-num display="yes">H. R. 620</legis-num><current-chamber>IN THE HOUSE OF REPRESENTATIVES</current-chamber><action display="yes"><action-date date="20170124">January 24, 2017</action-date><action-desc><sponsor name-id="P000592">Mr. Poe of Texas</sponsor> (for himself, <cosponsor name-id="P000608">Mr. Peters</cosponsor>, <cosponsor name-id="C000059">Mr. Calvert</cosponsor>, <cosponsor name-id="B001287">Mr. Bera</cosponsor>, <cosponsor name-id="S001175">Ms. Speier</cosponsor>, and <cosponsor name-id="C001062">Mr. Conaway</cosponsor>) introduced the following bill; which was referred to the <committee-name committee-id="HJU00">Committee on the Judiciary</committee-name></action-desc></action><legis-type>A BILL</legis-type><official-title display="yes">To amend the Americans with Disabilities Act of 1990 to promote compliance through education, to
			 clarify the requirements for demand letters, to provide for a notice and
			 cure period before the commencement of a private civil action, and for
			 other purposes.</official-title></form>
	<legis-body id="HA7468590619E49CFA5FBFBF3098DE82C" style="OLC">
 <section id="H6C86B09FA1834D36A02D4DB1AF6CE201" section-type="section-one"><enum>1.</enum><header>Short title</header><text display-inline="no-display-inline">This Act may be cited as the <quote><short-title>ADA Education and Reform Act of 2017</short-title></quote>.</text> </section><section id="HD1E24659B71C456BA0B975B1CAB67BBA"><enum>2.</enum><header>Compliance through education</header><text display-inline="no-display-inline">Based on existing funding, the Disability Rights Section of the Department of Justice shall, in consultation with property owners and representatives of the disability rights community, develop a program to educate State and local governments and property owners on effective and efficient strategies for promoting access to public accommodations for persons with a disability (as defined in section 3 of the Americans with Disabilities Act (<external-xref legal-doc="usc" parsable-cite="usc/42/12102">42 U.S.C. 12102</external-xref>)). Such program may include training for professionals such as Certified Access Specialists to provide a guidance of remediation for potential violations of the Americans with Disabilities Act.</text>
 </section><section id="H8998CC5277C6460393C2F2538163428F"><enum>3.</enum><header>Notice and cure period</header><text display-inline="no-display-inline">Paragraph (1) of section 308(a) of the Americans with Disabilities Act of 1990 (<external-xref legal-doc="usc" parsable-cite="usc/42/12188">42 U.S.C. 12188(a)(1)</external-xref>) is amended to read as follows:</text>
			<quoted-block id="H3C61C2DA7B7941C6B1FD2433061C84A5" style="OLC">
				<paragraph id="H2D42EC84CF79474ABD57001CBA4C414C"><enum>(1)</enum><header>Availability of remedies and procedures</header>
 <subparagraph id="H0CF7539E8A794BE1B7CD379B11BDC475"><enum>(A)</enum><header>In general</header><text>Subject to subparagraph (B), the remedies and procedures set forth in section 204(a) of the Civil Rights Act of 1964 (<external-xref legal-doc="usc" parsable-cite="usc/42/2000a-3">42 U.S.C. 2000a–3(a)</external-xref>) are the remedies and procedures this title provides to any person who is being subjected to discrimination on the basis of disability in violation of this title or who has reasonable grounds for believing that such person is about to be subjected to discrimination in violation of section 303. Nothing in this section shall require a person with a disability to engage in a futile gesture if such person has actual notice that a person or organization covered by this title does not intend to comply with its provisions.</text>
 </subparagraph><subparagraph id="HD13610657654414FB47B172E5B9FD812"><enum>(B)</enum><header>Barriers to access to existing public accommodations</header><text>A civil action under section 302 or 303 based on the failure to remove an architectural barrier to access into an existing public accommodation may not be commenced by a person aggrieved by such failure unless—</text>
 <clause id="HF26A37084D4A4FF49BFD0EBE49E57F6D"><enum>(i)</enum><text>that person has provided to the owner or operator of the accommodation a written notice specific enough to allow such owner or operator to identify the barrier; and</text>
						</clause><clause display-inline="no-display-inline" id="H48B6F1D9F6364ACC9F7BA5A0C0BD263E"><enum>(ii)</enum>
 <subclause commented="no" display-inline="yes-display-inline" id="H4FA2671F731E44119BF782856AC80CA4"><enum>(I)</enum><text>during the period beginning on the date the notice is received and ending 60 days after that date, the owner or operator fails to provide to that person a written description outlining improvements that will be made to remove the barrier; or</text>
 </subclause><subclause display-inline="no-display-inline" id="HFE5CDEB3599640258144B23204DC9B72" indent="up1"><enum>(II)</enum><text display-inline="yes-display-inline">if the owner or operator provides the written description under subclause (I), the owner or operator fails to remove the barrier or to make substantial progress in removing the barrier during the period beginning on the date the description is provided and ending 120 days after that date.</text>
 </subclause></clause></subparagraph><subparagraph id="H23444278D58E4CF2957FA6AE4D4C183C"><enum>(C)</enum><header>Specification of details of alleged violation</header><text>The written notice required under subparagraph (B) must also specify in detail the circumstances under which an individual was actually denied access to a public accommodation, including the address of property, the specific sections of the Americans with Disabilities Act alleged to have been violated, whether a request for assistance in removing an architectural barrier to access was made, and whether the barrier to access was a permanent or temporary barrier.</text></subparagraph></paragraph><after-quoted-block>.</after-quoted-block></quoted-block>
 </section><section id="H869D8821AE78479B88FA0BC4D4BF79C5"><enum>4.</enum><header>Effective date</header><text display-inline="no-display-inline">This Act and the amendments made by this Act take effect 30 days after the date of the enactment of this Act.</text>
 </section><section id="H30AF67F1018B49219801C8EEE90AAC02"><enum>5.</enum><header>Mediation for ada actions related to architectural barriers</header><text display-inline="no-display-inline">The Judicial Conference of the United States shall, under rule 16 of the Federal Rules of Civil Procedure or any other applicable law, in consultation with property owners and representatives of the disability rights community, develop a model program to promote the use of alternative dispute resolution mechanisms, including a stay of discovery during mediation, to resolve claims of architectural barriers to access for public accommodations. To the extent practical, the Federal Judicial Center should provide a public comment period on any such proposal. The goal of the model program shall be to promote access quickly and efficiently without the need for costly litigation. The model program should include an expedited method for determining the relevant facts related to such barriers to access and steps taken before the commencement of litigation to resolve any issues related to access.</text>
		</section></legis-body></bill>


