<?xml version="1.0"?>
<?xml-stylesheet type="text/xsl" href="billres.xsl"?>
<!DOCTYPE bill PUBLIC "-//US Congress//DTDs/bill.dtd//EN" "bill.dtd">
<bill bill-stage="Referred-in-Senate" bill-type="olc" dms-id="HB5353BAD850040B2AEFDE8A96D59EA0C" key="H" public-private="public" stage-count="1">
	<metadata xmlns:dc="http://purl.org/dc/elements/1.1/">
<dublinCore>
<dc:title>115 HR 678 : Department of Homeland Security Support to Fusion Centers Act of 2017</dc:title>
<dc:publisher>U.S. House of Representatives</dc:publisher>
<dc:date>2017-02-01</dc:date>
<dc:format>text/xml</dc:format>
<dc:language>EN</dc:language>
<dc:rights>Pursuant to Title 17 Section 105 of the United States Code, this file is not subject to copyright protection and is in the public domain.</dc:rights>
</dublinCore>
</metadata>
<form>
		<distribution-code display="yes">IIB</distribution-code>
		<congress display="yes">115th CONGRESS</congress><session display="yes">1st Session</session>
		<legis-num display="yes">H. R. 678</legis-num>
		<current-chamber display="yes">IN THE SENATE OF THE UNITED STATES</current-chamber>
		<action><action-date date="20170201">February 1, 2017</action-date><action-desc>Received; read twice and referred to the <committee-name committee-id="SSGA00">Committee on Homeland Security and Governmental Affairs</committee-name></action-desc></action><legis-type>AN ACT</legis-type>
		<official-title display="yes">To require an assessment of fusion center personnel needs, and for other purposes.</official-title>
	</form>
	<legis-body id="HA06B17D9023D41CF9C7AD24D2FE18506" style="OLC">
 <section id="H9A09DE5506F7469DBE1CE4103B6616AB" section-type="section-one"><enum>1.</enum><header>Short title</header><text display-inline="no-display-inline">This Act may be cited as the <quote><short-title>Department of Homeland Security Support to Fusion Centers Act of 2017</short-title></quote>.</text> </section><section id="HA06650516EF94C618E1D72C0E3B15A6D"><enum>2.</enum><header>Fusion center personnel needs assessment</header><text display-inline="no-display-inline">Not later than 120 days after the date of the enactment of this Act, the Comptroller General of the United States shall conduct an assessment of Department of Homeland Security personnel assigned to fusion centers pursuant to subsection (c) of section 210A of the Homeland Security Act of 2002 (<external-xref legal-doc="usc" parsable-cite="usc/6/124h">6 U.S.C. 124h</external-xref>), including an assessment of whether deploying additional Department personnel to such fusion centers would enhance the Department’s mission under section 101(b) of such Act and the National Network of Fusion Centers. The assessment required under this subsection shall include the following:</text>
 <paragraph id="H0A2F28775D9649F38004FF83E1087127"><enum>(1)</enum><text>Information on the current deployment of the Department’s personnel to each fusion center.</text> </paragraph><paragraph id="HB9B7D12F8A5D41568DE6C8D376743190"><enum>(2)</enum><text>Information on the roles and responsibilities of the Department’s Office of Intelligence and Analysis intelligence officers, intelligence analysts, senior reports officers, reports officers, and regional directors deployed to fusion centers.</text>
 </paragraph><paragraph id="H058393B6965643BEB00C6CC6057193CB"><enum>(3)</enum><text>Information on Federal resources, in addition to personnel, provided to each fusion center.</text> </paragraph><paragraph id="H2F9C699F59A64FAE837191406A056CB6"><enum>(4)</enum><text>An analysis of the optimal number of personnel the Office of Intelligence and Analysis should deploy to fusion centers, including a cost-benefit analysis comparing deployed personnel with technological solutions to support information sharing.</text>
 </paragraph><paragraph id="H276865DBA3A545E1AA8B29F17F126E2E"><enum>(5)</enum><text>An assessment of fusion centers located in jurisdictions along land and maritime borders of the United States, and the degree to which deploying personnel, as appropriate, from U.S. Customs and Border Protection, U.S. Immigration and Customs Enforcement, and the Coast Guard to such fusion centers would enhance the integrity and security at such borders by helping Federal, State, local, tribal, and territorial law enforcement authorities to identify, investigate, and interdict persons, weapons, and related contraband that pose a threat to homeland security.</text>
 </paragraph><paragraph id="HAF53201A22084D01A94BF5D908C3DCD1"><enum>(6)</enum><text>An assessment of fusion centers located in jurisdictions with large and medium hub airports, and the degree to which deploying, as appropriate, personnel from the Transportation Security Administration to such fusion centers would enhance the integrity and security of aviation security.</text>
			</paragraph></section><section id="HA92968B86B4147FA84400DA3B62DC462"><enum>3.</enum><header>Program for State and local analyst clearances</header>
 <subsection id="HC8C0853A3D0F4B10B2AF1F0C205796E9"><enum>(a)</enum><header>Sense of Congress</header><text>It is the sense of Congress that any program established by the Under Secretary for Intelligence and Analysis of the Department of Homeland Security to provide eligibility for access to information classified as Top Secret for State, local, tribal, and territorial analysts located in fusion centers shall be consistent with the need to know requirements pursuant to Executive Order No. 13526 (<external-xref legal-doc="usc" parsable-cite="usc/50/3161">50 U.S.C. 3161</external-xref> note).</text>
 </subsection><subsection id="HF25A01CE0CDD4E53A2F928C6C4C0FE43"><enum>(b)</enum><header>Report</header><text>Not later than 2 years after the date of the enactment of this Act, the Under Secretary of Intelligence and Analysis of the Department of Homeland Security, in consultation with the Director of National Intelligence, shall submit to the Committee on Homeland Security and the Permanent Select Committee on Intelligence of the House of Representatives and the Committee on Homeland Security and Governmental Affairs and the Select Committee on Intelligence of the Senate a report on the following:</text>
 <paragraph id="HA1C1E86772E343E7AE866C7B7940ACF3"><enum>(1)</enum><text>The process by which the Under Secretary of Intelligence and Analysis determines a need to know pursuant to Executive Order No. 13526 to sponsor Top Secret clearances for appropriate State, local, tribal, and territorial analysts located in fusion centers.</text>
 </paragraph><paragraph id="HEDE3BA0EEE2F4B4DA045C4E46219FD28"><enum>(2)</enum><text>The effects of such Top Secret clearances on enhancing information sharing with State, local, tribal, and territorial partners.</text>
 </paragraph><paragraph id="HE685C4FAA7D4449987595A1C81CFFBE9"><enum>(3)</enum><text>The cost for providing such Top Secret clearances for State, local, tribal, and territorial analysts located in fusion centers, including training and background investigations.</text>
 </paragraph><paragraph id="H8C90098D64B843B9AAD27BEC6CD78D4F"><enum>(4)</enum><text>The operational security protocols, training, management, and risks associated with providing such Top Secret clearances for State, local, tribal, and territorial analysts located in fusion centers.</text>
 </paragraph></subsection></section><section id="H307FFEAEB48D437389D3E79200234168"><enum>4.</enum><header>Information technology assessment</header><text display-inline="no-display-inline">The Under Secretary of Intelligence and Analysis of the Department of Homeland Security, in collaboration with the Chief Information Officer of the Department and representatives from the National Network of Fusion Centers, shall conduct an assessment of information systems (as such term is defined in section 3502 of title 44, United States Code) used to share homeland security information between the Department and fusion centers in the National Network of Fusion Centers and make upgrades to such systems, as appropriate. Such assessment shall include the following:</text>
 <paragraph id="HE1B8B5FEEDE04A15861C0D4D5CB66D44"><enum>(1)</enum><text>An evaluation of the accessibility and ease of use of such systems by fusion centers in the National Network of Fusion Centers.</text>
 </paragraph><paragraph id="H3DEDDA09E4E149C684978EAF2C970AC9"><enum>(2)</enum><text>A review to determine how to establish improved interoperability of departmental information systems with existing information systems used by fusion centers in the National Network of Fusion Centers.</text>
 </paragraph><paragraph id="H1FF530B8CB6848A986F0D168119B1474"><enum>(3)</enum><text>An evaluation of participation levels of departmental components and offices of information systems used to share homeland security information with fusion centers in the National Network of Fusion Centers.</text>
 </paragraph></section><section id="H4F690B294B5E440B930F3F04FBFF7C81"><enum>5.</enum><header>Memorandum of understanding</header><text display-inline="no-display-inline">Not later than 1 year after the date of the enactment of this Act, the Under Secretary of Intelligence and Analysis of the Department of Homeland Security shall enter into a memorandum of understanding with each fusion center in the National Network of Fusion Centers regarding the type of information such fusion centers will provide to the Department and whether such information may be subject to public disclosure.</text>
 </section><section id="H86D36E116A8A4501953E504ABFEDBAAA"><enum>6.</enum><header>Amendments</header><text display-inline="no-display-inline">Section 210A of the Homeland Security Act of 2002 (<external-xref legal-doc="usc" parsable-cite="usc/6/124h">6 U.S.C. 124h</external-xref>) is amended—</text> <paragraph id="HD0294280F6EE47ABAC1940CDBAD22EC6"><enum>(1)</enum><text>in subsection (d), by striking <quote>and tribal</quote> each place it appears and inserting <quote>tribal, and territorial</quote>;</text>
 </paragraph><paragraph id="HC7473382312747709D9CAF99D65B3A32"><enum>(2)</enum><text display-inline="yes-display-inline">in subsection (e), by striking <quote>and tribal</quote> each place it appears and inserting <quote>tribal, and territorial</quote>;</text> </paragraph><paragraph id="HD5B7A2448B964AC1B9BEC54BC7F0EC2B"><enum>(3)</enum><text display-inline="yes-display-inline">in subsection (g)(1), by striking <quote>or tribal</quote> and inserting <quote>tribal, or territorial</quote>;</text>
 </paragraph><paragraph id="H082B1BB3100540EF86DCBB9A048C88D0"><enum>(4)</enum><text>in subsection (i)—</text> <subparagraph id="H3E48BB76C6854C1DA38691B47F709748"><enum>(A)</enum><text>in paragraph (3), by striking <quote>and tribal</quote> and inserting <quote>tribal, territorial</quote>; and</text>
 </subparagraph><subparagraph id="H589591F778184631B7D98D11A9F42C03"><enum>(B)</enum><text>in paragraph (6), by inserting <quote>territorial,</quote> after <quote>tribal,</quote>; and</text> </subparagraph></paragraph><paragraph id="HF9121AC8D31242CB8907B54032A1CAB7"><enum>(5)</enum><text>in subsection (j)(1), by striking <quote>or tribal</quote> and inserting <quote>tribal, or territorial</quote>.</text>
 </paragraph></section><section id="H2C10A16735C74F5FBEFC81BAA65ADA36"><enum>7.</enum><header>Definitions</header><text display-inline="no-display-inline">In this Act:</text> <paragraph id="HC3011242E34147418EB8AEADC114CE78"><enum>(1)</enum><header>Fusion center</header><text>The term <term>fusion center</term> has the meaning given such term in subsection (j) of section 210A of the Homeland Security Act of 2002 (<external-xref legal-doc="usc" parsable-cite="usc/6/124h">6 U.S.C. 124h</external-xref>).</text>
 </paragraph><paragraph id="HAD1D8358D2BA4418A8184F79AFE54791"><enum>(2)</enum><header>National Network of Fusion Centers</header><text>The term <term>National Network of Fusion Centers</term> means a decentralized arrangement of fusion centers intended to enhance individual State and urban area fusion centers’ ability to leverage the capabilities and expertise of all such fusion centers for the purpose of enhancing analysis and homeland security information sharing nationally.</text>
			</paragraph></section></legis-body><attestation><attestation-group><attestation-date chamber="House" date="20170131">Passed the House of Representatives January 31, 2017.</attestation-date><attestor display="yes">Karen L. Haas,</attestor><role>Clerk.</role></attestation-group></attestation>
</bill>


