<?xml version="1.0"?>
<?xml-stylesheet type="text/xsl" href="billres.xsl"?>
<!DOCTYPE bill PUBLIC "-//US Congress//DTDs/bill.dtd//EN" "bill.dtd">
<bill bill-stage="Introduced-in-House" dms-id="H7F1BBC69E1504DB3BE69C40316279843" public-private="public" key="H" bill-type="olc"><form><distribution-code display="yes">I</distribution-code><congress display="yes">115th CONGRESS</congress><session display="yes">1st Session</session><legis-num display="yes">H. R. 487</legis-num><current-chamber>IN THE HOUSE OF REPRESENTATIVES</current-chamber><action display="yes"><action-date date="20170112">January 12, 2017</action-date><action-desc><sponsor name-id="B001248">Mr. Burgess</sponsor> (for himself and <cosponsor name-id="A000367">Mr. Amash</cosponsor>) introduced the following bill; which was referred to the <committee-name committee-id="HIG00">Permanent Select Committee on Intelligence</committee-name>, and in addition to the Committee on <committee-name committee-id="HAS00">Armed Services</committee-name>, for a period to be subsequently determined by the Speaker, in each case for consideration of such provisions as fall within the jurisdiction of the committee concerned</action-desc></action><legis-type>A BILL</legis-type><official-title display="yes">To prohibit the Central Intelligence Agency from using an unmanned aerial vehicle to carry out a weapons strike or other deliberately lethal action and to transfer the authority to conduct such strikes or lethal action to the Department of Defense.</official-title></form><legis-body id="H6DEFCA1EEF154574B847D64261155808" style="OLC"> 
<section id="H6F4EAC55E87A453FA9DF92D3EF8FBE34" section-type="section-one"><enum>1.</enum><header>Prohibition on Central Intelligence Agency operation of unmanned aerial vehicle strikes and transfer of authority to the Department of Defense</header> 
<subsection id="H8C3E1D98A4F04FB2994A1B030D71D1D4"><enum>(a)</enum><header>Prohibition</header><text display-inline="yes-display-inline">Notwithstanding any other provision of law, no officer or employee of, or contractor or detailee to, the Central Intelligence Agency shall use an unmanned aerial vehicle to carry out a weapons strike or other lethal action.</text></subsection> <subsection id="H32DFFD360273473F87845BCA2DD090A2"><enum>(b)</enum><header>Transfer to Department of Defense</header><text>Notwithstanding any other provision of law, the President shall transfer to the Department of Defense all authority to use an unmanned aerial vehicle to carry out a weapons strike or other lethal action.</text></subsection></section> 
</legis-body></bill>

