<?xml version="1.0"?>
<?xml-stylesheet type="text/xsl" href="billres.xsl"?>
<!DOCTYPE bill PUBLIC "-//US Congress//DTDs/bill.dtd//EN" "bill.dtd">
<bill bill-stage="Introduced-in-House" bill-type="olc" dms-id="H8370001836D24B04818198EE5C6C3F53" key="H" public-private="public"><metadata xmlns:dc="http://purl.org/dc/elements/1.1/">
<dublinCore>
<dc:title>115 HR 346 IH: Congressional Integrity Act</dc:title>
<dc:publisher>U.S. House of Representatives</dc:publisher>
<dc:date>2017-01-05</dc:date>
<dc:format>text/xml</dc:format>
<dc:language>EN</dc:language>
<dc:rights>Pursuant to Title 17 Section 105 of the United States Code, this file is not subject to copyright protection and is in the public domain.</dc:rights>
</dublinCore>
</metadata>
<form>
<distribution-code display="yes">I</distribution-code><congress display="yes">115th CONGRESS</congress><session display="yes">1st Session</session><legis-num display="yes">H. R. 346</legis-num><current-chamber>IN THE HOUSE OF REPRESENTATIVES</current-chamber><action display="yes"><action-date date="20170105">January 5, 2017</action-date><action-desc><sponsor name-id="T000475">Mr. Trott</sponsor> introduced the following bill; which was referred to the <committee-name committee-id="HJU00">Committee on the Judiciary</committee-name></action-desc></action><legis-type>A BILL</legis-type><official-title display="yes">To amend title 18, United States Code, to establish a uniform 5-year post-employment ban on
			 lobbying by former Members of Congress, and for other purposes.</official-title></form>
	<legis-body id="H9D8D3975B476410AA07C14D6DA549B84" style="OLC">
 <section id="H01BB59D70E24421AA0615A3405B9D170" section-type="section-one"><enum>1.</enum><header>Short title</header><text display-inline="no-display-inline">This Act may be cited as the <quote><short-title>Congressional Integrity Act</short-title></quote>.</text> </section><section id="HE7470A6F604D41B995CEA8DC8807E48D"><enum>2.</enum><header>5-year post-employment ban on lobbying by former Members of Congress</header> <subsection id="HC7CF183C93A2418799B87372556A00B4"><enum>(a)</enum><header>Former Senators</header><text display-inline="yes-display-inline">Subparagraph (A) of section 207(e)(1) of title 18, United States Code, is amended by striking <quote>within 2 years after that person leaves office</quote> and inserting <quote>within 5 years after that person leaves office</quote>.</text>
 </subsection><subsection id="H5A43DF6F62C640A5BAE65A02193F6CD9"><enum>(b)</enum><header>Former Members of the House of Representatives</header><text>Paragraph (1) of section 207(e) of such title is amended by striking subparagraph (B) and inserting the following:</text>
				<quoted-block display-inline="no-display-inline" id="HB8E85F17ADE4450BB3D32CA824DA508D" style="USC">
 <subparagraph id="H708D62295FD347E9936C652E20DAB1A5"><enum>(B)</enum><header>Members of the House of Representatives</header><text display-inline="yes-display-inline">Any person who is a Member of the House of Representatives and who, within 5 years after that person leaves office, knowingly makes, with the intent to influence, any communication to or appearance before any Member, officer, or employee of either House of Congress and any employee of any other legislative office of the Congress, on behalf of any other person (except the United States) in connection with any matter on which such former Member seeks action by a Member, officer, or employee of either House of Congress, in his or her official capacity, shall be punished as provided in section 216 of this title.</text>
 </subparagraph><subparagraph id="HA01BF86B775846C6917BD34D44870089"><enum>(C)</enum><header>Officers of the House of Representatives</header><text display-inline="yes-display-inline">Any person who is an elected officer of the House of Representatives and who, within 1 year after that person leaves office, knowingly makes, with the intent to influence, any communication to or appearance before any Member, officer, or employee of the House of Representatives, on behalf of any other person (except the United States) in connection with any matter on which such former elected officer seeks action by a Member, officer, or employee of either House of Congress, in his or her official capacity, shall be punished as provided in section 216 of this title.</text></subparagraph><after-quoted-block>.</after-quoted-block></quoted-block>
 </subsection><subsection id="H3BA0886DE078412E861C54088FBC9372"><enum>(c)</enum><header>Effective date</header><text>The amendments made by this section shall apply with respect to any individual who, on or after the date of the enactment of this Act, leaves an office to which section 207(e)(1) of title 18, United States Code, applies.</text>
			</subsection></section><section id="H8CEAB84F80C94758BB1291E773A2FBF5"><enum>3.</enum><header>Elimination of 20-percent exemption for former Members of Congress engaging in lobbying</header>
 <subsection id="H19BC792B02F9466390FE00924F1030B2"><enum>(a)</enum><header>Elimination of exemption</header><text display-inline="yes-display-inline">Section 3(10) of the Lobbying Disclosure Act of 1995 (<external-xref legal-doc="usc" parsable-cite="usc/2/1602">2 U.S.C. 1602(10)</external-xref>) is amended to read as follows:</text>
				<quoted-block display-inline="no-display-inline" id="HA9E039A1D1F342F9913F2E2B9BAFC145" style="OLC">
					<paragraph id="H240C7414D3504D92A031FB9216AF6A29"><enum>(10)</enum><header>Lobbyist</header>
 <subparagraph id="H792D6DD172FD4EE4A594159EC5A733C4"><enum>(A)</enum><header>In general</header><text display-inline="yes-display-inline">Except as provided in subparagraph (B), term <term>lobbyist</term> means any individual who is employed or retained by a client for financial or other compensation for services that include more than one lobbying contact.</text>
 </subparagraph><subparagraph id="H7F0667D682014514B9C351603588607C"><enum>(B)</enum><header>Exception</header><text display-inline="yes-display-inline">Subparagraph (A) does not apply to an individual with respect to a client if the individual’s lobbying activities constitute less than 20 percent of the time engaged in the services provided by such individual to that client over a 3-month period. The previous sentence does not apply to an individual if the individual held an office to which subparagraph (A) or subparagraph (B) of section 207(e)(1) of title 18, United States Code, applies.</text></subparagraph></paragraph><after-quoted-block>.</after-quoted-block></quoted-block>
 </subsection><subsection id="H2E67BF56AE7148CB9E07A2C3427BEC0C"><enum>(b)</enum><header>Effective date</header><text>The amendment made by subsection (a) shall apply with respect to lobbying contacts made on or after the date of the enactment of this Act.</text>
			</subsection></section></legis-body></bill>


