<?xml version="1.0"?>
<?xml-stylesheet type="text/xsl" href="billres.xsl"?>
<!DOCTYPE bill PUBLIC "-//US Congress//DTDs/bill.dtd//EN" "bill.dtd">
<bill bill-stage="Introduced-in-House" bill-type="olc" dms-id="H811D714216CF49818EC96187F5AF293D" key="H" public-private="public"><metadata xmlns:dc="http://purl.org/dc/elements/1.1/">
<dublinCore>
<dc:title>115 HR 494 IH: Fort Frederica National Monument Boundary Expansion Act</dc:title>
<dc:publisher>U.S. House of Representatives</dc:publisher>
<dc:date>2017-01-12</dc:date>
<dc:format>text/xml</dc:format>
<dc:language>EN</dc:language>
<dc:rights>Pursuant to Title 17 Section 105 of the United States Code, this file is not subject to copyright protection and is in the public domain.</dc:rights>
</dublinCore>
</metadata>
<form>
<distribution-code display="yes">I</distribution-code><congress display="yes">115th CONGRESS</congress><session display="yes">1st Session</session><legis-num display="yes">H. R. 494</legis-num><current-chamber>IN THE HOUSE OF REPRESENTATIVES</current-chamber><action display="yes"><action-date date="20170112">January 12, 2017</action-date><action-desc><sponsor name-id="C001103">Mr. Carter of Georgia</sponsor> (for himself, <cosponsor name-id="A000372">Mr. Allen</cosponsor>, <cosponsor name-id="B000490">Mr. Bishop of Georgia</cosponsor>, <cosponsor name-id="C001093">Mr. Collins of Georgia</cosponsor>, <cosponsor name-id="F000465">Mr. Ferguson</cosponsor>, <cosponsor name-id="G000560">Mr. Graves of Georgia</cosponsor>, <cosponsor name-id="H001071">Mr. Jody B. Hice of Georgia</cosponsor>, <cosponsor name-id="J000288">Mr. Johnson of Georgia</cosponsor>, <cosponsor name-id="L000287">Mr. Lewis of Georgia</cosponsor>, <cosponsor name-id="L000583">Mr. Loudermilk</cosponsor>, <cosponsor name-id="S001189">Mr. Austin Scott of Georgia</cosponsor>, <cosponsor name-id="S001157">Mr. David Scott of Georgia</cosponsor>, and <cosponsor name-id="W000810">Mr. Woodall</cosponsor>) introduced the following bill; which was referred to the <committee-name committee-id="HII00">Committee on Natural Resources</committee-name></action-desc></action><legis-type>A BILL</legis-type><official-title display="yes">To expand the boundary of Fort Frederica National Monument in the State of Georgia, and for other
			 purposes.</official-title></form>
	<legis-body id="H17A90E82784B43C98919A411E284FF7B" style="OLC">
 <section id="HCC09C1CFBD174BE58F6E814E598B4938" section-type="section-one"><enum>1.</enum><header>Short title</header><text display-inline="no-display-inline">This Act may be cited as the <quote><short-title>Fort Frederica National Monument Boundary Expansion Act</short-title></quote>.</text> </section><section id="HBE16A632670E49CBAB1493181BAC8344"><enum>2.</enum><header>Fort Frederica National Monument, Georgia</header> <subsection id="H6BFF6C0E6B0840979FF49AB0BF0DBC0F"><enum>(a)</enum><header>Maximum acreage</header><text display-inline="yes-display-inline">The first section of the Act of May 26, 1936 (<external-xref legal-doc="usc" parsable-cite="usc/16/433g">16 U.S.C. 433g</external-xref>), is amended by striking <quote>two hundred and fifty acres</quote> and inserting <quote>305 acres</quote>.</text>
			</subsection><subsection id="HBCF18378457A47389265FE21D3EAC509"><enum>(b)</enum><header>Boundary expansion</header>
 <paragraph id="HFF0102EC60794AD29B6456D0B4D1B80E"><enum>(1)</enum><header>In general</header><text display-inline="yes-display-inline">The boundary of the Fort Frederica National Monument in the State of Georgia is modified to include the land generally depicted as <quote>Proposed Acquisition Areas</quote> on the map entitled <quote>Fort Frederica National Monument Proposed Boundary Expansion</quote>, numbered 369/132,469, and dated April 2016.</text>
 </paragraph><paragraph id="H8E5DFCA0123A4CF1BF7CF8420EA5AAB4"><enum>(2)</enum><header>Availability of map</header><text>The map described in paragraph (1) shall be on file and available for public inspection in the appropriate offices of the National Park Service.</text>
 </paragraph><paragraph id="HF9B8D3AF73834AD8B1A4173AD5024F0D"><enum>(3)</enum><header>Acquisition of land</header><text>The Secretary of the Interior may acquire the land and interests in land described in paragraph (1) by donation or purchase with donated or appropriated funds from willing sellers only.</text>
 </paragraph><paragraph id="H1C6E4B304D2440FDAC6F3821ECD9ABBD"><enum>(4)</enum><header>Written consent of owner</header><text>No non-Federal property may be included in the Fort Frederica National Monument without the written consent of the owner.</text>
 </paragraph><paragraph id="H225758E7F6CC4BADBD6C2EB4D44C5B11"><enum>(5)</enum><header>No use of condemnation or eminent domain</header><text>The Secretary of the Interior may not acquire by condemnation or eminent domain any land or interests in land under this Act or for the purposes of this Act.</text>
 </paragraph><paragraph id="HC6D94FE3175D44089082ED0194A39EA5"><enum>(6)</enum><header>No buffer zone created</header><text>Nothing in this Act, the establishment of the Fort Frederica National Monument, or the management plan for the Fort Frederica National Monument shall be construed to create buffer zones outside of the Monument. That activities or uses can be seen, heard, or detected from areas within the Fort Frederica National Monument shall not preclude, limit, control, regulate, or determine the conduct or management of activities or uses outside of the Monument.</text>
				</paragraph></subsection></section></legis-body></bill>


