<?xml version="1.0"?>
<?xml-stylesheet type="text/xsl" href="billres.xsl"?>
<!DOCTYPE bill PUBLIC "-//US Congress//DTDs/bill.dtd//EN" "bill.dtd">
<bill bill-stage="Introduced-in-House" dms-id="H1D854D2EA5EE4BA7A9110279E6185BFA" public-private="public" key="H" bill-type="olc"><form><distribution-code display="yes">I</distribution-code><congress display="yes">115th CONGRESS</congress><session display="yes">1st Session</session><legis-num display="yes">H. R. 457</legis-num><current-chamber>IN THE HOUSE OF REPRESENTATIVES</current-chamber><action display="yes"><action-date date="20170111">January 11, 2017</action-date><action-desc><sponsor name-id="T000468">Ms. Titus</sponsor> introduced the following bill; which was referred to the <committee-name committee-id="HVR00">Committee on Veterans' Affairs</committee-name></action-desc></action><legis-type>A BILL</legis-type><official-title display="yes">To amend title 38, United States Code, to improve the appeals process of the Department of Veterans Affairs.</official-title></form><legis-body id="H6A800B7A66BD47DA9DECAB4A62F0E6D6" style="OLC"> 
<section id="HE2B553FAF14E49E1A55B1A7F4FE85624" section-type="section-one"><enum>1.</enum><header>Short title</header><text display-inline="no-display-inline">This Act may be cited as the <quote><short-title>VA Appeals Modernization Act of 2017</short-title></quote>.</text></section> <section id="H331818A9FD5C4D929A0AD5B7839974D6" section-type="subsequent-section"><enum>2.</enum><header>Appeals reform</header> <subsection id="HDBDFB97EF4D14E94A28714F618F103F8"><enum>(a)</enum><text>Section 101 of title 38, United States Code, is amended by adding at the end the following new paragraphs:</text> 
<quoted-block display-inline="no-display-inline" id="H4356E7C460824962A7A2B90F810CADA4" style="OLC"> 
<paragraph id="HDEE586EB998B4DB696EA79F3C66F91E3"><enum>(34)</enum><text>The term <term>Agency of Original Jurisdiction</term> means the activity which entered the original determination with regard to a claim for benefits under this title.</text></paragraph> <paragraph id="H862404BB696744AC8ADE3C6644E29B3A"><enum>(35)</enum><text>The term <term>relevant evidence</term> means evidence that tends to prove or disprove a matter in issue.</text></paragraph><after-quoted-block>.</after-quoted-block></quoted-block></subsection> 
<subsection id="HD9D4AE5199704F9797AD516E0838FD35"><enum>(b)</enum><text>Section 5103 of title 38, United States Code, is amended—</text> <paragraph id="H75CBEE08EF56432280002E435D9BE7D9"><enum>(1)</enum><text>in subsection (a)(2)(B)(i) by striking <quote>, a claim for reopening a prior decision on a claim, or a claim for an increase in benefits;</quote> and inserting <quote>or a supplemental claim;</quote>; and</text></paragraph> 
<paragraph id="H0B516696FE2247879BB3B3410D747B12"><enum>(2)</enum><text>in subsection (b) by adding at the end the following new paragraph:</text> <quoted-block display-inline="no-display-inline" id="H4055F6AC3B244F49801A67BA41C6ABE3" style="OLC"> <paragraph id="HB0E4D88A43CF464FA6A82310CAD5CA15"><enum>(6)</enum><text>Nothing in this section shall require notice to be sent for a supplemental claim that is filed within the timeframe set forth in subsections (a)(2)(B) and (a)(2)(D) of section 5110 of this title.</text></paragraph><after-quoted-block>.</after-quoted-block></quoted-block></paragraph></subsection> 
<subsection id="H2DDD8C7A914C4AE0A24C44B2367B2882"><enum>(c)</enum><text>Section 5103A(f) of title 38, United States Code, is amended to read as follows:</text> <quoted-block display-inline="no-display-inline" id="HC5B169041A7342F3B8C1362956FEF056" style="OLC"> <subsection id="H0BF8D252BB324CE3B0DBD11A7D5FF0E6"><enum>(a)</enum><header>Rule with respect to disallowed claims</header><text>Nothing in this section shall be construed to require the Secretary to readjudicate a claim that has been disallowed except when new and relevant evidence is presented or secured, as described in section 5108 of this title.</text></subsection><after-quoted-block>.</after-quoted-block></quoted-block></subsection> 
<subsection id="HF7F74B9F4ACF427ABF89AF8CCB018F64"><enum>(d)</enum><text><external-xref legal-doc="usc-chapter" parsable-cite="usc-chapter/38/51">Chapter 51</external-xref> of title 38, United States Code, is amended by adding the following new sections:</text> <quoted-block display-inline="no-display-inline" id="H5B62CEC9E56B46878C66DF3B635D7BF2" style="USC"> <section id="HDCEBABA69B704382AB12D46F1BFF10C7"><enum>5103B.</enum><header>Applicability of duty to assist</header> <subsection id="H3614797FEE0D4C47B792CB3D95406D98"><enum>(a)</enum><text>The Secretary’s duty to assist under section 5103A of this title shall apply only to a claim, or supplemental claim, for a benefit under a law administered by the Secretary until the time that a claimant is provided notice of the Agency of Original Jurisdiction’s decision with respect to such claim, or supplemental claim, under section 5104 of this title.</text></subsection> 
<subsection id="H01CDA033B14D4F13AA7BAB499BC3AEDF"><enum>(b)</enum><text>The Secretary’s duty to assist under section 5103A of this title shall not apply to higher-level review by the Agency of Original Jurisdiction, pursuant to section 5104B of this title, or to review on appeal by the Board of Veterans’ Appeals.</text></subsection> <subsection id="H2A18836018E245269D47786CEE03695D"><enum>(c)</enum><header>Correction of duty To assist errors</header> <paragraph id="HF83A07CD71B04427AD86691612A28B4E"><enum>(1)</enum><header>Higher-level review</header><text>If, during review of the Agency of Original Jurisdiction's decision under section 5104B of this title, the higher-level reviewer identifies an error on the part of the Agency of Original Jurisdiction to satisfy its duties under section 5103A of this title, and that error occurred prior to the Agency of Original Jurisdiction's decision being reviewed, unless the claim can be granted in full, the higher-level reviewer shall return the claim for correction of such error and readjudication.</text></paragraph> 
<paragraph id="H83EE1A742967465BAC66AB20FDE73CA7"><enum>(2)</enum><header>Board of Veterans’ Appeals</header><text>If the Board, during review on appeal of an Agency of Original Jurisdiction decision, identifies an error on the part of the Agency of Original Jurisdiction to satisfy its duties under section 5103A of this title, and that error occurred prior to the Agency of Original Jurisdiction decision on appeal, unless the claim can be granted in full, the Board shall remand the claim to the Agency of Original Jurisdiction for correction of such error and readjudication. Remand for correction of such error may include directing the Agency of Original Jurisdiction to obtain an advisory medical opinion under section 5109 of this title.</text></paragraph></subsection></section> <section id="H8BAD32C24BCA4CF5B397F8689305E954"><enum>5104A.</enum><header>Binding nature of favorable findings</header><text display-inline="no-display-inline">Any finding favorable to the claimant as described in section 5104(b)(4) of this title shall be binding on all subsequent adjudicators within the department, unless clear and convincing evidence is shown to the contrary to rebut such favorable finding.</text></section> 
<section id="H2B618DD90195475FA9E05563C155C9F0"><enum>5104B.</enum><header>Higher-level review by the Agency of Original Jurisdiction</header> 
<subsection id="H1CC191D978E546C584249099E73D56DA"><enum>(a)</enum><header>In general</header><text>The claimant may request a review of the decision of the Agency of Original Jurisdiction by a higher-level adjudicator within the Agency of Original Jurisdiction.</text></subsection> <subsection id="H75C5475307E9419E8CDF139B0670671C"><enum>(b)</enum><header>Time and manner of request</header><text>A request for higher-level review by the Agency of Original Jurisdiction must be in writing in the form prescribed by the Secretary and made within one year of the notice of the Agency of Original Jurisdiction’s decision. Such request may specifically indicate whether such review is requested by a higher-level adjudicator at the same office within the Agency of Original Jurisdiction or by an adjudicator at a different office of the Agency of Original Jurisdiction.</text></subsection> 
<subsection id="H6D99DBA22DF643B59D23DEEF92733F2C"><enum>(c)</enum><header>Decision</header><text>Notice of a higher-level review decision under this section shall be provided in writing.</text></subsection> <subsection id="H6AF4B86EB4EC46069FAFE0A534686C3C"><enum>(d)</enum><header>Evidentiary record for review</header><text>The evidentiary record before the higher-level reviewer shall be limited to the evidence of record in the Agency of Original Jurisdiction's decision being reviewed.</text></subsection> 
<subsection id="HE4054F2E72404492BD12F6980AE49D77"><enum>(e)</enum><header>De novo review</header><text>Higher-level review under this section shall be de novo.</text></subsection></section><after-quoted-block>.</after-quoted-block></quoted-block></subsection> <subsection id="H97D5B0944FD04BA283A13CCE7233CBE8"><enum>(e)</enum><text>Section 5104(b) of title 38, United States Code, is amended to read as follows:</text> 
<quoted-block display-inline="no-display-inline" id="H58D324AE360C4400A87500AB63ADFB76" style="OLC"> 
<subsection id="HC6E89E5DE8CC4284A2382F0EB60AB04D"><enum>(b)</enum><text>In any case where the Secretary denies a benefit sought, the notice required by subsection (a) shall also include—</text> <paragraph id="HAD0D0802BB5644FE929D69656FD43E13"><enum>(1)</enum><text>identification of the issues adjudicated;</text></paragraph> 
<paragraph id="H736EBE1F28B542CCB2439C6D0049AF8C"><enum>(2)</enum><text>a summary of the evidence considered by the Secretary;</text></paragraph> <paragraph id="HF4458B248B794D2C890E83549EAC2AA4"><enum>(3)</enum><text>a summary of the applicable laws and regulations;</text></paragraph> 
<paragraph id="H05EA201128014EF89004CEF11C113FBF"><enum>(4)</enum><text>identification of findings favorable to the claimant;</text></paragraph> <paragraph id="HB6F00016BB6449F4875D73F48BFB328F"><enum>(5)</enum><text>identification of elements not satisfied leading to the denial;</text></paragraph> 
<paragraph id="H9FEA94A543DD4EF19960B0B6ADE56CC9"><enum>(6)</enum><text>an explanation of how to obtain or access evidence used in making the decision; and</text></paragraph> <paragraph id="HA02B92773A13400AA63A8736309ECD0F"><enum>(7)</enum><text>if applicable, identification of the criteria that must be satisfied to grant service connection or the next higher level of compensation.</text></paragraph></subsection><after-quoted-block>.</after-quoted-block></quoted-block></subsection> 
<subsection id="H8889960367B7482BB517950024A3D9BD"><enum>(f)</enum><text>Section 5108 of title 38, United States Code, is amended to read as follows:</text> <quoted-block display-inline="no-display-inline" id="H6695E8A9443443619C6F95625F87D94A" style="USC"> <section id="H390FB7BE41C84DE8A6F6B29F68325D73"><enum>5108.</enum><header>Supplemental claims</header><text display-inline="no-display-inline">If new and relevant evidence is presented or secured with respect to a supplemental claim, the Secretary shall readjudicate the claim taking into consideration any evidence added to the record prior to the former disposition of the claim.</text></section><after-quoted-block>.</after-quoted-block></quoted-block></subsection> 
<subsection id="H5B4A81DE22C64ADF9AD22517D3AFF0FC"><enum>(g)</enum><text>Section 5109 of title 38, United States Code, is amended by adding at the end the following new subsection:</text> <quoted-block display-inline="no-display-inline" id="H56079408BC3943D0B2453E1B3828555C" style="OLC"> <subsection id="HE5C0963614134500977D44878BA63EB7"><enum>(d)</enum><text>The Board of Veterans’ Appeals may remand a claim to direct the Agency of Original Jurisdiction to obtain an advisory medical opinion under this section to correct an error on the part of the Agency of Original Jurisdiction to satisfy its duties under section 5103A of this title when such error occurred prior to the Agency of Original Jurisdiction's decision on appeal. The Board’s remand instructions shall include the questions to be posed to the independent medical expert providing the advisory medical opinion.</text></subsection><after-quoted-block>.</after-quoted-block></quoted-block></subsection> 
<subsection id="H343B1EA60C97420BAD720462510EEB7F"><enum>(h)</enum><text>Section 5110 of title 38, United States Code, is amended—</text> <paragraph id="H1AF08F27718D4327B3EFCB532BE5C852"><enum>(1)</enum><text>by amending subsection (a) to read as follows:</text> 
<quoted-block display-inline="no-display-inline" id="H554F7B64A2384E43AB76F959AE37F084" style="OLC"> 
<subsection id="H9F389BC0B9274242B5E6DEA669C57655"><enum>(a)</enum> 
<paragraph commented="no" display-inline="yes-display-inline" id="HE24DB234E34A450EABD148418B1C6C3B"><enum>(1)</enum><header>In general</header><text>Unless specifically provided otherwise in this chapter, the effective date of an award based on an initial claim, or a supplemental claim, of compensation, dependency and indemnity compensation, or pension, shall be fixed in accordance with the facts found, but shall not be earlier than the date of receipt of application therefor.</text></paragraph> <paragraph display-inline="no-display-inline" id="HF5A9357885EE456E83F6A7E04775800A" indent="up1"><enum>(2)</enum><header>Effect of continuous pursuit of a claim on effective date of award</header><text>For purposes of applying the effective date rules in this section, the date of application shall be considered the date of the filing of the initial application for a benefit provided that the claim is continuously pursued by filing any of the following either alone or in succession—</text> 
<subparagraph id="H0381182F3967437C946B4906BEE955E3"><enum>(A)</enum><text>a request for higher-level review under section 5104B of this title within one year of an Agency of Original Jurisdiction decision;</text></subparagraph> <subparagraph id="H7D1368B31D5443BEBEF87A8BE535B183"><enum>(B)</enum><text>a supplemental claim under section 5108 of this title within one year of an Agency of Original Jurisdiction decision;</text></subparagraph> 
<subparagraph id="HCD601AED6ECA4AB888708D1A071D72C4"><enum>(C)</enum><text>a notice of disagreement within one year of an Agency of Original Jurisdiction decision; or</text></subparagraph> <subparagraph id="HB2A8432331FC4074B6A942B1C7548390"><enum>(D)</enum><text>a supplemental claim under section 5108 of this title within one year of a decision of the Board of Veterans’ Appeals.</text></subparagraph></paragraph> 
<paragraph id="H1EF27DD86994438AA30E866DD61D2596" indent="up1"><enum>(3)</enum><header>Supplemental claims received more than one year after an agency of original jurisdiction decision or decision by the Board of Veterans’ Appeals</header><text>Except as otherwise provided in this section, for supplemental claims received more than one year after an Agency of Original Jurisdiction decision or a decision by the Board of Veterans’ Appeals, the effective date shall be fixed in accordance with the facts found, but shall not be earlier than the date of receipt of the supplemental claim.</text></paragraph></subsection><after-quoted-block>; and</after-quoted-block></quoted-block></paragraph> <paragraph id="HB1FED8A1B5D4437ABD829FD41DE7F54F"><enum>(2)</enum><text>in subsection (i) by—</text> 
<subparagraph id="H24221DB941834933AFA7AF3FD4E14EAB"><enum>(A)</enum><text>striking <quote>reopened</quote> and replacing it with <quote>readjudicated</quote>;</text></subparagraph> <subparagraph id="H330CFB6DCA6F48D6AB08EDDC9BDF8525"><enum>(B)</enum><text>striking <quote>material</quote> and replacing it with <quote>relevant</quote>; and</text></subparagraph> 
<subparagraph id="HCDB2C2FADA6140069B14FA4C548A70F2"><enum>(C)</enum><text>striking <quote>reopening</quote> and replacing it with <quote>readjudication</quote>.</text></subparagraph></paragraph></subsection> <subsection id="HF83A51511FA849DCABF83E1DFDA812BA"><enum>(i)</enum><text>Section 5111(d)(1) of title 38, United States Code, is amended by striking <quote>or reopened award;</quote> and replacing it with <quote>award or award based on a supplemental claim;</quote>.</text></subsection> 
<subsection id="H68823CA3B10A4344A04771F84D650180"><enum>(j)</enum><text>Section 5904 of title 38, United States Code, is amended—</text> <paragraph id="H6510F0500F9C451A94E74DA84CD95A56"><enum>(1)</enum><text>in subsection (c)(1) by striking <quote>notice of disagreement is filed</quote> and replacing it with <quote>claimant is provided notice of the Agency of Original Jurisdiction’s initial decision under section 5104 of this title</quote>; and</text></paragraph> 
<paragraph id="HD64A6E6E22B240D2BAB780B56721B4A5"><enum>(2)</enum><text>in subsection (c)(2) by striking <quote>notice of disagreement is filed</quote> and replacing it with <quote>claimant is provided notice of the Agency of Original Jurisdiction’s initial decision under section 5104 of this title</quote>.</text></paragraph></subsection> <subsection id="H37666954084A45A0A6C4D57268947FAE"><enum>(k)</enum><text>Section 7103 of title 38, United States Code, is amended—</text> 
<paragraph id="H480921701D674FE9A8D5D3EAC4AA4D59"><enum>(1)</enum><text>in subsection (b)(1)(A) by striking <quote>heard</quote> and replacing it with <quote>decided</quote>; and</text></paragraph> <paragraph id="H9461E7F30F864309A788636BB94E5D27"><enum>(2)</enum><text>in subsection (b)(1)(B) by striking <quote>heard</quote> and replacing it with <quote>decided</quote>.</text></paragraph></subsection> 
<subsection id="HAEA41D0FB9F6418E90259E9E2D7961BB"><enum>(l)</enum><text>Section 7104(b) of title 38, United States Code, is amended by striking <quote>reopened</quote> and replacing it with <quote>readjudicated</quote>.</text></subsection> <subsection id="H7FC6C63E0474461E8E745FE4CAEB9447"><enum>(m)</enum><text>Section 7105 of title 38, United States Code, is amended—</text> 
<paragraph id="H786AD113214B40FE85FB7760B992C075"><enum>(1)</enum><text>in subsection (a)—</text> <subparagraph id="H5E7E60AC47C540869B60004A138DFB9B"><enum>(A)</enum><text>by striking the first sentence and replacing it with <quote>Appellate review will be initiated by the filing of a notice of disagreement in the form prescribed by the Secretary.</quote>; and</text></subparagraph> 
<subparagraph id="H58ED40A7EC8D4762A75C4867BBDB8324"><enum>(B)</enum><text>by striking <quote>hearing and</quote>;</text></subparagraph></paragraph> <paragraph id="HD8A10C8401B14967AB3F87C728B7BCBB"><enum>(2)</enum><text>by amending subsection (b) to read as follows:</text> 
<quoted-block display-inline="no-display-inline" id="HFEAD3008DC81439E9E5E4AF1AB773D84" style="OLC"> 
<subsection id="H9A25E0BA58F843D69FEF2DA54EF0E40C"><enum>(b)</enum> 
<paragraph commented="no" display-inline="yes-display-inline" id="H891B8FA605814385876973C98C806F8D"><enum>(1)</enum><text>Except in the case of simultaneously contested claims, notice of disagreement shall be filed within one year from the date of the mailing of notice of the Agency of Original Jurisdiction’s decision under section 5104, 5104B, or 5108. A notice of disagreement postmarked before the expiration of the one-year period will be accepted as timely filed. A question as to timeliness or adequacy of the notice of disagreement shall be decided by the Board.</text></paragraph> <paragraph display-inline="no-display-inline" id="H93D972BC6C904F70A603F3EBA66ED7D9" indent="up1"><enum>(2)</enum><text>Notices of disagreement must be in writing, must set out specific allegations of error of fact or law, and may be filed by the claimant, the claimant’s legal guardian, or such accredited representative, attorney, or authorized agent as may be selected by the claimant or legal guardian. Not more than one recognized organization, attorney, or agent will be recognized at any one time in the prosecution of a claim. Notices of disagreement must be filed with the Board.</text></paragraph> 
<paragraph display-inline="no-display-inline" id="H2CF284D543414C119BCB8A8D469EA8B6" indent="up1"><enum>(3)</enum><text>The notice of disagreement shall indicate whether the claimant requests a hearing before the Board, requests an opportunity to submit additional evidence without a Board hearing, or requests review by the Board without a hearing or submission of additional evidence. If the claimant does not expressly request a Board hearing in the notice of disagreement, no Board hearing will be held.</text></paragraph></subsection><after-quoted-block>;</after-quoted-block></quoted-block></paragraph> <paragraph id="HF30D740B801141EFA33724BE90047C7C"><enum>(3)</enum><text>by amending subsection (c) to read as follows:</text> 
<quoted-block display-inline="no-display-inline" id="H2B54010308CC47D7A5CAA27B062323B2" style="OLC"> 
<subsection id="H8B3B497465A141E1858873E7F9A1578D"><enum>(c)</enum><text>If no notice of disagreement is filed in accordance with this chapter within the prescribed period, the Agency of Original Jurisdiction’s action or decision shall become final and the claim will not thereafter be readjudicated or allowed, except as may otherwise be provided by section 5104B or 5108 of this title or regulations not inconsistent with this title.</text></subsection><after-quoted-block>;</after-quoted-block></quoted-block></paragraph> <paragraph id="HF6566D5532774CD3B9C1CA817B02CC52"><enum>(4)</enum><text>by striking subsections (d)(1) through (d)(5);</text></paragraph> 
<paragraph id="HFBCC203B069B49FBAE9F4E659DB59DA1"><enum>(5)</enum><text>by adding a new subsection (d) to read as follows:</text> <quoted-block display-inline="no-display-inline" id="HDDAB22F9C85B4091B5C6C83D6091D393" style="OLC"> <subsection id="H0880048FA01A4773ADA452A0CBD6B2CB"><enum>(d)</enum><text>The Board of Veterans’ Appeals may dismiss any appeal which fails to allege specific error of fact or law in the decision being appealed.</text></subsection><after-quoted-block>; and</after-quoted-block></quoted-block></paragraph> 
<paragraph id="H845DC0B8597346DDAE2A4BE07451DA1B"><enum>(6)</enum><text>by striking subsection (e).</text></paragraph></subsection> <subsection id="H38E81D90662848DBA253A4310261E241"><enum>(n)</enum><text>Section 7105A(b) of title 38, United States Code, is amended to read as follows:</text> 
<quoted-block display-inline="no-display-inline" id="HBC3511446E1E4A0295FAB5B57E4E3CF9" style="OLC"> 
<subsection id="H644D01EC049749309604B244B255B861"><enum>(b)</enum><text>The substance of the notice of disagreement will be communicated to the other party or parties in interest and a period of thirty days will be allowed for filing a brief or argument in response thereto. Such notice shall be forwarded to the last known address of record of the parties concerned, and such action shall constitute sufficient evidence of notice.</text></subsection><after-quoted-block>.</after-quoted-block></quoted-block></subsection> <subsection id="H7A50BFE817B24468B19AD1A4F149FEBC"><enum>(o)</enum><text>Strike section 7106 of title 38, United States Code.</text></subsection> 
<subsection id="H0B35D3B41EB54B4281B3AF88C9223421"><enum>(p)</enum><text>Section 7107 of title 38, United States Code, is amended—</text> <paragraph id="H53EAA20B1B9F4BEAA26D5DA823420D66"><enum>(1)</enum><text>by amending subsection (a) to read as follows:</text> 
<quoted-block display-inline="no-display-inline" id="H2685991E2EE24813B0F60129B2C02771" style="OLC"> 
<subsection id="H2CEDCD2710A541FDA6B42D52A278199B"><enum>(a)</enum><text>The Board shall maintain two separate dockets. A non-hearing option docket shall be maintained for cases in which no Board hearing is requested and no additional evidence will be submitted. A separate and distinct hearing option docket shall be maintained for cases in which a Board hearing is requested in the notice of disagreement or in which no Board hearing is requested, but the appellant requests, in the notice of disagreement, an opportunity to submit additional evidence. Except as provided in subsection (b), each case before the Board will be decided in regular order according to its respective place on the Board’s non-hearing option docket or the hearing option docket.</text></subsection><after-quoted-block>;</after-quoted-block></quoted-block></paragraph> <paragraph id="H74B0A353A4454EE89459488067A96115"><enum>(2)</enum><text>by amending subsection (b) to read as follows:</text> 
<quoted-block display-inline="no-display-inline" id="HF1B728BD0904469B8D6360FB8C085FC7" style="OLC"> 
<subsection id="HB38DE4509798447DB8A6EFDC41FAE0E3"><enum>(b)</enum><header>Advancement on the docket</header><text>A case on either the Board’s non-hearing option docket or hearing option docket, may, for cause shown, be advanced on motion for earlier consideration and determination. Any such motion shall set forth succinctly the grounds upon which the motion is based. Such a motion may be granted only—</text> <paragraph id="HD81AF837DEE14A5BAACF065E8750652B"><enum>(1)</enum><text>if the case involves interpretation of law of general application affecting other claims;</text></paragraph> 
<paragraph id="HBE1D599CB6E04C9698824BB752194B0F"><enum>(2)</enum><text>if the appellant is seriously ill or is under severe financial hardship; or</text></paragraph> <paragraph id="HE8421D10CA6E4B1DAB89E949CB6EF23F"><enum>(3)</enum><text>for other sufficient cause shown.</text></paragraph></subsection><after-quoted-block>;</after-quoted-block></quoted-block></paragraph> 
<paragraph id="HF1144DB9738146D4B7F57FE39D33EF5E"><enum>(3)</enum><text>by amending subsection (c) to read as follows:</text> <quoted-block display-inline="no-display-inline" id="H74B632DEC4224A8E83FA3996F6C97641" style="OLC"> <subsection id="H36771A99455C445BA2F059799268EF42"><enum>(c)</enum><header>Manner and scheduling of hearings for cases on board hearing option docket</header> <paragraph commented="no" display-inline="yes-display-inline" id="HDA7BFB6B502344ABB47CB3C509590BC7"><enum>(1)</enum><text>For cases on the Board hearing option docket in which a hearing is requested in the notice of disagreement, the Board shall notify the appellant whether a Board hearing will be held—</text> 
<subparagraph id="H8C4EB4682CB74BFAB3AF53D309B99548" indent="up1"><enum>(A)</enum><text>at its principal location, or</text></subparagraph> <subparagraph id="H42D6E613B40249F99E720CA313DC9119" indent="up1"><enum>(B)</enum><text>by picture and voice transmission at a facility of the Department where the Secretary has provided suitable facilities and equipment to conduct such hearings.</text></subparagraph></paragraph> 
<paragraph id="H6BF4E06C9CDB4D87AE9CF7BAE0D4571A" indent="up1"><enum>(2)</enum> 
<subparagraph commented="no" display-inline="yes-display-inline" id="HDC555D948A39421498A4069FC0CC3B25"><enum>(A)</enum><text>Upon notification of a Board hearing at the Board’s principal location as described in subsection (c)(1)(A) of this section, the appellant may alternatively request a hearing as described in subsection (c)(1)(B) of this section. If so requested, the Board shall grant such request.</text></subparagraph> <subparagraph id="H831214BF2B14413781E06DB30BB8FDE7" indent="up1"><enum>(B)</enum><text>Upon notification of a Board hearing by picture and voice transmission as described in subsection (c)(1)(B) of this section, the appellant may alternatively request a hearing as described in subsection (c)(1)(A) of this section. If so requested, the Board shall grant such request.</text></subparagraph></paragraph></subsection><after-quoted-block>; and</after-quoted-block></quoted-block></paragraph> 
<paragraph id="H45D652D75273472A9AC2D8475E4D11A0"><enum>(4)</enum><text>by striking subsections (d) and (e) and redesignating subsection (f) as subsection (d).</text></paragraph></subsection> <subsection id="HE1D0E9D1FE9E466EAE388ED1A2D2AAB6"><enum>(q)</enum><text>Strike section 7109 of title 38, United States Code.</text></subsection> 
<subsection id="H76C59140C6634A8BA03DE43951C87419"><enum>(r)</enum><text>Section 7111(e) of title 38, United States Code, is amended by striking <quote>merits, without referral to any adjudicative or hearing official acting on behalf of the Secretary.</quote> and replacing it with <quote>merits.</quote>.</text></subsection> <subsection id="H04165B837CCB42DA9C52A951D1910FBD"><enum>(s)</enum><text><external-xref legal-doc="usc-chapter" parsable-cite="usc-chapter/38/71">Chapter 71</external-xref> of title 38, United States Code, is amended by adding the following new section:</text> 
<quoted-block display-inline="no-display-inline" id="H5220A4ECEB704651853A51050A075EF1" style="USC"> 
<section id="HB11D269CBB6F4933816B4765E32DB310"><enum>7113.</enum><header>Evidentiary record before the board</header> 
<subsection id="H204FAC92BEAE4CDFAE7031B1ADB8D21F"><enum>(a)</enum><header>Non-Hearing option docket</header><text>For cases in which a Board hearing is not requested in the notice of disagreement, the evidentiary record before the Board shall be limited to the evidence of record at the time of the Agency of Original Jurisdiction decision on appeal.</text></subsection> <subsection id="H70428D3251E3403DBBDE68BAC0E62AF7"><enum>(b)</enum><header>Hearing option docket</header> <paragraph commented="no" display-inline="yes-display-inline" id="HC674198D1FA84D39B881BA85CA4185EB"><enum>(1)</enum><header>Hearing requested</header><text>Except as provided in paragraph (2) of this subsection, for cases on the hearing option docket in which a hearing is requested in the notice of disagreement, the evidentiary record before the Board shall be limited to the evidence of record at the time of the Agency of Original Jurisdiction decision on appeal.</text></paragraph> 
<paragraph display-inline="no-display-inline" id="HCB59CEE88D5E403AB417F2C6CA88C523" indent="up1"><enum>(2)</enum><header>Exceptions</header><text>The evidentiary record before the Board for cases on the hearing option docket in which a hearing is requested, shall include each of the following, which the Board shall consider in the first instance—</text> <subparagraph id="HF45EB6BE6641479EBC88C4737FEB8A18"><enum>(A)</enum><text>evidence submitted by the appellant and his or her representative, if any, at the Board hearing; and</text></subparagraph> 
<subparagraph id="H926868C8C73D4FE9A6163D46F9F31BE3"><enum>(B)</enum><text>evidence submitted by the appellant and his or her representative, if any, within 90 days following the Board hearing.</text></subparagraph></paragraph> <paragraph id="H46C57435EECF4731BEA82C78E69E4F8E" indent="up1"><enum>(3)</enum><header>Hearing not requested</header> <subparagraph commented="no" display-inline="yes-display-inline" id="HDE1FD85D29834C14B0803D4C4793BDE4"><enum>(A)</enum><text>Except as provided in subparagraph (B) of this paragraph, for cases on the hearing option docket in which a hearing is not requested in the notice of disagreement, the evidentiary record before the Board shall be limited to the evidence considered by the Agency of Original Jurisdiction in the decision on appeal.</text></subparagraph> 
<subparagraph display-inline="no-display-inline" id="H1347FA5FB6144891B93A1F539D6E4612" indent="up1"><enum>(B)</enum><text>The evidentiary record before the Board for cases on the hearing option docket in which a hearing is not requested, shall include each of the following, which the Board shall consider in the first instance—</text> <clause id="H8B3DFE54EFA54294A578B8EF6AD7A791"><enum>(i)</enum><text>evidence submitted by the appellant and his or her representative, if any, with the notice of disagreement; and</text></clause> 
<clause id="H160B67B8AD5347CCB8F9D78701763A56"><enum>(ii)</enum><text>evidence submitted by the appellant and his or her representative, if any, within 90 days following receipt of the notice of disagreement.</text></clause></subparagraph></paragraph></subsection></section><after-quoted-block>.</after-quoted-block></quoted-block></subsection> <subsection id="H9ABEF01911EE468F9928D54AF88FD388"><enum>(t)</enum><header>Conforming amendment</header><text>The heading of section 7105 is amended by striking <quote>notice of disagreement and</quote>.</text></subsection> 
<subsection id="H0435871DB1B64FB0A4494EA4F5817FEA"><enum>(u)</enum><header>Clerical amendments</header> 
<paragraph id="HBF3D4CBCA62F4E72BE284DBF02DFA12B"><enum>(1)</enum><text>The table of sections at the beginning of <external-xref legal-doc="usc-chapter" parsable-cite="usc-chapter/38/51">chapter 51</external-xref> of title 38, United States Code, is amended—</text> <subparagraph id="HE3B5E329A9EC4BD1BBDE5D054541C9D5"><enum>(A)</enum><text>by inserting after the item relating to section 5103A the following new item:</text> 
<quoted-block display-inline="no-display-inline" id="H5799A4F9F58A4D58AD9B04E8BA7DD812" style="OLC"> 
<toc> 
<toc-entry level="section">5103B. Applicability of duty to assist.</toc-entry></toc><after-quoted-block>;</after-quoted-block></quoted-block><continuation-text continuation-text-level="subparagraph">and</continuation-text></subparagraph> 
<subparagraph id="H302D16BFB03E41799A7BFED86AD2C406"><enum>(B)</enum><text>by inserting after the item relating to section 5104 the following new items:</text> <quoted-block display-inline="no-display-inline" id="H18C22DD7FC6548DF83B384BF1240B263" style="OLC"> <toc> <toc-entry level="section">5104A. Binding nature of favorable findings.</toc-entry> <toc-entry level="section">5104B. Higher-level review by the Agency of Original Jurisdiction.</toc-entry></toc><after-quoted-block>.</after-quoted-block></quoted-block></subparagraph></paragraph> <paragraph id="HF31EC04446754284A8A5EF7FCCE82CC0"><enum>(2)</enum><text>The item relating to section 5108 in the table of sections at the beginning of <external-xref legal-doc="usc-chapter" parsable-cite="usc-chapter/38/51">chapter 51</external-xref> of title 38, United States Code, is amended by striking <quote>Reopening disallowed claims.</quote> and replacing it with <quote>Supplemental claims.</quote>.</text></paragraph> 
<paragraph id="HB0622850DDF140E3B902CD96FABE2C01"><enum>(3)</enum><text>The table of sections at the beginning of <external-xref legal-doc="usc-chapter" parsable-cite="usc-chapter/38/71">chapter 71</external-xref> of title 38, United States Code, is amended by—</text> <subparagraph id="H2A43085B046F4DB08305B5ED8872CBC4"><enum>(A)</enum><text>striking the item relating to section 7106;</text></subparagraph> 
<subparagraph id="H7446653BA6CD4D8AB8912D81B1485E13"><enum>(B)</enum><text>striking the item relating to section 7109; and</text></subparagraph> <subparagraph id="H4C104692DC2C4EFAB02B6BC0C73D2CB2"><enum>(C)</enum><text>adding at the end the following new item:</text> 
<quoted-block display-inline="no-display-inline" id="H269AA4AA50FC4FD5AD2849D862DAA4A7" style="OLC"> 
<toc> 
<toc-entry level="section">7113. The evidentiary record before the Board.</toc-entry></toc><after-quoted-block>.</after-quoted-block></quoted-block></subparagraph></paragraph> 
<paragraph id="HD0462FFED17F442CB41034E22DF20A32"><enum>(4)</enum><text>The item relating to section 7105 in the table of sections at the beginning of <external-xref legal-doc="usc-chapter" parsable-cite="usc-chapter/38/71">chapter 71</external-xref> of title 38, United States Code, is amended by striking <quote>notice of disagreement and</quote>.</text></paragraph></subsection></section> </legis-body></bill>

