<?xml version="1.0"?>
<?xml-stylesheet type="text/xsl" href="billres.xsl"?>
<!DOCTYPE bill PUBLIC "-//US Congress//DTDs/bill.dtd//EN" "bill.dtd">
<bill bill-stage="Introduced-in-House" dms-id="H73A551BDF53344D8900EADB4674D16F3" public-private="public" key="H" bill-type="olc"><form><distribution-code display="yes">I</distribution-code><congress display="yes">115th CONGRESS</congress><session display="yes">1st Session</session><legis-num display="yes">H. R. 625</legis-num><current-chamber>IN THE HOUSE OF REPRESENTATIVES</current-chamber><action display="yes"><action-date date="20170124">January 24, 2017</action-date><action-desc><sponsor name-id="A000371">Mr. Aguilar</sponsor> (for himself and <cosponsor name-id="C000059">Mr. Calvert</cosponsor>) introduced the following bill; which was referred to the <committee-name committee-id="HHM00">Committee on Homeland Security</committee-name></action-desc></action><legis-type>A BILL</legis-type><official-title display="yes">To provide for joint reports by relevant Federal agencies to Congress regarding incidents of terrorism, and for other purposes.</official-title></form><legis-body id="H0B04B86C376B4A55B9C110C86E026093" style="OLC"> 
<section id="H36C2506564E94A2FA6B1CD9B48106082" section-type="section-one"><enum>1.</enum><header>Short title</header><text display-inline="no-display-inline">This Act may be cited as the <quote><short-title>Reporting Efficiently to Proper Officials in Response to Terrorism Act of 2017</short-title></quote> or the <quote><short-title>REPORT Act</short-title></quote>.</text></section> <section id="H26E01F5078694DCC9752FB7D5E7C3D94"><enum>2.</enum><header>Duty to report</header> <subsection id="H5841FC0A5FB6462CB448343865DF3F41"><enum>(a)</enum><header>Duty imposed</header><text display-inline="yes-display-inline">Whenever an incident of terrorism occurs in the United States, it shall be the duty of the Secretary of Homeland Security, in coordination with the Attorney General, the Director of the Federal Bureau of Investigation, and, as appropriate, the head of the National Counterterrorism Center, to submit, not later than upon completion of the investigation by the primary Government agency conducting the investigation, an unclassified report (which may be accompanied by a classified annex) to Congress concerning that incident.</text></subsection> 
<subsection id="HE15EF7FBC1FD4651B39BC9D11826044C"><enum>(b)</enum><header>Content of reports</header><text>A report under this section shall contain—</text> <paragraph id="HAA69966C2F6D4409805A252D55F639A3"><enum>(1)</enum><text>a statement of the facts of the incident, as known at the time of the report; and</text></paragraph> 
<paragraph id="HC725AAAF4681470CAFCF5F489E40558B"><enum>(2)</enum><text display-inline="yes-display-inline">any recommendations for changes in practices or law, consistent with the Constitution, with particular attention to changes that could help prevent future attacks.</text></paragraph></subsection> <subsection id="H4CF0E9A9F9674DEDB8116EF1A007FDF5"><enum>(c)</enum><header>Definition</header><text>In this section, the term <quote>incident of terrorism</quote> means an event declared by the Federal Bureau of Investigation to be an act of terrorism.</text></subsection></section> 
</legis-body></bill>

