<?xml version="1.0"?>
<?xml-stylesheet type="text/xsl" href="billres.xsl"?>
<!DOCTYPE bill PUBLIC "-//US Congress//DTDs/bill.dtd//EN" "bill.dtd">
<bill bill-stage="Introduced-in-House" bill-type="olc" dms-id="HDDE213DE55874C099337C116F6EF0D44" key="H" public-private="public"><metadata xmlns:dc="http://purl.org/dc/elements/1.1/">
<dublinCore>
<dc:title>115 HR 684 IH: Every Child is a Blessing Act of 2017</dc:title>
<dc:publisher>U.S. House of Representatives</dc:publisher>
<dc:date>2017-01-24</dc:date>
<dc:format>text/xml</dc:format>
<dc:language>EN</dc:language>
<dc:rights>Pursuant to Title 17 Section 105 of the United States Code, this file is not subject to copyright protection and is in the public domain.</dc:rights>
</dublinCore>
</metadata>
<form>
<distribution-code display="yes">I</distribution-code><congress display="yes">115th CONGRESS</congress><session display="yes">1st Session</session><legis-num display="yes">H. R. 684</legis-num><current-chamber>IN THE HOUSE OF REPRESENTATIVES</current-chamber><action display="yes"><action-date date="20170124">January 24, 2017</action-date><action-desc><sponsor name-id="P000601">Mr. Palazzo</sponsor> (for himself, <cosponsor name-id="P000609">Mr. Palmer</cosponsor>, <cosponsor name-id="W000814">Mr. Weber of Texas</cosponsor>, and <cosponsor name-id="H001045">Mr. Harper</cosponsor>) introduced the following bill; which was referred to the <committee-name committee-id="HJU00">Committee on the Judiciary</committee-name></action-desc></action><legis-type>A BILL</legis-type><official-title display="yes">To prohibit recovery of damages in certain wrongful birth and wrongful life civil actions, and for
			 other purposes.</official-title></form>
	<legis-body id="H5CA95299B5AA4D94B19000954FB05A73" style="OLC">
 <section id="H0B9D6081E4CD4AABBBEF40D869F445F7" section-type="section-one"><enum>1.</enum><header>Short title</header><text display-inline="no-display-inline">This Act may be cited as the <quote><short-title>Every Child is a Blessing Act of 2017</short-title></quote>.</text> </section><section id="H2D422FBB1C124CC5912F17421EA945D3"><enum>2.</enum><header>Prohibition of recovery in certain wrongful life and wrongful birth civil actions</header> <subsection id="H1C3815DAE1E64D69B4EF59923F4F9658"><enum>(a)</enum><header>General rule</header><text display-inline="yes-display-inline">Except as otherwise provided in this section, a person may not recover damages in any designated civil action (as defined in subsection (d)) based on a claim that, but for the conduct of the defendant, a child, once conceived, would not or should not have been born.</text>
 </subsection><subsection id="H6AC5CBB6AC5741DD8400A552E804FDB1"><enum>(b)</enum><header>Application to certain claims</header><text display-inline="yes-display-inline">Subsection (a) applies, among others, to a claim based in whole or in part on disability, defect, abnormality, race, sex, or other inborn characteristic of the child.</text>
 </subsection><subsection commented="no" id="HCFF2C517E70044DD9B03FB3C9A916B3B"><enum>(c)</enum><header>Rule of construction</header><text display-inline="yes-display-inline">Subsection (a) shall not be construed—</text> <paragraph id="H0908DB7D2D994B869FCC07A72A6CBD56"><enum>(1)</enum><text>to provide a defense against charges of intentional misrepresentation in any proceeding under State law regulating the professional practices of health care providers and practitioners;</text>
 </paragraph><paragraph id="HC34ED98509BF490BB7C14CA35053B78F"><enum>(2)</enum><text>to provide a defense in any criminal action, including cases of rape or incest; or</text> </paragraph><paragraph id="HC3C2E08B23BD45F981D2A78E2BB604BC"><enum>(3)</enum><text display-inline="yes-display-inline">to limit the recovery of damages in cases where the conduct of the defendant caused personal injury or death to the child or gestational mother.</text>
 </paragraph></subsection><subsection id="H3130CE896B244B23A10EFF558296264C"><enum>(d)</enum><header>Definitions</header><text display-inline="yes-display-inline">In this section—</text> <paragraph id="HCA55CCFD53584D7694419BC7FF5AAE9B"><enum>(1)</enum><text display-inline="yes-display-inline">the term <quote>State</quote> includes the District of Columbia, the Commonwealth of Puerto Rico, and any other territory or possession of the United States; and</text>
 </paragraph><paragraph id="H222E1DAEFA5B444291431C935A140540"><enum>(2)</enum><text display-inline="yes-display-inline">the term <quote>designated civil action</quote> means a civil action, in Federal or State court—</text> <subparagraph id="HC2F258B3B8DB48119E99DC6C4E142473"><enum>(A)</enum><text>arising under Federal law; or</text>
 </subparagraph><subparagraph id="H325B7B354E634CD0A8114659CDCE1F07"><enum>(B)</enum><text>based on a claim involving health care services affecting interstate or foreign commerce.</text> </subparagraph></paragraph></subsection></section></legis-body></bill> 

