<?xml version="1.0"?>
<?xml-stylesheet type="text/xsl" href="billres.xsl"?>
<!DOCTYPE bill PUBLIC "-//US Congress//DTDs/bill.dtd//EN" "bill.dtd">
<bill bill-stage="Engrossed-in-House" bill-type="olc" dms-id="H107E6BDEB088414BBA2B744742495C0B" key="H" public-private="public" stage-count="1"> 
<metadata xmlns:dc="http://purl.org/dc/elements/1.1/">
<dublinCore>
<dc:title>115 HR 511 EH: Power And Security Systems (PASS) Act</dc:title>
<dc:publisher>U.S. House of Representatives</dc:publisher>
<dc:date></dc:date>
<dc:format>text/xml</dc:format>
<dc:language>EN</dc:language>
<dc:rights>Pursuant to Title 17 Section 105 of the United States Code, this file is not subject to copyright protection and is in the public domain.</dc:rights>
</dublinCore>
</metadata>
<form>
<distribution-code display="no">I</distribution-code>
<congress display="yes">115th CONGRESS</congress><session display="yes">1st Session</session>
<legis-num display="yes">H. R. 511</legis-num>
<current-chamber display="no">IN THE HOUSE OF REPRESENTATIVES</current-chamber>
<legis-type>AN ACT</legis-type>
<official-title display="yes">To provide for consideration of the extension under the Energy Policy and Conservation Act of nonapplication of No-Load Mode energy efficiency standards to certain security or life safety alarms or surveillance systems, and for other purposes.</official-title>
</form> 
<legis-body id="H92A4CDCEC7F84348B6D8E349EC1E2A59" style="OLC"> 
<section id="H6763816B5B2448EA936BE8B2FCDC467B" section-type="section-one"><enum>1.</enum><header>Short title</header><text display-inline="no-display-inline">This Act may be cited as the <quote><short-title>Power And Security Systems (PASS) Act</short-title></quote>.</text> </section> <section id="HE51E5B0C39CB4D35BEB554261C2D63AD"><enum>2.</enum><header>Extension of nonapplication of No-Load Mode energy efficiency standard to certain security or life safety alarm or surveillance systems</header> <subsection id="HAB986D6D2FCF4336BF0E3DF3E081F60B"><enum>(a)</enum><text display-inline="yes-display-inline">Section 325(u)(3)(D)(ii) of the Energy Policy and Conservation Act (<external-xref legal-doc="usc" parsable-cite="usc/42/6295">42 U.S.C. 6295(u)(3)(D)(ii)</external-xref>) is amended—</text> 
<paragraph id="H77B90A25F127421680ED4C207E69DC1A"><enum>(1)</enum><text>by striking <quote>2015</quote> each place it appears and inserting <quote>2021</quote>; and</text> </paragraph> <paragraph id="HC22DD994829B46248BA579A57AB8AA0D"><enum>(2)</enum><text>by striking <quote>2017</quote> and inserting <quote>2023</quote>.</text> </paragraph></subsection>
<subsection id="H4DD47DB41F6849758ADFFD8B637C64CB"><enum>(b)</enum><text>Section 325(u)(3)(E) of the Energy Policy and Conservation Act (<external-xref legal-doc="usc" parsable-cite="usc/42/6295">42 U.S.C. 6295(u)(3)(E)</external-xref>) is amended—</text> <paragraph id="H9C63796858D041EEBB8042B910707707"><enum>(1)</enum><text>in clause (ii), by striking <quote>July 1, 2017,</quote> and inserting <quote>the effective date of the amendment under subparagraph (D)(ii)</quote>; and</text> </paragraph>
<paragraph id="H271468E4FD5144528A1181095909371F"><enum>(2)</enum><text>by adding at the end the following:</text> <quoted-block id="H8563D51B309648F69599852488851D10" style="OLC"> <clause id="HD1CB812A3FFA499F83C72856B1F24F3D"><enum>(iv)</enum><header>Treatment in rule</header><text>In the rule under subparagraph (D)(ii) and subsequent amendments the Secretary may treat some or all external power supplies designed to be connected to a security or life safety alarm or surveillance system as a separate product class or may extend the nonapplication under clause (ii).</text></clause><after-quoted-block>.</after-quoted-block></quoted-block> </paragraph></subsection></section>
</legis-body><attestation><attestation-group><attestation-date date="20170123" chamber="House">Passed the House of Representatives January 23, 2017.</attestation-date><attestor display="no">Karen L. Haas,</attestor><role>Clerk.</role></attestation-group></attestation>
<endorsement display="yes"></endorsement>
</bill> 


