<?xml version="1.0"?>
<?xml-stylesheet type="text/xsl" href="billres.xsl"?>
<!DOCTYPE bill PUBLIC "-//US Congress//DTDs/bill.dtd//EN" "bill.dtd">
<bill bill-stage="Introduced-in-House" bill-type="olc" dms-id="H8F3730D59CEA4CD688B2501E430A378E" key="H" public-private="public"><metadata xmlns:dc="http://purl.org/dc/elements/1.1/">
<dublinCore>
<dc:title>115 HR 398 IH: Help Extract Animals from Red Tape Act of 2017</dc:title>
<dc:publisher>U.S. House of Representatives</dc:publisher>
<dc:date>2017-01-10</dc:date>
<dc:format>text/xml</dc:format>
<dc:language>EN</dc:language>
<dc:rights>Pursuant to Title 17 Section 105 of the United States Code, this file is not subject to copyright protection and is in the public domain.</dc:rights>
</dublinCore>
</metadata>
<form>
<distribution-code display="yes">I</distribution-code><congress display="yes">115th CONGRESS</congress><session display="yes">1st Session</session><legis-num display="yes">H. R. 398</legis-num><current-chamber>IN THE HOUSE OF REPRESENTATIVES</current-chamber><action display="yes"><action-date date="20170110">January 10, 2017</action-date><action-desc><sponsor name-id="K000386">Mr. Katko</sponsor> (for himself, <cosponsor name-id="C001080">Ms. Judy Chu of California</cosponsor>, <cosponsor name-id="S000244">Mr. Sensenbrenner</cosponsor>, and <cosponsor name-id="J000032">Ms. Jackson Lee</cosponsor>) introduced the following bill; which was referred to the <committee-name committee-id="HJU00">Committee on the Judiciary</committee-name></action-desc></action><legis-type>A BILL</legis-type><official-title display="yes">To amend title 18, United States Code, with respect to civil forfeitures relating to certain seized
			 animals.</official-title></form>
	<legis-body id="H5B7CBE75C3AD4549BB5C268083FD1167" style="OLC">
 <section id="H8BC2658FD9184C5A9BAE342740D3B003" section-type="section-one"><enum>1.</enum><header>Short title</header><text display-inline="no-display-inline">This Act may be cited as the <quote><short-title>Help Extract Animals from Red Tape Act of 2017</short-title></quote> or the <quote><short-title>HEART Act of 2017</short-title></quote>.</text> </section><section id="H581A0C786F21476394F997C7249DADDE" section-type="subsequent-section"><enum>2.</enum><header>Reduced notice period</header> <subsection id="H9704500F3AA2412F8ACF7589F05A4F05"><enum>(a)</enum><header>Notice timing for cases of animal seizure</header><text display-inline="yes-display-inline">Section 983(a)(1)(A) of title 18, United States Code, is amended by adding at the end the following new clause:</text>
				<quoted-block display-inline="no-display-inline" id="H006C4C41C17742F8A331DD25FE842DE8" style="USC">
 <clause id="H08E176B1941649ABBE0A43EB3E16D343"><enum>(vi)</enum><text display-inline="yes-display-inline">With respect to an animal seized under section 26 of the Animal Welfare Act or under section 1955 of this title, clauses (i), (ii), (iii), and (v), shall be applied by substituting <quote>30-days</quote> for <quote>60-days</quote>.</text></clause><after-quoted-block>.</after-quoted-block></quoted-block>
 </subsection><subsection id="HD064B9450C9143109E586FDFC4BF503D"><enum>(b)</enum><header>Notice procedures for cases of animal seizure</header><text display-inline="yes-display-inline">Section 983(a)(1) of title 18, United States Code, as amended by this Act, is amended—</text> <paragraph id="H7C1DA015F43048FAACEDC749D39F2D67"><enum>(1)</enum><text>in subparagraph (B) by inserting <quote>and with respect to an animal seized under section 26 of the Animal Welfare Act or section 1955 of this title, that the delay is warranted in light of the criteria in subparagraph (G)</quote> after <quote>if the official determines that the conditions in subparagraph (D) are present,</quote>;</text>
 </paragraph><paragraph id="HD02E77C278B6432EB55C49A86224EBDA"><enum>(2)</enum><text>in subparagraph (C) by inserting <quote>and with respect to an animal seized under section 26 of the Animal Welfare Act or section 1955 of this title, that the delay is warranted in light of the criteria in subparagraph (G)</quote> after <quote>that the conditions in subparagraph (D) are present,</quote>; and</text>
 </paragraph><paragraph id="H52133DCD4A434B8BBFA40CFD3174CA11"><enum>(3)</enum><text>by adding after subparagraph (F), the following:</text> <quoted-block id="H860F32191B2B4EB2A148C5D6F0720ACD" style="OLC"> <subparagraph id="HA5A7266FAD9A4C6D9EADAF9DC01B10F4"><enum>(G)</enum><text display-inline="yes-display-inline">With respect to an animal seized under section 26 of the Animal Welfare Act or section 1955 of this title, the period for sending notice under this paragraph may be extended only after consideration of the following:</text>
 <clause id="H9CFCF4BC251A4DBA931ECE79956A9782"><enum>(i)</enum><text>The cost to the government of caring and providing shelter for the animal.</text> </clause><clause id="H54FE330A03874A738FF924D451C47D74"><enum>(ii)</enum><text>The psychological and physical health of the animal and the effect the delay will have on its rehabilitation.</text>
 </clause><clause id="HD8420D67E1E64C32B44E25FE904CC7C6"><enum>(iii)</enum><text>Any increased risk that the delay could necessitate the euthanasia of the animal.</text></clause></subparagraph><after-quoted-block>.</after-quoted-block></quoted-block> </paragraph></subsection></section><section id="HFEC9BDF7ADF2493ABD39C221EA557AA1"><enum>3.</enum><header>Seizures of animals</header> <subsection id="HABB796ABCB3E408FB69AD1BCADD8CABB"><enum>(a)</enum><header>Payment for certain costs</header><text>Section 524(c)(1) of title 28, United States Code, is amended by adding after subparagraph (I), the following:</text>
				<quoted-block id="H7EF832B3EE6640799D736EF307228460" style="OLC">
 <subparagraph id="H3A4FAAFD85F04651849ED775E3374DF3"><enum>(J)</enum><text>payment for the transportation, shelter, care, veterinary services, and where appropriate, humane euthanasia of an animal seized under section 26 of the Animal Welfare Act or under section 1955 of title 18.</text></subparagraph><after-quoted-block>.</after-quoted-block></quoted-block>
 </subsection><subsection id="HD3C872402E644F13A45618EBD0D5B190"><enum>(b)</enum><header>Reimbursement and proportionality</header><text>Section 983(h) of title 18, United States Code, is amended by adding at the end, the following:</text> <quoted-block id="HE2CCBEF721984FB7A0FCE249E455913C" style="OLC"> <paragraph id="H099D5958688F42D2A82C4E66528885CE"><enum>(4)</enum><text>In any civil forfeiture proceeding in which the Government prevails, the court shall require the claimant, to reimburse the United States for any actual and reasonable costs to the government for the transportation, shelter, care, veterinary services, or where appropriate, humane euthanasia of an animal that was the subject of the proceeding. The reimbursement shall be credited to the agency or fund that was used to pay the costs being reimbursed.</text>
 </paragraph><paragraph id="H67E0ABB6C4C44FDB81B7C687D66A6CBA"><enum>(5)</enum><text display-inline="yes-display-inline">In any civil forfeiture proceeding in which an animal is subject of the proceeding, the court may reduce the size of a reimbursement based on any of the following factors:</text>
 <subparagraph id="H612025A49952460C8BB4A3624C292463"><enum>(A)</enum><text>The seriousness of the offense.</text> </subparagraph><subparagraph id="H06B2683B8BC64C4F84F8CC1A09FCB1A4"><enum>(B)</enum><text>The culpability of the claimant.</text>
 </subparagraph><subparagraph id="H03BECFB01FFB41F4AA236920CE6F36E2"><enum>(C)</enum><text>The claimant’s prior record.</text> </subparagraph><subparagraph id="HF469EDD2DC2841AC94C0605ED1EC573C"><enum>(D)</enum><text>The claimant’s financial condition and need to support a family.</text>
 </subparagraph><subparagraph id="H9C82C248B826474397850BBD14F0271B"><enum>(E)</enum><text>The purpose of the forfeiture statute in question.</text></subparagraph></paragraph><after-quoted-block>.</after-quoted-block></quoted-block> </subsection></section></legis-body></bill> 

