<?xml version="1.0"?>
<?xml-stylesheet type="text/xsl" href="billres.xsl"?>
<!DOCTYPE bill PUBLIC "-//US Congress//DTDs/bill.dtd//EN" "bill.dtd">
<bill bill-stage="Introduced-in-House" bill-type="olc" dms-id="HED7B5FD2B83E407B8296B29AFD1A6A86" key="H" public-private="public"><metadata xmlns:dc="http://purl.org/dc/elements/1.1/">
<dublinCore>
<dc:title>115 HR 122 IH: Original Living Wage Act of 2017</dc:title>
<dc:publisher>U.S. House of Representatives</dc:publisher>
<dc:date>2017-01-03</dc:date>
<dc:format>text/xml</dc:format>
<dc:language>EN</dc:language>
<dc:rights>Pursuant to Title 17 Section 105 of the United States Code, this file is not subject to copyright protection and is in the public domain.</dc:rights>
</dublinCore>
</metadata>
<form>
<distribution-code display="yes">I</distribution-code><congress display="yes">115th CONGRESS</congress><session display="yes">1st Session</session><legis-num display="yes">H. R. 122</legis-num><current-chamber>IN THE HOUSE OF REPRESENTATIVES</current-chamber><action display="yes"><action-date date="20170103">January 3, 2017</action-date><action-desc><sponsor name-id="G000553">Mr. Al Green of Texas</sponsor> introduced the following bill; which was referred to the <committee-name committee-id="HED00">Committee on Education and the Workforce</committee-name></action-desc></action><legis-type>A BILL</legis-type><official-title display="yes">To amend the Fair Labor Standards Act to provide for the calculation of the minimum wage based on
			 the Federal poverty threshold for a family of 4, as determined by the
			 Bureau of the Census.</official-title></form>
	<legis-body id="H665AB65B9417457C9C32CC4231B05F2A" style="OLC">
 <section id="H5B6A81DF467D4784BB91770E84DE5ADC" section-type="section-one"><enum>1.</enum><header>Short title</header><text display-inline="no-display-inline">This Act may be cited as the <quote><short-title>Original Living Wage Act of 2017</short-title></quote>.</text> </section><section id="HC7B3C5D3D73A4C1BBB5B14717AAF38C9"><enum>2.</enum><header>Findings; sense of Congress</header> <subsection id="H1DE96F219B324551B366CA8D531F0646"><enum>(a)</enum><header>Findings</header><text>Congress finds the following:</text>
 <paragraph id="HFEE0159FDDED405289F7AB85D8F9E9BB"><enum>(1)</enum><text display-inline="yes-display-inline">In 2015, there were approximately 43,100,000 Americans living in poverty who were separated from the opportunities of the Nation by their income, their housing, and their access to education, jobs, and health care.</text>
 </paragraph><paragraph id="H4584BC99B64240068E5AA4B915627053"><enum>(2)</enum><text display-inline="yes-display-inline">A full-time worker earning the Federal minimum wage earns an income below the Federal poverty threshold for a family of 4, consisting of 2 adults and 2 children.</text>
 </paragraph><paragraph id="HECA3367A2CFD44B2875A15DECFBE609C"><enum>(3)</enum><text display-inline="yes-display-inline">The average fair market rent for a 1-bedroom apartment is more than 65 percent of the monthly income of a full-time worker earning the minimum wage. In comparison, the generally accepted definition of affordability is for a household to pay not more than 30 percent of its income on housing.</text>
 </paragraph><paragraph id="H62F63A31058C4B9EB83191597A75560E"><enum>(4)</enum><text display-inline="yes-display-inline">Two full-time workers earning the Federal minimum wage earn an income below the national housing wage for a 1-bedroom apartment, the amount a person needs to earn to afford a 1-bedroom apartment at average rent.</text>
 </paragraph></subsection><subsection id="H67DCFFBAAB854C17944D6D3F9935FE26"><enum>(b)</enum><header>Sense of Congress</header><text display-inline="yes-display-inline">It is the sense of Congress that—</text> <paragraph id="H2E5758F5AE034CDBB14927B79212B56D"><enum>(1)</enum><text display-inline="yes-display-inline">the Federal minimum wage should, as a minimum, be adjusted every 4 years so that a person working for such a wage may earn an annual income that is not less than 15 percent higher than the Federal poverty threshold for a family of 4, as determined by the Bureau of the Census;</text>
 </paragraph><paragraph id="HE04672CB2368480C8BC8D9C6EEFF38A1"><enum>(2)</enum><text>the minimum wage should be set at a level high enough to allow 2 full-time minimum wage workers to earn an income above the national housing wage; and</text>
 </paragraph><paragraph id="H238B4121D5A14401830467720381594C"><enum>(3)</enum><text display-inline="yes-display-inline">Congress, any of the several States, the District of Columbia, any territory or possession of the United States, any Indian tribe, or any local or municipal government of a State may establish a higher minimum wage requirement than that established in this Act.</text>
 </paragraph></subsection></section><section id="H98B68B6FBFC24DC39BF305FF0B04A2E7"><enum>3.</enum><header>Minimum wage</header><text display-inline="no-display-inline">Section 6 of the Fair Labor Standards Act of 1938 (<external-xref legal-doc="usc" parsable-cite="usc/29/206">29 U.S.C. 206</external-xref>) is amended—</text> <paragraph id="HD72707EBE3C443EFA92972330B3F6E19"><enum>(1)</enum><text>in subsection (a)(1)—</text>
 <subparagraph id="H647C08F4F16D49B0818B7C3FE2B1AE31"><enum>(A)</enum><text>by striking <quote>and</quote> at the end of subparagraph (B);</text> </subparagraph><subparagraph id="H50F595AF0AF2400591ECB7992D59836D"><enum>(B)</enum><text>by inserting <quote>and</quote> at the end of subparagraph (C); and</text>
 </subparagraph><subparagraph id="HE6D2048E616B4566B3193C59F8EF4B34"><enum>(C)</enum><text>by inserting at the end the following:</text> <quoted-block display-inline="no-display-inline" id="H8D99DE927FB642AFB9B4EDFB19FF673A" style="traditional"> <subparagraph commented="no" id="HFEB145DA2C534FD79BAA30257DDEEE1D"><enum>(D)</enum><text>not less than the amount determined by the Secretary under subsection (b), beginning September 1, 2015;</text></subparagraph><after-quoted-block>; and</after-quoted-block></quoted-block>
 </subparagraph></paragraph><paragraph id="H03B610CDB07A4615A89F03B1771C278A"><enum>(2)</enum><text>by redesignating subsection (b) as subsection (c) and inserting after subsection (a) the following:</text> <quoted-block display-inline="no-display-inline" id="HF0B03B26247749E6905A4D28BB33108F" style="traditional"> <subsection id="H3BB9F9D8868E482B9DB3DF72DE14BE51"><enum>(b)</enum> <paragraph commented="no" display-inline="yes-display-inline" id="H001C8FB4721B4FDEAFBB2C5444519273"><enum>(1)</enum><text>Subject to paragraph (2), not later than June 1, 2017, and once every 4 years thereafter, the Secretary shall determine the minimum wage rate applicable under subsection (a)(1) based on the formula described in paragraph (3). The Secretary shall publish such wage rate in the Federal Register not later than October 1 of each year.</text>
 </paragraph><paragraph id="H5E7264BF5AD2425E93E514A596B829FC" indent="up1"><enum>(2)</enum><text>If the minimum wage rate determined by the Secretary under paragraph (1) would result in a lower minimum wage rate than the minimum wage rate in effect at the time of such determination, the Secretary shall not adjust, pursuant to this subsection, the minimum wage rate so in effect.</text>
 </paragraph><paragraph id="H20A6F0C7816740D6A651AB212F061303" indent="up1"><enum>(3)</enum><text display-inline="yes-display-inline">The minimum wage rate determined by the Secretary under paragraph (1) shall be the minimum hourly wage sufficient for a person working for such wage for 40 hours per week, 52 weeks per year, to earn an annual income in an amount that is 15 percent higher than the Federal poverty threshold for a family of 4, with two children under the age of 18, and living in any of the 48 contiguous States, as published by the Bureau of the Census for the year in which the wage rate is being so determined.</text></paragraph></subsection><after-quoted-block>.</after-quoted-block></quoted-block>
			</paragraph></section></legis-body></bill>


