<?xml version="1.0"?>
<?xml-stylesheet type="text/xsl" href="billres.xsl"?>
<!DOCTYPE bill PUBLIC "-//US Congress//DTDs/bill.dtd//EN" "bill.dtd">
<bill bill-stage="Introduced-in-House" bill-type="olc" dms-id="HDDAA360614A742B5B20D7A7E6839C84C" key="H" public-private="public"><metadata xmlns:dc="http://purl.org/dc/elements/1.1/">
<dublinCore>
<dc:title>115 HR 336 IH: Transit Benefits Modernization Act</dc:title>
<dc:publisher>U.S. House of Representatives</dc:publisher>
<dc:date>2017-01-05</dc:date>
<dc:format>text/xml</dc:format>
<dc:language>EN</dc:language>
<dc:rights>Pursuant to Title 17 Section 105 of the United States Code, this file is not subject to copyright protection and is in the public domain.</dc:rights>
</dublinCore>
</metadata>
<form>
<distribution-code display="yes">I</distribution-code><congress display="yes">115th CONGRESS</congress><session display="yes">1st Session</session><legis-num display="yes">H. R. 336</legis-num><current-chamber>IN THE HOUSE OF REPRESENTATIVES</current-chamber><action display="yes"><action-date date="20170105">January 5, 2017</action-date><action-desc><sponsor name-id="M001187">Mr. Meadows</sponsor> (for himself, <cosponsor name-id="C001078">Mr. Connolly</cosponsor>, <cosponsor name-id="C001105">Mrs. Comstock</cosponsor>, <cosponsor name-id="S001183">Mr. Schweikert</cosponsor>, and <cosponsor name-id="B001292">Mr. Beyer</cosponsor>) introduced the following bill; which was referred to the <committee-name committee-id="HWM00">Committee on Ways and Means</committee-name>, and in addition to the Committee on <committee-name committee-id="HGO00">Oversight and Government Reform</committee-name>, for a period to be subsequently determined by the Speaker, in each case for consideration of such
			 provisions as fall within the jurisdiction of the committee concerned</action-desc></action><legis-type>A BILL</legis-type><official-title display="yes">To provide transit benefits to Federal employees who use the services of digital transportation
			 companies within the national capital region, and for other purposes.</official-title></form>
	<legis-body id="H2A114D7244434D62A4C902E2C8C6F4DE" style="OLC">
		<section id="HBF36F20045C8411995BA1A769760384A" section-type="section-one"><enum>1.</enum><header>Short title; findings</header>
 <subsection id="H97FDE7B1730646BF9525841BC538C860"><enum>(a)</enum><header>Short title</header><text>This Act may be cited as the <quote><short-title>Transit Benefits Modernization Act</short-title></quote>.</text> </subsection><subsection id="H8A25CAF6717445428B5014BCF28678F0"><enum>(b)</enum><header>Findings</header><text>Congress finds the following:</text>
 <paragraph id="HE1E5938153724CE688CD8755499271E9"><enum>(1)</enum><text>The Washington Metropolitan Area Transit Authority (<quote>WMATA</quote>) provides approximately 2.3 million Metrorail and Metrobus trips per year across the National Capital Region to Federal employees, commuters, and millions of visitors to the Nation’s capital.</text>
 </paragraph><paragraph id="H84012C33A488471F849334175FD75897"><enum>(2)</enum><text>Approximately 40 percent of WMATA peak-hour commuters are Federal employees.</text> </paragraph><paragraph id="HE2B3226357244888BF158D3DC493B26A"><enum>(3)</enum><text>WMATA began building its rail system in 1969, currently serves 91 stations, and has 117 miles of track.</text>
 </paragraph><paragraph id="H46F70DA731A547D08AC8E507B4D9B5BF"><enum>(4)</enum><text>The Federal Transit Administration (<quote>FTA</quote>) and the National Transportation Safety Board have found significant safety concerns resulting from a backlog of deferred maintenance.</text>
 </paragraph><paragraph id="H56F95F467F0F4566BB1280AD5F52BF56"><enum>(5)</enum><text>WMATA has designed a plan, called SafeTrack, in an effort to address this backlog of deferred maintenance.</text>
 </paragraph><paragraph id="HA4EB0C278922444EB24D0F0663FA1685"><enum>(6)</enum><text>SafeTrack would close the system earlier on weekends and expand weekday maintenance by reducing the number of rails in use at certain stations from two to one.</text>
 </paragraph><paragraph id="HB84B81ABF8FC44D888DCDEE54A140543"><enum>(7)</enum><text>The plan includes 15 <quote>Safety Surges</quote> with around-the-clock single tracking or segment shutdowns that will impact rush hour commutes.</text> </paragraph><paragraph id="H36D596C45B88407E82198D7C66533A24"><enum>(8)</enum><text>FTA’s review of SafeTrack’s first two <quote>safety surge</quote> areas found a number of defects in the plan’s execution.</text>
 </paragraph><paragraph id="H4B601E0168554D23A6B5A62BC7709EC2"><enum>(9)</enum><text>SafeTrack is scheduled to conclude in March 2017.</text> </paragraph><paragraph id="H674A2D7C6EAD4616A59E75005A0A6501"><enum>(10)</enum><text>During SafeTrack, WMATA is encouraging customers to utilize other commuting options, including ride-sharing services.</text>
 </paragraph><paragraph id="H7B0CA71BD86041D9ABFA886088A8AD45"><enum>(11)</enum><text>WMATA has indicated that service disruptions will continue to occur following SafeTrack as routine maintenance is needed.</text>
 </paragraph><paragraph id="HE9B017204AE7429C872F068352065B97"><enum>(12)</enum><text>The Federal Government, which is negatively affected when employees cannot easily commute to and from work, has an interest in assisting employees with alternate commuting options.</text>
 </paragraph></subsection></section><section id="H9AE735D52CC24831A9341EDADD49CCA8"><enum>2.</enum><header>Providing a fringe transit benefit for use of transportation network companies</header><text display-inline="no-display-inline">For purposes of <external-xref legal-doc="usc" parsable-cite="usc/26/132">section 132(a)</external-xref> of the Internal Revenue Code of 1986, the use of a transportation network company by Federal employees as provided for in this Act shall be treated as a fringe benefit which qualifies as a qualified transportation fringe for the period established in section 3(a) of this Act.</text>
		</section><section id="H8A643AE4C89B4EE3BB4A631A9233D3DC"><enum>3.</enum><header>Transit benefits for Federal employees for the use of digital transportation companies</header>
 <subsection id="HE0DE682762CB4DB79C327DEEF76BEB8F"><enum>(a)</enum><header>In General</header><text>During the period beginning on the date of enactment of this Act and ending on December 31, 2018, any agency that has a program, including a program established under section 7905 of title 5, United States Code, or Executive Order 13150 (April 21, 2000; 65 Fed. Reg. 24613), to provide transit benefits to employees of the agency shall provide transit benefits to employees who use the services of any digital transportation company within the Washington Metropolitan Area in the same manner as such agency provides transit benefits to employees who use public transportation services within the Washington Metropolitan Area.</text>
			</subsection><subsection id="HE4A09446752049A9A61533AA14281FD8"><enum>(b)</enum><header>Requirements</header>
 <paragraph commented="no" id="H88E3239C90A94DF18750BA15C4C2DDF7"><enum>(1)</enum><header>Election</header><text>Unless otherwise statutorily authorized, an employee may receive transit benefits under this section only if the employee agrees in writing to not accept any other transit or parking benefit offered by the head of any agency with a transit benefit program while receiving the transit benefits under this section.</text>
 </paragraph><paragraph commented="no" id="H812540F657CA478EA16C5BE123EDBCB2"><enum>(2)</enum><header>Limitation</header><text>The amount of the transit benefit provided to an employee under this section during any month for the use of services provided by any digital transportation company may not exceed the amount of the monthly average transit benefit received by the employee during the 6-month period immediately preceding the month during which an election is made under paragraph (1).</text>
 </paragraph><paragraph id="H4DDCADDEE1D8438A9C29D7AA77822732"><enum>(3)</enum><header>Implementation</header><text>Transit benefits under this section shall be provided in a manner substantially similar to the manner in which transit benefits are provided to employees who use mass transportation services. The head of any agency with a transit benefit program may consult with any digital transportation company and any other head of any agency with a transit benefit program to establish the procedures necessary to provide transit benefits under this section.</text>
 </paragraph><paragraph commented="no" id="H0D0E52FE744549248929BE29B86BB8F7"><enum>(4)</enum><header>Substantiation</header><text>The head of any agency with a transit benefit program, the Secretary of the Department of Transportation, and the Secretary of the Treasury shall, in connection with the establishment of a process for implementing the transit benefit for any digital transportation company, work with any such digital transportation company in establishing a process to substantiate the use of transit benefits by Federal employees using the benefit for services provided by a digital transportation company each month.</text>
 </paragraph></subsection><subsection id="HEEEE050E810A4506A2A67D2DFA94AC25"><enum>(c)</enum><header>Definitions</header><text>In this section—</text> <paragraph id="HE46C0BE7E0154DE08C8AE20B7D5E5BAB"><enum>(1)</enum><text>the term <quote>Washington Metropolitan Area</quote> means the District of Columbia; Montgomery, Prince George’s, Frederick, and Charles Counties in Maryland; Arlington, Fairfax, Loudon, and Prince William Counties in Virginia; and all cities now or hereafter existing in Maryland or Virginia within the geographic area bounded by the outer boundaries of the combined area of said counties;</text>
 </paragraph><paragraph id="H40F4C23851024FDEB7DE4B588DA91AA4"><enum>(2)</enum><text display-inline="yes-display-inline">the term <quote>digital transportation company</quote> means any transportation network company or car-sharing service;</text> </paragraph><paragraph id="H3966E554E1844782895C6347246CDA5E"><enum>(3)</enum><text display-inline="yes-display-inline">the term <quote>car-sharing service</quote> means a membership or non-membership based service primarily designed for shorter time or shorter distance trips where individuals are charged per mile or per hour, or both, for vehicle usage; and</text>
 </paragraph><paragraph id="H5B1F48D9CBBB4E5FAC3DE00B9B33CD95"><enum>(4)</enum><text display-inline="yes-display-inline">the term <quote>transportation network company</quote> means a corporation, partnership, sole proprietorship, or other entity that uses a digital network to connect riders to drivers affiliated with the entity in order for a driver to provide transportation services to a rider.</text>
				</paragraph></subsection></section></legis-body></bill>


