<?xml version="1.0"?>
<?xml-stylesheet type="text/xsl" href="billres.xsl"?>
<!DOCTYPE bill PUBLIC "-//US Congress//DTDs/bill.dtd//EN" "bill.dtd">
<bill bill-stage="Introduced-in-House" bill-type="olc" dms-id="H1EF2A53D175F44EB960F826237CFD89B" key="H" public-private="public"><metadata xmlns:dc="http://purl.org/dc/elements/1.1/">
<dublinCore>
<dc:title>115 HR 672 IH: Combating European Anti-Semitism Act of 2017</dc:title>
<dc:publisher>U.S. House of Representatives</dc:publisher>
<dc:date>2017-01-24</dc:date>
<dc:format>text/xml</dc:format>
<dc:language>EN</dc:language>
<dc:rights>Pursuant to Title 17 Section 105 of the United States Code, this file is not subject to copyright protection and is in the public domain.</dc:rights>
</dublinCore>
</metadata>
<form>
<distribution-code display="yes">I</distribution-code><congress display="yes">115th CONGRESS</congress><session display="yes">1st Session</session><legis-num display="yes">H. R. 672</legis-num><current-chamber>IN THE HOUSE OF REPRESENTATIVES</current-chamber><action display="yes"><action-date date="20170124">January 24, 2017</action-date><action-desc><sponsor name-id="L000480">Mrs. Lowey</sponsor> (for herself, <cosponsor name-id="R000435">Ms. Ros-Lehtinen</cosponsor>, <cosponsor name-id="D000610">Mr. Deutch</cosponsor>, <cosponsor name-id="R000580">Mr. Roskam</cosponsor>, <cosponsor name-id="S000522">Mr. Smith of New Jersey</cosponsor>, <cosponsor name-id="E000179">Mr. Engel</cosponsor>, and <cosponsor name-id="G000377">Ms. Granger</cosponsor>) introduced the following bill; which was referred to the <committee-name committee-id="HFA00">Committee on Foreign Affairs</committee-name></action-desc></action><legis-type>A BILL</legis-type><official-title display="yes">To require continued and enhanced annual reporting to Congress in the Annual Report on
			 International Religious Freedom on anti-Semitic incidents in Europe, the
			 safety and security of European Jewish communities, and the efforts of the
			 United States to partner with European governments, the European Union,
			 and civil society groups, to combat anti-Semitism, and for other purposes.</official-title></form>
	<legis-body id="H9506EA3BFFD54FB7BDCD24FC5959D6E0" style="OLC">
 <section id="HC1612DAE50144E3485B652BE4BBC6BCC" section-type="section-one"><enum>1.</enum><header>Short title</header><text display-inline="no-display-inline">This Act may be cited as the <quote><short-title>Combating European Anti-Semitism Act of 2017</short-title></quote>.</text> </section><section id="H7F75EE4A55974A63A7272820AE8CBC00"><enum>2.</enum><header>Findings</header><text display-inline="no-display-inline">Congress finds the following:</text>
 <paragraph id="H49C4B73E83AD40409C132CAD7F560317"><enum>(1)</enum><text>During the past decade, there has been a steady increase in anti-Semitic incidents in Europe, resulting in European Jews being the targets of physical and verbal harassment and even lethal terrorist attacks, all of which has eroded personal and communal security and the quality of daily Jewish life.</text>
 </paragraph><paragraph id="HB2801D0A08C34947BB5C928CFB6B09A4"><enum>(2)</enum><text>According to reporting by the European Union Agency for Fundamental Rights (FRA), between 2005 and 2014, anti-Semitic incidents increased in France from 508 to 851; in Germany from 60 to 173; in Belgium from 58 to 130; in Italy from 49 to 86; and in the United Kingdom from 459 to 1,168.</text>
 </paragraph><paragraph id="HE9661994299A4D638C34764DCF692090"><enum>(3)</enum><text>Anti-Zionism has at times devolved into anti-Semitic attacks, prompting condemnation from many European leaders, including French Prime Minister Manuel Valls, British Prime Minister David Cameron, and German Chancellor Angela Merkel.</text>
 </paragraph><paragraph id="H2C9B17F3EE274026AF711A5F9A2B6478"><enum>(4)</enum><text>Since 2010, the Department of State has adhered to the working definition of Anti-Semitism by the European Monitoring Center on Racism and Xenophobia (EUMC). Some contemporary examples of anti-Semitism include the following:</text>
 <subparagraph id="H2E6998B145674203A821A8EA7D639404"><enum>(A)</enum><text display-inline="yes-display-inline">Calling for, aiding, or justifying the killing or harming of Jews (often in the name of a radical ideology or an extremist view of religion).</text>
 </subparagraph><subparagraph id="HC825B8ED753C4E72A104174ED2DEE73D"><enum>(B)</enum><text>Making mendacious, dehumanizing, demonizing, or stereotypical allegations about Jews as such, or the power of Jews as a collective, especially, but not exclusively, the myth about a world Jewish conspiracy or of Jews controlling the media, economy, government, or other societal institutions.</text>
 </subparagraph><subparagraph id="HB2245EFD3FAF49FABE0E2BDB5D7EB9C3"><enum>(C)</enum><text>Accusing Jews as a people of being responsible for real or imagined wrongdoing committed by a single Jewish person or group, the State of Israel, or even for acts committed by non-Jews.</text>
 </subparagraph><subparagraph id="H42CBACD660394B2FB0621DB74D5FD8E1"><enum>(D)</enum><text>Accusing the Jews as a people, or Israel as a state, of inventing or exaggerating the Holocaust.</text> </subparagraph><subparagraph id="H43DB04CA885C44A596BF22DD66BA8C38"><enum>(E)</enum><text>Accusing Jewish citizens of being more loyal to Israel, or to the alleged priorities of Jews worldwide, than to the interest of their own countries.</text>
 </subparagraph></paragraph><paragraph id="H3ECC6DB7320846F9A4AA96D3FF3CC0D4"><enum>(5)</enum><text>On October 16, 2004, the President signed into law the Global Anti-Semitism Review Act of 2004. This law provides the legal foundation for a reporting requirement provided by the Department of State annually on anti-Semitism around the world.</text>
 </paragraph><paragraph id="H48C8BA6070924C07B6A4E93F4A693914"><enum>(6)</enum><text>In November 2015, the House of Representatives passed H. Res. 354 by a vote of 418–0, urging the Secretary of State to continue robust United States reporting on anti-Semitism by the Department of State and the Special Envoy to Combat and Monitor Anti-Semitism.</text>
 </paragraph><paragraph id="HDF17B609ADCF4A8085A499AB1DBD6413"><enum>(7)</enum><text>In 2016, the International Holocaust Remembrance Alliance (IHRA), comprised of 31 member countries, adopted a working definition of anti-Semitism which stated: <quote>Anti-Semitism is a certain perception of Jews, which may be expressed as hatred toward Jews. Rhetorical and physical manifestations of anti-Semitism are directed toward Jewish or non-Jewish individuals and/or their property, toward Jewish community institutions and religious facilities.</quote>.</text>
 </paragraph><paragraph id="H892D449F64BA4B4E84257B2E5E404956"><enum>(8)</enum><text>The IHRA further clarified that manifestations of anti-Semitism might also target the State of Israel, conceived of as a Jewish collectivity. Anti-Semitism frequently charges Jews with conspiring to harm humanity, and it is often used to blame Jews for <quote>why things go wrong</quote>. It is expressed in speech, writing, visual forms, and action, and employs sinister stereotypes and negative character traits.</text>
 </paragraph></section><section id="H35CB85601B3F42DD95BD86AEC3DFBA7F"><enum>3.</enum><header>Sense of Congress</header><text display-inline="no-display-inline">It is the sense of Congress that—</text> <paragraph id="HB8A500F568574F2597217767761BD359"><enum>(1)</enum><text>it is in the national interest of the United States to combat anti-Semitism at home and abroad;</text>
 </paragraph><paragraph id="H4984658D6C3F4CB6874A8D42D68C7D8B"><enum>(2)</enum><text>anti-Semitism is a challenge to the basic principles of tolerance, pluralism, and democracy, and the shared values that bind Americans and Europeans together;</text>
 </paragraph><paragraph id="HC93ED0E141FD4EB782275D3071E84447"><enum>(3)</enum><text>there is an urgent need to ensure the safety and security of European Jewish communities, including synagogues, schools, cemeteries, and other institutions;</text>
 </paragraph><paragraph id="HD7C5C292E08F4A8C9627DD89DEF09C4A"><enum>(4)</enum><text>the United States should continue to emphasize the importance of combating anti-Semitism in multilateral bodies, including the United Nations, European Union institutions, and the Organization for Security and Cooperation in Europe;</text>
 </paragraph><paragraph id="H19012BBF919A46E0A2A64F0634DB4054"><enum>(5)</enum><text>the Department of State should continue to thoroughly document acts of anti-Semitism and anti-Semitic incitement that occur around the world, and should continue to encourage other countries to do the same, and share their findings; and</text>
 </paragraph><paragraph id="HDF297721FE334FA29B80B6C55F2B8B06"><enum>(6)</enum><text display-inline="yes-display-inline">the Department of State should continue to work to encourage adoption by national government institutions and multilateral institutions of a working definition of anti-Semitism similar to the one adopted in the International Holocaust Remembrance Alliance context.</text>
 </paragraph></section><section id="H239BA02947D84FCD9CFEF52AC3CE6FCE"><enum>4.</enum><header>Annual reporting on the state of anti-Semitism in Europe</header><text display-inline="no-display-inline">Paragraph (1) of section 102(b) of the International Religious Freedom Act of 1998 (<external-xref legal-doc="usc" parsable-cite="usc/22/6412">22 U.S.C. 6412</external-xref>) is amended by adding at the end the following new subparagraph:</text>
			<quoted-block display-inline="no-display-inline" id="H9125557A4ED347598A1F5DD5DFAC7854" style="OLC">
 <subparagraph id="H28B1D1C6BE0D45E88C6BC6C0DF239BE6"><enum>(G)</enum><header>Anti-Semitism in Europe</header><text display-inline="yes-display-inline">In addition to the information required under clause (iv) of subparagraph (A), with respect to each European country in which verbal or physical threats or attacks are particularly significant against Jewish persons, places of worship, schools, cemeteries, and other religious institutions, a description of—</text>
 <clause id="HC5A520F0B3134AF2B4AC97FA47D844E5"><enum>(i)</enum><text display-inline="yes-display-inline">the security challenges and needs of European Jewish communities and European law enforcement agencies in such countries to better protect such communities;</text>
 </clause><clause id="HDE524919ABE345B6879E344873675CA4"><enum>(ii)</enum><text>to the extent practicable, the efforts of the United States Government over the reporting period to partner with European law enforcement agencies and civil society groups regarding the sharing of information and best practices to combat anti-Semitic incidents in Europe;</text>
 </clause><clause id="HD0E3C87A38AE45F3B810740A29E77256"><enum>(iii)</enum><text>European educational programming and public awareness initiatives that aim to collaborate on educational curricula and campaigns that impart shared values of pluralism and tolerance, and showcase the positive contributions of Jews in culture, scholarship, science, and art, with special attention to those segments of the population that exhibit a high degree of anti-Semitic animus; and</text>
 </clause><clause id="H55CA22B54484402AAFA9B7BC5E9D20C6"><enum>(iv)</enum><text>efforts by European governments to adopt and apply a working definition of anti-Semitism.</text></clause></subparagraph><after-quoted-block>.</after-quoted-block></quoted-block> </section></legis-body></bill> 

