<?xml version="1.0"?>
<?xml-stylesheet type="text/xsl" href="billres.xsl"?>
<!DOCTYPE bill PUBLIC "-//US Congress//DTDs/bill.dtd//EN" "bill.dtd">
<bill bill-stage="Introduced-in-House" bill-type="olc" dms-id="H2587039F1CC34492BBBE95DEC3FB1AC6" key="H" public-private="public"><metadata xmlns:dc="http://purl.org/dc/elements/1.1/">
<dublinCore>
<dc:title>115 HR 341 IH: Support Our Startups Act of 2017</dc:title>
<dc:publisher>U.S. House of Representatives</dc:publisher>
<dc:date>2017-01-05</dc:date>
<dc:format>text/xml</dc:format>
<dc:language>EN</dc:language>
<dc:rights>Pursuant to Title 17 Section 105 of the United States Code, this file is not subject to copyright protection and is in the public domain.</dc:rights>
</dublinCore>
</metadata>
<form>
<distribution-code display="yes">I</distribution-code><congress display="yes">115th CONGRESS</congress><session display="yes">1st Session</session><legis-num display="yes">H. R. 341</legis-num><current-chamber>IN THE HOUSE OF REPRESENTATIVES</current-chamber><action display="yes"><action-date date="20170105">January 5, 2017</action-date><action-desc><sponsor name-id="S000248">Mr. Serrano</sponsor> introduced the following bill; which was referred to the <committee-name committee-id="HWM00">Committee on Ways and Means</committee-name></action-desc></action><legis-type>A BILL</legis-type><official-title display="yes">To amend the Internal Revenue Code of 1986 to increase the deduction for start-up expenditures for
			 business for 2017 and 2018.</official-title></form>
	<legis-body id="HD931F91245FC4B839F2A8E1046CAA929" style="OLC">
 <section id="H0CF7F1F743664FEE9B4C8DD63FDE9B5B" section-type="section-one"><enum>1.</enum><header>Short title</header><text display-inline="no-display-inline">This Act may be cited as the <quote><short-title>Support Our Startups Act of 2017</short-title></quote>.</text> </section><section id="H3567DA30A3BD40798F96BD0ED2B50907" section-type="subsequent-section"><enum>2.</enum><header>Increase in deduction for start-up expenditures for 2017 and 2018</header> <subsection id="H4F43F165E6ED4844B542447F77597C80"><enum>(a)</enum><header>In general</header><text display-inline="yes-display-inline">Paragraph (3) of <external-xref legal-doc="usc" parsable-cite="usc/26/195">section 195(b)</external-xref> of the Internal Revenue Code of 1986 is amended—</text>
 <paragraph id="H12BBCB25FA4A4F01AE7D19D0A746E91B"><enum>(1)</enum><text>by striking <quote>2010</quote> in the matter preceding subparagraph (A) and inserting <quote>2010, 2017, or 2018</quote>, and</text> </paragraph><paragraph id="HCEBB8E8DE0E74A259777291A7464A01F"><enum>(2)</enum><text>by striking <quote><header-in-text level="paragraph" style="OLC">2010</header-in-text></quote> in the heading and inserting <quote><header-in-text level="paragraph" style="OLC">2010, 2017, or 2018</header-in-text></quote>.</text>
 </paragraph></subsection><subsection id="H7B117A4A6DF34A53823B4F2D1CF416F0"><enum>(b)</enum><header>Effective date</header><text>The amendments made by subsection (a) shall apply to taxable years beginning after December 31, 2016.</text>
			</subsection></section></legis-body></bill>


