<?xml version="1.0"?>
<?xml-stylesheet type="text/xsl" href="billres.xsl"?>
<!DOCTYPE bill PUBLIC "-//US Congress//DTDs/bill.dtd//EN" "bill.dtd">
<bill bill-stage="Introduced-in-House" bill-type="olc" dms-id="H00DB4AD7B209482697DBE38351DA4473" key="H" public-private="public"><metadata xmlns:dc="http://purl.org/dc/elements/1.1/">
<dublinCore>
<dc:title>115 HR 647 IH: Transition-to-Success Mentoring Act</dc:title>
<dc:publisher>U.S. House of Representatives</dc:publisher>
<dc:date>2017-01-24</dc:date>
<dc:format>text/xml</dc:format>
<dc:language>EN</dc:language>
<dc:rights>Pursuant to Title 17 Section 105 of the United States Code, this file is not subject to copyright protection and is in the public domain.</dc:rights>
</dublinCore>
</metadata>
<form>
<distribution-code display="yes">I</distribution-code><congress display="yes">115th CONGRESS</congress><session display="yes">1st Session</session><legis-num display="yes">H. R. 647</legis-num><current-chamber>IN THE HOUSE OF REPRESENTATIVES</current-chamber><action display="yes"><action-date date="20170124">January 24, 2017</action-date><action-desc><sponsor name-id="C001072">Mr. Carson of Indiana</sponsor> (for himself, <cosponsor name-id="C001068">Mr. Cohen</cosponsor>, <cosponsor name-id="E000288">Mr. Ellison</cosponsor>, <cosponsor name-id="L000559">Mr. Langevin</cosponsor>, <cosponsor name-id="L000551">Ms. Lee</cosponsor>, <cosponsor name-id="L000565">Mr. Loebsack</cosponsor>, <cosponsor name-id="M001160">Ms. Moore</cosponsor>, <cosponsor name-id="N000147">Ms. Norton</cosponsor>, <cosponsor name-id="P000604">Mr. Payne</cosponsor>, and <cosponsor name-id="R000577">Mr. Ryan of Ohio</cosponsor>) introduced the following bill; which was referred to the <committee-name committee-id="HED00">Committee on Education and the Workforce</committee-name></action-desc></action><legis-type>A BILL</legis-type><official-title display="yes">To amend the Elementary and Secondary Education Act of 1965 to award grants to eligible entities to
			 establish, expand, or support school-based mentoring programs to assist
			 at-risk middle school students with the transition from middle school to
			 high school.</official-title></form>
	<legis-body id="H239C43AEE16A4757AA6D388C9EC47CEE" style="OLC">
 <section id="HE5E0169BC391480EBAD27031EEED7EDF" section-type="section-one"><enum>1.</enum><header>Short title</header><text display-inline="no-display-inline">This Act may be cited as the <quote><short-title>Transition-to-Success Mentoring Act</short-title></quote>.</text> </section><section id="H1CAFF573B2294B88896B6997F6C5BB7F"><enum>2.</enum><header>Transition-to-Success Mentoring Program</header> <subsection commented="no" id="H05D8EC9A0EF74FC29BF2D0F79016A7AD"><enum>(a)</enum><header>Authorization of Appropriations</header><text display-inline="yes-display-inline">Section 1002(d) of the Elementary and Secondary Education Act of 1965 (<external-xref legal-doc="usc" parsable-cite="usc/20/6553">20 U.S.C. 6553</external-xref>) is amended to read as follows: <quote>There are authorized to be appropriated to carry out the activities described in part D, $50,000,000 for fiscal year 2018 and such sums as may be necessary for each succeeding fiscal year.</quote>.</text>
 </subsection><subsection id="HAA6C4B3E1DF34896B5A70444895E0D8B"><enum>(b)</enum><header>Transition-to-Success Mentoring Program</header><text display-inline="yes-display-inline">Part D of title I of such Act (<external-xref legal-doc="usc" parsable-cite="usc/20/6421">20 U.S.C. 6421</external-xref> et seq.) is amended by adding at the end the following:</text>
				<quoted-block display-inline="no-display-inline" id="H9186EAF0AE4E49D7AE21E343284F7A7C" style="OLC">
					<subpart id="H1B6F388BF7BF4A478B57AFE0F2D48E77"><enum>4</enum><header>Transition-to-Success Mentoring Program</header>
						<section id="H2201E89231EF406DA8E7148315A8EC33"><enum>1441.</enum><header>Transition-to-Success Mentoring Program</header>
 <subsection id="H6E2BE4B453394AE2AD7F4B7C5F36D41F"><enum>(a)</enum><header>In general</header><text display-inline="yes-display-inline">From the amounts appropriated to carry out this section, the Secretary shall award grants to eligible entities to establish, expand, or support school-based mentoring programs to assist eligible students with the transition from middle school to high school.</text>
 </subsection><subsection id="HD60FDB3D56184A0D9AF3980144462F68"><enum>(b)</enum><header>Application</header><text>To receive a grant under this section, an eligible entity shall submit an application to the Secretary at such time, in such manner, and containing such information as the Secretary may require.</text>
							</subsection><subsection id="H1671D6674EFB4231BE8B1F798C659DFD"><enum>(c)</enum><header>Uses of funds</header>
 <paragraph id="H792B4BA8494845C499099D39B2F6DDF1"><enum>(1)</enum><header>Required uses of funds</header><text display-inline="yes-display-inline">An eligible entity that receives a grant under this section shall use the grant funds to establish a mentoring program, or to expand or provide technical support to an existing mentoring program, in all middle schools served by the entity, under which each eligible student is assigned to a success coach who—</text>
 <subparagraph display-inline="no-display-inline" id="H9D57436A86AC48FBA9855CD133767576"><enum>(A)</enum><text display-inline="yes-display-inline">creates a plan for success for the student that—</text> <clause id="HB30F460835E2476D9E2730BF2E57E2E3"><enum>(i)</enum><text>is created with the student, teachers, mentor, and parents of the student;</text>
 </clause><clause id="H307C4D3D366C41B4875F3787159004CD"><enum>(ii)</enum><text>includes, for each academic year, the student’s academic, personal, and career exploration goals, and a strategy on how to accomplish such goals; and</text>
 </clause><clause id="H59B114A8978B425688EF7B866891665E"><enum>(iii)</enum><text>identifies the student’s strengths, weaknesses, and academic progress;</text> </clause></subparagraph><subparagraph id="H541E9CC60B91421A8EE0F97553CC7B04"><enum>(B)</enum><text>enters into a signed, written agreement with the parents of the student that describes how the parents should assist the student in carrying out the plan for success;</text>
 </subparagraph><subparagraph id="H7C2F6F8495294E918823D4149F793631"><enum>(C)</enum><text>meets with the student at least once per month to—</text> <clause id="HE061A7CBDDB54A29A77D46D7B1B7C275"><enum>(i)</enum><text>assist the student in achieving the goals under the plan for success;</text>
 </clause><clause id="HDBABC0DD82E44CD685A6E91DF37C9783"><enum>(ii)</enum><text>identify the student’s academic areas of weaknesses;</text> </clause><clause id="HB663498EA74A4E4191816333FF09D5EA"><enum>(iii)</enum><text>provide the student with the tools necessary to improve the student’s potential for academic excellence, and ensure the student’s successful transition from middle school to high school by identifying improved attitude, behavior, coursework, and social involvement; and</text>
 </clause><clause id="H483AAA6F79D146D7927465DAE4A0763E"><enum>(iv)</enum><text>in the case of a student with behavioral issues, assist the student in behavior management techniques;</text>
 </clause></subparagraph><subparagraph display-inline="no-display-inline" id="H865B1D4760694D2A96AF9997E202A84C"><enum>(D)</enum><text>at least monthly, meets with the student and the parents, teachers, or counselors of the student to—</text>
 <clause id="HD564804DC12C404DB4D9B58B41A4156D"><enum>(i)</enum><text>evaluate the student’s progress in achieving the goals under the plan for the current academic year; and</text>
 </clause><clause id="HC0C9387E332F49AC91A8BFC5052AA1FE"><enum>(ii)</enum><text>revise or establish new goals for the next academic year; and</text> </clause></subparagraph><subparagraph display-inline="no-display-inline" id="H76B28E6B6C6C4028ABB8EFE219E0DABC"><enum>(E)</enum><text>serves as the student’s advocate between the teachers and parents of the student to ensure that the teachers and parents understand the student’s plan.</text>
 </subparagraph></paragraph><paragraph id="H47DA8B24F78841C4AC0C1848A1EFED3B"><enum>(2)</enum><header>Authorized uses of funds</header><text>An eligible entity that receives a grant under this section may use such funds to—</text> <subparagraph id="HC11E09B83CAC467AB07772BA646C9D09"><enum>(A)</enum><text display-inline="yes-display-inline">develop and carry out a training program for success coaches, including providing support to match success coaches with eligible students;</text>
 </subparagraph><subparagraph id="H1D3D0AFE08AF42AEAD96592063C732EC"><enum>(B)</enum><text>cover the cost of any materials used by success coaches under the mentoring program; and</text> </subparagraph><subparagraph id="H5C3128BF54964CD290571633AFAF8DF0"><enum>(C)</enum><text>hire staff to perform or support the program objectives.</text>
 </subparagraph></paragraph></subsection><subsection id="HD88F3DC8494D4D69B70F84D171B5863F"><enum>(d)</enum><header>Grant Duration</header><text>A grant under this section shall be awarded for a period of not more than 5 years.</text> </subsection><subsection id="HB8EE134B2D214CEFB747B69E44328B1D"><enum>(e)</enum><header>Reporting requirements</header> <paragraph id="H3B00FD3A5FBD49278D4B3BE6D552AC12"><enum>(1)</enum><header>Eligible entities</header><text>An eligible entity receiving a grant under this section shall submit to the Secretary, at the end of each academic year during the grant period, a report that includes—</text>
 <subparagraph id="H8AB3C5BC88A740FD88DBC4A390A99984"><enum>(A)</enum><text>the number of students who participated in the school-based mentoring program that was funded in whole or in part with the grant funds under this section;</text>
 </subparagraph><subparagraph id="H7B5877D70BCA446184CF8CBF0A828B3F"><enum>(B)</enum><text>data on the academic achievement of such students;</text> </subparagraph><subparagraph id="H92FD6375717C43D9A7E2F81EDFEDB46B"><enum>(C)</enum><text>the number of contact hours between such students and their success coaches; and</text>
 </subparagraph><subparagraph id="H6DC55BBD26DE4F2E9895F2A45EDBAE22"><enum>(D)</enum><text>any other information that the Secretary may require to evaluate the success of the school-based mentoring program.</text>
									</subparagraph></paragraph><paragraph commented="no" id="H8CA1B42EAF284F25A3DAB00EFFB8F287"><enum>(2)</enum><header>Secretary</header>
 <subparagraph commented="no" id="H53EC1B61090F43D7993865A8812E6834"><enum>(A)</enum><header>Interim report</header><text display-inline="yes-display-inline">At the end of the third fiscal year for which funds are made available to carry out this section, the Secretary shall submit to Congress an interim report on the success of the school-based mentoring programs funded under this section that includes the information received under paragraph (1).</text>
 </subparagraph><subparagraph commented="no" id="HD619C736AD744A0B8E4BBDD6BC865779"><enum>(B)</enum><header>Final report</header><text display-inline="yes-display-inline">At the end of the fifth fiscal year for which funds are made available to carry out this section, the Secretary shall submit to Congress a final report on the success of the school-based mentoring programs funded under this section that includes the information received under paragraph (1).</text>
 </subparagraph></paragraph></subsection><subsection id="H170A91E23B86445AA284AA2DB5E88C0A"><enum>(f)</enum><header>Definitions</header><text>In this section:</text> <paragraph commented="no" id="H5ADA308333A44AED9CF469922F6CDD82"><enum>(1)</enum><header>At-risk student</header><text>The term <term>at-risk student</term> means a student who has been identified as a student who has below a 2.0 grade point average or the equivalent or who has been determined by parents, teachers, or other school officials to—</text>
 <subparagraph commented="no" id="H087776888AFD44918DAE313270668893"><enum>(A)</enum><text>be at-risk of academic failure;</text> </subparagraph><subparagraph commented="no" id="HB58BFBCB468E49FE9748272B93F2C525"><enum>(B)</enum><text>have expressed interest in dropping out of school;</text>
 </subparagraph><subparagraph commented="no" id="H294BFACD24EF438EA677A999A247EBAD"><enum>(C)</enum><text>show signs of a drug or alcohol problem;</text> </subparagraph><subparagraph commented="no" id="H99838105D2564E5AA18D3B3CBA2592DA"><enum>(D)</enum><text>be pregnant or a parent;</text>
 </subparagraph><subparagraph commented="no" id="HC29A680D79DC4D2A9891D9FA4B1751C0"><enum>(E)</enum><text>have come into contact with the juvenile justice system in the past;</text> </subparagraph><subparagraph commented="no" id="H8EED0AB1C485469C80CAE01A33911CE6"><enum>(F)</enum><text>have limited English proficiency;</text>
 </subparagraph><subparagraph commented="no" id="HB84B349C8FFF4A16BE29EF8CD2B764CA"><enum>(G)</enum><text>be a gang member; or</text> </subparagraph><subparagraph commented="no" id="HB4790C21BAC94319B6E84E0F99AE6AB9"><enum>(H)</enum><text>have a high absenteeism rate at school.</text>
 </subparagraph></paragraph><paragraph id="HA6AC466BD8AF475088C0CBE6966F8327"><enum>(2)</enum><header>Eligible entity</header><text>The term <term>eligible entity</term> means—</text> <subparagraph id="H1F594ECEEDEC4211B2AC10CFFC63EA6C"><enum>(A)</enum><text display-inline="yes-display-inline">a local educational agency that—</text>
 <clause id="HCD35106E067D4319A349424055D54BAE"><enum>(i)</enum><text>receives, or is eligible to receive, funds under part A of this title; or</text> </clause><clause id="H470E1F9722294D05A249095384C58405"><enum>(ii)</enum><text>is a high-need local educational agency; or</text>
 </clause></subparagraph><subparagraph id="H4AD656E325B04F3DA30B1EFD009B6DD1"><enum>(B)</enum><text>a partnership between a local educational agency described in subparagraph (A) and a nonprofit, community-based organization.</text>
 </subparagraph></paragraph><paragraph id="H458DB6E38EC14B068835860E6AA852F3"><enum>(3)</enum><header>Eligible student</header><text>The term <term>eligible student</term> means a student who—</text> <subparagraph id="H02EB0456885C468C9300DB4337FE39D8"><enum>(A)</enum><text>is enrolled in a middle school served by an eligible entity; and</text>
 </subparagraph><subparagraph id="H68B740E4633A4DEC8090F6305F086619"><enum>(B)</enum><text>is an at-risk student.</text> </subparagraph></paragraph><paragraph id="H20FCE56556964D83B834144491B388F5"><enum>(4)</enum><header>High-need local educational agency</header><text>The term <term>high-need local educational agency</term> means a local educational agency that serves at least one high-need school.</text>
 </paragraph><paragraph id="H51DB9D97FCC14C52BC63CC5378904D3F"><enum>(5)</enum><header>High-need school</header><text>The term <term>high-need school</term> has the meaning given the term in section 2211(b)(2).</text> </paragraph><paragraph commented="no" id="H134BFA9F2BC14C3FBDAA6847823A49A5"><enum>(6)</enum><header>Middle school</header><text display-inline="yes-display-inline">The term <term>middle school</term> means a nonprofit institutional day or residential school, including a public charter school, that provides middle school education, as determined under State law, except that the term does not include any education below grade 6 or beyond grade 9.</text>
 </paragraph><paragraph commented="no" id="HCD9AA3B65CC547A485B13F64ABE1E855"><enum>(7)</enum><header>School-based mentoring</header><text display-inline="yes-display-inline">The term <term>school-based mentoring</term> refers to mentoring activities that—</text> <subparagraph commented="no" id="H6C1D77F8A54442848B4FCA599EBFCF3C"><enum>(A)</enum><text>are closely coordinated with a school by involving teachers, counselors, and other school staff who may identify and refer students for mentoring services; and</text>
 </subparagraph><subparagraph commented="no" id="HF557517BB73B46DAA4893F42C6AFD760"><enum>(B)</enum><text>assist at-risk students in improving academic achievement, reducing disciplinary referrals, and increasing positive regard for school.</text>
 </subparagraph></paragraph><paragraph id="HE99094B46C4D474B9894B13F62B3A439"><enum>(8)</enum><header>Success coach</header><text>The term <term>success coach</term> means an individual who—</text> <subparagraph id="H26E60EE4417B4027A947367824AFF796"><enum>(A)</enum><text>is—</text>
 <clause id="H03058AE2FC0F4321B8DA4B54C8BA516C"><enum>(i)</enum><text>an employee or volunteer of a local educational agency in which a mentoring program receiving support under this section is being carried out; or</text>
 </clause><clause id="HDC739AA599074B358A0D95F957072B99"><enum>(ii)</enum><text>a volunteer or employee from a nonprofit, community-based organization that provides volunteers for mentoring programs in secondary schools; and</text>
 </clause></subparagraph><subparagraph commented="no" id="H673B2273B19A48FAA011FC79D02DE8B0"><enum>(B)</enum><text display-inline="yes-display-inline">prior to becoming a success coach—</text> <clause commented="no" id="H23F5241FBEA146C39A45B3646EF0EA6E"><enum>(i)</enum><text>received training and support in mentoring from an eligible entity, which, at a minimum, was 2 hours in length and covered the roles and responsibilities of a success coach; and</text>
 </clause><clause commented="no" id="H98B52E0C8AD445348E203A0447ACF175"><enum>(ii)</enum><text>underwent a screening by an eligible entity that included—</text> <subclause commented="no" id="H83D80B91F4C641018481FAF8DCF658FB"><enum>(I)</enum><text display-inline="yes-display-inline">appropriate job reference checks;</text>
 </subclause><subclause commented="no" id="HE9DFDDE34BD5461CAC265E8D866CB45C"><enum>(II)</enum><text>child and domestic abuse record checks; and</text> </subclause><subclause commented="no" id="H6415033AD98C4B0696B28750771E96D5"><enum>(III)</enum><text>criminal background checks.</text></subclause></clause></subparagraph></paragraph></subsection></section></subpart><after-quoted-block>.</after-quoted-block></quoted-block>
 </subsection></section><section id="H3445320E6F4C4C339779FF9615C48655"><enum>3.</enum><header>Table of contents</header><text display-inline="no-display-inline">The table of contents in section 2 of the Elementary and Secondary Education Act of 1965 (<external-xref legal-doc="usc" parsable-cite="usc/20/6301">20 U.S.C. 6301</external-xref> et seq.) is amended by inserting after the item relating to section 1432 the following:</text>
			<quoted-block display-inline="no-display-inline" id="H2DEC22CBD1C84663B20306486C8F3072" style="OLC">
				<toc regeneration="no-regeneration">
					<toc-entry level="subpart">Subpart 4—Transition-to-Success Mentoring Program</toc-entry>
					<toc-entry level="section">Sec. 1441. Transition to success mentoring program.</toc-entry></toc><after-quoted-block>.</after-quoted-block></quoted-block>
		</section></legis-body></bill>


