<?xml version="1.0"?>
<?xml-stylesheet type="text/xsl" href="billres.xsl"?>
<!DOCTYPE bill PUBLIC "-//US Congress//DTDs/bill.dtd//EN" "bill.dtd">
<bill bill-stage="Introduced-in-House" bill-type="olc" dms-id="H756BD7D877BE48CBA0070977139D27DE" key="H" public-private="public"><metadata xmlns:dc="http://purl.org/dc/elements/1.1/">
<dublinCore>
<dc:title>115 HR 622 IH: Local Enforcement for Local Lands Act</dc:title>
<dc:publisher>U.S. House of Representatives</dc:publisher>
<dc:date>2017-01-24</dc:date>
<dc:format>text/xml</dc:format>
<dc:language>EN</dc:language>
<dc:rights>Pursuant to Title 17 Section 105 of the United States Code, this file is not subject to copyright protection and is in the public domain.</dc:rights>
</dublinCore>
</metadata>
<form>
<distribution-code display="yes">I</distribution-code><congress display="yes">115th CONGRESS</congress><session display="yes">1st Session</session><legis-num display="yes">H. R. 622</legis-num><current-chamber>IN THE HOUSE OF REPRESENTATIVES</current-chamber><action display="yes"><action-date date="20170124">January 24, 2017</action-date><action-desc><sponsor name-id="C001076">Mr. Chaffetz</sponsor> (for himself, <cosponsor name-id="S001192">Mr. Stewart</cosponsor>, <cosponsor name-id="L000584">Mrs. Love</cosponsor>, <cosponsor name-id="L000578">Mr. LaMalfa</cosponsor>, <cosponsor name-id="A000369">Mr. Amodei</cosponsor>, <cosponsor name-id="M001177">Mr. McClintock</cosponsor>, and <cosponsor name-id="G000565">Mr. Gosar</cosponsor>) introduced the following bill; which was referred to the <committee-name committee-id="HII00">Committee on Natural Resources</committee-name>, and in addition to the Committee on <committee-name committee-id="HAG00">Agriculture</committee-name>, for a period to be subsequently determined by the Speaker, in each case for consideration of such
			 provisions as fall within the jurisdiction of the committee concerned</action-desc></action><legis-type>A BILL</legis-type><official-title display="yes">To terminate the law enforcement functions of the Forest Service and the Bureau of Land Management
			 and to provide block grants to States for the enforcement of Federal law
			 on Federal land under the jurisdiction of these agencies, and for other
			 purposes.</official-title></form>
	<legis-body id="HB56BCEB6A28A49C39A1BFDC63D7FF034" style="OLC">
 <section id="HEFD4D1720CEA4F4C87A81537E35EFA45" section-type="section-one"><enum>1.</enum><header>Short title</header><text display-inline="no-display-inline">This Act may be cited as the <quote><short-title>Local Enforcement for Local Lands Act</short-title></quote>.</text> </section><section id="H9A1CED0A4C754DD99380F87B8922BD5E"><enum>2.</enum><header>Definitions</header><text display-inline="no-display-inline">In this Act:</text>
 <paragraph id="H0FF9B1B380204FE792F3E512F54ED443"><enum>(1)</enum><header>Covered law enforcement agency</header><text>The term <quote>covered law enforcement agency</quote> means—</text> <subparagraph id="HB7E1943F93814FDB83E1F2A2771AF773"><enum>(A)</enum><text display-inline="yes-display-inline">the Forest Service Law Enforcement and Investigations unit; and</text>
 </subparagraph><subparagraph id="H9A3B22C292C04C9CA6D583AF9302E6A4"><enum>(B)</enum><text display-inline="yes-display-inline">the Bureau of Land Management Office of Law Enforcement.</text> </subparagraph></paragraph><paragraph id="HF2DF0BF7D4014E4D8BC0B02036D9250C"><enum>(2)</enum><header>Federal land</header><text>The term <quote>Federal land</quote> means—</text>
 <subparagraph id="H6D617193CA89411BB2AD5628B224579B"><enum>(A)</enum><text display-inline="yes-display-inline">any land and interest in land owned by the United States within a State and included within the National Forest System, including the National Grasslands; and</text>
 </subparagraph><subparagraph id="H8C1EE44DC088475B894F358818458918"><enum>(B)</enum><text display-inline="yes-display-inline">the public lands (as defined in section 103(e) of the Federal Land Policy and Management Act of 1976 (<external-xref legal-doc="usc" parsable-cite="usc/43/1702">43 U.S.C. 1702(e)</external-xref>).</text>
 </subparagraph></paragraph><paragraph id="HC113B081CEB24A809E6DB9E04543C563"><enum>(3)</enum><header>Secretary concerned</header><text>The term <quote>Secretary concerned</quote> means—</text> <subparagraph id="HB8724B9A23FE4D8DBC71F375BBDFBC6E"><enum>(A)</enum><text>the Secretary of Agriculture, with respect to Federal land described in subparagraph (A) of paragraph (2); and</text>
 </subparagraph><subparagraph id="H96DE1FD0D5294188AF8B22D53D5B0C05"><enum>(B)</enum><text display-inline="yes-display-inline">the Secretary of the Interior, with respect to Federal land described in subparagraph (B) of paragraph (2).</text>
 </subparagraph></paragraph><paragraph id="H635CE24261F640AA862153549FF2542B"><enum>(4)</enum><header>State</header><text display-inline="yes-display-inline">The term <quote>State</quote> means each of the several States and the Commonwealth of Puerto Rico.</text> </paragraph><paragraph id="HCB9903C3D0114308AEE0B52E7BB6DBC3"><enum>(5)</enum><header>Unit of local government</header><text>The term <quote>unit of local government</quote> means—</text>
 <subparagraph id="HF285520A63554FA291EB15CBF60822A8"><enum>(A)</enum><text>any city, county, township, town, borough, parish, village, or other general purpose political subdivision of a State; or</text>
 </subparagraph><subparagraph id="H50CD31C6F130484A997A984DFD009B1D"><enum>(B)</enum><text>an Indian tribe which performs law enforcement or emergency response functions as determined by the Secretary of the Interior.</text>
				</subparagraph></paragraph></section><section id="H8B96EE80B07A45B099B9242945517254"><enum>3.</enum><header>Termination of Forest Service and Bureau of Land Management Agency law enforcement agencies and law
			 enforcement functions</header>
 <subsection id="H72B56660A7B241F883C434FFD18676C6"><enum>(a)</enum><header>Forest Service</header><text display-inline="yes-display-inline">Not later than September 30, 2017, the Secretary of Agriculture shall terminate the Forest Service Law Enforcement and Investigations unit and cease using employees of the Forest Service to perform law enforcement functions on Federal land.</text>
 </subsection><subsection id="HA860F461F7F44FFBBE8E8F837C27A4C7"><enum>(b)</enum><header>Department of the Interior</header><text display-inline="yes-display-inline">Not later than September 30, 2017, the Secretary of the Interior shall terminate the Bureau of Land Management Office of Law Enforcement and cease using employees of the Department of the Interior to perform law enforcement functions on Federal land.</text>
 </subsection><subsection id="H42F7F076D5C84447A3B566C8E769CB13"><enum>(c)</enum><header>Termination of authorization of appropriations</header><text display-inline="yes-display-inline">Beginning with fiscal year 2018 and each fiscal year thereafter, no amounts are authorized to be appropriated to the Secretary concerned for a covered law enforcement agency or for Federal law enforcement functions on Federal land.</text>
 </subsection><subsection id="HD91C0C6E8BB84F50917BCF72CFCA9F5F"><enum>(d)</enum><header>No effect on authority To carry firearms</header><text display-inline="yes-display-inline">Nothing in this Act shall be construed to limit the authority of the Secretary concerned to authorize an employee of the Forest Service or the Bureau of Land Management to carry a firearm for protection while in the field.</text>
			</subsection></section><section id="H4A5C98576D92493FB2DC566E02C00F5B"><enum>4.</enum><header>Block grants to States for enforcement of Federal law on Federal land</header>
 <subsection id="H1F852B8896AD444EA04CCF96DAABBA1B"><enum>(a)</enum><header>Grants required; purpose</header><text display-inline="yes-display-inline">For fiscal year 2018 and each fiscal year thereafter, the Secretary of the Interior shall make a grant to each State for the purpose of permitting the State, directly or through subgrants with units of local government in that State, to maintain law and order on Federal land, protect individuals and property on Federal land, and enforce Federal law. Grant funds shall be used only to carry out law enforcement functions on Federal land.</text>
			</subsection><subsection id="H73C9081F4DFA49D2BC424C7F4B346CDB"><enum>(b)</enum><header>Determination of grant amount</header>
 <paragraph id="HA70AB01895004FB091756A6DD56425F7"><enum>(1)</enum><header>Grant formula</header><text display-inline="yes-display-inline">A State shall receive a grant under subsection (a) for a fiscal year in an amount equal to the product of—</text>
 <subparagraph id="H044551FACF6A446CBDC83E2D7BC9C581"><enum>(A)</enum><text>the percentage determined under paragraph (2) for that State; and</text> </subparagraph><subparagraph id="H5970D2082E5B4099866887135EA79C77"><enum>(B)</enum><text>the total amount appropriated to the Secretary of the Interior for that fiscal year pursuant to the authorization of appropriations in subsection (d).</text>
 </subparagraph></paragraph><paragraph id="H401DA06987FA4AB7B79E8CE6386DE48E"><enum>(2)</enum><header>State Percentage</header><text display-inline="yes-display-inline">The percentage for a State for purposes of paragraph (1) for a fiscal year shall be equal to the sum of the following:</text>
 <subparagraph id="HAF04EF80AC1D4F35803CFD933D1A2CD7"><enum>(A)</enum><text display-inline="yes-display-inline">Thirty percent of the percentage determined by comparing the total acreage of Federal land in that State at the end of the preceding fiscal year and the total acreage of Federal land in all States at the end of the preceding fiscal year.</text>
 </subparagraph><subparagraph id="HCBF585AAABA14091B715B4F90EDBC2E3"><enum>(B)</enum><text display-inline="yes-display-inline">Seventy percent of the percentage determined by comparing the total number of employees of the covered law enforcement agencies assigned to that State as of September 30, 2016, and the total number of all employees of the covered law enforcement agencies as of that date.</text>
 </subparagraph></paragraph></subsection><subsection id="H3C7A47F0ACBA44C3AEE3E0B316A61D13"><enum>(c)</enum><header>Report on expenditures</header><text display-inline="yes-display-inline">A State or unit of local government receiving a grant or subgrant under this section shall submit to the Secretary of the Interior an annual report—</text>
 <paragraph id="H39090E2056374016B543D67A616B1913"><enum>(1)</enum><text>certifying that the grant funds were used only for the Federal land law enforcement functions specified in subsection (a);</text>
 </paragraph><paragraph id="H1BEF1395EE444EBCB089D139BDD62292"><enum>(2)</enum><text display-inline="yes-display-inline">accounting for all expenditures incurred by the State or unit of local government in connection with performing such law enforcement functions on Federal land; and</text>
 </paragraph><paragraph id="H37188700912D4D0FAFF1280DC08FDDDC"><enum>(3)</enum><text>indicating whether grant funds were sufficient or insufficient to cover such expenditures.</text> </paragraph></subsection><subsection id="H101F68B7C57D4F3196DCBA0B141D754B"><enum>(d)</enum><header>Authorization of appropriations</header><text display-inline="yes-display-inline">On account of the reduced costs to be incurred by the Secretary concerned as a result of the termination of the covered law enforcement agencies, for fiscal year 2018 and each fiscal year thereafter, there is authorized to be appropriated to the Secretary of the Interior to make grants under this section—</text>
 <paragraph id="H0D28630C9CF64D2DAC34486BE9CF9E4B"><enum>(1)</enum><text display-inline="yes-display-inline">an amount equal to seven percent of the Forest Service budget for fiscal year 2016;</text> </paragraph><paragraph id="HF9C7DA9F119449A684CE94E2550FBE99"><enum>(2)</enum><text display-inline="yes-display-inline">an amount equal to five percent of the Bureau of Land Management budget for fiscal year 2016; and</text>
 </paragraph><paragraph id="HAADB5A649DF94D2A9742353B0AEAFFAE"><enum>(3)</enum><text display-inline="yes-display-inline">such additional amounts as the Secretary concerned considers to be necessary for law enforcement functions on Federal land for a fiscal year, to be included in the materials submitted to Congress by the Secretary concerned in support of the budget of the President for that fiscal year under section 1105(a) of title 31, United States Code.</text>
				</paragraph></subsection></section><section id="H74EB5A3C455143D2AC9E9531C23BFCB0"><enum>5.</enum><header>State and local agreements for law enforcement functions on Federal land</header>
 <subsection id="HC89BE8F49F0C4D62A79CDBA50BF073EE"><enum>(a)</enum><header>Agreement required</header><text display-inline="yes-display-inline">As a condition of a grant or subgrant under section 4, the State or unit of local government receiving the grant or subgrant and the Secretary concerned shall enter into an agreement, consistent with this section, to address the maintenance of law and order and the protection of individuals and property on Federal land.</text>
 </subsection><subsection id="HCFCE278C6F544D08A7ACB0FC06A35DB8"><enum>(b)</enum><header>Powers and duties of law enforcement personnel</header><text display-inline="yes-display-inline">The agreement under subsection (a) between a State or unit of local government receiving a grant or subgrant and the Secretary concerned shall authorize designated law enforcement officers of the State or unit of local government—</text>
 <paragraph id="H14810616F1534AB7844B7C59AFBE4D97"><enum>(1)</enum><text>to carry firearms on Federal land;</text> </paragraph><paragraph id="H5843EE50D86644F6A4FACD5C7BAC6CED"><enum>(2)</enum><text display-inline="yes-display-inline">make arrests without warrant for any offense against the United States committed in the presence of the law enforcement officer, or for any felony cognizable under the laws of the United States if the law enforcement officer has reasonable grounds to believe that the individual to be arrested has committed or is committing the felony, provided the arrests occur on Federal land or within the State or local jurisdiction of the law enforcement officer or the individual to be arrested is fleeing from the Federal land;</text>
 </paragraph><paragraph id="HAF440012DECB4D2BB957843CDA100927"><enum>(3)</enum><text>execute any warrant or other process issued by a court or officer of competent jurisdiction for the enforcement of the provisions of any Federal law or regulation issued pursuant to law arising out of an offense committed on Federal land or, where the individual subject to the warrant or process is on Federal land, in connection with any Federal offense; and</text>
 </paragraph><paragraph id="H05B168DFDACD43CAA00631522299D9B0"><enum>(4)</enum><text>conduct investigations of offenses against the United States committed on Federal land in the absence of investigation of the offenses by any other Federal law enforcement agency having investigative jurisdiction over the offense committed or with the concurrence of the other agency.</text>
 </paragraph></subsection><subsection id="H099CAF2FBCEF49D58E537E1EAF9C7F00"><enum>(c)</enum><header>Indemnify and save harmless</header><text display-inline="yes-display-inline">The Secretary concerned shall waive, in any agreement under subsection (a) with a State or unit of local government, all civil claims against the State or unit of local government and, subject to available appropriations, indemnify and save harmless the State or unit of local government from all claims by third parties for property damage or personal injury, that may arise out of law enforcement functions performed under the agreement.</text>
			</subsection><subsection id="HBACBDB2D2CD04D0B9CC99EB551A5131C"><enum>(d)</enum><header>Law enforcement personnel not deemed federal employees</header>
 <paragraph id="H7E71CD57EEB5458A8E9EB32FF359D034"><enum>(1)</enum><header>In general</header><text display-inline="yes-display-inline">Except as otherwise provided in this subsection, a law enforcement officer of a State or unit of local government performing law enforcement functions pursuant to an agreement under subsection (a) shall not be deemed a Federal employee and shall not be subject to the provisions of law relating to Federal employment, including those relating to hours of work, rates of compensation, leave, unemployment compensation, and Federal benefits.</text>
 </paragraph><paragraph id="H571339733836438C88975B9982A90944"><enum>(2)</enum><header>Exceptions</header><text display-inline="yes-display-inline">A law enforcement officer of a State or unit of local government performing law enforcement functions pursuant to an agreement under subsection (a) is deemed to be—</text>
 <subparagraph id="HBD753493A5CE47CB8A8856385069615D"><enum>(A)</enum><text>a Federal employee for purposes of sections 1346(b) and 2401(b) and <external-xref legal-doc="usc-chapter" parsable-cite="usc-chapter/28/171">chapter 171</external-xref> of title 28, United States Code; and</text>
 </subparagraph><subparagraph id="H07BF9689129E44EF9C4C569B780B42D3"><enum>(B)</enum><text>a civil service employee of the United States within the meaning of the term <quote>employee</quote> as defined in section 8101 of title 5, United States Code, for purposes of subchapter I of chapter 81 of such title, relating to compensation to Federal employees for work injuries, and the provisions of subchapter I of chapter 81 of such title shall apply.</text>
 </subparagraph></paragraph></subsection><subsection id="H2C9F24C6215D4F19A6A42A8F858710A7"><enum>(e)</enum><header>Federal Investigative Jurisdiction and State Civil and Criminal Jurisdiction Not Preempted</header><text>This section shall not be construed or applied—</text> <paragraph id="H76EEDC5A03B0497E9D424DE4B69D6846"><enum>(1)</enum><text>to limit or restrict the investigative jurisdiction of any Federal law enforcement agency other than a covered law enforcement agency; and</text>
 </paragraph><paragraph id="H4D6D0F9AE5704B6D859E456E2F1195E9"><enum>(2)</enum><text>to affect any right of a State or unit of local government to exercise civil and criminal jurisdiction on Federal land.</text>
				</paragraph></subsection><subsection id="HD490CE68865845689025E282E7CA7E4E"><enum>(f)</enum><header>Conforming amendments</header>
 <paragraph id="H15A8824F323646C0B5222DB8987EF218"><enum>(1)</enum><header>Forest Service</header><text display-inline="yes-display-inline">Section 15003 of the National Forest System Drug Control Act of 1986 (<external-xref legal-doc="usc" parsable-cite="usc/16/559c">16 U.S.C. 559c</external-xref>) is repealed.</text> </paragraph><paragraph id="H17A9E01DA0FF4983A957391F5E8C66F3"><enum>(2)</enum><header>Bureau of land management</header><text display-inline="yes-display-inline">Section 303(c)(2) of the Federal Land Policy and Management Act of 1976 (<external-xref legal-doc="usc" parsable-cite="usc/43/1733">43 U.S.C. 1733(c)(2)</external-xref>) is amended by striking <quote>may authorize Federal personnel or</quote> and inserting <quote>shall authorize</quote>.</text>
				</paragraph></subsection></section></legis-body></bill>


