<?xml version="1.0"?>
<?xml-stylesheet type="text/xsl" href="billres.xsl"?>
<!DOCTYPE bill PUBLIC "-//US Congress//DTDs/bill.dtd//EN" "bill.dtd">
<bill bill-stage="Introduced-in-House" bill-type="olc" dms-id="H09CF57574FED4D1E83E55AF96DC45B55" key="H" public-private="public"><metadata xmlns:dc="http://purl.org/dc/elements/1.1/">
<dublinCore>
<dc:title>115 HR 365 IH: Primary Care Enhancement Act of 2017</dc:title>
<dc:publisher>U.S. House of Representatives</dc:publisher>
<dc:date>2017-01-06</dc:date>
<dc:format>text/xml</dc:format>
<dc:language>EN</dc:language>
<dc:rights>Pursuant to Title 17 Section 105 of the United States Code, this file is not subject to copyright protection and is in the public domain.</dc:rights>
</dublinCore>
</metadata>
<form>
<distribution-code display="yes">I</distribution-code><congress display="yes">115th CONGRESS</congress><session display="yes">1st Session</session><legis-num display="yes">H. R. 365</legis-num><current-chamber>IN THE HOUSE OF REPRESENTATIVES</current-chamber><action display="yes"><action-date date="20170106">January 6, 2017</action-date><action-desc><sponsor name-id="P000594">Mr. Paulsen</sponsor> (for himself, <cosponsor name-id="B000574">Mr. Blumenauer</cosponsor>, and <cosponsor name-id="D000604">Mr. Dent</cosponsor>) introduced the following bill; which was referred to the <committee-name committee-id="HWM00">Committee on Ways and Means</committee-name></action-desc></action><legis-type>A BILL</legis-type><official-title display="yes">To amend the Internal Revenue Code of 1986 to provide for the treatment of certain direct primary
			 care service arrangements and periodic provider fees.</official-title></form>
	<legis-body id="H66BDBFC97CB5417296624D88BEC0BE1F" style="OLC">
 <section id="H90CB53E5DD2C4D3DB802E085CDCF6C2C" section-type="section-one"><enum>1.</enum><header>Short title</header><text display-inline="no-display-inline">This Act may be cited as the <quote><short-title>Primary Care Enhancement Act of 2017</short-title></quote>.</text> </section><section commented="no" display-inline="no-display-inline" id="H126185A9113B429D9168166C9623472E"><enum>2.</enum><header>Treatment of direct primary care service arrangements</header> <subsection commented="no" display-inline="no-display-inline" id="H54B540D1AC19438DBEEBF7CA1BF1BA50"><enum>(a)</enum><header>In general</header><text><external-xref legal-doc="usc" parsable-cite="usc/26/223">Section 223(c)</external-xref> of the Internal Revenue Code of 1986 is amended by adding at the end the following new paragraph:</text>
				<quoted-block display-inline="no-display-inline" id="HED21D765229945D6BCD05118EF41ACBA" style="OLC">
 <paragraph commented="no" display-inline="no-display-inline" id="H83A36B5C175B416892D99BCCB7190CE6"><enum>(6)</enum><header>Treatment of direct primary care service arrangements</header><text display-inline="yes-display-inline">An arrangement under which an individual is provided coverage restricted to primary care services in exchange for a fixed periodic fee or payment for such services—</text>
 <subparagraph commented="no" display-inline="no-display-inline" id="HEC31B9756C234529AD3ADE9F6AB49285"><enum>(A)</enum><text>shall not be treated as a health plan for purposes of paragraph (1)(A)(ii), and</text> </subparagraph><subparagraph commented="no" display-inline="no-display-inline" id="H61F230F942E9401E8E5ADBBF425B4FF4"><enum>(B)</enum><text>shall not be treated as insurance for purposes of subsection (d)(2)(B).</text></subparagraph></paragraph><after-quoted-block>.</after-quoted-block></quoted-block>
 </subsection><subsection commented="no" display-inline="no-display-inline" id="H3CF582EDCE9842BA9A5C079265A1178F"><enum>(b)</enum><header>Effective date</header><text>The amendment made by this section shall apply to taxable years beginning after the date of the enactment of this Act.</text>
			</subsection></section><section commented="no" id="HBD158E65758642A88CFD0C3888B703C7"><enum>3.</enum><header>Certain provider fees to be treated as medical care</header>
 <subsection commented="no" id="H9C3D16E7D04E48E6AE9A9795E2E37EAE"><enum>(a)</enum><header>In general</header><text><external-xref legal-doc="usc" parsable-cite="usc/26/213">Section 213(d)</external-xref> of the Internal Revenue Code of 1986 is amended by adding at the end the following new paragraph:</text>
				<quoted-block display-inline="no-display-inline" id="H5A6C1BC9FBA345D682CA5BFF059CFF46" style="OLC">
 <paragraph commented="no" id="H8968BD488F544F2F96762376D4689D01"><enum>(12)</enum><header>Periodic provider fees</header><text display-inline="yes-display-inline">The term <term>medical care</term> shall include periodic fees paid to a primary care physician for a defined set of primary care medical services provided on an as-needed basis.</text>
					</paragraph><after-quoted-block>.</after-quoted-block></quoted-block>
 </subsection><subsection commented="no" display-inline="no-display-inline" id="H173AC07FA9B9454AAB4ADBAE04896A10"><enum>(b)</enum><header>Effective date</header><text display-inline="yes-display-inline">The amendment made by this section shall apply to taxable years beginning after the date of the enactment of this Act.</text>
			</subsection></section></legis-body></bill>


