<?xml version="1.0"?>
<?xml-stylesheet type="text/xsl" href="billres.xsl"?>
<!DOCTYPE bill PUBLIC "-//US Congress//DTDs/bill.dtd//EN" "bill.dtd">
<bill bill-stage="Introduced-in-House" bill-type="olc" dms-id="H4A1EDA21A4A3412889D8BB650E9F2420" key="H" public-private="public"><metadata xmlns:dc="http://purl.org/dc/elements/1.1/">
<dublinCore>
<dc:title>115 HR 546 IH: No Resettlement Without Consent Act</dc:title>
<dc:publisher>U.S. House of Representatives</dc:publisher>
<dc:date>2017-01-13</dc:date>
<dc:format>text/xml</dc:format>
<dc:language>EN</dc:language>
<dc:rights>Pursuant to Title 17 Section 105 of the United States Code, this file is not subject to copyright protection and is in the public domain.</dc:rights>
</dublinCore>
</metadata>
<form>
<distribution-code display="yes">I</distribution-code><congress display="yes">115th CONGRESS</congress><session display="yes">1st Session</session><legis-num display="yes">H. R. 546</legis-num><current-chamber>IN THE HOUSE OF REPRESENTATIVES</current-chamber><action display="yes"><action-date date="20170113">January 13, 2017</action-date><action-desc><sponsor name-id="C001048">Mr. Culberson</sponsor> (for himself, <cosponsor name-id="S000250">Mr. Sessions</cosponsor>, <cosponsor name-id="S000583">Mr. Smith of Texas</cosponsor>, <cosponsor name-id="W000814">Mr. Weber of Texas</cosponsor>, and <cosponsor name-id="B001269">Mr. Barletta</cosponsor>) introduced the following bill; which was referred to the <committee-name committee-id="HJU00">Committee on the Judiciary</committee-name></action-desc></action><legis-type>A BILL</legis-type><official-title display="yes">To amend section 412(a)(2) of the Immigration and Nationality Act to require the Director of the
			 Office of Refugee Resettlement to obtain the approval of the Governor of a
			 State before placing or resettling a refugee with the State, and for other
			 purposes.</official-title></form>
	<legis-body id="H8999DBEF939A43839665A0782F69511F" style="OLC">
 <section id="HA5EB3D9E14E8496A8100B46354A75E08" section-type="section-one"><enum>1.</enum><header>Short title</header><text display-inline="no-display-inline">This Act may be cited as the <quote><short-title>No Resettlement Without Consent Act</short-title></quote>.</text> </section><section id="H12A9CCB7F21244C58798C5749303F622"><enum>2.</enum><header>Conditions on domestic resettlement of refugees</header><text display-inline="no-display-inline">Section 412(a)(2) of the Immigration and Nationality Act (<external-xref legal-doc="usc" parsable-cite="usc/8/1522">8 U.S.C. 1522(a)(2)</external-xref>) is amended by adding at the end the following:</text>
			<quoted-block id="H36D98691B3F342658349CF754AC1FAEF" style="OLC">
 <subparagraph id="H9BAECEC67048423EAFAF1E34DC443BC9"><enum>(E)</enum><text>Notwithstanding any other provision of law, including the preceding provisions of this paragraph, beginning on the date of the enactment of this subparagraph, the following limitations on programs for domestic resettlement of refugees under this chapter shall apply:</text>
 <clause id="H99A493E8D2EF4EE2A6B75DC59F4B47FD"><enum>(i)</enum><text>The Director shall not place or resettle a refugee within a State without the approval of the Governor of the State.</text>
 </clause><clause id="H8F7F035FDECC450D957CC1FFC8B806C6"><enum>(ii)</enum><text>Notwithstanding any approval granted under clause (i), the Director shall not place or resettle a refugee in any locality within a State if the locality has in effect a law, or a policy with the effect of law, disapproving of refugee resettlement in that locality.</text></clause></subparagraph><after-quoted-block>.</after-quoted-block></quoted-block>
		</section></legis-body></bill>


