<?xml version="1.0"?>
<?xml-stylesheet type="text/xsl" href="billres.xsl"?>
<!DOCTYPE bill PUBLIC "-//US Congress//DTDs/bill.dtd//EN" "bill.dtd">
<bill bill-stage="Introduced-in-House" bill-type="olc" dms-id="HBA16CF3A54E642248FDCC78ACFE6CF06" key="H" public-private="public"><metadata xmlns:dc="http://purl.org/dc/elements/1.1/">
<dublinCore>
<dc:title>115 HR 595 IH: Bailout Prevention Act of 2017</dc:title>
<dc:publisher>U.S. House of Representatives</dc:publisher>
<dc:date>2017-01-20</dc:date>
<dc:format>text/xml</dc:format>
<dc:language>EN</dc:language>
<dc:rights>Pursuant to Title 17 Section 105 of the United States Code, this file is not subject to copyright protection and is in the public domain.</dc:rights>
</dublinCore>
</metadata>
<form>
<distribution-code display="yes">I</distribution-code><congress display="yes">115th CONGRESS</congress><session display="yes">1st Session</session><legis-num display="yes">H. R. 595</legis-num><current-chamber>IN THE HOUSE OF REPRESENTATIVES</current-chamber><action display="yes"><action-date date="20170120">January 20, 2017</action-date><action-desc><sponsor name-id="C001037">Mr. Capuano</sponsor> introduced the following bill; which was referred to the <committee-name committee-id="HBA00">Committee on Financial Services</committee-name>, and in addition to the Committees on <committee-name committee-id="HRU00">Rules</committee-name>, and <committee-name committee-id="HGO00">Oversight and Government Reform</committee-name>, for a period to be subsequently determined by the Speaker, in each case for consideration of such
			 provisions as fall within the jurisdiction of the committee concerned</action-desc></action><legis-type>A BILL</legis-type><official-title display="yes">To amend the Federal Reserve Act to reform the Federal Reserve System.</official-title></form>
	<legis-body id="HF48E45EF503F4F03BF542F1AB108FD4F" style="OLC">
 <section id="H935B5974DE874245B5C706FCC44C6A25" section-type="section-one"><enum>1.</enum><header>Short title</header><text display-inline="no-display-inline">This Act may be cited as the <quote><short-title>Bailout Prevention Act of 2017</short-title></quote>.</text> </section><section id="H7BA2759E465344398F79E4A78BA02C7A"><enum>2.</enum><header>Discounts for individuals, partnerships, and corporations</header><text display-inline="no-display-inline">Section 13(3)(B) of the Federal Reserve Act (<external-xref legal-doc="usc" parsable-cite="usc/12/343">12 U.S.C. 343(3)(B)</external-xref>) is amended by striking clauses (ii) and (iii) and inserting the following:</text>
			<quoted-block display-inline="no-display-inline" id="H3E7405CDB270435C9B7D3D4C926F4FEE" style="OLC">
				<clause commented="no" display-inline="no-display-inline" id="HC6FA11288CF144158AAEE8DAEF529D5F" indent="up1"><enum>(ii)</enum>
 <subclause commented="no" display-inline="yes-display-inline" id="H489A646E31B24608998051E14F439A75"><enum>(I)</enum><text display-inline="yes-display-inline">The Board shall establish procedures to prohibit borrowing from programs and facilities by borrowers that are insolvent. A borrower shall not be eligible to borrow from any emergency lending program or facility unless the Board and all Federal banking regulators with jurisdiction over the borrower certify that, at the time the borrower initially borrows under the program or facility, the borrower is not insolvent. Solvency shall be assessed by examining the last 4 months of relevant financial data and determining whether the fair value of the borrower’s assets exceeds the fair value of the borrower’s liabilities, with appropriate adjustment for temporary illiquidity in relevant markets.</text>
 </subclause><subclause commented="no" display-inline="no-display-inline" id="HB1B1E2F6EE604254BE6612C3EEFA29B9" indent="up1"><enum>(II)</enum><text>A borrower shall be considered insolvent for purposes of this subparagraph if the borrower is—</text> <item commented="no" display-inline="no-display-inline" id="H09FEF448EE61428A85DB0D15777F2C2F"><enum>(aa)</enum><text>in bankruptcy, resolution under title II of the Dodd-Frank Wall Street Reform and Consumer Protection Act (<external-xref legal-doc="usc" parsable-cite="usc/12/5381">12 U.S.C. 5381</external-xref> et seq.), or any other Federal or State insolvency proceeding; or</text>
 </item><item commented="no" display-inline="no-display-inline" id="HEEF830D3376F420DAD9695678DDB81F8"><enum>(bb)</enum><text>a bridge financial company (as defined in section 201(a) of the Dodd-Frank Wall Street Reform and Consumer Protection Act (<external-xref legal-doc="usc" parsable-cite="usc/12/5381">12 U.S.C. 5381(a)</external-xref>)) or a bridge depository institution (as defined in section 3 of the Federal Deposit Insurance Act (<external-xref legal-doc="usc" parsable-cite="usc/12/1813">12 U.S.C. 1813</external-xref>)).</text>
 </item></subclause><subclause commented="no" display-inline="no-display-inline" id="H35CB3BC788CD4F92B076E3614AFCCCBE" indent="up1"><enum>(III)</enum><text>If the Board or any other banking regulator makes a certification of solvency, the Board or banking regulator, as applicable, shall issue a contemporaneous public statement providing a detailed explanation of the certification decision.</text>
 </subclause></clause><clause commented="no" display-inline="no-display-inline" id="HD9D77B01F42E4B908D3676778E1DE7B2" indent="up1"><enum>(iii)</enum><text display-inline="yes-display-inline">A program or facility shall be considered a program or facility with broad-based eligibility only if not fewer than 5 companies are eligible to participate in the program or facility in a significant manner.</text></clause><after-quoted-block>.</after-quoted-block></quoted-block>
 </section><section id="H19FAACCB3C314628A4262F1BDC378582"><enum>3.</enum><header>Penalty rate requirement; Congressional approval requirement</header><text display-inline="no-display-inline">Section 13(3) of the Federal Reserve Act (<external-xref legal-doc="usc" parsable-cite="usc/12/343">12 U.S.C. 343(3)</external-xref>) is amended by adding at the end the following:</text>
			<quoted-block display-inline="no-display-inline" id="H97835E4100984A9F9A928EFA49DF20E7" style="OLC">
 <subparagraph id="H9DC9ADC5F6DD4AB6899D67F844B8C2D7"><enum>(F)</enum><text>Any emergency lending under this paragraph shall be provided at an annual interest rate not less than 500 basis points greater than the cost of borrowing for the United States Treasury for a commensurate loan term.</text>
				</subparagraph><subparagraph id="HB7FCB51016BA41E18A0095CBD61E7158"><enum>(G)</enum>
 <clause commented="no" display-inline="yes-display-inline" id="H2EFCFBF9FE784CE3A93938BA7E255E44"><enum>(i)</enum><text>If the Board determines that the Board shall create an emergency lending program or facility that does not comply with the broad-based eligibility requirement described in subparagraph (B)(iii) or the penalty rate requirement described in subparagraph (F), the Board—</text>
 <subclause id="HD8C1CC095C2D44B2BBC1C7956368A0A3" indent="up1"><enum>(I)</enum><text>may create such a program or facility; and</text> </subclause><subclause id="H40335D0A57B14A27981A32213E301388" indent="up1"><enum>(II)</enum><text>not later than 3 days after the date on which a program or facility is created under clause (i), shall submit to Congress a report that describes the reasons why the Board is unable to comply with any requirement described in the matter preceding subclause (I).</text>
						</subclause></clause><clause id="H647E31A9DA6E452795F8649858E7CC7E" indent="up1"><enum>(ii)</enum>
 <subclause commented="no" display-inline="yes-display-inline" id="H88B5D2B03D7F49A29361D32B7FBAB090"><enum>(I)</enum><text>A program or facility created under clause (i)(I) shall terminate on the date that is 30 calendar days after the date on which Congress receives a report described in clause (i)(II) unless there is enacted into law a joint resolution approving the program or facility not later than 30 calendar days after the date on which the report is received. Any loan offered through the program or facility that are outstanding as of the date on which the facility is terminated shall be repaid in full not later than 30 calendar days after the date on which the program or facility is terminated.</text>
 </subclause><subclause id="H08B75A33277E45B090672F514E666442" indent="up1"><enum>(II)</enum><text>For the purpose of this section, the term <term>joint resolution</term> means only a joint resolution—</text> <item id="HA55CECA7153D4804893864891074A7B5"><enum>(aa)</enum><text>that is introduced not later than 3 calendar days after the date on which the report referred to in clause (i)(I) is received by Congress;</text>
 </item><item id="H93461DE351B64D5EAB3BF93F91F27AEB"><enum>(bb)</enum><text>that does not have a preamble;</text> </item><item id="H9086D0F712A44EF1AC46C545FEFAEE52"><enum>(cc)</enum><text>the title of which is as follows: <quote>Joint resolution relating to the approval of a program or facility created by the Board of Governors of the Federal Reserve System</quote>; and</text>
 </item><item id="HE3233D011BFC4DC1AC8DF737C4684C08"><enum>(dd)</enum><text>the matter after the resolving clause of which is as follows: <quote>That Congress approves the program or facility created by the Board of Governors of the Federal Reserve System on __________.</quote> (The blank space being appropriately filled in).</text>
							</item></subclause><subclause id="HFCDF27AA70A94AF7AD52602C91B5CF60" indent="up1"><enum>(III)</enum>
 <item commented="no" display-inline="yes-display-inline" id="HBF8BECD581A9488880579CB60B15DFB0"><enum>(aa)</enum><text>Upon receipt of a report under subsection (a)(3), the Speaker, if the House would otherwise be adjourned, shall notify the Members of the House that, pursuant to this section, the House shall convene not later than the second calendar day after receipt of such report.</text>
 </item><item id="HF1FCCAB40DC0422C9A3B6046D0E651DF" indent="up1"><enum>(bb)</enum><text>Any committee of the House of Representatives to which a joint resolution is referred shall report it to the House not later than 5 calendar days after the date of receipt of the report described in clause (i)(II). If a committee fails to report the joint resolution within that period, the committee shall be discharged from further consideration of the joint resolution and the joint resolution shall be referred to the appropriate calendar.</text>
 </item><item id="HDD8527A1DABB4328B8EE1885BBE9B1E4" indent="up1"><enum>(cc)</enum><text>After each committee authorized to consider a joint resolution reports it to the House or has been discharged from its consideration, it shall be in order, not later than the sixth day after Congress receives the report described in clause (i)(II), to move to proceed to consider the joint resolution in the House. All points of order against the motion are waived. Such a motion shall not be in order after the House has disposed of a motion to proceed on the joint resolution. The previous question shall be considered as ordered on the motion to its adoption without intervening motion. The motion shall not be debatable. A motion to reconsider the vote by which the motion is disposed of shall not be in order.</text>
 </item><item id="H9979F22A04EF4AA78C7393E3A4B025A6" indent="up1"><enum>(dd)</enum><text>The joint resolution shall be considered as read. All points of order against the joint resolution and against its consideration are waived. The previous question shall be considered as ordered on the joint resolution to its passage without intervening motion except 2 hours of debate equally divided and controlled by the proponent and an opponent. A motion to reconsider the vote on passage of the joint resolution shall not be in order.</text>
							</item></subclause><subclause id="H7B94E6C56CC14E3A8126F90821DA2533" indent="up1"><enum>(IV)</enum>
 <item commented="no" display-inline="yes-display-inline" id="HDF627C44613E4733BCB93D025125B01B"><enum>(aa)</enum><text>Upon receipt of a report under clause (i)(II), if the Senate has adjourned or recessed for more than 2 days, the majority leader of the Senate, after consultation with the minority leader of the Senate, shall notify the Members of the Senate that, pursuant to this subparagraph, the Senate shall convene not later than the second calendar day after receipt of such message.</text>
 </item><item id="HF6710E6FDE124D399765C27E4C6C928D" indent="up1"><enum>(bb)</enum><text>Upon introduction in the Senate, the joint resolution shall be placed immediately on the calendar.</text> </item><item id="H64FFEFD3F29D4FAB9AED4ADB9D00EE38" indent="up1"><enum>(cc)</enum> <subitem commented="no" display-inline="yes-display-inline" id="H6E3E4D9F1D904E40868BEC89EA158B2C"><enum>(AA)</enum><text>Notwithstanding Rule XXII of the Standing Rules of the Senate, it is in order at any time during the period beginning on the fourth day after the date on which Congress receives a report described in clause (i)(II) and ending on the sixth day after the date on which Congress receives the report (even though a previous motion to the same effect has been disagreed to) to move to proceed to the consideration of the joint resolution, and all points of order against the joint resolution (and against consideration of the joint resolution) are waived. The motion to proceed is not debatable. The motion is not subject to a motion to postpone. A motion to reconsider the vote by which the motion is agreed to or disagreed to shall not be in order. If a motion to proceed to the consideration of the resolution is agreed to, the joint resolution shall remain the unfinished business until disposed of.</text>
 </subitem><subitem id="H3D150C7F80A34384ACA9F546FECDE5C9" indent="up1"><enum>(BB)</enum><text>Debate on the joint resolution, and on all debatable motions and appeals in connection therewith, shall be limited to not more than 10 hours, which shall be divided equally between the majority and minority leaders or their designees. A motion further to limit debate is in order and not debatable. An amendment to, or a motion to postpone, or a motion to proceed to the consideration of other business, or a motion to recommit the joint resolution is not in order.</text>
 </subitem><subitem id="HBE399749292048C0BE76CD800D0E72A3" indent="up1"><enum>(CC)</enum><text>The vote on passage shall occur immediately following the conclusion of the debate on a joint resolution, and a single quorum call at the conclusion of the debate if requested in accordance with the rules of the Senate.</text>
 </subitem><subitem id="H8A714A5D3D484ACCA8DB7152E1C8CDEC" indent="up1"><enum>(DD)</enum><text>Appeals from the decisions of the Chair relating to the application of the rules of the Senate, as the case may be, to the procedure relating to a joint resolution shall be decided without debate.</text>
								</subitem></item></subclause><subclause id="H18980386F8204DBF82730A2337405F3E" indent="up1"><enum>(V)</enum>
 <item commented="no" display-inline="yes-display-inline" id="HBC1EFFBC91ED4FD182B26A2AC0714B4F"><enum>(aa)</enum><text>If, before the passage by one House of a joint resolution of that House, that House receives from the other House a joint resolution, then the following procedures shall apply:</text>
 <subitem id="HFD2654F237F14D819DC042BB9E78C666" indent="up1"><enum>(AA)</enum><text>The joint resolution of the other House shall not be referred to a committee.</text> </subitem><subitem id="HB91A2A6EF8E94690A3C55481B927A94D" indent="up1"><enum>(BB)</enum><text>With respect to a joint resolution of the House receiving the resolution—</text>
 </subitem><subitem id="H1A6845F633634A8F88CA70CD1344A11B" indent="up1"><enum>(CC)</enum><text>the procedure in that House shall be the same as if no joint resolution had been received from the other House; but</text>
 </subitem><subitem id="HDD06C7E09940458A9870B3B010CE7811" indent="up1"><enum>(DD)</enum><text>the vote on passage shall be on the joint resolution of the other House.</text> </subitem></item><item id="H3D7A01D9487B4CC19EEE31C324ACE231" indent="up1"><enum>(bb)</enum><text>If one House fails to introduce or consider a joint resolution under this section, the joint resolution of the other House shall be entitled to expedited floor procedures under this section.</text>
 </item><item id="HF3820E3D061B4A40854E746104F7F3E2" indent="up1"><enum>(cc)</enum><text>If, following passage of the joint resolution in the Senate, the Senate then receives the companion measure from the House of Representatives, the companion measure shall not be debatable.</text>
 </item><item id="H666D29756D5245C79B3BDCF75E6B83D9" indent="up1"><enum>(dd)</enum><text>If the President vetoes the joint resolution, the period beginning on the date the President vetoes the joint resolution and ending on the date the Congress receives the veto message with respect to the joint resolution shall be disregarded in computing the 30-calendar-day period described in subclause (I) and debate on a veto message in the Senate under this section shall be 1 hour equally divided between the majority and minority leaders or their designees.</text>
 </item><item id="H0EC19C09FF3D4C50BB772016AD2EBE69" indent="up1"><enum>(ee)</enum><text>This subclause and subclauses (II), (III), and (IV) are enacted by Congress—</text> <subitem id="H9C7283C9459B463DA60010D0781E6052"><enum>(AA)</enum><text>as an exercise of the rulemaking power of the Senate and House of Representatives, respectively, and as such it is deemed a part of the rules of each House, respectively, but applicable only with respect to the procedure to be followed in that House in the case of a joint resolution, and it supersedes other rules only to the extent that it is inconsistent with such rules; and</text>
 </subitem><subitem id="H3F421817FC4445D9A6E077A0EAE6B4F9"><enum>(BB)</enum><text>with full recognition of the constitutional right of either House to change the rules (so far as relating to the procedure of that House) at any time, in the same manner, and to the same extent as in the case of any other rule of that House.</text></subitem></item></subclause></clause></subparagraph><after-quoted-block>.</after-quoted-block></quoted-block>
		</section><section id="H8AD313CD76284B04889013F345521E56"><enum>4.</enum><header>Public disclosure of information related to credit facilities</header>
 <subsection id="H1B3A81ED9F5D401CA9ECC8271A2EA181"><enum>(a)</enum><header>Reports on GAO audits</header><text display-inline="yes-display-inline">Section 714(f)(3)(C)(iii) of title 31, United States Code, is amended—</text> <paragraph id="H022C276F824D498FB8AA3FF2EE7B0E67"><enum>(1)</enum><text>by striking <quote>1 year</quote> and inserting <quote>60 days</quote>; and</text>
 </paragraph><paragraph id="H8265D6DCE44343FCB149D0FD27526346"><enum>(2)</enum><text>by striking <quote>24 months</quote> and inserting <quote>60 days</quote>.</text> </paragraph></subsection><subsection id="H52D15651795E42838289D594185B8261"><enum>(b)</enum><header>Public disclosures by the Board of Governors</header><text display-inline="yes-display-inline">Section 11 of the Federal Reserve Act (<external-xref legal-doc="usc" parsable-cite="usc/12/248">12 U.S.C. 248</external-xref>) is amended—</text>
 <paragraph id="HC468D340AA1F4AC5A37C64961869D13F"><enum>(1)</enum><text>in the first subsection (s) (relating to transparency and the release of information)—</text> <subparagraph id="H7BBAFD16E25B40D499B32F5212092523"><enum>(A)</enum><text>in paragraph (2)—</text>
 <clause id="HD6B4E8AB35254DAA9E313E1344ACD703"><enum>(i)</enum><text>in subparagraph (A), by striking <quote>1 year</quote> and inserting <quote>60 days</quote>; and</text> </clause><clause id="H78EE8A4723D743CB820C5C8ED6FCCC9B"><enum>(ii)</enum><text>in subparagraph (B), by striking <quote>the last day of the eighth calendar quarter following the calendar quarter in which</quote> and inserting <quote>the date that is 60 days after the date on which</quote>; and</text>
 </clause></subparagraph><subparagraph id="HF7B79FF580834594893A53C35B6EC372"><enum>(B)</enum><text>in paragraph (5), by striking <quote>24-month</quote> and inserting <quote>60 days</quote>; and</text> </subparagraph></paragraph><paragraph id="H6FBB5DFFCF40459A912AEADE576D175A"><enum>(2)</enum><text>by redesignating the second subsection (s) (relating to assessments, fees, and other charges) as subsection (t).</text>
				</paragraph></subsection></section></legis-body></bill>


