<?xml version="1.0"?>
<?xml-stylesheet type="text/xsl" href="billres.xsl"?>
<!DOCTYPE bill PUBLIC "-//US Congress//DTDs/bill.dtd//EN" "bill.dtd">
<bill bill-stage="Introduced-in-House" bill-type="olc" dms-id="HA52A789091314066B2A3352747171267" key="H" public-private="public"><metadata xmlns:dc="http://purl.org/dc/elements/1.1/">
<dublinCore>
<dc:title>115 HR 654 IH: Pacific Northwest Earthquake Preparedness Act of 2017</dc:title>
<dc:publisher>U.S. House of Representatives</dc:publisher>
<dc:date>2017-01-24</dc:date>
<dc:format>text/xml</dc:format>
<dc:language>EN</dc:language>
<dc:rights>Pursuant to Title 17 Section 105 of the United States Code, this file is not subject to copyright protection and is in the public domain.</dc:rights>
</dublinCore>
</metadata>
<form>
<distribution-code display="yes">I</distribution-code><congress display="yes">115th CONGRESS</congress><session display="yes">1st Session</session><legis-num display="yes">H. R. 654</legis-num><current-chamber>IN THE HOUSE OF REPRESENTATIVES</current-chamber><action display="yes"><action-date date="20170124">January 24, 2017</action-date><action-desc><sponsor name-id="D000191">Mr. DeFazio</sponsor> introduced the following bill; which was referred to the <committee-name committee-id="HPW00">Committee on Transportation and Infrastructure</committee-name></action-desc></action><legis-type>A BILL</legis-type><official-title display="yes">To direct the Administrator of the Federal Emergency Management Agency to carry out a plan for the
			 purchase and installation of an earthquake early warning system for the
			 Cascadia Subduction Zone, and for other purposes.</official-title></form>
	<legis-body id="HE1CC181AFDFB425594C321F4EADCD71D" style="OLC">
		<section id="H0F233B9612604BC68F5072E17E12290E" section-type="section-one"><enum>1.</enum><header>Short title; definition</header>
 <subsection id="HAF0AECE695AC438F8E90D00A70528BCB"><enum>(a)</enum><header>Short title</header><text display-inline="yes-display-inline">This Act may be cited as the <quote><short-title>Pacific Northwest Earthquake Preparedness Act of 2017</short-title></quote>.</text> </subsection><subsection id="H9D2DE850389A4C4A8298FCE1E3B44436"><enum>(b)</enum><header>Cascadia Subduction Zone defined</header><text>In this Act, the term <quote>Cascadia Subduction Zone</quote> means the landward-dipping fault that is approximately 684 miles long, separates the Juan de Fuca and North America plates, and stretches along a portion of the western coast of the United States beginning off Cape Mendocino, California, along the State of Oregon, the State of Washington, to Northern Vancouver Island, British Columbia.</text>
			</subsection></section><section id="HB9DD932E71A8452EB2B515AFF9B01C5B" section-type="subsequent-section"><enum>2.</enum><header>Earthquake early warning system for Cascadia Subduction Zone</header>
			<subsection id="HC930B8B7CD1D462EB1332A09C3CCF7D5"><enum>(a)</enum><header>Plan for purchase and installation</header>
 <paragraph id="H8A9960D1B81442FBAC039CD830CD01D8"><enum>(1)</enum><header>Development and funding</header><text>The Administrator of the Federal Emergency Management Agency shall—</text> <subparagraph id="H1BE7D86167EF46DFA4A8EC97E2B368A9"><enum>(A)</enum><text>develop a plan for the purchase and installation of an earthquake early warning system for the Cascadia Subduction Zone; and</text>
 </subparagraph><subparagraph id="H4CE3CC625BBD4C6DA42896357D936ED5"><enum>(B)</enum><text>identify the funds necessary for implementation of the plan.</text> </subparagraph></paragraph><paragraph id="H7454B8252EF340319497500CEE4C0A4C"><enum>(2)</enum><header>Submission to Congress</header><text>Not later than 90 days after the date of enactment of this Act, the Administrator shall submit to the appropriate committees of Congress a copy of the plan.</text>
 </paragraph></subsection><subsection id="HF3FD2963C02A4492A0F4F204C3E50CEF"><enum>(b)</enum><header>Authority To make grants</header><text display-inline="yes-display-inline">Not later than 180 days after the date of enactment of this Act, the Administrator shall make grants to States, Indian tribes, and units of local governments to provide for implementation of the plan.</text>
 </subsection><subsection id="H1D52EA6F975F4AECB8EF9FDFF52024E7"><enum>(c)</enum><header>Report to Congress</header><text display-inline="yes-display-inline">Not later than 1 year after the date of enactment of this Act, the Administrator shall submit to the appropriate committees of Congress a report that summarizes the actions taken to implement the plan.</text>
 </subsection><subsection id="HB64D0E7187FF4EEF8DCAAFE62F3CD2B0"><enum>(d)</enum><header>Definitions</header><text>In this section, the following definitions apply:</text> <paragraph id="H66B7F62B34EF4CE9A1ED8C999635DAD5"><enum>(1)</enum><header>Appropriate committees of Congress</header><text display-inline="yes-display-inline">The term <quote>appropriate committees of Congress</quote> means the Committee on Transportation and Infrastructure of the House of Representatives and the Committee on Homeland Security and Governmental Affairs of the Senate.</text>
 </paragraph><paragraph id="HCE76E3EBB4734413A3AEF7112567191C"><enum>(2)</enum><header>Earthquake early warning system</header><text display-inline="yes-display-inline">The term <quote>earthquake early warning system</quote> includes—</text> <subparagraph id="H19E181DE26C04815B40F43A91750D6FB"><enum>(A)</enum><text>improvements to regional and geodetic networks that support building a capability for an earthquake early warning system; and</text>
 </subparagraph><subparagraph id="H1A54449D9E274C9CA78A212906522773"><enum>(B)</enum><text>seismometers, Global Positioning System receivers, and associated infrastructure.</text> </subparagraph></paragraph></subsection></section><section id="HFEB535609C3D4A32927F6F9DBBF5DD41"><enum>3.</enum><header>Earthquake and Tsunami Task Force</header> <subsection id="H415B043E531E4EF5BC32984AF9B583F6"><enum>(a)</enum><header>In general</header><text>The President shall establish an Earthquake and Tsunami Task Force for the purpose of developing a comprehensive strategy and recommendations on how the Nation should prepare and plan for, mitigate against, respond to, recover from, and more successfully adapt to a covered event in the Cascadia Subduction Zone.</text>
			</subsection><subsection id="H9FFC1EAB85CC49DEAB5E72FF89333910"><enum>(b)</enum><header>Task force</header>
 <paragraph id="HB2B129066BB7413DA108D082A09A7AD9"><enum>(1)</enum><header>Membership</header><text display-inline="yes-display-inline">The membership of the Task Force shall include a cross section of subject matter experts representing the following:</text>
 <subparagraph id="HEBDF2921100B4F178DB6C3A419210275"><enum>(A)</enum><text>Relevant Federal agencies.</text> </subparagraph><subparagraph id="H2400F8B39A57440381012ADEF12B81CB"><enum>(B)</enum><text>The States of Oregon, Washington, and California.</text>
 </subparagraph><subparagraph id="H9A64AF2A66704EAA977A023B12D91193"><enum>(C)</enum><text>Indian tribes, local governments, and private sector representatives that may be impacted by a covered event in the Cascadia Subduction Zone.</text>
 </subparagraph><subparagraph id="H1ABAB018C7A94D3882AFD24E44E1354D"><enum>(D)</enum><text>Universities, academia, and research institutions with expertise in topics relevant to the work of the Task Force.</text>
 </subparagraph></paragraph><paragraph id="H07FB2399F5764E7994D92B05A866C9D4"><enum>(2)</enum><header>Chairperson</header><text>The Administrator (or the Administrator’s designee) shall serve as the chairperson of the Task Force.</text>
 </paragraph><paragraph id="H5B87541C467241159F6E7689B1B92D52"><enum>(3)</enum><header>Detailed employees</header><text>Members of the Task Force may detail employees to assist the Administrator (or the Administrator’s designee) in fulfilling the responsibilities of the Task Force.</text>
				</paragraph></subsection><subsection id="H21E1B77096614EA7A5FD1C4877404951"><enum>(c)</enum><header>Comprehensive strategy</header>
 <paragraph id="HBF1BB755ADD44AA7ADC24D7AEC1326A9"><enum>(1)</enum><header>Strategy</header><text>The comprehensive strategy to be developed under subsection (a) shall include the following:</text> <subparagraph id="H45D20066AFA0467D8AA5AF09ADB39130"><enum>(A)</enum><text>A description of how Federal agencies will coordinate to develop the ability to prepare and plan for, mitigate against, respond to, recover from, and more successfully adapt to the impacts of a covered event in the Cascadia Subduction Zone.</text>
 </subparagraph><subparagraph id="HC7F14CE858264FF6A0750A2994E2767E"><enum>(B)</enum><text>A strategy to ensure collaboration between the Department of Transportation, the Department of Energy, the Coast Guard, the Corps of Engineers, and other Federal agencies, as appropriate, for purposes of—</text>
 <clause id="HADC6C9C4A4714DA599581B830C3EA6A5"><enum>(i)</enum><text>completing a needs assessment of Federal facilities in need of hardening for a covered event; and</text> </clause><clause id="HE7AAC1DEBBB44D02B41C74B008E30D82"><enum>(ii)</enum><text>developing a strategic plan to mitigate and retrofit Federal, State, tribal, and local critical assets for freight, energy, and transit purposes to withstand a covered event and to help save lives during and immediately after a covered event.</text>
 </clause></subparagraph><subparagraph id="H45AA86343EAA4A7FA739298EF50B927E"><enum>(C)</enum><text>A strategy—</text> <clause id="H66E23C0F030E4C53ACFE30E7F0235308"><enum>(i)</enum><text>to assist State, tribal, and local governments in developing and implementing a coordinated and comprehensive plan to prioritize Federal, State, tribal, local, and private investments and activities to develop the ability to prepare and plan for, mitigate against, respond to, recover from, and more successfully adapt to the impacts of a covered event in the Cascadia Subduction Zone; and</text>
 </clause><clause id="H6FED175FAD93407099C305F9B32149EB"><enum>(ii)</enum><text>to link any existing statewide mitigation plan with such a coordinated and comprehensive plan.</text> </clause></subparagraph><subparagraph id="H58A3028F9FA24EDF910A14EDD96D84BD"><enum>(D)</enum><text>With respect to the strategy described in subparagraph (C), an examination of the feasibility of the public sector, the private sector, and individuals to acquire earthquake insurance.</text>
 </subparagraph><subparagraph id="HFBA5B68254E142BDA728FE7A3BB89816"><enum>(E)</enum><text>An identification of funding opportunities to implement the comprehensive strategy and any recommendations made by the Task Force, including—</text>
 <clause id="HFD1A42A95FB54F74BF7D47DFF379E1F8"><enum>(i)</enum><text>existing funding opportunities across Federal agencies and other sources; and</text> </clause><clause id="HFD5756A44DC84BF982852DEEF2354D2E"><enum>(ii)</enum><text>potential new funding opportunities.</text>
 </clause></subparagraph><subparagraph id="H558C572CB17D4825A8C12A4C9BEF2998"><enum>(F)</enum><text>An identification of barriers to obtaining funding for the implementation of the comprehensive strategy and recommendations on how to remove the barriers.</text>
 </subparagraph><subparagraph id="HC5F5D19F83CE478DB6E34B46ED799B2A"><enum>(G)</enum><text>A strategy for appropriate Federal agencies to collaborate with and assist State, tribal, and local governments in developing recommendations for cost-effective mitigation alternatives for aging State, tribal, and locally owned critical infrastructure.</text>
 </subparagraph><subparagraph id="H5E63EBD7FC8247909699060BE2CCFABE"><enum>(H)</enum><text>A strategy for assisting State, tribal, and local governments in developing a recovery plan prior to a covered event in the Cascadia Subduction Zone that addresses how State, tribal, and local governments may want to rebuild after the event.</text>
 </subparagraph><subparagraph id="HD0EC96ABA6CD4C3EAA518FE8DD04623A"><enum>(I)</enum><text>An identification of the steps taken to date to develop an onshore and offshore earthquake early warning system and a description of the purpose and scope of such a system.</text>
 </subparagraph><subparagraph id="H61E8460DE757428B835B2A343B87F8DF"><enum>(J)</enum><text>An evaluation of the types of offshore earthquake early warning systems and recommendations and a cost estimate for an earthquake early warning system appropriate for the Cascadia Subduction Zone.</text>
 </subparagraph><subparagraph id="H8759DACFB1B8407E8D8D6C62CB2AC7A2"><enum>(K)</enum><text>Recommendations on how an earthquake early warning system should operate, including whether and how the system should interface with the private sector.</text>
 </subparagraph><subparagraph id="H7ABB754715CA4B9FB14D0552E522CC3A"><enum>(L)</enum><text>A description of appropriate roles and responsibilities for Federal, State, local, and tribal governments, including who should operate and maintain an earthquake early warning system, the cost of the system, and possible funding sources for the system.</text>
 </subparagraph><subparagraph id="H74E84AD8189A494B9BC30EB9AC254077"><enum>(M)</enum><text>A plan on how to integrate an earthquake early warning system into existing and new public alert warning systems and technologies, including mobile systems.</text>
 </subparagraph></paragraph><paragraph id="H72FC209B24BE455994F3B309591D9F4E"><enum>(2)</enum><header>Use of existing plans</header><text display-inline="yes-display-inline">In developing the comprehensive strategy, the Task Force may use existing plans, studies, and other resources.</text>
 </paragraph></subsection><subsection id="H3B819C14A0924E3C83C3D7458D841F50"><enum>(d)</enum><header>Recommendations</header><text display-inline="yes-display-inline">The recommendations to be developed by the Task Force under subsection (a) shall include recommendations on—</text>
 <paragraph id="HE68FE36E75F641D19FFC68E2C5BE3DEA"><enum>(1)</enum><text>potential administrative or legislative changes required to implement the comprehensive strategy;</text> </paragraph><paragraph id="HE038B9A8FBD244D9986342C36109211C"><enum>(2)</enum><text>the funding required to implement the comprehensive strategy and the recommendations; and</text>
 </paragraph><paragraph id="H30DBC12805A6499890A7A3B583216A88"><enum>(3)</enum><text>the order of priority for implementation of the comprehensive strategy.</text> </paragraph></subsection><subsection id="HC11C695F8ECF4ACEB52CA128D98639D7"><enum>(e)</enum><header>National academies</header> <paragraph id="H9401F57CCC6344EB8C7EFC582EB0880F"><enum>(1)</enum><header>Collaboration</header><text>The Task Force shall work simultaneously and collaboratively with the National Academies.</text>
 </paragraph><paragraph id="HC44E8FA5C311459E8DF36CEB2606B8CF"><enum>(2)</enum><header>Agreement</header><text>The Task Force shall enter into an agreement with the National Academies under which the National Academies shall develop recommendations for a Federal research strategy to advance scientific understanding of a Cascadia Subduction Zone earthquake and resulting tsunami preparedness, including the following:</text>
 <subparagraph id="H4AAA32A46BE047E78FE66EF8AD0FA697"><enum>(A)</enum><text>Geologic conditions, ground motions, and tsunami hazards.</text> </subparagraph><subparagraph id="H14A149EB6BBA45A2BE20DF0F6C79E3B3"><enum>(B)</enum><text>Implications of an effective automated early warning system.</text>
 </subparagraph><subparagraph id="H6522756106214A169BE97FD2ECEB9F1D"><enum>(C)</enum><text>Effects of mega-earthquake and tsunami events on the built and natural environment.</text> </subparagraph><subparagraph id="HF1A59343306C452785A6ECDBCA62A5C9"><enum>(D)</enum><text>Social and behavioral factors for effective disaster preparedness and response.</text>
 </subparagraph><subparagraph id="HAD7D864481FD4FCD98B2F22CF063AC98"><enum>(E)</enum><text>Cost-effective mitigation alternatives for legacy and aging infrastructure.</text> </subparagraph><subparagraph id="H0A6FBE66C8D642F883481B5382A2723A"><enum>(F)</enum><text>Strategic planning for freight, energy, and transit network robustness.</text>
 </subparagraph><subparagraph id="H10CA04C6F2C4499E9467D5C5B3C6FE2D"><enum>(G)</enum><text>Tools that help communities invest their resources for the greatest benefit.</text> </subparagraph><subparagraph id="H977054D36BB44D9F806FBC06F3ABCE0C"><enum>(H)</enum><text>Any other topics identified as necessary by the Task Force or the National Academies.</text>
 </subparagraph></paragraph></subsection><subsection id="HF0EC075CD46B433A8CF54D6E52F1D860"><enum>(f)</enum><header>Report</header><text>Not later than 18 months after the date of enactment of this Act, the Administrator shall submit to the Committee on Transportation and Infrastructure of the House of Representatives and the Committee on Homeland Security and Governmental Affairs of the Senate a report of the Task Force that includes the following:</text>
 <paragraph id="H455C36E598B04EAF9A6E71381269833E"><enum>(1)</enum><text display-inline="yes-display-inline">The comprehensive strategy to be developed under subsection (a).</text> </paragraph><paragraph id="H0F0FEB96B03A4F9C8DD7A6B830C1C2FE"><enum>(2)</enum><text display-inline="yes-display-inline">The recommendations to be developed under subsections (a), (d), and (e).</text>
 </paragraph></subsection><subsection id="HFB881D09D1DD46A19EE94246F95FC00C"><enum>(g)</enum><header>Definitions</header><text>In this section, the following definitions apply:</text> <paragraph id="H198B9C0D406546C1AD4508EF55A8BA36"><enum>(1)</enum><header>Administrator</header><text display-inline="yes-display-inline">The term <quote>Administrator</quote> means the Administrator of the Environmental Protection Agency.</text>
 </paragraph><paragraph id="HA63B32ED1525428AB0274B4D17BEC6AC"><enum>(2)</enum><header>Covered event</header><text display-inline="yes-display-inline">The term <quote>covered event</quote> means an earthquake, tsunami, or combined earthquake and tsunami event.</text> </paragraph><paragraph id="H359E4445D89047D78CF0DE56349F4F6D"><enum>(3)</enum><header>Task force</header><text display-inline="yes-display-inline">The term <quote>Task Force</quote> means the Federal interagency task force to be established under subsection (a).</text>
 </paragraph></subsection></section><section id="H2CF1421DE2904143838B0413E24F6957" section-type="subsequent-section"><enum>4.</enum><header>National preparation and response efforts relating to earthquakes and tsunamis</header><text display-inline="no-display-inline">The Administrator of the Federal Emergency Management Agency shall be responsible for the Nation’s efforts to reduce the loss of life and property, and to protect the Nation, from an earthquake, tsunami, or combined earthquake and tsunami event by developing the ability to prepare and plan for, mitigate against, respond to, recover from, and more successfully adapt to such an event.</text>
 </section><section id="H48EF47CD5B6C4308A594BA4EC07EF2B3"><enum>5.</enum><header>Additional hazard mitigation activities</header><text display-inline="no-display-inline">Section 404 of the Robert T. Stafford Disaster Relief and Emergency Assistance Act (<external-xref legal-doc="usc" parsable-cite="usc/42/5170c">42 U.S.C. 5170c</external-xref>) is amended by adding at the end the following:</text>
			<quoted-block display-inline="no-display-inline" id="HCDED0DD49EEB432DB0F5F7AE92A3CC06" style="OLC">
 <subsection id="HFE2C9747017B488584D88A2F8C332F65"><enum>(f)</enum><header>Use of assistance</header><text display-inline="yes-display-inline">Recipients of hazard mitigation assistance provided under this section and section 203 may use the assistance to conduct activities to help reduce the risk of future damage, hardship, loss, or suffering in any area affected by earthquake hazards, including—</text>
 <paragraph id="HB2EFD6128F5A401B9C5AB2B9C1F47DCB"><enum>(1)</enum><text display-inline="yes-display-inline">improvements to regional seismic networks in support of building a capability for earthquake early warning;</text>
 </paragraph><paragraph id="H05A2D0A06DFC423EBB69B7714E1D0B1A"><enum>(2)</enum><text display-inline="yes-display-inline">improvements to geodetic networks in support of building a capability for earthquake early warning; and</text>
 </paragraph><paragraph id="HD062A1FE49D94EAF8298FC27CEA73E93"><enum>(3)</enum><text display-inline="yes-display-inline">improvements to seismometers, Global Positioning System receivers, and associated infrastructure in support of building a capability for earthquake early warning.</text></paragraph></subsection><after-quoted-block>.</after-quoted-block></quoted-block>
		</section></legis-body></bill>


