<?xml version="1.0"?>
<?xml-stylesheet type="text/xsl" href="billres.xsl"?>
<!DOCTYPE bill PUBLIC "-//US Congress//DTDs/bill.dtd//EN" "bill.dtd">
<bill bill-stage="Introduced-in-House" bill-type="olc" dms-id="HB237875ADA4D4C7D9D858B041E8C6DFF" key="H" public-private="public"><metadata xmlns:dc="http://purl.org/dc/elements/1.1/">
<dublinCore>
<dc:title>115 HR 371 IH: Presidential Conflicts of Interest Act of 2017</dc:title>
<dc:publisher>U.S. House of Representatives</dc:publisher>
<dc:date>2017-01-09</dc:date>
<dc:format>text/xml</dc:format>
<dc:language>EN</dc:language>
<dc:rights>Pursuant to Title 17 Section 105 of the United States Code, this file is not subject to copyright protection and is in the public domain.</dc:rights>
</dublinCore>
</metadata>
<form>
<distribution-code display="yes">I</distribution-code><congress display="yes">115th CONGRESS</congress><session display="yes">1st Session</session><legis-num display="yes">H. R. 371</legis-num><current-chamber>IN THE HOUSE OF REPRESENTATIVES</current-chamber><action display="yes"><action-date date="20170109">January 9, 2017</action-date><action-desc><sponsor name-id="C001101">Ms. Clark of Massachusetts</sponsor> (for herself, <cosponsor name-id="N000015">Mr. Neal</cosponsor>, <cosponsor name-id="C000714">Mr. Conyers</cosponsor>, <cosponsor name-id="W000800">Mr. Welch</cosponsor>, <cosponsor name-id="C001084">Mr. Cicilline</cosponsor>, <cosponsor name-id="C000984">Mr. Cummings</cosponsor>, <cosponsor name-id="D000216">Ms. DeLauro</cosponsor>, <cosponsor name-id="Q000023">Mr. Quigley</cosponsor>, <cosponsor name-id="G000559">Mr. Garamendi</cosponsor>, <cosponsor name-id="H001068">Mr. Huffman</cosponsor>, <cosponsor name-id="V000081">Ms. Velázquez</cosponsor>, <cosponsor name-id="M001137">Mr. Meeks</cosponsor>, <cosponsor name-id="L000559">Mr. Langevin</cosponsor>, <cosponsor name-id="N000179">Mrs. Napolitano</cosponsor>, <cosponsor name-id="S001145">Ms. Schakowsky</cosponsor>, <cosponsor name-id="D000610">Mr. Deutch</cosponsor>, <cosponsor name-id="S001150">Mr. Schiff</cosponsor>, <cosponsor name-id="G000574">Mr. Gallego</cosponsor>, <cosponsor name-id="B001278">Ms. Bonamici</cosponsor>, <cosponsor name-id="P000597">Ms. Pingree</cosponsor>, <cosponsor name-id="C001037">Mr. Capuano</cosponsor>, <cosponsor name-id="K000188">Mr. Kind</cosponsor>, <cosponsor name-id="E000296">Mr. Evans</cosponsor>, <cosponsor name-id="N000002">Mr. Nadler</cosponsor>, <cosponsor name-id="C001068">Mr. Cohen</cosponsor>, <cosponsor name-id="P000608">Mr. Peters</cosponsor>, <cosponsor name-id="S001168">Mr. Sarbanes</cosponsor>, <cosponsor name-id="W000822">Mrs. Watson Coleman</cosponsor>, <cosponsor name-id="L000582">Mr. Ted Lieu of California</cosponsor>, <cosponsor name-id="H001050">Ms. Hanabusa</cosponsor>, <cosponsor name-id="M001188">Ms. Meng</cosponsor>, <cosponsor name-id="D000399">Mr. Doggett</cosponsor>, <cosponsor name-id="M001196">Mr. Moulton</cosponsor>, <cosponsor name-id="O000170">Mr. O'Rourke</cosponsor>, <cosponsor name-id="C001078">Mr. Connolly</cosponsor>, <cosponsor name-id="M001143">Ms. McCollum</cosponsor>, <cosponsor name-id="B001292">Mr. Beyer</cosponsor>, <cosponsor name-id="S000248">Mr. Serrano</cosponsor>, <cosponsor name-id="B001296">Mr. Brendan F. Boyle of Pennsylvania</cosponsor>, <cosponsor name-id="T000465">Ms. Tsongas</cosponsor>, <cosponsor name-id="B000574">Mr. Blumenauer</cosponsor>, <cosponsor name-id="S001200">Mr. Soto</cosponsor>, <cosponsor name-id="D000623">Mr. DeSaulnier</cosponsor>, <cosponsor name-id="B001285">Ms. Brownley of California</cosponsor>, <cosponsor name-id="M001160">Ms. Moore</cosponsor>, <cosponsor name-id="J000288">Mr. Johnson of Georgia</cosponsor>, <cosponsor name-id="E000179">Mr. Engel</cosponsor>, <cosponsor name-id="K000379">Mr. Kennedy</cosponsor>, <cosponsor name-id="T000468">Ms. Titus</cosponsor>, <cosponsor name-id="M001163">Ms. Matsui</cosponsor>, <cosponsor name-id="S001175">Ms. Speier</cosponsor>, <cosponsor name-id="K000375">Mr. Keating</cosponsor>, <cosponsor name-id="P000598">Mr. Polis</cosponsor>, <cosponsor name-id="L000551">Ms. Lee</cosponsor>, <cosponsor name-id="K000009">Ms. Kaptur</cosponsor>, <cosponsor name-id="M000312">Mr. McGovern</cosponsor>, <cosponsor name-id="C001072">Mr. Carson of Indiana</cosponsor>, <cosponsor name-id="E000288">Mr. Ellison</cosponsor>, <cosponsor name-id="L000565">Mr. Loebsack</cosponsor>, <cosponsor name-id="J000032">Ms. Jackson Lee</cosponsor>, <cosponsor name-id="T000472">Mr. Takano</cosponsor>, <cosponsor name-id="G000553">Mr. Al Green of Texas</cosponsor>, <cosponsor name-id="J000126">Ms. Eddie Bernice Johnson of Texas</cosponsor>, <cosponsor name-id="S000510">Mr. Smith of Washington</cosponsor>, <cosponsor name-id="D000191">Mr. DeFazio</cosponsor>, <cosponsor name-id="T000193">Mr. Thompson of Mississippi</cosponsor>, <cosponsor name-id="B001270">Ms. Bass</cosponsor>, <cosponsor name-id="C000754">Mr. Cooper</cosponsor>, <cosponsor name-id="P000610">Ms. Plaskett</cosponsor>, <cosponsor name-id="C001049">Mr. Clay</cosponsor>, <cosponsor name-id="L000562">Mr. Lynch</cosponsor>, <cosponsor name-id="L000581">Mrs. Lawrence</cosponsor>, <cosponsor name-id="S000185">Mr. Scott of Virginia</cosponsor>, <cosponsor name-id="H001047">Mr. Himes</cosponsor>, <cosponsor name-id="P000096">Mr. Pascrell</cosponsor>, <cosponsor name-id="L000579">Mr. Lowenthal</cosponsor>, <cosponsor name-id="P000607">Mr. Pocan</cosponsor>, <cosponsor name-id="L000263">Mr. Levin</cosponsor>, <cosponsor name-id="G000551">Mr. Grijalva</cosponsor>, <cosponsor name-id="F000454">Mr. Foster</cosponsor>, <cosponsor name-id="K000382">Ms. Kuster of New Hampshire</cosponsor>, <cosponsor name-id="C001080">Ms. Judy Chu of California</cosponsor>, <cosponsor name-id="D000624">Mrs. Dingell</cosponsor>, <cosponsor name-id="L000580">Ms. Michelle Lujan Grisham of New Mexico</cosponsor>, <cosponsor name-id="K000385">Ms. Kelly of Illinois</cosponsor>, <cosponsor name-id="S000480">Ms. Slaughter</cosponsor>, <cosponsor name-id="R000606">Mr. Raskin</cosponsor>, <cosponsor name-id="P000034">Mr. Pallone</cosponsor>, <cosponsor name-id="P000593">Mr. Perlmutter</cosponsor>, <cosponsor name-id="C001066">Ms. Castor of Florida</cosponsor>, <cosponsor name-id="K000381">Mr. Kilmer</cosponsor>, <cosponsor name-id="S001170">Ms. Shea-Porter</cosponsor>, <cosponsor name-id="Y000062">Mr. Yarmuth</cosponsor>, and <cosponsor name-id="S000344">Mr. Sherman</cosponsor>) introduced the following bill; which was referred to the <committee-name committee-id="HGO00">Committee on Oversight and Government Reform</committee-name>, and in addition to the Committees on <committee-name committee-id="HWM00">Ways and Means</committee-name>, and <committee-name committee-id="HJU00">the Judiciary</committee-name>, for a period to be subsequently determined by the Speaker, in each case for consideration of such
			 provisions as fall within the jurisdiction of the committee concerned</action-desc></action><legis-type>A BILL</legis-type><official-title display="yes">To address financial conflicts of interest of the President and Vice President.</official-title></form>
	<legis-body id="H97B0C161EACD4C38AA65113B6915C0C3" style="OLC">
 <section id="H4F3F92A92F2645FA85F7B6ED7382D388" section-type="section-one"><enum>1.</enum><header>Short title</header><text display-inline="no-display-inline">This Act may be cited as the <quote><short-title>Presidential Conflicts of Interest Act of 2017</short-title></quote>.</text> </section><section id="HE089045E4F914AD9BE98B0B04B51A128"><enum>2.</enum><header>Divestiture of personal financial interests of the President and Vice President that pose a potential conflict of interest</header> <subsection id="HEF7940DAEA67401B8BDB1B97D2F6F516"><enum>(a)</enum><header>Definitions</header> <paragraph id="H50238C52C0E84D3CBDF34889E88D5AFA"><enum>(1)</enum><header>In general</header><text>In this section—</text>
 <subparagraph id="H7FFF28198F3D4102A60B6B18FB3CBB0C"><enum>(A)</enum><text>the term <term>conflict-free holding</term> means a financial interest described in <external-xref legal-doc="usc-act" parsable-cite="usc-act/Ethics in Government Act of 1978 /102">section 102(f)(8)</external-xref> of the Ethics in Government Act of 1978 (5 U.S.C. App.);</text>
 </subparagraph><subparagraph id="HCE4CC4440D7F4ED68E2B6F2A23BC63A2"><enum>(B)</enum><text>the term <term>financial interest posing a potential conflict of interest</term> means a financial interest of the President, the Vice President, the spouse of the President or Vice President, or a minor child of the President or Vice President, as applicable, that—</text>
 <clause id="HBE0A307B2C9D44648CBEA33469DB79BF"><enum>(i)</enum><text>would constitute a financial interest described in subsection (a) of section 208 of title 18, United States Code—</text>
 <subclause id="H488EE37A323A475199A8C2AC971266B9"><enum>(I)</enum><text>if—</text> <item id="H97FC7404F6CF4CAFAB1C3D308BC6C04C"><enum>(aa)</enum><text>for purposes of such section 208, the terms <term>officer</term> and <term>employee</term> included the President and the Vice President; and</text>
 </item><item id="HDD388FB56644408C89956AAA01E12C5C"><enum>(bb)</enum><text>the President or Vice President, as applicable, participated as described in subsection (a) of such section 208 in relation to such financial interest; and</text>
 </item></subclause><subclause id="H8FEBB3AABBBC46A5869F5C2FFFB0065B"><enum>(II)</enum><text>determined without regard to any exception under subsection (b) of such section 208; or</text> </subclause></clause><clause id="H2FA983F6D95646768DCEECB6C7768FC5"><enum>(ii)</enum><text>may constitute a present, emolument, office, or title, of any kind whatever, from any king, prince, or foreign state (including from an entity owned or controlled by a foreign government), within the meaning of article I, section 9 of the Constitution of the United States;</text>
 </clause></subparagraph><subparagraph id="H0B9732171CDA45B996DA1AE96B2F201A"><enum>(C)</enum><text>the term <term>qualified blind trust</term> has the meaning given that term in <external-xref legal-doc="usc-act" parsable-cite="usc-act/Ethics in Government Act of 1978 /102">section 102(f)(3)</external-xref> of the Ethics in Government Act of 1978 (5 U.S.C. App.), unless otherwise specified in this Act; and</text>
 </subparagraph><subparagraph id="H4CE6F25AA8E545679423534867EA0F47"><enum>(D)</enum><text>the term <term>tax return</term>—</text> <clause id="H9E4548F18E5E40CD807A53A3FAE8869D"><enum>(i)</enum><text>means any Federal income tax return and any amendment or supplement thereto, including supporting schedules, attachments, or lists which are supplemental to, or part of, the return for the taxable year; and</text>
 </clause><clause id="H9411AB6904144864BF68470A4E1E90FD"><enum>(ii)</enum><text>includes any information return that reports information that does or may affect the liability for tax for the taxable year.</text>
 </clause></subparagraph></paragraph><paragraph id="H5D94D0A7756A42988D9299AAF234ECC6"><enum>(2)</enum><header>Applicability of Ethics in Government Act of 1978</header><text>For purposes of the definition of <term>qualified blind trust</term> in this section, the term <term>supervising ethics officer</term> in <external-xref legal-doc="usc-act" parsable-cite="usc-act/Ethics in Government Act of 1978 /102">section 102(f)(3)</external-xref> of the Ethics in Government Act of 1978 (5 U.S.C. App.) means the Director of the Office of Government Ethics.</text>
				</paragraph></subsection><subsection commented="no" id="HD7C09E585BB2485298C781984BE62C77"><enum>(b)</enum><header>Initial financial disclosure</header>
				<paragraph commented="no" id="H1CA8FC9729C6431DB8D4B29DD1219851"><enum>(1)</enum><header>Submission of disclosure</header>
 <subparagraph commented="no" id="HCC04F72024B64A99BC77039EFA82B154"><enum>(A)</enum><header>In general</header><text>Not later than 30 days after assuming the office of President or Vice President, respectively, the President and Vice President shall submit to Congress and the Director of the Office of Government Ethics a disclosure of financial interests.</text>
 </subparagraph><subparagraph commented="no" id="H0AF34246D5F64C9AB15DA4292EF020C4"><enum>(B)</enum><header>Application to sitting President and Vice President</header><text>For any individual who is serving as the President or Vice President on the date of enactment of this Act, the disclosure of financial interests shall be submitted to Congress and the Director of the Office of Government Ethics not later than 30 days after the date of enactment of this Act.</text>
					</subparagraph></paragraph><paragraph commented="no" id="H8885B577F61D41F4A9B3C69475539032"><enum>(2)</enum><header>Contents</header>
 <subparagraph commented="no" id="H79D2179EE2474362A6DBC3B54E7DC17B"><enum>(A)</enum><header>President</header><text>The disclosure of financial interests submitted under paragraph (1) by the President shall—</text> <clause id="HBD97118F677E4D7A901A956CF4FF221D"><enum>(i)</enum><text>describe in detail each financial interest of the President, the spouse of the President, or a minor child of the President;</text>
 </clause><clause id="HC4D7CBD7F41F4FB7A59EB4E0A91CC7A4"><enum>(ii)</enum><text>at a minimum, include the information relating to each such financial interest that is required for reports under <external-xref legal-doc="usc-act" parsable-cite="usc-act/Ethics in Government Act of 1978 /102">section 102</external-xref> of the Ethics in Government Act of 1978 (5 U.S.C. App.); and</text>
 </clause><clause id="H208D0CB05F7C4AAF9858B09CA5B49AA9"><enum>(iii)</enum><text>include the tax returns filed by or on behalf of the President for—</text> <subclause id="H8BA6076570A448A0975B6903161DD168"><enum>(I)</enum><text>the 3 most recent taxable years; and</text>
 </subclause><subclause id="H1426310539A840629F81EBB75A809AC2"><enum>(II)</enum><text>each taxable year for which an audit of the return by the Internal Revenue Service is pending on the date the report is filed.</text>
 </subclause></clause></subparagraph><subparagraph commented="no" id="H5EA8270CD24F499EB6913599BF026F66"><enum>(B)</enum><header>Vice President</header><text>The disclosure of financial interests submitted under paragraph (1) by the Vice President shall—</text> <clause id="H986BF1581DD44B1C8F64766ED1989013"><enum>(i)</enum><text>describe in detail each financial interest of the Vice President, the spouse of the Vice President, or a minor child of the Vice President;</text>
 </clause><clause id="H2CE34F692E0747DC98529BE727D96003"><enum>(ii)</enum><text>at a minimum, include the information relating to each such financial interest that is required for reports under <external-xref legal-doc="usc-act" parsable-cite="usc-act/Ethics in Government Act of 1978 /102">section 102</external-xref> of the Ethics in Government Act of 1978 (5 U.S.C. App.); and</text>
 </clause><clause id="H5BE7CB6BDFF944A1B4FCF36C19820B21"><enum>(iii)</enum><text>include the tax returns filed by or on behalf of the Vice President for—</text> <subclause id="H5FD5CDF3374C4E8DA4ADCDD2E70BBBF2"><enum>(I)</enum><text>the 3 most recent taxable years; and</text>
 </subclause><subclause commented="no" display-inline="no-display-inline" id="HCFE34AAEDD984EC29E358712D421F78B"><enum>(II)</enum><text>each taxable year for which an audit of the return by the Internal Revenue Service is pending on the date the report is filed.</text>
							</subclause></clause></subparagraph></paragraph></subsection><subsection commented="no" id="HE4AE8F9752D6492DA47AC9D493C808B3"><enum>(c)</enum><header>Divestiture of financial interests posing a potential conflict of interest</header>
 <paragraph commented="no" id="HC07E2AD94F354B0D8C1E5FD746C39A09"><enum>(1)</enum><header>In general</header><text>The President, the Vice President, the spouse of the President or Vice President, and any minor child of the President or Vice President shall divest of any financial interest posing a potential conflict of interest by transferring such interest to a qualified blind trust.</text>
 </paragraph><paragraph commented="no" id="HF21F372C10BF4D09AFFD071B4C7AEA7E"><enum>(2)</enum><header>Trustee duties</header><text>Within a reasonable period of time after the date a financial interest is transferred to a qualified blind trust under paragraph (1), the trustee of the qualified blind trust shall—</text>
 <subparagraph commented="no" id="H4FED9737834941DFBA397F4C38B3FD12"><enum>(A)</enum><text>sell the financial interest; and</text> </subparagraph><subparagraph commented="no" id="H715AAFF24CA2416E8ADE6E75C9DB296C"><enum>(B)</enum><text>use the proceeds of the sale of the financial interest to purchase conflict-free holdings.</text>
					</subparagraph></paragraph></subsection><subsection commented="no" id="H6D9AABB67A3E4CDC9BABC5EE44663021"><enum>(d)</enum><header>Review by Office of Government Ethics</header>
 <paragraph commented="no" id="HC86C546D84B34380AA6614B308F01CDA"><enum>(1)</enum><header>In general</header><text>The Director of the Office of Government Ethics shall submit to Congress, the President, and the Vice President an annual report regarding the financial interests of the President, the Vice President, the spouse of the President or Vice President, and any minor child of the President or Vice President.</text>
 </paragraph><paragraph commented="no" id="H2196D9375BFC4023A0C17950C76A2E18"><enum>(2)</enum><header>Contents</header><text>Each report submitted under paragraph (1) shall—</text> <subparagraph commented="no" id="H423B966552E143389AA144779C16ACDC"><enum>(A)</enum><text>indicate whether any financial interest of the President, the Vice President, the spouse of the President or Vice President, or a minor child of the President or Vice President is a financial interest posing a potential conflict of interest;</text>
 </subparagraph><subparagraph commented="no" id="H0859553075BD4C92A75E68EA46C9EA2A"><enum>(B)</enum><text>evaluate whether any previously held financial interest of the President, the Vice President, the spouse of the President or Vice President, or a minor child of the President or Vice President that was a financial interest posing a potential conflict of interest was divested in accordance with subsection (c); and</text>
 </subparagraph><subparagraph commented="no" id="HC19C4C6F35D14696B509124E085C8ED8"><enum>(C)</enum><text>redact such information as the Director of the Office of Government Ethics determines necessary for preventing identity theft, such as social security numbers or taxpayer identification numbers.</text>
					</subparagraph></paragraph></subsection><subsection id="HA15377BC44324DCF80799ACC16434715"><enum>(e)</enum><header>Enforcement</header>
 <paragraph id="H3BECF78222A14443B0E8C2EC580EBE8B"><enum>(1)</enum><header>In general</header><text>The Attorney General, the attorney general of any State, or any person aggrieved by any violation of subsection (c) may seek declaratory or injunctive relief in a court of competent jurisdiction if—</text>
 <subparagraph id="H1A0AC87A46A04D25B0FE0663CA258F6D"><enum>(A)</enum><text>the Director of the Office of Government Ethics is unable to issue a report indicating whether the President or the Vice President is in substantial compliance with subsection (c); or</text>
 </subparagraph><subparagraph id="H0376D74191B943FE865BF3C310198126"><enum>(B)</enum><text>there is probable cause to believe that the President or the Vice President has not complied with subsection (c).</text>
 </subparagraph></paragraph><paragraph id="H7535A6EB4C4148C1B07094C6F600E7E7"><enum>(2)</enum><header>Fair market value</header><text>In granting injunctive relief to the plaintiff, the court shall ensure that any divestment procedure shall ensure the fair market return for any asset that is liquidated.</text>
 </paragraph></subsection></section><section id="HA3A4C1F46BD24AFD8BA074106B95A98A"><enum>3.</enum><header>Recusal of appointees</header><text display-inline="no-display-inline">Section 208 of title 18, United States Code, is amended by adding at the end the following:</text> <quoted-block display-inline="no-display-inline" id="H8F60F6FA833446A4BEC0E6984A5D0751" style="OLC"> <subsection id="HDAB14901A68446C596A43ED0B768F7FC"><enum>(e)</enum> <paragraph commented="no" display-inline="yes-display-inline" id="HF2F2B1117419447883E4599144EEB887"><enum>(1)</enum><text>Any officer or employee appointed by the President shall recuse himself or herself from any particular matter involving specific parties in which a party to that matter is—</text>
 <subparagraph id="H4A7193F241CB4B26B36EFB15FB952C14" indent="up1"><enum>(A)</enum><text>the President who appointed the officer or employee, which shall include any entity in which the President has a substantial interest; or</text>
 </subparagraph><subparagraph id="HEE2471BCD4CC4374B44D7E10A9075786" indent="up1"><enum>(B)</enum><text>the spouse of the President who appointed the officer or employee, which shall include any entity in which the spouse of the President has a substantial interest.</text>
						</subparagraph></paragraph><paragraph id="HCA23FE2CBB7C431A956710B9E21DBCD9" indent="up1"><enum>(2)</enum>
 <subparagraph commented="no" display-inline="yes-display-inline" id="HE20E85CD5C1E47E98C033A0F880CD53C"><enum>(A)</enum><text>Subject to subparagraph (B), if an officer or employee is recused under paragraph (1), a career appointee in the agency of the officer or employee shall perform the functions and duties of the officer or employee with respect to the matter.</text>
						</subparagraph><subparagraph id="H5550A12C36444E2899808380D1098886" indent="up1"><enum>(B)</enum>
 <clause commented="no" display-inline="yes-display-inline" id="H71ADDDF2FA584A5EBA8908AA34A267F9"><enum>(i)</enum><text>In this subparagraph, the term <term>Commission</term> means a board, commission, or other agency for which the authority of the agency is vested in more than 1 member.</text>
 </clause><clause id="H8FCA88E56C594696A70FBE1E9CCFD669" indent="up1"><enum>(ii)</enum><text>If the recusal of a member of a Commission from a matter under paragraph (1) would result in there not being a statutorily required quorum of members of the Commission available to participate in the matter, notwithstanding such statute or any other provision of law, the members of the Commission not recused under paragraph (1) may—</text>
 <subclause id="H4520B816DC974C24AE8E35CD45FF97F7"><enum>(I)</enum><text>consider the matter without regard to the quorum requirement under such statute;</text> </subclause><subclause id="H414B52FD6C594C8BBC9C8EE224E46B2A"><enum>(II)</enum><text>delegate the authorities and responsibilities of the Commission with respect to the matter to a subcommittee of the Commission; or</text>
 </subclause><subclause id="H68F939072C744F0EABD8AA75D29F3732"><enum>(III)</enum><text>designate an officer or employee of the Commission who was not appointed by the President who appointed the member of the Commission recused from the matter to exercise the authorities and duties of the recused member with respect to the matter.</text>
 </subclause></clause></subparagraph></paragraph><paragraph id="H46701257549E4F80B14685D7442AD379" indent="up1"><enum>(3)</enum><text>Any officer or employee who negligently violates paragraph (1) shall be subject to the penalties set forth in section 216.</text>
 </paragraph><paragraph id="H2C3508E43B584A3C910D5550B3BC5F8E" indent="up1"><enum>(4)</enum><text display-inline="yes-display-inline">For purposes of this section, the term <quote>particular matter</quote> shall have the meaning given the term in section 207(i).</text></paragraph></subsection><after-quoted-block>.</after-quoted-block></quoted-block> </section><section id="H4B1294AF4DFE499789D33FE6982B3424"><enum>4.</enum><header>Contracts by the President or Vice President</header> <subsection id="H7D3C1755F74649ED929DE549EFB76E79"><enum>(a)</enum><header>Amendment</header><text display-inline="yes-display-inline">Section 431 of title 18, United States Code, is amended—</text>
 <paragraph id="HB610121AC0944040B1041D2DF21E8836"><enum>(1)</enum><text display-inline="yes-display-inline">in the section heading, by inserting <quote><header-in-text level="section" style="USC">the President, Vice President, or a</header-in-text></quote> after <quote><header-in-text level="section" style="USC">Contracts by</header-in-text></quote>; and</text> </paragraph><paragraph id="H15A286985B5D44B8BA3B1101F819FDBF"><enum>(2)</enum><text display-inline="yes-display-inline">in the first undesignated paragraph, by inserting <quote>the President or Vice President,</quote> after <quote>Whoever, being</quote>.</text>
 </paragraph></subsection><subsection id="HB315DF9B4BED419D9CAE46666DED0408"><enum>(b)</enum><header>Table of sections amendment</header><text>The table of sections for <external-xref legal-doc="usc-chapter" parsable-cite="usc-chapter/18/23">chapter 23</external-xref> of title 18, United States Code, is amended by striking the item relating to section 431 and inserting the following:</text>
				<quoted-block display-inline="no-display-inline" id="HAB8F2CA8108747078A2C26B5D887457C" style="OLC">
					<toc>
						<toc-entry bold="off" level="section">431. Contracts by the President, Vice President, or a Member of Congress.</toc-entry></toc><after-quoted-block>.</after-quoted-block></quoted-block>
			</subsection></section><section id="HA71ABF2F1F434765B6D2797234F49FF8"><enum>5.</enum><header>Presidential Tax Transparency</header>
 <subsection id="H4ACCD3B29D8743ED96858D4B58197964"><enum>(a)</enum><header>In general</header><text display-inline="yes-display-inline">Title I of the Ethics in Government Act of 1978 (5 U.S.C. App.) is amended—</text> <paragraph id="H9CFDDF6615B5480D948F1151224DC41C"><enum>(1)</enum><text display-inline="yes-display-inline">by inserting after section 102 the following:</text>
					<quoted-block display-inline="no-display-inline" id="HC9129CEFC51C498DA991A952633BF427" style="OLC">
						<section id="HDD70CE86844B48BE876C0E8EBFA351D4"><enum>102A.</enum><header>Disclosure of tax returns</header>
 <subsection id="H3FB8C57EA1524875B6D47E2B98528DF7"><enum>(a)</enum><header>Definitions</header><text>In this section—</text> <paragraph id="H5771E9813D1F43E58CBA2CBF3A3DFAD2"><enum>(1)</enum><text>the term <term>covered candidate</term> means an individual—</text>
 <subparagraph id="HB233546ADF764B2AB89EC70F956F6BF4"><enum>(A)</enum><text>required to file a report under section 101(c); and</text> </subparagraph><subparagraph id="HF88B3224F1DC4867ACB46CAA072FA563"><enum>(B)</enum><text>who is nominated by a major party as a candidate for the office of President; and</text>
 </subparagraph></paragraph><paragraph id="HBBA00D92AB6D4A5F85308FDDA91A93FE"><enum>(2)</enum><text>the term <term>covered individual</term> means—</text> <subparagraph id="H848C0795930F4C7FBD30A1418F597B8D"><enum>(A)</enum><text>a President required to file a report under subsection (a) or (d) of section 101; and</text>
 </subparagraph><subparagraph id="H754C716406CB45639AACCD2FB0B2838C"><enum>(B)</enum><text>an individual who occupies the office of the President required to file a report under section 101(e);</text>
 </subparagraph></paragraph><paragraph id="HA28C017619F3438AA4E750B6A52577F6"><enum>(3)</enum><text>the term <term>major party</term> has the meaning given the term in <external-xref legal-doc="usc" parsable-cite="usc/26/9002">section 9002</external-xref> of the Internal Revenue Code of 1986; and</text> </paragraph><paragraph id="HE721E6F4BE9248FBBE73000F56006AED"><enum>(4)</enum><text>the term <term>income tax return</term> means, with respect to any covered candidate or covered individual, any return (within the meaning of <external-xref legal-doc="usc" parsable-cite="usc/26/6103">section 6103(b)</external-xref> of the Internal Revenue Code of 1986) related to Federal income taxes, but does not include—</text>
 <subparagraph id="H91F22821B10547FF8774852865262C3D"><enum>(A)</enum><text>information returns issued to persons other than such covered candidate or covered individual, and</text> </subparagraph><subparagraph id="H8AE96D2011884D25A153649295F31FA7"><enum>(B)</enum><text>declarations of estimated tax.</text>
									</subparagraph></paragraph></subsection><subsection id="HAF5D62EEB79347D79CD169863F20B3EC"><enum>(b)</enum><header>Disclosure</header>
								<paragraph id="H231A873F36BC4D268467761F6E7F0AD4"><enum>(1)</enum><header>Covered individuals</header>
 <subparagraph id="HB11F00541CDA45BC825D5D7C896DD07A"><enum>(A)</enum><header>In general</header><text display-inline="yes-display-inline">In addition to the information described in subsections (a) and (b) of section 102, a covered individual shall include in each report required to be filed under this title a copy of the income tax returns of the covered individual for the 3 most recent taxable years for which a return have been filed with the Internal Revenue Service as of the date on which the report is filed.</text>
 </subparagraph><subparagraph id="H190D7365F5F54FAAA4656A624F64A9F3"><enum>(B)</enum><header>Failure to disclose</header><text display-inline="yes-display-inline">If an income tax return is not disclosed under subparagraph (A), the Director of the Office of Government Ethics shall submit to the Secretary of the Treasury a request that the Secretary of the Treasury provide the Director of the Office of Government Ethics with a copy of the income tax return.</text>
 </subparagraph><subparagraph id="H2C06F5D9E6B747D8BD89E7F46B5E71A6"><enum>(C)</enum><header>Publicly available</header><text display-inline="yes-display-inline">Each income tax return submitted under this paragraph shall be filed with the Director of the Office of Government Ethics and made publicly available in the same manner as the information described in subsections (a) and (b) of section 102.</text>
 </subparagraph><subparagraph id="H7F4C782CBBCA4D609D61757EB35D2467"><enum>(D)</enum><header>Redaction of certain information</header><text>Before making any income tax return submitted under this paragraph available to the public, the Director of the Office of Government Ethics shall redact such information as the Director of the Office of Government Ethics, in consultation with the Secretary of the Treasury (or a delegate of the Secretary), determines appropriate.</text>
									</subparagraph></paragraph><paragraph id="H60624D7722D74F73AE4B5F92D0A9C259"><enum>(2)</enum><header>Candidates</header>
 <subparagraph id="H94C3EE81DFB740798B03068CEF0291DA"><enum>(A)</enum><header>In general</header><text display-inline="yes-display-inline">Not later than 15 days after the date on which a covered candidate is nominated, the covered candidate shall amend the report filed by the covered candidate under section 101(c) with the Federal Election Commission to include a copy of the income tax returns of the covered candidate for the 3 most recent taxable years for which a return has been filed with the Internal Revenue Service.</text>
 </subparagraph><subparagraph id="H99A5968194484568BF296652D85154F2"><enum>(B)</enum><header>Failure to disclose</header><text display-inline="yes-display-inline">If an income tax return is not disclosed under subparagraph (A) the Federal Election Commission shall submit to the Secretary of the Treasury a request that the Secretary of the Treasury provide the Federal Election Commission with the income tax return.</text>
 </subparagraph><subparagraph commented="no" display-inline="no-display-inline" id="H64118D95C75D417A9DB152C4DF3B7963"><enum>(C)</enum><header display-inline="yes-display-inline">Publicly available</header><text display-inline="yes-display-inline">Each income tax return submitted under this paragraph shall be filed with the Federal Election Commission and made publicly available in the same manner as the information described in section 102(b).</text>
 </subparagraph><subparagraph id="H3F580D2EB798426BB56DCD99FD333717"><enum>(D)</enum><header>Redaction of certain information</header><text>Before making any income tax return submitted under this paragraph available to the public, the Federal Election Commission shall redact such information as the Federal Election Commission, in consultation with the Secretary of the Treasury (or a delegate of the Secretary) and the Director of the Office of Government Ethics, determines appropriate.</text>
 </subparagraph></paragraph><paragraph id="H75DBC229F6244790AC014417BC8DDCE4"><enum>(3)</enum><header>Special rule for sitting Presidents</header><text display-inline="yes-display-inline">Not later than 30 days after the date of enactment of this section, the President shall submit to the Director of the Office of Government Ethics a copy of the income tax returns described in paragraph (1)(A).</text></paragraph></subsection></section><after-quoted-block>; and</after-quoted-block></quoted-block>
 </paragraph><paragraph id="H92741C2617124164B526B450F5E7D9B5"><enum>(2)</enum><text>in section 104—</text> <subparagraph id="H09DB916D98B94DD58B55214B7303CD75"><enum>(A)</enum><text>in subsection (a)—</text>
 <clause id="H7CB438CB7F7E49CF953D2FE784569F3F"><enum>(i)</enum><text>in paragraph (1), in the first sentence, by inserting <quote>or any individual who knowingly and willfully falsifies or who knowingly and willfully fails to file an income tax return that such individual is required to disclose pursuant to section 102A</quote> before the period; and</text>
 </clause><clause id="H86BC7D76D1D74BB6BAF5B2F008BF93FB"><enum>(ii)</enum><text>in paragraph (2)(A)—</text> <subclause id="H2D6D5EC7BD79405B9CF137D15F8C4227"><enum>(I)</enum><text>in clause (i), by inserting <quote>or falsify any income tax return that such person is required to disclose under section 102A</quote> before the semicolon; and</text>
 </subclause><subclause id="HE805B4C82001428D940BF2E7A03A05A3"><enum>(II)</enum><text>in clause (ii), by inserting <quote>or fail to file any income tax return that such person is required to disclosed under section 102A</quote> before the period;</text> </subclause></clause></subparagraph><subparagraph id="H9EEB714E59F4408E846F00C0A212496C"><enum>(B)</enum><text>in subsection (b), in the first sentence by inserting <quote>or willfully failed to file or has willfully falsified an income tax return required to be disclosed under section 102A</quote> before the period;</text>
 </subparagraph><subparagraph id="H1849A747BBE448FCB54CDCE28CE51EF2"><enum>(C)</enum><text>in subsection (c), by inserting <quote>or failing to file or falsifying an income tax return required to be disclosed under section 102A</quote> before the period; and</text> </subparagraph><subparagraph id="H7CE10C5D67264736ADCEEA70FF44C5D0"><enum>(D)</enum><text>in subsection (d)(1)—</text>
 <clause id="H572E49B3760040CDA6E06271E880D644"><enum>(i)</enum><text>in the matter preceding subparagraph (A), by inserting <quote>or files an income tax return required to be disclosed under section 102A</quote> after <quote>title</quote>; and</text> </clause><clause id="H7846F71D0C4A40EA9BC9D35F23A3F999"><enum>(ii)</enum><text>in subparagraph (A), by inserting <quote>or such income tax return, as applicable,</quote> after <quote>report</quote>.</text>
						</clause></subparagraph></paragraph></subsection><subsection id="HF4FDADD81A7D4129A5E5B8C46BFD9678"><enum>(b)</enum><header>Authority To disclose information</header>
 <paragraph id="HAAEE819949BA4EEBA6AAB767B97B04F2"><enum>(1)</enum><header>In general</header><text><external-xref legal-doc="usc" parsable-cite="usc/26/6103">Section 6103(l)</external-xref> of the Internal Revenue Code of 1986 is amended by adding at the end the following new paragraph:</text>
					<quoted-block display-inline="no-display-inline" id="H56EB75F60DD4441B9582D0440A82A86A" style="OLC">
						<paragraph id="H853E9DADB99D4BBD9D8991A4FCBE3555"><enum>(23)</enum><header>Disclosure of return information of Presidents and certain presidential candidates</header>
							<subparagraph id="HC29E3F10BAE944348C2D62438A498649"><enum>(A)</enum><header>Disclosure of returns of Presidents</header>
 <clause commented="no" display-inline="no-display-inline" id="HFDDB424014AF4CECBD10398BCA816556"><enum>(i)</enum><header display-inline="yes-display-inline">In general</header><text display-inline="yes-display-inline">The Secretary shall, upon written request from the Director of the Office of Government Ethics pursuant to section 102A(b)(1)(B) of the Ethics in Government Act of 1978, provide to officers and employees of the Office of Government Ethics a copy of any income tax return of the President which is required to be filed under section 102A of such Act.</text>
 </clause><clause id="HEE671E06C4704E0996FDC6A9B878F26D"><enum>(ii)</enum><header>Disclosure to public</header><text>The Director of the Office of Government Ethics may disclose to the public the income tax return of any President which is required to be filed with the Director pursuant to section 102A of the Ethics in Government Act of 1978.</text>
								</clause></subparagraph><subparagraph id="HEE4111F426664505A140044F27B6EAC2"><enum>(B)</enum><header>Disclosure of returns of certain candidates for President</header>
 <clause commented="no" display-inline="no-display-inline" id="H35858B13D2CC4E57B4076A686C0D853B"><enum>(i)</enum><header display-inline="yes-display-inline">In general</header><text display-inline="yes-display-inline">The Secretary shall, upon written request from the Chairman of the Federal Election Commission pursuant to section 102A(b)(2)(B) of the Ethics in Government Act of 1978, provide to officers and employees of the Federal Election Commission copies of the applicable returns of any person who has been nominated as a candidate of a major party (as defined in section 9002(a)) for the office of President.</text>
 </clause><clause id="H9EDDA3279BF44152ACE8CAA9DC17E2ED"><enum>(ii)</enum><header>Disclosure to public</header><text>The Federal Election Commission may disclose to the public applicable returns of any person who has been nominated as a candidate of a major party (as defined in section 9002(6)) for the office of President and which is required to be filed with the Commission pursuant to section 102A of the Ethics in Government Act.</text>
 </clause></subparagraph><subparagraph id="H630DBD7FE2014728A7A76E31C0CBD3EA"><enum>(C)</enum><header>Applicable returns</header><text>For purposes of this paragraph, the term <term>applicable returns</term> means, with respect to any candidate for the office of President, income tax returns for the 3 most recent taxable years for which a return has been filed as of the date of the nomination.</text></subparagraph></paragraph><after-quoted-block>.</after-quoted-block></quoted-block>
 </paragraph><paragraph commented="no" display-inline="no-display-inline" id="H797F53A9A1724DED897D257951C9FF41"><enum>(2)</enum><header>Conforming amendments</header><text>Section 6103(p)(4) of such Code, in the matter preceding subparagraph (A) and in subparagraph (F)(ii), is amended by striking <quote>or (22)</quote> and inserting <quote>(22), or (23)</quote> each place it appears.</text>
 </paragraph></subsection></section><section id="H9C4E8052B82649F79308E5DADEC5A654"><enum>6.</enum><header>Sense of Congress regarding violations</header><text display-inline="no-display-inline">It is the sense of Congress that a violation of section 2 of this Act or the Ethics in Government Act of 1978 (5 U.S.C. App.) by the President or the Vice President would constitute a high crime or misdemeanor under article II, section 4 of the Constitution of the United States.</text>
 </section><section id="H049828A53D53428494F850A48C81D86B"><enum>7.</enum><header>Rule of construction</header><text display-inline="no-display-inline">Nothing in this Act or an amendment made by this Act shall be construed to violate the Constitution of the United States.</text>
 </section><section id="HFB7BA899DCE1412C8D641C6DE43897B3"><enum>8.</enum><header>Severability</header><text display-inline="no-display-inline">If any provision of this Act or any amendment made by this Act, or any application of such provision or amendment to any person or circumstance, is held to be unconstitutional, the remainder of the provisions of this Act and the amendments made by this Act, and the application of the provision or amendment to any other person or circumstance, shall not be affected.</text>
		</section></legis-body></bill>


