<?xml version="1.0"?>
<?xml-stylesheet type="text/xsl" href="billres.xsl"?>
<!DOCTYPE bill PUBLIC "-//US Congress//DTDs/bill.dtd//EN" "bill.dtd">
<bill bill-stage="Introduced-in-House" bill-type="olc" dms-id="HE74F45BE1FE34A80B877FB5D203A225C" key="H" public-private="public"><metadata xmlns:dc="http://purl.org/dc/elements/1.1/">
<dublinCore>
<dc:title>115 HR 182 IH: Stop Obamacare Spam Act of 2017</dc:title>
<dc:publisher>U.S. House of Representatives</dc:publisher>
<dc:date>2017-01-03</dc:date>
<dc:format>text/xml</dc:format>
<dc:language>EN</dc:language>
<dc:rights>Pursuant to Title 17 Section 105 of the United States Code, this file is not subject to copyright protection and is in the public domain.</dc:rights>
</dublinCore>
</metadata>
<form>
<distribution-code display="yes">I</distribution-code><congress display="yes">115th CONGRESS</congress><session display="yes">1st Session</session><legis-num display="yes">H. R. 182</legis-num><current-chamber>IN THE HOUSE OF REPRESENTATIVES</current-chamber><action display="yes"><action-date date="20170103">January 3, 2017</action-date><action-desc><sponsor name-id="M001190">Mr. Mullin</sponsor> introduced the following bill; which was referred to the <committee-name committee-id="HIF00">Committee on Energy and Commerce</committee-name></action-desc></action><legis-type>A BILL</legis-type><official-title display="yes">To prohibit the Secretary of Health and Human Services from using any type of fee collected to
			 advertise or market Exchanges established under the Patient Protection and
			 Affordable Care Act.</official-title></form>
	<legis-body id="HB41F746F8B804702B271F931524A1279" style="OLC">
 <section id="H232519421BED4400A41A22DF638BAA0D" section-type="section-one"><enum>1.</enum><header>Short title</header><text display-inline="no-display-inline">This Act may be cited as the <quote><short-title>Stop Obamacare Spam Act of 2017</short-title></quote>.</text> </section><section id="HCCE8D3E3582E49BAA45C9827D5F1ED4E"><enum>2.</enum><header>Prohibition of use of fees to advertise or market Exchanges under PPACA</header><text display-inline="no-display-inline">Notwithstanding any other provision of law, on and after the date of the enactment of this Act the Secretary of Health and Human Services may not use any fees collected, including assessments and fees charged under section 1311(d)(5)(A) of the Patient Protection and Affordable Care Act (<external-xref legal-doc="usc" parsable-cite="usc/42/18031">42 U.S.C. 18031(d)(5)(A)</external-xref>), to advertise or otherwise market Exchanges established under such Act, including advertising or marketing qualified health plans offered through such Exchanges.</text>
		</section></legis-body></bill>


