<?xml version="1.0"?>
<?xml-stylesheet type="text/xsl" href="billres.xsl"?>
<!DOCTYPE bill PUBLIC "-//US Congress//DTDs/bill.dtd//EN" "bill.dtd">
<bill bill-stage="Introduced-in-House" bill-type="olc" dms-id="H4D43376B1DF54B098AD65E77C01FE4E7" key="H" public-private="public"><metadata xmlns:dc="http://purl.org/dc/elements/1.1/">
<dublinCore>
<dc:title>115 HR 526 IH: Counterterrorism Advisory Board Act of 2017</dc:title>
<dc:publisher>U.S. House of Representatives</dc:publisher>
<dc:date>2017-01-13</dc:date>
<dc:format>text/xml</dc:format>
<dc:language>EN</dc:language>
<dc:rights>Pursuant to Title 17 Section 105 of the United States Code, this file is not subject to copyright protection and is in the public domain.</dc:rights>
</dublinCore>
</metadata>
<form>
<distribution-code display="yes">I</distribution-code><congress display="yes">115th CONGRESS</congress><session display="yes">1st Session</session><legis-num display="yes">H. R. 526</legis-num><current-chamber>IN THE HOUSE OF REPRESENTATIVES</current-chamber><action display="yes"><action-date date="20170113">January 13, 2017</action-date><action-desc><sponsor name-id="K000386">Mr. Katko</sponsor> (for himself, <cosponsor name-id="H001073">Mr. Hurd</cosponsor>, <cosponsor name-id="D000625">Mr. Donovan</cosponsor>, <cosponsor name-id="V000132">Mr. Vela</cosponsor>, <cosponsor name-id="K000375">Mr. Keating</cosponsor>, <cosponsor name-id="M001157">Mr. McCaul</cosponsor>, <cosponsor name-id="P000604">Mr. Payne</cosponsor>, <cosponsor name-id="M001197">Ms. McSally</cosponsor>, and <cosponsor name-id="R000601">Mr. Ratcliffe</cosponsor>) introduced the following bill; which was referred to the <committee-name committee-id="HHM00">Committee on Homeland Security</committee-name></action-desc></action><legis-type>A BILL</legis-type><official-title display="yes">To amend the Homeland Security Act of 2002 to establish in the Department of Homeland Security a
			 board to coordinate and integrate departmental intelligence, activities,
			 and policy related to counterterrorism, and for other purposes.</official-title></form>
	<legis-body id="H25351C8E6FD64ECAB9C45B7E695F98BD" style="OLC">
 <section id="H90043BB847034E8481E9C3FE557591B7" section-type="section-one"><enum>1.</enum><header>Short title</header><text display-inline="no-display-inline">This Act may be cited as the <quote><short-title>Counterterrorism Advisory Board Act of 2017</short-title></quote>.</text> </section><section id="H924488EF61574F02A42E5AB6E010734C"><enum>2.</enum><header>Department of Homeland Security Counterterrorism Advisory Board</header> <subsection id="H396886781E664B598B7E88053526A81C"><enum>(a)</enum><header>In general</header><text display-inline="yes-display-inline">At the end of subtitle A of title II of the Homeland Security Act of 2002 (<external-xref legal-doc="usc" parsable-cite="usc/6/121">6 U.S.C. 121</external-xref> et seq.) insert the following new section:</text>
				<quoted-block display-inline="no-display-inline" id="HA93C52413A8E440E9AF227988E2965BA" style="OLC">
					<section id="H81B84A4693ED422A80F91BCD6B1C4081"><enum>210G.</enum><header>Departmental coordination on counterterrorism</header>
 <subsection id="HE3BF9C34E6DD43E79EA51A81F862D921"><enum>(a)</enum><header>Establishment</header><text display-inline="yes-display-inline">There is in the Department a board to be composed of senior representatives of departmental operational components and headquarters elements. The purpose of the board shall be to coordinate and integrate departmental intelligence, activities, and policy related to the counterterrorism mission and functions of the Department.</text>
 </subsection><subsection id="HDEA15475315F43F1BC852A58FD7182B1"><enum>(b)</enum><header>Charter</header><text>There shall be a charter to govern the structure and mission of the board. Such charter shall direct the board to focus on the current threat environment and the importance of aligning departmental counterterrorism activities under the Secretary’s guidance. The charter shall be reviewed and updated every four years, as appropriate.</text>
						</subsection><subsection id="HE538251D36C340B1BAE2C0929DD6F189"><enum>(c)</enum><header>Members</header>
 <paragraph id="H5BD5F1CDB70E41AEB09E6F10378802B3"><enum>(1)</enum><header>Chair</header><text>The Secretary shall appoint a Coordinator for Counterterrorism within the Department who will serve as the chair of the board.</text>
 </paragraph><paragraph id="H05707D7DCBF5474A91A0C9BB173EF399"><enum>(2)</enum><header>Additional members</header><text>The Secretary shall appoint additional members of the board from among the following:</text> <subparagraph id="HA5B3513729294E4EB9FE2C0CB8666CFF"><enum>(A)</enum><text>The Transportation Security Administration.</text>
 </subparagraph><subparagraph id="HD3983D09269943D08BB7AEFF4C7517A7"><enum>(B)</enum><text>United States Customs and Border Protection.</text> </subparagraph><subparagraph id="H0B63E480AF74411B979CA59B0190A7BA"><enum>(C)</enum><text>United States Immigration and Customs Enforcement.</text>
 </subparagraph><subparagraph id="HF9174B7ACCE74122963061EC3FD42DE6"><enum>(D)</enum><text>The Federal Emergency Management Agency.</text> </subparagraph><subparagraph id="H5CCC56A4B0DB410FAC0F278B4D352768"><enum>(E)</enum><text>The Coast Guard.</text>
 </subparagraph><subparagraph id="HA91E0713AFA248928CE3A920ED2A1079"><enum>(F)</enum><text>United States Citizenship and Immigration Services.</text> </subparagraph><subparagraph id="HE9BE7D8183AB432BBBED6D08028CC75D"><enum>(G)</enum><text>The United States Secret Service.</text>
 </subparagraph><subparagraph id="H1824725FDF4643779C72F7021F24F331"><enum>(H)</enum><text>The National Protection and Programs Directorate.</text> </subparagraph><subparagraph id="HF0B587FDC0244406A5689D31C1C9F677"><enum>(I)</enum><text>The Office of Operations Coordination.</text>
 </subparagraph><subparagraph id="HF4DB4FE895A040E5BBEE5EB571887B49"><enum>(J)</enum><text>The Office of the General Counsel.</text> </subparagraph><subparagraph id="HE663C54E3C42469083DB71BC7CC7E013"><enum>(K)</enum><text>The Office of Intelligence and Analysis.</text>
 </subparagraph><subparagraph id="HE60A276569DA4BFBA68DCF345EDD966C"><enum>(L)</enum><text>The Office of Policy.</text> </subparagraph><subparagraph id="HE552E9F02E6545BC8130D78CA9B6016D"><enum>(M)</enum><text>The Science and Technology Directorate.</text>
 </subparagraph><subparagraph id="H4193C922D62D40119DDE76D3DFF9D435"><enum>(N)</enum><text>Other Departmental offices and programs as determined appropriate by the Secretary.</text> </subparagraph></paragraph></subsection><subsection id="HDEC6AEEFEFE144FE98BEF6B43D998FD0"><enum>(d)</enum><header>Meetings</header><text>The board shall meet on a regular basis to discuss intelligence and coordinate ongoing threat mitigation efforts and departmental activities, including coordination with other Federal, State, local, tribal, territorial, and private sector partners, and shall make recommendations to the Secretary.</text>
 </subsection><subsection id="H18A729D140DD4E7790D7F4F318564528"><enum>(e)</enum><header>Terrorism alerts</header><text>The board shall advise the Secretary on the issuance of terrorism alerts pursuant to section 203 of this Act.</text>
 </subsection><subsection id="H015711D3A0504003823C542BB1EF33A7"><enum>(f)</enum><header>Prohibition on additional funds</header><text display-inline="yes-display-inline">No additional funds are authorized to carry out this section. This section shall be carried out using amounts otherwise appropriated or made available to the Department.</text></subsection></section><after-quoted-block>.</after-quoted-block></quoted-block>
 </subsection><subsection id="H69CCC578FB124C629B0B60E05A8CE3B4"><enum>(b)</enum><header>Clerical amendment</header><text display-inline="yes-display-inline">The table of contents in section 1(b) of such Act is amended by inserting after the item relating to section 210F the following new item:</text>
				<quoted-block display-inline="no-display-inline" id="H5EB19CA3B30A48CCA09ACA0D359B5F42" style="OLC">
					<toc regeneration="no-regeneration">
						<toc-entry level="section">Sec. 210G. Departmental coordination on counterterrorism.</toc-entry></toc><after-quoted-block>.</after-quoted-block></quoted-block>
 </subsection><subsection id="H3DE8039B8ABD402AAE20FBAC2ED2FDBC"><enum>(c)</enum><header>Report</header><text>Not later than 90 days after the date of the enactment of this Act, the Secretary, acting through the Coordinator for Counterterrorism, shall submit to the Committee on Homeland Security of the House of Representatives and the Committee on Homeland Security and Governmental Affairs of the Senate a report on the status and activities of the board established under section 210G of the Homeland Security Act of 2002, as added by subsection (a).</text>
			</subsection></section></legis-body></bill>


