<?xml version="1.0"?>
<?xml-stylesheet type="text/xsl" href="billres.xsl"?>
<!DOCTYPE bill PUBLIC "-//US Congress//DTDs/bill.dtd//EN" "bill.dtd">
<bill bill-stage="Introduced-in-House" bill-type="olc" dms-id="HE144D864BAFD47A085795EDAB995E13C" key="H" public-private="public"><metadata xmlns:dc="http://purl.org/dc/elements/1.1/">
<dublinCore>
<dc:title>115 HR 95 IH: Veterans’ Access to Child Care Act</dc:title>
<dc:publisher>U.S. House of Representatives</dc:publisher>
<dc:date>2017-01-03</dc:date>
<dc:format>text/xml</dc:format>
<dc:language>EN</dc:language>
<dc:rights>Pursuant to Title 17 Section 105 of the United States Code, this file is not subject to copyright protection and is in the public domain.</dc:rights>
</dublinCore>
</metadata>
<form>
<distribution-code display="yes">I</distribution-code><congress display="yes">115th CONGRESS</congress><session display="yes">1st Session</session><legis-num display="yes">H. R. 95</legis-num><current-chamber>IN THE HOUSE OF REPRESENTATIVES</current-chamber><action display="yes"><action-date date="20170103">January 3, 2017</action-date><action-desc><sponsor name-id="B001285">Ms. Brownley of California</sponsor> (for herself, <cosponsor name-id="W000799">Mr. Walz</cosponsor>, <cosponsor name-id="K000382">Ms. Kuster of New Hampshire</cosponsor>, <cosponsor name-id="R000602">Miss Rice of New York</cosponsor>, <cosponsor name-id="T000472">Mr. Takano</cosponsor>, and <cosponsor name-id="H001038">Mr. Higgins of New York</cosponsor>) introduced the following bill; which was referred to the <committee-name committee-id="HVR00">Committee on Veterans' Affairs</committee-name></action-desc></action><legis-type>A BILL</legis-type><official-title display="yes">To amend title 38, United States Code, to direct the Secretary of Veterans Affairs to provide child
			 care assistance to veterans receiving certain medical services provided by
			 the Department of Veterans Affairs.</official-title></form>
	<legis-body id="H4A8CEC350FBE4D708A6EA109ED8C0147" style="OLC">
 <section id="HC7620E9DB6224102926946D0174205B7" section-type="section-one"><enum>1.</enum><header>Short title</header><text display-inline="no-display-inline">This Act may be cited as the <quote><short-title>Veterans’ Access to Child Care Act</short-title></quote>.</text> </section><section id="H8FFE848A2FFF460791648D21D9C488CA"><enum>2.</enum><header>Child care assistance for veterans receiving mental health care and other intensive health care services provided by the Department of Veterans Affairs</header> <subsection id="H28858381AF28480A85BBACC656FD14AD"><enum>(a)</enum><header>In general</header><text>Subchapter III of <external-xref legal-doc="usc-chapter" parsable-cite="usc-chapter/38/17">chapter 17</external-xref> of title 38, United States Code, is amended by adding at the end the following new section:</text>
				<quoted-block display-inline="no-display-inline" id="HD2EDB020A77547168A1B41D6A285A882" style="USC">
					<section id="HD6D064D9512046D0A2FA28273BF0646E"><enum>1730B.</enum><header>Child care assistance for veterans receiving mental health care and other intensive health care
			 services</header>
 <subsection id="H3870213F0B5C418181D9E210CC627034"><enum>(a)</enum><header>In general</header><text display-inline="yes-display-inline">The Secretary shall provide child care assistance to an eligible veteran for any period that the veteran—</text>
 <paragraph id="H18E7C5FC6D4E451ABB85C2492BB6F0B9"><enum>(1)</enum><text>receives covered health care services at a facility of the Department; and</text> </paragraph><paragraph id="HD32FA75FE39A4BFC9EABC199C8CE728E"><enum>(2)</enum><text>is required travel to and return from such facility for the receipt of such health care services.</text>
							</paragraph></subsection><subsection id="H4C74CDD4163D407CB19E000D2A0B3920"><enum>(b)</enum><header>Child Care Assistance</header>
 <paragraph commented="no" display-inline="yes-display-inline" id="HB3CF4BDEF0B847F6A2D2F3730252496D"><enum>(1)</enum><text>Child care assistance provided under this section may include any of the following:</text> <subparagraph id="H22F0FCDDCDE74C45A779B4F2449A01A2" indent="up1"><enum>(A)</enum><text>A stipend for the payment of child care offered by a licensed child care center (either directly or through a voucher program) which shall be, to the extent practicable, modeled after the Department of Veterans Affairs Child Care Subsidy Program established pursuant to section 590 of title 40.</text>
 </subparagraph><subparagraph id="HE79548C16C2348E7AF7194C95C529DE3" indent="up1"><enum>(B)</enum><text>Direct provision of child care at an on-site facility of the Department.</text> </subparagraph><subparagraph id="H3F4152B981DF41CF85E69B5BE3D28D0F" indent="up1"><enum>(C)</enum><text>A payment made directly to a private child care agency.</text>
 </subparagraph><subparagraph id="H18A3495A0EC841A286313DFFC4C93DC9" indent="up1"><enum>(D)</enum><text>A collaboration with a facility or program of another Federal department or agency.</text> </subparagraph><subparagraph id="HB2928B9101794F2A9279EB738736540D" indent="up1"><enum>(E)</enum><text>Such other form of assistance as the Secretary considers appropriate.</text>
 </subparagraph></paragraph><paragraph display-inline="no-display-inline" id="HE1CF831985814552B442428B7E34E961" indent="up1"><enum>(2)</enum><text>In the case that child care assistance under this section is provided as a stipend under paragraph (1)(A), such stipend shall cover the full cost of such child care.</text>
 </paragraph></subsection><subsection id="H79C64B8309AD4F2389D9A64E37E38565"><enum>(c)</enum><header>Definitions</header><text>In this section:</text> <paragraph id="H5605ACA394424299B2CA8F68EB8406CD"><enum>(1)</enum><text>The term <term>eligible veteran</term> means a veteran who—</text>
 <subparagraph id="HAE2D65977B294CBAA106F005B7747FFA"><enum>(A)</enum><text>is the primary caretaker of a child or children; and</text> </subparagraph><subparagraph id="HD04CBC04F9B148E0B7947DCFE39059BD"><enum>(B)</enum><text>is—</text>
 <clause id="HFD27465D978441B4BCF85BF8760D5EED"><enum>(i)</enum><text>receiving covered health care services from the Department; or</text> </clause><clause id="H82D5F8E3ED0A4049AC6AD2345E4A717C"><enum>(ii)</enum><text>in need of covered health care services, and but for lack of child care services, would receive such covered health care services from the Department.</text>
 </clause></subparagraph></paragraph><paragraph id="HB10C818200F541AB89B30FA5EAA94CCE"><enum>(2)</enum><text>The term <term>covered health care services</term> means—</text> <subparagraph id="HA4A51CB99FB24C108587CE799EF2F1FA"><enum>(A)</enum><text>regular mental health care services;</text>
 </subparagraph><subparagraph id="HF91139E4C151412C90C5E240AE003C66"><enum>(B)</enum><text>intensive mental health care services; or</text> </subparagraph><subparagraph id="H1EA97CBFA2C24F50A79C1A1567C27E6B"><enum>(C)</enum><text>such other intensive health care services that the Secretary determines that provision of assistance to the veteran to obtain child care would improve access to such health care services by the veteran.</text></subparagraph></paragraph></subsection></section><after-quoted-block>.</after-quoted-block></quoted-block>
 </subsection><subsection id="HA76BD893D4F94F489681245CF019140A"><enum>(b)</enum><header>Clerical amendment</header><text>The table of sections at the beginning of such chapter is amended by inserting after the item relating to section 1730A the following new item:</text>
				<quoted-block display-inline="no-display-inline" id="HDC1282459A584689A12E4F3A74B84949" style="USC">
					<toc regeneration="no-regeneration">
						<toc-entry level="section">1730B. Child care for veterans receiving mental health care and other intensive health care
			 services.</toc-entry></toc><after-quoted-block>.</after-quoted-block></quoted-block>
			</subsection></section></legis-body></bill>


