<?xml version="1.0"?>
<?xml-stylesheet type="text/xsl" href="billres.xsl"?>
<!DOCTYPE bill PUBLIC "-//US Congress//DTDs/bill.dtd//EN" "bill.dtd">
<bill bill-stage="Introduced-in-House" dms-id="H47F97578AA6B478DA63855AC849121AB" public-private="public" key="H" bill-type="olc"><form><distribution-code display="yes">I</distribution-code><congress display="yes">115th CONGRESS</congress><session display="yes">1st Session</session><legis-num display="yes">H. R. 637</legis-num><current-chamber>IN THE HOUSE OF REPRESENTATIVES</current-chamber><action display="yes"><action-date date="20170124">January 24, 2017</action-date><action-desc><sponsor name-id="P000609">Mr. Palmer</sponsor> (for himself, <cosponsor name-id="M001195">Mr. Mooney of West Virginia</cosponsor>, <cosponsor name-id="B001302">Mr. Biggs</cosponsor>, <cosponsor name-id="H001052">Mr. Harris</cosponsor>, <cosponsor name-id="W000812">Mrs. Wagner</cosponsor>, <cosponsor name-id="F000460">Mr. Farenthold</cosponsor>, <cosponsor name-id="G000563">Mr. Gibbs</cosponsor>, <cosponsor name-id="G000289">Mr. Goodlatte</cosponsor>, <cosponsor name-id="L000566">Mr. Latta</cosponsor>, <cosponsor name-id="W000815">Mr. Wenstrup</cosponsor>, <cosponsor name-id="B001289">Mr. Byrne</cosponsor>, <cosponsor name-id="G000558">Mr. Guthrie</cosponsor>, <cosponsor name-id="B001291">Mr. Babin</cosponsor>, <cosponsor name-id="W000821">Mr. Westerman</cosponsor>, <cosponsor name-id="F000459">Mr. Fleischmann</cosponsor>, <cosponsor name-id="W000806">Mr. Webster of Florida</cosponsor>, <cosponsor name-id="B001290">Mr. Brat</cosponsor>, <cosponsor name-id="M001180">Mr. McKinley</cosponsor>, <cosponsor name-id="R000603">Mr. Rouzer</cosponsor>, <cosponsor name-id="S001183">Mr. Schweikert</cosponsor>, <cosponsor name-id="V000129">Mr. Valadao</cosponsor>, <cosponsor name-id="N000181">Mr. Nunes</cosponsor>, <cosponsor name-id="B001273">Mrs. Black</cosponsor>, <cosponsor name-id="L000578">Mr. LaMalfa</cosponsor>, <cosponsor name-id="L000564">Mr. Lamborn</cosponsor>, <cosponsor name-id="C001103">Mr. Carter of Georgia</cosponsor>, <cosponsor name-id="J000297">Mr. Jenkins of West Virginia</cosponsor>, <cosponsor name-id="L000491">Mr. Lucas</cosponsor>, <cosponsor name-id="G000576">Mr. Grothman</cosponsor>, <cosponsor name-id="T000467">Mr. Thompson of Pennsylvania</cosponsor>, <cosponsor name-id="B001301">Mr. Bergman</cosponsor>, <cosponsor name-id="C001076">Mr. Chaffetz</cosponsor>, <cosponsor name-id="S001195">Mr. Smith of Missouri</cosponsor>, <cosponsor name-id="H001036">Mr. Hensarling</cosponsor>, <cosponsor name-id="D000615">Mr. Duncan of South Carolina</cosponsor>, <cosponsor name-id="B001299">Mr. Banks of Indiana</cosponsor>, <cosponsor name-id="J000289">Mr. Jordan</cosponsor>, <cosponsor name-id="H001071">Mr. Jody B. Hice of Georgia</cosponsor>, <cosponsor name-id="B000213">Mr. Barton</cosponsor>, <cosponsor name-id="W000795">Mr. Wilson of South Carolina</cosponsor>, <cosponsor name-id="C001051">Mr. Carter of Texas</cosponsor>, <cosponsor name-id="C001048">Mr. Culberson</cosponsor>, <cosponsor name-id="R000601">Mr. Ratcliffe</cosponsor>, <cosponsor name-id="A000367">Mr. Amash</cosponsor>, <cosponsor name-id="R000598">Mr. Rothfus</cosponsor>, <cosponsor name-id="B001297">Mr. Buck</cosponsor>, <cosponsor name-id="M001158">Mr. Marchant</cosponsor>, <cosponsor name-id="B000755">Mr. Brady of Texas</cosponsor>, <cosponsor name-id="C001096">Mr. Cramer</cosponsor>, <cosponsor name-id="N000184">Mrs. Noem</cosponsor>, <cosponsor name-id="S000583">Mr. Smith of Texas</cosponsor>, <cosponsor name-id="C001109">Ms. Cheney</cosponsor>, <cosponsor name-id="B001269">Mr. Barletta</cosponsor>, <cosponsor name-id="G000552">Mr. Gohmert</cosponsor>, <cosponsor name-id="M001189">Mr. Messer</cosponsor>, <cosponsor name-id="M001187">Mr. Meadows</cosponsor>, <cosponsor name-id="S000051">Mr. Sanford</cosponsor>, <cosponsor name-id="W000819">Mr. Walker</cosponsor>, <cosponsor name-id="M001190">Mr. Mullin</cosponsor>, <cosponsor name-id="R000591">Mrs. Roby</cosponsor>, <cosponsor name-id="B001293">Mr. Bishop of Michigan</cosponsor>, <cosponsor name-id="K000376">Mr. Kelly of Pennsylvania</cosponsor>, <cosponsor name-id="R000575">Mr. Rogers of Alabama</cosponsor>, <cosponsor name-id="W000820">Mrs. Mimi Walters of California</cosponsor>, <cosponsor name-id="B001274">Mr. Brooks of Alabama</cosponsor>, <cosponsor name-id="G000565">Mr. Gosar</cosponsor>, <cosponsor name-id="O000168">Mr. Olson</cosponsor>, <cosponsor name-id="S000250">Mr. Sessions</cosponsor>, <cosponsor name-id="A000374">Mr. Abraham</cosponsor>, <cosponsor name-id="H001059">Mr. Hultgren</cosponsor>, <cosponsor name-id="W000814">Mr. Weber of Texas</cosponsor>, <cosponsor name-id="L000573">Mr. Labrador</cosponsor>, <cosponsor name-id="A000372">Mr. Allen</cosponsor>, <cosponsor name-id="C001087">Mr. Crawford</cosponsor>, <cosponsor name-id="A000055">Mr. Aderholt</cosponsor>, <cosponsor name-id="P000606">Mr. Pittenger</cosponsor>, <cosponsor name-id="M001198">Mr. Marshall</cosponsor>, <cosponsor name-id="W000816">Mr. Williams</cosponsor>, <cosponsor name-id="J000174">Mr. Sam Johnson of Texas</cosponsor>, <cosponsor name-id="P000605">Mr. Perry</cosponsor>, <cosponsor name-id="T000470">Mr. Tipton</cosponsor>, <cosponsor name-id="C000266">Mr. Chabot</cosponsor>, <cosponsor name-id="K000362">Mr. King of Iowa</cosponsor>, <cosponsor name-id="P000588">Mr. Pearce</cosponsor>, <cosponsor name-id="S001176">Mr. Scalise</cosponsor>, <cosponsor name-id="P000592">Mr. Poe of Texas</cosponsor>, <cosponsor name-id="Y000065">Mr. Yoho</cosponsor>, <cosponsor name-id="M001184">Mr. Massie</cosponsor>, <cosponsor name-id="R000592">Mr. Rokita</cosponsor>, <cosponsor name-id="C001053">Mr. Cole</cosponsor>, <cosponsor name-id="G000580">Mr. Garrett</cosponsor>, <cosponsor name-id="M001179">Mr. Marino</cosponsor>, <cosponsor name-id="R000583">Mr. Thomas J. Rooney of Florida</cosponsor>, <cosponsor name-id="F000448">Mr. Franks of Arizona</cosponsor>, <cosponsor name-id="H001053">Mrs. Hartzler</cosponsor>, <cosponsor name-id="J000255">Mr. Jones</cosponsor>, and <cosponsor name-id="D000626">Mr. Davidson</cosponsor>) introduced the following bill; which was referred to the <committee-name committee-id="HIF00">Committee on Energy and Commerce</committee-name>, and in addition to the Committees on <committee-name committee-id="HII00">Natural Resources</committee-name>, <committee-name committee-id="HPW00">Transportation and Infrastructure</committee-name>, and <committee-name committee-id="HAG00">Agriculture</committee-name>, for a period to be subsequently determined by the Speaker, in each case for consideration of such provisions as fall within the jurisdiction of the committee concerned</action-desc></action><legis-type>A BILL</legis-type><official-title display="yes">To prevent the Environmental Protection Agency from exceeding its statutory authority in ways that were not contemplated by the Congress.</official-title></form><legis-body id="HA5160A8EADDC4217872A54B3C6ABE929" style="OLC"> 
<section id="H3143ADEF0A0243F399E170ED7B3122B4" section-type="section-one"><enum>1.</enum><header>Short title</header><text display-inline="no-display-inline">This Act may be cited as the <quote><short-title>Stopping EPA Overreach Act of 2017</short-title></quote>.</text></section> <section id="HAB289E08EE7F410B8B231DBECEC07D55"><enum>2.</enum><header>Findings</header><text display-inline="no-display-inline">Congress finds that—</text> 
<paragraph id="H2DEC931DF420404A8B3BDC7FF0ECB6FD"><enum>(1)</enum><text display-inline="yes-display-inline">the Environmental Protection Agency has exceeded its statutory authority by promulgating regulations that were not contemplated by Congress in the authorizing language of the statutes enacted by Congress;</text></paragraph> <paragraph id="HFC81BE6F3FEC4804A736C9B52DCBDF38"><enum>(2)</enum><text display-inline="yes-display-inline">the Environmental Protection Agency was correct not to classify greenhouse gases as pollutants prior to 2009;</text></paragraph> 
<paragraph id="H30041436A65C49839EA58D28BB6BD702"><enum>(3)</enum><text>no Federal agency has the authority to regulate greenhouse gases under current law; and</text></paragraph> <paragraph id="HD25A18B4A6454ADA976FCCA844EBCBE3"><enum>(4)</enum><text>no attempt to regulate greenhouse gases should be undertaken without further Congressional action.</text></paragraph></section> 
<section id="H41660AC2C2F34E9B8A8E6CAA0A910853"><enum>3.</enum><header>Clarification of Federal regulatory authority to exclude greenhouse gases from regulation under the Clean Air Act</header> 
<subsection id="H7833A860DA8A4B3B98992C6DAA01D670"><enum>(a)</enum><header>Repeal of Federal climate change regulation</header> 
<paragraph id="HF140394CF22E4E9B9041981BD616FC38"><enum>(1)</enum><header>Greenhouse gas regulation under Clean Air Act</header><text>Section 302(g) of the Clean Air Act (<external-xref legal-doc="usc" parsable-cite="usc/42/7602">42 U.S.C. 7602(g)</external-xref>) is amended—</text> <subparagraph id="H9042D76A782D4DCAA5A356EECAD7FBD8"><enum>(A)</enum><text>by striking <quote>(g) The term</quote> and inserting the following:</text> 
<quoted-block display-inline="no-display-inline" id="H7A9E694ACFDF46809CF6C7C09DD0B6DA" style="OLC"> 
<subsection id="H5F030B9426724970B0E203A6E6574140"><enum>(g)</enum><header>Air pollutant</header> 
<paragraph id="HBF6A6B93C0E74800BCF507240CE532A2"><enum>(1)</enum><header>In general</header><text>The term</text></paragraph></subsection><after-quoted-block>; and</after-quoted-block></quoted-block></subparagraph> <subparagraph id="H0DFA75E0BC2D4E71938F324F47D5AB65"><enum>(B)</enum><text>by adding at the end the following:</text> 
<quoted-block display-inline="no-display-inline" id="H4A088E7E1B5C4D9AAF14D2CE3D2DA5CF" style="OLC"> 
<paragraph id="H47BF0C411D9C4A7C9C770E16AF214579"><enum>(2)</enum><header>Exclusion</header><text>The term <term>air pollutant</term> does not include carbon dioxide, water vapor, methane, nitrous oxide, hydrofluorocarbons, perfluorocarbons, or sulfur hexafluoride.</text></paragraph><after-quoted-block>.</after-quoted-block></quoted-block></subparagraph></paragraph> <paragraph id="H62F5D2B8D9564316AD7F11E6D4B8A9E8"><enum>(2)</enum><header>No regulation of climate change</header><text>Notwithstanding any other provision of law, nothing in any of the following Acts or any other law authorizes or requires the regulation of climate change or global warming:</text> 
<subparagraph id="H5752C721107741AEAFFE9344E2B28741"><enum>(A)</enum><text>The Clean Air Act (<external-xref legal-doc="usc" parsable-cite="usc/42/7401">42 U.S.C. 7401</external-xref> et seq.).</text></subparagraph> <subparagraph id="HBB0120BB302C43FAAB54A8B0049AA519"><enum>(B)</enum><text>The Federal Water Pollution Control Act (<external-xref legal-doc="usc" parsable-cite="usc/33/1251">33 U.S.C. 1251</external-xref> et seq.).</text></subparagraph> 
<subparagraph id="H78C16C57870345CAA953DB2D1D6C8B80"><enum>(C)</enum><text>The National Environmental Policy Act of 1969 (<external-xref legal-doc="usc" parsable-cite="usc/42/4321">42 U.S.C. 4321</external-xref> et seq.).</text></subparagraph> <subparagraph id="HF8FF8CBB4034453C8FF535004823B986"><enum>(D)</enum><text>The Endangered Species Act of 1973 (<external-xref legal-doc="usc" parsable-cite="usc/16/1531">16 U.S.C. 1531</external-xref> et seq.).</text></subparagraph> 
<subparagraph id="HCB4BD65996C14DE18441900E961E43F8"><enum>(E)</enum><text>The Solid Waste Disposal Act (<external-xref legal-doc="usc" parsable-cite="usc/42/6901">42 U.S.C. 6901</external-xref> et seq.).</text></subparagraph></paragraph></subsection> <subsection id="HD35A5D2ECB5A47679E7264622B735054"><enum>(b)</enum><header>Effect on final rules of the EPA</header><text>In accordance with this section, the following final rules (or any similar or successor rules) of the Environmental Protection Agency shall be void and have no force or effect:</text> 
<paragraph id="H210827009078434291645EF3B43C6837" commented="no"><enum>(1)</enum><text>The final rule entitled <quote>Oil and Natural Gas Sector: Emission Standards for New, Reconstructed, and Modified Sources</quote> (published at 81 Fed. Reg. 35823 (June 3, 2016)).</text></paragraph> <paragraph id="HB850FBAA2752402688D6AC7CCC179414" commented="no"><enum>(2)</enum><text>The final rule entitled <quote>Carbon Pollution Emission Guidelines for Existing Stationary Sources: Electric Utility Generating Units</quote> (published at 80 Fed. Reg. 64661 (October 23, 2015)).</text></paragraph> </subsection></section> 
<section id="H94F2FDB7769C42488B8C1E7F47B0FAAF"><enum>4.</enum><header>Jobs analysis for all EPA regulations</header> 
<subsection id="H9F029585DEA348678143541B0C7807A7"><enum>(a)</enum><header>In general</header><text>Before proposing or finalizing any regulation, rule, or policy, the Administrator of the Environmental Protection Agency shall provide an analysis of the regulation, rule, or policy and describe the direct and indirect net and gross impact of the regulation, rule, or policy on employment in the United States.</text></subsection> <subsection id="H955E4DC6024F412A9731223D799DD4D2"><enum>(b)</enum><header>Limitation</header><text>No regulation, rule, or policy described in subsection (a) shall take effect if the regulation, rule, or policy has a negative impact on employment in the United States unless the regulation, rule, or policy is approved by Congress and signed by the President.</text></subsection></section> 
</legis-body></bill>

