<?xml version="1.0"?>
<?xml-stylesheet type="text/xsl" href="billres.xsl"?>
<!DOCTYPE bill PUBLIC "-//US Congress//DTDs/bill.dtd//EN" "bill.dtd">
<bill bill-stage="Introduced-in-House" dms-id="H48EAD5ABDA4D447885F20D707208C559" public-private="public" key="H" bill-type="olc"><form><distribution-code display="yes">I</distribution-code><congress display="yes">115th CONGRESS</congress><session display="yes">1st Session</session><legis-num display="yes">H. R. 169</legis-num><current-chamber>IN THE HOUSE OF REPRESENTATIVES</current-chamber><action display="yes"><action-date date="20170103">January 3, 2017</action-date><action-desc><sponsor name-id="H001068">Mr. Huffman</sponsor> (for himself, <cosponsor name-id="D000617">Ms. DelBene</cosponsor>, <cosponsor name-id="D000191">Mr. DeFazio</cosponsor>, <cosponsor name-id="P000613">Mr. Panetta</cosponsor>, <cosponsor name-id="L000582">Mr. Ted Lieu of California</cosponsor>, <cosponsor name-id="L000551">Ms. Lee</cosponsor>, <cosponsor name-id="S001193">Mr. Swalwell of California</cosponsor>, <cosponsor name-id="M001163">Ms. Matsui</cosponsor>, <cosponsor name-id="K000381">Mr. Kilmer</cosponsor>, <cosponsor name-id="L000579">Mr. Lowenthal</cosponsor>, <cosponsor name-id="T000460">Mr. Thompson of California</cosponsor>, <cosponsor name-id="S001175">Ms. Speier</cosponsor>, <cosponsor name-id="P000608">Mr. Peters</cosponsor>, <cosponsor name-id="G000559">Mr. Garamendi</cosponsor>, and <cosponsor name-id="B000574">Mr. Blumenauer</cosponsor>) introduced the following bill; which was referred to the <committee-name committee-id="HII00">Committee on Natural Resources</committee-name></action-desc></action><legis-type>A BILL</legis-type><official-title display="yes">To amend the Outer Continental Shelf Lands Act to permanently prohibit the conduct of offshore drilling on the outer Continental Shelf off the coast of California, Oregon, and Washington.</official-title></form><legis-body id="H0BE24B38EF4C4A4A90424472F3DD5B31" style="OLC"> 
<section id="H43E90393C0C346F89FDF0887982EBA8C" section-type="section-one"><enum>1.</enum><header>Short title</header><text display-inline="no-display-inline">This Act may be cited as the <quote><short-title>West Coast Ocean Protection Act of 2017</short-title></quote>.</text></section> <section id="H3356738C73E34F419841FB2C3B4F023B"><enum>2.</enum><header>Prohibition of oil and gas leasing on the outer Continental Shelf off the coast of California, Oregon, and Washington</header><text display-inline="no-display-inline">Section 8 of the Outer Continental Shelf Lands Act (<external-xref legal-doc="usc" parsable-cite="usc/43/1337">43 U.S.C. 1337</external-xref>) is amended by adding at the end the following:</text> 
<quoted-block id="HF07CB3DD391F487E883469F4E6D6DCF5" style="OLC"> 
<subsection id="HD867B67E3CEE45ED9FD163BC24B00858"><enum>(q)</enum><header>Prohibition of Oil and Gas Leasing in Certain Areas of the Outer Continental Shelf</header><text display-inline="yes-display-inline">Notwithstanding any other provision of this section or any other law, the Secretary of the Interior shall not issue a lease for the exploration, development, or production of oil or natural gas in any area of the outer Continental Shelf off the coast of the State of California, Oregon, or Washington.</text></subsection><after-quoted-block>.</after-quoted-block></quoted-block></section> </legis-body></bill>

