<?xml version="1.0"?>
<?xml-stylesheet type="text/xsl" href="billres.xsl"?>
<!DOCTYPE bill PUBLIC "-//US Congress//DTDs/bill.dtd//EN" "bill.dtd">
<bill bill-stage="Introduced-in-House" bill-type="olc" dms-id="H042BA40CD6AD4668A7DDA6FF1B4C3DDD" key="H" public-private="public"><metadata xmlns:dc="http://purl.org/dc/elements/1.1/">
<dublinCore>
<dc:title>115 HR 502 IH: To permanently reauthorize the Land and Water Conservation Fund.</dc:title>
<dc:publisher>U.S. House of Representatives</dc:publisher>
<dc:date>2017-01-12</dc:date>
<dc:format>text/xml</dc:format>
<dc:language>EN</dc:language>
<dc:rights>Pursuant to Title 17 Section 105 of the United States Code, this file is not subject to copyright protection and is in the public domain.</dc:rights>
</dublinCore>
</metadata>
<form>
<distribution-code display="yes">I</distribution-code><congress display="yes">115th CONGRESS</congress><session display="yes">1st Session</session><legis-num display="yes">H. R. 502</legis-num><current-chamber>IN THE HOUSE OF REPRESENTATIVES</current-chamber><action display="yes"><action-date date="20170112">January 12, 2017</action-date><action-desc><sponsor name-id="G000551">Mr. Grijalva</sponsor> (for himself and <cosponsor name-id="M001181">Mr. Meehan</cosponsor>) introduced the following bill; which was referred to the <committee-name committee-id="HII00">Committee on Natural Resources</committee-name></action-desc></action><legis-type>A BILL</legis-type><official-title display="yes">To permanently reauthorize the Land and Water Conservation Fund.</official-title></form>
	<legis-body id="H89E1C71CB5E648B9A6143E941B39790D" style="OLC">
		<section id="HA6891E6211ED40498F96D168AA867636" section-type="section-one"><enum>1.</enum><header>Permanent reauthorization of Land and Water Conservation Fund</header>
 <subsection id="H1B86FAEB8C99436C893043467047042E"><enum>(a)</enum><header>In general</header><text>Section 200302 of title 54, United States Code, is amended—</text> <paragraph id="H514E4EAAF29548989F96F525099BB1DA"><enum>(1)</enum><text>in subsection (b), in the matter preceding paragraph (1), by striking <quote>During the period ending September 30, 2015, there</quote> and inserting <quote>There</quote>; and</text>
 </paragraph><paragraph id="H6DB7FD6C0E0441CC8F85F233BF1712E7"><enum>(2)</enum><text>in subsection (c)(1), by striking <quote>through September 30, 2015</quote>.</text> </paragraph></subsection><subsection id="HD20A801BF93A47C39BC57957481175BA"><enum>(b)</enum><header>Public access</header><text>Section 200306 of title 54, United States Code, is amended by adding at the end the following:</text>
				<quoted-block display-inline="no-display-inline" id="H8020C746AE2C4E9DAAABA613261728C0" style="OLC">
 <subsection id="H56214DFC8A8342BEBAB89ADBFCB30F52"><enum>(c)</enum><header>Public access</header><text>Not less than 1.5 percent of amounts made available for expenditure in any fiscal year under section 200303, or $10,000,000, whichever is greater, shall be used for projects that secure recreational public access to existing Federal public land for hunting, fishing, and other recreational purposes.</text></subsection><after-quoted-block>.</after-quoted-block></quoted-block>
			</subsection></section></legis-body></bill>


