<?xml version="1.0"?>
<?xml-stylesheet type="text/xsl" href="billres.xsl"?>
<!DOCTYPE bill PUBLIC "-//US Congress//DTDs/bill.dtd//EN" "bill.dtd">
<bill bill-stage="Introduced-in-House" dms-id="HC3A80CC75A6A46A1B95E8650667E03E4" public-private="public" key="H" bill-type="olc"><form><distribution-code display="yes">I</distribution-code><congress display="yes">115th CONGRESS</congress><session display="yes">1st Session</session><legis-num display="yes">H. R. 67</legis-num><current-chamber>IN THE HOUSE OF REPRESENTATIVES</current-chamber><action display="yes"><action-date date="20170103">January 3, 2017</action-date><action-desc><sponsor name-id="J000032">Ms. Jackson Lee</sponsor> introduced the following bill; which was referred to the <committee-name committee-id="HWM00">Committee on Ways and Means</committee-name>, and in addition to the Committees on <committee-name committee-id="HPW00">Transportation and Infrastructure</committee-name>, and <committee-name committee-id="HVR00">Veterans' Affairs</committee-name>, for a period to be subsequently determined by the Speaker, in each case for consideration of such provisions as fall within the jurisdiction of the committee concerned</action-desc></action><legis-type>A BILL</legis-type><official-title display="yes">To ensure that seniors, veterans, and people with disabilities who receive Social Security and certain other Federal benefits receive a $250 payment in the event that no cost-of-living adjustment is payable in a calendar year.</official-title></form><legis-body id="H09398537C3BE48ED845AFF0D54C0DCB9" style="OLC"> 
<section id="H560648AAB6CE4D1294BD678940F0DF19" section-type="section-one"><enum>1.</enum><header>Short title</header><text display-inline="no-display-inline">This Act may be cited as the <quote><short-title>Social Security Safety Dividend Act of 2017</short-title></quote>.</text></section> <section id="HB71BD034FDF54874B2863D74FF43A34C"><enum>2.</enum><header>Payment in lieu of a cost-of-living adjustment to recipients of social security, supplemental security income, railroad retirement benefits, and veterans disability compensation or pension benefits</header> <subsection id="H6084CA11C9D54797B2DF27B3A5DEB52B"><enum>(a)</enum><header>Authority To Make Payments</header> <paragraph id="HC7391B2FE89B44519EA44D60872E69E9"><enum>(1)</enum><header>Eligibility</header> <subparagraph id="H91A936C1F5364C9586F5E30530DDBF6E"><enum>(A)</enum><header>In general</header><text display-inline="yes-display-inline">The Secretary of the Treasury shall disburse, out of any funds in the Treasury of the United States not otherwise appropriated, a cash payment equal to $250 for each non-COLA year of a program providing benefit payments described in clause (i), (ii), or (iii) of subparagraph (C) or in subparagraph (D) to each individual who, for any month during such year, is entitled to such benefit payment.</text></subparagraph>
<subparagraph id="HEDA849DA39F24D099A517EA82EEE6B79"><enum>(B)</enum><header>Non-COLA year</header><text>For purposes of this section, the term <term>non-COLA year</term> means, in connection with a program referred to in subparagraph (A), a 12-month period for which—</text> <clause id="HBE5CA2F37E2F4D65901721464715378D"><enum>(i)</enum><text display-inline="yes-display-inline">a cost-of-living adjustment is generally provided under such program in relation to an index specified in section 215(i) of the Social Security Act (<external-xref legal-doc="usc" parsable-cite="usc/42/415">42 U.S.C. 415(i)</external-xref>); and</text></clause>
<clause id="H31988C2FFB8A4DC1AAA082FED912420C"><enum>(ii)</enum><text>such an adjustment does not take effect by reason of the performance of such index.</text></clause></subparagraph> <subparagraph id="H12F56760B07244CD8373E6F2B5956D72"><enum>(C)</enum><header>Benefit payment described</header><text>For purposes of subparagraph (A):</text>
<clause id="HD6C32DB1530F4AF089E761E7B69EE0A1"><enum>(i)</enum><header>Title ii benefit</header><text>A benefit payment described in this clause is a monthly insurance benefit payable (without regard to sections 202(j)(1) and 223(b) of the Social Security Act (<external-xref legal-doc="usc" parsable-cite="usc/42/402">42 U.S.C. 402(j)(1)</external-xref>, 423(b)) under—</text> <subclause id="H62D119A57BEB40EC9F51A760F8CB4884"><enum>(I)</enum><text>section 202(a) of such Act (<external-xref legal-doc="usc" parsable-cite="usc/42/402">42 U.S.C. 402(a)</external-xref>);</text></subclause>
<subclause id="HBCA6F8B8D8534A88924A54739D181C43"><enum>(II)</enum><text>section 202(b) of such Act (<external-xref legal-doc="usc" parsable-cite="usc/42/402">42 U.S.C. 402(b)</external-xref>);</text></subclause> <subclause id="H09837DE8D84847C6994DDCB5BEF601B5"><enum>(III)</enum><text>section 202(c) of such Act (<external-xref legal-doc="usc" parsable-cite="usc/42/402">42 U.S.C. 402(c)</external-xref>);</text></subclause>
<subclause id="H1EEEA2B779D6419BB40005B9EB267EC7"><enum>(IV)</enum><text>section 202(d)(1)(B)(ii) of such Act (<external-xref legal-doc="usc" parsable-cite="usc/42/402">42 U.S.C. 402(d)(1)(B)(ii)</external-xref>);</text></subclause> <subclause id="HA743A51179014CE1999AB53925B6F8C4"><enum>(V)</enum><text>section 202(e) of such Act (<external-xref legal-doc="usc" parsable-cite="usc/42/402">42 U.S.C. 402(e)</external-xref>);</text></subclause>
<subclause id="H54F4AC251710494B91AAAA8E20DEC63A"><enum>(VI)</enum><text>section 202(f) of such Act (<external-xref legal-doc="usc" parsable-cite="usc/42/402">42 U.S.C. 402(f)</external-xref>);</text></subclause> <subclause id="H48D0FE8C746F442BA59C08021E192296"><enum>(VII)</enum><text>section 202(g) of such Act (<external-xref legal-doc="usc" parsable-cite="usc/42/402">42 U.S.C. 402(g)</external-xref>);</text></subclause>
<subclause id="HC56030294374440F945D2355C40BDB9A"><enum>(VIII)</enum><text>section 202(h) of such Act (<external-xref legal-doc="usc" parsable-cite="usc/42/402">42 U.S.C. 402(h)</external-xref>);</text></subclause> <subclause id="H0783EF2489BC42C8979485B9A51909B1"><enum>(IX)</enum><text>section 223(a) of such Act (<external-xref legal-doc="usc" parsable-cite="usc/42/423">42 U.S.C. 423(a)</external-xref>);</text></subclause>
<subclause id="H9BF1C32949B240798CF525DBB50D06A6"><enum>(X)</enum><text>section 227 of such Act (<external-xref legal-doc="usc" parsable-cite="usc/42/427">42 U.S.C. 427</external-xref>); or</text></subclause> <subclause id="H7651E82BAA824D9F90B52B741ECC4698"><enum>(XI)</enum><text>section 228 of such Act (<external-xref legal-doc="usc" parsable-cite="usc/42/428">42 U.S.C. 428</external-xref>).</text></subclause></clause>
<clause id="HD8FF96A67D8E46C3B95638E7C86925F2"><enum>(ii)</enum><header>Railroad retirement benefit</header><text>A benefit payment described in this clause is a monthly annuity or pension payment payable (without regard to section 5(a)(ii) of the Railroad Retirement Act of 1974 (45 U.S.C. 231d(a)(ii))) under—</text> <subclause id="H3D15DAD0E9C1403894A677C4187734DB"><enum>(I)</enum><text>section 2(a)(1) of such Act (<external-xref legal-doc="usc" parsable-cite="usc/45/231a">45 U.S.C. 231a(a)(1)</external-xref>);</text></subclause>
<subclause id="H2B3611AB175F44E984EF49D5CC48AB1C"><enum>(II)</enum><text>section 2(c) of such Act (<external-xref legal-doc="usc" parsable-cite="usc/45/231a">45 U.S.C. 231a(c)</external-xref>);</text></subclause> <subclause id="HC9A216A4B7E94A0FAF928D0B828CCC52"><enum>(III)</enum><text>section 2(d)(1)(i) of such Act (<external-xref legal-doc="usc" parsable-cite="usc/45/231a">45 U.S.C. 231a(d)(1)(i)</external-xref>);</text></subclause>
<subclause id="H853C8A15C94F48358415E2FA916EC281"><enum>(IV)</enum><text>section 2(d)(1)(ii) of such Act (<external-xref legal-doc="usc" parsable-cite="usc/45/231a">45 U.S.C. 231a(d)(1)(ii)</external-xref>);</text></subclause> <subclause id="H08F5840A0BBA4F288438C042DBF7BD93"><enum>(V)</enum><text>section 2(d)(1)(iii)(C) of such Act to an adult disabled child (<external-xref legal-doc="usc" parsable-cite="usc/45/231a">45 U.S.C. 231a(d)(1)(iii)(C)</external-xref>);</text></subclause>
<subclause id="H93A239F894614C1BA53A44BF24921D26"><enum>(VI)</enum><text>section 2(d)(1)(iv) of such Act (<external-xref legal-doc="usc" parsable-cite="usc/45/231a">45 U.S.C. 231a(d)(1)(iv)</external-xref>);</text></subclause> <subclause id="H0B44B85744F74489806D98175BB32D53"><enum>(VII)</enum><text>section 2(d)(1)(v) of such Act (<external-xref legal-doc="usc" parsable-cite="usc/45/231a">45 U.S.C. 231a(d)(1)(v)</external-xref>); or</text></subclause>
<subclause id="H80B468CF272B4801B79F0813471B6754"><enum>(VIII)</enum><text>section 7(b)(2) of such Act (<external-xref legal-doc="usc" parsable-cite="usc/45/231f">45 U.S.C. 231f(b)(2)</external-xref>) with respect to any of the benefit payments described in clause (i) of this subparagraph.</text></subclause></clause> <clause id="HDD8F46FA02DF410385F3D412B5E1B370"><enum>(iii)</enum><header>Veterans benefit</header><text>A benefit payment described in this clause is a compensation or pension payment payable under—</text>
<subclause id="HE3C045C6F2E14D8182B567528ED4CC04"><enum>(I)</enum><text>section 1110, 1117, 1121, 1131, 1141, or 1151 of title 38, United States Code;</text></subclause> <subclause id="HA775F1CFBE464E6FA7B3FFEEC6E4C51D"><enum>(II)</enum><text>section 1310, 1312, 1313, 1315, 1316, or 1318 of title 38, United States Code;</text></subclause>
<subclause id="H91AD52BE3E5240CA86120B144004205E"><enum>(III)</enum><text>section 1513, 1521, 1533, 1536, 1537, 1541, 1542, or 1562 of title 38, United States Code; or</text></subclause> <subclause id="H4E9BBD2858CE4A87B286EF06FB60E733"><enum>(IV)</enum><text>section 1805, 1815, or 1821 of title 38, United States Code,</text></subclause><continuation-text continuation-text-level="clause">to a veteran, surviving spouse, child, or parent as described in paragraph (2), (3), (4)(A)(ii), or (5) of section 101, title 38, United States Code.</continuation-text></clause></subparagraph>
<subparagraph id="HE0C20121803047CAB2820404325AC485"><enum>(D)</enum><header>SSI cash benefit described</header><text>A SSI cash benefit described in this subparagraph is a cash benefit payable under section 1611 (other than under subsection (e)(1)(B) of such section) or 1619(a) of the Social Security Act (<external-xref legal-doc="usc" parsable-cite="usc/42/1382">42 U.S.C. 1382</external-xref>, 1382h).</text></subparagraph></paragraph> <paragraph id="H44ABC84BCD4C4AD6A5FA948182D94AC4"><enum>(2)</enum><header>Requirement</header><text>A payment shall be made under paragraph (1) only to individuals who reside in 1 of the 50 States, the District of Columbia, Puerto Rico, Guam, the United States Virgin Islands, American Samoa, or the Northern Mariana Islands, or who are utilizing a foreign or domestic Army Post Office, Fleet Post Office, or Diplomatic Post Office address. For purposes of the preceding sentence, the determination of the individual’s residence shall be based on the address of record, as of the date of certification under subsection (b) for a payment under this section under a program specified in paragraph (1).</text></paragraph>
<paragraph id="H03B01ADCC47546CAAE683C071E62F8E9"><enum>(3)</enum><header>No double payments</header><text>An individual shall be paid only 1 payment for any non-COLA year under this section, regardless of whether the individual is entitled to, or eligible for, more than 1 benefit or cash payment described in paragraph (1).</text></paragraph> <paragraph id="H10759ACCDE1D4FBE8E0E757AC81AC840"><enum>(4)</enum><header>Limitation</header><text>A payment under this section shall not be made (or, in the case of subparagraph (D), shall not be due)—</text>
<subparagraph id="HAC9FCB4469754B8E81259A3060E8F203"><enum>(A)</enum><text display-inline="yes-display-inline">in the case of an individual entitled to a benefit specified in paragraph (1)(B)(i) or paragraph (1)(B)(ii)(VIII) if, for any month within the 12-month period ending with the month of payment, such individual’s benefit under such paragraph was not payable by reason of subsection (x) or (y) of section 202 of the Social Security Act (<external-xref legal-doc="usc" parsable-cite="usc/42/402">42 U.S.C. 402</external-xref>) or section 1129A of such Act (<external-xref legal-doc="usc" parsable-cite="usc/42/1320a-8a">42 U.S.C. 1320a–8a</external-xref>);</text></subparagraph> <subparagraph id="HD2B2F0CE3CAC4DBA8236C1ED80939072"><enum>(B)</enum><text display-inline="yes-display-inline">in the case of an individual entitled to a benefit specified in paragraph (1)(B)(iii) if, for any month within the 12-month period ending with the month of payment, such individual’s benefit under such paragraph was not payable, or was reduced, by reason of section 1505, 5313, or 5313B of title 38, United States Code;</text></subparagraph>
<subparagraph id="H4C02AF2A6BF44BE7A85407A329196147"><enum>(C)</enum><text display-inline="yes-display-inline">in the case of an individual entitled to a benefit specified in paragraph (1)(C) if, for any month within the 12-month period ending with the month of payment, such individual’s benefit under such paragraph was not payable by reason of subsection (e)(1)(A) or (e)(4) of section 1611 (<external-xref legal-doc="usc" parsable-cite="usc/42/1382">42 U.S.C. 1382</external-xref>) or section 1129A of such Act (<external-xref legal-doc="usc" parsable-cite="usc/42/1320a-8a">42 U.S.C. 1320a–8a</external-xref>); or</text></subparagraph> <subparagraph id="H41657D15950D417BAB888A3344B7FC9D"><enum>(D)</enum><text>in the case of any individual whose date of death occurs—</text>
<clause id="HB4018DC9C4C34DD580BDB17BC8A12597"><enum>(i)</enum><text>before the date of the receipt of the payment; or</text></clause> <clause id="HEEDBC3F4E3A34C53874E511975E2A1AC"><enum>(ii)</enum><text>in the case of a direct deposit, before the date on which such payment is deposited into such individual’s account.</text></clause><continuation-text continuation-text-level="subparagraph">In the case of any individual whose date of death occurs before a payment is negotiated (in the case of a check) or deposited (in the case of a direct deposit), such payment shall not be due and shall not be reissued to the estate of such individual or to any other person.</continuation-text></subparagraph></paragraph>
<paragraph id="H122AFC61083D4A3691048BA58B7ACEF4"><enum>(5)</enum><header>Timing and manner of payments</header><text display-inline="yes-display-inline">The Secretary of the Treasury shall commence disbursing payments under this section at the earliest practicable date for any non-COLA year prior to April 1 following such year. The Secretary of the Treasury may disburse any payment electronically to an individual in such manner as if such payment was a benefit payment or cash benefit to such individual under the applicable program described in subparagraph (B) or (C) of paragraph (1).</text></paragraph></subsection> <subsection id="H5D99076DAFCE422EB27C58A8D58B4299"><enum>(b)</enum><header>Identification of Recipients</header><text>The Commissioner of Social Security, the Railroad Retirement Board, and the Secretary of Veterans Affairs shall certify the individuals entitled to receive payments under this section for each non-COLA year and provide the Secretary of the Treasury with the information needed to disburse such payments. A certification of an individual shall be unaffected by any subsequent determination or redetermination of the individual’s entitlement to, or eligibility for, a benefit specified in subparagraph (B) or (C) of subsection (a)(1) (except that such certification shall be affected by a determination that an individual is an individual described in subparagraph (A), (B), (C), or (D) of subsection (a)(4) during a period described in such subparagraphs).</text></subsection>
<subsection id="H96805279F7FA48D698E64FAD527BAF53"><enum>(c)</enum><header>Treatment of Payments</header>
<paragraph id="H1047D90605084C9DB0B13B99724B4B13"><enum>(1)</enum><header>Payment to be disregarded for purposes of all federal and federally assisted programs</header><text>A payment under subsection (a) shall not be regarded as income and shall not be regarded as a resource for the month of receipt and the following 9 months, for purposes of determining the eligibility of the recipient (or the recipient’s spouse or family) for benefits or assistance, or the amount or extent of benefits or assistance, under any Federal program or under any State or local program financed in whole or in part with Federal funds.</text></paragraph> <paragraph id="HDD6E8DB8E3CB4FC2A88D717894A85F29"><enum>(2)</enum><header>Payment not considered income for purposes of taxation</header><text>A payment under subsection (a) shall not be considered as gross income for purposes of the Internal Revenue Code of 1986.</text></paragraph>
<paragraph id="H6D6463604215441BA0E8B663927AE50B"><enum>(3)</enum><header>Payments protected from assignment</header><text>The provisions of sections 207 and 1631(d)(1) of the Social Security Act (<external-xref legal-doc="usc" parsable-cite="usc/42/407">42 U.S.C. 407</external-xref>, 1383(d)(1)), section 14(a) of the Railroad Retirement Act of 1974 (<external-xref legal-doc="usc" parsable-cite="usc/45/231m">45 U.S.C. 231m(a)</external-xref>), and section 5301 of title 38, United States Code, shall apply to any payment made under subsection (a) as if such payment was a benefit payment or cash benefit to such individual under the applicable program described in subparagraph (B) or (C) of subsection (a)(1).</text></paragraph> <paragraph id="H6C83DBB62D564498AE63589ECE07D399"><enum>(4)</enum><header>Payments subject to offset</header><text>Notwithstanding paragraph (3)—</text>
<subparagraph id="H1654FECFB60E40679E0ADA04B98B04F1"><enum>(A)</enum><text>any payment made under this section shall, in the case of a payment of a direct deposit which is made after the date of the enactment of this Act, be subject to the reclamation provisions under subpart B of part 210 of title 31, Code of Federal Regulations (relating to reclamation of benefit payments); and</text></subparagraph> <subparagraph id="HDFA7B3282FE8458FB00808F04E744FD9"><enum>(B)</enum><text>any payment made under this section shall not, for purposes of section 3716 of title 31, United States Code, be considered a benefit payment or cash benefit made under the applicable program described in subparagraph (B) or (C) of subsection (a)(1), and all amounts paid shall be subject to offset to collect delinquent debts.</text></subparagraph></paragraph></subsection>
<subsection id="H5D13C3C67EF24F7791FF560459CE72F5"><enum>(d)</enum><header>Payment to Representative Payees and Fiduciaries</header>
<paragraph id="H97EC52F9CFAF4AE280A497C0D5B6BFE3"><enum>(1)</enum><header>In general</header><text>In any case in which an individual who is entitled to a payment under subsection (a) and whose benefit payment or cash benefit described in paragraph (1) of that subsection is paid to a representative payee or fiduciary, the payment under subsection (a) shall be made to the individual’s representative payee or fiduciary and the entire payment shall be used only for the benefit of the individual who is entitled to the payment.</text></paragraph> <paragraph id="H02C89C095CD44904A9E1117DC7031D45"><enum>(2)</enum><header>Applicability</header> <subparagraph id="H5E6AC470AD1648E4A25A2FED2E3B196A"><enum>(A)</enum><header>Payment on the basis of a title ii or SSI benefit</header><text>Section 1129(a)(3) of the Social Security Act (<external-xref legal-doc="usc" parsable-cite="usc/42/1320a-8">42 U.S.C. 1320a–8(a)(3)</external-xref>) shall apply to any payment made on the basis of an entitlement to a benefit specified in paragraph (1)(B)(i) or (1)(C) of subsection (a) in the same manner as such section applies to a payment under title II or XVI of such Act.</text></subparagraph>
<subparagraph id="H8FBDE7B2BD61481EA06A359E413E5198"><enum>(B)</enum><header>Payment on the basis of a railroad retirement benefit</header><text>Section 13 of the Railroad Retirement Act (<external-xref legal-doc="usc" parsable-cite="usc/45/231l">45 U.S.C. 231l</external-xref>) shall apply to any payment made on the basis of an entitlement to a benefit specified in paragraph (1)(B)(ii) of subsection (a) in the same manner as such section applies to a payment under such Act.</text></subparagraph> <subparagraph id="H00FC54969BCC44F2ABFC2C5AC907E35B"><enum>(C)</enum><header>Payment on the basis of a veterans benefit</header><text>Sections 5502, 6106, and 6108 of title 38, United States Code, shall apply to any payment made on the basis of an entitlement to a benefit specified in paragraph (1)(B)(iii) of subsection (a) in the same manner as those sections apply to a payment under that title.</text></subparagraph></paragraph></subsection></section> 
</legis-body></bill>

