<?xml version="1.0"?>
<?xml-stylesheet type="text/xsl" href="billres.xsl"?>
<!DOCTYPE bill PUBLIC "-//US Congress//DTDs/bill.dtd//EN" "bill.dtd">
<bill bill-stage="Introduced-in-House" bill-type="olc" dms-id="H33AE8A32CB6C4C13BDA8D1A96FBEB376" key="H" public-private="public"><metadata xmlns:dc="http://purl.org/dc/elements/1.1/">
<dublinCore>
<dc:title>115 HR 348 IH: To more accurately identify and transfer subsurface gravel sources originally intended to be made available to the Ukpeagvik Inupiat Corporation in exchange for its relinquishment of related property rights.</dc:title>
<dc:publisher>U.S. House of Representatives</dc:publisher>
<dc:date>2017-01-05</dc:date>
<dc:format>text/xml</dc:format>
<dc:language>EN</dc:language>
<dc:rights>Pursuant to Title 17 Section 105 of the United States Code, this file is not subject to copyright protection and is in the public domain.</dc:rights>
</dublinCore>
</metadata>
<form>
<distribution-code display="yes">I</distribution-code><congress display="yes">115th CONGRESS</congress><session display="yes">1st Session</session><legis-num display="yes">H. R. 348</legis-num><current-chamber>IN THE HOUSE OF REPRESENTATIVES</current-chamber><action display="yes"><action-date date="20170105">January 5, 2017</action-date><action-desc><sponsor name-id="Y000033">Mr. Young of Alaska</sponsor> introduced the following bill; which was referred to the <committee-name committee-id="HII00">Committee on Natural Resources</committee-name></action-desc></action><legis-type>A BILL</legis-type><official-title display="yes">To more accurately identify and transfer subsurface gravel sources originally intended to be made
			 available to the Ukpeagvik Inupiat Corporation in exchange for its
			 relinquishment of related property rights.</official-title></form>
	<legis-body id="H0A95E42DFAE44208B8E04E836DAAEE53" style="OLC">
		<section id="H90E3548914FF4945861FA82A649734D7" section-type="section-one"><enum>1.</enum><header>Technical amendment</header>
 <subsection id="H163E9993BCE54B05B00EF825D87D14F6"><enum>(a)</enum><header>Short title</header><text display-inline="yes-display-inline">This section may be cited as the <quote>Ukpeagvik Inupiat Corporation Gravel Exchange Amendment Act</quote>.</text> </subsection><subsection id="H603A673E217B4B8F8A7632A2EB5C4C86"><enum>(b)</enum><header>Identification and transfer of gravel sources</header><text>Section 3 of the Barrow Gas Field Transfer Act of 1984 (<external-xref legal-doc="public-law" parsable-cite="pl/98/366">Public Law 98–366</external-xref>, 98 Stat. 468) is amended by adding at the end the following: <quote>The foregoing conveyance to UIC shall include all right, title, and interest held by the United States to sand and gravel deposits underlying the surface estate owned by UIC contiguous to the Barrow gas fields, more particularly described as the sand and gravel deposits underlying that UIC surface estate lying within T 21N R16W, sections 7, 17–18, 19–21, and 28–29; T 21N R17W, sections 1–2, and 11–14; T 22N, R18W, sections 4, 9, and 29–32; and T 22N R19W, sections 25 and 36.</quote>.</text>
			</subsection></section></legis-body></bill>


