<?xml version="1.0"?>
<?xml-stylesheet type="text/xsl" href="billres.xsl"?>
<!DOCTYPE bill PUBLIC "-//US Congress//DTDs/bill.dtd//EN" "bill.dtd">
<bill bill-stage="Introduced-in-House" dms-id="H0D075E4FF2674AE98ECE1DF6E333C343" public-private="public" key="H" bill-type="olc"><form><distribution-code display="yes">I</distribution-code><congress display="yes">115th CONGRESS</congress><session display="yes">1st Session</session><legis-num display="yes">H. R. 624</legis-num><current-chamber>IN THE HOUSE OF REPRESENTATIVES</current-chamber><action display="yes"><action-date date="20170124">January 24, 2017</action-date><action-desc><sponsor name-id="V000129">Mr. Valadao</sponsor> (for himself, <cosponsor name-id="C001105">Mrs. Comstock</cosponsor>, <cosponsor name-id="S001193">Mr. Swalwell of California</cosponsor>, <cosponsor name-id="D000619">Mr. Rodney Davis of Illinois</cosponsor>, <cosponsor name-id="J000295">Mr. Joyce of Ohio</cosponsor>, <cosponsor name-id="S001191">Ms. Sinema</cosponsor>, <cosponsor name-id="A000372">Mr. Allen</cosponsor>, <cosponsor name-id="C000059">Mr. Calvert</cosponsor>, <cosponsor name-id="H000324">Mr. Hastings</cosponsor>, <cosponsor name-id="R000487">Mr. Royce of California</cosponsor>, <cosponsor name-id="L000578">Mr. LaMalfa</cosponsor>, <cosponsor name-id="R000586">Mr. Renacci</cosponsor>, <cosponsor name-id="J000032">Ms. Jackson Lee</cosponsor>, <cosponsor name-id="C001068">Mr. Cohen</cosponsor>, <cosponsor name-id="D000612">Mr. Denham</cosponsor>, <cosponsor name-id="M001177">Mr. McClintock</cosponsor>, <cosponsor name-id="R000591">Mrs. Roby</cosponsor>, <cosponsor name-id="B001275">Mr. Bucshon</cosponsor>, <cosponsor name-id="N000181">Mr. Nunes</cosponsor>, <cosponsor name-id="R000602">Miss Rice of New York</cosponsor>, <cosponsor name-id="M001196">Mr. Moulton</cosponsor>, <cosponsor name-id="M001202">Mrs. Murphy of Florida</cosponsor>, <cosponsor name-id="D000627">Mrs. Demings</cosponsor>, <cosponsor name-id="K000381">Mr. Kilmer</cosponsor>, <cosponsor name-id="W000806">Mr. Webster of Florida</cosponsor>, <cosponsor name-id="C001112">Mr. Carbajal</cosponsor>, and <cosponsor name-id="M001185">Mr. Sean Patrick Maloney of New York</cosponsor>) introduced the following bill; which was referred to the <committee-name committee-id="HGO00">Committee on Oversight and Government Reform</committee-name></action-desc></action><legis-type>A BILL</legis-type><official-title display="yes">To restrict the inclusion of social security account numbers on documents sent by mail by the Federal Government, and for other purposes.</official-title></form><legis-body id="H1FDCC71528794807B80278303ABB6565" style="OLC"> 
<section id="H5ADC07DF146B492CB77AF5AC3EB9C8F3" section-type="section-one"><enum>1.</enum><header>Short title</header><text display-inline="no-display-inline">This Act may be cited as the <quote><short-title>Social Security Fraud Prevention Act of 2017</short-title></quote>. </text></section> <section id="HD45F5A4FB5C742B3A0B56BB430A99428"><enum>2.</enum><header>Restriction of SSNs on documents sent by mail</header> <subsection id="H3849A83D30214FF1BB5444920643116D"><enum>(a)</enum><header>In general</header><text display-inline="yes-display-inline">No department or agency of the Federal Government may include the social security account number of any individual on any document sent by mail unless the head of such department or agency determines that the inclusion of such social security number on such document is necessary. </text></subsection>
<subsection id="H38863CC216B743D89F5C795CE530DDFD" commented="no"><enum>(b)</enum><header>Regulations</header><text display-inline="yes-display-inline">Not later than 1 year after the date of the enactment of this Act, the head of each department and agency of the Federal Government shall issue regulations specifying the circumstances under which inclusion of a social security account number on a document sent by mail is necessary. Such regulations shall include—</text> <paragraph id="H06E83D2E6B424EDABD1B7553AB5F7D44"><enum>(1)</enum><text>instructions for the partial redaction of social security account numbers whenever feasible; and</text></paragraph>
<paragraph id="H9228C3FA87C1454697E1BBCA6950C0AF"><enum>(2)</enum><text>a requirement that social security account numbers not be visible on the outside of any package sent by mail.</text></paragraph></subsection> <subsection id="H5C1979FE640048E0B3861097B1C91C0B"><enum>(c)</enum><header>Effective date</header><text>This Act shall apply with respect to documents sent by mail on or after the date that is 1 year after the date of the enactment of this Act.</text></subsection></section> 
</legis-body></bill>

