<?xml version="1.0"?>
<?xml-stylesheet type="text/xsl" href="billres.xsl"?>
<!DOCTYPE bill PUBLIC "-//US Congress//DTDs/bill.dtd//EN" "bill.dtd">
<bill bill-stage="Introduced-in-House" bill-type="olc" dms-id="HF167EA9D79AD4B4985F2F9D4496C6895" key="H" public-private="public"><metadata xmlns:dc="http://purl.org/dc/elements/1.1/">
<dublinCore>
<dc:title>115 HR 370 IH: To repeal the Patient Protection and Affordable Care Act and health care-related provisions in the Health Care and Education Reconciliation Act of 2010, and for other purposes.</dc:title>
<dc:publisher>U.S. House of Representatives</dc:publisher>
<dc:date>2017-01-09</dc:date>
<dc:format>text/xml</dc:format>
<dc:language>EN</dc:language>
<dc:rights>Pursuant to Title 17 Section 105 of the United States Code, this file is not subject to copyright protection and is in the public domain.</dc:rights>
</dublinCore>
</metadata>
<form>
<distribution-code display="yes">I</distribution-code><congress display="yes">115th CONGRESS</congress><session display="yes">1st Session</session><legis-num display="yes">H. R. 370</legis-num><current-chamber>IN THE HOUSE OF REPRESENTATIVES</current-chamber><action display="yes"><action-date date="20170109">January 9, 2017</action-date><action-desc><sponsor name-id="F000461">Mr. Flores</sponsor> introduced the following bill; which was referred to the <committee-name committee-id="HIF00">Committee on Energy and Commerce</committee-name>, and in addition to the Committees on <committee-name committee-id="HED00">Education and the Workforce</committee-name>, <committee-name committee-id="HWM00">Ways and Means</committee-name>, <committee-name committee-id="HJU00">the Judiciary</committee-name>, <committee-name committee-id="HII00">Natural Resources</committee-name>, <committee-name committee-id="HRU00">Rules</committee-name>, <committee-name committee-id="HHA00">House Administration</committee-name>, <committee-name committee-id="HAP00">Appropriations</committee-name>, and <committee-name committee-id="HBU00">the Budget</committee-name>, for a period to be subsequently determined by the Speaker, in each case for consideration of such
			 provisions as fall within the jurisdiction of the committee concerned</action-desc></action><legis-type>A BILL</legis-type><official-title display="yes">To repeal the Patient Protection and Affordable Care Act and health care-related provisions in the
			 Health Care and Education Reconciliation Act of 2010, and for other
			 purposes.</official-title></form>
	<legis-body id="HB13722F8DDD1438CBA05C20ECF39A22C" style="OLC">
		<section id="H6EFF06C234D647C093DD0554FD65C9C3" section-type="section-one"><enum>1.</enum><header>Repeal of PPACA and health care-related provisions in the Health Care and Education Reconciliation
			 Act of 2010</header>
 <subsection id="H511DC9CFFBF845988DE54031502B239E"><enum>(a)</enum><header>PPACA</header><text display-inline="yes-display-inline">Effective January 1, 2020, the Patient Protection and Affordable Care Act (<external-xref legal-doc="public-law" parsable-cite="pl/111/148">Public Law 111–148</external-xref>) is repealed, and the provisions of law amended or repealed by such Act are restored or revived as if such Act had not been enacted.</text>
 </subsection><subsection id="H491D68918EC74131A80DD18A346F9C37"><enum>(b)</enum><header>Health care-Related provisions in the Health Care and Education Reconciliation Act of 2010</header><text display-inline="yes-display-inline">Effective January 1, 2020, title I and subtitle B of title II of the Health Care and Education Reconciliation Act of 2010 (<external-xref legal-doc="public-law" parsable-cite="pl/111/152">Public Law 111–152</external-xref>) are repealed, and the provisions of law amended or repealed by such title or subtitle, respectively, are restored or revived as if such title and subtitle had not been enacted.</text>
 </subsection></section><section display-inline="no-display-inline" id="H9D57C6E659BA41168CBCBDAF2C8DF78A" section-type="subsequent-section"><enum>2.</enum><header>Budgetary effects</header><text display-inline="no-display-inline">The budgetary effects of this Act shall not be entered on either PAYGO scorecard maintained pursuant to section 4(d) of the Statutory Pay-As-You-Go Act of 2010.</text>
		</section></legis-body></bill>


