<?xml version="1.0"?>
<?xml-stylesheet type="text/xsl" href="billres.xsl"?>
<!DOCTYPE bill PUBLIC "-//US Congress//DTDs/bill.dtd//EN" "bill.dtd">
<bill bill-stage="Introduced-in-House" bill-type="olc" dms-id="HA2A9D8EC4C7343218D2BAFF5262BDB2E" key="H" public-private="public"><metadata xmlns:dc="http://purl.org/dc/elements/1.1/">
<dublinCore>
<dc:title>115 HR 631 IH: Death Tax Repeal Act of 2017</dc:title>
<dc:publisher>U.S. House of Representatives</dc:publisher>
<dc:date>2017-01-24</dc:date>
<dc:format>text/xml</dc:format>
<dc:language>EN</dc:language>
<dc:rights>Pursuant to Title 17 Section 105 of the United States Code, this file is not subject to copyright protection and is in the public domain.</dc:rights>
</dublinCore>
</metadata>
<form>
<distribution-code display="yes">I</distribution-code><congress display="yes">115th CONGRESS</congress><session display="yes">1st Session</session><legis-num display="yes">H. R. 631</legis-num><current-chamber>IN THE HOUSE OF REPRESENTATIVES</current-chamber><action display="yes"><action-date date="20170124">January 24, 2017</action-date><action-desc><sponsor name-id="N000184">Mrs. Noem</sponsor> (for herself, <cosponsor name-id="B000490">Mr. Bishop of Georgia</cosponsor>, <cosponsor name-id="N000181">Mr. Nunes</cosponsor>, <cosponsor name-id="S001195">Mr. Smith of Missouri</cosponsor>, <cosponsor name-id="J000290">Ms. Jenkins of Kansas</cosponsor>, <cosponsor name-id="D000626">Mr. Davidson</cosponsor>, and <cosponsor name-id="S001172">Mr. Smith of Nebraska</cosponsor>) introduced the following bill; which was referred to the <committee-name committee-id="HWM00">Committee on Ways and Means</committee-name></action-desc></action><legis-type>A BILL</legis-type><official-title display="yes">To amend the Internal Revenue Code of 1986 to repeal the estate and generation-skipping transfer
			 taxes.</official-title></form>
	<legis-body id="H60B920B4BC0C49028B71C03F416EE0B2" style="OLC">
 <section id="H7E19ECF56DDF45DA960D1E2A465DDBE6" section-type="section-one"><enum>1.</enum><header>Short title</header><text display-inline="no-display-inline">This Act may be cited as the <quote><short-title>Death Tax Repeal Act of 2017</short-title></quote>.</text> </section><section id="HAAB585D74EE047EDBAD47BE158677C3C" section-type="subsequent-section"><enum>2.</enum><header>Repeal of estate and generation-skipping transfer taxes</header> <subsection id="H6E9CEFB32FDC4819AF40BDD3F88A3AE9"><enum>(a)</enum><header>Estate tax repeal</header> <paragraph id="H8E6A5F2C58EC42BDA5AE5ED3D42C4CFE"><enum>(1)</enum><header>In general</header><text>Subchapter C of chapter 11 of subtitle B of the Internal Revenue Code of 1986 is amended by adding at the end the following new section:</text>
					<quoted-block display-inline="no-display-inline" id="H5B3BD0944F1740EE90BED87F70D14AFB" style="OLC">
						<section id="H97992285C5B04A19B8C4C0074338D472"><enum>2210.</enum><header>Termination</header>
 <subsection id="HBF9B4BA37D1F4C9B82501649E04299DD"><enum>(a)</enum><header>In general</header><text display-inline="yes-display-inline">Except as provided in subsection (b), this chapter shall not apply to the estates of decedents dying on or after the date of the enactment of the <short-title>Death Tax Repeal Act of 2017</short-title>.</text>
 </subsection><subsection id="H569F211B4C1744D1B89F73928C6F71ED"><enum>(b)</enum><header>Certain Distributions From Qualified Domestic Trusts</header><text>In applying section 2056A with respect to the surviving spouse of a decedent dying before the date of the enactment of the <short-title>Death Tax Repeal Act of 2017</short-title>—</text>
 <paragraph id="HCE8EF0973D8B466DB38F092A166888E7"><enum>(1)</enum><text>section 2056A(b)(1)(A) shall not apply to distributions made after the 10-year period beginning on such date, and</text>
 </paragraph><paragraph id="H556B9D7E6C5F40CCA1132048BA5E42E8"><enum>(2)</enum><text>section 2056A(b)(1)(B) shall not apply on or after such date.</text></paragraph></subsection></section><after-quoted-block>.</after-quoted-block></quoted-block> </paragraph><paragraph id="H7F8F622C542A412899D7F2263AE3B91A"><enum>(2)</enum><header>Clerical amendment</header><text>The table of sections for subchapter C of <external-xref legal-doc="usc-chapter" parsable-cite="usc-chapter/26/11">chapter 11</external-xref> of the Internal Revenue Code of 1986 is amended by adding at the end the following new item:</text>
					<quoted-block display-inline="no-display-inline" id="H7A2515787EB34C1BAD55857B0B0567A4" style="OLC">
						<toc regeneration="no-regeneration">
							<toc-entry level="section">Sec. 2210. Termination.</toc-entry></toc><after-quoted-block>.</after-quoted-block></quoted-block>
				</paragraph></subsection><subsection id="HD2D7F4EC4B4242D5936B9D6CCE933AFB"><enum>(b)</enum><header>Generation-Skipping transfer tax repeal</header>
 <paragraph id="HF476E8F70AAD4AAD8A4B6D9DFA1FFC50"><enum>(1)</enum><header>In general</header><text>Subchapter G of chapter 13 of subtitle B of such Code is amended by adding at the end the following new section:</text>
					<quoted-block display-inline="no-display-inline" id="HB823061B0A7B45E0ACBE92059B187801" style="OLC">
 <section id="H34073D420E364717BEF8DC636837C35D"><enum>2664.</enum><header>Termination</header><text display-inline="no-display-inline">This chapter shall not apply to generation-skipping transfers on or after the date of the enactment of the <short-title>Death Tax Repeal Act of 2017</short-title>.</text></section><after-quoted-block>.</after-quoted-block></quoted-block>
 </paragraph><paragraph id="H761D4BA3D26445ECB27692793A9EA294"><enum>(2)</enum><header>Clerical amendment</header><text>The table of sections for subchapter G of chapter 13 of such Code is amended by adding at the end the following new item:</text>
					<quoted-block display-inline="no-display-inline" id="H2AA1DF6C37334ACE9B3B3F59A7312D82" style="OLC">
						<toc regeneration="no-regeneration">
							<toc-entry level="section">Sec. 2664. Termination.</toc-entry></toc><after-quoted-block>.</after-quoted-block></quoted-block>
				</paragraph></subsection><subsection id="H70904F8A2FB8461AA4F628C34FE367A3"><enum>(c)</enum><header>Conforming amendments related to gift tax</header>
 <paragraph id="HB673F9AE83414CE48E04BB26B3E69527"><enum>(1)</enum><header>Computation of gift tax</header><text display-inline="yes-display-inline">Subsection (a) of <external-xref legal-doc="usc" parsable-cite="usc/26/2502">section 2502</external-xref> of the Internal Revenue Code of 1986 is amended to read as follows:</text> <quoted-block display-inline="no-display-inline" id="HC3C466671613425BA82C624A1A68BD10" style="OLC"> <subsection id="HCC697BE50C1440DAB4B34D68EBE729AC"><enum>(a)</enum><header>Computation of tax</header> <paragraph id="H4CD4505A54CF41E9A1BA555D64E15143"><enum>(1)</enum><header>In general</header><text display-inline="yes-display-inline">The tax imposed by section 2501 for each calendar year shall be an amount equal to the excess of—</text>
 <subparagraph id="H2C290B49876141309C67B18987C3AD4A"><enum>(A)</enum><text>a tentative tax, computed under paragraph (2), on the aggregate sum of the taxable gifts for such calendar year and for each of the preceding calendar periods, over</text>
 </subparagraph><subparagraph id="H8FBF85106580430F8D47E618A85B9487"><enum>(B)</enum><text>a tentative tax, computed under paragraph (2), on the aggregate sum of the taxable gifts for each of the preceding calendar periods.</text>
								</subparagraph></paragraph><paragraph id="HCCF23FA7F9B24E4E912E0EEACCB6D9CE"><enum>(2)</enum><header>Rate schedule</header>
								<table align-to-level="section" blank-lines-before="1" colsep="0" frame="none" line-rules="no-gen" rowsep="0" rule-weights="0.0.0.0.0.0" table-template-name="Entry: 2 text, bold hds" table-type="">
									<tgroup cols="2" grid-typeface="1.1" rowsep="0" thead-tbody-ldg-size="0.10.12"><colspec coldef="txt" colname="column1" colsep="0" colwidth="246pts" min-data-value="190" rowsep="0"></colspec><colspec coldef="txt-no-ldr-no-spread" colname="column2" colsep="0" colwidth="260pts" min-data-value="95" rowsep="0"></colspec>
										<tbody>
											<row><entry colname="column1" morerows="0" namest="column1" rowsep="0"><bold>If the amount with respect to which the tentative tax to be computed is:</bold></entry><entry colname="column2" morerows="0" namest="column2" rowsep="0"><bold>The tentative tax is:</bold></entry></row>
											<row><entry colname="column1" leader-modify="force-ldr-bottom" rowsep="0" stub-definition="txt-ldr">Not over $10,000</entry><entry colname="column2" leader-modify="force-ldr-bottom" rowsep="0">18% of such amount.</entry></row>
											<row><entry align="left" colname="column1" rowsep="0" stub-definition="txt-ldr">Over $10,000 but not over $20,000</entry><entry colname="column2" rowsep="0">$1,800, plus 20% of the excess over $10,000.</entry></row>
											<row><entry align="left" colname="column1" rowsep="0" stub-definition="txt-ldr">Over $20,000 but not over $40,000</entry><entry colname="column2" rowsep="0">$3,800, plus 22% of the excess over $20,000.</entry></row>
											<row><entry align="left" colname="column1" rowsep="0" stub-definition="txt-ldr">Over $40,000 but not over $60,000</entry><entry colname="column2" rowsep="0">$8,200, plus 24% of the excess over $40,000.</entry></row>
											<row><entry align="left" colname="column1" rowsep="0" stub-definition="txt-ldr">Over $60,000 but not over $80,000</entry><entry colname="column2" rowsep="0">$13,000, plus 26% of the excess over $60,000.</entry></row>
											<row><entry align="left" colname="column1" rowsep="0" stub-definition="txt-ldr">Over $80,000 but not over $100,000</entry><entry colname="column2" rowsep="0">$18,200, plus 28% of the excess over $80,000.</entry></row>
											<row><entry align="left" colname="column1" rowsep="0" stub-definition="txt-ldr">Over $100,000 but not over $150,000</entry><entry colname="column2" rowsep="0">$23,800, plus 30% of the excess over $100,000.</entry></row>
											<row><entry align="left" colname="column1" rowsep="0" stub-definition="txt-ldr">Over $150,000 but not over $250,000</entry><entry colname="column2" rowsep="0">$38,800, plus 32% of the excess of $150,000.</entry></row>
											<row><entry align="left" colname="column1" rowsep="0" stub-definition="txt-ldr">Over $250,000 but not over $500,000</entry><entry colname="column2" rowsep="0">$70,800, plus 34% of the excess over $250,000.</entry></row>
											<row><entry align="left" colname="column1" rowsep="0" stub-definition="txt-ldr">Over $500,000</entry><entry colname="column2" rowsep="0">$155,800, plus 35% of the excess of $500,000.</entry></row></tbody></tgroup></table></paragraph></subsection><after-quoted-block>.</after-quoted-block></quoted-block>
				</paragraph><paragraph id="H2C9CC2629B7D421CABF600DD88D0B979"><enum>(2)</enum><header>Lifetime gift exemption</header>
 <subparagraph id="H4A5DB182997843DA9FE92F02212491C9"><enum>(A)</enum><header>In general</header><text display-inline="yes-display-inline">Paragraph (1) of <external-xref legal-doc="usc" parsable-cite="usc/26/2505">section 2505(a)</external-xref> of the Internal Revenue Code of 1986 is amended to read as follows:</text>
						<quoted-block display-inline="no-display-inline" id="H1FF629BC8EC44CF79D92282299001FB8" style="OLC">
 <paragraph id="H7AF8DD9548D8431A93916F3C5524392B"><enum>(1)</enum><text display-inline="yes-display-inline">the amount of the tentative tax which would be determined under the rate schedule set forth in section 2502(a)(2) if the amount with respect to which such tentative tax is to be computed were $5,000,000, reduced by</text></paragraph><after-quoted-block>.</after-quoted-block></quoted-block>
 </subparagraph><subparagraph id="H0FC65890A3A345ADB003A1A11F888146"><enum>(B)</enum><header>Inflation adjustment</header><text>Section 2505 of such Code is amended by adding at the end the following new subsection:</text> <quoted-block display-inline="no-display-inline" id="H6EB4F4FDA1D740848EEC86A461449932" style="OLC"> <subsection id="H31999A1CF7DF43E7AA4DFB1BB5AECBEF"><enum>(d)</enum><header>Inflation adjustment</header> <paragraph id="H4E2B5DBF72C1438DA022DADDCB5713BF"><enum>(1)</enum><header>In general</header><text>In the case of any calendar year after 2011, the dollar amount in subsection (a)(1) shall be increased by an amount equal to—</text>
 <subparagraph id="H0A50880CEB234C9A95372DD9C6580732"><enum>(A)</enum><text>such dollar amount, multiplied by</text> </subparagraph><subparagraph id="HA549D3929FBA4C27BD40A255037E1EDE"><enum>(B)</enum><text>the cost-of-living adjustment determined under section 1(f)(3) for such calendar year by substituting <quote>calendar year 2010</quote> for <quote>calendar year 1992</quote> in subparagraph (B) thereof.</text>
 </subparagraph></paragraph><paragraph id="HAFC6C03859CA4546A6369F4D8C33CDEB"><enum>(2)</enum><header>Rounding</header><text>If any amount as adjusted under paragraph (1) is not a multiple of $10,000, such amount shall be rounded to the nearest multiple of $10,000.</text></paragraph></subsection><after-quoted-block>.</after-quoted-block></quoted-block>
					</subparagraph></paragraph><paragraph id="H8E7B60BDE034475A9EDA5AF3C121B38C"><enum>(3)</enum><header>Other conforming amendments related to gift tax</header>
 <subparagraph id="H683791DD73134E029174FE1A19104E1A"><enum>(A)</enum><text>The heading for section 2505 of such Code is amended by striking <quote><header-in-text level="section" style="OLC">Unified</header-in-text></quote>.</text> </subparagraph><subparagraph id="H2855B800BDEF4B4A807E525647F93460"><enum>(B)</enum><text>The item in the table of sections for subchapter A of chapter 12 of such Code relating to section 2505 is amended to read as follows:</text>
						<quoted-block display-inline="no-display-inline" id="HB3DCB22B0EF74621A3B9A6301DCCBDC4" style="OLC">
							<toc regeneration="no-regeneration">
								<toc-entry level="section">Sec. 2505. Credit against gift tax.</toc-entry></toc><after-quoted-block>.</after-quoted-block></quoted-block>
 </subparagraph><subparagraph id="HFA28BCD9E71C41CEAD70D38BF7661AFF"><enum>(C)</enum><text>Section 2801(a)(1) of such Code is amended by striking <quote>section 2001(c) as in effect on the date of such receipt</quote> and inserting <quote>section 2502(a)(2)</quote>.</text> </subparagraph></paragraph></subsection><subsection id="HDE291E7241EB4E8087AF92B22A6991B3"><enum>(d)</enum><header>Effective date</header><text display-inline="yes-display-inline">The amendments made by this section shall apply to estates of decedents dying, generation-skipping transfers, and gifts made, on or after the date of the enactment of this Act.</text>
			</subsection><subsection id="H48B2D238433E466EB947161449019FD4"><enum>(e)</enum><header>Transition rule</header>
 <paragraph id="H01B938CCFE6143B5AFB59BF6031C4D47"><enum>(1)</enum><header>In general</header><text>For purposes of applying sections 1015(d), 2502, and 2505 of the Internal Revenue Code of 1986, the calendar year in which this Act is enacted shall be treated as two separate calendar years one of which ends on the day before the date of the enactment of this Act and the other of which begins on such date of enactment.</text>
 </paragraph><paragraph id="HD9C9CB6217BE4B16B839C37274735475"><enum>(2)</enum><header>Application of section <enum-in-header>2504(b)</enum-in-header></header><text>For purposes of applying <external-xref legal-doc="usc" parsable-cite="usc/26/2504">section 2504(b)</external-xref> of the Internal Revenue Code of 1986, the calendar year in which this Act is enacted shall be treated as one preceding calendar period.</text>
				</paragraph></subsection></section></legis-body></bill>


