<?xml version="1.0"?>
<?xml-stylesheet type="text/xsl" href="billres.xsl"?>
<!DOCTYPE bill PUBLIC "-//US Congress//DTDs/bill.dtd//EN" "bill.dtd">
<bill bill-stage="Introduced-in-House" bill-type="olc" dms-id="H15F5CF7E137E4B36A2EB9EA135E3999D" key="H" public-private="public"><metadata xmlns:dc="http://purl.org/dc/elements/1.1/">
<dublinCore>
<dc:title>115 HR 254 IH: Restoring Education And Learning Act of 2017</dc:title>
<dc:publisher>U.S. House of Representatives</dc:publisher>
<dc:date>2017-01-04</dc:date>
<dc:format>text/xml</dc:format>
<dc:language>EN</dc:language>
<dc:rights>Pursuant to Title 17 Section 105 of the United States Code, this file is not subject to copyright protection and is in the public domain.</dc:rights>
</dublinCore>
</metadata>
<form>
<distribution-code display="yes">I</distribution-code><congress display="yes">115th CONGRESS</congress><session display="yes">1st Session</session><legis-num display="yes">H. R. 254</legis-num><current-chamber>IN THE HOUSE OF REPRESENTATIVES</current-chamber><action display="yes"><action-date date="20170104">January 4, 2017</action-date><action-desc><sponsor name-id="D000096">Mr. Danny K. Davis of Illinois</sponsor> (for himself, <cosponsor name-id="S000185">Mr. Scott of Virginia</cosponsor>, <cosponsor name-id="L000551">Ms. Lee</cosponsor>, <cosponsor name-id="D000216">Ms. DeLauro</cosponsor>, and <cosponsor name-id="R000588">Mr. Richmond</cosponsor>) introduced the following bill; which was referred to the <committee-name committee-id="HED00">Committee on Education and the Workforce</committee-name></action-desc></action><legis-type>A BILL</legis-type><official-title display="yes">To reinstate Federal Pell Grant eligibility for individuals incarcerated in Federal and State penal
			 institutions, and for other purposes.</official-title></form>
	<legis-body id="H90515A712427442A9D431F04429B9C6B" style="OLC">
 <section id="H682F7E06E0AE4451A9112B54A01BCA37" section-type="section-one"><enum>1.</enum><header>Short title</header><text display-inline="no-display-inline">This Act may be cited as the <quote><short-title>Restoring Education And Learning Act of 2017</short-title></quote> or the <quote><short-title>REAL Act of 2017</short-title></quote>.</text> </section><section id="H2376577AAAFF428FB5684824A9AA375C"><enum>2.</enum><header>Reinstatement of Federal pell grant eligibility</header><text display-inline="no-display-inline">Section 401(b) of the Higher Education Act of 1965 (<external-xref legal-doc="usc" parsable-cite="usc/20/1070a">20 U.S.C. 1070a(b)</external-xref>) is amended—</text>
 <paragraph id="H6C401D5429EC45E4B8AD3EB987D7F13E"><enum>(1)</enum><text>by striking paragraph (6) and redesignating paragraph (7) as paragraph (6); and</text> </paragraph><paragraph id="H25C137518D134FC78A17E5E5132E4FEB"><enum>(2)</enum><text>in paragraph (2)(A)(ii), by striking <quote>(7)(B)</quote> and inserting <quote>(6)(B)</quote>.</text>
 </paragraph></section><section id="HAAA52B6E088C4A3BAE117234D9CAE4D4"><enum>3.</enum><header>Effective date</header><text display-inline="no-display-inline">The amendments made by section 2 shall be effective for academic year 2017–2018 and succeeding academic years.</text>
		</section></legis-body></bill>


