<?xml version="1.0"?>
<?xml-stylesheet type="text/xsl" href="billres.xsl"?>
<!DOCTYPE bill PUBLIC "-//US Congress//DTDs/bill.dtd//EN" "bill.dtd">
<bill bill-stage="Introduced-in-House" bill-type="olc" dms-id="HE639686B84DC49359B1C43A214623664" key="H" public-private="public"><metadata xmlns:dc="http://purl.org/dc/elements/1.1/">
<dublinCore>
<dc:title>115 HR 527 IH: Greater Sage Grouse Protection and Recovery Act of 2017</dc:title>
<dc:publisher>U.S. House of Representatives</dc:publisher>
<dc:date>2017-01-13</dc:date>
<dc:format>text/xml</dc:format>
<dc:language>EN</dc:language>
<dc:rights>Pursuant to Title 17 Section 105 of the United States Code, this file is not subject to copyright protection and is in the public domain.</dc:rights>
</dublinCore>
</metadata>
<form>
<distribution-code display="yes">I</distribution-code><congress display="yes">115th CONGRESS</congress><session display="yes">1st Session</session><legis-num display="yes">H. R. 527</legis-num><current-chamber>IN THE HOUSE OF REPRESENTATIVES</current-chamber><action display="yes"><action-date date="20170113">January 13, 2017</action-date><action-desc><sponsor name-id="B001250">Mr. Bishop of Utah</sponsor> (for himself, <cosponsor name-id="S001148">Mr. Simpson</cosponsor>, <cosponsor name-id="A000369">Mr. Amodei</cosponsor>, <cosponsor name-id="G000565">Mr. Gosar</cosponsor>, <cosponsor name-id="S001192">Mr. Stewart</cosponsor>, <cosponsor name-id="L000584">Mrs. Love</cosponsor>, <cosponsor name-id="L000573">Mr. Labrador</cosponsor>, <cosponsor name-id="C001076">Mr. Chaffetz</cosponsor>, <cosponsor name-id="M001159">Mrs. McMorris Rodgers</cosponsor>, <cosponsor name-id="T000470">Mr. Tipton</cosponsor>, and <cosponsor name-id="C001109">Ms. Cheney</cosponsor>) introduced the following bill; which was referred to the <committee-name committee-id="HII00">Committee on Natural Resources</committee-name></action-desc></action><legis-type>A BILL</legis-type><official-title display="yes">To provide for the conservation and preservation of the Greater Sage Grouse by facilitating State
			 recovery plans, and for other purposes.</official-title></form>
	<legis-body id="HC5268C0B41B942B8AF3696FEFC7B459B" style="OLC">
 <section id="H1C1C8EFF0ABB4E04855C2AABA4EC2128" section-type="section-one"><enum>1.</enum><header>Short title</header><text display-inline="no-display-inline">This Act may be cited as the <quote><short-title>Greater Sage Grouse Protection and Recovery Act of 2017</short-title></quote>.</text> </section><section id="H77E41EB401A5423BA3A29C6950949C8D" section-type="subsequent-section"><enum>2.</enum><header>Protection and recovery of Greater Sage Grouse</header> <subsection id="HF00988A1AFB74196A5DF737A09A4BAF9"><enum>(a)</enum><header>Definitions</header><text display-inline="yes-display-inline">In this section:</text>
 <paragraph id="H0577A452FFDB4EB5AAD8997DC6F56268"><enum>(1)</enum><text display-inline="yes-display-inline">The term <term>Federal resource management plan</term> means—</text> <subparagraph id="H57666ACB26C34438A3252F0A6601B745"><enum>(A)</enum><text>a land use plan prepared by the Bureau of Land Management for public lands pursuant to section 202 of the Federal Land Policy and Management Act of 1976 (<external-xref legal-doc="usc" parsable-cite="usc/43/1712">43 U.S.C. 1712</external-xref>); or</text>
 </subparagraph><subparagraph id="H427D4744904241C59F036F48B1CA77CF"><enum>(B)</enum><text>a land and resource management plan prepared by the Forest Service for National Forest System lands pursuant to section 6 of the Forest and Rangeland Renewable Resources Planning Act of 1974 (<external-xref legal-doc="usc" parsable-cite="usc/16/1604">16 U.S.C. 1604</external-xref>).</text>
 </subparagraph></paragraph><paragraph id="H9CDD0EABDA954B08B8FBCAF750307010"><enum>(2)</enum><text display-inline="yes-display-inline">The term <quote>Greater Sage Grouse</quote> means a sage grouse of the species Centrocercus urophasianus.</text> </paragraph><paragraph id="H6E1726D9BD0C4377A0CCBB35458F194A"><enum>(3)</enum><text display-inline="yes-display-inline">The term <quote>State management plan</quote> means a State-approved plan for the protection and recovery of the Greater Sage Grouse.</text>
 </paragraph></subsection><subsection id="H8E9EFA195D944A82BCD8931F7BDB5CD8"><enum>(b)</enum><header>Purpose</header><text display-inline="yes-display-inline">The purpose of this section is—</text> <paragraph id="H24E2DAB8E29A43EE903CD99A2E09B74E"><enum>(1)</enum><text>to facilitate implementation of State management plans over a period of multiple, consecutive sage grouse life cycles; and</text>
 </paragraph><paragraph id="H9182108744E74552B74D33D952160878"><enum>(2)</enum><text>to demonstrate the efficacy of the State management plans for the protection and recovery of the Greater Sage Grouse.</text>
				</paragraph></subsection><subsection id="H4C655B289B4A4C5E86FDC1C67F606C02"><enum>(c)</enum><header>Endangered Species Act of 1973 findings</header>
 <paragraph id="HC0530F2989AF4ACAAD1354261B22DB0B"><enum>(1)</enum><header>Delay required</header><text display-inline="yes-display-inline">During the period beginning on the date of the enactment of this Act and ending on September 30, 2027, the Secretary of the Interior may not alter or invalidate the finding made by United States Fish and Wildlife Service on October 2, 2015, under section 4(b)(3)(B) of the Endangered Species Act of 1973 (<external-xref legal-doc="usc" parsable-cite="usc/16/1533">16 U.S.C. 1533(b)(3)(B)</external-xref>) with respect to the Greater Sage Grouse (80 Fed. Reg. 59857 et seq.).</text>
 </paragraph><paragraph id="H6D5E9D20F9764870AB8DA0203273169C"><enum>(2)</enum><header>Effect on other laws</header><text display-inline="yes-display-inline">Paragraph (1) shall apply without regard to any other statute, regulation, court order, legal settlement, or any other provision of law or in equity.</text>
 </paragraph><paragraph id="H4FAAE2C6B8054644BE3199610E692AFD"><enum>(3)</enum><header>Effect on conservation status</header><text display-inline="yes-display-inline">Until September 30, 2027, the conservation status of the Greater Sage Grouse under the Endangered Species Act of 1973 (<external-xref legal-doc="usc" parsable-cite="usc/16/1531">16 U.S.C. 1531</external-xref> et seq.) shall remain not warranted for listing under such Act.</text>
				</paragraph></subsection><subsection id="H840FBBC4A15D4929AED8E1C4F8957F5F"><enum>(d)</enum><header>Coordination of Federal land management and State conservation and management plans</header>
 <paragraph id="HE7FE69F4C3644B45A24CD6EE833A85B4"><enum>(1)</enum><header>Prohibition on withdrawals and modification of Federal resource management plans</header><text display-inline="yes-display-inline">Effective upon notification by the Governor of a State with a State management plan, neither the Secretary of the Interior nor the Secretary of Agriculture may exercise authority under section 204 of the Federal Land Policy and Management Act of 1976 (<external-xref legal-doc="usc" parsable-cite="usc/43/1714">43 U.S.C. 1714</external-xref>) to make, modify, or extend any withdrawal of, nor amend, revise, or otherwise modify any Federal resource management plan applicable to, Federal lands in the State in a manner inconsistent with the State management plan for a period, to be specified by the Governor in the notification, of at least five years beginning on the date of the notification.</text>
 </paragraph><paragraph id="H507D213E48544DCFADD527F1C13AF32D"><enum>(2)</enum><header>Retroactive effect</header><text display-inline="yes-display-inline">In the case of any State that provides notification under paragraph (1), if any amendment, revision, or modification of a Federal resource management plan applicable to Federal lands in the State was issued after June 1, 2014, and the amendment, revision, or modification altered management of the Greater Sage Grouse or its habitat, implementation and operation of the amendment, revision, or modification shall be stayed to the extent that the amendment, revision, or modification is inconsistent with the State management plan. The Federal resource management plan, as in effect immediately before the withdrawal, amendment, revision, or modification, shall apply instead with respect to management of the Greater Sage Grouse and its habitat, to the extent consistent with the State management plan.</text>
 </paragraph><paragraph id="H558CF79B62B548358645B3BB7C5DF37B"><enum>(3)</enum><header>Determination of inconsistency</header><text display-inline="yes-display-inline">Any disagreement regarding whether an amendment, revision, or other modification of a Federal resource management plan is inconsistent with a State management plan shall be resolved by the Governor of the affected State.</text>
 </paragraph></subsection><subsection id="HC0B7EF3782F845778D9912E0659BF7FB"><enum>(e)</enum><header>Relation to National Environmental Policy Act of 1969</header><text display-inline="yes-display-inline">With regard to any Federal action consistent with a State management plan, any findings, analyses, or conclusions regarding the Greater Sage Grouse or its habitat under the National Environmental Policy Act of 1969 (<external-xref legal-doc="usc" parsable-cite="usc/42/4331">42 U.S.C. 4331</external-xref> et seq.) shall not have a preclusive effect on the approval or implementation of the Federal action in that State.</text>
 </subsection><subsection id="H06F9BBF50DAD4BEEA6E4C460ED3FF071"><enum>(f)</enum><header>Reporting requirement</header><text display-inline="yes-display-inline">Not later than one year after the date of the enactment of this Act and annually thereafter through 2027, the Secretary of the Interior and the Secretary of Agriculture shall jointly submit to the Committee on Energy and Natural Resources of the Senate and the Committee on Natural Resources of the House of Representatives a report on the Secretaries’ implementation and effectiveness of systems to monitor the status of Greater Sage Grouse on Federal lands under their jurisdiction.</text>
 </subsection><subsection id="HA5AD4BEFF57E4746AC9DE1BCBFD73392"><enum>(g)</enum><header>Judicial review</header><text display-inline="yes-display-inline">Notwithstanding any other provision of statute or regulation, this section, including determinations made under this section, shall not be subject to judicial review.</text>
			</subsection></section></legis-body></bill>


