<?xml version="1.0"?>
<?xml-stylesheet type="text/xsl" href="billres.xsl"?>
<!DOCTYPE bill PUBLIC "-//US Congress//DTDs/bill.dtd//EN" "bill.dtd">
<bill bill-stage="Introduced-in-House" bill-type="olc" dms-id="HD00D6300F5DD431A8305C000F29B5D6F" key="H" public-private="public"><metadata xmlns:dc="http://purl.org/dc/elements/1.1/">
<dublinCore>
<dc:title>115 HR 167 IH: Teacher Victims’ Family Assistance Act of 2017</dc:title>
<dc:publisher>U.S. House of Representatives</dc:publisher>
<dc:date>2017-01-03</dc:date>
<dc:format>text/xml</dc:format>
<dc:language>EN</dc:language>
<dc:rights>Pursuant to Title 17 Section 105 of the United States Code, this file is not subject to copyright protection and is in the public domain.</dc:rights>
</dublinCore>
</metadata>
<form>
<distribution-code display="yes">I</distribution-code><congress display="yes">115th CONGRESS</congress><session display="yes">1st Session</session><legis-num display="yes">H. R. 167</legis-num><current-chamber>IN THE HOUSE OF REPRESENTATIVES</current-chamber><action display="yes"><action-date date="20170103">January 3, 2017</action-date><action-desc><sponsor name-id="H000324">Mr. Hastings</sponsor> introduced the following bill; which was referred to the <committee-name committee-id="HWM00">Committee on Ways and Means</committee-name>, and in addition to the Committees on <committee-name committee-id="HED00">Education and the Workforce</committee-name>, and <committee-name committee-id="HJU00">the Judiciary</committee-name>, for a period to be subsequently determined by the Speaker, in each case for consideration of such
			 provisions as fall within the jurisdiction of the committee concerned</action-desc></action><legis-type>A BILL</legis-type><official-title display="yes">To require the Secretary of Education to provide assistance to the immediate family of a teacher or
			 other school employee killed in an act of violence while performing school
			 duties.</official-title></form>
	<legis-body id="H1B267A1289D14B3A945BC1A52E23565A" style="OLC">
 <section id="HFB6384CF3F1B4D64A340D84AE24DF42A" section-type="section-one"><enum>1.</enum><header>Short title</header><text display-inline="no-display-inline">This Act may be cited as the <quote><short-title>Teacher Victims’ Family Assistance Act of 2017</short-title></quote>.</text> </section><section id="HDFD7AD3FA909446DBC7736D2817E9580"><enum>2.</enum><header>Definitions</header><text display-inline="no-display-inline">In this Act:</text>
 <paragraph id="HC94E427A3D9541F8B2CE8C1A0503DF8C"><enum>(1)</enum><text>The term <term>victim</term> means a teacher, administrator, employee, or paid or unpaid staff member of a public or private elementary or secondary school in the United States who was killed as a result of an act of violence committed by another person while performing school duties.</text>
 </paragraph><paragraph id="H4068B3F150564B3C91AC025ADBCBA999"><enum>(2)</enum><text>The term <term>surviving spouse</term> means the spouse of the victim, as determined under applicable State law, at the time of the victim’s death.</text>
 </paragraph><paragraph id="HBE7F3F99DC27491A906969495AB9EC33"><enum>(3)</enum><text>The term <term>dependent child</term> means a son or daughter of the victim (whether natural or adopted) who is under 25 years old.</text> </paragraph><paragraph id="H1987F386B2B54DA4B6CD0380105E9DEA"><enum>(4)</enum><text>The term <term>institution of higher education</term> has the meaning given that term in section 102 of the Higher Education Act of 1965 (<external-xref legal-doc="usc" parsable-cite="usc/20/1002">20 U.S.C. 1002</external-xref>).</text>
 </paragraph><paragraph id="HCF56E7DF67D14D5FA0ABEF4D06FE9A39"><enum>(5)</enum><text>The term <term>cost of attendance</term> has the meaning given that term in section 472 of the Higher Education Act of 1965 (<external-xref legal-doc="usc" parsable-cite="usc/20/1087ll">20 U.S.C. 1087ll</external-xref>).</text>
 </paragraph><paragraph id="HB224B072F95D48ECA7DBE155996AFA89"><enum>(6)</enum><text>The term <term>Secretary</term> means the Secretary of Education.</text> </paragraph></section><section id="H4CB04B0CCB634B13BCC7C941BCE0A438"><enum>3.</enum><header>Teacher victim family assistance</header><text display-inline="no-display-inline">The Secretary of Education shall provide to each applicable recipient the following amounts and forms of assistance:</text>
 <paragraph id="H8B49B989464E4C97B0FC92B852208431"><enum>(1)</enum><header>Funeral assistance</header><text>A payment of up to $1,500 to the surviving spouse, dependent child, or other next of kin, as determined by the Secretary, to assist with any funeral expenses of the victim.</text>
 </paragraph><paragraph id="H236FBE6F6D0B4E558779A837735656B9"><enum>(2)</enum><header>Death benefit</header><text>A payment of $75,000 to the surviving spouse, dependent child, or other next of kin, as determined by the Secretary.</text>
 </paragraph><paragraph id="HD0636063309244F8B01E8E97860A0912"><enum>(3)</enum><header>Living assistance</header><text>Beginning one year after the date of death of the victim, a payment of—</text> <subparagraph id="H18DD1539B28143EDA49D44ADB7DCEA23"><enum>(A)</enum><text>$900 per month to the surviving spouse, until the earlier of the spouse’s death or remarriage; and</text>
 </subparagraph><subparagraph id="HB029A0B213E541B6996CE4A048038877"><enum>(B)</enum><text>$225 per month to each dependent child, until reaching the age of 18 years.</text> </subparagraph></paragraph><paragraph id="H8875291D87A341BD8CA151EA3A354D20"><enum>(4)</enum><header>Dependent undergraduate education assistance</header> <subparagraph id="HD820B4B0CE21421C870469E0AC14F613"><enum>(A)</enum><header>In general</header><text>For each dependent child enrolled or accepted for enrollment in a part-time or full-time program of undergraduate instruction at an institution of higher education, an annual amount not to exceed the lesser of $7,500 or half the total annual cost of attendance at such institution.</text>
 </subparagraph><subparagraph id="H67F82EB3634849378825E7BB077E6B56"><enum>(B)</enum><header>Relation to other assistance</header><text>Assistance provided under this paragraph shall not be considered for the purpose of awarding Federal assistance under title IV of the Higher Education Act of 1965 (<external-xref legal-doc="usc" parsable-cite="usc/20/1070">20 U.S.C. 1070 et seq.</external-xref>), except that in no case shall the sum of the total amount of student financial assistance awarded to a dependent child under such title and the amount of assistance provided under this paragraph exceed the child’s total cost of attendance.</text>
 </subparagraph><subparagraph id="H5FC781594E45486DA2117DABACC35357"><enum>(C)</enum><header>Duration of assistance</header><text>A dependent child may receive assistance under this paragraph for not more than a total of 5 years.</text> </subparagraph><subparagraph id="HDF8473A758B8486B9B5600F9CAF6164C"><enum>(D)</enum><header>Good standing required</header><text>The dependent child must maintain good standing at the institution in order to receive assistance under this paragraph.</text>
 </subparagraph><subparagraph id="H0E6BE33166F44676BEEEF0EA2F78E4F8"><enum>(E)</enum><header>Effect of parental death or remarriage</header><text>The death or remarriage of the surviving spouse does not affect a dependent child’s eligibility for assistance under this paragraph.</text>
				</subparagraph></paragraph></section><section id="HF1EEE0740E0B4B81A9A03C74726B1E4E"><enum>4.</enum><header>Tax provisions relating to elementary or secondary school staff members killed in an act of
			 violence while performing school duties</header>
			<subsection id="HEA8B7575D3604D07A46FDEBAA5964261"><enum>(a)</enum><header>Teacher’s wages in year of death excluded from income</header>
 <paragraph id="HE203D917E71B473286153A2F48DF4B04"><enum>(1)</enum><header>In general</header><text>Part II of subchapter J of <external-xref legal-doc="usc-chapter" parsable-cite="usc-chapter/26/1">chapter 1</external-xref> of the Internal Revenue Code of 1986 is amended by adding at the end the following new section:</text>
					<quoted-block id="H1F2F5CD75BB34B58AC2F9E423F89E33E" style="OLC">
						<section id="H400DEA6756C84D2B80496A8DE48B057D"><enum>693.</enum><header>Income taxes of elementary or secondary school staff members killed in an act of violence while
 performing school duties</header><text display-inline="no-display-inline">In the case of any individual who is a victim (as defined by section 2(1) of the <short-title>Teacher Victims’ Family Assistance Act of 2017</short-title>), any tax imposed by this subtitle on any amount received by such individual by reason of school employment shall not apply with respect to the taxable year in which falls the date of death of the individual.</text></section><after-quoted-block>.</after-quoted-block></quoted-block>
 </paragraph><paragraph id="H218D9E8264C44F29865C8059DA423739"><enum>(2)</enum><header>Clerical amendment</header><text>The table of sections for part II of subchapter J of chapter 1 of such Code is amended by inserting at the end the following new item:</text>
					<quoted-block id="H178CE9A26E924AD392E40B08B1050EFD" style="OLC">
						<toc regeneration="no-regeneration">
							<toc-entry level="section">Sec. 693. Income taxes of elementary or secondary school staff members killed in an act of violence
			 while performing school duties.</toc-entry></toc><after-quoted-block>.</after-quoted-block></quoted-block>
				</paragraph></subsection><subsection id="H3148C9B1ADAE47F2ACCED03A85F55E0D"><enum>(b)</enum><header>Exclusion of teacher victim family assistance</header>
 <paragraph id="HED62417702EC4BEB905BF8D35AF9BCFD"><enum>(1)</enum><header>In general</header><text>Part III of subchapter B of chapter 1 of such Code (relating to items specifically excluded from gross income) is amended by inserting after section 139F the following new section:</text>
					<quoted-block id="H4D9C3DA2A90E44B384893CD1011691EF" style="OLC">
 <section id="H66CCEBFCB3DB4A63BB028BFF43F9A453"><enum>139G.</enum><header>Teacher victim family assistance</header><text display-inline="no-display-inline">In the case of an individual, gross income does not include any amount received in a taxable year under section 2 of the <short-title>Teacher Victims’ Family Assistance Act of 2017</short-title>.</text></section><after-quoted-block>.</after-quoted-block></quoted-block>
 </paragraph><paragraph id="H95FE563D98034F1BA75DF23809AE3B39"><enum>(2)</enum><header>Clerical amendment</header><text display-inline="yes-display-inline">The table of sections for such part is amended by inserting after the item relating to section 139F the following new item:</text>
					<quoted-block display-inline="no-display-inline" id="H96DBD176BD154DBB9D604D3C5102B57D" style="OLC">
						<toc container-level="quoted-block-container" idref="H4D9C3DA2A90E44B384893CD1011691EF" lowest-bolded-level="division-lowest-bolded" lowest-level="section" quoted-block="no-quoted-block" regeneration="yes-regeneration">
							<toc-entry idref="H66CCEBFCB3DB4A63BB028BFF43F9A453" level="section">Sec. 139G. Teacher victim family assistance.</toc-entry></toc><after-quoted-block>.</after-quoted-block></quoted-block>
 </paragraph></subsection><subsection id="HFDB4BCAFFBA0498080902BFD3AF8144F"><enum>(c)</enum><header>Effective date</header><text>The amendments made by this section shall apply to taxable years beginning after December 31, 2016.</text> </subsection></section><section id="HC1C01E5DCFC34472AD85596F22EE2036"><enum>5.</enum><header>Teacher Victims’ Family fund</header> <subsection id="HAB83725C72754F6E86E3668EF83C5108"><enum>(a)</enum><header>Establishment</header><text>Subchapter A of <external-xref legal-doc="usc-chapter" parsable-cite="usc-chapter/26/98">chapter 98</external-xref> of the Internal Revenue Code of 1986 is amended by adding at the end the following:</text>
				<quoted-block id="HF823F48C5ABC4B8BB4318F4E70CACA7C" style="OLC">
					<section id="H61363844D9C542939B83EF67F2B1CBB2"><enum>9512.</enum><header>Teacher Victims’ Family Trust Fund</header>
 <subsection id="HF567B575AE1340D7A63C3652780EBFB0"><enum>(a)</enum><header>Creation of Trust Fund</header><text>There is established in the Treasury of the United States a trust fund to be known as the <quote>Teacher Victims’ Family Trust Fund</quote> (referred to in this section as the <quote>Trust Fund</quote>), consisting of such amounts as may be appropriated or credited to the Trust Fund as provided in this section or section 9602(b).</text>
 </subsection><subsection id="HB9E203F08AC04174A501C32B529C8341"><enum>(b)</enum><header>Transfers to Trust Fund</header><text>There is hereby appropriated to the Trust Fund an amount equivalent to the increase in revenues received in the Treasury by reason of the increase in tax imposed under section 4181 by the <short-title>Teacher Victims’ Family Assistance Act of 2017</short-title>.</text>
 </subsection><subsection id="HE5C952B939554F03A6BC5BE3A0AE10D2"><enum>(c)</enum><header>Distribution of amounts in Trust Fund</header><text display-inline="yes-display-inline">Amounts in the Trust Fund shall be available, as provided in appropriation Acts, to carry out section 3 of the <short-title>Teacher Victims’ Family Assistance Act of 2017</short-title>.</text>
						</subsection></section><after-quoted-block>.</after-quoted-block></quoted-block>
 </subsection><subsection id="H657A2F7EE59642B5A17027CB05737640"><enum>(b)</enum><header>Increase in excise tax on ammunition</header><text>Section 4181 of such Code is amended—</text> <paragraph id="HD495F0D271454B96BCC3020FC3065672"><enum>(1)</enum><text>by striking <quote>Shells, and cartridges.</quote>, and</text>
 </paragraph><paragraph id="H9EE252C9DF1547A8BBE830719B02700C"><enum>(2)</enum><text display-inline="yes-display-inline">by adding at the end the following:</text> <quoted-block display-inline="no-display-inline" id="H3EF809DA34F44C2283140A4F560A1E76" style="tax"> <paragraph changed="added" id="idCB09E98196D842179D333AD0A3EDB1F8" indent="up1" reported-display-style="boldface-roman"><enum></enum><text>Articles taxable at 13 percent—</text><subparagraph changed="not-changed" id="id8EFF2A206E1D425D9393310830BDE30F"><enum></enum><text display-inline="yes-display-inline">Shells, and cartridges.</text> </subparagraph></paragraph><after-quoted-block>.</after-quoted-block></quoted-block> </paragraph></subsection><subsection id="H594E97E051C14ED0ADF2278031344B1E"><enum>(c)</enum><header>Conforming amendments</header> <paragraph id="H16EBBCFC312E458C88F34A9FB8B36B03"><enum>(1)</enum><text>Subsection (a) of section 3 of the Pittman-Robertson Wildlife Restoration Act (<external-xref legal-doc="usc" parsable-cite="usc/16/669b">16 U.S.C. 669b</external-xref>) is amended by adding at the end the following new paragraph:</text>
					<quoted-block display-inline="no-display-inline" id="HC56A246A24BB4C29A529679B24840D9D" style="OLC">
 <paragraph id="HDB26C822C13A47E79BA2AF9EB5C07F80"><enum>(3)</enum><text display-inline="yes-display-inline">Paragraph (1) shall not apply to so much of the revenues accruing under <external-xref legal-doc="usc" parsable-cite="usc/26/4181">section 4181</external-xref> of the Internal Revenue Code of 1986 as are attributable to the increase in tax imposed under section 4181 by the <short-title>Teacher Victims’ Family Assistance Act of 2017</short-title>.</text></paragraph><after-quoted-block>.</after-quoted-block></quoted-block>
 </paragraph><paragraph id="H2AC9DEA041094664B11AF153DF5AAFCC"><enum>(2)</enum><text>The table of sections for subchapter A of chapter 98 of such Code is amended by adding at the end the following:</text>
					<quoted-block display-inline="no-display-inline" id="H5A8F052EF1534A46849051DDE702DDFE" style="OLC">
						<toc container-level="quoted-block-container" idref="HF823F48C5ABC4B8BB4318F4E70CACA7C" lowest-bolded-level="division-lowest-bolded" lowest-level="section" quoted-block="no-quoted-block" regeneration="yes-regeneration">
							<toc-entry idref="H61363844D9C542939B83EF67F2B1CBB2" level="section">Sec. 9512. Teacher Victims’ Family Trust Fund.</toc-entry></toc><after-quoted-block>.</after-quoted-block></quoted-block>
				</paragraph></subsection><subsection id="H213358A054D24A11863ECC7ACA45C9CB"><enum>(d)</enum><header>Effective date</header>
 <paragraph id="H56735BF3FC4446ADBBE18023542A0756"><enum>(1)</enum><text>Except as provided by paragraph (2), the amendments made by this section shall take effect on the date of the enactment of this Act.</text>
 </paragraph><paragraph id="H2D9B27A88B284EACA36476702B211FDB"><enum>(2)</enum><text>The amendment made by subsection (b) shall apply to articles sold after the date of the enactment of this Act.</text>
 </paragraph></subsection></section><section id="H64189E0D398D465AAFFE103D9FCBA077"><enum>6.</enum><header>Eligibility for public safety officer death benefits</header><text display-inline="no-display-inline">For purposes of part L of the Omnibus Crime Control and Safe Streets Act of 1968 (<external-xref legal-doc="usc" parsable-cite="usc/42/3796">42 U.S.C. 3796 et seq.</external-xref>)—</text>
 <paragraph id="H35BB7DF58F2743DEB9181834D66555E0"><enum>(1)</enum><text>a victim shall be deemed to be a public safety officer who has died as the direct and proximate result of a personal injury sustained in the line of duty;</text>
 </paragraph><paragraph id="HFBF7804BC90C49EF9CE855D7BFE26C27"><enum>(2)</enum><text>the surviving spouse of the victim shall be deemed to be the surviving spouse of such a public safety officer; and</text>
 </paragraph><paragraph id="H625713630BE847CAA5B9D0D85CB13AF5"><enum>(3)</enum><text>the dependent child of the victim shall be deemed to be the surviving child of such a public safety officer.</text>
 </paragraph></section><section id="H15438593C66147FD97F808A96D1223C8"><enum>7.</enum><header>Assistance supplements, not supplants other benefits</header><text display-inline="no-display-inline">No assistance provided under this Act may supplant any benefit or other compensation paid or payable to the surviving spouse, dependent child, or other next of kin of the victim by the victim’s employer, school, school district, or local or State government, or by any insurance coverage of the victim.</text>
		</section></legis-body></bill>


