<?xml version="1.0"?>
<?xml-stylesheet type="text/xsl" href="billres.xsl"?>
<!DOCTYPE bill PUBLIC "-//US Congress//DTDs/bill.dtd//EN" "bill.dtd">
<bill bill-stage="Introduced-in-House" bill-type="olc" dms-id="H9ADEB9C689A14607BEDE5386CD424840" key="H" public-private="public"><metadata xmlns:dc="http://purl.org/dc/elements/1.1/">
<dublinCore>
<dc:title>115 HR 656 IH: Women’s Public Health and Safety Act</dc:title>
<dc:publisher>U.S. House of Representatives</dc:publisher>
<dc:date>2017-01-24</dc:date>
<dc:format>text/xml</dc:format>
<dc:language>EN</dc:language>
<dc:rights>Pursuant to Title 17 Section 105 of the United States Code, this file is not subject to copyright protection and is in the public domain.</dc:rights>
</dublinCore>
</metadata>
<form>
<distribution-code display="yes">I</distribution-code><congress display="yes">115th CONGRESS</congress><session display="yes">1st Session</session><legis-num display="yes">H. R. 656</legis-num><current-chamber>IN THE HOUSE OF REPRESENTATIVES</current-chamber><action display="yes"><action-date date="20170124">January 24, 2017</action-date><action-desc><sponsor name-id="D000614">Mr. Duffy</sponsor> (for himself, <cosponsor name-id="W000812">Mrs. Wagner</cosponsor>, <cosponsor name-id="M001190">Mr. Mullin</cosponsor>, <cosponsor name-id="M001187">Mr. Meadows</cosponsor>, <cosponsor name-id="S001192">Mr. Stewart</cosponsor>, <cosponsor name-id="P000606">Mr. Pittenger</cosponsor>, <cosponsor name-id="G000576">Mr. Grothman</cosponsor>, <cosponsor name-id="W000814">Mr. Weber of Texas</cosponsor>, and <cosponsor name-id="L000566">Mr. Latta</cosponsor>) introduced the following bill; which was referred to the <committee-name committee-id="HIF00">Committee on Energy and Commerce</committee-name></action-desc></action><legis-type>A BILL</legis-type><official-title display="yes">To amend title XIX of the Social Security Act to allow for greater State flexibility with respect
			 to excluding providers who are involved in abortions.</official-title></form>
	<legis-body id="HBA5BEEE91686445AA5EC9702CF914C53" style="OLC">
 <section id="HC15D468AD6064249BE73B027A0CA569F" section-type="section-one"><enum>1.</enum><header>Short title</header><text display-inline="no-display-inline">This Act may be cited as the <quote><short-title>Women’s Public Health and Safety Act</short-title></quote>.</text> </section><section id="HEA95297C1D80415AB66023C125637B5F"><enum>2.</enum><header>Increasing State flexibility in determining participation of providers who perform, or participate in the performance of, abortions</header><text display-inline="no-display-inline">Section 1902 of the Social Security Act (<external-xref legal-doc="usc" parsable-cite="usc/42/1396a">42 U.S.C. 1396a</external-xref>) is amended—</text>
 <paragraph id="H3672EEE60AAE422085D13DFBE550306D"><enum>(1)</enum><text>in subsection (a)(23), by striking <quote>subsection (g)</quote> and inserting <quote>subsection (g), subsection (ll),</quote>; and</text> </paragraph><paragraph id="H830D4F80D9BB43F0B32271D67BD4D359"><enum>(2)</enum><text>by adding at the end the following new subsection:</text>
				<quoted-block display-inline="no-display-inline" id="H6E90089A1B7B4538A514E97627E73378" style="traditional">
					<subsection id="HE8DF58482E5145CCA32E2E19E3F26A1A"><enum>(ll)</enum><header>Rules with respect to determination of participation of providers who perform, or participate in
			 the performance of, abortions</header>
 <paragraph id="H1C28E5EEEBE0476B9D4DC753735FF061"><enum>(1)</enum><header>In general</header><text display-inline="yes-display-inline">Beginning October 1, 2017, subject to paragraph (2), for purposes of this title, a State, at its option, may establish criteria with respect to the participation under the State plan (or under a waiver of the plan) of an institution, agency, entity, or person who performs, or participates in the performance of, abortions.</text>
 </paragraph><paragraph id="H0768C7C1CD0B41FB82193CC1EF058AEA"><enum>(2)</enum><header>Exception</header><text>Paragraph (1) shall not apply to an abortion—</text> <subparagraph id="H6CF3399D6A2540CCBE92F5258F9FD042"><enum>(A)</enum><text display-inline="yes-display-inline">if the pregnancy is the result of an act of rape or incest; or</text>
 </subparagraph><subparagraph id="HEFFADF9B16F1478BA0A5EABD4A81AE49"><enum>(B)</enum><text display-inline="yes-display-inline">in the case where a woman suffers from a physical disorder, physical injury, or physical illness that would, as certified by a physician, place the woman in danger of death unless an abortion is performed, including a life-endangering physical condition caused by or arising from the pregnancy itself.</text>
 </subparagraph></paragraph><paragraph id="H5D3B3D05DED443328FFC6B9CCA6D3E91"><enum>(3)</enum><header>Definitions</header><text display-inline="yes-display-inline">For purposes of this subsection, the terms <quote>institution</quote>, <quote>agency</quote>, or <quote>entity</quote> mean the entire legal institution, agency, or entity, or any part thereof, including any institution, agency, or entity that controls, is controlled by, or is under common control with such institution, agency, or entity.</text></paragraph></subsection><after-quoted-block>.</after-quoted-block></quoted-block>
			</paragraph></section></legis-body></bill>


