<?xml version="1.0"?>
<?xml-stylesheet type="text/xsl" href="billres.xsl"?>
<!DOCTYPE bill PUBLIC "-//US Congress//DTDs/bill.dtd//EN" "bill.dtd">
<bill bill-stage="Introduced-in-House" bill-type="olc" dms-id="HDCA33D5C3AA7466AA24210280811CC12" key="H" public-private="public"><metadata xmlns:dc="http://purl.org/dc/elements/1.1/">
<dublinCore>
<dc:title>115 HR 220 IH: To authorize the expansion of an existing hydroelectric project, and for other purposes.</dc:title>
<dc:publisher>U.S. House of Representatives</dc:publisher>
<dc:date>2017-01-03</dc:date>
<dc:format>text/xml</dc:format>
<dc:language>EN</dc:language>
<dc:rights>Pursuant to Title 17 Section 105 of the United States Code, this file is not subject to copyright protection and is in the public domain.</dc:rights>
</dublinCore>
</metadata>
<form>
<distribution-code display="yes">I</distribution-code><congress display="yes">115th CONGRESS</congress><session display="yes">1st Session</session><legis-num display="yes">H. R. 220</legis-num><current-chamber>IN THE HOUSE OF REPRESENTATIVES</current-chamber><action display="yes"><action-date date="20170103">January 3, 2017</action-date><action-desc><sponsor name-id="Y000033">Mr. Young of Alaska</sponsor> introduced the following bill; which was referred to the <committee-name committee-id="HII00">Committee on Natural Resources</committee-name></action-desc></action><legis-type>A BILL</legis-type><official-title display="yes">To authorize the expansion of an existing hydroelectric project, and for other purposes.</official-title></form>
	<legis-body id="H78026A14B3F347C092A7AF453E292080" style="OLC">
		<section id="HB2CFC6175C704DEA91034504BC6593A7" section-type="section-one"><enum>1.</enum><header>Terror Lake Hydroelectric Project Upper Hidden Basin Diversion authorization</header>
 <subsection id="HA7585D0037AC48458535D74E690E5F57"><enum>(a)</enum><header>Definitions</header><text>In this section:</text> <paragraph id="HEEAD96F78D09412AB8FEAEDB2DCBE9DC"><enum>(1)</enum><header>Terror Lake Hydroelectric Project</header><text>The term <quote>Terror Lake Hydroelectric Project</quote> means the project identified in section 1325 of the Alaska National Interest Lands Conservation Act (<external-xref legal-doc="usc" parsable-cite="usc/16/3212">16 U.S.C. 3212</external-xref>), and which is Federal Energy Regulatory Commission project number 2743.</text>
 </paragraph><paragraph id="HBF8CFB25088549509261CBF31580D910"><enum>(2)</enum><header>Upper Hidden Basin Diversion Expansion</header><text>The term <quote>Upper Hidden Basin Diversion Expansion</quote> means the expansion of the Terror Lake Hydroelectric Project as generally described in Exhibit E to the Upper Hidden Basin Grant Application dated July 2, 2014, and submitted to the Alaska Energy Authority Renewable Energy Fund Round VIII by Kodiak Electric Association, Inc.</text>
 </paragraph></subsection><subsection id="HEDE459199C62458D8448CF9107A5F618"><enum>(b)</enum><header>Authorization</header><text>The licensee for the Terror Lake Hydroelectric Project may occupy not more than 20 acres of Federal land to construct, operate, and maintain the Upper Hidden Basin Diversion Expansion without further authorization of the Secretary of the Interior or under the Alaska National Interest Lands Conservation Act (<external-xref legal-doc="usc" parsable-cite="usc/16/3101">16 U.S.C. 3101 et seq.</external-xref>).</text>
 </subsection><subsection commented="no" display-inline="no-display-inline" id="H05135E238EDF4CA98F74527F4891A98C"><enum>(c)</enum><header display-inline="yes-display-inline">Savings clause</header><text display-inline="yes-display-inline">The Upper Hidden Basin Diversion Expansion shall be subject to appropriate terms and conditions included in an amendment to a license issued by the Federal Energy Regulatory Commission pursuant to the Federal Power Act (<external-xref legal-doc="usc" parsable-cite="usc/16/791a">16 U.S.C. 791a et seq.</external-xref>), including section 4(e) of that Act (<external-xref legal-doc="usc" parsable-cite="usc/16/797">16 U.S.C. 797(e)</external-xref>), following an environmental review by the Commission under the National Environmental Policy Act of 1969 (<external-xref legal-doc="usc" parsable-cite="usc/42/4321">42 U.S.C. 4321 et seq.</external-xref>).</text>
			</subsection></section></legis-body></bill>


