<?xml version="1.0"?>
<?xml-stylesheet type="text/xsl" href="billres.xsl"?>
<!DOCTYPE bill PUBLIC "-//US Congress//DTDs/bill.dtd//EN" "bill.dtd">
<bill bill-stage="Enrolled-Bill" dms-id="H1F3BE4689D26451BB6D6E52D9144EAB2" public-private="public" key="H" bill-type="olc" stage-count="1"> 
<metadata xmlns:dc="http://purl.org/dc/elements/1.1/">
<dublinCore>
<dc:title> HR 72 ENR: GAO Access and Oversight Act of 2017</dc:title>
<dc:publisher>U.S. House of Representatives</dc:publisher>
<dc:date></dc:date>
<dc:format>text/xml</dc:format>
<dc:language>EN</dc:language>
<dc:rights>Pursuant to Title 17 Section 105 of the United States Code, this file is not subject to copyright protection and is in the public domain.</dc:rights>
</dublinCore>
</metadata>
<form>
<distribution-code display="no">I</distribution-code> 
<congress>One Hundred Fifteenth Congress of the United States of America</congress> <session>At the First Session</session><enrolled-dateline>Begun and held at the City of Washington on Tuesday, the third day of January, two thousand and seventeen</enrolled-dateline> 
<legis-num>H. R. 72</legis-num> 
<current-chamber display="no"></current-chamber> 
<legis-type>AN ACT</legis-type> 
<official-title display="yes">To ensure the Government Accountability Office has adequate access to information.</official-title> 
</form> 
<legis-body id="H2F0808A3306D428B990B9BDB85F0F09A" style="OLC"> 
<section id="HF448250D1BA24C529B89747AE69B2F51" section-type="section-one"><enum>1.</enum><header>Short title</header><text display-inline="no-display-inline">This Act may be cited as the <quote><short-title>GAO Access and Oversight Act of 2017</short-title></quote>.</text></section> <section id="H7E4EB5EC96F74A99B75A962813019442"><enum>2.</enum><header>Access to certain information</header> <subsection id="H126C9652300F4886BD6FE3B6A12A8B77"><enum>(a)</enum><header>Access to certain information</header><text>Subchapter II of <external-xref legal-doc="usc-chapter" parsable-cite="usc-chapter/31/7">chapter 7</external-xref> of title 31, United States Code, is amended by adding at the end the following:</text> 
<quoted-block display-inline="no-display-inline" id="H32098F4E94E045E19DC488EFF206225B" style="USC"> 
<section id="H709F41EF81D946A690F8268B70FC59C4"><enum>721.</enum><header>Access to certain information</header> 
<subsection id="H4BAED5C2C37247D680A00BCA896AD3FE"><enum>(a)</enum><text>No provision of the Social Security Act, including section 453(l) of that Act (<external-xref legal-doc="usc" parsable-cite="usc/42/653">42 U.S.C. 653(l)</external-xref>), shall be construed to limit, amend, or supersede the authority of the Comptroller General to obtain any information or to inspect any record under section 716 of this title.</text></subsection> <subsection id="HBE81202CCA0B454FAB57CAE624BCE04F"><enum>(b)</enum><text>The specific reference to a statute in subsection (a) shall not be construed to affect access by the Government Accountability Office to information under statutes that are not so referenced.</text></subsection></section><after-quoted-block>.</after-quoted-block></quoted-block></subsection> 
<subsection id="H70527E5F03844E3282B46649E914F237"><enum>(b)</enum><header>Agency reports</header><text>Section 720(b) of title 31, United States Code, is amended—</text> <paragraph id="H1DD98C11630649E5AA64BBF3B7649937"><enum>(1)</enum><text>in the matter preceding paragraph (1), by inserting <quote>or planned</quote> after <quote>action taken</quote>; and</text></paragraph> 
<paragraph id="H9A2309F96D3740D297DE7BB5C1F484F7"><enum>(2)</enum><text>by striking paragraph (1) and inserting the following:</text> <quoted-block display-inline="no-display-inline" id="H4516664731114E948830ADA5B93C1E5C" style="OLC"> <paragraph id="HE95A48C91D4C4B9AA30CB1173A6616F8"><enum>(1)</enum><text>the Committee on Homeland Security and Governmental Affairs of the Senate, the Committee on Oversight and Government Reform of the House of Representatives, the congressional committees with jurisdiction over the agency program or activity that is the subject of the recommendation, and the Government Accountability Office before the 61st day after the date of the report; and</text></paragraph><after-quoted-block>.</after-quoted-block></quoted-block></paragraph></subsection> 
<subsection id="H6D93C136D43A43F38D5BBECF45996A77"><enum>(c)</enum><header>Authority To obtain records</header><text>Section 716 of title 31, United States Code, is amended in subsection (a)—</text> <paragraph id="HADD671505C92480199F00D1F826B11C7"><enum>(1)</enum><text>by striking <quote>(a)</quote> and inserting <quote>(2)</quote>; and</text></paragraph> 
<paragraph id="H4383B92384684B6090E007B1357EE38F"><enum>(2)</enum><text>by inserting after the section heading the following:</text> <quoted-block display-inline="no-display-inline" id="H55B645EDE6D7428BACA2F9E12CAC85B0" style="OLC"> <subsection id="HED3275220BE94D7B8BF5C8DA368EEDCA"><enum>(a)</enum> <paragraph commented="no" display-inline="yes-display-inline" id="H6E840DA2A64E41D59D61F2C113F1643C"><enum>(1)</enum><text>The Comptroller General is authorized to obtain such agency records as the Comptroller General requires to discharge the duties of the Comptroller General (including audit, evaluation, and investigative duties), including through the bringing of civil actions under this section. In reviewing a civil action under this section, the court shall recognize the continuing force and effect of the authorization in the preceding sentence until such time as the authorization is repealed pursuant to law.</text></paragraph></subsection><after-quoted-block>.</after-quoted-block></quoted-block></paragraph></subsection> 
<subsection id="H829B764EF5314255A989A9546805C312"><enum>(d)</enum><header>Technical and conforming amendment</header><text>The table of sections for <external-xref legal-doc="usc-chapter" parsable-cite="usc-chapter/31/7">chapter 7</external-xref> of title 31, United States Code, is amended by inserting after the item relating to <external-xref legal-doc="usc" parsable-cite="usc/31/720">section 720</external-xref> the following:</text> <quoted-block id="H03A0962860FE4DCBAAB3E3B878F630FC" style="USC"> <toc> <toc-entry idref="H709F41EF81D946A690F8268B70FC59C4" level="section">721. Access to certain information.</toc-entry></toc><after-quoted-block>.</after-quoted-block></quoted-block></subsection></section> </legis-body> <attestation><attestation-group><role>Speaker of the House of Representatives.</role></attestation-group><attestation-group><role>Vice President of the United States and President of the Senate.</role></attestation-group></attestation> </bill> 

