<?xml version="1.0"?>
<?xml-stylesheet type="text/xsl" href="billres.xsl"?>
<!DOCTYPE bill PUBLIC "-//US Congress//DTDs/bill.dtd//EN" "bill.dtd">
<bill bill-stage="Introduced-in-House" bill-type="olc" dms-id="H5C219978C0A64C27B59BB4573CF7B32B" key="H" public-private="public"><metadata xmlns:dc="http://purl.org/dc/elements/1.1/">
<dublinCore>
<dc:title>115 HR 369 IH: To eliminate the sunset of the Veterans Choice Program, and for other purposes.</dc:title>
<dc:publisher>U.S. House of Representatives</dc:publisher>
<dc:date>2017-01-09</dc:date>
<dc:format>text/xml</dc:format>
<dc:language>EN</dc:language>
<dc:rights>Pursuant to Title 17 Section 105 of the United States Code, this file is not subject to copyright protection and is in the public domain.</dc:rights>
</dublinCore>
</metadata>
<form>
<distribution-code display="yes">I</distribution-code><congress display="yes">115th CONGRESS</congress><session display="yes">1st Session</session><legis-num display="yes">H. R. 369</legis-num><current-chamber>IN THE HOUSE OF REPRESENTATIVES</current-chamber><action display="yes"><action-date date="20170109">January 9, 2017</action-date><action-desc><sponsor name-id="R000582">Mr. Roe of Tennessee</sponsor> introduced the following bill; which was referred to the <committee-name committee-id="HVR00">Committee on Veterans' Affairs</committee-name></action-desc></action><legis-type>A BILL</legis-type><official-title display="yes">To eliminate the sunset of the Veterans Choice Program, and for other purposes.</official-title></form>
	<legis-body id="H7721238A18EB49F9A4F996AD7391AE63" style="OLC">
		<section id="HC5C0093797374B23B63E19A259AC033C" section-type="section-one"><enum>1.</enum><header>Elimination of sunset of the Veterans Choice Program</header>
 <text display-inline="no-display-inline">Section 101(p)(2) of the Veterans Access, Choice, and Accountability Act of 2014 (<external-xref legal-doc="public-law" parsable-cite="pl/113/146">Public Law 113–146</external-xref>; <external-xref legal-doc="usc" parsable-cite="usc/38/1701">38 U.S.C. 1701</external-xref> note) is amended by striking all that follows <quote>section 802</quote> and inserting a period.</text> </section></legis-body></bill> 

