<?xml version="1.0"?>
<?xml-stylesheet type="text/xsl" href="billres.xsl"?>
<!DOCTYPE bill PUBLIC "-//US Congress//DTDs/bill.dtd//EN" "bill.dtd">
<bill bill-stage="Introduced-in-House" bill-type="olc" dms-id="H8663250DE64B4084A20160F747691C2F" key="H" public-private="public"><metadata xmlns:dc="http://purl.org/dc/elements/1.1/">
<dublinCore>
<dc:title>115 HR 357 IH: Overseas Outsourcing Accountability Act</dc:title>
<dc:publisher>U.S. House of Representatives</dc:publisher>
<dc:date>2017-01-06</dc:date>
<dc:format>text/xml</dc:format>
<dc:language>EN</dc:language>
<dc:rights>Pursuant to Title 17 Section 105 of the United States Code, this file is not subject to copyright protection and is in the public domain.</dc:rights>
</dublinCore>
</metadata>
<form>
<distribution-code display="yes">I</distribution-code><congress display="yes">115th CONGRESS</congress><session display="yes">1st Session</session><legis-num display="yes">H. R. 357</legis-num><current-chamber>IN THE HOUSE OF REPRESENTATIVES</current-chamber><action display="yes"><action-date date="20170106">January 6, 2017</action-date><action-desc><sponsor name-id="B001286">Mrs. Bustos</sponsor> (for herself, <cosponsor name-id="G000535">Mr. Gutiérrez</cosponsor>, <cosponsor name-id="S001185">Ms. Sewell of Alabama</cosponsor>, <cosponsor name-id="M001143">Ms. McCollum</cosponsor>, <cosponsor name-id="L000565">Mr. Loebsack</cosponsor>, <cosponsor name-id="P000607">Mr. Pocan</cosponsor>, <cosponsor name-id="K000009">Ms. Kaptur</cosponsor>, <cosponsor name-id="S001145">Ms. Schakowsky</cosponsor>, <cosponsor name-id="C001090">Mr. Cartwright</cosponsor>, <cosponsor name-id="L000562">Mr. Lynch</cosponsor>, <cosponsor name-id="W000822">Mrs. Watson Coleman</cosponsor>, <cosponsor name-id="B001227">Mr. Brady of Pennsylvania</cosponsor>, <cosponsor name-id="R000577">Mr. Ryan of Ohio</cosponsor>, <cosponsor name-id="S001190">Mr. Schneider</cosponsor>, <cosponsor name-id="J000126">Ms. Eddie Bernice Johnson of Texas</cosponsor>, <cosponsor name-id="N000127">Mr. Nolan</cosponsor>, <cosponsor name-id="K000391">Mr. Krishnamoorthi</cosponsor>, <cosponsor name-id="L000563">Mr. Lipinski</cosponsor>, <cosponsor name-id="F000454">Mr. Foster</cosponsor>, <cosponsor name-id="D000624">Mrs. Dingell</cosponsor>, <cosponsor name-id="C000714">Mr. Conyers</cosponsor>, <cosponsor name-id="K000380">Mr. Kildee</cosponsor>, <cosponsor name-id="C001061">Mr. Cleaver</cosponsor>, <cosponsor name-id="D000482">Mr. Michael F. Doyle of Pennsylvania</cosponsor>, and <cosponsor name-id="C001072">Mr. Carson of Indiana</cosponsor>) introduced the following bill; which was referred to the <committee-name committee-id="HED00">Committee on Education and the Workforce</committee-name></action-desc></action><legis-type>A BILL</legis-type><official-title display="yes">To require the President to develop and release a comprehensive national strategy to prevent United
			 States employers from overseas outsourcing and offshoring practices that
			 impact the United States workforce.</official-title></form>
	<legis-body id="H6B555EA667004402A73EC299236F61B1" style="OLC">
 <section id="H373FED470D8E4CD5BC6DC8E26887F00E" section-type="section-one"><enum>1.</enum><header>Short title</header><text display-inline="no-display-inline">This Act may be cited as the <quote><short-title>Overseas Outsourcing Accountability Act</short-title></quote>.</text> </section><section id="HD0C2F4A28F694093B26B978B7B89A0BC"><enum>2.</enum><header>National Strategy to Prevent Overseas Outsourcing</header> <subsection id="H914278BA75B447E1897064EFF3DA025C"><enum>(a)</enum><header>Development of strategy</header><text display-inline="yes-display-inline">Beginning on January 20, 2017, the President, in coordination with appropriate agencies as necessary, shall develop a comprehensive national strategy to prevent United States employers from overseas outsourcing and offshoring practices that impact the United States workforce. Such strategy shall—</text>
 <paragraph id="HE38AA19F87F94615A4C650DD693C7A5A"><enum>(1)</enum><text>delineate quantifiable short-term and long-term goals for preventing such overseas outsourcing and offshoring practices;</text>
 </paragraph><paragraph id="H1E197ABCC05F4AD8BB5A4C45A33C0B4D"><enum>(2)</enum><text>describe specific actions to be taken to achieve such goals and the means necessary to do so; and</text> </paragraph><paragraph id="HCC2724A8EA414862A0F13B9500C07E47"><enum>(3)</enum><text display-inline="yes-display-inline">identify new authorities or changes in existing authorities, including recommendations for necessary legislation.</text>
				</paragraph></subsection><subsection id="H9DB406D0540443F0AF1DC188C2884509"><enum>(b)</enum><header>Reports</header>
 <paragraph id="H01DE1E8906F74D25AF3D170824A4CE98"><enum>(1)</enum><header>Initial submission of strategy</header><text>Not later than April 20, 2017, the President shall submit the strategy and any accompanying report materials to Congress.</text>
 </paragraph><paragraph id="H16EF2011591C4E3D8225BB62CBE4C53B"><enum>(2)</enum><header>Subsequent reports</header><text>Not less than once every 2 years after the date on which the President submits the strategy pursuant to paragraph (1), the President shall submit a report to Congress which shall include—</text>
 <subparagraph id="H8A4A62552A364F199A9C09C84E579642"><enum>(A)</enum><text>a description of the progress toward the goals described in subsection (a)(1), including the status of the implementation or completion of the actions described in subsection (a)(2); and</text>
 </subparagraph><subparagraph id="H873D8C0E3A3C443CA779C73F0E76DCA0"><enum>(B)</enum><text display-inline="yes-display-inline">an assessment of the impact of these actions and policies on—</text> <clause id="H34664B8419A141A39687F19686E0B292"><enum>(i)</enum><text>the retention of United States employers in the United States;</text>
 </clause><clause id="HB72F913E95C343A8844388038D2A95C7"><enum>(ii)</enum><text>the retention of jobs for workers in the United States; and</text> </clause><clause id="HBC6325C4071A4F50A2FEF9CDF259373E"><enum>(iii)</enum><text>the United States economy as a whole.</text>
						</clause></subparagraph></paragraph></subsection></section></legis-body></bill>


