<?xml version="1.0"?>
<?xml-stylesheet type="text/xsl" href="billres.xsl"?>
<!DOCTYPE bill PUBLIC "-//US Congress//DTDs/bill.dtd//EN" "bill.dtd">
<bill bill-stage="Introduced-in-House" bill-type="olc" dms-id="HB5252BA633E04952A1D7381388EE16B6" key="H" public-private="public"><metadata xmlns:dc="http://purl.org/dc/elements/1.1/">
<dublinCore>
<dc:title>115 HR 230 IH: Shee Atiká Land Entitlement Act</dc:title>
<dc:publisher>U.S. House of Representatives</dc:publisher>
<dc:date>2017-01-03</dc:date>
<dc:format>text/xml</dc:format>
<dc:language>EN</dc:language>
<dc:rights>Pursuant to Title 17 Section 105 of the United States Code, this file is not subject to copyright protection and is in the public domain.</dc:rights>
</dublinCore>
</metadata>
<form>
<distribution-code display="yes">I</distribution-code><congress display="yes">115th CONGRESS</congress><session display="yes">1st Session</session><legis-num display="yes">H. R. 230</legis-num><current-chamber>IN THE HOUSE OF REPRESENTATIVES</current-chamber><action display="yes"><action-date date="20170103">January 3, 2017</action-date><action-desc><sponsor name-id="Y000033">Mr. Young of Alaska</sponsor> introduced the following bill; which was referred to the <committee-name committee-id="HII00">Committee on Natural Resources</committee-name></action-desc></action><legis-type>A BILL</legis-type><official-title display="yes">To ensure equitable treatment of Shee Atiká, Incorporated, under the Alaska Native Claims
			 Settlement Act by facilitating the transfer of land on Admiralty Island,
			 Alaska, and for other purposes.</official-title></form>
	<legis-body id="H9B764C3BA37145FF8ED07F7BEA7B2F5B" style="OLC">
 <section id="HD5D6A3A3CF8F4143B4710EAFB0CA73B4" section-type="section-one"><enum>1.</enum><header>Short title</header><text display-inline="no-display-inline">This Act may be cited as the <quote><short-title>Shee Atiká Land Entitlement Act</short-title></quote> or the <quote><short-title>SALE Act</short-title></quote>.</text> </section><section id="H632B00BF5B5D4C879B29D0C03C7184F2"><enum>2.</enum><header>Shee Atiká, Incorporated</header> <subsection id="HCC88BEAF303C441190D5EB081A754361"><enum>(a)</enum><header>Definitions</header><text>In this section:</text>
 <paragraph id="H449BFD6F3721422D912E0F58F15C1D88"><enum>(1)</enum><header>Account</header><text>The term <quote>Account</quote> means the Shee Atiká Account established under subsection (d).</text> </paragraph><paragraph id="HAB39A9A283EF42BEB8C63DD7DBD72605"><enum>(2)</enum><header>Agency</header><text>The term <quote>agency</quote> means—</text>
 <subparagraph id="H1C9382B27A6F413CADDA5990E58C0594"><enum>(A)</enum><text>any department, agency, or other instrumentality of the Federal Government; and</text> </subparagraph><subparagraph id="H36B2BA9767984522A92EA768D7D7B62C"><enum>(B)</enum><text>any Government corporation (as defined in section 9101 of title 31, United States Code).</text>
 </subparagraph></paragraph><paragraph id="HD20326C66D5C465A902902BC1A176492"><enum>(3)</enum><header>Agreement</header><text>The term <quote>Agreement</quote> means the agreement between Shee Atiká and the United States (including any amendment or supplement to the agreement) under which the United States has an option to reacquire the Cube Cove Land.</text>
 </paragraph><paragraph id="H4CC7351875E34A3E8534CD86DEB374D8"><enum>(4)</enum><header>Cube cove land</header><text>The term <quote>Cube Cove Land</quote> means the approximately 23,000 acres of surface estate land at Cube Cove, Admiralty Island, Alaska, as described in Appendix A to the Agreement.</text>
 </paragraph><paragraph id="HE6F230B5720E48F38F164D6CBD3E4AD7"><enum>(5)</enum><header>Property</header><text>The term <quote>property</quote> has the meaning given the term in section 12(b)(7)(vii) of the Act of January 2, 1976 (<external-xref legal-doc="usc" parsable-cite="usc/43/1611">43 U.S.C. 1611</external-xref> note; <external-xref legal-doc="public-law" parsable-cite="pl/94/204">Public Law 94–204</external-xref>).</text>
 </paragraph><paragraph id="H175680659EC041CDA4500CEA2EDCC8F9"><enum>(6)</enum><header>Secretary</header><text>The term <quote>Secretary</quote> means the Secretary of Agriculture.</text> </paragraph><paragraph id="H9B83D8734C954A05812284F0BA19B093"><enum>(7)</enum><header>Segment</header><text>The term <quote>segment</quote> means any 1 of the 13 tracts of surface estate land identified in Appendix C to the Agreement.</text>
 </paragraph><paragraph id="H03A70478C1674917B8D06EF9D13005FE"><enum>(8)</enum><header>Shee atiká</header><text>The term <quote>Shee Atiká</quote> means Shee Atiká, Incorporated.</text> </paragraph></subsection><subsection id="HB1F7B491E6504062955B3D00F80019C2"><enum>(b)</enum><header>Authorization</header> <paragraph id="H35DC2F4C0C294A2790CAAD9B01955D14"><enum>(1)</enum><header>In general</header><text>All consideration, whether in cash or in kind, received by Shee Atiká under the Agreement shall be treated for purposes of all Federal laws as if the consideration was, within the meaning of section 21(c) of the Alaska Native Claims Settlement Act (<external-xref legal-doc="usc" parsable-cite="usc/43/1620">43 U.S.C. 1620(c)</external-xref>), the receipt of land or any interest in land pursuant to the Alaska Native Claims Settlement Act (<external-xref legal-doc="usc" parsable-cite="usc/43/1601">43 U.S.C. 1601 et seq.</external-xref>) or cash in order to equalize the values of properties exchanged pursuant to section 22(f) of the Alaska Native Claims Settlement Act (<external-xref legal-doc="usc" parsable-cite="usc/43/1621">43 U.S.C. 1621(f)</external-xref>).</text>
 </paragraph><paragraph id="H58DA100F9C4C4636B58A4F94483F7D9B"><enum>(2)</enum><header>Effect</header><text>Nothing in the Agreement or this section imposes any duty on Shee Atiká not expressly set forth in the Agreement. In the event such Agreement is terminated prior to a complete acquisition by the United States of all of Shee Atiká’s Cube Cove Lands and interests in such lands, neither such Agreement nor this section shall—</text>
 <subparagraph id="HDA0EF03324E54FA0B18175CE88EE56F4"><enum>(A)</enum><text>constitute a cloud of title, lien, or encumbrance of any sort on Shee Atiká’s remaining Cube Cove Lands or interests therein; or</text>
 </subparagraph><subparagraph id="H2B4801E391634274A86967102B8C42F6"><enum>(B)</enum><text>limit in any manner the use of any portion of Shee Atiká’s remaining Cube Cove Lands or interests therein.</text>
 </subparagraph></paragraph><paragraph id="H17C9FC9E628D4372A988129C882BB49E"><enum>(3)</enum><header>Indian legislation</header><text>This section is a further implementation of the Alaska Native Claims Settlement Act and is Indian legislation enacted by Congress pursuant to plenary authority under the Constitution of the United States to regulate Indian Affairs.</text>
				</paragraph></subsection><subsection id="H8F3DA2AF8E454EE49F53AAF4B82629D5"><enum>(c)</enum><header>Option To receive credits</header>
				<paragraph id="H9A5E614B53E846E38F3D91CE5CFECDF2"><enum>(1)</enum><header>In general</header>
 <subparagraph id="HC41D7A8969394711A17D09EDB1B54742"><enum>(A)</enum><header>Credits</header><text>On election by Shee Atiká made in writing not later than the day before the date on which a closing of any segment of the Cube Cove Land is scheduled to occur, the Secretary, in accordance with subsection (d), may pay all or part of the amounts due to Shee Atiká under the Agreement on the closing date in the form of credits that may be used by Shee Atiká to purchase property sold at public sale.</text>
 </subparagraph><subparagraph id="H70DDB130D5D2481095C4B0842C83AAE2"><enum>(B)</enum><header>Cash</header><text>Amounts otherwise due to Shee Atiká for which Shee Atiká has not made the election described in subparagraph (A) shall be paid to Shee Atiká in cash.</text>
 </subparagraph></paragraph><paragraph id="HCFD7A867ACD34B938D93213C0B0AA958"><enum>(2)</enum><header>Requirement</header><text>The Secretary shall make a payment in the form described in paragraph (1) without regard to whether Shee Atiká has made any other election under paragraph (1).</text>
 </paragraph><paragraph id="HF79CE0A756F74C23874F9B74832663B1"><enum>(3)</enum><header>Closing date</header><text>Closing of any segment for which Shee Atiká has made an election under paragraph (1) shall occur not later than 30 days after the date on which the Secretary notifies Shee Atiká that the applicable credit is ready to be deposited into the Account.</text>
				</paragraph></subsection><subsection id="H55A763B89CF54CAA8E1B06049DBC7E59"><enum>(d)</enum><header>Establishment of account</header>
 <paragraph id="HBF10BB4C38B54A3FB7EF02675F2543F6"><enum>(1)</enum><header>In general</header><text>Notwithstanding any other provision of law, not later than 90 days after Shee Atiká first makes an election under subsection (c)(1), the Secretary of the Treasury, in consultation with the Secretary, shall establish an account in the Treasury to be known as the <quote>Shee Atiká Account</quote>.</text>
 </paragraph><paragraph id="HA7FF2590402042AEBA35A3397B0FC9B0"><enum>(2)</enum><header>Credits into account</header><text>The Secretary of the Treasury, in consultation with the Secretary, shall—</text> <subparagraph id="HBEB4BD74B9B74614B107439312BEBD4B"><enum>(A)</enum><text>deposit into the Account amounts equal to any credit received under subsection (c); and</text>
 </subparagraph><subparagraph id="H2163D3A2AA7649CEB1DA445C2C040F3D"><enum>(B)</enum><text>establish procedures under which Shee Atiká may—</text> <clause id="HD070D22DE00F46FEBCF5B3EE355B5028"><enum>(i)</enum><text>receive deposits into the Account;</text>
 </clause><clause id="HDAA0134B54954635A5767F4A90A65CAA"><enum>(ii)</enum><text>make deposits from the Account into escrow when an escrow is required for the sale of any property;</text> </clause><clause id="H25132AC9328D46038DEE59A2C8E792C2"><enum>(iii)</enum><text>reinstate to the Account any unused escrow deposits under clause (ii) if the applicable sale is not completed; and</text>
 </clause><clause id="HD5F55D8467344415AE472BA7911695AA"><enum>(iv)</enum><text>notwithstanding any other provision of law and on written notice to the Secretary of the Treasury and the Secretary, assign, without restriction, any or all of the amounts in the Account.</text>
 </clause></subparagraph></paragraph><paragraph id="HFA15BA32834542AFAD6C9D73731139D8"><enum>(3)</enum><header>Availability of amounts</header><text>The balance of the Account shall—</text> <subparagraph id="HD0A3678A5ECE43278CC982C432B51EB0"><enum>(A)</enum><text>be immediately available to Shee Atiká for use in accordance with paragraph (4); and</text>
 </subparagraph><subparagraph id="HE22087E3420D44A1920F50EBE1CAF131"><enum>(B)</enum><text>remain available until expended.</text> </subparagraph></paragraph><paragraph id="H53D3328E0CBB44909327BDB319DC3507"><enum>(4)</enum><header>Use of funds</header> <subparagraph id="HD1C22E2024584A9A87776BBFAE1BF41A"><enum>(A)</enum><header>In general</header><text>Shee Atiká may use amounts in the Account to bid for, and purchase, any property at any public sale by an agency.</text>
 </subparagraph><subparagraph id="H9DE4829C83894FAA861AA0C7FDF2D711"><enum>(B)</enum><header>Requirement</header><text>In conducting a transaction under subparagraph (A), an agency shall accept any amount tendered from the Account in the same manner as if the amount were tendered in cash.</text>
 </subparagraph></paragraph><paragraph id="HE4453C8BA198486A9CC2A31E4D9EC0E6"><enum>(5)</enum><header>Effect</header><text>Notwithstanding any other provision of law, any property purchased under paragraph (4) shall be considered to be a conveyance made under the Alaska Native Claims Settlement Act (<external-xref legal-doc="usc" parsable-cite="usc/43/1601">43 U.S.C. 1601 et seq.</external-xref>) on the date of enactment of that Act.</text>
				</paragraph></subsection></section></legis-body></bill>


