<?xml version="1.0"?>
<?xml-stylesheet type="text/xsl" href="billres.xsl"?>
<!DOCTYPE bill PUBLIC "-//US Congress//DTDs/bill.dtd//EN" "bill.dtd">
<bill bill-stage="Introduced-in-House" bill-type="olc" dms-id="H5FD4AD039C334F2B9F970A5AE6EB9366" key="H" public-private="public"><metadata xmlns:dc="http://purl.org/dc/elements/1.1/">
<dublinCore>
<dc:title>115 HR 431 IH: Nuclear Energy Innovation Capabilities Act of 2017</dc:title>
<dc:publisher>U.S. House of Representatives</dc:publisher>
<dc:date>2017-01-11</dc:date>
<dc:format>text/xml</dc:format>
<dc:language>EN</dc:language>
<dc:rights>Pursuant to Title 17 Section 105 of the United States Code, this file is not subject to copyright protection and is in the public domain.</dc:rights>
</dublinCore>
</metadata>
<form>
<distribution-code display="yes">I</distribution-code><congress display="yes">115th CONGRESS</congress><session display="yes">1st Session</session><legis-num display="yes">H. R. 431</legis-num><current-chamber>IN THE HOUSE OF REPRESENTATIVES</current-chamber><action display="yes"><action-date date="20170111">January 11, 2017</action-date><action-desc><sponsor name-id="W000814">Mr. Weber of Texas</sponsor> (for himself, <cosponsor name-id="K000387">Mr. Knight</cosponsor>, <cosponsor name-id="S000583">Mr. Smith of Texas</cosponsor>, <cosponsor name-id="J000126">Ms. Eddie Bernice Johnson of Texas</cosponsor>, <cosponsor name-id="L000491">Mr. Lucas</cosponsor>, <cosponsor name-id="L000563">Mr. Lipinski</cosponsor>, <cosponsor name-id="C001048">Mr. Culberson</cosponsor>, <cosponsor name-id="T000469">Mr. Tonko</cosponsor>, <cosponsor name-id="B001283">Mr. Bridenstine</cosponsor>, <cosponsor name-id="P000593">Mr. Perlmutter</cosponsor>, <cosponsor name-id="S001183">Mr. Schweikert</cosponsor>, <cosponsor name-id="G000559">Mr. Garamendi</cosponsor>, <cosponsor name-id="P000608">Mr. Peters</cosponsor>, <cosponsor name-id="H001059">Mr. Hultgren</cosponsor>, and <cosponsor name-id="R000409">Mr. Rohrabacher</cosponsor>) introduced the following bill; which was referred to the <committee-name committee-id="HSY00">Committee on Science, Space, and Technology</committee-name></action-desc></action><legis-type>A BILL</legis-type><official-title display="yes">To enable civilian research and development of advanced nuclear energy technologies by private and
			 public institutions, to expand theoretical and practical knowledge of
			 nuclear physics, chemistry, and materials science, and for other purposes.</official-title></form>
	<legis-body id="H92919F23FEC8498EA9E868E74668FDAE" style="OLC">
 <section id="HB5DF38634FBB478F9865EA3DEA618259" section-type="section-one"><enum>1.</enum><header>Short title</header><text display-inline="no-display-inline">This Act may be cited as the <quote><short-title>Nuclear Energy Innovation Capabilities Act of 2017</short-title></quote>.</text> </section><section id="H2381E5B197CB43D0AA87F13A1E185E94"><enum>2.</enum><header>Nuclear energy innovation capabilities</header> <subsection id="HECAE73F1DCB44ED8B580C964FE2209CA"><enum>(a)</enum><header>Nuclear energy</header><text>Section 951 of the Energy Policy Act of 2005 (<external-xref legal-doc="usc" parsable-cite="usc/42/16271">42 U.S.C. 16271</external-xref>) is amended to read as follows:</text>
				<quoted-block display-inline="no-display-inline" id="H1CDA2652FA20461A8FBBCFF7E0D4848E" style="OLC">
					<section id="H825523C8ED3843B6A239918C44980C40"><enum>951.</enum><header>Nuclear energy</header>
						<subsection id="H4FF3D7E402B1497FA85FD23F7165CF9B"><enum>(a)</enum><header>Mission</header>
 <paragraph id="H43F57D3A7CED44A1B06A6CC3C8186197"><enum>(1)</enum><header>In general</header><text>The Secretary shall carry out programs of civilian nuclear research, development, demonstration, and commercial application, including activities under this subtitle.</text>
 </paragraph><paragraph id="H95E5EE3EF3344CAEA63F9B3C7B095D63"><enum>(2)</enum><header>Considerations</header><text>The programs carried out under paragraph (1) shall take into consideration the following objectives:</text>
 <subparagraph id="HE1B77BEFE69A4E6EA311CAE50BEF21BD"><enum>(A)</enum><text>Providing research infrastructure to promote scientific progress and enable users from academia, the National Laboratories, and the private sector to make scientific discoveries relevant for nuclear, chemical, and materials science engineering.</text>
 </subparagraph><subparagraph id="H372C2A04D2B94BFE8FCB8AD46F82137E"><enum>(B)</enum><text>Maintaining nuclear energy research and development programs at the National Laboratories and institutions of higher education, including infrastructure at the National Laboratories and institutions of higher education.</text>
 </subparagraph><subparagraph id="H196C3534057B484999E2A251A521CABD"><enum>(C)</enum><text>Providing the technical means to reduce the likelihood of nuclear proliferation.</text> </subparagraph><subparagraph id="HFA965213D9D146D5B258B842BBA957CF"><enum>(D)</enum><text>Increasing confidence margins for public safety of nuclear energy systems.</text>
 </subparagraph><subparagraph id="H34048771CCB543FD96307304B302564A"><enum>(E)</enum><text>Reducing the environmental impact of activities relating to nuclear energy.</text> </subparagraph><subparagraph id="HBEE2EED1EEF34CAD9206AB76C93EC11C"><enum>(F)</enum><text>Supporting technology transfer from the National Laboratories to the private sector.</text>
 </subparagraph><subparagraph id="H72485966B5B44F5DBB7B7A80A04BCBDD"><enum>(G)</enum><text>Enabling the private sector to partner with the National Laboratories to demonstrate novel reactor concepts for the purpose of resolving technical uncertainty associated with the objectives described in subparagraphs (A) through (F).</text>
 </subparagraph></paragraph></subsection><subsection id="H627A9F1868DC40559A43738B09C5D0A5"><enum>(b)</enum><header>Definitions</header><text display-inline="yes-display-inline">In this subtitle:</text> <paragraph commented="no" id="HBDDBB92F5437475990A2D406E26B16E3"><enum>(1)</enum><header>Advanced nuclear reactor</header><text display-inline="yes-display-inline">The term <term>advanced nuclear reactor</term> means—</text>
 <subparagraph commented="no" id="H91AABE28B40B41FE8EACABFA3C1B574E"><enum>(A)</enum><text display-inline="yes-display-inline">a nuclear fission reactor with significant improvements over the most recent generation of nuclear fission reactors, which may include—</text>
 <clause commented="no" id="H237DF4019AFF433989B7383FE2DA75E7"><enum>(i)</enum><text display-inline="yes-display-inline">inherent safety features;</text> </clause><clause commented="no" id="HC97BC1DE5CB44EC69F2C871615BD6504"><enum>(ii)</enum><text display-inline="yes-display-inline">lower waste yields;</text>
 </clause><clause commented="no" id="H321332C619EF466EA6D34369A0542CBF"><enum>(iii)</enum><text display-inline="yes-display-inline">greater fuel utilization;</text> </clause><clause commented="no" id="H15233A1A8DE748C1816C3B6239869A3F"><enum>(iv)</enum><text display-inline="yes-display-inline">superior reliability;</text>
 </clause><clause commented="no" id="HA9A0FE59CEB54F9195575E4E65A7921B"><enum>(v)</enum><text display-inline="yes-display-inline">resistance to proliferation;</text> </clause><clause commented="no" id="H1FA04D07D38B4091BE7C0ECCE5605884"><enum>(vi)</enum><text display-inline="yes-display-inline">increased thermal efficiency; and</text>
 </clause><clause commented="no" id="HC12C465E26DC45A482406D48E1FC4D14"><enum>(vii)</enum><text display-inline="yes-display-inline">the ability to integrate into electric and nonelectric applications; or</text> </clause></subparagraph><subparagraph commented="no" id="HB1EF3BADEE8D4B93AE8CD20F2AC1178F"><enum>(B)</enum><text>a nuclear fusion reactor.</text>
 </subparagraph></paragraph><paragraph commented="no" id="H8099078750754D2CB8E235D5ABA6F053"><enum>(2)</enum><header>Commission</header><text>The term <term>Commission</term> means the Nuclear Regulatory Commission.</text> </paragraph><paragraph id="HFCC24BA8394E45A1BF8AE3A89C863696"><enum>(3)</enum><header>Fast neutron</header><text>The term <term>fast neutron</term> means a neutron with kinetic energy above 100 kiloelectron volts.</text>
							</paragraph><paragraph id="H92C8D4186FC34422A27D09F661BF1CF4"><enum>(4)</enum><header>National Laboratory</header>
 <subparagraph id="HC007E1E9B6F24122BFE9C884AFA8742E"><enum>(A)</enum><header>In general</header><text display-inline="yes-display-inline">Except as provided in subparagraph (B), the term <term>National Laboratory</term> has the meaning given the term in section 2.</text> </subparagraph><subparagraph id="H8B5FE75F676B4E1299628037EF2A27D8"><enum>(B)</enum><header>Limitation</header><text display-inline="yes-display-inline">With respect to the Lawrence Livermore National Laboratory, the Los Alamos National Laboratory, and the Sandia National Laboratories, the term <term>National Laboratory</term> means only the civilian activities of the laboratory.</text>
 </subparagraph></paragraph><paragraph id="H55C26CFA39F94F78BBE603C692C16042"><enum>(5)</enum><header>Neutron flux</header><text>The term <term>neutron flux</term> means the intensity of neutron radiation measured as a rate of flow of neutrons applied over an area.</text>
 </paragraph><paragraph id="H6E1F74EE23A04DDAB61DFE23754F1727"><enum>(6)</enum><header>Neutron source</header><text>The term <term>neutron source</term> means a research machine that provides neutron irradiation services for—</text> <subparagraph id="H0ADCB5012A5347199F243E6F4FA9CBD1"><enum>(A)</enum><text>research on materials sciences and nuclear physics; and</text>
 </subparagraph><subparagraph id="HB60481228C6140E29BFCF9E5CD327BD7"><enum>(B)</enum><text>testing of advanced materials, nuclear fuels, and other related components for reactor systems.</text></subparagraph></paragraph></subsection></section><after-quoted-block>.</after-quoted-block></quoted-block> </subsection><subsection id="H4A05C2EFB65544018E5FC46907E46647"><enum>(b)</enum><header>Nuclear energy research programs</header> <paragraph id="H5D719017A4F9446BBC5327EAF541584F"><enum>(1)</enum><header>In general</header><text>Section 952 of the Energy Policy Act of 2005 (<external-xref legal-doc="usc" parsable-cite="usc/42/16272">42 U.S.C. 16272</external-xref>) is amended—</text>
 <subparagraph id="HA6149F30CC364DD6A6108197995EBB8C"><enum>(A)</enum><text>by striking subsection (c); and</text> </subparagraph><subparagraph commented="no" display-inline="no-display-inline" id="H276EDF5281E346CD8ACCC20EBB70F8AE"><enum>(B)</enum><text>by redesignating subsections (d) and (e) as subsections (c) and (d), respectively.</text>
 </subparagraph></paragraph><paragraph commented="no" display-inline="no-display-inline" id="H0168791E01AB4E8193ED019F7FDA7BC6"><enum>(2)</enum><header>Conforming amendment</header><text>Section 641(b)(1) of the Energy Policy Act of 2005 (<external-xref legal-doc="usc" parsable-cite="usc/42/16021">42 U.S.C. 16021(b)(1)</external-xref>) is amended by striking <quote>section 942(d)</quote> and inserting <quote>section 952(c)</quote>.</text> </paragraph></subsection><subsection commented="no" display-inline="no-display-inline" id="H01D65883385D4493BEA3C442E755C838"><enum>(c)</enum><header>Advanced fuel cycle initiative</header><text>Section 953(a) of the Energy Policy Act of 2005 (<external-xref legal-doc="usc" parsable-cite="usc/42/16273">42 U.S.C. 16273(a)</external-xref>) is amended by striking <quote>, acting through the Director of the Office of Nuclear Energy, Science and Technology,</quote>.</text>
 </subsection><subsection commented="no" display-inline="no-display-inline" id="H110B722890C44F6AA647E2AF3A0AF44A"><enum>(d)</enum><header>University nuclear science and engineering support</header><text>Section 954(d)(4) of the Energy Policy Act of 2005 (<external-xref legal-doc="usc" parsable-cite="usc/42/16274">42 U.S.C. 16274(d)(4)</external-xref>) is amended by striking <quote>as part of a taking into consideration effort that emphasizes</quote> and inserting <quote>that emphasize</quote>.</text> </subsection><subsection commented="no" display-inline="no-display-inline" id="H99C5083BAAC74CFF835AE05901BD3EAA"><enum>(e)</enum><header>Department of Energy civilian nuclear infrastructure and facilities</header><text>Section 955 of the Energy Policy Act of 2005 (<external-xref legal-doc="usc" parsable-cite="usc/42/16275">42 U.S.C. 16275</external-xref>) is amended—</text>
 <paragraph id="HA560CB713DBB43EDA9E3035EAA3D1F7D"><enum>(1)</enum><text>by striking subsections (c) and (d); and</text> </paragraph><paragraph id="HFEE64579106F424FA7C602C2A7B5812F"><enum>(2)</enum><text>by adding at the end the following:</text>
					<quoted-block display-inline="no-display-inline" id="HEAD5FFBF813547729FF04FBA5378B492" style="OLC">
						<subsection id="H87A011AE0122485CB0244B876CF99884"><enum>(c)</enum><header>Versatile neutron source</header>
							<paragraph id="HB1C8D8DB1B884BA4BE5D2CCA7B0D2CF3"><enum>(1)</enum><header>Mission need</header>
 <subparagraph id="H65EB2634903E4A26B5984E3A607884E6"><enum>(A)</enum><header>In general</header><text display-inline="yes-display-inline">Not later than December 31, 2017, the Secretary shall determine the mission need for a versatile reactor-based fast neutron source, which shall operate as a national user facility.</text>
 </subparagraph><subparagraph id="HB26B466725A343B09B2AA1393D4DA323"><enum>(B)</enum><header>Consultations required</header><text display-inline="yes-display-inline">In carrying out subparagraph (A), the Secretary shall consult with the private sector, institutions of higher education, the National Laboratories, and relevant Federal agencies to ensure that the user facility described in subparagraph (A) will meet the research needs of the largest practicable majority of prospective users.</text>
 </subparagraph></paragraph><paragraph id="HB23578275A294BDDBD0132FFA887557C"><enum>(2)</enum><header>Establishment</header><text display-inline="yes-display-inline">As soon as practicable after determining the mission need under paragraph (1)(A), the Secretary shall submit to the appropriate committees of Congress a detailed plan for the establishment of the user facility.</text>
							</paragraph><paragraph id="H6EFC841335554753838E18476BA93F03"><enum>(3)</enum><header>Facility requirements</header>
 <subparagraph id="H602E25AC5C0746F5BB8366B8131805D9"><enum>(A)</enum><header>Capabilities</header><text display-inline="yes-display-inline">The Secretary shall ensure that the user facility will provide, at a minimum, the following capabilities:</text>
 <clause id="H177732FEF162475ABCB7FA21F8A1ACAB"><enum>(i)</enum><text>Fast neutron spectrum irradiation capability.</text> </clause><clause id="HB8A057C99ECD4F4CA488D5975AEC016F"><enum>(ii)</enum><text display-inline="yes-display-inline">Capacity for upgrades to accommodate new or expanded research needs.</text>
 </clause></subparagraph><subparagraph id="H48A80F1A0372484BBF4CF269101B222E"><enum>(B)</enum><header>Considerations</header><text display-inline="yes-display-inline">In carrying out the plan submitted under paragraph (2), the Secretary shall consider the following:</text> <clause id="HB23FAA306016499C8D143017CE509EB1"><enum>(i)</enum><text>Capabilities that support experimental high-temperature testing.</text>
 </clause><clause id="H2FB65C0C81CE48228BAEA3247C8167A1"><enum>(ii)</enum><text display-inline="yes-display-inline">Providing a source of fast neutrons at a neutron flux, higher than that at which current research facilities operate, sufficient to enable research for an optimal base of prospective users.</text>
 </clause><clause id="HC941978A3DC64A93969174998B6C7622"><enum>(iii)</enum><text display-inline="yes-display-inline">Maximizing irradiation flexibility and irradiation volume to accommodate as many concurrent users as possible.</text>
 </clause><clause id="HA347E57E999D4A0DB832F6D112C0BCD6"><enum>(iv)</enum><text>Capabilities for irradiation with neutrons of a lower energy spectrum.</text> </clause><clause id="H6E18287DF1334CE997492C3864181DE6"><enum>(v)</enum><text>Multiple loops for fuels and materials testing in different coolants.</text>
 </clause><clause id="HAD235F84AE3848278A8C8A3CB0E2384D"><enum>(vi)</enum><text>Additional pre-irradiation and post-irradiation examination capabilities.</text> </clause><clause id="HDEE13A7424204EDDB3D0AA9162C18DED"><enum>(vii)</enum><text display-inline="yes-display-inline">Lifetime operating costs and lifecycle costs.</text>
 </clause></subparagraph></paragraph><paragraph commented="no" id="HDE16494AA2B749D693B97B872E76D4E7"><enum>(4)</enum><header>Deadline for establishment</header><text display-inline="yes-display-inline">The Secretary shall, to the maximum extent practicable, complete construction of, and approve the start of operations for, the user facility by not later than December 31, 2025.</text>
 </paragraph><paragraph commented="no" id="HADBEACD1318244AABF6954E3CA95D5A4"><enum>(5)</enum><header>Reporting</header><text display-inline="yes-display-inline">The Secretary shall include in the annual budget request of the Department an explanation for any delay in the progress of the Department in completing the user facility by the deadline described in paragraph (4).</text>
 </paragraph><paragraph commented="no" display-inline="no-display-inline" id="H7281DF7156F54BBAB5B5CBAEEEF395A4"><enum>(6)</enum><header>Coordination</header><text>The Secretary shall leverage the best practices for management, construction, and operation of national user facilities from the Office of Science.</text></paragraph></subsection><after-quoted-block>.</after-quoted-block></quoted-block>
 </paragraph></subsection><subsection id="H2E1284C6606942289042F1486969929D"><enum>(f)</enum><header>Security of nuclear facilities</header><text>Section 956 of the Energy Policy Act of 2005 (<external-xref legal-doc="usc" parsable-cite="usc/42/16276">42 U.S.C. 16276</external-xref>) is amended by striking <quote>, acting through the Director of the Office of Nuclear Energy, Science and Technology,</quote>.</text> </subsection><subsection id="HFF3113630CD84EFDAFB81E3765EB7DDE"><enum>(g)</enum><header>High-Performance computation and supportive research</header><text>Section 957 of the Energy Policy Act of 2005 (<external-xref legal-doc="usc" parsable-cite="usc/42/16277">42 U.S.C. 16277</external-xref>) is amended to read as follows:</text>
				<quoted-block display-inline="no-display-inline" id="H582DA97B2C2044038A8EBAACCF97A881" style="OLC">
					<section id="H83420A4630A54BA885A005D3DA75F03A"><enum>957.</enum><header>High-performance computation and supportive research</header>
 <subsection id="H5B8243E39D824E6A9F8C280F151FEA2B"><enum>(a)</enum><header>Modeling and simulation</header><text display-inline="yes-display-inline">The Secretary shall carry out a program to enhance the capabilities of the United States to develop new reactor technologies through high-performance computation modeling and simulation techniques.</text>
 </subsection><subsection id="HFCF056C21F3D4C178E8EBCA855975BE6"><enum>(b)</enum><header>Coordination</header><text display-inline="yes-display-inline">In carrying out the program under subsection (a), the Secretary shall coordinate with relevant Federal agencies as described by the National Strategic Computing Initiative established by Executive Order 13702 (80 Fed. Reg. 46177 (July 29, 2015)), while taking into account the following objectives:</text>
 <paragraph id="H12D7B0F55714489C9199F6DEBCC56CF3"><enum>(1)</enum><text display-inline="yes-display-inline">Using expertise from the private sector, institutions of higher education, and the National Laboratories to develop computational software and capabilities that prospective users may access to accelerate research and development of advanced nuclear reactor systems and reactor systems for space exploration.</text>
 </paragraph><paragraph id="H6A1163AF7AE6408188741C93E1E64C59"><enum>(2)</enum><text>Developing computational tools to simulate and predict nuclear phenomena that may be validated through physical experimentation.</text>
 </paragraph><paragraph id="H5D33D58AC5344668A42960530505C233"><enum>(3)</enum><text>Increasing the utility of the research infrastructure of the Department by coordinating with the Advanced Scientific Computing Research program within the Office of Science.</text>
 </paragraph><paragraph id="H6E8A61D78E1C4B6681765A95887757D6"><enum>(4)</enum><text display-inline="yes-display-inline">Leveraging experience from the Energy Innovation Hub for Modeling and Simulation.</text> </paragraph><paragraph commented="no" id="HE5BF2EE5EE1147798E3B04E62B617421"><enum>(5)</enum><text display-inline="yes-display-inline">Ensuring that new experimental and computational tools are accessible to relevant research communities, including private sector entities engaged in nuclear energy technology development.</text>
 </paragraph></subsection><subsection commented="no" display-inline="no-display-inline" id="H40411A92A3EB449A9BEF6E8B5E78FD3A"><enum>(c)</enum><header>Supportive research activities</header><text>The Secretary shall consider support for additional research activities to maximize the utility of the research facilities of the Department, including physical processes—</text>
 <paragraph commented="no" display-inline="no-display-inline" id="H432F3084F11E4F748774E8115753671D"><enum>(1)</enum><text>to simulate degradation of materials and behavior of fuel forms; and</text> </paragraph><paragraph commented="no" display-inline="no-display-inline" id="HBCA33D593EA143B9B69B711C8ED6D2BE"><enum>(2)</enum><text>for validation of computational tools.</text></paragraph></subsection></section><after-quoted-block>.</after-quoted-block></quoted-block>
 </subsection><subsection commented="no" id="H5DB733253FB846AC892D8E0BABC20399"><enum>(h)</enum><header>Enabling nuclear energy innovation</header><text>Subtitle E of title IX of the Energy Policy Act of 2005 (<external-xref legal-doc="usc" parsable-cite="usc/42/16271">42 U.S.C. 16271</external-xref> et seq.) is amended by adding at the end the following:</text>
				<quoted-block display-inline="no-display-inline" id="H0C30FECA620A4352991BD487F1070E47" style="OLC">
					<section commented="no" id="H653E7E60DDA04F89B37593E31E85A4B0"><enum>958.</enum><header>Enabling nuclear energy innovation</header>
 <subsection commented="no" id="H918422D0D7F84F0881EAEB86683DAC81"><enum>(a)</enum><header>National reactor innovation center</header><text display-inline="yes-display-inline">There is authorized a program to enable the testing and demonstration of reactor concepts to be proposed and funded, in whole or in part, by the private sector.</text>
 </subsection><subsection commented="no" id="H9044B950E9A04B5E857CAE868C7D7C3F"><enum>(b)</enum><header>Technical expertise</header><text display-inline="yes-display-inline">In carrying out the program under subsection (a), the Secretary shall leverage the technical expertise of relevant Federal agencies and the National Laboratories in order to minimize the time required to enable construction and operation of privately funded experimental reactors at National Laboratories or other Department-owned sites.</text>
 </subsection><subsection commented="no" id="HCD40510011514BAE81B13F7F9D3E4A43"><enum>(c)</enum><header>Objectives</header><text display-inline="yes-display-inline">The reactors described in subsection (b) shall operate to meet the following objectives:</text> <paragraph commented="no" id="H3146618E29334A00883D4C8D5D2AE83D"><enum>(1)</enum><text display-inline="yes-display-inline">Enabling physical validation of advanced nuclear reactor concepts.</text>
 </paragraph><paragraph commented="no" id="H3DBF9DF44FDF4797A85308CA325AAF5B"><enum>(2)</enum><text display-inline="yes-display-inline">Resolving technical uncertainty and increasing practical knowledge relevant to safety, resilience, security, and functionality of advanced nuclear reactor concepts.</text>
 </paragraph><paragraph commented="no" id="HE193AC38F0584A0A95138A492FDC248E"><enum>(3)</enum><text>General research and development to improve nascent technologies.</text> </paragraph></subsection><subsection commented="no" id="H8885FDC60723401A9255991CA4EEF118"><enum>(d)</enum><header>Sharing technical expertise</header><text display-inline="yes-display-inline">In carrying out the program under subsection (a), the Secretary may enter into a memorandum of understanding with the Chairman of the Commission in order to share technical expertise and knowledge through—</text>
 <paragraph commented="no" id="H62226500756C4EF793ED81B92A77F443"><enum>(1)</enum><text display-inline="yes-display-inline">enabling the testing and demonstration of advanced nuclear reactor concepts to be proposed and funded, in whole or in part, by the private sector;</text>
 </paragraph><paragraph commented="no" id="H4CC1DDC2A581486A93330AB6B7C2748F"><enum>(2)</enum><text>operating a database to store and share data and knowledge relevant to nuclear science and engineering between Federal agencies and the private sector;</text>
 </paragraph><paragraph commented="no" id="H7C84294DE11945E2A2A34785EAAB8C89"><enum>(3)</enum><text>developing and testing electric and nonelectric integration and energy conversion systems relevant to advanced nuclear reactors;</text>
 </paragraph><paragraph commented="no" id="HA41E8C9183BA4F9BAC4879734B63BC65"><enum>(4)</enum><text>leveraging expertise from the Commission with respect to safety analysis; and</text> </paragraph><paragraph commented="no" id="H946EE841BADF471EAF27223AEF7C2F0F"><enum>(5)</enum><text display-inline="yes-display-inline">enabling technical staff of the Commission to actively observe and learn about technologies developed under the program.</text>
 </paragraph></subsection><subsection commented="no" id="H70D3183A2FF342A983120A499ACB3C6E"><enum>(e)</enum><header>Agency coordination</header><text>The Chairman of the Commission and the Secretary shall enter into a memorandum of understanding regarding the following:</text>
 <paragraph commented="no" id="H821605675D85468BA0D82ADAEEB5E17E"><enum>(1)</enum><text>Ensuring that—</text> <subparagraph commented="no" id="H65EC2B9CB0A441D79C1DAA0506FBE0C1"><enum>(A)</enum><text>the Department has sufficient technical expertise to support the timely research, development, demonstration, and commercial application by the civilian nuclear industry of safe and innovative advanced nuclear reactor technology; and</text>
 </subparagraph><subparagraph commented="no" id="H0D15AA60391C4452AF0B85DDB3AAE925"><enum>(B)</enum><text>the Commission has sufficient technical expertise to support the evaluation of applications for licenses, permits, and design certifications and other requests for regulatory approval for advanced nuclear reactors.</text>
 </subparagraph></paragraph><paragraph commented="no" id="H5223769CBF2D4805901C4839AA8DA9C7"><enum>(2)</enum><text>The use of computers and software codes to calculate the behavior and performance of advanced nuclear reactors based on mathematical models of the physical behavior of advanced nuclear reactors.</text>
 </paragraph><paragraph commented="no" id="HDEBE301639BD436C980B6F81FE693AC3"><enum>(3)</enum><text>Ensuring that—</text> <subparagraph commented="no" id="H7CB53E9AE65942F5AD795761C44A903A"><enum>(A)</enum><text>the Department maintains and develops the facilities necessary to enable the timely research, development, demonstration, and commercial application by the civilian nuclear industry of safe and innovative reactor technology; and</text>
 </subparagraph><subparagraph commented="no" id="H35406EA8262B40129A3396B7211F7DC6"><enum>(B)</enum><text>the Commission has access to the facilities described in subparagraph (A), as needed.</text> </subparagraph></paragraph></subsection><subsection commented="no" id="HCB460CA6F3D74D228CBF454477C7A325"><enum>(f)</enum><header>Reporting requirements</header> <paragraph commented="no" id="H620E1DE7BADD404E93ADF890F9342AB2"><enum>(1)</enum><header>In general</header><text>Not later than 180 days after the date of enactment of the <short-title>Nuclear Energy Innovation Capabilities Act of 2017</short-title>, the Secretary, in consultation with the National Laboratories, relevant Federal agencies, and other stakeholders, shall submit to the appropriate committees of Congress a report assessing the capabilities of the Department to authorize, host, and oversee privately funded experimental advanced nuclear reactors as described in subsection (b).</text>
 </paragraph><paragraph commented="no" id="HB15DE4CD5B564C308B1A589A40D88DDA"><enum>(2)</enum><header>Contents</header><text>The report submitted under paragraph (1) shall address—</text> <subparagraph commented="no" id="H3130DD43880747629035E62CF964B893"><enum>(A)</enum><text>the safety review and oversight capabilities of the Department, including options to leverage expertise from the Commission and the National Laboratories;</text>
 </subparagraph><subparagraph commented="no" id="HB6B4F74E0BF94874A72A151F5DAD39D9"><enum>(B)</enum><text>options to regulate privately proposed and funded experimental reactors hosted by the Department;</text> </subparagraph><subparagraph commented="no" id="HEE38650504554A47A30C2CBEB756974E"><enum>(C)</enum><text>potential sites capable of hosting privately funded experimental advanced nuclear reactors;</text>
 </subparagraph><subparagraph commented="no" id="H0A3BB36C97824C62868D24668E34C7C0"><enum>(D)</enum><text>the efficacy of the available contractual mechanisms of the Department to partner with the private sector and Federal agencies, including cooperative research and development agreements, strategic partnership projects, and agreements for commercializing technology;</text>
 </subparagraph><subparagraph commented="no" id="H3179C0E267D14C70A9E7E452A7948BC4"><enum>(E)</enum><text>the liability of the Federal Government with respect to the disposal of low-level radioactive waste, spent nuclear fuel, or high-level radioactive waste (as those terms are defined in section 2 of the Nuclear Waste Policy Act of 1982 (<external-xref legal-doc="usc" parsable-cite="usc/42/10101">42 U.S.C. 10101</external-xref>));</text>
 </subparagraph><subparagraph commented="no" id="HEDEA4D3C90F848A5A50AA0B8A0EDB0CA"><enum>(F)</enum><text>the impact on the aggregate inventory in the United States of low-level radioactive waste, spent nuclear fuel, or high-level radioactive waste (as those terms are defined in section 2 of the Nuclear Waste Policy Act of 1982 (<external-xref legal-doc="usc" parsable-cite="usc/42/10101">42 U.S.C. 10101</external-xref>));</text>
 </subparagraph><subparagraph commented="no" id="H3F837A0D308B446F8D1FC43E79C201D0"><enum>(G)</enum><text>potential cost structures relating to physical security, decommissioning, liability, and other long-term project costs; and</text>
 </subparagraph><subparagraph commented="no" id="HAAABA25991CD49318D231716442DAFB9"><enum>(H)</enum><text>other challenges or considerations identified by the Secretary.</text> </subparagraph></paragraph><paragraph commented="no" display-inline="no-display-inline" id="H15ABF4421CCC49DA827AA56D7F4E3120"><enum>(3)</enum><header display-inline="yes-display-inline">Updates</header><text display-inline="yes-display-inline">Once every 2 years, the Secretary shall update relevant provisions of the report submitted under paragraph (1) and submit to the appropriate committees of Congress the update.</text>
							</paragraph></subsection><subsection id="HBA43B6A9FEA342E3AADFAE06DD22AD37"><enum>(g)</enum><header>Savings clauses</header>
 <paragraph id="H799D0D23FFFD4FEDA3095B722987050F"><enum>(1)</enum><header>Licensing requirement</header><text>Nothing in this section authorizes the Secretary or any person to construct or operate a nuclear reactor for the purpose of demonstrating the suitability for commercial application of the nuclear reactor unless licensed by the Commission in accordance with section 202 of the Energy Reorganization Act of 1974 (<external-xref legal-doc="usc" parsable-cite="usc/42/5842">42 U.S.C. 5842</external-xref>).</text>
 </paragraph><paragraph id="H88053D083526431BB510432361861D55"><enum>(2)</enum><header>Financial protection</header><text>Any activity carried out under this section that involves the risk of public liability shall be subject to the financial protection or indemnification requirements of section 170 of the Atomic Energy Act of 1954 (<external-xref legal-doc="usc" parsable-cite="usc/42/2210">42 U.S.C. 2210</external-xref>) (commonly known as the <quote>Price-Anderson Act</quote>).</text></paragraph></subsection></section><after-quoted-block>.</after-quoted-block></quoted-block>
 </subsection><subsection id="H5B7F981CA7DB4F308530DA8ED0C5087D"><enum>(i)</enum><header>Budget plan</header><text display-inline="yes-display-inline">Subtitle E of title IX of the Energy Policy Act of 2005 (<external-xref legal-doc="usc" parsable-cite="usc/42/16271">42 U.S.C. 16271</external-xref> et seq.) (as amended by subsection (h)) is amended by adding at the end the following:</text>
				<quoted-block display-inline="no-display-inline" id="H9837EACCB07D48B797CA735B7E70A2AD" style="OLC">
					<section id="H400E3BF6C3FC4F9783B90FA8E42F1A15"><enum>959.</enum><header>Budget plan</header>
 <subsection id="HF6F6B4877D5E4E7EB99EF968F9E98A4A"><enum>(a)</enum><header>In general</header><text display-inline="yes-display-inline">Not later than 1 year after the date of enactment of the <short-title>Nuclear Energy Innovation Capabilities Act of 2017</short-title>, the Secretary shall submit to the Committee on Energy and Natural Resources of the Senate and the Committee on Science, Space, and Technology of the House of Representatives 2 alternative 10-year budget plans for civilian nuclear energy research and development by the Secretary, as described in subsections (b) through (d).</text>
 </subsection><subsection id="H391D6922C1F64BC19487D824FFB5D25E"><enum>(b)</enum><header>Budget plan alternative 1</header><text display-inline="yes-display-inline">One of the budget plans submitted under subsection (a) shall assume constant annual funding for 10 years at the appropriated level for the civilian nuclear energy research and development of the Department for fiscal year 2016.</text>
 </subsection><subsection id="H3E5365F985364CB690D786121965F940"><enum>(c)</enum><header>Budget plan alternative 2</header><text display-inline="yes-display-inline">One of the budget plans submitted under subsection (a) shall be an unconstrained budget.</text> </subsection><subsection id="HFA84CD8BCDBE4424890CFC0D53B45B05"><enum>(d)</enum><header>Inclusions</header><text display-inline="yes-display-inline">Each alternative budget plan submitted under subsection (a) shall include—</text>
 <paragraph id="HDC28B11BC64241D8BF9AF3468E7B206B"><enum>(1)</enum><text display-inline="yes-display-inline">a prioritized list of the programs, projects, and activities of the Department to best support the development of advanced nuclear reactor technologies;</text>
 </paragraph><paragraph id="H5A14DBFD36454604BD594347DEFAAE98"><enum>(2)</enum><text>realistic budget requirements for the Department to implement sections 955(c), 957, and 958; and</text> </paragraph><paragraph id="H9457BC3E8B1F42DCBFC467341CFE2660"><enum>(3)</enum><text>the justification of the Department for continuing or terminating existing civilian nuclear energy research and development programs.</text></paragraph></subsection></section><after-quoted-block>.</after-quoted-block></quoted-block>
 </subsection><subsection commented="no" display-inline="no-display-inline" id="H9E2F1E5F85E3483CB5230348354434FD"><enum>(j)</enum><header>Conforming amendments</header><text>The table of contents for the Energy Policy Act of 2005 is amended by striking the item relating to section 957 and inserting the following:</text>
				<quoted-block display-inline="no-display-inline" id="HD62EC8A8049A4833A6BC30C0521DAE2A" style="OLC">
					<toc regeneration="no-regeneration">
						<toc-entry level="section">957. High-performance computation and supportive research.</toc-entry>
						<toc-entry level="section">958. Enabling nuclear energy innovation.</toc-entry>
						<toc-entry level="section">959. Budget plan.</toc-entry></toc><after-quoted-block>.</after-quoted-block></quoted-block>
			</subsection></section></legis-body></bill>


