<?xml version="1.0"?>
<?xml-stylesheet type="text/xsl" href="billres.xsl"?>
<!DOCTYPE bill PUBLIC "-//US Congress//DTDs/bill.dtd//EN" "bill.dtd">
<bill bill-stage="Introduced-in-House" bill-type="olc" dms-id="HCF11ADD976424FB48AD969895A664956" key="H" public-private="public"><metadata xmlns:dc="http://purl.org/dc/elements/1.1/">
<dublinCore>
<dc:title>115 HR 90 IH: Providing Veterans Overdue Care Act of 2017</dc:title>
<dc:publisher>U.S. House of Representatives</dc:publisher>
<dc:date>2017-01-03</dc:date>
<dc:format>text/xml</dc:format>
<dc:language>EN</dc:language>
<dc:rights>Pursuant to Title 17 Section 105 of the United States Code, this file is not subject to copyright protection and is in the public domain.</dc:rights>
</dublinCore>
</metadata>
<form>
<distribution-code display="yes">I</distribution-code><congress display="yes">115th CONGRESS</congress><session display="yes">1st Session</session><legis-num display="yes">H. R. 90</legis-num><current-chamber>IN THE HOUSE OF REPRESENTATIVES</current-chamber><action display="yes"><action-date date="20170103">January 3, 2017</action-date><action-desc><sponsor name-id="B001285">Ms. Brownley of California</sponsor> (for herself, <cosponsor name-id="P000611">Mr. Poliquin</cosponsor>, <cosponsor name-id="P000597">Ms. Pingree</cosponsor>, <cosponsor name-id="D000621">Mr. DeSantis</cosponsor>, <cosponsor name-id="T000472">Mr. Takano</cosponsor>, <cosponsor name-id="Y000065">Mr. Yoho</cosponsor>, <cosponsor name-id="D000624">Mrs. Dingell</cosponsor>, <cosponsor name-id="T000460">Mr. Thompson of California</cosponsor>, and <cosponsor name-id="K000382">Ms. Kuster of New Hampshire</cosponsor>) introduced the following bill; which was referred to the <committee-name committee-id="HVR00">Committee on Veterans' Affairs</committee-name></action-desc></action><legis-type>A BILL</legis-type><official-title display="yes">To authorize the Secretary of Veterans Affairs to carry out certain major medical facility leases
			 of the Department of Veterans Affairs.</official-title></form>
	<legis-body id="H9B08F91396DF4DBFB1DE5AA92A8C451C" style="OLC">
 <section id="H38DC8F821E2E42E086784C95B28B0A3E" section-type="section-one"><enum>1.</enum><header>Short title</header><text display-inline="no-display-inline">This Act may be cited as the <quote><short-title>Providing Veterans Overdue Care Act of 2017</short-title></quote>.</text> </section><section display-inline="no-display-inline" id="H31ED244106274D87973716DF0B363B55"><enum>2.</enum><header>Authorization of certain major medical facility leases of the Department of Veterans Affairs</header> <subsection display-inline="no-display-inline" id="HC2D777CB9E874C19B1946427AD2685B6"><enum>(a)</enum><header>In general</header><text display-inline="yes-display-inline">The Secretary of Veterans Affairs may carry out the following major medical facility leases at the locations specified and in an amount for each lease not to exceed the amount specified for such location (not including any estimated cancellation costs):</text>
 <paragraph id="H796514F81D004A938AE37F3BED23D41A"><enum>(1)</enum><text>For an outpatient clinic, Ann Arbor, Michigan, an amount not to exceed $17,093,000.</text> </paragraph><paragraph id="HF18308903002452C9BAA251342EB6657"><enum>(2)</enum><text>For an outpatient mental health clinic, Birmingham, Alabama, an amount not to exceed $6,971,000.</text>
 </paragraph><paragraph id="H3781128DA3D14F279CA58273A7551AEF"><enum>(3)</enum><text>For an outpatient specialty clinic, Birmingham, Alabama, an amount not to exceed $10,479,000.</text> </paragraph><paragraph id="HE26423709487480FA03EC216996F37B5"><enum>(4)</enum><text>For research space, Boston, Massachusetts, an amount not to exceed $5,497,000.</text>
 </paragraph><paragraph id="H6997CE6BB6984D75BDD2FA5827859187"><enum>(5)</enum><text>For research space, Charleston, South Carolina, an amount not to exceed $6,581,000.</text> </paragraph><paragraph id="H5972F591BFA542DE847CCFC88B821A18"><enum>(6)</enum><text>For an outpatient clinic, Daytona Beach, Florida, an amount not to exceed $12,664,000.</text>
 </paragraph><paragraph commented="no" id="H7DA130B899C848118BDA14481A4169D0"><enum>(7)</enum><text>For Chief Business Office Purchased Care office space, Denver, Colorado, an amount not to exceed $17,215,000.</text>
 </paragraph><paragraph id="HCF342FF55CAF4F3EB01A0D8CF3852D44"><enum>(8)</enum><text display-inline="yes-display-inline">For an outpatient clinic, Gainesville, Florida, an amount not to exceed $4,686,000.</text> </paragraph><paragraph id="H6CBBB9507E414A8BBB99833DECA67BC7"><enum>(9)</enum><text>For an outpatient clinic, Hampton Roads, Virginia, an amount not to exceed $18,124,000.</text>
 </paragraph><paragraph id="HA885E19BA1694321B65CB93DE15308AC"><enum>(10)</enum><text>For research space, Mission Bay, California, an amount not to exceed $23,454,000.</text> </paragraph><paragraph id="HBFAE9F6EFEA0457C992AFDE5964C69EB"><enum>(11)</enum><text>For an outpatient clinic, Missoula, Montana, an amount not to exceed $7,130,000.</text>
 </paragraph><paragraph id="HF887953E4EB84C37AD1F97A7DAAA61BE"><enum>(12)</enum><text>For an outpatient clinic, Northern Colorado, Colorado, an amount not to exceed $8,776,000.</text> </paragraph><paragraph id="HAD1A0662A90E418395B0B948B453BEC8"><enum>(13)</enum><text display-inline="yes-display-inline">For an outpatient clinic, Ocala, Florida, an amount not to exceed $5,279,000.</text>
 </paragraph><paragraph id="H99878E70E8B64019A64B4AB8006184D3"><enum>(14)</enum><text>For an outpatient clinic, Oxnard, California, an amount not to exceed $6,297,000.</text> </paragraph><paragraph id="H92AB94CAAD7F41E0A3CF59F6DF617E9F"><enum>(15)</enum><text>For an outpatient clinic, Pike County, Georgia, an amount not to exceed $5,757,000.</text>
 </paragraph><paragraph id="H6641F26B099142B1BFA825B33317473F"><enum>(16)</enum><text>For an outpatient clinic, Portland, Maine, an amount not to exceed $6,846,000.</text> </paragraph><paragraph id="H9FD9C4F2B7AE4924BC9B728C35BB23E0"><enum>(17)</enum><text>For an outpatient clinic, Raleigh, North Carolina, an amount not to exceed $21,607,000.</text>
 </paragraph><paragraph id="H3056F3A233C740BEB809E466B87B2DE2"><enum>(18)</enum><text>For an outpatient clinic, Santa Rosa, California, an amount not to exceed $6,498,000.</text> </paragraph><paragraph id="HF22AC69FDF324D9CA240876FBB9091DC"><enum>(19)</enum><text>For a replacement outpatient clinic, Corpus Christi, Texas, an amount not to exceed $7,452,000.</text>
 </paragraph><paragraph id="HB07BB5E2B6D24429B0EA162469C00540"><enum>(20)</enum><text>For a replacement outpatient clinic, Jacksonville, Florida, an amount not to exceed $18,136,000.</text> </paragraph><paragraph id="H2983E1A2BC3B42B4A2432E138CB40168"><enum>(21)</enum><text>For a replacement outpatient clinic, Pontiac, Michigan, an amount not to exceed $4,532,000.</text>
 </paragraph><paragraph id="H8A29AFA1A47C493A8A5A313A585A9DB3"><enum>(22)</enum><text>For a replacement outpatient clinic, phase II, Rochester, New York, an amount not to exceed $6,901,000.</text>
 </paragraph><paragraph id="H641E7AEE95E24557A85F33D8D4FDABCE"><enum>(23)</enum><text>For a replacement outpatient clinic, Tampa, Florida, an amount not to exceed $10,568,000.</text> </paragraph><paragraph id="H131A315CE4A34A5AB7E34AA385882D5C"><enum>(24)</enum><text>For a replacement outpatient clinic, Terre Haute, Indiana, an amount not to exceed $4,475,000.</text>
 </paragraph></subsection><subsection id="H9DCD45A5E94146F5A49AC05A1214B8E8"><enum>(b)</enum><header>Authorization of appropriations</header><text>There is authorized to be appropriated to the Secretary of Veterans Affairs for fiscal year 2018 or the year in which funds are appropriated for the Medical Facilities account $243,018,000 for the leases authorized in subsection (a).</text>
			</subsection></section></legis-body></bill>


