<?xml version="1.0"?>
<?xml-stylesheet type="text/xsl" href="billres.xsl"?>
<!DOCTYPE bill PUBLIC "-//US Congress//DTDs/bill.dtd//EN" "bill.dtd">
<bill bill-stage="Introduced-in-House" bill-type="olc" dms-id="HC9FB4FD227FC40F8ADB89FAB6782E784" key="H" public-private="public"><metadata xmlns:dc="http://purl.org/dc/elements/1.1/">
<dublinCore>
<dc:title>115 HR 743 IH: Davis-Bacon Repeal Act</dc:title>
<dc:publisher>U.S. House of Representatives</dc:publisher>
<dc:date>2017-01-30</dc:date>
<dc:format>text/xml</dc:format>
<dc:language>EN</dc:language>
<dc:rights>Pursuant to Title 17 Section 105 of the United States Code, this file is not subject to copyright protection and is in the public domain.</dc:rights>
</dublinCore>
</metadata>
<form>
<distribution-code display="yes">I</distribution-code><congress display="yes">115th CONGRESS</congress><session display="yes">1st Session</session><legis-num display="yes">H. R. 743</legis-num><current-chamber>IN THE HOUSE OF REPRESENTATIVES</current-chamber><action display="yes"><action-date date="20170130">January 30, 2017</action-date><action-desc><sponsor name-id="K000362">Mr. King of Iowa</sponsor> (for himself, <cosponsor name-id="F000448">Mr. Franks of Arizona</cosponsor>, <cosponsor name-id="S000051">Mr. Sanford</cosponsor>, <cosponsor name-id="H001045">Mr. Harper</cosponsor>, <cosponsor name-id="A000367">Mr. Amash</cosponsor>, <cosponsor name-id="H001036">Mr. Hensarling</cosponsor>, <cosponsor name-id="D000615">Mr. Duncan of South Carolina</cosponsor>, and <cosponsor name-id="J000290">Ms. Jenkins of Kansas</cosponsor>) introduced the following bill; which was referred to the <committee-name committee-id="HED00">Committee on Education and the Workforce</committee-name></action-desc></action><legis-type>A BILL</legis-type><official-title display="yes">To repeal the wage rate requirements commonly known as the Davis-Bacon Act.</official-title></form>
	<legis-body id="H5F29D7715771466AB5D76240BB194396" style="OLC">
 <section id="HBE958471CCCE4F9EB7176FB7A4C28FFF" section-type="section-one"><enum>1.</enum><header>Short title</header><text display-inline="no-display-inline">This Act may be cited as the <quote><short-title>Davis-Bacon Repeal Act</short-title></quote>.</text> </section><section id="HD9FD0B5CFFEF4ABA9806A49618CAA838"><enum>2.</enum><header>Repeal of Davis-Bacon wage requirements</header> <subsection id="HDE9916DD72694D58B4B7EB253345C003"><enum>(a)</enum><header>In general</header><text display-inline="yes-display-inline">Subchapter IV of <external-xref legal-doc="usc-chapter" parsable-cite="usc-chapter/40/31">chapter 31</external-xref> of title 40, United States Code, is repealed.</text>
 </subsection><subsection id="H6F99E804662A41C7A5812EB0BB480B69"><enum>(b)</enum><header>Reference</header><text display-inline="yes-display-inline">Any reference in any law to a wage requirement of subchapter IV of <external-xref legal-doc="usc-chapter" parsable-cite="usc-chapter/40/31">chapter 31</external-xref> of title 40, United States Code, shall after the date of the enactment of this Act be null and void.</text>
 </subsection></section><section id="HF3E61B7388B245F79938CA5B0BAD5BCC"><enum>3.</enum><header>Effective date and limitation</header><text display-inline="no-display-inline">The amendment made by section 2 shall take effect 30 days after the date of the enactment of this Act but shall not affect any contract in existence on such date of enactment or made pursuant to invitation for bids outstanding on such date of enactment.</text>
		</section></legis-body></bill>


