<?xml version="1.0"?>
<?xml-stylesheet type="text/xsl" href="billres.xsl"?>
<!DOCTYPE bill PUBLIC "-//US Congress//DTDs/bill.dtd//EN" "bill.dtd">
<bill bill-stage="Introduced-in-House" bill-type="olc" dms-id="H6A1FBC3C1649474EA36466FC676B5FF4" key="H" public-private="public"><metadata xmlns:dc="http://purl.org/dc/elements/1.1/">
<dublinCore>
<dc:title>115 HR 469 IH: Sunshine for Regulations and Regulatory Decrees and Settlements Act of 2017</dc:title>
<dc:publisher>U.S. House of Representatives</dc:publisher>
<dc:date>2017-01-12</dc:date>
<dc:format>text/xml</dc:format>
<dc:language>EN</dc:language>
<dc:rights>Pursuant to Title 17 Section 105 of the United States Code, this file is not subject to copyright protection and is in the public domain.</dc:rights>
</dublinCore>
</metadata>
<form>
<distribution-code display="yes">I</distribution-code><congress display="yes">115th CONGRESS</congress><session display="yes">1st Session</session><legis-num display="yes">H. R. 469</legis-num><current-chamber>IN THE HOUSE OF REPRESENTATIVES</current-chamber><action display="yes"><action-date date="20170112">January 12, 2017</action-date><action-desc><sponsor name-id="C001093">Mr. Collins of Georgia</sponsor> (for himself, <cosponsor name-id="G000289">Mr. Goodlatte</cosponsor>, <cosponsor name-id="C001103">Mr. Carter of Georgia</cosponsor>, <cosponsor name-id="C001087">Mr. Crawford</cosponsor>, <cosponsor name-id="T000470">Mr. Tipton</cosponsor>, <cosponsor name-id="G000565">Mr. Gosar</cosponsor>, <cosponsor name-id="M001179">Mr. Marino</cosponsor>, <cosponsor name-id="S000583">Mr. Smith of Texas</cosponsor>, <cosponsor name-id="L000566">Mr. Latta</cosponsor>, <cosponsor name-id="P000588">Mr. Pearce</cosponsor>, <cosponsor name-id="F000460">Mr. Farenthold</cosponsor>, <cosponsor name-id="B001291">Mr. Babin</cosponsor>, <cosponsor name-id="B001282">Mr. Barr</cosponsor>, <cosponsor name-id="Y000065">Mr. Yoho</cosponsor>, <cosponsor name-id="C000266">Mr. Chabot</cosponsor>, <cosponsor name-id="G000552">Mr. Gohmert</cosponsor>, and <cosponsor name-id="C001096">Mr. Cramer</cosponsor>) introduced the following bill; which was referred to the <committee-name committee-id="HJU00">Committee on the Judiciary</committee-name></action-desc></action><legis-type>A BILL</legis-type><official-title display="yes">To impose certain limitations on consent decrees and settlement agreements by agencies that require
			 the agencies to take regulatory action in accordance with the terms
			 thereof, and for other purposes.</official-title></form>
	<legis-body id="H0DB344907BF74219AE425F3539DAD502" style="OLC">
 <section id="H1A2CF3E0B5EB436EA649196737690ADB" section-type="section-one"><enum>1.</enum><header>Short title</header><text display-inline="no-display-inline">This Act may be cited as the <quote><short-title>Sunshine for Regulations and Regulatory Decrees and Settlements Act of 2017</short-title></quote>.</text> </section><section id="H43AC62AAB5304F679439848572C467A3"><enum>2.</enum><header>Definitions</header><text display-inline="no-display-inline">In this Act—</text>
 <paragraph id="HDFEEC9F876474EBCA572F20F01CF062C"><enum>(1)</enum><text>the terms <quote>agency</quote> and <quote>agency action</quote> have the meanings given those terms under section 551 of title 5, United States Code;</text> </paragraph><paragraph id="H062DD3F2CBE244BF9263DFF2146EBF09"><enum>(2)</enum><text>the term <quote>covered civil action</quote> means a civil action—</text>
 <subparagraph id="H96080E918FCB4027BAC6AA6F41DE9189"><enum>(A)</enum><text>seeking to compel agency action;</text> </subparagraph><subparagraph id="H33C87CB1E07B4F11ACC4DB7254D14885"><enum>(B)</enum><text>alleging that the agency is unlawfully withholding or unreasonably delaying an agency action relating to a regulatory action that would affect the rights of—</text>
 <clause id="HD234237380974AFF98AA031472C92D96"><enum>(i)</enum><text>private persons other than the person bringing the action; or</text> </clause><clause id="HFCD0C7614B4E466C913899FAE1451358"><enum>(ii)</enum><text>a State, local, or tribal government; and</text>
 </clause></subparagraph><subparagraph id="HA022ECE44E564F00A96E43A3BC80D00D"><enum>(C)</enum><text>brought under—</text> <clause id="HD791B6A58E664E58804924EA23EA8EA0"><enum>(i)</enum><text><external-xref legal-doc="usc-chapter" parsable-cite="usc-chapter/5/7">chapter 7</external-xref> of title 5, United States Code; or</text>
 </clause><clause id="H784F2B3956FE4B41B811BC88F774B89A"><enum>(ii)</enum><text>any other statute authorizing such an action;</text> </clause></subparagraph></paragraph><paragraph id="H59CE6943EB2E4C10A257D16CE20F7A6C"><enum>(3)</enum><text>the term <quote>covered consent decree</quote> means—</text>
 <subparagraph id="H4E2C382EC87C42D59FF8A2155457DCBB"><enum>(A)</enum><text>a consent decree entered into in a covered civil action; and</text> </subparagraph><subparagraph id="H1B75F7249AD444AD99589CD73A5D1FEA"><enum>(B)</enum><text>any other consent decree that requires agency action relating to a regulatory action that affects the rights of—</text>
 <clause id="HF9B09402C5B94030B7166EFD10943D4B"><enum>(i)</enum><text>private persons other than the person bringing the action; or</text> </clause><clause id="HA12F92D1B3F44B049597ED21783EF153"><enum>(ii)</enum><text>a State, local, or tribal government;</text>
 </clause></subparagraph></paragraph><paragraph id="H1BF74DA2ED79457E9BF369CCAE7869BA"><enum>(4)</enum><text>the term <quote>covered consent decree or settlement agreement</quote> means a covered consent decree and a covered settlement agreement; and</text> </paragraph><paragraph id="H50974E80DE134859BC40C54665DE4AD8"><enum>(5)</enum><text>the term <quote>covered settlement agreement</quote> means—</text>
 <subparagraph id="H738D3374D7AC4F16BCF9BC311B32A729"><enum>(A)</enum><text>a settlement agreement entered into in a covered civil action; and</text> </subparagraph><subparagraph id="H0976813A7A8A4328BC9D023E20761106"><enum>(B)</enum><text>any other settlement agreement that requires agency action relating to a regulatory action that affects the rights of—</text>
 <clause id="H72BD039B6B8C46E8972F0E649560E353"><enum>(i)</enum><text>private persons other than the person bringing the action; or</text> </clause><clause id="HC644A8688C3E4E49B2413F22BFCEBDF6"><enum>(ii)</enum><text>a State, local, or tribal government.</text>
					</clause></subparagraph></paragraph></section><section id="H2B6B14EB19124AF6B8872187F03AF376"><enum>3.</enum><header>Consent decree and settlement reform</header>
			<subsection id="H96BDAC08DAB845DFB13CAA5F23D44E8A"><enum>(a)</enum><header>Pleadings and preliminary matters</header>
 <paragraph id="H3DC9E2C4B80941DFA8FCA12692174A72"><enum>(1)</enum><header>In general</header><text>In any covered civil action, the agency against which the covered civil action is brought shall publish the notice of intent to sue and the complaint in a readily accessible manner, including by making the notice of intent to sue and the complaint available online not later than 15 days after receiving service of the notice of intent to sue or complaint, respectively.</text>
 </paragraph><paragraph id="HB408E4A245A54AC8AC38C41556DD11E0"><enum>(2)</enum><header>Entry of a covered consent decree or settlement agreement</header><text>A party may not make a motion for entry of a covered consent decree or to dismiss a civil action pursuant to a covered settlement agreement until after the end of proceedings in accordance with paragraph (1) and subparagraphs (A) and (B) of paragraph (2) of subsection (d) or subsection (d)(3)(A), whichever is later.</text>
				</paragraph></subsection><subsection id="H337979A16F8949DFA50F57E7A5CC13EB"><enum>(b)</enum><header>Intervention</header>
 <paragraph id="H46BAAAB16312413DB710CC94F3561228"><enum>(1)</enum><header>Rebuttable presumption</header><text>In considering a motion to intervene in a covered civil action or a civil action in which a covered consent decree or settlement agreement has been proposed that is filed by a person who alleges that the agency action in dispute would affect the person, the court shall presume, subject to rebuttal, that the interests of the person would not be represented adequately by the existing parties to the action.</text>
 </paragraph><paragraph id="H381394C1E90C496A8E86104DD838D92F"><enum>(2)</enum><header>State, local, and tribal governments</header><text>In considering a motion to intervene in a covered civil action or a civil action in which a covered consent decree or settlement agreement has been proposed that is filed by a State, local, or tribal government, the court shall take due account of whether the movant—</text>
 <subparagraph id="HC1CA8BC625C543B998930168355E2DCE"><enum>(A)</enum><text>administers jointly with an agency that is a defendant in the action the statutory provisions that give rise to the regulatory action to which the action relates; or</text>
 </subparagraph><subparagraph id="H887D74153B4649E3AEEB19FFBE102441"><enum>(B)</enum><text>administers an authority under State, local, or tribal law that would be preempted by the regulatory action to which the action relates.</text>
 </subparagraph></paragraph></subsection><subsection id="HB9463BBA9D4D4E39BD7B91625D5DA50C"><enum>(c)</enum><header>Settlement negotiations</header><text>Efforts to settle a covered civil action or otherwise reach an agreement on a covered consent decree or settlement agreement shall—</text>
 <paragraph id="H93A4932907A64B0BBA6E36742CA4A1F0"><enum>(1)</enum><text>be conducted pursuant to the mediation or alternative dispute resolution program of the court or by a district judge other than the presiding judge, magistrate judge, or special master, as determined appropriate by the presiding judge; and</text>
 </paragraph><paragraph id="H4B0731CDE747488CB6E0597533DF4208"><enum>(2)</enum><text>include any party that intervenes in the action.</text> </paragraph></subsection><subsection id="HB58FA5EAAF2741B4B80599BBAE3B3215"><enum>(d)</enum><header>Publication of and comment on covered consent decrees or settlement agreements</header> <paragraph id="H6410EDAE7C5D4D79BDA9F88FBFFAA146"><enum>(1)</enum><header>In general</header><text>Not later than 60 days before the date on which a covered consent decree or settlement agreement is filed with a court, the agency seeking to enter the covered consent decree or settlement agreement shall publish in the Federal Register and online—</text>
 <subparagraph id="HF3B47C90C3C943EA9A5FBF23BF8F0189"><enum>(A)</enum><text>the proposed covered consent decree or settlement agreement; and</text> </subparagraph><subparagraph id="H23C56CCC14F94A3D80BDE0F5040D6D53"><enum>(B)</enum><text>a statement providing—</text>
 <clause id="H83407D9CB7874494AE581ABD5D602A09"><enum>(i)</enum><text>the statutory basis for the covered consent decree or settlement agreement; and</text> </clause><clause id="H824D387006F74C5E818E64778CA325FB"><enum>(ii)</enum><text>a description of the terms of the covered consent decree or settlement agreement, including whether it provides for the award of attorneys’ fees or costs and, if so, the basis for including the award.</text>
						</clause></subparagraph></paragraph><paragraph id="H7DEAABFD8F4A4D4DADDF16D41A8F8084"><enum>(2)</enum><header>Public comment</header>
 <subparagraph id="H51538EDA3747425AA0730D22F6A9561F"><enum>(A)</enum><header>In general</header><text>An agency seeking to enter a covered consent decree or settlement agreement shall accept public comment during the period described in paragraph (1) on any issue relating to the matters alleged in the complaint in the applicable civil action or addressed or affected by the proposed covered consent decree or settlement agreement.</text>
 </subparagraph><subparagraph id="H750BB8917D1745A18E28B6D4531565A5"><enum>(B)</enum><header>Response to comments</header><text>An agency shall respond to any comment received under subparagraph (A).</text> </subparagraph><subparagraph id="H636AFF1B227D475BB79412E0700C08A7"><enum>(C)</enum><header>Submissions to court</header><text>When moving that the court enter a proposed covered consent decree or settlement agreement or for dismissal pursuant to a proposed covered consent decree or settlement agreement, an agency shall—</text>
 <clause id="H14D1F05A8E3641EE897D85A14A2BEE9E"><enum>(i)</enum><text>inform the court of the statutory basis for the proposed covered consent decree or settlement agreement and its terms;</text>
 </clause><clause id="HB511816F2D804118A9C99AF538886B91"><enum>(ii)</enum><text>submit to the court a summary of the comments received under subparagraph (A) and the response of the agency to the comments;</text>
 </clause><clause id="H3A6A5FB4DEF54B81BDDA31F9D99529F7"><enum>(iii)</enum><text>submit to the court a certified index of the administrative record of the notice and comment proceeding; and</text>
 </clause><clause id="H16D828C223AE4FA6B4EA9878015533EE"><enum>(iv)</enum><text>make the administrative record described in clause (iii) fully accessible to the court.</text> </clause></subparagraph><subparagraph id="HCBCF9C530C2D4C78834A0834A784E72A"><enum>(D)</enum><header>Inclusion in record</header><text>The court shall include in the court record for a civil action the certified index of the administrative record submitted by an agency under subparagraph (C)(iii) and any documents listed in the index which any party or amicus curiae appearing before the court in the action submits to the court.</text>
					</subparagraph></paragraph><paragraph id="H0A71BD3030CB42EA9165EB7C5E77F23D"><enum>(3)</enum><header>Public hearings permitted</header>
 <subparagraph id="H52C1EF732AD84039A902E80C855D07A9"><enum>(A)</enum><header>In general</header><text>After providing notice in the Federal Register and online, an agency may hold a public hearing regarding whether to enter into a proposed covered consent decree or settlement agreement.</text>
 </subparagraph><subparagraph id="H152D8EFEFDD34A38BE1D2C3081500F43"><enum>(B)</enum><header>Record</header><text>If an agency holds a public hearing under subparagraph (A)—</text> <clause id="H3432793F23F14E6CB59DB6C317586A69"><enum>(i)</enum><text>the agency shall—</text>
 <subclause id="H612CD8273210426E8CDA095BD46717AE"><enum>(I)</enum><text>submit to the court a summary of the proceedings;</text> </subclause><subclause id="HAF9E110BC1914E7196A138AC12B2C6DE"><enum>(II)</enum><text>submit to the court a certified index of the hearing record; and</text>
 </subclause><subclause id="HB3FAC99E228C41B0BEC62E1704619293"><enum>(III)</enum><text>provide access to the hearing record to the court; and</text> </subclause></clause><clause id="HDD771698236844CBB64BD9A74C5A5C4C"><enum>(ii)</enum><text>the full hearing record shall be included in the court record.</text>
 </clause></subparagraph></paragraph><paragraph id="H2B0DB5AC2FC3423DBCEFBBAFF1FBD99B"><enum>(4)</enum><header>Mandatory deadlines</header><text>If a proposed covered consent decree or settlement agreement requires an agency action by a date certain, the agency shall, when moving for entry of the covered consent decree or settlement agreement or dismissal based on the covered consent decree or settlement agreement, inform the court of—</text>
 <subparagraph id="H72389FBABB374AE49DF0C4E88A46F9BB"><enum>(A)</enum><text>any required regulatory action the agency has not taken that the covered consent decree or settlement agreement does not address;</text>
 </subparagraph><subparagraph id="H25A8DFD7FF634BBEACEA7766DBC57C8C"><enum>(B)</enum><text>how the covered consent decree or settlement agreement, if approved, would affect the discharge of the duties described in subparagraph (A); and</text>
 </subparagraph><subparagraph id="H3BB20A275A3549D2B570D5ED7D869B11"><enum>(C)</enum><text>why the effects of the covered consent decree or settlement agreement on the manner in which the agency discharges its duties is in the public interest.</text>
					</subparagraph></paragraph></subsection><subsection id="HC02E4279B2DB4BC997132E209C4E29F6"><enum>(e)</enum><header>Submission by the government</header>
 <paragraph id="HC13E849050A3407480E6370E51B9D529"><enum>(1)</enum><header>In general</header><text>For any proposed covered consent decree or settlement agreement that contains a term described in paragraph (2), the Attorney General or, if the matter is being litigated independently by an agency, the head of the agency shall submit to the court a certification that the Attorney General or head of the agency approves the proposed covered consent decree or settlement agreement. The Attorney General or head of the agency shall personally sign any certification submitted under this paragraph.</text>
 </paragraph><paragraph id="HDC578CA2486541929316D24365697458"><enum>(2)</enum><header>Terms</header><text>A term described in this paragraph is—</text> <subparagraph id="H343F809F865C41C697BF43FB37C83B97"><enum>(A)</enum><text>in the case of a covered consent decree, a term that—</text>
 <clause id="HCD577064D6CE4574A5ADC3661959595D"><enum>(i)</enum><text>converts into a nondiscretionary duty a discretionary authority of an agency to propose, promulgate, revise, or amend regulations;</text>
 </clause><clause id="HD034CBDF729F429D9244BDA500D1A651"><enum>(ii)</enum><text>commits an agency to expend funds that have not been appropriated and that have not been budgeted for the regulatory action in question;</text>
 </clause><clause id="H23942BDBDB3E4F79BD65D27335E37AD7"><enum>(iii)</enum><text>commits an agency to seek a particular appropriation or budget authorization;</text> </clause><clause id="HA210D2CB478D4AD3B7205217BC89FAD9"><enum>(iv)</enum><text>divests an agency of discretion committed to the agency by statute or the Constitution of the United States, without regard to whether the discretion was granted to respond to changing circumstances, to make policy or managerial choices, or to protect the rights of third parties; or</text>
 </clause><clause id="H1B9FF1FB07F14C0EBC5BA49A3034981C"><enum>(v)</enum><text>otherwise affords relief that the court could not enter under its own authority upon a final judgment in the civil action; or</text>
 </clause></subparagraph><subparagraph id="H8105065F55F7482B9826CAE707818797"><enum>(B)</enum><text>in the case of a covered settlement agreement, a term—</text> <clause id="H5DE7E981F00348E485C8B98710C9915C"><enum>(i)</enum><text>that provides a remedy for a failure by the agency to comply with the terms of the covered settlement agreement other than the revival of the civil action resolved by the covered settlement agreement; and</text>
 </clause><clause id="H7993B1DBD1D04C7E8FF9AD1015E64810"><enum>(ii)</enum><text>that—</text> <subclause id="H8EE837F249F247E0A3EB02F9F6567A3C"><enum>(I)</enum><text>interferes with the authority of an agency to revise, amend, or issue rules under the procedures set forth in <external-xref legal-doc="usc-chapter" parsable-cite="usc-chapter/5/5">chapter 5</external-xref> of title 5, United States Code, or any other statute or Executive order prescribing rulemaking procedures for a rulemaking that is the subject of the covered settlement agreement;</text>
 </subclause><subclause id="HF539DA6B6C63466BBDB509D0D2CC0CE3"><enum>(II)</enum><text>commits the agency to expend funds that have not been appropriated and that have not been budgeted for the regulatory action in question; or</text>
 </subclause><subclause id="H6A1AB6EEEF5F4A64989B25328153F1A5"><enum>(III)</enum><text>for such a covered settlement agreement that commits the agency to exercise in a particular way discretion which was committed to the agency by statute or the Constitution of the United States to respond to changing circumstances, to make policy or managerial choices, or to protect the rights of third parties.</text>
							</subclause></clause></subparagraph></paragraph></subsection><subsection id="HDF2CE35DC4F14F7D9487D8D6E1524444"><enum>(f)</enum><header>Review by court</header>
 <paragraph id="H1B4E42FC8BED40BA9D3815C157B13555"><enum>(1)</enum><header>Amicus</header><text>A court considering a proposed covered consent decree or settlement agreement shall presume, subject to rebuttal, that it is proper to allow amicus participation relating to the covered consent decree or settlement agreement by any person who filed public comments or participated in a public hearing on the covered consent decree or settlement agreement under paragraph (2) or (3) of subsection (d).</text>
				</paragraph><paragraph id="H115E3EF2A8EC41358F6803FF4A46F203"><enum>(2)</enum><header>Review of deadlines</header>
 <subparagraph id="H47F350E1C9C74E688AA1B0C808540BD2"><enum>(A)</enum><header>Proposed covered consent decrees</header><text>For a proposed covered consent decree, a court shall not approve the covered consent decree unless the proposed covered consent decree allows sufficient time and incorporates adequate procedures for the agency to comply with <external-xref legal-doc="usc-chapter" parsable-cite="usc-chapter/5/5">chapter 5</external-xref> of title 5, United States Code, and other applicable statutes that govern rulemaking and, unless contrary to the public interest, the provisions of any Executive order that governs rulemaking.</text>
 </subparagraph><subparagraph id="HE93ABA7B0C6649109DF68183BA6CE57F"><enum>(B)</enum><header>Proposed covered settlement agreements</header><text>For a proposed covered settlement agreement, a court shall ensure that the covered settlement agreement allows sufficient time and incorporates adequate procedures for the agency to comply with <external-xref legal-doc="usc-chapter" parsable-cite="usc-chapter/5/5">chapter 5</external-xref> of title 5, United States Code, and other applicable statutes that govern rulemaking and, unless contrary to the public interest, the provisions of any Executive order that governs rulemaking.</text>
 </subparagraph></paragraph></subsection><subsection id="HD45451C79150492382EAD025FB5C57D6"><enum>(g)</enum><header>Annual reports</header><text>Each agency shall submit to Congress an annual report that, for the year covered by the report, includes—</text>
 <paragraph id="HE0D65C1E438044F4966D2C947365225C"><enum>(1)</enum><text>the number, identity, and content of covered civil actions brought against and covered consent decrees or settlement agreements entered against or into by the agency; and</text>
 </paragraph><paragraph id="H3CDE9F118054412285DADE049B73D405"><enum>(2)</enum><text>a description of the statutory basis for—</text> <subparagraph id="HB0C264E5591D4D539A73834EC3DB36AB"><enum>(A)</enum><text>each covered consent decree or settlement agreement entered against or into by the agency; and</text>
 </subparagraph><subparagraph id="H40D6A3C3934F4405BA28229EE1ACF449"><enum>(B)</enum><text>any award of attorneys fees or costs in a civil action resolved by a covered consent decree or settlement agreement entered against or into by the agency.</text>
 </subparagraph></paragraph></subsection></section><section id="H231B3C7147AA423DB4A39D4CD4A1E5F9"><enum>4.</enum><header>Motions to modify consent decrees</header><text display-inline="no-display-inline">If an agency moves a court to modify a covered consent decree or settlement agreement and the basis of the motion is that the terms of the covered consent decree or settlement agreement are no longer fully in the public interest due to the obligations of the agency to fulfill other duties or due to changed facts and circumstances, the court shall review the motion and the covered consent decree or settlement agreement de novo.</text>
 </section><section id="HF3F859ED63B44A0DB402727707353D53"><enum>5.</enum><header>Effective date</header><text display-inline="no-display-inline">This Act shall apply to—</text> <paragraph id="H14A27236C6924C2EB32545EB303CF1B9"><enum>(1)</enum><text>any covered civil action filed on or after the date of enactment of this Act; and</text>
 </paragraph><paragraph id="H066FE46E6E4B4D92B88BEAECFE1F7245"><enum>(2)</enum><text>any covered consent decree or settlement agreement proposed to a court on or after the date of enactment of this Act.</text>
			</paragraph></section></legis-body></bill>


