<?xml version="1.0"?>
<?xml-stylesheet type="text/xsl" href="billres.xsl"?>
<!DOCTYPE bill PUBLIC "-//US Congress//DTDs/bill.dtd//EN" "bill.dtd">
<bill bill-stage="Introduced-in-House" dms-id="H03ED5BC45D6C41009C0ED20168E6C12D" public-private="public" key="H" bill-type="olc"><form><distribution-code display="yes">I</distribution-code><congress display="yes">115th CONGRESS</congress><session display="yes">1st Session</session><legis-num display="yes">H. R. 628</legis-num><current-chamber>IN THE HOUSE OF REPRESENTATIVES</current-chamber><action display="yes"><action-date date="20170124">January 24, 2017</action-date><action-desc><sponsor name-id="D000619">Mr. Rodney Davis of Illinois</sponsor> (for himself and <cosponsor name-id="C001077">Mr. Coffman</cosponsor>) introduced the following bill; which was referred to the <committee-name committee-id="HIF00">Committee on Energy and Commerce</committee-name></action-desc></action><legis-type>A BILL</legis-type><official-title display="yes">To amend the Public Health Service Act to prohibit application of preexisting condition exclusions and to guarantee availability of health insurance coverage in the individual and group market, contingent on the enactment of legislation repealing the Patient Protection and Affordable Care Act, and for other purposes.</official-title></form><legis-body id="H200E983540384C0EA5A9606238946207" style="OLC"> 
<section id="H4590A905EA154AD19D42782DAB77030F" section-type="section-one"><enum>1.</enum><header>Short title</header><text display-inline="no-display-inline">This Act may be cited as the <quote><short-title>Guaranteed Health Coverage for Pre-Existing Conditions Act of 2017</short-title></quote>.</text></section> <section id="H6E3FF045A85A4343A37BD51C0865BB4B"><enum>2.</enum><header>Prohibition of preexisting condition exclusions</header> <subsection id="H136182F410A845C09EE5291C354EC12C"><enum>(a)</enum><header>Group market</header><text display-inline="yes-display-inline">Subpart 1 of part A of title XXVII of the Public Health Service Act (<external-xref legal-doc="usc" parsable-cite="usc/42/300gg">42 U.S.C. 300gg</external-xref> et seq.) is amended by striking section 2701 and inserting the following:</text> 
<quoted-block display-inline="no-display-inline" id="H5FF39A3B3EBF43AD86461901417BA9C8" style="OLC"> 
<section id="HEE0CC39CED284FADA4FE3F09D1AF14E4"><enum>2701.</enum><header>Prohibition of preexisting condition exclusions</header> 
<subsection id="HF52B2A2672B34D5F894C173182F4ADD4"><enum>(a)</enum><header>In General</header><text>A group health plan or a health insurance issuer offering group health insurance coverage may not impose any preexisting condition exclusion with respect to such plan or coverage.</text></subsection> <subsection id="H2D4C28CEA49D4DF7AE8BD5EF80A89DDD" commented="no"><enum>(b)</enum><header>Definitions</header><text>For purposes of this section:</text> 
<paragraph id="H3D60BB20C60F4F4EAD66F119E9AF7D53" commented="no"><enum>(1)</enum><header>Preexisting condition exclusion</header> 
<subparagraph id="H9DA81E86D99F4F33BC2F505448192E8E" commented="no"><enum>(A)</enum><header>In general</header><text>The term <term>preexisting condition exclusion</term> means, with respect to a group health plan or health insurance coverage, a limitation or exclusion of benefits relating to a condition based on the fact that the condition was present before the date of enrollment in such plan or for such coverage, whether or not any medical advice, diagnosis, care, or treatment was recommended or received before such date.</text></subparagraph> <subparagraph id="HBC8C53DECF954B21A041E0E68FCF1286" commented="no"><enum>(B)</enum><header>Treatment of genetic information</header><text>Genetic information shall not be treated as a preexisting condition in the absence of a diagnosis of the condition related to such information.</text></subparagraph></paragraph> 
<paragraph id="H6235F00FDC964772A4FE4A957A65A1D1" commented="no"><enum>(2)</enum><header>Date of enrollment</header><text>The term <term>date of enrollment</term> means, with respect to an individual covered under a group health plan or health insurance coverage, the date of enrollment of the individual in the plan or coverage or, if earlier, the first day of the waiting period for such enrollment.</text></paragraph> <paragraph id="HB413A5D94F0546F0A52C2E00E8B37ADB" commented="no"><enum>(3)</enum><header>Waiting period</header><text>The term <term>waiting period</term> means, with respect to a group health plan and an individual who is a potential participant or beneficiary in the plan, the period that must pass with respect to the individual before the individual is eligible to be covered for benefits under the terms of the plan.</text></paragraph></subsection></section><after-quoted-block>.</after-quoted-block></quoted-block></subsection> 
<subsection display-inline="no-display-inline" id="H2C21D2F53896478EB2E7D037AE9BFF6B"><enum>(b)</enum><header>Individual market</header><text display-inline="yes-display-inline">Subpart 1 of part B of title XXVII of the Public Health Service Act (<external-xref legal-doc="usc" parsable-cite="usc/42/300gg-41">42 U.S.C. 300gg–41</external-xref> et seq.) is amended by adding at the end the following:</text> <quoted-block display-inline="no-display-inline" id="H8B59B297C6A9487393085B55AD86CB5A" style="OLC"> <section id="HEDFD761E3B0D4F0384AFCD21BD23DCB2"><enum>2746.</enum><header>Prohibition of preexisting condition exclusions or other discrimination based on health status</header><text display-inline="no-display-inline">The provisions of section 2701 shall apply to health insurance coverage offered to individuals by a health insurance issuer in the individual market in the same manner as it applies to health insurance coverage offered by a health insurance issuer in the group market.</text></section><after-quoted-block>.</after-quoted-block></quoted-block></subsection></section> 
<section id="HE80ADA09C3044F0CBECD9D21D23F276F"><enum>3.</enum><header>Guaranteed availability of coverage</header> 
<subsection id="HDF2B7496B8AC42CDAF5F4159C950C334"><enum>(a)</enum><header>Group market</header><text display-inline="yes-display-inline">Subpart 3 of part A of title XXVII of the Public Health Service Act is amended by striking section 2711 (<external-xref legal-doc="usc" parsable-cite="usc/42/300gg-11">42 U.S.C. 300gg–11</external-xref>) and inserting the following:</text> <quoted-block display-inline="no-display-inline" id="HAE70F99D558A4D6284E20324095D6B1C" style="OLC"> <section id="H3FCBCD07DDBB4FFDA2E47B697712D973"><enum>2711.</enum><header>Guaranteed availability of coverage</header> <subsection id="H6116AB343194446992BFA1DCD21B962C"><enum>(a)</enum><header>Guaranteed issuance of coverage in the group market</header><text display-inline="yes-display-inline">Subject to subsection (b), each health insurance issuer that offers health insurance coverage in the group market in a State shall accept every employer and every individual in a group in the State that applies for such coverage.</text></subsection> 
<subsection id="HD4082DEC643F4AF3B3E1068663FCD89B"><enum>(b)</enum><header>Enrollment</header> 
<paragraph id="HFA8E5E8DE4BC4D7A9A71853F8DABEFD9"><enum>(1)</enum><header>Restriction</header><text>A health insurance issuer described in subsection (a) may restrict enrollment in coverage described in such subsection to open or special enrollment periods.</text></paragraph> <paragraph id="H8E7DE107E6B04222963514F4D83C8B27"><enum>(2)</enum><header>Establishment</header><text>A health insurance issuer described in subsection (a) shall establish special enrollment periods for qualifying events (as such term is defined in section 603 of the Employee Retirement Income Security Act of 1974).</text></paragraph></subsection></section><after-quoted-block>.</after-quoted-block></quoted-block></subsection> 
<subsection id="H63AFAD5F9B014C7B94CCB7F70559D3BF"><enum>(b)</enum><header>Individual market</header><text display-inline="yes-display-inline">Subpart 1 of part B of title XXVII of the Public Health Service Act is amended by striking section 2741 of such Act (<external-xref legal-doc="usc" parsable-cite="usc/42/300gg-41">42 U.S.C. 300gg–41</external-xref>) and inserting the following:</text> <quoted-block display-inline="no-display-inline" id="HFFBE978E22A849E6BDA4FB7930E48313" style="OLC"> <section id="HB194EE8EB5DE412CBF3FD686DE5FA43A"><enum>2741.</enum><header>Guaranteed availability of coverage</header><text display-inline="no-display-inline">The provisions of section 2711 shall apply to health insurance coverage offered to individuals by a health insurance issuer in the individual market in the same manner as such provisions apply to health insurance coverage offered to employers by a health insurance issuer in connection with health insurance coverage in the group market. For purposes of this section, the Secretary shall treat any reference of the word <term>employer</term> in such section as a reference to the term <term>individual</term>.</text></section><after-quoted-block>.</after-quoted-block></quoted-block></subsection></section> 
<section id="H6DB69D47083D4EF4A1B19EB04776092B"><enum>4.</enum><header>Effective date contingent on repeal of PPACA</header> 
<subsection commented="no" id="HB6819539FB9942B2B96CE9022208764D"><enum>(a)</enum><header>In general</header><text>Sections 2 and 3 and the amendments made by such section shall take effect upon the enactment of PPACA repeal legislation described in subsection (b) and such sections and amendments shall have no force or effect if such PPACA repeal legislation is not enacted.</text></subsection> <subsection id="HCB59530E38984A969A54FC7C6D03BC97"><enum>(b)</enum><header>PPACA repeal legislation described</header><text display-inline="yes-display-inline">For purposes of subsection (a), PPACA repeal legislation described in this subsection is legislation that—</text> 
<paragraph id="HF0281919B7F64612934BD090D36BB6FB"><enum>(1)</enum><text>repeals <external-xref legal-doc="public-law" parsable-cite="pl/111/148">Public Law 111–148</external-xref>, and restores or revives the provisions of law amended or repealed, respectively, by such Act as if such Act had not been enacted and without further amendment to such provisions of law; and</text></paragraph> <paragraph id="HC18E3BDC0C81452780A4C60650AA931B"><enum>(2)</enum><text>repeals title I and subtitle B of title II of the Health Care and Education Reconciliation Act of 2010 (<external-xref legal-doc="public-law" parsable-cite="pl/111/152">Public Law 111–152</external-xref>), and restores or revives the provisions of law amended or repealed, respectively, by such title or subtitle, respectively, as if such title and subtitle had not been enacted and without further amendment to such provisions of law.</text></paragraph></subsection></section> 
</legis-body></bill>

