<?xml version="1.0"?>
<?xml-stylesheet type="text/xsl" href="billres.xsl"?>
<!DOCTYPE bill PUBLIC "-//US Congress//DTDs/bill.dtd//EN" "bill.dtd">
<bill bill-stage="Introduced-in-House" bill-type="olc" dms-id="HCC0A8992523A4F0E94F0F3A10438D8E7" key="H" public-private="public"><metadata xmlns:dc="http://purl.org/dc/elements/1.1/">
<dublinCore>
<dc:title>115 HR 604 IH: State Refugee Security Act of 2017</dc:title>
<dc:publisher>U.S. House of Representatives</dc:publisher>
<dc:date>2017-01-23</dc:date>
<dc:format>text/xml</dc:format>
<dc:language>EN</dc:language>
<dc:rights>Pursuant to Title 17 Section 105 of the United States Code, this file is not subject to copyright protection and is in the public domain.</dc:rights>
</dublinCore>
</metadata>
<form>
<distribution-code display="yes">I</distribution-code><congress display="yes">115th CONGRESS</congress><session display="yes">1st Session</session><legis-num display="yes">H. R. 604</legis-num><current-chamber>IN THE HOUSE OF REPRESENTATIVES</current-chamber><action display="yes"><action-date date="20170123">January 23, 2017</action-date><action-desc><sponsor name-id="P000592">Mr. Poe of Texas</sponsor> (for himself, <cosponsor name-id="B001291">Mr. Babin</cosponsor>, <cosponsor name-id="F000460">Mr. Farenthold</cosponsor>, <cosponsor name-id="S000583">Mr. Smith of Texas</cosponsor>, <cosponsor name-id="B001289">Mr. Byrne</cosponsor>, <cosponsor name-id="A000372">Mr. Allen</cosponsor>, and <cosponsor name-id="O000168">Mr. Olson</cosponsor>) introduced the following bill; which was referred to the <committee-name committee-id="HJU00">Committee on the Judiciary</committee-name></action-desc></action><legis-type>A BILL</legis-type><official-title display="yes">To amend the Immigration and Nationality Act to permit the Governor of a State to reject the
			 resettlement of a refugee in that State unless there is adequate assurance
			 that the alien does not present a security risk, and for other purposes.</official-title></form>
	<legis-body id="H0F7FC7B60DC4431090A8628DB25A4E8E" style="OLC">
 <section id="HC29E42050A0F414BB3F3ACA89FA7AB13" section-type="section-one"><enum>1.</enum><header>Short title</header><text display-inline="no-display-inline">This Act may be cited as the <quote><short-title>State Refugee Security Act of 2017</short-title></quote>.</text> </section><section id="H87ADDC74285143C386C601219E372528"><enum>2.</enum><header>Authority of States to reject resettlement of refugees</header><text display-inline="no-display-inline">Section 207 of the Immigration and Nationality Act (<external-xref legal-doc="usc" parsable-cite="usc/8/1157">8 U.S.C. 1157</external-xref>) is amended by adding at the end the following:</text>
			<quoted-block display-inline="no-display-inline" id="H2BEDD17A6B3C4529B47922BCB69F12B9" style="OLC">
 <subsection id="H1E05E8CF10354FD692230B0CC43727AE"><enum>(g)</enum><header>Notice of refugee resettlement</header><text display-inline="yes-display-inline">The Office of Refugee Resettlement shall notify the State agency responsible for coordinating the placement or resettlement of an alien eligible to be admitted to the United States under this section not later than 21 days before the arrival of such alien in the State.</text>
 </subsection><subsection id="HC85C89392B5240DB88BD0CDCF0FB96A1"><enum>(h)</enum><header>State rejection of refugee resettlement</header><text>Notwithstanding any other provision of law, no alien eligible to be admitted to the United States under this section shall be placed or resettled in a State if the Governor of that State certifies to the Director of the Office of Refugee Resettlement that the Director has failed, in the sole determination of the Governor, to provide adequate assurance that the alien does not present a security risk to the State.</text></subsection><after-quoted-block>.</after-quoted-block></quoted-block>
		</section></legis-body></bill>


