<?xml version="1.0"?>
<?xml-stylesheet type="text/xsl" href="billres.xsl"?>
<!DOCTYPE bill PUBLIC "-//US Congress//DTDs/bill.dtd//EN" "bill.dtd">
<bill bill-stage="Introduced-in-House" bill-type="olc" dms-id="HB0F584385D1541BFAF325B9419B653A2" key="H" public-private="public"><metadata xmlns:dc="http://purl.org/dc/elements/1.1/">
<dublinCore>
<dc:title>115 HR 606 IH: To designate the facility of the United States Postal Service located at 1025 Nevin Avenue in Richmond, California, as the “Harold D. McCraw, Sr., Post Office Building”.</dc:title>
<dc:publisher>U.S. House of Representatives</dc:publisher>
<dc:date>2017-01-23</dc:date>
<dc:format>text/xml</dc:format>
<dc:language>EN</dc:language>
<dc:rights>Pursuant to Title 17 Section 105 of the United States Code, this file is not subject to copyright protection and is in the public domain.</dc:rights>
</dublinCore>
</metadata>
<form>
<distribution-code display="yes">I</distribution-code><congress display="yes">115th CONGRESS</congress><session display="yes">1st Session</session><legis-num display="yes">H. R. 606</legis-num><current-chamber>IN THE HOUSE OF REPRESENTATIVES</current-chamber><action display="yes"><action-date date="20170123">January 23, 2017</action-date><action-desc><sponsor name-id="D000623">Mr. DeSaulnier</sponsor> (for himself, <cosponsor name-id="A000371">Mr. Aguilar</cosponsor>, <cosponsor name-id="B001270">Ms. Bass</cosponsor>, <cosponsor name-id="B000287">Mr. Becerra</cosponsor>, <cosponsor name-id="B001287">Mr. Bera</cosponsor>, <cosponsor name-id="B001285">Ms. Brownley of California</cosponsor>, <cosponsor name-id="C001097">Mr. Cárdenas</cosponsor>, <cosponsor name-id="C001080">Ms. Judy Chu of California</cosponsor>, <cosponsor name-id="C001094">Mr. Cook</cosponsor>, <cosponsor name-id="C001059">Mr. Costa</cosponsor>, <cosponsor name-id="D000598">Mrs. Davis of California</cosponsor>, <cosponsor name-id="D000612">Mr. Denham</cosponsor>, <cosponsor name-id="E000215">Ms. Eshoo</cosponsor>, <cosponsor name-id="G000559">Mr. Garamendi</cosponsor>, <cosponsor name-id="H001068">Mr. Huffman</cosponsor>, <cosponsor name-id="K000387">Mr. Knight</cosponsor>, <cosponsor name-id="L000578">Mr. LaMalfa</cosponsor>, <cosponsor name-id="L000551">Ms. Lee</cosponsor>, <cosponsor name-id="L000582">Mr. Ted Lieu of California</cosponsor>, <cosponsor name-id="L000397">Ms. Lofgren</cosponsor>, <cosponsor name-id="L000579">Mr. Lowenthal</cosponsor>, <cosponsor name-id="M001163">Ms. Matsui</cosponsor>, <cosponsor name-id="M001166">Mr. McNerney</cosponsor>, <cosponsor name-id="N000179">Mrs. Napolitano</cosponsor>, <cosponsor name-id="P000608">Mr. Peters</cosponsor>, <cosponsor name-id="R000409">Mr. Rohrabacher</cosponsor>, <cosponsor name-id="R000486">Ms. Roybal-Allard</cosponsor>, <cosponsor name-id="R000599">Mr. Ruiz</cosponsor>, <cosponsor name-id="S001150">Mr. Schiff</cosponsor>, <cosponsor name-id="S001175">Ms. Speier</cosponsor>, <cosponsor name-id="S001193">Mr. Swalwell of California</cosponsor>, <cosponsor name-id="T000472">Mr. Takano</cosponsor>, <cosponsor name-id="T000460">Mr. Thompson of California</cosponsor>, <cosponsor name-id="T000474">Mrs. Torres</cosponsor>, <cosponsor name-id="V000130">Mr. Vargas</cosponsor>, and <cosponsor name-id="W000820">Mrs. Mimi Walters of California</cosponsor>) introduced the following bill; which was referred to the <committee-name committee-id="HGO00">Committee on Oversight and Government Reform</committee-name></action-desc></action><legis-type>A BILL</legis-type><official-title display="yes">To designate the facility of the United States Postal Service located at 1025 Nevin Avenue in
			 Richmond, California, as the <quote>Harold D. McCraw, Sr., Post Office Building</quote>.</official-title></form>
	<legis-body id="HC14C251114FD40659DB1AD481BB6BD2B" style="OLC">
		<section display-inline="no-display-inline" id="H619B2CA2CB5C483F815F8F51351FCCBB" section-type="section-one"><enum>1.</enum><header>Harold D. McCraw, Sr., Post Office Building</header>
 <subsection id="H6EEBE79525554D799E634477A7204349"><enum>(a)</enum><header>Designation</header><text display-inline="yes-display-inline">The facility of the United States Postal Service located at 1025 Nevin Avenue in Richmond, California, shall be known and designated as the <quote>Harold D. McCraw, Sr., Post Office Building</quote>.</text>
 </subsection><subsection id="H2541C90E833C4BFE98DBD300FC920130"><enum>(b)</enum><header>References</header><text display-inline="yes-display-inline">Any reference in a law, map, regulation, document, paper, or other record of the United States to the facility referred to in subsection (a) shall be deemed to be a reference to the <quote>Harold D. McCraw, Sr., Post Office Building</quote>.</text>
			</subsection></section></legis-body></bill>


