<?xml version="1.0"?>
<?xml-stylesheet type="text/xsl" href="billres.xsl"?>
<!DOCTYPE bill PUBLIC "-//US Congress//DTDs/bill.dtd//EN" "bill.dtd">
<bill bill-stage="Referred-in-Senate" bill-type="olc" dms-id="H0A6B8B3A17BB43409D50A5E89D61FD37" key="H" public-private="public" stage-count="1">
	<metadata xmlns:dc="http://purl.org/dc/elements/1.1/">
<dublinCore>
<dc:title>115 HR 584 : Cyber Preparedness Act of 2017</dc:title>
<dc:publisher>U.S. House of Representatives</dc:publisher>
<dc:date>2017-02-01</dc:date>
<dc:format>text/xml</dc:format>
<dc:language>EN</dc:language>
<dc:rights>Pursuant to Title 17 Section 105 of the United States Code, this file is not subject to copyright protection and is in the public domain.</dc:rights>
</dublinCore>
</metadata>
<form>
		<distribution-code display="yes">IIB</distribution-code>
		<congress display="yes">115th CONGRESS</congress><session display="yes">1st Session</session>
		<legis-num display="yes">H. R. 584</legis-num>
		<current-chamber display="yes">IN THE SENATE OF THE UNITED STATES</current-chamber>
		<action><action-date date="20170201">February 1, 2017</action-date><action-desc> Received; read twice and referred to the <committee-name committee-id="SSGA00">Committee on Homeland Security and Governmental Affairs</committee-name></action-desc></action><legis-type>AN ACT</legis-type>
		<official-title display="yes">To amend the Homeland Security Act of 2002 to enhance preparedness and response capabilities for
			 cyber attacks, bolster the dissemination of homeland security information
			 related to cyber threats, and for other purposes.</official-title>
	</form>
	<legis-body id="HD79F5A3B987448B09FB6B354A1784125" style="OLC">
 <section id="HFD9C7D7C803A47AD932BB900BF7ACC11" section-type="section-one"><enum>1.</enum><header>Short title</header><text display-inline="no-display-inline">This Act may be cited as the <quote><short-title>Cyber Preparedness Act of 2017</short-title></quote>.</text> </section><section id="H461A348B8784499989034E180DF6E43D"><enum>2.</enum><header>Information sharing</header><text display-inline="no-display-inline">Title II of the Homeland Security Act of 2002 is amended—</text>
 <paragraph id="HA37195F9BDCA40CB89BD5F0AB2178063"><enum>(1)</enum><text>in section 210A (<external-xref legal-doc="usc" parsable-cite="usc/6/124h">6 U.S.C. 124h</external-xref>)—</text> <subparagraph id="H4AE53C14BDF64231A59E8C7D02500CC6"><enum>(A)</enum><text>in subsection (b)—</text>
 <clause id="HA30B56F9431349718AD1CB28A809E862"><enum>(i)</enum><text display-inline="yes-display-inline">in paragraph (10), by inserting before the semicolon at the end the following: <quote>, including, in coordination with the national cybersecurity and communications integration center under section 227, access to timely technical assistance, risk management support, and incident response capabilities with respect to cyber threat indicators, defensive measures, cybersecurity risks, and incidents (as such terms are defined in such section), which may include attribution, mitigation, and remediation, and the provision of information and recommendations on security and resilience, including implications of cybersecurity risks to equipment and technology related to the electoral process</quote>;</text>
 </clause><clause id="H2CE62AC05CC048719B224B612354A5FA"><enum>(ii)</enum><text>in paragraph (11), by striking <quote>and</quote> after the semicolon;</text> </clause><clause id="H5A122F5A695A478BBB3BF4BBC5DAA9D8"><enum>(iii)</enum><text>by redesignating paragraph (12) as paragraph (14); and</text>
 </clause><clause id="H36BC5820BA734C40AD91ACABA2450D51"><enum>(iv)</enum><text>by inserting after paragraph (11) the following new paragraphs:</text> <quoted-block display-inline="no-display-inline" id="H8C05241D914A455ABB2D2C29A008B46D" style="OLC"> <paragraph id="H04BD4E97336C4545B792CF1D1C1D151B"><enum>(12)</enum><text display-inline="yes-display-inline">review information relating to cybersecurity risks that is gathered by State, local, and regional fusion centers, and incorporate such information, as appropriate, into the Department’s own information relating to cybersecurity risks;</text>
 </paragraph><paragraph id="HDF6B0BD97E1B4C84819A448E5F6FE98B"><enum>(13)</enum><text display-inline="yes-display-inline">ensure the dissemination to State, local, and regional fusion centers of information relating to cybersecurity risks; and</text></paragraph><after-quoted-block>;</after-quoted-block></quoted-block>
 </clause></subparagraph><subparagraph id="HFD2D637411E34516A83C8DE12CC0F048"><enum>(B)</enum><text display-inline="yes-display-inline">in subsection (c)(2)—</text> <clause id="H3541305F07274A588BE63DF1B8EE6106"><enum>(i)</enum><text>by redesignating subparagraphs (C) through (G) as subparagraphs (D) through (H), respectively; and</text>
 </clause><clause id="H4E698EE291A7474CA9028E485E341E50"><enum>(ii)</enum><text>by inserting after subparagraph (B) the following new subparagraph:</text> <quoted-block display-inline="no-display-inline" id="HE854FE1CC6C7411C998D6CB19538536A" style="OLC"> <subparagraph id="H7F8DD2AB81914C5B9F7C8991504CA5C4"><enum>(C)</enum><text display-inline="yes-display-inline">The national cybersecurity and communications integration center under section 227.</text></subparagraph><after-quoted-block>;</after-quoted-block></quoted-block>
 </clause></subparagraph><subparagraph commented="no" id="H29352D70A487407889E95779E79B6AED"><enum>(C)</enum><text display-inline="yes-display-inline">in subsection (d)—</text> <clause id="HBC4F966A58F044938DE8DC57CE998E91"><enum>(i)</enum><text>in paragraph (3), by striking <quote>and</quote> after the semicolon;</text>
 </clause><clause id="H601F2D4E534040E1A45668CF35D76E84"><enum>(ii)</enum><text>by redesignating paragraph (4) as paragraph (5); and</text> </clause><clause id="H6D03260D69D44F599E27E40D2379451A"><enum>(iii)</enum><text>by inserting after paragraph (3) the following new paragraph:</text>
						<quoted-block display-inline="no-display-inline" id="HB4EBBFA18E0B4BE7A0B316B4456F76EF" style="OLC">
 <paragraph id="HC44845407EE841AAAD1B487118B2FFA5"><enum>(4)</enum><text display-inline="yes-display-inline">assist, in coordination with the national cybersecurity and communications integration center under section 227, fusion centers in using information relating to cybersecurity risks to develop a comprehensive and accurate threat picture; and</text></paragraph><after-quoted-block>; and</after-quoted-block></quoted-block>
 </clause></subparagraph><subparagraph id="H35C595827EB44A6AB7B016C89F18B1CA"><enum>(D)</enum><text>in subsection (j)—</text> <clause id="H983283745C58429A8F61CD6CEDB844FE"><enum>(i)</enum><text>by redesignating paragraphs (1) through (5) as paragraphs (2) through (6), respectively; and</text>
 </clause><clause id="H3ABF6D72836D41C2B12756190847B8D9"><enum>(ii)</enum><text>by inserting before paragraph (2), as so redesignated, the following new paragraph:</text> <quoted-block display-inline="no-display-inline" id="H0258E04D91D84D8ABE7AFA17B169B591" style="OLC"> <paragraph id="H78D89B2D884E4648A2E324D5528FDC6E"><enum>(1)</enum><text display-inline="yes-display-inline">the term <quote>cybersecurity risk</quote> has the meaning given that term in section 227;</text></paragraph><after-quoted-block>; and</after-quoted-block></quoted-block>
 </clause></subparagraph></paragraph><paragraph id="H78DFA5C0546D4E67AEAEF31270106218"><enum>(2)</enum><text>in section 227 (<external-xref legal-doc="usc" parsable-cite="usc/6/148">6 U.S.C. 148</external-xref>)—</text> <subparagraph id="H8ECDD9CE64FD4FFDBA68B226DB5F5FDE"><enum>(A)</enum><text>in subsection (c)—</text>
 <clause id="H0812BCDF53004D5FA3A12CB101F9CE1D"><enum>(i)</enum><text display-inline="yes-display-inline">in paragraph (5)(B), by inserting <quote>, including State and major urban area fusion centers, as appropriate</quote> before the semicolon at the end;</text> </clause><clause commented="no" id="HE77C3022C19B41298C64E987D685AFAB"><enum>(ii)</enum><text display-inline="yes-display-inline">in paragraph (7), in the matter preceding subparagraph (A), by striking <quote>information and recommendations</quote> each place it appears and inserting <quote>information, recommendations, and best practices</quote>; and</text>
 </clause><clause id="H285154C9D9E2448A96E7ADB5EEFF4671"><enum>(iii)</enum><text>in paragraph (9), by inserting <quote>best practices,</quote> after <quote>defensive measures,</quote>; and</text> </clause></subparagraph><subparagraph commented="no" id="H7EF40A84A04749CEB07F303E737EE399"><enum>(B)</enum><text display-inline="yes-display-inline">in subsection (d)(1)(B)(ii), by inserting <quote>and State and major urban area fusion centers, as appropriate</quote> before the semicolon at the end.</text>
 </subparagraph></paragraph></section><section id="H35953079D51A43039531E33E45DC3C34"><enum>3.</enum><header>Homeland security grants</header><text display-inline="no-display-inline">Subsection (a) of section 2008 of the Homeland Security Act of 2002 (<external-xref legal-doc="usc" parsable-cite="usc/6/609">6 U.S.C. 609</external-xref>) is amended—</text> <paragraph id="HCC75653ACFA44AB7BF649574E4A7F117"><enum>(1)</enum><text>by redesignating paragraphs (4) through (14) as paragraphs (5) through (15), respectively; and</text>
 </paragraph><paragraph id="HC2C99A6966374A10BC807004BDF96A2E"><enum>(2)</enum><text>by inserting after paragraph (3) the following new paragraph:</text> <quoted-block display-inline="no-display-inline" id="H6727E3F69D4A405F9DD25CE4F9A71088" style="OLC"> <paragraph id="H6C6A1A9995EC433DA90DD90D71478972"><enum>(4)</enum><text display-inline="yes-display-inline">enhancing cybersecurity, including preparing for and responding to cybersecurity risks and incidents (as such terms are defined in section 227) and developing statewide cyber threat information analysis and dissemination activities;</text></paragraph><after-quoted-block>.</after-quoted-block></quoted-block>
 </paragraph></section><section id="H2C57E64026C741D8B237C068CC52E1F7"><enum>4.</enum><header>Sense of Congress</header><text display-inline="no-display-inline">It is the sense of Congress that to facilitate the timely dissemination to appropriate State, local, and private sector stakeholders of homeland security information related to cyber threats, the Secretary of Homeland Security should, to the greatest extent practicable, work to share actionable information related to cyber threats in an unclassified form.</text>
		</section></legis-body><attestation><attestation-group><attestation-date chamber="House" date="20170131">Passed the House of Representatives January 31, 2017.</attestation-date><attestor display="yes">Karen L. Haas,</attestor><role>Clerk</role></attestation-group></attestation>
</bill>


