<?xml version="1.0" encoding="UTF-8"?>
<billStatus>
  <bill>
    <titles>
      <item>
        <titleType>Short Titles as Introduced</titleType>
        <chamberCode />
        <chamberName />
        <parentTitleType />
        <title>Family Care Savings Act</title>
      </item>
      <item>
        <titleType>Official Title as Introduced</titleType>
        <chamberCode />
        <chamberName />
        <parentTitleType />
        <title>To amend the Internal Revenue Code of 1986 to increase the amount excluded from gross income for employer-provided dependent care assistance.</title>
      </item>
      <item>
        <titleType>Display Title</titleType>
        <chamberCode />
        <chamberName />
        <parentTitleType />
        <title>Family Care Savings Act</title>
      </item>
      <item>
        <titleType>(Extracted from GPO) Short Titles as Introduced</titleType>
        <chamberCode />
        <chamberName />
        <parentTitleType />
        <title>Family Care Savings Act</title>
      </item>
    </titles>
    <policyArea>
      <name>Taxation</name>
    </policyArea>
    <amendments />
    <billNumber>782</billNumber>
    <version>1.0.0</version>
    <congress>115</congress>
    <calendarNumbers />
    <createDate>2017-02-02T05:28:45Z</createDate>
    <updateDate>2018-03-30T14:01:17Z</updateDate>
    <latestAction>
      <actionDate>2017-02-01</actionDate>
      <links />
      <text>Referred to the House Committee on Ways and Means.</text>
    </latestAction>
    <laws />
    <sponsors>
      <item>
        <fullName>Rep. McHenry, Patrick T. [R-NC-10]</fullName>
        <bioguideId>M001156</bioguideId>
        <lastName>McHenry</lastName>
        <byRequestType />
        <firstName>Patrick</firstName>
        <district>10</district>
        <state>NC</state>
        <middleName />
        <party>R</party>
        <identifiers>
          <lisID>1792</lisID>
          <gpoId>8033</gpoId>
          <bioguideId>M001156</bioguideId>
        </identifiers>
      </item>
    </sponsors>
    <originChamber>House</originChamber>
    <constitutionalAuthorityStatementText><![CDATA[<pre>From the Congressional Record Online through the Government Publishing Office [<a href='http://www.gpo.gov'>www.gpo.gov</a>]By Mr. McHENRY:H.R. 782.Congress has the power to enact this legislation pursuantto the following:Article 1, Section 8, Clause 1[Page H878]</pre>]]></constitutionalAuthorityStatementText>
    <cosponsors>
      <item>
        <state>NY</state>
        <middleName />
        <fullName>Rep. Meng, Grace [D-NY-6]</fullName>
        <sponsorshipDate>2017-02-01</sponsorshipDate>
        <firstName>Grace</firstName>
        <sponsorshipWithdrawnDate />
        <bioguideId>M001188</bioguideId>
        <lastName>Meng</lastName>
        <district>6</district>
        <party>D</party>
        <isOriginalCosponsor>True</isOriginalCosponsor>
        <identifiers>
          <lisID>2148</lisID>
          <gpoId />
          <bioguideId>M001188</bioguideId>
        </identifiers>
      </item>
      <item>
        <state>MO</state>
        <middleName />
        <fullName>Rep. Wagner, Ann [R-MO-2]</fullName>
        <sponsorshipDate>2017-02-06</sponsorshipDate>
        <firstName>Ann</firstName>
        <sponsorshipWithdrawnDate />
        <bioguideId>W000812</bioguideId>
        <lastName>Wagner</lastName>
        <district>2</district>
        <party>R</party>
        <isOriginalCosponsor>False</isOriginalCosponsor>
        <identifiers>
          <lisID>2137</lisID>
          <gpoId />
          <bioguideId>W000812</bioguideId>
        </identifiers>
      </item>
      <item>
        <state>NC</state>
        <middleName />
        <fullName>Rep. Rouzer, David [R-NC-7]</fullName>
        <sponsorshipDate>2017-02-06</sponsorshipDate>
        <firstName>David</firstName>
        <sponsorshipWithdrawnDate />
        <bioguideId>R000603</bioguideId>
        <lastName>Rouzer</lastName>
        <district>7</district>
        <party>R</party>
        <isOriginalCosponsor>False</isOriginalCosponsor>
        <identifiers>
          <bioguideId>R000603</bioguideId>
          <lisID>2256</lisID>
          <gpoId />
        </identifiers>
      </item>
      <item>
        <state>NC</state>
        <middleName />
        <fullName>Rep. Pittenger, Robert [R-NC-9]</fullName>
        <sponsorshipDate>2017-02-06</sponsorshipDate>
        <firstName>Robert</firstName>
        <sponsorshipWithdrawnDate />
        <bioguideId>P000606</bioguideId>
        <lastName>Pittenger</lastName>
        <district>9</district>
        <party>R</party>
        <isOriginalCosponsor>False</isOriginalCosponsor>
        <identifiers>
          <lisID>2141</lisID>
          <gpoId />
          <bioguideId>P000606</bioguideId>
        </identifiers>
      </item>
      <item>
        <state>VA</state>
        <middleName />
        <fullName>Rep. Comstock, Barbara [R-VA-10]</fullName>
        <sponsorshipDate>2017-02-06</sponsorshipDate>
        <firstName>Barbara</firstName>
        <sponsorshipWithdrawnDate />
        <bioguideId>C001105</bioguideId>
        <lastName>Comstock</lastName>
        <district>10</district>
        <party>R</party>
        <isOriginalCosponsor>False</isOriginalCosponsor>
        <identifiers>
          <lisID>2273</lisID>
          <gpoId />
          <bioguideId>C001105</bioguideId>
        </identifiers>
      </item>
      <item>
        <state>CO</state>
        <middleName />
        <fullName>Rep. Coffman, Mike [R-CO-6]</fullName>
        <sponsorshipDate>2017-02-13</sponsorshipDate>
        <firstName>Mike</firstName>
        <sponsorshipWithdrawnDate />
        <bioguideId>C001077</bioguideId>
        <lastName>Coffman</lastName>
        <district>6</district>
        <party>R</party>
        <isOriginalCosponsor>False</isOriginalCosponsor>
        <identifiers>
          <bioguideId>C001077</bioguideId>
          <gpoId>7864</gpoId>
          <lisID>1912</lisID>
        </identifiers>
      </item>
      <item>
        <state>MI</state>
        <middleName>R.</middleName>
        <fullName>Rep. Moolenaar, John R. [R-MI-4]</fullName>
        <sponsorshipDate>2017-02-27</sponsorshipDate>
        <firstName>John</firstName>
        <sponsorshipWithdrawnDate />
        <bioguideId>M001194</bioguideId>
        <lastName>Moolenaar</lastName>
        <district>4</district>
        <party>R</party>
        <isOriginalCosponsor>False</isOriginalCosponsor>
        <identifiers>
          <gpoId />
          <lisID>2248</lisID>
          <bioguideId>M001194</bioguideId>
        </identifiers>
      </item>
      <item>
        <state>NE</state>
        <middleName />
        <fullName>Rep. Bacon, Don [R-NE-2]</fullName>
        <sponsorshipDate>2017-04-26</sponsorshipDate>
        <firstName>Don</firstName>
        <sponsorshipWithdrawnDate />
        <bioguideId>B001298</bioguideId>
        <lastName>Bacon</lastName>
        <district>2</district>
        <party>R</party>
        <isOriginalCosponsor>False</isOriginalCosponsor>
        <identifiers>
          <bioguideId>B001298</bioguideId>
          <gpoId />
          <lisID>2337</lisID>
        </identifiers>
      </item>
      <item>
        <state>ME</state>
        <middleName />
        <fullName>Rep. Poliquin, Bruce [R-ME-2]</fullName>
        <sponsorshipDate>2017-10-24</sponsorshipDate>
        <firstName>Bruce</firstName>
        <sponsorshipWithdrawnDate />
        <bioguideId>P000611</bioguideId>
        <lastName>Poliquin</lastName>
        <district>2</district>
        <party>R</party>
        <isOriginalCosponsor>False</isOriginalCosponsor>
        <identifiers>
          <gpoId />
          <bioguideId>P000611</bioguideId>
          <lisID>2247</lisID>
        </identifiers>
      </item>
    </cosponsors>
    <billType>HR</billType>
    <notes />
    <summaries>
      <billSummaries>
        <item>
          <versionCode>00</versionCode>
          <actionDate>2017-02-01</actionDate>
          <name>Introduced in House</name>
          <text><![CDATA[<p><strong>Family Care Savings Act </strong></p> <p>This bill amends the Internal Revenue Code to increase the amount of the tax exclusion for employer-provided dependent care assistance to $10,000 in a taxable year and to provide for an inflation adjustment to such increased amount after 2017. </p>]]></text>
          <actionDesc>Introduced in House</actionDesc>
          <updateDate>2017-02-01T05:00:00Z</updateDate>
          <lastSummaryUpdateDate>2017-02-08T22:40:08Z</lastSummaryUpdateDate>
        </item>
      </billSummaries>
    </summaries>
    <relatedBills>
      <item>
        <latestAction>
          <actionDate>2017-01-09</actionDate>
          <text>Referred to the House Committee on Ways and Means.</text>
        </latestAction>
        <congress>115</congress>
        <number>386</number>
        <type>HR</type>
        <latestTitle>Working Parents Tax Relief Act</latestTitle>
        <relationshipDetails>
          <item>
            <identifiedBy>CRS</identifiedBy>
            <type>Related bill</type>
          </item>
        </relationshipDetails>
      </item>
      <item>
        <latestAction>
          <actionDate>2017-01-24</actionDate>
          <text>Read twice and referred to the Committee on Finance.</text>
        </latestAction>
        <congress>115</congress>
        <number>208</number>
        <type>S</type>
        <latestTitle>PACE Act</latestTitle>
        <relationshipDetails>
          <item>
            <identifiedBy>CRS</identifiedBy>
            <type>Related bill</type>
          </item>
        </relationshipDetails>
      </item>
    </relatedBills>
    <committees>
      <billCommittees>
        <item>
          <name>Ways and Means Committee</name>
          <activities>
            <item>
              <date>2017-02-01T15:00:08Z</date>
              <name>Referred to</name>
            </item>
          </activities>
          <chamber>House</chamber>
          <type>Standing</type>
          <systemCode>hswm00</systemCode>
          <subcommittees />
        </item>
      </billCommittees>
    </committees>
    <cboCostEstimates />
    <subjects>
      <billSubjects>
        <policyArea>
          <name>Taxation</name>
        </policyArea>
        <legislativeSubjects>
          <item>
            <name>Adult day care</name>
          </item>
          <item>
            <name>Child care and development</name>
          </item>
          <item>
            <name>Employee benefits and pensions</name>
          </item>
          <item>
            <name>Income tax exclusion</name>
          </item>
          <item>
            <name>Inflation and prices</name>
          </item>
          <item>
            <name>Tax treatment of families</name>
          </item>
        </legislativeSubjects>
      </billSubjects>
    </subjects>
    <committeeReports />
    <title>Family Care Savings Act</title>
    <recordedVotes />
    <actions>
      <actionTypeCounts>
        <introducedInHouse>1</introducedInHouse>
        <billReferrals>1</billReferrals>
        <introducedInTheHouse>1</introducedInTheHouse>
      </actionTypeCounts>
      <item>
        <actionDate>2017-02-01</actionDate>
        <type>IntroReferral</type>
        <links />
        <committee>
          <systemCode>hswm00</systemCode>
          <name>Ways and Means Committee</name>
        </committee>
        <actionCode>H11100</actionCode>
        <text>Referred to the House Committee on Ways and Means.</text>
        <sourceSystem>
          <code>2</code>
          <name>House floor actions</name>
        </sourceSystem>
      </item>
      <item>
        <actionDate>2017-02-01</actionDate>
        <type>IntroReferral</type>
        <links />
        <committee />
        <actionCode>Intro-H</actionCode>
        <text>Introduced in House</text>
        <sourceSystem>
          <code>9</code>
          <name>Library of Congress</name>
        </sourceSystem>
      </item>
      <item>
        <actionDate>2017-02-01</actionDate>
        <type>IntroReferral</type>
        <links />
        <committee />
        <actionCode>1000</actionCode>
        <text>Introduced in House</text>
        <sourceSystem>
          <code>9</code>
          <name>Library of Congress</name>
        </sourceSystem>
      </item>
      <actionByCounts>
        <houseOfRepresentatives>3</houseOfRepresentatives>
      </actionByCounts>
    </actions>
    <introducedDate>2017-02-01</introducedDate>
  </bill>
  <dublinCore xmlns:dc="http://purl.org/dc/elements/1.1/">
    <dc:format>text/xml</dc:format>
    <dc:language>EN</dc:language>
    <dc:rights>Pursuant to Title 17 Section 105 of the United States Code, this file is not subject to copyright protection and is in the public domain.</dc:rights>
    <dc:contributor>Congressional Research Service, Library of Congress</dc:contributor>
    <dc:description>This file contains bill summaries and statuses for federal legislation. A bill summary describes the most significant provisions of a piece of legislation and details the effects the legislative text may have on current law and federal programs. Bill summaries are authored by the Congressional Research Service (CRS) of the Library of Congress. As stated in Public Law 91-510 (2 USC 166 (d)(6)), one of the duties of CRS is "to prepare summaries and digests of bills and resolutions of a public general nature introduced in the Senate or House of Representatives". For more information, refer to the User Guide that accompanies this file.</dc:description>
  </dublinCore>
</billStatus>

