<?xml version="1.0" encoding="UTF-8"?>
<billStatus>
  <bill>
    <relatedBills>
      <item>
        <latestTitle>DAIRY PRIDE Act</latestTitle>
        <latestAction>
          <actionDate>2017-01-12</actionDate>
          <text>Read twice and referred to the Committee on Health, Education, Labor, and Pensions.</text>
        </latestAction>
        <number>130</number>
        <type>S</type>
        <congress>115</congress>
        <relationshipDetails>
          <item>
            <identifiedBy>CRS</identifiedBy>
            <type>Identical bill</type>
          </item>
        </relationshipDetails>
      </item>
    </relatedBills>
    <committeeReports />
    <recordedVotes />
    <subjects>
      <billSubjects>
        <policyArea>
          <name>Health</name>
        </policyArea>
        <legislativeSubjects>
          <item>
            <name>Administrative law and regulatory procedures</name>
          </item>
          <item>
            <name>Department of Health and Human Services</name>
          </item>
          <item>
            <name>Food and Drug Administration (FDA)</name>
          </item>
          <item>
            <name>Food supply, safety, and labeling</name>
          </item>
          <item>
            <name>Marketing and advertising</name>
          </item>
          <item>
            <name>Nutrition and diet</name>
          </item>
        </legislativeSubjects>
      </billSubjects>
    </subjects>
    <introducedDate>2017-01-31</introducedDate>
    <summaries>
      <billSummaries>
        <item>
          <versionCode>00</versionCode>
          <actionDate>2017-01-31</actionDate>
          <name>Introduced in House</name>
          <text><![CDATA[<p><b>Defending Against Imitations and Replacements of Yogurt, Milk, and Cheese To Promote Regular Intake of Dairy Everyday Act or the DAIRY PRIDE Act</b></p> This bill amends the Federal Food, Drug, and Cosmetic Act to prohibit the sale of any food that uses the market name of a dairy product, is not the milk of a hooved animal, is not derived from such milk, and does not contain such milk as a primary ingredient.]]></text>
          <actionDesc>Introduced in House</actionDesc>
          <updateDate>2017-01-31T05:00:00Z</updateDate>
          <lastSummaryUpdateDate>2017-04-06T20:21:10Z</lastSummaryUpdateDate>
        </item>
      </billSummaries>
    </summaries>
    <sponsors>
      <item>
        <state>VT</state>
        <lastName>Welch</lastName>
        <byRequestType />
        <middleName />
        <fullName>Rep. Welch, Peter [D-VT-At Large]</fullName>
        <district>0</district>
        <party>D</party>
        <firstName>Peter</firstName>
        <identifiers>
          <bioguideId>W000800</bioguideId>
          <lisID>1879</lisID>
          <gpoId>8204</gpoId>
        </identifiers>
        <bioguideId>W000800</bioguideId>
      </item>
    </sponsors>
    <constitutionalAuthorityStatementText><![CDATA[<pre>From the Congressional Record Online through the Government Publishing Office [<a href='http://www.gpo.gov'>www.gpo.gov</a>]By Mr. WELCH:H.R. 778.Congress has the power to enact this legislation pursuantto the following:Article 1, Section 8, Clause 18: The Congress shall havePower To . . . make all Laws which shall be necessary andproper for carrying into Execution the foregoing Powers, andall other Powers vested by this Constitution in theGovernment of the United States, or in any Department orOfficer thereof.[Page H820]</pre>]]></constitutionalAuthorityStatementText>
    <calendarNumbers />
    <updateDate>2018-03-30T14:01:16Z</updateDate>
    <version>1.0.0</version>
    <notes />
    <committees>
      <billCommittees>
        <item>
          <name>Energy and Commerce Committee</name>
          <activities>
            <item>
              <date>2017-01-31T15:02:25Z</date>
              <name>Referred to</name>
            </item>
          </activities>
          <chamber>House</chamber>
          <type>Standing</type>
          <systemCode>hsif00</systemCode>
          <subcommittees>
            <item>
              <activities>
                <item>
                  <date>2017-02-03T15:59:57Z</date>
                  <name>Referred to</name>
                </item>
              </activities>
              <name>Health Subcommittee</name>
              <systemCode>hsif14</systemCode>
            </item>
          </subcommittees>
        </item>
      </billCommittees>
    </committees>
    <originChamber>House</originChamber>
    <cboCostEstimates />
    <titles>
      <item>
        <title>DAIRY PRIDE Act</title>
        <parentTitleType />
        <chamberCode />
        <titleType>Short Titles as Introduced</titleType>
        <chamberName />
      </item>
      <item>
        <title>Defending Against Imitations and Replacements of Yogurt, Milk, and Cheese To Promote Regular Intake of Dairy Everyday Act</title>
        <parentTitleType />
        <chamberCode />
        <titleType>Short Titles as Introduced</titleType>
        <chamberName />
      </item>
      <item>
        <title>To require enforcement against misbranded milk alternatives.</title>
        <parentTitleType />
        <chamberCode />
        <titleType>Official Title as Introduced</titleType>
        <chamberName />
      </item>
      <item>
        <title>DAIRY PRIDE Act</title>
        <parentTitleType />
        <chamberCode />
        <titleType>Display Title</titleType>
        <chamberName />
      </item>
      <item>
        <title>DAIRY PRIDE Act</title>
        <parentTitleType />
        <chamberCode />
        <titleType>(Extracted from GPO) Short Titles as Introduced</titleType>
        <chamberName />
      </item>
      <item>
        <title>Defending Against Imitations and Replacements of Yogurt, Milk, and Cheese To Promote Regular Intake of Dairy Everyday Act</title>
        <parentTitleType />
        <chamberCode />
        <titleType>(Extracted from GPO) Short Titles as Introduced</titleType>
        <chamberName />
      </item>
    </titles>
    <policyArea>
      <name>Health</name>
    </policyArea>
    <latestAction>
      <actionDate>2017-02-03</actionDate>
      <links />
      <text>Referred to the Subcommittee on Health.</text>
    </latestAction>
    <billType>HR</billType>
    <createDate>2017-02-01T04:48:47Z</createDate>
    <amendments />
    <cosponsors>
      <item>
        <fullName>Rep. Simpson, Michael K. [R-ID-2]</fullName>
        <middleName>K.</middleName>
        <identifiers>
          <lisID>1590</lisID>
          <gpoId>7920</gpoId>
          <bioguideId>S001148</bioguideId>
        </identifiers>
        <firstName>MICHAEL</firstName>
        <party>R</party>
        <bioguideId>S001148</bioguideId>
        <sponsorshipDate>2017-01-31</sponsorshipDate>
        <sponsorshipWithdrawnDate />
        <state>ID</state>
        <lastName>SIMPSON</lastName>
        <isOriginalCosponsor>True</isOriginalCosponsor>
        <district>2</district>
      </item>
      <item>
        <fullName>Rep. Duffy, Sean P. [R-WI-7]</fullName>
        <middleName>P.</middleName>
        <identifiers>
          <lisID>2072</lisID>
          <gpoId>8220</gpoId>
          <bioguideId>D000614</bioguideId>
        </identifiers>
        <firstName>Sean</firstName>
        <party>R</party>
        <bioguideId>D000614</bioguideId>
        <sponsorshipDate>2017-01-31</sponsorshipDate>
        <sponsorshipWithdrawnDate />
        <state>WI</state>
        <lastName>Duffy</lastName>
        <isOriginalCosponsor>True</isOriginalCosponsor>
        <district>7</district>
      </item>
      <item>
        <fullName>Rep. Courtney, Joe [D-CT-2]</fullName>
        <middleName />
        <identifiers>
          <lisID>1836</lisID>
          <gpoId>7867</gpoId>
          <bioguideId>C001069</bioguideId>
        </identifiers>
        <firstName>Joe</firstName>
        <party>D</party>
        <bioguideId>C001069</bioguideId>
        <sponsorshipDate>2017-01-31</sponsorshipDate>
        <sponsorshipWithdrawnDate />
        <state>CT</state>
        <lastName>Courtney</lastName>
        <isOriginalCosponsor>True</isOriginalCosponsor>
        <district>2</district>
      </item>
      <item>
        <fullName>Rep. Valadao, David G. [R-CA-21]</fullName>
        <middleName>G.</middleName>
        <identifiers>
          <lisID>2105</lisID>
          <gpoId />
          <bioguideId>V000129</bioguideId>
        </identifiers>
        <firstName>David</firstName>
        <party>R</party>
        <bioguideId>V000129</bioguideId>
        <sponsorshipDate>2017-01-31</sponsorshipDate>
        <sponsorshipWithdrawnDate />
        <state>CA</state>
        <lastName>Valadao</lastName>
        <isOriginalCosponsor>True</isOriginalCosponsor>
        <district>21</district>
      </item>
      <item>
        <fullName>Rep. DelBene, Suzan K. [D-WA-1]</fullName>
        <middleName>K.</middleName>
        <identifiers>
          <lisID>2096</lisID>
          <gpoId>8374</gpoId>
          <bioguideId>D000617</bioguideId>
        </identifiers>
        <firstName>Suzan</firstName>
        <party>D</party>
        <bioguideId>D000617</bioguideId>
        <sponsorshipDate>2017-01-31</sponsorshipDate>
        <sponsorshipWithdrawnDate />
        <state>WA</state>
        <lastName>DelBene</lastName>
        <isOriginalCosponsor>True</isOriginalCosponsor>
        <district>1</district>
      </item>
      <item>
        <fullName>Rep. Peterson, Collin C. [D-MN-7]</fullName>
        <middleName>C.</middleName>
        <identifiers>
          <lisID>910</lisID>
          <gpoId>8007</gpoId>
          <bioguideId>P000258</bioguideId>
        </identifiers>
        <firstName>COLLIN</firstName>
        <party>D</party>
        <bioguideId>P000258</bioguideId>
        <sponsorshipDate>2017-02-02</sponsorshipDate>
        <sponsorshipWithdrawnDate />
        <state>MN</state>
        <lastName>PETERSON</lastName>
        <isOriginalCosponsor>False</isOriginalCosponsor>
        <district>7</district>
      </item>
      <item>
        <fullName>Rep. Gallagher, Mike [R-WI-8]</fullName>
        <middleName />
        <identifiers>
          <bioguideId>G000579</bioguideId>
          <gpoId />
          <lisID>2355</lisID>
        </identifiers>
        <firstName>Mike</firstName>
        <party>R</party>
        <bioguideId>G000579</bioguideId>
        <sponsorshipDate>2017-02-07</sponsorshipDate>
        <sponsorshipWithdrawnDate />
        <state>WI</state>
        <lastName>Gallagher</lastName>
        <isOriginalCosponsor>False</isOriginalCosponsor>
        <district>8</district>
      </item>
      <item>
        <fullName>Rep. Grothman, Glenn [R-WI-6]</fullName>
        <middleName />
        <identifiers>
          <bioguideId>G000576</bioguideId>
          <lisID>2276</lisID>
          <gpoId />
        </identifiers>
        <firstName>Glenn</firstName>
        <party>R</party>
        <bioguideId>G000576</bioguideId>
        <sponsorshipDate>2017-02-07</sponsorshipDate>
        <sponsorshipWithdrawnDate />
        <state>WI</state>
        <lastName>Grothman</lastName>
        <isOriginalCosponsor>False</isOriginalCosponsor>
        <district>6</district>
      </item>
      <item>
        <fullName>Rep. Kind, Ron [D-WI-3]</fullName>
        <middleName />
        <identifiers>
          <lisID>1498</lisID>
          <gpoId>8216</gpoId>
          <bioguideId>K000188</bioguideId>
        </identifiers>
        <firstName>RON</firstName>
        <party>D</party>
        <bioguideId>K000188</bioguideId>
        <sponsorshipDate>2017-02-16</sponsorshipDate>
        <sponsorshipWithdrawnDate />
        <state>WI</state>
        <lastName>KIND</lastName>
        <isOriginalCosponsor>False</isOriginalCosponsor>
        <district>3</district>
      </item>
      <item>
        <fullName>Rep. Rooney, Thomas J. [R-FL-17]</fullName>
        <middleName>J.</middleName>
        <identifiers>
          <lisID>1916</lisID>
          <gpoId>7888</gpoId>
          <bioguideId>R000583</bioguideId>
        </identifiers>
        <firstName>Thomas</firstName>
        <party>R</party>
        <bioguideId>R000583</bioguideId>
        <sponsorshipDate>2017-03-13</sponsorshipDate>
        <sponsorshipWithdrawnDate />
        <state>FL</state>
        <lastName>Rooney</lastName>
        <isOriginalCosponsor>False</isOriginalCosponsor>
        <district>17</district>
      </item>
      <item>
        <fullName>Rep. Sensenbrenner, F. James, Jr. [R-WI-5]</fullName>
        <middleName>JAMES</middleName>
        <identifiers>
          <bioguideId>S000244</bioguideId>
          <gpoId>8218</gpoId>
          <lisID>1041</lisID>
        </identifiers>
        <firstName>F.</firstName>
        <party>R</party>
        <bioguideId>S000244</bioguideId>
        <sponsorshipDate>2017-03-13</sponsorshipDate>
        <sponsorshipWithdrawnDate />
        <state>WI</state>
        <lastName>SENSENBRENNER</lastName>
        <isOriginalCosponsor>False</isOriginalCosponsor>
        <district>5</district>
      </item>
      <item>
        <fullName>Rep. Nolan, Richard M. [D-MN-8]</fullName>
        <middleName />
        <identifiers>
          <bioguideId>N000127</bioguideId>
          <gpoId />
          <lisID>867</lisID>
        </identifiers>
        <firstName>RICHARD</firstName>
        <party>D</party>
        <bioguideId>N000127</bioguideId>
        <sponsorshipDate>2017-03-23</sponsorshipDate>
        <sponsorshipWithdrawnDate />
        <state>MN</state>
        <lastName>NOLAN</lastName>
        <isOriginalCosponsor>False</isOriginalCosponsor>
        <district>8</district>
      </item>
      <item>
        <fullName>Rep. Stefanik, Elise M. [R-NY-21]</fullName>
        <middleName>M.</middleName>
        <identifiers>
          <gpoId />
          <bioguideId>S001196</bioguideId>
          <lisID>2263</lisID>
        </identifiers>
        <firstName>Elise</firstName>
        <party>R</party>
        <bioguideId>S001196</bioguideId>
        <sponsorshipDate>2017-04-06</sponsorshipDate>
        <sponsorshipWithdrawnDate />
        <state>NY</state>
        <lastName>Stefanik</lastName>
        <isOriginalCosponsor>False</isOriginalCosponsor>
        <district>21</district>
      </item>
      <item>
        <fullName>Rep. Comer, James [R-KY-1]</fullName>
        <middleName />
        <identifiers>
          <lisID>2297</lisID>
          <gpoId />
          <bioguideId>C001108</bioguideId>
        </identifiers>
        <firstName>James</firstName>
        <party>R</party>
        <bioguideId>C001108</bioguideId>
        <sponsorshipDate>2017-05-25</sponsorshipDate>
        <sponsorshipWithdrawnDate />
        <state>KY</state>
        <lastName>Comer</lastName>
        <isOriginalCosponsor>False</isOriginalCosponsor>
        <district>1</district>
      </item>
      <item>
        <fullName>Rep. Moolenaar, John R. [R-MI-4]</fullName>
        <middleName>R.</middleName>
        <identifiers>
          <gpoId />
          <lisID>2248</lisID>
          <bioguideId>M001194</bioguideId>
        </identifiers>
        <firstName>John</firstName>
        <party>R</party>
        <bioguideId>M001194</bioguideId>
        <sponsorshipDate>2017-06-15</sponsorshipDate>
        <sponsorshipWithdrawnDate />
        <state>MI</state>
        <lastName>Moolenaar</lastName>
        <isOriginalCosponsor>False</isOriginalCosponsor>
        <district>4</district>
      </item>
      <item>
        <fullName>Rep. Kuster, Ann M. [D-NH-2]</fullName>
        <middleName>M.</middleName>
        <identifiers>
          <lisID>2145</lisID>
          <gpoId />
          <bioguideId>K000382</bioguideId>
        </identifiers>
        <firstName>Ann</firstName>
        <party>D</party>
        <bioguideId>K000382</bioguideId>
        <sponsorshipDate>2017-06-23</sponsorshipDate>
        <sponsorshipWithdrawnDate />
        <state>NH</state>
        <lastName>Kuster</lastName>
        <isOriginalCosponsor>False</isOriginalCosponsor>
        <district>2</district>
      </item>
      <item>
        <fullName>Rep. Collins, Chris [R-NY-27]</fullName>
        <middleName />
        <identifiers>
          <gpoId />
          <bioguideId>C001092</bioguideId>
          <lisID>2151</lisID>
        </identifiers>
        <firstName>Chris</firstName>
        <party>R</party>
        <bioguideId>C001092</bioguideId>
        <sponsorshipDate>2017-06-29</sponsorshipDate>
        <sponsorshipWithdrawnDate />
        <state>NY</state>
        <lastName>Collins</lastName>
        <isOriginalCosponsor>False</isOriginalCosponsor>
        <district>27</district>
      </item>
      <item>
        <fullName>Rep. Labrador, Raul R. [R-ID-1]</fullName>
        <middleName>R.</middleName>
        <identifiers>
          <bioguideId>L000573</bioguideId>
          <lisID>2011</lisID>
          <gpoId>7919</gpoId>
        </identifiers>
        <firstName>Raul</firstName>
        <party>R</party>
        <bioguideId>L000573</bioguideId>
        <sponsorshipDate>2017-07-14</sponsorshipDate>
        <sponsorshipWithdrawnDate />
        <state>ID</state>
        <lastName>Labrador</lastName>
        <isOriginalCosponsor>False</isOriginalCosponsor>
        <district>1</district>
      </item>
      <item>
        <fullName>Rep. Soto, Darren [D-FL-9]</fullName>
        <middleName />
        <identifiers>
          <lisID>2319</lisID>
          <gpoId />
          <bioguideId>S001200</bioguideId>
        </identifiers>
        <firstName>Darren</firstName>
        <party>D</party>
        <bioguideId>S001200</bioguideId>
        <sponsorshipDate>2017-07-14</sponsorshipDate>
        <sponsorshipWithdrawnDate />
        <state>FL</state>
        <lastName>Soto</lastName>
        <isOriginalCosponsor>False</isOriginalCosponsor>
        <district>9</district>
      </item>
      <item>
        <fullName>Rep. Mitchell, Paul [R-MI-10]</fullName>
        <middleName />
        <identifiers>
          <bioguideId>M001201</bioguideId>
          <gpoId />
          <lisID>2334</lisID>
        </identifiers>
        <firstName>Paul</firstName>
        <party>R</party>
        <bioguideId>M001201</bioguideId>
        <sponsorshipDate>2017-07-20</sponsorshipDate>
        <sponsorshipWithdrawnDate />
        <state>MI</state>
        <lastName>Mitchell</lastName>
        <isOriginalCosponsor>False</isOriginalCosponsor>
        <district>10</district>
      </item>
      <item>
        <fullName>Rep. Marshall, Roger W. [R-KS-1]</fullName>
        <middleName>W.</middleName>
        <identifiers>
          <bioguideId>M001198</bioguideId>
          <gpoId />
          <lisID>2328</lisID>
        </identifiers>
        <firstName>Roger</firstName>
        <party>R</party>
        <bioguideId>M001198</bioguideId>
        <sponsorshipDate>2017-09-08</sponsorshipDate>
        <sponsorshipWithdrawnDate />
        <state>KS</state>
        <lastName>Marshall</lastName>
        <isOriginalCosponsor>False</isOriginalCosponsor>
        <district>1</district>
      </item>
      <item>
        <fullName>Rep. Walberg, Tim [R-MI-7]</fullName>
        <middleName />
        <identifiers>
          <bioguideId>W000798</bioguideId>
          <gpoId>7992</gpoId>
          <lisID>1855</lisID>
        </identifiers>
        <firstName>Tim</firstName>
        <party>R</party>
        <bioguideId>W000798</bioguideId>
        <sponsorshipDate>2017-09-28</sponsorshipDate>
        <sponsorshipWithdrawnDate />
        <state>MI</state>
        <lastName>Walberg</lastName>
        <isOriginalCosponsor>False</isOriginalCosponsor>
        <district>7</district>
      </item>
      <item>
        <fullName>Rep. Newhouse, Dan [R-WA-4]</fullName>
        <middleName />
        <identifiers>
          <gpoId />
          <bioguideId>N000189</bioguideId>
          <lisID>2275</lisID>
        </identifiers>
        <firstName>Dan</firstName>
        <party>R</party>
        <bioguideId>N000189</bioguideId>
        <sponsorshipDate>2017-10-12</sponsorshipDate>
        <sponsorshipWithdrawnDate />
        <state>WA</state>
        <lastName>Newhouse</lastName>
        <isOriginalCosponsor>False</isOriginalCosponsor>
        <district>4</district>
      </item>
      <item>
        <fullName>Rep. Upton, Fred [R-MI-6]</fullName>
        <middleName />
        <identifiers>
          <lisID>1177</lisID>
          <gpoId>7991</gpoId>
          <bioguideId>U000031</bioguideId>
        </identifiers>
        <firstName>FRED</firstName>
        <party>R</party>
        <bioguideId>U000031</bioguideId>
        <sponsorshipDate>2017-12-06</sponsorshipDate>
        <sponsorshipWithdrawnDate />
        <state>MI</state>
        <lastName>UPTON</lastName>
        <isOriginalCosponsor>False</isOriginalCosponsor>
        <district>6</district>
      </item>
      <item>
        <fullName>Rep. Schrader, Kurt [D-OR-5]</fullName>
        <middleName />
        <identifiers>
          <bioguideId>S001180</bioguideId>
          <gpoId>8118</gpoId>
          <lisID>1950</lisID>
        </identifiers>
        <firstName>Kurt</firstName>
        <party>D</party>
        <bioguideId>S001180</bioguideId>
        <sponsorshipDate>2018-02-16</sponsorshipDate>
        <sponsorshipWithdrawnDate />
        <state>OR</state>
        <lastName>Schrader</lastName>
        <isOriginalCosponsor>False</isOriginalCosponsor>
        <district>5</district>
      </item>
      <item>
        <fullName>Rep. Tenney, Claudia [R-NY-22]</fullName>
        <middleName />
        <identifiers>
          <gpoId />
          <lisID>2344</lisID>
          <bioguideId>T000478</bioguideId>
        </identifiers>
        <firstName>Claudia</firstName>
        <party>R</party>
        <bioguideId>T000478</bioguideId>
        <sponsorshipDate>2018-03-22</sponsorshipDate>
        <sponsorshipWithdrawnDate />
        <state>NY</state>
        <lastName>Tenney</lastName>
        <isOriginalCosponsor>False</isOriginalCosponsor>
        <district>22</district>
      </item>
    </cosponsors>
    <laws />
    <title>DAIRY PRIDE Act</title>
    <billNumber>778</billNumber>
    <congress>115</congress>
    <actions>
      <item>
        <actionDate>2017-02-03</actionDate>
        <committee>
          <name>Health Subcommittee</name>
          <systemCode>hsif14</systemCode>
        </committee>
        <links />
        <sourceSystem>
          <name>House committee actions</name>
          <code>1</code>
        </sourceSystem>
        <text>Referred to the Subcommittee on Health.</text>
        <type>Committee</type>
      </item>
      <item>
        <sourceSystem>
          <name>House floor actions</name>
          <code>2</code>
        </sourceSystem>
        <type>IntroReferral</type>
        <committee>
          <name>Energy and Commerce Committee</name>
          <systemCode>hsif00</systemCode>
        </committee>
        <text>Referred to the House Committee on Energy and Commerce.</text>
        <actionCode>H11100</actionCode>
        <actionDate>2017-01-31</actionDate>
        <links />
      </item>
      <item>
        <sourceSystem>
          <name>Library of Congress</name>
          <code>9</code>
        </sourceSystem>
        <type>IntroReferral</type>
        <committee />
        <text>Introduced in House</text>
        <actionCode>Intro-H</actionCode>
        <actionDate>2017-01-31</actionDate>
        <links />
      </item>
      <item>
        <sourceSystem>
          <name>Library of Congress</name>
          <code>9</code>
        </sourceSystem>
        <type>IntroReferral</type>
        <committee />
        <text>Introduced in House</text>
        <actionCode>1000</actionCode>
        <actionDate>2017-01-31</actionDate>
        <links />
      </item>
      <actionTypeCounts>
        <introducedInTheHouse>1</introducedInTheHouse>
        <billReferrals>1</billReferrals>
        <placeholderTextForH>1</placeholderTextForH>
        <introducedInHouse>1</introducedInHouse>
      </actionTypeCounts>
      <actionByCounts>
        <houseOfRepresentatives>4</houseOfRepresentatives>
      </actionByCounts>
    </actions>
  </bill>
  <dublinCore xmlns:dc="http://purl.org/dc/elements/1.1/">
    <dc:format>text/xml</dc:format>
    <dc:language>EN</dc:language>
    <dc:rights>Pursuant to Title 17 Section 105 of the United States Code, this file is not subject to copyright protection and is in the public domain.</dc:rights>
    <dc:contributor>Congressional Research Service, Library of Congress</dc:contributor>
    <dc:description>This file contains bill summaries and statuses for federal legislation. A bill summary describes the most significant provisions of a piece of legislation and details the effects the legislative text may have on current law and federal programs. Bill summaries are authored by the Congressional Research Service (CRS) of the Library of Congress. As stated in Public Law 91-510 (2 USC 166 (d)(6)), one of the duties of CRS is "to prepare summaries and digests of bills and resolutions of a public general nature introduced in the Senate or House of Representatives". For more information, refer to the User Guide that accompanies this file.</dc:description>
  </dublinCore>
</billStatus>

