<?xml version="1.0" encoding="UTF-8"?>
<billStatus>
  <bill>
    <relatedBills />
    <committeeReports />
    <recordedVotes />
    <subjects>
      <billSubjects>
        <legislativeSubjects>
          <item>
            <name>Advanced technology and technological innovations</name>
          </item>
          <item>
            <name>Computers and information technology</name>
          </item>
          <item>
            <name>Congressional oversight</name>
          </item>
          <item>
            <name>Energy research</name>
          </item>
          <item>
            <name>Executive agency funding and structure</name>
          </item>
          <item>
            <name>Licensing and registrations</name>
          </item>
          <item>
            <name>Nuclear Regulatory Commission (NRC)</name>
          </item>
          <item>
            <name>Nuclear power</name>
          </item>
          <item>
            <name>Research and development</name>
          </item>
          <item>
            <name>User charges and fees</name>
          </item>
        </legislativeSubjects>
        <policyArea>
          <name>Energy</name>
        </policyArea>
      </billSubjects>
    </subjects>
    <introducedDate>2017-01-20</introducedDate>
    <summaries>
      <billSummaries>
        <item>
          <text><![CDATA[<p><b>Advanced Nuclear Technology Development Act of 201</b><b>7</b></p> <p>This bill requires the Department of Energy (DOE) and the Nuclear Regulatory Commission (NRC) to enter into a memorandum of understanding to:</p> <ul> <li>ensure that DOE has sufficient technical expertise to support the civilian nuclear industry's timely development and commercial deployment of safe, innovative advanced reactor technology;</li> <li>ensure that the NRC has sufficient technical expertise to support the evaluation of requests for regulatory approval for advanced reactors;</li> <li>use computers and software codes to calculate the behavior and performance of advanced reactors based on mathematical models of their physical behavior; and</li> <li>ensure that the DOE maintains and develops the facilities to support the civilian nuclear industry's timely development and commercial deployment of safe, innovative reactor technology and ensuring that the NRC has access to such facilities, as needed. </li> </ul> <p>In addition, the NRC is required to develop a regulatory framework for licensing advanced nuclear reactors. </p> This bill amends the Omnibus Budget Reconciliation Act of 1990 to require that the aggregate amount of fees collected by the NRC from licensees and certificate holders in a fiscal year be decreased by the amount of appropriations for activities related to the development of regulatory infrastructure for advanced nuclear reactor technologies. <ul> <ul> </ul> </ul>]]></text>
          <actionDesc>Introduced in House</actionDesc>
          <actionDate>2017-01-20</actionDate>
          <updateDate>2017-01-20T05:00:00Z</updateDate>
          <lastSummaryUpdateDate>2017-01-24T19:50:48Z</lastSummaryUpdateDate>
          <versionCode>00</versionCode>
          <name>Introduced in House</name>
        </item>
        <item>
          <text><![CDATA[<p>(This measure has not been amended since it was introduced. The summary has been expanded because action occurred on the measure.)</p> <p><b>Advanced Nuclear Technology Development Act of 201</b><b>7</b></p> <p>(Sec.4)This bill requires the Department of Energy (DOE) and the Nuclear Regulatory Commission (NRC) to enter into a memorandum of understanding to:</p> <ul> <li>ensure that DOE has sufficient technical expertise to support the civilian nuclear industry's timely development and commercial deployment of safe, innovative advanced reactor technology;</li> <li>ensure that the NRC has sufficient technical expertise to support the evaluation of requests for regulatory approval for advanced reactors;</li> <li>use computers and software codes to calculate the behavior and performance of advanced reactors based on mathematical models of their physical behavior; and</li> <li>ensure that the DOE maintains and develops the facilities to support the civilian nuclear industry's timely development and commercial deployment of safe, innovative reactor technology and ensuring that the NRC has access to such facilities, as needed. </li> </ul> <p>(Sec.5)In addition, the NRC is required to develop a regulatory framework for licensing advanced nuclear reactors. The plan must include options to expedite and streamline the licensing process for advanced reactors, cost estimates, budgets, and specific milestones for implementing the framework by the end of FY2019. </p> (Sec.6) This bill amends the Omnibus Budget Reconciliation Act of 1990 to require that the aggregate amount of fees collected by the NRC from licensees and certificate holders in a fiscal year be decreased by the amount of appropriations for activities related to the development of regulatory infrastructure for advanced nuclear reactor technologies. <ul> <ul> </ul> </ul>]]></text>
          <actionDesc>Passed House without amendment</actionDesc>
          <actionDate>2017-01-23</actionDate>
          <updateDate>2017-01-23T14:18:02Z</updateDate>
          <lastSummaryUpdateDate>2017-01-26T14:47:24Z</lastSummaryUpdateDate>
          <versionCode>81</versionCode>
          <name>Passed House without amendment</name>
        </item>
      </billSummaries>
    </summaries>
    <sponsors>
      <item>
        <state>OH</state>
        <lastName>Latta</lastName>
        <byRequestType />
        <middleName>E.</middleName>
        <fullName>Rep. Latta, Robert E. [R-OH-5]</fullName>
        <district>5</district>
        <party>R</party>
        <firstName>Robert</firstName>
        <identifiers>
          <bioguideId>L000566</bioguideId>
          <lisID>1885</lisID>
          <gpoId>8095</gpoId>
        </identifiers>
        <bioguideId>L000566</bioguideId>
      </item>
    </sponsors>
    <constitutionalAuthorityStatementText><![CDATA[<pre>From the Congressional Record Online through the Government Publishing Office [<a href='http://www.gpo.gov'>www.gpo.gov</a>]By Mr. LATTA:H.R. 590.Congress has the power to enact this legislation pursuantto the following:Article I, Section 8, Clause 3To regulate Commerce with foreign Nations, and among theseveral States, and with the Indian Tribes;[Page H560]</pre>]]></constitutionalAuthorityStatementText>
    <calendarNumbers />
    <updateDate>2018-03-30T14:00:23Z</updateDate>
    <version>1.0.0</version>
    <notes />
    <committees>
      <billCommittees>
        <item>
          <systemCode>ssev00</systemCode>
          <subcommittees />
          <name>Environment and Public Works Committee</name>
          <type>Standing</type>
          <chamber>Senate</chamber>
          <activities>
            <item>
              <date>2017-02-10T19:16:43Z</date>
              <name>Referred to</name>
            </item>
          </activities>
        </item>
        <item>
          <systemCode>sscm00</systemCode>
          <subcommittees />
          <name>Commerce, Science, and Transportation Committee</name>
          <type>Standing</type>
          <chamber>Senate</chamber>
          <activities>
            <item>
              <date>2017-02-10T19:16:30Z</date>
              <name>Discharged from</name>
            </item>
            <item>
              <date>2017-01-24T19:14:16Z</date>
              <name>Referred to</name>
            </item>
          </activities>
        </item>
        <item>
          <systemCode>hssy00</systemCode>
          <subcommittees />
          <name>Science, Space, and Technology Committee</name>
          <type>Standing</type>
          <chamber>House</chamber>
          <activities>
            <item>
              <date>2017-01-20T15:01:10Z</date>
              <name>Referred to</name>
            </item>
          </activities>
        </item>
        <item>
          <systemCode>hsif00</systemCode>
          <subcommittees />
          <name>Energy and Commerce Committee</name>
          <type>Standing</type>
          <chamber>House</chamber>
          <activities>
            <item>
              <date>2017-01-20T15:01:05Z</date>
              <name>Referred to</name>
            </item>
          </activities>
        </item>
      </billCommittees>
    </committees>
    <originChamber>House</originChamber>
    <cboCostEstimates />
    <titles>
      <item>
        <title>Advanced Nuclear Technology Development Act of 2017</title>
        <titleType>Short Titles as Passed House</titleType>
        <parentTitleType>Short Titles House of Representatives</parentTitleType>
        <chamberCode>H</chamberCode>
        <chamberName>House</chamberName>
      </item>
      <item>
        <title>Advanced Nuclear Technology Development Act of 2017</title>
        <titleType>Short Titles as Introduced</titleType>
        <parentTitleType />
        <chamberCode />
        <chamberName />
      </item>
      <item>
        <title>To foster civilian research and development of advanced nuclear energy technologies and enhance the licensing and commercial deployment of such technologies.</title>
        <titleType>Official Title as Introduced</titleType>
        <parentTitleType />
        <chamberCode />
        <chamberName />
      </item>
      <item>
        <title>Advanced Nuclear Technology Development Act of 2017</title>
        <titleType>Display Title</titleType>
        <parentTitleType />
        <chamberCode />
        <chamberName />
      </item>
      <item>
        <title>Advanced Nuclear Technology Development Act of 2017</title>
        <titleType>(Extracted from GPO) Short Titles as Introduced</titleType>
        <parentTitleType />
        <chamberCode />
        <chamberName />
      </item>
      <item>
        <title>Advanced Nuclear Technology Development Act of 2017</title>
        <titleType>(Extracted from GPO) Short Titles as Passed House</titleType>
        <parentTitleType />
        <chamberCode>H</chamberCode>
        <chamberName>House</chamberName>
      </item>
    </titles>
    <policyArea>
      <name>Energy</name>
    </policyArea>
    <latestAction>
      <actionDate>2017-02-10</actionDate>
      <links />
      <text>Referred to the Committee on Environment and Public Works.</text>
    </latestAction>
    <billType>HR</billType>
    <createDate>2017-01-21T04:55:44Z</createDate>
    <amendments />
    <cosponsors>
      <item>
        <lastName>McNerney</lastName>
        <bioguideId>M001166</bioguideId>
        <state>CA</state>
        <sponsorshipDate>2017-01-20</sponsorshipDate>
        <fullName>Rep. McNerney, Jerry [D-CA-9]</fullName>
        <identifiers>
          <bioguideId>M001166</bioguideId>
          <gpoId>7816</gpoId>
          <lisID>1832</lisID>
        </identifiers>
        <middleName />
        <sponsorshipWithdrawnDate />
        <firstName>Jerry</firstName>
        <isOriginalCosponsor>True</isOriginalCosponsor>
        <party>D</party>
        <district>9</district>
      </item>
      <item>
        <lastName>Fleischmann</lastName>
        <bioguideId>F000459</bioguideId>
        <state>TN</state>
        <sponsorshipDate>2017-01-20</sponsorshipDate>
        <fullName>Rep. Fleischmann, Charles J. "Chuck" [R-TN-3]</fullName>
        <identifiers>
          <lisID>2061</lisID>
          <gpoId>8150</gpoId>
          <bioguideId>F000459</bioguideId>
        </identifiers>
        <middleName>J. "Chuck"</middleName>
        <sponsorshipWithdrawnDate />
        <firstName>Charles</firstName>
        <isOriginalCosponsor>True</isOriginalCosponsor>
        <party>R</party>
        <district>3</district>
      </item>
      <item>
        <lastName>DOYLE</lastName>
        <bioguideId>D000482</bioguideId>
        <state>PA</state>
        <sponsorshipDate>2017-01-20</sponsorshipDate>
        <fullName>Rep. Doyle, Michael F. [D-PA-14]</fullName>
        <identifiers>
          <lisID>316</lisID>
          <gpoId>8132</gpoId>
          <bioguideId>D000482</bioguideId>
        </identifiers>
        <middleName />
        <sponsorshipWithdrawnDate />
        <firstName>MIKE</firstName>
        <isOriginalCosponsor>True</isOriginalCosponsor>
        <party>D</party>
        <district>14</district>
      </item>
      <item>
        <lastName>Hudson</lastName>
        <bioguideId>H001067</bioguideId>
        <state>NC</state>
        <sponsorshipDate>2017-01-20</sponsorshipDate>
        <fullName>Rep. Hudson, Richard [R-NC-8]</fullName>
        <identifiers>
          <bioguideId>H001067</bioguideId>
          <lisID>2140</lisID>
          <gpoId />
        </identifiers>
        <middleName />
        <sponsorshipWithdrawnDate />
        <firstName>Richard</firstName>
        <isOriginalCosponsor>True</isOriginalCosponsor>
        <party>R</party>
        <district>8</district>
      </item>
      <item>
        <lastName>Tonko</lastName>
        <bioguideId>T000469</bioguideId>
        <state>NY</state>
        <sponsorshipDate>2017-01-20</sponsorshipDate>
        <fullName>Rep. Tonko, Paul [D-NY-20]</fullName>
        <identifiers>
          <lisID>1942</lisID>
          <gpoId>8082</gpoId>
          <bioguideId>T000469</bioguideId>
        </identifiers>
        <middleName />
        <sponsorshipWithdrawnDate />
        <firstName>Paul</firstName>
        <isOriginalCosponsor>True</isOriginalCosponsor>
        <party>D</party>
        <district>20</district>
      </item>
    </cosponsors>
    <laws />
    <title>Advanced Nuclear Technology Development Act of 2017</title>
    <billNumber>590</billNumber>
    <congress>115</congress>
    <actions>
      <actionTypeCounts>
        <committeeDischarged>1</committeeDischarged>
        <passedAgreedToInHouse>1</passedAgreedToInHouse>
        <referredToCommittee>2</referredToCommittee>
        <billReferralsAggregate>1</billReferralsAggregate>
        <motionMadeToSuspendTheRules>1</motionMadeToSuspendTheRules>
        <considerationByHouse>1</considerationByHouse>
        <introducedInHouse>1</introducedInHouse>
        <billReferrals>2</billReferrals>
        <finalPassageUnderSuspensionOfTheRulesResults>1</finalPassageUnderSuspensionOfTheRulesResults>
        <generalDebate>1</generalDebate>
        <motionToReconsiderResults>1</motionToReconsiderResults>
        <senateCommitteeDischarged>1</senateCommitteeDischarged>
        <introducedInTheHouse>1</introducedInTheHouse>
      </actionTypeCounts>
      <item>
        <actionDate>2017-02-10</actionDate>
        <committee>
          <systemCode>ssev00</systemCode>
          <name>Environment and Public Works Committee</name>
        </committee>
        <links />
        <sourceSystem>
          <code>0</code>
          <name>Senate</name>
        </sourceSystem>
        <text>Referred to the Committee on Environment and Public Works.</text>
        <type>IntroReferral</type>
      </item>
      <item>
        <actionDate>2017-02-10</actionDate>
        <committee>
          <systemCode>sscm00</systemCode>
          <name>Commerce, Science, and Transportation Committee</name>
        </committee>
        <links />
        <sourceSystem>
          <code>0</code>
          <name>Senate</name>
        </sourceSystem>
        <text>Senate Committee on Commerce, Science, and Transportation discharged by Unanimous Consent.</text>
        <type>Discharge</type>
      </item>
      <item>
        <actionDate>2017-02-10</actionDate>
        <type>Committee</type>
        <links />
        <committee>
          <systemCode>sscm00</systemCode>
          <name>Commerce, Science, and Transportation Committee</name>
        </committee>
        <actionCode>14500</actionCode>
        <text>Senate Committee on Commerce, Science, and Transportation discharged by Unanimous Consent.</text>
        <sourceSystem>
          <code>9</code>
          <name>Library of Congress</name>
        </sourceSystem>
      </item>
      <item>
        <actionDate>2017-01-24</actionDate>
        <committee>
          <systemCode>sscm00</systemCode>
          <name>Commerce, Science, and Transportation Committee</name>
        </committee>
        <links />
        <sourceSystem>
          <code>0</code>
          <name>Senate</name>
        </sourceSystem>
        <text>Received in the Senate and Read twice and referred to the Committee on Commerce, Science, and Transportation.</text>
        <type>IntroReferral</type>
      </item>
      <item>
        <actionDate>2017-01-23</actionDate>
        <type>Floor</type>
        <links />
        <committee />
        <actionCode>H38310</actionCode>
        <actionTime>15:56:53</actionTime>
        <text>Motion to reconsider laid on the table Agreed to without objection.</text>
        <sourceSystem>
          <code>2</code>
          <name>House floor actions</name>
        </sourceSystem>
      </item>
      <item>
        <actionDate>2017-01-23</actionDate>
        <type>Floor</type>
        <links>
          <link>
            <url>https://www.congress.gov/congressional-record/volume-163/house-section/page/H569-570</url>
            <name>H569-570</name>
          </link>
        </links>
        <committee />
        <actionCode>H37300</actionCode>
        <actionTime>15:56:48</actionTime>
        <text>On motion to suspend the rules and pass the bill Agreed to by voice vote. (text of measure as passed: CR H569-570)</text>
        <sourceSystem>
          <code>2</code>
          <name>House floor actions</name>
        </sourceSystem>
      </item>
      <item>
        <actionDate>2017-01-23</actionDate>
        <type>Floor</type>
        <links>
          <link>
            <url>https://www.congress.gov/congressional-record/volume-163/house-section/page/H569-570</url>
            <name>H569-570</name>
          </link>
        </links>
        <committee />
        <actionCode>8000</actionCode>
        <actionTime>15:56:48</actionTime>
        <text>Passed/agreed to in House: On motion to suspend the rules and pass the bill Agreed to by voice vote.(text of measure as passed: CR H569-570)</text>
        <sourceSystem>
          <code>9</code>
          <name>Library of Congress</name>
        </sourceSystem>
      </item>
      <item>
        <actionDate>2017-01-23</actionDate>
        <type>Floor</type>
        <links>
          <link>
            <url>https://www.congress.gov/bill/115th-congress/house-bill/590</url>
            <name>H.R. 590</name>
          </link>
        </links>
        <committee />
        <actionCode>H8D000</actionCode>
        <actionTime>15:49:52</actionTime>
        <text>DEBATE - The House proceeded with forty minutes of debate on H.R. 590.</text>
        <sourceSystem>
          <code>2</code>
          <name>House floor actions</name>
        </sourceSystem>
      </item>
      <item>
        <actionDate>2017-01-23</actionDate>
        <type>Floor</type>
        <links>
          <link>
            <url>https://www.congress.gov/congressional-record/volume-163/house-section/page/H569-571</url>
            <name>H569-571</name>
          </link>
        </links>
        <committee />
        <actionCode>H30000</actionCode>
        <actionTime>15:49:50</actionTime>
        <text>Considered under suspension of the rules. (consideration: CR H569-571)</text>
        <sourceSystem>
          <code>2</code>
          <name>House floor actions</name>
        </sourceSystem>
      </item>
      <item>
        <actionDate>2017-01-23</actionDate>
        <type>Floor</type>
        <links />
        <committee />
        <actionCode>H30300</actionCode>
        <actionTime>15:49:38</actionTime>
        <text>Mr. Upton moved to suspend the rules and pass the bill.</text>
        <sourceSystem>
          <code>2</code>
          <name>House floor actions</name>
        </sourceSystem>
      </item>
      <item>
        <actionDate>2017-01-20</actionDate>
        <type>IntroReferral</type>
        <links />
        <committee>
          <systemCode>hssy00</systemCode>
          <name>Science, Space, and Technology Committee</name>
        </committee>
        <actionCode>H11100</actionCode>
        <text>Referred to House Science, Space, and Technology</text>
        <sourceSystem>
          <code>2</code>
          <name>House floor actions</name>
        </sourceSystem>
      </item>
      <item>
        <actionDate>2017-01-20</actionDate>
        <type>IntroReferral</type>
        <links />
        <committee>
          <systemCode>hsif00</systemCode>
          <name>Energy and Commerce Committee</name>
        </committee>
        <actionCode>H11100</actionCode>
        <text>Referred to House Energy and Commerce</text>
        <sourceSystem>
          <code>2</code>
          <name>House floor actions</name>
        </sourceSystem>
      </item>
      <item>
        <actionDate>2017-01-20</actionDate>
        <type>IntroReferral</type>
        <links />
        <committee />
        <actionCode>H11100-A</actionCode>
        <text>Referred to the Committee on Energy and Commerce, and in addition to the Committee on Science, Space, and Technology, for a period to be subsequently determined by the Speaker, in each case for consideration of such provisions as fall within the jurisdiction of the committee concerned.</text>
        <sourceSystem>
          <code>9</code>
          <name>Library of Congress</name>
        </sourceSystem>
      </item>
      <item>
        <actionDate>2017-01-20</actionDate>
        <type>IntroReferral</type>
        <links />
        <committee />
        <actionCode>Intro-H</actionCode>
        <text>Introduced in House</text>
        <sourceSystem>
          <code>9</code>
          <name>Library of Congress</name>
        </sourceSystem>
      </item>
      <item>
        <actionDate>2017-01-20</actionDate>
        <type>IntroReferral</type>
        <links />
        <committee />
        <actionCode>1000</actionCode>
        <text>Introduced in House</text>
        <sourceSystem>
          <code>9</code>
          <name>Library of Congress</name>
        </sourceSystem>
      </item>
      <actionByCounts>
        <houseOfRepresentatives>11</houseOfRepresentatives>
        <senate>4</senate>
      </actionByCounts>
    </actions>
  </bill>
  <dublinCore xmlns:dc="http://purl.org/dc/elements/1.1/">
    <dc:format>text/xml</dc:format>
    <dc:language>EN</dc:language>
    <dc:rights>Pursuant to Title 17 Section 105 of the United States Code, this file is not subject to copyright protection and is in the public domain.</dc:rights>
    <dc:contributor>Congressional Research Service, Library of Congress</dc:contributor>
    <dc:description>This file contains bill summaries and statuses for federal legislation. A bill summary describes the most significant provisions of a piece of legislation and details the effects the legislative text may have on current law and federal programs. Bill summaries are authored by the Congressional Research Service (CRS) of the Library of Congress. As stated in Public Law 91-510 (2 USC 166 (d)(6)), one of the duties of CRS is "to prepare summaries and digests of bills and resolutions of a public general nature introduced in the Senate or House of Representatives". For more information, refer to the User Guide that accompanies this file.</dc:description>
  </dublinCore>
</billStatus>

