<?xml version="1.0" encoding="UTF-8"?>
<billStatus>
  <bill>
    <introducedDate>2017-01-31</introducedDate>
    <createDate>2017-02-01T04:48:47Z</createDate>
    <policyArea>
      <name>Armed Forces and National Security</name>
    </policyArea>
    <title>Department of Defense Managed Print Services Utilization Act of 2017</title>
    <constitutionalAuthorityStatementText><![CDATA[<pre>From the Congressional Record Online through the Government Publishing Office [<a href='http://www.gpo.gov'>www.gpo.gov</a>]By Ms. MENG:H.R. 773.Congress has the power to enact this legislation pursuantto the following:Article I, Section 8 of the United States Constitution.[Page H820]</pre>]]></constitutionalAuthorityStatementText>
    <notes />
    <cosponsors />
    <actions>
      <actionTypeCounts>
        <introducedInTheHouse>1</introducedInTheHouse>
        <introducedInHouse>1</introducedInHouse>
        <billReferrals>1</billReferrals>
      </actionTypeCounts>
      <item>
        <actionCode>H11100</actionCode>
        <sourceSystem>
          <code>2</code>
          <name>House floor actions</name>
        </sourceSystem>
        <links />
        <text>Referred to the House Committee on Armed Services.</text>
        <actionDate>2017-01-31</actionDate>
        <type>IntroReferral</type>
        <committee>
          <systemCode>hsas00</systemCode>
          <name>Armed Services Committee</name>
        </committee>
      </item>
      <item>
        <actionCode>Intro-H</actionCode>
        <sourceSystem>
          <code>9</code>
          <name>Library of Congress</name>
        </sourceSystem>
        <links />
        <text>Introduced in House</text>
        <actionDate>2017-01-31</actionDate>
        <type>IntroReferral</type>
        <committee />
      </item>
      <item>
        <actionCode>1000</actionCode>
        <sourceSystem>
          <code>9</code>
          <name>Library of Congress</name>
        </sourceSystem>
        <links />
        <text>Introduced in House</text>
        <actionDate>2017-01-31</actionDate>
        <type>IntroReferral</type>
        <committee />
      </item>
      <actionByCounts>
        <houseOfRepresentatives>3</houseOfRepresentatives>
      </actionByCounts>
    </actions>
    <originChamber>House</originChamber>
    <latestAction>
      <actionDate>2017-01-31</actionDate>
      <text>Referred to the House Committee on Armed Services.</text>
      <links />
    </latestAction>
    <calendarNumbers />
    <committeeReports />
    <congress>115</congress>
    <cboCostEstimates />
    <relatedBills />
    <billNumber>773</billNumber>
    <amendments />
    <committees>
      <billCommittees>
        <item>
          <chamber>House</chamber>
          <name>Armed Services Committee</name>
          <subcommittees />
          <activities>
            <item>
              <name>Referred to</name>
              <date>2017-01-31T15:04:30Z</date>
            </item>
          </activities>
          <type>Standing</type>
          <systemCode>hsas00</systemCode>
        </item>
      </billCommittees>
    </committees>
    <updateDate>2018-03-30T14:01:15Z</updateDate>
    <summaries>
      <billSummaries>
        <item>
          <versionCode>00</versionCode>
          <text><![CDATA[<p><strong>Department of Defense Managed Print Services Utilization Act of 2017</strong></p> <p>This bill directs the Department of Defense (DOD) to pursue managed print services within DOD.</p>]]></text>
          <updateDate>2017-01-31T05:00:00Z</updateDate>
          <actionDate>2017-01-31</actionDate>
          <lastSummaryUpdateDate>2017-07-13T15:30:20Z</lastSummaryUpdateDate>
          <name>Introduced in House</name>
          <actionDesc>Introduced in House</actionDesc>
        </item>
      </billSummaries>
    </summaries>
    <recordedVotes />
    <version>1.0.0</version>
    <sponsors>
      <item>
        <firstName>Grace</firstName>
        <byRequestType />
        <fullName>Rep. Meng, Grace [D-NY-6]</fullName>
        <bioguideId>M001188</bioguideId>
        <state>NY</state>
        <district>6</district>
        <party>D</party>
        <identifiers>
          <lisID>2148</lisID>
          <gpoId />
          <bioguideId>M001188</bioguideId>
        </identifiers>
        <middleName />
        <lastName>Meng</lastName>
      </item>
    </sponsors>
    <subjects>
      <billSubjects>
        <policyArea>
          <name>Armed Forces and National Security</name>
        </policyArea>
        <legislativeSubjects>
          <item>
            <name>Defense spending</name>
          </item>
          <item>
            <name>Department of Defense</name>
          </item>
          <item>
            <name>Executive agency funding and structure</name>
          </item>
          <item>
            <name>Government studies and investigations</name>
          </item>
        </legislativeSubjects>
      </billSubjects>
    </subjects>
    <billType>HR</billType>
    <laws />
    <titles>
      <item>
        <titleType>Short Titles as Introduced</titleType>
        <chamberCode />
        <parentTitleType />
        <chamberName />
        <title>Department of Defense Managed Print Services Utilization Act of 2017</title>
      </item>
      <item>
        <titleType>Official Title as Introduced</titleType>
        <chamberCode />
        <parentTitleType />
        <chamberName />
        <title>To require the Department of Defense to utilize managed print services.</title>
      </item>
      <item>
        <titleType>Display Title</titleType>
        <chamberCode />
        <parentTitleType />
        <chamberName />
        <title>Department of Defense Managed Print Services Utilization Act of 2017</title>
      </item>
      <item>
        <titleType>(Extracted from GPO) Short Titles as Introduced</titleType>
        <chamberCode />
        <parentTitleType />
        <chamberName />
        <title>Department of Defense Managed Print Services Utilization Act of 2017</title>
      </item>
    </titles>
  </bill>
  <dublinCore xmlns:dc="http://purl.org/dc/elements/1.1/">
    <dc:format>text/xml</dc:format>
    <dc:language>EN</dc:language>
    <dc:rights>Pursuant to Title 17 Section 105 of the United States Code, this file is not subject to copyright protection and is in the public domain.</dc:rights>
    <dc:contributor>Congressional Research Service, Library of Congress</dc:contributor>
    <dc:description>This file contains bill summaries and statuses for federal legislation. A bill summary describes the most significant provisions of a piece of legislation and details the effects the legislative text may have on current law and federal programs. Bill summaries are authored by the Congressional Research Service (CRS) of the Library of Congress. As stated in Public Law 91-510 (2 USC 166 (d)(6)), one of the duties of CRS is "to prepare summaries and digests of bills and resolutions of a public general nature introduced in the Senate or House of Representatives". For more information, refer to the User Guide that accompanies this file.</dc:description>
  </dublinCore>
</billStatus>

