<?xml version="1.0" encoding="UTF-8"?>
<billStatus>
  <bill>
    <introducedDate>2017-01-24</introducedDate>
    <createDate>2017-01-25T04:45:55Z</createDate>
    <policyArea>
      <name>Government Operations and Politics</name>
    </policyArea>
    <title>Social Security Number Fraud Prevention Act of 2017</title>
    <constitutionalAuthorityStatementText><![CDATA[<pre>From the Congressional Record Online through the Government Publishing Office [<a href='http://www.gpo.gov'>www.gpo.gov</a>]By Mr. VALADAO:H.R. 624.Congress has the power to enact this legislation pursuantto the following:Article I, Section 8, Clause 18 of the Constitution of theUnited States.[Page H687]</pre>]]></constitutionalAuthorityStatementText>
    <notes />
    <cosponsors>
      <item>
        <bioguideId>C001105</bioguideId>
        <sponsorshipDate>2017-01-24</sponsorshipDate>
        <party>R</party>
        <firstName>Barbara</firstName>
        <fullName>Rep. Comstock, Barbara [R-VA-10]</fullName>
        <lastName>Comstock</lastName>
        <identifiers>
          <lisID>2273</lisID>
          <gpoId />
          <bioguideId>C001105</bioguideId>
        </identifiers>
        <sponsorshipWithdrawnDate />
        <district>10</district>
        <state>VA</state>
        <isOriginalCosponsor>True</isOriginalCosponsor>
        <middleName />
      </item>
      <item>
        <bioguideId>S001193</bioguideId>
        <sponsorshipDate>2017-01-24</sponsorshipDate>
        <party>D</party>
        <firstName>Eric</firstName>
        <fullName>Rep. Swalwell, Eric [D-CA-15]</fullName>
        <lastName>Swalwell</lastName>
        <identifiers>
          <lisID>2104</lisID>
          <gpoId />
          <bioguideId>S001193</bioguideId>
        </identifiers>
        <sponsorshipWithdrawnDate />
        <district>15</district>
        <state>CA</state>
        <isOriginalCosponsor>True</isOriginalCosponsor>
        <middleName />
      </item>
      <item>
        <bioguideId>D000619</bioguideId>
        <sponsorshipDate>2017-01-24</sponsorshipDate>
        <party>R</party>
        <firstName>Rodney</firstName>
        <fullName>Rep. Davis, Rodney [R-IL-13]</fullName>
        <lastName>Davis</lastName>
        <identifiers>
          <lisID>2126</lisID>
          <gpoId />
          <bioguideId>D000619</bioguideId>
        </identifiers>
        <sponsorshipWithdrawnDate />
        <district>13</district>
        <state>IL</state>
        <isOriginalCosponsor>True</isOriginalCosponsor>
        <middleName />
      </item>
      <item>
        <bioguideId>J000295</bioguideId>
        <sponsorshipDate>2017-01-24</sponsorshipDate>
        <party>R</party>
        <firstName>David</firstName>
        <fullName>Rep. Joyce, David P. [R-OH-14]</fullName>
        <lastName>Joyce</lastName>
        <identifiers>
          <bioguideId>J000295</bioguideId>
          <gpoId />
          <lisID>2154</lisID>
        </identifiers>
        <sponsorshipWithdrawnDate />
        <district>14</district>
        <state>OH</state>
        <isOriginalCosponsor>True</isOriginalCosponsor>
        <middleName>P.</middleName>
      </item>
      <item>
        <bioguideId>S001191</bioguideId>
        <sponsorshipDate>2017-01-24</sponsorshipDate>
        <party>D</party>
        <firstName>Kyrsten</firstName>
        <fullName>Rep. Sinema, Kyrsten [D-AZ-9]</fullName>
        <lastName>Sinema</lastName>
        <identifiers>
          <bioguideId>S001191</bioguideId>
          <gpoId />
          <lisID>2099</lisID>
        </identifiers>
        <sponsorshipWithdrawnDate />
        <district>9</district>
        <state>AZ</state>
        <isOriginalCosponsor>True</isOriginalCosponsor>
        <middleName />
      </item>
      <item>
        <bioguideId>A000372</bioguideId>
        <sponsorshipDate>2017-01-24</sponsorshipDate>
        <party>R</party>
        <firstName>Rick</firstName>
        <fullName>Rep. Allen, Rick W. [R-GA-12]</fullName>
        <lastName>Allen</lastName>
        <identifiers>
          <gpoId />
          <lisID>2239</lisID>
          <bioguideId>A000372</bioguideId>
        </identifiers>
        <sponsorshipWithdrawnDate />
        <district>12</district>
        <state>GA</state>
        <isOriginalCosponsor>True</isOriginalCosponsor>
        <middleName>W.</middleName>
      </item>
      <item>
        <bioguideId>C000059</bioguideId>
        <sponsorshipDate>2017-01-24</sponsorshipDate>
        <party>R</party>
        <firstName>KEN</firstName>
        <fullName>Rep. Calvert, Ken [R-CA-42]</fullName>
        <lastName>CALVERT</lastName>
        <identifiers>
          <bioguideId>C000059</bioguideId>
          <lisID>165</lisID>
          <gpoId>7849</gpoId>
        </identifiers>
        <sponsorshipWithdrawnDate />
        <district>42</district>
        <state>CA</state>
        <isOriginalCosponsor>True</isOriginalCosponsor>
        <middleName />
      </item>
      <item>
        <bioguideId>H000324</bioguideId>
        <sponsorshipDate>2017-01-24</sponsorshipDate>
        <party>D</party>
        <firstName>ALCEE</firstName>
        <fullName>Rep. Hastings, Alcee L. [D-FL-20]</fullName>
        <lastName>HASTINGS</lastName>
        <identifiers>
          <bioguideId>H000324</bioguideId>
          <gpoId>7895</gpoId>
          <lisID>511</lisID>
        </identifiers>
        <sponsorshipWithdrawnDate />
        <district>20</district>
        <state>FL</state>
        <isOriginalCosponsor>True</isOriginalCosponsor>
        <middleName>L.</middleName>
      </item>
      <item>
        <bioguideId>R000487</bioguideId>
        <sponsorshipDate>2017-01-24</sponsorshipDate>
        <party>R</party>
        <firstName>ED</firstName>
        <fullName>Rep. Royce, Edward R. [R-CA-39]</fullName>
        <lastName>ROYCE</lastName>
        <identifiers>
          <gpoId>7845</gpoId>
          <bioguideId>R000487</bioguideId>
          <lisID>998</lisID>
        </identifiers>
        <sponsorshipWithdrawnDate />
        <district>39</district>
        <state>CA</state>
        <isOriginalCosponsor>True</isOriginalCosponsor>
        <middleName />
      </item>
      <item>
        <bioguideId>L000578</bioguideId>
        <sponsorshipDate>2017-01-24</sponsorshipDate>
        <party>R</party>
        <firstName>Doug</firstName>
        <fullName>Rep. LaMalfa, Doug [R-CA-1]</fullName>
        <lastName>LaMalfa</lastName>
        <identifiers>
          <lisID>2100</lisID>
          <gpoId />
          <bioguideId>L000578</bioguideId>
        </identifiers>
        <sponsorshipWithdrawnDate />
        <district>1</district>
        <state>CA</state>
        <isOriginalCosponsor>True</isOriginalCosponsor>
        <middleName />
      </item>
      <item>
        <bioguideId>R000586</bioguideId>
        <sponsorshipDate>2017-01-24</sponsorshipDate>
        <party>R</party>
        <firstName>James</firstName>
        <fullName>Rep. Renacci, James B. [R-OH-16]</fullName>
        <lastName>Renacci</lastName>
        <identifiers>
          <gpoId>8106</gpoId>
          <bioguideId>R000586</bioguideId>
          <lisID>2048</lisID>
        </identifiers>
        <sponsorshipWithdrawnDate />
        <district>16</district>
        <state>OH</state>
        <isOriginalCosponsor>True</isOriginalCosponsor>
        <middleName>B.</middleName>
      </item>
      <item>
        <bioguideId>J000032</bioguideId>
        <sponsorshipDate>2017-01-24</sponsorshipDate>
        <party>D</party>
        <firstName>SHEILA</firstName>
        <fullName>Rep. Jackson Lee, Sheila [D-TX-18]</fullName>
        <lastName>JACKSON LEE</lastName>
        <identifiers>
          <gpoId>8174</gpoId>
          <lisID>588</lisID>
          <bioguideId>J000032</bioguideId>
        </identifiers>
        <sponsorshipWithdrawnDate />
        <district>18</district>
        <state>TX</state>
        <isOriginalCosponsor>True</isOriginalCosponsor>
        <middleName />
      </item>
      <item>
        <bioguideId>C001068</bioguideId>
        <sponsorshipDate>2017-01-24</sponsorshipDate>
        <party>D</party>
        <firstName>Steve</firstName>
        <fullName>Rep. Cohen, Steve [D-TN-9]</fullName>
        <lastName>Cohen</lastName>
        <identifiers>
          <lisID>1878</lisID>
          <gpoId>8156</gpoId>
          <bioguideId>C001068</bioguideId>
        </identifiers>
        <sponsorshipWithdrawnDate />
        <district>9</district>
        <state>TN</state>
        <isOriginalCosponsor>True</isOriginalCosponsor>
        <middleName />
      </item>
      <item>
        <bioguideId>D000612</bioguideId>
        <sponsorshipDate>2017-01-24</sponsorshipDate>
        <party>R</party>
        <firstName>Jeff</firstName>
        <fullName>Rep. Denham, Jeff [R-CA-10]</fullName>
        <lastName>Denham</lastName>
        <identifiers>
          <gpoId>7824</gpoId>
          <lisID>1995</lisID>
          <bioguideId>D000612</bioguideId>
        </identifiers>
        <sponsorshipWithdrawnDate />
        <district>10</district>
        <state>CA</state>
        <isOriginalCosponsor>True</isOriginalCosponsor>
        <middleName />
      </item>
      <item>
        <bioguideId>M001177</bioguideId>
        <sponsorshipDate>2017-01-24</sponsorshipDate>
        <party>R</party>
        <firstName>Tom</firstName>
        <fullName>Rep. McClintock, Tom [R-CA-4]</fullName>
        <lastName>McClintock</lastName>
        <identifiers>
          <lisID>1908</lisID>
          <gpoId>7809</gpoId>
          <bioguideId>M001177</bioguideId>
        </identifiers>
        <sponsorshipWithdrawnDate />
        <district>4</district>
        <state>CA</state>
        <isOriginalCosponsor>True</isOriginalCosponsor>
        <middleName />
      </item>
      <item>
        <bioguideId>R000591</bioguideId>
        <sponsorshipDate>2017-01-24</sponsorshipDate>
        <party>R</party>
        <firstName>Martha</firstName>
        <fullName>Rep. Roby, Martha [R-AL-2]</fullName>
        <lastName>Roby</lastName>
        <identifiers>
          <gpoId>7787</gpoId>
          <bioguideId>R000591</bioguideId>
          <lisID>1986</lisID>
        </identifiers>
        <sponsorshipWithdrawnDate />
        <district>2</district>
        <state>AL</state>
        <isOriginalCosponsor>True</isOriginalCosponsor>
        <middleName />
      </item>
      <item>
        <bioguideId>B001275</bioguideId>
        <sponsorshipDate>2017-01-24</sponsorshipDate>
        <party>R</party>
        <firstName>Larry</firstName>
        <fullName>Rep. Bucshon, Larry [R-IN-8]</fullName>
        <lastName>Bucshon</lastName>
        <identifiers>
          <bioguideId>B001275</bioguideId>
          <lisID>2018</lisID>
          <gpoId>7947</gpoId>
        </identifiers>
        <sponsorshipWithdrawnDate />
        <district>8</district>
        <state>IN</state>
        <isOriginalCosponsor>True</isOriginalCosponsor>
        <middleName />
      </item>
      <item>
        <bioguideId>N000181</bioguideId>
        <sponsorshipDate>2017-01-24</sponsorshipDate>
        <party>R</party>
        <firstName>Devin</firstName>
        <fullName>Rep. Nunes, Devin [R-CA-22]</fullName>
        <lastName>Nunes</lastName>
        <identifiers>
          <bioguideId>N000181</bioguideId>
          <gpoId>7826</gpoId>
          <lisID>1710</lisID>
        </identifiers>
        <sponsorshipWithdrawnDate />
        <district>22</district>
        <state>CA</state>
        <isOriginalCosponsor>True</isOriginalCosponsor>
        <middleName />
      </item>
      <item>
        <bioguideId>R000602</bioguideId>
        <sponsorshipDate>2017-01-24</sponsorshipDate>
        <party>D</party>
        <firstName>Kathleen</firstName>
        <fullName>Rep. Rice, Kathleen M. [D-NY-4]</fullName>
        <lastName>Rice</lastName>
        <identifiers>
          <lisID>2262</lisID>
          <gpoId />
          <bioguideId>R000602</bioguideId>
        </identifiers>
        <sponsorshipWithdrawnDate />
        <district>4</district>
        <state>NY</state>
        <isOriginalCosponsor>True</isOriginalCosponsor>
        <middleName>M.</middleName>
      </item>
      <item>
        <bioguideId>M001196</bioguideId>
        <sponsorshipDate>2017-01-24</sponsorshipDate>
        <party>D</party>
        <firstName>Seth</firstName>
        <fullName>Rep. Moulton, Seth [D-MA-6]</fullName>
        <lastName>Moulton</lastName>
        <identifiers>
          <lisID>2246</lisID>
          <gpoId />
          <bioguideId>M001196</bioguideId>
        </identifiers>
        <sponsorshipWithdrawnDate />
        <district>6</district>
        <state>MA</state>
        <isOriginalCosponsor>True</isOriginalCosponsor>
        <middleName />
      </item>
      <item>
        <bioguideId>M001202</bioguideId>
        <sponsorshipDate>2017-01-24</sponsorshipDate>
        <party>D</party>
        <firstName>Stephanie</firstName>
        <fullName>Rep. Murphy, Stephanie N. [D-FL-7]</fullName>
        <lastName>Murphy</lastName>
        <identifiers>
          <lisID>2318</lisID>
          <gpoId />
          <bioguideId>M001202</bioguideId>
        </identifiers>
        <sponsorshipWithdrawnDate />
        <district>7</district>
        <state>FL</state>
        <isOriginalCosponsor>True</isOriginalCosponsor>
        <middleName>N.</middleName>
      </item>
      <item>
        <bioguideId>D000627</bioguideId>
        <sponsorshipDate>2017-01-24</sponsorshipDate>
        <party>D</party>
        <firstName>Val</firstName>
        <fullName>Rep. Demings, Val Butler [D-FL-10]</fullName>
        <lastName>Demings</lastName>
        <identifiers>
          <bioguideId>D000627</bioguideId>
          <gpoId />
          <lisID>2320</lisID>
        </identifiers>
        <sponsorshipWithdrawnDate />
        <district>10</district>
        <state>FL</state>
        <isOriginalCosponsor>True</isOriginalCosponsor>
        <middleName>Butler</middleName>
      </item>
      <item>
        <bioguideId>K000381</bioguideId>
        <sponsorshipDate>2017-01-24</sponsorshipDate>
        <party>D</party>
        <firstName>Derek</firstName>
        <fullName>Rep. Kilmer, Derek [D-WA-6]</fullName>
        <lastName>Kilmer</lastName>
        <identifiers>
          <lisID>2169</lisID>
          <gpoId />
          <bioguideId>K000381</bioguideId>
        </identifiers>
        <sponsorshipWithdrawnDate />
        <district>6</district>
        <state>WA</state>
        <isOriginalCosponsor>True</isOriginalCosponsor>
        <middleName />
      </item>
      <item>
        <bioguideId>W000806</bioguideId>
        <sponsorshipDate>2017-01-24</sponsorshipDate>
        <party>R</party>
        <firstName>Daniel</firstName>
        <fullName>Rep. Webster, Daniel [R-FL-11]</fullName>
        <lastName>Webster</lastName>
        <identifiers>
          <lisID>2002</lisID>
          <gpoId>7880</gpoId>
          <bioguideId>W000806</bioguideId>
        </identifiers>
        <sponsorshipWithdrawnDate />
        <district>11</district>
        <state>FL</state>
        <isOriginalCosponsor>True</isOriginalCosponsor>
        <middleName />
      </item>
      <item>
        <bioguideId>C001112</bioguideId>
        <sponsorshipDate>2017-01-24</sponsorshipDate>
        <party>D</party>
        <firstName>Salud</firstName>
        <fullName>Rep. Carbajal, Salud O. [D-CA-24]</fullName>
        <lastName>Carbajal</lastName>
        <identifiers>
          <gpoId />
          <bioguideId>C001112</bioguideId>
          <lisID>2310</lisID>
        </identifiers>
        <sponsorshipWithdrawnDate />
        <district>24</district>
        <state>CA</state>
        <isOriginalCosponsor>True</isOriginalCosponsor>
        <middleName>O.</middleName>
      </item>
      <item>
        <bioguideId>M001185</bioguideId>
        <sponsorshipDate>2017-01-24</sponsorshipDate>
        <party>D</party>
        <firstName>Sean</firstName>
        <fullName>Rep. Maloney, Sean Patrick [D-NY-18]</fullName>
        <lastName>Maloney</lastName>
        <identifiers>
          <lisID>2150</lisID>
          <gpoId />
          <bioguideId>M001185</bioguideId>
        </identifiers>
        <sponsorshipWithdrawnDate />
        <district>18</district>
        <state>NY</state>
        <isOriginalCosponsor>True</isOriginalCosponsor>
        <middleName>Patrick</middleName>
      </item>
      <item>
        <bioguideId>C001059</bioguideId>
        <sponsorshipDate>2017-02-02</sponsorshipDate>
        <party>D</party>
        <firstName>Jim</firstName>
        <fullName>Rep. Costa, Jim [D-CA-16]</fullName>
        <lastName>Costa</lastName>
        <identifiers>
          <lisID>1774</lisID>
          <gpoId>7825</gpoId>
          <bioguideId>C001059</bioguideId>
        </identifiers>
        <sponsorshipWithdrawnDate />
        <district>16</district>
        <state>CA</state>
        <isOriginalCosponsor>False</isOriginalCosponsor>
        <middleName />
      </item>
      <item>
        <bioguideId>L000566</bioguideId>
        <sponsorshipDate>2017-02-02</sponsorshipDate>
        <party>R</party>
        <firstName>Robert</firstName>
        <fullName>Rep. Latta, Robert E. [R-OH-5]</fullName>
        <lastName>Latta</lastName>
        <identifiers>
          <bioguideId>L000566</bioguideId>
          <lisID>1885</lisID>
          <gpoId>8095</gpoId>
        </identifiers>
        <sponsorshipWithdrawnDate />
        <district>5</district>
        <state>OH</state>
        <isOriginalCosponsor>False</isOriginalCosponsor>
        <middleName>E.</middleName>
      </item>
      <item>
        <bioguideId>G000576</bioguideId>
        <sponsorshipDate>2017-02-02</sponsorshipDate>
        <party>R</party>
        <firstName>Glenn</firstName>
        <fullName>Rep. Grothman, Glenn [R-WI-6]</fullName>
        <lastName>Grothman</lastName>
        <identifiers>
          <bioguideId>G000576</bioguideId>
          <gpoId />
          <lisID>2276</lisID>
        </identifiers>
        <sponsorshipWithdrawnDate />
        <district>6</district>
        <state>WI</state>
        <isOriginalCosponsor>False</isOriginalCosponsor>
        <middleName />
      </item>
      <item>
        <bioguideId>B001285</bioguideId>
        <sponsorshipDate>2017-02-02</sponsorshipDate>
        <party>D</party>
        <firstName>Julia</firstName>
        <fullName>Rep. Brownley, Julia [D-CA-26]</fullName>
        <lastName>Brownley</lastName>
        <identifiers>
          <lisID>2106</lisID>
          <gpoId />
          <bioguideId>B001285</bioguideId>
        </identifiers>
        <sponsorshipWithdrawnDate />
        <district>26</district>
        <state>CA</state>
        <isOriginalCosponsor>False</isOriginalCosponsor>
        <middleName />
      </item>
      <item>
        <bioguideId>I000056</bioguideId>
        <sponsorshipDate>2017-02-13</sponsorshipDate>
        <party>R</party>
        <firstName>DARRELL</firstName>
        <fullName>Rep. Issa, Darrell E. [R-CA-49]</fullName>
        <lastName>ISSA</lastName>
        <identifiers>
          <gpoId>7854</gpoId>
          <lisID>1640</lisID>
          <bioguideId>I000056</bioguideId>
        </identifiers>
        <sponsorshipWithdrawnDate />
        <district>49</district>
        <state>CA</state>
        <isOriginalCosponsor>False</isOriginalCosponsor>
        <middleName>E.</middleName>
      </item>
      <item>
        <bioguideId>F000464</bioguideId>
        <sponsorshipDate>2017-05-23</sponsorshipDate>
        <party>R</party>
        <firstName>John</firstName>
        <fullName>Rep. Faso, John J. [R-NY-19]</fullName>
        <lastName>Faso</lastName>
        <identifiers>
          <bioguideId>F000464</bioguideId>
          <lisID>2343</lisID>
          <gpoId />
        </identifiers>
        <sponsorshipWithdrawnDate />
        <district>19</district>
        <state>NY</state>
        <isOriginalCosponsor>False</isOriginalCosponsor>
        <middleName>J.</middleName>
      </item>
      <item>
        <bioguideId>Y000066</bioguideId>
        <sponsorshipDate>2017-05-23</sponsorshipDate>
        <party>R</party>
        <firstName>David</firstName>
        <fullName>Rep. Young, David [R-IA-3]</fullName>
        <lastName>Young</lastName>
        <identifiers>
          <bioguideId>Y000066</bioguideId>
          <lisID>2242</lisID>
          <gpoId />
        </identifiers>
        <sponsorshipWithdrawnDate />
        <district>3</district>
        <state>IA</state>
        <isOriginalCosponsor>False</isOriginalCosponsor>
        <middleName />
      </item>
    </cosponsors>
    <actions>
      <actionByCounts>
        <senate>4</senate>
        <houseOfRepresentatives>18</houseOfRepresentatives>
      </actionByCounts>
      <item>
        <text>Became Public Law No: 115-59.</text>
        <links>
          <link>
            <url>https://www.congress.gov/bill/115th-congress/house-bill/624/text/pl</url>
            <name>Public Law No: 115-59</name>
          </link>
        </links>
        <sourceSystem>
          <code>2</code>
          <name>House floor actions</name>
        </sourceSystem>
        <actionDate>2017-09-15</actionDate>
        <actionCode>E40000</actionCode>
        <committee />
        <type>President</type>
      </item>
      <item>
        <text>Became Public Law No: 115-59.</text>
        <links>
          <link>
            <url>https://www.congress.gov/bill/115th-congress/house-bill/624/text/pl</url>
            <name>Public Law No: 115-59</name>
          </link>
        </links>
        <sourceSystem>
          <code>9</code>
          <name>Library of Congress</name>
        </sourceSystem>
        <actionDate>2017-09-15</actionDate>
        <actionCode>36000</actionCode>
        <committee />
        <type>BecameLaw</type>
      </item>
      <item>
        <text>Signed by President.</text>
        <links />
        <sourceSystem>
          <code>2</code>
          <name>House floor actions</name>
        </sourceSystem>
        <actionDate>2017-09-15</actionDate>
        <actionCode>E30000</actionCode>
        <committee />
        <type>President</type>
      </item>
      <item>
        <text>Signed by President.</text>
        <links />
        <sourceSystem>
          <code>9</code>
          <name>Library of Congress</name>
        </sourceSystem>
        <actionDate>2017-09-15</actionDate>
        <actionCode>36000</actionCode>
        <committee />
        <type>BecameLaw</type>
      </item>
      <item>
        <text>Presented to President.</text>
        <links />
        <sourceSystem>
          <code>2</code>
          <name>House floor actions</name>
        </sourceSystem>
        <actionDate>2017-09-08</actionDate>
        <actionCode>E20000</actionCode>
        <committee />
        <type>Floor</type>
      </item>
      <item>
        <text>Presented to President.</text>
        <links />
        <sourceSystem>
          <code>9</code>
          <name>Library of Congress</name>
        </sourceSystem>
        <actionDate>2017-09-08</actionDate>
        <actionCode>28000</actionCode>
        <committee />
        <type>President</type>
      </item>
      <item>
        <actionDate>2017-09-07</actionDate>
        <committee />
        <links />
        <sourceSystem>
          <code>0</code>
          <name>Senate</name>
        </sourceSystem>
        <text>Message on Senate action sent to the House.</text>
        <type>Floor</type>
      </item>
      <item>
        <actionDate>2017-09-06</actionDate>
        <committee />
        <links>
          <link>
            <url>https://www.congress.gov/congressional-record/volume-163/senate-section/page/S5020</url>
            <name>S5020</name>
          </link>
        </links>
        <sourceSystem>
          <code>0</code>
          <name>Senate</name>
        </sourceSystem>
        <text>Passed Senate without amendment by Unanimous Consent. (consideration: CR S5020)</text>
        <type>Floor</type>
      </item>
      <item>
        <text>Passed/agreed to in Senate: Passed Senate without amendment by Unanimous Consent.</text>
        <links />
        <sourceSystem>
          <code>9</code>
          <name>Library of Congress</name>
        </sourceSystem>
        <actionDate>2017-09-06</actionDate>
        <actionCode>17000</actionCode>
        <committee />
        <type>Floor</type>
      </item>
      <item>
        <actionDate>2017-05-25</actionDate>
        <committee />
        <links />
        <sourceSystem>
          <code>0</code>
          <name>Senate</name>
        </sourceSystem>
        <text>Received in the Senate. Read twice. Placed on Senate Legislative Calendar under General Orders. Calendar No. 106.</text>
        <type>Calendars</type>
      </item>
      <item>
        <actionTime>14:59:18</actionTime>
        <text>The title of the measure was amended. Agreed to without objection.</text>
        <links />
        <sourceSystem>
          <code>2</code>
          <name>House floor actions</name>
        </sourceSystem>
        <actionDate>2017-05-24</actionDate>
        <actionCode>H38800</actionCode>
        <committee />
        <type>Floor</type>
      </item>
      <item>
        <actionTime>14:59:16</actionTime>
        <text>Motion to reconsider laid on the table Agreed to without objection.</text>
        <links />
        <sourceSystem>
          <code>2</code>
          <name>House floor actions</name>
        </sourceSystem>
        <actionDate>2017-05-24</actionDate>
        <actionCode>H38310</actionCode>
        <committee />
        <type>Floor</type>
      </item>
      <item>
        <actionTime>14:59:14</actionTime>
        <text>On motion to suspend the rules and pass the bill, as amended Agreed to by voice vote. (text: CR H4533)</text>
        <links>
          <link>
            <url>https://www.congress.gov/congressional-record/volume-163/house-section/page/H4533</url>
            <name>H4533</name>
          </link>
        </links>
        <sourceSystem>
          <code>2</code>
          <name>House floor actions</name>
        </sourceSystem>
        <actionDate>2017-05-24</actionDate>
        <actionCode>H37300</actionCode>
        <committee />
        <type>Floor</type>
      </item>
      <item>
        <actionTime>14:59:14</actionTime>
        <text>Passed/agreed to in House: On motion to suspend the rules and pass the bill, as amended Agreed to by voice vote.</text>
        <links />
        <sourceSystem>
          <code>9</code>
          <name>Library of Congress</name>
        </sourceSystem>
        <actionDate>2017-05-24</actionDate>
        <actionCode>8000</actionCode>
        <committee />
        <type>Floor</type>
      </item>
      <item>
        <actionTime>14:40:53</actionTime>
        <text>DEBATE - The House proceeded with forty minutes of debate on H.R. 624.</text>
        <links>
          <link>
            <url>https://www.congress.gov/bill/115th-congress/house-bill/624</url>
            <name>H.R. 624</name>
          </link>
        </links>
        <sourceSystem>
          <code>2</code>
          <name>House floor actions</name>
        </sourceSystem>
        <actionDate>2017-05-24</actionDate>
        <actionCode>H8D000</actionCode>
        <committee />
        <type>Floor</type>
      </item>
      <item>
        <actionTime>14:40:50</actionTime>
        <text>Considered under suspension of the rules. (consideration: CR H4533-4535)</text>
        <links>
          <link>
            <url>https://www.congress.gov/congressional-record/volume-163/house-section/page/H4533-4535</url>
            <name>H4533-4535</name>
          </link>
        </links>
        <sourceSystem>
          <code>2</code>
          <name>House floor actions</name>
        </sourceSystem>
        <actionDate>2017-05-24</actionDate>
        <actionCode>H30000</actionCode>
        <committee />
        <type>Floor</type>
      </item>
      <item>
        <actionTime>14:40:41</actionTime>
        <text>Mr. Ross moved to suspend the rules and pass the bill, as amended.</text>
        <links />
        <sourceSystem>
          <code>2</code>
          <name>House floor actions</name>
        </sourceSystem>
        <actionDate>2017-05-24</actionDate>
        <actionCode>H30300</actionCode>
        <committee />
        <type>Floor</type>
      </item>
      <item>
        <text>Placed on the Union Calendar, Calendar No. 98.</text>
        <links />
        <sourceSystem>
          <code>2</code>
          <name>House floor actions</name>
        </sourceSystem>
        <actionDate>2017-05-23</actionDate>
        <actionCode>H12410</actionCode>
        <committee />
        <type>Calendars</type>
      </item>
      <item>
        <text>Committee on Ways and Means discharged.</text>
        <links />
        <sourceSystem>
          <code>2</code>
          <name>House floor actions</name>
        </sourceSystem>
        <actionDate>2017-05-23</actionDate>
        <actionCode>H12300</actionCode>
        <committee>
          <systemCode>hswm00</systemCode>
          <name>Ways and Means Committee</name>
        </committee>
        <type>Discharge</type>
      </item>
      <item>
        <text>Committee on Ways and Means discharged.</text>
        <links />
        <sourceSystem>
          <code>9</code>
          <name>Library of Congress</name>
        </sourceSystem>
        <actionDate>2017-05-23</actionDate>
        <actionCode>5500</actionCode>
        <committee>
          <systemCode>hswm00</systemCode>
          <name>Ways and Means Committee</name>
        </committee>
        <type>Committee</type>
      </item>
      <item>
        <text>Referred sequentially to the House Committee on Ways and Means for a period ending not later than May 23, 2017 for consideration of such provisions of the bill and amendment as fall within the jurisdiction of that committee pursuant to clause 1(t) of rule X.</text>
        <links />
        <sourceSystem>
          <code>2</code>
          <name>House floor actions</name>
        </sourceSystem>
        <actionDate>2017-05-23</actionDate>
        <actionCode>H11200</actionCode>
        <committee>
          <systemCode>hswm00</systemCode>
          <name>Ways and Means Committee</name>
        </committee>
        <type>IntroReferral</type>
      </item>
      <item>
        <text>Reported (Amended) by the Committee on 115-150, Part I.</text>
        <links />
        <sourceSystem>
          <code>2</code>
          <name>House floor actions</name>
        </sourceSystem>
        <actionDate>2017-05-23</actionDate>
        <actionCode>H12200</actionCode>
        <committee>
          <systemCode>hsgo00</systemCode>
          <name>Oversight and Government Reform Committee</name>
        </committee>
        <type>Committee</type>
      </item>
      <item>
        <text>Reported (Amended) by the Committee on 115-150, Part I.</text>
        <links />
        <sourceSystem>
          <code>9</code>
          <name>Library of Congress</name>
        </sourceSystem>
        <actionDate>2017-05-23</actionDate>
        <actionCode>5000</actionCode>
        <committee>
          <systemCode>hsgo00</systemCode>
          <name>Oversight and Government Reform Committee</name>
        </committee>
        <type>Committee</type>
      </item>
      <item>
        <actionDate>2017-02-14</actionDate>
        <committee>
          <systemCode>hsgo00</systemCode>
          <name>Oversight and Government Reform Committee</name>
        </committee>
        <links />
        <sourceSystem>
          <code>1</code>
          <name>House committee actions</name>
        </sourceSystem>
        <text>Ordered to be Reported (Amended) by Voice Vote.</text>
        <type>Committee</type>
      </item>
      <item>
        <actionDate>2017-02-14</actionDate>
        <committee>
          <systemCode>hsgo00</systemCode>
          <name>Oversight and Government Reform Committee</name>
        </committee>
        <links />
        <sourceSystem>
          <code>1</code>
          <name>House committee actions</name>
        </sourceSystem>
        <text>Committee Consideration and Mark-up Session Held.</text>
        <type>Committee</type>
      </item>
      <item>
        <text>Referred to the House Committee on Oversight and Government Reform.</text>
        <links />
        <sourceSystem>
          <code>2</code>
          <name>House floor actions</name>
        </sourceSystem>
        <actionDate>2017-01-24</actionDate>
        <actionCode>H11100</actionCode>
        <committee>
          <systemCode>hsgo00</systemCode>
          <name>Oversight and Government Reform Committee</name>
        </committee>
        <type>IntroReferral</type>
      </item>
      <item>
        <text>Introduced in House</text>
        <links />
        <sourceSystem>
          <code>9</code>
          <name>Library of Congress</name>
        </sourceSystem>
        <actionDate>2017-01-24</actionDate>
        <actionCode>Intro-H</actionCode>
        <committee />
        <type>IntroReferral</type>
      </item>
      <item>
        <text>Introduced in House</text>
        <links />
        <sourceSystem>
          <code>9</code>
          <name>Library of Congress</name>
        </sourceSystem>
        <actionDate>2017-01-24</actionDate>
        <actionCode>1000</actionCode>
        <committee />
        <type>IntroReferral</type>
      </item>
      <actionTypeCounts>
        <amendingTheTitleOfAnActWithoutObjection>1</amendingTheTitleOfAnActWithoutObjection>
        <placedOnCalendarSection>1</placedOnCalendarSection>
        <passedAgreedToInSenate>1</passedAgreedToInSenate>
        <placeholderTextForE>3</placeholderTextForE>
        <passedSenate>1</passedSenate>
        <placeholderTextForH>1</placeholderTextForH>
        <motionToReconsiderResults>1</motionToReconsiderResults>
        <reportedToHouse>1</reportedToHouse>
        <actionStageOverride>1</actionStageOverride>
        <becamePublicLaw>2</becamePublicLaw>
        <generalDebate>1</generalDebate>
        <introducedInHouse>1</introducedInHouse>
        <passedAgreedToInHouse>1</passedAgreedToInHouse>
        <sequentialReferralOfBill>1</sequentialReferralOfBill>
        <introducedInTheHouse>1</introducedInTheHouse>
        <sentToHouse>1</sentToHouse>
        <considerationByHouse>1</considerationByHouse>
        <billReferrals>1</billReferrals>
        <unionCalendarAssignment>1</unionCalendarAssignment>
        <committeeDischarged>1</committeeDischarged>
        <motionMadeToSuspendTheRules>1</motionMadeToSuspendTheRules>
        <presentedToPresident>1</presentedToPresident>
        <finalPassageUnderSuspensionOfTheRulesResults>1</finalPassageUnderSuspensionOfTheRulesResults>
        <houseCommitteeDischarged>1</houseCommitteeDischarged>
        <committeeReportOfABill>1</committeeReportOfABill>
      </actionTypeCounts>
    </actions>
    <originChamber>House</originChamber>
    <latestAction>
      <actionDate>2017-09-15</actionDate>
      <text>Became Public Law No: 115-59.</text>
      <links>
        <link>
          <url>https://www.congress.gov/bill/115th-congress/house-bill/624/text/pl</url>
          <name>Public Law No: 115-59</name>
        </link>
      </links>
    </latestAction>
    <calendarNumbers>
      <item>
        <calendar>Senate Calendar of Business</calendar>
        <number>0106</number>
      </item>
      <item>
        <calendar>U00098</calendar>
        <number />
      </item>
    </calendarNumbers>
    <committeeReports>
      <committeeReport>
        <citation>H. Rept. 115-150</citation>
      </committeeReport>
    </committeeReports>
    <congress>115</congress>
    <cboCostEstimates>
      <item>
        <pubDate>2017-02-24T21:04:00Z</pubDate>
        <url>https://www.cbo.gov/publication/52460</url>
        <title>H.R. 624, Social Security Fraud Prevention Act of 2017</title>
      </item>
    </cboCostEstimates>
    <relatedBills>
      <item>
        <congress>115</congress>
        <number>218</number>
        <relationshipDetails>
          <item>
            <identifiedBy>CRS</identifiedBy>
            <type>Identical bill</type>
          </item>
        </relationshipDetails>
        <latestTitle>Social Security Fraud Prevention Act of 2017</latestTitle>
        <type>S</type>
        <latestAction>
          <text>Placed on Senate Legislative Calendar under General Orders. Calendar No. 79.</text>
          <actionDate>2017-05-15</actionDate>
        </latestAction>
      </item>
      <item>
        <congress>115</congress>
        <number>1513</number>
        <relationshipDetails>
          <item>
            <identifiedBy>CRS</identifiedBy>
            <type>Related bill</type>
          </item>
        </relationshipDetails>
        <latestTitle>Social Security Must Avert Identity Loss (MAIL) Act of 2017</latestTitle>
        <type>HR</type>
        <latestAction>
          <text>Referred to the Subcommittee on Social Security.</text>
          <actionDate>2017-03-21</actionDate>
        </latestAction>
      </item>
    </relatedBills>
    <billNumber>624</billNumber>
    <amendments />
    <committees>
      <billCommittees>
        <item>
          <activities>
            <item>
              <date>2017-05-23T19:54:19Z</date>
              <name>Discharged from</name>
            </item>
            <item>
              <date>2017-05-23T19:51:31Z</date>
              <name>Referred to</name>
            </item>
          </activities>
          <systemCode>hswm00</systemCode>
          <chamber>House</chamber>
          <type>Standing</type>
          <name>Ways and Means Committee</name>
          <subcommittees />
        </item>
        <item>
          <activities>
            <item>
              <date>2017-05-23T19:50:06Z</date>
              <name>Reported by</name>
            </item>
            <item>
              <date>2017-02-14T21:06:00Z</date>
              <name>Markup by</name>
            </item>
            <item>
              <date>2017-01-24T15:02:40Z</date>
              <name>Referred to</name>
            </item>
          </activities>
          <systemCode>hsgo00</systemCode>
          <chamber>House</chamber>
          <type>Standing</type>
          <name>Oversight and Government Reform Committee</name>
          <subcommittees />
        </item>
      </billCommittees>
    </committees>
    <updateDate>2018-03-30T14:00:34Z</updateDate>
    <summaries>
      <billSummaries>
        <item>
          <actionDate>2017-01-24</actionDate>
          <text><![CDATA[<p><b>Social Security Fraud Prevention Act of 2017</b></p> <p>This bill prohibits federal departments and agencies from including the Social Security account number of any individual on any document sent by mail unless the department or agency determines that inclusion of that Social Security number on the document is necessary.</p> <p>Departments and agencies must issue regulations within one year of this bill's enactment that specify the circumstances under which the inclusion of Social Security account numbers on mailed documents is necessary.</p>]]></text>
          <updateDate>2017-01-24T05:00:00Z</updateDate>
          <versionCode>00</versionCode>
          <lastSummaryUpdateDate>2017-07-22T13:59:26Z</lastSummaryUpdateDate>
          <actionDesc>Introduced in House</actionDesc>
          <name>Introduced in House</name>
        </item>
        <item>
          <actionDate>2017-05-23</actionDate>
          <text><![CDATA[<p><b>Social Security Fraud Prevention Act of 2017</b></p> <p>(Sec. 2) This bill: (1) prohibits federal agencies from including any individual's Social Security account number on any document sent by mail unless the agency determines that such inclusion is necessary; and (2) requires agencies, within five years of this bill's enactment, to issue regulations that specify the circumstances under which such inclusion is necessary.</p>]]></text>
          <updateDate>2017-05-23T13:57:42Z</updateDate>
          <versionCode>18</versionCode>
          <lastSummaryUpdateDate>2017-07-22T14:00:52Z</lastSummaryUpdateDate>
          <actionDesc>Reported to House amended, Part I</actionDesc>
          <name>Reported to House amended, Part I</name>
        </item>
        <item>
          <actionDate>2017-05-24</actionDate>
          <text><![CDATA[<p><b>Social Security Number Fraud Prevention Act of 2017</b></p> <p>(Sec. 2) This bill: (1) prohibits federal agencies (including legislative and judicial branch agencies, with specified exceptions) from including any individual's Social Security account number on any document sent by mail unless the agency head determines that such inclusion is necessary; and (2) requires agencies that have Chief Financial Officers to issue regulations, within five years of this bill's enactment, that specify the circumstances under which such inclusion is necessary.</p>]]></text>
          <updateDate>2017-05-24T14:14:36Z</updateDate>
          <versionCode>36</versionCode>
          <lastSummaryUpdateDate>2017-07-19T18:10:14Z</lastSummaryUpdateDate>
          <actionDesc>Passed House amended</actionDesc>
          <name>Passed House amended</name>
        </item>
        <item>
          <actionDate>2017-09-06</actionDate>
          <text><![CDATA[<p>(This measure has not been amended since it was passed by the House on May 24, 2017. The summary of that version is repeated here.)</p> <p><b>Social Security Number Fraud Prevention Act of 2017</b></p> <p>(Sec. 2) This bill: (1) prohibits federal agencies (including legislative and judicial branch agencies, with specified exceptions) from including any individual's Social Security account number on any document sent by mail unless the agency head determines that such inclusion is necessary; and (2) requires agencies that have Chief Financial Officers to issue regulations, within five years of this bill's enactment, that specify the circumstances under which such inclusion is necessary.</p>]]></text>
          <updateDate>2017-09-06T13:52:07Z</updateDate>
          <versionCode>82</versionCode>
          <lastSummaryUpdateDate>2017-10-16T20:50:47Z</lastSummaryUpdateDate>
          <actionDesc>Passed Senate without amendment</actionDesc>
          <name>Passed Senate without amendment</name>
        </item>
        <item>
          <actionDate>2017-09-15</actionDate>
          <text><![CDATA[<p>(This measure has not been amended since it was passed by the House on May 24, 2017. The summary of that version is repeated here.)</p> <p><b>Social Security Number Fraud Prevention Act of 2017</b></p> <p>(Sec. 2) This bill: (1) prohibits federal agencies (including legislative and judicial branch agencies, with specified exceptions) from including any individual's Social Security account number on any document sent by mail unless the agency head determines that such inclusion is necessary; and (2) requires agencies that have Chief Financial Officers to issue regulations, within five years of this bill's enactment, that specify the circumstances under which such inclusion is necessary.</p>]]></text>
          <updateDate>2017-09-16T03:59:59Z</updateDate>
          <versionCode>49</versionCode>
          <lastSummaryUpdateDate>2017-10-16T20:50:57Z</lastSummaryUpdateDate>
          <actionDesc>Public Law</actionDesc>
          <name>Public Law</name>
        </item>
      </billSummaries>
    </summaries>
    <recordedVotes />
    <version>1.0.0</version>
    <sponsors>
      <item>
        <firstName>David</firstName>
        <byRequestType />
        <fullName>Rep. Valadao, David G. [R-CA-21]</fullName>
        <bioguideId>V000129</bioguideId>
        <state>CA</state>
        <district>21</district>
        <party>R</party>
        <identifiers>
          <lisID>2105</lisID>
          <gpoId />
          <bioguideId>V000129</bioguideId>
        </identifiers>
        <middleName>G.</middleName>
        <lastName>Valadao</lastName>
      </item>
    </sponsors>
    <subjects>
      <billSubjects>
        <legislativeSubjects>
          <item>
            <name>Computer security and identity theft</name>
          </item>
          <item>
            <name>Government information and archives</name>
          </item>
          <item>
            <name>Postal service</name>
          </item>
        </legislativeSubjects>
        <policyArea>
          <name>Government Operations and Politics</name>
        </policyArea>
      </billSubjects>
    </subjects>
    <billType>HR</billType>
    <laws>
      <item>
        <number>115-59</number>
        <type>Public Law</type>
      </item>
    </laws>
    <titles>
      <item>
        <titleType>Short Titles as Enacted</titleType>
        <parentTitleType>Short Title</parentTitleType>
        <title>Social Security Number Fraud Prevention Act of 2017</title>
        <chamberName />
        <chamberCode />
      </item>
      <item>
        <titleType>Short Titles as Passed Senate</titleType>
        <parentTitleType>Short Titles Senate</parentTitleType>
        <title>Social Security Number Fraud Prevention Act of 2017</title>
        <chamberName>Senate</chamberName>
        <chamberCode>S</chamberCode>
      </item>
      <item>
        <titleType>Short Titles as Passed House</titleType>
        <parentTitleType>Short Titles House of Representatives</parentTitleType>
        <title>Social Security Number Fraud Prevention Act of 2017</title>
        <chamberName>House</chamberName>
        <chamberCode>H</chamberCode>
      </item>
      <item>
        <titleType>Short Titles as Reported to House</titleType>
        <parentTitleType>Short Titles House of Representatives</parentTitleType>
        <title>Social Security Fraud Prevention Act of 2017</title>
        <chamberName>House</chamberName>
        <chamberCode>H</chamberCode>
      </item>
      <item>
        <titleType>Short Titles as Introduced</titleType>
        <parentTitleType />
        <title>Social Security Fraud Prevention Act of 2017</title>
        <chamberName />
        <chamberCode />
      </item>
      <item>
        <titleType>Official Titles as Amended by House</titleType>
        <parentTitleType>Official Titles House of Representatives</parentTitleType>
        <title>To restrict the inclusion of social security account numbers on Federal documents sent by mail, and for other purposes.</title>
        <chamberName>House</chamberName>
        <chamberCode>H</chamberCode>
      </item>
      <item>
        <titleType>Official Title as Introduced</titleType>
        <parentTitleType />
        <title>To restrict the inclusion of social security account numbers on documents sent by mail by the Federal Government, and for other purposes.</title>
        <chamberName />
        <chamberCode />
      </item>
      <item>
        <titleType>Display Title</titleType>
        <parentTitleType />
        <title>Social Security Number Fraud Prevention Act of 2017</title>
        <chamberName />
        <chamberCode />
      </item>
      <item>
        <titleType>(Extracted from GPO) Short Titles as Passed House</titleType>
        <parentTitleType />
        <title>Social Security Number Fraud Prevention Act of 2017</title>
        <chamberName>House</chamberName>
        <chamberCode>H</chamberCode>
      </item>
      <item>
        <titleType>(Extracted from GPO) Short Titles as Reported to House</titleType>
        <parentTitleType />
        <title>Social Security Fraud Prevention Act of 2017</title>
        <chamberName>House</chamberName>
        <chamberCode>H</chamberCode>
      </item>
      <item>
        <titleType>(Extracted from GPO) Short Titles as Introduced</titleType>
        <parentTitleType />
        <title>Social Security Fraud Prevention Act of 2017</title>
        <chamberName />
        <chamberCode />
      </item>
    </titles>
  </bill>
  <dublinCore xmlns:dc="http://purl.org/dc/elements/1.1/">
    <dc:format>text/xml</dc:format>
    <dc:language>EN</dc:language>
    <dc:rights>Pursuant to Title 17 Section 105 of the United States Code, this file is not subject to copyright protection and is in the public domain.</dc:rights>
    <dc:contributor>Congressional Research Service, Library of Congress</dc:contributor>
    <dc:description>This file contains bill summaries and statuses for federal legislation. A bill summary describes the most significant provisions of a piece of legislation and details the effects the legislative text may have on current law and federal programs. Bill summaries are authored by the Congressional Research Service (CRS) of the Library of Congress. As stated in Public Law 91-510 (2 USC 166 (d)(6)), one of the duties of CRS is "to prepare summaries and digests of bills and resolutions of a public general nature introduced in the Senate or House of Representatives". For more information, refer to the User Guide that accompanies this file.</dc:description>
  </dublinCore>
</billStatus>

