<?xml version="1.0" encoding="UTF-8"?>
<billStatus>
  <bill>
    <introducedDate>2017-01-13</introducedDate>
    <billType>HR</billType>
    <summaries>
      <billSummaries>
        <item>
          <actionDesc>Introduced in House</actionDesc>
          <name>Introduced in House</name>
          <versionCode>00</versionCode>
          <actionDate>2017-01-13</actionDate>
          <text><![CDATA[<p><b>Traditional Cigar Manufacturing and Small Business Jobs Preservation Act of 2017</b></p> <p>This bill amends the Federal Food, Drug, and Cosmetic Act to exempt traditional large and premium cigars from regulation by the Food and Drug Administration (FDA) and from user fees assessed on tobacco products by the FDA.</p>]]></text>
          <lastSummaryUpdateDate>2017-02-01T16:39:41Z</lastSummaryUpdateDate>
          <updateDate>2017-01-13T05:00:00Z</updateDate>
        </item>
      </billSummaries>
    </summaries>
    <cboCostEstimates />
    <policyArea>
      <name>Health</name>
    </policyArea>
    <calendarNumbers />
    <relatedBills>
      <item>
        <number>294</number>
        <latestAction>
          <actionDate>2017-02-02</actionDate>
          <text>Read twice and referred to the Committee on Health, Education, Labor, and Pensions.</text>
        </latestAction>
        <relationshipDetails>
          <item>
            <identifiedBy>CRS</identifiedBy>
            <type>Identical bill</type>
          </item>
        </relationshipDetails>
        <latestTitle>Traditional Cigar Manufacturing and Small Business Jobs Preservation Act of 2017</latestTitle>
        <type>S</type>
        <congress>115</congress>
      </item>
    </relatedBills>
    <originChamber>House</originChamber>
    <amendments />
    <titles>
      <item>
        <titleType>Short Titles as Introduced</titleType>
        <chamberCode />
        <parentTitleType />
        <chamberName />
        <title>Traditional Cigar Manufacturing and Small Business Jobs Preservation Act of 2017</title>
      </item>
      <item>
        <titleType>Official Title as Introduced</titleType>
        <chamberCode />
        <parentTitleType />
        <chamberName />
        <title>To amend the Federal Food, Drug, and Cosmetic Act to clarify the Food and Drug Administration's jurisdiction over certain tobacco products, and to protect jobs and small businesses involved in the sale, manufacturing and distribution of traditional and premium cigars.</title>
      </item>
      <item>
        <titleType>Display Title</titleType>
        <chamberCode />
        <parentTitleType />
        <chamberName />
        <title>Traditional Cigar Manufacturing and Small Business Jobs Preservation Act of 2017</title>
      </item>
      <item>
        <titleType>(Extracted from GPO) Short Titles as Introduced</titleType>
        <chamberCode />
        <parentTitleType />
        <chamberName />
        <title>Traditional Cigar Manufacturing and Small Business Jobs Preservation Act of 2017</title>
      </item>
    </titles>
    <createDate>2017-01-14T04:47:33Z</createDate>
    <constitutionalAuthorityStatementText><![CDATA[<pre>From the Congressional Record Online through the Government Publishing Office [<a href='http://www.gpo.gov'>www.gpo.gov</a>]By Mr. POSEY:H.R. 564.Congress has the power to enact this legislation pursuantto the following:Article 1, Section 8, Clause 1Article 1, Section 8, Clause 3Article 1, Section 8, Clause 18[Page H548]</pre>]]></constitutionalAuthorityStatementText>
    <actions>
      <item>
        <actionDate>2017-01-13</actionDate>
        <text>Referred to the House Committee on Energy and Commerce.</text>
        <links />
        <committee>
          <name>Energy and Commerce Committee</name>
          <systemCode>hsif00</systemCode>
        </committee>
        <sourceSystem>
          <code>2</code>
          <name>House floor actions</name>
        </sourceSystem>
        <actionCode>H11100</actionCode>
        <type>IntroReferral</type>
      </item>
      <item>
        <actionDate>2017-01-13</actionDate>
        <text>Introduced in House</text>
        <links />
        <committee />
        <sourceSystem>
          <code>9</code>
          <name>Library of Congress</name>
        </sourceSystem>
        <actionCode>Intro-H</actionCode>
        <type>IntroReferral</type>
      </item>
      <item>
        <actionDate>2017-01-13</actionDate>
        <text>Introduced in House</text>
        <links />
        <committee />
        <sourceSystem>
          <code>9</code>
          <name>Library of Congress</name>
        </sourceSystem>
        <actionCode>1000</actionCode>
        <type>IntroReferral</type>
      </item>
      <actionTypeCounts>
        <introducedInHouse>1</introducedInHouse>
        <introducedInTheHouse>1</introducedInTheHouse>
        <billReferrals>1</billReferrals>
      </actionTypeCounts>
      <actionByCounts>
        <houseOfRepresentatives>3</houseOfRepresentatives>
      </actionByCounts>
    </actions>
    <laws />
    <version>1.0.0</version>
    <cosponsors>
      <item>
        <state>PA</state>
        <middleName />
        <fullName>Rep. Murphy, Tim [R-PA-18]</fullName>
        <sponsorshipDate>2017-01-13</sponsorshipDate>
        <firstName>Tim</firstName>
        <sponsorshipWithdrawnDate />
        <bioguideId>M001151</bioguideId>
        <lastName>Murphy</lastName>
        <district>18</district>
        <party>R</party>
        <isOriginalCosponsor>True</isOriginalCosponsor>
        <identifiers>
          <lisID>1744</lisID>
          <gpoId>8723</gpoId>
          <bioguideId>M001151</bioguideId>
        </identifiers>
      </item>
      <item>
        <state>CA</state>
        <middleName />
        <fullName>Rep. Calvert, Ken [R-CA-42]</fullName>
        <sponsorshipDate>2017-01-13</sponsorshipDate>
        <firstName>KEN</firstName>
        <sponsorshipWithdrawnDate />
        <bioguideId>C000059</bioguideId>
        <lastName>CALVERT</lastName>
        <district>42</district>
        <party>R</party>
        <isOriginalCosponsor>True</isOriginalCosponsor>
        <identifiers>
          <bioguideId>C000059</bioguideId>
          <lisID>165</lisID>
          <gpoId>7849</gpoId>
        </identifiers>
      </item>
      <item>
        <state>KS</state>
        <middleName />
        <fullName>Rep. Yoder, Kevin [R-KS-3]</fullName>
        <sponsorshipDate>2017-01-13</sponsorshipDate>
        <firstName>Kevin</firstName>
        <sponsorshipWithdrawnDate />
        <bioguideId>Y000063</bioguideId>
        <lastName>Yoder</lastName>
        <district>3</district>
        <party>R</party>
        <isOriginalCosponsor>True</isOriginalCosponsor>
        <identifiers>
          <lisID>2021</lisID>
          <gpoId>7951</gpoId>
          <bioguideId>Y000063</bioguideId>
        </identifiers>
      </item>
      <item>
        <state>KY</state>
        <middleName />
        <fullName>Rep. Rogers, Harold [R-KY-5]</fullName>
        <sponsorshipDate>2017-01-13</sponsorshipDate>
        <firstName>HAROLD</firstName>
        <sponsorshipWithdrawnDate />
        <bioguideId>R000395</bioguideId>
        <lastName>ROGERS</lastName>
        <district>5</district>
        <party>R</party>
        <isOriginalCosponsor>True</isOriginalCosponsor>
        <identifiers>
          <lisID>977</lisID>
          <gpoId>7957</gpoId>
          <bioguideId>R000395</bioguideId>
        </identifiers>
      </item>
      <item>
        <state>KS</state>
        <middleName />
        <fullName>Rep. Jenkins, Lynn [R-KS-2]</fullName>
        <sponsorshipDate>2017-01-13</sponsorshipDate>
        <firstName>Lynn</firstName>
        <sponsorshipWithdrawnDate />
        <bioguideId>J000290</bioguideId>
        <lastName>Jenkins</lastName>
        <district>2</district>
        <party>R</party>
        <isOriginalCosponsor>True</isOriginalCosponsor>
        <identifiers>
          <bioguideId>J000290</bioguideId>
          <gpoId>7950</gpoId>
          <lisID>1921</lisID>
        </identifiers>
      </item>
      <item>
        <state>FL</state>
        <middleName />
        <fullName>Rep. Ros-Lehtinen, Ileana [R-FL-27]</fullName>
        <sponsorshipDate>2017-01-13</sponsorshipDate>
        <firstName>ILEANA</firstName>
        <sponsorshipWithdrawnDate />
        <bioguideId>R000435</bioguideId>
        <lastName>ROS-LEHTINEN</lastName>
        <district>27</district>
        <party>R</party>
        <isOriginalCosponsor>True</isOriginalCosponsor>
        <identifiers>
          <lisID>985</lisID>
          <gpoId>7890</gpoId>
          <bioguideId>R000435</bioguideId>
        </identifiers>
      </item>
      <item>
        <state>MD</state>
        <middleName>Dutch</middleName>
        <fullName>Rep. Ruppersberger, C. A. Dutch [D-MD-2]</fullName>
        <sponsorshipDate>2017-01-13</sponsorshipDate>
        <firstName>C. A.</firstName>
        <sponsorshipWithdrawnDate />
        <bioguideId>R000576</bioguideId>
        <lastName>Ruppersberger</lastName>
        <district>2</district>
        <party>D</party>
        <isOriginalCosponsor>True</isOriginalCosponsor>
        <identifiers>
          <bioguideId>R000576</bioguideId>
          <lisID>1728</lisID>
          <gpoId>7977</gpoId>
        </identifiers>
      </item>
      <item>
        <state>CA</state>
        <middleName />
        <fullName>Rep. Knight, Stephen [R-CA-25]</fullName>
        <sponsorshipDate>2017-01-13</sponsorshipDate>
        <firstName>Stephen</firstName>
        <sponsorshipWithdrawnDate />
        <bioguideId>K000387</bioguideId>
        <lastName>Knight</lastName>
        <district>25</district>
        <party>R</party>
        <isOriginalCosponsor>True</isOriginalCosponsor>
        <identifiers>
          <lisID>2228</lisID>
          <gpoId />
          <bioguideId>K000387</bioguideId>
        </identifiers>
      </item>
      <item>
        <state>CA</state>
        <middleName />
        <fullName>Rep. Cardenas, Tony [D-CA-29]</fullName>
        <sponsorshipDate>2017-01-13</sponsorshipDate>
        <firstName>Tony</firstName>
        <sponsorshipWithdrawnDate />
        <bioguideId>C001097</bioguideId>
        <lastName>Cardenas</lastName>
        <district>29</district>
        <party>D</party>
        <isOriginalCosponsor>True</isOriginalCosponsor>
        <identifiers>
          <lisID>2107</lisID>
          <gpoId />
          <bioguideId>C001097</bioguideId>
        </identifiers>
      </item>
      <item>
        <state>FL</state>
        <middleName>M.</middleName>
        <fullName>Rep. Bilirakis, Gus M. [R-FL-12]</fullName>
        <sponsorshipDate>2017-01-13</sponsorshipDate>
        <firstName>Gus</firstName>
        <sponsorshipWithdrawnDate />
        <bioguideId>B001257</bioguideId>
        <lastName>Bilirakis</lastName>
        <district>12</district>
        <party>R</party>
        <isOriginalCosponsor>True</isOriginalCosponsor>
        <identifiers>
          <lisID>1838</lisID>
          <gpoId>7881</gpoId>
          <bioguideId>B001257</bioguideId>
        </identifiers>
      </item>
      <item>
        <state>FL</state>
        <middleName />
        <fullName>Rep. Diaz-Balart, Mario [R-FL-25]</fullName>
        <sponsorshipDate>2017-01-13</sponsorshipDate>
        <firstName>Mario</firstName>
        <sponsorshipWithdrawnDate />
        <bioguideId>D000600</bioguideId>
        <lastName>Diaz-Balart</lastName>
        <district>25</district>
        <party>R</party>
        <isOriginalCosponsor>True</isOriginalCosponsor>
        <identifiers>
          <bioguideId>D000600</bioguideId>
          <gpoId>7893</gpoId>
          <lisID>1717</lisID>
        </identifiers>
      </item>
      <item>
        <state>FL</state>
        <middleName />
        <fullName>Rep. Castor, Kathy [D-FL-14]</fullName>
        <sponsorshipDate>2017-01-13</sponsorshipDate>
        <firstName>Kathy</firstName>
        <sponsorshipWithdrawnDate />
        <bioguideId>C001066</bioguideId>
        <lastName>Castor</lastName>
        <district>14</district>
        <party>D</party>
        <isOriginalCosponsor>True</isOriginalCosponsor>
        <identifiers>
          <lisID>1839</lisID>
          <gpoId>7883</gpoId>
          <bioguideId>C001066</bioguideId>
        </identifiers>
      </item>
      <item>
        <state>NC</state>
        <middleName />
        <fullName>Rep. Walker, Mark [R-NC-6]</fullName>
        <sponsorshipDate>2017-01-13</sponsorshipDate>
        <firstName>Mark</firstName>
        <sponsorshipWithdrawnDate />
        <bioguideId>W000819</bioguideId>
        <lastName>Walker</lastName>
        <district>6</district>
        <party>R</party>
        <isOriginalCosponsor>True</isOriginalCosponsor>
        <identifiers>
          <bioguideId>W000819</bioguideId>
          <lisID>2255</lisID>
          <gpoId />
        </identifiers>
      </item>
      <item>
        <state>NC</state>
        <middleName />
        <fullName>Rep. Foxx, Virginia [R-NC-5]</fullName>
        <sponsorshipDate>2017-01-13</sponsorshipDate>
        <firstName>Virginia</firstName>
        <sponsorshipWithdrawnDate />
        <bioguideId>F000450</bioguideId>
        <lastName>Foxx</lastName>
        <district>5</district>
        <party>R</party>
        <isOriginalCosponsor>True</isOriginalCosponsor>
        <identifiers>
          <lisID>1791</lisID>
          <gpoId>8028</gpoId>
          <bioguideId>F000450</bioguideId>
        </identifiers>
      </item>
      <item>
        <state>NC</state>
        <middleName />
        <fullName>Rep. Holding, George [R-NC-2]</fullName>
        <sponsorshipDate>2017-01-13</sponsorshipDate>
        <firstName>George</firstName>
        <sponsorshipWithdrawnDate />
        <bioguideId>H001065</bioguideId>
        <lastName>Holding</lastName>
        <district>2</district>
        <party>R</party>
        <isOriginalCosponsor>True</isOriginalCosponsor>
        <identifiers>
          <bioguideId>H001065</bioguideId>
          <gpoId />
          <lisID>2143</lisID>
        </identifiers>
      </item>
      <item>
        <state>PA</state>
        <middleName />
        <fullName>Rep. Kelly, Mike [R-PA-3]</fullName>
        <sponsorshipDate>2017-01-13</sponsorshipDate>
        <firstName>Mike</firstName>
        <sponsorshipWithdrawnDate />
        <bioguideId>K000376</bioguideId>
        <lastName>Kelly</lastName>
        <district>3</district>
        <party>R</party>
        <isOriginalCosponsor>True</isOriginalCosponsor>
        <identifiers>
          <lisID>2051</lisID>
          <gpoId>8708</gpoId>
          <bioguideId>K000376</bioguideId>
        </identifiers>
      </item>
      <item>
        <state>OK</state>
        <middleName />
        <fullName>Rep. Cole, Tom [R-OK-4]</fullName>
        <sponsorshipDate>2017-01-13</sponsorshipDate>
        <firstName>Tom</firstName>
        <sponsorshipWithdrawnDate />
        <bioguideId>C001053</bioguideId>
        <lastName>Cole</lastName>
        <district>4</district>
        <party>R</party>
        <isOriginalCosponsor>True</isOriginalCosponsor>
        <identifiers>
          <lisID>1742</lisID>
          <gpoId>8112</gpoId>
          <bioguideId>C001053</bioguideId>
        </identifiers>
      </item>
      <item>
        <state>MD</state>
        <middleName />
        <fullName>Rep. Harris, Andy [R-MD-1]</fullName>
        <sponsorshipDate>2017-01-13</sponsorshipDate>
        <firstName>Andy</firstName>
        <sponsorshipWithdrawnDate />
        <bioguideId>H001052</bioguideId>
        <lastName>Harris</lastName>
        <district>1</district>
        <party>R</party>
        <isOriginalCosponsor>True</isOriginalCosponsor>
        <identifiers>
          <bioguideId>H001052</bioguideId>
          <gpoId>7976</gpoId>
          <lisID>2026</lisID>
        </identifiers>
      </item>
      <item>
        <state>FL</state>
        <middleName>A.</middleName>
        <fullName>Rep. Ross, Dennis A. [R-FL-15]</fullName>
        <sponsorshipDate>2017-01-13</sponsorshipDate>
        <firstName>Dennis</firstName>
        <sponsorshipWithdrawnDate />
        <bioguideId>R000593</bioguideId>
        <lastName>Ross</lastName>
        <district>15</district>
        <party>R</party>
        <isOriginalCosponsor>True</isOriginalCosponsor>
        <identifiers>
          <bioguideId>R000593</bioguideId>
          <gpoId>7884</gpoId>
          <lisID>2003</lisID>
        </identifiers>
      </item>
      <item>
        <state>OR</state>
        <middleName />
        <fullName>Rep. Schrader, Kurt [D-OR-5]</fullName>
        <sponsorshipDate>2017-01-13</sponsorshipDate>
        <firstName>Kurt</firstName>
        <sponsorshipWithdrawnDate />
        <bioguideId>S001180</bioguideId>
        <lastName>Schrader</lastName>
        <district>5</district>
        <party>D</party>
        <isOriginalCosponsor>True</isOriginalCosponsor>
        <identifiers>
          <bioguideId>S001180</bioguideId>
          <lisID>1950</lisID>
          <gpoId>8118</gpoId>
        </identifiers>
      </item>
      <item>
        <state>PA</state>
        <middleName />
        <fullName>Rep. Barletta, Lou [R-PA-11]</fullName>
        <sponsorshipDate>2017-01-13</sponsorshipDate>
        <firstName>Lou</firstName>
        <sponsorshipWithdrawnDate />
        <bioguideId>B001269</bioguideId>
        <lastName>Barletta</lastName>
        <district>11</district>
        <party>R</party>
        <isOriginalCosponsor>True</isOriginalCosponsor>
        <identifiers>
          <bioguideId>B001269</bioguideId>
          <lisID>2054</lisID>
          <gpoId>8129</gpoId>
        </identifiers>
      </item>
      <item>
        <state>FL</state>
        <middleName>S.</middleName>
        <fullName>Rep. Yoho, Ted S. [R-FL-3]</fullName>
        <sponsorshipDate>2017-01-13</sponsorshipDate>
        <firstName>Ted</firstName>
        <sponsorshipWithdrawnDate />
        <bioguideId>Y000065</bioguideId>
        <lastName>Yoho</lastName>
        <district>3</district>
        <party>R</party>
        <isOriginalCosponsor>True</isOriginalCosponsor>
        <identifiers>
          <lisID>2115</lisID>
          <gpoId />
          <bioguideId>Y000065</bioguideId>
        </identifiers>
      </item>
      <item>
        <state>TX</state>
        <middleName />
        <fullName>Rep. Sessions, Pete [R-TX-32]</fullName>
        <sponsorshipDate>2017-01-13</sponsorshipDate>
        <firstName>PETE</firstName>
        <sponsorshipWithdrawnDate />
        <bioguideId>S000250</bioguideId>
        <lastName>SESSIONS</lastName>
        <district>32</district>
        <party>R</party>
        <isOriginalCosponsor>True</isOriginalCosponsor>
        <identifiers>
          <bioguideId>S000250</bioguideId>
          <lisID>1525</lisID>
          <gpoId>8188</gpoId>
        </identifiers>
      </item>
      <item>
        <state>NJ</state>
        <middleName>J.</middleName>
        <fullName>Rep. Pascrell, Bill, Jr. [D-NJ-9]</fullName>
        <sponsorshipDate>2017-01-13</sponsorshipDate>
        <firstName>WILLIAM</firstName>
        <sponsorshipWithdrawnDate />
        <bioguideId>P000096</bioguideId>
        <lastName>PASCRELL</lastName>
        <district>9</district>
        <party>D</party>
        <isOriginalCosponsor>True</isOriginalCosponsor>
        <identifiers>
          <lisID>1510</lisID>
          <gpoId>8050</gpoId>
          <bioguideId>P000096</bioguideId>
        </identifiers>
      </item>
      <item>
        <state>TN</state>
        <middleName />
        <fullName>Rep. Blackburn, Marsha [R-TN-7]</fullName>
        <sponsorshipDate>2017-01-13</sponsorshipDate>
        <firstName>Marsha</firstName>
        <sponsorshipWithdrawnDate />
        <bioguideId>B001243</bioguideId>
        <lastName>Blackburn</lastName>
        <district>7</district>
        <party>R</party>
        <isOriginalCosponsor>True</isOriginalCosponsor>
        <identifiers>
          <gpoId>8154</gpoId>
          <lisID>1748</lisID>
          <bioguideId>B001243</bioguideId>
        </identifiers>
      </item>
      <item>
        <state>NC</state>
        <middleName />
        <fullName>Rep. Hudson, Richard [R-NC-8]</fullName>
        <sponsorshipDate>2017-01-13</sponsorshipDate>
        <firstName>Richard</firstName>
        <sponsorshipWithdrawnDate />
        <bioguideId>H001067</bioguideId>
        <lastName>Hudson</lastName>
        <district>8</district>
        <party>R</party>
        <isOriginalCosponsor>True</isOriginalCosponsor>
        <identifiers>
          <bioguideId>H001067</bioguideId>
          <lisID>2140</lisID>
          <gpoId />
        </identifiers>
      </item>
      <item>
        <state>FL</state>
        <middleName>L.</middleName>
        <fullName>Rep. Hastings, Alcee L. [D-FL-20]</fullName>
        <sponsorshipDate>2017-01-13</sponsorshipDate>
        <firstName>ALCEE</firstName>
        <sponsorshipWithdrawnDate />
        <bioguideId>H000324</bioguideId>
        <lastName>HASTINGS</lastName>
        <district>20</district>
        <party>D</party>
        <isOriginalCosponsor>True</isOriginalCosponsor>
        <identifiers>
          <bioguideId>H000324</bioguideId>
          <gpoId>7895</gpoId>
          <lisID>511</lisID>
        </identifiers>
      </item>
      <item>
        <state>MN</state>
        <middleName />
        <fullName>Rep. Emmer, Tom [R-MN-6]</fullName>
        <sponsorshipDate>2017-01-13</sponsorshipDate>
        <firstName>Tom</firstName>
        <sponsorshipWithdrawnDate />
        <bioguideId>E000294</bioguideId>
        <lastName>Emmer</lastName>
        <district>6</district>
        <party>R</party>
        <isOriginalCosponsor>True</isOriginalCosponsor>
        <identifiers>
          <lisID>2253</lisID>
          <gpoId />
          <bioguideId>E000294</bioguideId>
        </identifiers>
      </item>
      <item>
        <state>IL</state>
        <middleName />
        <fullName>Rep. LaHood, Darin [R-IL-18]</fullName>
        <sponsorshipDate>2017-01-13</sponsorshipDate>
        <firstName>Darin</firstName>
        <sponsorshipWithdrawnDate />
        <bioguideId>L000585</bioguideId>
        <lastName>LaHood</lastName>
        <district>18</district>
        <party>R</party>
        <isOriginalCosponsor>True</isOriginalCosponsor>
        <identifiers>
          <lisID>2295</lisID>
          <gpoId />
          <bioguideId>L000585</bioguideId>
        </identifiers>
      </item>
      <item>
        <state>NV</state>
        <middleName />
        <fullName>Rep. Titus, Dina [D-NV-1]</fullName>
        <sponsorshipDate>2017-01-13</sponsorshipDate>
        <firstName>Dina</firstName>
        <sponsorshipWithdrawnDate />
        <bioguideId>T000468</bioguideId>
        <lastName>Titus</lastName>
        <district>1</district>
        <party>D</party>
        <isOriginalCosponsor>True</isOriginalCosponsor>
        <identifiers>
          <lisID>1940</lisID>
          <gpoId>7493</gpoId>
          <bioguideId>T000468</bioguideId>
        </identifiers>
      </item>
      <item>
        <state>FL</state>
        <middleName />
        <fullName>Rep. Curbelo, Carlos [R-FL-26]</fullName>
        <sponsorshipDate>2017-01-13</sponsorshipDate>
        <firstName>Carlos</firstName>
        <sponsorshipWithdrawnDate />
        <bioguideId>C001107</bioguideId>
        <lastName>Curbelo</lastName>
        <district>26</district>
        <party>R</party>
        <isOriginalCosponsor>True</isOriginalCosponsor>
        <identifiers>
          <bioguideId>C001107</bioguideId>
          <lisID>2235</lisID>
          <gpoId />
        </identifiers>
      </item>
      <item>
        <state>MO</state>
        <middleName />
        <fullName>Rep. Cleaver, Emanuel [D-MO-5]</fullName>
        <sponsorshipDate>2017-01-13</sponsorshipDate>
        <firstName>Emanuel</firstName>
        <sponsorshipWithdrawnDate />
        <bioguideId>C001061</bioguideId>
        <lastName>Cleaver</lastName>
        <district>5</district>
        <party>D</party>
        <isOriginalCosponsor>True</isOriginalCosponsor>
        <identifiers>
          <gpoId>8013</gpoId>
          <bioguideId>C001061</bioguideId>
          <lisID>1790</lisID>
        </identifiers>
      </item>
      <item>
        <state>CA</state>
        <middleName>D.</middleName>
        <fullName>Rep. Hunter, Duncan D. [R-CA-50]</fullName>
        <sponsorshipDate>2017-01-13</sponsorshipDate>
        <firstName>Duncan</firstName>
        <sponsorshipWithdrawnDate />
        <bioguideId>H001048</bioguideId>
        <lastName>Hunter</lastName>
        <district>50</district>
        <party>R</party>
        <isOriginalCosponsor>True</isOriginalCosponsor>
        <identifiers>
          <gpoId>7857</gpoId>
          <lisID>1909</lisID>
          <bioguideId>H001048</bioguideId>
        </identifiers>
      </item>
      <item>
        <state>GA</state>
        <middleName>D.</middleName>
        <fullName>Rep. Bishop, Sanford D., Jr. [D-GA-2]</fullName>
        <sponsorshipDate>2017-01-13</sponsorshipDate>
        <firstName>SANFORD</firstName>
        <sponsorshipWithdrawnDate />
        <bioguideId>B000490</bioguideId>
        <lastName>BISHOP</lastName>
        <district>2</district>
        <party>D</party>
        <isOriginalCosponsor>True</isOriginalCosponsor>
        <identifiers>
          <lisID>91</lisID>
          <gpoId>7899</gpoId>
          <bioguideId>B000490</bioguideId>
        </identifiers>
      </item>
      <item>
        <state>FL</state>
        <middleName>J.</middleName>
        <fullName>Rep. Mast, Brian J. [R-FL-18]</fullName>
        <sponsorshipDate>2017-01-13</sponsorshipDate>
        <firstName>Brian</firstName>
        <sponsorshipWithdrawnDate />
        <bioguideId>M001199</bioguideId>
        <lastName>Mast</lastName>
        <district>18</district>
        <party>R</party>
        <isOriginalCosponsor>True</isOriginalCosponsor>
        <identifiers>
          <lisID>2322</lisID>
          <gpoId />
          <bioguideId>M001199</bioguideId>
        </identifiers>
      </item>
      <item>
        <state>VA</state>
        <middleName />
        <fullName>Rep. Brat, Dave [R-VA-7]</fullName>
        <sponsorshipDate>2017-01-13</sponsorshipDate>
        <firstName>Dave</firstName>
        <sponsorshipWithdrawnDate />
        <bioguideId>B001290</bioguideId>
        <lastName>Brat</lastName>
        <district>7</district>
        <party>R</party>
        <isOriginalCosponsor>True</isOriginalCosponsor>
        <identifiers>
          <lisID>2203</lisID>
          <gpoId />
          <bioguideId>B001290</bioguideId>
        </identifiers>
      </item>
      <item>
        <state>MN</state>
        <middleName>C.</middleName>
        <fullName>Rep. Peterson, Collin C. [D-MN-7]</fullName>
        <sponsorshipDate>2017-01-13</sponsorshipDate>
        <firstName>COLLIN</firstName>
        <sponsorshipWithdrawnDate />
        <bioguideId>P000258</bioguideId>
        <lastName>PETERSON</lastName>
        <district>7</district>
        <party>D</party>
        <isOriginalCosponsor>True</isOriginalCosponsor>
        <identifiers>
          <lisID>910</lisID>
          <gpoId>8007</gpoId>
          <bioguideId>P000258</bioguideId>
        </identifiers>
      </item>
      <item>
        <state>FL</state>
        <middleName>S.</middleName>
        <fullName>Rep. Wilson, Frederica S. [D-FL-24]</fullName>
        <sponsorshipDate>2017-01-13</sponsorshipDate>
        <firstName>Frederica</firstName>
        <sponsorshipWithdrawnDate />
        <bioguideId>W000808</bioguideId>
        <lastName>Wilson</lastName>
        <district>24</district>
        <party>D</party>
        <isOriginalCosponsor>True</isOriginalCosponsor>
        <identifiers>
          <bioguideId>W000808</bioguideId>
          <lisID>2004</lisID>
          <gpoId>7889</gpoId>
        </identifiers>
      </item>
      <item>
        <state>CA</state>
        <middleName />
        <fullName>Rep. Denham, Jeff [R-CA-10]</fullName>
        <sponsorshipDate>2017-01-13</sponsorshipDate>
        <firstName>Jeff</firstName>
        <sponsorshipWithdrawnDate />
        <bioguideId>D000612</bioguideId>
        <lastName>Denham</lastName>
        <district>10</district>
        <party>R</party>
        <isOriginalCosponsor>True</isOriginalCosponsor>
        <identifiers>
          <lisID>1995</lisID>
          <gpoId>7824</gpoId>
          <bioguideId>D000612</bioguideId>
        </identifiers>
      </item>
      <item>
        <state>MO</state>
        <middleName>LACY</middleName>
        <fullName>Rep. Clay, Wm. Lacy [D-MO-1]</fullName>
        <sponsorshipDate>2017-01-23</sponsorshipDate>
        <firstName>WM.</firstName>
        <sponsorshipWithdrawnDate />
        <bioguideId>C001049</bioguideId>
        <lastName>CLAY</lastName>
        <district>1</district>
        <party>D</party>
        <isOriginalCosponsor>False</isOriginalCosponsor>
        <identifiers>
          <lisID>1654</lisID>
          <gpoId>8009</gpoId>
          <bioguideId>C001049</bioguideId>
        </identifiers>
      </item>
      <item>
        <state>IL</state>
        <middleName>J.</middleName>
        <fullName>Rep. Roskam, Peter J. [R-IL-6]</fullName>
        <sponsorshipDate>2017-01-23</sponsorshipDate>
        <firstName>Peter</firstName>
        <sponsorshipWithdrawnDate />
        <bioguideId>R000580</bioguideId>
        <lastName>Roskam</lastName>
        <district>6</district>
        <party>R</party>
        <isOriginalCosponsor>False</isOriginalCosponsor>
        <identifiers>
          <lisID>1848</lisID>
          <gpoId>7926</gpoId>
          <bioguideId>R000580</bioguideId>
        </identifiers>
      </item>
      <item>
        <state>FL</state>
        <middleName>J.</middleName>
        <fullName>Rep. Rooney, Thomas J. [R-FL-17]</fullName>
        <sponsorshipDate>2017-01-23</sponsorshipDate>
        <firstName>Thomas</firstName>
        <sponsorshipWithdrawnDate />
        <bioguideId>R000583</bioguideId>
        <lastName>Rooney</lastName>
        <district>17</district>
        <party>R</party>
        <isOriginalCosponsor>False</isOriginalCosponsor>
        <identifiers>
          <lisID>1916</lisID>
          <gpoId>7888</gpoId>
          <bioguideId>R000583</bioguideId>
        </identifiers>
      </item>
      <item>
        <state>AL</state>
        <middleName />
        <fullName>Rep. Byrne, Bradley [R-AL-1]</fullName>
        <sponsorshipDate>2017-01-23</sponsorshipDate>
        <firstName>Bradley</firstName>
        <sponsorshipWithdrawnDate />
        <bioguideId>B001289</bioguideId>
        <lastName>Byrne</lastName>
        <district>1</district>
        <party>R</party>
        <isOriginalCosponsor>False</isOriginalCosponsor>
        <identifiers>
          <lisID>2197</lisID>
          <gpoId />
          <bioguideId>B001289</bioguideId>
        </identifiers>
      </item>
      <item>
        <state>TN</state>
        <middleName>J.</middleName>
        <fullName>Rep. Duncan, John J., Jr. [R-TN-2]</fullName>
        <sponsorshipDate>2017-01-23</sponsorshipDate>
        <firstName>JOHN</firstName>
        <sponsorshipWithdrawnDate />
        <bioguideId>D000533</bioguideId>
        <lastName>DUNCAN</lastName>
        <district>2</district>
        <party>R</party>
        <isOriginalCosponsor>False</isOriginalCosponsor>
        <identifiers>
          <bioguideId>D000533</bioguideId>
          <gpoId>8149</gpoId>
          <lisID>322</lisID>
        </identifiers>
      </item>
      <item>
        <state>PA</state>
        <middleName />
        <fullName>Rep. Thompson, Glenn [R-PA-5]</fullName>
        <sponsorshipDate>2017-01-23</sponsorshipDate>
        <firstName>Glenn</firstName>
        <sponsorshipWithdrawnDate />
        <bioguideId>T000467</bioguideId>
        <lastName>Thompson</lastName>
        <district>5</district>
        <party>R</party>
        <isOriginalCosponsor>False</isOriginalCosponsor>
        <identifiers>
          <lisID>1952</lisID>
          <gpoId>8123</gpoId>
          <bioguideId>T000467</bioguideId>
        </identifiers>
      </item>
      <item>
        <state>VA</state>
        <middleName>W.</middleName>
        <fullName>Rep. Goodlatte, Bob [R-VA-6]</fullName>
        <sponsorshipDate>2017-01-23</sponsorshipDate>
        <firstName>ROBERT</firstName>
        <sponsorshipWithdrawnDate />
        <bioguideId>G000289</bioguideId>
        <lastName>GOODLATTE</lastName>
        <district>6</district>
        <party>R</party>
        <isOriginalCosponsor>False</isOriginalCosponsor>
        <identifiers>
          <lisID>446</lisID>
          <gpoId>8197</gpoId>
          <bioguideId>G000289</bioguideId>
        </identifiers>
      </item>
      <item>
        <state>KY</state>
        <middleName />
        <fullName>Rep. Barr, Andy [R-KY-6]</fullName>
        <sponsorshipDate>2017-01-24</sponsorshipDate>
        <firstName>Andy</firstName>
        <sponsorshipWithdrawnDate />
        <bioguideId>B001282</bioguideId>
        <lastName>Barr</lastName>
        <district>6</district>
        <party>R</party>
        <isOriginalCosponsor>False</isOriginalCosponsor>
        <identifiers>
          <lisID>2131</lisID>
          <gpoId />
          <bioguideId>B001282</bioguideId>
        </identifiers>
      </item>
      <item>
        <state>NC</state>
        <middleName />
        <fullName>Rep. Budd, Ted [R-NC-13]</fullName>
        <sponsorshipDate>2017-01-24</sponsorshipDate>
        <firstName>Ted</firstName>
        <sponsorshipWithdrawnDate />
        <bioguideId>B001305</bioguideId>
        <lastName>Budd</lastName>
        <district>13</district>
        <party>R</party>
        <isOriginalCosponsor>False</isOriginalCosponsor>
        <identifiers>
          <bioguideId>B001305</bioguideId>
          <lisID>2336</lisID>
          <gpoId />
        </identifiers>
      </item>
      <item>
        <state>MS</state>
        <middleName />
        <fullName>Rep. Thompson, Bennie G. [D-MS-2]</fullName>
        <sponsorshipDate>2017-01-24</sponsorshipDate>
        <firstName>BENNIE</firstName>
        <sponsorshipWithdrawnDate />
        <bioguideId>T000193</bioguideId>
        <lastName>THOMPSON</lastName>
        <district>2</district>
        <party>D</party>
        <isOriginalCosponsor>False</isOriginalCosponsor>
        <identifiers>
          <bioguideId>T000193</bioguideId>
          <lisID>1151</lisID>
          <gpoId>8020</gpoId>
        </identifiers>
      </item>
      <item>
        <state>OH</state>
        <middleName>R.</middleName>
        <fullName>Rep. Turner, Michael R. [R-OH-10]</fullName>
        <sponsorshipDate>2017-01-24</sponsorshipDate>
        <firstName>Michael</firstName>
        <sponsorshipWithdrawnDate />
        <bioguideId>T000463</bioguideId>
        <lastName>Turner</lastName>
        <district>10</district>
        <party>R</party>
        <isOriginalCosponsor>False</isOriginalCosponsor>
        <identifiers>
          <lisID>1741</lisID>
          <gpoId>8093</gpoId>
          <bioguideId>T000463</bioguideId>
        </identifiers>
      </item>
      <item>
        <state>WV</state>
        <middleName>X.</middleName>
        <fullName>Rep. Mooney, Alexander X. [R-WV-2]</fullName>
        <sponsorshipDate>2017-01-24</sponsorshipDate>
        <firstName>Alexander</firstName>
        <sponsorshipWithdrawnDate />
        <bioguideId>M001195</bioguideId>
        <lastName>Mooney</lastName>
        <district>2</district>
        <party>R</party>
        <isOriginalCosponsor>False</isOriginalCosponsor>
        <identifiers>
          <gpoId />
          <bioguideId>M001195</bioguideId>
          <lisID>2277</lisID>
        </identifiers>
      </item>
      <item>
        <state>NY</state>
        <middleName />
        <fullName>Rep. Katko, John [R-NY-24]</fullName>
        <sponsorshipDate>2017-01-24</sponsorshipDate>
        <firstName>John</firstName>
        <sponsorshipWithdrawnDate />
        <bioguideId>K000386</bioguideId>
        <lastName>Katko</lastName>
        <district>24</district>
        <party>R</party>
        <isOriginalCosponsor>False</isOriginalCosponsor>
        <identifiers>
          <lisID>2264</lisID>
          <gpoId />
          <bioguideId>K000386</bioguideId>
        </identifiers>
      </item>
      <item>
        <state>OH</state>
        <middleName>J.</middleName>
        <fullName>Rep. Tiberi, Patrick J. [R-OH-12]</fullName>
        <sponsorshipDate>2017-01-30</sponsorshipDate>
        <firstName>PATRICK</firstName>
        <sponsorshipWithdrawnDate />
        <bioguideId>T000462</bioguideId>
        <lastName>TIBERI</lastName>
        <district>12</district>
        <party>R</party>
        <isOriginalCosponsor>False</isOriginalCosponsor>
        <identifiers>
          <gpoId>8102</gpoId>
          <lisID>1664</lisID>
          <bioguideId>T000462</bioguideId>
        </identifiers>
      </item>
      <item>
        <state>GA</state>
        <middleName />
        <fullName>Rep. Collins, Doug [R-GA-9]</fullName>
        <sponsorshipDate>2017-01-30</sponsorshipDate>
        <firstName>Doug</firstName>
        <sponsorshipWithdrawnDate />
        <bioguideId>C001093</bioguideId>
        <lastName>Collins</lastName>
        <district>9</district>
        <party>R</party>
        <isOriginalCosponsor>False</isOriginalCosponsor>
        <identifiers>
          <bioguideId>C001093</bioguideId>
          <lisID>2121</lisID>
          <gpoId />
        </identifiers>
      </item>
      <item>
        <state>IA</state>
        <middleName />
        <fullName>Rep. Blum, Rod [R-IA-1]</fullName>
        <sponsorshipDate>2017-01-30</sponsorshipDate>
        <firstName>Rod</firstName>
        <sponsorshipWithdrawnDate />
        <bioguideId>B001294</bioguideId>
        <lastName>Blum</lastName>
        <district>1</district>
        <party>R</party>
        <isOriginalCosponsor>False</isOriginalCosponsor>
        <identifiers>
          <bioguideId>B001294</bioguideId>
          <gpoId />
          <lisID>2241</lisID>
        </identifiers>
      </item>
      <item>
        <state>TN</state>
        <middleName />
        <fullName>Rep. Black, Diane [R-TN-6]</fullName>
        <sponsorshipDate>2017-01-30</sponsorshipDate>
        <firstName>Diane</firstName>
        <sponsorshipWithdrawnDate />
        <bioguideId>B001273</bioguideId>
        <lastName>Black</lastName>
        <district>6</district>
        <party>R</party>
        <isOriginalCosponsor>False</isOriginalCosponsor>
        <identifiers>
          <gpoId>8153</gpoId>
          <bioguideId>B001273</bioguideId>
          <lisID>2063</lisID>
        </identifiers>
      </item>
      <item>
        <state>WI</state>
        <middleName>JAMES</middleName>
        <fullName>Rep. Sensenbrenner, F. James, Jr. [R-WI-5]</fullName>
        <sponsorshipDate>2017-01-30</sponsorshipDate>
        <firstName>F.</firstName>
        <sponsorshipWithdrawnDate />
        <bioguideId>S000244</bioguideId>
        <lastName>SENSENBRENNER</lastName>
        <district>5</district>
        <party>R</party>
        <isOriginalCosponsor>False</isOriginalCosponsor>
        <identifiers>
          <lisID>1041</lisID>
          <gpoId>8218</gpoId>
          <bioguideId>S000244</bioguideId>
        </identifiers>
      </item>
      <item>
        <state>AK</state>
        <middleName>E.</middleName>
        <fullName>Rep. Young, Don [R-AK-At Large]</fullName>
        <sponsorshipDate>2017-01-30</sponsorshipDate>
        <firstName>DON</firstName>
        <sponsorshipWithdrawnDate />
        <bioguideId>Y000033</bioguideId>
        <lastName>YOUNG</lastName>
        <district>0</district>
        <party>R</party>
        <isOriginalCosponsor>False</isOriginalCosponsor>
        <identifiers>
          <lisID>1256</lisID>
          <gpoId>7785</gpoId>
          <bioguideId>Y000033</bioguideId>
        </identifiers>
      </item>
      <item>
        <state>NC</state>
        <middleName />
        <fullName>Rep. Rouzer, David [R-NC-7]</fullName>
        <sponsorshipDate>2017-02-03</sponsorshipDate>
        <firstName>David</firstName>
        <sponsorshipWithdrawnDate />
        <bioguideId>R000603</bioguideId>
        <lastName>Rouzer</lastName>
        <district>7</district>
        <party>R</party>
        <isOriginalCosponsor>False</isOriginalCosponsor>
        <identifiers>
          <lisID>2256</lisID>
          <gpoId />
          <bioguideId>R000603</bioguideId>
        </identifiers>
      </item>
      <item>
        <state>MI</state>
        <middleName />
        <fullName>Rep. Bishop, Mike [R-MI-8]</fullName>
        <sponsorshipDate>2017-02-03</sponsorshipDate>
        <firstName>Mike</firstName>
        <sponsorshipWithdrawnDate />
        <bioguideId>B001293</bioguideId>
        <lastName>Bishop</lastName>
        <district>8</district>
        <party>R</party>
        <isOriginalCosponsor>False</isOriginalCosponsor>
        <identifiers>
          <bioguideId>B001293</bioguideId>
          <gpoId />
          <lisID>2249</lisID>
        </identifiers>
      </item>
      <item>
        <state>NY</state>
        <middleName />
        <fullName>Rep. Collins, Chris [R-NY-27]</fullName>
        <sponsorshipDate>2017-02-07</sponsorshipDate>
        <firstName>Chris</firstName>
        <sponsorshipWithdrawnDate />
        <bioguideId>C001092</bioguideId>
        <lastName>Collins</lastName>
        <district>27</district>
        <party>R</party>
        <isOriginalCosponsor>False</isOriginalCosponsor>
        <identifiers>
          <lisID>2151</lisID>
          <gpoId />
          <bioguideId>C001092</bioguideId>
        </identifiers>
      </item>
      <item>
        <state>NV</state>
        <middleName>E.</middleName>
        <fullName>Rep. Amodei, Mark E. [R-NV-2]</fullName>
        <sponsorshipDate>2017-02-14</sponsorshipDate>
        <firstName>Mark</firstName>
        <sponsorshipWithdrawnDate />
        <bioguideId>A000369</bioguideId>
        <lastName>Amodei</lastName>
        <district>2</district>
        <party>R</party>
        <isOriginalCosponsor>False</isOriginalCosponsor>
        <identifiers>
          <lisID>2090</lisID>
          <gpoId>8366</gpoId>
          <bioguideId>A000369</bioguideId>
        </identifiers>
      </item>
      <item>
        <state>MO</state>
        <middleName />
        <fullName>Rep. Luetkemeyer, Blaine [R-MO-3]</fullName>
        <sponsorshipDate>2017-02-14</sponsorshipDate>
        <firstName>Blaine</firstName>
        <sponsorshipWithdrawnDate />
        <bioguideId>L000569</bioguideId>
        <lastName>Luetkemeyer</lastName>
        <district>3</district>
        <party>R</party>
        <isOriginalCosponsor>False</isOriginalCosponsor>
        <identifiers>
          <bioguideId>L000569</bioguideId>
          <lisID>1931</lisID>
          <gpoId>8017</gpoId>
        </identifiers>
      </item>
      <item>
        <state>NJ</state>
        <middleName />
        <fullName>Rep. Frelinghuysen, Rodney P. [R-NJ-11]</fullName>
        <sponsorshipDate>2017-02-14</sponsorshipDate>
        <firstName>RODNEY</firstName>
        <sponsorshipWithdrawnDate />
        <bioguideId>F000372</bioguideId>
        <lastName>FRELINGHUYSEN</lastName>
        <district>11</district>
        <party>R</party>
        <isOriginalCosponsor>False</isOriginalCosponsor>
        <identifiers>
          <gpoId>8053</gpoId>
          <bioguideId>F000372</bioguideId>
          <lisID>414</lisID>
        </identifiers>
      </item>
      <item>
        <state>FL</state>
        <middleName />
        <fullName>Rep. Crist, Charlie [D-FL-13]</fullName>
        <sponsorshipDate>2017-02-14</sponsorshipDate>
        <firstName>Charlie</firstName>
        <sponsorshipWithdrawnDate />
        <bioguideId>C001111</bioguideId>
        <lastName>Crist</lastName>
        <district>13</district>
        <party>D</party>
        <isOriginalCosponsor>False</isOriginalCosponsor>
        <identifiers>
          <gpoId />
          <bioguideId>C001111</bioguideId>
          <lisID>2321</lisID>
        </identifiers>
      </item>
      <item>
        <state>VA</state>
        <middleName>Morgan</middleName>
        <fullName>Rep. Griffith, H. Morgan [R-VA-9]</fullName>
        <sponsorshipDate>2017-02-14</sponsorshipDate>
        <firstName>H.</firstName>
        <sponsorshipWithdrawnDate />
        <bioguideId>G000568</bioguideId>
        <lastName>Griffith</lastName>
        <district>9</district>
        <party>R</party>
        <isOriginalCosponsor>False</isOriginalCosponsor>
        <identifiers>
          <lisID>2070</lisID>
          <gpoId>8200</gpoId>
          <bioguideId>G000568</bioguideId>
        </identifiers>
      </item>
      <item>
        <state>TX</state>
        <middleName />
        <fullName>Rep. Farenthold, Blake [R-TX-27]</fullName>
        <sponsorshipDate>2017-02-16</sponsorshipDate>
        <firstName>Blake</firstName>
        <sponsorshipWithdrawnDate />
        <bioguideId>F000460</bioguideId>
        <lastName>Farenthold</lastName>
        <district>27</district>
        <party>R</party>
        <isOriginalCosponsor>False</isOriginalCosponsor>
        <identifiers>
          <gpoId>8183</gpoId>
          <lisID>2067</lisID>
          <bioguideId>F000460</bioguideId>
        </identifiers>
      </item>
      <item>
        <state>MI</state>
        <middleName>A.</middleName>
        <fullName>Rep. Trott, David A. [R-MI-11]</fullName>
        <sponsorshipDate>2017-02-16</sponsorshipDate>
        <firstName>David</firstName>
        <sponsorshipWithdrawnDate />
        <bioguideId>T000475</bioguideId>
        <lastName>Trott</lastName>
        <district>11</district>
        <party>R</party>
        <isOriginalCosponsor>False</isOriginalCosponsor>
        <identifiers>
          <bioguideId>T000475</bioguideId>
          <gpoId />
          <lisID>2250</lisID>
        </identifiers>
      </item>
      <item>
        <state>CA</state>
        <middleName />
        <fullName>Rep. Costa, Jim [D-CA-16]</fullName>
        <sponsorshipDate>2017-02-16</sponsorshipDate>
        <firstName>Jim</firstName>
        <sponsorshipWithdrawnDate />
        <bioguideId>C001059</bioguideId>
        <lastName>Costa</lastName>
        <district>16</district>
        <party>D</party>
        <isOriginalCosponsor>False</isOriginalCosponsor>
        <identifiers>
          <bioguideId>C001059</bioguideId>
          <gpoId>7825</gpoId>
          <lisID>1774</lisID>
        </identifiers>
      </item>
      <item>
        <state>IL</state>
        <middleName />
        <fullName>Rep. Davis, Rodney [R-IL-13]</fullName>
        <sponsorshipDate>2017-02-24</sponsorshipDate>
        <firstName>Rodney</firstName>
        <sponsorshipWithdrawnDate />
        <bioguideId>D000619</bioguideId>
        <lastName>Davis</lastName>
        <district>13</district>
        <party>R</party>
        <isOriginalCosponsor>False</isOriginalCosponsor>
        <identifiers>
          <lisID>2126</lisID>
          <gpoId />
          <bioguideId>D000619</bioguideId>
        </identifiers>
      </item>
      <item>
        <state>FL</state>
        <middleName />
        <fullName>Rep. Rooney, Francis [R-FL-19]</fullName>
        <sponsorshipDate>2017-02-24</sponsorshipDate>
        <firstName>Francis</firstName>
        <sponsorshipWithdrawnDate />
        <bioguideId>R000607</bioguideId>
        <lastName>Rooney</lastName>
        <district>19</district>
        <party>R</party>
        <isOriginalCosponsor>False</isOriginalCosponsor>
        <identifiers>
          <bioguideId>R000607</bioguideId>
          <gpoId />
          <lisID>2323</lisID>
        </identifiers>
      </item>
      <item>
        <state>VA</state>
        <middleName>A.</middleName>
        <fullName>Rep. Garrett, Thomas A., Jr. [R-VA-5]</fullName>
        <sponsorshipDate>2017-02-24</sponsorshipDate>
        <firstName>Thomas</firstName>
        <sponsorshipWithdrawnDate />
        <bioguideId>G000580</bioguideId>
        <lastName>Garrett</lastName>
        <district>5</district>
        <party>R</party>
        <isOriginalCosponsor>False</isOriginalCosponsor>
        <identifiers>
          <lisID>2353</lisID>
          <gpoId />
          <bioguideId>G000580</bioguideId>
        </identifiers>
      </item>
      <item>
        <state>PA</state>
        <middleName />
        <fullName>Rep. Doyle, Michael F. [D-PA-14]</fullName>
        <sponsorshipDate>2017-02-27</sponsorshipDate>
        <firstName>MIKE</firstName>
        <sponsorshipWithdrawnDate />
        <bioguideId>D000482</bioguideId>
        <lastName>DOYLE</lastName>
        <district>14</district>
        <party>D</party>
        <isOriginalCosponsor>False</isOriginalCosponsor>
        <identifiers>
          <lisID>316</lisID>
          <gpoId>8132</gpoId>
          <bioguideId>D000482</bioguideId>
        </identifiers>
      </item>
      <item>
        <state>TX</state>
        <middleName />
        <fullName>Rep. Babin, Brian [R-TX-36]</fullName>
        <sponsorshipDate>2017-03-01</sponsorshipDate>
        <firstName>Brian</firstName>
        <sponsorshipWithdrawnDate />
        <bioguideId>B001291</bioguideId>
        <lastName>Babin</lastName>
        <district>36</district>
        <party>R</party>
        <isOriginalCosponsor>False</isOriginalCosponsor>
        <identifiers>
          <lisID>2270</lisID>
          <gpoId />
          <bioguideId>B001291</bioguideId>
        </identifiers>
      </item>
      <item>
        <state>MO</state>
        <middleName />
        <fullName>Rep. Graves, Sam [R-MO-6]</fullName>
        <sponsorshipDate>2017-03-01</sponsorshipDate>
        <firstName>SAM</firstName>
        <sponsorshipWithdrawnDate />
        <bioguideId>G000546</bioguideId>
        <lastName>GRAVES</lastName>
        <district>6</district>
        <party>R</party>
        <isOriginalCosponsor>False</isOriginalCosponsor>
        <identifiers>
          <lisID>1656</lisID>
          <gpoId>8014</gpoId>
          <bioguideId>G000546</bioguideId>
        </identifiers>
      </item>
      <item>
        <state>VA</state>
        <middleName>J.</middleName>
        <fullName>Rep. Wittman, Robert J. [R-VA-1]</fullName>
        <sponsorshipDate>2017-03-01</sponsorshipDate>
        <firstName>Robert</firstName>
        <sponsorshipWithdrawnDate />
        <bioguideId>W000804</bioguideId>
        <lastName>Wittman</lastName>
        <district>1</district>
        <party>R</party>
        <isOriginalCosponsor>False</isOriginalCosponsor>
        <identifiers>
          <lisID>1886</lisID>
          <gpoId>8192</gpoId>
          <bioguideId>W000804</bioguideId>
        </identifiers>
      </item>
      <item>
        <state>NC</state>
        <middleName />
        <fullName>Rep. Pittenger, Robert [R-NC-9]</fullName>
        <sponsorshipDate>2017-03-01</sponsorshipDate>
        <firstName>Robert</firstName>
        <sponsorshipWithdrawnDate />
        <bioguideId>P000606</bioguideId>
        <lastName>Pittenger</lastName>
        <district>9</district>
        <party>R</party>
        <isOriginalCosponsor>False</isOriginalCosponsor>
        <identifiers>
          <gpoId />
          <lisID>2141</lisID>
          <bioguideId>P000606</bioguideId>
        </identifiers>
      </item>
      <item>
        <state>KY</state>
        <middleName />
        <fullName>Rep. Massie, Thomas [R-KY-4]</fullName>
        <sponsorshipDate>2017-03-07</sponsorshipDate>
        <firstName>Thomas</firstName>
        <sponsorshipWithdrawnDate />
        <bioguideId>M001184</bioguideId>
        <lastName>Massie</lastName>
        <district>4</district>
        <party>R</party>
        <isOriginalCosponsor>False</isOriginalCosponsor>
        <identifiers>
          <bioguideId>M001184</bioguideId>
          <lisID>2094</lisID>
          <gpoId>8371</gpoId>
        </identifiers>
      </item>
      <item>
        <state>IN</state>
        <middleName />
        <fullName>Rep. Rokita, Todd [R-IN-4]</fullName>
        <sponsorshipDate>2017-03-10</sponsorshipDate>
        <firstName>Todd</firstName>
        <sponsorshipWithdrawnDate />
        <bioguideId>R000592</bioguideId>
        <lastName>Rokita</lastName>
        <district>4</district>
        <party>R</party>
        <isOriginalCosponsor>False</isOriginalCosponsor>
        <identifiers>
          <lisID>2017</lisID>
          <gpoId>7943</gpoId>
          <bioguideId>R000592</bioguideId>
        </identifiers>
      </item>
      <item>
        <state>CO</state>
        <middleName>R.</middleName>
        <fullName>Rep. Tipton, Scott  R. [R-CO-3]</fullName>
        <sponsorshipDate>2017-03-13</sponsorshipDate>
        <firstName>Scott</firstName>
        <sponsorshipWithdrawnDate />
        <bioguideId>T000470</bioguideId>
        <lastName>Tipton</lastName>
        <district>3</district>
        <party>R</party>
        <isOriginalCosponsor>False</isOriginalCosponsor>
        <identifiers>
          <lisID>1997</lisID>
          <gpoId>7861</gpoId>
          <bioguideId>T000470</bioguideId>
        </identifiers>
      </item>
      <item>
        <state>MN</state>
        <middleName />
        <fullName>Rep. Lewis, Jason [R-MN-2]</fullName>
        <sponsorshipDate>2017-03-13</sponsorshipDate>
        <firstName>Jason</firstName>
        <sponsorshipWithdrawnDate />
        <bioguideId>L000587</bioguideId>
        <lastName>Lewis</lastName>
        <district>2</district>
        <party>R</party>
        <isOriginalCosponsor>False</isOriginalCosponsor>
        <identifiers>
          <gpoId />
          <bioguideId>L000587</bioguideId>
          <lisID>2335</lisID>
        </identifiers>
      </item>
      <item>
        <state>PA</state>
        <middleName />
        <fullName>Rep. Shuster, Bill [R-PA-9]</fullName>
        <sponsorshipDate>2017-03-13</sponsorshipDate>
        <firstName>Bill</firstName>
        <sponsorshipWithdrawnDate />
        <bioguideId>S001154</bioguideId>
        <lastName>Shuster</lastName>
        <district>9</district>
        <party>R</party>
        <isOriginalCosponsor>False</isOriginalCosponsor>
        <identifiers>
          <gpoId>8127</gpoId>
          <bioguideId>S001154</bioguideId>
          <lisID>1681</lisID>
        </identifiers>
      </item>
      <item>
        <state>PA</state>
        <middleName>J.</middleName>
        <fullName>Rep. Rothfus, Keith J. [R-PA-12]</fullName>
        <sponsorshipDate>2017-03-13</sponsorshipDate>
        <firstName>Keith</firstName>
        <sponsorshipWithdrawnDate />
        <bioguideId>R000598</bioguideId>
        <lastName>Rothfus</lastName>
        <district>12</district>
        <party>R</party>
        <isOriginalCosponsor>False</isOriginalCosponsor>
        <identifiers>
          <lisID>2158</lisID>
          <gpoId />
          <bioguideId>R000598</bioguideId>
        </identifiers>
      </item>
      <item>
        <state>AZ</state>
        <middleName />
        <fullName>Rep. Schweikert, David [R-AZ-6]</fullName>
        <sponsorshipDate>2017-03-13</sponsorshipDate>
        <firstName>David</firstName>
        <sponsorshipWithdrawnDate />
        <bioguideId>S001183</bioguideId>
        <lastName>Schweikert</lastName>
        <district>6</district>
        <party>R</party>
        <isOriginalCosponsor>False</isOriginalCosponsor>
        <identifiers>
          <gpoId>7802</gpoId>
          <bioguideId>S001183</bioguideId>
          <lisID>1994</lisID>
        </identifiers>
      </item>
      <item>
        <state>NM</state>
        <middleName />
        <fullName>Rep. Pearce, Stevan [R-NM-2]</fullName>
        <sponsorshipDate>2017-03-20</sponsorshipDate>
        <firstName>Stevan</firstName>
        <sponsorshipWithdrawnDate />
        <bioguideId>P000588</bioguideId>
        <lastName>Pearce</lastName>
        <district>2</district>
        <party>R</party>
        <isOriginalCosponsor>False</isOriginalCosponsor>
        <identifiers>
          <lisID>1738</lisID>
          <gpoId>8057</gpoId>
          <bioguideId>P000588</bioguideId>
        </identifiers>
      </item>
      <item>
        <state>NC</state>
        <middleName />
        <fullName>Rep. Meadows, Mark [R-NC-11]</fullName>
        <sponsorshipDate>2017-03-20</sponsorshipDate>
        <firstName>Mark</firstName>
        <sponsorshipWithdrawnDate />
        <bioguideId>M001187</bioguideId>
        <lastName>Meadows</lastName>
        <district>11</district>
        <party>R</party>
        <isOriginalCosponsor>False</isOriginalCosponsor>
        <identifiers>
          <bioguideId>M001187</bioguideId>
          <gpoId />
          <lisID>2142</lisID>
        </identifiers>
      </item>
      <item>
        <state>IL</state>
        <middleName />
        <fullName>Rep. Bost, Mike [R-IL-12]</fullName>
        <sponsorshipDate>2017-03-21</sponsorshipDate>
        <firstName>Mike</firstName>
        <sponsorshipWithdrawnDate />
        <bioguideId>B001295</bioguideId>
        <lastName>Bost</lastName>
        <district>12</district>
        <party>R</party>
        <isOriginalCosponsor>False</isOriginalCosponsor>
        <identifiers>
          <lisID>2243</lisID>
          <gpoId />
          <bioguideId>B001295</bioguideId>
        </identifiers>
      </item>
      <item>
        <state>CO</state>
        <middleName />
        <fullName>Rep. Lamborn, Doug [R-CO-5]</fullName>
        <sponsorshipDate>2017-03-21</sponsorshipDate>
        <firstName>Doug</firstName>
        <sponsorshipWithdrawnDate />
        <bioguideId>L000564</bioguideId>
        <lastName>Lamborn</lastName>
        <district>5</district>
        <party>R</party>
        <isOriginalCosponsor>False</isOriginalCosponsor>
        <identifiers>
          <bioguideId>L000564</bioguideId>
          <lisID>1834</lisID>
          <gpoId>7863</gpoId>
        </identifiers>
      </item>
      <item>
        <state>TN</state>
        <middleName>P.</middleName>
        <fullName>Rep. Roe, David P. [R-TN-1]</fullName>
        <sponsorshipDate>2017-03-21</sponsorshipDate>
        <firstName>David</firstName>
        <sponsorshipWithdrawnDate />
        <bioguideId>R000582</bioguideId>
        <lastName>Roe</lastName>
        <district>1</district>
        <party>R</party>
        <isOriginalCosponsor>False</isOriginalCosponsor>
        <identifiers>
          <lisID>1954</lisID>
          <gpoId>8148</gpoId>
          <bioguideId>R000582</bioguideId>
        </identifiers>
      </item>
      <item>
        <state>MI</state>
        <middleName />
        <fullName>Rep. Huizenga, Bill [R-MI-2]</fullName>
        <sponsorshipDate>2017-03-21</sponsorshipDate>
        <firstName>Bill</firstName>
        <sponsorshipWithdrawnDate />
        <bioguideId>H001058</bioguideId>
        <lastName>Huizenga</lastName>
        <district>2</district>
        <party>R</party>
        <isOriginalCosponsor>False</isOriginalCosponsor>
        <identifiers>
          <gpoId>7987</gpoId>
          <bioguideId>H001058</bioguideId>
          <lisID>2028</lisID>
        </identifiers>
      </item>
      <item>
        <state>OH</state>
        <middleName>B.</middleName>
        <fullName>Rep. Renacci, James B. [R-OH-16]</fullName>
        <sponsorshipDate>2017-03-21</sponsorshipDate>
        <firstName>James</firstName>
        <sponsorshipWithdrawnDate />
        <bioguideId>R000586</bioguideId>
        <lastName>Renacci</lastName>
        <district>16</district>
        <party>R</party>
        <isOriginalCosponsor>False</isOriginalCosponsor>
        <identifiers>
          <lisID>2048</lisID>
          <gpoId>8106</gpoId>
          <bioguideId>R000586</bioguideId>
        </identifiers>
      </item>
      <item>
        <state>NE</state>
        <middleName />
        <fullName>Rep. Bacon, Don [R-NE-2]</fullName>
        <sponsorshipDate>2017-03-23</sponsorshipDate>
        <firstName>Don</firstName>
        <sponsorshipWithdrawnDate />
        <bioguideId>B001298</bioguideId>
        <lastName>Bacon</lastName>
        <district>2</district>
        <party>R</party>
        <isOriginalCosponsor>False</isOriginalCosponsor>
        <identifiers>
          <lisID>2337</lisID>
          <gpoId />
          <bioguideId>B001298</bioguideId>
        </identifiers>
      </item>
      <item>
        <state>SC</state>
        <middleName />
        <fullName>Rep. Sanford, Mark [R-SC-1]</fullName>
        <sponsorshipDate>2017-03-23</sponsorshipDate>
        <firstName>Mark</firstName>
        <sponsorshipWithdrawnDate />
        <bioguideId>S000051</bioguideId>
        <lastName>Sanford</lastName>
        <district>1</district>
        <party>R</party>
        <isOriginalCosponsor>False</isOriginalCosponsor>
        <identifiers>
          <lisID>1012</lisID>
          <gpoId />
          <bioguideId>S000051</bioguideId>
        </identifiers>
      </item>
      <item>
        <state>NY</state>
        <middleName>M.</middleName>
        <fullName>Rep. Donovan, Daniel M., Jr. [R-NY-11]</fullName>
        <sponsorshipDate>2017-03-23</sponsorshipDate>
        <firstName>Daniel</firstName>
        <sponsorshipWithdrawnDate />
        <bioguideId>D000625</bioguideId>
        <lastName>Donovan</lastName>
        <district>11</district>
        <party>R</party>
        <isOriginalCosponsor>False</isOriginalCosponsor>
        <identifiers>
          <bioguideId>D000625</bioguideId>
          <gpoId />
          <lisID>2293</lisID>
        </identifiers>
      </item>
      <item>
        <state>MI</state>
        <middleName>R.</middleName>
        <fullName>Rep. Moolenaar, John R. [R-MI-4]</fullName>
        <sponsorshipDate>2017-03-28</sponsorshipDate>
        <firstName>John</firstName>
        <sponsorshipWithdrawnDate />
        <bioguideId>M001194</bioguideId>
        <lastName>Moolenaar</lastName>
        <district>4</district>
        <party>R</party>
        <isOriginalCosponsor>False</isOriginalCosponsor>
        <identifiers>
          <gpoId />
          <bioguideId>M001194</bioguideId>
          <lisID>2248</lisID>
        </identifiers>
      </item>
      <item>
        <state>MI</state>
        <middleName />
        <fullName>Rep. Walberg, Tim [R-MI-7]</fullName>
        <sponsorshipDate>2017-03-29</sponsorshipDate>
        <firstName>Tim</firstName>
        <sponsorshipWithdrawnDate />
        <bioguideId>W000798</bioguideId>
        <lastName>Walberg</lastName>
        <district>7</district>
        <party>R</party>
        <isOriginalCosponsor>False</isOriginalCosponsor>
        <identifiers>
          <gpoId>7992</gpoId>
          <lisID>1855</lisID>
          <bioguideId>W000798</bioguideId>
        </identifiers>
      </item>
      <item>
        <state>CT</state>
        <middleName />
        <fullName>Rep. Courtney, Joe [D-CT-2]</fullName>
        <sponsorshipDate>2017-03-29</sponsorshipDate>
        <firstName>Joe</firstName>
        <sponsorshipWithdrawnDate />
        <bioguideId>C001069</bioguideId>
        <lastName>Courtney</lastName>
        <district>2</district>
        <party>D</party>
        <isOriginalCosponsor>False</isOriginalCosponsor>
        <identifiers>
          <lisID>1836</lisID>
          <gpoId>7867</gpoId>
          <bioguideId>C001069</bioguideId>
        </identifiers>
      </item>
      <item>
        <state>CO</state>
        <middleName />
        <fullName>Rep. Coffman, Mike [R-CO-6]</fullName>
        <sponsorshipDate>2017-03-29</sponsorshipDate>
        <firstName>Mike</firstName>
        <sponsorshipWithdrawnDate />
        <bioguideId>C001077</bioguideId>
        <lastName>Coffman</lastName>
        <district>6</district>
        <party>R</party>
        <isOriginalCosponsor>False</isOriginalCosponsor>
        <identifiers>
          <lisID>1912</lisID>
          <gpoId>7864</gpoId>
          <bioguideId>C001077</bioguideId>
        </identifiers>
      </item>
      <item>
        <state>IL</state>
        <middleName />
        <fullName>Rep. Kinzinger, Adam [R-IL-16]</fullName>
        <sponsorshipDate>2017-03-29</sponsorshipDate>
        <firstName>Adam</firstName>
        <sponsorshipWithdrawnDate />
        <bioguideId>K000378</bioguideId>
        <lastName>Kinzinger</lastName>
        <district>16</district>
        <party>R</party>
        <isOriginalCosponsor>False</isOriginalCosponsor>
        <identifiers>
          <lisID>2014</lisID>
          <gpoId>7931</gpoId>
          <bioguideId>K000378</bioguideId>
        </identifiers>
      </item>
      <item>
        <state>TX</state>
        <middleName />
        <fullName>Rep. Hurd, Will [R-TX-23]</fullName>
        <sponsorshipDate>2017-04-04</sponsorshipDate>
        <firstName>Will</firstName>
        <sponsorshipWithdrawnDate />
        <bioguideId>H001073</bioguideId>
        <lastName>Hurd</lastName>
        <district>23</district>
        <party>R</party>
        <isOriginalCosponsor>False</isOriginalCosponsor>
        <identifiers>
          <lisID>2269</lisID>
          <gpoId />
          <bioguideId>H001073</bioguideId>
        </identifiers>
      </item>
      <item>
        <state>TX</state>
        <middleName />
        <fullName>Rep. Poe, Ted [R-TX-2]</fullName>
        <sponsorshipDate>2017-04-06</sponsorshipDate>
        <firstName>Ted</firstName>
        <sponsorshipWithdrawnDate />
        <bioguideId>P000592</bioguideId>
        <lastName>Poe</lastName>
        <district>2</district>
        <party>R</party>
        <isOriginalCosponsor>False</isOriginalCosponsor>
        <identifiers>
          <gpoId>8158</gpoId>
          <bioguideId>P000592</bioguideId>
          <lisID>1802</lisID>
        </identifiers>
      </item>
      <item>
        <state>IN</state>
        <middleName />
        <fullName>Rep. Banks, Jim [R-IN-3]</fullName>
        <sponsorshipDate>2017-04-24</sponsorshipDate>
        <firstName>Jim</firstName>
        <sponsorshipWithdrawnDate />
        <bioguideId>B001299</bioguideId>
        <lastName>Banks</lastName>
        <district>3</district>
        <party>R</party>
        <isOriginalCosponsor>False</isOriginalCosponsor>
        <identifiers>
          <lisID>2326</lisID>
          <gpoId />
          <bioguideId>B001299</bioguideId>
        </identifiers>
      </item>
      <item>
        <state>FL</state>
        <middleName />
        <fullName>Rep. Buchanan, Vern [R-FL-16]</fullName>
        <sponsorshipDate>2017-05-16</sponsorshipDate>
        <firstName>Vern</firstName>
        <sponsorshipWithdrawnDate />
        <bioguideId>B001260</bioguideId>
        <lastName>Buchanan</lastName>
        <district>16</district>
        <party>R</party>
        <isOriginalCosponsor>False</isOriginalCosponsor>
        <identifiers>
          <bioguideId>B001260</bioguideId>
          <lisID>1840</lisID>
          <gpoId>7885</gpoId>
        </identifiers>
      </item>
      <item>
        <state>SC</state>
        <middleName />
        <fullName>Rep. Duncan, Jeff [R-SC-3]</fullName>
        <sponsorshipDate>2017-05-16</sponsorshipDate>
        <firstName>Jeff</firstName>
        <sponsorshipWithdrawnDate />
        <bioguideId>D000615</bioguideId>
        <lastName>Duncan</lastName>
        <district>3</district>
        <party>R</party>
        <isOriginalCosponsor>False</isOriginalCosponsor>
        <identifiers>
          <lisID>2057</lisID>
          <gpoId>8143</gpoId>
          <bioguideId>D000615</bioguideId>
        </identifiers>
      </item>
      <item>
        <state>MI</state>
        <middleName />
        <fullName>Rep. Mitchell, Paul [R-MI-10]</fullName>
        <sponsorshipDate>2017-05-16</sponsorshipDate>
        <firstName>Paul</firstName>
        <sponsorshipWithdrawnDate />
        <bioguideId>M001201</bioguideId>
        <lastName>Mitchell</lastName>
        <district>10</district>
        <party>R</party>
        <isOriginalCosponsor>False</isOriginalCosponsor>
        <identifiers>
          <lisID>2334</lisID>
          <gpoId />
          <bioguideId>M001201</bioguideId>
        </identifiers>
      </item>
      <item>
        <state>MI</state>
        <middleName />
        <fullName>Rep. Bergman, Jack [R-MI-1]</fullName>
        <sponsorshipDate>2017-05-23</sponsorshipDate>
        <firstName>Jack</firstName>
        <sponsorshipWithdrawnDate />
        <bioguideId>B001301</bioguideId>
        <lastName>Bergman</lastName>
        <district>1</district>
        <party>R</party>
        <isOriginalCosponsor>False</isOriginalCosponsor>
        <identifiers>
          <lisID>2333</lisID>
          <gpoId />
          <bioguideId>B001301</bioguideId>
        </identifiers>
      </item>
      <item>
        <state>KY</state>
        <middleName />
        <fullName>Rep. Guthrie, Brett [R-KY-2]</fullName>
        <sponsorshipDate>2017-05-24</sponsorshipDate>
        <firstName>Brett</firstName>
        <sponsorshipWithdrawnDate />
        <bioguideId>G000558</bioguideId>
        <lastName>Guthrie</lastName>
        <district>2</district>
        <party>R</party>
        <isOriginalCosponsor>False</isOriginalCosponsor>
        <identifiers>
          <lisID>1922</lisID>
          <gpoId>7954</gpoId>
          <bioguideId>G000558</bioguideId>
        </identifiers>
      </item>
      <item>
        <state>PA</state>
        <middleName>W.</middleName>
        <fullName>Rep. Dent, Charles W. [R-PA-15]</fullName>
        <sponsorshipDate>2017-05-25</sponsorshipDate>
        <firstName>Charles</firstName>
        <sponsorshipWithdrawnDate />
        <bioguideId>D000604</bioguideId>
        <lastName>Dent</lastName>
        <district>15</district>
        <party>R</party>
        <isOriginalCosponsor>False</isOriginalCosponsor>
        <identifiers>
          <gpoId>8133</gpoId>
          <lisID>1799</lisID>
          <bioguideId>D000604</bioguideId>
        </identifiers>
      </item>
      <item>
        <state>TN</state>
        <middleName>J. "Chuck"</middleName>
        <fullName>Rep. Fleischmann, Charles J. "Chuck" [R-TN-3]</fullName>
        <sponsorshipDate>2017-05-25</sponsorshipDate>
        <firstName>Charles</firstName>
        <sponsorshipWithdrawnDate />
        <bioguideId>F000459</bioguideId>
        <lastName>Fleischmann</lastName>
        <district>3</district>
        <party>R</party>
        <isOriginalCosponsor>False</isOriginalCosponsor>
        <identifiers>
          <lisID>2061</lisID>
          <gpoId>8150</gpoId>
          <bioguideId>F000459</bioguideId>
        </identifiers>
      </item>
      <item>
        <state>OH</state>
        <middleName />
        <fullName>Rep. Chabot, Steve [R-OH-1]</fullName>
        <sponsorshipDate>2017-06-06</sponsorshipDate>
        <firstName>STEVE</firstName>
        <sponsorshipWithdrawnDate />
        <bioguideId>C000266</bioguideId>
        <lastName>CHABOT</lastName>
        <district>1</district>
        <party>R</party>
        <isOriginalCosponsor>False</isOriginalCosponsor>
        <identifiers>
          <lisID>186</lisID>
          <gpoId>8091</gpoId>
          <bioguideId>C000266</bioguideId>
        </identifiers>
      </item>
      <item>
        <state>OH</state>
        <middleName>P.</middleName>
        <fullName>Rep. Joyce, David P. [R-OH-14]</fullName>
        <sponsorshipDate>2017-06-06</sponsorshipDate>
        <firstName>David</firstName>
        <sponsorshipWithdrawnDate />
        <bioguideId>J000295</bioguideId>
        <lastName>Joyce</lastName>
        <district>14</district>
        <party>R</party>
        <isOriginalCosponsor>False</isOriginalCosponsor>
        <identifiers>
          <lisID>2154</lisID>
          <gpoId />
          <bioguideId>J000295</bioguideId>
        </identifiers>
      </item>
      <item>
        <state>PA</state>
        <middleName>F.</middleName>
        <fullName>Rep. Boyle, Brendan F. [D-PA-13]</fullName>
        <sponsorshipDate>2017-06-12</sponsorshipDate>
        <firstName>Brendan</firstName>
        <sponsorshipWithdrawnDate />
        <bioguideId>B001296</bioguideId>
        <lastName>Boyle</lastName>
        <district>13</district>
        <party>D</party>
        <isOriginalCosponsor>False</isOriginalCosponsor>
        <identifiers>
          <lisID>2267</lisID>
          <gpoId />
          <bioguideId>B001296</bioguideId>
        </identifiers>
      </item>
      <item>
        <state>GA</state>
        <middleName>Drew</middleName>
        <fullName>Rep. Ferguson, A. Drew, IV [R-GA-3]</fullName>
        <sponsorshipDate>2017-06-12</sponsorshipDate>
        <firstName>A.</firstName>
        <sponsorshipWithdrawnDate />
        <bioguideId>F000465</bioguideId>
        <lastName>Ferguson</lastName>
        <district>3</district>
        <party>R</party>
        <isOriginalCosponsor>False</isOriginalCosponsor>
        <identifiers>
          <lisID>2324</lisID>
          <gpoId />
          <bioguideId>F000465</bioguideId>
        </identifiers>
      </item>
      <item>
        <state>GA</state>
        <middleName />
        <fullName>Rep. Graves, Tom [R-GA-14]</fullName>
        <sponsorshipDate>2017-06-12</sponsorshipDate>
        <firstName>Tom</firstName>
        <sponsorshipWithdrawnDate />
        <bioguideId>G000560</bioguideId>
        <lastName>Graves</lastName>
        <district>14</district>
        <party>R</party>
        <isOriginalCosponsor>False</isOriginalCosponsor>
        <identifiers>
          <lisID>1979</lisID>
          <gpoId>7906</gpoId>
          <bioguideId>G000560</bioguideId>
        </identifiers>
      </item>
      <item>
        <state>MS</state>
        <middleName>M.</middleName>
        <fullName>Rep. Palazzo, Steven M. [R-MS-4]</fullName>
        <sponsorshipDate>2017-06-13</sponsorshipDate>
        <firstName>Steven</firstName>
        <sponsorshipWithdrawnDate />
        <bioguideId>P000601</bioguideId>
        <lastName>Palazzo</lastName>
        <district>4</district>
        <party>R</party>
        <isOriginalCosponsor>False</isOriginalCosponsor>
        <identifiers>
          <bioguideId>P000601</bioguideId>
          <gpoId>8022</gpoId>
          <lisID>2035</lisID>
        </identifiers>
      </item>
      <item>
        <state>MS</state>
        <middleName />
        <fullName>Rep. Kelly, Trent [R-MS-1]</fullName>
        <sponsorshipDate>2017-06-15</sponsorshipDate>
        <firstName>Trent</firstName>
        <sponsorshipWithdrawnDate />
        <bioguideId>K000388</bioguideId>
        <lastName>Kelly</lastName>
        <district>1</district>
        <party>R</party>
        <isOriginalCosponsor>False</isOriginalCosponsor>
        <identifiers>
          <bioguideId>K000388</bioguideId>
          <lisID>2294</lisID>
          <gpoId />
        </identifiers>
      </item>
      <item>
        <state>IL</state>
        <middleName />
        <fullName>Rep. Hultgren, Randy [R-IL-14]</fullName>
        <sponsorshipDate>2017-06-15</sponsorshipDate>
        <firstName>Randy</firstName>
        <sponsorshipWithdrawnDate />
        <bioguideId>H001059</bioguideId>
        <lastName>Hultgren</lastName>
        <district>14</district>
        <party>R</party>
        <isOriginalCosponsor>False</isOriginalCosponsor>
        <identifiers>
          <lisID>2015</lisID>
          <gpoId>7934</gpoId>
          <bioguideId>H001059</bioguideId>
        </identifiers>
      </item>
      <item>
        <state>NC</state>
        <middleName>B.</middleName>
        <fullName>Rep. Jones, Walter B., Jr. [R-NC-3]</fullName>
        <sponsorshipDate>2017-07-11</sponsorshipDate>
        <firstName>WALTER</firstName>
        <sponsorshipWithdrawnDate />
        <bioguideId>J000255</bioguideId>
        <lastName>JONES</lastName>
        <district>3</district>
        <party>R</party>
        <isOriginalCosponsor>False</isOriginalCosponsor>
        <identifiers>
          <bioguideId>J000255</bioguideId>
          <gpoId>8026</gpoId>
          <lisID>612</lisID>
        </identifiers>
      </item>
      <item>
        <state>TN</state>
        <middleName />
        <fullName>Rep. Kustoff, David [R-TN-8]</fullName>
        <sponsorshipDate>2017-07-11</sponsorshipDate>
        <firstName>David</firstName>
        <sponsorshipWithdrawnDate />
        <bioguideId>K000392</bioguideId>
        <lastName>Kustoff</lastName>
        <district>8</district>
        <party>R</party>
        <isOriginalCosponsor>False</isOriginalCosponsor>
        <identifiers>
          <lisID>2348</lisID>
          <gpoId />
          <bioguideId>K000392</bioguideId>
        </identifiers>
      </item>
      <item>
        <state>GA</state>
        <middleName />
        <fullName>Rep. Woodall, Rob [R-GA-7]</fullName>
        <sponsorshipDate>2017-07-25</sponsorshipDate>
        <firstName>Rob</firstName>
        <sponsorshipWithdrawnDate />
        <bioguideId>W000810</bioguideId>
        <lastName>Woodall</lastName>
        <district>7</district>
        <party>R</party>
        <isOriginalCosponsor>False</isOriginalCosponsor>
        <identifiers>
          <bioguideId>W000810</bioguideId>
          <gpoId>7904</gpoId>
          <lisID>2008</lisID>
        </identifiers>
      </item>
      <item>
        <state>PA</state>
        <middleName>A.</middleName>
        <fullName>Rep. Brady, Robert A. [D-PA-1]</fullName>
        <sponsorshipDate>2017-08-15</sponsorshipDate>
        <firstName>ROBERT</firstName>
        <sponsorshipWithdrawnDate />
        <bioguideId>B001227</bioguideId>
        <lastName>BRADY</lastName>
        <district>1</district>
        <party>D</party>
        <isOriginalCosponsor>False</isOriginalCosponsor>
        <identifiers>
          <gpoId>8119</gpoId>
          <bioguideId>B001227</bioguideId>
          <lisID>1469</lisID>
        </identifiers>
      </item>
      <item>
        <state>PA</state>
        <middleName />
        <fullName>Rep. Marino, Tom [R-PA-10]</fullName>
        <sponsorshipDate>2017-08-25</sponsorshipDate>
        <firstName>Tom</firstName>
        <sponsorshipWithdrawnDate />
        <bioguideId>M001179</bioguideId>
        <lastName>Marino</lastName>
        <district>10</district>
        <party>R</party>
        <isOriginalCosponsor>False</isOriginalCosponsor>
        <identifiers>
          <bioguideId>M001179</bioguideId>
          <gpoId>8128</gpoId>
          <lisID>2053</lisID>
        </identifiers>
      </item>
      <item>
        <state>FL</state>
        <middleName>Butler</middleName>
        <fullName>Rep. Demings, Val Butler [D-FL-10]</fullName>
        <sponsorshipDate>2017-09-28</sponsorshipDate>
        <firstName>Val</firstName>
        <sponsorshipWithdrawnDate />
        <bioguideId>D000627</bioguideId>
        <lastName>Demings</lastName>
        <district>10</district>
        <party>D</party>
        <isOriginalCosponsor>False</isOriginalCosponsor>
        <identifiers>
          <bioguideId>D000627</bioguideId>
          <gpoId />
          <lisID>2320</lisID>
        </identifiers>
      </item>
      <item>
        <state>OH</state>
        <middleName>R.</middleName>
        <fullName>Rep. Wenstrup, Brad R. [R-OH-2]</fullName>
        <sponsorshipDate>2017-10-02</sponsorshipDate>
        <firstName>Brad</firstName>
        <sponsorshipWithdrawnDate />
        <bioguideId>W000815</bioguideId>
        <lastName>Wenstrup</lastName>
        <district>2</district>
        <party>R</party>
        <isOriginalCosponsor>False</isOriginalCosponsor>
        <identifiers>
          <bioguideId>W000815</bioguideId>
          <gpoId />
          <lisID>2152</lisID>
        </identifiers>
      </item>
      <item>
        <state>WI</state>
        <middleName />
        <fullName>Rep. Gallagher, Mike [R-WI-8]</fullName>
        <sponsorshipDate>2017-10-03</sponsorshipDate>
        <firstName>Mike</firstName>
        <sponsorshipWithdrawnDate />
        <bioguideId>G000579</bioguideId>
        <lastName>Gallagher</lastName>
        <district>8</district>
        <party>R</party>
        <isOriginalCosponsor>False</isOriginalCosponsor>
        <identifiers>
          <bioguideId>G000579</bioguideId>
          <lisID>2355</lisID>
          <gpoId />
        </identifiers>
      </item>
      <item>
        <state>WA</state>
        <middleName />
        <fullName>Rep. Newhouse, Dan [R-WA-4]</fullName>
        <sponsorshipDate>2017-10-12</sponsorshipDate>
        <firstName>Dan</firstName>
        <sponsorshipWithdrawnDate />
        <bioguideId>N000189</bioguideId>
        <lastName>Newhouse</lastName>
        <district>4</district>
        <party>R</party>
        <isOriginalCosponsor>False</isOriginalCosponsor>
        <identifiers>
          <lisID>2275</lisID>
          <gpoId />
          <bioguideId>N000189</bioguideId>
        </identifiers>
      </item>
      <item>
        <state>CA</state>
        <middleName />
        <fullName>Rep. Cook, Paul [R-CA-8]</fullName>
        <sponsorshipDate>2017-10-12</sponsorshipDate>
        <firstName>Paul</firstName>
        <sponsorshipWithdrawnDate />
        <bioguideId>C001094</bioguideId>
        <lastName>Cook</lastName>
        <district>8</district>
        <party>R</party>
        <isOriginalCosponsor>False</isOriginalCosponsor>
        <identifiers>
          <gpoId />
          <bioguideId>C001094</bioguideId>
          <lisID>2103</lisID>
        </identifiers>
      </item>
      <item>
        <state>CA</state>
        <middleName />
        <fullName>Rep. McClintock, Tom [R-CA-4]</fullName>
        <sponsorshipDate>2017-10-23</sponsorshipDate>
        <firstName>Tom</firstName>
        <sponsorshipWithdrawnDate />
        <bioguideId>M001177</bioguideId>
        <lastName>McClintock</lastName>
        <district>4</district>
        <party>R</party>
        <isOriginalCosponsor>False</isOriginalCosponsor>
        <identifiers>
          <lisID>1908</lisID>
          <gpoId>7809</gpoId>
          <bioguideId>M001177</bioguideId>
        </identifiers>
      </item>
      <item>
        <state>PA</state>
        <middleName />
        <fullName>Rep. Perry, Scott [R-PA-4]</fullName>
        <sponsorshipDate>2017-10-23</sponsorshipDate>
        <firstName>Scott</firstName>
        <sponsorshipWithdrawnDate />
        <bioguideId>P000605</bioguideId>
        <lastName>Perry</lastName>
        <district>4</district>
        <party>R</party>
        <isOriginalCosponsor>False</isOriginalCosponsor>
        <identifiers>
          <bioguideId>P000605</bioguideId>
          <gpoId />
          <lisID>2157</lisID>
        </identifiers>
      </item>
      <item>
        <state>IN</state>
        <middleName />
        <fullName>Rep. Messer, Luke [R-IN-6]</fullName>
        <sponsorshipDate>2017-10-23</sponsorshipDate>
        <firstName>Luke</firstName>
        <sponsorshipWithdrawnDate />
        <bioguideId>M001189</bioguideId>
        <lastName>Messer</lastName>
        <district>6</district>
        <party>R</party>
        <isOriginalCosponsor>False</isOriginalCosponsor>
        <identifiers>
          <lisID>2130</lisID>
          <gpoId />
          <bioguideId>M001189</bioguideId>
        </identifiers>
      </item>
      <item>
        <state>TX</state>
        <middleName />
        <fullName>Rep. Williams, Roger [R-TX-25]</fullName>
        <sponsorshipDate>2017-10-23</sponsorshipDate>
        <firstName>Roger</firstName>
        <sponsorshipWithdrawnDate />
        <bioguideId>W000816</bioguideId>
        <lastName>Williams</lastName>
        <district>25</district>
        <party>R</party>
        <isOriginalCosponsor>False</isOriginalCosponsor>
        <identifiers>
          <gpoId />
          <lisID>2165</lisID>
          <bioguideId>W000816</bioguideId>
        </identifiers>
      </item>
      <item>
        <state>SC</state>
        <middleName />
        <fullName>Rep. Rice, Tom [R-SC-7]</fullName>
        <sponsorshipDate>2017-10-31</sponsorshipDate>
        <firstName>Tom</firstName>
        <sponsorshipWithdrawnDate />
        <bioguideId>R000597</bioguideId>
        <lastName>Rice</lastName>
        <district>7</district>
        <party>R</party>
        <isOriginalCosponsor>False</isOriginalCosponsor>
        <identifiers>
          <lisID>2160</lisID>
          <gpoId />
          <bioguideId>R000597</bioguideId>
        </identifiers>
      </item>
      <item>
        <state>GA</state>
        <middleName />
        <fullName>Rep. Loudermilk, Barry [R-GA-11]</fullName>
        <sponsorshipDate>2017-11-02</sponsorshipDate>
        <firstName>Barry</firstName>
        <sponsorshipWithdrawnDate />
        <bioguideId>L000583</bioguideId>
        <lastName>Loudermilk</lastName>
        <district>11</district>
        <party>R</party>
        <isOriginalCosponsor>False</isOriginalCosponsor>
        <identifiers>
          <bioguideId>L000583</bioguideId>
          <gpoId />
          <lisID>2238</lisID>
        </identifiers>
      </item>
      <item>
        <state>CA</state>
        <middleName>E.</middleName>
        <fullName>Rep. Issa, Darrell E. [R-CA-49]</fullName>
        <sponsorshipDate>2017-11-06</sponsorshipDate>
        <firstName>DARRELL</firstName>
        <sponsorshipWithdrawnDate />
        <bioguideId>I000056</bioguideId>
        <lastName>ISSA</lastName>
        <district>49</district>
        <party>R</party>
        <isOriginalCosponsor>False</isOriginalCosponsor>
        <identifiers>
          <gpoId>7854</gpoId>
          <lisID>1640</lisID>
          <bioguideId>I000056</bioguideId>
        </identifiers>
      </item>
      <item>
        <state>GA</state>
        <middleName />
        <fullName>Rep. Scott, Austin [R-GA-8]</fullName>
        <sponsorshipDate>2017-11-14</sponsorshipDate>
        <firstName>Austin</firstName>
        <sponsorshipWithdrawnDate />
        <bioguideId>S001189</bioguideId>
        <lastName>Scott</lastName>
        <district>8</district>
        <party>R</party>
        <isOriginalCosponsor>False</isOriginalCosponsor>
        <identifiers>
          <lisID>2009</lisID>
          <gpoId>7905</gpoId>
          <bioguideId>S001189</bioguideId>
        </identifiers>
      </item>
      <item>
        <state>AR</state>
        <middleName />
        <fullName>Rep. Womack, Steve [R-AR-3]</fullName>
        <sponsorshipDate>2017-11-15</sponsorshipDate>
        <firstName>Steve</firstName>
        <sponsorshipWithdrawnDate />
        <bioguideId>W000809</bioguideId>
        <lastName>Womack</lastName>
        <district>3</district>
        <party>R</party>
        <isOriginalCosponsor>False</isOriginalCosponsor>
        <identifiers>
          <bioguideId>W000809</bioguideId>
          <gpoId>7795</gpoId>
          <lisID>1991</lisID>
        </identifiers>
      </item>
      <item>
        <state>LA</state>
        <middleName />
        <fullName>Rep. Higgins, Clay [R-LA-3]</fullName>
        <sponsorshipDate>2017-11-28</sponsorshipDate>
        <firstName>Clay</firstName>
        <sponsorshipWithdrawnDate />
        <bioguideId>H001077</bioguideId>
        <lastName>Higgins</lastName>
        <district>3</district>
        <party>R</party>
        <isOriginalCosponsor>False</isOriginalCosponsor>
        <identifiers>
          <lisID>2329</lisID>
          <gpoId />
          <bioguideId>H001077</bioguideId>
        </identifiers>
      </item>
      <item>
        <state>IL</state>
        <middleName>M.</middleName>
        <fullName>Rep. Shimkus, John [R-IL-15]</fullName>
        <sponsorshipDate>2017-11-29</sponsorshipDate>
        <firstName>JOHN</firstName>
        <sponsorshipWithdrawnDate />
        <bioguideId>S000364</bioguideId>
        <lastName>SHIMKUS</lastName>
        <district>15</district>
        <party>R</party>
        <isOriginalCosponsor>False</isOriginalCosponsor>
        <identifiers>
          <bioguideId>S000364</bioguideId>
          <gpoId>7939</gpoId>
          <lisID>1527</lisID>
        </identifiers>
      </item>
      <item>
        <state>WI</state>
        <middleName>P.</middleName>
        <fullName>Rep. Duffy, Sean P. [R-WI-7]</fullName>
        <sponsorshipDate>2017-11-30</sponsorshipDate>
        <firstName>Sean</firstName>
        <sponsorshipWithdrawnDate />
        <bioguideId>D000614</bioguideId>
        <lastName>Duffy</lastName>
        <district>7</district>
        <party>R</party>
        <isOriginalCosponsor>False</isOriginalCosponsor>
        <identifiers>
          <lisID>2072</lisID>
          <gpoId>8220</gpoId>
          <bioguideId>D000614</bioguideId>
        </identifiers>
      </item>
      <item>
        <state>HI</state>
        <middleName />
        <fullName>Rep. Hanabusa, Colleen [D-HI-1]</fullName>
        <sponsorshipDate>2018-01-19</sponsorshipDate>
        <firstName>Colleen</firstName>
        <sponsorshipWithdrawnDate />
        <bioguideId>H001050</bioguideId>
        <lastName>Hanabusa</lastName>
        <district>1</district>
        <party>D</party>
        <isOriginalCosponsor>False</isOriginalCosponsor>
        <identifiers>
          <lisID>2010</lisID>
          <gpoId>7912</gpoId>
          <bioguideId>H001050</bioguideId>
        </identifiers>
      </item>
      <item>
        <state>TX</state>
        <middleName>K.</middleName>
        <fullName>Rep. Weber, Randy K., Sr. [R-TX-14]</fullName>
        <sponsorshipDate>2018-02-02</sponsorshipDate>
        <firstName>Randy</firstName>
        <sponsorshipWithdrawnDate />
        <bioguideId>W000814</bioguideId>
        <lastName>Weber</lastName>
        <district>14</district>
        <party>R</party>
        <isOriginalCosponsor>False</isOriginalCosponsor>
        <identifiers>
          <bioguideId>W000814</bioguideId>
          <gpoId />
          <lisID>2161</lisID>
        </identifiers>
      </item>
      <item>
        <state>TX</state>
        <middleName />
        <fullName>Rep. Flores, Bill [R-TX-17]</fullName>
        <sponsorshipDate>2018-02-06</sponsorshipDate>
        <firstName>Bill</firstName>
        <sponsorshipWithdrawnDate />
        <bioguideId>F000461</bioguideId>
        <lastName>Flores</lastName>
        <district>17</district>
        <party>R</party>
        <isOriginalCosponsor>False</isOriginalCosponsor>
        <identifiers>
          <lisID>2065</lisID>
          <gpoId>8173</gpoId>
          <bioguideId>F000461</bioguideId>
        </identifiers>
      </item>
    </cosponsors>
    <billNumber>564</billNumber>
    <committeeReports />
    <notes />
    <latestAction>
      <actionDate>2017-01-13</actionDate>
      <text>Referred to the House Committee on Energy and Commerce.</text>
      <links />
    </latestAction>
    <committees>
      <billCommittees>
        <item>
          <name>Energy and Commerce Committee</name>
          <subcommittees />
          <systemCode>hsif00</systemCode>
          <chamber>House</chamber>
          <activities>
            <item>
              <date>2017-01-13T14:09:25Z</date>
              <name>Referred to</name>
            </item>
          </activities>
          <type>Standing</type>
        </item>
      </billCommittees>
    </committees>
    <updateDate>2018-03-30T14:00:15Z</updateDate>
    <title>Traditional Cigar Manufacturing and Small Business Jobs Preservation Act of 2017</title>
    <sponsors>
      <item>
        <fullName>Rep. Posey, Bill [R-FL-8]</fullName>
        <state>FL</state>
        <lastName>Posey</lastName>
        <bioguideId>P000599</bioguideId>
        <district>8</district>
        <middleName />
        <byRequestType />
        <party>R</party>
        <identifiers>
          <lisID>1915</lisID>
          <gpoId>7887</gpoId>
          <bioguideId>P000599</bioguideId>
        </identifiers>
        <firstName>Bill</firstName>
      </item>
    </sponsors>
    <congress>115</congress>
    <recordedVotes />
    <subjects>
      <billSubjects>
        <legislativeSubjects>
          <item>
            <name>Administrative law and regulatory procedures</name>
          </item>
          <item>
            <name>Department of Health and Human Services</name>
          </item>
          <item>
            <name>Drug safety, medical device, and laboratory regulation</name>
          </item>
          <item>
            <name>Drug, alcohol, tobacco use</name>
          </item>
          <item>
            <name>Food and Drug Administration (FDA)</name>
          </item>
          <item>
            <name>User charges and fees</name>
          </item>
        </legislativeSubjects>
        <policyArea>
          <name>Health</name>
        </policyArea>
      </billSubjects>
    </subjects>
  </bill>
  <dublinCore xmlns:dc="http://purl.org/dc/elements/1.1/">
    <dc:format>text/xml</dc:format>
    <dc:language>EN</dc:language>
    <dc:rights>Pursuant to Title 17 Section 105 of the United States Code, this file is not subject to copyright protection and is in the public domain.</dc:rights>
    <dc:contributor>Congressional Research Service, Library of Congress</dc:contributor>
    <dc:description>This file contains bill summaries and statuses for federal legislation. A bill summary describes the most significant provisions of a piece of legislation and details the effects the legislative text may have on current law and federal programs. Bill summaries are authored by the Congressional Research Service (CRS) of the Library of Congress. As stated in Public Law 91-510 (2 USC 166 (d)(6)), one of the duties of CRS is "to prepare summaries and digests of bills and resolutions of a public general nature introduced in the Senate or House of Representatives". For more information, refer to the User Guide that accompanies this file.</dc:description>
  </dublinCore>
</billStatus>

