<?xml version="1.0" encoding="UTF-8"?>
<billStatus>
  <bill>
    <titles>
      <item>
        <title>Small Business Broadband Deployment Act</title>
        <parentTitleType>Short Titles House of Representatives</parentTitleType>
        <chamberName>House</chamberName>
        <titleType>Short Titles as Passed House</titleType>
        <chamberCode>H</chamberCode>
      </item>
      <item>
        <title>Small Business Broadband Deployment Act</title>
        <parentTitleType />
        <chamberName />
        <titleType>Short Titles as Introduced</titleType>
        <chamberCode />
      </item>
      <item>
        <title>To ensure that small business providers of broadband Internet access service can devote resources to broadband deployment rather than compliance with cumbersome regulatory requirements.</title>
        <parentTitleType />
        <chamberName />
        <titleType>Official Title as Introduced</titleType>
        <chamberCode />
      </item>
      <item>
        <title>Small Business Broadband Deployment Act</title>
        <parentTitleType />
        <chamberName />
        <titleType>Display Title</titleType>
        <chamberCode />
      </item>
      <item>
        <title>Small Business Broadband Deployment Act</title>
        <parentTitleType />
        <chamberName>House</chamberName>
        <titleType>(Extracted from GPO) Short Titles as Passed House</titleType>
        <chamberCode>H</chamberCode>
      </item>
      <item>
        <title>Small Business Broadband Deployment Act</title>
        <parentTitleType />
        <chamberName />
        <titleType>(Extracted from GPO) Short Titles as Introduced</titleType>
        <chamberCode />
      </item>
    </titles>
    <policyArea>
      <name>Science, Technology, Communications</name>
    </policyArea>
    <amendments />
    <billNumber>288</billNumber>
    <version>1.0.0</version>
    <congress>115</congress>
    <calendarNumbers />
    <createDate>2017-01-05T04:47:33Z</createDate>
    <updateDate>2018-03-30T13:58:55Z</updateDate>
    <latestAction>
      <actionDate>2017-01-11</actionDate>
      <links />
      <text>Received in the Senate and Read twice and referred to the Committee on Commerce, Science, and Transportation.</text>
    </latestAction>
    <laws />
    <sponsors>
      <item>
        <fullName>Rep. Walden, Greg [R-OR-2]</fullName>
        <bioguideId>W000791</bioguideId>
        <lastName>WALDEN</lastName>
        <byRequestType />
        <firstName>GREG</firstName>
        <district>2</district>
        <state>OR</state>
        <middleName />
        <party>R</party>
        <identifiers>
          <bioguideId>W000791</bioguideId>
          <lisID>1596</lisID>
          <gpoId>8115</gpoId>
        </identifiers>
      </item>
    </sponsors>
    <originChamber>House</originChamber>
    <constitutionalAuthorityStatementText><![CDATA[<pre>From the Congressional Record Online through the Government Publishing Office [<a href='http://www.gpo.gov'>www.gpo.gov</a>]By Mr. WALDEN:H.R. 288.Congress has the power to enact this legislation pursuantto the following:Article I, Section 8, Clause 3 of the United StatesConstitution.[Page H97]</pre>]]></constitutionalAuthorityStatementText>
    <cosponsors>
      <item>
        <bioguideId>L000565</bioguideId>
        <sponsorshipDate>2017-01-04</sponsorshipDate>
        <party>D</party>
        <firstName>David</firstName>
        <fullName>Rep. Loebsack, David [D-IA-2]</fullName>
        <lastName>Loebsack</lastName>
        <identifiers>
          <lisID>1846</lisID>
          <gpoId>7915</gpoId>
          <bioguideId>L000565</bioguideId>
        </identifiers>
        <sponsorshipWithdrawnDate />
        <district>2</district>
        <state>IA</state>
        <isOriginalCosponsor>True</isOriginalCosponsor>
        <middleName />
      </item>
      <item>
        <bioguideId>K000387</bioguideId>
        <sponsorshipDate>2017-01-10</sponsorshipDate>
        <party>R</party>
        <firstName>Stephen</firstName>
        <fullName>Rep. Knight, Stephen [R-CA-25]</fullName>
        <lastName>Knight</lastName>
        <identifiers>
          <bioguideId>K000387</bioguideId>
          <gpoId />
          <lisID>2228</lisID>
        </identifiers>
        <sponsorshipWithdrawnDate />
        <district>25</district>
        <state>CA</state>
        <isOriginalCosponsor>False</isOriginalCosponsor>
        <middleName />
      </item>
      <item>
        <bioguideId>G000580</bioguideId>
        <sponsorshipDate>2017-01-10</sponsorshipDate>
        <party>R</party>
        <firstName>Thomas</firstName>
        <fullName>Rep. Garrett, Thomas A., Jr. [R-VA-5]</fullName>
        <lastName>Garrett</lastName>
        <identifiers>
          <lisID>2353</lisID>
          <gpoId />
          <bioguideId>G000580</bioguideId>
        </identifiers>
        <sponsorshipWithdrawnDate />
        <district>5</district>
        <state>VA</state>
        <isOriginalCosponsor>False</isOriginalCosponsor>
        <middleName>A.</middleName>
      </item>
    </cosponsors>
    <billType>HR</billType>
    <notes />
    <summaries>
      <billSummaries>
        <item>
          <actionDesc>Introduced in House</actionDesc>
          <name>Introduced in House</name>
          <actionDate>2017-01-04</actionDate>
          <updateDate>2017-01-04T05:00:00Z</updateDate>
          <versionCode>00</versionCode>
          <text><![CDATA[<p><b>Small Business Broadband Deployment Act</b></p> <p>This bill exempts for five years any small business broadband Internet access service provider with no more than 250,000 subscribers from the enhancements to the transparency rule of the Federal Communications Commission (FCC) under which any person engaged in the provision of broadband Internet access service must disclose publicly accurate information regarding the network management practices, performance, and commercial terms of its broadband Internet access services sufficient for:</p> <ul> <li>consumers to make informed choices regarding their use; and</li> <li>content, application, service, and device providers to develop, market, and maintain Internet offerings.</li> </ul> <p> The FCC shall report to specified congressional committees, within 180 days after enactment of this bill, its recommendations (together with supporting data) on whether:</p> <ul> <li>this exception should be made permanent, and</li> <li>the definition of &quot;small business&quot; for these purposes should be modified.</li></ul>]]></text>
          <lastSummaryUpdateDate>2017-01-24T20:37:55Z</lastSummaryUpdateDate>
        </item>
        <item>
          <actionDesc>Passed House without amendment</actionDesc>
          <name>Passed House without amendment</name>
          <actionDate>2017-01-10</actionDate>
          <updateDate>2017-01-10T14:33:18Z</updateDate>
          <versionCode>81</versionCode>
          <text><![CDATA[<p>(This measure has not been amended since it was introduced. The summary has been expanded because action occurred on the measure.)</p> <p><b>Small Business Broadband Deployment Act</b></p> <p>(Sec. 2) This bill exempts for five years any small business broadband Internet access service provider with no more than 250,000 subscribers from the enhancements to the transparency rule of the Federal Communications Commission (FCC) under which any person engaged in the provision of broadband Internet access service must disclose publicly accurate information regarding the network management practices, performance, and commercial terms of its broadband Internet access services sufficient for:</p> <ul> <li>consumers to make informed choices regarding their use; and</li> <li>content, application, service, and device providers to develop, market, and maintain Internet offerings.</li> </ul> <p> The FCC shall report to specified congressional committees, within 180 days after enactment of this bill, its recommendations (together with supporting data) on whether:</p> <ul> <li>this exception should be made permanent, and</li> <li>the definition of &quot;small business&quot; for these purposes should be modified.</li></ul>]]></text>
          <lastSummaryUpdateDate>2017-01-24T20:38:14Z</lastSummaryUpdateDate>
        </item>
      </billSummaries>
    </summaries>
    <relatedBills>
      <item>
        <relationshipDetails>
          <item>
            <type>Related bill</type>
            <identifiedBy>CRS</identifiedBy>
          </item>
        </relationshipDetails>
        <latestAction>
          <actionDate>2017-01-24</actionDate>
          <text>Read twice and referred to the Committee on Commerce, Science, and Transportation. (Sponsor introductory remarks: CR S451; text of measure as introduced: CR S451)</text>
        </latestAction>
        <number>228</number>
        <congress>115</congress>
        <type>S</type>
        <latestTitle>Small Business Broadband Deployment Act of 2017</latestTitle>
      </item>
    </relatedBills>
    <committees>
      <billCommittees>
        <item>
          <type>Standing</type>
          <subcommittees />
          <name>Commerce, Science, and Transportation Committee</name>
          <activities>
            <item>
              <date>2017-01-11T18:24:23Z</date>
              <name>Referred to</name>
            </item>
          </activities>
          <systemCode>sscm00</systemCode>
          <chamber>Senate</chamber>
        </item>
        <item>
          <type>Standing</type>
          <subcommittees />
          <name>Energy and Commerce Committee</name>
          <activities>
            <item>
              <date>2017-01-04T15:06:20Z</date>
              <name>Referred to</name>
            </item>
          </activities>
          <systemCode>hsif00</systemCode>
          <chamber>House</chamber>
        </item>
      </billCommittees>
    </committees>
    <cboCostEstimates />
    <subjects>
      <billSubjects>
        <legislativeSubjects>
          <item>
            <name>Administrative law and regulatory procedures</name>
          </item>
          <item>
            <name>Consumer affairs</name>
          </item>
          <item>
            <name>Federal Communications Commission (FCC)</name>
          </item>
          <item>
            <name>Internet and video services</name>
          </item>
          <item>
            <name>Small business</name>
          </item>
          <item>
            <name>Telecommunication rates and fees</name>
          </item>
        </legislativeSubjects>
        <policyArea>
          <name>Science, Technology, Communications</name>
        </policyArea>
      </billSubjects>
    </subjects>
    <committeeReports />
    <title>Small Business Broadband Deployment Act</title>
    <recordedVotes />
    <actions>
      <actionByCounts>
        <houseOfRepresentatives>9</houseOfRepresentatives>
        <senate>1</senate>
      </actionByCounts>
      <item>
        <actionDate>2017-01-11</actionDate>
        <committee>
          <name>Commerce, Science, and Transportation Committee</name>
          <systemCode>sscm00</systemCode>
        </committee>
        <links />
        <sourceSystem>
          <name>Senate</name>
          <code>0</code>
        </sourceSystem>
        <text>Received in the Senate and Read twice and referred to the Committee on Commerce, Science, and Transportation.</text>
        <type>IntroReferral</type>
      </item>
      <item>
        <actionTime>15:46:48</actionTime>
        <actionCode>H38310</actionCode>
        <committee />
        <sourceSystem>
          <name>House floor actions</name>
          <code>2</code>
        </sourceSystem>
        <type>Floor</type>
        <text>Motion to reconsider laid on the table Agreed to without objection.</text>
        <actionDate>2017-01-10</actionDate>
        <links />
      </item>
      <item>
        <actionTime>15:46:46</actionTime>
        <actionCode>H37300</actionCode>
        <committee />
        <sourceSystem>
          <name>House floor actions</name>
          <code>2</code>
        </sourceSystem>
        <type>Floor</type>
        <text>On motion to suspend the rules and pass the bill Agreed to by voice vote. (text: CR H268)</text>
        <actionDate>2017-01-10</actionDate>
        <links>
          <link>
            <name>H268</name>
            <url>https://www.congress.gov/congressional-record/volume-163/house-section/page/H268</url>
          </link>
        </links>
      </item>
      <item>
        <actionTime>15:46:46</actionTime>
        <actionCode>8000</actionCode>
        <committee />
        <sourceSystem>
          <name>Library of Congress</name>
          <code>9</code>
        </sourceSystem>
        <type>Floor</type>
        <text>Passed/agreed to in House: On motion to suspend the rules and pass the bill Agreed to by voice vote.(text: CR H268)</text>
        <actionDate>2017-01-10</actionDate>
        <links>
          <link>
            <name>H268</name>
            <url>https://www.congress.gov/congressional-record/volume-163/house-section/page/H268</url>
          </link>
        </links>
      </item>
      <item>
        <actionTime>15:29:05</actionTime>
        <actionCode>H8D000</actionCode>
        <committee />
        <sourceSystem>
          <name>House floor actions</name>
          <code>2</code>
        </sourceSystem>
        <type>Floor</type>
        <text>DEBATE - The House proceeded with forty minutes of debate on H.R. 288.</text>
        <actionDate>2017-01-10</actionDate>
        <links>
          <link>
            <name>H.R. 288</name>
            <url>https://www.congress.gov/bill/115th-congress/house-bill/288</url>
          </link>
        </links>
      </item>
      <item>
        <actionTime>15:29:03</actionTime>
        <actionCode>H30000</actionCode>
        <committee />
        <sourceSystem>
          <name>House floor actions</name>
          <code>2</code>
        </sourceSystem>
        <type>Floor</type>
        <text>Considered under suspension of the rules. (consideration: CR H268-270)</text>
        <actionDate>2017-01-10</actionDate>
        <links>
          <link>
            <name>H268-270</name>
            <url>https://www.congress.gov/congressional-record/volume-163/house-section/page/H268-270</url>
          </link>
        </links>
      </item>
      <item>
        <actionTime>15:28:47</actionTime>
        <actionCode>H30300</actionCode>
        <committee />
        <sourceSystem>
          <name>House floor actions</name>
          <code>2</code>
        </sourceSystem>
        <type>Floor</type>
        <text>Mrs. Blackburn moved to suspend the rules and pass the bill.</text>
        <actionDate>2017-01-10</actionDate>
        <links />
      </item>
      <item>
        <actionCode>H11100</actionCode>
        <committee>
          <name>Energy and Commerce Committee</name>
          <systemCode>hsif00</systemCode>
        </committee>
        <sourceSystem>
          <name>House floor actions</name>
          <code>2</code>
        </sourceSystem>
        <type>IntroReferral</type>
        <text>Referred to the House Committee on Energy and Commerce.</text>
        <actionDate>2017-01-04</actionDate>
        <links />
      </item>
      <item>
        <actionCode>Intro-H</actionCode>
        <committee />
        <sourceSystem>
          <name>Library of Congress</name>
          <code>9</code>
        </sourceSystem>
        <type>IntroReferral</type>
        <text>Introduced in House</text>
        <actionDate>2017-01-04</actionDate>
        <links />
      </item>
      <item>
        <actionCode>1000</actionCode>
        <committee />
        <sourceSystem>
          <name>Library of Congress</name>
          <code>9</code>
        </sourceSystem>
        <type>IntroReferral</type>
        <text>Introduced in House</text>
        <actionDate>2017-01-04</actionDate>
        <links />
      </item>
      <actionTypeCounts>
        <passedAgreedToInHouse>1</passedAgreedToInHouse>
        <considerationByHouse>1</considerationByHouse>
        <finalPassageUnderSuspensionOfTheRulesResults>1</finalPassageUnderSuspensionOfTheRulesResults>
        <referredToCommittee>1</referredToCommittee>
        <introducedInTheHouse>1</introducedInTheHouse>
        <motionToReconsiderResults>1</motionToReconsiderResults>
        <billReferrals>1</billReferrals>
        <introducedInHouse>1</introducedInHouse>
        <generalDebate>1</generalDebate>
        <motionMadeToSuspendTheRules>1</motionMadeToSuspendTheRules>
      </actionTypeCounts>
    </actions>
    <introducedDate>2017-01-04</introducedDate>
  </bill>
  <dublinCore xmlns:dc="http://purl.org/dc/elements/1.1/">
    <dc:format>text/xml</dc:format>
    <dc:language>EN</dc:language>
    <dc:rights>Pursuant to Title 17 Section 105 of the United States Code, this file is not subject to copyright protection and is in the public domain.</dc:rights>
    <dc:contributor>Congressional Research Service, Library of Congress</dc:contributor>
    <dc:description>This file contains bill summaries and statuses for federal legislation. A bill summary describes the most significant provisions of a piece of legislation and details the effects the legislative text may have on current law and federal programs. Bill summaries are authored by the Congressional Research Service (CRS) of the Library of Congress. As stated in Public Law 91-510 (2 USC 166 (d)(6)), one of the duties of CRS is "to prepare summaries and digests of bills and resolutions of a public general nature introduced in the Senate or House of Representatives". For more information, refer to the User Guide that accompanies this file.</dc:description>
  </dublinCore>
</billStatus>

