<?xml version="1.0" encoding="UTF-8"?>
<billStatus>
  <bill>
    <recordedVotes />
    <titles>
      <item>
        <titleType>Short Titles as Introduced</titleType>
        <title>Death Tax Repeal Act of 2017</title>
        <chamberCode />
        <parentTitleType />
        <chamberName />
      </item>
      <item>
        <titleType>Official Title as Introduced</titleType>
        <title>To amend the Internal Revenue Code of 1986 to repeal the estate and generation-skipping transfer taxes.</title>
        <chamberCode />
        <parentTitleType />
        <chamberName />
      </item>
      <item>
        <titleType>Display Title</titleType>
        <title>Death Tax Repeal Act of 2017</title>
        <chamberCode />
        <parentTitleType />
        <chamberName />
      </item>
      <item>
        <titleType>(Extracted from GPO) Short Titles as Introduced</titleType>
        <title>Death Tax Repeal Act of 2017</title>
        <chamberCode />
        <parentTitleType />
        <chamberName />
      </item>
    </titles>
    <introducedDate>2017-01-24</introducedDate>
    <cosponsors>
      <item>
        <fullName>Rep. Bishop, Sanford D., Jr. [D-GA-2]</fullName>
        <state>GA</state>
        <bioguideId>B000490</bioguideId>
        <identifiers>
          <bioguideId>B000490</bioguideId>
          <gpoId>7899</gpoId>
          <lisID>91</lisID>
        </identifiers>
        <party>D</party>
        <lastName>BISHOP</lastName>
        <sponsorshipWithdrawnDate />
        <firstName>SANFORD</firstName>
        <district>2</district>
        <sponsorshipDate>2017-01-24</sponsorshipDate>
        <isOriginalCosponsor>True</isOriginalCosponsor>
        <middleName>D.</middleName>
      </item>
      <item>
        <fullName>Rep. Nunes, Devin [R-CA-22]</fullName>
        <state>CA</state>
        <bioguideId>N000181</bioguideId>
        <identifiers>
          <bioguideId>N000181</bioguideId>
          <lisID>1710</lisID>
          <gpoId>7826</gpoId>
        </identifiers>
        <party>R</party>
        <lastName>Nunes</lastName>
        <sponsorshipWithdrawnDate />
        <firstName>Devin</firstName>
        <district>22</district>
        <sponsorshipDate>2017-01-24</sponsorshipDate>
        <isOriginalCosponsor>True</isOriginalCosponsor>
        <middleName />
      </item>
      <item>
        <fullName>Rep. Smith, Jason [R-MO-8]</fullName>
        <state>MO</state>
        <bioguideId>S001195</bioguideId>
        <identifiers>
          <bioguideId>S001195</bioguideId>
          <gpoId />
          <lisID>2191</lisID>
        </identifiers>
        <party>R</party>
        <lastName>Smith</lastName>
        <sponsorshipWithdrawnDate />
        <firstName>Jason</firstName>
        <district>8</district>
        <sponsorshipDate>2017-01-24</sponsorshipDate>
        <isOriginalCosponsor>True</isOriginalCosponsor>
        <middleName />
      </item>
      <item>
        <fullName>Rep. Jenkins, Lynn [R-KS-2]</fullName>
        <state>KS</state>
        <bioguideId>J000290</bioguideId>
        <identifiers>
          <lisID>1921</lisID>
          <bioguideId>J000290</bioguideId>
          <gpoId>7950</gpoId>
        </identifiers>
        <party>R</party>
        <lastName>Jenkins</lastName>
        <sponsorshipWithdrawnDate />
        <firstName>Lynn</firstName>
        <district>2</district>
        <sponsorshipDate>2017-01-24</sponsorshipDate>
        <isOriginalCosponsor>True</isOriginalCosponsor>
        <middleName />
      </item>
      <item>
        <fullName>Rep. Davidson, Warren [R-OH-8]</fullName>
        <state>OH</state>
        <bioguideId>D000626</bioguideId>
        <identifiers>
          <gpoId />
          <lisID>2296</lisID>
          <bioguideId>D000626</bioguideId>
        </identifiers>
        <party>R</party>
        <lastName>Davidson</lastName>
        <sponsorshipWithdrawnDate />
        <firstName>Warren</firstName>
        <district>8</district>
        <sponsorshipDate>2017-01-24</sponsorshipDate>
        <isOriginalCosponsor>True</isOriginalCosponsor>
        <middleName />
      </item>
      <item>
        <fullName>Rep. Smith, Adrian [R-NE-3]</fullName>
        <state>NE</state>
        <bioguideId>S001172</bioguideId>
        <identifiers>
          <lisID>1860</lisID>
          <gpoId>8040</gpoId>
          <bioguideId>S001172</bioguideId>
        </identifiers>
        <party>R</party>
        <lastName>Smith</lastName>
        <sponsorshipWithdrawnDate />
        <firstName>Adrian</firstName>
        <district>3</district>
        <sponsorshipDate>2017-01-24</sponsorshipDate>
        <isOriginalCosponsor>True</isOriginalCosponsor>
        <middleName />
      </item>
      <item>
        <fullName>Rep. Hill, J. French [R-AR-2]</fullName>
        <state>AR</state>
        <bioguideId>H001072</bioguideId>
        <identifiers>
          <bioguideId>H001072</bioguideId>
          <gpoId />
          <lisID>2223</lisID>
        </identifiers>
        <party>R</party>
        <lastName>Hill</lastName>
        <sponsorshipWithdrawnDate />
        <firstName>J.</firstName>
        <district>2</district>
        <sponsorshipDate>2017-02-07</sponsorshipDate>
        <isOriginalCosponsor>False</isOriginalCosponsor>
        <middleName>French</middleName>
      </item>
      <item>
        <fullName>Rep. DesJarlais, Scott [R-TN-4]</fullName>
        <state>TN</state>
        <bioguideId>D000616</bioguideId>
        <identifiers>
          <lisID>2062</lisID>
          <bioguideId>D000616</bioguideId>
          <gpoId>8151</gpoId>
        </identifiers>
        <party>R</party>
        <lastName>DesJarlais</lastName>
        <sponsorshipWithdrawnDate />
        <firstName>Scott</firstName>
        <district>4</district>
        <sponsorshipDate>2017-02-07</sponsorshipDate>
        <isOriginalCosponsor>False</isOriginalCosponsor>
        <middleName />
      </item>
      <item>
        <fullName>Rep. Gibbs, Bob [R-OH-7]</fullName>
        <state>OH</state>
        <bioguideId>G000563</bioguideId>
        <identifiers>
          <lisID>2049</lisID>
          <gpoId>8108</gpoId>
          <bioguideId>G000563</bioguideId>
        </identifiers>
        <party>R</party>
        <lastName>Gibbs</lastName>
        <sponsorshipWithdrawnDate />
        <firstName>Bob</firstName>
        <district>7</district>
        <sponsorshipDate>2017-02-07</sponsorshipDate>
        <isOriginalCosponsor>False</isOriginalCosponsor>
        <middleName />
      </item>
      <item>
        <fullName>Rep. LoBiondo, Frank A. [R-NJ-2]</fullName>
        <state>NJ</state>
        <bioguideId>L000554</bioguideId>
        <identifiers>
          <bioguideId>L000554</bioguideId>
          <gpoId>8044</gpoId>
          <lisID>699</lisID>
        </identifiers>
        <party>R</party>
        <lastName>LOBIONDO</lastName>
        <sponsorshipWithdrawnDate />
        <firstName>FRANK</firstName>
        <district>2</district>
        <sponsorshipDate>2017-02-07</sponsorshipDate>
        <isOriginalCosponsor>False</isOriginalCosponsor>
        <middleName>A.</middleName>
      </item>
      <item>
        <fullName>Rep. Palazzo, Steven M. [R-MS-4]</fullName>
        <state>MS</state>
        <bioguideId>P000601</bioguideId>
        <identifiers>
          <bioguideId>P000601</bioguideId>
          <lisID>2035</lisID>
          <gpoId>8022</gpoId>
        </identifiers>
        <party>R</party>
        <lastName>Palazzo</lastName>
        <sponsorshipWithdrawnDate />
        <firstName>Steven</firstName>
        <district>4</district>
        <sponsorshipDate>2017-02-07</sponsorshipDate>
        <isOriginalCosponsor>False</isOriginalCosponsor>
        <middleName>M.</middleName>
      </item>
      <item>
        <fullName>Rep. Valadao, David G. [R-CA-21]</fullName>
        <state>CA</state>
        <bioguideId>V000129</bioguideId>
        <identifiers>
          <lisID>2105</lisID>
          <gpoId />
          <bioguideId>V000129</bioguideId>
        </identifiers>
        <party>R</party>
        <lastName>Valadao</lastName>
        <sponsorshipWithdrawnDate />
        <firstName>David</firstName>
        <district>21</district>
        <sponsorshipDate>2017-02-07</sponsorshipDate>
        <isOriginalCosponsor>False</isOriginalCosponsor>
        <middleName>G.</middleName>
      </item>
      <item>
        <fullName>Rep. Simpson, Michael K. [R-ID-2]</fullName>
        <state>ID</state>
        <bioguideId>S001148</bioguideId>
        <identifiers>
          <bioguideId>S001148</bioguideId>
          <gpoId>7920</gpoId>
          <lisID>1590</lisID>
        </identifiers>
        <party>R</party>
        <lastName>SIMPSON</lastName>
        <sponsorshipWithdrawnDate />
        <firstName>MICHAEL</firstName>
        <district>2</district>
        <sponsorshipDate>2017-02-07</sponsorshipDate>
        <isOriginalCosponsor>False</isOriginalCosponsor>
        <middleName>K.</middleName>
      </item>
      <item>
        <fullName>Rep. Denham, Jeff [R-CA-10]</fullName>
        <state>CA</state>
        <bioguideId>D000612</bioguideId>
        <identifiers>
          <bioguideId>D000612</bioguideId>
          <gpoId>7824</gpoId>
          <lisID>1995</lisID>
        </identifiers>
        <party>R</party>
        <lastName>Denham</lastName>
        <sponsorshipWithdrawnDate />
        <firstName>Jeff</firstName>
        <district>10</district>
        <sponsorshipDate>2017-02-07</sponsorshipDate>
        <isOriginalCosponsor>False</isOriginalCosponsor>
        <middleName />
      </item>
      <item>
        <fullName>Rep. Newhouse, Dan [R-WA-4]</fullName>
        <state>WA</state>
        <bioguideId>N000189</bioguideId>
        <identifiers>
          <bioguideId>N000189</bioguideId>
          <gpoId />
          <lisID>2275</lisID>
        </identifiers>
        <party>R</party>
        <lastName>Newhouse</lastName>
        <sponsorshipWithdrawnDate />
        <firstName>Dan</firstName>
        <district>4</district>
        <sponsorshipDate>2017-02-07</sponsorshipDate>
        <isOriginalCosponsor>False</isOriginalCosponsor>
        <middleName />
      </item>
      <item>
        <fullName>Rep. Walorski, Jackie [R-IN-2]</fullName>
        <state>IN</state>
        <bioguideId>W000813</bioguideId>
        <identifiers>
          <gpoId />
          <lisID>2128</lisID>
          <bioguideId>W000813</bioguideId>
        </identifiers>
        <party>R</party>
        <lastName>Walorski</lastName>
        <sponsorshipWithdrawnDate />
        <firstName>Jackie</firstName>
        <district>2</district>
        <sponsorshipDate>2017-02-07</sponsorshipDate>
        <isOriginalCosponsor>False</isOriginalCosponsor>
        <middleName />
      </item>
      <item>
        <fullName>Rep. Kelly, Trent [R-MS-1]</fullName>
        <state>MS</state>
        <bioguideId>K000388</bioguideId>
        <identifiers>
          <lisID>2294</lisID>
          <gpoId />
          <bioguideId>K000388</bioguideId>
        </identifiers>
        <party>R</party>
        <lastName>Kelly</lastName>
        <sponsorshipWithdrawnDate />
        <firstName>Trent</firstName>
        <district>1</district>
        <sponsorshipDate>2017-02-07</sponsorshipDate>
        <isOriginalCosponsor>False</isOriginalCosponsor>
        <middleName />
      </item>
      <item>
        <fullName>Rep. Cheney, Liz [R-WY-At Large]</fullName>
        <state>WY</state>
        <bioguideId>C001109</bioguideId>
        <identifiers>
          <bioguideId>C001109</bioguideId>
          <lisID>2356</lisID>
          <gpoId />
        </identifiers>
        <party>R</party>
        <lastName>Cheney</lastName>
        <sponsorshipWithdrawnDate />
        <firstName>Liz</firstName>
        <district>0</district>
        <sponsorshipDate>2017-02-07</sponsorshipDate>
        <isOriginalCosponsor>False</isOriginalCosponsor>
        <middleName />
      </item>
      <item>
        <fullName>Rep. Perry, Scott [R-PA-4]</fullName>
        <state>PA</state>
        <bioguideId>P000605</bioguideId>
        <identifiers>
          <bioguideId>P000605</bioguideId>
          <gpoId />
          <lisID>2157</lisID>
        </identifiers>
        <party>R</party>
        <lastName>Perry</lastName>
        <sponsorshipWithdrawnDate />
        <firstName>Scott</firstName>
        <district>4</district>
        <sponsorshipDate>2017-02-07</sponsorshipDate>
        <isOriginalCosponsor>False</isOriginalCosponsor>
        <middleName />
      </item>
      <item>
        <fullName>Rep. Kelly, Mike [R-PA-3]</fullName>
        <state>PA</state>
        <bioguideId>K000376</bioguideId>
        <identifiers>
          <gpoId>8708</gpoId>
          <lisID>2051</lisID>
          <bioguideId>K000376</bioguideId>
        </identifiers>
        <party>R</party>
        <lastName>Kelly</lastName>
        <sponsorshipWithdrawnDate />
        <firstName>Mike</firstName>
        <district>3</district>
        <sponsorshipDate>2017-02-07</sponsorshipDate>
        <isOriginalCosponsor>False</isOriginalCosponsor>
        <middleName />
      </item>
      <item>
        <fullName>Rep. Marshall, Roger W. [R-KS-1]</fullName>
        <state>KS</state>
        <bioguideId>M001198</bioguideId>
        <identifiers>
          <bioguideId>M001198</bioguideId>
          <gpoId />
          <lisID>2328</lisID>
        </identifiers>
        <party>R</party>
        <lastName>Marshall</lastName>
        <sponsorshipWithdrawnDate />
        <firstName>Roger</firstName>
        <district>1</district>
        <sponsorshipDate>2017-02-07</sponsorshipDate>
        <isOriginalCosponsor>False</isOriginalCosponsor>
        <middleName>W.</middleName>
      </item>
      <item>
        <fullName>Rep. Rogers, Mike D. [R-AL-3]</fullName>
        <state>AL</state>
        <bioguideId>R000575</bioguideId>
        <identifiers>
          <bioguideId>R000575</bioguideId>
          <lisID>1704</lisID>
          <gpoId>7788</gpoId>
        </identifiers>
        <party>R</party>
        <lastName>Rogers</lastName>
        <sponsorshipWithdrawnDate />
        <firstName>Mike</firstName>
        <district>3</district>
        <sponsorshipDate>2017-02-07</sponsorshipDate>
        <isOriginalCosponsor>False</isOriginalCosponsor>
        <middleName />
      </item>
      <item>
        <fullName>Rep. Hurd, Will [R-TX-23]</fullName>
        <state>TX</state>
        <bioguideId>H001073</bioguideId>
        <identifiers>
          <bioguideId>H001073</bioguideId>
          <gpoId />
          <lisID>2269</lisID>
        </identifiers>
        <party>R</party>
        <lastName>Hurd</lastName>
        <sponsorshipWithdrawnDate />
        <firstName>Will</firstName>
        <district>23</district>
        <sponsorshipDate>2017-02-07</sponsorshipDate>
        <isOriginalCosponsor>False</isOriginalCosponsor>
        <middleName />
      </item>
      <item>
        <fullName>Rep. Crawford, Eric A. "Rick" [R-AR-1]</fullName>
        <state>AR</state>
        <bioguideId>C001087</bioguideId>
        <identifiers>
          <bioguideId>C001087</bioguideId>
          <gpoId>7793</gpoId>
          <lisID>1989</lisID>
        </identifiers>
        <party>R</party>
        <lastName>Crawford</lastName>
        <sponsorshipWithdrawnDate />
        <firstName>Eric</firstName>
        <district>1</district>
        <sponsorshipDate>2017-02-16</sponsorshipDate>
        <isOriginalCosponsor>False</isOriginalCosponsor>
        <middleName>A. "Rick"</middleName>
      </item>
      <item>
        <fullName>Rep. Buck, Ken [R-CO-4]</fullName>
        <state>CO</state>
        <bioguideId>B001297</bioguideId>
        <identifiers>
          <lisID>2233</lisID>
          <gpoId />
          <bioguideId>B001297</bioguideId>
        </identifiers>
        <party>R</party>
        <lastName>Buck</lastName>
        <sponsorshipWithdrawnDate />
        <firstName>Ken</firstName>
        <district>4</district>
        <sponsorshipDate>2017-02-16</sponsorshipDate>
        <isOriginalCosponsor>False</isOriginalCosponsor>
        <middleName />
      </item>
      <item>
        <fullName>Rep. Kinzinger, Adam [R-IL-16]</fullName>
        <state>IL</state>
        <bioguideId>K000378</bioguideId>
        <identifiers>
          <lisID>2014</lisID>
          <bioguideId>K000378</bioguideId>
          <gpoId>7931</gpoId>
        </identifiers>
        <party>R</party>
        <lastName>Kinzinger</lastName>
        <sponsorshipWithdrawnDate />
        <firstName>Adam</firstName>
        <district>16</district>
        <sponsorshipDate>2017-02-16</sponsorshipDate>
        <isOriginalCosponsor>False</isOriginalCosponsor>
        <middleName />
      </item>
      <item>
        <fullName>Rep. Calvert, Ken [R-CA-42]</fullName>
        <state>CA</state>
        <bioguideId>C000059</bioguideId>
        <identifiers>
          <lisID>165</lisID>
          <bioguideId>C000059</bioguideId>
          <gpoId>7849</gpoId>
        </identifiers>
        <party>R</party>
        <lastName>CALVERT</lastName>
        <sponsorshipWithdrawnDate />
        <firstName>KEN</firstName>
        <district>42</district>
        <sponsorshipDate>2017-02-16</sponsorshipDate>
        <isOriginalCosponsor>False</isOriginalCosponsor>
        <middleName />
      </item>
      <item>
        <fullName>Rep. Hice, Jody B. [R-GA-10]</fullName>
        <state>GA</state>
        <bioguideId>H001071</bioguideId>
        <identifiers>
          <bioguideId>H001071</bioguideId>
          <gpoId />
          <lisID>2237</lisID>
        </identifiers>
        <party>R</party>
        <lastName>Hice</lastName>
        <sponsorshipWithdrawnDate />
        <firstName>Jody</firstName>
        <district>10</district>
        <sponsorshipDate>2017-02-16</sponsorshipDate>
        <isOriginalCosponsor>False</isOriginalCosponsor>
        <middleName>B.</middleName>
      </item>
      <item>
        <fullName>Rep. Collins, Chris [R-NY-27]</fullName>
        <state>NY</state>
        <bioguideId>C001092</bioguideId>
        <identifiers>
          <bioguideId>C001092</bioguideId>
          <gpoId />
          <lisID>2151</lisID>
        </identifiers>
        <party>R</party>
        <lastName>Collins</lastName>
        <sponsorshipWithdrawnDate />
        <firstName>Chris</firstName>
        <district>27</district>
        <sponsorshipDate>2017-02-16</sponsorshipDate>
        <isOriginalCosponsor>False</isOriginalCosponsor>
        <middleName />
      </item>
      <item>
        <fullName>Rep. Shimkus, John [R-IL-15]</fullName>
        <state>IL</state>
        <bioguideId>S000364</bioguideId>
        <identifiers>
          <lisID>1527</lisID>
          <bioguideId>S000364</bioguideId>
          <gpoId>7939</gpoId>
        </identifiers>
        <party>R</party>
        <lastName>SHIMKUS</lastName>
        <sponsorshipWithdrawnDate />
        <firstName>JOHN</firstName>
        <district>15</district>
        <sponsorshipDate>2017-02-16</sponsorshipDate>
        <isOriginalCosponsor>False</isOriginalCosponsor>
        <middleName>M.</middleName>
      </item>
      <item>
        <fullName>Rep. Hensarling, Jeb [R-TX-5]</fullName>
        <state>TX</state>
        <bioguideId>H001036</bioguideId>
        <identifiers>
          <bioguideId>H001036</bioguideId>
          <gpoId>8161</gpoId>
          <lisID>1749</lisID>
        </identifiers>
        <party>R</party>
        <lastName>Hensarling</lastName>
        <sponsorshipWithdrawnDate />
        <firstName>Jeb</firstName>
        <district>5</district>
        <sponsorshipDate>2017-02-16</sponsorshipDate>
        <isOriginalCosponsor>False</isOriginalCosponsor>
        <middleName />
      </item>
      <item>
        <fullName>Rep. McSally, Martha [R-AZ-2]</fullName>
        <state>AZ</state>
        <bioguideId>M001197</bioguideId>
        <identifiers>
          <bioguideId>M001197</bioguideId>
          <gpoId />
          <lisID>2225</lisID>
        </identifiers>
        <party>R</party>
        <lastName>McSally</lastName>
        <sponsorshipWithdrawnDate />
        <firstName>Martha</firstName>
        <district>2</district>
        <sponsorshipDate>2017-02-16</sponsorshipDate>
        <isOriginalCosponsor>False</isOriginalCosponsor>
        <middleName />
      </item>
      <item>
        <fullName>Rep. Roe, David P. [R-TN-1]</fullName>
        <state>TN</state>
        <bioguideId>R000582</bioguideId>
        <identifiers>
          <gpoId>8148</gpoId>
          <lisID>1954</lisID>
          <bioguideId>R000582</bioguideId>
        </identifiers>
        <party>R</party>
        <lastName>Roe</lastName>
        <sponsorshipWithdrawnDate />
        <firstName>David</firstName>
        <district>1</district>
        <sponsorshipDate>2017-02-16</sponsorshipDate>
        <isOriginalCosponsor>False</isOriginalCosponsor>
        <middleName>P.</middleName>
      </item>
      <item>
        <fullName>Rep. Walberg, Tim [R-MI-7]</fullName>
        <state>MI</state>
        <bioguideId>W000798</bioguideId>
        <identifiers>
          <lisID>1855</lisID>
          <gpoId>7992</gpoId>
          <bioguideId>W000798</bioguideId>
        </identifiers>
        <party>R</party>
        <lastName>Walberg</lastName>
        <sponsorshipWithdrawnDate />
        <firstName>Tim</firstName>
        <district>7</district>
        <sponsorshipDate>2017-02-16</sponsorshipDate>
        <isOriginalCosponsor>False</isOriginalCosponsor>
        <middleName />
      </item>
      <item>
        <fullName>Rep. Ferguson, A. Drew, IV [R-GA-3]</fullName>
        <state>GA</state>
        <bioguideId>F000465</bioguideId>
        <identifiers>
          <lisID>2324</lisID>
          <bioguideId>F000465</bioguideId>
          <gpoId />
        </identifiers>
        <party>R</party>
        <lastName>Ferguson</lastName>
        <sponsorshipWithdrawnDate />
        <firstName>A.</firstName>
        <district>3</district>
        <sponsorshipDate>2017-03-10</sponsorshipDate>
        <isOriginalCosponsor>False</isOriginalCosponsor>
        <middleName>Drew</middleName>
      </item>
      <item>
        <fullName>Rep. Kustoff, David [R-TN-8]</fullName>
        <state>TN</state>
        <bioguideId>K000392</bioguideId>
        <identifiers>
          <lisID>2348</lisID>
          <gpoId />
          <bioguideId>K000392</bioguideId>
        </identifiers>
        <party>R</party>
        <lastName>Kustoff</lastName>
        <sponsorshipWithdrawnDate />
        <firstName>David</firstName>
        <district>8</district>
        <sponsorshipDate>2017-03-10</sponsorshipDate>
        <isOriginalCosponsor>False</isOriginalCosponsor>
        <middleName />
      </item>
      <item>
        <fullName>Rep. Graves, Tom [R-GA-14]</fullName>
        <state>GA</state>
        <bioguideId>G000560</bioguideId>
        <identifiers>
          <bioguideId>G000560</bioguideId>
          <lisID>1979</lisID>
          <gpoId>7906</gpoId>
        </identifiers>
        <party>R</party>
        <lastName>Graves</lastName>
        <sponsorshipWithdrawnDate />
        <firstName>Tom</firstName>
        <district>14</district>
        <sponsorshipDate>2017-03-10</sponsorshipDate>
        <isOriginalCosponsor>False</isOriginalCosponsor>
        <middleName />
      </item>
      <item>
        <fullName>Rep. Bost, Mike [R-IL-12]</fullName>
        <state>IL</state>
        <bioguideId>B001295</bioguideId>
        <identifiers>
          <bioguideId>B001295</bioguideId>
          <gpoId />
          <lisID>2243</lisID>
        </identifiers>
        <party>R</party>
        <lastName>Bost</lastName>
        <sponsorshipWithdrawnDate />
        <firstName>Mike</firstName>
        <district>12</district>
        <sponsorshipDate>2017-03-10</sponsorshipDate>
        <isOriginalCosponsor>False</isOriginalCosponsor>
        <middleName />
      </item>
      <item>
        <fullName>Rep. Thompson, Glenn [R-PA-5]</fullName>
        <state>PA</state>
        <bioguideId>T000467</bioguideId>
        <identifiers>
          <gpoId>8123</gpoId>
          <lisID>1952</lisID>
          <bioguideId>T000467</bioguideId>
        </identifiers>
        <party>R</party>
        <lastName>Thompson</lastName>
        <sponsorshipWithdrawnDate />
        <firstName>Glenn</firstName>
        <district>5</district>
        <sponsorshipDate>2017-03-10</sponsorshipDate>
        <isOriginalCosponsor>False</isOriginalCosponsor>
        <middleName />
      </item>
      <item>
        <fullName>Rep. Comstock, Barbara [R-VA-10]</fullName>
        <state>VA</state>
        <bioguideId>C001105</bioguideId>
        <identifiers>
          <lisID>2273</lisID>
          <gpoId />
          <bioguideId>C001105</bioguideId>
        </identifiers>
        <party>R</party>
        <lastName>Comstock</lastName>
        <sponsorshipWithdrawnDate />
        <firstName>Barbara</firstName>
        <district>10</district>
        <sponsorshipDate>2017-03-10</sponsorshipDate>
        <isOriginalCosponsor>False</isOriginalCosponsor>
        <middleName />
      </item>
      <item>
        <fullName>Rep. Bacon, Don [R-NE-2]</fullName>
        <state>NE</state>
        <bioguideId>B001298</bioguideId>
        <identifiers>
          <lisID>2337</lisID>
          <gpoId />
          <bioguideId>B001298</bioguideId>
        </identifiers>
        <party>R</party>
        <lastName>Bacon</lastName>
        <sponsorshipWithdrawnDate />
        <firstName>Don</firstName>
        <district>2</district>
        <sponsorshipDate>2017-03-10</sponsorshipDate>
        <isOriginalCosponsor>False</isOriginalCosponsor>
        <middleName />
      </item>
      <item>
        <fullName>Rep. Barr, Andy [R-KY-6]</fullName>
        <state>KY</state>
        <bioguideId>B001282</bioguideId>
        <identifiers>
          <bioguideId>B001282</bioguideId>
          <lisID>2131</lisID>
          <gpoId />
        </identifiers>
        <party>R</party>
        <lastName>Barr</lastName>
        <sponsorshipWithdrawnDate />
        <firstName>Andy</firstName>
        <district>6</district>
        <sponsorshipDate>2017-03-10</sponsorshipDate>
        <isOriginalCosponsor>False</isOriginalCosponsor>
        <middleName />
      </item>
      <item>
        <fullName>Rep. Rooney, Thomas J. [R-FL-17]</fullName>
        <state>FL</state>
        <bioguideId>R000583</bioguideId>
        <identifiers>
          <lisID>1916</lisID>
          <gpoId>7888</gpoId>
          <bioguideId>R000583</bioguideId>
        </identifiers>
        <party>R</party>
        <lastName>Rooney</lastName>
        <sponsorshipWithdrawnDate />
        <firstName>Thomas</firstName>
        <district>17</district>
        <sponsorshipDate>2017-03-10</sponsorshipDate>
        <isOriginalCosponsor>False</isOriginalCosponsor>
        <middleName>J.</middleName>
      </item>
      <item>
        <fullName>Rep. Rokita, Todd [R-IN-4]</fullName>
        <state>IN</state>
        <bioguideId>R000592</bioguideId>
        <identifiers>
          <lisID>2017</lisID>
          <bioguideId>R000592</bioguideId>
          <gpoId>7943</gpoId>
        </identifiers>
        <party>R</party>
        <lastName>Rokita</lastName>
        <sponsorshipWithdrawnDate />
        <firstName>Todd</firstName>
        <district>4</district>
        <sponsorshipDate>2017-03-10</sponsorshipDate>
        <isOriginalCosponsor>False</isOriginalCosponsor>
        <middleName />
      </item>
      <item>
        <fullName>Rep. King, Peter T. [R-NY-2]</fullName>
        <state>NY</state>
        <bioguideId>K000210</bioguideId>
        <identifiers>
          <bioguideId>K000210</bioguideId>
          <lisID>635</lisID>
          <gpoId>8064</gpoId>
        </identifiers>
        <party>R</party>
        <lastName>KING</lastName>
        <sponsorshipWithdrawnDate />
        <firstName>PETER</firstName>
        <district>2</district>
        <sponsorshipDate>2017-03-10</sponsorshipDate>
        <isOriginalCosponsor>False</isOriginalCosponsor>
        <middleName>T.</middleName>
      </item>
      <item>
        <fullName>Rep. Messer, Luke [R-IN-6]</fullName>
        <state>IN</state>
        <bioguideId>M001189</bioguideId>
        <identifiers>
          <bioguideId>M001189</bioguideId>
          <gpoId />
          <lisID>2130</lisID>
        </identifiers>
        <party>R</party>
        <lastName>Messer</lastName>
        <sponsorshipWithdrawnDate />
        <firstName>Luke</firstName>
        <district>6</district>
        <sponsorshipDate>2017-03-10</sponsorshipDate>
        <isOriginalCosponsor>False</isOriginalCosponsor>
        <middleName />
      </item>
      <item>
        <fullName>Rep. Frelinghuysen, Rodney P. [R-NJ-11]</fullName>
        <state>NJ</state>
        <bioguideId>F000372</bioguideId>
        <identifiers>
          <lisID>414</lisID>
          <gpoId>8053</gpoId>
          <bioguideId>F000372</bioguideId>
        </identifiers>
        <party>R</party>
        <lastName>FRELINGHUYSEN</lastName>
        <sponsorshipWithdrawnDate />
        <firstName>RODNEY</firstName>
        <district>11</district>
        <sponsorshipDate>2017-03-10</sponsorshipDate>
        <isOriginalCosponsor>False</isOriginalCosponsor>
        <middleName />
      </item>
      <item>
        <fullName>Rep. Scott, Austin [R-GA-8]</fullName>
        <state>GA</state>
        <bioguideId>S001189</bioguideId>
        <identifiers>
          <lisID>2009</lisID>
          <gpoId>7905</gpoId>
          <bioguideId>S001189</bioguideId>
        </identifiers>
        <party>R</party>
        <lastName>Scott</lastName>
        <sponsorshipWithdrawnDate />
        <firstName>Austin</firstName>
        <district>8</district>
        <sponsorshipDate>2017-03-10</sponsorshipDate>
        <isOriginalCosponsor>False</isOriginalCosponsor>
        <middleName />
      </item>
      <item>
        <fullName>Rep. King, Steve [R-IA-4]</fullName>
        <state>IA</state>
        <bioguideId>K000362</bioguideId>
        <identifiers>
          <bioguideId>K000362</bioguideId>
          <lisID>1724</lisID>
          <gpoId>7918</gpoId>
        </identifiers>
        <party>R</party>
        <lastName>King</lastName>
        <sponsorshipWithdrawnDate />
        <firstName>Steve</firstName>
        <district>4</district>
        <sponsorshipDate>2017-03-10</sponsorshipDate>
        <isOriginalCosponsor>False</isOriginalCosponsor>
        <middleName />
      </item>
      <item>
        <fullName>Rep. Young, David [R-IA-3]</fullName>
        <state>IA</state>
        <bioguideId>Y000066</bioguideId>
        <identifiers>
          <lisID>2242</lisID>
          <bioguideId>Y000066</bioguideId>
          <gpoId />
        </identifiers>
        <party>R</party>
        <lastName>Young</lastName>
        <sponsorshipWithdrawnDate />
        <firstName>David</firstName>
        <district>3</district>
        <sponsorshipDate>2017-03-29</sponsorshipDate>
        <isOriginalCosponsor>False</isOriginalCosponsor>
        <middleName />
      </item>
      <item>
        <fullName>Rep. Russell, Steve [R-OK-5]</fullName>
        <state>OK</state>
        <bioguideId>R000604</bioguideId>
        <identifiers>
          <bioguideId>R000604</bioguideId>
          <gpoId />
          <lisID>2265</lisID>
        </identifiers>
        <party>R</party>
        <lastName>Russell</lastName>
        <sponsorshipWithdrawnDate />
        <firstName>Steve</firstName>
        <district>5</district>
        <sponsorshipDate>2017-03-29</sponsorshipDate>
        <isOriginalCosponsor>False</isOriginalCosponsor>
        <middleName />
      </item>
      <item>
        <fullName>Rep. Mitchell, Paul [R-MI-10]</fullName>
        <state>MI</state>
        <bioguideId>M001201</bioguideId>
        <identifiers>
          <bioguideId>M001201</bioguideId>
          <gpoId />
          <lisID>2334</lisID>
        </identifiers>
        <party>R</party>
        <lastName>Mitchell</lastName>
        <sponsorshipWithdrawnDate />
        <firstName>Paul</firstName>
        <district>10</district>
        <sponsorshipDate>2017-03-29</sponsorshipDate>
        <isOriginalCosponsor>False</isOriginalCosponsor>
        <middleName />
      </item>
      <item>
        <fullName>Rep. Smith, Lamar [R-TX-21]</fullName>
        <state>TX</state>
        <bioguideId>S000583</bioguideId>
        <identifiers>
          <lisID>1075</lisID>
          <bioguideId>S000583</bioguideId>
          <gpoId>8177</gpoId>
        </identifiers>
        <party>R</party>
        <lastName>SMITH</lastName>
        <sponsorshipWithdrawnDate />
        <firstName>LAMAR</firstName>
        <district>21</district>
        <sponsorshipDate>2017-03-29</sponsorshipDate>
        <isOriginalCosponsor>False</isOriginalCosponsor>
        <middleName />
      </item>
      <item>
        <fullName>Rep. Faso, John J. [R-NY-19]</fullName>
        <state>NY</state>
        <bioguideId>F000464</bioguideId>
        <identifiers>
          <gpoId />
          <lisID>2343</lisID>
          <bioguideId>F000464</bioguideId>
        </identifiers>
        <party>R</party>
        <lastName>Faso</lastName>
        <sponsorshipWithdrawnDate />
        <firstName>John</firstName>
        <district>19</district>
        <sponsorshipDate>2017-03-29</sponsorshipDate>
        <isOriginalCosponsor>False</isOriginalCosponsor>
        <middleName>J.</middleName>
      </item>
      <item>
        <fullName>Rep. Sessions, Pete [R-TX-32]</fullName>
        <state>TX</state>
        <bioguideId>S000250</bioguideId>
        <identifiers>
          <lisID>1525</lisID>
          <gpoId>8188</gpoId>
          <bioguideId>S000250</bioguideId>
        </identifiers>
        <party>R</party>
        <lastName>SESSIONS</lastName>
        <sponsorshipWithdrawnDate />
        <firstName>PETE</firstName>
        <district>32</district>
        <sponsorshipDate>2017-03-29</sponsorshipDate>
        <isOriginalCosponsor>False</isOriginalCosponsor>
        <middleName />
      </item>
      <item>
        <fullName>Rep. Mast, Brian J. [R-FL-18]</fullName>
        <state>FL</state>
        <bioguideId>M001199</bioguideId>
        <identifiers>
          <lisID>2322</lisID>
          <bioguideId>M001199</bioguideId>
          <gpoId />
        </identifiers>
        <party>R</party>
        <lastName>Mast</lastName>
        <sponsorshipWithdrawnDate />
        <firstName>Brian</firstName>
        <district>18</district>
        <sponsorshipDate>2017-03-29</sponsorshipDate>
        <isOriginalCosponsor>False</isOriginalCosponsor>
        <middleName>J.</middleName>
      </item>
      <item>
        <fullName>Rep. Duncan, Jeff [R-SC-3]</fullName>
        <state>SC</state>
        <bioguideId>D000615</bioguideId>
        <identifiers>
          <bioguideId>D000615</bioguideId>
          <gpoId>8143</gpoId>
          <lisID>2057</lisID>
        </identifiers>
        <party>R</party>
        <lastName>Duncan</lastName>
        <sponsorshipWithdrawnDate />
        <firstName>Jeff</firstName>
        <district>3</district>
        <sponsorshipDate>2017-03-29</sponsorshipDate>
        <isOriginalCosponsor>False</isOriginalCosponsor>
        <middleName />
      </item>
      <item>
        <fullName>Rep. Franks, Trent [R-AZ-8]</fullName>
        <state>AZ</state>
        <bioguideId>F000448</bioguideId>
        <identifiers>
          <lisID>1707</lisID>
          <bioguideId>F000448</bioguideId>
          <gpoId>7799</gpoId>
        </identifiers>
        <party>R</party>
        <lastName>Franks</lastName>
        <sponsorshipWithdrawnDate />
        <firstName>Trent</firstName>
        <district>8</district>
        <sponsorshipDate>2017-03-29</sponsorshipDate>
        <isOriginalCosponsor>False</isOriginalCosponsor>
        <middleName />
      </item>
      <item>
        <fullName>Rep. Allen, Rick W. [R-GA-12]</fullName>
        <state>GA</state>
        <bioguideId>A000372</bioguideId>
        <identifiers>
          <bioguideId>A000372</bioguideId>
          <gpoId />
          <lisID>2239</lisID>
        </identifiers>
        <party>R</party>
        <lastName>Allen</lastName>
        <sponsorshipWithdrawnDate />
        <firstName>Rick</firstName>
        <district>12</district>
        <sponsorshipDate>2017-03-29</sponsorshipDate>
        <isOriginalCosponsor>False</isOriginalCosponsor>
        <middleName>W.</middleName>
      </item>
      <item>
        <fullName>Rep. Westerman, Bruce [R-AR-4]</fullName>
        <state>AR</state>
        <bioguideId>W000821</bioguideId>
        <identifiers>
          <lisID>2224</lisID>
          <bioguideId>W000821</bioguideId>
          <gpoId />
        </identifiers>
        <party>R</party>
        <lastName>Westerman</lastName>
        <sponsorshipWithdrawnDate />
        <firstName>Bruce</firstName>
        <district>4</district>
        <sponsorshipDate>2017-03-29</sponsorshipDate>
        <isOriginalCosponsor>False</isOriginalCosponsor>
        <middleName />
      </item>
      <item>
        <fullName>Rep. Foxx, Virginia [R-NC-5]</fullName>
        <state>NC</state>
        <bioguideId>F000450</bioguideId>
        <identifiers>
          <bioguideId>F000450</bioguideId>
          <gpoId>8028</gpoId>
          <lisID>1791</lisID>
        </identifiers>
        <party>R</party>
        <lastName>Foxx</lastName>
        <sponsorshipWithdrawnDate />
        <firstName>Virginia</firstName>
        <district>5</district>
        <sponsorshipDate>2017-03-29</sponsorshipDate>
        <isOriginalCosponsor>False</isOriginalCosponsor>
        <middleName />
      </item>
      <item>
        <fullName>Rep. Hultgren, Randy [R-IL-14]</fullName>
        <state>IL</state>
        <bioguideId>H001059</bioguideId>
        <identifiers>
          <lisID>2015</lisID>
          <gpoId>7934</gpoId>
          <bioguideId>H001059</bioguideId>
        </identifiers>
        <party>R</party>
        <lastName>Hultgren</lastName>
        <sponsorshipWithdrawnDate />
        <firstName>Randy</firstName>
        <district>14</district>
        <sponsorshipDate>2017-03-29</sponsorshipDate>
        <isOriginalCosponsor>False</isOriginalCosponsor>
        <middleName />
      </item>
      <item>
        <fullName>Rep. Comer, James [R-KY-1]</fullName>
        <state>KY</state>
        <bioguideId>C001108</bioguideId>
        <identifiers>
          <gpoId />
          <lisID>2297</lisID>
          <bioguideId>C001108</bioguideId>
        </identifiers>
        <party>R</party>
        <lastName>Comer</lastName>
        <sponsorshipWithdrawnDate />
        <firstName>James</firstName>
        <district>1</district>
        <sponsorshipDate>2017-03-29</sponsorshipDate>
        <isOriginalCosponsor>False</isOriginalCosponsor>
        <middleName />
      </item>
      <item>
        <fullName>Rep. Pittenger, Robert [R-NC-9]</fullName>
        <state>NC</state>
        <bioguideId>P000606</bioguideId>
        <identifiers>
          <bioguideId>P000606</bioguideId>
          <gpoId />
          <lisID>2141</lisID>
        </identifiers>
        <party>R</party>
        <lastName>Pittenger</lastName>
        <sponsorshipWithdrawnDate />
        <firstName>Robert</firstName>
        <district>9</district>
        <sponsorshipDate>2017-03-29</sponsorshipDate>
        <isOriginalCosponsor>False</isOriginalCosponsor>
        <middleName />
      </item>
      <item>
        <fullName>Rep. Banks, Jim [R-IN-3]</fullName>
        <state>IN</state>
        <bioguideId>B001299</bioguideId>
        <identifiers>
          <lisID>2326</lisID>
          <bioguideId>B001299</bioguideId>
          <gpoId />
        </identifiers>
        <party>R</party>
        <lastName>Banks</lastName>
        <sponsorshipWithdrawnDate />
        <firstName>Jim</firstName>
        <district>3</district>
        <sponsorshipDate>2017-03-29</sponsorshipDate>
        <isOriginalCosponsor>False</isOriginalCosponsor>
        <middleName />
      </item>
      <item>
        <fullName>Rep. Roby, Martha [R-AL-2]</fullName>
        <state>AL</state>
        <bioguideId>R000591</bioguideId>
        <identifiers>
          <lisID>1986</lisID>
          <bioguideId>R000591</bioguideId>
          <gpoId>7787</gpoId>
        </identifiers>
        <party>R</party>
        <lastName>Roby</lastName>
        <sponsorshipWithdrawnDate />
        <firstName>Martha</firstName>
        <district>2</district>
        <sponsorshipDate>2017-03-29</sponsorshipDate>
        <isOriginalCosponsor>False</isOriginalCosponsor>
        <middleName />
      </item>
      <item>
        <fullName>Rep. Duffy, Sean P. [R-WI-7]</fullName>
        <state>WI</state>
        <bioguideId>D000614</bioguideId>
        <identifiers>
          <bioguideId>D000614</bioguideId>
          <gpoId>8220</gpoId>
          <lisID>2072</lisID>
        </identifiers>
        <party>R</party>
        <lastName>Duffy</lastName>
        <sponsorshipWithdrawnDate />
        <firstName>Sean</firstName>
        <district>7</district>
        <sponsorshipDate>2017-03-29</sponsorshipDate>
        <isOriginalCosponsor>False</isOriginalCosponsor>
        <middleName>P.</middleName>
      </item>
      <item>
        <fullName>Rep. Lewis, Jason [R-MN-2]</fullName>
        <state>MN</state>
        <bioguideId>L000587</bioguideId>
        <identifiers>
          <bioguideId>L000587</bioguideId>
          <lisID>2335</lisID>
          <gpoId />
        </identifiers>
        <party>R</party>
        <lastName>Lewis</lastName>
        <sponsorshipWithdrawnDate />
        <firstName>Jason</firstName>
        <district>2</district>
        <sponsorshipDate>2017-03-29</sponsorshipDate>
        <isOriginalCosponsor>False</isOriginalCosponsor>
        <middleName />
      </item>
      <item>
        <fullName>Rep. Barton, Joe [R-TX-6]</fullName>
        <state>TX</state>
        <bioguideId>B000213</bioguideId>
        <identifiers>
          <lisID>62</lisID>
          <gpoId>8162</gpoId>
          <bioguideId>B000213</bioguideId>
        </identifiers>
        <party>R</party>
        <lastName>BARTON</lastName>
        <sponsorshipWithdrawnDate />
        <firstName>JOE</firstName>
        <district>6</district>
        <sponsorshipDate>2017-03-29</sponsorshipDate>
        <isOriginalCosponsor>False</isOriginalCosponsor>
        <middleName>L.</middleName>
      </item>
      <item>
        <fullName>Rep. Issa, Darrell E. [R-CA-49]</fullName>
        <state>CA</state>
        <bioguideId>I000056</bioguideId>
        <identifiers>
          <gpoId>7854</gpoId>
          <lisID>1640</lisID>
          <bioguideId>I000056</bioguideId>
        </identifiers>
        <party>R</party>
        <lastName>ISSA</lastName>
        <sponsorshipWithdrawnDate />
        <firstName>DARRELL</firstName>
        <district>49</district>
        <sponsorshipDate>2017-04-28</sponsorshipDate>
        <isOriginalCosponsor>False</isOriginalCosponsor>
        <middleName>E.</middleName>
      </item>
      <item>
        <fullName>Rep. Yoho, Ted S. [R-FL-3]</fullName>
        <state>FL</state>
        <bioguideId>Y000065</bioguideId>
        <identifiers>
          <bioguideId>Y000065</bioguideId>
          <gpoId />
          <lisID>2115</lisID>
        </identifiers>
        <party>R</party>
        <lastName>Yoho</lastName>
        <sponsorshipWithdrawnDate />
        <firstName>Ted</firstName>
        <district>3</district>
        <sponsorshipDate>2017-04-28</sponsorshipDate>
        <isOriginalCosponsor>False</isOriginalCosponsor>
        <middleName>S.</middleName>
      </item>
      <item>
        <fullName>Rep. Guthrie, Brett [R-KY-2]</fullName>
        <state>KY</state>
        <bioguideId>G000558</bioguideId>
        <identifiers>
          <lisID>1922</lisID>
          <bioguideId>G000558</bioguideId>
          <gpoId>7954</gpoId>
        </identifiers>
        <party>R</party>
        <lastName>Guthrie</lastName>
        <sponsorshipWithdrawnDate />
        <firstName>Brett</firstName>
        <district>2</district>
        <sponsorshipDate>2017-04-28</sponsorshipDate>
        <isOriginalCosponsor>False</isOriginalCosponsor>
        <middleName />
      </item>
      <item>
        <fullName>Rep. Reed, Tom [R-NY-23]</fullName>
        <state>NY</state>
        <bioguideId>R000585</bioguideId>
        <identifiers>
          <lisID>1982</lisID>
          <gpoId>8090</gpoId>
          <bioguideId>R000585</bioguideId>
        </identifiers>
        <party>R</party>
        <lastName>Reed</lastName>
        <sponsorshipWithdrawnDate />
        <firstName>Tom</firstName>
        <district>23</district>
        <sponsorshipDate>2017-04-28</sponsorshipDate>
        <isOriginalCosponsor>False</isOriginalCosponsor>
        <middleName />
      </item>
      <item>
        <fullName>Rep. Stewart, Chris [R-UT-2]</fullName>
        <state>UT</state>
        <bioguideId>S001192</bioguideId>
        <identifiers>
          <bioguideId>S001192</bioguideId>
          <lisID>2168</lisID>
          <gpoId />
        </identifiers>
        <party>R</party>
        <lastName>Stewart</lastName>
        <sponsorshipWithdrawnDate />
        <firstName>Chris</firstName>
        <district>2</district>
        <sponsorshipDate>2017-04-28</sponsorshipDate>
        <isOriginalCosponsor>False</isOriginalCosponsor>
        <middleName />
      </item>
      <item>
        <fullName>Rep. Young, Don [R-AK-At Large]</fullName>
        <state>AK</state>
        <bioguideId>Y000033</bioguideId>
        <identifiers>
          <gpoId>7785</gpoId>
          <lisID>1256</lisID>
          <bioguideId>Y000033</bioguideId>
        </identifiers>
        <party>R</party>
        <lastName>YOUNG</lastName>
        <sponsorshipWithdrawnDate />
        <firstName>DON</firstName>
        <district>0</district>
        <sponsorshipDate>2017-04-28</sponsorshipDate>
        <isOriginalCosponsor>False</isOriginalCosponsor>
        <middleName>E.</middleName>
      </item>
      <item>
        <fullName>Rep. Bilirakis, Gus M. [R-FL-12]</fullName>
        <state>FL</state>
        <bioguideId>B001257</bioguideId>
        <identifiers>
          <lisID>1838</lisID>
          <gpoId>7881</gpoId>
          <bioguideId>B001257</bioguideId>
        </identifiers>
        <party>R</party>
        <lastName>Bilirakis</lastName>
        <sponsorshipWithdrawnDate />
        <firstName>Gus</firstName>
        <district>12</district>
        <sponsorshipDate>2017-04-28</sponsorshipDate>
        <isOriginalCosponsor>False</isOriginalCosponsor>
        <middleName>M.</middleName>
      </item>
      <item>
        <fullName>Rep. Cook, Paul [R-CA-8]</fullName>
        <state>CA</state>
        <bioguideId>C001094</bioguideId>
        <identifiers>
          <bioguideId>C001094</bioguideId>
          <lisID>2103</lisID>
          <gpoId />
        </identifiers>
        <party>R</party>
        <lastName>Cook</lastName>
        <sponsorshipWithdrawnDate />
        <firstName>Paul</firstName>
        <district>8</district>
        <sponsorshipDate>2017-04-28</sponsorshipDate>
        <isOriginalCosponsor>False</isOriginalCosponsor>
        <middleName />
      </item>
      <item>
        <fullName>Rep. McMorris Rodgers, Cathy [R-WA-5]</fullName>
        <state>WA</state>
        <bioguideId>M001159</bioguideId>
        <identifiers>
          <bioguideId>M001159</bioguideId>
          <gpoId>8209</gpoId>
          <lisID>1809</lisID>
        </identifiers>
        <party>R</party>
        <lastName>McMorris Rodgers</lastName>
        <sponsorshipWithdrawnDate />
        <firstName>Cathy</firstName>
        <district>5</district>
        <sponsorshipDate>2017-04-28</sponsorshipDate>
        <isOriginalCosponsor>False</isOriginalCosponsor>
        <middleName />
      </item>
      <item>
        <fullName>Rep. Abraham, Ralph Lee [R-LA-5]</fullName>
        <state>LA</state>
        <bioguideId>A000374</bioguideId>
        <identifiers>
          <lisID>2244</lisID>
          <gpoId />
          <bioguideId>A000374</bioguideId>
        </identifiers>
        <party>R</party>
        <lastName>Abraham</lastName>
        <sponsorshipWithdrawnDate />
        <firstName>Ralph</firstName>
        <district>5</district>
        <sponsorshipDate>2017-05-19</sponsorshipDate>
        <isOriginalCosponsor>False</isOriginalCosponsor>
        <middleName>Lee</middleName>
      </item>
      <item>
        <fullName>Rep. Jordan, Jim [R-OH-4]</fullName>
        <state>OH</state>
        <bioguideId>J000289</bioguideId>
        <identifiers>
          <lisID>1868</lisID>
          <bioguideId>J000289</bioguideId>
          <gpoId>8094</gpoId>
        </identifiers>
        <party>R</party>
        <lastName>Jordan</lastName>
        <sponsorshipWithdrawnDate />
        <firstName>Jim</firstName>
        <district>4</district>
        <sponsorshipDate>2017-05-19</sponsorshipDate>
        <isOriginalCosponsor>False</isOriginalCosponsor>
        <middleName />
      </item>
      <item>
        <fullName>Rep. Turner, Michael R. [R-OH-10]</fullName>
        <state>OH</state>
        <bioguideId>T000463</bioguideId>
        <identifiers>
          <lisID>1741</lisID>
          <bioguideId>T000463</bioguideId>
          <gpoId>8093</gpoId>
        </identifiers>
        <party>R</party>
        <lastName>Turner</lastName>
        <sponsorshipWithdrawnDate />
        <firstName>Michael</firstName>
        <district>10</district>
        <sponsorshipDate>2017-05-19</sponsorshipDate>
        <isOriginalCosponsor>False</isOriginalCosponsor>
        <middleName>R.</middleName>
      </item>
      <item>
        <fullName>Rep. Brat, Dave [R-VA-7]</fullName>
        <state>VA</state>
        <bioguideId>B001290</bioguideId>
        <identifiers>
          <bioguideId>B001290</bioguideId>
          <gpoId />
          <lisID>2203</lisID>
        </identifiers>
        <party>R</party>
        <lastName>Brat</lastName>
        <sponsorshipWithdrawnDate />
        <firstName>Dave</firstName>
        <district>7</district>
        <sponsorshipDate>2017-05-19</sponsorshipDate>
        <isOriginalCosponsor>False</isOriginalCosponsor>
        <middleName />
      </item>
      <item>
        <fullName>Rep. Budd, Ted [R-NC-13]</fullName>
        <state>NC</state>
        <bioguideId>B001305</bioguideId>
        <identifiers>
          <lisID>2336</lisID>
          <gpoId />
          <bioguideId>B001305</bioguideId>
        </identifiers>
        <party>R</party>
        <lastName>Budd</lastName>
        <sponsorshipWithdrawnDate />
        <firstName>Ted</firstName>
        <district>13</district>
        <sponsorshipDate>2017-05-19</sponsorshipDate>
        <isOriginalCosponsor>False</isOriginalCosponsor>
        <middleName />
      </item>
      <item>
        <fullName>Rep. LaHood, Darin [R-IL-18]</fullName>
        <state>IL</state>
        <bioguideId>L000585</bioguideId>
        <identifiers>
          <lisID>2295</lisID>
          <gpoId />
          <bioguideId>L000585</bioguideId>
        </identifiers>
        <party>R</party>
        <lastName>LaHood</lastName>
        <sponsorshipWithdrawnDate />
        <firstName>Darin</firstName>
        <district>18</district>
        <sponsorshipDate>2017-06-13</sponsorshipDate>
        <isOriginalCosponsor>False</isOriginalCosponsor>
        <middleName />
      </item>
      <item>
        <fullName>Rep. LaMalfa, Doug [R-CA-1]</fullName>
        <state>CA</state>
        <bioguideId>L000578</bioguideId>
        <identifiers>
          <lisID>2100</lisID>
          <bioguideId>L000578</bioguideId>
          <gpoId />
        </identifiers>
        <party>R</party>
        <lastName>LaMalfa</lastName>
        <sponsorshipWithdrawnDate />
        <firstName>Doug</firstName>
        <district>1</district>
        <sponsorshipDate>2017-06-23</sponsorshipDate>
        <isOriginalCosponsor>False</isOriginalCosponsor>
        <middleName />
      </item>
      <item>
        <fullName>Rep. Fitzpatrick, Brian K. [R-PA-8]</fullName>
        <state>PA</state>
        <bioguideId>F000466</bioguideId>
        <identifiers>
          <gpoId />
          <lisID>2345</lisID>
          <bioguideId>F000466</bioguideId>
        </identifiers>
        <party>R</party>
        <lastName>Fitzpatrick</lastName>
        <sponsorshipWithdrawnDate />
        <firstName>Brian</firstName>
        <district>8</district>
        <sponsorshipDate>2017-06-23</sponsorshipDate>
        <isOriginalCosponsor>False</isOriginalCosponsor>
        <middleName>K.</middleName>
      </item>
      <item>
        <fullName>Rep. Walker, Mark [R-NC-6]</fullName>
        <state>NC</state>
        <bioguideId>W000819</bioguideId>
        <identifiers>
          <bioguideId>W000819</bioguideId>
          <gpoId />
          <lisID>2255</lisID>
        </identifiers>
        <party>R</party>
        <lastName>Walker</lastName>
        <sponsorshipWithdrawnDate />
        <firstName>Mark</firstName>
        <district>6</district>
        <sponsorshipDate>2017-06-23</sponsorshipDate>
        <isOriginalCosponsor>False</isOriginalCosponsor>
        <middleName />
      </item>
      <item>
        <fullName>Rep. Higgins, Clay [R-LA-3]</fullName>
        <state>LA</state>
        <bioguideId>H001077</bioguideId>
        <identifiers>
          <lisID>2329</lisID>
          <gpoId />
          <bioguideId>H001077</bioguideId>
        </identifiers>
        <party>R</party>
        <lastName>Higgins</lastName>
        <sponsorshipWithdrawnDate />
        <firstName>Clay</firstName>
        <district>3</district>
        <sponsorshipDate>2017-06-23</sponsorshipDate>
        <isOriginalCosponsor>False</isOriginalCosponsor>
        <middleName />
      </item>
      <item>
        <fullName>Rep. Herrera Beutler, Jaime [R-WA-3]</fullName>
        <state>WA</state>
        <bioguideId>H001056</bioguideId>
        <identifiers>
          <lisID>2071</lisID>
          <gpoId>8207</gpoId>
          <bioguideId>H001056</bioguideId>
        </identifiers>
        <party>R</party>
        <lastName>Herrera Beutler</lastName>
        <sponsorshipWithdrawnDate />
        <firstName>Jaime</firstName>
        <district>3</district>
        <sponsorshipDate>2017-06-23</sponsorshipDate>
        <isOriginalCosponsor>False</isOriginalCosponsor>
        <middleName />
      </item>
      <item>
        <fullName>Rep. Johnson, Sam [R-TX-3]</fullName>
        <state>TX</state>
        <bioguideId>J000174</bioguideId>
        <identifiers>
          <lisID>603</lisID>
          <bioguideId>J000174</bioguideId>
          <gpoId>8159</gpoId>
        </identifiers>
        <party>R</party>
        <lastName>JOHNSON</lastName>
        <sponsorshipWithdrawnDate />
        <firstName>SAM</firstName>
        <district>3</district>
        <sponsorshipDate>2017-06-23</sponsorshipDate>
        <isOriginalCosponsor>False</isOriginalCosponsor>
        <middleName />
      </item>
      <item>
        <fullName>Rep. Costello, Ryan A. [R-PA-6]</fullName>
        <state>PA</state>
        <bioguideId>C001106</bioguideId>
        <identifiers>
          <lisID>2266</lisID>
          <gpoId />
          <bioguideId>C001106</bioguideId>
        </identifiers>
        <party>R</party>
        <lastName>Costello</lastName>
        <sponsorshipWithdrawnDate />
        <firstName>Ryan</firstName>
        <district>6</district>
        <sponsorshipDate>2017-06-28</sponsorshipDate>
        <isOriginalCosponsor>False</isOriginalCosponsor>
        <middleName>A.</middleName>
      </item>
      <item>
        <fullName>Rep. Tenney, Claudia [R-NY-22]</fullName>
        <state>NY</state>
        <bioguideId>T000478</bioguideId>
        <identifiers>
          <lisID>2344</lisID>
          <gpoId />
          <bioguideId>T000478</bioguideId>
        </identifiers>
        <party>R</party>
        <lastName>Tenney</lastName>
        <sponsorshipWithdrawnDate />
        <firstName>Claudia</firstName>
        <district>22</district>
        <sponsorshipDate>2017-06-29</sponsorshipDate>
        <isOriginalCosponsor>False</isOriginalCosponsor>
        <middleName />
      </item>
      <item>
        <fullName>Rep. Stivers, Steve [R-OH-15]</fullName>
        <state>OH</state>
        <bioguideId>S001187</bioguideId>
        <identifiers>
          <lisID>2047</lisID>
          <bioguideId>S001187</bioguideId>
          <gpoId>8105</gpoId>
        </identifiers>
        <party>R</party>
        <lastName>Stivers</lastName>
        <sponsorshipWithdrawnDate />
        <firstName>Steve</firstName>
        <district>15</district>
        <sponsorshipDate>2017-06-29</sponsorshipDate>
        <isOriginalCosponsor>False</isOriginalCosponsor>
        <middleName />
      </item>
      <item>
        <fullName>Rep. Lance, Leonard [R-NJ-7]</fullName>
        <state>NJ</state>
        <bioguideId>L000567</bioguideId>
        <identifiers>
          <gpoId>8049</gpoId>
          <lisID>1936</lisID>
          <bioguideId>L000567</bioguideId>
        </identifiers>
        <party>R</party>
        <lastName>Lance</lastName>
        <sponsorshipWithdrawnDate />
        <firstName>Leonard</firstName>
        <district>7</district>
        <sponsorshipDate>2017-06-29</sponsorshipDate>
        <isOriginalCosponsor>False</isOriginalCosponsor>
        <middleName />
      </item>
      <item>
        <fullName>Rep. Carter, Earl L. "Buddy" [R-GA-1]</fullName>
        <state>GA</state>
        <bioguideId>C001103</bioguideId>
        <identifiers>
          <lisID>2236</lisID>
          <gpoId />
          <bioguideId>C001103</bioguideId>
        </identifiers>
        <party>R</party>
        <lastName>Carter</lastName>
        <sponsorshipWithdrawnDate />
        <firstName>Earl</firstName>
        <district>1</district>
        <sponsorshipDate>2017-06-29</sponsorshipDate>
        <isOriginalCosponsor>False</isOriginalCosponsor>
        <middleName>L. "Buddy"</middleName>
      </item>
      <item>
        <fullName>Rep. Long, Billy [R-MO-7]</fullName>
        <state>MO</state>
        <bioguideId>L000576</bioguideId>
        <identifiers>
          <lisID>2033</lisID>
          <gpoId>8015</gpoId>
          <bioguideId>L000576</bioguideId>
        </identifiers>
        <party>R</party>
        <lastName>Long</lastName>
        <sponsorshipWithdrawnDate />
        <firstName>Billy</firstName>
        <district>7</district>
        <sponsorshipDate>2017-07-26</sponsorshipDate>
        <isOriginalCosponsor>False</isOriginalCosponsor>
        <middleName />
      </item>
      <item>
        <fullName>Rep. Ross, Dennis A. [R-FL-15]</fullName>
        <state>FL</state>
        <bioguideId>R000593</bioguideId>
        <identifiers>
          <bioguideId>R000593</bioguideId>
          <gpoId>7884</gpoId>
          <lisID>2003</lisID>
        </identifiers>
        <party>R</party>
        <lastName>Ross</lastName>
        <sponsorshipWithdrawnDate />
        <firstName>Dennis</firstName>
        <district>15</district>
        <sponsorshipDate>2017-07-26</sponsorshipDate>
        <isOriginalCosponsor>False</isOriginalCosponsor>
        <middleName>A.</middleName>
      </item>
      <item>
        <fullName>Rep. Wittman, Robert J. [R-VA-1]</fullName>
        <state>VA</state>
        <bioguideId>W000804</bioguideId>
        <identifiers>
          <lisID>1886</lisID>
          <bioguideId>W000804</bioguideId>
          <gpoId>8192</gpoId>
        </identifiers>
        <party>R</party>
        <lastName>Wittman</lastName>
        <sponsorshipWithdrawnDate />
        <firstName>Robert</firstName>
        <district>1</district>
        <sponsorshipDate>2017-07-26</sponsorshipDate>
        <isOriginalCosponsor>False</isOriginalCosponsor>
        <middleName>J.</middleName>
      </item>
      <item>
        <fullName>Rep. Walden, Greg [R-OR-2]</fullName>
        <state>OR</state>
        <bioguideId>W000791</bioguideId>
        <identifiers>
          <lisID>1596</lisID>
          <bioguideId>W000791</bioguideId>
          <gpoId>8115</gpoId>
        </identifiers>
        <party>R</party>
        <lastName>WALDEN</lastName>
        <sponsorshipWithdrawnDate />
        <firstName>GREG</firstName>
        <district>2</district>
        <sponsorshipDate>2017-07-28</sponsorshipDate>
        <isOriginalCosponsor>False</isOriginalCosponsor>
        <middleName />
      </item>
      <item>
        <fullName>Rep. Estes, Ron [R-KS-4]</fullName>
        <state>KS</state>
        <bioguideId>E000298</bioguideId>
        <identifiers>
          <lisID>2358</lisID>
          <gpoId />
          <bioguideId>E000298</bioguideId>
        </identifiers>
        <party>R</party>
        <lastName>Estes</lastName>
        <sponsorshipWithdrawnDate />
        <firstName>Ron</firstName>
        <district>4</district>
        <sponsorshipDate>2017-09-14</sponsorshipDate>
        <isOriginalCosponsor>False</isOriginalCosponsor>
        <middleName />
      </item>
      <item>
        <fullName>Rep. Renacci, James B. [R-OH-16]</fullName>
        <state>OH</state>
        <bioguideId>R000586</bioguideId>
        <identifiers>
          <bioguideId>R000586</bioguideId>
          <gpoId>8106</gpoId>
          <lisID>2048</lisID>
        </identifiers>
        <party>R</party>
        <lastName>Renacci</lastName>
        <sponsorshipWithdrawnDate />
        <firstName>James</firstName>
        <district>16</district>
        <sponsorshipDate>2017-09-28</sponsorshipDate>
        <isOriginalCosponsor>False</isOriginalCosponsor>
        <middleName>B.</middleName>
      </item>
      <item>
        <fullName>Rep. Emmer, Tom [R-MN-6]</fullName>
        <state>MN</state>
        <bioguideId>E000294</bioguideId>
        <identifiers>
          <gpoId />
          <lisID>2253</lisID>
          <bioguideId>E000294</bioguideId>
        </identifiers>
        <party>R</party>
        <lastName>Emmer</lastName>
        <sponsorshipWithdrawnDate />
        <firstName>Tom</firstName>
        <district>6</district>
        <sponsorshipDate>2017-12-19</sponsorshipDate>
        <isOriginalCosponsor>False</isOriginalCosponsor>
        <middleName />
      </item>
    </cosponsors>
    <sponsors>
      <item>
        <lastName>Noem</lastName>
        <identifiers>
          <lisID>2060</lisID>
          <gpoId>8147</gpoId>
          <bioguideId>N000184</bioguideId>
        </identifiers>
        <bioguideId>N000184</bioguideId>
        <byRequestType />
        <fullName>Rep. Noem, Kristi L. [R-SD-At Large]</fullName>
        <state>SD</state>
        <firstName>Kristi</firstName>
        <party>R</party>
        <district>0</district>
        <middleName>L.</middleName>
      </item>
    </sponsors>
    <latestAction>
      <text>Referred to the House Committee on Ways and Means.</text>
      <links />
      <actionDate>2017-01-24</actionDate>
    </latestAction>
    <amendments />
    <billNumber>631</billNumber>
    <originChamber>House</originChamber>
    <committeeReports />
    <relatedBills>
      <item>
        <number>5422</number>
        <congress>115</congress>
        <relationshipDetails>
          <item>
            <identifiedBy>CRS</identifiedBy>
            <type>Related bill</type>
          </item>
        </relationshipDetails>
        <latestTitle>Death Tax Repeal Act</latestTitle>
        <latestAction>
          <text>Referred to the House Committee on Ways and Means.</text>
          <actionDate>2018-03-29</actionDate>
        </latestAction>
        <type>HR</type>
      </item>
      <item>
        <number>198</number>
        <congress>115</congress>
        <relationshipDetails>
          <item>
            <identifiedBy>CRS</identifiedBy>
            <type>Related bill</type>
          </item>
        </relationshipDetails>
        <latestTitle>Death Tax Repeal Act of 2017</latestTitle>
        <latestAction>
          <text>Referred to the House Committee on Ways and Means.</text>
          <actionDate>2017-01-03</actionDate>
        </latestAction>
        <type>HR</type>
      </item>
      <item>
        <number>205</number>
        <congress>115</congress>
        <relationshipDetails>
          <item>
            <identifiedBy>CRS</identifiedBy>
            <type>Related bill</type>
          </item>
        </relationshipDetails>
        <latestTitle>Death Tax Repeal Act of 2017</latestTitle>
        <latestAction>
          <text>Read twice and referred to the Committee on Finance.</text>
          <actionDate>2017-01-24</actionDate>
        </latestAction>
        <type>S</type>
      </item>
    </relatedBills>
    <billType>HR</billType>
    <summaries>
      <billSummaries>
        <item>
          <lastSummaryUpdateDate>2017-02-02T13:48:17Z</lastSummaryUpdateDate>
          <text><![CDATA[<p><strong>Death Tax Repeal Act of 201</strong><b>7</b></p> <p>This bill amends the Internal Revenue Code to: (1) repeal the estate and generation-skipping transfer taxes, and (2) make permanent the maximum 35% gift tax rate and the lifetime gift tax exemption. The bill provides for an inflation adjustment to such exemption amount.</p>]]></text>
          <actionDesc>Introduced in House</actionDesc>
          <name>Introduced in House</name>
          <versionCode>00</versionCode>
          <actionDate>2017-01-24</actionDate>
          <updateDate>2017-01-24T05:00:00Z</updateDate>
        </item>
      </billSummaries>
    </summaries>
    <createDate>2017-01-25T04:45:55Z</createDate>
    <calendarNumbers />
    <policyArea>
      <name>Taxation</name>
    </policyArea>
    <actions>
      <actionByCounts>
        <houseOfRepresentatives>3</houseOfRepresentatives>
      </actionByCounts>
      <actionTypeCounts>
        <introducedInHouse>1</introducedInHouse>
        <billReferrals>1</billReferrals>
        <introducedInTheHouse>1</introducedInTheHouse>
      </actionTypeCounts>
      <item>
        <text>Referred to the House Committee on Ways and Means.</text>
        <type>IntroReferral</type>
        <sourceSystem>
          <name>House floor actions</name>
          <code>2</code>
        </sourceSystem>
        <actionCode>H11100</actionCode>
        <committee>
          <name>Ways and Means Committee</name>
          <systemCode>hswm00</systemCode>
        </committee>
        <links />
        <actionDate>2017-01-24</actionDate>
      </item>
      <item>
        <text>Introduced in House</text>
        <type>IntroReferral</type>
        <sourceSystem>
          <name>Library of Congress</name>
          <code>9</code>
        </sourceSystem>
        <actionCode>Intro-H</actionCode>
        <committee />
        <links />
        <actionDate>2017-01-24</actionDate>
      </item>
      <item>
        <text>Introduced in House</text>
        <type>IntroReferral</type>
        <sourceSystem>
          <name>Library of Congress</name>
          <code>9</code>
        </sourceSystem>
        <actionCode>1000</actionCode>
        <committee />
        <links />
        <actionDate>2017-01-24</actionDate>
      </item>
    </actions>
    <cboCostEstimates />
    <constitutionalAuthorityStatementText><![CDATA[<pre>From the Congressional Record Online through the Government Publishing Office [<a href='http://www.gpo.gov'>www.gpo.gov</a>]By Mrs. NOEM:H.R. 631.Congress has the power to enact this legislation pursuantto the following:Article I, Section 8: The Congress shall have Power To layand collect Taxes, Duties, Imposts, and Excises . . .[Page H687]</pre>]]></constitutionalAuthorityStatementText>
    <committees>
      <billCommittees>
        <item>
          <chamber>House</chamber>
          <activities>
            <item>
              <date>2017-01-24T15:04:20Z</date>
              <name>Referred to</name>
            </item>
          </activities>
          <name>Ways and Means Committee</name>
          <subcommittees />
          <type>Standing</type>
          <systemCode>hswm00</systemCode>
        </item>
      </billCommittees>
    </committees>
    <congress>115</congress>
    <subjects>
      <billSubjects>
        <policyArea>
          <name>Taxation</name>
        </policyArea>
        <legislativeSubjects>
          <item>
            <name>Inflation and prices</name>
          </item>
          <item>
            <name>Transfer and inheritance taxes</name>
          </item>
        </legislativeSubjects>
      </billSubjects>
    </subjects>
    <laws />
    <version>1.0.0</version>
    <title>Death Tax Repeal Act of 2017</title>
    <updateDate>2018-04-04T12:00:12Z</updateDate>
    <notes />
  </bill>
  <dublinCore xmlns:dc="http://purl.org/dc/elements/1.1/">
    <dc:format>text/xml</dc:format>
    <dc:language>EN</dc:language>
    <dc:rights>Pursuant to Title 17 Section 105 of the United States Code, this file is not subject to copyright protection and is in the public domain.</dc:rights>
    <dc:contributor>Congressional Research Service, Library of Congress</dc:contributor>
    <dc:description>This file contains bill summaries and statuses for federal legislation. A bill summary describes the most significant provisions of a piece of legislation and details the effects the legislative text may have on current law and federal programs. Bill summaries are authored by the Congressional Research Service (CRS) of the Library of Congress. As stated in Public Law 91-510 (2 USC 166 (d)(6)), one of the duties of CRS is "to prepare summaries and digests of bills and resolutions of a public general nature introduced in the Senate or House of Representatives". For more information, refer to the User Guide that accompanies this file.</dc:description>
  </dublinCore>
</billStatus>

