<?xml version="1.0" encoding="UTF-8"?>
<billStatus>
  <bill>
    <relatedBills />
    <committeeReports />
    <recordedVotes />
    <subjects>
      <billSubjects>
        <policyArea>
          <name>Congress</name>
        </policyArea>
        <legislativeSubjects>
          <item>
            <name>Budget deficits and national debt</name>
          </item>
          <item>
            <name>Government employee pay, benefits, personnel management</name>
          </item>
          <item>
            <name>Inflation and prices</name>
          </item>
          <item>
            <name>Members of Congress</name>
          </item>
        </legislativeSubjects>
      </billSubjects>
    </subjects>
    <introducedDate>2017-01-24</introducedDate>
    <summaries>
      <billSummaries>
        <item>
          <actionDesc>Introduced in House</actionDesc>
          <versionCode>00</versionCode>
          <lastSummaryUpdateDate>2017-03-01T22:36:10Z</lastSummaryUpdateDate>
          <name>Introduced in House</name>
          <updateDate>2017-01-24T05:00:00Z</updateDate>
          <actionDate>2017-01-24</actionDate>
          <text><![CDATA[<p><b>No Pay Raise for Congress Act</b></p> <p>This bill amends the Legislative Reorganization Act of 1946 to provide that pay for Members of Congress may not be increased by any adjustment scheduled to take effect in a calendar year if the Congressional Budget Office determines that the federal aggregate outlays during the last completed fiscal year exceeded the federal aggregate receipts during such fiscal year.</p>]]></text>
        </item>
      </billSummaries>
    </summaries>
    <sponsors>
      <item>
        <state>FL</state>
        <lastName>Buchanan</lastName>
        <byRequestType />
        <middleName />
        <fullName>Rep. Buchanan, Vern [R-FL-16]</fullName>
        <district>16</district>
        <party>R</party>
        <firstName>Vern</firstName>
        <identifiers>
          <lisID>1840</lisID>
          <gpoId>7885</gpoId>
          <bioguideId>B001260</bioguideId>
        </identifiers>
        <bioguideId>B001260</bioguideId>
      </item>
    </sponsors>
    <constitutionalAuthorityStatementText><![CDATA[<pre>From the Congressional Record Online through the Government Publishing Office [<a href='http://www.gpo.gov'>www.gpo.gov</a>]By Mr. BUCHANAN:H.R. 646.Congress has the power to enact this legislation pursuantto the following:Article 1 Section 8 of the U.S. Constitution.[Page H688]</pre>]]></constitutionalAuthorityStatementText>
    <calendarNumbers />
    <updateDate>2018-03-30T14:00:40Z</updateDate>
    <version>1.0.0</version>
    <notes />
    <committees>
      <billCommittees>
        <item>
          <name>Oversight and Government Reform Committee</name>
          <subcommittees />
          <systemCode>hsgo00</systemCode>
          <chamber>House</chamber>
          <activities>
            <item>
              <date>2017-01-24T15:09:00Z</date>
              <name>Referred to</name>
            </item>
          </activities>
          <type>Standing</type>
        </item>
        <item>
          <name>House Administration Committee</name>
          <subcommittees />
          <systemCode>hsha00</systemCode>
          <chamber>House</chamber>
          <activities>
            <item>
              <date>2017-01-24T15:08:50Z</date>
              <name>Referred to</name>
            </item>
          </activities>
          <type>Standing</type>
        </item>
      </billCommittees>
    </committees>
    <originChamber>House</originChamber>
    <cboCostEstimates />
    <titles>
      <item>
        <chamberCode />
        <titleType>Short Titles as Introduced</titleType>
        <title>No Pay Raise for Congress Act</title>
        <parentTitleType />
        <chamberName />
      </item>
      <item>
        <chamberCode />
        <titleType>Official Title as Introduced</titleType>
        <title>To provide that rates of pay for Members of Congress shall not be adjusted under section 601(a)(2) of the Legislative Reorganization Act of 1946 in the year following any fiscal year in which outlays of the United States exceeded receipts of the United States.</title>
        <parentTitleType />
        <chamberName />
      </item>
      <item>
        <chamberCode />
        <titleType>Display Title</titleType>
        <title>No Pay Raise for Congress Act</title>
        <parentTitleType />
        <chamberName />
      </item>
      <item>
        <chamberCode />
        <titleType>(Extracted from GPO) Short Titles as Introduced</titleType>
        <title>No Pay Raise for Congress Act</title>
        <parentTitleType />
        <chamberName />
      </item>
    </titles>
    <policyArea>
      <name>Congress</name>
    </policyArea>
    <latestAction>
      <actionDate>2017-01-24</actionDate>
      <links />
      <text>Referred to House Oversight and Government Reform</text>
    </latestAction>
    <billType>HR</billType>
    <createDate>2017-01-25T04:45:55Z</createDate>
    <amendments />
    <cosponsors>
      <item>
        <sponsorshipWithdrawnDate />
        <identifiers>
          <lisID>2017</lisID>
          <gpoId>7943</gpoId>
          <bioguideId>R000592</bioguideId>
        </identifiers>
        <party>R</party>
        <district>4</district>
        <state>IN</state>
        <sponsorshipDate>2017-06-08</sponsorshipDate>
        <bioguideId>R000592</bioguideId>
        <fullName>Rep. Rokita, Todd [R-IN-4]</fullName>
        <middleName />
        <firstName>Todd</firstName>
        <isOriginalCosponsor>False</isOriginalCosponsor>
        <lastName>Rokita</lastName>
      </item>
    </cosponsors>
    <laws />
    <title>No Pay Raise for Congress Act</title>
    <billNumber>646</billNumber>
    <congress>115</congress>
    <actions>
      <actionTypeCounts>
        <billReferralsAggregate>1</billReferralsAggregate>
        <billReferrals>2</billReferrals>
        <introducedInTheHouse>1</introducedInTheHouse>
        <introducedInHouse>1</introducedInHouse>
      </actionTypeCounts>
      <item>
        <text>Referred to House Oversight and Government Reform</text>
        <type>IntroReferral</type>
        <actionDate>2017-01-24</actionDate>
        <links />
        <committee>
          <name>Oversight and Government Reform Committee</name>
          <systemCode>hsgo00</systemCode>
        </committee>
        <sourceSystem>
          <code>2</code>
          <name>House floor actions</name>
        </sourceSystem>
        <actionCode>H11100</actionCode>
      </item>
      <item>
        <text>Referred to House Administration</text>
        <type>IntroReferral</type>
        <actionDate>2017-01-24</actionDate>
        <links />
        <committee>
          <name>House Administration Committee</name>
          <systemCode>hsha00</systemCode>
        </committee>
        <sourceSystem>
          <code>2</code>
          <name>House floor actions</name>
        </sourceSystem>
        <actionCode>H11100</actionCode>
      </item>
      <item>
        <text>Referred to the Committee on House Administration, and in addition to the Committee on Oversight and Government Reform, for a period to be subsequently determined by the Speaker, in each case for consideration of such provisions as fall within the jurisdiction of the committee concerned.</text>
        <type>IntroReferral</type>
        <actionDate>2017-01-24</actionDate>
        <links />
        <committee />
        <sourceSystem>
          <code>9</code>
          <name>Library of Congress</name>
        </sourceSystem>
        <actionCode>H11100-A</actionCode>
      </item>
      <item>
        <text>Introduced in House</text>
        <type>IntroReferral</type>
        <actionDate>2017-01-24</actionDate>
        <links />
        <committee />
        <sourceSystem>
          <code>9</code>
          <name>Library of Congress</name>
        </sourceSystem>
        <actionCode>Intro-H</actionCode>
      </item>
      <item>
        <text>Introduced in House</text>
        <type>IntroReferral</type>
        <actionDate>2017-01-24</actionDate>
        <links />
        <committee />
        <sourceSystem>
          <code>9</code>
          <name>Library of Congress</name>
        </sourceSystem>
        <actionCode>1000</actionCode>
      </item>
      <actionByCounts>
        <houseOfRepresentatives>5</houseOfRepresentatives>
      </actionByCounts>
    </actions>
  </bill>
  <dublinCore xmlns:dc="http://purl.org/dc/elements/1.1/">
    <dc:format>text/xml</dc:format>
    <dc:language>EN</dc:language>
    <dc:rights>Pursuant to Title 17 Section 105 of the United States Code, this file is not subject to copyright protection and is in the public domain.</dc:rights>
    <dc:contributor>Congressional Research Service, Library of Congress</dc:contributor>
    <dc:description>This file contains bill summaries and statuses for federal legislation. A bill summary describes the most significant provisions of a piece of legislation and details the effects the legislative text may have on current law and federal programs. Bill summaries are authored by the Congressional Research Service (CRS) of the Library of Congress. As stated in Public Law 91-510 (2 USC 166 (d)(6)), one of the duties of CRS is "to prepare summaries and digests of bills and resolutions of a public general nature introduced in the Senate or House of Representatives". For more information, refer to the User Guide that accompanies this file.</dc:description>
  </dublinCore>
</billStatus>

