<?xml version="1.0" encoding="UTF-8"?>
<billStatus>
  <bill>
    <title>Energy Savings Through Public-Private Partnerships Act of 2017</title>
    <latestAction>
      <actionDate>2018-02-23</actionDate>
      <text>Placed on the Union Calendar, Calendar No. 435.</text>
      <links />
    </latestAction>
    <createDate>2017-01-31T05:23:09Z</createDate>
    <titles>
      <item>
        <title>Energy Savings Through Public-Private Partnerships Act of 2017</title>
        <parentTitleType>Short Titles House of Representatives</parentTitleType>
        <chamberCode>H</chamberCode>
        <titleType>Short Titles as Reported to House</titleType>
        <chamberName>House</chamberName>
      </item>
      <item>
        <title>Energy Savings Through Public-Private Partnerships Act of 2017</title>
        <parentTitleType />
        <chamberCode />
        <titleType>Short Titles as Introduced</titleType>
        <chamberName />
      </item>
      <item>
        <title>To amend the National Energy Conservation Policy Act to encourage the increased use of performance contracting in Federal facilities, and for other purposes.</title>
        <parentTitleType />
        <chamberCode />
        <titleType>Official Title as Introduced</titleType>
        <chamberName />
      </item>
      <item>
        <title>Energy Savings Through Public-Private Partnerships Act of 2017</title>
        <parentTitleType />
        <chamberCode />
        <titleType>Display Title</titleType>
        <chamberName />
      </item>
      <item>
        <title>Energy Savings Through Public-Private Partnerships Act of 2017</title>
        <parentTitleType />
        <chamberCode>H</chamberCode>
        <titleType>(Extracted from GPO) Short Titles as Reported to House</titleType>
        <chamberName>House</chamberName>
      </item>
      <item>
        <title>Energy Savings Through Public-Private Partnerships Act of 2017</title>
        <parentTitleType />
        <chamberCode />
        <titleType>(Extracted from GPO) Short Titles as Introduced</titleType>
        <chamberName />
      </item>
    </titles>
    <version>1.0.0</version>
    <notes />
    <subjects>
      <billSubjects>
        <legislativeSubjects>
          <item>
            <name>Congressional oversight</name>
          </item>
          <item>
            <name>Energy efficiency and conservation</name>
          </item>
          <item>
            <name>Government buildings, facilities, and property</name>
          </item>
          <item>
            <name>Performance measurement</name>
          </item>
          <item>
            <name>Public contracts and procurement</name>
          </item>
          <item>
            <name>Public utilities and utility rates</name>
          </item>
          <item>
            <name>Water use and supply</name>
          </item>
        </legislativeSubjects>
        <policyArea>
          <name>Energy</name>
        </policyArea>
      </billSubjects>
    </subjects>
    <cboCostEstimates>
      <item>
        <pubDate>2018-02-20T16:00:11Z</pubDate>
        <title>H.R. 723, Energy Savings Through Public-Private Partnerships Act of 2017</title>
        <url>https://www.cbo.gov/publication/53599</url>
      </item>
    </cboCostEstimates>
    <sponsors>
      <item>
        <firstName>Adam</firstName>
        <lastName>Kinzinger</lastName>
        <middleName />
        <byRequestType />
        <bioguideId>K000378</bioguideId>
        <identifiers>
          <bioguideId>K000378</bioguideId>
          <lisID>2014</lisID>
          <gpoId>7931</gpoId>
        </identifiers>
        <state>IL</state>
        <fullName>Rep. Kinzinger, Adam [R-IL-16]</fullName>
        <district>16</district>
        <party>R</party>
      </item>
    </sponsors>
    <calendarNumbers>
      <item>
        <calendar>U00435</calendar>
        <number />
      </item>
    </calendarNumbers>
    <policyArea>
      <name>Energy</name>
    </policyArea>
    <summaries>
      <billSummaries>
        <item>
          <versionCode>00</versionCode>
          <text><![CDATA[<p><b>Energy Savings Through Public-Private Partnerships Act of 2017</b></p> <p>This bill amends the National Energy Conservation Policy Act to revise requirements for energy savings performance contracts and utility energy service contracts (performance contracts). These contracts allow federal agencies to work with private contractors on energy efficiency upgrades to federal facilities, unless the facilities are dams, reservoirs, or hydropower facilities owned or operated by federal agencies.</p> <p>Current law requires federal facility energy managers to evaluate and identify energy and water efficiency measures for federal facilities, but agencies are not required to implement the measures. The bill requires agencies to implement the measures if they are cost-effective.</p> <p>The Department of Energy must report to the President and Congress on each agency's performance contracts, including their investment value and their energy savings.</p> <p>The energy conservation measures that may be contained in performance contracts are expanded by including those involving energy consuming devices and required support structures.</p> <p>Agencies may not limit recognition of operation and maintenance savings associated with energy systems that were modernized or replaced with energy conservation measures and water conservation measures (e.g., lower energy and water bills due to energy efficiency and conservation measures).</p> <p>Agencies may sell or transfer energy savings and apply the proceeds to fund a performance contract.</p> <p>The energy savings that may be contained in performance contracts are expanded to include: (1) the use, sale, or transfer of energy incentives, rebates, or credits (including renewable energy credits) from governments or utilities; and (2) any revenue generated from a reduction in energy or water use, more efficient waste recycling, or additional energy generated from more efficient equipment. </p>]]></text>
          <updateDate>2017-01-30T05:00:00Z</updateDate>
          <actionDate>2017-01-30</actionDate>
          <lastSummaryUpdateDate>2017-05-05T15:57:01Z</lastSummaryUpdateDate>
          <name>Introduced in House</name>
          <actionDesc>Introduced in House</actionDesc>
        </item>
      </billSummaries>
    </summaries>
    <actions>
      <item>
        <actionDate>2018-02-23</actionDate>
        <text>Placed on the Union Calendar, Calendar No. 435.</text>
        <links />
        <committee />
        <sourceSystem>
          <code>2</code>
          <name>House floor actions</name>
        </sourceSystem>
        <actionCode>H12410</actionCode>
        <type>Calendars</type>
      </item>
      <item>
        <actionDate>2018-02-23</actionDate>
        <text>Reported (Amended) by the Committee on Energy and Commerce. H. Rept. 115-575.</text>
        <links>
          <link>
            <name>H. Rept. 115-575</name>
            <url>https://www.congress.gov/congressional-report/115th-congress/house-report/575</url>
          </link>
        </links>
        <committee>
          <name>Energy and Commerce Committee</name>
          <systemCode>hsif00</systemCode>
        </committee>
        <sourceSystem>
          <code>2</code>
          <name>House floor actions</name>
        </sourceSystem>
        <actionCode>H12200</actionCode>
        <type>Committee</type>
      </item>
      <item>
        <actionDate>2018-02-23</actionDate>
        <text>Reported (Amended) by the Committee on Energy and Commerce. H. Rept. 115-575.</text>
        <links>
          <link>
            <name>H. Rept. 115-575</name>
            <url>https://www.congress.gov/congressional-report/115th-congress/house-report/575</url>
          </link>
        </links>
        <committee>
          <name>Energy and Commerce Committee</name>
          <systemCode>hsif00</systemCode>
        </committee>
        <sourceSystem>
          <code>9</code>
          <name>Library of Congress</name>
        </sourceSystem>
        <actionCode>5000</actionCode>
        <type>Committee</type>
      </item>
      <item>
        <actionDate>2017-06-07</actionDate>
        <committee>
          <name>Energy and Commerce Committee</name>
          <systemCode>hsif00</systemCode>
        </committee>
        <links />
        <sourceSystem>
          <code>1</code>
          <name>House committee actions</name>
        </sourceSystem>
        <text>Subcommittee on Energy Discharged.</text>
        <type>Committee</type>
      </item>
      <item>
        <actionDate>2017-06-07</actionDate>
        <committee>
          <name>Energy and Commerce Committee</name>
          <systemCode>hsif00</systemCode>
        </committee>
        <links />
        <sourceSystem>
          <code>1</code>
          <name>House committee actions</name>
        </sourceSystem>
        <text>Ordered to be Reported (Amended) by Unanimous Consent.</text>
        <type>Committee</type>
      </item>
      <item>
        <actionDate>2017-06-07</actionDate>
        <committee>
          <name>Energy and Commerce Committee</name>
          <systemCode>hsif00</systemCode>
        </committee>
        <links />
        <sourceSystem>
          <code>1</code>
          <name>House committee actions</name>
        </sourceSystem>
        <text>Committee Consideration and Mark-up Session Held.</text>
        <type>Committee</type>
      </item>
      <item>
        <actionDate>2017-02-03</actionDate>
        <committee>
          <name>Energy and Power Subcommittee</name>
          <systemCode>hsif03</systemCode>
        </committee>
        <links />
        <sourceSystem>
          <code>1</code>
          <name>House committee actions</name>
        </sourceSystem>
        <text>Referred to the Subcommittee on Energy.</text>
        <type>Committee</type>
      </item>
      <item>
        <actionDate>2017-01-30</actionDate>
        <text>Referred to the House Committee on Energy and Commerce.</text>
        <links />
        <committee>
          <name>Energy and Commerce Committee</name>
          <systemCode>hsif00</systemCode>
        </committee>
        <sourceSystem>
          <code>2</code>
          <name>House floor actions</name>
        </sourceSystem>
        <actionCode>H11100</actionCode>
        <type>IntroReferral</type>
      </item>
      <item>
        <actionDate>2017-01-30</actionDate>
        <text>Introduced in House</text>
        <links />
        <committee />
        <sourceSystem>
          <code>9</code>
          <name>Library of Congress</name>
        </sourceSystem>
        <actionCode>Intro-H</actionCode>
        <type>IntroReferral</type>
      </item>
      <item>
        <actionDate>2017-01-30</actionDate>
        <text>Introduced in House</text>
        <links />
        <committee />
        <sourceSystem>
          <code>9</code>
          <name>Library of Congress</name>
        </sourceSystem>
        <actionCode>1000</actionCode>
        <type>IntroReferral</type>
      </item>
      <actionTypeCounts>
        <introducedInHouse>1</introducedInHouse>
        <placeholderTextForH>3</placeholderTextForH>
        <reportedToHouse>1</reportedToHouse>
        <unionCalendarAssignment>1</unionCalendarAssignment>
        <committeeReportOfABill>1</committeeReportOfABill>
        <actionStageOverride>1</actionStageOverride>
        <billReferrals>1</billReferrals>
        <introducedInTheHouse>1</introducedInTheHouse>
      </actionTypeCounts>
      <actionByCounts>
        <houseOfRepresentatives>10</houseOfRepresentatives>
      </actionByCounts>
    </actions>
    <relatedBills>
      <item>
        <congress>115</congress>
        <number>239</number>
        <relationshipDetails>
          <item>
            <identifiedBy>CRS</identifiedBy>
            <type>Identical bill</type>
          </item>
          <item>
            <identifiedBy>House</identifiedBy>
            <type>Related bill</type>
          </item>
        </relationshipDetails>
        <latestTitle>Energy Savings Through Public-Private Partnerships Act of 2017</latestTitle>
        <type>S</type>
        <latestAction>
          <text>Placed on Senate Legislative Calendar under General Orders. Calendar No. 98.</text>
          <actionDate>2017-05-24</actionDate>
        </latestAction>
      </item>
      <item>
        <congress>115</congress>
        <number>1460</number>
        <relationshipDetails>
          <item>
            <identifiedBy>CRS</identifiedBy>
            <type>Related bill</type>
          </item>
        </relationshipDetails>
        <latestTitle>Energy and Natural Resources Act of 2017</latestTitle>
        <type>S</type>
        <latestAction>
          <text>Committee on Energy and Natural Resources. Hearings held.</text>
          <actionDate>2017-09-19</actionDate>
        </latestAction>
      </item>
    </relatedBills>
    <committees>
      <billCommittees>
        <item>
          <name>Energy and Commerce Committee</name>
          <subcommittees>
            <item>
              <systemCode>hsif03</systemCode>
              <name>Energy and Power Subcommittee</name>
              <activities>
                <item>
                  <date>2017-06-07T21:14:19Z</date>
                  <name>Discharged from</name>
                </item>
                <item>
                  <date>2017-02-03T15:53:48Z</date>
                  <name>Referred to</name>
                </item>
              </activities>
            </item>
          </subcommittees>
          <systemCode>hsif00</systemCode>
          <chamber>House</chamber>
          <activities>
            <item>
              <date>2018-02-23T15:48:06Z</date>
              <name>Reported by</name>
            </item>
            <item>
              <date>2017-06-07T13:30:39Z</date>
              <name>Markup by</name>
            </item>
            <item>
              <date>2017-01-30T17:02:15Z</date>
              <name>Referred to</name>
            </item>
          </activities>
          <type>Standing</type>
        </item>
      </billCommittees>
    </committees>
    <constitutionalAuthorityStatementText><![CDATA[<pre>[Congressional Record Volume 163, Number 15 (Monday, January 30, 2017)]From the Congressional Record Online through the Government Publishing Office [<a href='http://www.gpo.gov'>www.gpo.gov</a>]By Mr. KINZINGER:H.R. 723.Congress has the power to enact this legislation pursuantto the following:Article 1, Section 8, Clause 3 of the Constitution[Page H745]</pre>]]></constitutionalAuthorityStatementText>
    <introducedDate>2017-01-30</introducedDate>
    <cosponsors>
      <item>
        <state>VT</state>
        <lastName>Welch</lastName>
        <sponsorshipWithdrawnDate />
        <district>0</district>
        <middleName />
        <fullName>Rep. Welch, Peter [D-VT-At Large]</fullName>
        <bioguideId>W000800</bioguideId>
        <party>D</party>
        <identifiers>
          <bioguideId>W000800</bioguideId>
          <lisID>1879</lisID>
          <gpoId>8204</gpoId>
        </identifiers>
        <sponsorshipDate>2017-01-30</sponsorshipDate>
        <isOriginalCosponsor>True</isOriginalCosponsor>
        <firstName>Peter</firstName>
      </item>
      <item>
        <state>UT</state>
        <lastName>Love</lastName>
        <sponsorshipWithdrawnDate />
        <district>4</district>
        <middleName>B.</middleName>
        <fullName>Rep. Love, Mia B. [R-UT-4]</fullName>
        <bioguideId>L000584</bioguideId>
        <party>R</party>
        <identifiers>
          <bioguideId>L000584</bioguideId>
          <gpoId />
          <lisID>2271</lisID>
        </identifiers>
        <sponsorshipDate>2017-02-27</sponsorshipDate>
        <isOriginalCosponsor>False</isOriginalCosponsor>
        <firstName>Mia</firstName>
      </item>
      <item>
        <state>CO</state>
        <lastName>Perlmutter</lastName>
        <sponsorshipWithdrawnDate />
        <district>7</district>
        <middleName />
        <fullName>Rep. Perlmutter, Ed [D-CO-7]</fullName>
        <bioguideId>P000593</bioguideId>
        <party>D</party>
        <identifiers>
          <gpoId>7865</gpoId>
          <bioguideId>P000593</bioguideId>
          <lisID>1835</lisID>
        </identifiers>
        <sponsorshipDate>2017-02-27</sponsorshipDate>
        <isOriginalCosponsor>False</isOriginalCosponsor>
        <firstName>Ed</firstName>
      </item>
      <item>
        <state>AZ</state>
        <lastName>Grijalva</lastName>
        <sponsorshipWithdrawnDate />
        <district>3</district>
        <middleName>M.</middleName>
        <fullName>Rep. Grijalva, Raul M. [D-AZ-3]</fullName>
        <bioguideId>G000551</bioguideId>
        <party>D</party>
        <identifiers>
          <lisID>1708</lisID>
          <gpoId>7804</gpoId>
          <bioguideId>G000551</bioguideId>
        </identifiers>
        <sponsorshipDate>2017-03-08</sponsorshipDate>
        <isOriginalCosponsor>False</isOriginalCosponsor>
        <firstName>Raul</firstName>
      </item>
      <item>
        <state>OK</state>
        <lastName>Cole</lastName>
        <sponsorshipWithdrawnDate />
        <district>4</district>
        <middleName />
        <fullName>Rep. Cole, Tom [R-OK-4]</fullName>
        <bioguideId>C001053</bioguideId>
        <party>R</party>
        <identifiers>
          <bioguideId>C001053</bioguideId>
          <gpoId>8112</gpoId>
          <lisID>1742</lisID>
        </identifiers>
        <sponsorshipDate>2017-03-08</sponsorshipDate>
        <isOriginalCosponsor>False</isOriginalCosponsor>
        <firstName>Tom</firstName>
      </item>
      <item>
        <state>PA</state>
        <lastName>Cartwright</lastName>
        <sponsorshipWithdrawnDate />
        <district>17</district>
        <middleName />
        <fullName>Rep. Cartwright, Matt [D-PA-17]</fullName>
        <bioguideId>C001090</bioguideId>
        <party>D</party>
        <identifiers>
          <lisID>2159</lisID>
          <gpoId />
          <bioguideId>C001090</bioguideId>
        </identifiers>
        <sponsorshipDate>2017-03-28</sponsorshipDate>
        <isOriginalCosponsor>False</isOriginalCosponsor>
        <firstName>Matt</firstName>
      </item>
      <item>
        <state>CA</state>
        <lastName>Peters</lastName>
        <sponsorshipWithdrawnDate />
        <district>52</district>
        <middleName>H.</middleName>
        <fullName>Rep. Peters, Scott H. [D-CA-52]</fullName>
        <bioguideId>P000608</bioguideId>
        <party>D</party>
        <identifiers>
          <lisID>2113</lisID>
          <gpoId />
          <bioguideId>P000608</bioguideId>
        </identifiers>
        <sponsorshipDate>2017-06-06</sponsorshipDate>
        <isOriginalCosponsor>False</isOriginalCosponsor>
        <firstName>Scott</firstName>
      </item>
    </cosponsors>
    <laws />
    <congress>115</congress>
    <recordedVotes />
    <amendments />
    <committeeReports>
      <committeeReport>
        <citation>H. Rept. 115-575</citation>
      </committeeReport>
    </committeeReports>
    <billType>HR</billType>
    <billNumber>723</billNumber>
    <updateDate>2018-03-30T14:01:02Z</updateDate>
    <originChamber>House</originChamber>
  </bill>
  <dublinCore xmlns:dc="http://purl.org/dc/elements/1.1/">
    <dc:format>text/xml</dc:format>
    <dc:language>EN</dc:language>
    <dc:rights>Pursuant to Title 17 Section 105 of the United States Code, this file is not subject to copyright protection and is in the public domain.</dc:rights>
    <dc:contributor>Congressional Research Service, Library of Congress</dc:contributor>
    <dc:description>This file contains bill summaries and statuses for federal legislation. A bill summary describes the most significant provisions of a piece of legislation and details the effects the legislative text may have on current law and federal programs. Bill summaries are authored by the Congressional Research Service (CRS) of the Library of Congress. As stated in Public Law 91-510 (2 USC 166 (d)(6)), one of the duties of CRS is "to prepare summaries and digests of bills and resolutions of a public general nature introduced in the Senate or House of Representatives". For more information, refer to the User Guide that accompanies this file.</dc:description>
  </dublinCore>
</billStatus>

