<?xml version="1.0" encoding="UTF-8"?>
<billStatus>
  <bill>
    <calendarNumbers />
    <congress>115</congress>
    <billType>HR</billType>
    <constitutionalAuthorityStatementText><![CDATA[<pre>From the Congressional Record Online through the Government Publishing Office [<a href='http://www.gpo.gov'>www.gpo.gov</a>]By Mr. YOUNG of Alaska:H.R. 203.Congress has the power to enact this legislation pursuantto the following:Article 1, Section 8, Clauses 3 and 18; and Article 1,Section 9, Clause 7[Page H52]</pre>]]></constitutionalAuthorityStatementText>
    <recordedVotes />
    <summaries>
      <billSummaries>
        <item>
          <versionCode>00</versionCode>
          <text><![CDATA[<p><strong>Summer Meals Act of 201</strong><b>7</b></p> <p>This bill amends the Richard B. Russell National School Lunch Act to redefine &quot;areas in which poor economic conditions exist,&quot; where the summer food service program for children may operate, as areas in which at least 40% (currently, 50%) of the children have been determined to be eligible for free or reduced price school meals under the school lunch and breakfast programs.</p> <p>The bill reimburses service institutions (other than school food authorities) for up to one meal and one snack per child each day during after-school hours, weekends, and school holidays during the regular school calendar. (Currently, such institutions are reimbursed for meals and snacks served to children over the summer months or to children who are on vacation under a continuous school calendar.)</p> <p>The Department of Agriculture may award competitive grants to service institutions to increase participation in the summer food service program for children at congregate feeding sites through innovative approaches to limited transportation and mobile meal trucks.</p> <p> Service institutions that are participating in the summer food service program for children may serve up to three meals, or two meals and one snack, during each day of operation. (Currently, this option is reserved for camps and service institutions that serve meals primarily to migrant children.)</p>]]></text>
          <updateDate>2017-01-03T05:00:00Z</updateDate>
          <actionDate>2017-01-03</actionDate>
          <lastSummaryUpdateDate>2017-01-17T21:36:46Z</lastSummaryUpdateDate>
          <name>Introduced in House</name>
          <actionDesc>Introduced in House</actionDesc>
        </item>
      </billSummaries>
    </summaries>
    <subjects>
      <billSubjects>
        <policyArea>
          <name>Agriculture and Food</name>
        </policyArea>
        <legislativeSubjects>
          <item>
            <name>Child health</name>
          </item>
          <item>
            <name>Elementary and secondary education</name>
          </item>
          <item>
            <name>Food assistance and relief</name>
          </item>
          <item>
            <name>Nutrition and diet</name>
          </item>
          <item>
            <name>Poverty and welfare assistance</name>
          </item>
          <item>
            <name>Public-private cooperation</name>
          </item>
        </legislativeSubjects>
      </billSubjects>
    </subjects>
    <cosponsors>
      <item>
        <state>WA</state>
        <middleName />
        <fullName>Rep. Larsen, Rick [D-WA-2]</fullName>
        <sponsorshipDate>2017-01-03</sponsorshipDate>
        <firstName>RICK</firstName>
        <sponsorshipWithdrawnDate />
        <bioguideId>L000560</bioguideId>
        <lastName>LARSEN</lastName>
        <district>2</district>
        <party>D</party>
        <isOriginalCosponsor>True</isOriginalCosponsor>
        <identifiers>
          <lisID>1675</lisID>
          <gpoId>8206</gpoId>
          <bioguideId>L000560</bioguideId>
        </identifiers>
      </item>
      <item>
        <state>TN</state>
        <middleName />
        <fullName>Rep. Cohen, Steve [D-TN-9]</fullName>
        <sponsorshipDate>2017-01-31</sponsorshipDate>
        <firstName>Steve</firstName>
        <sponsorshipWithdrawnDate />
        <bioguideId>C001068</bioguideId>
        <lastName>Cohen</lastName>
        <district>9</district>
        <party>D</party>
        <isOriginalCosponsor>False</isOriginalCosponsor>
        <identifiers>
          <bioguideId>C001068</bioguideId>
          <gpoId>8156</gpoId>
          <lisID>1878</lisID>
        </identifiers>
      </item>
      <item>
        <state>IA</state>
        <middleName />
        <fullName>Rep. Loebsack, David [D-IA-2]</fullName>
        <sponsorshipDate>2017-03-07</sponsorshipDate>
        <firstName>David</firstName>
        <sponsorshipWithdrawnDate />
        <bioguideId>L000565</bioguideId>
        <lastName>Loebsack</lastName>
        <district>2</district>
        <party>D</party>
        <isOriginalCosponsor>False</isOriginalCosponsor>
        <identifiers>
          <lisID>1846</lisID>
          <gpoId>7915</gpoId>
          <bioguideId>L000565</bioguideId>
        </identifiers>
      </item>
      <item>
        <state>WA</state>
        <middleName>K.</middleName>
        <fullName>Rep. DelBene, Suzan K. [D-WA-1]</fullName>
        <sponsorshipDate>2017-04-25</sponsorshipDate>
        <firstName>Suzan</firstName>
        <sponsorshipWithdrawnDate />
        <bioguideId>D000617</bioguideId>
        <lastName>DelBene</lastName>
        <district>1</district>
        <party>D</party>
        <isOriginalCosponsor>False</isOriginalCosponsor>
        <identifiers>
          <lisID>2096</lisID>
          <gpoId>8374</gpoId>
          <bioguideId>D000617</bioguideId>
        </identifiers>
      </item>
      <item>
        <state>MA</state>
        <middleName>M.</middleName>
        <fullName>Rep. Clark, Katherine M. [D-MA-5]</fullName>
        <sponsorshipDate>2017-04-25</sponsorshipDate>
        <firstName>Katherine</firstName>
        <sponsorshipWithdrawnDate />
        <bioguideId>C001101</bioguideId>
        <lastName>Clark</lastName>
        <district>5</district>
        <party>D</party>
        <isOriginalCosponsor>False</isOriginalCosponsor>
        <identifiers>
          <bioguideId>C001101</bioguideId>
          <gpoId />
          <lisID>2196</lisID>
        </identifiers>
      </item>
      <item>
        <state>CT</state>
        <middleName />
        <fullName>Rep. DeLauro, Rosa L. [D-CT-3]</fullName>
        <sponsorshipDate>2017-04-25</sponsorshipDate>
        <firstName>ROSA</firstName>
        <sponsorshipWithdrawnDate />
        <bioguideId>D000216</bioguideId>
        <lastName>DELAURO</lastName>
        <district>3</district>
        <party>D</party>
        <isOriginalCosponsor>False</isOriginalCosponsor>
        <identifiers>
          <lisID>281</lisID>
          <gpoId>7868</gpoId>
          <bioguideId>D000216</bioguideId>
        </identifiers>
      </item>
      <item>
        <state>CA</state>
        <middleName />
        <fullName>Rep. Lee, Barbara [D-CA-13]</fullName>
        <sponsorshipDate>2017-04-25</sponsorshipDate>
        <firstName>BARBARA</firstName>
        <sponsorshipWithdrawnDate />
        <bioguideId>L000551</bioguideId>
        <lastName>LEE</lastName>
        <district>13</district>
        <party>D</party>
        <isOriginalCosponsor>False</isOriginalCosponsor>
        <identifiers>
          <gpoId>7814</gpoId>
          <lisID>1501</lisID>
          <bioguideId>L000551</bioguideId>
        </identifiers>
      </item>
      <item>
        <state>AZ</state>
        <middleName>M.</middleName>
        <fullName>Rep. Grijalva, Raul M. [D-AZ-3]</fullName>
        <sponsorshipDate>2017-04-25</sponsorshipDate>
        <firstName>Raul</firstName>
        <sponsorshipWithdrawnDate />
        <bioguideId>G000551</bioguideId>
        <lastName>Grijalva</lastName>
        <district>3</district>
        <party>D</party>
        <isOriginalCosponsor>False</isOriginalCosponsor>
        <identifiers>
          <gpoId>7804</gpoId>
          <lisID>1708</lisID>
          <bioguideId>G000551</bioguideId>
        </identifiers>
      </item>
      <item>
        <state>NY</state>
        <middleName>Patrick</middleName>
        <fullName>Rep. Maloney, Sean Patrick [D-NY-18]</fullName>
        <sponsorshipDate>2017-04-25</sponsorshipDate>
        <firstName>Sean</firstName>
        <sponsorshipWithdrawnDate />
        <bioguideId>M001185</bioguideId>
        <lastName>Maloney</lastName>
        <district>18</district>
        <party>D</party>
        <isOriginalCosponsor>False</isOriginalCosponsor>
        <identifiers>
          <lisID>2150</lisID>
          <gpoId />
          <bioguideId>M001185</bioguideId>
        </identifiers>
      </item>
      <item>
        <state>WI</state>
        <middleName />
        <fullName>Rep. Pocan, Mark [D-WI-2]</fullName>
        <sponsorshipDate>2017-04-25</sponsorshipDate>
        <firstName>Mark</firstName>
        <sponsorshipWithdrawnDate />
        <bioguideId>P000607</bioguideId>
        <lastName>Pocan</lastName>
        <district>2</district>
        <party>D</party>
        <isOriginalCosponsor>False</isOriginalCosponsor>
        <identifiers>
          <lisID>2171</lisID>
          <gpoId />
          <bioguideId>P000607</bioguideId>
        </identifiers>
      </item>
      <item>
        <state>NY</state>
        <middleName />
        <fullName>Rep. Meng, Grace [D-NY-6]</fullName>
        <sponsorshipDate>2017-04-25</sponsorshipDate>
        <firstName>Grace</firstName>
        <sponsorshipWithdrawnDate />
        <bioguideId>M001188</bioguideId>
        <lastName>Meng</lastName>
        <district>6</district>
        <party>D</party>
        <isOriginalCosponsor>False</isOriginalCosponsor>
        <identifiers>
          <lisID>2148</lisID>
          <gpoId />
          <bioguideId>M001188</bioguideId>
        </identifiers>
      </item>
      <item>
        <state>MN</state>
        <middleName />
        <fullName>Rep. McCollum, Betty [D-MN-4]</fullName>
        <sponsorshipDate>2017-04-25</sponsorshipDate>
        <firstName>BETTY</firstName>
        <sponsorshipWithdrawnDate />
        <bioguideId>M001143</bioguideId>
        <lastName>MCCOLLUM</lastName>
        <district>4</district>
        <party>D</party>
        <isOriginalCosponsor>False</isOriginalCosponsor>
        <identifiers>
          <lisID>1653</lisID>
          <gpoId>8004</gpoId>
          <bioguideId>M001143</bioguideId>
        </identifiers>
      </item>
      <item>
        <state>VT</state>
        <middleName />
        <fullName>Rep. Welch, Peter [D-VT-At Large]</fullName>
        <sponsorshipDate>2017-04-25</sponsorshipDate>
        <firstName>Peter</firstName>
        <sponsorshipWithdrawnDate />
        <bioguideId>W000800</bioguideId>
        <lastName>Welch</lastName>
        <district>0</district>
        <party>D</party>
        <isOriginalCosponsor>False</isOriginalCosponsor>
        <identifiers>
          <bioguideId>W000800</bioguideId>
          <gpoId>8204</gpoId>
          <lisID>1879</lisID>
        </identifiers>
      </item>
      <item>
        <state>NY</state>
        <middleName />
        <fullName>Rep. Tonko, Paul [D-NY-20]</fullName>
        <sponsorshipDate>2017-04-25</sponsorshipDate>
        <firstName>Paul</firstName>
        <sponsorshipWithdrawnDate />
        <bioguideId>T000469</bioguideId>
        <lastName>Tonko</lastName>
        <district>20</district>
        <party>D</party>
        <isOriginalCosponsor>False</isOriginalCosponsor>
        <identifiers>
          <bioguideId>T000469</bioguideId>
          <lisID>1942</lisID>
          <gpoId>8082</gpoId>
        </identifiers>
      </item>
      <item>
        <state>NM</state>
        <middleName />
        <fullName>Rep. Lujan Grisham, Michelle [D-NM-1]</fullName>
        <sponsorshipDate>2017-04-25</sponsorshipDate>
        <firstName>Michelle</firstName>
        <sponsorshipWithdrawnDate />
        <bioguideId>L000580</bioguideId>
        <lastName>Lujan Grisham</lastName>
        <district>1</district>
        <party>D</party>
        <isOriginalCosponsor>False</isOriginalCosponsor>
        <identifiers>
          <bioguideId>L000580</bioguideId>
          <gpoId />
          <lisID>2146</lisID>
        </identifiers>
      </item>
      <item>
        <state>NY</state>
        <middleName>M.</middleName>
        <fullName>Rep. Velazquez, Nydia M. [D-NY-7]</fullName>
        <sponsorshipDate>2017-04-25</sponsorshipDate>
        <firstName>NYDIA</firstName>
        <sponsorshipWithdrawnDate />
        <bioguideId>V000081</bioguideId>
        <lastName>VELAZQUEZ</lastName>
        <district>7</district>
        <party>D</party>
        <isOriginalCosponsor>False</isOriginalCosponsor>
        <identifiers>
          <lisID>1184</lisID>
          <gpoId>8073</gpoId>
          <bioguideId>V000081</bioguideId>
        </identifiers>
      </item>
      <item>
        <state>MN</state>
        <middleName>J.</middleName>
        <fullName>Rep. Walz, Timothy J. [D-MN-1]</fullName>
        <sponsorshipDate>2017-04-25</sponsorshipDate>
        <firstName>Timothy</firstName>
        <sponsorshipWithdrawnDate />
        <bioguideId>W000799</bioguideId>
        <lastName>Walz</lastName>
        <district>1</district>
        <party>D</party>
        <isOriginalCosponsor>False</isOriginalCosponsor>
        <identifiers>
          <bioguideId>W000799</bioguideId>
          <gpoId>8001</gpoId>
          <lisID>1856</lisID>
        </identifiers>
      </item>
      <item>
        <state>FL</state>
        <middleName>L.</middleName>
        <fullName>Rep. Hastings, Alcee L. [D-FL-20]</fullName>
        <sponsorshipDate>2017-04-25</sponsorshipDate>
        <firstName>ALCEE</firstName>
        <sponsorshipWithdrawnDate />
        <bioguideId>H000324</bioguideId>
        <lastName>HASTINGS</lastName>
        <district>20</district>
        <party>D</party>
        <isOriginalCosponsor>False</isOriginalCosponsor>
        <identifiers>
          <bioguideId>H000324</bioguideId>
          <gpoId>7895</gpoId>
          <lisID>511</lisID>
        </identifiers>
      </item>
      <item>
        <state>TX</state>
        <middleName>A.</middleName>
        <fullName>Rep. Veasey, Marc A. [D-TX-33]</fullName>
        <sponsorshipDate>2017-04-25</sponsorshipDate>
        <firstName>Marc</firstName>
        <sponsorshipWithdrawnDate />
        <bioguideId>V000131</bioguideId>
        <lastName>Veasey</lastName>
        <district>33</district>
        <party>D</party>
        <isOriginalCosponsor>False</isOriginalCosponsor>
        <identifiers>
          <lisID>2166</lisID>
          <gpoId />
          <bioguideId>V000131</bioguideId>
        </identifiers>
      </item>
      <item>
        <state>MA</state>
        <middleName />
        <fullName>Rep. Tsongas, Niki [D-MA-3]</fullName>
        <sponsorshipDate>2017-04-25</sponsorshipDate>
        <firstName>Niki</firstName>
        <sponsorshipWithdrawnDate />
        <bioguideId>T000465</bioguideId>
        <lastName>Tsongas</lastName>
        <district>3</district>
        <party>D</party>
        <isOriginalCosponsor>False</isOriginalCosponsor>
        <identifiers>
          <lisID>1884</lisID>
          <gpoId>7970</gpoId>
          <bioguideId>T000465</bioguideId>
        </identifiers>
      </item>
      <item>
        <state>GA</state>
        <middleName>D.</middleName>
        <fullName>Rep. Bishop, Sanford D., Jr. [D-GA-2]</fullName>
        <sponsorshipDate>2017-04-25</sponsorshipDate>
        <firstName>SANFORD</firstName>
        <sponsorshipWithdrawnDate />
        <bioguideId>B000490</bioguideId>
        <lastName>BISHOP</lastName>
        <district>2</district>
        <party>D</party>
        <isOriginalCosponsor>False</isOriginalCosponsor>
        <identifiers>
          <bioguideId>B000490</bioguideId>
          <gpoId>7899</gpoId>
          <lisID>91</lisID>
        </identifiers>
      </item>
      <item>
        <state>WI</state>
        <middleName />
        <fullName>Rep. Moore, Gwen [D-WI-4]</fullName>
        <sponsorshipDate>2017-04-25</sponsorshipDate>
        <firstName>Gwen</firstName>
        <sponsorshipWithdrawnDate />
        <bioguideId>M001160</bioguideId>
        <lastName>Moore</lastName>
        <district>4</district>
        <party>D</party>
        <isOriginalCosponsor>False</isOriginalCosponsor>
        <identifiers>
          <lisID>1811</lisID>
          <gpoId>8217</gpoId>
          <bioguideId>M001160</bioguideId>
        </identifiers>
      </item>
      <item>
        <state>CA</state>
        <middleName>S.</middleName>
        <fullName>Rep. Lowenthal, Alan S. [D-CA-47]</fullName>
        <sponsorshipDate>2017-04-25</sponsorshipDate>
        <firstName>Alan</firstName>
        <sponsorshipWithdrawnDate />
        <bioguideId>L000579</bioguideId>
        <lastName>Lowenthal</lastName>
        <district>47</district>
        <party>D</party>
        <isOriginalCosponsor>False</isOriginalCosponsor>
        <identifiers>
          <bioguideId>L000579</bioguideId>
          <gpoId />
          <lisID>2111</lisID>
        </identifiers>
      </item>
      <item>
        <state>CA</state>
        <middleName />
        <fullName>Rep. Roybal-Allard, Lucille [D-CA-40]</fullName>
        <sponsorshipDate>2017-04-25</sponsorshipDate>
        <firstName>LUCILLE</firstName>
        <sponsorshipWithdrawnDate />
        <bioguideId>R000486</bioguideId>
        <lastName>ROYBAL-ALLARD</lastName>
        <district>40</district>
        <party>D</party>
        <isOriginalCosponsor>False</isOriginalCosponsor>
        <identifiers>
          <lisID>997</lisID>
          <gpoId>7839</gpoId>
          <bioguideId>R000486</bioguideId>
        </identifiers>
      </item>
      <item>
        <state>RI</state>
        <middleName>R.</middleName>
        <fullName>Rep. Langevin, James R. [D-RI-2]</fullName>
        <sponsorshipDate>2017-04-25</sponsorshipDate>
        <firstName>JAMES</firstName>
        <sponsorshipWithdrawnDate />
        <bioguideId>L000559</bioguideId>
        <lastName>LANGEVIN</lastName>
        <district>2</district>
        <party>D</party>
        <isOriginalCosponsor>False</isOriginalCosponsor>
        <identifiers>
          <lisID>1668</lisID>
          <gpoId>8140</gpoId>
          <bioguideId>L000559</bioguideId>
        </identifiers>
      </item>
      <item>
        <state>NY</state>
        <middleName>E.</middleName>
        <fullName>Rep. Serrano, Jose E. [D-NY-15]</fullName>
        <sponsorshipDate>2017-04-25</sponsorshipDate>
        <firstName>JOSE</firstName>
        <sponsorshipWithdrawnDate />
        <bioguideId>S000248</bioguideId>
        <lastName>SERRANO</lastName>
        <district>15</district>
        <party>D</party>
        <isOriginalCosponsor>False</isOriginalCosponsor>
        <identifiers>
          <lisID>1042</lisID>
          <gpoId>8077</gpoId>
          <bioguideId>S000248</bioguideId>
        </identifiers>
      </item>
      <item>
        <state>MA</state>
        <middleName>P.</middleName>
        <fullName>Rep. McGovern, James P. [D-MA-2]</fullName>
        <sponsorshipDate>2017-04-25</sponsorshipDate>
        <firstName>JAMES</firstName>
        <sponsorshipWithdrawnDate />
        <bioguideId>M000312</bioguideId>
        <lastName>MCGOVERN</lastName>
        <district>2</district>
        <party>D</party>
        <isOriginalCosponsor>False</isOriginalCosponsor>
        <identifiers>
          <lisID>1504</lisID>
          <gpoId>7968</gpoId>
          <bioguideId>M000312</bioguideId>
        </identifiers>
      </item>
      <item>
        <state>OH</state>
        <middleName />
        <fullName>Rep. Ryan, Tim [D-OH-13]</fullName>
        <sponsorshipDate>2017-04-25</sponsorshipDate>
        <firstName>TIM</firstName>
        <sponsorshipWithdrawnDate />
        <bioguideId>R000577</bioguideId>
        <lastName>RYAN</lastName>
        <district>13</district>
        <party>D</party>
        <isOriginalCosponsor>False</isOriginalCosponsor>
        <identifiers>
          <lisID>1756</lisID>
          <gpoId>8107</gpoId>
          <bioguideId>R000577</bioguideId>
        </identifiers>
      </item>
      <item>
        <state>CA</state>
        <middleName />
        <fullName>Rep. Takano, Mark [D-CA-41]</fullName>
        <sponsorshipDate>2017-04-25</sponsorshipDate>
        <firstName>Mark</firstName>
        <sponsorshipWithdrawnDate />
        <bioguideId>T000472</bioguideId>
        <lastName>Takano</lastName>
        <district>41</district>
        <party>D</party>
        <isOriginalCosponsor>False</isOriginalCosponsor>
        <identifiers>
          <gpoId />
          <lisID>2110</lisID>
          <bioguideId>T000472</bioguideId>
        </identifiers>
      </item>
      <item>
        <state>ME</state>
        <middleName />
        <fullName>Rep. Pingree, Chellie [D-ME-1]</fullName>
        <sponsorshipDate>2017-04-25</sponsorshipDate>
        <firstName>Chellie</firstName>
        <sponsorshipWithdrawnDate />
        <bioguideId>P000597</bioguideId>
        <lastName>Pingree</lastName>
        <district>1</district>
        <party>D</party>
        <isOriginalCosponsor>False</isOriginalCosponsor>
        <identifiers>
          <gpoId>7984</gpoId>
          <bioguideId>P000597</bioguideId>
          <lisID>1927</lisID>
        </identifiers>
      </item>
      <item>
        <state>NY</state>
        <middleName>M.</middleName>
        <fullName>Rep. Slaughter, Louise McIntosh [D-NY-25]</fullName>
        <sponsorshipDate>2017-04-25</sponsorshipDate>
        <firstName>LOUISE</firstName>
        <sponsorshipWithdrawnDate />
        <bioguideId>S000480</bioguideId>
        <lastName>SLAUGHTER</lastName>
        <district>25</district>
        <party>D</party>
        <isOriginalCosponsor>False</isOriginalCosponsor>
        <identifiers>
          <bioguideId>S000480</bioguideId>
          <lisID>1069</lisID>
          <gpoId>8089</gpoId>
        </identifiers>
      </item>
      <item>
        <state>IL</state>
        <middleName>L.</middleName>
        <fullName>Rep. Rush, Bobby L. [D-IL-1]</fullName>
        <sponsorshipDate>2017-04-25</sponsorshipDate>
        <firstName>BOBBY</firstName>
        <sponsorshipWithdrawnDate />
        <bioguideId>R000515</bioguideId>
        <lastName>RUSH</lastName>
        <district>1</district>
        <party>D</party>
        <isOriginalCosponsor>False</isOriginalCosponsor>
        <identifiers>
          <bioguideId>R000515</bioguideId>
          <gpoId>7921</gpoId>
          <lisID>1003</lisID>
        </identifiers>
      </item>
      <item>
        <state>AL</state>
        <middleName>A.</middleName>
        <fullName>Rep. Sewell, Terri A. [D-AL-7]</fullName>
        <sponsorshipDate>2017-04-25</sponsorshipDate>
        <firstName>Terri</firstName>
        <sponsorshipWithdrawnDate />
        <bioguideId>S001185</bioguideId>
        <lastName>Sewell</lastName>
        <district>7</district>
        <party>D</party>
        <isOriginalCosponsor>False</isOriginalCosponsor>
        <identifiers>
          <bioguideId>S001185</bioguideId>
          <gpoId>7792</gpoId>
          <lisID>1988</lisID>
        </identifiers>
      </item>
      <item>
        <state>NJ</state>
        <middleName>J.</middleName>
        <fullName>Rep. Pascrell, Bill, Jr. [D-NJ-9]</fullName>
        <sponsorshipDate>2017-04-25</sponsorshipDate>
        <firstName>WILLIAM</firstName>
        <sponsorshipWithdrawnDate />
        <bioguideId>P000096</bioguideId>
        <lastName>PASCRELL</lastName>
        <district>9</district>
        <party>D</party>
        <isOriginalCosponsor>False</isOriginalCosponsor>
        <identifiers>
          <lisID>1510</lisID>
          <gpoId>8050</gpoId>
          <bioguideId>P000096</bioguideId>
        </identifiers>
      </item>
      <item>
        <state>FL</state>
        <middleName />
        <fullName>Rep. Wasserman Schultz, Debbie [D-FL-23]</fullName>
        <sponsorshipDate>2017-04-25</sponsorshipDate>
        <firstName>Debbie</firstName>
        <sponsorshipWithdrawnDate />
        <bioguideId>W000797</bioguideId>
        <lastName>Wasserman Schultz</lastName>
        <district>23</district>
        <party>D</party>
        <isOriginalCosponsor>False</isOriginalCosponsor>
        <identifiers>
          <gpoId>7892</gpoId>
          <lisID>1777</lisID>
          <bioguideId>W000797</bioguideId>
        </identifiers>
      </item>
      <item>
        <state>MI</state>
        <middleName>M.</middleName>
        <fullName>Rep. Levin, Sander M. [D-MI-9]</fullName>
        <sponsorshipDate>2017-05-03</sponsorshipDate>
        <firstName>SANDER</firstName>
        <sponsorshipWithdrawnDate />
        <bioguideId>L000263</bioguideId>
        <lastName>LEVIN</lastName>
        <district>9</district>
        <party>D</party>
        <isOriginalCosponsor>False</isOriginalCosponsor>
        <identifiers>
          <lisID>683</lisID>
          <gpoId>7997</gpoId>
          <bioguideId>L000263</bioguideId>
        </identifiers>
      </item>
      <item>
        <state>CA</state>
        <middleName />
        <fullName>Rep. Huffman, Jared [D-CA-2]</fullName>
        <sponsorshipDate>2017-05-16</sponsorshipDate>
        <firstName>Jared</firstName>
        <sponsorshipWithdrawnDate />
        <bioguideId>H001068</bioguideId>
        <lastName>Huffman</lastName>
        <district>2</district>
        <party>D</party>
        <isOriginalCosponsor>False</isOriginalCosponsor>
        <identifiers>
          <lisID>2101</lisID>
          <gpoId />
          <bioguideId>H001068</bioguideId>
        </identifiers>
      </item>
      <item>
        <state>IL</state>
        <middleName />
        <fullName>Rep. Quigley, Mike [D-IL-5]</fullName>
        <sponsorshipDate>2017-05-16</sponsorshipDate>
        <firstName>Mike</firstName>
        <sponsorshipWithdrawnDate />
        <bioguideId>Q000023</bioguideId>
        <lastName>Quigley</lastName>
        <district>5</district>
        <party>D</party>
        <isOriginalCosponsor>False</isOriginalCosponsor>
        <identifiers>
          <bioguideId>Q000023</bioguideId>
          <gpoId>7925</gpoId>
          <lisID>1967</lisID>
        </identifiers>
      </item>
      <item>
        <state>MA</state>
        <middleName>P.</middleName>
        <fullName>Rep. Kennedy, Joseph P., III [D-MA-4]</fullName>
        <sponsorshipDate>2017-05-16</sponsorshipDate>
        <firstName>Joseph</firstName>
        <sponsorshipWithdrawnDate />
        <bioguideId>K000379</bioguideId>
        <lastName>Kennedy</lastName>
        <district>4</district>
        <party>D</party>
        <isOriginalCosponsor>False</isOriginalCosponsor>
        <identifiers>
          <gpoId />
          <lisID>2172</lisID>
          <bioguideId>K000379</bioguideId>
        </identifiers>
      </item>
      <item>
        <state>IL</state>
        <middleName>D.</middleName>
        <fullName>Rep. Schakowsky, Janice D. [D-IL-9]</fullName>
        <sponsorshipDate>2017-05-17</sponsorshipDate>
        <firstName>JANICE</firstName>
        <sponsorshipWithdrawnDate />
        <bioguideId>S001145</bioguideId>
        <lastName>SCHAKOWSKY</lastName>
        <district>9</district>
        <party>D</party>
        <isOriginalCosponsor>False</isOriginalCosponsor>
        <identifiers>
          <lisID>1588</lisID>
          <gpoId>7929</gpoId>
          <bioguideId>S001145</bioguideId>
        </identifiers>
      </item>
      <item>
        <state>PA</state>
        <middleName>K.</middleName>
        <fullName>Rep. Fitzpatrick, Brian K. [R-PA-8]</fullName>
        <sponsorshipDate>2017-06-22</sponsorshipDate>
        <firstName>Brian</firstName>
        <sponsorshipWithdrawnDate />
        <bioguideId>F000466</bioguideId>
        <lastName>Fitzpatrick</lastName>
        <district>8</district>
        <party>R</party>
        <isOriginalCosponsor>False</isOriginalCosponsor>
        <identifiers>
          <bioguideId>F000466</bioguideId>
          <lisID>2345</lisID>
          <gpoId />
        </identifiers>
      </item>
      <item>
        <state>PA</state>
        <middleName />
        <fullName>Rep. Cartwright, Matt [D-PA-17]</fullName>
        <sponsorshipDate>2017-06-28</sponsorshipDate>
        <firstName>Matt</firstName>
        <sponsorshipWithdrawnDate />
        <bioguideId>C001090</bioguideId>
        <lastName>Cartwright</lastName>
        <district>17</district>
        <party>D</party>
        <isOriginalCosponsor>False</isOriginalCosponsor>
        <identifiers>
          <gpoId />
          <bioguideId>C001090</bioguideId>
          <lisID>2159</lisID>
        </identifiers>
      </item>
      <item>
        <state>PA</state>
        <middleName>F.</middleName>
        <fullName>Rep. Boyle, Brendan F. [D-PA-13]</fullName>
        <sponsorshipDate>2017-07-11</sponsorshipDate>
        <firstName>Brendan</firstName>
        <sponsorshipWithdrawnDate />
        <bioguideId>B001296</bioguideId>
        <lastName>Boyle</lastName>
        <district>13</district>
        <party>D</party>
        <isOriginalCosponsor>False</isOriginalCosponsor>
        <identifiers>
          <lisID>2267</lisID>
          <gpoId />
          <bioguideId>B001296</bioguideId>
        </identifiers>
      </item>
      <item>
        <state>NY</state>
        <middleName />
        <fullName>Rep. Katko, John [R-NY-24]</fullName>
        <sponsorshipDate>2017-07-27</sponsorshipDate>
        <firstName>John</firstName>
        <sponsorshipWithdrawnDate />
        <bioguideId>K000386</bioguideId>
        <lastName>Katko</lastName>
        <district>24</district>
        <party>R</party>
        <isOriginalCosponsor>False</isOriginalCosponsor>
        <identifiers>
          <lisID>2264</lisID>
          <gpoId />
          <bioguideId>K000386</bioguideId>
        </identifiers>
      </item>
      <item>
        <state>LA</state>
        <middleName>L.</middleName>
        <fullName>Rep. Richmond, Cedric L. [D-LA-2]</fullName>
        <sponsorshipDate>2017-09-05</sponsorshipDate>
        <firstName>Cedric</firstName>
        <sponsorshipWithdrawnDate />
        <bioguideId>R000588</bioguideId>
        <lastName>Richmond</lastName>
        <district>2</district>
        <party>D</party>
        <isOriginalCosponsor>False</isOriginalCosponsor>
        <identifiers>
          <bioguideId>R000588</bioguideId>
          <lisID>2023</lisID>
          <gpoId>7960</gpoId>
        </identifiers>
      </item>
      <item>
        <state>MD</state>
        <middleName>P.</middleName>
        <fullName>Rep. Sarbanes, John P. [D-MD-3]</fullName>
        <sponsorshipDate>2017-09-05</sponsorshipDate>
        <firstName>John</firstName>
        <sponsorshipWithdrawnDate />
        <bioguideId>S001168</bioguideId>
        <lastName>Sarbanes</lastName>
        <district>3</district>
        <party>D</party>
        <isOriginalCosponsor>False</isOriginalCosponsor>
        <identifiers>
          <gpoId>7978</gpoId>
          <bioguideId>S001168</bioguideId>
          <lisID>1854</lisID>
        </identifiers>
      </item>
      <item>
        <state>MP</state>
        <middleName>Kilili Camacho</middleName>
        <fullName>Rep. Sablan, Gregorio Kilili Camacho [D-MP-At Large]</fullName>
        <sponsorshipDate>2017-11-14</sponsorshipDate>
        <firstName>Gregorio</firstName>
        <sponsorshipWithdrawnDate />
        <bioguideId>S001177</bioguideId>
        <lastName>Sablan</lastName>
        <district>0</district>
        <party>D</party>
        <isOriginalCosponsor>False</isOriginalCosponsor>
        <identifiers>
          <lisID>1962</lisID>
          <gpoId>8018</gpoId>
          <bioguideId>S001177</bioguideId>
        </identifiers>
      </item>
      <item>
        <state>MA</state>
        <middleName>E.</middleName>
        <fullName>Rep. Capuano, Michael E. [D-MA-7]</fullName>
        <sponsorshipDate>2017-12-19</sponsorshipDate>
        <firstName>MICHAEL</firstName>
        <sponsorshipWithdrawnDate />
        <bioguideId>C001037</bioguideId>
        <lastName>CAPUANO</lastName>
        <district>7</district>
        <party>D</party>
        <isOriginalCosponsor>False</isOriginalCosponsor>
        <identifiers>
          <bioguideId>C001037</bioguideId>
          <gpoId>7973</gpoId>
          <lisID>1564</lisID>
        </identifiers>
      </item>
    </cosponsors>
    <actions>
      <item>
        <committee>
          <systemCode>hsed00</systemCode>
          <name>Education and the Workforce Committee</name>
        </committee>
        <text>Referred to the House Committee on Education and the Workforce.</text>
        <sourceSystem>
          <code>2</code>
          <name>House floor actions</name>
        </sourceSystem>
        <actionDate>2017-01-03</actionDate>
        <actionCode>H11100</actionCode>
        <links />
        <type>IntroReferral</type>
      </item>
      <item>
        <committee />
        <text>Introduced in House</text>
        <sourceSystem>
          <code>9</code>
          <name>Library of Congress</name>
        </sourceSystem>
        <actionDate>2017-01-03</actionDate>
        <actionCode>Intro-H</actionCode>
        <links />
        <type>IntroReferral</type>
      </item>
      <item>
        <committee />
        <text>Introduced in House</text>
        <sourceSystem>
          <code>9</code>
          <name>Library of Congress</name>
        </sourceSystem>
        <actionDate>2017-01-03</actionDate>
        <actionCode>1000</actionCode>
        <links />
        <type>IntroReferral</type>
      </item>
      <actionByCounts>
        <houseOfRepresentatives>3</houseOfRepresentatives>
      </actionByCounts>
      <actionTypeCounts>
        <billReferrals>1</billReferrals>
        <introducedInHouse>1</introducedInHouse>
        <introducedInTheHouse>1</introducedInTheHouse>
      </actionTypeCounts>
    </actions>
    <notes />
    <policyArea>
      <name>Agriculture and Food</name>
    </policyArea>
    <billNumber>203</billNumber>
    <createDate>2017-01-04T07:01:13Z</createDate>
    <originChamber>House</originChamber>
    <committees>
      <billCommittees>
        <item>
          <name>Education and the Workforce Committee</name>
          <activities>
            <item>
              <date>2017-01-03T17:25:05Z</date>
              <name>Referred to</name>
            </item>
          </activities>
          <chamber>House</chamber>
          <type>Standing</type>
          <systemCode>hsed00</systemCode>
          <subcommittees />
        </item>
      </billCommittees>
    </committees>
    <introducedDate>2017-01-03</introducedDate>
    <amendments />
    <sponsors>
      <item>
        <lastName>YOUNG</lastName>
        <bioguideId>Y000033</bioguideId>
        <identifiers>
          <gpoId>7785</gpoId>
          <lisID>1256</lisID>
          <bioguideId>Y000033</bioguideId>
        </identifiers>
        <party>R</party>
        <firstName>DON</firstName>
        <fullName>Rep. Young, Don [R-AK-At Large]</fullName>
        <state>AK</state>
        <byRequestType />
        <middleName>E.</middleName>
        <district>0</district>
      </item>
    </sponsors>
    <committeeReports />
    <cboCostEstimates />
    <titles>
      <item>
        <titleType>Short Titles as Introduced</titleType>
        <chamberCode />
        <parentTitleType />
        <chamberName />
        <title>Summer Meals Act of 2017</title>
      </item>
      <item>
        <titleType>Official Title as Introduced</titleType>
        <chamberCode />
        <parentTitleType />
        <chamberName />
        <title>To amend the Richard B. Russell National School Lunch Act to improve the efficiency of summer meals.</title>
      </item>
      <item>
        <titleType>Display Title</titleType>
        <chamberCode />
        <parentTitleType />
        <chamberName />
        <title>Summer Meals Act of 2017</title>
      </item>
      <item>
        <titleType>(Extracted from GPO) Short Titles as Introduced</titleType>
        <chamberCode />
        <parentTitleType />
        <chamberName />
        <title>Summer Meals Act of 2017</title>
      </item>
    </titles>
    <title>Summer Meals Act of 2017</title>
    <laws />
    <relatedBills />
    <latestAction>
      <actionDate>2017-01-03</actionDate>
      <links />
      <text>Referred to the House Committee on Education and the Workforce.</text>
    </latestAction>
    <version>1.0.0</version>
    <updateDate>2018-03-30T13:58:27Z</updateDate>
  </bill>
  <dublinCore xmlns:dc="http://purl.org/dc/elements/1.1/">
    <dc:format>text/xml</dc:format>
    <dc:language>EN</dc:language>
    <dc:rights>Pursuant to Title 17 Section 105 of the United States Code, this file is not subject to copyright protection and is in the public domain.</dc:rights>
    <dc:contributor>Congressional Research Service, Library of Congress</dc:contributor>
    <dc:description>This file contains bill summaries and statuses for federal legislation. A bill summary describes the most significant provisions of a piece of legislation and details the effects the legislative text may have on current law and federal programs. Bill summaries are authored by the Congressional Research Service (CRS) of the Library of Congress. As stated in Public Law 91-510 (2 USC 166 (d)(6)), one of the duties of CRS is "to prepare summaries and digests of bills and resolutions of a public general nature introduced in the Senate or House of Representatives". For more information, refer to the User Guide that accompanies this file.</dc:description>
  </dublinCore>
</billStatus>

