<?xml version="1.0" encoding="UTF-8"?>
<billStatus>
  <bill>
    <introducedDate>2017-01-24</introducedDate>
    <billType>HR</billType>
    <summaries>
      <billSummaries>
        <item>
          <versionCode>00</versionCode>
          <text><![CDATA[<p><strong>Veterans 2nd Amendment Protection Act</strong></p> <p>This bill prohibits, in any case arising out of the administration of laws and benefits by the Department of Veterans Affairs, any person who is mentally incapacitated, deemed mentally incompetent, or experiencing an extended loss of consciousness from being considered adjudicated as a mental defective for purposes of the right to receive or transport firearms without the order or finding of a judicial authority of competent jurisdiction that such person is a danger to himself or herself or others.</p>]]></text>
          <updateDate>2017-01-24T05:00:00Z</updateDate>
          <actionDate>2017-01-24</actionDate>
          <lastSummaryUpdateDate>2017-02-13T16:20:46Z</lastSummaryUpdateDate>
          <name>Introduced in House</name>
          <actionDesc>Introduced in House</actionDesc>
        </item>
      </billSummaries>
    </summaries>
    <cboCostEstimates />
    <policyArea>
      <name>Armed Forces and National Security</name>
    </policyArea>
    <calendarNumbers />
    <relatedBills>
      <item>
        <type>HR</type>
        <number>1181</number>
        <latestAction>
          <actionDate>2017-03-22</actionDate>
          <text>Read the second time. Placed on Senate Legislative Calendar under General Orders. Calendar No. 21.</text>
        </latestAction>
        <congress>115</congress>
        <relationshipDetails>
          <item>
            <type>Related bill</type>
            <identifiedBy>CRS</identifiedBy>
          </item>
        </relationshipDetails>
        <latestTitle>Veterans 2nd Amendment Protection Act</latestTitle>
      </item>
    </relatedBills>
    <originChamber>House</originChamber>
    <amendments />
    <titles>
      <item>
        <title>Veterans 2nd Amendment Protection Act</title>
        <parentTitleType />
        <chamberName />
        <titleType>Short Titles as Introduced</titleType>
        <chamberCode />
      </item>
      <item>
        <title>To amend title 38, United States Code, to clarify the conditions under which certain persons may be treated as adjudicated mentally incompetent for certain purposes.</title>
        <parentTitleType />
        <chamberName />
        <titleType>Official Title as Introduced</titleType>
        <chamberCode />
      </item>
      <item>
        <title>Veterans 2nd Amendment Protection Act</title>
        <parentTitleType />
        <chamberName />
        <titleType>Display Title</titleType>
        <chamberCode />
      </item>
      <item>
        <title>Veterans 2nd Amendment Protection Act</title>
        <parentTitleType />
        <chamberName />
        <titleType>(Extracted from GPO) Short Titles as Introduced</titleType>
        <chamberCode />
      </item>
    </titles>
    <createDate>2017-01-25T04:45:55Z</createDate>
    <constitutionalAuthorityStatementText><![CDATA[<pre>From the Congressional Record Online through the Government Publishing Office [<a href='http://www.gpo.gov'>www.gpo.gov</a>]By Mr. CONAWAY:H.R. 629.Congress has the power to enact this legislation pursuantto the following:Pursuant to Article I, Section 8 of the Constitution of theUnited States.[Page H687]</pre>]]></constitutionalAuthorityStatementText>
    <actions>
      <actionTypeCounts>
        <billReferrals>1</billReferrals>
        <introducedInTheHouse>1</introducedInTheHouse>
        <placeholderTextForH>1</placeholderTextForH>
        <introducedInHouse>1</introducedInHouse>
      </actionTypeCounts>
      <item>
        <actionDate>2017-02-03</actionDate>
        <committee>
          <name>Disability Assistance and Memorial Affairs Subcommittee</name>
          <systemCode>hsvr09</systemCode>
        </committee>
        <links />
        <sourceSystem>
          <code>1</code>
          <name>House committee actions</name>
        </sourceSystem>
        <text>Referred to the Subcommittee on Disability Assistance and Memorial Affairs.</text>
        <type>Committee</type>
      </item>
      <item>
        <text>Referred to the House Committee on Veterans' Affairs.</text>
        <type>IntroReferral</type>
        <actionDate>2017-01-24</actionDate>
        <links />
        <committee>
          <name>Veterans' Affairs Committee</name>
          <systemCode>hsvr00</systemCode>
        </committee>
        <sourceSystem>
          <code>2</code>
          <name>House floor actions</name>
        </sourceSystem>
        <actionCode>H11100</actionCode>
      </item>
      <item>
        <text>Introduced in House</text>
        <type>IntroReferral</type>
        <actionDate>2017-01-24</actionDate>
        <links />
        <committee />
        <sourceSystem>
          <code>9</code>
          <name>Library of Congress</name>
        </sourceSystem>
        <actionCode>Intro-H</actionCode>
      </item>
      <item>
        <text>Introduced in House</text>
        <type>IntroReferral</type>
        <actionDate>2017-01-24</actionDate>
        <links />
        <committee />
        <sourceSystem>
          <code>9</code>
          <name>Library of Congress</name>
        </sourceSystem>
        <actionCode>1000</actionCode>
      </item>
      <actionByCounts>
        <houseOfRepresentatives>4</houseOfRepresentatives>
      </actionByCounts>
    </actions>
    <laws />
    <version>1.0.0</version>
    <cosponsors>
      <item>
        <firstName>Brad</firstName>
        <identifiers>
          <bioguideId>W000815</bioguideId>
          <gpoId />
          <lisID>2152</lisID>
        </identifiers>
        <sponsorshipDate>2017-01-24</sponsorshipDate>
        <isOriginalCosponsor>True</isOriginalCosponsor>
        <state>OH</state>
        <lastName>Wenstrup</lastName>
        <middleName>R.</middleName>
        <fullName>Rep. Wenstrup, Brad R. [R-OH-2]</fullName>
        <bioguideId>W000815</bioguideId>
        <district>2</district>
        <sponsorshipWithdrawnDate />
        <party>R</party>
      </item>
    </cosponsors>
    <billNumber>629</billNumber>
    <committeeReports />
    <notes />
    <latestAction>
      <actionDate>2017-02-03</actionDate>
      <text>Referred to the Subcommittee on Disability Assistance and Memorial Affairs.</text>
      <links />
    </latestAction>
    <committees>
      <billCommittees>
        <item>
          <activities>
            <item>
              <name>Referred to</name>
              <date>2017-01-24T15:01:10Z</date>
            </item>
          </activities>
          <systemCode>hsvr00</systemCode>
          <name>Veterans' Affairs Committee</name>
          <subcommittees>
            <item>
              <name>Disability Assistance and Memorial Affairs Subcommittee</name>
              <systemCode>hsvr09</systemCode>
              <activities>
                <item>
                  <name>Referred to</name>
                  <date>2017-02-03T19:18:30Z</date>
                </item>
              </activities>
            </item>
          </subcommittees>
          <type>Standing</type>
          <chamber>House</chamber>
        </item>
      </billCommittees>
    </committees>
    <updateDate>2018-03-30T14:00:36Z</updateDate>
    <title>Veterans 2nd Amendment Protection Act</title>
    <sponsors>
      <item>
        <fullName>Rep. Conaway, K. Michael [R-TX-11]</fullName>
        <state>TX</state>
        <lastName>Conaway</lastName>
        <bioguideId>C001062</bioguideId>
        <district>11</district>
        <middleName>Michael</middleName>
        <byRequestType />
        <party>R</party>
        <identifiers>
          <lisID>1805</lisID>
          <gpoId>8167</gpoId>
          <bioguideId>C001062</bioguideId>
        </identifiers>
        <firstName>K.</firstName>
      </item>
    </sponsors>
    <congress>115</congress>
    <recordedVotes />
    <subjects>
      <billSubjects>
        <policyArea>
          <name>Armed Forces and National Security</name>
        </policyArea>
        <legislativeSubjects>
          <item>
            <name>Firearms and explosives</name>
          </item>
          <item>
            <name>Licensing and registrations</name>
          </item>
          <item>
            <name>Mental health</name>
          </item>
          <item>
            <name>Veterans' medical care</name>
          </item>
        </legislativeSubjects>
      </billSubjects>
    </subjects>
  </bill>
  <dublinCore xmlns:dc="http://purl.org/dc/elements/1.1/">
    <dc:format>text/xml</dc:format>
    <dc:language>EN</dc:language>
    <dc:rights>Pursuant to Title 17 Section 105 of the United States Code, this file is not subject to copyright protection and is in the public domain.</dc:rights>
    <dc:contributor>Congressional Research Service, Library of Congress</dc:contributor>
    <dc:description>This file contains bill summaries and statuses for federal legislation. A bill summary describes the most significant provisions of a piece of legislation and details the effects the legislative text may have on current law and federal programs. Bill summaries are authored by the Congressional Research Service (CRS) of the Library of Congress. As stated in Public Law 91-510 (2 USC 166 (d)(6)), one of the duties of CRS is "to prepare summaries and digests of bills and resolutions of a public general nature introduced in the Senate or House of Representatives". For more information, refer to the User Guide that accompanies this file.</dc:description>
  </dublinCore>
</billStatus>

