<?xml version="1.0" encoding="UTF-8"?>
<billStatus>
  <bill>
    <calendarNumbers />
    <congress>115</congress>
    <billType>HR</billType>
    <constitutionalAuthorityStatementText><![CDATA[<pre>From the Congressional Record Online through the Government Publishing Office [<a href='http://www.gpo.gov'>www.gpo.gov</a>]By Mr. COOK:H.R. 245.Congress has the power to enact this legislation pursuantto the following:Article 1 Section 8[Page H96]</pre>]]></constitutionalAuthorityStatementText>
    <recordedVotes />
    <summaries>
      <billSummaries>
        <item>
          <lastSummaryUpdateDate>2017-04-28T14:43:01Z</lastSummaryUpdateDate>
          <updateDate>2017-01-04T05:00:00Z</updateDate>
          <text><![CDATA[<p><strong>Veterans' Education Equity Act</strong></p> <p>This bill provides that the monthly housing allowance under the Department of Veterans Affairs Post-9/11 educational assistance program shall be based on the location of the campus where an individual physically participates in a majority of classes rather than the location of the institution of higher learning at which an individual is enrolled.</p>]]></text>
          <actionDesc>Introduced in House</actionDesc>
          <versionCode>00</versionCode>
          <actionDate>2017-01-04</actionDate>
          <name>Introduced in House</name>
        </item>
      </billSummaries>
    </summaries>
    <subjects>
      <billSubjects>
        <policyArea>
          <name>Armed Forces and National Security</name>
        </policyArea>
        <legislativeSubjects>
          <item>
            <name>Higher education</name>
          </item>
          <item>
            <name>Veterans' education, employment, rehabilitation</name>
          </item>
          <item>
            <name>Veterans' loans, housing, homeless programs</name>
          </item>
        </legislativeSubjects>
      </billSubjects>
    </subjects>
    <cosponsors>
      <item>
        <lastName>Takano</lastName>
        <bioguideId>T000472</bioguideId>
        <state>CA</state>
        <sponsorshipDate>2017-01-04</sponsorshipDate>
        <fullName>Rep. Takano, Mark [D-CA-41]</fullName>
        <identifiers>
          <gpoId />
          <lisID>2110</lisID>
          <bioguideId>T000472</bioguideId>
        </identifiers>
        <middleName />
        <sponsorshipWithdrawnDate />
        <firstName>Mark</firstName>
        <isOriginalCosponsor>True</isOriginalCosponsor>
        <party>D</party>
        <district>41</district>
      </item>
      <item>
        <lastName>Radewagen</lastName>
        <bioguideId>R000600</bioguideId>
        <state>AS</state>
        <sponsorshipDate>2017-01-06</sponsorshipDate>
        <fullName>Rep. Radewagen, Aumua Amata Coleman [R-AS-At Large]</fullName>
        <identifiers>
          <lisID>2222</lisID>
          <gpoId />
          <bioguideId>R000600</bioguideId>
        </identifiers>
        <middleName>Coleman</middleName>
        <sponsorshipWithdrawnDate />
        <firstName>Aumua Amata</firstName>
        <isOriginalCosponsor>False</isOriginalCosponsor>
        <party>R</party>
        <district>0</district>
      </item>
      <item>
        <lastName>O'Rourke</lastName>
        <bioguideId>O000170</bioguideId>
        <state>TX</state>
        <sponsorshipDate>2017-01-23</sponsorshipDate>
        <fullName>Rep. O'Rourke, Beto [D-TX-16]</fullName>
        <identifiers>
          <gpoId />
          <bioguideId>O000170</bioguideId>
          <lisID>2162</lisID>
        </identifiers>
        <middleName />
        <sponsorshipWithdrawnDate />
        <firstName>Beto</firstName>
        <isOriginalCosponsor>False</isOriginalCosponsor>
        <party>D</party>
        <district>16</district>
      </item>
      <item>
        <lastName>Gabbard</lastName>
        <bioguideId>G000571</bioguideId>
        <state>HI</state>
        <sponsorshipDate>2017-02-01</sponsorshipDate>
        <fullName>Rep. Gabbard, Tulsi [D-HI-2]</fullName>
        <identifiers>
          <lisID>2122</lisID>
          <gpoId />
          <bioguideId>G000571</bioguideId>
        </identifiers>
        <middleName />
        <sponsorshipWithdrawnDate />
        <firstName>Tulsi</firstName>
        <isOriginalCosponsor>False</isOriginalCosponsor>
        <party>D</party>
        <district>2</district>
      </item>
      <item>
        <lastName>Carter</lastName>
        <bioguideId>C001051</bioguideId>
        <state>TX</state>
        <sponsorshipDate>2017-02-01</sponsorshipDate>
        <fullName>Rep. Carter, John R. [R-TX-31]</fullName>
        <identifiers>
          <lisID>1752</lisID>
          <gpoId>8187</gpoId>
          <bioguideId>C001051</bioguideId>
        </identifiers>
        <middleName>R.</middleName>
        <sponsorshipWithdrawnDate />
        <firstName>John</firstName>
        <isOriginalCosponsor>False</isOriginalCosponsor>
        <party>R</party>
        <district>31</district>
      </item>
      <item>
        <lastName>Weber</lastName>
        <bioguideId>W000814</bioguideId>
        <state>TX</state>
        <sponsorshipDate>2017-02-02</sponsorshipDate>
        <fullName>Rep. Weber, Randy K., Sr. [R-TX-14]</fullName>
        <identifiers>
          <bioguideId>W000814</bioguideId>
          <gpoId />
          <lisID>2161</lisID>
        </identifiers>
        <middleName>K.</middleName>
        <sponsorshipWithdrawnDate />
        <firstName>Randy</firstName>
        <isOriginalCosponsor>False</isOriginalCosponsor>
        <party>R</party>
        <district>14</district>
      </item>
      <item>
        <lastName>Vela</lastName>
        <bioguideId>V000132</bioguideId>
        <state>TX</state>
        <sponsorshipDate>2017-02-07</sponsorshipDate>
        <fullName>Rep. Vela, Filemon [D-TX-34]</fullName>
        <identifiers>
          <bioguideId>V000132</bioguideId>
          <lisID>2167</lisID>
          <gpoId />
        </identifiers>
        <middleName />
        <sponsorshipWithdrawnDate />
        <firstName>Filemon</firstName>
        <isOriginalCosponsor>False</isOriginalCosponsor>
        <party>D</party>
        <district>34</district>
      </item>
      <item>
        <lastName>Flores</lastName>
        <bioguideId>F000461</bioguideId>
        <state>TX</state>
        <sponsorshipDate>2017-04-28</sponsorshipDate>
        <fullName>Rep. Flores, Bill [R-TX-17]</fullName>
        <identifiers>
          <bioguideId>F000461</bioguideId>
          <gpoId>8173</gpoId>
          <lisID>2065</lisID>
        </identifiers>
        <middleName />
        <sponsorshipWithdrawnDate />
        <firstName>Bill</firstName>
        <isOriginalCosponsor>False</isOriginalCosponsor>
        <party>R</party>
        <district>17</district>
      </item>
    </cosponsors>
    <actions>
      <actionByCounts>
        <houseOfRepresentatives>4</houseOfRepresentatives>
      </actionByCounts>
      <item>
        <actionDate>2017-01-19</actionDate>
        <committee>
          <systemCode>hsvr10</systemCode>
          <name>Economic Opportunity Subcommittee</name>
        </committee>
        <links />
        <sourceSystem>
          <code>1</code>
          <name>House committee actions</name>
        </sourceSystem>
        <text>Referred to the Subcommittee on Economic Opportunity.</text>
        <type>Committee</type>
      </item>
      <item>
        <text>Referred to the House Committee on Veterans' Affairs.</text>
        <links />
        <sourceSystem>
          <code>2</code>
          <name>House floor actions</name>
        </sourceSystem>
        <actionDate>2017-01-04</actionDate>
        <actionCode>H11100</actionCode>
        <committee>
          <systemCode>hsvr00</systemCode>
          <name>Veterans' Affairs Committee</name>
        </committee>
        <type>IntroReferral</type>
      </item>
      <item>
        <text>Introduced in House</text>
        <links />
        <sourceSystem>
          <code>9</code>
          <name>Library of Congress</name>
        </sourceSystem>
        <actionDate>2017-01-04</actionDate>
        <actionCode>Intro-H</actionCode>
        <committee />
        <type>IntroReferral</type>
      </item>
      <item>
        <text>Introduced in House</text>
        <links />
        <sourceSystem>
          <code>9</code>
          <name>Library of Congress</name>
        </sourceSystem>
        <actionDate>2017-01-04</actionDate>
        <actionCode>1000</actionCode>
        <committee />
        <type>IntroReferral</type>
      </item>
      <actionTypeCounts>
        <introducedInTheHouse>1</introducedInTheHouse>
        <placeholderTextForH>1</placeholderTextForH>
        <introducedInHouse>1</introducedInHouse>
        <billReferrals>1</billReferrals>
      </actionTypeCounts>
    </actions>
    <notes />
    <policyArea>
      <name>Armed Forces and National Security</name>
    </policyArea>
    <billNumber>245</billNumber>
    <createDate>2017-01-05T04:47:32Z</createDate>
    <originChamber>House</originChamber>
    <committees>
      <billCommittees>
        <item>
          <chamber>House</chamber>
          <type>Standing</type>
          <name>Veterans' Affairs Committee</name>
          <activities>
            <item>
              <date>2017-01-04T15:03:15Z</date>
              <name>Referred to</name>
            </item>
          </activities>
          <subcommittees>
            <item>
              <systemCode>hsvr10</systemCode>
              <name>Economic Opportunity Subcommittee</name>
              <activities>
                <item>
                  <date>2017-01-19T20:17:42Z</date>
                  <name>Referred to</name>
                </item>
              </activities>
            </item>
          </subcommittees>
          <systemCode>hsvr00</systemCode>
        </item>
      </billCommittees>
    </committees>
    <introducedDate>2017-01-04</introducedDate>
    <amendments />
    <sponsors>
      <item>
        <lastName>Cook</lastName>
        <bioguideId>C001094</bioguideId>
        <identifiers>
          <lisID>2103</lisID>
          <gpoId />
          <bioguideId>C001094</bioguideId>
        </identifiers>
        <party>R</party>
        <firstName>Paul</firstName>
        <fullName>Rep. Cook, Paul [R-CA-8]</fullName>
        <state>CA</state>
        <byRequestType />
        <middleName />
        <district>8</district>
      </item>
    </sponsors>
    <committeeReports />
    <cboCostEstimates />
    <titles>
      <item>
        <titleType>Short Titles as Introduced</titleType>
        <parentTitleType />
        <title>Veterans' Education Equity Act</title>
        <chamberName />
        <chamberCode />
      </item>
      <item>
        <titleType>Official Title as Introduced</titleType>
        <parentTitleType />
        <title>To amend title 38, United States Code, to provide for the calculation of the amount of the monthly housing stipend payable under the Post-9/11 Educational Assistance Program of the Department of Veterans Affairs based on the location of the campus where classes are attended.</title>
        <chamberName />
        <chamberCode />
      </item>
      <item>
        <titleType>Display Title</titleType>
        <parentTitleType />
        <title>Veterans' Education Equity Act</title>
        <chamberName />
        <chamberCode />
      </item>
      <item>
        <titleType>(Extracted from GPO) Short Titles as Introduced</titleType>
        <parentTitleType />
        <title>Veterans’ Education Equity Act</title>
        <chamberName />
        <chamberCode />
      </item>
    </titles>
    <title>Veterans' Education Equity Act</title>
    <laws />
    <relatedBills>
      <item>
        <latestAction>
          <actionDate>2017-08-16</actionDate>
          <text>Became Public Law No: 115-48.</text>
        </latestAction>
        <congress>115</congress>
        <number>3218</number>
        <type>HR</type>
        <latestTitle>Harry W. Colmery Veterans Educational Assistance Act of 2017</latestTitle>
        <relationshipDetails>
          <item>
            <identifiedBy>CRS</identifiedBy>
            <type>Related bill</type>
          </item>
        </relationshipDetails>
      </item>
    </relatedBills>
    <latestAction>
      <actionDate>2017-01-19</actionDate>
      <links />
      <text>Referred to the Subcommittee on Economic Opportunity.</text>
    </latestAction>
    <version>1.0.0</version>
    <updateDate>2018-03-30T13:58:44Z</updateDate>
  </bill>
  <dublinCore xmlns:dc="http://purl.org/dc/elements/1.1/">
    <dc:format>text/xml</dc:format>
    <dc:language>EN</dc:language>
    <dc:rights>Pursuant to Title 17 Section 105 of the United States Code, this file is not subject to copyright protection and is in the public domain.</dc:rights>
    <dc:contributor>Congressional Research Service, Library of Congress</dc:contributor>
    <dc:description>This file contains bill summaries and statuses for federal legislation. A bill summary describes the most significant provisions of a piece of legislation and details the effects the legislative text may have on current law and federal programs. Bill summaries are authored by the Congressional Research Service (CRS) of the Library of Congress. As stated in Public Law 91-510 (2 USC 166 (d)(6)), one of the duties of CRS is "to prepare summaries and digests of bills and resolutions of a public general nature introduced in the Senate or House of Representatives". For more information, refer to the User Guide that accompanies this file.</dc:description>
  </dublinCore>
</billStatus>

