<?xml version="1.0" encoding="UTF-8"?>
<billStatus>
  <bill>
    <introducedDate>2017-01-05</introducedDate>
    <billType>HR</billType>
    <summaries>
      <billSummaries>
        <item>
          <actionDesc>Introduced in House</actionDesc>
          <versionCode>00</versionCode>
          <lastSummaryUpdateDate>2018-03-29T15:59:14Z</lastSummaryUpdateDate>
          <name>Introduced in House</name>
          <updateDate>2017-01-05T05:00:00Z</updateDate>
          <actionDate>2017-01-05</actionDate>
          <text><![CDATA[<p><strong>Northern Mariana Islands Economic Expansion Act</strong></p> <p>This bill: (1) requires the Department of Homeland Security to increase the supplemental education fee charged to a prospective employer in the Commonwealth of the Northern Mariana Islands (CNMI) for each CNMI-Only Transitional Worker who is issued a permit during the transition period to U.S. immigration law, (2) allows such a permit for construction occupations to be issued only to extend a permit first issued before October 1, 2015, and (3) caps the number of permits issued for such nonimmigrant workers for FY2017 at 15,000.</p>]]></text>
        </item>
        <item>
          <actionDesc>Passed House without amendment</actionDesc>
          <versionCode>81</versionCode>
          <lastSummaryUpdateDate>2018-03-29T15:39:05Z</lastSummaryUpdateDate>
          <name>Passed House without amendment</name>
          <updateDate>2017-01-30T14:24:51Z</updateDate>
          <actionDate>2017-01-30</actionDate>
          <text><![CDATA[<p>(This measure has not been amended since it was introduced. The summary of that version is repeated here.)</p> <p><strong>Northern Mariana Islands Economic Expansion Act</strong></p> <p>This bill: (1) requires the Department of Homeland Security to increase the supplemental education fee charged to a prospective employer in the Commonwealth of the Northern Mariana Islands (CNMI) for each CNMI-Only Transitional Worker who is issued a permit during the transition period to U.S. immigration law, (2) allows such a permit for construction occupations to be issued only to extend a permit first issued before October 1, 2015, and (3) caps the number of permits issued for such nonimmigrant workers for FY2017 at 15,000.</p>]]></text>
        </item>
      </billSummaries>
    </summaries>
    <cboCostEstimates />
    <policyArea>
      <name>Immigration</name>
    </policyArea>
    <calendarNumbers />
    <relatedBills />
    <originChamber>House</originChamber>
    <amendments>
      <amendment>
        <type>SAMDT</type>
        <latestAction>
          <actionDate>2017-08-01</actionDate>
          <text>Amendment SA 744 agreed to in Senate by Unanimous Consent.</text>
        </latestAction>
        <purpose>To permit the extension of 350 nonimmigrant permits for workers in the Commonwealth of the Northern Mariana Islands.</purpose>
        <number>744</number>
        <description />
        <congress>115</congress>
        <description />
        <proposedDate>2017-08-01T04:00:00Z</proposedDate>
        <createDate>2017-08-02T04:36:33Z</createDate>
        <number>744</number>
        <type>SAMDT</type>
        <links />
        <notes />
        <cosponsors>
          <item>
            <lastName>CANTWELL</lastName>
            <middleName />
            <bioguideId>C000127</bioguideId>
            <firstName>MARIA</firstName>
            <state>WA</state>
            <sponsorshipDate>2017-08-01</sponsorshipDate>
            <fullName>Sen. Cantwell, Maria [D-WA]</fullName>
            <party>D</party>
            <isOriginalCosponsor>True</isOriginalCosponsor>
            <sponsorshipWithdrawnDate />
            <identifiers>
              <lisID>172</lisID>
              <gpoId>8288</gpoId>
              <bioguideId>C000127</bioguideId>
            </identifiers>
          </item>
          <currentCount>1</currentCount>
          <totalCount>1</totalCount>
        </cosponsors>
        <updateDate>2018-03-30T13:57:55Z</updateDate>
        <amendments>
          <count>0</count>
        </amendments>
        <purpose>To permit the extension of 350 nonimmigrant permits for workers in the Commonwealth of the Northern Mariana Islands.</purpose>
        <actions>
          <actionByCounts>
            <senate>5</senate>
          </actionByCounts>
          <actions>
            <item>
              <actionDate>2017-08-01</actionDate>
              <committee />
              <links>
                <link>
                  <url>https://www.congress.gov/amendment/115th-congress/senate-amendment/744</url>
                  <name>S.Amdt.744</name>
                </link>
                <link>
                  <url>https://www.congress.gov/amendment/115th-congress/senate-amendment/744</url>
                  <name>SA 744</name>
                </link>
              </links>
              <sourceSystem>
                <code>0</code>
                <name>Senate</name>
              </sourceSystem>
              <text>Amendment SA 744 agreed to in Senate by Unanimous Consent.</text>
              <type>Floor</type>
            </item>
            <item>
              <actionDate>2017-08-01</actionDate>
              <committee />
              <links>
                <link>
                  <url>https://www.congress.gov/amendment/115th-congress/senate-amendment/744</url>
                  <name>S.Amdt.744</name>
                </link>
                <link>
                  <url>https://www.congress.gov/congressional-record/volume-163/senate-section/page/S4686</url>
                  <name>S4686</name>
                </link>
                <link>
                  <url>https://www.congress.gov/amendment/115th-congress/senate-amendment/744</url>
                  <name>SA 744</name>
                </link>
              </links>
              <sourceSystem>
                <code>0</code>
                <name>Senate</name>
              </sourceSystem>
              <text>Amendment SA 744 proposed by Senator Portman for Senator Murkowski. (consideration: CR S4686; text: CR S4686) To permit the extension of 350 nonimmigrant permits for workers in the Commonwealth of the Northern Mariana Islands.</text>
              <type>Floor</type>
            </item>
            <item>
              <actionDate>2017-08-01</actionDate>
              <committee />
              <links />
              <text />
            </item>
            <item>
              <text>Senate amendment proposed (on the floor): Amendment SA 744 proposed by Senator Portman for Senator Murkowski.(consideration: CR S4686; text: CR S4686)</text>
              <links>
                <link>
                  <url>https://www.congress.gov/amendment/115th-congress/senate-amendment/744</url>
                  <name>S.Amdt.744</name>
                </link>
                <link>
                  <url>https://www.congress.gov/congressional-record/volume-163/senate-section/page/S4686</url>
                  <name>S4686</name>
                </link>
                <link>
                  <url>https://www.congress.gov/amendment/115th-congress/senate-amendment/744</url>
                  <name>SA 744</name>
                </link>
              </links>
              <sourceSystem>
                <code>9</code>
                <name>Library of Congress</name>
              </sourceSystem>
              <actionDate>2017-08-01</actionDate>
              <actionCode>93000</actionCode>
              <committee />
              <type>Floor</type>
            </item>
            <item>
              <text>Senate amendment agreed to: Amendment SA 744 agreed to in Senate by Unanimous Consent.</text>
              <links>
                <link>
                  <url>https://www.congress.gov/amendment/115th-congress/senate-amendment/744</url>
                  <name>S.Amdt.744</name>
                </link>
                <link>
                  <url>https://www.congress.gov/amendment/115th-congress/senate-amendment/744</url>
                  <name>SA 744</name>
                </link>
              </links>
              <sourceSystem>
                <code>9</code>
                <name>Library of Congress</name>
              </sourceSystem>
              <actionDate>2017-08-01</actionDate>
              <actionCode>94000</actionCode>
              <committee />
              <type>Floor</type>
            </item>
            <item>
              <text>Senate amendment submitted</text>
              <links />
              <sourceSystem>
                <code>9</code>
                <name>Library of Congress</name>
              </sourceSystem>
              <actionDate>2017-08-01</actionDate>
              <actionCode>91000</actionCode>
              <committee />
              <type>Floor</type>
            </item>
          </actions>
          <actionTypeCounts>
            <senateAmendmentAgreedTo>1</senateAmendmentAgreedTo>
            <amendmentProposed>1</amendmentProposed>
            <senateAmendmentProposedOnTheFloor>1</senateAmendmentProposedOnTheFloor>
            <amendmentAgreedTo>1</amendmentAgreedTo>
            <senateAmendmentSubmitted>1</senateAmendmentSubmitted>
          </actionTypeCounts>
          <count>6</count>
        </actions>
        <sponsors>
          <item>
            <firstName>Lisa</firstName>
            <fullName>Sen. Murkowski, Lisa [R-AK]</fullName>
            <bioguideId>M001153</bioguideId>
            <identifiers>
              <bioguideId>M001153</bioguideId>
              <lisID>1694</lisID>
              <gpoId>8234</gpoId>
            </identifiers>
            <party>R</party>
            <state>AK</state>
            <middleName />
            <lastName>Murkowski</lastName>
          </item>
        </sponsors>
        <titles />
        <amendedBill>
          <originChamber>House</originChamber>
          <number>339</number>
          <type>HR</type>
          <title>Northern Mariana Islands Economic Expansion Act</title>
          <originChamberCode>H</originChamberCode>
          <congress>115</congress>
        </amendedBill>
        <chamber>Senate</chamber>
        <version>1.0.0</version>
        <submittedDate>2017-08-01T04:00:00Z</submittedDate>
        <congress>115</congress>
        <amendedAmendment />
      </amendment>
    </amendments>
    <titles>
      <item>
        <chamberName />
        <title>Northern Mariana Islands Economic Expansion Act</title>
        <chamberCode />
        <titleType>Short Titles as Enacted</titleType>
        <parentTitleType>Short Title</parentTitleType>
      </item>
      <item>
        <chamberName>Senate</chamberName>
        <title>Northern Mariana Islands Economic Expansion Act</title>
        <chamberCode>S</chamberCode>
        <titleType>Short Titles as Passed Senate</titleType>
        <parentTitleType>Short Titles Senate</parentTitleType>
      </item>
      <item>
        <chamberName>House</chamberName>
        <title>Northern Mariana Islands Economic Expansion Act</title>
        <chamberCode>H</chamberCode>
        <titleType>Short Titles as Passed House</titleType>
        <parentTitleType>Short Titles House of Representatives</parentTitleType>
      </item>
      <item>
        <chamberName />
        <title>Northern Mariana Islands Economic Expansion Act</title>
        <chamberCode />
        <titleType>Short Titles as Introduced</titleType>
        <parentTitleType />
      </item>
      <item>
        <chamberName />
        <title>To amend Public Law 94-241 with respect to the Northern Mariana Islands.</title>
        <chamberCode />
        <titleType>Official Title as Introduced</titleType>
        <parentTitleType />
      </item>
      <item>
        <chamberName />
        <title>Northern Mariana Islands Economic Expansion Act</title>
        <chamberCode />
        <titleType>Display Title</titleType>
        <parentTitleType />
      </item>
      <item>
        <chamberName>House</chamberName>
        <title>Northern Mariana Islands Economic Expansion Act</title>
        <chamberCode>H</chamberCode>
        <titleType>(Extracted from GPO) Short Titles as Passed House</titleType>
        <parentTitleType />
      </item>
      <item>
        <chamberName />
        <title>Northern Mariana Islands Economic Expansion Act</title>
        <chamberCode />
        <titleType>(Extracted from GPO) Short Titles as Introduced</titleType>
        <parentTitleType />
      </item>
    </titles>
    <createDate>2017-01-06T04:57:26Z</createDate>
    <constitutionalAuthorityStatementText><![CDATA[<pre>From the Congressional Record Online through the Government Publishing Office [<a href='http://www.gpo.gov'>www.gpo.gov</a>]By Mr. SABLAN:H.R. 339.Congress has the power to enact this legislation pursuantto the following:Pursuant to clause 7 of Rule XII of the Rules of the Houseof Representatives, the following statement ins submittedregarding the specific powers granted to Congress in theConstitution to enact the accompanying bill or jointresolution.Congress has the power to enact this legislation pursuantto the following: Under Article I, Section 8, Clauses 1, 3and 4 and Article IV, Section 3, Clause 2 of the Constitutionof the United States.[Page H183]</pre>]]></constitutionalAuthorityStatementText>
    <actions>
      <item>
        <committee />
        <text>Became Public Law No: 115-53.</text>
        <sourceSystem>
          <code>2</code>
          <name>House floor actions</name>
        </sourceSystem>
        <actionDate>2017-08-22</actionDate>
        <actionCode>E40000</actionCode>
        <links>
          <link>
            <url>https://www.congress.gov/bill/115th-congress/house-bill/339/text/pl</url>
            <name>Public Law No: 115-53</name>
          </link>
        </links>
        <type>President</type>
      </item>
      <item>
        <committee />
        <text>Became Public Law No: 115-53.</text>
        <sourceSystem>
          <code>9</code>
          <name>Library of Congress</name>
        </sourceSystem>
        <actionDate>2017-08-22</actionDate>
        <actionCode>36000</actionCode>
        <links>
          <link>
            <url>https://www.congress.gov/bill/115th-congress/house-bill/339/text/pl</url>
            <name>Public Law No: 115-53</name>
          </link>
        </links>
        <type>BecameLaw</type>
      </item>
      <item>
        <committee />
        <text>Signed by President.</text>
        <sourceSystem>
          <code>2</code>
          <name>House floor actions</name>
        </sourceSystem>
        <actionDate>2017-08-22</actionDate>
        <actionCode>E30000</actionCode>
        <links />
        <type>President</type>
      </item>
      <item>
        <committee />
        <text>Signed by President.</text>
        <sourceSystem>
          <code>9</code>
          <name>Library of Congress</name>
        </sourceSystem>
        <actionDate>2017-08-22</actionDate>
        <actionCode>36000</actionCode>
        <links />
        <type>BecameLaw</type>
      </item>
      <item>
        <committee />
        <text>Presented to President.</text>
        <sourceSystem>
          <code>2</code>
          <name>House floor actions</name>
        </sourceSystem>
        <actionDate>2017-08-11</actionDate>
        <actionCode>E20000</actionCode>
        <links />
        <type>Floor</type>
      </item>
      <item>
        <committee />
        <text>Presented to President.</text>
        <sourceSystem>
          <code>9</code>
          <name>Library of Congress</name>
        </sourceSystem>
        <actionDate>2017-08-11</actionDate>
        <actionCode>28000</actionCode>
        <links />
        <type>President</type>
      </item>
      <item>
        <committee />
        <text>Motion to reconsider laid on the table Agreed to without objection.</text>
        <actionTime>09:05:22</actionTime>
        <actionDate>2017-08-11</actionDate>
        <actionCode>H41931</actionCode>
        <links />
        <type>ResolvingDifferences</type>
        <sourceSystem>
          <code>2</code>
          <name>House floor actions</name>
        </sourceSystem>
      </item>
      <item>
        <committee />
        <text>On motion that the House agree to the Senate amendment Agreed to without objection. (consideration: CR H6601; text as House agreed to Senate amendment: CR H6601)</text>
        <actionTime>09:05:21</actionTime>
        <actionDate>2017-08-11</actionDate>
        <actionCode>H41610</actionCode>
        <links>
          <link>
            <url>https://www.congress.gov/congressional-record/volume-163/house-section/page/H6601</url>
            <name>H6601</name>
          </link>
        </links>
        <type>ResolvingDifferences</type>
        <sourceSystem>
          <code>2</code>
          <name>House floor actions</name>
        </sourceSystem>
      </item>
      <item>
        <committee />
        <text>Resolving differences -- House actions: On motion that the House agree to the Senate amendment Agreed to without objection.</text>
        <sourceSystem>
          <code>9</code>
          <name>Library of Congress</name>
        </sourceSystem>
        <actionDate>2017-08-11</actionDate>
        <actionCode>19500</actionCode>
        <links />
        <type>NotUsed</type>
      </item>
      <item>
        <committee />
        <text>Mrs. Comstock asked unanimous consent to take from the Speaker's Table and agree to the Senate amendment.</text>
        <actionTime>09:04:58</actionTime>
        <actionDate>2017-08-11</actionDate>
        <actionCode>H40110</actionCode>
        <links />
        <type>ResolvingDifferences</type>
        <sourceSystem>
          <code>2</code>
          <name>House floor actions</name>
        </sourceSystem>
      </item>
      <item>
        <actionDate>2017-08-02</actionDate>
        <committee />
        <links />
        <sourceSystem>
          <code>0</code>
          <name>Senate</name>
        </sourceSystem>
        <text>Message on Senate action sent to the House.</text>
        <type>Floor</type>
      </item>
      <item>
        <actionDate>2017-08-01</actionDate>
        <committee />
        <links />
        <sourceSystem>
          <code>0</code>
          <name>Senate</name>
        </sourceSystem>
        <text>Passed Senate with an amendment by Unanimous Consent.</text>
        <type>Floor</type>
      </item>
      <item>
        <committee />
        <text>Passed/agreed to in Senate: Passed Senate with an amendment by Unanimous Consent.</text>
        <sourceSystem>
          <code>9</code>
          <name>Library of Congress</name>
        </sourceSystem>
        <actionDate>2017-08-01</actionDate>
        <actionCode>17000</actionCode>
        <links />
        <type>Floor</type>
      </item>
      <item>
        <actionDate>2017-08-01</actionDate>
        <committee />
        <links>
          <link>
            <url>https://www.congress.gov/congressional-record/volume-163/senate-section/page/S4686-4687</url>
            <name>S4686-4687</name>
          </link>
        </links>
        <sourceSystem>
          <code>0</code>
          <name>Senate</name>
        </sourceSystem>
        <text>Measure laid before Senate by unanimous consent. (consideration: CR S4686-4687)</text>
        <type>Floor</type>
      </item>
      <item>
        <actionDate>2017-08-01</actionDate>
        <committee>
          <systemCode>sseg00</systemCode>
          <name>Energy and Natural Resources Committee</name>
        </committee>
        <links />
        <sourceSystem>
          <code>0</code>
          <name>Senate</name>
        </sourceSystem>
        <text>Senate Committee on Energy and Natural Resources discharged by Unanimous Consent.</text>
        <type>Discharge</type>
      </item>
      <item>
        <committee>
          <systemCode>sseg00</systemCode>
          <name>Energy and Natural Resources Committee</name>
        </committee>
        <text>Senate Committee on Energy and Natural Resources discharged by Unanimous Consent.</text>
        <sourceSystem>
          <code>9</code>
          <name>Library of Congress</name>
        </sourceSystem>
        <actionDate>2017-08-01</actionDate>
        <actionCode>14500</actionCode>
        <links />
        <type>Committee</type>
      </item>
      <item>
        <actionDate>2017-04-27</actionDate>
        <committee>
          <systemCode>sseg00</systemCode>
          <name>Energy and Natural Resources Committee</name>
        </committee>
        <links />
        <sourceSystem>
          <code>0</code>
          <name>Senate</name>
        </sourceSystem>
        <text>Committee on Energy and Natural Resources. Hearings held.</text>
        <type>Committee</type>
      </item>
      <item>
        <actionDate>2017-02-01</actionDate>
        <committee>
          <systemCode>sseg00</systemCode>
          <name>Energy and Natural Resources Committee</name>
        </committee>
        <links />
        <sourceSystem>
          <code>0</code>
          <name>Senate</name>
        </sourceSystem>
        <text>Read twice and referred to the Committee on Energy and Natural Resources.</text>
        <type>IntroReferral</type>
      </item>
      <item>
        <actionDate>2017-01-31</actionDate>
        <committee />
        <links />
        <sourceSystem>
          <code>0</code>
          <name>Senate</name>
        </sourceSystem>
        <text>Received in the Senate.</text>
        <type>IntroReferral</type>
      </item>
      <item>
        <committee />
        <text>Motion to reconsider laid on the table Agreed to without objection.</text>
        <actionTime>16:43:52</actionTime>
        <actionDate>2017-01-30</actionDate>
        <actionCode>H38310</actionCode>
        <links />
        <type>Floor</type>
        <sourceSystem>
          <code>2</code>
          <name>House floor actions</name>
        </sourceSystem>
      </item>
      <item>
        <committee />
        <text>On motion to suspend the rules and pass the bill Agreed to by voice vote. (text: CR H710)</text>
        <actionTime>16:43:50</actionTime>
        <actionDate>2017-01-30</actionDate>
        <actionCode>H37300</actionCode>
        <links>
          <link>
            <url>https://www.congress.gov/congressional-record/volume-163/house-section/page/H710</url>
            <name>H710</name>
          </link>
        </links>
        <type>Floor</type>
        <sourceSystem>
          <code>2</code>
          <name>House floor actions</name>
        </sourceSystem>
      </item>
      <item>
        <committee />
        <text>Passed/agreed to in House: On motion to suspend the rules and pass the bill Agreed to by voice vote.(text: CR H710)</text>
        <actionTime>16:43:50</actionTime>
        <actionDate>2017-01-30</actionDate>
        <actionCode>8000</actionCode>
        <links>
          <link>
            <url>https://www.congress.gov/congressional-record/volume-163/house-section/page/H710</url>
            <name>H710</name>
          </link>
        </links>
        <type>Floor</type>
        <sourceSystem>
          <code>9</code>
          <name>Library of Congress</name>
        </sourceSystem>
      </item>
      <item>
        <committee />
        <text>DEBATE - The House proceeded with forty minutes of debate on H.R. 339.</text>
        <actionTime>16:38:55</actionTime>
        <actionDate>2017-01-30</actionDate>
        <actionCode>H8D000</actionCode>
        <links>
          <link>
            <url>https://www.congress.gov/bill/115th-congress/house-bill/339</url>
            <name>H.R. 339</name>
          </link>
        </links>
        <type>Floor</type>
        <sourceSystem>
          <code>2</code>
          <name>House floor actions</name>
        </sourceSystem>
      </item>
      <item>
        <committee />
        <text>Considered under suspension of the rules. (consideration: CR H710-712)</text>
        <actionTime>16:38:53</actionTime>
        <actionDate>2017-01-30</actionDate>
        <actionCode>H30000</actionCode>
        <links>
          <link>
            <url>https://www.congress.gov/congressional-record/volume-163/house-section/page/H710-712</url>
            <name>H710-712</name>
          </link>
        </links>
        <type>Floor</type>
        <sourceSystem>
          <code>2</code>
          <name>House floor actions</name>
        </sourceSystem>
      </item>
      <item>
        <committee />
        <text>Mr. McClintock moved to suspend the rules and pass the bill.</text>
        <actionTime>16:38:39</actionTime>
        <actionDate>2017-01-30</actionDate>
        <actionCode>H30300</actionCode>
        <links />
        <type>Floor</type>
        <sourceSystem>
          <code>2</code>
          <name>House floor actions</name>
        </sourceSystem>
      </item>
      <item>
        <actionDate>2017-01-10</actionDate>
        <committee>
          <systemCode>hsju01</systemCode>
          <name>Immigration and Border Security Subcommittee</name>
        </committee>
        <links />
        <sourceSystem>
          <code>1</code>
          <name>House committee actions</name>
        </sourceSystem>
        <text>Referred to the Subcommittee on Immigration and Border Security.</text>
        <type>Committee</type>
      </item>
      <item>
        <committee>
          <systemCode>hsju00</systemCode>
          <name>Judiciary Committee</name>
        </committee>
        <text>Referred to the Committee on Natural Resources, and in addition to the Committee on the Judiciary, for a period to be subsequently determined by the Speaker, in each case for consideration of such provisions as fall within the jurisdiction of the committee concerned.</text>
        <sourceSystem>
          <code>2</code>
          <name>House floor actions</name>
        </sourceSystem>
        <actionDate>2017-01-05</actionDate>
        <actionCode>H11100</actionCode>
        <links />
        <type>IntroReferral</type>
      </item>
      <item>
        <committee>
          <systemCode>hsii00</systemCode>
          <name>Natural Resources Committee</name>
        </committee>
        <text>Referred to the Committee on Natural Resources, and in addition to the Committee on the Judiciary, for a period to be subsequently determined by the Speaker, in each case for consideration of such provisions as fall within the jurisdiction of the committee concerned.</text>
        <sourceSystem>
          <code>2</code>
          <name>House floor actions</name>
        </sourceSystem>
        <actionDate>2017-01-05</actionDate>
        <actionCode>H11100</actionCode>
        <links />
        <type>IntroReferral</type>
      </item>
      <item>
        <committee />
        <text>Introduced in House</text>
        <sourceSystem>
          <code>9</code>
          <name>Library of Congress</name>
        </sourceSystem>
        <actionDate>2017-01-05</actionDate>
        <actionCode>Intro-H</actionCode>
        <links />
        <type>IntroReferral</type>
      </item>
      <item>
        <committee />
        <text>Introduced in House</text>
        <sourceSystem>
          <code>9</code>
          <name>Library of Congress</name>
        </sourceSystem>
        <actionDate>2017-01-05</actionDate>
        <actionCode>1000</actionCode>
        <links />
        <type>IntroReferral</type>
      </item>
      <actionByCounts>
        <houseOfRepresentatives>15</houseOfRepresentatives>
        <senate>9</senate>
      </actionByCounts>
      <actionTypeCounts>
        <introducedInHouse>1</introducedInHouse>
        <passedSenate>1</passedSenate>
        <lastSenateActionBeingConsideredByUnanimousConsent>1</lastSenateActionBeingConsideredByUnanimousConsent>
        <voteOnHouseAgreeingToTheSenateAction>1</voteOnHouseAgreeingToTheSenateAction>
        <committeeDischarged>1</committeeDischarged>
        <measureLaidBeforeSenate>1</measureLaidBeforeSenate>
        <introducedInSenate>1</introducedInSenate>
        <passedAgreedToInHouse>1</passedAgreedToInHouse>
        <motionMadeToSuspendTheRules>1</motionMadeToSuspendTheRules>
        <referredToCommittee>1</referredToCommittee>
        <hearingsHeld>1</hearingsHeld>
        <generalDebate>1</generalDebate>
        <motionToReconsiderResults>2</motionToReconsiderResults>
        <senateCommitteeDischarged>1</senateCommitteeDischarged>
        <considerationByHouse>1</considerationByHouse>
        <becamePublicLaw>2</becamePublicLaw>
        <finalPassageUnderSuspensionOfTheRulesResults>1</finalPassageUnderSuspensionOfTheRulesResults>
        <passedAgreedToInSenate>1</passedAgreedToInSenate>
        <presentedToPresident>1</presentedToPresident>
        <billReferrals>2</billReferrals>
        <resolvingDifferencesHouseActions>1</resolvingDifferencesHouseActions>
        <placeholderTextForH>1</placeholderTextForH>
        <placeholderTextForE>3</placeholderTextForE>
        <sentToHouse>1</sentToHouse>
        <introducedInTheHouse>1</introducedInTheHouse>
      </actionTypeCounts>
    </actions>
    <laws>
      <item>
        <type>Public Law</type>
        <number>115-53</number>
      </item>
    </laws>
    <version>1.0.0</version>
    <cosponsors />
    <billNumber>339</billNumber>
    <committeeReports />
    <notes />
    <latestAction>
      <actionDate>2017-08-22</actionDate>
      <text>Became Public Law No: 115-53.</text>
      <links>
        <link>
          <name>Public Law No: 115-53</name>
          <url>https://www.congress.gov/bill/115th-congress/house-bill/339/text/pl</url>
        </link>
      </links>
    </latestAction>
    <committees>
      <billCommittees>
        <item>
          <activities>
            <item>
              <date>2017-08-01T23:43:31Z</date>
              <name>Discharged from</name>
            </item>
            <item>
              <date>2017-04-27T14:00:00Z</date>
              <name>Hearings by</name>
            </item>
            <item>
              <date>2017-02-01T23:35:34Z</date>
              <name>Referred to</name>
            </item>
          </activities>
          <systemCode>sseg00</systemCode>
          <chamber>Senate</chamber>
          <type>Standing</type>
          <name>Energy and Natural Resources Committee</name>
          <subcommittees />
        </item>
        <item>
          <activities>
            <item>
              <date>2017-01-05T15:06:05Z</date>
              <name>Referred to</name>
            </item>
          </activities>
          <systemCode>hsju00</systemCode>
          <chamber>House</chamber>
          <type>Standing</type>
          <name>Judiciary Committee</name>
          <subcommittees>
            <item>
              <activities>
                <item>
                  <date>2017-01-10T22:22:43Z</date>
                  <name>Referred to</name>
                </item>
              </activities>
              <systemCode>hsju01</systemCode>
              <name>Immigration and Border Security Subcommittee</name>
            </item>
          </subcommittees>
        </item>
        <item>
          <activities>
            <item>
              <date>2017-01-05T15:06:00Z</date>
              <name>Referred to</name>
            </item>
          </activities>
          <systemCode>hsii00</systemCode>
          <chamber>House</chamber>
          <type>Standing</type>
          <name>Natural Resources Committee</name>
          <subcommittees />
        </item>
      </billCommittees>
    </committees>
    <updateDate>2018-03-30T13:59:08Z</updateDate>
    <title>Northern Mariana Islands Economic Expansion Act</title>
    <sponsors>
      <item>
        <fullName>Rep. Sablan, Gregorio Kilili Camacho [D-MP-At Large]</fullName>
        <state>MP</state>
        <lastName>Sablan</lastName>
        <bioguideId>S001177</bioguideId>
        <district>0</district>
        <middleName>Kilili Camacho</middleName>
        <byRequestType />
        <party>D</party>
        <identifiers>
          <lisID>1962</lisID>
          <gpoId>8018</gpoId>
          <bioguideId>S001177</bioguideId>
        </identifiers>
        <firstName>Gregorio</firstName>
      </item>
    </sponsors>
    <congress>115</congress>
    <recordedVotes />
    <subjects>
      <billSubjects>
        <policyArea>
          <name>Immigration</name>
        </policyArea>
        <legislativeSubjects>
          <item>
            <name>Building construction</name>
          </item>
          <item>
            <name>Foreign labor</name>
          </item>
          <item>
            <name>Immigration status and procedures</name>
          </item>
          <item>
            <name>Licensing and registrations</name>
          </item>
          <item>
            <name>Northern Mariana Islands</name>
          </item>
          <item>
            <name>User charges and fees</name>
          </item>
        </legislativeSubjects>
      </billSubjects>
    </subjects>
  </bill>
  <dublinCore xmlns:dc="http://purl.org/dc/elements/1.1/">
    <dc:format>text/xml</dc:format>
    <dc:language>EN</dc:language>
    <dc:rights>Pursuant to Title 17 Section 105 of the United States Code, this file is not subject to copyright protection and is in the public domain.</dc:rights>
    <dc:contributor>Congressional Research Service, Library of Congress</dc:contributor>
    <dc:description>This file contains bill summaries and statuses for federal legislation. A bill summary describes the most significant provisions of a piece of legislation and details the effects the legislative text may have on current law and federal programs. Bill summaries are authored by the Congressional Research Service (CRS) of the Library of Congress. As stated in Public Law 91-510 (2 USC 166 (d)(6)), one of the duties of CRS is "to prepare summaries and digests of bills and resolutions of a public general nature introduced in the Senate or House of Representatives". For more information, refer to the User Guide that accompanies this file.</dc:description>
  </dublinCore>
</billStatus>

