<?xml version="1.0" encoding="UTF-8"?>
<billStatus>
  <bill>
    <relatedBills>
      <item>
        <latestTitle>A bill to block implementation of the Executive order that restricts individuals from certain countries from entering the United States.</latestTitle>
        <latestAction>
          <actionDate>2017-01-30</actionDate>
          <text>Read twice and referred to the Committee on the Judiciary.</text>
        </latestAction>
        <number>248</number>
        <type>S</type>
        <congress>115</congress>
        <relationshipDetails>
          <item>
            <identifiedBy>CRS</identifiedBy>
            <type>Related bill</type>
          </item>
        </relationshipDetails>
      </item>
      <item>
        <latestTitle>Freedom for Refugees Escaping Enmity (FREE) Act</latestTitle>
        <latestAction>
          <actionDate>2017-03-06</actionDate>
          <text>Referred to the Subcommittee on Immigration and Border Security.</text>
        </latestAction>
        <number>1075</number>
        <type>HR</type>
        <congress>115</congress>
        <relationshipDetails>
          <item>
            <identifiedBy>CRS</identifiedBy>
            <type>Related bill</type>
          </item>
        </relationshipDetails>
      </item>
      <item>
        <latestTitle>No Funds for Unconstitutional Executive Orders Act</latestTitle>
        <latestAction>
          <actionDate>2017-02-14</actionDate>
          <text>Referred to the Subcommittee on Immigration and Border Security.</text>
        </latestAction>
        <number>722</number>
        <type>HR</type>
        <congress>115</congress>
        <relationshipDetails>
          <item>
            <identifiedBy>CRS</identifiedBy>
            <type>Related bill</type>
          </item>
        </relationshipDetails>
      </item>
      <item>
        <latestTitle>SOLVE Act of 2017</latestTitle>
        <latestAction>
          <actionDate>2017-03-02</actionDate>
          <text>Referred to the Subcommittee on Immigration and Border Security.</text>
        </latestAction>
        <number>724</number>
        <type>HR</type>
        <congress>115</congress>
        <relationshipDetails>
          <item>
            <identifiedBy>CRS</identifiedBy>
            <type>Related bill</type>
          </item>
        </relationshipDetails>
      </item>
    </relatedBills>
    <committeeReports />
    <recordedVotes />
    <subjects>
      <billSubjects>
        <legislativeSubjects>
          <item>
            <name>Administrative law and regulatory procedures</name>
          </item>
          <item>
            <name>Africa</name>
          </item>
          <item>
            <name>Appropriations</name>
          </item>
          <item>
            <name>Citizenship and naturalization</name>
          </item>
          <item>
            <name>Department of Homeland Security</name>
          </item>
          <item>
            <name>Due process and equal protection</name>
          </item>
          <item>
            <name>Human rights</name>
          </item>
          <item>
            <name>Immigration status and procedures</name>
          </item>
          <item>
            <name>Iran</name>
          </item>
          <item>
            <name>Iraq</name>
          </item>
          <item>
            <name>Libya</name>
          </item>
          <item>
            <name>Middle East</name>
          </item>
          <item>
            <name>Presidents and presidential powers, Vice Presidents</name>
          </item>
          <item>
            <name>Racial and ethnic relations</name>
          </item>
          <item>
            <name>Refugees, asylum, displaced persons</name>
          </item>
          <item>
            <name>Religion</name>
          </item>
          <item>
            <name>Sex, gender, sexual orientation discrimination</name>
          </item>
          <item>
            <name>Somalia</name>
          </item>
          <item>
            <name>Sudan</name>
          </item>
          <item>
            <name>Syria</name>
          </item>
          <item>
            <name>Travel and tourism</name>
          </item>
          <item>
            <name>Visas and passports</name>
          </item>
          <item>
            <name>Yemen</name>
          </item>
        </legislativeSubjects>
        <policyArea>
          <name>Government Operations and Politics</name>
        </policyArea>
      </billSubjects>
    </subjects>
    <introducedDate>2017-01-30</introducedDate>
    <summaries>
      <billSummaries>
        <item>
          <text><![CDATA[<p><strong>Universal Security of American Values Act of 2017 or the USA Values Act of 2017</strong></p> <p>This bill prohibits enforcement of any executive order that would be in direct violation of an existing executive order, public law, or fully executed regulatory agency process as it relates to: </p> <ul> <li>Fourth Amendment due process; </li> <li>Fourteenth Amendment protections of citizenship rights; </li> <li>the Immigration and Nationality Act; </li> <li> laws intended to protect the civil liberties, civil rights, or human rights of persons lawfully admitted into the United States or natural born or naturalized U.S. citizens; or </li> <li>the impact on individuals based upon race, religion, ethnicity, place of birth or residence, gender, sexual orientation and identity, age, or statuses that pose no undue health threat to the general population. </li> </ul> <p>No amounts made available to any federal agency may be used to implement or enforce any of the policy changes set forth in Executive Order 13769, entitled &quot;Protecting the Nation from Foreign Terrorist Entry into the United States.&quot; Among the order's major provisions are restrictions on the entry of immigrants and nonimmigrants from seven countries (Iran, Iraq, Libya, Somalia, Sudan, Syria, and Yemen) and additional limitations on refugee admissions to the United States.</p>]]></text>
          <actionDesc>Introduced in House</actionDesc>
          <actionDate>2017-01-30</actionDate>
          <updateDate>2017-01-30T05:00:00Z</updateDate>
          <lastSummaryUpdateDate>2017-02-09T14:58:27Z</lastSummaryUpdateDate>
          <versionCode>00</versionCode>
          <name>Introduced in House</name>
        </item>
      </billSummaries>
    </summaries>
    <sponsors>
      <item>
        <state>TX</state>
        <lastName>JACKSON LEE</lastName>
        <byRequestType />
        <middleName />
        <fullName>Rep. Jackson Lee, Sheila [D-TX-18]</fullName>
        <district>18</district>
        <party>D</party>
        <firstName>SHEILA</firstName>
        <identifiers>
          <gpoId>8174</gpoId>
          <lisID>588</lisID>
          <bioguideId>J000032</bioguideId>
        </identifiers>
        <bioguideId>J000032</bioguideId>
      </item>
    </sponsors>
    <constitutionalAuthorityStatementText><![CDATA[<pre>[Pages H745-H746]From the Congressional Record Online through the Government Publishing Office [<a href='http://www.gpo.gov'>www.gpo.gov</a>]By Ms. JACKSON LEE:H.R. 735.[[Page H746]]Congress has the power to enact this legislation pursuantto the following:This bill is enacted pursuant to the power granted toCongress under Article I, Section 8, Clauses 1, 4, and 18 ofthe United States Constitution.</pre>]]></constitutionalAuthorityStatementText>
    <calendarNumbers />
    <updateDate>2018-03-30T14:01:05Z</updateDate>
    <version>1.0.0</version>
    <notes />
    <committees>
      <billCommittees>
        <item>
          <name>Homeland Security Committee</name>
          <subcommittees>
            <item>
              <systemCode>hshm11</systemCode>
              <name>Border and Maritime Security Subcommittee</name>
              <activities>
                <item>
                  <date>2017-02-24T19:08:27Z</date>
                  <name>Referred to</name>
                </item>
              </activities>
            </item>
          </subcommittees>
          <systemCode>hshm00</systemCode>
          <chamber>House</chamber>
          <activities>
            <item>
              <date>2017-01-30T17:06:10Z</date>
              <name>Referred to</name>
            </item>
          </activities>
          <type>Standing</type>
        </item>
        <item>
          <name>Intelligence (Permanent Select) Committee</name>
          <subcommittees />
          <systemCode>hlig00</systemCode>
          <chamber>House</chamber>
          <activities>
            <item>
              <date>2017-01-30T17:06:20Z</date>
              <name>Referred to</name>
            </item>
          </activities>
          <type>Select</type>
        </item>
        <item>
          <name>Foreign Affairs Committee</name>
          <subcommittees />
          <systemCode>hsfa00</systemCode>
          <chamber>House</chamber>
          <activities>
            <item>
              <date>2017-01-30T17:06:15Z</date>
              <name>Referred to</name>
            </item>
          </activities>
          <type>Standing</type>
        </item>
        <item>
          <name>Judiciary Committee</name>
          <subcommittees>
            <item>
              <systemCode>hsju01</systemCode>
              <name>Immigration and Border Security Subcommittee</name>
              <activities>
                <item>
                  <date>2017-01-30T14:37:46Z</date>
                  <name>Referred to</name>
                </item>
              </activities>
            </item>
          </subcommittees>
          <systemCode>hsju00</systemCode>
          <chamber>House</chamber>
          <activities>
            <item>
              <date>2017-01-30T17:06:05Z</date>
              <name>Referred to</name>
            </item>
          </activities>
          <type>Standing</type>
        </item>
      </billCommittees>
    </committees>
    <originChamber>House</originChamber>
    <cboCostEstimates />
    <titles>
      <item>
        <chamberCode />
        <parentTitleType />
        <titleType>Short Titles as Introduced</titleType>
        <title>USA Values Act of 2017</title>
        <chamberName />
      </item>
      <item>
        <chamberCode />
        <parentTitleType />
        <titleType>Short Titles as Introduced</titleType>
        <title>Universal Security of American Values Act of 2017</title>
        <chamberName />
      </item>
      <item>
        <chamberCode />
        <parentTitleType />
        <titleType>Official Title as Introduced</titleType>
        <title>To prohibit the enforcement of certain Executive orders.</title>
        <chamberName />
      </item>
      <item>
        <chamberCode />
        <parentTitleType />
        <titleType>Display Title</titleType>
        <title>USA Values Act of 2017</title>
        <chamberName />
      </item>
      <item>
        <chamberCode />
        <parentTitleType />
        <titleType>(Extracted from GPO) Short Titles as Introduced</titleType>
        <title>USA Values Act of 2017</title>
        <chamberName />
      </item>
      <item>
        <chamberCode />
        <parentTitleType />
        <titleType>(Extracted from GPO) Short Titles as Introduced</titleType>
        <title>Universal Security of American Values Act of 2017</title>
        <chamberName />
      </item>
    </titles>
    <policyArea>
      <name>Government Operations and Politics</name>
    </policyArea>
    <latestAction>
      <actionDate>2017-02-24</actionDate>
      <links />
      <text>Referred to the Subcommittee on Border and Maritime Security.</text>
    </latestAction>
    <billType>HR</billType>
    <createDate>2017-01-31T05:23:09Z</createDate>
    <amendments />
    <cosponsors>
      <item>
        <lastName>Raskin</lastName>
        <bioguideId>R000606</bioguideId>
        <state>MD</state>
        <sponsorshipDate>2017-01-30</sponsorshipDate>
        <fullName>Rep. Raskin, Jamie [D-MD-8]</fullName>
        <identifiers>
          <lisID>2332</lisID>
          <gpoId />
          <bioguideId>R000606</bioguideId>
        </identifiers>
        <middleName />
        <sponsorshipWithdrawnDate />
        <firstName>Jamie</firstName>
        <isOriginalCosponsor>True</isOriginalCosponsor>
        <party>D</party>
        <district>8</district>
      </item>
    </cosponsors>
    <laws />
    <title>USA Values Act of 2017</title>
    <billNumber>735</billNumber>
    <congress>115</congress>
    <actions>
      <actionTypeCounts>
        <introducedInTheHouse>1</introducedInTheHouse>
        <placeholderTextForH>2</placeholderTextForH>
        <billReferralsAggregate>1</billReferralsAggregate>
        <placeholderTextForB>1</placeholderTextForB>
        <introducedInHouse>1</introducedInHouse>
        <billReferrals>4</billReferrals>
      </actionTypeCounts>
      <item>
        <actionDate>2017-02-24</actionDate>
        <committee>
          <systemCode>hshm11</systemCode>
          <name>Border and Maritime Security Subcommittee</name>
        </committee>
        <links />
        <sourceSystem>
          <code>1</code>
          <name>House committee actions</name>
        </sourceSystem>
        <text>Referred to the Subcommittee on Border and Maritime Security.</text>
        <type>Committee</type>
      </item>
      <item>
        <actionDate>2017-01-30</actionDate>
        <type>IntroReferral</type>
        <links />
        <text>Referred to House Intelligence (Permanent)</text>
        <actionCode>H11100</actionCode>
        <sourceSystem>
          <code>2</code>
          <name>House floor actions</name>
        </sourceSystem>
        <committee>
          <systemCode>hlig00</systemCode>
          <name>Intelligence (Permanent Select) Committee</name>
        </committee>
      </item>
      <item>
        <actionDate>2017-01-30</actionDate>
        <type>IntroReferral</type>
        <links />
        <text>Referred to House Foreign Affairs</text>
        <actionCode>H11100</actionCode>
        <sourceSystem>
          <code>2</code>
          <name>House floor actions</name>
        </sourceSystem>
        <committee>
          <systemCode>hsfa00</systemCode>
          <name>Foreign Affairs Committee</name>
        </committee>
      </item>
      <item>
        <actionDate>2017-01-30</actionDate>
        <type>IntroReferral</type>
        <links />
        <text>Referred to House Homeland Security</text>
        <actionCode>H11100</actionCode>
        <sourceSystem>
          <code>2</code>
          <name>House floor actions</name>
        </sourceSystem>
        <committee>
          <systemCode>hshm00</systemCode>
          <name>Homeland Security Committee</name>
        </committee>
      </item>
      <item>
        <actionDate>2017-01-30</actionDate>
        <type>IntroReferral</type>
        <links />
        <text>Referred to House Judiciary</text>
        <actionCode>H11100</actionCode>
        <sourceSystem>
          <code>2</code>
          <name>House floor actions</name>
        </sourceSystem>
        <committee>
          <systemCode>hsju00</systemCode>
          <name>Judiciary Committee</name>
        </committee>
      </item>
      <item>
        <actionDate>2017-01-30</actionDate>
        <type>IntroReferral</type>
        <links />
        <text>Referred to the Committee on the Judiciary, and in addition to the Committees on Homeland Security, Foreign Affairs, and Intelligence (Permanent Select), for a period to be subsequently determined by the Speaker, in each case for consideration of such provisions as fall within the jurisdiction of the committee concerned.</text>
        <actionCode>H11100-A</actionCode>
        <sourceSystem>
          <code>9</code>
          <name>Library of Congress</name>
        </sourceSystem>
        <committee />
      </item>
      <item>
        <actionDate>2017-01-30</actionDate>
        <committee>
          <systemCode>hsju01</systemCode>
          <name>Immigration and Border Security Subcommittee</name>
        </committee>
        <links />
        <sourceSystem>
          <code>1</code>
          <name>House committee actions</name>
        </sourceSystem>
        <text>Referred to the Subcommittee on Immigration and Border Security.</text>
        <type>Committee</type>
      </item>
      <item>
        <actionDate>2017-01-30</actionDate>
        <type>IntroReferral</type>
        <links>
          <link>
            <name>E104</name>
            <url>https://www.congress.gov/congressional-record/volume-163/extensions-of-remarks-section/page/E104</url>
          </link>
        </links>
        <text>Sponsor introductory remarks on measure. (CR E104)</text>
        <actionCode>B00100</actionCode>
        <sourceSystem>
          <code>9</code>
          <name>Library of Congress</name>
        </sourceSystem>
        <committee />
      </item>
      <item>
        <actionDate>2017-01-30</actionDate>
        <type>IntroReferral</type>
        <links />
        <text>Introduced in House</text>
        <actionCode>Intro-H</actionCode>
        <sourceSystem>
          <code>9</code>
          <name>Library of Congress</name>
        </sourceSystem>
        <committee />
      </item>
      <item>
        <actionDate>2017-01-30</actionDate>
        <type>IntroReferral</type>
        <links />
        <text>Introduced in House</text>
        <actionCode>1000</actionCode>
        <sourceSystem>
          <code>9</code>
          <name>Library of Congress</name>
        </sourceSystem>
        <committee />
      </item>
      <actionByCounts>
        <houseOfRepresentatives>9</houseOfRepresentatives>
      </actionByCounts>
    </actions>
  </bill>
  <dublinCore xmlns:dc="http://purl.org/dc/elements/1.1/">
    <dc:format>text/xml</dc:format>
    <dc:language>EN</dc:language>
    <dc:rights>Pursuant to Title 17 Section 105 of the United States Code, this file is not subject to copyright protection and is in the public domain.</dc:rights>
    <dc:contributor>Congressional Research Service, Library of Congress</dc:contributor>
    <dc:description>This file contains bill summaries and statuses for federal legislation. A bill summary describes the most significant provisions of a piece of legislation and details the effects the legislative text may have on current law and federal programs. Bill summaries are authored by the Congressional Research Service (CRS) of the Library of Congress. As stated in Public Law 91-510 (2 USC 166 (d)(6)), one of the duties of CRS is "to prepare summaries and digests of bills and resolutions of a public general nature introduced in the Senate or House of Representatives". For more information, refer to the User Guide that accompanies this file.</dc:description>
  </dublinCore>
</billStatus>

