<?xml version="1.0" encoding="UTF-8"?>
<billStatus>
  <bill>
    <createDate>2018-02-18T21:46:26Z</createDate>
    <billType>HR</billType>
    <originChamber>House</originChamber>
    <titles>
      <item>
        <chamberCode />
        <titleType>Short Titles as Introduced</titleType>
        <title>Small and Rural Community Clean Water Technical Assistance Act</title>
        <parentTitleType />
        <chamberName />
      </item>
      <item>
        <chamberCode />
        <titleType>Official Title as Introduced</titleType>
        <title>To amend the Federal Water Pollution Control Act to provide for technical assistance for small treatment works.</title>
        <parentTitleType />
        <chamberName />
      </item>
      <item>
        <chamberCode />
        <titleType>Display Title</titleType>
        <title>Small and Rural Community Clean Water Technical Assistance Act</title>
        <parentTitleType />
        <chamberName />
      </item>
      <item>
        <chamberCode />
        <titleType>(Extracted from GPO) Short Titles as Introduced</titleType>
        <title>Small and Rural Community Clean Water Technical Assistance Act</title>
        <parentTitleType />
        <chamberName />
      </item>
    </titles>
    <recordedVotes />
    <committees>
      <billCommittees>
        <item>
          <type>Standing</type>
          <subcommittees />
          <name>Transportation and Infrastructure Committee</name>
          <activities>
            <item>
              <date>2018-02-15T14:01:35Z</date>
              <name>Referred to</name>
            </item>
          </activities>
          <systemCode>hspw00</systemCode>
          <chamber>House</chamber>
        </item>
      </billCommittees>
    </committees>
    <latestAction>
      <text>Referred to the Subcommittee on Water Resources and Environment.</text>
      <actionDate>2018-02-16</actionDate>
      <links />
    </latestAction>
    <billNumber>5030</billNumber>
    <notes />
    <committeeReports />
    <constitutionalAuthorityStatementText><![CDATA[<pre>[Congressional Record Volume 164, Number 30 (Thursday, February 15, 2018)]From the Congressional Record Online through the Government Publishing Office [<a href='http://www.gpo.gov'>www.gpo.gov</a>]By Mr. HARPER:H.R. 5030.Congress has the power to enact this legislation pursuantto the following:Article 1, Section 8, General Welfare Clause[Page H1212]</pre>]]></constitutionalAuthorityStatementText>
    <cosponsors />
    <cboCostEstimates />
    <sponsors>
      <item>
        <state>MS</state>
        <bioguideId>H001045</bioguideId>
        <fullName>Rep. Harper, Gregg [R-MS-3]</fullName>
        <identifiers>
          <lisID>1933</lisID>
          <gpoId>8021</gpoId>
          <bioguideId>H001045</bioguideId>
        </identifiers>
        <middleName />
        <firstName>Gregg</firstName>
        <district>3</district>
        <lastName>Harper</lastName>
        <byRequestType />
        <party>R</party>
      </item>
    </sponsors>
    <actions>
      <actionByCounts>
        <houseOfRepresentatives>4</houseOfRepresentatives>
      </actionByCounts>
      <item>
        <actionDate>2018-02-16</actionDate>
        <committee>
          <systemCode>hspw02</systemCode>
          <name>Water Resources and Environment Subcommittee</name>
        </committee>
        <links />
        <sourceSystem>
          <code>1</code>
          <name>House committee actions</name>
        </sourceSystem>
        <text>Referred to the Subcommittee on Water Resources and Environment.</text>
        <type>Committee</type>
      </item>
      <item>
        <text>Referred to the House Committee on Transportation and Infrastructure.</text>
        <links />
        <sourceSystem>
          <code>2</code>
          <name>House floor actions</name>
        </sourceSystem>
        <actionDate>2018-02-15</actionDate>
        <actionCode>H11100</actionCode>
        <committee>
          <systemCode>hspw00</systemCode>
          <name>Transportation and Infrastructure Committee</name>
        </committee>
        <type>IntroReferral</type>
      </item>
      <item>
        <text>Introduced in House</text>
        <links />
        <sourceSystem>
          <code>9</code>
          <name>Library of Congress</name>
        </sourceSystem>
        <actionDate>2018-02-15</actionDate>
        <actionCode>Intro-H</actionCode>
        <committee />
        <type>IntroReferral</type>
      </item>
      <item>
        <text>Introduced in House</text>
        <links />
        <sourceSystem>
          <code>9</code>
          <name>Library of Congress</name>
        </sourceSystem>
        <actionDate>2018-02-15</actionDate>
        <actionCode>1000</actionCode>
        <committee />
        <type>IntroReferral</type>
      </item>
      <actionTypeCounts>
        <introducedInTheHouse>1</introducedInTheHouse>
        <placeholderTextForH>1</placeholderTextForH>
        <introducedInHouse>1</introducedInHouse>
        <billReferrals>1</billReferrals>
      </actionTypeCounts>
    </actions>
    <congress>115</congress>
    <policyArea>
      <name>Environmental Protection</name>
    </policyArea>
    <subjects>
      <billSubjects>
        <legislativeSubjects />
        <policyArea>
          <name>Environmental Protection</name>
        </policyArea>
      </billSubjects>
    </subjects>
    <introducedDate>2018-02-15</introducedDate>
    <laws />
    <summaries>
      <billSummaries />
    </summaries>
    <amendments />
    <version>1.0.0</version>
    <title>Small and Rural Community Clean Water Technical Assistance Act</title>
    <calendarNumbers />
    <updateDate>2018-03-30T14:20:36Z</updateDate>
    <relatedBills>
      <item>
        <latestAction>
          <actionDate>2017-05-17</actionDate>
          <text>Placed on Senate Legislative Calendar under General Orders. Calendar No. 89.</text>
        </latestAction>
        <congress>115</congress>
        <number>518</number>
        <type>S</type>
        <latestTitle>Small and Rural Community Clean Water Technical Assistance Act</latestTitle>
        <relationshipDetails>
          <item>
            <identifiedBy>CRS</identifiedBy>
            <type>Related bill</type>
          </item>
        </relationshipDetails>
      </item>
    </relatedBills>
  </bill>
  <dublinCore xmlns:dc="http://purl.org/dc/elements/1.1/">
    <dc:format>text/xml</dc:format>
    <dc:language>EN</dc:language>
    <dc:rights>Pursuant to Title 17 Section 105 of the United States Code, this file is not subject to copyright protection and is in the public domain.</dc:rights>
    <dc:contributor>Congressional Research Service, Library of Congress</dc:contributor>
    <dc:description>This file contains bill summaries and statuses for federal legislation. A bill summary describes the most significant provisions of a piece of legislation and details the effects the legislative text may have on current law and federal programs. Bill summaries are authored by the Congressional Research Service (CRS) of the Library of Congress. As stated in Public Law 91-510 (2 USC 166 (d)(6)), one of the duties of CRS is "to prepare summaries and digests of bills and resolutions of a public general nature introduced in the Senate or House of Representatives". For more information, refer to the User Guide that accompanies this file.</dc:description>
  </dublinCore>
</billStatus>

