<?xml version="1.0" encoding="UTF-8"?>
<billStatus>
  <bill>
    <cosponsors>
      <item>
        <state>NY</state>
        <lastName>SERRANO</lastName>
        <sponsorshipWithdrawnDate />
        <district>15</district>
        <middleName>E.</middleName>
        <fullName>Rep. Serrano, Jose E. [D-NY-15]</fullName>
        <bioguideId>S000248</bioguideId>
        <party>D</party>
        <identifiers>
          <lisID>1042</lisID>
          <gpoId>8077</gpoId>
          <bioguideId>S000248</bioguideId>
        </identifiers>
        <sponsorshipDate>2017-01-31</sponsorshipDate>
        <isOriginalCosponsor>True</isOriginalCosponsor>
        <firstName>JOSE</firstName>
      </item>
      <item>
        <state>NY</state>
        <lastName>MEEKS</lastName>
        <sponsorshipWithdrawnDate />
        <district>5</district>
        <middleName>W.</middleName>
        <fullName>Rep. Meeks, Gregory W. [D-NY-5]</fullName>
        <bioguideId>M001137</bioguideId>
        <party>D</party>
        <identifiers>
          <bioguideId>M001137</bioguideId>
          <gpoId>8067</gpoId>
          <lisID>1506</lisID>
        </identifiers>
        <sponsorshipDate>2017-01-31</sponsorshipDate>
        <isOriginalCosponsor>True</isOriginalCosponsor>
        <firstName>GREGORY</firstName>
      </item>
      <item>
        <state>NY</state>
        <lastName>Jeffries</lastName>
        <sponsorshipWithdrawnDate />
        <district>8</district>
        <middleName>S.</middleName>
        <fullName>Rep. Jeffries, Hakeem S. [D-NY-8]</fullName>
        <bioguideId>J000294</bioguideId>
        <party>D</party>
        <identifiers>
          <bioguideId>J000294</bioguideId>
          <gpoId />
          <lisID>2149</lisID>
        </identifiers>
        <sponsorshipDate>2017-01-31</sponsorshipDate>
        <isOriginalCosponsor>True</isOriginalCosponsor>
        <firstName>Hakeem</firstName>
      </item>
      <item>
        <state>NY</state>
        <lastName>Clarke</lastName>
        <sponsorshipWithdrawnDate />
        <district>9</district>
        <middleName>D.</middleName>
        <fullName>Rep. Clarke, Yvette D. [D-NY-9]</fullName>
        <bioguideId>C001067</bioguideId>
        <party>D</party>
        <identifiers>
          <lisID>1864</lisID>
          <gpoId>8072</gpoId>
          <bioguideId>C001067</bioguideId>
        </identifiers>
        <sponsorshipDate>2017-03-15</sponsorshipDate>
        <isOriginalCosponsor>False</isOriginalCosponsor>
        <firstName>Yvette</firstName>
      </item>
      <item>
        <state>NY</state>
        <lastName>MALONEY</lastName>
        <sponsorshipWithdrawnDate />
        <district>12</district>
        <middleName>B.</middleName>
        <fullName>Rep. Maloney, Carolyn B. [D-NY-12]</fullName>
        <bioguideId>M000087</bioguideId>
        <party>D</party>
        <identifiers>
          <lisID>729</lisID>
          <gpoId>8075</gpoId>
          <bioguideId>M000087</bioguideId>
        </identifiers>
        <sponsorshipDate>2017-04-06</sponsorshipDate>
        <isOriginalCosponsor>False</isOriginalCosponsor>
        <firstName>CAROLYN</firstName>
      </item>
    </cosponsors>
    <createDate>2017-02-01T04:48:47Z</createDate>
    <subjects>
      <billSubjects>
        <legislativeSubjects>
          <item>
            <name>Administrative law and regulatory procedures</name>
          </item>
          <item>
            <name>Commuting</name>
          </item>
          <item>
            <name>Department of Transportation</name>
          </item>
          <item>
            <name>Pedestrians and bicycling</name>
          </item>
          <item>
            <name>Public transit</name>
          </item>
          <item>
            <name>Railroads</name>
          </item>
          <item>
            <name>Regional and metropolitan planning</name>
          </item>
          <item>
            <name>Roads and highways</name>
          </item>
          <item>
            <name>Rural conditions and development</name>
          </item>
          <item>
            <name>Transportation programs funding</name>
          </item>
        </legislativeSubjects>
        <policyArea>
          <name>Transportation and Public Works</name>
        </policyArea>
      </billSubjects>
    </subjects>
    <amendments />
    <updateDate>2018-03-30T14:01:12Z</updateDate>
    <latestAction>
      <text>Referred to the Subcommittee on Railroads, Pipelines, and Hazardous Materials.</text>
      <actionDate>2017-02-01</actionDate>
      <links />
    </latestAction>
    <sponsors>
      <item>
        <fullName>Rep. Velazquez, Nydia M. [D-NY-7]</fullName>
        <middleName>M.</middleName>
        <party>D</party>
        <identifiers>
          <bioguideId>V000081</bioguideId>
          <gpoId>8073</gpoId>
          <lisID>1184</lisID>
        </identifiers>
        <state>NY</state>
        <firstName>NYDIA</firstName>
        <lastName>VELAZQUEZ</lastName>
        <byRequestType />
        <bioguideId>V000081</bioguideId>
        <district>7</district>
      </item>
    </sponsors>
    <committeeReports />
    <recordedVotes />
    <originChamber>House</originChamber>
    <calendarNumbers />
    <congress>115</congress>
    <relatedBills />
    <version>1.0.0</version>
    <committees>
      <billCommittees>
        <item>
          <name>Transportation and Infrastructure Committee</name>
          <subcommittees>
            <item>
              <systemCode>hspw14</systemCode>
              <name>Railroads, Pipelines, and Hazardous Materials Subcommittee</name>
              <activities>
                <item>
                  <date>2017-02-01T16:40:37Z</date>
                  <name>Referred to</name>
                </item>
              </activities>
            </item>
            <item>
              <systemCode>hspw12</systemCode>
              <name>Highways and Transit Subcommittee</name>
              <activities>
                <item>
                  <date>2017-02-01T14:20:23Z</date>
                  <name>Referred to</name>
                </item>
              </activities>
            </item>
          </subcommittees>
          <systemCode>hspw00</systemCode>
          <chamber>House</chamber>
          <activities>
            <item>
              <date>2017-01-31T15:03:35Z</date>
              <name>Referred to</name>
            </item>
          </activities>
          <type>Standing</type>
        </item>
      </billCommittees>
    </committees>
    <cboCostEstimates />
    <billType>HR</billType>
    <notes />
    <title>Increase Transportation Alternatives Investment Act of 2017</title>
    <laws />
    <billNumber>765</billNumber>
    <actions>
      <actionTypeCounts>
        <billReferrals>1</billReferrals>
        <introducedInTheHouse>1</introducedInTheHouse>
        <placeholderTextForH>2</placeholderTextForH>
        <introducedInHouse>1</introducedInHouse>
      </actionTypeCounts>
      <item>
        <actionDate>2017-02-01</actionDate>
        <committee>
          <name>Railroads, Pipelines, and Hazardous Materials Subcommittee</name>
          <systemCode>hspw14</systemCode>
        </committee>
        <links />
        <sourceSystem>
          <code>1</code>
          <name>House committee actions</name>
        </sourceSystem>
        <text>Referred to the Subcommittee on Railroads, Pipelines, and Hazardous Materials.</text>
        <type>Committee</type>
      </item>
      <item>
        <actionDate>2017-02-01</actionDate>
        <committee>
          <name>Highways and Transit Subcommittee</name>
          <systemCode>hspw12</systemCode>
        </committee>
        <links />
        <sourceSystem>
          <code>1</code>
          <name>House committee actions</name>
        </sourceSystem>
        <text>Referred to the Subcommittee on Highways and Transit.</text>
        <type>Committee</type>
      </item>
      <item>
        <text>Referred to the House Committee on Transportation and Infrastructure.</text>
        <type>IntroReferral</type>
        <actionDate>2017-01-31</actionDate>
        <links />
        <committee>
          <name>Transportation and Infrastructure Committee</name>
          <systemCode>hspw00</systemCode>
        </committee>
        <sourceSystem>
          <code>2</code>
          <name>House floor actions</name>
        </sourceSystem>
        <actionCode>H11100</actionCode>
      </item>
      <item>
        <text>Introduced in House</text>
        <type>IntroReferral</type>
        <actionDate>2017-01-31</actionDate>
        <links />
        <committee />
        <sourceSystem>
          <code>9</code>
          <name>Library of Congress</name>
        </sourceSystem>
        <actionCode>Intro-H</actionCode>
      </item>
      <item>
        <text>Introduced in House</text>
        <type>IntroReferral</type>
        <actionDate>2017-01-31</actionDate>
        <links />
        <committee />
        <sourceSystem>
          <code>9</code>
          <name>Library of Congress</name>
        </sourceSystem>
        <actionCode>1000</actionCode>
      </item>
      <actionByCounts>
        <houseOfRepresentatives>5</houseOfRepresentatives>
      </actionByCounts>
    </actions>
    <titles>
      <item>
        <title>Increase Transportation Alternatives Investment Act of 2017</title>
        <titleType>Short Titles as Introduced</titleType>
        <parentTitleType />
        <chamberCode />
        <chamberName />
      </item>
      <item>
        <title>To authorize programs and activities to support transportation options in areas that are undergoing extensive repair or reconstruction of transportation infrastructure, and for other purposes.</title>
        <titleType>Official Title as Introduced</titleType>
        <parentTitleType />
        <chamberCode />
        <chamberName />
      </item>
      <item>
        <title>Increase Transportation Alternatives Investment Act of 2017</title>
        <titleType>Display Title</titleType>
        <parentTitleType />
        <chamberCode />
        <chamberName />
      </item>
      <item>
        <title>Increase Transportation Alternatives Investment Act of 2017</title>
        <titleType>(Extracted from GPO) Short Titles as Introduced</titleType>
        <parentTitleType />
        <chamberCode />
        <chamberName />
      </item>
    </titles>
    <summaries>
      <billSummaries>
        <item>
          <lastSummaryUpdateDate>2017-05-17T13:50:20Z</lastSummaryUpdateDate>
          <updateDate>2017-01-31T05:00:00Z</updateDate>
          <text><![CDATA[<p><strong>Increase Transportation Alternatives Investment Act of 2017</strong></p> <p>This bill directs the Department of Transportation (DOT) to ensure that states give preference, under the Surface Transportation Block Grant Program, to eligible projects that are located in areas that are undergoing extensive repair or reconstruction of transportation infrastructure, including federal-aid highways, federally owned roads open for public travel, passenger rail facilities, and public transportation facilities and that will provide transportation alternatives related to the closure of transportation infrastructure in such areas.</p> <p>DOT shall: (1) carry out a competitive grant program to support community efforts to invest in transportation alternatives; and (2) give grant preference to projects located in such areas. Entities eligible for grants include state and local governments, metropolitan planning organizations, and rural planning organizations.</p> <p>Grants may be used to plan for, facilitate, and provide initial support for: </p> <ul> <li>transportation demand management programs;</li> <li>carpool or telecommuting projects; and </li> <li>planning, design, acquisition of rights-of-way, construction, improvement, and management of streets, pathways, and public transportation facilities to facilitate expanded bicycle and pedestrian mobility and access.</li> </ul>]]></text>
          <actionDesc>Introduced in House</actionDesc>
          <versionCode>00</versionCode>
          <actionDate>2017-01-31</actionDate>
          <name>Introduced in House</name>
        </item>
      </billSummaries>
    </summaries>
    <introducedDate>2017-01-31</introducedDate>
    <policyArea>
      <name>Transportation and Public Works</name>
    </policyArea>
    <constitutionalAuthorityStatementText><![CDATA[<pre>From the Congressional Record Online through the Government Publishing Office [<a href='http://www.gpo.gov'>www.gpo.gov</a>]By Ms. VELAZQUEZ:H.R. 765.Congress has the power to enact this legislation pursuantto the following:Article I, Section 8, Clause 1The Congress shall have Power to . . . provide for the . .. general Welfare of the United States; . . .Article I, Section 8, Clause 3The Congress shall have Power . . . To regulate Commercewith foreign Nations, and among the several States, and withthe Indian Tribes.[Page H820]</pre>]]></constitutionalAuthorityStatementText>
  </bill>
  <dublinCore xmlns:dc="http://purl.org/dc/elements/1.1/">
    <dc:format>text/xml</dc:format>
    <dc:language>EN</dc:language>
    <dc:rights>Pursuant to Title 17 Section 105 of the United States Code, this file is not subject to copyright protection and is in the public domain.</dc:rights>
    <dc:contributor>Congressional Research Service, Library of Congress</dc:contributor>
    <dc:description>This file contains bill summaries and statuses for federal legislation. A bill summary describes the most significant provisions of a piece of legislation and details the effects the legislative text may have on current law and federal programs. Bill summaries are authored by the Congressional Research Service (CRS) of the Library of Congress. As stated in Public Law 91-510 (2 USC 166 (d)(6)), one of the duties of CRS is "to prepare summaries and digests of bills and resolutions of a public general nature introduced in the Senate or House of Representatives". For more information, refer to the User Guide that accompanies this file.</dc:description>
  </dublinCore>
</billStatus>

