<?xml version="1.0" encoding="UTF-8"?>
<billStatus>
  <bill>
    <introducedDate>2017-01-31</introducedDate>
    <createDate>2017-02-01T04:48:47Z</createDate>
    <policyArea>
      <name>Government Operations and Politics</name>
    </policyArea>
    <title>To require the United States Postal Service to designate a single, unique ZIP code for Miami Lakes, Florida.</title>
    <constitutionalAuthorityStatementText><![CDATA[<pre>From the Congressional Record Online through the Government Publishing Office [<a href='http://www.gpo.gov'>www.gpo.gov</a>]By Mr. DIAZ-BALART:H.R. 768.Congress has the power to enact this legislation pursuantto the following:Article 1, Section 8 of the U.S. Constitution[Page H820]</pre>]]></constitutionalAuthorityStatementText>
    <notes />
    <cosponsors />
    <actions>
      <actionTypeCounts>
        <billReferrals>1</billReferrals>
        <introducedInTheHouse>1</introducedInTheHouse>
        <introducedInHouse>1</introducedInHouse>
      </actionTypeCounts>
      <item>
        <text>Referred to the House Committee on Oversight and Government Reform.</text>
        <type>IntroReferral</type>
        <actionDate>2017-01-31</actionDate>
        <links />
        <committee>
          <name>Oversight and Government Reform Committee</name>
          <systemCode>hsgo00</systemCode>
        </committee>
        <sourceSystem>
          <code>2</code>
          <name>House floor actions</name>
        </sourceSystem>
        <actionCode>H11100</actionCode>
      </item>
      <item>
        <text>Introduced in House</text>
        <type>IntroReferral</type>
        <actionDate>2017-01-31</actionDate>
        <links />
        <committee />
        <sourceSystem>
          <code>9</code>
          <name>Library of Congress</name>
        </sourceSystem>
        <actionCode>Intro-H</actionCode>
      </item>
      <item>
        <text>Introduced in House</text>
        <type>IntroReferral</type>
        <actionDate>2017-01-31</actionDate>
        <links />
        <committee />
        <sourceSystem>
          <code>9</code>
          <name>Library of Congress</name>
        </sourceSystem>
        <actionCode>1000</actionCode>
      </item>
      <actionByCounts>
        <houseOfRepresentatives>3</houseOfRepresentatives>
      </actionByCounts>
    </actions>
    <originChamber>House</originChamber>
    <latestAction>
      <actionDate>2017-01-31</actionDate>
      <text>Referred to the House Committee on Oversight and Government Reform.</text>
      <links />
    </latestAction>
    <calendarNumbers />
    <committeeReports />
    <congress>115</congress>
    <cboCostEstimates />
    <relatedBills>
      <item>
        <relationshipDetails>
          <item>
            <type>Related bill</type>
            <identifiedBy>CRS</identifiedBy>
          </item>
        </relationshipDetails>
        <latestAction>
          <actionDate>2017-01-17</actionDate>
          <text>Read twice and referred to the Committee on Homeland Security and Governmental Affairs.</text>
        </latestAction>
        <number>173</number>
        <congress>115</congress>
        <type>S</type>
        <latestTitle>A bill to require the United States Postal Service to designate a single, unique ZIP code for particular communities.</latestTitle>
      </item>
    </relatedBills>
    <billNumber>768</billNumber>
    <amendments />
    <committees>
      <billCommittees>
        <item>
          <name>Oversight and Government Reform Committee</name>
          <activities>
            <item>
              <date>2017-01-31T15:03:50Z</date>
              <name>Referred to</name>
            </item>
          </activities>
          <chamber>House</chamber>
          <type>Standing</type>
          <systemCode>hsgo00</systemCode>
          <subcommittees />
        </item>
      </billCommittees>
    </committees>
    <updateDate>2018-03-30T14:01:13Z</updateDate>
    <summaries>
      <billSummaries>
        <item>
          <actionDesc>Introduced in House</actionDesc>
          <name>Introduced in House</name>
          <actionDate>2017-01-31</actionDate>
          <updateDate>2017-01-31T05:00:00Z</updateDate>
          <versionCode>00</versionCode>
          <text><![CDATA[<p>This bill directs the U.S. Postal Service, by September 30, 2017, to designate a single, unique ZIP code for Miami Lakes, Florida.</p>]]></text>
          <lastSummaryUpdateDate>2017-03-28T17:38:17Z</lastSummaryUpdateDate>
        </item>
      </billSummaries>
    </summaries>
    <recordedVotes />
    <version>1.0.0</version>
    <sponsors>
      <item>
        <firstName>Mario</firstName>
        <byRequestType />
        <fullName>Rep. Diaz-Balart, Mario [R-FL-25]</fullName>
        <bioguideId>D000600</bioguideId>
        <state>FL</state>
        <district>25</district>
        <party>R</party>
        <identifiers>
          <gpoId>7893</gpoId>
          <bioguideId>D000600</bioguideId>
          <lisID>1717</lisID>
        </identifiers>
        <middleName />
        <lastName>Diaz-Balart</lastName>
      </item>
    </sponsors>
    <subjects>
      <billSubjects>
        <policyArea>
          <name>Government Operations and Politics</name>
        </policyArea>
        <legislativeSubjects>
          <item>
            <name>Florida</name>
          </item>
          <item>
            <name>Postal service</name>
          </item>
        </legislativeSubjects>
      </billSubjects>
    </subjects>
    <billType>HR</billType>
    <laws />
    <titles>
      <item>
        <title>To require the United States Postal Service to designate a single, unique ZIP code for Miami Lakes, Florida.</title>
        <parentTitleType />
        <chamberName />
        <titleType>Official Title as Introduced</titleType>
        <chamberCode />
      </item>
      <item>
        <title>To require the United States Postal Service to designate a single, unique ZIP code for Miami Lakes, Florida.</title>
        <parentTitleType />
        <chamberName />
        <titleType>Display Title</titleType>
        <chamberCode />
      </item>
    </titles>
  </bill>
  <dublinCore xmlns:dc="http://purl.org/dc/elements/1.1/">
    <dc:format>text/xml</dc:format>
    <dc:language>EN</dc:language>
    <dc:rights>Pursuant to Title 17 Section 105 of the United States Code, this file is not subject to copyright protection and is in the public domain.</dc:rights>
    <dc:contributor>Congressional Research Service, Library of Congress</dc:contributor>
    <dc:description>This file contains bill summaries and statuses for federal legislation. A bill summary describes the most significant provisions of a piece of legislation and details the effects the legislative text may have on current law and federal programs. Bill summaries are authored by the Congressional Research Service (CRS) of the Library of Congress. As stated in Public Law 91-510 (2 USC 166 (d)(6)), one of the duties of CRS is "to prepare summaries and digests of bills and resolutions of a public general nature introduced in the Senate or House of Representatives". For more information, refer to the User Guide that accompanies this file.</dc:description>
  </dublinCore>
</billStatus>

