<?xml version="1.0" encoding="UTF-8"?>
<billStatus>
  <bill>
    <introducedDate>2017-01-23</introducedDate>
    <billType>HR</billType>
    <summaries>
      <billSummaries>
        <item>
          <actionDesc>Introduced in House</actionDesc>
          <versionCode>00</versionCode>
          <lastSummaryUpdateDate>2017-03-13T17:40:19Z</lastSummaryUpdateDate>
          <name>Introduced in House</name>
          <updateDate>2017-01-23T05:00:00Z</updateDate>
          <actionDate>2017-01-23</actionDate>
          <text><![CDATA[<p><em>Choices in Education Act of 2017</em></p> <p>This bill repeals the Elementary and Secondary Education Act of 1965 and limits the authority of the Department of Education (ED) such that ED is authorized only to award block grants to qualified states.</p> <p>The bill establishes an education voucher program, through which each&nbsp;state shall distribute block grant funds among local educational agencies (LEAs) based on the number of eligible children within&nbsp;each LEA's geographical area. From these amounts, each LEA shall: (1)&nbsp;distribute a portion of funds to&nbsp;parents who elect to&nbsp;enroll their child&nbsp;in a private school or to home-school their child, and (2) do so in a manner that ensures that such payments will be used for appropriate educational expenses.</p> <p>To be eligible to receive a block grant, a state must: (1)&nbsp;comply with education voucher program requirements, and (2) make it lawful for parents of an eligible child to elect to enroll their child in any public or private elementary or secondary school in the state or to home-school their child.</p> <p><em>No Hungry Kids Act</em></p> <p>The bill repeals a specified rule that established certain nutrition standards for the national school lunch and breakfast programs. (In general, the rule requires schools to increase the availability of fruits, vegetables, whole grains, and low-fat or fat free milk in school meals; reduce the levels of sodium, saturated fat, and trans fat in school meals; and meet children's nutritional needs within their caloric requirements.)</p>]]></text>
        </item>
      </billSummaries>
    </summaries>
    <cboCostEstimates />
    <policyArea>
      <name>Education</name>
    </policyArea>
    <calendarNumbers />
    <relatedBills />
    <originChamber>House</originChamber>
    <amendments />
    <titles>
      <item>
        <titleType>Short Titles as Introduced for portions of this bill</titleType>
        <parentTitleType />
        <title>No Hungry Kids Act</title>
        <chamberName />
        <chamberCode />
      </item>
      <item>
        <titleType>Short Titles as Introduced for portions of this bill</titleType>
        <parentTitleType />
        <title>Choices in Education Act of 2017</title>
        <chamberName />
        <chamberCode />
      </item>
      <item>
        <titleType>Official Title as Introduced</titleType>
        <parentTitleType />
        <title>To distribute Federal funds for elementary and secondary education in the form of vouchers for eligible students and to repeal a certain rule relating to nutrition standards in schools.</title>
        <chamberName />
        <chamberCode />
      </item>
      <item>
        <titleType>Display Title</titleType>
        <parentTitleType />
        <title>To distribute Federal funds for elementary and secondary education in the form of vouchers for eligible students and to repeal a certain rule relating to nutrition standards in schools.</title>
        <chamberName />
        <chamberCode />
      </item>
      <item>
        <titleType>(Extracted from GPO) Short Titles as Introduced for portions of this bill</titleType>
        <parentTitleType />
        <title>No Hungry Kids Act</title>
        <chamberName />
        <chamberCode />
      </item>
      <item>
        <titleType>(Extracted from GPO) Short Titles as Introduced for portions of this bill</titleType>
        <parentTitleType />
        <title>Choices in Education Act of 2017</title>
        <chamberName />
        <chamberCode />
      </item>
    </titles>
    <createDate>2017-01-24T05:12:19Z</createDate>
    <constitutionalAuthorityStatementText><![CDATA[<pre>From the Congressional Record Online through the Government Publishing Office [<a href='http://www.gpo.gov'>www.gpo.gov</a>]By Mr. KING of Iowa:H.R. 610.Congress has the power to enact this legislation pursuantto the following:The ``Power of the Purse'' as defined in Article I, Section9, Clause 7[Page H608]</pre>]]></constitutionalAuthorityStatementText>
    <actions>
      <actionTypeCounts>
        <introducedInHouse>1</introducedInHouse>
        <introducedInTheHouse>1</introducedInTheHouse>
        <billReferrals>1</billReferrals>
      </actionTypeCounts>
      <item>
        <type>IntroReferral</type>
        <sourceSystem>
          <code>2</code>
          <name>House floor actions</name>
        </sourceSystem>
        <actionCode>H11100</actionCode>
        <links />
        <text>Referred to the House Committee on Education and the Workforce.</text>
        <committee>
          <systemCode>hsed00</systemCode>
          <name>Education and the Workforce Committee</name>
        </committee>
        <actionDate>2017-01-23</actionDate>
      </item>
      <item>
        <type>IntroReferral</type>
        <sourceSystem>
          <code>9</code>
          <name>Library of Congress</name>
        </sourceSystem>
        <actionCode>Intro-H</actionCode>
        <links />
        <text>Introduced in House</text>
        <committee />
        <actionDate>2017-01-23</actionDate>
      </item>
      <item>
        <type>IntroReferral</type>
        <sourceSystem>
          <code>9</code>
          <name>Library of Congress</name>
        </sourceSystem>
        <actionCode>1000</actionCode>
        <links />
        <text>Introduced in House</text>
        <committee />
        <actionDate>2017-01-23</actionDate>
      </item>
      <actionByCounts>
        <houseOfRepresentatives>3</houseOfRepresentatives>
      </actionByCounts>
    </actions>
    <laws />
    <version>1.0.0</version>
    <cosponsors>
      <item>
        <firstName>Andy</firstName>
        <identifiers>
          <bioguideId>H001052</bioguideId>
          <gpoId>7976</gpoId>
          <lisID>2026</lisID>
        </identifiers>
        <sponsorshipWithdrawnDate />
        <district>1</district>
        <middleName />
        <state>MD</state>
        <lastName>Harris</lastName>
        <sponsorshipDate>2017-01-23</sponsorshipDate>
        <isOriginalCosponsor>True</isOriginalCosponsor>
        <bioguideId>H001052</bioguideId>
        <fullName>Rep. Harris, Andy [R-MD-1]</fullName>
        <party>R</party>
      </item>
      <item>
        <firstName>Trent</firstName>
        <identifiers>
          <gpoId>7799</gpoId>
          <bioguideId>F000448</bioguideId>
          <lisID>1707</lisID>
        </identifiers>
        <sponsorshipWithdrawnDate />
        <district>8</district>
        <middleName />
        <state>AZ</state>
        <lastName>Franks</lastName>
        <sponsorshipDate>2017-01-23</sponsorshipDate>
        <isOriginalCosponsor>True</isOriginalCosponsor>
        <bioguideId>F000448</bioguideId>
        <fullName>Rep. Franks, Trent [R-AZ-8]</fullName>
        <party>R</party>
      </item>
      <item>
        <firstName>Pete</firstName>
        <identifiers>
          <bioguideId>O000168</bioguideId>
          <gpoId>8178</gpoId>
          <lisID>1955</lisID>
        </identifiers>
        <sponsorshipWithdrawnDate>2017-03-09</sponsorshipWithdrawnDate>
        <district>22</district>
        <middleName />
        <state>TX</state>
        <lastName>Olson</lastName>
        <sponsorshipDate>2017-01-30</sponsorshipDate>
        <isOriginalCosponsor>False</isOriginalCosponsor>
        <bioguideId>O000168</bioguideId>
        <fullName>Rep. Olson, Pete [R-TX-22]</fullName>
        <party>R</party>
      </item>
    </cosponsors>
    <billNumber>610</billNumber>
    <committeeReports />
    <notes />
    <latestAction>
      <actionDate>2017-01-23</actionDate>
      <text>Referred to the House Committee on Education and the Workforce.</text>
      <links />
    </latestAction>
    <committees>
      <billCommittees>
        <item>
          <chamber>House</chamber>
          <type>Standing</type>
          <name>Education and the Workforce Committee</name>
          <activities>
            <item>
              <date>2017-01-23T17:01:15Z</date>
              <name>Referred to</name>
            </item>
          </activities>
          <subcommittees />
          <systemCode>hsed00</systemCode>
        </item>
      </billCommittees>
    </committees>
    <updateDate>2018-03-30T14:00:30Z</updateDate>
    <title>To distribute Federal funds for elementary and secondary education in the form of vouchers for eligible students and to repeal a certain rule relating to nutrition standards in schools.</title>
    <sponsors>
      <item>
        <fullName>Rep. King, Steve [R-IA-4]</fullName>
        <state>IA</state>
        <lastName>King</lastName>
        <bioguideId>K000362</bioguideId>
        <district>4</district>
        <middleName />
        <byRequestType />
        <party>R</party>
        <identifiers>
          <lisID>1724</lisID>
          <gpoId>7918</gpoId>
          <bioguideId>K000362</bioguideId>
        </identifiers>
        <firstName>Steve</firstName>
      </item>
    </sponsors>
    <congress>115</congress>
    <recordedVotes />
    <subjects>
      <billSubjects>
        <policyArea>
          <name>Education</name>
        </policyArea>
        <legislativeSubjects>
          <item>
            <name>Child health</name>
          </item>
          <item>
            <name>Education programs funding</name>
          </item>
          <item>
            <name>Elementary and secondary education</name>
          </item>
          <item>
            <name>Food assistance and relief</name>
          </item>
          <item>
            <name>Fruit and vegetables</name>
          </item>
          <item>
            <name>Nutrition and diet</name>
          </item>
          <item>
            <name>Poverty and welfare assistance</name>
          </item>
          <item>
            <name>School administration</name>
          </item>
        </legislativeSubjects>
      </billSubjects>
    </subjects>
  </bill>
  <dublinCore xmlns:dc="http://purl.org/dc/elements/1.1/">
    <dc:format>text/xml</dc:format>
    <dc:language>EN</dc:language>
    <dc:rights>Pursuant to Title 17 Section 105 of the United States Code, this file is not subject to copyright protection and is in the public domain.</dc:rights>
    <dc:contributor>Congressional Research Service, Library of Congress</dc:contributor>
    <dc:description>This file contains bill summaries and statuses for federal legislation. A bill summary describes the most significant provisions of a piece of legislation and details the effects the legislative text may have on current law and federal programs. Bill summaries are authored by the Congressional Research Service (CRS) of the Library of Congress. As stated in Public Law 91-510 (2 USC 166 (d)(6)), one of the duties of CRS is "to prepare summaries and digests of bills and resolutions of a public general nature introduced in the Senate or House of Representatives". For more information, refer to the User Guide that accompanies this file.</dc:description>
  </dublinCore>
</billStatus>

