<?xml version="1.0" encoding="UTF-8"?>
<billStatus>
  <bill>
    <laws />
    <recordedVotes />
    <amendments />
    <titles>
      <item>
        <title>HIRED Act</title>
        <titleType>Short Titles as Introduced</titleType>
        <parentTitleType />
        <chamberCode />
        <chamberName />
      </item>
      <item>
        <title>Helping Individuals with Reemployment and Entrepreneurial Development Act</title>
        <titleType>Short Titles as Introduced</titleType>
        <parentTitleType />
        <chamberCode />
        <chamberName />
      </item>
      <item>
        <title>To amend the Workforce Innovation and Opportunity Act to ensure dislocated workers are provided consultation and advice for starting a small business as part the rapid response activities for dislocated workers.</title>
        <titleType>Official Title as Introduced</titleType>
        <parentTitleType />
        <chamberCode />
        <chamberName />
      </item>
      <item>
        <title>HIRED Act</title>
        <titleType>Display Title</titleType>
        <parentTitleType />
        <chamberCode />
        <chamberName />
      </item>
      <item>
        <title>HIRED Act</title>
        <titleType>(Extracted from GPO) Short Titles as Introduced</titleType>
        <parentTitleType />
        <chamberCode />
        <chamberName />
      </item>
      <item>
        <title>Helping Individuals with Reemployment and Entrepreneurial Development Act</title>
        <titleType>(Extracted from GPO) Short Titles as Introduced</titleType>
        <parentTitleType />
        <chamberCode />
        <chamberName />
      </item>
    </titles>
    <sponsors>
      <item>
        <state>NY</state>
        <identifiers>
          <gpoId />
          <lisID>2263</lisID>
          <bioguideId>S001196</bioguideId>
        </identifiers>
        <lastName>Stefanik</lastName>
        <party>R</party>
        <district>21</district>
        <middleName>M.</middleName>
        <fullName>Rep. Stefanik, Elise M. [R-NY-21]</fullName>
        <bioguideId>S001196</bioguideId>
        <firstName>Elise</firstName>
        <byRequestType />
      </item>
    </sponsors>
    <committeeReports />
    <version>1.0.0</version>
    <calendarNumbers />
    <billNumber>280</billNumber>
    <originChamber>House</originChamber>
    <cosponsors />
    <title>HIRED Act</title>
    <policyArea>
      <name>Labor and Employment</name>
    </policyArea>
    <billType>HR</billType>
    <congress>115</congress>
    <subjects>
      <billSubjects>
        <legislativeSubjects>
          <item>
            <name>Business education</name>
          </item>
          <item>
            <name>Employment and training programs</name>
          </item>
          <item>
            <name>Small business</name>
          </item>
          <item>
            <name>Unemployment</name>
          </item>
        </legislativeSubjects>
        <policyArea>
          <name>Labor and Employment</name>
        </policyArea>
      </billSubjects>
    </subjects>
    <latestAction>
      <links />
      <actionDate>2017-01-04</actionDate>
      <text>Referred to the House Committee on Education and the Workforce.</text>
    </latestAction>
    <updateDate>2018-03-30T13:58:53Z</updateDate>
    <createDate>2017-01-05T04:47:33Z</createDate>
    <actions>
      <actionTypeCounts>
        <introducedInHouse>1</introducedInHouse>
        <billReferrals>1</billReferrals>
        <introducedInTheHouse>1</introducedInTheHouse>
      </actionTypeCounts>
      <item>
        <actionDate>2017-01-04</actionDate>
        <type>IntroReferral</type>
        <links />
        <committee>
          <systemCode>hsed00</systemCode>
          <name>Education and the Workforce Committee</name>
        </committee>
        <actionCode>H11100</actionCode>
        <text>Referred to the House Committee on Education and the Workforce.</text>
        <sourceSystem>
          <code>2</code>
          <name>House floor actions</name>
        </sourceSystem>
      </item>
      <item>
        <actionDate>2017-01-04</actionDate>
        <type>IntroReferral</type>
        <links />
        <committee />
        <actionCode>Intro-H</actionCode>
        <text>Introduced in House</text>
        <sourceSystem>
          <code>9</code>
          <name>Library of Congress</name>
        </sourceSystem>
      </item>
      <item>
        <actionDate>2017-01-04</actionDate>
        <type>IntroReferral</type>
        <links />
        <committee />
        <actionCode>1000</actionCode>
        <text>Introduced in House</text>
        <sourceSystem>
          <code>9</code>
          <name>Library of Congress</name>
        </sourceSystem>
      </item>
      <actionByCounts>
        <houseOfRepresentatives>3</houseOfRepresentatives>
      </actionByCounts>
    </actions>
    <notes />
    <introducedDate>2017-01-04</introducedDate>
    <relatedBills />
    <constitutionalAuthorityStatementText><![CDATA[<pre>From the Congressional Record Online through the Government Publishing Office [<a href='http://www.gpo.gov'>www.gpo.gov</a>]By Ms. STEFANIK:H.R. 280.Congress has the power to enact this legislation pursuantto the following:Article 1, Section 8, Clause 3[Page H97]</pre>]]></constitutionalAuthorityStatementText>
    <cboCostEstimates />
    <summaries>
      <billSummaries>
        <item>
          <actionDesc>Introduced in House</actionDesc>
          <text><![CDATA[<p><b>Helping Individuals with Reemployment and Entrepreneurial Development Act or the HIRED Act</b></p> <p>This bill amends the Workforce Innovation and Opportunity Act to include assistance to dislocated workers through increased outreach about small business opportunities and consultation about starting a small business among the rapid response activities to assist such workers in obtaining reemployment which a state or a state-designated entity provides in the event of a permanent closure or mass layoff at a plant, facility, or enterprise or a natural or other disaster resulting in mass job dislocation.</p> <p>A state may in such an event allocate up to 10% of funds reserved by the state governor for statewide rapid response activities to provide outreach about small business opportunities and consultation about starting a small business.</p> <p>This bill amends the definition of &quot;rapid response activities&quot; under such Act to include among state activities to assist dislocated workers the provision of information on and access to training and activities related to entrepreneurship.</p>]]></text>
          <lastSummaryUpdateDate>2017-02-09T20:28:08Z</lastSummaryUpdateDate>
          <name>Introduced in House</name>
          <versionCode>00</versionCode>
          <updateDate>2017-01-04T05:00:00Z</updateDate>
          <actionDate>2017-01-04</actionDate>
        </item>
      </billSummaries>
    </summaries>
    <committees>
      <billCommittees>
        <item>
          <name>Education and the Workforce Committee</name>
          <activities>
            <item>
              <date>2017-01-04T15:01:40Z</date>
              <name>Referred to</name>
            </item>
          </activities>
          <chamber>House</chamber>
          <type>Standing</type>
          <systemCode>hsed00</systemCode>
          <subcommittees />
        </item>
      </billCommittees>
    </committees>
  </bill>
  <dublinCore xmlns:dc="http://purl.org/dc/elements/1.1/">
    <dc:format>text/xml</dc:format>
    <dc:language>EN</dc:language>
    <dc:rights>Pursuant to Title 17 Section 105 of the United States Code, this file is not subject to copyright protection and is in the public domain.</dc:rights>
    <dc:contributor>Congressional Research Service, Library of Congress</dc:contributor>
    <dc:description>This file contains bill summaries and statuses for federal legislation. A bill summary describes the most significant provisions of a piece of legislation and details the effects the legislative text may have on current law and federal programs. Bill summaries are authored by the Congressional Research Service (CRS) of the Library of Congress. As stated in Public Law 91-510 (2 USC 166 (d)(6)), one of the duties of CRS is "to prepare summaries and digests of bills and resolutions of a public general nature introduced in the Senate or House of Representatives". For more information, refer to the User Guide that accompanies this file.</dc:description>
  </dublinCore>
</billStatus>

