<?xml version="1.0" encoding="UTF-8"?>
<billStatus>
  <bill>
    <congress>115</congress>
    <billType>HR</billType>
    <originChamber>House</originChamber>
    <billNumber>293</billNumber>
    <notes />
    <cboCostEstimates />
    <version>1.0.0</version>
    <recordedVotes />
    <summaries>
      <billSummaries>
        <item>
          <actionDesc>Introduced in House</actionDesc>
          <versionCode>00</versionCode>
          <lastSummaryUpdateDate>2017-01-31T21:08:53Z</lastSummaryUpdateDate>
          <name>Introduced in House</name>
          <updateDate>2017-01-04T05:00:00Z</updateDate>
          <actionDate>2017-01-04</actionDate>
          <text><![CDATA[<p><strong>Highly Rural Veteran Transportation Program Extension Act</strong></p> <p>This bill amends the Caregivers and Veterans Omnibus Health Services Act of 2010 to reauthorize through FY2018 a grant program to provide innovative transportation options to veterans in highly rural areas. </p>]]></text>
        </item>
      </billSummaries>
    </summaries>
    <subjects>
      <billSubjects>
        <policyArea>
          <name>Armed Forces and National Security</name>
        </policyArea>
        <legislativeSubjects>
          <item>
            <name>Health care coverage and access</name>
          </item>
          <item>
            <name>Rural conditions and development</name>
          </item>
          <item>
            <name>Transportation costs</name>
          </item>
          <item>
            <name>Veterans' medical care</name>
          </item>
          <item>
            <name>Veterans' organizations and recognition</name>
          </item>
        </legislativeSubjects>
      </billSubjects>
    </subjects>
    <actions>
      <item>
        <actionDate>2017-01-19</actionDate>
        <committee>
          <name>Health Subcommittee</name>
          <systemCode>hsvr03</systemCode>
        </committee>
        <links />
        <sourceSystem>
          <code>1</code>
          <name>House committee actions</name>
        </sourceSystem>
        <text>Referred to the Subcommittee on Health.</text>
        <type>Committee</type>
      </item>
      <item>
        <actionDate>2017-01-04</actionDate>
        <text>Referred to the House Committee on Veterans' Affairs.</text>
        <links />
        <committee>
          <name>Veterans' Affairs Committee</name>
          <systemCode>hsvr00</systemCode>
        </committee>
        <sourceSystem>
          <code>2</code>
          <name>House floor actions</name>
        </sourceSystem>
        <actionCode>H11100</actionCode>
        <type>IntroReferral</type>
      </item>
      <item>
        <actionDate>2017-01-04</actionDate>
        <text>Introduced in House</text>
        <links />
        <committee />
        <sourceSystem>
          <code>9</code>
          <name>Library of Congress</name>
        </sourceSystem>
        <actionCode>Intro-H</actionCode>
        <type>IntroReferral</type>
      </item>
      <item>
        <actionDate>2017-01-04</actionDate>
        <text>Introduced in House</text>
        <links />
        <committee />
        <sourceSystem>
          <code>9</code>
          <name>Library of Congress</name>
        </sourceSystem>
        <actionCode>1000</actionCode>
        <type>IntroReferral</type>
      </item>
      <actionTypeCounts>
        <introducedInHouse>1</introducedInHouse>
        <placeholderTextForH>1</placeholderTextForH>
        <introducedInTheHouse>1</introducedInTheHouse>
        <billReferrals>1</billReferrals>
      </actionTypeCounts>
      <actionByCounts>
        <houseOfRepresentatives>4</houseOfRepresentatives>
      </actionByCounts>
    </actions>
    <introducedDate>2017-01-04</introducedDate>
    <constitutionalAuthorityStatementText><![CDATA[<pre>From the Congressional Record Online through the Government Publishing Office [<a href='http://www.gpo.gov'>www.gpo.gov</a>]By Mr. YOUNG of Alaska:H.R. 293.Congress has the power to enact this legislation pursuantto the following:Article I, Section 8The Congress shall have Power to lay and collect Taxes,Duties, Imposts and Excises, to pay the Debts and provide forthe common Defence and general Welfare of the United States;but all Duties, Imposts and Excises shall be uniformthroughout the United States.[Page H98]</pre>]]></constitutionalAuthorityStatementText>
    <titles>
      <item>
        <chamberCode />
        <parentTitleType />
        <titleType>Short Titles as Introduced</titleType>
        <title>Highly Rural Veteran Transportation Program Extension Act</title>
        <chamberName />
      </item>
      <item>
        <chamberCode />
        <parentTitleType />
        <titleType>Official Title as Introduced</titleType>
        <title>To extend the authorization of appropriations to the Department of Veterans Affairs for purposes of awarding grants to veterans service organizations for the transportation of highly rural veterans.</title>
        <chamberName />
      </item>
      <item>
        <chamberCode />
        <parentTitleType />
        <titleType>Display Title</titleType>
        <title>Highly Rural Veteran Transportation Program Extension Act</title>
        <chamberName />
      </item>
      <item>
        <chamberCode />
        <parentTitleType />
        <titleType>(Extracted from GPO) Short Titles as Introduced</titleType>
        <title>Highly Rural Veteran Transportation Program Extension Act</title>
        <chamberName />
      </item>
    </titles>
    <cosponsors />
    <laws />
    <calendarNumbers />
    <committeeReports />
    <latestAction>
      <links />
      <text>Referred to the Subcommittee on Health.</text>
      <actionDate>2017-01-19</actionDate>
    </latestAction>
    <title>Highly Rural Veteran Transportation Program Extension Act</title>
    <createDate>2017-01-05T04:47:33Z</createDate>
    <sponsors>
      <item>
        <lastName>YOUNG</lastName>
        <byRequestType />
        <middleName>E.</middleName>
        <bioguideId>Y000033</bioguideId>
        <firstName>DON</firstName>
        <state>AK</state>
        <fullName>Rep. Young, Don [R-AK-At Large]</fullName>
        <identifiers>
          <gpoId>7785</gpoId>
          <lisID>1256</lisID>
          <bioguideId>Y000033</bioguideId>
        </identifiers>
        <party>R</party>
        <district>0</district>
      </item>
    </sponsors>
    <updateDate>2018-03-30T13:58:57Z</updateDate>
    <relatedBills />
    <committees>
      <billCommittees>
        <item>
          <type>Standing</type>
          <subcommittees>
            <item>
              <systemCode>hsvr03</systemCode>
              <name>Health Subcommittee</name>
              <activities>
                <item>
                  <date>2017-01-19T20:18:10Z</date>
                  <name>Referred to</name>
                </item>
              </activities>
            </item>
          </subcommittees>
          <name>Veterans' Affairs Committee</name>
          <activities>
            <item>
              <date>2017-01-04T15:05:20Z</date>
              <name>Referred to</name>
            </item>
          </activities>
          <systemCode>hsvr00</systemCode>
          <chamber>House</chamber>
        </item>
      </billCommittees>
    </committees>
    <policyArea>
      <name>Armed Forces and National Security</name>
    </policyArea>
    <amendments />
  </bill>
  <dublinCore xmlns:dc="http://purl.org/dc/elements/1.1/">
    <dc:format>text/xml</dc:format>
    <dc:language>EN</dc:language>
    <dc:rights>Pursuant to Title 17 Section 105 of the United States Code, this file is not subject to copyright protection and is in the public domain.</dc:rights>
    <dc:contributor>Congressional Research Service, Library of Congress</dc:contributor>
    <dc:description>This file contains bill summaries and statuses for federal legislation. A bill summary describes the most significant provisions of a piece of legislation and details the effects the legislative text may have on current law and federal programs. Bill summaries are authored by the Congressional Research Service (CRS) of the Library of Congress. As stated in Public Law 91-510 (2 USC 166 (d)(6)), one of the duties of CRS is "to prepare summaries and digests of bills and resolutions of a public general nature introduced in the Senate or House of Representatives". For more information, refer to the User Guide that accompanies this file.</dc:description>
  </dublinCore>
</billStatus>

