<?xml version="1.0" encoding="UTF-8"?>
<billStatus>
  <bill>
    <cosponsors>
      <item>
        <firstName>ED</firstName>
        <identifiers>
          <gpoId>7845</gpoId>
          <bioguideId>R000487</bioguideId>
          <lisID>998</lisID>
        </identifiers>
        <sponsorshipDate>2017-01-23</sponsorshipDate>
        <isOriginalCosponsor>True</isOriginalCosponsor>
        <state>CA</state>
        <lastName>ROYCE</lastName>
        <middleName />
        <fullName>Rep. Royce, Edward R. [R-CA-39]</fullName>
        <bioguideId>R000487</bioguideId>
        <district>39</district>
        <sponsorshipWithdrawnDate />
        <party>R</party>
      </item>
      <item>
        <firstName>Tom</firstName>
        <identifiers>
          <lisID>2253</lisID>
          <gpoId />
          <bioguideId>E000294</bioguideId>
        </identifiers>
        <sponsorshipDate>2017-01-23</sponsorshipDate>
        <isOriginalCosponsor>True</isOriginalCosponsor>
        <state>MN</state>
        <lastName>Emmer</lastName>
        <middleName />
        <fullName>Rep. Emmer, Tom [R-MN-6]</fullName>
        <bioguideId>E000294</bioguideId>
        <district>6</district>
        <sponsorshipWithdrawnDate />
        <party>R</party>
      </item>
    </cosponsors>
    <createDate>2017-01-24T05:12:19Z</createDate>
    <subjects>
      <billSubjects>
        <legislativeSubjects>
          <item>
            <name>Crimes against property</name>
          </item>
          <item>
            <name>Criminal procedure and sentencing</name>
          </item>
          <item>
            <name>Fraud offenses and financial crimes</name>
          </item>
          <item>
            <name>Postal service</name>
          </item>
        </legislativeSubjects>
        <policyArea>
          <name>Crime and Law Enforcement</name>
        </policyArea>
      </billSubjects>
    </subjects>
    <amendments />
    <updateDate>2018-03-30T14:00:28Z</updateDate>
    <latestAction>
      <text>Referred to the Subcommittee on Crime, Terrorism, Homeland Security, and Investigations.</text>
      <actionDate>2017-02-08</actionDate>
      <links />
    </latestAction>
    <sponsors>
      <item>
        <fullName>Rep. Calvert, Ken [R-CA-42]</fullName>
        <middleName />
        <party>R</party>
        <identifiers>
          <bioguideId>C000059</bioguideId>
          <lisID>165</lisID>
          <gpoId>7849</gpoId>
        </identifiers>
        <state>CA</state>
        <firstName>KEN</firstName>
        <lastName>CALVERT</lastName>
        <byRequestType />
        <bioguideId>C000059</bioguideId>
        <district>42</district>
      </item>
    </sponsors>
    <committeeReports />
    <recordedVotes />
    <originChamber>House</originChamber>
    <calendarNumbers />
    <congress>115</congress>
    <relatedBills />
    <version>1.0.0</version>
    <committees>
      <billCommittees>
        <item>
          <type>Standing</type>
          <subcommittees>
            <item>
              <systemCode>hsju08</systemCode>
              <name>Crime, Terrorism, Homeland Security, and Investigations Subcommittee</name>
              <activities>
                <item>
                  <date>2017-02-08T21:35:33Z</date>
                  <name>Referred to</name>
                </item>
              </activities>
            </item>
          </subcommittees>
          <name>Judiciary Committee</name>
          <activities>
            <item>
              <date>2017-01-23T17:01:25Z</date>
              <name>Referred to</name>
            </item>
          </activities>
          <systemCode>hsju00</systemCode>
          <chamber>House</chamber>
        </item>
      </billCommittees>
    </committees>
    <cboCostEstimates />
    <billType>HR</billType>
    <notes />
    <title>Ensuring the Safety of Our Mail Act of 2017</title>
    <laws />
    <billNumber>603</billNumber>
    <actions>
      <actionByCounts>
        <houseOfRepresentatives>4</houseOfRepresentatives>
      </actionByCounts>
      <item>
        <actionDate>2017-02-08</actionDate>
        <committee>
          <name>Crime, Terrorism, Homeland Security, and Investigations Subcommittee</name>
          <systemCode>hsju08</systemCode>
        </committee>
        <links />
        <sourceSystem>
          <name>House committee actions</name>
          <code>1</code>
        </sourceSystem>
        <text>Referred to the Subcommittee on Crime, Terrorism, Homeland Security, and Investigations.</text>
        <type>Committee</type>
      </item>
      <item>
        <actionCode>H11100</actionCode>
        <committee>
          <name>Judiciary Committee</name>
          <systemCode>hsju00</systemCode>
        </committee>
        <sourceSystem>
          <name>House floor actions</name>
          <code>2</code>
        </sourceSystem>
        <type>IntroReferral</type>
        <text>Referred to the House Committee on the Judiciary.</text>
        <actionDate>2017-01-23</actionDate>
        <links />
      </item>
      <item>
        <actionCode>Intro-H</actionCode>
        <committee />
        <sourceSystem>
          <name>Library of Congress</name>
          <code>9</code>
        </sourceSystem>
        <type>IntroReferral</type>
        <text>Introduced in House</text>
        <actionDate>2017-01-23</actionDate>
        <links />
      </item>
      <item>
        <actionCode>1000</actionCode>
        <committee />
        <sourceSystem>
          <name>Library of Congress</name>
          <code>9</code>
        </sourceSystem>
        <type>IntroReferral</type>
        <text>Introduced in House</text>
        <actionDate>2017-01-23</actionDate>
        <links />
      </item>
      <actionTypeCounts>
        <billReferrals>1</billReferrals>
        <introducedInHouse>1</introducedInHouse>
        <introducedInTheHouse>1</introducedInTheHouse>
        <placeholderTextForH>1</placeholderTextForH>
      </actionTypeCounts>
    </actions>
    <titles>
      <item>
        <titleType>Short Titles as Introduced</titleType>
        <chamberCode />
        <chamberName />
        <parentTitleType />
        <title>Ensuring the Safety of Our Mail Act of 2017</title>
      </item>
      <item>
        <titleType>Official Title as Introduced</titleType>
        <chamberCode />
        <chamberName />
        <parentTitleType />
        <title>To amend title 18, United States Code, to increase the maximum penalty for mail theft.</title>
      </item>
      <item>
        <titleType>Display Title</titleType>
        <chamberCode />
        <chamberName />
        <parentTitleType />
        <title>Ensuring the Safety of Our Mail Act of 2017</title>
      </item>
      <item>
        <titleType>(Extracted from GPO) Short Titles as Introduced</titleType>
        <chamberCode />
        <chamberName />
        <parentTitleType />
        <title>Ensuring the Safety of Our Mail Act of 2017</title>
      </item>
    </titles>
    <summaries>
      <billSummaries>
        <item>
          <versionCode>00</versionCode>
          <actionDate>2017-01-23</actionDate>
          <name>Introduced in House</name>
          <text><![CDATA[<p><b>Ensuring the Safety of Our Mail Act of </b><b>2017</b></p> <p>This bill amends the federal criminal code to increase from 5 to 10 years the maximum prison term for a defendant who commits mail theft. <b><br /></b></p>]]></text>
          <actionDesc>Introduced in House</actionDesc>
          <updateDate>2017-01-23T05:00:00Z</updateDate>
          <lastSummaryUpdateDate>2017-02-01T15:57:35Z</lastSummaryUpdateDate>
        </item>
      </billSummaries>
    </summaries>
    <introducedDate>2017-01-23</introducedDate>
    <policyArea>
      <name>Crime and Law Enforcement</name>
    </policyArea>
    <constitutionalAuthorityStatementText><![CDATA[<pre>From the Congressional Record Online through the Government Publishing Office [<a href='http://www.gpo.gov'>www.gpo.gov</a>]By Mr. CALVERT:H.R. 603.Congress has the power to enact this legislation pursuantto the following:The Constitutional authority of Congress to enact thislegislation is provided by Article I, section 8 of the UnitedStates Constitution, specifically clause 1 and clause 18.[Page H608]</pre>]]></constitutionalAuthorityStatementText>
  </bill>
  <dublinCore xmlns:dc="http://purl.org/dc/elements/1.1/">
    <dc:format>text/xml</dc:format>
    <dc:language>EN</dc:language>
    <dc:rights>Pursuant to Title 17 Section 105 of the United States Code, this file is not subject to copyright protection and is in the public domain.</dc:rights>
    <dc:contributor>Congressional Research Service, Library of Congress</dc:contributor>
    <dc:description>This file contains bill summaries and statuses for federal legislation. A bill summary describes the most significant provisions of a piece of legislation and details the effects the legislative text may have on current law and federal programs. Bill summaries are authored by the Congressional Research Service (CRS) of the Library of Congress. As stated in Public Law 91-510 (2 USC 166 (d)(6)), one of the duties of CRS is "to prepare summaries and digests of bills and resolutions of a public general nature introduced in the Senate or House of Representatives". For more information, refer to the User Guide that accompanies this file.</dc:description>
  </dublinCore>
</billStatus>

