<?xml version="1.0" encoding="UTF-8"?>
<billStatus>
  <bill>
    <relatedBills />
    <committeeReports />
    <recordedVotes />
    <subjects>
      <billSubjects>
        <policyArea>
          <name>Economics and Public Finance</name>
        </policyArea>
        <legislativeSubjects>
          <item>
            <name>Appropriations</name>
          </item>
          <item>
            <name>Budget process</name>
          </item>
          <item>
            <name>Crime victims</name>
          </item>
          <item>
            <name>Government trust funds</name>
          </item>
          <item>
            <name>Law enforcement administration and funding</name>
          </item>
          <item>
            <name>Legislative rules and procedure</name>
          </item>
        </legislativeSubjects>
      </billSubjects>
    </subjects>
    <introducedDate>2017-01-04</introducedDate>
    <summaries>
      <billSummaries>
        <item>
          <lastSummaryUpdateDate>2017-03-06T18:37:46Z</lastSummaryUpdateDate>
          <updateDate>2017-01-04T05:00:00Z</updateDate>
          <text><![CDATA[<p><b>Fairness for Crime Victims Act of 2017 </b></p> <p>This bill amends the Congressional Budget Act of 1974 to establish points of order in the House of Representatives and the Senate against considering appropriations legislation that includes changes in mandatory programs (CHIMPs) that would cause the amount available for obligation during the fiscal year from the Crime Victims Fund to be less than the three-year average. </p> <p>A CHIMP is a provision that: (1) would have been estimated as affecting direct spending or receipts if the provision were included in legislation other than an appropriations bill; and (2) results in a net decrease in budget authority in the current year or the budget year, but does not result in a net decrease in outlays over the period of the total of the current year, the budget year, and all fiscal years covered under the most recently adopted budget resolution. </p>]]></text>
          <actionDesc>Introduced in House</actionDesc>
          <versionCode>00</versionCode>
          <actionDate>2017-01-04</actionDate>
          <name>Introduced in House</name>
        </item>
      </billSummaries>
    </summaries>
    <sponsors>
      <item>
        <state>PA</state>
        <lastName>Perry</lastName>
        <byRequestType />
        <middleName />
        <fullName>Rep. Perry, Scott [R-PA-4]</fullName>
        <district>4</district>
        <party>R</party>
        <firstName>Scott</firstName>
        <identifiers>
          <bioguideId>P000605</bioguideId>
          <lisID>2157</lisID>
          <gpoId />
        </identifiers>
        <bioguideId>P000605</bioguideId>
      </item>
    </sponsors>
    <constitutionalAuthorityStatementText><![CDATA[<pre>From the Congressional Record Online through the Government Publishing Office [<a href='http://www.gpo.gov'>www.gpo.gov</a>]By Mr. PERRY:H.R. 275.Congress has the power to enact this legislation pursuantto the following:Article 1 Section 8 of the U.S. Constitution.[Page H97]</pre>]]></constitutionalAuthorityStatementText>
    <calendarNumbers />
    <updateDate>2018-03-30T13:58:52Z</updateDate>
    <version>1.0.0</version>
    <notes />
    <committees>
      <billCommittees>
        <item>
          <activities>
            <item>
              <date>2017-01-04T15:03:50Z</date>
              <name>Referred to</name>
            </item>
          </activities>
          <systemCode>hsbu00</systemCode>
          <chamber>House</chamber>
          <type>Standing</type>
          <name>Budget Committee</name>
          <subcommittees />
        </item>
        <item>
          <activities>
            <item>
              <date>2017-01-04T15:03:45Z</date>
              <name>Referred to</name>
            </item>
          </activities>
          <systemCode>hsru00</systemCode>
          <chamber>House</chamber>
          <type>Standing</type>
          <name>Rules Committee</name>
          <subcommittees />
        </item>
      </billCommittees>
    </committees>
    <originChamber>House</originChamber>
    <cboCostEstimates />
    <titles>
      <item>
        <titleType>Short Titles as Introduced</titleType>
        <chamberCode />
        <parentTitleType />
        <chamberName />
        <title>Fairness for Crime Victims Act of 2017</title>
      </item>
      <item>
        <titleType>Official Title as Introduced</titleType>
        <chamberCode />
        <parentTitleType />
        <chamberName />
        <title>To prevent diversion of funds from the Crime Victims Fund.</title>
      </item>
      <item>
        <titleType>Display Title</titleType>
        <chamberCode />
        <parentTitleType />
        <chamberName />
        <title>Fairness for Crime Victims Act of 2017</title>
      </item>
      <item>
        <titleType>(Extracted from GPO) Short Titles as Introduced</titleType>
        <chamberCode />
        <parentTitleType />
        <chamberName />
        <title>Fairness for Crime Victims Act of 2017</title>
      </item>
    </titles>
    <policyArea>
      <name>Economics and Public Finance</name>
    </policyArea>
    <latestAction>
      <actionDate>2017-01-04</actionDate>
      <links />
      <text>Referred to House Budget</text>
    </latestAction>
    <billType>HR</billType>
    <createDate>2017-01-05T04:47:33Z</createDate>
    <amendments />
    <cosponsors>
      <item>
        <lastName>Boyle</lastName>
        <bioguideId>B001296</bioguideId>
        <state>PA</state>
        <sponsorshipDate>2017-01-04</sponsorshipDate>
        <fullName>Rep. Boyle, Brendan F. [D-PA-13]</fullName>
        <identifiers>
          <lisID>2267</lisID>
          <gpoId />
          <bioguideId>B001296</bioguideId>
        </identifiers>
        <middleName>F.</middleName>
        <sponsorshipWithdrawnDate />
        <firstName>Brendan</firstName>
        <isOriginalCosponsor>True</isOriginalCosponsor>
        <party>D</party>
        <district>13</district>
      </item>
      <item>
        <lastName>Barletta</lastName>
        <bioguideId>B001269</bioguideId>
        <state>PA</state>
        <sponsorshipDate>2017-01-23</sponsorshipDate>
        <fullName>Rep. Barletta, Lou [R-PA-11]</fullName>
        <identifiers>
          <lisID>2054</lisID>
          <gpoId>8129</gpoId>
          <bioguideId>B001269</bioguideId>
        </identifiers>
        <middleName />
        <sponsorshipWithdrawnDate />
        <firstName>Lou</firstName>
        <isOriginalCosponsor>False</isOriginalCosponsor>
        <party>R</party>
        <district>11</district>
      </item>
      <item>
        <lastName>Meehan</lastName>
        <bioguideId>M001181</bioguideId>
        <state>PA</state>
        <sponsorshipDate>2017-01-23</sponsorshipDate>
        <fullName>Rep. Meehan, Patrick [R-PA-7]</fullName>
        <identifiers>
          <lisID>2052</lisID>
          <gpoId>8125</gpoId>
          <bioguideId>M001181</bioguideId>
        </identifiers>
        <middleName />
        <sponsorshipWithdrawnDate />
        <firstName>Patrick</firstName>
        <isOriginalCosponsor>False</isOriginalCosponsor>
        <party>R</party>
        <district>7</district>
      </item>
      <item>
        <lastName>Wagner</lastName>
        <bioguideId>W000812</bioguideId>
        <state>MO</state>
        <sponsorshipDate>2017-01-24</sponsorshipDate>
        <fullName>Rep. Wagner, Ann [R-MO-2]</fullName>
        <identifiers>
          <lisID>2137</lisID>
          <gpoId />
          <bioguideId>W000812</bioguideId>
        </identifiers>
        <middleName />
        <sponsorshipWithdrawnDate />
        <firstName>Ann</firstName>
        <isOriginalCosponsor>False</isOriginalCosponsor>
        <party>R</party>
        <district>2</district>
      </item>
      <item>
        <lastName>Costello</lastName>
        <bioguideId>C001106</bioguideId>
        <state>PA</state>
        <sponsorshipDate>2017-01-24</sponsorshipDate>
        <fullName>Rep. Costello, Ryan A. [R-PA-6]</fullName>
        <identifiers>
          <bioguideId>C001106</bioguideId>
          <lisID>2266</lisID>
          <gpoId />
        </identifiers>
        <middleName>A.</middleName>
        <sponsorshipWithdrawnDate />
        <firstName>Ryan</firstName>
        <isOriginalCosponsor>False</isOriginalCosponsor>
        <party>R</party>
        <district>6</district>
      </item>
      <item>
        <lastName>Kelly</lastName>
        <bioguideId>K000376</bioguideId>
        <state>PA</state>
        <sponsorshipDate>2017-01-30</sponsorshipDate>
        <fullName>Rep. Kelly, Mike [R-PA-3]</fullName>
        <identifiers>
          <bioguideId>K000376</bioguideId>
          <gpoId>8708</gpoId>
          <lisID>2051</lisID>
        </identifiers>
        <middleName />
        <sponsorshipWithdrawnDate />
        <firstName>Mike</firstName>
        <isOriginalCosponsor>False</isOriginalCosponsor>
        <party>R</party>
        <district>3</district>
      </item>
      <item>
        <lastName>Fitzpatrick</lastName>
        <bioguideId>F000466</bioguideId>
        <state>PA</state>
        <sponsorshipDate>2017-01-31</sponsorshipDate>
        <fullName>Rep. Fitzpatrick, Brian K. [R-PA-8]</fullName>
        <identifiers>
          <bioguideId>F000466</bioguideId>
          <lisID>2345</lisID>
          <gpoId />
        </identifiers>
        <middleName>K.</middleName>
        <sponsorshipWithdrawnDate />
        <firstName>Brian</firstName>
        <isOriginalCosponsor>False</isOriginalCosponsor>
        <party>R</party>
        <district>8</district>
      </item>
      <item>
        <lastName>Evans</lastName>
        <bioguideId>E000296</bioguideId>
        <state>PA</state>
        <sponsorshipDate>2017-02-02</sponsorshipDate>
        <fullName>Rep. Evans, Dwight [D-PA-2]</fullName>
        <identifiers>
          <lisID>2298</lisID>
          <gpoId />
          <bioguideId>E000296</bioguideId>
        </identifiers>
        <middleName />
        <sponsorshipWithdrawnDate />
        <firstName>Dwight</firstName>
        <isOriginalCosponsor>False</isOriginalCosponsor>
        <party>D</party>
        <district>2</district>
      </item>
      <item>
        <lastName>Thompson</lastName>
        <bioguideId>T000467</bioguideId>
        <state>PA</state>
        <sponsorshipDate>2017-02-06</sponsorshipDate>
        <fullName>Rep. Thompson, Glenn [R-PA-5]</fullName>
        <identifiers>
          <bioguideId>T000467</bioguideId>
          <gpoId>8123</gpoId>
          <lisID>1952</lisID>
        </identifiers>
        <middleName />
        <sponsorshipWithdrawnDate />
        <firstName>Glenn</firstName>
        <isOriginalCosponsor>False</isOriginalCosponsor>
        <party>R</party>
        <district>5</district>
      </item>
      <item>
        <lastName>Shuster</lastName>
        <bioguideId>S001154</bioguideId>
        <state>PA</state>
        <sponsorshipDate>2017-02-06</sponsorshipDate>
        <fullName>Rep. Shuster, Bill [R-PA-9]</fullName>
        <identifiers>
          <lisID>1681</lisID>
          <gpoId>8127</gpoId>
          <bioguideId>S001154</bioguideId>
        </identifiers>
        <middleName />
        <sponsorshipWithdrawnDate />
        <firstName>Bill</firstName>
        <isOriginalCosponsor>False</isOriginalCosponsor>
        <party>R</party>
        <district>9</district>
      </item>
      <item>
        <lastName>Murphy</lastName>
        <bioguideId>M001151</bioguideId>
        <state>PA</state>
        <sponsorshipDate>2017-02-13</sponsorshipDate>
        <fullName>Rep. Murphy, Tim [R-PA-18]</fullName>
        <identifiers>
          <lisID>1744</lisID>
          <gpoId>8723</gpoId>
          <bioguideId>M001151</bioguideId>
        </identifiers>
        <middleName />
        <sponsorshipWithdrawnDate />
        <firstName>Tim</firstName>
        <isOriginalCosponsor>False</isOriginalCosponsor>
        <party>R</party>
        <district>18</district>
      </item>
      <item>
        <lastName>BRADY</lastName>
        <bioguideId>B001227</bioguideId>
        <state>PA</state>
        <sponsorshipDate>2017-02-13</sponsorshipDate>
        <fullName>Rep. Brady, Robert A. [D-PA-1]</fullName>
        <identifiers>
          <lisID>1469</lisID>
          <gpoId>8119</gpoId>
          <bioguideId>B001227</bioguideId>
        </identifiers>
        <middleName>A.</middleName>
        <sponsorshipWithdrawnDate />
        <firstName>ROBERT</firstName>
        <isOriginalCosponsor>False</isOriginalCosponsor>
        <party>D</party>
        <district>1</district>
      </item>
      <item>
        <lastName>DOYLE</lastName>
        <bioguideId>D000482</bioguideId>
        <state>PA</state>
        <sponsorshipDate>2017-02-13</sponsorshipDate>
        <fullName>Rep. Doyle, Michael F. [D-PA-14]</fullName>
        <identifiers>
          <bioguideId>D000482</bioguideId>
          <gpoId>8132</gpoId>
          <lisID>316</lisID>
        </identifiers>
        <middleName />
        <sponsorshipWithdrawnDate />
        <firstName>MIKE</firstName>
        <isOriginalCosponsor>False</isOriginalCosponsor>
        <party>D</party>
        <district>14</district>
      </item>
      <item>
        <lastName>Rothfus</lastName>
        <bioguideId>R000598</bioguideId>
        <state>PA</state>
        <sponsorshipDate>2017-02-15</sponsorshipDate>
        <fullName>Rep. Rothfus, Keith J. [R-PA-12]</fullName>
        <identifiers>
          <lisID>2158</lisID>
          <gpoId />
          <bioguideId>R000598</bioguideId>
        </identifiers>
        <middleName>J.</middleName>
        <sponsorshipWithdrawnDate />
        <firstName>Keith</firstName>
        <isOriginalCosponsor>False</isOriginalCosponsor>
        <party>R</party>
        <district>12</district>
      </item>
      <item>
        <lastName>Dingell</lastName>
        <bioguideId>D000624</bioguideId>
        <state>MI</state>
        <sponsorshipDate>2017-02-15</sponsorshipDate>
        <fullName>Rep. Dingell, Debbie [D-MI-12]</fullName>
        <identifiers>
          <bioguideId>D000624</bioguideId>
          <gpoId />
          <lisID>2251</lisID>
        </identifiers>
        <middleName />
        <sponsorshipWithdrawnDate />
        <firstName>Debbie</firstName>
        <isOriginalCosponsor>False</isOriginalCosponsor>
        <party>D</party>
        <district>12</district>
      </item>
      <item>
        <lastName>Smucker</lastName>
        <bioguideId>S001199</bioguideId>
        <state>PA</state>
        <sponsorshipDate>2017-03-15</sponsorshipDate>
        <fullName>Rep. Smucker, Lloyd [R-PA-16]</fullName>
        <identifiers>
          <bioguideId>S001199</bioguideId>
          <gpoId />
          <lisID>2346</lisID>
        </identifiers>
        <middleName />
        <sponsorshipWithdrawnDate />
        <firstName>Lloyd</firstName>
        <isOriginalCosponsor>False</isOriginalCosponsor>
        <party>R</party>
        <district>16</district>
      </item>
      <item>
        <lastName>Yoho</lastName>
        <bioguideId>Y000065</bioguideId>
        <state>FL</state>
        <sponsorshipDate>2017-03-16</sponsorshipDate>
        <fullName>Rep. Yoho, Ted S. [R-FL-3]</fullName>
        <identifiers>
          <gpoId />
          <lisID>2115</lisID>
          <bioguideId>Y000065</bioguideId>
        </identifiers>
        <middleName>S.</middleName>
        <sponsorshipWithdrawnDate />
        <firstName>Ted</firstName>
        <isOriginalCosponsor>False</isOriginalCosponsor>
        <party>R</party>
        <district>3</district>
      </item>
    </cosponsors>
    <laws />
    <title>Fairness for Crime Victims Act of 2017</title>
    <billNumber>275</billNumber>
    <congress>115</congress>
    <actions>
      <item>
        <sourceSystem>
          <name>House floor actions</name>
          <code>2</code>
        </sourceSystem>
        <type>IntroReferral</type>
        <committee>
          <name>Budget Committee</name>
          <systemCode>hsbu00</systemCode>
        </committee>
        <text>Referred to House Budget</text>
        <actionCode>H11100</actionCode>
        <actionDate>2017-01-04</actionDate>
        <links />
      </item>
      <item>
        <sourceSystem>
          <name>House floor actions</name>
          <code>2</code>
        </sourceSystem>
        <type>IntroReferral</type>
        <committee>
          <name>Rules Committee</name>
          <systemCode>hsru00</systemCode>
        </committee>
        <text>Referred to House Rules</text>
        <actionCode>H11100</actionCode>
        <actionDate>2017-01-04</actionDate>
        <links />
      </item>
      <item>
        <sourceSystem>
          <name>Library of Congress</name>
          <code>9</code>
        </sourceSystem>
        <type>IntroReferral</type>
        <committee />
        <text>Referred to the Committee on Rules, and in addition to the Committee on the Budget, for a period to be subsequently determined by the Speaker, in each case for consideration of such provisions as fall within the jurisdiction of the committee concerned.</text>
        <actionCode>H11100-A</actionCode>
        <actionDate>2017-01-04</actionDate>
        <links />
      </item>
      <item>
        <sourceSystem>
          <name>Library of Congress</name>
          <code>9</code>
        </sourceSystem>
        <type>IntroReferral</type>
        <committee />
        <text>Introduced in House</text>
        <actionCode>Intro-H</actionCode>
        <actionDate>2017-01-04</actionDate>
        <links />
      </item>
      <item>
        <sourceSystem>
          <name>Library of Congress</name>
          <code>9</code>
        </sourceSystem>
        <type>IntroReferral</type>
        <committee />
        <text>Introduced in House</text>
        <actionCode>1000</actionCode>
        <actionDate>2017-01-04</actionDate>
        <links />
      </item>
      <actionTypeCounts>
        <introducedInTheHouse>1</introducedInTheHouse>
        <billReferrals>2</billReferrals>
        <billReferralsAggregate>1</billReferralsAggregate>
        <introducedInHouse>1</introducedInHouse>
      </actionTypeCounts>
      <actionByCounts>
        <houseOfRepresentatives>5</houseOfRepresentatives>
      </actionByCounts>
    </actions>
  </bill>
  <dublinCore xmlns:dc="http://purl.org/dc/elements/1.1/">
    <dc:format>text/xml</dc:format>
    <dc:language>EN</dc:language>
    <dc:rights>Pursuant to Title 17 Section 105 of the United States Code, this file is not subject to copyright protection and is in the public domain.</dc:rights>
    <dc:contributor>Congressional Research Service, Library of Congress</dc:contributor>
    <dc:description>This file contains bill summaries and statuses for federal legislation. A bill summary describes the most significant provisions of a piece of legislation and details the effects the legislative text may have on current law and federal programs. Bill summaries are authored by the Congressional Research Service (CRS) of the Library of Congress. As stated in Public Law 91-510 (2 USC 166 (d)(6)), one of the duties of CRS is "to prepare summaries and digests of bills and resolutions of a public general nature introduced in the Senate or House of Representatives". For more information, refer to the User Guide that accompanies this file.</dc:description>
  </dublinCore>
</billStatus>

