<?xml version="1.0" encoding="UTF-8"?>
<billStatus>
  <bill>
    <createDate>2017-02-02T05:28:45Z</createDate>
    <billType>HR</billType>
    <originChamber>House</originChamber>
    <titles>
      <item>
        <chamberCode />
        <parentTitleType />
        <titleType>Short Titles as Introduced</titleType>
        <title>Employer Participation in Student Loan Assistance Act</title>
        <chamberName />
      </item>
      <item>
        <chamberCode />
        <parentTitleType />
        <titleType>Official Title as Introduced</titleType>
        <title>To amend the Internal Revenue Code of 1986 to extend the exclusion for employer-provided educational assistance to employer payments of qualified education loans.</title>
        <chamberName />
      </item>
      <item>
        <chamberCode />
        <parentTitleType />
        <titleType>Display Title</titleType>
        <title>Employer Participation in Student Loan Assistance Act</title>
        <chamberName />
      </item>
      <item>
        <chamberCode />
        <parentTitleType />
        <titleType>(Extracted from GPO) Short Titles as Introduced</titleType>
        <title>Employer Participation in Student Loan Assistance Act</title>
        <chamberName />
      </item>
    </titles>
    <recordedVotes />
    <committees>
      <billCommittees>
        <item>
          <systemCode>hswm00</systemCode>
          <subcommittees />
          <name>Ways and Means Committee</name>
          <type>Standing</type>
          <chamber>House</chamber>
          <activities>
            <item>
              <date>2017-02-01T15:03:20Z</date>
              <name>Referred to</name>
            </item>
          </activities>
        </item>
      </billCommittees>
    </committees>
    <latestAction>
      <text>Referred to the House Committee on Ways and Means.</text>
      <actionDate>2017-02-01</actionDate>
      <links />
    </latestAction>
    <billNumber>795</billNumber>
    <notes />
    <committeeReports />
    <constitutionalAuthorityStatementText><![CDATA[<pre>From the Congressional Record Online through the Government Publishing Office [<a href='http://www.gpo.gov'>www.gpo.gov</a>]By Mr. RODNEY DAVIS of Illinois:H.R. 795.Congress has the power to enact this legislation pursuantto the following:Article I, Section 8, Clause 1 of, and the sixteenthAmendment to, the United States Constitution.[Page H878]</pre>]]></constitutionalAuthorityStatementText>
    <cosponsors>
      <item>
        <state>CA</state>
        <lastName>Peters</lastName>
        <sponsorshipWithdrawnDate />
        <district>52</district>
        <middleName>H.</middleName>
        <fullName>Rep. Peters, Scott H. [D-CA-52]</fullName>
        <bioguideId>P000608</bioguideId>
        <party>D</party>
        <identifiers>
          <lisID>2113</lisID>
          <gpoId />
          <bioguideId>P000608</bioguideId>
        </identifiers>
        <sponsorshipDate>2017-02-01</sponsorshipDate>
        <isOriginalCosponsor>True</isOriginalCosponsor>
        <firstName>Scott</firstName>
      </item>
      <item>
        <state>NY</state>
        <lastName>Stefanik</lastName>
        <sponsorshipWithdrawnDate />
        <district>21</district>
        <middleName>M.</middleName>
        <fullName>Rep. Stefanik, Elise M. [R-NY-21]</fullName>
        <bioguideId>S001196</bioguideId>
        <party>R</party>
        <identifiers>
          <gpoId />
          <bioguideId>S001196</bioguideId>
          <lisID>2263</lisID>
        </identifiers>
        <sponsorshipDate>2017-02-01</sponsorshipDate>
        <isOriginalCosponsor>True</isOriginalCosponsor>
        <firstName>Elise</firstName>
      </item>
      <item>
        <state>CO</state>
        <lastName>Polis</lastName>
        <sponsorshipWithdrawnDate />
        <district>2</district>
        <middleName />
        <fullName>Rep. Polis, Jared [D-CO-2]</fullName>
        <bioguideId>P000598</bioguideId>
        <party>D</party>
        <identifiers>
          <lisID>1910</lisID>
          <gpoId>7860</gpoId>
          <bioguideId>P000598</bioguideId>
        </identifiers>
        <sponsorshipDate>2017-02-01</sponsorshipDate>
        <isOriginalCosponsor>True</isOriginalCosponsor>
        <firstName>Jared</firstName>
      </item>
      <item>
        <state>NJ</state>
        <lastName>MacArthur</lastName>
        <sponsorshipWithdrawnDate />
        <district>3</district>
        <middleName />
        <fullName>Rep. MacArthur, Thomas [R-NJ-3]</fullName>
        <bioguideId>M001193</bioguideId>
        <party>R</party>
        <identifiers>
          <gpoId />
          <bioguideId>M001193</bioguideId>
          <lisID>2258</lisID>
        </identifiers>
        <sponsorshipDate>2017-02-01</sponsorshipDate>
        <isOriginalCosponsor>True</isOriginalCosponsor>
        <firstName>Thomas</firstName>
      </item>
      <item>
        <state>ME</state>
        <lastName>Pingree</lastName>
        <sponsorshipWithdrawnDate />
        <district>1</district>
        <middleName />
        <fullName>Rep. Pingree, Chellie [D-ME-1]</fullName>
        <bioguideId>P000597</bioguideId>
        <party>D</party>
        <identifiers>
          <gpoId>7984</gpoId>
          <lisID>1927</lisID>
          <bioguideId>P000597</bioguideId>
        </identifiers>
        <sponsorshipDate>2017-02-01</sponsorshipDate>
        <isOriginalCosponsor>True</isOriginalCosponsor>
        <firstName>Chellie</firstName>
      </item>
      <item>
        <state>AR</state>
        <lastName>Crawford</lastName>
        <sponsorshipWithdrawnDate />
        <district>1</district>
        <middleName>A. "Rick"</middleName>
        <fullName>Rep. Crawford, Eric A. "Rick" [R-AR-1]</fullName>
        <bioguideId>C001087</bioguideId>
        <party>R</party>
        <identifiers>
          <bioguideId>C001087</bioguideId>
          <gpoId>7793</gpoId>
          <lisID>1989</lisID>
        </identifiers>
        <sponsorshipDate>2017-02-01</sponsorshipDate>
        <isOriginalCosponsor>True</isOriginalCosponsor>
        <firstName>Eric</firstName>
      </item>
      <item>
        <state>OR</state>
        <lastName>BLUMENAUER</lastName>
        <sponsorshipWithdrawnDate />
        <district>3</district>
        <middleName />
        <fullName>Rep. Blumenauer, Earl [D-OR-3]</fullName>
        <bioguideId>B000574</bioguideId>
        <party>D</party>
        <identifiers>
          <gpoId>8116</gpoId>
          <bioguideId>B000574</bioguideId>
          <lisID>99</lisID>
        </identifiers>
        <sponsorshipDate>2017-02-01</sponsorshipDate>
        <isOriginalCosponsor>True</isOriginalCosponsor>
        <firstName>EARL</firstName>
      </item>
      <item>
        <state>MN</state>
        <lastName>Ellison</lastName>
        <sponsorshipWithdrawnDate />
        <district>5</district>
        <middleName />
        <fullName>Rep. Ellison, Keith [D-MN-5]</fullName>
        <bioguideId>E000288</bioguideId>
        <party>D</party>
        <identifiers>
          <lisID>1857</lisID>
          <gpoId>8005</gpoId>
          <bioguideId>E000288</bioguideId>
        </identifiers>
        <sponsorshipDate>2017-02-01</sponsorshipDate>
        <isOriginalCosponsor>True</isOriginalCosponsor>
        <firstName>Keith</firstName>
      </item>
      <item>
        <state>CA</state>
        <lastName>Vargas</lastName>
        <sponsorshipWithdrawnDate />
        <district>51</district>
        <middleName />
        <fullName>Rep. Vargas, Juan [D-CA-51]</fullName>
        <bioguideId>V000130</bioguideId>
        <party>D</party>
        <identifiers>
          <lisID>2112</lisID>
          <gpoId />
          <bioguideId>V000130</bioguideId>
        </identifiers>
        <sponsorshipDate>2017-02-01</sponsorshipDate>
        <isOriginalCosponsor>True</isOriginalCosponsor>
        <firstName>Juan</firstName>
      </item>
      <item>
        <state>VA</state>
        <lastName>Beyer</lastName>
        <sponsorshipWithdrawnDate />
        <district>8</district>
        <middleName>S.</middleName>
        <fullName>Rep. Beyer, Donald S., Jr. [D-VA-8]</fullName>
        <bioguideId>B001292</bioguideId>
        <party>D</party>
        <identifiers>
          <lisID>2272</lisID>
          <gpoId />
          <bioguideId>B001292</bioguideId>
        </identifiers>
        <sponsorshipDate>2017-02-01</sponsorshipDate>
        <isOriginalCosponsor>True</isOriginalCosponsor>
        <firstName>Donald</firstName>
      </item>
      <item>
        <state>CA</state>
        <lastName>Swalwell</lastName>
        <sponsorshipWithdrawnDate />
        <district>15</district>
        <middleName />
        <fullName>Rep. Swalwell, Eric [D-CA-15]</fullName>
        <bioguideId>S001193</bioguideId>
        <party>D</party>
        <identifiers>
          <bioguideId>S001193</bioguideId>
          <lisID>2104</lisID>
          <gpoId />
        </identifiers>
        <sponsorshipDate>2017-02-01</sponsorshipDate>
        <isOriginalCosponsor>True</isOriginalCosponsor>
        <firstName>Eric</firstName>
      </item>
      <item>
        <state>NC</state>
        <lastName>Rouzer</lastName>
        <sponsorshipWithdrawnDate />
        <district>7</district>
        <middleName />
        <fullName>Rep. Rouzer, David [R-NC-7]</fullName>
        <bioguideId>R000603</bioguideId>
        <party>R</party>
        <identifiers>
          <bioguideId>R000603</bioguideId>
          <lisID>2256</lisID>
          <gpoId />
        </identifiers>
        <sponsorshipDate>2017-02-01</sponsorshipDate>
        <isOriginalCosponsor>True</isOriginalCosponsor>
        <firstName>David</firstName>
      </item>
      <item>
        <state>IA</state>
        <lastName>Blum</lastName>
        <sponsorshipWithdrawnDate />
        <district>1</district>
        <middleName />
        <fullName>Rep. Blum, Rod [R-IA-1]</fullName>
        <bioguideId>B001294</bioguideId>
        <party>R</party>
        <identifiers>
          <lisID>2241</lisID>
          <gpoId />
          <bioguideId>B001294</bioguideId>
        </identifiers>
        <sponsorshipDate>2017-02-01</sponsorshipDate>
        <isOriginalCosponsor>True</isOriginalCosponsor>
        <firstName>Rod</firstName>
      </item>
      <item>
        <state>MN</state>
        <lastName>NOLAN</lastName>
        <sponsorshipWithdrawnDate />
        <district>8</district>
        <middleName />
        <fullName>Rep. Nolan, Richard M. [D-MN-8]</fullName>
        <bioguideId>N000127</bioguideId>
        <party>D</party>
        <identifiers>
          <bioguideId>N000127</bioguideId>
          <gpoId />
          <lisID>867</lisID>
        </identifiers>
        <sponsorshipDate>2017-02-01</sponsorshipDate>
        <isOriginalCosponsor>True</isOriginalCosponsor>
        <firstName>RICHARD</firstName>
      </item>
      <item>
        <state>IA</state>
        <lastName>Young</lastName>
        <sponsorshipWithdrawnDate />
        <district>3</district>
        <middleName />
        <fullName>Rep. Young, David [R-IA-3]</fullName>
        <bioguideId>Y000066</bioguideId>
        <party>R</party>
        <identifiers>
          <bioguideId>Y000066</bioguideId>
          <gpoId />
          <lisID>2242</lisID>
        </identifiers>
        <sponsorshipDate>2017-02-01</sponsorshipDate>
        <isOriginalCosponsor>True</isOriginalCosponsor>
        <firstName>David</firstName>
      </item>
      <item>
        <state>IN</state>
        <lastName>Bucshon</lastName>
        <sponsorshipWithdrawnDate />
        <district>8</district>
        <middleName />
        <fullName>Rep. Bucshon, Larry [R-IN-8]</fullName>
        <bioguideId>B001275</bioguideId>
        <party>R</party>
        <identifiers>
          <bioguideId>B001275</bioguideId>
          <gpoId>7947</gpoId>
          <lisID>2018</lisID>
        </identifiers>
        <sponsorshipDate>2017-02-01</sponsorshipDate>
        <isOriginalCosponsor>True</isOriginalCosponsor>
        <firstName>Larry</firstName>
      </item>
      <item>
        <state>MI</state>
        <lastName>Lawrence</lastName>
        <sponsorshipWithdrawnDate />
        <district>14</district>
        <middleName>L.</middleName>
        <fullName>Rep. Lawrence, Brenda L. [D-MI-14]</fullName>
        <bioguideId>L000581</bioguideId>
        <party>D</party>
        <identifiers>
          <lisID>2252</lisID>
          <gpoId />
          <bioguideId>L000581</bioguideId>
        </identifiers>
        <sponsorshipDate>2017-02-01</sponsorshipDate>
        <isOriginalCosponsor>True</isOriginalCosponsor>
        <firstName>Brenda</firstName>
      </item>
      <item>
        <state>CA</state>
        <lastName>Lieu</lastName>
        <sponsorshipWithdrawnDate />
        <district>33</district>
        <middleName />
        <fullName>Rep. Lieu, Ted [D-CA-33]</fullName>
        <bioguideId>L000582</bioguideId>
        <party>D</party>
        <identifiers>
          <lisID>2230</lisID>
          <gpoId />
          <bioguideId>L000582</bioguideId>
        </identifiers>
        <sponsorshipDate>2017-02-01</sponsorshipDate>
        <isOriginalCosponsor>True</isOriginalCosponsor>
        <firstName>Ted</firstName>
      </item>
      <item>
        <state>NH</state>
        <lastName>Kuster</lastName>
        <sponsorshipWithdrawnDate />
        <district>2</district>
        <middleName>M.</middleName>
        <fullName>Rep. Kuster, Ann M. [D-NH-2]</fullName>
        <bioguideId>K000382</bioguideId>
        <party>D</party>
        <identifiers>
          <lisID>2145</lisID>
          <gpoId />
          <bioguideId>K000382</bioguideId>
        </identifiers>
        <sponsorshipDate>2017-02-01</sponsorshipDate>
        <isOriginalCosponsor>True</isOriginalCosponsor>
        <firstName>Ann</firstName>
      </item>
      <item>
        <state>CT</state>
        <lastName>Himes</lastName>
        <sponsorshipWithdrawnDate />
        <district>4</district>
        <middleName>A.</middleName>
        <fullName>Rep. Himes, James A. [D-CT-4]</fullName>
        <bioguideId>H001047</bioguideId>
        <party>D</party>
        <identifiers>
          <bioguideId>H001047</bioguideId>
          <gpoId>7869</gpoId>
          <lisID>1913</lisID>
        </identifiers>
        <sponsorshipDate>2017-02-01</sponsorshipDate>
        <isOriginalCosponsor>True</isOriginalCosponsor>
        <firstName>James</firstName>
      </item>
      <item>
        <state>PA</state>
        <lastName>Costello</lastName>
        <sponsorshipWithdrawnDate />
        <district>6</district>
        <middleName>A.</middleName>
        <fullName>Rep. Costello, Ryan A. [R-PA-6]</fullName>
        <bioguideId>C001106</bioguideId>
        <party>R</party>
        <identifiers>
          <bioguideId>C001106</bioguideId>
          <gpoId />
          <lisID>2266</lisID>
        </identifiers>
        <sponsorshipDate>2017-02-01</sponsorshipDate>
        <isOriginalCosponsor>True</isOriginalCosponsor>
        <firstName>Ryan</firstName>
      </item>
      <item>
        <state>CA</state>
        <lastName>Brownley</lastName>
        <sponsorshipWithdrawnDate />
        <district>26</district>
        <middleName />
        <fullName>Rep. Brownley, Julia [D-CA-26]</fullName>
        <bioguideId>B001285</bioguideId>
        <party>D</party>
        <identifiers>
          <gpoId />
          <lisID>2106</lisID>
          <bioguideId>B001285</bioguideId>
        </identifiers>
        <sponsorshipDate>2017-02-01</sponsorshipDate>
        <isOriginalCosponsor>True</isOriginalCosponsor>
        <firstName>Julia</firstName>
      </item>
      <item>
        <state>CO</state>
        <lastName>Coffman</lastName>
        <sponsorshipWithdrawnDate />
        <district>6</district>
        <middleName />
        <fullName>Rep. Coffman, Mike [R-CO-6]</fullName>
        <bioguideId>C001077</bioguideId>
        <party>R</party>
        <identifiers>
          <bioguideId>C001077</bioguideId>
          <gpoId>7864</gpoId>
          <lisID>1912</lisID>
        </identifiers>
        <sponsorshipDate>2017-02-02</sponsorshipDate>
        <isOriginalCosponsor>False</isOriginalCosponsor>
        <firstName>Mike</firstName>
      </item>
      <item>
        <state>AZ</state>
        <lastName>Sinema</lastName>
        <sponsorshipWithdrawnDate />
        <district>9</district>
        <middleName />
        <fullName>Rep. Sinema, Kyrsten [D-AZ-9]</fullName>
        <bioguideId>S001191</bioguideId>
        <party>D</party>
        <identifiers>
          <bioguideId>S001191</bioguideId>
          <lisID>2099</lisID>
          <gpoId />
        </identifiers>
        <sponsorshipDate>2017-02-17</sponsorshipDate>
        <isOriginalCosponsor>False</isOriginalCosponsor>
        <firstName>Kyrsten</firstName>
      </item>
      <item>
        <state>IN</state>
        <lastName>Messer</lastName>
        <sponsorshipWithdrawnDate />
        <district>6</district>
        <middleName />
        <fullName>Rep. Messer, Luke [R-IN-6]</fullName>
        <bioguideId>M001189</bioguideId>
        <party>R</party>
        <identifiers>
          <lisID>2130</lisID>
          <gpoId />
          <bioguideId>M001189</bioguideId>
        </identifiers>
        <sponsorshipDate>2017-02-17</sponsorshipDate>
        <isOriginalCosponsor>False</isOriginalCosponsor>
        <firstName>Luke</firstName>
      </item>
      <item>
        <state>NY</state>
        <lastName>Katko</lastName>
        <sponsorshipWithdrawnDate />
        <district>24</district>
        <middleName />
        <fullName>Rep. Katko, John [R-NY-24]</fullName>
        <bioguideId>K000386</bioguideId>
        <party>R</party>
        <identifiers>
          <lisID>2264</lisID>
          <gpoId />
          <bioguideId>K000386</bioguideId>
        </identifiers>
        <sponsorshipDate>2017-02-17</sponsorshipDate>
        <isOriginalCosponsor>False</isOriginalCosponsor>
        <firstName>John</firstName>
      </item>
      <item>
        <state>CA</state>
        <lastName>THOMPSON</lastName>
        <sponsorshipWithdrawnDate />
        <district>5</district>
        <middleName />
        <fullName>Rep. Thompson, Mike [D-CA-5]</fullName>
        <bioguideId>T000460</bioguideId>
        <party>D</party>
        <identifiers>
          <lisID>1593</lisID>
          <gpoId>7806</gpoId>
          <bioguideId>T000460</bioguideId>
        </identifiers>
        <sponsorshipDate>2017-02-17</sponsorshipDate>
        <isOriginalCosponsor>False</isOriginalCosponsor>
        <firstName>MIKE</firstName>
      </item>
      <item>
        <state>NY</state>
        <lastName>Rice</lastName>
        <sponsorshipWithdrawnDate />
        <district>4</district>
        <middleName>M.</middleName>
        <fullName>Rep. Rice, Kathleen M. [D-NY-4]</fullName>
        <bioguideId>R000602</bioguideId>
        <party>D</party>
        <identifiers>
          <bioguideId>R000602</bioguideId>
          <gpoId />
          <lisID>2262</lisID>
        </identifiers>
        <sponsorshipDate>2017-02-17</sponsorshipDate>
        <isOriginalCosponsor>False</isOriginalCosponsor>
        <firstName>Kathleen</firstName>
      </item>
      <item>
        <state>CA</state>
        <lastName>McNerney</lastName>
        <sponsorshipWithdrawnDate />
        <district>9</district>
        <middleName />
        <fullName>Rep. McNerney, Jerry [D-CA-9]</fullName>
        <bioguideId>M001166</bioguideId>
        <party>D</party>
        <identifiers>
          <gpoId>7816</gpoId>
          <bioguideId>M001166</bioguideId>
          <lisID>1832</lisID>
        </identifiers>
        <sponsorshipDate>2017-02-17</sponsorshipDate>
        <isOriginalCosponsor>False</isOriginalCosponsor>
        <firstName>Jerry</firstName>
      </item>
      <item>
        <state>CA</state>
        <lastName>Garamendi</lastName>
        <sponsorshipWithdrawnDate />
        <district>3</district>
        <middleName />
        <fullName>Rep. Garamendi, John [D-CA-3]</fullName>
        <bioguideId>G000559</bioguideId>
        <party>D</party>
        <identifiers>
          <bioguideId>G000559</bioguideId>
          <gpoId>7815</gpoId>
          <lisID>1973</lisID>
        </identifiers>
        <sponsorshipDate>2017-02-27</sponsorshipDate>
        <isOriginalCosponsor>False</isOriginalCosponsor>
        <firstName>John</firstName>
      </item>
      <item>
        <state>NY</state>
        <lastName>Donovan</lastName>
        <sponsorshipWithdrawnDate />
        <district>11</district>
        <middleName>M.</middleName>
        <fullName>Rep. Donovan, Daniel M., Jr. [R-NY-11]</fullName>
        <bioguideId>D000625</bioguideId>
        <party>R</party>
        <identifiers>
          <lisID>2293</lisID>
          <gpoId />
          <bioguideId>D000625</bioguideId>
        </identifiers>
        <sponsorshipDate>2017-02-27</sponsorshipDate>
        <isOriginalCosponsor>False</isOriginalCosponsor>
        <firstName>Daniel</firstName>
      </item>
      <item>
        <state>IL</state>
        <lastName>Kinzinger</lastName>
        <sponsorshipWithdrawnDate />
        <district>16</district>
        <middleName />
        <fullName>Rep. Kinzinger, Adam [R-IL-16]</fullName>
        <bioguideId>K000378</bioguideId>
        <party>R</party>
        <identifiers>
          <lisID>2014</lisID>
          <gpoId>7931</gpoId>
          <bioguideId>K000378</bioguideId>
        </identifiers>
        <sponsorshipDate>2017-03-06</sponsorshipDate>
        <isOriginalCosponsor>False</isOriginalCosponsor>
        <firstName>Adam</firstName>
      </item>
      <item>
        <state>NE</state>
        <lastName>Bacon</lastName>
        <sponsorshipWithdrawnDate />
        <district>2</district>
        <middleName />
        <fullName>Rep. Bacon, Don [R-NE-2]</fullName>
        <bioguideId>B001298</bioguideId>
        <party>R</party>
        <identifiers>
          <bioguideId>B001298</bioguideId>
          <gpoId />
          <lisID>2337</lisID>
        </identifiers>
        <sponsorshipDate>2017-03-06</sponsorshipDate>
        <isOriginalCosponsor>False</isOriginalCosponsor>
        <firstName>Don</firstName>
      </item>
      <item>
        <state>TN</state>
        <lastName>Roe</lastName>
        <sponsorshipWithdrawnDate />
        <district>1</district>
        <middleName>P.</middleName>
        <fullName>Rep. Roe, David P. [R-TN-1]</fullName>
        <bioguideId>R000582</bioguideId>
        <party>R</party>
        <identifiers>
          <bioguideId>R000582</bioguideId>
          <gpoId>8148</gpoId>
          <lisID>1954</lisID>
        </identifiers>
        <sponsorshipDate>2017-03-06</sponsorshipDate>
        <isOriginalCosponsor>False</isOriginalCosponsor>
        <firstName>David</firstName>
      </item>
      <item>
        <state>AZ</state>
        <lastName>O'Halleran</lastName>
        <sponsorshipWithdrawnDate />
        <district>1</district>
        <middleName />
        <fullName>Rep. O'Halleran, Tom [D-AZ-1]</fullName>
        <bioguideId>O000171</bioguideId>
        <party>D</party>
        <identifiers>
          <bioguideId>O000171</bioguideId>
          <lisID>2306</lisID>
          <gpoId />
        </identifiers>
        <sponsorshipDate>2017-03-06</sponsorshipDate>
        <isOriginalCosponsor>False</isOriginalCosponsor>
        <firstName>Tom</firstName>
      </item>
      <item>
        <state>CO</state>
        <lastName>Tipton</lastName>
        <sponsorshipWithdrawnDate />
        <district>3</district>
        <middleName>R.</middleName>
        <fullName>Rep. Tipton, Scott  R. [R-CO-3]</fullName>
        <bioguideId>T000470</bioguideId>
        <party>R</party>
        <identifiers>
          <bioguideId>T000470</bioguideId>
          <lisID>1997</lisID>
          <gpoId>7861</gpoId>
        </identifiers>
        <sponsorshipDate>2017-03-06</sponsorshipDate>
        <isOriginalCosponsor>False</isOriginalCosponsor>
        <firstName>Scott</firstName>
      </item>
      <item>
        <state>NV</state>
        <lastName>Rosen</lastName>
        <sponsorshipWithdrawnDate />
        <district>3</district>
        <middleName />
        <fullName>Rep. Rosen, Jacky [D-NV-3]</fullName>
        <bioguideId>R000608</bioguideId>
        <party>D</party>
        <identifiers>
          <lisID>2339</lisID>
          <gpoId />
          <bioguideId>R000608</bioguideId>
        </identifiers>
        <sponsorshipDate>2017-03-08</sponsorshipDate>
        <isOriginalCosponsor>False</isOriginalCosponsor>
        <firstName>Jacky</firstName>
      </item>
      <item>
        <state>NM</state>
        <lastName>Lujan Grisham</lastName>
        <sponsorshipWithdrawnDate />
        <district>1</district>
        <middleName />
        <fullName>Rep. Lujan Grisham, Michelle [D-NM-1]</fullName>
        <bioguideId>L000580</bioguideId>
        <party>D</party>
        <identifiers>
          <lisID>2146</lisID>
          <gpoId />
          <bioguideId>L000580</bioguideId>
        </identifiers>
        <sponsorshipDate>2017-03-08</sponsorshipDate>
        <isOriginalCosponsor>False</isOriginalCosponsor>
        <firstName>Michelle</firstName>
      </item>
      <item>
        <state>OK</state>
        <lastName>Cole</lastName>
        <sponsorshipWithdrawnDate />
        <district>4</district>
        <middleName />
        <fullName>Rep. Cole, Tom [R-OK-4]</fullName>
        <bioguideId>C001053</bioguideId>
        <party>R</party>
        <identifiers>
          <lisID>1742</lisID>
          <gpoId>8112</gpoId>
          <bioguideId>C001053</bioguideId>
        </identifiers>
        <sponsorshipDate>2017-03-08</sponsorshipDate>
        <isOriginalCosponsor>False</isOriginalCosponsor>
        <firstName>Tom</firstName>
      </item>
      <item>
        <state>IN</state>
        <lastName>Carson</lastName>
        <sponsorshipWithdrawnDate />
        <district>7</district>
        <middleName />
        <fullName>Rep. Carson, Andre [D-IN-7]</fullName>
        <bioguideId>C001072</bioguideId>
        <party>D</party>
        <identifiers>
          <lisID>1889</lisID>
          <gpoId>7946</gpoId>
          <bioguideId>C001072</bioguideId>
        </identifiers>
        <sponsorshipDate>2017-03-08</sponsorshipDate>
        <isOriginalCosponsor>False</isOriginalCosponsor>
        <firstName>Andre</firstName>
      </item>
      <item>
        <state>WI</state>
        <lastName>Moore</lastName>
        <sponsorshipWithdrawnDate />
        <district>4</district>
        <middleName />
        <fullName>Rep. Moore, Gwen [D-WI-4]</fullName>
        <bioguideId>M001160</bioguideId>
        <party>D</party>
        <identifiers>
          <gpoId>8217</gpoId>
          <bioguideId>M001160</bioguideId>
          <lisID>1811</lisID>
        </identifiers>
        <sponsorshipDate>2017-03-08</sponsorshipDate>
        <isOriginalCosponsor>False</isOriginalCosponsor>
        <firstName>Gwen</firstName>
      </item>
      <item>
        <state>IL</state>
        <lastName>Bost</lastName>
        <sponsorshipWithdrawnDate />
        <district>12</district>
        <middleName />
        <fullName>Rep. Bost, Mike [R-IL-12]</fullName>
        <bioguideId>B001295</bioguideId>
        <party>R</party>
        <identifiers>
          <gpoId />
          <bioguideId>B001295</bioguideId>
          <lisID>2243</lisID>
        </identifiers>
        <sponsorshipDate>2017-03-08</sponsorshipDate>
        <isOriginalCosponsor>False</isOriginalCosponsor>
        <firstName>Mike</firstName>
      </item>
      <item>
        <state>MD</state>
        <lastName>Ruppersberger</lastName>
        <sponsorshipWithdrawnDate />
        <district>2</district>
        <middleName>Dutch</middleName>
        <fullName>Rep. Ruppersberger, C. A. Dutch [D-MD-2]</fullName>
        <bioguideId>R000576</bioguideId>
        <party>D</party>
        <identifiers>
          <bioguideId>R000576</bioguideId>
          <gpoId>7977</gpoId>
          <lisID>1728</lisID>
        </identifiers>
        <sponsorshipDate>2017-03-08</sponsorshipDate>
        <isOriginalCosponsor>False</isOriginalCosponsor>
        <firstName>C. A.</firstName>
      </item>
      <item>
        <state>NJ</state>
        <lastName>PALLONE</lastName>
        <sponsorshipWithdrawnDate />
        <district>6</district>
        <middleName />
        <fullName>Rep. Pallone, Frank, Jr. [D-NJ-6]</fullName>
        <bioguideId>P000034</bioguideId>
        <party>D</party>
        <identifiers>
          <lisID>887</lisID>
          <gpoId>8048</gpoId>
          <bioguideId>P000034</bioguideId>
        </identifiers>
        <sponsorshipDate>2017-03-16</sponsorshipDate>
        <isOriginalCosponsor>False</isOriginalCosponsor>
        <firstName>FRANK</firstName>
      </item>
      <item>
        <state>CA</state>
        <lastName>DeSaulnier</lastName>
        <sponsorshipWithdrawnDate />
        <district>11</district>
        <middleName />
        <fullName>Rep. DeSaulnier, Mark [D-CA-11]</fullName>
        <bioguideId>D000623</bioguideId>
        <party>D</party>
        <identifiers>
          <lisID>2227</lisID>
          <gpoId />
          <bioguideId>D000623</bioguideId>
        </identifiers>
        <sponsorshipDate>2017-03-16</sponsorshipDate>
        <isOriginalCosponsor>False</isOriginalCosponsor>
        <firstName>Mark</firstName>
      </item>
      <item>
        <state>TX</state>
        <lastName>Poe</lastName>
        <sponsorshipWithdrawnDate />
        <district>2</district>
        <middleName />
        <fullName>Rep. Poe, Ted [R-TX-2]</fullName>
        <bioguideId>P000592</bioguideId>
        <party>R</party>
        <identifiers>
          <gpoId>8158</gpoId>
          <lisID>1802</lisID>
          <bioguideId>P000592</bioguideId>
        </identifiers>
        <sponsorshipDate>2017-03-16</sponsorshipDate>
        <isOriginalCosponsor>False</isOriginalCosponsor>
        <firstName>Ted</firstName>
      </item>
      <item>
        <state>PA</state>
        <lastName>Meehan</lastName>
        <sponsorshipWithdrawnDate />
        <district>7</district>
        <middleName />
        <fullName>Rep. Meehan, Patrick [R-PA-7]</fullName>
        <bioguideId>M001181</bioguideId>
        <party>R</party>
        <identifiers>
          <lisID>2052</lisID>
          <gpoId>8125</gpoId>
          <bioguideId>M001181</bioguideId>
        </identifiers>
        <sponsorshipDate>2017-03-21</sponsorshipDate>
        <isOriginalCosponsor>False</isOriginalCosponsor>
        <firstName>Patrick</firstName>
      </item>
      <item>
        <state>NY</state>
        <lastName>Faso</lastName>
        <sponsorshipWithdrawnDate />
        <district>19</district>
        <middleName>J.</middleName>
        <fullName>Rep. Faso, John J. [R-NY-19]</fullName>
        <bioguideId>F000464</bioguideId>
        <party>R</party>
        <identifiers>
          <gpoId />
          <bioguideId>F000464</bioguideId>
          <lisID>2343</lisID>
        </identifiers>
        <sponsorshipDate>2017-03-23</sponsorshipDate>
        <isOriginalCosponsor>False</isOriginalCosponsor>
        <firstName>John</firstName>
      </item>
      <item>
        <state>KS</state>
        <lastName>Yoder</lastName>
        <sponsorshipWithdrawnDate />
        <district>3</district>
        <middleName />
        <fullName>Rep. Yoder, Kevin [R-KS-3]</fullName>
        <bioguideId>Y000063</bioguideId>
        <party>R</party>
        <identifiers>
          <bioguideId>Y000063</bioguideId>
          <gpoId>7951</gpoId>
          <lisID>2021</lisID>
        </identifiers>
        <sponsorshipDate>2017-03-23</sponsorshipDate>
        <isOriginalCosponsor>False</isOriginalCosponsor>
        <firstName>Kevin</firstName>
      </item>
      <item>
        <state>MI</state>
        <lastName>Walberg</lastName>
        <sponsorshipWithdrawnDate />
        <district>7</district>
        <middleName />
        <fullName>Rep. Walberg, Tim [R-MI-7]</fullName>
        <bioguideId>W000798</bioguideId>
        <party>R</party>
        <identifiers>
          <bioguideId>W000798</bioguideId>
          <gpoId>7992</gpoId>
          <lisID>1855</lisID>
        </identifiers>
        <sponsorshipDate>2017-03-23</sponsorshipDate>
        <isOriginalCosponsor>False</isOriginalCosponsor>
        <firstName>Tim</firstName>
      </item>
      <item>
        <state>CA</state>
        <lastName>Cook</lastName>
        <sponsorshipWithdrawnDate />
        <district>8</district>
        <middleName />
        <fullName>Rep. Cook, Paul [R-CA-8]</fullName>
        <bioguideId>C001094</bioguideId>
        <party>R</party>
        <identifiers>
          <lisID>2103</lisID>
          <gpoId />
          <bioguideId>C001094</bioguideId>
        </identifiers>
        <sponsorshipDate>2017-04-06</sponsorshipDate>
        <isOriginalCosponsor>False</isOriginalCosponsor>
        <firstName>Paul</firstName>
      </item>
      <item>
        <state>PA</state>
        <lastName>Shuster</lastName>
        <sponsorshipWithdrawnDate />
        <district>9</district>
        <middleName />
        <fullName>Rep. Shuster, Bill [R-PA-9]</fullName>
        <bioguideId>S001154</bioguideId>
        <party>R</party>
        <identifiers>
          <gpoId>8127</gpoId>
          <lisID>1681</lisID>
          <bioguideId>S001154</bioguideId>
        </identifiers>
        <sponsorshipDate>2017-04-06</sponsorshipDate>
        <isOriginalCosponsor>False</isOriginalCosponsor>
        <firstName>Bill</firstName>
      </item>
      <item>
        <state>CA</state>
        <lastName>Bera</lastName>
        <sponsorshipWithdrawnDate />
        <district>7</district>
        <middleName />
        <fullName>Rep. Bera, Ami [D-CA-7]</fullName>
        <bioguideId>B001287</bioguideId>
        <party>D</party>
        <identifiers>
          <bioguideId>B001287</bioguideId>
          <gpoId />
          <lisID>2102</lisID>
        </identifiers>
        <sponsorshipDate>2017-04-06</sponsorshipDate>
        <isOriginalCosponsor>False</isOriginalCosponsor>
        <firstName>Ami</firstName>
      </item>
      <item>
        <state>WA</state>
        <lastName>DelBene</lastName>
        <sponsorshipWithdrawnDate />
        <district>1</district>
        <middleName>K.</middleName>
        <fullName>Rep. DelBene, Suzan K. [D-WA-1]</fullName>
        <bioguideId>D000617</bioguideId>
        <party>D</party>
        <identifiers>
          <lisID>2096</lisID>
          <gpoId>8374</gpoId>
          <bioguideId>D000617</bioguideId>
        </identifiers>
        <sponsorshipDate>2017-04-06</sponsorshipDate>
        <isOriginalCosponsor>False</isOriginalCosponsor>
        <firstName>Suzan</firstName>
      </item>
      <item>
        <state>OR</state>
        <lastName>Schrader</lastName>
        <sponsorshipWithdrawnDate />
        <district>5</district>
        <middleName />
        <fullName>Rep. Schrader, Kurt [D-OR-5]</fullName>
        <bioguideId>S001180</bioguideId>
        <party>D</party>
        <identifiers>
          <bioguideId>S001180</bioguideId>
          <gpoId>8118</gpoId>
          <lisID>1950</lisID>
        </identifiers>
        <sponsorshipDate>2017-04-06</sponsorshipDate>
        <isOriginalCosponsor>False</isOriginalCosponsor>
        <firstName>Kurt</firstName>
      </item>
      <item>
        <state>WA</state>
        <lastName>Kilmer</lastName>
        <sponsorshipWithdrawnDate />
        <district>6</district>
        <middleName />
        <fullName>Rep. Kilmer, Derek [D-WA-6]</fullName>
        <bioguideId>K000381</bioguideId>
        <party>D</party>
        <identifiers>
          <bioguideId>K000381</bioguideId>
          <gpoId />
          <lisID>2169</lisID>
        </identifiers>
        <sponsorshipDate>2017-04-06</sponsorshipDate>
        <isOriginalCosponsor>False</isOriginalCosponsor>
        <firstName>Derek</firstName>
      </item>
      <item>
        <state>CA</state>
        <lastName>LOFGREN</lastName>
        <sponsorshipWithdrawnDate />
        <district>19</district>
        <middleName />
        <fullName>Rep. Lofgren, Zoe [D-CA-19]</fullName>
        <bioguideId>L000397</bioguideId>
        <party>D</party>
        <identifiers>
          <lisID>701</lisID>
          <gpoId>7821</gpoId>
          <bioguideId>L000397</bioguideId>
        </identifiers>
        <sponsorshipDate>2017-04-06</sponsorshipDate>
        <isOriginalCosponsor>False</isOriginalCosponsor>
        <firstName>ZOE</firstName>
      </item>
      <item>
        <state>NY</state>
        <lastName>Maloney</lastName>
        <sponsorshipWithdrawnDate />
        <district>18</district>
        <middleName>Patrick</middleName>
        <fullName>Rep. Maloney, Sean Patrick [D-NY-18]</fullName>
        <bioguideId>M001185</bioguideId>
        <party>D</party>
        <identifiers>
          <gpoId />
          <bioguideId>M001185</bioguideId>
          <lisID>2150</lisID>
        </identifiers>
        <sponsorshipDate>2017-04-28</sponsorshipDate>
        <isOriginalCosponsor>False</isOriginalCosponsor>
        <firstName>Sean</firstName>
      </item>
      <item>
        <state>CA</state>
        <lastName>Lowenthal</lastName>
        <sponsorshipWithdrawnDate />
        <district>47</district>
        <middleName>S.</middleName>
        <fullName>Rep. Lowenthal, Alan S. [D-CA-47]</fullName>
        <bioguideId>L000579</bioguideId>
        <party>D</party>
        <identifiers>
          <bioguideId>L000579</bioguideId>
          <gpoId />
          <lisID>2111</lisID>
        </identifiers>
        <sponsorshipDate>2017-04-28</sponsorshipDate>
        <isOriginalCosponsor>False</isOriginalCosponsor>
        <firstName>Alan</firstName>
      </item>
      <item>
        <state>OH</state>
        <lastName>Beatty</lastName>
        <sponsorshipWithdrawnDate />
        <district>3</district>
        <middleName />
        <fullName>Rep. Beatty, Joyce [D-OH-3]</fullName>
        <bioguideId>B001281</bioguideId>
        <party>D</party>
        <identifiers>
          <gpoId />
          <bioguideId>B001281</bioguideId>
          <lisID>2153</lisID>
        </identifiers>
        <sponsorshipDate>2017-04-28</sponsorshipDate>
        <isOriginalCosponsor>False</isOriginalCosponsor>
        <firstName>Joyce</firstName>
      </item>
      <item>
        <state>IA</state>
        <lastName>Loebsack</lastName>
        <sponsorshipWithdrawnDate />
        <district>2</district>
        <middleName />
        <fullName>Rep. Loebsack, David [D-IA-2]</fullName>
        <bioguideId>L000565</bioguideId>
        <party>D</party>
        <identifiers>
          <lisID>1846</lisID>
          <gpoId>7915</gpoId>
          <bioguideId>L000565</bioguideId>
        </identifiers>
        <sponsorshipDate>2017-04-28</sponsorshipDate>
        <isOriginalCosponsor>False</isOriginalCosponsor>
        <firstName>David</firstName>
      </item>
      <item>
        <state>FL</state>
        <lastName>ROS-LEHTINEN</lastName>
        <sponsorshipWithdrawnDate />
        <district>27</district>
        <middleName />
        <fullName>Rep. Ros-Lehtinen, Ileana [R-FL-27]</fullName>
        <bioguideId>R000435</bioguideId>
        <party>R</party>
        <identifiers>
          <lisID>985</lisID>
          <gpoId>7890</gpoId>
          <bioguideId>R000435</bioguideId>
        </identifiers>
        <sponsorshipDate>2017-04-28</sponsorshipDate>
        <isOriginalCosponsor>False</isOriginalCosponsor>
        <firstName>ILEANA</firstName>
      </item>
      <item>
        <state>CA</state>
        <lastName>Valadao</lastName>
        <sponsorshipWithdrawnDate />
        <district>21</district>
        <middleName>G.</middleName>
        <fullName>Rep. Valadao, David G. [R-CA-21]</fullName>
        <bioguideId>V000129</bioguideId>
        <party>R</party>
        <identifiers>
          <lisID>2105</lisID>
          <gpoId />
          <bioguideId>V000129</bioguideId>
        </identifiers>
        <sponsorshipDate>2017-04-28</sponsorshipDate>
        <isOriginalCosponsor>False</isOriginalCosponsor>
        <firstName>David</firstName>
      </item>
      <item>
        <state>AZ</state>
        <lastName>McSally</lastName>
        <sponsorshipWithdrawnDate />
        <district>2</district>
        <middleName />
        <fullName>Rep. McSally, Martha [R-AZ-2]</fullName>
        <bioguideId>M001197</bioguideId>
        <party>R</party>
        <identifiers>
          <lisID>2225</lisID>
          <gpoId />
          <bioguideId>M001197</bioguideId>
        </identifiers>
        <sponsorshipDate>2017-04-28</sponsorshipDate>
        <isOriginalCosponsor>False</isOriginalCosponsor>
        <firstName>Martha</firstName>
      </item>
      <item>
        <state>PA</state>
        <lastName>Smucker</lastName>
        <sponsorshipWithdrawnDate />
        <district>16</district>
        <middleName />
        <fullName>Rep. Smucker, Lloyd [R-PA-16]</fullName>
        <bioguideId>S001199</bioguideId>
        <party>R</party>
        <identifiers>
          <bioguideId>S001199</bioguideId>
          <lisID>2346</lisID>
          <gpoId />
        </identifiers>
        <sponsorshipDate>2017-04-28</sponsorshipDate>
        <isOriginalCosponsor>False</isOriginalCosponsor>
        <firstName>Lloyd</firstName>
      </item>
      <item>
        <state>CA</state>
        <lastName>Chu</lastName>
        <sponsorshipWithdrawnDate />
        <district>27</district>
        <middleName />
        <fullName>Rep. Chu, Judy [D-CA-27]</fullName>
        <bioguideId>C001080</bioguideId>
        <party>D</party>
        <identifiers>
          <lisID>1970</lisID>
          <gpoId>7837</gpoId>
          <bioguideId>C001080</bioguideId>
        </identifiers>
        <sponsorshipDate>2017-04-28</sponsorshipDate>
        <isOriginalCosponsor>False</isOriginalCosponsor>
        <firstName>Judy</firstName>
      </item>
      <item>
        <state>MN</state>
        <lastName>Walz</lastName>
        <sponsorshipWithdrawnDate />
        <district>1</district>
        <middleName>J.</middleName>
        <fullName>Rep. Walz, Timothy J. [D-MN-1]</fullName>
        <bioguideId>W000799</bioguideId>
        <party>D</party>
        <identifiers>
          <lisID>1856</lisID>
          <gpoId>8001</gpoId>
          <bioguideId>W000799</bioguideId>
        </identifiers>
        <sponsorshipDate>2017-04-28</sponsorshipDate>
        <isOriginalCosponsor>False</isOriginalCosponsor>
        <firstName>Timothy</firstName>
      </item>
      <item>
        <state>CA</state>
        <lastName>Khanna</lastName>
        <sponsorshipWithdrawnDate />
        <district>17</district>
        <middleName />
        <fullName>Rep. Khanna, Ro [D-CA-17]</fullName>
        <bioguideId>K000389</bioguideId>
        <party>D</party>
        <identifiers>
          <lisID>2308</lisID>
          <gpoId />
          <bioguideId>K000389</bioguideId>
        </identifiers>
        <sponsorshipDate>2017-05-15</sponsorshipDate>
        <isOriginalCosponsor>False</isOriginalCosponsor>
        <firstName>Ro</firstName>
      </item>
      <item>
        <state>FL</state>
        <lastName>Soto</lastName>
        <sponsorshipWithdrawnDate />
        <district>9</district>
        <middleName />
        <fullName>Rep. Soto, Darren [D-FL-9]</fullName>
        <bioguideId>S001200</bioguideId>
        <party>D</party>
        <identifiers>
          <lisID>2319</lisID>
          <gpoId />
          <bioguideId>S001200</bioguideId>
        </identifiers>
        <sponsorshipDate>2017-05-15</sponsorshipDate>
        <isOriginalCosponsor>False</isOriginalCosponsor>
        <firstName>Darren</firstName>
      </item>
      <item>
        <state>NY</state>
        <lastName>KING</lastName>
        <sponsorshipWithdrawnDate />
        <district>2</district>
        <middleName>T.</middleName>
        <fullName>Rep. King, Peter T. [R-NY-2]</fullName>
        <bioguideId>K000210</bioguideId>
        <party>R</party>
        <identifiers>
          <bioguideId>K000210</bioguideId>
          <lisID>635</lisID>
          <gpoId>8064</gpoId>
        </identifiers>
        <sponsorshipDate>2017-05-19</sponsorshipDate>
        <isOriginalCosponsor>False</isOriginalCosponsor>
        <firstName>PETER</firstName>
      </item>
      <item>
        <state>ME</state>
        <lastName>Poliquin</lastName>
        <sponsorshipWithdrawnDate />
        <district>2</district>
        <middleName />
        <fullName>Rep. Poliquin, Bruce [R-ME-2]</fullName>
        <bioguideId>P000611</bioguideId>
        <party>R</party>
        <identifiers>
          <gpoId />
          <bioguideId>P000611</bioguideId>
          <lisID>2247</lisID>
        </identifiers>
        <sponsorshipDate>2017-05-19</sponsorshipDate>
        <isOriginalCosponsor>False</isOriginalCosponsor>
        <firstName>Bruce</firstName>
      </item>
      <item>
        <state>MA</state>
        <lastName>Moulton</lastName>
        <sponsorshipWithdrawnDate />
        <district>6</district>
        <middleName />
        <fullName>Rep. Moulton, Seth [D-MA-6]</fullName>
        <bioguideId>M001196</bioguideId>
        <party>D</party>
        <identifiers>
          <gpoId />
          <bioguideId>M001196</bioguideId>
          <lisID>2246</lisID>
        </identifiers>
        <sponsorshipDate>2017-05-19</sponsorshipDate>
        <isOriginalCosponsor>False</isOriginalCosponsor>
        <firstName>Seth</firstName>
      </item>
      <item>
        <state>IL</state>
        <lastName>Schneider</lastName>
        <sponsorshipWithdrawnDate />
        <district>10</district>
        <middleName>Scott</middleName>
        <fullName>Rep. Schneider, Bradley Scott [D-IL-10]</fullName>
        <bioguideId>S001190</bioguideId>
        <party>D</party>
        <identifiers>
          <gpoId />
          <bioguideId>S001190</bioguideId>
          <lisID>2124</lisID>
        </identifiers>
        <sponsorshipDate>2017-05-19</sponsorshipDate>
        <isOriginalCosponsor>False</isOriginalCosponsor>
        <firstName>Bradley</firstName>
      </item>
      <item>
        <state>CA</state>
        <lastName>Huffman</lastName>
        <sponsorshipWithdrawnDate />
        <district>2</district>
        <middleName />
        <fullName>Rep. Huffman, Jared [D-CA-2]</fullName>
        <bioguideId>H001068</bioguideId>
        <party>D</party>
        <identifiers>
          <bioguideId>H001068</bioguideId>
          <gpoId />
          <lisID>2101</lisID>
        </identifiers>
        <sponsorshipDate>2017-05-19</sponsorshipDate>
        <isOriginalCosponsor>False</isOriginalCosponsor>
        <firstName>Jared</firstName>
      </item>
      <item>
        <state>OH</state>
        <lastName>RYAN</lastName>
        <sponsorshipWithdrawnDate />
        <district>13</district>
        <middleName />
        <fullName>Rep. Ryan, Tim [D-OH-13]</fullName>
        <bioguideId>R000577</bioguideId>
        <party>D</party>
        <identifiers>
          <gpoId>8107</gpoId>
          <bioguideId>R000577</bioguideId>
          <lisID>1756</lisID>
        </identifiers>
        <sponsorshipDate>2017-05-19</sponsorshipDate>
        <isOriginalCosponsor>False</isOriginalCosponsor>
        <firstName>TIM</firstName>
      </item>
      <item>
        <state>FL</state>
        <lastName>Murphy</lastName>
        <sponsorshipWithdrawnDate />
        <district>7</district>
        <middleName>N.</middleName>
        <fullName>Rep. Murphy, Stephanie N. [D-FL-7]</fullName>
        <bioguideId>M001202</bioguideId>
        <party>D</party>
        <identifiers>
          <lisID>2318</lisID>
          <gpoId />
          <bioguideId>M001202</bioguideId>
        </identifiers>
        <sponsorshipDate>2017-05-25</sponsorshipDate>
        <isOriginalCosponsor>False</isOriginalCosponsor>
        <firstName>Stephanie</firstName>
      </item>
      <item>
        <state>CA</state>
        <lastName>Torres</lastName>
        <sponsorshipWithdrawnDate />
        <district>35</district>
        <middleName>J.</middleName>
        <fullName>Rep. Torres, Norma J. [D-CA-35]</fullName>
        <bioguideId>T000474</bioguideId>
        <party>D</party>
        <identifiers>
          <lisID>2231</lisID>
          <gpoId />
          <bioguideId>T000474</bioguideId>
        </identifiers>
        <sponsorshipDate>2017-05-25</sponsorshipDate>
        <isOriginalCosponsor>False</isOriginalCosponsor>
        <firstName>Norma</firstName>
      </item>
      <item>
        <state>OH</state>
        <lastName>Joyce</lastName>
        <sponsorshipWithdrawnDate />
        <district>14</district>
        <middleName>P.</middleName>
        <fullName>Rep. Joyce, David P. [R-OH-14]</fullName>
        <bioguideId>J000295</bioguideId>
        <party>R</party>
        <identifiers>
          <lisID>2154</lisID>
          <gpoId />
          <bioguideId>J000295</bioguideId>
        </identifiers>
        <sponsorshipDate>2017-05-25</sponsorshipDate>
        <isOriginalCosponsor>False</isOriginalCosponsor>
        <firstName>David</firstName>
      </item>
      <item>
        <state>NH</state>
        <lastName>Shea-Porter</lastName>
        <sponsorshipWithdrawnDate />
        <district>1</district>
        <middleName />
        <fullName>Rep. Shea-Porter, Carol [D-NH-1]</fullName>
        <bioguideId>S001170</bioguideId>
        <party>D</party>
        <identifiers>
          <lisID>1861</lisID>
          <gpoId>7528</gpoId>
          <bioguideId>S001170</bioguideId>
        </identifiers>
        <sponsorshipDate>2017-06-07</sponsorshipDate>
        <isOriginalCosponsor>False</isOriginalCosponsor>
        <firstName>Carol</firstName>
      </item>
      <item>
        <state>FL</state>
        <lastName>Ross</lastName>
        <sponsorshipWithdrawnDate />
        <district>15</district>
        <middleName>A.</middleName>
        <fullName>Rep. Ross, Dennis A. [R-FL-15]</fullName>
        <bioguideId>R000593</bioguideId>
        <party>R</party>
        <identifiers>
          <gpoId>7884</gpoId>
          <bioguideId>R000593</bioguideId>
          <lisID>2003</lisID>
        </identifiers>
        <sponsorshipDate>2017-06-07</sponsorshipDate>
        <isOriginalCosponsor>False</isOriginalCosponsor>
        <firstName>Dennis</firstName>
      </item>
      <item>
        <state>AR</state>
        <lastName>Womack</lastName>
        <sponsorshipWithdrawnDate />
        <district>3</district>
        <middleName />
        <fullName>Rep. Womack, Steve [R-AR-3]</fullName>
        <bioguideId>W000809</bioguideId>
        <party>R</party>
        <identifiers>
          <lisID>1991</lisID>
          <gpoId>7795</gpoId>
          <bioguideId>W000809</bioguideId>
        </identifiers>
        <sponsorshipDate>2017-06-07</sponsorshipDate>
        <isOriginalCosponsor>False</isOriginalCosponsor>
        <firstName>Steve</firstName>
      </item>
      <item>
        <state>IN</state>
        <lastName>Brooks</lastName>
        <sponsorshipWithdrawnDate />
        <district>5</district>
        <middleName>W.</middleName>
        <fullName>Rep. Brooks, Susan W. [R-IN-5]</fullName>
        <bioguideId>B001284</bioguideId>
        <party>R</party>
        <identifiers>
          <bioguideId>B001284</bioguideId>
          <gpoId />
          <lisID>2129</lisID>
        </identifiers>
        <sponsorshipDate>2017-06-07</sponsorshipDate>
        <isOriginalCosponsor>False</isOriginalCosponsor>
        <firstName>Susan</firstName>
      </item>
      <item>
        <state>FL</state>
        <lastName>Wilson</lastName>
        <sponsorshipWithdrawnDate />
        <district>24</district>
        <middleName>S.</middleName>
        <fullName>Rep. Wilson, Frederica S. [D-FL-24]</fullName>
        <bioguideId>W000808</bioguideId>
        <party>D</party>
        <identifiers>
          <lisID>2004</lisID>
          <gpoId>7889</gpoId>
          <bioguideId>W000808</bioguideId>
        </identifiers>
        <sponsorshipDate>2017-06-22</sponsorshipDate>
        <isOriginalCosponsor>False</isOriginalCosponsor>
        <firstName>Frederica</firstName>
      </item>
      <item>
        <state>IL</state>
        <lastName>SHIMKUS</lastName>
        <sponsorshipWithdrawnDate />
        <district>15</district>
        <middleName>M.</middleName>
        <fullName>Rep. Shimkus, John [R-IL-15]</fullName>
        <bioguideId>S000364</bioguideId>
        <party>R</party>
        <identifiers>
          <lisID>1527</lisID>
          <gpoId>7939</gpoId>
          <bioguideId>S000364</bioguideId>
        </identifiers>
        <sponsorshipDate>2017-06-22</sponsorshipDate>
        <isOriginalCosponsor>False</isOriginalCosponsor>
        <firstName>JOHN</firstName>
      </item>
      <item>
        <state>IL</state>
        <lastName>Bustos</lastName>
        <sponsorshipWithdrawnDate />
        <district>17</district>
        <middleName />
        <fullName>Rep. Bustos, Cheri [D-IL-17]</fullName>
        <bioguideId>B001286</bioguideId>
        <party>D</party>
        <identifiers>
          <gpoId />
          <lisID>2127</lisID>
          <bioguideId>B001286</bioguideId>
        </identifiers>
        <sponsorshipDate>2017-07-11</sponsorshipDate>
        <isOriginalCosponsor>False</isOriginalCosponsor>
        <firstName>Cheri</firstName>
      </item>
      <item>
        <state>CA</state>
        <lastName>Carbajal</lastName>
        <sponsorshipWithdrawnDate />
        <district>24</district>
        <middleName>O.</middleName>
        <fullName>Rep. Carbajal, Salud O. [D-CA-24]</fullName>
        <bioguideId>C001112</bioguideId>
        <party>D</party>
        <identifiers>
          <gpoId />
          <bioguideId>C001112</bioguideId>
          <lisID>2310</lisID>
        </identifiers>
        <sponsorshipDate>2017-07-11</sponsorshipDate>
        <isOriginalCosponsor>False</isOriginalCosponsor>
        <firstName>Salud</firstName>
      </item>
      <item>
        <state>PA</state>
        <lastName>Barletta</lastName>
        <sponsorshipWithdrawnDate />
        <district>11</district>
        <middleName />
        <fullName>Rep. Barletta, Lou [R-PA-11]</fullName>
        <bioguideId>B001269</bioguideId>
        <party>R</party>
        <identifiers>
          <gpoId>8129</gpoId>
          <lisID>2054</lisID>
          <bioguideId>B001269</bioguideId>
        </identifiers>
        <sponsorshipDate>2017-07-20</sponsorshipDate>
        <isOriginalCosponsor>False</isOriginalCosponsor>
        <firstName>Lou</firstName>
      </item>
      <item>
        <state>WI</state>
        <lastName>Grothman</lastName>
        <sponsorshipWithdrawnDate />
        <district>6</district>
        <middleName />
        <fullName>Rep. Grothman, Glenn [R-WI-6]</fullName>
        <bioguideId>G000576</bioguideId>
        <party>R</party>
        <identifiers>
          <bioguideId>G000576</bioguideId>
          <lisID>2276</lisID>
          <gpoId />
        </identifiers>
        <sponsorshipDate>2017-07-20</sponsorshipDate>
        <isOriginalCosponsor>False</isOriginalCosponsor>
        <firstName>Glenn</firstName>
      </item>
      <item>
        <state>KY</state>
        <lastName>Barr</lastName>
        <sponsorshipWithdrawnDate />
        <district>6</district>
        <middleName />
        <fullName>Rep. Barr, Andy [R-KY-6]</fullName>
        <bioguideId>B001282</bioguideId>
        <party>R</party>
        <identifiers>
          <bioguideId>B001282</bioguideId>
          <gpoId />
          <lisID>2131</lisID>
        </identifiers>
        <sponsorshipDate>2017-07-20</sponsorshipDate>
        <isOriginalCosponsor>False</isOriginalCosponsor>
        <firstName>Andy</firstName>
      </item>
      <item>
        <state>VA</state>
        <lastName>Taylor</lastName>
        <sponsorshipWithdrawnDate />
        <district>2</district>
        <middleName />
        <fullName>Rep. Taylor, Scott [R-VA-2]</fullName>
        <bioguideId>T000477</bioguideId>
        <party>R</party>
        <identifiers>
          <lisID>2351</lisID>
          <gpoId />
          <bioguideId>T000477</bioguideId>
        </identifiers>
        <sponsorshipDate>2017-07-20</sponsorshipDate>
        <isOriginalCosponsor>False</isOriginalCosponsor>
        <firstName>Scott</firstName>
      </item>
      <item>
        <state>NV</state>
        <lastName>Kihuen</lastName>
        <sponsorshipWithdrawnDate />
        <district>4</district>
        <middleName>J.</middleName>
        <fullName>Rep. Kihuen, Ruben J. [D-NV-4]</fullName>
        <bioguideId>K000390</bioguideId>
        <party>D</party>
        <identifiers>
          <lisID>2340</lisID>
          <gpoId />
          <bioguideId>K000390</bioguideId>
        </identifiers>
        <sponsorshipDate>2017-07-20</sponsorshipDate>
        <isOriginalCosponsor>False</isOriginalCosponsor>
        <firstName>Ruben</firstName>
      </item>
      <item>
        <state>RI</state>
        <lastName>Cicilline</lastName>
        <sponsorshipWithdrawnDate />
        <district>1</district>
        <middleName>N.</middleName>
        <fullName>Rep. Cicilline, David N. [D-RI-1]</fullName>
        <bioguideId>C001084</bioguideId>
        <party>D</party>
        <identifiers>
          <lisID>2055</lisID>
          <gpoId>8139</gpoId>
          <bioguideId>C001084</bioguideId>
        </identifiers>
        <sponsorshipDate>2017-09-13</sponsorshipDate>
        <isOriginalCosponsor>False</isOriginalCosponsor>
        <firstName>David</firstName>
      </item>
      <item>
        <state>DE</state>
        <lastName>Blunt Rochester</lastName>
        <sponsorshipWithdrawnDate />
        <district>0</district>
        <middleName />
        <fullName>Rep. Blunt Rochester, Lisa [D-DE-At Large]</fullName>
        <bioguideId>B001303</bioguideId>
        <party>D</party>
        <identifiers>
          <lisID>2313</lisID>
          <gpoId />
          <bioguideId>B001303</bioguideId>
        </identifiers>
        <sponsorshipDate>2017-09-13</sponsorshipDate>
        <isOriginalCosponsor>False</isOriginalCosponsor>
        <firstName>Lisa</firstName>
      </item>
      <item>
        <state>CA</state>
        <lastName>Takano</lastName>
        <sponsorshipWithdrawnDate />
        <district>41</district>
        <middleName />
        <fullName>Rep. Takano, Mark [D-CA-41]</fullName>
        <bioguideId>T000472</bioguideId>
        <party>D</party>
        <identifiers>
          <gpoId />
          <lisID>2110</lisID>
          <bioguideId>T000472</bioguideId>
        </identifiers>
        <sponsorshipDate>2017-09-13</sponsorshipDate>
        <isOriginalCosponsor>False</isOriginalCosponsor>
        <firstName>Mark</firstName>
      </item>
      <item>
        <state>PA</state>
        <lastName>Fitzpatrick</lastName>
        <sponsorshipWithdrawnDate />
        <district>8</district>
        <middleName>K.</middleName>
        <fullName>Rep. Fitzpatrick, Brian K. [R-PA-8]</fullName>
        <bioguideId>F000466</bioguideId>
        <party>R</party>
        <identifiers>
          <lisID>2345</lisID>
          <gpoId />
          <bioguideId>F000466</bioguideId>
        </identifiers>
        <sponsorshipDate>2017-09-13</sponsorshipDate>
        <isOriginalCosponsor>False</isOriginalCosponsor>
        <firstName>Brian</firstName>
      </item>
      <item>
        <state>PA</state>
        <lastName>Thompson</lastName>
        <sponsorshipWithdrawnDate />
        <district>5</district>
        <middleName />
        <fullName>Rep. Thompson, Glenn [R-PA-5]</fullName>
        <bioguideId>T000467</bioguideId>
        <party>R</party>
        <identifiers>
          <bioguideId>T000467</bioguideId>
          <lisID>1952</lisID>
          <gpoId>8123</gpoId>
        </identifiers>
        <sponsorshipDate>2017-09-13</sponsorshipDate>
        <isOriginalCosponsor>False</isOriginalCosponsor>
        <firstName>Glenn</firstName>
      </item>
      <item>
        <state>MI</state>
        <lastName>Mitchell</lastName>
        <sponsorshipWithdrawnDate />
        <district>10</district>
        <middleName />
        <fullName>Rep. Mitchell, Paul [R-MI-10]</fullName>
        <bioguideId>M001201</bioguideId>
        <party>R</party>
        <identifiers>
          <bioguideId>M001201</bioguideId>
          <gpoId />
          <lisID>2334</lisID>
        </identifiers>
        <sponsorshipDate>2017-09-13</sponsorshipDate>
        <isOriginalCosponsor>False</isOriginalCosponsor>
        <firstName>Paul</firstName>
      </item>
      <item>
        <state>WI</state>
        <lastName>Pocan</lastName>
        <sponsorshipWithdrawnDate />
        <district>2</district>
        <middleName />
        <fullName>Rep. Pocan, Mark [D-WI-2]</fullName>
        <bioguideId>P000607</bioguideId>
        <party>D</party>
        <identifiers>
          <lisID>2171</lisID>
          <gpoId />
          <bioguideId>P000607</bioguideId>
        </identifiers>
        <sponsorshipDate>2017-09-13</sponsorshipDate>
        <isOriginalCosponsor>False</isOriginalCosponsor>
        <firstName>Mark</firstName>
      </item>
      <item>
        <state>TX</state>
        <lastName>SMITH</lastName>
        <sponsorshipWithdrawnDate />
        <district>21</district>
        <middleName />
        <fullName>Rep. Smith, Lamar [R-TX-21]</fullName>
        <bioguideId>S000583</bioguideId>
        <party>R</party>
        <identifiers>
          <bioguideId>S000583</bioguideId>
          <gpoId>8177</gpoId>
          <lisID>1075</lisID>
        </identifiers>
        <sponsorshipDate>2017-09-27</sponsorshipDate>
        <isOriginalCosponsor>False</isOriginalCosponsor>
        <firstName>LAMAR</firstName>
      </item>
      <item>
        <state>MO</state>
        <lastName>Smith</lastName>
        <sponsorshipWithdrawnDate />
        <district>8</district>
        <middleName />
        <fullName>Rep. Smith, Jason [R-MO-8]</fullName>
        <bioguideId>S001195</bioguideId>
        <party>R</party>
        <identifiers>
          <lisID>2191</lisID>
          <gpoId />
          <bioguideId>S001195</bioguideId>
        </identifiers>
        <sponsorshipDate>2017-09-27</sponsorshipDate>
        <isOriginalCosponsor>False</isOriginalCosponsor>
        <firstName>Jason</firstName>
      </item>
      <item>
        <state>MA</state>
        <lastName>MCGOVERN</lastName>
        <sponsorshipWithdrawnDate />
        <district>2</district>
        <middleName>P.</middleName>
        <fullName>Rep. McGovern, James P. [D-MA-2]</fullName>
        <bioguideId>M000312</bioguideId>
        <party>D</party>
        <identifiers>
          <bioguideId>M000312</bioguideId>
          <gpoId>7968</gpoId>
          <lisID>1504</lisID>
        </identifiers>
        <sponsorshipDate>2017-09-27</sponsorshipDate>
        <isOriginalCosponsor>False</isOriginalCosponsor>
        <firstName>JAMES</firstName>
      </item>
      <item>
        <state>VT</state>
        <lastName>Welch</lastName>
        <sponsorshipWithdrawnDate />
        <district>0</district>
        <middleName />
        <fullName>Rep. Welch, Peter [D-VT-At Large]</fullName>
        <bioguideId>W000800</bioguideId>
        <party>D</party>
        <identifiers>
          <bioguideId>W000800</bioguideId>
          <lisID>1879</lisID>
          <gpoId>8204</gpoId>
        </identifiers>
        <sponsorshipDate>2017-10-11</sponsorshipDate>
        <isOriginalCosponsor>False</isOriginalCosponsor>
        <firstName>Peter</firstName>
      </item>
      <item>
        <state>GA</state>
        <lastName>Johnson</lastName>
        <sponsorshipWithdrawnDate />
        <district>4</district>
        <middleName>C. "Hank"</middleName>
        <fullName>Rep. Johnson, Henry C. "Hank," Jr. [D-GA-4]</fullName>
        <bioguideId>J000288</bioguideId>
        <party>D</party>
        <identifiers>
          <gpoId>7901</gpoId>
          <lisID>1843</lisID>
          <bioguideId>J000288</bioguideId>
        </identifiers>
        <sponsorshipDate>2017-10-11</sponsorshipDate>
        <isOriginalCosponsor>False</isOriginalCosponsor>
        <firstName>Henry</firstName>
      </item>
      <item>
        <state>MI</state>
        <lastName>Kildee</lastName>
        <sponsorshipWithdrawnDate />
        <district>5</district>
        <middleName>T.</middleName>
        <fullName>Rep. Kildee, Daniel T. [D-MI-5]</fullName>
        <bioguideId>K000380</bioguideId>
        <party>D</party>
        <identifiers>
          <lisID>2134</lisID>
          <gpoId />
          <bioguideId>K000380</bioguideId>
        </identifiers>
        <sponsorshipDate>2017-10-11</sponsorshipDate>
        <isOriginalCosponsor>False</isOriginalCosponsor>
        <firstName>Daniel</firstName>
      </item>
      <item>
        <state>PA</state>
        <lastName>Cartwright</lastName>
        <sponsorshipWithdrawnDate />
        <district>17</district>
        <middleName />
        <fullName>Rep. Cartwright, Matt [D-PA-17]</fullName>
        <bioguideId>C001090</bioguideId>
        <party>D</party>
        <identifiers>
          <lisID>2159</lisID>
          <gpoId />
          <bioguideId>C001090</bioguideId>
        </identifiers>
        <sponsorshipDate>2017-11-14</sponsorshipDate>
        <isOriginalCosponsor>False</isOriginalCosponsor>
        <firstName>Matt</firstName>
      </item>
      <item>
        <state>MA</state>
        <lastName>Kennedy</lastName>
        <sponsorshipWithdrawnDate />
        <district>4</district>
        <middleName>P.</middleName>
        <fullName>Rep. Kennedy, Joseph P., III [D-MA-4]</fullName>
        <bioguideId>K000379</bioguideId>
        <party>D</party>
        <identifiers>
          <lisID>2172</lisID>
          <gpoId />
          <bioguideId>K000379</bioguideId>
        </identifiers>
        <sponsorshipDate>2017-11-14</sponsorshipDate>
        <isOriginalCosponsor>False</isOriginalCosponsor>
        <firstName>Joseph</firstName>
      </item>
      <item>
        <state>CA</state>
        <lastName>Gomez</lastName>
        <sponsorshipWithdrawnDate />
        <district>34</district>
        <middleName />
        <fullName>Rep. Gomez, Jimmy [D-CA-34]</fullName>
        <bioguideId>G000585</bioguideId>
        <party>D</party>
        <identifiers>
          <gpoId />
          <bioguideId>G000585</bioguideId>
          <lisID>2362</lisID>
        </identifiers>
        <sponsorshipDate>2017-11-14</sponsorshipDate>
        <isOriginalCosponsor>False</isOriginalCosponsor>
        <firstName>Jimmy</firstName>
      </item>
      <item>
        <state>TX</state>
        <lastName>Castro</lastName>
        <sponsorshipWithdrawnDate />
        <district>20</district>
        <middleName />
        <fullName>Rep. Castro, Joaquin [D-TX-20]</fullName>
        <bioguideId>C001091</bioguideId>
        <party>D</party>
        <identifiers>
          <gpoId />
          <lisID>2163</lisID>
          <bioguideId>C001091</bioguideId>
        </identifiers>
        <sponsorshipDate>2017-11-29</sponsorshipDate>
        <isOriginalCosponsor>False</isOriginalCosponsor>
        <firstName>Joaquin</firstName>
      </item>
      <item>
        <state>NY</state>
        <lastName>Meng</lastName>
        <sponsorshipWithdrawnDate />
        <district>6</district>
        <middleName />
        <fullName>Rep. Meng, Grace [D-NY-6]</fullName>
        <bioguideId>M001188</bioguideId>
        <party>D</party>
        <identifiers>
          <lisID>2148</lisID>
          <gpoId />
          <bioguideId>M001188</bioguideId>
        </identifiers>
        <sponsorshipDate>2018-01-29</sponsorshipDate>
        <isOriginalCosponsor>False</isOriginalCosponsor>
        <firstName>Grace</firstName>
      </item>
      <item>
        <state>CT</state>
        <lastName>Esty</lastName>
        <sponsorshipWithdrawnDate />
        <district>5</district>
        <middleName>H.</middleName>
        <fullName>Rep. Esty, Elizabeth H. [D-CT-5]</fullName>
        <bioguideId>E000293</bioguideId>
        <party>D</party>
        <identifiers>
          <lisID>2114</lisID>
          <gpoId />
          <bioguideId>E000293</bioguideId>
        </identifiers>
        <sponsorshipDate>2018-02-14</sponsorshipDate>
        <isOriginalCosponsor>False</isOriginalCosponsor>
        <firstName>Elizabeth</firstName>
      </item>
      <item>
        <state>KS</state>
        <lastName>Marshall</lastName>
        <sponsorshipWithdrawnDate />
        <district>1</district>
        <middleName>W.</middleName>
        <fullName>Rep. Marshall, Roger W. [R-KS-1]</fullName>
        <bioguideId>M001198</bioguideId>
        <party>R</party>
        <identifiers>
          <bioguideId>M001198</bioguideId>
          <gpoId />
          <lisID>2328</lisID>
        </identifiers>
        <sponsorshipDate>2018-03-15</sponsorshipDate>
        <isOriginalCosponsor>False</isOriginalCosponsor>
        <firstName>Roger</firstName>
      </item>
      <item>
        <state>VA</state>
        <lastName>Connolly</lastName>
        <sponsorshipWithdrawnDate />
        <district>11</district>
        <middleName>E.</middleName>
        <fullName>Rep. Connolly, Gerald E. [D-VA-11]</fullName>
        <bioguideId>C001078</bioguideId>
        <party>D</party>
        <identifiers>
          <lisID>1959</lisID>
          <gpoId>8202</gpoId>
          <bioguideId>C001078</bioguideId>
        </identifiers>
        <sponsorshipDate>2018-03-15</sponsorshipDate>
        <isOriginalCosponsor>False</isOriginalCosponsor>
        <firstName>Gerald</firstName>
      </item>
      <item>
        <state>MN</state>
        <lastName>PETERSON</lastName>
        <sponsorshipWithdrawnDate />
        <district>7</district>
        <middleName>C.</middleName>
        <fullName>Rep. Peterson, Collin C. [D-MN-7]</fullName>
        <bioguideId>P000258</bioguideId>
        <party>D</party>
        <identifiers>
          <lisID>910</lisID>
          <gpoId>8007</gpoId>
          <bioguideId>P000258</bioguideId>
        </identifiers>
        <sponsorshipDate>2018-03-15</sponsorshipDate>
        <isOriginalCosponsor>False</isOriginalCosponsor>
        <firstName>COLLIN</firstName>
      </item>
      <item>
        <state>CA</state>
        <lastName>Barragan</lastName>
        <sponsorshipWithdrawnDate />
        <district>44</district>
        <middleName>Diaz</middleName>
        <fullName>Rep. Barragan, Nanette Diaz [D-CA-44]</fullName>
        <bioguideId>B001300</bioguideId>
        <party>D</party>
        <identifiers>
          <lisID>2311</lisID>
          <gpoId />
          <bioguideId>B001300</bioguideId>
        </identifiers>
        <sponsorshipDate>2018-03-15</sponsorshipDate>
        <isOriginalCosponsor>False</isOriginalCosponsor>
        <firstName>Nanette</firstName>
      </item>
      <item>
        <state>TX</state>
        <lastName>O'Rourke</lastName>
        <sponsorshipWithdrawnDate />
        <district>16</district>
        <middleName />
        <fullName>Rep. O'Rourke, Beto [D-TX-16]</fullName>
        <bioguideId>O000170</bioguideId>
        <party>D</party>
        <identifiers>
          <lisID>2162</lisID>
          <gpoId />
          <bioguideId>O000170</bioguideId>
        </identifiers>
        <sponsorshipDate>2018-03-15</sponsorshipDate>
        <isOriginalCosponsor>False</isOriginalCosponsor>
        <firstName>Beto</firstName>
      </item>
    </cosponsors>
    <cboCostEstimates />
    <sponsors>
      <item>
        <state>IL</state>
        <bioguideId>D000619</bioguideId>
        <fullName>Rep. Davis, Rodney [R-IL-13]</fullName>
        <identifiers>
          <lisID>2126</lisID>
          <gpoId />
          <bioguideId>D000619</bioguideId>
        </identifiers>
        <middleName />
        <firstName>Rodney</firstName>
        <district>13</district>
        <lastName>Davis</lastName>
        <byRequestType />
        <party>R</party>
      </item>
    </sponsors>
    <actions>
      <actionByCounts>
        <houseOfRepresentatives>3</houseOfRepresentatives>
      </actionByCounts>
      <item>
        <actionCode>H11100</actionCode>
        <committee>
          <name>Ways and Means Committee</name>
          <systemCode>hswm00</systemCode>
        </committee>
        <sourceSystem>
          <name>House floor actions</name>
          <code>2</code>
        </sourceSystem>
        <type>IntroReferral</type>
        <text>Referred to the House Committee on Ways and Means.</text>
        <actionDate>2017-02-01</actionDate>
        <links />
      </item>
      <item>
        <actionCode>Intro-H</actionCode>
        <committee />
        <sourceSystem>
          <name>Library of Congress</name>
          <code>9</code>
        </sourceSystem>
        <type>IntroReferral</type>
        <text>Introduced in House</text>
        <actionDate>2017-02-01</actionDate>
        <links />
      </item>
      <item>
        <actionCode>1000</actionCode>
        <committee />
        <sourceSystem>
          <name>Library of Congress</name>
          <code>9</code>
        </sourceSystem>
        <type>IntroReferral</type>
        <text>Introduced in House</text>
        <actionDate>2017-02-01</actionDate>
        <links />
      </item>
      <actionTypeCounts>
        <billReferrals>1</billReferrals>
        <introducedInHouse>1</introducedInHouse>
        <introducedInTheHouse>1</introducedInTheHouse>
      </actionTypeCounts>
    </actions>
    <congress>115</congress>
    <policyArea>
      <name>Taxation</name>
    </policyArea>
    <subjects>
      <billSubjects>
        <legislativeSubjects>
          <item>
            <name>Employee benefits and pensions</name>
          </item>
          <item>
            <name>Higher education</name>
          </item>
          <item>
            <name>Income tax exclusion</name>
          </item>
          <item>
            <name>Interest, dividends, interest rates</name>
          </item>
          <item>
            <name>Student aid and college costs</name>
          </item>
        </legislativeSubjects>
        <policyArea>
          <name>Taxation</name>
        </policyArea>
      </billSubjects>
    </subjects>
    <introducedDate>2017-02-01</introducedDate>
    <laws />
    <summaries>
      <billSummaries>
        <item>
          <lastSummaryUpdateDate>2017-02-09T14:30:04Z</lastSummaryUpdateDate>
          <updateDate>2017-02-01T05:00:00Z</updateDate>
          <text><![CDATA[<p><strong>Employer Participation in Student Loan Assistance Act</strong></p> <p>This bill amends the Internal Revenue Code to extend the tax exclusion for employer-provided educational assistance to include payments of qualified education loans by an employer to either an employee or a lender.</p>]]></text>
          <actionDesc>Introduced in House</actionDesc>
          <versionCode>00</versionCode>
          <actionDate>2017-02-01</actionDate>
          <name>Introduced in House</name>
        </item>
      </billSummaries>
    </summaries>
    <amendments />
    <version>1.0.0</version>
    <title>Employer Participation in Student Loan Assistance Act</title>
    <calendarNumbers />
    <updateDate>2018-03-30T14:01:20Z</updateDate>
    <relatedBills>
      <item>
        <latestTitle>Student Loan Debt Relief Act</latestTitle>
        <latestAction>
          <actionDate>2017-05-19</actionDate>
          <text>Referred to the House Committee on Ways and Means.</text>
        </latestAction>
        <number>2551</number>
        <type>HR</type>
        <congress>115</congress>
        <relationshipDetails>
          <item>
            <identifiedBy>CRS</identifiedBy>
            <type>Related bill</type>
          </item>
        </relationshipDetails>
      </item>
    </relatedBills>
  </bill>
  <dublinCore xmlns:dc="http://purl.org/dc/elements/1.1/">
    <dc:format>text/xml</dc:format>
    <dc:language>EN</dc:language>
    <dc:rights>Pursuant to Title 17 Section 105 of the United States Code, this file is not subject to copyright protection and is in the public domain.</dc:rights>
    <dc:contributor>Congressional Research Service, Library of Congress</dc:contributor>
    <dc:description>This file contains bill summaries and statuses for federal legislation. A bill summary describes the most significant provisions of a piece of legislation and details the effects the legislative text may have on current law and federal programs. Bill summaries are authored by the Congressional Research Service (CRS) of the Library of Congress. As stated in Public Law 91-510 (2 USC 166 (d)(6)), one of the duties of CRS is "to prepare summaries and digests of bills and resolutions of a public general nature introduced in the Senate or House of Representatives". For more information, refer to the User Guide that accompanies this file.</dc:description>
  </dublinCore>
</billStatus>

