<?xml version="1.0" encoding="UTF-8"?>
<billStatus>
  <bill>
    <introducedDate>2018-03-15</introducedDate>
    <createDate>2018-03-16T07:11:00Z</createDate>
    <policyArea>
      <name>Native Americans</name>
    </policyArea>
    <title>To repeal section 2141 of the Revised Statutes to remove the prohibition on certain alcohol manufacturing on Indian lands.</title>
    <constitutionalAuthorityStatementText><![CDATA[<pre>[Congressional Record Volume 164, Number 46 (Thursday, March 15, 2018)]From the Congressional Record Online through the Government Publishing Office [<a href='http://www.gpo.gov'>www.gpo.gov</a>]By Ms. HERRERA BEUTLER:H.R. 5317.Congress has the power to enact this legislation pursuantto the following:Article I, Section 8 of the United States Constitution[Page H1653]</pre>]]></constitutionalAuthorityStatementText>
    <notes />
    <cosponsors>
      <item>
        <state>WA</state>
        <middleName />
        <fullName>Rep. Kilmer, Derek [D-WA-6]</fullName>
        <sponsorshipDate>2018-03-15</sponsorshipDate>
        <firstName>Derek</firstName>
        <sponsorshipWithdrawnDate />
        <bioguideId>K000381</bioguideId>
        <lastName>Kilmer</lastName>
        <district>6</district>
        <party>D</party>
        <isOriginalCosponsor>True</isOriginalCosponsor>
        <identifiers>
          <bioguideId>K000381</bioguideId>
          <gpoId />
          <lisID>2169</lisID>
        </identifiers>
      </item>
      <item>
        <state>AK</state>
        <middleName>E.</middleName>
        <fullName>Rep. Young, Don [R-AK-At Large]</fullName>
        <sponsorshipDate>2018-03-15</sponsorshipDate>
        <firstName>DON</firstName>
        <sponsorshipWithdrawnDate />
        <bioguideId>Y000033</bioguideId>
        <lastName>YOUNG</lastName>
        <district>0</district>
        <party>R</party>
        <isOriginalCosponsor>True</isOriginalCosponsor>
        <identifiers>
          <lisID>1256</lisID>
          <gpoId>7785</gpoId>
          <bioguideId>Y000033</bioguideId>
        </identifiers>
      </item>
      <item>
        <state>WA</state>
        <middleName />
        <fullName>Rep. Heck, Denny [D-WA-10]</fullName>
        <sponsorshipDate>2018-03-15</sponsorshipDate>
        <firstName>Denny</firstName>
        <sponsorshipWithdrawnDate />
        <bioguideId>H001064</bioguideId>
        <lastName>Heck</lastName>
        <district>10</district>
        <party>D</party>
        <isOriginalCosponsor>True</isOriginalCosponsor>
        <identifiers>
          <lisID>2170</lisID>
          <gpoId />
          <bioguideId>H001064</bioguideId>
        </identifiers>
      </item>
      <item>
        <state>OK</state>
        <middleName />
        <fullName>Rep. Cole, Tom [R-OK-4]</fullName>
        <sponsorshipDate>2018-03-15</sponsorshipDate>
        <firstName>Tom</firstName>
        <sponsorshipWithdrawnDate />
        <bioguideId>C001053</bioguideId>
        <lastName>Cole</lastName>
        <district>4</district>
        <party>R</party>
        <isOriginalCosponsor>True</isOriginalCosponsor>
        <identifiers>
          <lisID>1742</lisID>
          <gpoId>8112</gpoId>
          <bioguideId>C001053</bioguideId>
        </identifiers>
      </item>
    </cosponsors>
    <actions>
      <actionTypeCounts>
        <introducedInTheHouse>1</introducedInTheHouse>
        <introducedInHouse>1</introducedInHouse>
        <billReferrals>1</billReferrals>
      </actionTypeCounts>
      <item>
        <actionCode>H11100</actionCode>
        <sourceSystem>
          <code>2</code>
          <name>House floor actions</name>
        </sourceSystem>
        <links />
        <text>Referred to the House Committee on Natural Resources.</text>
        <actionDate>2018-03-15</actionDate>
        <type>IntroReferral</type>
        <committee>
          <systemCode>hsii00</systemCode>
          <name>Natural Resources Committee</name>
        </committee>
      </item>
      <item>
        <actionCode>Intro-H</actionCode>
        <sourceSystem>
          <code>9</code>
          <name>Library of Congress</name>
        </sourceSystem>
        <links />
        <text>Introduced in House</text>
        <actionDate>2018-03-15</actionDate>
        <type>IntroReferral</type>
        <committee />
      </item>
      <item>
        <actionCode>1000</actionCode>
        <sourceSystem>
          <code>9</code>
          <name>Library of Congress</name>
        </sourceSystem>
        <links />
        <text>Introduced in House</text>
        <actionDate>2018-03-15</actionDate>
        <type>IntroReferral</type>
        <committee />
      </item>
      <actionByCounts>
        <houseOfRepresentatives>3</houseOfRepresentatives>
      </actionByCounts>
    </actions>
    <originChamber>House</originChamber>
    <latestAction>
      <actionDate>2018-03-15</actionDate>
      <text>Referred to the House Committee on Natural Resources.</text>
      <links />
    </latestAction>
    <calendarNumbers />
    <committeeReports />
    <congress>115</congress>
    <cboCostEstimates />
    <relatedBills />
    <billNumber>5317</billNumber>
    <amendments />
    <committees>
      <billCommittees>
        <item>
          <name>Natural Resources Committee</name>
          <activities>
            <item>
              <date>2018-03-15T14:03:30Z</date>
              <name>Referred to</name>
            </item>
          </activities>
          <chamber>House</chamber>
          <type>Standing</type>
          <systemCode>hsii00</systemCode>
          <subcommittees />
        </item>
      </billCommittees>
    </committees>
    <updateDate>2018-03-30T14:21:40Z</updateDate>
    <summaries>
      <billSummaries />
    </summaries>
    <recordedVotes />
    <version>1.0.0</version>
    <sponsors>
      <item>
        <firstName>Jaime</firstName>
        <byRequestType />
        <fullName>Rep. Herrera Beutler, Jaime [R-WA-3]</fullName>
        <bioguideId>H001056</bioguideId>
        <state>WA</state>
        <district>3</district>
        <party>R</party>
        <identifiers>
          <bioguideId>H001056</bioguideId>
          <lisID>2071</lisID>
          <gpoId>8207</gpoId>
        </identifiers>
        <middleName />
        <lastName>Herrera Beutler</lastName>
      </item>
    </sponsors>
    <subjects>
      <billSubjects>
        <policyArea>
          <name>Native Americans</name>
        </policyArea>
        <legislativeSubjects />
      </billSubjects>
    </subjects>
    <billType>HR</billType>
    <laws />
    <titles>
      <item>
        <title>To repeal section 2141 of the Revised Statutes to remove the prohibition on certain alcohol manufacturing on Indian lands.</title>
        <parentTitleType />
        <chamberName />
        <titleType>Official Title as Introduced</titleType>
        <chamberCode />
      </item>
      <item>
        <title>To repeal section 2141 of the Revised Statutes to remove the prohibition on certain alcohol manufacturing on Indian lands.</title>
        <parentTitleType />
        <chamberName />
        <titleType>Display Title</titleType>
        <chamberCode />
      </item>
    </titles>
  </bill>
  <dublinCore xmlns:dc="http://purl.org/dc/elements/1.1/">
    <dc:format>text/xml</dc:format>
    <dc:language>EN</dc:language>
    <dc:rights>Pursuant to Title 17 Section 105 of the United States Code, this file is not subject to copyright protection and is in the public domain.</dc:rights>
    <dc:contributor>Congressional Research Service, Library of Congress</dc:contributor>
    <dc:description>This file contains bill summaries and statuses for federal legislation. A bill summary describes the most significant provisions of a piece of legislation and details the effects the legislative text may have on current law and federal programs. Bill summaries are authored by the Congressional Research Service (CRS) of the Library of Congress. As stated in Public Law 91-510 (2 USC 166 (d)(6)), one of the duties of CRS is "to prepare summaries and digests of bills and resolutions of a public general nature introduced in the Senate or House of Representatives". For more information, refer to the User Guide that accompanies this file.</dc:description>
  </dublinCore>
</billStatus>

