<?xml version="1.0" encoding="UTF-8"?>
<billStatus>
  <bill>
    <titles>
      <item>
        <titleType>Short Titles as Introduced</titleType>
        <parentTitleType />
        <title>Stolen Identity Refund Fraud Prevention Act of 2017</title>
        <chamberName />
        <chamberCode />
      </item>
      <item>
        <titleType>Official Title as Introduced</titleType>
        <parentTitleType />
        <title>To amend the Internal Revenue Code of 1986 to prevent tax-related identity theft and tax fraud, and for other purposes.</title>
        <chamberName />
        <chamberCode />
      </item>
      <item>
        <titleType>Display Title</titleType>
        <parentTitleType />
        <title>Stolen Identity Refund Fraud Prevention Act of 2017</title>
        <chamberName />
        <chamberCode />
      </item>
      <item>
        <titleType>(Extracted from GPO) Short Titles as Introduced</titleType>
        <parentTitleType />
        <title>Stolen Identity Refund Fraud Prevention Act of 2017</title>
        <chamberName />
        <chamberCode />
      </item>
    </titles>
    <policyArea>
      <name>Taxation</name>
    </policyArea>
    <amendments />
    <billNumber>439</billNumber>
    <version>1.0.0</version>
    <congress>115</congress>
    <calendarNumbers />
    <createDate>2017-01-12T04:45:49Z</createDate>
    <updateDate>2018-03-30T13:59:40Z</updateDate>
    <latestAction>
      <actionDate>2017-01-11</actionDate>
      <links />
      <text>Referred to the House Committee on Ways and Means.</text>
    </latestAction>
    <laws />
    <sponsors>
      <item>
        <fullName>Rep. Renacci, James B. [R-OH-16]</fullName>
        <bioguideId>R000586</bioguideId>
        <lastName>Renacci</lastName>
        <byRequestType />
        <firstName>James</firstName>
        <district>16</district>
        <state>OH</state>
        <middleName>B.</middleName>
        <party>R</party>
        <identifiers>
          <lisID>2048</lisID>
          <gpoId>8106</gpoId>
          <bioguideId>R000586</bioguideId>
        </identifiers>
      </item>
    </sponsors>
    <originChamber>House</originChamber>
    <constitutionalAuthorityStatementText><![CDATA[<pre>From the Congressional Record Online through the Government Publishing Office [<a href='http://www.gpo.gov'>www.gpo.gov</a>]By Mr. RENACCI:H.R. 439.Congress has the power to enact this legislation pursuantto the following:Article 1, Section 8, Clause 1:The Congress shall have Power To lay and collect Taxes,Duties, Imposts and Excises, to pay the Debts and provide forthe common Defence and general Welfare of the United States;but all Duties, Imposts and Excises shall be uniformthroughout the United States.Article 1, Section 8, Clause 18:To make all Laws which shall be necessary and proper forcarrying into Execution the foregoing Powers, and all otherPowers vested by this Constitution in the Government of theUnited States, or in any Department or Officer thereof.[Page H391]</pre>]]></constitutionalAuthorityStatementText>
    <cosponsors>
      <item>
        <lastName>LEWIS</lastName>
        <bioguideId>L000287</bioguideId>
        <state>GA</state>
        <sponsorshipDate>2017-01-11</sponsorshipDate>
        <fullName>Rep. Lewis, John [D-GA-5]</fullName>
        <identifiers>
          <lisID>688</lisID>
          <gpoId>7902</gpoId>
          <bioguideId>L000287</bioguideId>
        </identifiers>
        <middleName />
        <sponsorshipWithdrawnDate />
        <firstName>JOHN</firstName>
        <isOriginalCosponsor>True</isOriginalCosponsor>
        <party>D</party>
        <district>5</district>
      </item>
      <item>
        <lastName>Kelly</lastName>
        <bioguideId>K000376</bioguideId>
        <state>PA</state>
        <sponsorshipDate>2017-01-11</sponsorshipDate>
        <fullName>Rep. Kelly, Mike [R-PA-3]</fullName>
        <identifiers>
          <lisID>2051</lisID>
          <gpoId>8708</gpoId>
          <bioguideId>K000376</bioguideId>
        </identifiers>
        <middleName />
        <sponsorshipWithdrawnDate />
        <firstName>Mike</firstName>
        <isOriginalCosponsor>True</isOriginalCosponsor>
        <party>R</party>
        <district>3</district>
      </item>
      <item>
        <lastName>Kilmer</lastName>
        <bioguideId>K000381</bioguideId>
        <state>WA</state>
        <sponsorshipDate>2017-01-11</sponsorshipDate>
        <fullName>Rep. Kilmer, Derek [D-WA-6]</fullName>
        <identifiers>
          <lisID>2169</lisID>
          <gpoId />
          <bioguideId>K000381</bioguideId>
        </identifiers>
        <middleName />
        <sponsorshipWithdrawnDate />
        <firstName>Derek</firstName>
        <isOriginalCosponsor>True</isOriginalCosponsor>
        <party>D</party>
        <district>6</district>
      </item>
      <item>
        <lastName>Bucshon</lastName>
        <bioguideId>B001275</bioguideId>
        <state>IN</state>
        <sponsorshipDate>2017-01-11</sponsorshipDate>
        <fullName>Rep. Bucshon, Larry [R-IN-8]</fullName>
        <identifiers>
          <lisID>2018</lisID>
          <gpoId>7947</gpoId>
          <bioguideId>B001275</bioguideId>
        </identifiers>
        <middleName />
        <sponsorshipWithdrawnDate />
        <firstName>Larry</firstName>
        <isOriginalCosponsor>True</isOriginalCosponsor>
        <party>R</party>
        <district>8</district>
      </item>
      <item>
        <lastName>Barletta</lastName>
        <bioguideId>B001269</bioguideId>
        <state>PA</state>
        <sponsorshipDate>2017-01-11</sponsorshipDate>
        <fullName>Rep. Barletta, Lou [R-PA-11]</fullName>
        <identifiers>
          <bioguideId>B001269</bioguideId>
          <lisID>2054</lisID>
          <gpoId>8129</gpoId>
        </identifiers>
        <middleName />
        <sponsorshipWithdrawnDate />
        <firstName>Lou</firstName>
        <isOriginalCosponsor>True</isOriginalCosponsor>
        <party>R</party>
        <district>11</district>
      </item>
      <item>
        <lastName>Diaz-Balart</lastName>
        <bioguideId>D000600</bioguideId>
        <state>FL</state>
        <sponsorshipDate>2017-01-11</sponsorshipDate>
        <fullName>Rep. Diaz-Balart, Mario [R-FL-25]</fullName>
        <identifiers>
          <lisID>1717</lisID>
          <gpoId>7893</gpoId>
          <bioguideId>D000600</bioguideId>
        </identifiers>
        <middleName />
        <sponsorshipWithdrawnDate />
        <firstName>Mario</firstName>
        <isOriginalCosponsor>True</isOriginalCosponsor>
        <party>R</party>
        <district>25</district>
      </item>
      <item>
        <lastName>Meehan</lastName>
        <bioguideId>M001181</bioguideId>
        <state>PA</state>
        <sponsorshipDate>2017-01-11</sponsorshipDate>
        <fullName>Rep. Meehan, Patrick [R-PA-7]</fullName>
        <identifiers>
          <bioguideId>M001181</bioguideId>
          <lisID>2052</lisID>
          <gpoId>8125</gpoId>
        </identifiers>
        <middleName />
        <sponsorshipWithdrawnDate />
        <firstName>Patrick</firstName>
        <isOriginalCosponsor>True</isOriginalCosponsor>
        <party>R</party>
        <district>7</district>
      </item>
      <item>
        <lastName>Costello</lastName>
        <bioguideId>C001106</bioguideId>
        <state>PA</state>
        <sponsorshipDate>2017-01-11</sponsorshipDate>
        <fullName>Rep. Costello, Ryan A. [R-PA-6]</fullName>
        <identifiers>
          <bioguideId>C001106</bioguideId>
          <gpoId />
          <lisID>2266</lisID>
        </identifiers>
        <middleName>A.</middleName>
        <sponsorshipWithdrawnDate />
        <firstName>Ryan</firstName>
        <isOriginalCosponsor>True</isOriginalCosponsor>
        <party>R</party>
        <district>6</district>
      </item>
      <item>
        <lastName>TIBERI</lastName>
        <bioguideId>T000462</bioguideId>
        <state>OH</state>
        <sponsorshipDate>2017-01-11</sponsorshipDate>
        <fullName>Rep. Tiberi, Patrick J. [R-OH-12]</fullName>
        <identifiers>
          <gpoId>8102</gpoId>
          <lisID>1664</lisID>
          <bioguideId>T000462</bioguideId>
        </identifiers>
        <middleName>J.</middleName>
        <sponsorshipWithdrawnDate />
        <firstName>PATRICK</firstName>
        <isOriginalCosponsor>True</isOriginalCosponsor>
        <party>R</party>
        <district>12</district>
      </item>
      <item>
        <lastName>Roskam</lastName>
        <bioguideId>R000580</bioguideId>
        <state>IL</state>
        <sponsorshipDate>2017-01-11</sponsorshipDate>
        <fullName>Rep. Roskam, Peter J. [R-IL-6]</fullName>
        <identifiers>
          <bioguideId>R000580</bioguideId>
          <gpoId>7926</gpoId>
          <lisID>1848</lisID>
        </identifiers>
        <middleName>J.</middleName>
        <sponsorshipWithdrawnDate />
        <firstName>Peter</firstName>
        <isOriginalCosponsor>True</isOriginalCosponsor>
        <party>R</party>
        <district>6</district>
      </item>
      <item>
        <lastName>Comstock</lastName>
        <bioguideId>C001105</bioguideId>
        <state>VA</state>
        <sponsorshipDate>2017-01-11</sponsorshipDate>
        <fullName>Rep. Comstock, Barbara [R-VA-10]</fullName>
        <identifiers>
          <lisID>2273</lisID>
          <gpoId />
          <bioguideId>C001105</bioguideId>
        </identifiers>
        <middleName />
        <sponsorshipWithdrawnDate />
        <firstName>Barbara</firstName>
        <isOriginalCosponsor>True</isOriginalCosponsor>
        <party>R</party>
        <district>10</district>
      </item>
      <item>
        <lastName>Joyce</lastName>
        <bioguideId>J000295</bioguideId>
        <state>OH</state>
        <sponsorshipDate>2017-01-11</sponsorshipDate>
        <fullName>Rep. Joyce, David P. [R-OH-14]</fullName>
        <identifiers>
          <lisID>2154</lisID>
          <gpoId />
          <bioguideId>J000295</bioguideId>
        </identifiers>
        <middleName>P.</middleName>
        <sponsorshipWithdrawnDate />
        <firstName>David</firstName>
        <isOriginalCosponsor>True</isOriginalCosponsor>
        <party>R</party>
        <district>14</district>
      </item>
      <item>
        <lastName>Reichert</lastName>
        <bioguideId>R000578</bioguideId>
        <state>WA</state>
        <sponsorshipDate>2017-01-11</sponsorshipDate>
        <fullName>Rep. Reichert, David G. [R-WA-8]</fullName>
        <identifiers>
          <gpoId>8212</gpoId>
          <lisID>1810</lisID>
          <bioguideId>R000578</bioguideId>
        </identifiers>
        <middleName>G.</middleName>
        <sponsorshipWithdrawnDate />
        <firstName>David</firstName>
        <isOriginalCosponsor>True</isOriginalCosponsor>
        <party>R</party>
        <district>8</district>
      </item>
      <item>
        <lastName>Rice</lastName>
        <bioguideId>R000602</bioguideId>
        <state>NY</state>
        <sponsorshipDate>2017-01-13</sponsorshipDate>
        <fullName>Rep. Rice, Kathleen M. [D-NY-4]</fullName>
        <identifiers>
          <bioguideId>R000602</bioguideId>
          <gpoId />
          <lisID>2262</lisID>
        </identifiers>
        <middleName>M.</middleName>
        <sponsorshipWithdrawnDate />
        <firstName>Kathleen</firstName>
        <isOriginalCosponsor>False</isOriginalCosponsor>
        <party>D</party>
        <district>4</district>
      </item>
      <item>
        <lastName>Maloney</lastName>
        <bioguideId>M001185</bioguideId>
        <state>NY</state>
        <sponsorshipDate>2017-01-27</sponsorshipDate>
        <fullName>Rep. Maloney, Sean Patrick [D-NY-18]</fullName>
        <identifiers>
          <bioguideId>M001185</bioguideId>
          <lisID>2150</lisID>
          <gpoId />
        </identifiers>
        <middleName>Patrick</middleName>
        <sponsorshipWithdrawnDate />
        <firstName>Sean</firstName>
        <isOriginalCosponsor>False</isOriginalCosponsor>
        <party>D</party>
        <district>18</district>
      </item>
      <item>
        <lastName>Aguilar</lastName>
        <bioguideId>A000371</bioguideId>
        <state>CA</state>
        <sponsorshipDate>2017-02-06</sponsorshipDate>
        <fullName>Rep. Aguilar, Pete [D-CA-31]</fullName>
        <identifiers>
          <lisID>2229</lisID>
          <gpoId />
          <bioguideId>A000371</bioguideId>
        </identifiers>
        <middleName />
        <sponsorshipWithdrawnDate />
        <firstName>Pete</firstName>
        <isOriginalCosponsor>False</isOriginalCosponsor>
        <party>D</party>
        <district>31</district>
      </item>
      <item>
        <lastName>Shea-Porter</lastName>
        <bioguideId>S001170</bioguideId>
        <state>NH</state>
        <sponsorshipDate>2017-02-09</sponsorshipDate>
        <fullName>Rep. Shea-Porter, Carol [D-NH-1]</fullName>
        <identifiers>
          <bioguideId>S001170</bioguideId>
          <gpoId>7528</gpoId>
          <lisID>1861</lisID>
        </identifiers>
        <middleName />
        <sponsorshipWithdrawnDate />
        <firstName>Carol</firstName>
        <isOriginalCosponsor>False</isOriginalCosponsor>
        <party>D</party>
        <district>1</district>
      </item>
      <item>
        <lastName>Delaney</lastName>
        <bioguideId>D000620</bioguideId>
        <state>MD</state>
        <sponsorshipDate>2017-10-31</sponsorshipDate>
        <fullName>Rep. Delaney, John K. [D-MD-6]</fullName>
        <identifiers>
          <lisID>2133</lisID>
          <gpoId />
          <bioguideId>D000620</bioguideId>
        </identifiers>
        <middleName>K.</middleName>
        <sponsorshipWithdrawnDate />
        <firstName>John</firstName>
        <isOriginalCosponsor>False</isOriginalCosponsor>
        <party>D</party>
        <district>6</district>
      </item>
    </cosponsors>
    <billType>HR</billType>
    <notes />
    <summaries>
      <billSummaries>
        <item>
          <lastSummaryUpdateDate>2017-04-11T16:15:17Z</lastSummaryUpdateDate>
          <updateDate>2017-01-11T05:00:00Z</updateDate>
          <text><![CDATA[<p><b>Stolen Identity Refund Fraud Prevention Act of 201</b>7</p> <p>This bill amends the Internal Revenue Code to require the Department of the Treasury and the Internal Revenue Service (IRS) to take several actions to prevent and respond to tax-related identity theft and tax fraud. </p> Treasury or the IRS must: <ul> <li>establish a centralized point of contact for identify theft victims; </li> <li>provide notifications, instructions, and forms to suspected victims of identity theft;</li> <li>provide various reports to Congress regarding identity theft, tax refund fraud, and related prevention programs; </li> <li>use information available from the Do Not Pay Initiative established by the Improper Payments Elimination and Recovery Improvement Act of 2012 to help prevent identity theft tax refund fraud; </li> <li>establish an information sharing and analysis center to centralize, standardize, and enhance data compilation and analysis to facilitate sharing actionable data and information with respect to identity theft; </li> <li> establish within the IRS Criminal Investigation Division the position of Local Law Enforcement Liaison to interact with state and local law enforcement authorities with respect to tax-related identity theft; and</li> <li>provide specified identity theft prevention information to taxpayers who are on hold during a taxpayer service telephone call.</li> </ul> <p>The Inspector General for Tax Administration must report to Congress regarding identity theft phone scams under which individuals attempt to obtain personal information over the phone from taxpayers by falsely claiming to be calling from or on behalf of the IRS. </p> <p>No additional funds are authorized to carry out this bill. </p> <p>]]></text>
          <actionDesc>Introduced in House</actionDesc>
          <versionCode>00</versionCode>
          <actionDate>2017-01-11</actionDate>
          <name>Introduced in House</name>
        </item>
      </billSummaries>
    </summaries>
    <relatedBills />
    <committees>
      <billCommittees>
        <item>
          <chamber>House</chamber>
          <name>Ways and Means Committee</name>
          <subcommittees />
          <activities>
            <item>
              <name>Referred to</name>
              <date>2017-01-11T15:02:00Z</date>
            </item>
          </activities>
          <type>Standing</type>
          <systemCode>hswm00</systemCode>
        </item>
      </billCommittees>
    </committees>
    <cboCostEstimates />
    <subjects>
      <billSubjects>
        <legislativeSubjects>
          <item>
            <name>Computer security and identity theft</name>
          </item>
          <item>
            <name>Congressional oversight</name>
          </item>
          <item>
            <name>Criminal investigation, prosecution, interrogation</name>
          </item>
          <item>
            <name>Department of the Treasury</name>
          </item>
          <item>
            <name>Executive agency funding and structure</name>
          </item>
          <item>
            <name>Fraud offenses and financial crimes</name>
          </item>
          <item>
            <name>Government studies and investigations</name>
          </item>
          <item>
            <name>Internal Revenue Service (IRS)</name>
          </item>
          <item>
            <name>Tax administration and collection, taxpayers</name>
          </item>
          <item>
            <name>Wages and earnings</name>
          </item>
        </legislativeSubjects>
        <policyArea>
          <name>Taxation</name>
        </policyArea>
      </billSubjects>
    </subjects>
    <committeeReports />
    <title>Stolen Identity Refund Fraud Prevention Act of 2017</title>
    <recordedVotes />
    <actions>
      <actionTypeCounts>
        <introducedInHouse>1</introducedInHouse>
        <billReferrals>1</billReferrals>
        <introducedInTheHouse>1</introducedInTheHouse>
      </actionTypeCounts>
      <item>
        <actionDate>2017-01-11</actionDate>
        <type>IntroReferral</type>
        <links />
        <committee>
          <systemCode>hswm00</systemCode>
          <name>Ways and Means Committee</name>
        </committee>
        <actionCode>H11100</actionCode>
        <text>Referred to the House Committee on Ways and Means.</text>
        <sourceSystem>
          <code>2</code>
          <name>House floor actions</name>
        </sourceSystem>
      </item>
      <item>
        <actionDate>2017-01-11</actionDate>
        <type>IntroReferral</type>
        <links />
        <committee />
        <actionCode>Intro-H</actionCode>
        <text>Introduced in House</text>
        <sourceSystem>
          <code>9</code>
          <name>Library of Congress</name>
        </sourceSystem>
      </item>
      <item>
        <actionDate>2017-01-11</actionDate>
        <type>IntroReferral</type>
        <links />
        <committee />
        <actionCode>1000</actionCode>
        <text>Introduced in House</text>
        <sourceSystem>
          <code>9</code>
          <name>Library of Congress</name>
        </sourceSystem>
      </item>
      <actionByCounts>
        <houseOfRepresentatives>3</houseOfRepresentatives>
      </actionByCounts>
    </actions>
    <introducedDate>2017-01-11</introducedDate>
  </bill>
  <dublinCore xmlns:dc="http://purl.org/dc/elements/1.1/">
    <dc:format>text/xml</dc:format>
    <dc:language>EN</dc:language>
    <dc:rights>Pursuant to Title 17 Section 105 of the United States Code, this file is not subject to copyright protection and is in the public domain.</dc:rights>
    <dc:contributor>Congressional Research Service, Library of Congress</dc:contributor>
    <dc:description>This file contains bill summaries and statuses for federal legislation. A bill summary describes the most significant provisions of a piece of legislation and details the effects the legislative text may have on current law and federal programs. Bill summaries are authored by the Congressional Research Service (CRS) of the Library of Congress. As stated in Public Law 91-510 (2 USC 166 (d)(6)), one of the duties of CRS is "to prepare summaries and digests of bills and resolutions of a public general nature introduced in the Senate or House of Representatives". For more information, refer to the User Guide that accompanies this file.</dc:description>
  </dublinCore>
</billStatus>

