<?xml version="1.0" encoding="UTF-8"?>
<billStatus>
  <bill>
    <relatedBills />
    <committeeReports />
    <recordedVotes />
    <subjects>
      <billSubjects>
        <policyArea>
          <name>Health</name>
        </policyArea>
        <legislativeSubjects>
          <item>
            <name>Administrative law and regulatory procedures</name>
          </item>
          <item>
            <name>Department of Health and Human Services</name>
          </item>
          <item>
            <name>Disability and paralysis</name>
          </item>
          <item>
            <name>Drug safety, medical device, and laboratory regulation</name>
          </item>
          <item>
            <name>Government information and archives</name>
          </item>
          <item>
            <name>Health care coverage and access</name>
          </item>
          <item>
            <name>Health care quality</name>
          </item>
          <item>
            <name>Health technology, devices, supplies</name>
          </item>
          <item>
            <name>Licensing and registrations</name>
          </item>
          <item>
            <name>Long-term, rehabilitative, and terminal care</name>
          </item>
          <item>
            <name>Medicare</name>
          </item>
          <item>
            <name>Musculoskeletal and skin diseases</name>
          </item>
          <item>
            <name>Neurological disorders</name>
          </item>
          <item>
            <name>Product safety and quality</name>
          </item>
        </legislativeSubjects>
      </billSubjects>
    </subjects>
    <introducedDate>2017-01-30</introducedDate>
    <summaries>
      <billSummaries>
        <item>
          <text><![CDATA[<p><b>Ensuring Access to Quality Complex Rehabilitation Technology Act of 2017</b></p> <p>This bill amends title XVIII (Medicare) of the Social Security Act to establish a separate Medicare benefit category for complex rehabilitation technology (CRT) items&nbsp;that: (1) are designed or configured to meet an individual's unique needs and capacities; (2) are primarily used to serve a medical or functional purpose; and (3) require certain services to ensure appropriate design, configuration, and use. The Centers for Medicare &amp; Medicaid Services (CMS)&nbsp;shall designate CRT items&nbsp;and establish eligibility criteria with respect to such&nbsp;items, in accordance with specified exclusions and other requirements.&nbsp;</p> <p>The CMS must also establish: (1)&nbsp;a payment system applicable to CRT items, subject to clinical conditions and other specified requirements; (2) quality standards for suppliers of CRT items; and (3) a formal process for the&nbsp;submission of certain CRT code-set modification requests by stakeholder groups.</p> <p>If specified requirements are met, Medicare payment must be made for the replacement of a CRT item (or item part), without regard to certain continuous-use or useful-lifetime restrictions applicable to&nbsp;items of durable medical equipment.</p> <p>In addition, Medicare payment may be made for the temporary rental of a CRT item if&nbsp;such an&nbsp;item owned by&nbsp;a qualified enrollee is undergoing&nbsp;necessary repairs.&nbsp;</p>]]></text>
          <actionDesc>Introduced in House</actionDesc>
          <actionDate>2017-01-30</actionDate>
          <updateDate>2017-01-30T05:00:00Z</updateDate>
          <lastSummaryUpdateDate>2017-09-14T15:44:21Z</lastSummaryUpdateDate>
          <versionCode>00</versionCode>
          <name>Introduced in House</name>
        </item>
      </billSummaries>
    </summaries>
    <sponsors>
      <item>
        <state>WI</state>
        <lastName>SENSENBRENNER</lastName>
        <byRequestType />
        <middleName>JAMES</middleName>
        <fullName>Rep. Sensenbrenner, F. James, Jr. [R-WI-5]</fullName>
        <district>5</district>
        <party>R</party>
        <firstName>F.</firstName>
        <identifiers>
          <bioguideId>S000244</bioguideId>
          <gpoId>8218</gpoId>
          <lisID>1041</lisID>
        </identifiers>
        <bioguideId>S000244</bioguideId>
      </item>
    </sponsors>
    <constitutionalAuthorityStatementText><![CDATA[<pre>From the Congressional Record Online through the Government Publishing Office [<a href='http://www.gpo.gov'>www.gpo.gov</a>]By Mr. SENSENBRENNER:H.R. 750.Congress has the power to enact this legislation pursuantto the following:Article 1, Section 8[Page H746]</pre>]]></constitutionalAuthorityStatementText>
    <calendarNumbers />
    <updateDate>2018-03-30T14:01:09Z</updateDate>
    <version>1.0.0</version>
    <notes />
    <committees>
      <billCommittees>
        <item>
          <chamber>House</chamber>
          <name>Ways and Means Committee</name>
          <subcommittees>
            <item>
              <name>Health Subcommittee</name>
              <systemCode>hswm02</systemCode>
              <activities>
                <item>
                  <name>Referred to</name>
                  <date>2017-02-09T22:08:20Z</date>
                </item>
              </activities>
            </item>
          </subcommittees>
          <activities>
            <item>
              <name>Referred to</name>
              <date>2017-01-30T17:01:50Z</date>
            </item>
          </activities>
          <type>Standing</type>
          <systemCode>hswm00</systemCode>
        </item>
        <item>
          <chamber>House</chamber>
          <name>Energy and Commerce Committee</name>
          <subcommittees>
            <item>
              <name>Health Subcommittee</name>
              <systemCode>hsif14</systemCode>
              <activities>
                <item>
                  <name>Referred to</name>
                  <date>2017-02-03T15:56:46Z</date>
                </item>
              </activities>
            </item>
          </subcommittees>
          <activities>
            <item>
              <name>Referred to</name>
              <date>2017-01-30T17:01:45Z</date>
            </item>
          </activities>
          <type>Standing</type>
          <systemCode>hsif00</systemCode>
        </item>
      </billCommittees>
    </committees>
    <originChamber>House</originChamber>
    <cboCostEstimates />
    <titles>
      <item>
        <titleType>Short Titles as Introduced</titleType>
        <parentTitleType />
        <title>Ensuring Access to Quality Complex Rehabilitation Technology Act of 2017</title>
        <chamberName />
        <chamberCode />
      </item>
      <item>
        <titleType>Official Title as Introduced</titleType>
        <parentTitleType />
        <title>To amend title XVIII of the Social Security Act to expand and revise the classification of and payment for complex rehabilitation technology items under the Medicare program, and for other purposes.</title>
        <chamberName />
        <chamberCode />
      </item>
      <item>
        <titleType>Display Title</titleType>
        <parentTitleType />
        <title>Ensuring Access to Quality Complex Rehabilitation Technology Act of 2017</title>
        <chamberName />
        <chamberCode />
      </item>
      <item>
        <titleType>(Extracted from GPO) Short Titles as Introduced</titleType>
        <parentTitleType />
        <title>Ensuring Access to Quality Complex Rehabilitation Technology Act of 2017</title>
        <chamberName />
        <chamberCode />
      </item>
    </titles>
    <policyArea>
      <name>Health</name>
    </policyArea>
    <latestAction>
      <actionDate>2017-02-09</actionDate>
      <links />
      <text>Referred to the Subcommittee on Health.</text>
    </latestAction>
    <billType>HR</billType>
    <createDate>2017-01-31T05:23:09Z</createDate>
    <amendments />
    <cosponsors>
      <item>
        <fullName>Rep. Crowley, Joseph [D-NY-14]</fullName>
        <middleName />
        <identifiers>
          <lisID>1604</lisID>
          <gpoId>8068</gpoId>
          <bioguideId>C001038</bioguideId>
        </identifiers>
        <firstName>JOSEPH</firstName>
        <party>D</party>
        <bioguideId>C001038</bioguideId>
        <sponsorshipDate>2017-01-30</sponsorshipDate>
        <sponsorshipWithdrawnDate />
        <state>NY</state>
        <lastName>CROWLEY</lastName>
        <isOriginalCosponsor>True</isOriginalCosponsor>
        <district>14</district>
      </item>
      <item>
        <fullName>Rep. Connolly, Gerald E. [D-VA-11]</fullName>
        <middleName>E.</middleName>
        <identifiers>
          <lisID>1959</lisID>
          <gpoId>8202</gpoId>
          <bioguideId>C001078</bioguideId>
        </identifiers>
        <firstName>Gerald</firstName>
        <party>D</party>
        <bioguideId>C001078</bioguideId>
        <sponsorshipDate>2017-02-02</sponsorshipDate>
        <sponsorshipWithdrawnDate />
        <state>VA</state>
        <lastName>Connolly</lastName>
        <isOriginalCosponsor>False</isOriginalCosponsor>
        <district>11</district>
      </item>
      <item>
        <fullName>Rep. Larson, John B. [D-CT-1]</fullName>
        <middleName>B.</middleName>
        <identifiers>
          <lisID>1583</lisID>
          <gpoId>7866</gpoId>
          <bioguideId>L000557</bioguideId>
        </identifiers>
        <firstName>JOHN</firstName>
        <party>D</party>
        <bioguideId>L000557</bioguideId>
        <sponsorshipDate>2017-02-02</sponsorshipDate>
        <sponsorshipWithdrawnDate />
        <state>CT</state>
        <lastName>LARSON</lastName>
        <isOriginalCosponsor>False</isOriginalCosponsor>
        <district>1</district>
      </item>
      <item>
        <fullName>Rep. Nolan, Richard M. [D-MN-8]</fullName>
        <middleName />
        <identifiers>
          <bioguideId>N000127</bioguideId>
          <gpoId />
          <lisID>867</lisID>
        </identifiers>
        <firstName>RICHARD</firstName>
        <party>D</party>
        <bioguideId>N000127</bioguideId>
        <sponsorshipDate>2017-02-02</sponsorshipDate>
        <sponsorshipWithdrawnDate />
        <state>MN</state>
        <lastName>NOLAN</lastName>
        <isOriginalCosponsor>False</isOriginalCosponsor>
        <district>8</district>
      </item>
      <item>
        <fullName>Rep. Blackburn, Marsha [R-TN-7]</fullName>
        <middleName />
        <identifiers>
          <bioguideId>B001243</bioguideId>
          <gpoId>8154</gpoId>
          <lisID>1748</lisID>
        </identifiers>
        <firstName>Marsha</firstName>
        <party>R</party>
        <bioguideId>B001243</bioguideId>
        <sponsorshipDate>2017-02-02</sponsorshipDate>
        <sponsorshipWithdrawnDate />
        <state>TN</state>
        <lastName>Blackburn</lastName>
        <isOriginalCosponsor>False</isOriginalCosponsor>
        <district>7</district>
      </item>
      <item>
        <fullName>Rep. Ellison, Keith [D-MN-5]</fullName>
        <middleName />
        <identifiers>
          <lisID>1857</lisID>
          <gpoId>8005</gpoId>
          <bioguideId>E000288</bioguideId>
        </identifiers>
        <firstName>Keith</firstName>
        <party>D</party>
        <bioguideId>E000288</bioguideId>
        <sponsorshipDate>2017-02-02</sponsorshipDate>
        <sponsorshipWithdrawnDate />
        <state>MN</state>
        <lastName>Ellison</lastName>
        <isOriginalCosponsor>False</isOriginalCosponsor>
        <district>5</district>
      </item>
      <item>
        <fullName>Rep. Slaughter, Louise McIntosh [D-NY-25]</fullName>
        <middleName>M.</middleName>
        <identifiers>
          <gpoId>8089</gpoId>
          <lisID>1069</lisID>
          <bioguideId>S000480</bioguideId>
        </identifiers>
        <firstName>LOUISE</firstName>
        <party>D</party>
        <bioguideId>S000480</bioguideId>
        <sponsorshipDate>2017-02-02</sponsorshipDate>
        <sponsorshipWithdrawnDate />
        <state>NY</state>
        <lastName>SLAUGHTER</lastName>
        <isOriginalCosponsor>False</isOriginalCosponsor>
        <district>25</district>
      </item>
      <item>
        <fullName>Rep. Pingree, Chellie [D-ME-1]</fullName>
        <middleName />
        <identifiers>
          <gpoId>7984</gpoId>
          <lisID>1927</lisID>
          <bioguideId>P000597</bioguideId>
        </identifiers>
        <firstName>Chellie</firstName>
        <party>D</party>
        <bioguideId>P000597</bioguideId>
        <sponsorshipDate>2017-02-02</sponsorshipDate>
        <sponsorshipWithdrawnDate />
        <state>ME</state>
        <lastName>Pingree</lastName>
        <isOriginalCosponsor>False</isOriginalCosponsor>
        <district>1</district>
      </item>
      <item>
        <fullName>Rep. King, Steve [R-IA-4]</fullName>
        <middleName />
        <identifiers>
          <bioguideId>K000362</bioguideId>
          <lisID>1724</lisID>
          <gpoId>7918</gpoId>
        </identifiers>
        <firstName>Steve</firstName>
        <party>R</party>
        <bioguideId>K000362</bioguideId>
        <sponsorshipDate>2017-02-02</sponsorshipDate>
        <sponsorshipWithdrawnDate />
        <state>IA</state>
        <lastName>King</lastName>
        <isOriginalCosponsor>False</isOriginalCosponsor>
        <district>4</district>
      </item>
      <item>
        <fullName>Rep. DelBene, Suzan K. [D-WA-1]</fullName>
        <middleName>K.</middleName>
        <identifiers>
          <lisID>2096</lisID>
          <gpoId>8374</gpoId>
          <bioguideId>D000617</bioguideId>
        </identifiers>
        <firstName>Suzan</firstName>
        <party>D</party>
        <bioguideId>D000617</bioguideId>
        <sponsorshipDate>2017-02-02</sponsorshipDate>
        <sponsorshipWithdrawnDate />
        <state>WA</state>
        <lastName>DelBene</lastName>
        <isOriginalCosponsor>False</isOriginalCosponsor>
        <district>1</district>
      </item>
      <item>
        <fullName>Rep. Ryan, Tim [D-OH-13]</fullName>
        <middleName />
        <identifiers>
          <gpoId>8107</gpoId>
          <bioguideId>R000577</bioguideId>
          <lisID>1756</lisID>
        </identifiers>
        <firstName>TIM</firstName>
        <party>D</party>
        <bioguideId>R000577</bioguideId>
        <sponsorshipDate>2017-02-02</sponsorshipDate>
        <sponsorshipWithdrawnDate />
        <state>OH</state>
        <lastName>RYAN</lastName>
        <isOriginalCosponsor>False</isOriginalCosponsor>
        <district>13</district>
      </item>
      <item>
        <fullName>Rep. Mullin, Markwayne [R-OK-2]</fullName>
        <middleName />
        <identifiers>
          <lisID>2156</lisID>
          <gpoId />
          <bioguideId>M001190</bioguideId>
        </identifiers>
        <firstName>Markwayne</firstName>
        <party>R</party>
        <bioguideId>M001190</bioguideId>
        <sponsorshipDate>2017-02-02</sponsorshipDate>
        <sponsorshipWithdrawnDate />
        <state>OK</state>
        <lastName>Mullin</lastName>
        <isOriginalCosponsor>False</isOriginalCosponsor>
        <district>2</district>
      </item>
      <item>
        <fullName>Rep. Gibbs, Bob [R-OH-7]</fullName>
        <middleName />
        <identifiers>
          <lisID>2049</lisID>
          <gpoId>8108</gpoId>
          <bioguideId>G000563</bioguideId>
        </identifiers>
        <firstName>Bob</firstName>
        <party>R</party>
        <bioguideId>G000563</bioguideId>
        <sponsorshipDate>2017-02-02</sponsorshipDate>
        <sponsorshipWithdrawnDate />
        <state>OH</state>
        <lastName>Gibbs</lastName>
        <isOriginalCosponsor>False</isOriginalCosponsor>
        <district>7</district>
      </item>
      <item>
        <fullName>Rep. Langevin, James R. [D-RI-2]</fullName>
        <middleName>R.</middleName>
        <identifiers>
          <lisID>1668</lisID>
          <gpoId>8140</gpoId>
          <bioguideId>L000559</bioguideId>
        </identifiers>
        <firstName>JAMES</firstName>
        <party>D</party>
        <bioguideId>L000559</bioguideId>
        <sponsorshipDate>2017-02-02</sponsorshipDate>
        <sponsorshipWithdrawnDate />
        <state>RI</state>
        <lastName>LANGEVIN</lastName>
        <isOriginalCosponsor>False</isOriginalCosponsor>
        <district>2</district>
      </item>
      <item>
        <fullName>Rep. Woodall, Rob [R-GA-7]</fullName>
        <middleName />
        <identifiers>
          <lisID>2008</lisID>
          <gpoId>7904</gpoId>
          <bioguideId>W000810</bioguideId>
        </identifiers>
        <firstName>Rob</firstName>
        <party>R</party>
        <bioguideId>W000810</bioguideId>
        <sponsorshipDate>2017-02-02</sponsorshipDate>
        <sponsorshipWithdrawnDate />
        <state>GA</state>
        <lastName>Woodall</lastName>
        <isOriginalCosponsor>False</isOriginalCosponsor>
        <district>7</district>
      </item>
      <item>
        <fullName>Rep. Titus, Dina [D-NV-1]</fullName>
        <middleName />
        <identifiers>
          <lisID>1940</lisID>
          <gpoId>7493</gpoId>
          <bioguideId>T000468</bioguideId>
        </identifiers>
        <firstName>Dina</firstName>
        <party>D</party>
        <bioguideId>T000468</bioguideId>
        <sponsorshipDate>2017-02-02</sponsorshipDate>
        <sponsorshipWithdrawnDate />
        <state>NV</state>
        <lastName>Titus</lastName>
        <isOriginalCosponsor>False</isOriginalCosponsor>
        <district>1</district>
      </item>
      <item>
        <fullName>Rep. Cramer, Kevin [R-ND-At Large]</fullName>
        <middleName />
        <identifiers>
          <lisID>2144</lisID>
          <gpoId />
          <bioguideId>C001096</bioguideId>
        </identifiers>
        <firstName>Kevin</firstName>
        <party>R</party>
        <bioguideId>C001096</bioguideId>
        <sponsorshipDate>2017-02-02</sponsorshipDate>
        <sponsorshipWithdrawnDate />
        <state>ND</state>
        <lastName>Cramer</lastName>
        <isOriginalCosponsor>False</isOriginalCosponsor>
        <district>0</district>
      </item>
      <item>
        <fullName>Rep. Joyce, David P. [R-OH-14]</fullName>
        <middleName>P.</middleName>
        <identifiers>
          <lisID>2154</lisID>
          <gpoId />
          <bioguideId>J000295</bioguideId>
        </identifiers>
        <firstName>David</firstName>
        <party>R</party>
        <bioguideId>J000295</bioguideId>
        <sponsorshipDate>2017-02-02</sponsorshipDate>
        <sponsorshipWithdrawnDate />
        <state>OH</state>
        <lastName>Joyce</lastName>
        <isOriginalCosponsor>False</isOriginalCosponsor>
        <district>14</district>
      </item>
      <item>
        <fullName>Rep. Barletta, Lou [R-PA-11]</fullName>
        <middleName />
        <identifiers>
          <gpoId>8129</gpoId>
          <lisID>2054</lisID>
          <bioguideId>B001269</bioguideId>
        </identifiers>
        <firstName>Lou</firstName>
        <party>R</party>
        <bioguideId>B001269</bioguideId>
        <sponsorshipDate>2017-02-02</sponsorshipDate>
        <sponsorshipWithdrawnDate />
        <state>PA</state>
        <lastName>Barletta</lastName>
        <isOriginalCosponsor>False</isOriginalCosponsor>
        <district>11</district>
      </item>
      <item>
        <fullName>Rep. Tiberi, Patrick J. [R-OH-12]</fullName>
        <middleName>J.</middleName>
        <identifiers>
          <lisID>1664</lisID>
          <gpoId>8102</gpoId>
          <bioguideId>T000462</bioguideId>
        </identifiers>
        <firstName>PATRICK</firstName>
        <party>R</party>
        <bioguideId>T000462</bioguideId>
        <sponsorshipDate>2017-02-02</sponsorshipDate>
        <sponsorshipWithdrawnDate />
        <state>OH</state>
        <lastName>TIBERI</lastName>
        <isOriginalCosponsor>False</isOriginalCosponsor>
        <district>12</district>
      </item>
      <item>
        <fullName>Rep. Barr, Andy [R-KY-6]</fullName>
        <middleName />
        <identifiers>
          <bioguideId>B001282</bioguideId>
          <gpoId />
          <lisID>2131</lisID>
        </identifiers>
        <firstName>Andy</firstName>
        <party>R</party>
        <bioguideId>B001282</bioguideId>
        <sponsorshipDate>2017-02-02</sponsorshipDate>
        <sponsorshipWithdrawnDate />
        <state>KY</state>
        <lastName>Barr</lastName>
        <isOriginalCosponsor>False</isOriginalCosponsor>
        <district>6</district>
      </item>
      <item>
        <fullName>Rep. Walz, Timothy J. [D-MN-1]</fullName>
        <middleName>J.</middleName>
        <identifiers>
          <lisID>1856</lisID>
          <gpoId>8001</gpoId>
          <bioguideId>W000799</bioguideId>
        </identifiers>
        <firstName>Timothy</firstName>
        <party>D</party>
        <bioguideId>W000799</bioguideId>
        <sponsorshipDate>2017-02-02</sponsorshipDate>
        <sponsorshipWithdrawnDate />
        <state>MN</state>
        <lastName>Walz</lastName>
        <isOriginalCosponsor>False</isOriginalCosponsor>
        <district>1</district>
      </item>
      <item>
        <fullName>Rep. Paulsen, Erik [R-MN-3]</fullName>
        <middleName />
        <identifiers>
          <gpoId>8003</gpoId>
          <lisID>1930</lisID>
          <bioguideId>P000594</bioguideId>
        </identifiers>
        <firstName>Erik</firstName>
        <party>R</party>
        <bioguideId>P000594</bioguideId>
        <sponsorshipDate>2017-02-02</sponsorshipDate>
        <sponsorshipWithdrawnDate />
        <state>MN</state>
        <lastName>Paulsen</lastName>
        <isOriginalCosponsor>False</isOriginalCosponsor>
        <district>3</district>
      </item>
      <item>
        <fullName>Rep. Wasserman Schultz, Debbie [D-FL-23]</fullName>
        <middleName />
        <identifiers>
          <lisID>1777</lisID>
          <gpoId>7892</gpoId>
          <bioguideId>W000797</bioguideId>
        </identifiers>
        <firstName>Debbie</firstName>
        <party>D</party>
        <bioguideId>W000797</bioguideId>
        <sponsorshipDate>2017-02-02</sponsorshipDate>
        <sponsorshipWithdrawnDate />
        <state>FL</state>
        <lastName>Wasserman Schultz</lastName>
        <isOriginalCosponsor>False</isOriginalCosponsor>
        <district>23</district>
      </item>
      <item>
        <fullName>Rep. Cooper, Jim [D-TN-5]</fullName>
        <middleName>H.</middleName>
        <identifiers>
          <lisID>231</lisID>
          <gpoId>8152</gpoId>
          <bioguideId>C000754</bioguideId>
        </identifiers>
        <firstName>JAMES</firstName>
        <party>D</party>
        <bioguideId>C000754</bioguideId>
        <sponsorshipDate>2017-02-16</sponsorshipDate>
        <sponsorshipWithdrawnDate />
        <state>TN</state>
        <lastName>COOPER</lastName>
        <isOriginalCosponsor>False</isOriginalCosponsor>
        <district>5</district>
      </item>
      <item>
        <fullName>Rep. DeFazio, Peter A. [D-OR-4]</fullName>
        <middleName>A.</middleName>
        <identifiers>
          <gpoId>8117</gpoId>
          <lisID>279</lisID>
          <bioguideId>D000191</bioguideId>
        </identifiers>
        <firstName>PETER</firstName>
        <party>D</party>
        <bioguideId>D000191</bioguideId>
        <sponsorshipDate>2017-02-28</sponsorshipDate>
        <sponsorshipWithdrawnDate />
        <state>OR</state>
        <lastName>DEFAZIO</lastName>
        <isOriginalCosponsor>False</isOriginalCosponsor>
        <district>4</district>
      </item>
      <item>
        <fullName>Rep. Nunes, Devin [R-CA-22]</fullName>
        <middleName />
        <identifiers>
          <lisID>1710</lisID>
          <gpoId>7826</gpoId>
          <bioguideId>N000181</bioguideId>
        </identifiers>
        <firstName>Devin</firstName>
        <party>R</party>
        <bioguideId>N000181</bioguideId>
        <sponsorshipDate>2017-03-13</sponsorshipDate>
        <sponsorshipWithdrawnDate />
        <state>CA</state>
        <lastName>Nunes</lastName>
        <isOriginalCosponsor>False</isOriginalCosponsor>
        <district>22</district>
      </item>
      <item>
        <fullName>Rep. Kelly, Mike [R-PA-3]</fullName>
        <middleName />
        <identifiers>
          <lisID>2051</lisID>
          <gpoId>8708</gpoId>
          <bioguideId>K000376</bioguideId>
        </identifiers>
        <firstName>Mike</firstName>
        <party>R</party>
        <bioguideId>K000376</bioguideId>
        <sponsorshipDate>2017-03-16</sponsorshipDate>
        <sponsorshipWithdrawnDate />
        <state>PA</state>
        <lastName>Kelly</lastName>
        <isOriginalCosponsor>False</isOriginalCosponsor>
        <district>3</district>
      </item>
      <item>
        <fullName>Rep. Rothfus, Keith J. [R-PA-12]</fullName>
        <middleName>J.</middleName>
        <identifiers>
          <gpoId />
          <lisID>2158</lisID>
          <bioguideId>R000598</bioguideId>
        </identifiers>
        <firstName>Keith</firstName>
        <party>R</party>
        <bioguideId>R000598</bioguideId>
        <sponsorshipDate>2017-04-04</sponsorshipDate>
        <sponsorshipWithdrawnDate />
        <state>PA</state>
        <lastName>Rothfus</lastName>
        <isOriginalCosponsor>False</isOriginalCosponsor>
        <district>12</district>
      </item>
      <item>
        <fullName>Rep. McMorris Rodgers, Cathy [R-WA-5]</fullName>
        <middleName />
        <identifiers>
          <gpoId>8209</gpoId>
          <bioguideId>M001159</bioguideId>
          <lisID>1809</lisID>
        </identifiers>
        <firstName>Cathy</firstName>
        <party>R</party>
        <bioguideId>M001159</bioguideId>
        <sponsorshipDate>2017-04-25</sponsorshipDate>
        <sponsorshipWithdrawnDate />
        <state>WA</state>
        <lastName>McMorris Rodgers</lastName>
        <isOriginalCosponsor>False</isOriginalCosponsor>
        <district>5</district>
      </item>
      <item>
        <fullName>Rep. Deutch, Theodore E. [D-FL-22]</fullName>
        <middleName>E.</middleName>
        <identifiers>
          <lisID>1976</lisID>
          <gpoId>7891</gpoId>
          <bioguideId>D000610</bioguideId>
        </identifiers>
        <firstName>Theodore</firstName>
        <party>D</party>
        <bioguideId>D000610</bioguideId>
        <sponsorshipDate>2017-04-26</sponsorshipDate>
        <sponsorshipWithdrawnDate />
        <state>FL</state>
        <lastName>Deutch</lastName>
        <isOriginalCosponsor>False</isOriginalCosponsor>
        <district>22</district>
      </item>
      <item>
        <fullName>Rep. Jenkins, Lynn [R-KS-2]</fullName>
        <middleName />
        <identifiers>
          <gpoId>7950</gpoId>
          <lisID>1921</lisID>
          <bioguideId>J000290</bioguideId>
        </identifiers>
        <firstName>Lynn</firstName>
        <party>R</party>
        <bioguideId>J000290</bioguideId>
        <sponsorshipDate>2017-04-27</sponsorshipDate>
        <sponsorshipWithdrawnDate />
        <state>KS</state>
        <lastName>Jenkins</lastName>
        <isOriginalCosponsor>False</isOriginalCosponsor>
        <district>2</district>
      </item>
      <item>
        <fullName>Rep. McGovern, James P. [D-MA-2]</fullName>
        <middleName>P.</middleName>
        <identifiers>
          <bioguideId>M000312</bioguideId>
          <gpoId>7968</gpoId>
          <lisID>1504</lisID>
        </identifiers>
        <firstName>JAMES</firstName>
        <party>D</party>
        <bioguideId>M000312</bioguideId>
        <sponsorshipDate>2017-04-27</sponsorshipDate>
        <sponsorshipWithdrawnDate />
        <state>MA</state>
        <lastName>MCGOVERN</lastName>
        <isOriginalCosponsor>False</isOriginalCosponsor>
        <district>2</district>
      </item>
      <item>
        <fullName>Rep. Dingell, Debbie [D-MI-12]</fullName>
        <middleName />
        <identifiers>
          <gpoId />
          <lisID>2251</lisID>
          <bioguideId>D000624</bioguideId>
        </identifiers>
        <firstName>Debbie</firstName>
        <party>D</party>
        <bioguideId>D000624</bioguideId>
        <sponsorshipDate>2017-04-28</sponsorshipDate>
        <sponsorshipWithdrawnDate />
        <state>MI</state>
        <lastName>Dingell</lastName>
        <isOriginalCosponsor>False</isOriginalCosponsor>
        <district>12</district>
      </item>
      <item>
        <fullName>Rep. Ruppersberger, C. A. Dutch [D-MD-2]</fullName>
        <middleName>Dutch</middleName>
        <identifiers>
          <lisID>1728</lisID>
          <gpoId>7977</gpoId>
          <bioguideId>R000576</bioguideId>
        </identifiers>
        <firstName>C. A.</firstName>
        <party>D</party>
        <bioguideId>R000576</bioguideId>
        <sponsorshipDate>2017-04-28</sponsorshipDate>
        <sponsorshipWithdrawnDate />
        <state>MD</state>
        <lastName>Ruppersberger</lastName>
        <isOriginalCosponsor>False</isOriginalCosponsor>
        <district>2</district>
      </item>
      <item>
        <fullName>Rep. Capuano, Michael E. [D-MA-7]</fullName>
        <middleName>E.</middleName>
        <identifiers>
          <bioguideId>C001037</bioguideId>
          <lisID>1564</lisID>
          <gpoId>7973</gpoId>
        </identifiers>
        <firstName>MICHAEL</firstName>
        <party>D</party>
        <bioguideId>C001037</bioguideId>
        <sponsorshipDate>2017-04-28</sponsorshipDate>
        <sponsorshipWithdrawnDate />
        <state>MA</state>
        <lastName>CAPUANO</lastName>
        <isOriginalCosponsor>False</isOriginalCosponsor>
        <district>7</district>
      </item>
      <item>
        <fullName>Rep. DeLauro, Rosa L. [D-CT-3]</fullName>
        <middleName />
        <identifiers>
          <lisID>281</lisID>
          <gpoId>7868</gpoId>
          <bioguideId>D000216</bioguideId>
        </identifiers>
        <firstName>ROSA</firstName>
        <party>D</party>
        <bioguideId>D000216</bioguideId>
        <sponsorshipDate>2017-04-28</sponsorshipDate>
        <sponsorshipWithdrawnDate />
        <state>CT</state>
        <lastName>DELAURO</lastName>
        <isOriginalCosponsor>False</isOriginalCosponsor>
        <district>3</district>
      </item>
      <item>
        <fullName>Rep. Murphy, Tim [R-PA-18]</fullName>
        <middleName />
        <identifiers>
          <gpoId>8723</gpoId>
          <bioguideId>M001151</bioguideId>
          <lisID>1744</lisID>
        </identifiers>
        <firstName>Tim</firstName>
        <party>R</party>
        <bioguideId>M001151</bioguideId>
        <sponsorshipDate>2017-04-28</sponsorshipDate>
        <sponsorshipWithdrawnDate />
        <state>PA</state>
        <lastName>Murphy</lastName>
        <isOriginalCosponsor>False</isOriginalCosponsor>
        <district>18</district>
      </item>
      <item>
        <fullName>Rep. Lofgren, Zoe [D-CA-19]</fullName>
        <middleName />
        <identifiers>
          <lisID>701</lisID>
          <gpoId>7821</gpoId>
          <bioguideId>L000397</bioguideId>
        </identifiers>
        <firstName>ZOE</firstName>
        <party>D</party>
        <bioguideId>L000397</bioguideId>
        <sponsorshipDate>2017-05-01</sponsorshipDate>
        <sponsorshipWithdrawnDate />
        <state>CA</state>
        <lastName>LOFGREN</lastName>
        <isOriginalCosponsor>False</isOriginalCosponsor>
        <district>19</district>
      </item>
      <item>
        <fullName>Rep. Thompson, Glenn [R-PA-5]</fullName>
        <middleName />
        <identifiers>
          <bioguideId>T000467</bioguideId>
          <lisID>1952</lisID>
          <gpoId>8123</gpoId>
        </identifiers>
        <firstName>Glenn</firstName>
        <party>R</party>
        <bioguideId>T000467</bioguideId>
        <sponsorshipDate>2017-05-01</sponsorshipDate>
        <sponsorshipWithdrawnDate />
        <state>PA</state>
        <lastName>Thompson</lastName>
        <isOriginalCosponsor>False</isOriginalCosponsor>
        <district>5</district>
      </item>
      <item>
        <fullName>Rep. Larsen, Rick [D-WA-2]</fullName>
        <middleName />
        <identifiers>
          <lisID>1675</lisID>
          <gpoId>8206</gpoId>
          <bioguideId>L000560</bioguideId>
        </identifiers>
        <firstName>RICK</firstName>
        <party>D</party>
        <bioguideId>L000560</bioguideId>
        <sponsorshipDate>2017-05-02</sponsorshipDate>
        <sponsorshipWithdrawnDate />
        <state>WA</state>
        <lastName>LARSEN</lastName>
        <isOriginalCosponsor>False</isOriginalCosponsor>
        <district>2</district>
      </item>
      <item>
        <fullName>Rep. Kennedy, Joseph P., III [D-MA-4]</fullName>
        <middleName>P.</middleName>
        <identifiers>
          <lisID>2172</lisID>
          <gpoId />
          <bioguideId>K000379</bioguideId>
        </identifiers>
        <firstName>Joseph</firstName>
        <party>D</party>
        <bioguideId>K000379</bioguideId>
        <sponsorshipDate>2017-05-03</sponsorshipDate>
        <sponsorshipWithdrawnDate />
        <state>MA</state>
        <lastName>Kennedy</lastName>
        <isOriginalCosponsor>False</isOriginalCosponsor>
        <district>4</district>
      </item>
      <item>
        <fullName>Rep. Kind, Ron [D-WI-3]</fullName>
        <middleName />
        <identifiers>
          <lisID>1498</lisID>
          <gpoId>8216</gpoId>
          <bioguideId>K000188</bioguideId>
        </identifiers>
        <firstName>RON</firstName>
        <party>D</party>
        <bioguideId>K000188</bioguideId>
        <sponsorshipDate>2017-05-04</sponsorshipDate>
        <sponsorshipWithdrawnDate />
        <state>WI</state>
        <lastName>KIND</lastName>
        <isOriginalCosponsor>False</isOriginalCosponsor>
        <district>3</district>
      </item>
      <item>
        <fullName>Rep. Kihuen, Ruben J. [D-NV-4]</fullName>
        <middleName>J.</middleName>
        <identifiers>
          <lisID>2340</lisID>
          <gpoId />
          <bioguideId>K000390</bioguideId>
        </identifiers>
        <firstName>Ruben</firstName>
        <party>D</party>
        <bioguideId>K000390</bioguideId>
        <sponsorshipDate>2017-05-16</sponsorshipDate>
        <sponsorshipWithdrawnDate />
        <state>NV</state>
        <lastName>Kihuen</lastName>
        <isOriginalCosponsor>False</isOriginalCosponsor>
        <district>4</district>
      </item>
      <item>
        <fullName>Rep. Bustos, Cheri [D-IL-17]</fullName>
        <middleName />
        <identifiers>
          <gpoId />
          <lisID>2127</lisID>
          <bioguideId>B001286</bioguideId>
        </identifiers>
        <firstName>Cheri</firstName>
        <party>D</party>
        <bioguideId>B001286</bioguideId>
        <sponsorshipDate>2017-05-16</sponsorshipDate>
        <sponsorshipWithdrawnDate />
        <state>IL</state>
        <lastName>Bustos</lastName>
        <isOriginalCosponsor>False</isOriginalCosponsor>
        <district>17</district>
      </item>
      <item>
        <fullName>Rep. Doyle, Michael F. [D-PA-14]</fullName>
        <middleName />
        <identifiers>
          <lisID>316</lisID>
          <gpoId>8132</gpoId>
          <bioguideId>D000482</bioguideId>
        </identifiers>
        <firstName>MIKE</firstName>
        <party>D</party>
        <bioguideId>D000482</bioguideId>
        <sponsorshipDate>2017-05-16</sponsorshipDate>
        <sponsorshipWithdrawnDate />
        <state>PA</state>
        <lastName>DOYLE</lastName>
        <isOriginalCosponsor>False</isOriginalCosponsor>
        <district>14</district>
      </item>
      <item>
        <fullName>Rep. Rosen, Jacky [D-NV-3]</fullName>
        <middleName />
        <identifiers>
          <gpoId />
          <bioguideId>R000608</bioguideId>
          <lisID>2339</lisID>
        </identifiers>
        <firstName>Jacky</firstName>
        <party>D</party>
        <bioguideId>R000608</bioguideId>
        <sponsorshipDate>2017-05-16</sponsorshipDate>
        <sponsorshipWithdrawnDate />
        <state>NV</state>
        <lastName>Rosen</lastName>
        <isOriginalCosponsor>False</isOriginalCosponsor>
        <district>3</district>
      </item>
      <item>
        <fullName>Rep. Katko, John [R-NY-24]</fullName>
        <middleName />
        <identifiers>
          <lisID>2264</lisID>
          <gpoId />
          <bioguideId>K000386</bioguideId>
        </identifiers>
        <firstName>John</firstName>
        <party>R</party>
        <bioguideId>K000386</bioguideId>
        <sponsorshipDate>2017-05-16</sponsorshipDate>
        <sponsorshipWithdrawnDate />
        <state>NY</state>
        <lastName>Katko</lastName>
        <isOriginalCosponsor>False</isOriginalCosponsor>
        <district>24</district>
      </item>
      <item>
        <fullName>Rep. Peterson, Collin C. [D-MN-7]</fullName>
        <middleName>C.</middleName>
        <identifiers>
          <lisID>910</lisID>
          <gpoId>8007</gpoId>
          <bioguideId>P000258</bioguideId>
        </identifiers>
        <firstName>COLLIN</firstName>
        <party>D</party>
        <bioguideId>P000258</bioguideId>
        <sponsorshipDate>2017-05-17</sponsorshipDate>
        <sponsorshipWithdrawnDate />
        <state>MN</state>
        <lastName>PETERSON</lastName>
        <isOriginalCosponsor>False</isOriginalCosponsor>
        <district>7</district>
      </item>
      <item>
        <fullName>Rep. Khanna, Ro [D-CA-17]</fullName>
        <middleName />
        <identifiers>
          <lisID>2308</lisID>
          <gpoId />
          <bioguideId>K000389</bioguideId>
        </identifiers>
        <firstName>Ro</firstName>
        <party>D</party>
        <bioguideId>K000389</bioguideId>
        <sponsorshipDate>2017-05-22</sponsorshipDate>
        <sponsorshipWithdrawnDate />
        <state>CA</state>
        <lastName>Khanna</lastName>
        <isOriginalCosponsor>False</isOriginalCosponsor>
        <district>17</district>
      </item>
      <item>
        <fullName>Rep. Eshoo, Anna G. [D-CA-18]</fullName>
        <middleName>G.</middleName>
        <identifiers>
          <bioguideId>E000215</bioguideId>
          <gpoId>7819</gpoId>
          <lisID>355</lisID>
        </identifiers>
        <firstName>ANNA</firstName>
        <party>D</party>
        <bioguideId>E000215</bioguideId>
        <sponsorshipDate>2017-05-23</sponsorshipDate>
        <sponsorshipWithdrawnDate />
        <state>CA</state>
        <lastName>ESHOO</lastName>
        <isOriginalCosponsor>False</isOriginalCosponsor>
        <district>18</district>
      </item>
      <item>
        <fullName>Rep. Raskin, Jamie [D-MD-8]</fullName>
        <middleName />
        <identifiers>
          <lisID>2332</lisID>
          <gpoId />
          <bioguideId>R000606</bioguideId>
        </identifiers>
        <firstName>Jamie</firstName>
        <party>D</party>
        <bioguideId>R000606</bioguideId>
        <sponsorshipDate>2017-05-30</sponsorshipDate>
        <sponsorshipWithdrawnDate />
        <state>MD</state>
        <lastName>Raskin</lastName>
        <isOriginalCosponsor>False</isOriginalCosponsor>
        <district>8</district>
      </item>
      <item>
        <fullName>Rep. Chu, Judy [D-CA-27]</fullName>
        <middleName />
        <identifiers>
          <gpoId>7837</gpoId>
          <bioguideId>C001080</bioguideId>
          <lisID>1970</lisID>
        </identifiers>
        <firstName>Judy</firstName>
        <party>D</party>
        <bioguideId>C001080</bioguideId>
        <sponsorshipDate>2017-06-06</sponsorshipDate>
        <sponsorshipWithdrawnDate />
        <state>CA</state>
        <lastName>Chu</lastName>
        <isOriginalCosponsor>False</isOriginalCosponsor>
        <district>27</district>
      </item>
      <item>
        <fullName>Rep. Schakowsky, Janice D. [D-IL-9]</fullName>
        <middleName>D.</middleName>
        <identifiers>
          <lisID>1588</lisID>
          <gpoId>7929</gpoId>
          <bioguideId>S001145</bioguideId>
        </identifiers>
        <firstName>JANICE</firstName>
        <party>D</party>
        <bioguideId>S001145</bioguideId>
        <sponsorshipDate>2017-06-06</sponsorshipDate>
        <sponsorshipWithdrawnDate />
        <state>IL</state>
        <lastName>SCHAKOWSKY</lastName>
        <isOriginalCosponsor>False</isOriginalCosponsor>
        <district>9</district>
      </item>
      <item>
        <fullName>Rep. Bost, Mike [R-IL-12]</fullName>
        <middleName />
        <identifiers>
          <bioguideId>B001295</bioguideId>
          <gpoId />
          <lisID>2243</lisID>
        </identifiers>
        <firstName>Mike</firstName>
        <party>R</party>
        <bioguideId>B001295</bioguideId>
        <sponsorshipDate>2017-06-06</sponsorshipDate>
        <sponsorshipWithdrawnDate />
        <state>IL</state>
        <lastName>Bost</lastName>
        <isOriginalCosponsor>False</isOriginalCosponsor>
        <district>12</district>
      </item>
      <item>
        <fullName>Rep. Cicilline, David N. [D-RI-1]</fullName>
        <middleName>N.</middleName>
        <identifiers>
          <lisID>2055</lisID>
          <gpoId>8139</gpoId>
          <bioguideId>C001084</bioguideId>
        </identifiers>
        <firstName>David</firstName>
        <party>D</party>
        <bioguideId>C001084</bioguideId>
        <sponsorshipDate>2017-06-06</sponsorshipDate>
        <sponsorshipWithdrawnDate />
        <state>RI</state>
        <lastName>Cicilline</lastName>
        <isOriginalCosponsor>False</isOriginalCosponsor>
        <district>1</district>
      </item>
      <item>
        <fullName>Rep. Tipton, Scott  R. [R-CO-3]</fullName>
        <middleName>R.</middleName>
        <identifiers>
          <bioguideId>T000470</bioguideId>
          <lisID>1997</lisID>
          <gpoId>7861</gpoId>
        </identifiers>
        <firstName>Scott</firstName>
        <party>R</party>
        <bioguideId>T000470</bioguideId>
        <sponsorshipDate>2017-06-06</sponsorshipDate>
        <sponsorshipWithdrawnDate />
        <state>CO</state>
        <lastName>Tipton</lastName>
        <isOriginalCosponsor>False</isOriginalCosponsor>
        <district>3</district>
      </item>
      <item>
        <fullName>Rep. Donovan, Daniel M., Jr. [R-NY-11]</fullName>
        <middleName>M.</middleName>
        <identifiers>
          <lisID>2293</lisID>
          <gpoId />
          <bioguideId>D000625</bioguideId>
        </identifiers>
        <firstName>Daniel</firstName>
        <party>R</party>
        <bioguideId>D000625</bioguideId>
        <sponsorshipDate>2017-06-07</sponsorshipDate>
        <sponsorshipWithdrawnDate />
        <state>NY</state>
        <lastName>Donovan</lastName>
        <isOriginalCosponsor>False</isOriginalCosponsor>
        <district>11</district>
      </item>
      <item>
        <fullName>Rep. Bonamici, Suzanne [D-OR-1]</fullName>
        <middleName />
        <identifiers>
          <lisID>2092</lisID>
          <gpoId>8367</gpoId>
          <bioguideId>B001278</bioguideId>
        </identifiers>
        <firstName>Suzanne</firstName>
        <party>D</party>
        <bioguideId>B001278</bioguideId>
        <sponsorshipDate>2017-06-07</sponsorshipDate>
        <sponsorshipWithdrawnDate />
        <state>OR</state>
        <lastName>Bonamici</lastName>
        <isOriginalCosponsor>False</isOriginalCosponsor>
        <district>1</district>
      </item>
      <item>
        <fullName>Rep. Gutierrez, Luis V. [D-IL-4]</fullName>
        <middleName>V.</middleName>
        <identifiers>
          <bioguideId>G000535</bioguideId>
          <gpoId>7924</gpoId>
          <lisID>478</lisID>
        </identifiers>
        <firstName>LUIS</firstName>
        <party>D</party>
        <bioguideId>G000535</bioguideId>
        <sponsorshipDate>2017-06-07</sponsorshipDate>
        <sponsorshipWithdrawnDate />
        <state>IL</state>
        <lastName>GUTIERREZ</lastName>
        <isOriginalCosponsor>False</isOriginalCosponsor>
        <district>4</district>
      </item>
      <item>
        <fullName>Rep. Tsongas, Niki [D-MA-3]</fullName>
        <middleName />
        <identifiers>
          <bioguideId>T000465</bioguideId>
          <gpoId>7970</gpoId>
          <lisID>1884</lisID>
        </identifiers>
        <firstName>Niki</firstName>
        <party>D</party>
        <bioguideId>T000465</bioguideId>
        <sponsorshipDate>2017-06-12</sponsorshipDate>
        <sponsorshipWithdrawnDate />
        <state>MA</state>
        <lastName>Tsongas</lastName>
        <isOriginalCosponsor>False</isOriginalCosponsor>
        <district>3</district>
      </item>
      <item>
        <fullName>Rep. Cohen, Steve [D-TN-9]</fullName>
        <middleName />
        <identifiers>
          <lisID>1878</lisID>
          <gpoId>8156</gpoId>
          <bioguideId>C001068</bioguideId>
        </identifiers>
        <firstName>Steve</firstName>
        <party>D</party>
        <bioguideId>C001068</bioguideId>
        <sponsorshipDate>2017-06-13</sponsorshipDate>
        <sponsorshipWithdrawnDate />
        <state>TN</state>
        <lastName>Cohen</lastName>
        <isOriginalCosponsor>False</isOriginalCosponsor>
        <district>9</district>
      </item>
      <item>
        <fullName>Rep. Radewagen, Aumua Amata Coleman [R-AS-At Large]</fullName>
        <middleName>Coleman</middleName>
        <identifiers>
          <lisID>2222</lisID>
          <gpoId />
          <bioguideId>R000600</bioguideId>
        </identifiers>
        <firstName>Aumua Amata</firstName>
        <party>R</party>
        <bioguideId>R000600</bioguideId>
        <sponsorshipDate>2017-06-20</sponsorshipDate>
        <sponsorshipWithdrawnDate />
        <state>AS</state>
        <lastName>Radewagen</lastName>
        <isOriginalCosponsor>False</isOriginalCosponsor>
        <district>0</district>
      </item>
      <item>
        <fullName>Rep. Gonzalez-Colon, Jenniffer [R-PR-At Large]</fullName>
        <middleName />
        <identifiers>
          <lisID>2347</lisID>
          <gpoId />
          <bioguideId>G000582</bioguideId>
        </identifiers>
        <firstName>Jenniffer</firstName>
        <party>R</party>
        <bioguideId>G000582</bioguideId>
        <sponsorshipDate>2017-06-20</sponsorshipDate>
        <sponsorshipWithdrawnDate />
        <state>PR</state>
        <lastName>Gonzalez-Colon</lastName>
        <isOriginalCosponsor>False</isOriginalCosponsor>
        <district>0</district>
      </item>
      <item>
        <fullName>Rep. Price, David E. [D-NC-4]</fullName>
        <middleName>E.</middleName>
        <identifiers>
          <bioguideId>P000523</bioguideId>
          <gpoId>8027</gpoId>
          <lisID>930</lisID>
        </identifiers>
        <firstName>DAVID</firstName>
        <party>D</party>
        <bioguideId>P000523</bioguideId>
        <sponsorshipDate>2017-06-20</sponsorshipDate>
        <sponsorshipWithdrawnDate />
        <state>NC</state>
        <lastName>PRICE</lastName>
        <isOriginalCosponsor>False</isOriginalCosponsor>
        <district>4</district>
      </item>
      <item>
        <fullName>Rep. Zeldin, Lee M. [R-NY-1]</fullName>
        <middleName>M.</middleName>
        <identifiers>
          <lisID>2261</lisID>
          <gpoId />
          <bioguideId>Z000017</bioguideId>
        </identifiers>
        <firstName>Lee</firstName>
        <party>R</party>
        <bioguideId>Z000017</bioguideId>
        <sponsorshipDate>2017-06-20</sponsorshipDate>
        <sponsorshipWithdrawnDate />
        <state>NY</state>
        <lastName>Zeldin</lastName>
        <isOriginalCosponsor>False</isOriginalCosponsor>
        <district>1</district>
      </item>
      <item>
        <fullName>Rep. Maloney, Sean Patrick [D-NY-18]</fullName>
        <middleName>Patrick</middleName>
        <identifiers>
          <gpoId />
          <bioguideId>M001185</bioguideId>
          <lisID>2150</lisID>
        </identifiers>
        <firstName>Sean</firstName>
        <party>D</party>
        <bioguideId>M001185</bioguideId>
        <sponsorshipDate>2017-06-20</sponsorshipDate>
        <sponsorshipWithdrawnDate />
        <state>NY</state>
        <lastName>Maloney</lastName>
        <isOriginalCosponsor>False</isOriginalCosponsor>
        <district>18</district>
      </item>
      <item>
        <fullName>Rep. Poliquin, Bruce [R-ME-2]</fullName>
        <middleName />
        <identifiers>
          <gpoId />
          <bioguideId>P000611</bioguideId>
          <lisID>2247</lisID>
        </identifiers>
        <firstName>Bruce</firstName>
        <party>R</party>
        <bioguideId>P000611</bioguideId>
        <sponsorshipDate>2017-06-21</sponsorshipDate>
        <sponsorshipWithdrawnDate />
        <state>ME</state>
        <lastName>Poliquin</lastName>
        <isOriginalCosponsor>False</isOriginalCosponsor>
        <district>2</district>
      </item>
      <item>
        <fullName>Rep. Moulton, Seth [D-MA-6]</fullName>
        <middleName />
        <identifiers>
          <gpoId />
          <bioguideId>M001196</bioguideId>
          <lisID>2246</lisID>
        </identifiers>
        <firstName>Seth</firstName>
        <party>D</party>
        <bioguideId>M001196</bioguideId>
        <sponsorshipDate>2017-06-21</sponsorshipDate>
        <sponsorshipWithdrawnDate />
        <state>MA</state>
        <lastName>Moulton</lastName>
        <isOriginalCosponsor>False</isOriginalCosponsor>
        <district>6</district>
      </item>
      <item>
        <fullName>Rep. Boyle, Brendan F. [D-PA-13]</fullName>
        <middleName>F.</middleName>
        <identifiers>
          <lisID>2267</lisID>
          <gpoId />
          <bioguideId>B001296</bioguideId>
        </identifiers>
        <firstName>Brendan</firstName>
        <party>D</party>
        <bioguideId>B001296</bioguideId>
        <sponsorshipDate>2017-06-21</sponsorshipDate>
        <sponsorshipWithdrawnDate />
        <state>PA</state>
        <lastName>Boyle</lastName>
        <isOriginalCosponsor>False</isOriginalCosponsor>
        <district>13</district>
      </item>
      <item>
        <fullName>Rep. Smith, Lamar [R-TX-21]</fullName>
        <middleName />
        <identifiers>
          <bioguideId>S000583</bioguideId>
          <gpoId>8177</gpoId>
          <lisID>1075</lisID>
        </identifiers>
        <firstName>LAMAR</firstName>
        <party>R</party>
        <bioguideId>S000583</bioguideId>
        <sponsorshipDate>2017-06-21</sponsorshipDate>
        <sponsorshipWithdrawnDate />
        <state>TX</state>
        <lastName>SMITH</lastName>
        <isOriginalCosponsor>False</isOriginalCosponsor>
        <district>21</district>
      </item>
      <item>
        <fullName>Rep. Hastings, Alcee L. [D-FL-20]</fullName>
        <middleName>L.</middleName>
        <identifiers>
          <lisID>511</lisID>
          <gpoId>7895</gpoId>
          <bioguideId>H000324</bioguideId>
        </identifiers>
        <firstName>ALCEE</firstName>
        <party>D</party>
        <bioguideId>H000324</bioguideId>
        <sponsorshipDate>2017-06-26</sponsorshipDate>
        <sponsorshipWithdrawnDate />
        <state>FL</state>
        <lastName>HASTINGS</lastName>
        <isOriginalCosponsor>False</isOriginalCosponsor>
        <district>20</district>
      </item>
      <item>
        <fullName>Rep. Serrano, Jose E. [D-NY-15]</fullName>
        <middleName>E.</middleName>
        <identifiers>
          <lisID>1042</lisID>
          <gpoId>8077</gpoId>
          <bioguideId>S000248</bioguideId>
        </identifiers>
        <firstName>JOSE</firstName>
        <party>D</party>
        <bioguideId>S000248</bioguideId>
        <sponsorshipDate>2017-06-26</sponsorshipDate>
        <sponsorshipWithdrawnDate />
        <state>NY</state>
        <lastName>SERRANO</lastName>
        <isOriginalCosponsor>False</isOriginalCosponsor>
        <district>15</district>
      </item>
      <item>
        <fullName>Rep. Cummings, Elijah E. [D-MD-7]</fullName>
        <middleName>E.</middleName>
        <identifiers>
          <lisID>256</lisID>
          <gpoId>7982</gpoId>
          <bioguideId>C000984</bioguideId>
        </identifiers>
        <firstName>ELIJAH</firstName>
        <party>D</party>
        <bioguideId>C000984</bioguideId>
        <sponsorshipDate>2017-06-26</sponsorshipDate>
        <sponsorshipWithdrawnDate />
        <state>MD</state>
        <lastName>CUMMINGS</lastName>
        <isOriginalCosponsor>False</isOriginalCosponsor>
        <district>7</district>
      </item>
      <item>
        <fullName>Rep. Posey, Bill [R-FL-8]</fullName>
        <middleName />
        <identifiers>
          <lisID>1915</lisID>
          <gpoId>7887</gpoId>
          <bioguideId>P000599</bioguideId>
        </identifiers>
        <firstName>Bill</firstName>
        <party>R</party>
        <bioguideId>P000599</bioguideId>
        <sponsorshipDate>2017-06-28</sponsorshipDate>
        <sponsorshipWithdrawnDate />
        <state>FL</state>
        <lastName>Posey</lastName>
        <isOriginalCosponsor>False</isOriginalCosponsor>
        <district>8</district>
      </item>
      <item>
        <fullName>Rep. Krishnamoorthi, Raja [D-IL-8]</fullName>
        <middleName />
        <identifiers>
          <gpoId />
          <lisID>2325</lisID>
          <bioguideId>K000391</bioguideId>
        </identifiers>
        <firstName>Raja</firstName>
        <party>D</party>
        <bioguideId>K000391</bioguideId>
        <sponsorshipDate>2017-07-11</sponsorshipDate>
        <sponsorshipWithdrawnDate />
        <state>IL</state>
        <lastName>Krishnamoorthi</lastName>
        <isOriginalCosponsor>False</isOriginalCosponsor>
        <district>8</district>
      </item>
      <item>
        <fullName>Rep. Nadler, Jerrold [D-NY-10]</fullName>
        <middleName />
        <identifiers>
          <bioguideId>N000002</bioguideId>
          <gpoId>8069</gpoId>
          <lisID>850</lisID>
        </identifiers>
        <firstName>JERROLD</firstName>
        <party>D</party>
        <bioguideId>N000002</bioguideId>
        <sponsorshipDate>2017-07-17</sponsorshipDate>
        <sponsorshipWithdrawnDate />
        <state>NY</state>
        <lastName>NADLER</lastName>
        <isOriginalCosponsor>False</isOriginalCosponsor>
        <district>10</district>
      </item>
      <item>
        <fullName>Rep. Sewell, Terri A. [D-AL-7]</fullName>
        <middleName>A.</middleName>
        <identifiers>
          <gpoId>7792</gpoId>
          <bioguideId>S001185</bioguideId>
          <lisID>1988</lisID>
        </identifiers>
        <firstName>Terri</firstName>
        <party>D</party>
        <bioguideId>S001185</bioguideId>
        <sponsorshipDate>2017-08-01</sponsorshipDate>
        <sponsorshipWithdrawnDate />
        <state>AL</state>
        <lastName>Sewell</lastName>
        <isOriginalCosponsor>False</isOriginalCosponsor>
        <district>7</district>
      </item>
      <item>
        <fullName>Rep. Meng, Grace [D-NY-6]</fullName>
        <middleName />
        <identifiers>
          <lisID>2148</lisID>
          <gpoId />
          <bioguideId>M001188</bioguideId>
        </identifiers>
        <firstName>Grace</firstName>
        <party>D</party>
        <bioguideId>M001188</bioguideId>
        <sponsorshipDate>2017-08-01</sponsorshipDate>
        <sponsorshipWithdrawnDate />
        <state>NY</state>
        <lastName>Meng</lastName>
        <isOriginalCosponsor>False</isOriginalCosponsor>
        <district>6</district>
      </item>
      <item>
        <fullName>Rep. Lewis, John [D-GA-5]</fullName>
        <middleName />
        <identifiers>
          <gpoId>7902</gpoId>
          <lisID>688</lisID>
          <bioguideId>L000287</bioguideId>
        </identifiers>
        <firstName>JOHN</firstName>
        <party>D</party>
        <bioguideId>L000287</bioguideId>
        <sponsorshipDate>2017-09-06</sponsorshipDate>
        <sponsorshipWithdrawnDate />
        <state>GA</state>
        <lastName>LEWIS</lastName>
        <isOriginalCosponsor>False</isOriginalCosponsor>
        <district>5</district>
      </item>
      <item>
        <fullName>Rep. Cartwright, Matt [D-PA-17]</fullName>
        <middleName />
        <identifiers>
          <lisID>2159</lisID>
          <gpoId />
          <bioguideId>C001090</bioguideId>
        </identifiers>
        <firstName>Matt</firstName>
        <party>D</party>
        <bioguideId>C001090</bioguideId>
        <sponsorshipDate>2017-09-06</sponsorshipDate>
        <sponsorshipWithdrawnDate />
        <state>PA</state>
        <lastName>Cartwright</lastName>
        <isOriginalCosponsor>False</isOriginalCosponsor>
        <district>17</district>
      </item>
      <item>
        <fullName>Rep. Norton, Eleanor Holmes [D-DC-At Large]</fullName>
        <middleName>HOLMES</middleName>
        <identifiers>
          <lisID>868</lisID>
          <gpoId>7871</gpoId>
          <bioguideId>N000147</bioguideId>
        </identifiers>
        <firstName>ELEANOR</firstName>
        <party>D</party>
        <bioguideId>N000147</bioguideId>
        <sponsorshipDate>2017-09-06</sponsorshipDate>
        <sponsorshipWithdrawnDate />
        <state>DC</state>
        <lastName>NORTON</lastName>
        <isOriginalCosponsor>False</isOriginalCosponsor>
        <district>0</district>
      </item>
      <item>
        <fullName>Rep. Loebsack, David [D-IA-2]</fullName>
        <middleName />
        <identifiers>
          <lisID>1846</lisID>
          <gpoId>7915</gpoId>
          <bioguideId>L000565</bioguideId>
        </identifiers>
        <firstName>David</firstName>
        <party>D</party>
        <bioguideId>L000565</bioguideId>
        <sponsorshipDate>2017-09-06</sponsorshipDate>
        <sponsorshipWithdrawnDate />
        <state>IA</state>
        <lastName>Loebsack</lastName>
        <isOriginalCosponsor>False</isOriginalCosponsor>
        <district>2</district>
      </item>
      <item>
        <fullName>Rep. Engel, Eliot L. [D-NY-16]</fullName>
        <middleName>L.</middleName>
        <identifiers>
          <bioguideId>E000179</bioguideId>
          <gpoId>8078</gpoId>
          <lisID>344</lisID>
        </identifiers>
        <firstName>ELIOT</firstName>
        <party>D</party>
        <bioguideId>E000179</bioguideId>
        <sponsorshipDate>2017-09-06</sponsorshipDate>
        <sponsorshipWithdrawnDate />
        <state>NY</state>
        <lastName>ENGEL</lastName>
        <isOriginalCosponsor>False</isOriginalCosponsor>
        <district>16</district>
      </item>
      <item>
        <fullName>Rep. Shea-Porter, Carol [D-NH-1]</fullName>
        <middleName />
        <identifiers>
          <lisID>1861</lisID>
          <gpoId>7528</gpoId>
          <bioguideId>S001170</bioguideId>
        </identifiers>
        <firstName>Carol</firstName>
        <party>D</party>
        <bioguideId>S001170</bioguideId>
        <sponsorshipDate>2017-09-06</sponsorshipDate>
        <sponsorshipWithdrawnDate />
        <state>NH</state>
        <lastName>Shea-Porter</lastName>
        <isOriginalCosponsor>False</isOriginalCosponsor>
        <district>1</district>
      </item>
      <item>
        <fullName>Rep. Kildee, Daniel T. [D-MI-5]</fullName>
        <middleName>T.</middleName>
        <identifiers>
          <lisID>2134</lisID>
          <gpoId />
          <bioguideId>K000380</bioguideId>
        </identifiers>
        <firstName>Daniel</firstName>
        <party>D</party>
        <bioguideId>K000380</bioguideId>
        <sponsorshipDate>2017-09-06</sponsorshipDate>
        <sponsorshipWithdrawnDate />
        <state>MI</state>
        <lastName>Kildee</lastName>
        <isOriginalCosponsor>False</isOriginalCosponsor>
        <district>5</district>
      </item>
      <item>
        <fullName>Rep. DeGette, Diana [D-CO-1]</fullName>
        <middleName />
        <identifiers>
          <lisID>1479</lisID>
          <gpoId>7859</gpoId>
          <bioguideId>D000197</bioguideId>
        </identifiers>
        <firstName>DIANA</firstName>
        <party>D</party>
        <bioguideId>D000197</bioguideId>
        <sponsorshipDate>2017-09-06</sponsorshipDate>
        <sponsorshipWithdrawnDate />
        <state>CO</state>
        <lastName>DEGETTE</lastName>
        <isOriginalCosponsor>False</isOriginalCosponsor>
        <district>1</district>
      </item>
      <item>
        <fullName>Rep. Stefanik, Elise M. [R-NY-21]</fullName>
        <middleName>M.</middleName>
        <identifiers>
          <gpoId />
          <bioguideId>S001196</bioguideId>
          <lisID>2263</lisID>
        </identifiers>
        <firstName>Elise</firstName>
        <party>R</party>
        <bioguideId>S001196</bioguideId>
        <sponsorshipDate>2017-09-08</sponsorshipDate>
        <sponsorshipWithdrawnDate />
        <state>NY</state>
        <lastName>Stefanik</lastName>
        <isOriginalCosponsor>False</isOriginalCosponsor>
        <district>21</district>
      </item>
      <item>
        <fullName>Rep. Swalwell, Eric [D-CA-15]</fullName>
        <middleName />
        <identifiers>
          <bioguideId>S001193</bioguideId>
          <lisID>2104</lisID>
          <gpoId />
        </identifiers>
        <firstName>Eric</firstName>
        <party>D</party>
        <bioguideId>S001193</bioguideId>
        <sponsorshipDate>2017-09-12</sponsorshipDate>
        <sponsorshipWithdrawnDate />
        <state>CA</state>
        <lastName>Swalwell</lastName>
        <isOriginalCosponsor>False</isOriginalCosponsor>
        <district>15</district>
      </item>
      <item>
        <fullName>Rep. Napolitano, Grace F. [D-CA-32]</fullName>
        <middleName>F.</middleName>
        <identifiers>
          <lisID>1602</lisID>
          <gpoId>7843</gpoId>
          <bioguideId>N000179</bioguideId>
        </identifiers>
        <firstName>GRACE</firstName>
        <party>D</party>
        <bioguideId>N000179</bioguideId>
        <sponsorshipDate>2017-09-25</sponsorshipDate>
        <sponsorshipWithdrawnDate />
        <state>CA</state>
        <lastName>NAPOLITANO</lastName>
        <isOriginalCosponsor>False</isOriginalCosponsor>
        <district>32</district>
      </item>
      <item>
        <fullName>Rep. Pocan, Mark [D-WI-2]</fullName>
        <middleName />
        <identifiers>
          <lisID>2171</lisID>
          <gpoId />
          <bioguideId>P000607</bioguideId>
        </identifiers>
        <firstName>Mark</firstName>
        <party>D</party>
        <bioguideId>P000607</bioguideId>
        <sponsorshipDate>2017-09-25</sponsorshipDate>
        <sponsorshipWithdrawnDate />
        <state>WI</state>
        <lastName>Pocan</lastName>
        <isOriginalCosponsor>False</isOriginalCosponsor>
        <district>2</district>
      </item>
      <item>
        <fullName>Rep. McKinley, David B. [R-WV-1]</fullName>
        <middleName>B.</middleName>
        <identifiers>
          <gpoId>8222</gpoId>
          <lisID>2074</lisID>
          <bioguideId>M001180</bioguideId>
        </identifiers>
        <firstName>David</firstName>
        <party>R</party>
        <bioguideId>M001180</bioguideId>
        <sponsorshipDate>2017-09-25</sponsorshipDate>
        <sponsorshipWithdrawnDate />
        <state>WV</state>
        <lastName>McKinley</lastName>
        <isOriginalCosponsor>False</isOriginalCosponsor>
        <district>1</district>
      </item>
      <item>
        <fullName>Rep. Kilmer, Derek [D-WA-6]</fullName>
        <middleName />
        <identifiers>
          <bioguideId>K000381</bioguideId>
          <gpoId />
          <lisID>2169</lisID>
        </identifiers>
        <firstName>Derek</firstName>
        <party>D</party>
        <bioguideId>K000381</bioguideId>
        <sponsorshipDate>2017-10-04</sponsorshipDate>
        <sponsorshipWithdrawnDate />
        <state>WA</state>
        <lastName>Kilmer</lastName>
        <isOriginalCosponsor>False</isOriginalCosponsor>
        <district>6</district>
      </item>
      <item>
        <fullName>Rep. King, Peter T. [R-NY-2]</fullName>
        <middleName>T.</middleName>
        <identifiers>
          <bioguideId>K000210</bioguideId>
          <lisID>635</lisID>
          <gpoId>8064</gpoId>
        </identifiers>
        <firstName>PETER</firstName>
        <party>R</party>
        <bioguideId>K000210</bioguideId>
        <sponsorshipDate>2017-10-11</sponsorshipDate>
        <sponsorshipWithdrawnDate />
        <state>NY</state>
        <lastName>KING</lastName>
        <isOriginalCosponsor>False</isOriginalCosponsor>
        <district>2</district>
      </item>
      <item>
        <fullName>Rep. Higgins, Brian [D-NY-26]</fullName>
        <middleName />
        <identifiers>
          <lisID>1794</lisID>
          <gpoId>8088</gpoId>
          <bioguideId>H001038</bioguideId>
        </identifiers>
        <firstName>Brian</firstName>
        <party>D</party>
        <bioguideId>H001038</bioguideId>
        <sponsorshipDate>2017-11-01</sponsorshipDate>
        <sponsorshipWithdrawnDate />
        <state>NY</state>
        <lastName>Higgins</lastName>
        <isOriginalCosponsor>False</isOriginalCosponsor>
        <district>26</district>
      </item>
      <item>
        <fullName>Rep. Blumenauer, Earl [D-OR-3]</fullName>
        <middleName />
        <identifiers>
          <gpoId>8116</gpoId>
          <bioguideId>B000574</bioguideId>
          <lisID>99</lisID>
        </identifiers>
        <firstName>EARL</firstName>
        <party>D</party>
        <bioguideId>B000574</bioguideId>
        <sponsorshipDate>2017-12-11</sponsorshipDate>
        <sponsorshipWithdrawnDate />
        <state>OR</state>
        <lastName>BLUMENAUER</lastName>
        <isOriginalCosponsor>False</isOriginalCosponsor>
        <district>3</district>
      </item>
      <item>
        <fullName>Rep. Young, David [R-IA-3]</fullName>
        <middleName />
        <identifiers>
          <bioguideId>Y000066</bioguideId>
          <gpoId />
          <lisID>2242</lisID>
        </identifiers>
        <firstName>David</firstName>
        <party>R</party>
        <bioguideId>Y000066</bioguideId>
        <sponsorshipDate>2017-12-12</sponsorshipDate>
        <sponsorshipWithdrawnDate />
        <state>IA</state>
        <lastName>Young</lastName>
        <isOriginalCosponsor>False</isOriginalCosponsor>
        <district>3</district>
      </item>
      <item>
        <fullName>Rep. Stivers, Steve [R-OH-15]</fullName>
        <middleName />
        <identifiers>
          <lisID>2047</lisID>
          <gpoId>8105</gpoId>
          <bioguideId>S001187</bioguideId>
        </identifiers>
        <firstName>Steve</firstName>
        <party>R</party>
        <bioguideId>S001187</bioguideId>
        <sponsorshipDate>2018-01-16</sponsorshipDate>
        <sponsorshipWithdrawnDate />
        <state>OH</state>
        <lastName>Stivers</lastName>
        <isOriginalCosponsor>False</isOriginalCosponsor>
        <district>15</district>
      </item>
      <item>
        <fullName>Rep. Jayapal, Pramila [D-WA-7]</fullName>
        <middleName />
        <identifiers>
          <bioguideId>J000298</bioguideId>
          <gpoId />
          <lisID>2354</lisID>
        </identifiers>
        <firstName>Pramila</firstName>
        <party>D</party>
        <bioguideId>J000298</bioguideId>
        <sponsorshipDate>2018-03-15</sponsorshipDate>
        <sponsorshipWithdrawnDate />
        <state>WA</state>
        <lastName>Jayapal</lastName>
        <isOriginalCosponsor>False</isOriginalCosponsor>
        <district>7</district>
      </item>
    </cosponsors>
    <laws />
    <title>Ensuring Access to Quality Complex Rehabilitation Technology Act of 2017</title>
    <billNumber>750</billNumber>
    <congress>115</congress>
    <actions>
      <item>
        <actionDate>2017-02-09</actionDate>
        <committee>
          <name>Health Subcommittee</name>
          <systemCode>hswm02</systemCode>
        </committee>
        <links />
        <sourceSystem>
          <code>1</code>
          <name>House committee actions</name>
        </sourceSystem>
        <text>Referred to the Subcommittee on Health.</text>
        <type>Committee</type>
      </item>
      <item>
        <actionDate>2017-02-03</actionDate>
        <committee>
          <name>Health Subcommittee</name>
          <systemCode>hsif14</systemCode>
        </committee>
        <links />
        <sourceSystem>
          <code>1</code>
          <name>House committee actions</name>
        </sourceSystem>
        <text>Referred to the Subcommittee on Health.</text>
        <type>Committee</type>
      </item>
      <item>
        <actionDate>2017-01-30</actionDate>
        <text>Referred to House Ways and Means</text>
        <links />
        <committee>
          <name>Ways and Means Committee</name>
          <systemCode>hswm00</systemCode>
        </committee>
        <sourceSystem>
          <code>2</code>
          <name>House floor actions</name>
        </sourceSystem>
        <actionCode>H11100</actionCode>
        <type>IntroReferral</type>
      </item>
      <item>
        <actionDate>2017-01-30</actionDate>
        <text>Referred to House Energy and Commerce</text>
        <links />
        <committee>
          <name>Energy and Commerce Committee</name>
          <systemCode>hsif00</systemCode>
        </committee>
        <sourceSystem>
          <code>2</code>
          <name>House floor actions</name>
        </sourceSystem>
        <actionCode>H11100</actionCode>
        <type>IntroReferral</type>
      </item>
      <item>
        <actionDate>2017-01-30</actionDate>
        <text>Referred to the Committee on Energy and Commerce, and in addition to the Committee on Ways and Means, for a period to be subsequently determined by the Speaker, in each case for consideration of such provisions as fall within the jurisdiction of the committee concerned.</text>
        <links />
        <committee />
        <sourceSystem>
          <code>9</code>
          <name>Library of Congress</name>
        </sourceSystem>
        <actionCode>H11100-A</actionCode>
        <type>IntroReferral</type>
      </item>
      <item>
        <actionDate>2017-01-30</actionDate>
        <text>Introduced in House</text>
        <links />
        <committee />
        <sourceSystem>
          <code>9</code>
          <name>Library of Congress</name>
        </sourceSystem>
        <actionCode>Intro-H</actionCode>
        <type>IntroReferral</type>
      </item>
      <item>
        <actionDate>2017-01-30</actionDate>
        <text>Introduced in House</text>
        <links />
        <committee />
        <sourceSystem>
          <code>9</code>
          <name>Library of Congress</name>
        </sourceSystem>
        <actionCode>1000</actionCode>
        <type>IntroReferral</type>
      </item>
      <actionTypeCounts>
        <billReferralsAggregate>1</billReferralsAggregate>
        <introducedInHouse>1</introducedInHouse>
        <placeholderTextForH>2</placeholderTextForH>
        <introducedInTheHouse>1</introducedInTheHouse>
        <billReferrals>2</billReferrals>
      </actionTypeCounts>
      <actionByCounts>
        <houseOfRepresentatives>7</houseOfRepresentatives>
      </actionByCounts>
    </actions>
  </bill>
  <dublinCore xmlns:dc="http://purl.org/dc/elements/1.1/">
    <dc:format>text/xml</dc:format>
    <dc:language>EN</dc:language>
    <dc:rights>Pursuant to Title 17 Section 105 of the United States Code, this file is not subject to copyright protection and is in the public domain.</dc:rights>
    <dc:contributor>Congressional Research Service, Library of Congress</dc:contributor>
    <dc:description>This file contains bill summaries and statuses for federal legislation. A bill summary describes the most significant provisions of a piece of legislation and details the effects the legislative text may have on current law and federal programs. Bill summaries are authored by the Congressional Research Service (CRS) of the Library of Congress. As stated in Public Law 91-510 (2 USC 166 (d)(6)), one of the duties of CRS is "to prepare summaries and digests of bills and resolutions of a public general nature introduced in the Senate or House of Representatives". For more information, refer to the User Guide that accompanies this file.</dc:description>
  </dublinCore>
</billStatus>

