<?xml version="1.0" encoding="UTF-8"?>
<billStatus>
  <bill>
    <introducedDate>2017-01-30</introducedDate>
    <billType>HR</billType>
    <summaries>
      <billSummaries>
        <item>
          <actionDesc>Introduced in House</actionDesc>
          <name>Introduced in House</name>
          <versionCode>00</versionCode>
          <actionDate>2017-01-30</actionDate>
          <text><![CDATA[<p>This bill requires the Office of Management and Budget (OMB) to report annually to Congress regarding all assessed and voluntary U.S. contributions to the United Nations (U.N.) and its affiliated agencies and related bodies during the previous fiscal year. </p> <p>The report shall include: (1) the total amount of all assessed and voluntary U.S. contributions to the U.N. and its affiliated agencies and related bodies; (2) the approximate percentage of U.S. contributions to each such agency or body in a fiscal year when compared with all such contributions in that fiscal year; and (3) the amount, description, and purpose of each contribution, the identity of the donating U.S. agency, and the identity of the recipient U.N. agency or body. The first report shall include information for the previous three fiscal years. OMB shall post a version of such report on a publicly available website.</p>]]></text>
          <lastSummaryUpdateDate>2017-02-16T22:26:55Z</lastSummaryUpdateDate>
          <updateDate>2017-01-30T05:00:00Z</updateDate>
        </item>
      </billSummaries>
    </summaries>
    <cboCostEstimates />
    <policyArea>
      <name>International Affairs</name>
    </policyArea>
    <calendarNumbers />
    <relatedBills />
    <originChamber>House</originChamber>
    <amendments />
    <titles>
      <item>
        <titleType>Official Title as Introduced</titleType>
        <chamberCode />
        <parentTitleType />
        <chamberName />
        <title>To provide for an accounting of total United States contributions to the United Nations.</title>
      </item>
      <item>
        <titleType>Display Title</titleType>
        <chamberCode />
        <parentTitleType />
        <chamberName />
        <title>To provide for an accounting of total United States contributions to the United Nations.</title>
      </item>
    </titles>
    <createDate>2017-01-31T05:23:09Z</createDate>
    <constitutionalAuthorityStatementText><![CDATA[<pre>From the Congressional Record Online through the Government Publishing Office [<a href='http://www.gpo.gov'>www.gpo.gov</a>]By Mr. BROOKS of Alabama:H.R. 733.Congress has the power to enact this legislation pursuantto the following:Article I, Section 8, Clause 3: the Congress shall havepower to regulate commerce with foreign nations, and amongthe several states, and with the Indian tribes; andArticle I, Section 8, Clause 18: The Congress shall havethe power to make all Laws which shall be necessary andproper for carrying into Execution the foregoing Power, andall the other Powers vested by this Constitution in theGovernment of the United States, or in any Department orOfficer thereof.[Page H745]</pre>]]></constitutionalAuthorityStatementText>
    <actions>
      <item>
        <sourceSystem>
          <name>House floor actions</name>
          <code>2</code>
        </sourceSystem>
        <type>IntroReferral</type>
        <committee>
          <name>Foreign Affairs Committee</name>
          <systemCode>hsfa00</systemCode>
        </committee>
        <text>Referred to the House Committee on Foreign Affairs.</text>
        <actionCode>H11100</actionCode>
        <actionDate>2017-01-30</actionDate>
        <links />
      </item>
      <item>
        <sourceSystem>
          <name>Library of Congress</name>
          <code>9</code>
        </sourceSystem>
        <type>IntroReferral</type>
        <committee />
        <text>Introduced in House</text>
        <actionCode>Intro-H</actionCode>
        <actionDate>2017-01-30</actionDate>
        <links />
      </item>
      <item>
        <sourceSystem>
          <name>Library of Congress</name>
          <code>9</code>
        </sourceSystem>
        <type>IntroReferral</type>
        <committee />
        <text>Introduced in House</text>
        <actionCode>1000</actionCode>
        <actionDate>2017-01-30</actionDate>
        <links />
      </item>
      <actionTypeCounts>
        <introducedInTheHouse>1</introducedInTheHouse>
        <billReferrals>1</billReferrals>
        <introducedInHouse>1</introducedInHouse>
      </actionTypeCounts>
      <actionByCounts>
        <houseOfRepresentatives>3</houseOfRepresentatives>
      </actionByCounts>
    </actions>
    <laws />
    <version>1.0.0</version>
    <cosponsors>
      <item>
        <state>NC</state>
        <lastName>JONES</lastName>
        <sponsorshipWithdrawnDate />
        <district>3</district>
        <middleName>B.</middleName>
        <fullName>Rep. Jones, Walter B., Jr. [R-NC-3]</fullName>
        <bioguideId>J000255</bioguideId>
        <party>R</party>
        <identifiers>
          <lisID>612</lisID>
          <gpoId>8026</gpoId>
          <bioguideId>J000255</bioguideId>
        </identifiers>
        <sponsorshipDate>2017-10-12</sponsorshipDate>
        <isOriginalCosponsor>False</isOriginalCosponsor>
        <firstName>WALTER</firstName>
      </item>
    </cosponsors>
    <billNumber>733</billNumber>
    <committeeReports />
    <notes />
    <latestAction>
      <actionDate>2017-01-30</actionDate>
      <text>Referred to the House Committee on Foreign Affairs.</text>
      <links />
    </latestAction>
    <committees>
      <billCommittees>
        <item>
          <activities>
            <item>
              <name>Referred to</name>
              <date>2017-01-30T17:01:30Z</date>
            </item>
          </activities>
          <systemCode>hsfa00</systemCode>
          <name>Foreign Affairs Committee</name>
          <subcommittees />
          <type>Standing</type>
          <chamber>House</chamber>
        </item>
      </billCommittees>
    </committees>
    <updateDate>2018-03-30T14:01:05Z</updateDate>
    <title>To provide for an accounting of total United States contributions to the United Nations.</title>
    <sponsors>
      <item>
        <fullName>Rep. Brooks, Mo [R-AL-5]</fullName>
        <state>AL</state>
        <lastName>Brooks</lastName>
        <bioguideId>B001274</bioguideId>
        <district>5</district>
        <middleName />
        <byRequestType />
        <party>R</party>
        <identifiers>
          <lisID>1987</lisID>
          <gpoId>7790</gpoId>
          <bioguideId>B001274</bioguideId>
        </identifiers>
        <firstName>Mo</firstName>
      </item>
    </sponsors>
    <congress>115</congress>
    <recordedVotes />
    <subjects>
      <billSubjects>
        <legislativeSubjects>
          <item>
            <name>Congressional oversight</name>
          </item>
          <item>
            <name>Foreign aid and international relief</name>
          </item>
          <item>
            <name>Government information and archives</name>
          </item>
          <item>
            <name>United Nations</name>
          </item>
        </legislativeSubjects>
        <policyArea>
          <name>International Affairs</name>
        </policyArea>
      </billSubjects>
    </subjects>
  </bill>
  <dublinCore xmlns:dc="http://purl.org/dc/elements/1.1/">
    <dc:format>text/xml</dc:format>
    <dc:language>EN</dc:language>
    <dc:rights>Pursuant to Title 17 Section 105 of the United States Code, this file is not subject to copyright protection and is in the public domain.</dc:rights>
    <dc:contributor>Congressional Research Service, Library of Congress</dc:contributor>
    <dc:description>This file contains bill summaries and statuses for federal legislation. A bill summary describes the most significant provisions of a piece of legislation and details the effects the legislative text may have on current law and federal programs. Bill summaries are authored by the Congressional Research Service (CRS) of the Library of Congress. As stated in Public Law 91-510 (2 USC 166 (d)(6)), one of the duties of CRS is "to prepare summaries and digests of bills and resolutions of a public general nature introduced in the Senate or House of Representatives". For more information, refer to the User Guide that accompanies this file.</dc:description>
  </dublinCore>
</billStatus>

