<?xml version="1.0" encoding="UTF-8"?>
<billStatus>
  <bill>
    <introducedDate>2017-01-23</introducedDate>
    <billType>HR</billType>
    <summaries>
      <billSummaries>
        <item>
          <actionDesc>Introduced in House</actionDesc>
          <name>Introduced in House</name>
          <versionCode>00</versionCode>
          <actionDate>2017-01-23</actionDate>
          <text><![CDATA[<p>This bill designates the Department of Veterans Affairs health care center in Center Township, Butler County, Pennsylvania, as the &quot;Abie Abraham VA Clinic.&quot;</p>]]></text>
          <lastSummaryUpdateDate>2017-02-10T21:05:08Z</lastSummaryUpdateDate>
          <updateDate>2017-01-23T05:00:00Z</updateDate>
        </item>
        <item>
          <actionDesc>Passed House without amendment</actionDesc>
          <name>Passed House without amendment</name>
          <versionCode>81</versionCode>
          <actionDate>2017-02-13</actionDate>
          <text><![CDATA[<p>(This measure has not been amended since it was introduced. The summary of that version is repeated here.)</p> <p>This bill designates the Department of Veterans Affairs health care center in Center Township, Butler County, Pennsylvania, as the &quot;Abie Abraham VA Clinic.&quot;</p>]]></text>
          <lastSummaryUpdateDate>2017-02-25T13:46:18Z</lastSummaryUpdateDate>
          <updateDate>2017-02-13T14:53:29Z</updateDate>
        </item>
        <item>
          <actionDesc>Passed Senate without amendment</actionDesc>
          <name>Passed Senate without amendment</name>
          <versionCode>82</versionCode>
          <actionDate>2017-02-17</actionDate>
          <text><![CDATA[<p>(This measure has not been amended since it was introduced. The summary of that version is repeated here.)</p> <p>This bill designates the Department of Veterans Affairs health care center in Center Township, Butler County, Pennsylvania, as the &quot;Abie Abraham VA Clinic.&quot;</p>]]></text>
          <lastSummaryUpdateDate>2017-03-04T13:55:32Z</lastSummaryUpdateDate>
          <updateDate>2017-02-17T14:48:45Z</updateDate>
        </item>
        <item>
          <actionDesc>Public Law</actionDesc>
          <name>Public Law</name>
          <versionCode>49</versionCode>
          <actionDate>2017-03-13</actionDate>
          <text><![CDATA[(This measure has not been amended since it was introduced. The summary of that version is repeated here.) <p>This bill designates the Department of Veterans Affairs health care center in Center Township, Butler County, Pennsylvania, as the "Abie Abraham VA Clinic."</p>]]></text>
          <lastSummaryUpdateDate>2017-03-15T18:21:12Z</lastSummaryUpdateDate>
          <updateDate>2017-03-14T03:59:58Z</updateDate>
        </item>
      </billSummaries>
    </summaries>
    <cboCostEstimates />
    <policyArea>
      <name>Armed Forces and National Security</name>
    </policyArea>
    <calendarNumbers />
    <relatedBills />
    <originChamber>House</originChamber>
    <amendments />
    <titles>
      <item>
        <chamberCode />
        <parentTitleType />
        <titleType>Official Title as Introduced</titleType>
        <title>To designate the Department of Veterans Affairs health care center in Center Township, Butler County, Pennsylvania, as the "Abie Abraham VA Clinic".</title>
        <chamberName />
      </item>
      <item>
        <chamberCode />
        <parentTitleType />
        <titleType>Display Title</titleType>
        <title>To designate the Department of Veterans Affairs health care center in Center Township, Butler County, Pennsylvania, as the "Abie Abraham VA Clinic".</title>
        <chamberName />
      </item>
    </titles>
    <createDate>2017-01-24T05:12:19Z</createDate>
    <constitutionalAuthorityStatementText><![CDATA[<pre>From the Congressional Record Online through the Government Publishing Office [<a href='http://www.gpo.gov'>www.gpo.gov</a>]By Mr. KELLY of Pennsylvania:H.R. 609.Congress has the power to enact this legislation pursuantto the following:The United States Constitution, Article 1, Section 8[Page H608]</pre>]]></constitutionalAuthorityStatementText>
    <actions>
      <actionTypeCounts>
        <senateCommitteeDischarged>1</senateCommitteeDischarged>
        <billReferrals>1</billReferrals>
        <introducedInTheHouse>1</introducedInTheHouse>
        <passedAgreedToInHouse>1</passedAgreedToInHouse>
        <becamePublicLaw>2</becamePublicLaw>
        <referredToCommittee>1</referredToCommittee>
        <motionToReconsiderResults>1</motionToReconsiderResults>
        <motionMadeToSuspendTheRules>1</motionMadeToSuspendTheRules>
        <considerationByHouse>1</considerationByHouse>
        <introducedInHouse>1</introducedInHouse>
        <placeholderTextForE>3</placeholderTextForE>
        <generalDebate>1</generalDebate>
        <presentedToPresident>1</presentedToPresident>
        <passedSenate>1</passedSenate>
        <passedAgreedToInSenate>1</passedAgreedToInSenate>
        <committeeDischarged>1</committeeDischarged>
        <finalPassageUnderSuspensionOfTheRulesResults>1</finalPassageUnderSuspensionOfTheRulesResults>
        <sentToHouse>1</sentToHouse>
        <placeholderTextForH>1</placeholderTextForH>
      </actionTypeCounts>
      <item>
        <text>Became Public Law No: 115-9.</text>
        <type>President</type>
        <actionDate>2017-03-13</actionDate>
        <links>
          <link>
            <name>Public Law No: 115-9</name>
            <url>https://www.congress.gov/bill/115th-congress/house-bill/609/text/pl</url>
          </link>
        </links>
        <committee />
        <sourceSystem>
          <code>2</code>
          <name>House floor actions</name>
        </sourceSystem>
        <actionCode>E40000</actionCode>
      </item>
      <item>
        <text>Became Public Law No: 115-9.</text>
        <type>BecameLaw</type>
        <actionDate>2017-03-13</actionDate>
        <links>
          <link>
            <name>Public Law No: 115-9</name>
            <url>https://www.congress.gov/bill/115th-congress/house-bill/609/text/pl</url>
          </link>
        </links>
        <committee />
        <sourceSystem>
          <code>9</code>
          <name>Library of Congress</name>
        </sourceSystem>
        <actionCode>36000</actionCode>
      </item>
      <item>
        <text>Signed by President.</text>
        <type>President</type>
        <actionDate>2017-03-13</actionDate>
        <links />
        <committee />
        <sourceSystem>
          <code>2</code>
          <name>House floor actions</name>
        </sourceSystem>
        <actionCode>E30000</actionCode>
      </item>
      <item>
        <text>Signed by President.</text>
        <type>BecameLaw</type>
        <actionDate>2017-03-13</actionDate>
        <links />
        <committee />
        <sourceSystem>
          <code>9</code>
          <name>Library of Congress</name>
        </sourceSystem>
        <actionCode>36000</actionCode>
      </item>
      <item>
        <text>Presented to President.</text>
        <type>Floor</type>
        <actionDate>2017-03-01</actionDate>
        <links />
        <committee />
        <sourceSystem>
          <code>2</code>
          <name>House floor actions</name>
        </sourceSystem>
        <actionCode>E20000</actionCode>
      </item>
      <item>
        <text>Presented to President.</text>
        <type>President</type>
        <actionDate>2017-03-01</actionDate>
        <links />
        <committee />
        <sourceSystem>
          <code>9</code>
          <name>Library of Congress</name>
        </sourceSystem>
        <actionCode>28000</actionCode>
      </item>
      <item>
        <actionDate>2017-02-17</actionDate>
        <committee />
        <links />
        <sourceSystem>
          <code>0</code>
          <name>Senate</name>
        </sourceSystem>
        <text>Message on Senate action sent to the House.</text>
        <type>Floor</type>
      </item>
      <item>
        <actionDate>2017-02-17</actionDate>
        <committee />
        <links />
        <sourceSystem>
          <code>0</code>
          <name>Senate</name>
        </sourceSystem>
        <text>Passed Senate without amendment by Unanimous Consent.</text>
        <type>Floor</type>
      </item>
      <item>
        <text>Passed/agreed to in Senate: Passed Senate without amendment by Unanimous Consent.</text>
        <type>Floor</type>
        <actionDate>2017-02-17</actionDate>
        <links />
        <committee />
        <sourceSystem>
          <code>9</code>
          <name>Library of Congress</name>
        </sourceSystem>
        <actionCode>17000</actionCode>
      </item>
      <item>
        <actionDate>2017-02-17</actionDate>
        <committee>
          <name>Veterans' Affairs Committee</name>
          <systemCode>ssva00</systemCode>
        </committee>
        <links>
          <link>
            <name>S1415</name>
            <url>https://www.congress.gov/congressional-record/volume-163/senate-section/page/S1415</url>
          </link>
        </links>
        <sourceSystem>
          <code>0</code>
          <name>Senate</name>
        </sourceSystem>
        <text>Senate Committee on Veterans' Affairs discharged by Unanimous Consent. (consideration: CR S1415)</text>
        <type>Discharge</type>
      </item>
      <item>
        <text>Senate Committee on Veterans' Affairs discharged by Unanimous Consent.(consideration: CR S1415)</text>
        <type>Committee</type>
        <actionDate>2017-02-17</actionDate>
        <links>
          <link>
            <name>S1415</name>
            <url>https://www.congress.gov/congressional-record/volume-163/senate-section/page/S1415</url>
          </link>
        </links>
        <committee>
          <name>Veterans' Affairs Committee</name>
          <systemCode>ssva00</systemCode>
        </committee>
        <sourceSystem>
          <code>9</code>
          <name>Library of Congress</name>
        </sourceSystem>
        <actionCode>14500</actionCode>
      </item>
      <item>
        <actionDate>2017-02-14</actionDate>
        <committee>
          <name>Veterans' Affairs Committee</name>
          <systemCode>ssva00</systemCode>
        </committee>
        <links />
        <sourceSystem>
          <code>0</code>
          <name>Senate</name>
        </sourceSystem>
        <text>Received in the Senate and Read twice and referred to the Committee on Veterans' Affairs.</text>
        <type>IntroReferral</type>
      </item>
      <item>
        <text>Motion to reconsider laid on the table Agreed to without objection.</text>
        <type>Floor</type>
        <actionTime>16:42:55</actionTime>
        <actionDate>2017-02-13</actionDate>
        <links />
        <committee />
        <sourceSystem>
          <code>2</code>
          <name>House floor actions</name>
        </sourceSystem>
        <actionCode>H38310</actionCode>
      </item>
      <item>
        <text>On motion to suspend the rules and pass the bill Agreed to by voice vote. (text: CR H1104-1105)</text>
        <type>Floor</type>
        <actionTime>16:42:54</actionTime>
        <actionDate>2017-02-13</actionDate>
        <links>
          <link>
            <name>H1104-1105</name>
            <url>https://www.congress.gov/congressional-record/volume-163/house-section/page/H1104-1105</url>
          </link>
        </links>
        <committee />
        <sourceSystem>
          <code>2</code>
          <name>House floor actions</name>
        </sourceSystem>
        <actionCode>H37300</actionCode>
      </item>
      <item>
        <text>Passed/agreed to in House: On motion to suspend the rules and pass the bill Agreed to by voice vote.(text: CR H1104-1105)</text>
        <type>Floor</type>
        <actionTime>16:42:54</actionTime>
        <actionDate>2017-02-13</actionDate>
        <links>
          <link>
            <name>H1104-1105</name>
            <url>https://www.congress.gov/congressional-record/volume-163/house-section/page/H1104-1105</url>
          </link>
        </links>
        <committee />
        <sourceSystem>
          <code>9</code>
          <name>Library of Congress</name>
        </sourceSystem>
        <actionCode>8000</actionCode>
      </item>
      <item>
        <text>DEBATE - The House proceeded with forty minutes of debate on H.R. 609.</text>
        <type>Floor</type>
        <actionTime>16:30:10</actionTime>
        <actionDate>2017-02-13</actionDate>
        <links>
          <link>
            <name>H.R. 609</name>
            <url>https://www.congress.gov/bill/115th-congress/house-bill/609</url>
          </link>
        </links>
        <committee />
        <sourceSystem>
          <code>2</code>
          <name>House floor actions</name>
        </sourceSystem>
        <actionCode>H8D000</actionCode>
      </item>
      <item>
        <text>Considered under suspension of the rules. (consideration: CR H1104-1106)</text>
        <type>Floor</type>
        <actionTime>16:30:08</actionTime>
        <actionDate>2017-02-13</actionDate>
        <links>
          <link>
            <name>H1104-1106</name>
            <url>https://www.congress.gov/congressional-record/volume-163/house-section/page/H1104-1106</url>
          </link>
        </links>
        <committee />
        <sourceSystem>
          <code>2</code>
          <name>House floor actions</name>
        </sourceSystem>
        <actionCode>H30000</actionCode>
      </item>
      <item>
        <text>Mr. Roe (TN) moved to suspend the rules and pass the bill.</text>
        <type>Floor</type>
        <actionTime>16:30:05</actionTime>
        <actionDate>2017-02-13</actionDate>
        <links />
        <committee />
        <sourceSystem>
          <code>2</code>
          <name>House floor actions</name>
        </sourceSystem>
        <actionCode>H30300</actionCode>
      </item>
      <item>
        <actionDate>2017-02-03</actionDate>
        <committee>
          <name>Health Subcommittee</name>
          <systemCode>hsvr03</systemCode>
        </committee>
        <links />
        <sourceSystem>
          <code>1</code>
          <name>House committee actions</name>
        </sourceSystem>
        <text>Referred to the Subcommittee on Health.</text>
        <type>Committee</type>
      </item>
      <item>
        <text>Referred to the House Committee on Veterans' Affairs.</text>
        <type>IntroReferral</type>
        <actionDate>2017-01-23</actionDate>
        <links />
        <committee>
          <name>Veterans' Affairs Committee</name>
          <systemCode>hsvr00</systemCode>
        </committee>
        <sourceSystem>
          <code>2</code>
          <name>House floor actions</name>
        </sourceSystem>
        <actionCode>H11100</actionCode>
      </item>
      <item>
        <text>Introduced in House</text>
        <type>IntroReferral</type>
        <actionDate>2017-01-23</actionDate>
        <links />
        <committee />
        <sourceSystem>
          <code>9</code>
          <name>Library of Congress</name>
        </sourceSystem>
        <actionCode>Intro-H</actionCode>
      </item>
      <item>
        <text>Introduced in House</text>
        <type>IntroReferral</type>
        <actionDate>2017-01-23</actionDate>
        <links />
        <committee />
        <sourceSystem>
          <code>9</code>
          <name>Library of Congress</name>
        </sourceSystem>
        <actionCode>1000</actionCode>
      </item>
      <actionByCounts>
        <senate>6</senate>
        <houseOfRepresentatives>10</houseOfRepresentatives>
      </actionByCounts>
    </actions>
    <laws>
      <item>
        <type>Public Law</type>
        <number>115-9</number>
      </item>
    </laws>
    <version>1.0.0</version>
    <cosponsors>
      <item>
        <bioguideId>B001227</bioguideId>
        <sponsorshipDate>2017-01-23</sponsorshipDate>
        <party>D</party>
        <firstName>ROBERT</firstName>
        <fullName>Rep. Brady, Robert A. [D-PA-1]</fullName>
        <lastName>BRADY</lastName>
        <identifiers>
          <gpoId>8119</gpoId>
          <bioguideId>B001227</bioguideId>
          <lisID>1469</lisID>
        </identifiers>
        <sponsorshipWithdrawnDate />
        <district>1</district>
        <state>PA</state>
        <isOriginalCosponsor>True</isOriginalCosponsor>
        <middleName>A.</middleName>
      </item>
      <item>
        <bioguideId>E000296</bioguideId>
        <sponsorshipDate>2017-01-23</sponsorshipDate>
        <party>D</party>
        <firstName>Dwight</firstName>
        <fullName>Rep. Evans, Dwight [D-PA-2]</fullName>
        <lastName>Evans</lastName>
        <identifiers>
          <gpoId />
          <bioguideId>E000296</bioguideId>
          <lisID>2298</lisID>
        </identifiers>
        <sponsorshipWithdrawnDate />
        <district>2</district>
        <state>PA</state>
        <isOriginalCosponsor>True</isOriginalCosponsor>
        <middleName />
      </item>
      <item>
        <bioguideId>P000605</bioguideId>
        <sponsorshipDate>2017-01-23</sponsorshipDate>
        <party>R</party>
        <firstName>Scott</firstName>
        <fullName>Rep. Perry, Scott [R-PA-4]</fullName>
        <lastName>Perry</lastName>
        <identifiers>
          <bioguideId>P000605</bioguideId>
          <gpoId />
          <lisID>2157</lisID>
        </identifiers>
        <sponsorshipWithdrawnDate />
        <district>4</district>
        <state>PA</state>
        <isOriginalCosponsor>True</isOriginalCosponsor>
        <middleName />
      </item>
      <item>
        <bioguideId>T000467</bioguideId>
        <sponsorshipDate>2017-01-23</sponsorshipDate>
        <party>R</party>
        <firstName>Glenn</firstName>
        <fullName>Rep. Thompson, Glenn [R-PA-5]</fullName>
        <lastName>Thompson</lastName>
        <identifiers>
          <lisID>1952</lisID>
          <gpoId>8123</gpoId>
          <bioguideId>T000467</bioguideId>
        </identifiers>
        <sponsorshipWithdrawnDate />
        <district>5</district>
        <state>PA</state>
        <isOriginalCosponsor>True</isOriginalCosponsor>
        <middleName />
      </item>
      <item>
        <bioguideId>C001106</bioguideId>
        <sponsorshipDate>2017-01-23</sponsorshipDate>
        <party>R</party>
        <firstName>Ryan</firstName>
        <fullName>Rep. Costello, Ryan A. [R-PA-6]</fullName>
        <lastName>Costello</lastName>
        <identifiers>
          <bioguideId>C001106</bioguideId>
          <lisID>2266</lisID>
          <gpoId />
        </identifiers>
        <sponsorshipWithdrawnDate />
        <district>6</district>
        <state>PA</state>
        <isOriginalCosponsor>True</isOriginalCosponsor>
        <middleName>A.</middleName>
      </item>
      <item>
        <bioguideId>M001181</bioguideId>
        <sponsorshipDate>2017-01-23</sponsorshipDate>
        <party>R</party>
        <firstName>Patrick</firstName>
        <fullName>Rep. Meehan, Patrick [R-PA-7]</fullName>
        <lastName>Meehan</lastName>
        <identifiers>
          <lisID>2052</lisID>
          <gpoId>8125</gpoId>
          <bioguideId>M001181</bioguideId>
        </identifiers>
        <sponsorshipWithdrawnDate />
        <district>7</district>
        <state>PA</state>
        <isOriginalCosponsor>True</isOriginalCosponsor>
        <middleName />
      </item>
      <item>
        <bioguideId>F000466</bioguideId>
        <sponsorshipDate>2017-01-23</sponsorshipDate>
        <party>R</party>
        <firstName>Brian</firstName>
        <fullName>Rep. Fitzpatrick, Brian K. [R-PA-8]</fullName>
        <lastName>Fitzpatrick</lastName>
        <identifiers>
          <lisID>2345</lisID>
          <gpoId />
          <bioguideId>F000466</bioguideId>
        </identifiers>
        <sponsorshipWithdrawnDate />
        <district>8</district>
        <state>PA</state>
        <isOriginalCosponsor>True</isOriginalCosponsor>
        <middleName>K.</middleName>
      </item>
      <item>
        <bioguideId>S001154</bioguideId>
        <sponsorshipDate>2017-01-23</sponsorshipDate>
        <party>R</party>
        <firstName>Bill</firstName>
        <fullName>Rep. Shuster, Bill [R-PA-9]</fullName>
        <lastName>Shuster</lastName>
        <identifiers>
          <gpoId>8127</gpoId>
          <bioguideId>S001154</bioguideId>
          <lisID>1681</lisID>
        </identifiers>
        <sponsorshipWithdrawnDate />
        <district>9</district>
        <state>PA</state>
        <isOriginalCosponsor>True</isOriginalCosponsor>
        <middleName />
      </item>
      <item>
        <bioguideId>M001179</bioguideId>
        <sponsorshipDate>2017-01-23</sponsorshipDate>
        <party>R</party>
        <firstName>Tom</firstName>
        <fullName>Rep. Marino, Tom [R-PA-10]</fullName>
        <lastName>Marino</lastName>
        <identifiers>
          <bioguideId>M001179</bioguideId>
          <gpoId>8128</gpoId>
          <lisID>2053</lisID>
        </identifiers>
        <sponsorshipWithdrawnDate />
        <district>10</district>
        <state>PA</state>
        <isOriginalCosponsor>True</isOriginalCosponsor>
        <middleName />
      </item>
      <item>
        <bioguideId>B001269</bioguideId>
        <sponsorshipDate>2017-01-23</sponsorshipDate>
        <party>R</party>
        <firstName>Lou</firstName>
        <fullName>Rep. Barletta, Lou [R-PA-11]</fullName>
        <lastName>Barletta</lastName>
        <identifiers>
          <bioguideId>B001269</bioguideId>
          <lisID>2054</lisID>
          <gpoId>8129</gpoId>
        </identifiers>
        <sponsorshipWithdrawnDate />
        <district>11</district>
        <state>PA</state>
        <isOriginalCosponsor>True</isOriginalCosponsor>
        <middleName />
      </item>
      <item>
        <bioguideId>R000598</bioguideId>
        <sponsorshipDate>2017-01-23</sponsorshipDate>
        <party>R</party>
        <firstName>Keith</firstName>
        <fullName>Rep. Rothfus, Keith J. [R-PA-12]</fullName>
        <lastName>Rothfus</lastName>
        <identifiers>
          <lisID>2158</lisID>
          <gpoId />
          <bioguideId>R000598</bioguideId>
        </identifiers>
        <sponsorshipWithdrawnDate />
        <district>12</district>
        <state>PA</state>
        <isOriginalCosponsor>True</isOriginalCosponsor>
        <middleName>J.</middleName>
      </item>
      <item>
        <bioguideId>B001296</bioguideId>
        <sponsorshipDate>2017-01-23</sponsorshipDate>
        <party>D</party>
        <firstName>Brendan</firstName>
        <fullName>Rep. Boyle, Brendan F. [D-PA-13]</fullName>
        <lastName>Boyle</lastName>
        <identifiers>
          <lisID>2267</lisID>
          <gpoId />
          <bioguideId>B001296</bioguideId>
        </identifiers>
        <sponsorshipWithdrawnDate />
        <district>13</district>
        <state>PA</state>
        <isOriginalCosponsor>True</isOriginalCosponsor>
        <middleName>F.</middleName>
      </item>
      <item>
        <bioguideId>D000482</bioguideId>
        <sponsorshipDate>2017-01-23</sponsorshipDate>
        <party>D</party>
        <firstName>MIKE</firstName>
        <fullName>Rep. Doyle, Michael F. [D-PA-14]</fullName>
        <lastName>DOYLE</lastName>
        <identifiers>
          <lisID>316</lisID>
          <gpoId>8132</gpoId>
          <bioguideId>D000482</bioguideId>
        </identifiers>
        <sponsorshipWithdrawnDate />
        <district>14</district>
        <state>PA</state>
        <isOriginalCosponsor>True</isOriginalCosponsor>
        <middleName />
      </item>
      <item>
        <bioguideId>D000604</bioguideId>
        <sponsorshipDate>2017-01-23</sponsorshipDate>
        <party>R</party>
        <firstName>Charles</firstName>
        <fullName>Rep. Dent, Charles W. [R-PA-15]</fullName>
        <lastName>Dent</lastName>
        <identifiers>
          <gpoId>8133</gpoId>
          <lisID>1799</lisID>
          <bioguideId>D000604</bioguideId>
        </identifiers>
        <sponsorshipWithdrawnDate />
        <district>15</district>
        <state>PA</state>
        <isOriginalCosponsor>True</isOriginalCosponsor>
        <middleName>W.</middleName>
      </item>
      <item>
        <bioguideId>S001199</bioguideId>
        <sponsorshipDate>2017-01-23</sponsorshipDate>
        <party>R</party>
        <firstName>Lloyd</firstName>
        <fullName>Rep. Smucker, Lloyd [R-PA-16]</fullName>
        <lastName>Smucker</lastName>
        <identifiers>
          <bioguideId>S001199</bioguideId>
          <lisID>2346</lisID>
          <gpoId />
        </identifiers>
        <sponsorshipWithdrawnDate />
        <district>16</district>
        <state>PA</state>
        <isOriginalCosponsor>True</isOriginalCosponsor>
        <middleName />
      </item>
      <item>
        <bioguideId>C001090</bioguideId>
        <sponsorshipDate>2017-01-23</sponsorshipDate>
        <party>D</party>
        <firstName>Matt</firstName>
        <fullName>Rep. Cartwright, Matt [D-PA-17]</fullName>
        <lastName>Cartwright</lastName>
        <identifiers>
          <bioguideId>C001090</bioguideId>
          <gpoId />
          <lisID>2159</lisID>
        </identifiers>
        <sponsorshipWithdrawnDate />
        <district>17</district>
        <state>PA</state>
        <isOriginalCosponsor>True</isOriginalCosponsor>
        <middleName />
      </item>
      <item>
        <bioguideId>M001151</bioguideId>
        <sponsorshipDate>2017-01-23</sponsorshipDate>
        <party>R</party>
        <firstName>Tim</firstName>
        <fullName>Rep. Murphy, Tim [R-PA-18]</fullName>
        <lastName>Murphy</lastName>
        <identifiers>
          <lisID>1744</lisID>
          <gpoId>8723</gpoId>
          <bioguideId>M001151</bioguideId>
        </identifiers>
        <sponsorshipWithdrawnDate />
        <district>18</district>
        <state>PA</state>
        <isOriginalCosponsor>True</isOriginalCosponsor>
        <middleName />
      </item>
    </cosponsors>
    <billNumber>609</billNumber>
    <committeeReports />
    <notes />
    <latestAction>
      <actionDate>2017-03-13</actionDate>
      <text>Became Public Law No: 115-9.</text>
      <links>
        <link>
          <name>Public Law No: 115-9</name>
          <url>https://www.congress.gov/bill/115th-congress/house-bill/609/text/pl</url>
        </link>
      </links>
    </latestAction>
    <committees>
      <billCommittees>
        <item>
          <activities>
            <item>
              <date>2017-02-17T18:55:54Z</date>
              <name>Discharged from</name>
            </item>
            <item>
              <date>2017-02-14T16:55:26Z</date>
              <name>Referred to</name>
            </item>
          </activities>
          <systemCode>ssva00</systemCode>
          <chamber>Senate</chamber>
          <type>Standing</type>
          <name>Veterans' Affairs Committee</name>
          <subcommittees />
        </item>
        <item>
          <activities>
            <item>
              <date>2017-01-23T17:00:35Z</date>
              <name>Referred to</name>
            </item>
          </activities>
          <systemCode>hsvr00</systemCode>
          <chamber>House</chamber>
          <type>Standing</type>
          <name>Veterans' Affairs Committee</name>
          <subcommittees>
            <item>
              <activities>
                <item>
                  <date>2017-02-03T19:17:57Z</date>
                  <name>Referred to</name>
                </item>
              </activities>
              <systemCode>hsvr03</systemCode>
              <name>Health Subcommittee</name>
            </item>
          </subcommittees>
        </item>
      </billCommittees>
    </committees>
    <updateDate>2018-03-30T14:00:30Z</updateDate>
    <title>To designate the Department of Veterans Affairs health care center in Center Township, Butler County, Pennsylvania, as the "Abie Abraham VA Clinic".</title>
    <sponsors>
      <item>
        <fullName>Rep. Kelly, Mike [R-PA-3]</fullName>
        <state>PA</state>
        <lastName>Kelly</lastName>
        <bioguideId>K000376</bioguideId>
        <district>3</district>
        <middleName />
        <byRequestType />
        <party>R</party>
        <identifiers>
          <lisID>2051</lisID>
          <gpoId>8708</gpoId>
          <bioguideId>K000376</bioguideId>
        </identifiers>
        <firstName>Mike</firstName>
      </item>
    </sponsors>
    <congress>115</congress>
    <recordedVotes />
    <subjects>
      <billSubjects>
        <policyArea>
          <name>Armed Forces and National Security</name>
        </policyArea>
        <legislativeSubjects>
          <item>
            <name>Congressional tributes</name>
          </item>
          <item>
            <name>Department of Veterans Affairs</name>
          </item>
          <item>
            <name>Health facilities and institutions</name>
          </item>
          <item>
            <name>Military personnel and dependents</name>
          </item>
          <item>
            <name>Pennsylvania</name>
          </item>
          <item>
            <name>Veterans' medical care</name>
          </item>
        </legislativeSubjects>
      </billSubjects>
    </subjects>
  </bill>
  <dublinCore xmlns:dc="http://purl.org/dc/elements/1.1/">
    <dc:format>text/xml</dc:format>
    <dc:language>EN</dc:language>
    <dc:rights>Pursuant to Title 17 Section 105 of the United States Code, this file is not subject to copyright protection and is in the public domain.</dc:rights>
    <dc:contributor>Congressional Research Service, Library of Congress</dc:contributor>
    <dc:description>This file contains bill summaries and statuses for federal legislation. A bill summary describes the most significant provisions of a piece of legislation and details the effects the legislative text may have on current law and federal programs. Bill summaries are authored by the Congressional Research Service (CRS) of the Library of Congress. As stated in Public Law 91-510 (2 USC 166 (d)(6)), one of the duties of CRS is "to prepare summaries and digests of bills and resolutions of a public general nature introduced in the Senate or House of Representatives". For more information, refer to the User Guide that accompanies this file.</dc:description>
  </dublinCore>
</billStatus>

