<?xml version="1.0" encoding="UTF-8"?>
<billStatus>
  <bill>
    <latestAction>
      <text>Referred to the House Committee on Financial Services.</text>
      <actionDate>2017-01-03</actionDate>
      <links />
    </latestAction>
    <policyArea>
      <name>Housing and Community Development</name>
    </policyArea>
    <subjects>
      <billSubjects>
        <legislativeSubjects>
          <item>
            <name>Administrative law and regulatory procedures</name>
          </item>
          <item>
            <name>Department of Housing and Urban Development</name>
          </item>
          <item>
            <name>Disability and health-based discrimination</name>
          </item>
          <item>
            <name>Government information and archives</name>
          </item>
          <item>
            <name>Government studies and investigations</name>
          </item>
          <item>
            <name>Housing and community development funding</name>
          </item>
          <item>
            <name>Housing discrimination</name>
          </item>
          <item>
            <name>Housing finance and home ownership</name>
          </item>
          <item>
            <name>Military personnel and dependents</name>
          </item>
          <item>
            <name>Racial and ethnic relations</name>
          </item>
          <item>
            <name>Religion</name>
          </item>
          <item>
            <name>Sex, gender, sexual orientation discrimination</name>
          </item>
          <item>
            <name>Veterans' loans, housing, homeless programs</name>
          </item>
        </legislativeSubjects>
        <policyArea>
          <name>Housing and Community Development</name>
        </policyArea>
      </billSubjects>
    </subjects>
    <billNumber>149</billNumber>
    <congress>115</congress>
    <recordedVotes />
    <actions>
      <actionTypeCounts>
        <introducedInTheHouse>1</introducedInTheHouse>
        <introducedInHouse>1</introducedInHouse>
        <billReferrals>1</billReferrals>
      </actionTypeCounts>
      <item>
        <actionDate>2017-01-03</actionDate>
        <sourceSystem>
          <name>House floor actions</name>
          <code>2</code>
        </sourceSystem>
        <actionCode>H11100</actionCode>
        <text>Referred to the House Committee on Financial Services.</text>
        <links />
        <type>IntroReferral</type>
        <committee>
          <name>Financial Services Committee</name>
          <systemCode>hsba00</systemCode>
        </committee>
      </item>
      <item>
        <actionDate>2017-01-03</actionDate>
        <sourceSystem>
          <name>Library of Congress</name>
          <code>9</code>
        </sourceSystem>
        <actionCode>Intro-H</actionCode>
        <text>Introduced in House</text>
        <links />
        <type>IntroReferral</type>
        <committee />
      </item>
      <item>
        <actionDate>2017-01-03</actionDate>
        <sourceSystem>
          <name>Library of Congress</name>
          <code>9</code>
        </sourceSystem>
        <actionCode>1000</actionCode>
        <text>Introduced in House</text>
        <links />
        <type>IntroReferral</type>
        <committee />
      </item>
      <actionByCounts>
        <houseOfRepresentatives>3</houseOfRepresentatives>
      </actionByCounts>
    </actions>
    <calendarNumbers />
    <titles>
      <item>
        <chamberCode />
        <titleType>Short Titles as Introduced</titleType>
        <title>Housing Fairness Act of 2017</title>
        <parentTitleType />
        <chamberName />
      </item>
      <item>
        <chamberCode />
        <titleType>Short Titles as Introduced</titleType>
        <title>Veterans, Women, Families with Children, Race, and Persons with Disabilities Housing Fairness Act of 2017</title>
        <parentTitleType />
        <chamberName />
      </item>
      <item>
        <chamberCode />
        <titleType>Official Title as Introduced</titleType>
        <title>To authorize funds to prevent housing discrimination through the use of nationwide testing, to increase funds for the Fair Housing Initiatives Program, and for other purposes.</title>
        <parentTitleType />
        <chamberName />
      </item>
      <item>
        <chamberCode />
        <titleType>Display Title</titleType>
        <title>Housing Fairness Act of 2017</title>
        <parentTitleType />
        <chamberName />
      </item>
      <item>
        <chamberCode />
        <titleType>(Extracted from GPO) Short Titles as Introduced</titleType>
        <title>Housing Fairness Act of 2017</title>
        <parentTitleType />
        <chamberName />
      </item>
      <item>
        <chamberCode />
        <titleType>(Extracted from GPO) Short Titles as Introduced</titleType>
        <title>Veterans, Women, Families with Children, Race, and Persons with Disabilities Housing Fairness Act of 2017</title>
        <parentTitleType />
        <chamberName />
      </item>
    </titles>
    <sponsors>
      <item>
        <state>TX</state>
        <party>D</party>
        <bioguideId>G000553</bioguideId>
        <district>9</district>
        <lastName>Green</lastName>
        <fullName>Rep. Green, Al [D-TX-9]</fullName>
        <firstName>Al</firstName>
        <identifiers>
          <bioguideId>G000553</bioguideId>
          <lisID>1803</lisID>
          <gpoId>8165</gpoId>
        </identifiers>
        <byRequestType />
        <middleName />
      </item>
    </sponsors>
    <billType>HR</billType>
    <committeeReports />
    <summaries>
      <billSummaries>
        <item>
          <actionDesc>Introduced in House</actionDesc>
          <versionCode>00</versionCode>
          <updateDate>2017-01-03T05:00:00Z</updateDate>
          <lastSummaryUpdateDate>2017-01-24T19:11:51Z</lastSummaryUpdateDate>
          <actionDate>2017-01-03</actionDate>
          <name>Introduced in House</name>
          <text><![CDATA[<p><b>Veterans, Women, Families with Children, Race, and Persons with Disabilities Housing Fairness Act of 2017 </b>or the <b> Housing Fairness Act of 2017</b></p> <p>This bill directs the Department of Housing and Urban Development (HUD) to conduct a nationwide testing program to: (1) detect and document differences in the treatment of persons seeking to rent or purchase housing or obtain or refinance a home mortgage loan; (2) measure patterns of adverse treatment because of the race, color, religion, sex, familial status, disability status, or national origin of a renter, home buyer, or borrower; and (3) measure the prevalence of such discriminatory practices across housing and mortgage lending markets.</p> <p> The Housing and Community Development Act of 1987 is amended to require that only qualified private nonprofit fair housing enforcement organizations receive funds under the fair housing initiatives program for investigations of violations of the rights granted under the Civil Rights Act of 1968. </p> <p>Private entities that formulate or carry out programs to prevent or eliminate discriminatory housing practices must be nonprofit in order to be eligible for contracts to establish or support education and outreach programs.</p> HUD shall implement a competitive matching grant program to assist public and private nonprofit organizations in: (1) conducting comprehensive studies of the causes and effects of housing discrimination and segregation on education, poverty, and economic development or on veterans and military personnel; and (2) implementing pilot projects that test solutions to help prevent or alleviate housing discrimination and segregation.]]></text>
        </item>
      </billSummaries>
    </summaries>
    <cosponsors>
      <item>
        <fullName>Rep. Schakowsky, Janice D. [D-IL-9]</fullName>
        <party>D</party>
        <lastName>SCHAKOWSKY</lastName>
        <middleName>D.</middleName>
        <state>IL</state>
        <sponsorshipDate>2017-02-01</sponsorshipDate>
        <sponsorshipWithdrawnDate />
        <district>9</district>
        <firstName>JANICE</firstName>
        <bioguideId>S001145</bioguideId>
        <identifiers>
          <gpoId>7929</gpoId>
          <lisID>1588</lisID>
          <bioguideId>S001145</bioguideId>
        </identifiers>
        <isOriginalCosponsor>False</isOriginalCosponsor>
      </item>
      <item>
        <fullName>Rep. Ellison, Keith [D-MN-5]</fullName>
        <party>D</party>
        <lastName>Ellison</lastName>
        <middleName />
        <state>MN</state>
        <sponsorshipDate>2017-02-01</sponsorshipDate>
        <sponsorshipWithdrawnDate />
        <district>5</district>
        <firstName>Keith</firstName>
        <bioguideId>E000288</bioguideId>
        <identifiers>
          <bioguideId>E000288</bioguideId>
          <lisID>1857</lisID>
          <gpoId>8005</gpoId>
        </identifiers>
        <isOriginalCosponsor>False</isOriginalCosponsor>
      </item>
      <item>
        <fullName>Rep. Norton, Eleanor Holmes [D-DC-At Large]</fullName>
        <party>D</party>
        <lastName>NORTON</lastName>
        <middleName>HOLMES</middleName>
        <state>DC</state>
        <sponsorshipDate>2017-02-01</sponsorshipDate>
        <sponsorshipWithdrawnDate />
        <district>0</district>
        <firstName>ELEANOR</firstName>
        <bioguideId>N000147</bioguideId>
        <identifiers>
          <lisID>868</lisID>
          <gpoId>7871</gpoId>
          <bioguideId>N000147</bioguideId>
        </identifiers>
        <isOriginalCosponsor>False</isOriginalCosponsor>
      </item>
      <item>
        <fullName>Rep. Chu, Judy [D-CA-27]</fullName>
        <party>D</party>
        <lastName>Chu</lastName>
        <middleName />
        <state>CA</state>
        <sponsorshipDate>2017-02-01</sponsorshipDate>
        <sponsorshipWithdrawnDate />
        <district>27</district>
        <firstName>Judy</firstName>
        <bioguideId>C001080</bioguideId>
        <identifiers>
          <gpoId>7837</gpoId>
          <lisID>1970</lisID>
          <bioguideId>C001080</bioguideId>
        </identifiers>
        <isOriginalCosponsor>False</isOriginalCosponsor>
      </item>
      <item>
        <fullName>Rep. Richmond, Cedric L. [D-LA-2]</fullName>
        <party>D</party>
        <lastName>Richmond</lastName>
        <middleName>L.</middleName>
        <state>LA</state>
        <sponsorshipDate>2017-02-01</sponsorshipDate>
        <sponsorshipWithdrawnDate />
        <district>2</district>
        <firstName>Cedric</firstName>
        <bioguideId>R000588</bioguideId>
        <identifiers>
          <gpoId>7960</gpoId>
          <lisID>2023</lisID>
          <bioguideId>R000588</bioguideId>
        </identifiers>
        <isOriginalCosponsor>False</isOriginalCosponsor>
      </item>
      <item>
        <fullName>Rep. Watson Coleman, Bonnie [D-NJ-12]</fullName>
        <party>D</party>
        <lastName>Watson Coleman</lastName>
        <middleName />
        <state>NJ</state>
        <sponsorshipDate>2017-06-20</sponsorshipDate>
        <sponsorshipWithdrawnDate />
        <district>12</district>
        <firstName>Bonnie</firstName>
        <bioguideId>W000822</bioguideId>
        <identifiers>
          <lisID>2259</lisID>
          <gpoId />
          <bioguideId>W000822</bioguideId>
        </identifiers>
        <isOriginalCosponsor>False</isOriginalCosponsor>
      </item>
      <item>
        <fullName>Rep. Takano, Mark [D-CA-41]</fullName>
        <party>D</party>
        <lastName>Takano</lastName>
        <middleName />
        <state>CA</state>
        <sponsorshipDate>2017-06-20</sponsorshipDate>
        <sponsorshipWithdrawnDate />
        <district>41</district>
        <firstName>Mark</firstName>
        <bioguideId>T000472</bioguideId>
        <identifiers>
          <bioguideId>T000472</bioguideId>
          <lisID>2110</lisID>
          <gpoId />
        </identifiers>
        <isOriginalCosponsor>False</isOriginalCosponsor>
      </item>
      <item>
        <fullName>Rep. Evans, Dwight [D-PA-2]</fullName>
        <party>D</party>
        <lastName>Evans</lastName>
        <middleName />
        <state>PA</state>
        <sponsorshipDate>2017-06-20</sponsorshipDate>
        <sponsorshipWithdrawnDate />
        <district>2</district>
        <firstName>Dwight</firstName>
        <bioguideId>E000296</bioguideId>
        <identifiers>
          <bioguideId>E000296</bioguideId>
          <lisID>2298</lisID>
          <gpoId />
        </identifiers>
        <isOriginalCosponsor>False</isOriginalCosponsor>
      </item>
      <item>
        <fullName>Rep. Serrano, Jose E. [D-NY-15]</fullName>
        <party>D</party>
        <lastName>SERRANO</lastName>
        <middleName>E.</middleName>
        <state>NY</state>
        <sponsorshipDate>2017-06-20</sponsorshipDate>
        <sponsorshipWithdrawnDate />
        <district>15</district>
        <firstName>JOSE</firstName>
        <bioguideId>S000248</bioguideId>
        <identifiers>
          <bioguideId>S000248</bioguideId>
          <lisID>1042</lisID>
          <gpoId>8077</gpoId>
        </identifiers>
        <isOriginalCosponsor>False</isOriginalCosponsor>
      </item>
      <item>
        <fullName>Rep. Payne, Donald M., Jr. [D-NJ-10]</fullName>
        <party>D</party>
        <lastName>Payne</lastName>
        <middleName>M.</middleName>
        <state>NJ</state>
        <sponsorshipDate>2017-07-06</sponsorshipDate>
        <sponsorshipWithdrawnDate />
        <district>10</district>
        <firstName>Donald</firstName>
        <bioguideId>P000604</bioguideId>
        <identifiers>
          <lisID>2097</lisID>
          <bioguideId>P000604</bioguideId>
          <gpoId>8373</gpoId>
        </identifiers>
        <isOriginalCosponsor>False</isOriginalCosponsor>
      </item>
      <item>
        <fullName>Rep. Clarke, Yvette D. [D-NY-9]</fullName>
        <party>D</party>
        <lastName>Clarke</lastName>
        <middleName>D.</middleName>
        <state>NY</state>
        <sponsorshipDate>2017-07-25</sponsorshipDate>
        <sponsorshipWithdrawnDate />
        <district>9</district>
        <firstName>Yvette</firstName>
        <bioguideId>C001067</bioguideId>
        <identifiers>
          <gpoId>8072</gpoId>
          <bioguideId>C001067</bioguideId>
          <lisID>1864</lisID>
        </identifiers>
        <isOriginalCosponsor>False</isOriginalCosponsor>
      </item>
      <item>
        <fullName>Rep. Rush, Bobby L. [D-IL-1]</fullName>
        <party>D</party>
        <lastName>RUSH</lastName>
        <middleName>L.</middleName>
        <state>IL</state>
        <sponsorshipDate>2017-07-25</sponsorshipDate>
        <sponsorshipWithdrawnDate />
        <district>1</district>
        <firstName>BOBBY</firstName>
        <bioguideId>R000515</bioguideId>
        <identifiers>
          <bioguideId>R000515</bioguideId>
          <lisID>1003</lisID>
          <gpoId>7921</gpoId>
        </identifiers>
        <isOriginalCosponsor>False</isOriginalCosponsor>
      </item>
      <item>
        <fullName>Rep. Gonzalez, Vicente [D-TX-15]</fullName>
        <party>D</party>
        <lastName>Gonzalez</lastName>
        <middleName />
        <state>TX</state>
        <sponsorshipDate>2017-07-25</sponsorshipDate>
        <sponsorshipWithdrawnDate />
        <district>15</district>
        <firstName>Vicente</firstName>
        <bioguideId>G000581</bioguideId>
        <identifiers>
          <bioguideId>G000581</bioguideId>
          <lisID>2349</lisID>
          <gpoId />
        </identifiers>
        <isOriginalCosponsor>False</isOriginalCosponsor>
      </item>
      <item>
        <fullName>Rep. Khanna, Ro [D-CA-17]</fullName>
        <party>D</party>
        <lastName>Khanna</lastName>
        <middleName />
        <state>CA</state>
        <sponsorshipDate>2017-10-12</sponsorshipDate>
        <sponsorshipWithdrawnDate />
        <district>17</district>
        <firstName>Ro</firstName>
        <bioguideId>K000389</bioguideId>
        <identifiers>
          <bioguideId>K000389</bioguideId>
          <lisID>2308</lisID>
          <gpoId />
        </identifiers>
        <isOriginalCosponsor>False</isOriginalCosponsor>
      </item>
      <item>
        <fullName>Rep. Pocan, Mark [D-WI-2]</fullName>
        <party>D</party>
        <lastName>Pocan</lastName>
        <middleName />
        <state>WI</state>
        <sponsorshipDate>2017-10-12</sponsorshipDate>
        <sponsorshipWithdrawnDate />
        <district>2</district>
        <firstName>Mark</firstName>
        <bioguideId>P000607</bioguideId>
        <identifiers>
          <bioguideId>P000607</bioguideId>
          <lisID>2171</lisID>
          <gpoId />
        </identifiers>
        <isOriginalCosponsor>False</isOriginalCosponsor>
      </item>
      <item>
        <fullName>Rep. Hastings, Alcee L. [D-FL-20]</fullName>
        <party>D</party>
        <lastName>HASTINGS</lastName>
        <middleName>L.</middleName>
        <state>FL</state>
        <sponsorshipDate>2018-04-10</sponsorshipDate>
        <sponsorshipWithdrawnDate />
        <district>20</district>
        <firstName>ALCEE</firstName>
        <bioguideId>H000324</bioguideId>
        <identifiers>
          <bioguideId>H000324</bioguideId>
          <lisID>511</lisID>
          <gpoId>7895</gpoId>
        </identifiers>
        <isOriginalCosponsor>False</isOriginalCosponsor>
      </item>
    </cosponsors>
    <createDate>2017-01-04T07:01:11Z</createDate>
    <committees>
      <billCommittees>
        <item>
          <type>Standing</type>
          <name>Financial Services Committee</name>
          <subcommittees />
          <chamber>House</chamber>
          <activities>
            <item>
              <date>2017-01-03T17:01:45Z</date>
              <name>Referred to</name>
            </item>
          </activities>
          <systemCode>hsba00</systemCode>
        </item>
      </billCommittees>
    </committees>
    <notes />
    <relatedBills />
    <constitutionalAuthorityStatementText><![CDATA[<pre>From the Congressional Record Online through the Government Publishing Office [<a href='http://www.gpo.gov'>www.gpo.gov</a>]By Mr. AL GREEN of Texas:H.R. 149.Congress has the power to enact this legislation pursuantto the following:General Welfare Clause (Art. 1, Sec. 8, Cl. 1)Commerce Clause (Art. 1, Sec. 8, Cl. 3)Necessary and Proper Clause (Art. 1, Sec. 8, Cl. 18)Appropriations Clause (Art. 1, Sec. 9, Cl. 7)[Page H50]</pre>]]></constitutionalAuthorityStatementText>
    <originChamber>House</originChamber>
    <title>Housing Fairness Act of 2017</title>
    <laws />
    <introducedDate>2017-01-03</introducedDate>
    <updateDate>2018-04-11T07:15:37Z</updateDate>
    <cboCostEstimates />
    <version>1.0.0</version>
    <amendments />
  </bill>
  <dublinCore xmlns:dc="http://purl.org/dc/elements/1.1/">
    <dc:format>text/xml</dc:format>
    <dc:language>EN</dc:language>
    <dc:rights>Pursuant to Title 17 Section 105 of the United States Code, this file is not subject to copyright protection and is in the public domain.</dc:rights>
    <dc:contributor>Congressional Research Service, Library of Congress</dc:contributor>
    <dc:description>This file contains bill summaries and statuses for federal legislation. A bill summary describes the most significant provisions of a piece of legislation and details the effects the legislative text may have on current law and federal programs. Bill summaries are authored by the Congressional Research Service (CRS) of the Library of Congress. As stated in Public Law 91-510 (2 USC 166 (d)(6)), one of the duties of CRS is "to prepare summaries and digests of bills and resolutions of a public general nature introduced in the Senate or House of Representatives". For more information, refer to the User Guide that accompanies this file.</dc:description>
  </dublinCore>
</billStatus>

