<?xml version="1.0" encoding="UTF-8"?>
<billStatus>
  <bill>
    <introducedDate>2017-01-20</introducedDate>
    <billType>HR</billType>
    <summaries>
      <billSummaries>
        <item>
          <versionCode>00</versionCode>
          <actionDate>2017-01-20</actionDate>
          <name>Introduced in House</name>
          <text><![CDATA[<p><strong>Use Spending for Congressional Immigration Supervision Act or the USCIS Act</strong></p> <p>This bill amends the Immigration and Nationality Act to declare that all deposits into the Immigration Examinations Fee Account shall remain available to the Department of Homeland Security (DHS) (currently, the Department of Justice [DOJ]) for reimbursement of administrative expenses to the extent and in such amounts as are provided in advance in appropriation Acts.</p> <p>The Illegal Immigration Reform and Immigrant Responsibility Act of 1996 is amended to declare that certain foreign student and exchange program fees that are deposited into the account shall remain available to DHS (currently, DOJ) for reimbursement of administrative expenses (including expenses related to gathering foreign student information) to the extent and in such amounts as are provided in advance in appropriation Acts.</p>]]></text>
          <actionDesc>Introduced in House</actionDesc>
          <updateDate>2017-01-20T05:00:00Z</updateDate>
          <lastSummaryUpdateDate>2017-02-09T21:18:29Z</lastSummaryUpdateDate>
        </item>
      </billSummaries>
    </summaries>
    <cboCostEstimates />
    <policyArea>
      <name>Immigration</name>
    </policyArea>
    <calendarNumbers />
    <relatedBills />
    <originChamber>House</originChamber>
    <amendments />
    <titles>
      <item>
        <title>USCIS Act</title>
        <titleType>Short Titles as Introduced</titleType>
        <parentTitleType />
        <chamberCode />
        <chamberName />
      </item>
      <item>
        <title>Use Spending for Congressional Immigration Supervision Act</title>
        <titleType>Short Titles as Introduced</titleType>
        <parentTitleType />
        <chamberCode />
        <chamberName />
      </item>
      <item>
        <title>To amend the Immigration and Nationality Act to require deposits into the Immigration Examinations Fee Account to be subject to appropriations, and for other purposes.</title>
        <titleType>Official Title as Introduced</titleType>
        <parentTitleType />
        <chamberCode />
        <chamberName />
      </item>
      <item>
        <title>USCIS Act</title>
        <titleType>Display Title</titleType>
        <parentTitleType />
        <chamberCode />
        <chamberName />
      </item>
      <item>
        <title>Use Spending for Congressional Immigration Supervision Act</title>
        <titleType>(Extracted from GPO) Short Titles as Introduced</titleType>
        <parentTitleType />
        <chamberCode />
        <chamberName />
      </item>
    </titles>
    <createDate>2017-01-21T04:55:45Z</createDate>
    <constitutionalAuthorityStatementText><![CDATA[<pre>From the Congressional Record Online through the Government Publishing Office [<a href='http://www.gpo.gov'>www.gpo.gov</a>]By Mr. BRAT:H.R. 591.Congress has the power to enact this legislation pursuantto the following:American immigration law stems from Congress' powers to``establish an uniform Rule of Naturalization'' (Article I,Section 8, Clause 4) and to ``regulate Commerce with foreignNations'' (Article I, Section 8, Clause 3). Only Congress hasthe power to ``lay and collect Taxes, Duties, Imposts andExcises'' (Article I, Section 8, Clause 1), and Article I,Section 9, Clause 7 states that ``No Money shall be drawnfrom the Treasury, but in Consequence of Appropriations madeby Law,'' designating Congress as the final authority tocontrol or limit the spending of the federal government .Furthermore, it is both ``necessary and proper'' (Article I,Section 8, Clause 18) that Congress maintain control overfunds through appropriations to ensure that the President``take Care that the Laws be faithfully executed'' (ArticleII, Section 3).[Page H560]</pre>]]></constitutionalAuthorityStatementText>
    <actions>
      <actionTypeCounts>
        <introducedInHouse>1</introducedInHouse>
        <introducedInTheHouse>1</introducedInTheHouse>
        <billReferrals>1</billReferrals>
        <placeholderTextForH>1</placeholderTextForH>
      </actionTypeCounts>
      <item>
        <actionDate>2017-02-08</actionDate>
        <committee>
          <systemCode>hsju01</systemCode>
          <name>Immigration and Border Security Subcommittee</name>
        </committee>
        <links />
        <sourceSystem>
          <code>1</code>
          <name>House committee actions</name>
        </sourceSystem>
        <text>Referred to the Subcommittee on Immigration and Border Security.</text>
        <type>Committee</type>
      </item>
      <item>
        <type>IntroReferral</type>
        <sourceSystem>
          <code>2</code>
          <name>House floor actions</name>
        </sourceSystem>
        <actionCode>H11100</actionCode>
        <links />
        <text>Referred to the House Committee on the Judiciary.</text>
        <committee>
          <systemCode>hsju00</systemCode>
          <name>Judiciary Committee</name>
        </committee>
        <actionDate>2017-01-20</actionDate>
      </item>
      <item>
        <type>IntroReferral</type>
        <sourceSystem>
          <code>9</code>
          <name>Library of Congress</name>
        </sourceSystem>
        <actionCode>Intro-H</actionCode>
        <links />
        <text>Introduced in House</text>
        <committee />
        <actionDate>2017-01-20</actionDate>
      </item>
      <item>
        <type>IntroReferral</type>
        <sourceSystem>
          <code>9</code>
          <name>Library of Congress</name>
        </sourceSystem>
        <actionCode>1000</actionCode>
        <links />
        <text>Introduced in House</text>
        <committee />
        <actionDate>2017-01-20</actionDate>
      </item>
      <actionByCounts>
        <houseOfRepresentatives>4</houseOfRepresentatives>
      </actionByCounts>
    </actions>
    <laws />
    <version>1.0.0</version>
    <cosponsors>
      <item>
        <firstName>Paul</firstName>
        <identifiers>
          <bioguideId>G000565</bioguideId>
          <gpoId>7798</gpoId>
          <lisID>1992</lisID>
        </identifiers>
        <sponsorshipWithdrawnDate />
        <district>4</district>
        <middleName>A.</middleName>
        <state>AZ</state>
        <lastName>Gosar</lastName>
        <sponsorshipDate>2017-01-20</sponsorshipDate>
        <isOriginalCosponsor>True</isOriginalCosponsor>
        <bioguideId>G000565</bioguideId>
        <fullName>Rep. Gosar, Paul A. [R-AZ-4]</fullName>
        <party>R</party>
      </item>
      <item>
        <firstName>Michael</firstName>
        <identifiers>
          <gpoId>8182</gpoId>
          <lisID>1751</lisID>
          <bioguideId>B001248</bioguideId>
        </identifiers>
        <sponsorshipWithdrawnDate />
        <district>26</district>
        <middleName>C.</middleName>
        <state>TX</state>
        <lastName>Burgess</lastName>
        <sponsorshipDate>2017-01-20</sponsorshipDate>
        <isOriginalCosponsor>True</isOriginalCosponsor>
        <bioguideId>B001248</bioguideId>
        <fullName>Rep. Burgess, Michael C. [R-TX-26]</fullName>
        <party>R</party>
      </item>
      <item>
        <firstName>H.</firstName>
        <identifiers>
          <lisID>2070</lisID>
          <gpoId>8200</gpoId>
          <bioguideId>G000568</bioguideId>
        </identifiers>
        <sponsorshipWithdrawnDate />
        <district>9</district>
        <middleName>Morgan</middleName>
        <state>VA</state>
        <lastName>Griffith</lastName>
        <sponsorshipDate>2017-01-20</sponsorshipDate>
        <isOriginalCosponsor>True</isOriginalCosponsor>
        <bioguideId>G000568</bioguideId>
        <fullName>Rep. Griffith, H. Morgan [R-VA-9]</fullName>
        <party>R</party>
      </item>
      <item>
        <firstName>Brian</firstName>
        <identifiers>
          <lisID>2270</lisID>
          <gpoId />
          <bioguideId>B001291</bioguideId>
        </identifiers>
        <sponsorshipWithdrawnDate />
        <district>36</district>
        <middleName />
        <state>TX</state>
        <lastName>Babin</lastName>
        <sponsorshipDate>2017-01-20</sponsorshipDate>
        <isOriginalCosponsor>True</isOriginalCosponsor>
        <bioguideId>B001291</bioguideId>
        <fullName>Rep. Babin, Brian [R-TX-36]</fullName>
        <party>R</party>
      </item>
      <item>
        <firstName>Jeff</firstName>
        <identifiers>
          <lisID>2057</lisID>
          <gpoId>8143</gpoId>
          <bioguideId>D000615</bioguideId>
        </identifiers>
        <sponsorshipWithdrawnDate />
        <district>3</district>
        <middleName />
        <state>SC</state>
        <lastName>Duncan</lastName>
        <sponsorshipDate>2017-01-20</sponsorshipDate>
        <isOriginalCosponsor>True</isOriginalCosponsor>
        <bioguideId>D000615</bioguideId>
        <fullName>Rep. Duncan, Jeff [R-SC-3]</fullName>
        <party>R</party>
      </item>
      <item>
        <firstName>Ken</firstName>
        <identifiers>
          <lisID>2233</lisID>
          <gpoId />
          <bioguideId>B001297</bioguideId>
        </identifiers>
        <sponsorshipWithdrawnDate />
        <district>4</district>
        <middleName />
        <state>CO</state>
        <lastName>Buck</lastName>
        <sponsorshipDate>2017-01-20</sponsorshipDate>
        <isOriginalCosponsor>True</isOriginalCosponsor>
        <bioguideId>B001297</bioguideId>
        <fullName>Rep. Buck, Ken [R-CO-4]</fullName>
        <party>R</party>
      </item>
      <item>
        <firstName>Louie</firstName>
        <identifiers>
          <lisID>1801</lisID>
          <gpoId>8157</gpoId>
          <bioguideId>G000552</bioguideId>
        </identifiers>
        <sponsorshipWithdrawnDate />
        <district>1</district>
        <middleName />
        <state>TX</state>
        <lastName>Gohmert</lastName>
        <sponsorshipDate>2017-01-20</sponsorshipDate>
        <isOriginalCosponsor>True</isOriginalCosponsor>
        <bioguideId>G000552</bioguideId>
        <fullName>Rep. Gohmert, Louie [R-TX-1]</fullName>
        <party>R</party>
      </item>
      <item>
        <firstName>Tom</firstName>
        <identifiers>
          <lisID>2253</lisID>
          <gpoId />
          <bioguideId>E000294</bioguideId>
        </identifiers>
        <sponsorshipWithdrawnDate />
        <district>6</district>
        <middleName />
        <state>MN</state>
        <lastName>Emmer</lastName>
        <sponsorshipDate>2017-01-20</sponsorshipDate>
        <isOriginalCosponsor>True</isOriginalCosponsor>
        <bioguideId>E000294</bioguideId>
        <fullName>Rep. Emmer, Tom [R-MN-6]</fullName>
        <party>R</party>
      </item>
      <item>
        <firstName>Bradley</firstName>
        <identifiers>
          <lisID>2197</lisID>
          <gpoId />
          <bioguideId>B001289</bioguideId>
        </identifiers>
        <sponsorshipWithdrawnDate />
        <district>1</district>
        <middleName />
        <state>AL</state>
        <lastName>Byrne</lastName>
        <sponsorshipDate>2017-01-20</sponsorshipDate>
        <isOriginalCosponsor>True</isOriginalCosponsor>
        <bioguideId>B001289</bioguideId>
        <fullName>Rep. Byrne, Bradley [R-AL-1]</fullName>
        <party>R</party>
      </item>
      <item>
        <firstName>Jeb</firstName>
        <identifiers>
          <bioguideId>H001036</bioguideId>
          <gpoId>8161</gpoId>
          <lisID>1749</lisID>
        </identifiers>
        <sponsorshipWithdrawnDate />
        <district>5</district>
        <middleName />
        <state>TX</state>
        <lastName>Hensarling</lastName>
        <sponsorshipDate>2017-02-14</sponsorshipDate>
        <isOriginalCosponsor>False</isOriginalCosponsor>
        <bioguideId>H001036</bioguideId>
        <fullName>Rep. Hensarling, Jeb [R-TX-5]</fullName>
        <party>R</party>
      </item>
    </cosponsors>
    <billNumber>591</billNumber>
    <committeeReports />
    <notes />
    <latestAction>
      <actionDate>2017-02-08</actionDate>
      <text>Referred to the Subcommittee on Immigration and Border Security.</text>
      <links />
    </latestAction>
    <committees>
      <billCommittees>
        <item>
          <chamber>House</chamber>
          <type>Standing</type>
          <name>Judiciary Committee</name>
          <activities>
            <item>
              <date>2017-01-20T15:00:05Z</date>
              <name>Referred to</name>
            </item>
          </activities>
          <subcommittees>
            <item>
              <systemCode>hsju01</systemCode>
              <name>Immigration and Border Security Subcommittee</name>
              <activities>
                <item>
                  <date>2017-02-08T21:35:08Z</date>
                  <name>Referred to</name>
                </item>
              </activities>
            </item>
          </subcommittees>
          <systemCode>hsju00</systemCode>
        </item>
      </billCommittees>
    </committees>
    <updateDate>2018-03-30T14:00:23Z</updateDate>
    <title>USCIS Act</title>
    <sponsors>
      <item>
        <fullName>Rep. Brat, Dave [R-VA-7]</fullName>
        <state>VA</state>
        <lastName>Brat</lastName>
        <bioguideId>B001290</bioguideId>
        <district>7</district>
        <middleName />
        <byRequestType />
        <party>R</party>
        <identifiers>
          <bioguideId>B001290</bioguideId>
          <lisID>2203</lisID>
          <gpoId />
        </identifiers>
        <firstName>Dave</firstName>
      </item>
    </sponsors>
    <congress>115</congress>
    <recordedVotes />
    <subjects>
      <billSubjects>
        <legislativeSubjects>
          <item>
            <name>Appropriations</name>
          </item>
          <item>
            <name>Department of Homeland Security</name>
          </item>
          <item>
            <name>Department of Justice</name>
          </item>
          <item>
            <name>Executive agency funding and structure</name>
          </item>
          <item>
            <name>Higher education</name>
          </item>
          <item>
            <name>Immigration status and procedures</name>
          </item>
          <item>
            <name>International exchange and broadcasting</name>
          </item>
          <item>
            <name>User charges and fees</name>
          </item>
        </legislativeSubjects>
        <policyArea>
          <name>Immigration</name>
        </policyArea>
      </billSubjects>
    </subjects>
  </bill>
  <dublinCore xmlns:dc="http://purl.org/dc/elements/1.1/">
    <dc:format>text/xml</dc:format>
    <dc:language>EN</dc:language>
    <dc:rights>Pursuant to Title 17 Section 105 of the United States Code, this file is not subject to copyright protection and is in the public domain.</dc:rights>
    <dc:contributor>Congressional Research Service, Library of Congress</dc:contributor>
    <dc:description>This file contains bill summaries and statuses for federal legislation. A bill summary describes the most significant provisions of a piece of legislation and details the effects the legislative text may have on current law and federal programs. Bill summaries are authored by the Congressional Research Service (CRS) of the Library of Congress. As stated in Public Law 91-510 (2 USC 166 (d)(6)), one of the duties of CRS is "to prepare summaries and digests of bills and resolutions of a public general nature introduced in the Senate or House of Representatives". For more information, refer to the User Guide that accompanies this file.</dc:description>
  </dublinCore>
</billStatus>

