<?xml version="1.0" encoding="UTF-8"?>
<billStatus>
  <bill>
    <titles>
      <item>
        <title>Route 66 National Historic Trail Designation Act</title>
        <parentTitleType />
        <chamberCode />
        <titleType>Short Titles as Introduced</titleType>
        <chamberName />
      </item>
      <item>
        <title>To amend the National Trails System Act to designate the Route 66 National Historic Trail, and for other purposes.</title>
        <parentTitleType />
        <chamberCode />
        <titleType>Official Title as Introduced</titleType>
        <chamberName />
      </item>
      <item>
        <title>Route 66 National Historic Trail Designation Act</title>
        <parentTitleType />
        <chamberCode />
        <titleType>Display Title</titleType>
        <chamberName />
      </item>
      <item>
        <title>Route 66 National Historic Trail Designation Act</title>
        <parentTitleType />
        <chamberCode />
        <titleType>(Extracted from GPO) Short Titles as Introduced</titleType>
        <chamberName />
      </item>
    </titles>
    <policyArea>
      <name>Public Lands and Natural Resources</name>
    </policyArea>
    <amendments />
    <billNumber>801</billNumber>
    <version>1.0.0</version>
    <congress>115</congress>
    <calendarNumbers />
    <createDate>2017-02-02T05:28:45Z</createDate>
    <updateDate>2018-03-30T14:01:22Z</updateDate>
    <latestAction>
      <actionDate>2018-01-10</actionDate>
      <links />
      <text>Ordered to be Reported (Amended) by Unanimous Consent.</text>
    </latestAction>
    <laws />
    <sponsors>
      <item>
        <fullName>Rep. LaHood, Darin [R-IL-18]</fullName>
        <bioguideId>L000585</bioguideId>
        <lastName>LaHood</lastName>
        <byRequestType />
        <firstName>Darin</firstName>
        <district>18</district>
        <state>IL</state>
        <middleName />
        <party>R</party>
        <identifiers>
          <bioguideId>L000585</bioguideId>
          <lisID>2295</lisID>
          <gpoId />
        </identifiers>
      </item>
    </sponsors>
    <originChamber>House</originChamber>
    <constitutionalAuthorityStatementText><![CDATA[<pre>From the Congressional Record Online through the Government Publishing Office [<a href='http://www.gpo.gov'>www.gpo.gov</a>]By Mr. LaHOOD:H.R. 801.Congress has the power to enact this legislation pursuantto the following:Article IV, Section 3, Clause 2--``The Congress shall havePower to dispose of and make all needful Rules andRegulations respecting the Territory or other Propertybelonging to the United States. . .''[Page H878]</pre>]]></constitutionalAuthorityStatementText>
    <cosponsors>
      <item>
        <sponsorshipDate>2017-02-01</sponsorshipDate>
        <state>CA</state>
        <lastName>NAPOLITANO</lastName>
        <firstName>GRACE</firstName>
        <sponsorshipWithdrawnDate />
        <middleName>F.</middleName>
        <identifiers>
          <lisID>1602</lisID>
          <gpoId>7843</gpoId>
          <bioguideId>N000179</bioguideId>
        </identifiers>
        <fullName>Rep. Napolitano, Grace F. [D-CA-32]</fullName>
        <bioguideId>N000179</bioguideId>
        <isOriginalCosponsor>True</isOriginalCosponsor>
        <district>32</district>
        <party>D</party>
      </item>
      <item>
        <sponsorshipDate>2017-02-01</sponsorshipDate>
        <state>IL</state>
        <lastName>Davis</lastName>
        <firstName>Rodney</firstName>
        <sponsorshipWithdrawnDate />
        <middleName />
        <identifiers>
          <lisID>2126</lisID>
          <gpoId />
          <bioguideId>D000619</bioguideId>
        </identifiers>
        <fullName>Rep. Davis, Rodney [R-IL-13]</fullName>
        <bioguideId>D000619</bioguideId>
        <isOriginalCosponsor>True</isOriginalCosponsor>
        <district>13</district>
        <party>R</party>
      </item>
      <item>
        <sponsorshipDate>2017-02-01</sponsorshipDate>
        <state>IL</state>
        <lastName>Lipinski</lastName>
        <firstName>Daniel</firstName>
        <sponsorshipWithdrawnDate />
        <middleName>William</middleName>
        <identifiers>
          <lisID>1781</lisID>
          <gpoId>7923</gpoId>
          <bioguideId>L000563</bioguideId>
        </identifiers>
        <fullName>Rep. Lipinski, Daniel [D-IL-3]</fullName>
        <bioguideId>L000563</bioguideId>
        <isOriginalCosponsor>True</isOriginalCosponsor>
        <district>3</district>
        <party>D</party>
      </item>
      <item>
        <sponsorshipDate>2017-02-01</sponsorshipDate>
        <state>CA</state>
        <lastName>SCHIFF</lastName>
        <firstName>ADAM</firstName>
        <sponsorshipWithdrawnDate />
        <middleName>B.</middleName>
        <identifiers>
          <gpoId>7834</gpoId>
          <lisID>1635</lisID>
          <bioguideId>S001150</bioguideId>
        </identifiers>
        <fullName>Rep. Schiff, Adam B. [D-CA-28]</fullName>
        <bioguideId>S001150</bioguideId>
        <isOriginalCosponsor>True</isOriginalCosponsor>
        <district>28</district>
        <party>D</party>
      </item>
      <item>
        <sponsorshipDate>2017-02-01</sponsorshipDate>
        <state>CA</state>
        <lastName>Chu</lastName>
        <firstName>Judy</firstName>
        <sponsorshipWithdrawnDate />
        <middleName />
        <identifiers>
          <lisID>1970</lisID>
          <gpoId>7837</gpoId>
          <bioguideId>C001080</bioguideId>
        </identifiers>
        <fullName>Rep. Chu, Judy [D-CA-27]</fullName>
        <bioguideId>C001080</bioguideId>
        <isOriginalCosponsor>True</isOriginalCosponsor>
        <district>27</district>
        <party>D</party>
      </item>
      <item>
        <sponsorshipDate>2017-02-01</sponsorshipDate>
        <state>CA</state>
        <lastName>Torres</lastName>
        <firstName>Norma</firstName>
        <sponsorshipWithdrawnDate />
        <middleName>J.</middleName>
        <identifiers>
          <lisID>2231</lisID>
          <gpoId />
          <bioguideId>T000474</bioguideId>
        </identifiers>
        <fullName>Rep. Torres, Norma J. [D-CA-35]</fullName>
        <bioguideId>T000474</bioguideId>
        <isOriginalCosponsor>True</isOriginalCosponsor>
        <district>35</district>
        <party>D</party>
      </item>
      <item>
        <sponsorshipDate>2017-02-01</sponsorshipDate>
        <state>IL</state>
        <lastName>Kinzinger</lastName>
        <firstName>Adam</firstName>
        <sponsorshipWithdrawnDate />
        <middleName />
        <identifiers>
          <lisID>2014</lisID>
          <gpoId>7931</gpoId>
          <bioguideId>K000378</bioguideId>
        </identifiers>
        <fullName>Rep. Kinzinger, Adam [R-IL-16]</fullName>
        <bioguideId>K000378</bioguideId>
        <isOriginalCosponsor>True</isOriginalCosponsor>
        <district>16</district>
        <party>R</party>
      </item>
      <item>
        <sponsorshipDate>2017-02-14</sponsorshipDate>
        <state>IL</state>
        <lastName>Foster</lastName>
        <firstName>Bill</firstName>
        <sponsorshipWithdrawnDate />
        <middleName />
        <identifiers>
          <bioguideId>F000454</bioguideId>
          <gpoId>7355</gpoId>
          <lisID>1888</lisID>
        </identifiers>
        <fullName>Rep. Foster, Bill [D-IL-11]</fullName>
        <bioguideId>F000454</bioguideId>
        <isOriginalCosponsor>False</isOriginalCosponsor>
        <district>11</district>
        <party>D</party>
      </item>
      <item>
        <sponsorshipDate>2017-02-27</sponsorshipDate>
        <state>OK</state>
        <lastName>LUCAS</lastName>
        <firstName>FRANK</firstName>
        <sponsorshipWithdrawnDate />
        <middleName>D.</middleName>
        <identifiers>
          <bioguideId>L000491</bioguideId>
          <lisID>711</lisID>
          <gpoId>8111</gpoId>
        </identifiers>
        <fullName>Rep. Lucas, Frank D. [R-OK-3]</fullName>
        <bioguideId>L000491</bioguideId>
        <isOriginalCosponsor>False</isOriginalCosponsor>
        <district>3</district>
        <party>R</party>
      </item>
      <item>
        <sponsorshipDate>2017-02-27</sponsorshipDate>
        <state>CA</state>
        <lastName>Cook</lastName>
        <firstName>Paul</firstName>
        <sponsorshipWithdrawnDate />
        <middleName />
        <identifiers>
          <lisID>2103</lisID>
          <gpoId />
          <bioguideId>C001094</bioguideId>
        </identifiers>
        <fullName>Rep. Cook, Paul [R-CA-8]</fullName>
        <bioguideId>C001094</bioguideId>
        <isOriginalCosponsor>False</isOriginalCosponsor>
        <district>8</district>
        <party>R</party>
      </item>
      <item>
        <sponsorshipDate>2017-03-16</sponsorshipDate>
        <state>CA</state>
        <lastName>Aguilar</lastName>
        <firstName>Pete</firstName>
        <sponsorshipWithdrawnDate />
        <middleName />
        <identifiers>
          <bioguideId>A000371</bioguideId>
          <gpoId />
          <lisID>2229</lisID>
        </identifiers>
        <fullName>Rep. Aguilar, Pete [D-CA-31]</fullName>
        <bioguideId>A000371</bioguideId>
        <isOriginalCosponsor>False</isOriginalCosponsor>
        <district>31</district>
        <party>D</party>
      </item>
      <item>
        <sponsorshipDate>2017-04-27</sponsorshipDate>
        <state>KS</state>
        <lastName>Jenkins</lastName>
        <firstName>Lynn</firstName>
        <sponsorshipWithdrawnDate />
        <middleName />
        <identifiers>
          <gpoId>7950</gpoId>
          <lisID>1921</lisID>
          <bioguideId>J000290</bioguideId>
        </identifiers>
        <fullName>Rep. Jenkins, Lynn [R-KS-2]</fullName>
        <bioguideId>J000290</bioguideId>
        <isOriginalCosponsor>False</isOriginalCosponsor>
        <district>2</district>
        <party>R</party>
      </item>
      <item>
        <sponsorshipDate>2017-05-25</sponsorshipDate>
        <state>OR</state>
        <lastName>DEFAZIO</lastName>
        <firstName>PETER</firstName>
        <sponsorshipWithdrawnDate />
        <middleName>A.</middleName>
        <identifiers>
          <gpoId>8117</gpoId>
          <lisID>279</lisID>
          <bioguideId>D000191</bioguideId>
        </identifiers>
        <fullName>Rep. DeFazio, Peter A. [D-OR-4]</fullName>
        <bioguideId>D000191</bioguideId>
        <isOriginalCosponsor>False</isOriginalCosponsor>
        <district>4</district>
        <party>D</party>
      </item>
      <item>
        <sponsorshipDate>2017-06-06</sponsorshipDate>
        <state>NM</state>
        <lastName>Lujan Grisham</lastName>
        <firstName>Michelle</firstName>
        <sponsorshipWithdrawnDate />
        <middleName />
        <identifiers>
          <lisID>2146</lisID>
          <gpoId />
          <bioguideId>L000580</bioguideId>
        </identifiers>
        <fullName>Rep. Lujan Grisham, Michelle [D-NM-1]</fullName>
        <bioguideId>L000580</bioguideId>
        <isOriginalCosponsor>False</isOriginalCosponsor>
        <district>1</district>
        <party>D</party>
      </item>
      <item>
        <sponsorshipDate>2017-06-20</sponsorshipDate>
        <state>AZ</state>
        <lastName>O'Halleran</lastName>
        <firstName>Tom</firstName>
        <sponsorshipWithdrawnDate />
        <middleName />
        <identifiers>
          <bioguideId>O000171</bioguideId>
          <lisID>2306</lisID>
          <gpoId />
        </identifiers>
        <fullName>Rep. O'Halleran, Tom [D-AZ-1]</fullName>
        <bioguideId>O000171</bioguideId>
        <isOriginalCosponsor>False</isOriginalCosponsor>
        <district>1</district>
        <party>D</party>
      </item>
      <item>
        <sponsorshipDate>2017-06-20</sponsorshipDate>
        <state>NM</state>
        <lastName>Lujan</lastName>
        <firstName>Ben</firstName>
        <sponsorshipWithdrawnDate />
        <middleName>Ray</middleName>
        <identifiers>
          <lisID>1939</lisID>
          <gpoId>8058</gpoId>
          <bioguideId>L000570</bioguideId>
        </identifiers>
        <fullName>Rep. Lujan, Ben Ray [D-NM-3]</fullName>
        <bioguideId>L000570</bioguideId>
        <isOriginalCosponsor>False</isOriginalCosponsor>
        <district>3</district>
        <party>D</party>
      </item>
      <item>
        <sponsorshipDate>2017-09-06</sponsorshipDate>
        <state>OK</state>
        <lastName>Cole</lastName>
        <firstName>Tom</firstName>
        <sponsorshipWithdrawnDate />
        <middleName />
        <identifiers>
          <lisID>1742</lisID>
          <gpoId>8112</gpoId>
          <bioguideId>C001053</bioguideId>
        </identifiers>
        <fullName>Rep. Cole, Tom [R-OK-4]</fullName>
        <bioguideId>C001053</bioguideId>
        <isOriginalCosponsor>False</isOriginalCosponsor>
        <district>4</district>
        <party>R</party>
      </item>
      <item>
        <sponsorshipDate>2017-09-28</sponsorshipDate>
        <state>TX</state>
        <lastName>THORNBERRY</lastName>
        <firstName>WILLIAM</firstName>
        <sponsorshipWithdrawnDate />
        <middleName>M.</middleName>
        <identifiers>
          <lisID>1155</lisID>
          <gpoId>8755</gpoId>
          <bioguideId>T000238</bioguideId>
        </identifiers>
        <fullName>Rep. Thornberry, Mac [R-TX-13]</fullName>
        <bioguideId>T000238</bioguideId>
        <isOriginalCosponsor>False</isOriginalCosponsor>
        <district>13</district>
        <party>R</party>
      </item>
      <item>
        <sponsorshipDate>2017-10-25</sponsorshipDate>
        <state>MO</state>
        <lastName>Long</lastName>
        <firstName>Billy</firstName>
        <sponsorshipWithdrawnDate />
        <middleName />
        <identifiers>
          <bioguideId>L000576</bioguideId>
          <gpoId>8015</gpoId>
          <lisID>2033</lisID>
        </identifiers>
        <fullName>Rep. Long, Billy [R-MO-7]</fullName>
        <bioguideId>L000576</bioguideId>
        <isOriginalCosponsor>False</isOriginalCosponsor>
        <district>7</district>
        <party>R</party>
      </item>
      <item>
        <sponsorshipDate>2017-11-06</sponsorshipDate>
        <state>MO</state>
        <lastName>Luetkemeyer</lastName>
        <firstName>Blaine</firstName>
        <sponsorshipWithdrawnDate />
        <middleName />
        <identifiers>
          <lisID>1931</lisID>
          <gpoId>8017</gpoId>
          <bioguideId>L000569</bioguideId>
        </identifiers>
        <fullName>Rep. Luetkemeyer, Blaine [R-MO-3]</fullName>
        <bioguideId>L000569</bioguideId>
        <isOriginalCosponsor>False</isOriginalCosponsor>
        <district>3</district>
        <party>R</party>
      </item>
      <item>
        <sponsorshipDate>2018-01-09</sponsorshipDate>
        <state>MO</state>
        <lastName>CLAY</lastName>
        <firstName>WM.</firstName>
        <sponsorshipWithdrawnDate />
        <middleName>LACY</middleName>
        <identifiers>
          <lisID>1654</lisID>
          <gpoId>8009</gpoId>
          <bioguideId>C001049</bioguideId>
        </identifiers>
        <fullName>Rep. Clay, Wm. Lacy [D-MO-1]</fullName>
        <bioguideId>C001049</bioguideId>
        <isOriginalCosponsor>False</isOriginalCosponsor>
        <district>1</district>
        <party>D</party>
      </item>
    </cosponsors>
    <billType>HR</billType>
    <notes />
    <summaries>
      <billSummaries>
        <item>
          <actionDesc>Introduced in House</actionDesc>
          <text><![CDATA[<p><b>Route 66 National Historic Trail Designation Act</b></p> <p>This bill amends the National Trails System Act to designate a trail of approximately 2,400 miles extending from Chicago, Illinois, to Santa Monica, California, as the Route 66 National Historic Trail. </p> <p>The trail shall be administered by the National Park Service in a manner that respects and maintains its idiosyncratic nature. </p>]]></text>
          <lastSummaryUpdateDate>2017-07-10T22:03:39Z</lastSummaryUpdateDate>
          <name>Introduced in House</name>
          <versionCode>00</versionCode>
          <updateDate>2017-02-01T05:00:00Z</updateDate>
          <actionDate>2017-02-01</actionDate>
        </item>
      </billSummaries>
    </summaries>
    <relatedBills />
    <committees>
      <billCommittees>
        <item>
          <type>Standing</type>
          <subcommittees>
            <item>
              <systemCode>hsii10</systemCode>
              <name>Federal Lands Subcommittee</name>
              <activities>
                <item>
                  <date>2018-01-10T20:56:15Z</date>
                  <name>Discharged from</name>
                </item>
                <item>
                  <date>2017-11-15T20:15:29Z</date>
                  <name>Hearings by</name>
                </item>
                <item>
                  <date>2017-02-15T21:43:30Z</date>
                  <name>Referred to</name>
                </item>
              </activities>
            </item>
          </subcommittees>
          <name>Natural Resources Committee</name>
          <activities>
            <item>
              <date>2018-01-10T20:57:52Z</date>
              <name>Markup by</name>
            </item>
            <item>
              <date>2017-02-01T15:04:25Z</date>
              <name>Referred to</name>
            </item>
          </activities>
          <systemCode>hsii00</systemCode>
          <chamber>House</chamber>
        </item>
      </billCommittees>
    </committees>
    <cboCostEstimates />
    <subjects>
      <billSubjects>
        <policyArea>
          <name>Public Lands and Natural Resources</name>
        </policyArea>
        <legislativeSubjects>
          <item>
            <name>Historic sites and heritage areas</name>
          </item>
          <item>
            <name>Parks, recreation areas, trails</name>
          </item>
          <item>
            <name>Roads and highways</name>
          </item>
        </legislativeSubjects>
      </billSubjects>
    </subjects>
    <committeeReports />
    <title>Route 66 National Historic Trail Designation Act</title>
    <recordedVotes />
    <actions>
      <actionTypeCounts>
        <introducedInTheHouse>1</introducedInTheHouse>
        <billReferrals>1</billReferrals>
        <prayer>1</prayer>
        <placeholderTextForH>3</placeholderTextForH>
        <introducedInHouse>1</introducedInHouse>
        <actionStageOverride>1</actionStageOverride>
      </actionTypeCounts>
      <item>
        <actionDate>2018-01-10</actionDate>
        <committee>
          <systemCode>hsii00</systemCode>
          <name>Natural Resources Committee</name>
        </committee>
        <links />
        <sourceSystem>
          <code>1</code>
          <name>House committee actions</name>
        </sourceSystem>
        <text>Ordered to be Reported (Amended) by Unanimous Consent.</text>
        <type>Committee</type>
      </item>
      <item>
        <actionDate>2018-01-10</actionDate>
        <committee>
          <systemCode>hsii00</systemCode>
          <name>Natural Resources Committee</name>
        </committee>
        <links />
        <sourceSystem>
          <code>1</code>
          <name>House committee actions</name>
        </sourceSystem>
        <text>Committee Consideration and Mark-up Session Held.</text>
        <type>Committee</type>
      </item>
      <item>
        <actionDate>2018-01-10</actionDate>
        <committee>
          <systemCode>hsii00</systemCode>
          <name>Natural Resources Committee</name>
        </committee>
        <links />
        <sourceSystem>
          <code>1</code>
          <name>House committee actions</name>
        </sourceSystem>
        <text>Subcommittee on Federal Lands Discharged.</text>
        <type>Committee</type>
      </item>
      <item>
        <actionDate>2017-11-15</actionDate>
        <committee>
          <systemCode>hsii10</systemCode>
          <name>Federal Lands Subcommittee</name>
        </committee>
        <links />
        <sourceSystem>
          <code>1</code>
          <name>House committee actions</name>
        </sourceSystem>
        <text>Subcommittee Hearings Held.</text>
        <type>Committee</type>
      </item>
      <item>
        <actionDate>2017-02-15</actionDate>
        <committee>
          <systemCode>hsii10</systemCode>
          <name>Federal Lands Subcommittee</name>
        </committee>
        <links />
        <sourceSystem>
          <code>1</code>
          <name>House committee actions</name>
        </sourceSystem>
        <text>Referred to the Subcommittee on Federal Lands.</text>
        <type>Committee</type>
      </item>
      <item>
        <actionCode>H11100</actionCode>
        <sourceSystem>
          <code>2</code>
          <name>House floor actions</name>
        </sourceSystem>
        <links />
        <text>Referred to the House Committee on Natural Resources.</text>
        <actionDate>2017-02-01</actionDate>
        <type>IntroReferral</type>
        <committee>
          <systemCode>hsii00</systemCode>
          <name>Natural Resources Committee</name>
        </committee>
      </item>
      <item>
        <actionCode>Intro-H</actionCode>
        <sourceSystem>
          <code>9</code>
          <name>Library of Congress</name>
        </sourceSystem>
        <links />
        <text>Introduced in House</text>
        <actionDate>2017-02-01</actionDate>
        <type>IntroReferral</type>
        <committee />
      </item>
      <item>
        <actionCode>1000</actionCode>
        <sourceSystem>
          <code>9</code>
          <name>Library of Congress</name>
        </sourceSystem>
        <links />
        <text>Introduced in House</text>
        <actionDate>2017-02-01</actionDate>
        <type>IntroReferral</type>
        <committee />
      </item>
      <actionByCounts>
        <houseOfRepresentatives>8</houseOfRepresentatives>
      </actionByCounts>
    </actions>
    <introducedDate>2017-02-01</introducedDate>
  </bill>
  <dublinCore xmlns:dc="http://purl.org/dc/elements/1.1/">
    <dc:format>text/xml</dc:format>
    <dc:language>EN</dc:language>
    <dc:rights>Pursuant to Title 17 Section 105 of the United States Code, this file is not subject to copyright protection and is in the public domain.</dc:rights>
    <dc:contributor>Congressional Research Service, Library of Congress</dc:contributor>
    <dc:description>This file contains bill summaries and statuses for federal legislation. A bill summary describes the most significant provisions of a piece of legislation and details the effects the legislative text may have on current law and federal programs. Bill summaries are authored by the Congressional Research Service (CRS) of the Library of Congress. As stated in Public Law 91-510 (2 USC 166 (d)(6)), one of the duties of CRS is "to prepare summaries and digests of bills and resolutions of a public general nature introduced in the Senate or House of Representatives". For more information, refer to the User Guide that accompanies this file.</dc:description>
  </dublinCore>
</billStatus>

