<?xml version="1.0" encoding="UTF-8"?>
<billStatus>
  <bill>
    <congress>115</congress>
    <billType>HR</billType>
    <originChamber>House</originChamber>
    <billNumber>71</billNumber>
    <notes />
    <cboCostEstimates />
    <version>1.0.0</version>
    <recordedVotes />
    <summaries>
      <billSummaries>
        <item>
          <actionDesc>Introduced in House</actionDesc>
          <text><![CDATA[<p><strong>Taxpayers Right-To-Know Act</strong></p> <p>This bill requires that the website of the Office of Management and Budget (OMB) include a program inventory that identifies each program of the federal government for which there is more than $1 million in annual budget authority.</p> <p>For programs identified in such inventory for which there is more than $1 million and not more than $10 million in annual budget authority (smaller programs), the inventory must include: </p> <ul> <li>an identification of the program activities that are aggregated, disaggregated, or consolidated as part of identifying programs; </li> <li>for each such program activity, the amount of funding for the current fiscal year and the previous two fiscal years; </li> <li>an identification of the statutes that authorize the program and any major regulations specific to the program; </li> <li>a description of the individuals served by a program and beneficiaries who received financial assistance under a program for the most recent fiscal year; and </li> <li>links to any evaluation, assessment, or program performance reviews by the agency, an Inspector General, or the Government Accountability Office released during the preceding five years.</li> </ul> <p>For programs identified in such inventory for which there is more than $10 million in annual budget authority (larger programs), the inventory must include:</p> <ul> <li>an identification of the program activities that are aggregated, disaggregated, or consolidated as part of identifying programs;</li> <li>for each program activity, the amount of funding for the current fiscal year and the previous two fiscal years; </li> <li>an estimate of the amount of funding for the program; </li> <li>an identification of the statutes that authorize the program and any major regulations specific to the program; </li> <li>a description and estimate of the number of individuals served by a program and beneficiaries who received financial assistance under a program for the most recent fiscal year; </li> <li>a description of the federal employees who administer the program and other individuals whose salary is paid in full or in part by the federal government through a grant, contract, cooperative agreement, or another form of financial award or assistance; </li> <li>links to any evaluation, assessment, or program performance reviews by the agency, an Inspector General, or the Government Accountability Office released during the preceding five years; and </li> <li>financial and other information for each program activity required to be reported under the Federal Funding Accountability and Transparency Act of 2006. </li> </ul> <p>The OMB shall: (1) archive and preserve the information included in the program inventory; and (2) annually publish the total amount of undisbursed grant funding remaining in grant accounts for which the period of availability to the grantee has expired. </p> <p>The bill requires the OMB, by June 30, 2018, to: (1) prescribe guidance to implement this Act, and (2) issue guidance to assist agencies in identifying how the program activities used in budget or appropriations accounts correspond with programs identified in the program inventory required by this Act. The OMB may: (1) issue guidance to agencies to ensure that programs are presented at a similar level of detail across agencies and are not duplicative or overlapping; (2) exempt from the requirements of this Act, based on an analysis of the costs of implementation, agencies that are not required to have a chief financial officer and that have not more than $10 million in budget authority; and (3) extend the Act's implementation deadline by up to one year. </p> <p>Implementation of the requirements in this bill must be completed not later than June 30, 2019. </p>]]></text>
          <lastSummaryUpdateDate>2017-01-06T22:03:45Z</lastSummaryUpdateDate>
          <name>Introduced in House</name>
          <versionCode>00</versionCode>
          <updateDate>2017-01-03T05:00:00Z</updateDate>
          <actionDate>2017-01-03</actionDate>
        </item>
        <item>
          <actionDesc>Passed House without amendment</actionDesc>
          <text><![CDATA[<p>(This measure has not been amended since it was introduced. The summary has been expanded because action occurred on the measure.)</p> <p><strong>Taxpayers Right-To-Know Act</strong></p> <p>(Sec. 2) This bill requires that the website of the Office of Management and Budget (OMB) include a program inventory that identifies each program of the federal government for which there is more than $1 million in annual budget authority. Such inventory shall include: (1) any activity that is commonly referred to as a program by a federal agency, and (2) any activity that is referenced in law as a program after June 30, 2019. </p> <p>For programs identified in such inventory for which there is more than $1 million and not more than $10 million in annual budget authority (smaller programs), the inventory must include: </p> <ul> <li>an identification of the program activities that are aggregated, disaggregated, or consolidated as part of identifying programs; </li> <li>for each such program activity, the amount of funding for the current fiscal year and the previous two fiscal years; </li> <li>an identification of the statutes that authorize the program and any major regulations specific to the program; </li> <li>a description of the individuals served by a program and beneficiaries who received financial assistance under a program for the most recent fiscal year; and </li> <li>links to any evaluation, assessment, or program performance reviews by the agency, an Inspector General, or the Government Accountability Office released during the preceding five years.</li> </ul> <p>For programs identified in such inventory for which there is more than $10 million in annual budget authority (larger programs), the inventory must include:</p> <ul> <li>an identification of the program activities that are aggregated, disaggregated, or consolidated as part of identifying programs;</li> <li>for each program activity, the amount of funding for the current fiscal year and the previous two fiscal years; </li> <li>an estimate of the amount of funding for the program; </li> <li>an identification of the statutes that authorize the program and any major regulations specific to the program; </li> <li>a description and estimate of the number of individuals served by a program and beneficiaries who received financial assistance under a program for the most recent fiscal year; </li> <li>a description of the federal employees who administer the program and other individuals whose salary is paid in full or in part by the federal government through a grant, contract, cooperative agreement, or another form of financial award or assistance; </li> <li>links to any evaluation, assessment, or program performance reviews by the agency, an Inspector General, or the Government Accountability Office released during the preceding five years; and </li> <li>financial and other information for each program activity required to be reported under the Federal Funding Accountability and Transparency Act of 2006. </li> </ul> <p>The OMB shall: (1) archive and preserve the information included in the program inventory; and (2) not later than February 1 of each fiscal year, publish on a public website the total amount of undisbursed grant funding remaining in grant accounts for which the period of availability to the grantee has expired. </p> <p>(Sec. 3) The bill requires the OMB, not later than June 30, 2018, to: (1) prescribe guidance to implement this Act, and (2) issue guidance to assist agencies in identifying how the program activities used in budget or appropriations accounts correspond with programs identified in the program inventory required by this Act. The OMB may: (1) issue guidance to agencies to ensure that programs are presented at a similar level of detail across agencies and are not duplicative or overlapping; (2) exempt from the requirements of this Act, based on an analysis of the costs of implementation, agencies that are not required to have a chief financial officer and that have not more than $10 million in budget authority; and (3) extend the Act's implementation deadline by not more than one year. </p> <p>Implementation of the requirements in this bill must be completed not later than June 30, 2019. </p>]]></text>
          <lastSummaryUpdateDate>2017-01-06T22:27:26Z</lastSummaryUpdateDate>
          <name>Passed House without amendment</name>
          <versionCode>81</versionCode>
          <updateDate>2017-01-04T14:37:54Z</updateDate>
          <actionDate>2017-01-04</actionDate>
        </item>
      </billSummaries>
    </summaries>
    <subjects>
      <billSubjects>
        <legislativeSubjects>
          <item>
            <name>Accounting and auditing</name>
          </item>
          <item>
            <name>Congressional oversight</name>
          </item>
          <item>
            <name>Executive agency funding and structure</name>
          </item>
          <item>
            <name>Government employee pay, benefits, personnel management</name>
          </item>
          <item>
            <name>Government information and archives</name>
          </item>
          <item>
            <name>Government studies and investigations</name>
          </item>
          <item>
            <name>Performance measurement</name>
          </item>
        </legislativeSubjects>
        <policyArea>
          <name>Government Operations and Politics</name>
        </policyArea>
      </billSubjects>
    </subjects>
    <actions>
      <item>
        <actionDate>2017-01-05</actionDate>
        <committee>
          <systemCode>ssga00</systemCode>
          <name>Homeland Security and Governmental Affairs Committee</name>
        </committee>
        <links />
        <sourceSystem>
          <code>0</code>
          <name>Senate</name>
        </sourceSystem>
        <text>Received in the Senate and Read twice and referred to the Committee on Homeland Security and Governmental Affairs.</text>
        <type>IntroReferral</type>
      </item>
      <item>
        <committee />
        <text>Motion to reconsider laid on the table Agreed to without objection.</text>
        <actionTime>12:47:31</actionTime>
        <actionDate>2017-01-04</actionDate>
        <actionCode>H38310</actionCode>
        <links />
        <type>Floor</type>
        <sourceSystem>
          <code>2</code>
          <name>House floor actions</name>
        </sourceSystem>
      </item>
      <item>
        <committee />
        <text>On motion to suspend the rules and pass the bill Agreed to by voice vote. (text: CR H63-64)</text>
        <actionTime>12:47:30</actionTime>
        <actionDate>2017-01-04</actionDate>
        <actionCode>H37300</actionCode>
        <links>
          <link>
            <url>https://www.congress.gov/congressional-record/volume-163/house-section/page/H63-64</url>
            <name>H63-64</name>
          </link>
        </links>
        <type>Floor</type>
        <sourceSystem>
          <code>2</code>
          <name>House floor actions</name>
        </sourceSystem>
      </item>
      <item>
        <committee />
        <text>Passed/agreed to in House: On motion to suspend the rules and pass the bill Agreed to by voice vote.(text: CR H63-64)</text>
        <actionTime>12:47:30</actionTime>
        <actionDate>2017-01-04</actionDate>
        <actionCode>8000</actionCode>
        <links>
          <link>
            <url>https://www.congress.gov/congressional-record/volume-163/house-section/page/H63-64</url>
            <name>H63-64</name>
          </link>
        </links>
        <type>Floor</type>
        <sourceSystem>
          <code>9</code>
          <name>Library of Congress</name>
        </sourceSystem>
      </item>
      <item>
        <committee />
        <text>DEBATE - The House proceeded with forty minutes of debate on H.R. 71.</text>
        <actionTime>12:38:29</actionTime>
        <actionDate>2017-01-04</actionDate>
        <actionCode>H8D000</actionCode>
        <links>
          <link>
            <url>https://www.congress.gov/bill/115th-congress/house-bill/71</url>
            <name>H.R. 71</name>
          </link>
        </links>
        <type>Floor</type>
        <sourceSystem>
          <code>2</code>
          <name>House floor actions</name>
        </sourceSystem>
      </item>
      <item>
        <committee />
        <text>Considered under suspension of the rules. (consideration: CR H63-65)</text>
        <actionTime>12:38:26</actionTime>
        <actionDate>2017-01-04</actionDate>
        <actionCode>H30000</actionCode>
        <links>
          <link>
            <url>https://www.congress.gov/congressional-record/volume-163/house-section/page/H63-65</url>
            <name>H63-65</name>
          </link>
        </links>
        <type>Floor</type>
        <sourceSystem>
          <code>2</code>
          <name>House floor actions</name>
        </sourceSystem>
      </item>
      <item>
        <committee />
        <text>Mr. Chaffetz moved to suspend the rules and pass the bill.</text>
        <actionTime>12:38:04</actionTime>
        <actionDate>2017-01-04</actionDate>
        <actionCode>H30300</actionCode>
        <links />
        <type>Floor</type>
        <sourceSystem>
          <code>2</code>
          <name>House floor actions</name>
        </sourceSystem>
      </item>
      <item>
        <committee>
          <systemCode>hsgo00</systemCode>
          <name>Oversight and Government Reform Committee</name>
        </committee>
        <text>Referred to the House Committee on Oversight and Government Reform.</text>
        <sourceSystem>
          <code>2</code>
          <name>House floor actions</name>
        </sourceSystem>
        <actionDate>2017-01-03</actionDate>
        <actionCode>H11100</actionCode>
        <links />
        <type>IntroReferral</type>
      </item>
      <item>
        <committee />
        <text>Introduced in House</text>
        <sourceSystem>
          <code>9</code>
          <name>Library of Congress</name>
        </sourceSystem>
        <actionDate>2017-01-03</actionDate>
        <actionCode>Intro-H</actionCode>
        <links />
        <type>IntroReferral</type>
      </item>
      <item>
        <committee />
        <text>Introduced in House</text>
        <sourceSystem>
          <code>9</code>
          <name>Library of Congress</name>
        </sourceSystem>
        <actionDate>2017-01-03</actionDate>
        <actionCode>1000</actionCode>
        <links />
        <type>IntroReferral</type>
      </item>
      <actionByCounts>
        <houseOfRepresentatives>9</houseOfRepresentatives>
        <senate>1</senate>
      </actionByCounts>
      <actionTypeCounts>
        <considerationByHouse>1</considerationByHouse>
        <introducedInHouse>1</introducedInHouse>
        <passedAgreedToInHouse>1</passedAgreedToInHouse>
        <motionMadeToSuspendTheRules>1</motionMadeToSuspendTheRules>
        <referredToCommittee>1</referredToCommittee>
        <billReferrals>1</billReferrals>
        <generalDebate>1</generalDebate>
        <finalPassageUnderSuspensionOfTheRulesResults>1</finalPassageUnderSuspensionOfTheRulesResults>
        <motionToReconsiderResults>1</motionToReconsiderResults>
        <introducedInTheHouse>1</introducedInTheHouse>
      </actionTypeCounts>
    </actions>
    <introducedDate>2017-01-03</introducedDate>
    <constitutionalAuthorityStatementText><![CDATA[<pre>From the Congressional Record Online through the Government Publishing Office [<a href='http://www.gpo.gov'>www.gpo.gov</a>]By Mr. WALBERG:H.R. 71.Congress has the power to enact this legislation pursuantto the following:Article 1, Section 9, Clause 7--No Money shall be drawnfrom the Treasury, but in Consequence of Appropriations madeby Law; and a regular Statement and Account of Receipts andExpenditures of all public Money shall be published from timeto time.[Page H48]</pre>]]></constitutionalAuthorityStatementText>
    <titles>
      <item>
        <title>Taxpayers Right-To-Know Act</title>
        <parentTitleType />
        <chamberName />
        <titleType>Short Titles as Introduced</titleType>
        <chamberCode />
      </item>
      <item>
        <title>To provide taxpayers with an annual report disclosing the cost and performance of Government programs and areas of duplication among them, and for other purposes.</title>
        <parentTitleType />
        <chamberName />
        <titleType>Official Title as Introduced</titleType>
        <chamberCode />
      </item>
      <item>
        <title>Taxpayers Right-To-Know Act</title>
        <parentTitleType />
        <chamberName />
        <titleType>Display Title</titleType>
        <chamberCode />
      </item>
      <item>
        <title>Taxpayers Right-To-Know Act</title>
        <parentTitleType />
        <chamberName />
        <titleType>(Extracted from GPO) Short Titles as Introduced</titleType>
        <chamberCode />
      </item>
      <item>
        <title>Taxpayers Right-To-Know Act</title>
        <parentTitleType />
        <chamberName>House</chamberName>
        <titleType>(Extracted from GPO) Short Titles as Passed House</titleType>
        <chamberCode>H</chamberCode>
      </item>
    </titles>
    <cosponsors>
      <item>
        <state>TN</state>
        <lastName>COOPER</lastName>
        <sponsorshipWithdrawnDate />
        <district>5</district>
        <middleName>H.</middleName>
        <fullName>Rep. Cooper, Jim [D-TN-5]</fullName>
        <bioguideId>C000754</bioguideId>
        <party>D</party>
        <identifiers>
          <lisID>231</lisID>
          <gpoId>8152</gpoId>
          <bioguideId>C000754</bioguideId>
        </identifiers>
        <sponsorshipDate>2017-01-03</sponsorshipDate>
        <isOriginalCosponsor>True</isOriginalCosponsor>
        <firstName>JAMES</firstName>
      </item>
      <item>
        <state>AZ</state>
        <lastName>Sinema</lastName>
        <sponsorshipWithdrawnDate />
        <district>9</district>
        <middleName />
        <fullName>Rep. Sinema, Kyrsten [D-AZ-9]</fullName>
        <bioguideId>S001191</bioguideId>
        <party>D</party>
        <identifiers>
          <lisID>2099</lisID>
          <gpoId />
          <bioguideId>S001191</bioguideId>
        </identifiers>
        <sponsorshipDate>2017-01-03</sponsorshipDate>
        <isOriginalCosponsor>True</isOriginalCosponsor>
        <firstName>Kyrsten</firstName>
      </item>
      <item>
        <state>LA</state>
        <lastName>Abraham</lastName>
        <sponsorshipWithdrawnDate />
        <district>5</district>
        <middleName>Lee</middleName>
        <fullName>Rep. Abraham, Ralph Lee [R-LA-5]</fullName>
        <bioguideId>A000374</bioguideId>
        <party>R</party>
        <identifiers>
          <gpoId />
          <bioguideId>A000374</bioguideId>
          <lisID>2244</lisID>
        </identifiers>
        <sponsorshipDate>2017-01-03</sponsorshipDate>
        <isOriginalCosponsor>True</isOriginalCosponsor>
        <firstName>Ralph</firstName>
      </item>
      <item>
        <state>CA</state>
        <lastName>ROYCE</lastName>
        <sponsorshipWithdrawnDate />
        <district>39</district>
        <middleName />
        <fullName>Rep. Royce, Edward R. [R-CA-39]</fullName>
        <bioguideId>R000487</bioguideId>
        <party>R</party>
        <identifiers>
          <bioguideId>R000487</bioguideId>
          <lisID>998</lisID>
          <gpoId>7845</gpoId>
        </identifiers>
        <sponsorshipDate>2017-01-03</sponsorshipDate>
        <isOriginalCosponsor>True</isOriginalCosponsor>
        <firstName>ED</firstName>
      </item>
      <item>
        <state>CO</state>
        <lastName>Lamborn</lastName>
        <sponsorshipWithdrawnDate />
        <district>5</district>
        <middleName />
        <fullName>Rep. Lamborn, Doug [R-CO-5]</fullName>
        <bioguideId>L000564</bioguideId>
        <party>R</party>
        <identifiers>
          <lisID>1834</lisID>
          <gpoId>7863</gpoId>
          <bioguideId>L000564</bioguideId>
        </identifiers>
        <sponsorshipDate>2017-01-03</sponsorshipDate>
        <isOriginalCosponsor>True</isOriginalCosponsor>
        <firstName>Doug</firstName>
      </item>
      <item>
        <state>MI</state>
        <lastName>Huizenga</lastName>
        <sponsorshipWithdrawnDate />
        <district>2</district>
        <middleName />
        <fullName>Rep. Huizenga, Bill [R-MI-2]</fullName>
        <bioguideId>H001058</bioguideId>
        <party>R</party>
        <identifiers>
          <lisID>2028</lisID>
          <gpoId>7987</gpoId>
          <bioguideId>H001058</bioguideId>
        </identifiers>
        <sponsorshipDate>2017-01-03</sponsorshipDate>
        <isOriginalCosponsor>True</isOriginalCosponsor>
        <firstName>Bill</firstName>
      </item>
      <item>
        <state>KS</state>
        <lastName>Yoder</lastName>
        <sponsorshipWithdrawnDate />
        <district>3</district>
        <middleName />
        <fullName>Rep. Yoder, Kevin [R-KS-3]</fullName>
        <bioguideId>Y000063</bioguideId>
        <party>R</party>
        <identifiers>
          <bioguideId>Y000063</bioguideId>
          <lisID>2021</lisID>
          <gpoId>7951</gpoId>
        </identifiers>
        <sponsorshipDate>2017-01-03</sponsorshipDate>
        <isOriginalCosponsor>True</isOriginalCosponsor>
        <firstName>Kevin</firstName>
      </item>
      <item>
        <state>OH</state>
        <lastName>Joyce</lastName>
        <sponsorshipWithdrawnDate />
        <district>14</district>
        <middleName>P.</middleName>
        <fullName>Rep. Joyce, David P. [R-OH-14]</fullName>
        <bioguideId>J000295</bioguideId>
        <party>R</party>
        <identifiers>
          <lisID>2154</lisID>
          <gpoId />
          <bioguideId>J000295</bioguideId>
        </identifiers>
        <sponsorshipDate>2017-01-03</sponsorshipDate>
        <isOriginalCosponsor>True</isOriginalCosponsor>
        <firstName>David</firstName>
      </item>
      <item>
        <state>UT</state>
        <lastName>Love</lastName>
        <sponsorshipWithdrawnDate />
        <district>4</district>
        <middleName>B.</middleName>
        <fullName>Rep. Love, Mia B. [R-UT-4]</fullName>
        <bioguideId>L000584</bioguideId>
        <party>R</party>
        <identifiers>
          <gpoId />
          <lisID>2271</lisID>
          <bioguideId>L000584</bioguideId>
        </identifiers>
        <sponsorshipDate>2017-01-03</sponsorshipDate>
        <isOriginalCosponsor>True</isOriginalCosponsor>
        <firstName>Mia</firstName>
      </item>
      <item>
        <state>TX</state>
        <lastName>Burgess</lastName>
        <sponsorshipWithdrawnDate />
        <district>26</district>
        <middleName>C.</middleName>
        <fullName>Rep. Burgess, Michael C. [R-TX-26]</fullName>
        <bioguideId>B001248</bioguideId>
        <party>R</party>
        <identifiers>
          <lisID>1751</lisID>
          <gpoId>8182</gpoId>
          <bioguideId>B001248</bioguideId>
        </identifiers>
        <sponsorshipDate>2017-01-03</sponsorshipDate>
        <isOriginalCosponsor>True</isOriginalCosponsor>
        <firstName>Michael</firstName>
      </item>
      <item>
        <state>CA</state>
        <lastName>LaMalfa</lastName>
        <sponsorshipWithdrawnDate />
        <district>1</district>
        <middleName />
        <fullName>Rep. LaMalfa, Doug [R-CA-1]</fullName>
        <bioguideId>L000578</bioguideId>
        <party>R</party>
        <identifiers>
          <bioguideId>L000578</bioguideId>
          <gpoId />
          <lisID>2100</lisID>
        </identifiers>
        <sponsorshipDate>2017-01-03</sponsorshipDate>
        <isOriginalCosponsor>True</isOriginalCosponsor>
        <firstName>Doug</firstName>
      </item>
      <item>
        <state>AZ</state>
        <lastName>Gosar</lastName>
        <sponsorshipWithdrawnDate />
        <district>4</district>
        <middleName>A.</middleName>
        <fullName>Rep. Gosar, Paul A. [R-AZ-4]</fullName>
        <bioguideId>G000565</bioguideId>
        <party>R</party>
        <identifiers>
          <lisID>1992</lisID>
          <gpoId>7798</gpoId>
          <bioguideId>G000565</bioguideId>
        </identifiers>
        <sponsorshipDate>2017-01-03</sponsorshipDate>
        <isOriginalCosponsor>True</isOriginalCosponsor>
        <firstName>Paul</firstName>
      </item>
      <item>
        <state>TX</state>
        <lastName>Gohmert</lastName>
        <sponsorshipWithdrawnDate />
        <district>1</district>
        <middleName />
        <fullName>Rep. Gohmert, Louie [R-TX-1]</fullName>
        <bioguideId>G000552</bioguideId>
        <party>R</party>
        <identifiers>
          <bioguideId>G000552</bioguideId>
          <lisID>1801</lisID>
          <gpoId>8157</gpoId>
        </identifiers>
        <sponsorshipDate>2017-01-03</sponsorshipDate>
        <isOriginalCosponsor>True</isOriginalCosponsor>
        <firstName>Louie</firstName>
      </item>
      <item>
        <state>TX</state>
        <lastName>Farenthold</lastName>
        <sponsorshipWithdrawnDate />
        <district>27</district>
        <middleName />
        <fullName>Rep. Farenthold, Blake [R-TX-27]</fullName>
        <bioguideId>F000460</bioguideId>
        <party>R</party>
        <identifiers>
          <gpoId>8183</gpoId>
          <bioguideId>F000460</bioguideId>
          <lisID>2067</lisID>
        </identifiers>
        <sponsorshipDate>2017-01-03</sponsorshipDate>
        <isOriginalCosponsor>True</isOriginalCosponsor>
        <firstName>Blake</firstName>
      </item>
      <item>
        <state>GA</state>
        <lastName>Hice</lastName>
        <sponsorshipWithdrawnDate />
        <district>10</district>
        <middleName>B.</middleName>
        <fullName>Rep. Hice, Jody B. [R-GA-10]</fullName>
        <bioguideId>H001071</bioguideId>
        <party>R</party>
        <identifiers>
          <lisID>2237</lisID>
          <gpoId />
          <bioguideId>H001071</bioguideId>
        </identifiers>
        <sponsorshipDate>2017-01-03</sponsorshipDate>
        <isOriginalCosponsor>True</isOriginalCosponsor>
        <firstName>Jody</firstName>
      </item>
      <item>
        <state>MN</state>
        <lastName>Emmer</lastName>
        <sponsorshipWithdrawnDate />
        <district>6</district>
        <middleName />
        <fullName>Rep. Emmer, Tom [R-MN-6]</fullName>
        <bioguideId>E000294</bioguideId>
        <party>R</party>
        <identifiers>
          <lisID>2253</lisID>
          <gpoId />
          <bioguideId>E000294</bioguideId>
        </identifiers>
        <sponsorshipDate>2017-01-03</sponsorshipDate>
        <isOriginalCosponsor>True</isOriginalCosponsor>
        <firstName>Tom</firstName>
      </item>
      <item>
        <state>MI</state>
        <lastName>Trott</lastName>
        <sponsorshipWithdrawnDate />
        <district>11</district>
        <middleName>A.</middleName>
        <fullName>Rep. Trott, David A. [R-MI-11]</fullName>
        <bioguideId>T000475</bioguideId>
        <party>R</party>
        <identifiers>
          <gpoId />
          <lisID>2250</lisID>
          <bioguideId>T000475</bioguideId>
        </identifiers>
        <sponsorshipDate>2017-01-03</sponsorshipDate>
        <isOriginalCosponsor>True</isOriginalCosponsor>
        <firstName>David</firstName>
      </item>
      <item>
        <state>UT</state>
        <lastName>Bishop</lastName>
        <sponsorshipWithdrawnDate />
        <district>1</district>
        <middleName />
        <fullName>Rep. Bishop, Rob [R-UT-1]</fullName>
        <bioguideId>B001250</bioguideId>
        <party>R</party>
        <identifiers>
          <lisID>1753</lisID>
          <gpoId>8189</gpoId>
          <bioguideId>B001250</bioguideId>
        </identifiers>
        <sponsorshipDate>2017-01-03</sponsorshipDate>
        <isOriginalCosponsor>True</isOriginalCosponsor>
        <firstName>Rob</firstName>
      </item>
      <item>
        <state>TX</state>
        <lastName>JOHNSON</lastName>
        <sponsorshipWithdrawnDate />
        <district>3</district>
        <middleName />
        <fullName>Rep. Johnson, Sam [R-TX-3]</fullName>
        <bioguideId>J000174</bioguideId>
        <party>R</party>
        <identifiers>
          <gpoId>8159</gpoId>
          <bioguideId>J000174</bioguideId>
          <lisID>603</lisID>
        </identifiers>
        <sponsorshipDate>2017-01-03</sponsorshipDate>
        <isOriginalCosponsor>True</isOriginalCosponsor>
        <firstName>SAM</firstName>
      </item>
      <item>
        <state>KY</state>
        <lastName>Guthrie</lastName>
        <sponsorshipWithdrawnDate />
        <district>2</district>
        <middleName />
        <fullName>Rep. Guthrie, Brett [R-KY-2]</fullName>
        <bioguideId>G000558</bioguideId>
        <party>R</party>
        <identifiers>
          <gpoId>7954</gpoId>
          <lisID>1922</lisID>
          <bioguideId>G000558</bioguideId>
        </identifiers>
        <sponsorshipDate>2017-01-03</sponsorshipDate>
        <isOriginalCosponsor>True</isOriginalCosponsor>
        <firstName>Brett</firstName>
      </item>
      <item>
        <state>FL</state>
        <lastName>Yoho</lastName>
        <sponsorshipWithdrawnDate />
        <district>3</district>
        <middleName>S.</middleName>
        <fullName>Rep. Yoho, Ted S. [R-FL-3]</fullName>
        <bioguideId>Y000065</bioguideId>
        <party>R</party>
        <identifiers>
          <gpoId />
          <lisID>2115</lisID>
          <bioguideId>Y000065</bioguideId>
        </identifiers>
        <sponsorshipDate>2017-01-03</sponsorshipDate>
        <isOriginalCosponsor>True</isOriginalCosponsor>
        <firstName>Ted</firstName>
      </item>
      <item>
        <state>CA</state>
        <lastName>Costa</lastName>
        <sponsorshipWithdrawnDate />
        <district>16</district>
        <middleName />
        <fullName>Rep. Costa, Jim [D-CA-16]</fullName>
        <bioguideId>C001059</bioguideId>
        <party>D</party>
        <identifiers>
          <lisID>1774</lisID>
          <gpoId>7825</gpoId>
          <bioguideId>C001059</bioguideId>
        </identifiers>
        <sponsorshipDate>2017-01-03</sponsorshipDate>
        <isOriginalCosponsor>True</isOriginalCosponsor>
        <firstName>Jim</firstName>
      </item>
      <item>
        <state>CA</state>
        <lastName>CALVERT</lastName>
        <sponsorshipWithdrawnDate />
        <district>42</district>
        <middleName />
        <fullName>Rep. Calvert, Ken [R-CA-42]</fullName>
        <bioguideId>C000059</bioguideId>
        <party>R</party>
        <identifiers>
          <lisID>165</lisID>
          <gpoId>7849</gpoId>
          <bioguideId>C000059</bioguideId>
        </identifiers>
        <sponsorshipDate>2017-01-03</sponsorshipDate>
        <isOriginalCosponsor>True</isOriginalCosponsor>
        <firstName>KEN</firstName>
      </item>
      <item>
        <state>OH</state>
        <lastName>TIBERI</lastName>
        <sponsorshipWithdrawnDate />
        <district>12</district>
        <middleName>J.</middleName>
        <fullName>Rep. Tiberi, Patrick J. [R-OH-12]</fullName>
        <bioguideId>T000462</bioguideId>
        <party>R</party>
        <identifiers>
          <bioguideId>T000462</bioguideId>
          <lisID>1664</lisID>
          <gpoId>8102</gpoId>
        </identifiers>
        <sponsorshipDate>2017-01-04</sponsorshipDate>
        <isOriginalCosponsor>False</isOriginalCosponsor>
        <firstName>PATRICK</firstName>
      </item>
    </cosponsors>
    <laws />
    <calendarNumbers />
    <committeeReports />
    <latestAction>
      <links />
      <text>Received in the Senate and Read twice and referred to the Committee on Homeland Security and Governmental Affairs.</text>
      <actionDate>2017-01-05</actionDate>
    </latestAction>
    <title>Taxpayers Right-To-Know Act</title>
    <createDate>2017-01-04T07:01:10Z</createDate>
    <sponsors>
      <item>
        <lastName>Walberg</lastName>
        <byRequestType />
        <middleName />
        <bioguideId>W000798</bioguideId>
        <firstName>Tim</firstName>
        <state>MI</state>
        <fullName>Rep. Walberg, Tim [R-MI-7]</fullName>
        <identifiers>
          <lisID>1855</lisID>
          <gpoId>7992</gpoId>
          <bioguideId>W000798</bioguideId>
        </identifiers>
        <party>R</party>
        <district>7</district>
      </item>
    </sponsors>
    <updateDate>2018-03-30T13:57:52Z</updateDate>
    <relatedBills>
      <item>
        <congress>115</congress>
        <number>317</number>
        <relationshipDetails>
          <item>
            <type>Related bill</type>
            <identifiedBy>CRS</identifiedBy>
          </item>
        </relationshipDetails>
        <latestAction>
          <actionDate>2017-05-01</actionDate>
          <text>Placed on Senate Legislative Calendar under General Orders. Calendar No. 43.</text>
        </latestAction>
        <type>S</type>
        <latestTitle>Taxpayers Right-To-Know Act</latestTitle>
      </item>
    </relatedBills>
    <committees>
      <billCommittees>
        <item>
          <type>Standing</type>
          <subcommittees />
          <name>Homeland Security and Governmental Affairs Committee</name>
          <activities>
            <item>
              <date>2017-01-05T18:23:03Z</date>
              <name>Referred to</name>
            </item>
          </activities>
          <systemCode>ssga00</systemCode>
          <chamber>Senate</chamber>
        </item>
        <item>
          <type>Standing</type>
          <subcommittees />
          <name>Oversight and Government Reform Committee</name>
          <activities>
            <item>
              <date>2017-01-03T17:08:00Z</date>
              <name>Referred to</name>
            </item>
          </activities>
          <systemCode>hsgo00</systemCode>
          <chamber>House</chamber>
        </item>
      </billCommittees>
    </committees>
    <policyArea>
      <name>Government Operations and Politics</name>
    </policyArea>
    <amendments />
  </bill>
  <dublinCore xmlns:dc="http://purl.org/dc/elements/1.1/">
    <dc:format>text/xml</dc:format>
    <dc:language>EN</dc:language>
    <dc:rights>Pursuant to Title 17 Section 105 of the United States Code, this file is not subject to copyright protection and is in the public domain.</dc:rights>
    <dc:contributor>Congressional Research Service, Library of Congress</dc:contributor>
    <dc:description>This file contains bill summaries and statuses for federal legislation. A bill summary describes the most significant provisions of a piece of legislation and details the effects the legislative text may have on current law and federal programs. Bill summaries are authored by the Congressional Research Service (CRS) of the Library of Congress. As stated in Public Law 91-510 (2 USC 166 (d)(6)), one of the duties of CRS is "to prepare summaries and digests of bills and resolutions of a public general nature introduced in the Senate or House of Representatives". For more information, refer to the User Guide that accompanies this file.</dc:description>
  </dublinCore>
</billStatus>

