<?xml version="1.0" encoding="UTF-8"?>
<billStatus>
  <bill>
    <title>Strengthening Fishing Communities and Increasing Flexibility in Fisheries Management Act</title>
    <latestAction>
      <actionDate>2017-12-13</actionDate>
      <text>Ordered to be Reported (Amended) by the Yeas and Nays: 23 - 17.</text>
      <links />
    </latestAction>
    <createDate>2017-01-04T07:01:13Z</createDate>
    <titles>
      <item>
        <title>Strengthening Fishing Communities and Increasing Flexibility in Fisheries Management Act</title>
        <parentTitleType />
        <chamberName />
        <titleType>Short Titles as Introduced</titleType>
        <chamberCode />
      </item>
      <item>
        <title>To amend the Magnuson-Stevens Fishery Conservation and Management Act to provide flexibility for fishery managers and stability for fishermen, and for other purposes.</title>
        <parentTitleType />
        <chamberName />
        <titleType>Official Title as Introduced</titleType>
        <chamberCode />
      </item>
      <item>
        <title>Strengthening Fishing Communities and Increasing Flexibility in Fisheries Management Act</title>
        <parentTitleType />
        <chamberName />
        <titleType>Display Title</titleType>
        <chamberCode />
      </item>
      <item>
        <title>Strengthening Fishing Communities and Increasing Flexibility in Fisheries Management Act</title>
        <parentTitleType />
        <chamberName />
        <titleType>(Extracted from GPO) Short Titles as Introduced</titleType>
        <chamberCode />
      </item>
    </titles>
    <version>1.0.0</version>
    <notes />
    <subjects>
      <billSubjects>
        <policyArea>
          <name>Public Lands and Natural Resources</name>
        </policyArea>
        <legislativeSubjects>
          <item>
            <name>Administrative law and regulatory procedures</name>
          </item>
          <item>
            <name>Alaska</name>
          </item>
          <item>
            <name>Arctic and polar regions</name>
          </item>
          <item>
            <name>Atlantic Ocean</name>
          </item>
          <item>
            <name>Business records</name>
          </item>
          <item>
            <name>Congressional oversight</name>
          </item>
          <item>
            <name>Department of Commerce</name>
          </item>
          <item>
            <name>Disaster relief and insurance</name>
          </item>
          <item>
            <name>Economic performance and conditions</name>
          </item>
          <item>
            <name>Endangered and threatened species</name>
          </item>
          <item>
            <name>Environmental assessment, monitoring, research</name>
          </item>
          <item>
            <name>Fishes</name>
          </item>
          <item>
            <name>Government information and archives</name>
          </item>
          <item>
            <name>Government studies and investigations</name>
          </item>
          <item>
            <name>Gulf of Mexico</name>
          </item>
          <item>
            <name>Hunting and fishing</name>
          </item>
          <item>
            <name>Intergovernmental relations</name>
          </item>
          <item>
            <name>International law and treaties</name>
          </item>
          <item>
            <name>Marine and coastal resources, fisheries</name>
          </item>
          <item>
            <name>Marine pollution</name>
          </item>
          <item>
            <name>Oil and gas</name>
          </item>
          <item>
            <name>Pacific Ocean</name>
          </item>
          <item>
            <name>Public participation and lobbying</name>
          </item>
          <item>
            <name>Research administration and funding</name>
          </item>
          <item>
            <name>State and local government operations</name>
          </item>
          <item>
            <name>User charges and fees</name>
          </item>
          <item>
            <name>Water use and supply</name>
          </item>
        </legislativeSubjects>
      </billSubjects>
    </subjects>
    <cboCostEstimates />
    <sponsors>
      <item>
        <firstName>DON</firstName>
        <lastName>YOUNG</lastName>
        <middleName>E.</middleName>
        <byRequestType />
        <bioguideId>Y000033</bioguideId>
        <identifiers>
          <gpoId>7785</gpoId>
          <lisID>1256</lisID>
          <bioguideId>Y000033</bioguideId>
        </identifiers>
        <state>AK</state>
        <fullName>Rep. Young, Don [R-AK-At Large]</fullName>
        <district>0</district>
        <party>R</party>
      </item>
    </sponsors>
    <calendarNumbers />
    <policyArea>
      <name>Public Lands and Natural Resources</name>
    </policyArea>
    <summaries>
      <billSummaries>
        <item>
          <actionDesc>Introduced in House</actionDesc>
          <name>Introduced in House</name>
          <actionDate>2017-01-03</actionDate>
          <updateDate>2017-01-03T05:00:00Z</updateDate>
          <versionCode>00</versionCode>
          <text><![CDATA[<p><b>Strengthening Fishing Communities and Increasing Flexibility in Fisheries Management Act </b></p> <p>This bill revises and reauthorizes through FY2022 the Magnuson-Stevens Fishery Conservation and Management Act (MSA).</p> <p>Revisions are made to: (1) requirements for fishery management plans for overfished fisheries; and (2) catch limit requirements, including by authorizing Regional Fishery Management Councils to consider changes in an ecosystem and the economic needs of the fishing communities when establishing the limits.</p> <p>To distinguish between fish that are depleted due to fishing and those that are depleted for other reasons, the term &quot;depleted&quot; replaces the term &quot;overfished&quot; throughout the MSA.</p> <p>Fishery impact statements must analyze the impacts of proposed actions in fishery management plans on the quality of the human environment. </p> <p> The National Oceanic and Atmospheric Administration (NOAA) must publish a plan for implementing the Cooperative Research and Management Program.</p> <p> The offshore jurisdiction of Louisiana, Mississippi, and Alabama is extended from three miles to nine miles for the recreational management of red snapper.</p> <p>The Gulf States Marine Fisheries Commission must conduct all fishery stock assessments used for management purposes by the Gulf of Mexico Fishery Management Council for the fisheries managed under the Council's Reef Fish Management Plan.</p> <p>Any commercial catch share allocation in a fishery in the Gulf of Mexico may only be traded by sale or lease within the same commercial fishing sector.</p> <p>NOAA must develop a plan to conduct stock assessments for all fish for which a fishery management plan is in effect under this bill.Additionally, NOAA must develop guidelines that will incorporate data from private entities into fishery management plans.</p>]]></text>
          <lastSummaryUpdateDate>2017-06-12T17:51:24Z</lastSummaryUpdateDate>
        </item>
      </billSummaries>
    </summaries>
    <actions>
      <actionByCounts>
        <houseOfRepresentatives>9</houseOfRepresentatives>
      </actionByCounts>
      <item>
        <actionDate>2017-12-13</actionDate>
        <committee>
          <systemCode>hsii00</systemCode>
          <name>Natural Resources Committee</name>
        </committee>
        <links />
        <sourceSystem>
          <code>1</code>
          <name>House committee actions</name>
        </sourceSystem>
        <text>Ordered to be Reported (Amended) by the Yeas and Nays: 23 - 17.</text>
        <type>Committee</type>
      </item>
      <item>
        <actionDate>2017-12-13</actionDate>
        <committee>
          <systemCode>hsii00</systemCode>
          <name>Natural Resources Committee</name>
        </committee>
        <links />
        <sourceSystem>
          <code>1</code>
          <name>House committee actions</name>
        </sourceSystem>
        <text>Committee Consideration and Mark-up Session Held.</text>
        <type>Committee</type>
      </item>
      <item>
        <actionDate>2017-12-12</actionDate>
        <committee>
          <systemCode>hsii00</systemCode>
          <name>Natural Resources Committee</name>
        </committee>
        <links />
        <sourceSystem>
          <code>1</code>
          <name>House committee actions</name>
        </sourceSystem>
        <text>Committee Consideration and Mark-up Session Held.</text>
        <type>Committee</type>
      </item>
      <item>
        <actionDate>2017-12-12</actionDate>
        <committee>
          <systemCode>hsii00</systemCode>
          <name>Natural Resources Committee</name>
        </committee>
        <links />
        <sourceSystem>
          <code>1</code>
          <name>House committee actions</name>
        </sourceSystem>
        <text>Subcommittee on Water, Power and Oceans Discharged.</text>
        <type>Committee</type>
      </item>
      <item>
        <actionDate>2017-09-26</actionDate>
        <committee>
          <systemCode>hsii13</systemCode>
          <name>Water, Power and Oceans Subcommittee</name>
        </committee>
        <links />
        <sourceSystem>
          <code>1</code>
          <name>House committee actions</name>
        </sourceSystem>
        <text>Subcommittee Hearings Held.</text>
        <type>Committee</type>
      </item>
      <item>
        <actionDate>2017-02-10</actionDate>
        <committee>
          <systemCode>hsii13</systemCode>
          <name>Water, Power and Oceans Subcommittee</name>
        </committee>
        <links />
        <sourceSystem>
          <code>1</code>
          <name>House committee actions</name>
        </sourceSystem>
        <text>Referred to the Subcommittee on Water, Power and Oceans.</text>
        <type>Committee</type>
      </item>
      <item>
        <text>Referred to the House Committee on Natural Resources.</text>
        <links />
        <sourceSystem>
          <code>2</code>
          <name>House floor actions</name>
        </sourceSystem>
        <actionDate>2017-01-03</actionDate>
        <actionCode>H11100</actionCode>
        <committee>
          <systemCode>hsii00</systemCode>
          <name>Natural Resources Committee</name>
        </committee>
        <type>IntroReferral</type>
      </item>
      <item>
        <text>Introduced in House</text>
        <links />
        <sourceSystem>
          <code>9</code>
          <name>Library of Congress</name>
        </sourceSystem>
        <actionDate>2017-01-03</actionDate>
        <actionCode>Intro-H</actionCode>
        <committee />
        <type>IntroReferral</type>
      </item>
      <item>
        <text>Introduced in House</text>
        <links />
        <sourceSystem>
          <code>9</code>
          <name>Library of Congress</name>
        </sourceSystem>
        <actionDate>2017-01-03</actionDate>
        <actionCode>1000</actionCode>
        <committee />
        <type>IntroReferral</type>
      </item>
      <actionTypeCounts>
        <placeholderTextForH>3</placeholderTextForH>
        <introducedInTheHouse>1</introducedInTheHouse>
        <billReferrals>1</billReferrals>
        <prayer>1</prayer>
        <introducedInHouse>1</introducedInHouse>
        <actionStageOverride>2</actionStageOverride>
      </actionTypeCounts>
    </actions>
    <relatedBills />
    <committees>
      <billCommittees>
        <item>
          <chamber>House</chamber>
          <name>Natural Resources Committee</name>
          <subcommittees>
            <item>
              <name>Water, Power and Oceans Subcommittee</name>
              <systemCode>hsii13</systemCode>
              <activities>
                <item>
                  <name>Discharged from</name>
                  <date>2017-12-12T16:27:36Z</date>
                </item>
                <item>
                  <name>Hearings by</name>
                  <date>2017-09-26T18:16:27Z</date>
                </item>
                <item>
                  <name>Referred to</name>
                  <date>2017-02-10T16:58:44Z</date>
                </item>
              </activities>
            </item>
          </subcommittees>
          <activities>
            <item>
              <name>Markup by</name>
              <date>2017-12-13T16:32:48Z</date>
            </item>
            <item>
              <name>Referred to</name>
              <date>2017-01-03T17:20:10Z</date>
            </item>
          </activities>
          <type>Standing</type>
          <systemCode>hsii00</systemCode>
        </item>
      </billCommittees>
    </committees>
    <constitutionalAuthorityStatementText><![CDATA[<pre>From the Congressional Record Online through the Government Publishing Office [<a href='http://www.gpo.gov'>www.gpo.gov</a>]By Mr. YOUNG of Alaska:H.R. 200.Congress has the power to enact this legislation pursuantto the following:Article I, Section 8, Clause 3``The Congress shall have power to regulate commerce withforeign nations, and among the several states, and with theIndian tribes''[Page H52]</pre>]]></constitutionalAuthorityStatementText>
    <introducedDate>2017-01-03</introducedDate>
    <cosponsors>
      <item>
        <firstName>Garret</firstName>
        <identifiers>
          <bioguideId>G000577</bioguideId>
          <gpoId />
          <lisID>2245</lisID>
        </identifiers>
        <sponsorshipWithdrawnDate />
        <district>6</district>
        <middleName />
        <state>LA</state>
        <lastName>Graves</lastName>
        <sponsorshipDate>2018-01-11</sponsorshipDate>
        <isOriginalCosponsor>False</isOriginalCosponsor>
        <bioguideId>G000577</bioguideId>
        <fullName>Rep. Graves, Garret [R-LA-6]</fullName>
        <party>R</party>
      </item>
      <item>
        <firstName>Brian</firstName>
        <identifiers>
          <bioguideId>B001291</bioguideId>
          <gpoId />
          <lisID>2270</lisID>
        </identifiers>
        <sponsorshipWithdrawnDate />
        <district>36</district>
        <middleName />
        <state>TX</state>
        <lastName>Babin</lastName>
        <sponsorshipDate>2018-01-11</sponsorshipDate>
        <isOriginalCosponsor>False</isOriginalCosponsor>
        <bioguideId>B001291</bioguideId>
        <fullName>Rep. Babin, Brian [R-TX-36]</fullName>
        <party>R</party>
      </item>
      <item>
        <firstName>Clay</firstName>
        <identifiers>
          <lisID>2329</lisID>
          <gpoId />
          <bioguideId>H001077</bioguideId>
        </identifiers>
        <sponsorshipWithdrawnDate />
        <district>3</district>
        <middleName />
        <state>LA</state>
        <lastName>Higgins</lastName>
        <sponsorshipDate>2018-01-11</sponsorshipDate>
        <isOriginalCosponsor>False</isOriginalCosponsor>
        <bioguideId>H001077</bioguideId>
        <fullName>Rep. Higgins, Clay [R-LA-3]</fullName>
        <party>R</party>
      </item>
      <item>
        <firstName>GENE</firstName>
        <identifiers>
          <bioguideId>G000410</bioguideId>
          <lisID>462</lisID>
          <gpoId>8185</gpoId>
        </identifiers>
        <sponsorshipWithdrawnDate />
        <district>29</district>
        <middleName />
        <state>TX</state>
        <lastName>GREEN</lastName>
        <sponsorshipDate>2018-02-06</sponsorshipDate>
        <isOriginalCosponsor>False</isOriginalCosponsor>
        <bioguideId>G000410</bioguideId>
        <fullName>Rep. Green, Gene [D-TX-29]</fullName>
        <party>D</party>
      </item>
      <item>
        <firstName>Robert</firstName>
        <identifiers>
          <lisID>1886</lisID>
          <gpoId>8192</gpoId>
          <bioguideId>W000804</bioguideId>
        </identifiers>
        <sponsorshipWithdrawnDate />
        <district>1</district>
        <middleName>J.</middleName>
        <state>VA</state>
        <lastName>Wittman</lastName>
        <sponsorshipDate>2018-02-06</sponsorshipDate>
        <isOriginalCosponsor>False</isOriginalCosponsor>
        <bioguideId>W000804</bioguideId>
        <fullName>Rep. Wittman, Robert J. [R-VA-1]</fullName>
        <party>R</party>
      </item>
    </cosponsors>
    <laws />
    <congress>115</congress>
    <recordedVotes />
    <amendments />
    <committeeReports />
    <billType>HR</billType>
    <billNumber>200</billNumber>
    <updateDate>2018-03-30T13:58:26Z</updateDate>
    <originChamber>House</originChamber>
  </bill>
  <dublinCore xmlns:dc="http://purl.org/dc/elements/1.1/">
    <dc:format>text/xml</dc:format>
    <dc:language>EN</dc:language>
    <dc:rights>Pursuant to Title 17 Section 105 of the United States Code, this file is not subject to copyright protection and is in the public domain.</dc:rights>
    <dc:contributor>Congressional Research Service, Library of Congress</dc:contributor>
    <dc:description>This file contains bill summaries and statuses for federal legislation. A bill summary describes the most significant provisions of a piece of legislation and details the effects the legislative text may have on current law and federal programs. Bill summaries are authored by the Congressional Research Service (CRS) of the Library of Congress. As stated in Public Law 91-510 (2 USC 166 (d)(6)), one of the duties of CRS is "to prepare summaries and digests of bills and resolutions of a public general nature introduced in the Senate or House of Representatives". For more information, refer to the User Guide that accompanies this file.</dc:description>
  </dublinCore>
</billStatus>

