<?xml version="1.0" encoding="UTF-8"?>
<billStatus>
  <bill>
    <congress>115</congress>
    <billType>HR</billType>
    <originChamber>House</originChamber>
    <billNumber>639</billNumber>
    <notes />
    <cboCostEstimates />
    <version>1.0.0</version>
    <recordedVotes />
    <summaries>
      <billSummaries>
        <item>
          <actionDesc>Introduced in House</actionDesc>
          <name>Introduced in House</name>
          <versionCode>00</versionCode>
          <actionDate>2017-01-24</actionDate>
          <text><![CDATA[<p><strong>Electronic Notification Improvement Act of 2017</strong></p> <p>This bill amends the Immigration and Nationality Act to direct the Department of Homeland Security to provide electronic notification to any petitioner who submits a petition or payment of any fee pertaining to the importation of an H-2A visa alien (temporary agricultural worker) or an H-2B visa alien (temporary nonagricultural worker) upon receipt of such petition or payment. </p>]]></text>
          <lastSummaryUpdateDate>2017-07-12T15:30:40Z</lastSummaryUpdateDate>
          <updateDate>2017-01-24T05:00:00Z</updateDate>
        </item>
      </billSummaries>
    </summaries>
    <subjects>
      <billSubjects>
        <policyArea>
          <name>Immigration</name>
        </policyArea>
        <legislativeSubjects>
          <item>
            <name>Administrative remedies</name>
          </item>
          <item>
            <name>Foreign labor</name>
          </item>
          <item>
            <name>Government information and archives</name>
          </item>
          <item>
            <name>Immigration status and procedures</name>
          </item>
          <item>
            <name>Visas and passports</name>
          </item>
        </legislativeSubjects>
      </billSubjects>
    </subjects>
    <actions>
      <actionTypeCounts>
        <placeholderTextForH>1</placeholderTextForH>
        <introducedInHouse>1</introducedInHouse>
        <billReferrals>1</billReferrals>
        <introducedInTheHouse>1</introducedInTheHouse>
      </actionTypeCounts>
      <item>
        <actionDate>2017-02-08</actionDate>
        <committee>
          <systemCode>hsju01</systemCode>
          <name>Immigration and Border Security Subcommittee</name>
        </committee>
        <links />
        <sourceSystem>
          <code>1</code>
          <name>House committee actions</name>
        </sourceSystem>
        <text>Referred to the Subcommittee on Immigration and Border Security.</text>
        <type>Committee</type>
      </item>
      <item>
        <actionDate>2017-01-24</actionDate>
        <type>IntroReferral</type>
        <links />
        <committee>
          <systemCode>hsju00</systemCode>
          <name>Judiciary Committee</name>
        </committee>
        <actionCode>H11100</actionCode>
        <text>Referred to the House Committee on the Judiciary.</text>
        <sourceSystem>
          <code>2</code>
          <name>House floor actions</name>
        </sourceSystem>
      </item>
      <item>
        <actionDate>2017-01-24</actionDate>
        <type>IntroReferral</type>
        <links />
        <committee />
        <actionCode>Intro-H</actionCode>
        <text>Introduced in House</text>
        <sourceSystem>
          <code>9</code>
          <name>Library of Congress</name>
        </sourceSystem>
      </item>
      <item>
        <actionDate>2017-01-24</actionDate>
        <type>IntroReferral</type>
        <links />
        <committee />
        <actionCode>1000</actionCode>
        <text>Introduced in House</text>
        <sourceSystem>
          <code>9</code>
          <name>Library of Congress</name>
        </sourceSystem>
      </item>
      <actionByCounts>
        <houseOfRepresentatives>4</houseOfRepresentatives>
      </actionByCounts>
    </actions>
    <introducedDate>2017-01-24</introducedDate>
    <constitutionalAuthorityStatementText><![CDATA[<pre>From the Congressional Record Online through the Government Publishing Office [<a href='http://www.gpo.gov'>www.gpo.gov</a>]By Mr. ABRAHAM:H.R. 639.Congress has the power to enact this legislation pursuantto the following:Article 1, Section 8, Clause 3: to regulate commerce withforeign nations, and among the several states, and withIndian tribes.[Page H687]</pre>]]></constitutionalAuthorityStatementText>
    <titles>
      <item>
        <chamberName />
        <title>Electronic Notification Improvement Act of 2017</title>
        <chamberCode />
        <titleType>Short Titles as Introduced</titleType>
        <parentTitleType />
      </item>
      <item>
        <chamberName />
        <title>To amend the Immigration and Nationality Act to provide for electronic notification of H-2A and H-2B visa petitioners upon receipt of the petitions, and for other purposes.</title>
        <chamberCode />
        <titleType>Official Title as Introduced</titleType>
        <parentTitleType />
      </item>
      <item>
        <chamberName />
        <title>Electronic Notification Improvement Act of 2017</title>
        <chamberCode />
        <titleType>Display Title</titleType>
        <parentTitleType />
      </item>
      <item>
        <chamberName />
        <title>Electronic Notification Improvement Act of 2017</title>
        <chamberCode />
        <titleType>(Extracted from GPO) Short Titles as Introduced</titleType>
        <parentTitleType />
      </item>
    </titles>
    <cosponsors>
      <item>
        <state>AZ</state>
        <middleName />
        <fullName>Rep. Franks, Trent [R-AZ-8]</fullName>
        <sponsorshipDate>2017-02-03</sponsorshipDate>
        <firstName>Trent</firstName>
        <sponsorshipWithdrawnDate />
        <bioguideId>F000448</bioguideId>
        <lastName>Franks</lastName>
        <district>8</district>
        <party>R</party>
        <isOriginalCosponsor>False</isOriginalCosponsor>
        <identifiers>
          <gpoId>7799</gpoId>
          <bioguideId>F000448</bioguideId>
          <lisID>1707</lisID>
        </identifiers>
      </item>
      <item>
        <state>AR</state>
        <middleName>A. "Rick"</middleName>
        <fullName>Rep. Crawford, Eric A. "Rick" [R-AR-1]</fullName>
        <sponsorshipDate>2017-02-03</sponsorshipDate>
        <firstName>Eric</firstName>
        <sponsorshipWithdrawnDate />
        <bioguideId>C001087</bioguideId>
        <lastName>Crawford</lastName>
        <district>1</district>
        <party>R</party>
        <isOriginalCosponsor>False</isOriginalCosponsor>
        <identifiers>
          <bioguideId>C001087</bioguideId>
          <gpoId>7793</gpoId>
          <lisID>1989</lisID>
        </identifiers>
      </item>
      <item>
        <state>MO</state>
        <middleName />
        <fullName>Rep. Wagner, Ann [R-MO-2]</fullName>
        <sponsorshipDate>2017-02-03</sponsorshipDate>
        <firstName>Ann</firstName>
        <sponsorshipWithdrawnDate />
        <bioguideId>W000812</bioguideId>
        <lastName>Wagner</lastName>
        <district>2</district>
        <party>R</party>
        <isOriginalCosponsor>False</isOriginalCosponsor>
        <identifiers>
          <lisID>2137</lisID>
          <gpoId />
          <bioguideId>W000812</bioguideId>
        </identifiers>
      </item>
      <item>
        <state>KS</state>
        <middleName>W.</middleName>
        <fullName>Rep. Marshall, Roger W. [R-KS-1]</fullName>
        <sponsorshipDate>2017-02-03</sponsorshipDate>
        <firstName>Roger</firstName>
        <sponsorshipWithdrawnDate />
        <bioguideId>M001198</bioguideId>
        <lastName>Marshall</lastName>
        <district>1</district>
        <party>R</party>
        <isOriginalCosponsor>False</isOriginalCosponsor>
        <identifiers>
          <gpoId />
          <lisID>2328</lisID>
          <bioguideId>M001198</bioguideId>
        </identifiers>
      </item>
      <item>
        <state>PA</state>
        <middleName>W.</middleName>
        <fullName>Rep. Dent, Charles W. [R-PA-15]</fullName>
        <sponsorshipDate>2017-02-03</sponsorshipDate>
        <firstName>Charles</firstName>
        <sponsorshipWithdrawnDate />
        <bioguideId>D000604</bioguideId>
        <lastName>Dent</lastName>
        <district>15</district>
        <party>R</party>
        <isOriginalCosponsor>False</isOriginalCosponsor>
        <identifiers>
          <gpoId>8133</gpoId>
          <lisID>1799</lisID>
          <bioguideId>D000604</bioguideId>
        </identifiers>
      </item>
      <item>
        <state>WA</state>
        <middleName />
        <fullName>Rep. Newhouse, Dan [R-WA-4]</fullName>
        <sponsorshipDate>2017-02-03</sponsorshipDate>
        <firstName>Dan</firstName>
        <sponsorshipWithdrawnDate />
        <bioguideId>N000189</bioguideId>
        <lastName>Newhouse</lastName>
        <district>4</district>
        <party>R</party>
        <isOriginalCosponsor>False</isOriginalCosponsor>
        <identifiers>
          <lisID>2275</lisID>
          <gpoId />
          <bioguideId>N000189</bioguideId>
        </identifiers>
      </item>
      <item>
        <state>SD</state>
        <middleName>L.</middleName>
        <fullName>Rep. Noem, Kristi L. [R-SD-At Large]</fullName>
        <sponsorshipDate>2017-02-03</sponsorshipDate>
        <firstName>Kristi</firstName>
        <sponsorshipWithdrawnDate />
        <bioguideId>N000184</bioguideId>
        <lastName>Noem</lastName>
        <district>0</district>
        <party>R</party>
        <isOriginalCosponsor>False</isOriginalCosponsor>
        <identifiers>
          <lisID>2060</lisID>
          <gpoId>8147</gpoId>
          <bioguideId>N000184</bioguideId>
        </identifiers>
      </item>
      <item>
        <state>FL</state>
        <middleName>S.</middleName>
        <fullName>Rep. Yoho, Ted S. [R-FL-3]</fullName>
        <sponsorshipDate>2017-02-07</sponsorshipDate>
        <firstName>Ted</firstName>
        <sponsorshipWithdrawnDate />
        <bioguideId>Y000065</bioguideId>
        <lastName>Yoho</lastName>
        <district>3</district>
        <party>R</party>
        <isOriginalCosponsor>False</isOriginalCosponsor>
        <identifiers>
          <lisID>2115</lisID>
          <gpoId />
          <bioguideId>Y000065</bioguideId>
        </identifiers>
      </item>
      <item>
        <state>NY</state>
        <middleName />
        <fullName>Rep. Collins, Chris [R-NY-27]</fullName>
        <sponsorshipDate>2017-02-07</sponsorshipDate>
        <firstName>Chris</firstName>
        <sponsorshipWithdrawnDate />
        <bioguideId>C001092</bioguideId>
        <lastName>Collins</lastName>
        <district>27</district>
        <party>R</party>
        <isOriginalCosponsor>False</isOriginalCosponsor>
        <identifiers>
          <lisID>2151</lisID>
          <gpoId />
          <bioguideId>C001092</bioguideId>
        </identifiers>
      </item>
      <item>
        <state>SC</state>
        <middleName />
        <fullName>Rep. Rice, Tom [R-SC-7]</fullName>
        <sponsorshipDate>2017-02-16</sponsorshipDate>
        <firstName>Tom</firstName>
        <sponsorshipWithdrawnDate />
        <bioguideId>R000597</bioguideId>
        <lastName>Rice</lastName>
        <district>7</district>
        <party>R</party>
        <isOriginalCosponsor>False</isOriginalCosponsor>
        <identifiers>
          <lisID>2160</lisID>
          <gpoId />
          <bioguideId>R000597</bioguideId>
        </identifiers>
      </item>
      <item>
        <state>OH</state>
        <middleName />
        <fullName>Rep. Gibbs, Bob [R-OH-7]</fullName>
        <sponsorshipDate>2017-02-28</sponsorshipDate>
        <firstName>Bob</firstName>
        <sponsorshipWithdrawnDate />
        <bioguideId>G000563</bioguideId>
        <lastName>Gibbs</lastName>
        <district>7</district>
        <party>R</party>
        <isOriginalCosponsor>False</isOriginalCosponsor>
        <identifiers>
          <lisID>2049</lisID>
          <gpoId>8108</gpoId>
          <bioguideId>G000563</bioguideId>
        </identifiers>
      </item>
      <item>
        <state>MD</state>
        <middleName />
        <fullName>Rep. Harris, Andy [R-MD-1]</fullName>
        <sponsorshipDate>2017-03-02</sponsorshipDate>
        <firstName>Andy</firstName>
        <sponsorshipWithdrawnDate />
        <bioguideId>H001052</bioguideId>
        <lastName>Harris</lastName>
        <district>1</district>
        <party>R</party>
        <isOriginalCosponsor>False</isOriginalCosponsor>
        <identifiers>
          <bioguideId>H001052</bioguideId>
          <gpoId>7976</gpoId>
          <lisID>2026</lisID>
        </identifiers>
      </item>
      <item>
        <state>MI</state>
        <middleName />
        <fullName>Rep. Upton, Fred [R-MI-6]</fullName>
        <sponsorshipDate>2017-03-16</sponsorshipDate>
        <firstName>FRED</firstName>
        <sponsorshipWithdrawnDate />
        <bioguideId>U000031</bioguideId>
        <lastName>UPTON</lastName>
        <district>6</district>
        <party>R</party>
        <isOriginalCosponsor>False</isOriginalCosponsor>
        <identifiers>
          <lisID>1177</lisID>
          <gpoId>7991</gpoId>
          <bioguideId>U000031</bioguideId>
        </identifiers>
      </item>
      <item>
        <state>VA</state>
        <middleName />
        <fullName>Rep. Comstock, Barbara [R-VA-10]</fullName>
        <sponsorshipDate>2017-04-25</sponsorshipDate>
        <firstName>Barbara</firstName>
        <sponsorshipWithdrawnDate />
        <bioguideId>C001105</bioguideId>
        <lastName>Comstock</lastName>
        <district>10</district>
        <party>R</party>
        <isOriginalCosponsor>False</isOriginalCosponsor>
        <identifiers>
          <lisID>2273</lisID>
          <gpoId />
          <bioguideId>C001105</bioguideId>
        </identifiers>
      </item>
    </cosponsors>
    <laws />
    <calendarNumbers />
    <committeeReports />
    <latestAction>
      <links />
      <text>Referred to the Subcommittee on Immigration and Border Security.</text>
      <actionDate>2017-02-08</actionDate>
    </latestAction>
    <title>Electronic Notification Improvement Act of 2017</title>
    <createDate>2017-01-25T04:45:55Z</createDate>
    <sponsors>
      <item>
        <lastName>Abraham</lastName>
        <byRequestType />
        <middleName>Lee</middleName>
        <bioguideId>A000374</bioguideId>
        <firstName>Ralph</firstName>
        <state>LA</state>
        <fullName>Rep. Abraham, Ralph Lee [R-LA-5]</fullName>
        <identifiers>
          <gpoId />
          <lisID>2244</lisID>
          <bioguideId>A000374</bioguideId>
        </identifiers>
        <party>R</party>
        <district>5</district>
      </item>
    </sponsors>
    <updateDate>2018-03-30T14:00:38Z</updateDate>
    <relatedBills />
    <committees>
      <billCommittees>
        <item>
          <systemCode>hsju00</systemCode>
          <subcommittees>
            <item>
              <name>Immigration and Border Security Subcommittee</name>
              <systemCode>hsju01</systemCode>
              <activities>
                <item>
                  <date>2017-02-08T21:36:50Z</date>
                  <name>Referred to</name>
                </item>
              </activities>
            </item>
          </subcommittees>
          <name>Judiciary Committee</name>
          <type>Standing</type>
          <chamber>House</chamber>
          <activities>
            <item>
              <date>2017-01-24T15:00:32Z</date>
              <name>Referred to</name>
            </item>
          </activities>
        </item>
      </billCommittees>
    </committees>
    <policyArea>
      <name>Immigration</name>
    </policyArea>
    <amendments />
  </bill>
  <dublinCore xmlns:dc="http://purl.org/dc/elements/1.1/">
    <dc:format>text/xml</dc:format>
    <dc:language>EN</dc:language>
    <dc:rights>Pursuant to Title 17 Section 105 of the United States Code, this file is not subject to copyright protection and is in the public domain.</dc:rights>
    <dc:contributor>Congressional Research Service, Library of Congress</dc:contributor>
    <dc:description>This file contains bill summaries and statuses for federal legislation. A bill summary describes the most significant provisions of a piece of legislation and details the effects the legislative text may have on current law and federal programs. Bill summaries are authored by the Congressional Research Service (CRS) of the Library of Congress. As stated in Public Law 91-510 (2 USC 166 (d)(6)), one of the duties of CRS is "to prepare summaries and digests of bills and resolutions of a public general nature introduced in the Senate or House of Representatives". For more information, refer to the User Guide that accompanies this file.</dc:description>
  </dublinCore>
</billStatus>

