<?xml version="1.0" encoding="UTF-8"?>
<billStatus>
  <bill>
    <introducedDate>2017-01-05</introducedDate>
    <billType>HR</billType>
    <summaries>
      <billSummaries>
        <item>
          <versionCode>00</versionCode>
          <text><![CDATA[<p> <b>Energy Efficient Government Technology Act </b></p> <p>This bill amends the Energy Independence and Security Act of 2007 to require each federal agency to coordinate with the Office of Management and Budget, the Department of Energy (DOE), and the Environmental Protection Agency to develop an implementation strategy for the maintenance, purchase, and use of energy-efficient and energy-saving information technologies.</p> <p>DOE must: (1) maintain a data center energy practitioner program that leads to the certification of energy practitioners qualified to evaluate the energy usage and efficiency opportunities in federal data centers; and (2) establish an open data initiative to make information about federal data center energy usage available and accessible in a manner that encourages data center innovation, optimization, and consolidation.</p>]]></text>
          <updateDate>2017-01-05T05:00:00Z</updateDate>
          <actionDate>2017-01-05</actionDate>
          <lastSummaryUpdateDate>2017-01-11T21:16:13Z</lastSummaryUpdateDate>
          <name>Introduced in House</name>
          <actionDesc>Introduced in House</actionDesc>
        </item>
        <item>
          <versionCode>81</versionCode>
          <text><![CDATA[<p>(This measure has not been amended since it was introduced. The summary has been expanded because action occurred on the measure.)</p> <p><b>Energy Efficient Government Technology Act </b></p> <p>(Sec. 2) This bill amends the Energy Independence and Security Act of 2007 by requiring each federal agency to coordinate with the Office of Management and Budget (OMB), the Department of Energy (DOE), and the Environmental Protection Agency to develop an implementation strategy for the maintenance, purchase, and use by the agency of energy-efficient and energy-saving information technologies. The OMB must establish performance goals for evaluating the efforts of agencies in improving the maintenance, purchase, and use of the technology. The executive branch's Chief Information Officers Council must recommend best practices for attaining the performance goals, including consideration of the use of energy savings performance and utility energy services contracting.</p> <p>Agencies must include in their annual government efficiency status reports a description of those energy-saving efforts and their results, and the OMB must begin to include in its annual government efficiency report a description of agencies' efforts and results.</p> <p>(Sec. 3) DOE must make available to the public an update to the Report to Congress on Server and Data Center Energy Efficiency published on August 2, 2007, that includes evaluations of: (1) the impact of the combination of cloud platforms, mobile devices, social media, and big data on data center energy usage; and (2) water usage in data centers. </p> <p>In collaboration with key stakeholders and the OMB, DOE must also: (1) maintain a data center energy practitioner program that leads to the certification of energy practitioners qualified to evaluate the energy usage and efficiency opportunities in federal data centers; and (2) establish an open data initiative to make information about federal data center energy usage available and accessible while encouraging data center innovation, optimization, and consolidation.</p> <p>In collaboration with key stakeholders, DOE must: (1) participate in efforts to harmonize global specifications and metrics for data center energy and water efficiency, and (2) facilitate the development of a metric for data center energy efficiency.</p>]]></text>
          <updateDate>2017-01-10T14:36:27Z</updateDate>
          <actionDate>2017-01-10</actionDate>
          <lastSummaryUpdateDate>2017-01-17T19:55:12Z</lastSummaryUpdateDate>
          <name>Passed House without amendment</name>
          <actionDesc>Passed House without amendment</actionDesc>
        </item>
      </billSummaries>
    </summaries>
    <cboCostEstimates />
    <policyArea>
      <name>Energy</name>
    </policyArea>
    <calendarNumbers />
    <relatedBills>
      <item>
        <relationshipDetails>
          <item>
            <type>Related bill</type>
            <identifiedBy>CRS</identifiedBy>
          </item>
        </relationshipDetails>
        <latestAction>
          <actionDate>2017-09-19</actionDate>
          <text>Committee on Energy and Natural Resources. Hearings held.</text>
        </latestAction>
        <number>1460</number>
        <congress>115</congress>
        <type>S</type>
        <latestTitle>Energy and Natural Resources Act of 2017</latestTitle>
      </item>
    </relatedBills>
    <originChamber>House</originChamber>
    <amendments />
    <titles>
      <item>
        <chamberCode>H</chamberCode>
        <parentTitleType>Short Titles House of Representatives</parentTitleType>
        <titleType>Short Titles as Passed House</titleType>
        <title>Energy Efficient Government Technology Act</title>
        <chamberName>House</chamberName>
      </item>
      <item>
        <chamberCode />
        <parentTitleType />
        <titleType>Short Titles as Introduced</titleType>
        <title>Energy Efficient Government Technology Act</title>
        <chamberName />
      </item>
      <item>
        <chamberCode />
        <parentTitleType />
        <titleType>Official Title as Introduced</titleType>
        <title>To amend the Energy Independence and Security Act of 2007 to promote energy efficiency via information and computing technologies, and for other purposes.</title>
        <chamberName />
      </item>
      <item>
        <chamberCode />
        <parentTitleType />
        <titleType>Display Title</titleType>
        <title>Energy Efficient Government Technology Act</title>
        <chamberName />
      </item>
      <item>
        <chamberCode>H</chamberCode>
        <parentTitleType />
        <titleType>(Extracted from GPO) Short Titles as Passed House</titleType>
        <title>Energy Efficient Government Technology Act</title>
        <chamberName>House</chamberName>
      </item>
      <item>
        <chamberCode />
        <parentTitleType />
        <titleType>(Extracted from GPO) Short Titles as Introduced</titleType>
        <title>Energy Efficient Government Technology Act</title>
        <chamberName />
      </item>
    </titles>
    <createDate>2017-01-06T04:57:26Z</createDate>
    <constitutionalAuthorityStatementText><![CDATA[<pre>From the Congressional Record Online through the Government Publishing Office [<a href='http://www.gpo.gov'>www.gpo.gov</a>]By Ms. ESHOO:H.R. 306.Congress has the power to enact this legislation pursuantto the following:Article I, Section 8 and Article IV, Section 3 of theConstitution.[Page H182]</pre>]]></constitutionalAuthorityStatementText>
    <actions>
      <item>
        <actionDate>2017-01-11</actionDate>
        <committee>
          <name>Energy and Natural Resources Committee</name>
          <systemCode>sseg00</systemCode>
        </committee>
        <links />
        <sourceSystem>
          <code>0</code>
          <name>Senate</name>
        </sourceSystem>
        <text>Received in the Senate and Read twice and referred to the Committee on Energy and Natural Resources.</text>
        <type>IntroReferral</type>
      </item>
      <item>
        <actionDate>2017-01-10</actionDate>
        <text>Motion to reconsider laid on the table Agreed to without objection.</text>
        <links />
        <committee />
        <sourceSystem>
          <code>2</code>
          <name>House floor actions</name>
        </sourceSystem>
        <actionCode>H38310</actionCode>
        <actionTime>15:27:43</actionTime>
        <type>Floor</type>
      </item>
      <item>
        <actionDate>2017-01-10</actionDate>
        <text>On motion to suspend the rules and pass the bill Agreed to by voice vote. (text: CR H266-267)</text>
        <links>
          <link>
            <name>H266-267</name>
            <url>https://www.congress.gov/congressional-record/volume-163/house-section/page/H266-267</url>
          </link>
        </links>
        <committee />
        <sourceSystem>
          <code>2</code>
          <name>House floor actions</name>
        </sourceSystem>
        <actionCode>H37300</actionCode>
        <actionTime>15:27:41</actionTime>
        <type>Floor</type>
      </item>
      <item>
        <actionDate>2017-01-10</actionDate>
        <text>Passed/agreed to in House: On motion to suspend the rules and pass the bill Agreed to by voice vote.(text: CR H266-267)</text>
        <links>
          <link>
            <name>H266-267</name>
            <url>https://www.congress.gov/congressional-record/volume-163/house-section/page/H266-267</url>
          </link>
        </links>
        <committee />
        <sourceSystem>
          <code>9</code>
          <name>Library of Congress</name>
        </sourceSystem>
        <actionCode>8000</actionCode>
        <actionTime>15:27:41</actionTime>
        <type>Floor</type>
      </item>
      <item>
        <actionDate>2017-01-10</actionDate>
        <text>DEBATE - The House proceeded with forty minutes of debate on H.R. 306.</text>
        <links>
          <link>
            <name>H.R. 306</name>
            <url>https://www.congress.gov/bill/115th-congress/house-bill/306</url>
          </link>
        </links>
        <committee />
        <sourceSystem>
          <code>2</code>
          <name>House floor actions</name>
        </sourceSystem>
        <actionCode>H8D000</actionCode>
        <actionTime>15:17:39</actionTime>
        <type>Floor</type>
      </item>
      <item>
        <actionDate>2017-01-10</actionDate>
        <text>Considered under suspension of the rules. (consideration: CR H266-268)</text>
        <links>
          <link>
            <name>H266-268</name>
            <url>https://www.congress.gov/congressional-record/volume-163/house-section/page/H266-268</url>
          </link>
        </links>
        <committee />
        <sourceSystem>
          <code>2</code>
          <name>House floor actions</name>
        </sourceSystem>
        <actionCode>H30000</actionCode>
        <actionTime>15:17:37</actionTime>
        <type>Floor</type>
      </item>
      <item>
        <actionDate>2017-01-10</actionDate>
        <text>Mr. Olson moved to suspend the rules and pass the bill.</text>
        <links />
        <committee />
        <sourceSystem>
          <code>2</code>
          <name>House floor actions</name>
        </sourceSystem>
        <actionCode>H30300</actionCode>
        <actionTime>15:17:29</actionTime>
        <type>Floor</type>
      </item>
      <item>
        <actionDate>2017-01-05</actionDate>
        <text>Referred to the House Committee on Energy and Commerce.</text>
        <links />
        <committee>
          <name>Energy and Commerce Committee</name>
          <systemCode>hsif00</systemCode>
        </committee>
        <sourceSystem>
          <code>2</code>
          <name>House floor actions</name>
        </sourceSystem>
        <actionCode>H11100</actionCode>
        <type>IntroReferral</type>
      </item>
      <item>
        <actionDate>2017-01-05</actionDate>
        <text>Introduced in House</text>
        <links />
        <committee />
        <sourceSystem>
          <code>9</code>
          <name>Library of Congress</name>
        </sourceSystem>
        <actionCode>Intro-H</actionCode>
        <type>IntroReferral</type>
      </item>
      <item>
        <actionDate>2017-01-05</actionDate>
        <text>Introduced in House</text>
        <links />
        <committee />
        <sourceSystem>
          <code>9</code>
          <name>Library of Congress</name>
        </sourceSystem>
        <actionCode>1000</actionCode>
        <type>IntroReferral</type>
      </item>
      <actionTypeCounts>
        <referredToCommittee>1</referredToCommittee>
        <considerationByHouse>1</considerationByHouse>
        <generalDebate>1</generalDebate>
        <billReferrals>1</billReferrals>
        <motionToReconsiderResults>1</motionToReconsiderResults>
        <finalPassageUnderSuspensionOfTheRulesResults>1</finalPassageUnderSuspensionOfTheRulesResults>
        <motionMadeToSuspendTheRules>1</motionMadeToSuspendTheRules>
        <passedAgreedToInHouse>1</passedAgreedToInHouse>
        <introducedInHouse>1</introducedInHouse>
        <introducedInTheHouse>1</introducedInTheHouse>
      </actionTypeCounts>
      <actionByCounts>
        <senate>1</senate>
        <houseOfRepresentatives>9</houseOfRepresentatives>
      </actionByCounts>
    </actions>
    <laws />
    <version>1.0.0</version>
    <cosponsors>
      <item>
        <lastName>Kinzinger</lastName>
        <bioguideId>K000378</bioguideId>
        <state>IL</state>
        <sponsorshipDate>2017-01-05</sponsorshipDate>
        <fullName>Rep. Kinzinger, Adam [R-IL-16]</fullName>
        <identifiers>
          <lisID>2014</lisID>
          <gpoId>7931</gpoId>
          <bioguideId>K000378</bioguideId>
        </identifiers>
        <middleName />
        <sponsorshipWithdrawnDate />
        <firstName>Adam</firstName>
        <isOriginalCosponsor>True</isOriginalCosponsor>
        <party>R</party>
        <district>16</district>
      </item>
    </cosponsors>
    <billNumber>306</billNumber>
    <committeeReports />
    <notes />
    <latestAction>
      <actionDate>2017-01-11</actionDate>
      <text>Received in the Senate and Read twice and referred to the Committee on Energy and Natural Resources.</text>
      <links />
    </latestAction>
    <committees>
      <billCommittees>
        <item>
          <chamber>Senate</chamber>
          <name>Energy and Natural Resources Committee</name>
          <subcommittees />
          <activities>
            <item>
              <name>Referred to</name>
              <date>2017-01-11T18:24:00Z</date>
            </item>
          </activities>
          <type>Standing</type>
          <systemCode>sseg00</systemCode>
        </item>
        <item>
          <chamber>House</chamber>
          <name>Energy and Commerce Committee</name>
          <subcommittees />
          <activities>
            <item>
              <name>Referred to</name>
              <date>2017-01-05T15:04:10Z</date>
            </item>
          </activities>
          <type>Standing</type>
          <systemCode>hsif00</systemCode>
        </item>
      </billCommittees>
    </committees>
    <updateDate>2018-03-30T13:59:00Z</updateDate>
    <title>Energy Efficient Government Technology Act</title>
    <sponsors>
      <item>
        <fullName>Rep. Eshoo, Anna G. [D-CA-18]</fullName>
        <state>CA</state>
        <lastName>ESHOO</lastName>
        <bioguideId>E000215</bioguideId>
        <district>18</district>
        <middleName>G.</middleName>
        <byRequestType />
        <party>D</party>
        <identifiers>
          <lisID>355</lisID>
          <gpoId>7819</gpoId>
          <bioguideId>E000215</bioguideId>
        </identifiers>
        <firstName>ANNA</firstName>
      </item>
    </sponsors>
    <congress>115</congress>
    <recordedVotes />
    <subjects>
      <billSubjects>
        <policyArea>
          <name>Energy</name>
        </policyArea>
        <legislativeSubjects>
          <item>
            <name>Computers and information technology</name>
          </item>
          <item>
            <name>Energy efficiency and conservation</name>
          </item>
          <item>
            <name>Environmental technology</name>
          </item>
          <item>
            <name>Government buildings, facilities, and property</name>
          </item>
          <item>
            <name>Government information and archives</name>
          </item>
          <item>
            <name>Government studies and investigations</name>
          </item>
          <item>
            <name>Performance measurement</name>
          </item>
          <item>
            <name>Public contracts and procurement</name>
          </item>
          <item>
            <name>Telephone and wireless communication</name>
          </item>
          <item>
            <name>Water use and supply</name>
          </item>
        </legislativeSubjects>
      </billSubjects>
    </subjects>
  </bill>
  <dublinCore xmlns:dc="http://purl.org/dc/elements/1.1/">
    <dc:format>text/xml</dc:format>
    <dc:language>EN</dc:language>
    <dc:rights>Pursuant to Title 17 Section 105 of the United States Code, this file is not subject to copyright protection and is in the public domain.</dc:rights>
    <dc:contributor>Congressional Research Service, Library of Congress</dc:contributor>
    <dc:description>This file contains bill summaries and statuses for federal legislation. A bill summary describes the most significant provisions of a piece of legislation and details the effects the legislative text may have on current law and federal programs. Bill summaries are authored by the Congressional Research Service (CRS) of the Library of Congress. As stated in Public Law 91-510 (2 USC 166 (d)(6)), one of the duties of CRS is "to prepare summaries and digests of bills and resolutions of a public general nature introduced in the Senate or House of Representatives". For more information, refer to the User Guide that accompanies this file.</dc:description>
  </dublinCore>
</billStatus>

