<?xml version="1.0" encoding="UTF-8"?>
<billStatus>
  <bill>
    <introducedDate>2017-11-06</introducedDate>
    <billType>HR</billType>
    <summaries>
      <billSummaries />
    </summaries>
    <cboCostEstimates>
      <item>
        <title>H.R. 4258, Family Self-Sufficiency Act</title>
        <pubDate>2017-12-11T21:00:29Z</pubDate>
        <url>https://www.cbo.gov/publication/53398</url>
      </item>
    </cboCostEstimates>
    <policyArea>
      <name>Housing and Community Development</name>
    </policyArea>
    <calendarNumbers>
      <item>
        <number />
        <calendar>U00344</calendar>
      </item>
    </calendarNumbers>
    <relatedBills>
      <item>
        <relationshipDetails>
          <item>
            <type>Related bill</type>
            <identifiedBy>CRS</identifiedBy>
          </item>
        </relationshipDetails>
        <latestAction>
          <actionDate>2018-03-22</actionDate>
          <text>Committee on Banking, Housing, and Urban Affairs. Hearings held.</text>
        </latestAction>
        <number>2155</number>
        <congress>115</congress>
        <type>S</type>
        <latestTitle>Economic Growth, Regulatory Relief, and Consumer Protection Act</latestTitle>
      </item>
      <item>
        <relationshipDetails>
          <item>
            <type>Related bill</type>
            <identifiedBy>CRS</identifiedBy>
          </item>
        </relationshipDetails>
        <latestAction>
          <actionDate>2017-06-13</actionDate>
          <text>Read twice and referred to the Committee on Banking, Housing, and Urban Affairs.</text>
        </latestAction>
        <number>1344</number>
        <congress>115</congress>
        <type>S</type>
        <latestTitle>Family Self-Sufficiency Act</latestTitle>
      </item>
    </relatedBills>
    <originChamber>House</originChamber>
    <amendments />
    <titles>
      <item>
        <chamberCode>H</chamberCode>
        <titleType>Short Titles as Passed House</titleType>
        <title>Family Self-Sufficiency Act</title>
        <parentTitleType>Short Titles House of Representatives</parentTitleType>
        <chamberName>House</chamberName>
      </item>
      <item>
        <chamberCode>H</chamberCode>
        <titleType>Short Titles as Reported to House</titleType>
        <title>Family Self-Sufficiency Act</title>
        <parentTitleType>Short Titles House of Representatives</parentTitleType>
        <chamberName>House</chamberName>
      </item>
      <item>
        <chamberCode />
        <titleType>Short Titles as Introduced</titleType>
        <title>Family Self-Sufficiency Act</title>
        <parentTitleType />
        <chamberName />
      </item>
      <item>
        <chamberCode />
        <titleType>Official Title as Introduced</titleType>
        <title>To promote the development of local strategies to coordinate use of assistance under sections 8 and 9 of the United States Housing Act of 1937 with public and private resources, to enable eligible families to achieve economic independence and self-sufficiency, and for other purposes.</title>
        <parentTitleType />
        <chamberName />
      </item>
      <item>
        <chamberCode />
        <titleType>Display Title</titleType>
        <title>Family Self-Sufficiency Act</title>
        <parentTitleType />
        <chamberName />
      </item>
      <item>
        <chamberCode>H</chamberCode>
        <titleType>(Extracted from GPO) Short Titles as Passed House</titleType>
        <title>Family Self-Sufficiency Act</title>
        <parentTitleType />
        <chamberName>House</chamberName>
      </item>
      <item>
        <chamberCode>H</chamberCode>
        <titleType>(Extracted from GPO) Short Titles as Reported to House</titleType>
        <title>Family Self-Sufficiency Act</title>
        <parentTitleType />
        <chamberName>House</chamberName>
      </item>
      <item>
        <chamberCode />
        <titleType>(Extracted from GPO) Short Titles as Introduced</titleType>
        <title>Family Self-Sufficiency Act</title>
        <parentTitleType />
        <chamberName />
      </item>
    </titles>
    <createDate>2017-11-07T03:11:17Z</createDate>
    <constitutionalAuthorityStatementText><![CDATA[<pre>[Congressional Record Volume 163, Number 180 (Monday, November 6, 2017)]From the Congressional Record Online through the Government Publishing Office [<a href='http://www.gpo.gov'>www.gpo.gov</a>]By Mr. DUFFY:H.R. 4258.Congress has the power to enact this legislation pursuantto the following:Article I, section 8, clause 1 (relating to the generalwelfare of the United States); and Article I, section 8,clause 3 (relating to the power to regulate interstatecommerce).[Page H8522]</pre>]]></constitutionalAuthorityStatementText>
    <actions>
      <item>
        <actionDate>2018-01-18</actionDate>
        <committee>
          <systemCode>ssbk00</systemCode>
          <name>Banking, Housing, and Urban Affairs Committee</name>
        </committee>
        <links />
        <sourceSystem>
          <code>0</code>
          <name>Senate</name>
        </sourceSystem>
        <text>Received in the Senate and Read twice and referred to the Committee on Banking, Housing, and Urban Affairs.</text>
        <type>IntroReferral</type>
      </item>
      <item>
        <committee />
        <text>Motion to reconsider laid on the table Agreed to without objection.</text>
        <actionTime>13:56:02</actionTime>
        <actionDate>2018-01-17</actionDate>
        <actionCode>H38310</actionCode>
        <links />
        <type>Floor</type>
        <sourceSystem>
          <code>2</code>
          <name>House floor actions</name>
        </sourceSystem>
      </item>
      <item>
        <committee />
        <text>On motion to suspend the rules and pass the bill, as amended Agreed to by the Yeas and Nays: (2/3 required): 412 - 5 (Roll no. 22). (text: CR 1/16/2018 H178-180)</text>
        <actionTime>13:56:01</actionTime>
        <actionDate>2018-01-17</actionDate>
        <actionCode>H37300</actionCode>
        <links>
          <link>
            <url>https://www.congress.gov/congressional-record/volume-164/house-section/page/H178</url>
            <name>CR 1/16/2018 H178</name>
          </link>
          <link>
            <url>http://clerk.house.gov/evs/2018/roll022.xml</url>
            <name>Roll no. 22</name>
          </link>
        </links>
        <type>Floor</type>
        <sourceSystem>
          <code>2</code>
          <name>House floor actions</name>
        </sourceSystem>
      </item>
      <item>
        <committee />
        <text>Passed/agreed to in House: On motion to suspend the rules and pass the bill, as amended Agreed to by the Yeas and Nays: (2/3 required): 412 - 5 (Roll no. 22).(text: CR 1/16/2018 H178-180)</text>
        <actionTime>13:56:01</actionTime>
        <actionDate>2018-01-17</actionDate>
        <actionCode>8000</actionCode>
        <links>
          <link>
            <url>https://www.congress.gov/congressional-record/volume-164/house-section/page/H178</url>
            <name>CR 1/16/2018 H178</name>
          </link>
          <link>
            <url>http://clerk.house.gov/evs/2018/roll022.xml</url>
            <name>Roll no. 22</name>
          </link>
        </links>
        <type>Floor</type>
        <sourceSystem>
          <code>9</code>
          <name>Library of Congress</name>
        </sourceSystem>
      </item>
      <item>
        <committee />
        <text>Considered as unfinished business. (consideration: CR H429-430)</text>
        <actionTime>13:46:36</actionTime>
        <actionDate>2018-01-17</actionDate>
        <actionCode>H30000</actionCode>
        <links>
          <link>
            <url>https://www.congress.gov/congressional-record/volume-164/house-section/page/H429-430</url>
            <name>H429-430</name>
          </link>
        </links>
        <type>Floor</type>
        <sourceSystem>
          <code>2</code>
          <name>House floor actions</name>
        </sourceSystem>
      </item>
      <item>
        <committee />
        <text>At the conclusion of debate, the Yeas and Nays were demanded and ordered. Pursuant to the provisions of clause 8, rule XX, the Chair announced that further proceedings on the motion would be postponed.</text>
        <actionTime>16:31:40</actionTime>
        <actionDate>2018-01-16</actionDate>
        <actionCode>H37220</actionCode>
        <links />
        <type>Floor</type>
        <sourceSystem>
          <code>2</code>
          <name>House floor actions</name>
        </sourceSystem>
      </item>
      <item>
        <committee />
        <text>DEBATE - The House proceeded with forty minutes of debate on H.R. 4258.</text>
        <actionTime>16:17:55</actionTime>
        <actionDate>2018-01-16</actionDate>
        <actionCode>H8D000</actionCode>
        <links>
          <link>
            <url>https://www.congress.gov/bill/115th-congress/house-bill/4258</url>
            <name>H.R. 4258</name>
          </link>
        </links>
        <type>Floor</type>
        <sourceSystem>
          <code>2</code>
          <name>House floor actions</name>
        </sourceSystem>
      </item>
      <item>
        <committee />
        <text>Considered under suspension of the rules. (consideration: CR H178-181)</text>
        <actionTime>16:17:52</actionTime>
        <actionDate>2018-01-16</actionDate>
        <actionCode>H30000</actionCode>
        <links>
          <link>
            <url>https://www.congress.gov/congressional-record/volume-164/house-section/page/H178-181</url>
            <name>H178-181</name>
          </link>
        </links>
        <type>Floor</type>
        <sourceSystem>
          <code>2</code>
          <name>House floor actions</name>
        </sourceSystem>
      </item>
      <item>
        <committee />
        <text>Mr. Duffy moved to suspend the rules and pass the bill, as amended.</text>
        <actionTime>16:17:33</actionTime>
        <actionDate>2018-01-16</actionDate>
        <actionCode>H30300</actionCode>
        <links />
        <type>Floor</type>
        <sourceSystem>
          <code>2</code>
          <name>House floor actions</name>
        </sourceSystem>
      </item>
      <item>
        <committee />
        <text>Placed on the Union Calendar, Calendar No. 344.</text>
        <sourceSystem>
          <code>2</code>
          <name>House floor actions</name>
        </sourceSystem>
        <actionDate>2017-12-13</actionDate>
        <actionCode>H12410</actionCode>
        <links />
        <type>Calendars</type>
      </item>
      <item>
        <committee>
          <systemCode>hsba00</systemCode>
          <name>Financial Services Committee</name>
        </committee>
        <text>Reported by the Committee on Financial Services. H. Rept. 115-464.</text>
        <sourceSystem>
          <code>2</code>
          <name>House floor actions</name>
        </sourceSystem>
        <actionDate>2017-12-13</actionDate>
        <actionCode>H12200</actionCode>
        <links>
          <link>
            <url>https://www.congress.gov/congressional-report/115th-congress/house-report/464</url>
            <name>H. Rept. 115-464</name>
          </link>
        </links>
        <type>Committee</type>
      </item>
      <item>
        <committee>
          <systemCode>hsba00</systemCode>
          <name>Financial Services Committee</name>
        </committee>
        <text>Reported by the Committee on Financial Services. H. Rept. 115-464.</text>
        <sourceSystem>
          <code>9</code>
          <name>Library of Congress</name>
        </sourceSystem>
        <actionDate>2017-12-13</actionDate>
        <actionCode>5000</actionCode>
        <links>
          <link>
            <url>https://www.congress.gov/congressional-report/115th-congress/house-report/464</url>
            <name>H. Rept. 115-464</name>
          </link>
        </links>
        <type>Committee</type>
      </item>
      <item>
        <actionDate>2017-11-14</actionDate>
        <committee>
          <systemCode>hsba00</systemCode>
          <name>Financial Services Committee</name>
        </committee>
        <links />
        <sourceSystem>
          <code>1</code>
          <name>House committee actions</name>
        </sourceSystem>
        <text>Ordered to be Reported by the Yeas and Nays: 58 - 0.</text>
        <type>Committee</type>
      </item>
      <item>
        <actionDate>2017-11-14</actionDate>
        <committee>
          <systemCode>hsba00</systemCode>
          <name>Financial Services Committee</name>
        </committee>
        <links />
        <sourceSystem>
          <code>1</code>
          <name>House committee actions</name>
        </sourceSystem>
        <text>Committee Consideration and Mark-up Session Held.</text>
        <type>Committee</type>
      </item>
      <item>
        <committee>
          <systemCode>hsba00</systemCode>
          <name>Financial Services Committee</name>
        </committee>
        <text>Referred to the House Committee on Financial Services.</text>
        <sourceSystem>
          <code>2</code>
          <name>House floor actions</name>
        </sourceSystem>
        <actionDate>2017-11-06</actionDate>
        <actionCode>H11100</actionCode>
        <links />
        <type>IntroReferral</type>
      </item>
      <item>
        <committee />
        <text>Introduced in House</text>
        <sourceSystem>
          <code>9</code>
          <name>Library of Congress</name>
        </sourceSystem>
        <actionDate>2017-11-06</actionDate>
        <actionCode>Intro-H</actionCode>
        <links />
        <type>IntroReferral</type>
      </item>
      <item>
        <committee />
        <text>Introduced in House</text>
        <sourceSystem>
          <code>9</code>
          <name>Library of Congress</name>
        </sourceSystem>
        <actionDate>2017-11-06</actionDate>
        <actionCode>1000</actionCode>
        <links />
        <type>IntroReferral</type>
      </item>
      <actionByCounts>
        <houseOfRepresentatives>16</houseOfRepresentatives>
        <senate>1</senate>
      </actionByCounts>
      <actionTypeCounts>
        <considerationByHouse>2</considerationByHouse>
        <introducedInHouse>1</introducedInHouse>
        <placeholderTextForH>2</placeholderTextForH>
        <reportedToHouse>1</reportedToHouse>
        <finalPassageUnderSuspensionOfTheRulesResults>1</finalPassageUnderSuspensionOfTheRulesResults>
        <actionStageOverride>1</actionStageOverride>
        <unionCalendarAssignment>1</unionCalendarAssignment>
        <passedAgreedToInHouse>1</passedAgreedToInHouse>
        <motionMadeToSuspendTheRules>1</motionMadeToSuspendTheRules>
        <referredToCommittee>1</referredToCommittee>
        <committeeReportOfABill>1</committeeReportOfABill>
        <billReferrals>1</billReferrals>
        <generalDebate>1</generalDebate>
        <motionToReconsiderResults>1</motionToReconsiderResults>
        <introducedInTheHouse>1</introducedInTheHouse>
      </actionTypeCounts>
    </actions>
    <laws />
    <version>1.0.0</version>
    <cosponsors>
      <item>
        <fullName>Rep. Cleaver, Emanuel [D-MO-5]</fullName>
        <middleName />
        <identifiers>
          <lisID>1790</lisID>
          <gpoId>8013</gpoId>
          <bioguideId>C001061</bioguideId>
        </identifiers>
        <firstName>Emanuel</firstName>
        <party>D</party>
        <bioguideId>C001061</bioguideId>
        <sponsorshipDate>2017-11-06</sponsorshipDate>
        <sponsorshipWithdrawnDate />
        <state>MO</state>
        <lastName>Cleaver</lastName>
        <isOriginalCosponsor>True</isOriginalCosponsor>
        <district>5</district>
      </item>
      <item>
        <fullName>Rep. Ross, Dennis A. [R-FL-15]</fullName>
        <middleName>A.</middleName>
        <identifiers>
          <lisID>2003</lisID>
          <gpoId>7884</gpoId>
          <bioguideId>R000593</bioguideId>
        </identifiers>
        <firstName>Dennis</firstName>
        <party>R</party>
        <bioguideId>R000593</bioguideId>
        <sponsorshipDate>2017-11-14</sponsorshipDate>
        <sponsorshipWithdrawnDate />
        <state>FL</state>
        <lastName>Ross</lastName>
        <isOriginalCosponsor>False</isOriginalCosponsor>
        <district>15</district>
      </item>
      <item>
        <fullName>Rep. Delaney, John K. [D-MD-6]</fullName>
        <middleName>K.</middleName>
        <identifiers>
          <bioguideId>D000620</bioguideId>
          <gpoId />
          <lisID>2133</lisID>
        </identifiers>
        <firstName>John</firstName>
        <party>D</party>
        <bioguideId>D000620</bioguideId>
        <sponsorshipDate>2017-11-16</sponsorshipDate>
        <sponsorshipWithdrawnDate />
        <state>MD</state>
        <lastName>Delaney</lastName>
        <isOriginalCosponsor>False</isOriginalCosponsor>
        <district>6</district>
      </item>
      <item>
        <fullName>Rep. Capuano, Michael E. [D-MA-7]</fullName>
        <middleName>E.</middleName>
        <identifiers>
          <bioguideId>C001037</bioguideId>
          <gpoId>7973</gpoId>
          <lisID>1564</lisID>
        </identifiers>
        <firstName>MICHAEL</firstName>
        <party>D</party>
        <bioguideId>C001037</bioguideId>
        <sponsorshipDate>2017-12-12</sponsorshipDate>
        <sponsorshipWithdrawnDate />
        <state>MA</state>
        <lastName>CAPUANO</lastName>
        <isOriginalCosponsor>False</isOriginalCosponsor>
        <district>7</district>
      </item>
      <item>
        <fullName>Rep. Velazquez, Nydia M. [D-NY-7]</fullName>
        <middleName>M.</middleName>
        <identifiers>
          <lisID>1184</lisID>
          <gpoId>8073</gpoId>
          <bioguideId>V000081</bioguideId>
        </identifiers>
        <firstName>NYDIA</firstName>
        <party>D</party>
        <bioguideId>V000081</bioguideId>
        <sponsorshipDate>2017-12-12</sponsorshipDate>
        <sponsorshipWithdrawnDate />
        <state>NY</state>
        <lastName>VELAZQUEZ</lastName>
        <isOriginalCosponsor>False</isOriginalCosponsor>
        <district>7</district>
      </item>
      <item>
        <fullName>Rep. Beatty, Joyce [D-OH-3]</fullName>
        <middleName />
        <identifiers>
          <lisID>2153</lisID>
          <gpoId />
          <bioguideId>B001281</bioguideId>
        </identifiers>
        <firstName>Joyce</firstName>
        <party>D</party>
        <bioguideId>B001281</bioguideId>
        <sponsorshipDate>2017-12-12</sponsorshipDate>
        <sponsorshipWithdrawnDate />
        <state>OH</state>
        <lastName>Beatty</lastName>
        <isOriginalCosponsor>False</isOriginalCosponsor>
        <district>3</district>
      </item>
      <item>
        <fullName>Rep. Norton, Eleanor Holmes [D-DC-At Large]</fullName>
        <middleName>HOLMES</middleName>
        <identifiers>
          <gpoId>7871</gpoId>
          <lisID>868</lisID>
          <bioguideId>N000147</bioguideId>
        </identifiers>
        <firstName>ELEANOR</firstName>
        <party>D</party>
        <bioguideId>N000147</bioguideId>
        <sponsorshipDate>2017-12-12</sponsorshipDate>
        <sponsorshipWithdrawnDate />
        <state>DC</state>
        <lastName>NORTON</lastName>
        <isOriginalCosponsor>False</isOriginalCosponsor>
        <district>0</district>
      </item>
    </cosponsors>
    <billNumber>4258</billNumber>
    <committeeReports>
      <committeeReport>
        <citation>H. Rept. 115-464</citation>
      </committeeReport>
    </committeeReports>
    <notes />
    <latestAction>
      <actionDate>2018-01-18</actionDate>
      <text>Received in the Senate and Read twice and referred to the Committee on Banking, Housing, and Urban Affairs.</text>
      <links />
    </latestAction>
    <committees>
      <billCommittees>
        <item>
          <chamber>Senate</chamber>
          <name>Banking, Housing, and Urban Affairs Committee</name>
          <subcommittees />
          <activities>
            <item>
              <name>Referred to</name>
              <date>2018-01-18T17:39:53Z</date>
            </item>
          </activities>
          <type>Standing</type>
          <systemCode>ssbk00</systemCode>
        </item>
        <item>
          <chamber>House</chamber>
          <name>Financial Services Committee</name>
          <subcommittees />
          <activities>
            <item>
              <name>Reported by</name>
              <date>2017-12-13T22:46:30Z</date>
            </item>
            <item>
              <name>Markup by</name>
              <date>2017-11-14T22:23:53Z</date>
            </item>
            <item>
              <name>Referred to</name>
              <date>2017-11-06T17:00:40Z</date>
            </item>
          </activities>
          <type>Standing</type>
          <systemCode>hsba00</systemCode>
        </item>
      </billCommittees>
    </committees>
    <updateDate>2018-03-30T14:17:47Z</updateDate>
    <title>Family Self-Sufficiency Act</title>
    <sponsors>
      <item>
        <fullName>Rep. Duffy, Sean P. [R-WI-7]</fullName>
        <state>WI</state>
        <lastName>Duffy</lastName>
        <bioguideId>D000614</bioguideId>
        <district>7</district>
        <middleName>P.</middleName>
        <byRequestType />
        <party>R</party>
        <identifiers>
          <lisID>2072</lisID>
          <gpoId>8220</gpoId>
          <bioguideId>D000614</bioguideId>
        </identifiers>
        <firstName>Sean</firstName>
      </item>
    </sponsors>
    <congress>115</congress>
    <recordedVotes>
      <recordedVote>
        <url>http://clerk.house.gov/evs/2018/roll022.xml</url>
        <sessionNumber>2</sessionNumber>
        <date>2018-01-17T18:56:01Z</date>
        <congress>115</congress>
        <chamber>House</chamber>
        <fullActionName>Final Passage Under Suspension of the Rules Results</fullActionName>
        <rollNumber>22</rollNumber>
      </recordedVote>
    </recordedVotes>
    <subjects>
      <billSubjects>
        <policyArea>
          <name>Housing and Community Development</name>
        </policyArea>
        <legislativeSubjects>
          <item>
            <name>Bank accounts, deposits, capital</name>
          </item>
          <item>
            <name>Elementary and secondary education</name>
          </item>
          <item>
            <name>Financial literacy</name>
          </item>
          <item>
            <name>Higher education</name>
          </item>
          <item>
            <name>Housing and community development funding</name>
          </item>
          <item>
            <name>Housing finance and home ownership</name>
          </item>
          <item>
            <name>Low- and moderate-income housing</name>
          </item>
          <item>
            <name>Public housing</name>
          </item>
        </legislativeSubjects>
      </billSubjects>
    </subjects>
  </bill>
  <dublinCore xmlns:dc="http://purl.org/dc/elements/1.1/">
    <dc:format>text/xml</dc:format>
    <dc:language>EN</dc:language>
    <dc:rights>Pursuant to Title 17 Section 105 of the United States Code, this file is not subject to copyright protection and is in the public domain.</dc:rights>
    <dc:contributor>Congressional Research Service, Library of Congress</dc:contributor>
    <dc:description>This file contains bill summaries and statuses for federal legislation. A bill summary describes the most significant provisions of a piece of legislation and details the effects the legislative text may have on current law and federal programs. Bill summaries are authored by the Congressional Research Service (CRS) of the Library of Congress. As stated in Public Law 91-510 (2 USC 166 (d)(6)), one of the duties of CRS is "to prepare summaries and digests of bills and resolutions of a public general nature introduced in the Senate or House of Representatives". For more information, refer to the User Guide that accompanies this file.</dc:description>
  </dublinCore>
</billStatus>

