<?xml version="1.0" encoding="UTF-8"?>
<billStatus>
  <bill>
    <calendarNumbers />
    <congress>115</congress>
    <billType>HR</billType>
    <constitutionalAuthorityStatementText><![CDATA[<pre>From the Congressional Record Online through the Government Publishing Office [<a href='http://www.gpo.gov'>www.gpo.gov</a>]By Mr. ESPAILLAT:H.R. 739.Congress has the power to enact this legislation pursuantto the following:Article One of the United States Constitution, section 8,clause 18:The Congress shall have Power--To make all Laws which shallbe necessary and proper for carrying into Execution theforegoing Powers, and all other Powers vested by thisConstitution in the Government of the United States, or inany Department or Officer thereoforArticle One of the United States Constitution, Section 8,Clause 3:The Congress shall have Power--To regulate Commerce withforeign Nations, and among the several States, and with theIndian tribes;[Page H746]</pre>]]></constitutionalAuthorityStatementText>
    <recordedVotes />
    <summaries>
      <billSummaries>
        <item>
          <lastSummaryUpdateDate>2017-08-04T19:56:11Z</lastSummaryUpdateDate>
          <updateDate>2017-01-30T05:00:00Z</updateDate>
          <text><![CDATA[<p><b>This Land Is Our Land Act</b></p> <p>This bill prohibits the Department of Homeland Security (DHS) from constructing, or obligating or expending any funds for the construction of, any new border barriers, including walls or fences, on federal lands under the jurisdiction of the Department of the Interior or the Department of Agriculture within 100 miles of the international land borders of the United States.</p>]]></text>
          <actionDesc>Introduced in House</actionDesc>
          <versionCode>00</versionCode>
          <actionDate>2017-01-30</actionDate>
          <name>Introduced in House</name>
        </item>
      </billSummaries>
    </summaries>
    <subjects>
      <billSubjects>
        <policyArea>
          <name>Public Lands and Natural Resources</name>
        </policyArea>
        <legislativeSubjects>
          <item>
            <name>Appropriations</name>
          </item>
          <item>
            <name>Border security and unlawful immigration</name>
          </item>
          <item>
            <name>Department of Homeland Security</name>
          </item>
          <item>
            <name>Executive agency funding and structure</name>
          </item>
          <item>
            <name>Forests, forestry, trees</name>
          </item>
          <item>
            <name>Land use and conservation</name>
          </item>
        </legislativeSubjects>
      </billSubjects>
    </subjects>
    <cosponsors>
      <item>
        <state>MN</state>
        <lastName>MCCOLLUM</lastName>
        <sponsorshipWithdrawnDate />
        <district>4</district>
        <middleName />
        <fullName>Rep. McCollum, Betty [D-MN-4]</fullName>
        <bioguideId>M001143</bioguideId>
        <party>D</party>
        <identifiers>
          <lisID>1653</lisID>
          <gpoId>8004</gpoId>
          <bioguideId>M001143</bioguideId>
        </identifiers>
        <sponsorshipDate>2017-02-01</sponsorshipDate>
        <isOriginalCosponsor>False</isOriginalCosponsor>
        <firstName>BETTY</firstName>
      </item>
      <item>
        <state>IL</state>
        <lastName>GUTIERREZ</lastName>
        <sponsorshipWithdrawnDate />
        <district>4</district>
        <middleName>V.</middleName>
        <fullName>Rep. Gutierrez, Luis V. [D-IL-4]</fullName>
        <bioguideId>G000535</bioguideId>
        <party>D</party>
        <identifiers>
          <bioguideId>G000535</bioguideId>
          <gpoId>7924</gpoId>
          <lisID>478</lisID>
        </identifiers>
        <sponsorshipDate>2017-02-01</sponsorshipDate>
        <isOriginalCosponsor>False</isOriginalCosponsor>
        <firstName>LUIS</firstName>
      </item>
      <item>
        <state>MA</state>
        <lastName>MCGOVERN</lastName>
        <sponsorshipWithdrawnDate />
        <district>2</district>
        <middleName>P.</middleName>
        <fullName>Rep. McGovern, James P. [D-MA-2]</fullName>
        <bioguideId>M000312</bioguideId>
        <party>D</party>
        <identifiers>
          <bioguideId>M000312</bioguideId>
          <gpoId>7968</gpoId>
          <lisID>1504</lisID>
        </identifiers>
        <sponsorshipDate>2017-02-01</sponsorshipDate>
        <isOriginalCosponsor>False</isOriginalCosponsor>
        <firstName>JAMES</firstName>
      </item>
      <item>
        <state>CA</state>
        <lastName>LEE</lastName>
        <sponsorshipWithdrawnDate />
        <district>13</district>
        <middleName />
        <fullName>Rep. Lee, Barbara [D-CA-13]</fullName>
        <bioguideId>L000551</bioguideId>
        <party>D</party>
        <identifiers>
          <gpoId>7814</gpoId>
          <bioguideId>L000551</bioguideId>
          <lisID>1501</lisID>
        </identifiers>
        <sponsorshipDate>2017-02-02</sponsorshipDate>
        <isOriginalCosponsor>False</isOriginalCosponsor>
        <firstName>BARBARA</firstName>
      </item>
      <item>
        <state>NM</state>
        <lastName>Lujan Grisham</lastName>
        <sponsorshipWithdrawnDate />
        <district>1</district>
        <middleName />
        <fullName>Rep. Lujan Grisham, Michelle [D-NM-1]</fullName>
        <bioguideId>L000580</bioguideId>
        <party>D</party>
        <identifiers>
          <lisID>2146</lisID>
          <gpoId />
          <bioguideId>L000580</bioguideId>
        </identifiers>
        <sponsorshipDate>2017-02-02</sponsorshipDate>
        <isOriginalCosponsor>False</isOriginalCosponsor>
        <firstName>Michelle</firstName>
      </item>
      <item>
        <state>AZ</state>
        <lastName>Gallego</lastName>
        <sponsorshipWithdrawnDate />
        <district>7</district>
        <middleName />
        <fullName>Rep. Gallego, Ruben [D-AZ-7]</fullName>
        <bioguideId>G000574</bioguideId>
        <party>D</party>
        <identifiers>
          <lisID>2226</lisID>
          <gpoId />
          <bioguideId>G000574</bioguideId>
        </identifiers>
        <sponsorshipDate>2017-02-02</sponsorshipDate>
        <isOriginalCosponsor>False</isOriginalCosponsor>
        <firstName>Ruben</firstName>
      </item>
      <item>
        <state>DC</state>
        <lastName>NORTON</lastName>
        <sponsorshipWithdrawnDate />
        <district>0</district>
        <middleName>HOLMES</middleName>
        <fullName>Rep. Norton, Eleanor Holmes [D-DC-At Large]</fullName>
        <bioguideId>N000147</bioguideId>
        <party>D</party>
        <identifiers>
          <lisID>868</lisID>
          <gpoId>7871</gpoId>
          <bioguideId>N000147</bioguideId>
        </identifiers>
        <sponsorshipDate>2017-02-02</sponsorshipDate>
        <isOriginalCosponsor>False</isOriginalCosponsor>
        <firstName>ELEANOR</firstName>
      </item>
      <item>
        <state>CA</state>
        <lastName>Vargas</lastName>
        <sponsorshipWithdrawnDate />
        <district>51</district>
        <middleName />
        <fullName>Rep. Vargas, Juan [D-CA-51]</fullName>
        <bioguideId>V000130</bioguideId>
        <party>D</party>
        <identifiers>
          <lisID>2112</lisID>
          <gpoId />
          <bioguideId>V000130</bioguideId>
        </identifiers>
        <sponsorshipDate>2017-02-02</sponsorshipDate>
        <isOriginalCosponsor>False</isOriginalCosponsor>
        <firstName>Juan</firstName>
      </item>
      <item>
        <state>TX</state>
        <lastName>Vela</lastName>
        <sponsorshipWithdrawnDate />
        <district>34</district>
        <middleName />
        <fullName>Rep. Vela, Filemon [D-TX-34]</fullName>
        <bioguideId>V000132</bioguideId>
        <party>D</party>
        <identifiers>
          <lisID>2167</lisID>
          <gpoId />
          <bioguideId>V000132</bioguideId>
        </identifiers>
        <sponsorshipDate>2017-02-02</sponsorshipDate>
        <isOriginalCosponsor>False</isOriginalCosponsor>
        <firstName>Filemon</firstName>
      </item>
      <item>
        <state>TX</state>
        <lastName>O'Rourke</lastName>
        <sponsorshipWithdrawnDate />
        <district>16</district>
        <middleName />
        <fullName>Rep. O'Rourke, Beto [D-TX-16]</fullName>
        <bioguideId>O000170</bioguideId>
        <party>D</party>
        <identifiers>
          <lisID>2162</lisID>
          <gpoId />
          <bioguideId>O000170</bioguideId>
        </identifiers>
        <sponsorshipDate>2017-02-02</sponsorshipDate>
        <isOriginalCosponsor>False</isOriginalCosponsor>
        <firstName>Beto</firstName>
      </item>
      <item>
        <state>CA</state>
        <lastName>Lieu</lastName>
        <sponsorshipWithdrawnDate />
        <district>33</district>
        <middleName />
        <fullName>Rep. Lieu, Ted [D-CA-33]</fullName>
        <bioguideId>L000582</bioguideId>
        <party>D</party>
        <identifiers>
          <lisID>2230</lisID>
          <gpoId />
          <bioguideId>L000582</bioguideId>
        </identifiers>
        <sponsorshipDate>2017-02-02</sponsorshipDate>
        <isOriginalCosponsor>False</isOriginalCosponsor>
        <firstName>Ted</firstName>
      </item>
      <item>
        <state>FL</state>
        <lastName>Soto</lastName>
        <sponsorshipWithdrawnDate />
        <district>9</district>
        <middleName />
        <fullName>Rep. Soto, Darren [D-FL-9]</fullName>
        <bioguideId>S001200</bioguideId>
        <party>D</party>
        <identifiers>
          <lisID>2319</lisID>
          <gpoId />
          <bioguideId>S001200</bioguideId>
        </identifiers>
        <sponsorshipDate>2017-02-02</sponsorshipDate>
        <isOriginalCosponsor>False</isOriginalCosponsor>
        <firstName>Darren</firstName>
      </item>
      <item>
        <state>CA</state>
        <lastName>Torres</lastName>
        <sponsorshipWithdrawnDate />
        <district>35</district>
        <middleName>J.</middleName>
        <fullName>Rep. Torres, Norma J. [D-CA-35]</fullName>
        <bioguideId>T000474</bioguideId>
        <party>D</party>
        <identifiers>
          <lisID>2231</lisID>
          <gpoId />
          <bioguideId>T000474</bioguideId>
        </identifiers>
        <sponsorshipDate>2017-02-02</sponsorshipDate>
        <isOriginalCosponsor>False</isOriginalCosponsor>
        <firstName>Norma</firstName>
      </item>
      <item>
        <state>NY</state>
        <lastName>VELAZQUEZ</lastName>
        <sponsorshipWithdrawnDate />
        <district>7</district>
        <middleName>M.</middleName>
        <fullName>Rep. Velazquez, Nydia M. [D-NY-7]</fullName>
        <bioguideId>V000081</bioguideId>
        <party>D</party>
        <identifiers>
          <bioguideId>V000081</bioguideId>
          <gpoId>8073</gpoId>
          <lisID>1184</lisID>
        </identifiers>
        <sponsorshipDate>2017-02-02</sponsorshipDate>
        <isOriginalCosponsor>False</isOriginalCosponsor>
        <firstName>NYDIA</firstName>
      </item>
      <item>
        <state>NY</state>
        <lastName>Clarke</lastName>
        <sponsorshipWithdrawnDate />
        <district>9</district>
        <middleName>D.</middleName>
        <fullName>Rep. Clarke, Yvette D. [D-NY-9]</fullName>
        <bioguideId>C001067</bioguideId>
        <party>D</party>
        <identifiers>
          <lisID>1864</lisID>
          <gpoId>8072</gpoId>
          <bioguideId>C001067</bioguideId>
        </identifiers>
        <sponsorshipDate>2017-02-02</sponsorshipDate>
        <isOriginalCosponsor>False</isOriginalCosponsor>
        <firstName>Yvette</firstName>
      </item>
      <item>
        <state>MD</state>
        <lastName>Raskin</lastName>
        <sponsorshipWithdrawnDate />
        <district>8</district>
        <middleName />
        <fullName>Rep. Raskin, Jamie [D-MD-8]</fullName>
        <bioguideId>R000606</bioguideId>
        <party>D</party>
        <identifiers>
          <lisID>2332</lisID>
          <gpoId />
          <bioguideId>R000606</bioguideId>
        </identifiers>
        <sponsorshipDate>2017-02-07</sponsorshipDate>
        <isOriginalCosponsor>False</isOriginalCosponsor>
        <firstName>Jamie</firstName>
      </item>
      <item>
        <state>PA</state>
        <lastName>Evans</lastName>
        <sponsorshipWithdrawnDate />
        <district>2</district>
        <middleName />
        <fullName>Rep. Evans, Dwight [D-PA-2]</fullName>
        <bioguideId>E000296</bioguideId>
        <party>D</party>
        <identifiers>
          <lisID>2298</lisID>
          <gpoId />
          <bioguideId>E000296</bioguideId>
        </identifiers>
        <sponsorshipDate>2017-03-15</sponsorshipDate>
        <isOriginalCosponsor>False</isOriginalCosponsor>
        <firstName>Dwight</firstName>
      </item>
      <item>
        <state>CA</state>
        <lastName>Chu</lastName>
        <sponsorshipWithdrawnDate />
        <district>27</district>
        <middleName />
        <fullName>Rep. Chu, Judy [D-CA-27]</fullName>
        <bioguideId>C001080</bioguideId>
        <party>D</party>
        <identifiers>
          <gpoId>7837</gpoId>
          <bioguideId>C001080</bioguideId>
          <lisID>1970</lisID>
        </identifiers>
        <sponsorshipDate>2017-03-15</sponsorshipDate>
        <isOriginalCosponsor>False</isOriginalCosponsor>
        <firstName>Judy</firstName>
      </item>
      <item>
        <state>FL</state>
        <lastName>Wasserman Schultz</lastName>
        <sponsorshipWithdrawnDate />
        <district>23</district>
        <middleName />
        <fullName>Rep. Wasserman Schultz, Debbie [D-FL-23]</fullName>
        <bioguideId>W000797</bioguideId>
        <party>D</party>
        <identifiers>
          <lisID>1777</lisID>
          <gpoId>7892</gpoId>
          <bioguideId>W000797</bioguideId>
        </identifiers>
        <sponsorshipDate>2017-03-15</sponsorshipDate>
        <isOriginalCosponsor>False</isOriginalCosponsor>
        <firstName>Debbie</firstName>
      </item>
      <item>
        <state>MN</state>
        <lastName>Ellison</lastName>
        <sponsorshipWithdrawnDate />
        <district>5</district>
        <middleName />
        <fullName>Rep. Ellison, Keith [D-MN-5]</fullName>
        <bioguideId>E000288</bioguideId>
        <party>D</party>
        <identifiers>
          <lisID>1857</lisID>
          <gpoId>8005</gpoId>
          <bioguideId>E000288</bioguideId>
        </identifiers>
        <sponsorshipDate>2017-03-15</sponsorshipDate>
        <isOriginalCosponsor>False</isOriginalCosponsor>
        <firstName>Keith</firstName>
      </item>
      <item>
        <state>TX</state>
        <lastName>Veasey</lastName>
        <sponsorshipWithdrawnDate />
        <district>33</district>
        <middleName>A.</middleName>
        <fullName>Rep. Veasey, Marc A. [D-TX-33]</fullName>
        <bioguideId>V000131</bioguideId>
        <party>D</party>
        <identifiers>
          <bioguideId>V000131</bioguideId>
          <lisID>2166</lisID>
          <gpoId />
        </identifiers>
        <sponsorshipDate>2017-04-05</sponsorshipDate>
        <isOriginalCosponsor>False</isOriginalCosponsor>
        <firstName>Marc</firstName>
      </item>
    </cosponsors>
    <actions>
      <actionByCounts>
        <houseOfRepresentatives>4</houseOfRepresentatives>
      </actionByCounts>
      <item>
        <actionDate>2017-02-10</actionDate>
        <committee>
          <name>Border and Maritime Security Subcommittee</name>
          <systemCode>hshm11</systemCode>
        </committee>
        <links />
        <sourceSystem>
          <name>House committee actions</name>
          <code>1</code>
        </sourceSystem>
        <text>Referred to the Subcommittee on Border and Maritime Security.</text>
        <type>Committee</type>
      </item>
      <item>
        <actionCode>B00100</actionCode>
        <committee />
        <sourceSystem>
          <name>Library of Congress</name>
          <code>9</code>
        </sourceSystem>
        <type>IntroReferral</type>
        <text>Sponsor introductory remarks on measure. (CR H861-862)</text>
        <actionDate>2017-02-01</actionDate>
        <links>
          <link>
            <name>H861-862</name>
            <url>https://www.congress.gov/congressional-record/volume-163/house-section/page/H861-862</url>
          </link>
        </links>
      </item>
      <item>
        <actionCode>H11100</actionCode>
        <committee>
          <name>Homeland Security Committee</name>
          <systemCode>hshm00</systemCode>
        </committee>
        <sourceSystem>
          <name>House floor actions</name>
          <code>2</code>
        </sourceSystem>
        <type>IntroReferral</type>
        <text>Referred to the House Committee on Homeland Security.</text>
        <actionDate>2017-01-30</actionDate>
        <links />
      </item>
      <item>
        <actionCode>Intro-H</actionCode>
        <committee />
        <sourceSystem>
          <name>Library of Congress</name>
          <code>9</code>
        </sourceSystem>
        <type>IntroReferral</type>
        <text>Introduced in House</text>
        <actionDate>2017-01-30</actionDate>
        <links />
      </item>
      <item>
        <actionCode>1000</actionCode>
        <committee />
        <sourceSystem>
          <name>Library of Congress</name>
          <code>9</code>
        </sourceSystem>
        <type>IntroReferral</type>
        <text>Introduced in House</text>
        <actionDate>2017-01-30</actionDate>
        <links />
      </item>
      <actionTypeCounts>
        <placeholderTextForB>1</placeholderTextForB>
        <billReferrals>1</billReferrals>
        <introducedInHouse>1</introducedInHouse>
        <introducedInTheHouse>1</introducedInTheHouse>
        <placeholderTextForH>1</placeholderTextForH>
      </actionTypeCounts>
    </actions>
    <notes />
    <policyArea>
      <name>Public Lands and Natural Resources</name>
    </policyArea>
    <billNumber>739</billNumber>
    <createDate>2017-01-31T05:23:09Z</createDate>
    <originChamber>House</originChamber>
    <committees>
      <billCommittees>
        <item>
          <activities>
            <item>
              <date>2017-01-30T17:04:35Z</date>
              <name>Referred to</name>
            </item>
          </activities>
          <systemCode>hshm00</systemCode>
          <chamber>House</chamber>
          <type>Standing</type>
          <name>Homeland Security Committee</name>
          <subcommittees>
            <item>
              <activities>
                <item>
                  <date>2017-02-10T13:55:44Z</date>
                  <name>Referred to</name>
                </item>
              </activities>
              <systemCode>hshm11</systemCode>
              <name>Border and Maritime Security Subcommittee</name>
            </item>
          </subcommittees>
        </item>
      </billCommittees>
    </committees>
    <introducedDate>2017-01-30</introducedDate>
    <amendments />
    <sponsors>
      <item>
        <lastName>Espaillat</lastName>
        <bioguideId>E000297</bioguideId>
        <identifiers>
          <gpoId />
          <bioguideId>E000297</bioguideId>
          <lisID>2342</lisID>
        </identifiers>
        <party>D</party>
        <firstName>Adriano</firstName>
        <fullName>Rep. Espaillat, Adriano [D-NY-13]</fullName>
        <state>NY</state>
        <byRequestType />
        <middleName />
        <district>13</district>
      </item>
    </sponsors>
    <committeeReports />
    <cboCostEstimates />
    <titles>
      <item>
        <chamberCode />
        <titleType>Short Titles as Introduced</titleType>
        <title>This Land Is Our Land Act</title>
        <parentTitleType />
        <chamberName />
      </item>
      <item>
        <chamberCode />
        <titleType>Official Title as Introduced</titleType>
        <title>To prohibit the construction of new border barriers, including walls or fences, on certain Federal land, and for other purposes.</title>
        <parentTitleType />
        <chamberName />
      </item>
      <item>
        <chamberCode />
        <titleType>Display Title</titleType>
        <title>This Land Is Our Land Act</title>
        <parentTitleType />
        <chamberName />
      </item>
      <item>
        <chamberCode />
        <titleType>(Extracted from GPO) Short Titles as Introduced</titleType>
        <title>This Land Is Our Land Act</title>
        <parentTitleType />
        <chamberName />
      </item>
    </titles>
    <title>This Land Is Our Land Act</title>
    <laws />
    <relatedBills />
    <latestAction>
      <actionDate>2017-02-10</actionDate>
      <links />
      <text>Referred to the Subcommittee on Border and Maritime Security.</text>
    </latestAction>
    <version>1.0.0</version>
    <updateDate>2018-03-30T14:01:06Z</updateDate>
  </bill>
  <dublinCore xmlns:dc="http://purl.org/dc/elements/1.1/">
    <dc:format>text/xml</dc:format>
    <dc:language>EN</dc:language>
    <dc:rights>Pursuant to Title 17 Section 105 of the United States Code, this file is not subject to copyright protection and is in the public domain.</dc:rights>
    <dc:contributor>Congressional Research Service, Library of Congress</dc:contributor>
    <dc:description>This file contains bill summaries and statuses for federal legislation. A bill summary describes the most significant provisions of a piece of legislation and details the effects the legislative text may have on current law and federal programs. Bill summaries are authored by the Congressional Research Service (CRS) of the Library of Congress. As stated in Public Law 91-510 (2 USC 166 (d)(6)), one of the duties of CRS is "to prepare summaries and digests of bills and resolutions of a public general nature introduced in the Senate or House of Representatives". For more information, refer to the User Guide that accompanies this file.</dc:description>
  </dublinCore>
</billStatus>

