<?xml version="1.0" encoding="UTF-8"?>
<billStatus>
  <bill>
    <createDate>2017-01-13T04:55:31Z</createDate>
    <billType>HR</billType>
    <originChamber>House</originChamber>
    <titles>
      <item>
        <titleType>Short Titles as Introduced</titleType>
        <chamberCode />
        <chamberName />
        <parentTitleType />
        <title>IRGC Terrorist Sanctions Act of 2017</title>
      </item>
      <item>
        <titleType>Official Title as Introduced</titleType>
        <chamberCode />
        <chamberName />
        <parentTitleType />
        <title>To require the imposition of sanctions against Iran's Islamic Revolutionary Guard Corps, and for other purposes.</title>
      </item>
      <item>
        <titleType>Display Title</titleType>
        <chamberCode />
        <chamberName />
        <parentTitleType />
        <title>IRGC Terrorist Sanctions Act of 2017</title>
      </item>
      <item>
        <titleType>(Extracted from GPO) Short Titles as Introduced</titleType>
        <chamberCode />
        <chamberName />
        <parentTitleType />
        <title>IRGC Terrorist Sanctions Act of 2017</title>
      </item>
    </titles>
    <recordedVotes />
    <committees>
      <billCommittees>
        <item>
          <type>Standing</type>
          <subcommittees />
          <name>Foreign Affairs Committee</name>
          <activities>
            <item>
              <date>2017-01-12T15:04:20Z</date>
              <name>Referred to</name>
            </item>
          </activities>
          <systemCode>hsfa00</systemCode>
          <chamber>House</chamber>
        </item>
      </billCommittees>
    </committees>
    <latestAction>
      <text>Sponsor introductory remarks on measure. (CR H534)</text>
      <actionDate>2017-01-13</actionDate>
      <links />
    </latestAction>
    <billNumber>478</billNumber>
    <notes />
    <committeeReports />
    <constitutionalAuthorityStatementText><![CDATA[<pre>From the Congressional Record Online through the Government Publishing Office [<a href='http://www.gpo.gov'>www.gpo.gov</a>]By Mr. POE of Texas:H.R. 478.Congress has the power to enact this legislation pursuantto the following:Article 1, Section 8, Clause 1.[Page H472]</pre>]]></constitutionalAuthorityStatementText>
    <cosponsors>
      <item>
        <firstName>BRAD</firstName>
        <identifiers>
          <lisID>1526</lisID>
          <gpoId>7832</gpoId>
          <bioguideId>S000344</bioguideId>
        </identifiers>
        <sponsorshipDate>2017-01-12</sponsorshipDate>
        <isOriginalCosponsor>True</isOriginalCosponsor>
        <state>CA</state>
        <lastName>SHERMAN</lastName>
        <middleName />
        <fullName>Rep. Sherman, Brad [D-CA-30]</fullName>
        <bioguideId>S000344</bioguideId>
        <district>30</district>
        <sponsorshipWithdrawnDate />
        <party>D</party>
      </item>
      <item>
        <firstName>Randy</firstName>
        <identifiers>
          <gpoId />
          <lisID>2161</lisID>
          <bioguideId>W000814</bioguideId>
        </identifiers>
        <sponsorshipDate>2017-03-10</sponsorshipDate>
        <isOriginalCosponsor>False</isOriginalCosponsor>
        <state>TX</state>
        <lastName>Weber</lastName>
        <middleName>K.</middleName>
        <fullName>Rep. Weber, Randy K., Sr. [R-TX-14]</fullName>
        <bioguideId>W000814</bioguideId>
        <district>14</district>
        <sponsorshipWithdrawnDate />
        <party>R</party>
      </item>
      <item>
        <firstName>Paul</firstName>
        <identifiers>
          <lisID>2103</lisID>
          <gpoId />
          <bioguideId>C001094</bioguideId>
        </identifiers>
        <sponsorshipDate>2017-03-10</sponsorshipDate>
        <isOriginalCosponsor>False</isOriginalCosponsor>
        <state>CA</state>
        <lastName>Cook</lastName>
        <middleName />
        <fullName>Rep. Cook, Paul [R-CA-8]</fullName>
        <bioguideId>C001094</bioguideId>
        <district>8</district>
        <sponsorshipWithdrawnDate />
        <party>R</party>
      </item>
      <item>
        <firstName>DANA</firstName>
        <identifiers>
          <lisID>979</lisID>
          <gpoId>7851</gpoId>
          <bioguideId>R000409</bioguideId>
        </identifiers>
        <sponsorshipDate>2017-03-10</sponsorshipDate>
        <isOriginalCosponsor>False</isOriginalCosponsor>
        <state>CA</state>
        <lastName>ROHRABACHER</lastName>
        <middleName />
        <fullName>Rep. Rohrabacher, Dana [R-CA-48]</fullName>
        <bioguideId>R000409</bioguideId>
        <district>48</district>
        <sponsorshipWithdrawnDate />
        <party>R</party>
      </item>
      <item>
        <firstName>Jeff</firstName>
        <identifiers>
          <lisID>2057</lisID>
          <gpoId>8143</gpoId>
          <bioguideId>D000615</bioguideId>
        </identifiers>
        <sponsorshipDate>2017-03-10</sponsorshipDate>
        <isOriginalCosponsor>False</isOriginalCosponsor>
        <state>SC</state>
        <lastName>Duncan</lastName>
        <middleName />
        <fullName>Rep. Duncan, Jeff [R-SC-3]</fullName>
        <bioguideId>D000615</bioguideId>
        <district>3</district>
        <sponsorshipWithdrawnDate />
        <party>R</party>
      </item>
      <item>
        <firstName>Lee</firstName>
        <identifiers>
          <bioguideId>Z000017</bioguideId>
          <lisID>2261</lisID>
          <gpoId />
        </identifiers>
        <sponsorshipDate>2017-03-13</sponsorshipDate>
        <isOriginalCosponsor>False</isOriginalCosponsor>
        <state>NY</state>
        <lastName>Zeldin</lastName>
        <middleName>M.</middleName>
        <fullName>Rep. Zeldin, Lee M. [R-NY-1]</fullName>
        <bioguideId>Z000017</bioguideId>
        <district>1</district>
        <sponsorshipWithdrawnDate />
        <party>R</party>
      </item>
      <item>
        <firstName>Thomas</firstName>
        <identifiers>
          <gpoId />
          <bioguideId>G000580</bioguideId>
          <lisID>2353</lisID>
        </identifiers>
        <sponsorshipDate>2017-05-24</sponsorshipDate>
        <isOriginalCosponsor>False</isOriginalCosponsor>
        <state>VA</state>
        <lastName>Garrett</lastName>
        <middleName>A.</middleName>
        <fullName>Rep. Garrett, Thomas A., Jr. [R-VA-5]</fullName>
        <bioguideId>G000580</bioguideId>
        <district>5</district>
        <sponsorshipWithdrawnDate />
        <party>R</party>
      </item>
      <item>
        <firstName>LOUISE</firstName>
        <identifiers>
          <gpoId>8089</gpoId>
          <lisID>1069</lisID>
          <bioguideId>S000480</bioguideId>
        </identifiers>
        <sponsorshipDate>2017-06-07</sponsorshipDate>
        <isOriginalCosponsor>False</isOriginalCosponsor>
        <state>NY</state>
        <lastName>SLAUGHTER</lastName>
        <middleName>M.</middleName>
        <fullName>Rep. Slaughter, Louise McIntosh [D-NY-25]</fullName>
        <bioguideId>S000480</bioguideId>
        <district>25</district>
        <sponsorshipWithdrawnDate />
        <party>D</party>
      </item>
      <item>
        <firstName>Daniel</firstName>
        <identifiers>
          <lisID>2293</lisID>
          <gpoId />
          <bioguideId>D000625</bioguideId>
        </identifiers>
        <sponsorshipDate>2017-06-07</sponsorshipDate>
        <isOriginalCosponsor>False</isOriginalCosponsor>
        <state>NY</state>
        <lastName>Donovan</lastName>
        <middleName>M.</middleName>
        <fullName>Rep. Donovan, Daniel M., Jr. [R-NY-11]</fullName>
        <bioguideId>D000625</bioguideId>
        <district>11</district>
        <sponsorshipWithdrawnDate />
        <party>R</party>
      </item>
    </cosponsors>
    <cboCostEstimates />
    <sponsors>
      <item>
        <state>TX</state>
        <bioguideId>P000592</bioguideId>
        <fullName>Rep. Poe, Ted [R-TX-2]</fullName>
        <identifiers>
          <gpoId>8158</gpoId>
          <lisID>1802</lisID>
          <bioguideId>P000592</bioguideId>
        </identifiers>
        <middleName />
        <firstName>Ted</firstName>
        <district>2</district>
        <lastName>Poe</lastName>
        <byRequestType />
        <party>R</party>
      </item>
    </sponsors>
    <actions>
      <actionTypeCounts>
        <placeholderTextForB>1</placeholderTextForB>
        <introducedInTheHouse>1</introducedInTheHouse>
        <introducedInHouse>1</introducedInHouse>
        <billReferrals>1</billReferrals>
      </actionTypeCounts>
      <item>
        <actionCode>B00100</actionCode>
        <sourceSystem>
          <code>9</code>
          <name>Library of Congress</name>
        </sourceSystem>
        <links>
          <link>
            <url>https://www.congress.gov/congressional-record/volume-163/house-section/page/H534</url>
            <name>H534</name>
          </link>
        </links>
        <text>Sponsor introductory remarks on measure. (CR H534)</text>
        <actionDate>2017-01-13</actionDate>
        <type>IntroReferral</type>
        <committee />
      </item>
      <item>
        <actionCode>H11100</actionCode>
        <sourceSystem>
          <code>2</code>
          <name>House floor actions</name>
        </sourceSystem>
        <links />
        <text>Referred to the House Committee on Foreign Affairs.</text>
        <actionDate>2017-01-12</actionDate>
        <type>IntroReferral</type>
        <committee>
          <systemCode>hsfa00</systemCode>
          <name>Foreign Affairs Committee</name>
        </committee>
      </item>
      <item>
        <actionCode>Intro-H</actionCode>
        <sourceSystem>
          <code>9</code>
          <name>Library of Congress</name>
        </sourceSystem>
        <links />
        <text>Introduced in House</text>
        <actionDate>2017-01-12</actionDate>
        <type>IntroReferral</type>
        <committee />
      </item>
      <item>
        <actionCode>1000</actionCode>
        <sourceSystem>
          <code>9</code>
          <name>Library of Congress</name>
        </sourceSystem>
        <links />
        <text>Introduced in House</text>
        <actionDate>2017-01-12</actionDate>
        <type>IntroReferral</type>
        <committee />
      </item>
      <actionByCounts>
        <houseOfRepresentatives>3</houseOfRepresentatives>
      </actionByCounts>
    </actions>
    <congress>115</congress>
    <policyArea>
      <name>International Affairs</name>
    </policyArea>
    <subjects>
      <billSubjects>
        <policyArea>
          <name>International Affairs</name>
        </policyArea>
        <legislativeSubjects>
          <item>
            <name>Congressional oversight</name>
          </item>
          <item>
            <name>Iran</name>
          </item>
          <item>
            <name>Middle East</name>
          </item>
          <item>
            <name>Presidents and presidential powers, Vice Presidents</name>
          </item>
          <item>
            <name>Terrorism</name>
          </item>
        </legislativeSubjects>
      </billSubjects>
    </subjects>
    <introducedDate>2017-01-12</introducedDate>
    <laws />
    <summaries>
      <billSummaries>
        <item>
          <actionDate>2017-01-12</actionDate>
          <actionDesc>Introduced in House</actionDesc>
          <text><![CDATA[<p><strong>IRGC Terrorist Sanctions Act of 2017</strong></p> <p>This bill directs the President to: (1) designate Iran's Islamic Revolutionary Guard Corps (IRGC) as a terrorist entity, (2) impose sanctions against the IRGC, and (3) report to Congress on the results of such sanctions.</p>]]></text>
          <name>Introduced in House</name>
          <updateDate>2017-01-12T05:00:00Z</updateDate>
          <lastSummaryUpdateDate>2017-07-11T20:41:20Z</lastSummaryUpdateDate>
          <versionCode>00</versionCode>
        </item>
      </billSummaries>
    </summaries>
    <amendments />
    <version>1.0.0</version>
    <title>IRGC Terrorist Sanctions Act of 2017</title>
    <calendarNumbers />
    <updateDate>2018-03-30T13:59:50Z</updateDate>
    <relatedBills />
  </bill>
  <dublinCore xmlns:dc="http://purl.org/dc/elements/1.1/">
    <dc:format>text/xml</dc:format>
    <dc:language>EN</dc:language>
    <dc:rights>Pursuant to Title 17 Section 105 of the United States Code, this file is not subject to copyright protection and is in the public domain.</dc:rights>
    <dc:contributor>Congressional Research Service, Library of Congress</dc:contributor>
    <dc:description>This file contains bill summaries and statuses for federal legislation. A bill summary describes the most significant provisions of a piece of legislation and details the effects the legislative text may have on current law and federal programs. Bill summaries are authored by the Congressional Research Service (CRS) of the Library of Congress. As stated in Public Law 91-510 (2 USC 166 (d)(6)), one of the duties of CRS is "to prepare summaries and digests of bills and resolutions of a public general nature introduced in the Senate or House of Representatives". For more information, refer to the User Guide that accompanies this file.</dc:description>
  </dublinCore>
</billStatus>

