<?xml version="1.0" encoding="UTF-8"?>
<billStatus>
  <bill>
    <createDate>2017-01-14T04:47:33Z</createDate>
    <billType>HR</billType>
    <originChamber>House</originChamber>
    <titles>
      <item>
        <titleType>Short Titles as Introduced</titleType>
        <parentTitleType />
        <title>Reserve Retirement Deployment Credit Correction Act</title>
        <chamberName />
        <chamberCode />
      </item>
      <item>
        <titleType>Official Title as Introduced</titleType>
        <parentTitleType />
        <title>To amend title 10, United States Code, to provide for retroactive calculation since the start of combat operations in Afghanistan of days of certain active duty or active service performed as a member of the Ready Reserve to reduce the eligibility age for receipt of retired pay for non-regular service.</title>
        <chamberName />
        <chamberCode />
      </item>
      <item>
        <titleType>Display Title</titleType>
        <parentTitleType />
        <title>Reserve Retirement Deployment Credit Correction Act</title>
        <chamberName />
        <chamberCode />
      </item>
      <item>
        <titleType>(Extracted from GPO) Short Titles as Introduced</titleType>
        <parentTitleType />
        <title>Reserve Retirement Deployment Credit Correction Act</title>
        <chamberName />
        <chamberCode />
      </item>
    </titles>
    <recordedVotes />
    <committees>
      <billCommittees>
        <item>
          <name>Armed Services Committee</name>
          <subcommittees>
            <item>
              <systemCode>hsas02</systemCode>
              <name>Military Personnel Subcommittee</name>
              <activities>
                <item>
                  <date>2017-02-21T19:09:56Z</date>
                  <name>Referred to</name>
                </item>
              </activities>
            </item>
          </subcommittees>
          <systemCode>hsas00</systemCode>
          <chamber>House</chamber>
          <activities>
            <item>
              <date>2017-01-13T14:06:35Z</date>
              <name>Referred to</name>
            </item>
          </activities>
          <type>Standing</type>
        </item>
      </billCommittees>
    </committees>
    <latestAction>
      <text>Referred to the Subcommittee on Military Personnel.</text>
      <actionDate>2017-02-21</actionDate>
      <links />
    </latestAction>
    <billNumber>569</billNumber>
    <notes />
    <committeeReports />
    <constitutionalAuthorityStatementText><![CDATA[<pre>From the Congressional Record Online through the Government Publishing Office [<a href='http://www.gpo.gov'>www.gpo.gov</a>]By Mr. SERRANO:H.R. 569.Congress has the power to enact this legislation pursuantto the following:Article I, section 8, of the Constitution (clauses 12, 13,14, 16, and 18), which grants Congress the power to raise andsupport an Army; to provide and maintain a Navy; to makerules for the goverment and regulation of the land and navalforces; to provide for organizing, arming and discipliningthe militia; and to make all laws necessary and proper forcarrying out the foregoing powers.[Page H548]</pre>]]></constitutionalAuthorityStatementText>
    <cosponsors />
    <cboCostEstimates />
    <sponsors>
      <item>
        <state>NY</state>
        <bioguideId>S000248</bioguideId>
        <fullName>Rep. Serrano, Jose E. [D-NY-15]</fullName>
        <identifiers>
          <lisID>1042</lisID>
          <gpoId>8077</gpoId>
          <bioguideId>S000248</bioguideId>
        </identifiers>
        <middleName>E.</middleName>
        <firstName>JOSE</firstName>
        <district>15</district>
        <lastName>SERRANO</lastName>
        <byRequestType />
        <party>D</party>
      </item>
    </sponsors>
    <actions>
      <actionTypeCounts>
        <billReferrals>1</billReferrals>
        <introducedInTheHouse>1</introducedInTheHouse>
        <placeholderTextForH>1</placeholderTextForH>
        <introducedInHouse>1</introducedInHouse>
      </actionTypeCounts>
      <item>
        <actionDate>2017-02-21</actionDate>
        <committee>
          <name>Military Personnel Subcommittee</name>
          <systemCode>hsas02</systemCode>
        </committee>
        <links />
        <sourceSystem>
          <code>1</code>
          <name>House committee actions</name>
        </sourceSystem>
        <text>Referred to the Subcommittee on Military Personnel.</text>
        <type>Committee</type>
      </item>
      <item>
        <text>Referred to the House Committee on Armed Services.</text>
        <type>IntroReferral</type>
        <actionDate>2017-01-13</actionDate>
        <links />
        <committee>
          <name>Armed Services Committee</name>
          <systemCode>hsas00</systemCode>
        </committee>
        <sourceSystem>
          <code>2</code>
          <name>House floor actions</name>
        </sourceSystem>
        <actionCode>H11100</actionCode>
      </item>
      <item>
        <text>Introduced in House</text>
        <type>IntroReferral</type>
        <actionDate>2017-01-13</actionDate>
        <links />
        <committee />
        <sourceSystem>
          <code>9</code>
          <name>Library of Congress</name>
        </sourceSystem>
        <actionCode>Intro-H</actionCode>
      </item>
      <item>
        <text>Introduced in House</text>
        <type>IntroReferral</type>
        <actionDate>2017-01-13</actionDate>
        <links />
        <committee />
        <sourceSystem>
          <code>9</code>
          <name>Library of Congress</name>
        </sourceSystem>
        <actionCode>1000</actionCode>
      </item>
      <actionByCounts>
        <houseOfRepresentatives>4</houseOfRepresentatives>
      </actionByCounts>
    </actions>
    <congress>115</congress>
    <policyArea>
      <name>Armed Forces and National Security</name>
    </policyArea>
    <subjects>
      <billSubjects>
        <policyArea>
          <name>Armed Forces and National Security</name>
        </policyArea>
        <legislativeSubjects>
          <item>
            <name>Conflicts and wars</name>
          </item>
          <item>
            <name>Military personnel and dependents</name>
          </item>
          <item>
            <name>National Guard and reserves</name>
          </item>
        </legislativeSubjects>
      </billSubjects>
    </subjects>
    <introducedDate>2017-01-13</introducedDate>
    <laws />
    <summaries>
      <billSummaries>
        <item>
          <actionDesc>Introduced in House</actionDesc>
          <name>Introduced in House</name>
          <versionCode>00</versionCode>
          <actionDate>2017-01-13</actionDate>
          <text><![CDATA[<p><strong>Reserve Retirement Deployment Credit Correction Act</strong></p> <p>This bill provides for retroactive calculation as of October 7, 2001, (the start of combat operations in Afghanistan) of qualifying active duty or active service days as a member of the Ready Reserve in order to reduce the eligibility age for receipt of retired pay for non-regular service. The current calculation date is January 28, 2008.</p>]]></text>
          <lastSummaryUpdateDate>2017-02-09T20:51:50Z</lastSummaryUpdateDate>
          <updateDate>2017-01-13T05:00:00Z</updateDate>
        </item>
      </billSummaries>
    </summaries>
    <amendments />
    <version>1.0.0</version>
    <title>Reserve Retirement Deployment Credit Correction Act</title>
    <calendarNumbers />
    <updateDate>2018-03-30T14:00:17Z</updateDate>
    <relatedBills />
  </bill>
  <dublinCore xmlns:dc="http://purl.org/dc/elements/1.1/">
    <dc:format>text/xml</dc:format>
    <dc:language>EN</dc:language>
    <dc:rights>Pursuant to Title 17 Section 105 of the United States Code, this file is not subject to copyright protection and is in the public domain.</dc:rights>
    <dc:contributor>Congressional Research Service, Library of Congress</dc:contributor>
    <dc:description>This file contains bill summaries and statuses for federal legislation. A bill summary describes the most significant provisions of a piece of legislation and details the effects the legislative text may have on current law and federal programs. Bill summaries are authored by the Congressional Research Service (CRS) of the Library of Congress. As stated in Public Law 91-510 (2 USC 166 (d)(6)), one of the duties of CRS is "to prepare summaries and digests of bills and resolutions of a public general nature introduced in the Senate or House of Representatives". For more information, refer to the User Guide that accompanies this file.</dc:description>
  </dublinCore>
</billStatus>

