<?xml version="1.0" encoding="UTF-8"?>
<billStatus>
  <bill>
    <relatedBills>
      <item>
        <number>1935</number>
        <latestAction>
          <actionDate>2017-04-05</actionDate>
          <text>Referred to House Oversight and Government Reform</text>
        </latestAction>
        <relationshipDetails>
          <item>
            <identifiedBy>CRS</identifiedBy>
            <type>Related bill</type>
          </item>
        </relationshipDetails>
        <latestTitle>Congressional Pension Reform Act</latestTitle>
        <type>HR</type>
        <congress>115</congress>
      </item>
      <item>
        <number>145</number>
        <latestAction>
          <actionDate>2017-01-23</actionDate>
          <text>Referred to the Subcommittee on the Constitution and Civil Justice.</text>
        </latestAction>
        <relationshipDetails>
          <item>
            <identifiedBy>CRS</identifiedBy>
            <type>Related bill</type>
          </item>
        </relationshipDetails>
        <latestTitle>CLEAN Act</latestTitle>
        <type>HR</type>
        <congress>115</congress>
      </item>
    </relatedBills>
    <committeeReports />
    <recordedVotes />
    <subjects>
      <billSubjects>
        <policyArea>
          <name>Congress</name>
        </policyArea>
        <legislativeSubjects>
          <item>
            <name>Government employee pay, benefits, personnel management</name>
          </item>
          <item>
            <name>Members of Congress</name>
          </item>
        </legislativeSubjects>
      </billSubjects>
    </subjects>
    <introducedDate>2017-01-05</introducedDate>
    <summaries>
      <billSummaries>
        <item>
          <actionDesc>Introduced in House</actionDesc>
          <name>Introduced in House</name>
          <actionDate>2017-01-05</actionDate>
          <updateDate>2017-01-05T05:00:00Z</updateDate>
          <versionCode>00</versionCode>
          <text><![CDATA[<p><b>End Pensions in Congress Act </b>or the <b> EPIC Act</b></p> <p> This bill amends the Civil Service Retirement System (CSRS) and the Federal Employees' Retirement System (FERS) to exclude Members of Congress, except the Vice President, from further CSRS and FERS retirement coverage.</p> <p>The bill prohibits further government contributions or deductions from such Member's basic pay for deposit in the Treasury to the credit of the Civil Service Retirement and Disability Fund.</p> <p>Nothing in this bill shall: (1) be considered to nullify, modify, or otherwise affect any right, entitlement, or benefit under CSRS or FERS for any Member covering any period before enactment of this bill; or (2) affect the eligibility of a Member to participate in the Thrift Savings Plan in accordance with otherwise applicable law.</p> <p>Members covered by such exclusion, within 90 days after enactment of this bill, may elect to remain subject to CSRS or FERS, as the case may be.</p>]]></text>
          <lastSummaryUpdateDate>2017-01-30T19:45:55Z</lastSummaryUpdateDate>
        </item>
      </billSummaries>
    </summaries>
    <sponsors>
      <item>
        <state>FL</state>
        <lastName>DeSantis</lastName>
        <byRequestType />
        <middleName />
        <fullName>Rep. DeSantis, Ron [R-FL-6]</fullName>
        <district>6</district>
        <party>R</party>
        <firstName>Ron</firstName>
        <identifiers>
          <lisID>2116</lisID>
          <gpoId />
          <bioguideId>D000621</bioguideId>
        </identifiers>
        <bioguideId>D000621</bioguideId>
      </item>
    </sponsors>
    <constitutionalAuthorityStatementText><![CDATA[<pre>From the Congressional Record Online through the Government Publishing Office [<a href='http://www.gpo.gov'>www.gpo.gov</a>]By Mr. DeSANTIS:H.R. 322.Congress has the power to enact this legislation pursuantto the following:Article 1, Section 6, Clause 1 of the U.S. Constitution:The Senators and Representatives shall receive a Compensationfor their Services, to be ascertained by Law, and paid out ofthe Treasury of the United States.[Page H183]</pre>]]></constitutionalAuthorityStatementText>
    <calendarNumbers />
    <updateDate>2018-03-30T13:59:04Z</updateDate>
    <version>1.0.0</version>
    <notes />
    <committees>
      <billCommittees>
        <item>
          <activities>
            <item>
              <date>2017-01-05T15:00:40Z</date>
              <name>Referred to</name>
            </item>
          </activities>
          <systemCode>hsgo00</systemCode>
          <chamber>House</chamber>
          <type>Standing</type>
          <name>Oversight and Government Reform Committee</name>
          <subcommittees />
        </item>
        <item>
          <activities>
            <item>
              <date>2017-01-05T15:00:35Z</date>
              <name>Referred to</name>
            </item>
          </activities>
          <systemCode>hsha00</systemCode>
          <chamber>House</chamber>
          <type>Standing</type>
          <name>House Administration Committee</name>
          <subcommittees />
        </item>
      </billCommittees>
    </committees>
    <originChamber>House</originChamber>
    <cboCostEstimates />
    <titles>
      <item>
        <chamberCode />
        <titleType>Short Titles as Introduced</titleType>
        <title>EPIC Act</title>
        <parentTitleType />
        <chamberName />
      </item>
      <item>
        <chamberCode />
        <titleType>Short Titles as Introduced</titleType>
        <title>End Pensions in Congress Act</title>
        <parentTitleType />
        <chamberName />
      </item>
      <item>
        <chamberCode />
        <titleType>Official Title as Introduced</titleType>
        <title>To amend title 5, United States Code, to provide for the termination of certain retirement benefits for Members of Congress, except the right to continue participating in the Thrift Savings Plan, and for other purposes.</title>
        <parentTitleType />
        <chamberName />
      </item>
      <item>
        <chamberCode />
        <titleType>Display Title</titleType>
        <title>EPIC Act</title>
        <parentTitleType />
        <chamberName />
      </item>
      <item>
        <chamberCode />
        <titleType>(Extracted from GPO) Short Titles as Introduced</titleType>
        <title>End Pensions in Congress Act</title>
        <parentTitleType />
        <chamberName />
      </item>
    </titles>
    <policyArea>
      <name>Congress</name>
    </policyArea>
    <latestAction>
      <actionDate>2017-01-05</actionDate>
      <links />
      <text>Referred to House Oversight and Government Reform</text>
    </latestAction>
    <billType>HR</billType>
    <createDate>2017-01-06T04:57:26Z</createDate>
    <amendments />
    <cosponsors>
      <item>
        <bioguideId>F000450</bioguideId>
        <lastName>Foxx</lastName>
        <identifiers>
          <bioguideId>F000450</bioguideId>
          <gpoId>8028</gpoId>
          <lisID>1791</lisID>
        </identifiers>
        <district>5</district>
        <isOriginalCosponsor>True</isOriginalCosponsor>
        <sponsorshipDate>2017-01-05</sponsorshipDate>
        <state>NC</state>
        <sponsorshipWithdrawnDate />
        <fullName>Rep. Foxx, Virginia [R-NC-5]</fullName>
        <middleName />
        <firstName>Virginia</firstName>
        <party>R</party>
      </item>
      <item>
        <bioguideId>M001184</bioguideId>
        <lastName>Massie</lastName>
        <identifiers>
          <lisID>2094</lisID>
          <gpoId>8371</gpoId>
          <bioguideId>M001184</bioguideId>
        </identifiers>
        <district>4</district>
        <isOriginalCosponsor>True</isOriginalCosponsor>
        <sponsorshipDate>2017-01-05</sponsorshipDate>
        <state>KY</state>
        <sponsorshipWithdrawnDate />
        <fullName>Rep. Massie, Thomas [R-KY-4]</fullName>
        <middleName />
        <firstName>Thomas</firstName>
        <party>R</party>
      </item>
      <item>
        <bioguideId>P000601</bioguideId>
        <lastName>Palazzo</lastName>
        <identifiers>
          <bioguideId>P000601</bioguideId>
          <gpoId>8022</gpoId>
          <lisID>2035</lisID>
        </identifiers>
        <district>4</district>
        <isOriginalCosponsor>True</isOriginalCosponsor>
        <sponsorshipDate>2017-01-05</sponsorshipDate>
        <state>MS</state>
        <sponsorshipWithdrawnDate />
        <fullName>Rep. Palazzo, Steven M. [R-MS-4]</fullName>
        <middleName>M.</middleName>
        <firstName>Steven</firstName>
        <party>R</party>
      </item>
      <item>
        <bioguideId>B001294</bioguideId>
        <lastName>Blum</lastName>
        <identifiers>
          <gpoId />
          <lisID>2241</lisID>
          <bioguideId>B001294</bioguideId>
        </identifiers>
        <district>1</district>
        <isOriginalCosponsor>True</isOriginalCosponsor>
        <sponsorshipDate>2017-01-05</sponsorshipDate>
        <state>IA</state>
        <sponsorshipWithdrawnDate />
        <fullName>Rep. Blum, Rod [R-IA-1]</fullName>
        <middleName />
        <firstName>Rod</firstName>
        <party>R</party>
      </item>
    </cosponsors>
    <laws />
    <title>EPIC Act</title>
    <billNumber>322</billNumber>
    <congress>115</congress>
    <actions>
      <item>
        <actionDate>2017-01-05</actionDate>
        <text>Referred to House Oversight and Government Reform</text>
        <links />
        <committee>
          <name>Oversight and Government Reform Committee</name>
          <systemCode>hsgo00</systemCode>
        </committee>
        <sourceSystem>
          <code>2</code>
          <name>House floor actions</name>
        </sourceSystem>
        <actionCode>H11100</actionCode>
        <type>IntroReferral</type>
      </item>
      <item>
        <actionDate>2017-01-05</actionDate>
        <text>Referred to House Administration</text>
        <links />
        <committee>
          <name>House Administration Committee</name>
          <systemCode>hsha00</systemCode>
        </committee>
        <sourceSystem>
          <code>2</code>
          <name>House floor actions</name>
        </sourceSystem>
        <actionCode>H11100</actionCode>
        <type>IntroReferral</type>
      </item>
      <item>
        <actionDate>2017-01-05</actionDate>
        <text>Referred to the Committee on House Administration, and in addition to the Committee on Oversight and Government Reform, for a period to be subsequently determined by the Speaker, in each case for consideration of such provisions as fall within the jurisdiction of the committee concerned.</text>
        <links />
        <committee />
        <sourceSystem>
          <code>9</code>
          <name>Library of Congress</name>
        </sourceSystem>
        <actionCode>H11100-A</actionCode>
        <type>IntroReferral</type>
      </item>
      <item>
        <actionDate>2017-01-05</actionDate>
        <text>Introduced in House</text>
        <links />
        <committee />
        <sourceSystem>
          <code>9</code>
          <name>Library of Congress</name>
        </sourceSystem>
        <actionCode>Intro-H</actionCode>
        <type>IntroReferral</type>
      </item>
      <item>
        <actionDate>2017-01-05</actionDate>
        <text>Introduced in House</text>
        <links />
        <committee />
        <sourceSystem>
          <code>9</code>
          <name>Library of Congress</name>
        </sourceSystem>
        <actionCode>1000</actionCode>
        <type>IntroReferral</type>
      </item>
      <actionTypeCounts>
        <billReferralsAggregate>1</billReferralsAggregate>
        <introducedInHouse>1</introducedInHouse>
        <introducedInTheHouse>1</introducedInTheHouse>
        <billReferrals>2</billReferrals>
      </actionTypeCounts>
      <actionByCounts>
        <houseOfRepresentatives>5</houseOfRepresentatives>
      </actionByCounts>
    </actions>
  </bill>
  <dublinCore xmlns:dc="http://purl.org/dc/elements/1.1/">
    <dc:format>text/xml</dc:format>
    <dc:language>EN</dc:language>
    <dc:rights>Pursuant to Title 17 Section 105 of the United States Code, this file is not subject to copyright protection and is in the public domain.</dc:rights>
    <dc:contributor>Congressional Research Service, Library of Congress</dc:contributor>
    <dc:description>This file contains bill summaries and statuses for federal legislation. A bill summary describes the most significant provisions of a piece of legislation and details the effects the legislative text may have on current law and federal programs. Bill summaries are authored by the Congressional Research Service (CRS) of the Library of Congress. As stated in Public Law 91-510 (2 USC 166 (d)(6)), one of the duties of CRS is "to prepare summaries and digests of bills and resolutions of a public general nature introduced in the Senate or House of Representatives". For more information, refer to the User Guide that accompanies this file.</dc:description>
  </dublinCore>
</billStatus>

