<?xml version="1.0" encoding="UTF-8"?>
<billStatus>
  <bill>
    <calendarNumbers />
    <congress>115</congress>
    <billType>HR</billType>
    <constitutionalAuthorityStatementText><![CDATA[<pre>[Pages H702-H703]From the Congressional Record Online through the Government Publishing Office [<a href='http://www.gpo.gov'>www.gpo.gov</a>]By Mr. MESSER:H.R. 716.Congress has the power to enact this legislation pursuantto the following:Article I, Section 8, Clause 1, which states ``TheCongress shall have Power To lay and[[Page H703]]collect Taxes, Duties, Imposts and Excises, to pay the Debtsand provide for the common Defence and general Welfare of theUnited States; but all Duties, Imposts and Excises shall beuniform throughout the United States'' and Article I, Section8, Clause 18, which empowers Congress to ``To make all Lawswhich shall be necessary and proper for carrying intoExecution the foregoing Powers, and all other Powers vestedby this Constitution in the Government of the United States,or in any Department or Officer thereof''</pre>]]></constitutionalAuthorityStatementText>
    <recordedVotes />
    <summaries>
      <billSummaries>
        <item>
          <actionDesc>Introduced in House</actionDesc>
          <text><![CDATA[<p><strong>Enhancing Educational Opportunities for all Students Act</strong> </p> <p>This bill amends the Elementary and Secondary Education Act of 1965 to allow a state educational agency to allocate grant funds among local educational agencies based on the number of eligible children (children age 5 to 17 from a family with an income below the poverty level)&nbsp;enrolled in the public schools and the state-accredited private schools within each local agency's geographic jurisdiction.</p> <p>This bill also amends the Internal Revenue Code to: (1) allow payment of home school expenses from Coverdell education savings accounts; (2) remove the dollar limitation on contributions to Coverdell education savings accounts and require such accounts to provide adequate safeguards to prevent contributions from exceeding the amount necessary to provide for the qualified education expenses of the account beneficiary; and (3) allow tax-exempt qualified tuition programs (529 tuition programs) to pay qualified pre-kindergarten, elementary, and secondary education expenses.</p>]]></text>
          <lastSummaryUpdateDate>2017-02-09T14:13:38Z</lastSummaryUpdateDate>
          <name>Introduced in House</name>
          <versionCode>00</versionCode>
          <updateDate>2017-01-27T05:00:00Z</updateDate>
          <actionDate>2017-01-27</actionDate>
        </item>
      </billSummaries>
    </summaries>
    <subjects>
      <billSubjects>
        <legislativeSubjects>
          <item>
            <name>Education of the disadvantaged</name>
          </item>
          <item>
            <name>Education programs funding</name>
          </item>
          <item>
            <name>Elementary and secondary education</name>
          </item>
          <item>
            <name>Higher education</name>
          </item>
          <item>
            <name>Income tax exclusion</name>
          </item>
          <item>
            <name>Poverty and welfare assistance</name>
          </item>
          <item>
            <name>Preschool education</name>
          </item>
          <item>
            <name>Student aid and college costs</name>
          </item>
        </legislativeSubjects>
        <policyArea>
          <name>Education</name>
        </policyArea>
      </billSubjects>
    </subjects>
    <cosponsors />
    <actions>
      <item>
        <sourceSystem>
          <name>House floor actions</name>
          <code>2</code>
        </sourceSystem>
        <type>IntroReferral</type>
        <committee>
          <name>Education and the Workforce Committee</name>
          <systemCode>hsed00</systemCode>
        </committee>
        <text>Referred to House Education and the Workforce</text>
        <actionCode>H11100</actionCode>
        <actionDate>2017-01-27</actionDate>
        <links />
      </item>
      <item>
        <sourceSystem>
          <name>House floor actions</name>
          <code>2</code>
        </sourceSystem>
        <type>IntroReferral</type>
        <committee>
          <name>Ways and Means Committee</name>
          <systemCode>hswm00</systemCode>
        </committee>
        <text>Referred to House Ways and Means</text>
        <actionCode>H11100</actionCode>
        <actionDate>2017-01-27</actionDate>
        <links />
      </item>
      <item>
        <sourceSystem>
          <name>Library of Congress</name>
          <code>9</code>
        </sourceSystem>
        <type>IntroReferral</type>
        <committee />
        <text>Referred to the Committee on Ways and Means, and in addition to the Committee on Education and the Workforce, for a period to be subsequently determined by the Speaker, in each case for consideration of such provisions as fall within the jurisdiction of the committee concerned.</text>
        <actionCode>H11100-A</actionCode>
        <actionDate>2017-01-27</actionDate>
        <links />
      </item>
      <item>
        <sourceSystem>
          <name>Library of Congress</name>
          <code>9</code>
        </sourceSystem>
        <type>IntroReferral</type>
        <committee />
        <text>Introduced in House</text>
        <actionCode>Intro-H</actionCode>
        <actionDate>2017-01-27</actionDate>
        <links />
      </item>
      <item>
        <sourceSystem>
          <name>Library of Congress</name>
          <code>9</code>
        </sourceSystem>
        <type>IntroReferral</type>
        <committee />
        <text>Introduced in House</text>
        <actionCode>1000</actionCode>
        <actionDate>2017-01-27</actionDate>
        <links />
      </item>
      <actionTypeCounts>
        <introducedInTheHouse>1</introducedInTheHouse>
        <billReferrals>2</billReferrals>
        <billReferralsAggregate>1</billReferralsAggregate>
        <introducedInHouse>1</introducedInHouse>
      </actionTypeCounts>
      <actionByCounts>
        <houseOfRepresentatives>5</houseOfRepresentatives>
      </actionByCounts>
    </actions>
    <notes />
    <policyArea>
      <name>Education</name>
    </policyArea>
    <billNumber>716</billNumber>
    <createDate>2017-01-28T04:53:23Z</createDate>
    <originChamber>House</originChamber>
    <committees>
      <billCommittees>
        <item>
          <systemCode>hsed00</systemCode>
          <subcommittees />
          <name>Education and the Workforce Committee</name>
          <type>Standing</type>
          <chamber>House</chamber>
          <activities>
            <item>
              <date>2017-01-27T19:02:00Z</date>
              <name>Referred to</name>
            </item>
          </activities>
        </item>
        <item>
          <systemCode>hswm00</systemCode>
          <subcommittees />
          <name>Ways and Means Committee</name>
          <type>Standing</type>
          <chamber>House</chamber>
          <activities>
            <item>
              <date>2017-01-27T19:01:50Z</date>
              <name>Referred to</name>
            </item>
          </activities>
        </item>
      </billCommittees>
    </committees>
    <introducedDate>2017-01-27</introducedDate>
    <amendments />
    <sponsors>
      <item>
        <lastName>Messer</lastName>
        <bioguideId>M001189</bioguideId>
        <identifiers>
          <bioguideId>M001189</bioguideId>
          <lisID>2130</lisID>
          <gpoId />
        </identifiers>
        <party>R</party>
        <firstName>Luke</firstName>
        <fullName>Rep. Messer, Luke [R-IN-6]</fullName>
        <state>IN</state>
        <byRequestType />
        <middleName />
        <district>6</district>
      </item>
    </sponsors>
    <committeeReports />
    <cboCostEstimates />
    <titles>
      <item>
        <chamberCode />
        <titleType>Short Titles as Introduced</titleType>
        <title>Enhancing Educational Opportunities for all Students Act</title>
        <parentTitleType />
        <chamberName />
      </item>
      <item>
        <chamberCode />
        <titleType>Official Title as Introduced</titleType>
        <title>To amend the Internal Revenue Code of 1986 to encourage the use of 529 plans and Coverdell education savings accounts, and for other purposes.</title>
        <parentTitleType />
        <chamberName />
      </item>
      <item>
        <chamberCode />
        <titleType>Display Title</titleType>
        <title>Enhancing Educational Opportunities for all Students Act</title>
        <parentTitleType />
        <chamberName />
      </item>
      <item>
        <chamberCode />
        <titleType>(Extracted from GPO) Short Titles as Introduced</titleType>
        <title>Enhancing Educational Opportunities for all Students Act</title>
        <parentTitleType />
        <chamberName />
      </item>
    </titles>
    <title>Enhancing Educational Opportunities for all Students Act</title>
    <laws />
    <relatedBills>
      <item>
        <latestTitle>Enhancing Educational Opportunities for all Students Act</latestTitle>
        <latestAction>
          <actionDate>2018-01-16</actionDate>
          <text>Read twice and referred to the Committee on Finance.</text>
        </latestAction>
        <number>2306</number>
        <type>S</type>
        <congress>115</congress>
        <relationshipDetails>
          <item>
            <identifiedBy>CRS</identifiedBy>
            <type>Related bill</type>
          </item>
        </relationshipDetails>
      </item>
    </relatedBills>
    <latestAction>
      <actionDate>2017-01-27</actionDate>
      <links />
      <text>Referred to House Education and the Workforce</text>
    </latestAction>
    <version>1.0.0</version>
    <updateDate>2018-03-30T14:01:00Z</updateDate>
  </bill>
  <dublinCore xmlns:dc="http://purl.org/dc/elements/1.1/">
    <dc:format>text/xml</dc:format>
    <dc:language>EN</dc:language>
    <dc:rights>Pursuant to Title 17 Section 105 of the United States Code, this file is not subject to copyright protection and is in the public domain.</dc:rights>
    <dc:contributor>Congressional Research Service, Library of Congress</dc:contributor>
    <dc:description>This file contains bill summaries and statuses for federal legislation. A bill summary describes the most significant provisions of a piece of legislation and details the effects the legislative text may have on current law and federal programs. Bill summaries are authored by the Congressional Research Service (CRS) of the Library of Congress. As stated in Public Law 91-510 (2 USC 166 (d)(6)), one of the duties of CRS is "to prepare summaries and digests of bills and resolutions of a public general nature introduced in the Senate or House of Representatives". For more information, refer to the User Guide that accompanies this file.</dc:description>
  </dublinCore>
</billStatus>

