<?xml version="1.0" encoding="UTF-8"?>
<billStatus>
  <bill>
    <relatedBills>
      <item>
        <relationshipDetails>
          <item>
            <type>Related bill</type>
            <identifiedBy>CRS</identifiedBy>
          </item>
        </relationshipDetails>
        <latestAction>
          <actionDate>2017-08-02</actionDate>
          <text>Read twice and referred to the Committee on the Judiciary.</text>
        </latestAction>
        <number>1709</number>
        <congress>115</congress>
        <type>S</type>
        <latestTitle>Targeting Child Predators Act of 2017</latestTitle>
      </item>
    </relatedBills>
    <committeeReports>
      <committeeReport>
        <citation>H. Rept. 115-141</citation>
      </committeeReport>
    </committeeReports>
    <recordedVotes />
    <subjects>
      <billSubjects>
        <legislativeSubjects>
          <item>
            <name>Criminal investigation, prosecution, interrogation</name>
          </item>
          <item>
            <name>Criminal procedure and sentencing</name>
          </item>
          <item>
            <name>Evidence and witnesses</name>
          </item>
          <item>
            <name>Judicial review and appeals</name>
          </item>
        </legislativeSubjects>
        <policyArea>
          <name>Crime and Law Enforcement</name>
        </policyArea>
      </billSubjects>
    </subjects>
    <introducedDate>2017-02-06</introducedDate>
    <summaries>
      <billSummaries>
        <item>
          <lastSummaryUpdateDate>2017-05-22T14:20:06Z</lastSummaryUpdateDate>
          <updateDate>2017-02-06T05:00:00Z</updateDate>
          <text><![CDATA[<p><STRONG></STRONG><b>Targeting Child Predators Act of 2017</b></p> <p>This bill amends the federal criminal code to revise provisions with respect to a nondisclosure requirement issued in connection with certain administrative subpoenas (e.g., an administrative subpoena in a child exploitation and abuse investigation). </p> <p> The bill modifies the process for issuing a nondisclosure requirement and lengthens the period of time during which a recipient of an administrative subpoena is prohibited from disclosure. </p> <p>It also subjects a nondisclosure requirement to judicial review, requires the administrative subpoena to include notice of the availability of judicial review, and establishes a process for judicial review.</p>]]></text>
          <actionDesc>Introduced in House</actionDesc>
          <versionCode>00</versionCode>
          <actionDate>2017-02-06</actionDate>
          <name>Introduced in House</name>
        </item>
        <item>
          <lastSummaryUpdateDate>2018-02-28T19:46:36Z</lastSummaryUpdateDate>
          <updateDate>2017-05-22T14:04:02Z</updateDate>
          <text><![CDATA[<p>(This measure has not been amended since it was introduced. The summary has been expanded because action occurred on the measure.)</p> <p><STRONG></STRONG><b>Targeting Child Predators Act of 2017</b></p> <p>(Sec. 2) This bill amends the federal criminal code to modify the process for issuing a nondisclosure requirement in connection with administrative subpoenas in four categories of investigations: health care offenses, child sexual exploitation or abuse, unregistered sex offenders, and imminent threats to an individual protected by the U.S. Secret Service.</p> <p> It lengthens the period of time during which a recipient of an administrative subpoena is prohibited from disclosure. </p> <p>(Sec. 3) The bill subjects a nondisclosure requirement to judicial review, requires the administrative subpoena to include notice of the availability of judicial review, and establishes a process for judicial review.</p>]]></text>
          <actionDesc>Passed House without amendment</actionDesc>
          <versionCode>81</versionCode>
          <actionDate>2017-05-22</actionDate>
          <name>Passed House without amendment</name>
        </item>
      </billSummaries>
    </summaries>
    <sponsors>
      <item>
        <state>FL</state>
        <lastName>DeSantis</lastName>
        <byRequestType />
        <middleName />
        <fullName>Rep. DeSantis, Ron [R-FL-6]</fullName>
        <district>6</district>
        <party>R</party>
        <firstName>Ron</firstName>
        <identifiers>
          <lisID>2116</lisID>
          <gpoId />
          <bioguideId>D000621</bioguideId>
        </identifiers>
        <bioguideId>D000621</bioguideId>
      </item>
    </sponsors>
    <constitutionalAuthorityStatementText><![CDATA[<pre>From the Congressional Record Online through the Government Publishing Office [<a href='http://www.gpo.gov'>www.gpo.gov</a>]By Mr. DeSANTIS:H.R. 883.Congress has the power to enact this legislation pursuantto the following:Article 1, Section 8 of the United States Constitution.Specifically, Clause 1 (relating to providing for the generalwelfare of the United States) and Clause 18 (relating to thepower to make all laws necessary and proper for carrying outthe powers vested in Congress)[Page H1013]</pre>]]></constitutionalAuthorityStatementText>
    <calendarNumbers>
      <item>
        <number />
        <calendar>U00090</calendar>
      </item>
    </calendarNumbers>
    <updateDate>2018-03-30T14:01:43Z</updateDate>
    <version>1.0.0</version>
    <notes />
    <committees>
      <billCommittees>
        <item>
          <subcommittees />
          <name>Judiciary Committee</name>
          <systemCode>ssju00</systemCode>
          <chamber>Senate</chamber>
          <activities>
            <item>
              <date>2017-05-23T15:26:02Z</date>
              <name>Referred to</name>
            </item>
          </activities>
          <type>Standing</type>
        </item>
        <item>
          <subcommittees>
            <item>
              <name>Crime, Terrorism, Homeland Security, and Investigations Subcommittee</name>
              <systemCode>hsju08</systemCode>
              <activities>
                <item>
                  <date>2017-03-09T20:12:57Z</date>
                  <name>Referred to</name>
                </item>
              </activities>
            </item>
          </subcommittees>
          <name>Judiciary Committee</name>
          <systemCode>hsju00</systemCode>
          <chamber>House</chamber>
          <activities>
            <item>
              <date>2017-05-22T19:09:03Z</date>
              <name>Reported by</name>
            </item>
            <item>
              <date>2017-03-22T21:44:55Z</date>
              <name>Markup by</name>
            </item>
            <item>
              <date>2017-02-06T17:00:45Z</date>
              <name>Referred to</name>
            </item>
          </activities>
          <type>Standing</type>
        </item>
      </billCommittees>
    </committees>
    <originChamber>House</originChamber>
    <cboCostEstimates>
      <item>
        <pubDate>2017-04-26T19:30:00Z</pubDate>
        <url>https://www.cbo.gov/publication/52663</url>
        <title>H.R. 883, Targeting Child Predators Act of 2017</title>
      </item>
    </cboCostEstimates>
    <titles>
      <item>
        <title>Targeting Child Predators Act of 2017</title>
        <parentTitleType>Short Titles House of Representatives</parentTitleType>
        <chamberCode>H</chamberCode>
        <titleType>Short Titles as Passed House</titleType>
        <chamberName>House</chamberName>
      </item>
      <item>
        <title>Targeting Child Predators Act of 2017</title>
        <parentTitleType>Short Titles House of Representatives</parentTitleType>
        <chamberCode>H</chamberCode>
        <titleType>Short Titles as Reported to House</titleType>
        <chamberName>House</chamberName>
      </item>
      <item>
        <title>Targeting Child Predators Act of 2017</title>
        <parentTitleType />
        <chamberCode />
        <titleType>Short Titles as Introduced</titleType>
        <chamberName />
      </item>
      <item>
        <title>To amend title 18, United States Code, to provide a certification process for the issuance of nondisclosure requirements accompanying certain administrative subpoenas, to provide for judicial review of such nondisclosure requirements, and for other purposes.</title>
        <parentTitleType />
        <chamberCode />
        <titleType>Official Title as Introduced</titleType>
        <chamberName />
      </item>
      <item>
        <title>Targeting Child Predators Act of 2017</title>
        <parentTitleType />
        <chamberCode />
        <titleType>Display Title</titleType>
        <chamberName />
      </item>
      <item>
        <title>Targeting Child Predators Act of 2017</title>
        <parentTitleType />
        <chamberCode>H</chamberCode>
        <titleType>(Extracted from GPO) Short Titles as Reported to House</titleType>
        <chamberName>House</chamberName>
      </item>
      <item>
        <title>Targeting Child Predators Act of 2017</title>
        <parentTitleType />
        <chamberCode>H</chamberCode>
        <titleType>(Extracted from GPO) Short Titles as Passed House</titleType>
        <chamberName>House</chamberName>
      </item>
      <item>
        <title>Targeting Child Predators Act of 2017</title>
        <parentTitleType />
        <chamberCode />
        <titleType>(Extracted from GPO) Short Titles as Introduced</titleType>
        <chamberName />
      </item>
    </titles>
    <policyArea>
      <name>Crime and Law Enforcement</name>
    </policyArea>
    <latestAction>
      <actionDate>2017-05-23</actionDate>
      <links />
      <text>Received in the Senate and Read twice and referred to the Committee on the Judiciary.</text>
    </latestAction>
    <billType>HR</billType>
    <createDate>2017-02-07T04:46:14Z</createDate>
    <amendments />
    <cosponsors>
      <item>
        <lastName>Ratcliffe</lastName>
        <bioguideId>R000601</bioguideId>
        <state>TX</state>
        <sponsorshipDate>2017-03-20</sponsorshipDate>
        <fullName>Rep. Ratcliffe, John [R-TX-4]</fullName>
        <identifiers>
          <bioguideId>R000601</bioguideId>
          <lisID>2268</lisID>
          <gpoId />
        </identifiers>
        <middleName />
        <sponsorshipWithdrawnDate />
        <firstName>John</firstName>
        <isOriginalCosponsor>False</isOriginalCosponsor>
        <party>R</party>
        <district>4</district>
      </item>
      <item>
        <lastName>Marino</lastName>
        <bioguideId>M001179</bioguideId>
        <state>PA</state>
        <sponsorshipDate>2017-03-20</sponsorshipDate>
        <fullName>Rep. Marino, Tom [R-PA-10]</fullName>
        <identifiers>
          <gpoId>8128</gpoId>
          <lisID>2053</lisID>
          <bioguideId>M001179</bioguideId>
        </identifiers>
        <middleName />
        <sponsorshipWithdrawnDate />
        <firstName>Tom</firstName>
        <isOriginalCosponsor>False</isOriginalCosponsor>
        <party>R</party>
        <district>10</district>
      </item>
      <item>
        <lastName>Franks</lastName>
        <bioguideId>F000448</bioguideId>
        <state>AZ</state>
        <sponsorshipDate>2017-03-20</sponsorshipDate>
        <fullName>Rep. Franks, Trent [R-AZ-8]</fullName>
        <identifiers>
          <bioguideId>F000448</bioguideId>
          <gpoId>7799</gpoId>
          <lisID>1707</lisID>
        </identifiers>
        <middleName />
        <sponsorshipWithdrawnDate />
        <firstName>Trent</firstName>
        <isOriginalCosponsor>False</isOriginalCosponsor>
        <party>R</party>
        <district>8</district>
      </item>
      <item>
        <lastName>SMITH</lastName>
        <bioguideId>S000583</bioguideId>
        <state>TX</state>
        <sponsorshipDate>2017-03-20</sponsorshipDate>
        <fullName>Rep. Smith, Lamar [R-TX-21]</fullName>
        <identifiers>
          <bioguideId>S000583</bioguideId>
          <lisID>1075</lisID>
          <gpoId>8177</gpoId>
        </identifiers>
        <middleName />
        <sponsorshipWithdrawnDate />
        <firstName>LAMAR</firstName>
        <isOriginalCosponsor>False</isOriginalCosponsor>
        <party>R</party>
        <district>21</district>
      </item>
      <item>
        <lastName>SENSENBRENNER</lastName>
        <bioguideId>S000244</bioguideId>
        <state>WI</state>
        <sponsorshipDate>2017-03-20</sponsorshipDate>
        <fullName>Rep. Sensenbrenner, F. James, Jr. [R-WI-5]</fullName>
        <identifiers>
          <lisID>1041</lisID>
          <gpoId>8218</gpoId>
          <bioguideId>S000244</bioguideId>
        </identifiers>
        <middleName>JAMES</middleName>
        <sponsorshipWithdrawnDate />
        <firstName>F.</firstName>
        <isOriginalCosponsor>False</isOriginalCosponsor>
        <party>R</party>
        <district>5</district>
      </item>
      <item>
        <lastName>Messer</lastName>
        <bioguideId>M001189</bioguideId>
        <state>IN</state>
        <sponsorshipDate>2017-05-18</sponsorshipDate>
        <fullName>Rep. Messer, Luke [R-IN-6]</fullName>
        <identifiers>
          <lisID>2130</lisID>
          <gpoId />
          <bioguideId>M001189</bioguideId>
        </identifiers>
        <middleName />
        <sponsorshipWithdrawnDate />
        <firstName>Luke</firstName>
        <isOriginalCosponsor>False</isOriginalCosponsor>
        <party>R</party>
        <district>6</district>
      </item>
      <item>
        <lastName>Tenney</lastName>
        <bioguideId>T000478</bioguideId>
        <state>NY</state>
        <sponsorshipDate>2017-05-22</sponsorshipDate>
        <fullName>Rep. Tenney, Claudia [R-NY-22]</fullName>
        <identifiers>
          <gpoId />
          <bioguideId>T000478</bioguideId>
          <lisID>2344</lisID>
        </identifiers>
        <middleName />
        <sponsorshipWithdrawnDate />
        <firstName>Claudia</firstName>
        <isOriginalCosponsor>False</isOriginalCosponsor>
        <party>R</party>
        <district>22</district>
      </item>
      <item>
        <lastName>Young</lastName>
        <bioguideId>Y000066</bioguideId>
        <state>IA</state>
        <sponsorshipDate>2017-05-22</sponsorshipDate>
        <fullName>Rep. Young, David [R-IA-3]</fullName>
        <identifiers>
          <gpoId />
          <lisID>2242</lisID>
          <bioguideId>Y000066</bioguideId>
        </identifiers>
        <middleName />
        <sponsorshipWithdrawnDate />
        <firstName>David</firstName>
        <isOriginalCosponsor>False</isOriginalCosponsor>
        <party>R</party>
        <district>3</district>
      </item>
    </cosponsors>
    <laws />
    <title>Targeting Child Predators Act of 2017</title>
    <billNumber>883</billNumber>
    <congress>115</congress>
    <actions>
      <item>
        <actionDate>2017-05-23</actionDate>
        <committee>
          <name>Judiciary Committee</name>
          <systemCode>ssju00</systemCode>
        </committee>
        <links />
        <sourceSystem>
          <code>0</code>
          <name>Senate</name>
        </sourceSystem>
        <text>Received in the Senate and Read twice and referred to the Committee on the Judiciary.</text>
        <type>IntroReferral</type>
      </item>
      <item>
        <actionDate>2017-05-22</actionDate>
        <text>Motion to reconsider laid on the table Agreed to without objection.</text>
        <links />
        <committee />
        <sourceSystem>
          <code>2</code>
          <name>House floor actions</name>
        </sourceSystem>
        <actionCode>H38310</actionCode>
        <actionTime>17:45:46</actionTime>
        <type>Floor</type>
      </item>
      <item>
        <actionDate>2017-05-22</actionDate>
        <text>On motion to suspend the rules and pass the bill Agreed to by voice vote. (text: CR H4406)</text>
        <links>
          <link>
            <name>H4406</name>
            <url>https://www.congress.gov/congressional-record/volume-163/house-section/page/H4406</url>
          </link>
        </links>
        <committee />
        <sourceSystem>
          <code>2</code>
          <name>House floor actions</name>
        </sourceSystem>
        <actionCode>H37300</actionCode>
        <actionTime>17:45:44</actionTime>
        <type>Floor</type>
      </item>
      <item>
        <actionDate>2017-05-22</actionDate>
        <text>Passed/agreed to in House: On motion to suspend the rules and pass the bill Agreed to by voice vote.</text>
        <links />
        <committee />
        <sourceSystem>
          <code>9</code>
          <name>Library of Congress</name>
        </sourceSystem>
        <actionCode>8000</actionCode>
        <actionTime>17:45:44</actionTime>
        <type>Floor</type>
      </item>
      <item>
        <actionDate>2017-05-22</actionDate>
        <text>DEBATE - The House proceeded with forty minutes of debate on H.R. 883.</text>
        <links>
          <link>
            <name>H.R. 883</name>
            <url>https://www.congress.gov/bill/115th-congress/house-bill/883</url>
          </link>
        </links>
        <committee />
        <sourceSystem>
          <code>2</code>
          <name>House floor actions</name>
        </sourceSystem>
        <actionCode>H8D000</actionCode>
        <actionTime>17:25:49</actionTime>
        <type>Floor</type>
      </item>
      <item>
        <actionDate>2017-05-22</actionDate>
        <text>Considered under suspension of the rules. (consideration: CR H4406-4409)</text>
        <links>
          <link>
            <name>H4406-4409</name>
            <url>https://www.congress.gov/congressional-record/volume-163/house-section/page/H4406-4409</url>
          </link>
        </links>
        <committee />
        <sourceSystem>
          <code>2</code>
          <name>House floor actions</name>
        </sourceSystem>
        <actionCode>H30000</actionCode>
        <actionTime>17:25:47</actionTime>
        <type>Floor</type>
      </item>
      <item>
        <actionDate>2017-05-22</actionDate>
        <text>Mr. Goodlatte moved to suspend the rules and pass the bill.</text>
        <links />
        <committee />
        <sourceSystem>
          <code>2</code>
          <name>House floor actions</name>
        </sourceSystem>
        <actionCode>H30300</actionCode>
        <actionTime>17:25:39</actionTime>
        <type>Floor</type>
      </item>
      <item>
        <actionDate>2017-05-22</actionDate>
        <text>Placed on the Union Calendar, Calendar No. 90.</text>
        <links />
        <committee />
        <sourceSystem>
          <code>2</code>
          <name>House floor actions</name>
        </sourceSystem>
        <actionCode>H12410</actionCode>
        <type>Calendars</type>
      </item>
      <item>
        <actionDate>2017-05-22</actionDate>
        <text>Reported by the Committee on Judiciary. H. Rept. 115-141.</text>
        <links>
          <link>
            <name>H. Rept. 115-141</name>
            <url>https://www.congress.gov/congressional-report/115th-congress/house-report/141</url>
          </link>
        </links>
        <committee>
          <name>Judiciary Committee</name>
          <systemCode>hsju00</systemCode>
        </committee>
        <sourceSystem>
          <code>2</code>
          <name>House floor actions</name>
        </sourceSystem>
        <actionCode>H12200</actionCode>
        <type>Committee</type>
      </item>
      <item>
        <actionDate>2017-05-22</actionDate>
        <text>Reported by the Committee on Judiciary. H. Rept. 115-141.</text>
        <links>
          <link>
            <name>H. Rept. 115-141</name>
            <url>https://www.congress.gov/congressional-report/115th-congress/house-report/141</url>
          </link>
        </links>
        <committee>
          <name>Judiciary Committee</name>
          <systemCode>hsju00</systemCode>
        </committee>
        <sourceSystem>
          <code>9</code>
          <name>Library of Congress</name>
        </sourceSystem>
        <actionCode>5000</actionCode>
        <type>Committee</type>
      </item>
      <item>
        <actionDate>2017-03-22</actionDate>
        <committee>
          <name>Judiciary Committee</name>
          <systemCode>hsju00</systemCode>
        </committee>
        <links />
        <sourceSystem>
          <code>1</code>
          <name>House committee actions</name>
        </sourceSystem>
        <text>Committee Consideration and Mark-up Session Held.</text>
        <type>Committee</type>
      </item>
      <item>
        <actionDate>2017-03-22</actionDate>
        <committee>
          <name>Judiciary Committee</name>
          <systemCode>hsju00</systemCode>
        </committee>
        <links />
        <sourceSystem>
          <code>1</code>
          <name>House committee actions</name>
        </sourceSystem>
        <text>Ordered to be Reported by Voice Vote.</text>
        <type>Committee</type>
      </item>
      <item>
        <actionDate>2017-03-09</actionDate>
        <committee>
          <name>Crime, Terrorism, Homeland Security, and Investigations Subcommittee</name>
          <systemCode>hsju08</systemCode>
        </committee>
        <links />
        <sourceSystem>
          <code>1</code>
          <name>House committee actions</name>
        </sourceSystem>
        <text>Referred to the Subcommittee on Crime, Terrorism, Homeland Security, and Investigations.</text>
        <type>Committee</type>
      </item>
      <item>
        <actionDate>2017-02-06</actionDate>
        <text>Referred to the House Committee on the Judiciary.</text>
        <links />
        <committee>
          <name>Judiciary Committee</name>
          <systemCode>hsju00</systemCode>
        </committee>
        <sourceSystem>
          <code>2</code>
          <name>House floor actions</name>
        </sourceSystem>
        <actionCode>H11100</actionCode>
        <type>IntroReferral</type>
      </item>
      <item>
        <actionDate>2017-02-06</actionDate>
        <text>Introduced in House</text>
        <links />
        <committee />
        <sourceSystem>
          <code>9</code>
          <name>Library of Congress</name>
        </sourceSystem>
        <actionCode>Intro-H</actionCode>
        <type>IntroReferral</type>
      </item>
      <item>
        <actionDate>2017-02-06</actionDate>
        <text>Introduced in House</text>
        <links />
        <committee />
        <sourceSystem>
          <code>9</code>
          <name>Library of Congress</name>
        </sourceSystem>
        <actionCode>1000</actionCode>
        <type>IntroReferral</type>
      </item>
      <actionTypeCounts>
        <introducedInHouse>1</introducedInHouse>
        <considerationByHouse>1</considerationByHouse>
        <reportedToHouse>1</reportedToHouse>
        <billReferrals>1</billReferrals>
        <motionToReconsiderResults>1</motionToReconsiderResults>
        <actionStageOverride>1</actionStageOverride>
        <motionMadeToSuspendTheRules>1</motionMadeToSuspendTheRules>
        <passedAgreedToInHouse>1</passedAgreedToInHouse>
        <referredToCommittee>1</referredToCommittee>
        <unionCalendarAssignment>1</unionCalendarAssignment>
        <generalDebate>1</generalDebate>
        <committeeReportOfABill>1</committeeReportOfABill>
        <finalPassageUnderSuspensionOfTheRulesResults>1</finalPassageUnderSuspensionOfTheRulesResults>
        <placeholderTextForH>2</placeholderTextForH>
        <introducedInTheHouse>1</introducedInTheHouse>
      </actionTypeCounts>
      <actionByCounts>
        <senate>1</senate>
        <houseOfRepresentatives>15</houseOfRepresentatives>
      </actionByCounts>
    </actions>
  </bill>
  <dublinCore xmlns:dc="http://purl.org/dc/elements/1.1/">
    <dc:format>text/xml</dc:format>
    <dc:language>EN</dc:language>
    <dc:rights>Pursuant to Title 17 Section 105 of the United States Code, this file is not subject to copyright protection and is in the public domain.</dc:rights>
    <dc:contributor>Congressional Research Service, Library of Congress</dc:contributor>
    <dc:description>This file contains bill summaries and statuses for federal legislation. A bill summary describes the most significant provisions of a piece of legislation and details the effects the legislative text may have on current law and federal programs. Bill summaries are authored by the Congressional Research Service (CRS) of the Library of Congress. As stated in Public Law 91-510 (2 USC 166 (d)(6)), one of the duties of CRS is "to prepare summaries and digests of bills and resolutions of a public general nature introduced in the Senate or House of Representatives". For more information, refer to the User Guide that accompanies this file.</dc:description>
  </dublinCore>
</billStatus>

