<?xml version="1.0" encoding="UTF-8"?>
<billStatus>
  <bill>
    <titles>
      <item>
        <title>To amend the Internal Revenue Code of 1986 to exempt premiums paid on non-cash-value property and casualty insurance from the taxes to enforce reporting on certain foreign accounts.</title>
        <parentTitleType />
        <chamberCode />
        <titleType>Official Title as Introduced</titleType>
        <chamberName />
      </item>
      <item>
        <title>To amend the Internal Revenue Code of 1986 to exempt premiums paid on non-cash-value property and casualty insurance from the taxes to enforce reporting on certain foreign accounts.</title>
        <parentTitleType />
        <chamberCode />
        <titleType>Display Title</titleType>
        <chamberName />
      </item>
    </titles>
    <policyArea>
      <name>Taxation</name>
    </policyArea>
    <amendments />
    <billNumber>871</billNumber>
    <version>1.0.0</version>
    <congress>115</congress>
    <calendarNumbers />
    <createDate>2017-02-07T04:46:14Z</createDate>
    <updateDate>2018-03-30T14:01:39Z</updateDate>
    <latestAction>
      <actionDate>2017-02-06</actionDate>
      <links />
      <text>Referred to the House Committee on Ways and Means.</text>
    </latestAction>
    <laws />
    <sponsors>
      <item>
        <fullName>Rep. Smith, Jason [R-MO-8]</fullName>
        <bioguideId>S001195</bioguideId>
        <lastName>Smith</lastName>
        <byRequestType />
        <firstName>Jason</firstName>
        <district>8</district>
        <state>MO</state>
        <middleName />
        <party>R</party>
        <identifiers>
          <lisID>2191</lisID>
          <gpoId />
          <bioguideId>S001195</bioguideId>
        </identifiers>
      </item>
    </sponsors>
    <originChamber>House</originChamber>
    <constitutionalAuthorityStatementText><![CDATA[<pre>From the Congressional Record Online through the Government Publishing Office [<a href='http://www.gpo.gov'>www.gpo.gov</a>]By Mr. SMITH of Missouri:H.R. 871.Congress has the power to enact this legislation pursuantto the following:Article I, Section 8, clause 1 provides Congress with thepower to ``lay and collect Taxes, Duties, Imposts andExcises.''[Page H1012]</pre>]]></constitutionalAuthorityStatementText>
    <cosponsors>
      <item>
        <state>CT</state>
        <middleName>B.</middleName>
        <fullName>Rep. Larson, John B. [D-CT-1]</fullName>
        <sponsorshipDate>2017-02-06</sponsorshipDate>
        <firstName>JOHN</firstName>
        <sponsorshipWithdrawnDate />
        <bioguideId>L000557</bioguideId>
        <lastName>LARSON</lastName>
        <district>1</district>
        <party>D</party>
        <isOriginalCosponsor>True</isOriginalCosponsor>
        <identifiers>
          <lisID>1583</lisID>
          <gpoId>7866</gpoId>
          <bioguideId>L000557</bioguideId>
        </identifiers>
      </item>
      <item>
        <state>CA</state>
        <middleName />
        <fullName>Rep. Royce, Edward R. [R-CA-39]</fullName>
        <sponsorshipDate>2017-02-06</sponsorshipDate>
        <firstName>ED</firstName>
        <sponsorshipWithdrawnDate />
        <bioguideId>R000487</bioguideId>
        <lastName>ROYCE</lastName>
        <district>39</district>
        <party>R</party>
        <isOriginalCosponsor>True</isOriginalCosponsor>
        <identifiers>
          <bioguideId>R000487</bioguideId>
          <gpoId>7845</gpoId>
          <lisID>998</lisID>
        </identifiers>
      </item>
      <item>
        <state>NY</state>
        <middleName>J.</middleName>
        <fullName>Rep. Faso, John J. [R-NY-19]</fullName>
        <sponsorshipDate>2017-02-28</sponsorshipDate>
        <firstName>John</firstName>
        <sponsorshipWithdrawnDate />
        <bioguideId>F000464</bioguideId>
        <lastName>Faso</lastName>
        <district>19</district>
        <party>R</party>
        <isOriginalCosponsor>False</isOriginalCosponsor>
        <identifiers>
          <bioguideId>F000464</bioguideId>
          <gpoId />
          <lisID>2343</lisID>
        </identifiers>
      </item>
      <item>
        <state>MN</state>
        <middleName />
        <fullName>Rep. Paulsen, Erik [R-MN-3]</fullName>
        <sponsorshipDate>2017-02-28</sponsorshipDate>
        <firstName>Erik</firstName>
        <sponsorshipWithdrawnDate />
        <bioguideId>P000594</bioguideId>
        <lastName>Paulsen</lastName>
        <district>3</district>
        <party>R</party>
        <isOriginalCosponsor>False</isOriginalCosponsor>
        <identifiers>
          <lisID>1930</lisID>
          <gpoId>8003</gpoId>
          <bioguideId>P000594</bioguideId>
        </identifiers>
      </item>
      <item>
        <state>IN</state>
        <middleName />
        <fullName>Rep. Hollingsworth, Trey [R-IN-9]</fullName>
        <sponsorshipDate>2017-03-10</sponsorshipDate>
        <firstName>Trey</firstName>
        <sponsorshipWithdrawnDate />
        <bioguideId>H001074</bioguideId>
        <lastName>Hollingsworth</lastName>
        <district>9</district>
        <party>R</party>
        <isOriginalCosponsor>False</isOriginalCosponsor>
        <identifiers>
          <bioguideId>H001074</bioguideId>
          <gpoId />
          <lisID>2327</lisID>
        </identifiers>
      </item>
      <item>
        <state>NC</state>
        <middleName />
        <fullName>Rep. Budd, Ted [R-NC-13]</fullName>
        <sponsorshipDate>2017-05-22</sponsorshipDate>
        <firstName>Ted</firstName>
        <sponsorshipWithdrawnDate />
        <bioguideId>B001305</bioguideId>
        <lastName>Budd</lastName>
        <district>13</district>
        <party>R</party>
        <isOriginalCosponsor>False</isOriginalCosponsor>
        <identifiers>
          <bioguideId>B001305</bioguideId>
          <lisID>2336</lisID>
          <gpoId />
        </identifiers>
      </item>
    </cosponsors>
    <billType>HR</billType>
    <notes />
    <summaries>
      <billSummaries>
        <item>
          <actionDesc>Introduced in House</actionDesc>
          <name>Introduced in House</name>
          <versionCode>00</versionCode>
          <actionDate>2017-02-06</actionDate>
          <text><![CDATA[<p>This bill amends the Internal Revenue Code to exempt premiums paid on non-cash-value property and casualty insurance policies from taxes to enforce reporting on certain foreign accounts.</p>]]></text>
          <lastSummaryUpdateDate>2017-02-14T14:26:23Z</lastSummaryUpdateDate>
          <updateDate>2017-02-06T05:00:00Z</updateDate>
        </item>
      </billSummaries>
    </summaries>
    <relatedBills />
    <committees>
      <billCommittees>
        <item>
          <chamber>House</chamber>
          <activities>
            <item>
              <name>Referred to</name>
              <date>2017-02-06T17:00:25Z</date>
            </item>
          </activities>
          <type>Standing</type>
          <systemCode>hswm00</systemCode>
          <subcommittees />
          <name>Ways and Means Committee</name>
        </item>
      </billCommittees>
    </committees>
    <cboCostEstimates />
    <subjects>
      <billSubjects>
        <policyArea>
          <name>Taxation</name>
        </policyArea>
        <legislativeSubjects>
          <item>
            <name>Bank accounts, deposits, capital</name>
          </item>
          <item>
            <name>Foreign and international banking</name>
          </item>
          <item>
            <name>Life, casualty, property insurance</name>
          </item>
        </legislativeSubjects>
      </billSubjects>
    </subjects>
    <committeeReports />
    <title>To amend the Internal Revenue Code of 1986 to exempt premiums paid on non-cash-value property and casualty insurance from the taxes to enforce reporting on certain foreign accounts.</title>
    <recordedVotes />
    <actions>
      <actionTypeCounts>
        <billReferrals>1</billReferrals>
        <introducedInTheHouse>1</introducedInTheHouse>
        <introducedInHouse>1</introducedInHouse>
      </actionTypeCounts>
      <item>
        <text>Referred to the House Committee on Ways and Means.</text>
        <type>IntroReferral</type>
        <actionDate>2017-02-06</actionDate>
        <links />
        <committee>
          <name>Ways and Means Committee</name>
          <systemCode>hswm00</systemCode>
        </committee>
        <sourceSystem>
          <code>2</code>
          <name>House floor actions</name>
        </sourceSystem>
        <actionCode>H11100</actionCode>
      </item>
      <item>
        <text>Introduced in House</text>
        <type>IntroReferral</type>
        <actionDate>2017-02-06</actionDate>
        <links />
        <committee />
        <sourceSystem>
          <code>9</code>
          <name>Library of Congress</name>
        </sourceSystem>
        <actionCode>Intro-H</actionCode>
      </item>
      <item>
        <text>Introduced in House</text>
        <type>IntroReferral</type>
        <actionDate>2017-02-06</actionDate>
        <links />
        <committee />
        <sourceSystem>
          <code>9</code>
          <name>Library of Congress</name>
        </sourceSystem>
        <actionCode>1000</actionCode>
      </item>
      <actionByCounts>
        <houseOfRepresentatives>3</houseOfRepresentatives>
      </actionByCounts>
    </actions>
    <introducedDate>2017-02-06</introducedDate>
  </bill>
  <dublinCore xmlns:dc="http://purl.org/dc/elements/1.1/">
    <dc:format>text/xml</dc:format>
    <dc:language>EN</dc:language>
    <dc:rights>Pursuant to Title 17 Section 105 of the United States Code, this file is not subject to copyright protection and is in the public domain.</dc:rights>
    <dc:contributor>Congressional Research Service, Library of Congress</dc:contributor>
    <dc:description>This file contains bill summaries and statuses for federal legislation. A bill summary describes the most significant provisions of a piece of legislation and details the effects the legislative text may have on current law and federal programs. Bill summaries are authored by the Congressional Research Service (CRS) of the Library of Congress. As stated in Public Law 91-510 (2 USC 166 (d)(6)), one of the duties of CRS is "to prepare summaries and digests of bills and resolutions of a public general nature introduced in the Senate or House of Representatives". For more information, refer to the User Guide that accompanies this file.</dc:description>
  </dublinCore>
</billStatus>

