<?xml version="1.0" encoding="UTF-8"?>
<billStatus>
  <bill>
    <congress>115</congress>
    <billType>HR</billType>
    <originChamber>House</originChamber>
    <billNumber>808</billNumber>
    <notes />
    <cboCostEstimates />
    <version>1.0.0</version>
    <recordedVotes />
    <summaries>
      <billSummaries>
        <item>
          <actionDesc>Introduced in House</actionDesc>
          <name>Introduced in House</name>
          <versionCode>00</versionCode>
          <actionDate>2017-02-01</actionDate>
          <text><![CDATA[<p><strong>Nonnuclear Iran Sanctions Act of 2017</strong></p> <p>This bill prescribes requirements for sanctions with respect to: (1) Iran's Revolutionary Guard Corps (IRGC) and related entities; (2) Mahan Air; (3) Iran's support of terrorism; (4) Iran's human rights abuses; (5) certain Iranian individuals; (6) persons who conduct transactions with or on behalf of certain Iranian individuals; (7) financial institutions that engage in certain transactions on behalf of persons involved in human rights abuses or that export sensitive technology to Iran; (8) Iran's ballistic missile program and persons and Iranian sectors that support such program; and (9) certain entities owned by the Aerospace Industries Organization, the Shahid Hemmat Industrial Group, or the Shahid Bakeri Industrial Group.</p> <p>The Department of the Treasury shall publish in the Federal Register an IRGC watch list. </p> <p>The President shall designate within the State Department a Special Coordinator on Human Rights and Democracy in Iran. </p> <p>The Iran-Iraq Arms Non-Proliferation Act of 1992 is amended to cover ballistic missiles and related technology.</p> <p>The bill requires Radio Free Europe/Radio Liberty and the Voice of America to increase programing services to Iran. </p> <p> The bill prescribes prohibitions and limitations with respect to Iran's access to the U.S. financial system. </p> <p> The bill modifies the requirements that the President must follow to rescind the designation of a country as a state sponsor of terrorism.</p> <p> The bill expresses the sense of Congress with respect to: (1) human rights in Iran, (2) state and local divestment from IRGC-related business activities, and (3) Iran's ballistic missile program.</p>]]></text>
          <lastSummaryUpdateDate>2017-06-01T21:30:03Z</lastSummaryUpdateDate>
          <updateDate>2017-02-01T05:00:00Z</updateDate>
        </item>
      </billSummaries>
    </summaries>
    <subjects>
      <billSubjects>
        <legislativeSubjects>
          <item>
            <name>Arms control and nonproliferation</name>
          </item>
          <item>
            <name>Aviation and airports</name>
          </item>
          <item>
            <name>Bank accounts, deposits, capital</name>
          </item>
          <item>
            <name>Congressional oversight</name>
          </item>
          <item>
            <name>Department of State</name>
          </item>
          <item>
            <name>Detention of persons</name>
          </item>
          <item>
            <name>Diplomacy, foreign officials, Americans abroad</name>
          </item>
          <item>
            <name>Europe</name>
          </item>
          <item>
            <name>Executive agency funding and structure</name>
          </item>
          <item>
            <name>Financial services and investments</name>
          </item>
          <item>
            <name>Foreign aid and international relief</name>
          </item>
          <item>
            <name>Foreign and international banking</name>
          </item>
          <item>
            <name>Foreign and international corporations</name>
          </item>
          <item>
            <name>Foreign property</name>
          </item>
          <item>
            <name>Fraud offenses and financial crimes</name>
          </item>
          <item>
            <name>Government studies and investigations</name>
          </item>
          <item>
            <name>Human rights</name>
          </item>
          <item>
            <name>International exchange and broadcasting</name>
          </item>
          <item>
            <name>International organizations and cooperation</name>
          </item>
          <item>
            <name>Internet and video services</name>
          </item>
          <item>
            <name>Iran</name>
          </item>
          <item>
            <name>Legislative rules and procedure</name>
          </item>
          <item>
            <name>Marine and inland water transportation</name>
          </item>
          <item>
            <name>Middle East</name>
          </item>
          <item>
            <name>Military assistance, sales, and agreements</name>
          </item>
          <item>
            <name>News media and reporting</name>
          </item>
          <item>
            <name>Nuclear weapons</name>
          </item>
          <item>
            <name>Protest and dissent</name>
          </item>
          <item>
            <name>Refugees, asylum, displaced persons</name>
          </item>
          <item>
            <name>Religion</name>
          </item>
          <item>
            <name>Sanctions</name>
          </item>
          <item>
            <name>Securities</name>
          </item>
          <item>
            <name>Sovereignty, recognition, national governance and status</name>
          </item>
          <item>
            <name>State and local finance</name>
          </item>
          <item>
            <name>State and local government operations</name>
          </item>
          <item>
            <name>Syria</name>
          </item>
          <item>
            <name>Terrorism</name>
          </item>
          <item>
            <name>Trade restrictions</name>
          </item>
          <item>
            <name>U.S. and foreign investments</name>
          </item>
          <item>
            <name>United Nations</name>
          </item>
          <item>
            <name>Visas and passports</name>
          </item>
          <item>
            <name>War and emergency powers</name>
          </item>
        </legislativeSubjects>
        <policyArea>
          <name>International Affairs</name>
        </policyArea>
      </billSubjects>
    </subjects>
    <actions>
      <actionTypeCounts>
        <billReferralsAggregate>1</billReferralsAggregate>
        <placeholderTextForH>1</placeholderTextForH>
        <introducedInHouse>1</introducedInHouse>
        <billReferrals>6</billReferrals>
        <introducedInTheHouse>1</introducedInTheHouse>
      </actionTypeCounts>
      <item>
        <actionDate>2017-02-06</actionDate>
        <committee>
          <systemCode>hswm04</systemCode>
          <name>Trade Subcommittee</name>
        </committee>
        <links />
        <sourceSystem>
          <code>1</code>
          <name>House committee actions</name>
        </sourceSystem>
        <text>Referred to the Subcommittee on Trade.</text>
        <type>Committee</type>
      </item>
      <item>
        <actionDate>2017-02-01</actionDate>
        <type>IntroReferral</type>
        <links />
        <committee>
          <systemCode>hsgo00</systemCode>
          <name>Oversight and Government Reform Committee</name>
        </committee>
        <actionCode>H11100</actionCode>
        <text>Referred to House Oversight and Government Reform</text>
        <sourceSystem>
          <code>2</code>
          <name>House floor actions</name>
        </sourceSystem>
      </item>
      <item>
        <actionDate>2017-02-01</actionDate>
        <type>IntroReferral</type>
        <links />
        <committee>
          <systemCode>hlig00</systemCode>
          <name>Intelligence (Permanent Select) Committee</name>
        </committee>
        <actionCode>H11100</actionCode>
        <text>Referred to House Intelligence (Permanent)</text>
        <sourceSystem>
          <code>2</code>
          <name>House floor actions</name>
        </sourceSystem>
      </item>
      <item>
        <actionDate>2017-02-01</actionDate>
        <type>IntroReferral</type>
        <links />
        <committee>
          <systemCode>hsju00</systemCode>
          <name>Judiciary Committee</name>
        </committee>
        <actionCode>H11100</actionCode>
        <text>Referred to House Judiciary</text>
        <sourceSystem>
          <code>2</code>
          <name>House floor actions</name>
        </sourceSystem>
      </item>
      <item>
        <actionDate>2017-02-01</actionDate>
        <type>IntroReferral</type>
        <links />
        <committee>
          <systemCode>hswm00</systemCode>
          <name>Ways and Means Committee</name>
        </committee>
        <actionCode>H11100</actionCode>
        <text>Referred to House Ways and Means</text>
        <sourceSystem>
          <code>2</code>
          <name>House floor actions</name>
        </sourceSystem>
      </item>
      <item>
        <actionDate>2017-02-01</actionDate>
        <type>IntroReferral</type>
        <links />
        <committee>
          <systemCode>hsba00</systemCode>
          <name>Financial Services Committee</name>
        </committee>
        <actionCode>H11100</actionCode>
        <text>Referred to House Financial Services</text>
        <sourceSystem>
          <code>2</code>
          <name>House floor actions</name>
        </sourceSystem>
      </item>
      <item>
        <actionDate>2017-02-01</actionDate>
        <type>IntroReferral</type>
        <links />
        <committee>
          <systemCode>hsfa00</systemCode>
          <name>Foreign Affairs Committee</name>
        </committee>
        <actionCode>H11100</actionCode>
        <text>Referred to House Foreign Affairs</text>
        <sourceSystem>
          <code>2</code>
          <name>House floor actions</name>
        </sourceSystem>
      </item>
      <item>
        <actionDate>2017-02-01</actionDate>
        <type>IntroReferral</type>
        <links />
        <committee />
        <actionCode>H11100-A</actionCode>
        <text>Referred to the Committee on Foreign Affairs, and in addition to the Committees on Financial Services, Ways and Means, the Judiciary, Intelligence (Permanent Select), and Oversight and Government Reform, for a period to be subsequently determined by the Speaker, in each case for consideration of such provisions as fall within the jurisdiction of the committee concerned.</text>
        <sourceSystem>
          <code>9</code>
          <name>Library of Congress</name>
        </sourceSystem>
      </item>
      <item>
        <actionDate>2017-02-01</actionDate>
        <type>IntroReferral</type>
        <links />
        <committee />
        <actionCode>Intro-H</actionCode>
        <text>Introduced in House</text>
        <sourceSystem>
          <code>9</code>
          <name>Library of Congress</name>
        </sourceSystem>
      </item>
      <item>
        <actionDate>2017-02-01</actionDate>
        <type>IntroReferral</type>
        <links />
        <committee />
        <actionCode>1000</actionCode>
        <text>Introduced in House</text>
        <sourceSystem>
          <code>9</code>
          <name>Library of Congress</name>
        </sourceSystem>
      </item>
      <actionByCounts>
        <houseOfRepresentatives>10</houseOfRepresentatives>
      </actionByCounts>
    </actions>
    <introducedDate>2017-02-01</introducedDate>
    <constitutionalAuthorityStatementText><![CDATA[<pre>From the Congressional Record Online through the Government Publishing Office [<a href='http://www.gpo.gov'>www.gpo.gov</a>]By Mr. ROSKAM:H.R. 808.Congress has the power to enact this legislation pursuantto the following:Article 1, Section 8 of the Constitution.[Page H878]</pre>]]></constitutionalAuthorityStatementText>
    <titles>
      <item>
        <title>Iran Nonnuclear Sanctions Act of 2017</title>
        <parentTitleType />
        <chamberCode />
        <titleType>Short Titles as Introduced</titleType>
        <chamberName />
      </item>
      <item>
        <title>To impose nonnuclear sanctions with respect to Iran, and for other purposes.</title>
        <parentTitleType />
        <chamberCode />
        <titleType>Official Title as Introduced</titleType>
        <chamberName />
      </item>
      <item>
        <title>Iran Nonnuclear Sanctions Act of 2017</title>
        <parentTitleType />
        <chamberCode />
        <titleType>Display Title</titleType>
        <chamberName />
      </item>
      <item>
        <title>Iran Nonnuclear Sanctions Act of 2017</title>
        <parentTitleType />
        <chamberCode />
        <titleType>(Extracted from GPO) Short Titles as Introduced</titleType>
        <chamberName />
      </item>
    </titles>
    <cosponsors>
      <item>
        <state>NJ</state>
        <lastName>Lance</lastName>
        <sponsorshipWithdrawnDate />
        <district>7</district>
        <middleName />
        <fullName>Rep. Lance, Leonard [R-NJ-7]</fullName>
        <bioguideId>L000567</bioguideId>
        <party>R</party>
        <identifiers>
          <gpoId>8049</gpoId>
          <lisID>1936</lisID>
          <bioguideId>L000567</bioguideId>
        </identifiers>
        <sponsorshipDate>2017-02-01</sponsorshipDate>
        <isOriginalCosponsor>True</isOriginalCosponsor>
        <firstName>Leonard</firstName>
      </item>
      <item>
        <state>NY</state>
        <lastName>Zeldin</lastName>
        <sponsorshipWithdrawnDate />
        <district>1</district>
        <middleName>M.</middleName>
        <fullName>Rep. Zeldin, Lee M. [R-NY-1]</fullName>
        <bioguideId>Z000017</bioguideId>
        <party>R</party>
        <identifiers>
          <lisID>2261</lisID>
          <gpoId />
          <bioguideId>Z000017</bioguideId>
        </identifiers>
        <sponsorshipDate>2017-02-01</sponsorshipDate>
        <isOriginalCosponsor>True</isOriginalCosponsor>
        <firstName>Lee</firstName>
      </item>
      <item>
        <state>CO</state>
        <lastName>Lamborn</lastName>
        <sponsorshipWithdrawnDate />
        <district>5</district>
        <middleName />
        <fullName>Rep. Lamborn, Doug [R-CO-5]</fullName>
        <bioguideId>L000564</bioguideId>
        <party>R</party>
        <identifiers>
          <lisID>1834</lisID>
          <gpoId>7863</gpoId>
          <bioguideId>L000564</bioguideId>
        </identifiers>
        <sponsorshipDate>2017-02-01</sponsorshipDate>
        <isOriginalCosponsor>True</isOriginalCosponsor>
        <firstName>Doug</firstName>
      </item>
      <item>
        <state>CO</state>
        <lastName>Coffman</lastName>
        <sponsorshipWithdrawnDate />
        <district>6</district>
        <middleName />
        <fullName>Rep. Coffman, Mike [R-CO-6]</fullName>
        <bioguideId>C001077</bioguideId>
        <party>R</party>
        <identifiers>
          <bioguideId>C001077</bioguideId>
          <gpoId>7864</gpoId>
          <lisID>1912</lisID>
        </identifiers>
        <sponsorshipDate>2017-02-16</sponsorshipDate>
        <isOriginalCosponsor>False</isOriginalCosponsor>
        <firstName>Mike</firstName>
      </item>
    </cosponsors>
    <laws />
    <calendarNumbers />
    <committeeReports />
    <latestAction>
      <links />
      <text>Referred to the Subcommittee on Trade.</text>
      <actionDate>2017-02-06</actionDate>
    </latestAction>
    <title>Iran Nonnuclear Sanctions Act of 2017</title>
    <createDate>2017-02-02T05:28:45Z</createDate>
    <sponsors>
      <item>
        <lastName>Roskam</lastName>
        <byRequestType />
        <middleName>J.</middleName>
        <bioguideId>R000580</bioguideId>
        <firstName>Peter</firstName>
        <state>IL</state>
        <fullName>Rep. Roskam, Peter J. [R-IL-6]</fullName>
        <identifiers>
          <lisID>1848</lisID>
          <gpoId>7926</gpoId>
          <bioguideId>R000580</bioguideId>
        </identifiers>
        <party>R</party>
        <district>6</district>
      </item>
    </sponsors>
    <updateDate>2018-03-30T14:01:23Z</updateDate>
    <relatedBills>
      <item>
        <relationshipDetails>
          <item>
            <type>Related bill</type>
            <identifiedBy>CRS</identifiedBy>
          </item>
          <item>
            <type>Identical bill</type>
            <identifiedBy>CRS</identifiedBy>
          </item>
        </relationshipDetails>
        <latestAction>
          <actionDate>2017-01-24</actionDate>
          <text>Read twice and referred to the Committee on Banking, Housing, and Urban Affairs.</text>
        </latestAction>
        <number>227</number>
        <congress>115</congress>
        <type>S</type>
        <latestTitle>Iran Nonnuclear Sanctions Act of 2017</latestTitle>
      </item>
    </relatedBills>
    <committees>
      <billCommittees>
        <item>
          <name>Ways and Means Committee</name>
          <subcommittees>
            <item>
              <systemCode>hswm04</systemCode>
              <name>Trade Subcommittee</name>
              <activities>
                <item>
                  <date>2017-02-06T21:57:08Z</date>
                  <name>Referred to</name>
                </item>
              </activities>
            </item>
          </subcommittees>
          <systemCode>hswm00</systemCode>
          <chamber>House</chamber>
          <activities>
            <item>
              <date>2017-02-01T15:02:40Z</date>
              <name>Referred to</name>
            </item>
          </activities>
          <type>Standing</type>
        </item>
        <item>
          <name>Oversight and Government Reform Committee</name>
          <subcommittees />
          <systemCode>hsgo00</systemCode>
          <chamber>House</chamber>
          <activities>
            <item>
              <date>2017-02-01T15:03:00Z</date>
              <name>Referred to</name>
            </item>
          </activities>
          <type>Standing</type>
        </item>
        <item>
          <name>Intelligence (Permanent Select) Committee</name>
          <subcommittees />
          <systemCode>hlig00</systemCode>
          <chamber>House</chamber>
          <activities>
            <item>
              <date>2017-02-01T15:02:50Z</date>
              <name>Referred to</name>
            </item>
          </activities>
          <type>Select</type>
        </item>
        <item>
          <name>Judiciary Committee</name>
          <subcommittees />
          <systemCode>hsju00</systemCode>
          <chamber>House</chamber>
          <activities>
            <item>
              <date>2017-02-01T15:02:45Z</date>
              <name>Referred to</name>
            </item>
          </activities>
          <type>Standing</type>
        </item>
        <item>
          <name>Financial Services Committee</name>
          <subcommittees />
          <systemCode>hsba00</systemCode>
          <chamber>House</chamber>
          <activities>
            <item>
              <date>2017-02-01T15:02:35Z</date>
              <name>Referred to</name>
            </item>
          </activities>
          <type>Standing</type>
        </item>
        <item>
          <name>Foreign Affairs Committee</name>
          <subcommittees />
          <systemCode>hsfa00</systemCode>
          <chamber>House</chamber>
          <activities>
            <item>
              <date>2017-02-01T15:02:30Z</date>
              <name>Referred to</name>
            </item>
          </activities>
          <type>Standing</type>
        </item>
      </billCommittees>
    </committees>
    <policyArea>
      <name>International Affairs</name>
    </policyArea>
    <amendments />
  </bill>
  <dublinCore xmlns:dc="http://purl.org/dc/elements/1.1/">
    <dc:format>text/xml</dc:format>
    <dc:language>EN</dc:language>
    <dc:rights>Pursuant to Title 17 Section 105 of the United States Code, this file is not subject to copyright protection and is in the public domain.</dc:rights>
    <dc:contributor>Congressional Research Service, Library of Congress</dc:contributor>
    <dc:description>This file contains bill summaries and statuses for federal legislation. A bill summary describes the most significant provisions of a piece of legislation and details the effects the legislative text may have on current law and federal programs. Bill summaries are authored by the Congressional Research Service (CRS) of the Library of Congress. As stated in Public Law 91-510 (2 USC 166 (d)(6)), one of the duties of CRS is "to prepare summaries and digests of bills and resolutions of a public general nature introduced in the Senate or House of Representatives". For more information, refer to the User Guide that accompanies this file.</dc:description>
  </dublinCore>
</billStatus>

