<?xml version="1.0" encoding="UTF-8"?>
<billStatus>
  <bill>
    <cosponsors />
    <createDate>2017-01-04T07:01:13Z</createDate>
    <subjects>
      <billSubjects>
        <policyArea>
          <name>Public Lands and Natural Resources</name>
        </policyArea>
        <legislativeSubjects>
          <item>
            <name>Arctic Ocean</name>
          </item>
          <item>
            <name>Arctic and polar regions</name>
          </item>
          <item>
            <name>Congressional oversight</name>
          </item>
          <item>
            <name>Department of Commerce</name>
          </item>
          <item>
            <name>Executive agency funding and structure</name>
          </item>
          <item>
            <name>Government studies and investigations</name>
          </item>
          <item>
            <name>Hydrology and hydrography</name>
          </item>
          <item>
            <name>Marine and coastal resources, fisheries</name>
          </item>
          <item>
            <name>Navigation, waterways, harbors</name>
          </item>
        </legislativeSubjects>
      </billSubjects>
    </subjects>
    <amendments />
    <updateDate>2018-03-30T13:58:31Z</updateDate>
    <latestAction>
      <text>Subcommittee Hearings Held.</text>
      <actionDate>2017-11-02</actionDate>
      <links />
    </latestAction>
    <sponsors>
      <item>
        <fullName>Rep. Young, Don [R-AK-At Large]</fullName>
        <middleName>E.</middleName>
        <party>R</party>
        <identifiers>
          <gpoId>7785</gpoId>
          <lisID>1256</lisID>
          <bioguideId>Y000033</bioguideId>
        </identifiers>
        <state>AK</state>
        <firstName>DON</firstName>
        <lastName>YOUNG</lastName>
        <byRequestType />
        <bioguideId>Y000033</bioguideId>
        <district>0</district>
      </item>
    </sponsors>
    <committeeReports />
    <recordedVotes />
    <originChamber>House</originChamber>
    <calendarNumbers />
    <congress>115</congress>
    <relatedBills>
      <item>
        <latestAction>
          <actionDate>2017-11-07</actionDate>
          <text>Placed on Senate Legislative Calendar under General Orders. Calendar No. 259.</text>
        </latestAction>
        <congress>115</congress>
        <number>171</number>
        <type>S</type>
        <latestTitle>National Oceanic and Atmospheric Administration Commissioned Officer Corps Amendments and Hydrographic Services Improvement Act Reauthorization and Amendments Act of 2017</latestTitle>
        <relationshipDetails>
          <item>
            <identifiedBy>CRS</identifiedBy>
            <type>Related bill</type>
          </item>
        </relationshipDetails>
      </item>
    </relatedBills>
    <version>1.0.0</version>
    <committees>
      <billCommittees>
        <item>
          <type>Standing</type>
          <subcommittees>
            <item>
              <systemCode>hsii13</systemCode>
              <name>Water, Power and Oceans Subcommittee</name>
              <activities>
                <item>
                  <date>2017-11-02T17:33:31Z</date>
                  <name>Hearings by</name>
                </item>
                <item>
                  <date>2017-02-10T16:59:31Z</date>
                  <name>Referred to</name>
                </item>
              </activities>
            </item>
          </subcommittees>
          <name>Natural Resources Committee</name>
          <activities>
            <item>
              <date>2017-01-03T17:25:20Z</date>
              <name>Referred to</name>
            </item>
          </activities>
          <systemCode>hsii00</systemCode>
          <chamber>House</chamber>
        </item>
      </billCommittees>
    </committees>
    <cboCostEstimates />
    <billType>HR</billType>
    <notes />
    <title>Hydrographic Services Improvement Amendments Act</title>
    <laws />
    <billNumber>221</billNumber>
    <actions>
      <item>
        <actionDate>2017-11-02</actionDate>
        <committee>
          <name>Water, Power and Oceans Subcommittee</name>
          <systemCode>hsii13</systemCode>
        </committee>
        <links />
        <sourceSystem>
          <code>1</code>
          <name>House committee actions</name>
        </sourceSystem>
        <text>Subcommittee Hearings Held.</text>
        <type>Committee</type>
      </item>
      <item>
        <actionDate>2017-02-10</actionDate>
        <committee>
          <name>Water, Power and Oceans Subcommittee</name>
          <systemCode>hsii13</systemCode>
        </committee>
        <links />
        <sourceSystem>
          <code>1</code>
          <name>House committee actions</name>
        </sourceSystem>
        <text>Referred to the Subcommittee on Water, Power and Oceans.</text>
        <type>Committee</type>
      </item>
      <item>
        <actionDate>2017-01-03</actionDate>
        <text>Referred to the House Committee on Natural Resources.</text>
        <links />
        <committee>
          <name>Natural Resources Committee</name>
          <systemCode>hsii00</systemCode>
        </committee>
        <sourceSystem>
          <code>2</code>
          <name>House floor actions</name>
        </sourceSystem>
        <actionCode>H11100</actionCode>
        <type>IntroReferral</type>
      </item>
      <item>
        <actionDate>2017-01-03</actionDate>
        <text>Introduced in House</text>
        <links />
        <committee />
        <sourceSystem>
          <code>9</code>
          <name>Library of Congress</name>
        </sourceSystem>
        <actionCode>Intro-H</actionCode>
        <type>IntroReferral</type>
      </item>
      <item>
        <actionDate>2017-01-03</actionDate>
        <text>Introduced in House</text>
        <links />
        <committee />
        <sourceSystem>
          <code>9</code>
          <name>Library of Congress</name>
        </sourceSystem>
        <actionCode>1000</actionCode>
        <type>IntroReferral</type>
      </item>
      <actionTypeCounts>
        <introducedInHouse>1</introducedInHouse>
        <placeholderTextForH>1</placeholderTextForH>
        <prayer>1</prayer>
        <introducedInTheHouse>1</introducedInTheHouse>
        <billReferrals>1</billReferrals>
      </actionTypeCounts>
      <actionByCounts>
        <houseOfRepresentatives>5</houseOfRepresentatives>
      </actionByCounts>
    </actions>
    <titles>
      <item>
        <title>Hydrographic Services Improvement Amendments Act</title>
        <titleType>Short Titles as Introduced</titleType>
        <parentTitleType />
        <chamberCode />
        <chamberName />
      </item>
      <item>
        <title>To reauthorize the Hydrographic Services Improvement Act of 1998, and for other purposes.</title>
        <titleType>Official Title as Introduced</titleType>
        <parentTitleType />
        <chamberCode />
        <chamberName />
      </item>
      <item>
        <title>Hydrographic Services Improvement Amendments Act</title>
        <titleType>Display Title</titleType>
        <parentTitleType />
        <chamberCode />
        <chamberName />
      </item>
      <item>
        <title>Hydrographic Services Improvement Amendments Act</title>
        <titleType>(Extracted from GPO) Short Titles as Introduced</titleType>
        <parentTitleType />
        <chamberCode />
        <chamberName />
      </item>
    </titles>
    <summaries>
      <billSummaries>
        <item>
          <actionDesc>Introduced in House</actionDesc>
          <versionCode>00</versionCode>
          <lastSummaryUpdateDate>2017-01-12T15:28:35Z</lastSummaryUpdateDate>
          <name>Introduced in House</name>
          <updateDate>2017-01-03T05:00:00Z</updateDate>
          <actionDate>2017-01-03</actionDate>
          <text><![CDATA[<p><b>Hydrographic Services Improvement Amendments Act </b></p> </p> <p>This bill reauthorizes the Hydrographic Services Improvement Act of 1998 from FY2018-FY2022.</p> <p> The Governmental Accountability Office must compare the unit costs of hydrographic surveys conducted by the National Oceanic and Atmospheric Administration to the unit costs of procuring the surveys.</p>]]></text>
        </item>
      </billSummaries>
    </summaries>
    <introducedDate>2017-01-03</introducedDate>
    <policyArea>
      <name>Public Lands and Natural Resources</name>
    </policyArea>
    <constitutionalAuthorityStatementText><![CDATA[<pre>From the Congressional Record Online through the Government Publishing Office [<a href='http://www.gpo.gov'>www.gpo.gov</a>]By Mr. YOUNG of Alaska:H.R. 221.Congress has the power to enact this legislation pursuantto the following:Article I, Section 8, Clause 3The Congress shall have Power to regulate Commerce withforeign Nations, and among the several States, and with theIndian Tribes;[Page H53]</pre>]]></constitutionalAuthorityStatementText>
  </bill>
  <dublinCore xmlns:dc="http://purl.org/dc/elements/1.1/">
    <dc:format>text/xml</dc:format>
    <dc:language>EN</dc:language>
    <dc:rights>Pursuant to Title 17 Section 105 of the United States Code, this file is not subject to copyright protection and is in the public domain.</dc:rights>
    <dc:contributor>Congressional Research Service, Library of Congress</dc:contributor>
    <dc:description>This file contains bill summaries and statuses for federal legislation. A bill summary describes the most significant provisions of a piece of legislation and details the effects the legislative text may have on current law and federal programs. Bill summaries are authored by the Congressional Research Service (CRS) of the Library of Congress. As stated in Public Law 91-510 (2 USC 166 (d)(6)), one of the duties of CRS is "to prepare summaries and digests of bills and resolutions of a public general nature introduced in the Senate or House of Representatives". For more information, refer to the User Guide that accompanies this file.</dc:description>
  </dublinCore>
</billStatus>

