<?xml version="1.0" encoding="UTF-8"?>
<billStatus>
  <bill>
    <titles>
      <item>
        <chamberCode />
        <parentTitleType />
        <titleType>Short Titles as Introduced</titleType>
        <chamberName />
        <title>HERO Transition from Battlespace to Workplace Act of 2017</title>
      </item>
      <item>
        <chamberCode />
        <parentTitleType />
        <titleType>Short Titles as Introduced</titleType>
        <chamberName />
        <title>Helping to Encourage Real Opportunity for Veterans Transitioning from Battlespace to Workplace Act of 2017</title>
      </item>
      <item>
        <chamberCode />
        <parentTitleType />
        <titleType>Official Title as Introduced</titleType>
        <chamberName />
        <title>To amend the Internal Revenue Code of 1986 to provide a tax credit to encourage private employers to hire veterans, to amend title 38, United States Code, to clarify the reasonable efforts an employer may make under the Uniformed Services Employment and Reemployment Rights Act with respect to hiring veterans, and for other purposes.</title>
      </item>
      <item>
        <chamberCode />
        <parentTitleType />
        <titleType>Display Title</titleType>
        <chamberName />
        <title>HERO Transition from Battlespace to Workplace Act of 2017</title>
      </item>
      <item>
        <chamberCode />
        <parentTitleType />
        <titleType>(Extracted from GPO) Short Titles as Introduced</titleType>
        <chamberName />
        <title>HERO Transition from Battlespace to Workplace Act of 2017</title>
      </item>
      <item>
        <chamberCode />
        <parentTitleType />
        <titleType>(Extracted from GPO) Short Titles as Introduced</titleType>
        <chamberName />
        <title>Helping to Encourage Real Opportunity for Veterans Transitioning from Battlespace to Workplace Act of 2017</title>
      </item>
    </titles>
    <policyArea>
      <name>Taxation</name>
    </policyArea>
    <amendments />
    <billNumber>63</billNumber>
    <version>1.0.0</version>
    <congress>115</congress>
    <calendarNumbers />
    <createDate>2017-01-04T07:01:10Z</createDate>
    <updateDate>2018-03-30T13:57:50Z</updateDate>
    <latestAction>
      <actionDate>2017-01-19</actionDate>
      <links />
      <text>Referred to the Subcommittee on Economic Opportunity.</text>
    </latestAction>
    <laws />
    <sponsors>
      <item>
        <fullName>Rep. Jackson Lee, Sheila [D-TX-18]</fullName>
        <bioguideId>J000032</bioguideId>
        <lastName>JACKSON LEE</lastName>
        <byRequestType />
        <firstName>SHEILA</firstName>
        <district>18</district>
        <state>TX</state>
        <middleName />
        <party>D</party>
        <identifiers>
          <lisID>588</lisID>
          <gpoId>8174</gpoId>
          <bioguideId>J000032</bioguideId>
        </identifiers>
      </item>
    </sponsors>
    <originChamber>House</originChamber>
    <constitutionalAuthorityStatementText><![CDATA[<pre>From the Congressional Record Online through the Government Publishing Office [<a href='http://www.gpo.gov'>www.gpo.gov</a>]By Ms. JACKSON LEE:H.R. 63.Congress has the power to enact this legislation pursuantto the following:This bill is enacted pursuant to the power granted toCongress under Article I, Section 8, Clauses 1, 3, and 18 ofthe United States Constitution.[Page H48]</pre>]]></constitutionalAuthorityStatementText>
    <cosponsors />
    <billType>HR</billType>
    <notes />
    <summaries>
      <billSummaries>
        <item>
          <versionCode>00</versionCode>
          <text><![CDATA[<p><strong>Helping to Encourage Real Opportunity for Veterans Transitioning from Battlespace to Workplace Act of 2017 or the HERO Transition from Battlespace to Workplace Act of 2017</strong></p> <p> This bill amends the Internal Revenue Code to allow employers a business-related tax credit for $1,000 times the number of veterans (not more than 25 in a taxable year) who begin work resulting from the efforts of a military relations manager.</p> <p>The bill: (1) deems as a reasonable effort of an employer to employ veterans, for purposes of veteran employment and reemployment programs, the designation of an employee as a military relations manager and the use of the military skills translator database (database for assisting veterans in relating military skills, experience, and training to civilian skills, experience, and training); and (2) defines a "military relations manager" as an expert in the process of transitioning from being a member of the Armed Forces to being a civilian and in translating the skills, experience, and training gained in the Armed Forces to skills, experience, and training needed in the private sector. </p> <p>The Department of Veterans Affairs shall: (1) ensure that the military skills translator database may be used by civilian employers, and (2) conduct outreach to inform civilian employers of such database.</p>]]></text>
          <updateDate>2017-01-03T05:00:00Z</updateDate>
          <actionDate>2017-01-03</actionDate>
          <lastSummaryUpdateDate>2017-01-11T20:56:01Z</lastSummaryUpdateDate>
          <name>Introduced in House</name>
          <actionDesc>Introduced in House</actionDesc>
        </item>
      </billSummaries>
    </summaries>
    <relatedBills />
    <committees>
      <billCommittees>
        <item>
          <type>Standing</type>
          <subcommittees>
            <item>
              <systemCode>hsvr10</systemCode>
              <name>Economic Opportunity Subcommittee</name>
              <activities>
                <item>
                  <date>2017-01-19T20:11:04Z</date>
                  <name>Referred to</name>
                </item>
              </activities>
            </item>
          </subcommittees>
          <name>Veterans' Affairs Committee</name>
          <activities>
            <item>
              <date>2017-01-03T17:21:10Z</date>
              <name>Referred to</name>
            </item>
          </activities>
          <systemCode>hsvr00</systemCode>
          <chamber>House</chamber>
        </item>
        <item>
          <type>Standing</type>
          <subcommittees />
          <name>Ways and Means Committee</name>
          <activities>
            <item>
              <date>2017-01-03T17:21:05Z</date>
              <name>Referred to</name>
            </item>
          </activities>
          <systemCode>hswm00</systemCode>
          <chamber>House</chamber>
        </item>
      </billCommittees>
    </committees>
    <cboCostEstimates />
    <subjects>
      <billSubjects>
        <legislativeSubjects>
          <item>
            <name>Employee hiring</name>
          </item>
          <item>
            <name>Government information and archives</name>
          </item>
          <item>
            <name>Income tax credits</name>
          </item>
          <item>
            <name>Veterans' education, employment, rehabilitation</name>
          </item>
        </legislativeSubjects>
        <policyArea>
          <name>Taxation</name>
        </policyArea>
      </billSubjects>
    </subjects>
    <committeeReports />
    <title>HERO Transition from Battlespace to Workplace Act of 2017</title>
    <recordedVotes />
    <actions>
      <actionTypeCounts>
        <billReferralsAggregate>1</billReferralsAggregate>
        <placeholderTextForH>1</placeholderTextForH>
        <introducedInHouse>1</introducedInHouse>
        <billReferrals>2</billReferrals>
        <introducedInTheHouse>1</introducedInTheHouse>
      </actionTypeCounts>
      <item>
        <actionDate>2017-01-19</actionDate>
        <committee>
          <systemCode>hsvr10</systemCode>
          <name>Economic Opportunity Subcommittee</name>
        </committee>
        <links />
        <sourceSystem>
          <code>1</code>
          <name>House committee actions</name>
        </sourceSystem>
        <text>Referred to the Subcommittee on Economic Opportunity.</text>
        <type>Committee</type>
      </item>
      <item>
        <actionDate>2017-01-03</actionDate>
        <type>IntroReferral</type>
        <links />
        <committee>
          <systemCode>hsvr00</systemCode>
          <name>Veterans' Affairs Committee</name>
        </committee>
        <actionCode>H11100</actionCode>
        <text>Referred to House Veterans' Affairs</text>
        <sourceSystem>
          <code>2</code>
          <name>House floor actions</name>
        </sourceSystem>
      </item>
      <item>
        <actionDate>2017-01-03</actionDate>
        <type>IntroReferral</type>
        <links />
        <committee>
          <systemCode>hswm00</systemCode>
          <name>Ways and Means Committee</name>
        </committee>
        <actionCode>H11100</actionCode>
        <text>Referred to House Ways and Means</text>
        <sourceSystem>
          <code>2</code>
          <name>House floor actions</name>
        </sourceSystem>
      </item>
      <item>
        <actionDate>2017-01-03</actionDate>
        <type>IntroReferral</type>
        <links />
        <committee />
        <actionCode>H11100-A</actionCode>
        <text>Referred to the Committee on Ways and Means, and in addition to the Committee on Veterans' Affairs, for a period to be subsequently determined by the Speaker, in each case for consideration of such provisions as fall within the jurisdiction of the committee concerned.</text>
        <sourceSystem>
          <code>9</code>
          <name>Library of Congress</name>
        </sourceSystem>
      </item>
      <item>
        <actionDate>2017-01-03</actionDate>
        <type>IntroReferral</type>
        <links />
        <committee />
        <actionCode>Intro-H</actionCode>
        <text>Introduced in House</text>
        <sourceSystem>
          <code>9</code>
          <name>Library of Congress</name>
        </sourceSystem>
      </item>
      <item>
        <actionDate>2017-01-03</actionDate>
        <type>IntroReferral</type>
        <links />
        <committee />
        <actionCode>1000</actionCode>
        <text>Introduced in House</text>
        <sourceSystem>
          <code>9</code>
          <name>Library of Congress</name>
        </sourceSystem>
      </item>
      <actionByCounts>
        <houseOfRepresentatives>6</houseOfRepresentatives>
      </actionByCounts>
    </actions>
    <introducedDate>2017-01-03</introducedDate>
  </bill>
  <dublinCore xmlns:dc="http://purl.org/dc/elements/1.1/">
    <dc:format>text/xml</dc:format>
    <dc:language>EN</dc:language>
    <dc:rights>Pursuant to Title 17 Section 105 of the United States Code, this file is not subject to copyright protection and is in the public domain.</dc:rights>
    <dc:contributor>Congressional Research Service, Library of Congress</dc:contributor>
    <dc:description>This file contains bill summaries and statuses for federal legislation. A bill summary describes the most significant provisions of a piece of legislation and details the effects the legislative text may have on current law and federal programs. Bill summaries are authored by the Congressional Research Service (CRS) of the Library of Congress. As stated in Public Law 91-510 (2 USC 166 (d)(6)), one of the duties of CRS is "to prepare summaries and digests of bills and resolutions of a public general nature introduced in the Senate or House of Representatives". For more information, refer to the User Guide that accompanies this file.</dc:description>
  </dublinCore>
</billStatus>

