<?xml version="1.0" encoding="UTF-8"?>
<billStatus>
  <bill>
    <title>Iraq and Syria Genocide Emergency Relief and Accountability Act of 2017</title>
    <latestAction>
      <actionDate>2017-09-19</actionDate>
      <text>Placed on Senate Legislative Calendar under General Orders. Calendar No. 227.</text>
      <links />
    </latestAction>
    <createDate>2017-01-11T05:09:42Z</createDate>
    <titles>
      <item>
        <chamberCode>H</chamberCode>
        <parentTitleType>Short Titles House of Representatives</parentTitleType>
        <titleType>Short Titles as Passed House</titleType>
        <title>Iraq and Syria Genocide Emergency Relief and Accountability Act of 2017</title>
        <chamberName>House</chamberName>
      </item>
      <item>
        <chamberCode>S</chamberCode>
        <parentTitleType>Short Titles Senate</parentTitleType>
        <titleType>Short Titles as Reported to Senate</titleType>
        <title>Iraq and Syria Genocide Emergency Relief and Accountability Act of 2017</title>
        <chamberName>Senate</chamberName>
      </item>
      <item>
        <chamberCode />
        <parentTitleType />
        <titleType>Short Titles as Introduced</titleType>
        <title>Iraq and Syria Genocide Emergency Relief and Accountability Act of 2017</title>
        <chamberName />
      </item>
      <item>
        <chamberCode>H</chamberCode>
        <parentTitleType>Official Titles House of Representatives</parentTitleType>
        <titleType>Official Titles as Amended by House</titleType>
        <title>To provide emergency relief for victims of genocide, crimes against humanity, and war crimes in Iraq and Syria, for accountability for perpetrators of these crimes, and for other purposes.</title>
        <chamberName>House</chamberName>
      </item>
      <item>
        <chamberCode />
        <parentTitleType />
        <titleType>Official Title as Introduced</titleType>
        <title>To provide for emergency relief to victims of genocide, crimes against humanity, and war crimes in Iraq and Syria, to provide accountability for perpetrators of these crimes, and for other purposes.</title>
        <chamberName />
      </item>
      <item>
        <chamberCode />
        <parentTitleType />
        <titleType>Display Title</titleType>
        <title>Iraq and Syria Genocide Emergency Relief and Accountability Act of 2017</title>
        <chamberName />
      </item>
      <item>
        <chamberCode>S</chamberCode>
        <parentTitleType />
        <titleType>(Extracted from GPO) Short Titles as Reported to Senate</titleType>
        <title>Iraq and Syria Genocide Emergency Relief and Accountability Act of 2017</title>
        <chamberName>Senate</chamberName>
      </item>
      <item>
        <chamberCode>H</chamberCode>
        <parentTitleType />
        <titleType>(Extracted from GPO) Short Titles as Passed House</titleType>
        <title>Iraq and Syria Genocide Emergency Relief and Accountability Act of 2017</title>
        <chamberName>House</chamberName>
      </item>
      <item>
        <chamberCode />
        <parentTitleType />
        <titleType>(Extracted from GPO) Short Titles as Introduced</titleType>
        <title>Iraq and Syria Genocide Emergency Relief and Accountability Act of 2017</title>
        <chamberName />
      </item>
    </titles>
    <version>1.0.0</version>
    <notes />
    <subjects>
      <billSubjects>
        <legislativeSubjects>
          <item>
            <name>Congressional oversight</name>
          </item>
          <item>
            <name>Crime victims</name>
          </item>
          <item>
            <name>Criminal investigation, prosecution, interrogation</name>
          </item>
          <item>
            <name>Criminal justice information and records</name>
          </item>
          <item>
            <name>Evidence and witnesses</name>
          </item>
          <item>
            <name>Foreign aid and international relief</name>
          </item>
          <item>
            <name>Government studies and investigations</name>
          </item>
          <item>
            <name>Human rights</name>
          </item>
          <item>
            <name>Immigration status and procedures</name>
          </item>
          <item>
            <name>International organizations and cooperation</name>
          </item>
          <item>
            <name>Iraq</name>
          </item>
          <item>
            <name>Middle East</name>
          </item>
          <item>
            <name>Racial and ethnic relations</name>
          </item>
          <item>
            <name>Refugees, asylum, displaced persons</name>
          </item>
          <item>
            <name>Religion</name>
          </item>
          <item>
            <name>Syria</name>
          </item>
          <item>
            <name>Terrorism</name>
          </item>
          <item>
            <name>United Nations</name>
          </item>
          <item>
            <name>War crimes, genocide, crimes against humanity</name>
          </item>
        </legislativeSubjects>
        <policyArea>
          <name>International Affairs</name>
        </policyArea>
      </billSubjects>
    </subjects>
    <cboCostEstimates>
      <item>
        <pubDate>2017-05-01T20:02:42Z</pubDate>
        <title>H.R. 390, Iraq and Syria Genocide Emergency Relief and Accountability Act of 2017</title>
        <url>https://www.cbo.gov/publication/52678</url>
      </item>
    </cboCostEstimates>
    <sponsors>
      <item>
        <firstName>CHRISTOPHER</firstName>
        <lastName>SMITH</lastName>
        <middleName>H.</middleName>
        <byRequestType />
        <bioguideId>S000522</bioguideId>
        <identifiers>
          <lisID>1071</lisID>
          <gpoId>8046</gpoId>
          <bioguideId>S000522</bioguideId>
        </identifiers>
        <state>NJ</state>
        <fullName>Rep. Smith, Christopher H. [R-NJ-4]</fullName>
        <district>4</district>
        <party>R</party>
      </item>
    </sponsors>
    <calendarNumbers>
      <item>
        <calendar>Senate Calendar of Business</calendar>
        <number>0227</number>
      </item>
    </calendarNumbers>
    <policyArea>
      <name>International Affairs</name>
    </policyArea>
    <summaries>
      <billSummaries>
        <item>
          <actionDate>2017-01-10</actionDate>
          <actionDesc>Introduced in House</actionDesc>
          <text><![CDATA[<p><strong>Iraq and Syria Genocide Relief and Accountability Act of 2017</strong></p> <p>This bill directs the Department of State <o > to provide assistance to entities taking specified criminal and judicial actions against individuals who are suspected of committing genocide, crimes against humanity, or war crimes in Iraq since January 2014 or in Syria since March 2011. </p> <p>The State Department shall encourage foreign governments to identify and prosecute individuals who are suspected of committing such crimes, including members of foreign terrorist organizations operating in Iraq or Syria. </p> <p>The Department of Justice shall review existing criminal statutes concerning genocide, crimes against humanity, and war crimes to determine: </p> <ul> <li>the extent to which U.S. courts have jurisdiction over such crimes where the perpetrators or victims are U.S. nationals, residents, or persons present in a U.S. territory; </li> <li> current statutes that would apply to such conduct and whether additional statutory authorities are necessary; and </li> <li>the extent to which the absence of criminal statutes defining the crimes or granting jurisdiction impede their prosecution in U.S. courts.</li> </ul> <p>The State Department shall identify: </p> <ul> <li>threats of persecution, genocide, crimes against humanity, and war crimes against members of Iraqi or Syrian religious or ethnic groups that are minorities in Iraq or in Syria with respect to whom the Islamic State of Iraq and Syria (ISIS) has committed such crimes in Iraq or Syria since January 2014, or who are members of other persecuted religious or ethnic groups; </li> <li>humanitarian, stabilization, and recovery needs of these individuals; and </li> <li>assistance provided by the United States, the U.N., and other entities, including faith-based entities.</li> </ul> <p> Aliens who are, or were, a national and a resident of Iraq or Syria, and who share common characteristics that identify them as targets of persecution on account of membership in a religious or ethnic minority in that country: (1) are deemed to be of special humanitarian concern to the United States; and (2) shall be eligible for priority-2 processing under the refugee resettlement priority system. </p> <p> The Foreign Operations, Export Financing, and Related Programs Appropriations Act, 1990 is amended to extend: (1) refugee set-asides for nationals of the former Soviet Union, Estonia, Latvia, or Lithuania; and (2) the period of eligibility for status adjustment from a parolee who was denied refugee status to a lawfully admitted permanent resident for certain aliens from the former Soviet Union, Estonia, Latvia, Lithuania, Vietnam, Laos, or Cambodia.</p>]]></text>
          <name>Introduced in House</name>
          <updateDate>2017-01-10T05:00:00Z</updateDate>
          <lastSummaryUpdateDate>2017-06-09T20:21:43Z</lastSummaryUpdateDate>
          <versionCode>00</versionCode>
        </item>
        <item>
          <actionDate>2017-06-06</actionDate>
          <actionDesc>Passed House amended</actionDesc>
          <text><![CDATA[<p><strong>Iraq and Syria Genocide Relief and Accountability Act of 2017</strong></p> <p> (Sec. 4) This bill states that is U.S. policy to ensure that humanitarian, stabilization, and recovery assistance for nationals and residents of Iraq or Syria, and of communities from those countries, is directed toward ethnic and minority individuals and communities with the greatest need, including those individuals and communities that are at risk of persecution or war crimes. </p> <p> (Sec. 5) The Department of State and the U.S. Agency for International Development may provide assistance, including financial and technical assistance, to support the efforts of entities, including nongovernmental organizations with expertise in international criminal investigations and law, to address crimes of genocide, crimes against humanity, or war crimes in Iraq since January 2014 by: </p> <ul> <li>conducting criminal investigations, </li> <li>developing indigenous investigative and judicial skills to adjudicate cases consistent with due process and respect for the rule of law, and </li> <li>collecting and preserving evidence for use in prosecutions. </li> </ul> <p>The State Department shall encourage foreign governments to identify and prosecute individuals who are suspected of committing such crimes, including members of foreign terrorist organizations operating in Iraq or Syria. </p> <p>(Sec. 6) The State Department shall identify: </p> <ul> <li>threats of persecution, genocide, crimes against humanity, and war crimes against members of Iraqi or Syrian religious or ethnic groups that are minorities in Iraq or in Syria with respect to whom the Islamic State of Iraq and Syria (ISIS) has committed such crimes in Iraq or Syria since January 2014 or who are members of other persecuted religious or ethnic groups; </li> <li> persecuted religious and ethnic minority groups in Iraq or Syria that are at risk of forced migration and the primary reasons for such risk;</li> <li>humanitarian, stabilization, and recovery needs of these individuals; and </li> <li> entities, including faith-based entities, that are providing such assistance and the extent of U.S. assistance to or through such entities. </li> </ul> <p> (Sec. 7) The State Department shall provide Congress with: </p> <ul> <li>a description of the efforts taken and proposed to implement this bill; and </li> <li>an assessment of the feasibility and advisability of prosecuting individuals for acts of genocide, crimes against humanity, or war crimes in Iraq since January 2014 or in Syria since March 2011. <p> </li> </ul>]]></text>
          <name>Passed House amended</name>
          <updateDate>2017-06-06T14:22:04Z</updateDate>
          <lastSummaryUpdateDate>2017-09-19T18:51:38Z</lastSummaryUpdateDate>
          <versionCode>36</versionCode>
        </item>
      </billSummaries>
    </summaries>
    <actions>
      <actionTypeCounts>
        <reportedToSenate>2</reportedToSenate>
        <finalPassageUnderSuspensionOfTheRulesResults>1</finalPassageUnderSuspensionOfTheRulesResults>
        <motionToReconsiderResults>1</motionToReconsiderResults>
        <referredToCommittee>1</referredToCommittee>
        <orderedReported>1</orderedReported>
        <introducedInTheHouse>1</introducedInTheHouse>
        <placeholderTextForB>1</placeholderTextForB>
        <placeholderTextForH>1</placeholderTextForH>
        <placedOnCalendarGeneralOrders>1</placedOnCalendarGeneralOrders>
        <actionStageOverride>1</actionStageOverride>
        <billReferrals>2</billReferrals>
        <billReferralsAggregate>1</billReferralsAggregate>
        <considerationByHouse>1</considerationByHouse>
        <passedAgreedToInHouse>1</passedAgreedToInHouse>
        <generalDebate>1</generalDebate>
        <introducedInHouse>1</introducedInHouse>
        <motionMadeToSuspendTheRules>1</motionMadeToSuspendTheRules>
        <amendingTheTitleOfAnActWithoutObjection>1</amendingTheTitleOfAnActWithoutObjection>
      </actionTypeCounts>
      <item>
        <actionDate>2017-09-19</actionDate>
        <committee />
        <links />
        <sourceSystem>
          <code>0</code>
          <name>Senate</name>
        </sourceSystem>
        <text>Placed on Senate Legislative Calendar under General Orders. Calendar No. 227.</text>
        <type>Calendars</type>
      </item>
      <item>
        <actionDate>2017-09-19</actionDate>
        <committee>
          <systemCode>ssfr00</systemCode>
          <name>Foreign Relations Committee</name>
        </committee>
        <links />
        <sourceSystem>
          <code>0</code>
          <name>Senate</name>
        </sourceSystem>
        <text>Committee on Foreign Relations. Reported by Senator Corker with an amendment in the nature of a substitute. Without written report.</text>
        <type>Committee</type>
      </item>
      <item>
        <type>Committee</type>
        <sourceSystem>
          <code>9</code>
          <name>Library of Congress</name>
        </sourceSystem>
        <actionCode>14000</actionCode>
        <links />
        <text>Committee on Foreign Relations. Reported by Senator Corker with an amendment in the nature of a substitute. Without written report.</text>
        <committee>
          <systemCode>ssfr00</systemCode>
          <name>Foreign Relations Committee</name>
        </committee>
        <actionDate>2017-09-19</actionDate>
      </item>
      <item>
        <actionDate>2017-09-19</actionDate>
        <committee>
          <systemCode>ssfr00</systemCode>
          <name>Foreign Relations Committee</name>
        </committee>
        <links />
        <sourceSystem>
          <code>0</code>
          <name>Senate</name>
        </sourceSystem>
        <text>Committee on Foreign Relations. Ordered to be reported with an amendment in the nature of a substitute favorably.</text>
        <type>Committee</type>
      </item>
      <item>
        <actionDate>2017-06-07</actionDate>
        <committee>
          <systemCode>ssfr00</systemCode>
          <name>Foreign Relations Committee</name>
        </committee>
        <links />
        <sourceSystem>
          <code>0</code>
          <name>Senate</name>
        </sourceSystem>
        <text>Received in the Senate and Read twice and referred to the Committee on Foreign Relations.</text>
        <type>IntroReferral</type>
      </item>
      <item>
        <type>Floor</type>
        <sourceSystem>
          <code>2</code>
          <name>House floor actions</name>
        </sourceSystem>
        <actionTime>17:24:09</actionTime>
        <actionCode>H38800</actionCode>
        <links />
        <text>The title of the measure was amended. Agreed to without objection.</text>
        <committee />
        <actionDate>2017-06-06</actionDate>
      </item>
      <item>
        <type>Floor</type>
        <sourceSystem>
          <code>2</code>
          <name>House floor actions</name>
        </sourceSystem>
        <actionTime>17:24:07</actionTime>
        <actionCode>H38310</actionCode>
        <links />
        <text>Motion to reconsider laid on the table Agreed to without objection.</text>
        <committee />
        <actionDate>2017-06-06</actionDate>
      </item>
      <item>
        <type>Floor</type>
        <sourceSystem>
          <code>2</code>
          <name>House floor actions</name>
        </sourceSystem>
        <actionTime>17:24:05</actionTime>
        <actionCode>H37300</actionCode>
        <links>
          <link>
            <name>H4632-4633</name>
            <url>https://www.congress.gov/congressional-record/volume-163/house-section/page/H4632-4633</url>
          </link>
        </links>
        <text>On motion to suspend the rules and pass the bill, as amended Agreed to by voice vote. (text: CR H4632-4633)</text>
        <committee />
        <actionDate>2017-06-06</actionDate>
      </item>
      <item>
        <type>Floor</type>
        <sourceSystem>
          <code>9</code>
          <name>Library of Congress</name>
        </sourceSystem>
        <actionTime>17:24:05</actionTime>
        <actionCode>8000</actionCode>
        <links />
        <text>Passed/agreed to in House: On motion to suspend the rules and pass the bill, as amended Agreed to by voice vote.</text>
        <committee />
        <actionDate>2017-06-06</actionDate>
      </item>
      <item>
        <type>Floor</type>
        <sourceSystem>
          <code>2</code>
          <name>House floor actions</name>
        </sourceSystem>
        <actionTime>17:00:49</actionTime>
        <actionCode>H8D000</actionCode>
        <links>
          <link>
            <name>H.R. 390</name>
            <url>https://www.congress.gov/bill/115th-congress/house-bill/390</url>
          </link>
        </links>
        <text>DEBATE - The House proceeded with forty minutes of debate on H.R. 390.</text>
        <committee />
        <actionDate>2017-06-06</actionDate>
      </item>
      <item>
        <type>Floor</type>
        <sourceSystem>
          <code>2</code>
          <name>House floor actions</name>
        </sourceSystem>
        <actionTime>17:00:47</actionTime>
        <actionCode>H30000</actionCode>
        <links>
          <link>
            <name>H4632-4638</name>
            <url>https://www.congress.gov/congressional-record/volume-163/house-section/page/H4632-4638</url>
          </link>
        </links>
        <text>Considered under suspension of the rules. (consideration: CR H4632-4638)</text>
        <committee />
        <actionDate>2017-06-06</actionDate>
      </item>
      <item>
        <type>Floor</type>
        <sourceSystem>
          <code>2</code>
          <name>House floor actions</name>
        </sourceSystem>
        <actionTime>17:00:35</actionTime>
        <actionCode>H30300</actionCode>
        <links />
        <text>Mr. Royce (CA) moved to suspend the rules and pass the bill, as amended.</text>
        <committee />
        <actionDate>2017-06-06</actionDate>
      </item>
      <item>
        <actionDate>2017-03-29</actionDate>
        <committee>
          <systemCode>hsfa00</systemCode>
          <name>Foreign Affairs Committee</name>
        </committee>
        <links />
        <sourceSystem>
          <code>1</code>
          <name>House committee actions</name>
        </sourceSystem>
        <text>Ordered to be Reported in the Nature of a Substitute (Amended) by Voice Vote.</text>
        <type>Committee</type>
      </item>
      <item>
        <actionDate>2017-03-29</actionDate>
        <committee>
          <systemCode>hsfa00</systemCode>
          <name>Foreign Affairs Committee</name>
        </committee>
        <links />
        <sourceSystem>
          <code>1</code>
          <name>House committee actions</name>
        </sourceSystem>
        <text>Committee Consideration and Mark-up Session Held.</text>
        <type>Committee</type>
      </item>
      <item>
        <type>IntroReferral</type>
        <sourceSystem>
          <code>2</code>
          <name>House floor actions</name>
        </sourceSystem>
        <actionCode>H11100</actionCode>
        <links />
        <text>Referred to House Judiciary</text>
        <committee>
          <systemCode>hsju00</systemCode>
          <name>Judiciary Committee</name>
        </committee>
        <actionDate>2017-01-10</actionDate>
      </item>
      <item>
        <type>IntroReferral</type>
        <sourceSystem>
          <code>2</code>
          <name>House floor actions</name>
        </sourceSystem>
        <actionCode>H11100</actionCode>
        <links />
        <text>Referred to House Foreign Affairs</text>
        <committee>
          <systemCode>hsfa00</systemCode>
          <name>Foreign Affairs Committee</name>
        </committee>
        <actionDate>2017-01-10</actionDate>
      </item>
      <item>
        <type>IntroReferral</type>
        <sourceSystem>
          <code>9</code>
          <name>Library of Congress</name>
        </sourceSystem>
        <actionCode>H11100-A</actionCode>
        <links />
        <text>Referred to the Committee on Foreign Affairs, and in addition to the Committee on the Judiciary, for a period to be subsequently determined by the Speaker, in each case for consideration of such provisions as fall within the jurisdiction of the committee concerned.</text>
        <committee />
        <actionDate>2017-01-10</actionDate>
      </item>
      <item>
        <type>IntroReferral</type>
        <sourceSystem>
          <code>9</code>
          <name>Library of Congress</name>
        </sourceSystem>
        <actionCode>B00100</actionCode>
        <links>
          <link>
            <name>E40</name>
            <url>https://www.congress.gov/congressional-record/volume-163/extensions-of-remarks-section/page/E40</url>
          </link>
        </links>
        <text>Sponsor introductory remarks on measure. (CR E40)</text>
        <committee />
        <actionDate>2017-01-10</actionDate>
      </item>
      <item>
        <type>IntroReferral</type>
        <sourceSystem>
          <code>9</code>
          <name>Library of Congress</name>
        </sourceSystem>
        <actionCode>Intro-H</actionCode>
        <links />
        <text>Introduced in House</text>
        <committee />
        <actionDate>2017-01-10</actionDate>
      </item>
      <item>
        <type>IntroReferral</type>
        <sourceSystem>
          <code>9</code>
          <name>Library of Congress</name>
        </sourceSystem>
        <actionCode>1000</actionCode>
        <links />
        <text>Introduced in House</text>
        <committee />
        <actionDate>2017-01-10</actionDate>
      </item>
      <actionByCounts>
        <senate>5</senate>
        <houseOfRepresentatives>14</houseOfRepresentatives>
      </actionByCounts>
    </actions>
    <relatedBills />
    <committees>
      <billCommittees>
        <item>
          <name>Foreign Relations Committee</name>
          <subcommittees />
          <systemCode>ssfr00</systemCode>
          <chamber>Senate</chamber>
          <activities>
            <item>
              <date>2017-09-19T23:16:14Z</date>
              <name>Reported by</name>
            </item>
            <item>
              <date>2017-09-19T14:30:34Z</date>
              <name>Markup by</name>
            </item>
            <item>
              <date>2017-06-07T14:57:09Z</date>
              <name>Referred to</name>
            </item>
          </activities>
          <type>Standing</type>
        </item>
        <item>
          <name>Foreign Affairs Committee</name>
          <subcommittees />
          <systemCode>hsfa00</systemCode>
          <chamber>House</chamber>
          <activities>
            <item>
              <date>2017-03-29T13:39:09Z</date>
              <name>Markup by</name>
            </item>
            <item>
              <date>2017-01-10T15:01:05Z</date>
              <name>Referred to</name>
            </item>
          </activities>
          <type>Standing</type>
        </item>
        <item>
          <name>Judiciary Committee</name>
          <subcommittees />
          <systemCode>hsju00</systemCode>
          <chamber>House</chamber>
          <activities>
            <item>
              <date>2017-01-10T15:01:10Z</date>
              <name>Referred to</name>
            </item>
          </activities>
          <type>Standing</type>
        </item>
      </billCommittees>
    </committees>
    <constitutionalAuthorityStatementText><![CDATA[<pre>From the Congressional Record Online through the Government Publishing Office [<a href='http://www.gpo.gov'>www.gpo.gov</a>]By Mr. SMITH of New Jersey:H.R. 390.Congress has the power to enact this legislation pursuantto the following:Article 1, section 8 of the Constitution[Page H299]</pre>]]></constitutionalAuthorityStatementText>
    <introducedDate>2017-01-10</introducedDate>
    <cosponsors>
      <item>
        <state>CA</state>
        <lastName>ESHOO</lastName>
        <sponsorshipWithdrawnDate />
        <district>18</district>
        <middleName>G.</middleName>
        <fullName>Rep. Eshoo, Anna G. [D-CA-18]</fullName>
        <bioguideId>E000215</bioguideId>
        <party>D</party>
        <identifiers>
          <lisID>355</lisID>
          <gpoId>7819</gpoId>
          <bioguideId>E000215</bioguideId>
        </identifiers>
        <sponsorshipDate>2017-01-10</sponsorshipDate>
        <isOriginalCosponsor>True</isOriginalCosponsor>
        <firstName>ANNA</firstName>
      </item>
      <item>
        <state>NC</state>
        <lastName>Meadows</lastName>
        <sponsorshipWithdrawnDate />
        <district>11</district>
        <middleName />
        <fullName>Rep. Meadows, Mark [R-NC-11]</fullName>
        <bioguideId>M001187</bioguideId>
        <party>R</party>
        <identifiers>
          <lisID>2142</lisID>
          <gpoId />
          <bioguideId>M001187</bioguideId>
        </identifiers>
        <sponsorshipDate>2017-01-10</sponsorshipDate>
        <isOriginalCosponsor>True</isOriginalCosponsor>
        <firstName>Mark</firstName>
      </item>
      <item>
        <state>NE</state>
        <lastName>Fortenberry</lastName>
        <sponsorshipWithdrawnDate />
        <district>1</district>
        <middleName />
        <fullName>Rep. Fortenberry, Jeff [R-NE-1]</fullName>
        <bioguideId>F000449</bioguideId>
        <party>R</party>
        <identifiers>
          <bioguideId>F000449</bioguideId>
          <gpoId>8038</gpoId>
          <lisID>1793</lisID>
        </identifiers>
        <sponsorshipDate>2017-01-10</sponsorshipDate>
        <isOriginalCosponsor>True</isOriginalCosponsor>
        <firstName>Jeff</firstName>
      </item>
      <item>
        <state>TX</state>
        <lastName>SESSIONS</lastName>
        <sponsorshipWithdrawnDate />
        <district>32</district>
        <middleName />
        <fullName>Rep. Sessions, Pete [R-TX-32]</fullName>
        <bioguideId>S000250</bioguideId>
        <party>R</party>
        <identifiers>
          <lisID>1525</lisID>
          <gpoId>8188</gpoId>
          <bioguideId>S000250</bioguideId>
        </identifiers>
        <sponsorshipDate>2017-01-10</sponsorshipDate>
        <isOriginalCosponsor>True</isOriginalCosponsor>
        <firstName>PETE</firstName>
      </item>
      <item>
        <state>CA</state>
        <lastName>Vargas</lastName>
        <sponsorshipWithdrawnDate />
        <district>51</district>
        <middleName />
        <fullName>Rep. Vargas, Juan [D-CA-51]</fullName>
        <bioguideId>V000130</bioguideId>
        <party>D</party>
        <identifiers>
          <lisID>2112</lisID>
          <gpoId />
          <bioguideId>V000130</bioguideId>
        </identifiers>
        <sponsorshipDate>2017-01-10</sponsorshipDate>
        <isOriginalCosponsor>True</isOriginalCosponsor>
        <firstName>Juan</firstName>
      </item>
      <item>
        <state>IL</state>
        <lastName>Lipinski</lastName>
        <sponsorshipWithdrawnDate />
        <district>3</district>
        <middleName>William</middleName>
        <fullName>Rep. Lipinski, Daniel [D-IL-3]</fullName>
        <bioguideId>L000563</bioguideId>
        <party>D</party>
        <identifiers>
          <lisID>1781</lisID>
          <gpoId>7923</gpoId>
          <bioguideId>L000563</bioguideId>
        </identifiers>
        <sponsorshipDate>2017-01-10</sponsorshipDate>
        <isOriginalCosponsor>True</isOriginalCosponsor>
        <firstName>Daniel</firstName>
      </item>
      <item>
        <state>AZ</state>
        <lastName>Franks</lastName>
        <sponsorshipWithdrawnDate />
        <district>8</district>
        <middleName />
        <fullName>Rep. Franks, Trent [R-AZ-8]</fullName>
        <bioguideId>F000448</bioguideId>
        <party>R</party>
        <identifiers>
          <lisID>1707</lisID>
          <gpoId>7799</gpoId>
          <bioguideId>F000448</bioguideId>
        </identifiers>
        <sponsorshipDate>2017-01-10</sponsorshipDate>
        <isOriginalCosponsor>True</isOriginalCosponsor>
        <firstName>Trent</firstName>
      </item>
      <item>
        <state>NC</state>
        <lastName>Pittenger</lastName>
        <sponsorshipWithdrawnDate />
        <district>9</district>
        <middleName />
        <fullName>Rep. Pittenger, Robert [R-NC-9]</fullName>
        <bioguideId>P000606</bioguideId>
        <party>R</party>
        <identifiers>
          <lisID>2141</lisID>
          <gpoId />
          <bioguideId>P000606</bioguideId>
        </identifiers>
        <sponsorshipDate>2017-01-10</sponsorshipDate>
        <isOriginalCosponsor>True</isOriginalCosponsor>
        <firstName>Robert</firstName>
      </item>
      <item>
        <state>FL</state>
        <lastName>Bilirakis</lastName>
        <sponsorshipWithdrawnDate />
        <district>12</district>
        <middleName>M.</middleName>
        <fullName>Rep. Bilirakis, Gus M. [R-FL-12]</fullName>
        <bioguideId>B001257</bioguideId>
        <party>R</party>
        <identifiers>
          <bioguideId>B001257</bioguideId>
          <gpoId>7881</gpoId>
          <lisID>1838</lisID>
        </identifiers>
        <sponsorshipDate>2017-01-10</sponsorshipDate>
        <isOriginalCosponsor>True</isOriginalCosponsor>
        <firstName>Gus</firstName>
      </item>
      <item>
        <state>IL</state>
        <lastName>Hultgren</lastName>
        <sponsorshipWithdrawnDate />
        <district>14</district>
        <middleName />
        <fullName>Rep. Hultgren, Randy [R-IL-14]</fullName>
        <bioguideId>H001059</bioguideId>
        <party>R</party>
        <identifiers>
          <lisID>2015</lisID>
          <gpoId>7934</gpoId>
          <bioguideId>H001059</bioguideId>
        </identifiers>
        <sponsorshipDate>2017-01-10</sponsorshipDate>
        <isOriginalCosponsor>True</isOriginalCosponsor>
        <firstName>Randy</firstName>
      </item>
      <item>
        <state>TX</state>
        <lastName>Weber</lastName>
        <sponsorshipWithdrawnDate />
        <district>14</district>
        <middleName>K.</middleName>
        <fullName>Rep. Weber, Randy K., Sr. [R-TX-14]</fullName>
        <bioguideId>W000814</bioguideId>
        <party>R</party>
        <identifiers>
          <gpoId />
          <lisID>2161</lisID>
          <bioguideId>W000814</bioguideId>
        </identifiers>
        <sponsorshipDate>2017-01-10</sponsorshipDate>
        <isOriginalCosponsor>True</isOriginalCosponsor>
        <firstName>Randy</firstName>
      </item>
      <item>
        <state>MI</state>
        <lastName>Trott</lastName>
        <sponsorshipWithdrawnDate />
        <district>11</district>
        <middleName>A.</middleName>
        <fullName>Rep. Trott, David A. [R-MI-11]</fullName>
        <bioguideId>T000475</bioguideId>
        <party>R</party>
        <identifiers>
          <lisID>2250</lisID>
          <gpoId />
          <bioguideId>T000475</bioguideId>
        </identifiers>
        <sponsorshipDate>2017-01-10</sponsorshipDate>
        <isOriginalCosponsor>True</isOriginalCosponsor>
        <firstName>David</firstName>
      </item>
      <item>
        <state>WI</state>
        <lastName>Duffy</lastName>
        <sponsorshipWithdrawnDate />
        <district>7</district>
        <middleName>P.</middleName>
        <fullName>Rep. Duffy, Sean P. [R-WI-7]</fullName>
        <bioguideId>D000614</bioguideId>
        <party>R</party>
        <identifiers>
          <lisID>2072</lisID>
          <gpoId>8220</gpoId>
          <bioguideId>D000614</bioguideId>
        </identifiers>
        <sponsorshipDate>2017-01-10</sponsorshipDate>
        <isOriginalCosponsor>True</isOriginalCosponsor>
        <firstName>Sean</firstName>
      </item>
      <item>
        <state>GA</state>
        <lastName>Hice</lastName>
        <sponsorshipWithdrawnDate />
        <district>10</district>
        <middleName>B.</middleName>
        <fullName>Rep. Hice, Jody B. [R-GA-10]</fullName>
        <bioguideId>H001071</bioguideId>
        <party>R</party>
        <identifiers>
          <bioguideId>H001071</bioguideId>
          <gpoId />
          <lisID>2237</lisID>
        </identifiers>
        <sponsorshipDate>2017-01-10</sponsorshipDate>
        <isOriginalCosponsor>True</isOriginalCosponsor>
        <firstName>Jody</firstName>
      </item>
      <item>
        <state>NY</state>
        <lastName>SLAUGHTER</lastName>
        <sponsorshipWithdrawnDate />
        <district>25</district>
        <middleName>M.</middleName>
        <fullName>Rep. Slaughter, Louise McIntosh [D-NY-25]</fullName>
        <bioguideId>S000480</bioguideId>
        <party>D</party>
        <identifiers>
          <gpoId>8089</gpoId>
          <lisID>1069</lisID>
          <bioguideId>S000480</bioguideId>
        </identifiers>
        <sponsorshipDate>2017-01-10</sponsorshipDate>
        <isOriginalCosponsor>True</isOriginalCosponsor>
        <firstName>LOUISE</firstName>
      </item>
      <item>
        <state>VA</state>
        <lastName>Comstock</lastName>
        <sponsorshipWithdrawnDate />
        <district>10</district>
        <middleName />
        <fullName>Rep. Comstock, Barbara [R-VA-10]</fullName>
        <bioguideId>C001105</bioguideId>
        <party>R</party>
        <identifiers>
          <lisID>2273</lisID>
          <gpoId />
          <bioguideId>C001105</bioguideId>
        </identifiers>
        <sponsorshipDate>2017-01-10</sponsorshipDate>
        <isOriginalCosponsor>True</isOriginalCosponsor>
        <firstName>Barbara</firstName>
      </item>
      <item>
        <state>IA</state>
        <lastName>King</lastName>
        <sponsorshipWithdrawnDate />
        <district>4</district>
        <middleName />
        <fullName>Rep. King, Steve [R-IA-4]</fullName>
        <bioguideId>K000362</bioguideId>
        <party>R</party>
        <identifiers>
          <lisID>1724</lisID>
          <gpoId>7918</gpoId>
          <bioguideId>K000362</bioguideId>
        </identifiers>
        <sponsorshipDate>2017-01-12</sponsorshipDate>
        <isOriginalCosponsor>False</isOriginalCosponsor>
        <firstName>Steve</firstName>
      </item>
      <item>
        <state>SC</state>
        <lastName>Gowdy</lastName>
        <sponsorshipWithdrawnDate />
        <district>4</district>
        <middleName />
        <fullName>Rep. Gowdy, Trey [R-SC-4]</fullName>
        <bioguideId>G000566</bioguideId>
        <party>R</party>
        <identifiers>
          <lisID>2058</lisID>
          <gpoId>8144</gpoId>
          <bioguideId>G000566</bioguideId>
        </identifiers>
        <sponsorshipDate>2017-01-13</sponsorshipDate>
        <isOriginalCosponsor>False</isOriginalCosponsor>
        <firstName>Trey</firstName>
      </item>
      <item>
        <state>WI</state>
        <lastName>SENSENBRENNER</lastName>
        <sponsorshipWithdrawnDate />
        <district>5</district>
        <middleName>JAMES</middleName>
        <fullName>Rep. Sensenbrenner, F. James, Jr. [R-WI-5]</fullName>
        <bioguideId>S000244</bioguideId>
        <party>R</party>
        <identifiers>
          <bioguideId>S000244</bioguideId>
          <lisID>1041</lisID>
          <gpoId>8218</gpoId>
        </identifiers>
        <sponsorshipDate>2017-01-23</sponsorshipDate>
        <isOriginalCosponsor>False</isOriginalCosponsor>
        <firstName>F.</firstName>
      </item>
      <item>
        <state>TX</state>
        <lastName>Burgess</lastName>
        <sponsorshipWithdrawnDate />
        <district>26</district>
        <middleName>C.</middleName>
        <fullName>Rep. Burgess, Michael C. [R-TX-26]</fullName>
        <bioguideId>B001248</bioguideId>
        <party>R</party>
        <identifiers>
          <bioguideId>B001248</bioguideId>
          <gpoId>8182</gpoId>
          <lisID>1751</lisID>
        </identifiers>
        <sponsorshipDate>2017-01-23</sponsorshipDate>
        <isOriginalCosponsor>False</isOriginalCosponsor>
        <firstName>Michael</firstName>
      </item>
      <item>
        <state>AZ</state>
        <lastName>Schweikert</lastName>
        <sponsorshipWithdrawnDate />
        <district>6</district>
        <middleName />
        <fullName>Rep. Schweikert, David [R-AZ-6]</fullName>
        <bioguideId>S001183</bioguideId>
        <party>R</party>
        <identifiers>
          <bioguideId>S001183</bioguideId>
          <lisID>1994</lisID>
          <gpoId>7802</gpoId>
        </identifiers>
        <sponsorshipDate>2017-01-24</sponsorshipDate>
        <isOriginalCosponsor>False</isOriginalCosponsor>
        <firstName>David</firstName>
      </item>
      <item>
        <state>WI</state>
        <lastName>Grothman</lastName>
        <sponsorshipWithdrawnDate />
        <district>6</district>
        <middleName />
        <fullName>Rep. Grothman, Glenn [R-WI-6]</fullName>
        <bioguideId>G000576</bioguideId>
        <party>R</party>
        <identifiers>
          <lisID>2276</lisID>
          <gpoId />
          <bioguideId>G000576</bioguideId>
        </identifiers>
        <sponsorshipDate>2017-01-24</sponsorshipDate>
        <isOriginalCosponsor>False</isOriginalCosponsor>
        <firstName>Glenn</firstName>
      </item>
      <item>
        <state>TX</state>
        <lastName>McCaul</lastName>
        <sponsorshipWithdrawnDate />
        <district>10</district>
        <middleName>T.</middleName>
        <fullName>Rep. McCaul, Michael T. [R-TX-10]</fullName>
        <bioguideId>M001157</bioguideId>
        <party>R</party>
        <identifiers>
          <lisID>1804</lisID>
          <gpoId>8166</gpoId>
          <bioguideId>M001157</bioguideId>
        </identifiers>
        <sponsorshipDate>2017-01-30</sponsorshipDate>
        <isOriginalCosponsor>False</isOriginalCosponsor>
        <firstName>Michael</firstName>
      </item>
      <item>
        <state>CA</state>
        <lastName>Cardenas</lastName>
        <sponsorshipWithdrawnDate />
        <district>29</district>
        <middleName />
        <fullName>Rep. Cardenas, Tony [D-CA-29]</fullName>
        <bioguideId>C001097</bioguideId>
        <party>D</party>
        <identifiers>
          <lisID>2107</lisID>
          <gpoId />
          <bioguideId>C001097</bioguideId>
        </identifiers>
        <sponsorshipDate>2017-01-30</sponsorshipDate>
        <isOriginalCosponsor>False</isOriginalCosponsor>
        <firstName>Tony</firstName>
      </item>
      <item>
        <state>TX</state>
        <lastName>Poe</lastName>
        <sponsorshipWithdrawnDate />
        <district>2</district>
        <middleName />
        <fullName>Rep. Poe, Ted [R-TX-2]</fullName>
        <bioguideId>P000592</bioguideId>
        <party>R</party>
        <identifiers>
          <gpoId>8158</gpoId>
          <lisID>1802</lisID>
          <bioguideId>P000592</bioguideId>
        </identifiers>
        <sponsorshipDate>2017-01-30</sponsorshipDate>
        <isOriginalCosponsor>False</isOriginalCosponsor>
        <firstName>Ted</firstName>
      </item>
      <item>
        <state>AR</state>
        <lastName>Hill</lastName>
        <sponsorshipWithdrawnDate />
        <district>2</district>
        <middleName>French</middleName>
        <fullName>Rep. Hill, J. French [R-AR-2]</fullName>
        <bioguideId>H001072</bioguideId>
        <party>R</party>
        <identifiers>
          <gpoId />
          <lisID>2223</lisID>
          <bioguideId>H001072</bioguideId>
        </identifiers>
        <sponsorshipDate>2017-01-30</sponsorshipDate>
        <isOriginalCosponsor>False</isOriginalCosponsor>
        <firstName>J.</firstName>
      </item>
      <item>
        <state>PA</state>
        <lastName>Fitzpatrick</lastName>
        <sponsorshipWithdrawnDate />
        <district>8</district>
        <middleName>K.</middleName>
        <fullName>Rep. Fitzpatrick, Brian K. [R-PA-8]</fullName>
        <bioguideId>F000466</bioguideId>
        <party>R</party>
        <identifiers>
          <lisID>2345</lisID>
          <gpoId />
          <bioguideId>F000466</bioguideId>
        </identifiers>
        <sponsorshipDate>2017-01-31</sponsorshipDate>
        <isOriginalCosponsor>False</isOriginalCosponsor>
        <firstName>Brian</firstName>
      </item>
      <item>
        <state>IL</state>
        <lastName>Kinzinger</lastName>
        <sponsorshipWithdrawnDate />
        <district>16</district>
        <middleName />
        <fullName>Rep. Kinzinger, Adam [R-IL-16]</fullName>
        <bioguideId>K000378</bioguideId>
        <party>R</party>
        <identifiers>
          <lisID>2014</lisID>
          <gpoId>7931</gpoId>
          <bioguideId>K000378</bioguideId>
        </identifiers>
        <sponsorshipDate>2017-02-07</sponsorshipDate>
        <isOriginalCosponsor>False</isOriginalCosponsor>
        <firstName>Adam</firstName>
      </item>
      <item>
        <state>IL</state>
        <lastName>LaHood</lastName>
        <sponsorshipWithdrawnDate />
        <district>18</district>
        <middleName />
        <fullName>Rep. LaHood, Darin [R-IL-18]</fullName>
        <bioguideId>L000585</bioguideId>
        <party>R</party>
        <identifiers>
          <bioguideId>L000585</bioguideId>
          <lisID>2295</lisID>
          <gpoId />
        </identifiers>
        <sponsorshipDate>2017-02-21</sponsorshipDate>
        <isOriginalCosponsor>False</isOriginalCosponsor>
        <firstName>Darin</firstName>
      </item>
      <item>
        <state>VA</state>
        <lastName>Garrett</lastName>
        <sponsorshipWithdrawnDate />
        <district>5</district>
        <middleName>A.</middleName>
        <fullName>Rep. Garrett, Thomas A., Jr. [R-VA-5]</fullName>
        <bioguideId>G000580</bioguideId>
        <party>R</party>
        <identifiers>
          <gpoId />
          <bioguideId>G000580</bioguideId>
          <lisID>2353</lisID>
        </identifiers>
        <sponsorshipDate>2017-02-27</sponsorshipDate>
        <isOriginalCosponsor>False</isOriginalCosponsor>
        <firstName>Thomas</firstName>
      </item>
      <item>
        <state>CA</state>
        <lastName>Cook</lastName>
        <sponsorshipWithdrawnDate />
        <district>8</district>
        <middleName />
        <fullName>Rep. Cook, Paul [R-CA-8]</fullName>
        <bioguideId>C001094</bioguideId>
        <party>R</party>
        <identifiers>
          <lisID>2103</lisID>
          <gpoId />
          <bioguideId>C001094</bioguideId>
        </identifiers>
        <sponsorshipDate>2017-02-27</sponsorshipDate>
        <isOriginalCosponsor>False</isOriginalCosponsor>
        <firstName>Paul</firstName>
      </item>
      <item>
        <state>CA</state>
        <lastName>SCHIFF</lastName>
        <sponsorshipWithdrawnDate />
        <district>28</district>
        <middleName>B.</middleName>
        <fullName>Rep. Schiff, Adam B. [D-CA-28]</fullName>
        <bioguideId>S001150</bioguideId>
        <party>D</party>
        <identifiers>
          <bioguideId>S001150</bioguideId>
          <gpoId>7834</gpoId>
          <lisID>1635</lisID>
        </identifiers>
        <sponsorshipDate>2017-03-06</sponsorshipDate>
        <isOriginalCosponsor>False</isOriginalCosponsor>
        <firstName>ADAM</firstName>
      </item>
      <item>
        <state>FL</state>
        <lastName>Rooney</lastName>
        <sponsorshipWithdrawnDate />
        <district>19</district>
        <middleName />
        <fullName>Rep. Rooney, Francis [R-FL-19]</fullName>
        <bioguideId>R000607</bioguideId>
        <party>R</party>
        <identifiers>
          <lisID>2323</lisID>
          <gpoId />
          <bioguideId>R000607</bioguideId>
        </identifiers>
        <sponsorshipDate>2017-03-08</sponsorshipDate>
        <isOriginalCosponsor>False</isOriginalCosponsor>
        <firstName>Francis</firstName>
      </item>
      <item>
        <state>TX</state>
        <lastName>Gohmert</lastName>
        <sponsorshipWithdrawnDate />
        <district>1</district>
        <middleName />
        <fullName>Rep. Gohmert, Louie [R-TX-1]</fullName>
        <bioguideId>G000552</bioguideId>
        <party>R</party>
        <identifiers>
          <lisID>1801</lisID>
          <gpoId>8157</gpoId>
          <bioguideId>G000552</bioguideId>
        </identifiers>
        <sponsorshipDate>2017-03-28</sponsorshipDate>
        <isOriginalCosponsor>False</isOriginalCosponsor>
        <firstName>Louie</firstName>
      </item>
      <item>
        <state>CA</state>
        <lastName>ROYCE</lastName>
        <sponsorshipWithdrawnDate />
        <district>39</district>
        <middleName />
        <fullName>Rep. Royce, Edward R. [R-CA-39]</fullName>
        <bioguideId>R000487</bioguideId>
        <party>R</party>
        <identifiers>
          <bioguideId>R000487</bioguideId>
          <lisID>998</lisID>
          <gpoId>7845</gpoId>
        </identifiers>
        <sponsorshipDate>2017-03-29</sponsorshipDate>
        <isOriginalCosponsor>False</isOriginalCosponsor>
        <firstName>ED</firstName>
      </item>
      <item>
        <state>CA</state>
        <lastName>SHERMAN</lastName>
        <sponsorshipWithdrawnDate />
        <district>30</district>
        <middleName />
        <fullName>Rep. Sherman, Brad [D-CA-30]</fullName>
        <bioguideId>S000344</bioguideId>
        <party>D</party>
        <identifiers>
          <lisID>1526</lisID>
          <gpoId>7832</gpoId>
          <bioguideId>S000344</bioguideId>
        </identifiers>
        <sponsorshipDate>2017-04-03</sponsorshipDate>
        <isOriginalCosponsor>False</isOriginalCosponsor>
        <firstName>BRAD</firstName>
      </item>
      <item>
        <state>IL</state>
        <lastName>Roskam</lastName>
        <sponsorshipWithdrawnDate />
        <district>6</district>
        <middleName>J.</middleName>
        <fullName>Rep. Roskam, Peter J. [R-IL-6]</fullName>
        <bioguideId>R000580</bioguideId>
        <party>R</party>
        <identifiers>
          <bioguideId>R000580</bioguideId>
          <gpoId>7926</gpoId>
          <lisID>1848</lisID>
        </identifiers>
        <sponsorshipDate>2017-04-06</sponsorshipDate>
        <isOriginalCosponsor>False</isOriginalCosponsor>
        <firstName>Peter</firstName>
      </item>
      <item>
        <state>CA</state>
        <lastName>ISSA</lastName>
        <sponsorshipWithdrawnDate />
        <district>49</district>
        <middleName>E.</middleName>
        <fullName>Rep. Issa, Darrell E. [R-CA-49]</fullName>
        <bioguideId>I000056</bioguideId>
        <party>R</party>
        <identifiers>
          <lisID>1640</lisID>
          <gpoId>7854</gpoId>
          <bioguideId>I000056</bioguideId>
        </identifiers>
        <sponsorshipDate>2017-04-27</sponsorshipDate>
        <isOriginalCosponsor>False</isOriginalCosponsor>
        <firstName>DARRELL</firstName>
      </item>
      <item>
        <state>OH</state>
        <lastName>CHABOT</lastName>
        <sponsorshipWithdrawnDate />
        <district>1</district>
        <middleName />
        <fullName>Rep. Chabot, Steve [R-OH-1]</fullName>
        <bioguideId>C000266</bioguideId>
        <party>R</party>
        <identifiers>
          <gpoId>8091</gpoId>
          <bioguideId>C000266</bioguideId>
          <lisID>186</lisID>
        </identifiers>
        <sponsorshipDate>2017-04-27</sponsorshipDate>
        <isOriginalCosponsor>False</isOriginalCosponsor>
        <firstName>STEVE</firstName>
      </item>
      <item>
        <state>NY</state>
        <lastName>Donovan</lastName>
        <sponsorshipWithdrawnDate />
        <district>11</district>
        <middleName>M.</middleName>
        <fullName>Rep. Donovan, Daniel M., Jr. [R-NY-11]</fullName>
        <bioguideId>D000625</bioguideId>
        <party>R</party>
        <identifiers>
          <lisID>2293</lisID>
          <gpoId />
          <bioguideId>D000625</bioguideId>
        </identifiers>
        <sponsorshipDate>2017-05-08</sponsorshipDate>
        <isOriginalCosponsor>False</isOriginalCosponsor>
        <firstName>Daniel</firstName>
      </item>
      <item>
        <state>MO</state>
        <lastName>Hartzler</lastName>
        <sponsorshipWithdrawnDate />
        <district>4</district>
        <middleName />
        <fullName>Rep. Hartzler, Vicky [R-MO-4]</fullName>
        <bioguideId>H001053</bioguideId>
        <party>R</party>
        <identifiers>
          <bioguideId>H001053</bioguideId>
          <gpoId>8012</gpoId>
          <lisID>2032</lisID>
        </identifiers>
        <sponsorshipDate>2017-05-08</sponsorshipDate>
        <isOriginalCosponsor>False</isOriginalCosponsor>
        <firstName>Vicky</firstName>
      </item>
      <item>
        <state>MI</state>
        <lastName>Mitchell</lastName>
        <sponsorshipWithdrawnDate />
        <district>10</district>
        <middleName />
        <fullName>Rep. Mitchell, Paul [R-MI-10]</fullName>
        <bioguideId>M001201</bioguideId>
        <party>R</party>
        <identifiers>
          <lisID>2334</lisID>
          <gpoId />
          <bioguideId>M001201</bioguideId>
        </identifiers>
        <sponsorshipDate>2017-05-08</sponsorshipDate>
        <isOriginalCosponsor>False</isOriginalCosponsor>
        <firstName>Paul</firstName>
      </item>
      <item>
        <state>TX</state>
        <lastName>GRANGER</lastName>
        <sponsorshipWithdrawnDate />
        <district>12</district>
        <middleName />
        <fullName>Rep. Granger, Kay [R-TX-12]</fullName>
        <bioguideId>G000377</bioguideId>
        <party>R</party>
        <identifiers>
          <bioguideId>G000377</bioguideId>
          <lisID>1487</lisID>
          <gpoId>8168</gpoId>
        </identifiers>
        <sponsorshipDate>2017-05-16</sponsorshipDate>
        <isOriginalCosponsor>False</isOriginalCosponsor>
        <firstName>KAY</firstName>
      </item>
      <item>
        <state>GA</state>
        <lastName>Carter</lastName>
        <sponsorshipWithdrawnDate />
        <district>1</district>
        <middleName>L. "Buddy"</middleName>
        <fullName>Rep. Carter, Earl L. "Buddy" [R-GA-1]</fullName>
        <bioguideId>C001103</bioguideId>
        <party>R</party>
        <identifiers>
          <bioguideId>C001103</bioguideId>
          <lisID>2236</lisID>
          <gpoId />
        </identifiers>
        <sponsorshipDate>2017-05-23</sponsorshipDate>
        <isOriginalCosponsor>False</isOriginalCosponsor>
        <firstName>Earl</firstName>
      </item>
      <item>
        <state>PA</state>
        <lastName>Murphy</lastName>
        <sponsorshipWithdrawnDate />
        <district>18</district>
        <middleName />
        <fullName>Rep. Murphy, Tim [R-PA-18]</fullName>
        <bioguideId>M001151</bioguideId>
        <party>R</party>
        <identifiers>
          <lisID>1744</lisID>
          <gpoId>8723</gpoId>
          <bioguideId>M001151</bioguideId>
        </identifiers>
        <sponsorshipDate>2017-05-23</sponsorshipDate>
        <isOriginalCosponsor>False</isOriginalCosponsor>
        <firstName>Tim</firstName>
      </item>
      <item>
        <state>IN</state>
        <lastName>Messer</lastName>
        <sponsorshipWithdrawnDate />
        <district>6</district>
        <middleName />
        <fullName>Rep. Messer, Luke [R-IN-6]</fullName>
        <bioguideId>M001189</bioguideId>
        <party>R</party>
        <identifiers>
          <bioguideId>M001189</bioguideId>
          <gpoId />
          <lisID>2130</lisID>
        </identifiers>
        <sponsorshipDate>2017-06-06</sponsorshipDate>
        <isOriginalCosponsor>False</isOriginalCosponsor>
        <firstName>Luke</firstName>
      </item>
      <item>
        <state>TX</state>
        <lastName>Flores</lastName>
        <sponsorshipWithdrawnDate />
        <district>17</district>
        <middleName />
        <fullName>Rep. Flores, Bill [R-TX-17]</fullName>
        <bioguideId>F000461</bioguideId>
        <party>R</party>
        <identifiers>
          <bioguideId>F000461</bioguideId>
          <gpoId>8173</gpoId>
          <lisID>2065</lisID>
        </identifiers>
        <sponsorshipDate>2017-06-06</sponsorshipDate>
        <isOriginalCosponsor>False</isOriginalCosponsor>
        <firstName>Bill</firstName>
      </item>
    </cosponsors>
    <laws />
    <congress>115</congress>
    <recordedVotes />
    <amendments>
      <amendment>
        <type>SAMDT</type>
        <number>2044</number>
        <description />
        <purpose />
        <congress>115</congress>
        <latestAction />
        <cosponsors>
          <currentCount>0</currentCount>
          <totalCount>0</totalCount>
        </cosponsors>
        <number>2044</number>
        <updateDate>2018-03-30T13:58:09Z</updateDate>
        <proposedDate />
        <congress>115</congress>
        <notes />
        <chamber>Senate</chamber>
        <description />
        <amendedAmendment />
        <submittedDate>2018-02-26T05:00:00Z</submittedDate>
        <version>1.0.0</version>
        <createDate>2018-02-27T05:16:06Z</createDate>
        <sponsors>
          <item>
            <lastName>Corker</lastName>
            <middleName />
            <bioguideId>C001071</bioguideId>
            <firstName>Bob</firstName>
            <state>TN</state>
            <fullName>Sen. Corker, Bob [R-TN]</fullName>
            <party>R</party>
            <identifiers>
              <lisID>1825</lisID>
              <gpoId>8294</gpoId>
              <bioguideId>C001071</bioguideId>
            </identifiers>
          </item>
        </sponsors>
        <actions>
          <count>2</count>
          <actionTypeCounts>
            <senateAmendmentSubmitted>1</senateAmendmentSubmitted>
          </actionTypeCounts>
          <actions>
            <item>
              <actionDate>2018-02-26</actionDate>
              <committee />
              <links />
              <text />
            </item>
            <item>
              <type>Floor</type>
              <sourceSystem>
                <code>9</code>
                <name>Library of Congress</name>
              </sourceSystem>
              <actionCode>91000</actionCode>
              <links />
              <text>Senate amendment submitted</text>
              <committee />
              <actionDate>2018-02-26</actionDate>
            </item>
          </actions>
          <actionByCounts>
            <senate>1</senate>
          </actionByCounts>
        </actions>
        <amendedBill>
          <congress>115</congress>
          <number>390</number>
          <type>HR</type>
          <originChamber>House</originChamber>
          <originChamberCode>H</originChamberCode>
          <title>Iraq and Syria Genocide Emergency Relief and Accountability Act of 2017</title>
        </amendedBill>
        <links />
        <purpose />
        <titles />
        <type>SAMDT</type>
        <amendments>
          <count>0</count>
        </amendments>
      </amendment>
    </amendments>
    <committeeReports />
    <billType>HR</billType>
    <billNumber>390</billNumber>
    <updateDate>2018-03-30T13:59:22Z</updateDate>
    <originChamber>House</originChamber>
  </bill>
  <dublinCore xmlns:dc="http://purl.org/dc/elements/1.1/">
    <dc:format>text/xml</dc:format>
    <dc:language>EN</dc:language>
    <dc:rights>Pursuant to Title 17 Section 105 of the United States Code, this file is not subject to copyright protection and is in the public domain.</dc:rights>
    <dc:contributor>Congressional Research Service, Library of Congress</dc:contributor>
    <dc:description>This file contains bill summaries and statuses for federal legislation. A bill summary describes the most significant provisions of a piece of legislation and details the effects the legislative text may have on current law and federal programs. Bill summaries are authored by the Congressional Research Service (CRS) of the Library of Congress. As stated in Public Law 91-510 (2 USC 166 (d)(6)), one of the duties of CRS is "to prepare summaries and digests of bills and resolutions of a public general nature introduced in the Senate or House of Representatives". For more information, refer to the User Guide that accompanies this file.</dc:description>
  </dublinCore>
</billStatus>

