<?xml version="1.0" encoding="UTF-8"?>
<billStatus>
  <bill>
    <laws />
    <recordedVotes />
    <amendments />
    <titles>
      <item>
        <chamberCode>H</chamberCode>
        <parentTitleType>Short Titles House of Representatives</parentTitleType>
        <titleType>Short Titles as Passed House</titleType>
        <chamberName>House</chamberName>
        <title>Digital GAP Act</title>
      </item>
      <item>
        <chamberCode>H</chamberCode>
        <parentTitleType>Short Titles House of Representatives</parentTitleType>
        <titleType>Short Titles as Passed House</titleType>
        <chamberName>House</chamberName>
        <title>Digital Global Access Policy Act of 2017</title>
      </item>
      <item>
        <chamberCode />
        <parentTitleType />
        <titleType>Short Titles as Introduced</titleType>
        <chamberName />
        <title>Digital GAP Act</title>
      </item>
      <item>
        <chamberCode />
        <parentTitleType />
        <titleType>Short Titles as Introduced</titleType>
        <chamberName />
        <title>Digital Global Access Policy Act of 2017</title>
      </item>
      <item>
        <chamberCode />
        <parentTitleType />
        <titleType>Official Title as Introduced</titleType>
        <chamberName />
        <title>To promote Internet access in developing countries and update foreign policy toward the Internet, and for other purposes.</title>
      </item>
      <item>
        <chamberCode />
        <parentTitleType />
        <titleType>Display Title</titleType>
        <chamberName />
        <title>Digital GAP Act</title>
      </item>
      <item>
        <chamberCode />
        <parentTitleType />
        <titleType>(Extracted from GPO) Short Titles as Introduced</titleType>
        <chamberName />
        <title>Digital GAP Act</title>
      </item>
      <item>
        <chamberCode />
        <parentTitleType />
        <titleType>(Extracted from GPO) Short Titles as Introduced</titleType>
        <chamberName />
        <title>Digital Global Access Policy Act of 2017</title>
      </item>
      <item>
        <chamberCode>H</chamberCode>
        <parentTitleType />
        <titleType>(Extracted from GPO) Short Titles as Passed House</titleType>
        <chamberName>House</chamberName>
        <title>Digital GAP Act</title>
      </item>
      <item>
        <chamberCode>H</chamberCode>
        <parentTitleType />
        <titleType>(Extracted from GPO) Short Titles as Passed House</titleType>
        <chamberName>House</chamberName>
        <title>Digital Global Access Policy Act of 2017</title>
      </item>
    </titles>
    <sponsors>
      <item>
        <state>CA</state>
        <identifiers>
          <gpoId>7845</gpoId>
          <bioguideId>R000487</bioguideId>
          <lisID>998</lisID>
        </identifiers>
        <lastName>ROYCE</lastName>
        <party>R</party>
        <district>39</district>
        <middleName />
        <fullName>Rep. Royce, Edward R. [R-CA-39]</fullName>
        <bioguideId>R000487</bioguideId>
        <firstName>ED</firstName>
        <byRequestType />
      </item>
    </sponsors>
    <committeeReports />
    <version>1.0.0</version>
    <calendarNumbers />
    <billNumber>600</billNumber>
    <originChamber>House</originChamber>
    <cosponsors>
      <item>
        <bioguideId>M001159</bioguideId>
        <sponsorshipDate>2017-01-23</sponsorshipDate>
        <party>R</party>
        <firstName>Cathy</firstName>
        <fullName>Rep. McMorris Rodgers, Cathy [R-WA-5]</fullName>
        <lastName>McMorris Rodgers</lastName>
        <identifiers>
          <bioguideId>M001159</bioguideId>
          <gpoId>8209</gpoId>
          <lisID>1809</lisID>
        </identifiers>
        <sponsorshipWithdrawnDate />
        <district>5</district>
        <state>WA</state>
        <isOriginalCosponsor>True</isOriginalCosponsor>
        <middleName />
      </item>
      <item>
        <bioguideId>E000179</bioguideId>
        <sponsorshipDate>2017-01-23</sponsorshipDate>
        <party>D</party>
        <firstName>ELIOT</firstName>
        <fullName>Rep. Engel, Eliot L. [D-NY-16]</fullName>
        <lastName>ENGEL</lastName>
        <identifiers>
          <lisID>344</lisID>
          <gpoId>8078</gpoId>
          <bioguideId>E000179</bioguideId>
        </identifiers>
        <sponsorshipWithdrawnDate />
        <district>16</district>
        <state>NY</state>
        <isOriginalCosponsor>True</isOriginalCosponsor>
        <middleName>L.</middleName>
      </item>
      <item>
        <bioguideId>M001188</bioguideId>
        <sponsorshipDate>2017-01-23</sponsorshipDate>
        <party>D</party>
        <firstName>Grace</firstName>
        <fullName>Rep. Meng, Grace [D-NY-6]</fullName>
        <lastName>Meng</lastName>
        <identifiers>
          <bioguideId>M001188</bioguideId>
          <gpoId />
          <lisID>2148</lisID>
        </identifiers>
        <sponsorshipWithdrawnDate />
        <district>6</district>
        <state>NY</state>
        <isOriginalCosponsor>True</isOriginalCosponsor>
        <middleName />
      </item>
    </cosponsors>
    <title>Digital GAP Act</title>
    <policyArea>
      <name>International Affairs</name>
    </policyArea>
    <billType>HR</billType>
    <congress>115</congress>
    <subjects>
      <billSubjects>
        <legislativeSubjects>
          <item>
            <name>Computer security and identity theft</name>
          </item>
          <item>
            <name>Computers and information technology</name>
          </item>
          <item>
            <name>Congressional oversight</name>
          </item>
          <item>
            <name>Department of State</name>
          </item>
          <item>
            <name>Diplomacy, foreign officials, Americans abroad</name>
          </item>
          <item>
            <name>Economic development</name>
          </item>
          <item>
            <name>Executive agency funding and structure</name>
          </item>
          <item>
            <name>Foreign aid and international relief</name>
          </item>
          <item>
            <name>International organizations and cooperation</name>
          </item>
          <item>
            <name>Internet and video services</name>
          </item>
          <item>
            <name>Peace Corps</name>
          </item>
          <item>
            <name>Public-private cooperation</name>
          </item>
          <item>
            <name>Social work, volunteer service, charitable organizations</name>
          </item>
          <item>
            <name>U.S. and foreign investments</name>
          </item>
        </legislativeSubjects>
        <policyArea>
          <name>International Affairs</name>
        </policyArea>
      </billSubjects>
    </subjects>
    <latestAction>
      <links />
      <actionDate>2017-01-30</actionDate>
      <text>Received in the Senate and Read twice and referred to the Committee on Foreign Relations.</text>
    </latestAction>
    <updateDate>2018-03-30T14:00:26Z</updateDate>
    <createDate>2017-01-24T05:12:19Z</createDate>
    <actions>
      <actionTypeCounts>
        <generalDebate>1</generalDebate>
        <motionMadeToSuspendTheRules>1</motionMadeToSuspendTheRules>
        <billReferrals>1</billReferrals>
        <introducedInTheHouse>1</introducedInTheHouse>
        <finalPassageUnderSuspensionOfTheRulesResults>1</finalPassageUnderSuspensionOfTheRulesResults>
        <passedAgreedToInHouse>1</passedAgreedToInHouse>
        <referredToCommittee>1</referredToCommittee>
        <motionToReconsiderResults>1</motionToReconsiderResults>
        <considerationByHouse>1</considerationByHouse>
        <introducedInHouse>1</introducedInHouse>
      </actionTypeCounts>
      <item>
        <actionDate>2017-01-30</actionDate>
        <committee>
          <name>Foreign Relations Committee</name>
          <systemCode>ssfr00</systemCode>
        </committee>
        <links />
        <sourceSystem>
          <code>0</code>
          <name>Senate</name>
        </sourceSystem>
        <text>Received in the Senate and Read twice and referred to the Committee on Foreign Relations.</text>
        <type>IntroReferral</type>
      </item>
      <item>
        <text>Motion to reconsider laid on the table Agreed to without objection.</text>
        <type>Floor</type>
        <actionTime>16:17:41</actionTime>
        <actionDate>2017-01-24</actionDate>
        <links />
        <committee />
        <sourceSystem>
          <code>2</code>
          <name>House floor actions</name>
        </sourceSystem>
        <actionCode>H38310</actionCode>
      </item>
      <item>
        <text>On motion to suspend the rules and pass the bill Agreed to by voice vote. (text of measure as passed: CR H657-658)</text>
        <type>Floor</type>
        <actionTime>16:17:39</actionTime>
        <actionDate>2017-01-24</actionDate>
        <links>
          <link>
            <name>H657-658</name>
            <url>https://www.congress.gov/congressional-record/volume-163/house-section/page/H657-658</url>
          </link>
        </links>
        <committee />
        <sourceSystem>
          <code>2</code>
          <name>House floor actions</name>
        </sourceSystem>
        <actionCode>H37300</actionCode>
      </item>
      <item>
        <text>Passed/agreed to in House: On motion to suspend the rules and pass the bill Agreed to by voice vote.(text of measure as passed: CR H657-658)</text>
        <type>Floor</type>
        <actionTime>16:17:39</actionTime>
        <actionDate>2017-01-24</actionDate>
        <links>
          <link>
            <name>H657-658</name>
            <url>https://www.congress.gov/congressional-record/volume-163/house-section/page/H657-658</url>
          </link>
        </links>
        <committee />
        <sourceSystem>
          <code>9</code>
          <name>Library of Congress</name>
        </sourceSystem>
        <actionCode>8000</actionCode>
      </item>
      <item>
        <text>DEBATE - The House proceeded with forty minutes of debate on H.R. 600.</text>
        <type>Floor</type>
        <actionTime>16:04:21</actionTime>
        <actionDate>2017-01-24</actionDate>
        <links>
          <link>
            <name>H.R. 600</name>
            <url>https://www.congress.gov/bill/115th-congress/house-bill/600</url>
          </link>
        </links>
        <committee />
        <sourceSystem>
          <code>2</code>
          <name>House floor actions</name>
        </sourceSystem>
        <actionCode>H8D000</actionCode>
      </item>
      <item>
        <text>Considered under suspension of the rules. (consideration: CR H657-660)</text>
        <type>Floor</type>
        <actionTime>16:04:20</actionTime>
        <actionDate>2017-01-24</actionDate>
        <links>
          <link>
            <name>H657-660</name>
            <url>https://www.congress.gov/congressional-record/volume-163/house-section/page/H657-660</url>
          </link>
        </links>
        <committee />
        <sourceSystem>
          <code>2</code>
          <name>House floor actions</name>
        </sourceSystem>
        <actionCode>H30000</actionCode>
      </item>
      <item>
        <text>Mr. Royce (CA) moved to suspend the rules and pass the bill.</text>
        <type>Floor</type>
        <actionTime>16:04:09</actionTime>
        <actionDate>2017-01-24</actionDate>
        <links />
        <committee />
        <sourceSystem>
          <code>2</code>
          <name>House floor actions</name>
        </sourceSystem>
        <actionCode>H30300</actionCode>
      </item>
      <item>
        <text>Referred to the House Committee on Foreign Affairs.</text>
        <type>IntroReferral</type>
        <actionDate>2017-01-23</actionDate>
        <links />
        <committee>
          <name>Foreign Affairs Committee</name>
          <systemCode>hsfa00</systemCode>
        </committee>
        <sourceSystem>
          <code>2</code>
          <name>House floor actions</name>
        </sourceSystem>
        <actionCode>H11100</actionCode>
      </item>
      <item>
        <text>Introduced in House</text>
        <type>IntroReferral</type>
        <actionDate>2017-01-23</actionDate>
        <links />
        <committee />
        <sourceSystem>
          <code>9</code>
          <name>Library of Congress</name>
        </sourceSystem>
        <actionCode>Intro-H</actionCode>
      </item>
      <item>
        <text>Introduced in House</text>
        <type>IntroReferral</type>
        <actionDate>2017-01-23</actionDate>
        <links />
        <committee />
        <sourceSystem>
          <code>9</code>
          <name>Library of Congress</name>
        </sourceSystem>
        <actionCode>1000</actionCode>
      </item>
      <actionByCounts>
        <senate>1</senate>
        <houseOfRepresentatives>9</houseOfRepresentatives>
      </actionByCounts>
    </actions>
    <notes />
    <introducedDate>2017-01-23</introducedDate>
    <relatedBills />
    <constitutionalAuthorityStatementText><![CDATA[<pre>From the Congressional Record Online through the Government Publishing Office [<a href='http://www.gpo.gov'>www.gpo.gov</a>]By Mr. ROYCE of California:H.R. 600.Congress has the power to enact this legislation pursuantto the following:Article I, section 8 of the Constitution of the UnitedStates of America[Page H608]</pre>]]></constitutionalAuthorityStatementText>
    <cboCostEstimates />
    <summaries>
      <billSummaries>
        <item>
          <lastSummaryUpdateDate>2017-01-24T20:37:26Z</lastSummaryUpdateDate>
          <updateDate>2017-01-23T05:00:00Z</updateDate>
          <text><![CDATA[<p><strong>Digital Global Access Policy Act of 2017 or the Digital GAP Act</strong></p> <p> This bill states that it is U.S. policy to coordinate with foreign governments, international and regional organizations, businesses, and civil society to close the digital gap in developing countries. </p> <p>The President is urged to direct U.S. representatives to international bodies to advocate for: (1) increasing efforts to promote gender-equitable Internet access, (2) standardizing inclusion of broadband conduit-fiber optic cables, (3) providing technical assistance to remove investment barriers and strengthen market growth, and (4) protecting human rights online.</p> <p> It is the sense of Congress that: (1) the Department of State should seek to enhance the effectiveness of U.S. foreign assistance efforts in carrying out the policies and objectives of this bill, and (2) the U.S. Agency for International Development should integrate efforts to expand Internet access.</p> <p>The Peace Corps Act is amended to express the sense of Congress that the Peace Corps should develop volunteer positions focused on leveraging technology for development, education, and social and economic mobility. </p> <p>The President shall transmit plans to Congress to promote U.S. and U.S.-funded agency partnerships with the private and public sectors to provide Internet access or infrastructure in developing countries. </p>]]></text>
          <actionDesc>Introduced in House</actionDesc>
          <versionCode>00</versionCode>
          <actionDate>2017-01-23</actionDate>
          <name>Introduced in House</name>
        </item>
        <item>
          <lastSummaryUpdateDate>2017-05-25T20:30:24Z</lastSummaryUpdateDate>
          <updateDate>2017-01-24T13:54:25Z</updateDate>
          <text><![CDATA[<p>(This measure has not been amended since it was introduced. The summary has been expanded because action occurred on the measure.)</p> <p><strong>Digital Global Access Policy Act of 2017 or the Digital GAP Act</strong></p> <p> (Sec. 4) This bill states that it is U.S. policy to coordinate with foreign governments, international and regional organizations, businesses, and civil society to close the digital gap in developing countries. </p> <p> (Sec. 5) The President is urged to direct U.S. representatives to international bodies to advocate for: (1) increasing efforts to promote affordable and gender-equitable Internet access and integrating such access data into economic and business assessments, evaluations, and indexes; (2) standardizing inclusion of broadband conduit-fiber optic cables; (3) providing technical assistance to remove investment barriers and strengthen market growth; and (4) protecting human rights online.</p> <p> (Sec. 6) It is the sense of Congress that: (1) the Department of State should seek to enhance the effectiveness of U.S. foreign assistance efforts in carrying out the policies and objectives of this bill, including by redesignating an existing Assistant Secretary position in the State Department to be the Assistant Secretary for Cyberspace; and (2) the U.S. Agency for International Development should integrate efforts to expand Internet access and establish guidelines for the protection of personal information of individuals served by humanitarian, disaster, and development programs.</p> <p> (Sec.8) The Peace Corps Act is amended to express the sense of Congress that the Peace Corps should develop volunteer positions focused on leveraging technology for development, education, and social and economic mobility. </p> <p> (Sec. 9) The President shall transmit plans to Congress to promote U.S. and U.S.-funded agency partnerships with the private and public sectors to provide Internet access or infrastructure in developing countries. </p> <p> (Sec. 10) The President shall report to Congress on efforts to implement the policies specified in this bill.</p>]]></text>
          <actionDesc>Passed House without amendment</actionDesc>
          <versionCode>81</versionCode>
          <actionDate>2017-01-24</actionDate>
          <name>Passed House without amendment</name>
        </item>
      </billSummaries>
    </summaries>
    <committees>
      <billCommittees>
        <item>
          <chamber>Senate</chamber>
          <type>Standing</type>
          <name>Foreign Relations Committee</name>
          <activities>
            <item>
              <date>2017-01-30T20:50:02Z</date>
              <name>Referred to</name>
            </item>
          </activities>
          <subcommittees />
          <systemCode>ssfr00</systemCode>
        </item>
        <item>
          <chamber>House</chamber>
          <type>Standing</type>
          <name>Foreign Affairs Committee</name>
          <activities>
            <item>
              <date>2017-01-23T17:00:15Z</date>
              <name>Referred to</name>
            </item>
          </activities>
          <subcommittees />
          <systemCode>hsfa00</systemCode>
        </item>
      </billCommittees>
    </committees>
  </bill>
  <dublinCore xmlns:dc="http://purl.org/dc/elements/1.1/">
    <dc:format>text/xml</dc:format>
    <dc:language>EN</dc:language>
    <dc:rights>Pursuant to Title 17 Section 105 of the United States Code, this file is not subject to copyright protection and is in the public domain.</dc:rights>
    <dc:contributor>Congressional Research Service, Library of Congress</dc:contributor>
    <dc:description>This file contains bill summaries and statuses for federal legislation. A bill summary describes the most significant provisions of a piece of legislation and details the effects the legislative text may have on current law and federal programs. Bill summaries are authored by the Congressional Research Service (CRS) of the Library of Congress. As stated in Public Law 91-510 (2 USC 166 (d)(6)), one of the duties of CRS is "to prepare summaries and digests of bills and resolutions of a public general nature introduced in the Senate or House of Representatives". For more information, refer to the User Guide that accompanies this file.</dc:description>
  </dublinCore>
</billStatus>

