<?xml version="1.0" encoding="UTF-8"?>
<billStatus>
  <bill>
    <createDate>2017-01-06T04:57:26Z</createDate>
    <billType>HR</billType>
    <originChamber>House</originChamber>
    <titles>
      <item>
        <chamberCode>H</chamberCode>
        <parentTitleType>Short Titles House of Representatives</parentTitleType>
        <titleType>Short Titles as Passed House</titleType>
        <title>DHS Acquisition Documentation Integrity Act of 2017</title>
        <chamberName>House</chamberName>
      </item>
      <item>
        <chamberCode />
        <parentTitleType />
        <titleType>Short Titles as Introduced</titleType>
        <title>DHS Acquisition Documentation Integrity Act of 2017</title>
        <chamberName />
      </item>
      <item>
        <chamberCode />
        <parentTitleType />
        <titleType>Official Title as Introduced</titleType>
        <title>To amend the Homeland Security Act of 2002 to provide for requirements relating to documentation for major acquisition programs, and for other purposes.</title>
        <chamberName />
      </item>
      <item>
        <chamberCode />
        <parentTitleType />
        <titleType>Display Title</titleType>
        <title>DHS Acquisition Documentation Integrity Act of 2017</title>
        <chamberName />
      </item>
      <item>
        <chamberCode>H</chamberCode>
        <parentTitleType />
        <titleType>(Extracted from GPO) Short Titles as Passed House</titleType>
        <title>DHS Acquisition Documentation Integrity Act of 2017</title>
        <chamberName>House</chamberName>
      </item>
      <item>
        <chamberCode />
        <parentTitleType />
        <titleType>(Extracted from GPO) Short Titles as Introduced</titleType>
        <title>DHS Acquisition Documentation Integrity Act of 2017</title>
        <chamberName />
      </item>
    </titles>
    <recordedVotes />
    <committees>
      <billCommittees>
        <item>
          <name>Homeland Security and Governmental Affairs Committee</name>
          <activities>
            <item>
              <date>2017-02-01T23:30:22Z</date>
              <name>Referred to</name>
            </item>
          </activities>
          <chamber>Senate</chamber>
          <type>Standing</type>
          <systemCode>ssga00</systemCode>
          <subcommittees />
        </item>
        <item>
          <name>Homeland Security Committee</name>
          <activities>
            <item>
              <date>2017-01-05T15:05:05Z</date>
              <name>Referred to</name>
            </item>
          </activities>
          <chamber>House</chamber>
          <type>Standing</type>
          <systemCode>hshm00</systemCode>
          <subcommittees />
        </item>
      </billCommittees>
    </committees>
    <latestAction>
      <text>Received in the Senate and Read twice and referred to the Committee on Homeland Security and Governmental Affairs.</text>
      <actionDate>2017-02-01</actionDate>
      <links />
    </latestAction>
    <billNumber>347</billNumber>
    <notes />
    <committeeReports />
    <constitutionalAuthorityStatementText><![CDATA[<pre>From the Congressional Record Online through the Government Publishing Office [<a href='http://www.gpo.gov'>www.gpo.gov</a>]By Mrs. WATSON COLEMAN:H.R. 347.Congress has the power to enact this legislation pursuantto the following:Article 1, Section 8, Clause 1Article 1, Section 8, Clause 18[Page H184]</pre>]]></constitutionalAuthorityStatementText>
    <cosponsors>
      <item>
        <bioguideId>M001157</bioguideId>
        <sponsorshipDate>2017-01-05</sponsorshipDate>
        <party>R</party>
        <firstName>Michael</firstName>
        <fullName>Rep. McCaul, Michael T. [R-TX-10]</fullName>
        <lastName>McCaul</lastName>
        <identifiers>
          <lisID>1804</lisID>
          <gpoId>8166</gpoId>
          <bioguideId>M001157</bioguideId>
        </identifiers>
        <sponsorshipWithdrawnDate />
        <district>10</district>
        <state>TX</state>
        <isOriginalCosponsor>True</isOriginalCosponsor>
        <middleName>T.</middleName>
      </item>
      <item>
        <bioguideId>T000193</bioguideId>
        <sponsorshipDate>2017-01-05</sponsorshipDate>
        <party>D</party>
        <firstName>BENNIE</firstName>
        <fullName>Rep. Thompson, Bennie G. [D-MS-2]</fullName>
        <lastName>THOMPSON</lastName>
        <identifiers>
          <gpoId>8020</gpoId>
          <bioguideId>T000193</bioguideId>
          <lisID>1151</lisID>
        </identifiers>
        <sponsorshipWithdrawnDate />
        <district>2</district>
        <state>MS</state>
        <isOriginalCosponsor>True</isOriginalCosponsor>
        <middleName />
      </item>
      <item>
        <bioguideId>P000605</bioguideId>
        <sponsorshipDate>2017-01-05</sponsorshipDate>
        <party>R</party>
        <firstName>Scott</firstName>
        <fullName>Rep. Perry, Scott [R-PA-4]</fullName>
        <lastName>Perry</lastName>
        <identifiers>
          <bioguideId>P000605</bioguideId>
          <lisID>2157</lisID>
          <gpoId />
        </identifiers>
        <sponsorshipWithdrawnDate />
        <district>4</district>
        <state>PA</state>
        <isOriginalCosponsor>True</isOriginalCosponsor>
        <middleName />
      </item>
    </cosponsors>
    <cboCostEstimates />
    <sponsors>
      <item>
        <state>NJ</state>
        <bioguideId>W000822</bioguideId>
        <fullName>Rep. Watson Coleman, Bonnie [D-NJ-12]</fullName>
        <identifiers>
          <lisID>2259</lisID>
          <gpoId />
          <bioguideId>W000822</bioguideId>
        </identifiers>
        <middleName />
        <firstName>Bonnie</firstName>
        <district>12</district>
        <lastName>Watson Coleman</lastName>
        <byRequestType />
        <party>D</party>
      </item>
    </sponsors>
    <actions>
      <actionTypeCounts>
        <generalDebate>1</generalDebate>
        <motionMadeToSuspendTheRules>1</motionMadeToSuspendTheRules>
        <billReferrals>1</billReferrals>
        <introducedInTheHouse>1</introducedInTheHouse>
        <finalPassageUnderSuspensionOfTheRulesResults>1</finalPassageUnderSuspensionOfTheRulesResults>
        <passedAgreedToInHouse>1</passedAgreedToInHouse>
        <referredToCommittee>1</referredToCommittee>
        <motionToReconsiderResults>1</motionToReconsiderResults>
        <considerationByHouse>1</considerationByHouse>
        <introducedInHouse>1</introducedInHouse>
      </actionTypeCounts>
      <item>
        <actionDate>2017-02-01</actionDate>
        <committee>
          <name>Homeland Security and Governmental Affairs Committee</name>
          <systemCode>ssga00</systemCode>
        </committee>
        <links />
        <sourceSystem>
          <code>0</code>
          <name>Senate</name>
        </sourceSystem>
        <text>Received in the Senate and Read twice and referred to the Committee on Homeland Security and Governmental Affairs.</text>
        <type>IntroReferral</type>
      </item>
      <item>
        <text>Motion to reconsider laid on the table Agreed to without objection.</text>
        <type>Floor</type>
        <actionTime>15:45:12</actionTime>
        <actionDate>2017-01-31</actionDate>
        <links />
        <committee />
        <sourceSystem>
          <code>2</code>
          <name>House floor actions</name>
        </sourceSystem>
        <actionCode>H38310</actionCode>
      </item>
      <item>
        <text>On motion to suspend the rules and pass the bill Agreed to by voice vote. (text: CR H790)</text>
        <type>Floor</type>
        <actionTime>15:45:10</actionTime>
        <actionDate>2017-01-31</actionDate>
        <links>
          <link>
            <name>H790</name>
            <url>https://www.congress.gov/congressional-record/volume-163/house-section/page/H790</url>
          </link>
        </links>
        <committee />
        <sourceSystem>
          <code>2</code>
          <name>House floor actions</name>
        </sourceSystem>
        <actionCode>H37300</actionCode>
      </item>
      <item>
        <text>Passed/agreed to in House: On motion to suspend the rules and pass the bill Agreed to by voice vote.(text: CR H790)</text>
        <type>Floor</type>
        <actionTime>15:45:10</actionTime>
        <actionDate>2017-01-31</actionDate>
        <links>
          <link>
            <name>H790</name>
            <url>https://www.congress.gov/congressional-record/volume-163/house-section/page/H790</url>
          </link>
        </links>
        <committee />
        <sourceSystem>
          <code>9</code>
          <name>Library of Congress</name>
        </sourceSystem>
        <actionCode>8000</actionCode>
      </item>
      <item>
        <text>DEBATE - The House proceeded with forty minutes of debate on H.R. 347.</text>
        <type>Floor</type>
        <actionTime>15:39:49</actionTime>
        <actionDate>2017-01-31</actionDate>
        <links>
          <link>
            <name>H.R. 347</name>
            <url>https://www.congress.gov/bill/115th-congress/house-bill/347</url>
          </link>
        </links>
        <committee />
        <sourceSystem>
          <code>2</code>
          <name>House floor actions</name>
        </sourceSystem>
        <actionCode>H8D000</actionCode>
      </item>
      <item>
        <text>Considered under suspension of the rules. (consideration: CR H790-791)</text>
        <type>Floor</type>
        <actionTime>15:39:47</actionTime>
        <actionDate>2017-01-31</actionDate>
        <links>
          <link>
            <name>H790-791</name>
            <url>https://www.congress.gov/congressional-record/volume-163/house-section/page/H790-791</url>
          </link>
        </links>
        <committee />
        <sourceSystem>
          <code>2</code>
          <name>House floor actions</name>
        </sourceSystem>
        <actionCode>H30000</actionCode>
      </item>
      <item>
        <text>Mr. Perry moved to suspend the rules and pass the bill.</text>
        <type>Floor</type>
        <actionTime>15:39:39</actionTime>
        <actionDate>2017-01-31</actionDate>
        <links />
        <committee />
        <sourceSystem>
          <code>2</code>
          <name>House floor actions</name>
        </sourceSystem>
        <actionCode>H30300</actionCode>
      </item>
      <item>
        <text>Referred to the House Committee on Homeland Security.</text>
        <type>IntroReferral</type>
        <actionDate>2017-01-05</actionDate>
        <links />
        <committee>
          <name>Homeland Security Committee</name>
          <systemCode>hshm00</systemCode>
        </committee>
        <sourceSystem>
          <code>2</code>
          <name>House floor actions</name>
        </sourceSystem>
        <actionCode>H11100</actionCode>
      </item>
      <item>
        <text>Introduced in House</text>
        <type>IntroReferral</type>
        <actionDate>2017-01-05</actionDate>
        <links />
        <committee />
        <sourceSystem>
          <code>9</code>
          <name>Library of Congress</name>
        </sourceSystem>
        <actionCode>Intro-H</actionCode>
      </item>
      <item>
        <text>Introduced in House</text>
        <type>IntroReferral</type>
        <actionDate>2017-01-05</actionDate>
        <links />
        <committee />
        <sourceSystem>
          <code>9</code>
          <name>Library of Congress</name>
        </sourceSystem>
        <actionCode>1000</actionCode>
      </item>
      <actionByCounts>
        <senate>1</senate>
        <houseOfRepresentatives>9</houseOfRepresentatives>
      </actionByCounts>
    </actions>
    <congress>115</congress>
    <policyArea>
      <name>Government Operations and Politics</name>
    </policyArea>
    <subjects>
      <billSubjects>
        <policyArea>
          <name>Government Operations and Politics</name>
        </policyArea>
        <legislativeSubjects>
          <item>
            <name>Accounting and auditing</name>
          </item>
          <item>
            <name>Congressional oversight</name>
          </item>
          <item>
            <name>Department of Homeland Security</name>
          </item>
          <item>
            <name>Government information and archives</name>
          </item>
          <item>
            <name>Public contracts and procurement</name>
          </item>
        </legislativeSubjects>
      </billSubjects>
    </subjects>
    <introducedDate>2017-01-05</introducedDate>
    <laws />
    <summaries>
      <billSummaries>
        <item>
          <lastSummaryUpdateDate>2017-02-04T15:59:13Z</lastSummaryUpdateDate>
          <updateDate>2017-01-05T05:00:00Z</updateDate>
          <text><![CDATA[<p><strong>DHS Acquisition Documentation Integrity Act of 2017</strong></p> <p>This bill amends the Homeland Security Act of 2002 to direct the Department of Homeland Security (DHS) to require the head of a relevant component or office to:</p> <ul> <li> maintain acquisition documentation that is complete, accurate, timely, and valid and that includes operational requirements that are validated consistent with DHS policy, a complete lifecycle cost estimate, verification of such estimate against independent cost estimates, a cost-benefit analysis, and a schedule;</li> <li> prepare cost estimates and schedules for major acquisition programs in a manner consistent with best practices as identified by the Government Accountability Office; and </li> <li> submit certain acquisition documentation to DHS to produce an annual comprehensive report on the status of DHS acquisitions for submission to Congress. </li> </ul> <p> DHS may waive such submission requirement for such a program for a fiscal year if the program: (1) has not entered the full rate production phase in the acquisition lifecycle, had a reasonable cost estimate established, and had a system configuration defined fully; or (2) does not meet the definition of capital asset, as defined by the Office of Management and Budget.</p> <p> DHS shall make available to Congress, at the same time the President's budget is submitted for a fiscal year, information on the requirements of this Act in the prior fiscal year, including the following information regarding each program for which DHS has waived the submission requirement: </p> <ul> <li>the grounds for granting a waiver for that program;</li> <li>the projected cost of that program;</li> <li>the proportion of a component's or office's annual acquisition budget attributed to that program; and</li> <li>information on the significance of the program with respect to the component's operations and execution of its mission. </li> </ul> <p>The bill defines a "major acquisition program" as one that is estimated to require total expenditures of at least $300 million.</p>]]></text>
          <actionDesc>Introduced in House</actionDesc>
          <versionCode>00</versionCode>
          <actionDate>2017-01-05</actionDate>
          <name>Introduced in House</name>
        </item>
        <item>
          <lastSummaryUpdateDate>2017-03-15T20:15:38Z</lastSummaryUpdateDate>
          <updateDate>2017-01-31T13:41:42Z</updateDate>
          <text><![CDATA[<p>(This measure has not been amended since it was introduced. The summary has been expanded because action occurred on the measure.)</p> <p><strong>DHS Acquisition Documentation Integrity Act of 2017</strong></p> <p>(Sec. 2) This bill amends the Homeland Security Act of 2002 to direct the Department of Homeland Security (DHS) to require the head of a relevant component or office to:</p> <ul> <li> maintain acquisition documentation that is complete, accurate, timely, and valid and that includes operational requirements that are validated consistent with DHS policy, a complete lifecycle cost estimate, verification of such estimate against independent cost estimates, a cost-benefit analysis, and a schedule;</li> <li> prepare cost estimates and schedules for major acquisition programs in a manner consistent with best practices as identified by the Government Accountability Office; and </li> <li> submit certain acquisition documentation to DHS to produce an annual comprehensive report on the status of DHS acquisitions for submission to Congress. </li> </ul> <p> DHS may waive such submission requirement for such a program for a fiscal year if the program: (1) has not entered the full rate production phase in the acquisition lifecycle, had a reasonable cost estimate established, and had a system configuration defined fully; or (2) does not meet the definition of capital asset, as defined by the Office of Management and Budget.</p> <p> DHS shall make available to Congress, at the same time the President's budget is submitted for a fiscal year, information on the requirements of this Act in the prior fiscal year, including the following information regarding each program for which DHS has waived the submission requirement: </p> <ul> <li>the grounds for granting a waiver for that program;</li> <li>the projected cost of that program;</li> <li>the proportion of a component's or office's annual acquisition budget attributed to that program; and</li> <li>information on the significance of the program with respect to the component's operations and execution of its mission. </li> </ul> <p>The bill defines a "major acquisition program" as one that is estimated to require total expenditures of at least $300 million.</p>]]></text>
          <actionDesc>Passed House without amendment</actionDesc>
          <versionCode>81</versionCode>
          <actionDate>2017-01-31</actionDate>
          <name>Passed House without amendment</name>
        </item>
      </billSummaries>
    </summaries>
    <amendments />
    <version>1.0.0</version>
    <title>DHS Acquisition Documentation Integrity Act of 2017</title>
    <calendarNumbers />
    <updateDate>2018-03-30T13:59:11Z</updateDate>
    <relatedBills />
  </bill>
  <dublinCore xmlns:dc="http://purl.org/dc/elements/1.1/">
    <dc:format>text/xml</dc:format>
    <dc:language>EN</dc:language>
    <dc:rights>Pursuant to Title 17 Section 105 of the United States Code, this file is not subject to copyright protection and is in the public domain.</dc:rights>
    <dc:contributor>Congressional Research Service, Library of Congress</dc:contributor>
    <dc:description>This file contains bill summaries and statuses for federal legislation. A bill summary describes the most significant provisions of a piece of legislation and details the effects the legislative text may have on current law and federal programs. Bill summaries are authored by the Congressional Research Service (CRS) of the Library of Congress. As stated in Public Law 91-510 (2 USC 166 (d)(6)), one of the duties of CRS is "to prepare summaries and digests of bills and resolutions of a public general nature introduced in the Senate or House of Representatives". For more information, refer to the User Guide that accompanies this file.</dc:description>
  </dublinCore>
</billStatus>

