<?xml version="1.0" encoding="UTF-8"?>
<billStatus>
  <bill>
    <calendarNumbers />
    <congress>115</congress>
    <billType>HR</billType>
    <constitutionalAuthorityStatementText><![CDATA[<pre>From the Congressional Record Online through the Government Publishing Office [<a href='http://www.gpo.gov'>www.gpo.gov</a>]By Mr. BRENDAN F. BOYLE of Pennsylvania:H.R. 528.Congress has the power to enact this legislation pursuantto the following:Article I, section 8 of the U. S. Constitution, whichgrants Congress the power to ``lay and collect Taxes, Duties,Imposts, and Excises, to pay the Debts and provide for thecommon defense and general Welfare of the United States.''[Page H547]</pre>]]></constitutionalAuthorityStatementText>
    <recordedVotes />
    <summaries>
      <billSummaries>
        <item>
          <actionDate>2017-01-13</actionDate>
          <actionDesc>Introduced in House</actionDesc>
          <text><![CDATA[<p><b>Stop Act</b></p> <p>This bill amends the Federal Election Campaign Act of 1971 to prohibit an individual holding federal office from soliciting funds directly from any person: (1) for or on behalf of any political committee, or (2) for or on the behalf of any person for use for federal election activity.</p> <p>Such an individual, however, may participate in a fundraising event, including planning or attending it, speaking at it, or serving as a featured guest at the event, so long as he or she does not engage in any written or verbal solicitation of funds in connection with the event.</p>]]></text>
          <name>Introduced in House</name>
          <updateDate>2017-01-13T05:00:00Z</updateDate>
          <lastSummaryUpdateDate>2017-10-03T22:13:36Z</lastSummaryUpdateDate>
          <versionCode>00</versionCode>
        </item>
      </billSummaries>
    </summaries>
    <subjects>
      <billSubjects>
        <legislativeSubjects>
          <item>
            <name>Congressional elections</name>
          </item>
          <item>
            <name>Congressional operations and organization</name>
          </item>
          <item>
            <name>Elections, voting, political campaign regulation</name>
          </item>
          <item>
            <name>Government ethics and transparency, public corruption</name>
          </item>
          <item>
            <name>Members of Congress</name>
          </item>
        </legislativeSubjects>
        <policyArea>
          <name>Government Operations and Politics</name>
        </policyArea>
      </billSubjects>
    </subjects>
    <cosponsors>
      <item>
        <sponsorshipWithdrawnDate />
        <identifiers>
          <bioguideId>J000255</bioguideId>
          <gpoId>8026</gpoId>
          <lisID>612</lisID>
        </identifiers>
        <party>R</party>
        <district>3</district>
        <state>NC</state>
        <sponsorshipDate>2017-01-13</sponsorshipDate>
        <bioguideId>J000255</bioguideId>
        <fullName>Rep. Jones, Walter B., Jr. [R-NC-3]</fullName>
        <middleName>B.</middleName>
        <firstName>WALTER</firstName>
        <isOriginalCosponsor>True</isOriginalCosponsor>
        <lastName>JONES</lastName>
      </item>
      <item>
        <sponsorshipWithdrawnDate />
        <identifiers>
          <bioguideId>N000127</bioguideId>
          <gpoId />
          <lisID>867</lisID>
        </identifiers>
        <party>D</party>
        <district>8</district>
        <state>MN</state>
        <sponsorshipDate>2017-01-13</sponsorshipDate>
        <bioguideId>N000127</bioguideId>
        <fullName>Rep. Nolan, Richard M. [D-MN-8]</fullName>
        <middleName />
        <firstName>RICHARD</firstName>
        <isOriginalCosponsor>True</isOriginalCosponsor>
        <lastName>NOLAN</lastName>
      </item>
      <item>
        <sponsorshipWithdrawnDate />
        <identifiers>
          <gpoId />
          <bioguideId>S001200</bioguideId>
          <lisID>2319</lisID>
        </identifiers>
        <party>D</party>
        <district>9</district>
        <state>FL</state>
        <sponsorshipDate>2017-08-18</sponsorshipDate>
        <bioguideId>S001200</bioguideId>
        <fullName>Rep. Soto, Darren [D-FL-9]</fullName>
        <middleName />
        <firstName>Darren</firstName>
        <isOriginalCosponsor>False</isOriginalCosponsor>
        <lastName>Soto</lastName>
      </item>
    </cosponsors>
    <actions>
      <actionTypeCounts>
        <introducedInTheHouse>1</introducedInTheHouse>
        <introducedInHouse>1</introducedInHouse>
        <billReferrals>1</billReferrals>
      </actionTypeCounts>
      <item>
        <actionCode>H11100</actionCode>
        <sourceSystem>
          <code>2</code>
          <name>House floor actions</name>
        </sourceSystem>
        <links />
        <text>Referred to the House Committee on House Administration.</text>
        <actionDate>2017-01-13</actionDate>
        <type>IntroReferral</type>
        <committee>
          <systemCode>hsha00</systemCode>
          <name>House Administration Committee</name>
        </committee>
      </item>
      <item>
        <actionCode>Intro-H</actionCode>
        <sourceSystem>
          <code>9</code>
          <name>Library of Congress</name>
        </sourceSystem>
        <links />
        <text>Introduced in House</text>
        <actionDate>2017-01-13</actionDate>
        <type>IntroReferral</type>
        <committee />
      </item>
      <item>
        <actionCode>1000</actionCode>
        <sourceSystem>
          <code>9</code>
          <name>Library of Congress</name>
        </sourceSystem>
        <links />
        <text>Introduced in House</text>
        <actionDate>2017-01-13</actionDate>
        <type>IntroReferral</type>
        <committee />
      </item>
      <actionByCounts>
        <houseOfRepresentatives>3</houseOfRepresentatives>
      </actionByCounts>
    </actions>
    <notes />
    <policyArea>
      <name>Government Operations and Politics</name>
    </policyArea>
    <billNumber>528</billNumber>
    <createDate>2017-01-14T04:47:32Z</createDate>
    <originChamber>House</originChamber>
    <committees>
      <billCommittees>
        <item>
          <activities>
            <item>
              <date>2017-01-13T14:09:20Z</date>
              <name>Referred to</name>
            </item>
          </activities>
          <systemCode>hsha00</systemCode>
          <chamber>House</chamber>
          <type>Standing</type>
          <name>House Administration Committee</name>
          <subcommittees />
        </item>
      </billCommittees>
    </committees>
    <introducedDate>2017-01-13</introducedDate>
    <amendments />
    <sponsors>
      <item>
        <lastName>Boyle</lastName>
        <bioguideId>B001296</bioguideId>
        <identifiers>
          <lisID>2267</lisID>
          <gpoId />
          <bioguideId>B001296</bioguideId>
        </identifiers>
        <party>D</party>
        <firstName>Brendan</firstName>
        <fullName>Rep. Boyle, Brendan F. [D-PA-13]</fullName>
        <state>PA</state>
        <byRequestType />
        <middleName>F.</middleName>
        <district>13</district>
      </item>
    </sponsors>
    <committeeReports />
    <cboCostEstimates />
    <titles>
      <item>
        <title>Stop Act</title>
        <parentTitleType />
        <chamberCode />
        <titleType>Short Titles as Introduced</titleType>
        <chamberName />
      </item>
      <item>
        <title>To amend the Federal Election Campaign Act of 1971 to prohibit individuals holding Federal office from directly soliciting contributions to or on behalf of any political committee under such Act, and for other purposes.</title>
        <parentTitleType />
        <chamberCode />
        <titleType>Official Title as Introduced</titleType>
        <chamberName />
      </item>
      <item>
        <title>Stop Act</title>
        <parentTitleType />
        <chamberCode />
        <titleType>Display Title</titleType>
        <chamberName />
      </item>
      <item>
        <title>Stop Act</title>
        <parentTitleType />
        <chamberCode />
        <titleType>(Extracted from GPO) Short Titles as Introduced</titleType>
        <chamberName />
      </item>
    </titles>
    <title>Stop Act</title>
    <laws />
    <relatedBills />
    <latestAction>
      <actionDate>2017-01-13</actionDate>
      <links />
      <text>Referred to the House Committee on House Administration.</text>
    </latestAction>
    <version>1.0.0</version>
    <updateDate>2018-03-30T14:00:04Z</updateDate>
  </bill>
  <dublinCore xmlns:dc="http://purl.org/dc/elements/1.1/">
    <dc:format>text/xml</dc:format>
    <dc:language>EN</dc:language>
    <dc:rights>Pursuant to Title 17 Section 105 of the United States Code, this file is not subject to copyright protection and is in the public domain.</dc:rights>
    <dc:contributor>Congressional Research Service, Library of Congress</dc:contributor>
    <dc:description>This file contains bill summaries and statuses for federal legislation. A bill summary describes the most significant provisions of a piece of legislation and details the effects the legislative text may have on current law and federal programs. Bill summaries are authored by the Congressional Research Service (CRS) of the Library of Congress. As stated in Public Law 91-510 (2 USC 166 (d)(6)), one of the duties of CRS is "to prepare summaries and digests of bills and resolutions of a public general nature introduced in the Senate or House of Representatives". For more information, refer to the User Guide that accompanies this file.</dc:description>
  </dublinCore>
</billStatus>

