<?xml version="1.0" encoding="UTF-8"?>
<billStatus>
  <bill>
    <titles>
      <item>
        <chamberCode />
        <parentTitleType />
        <titleType>Short Titles as Introduced</titleType>
        <title>Fannie Mae and Freddie Mac Transparency Act of 2017</title>
        <chamberName />
      </item>
      <item>
        <chamberCode />
        <parentTitleType />
        <titleType>Official Title as Introduced</titleType>
        <title>To require additional entities to be subject to the requirements of section 552 of title 5, United States Code (commonly referred to as the Freedom of Information Act), and for other purposes.</title>
        <chamberName />
      </item>
      <item>
        <chamberCode />
        <parentTitleType />
        <titleType>Display Title</titleType>
        <title>Fannie Mae and Freddie Mac Transparency Act of 2017</title>
        <chamberName />
      </item>
      <item>
        <chamberCode />
        <parentTitleType />
        <titleType>(Extracted from GPO) Short Titles as Introduced</titleType>
        <title>Fannie Mae and Freddie Mac Transparency Act of 2017</title>
        <chamberName />
      </item>
    </titles>
    <policyArea>
      <name>Government Operations and Politics</name>
    </policyArea>
    <amendments />
    <billNumber>298</billNumber>
    <version>1.0.0</version>
    <congress>115</congress>
    <calendarNumbers />
    <createDate>2017-01-06T04:57:25Z</createDate>
    <updateDate>2018-03-30T13:58:58Z</updateDate>
    <latestAction>
      <actionDate>2017-01-05</actionDate>
      <links />
      <text>Referred to the House Committee on Financial Services.</text>
    </latestAction>
    <laws />
    <sponsors>
      <item>
        <fullName>Rep. Chaffetz, Jason [R-UT-3]</fullName>
        <bioguideId>C001076</bioguideId>
        <lastName>Chaffetz</lastName>
        <byRequestType />
        <firstName>Jason</firstName>
        <district>3</district>
        <state>UT</state>
        <middleName />
        <party>R</party>
        <identifiers>
          <bioguideId>C001076</bioguideId>
          <gpoId>8191</gpoId>
          <lisID>1956</lisID>
        </identifiers>
      </item>
    </sponsors>
    <originChamber>House</originChamber>
    <constitutionalAuthorityStatementText><![CDATA[<pre>From the Congressional Record Online through the Government Publishing Office [<a href='http://www.gpo.gov'>www.gpo.gov</a>]By Mr. CHAFFETZ:H.R. 298.Congress has the power to enact this legislation pursuantto the following:Article 1, Section 8, Clause 1; Article 1, Section 8,Clause 2; and Article 1, Section 8, Clause 18 of the UnitedStates Constitution[Page H182]</pre>]]></constitutionalAuthorityStatementText>
    <cosponsors>
      <item>
        <sponsorshipWithdrawnDate />
        <identifiers>
          <lisID>2094</lisID>
          <gpoId>8371</gpoId>
          <bioguideId>M001184</bioguideId>
        </identifiers>
        <party>R</party>
        <district>4</district>
        <state>KY</state>
        <sponsorshipDate>2017-02-03</sponsorshipDate>
        <bioguideId>M001184</bioguideId>
        <fullName>Rep. Massie, Thomas [R-KY-4]</fullName>
        <middleName />
        <firstName>Thomas</firstName>
        <isOriginalCosponsor>False</isOriginalCosponsor>
        <lastName>Massie</lastName>
      </item>
    </cosponsors>
    <billType>HR</billType>
    <notes />
    <summaries>
      <billSummaries>
        <item>
          <lastSummaryUpdateDate>2017-01-26T22:17:28Z</lastSummaryUpdateDate>
          <updateDate>2017-01-05T05:00:00Z</updateDate>
          <text><![CDATA[<p><strong>Fannie Mae and Freddie Mac Transparency Act of 2017</strong></p> <p>This bill requires either the Federal National Mortgage Association (Fannie Mae) or the Federal Home Loan Mortgage Corporation (Freddie Mac) to be considered an agency subject to the public information disclosure requirements of the Freedom of Information Act during any period in which such entity is under conservatorship or receivership.</p>]]></text>
          <actionDesc>Introduced in House</actionDesc>
          <versionCode>00</versionCode>
          <actionDate>2017-01-05</actionDate>
          <name>Introduced in House</name>
        </item>
      </billSummaries>
    </summaries>
    <relatedBills>
      <item>
        <latestTitle>Fannie and Freddie Open Records Act of 2017</latestTitle>
        <latestAction>
          <actionDate>2017-04-28</actionDate>
          <text>Received in the Senate and Read twice and referred to the Committee on the Judiciary.</text>
        </latestAction>
        <number>1694</number>
        <type>HR</type>
        <congress>115</congress>
        <relationshipDetails>
          <item>
            <identifiedBy>CRS</identifiedBy>
            <type>Related bill</type>
          </item>
        </relationshipDetails>
      </item>
    </relatedBills>
    <committees>
      <billCommittees>
        <item>
          <chamber>House</chamber>
          <activities>
            <item>
              <name>Referred to</name>
              <date>2017-01-05T15:01:40Z</date>
            </item>
          </activities>
          <type>Standing</type>
          <systemCode>hsba00</systemCode>
          <subcommittees />
          <name>Financial Services Committee</name>
        </item>
      </billCommittees>
    </committees>
    <cboCostEstimates />
    <subjects>
      <billSubjects>
        <policyArea>
          <name>Government Operations and Politics</name>
        </policyArea>
        <legislativeSubjects>
          <item>
            <name>Executive agency funding and structure</name>
          </item>
          <item>
            <name>Freedom of information</name>
          </item>
          <item>
            <name>Government corporations and government-sponsored enterprises</name>
          </item>
          <item>
            <name>Housing finance and home ownership</name>
          </item>
        </legislativeSubjects>
      </billSubjects>
    </subjects>
    <committeeReports />
    <title>Fannie Mae and Freddie Mac Transparency Act of 2017</title>
    <recordedVotes />
    <actions>
      <actionTypeCounts>
        <introducedInTheHouse>1</introducedInTheHouse>
        <introducedInHouse>1</introducedInHouse>
        <billReferrals>1</billReferrals>
      </actionTypeCounts>
      <item>
        <actionCode>H11100</actionCode>
        <sourceSystem>
          <code>2</code>
          <name>House floor actions</name>
        </sourceSystem>
        <links />
        <text>Referred to the House Committee on Financial Services.</text>
        <actionDate>2017-01-05</actionDate>
        <type>IntroReferral</type>
        <committee>
          <systemCode>hsba00</systemCode>
          <name>Financial Services Committee</name>
        </committee>
      </item>
      <item>
        <actionCode>Intro-H</actionCode>
        <sourceSystem>
          <code>9</code>
          <name>Library of Congress</name>
        </sourceSystem>
        <links />
        <text>Introduced in House</text>
        <actionDate>2017-01-05</actionDate>
        <type>IntroReferral</type>
        <committee />
      </item>
      <item>
        <actionCode>1000</actionCode>
        <sourceSystem>
          <code>9</code>
          <name>Library of Congress</name>
        </sourceSystem>
        <links />
        <text>Introduced in House</text>
        <actionDate>2017-01-05</actionDate>
        <type>IntroReferral</type>
        <committee />
      </item>
      <actionByCounts>
        <houseOfRepresentatives>3</houseOfRepresentatives>
      </actionByCounts>
    </actions>
    <introducedDate>2017-01-05</introducedDate>
  </bill>
  <dublinCore xmlns:dc="http://purl.org/dc/elements/1.1/">
    <dc:format>text/xml</dc:format>
    <dc:language>EN</dc:language>
    <dc:rights>Pursuant to Title 17 Section 105 of the United States Code, this file is not subject to copyright protection and is in the public domain.</dc:rights>
    <dc:contributor>Congressional Research Service, Library of Congress</dc:contributor>
    <dc:description>This file contains bill summaries and statuses for federal legislation. A bill summary describes the most significant provisions of a piece of legislation and details the effects the legislative text may have on current law and federal programs. Bill summaries are authored by the Congressional Research Service (CRS) of the Library of Congress. As stated in Public Law 91-510 (2 USC 166 (d)(6)), one of the duties of CRS is "to prepare summaries and digests of bills and resolutions of a public general nature introduced in the Senate or House of Representatives". For more information, refer to the User Guide that accompanies this file.</dc:description>
  </dublinCore>
</billStatus>

