<?xml version="1.0" encoding="UTF-8"?>
<billStatus>
  <bill>
    <introducedDate>2017-01-30</introducedDate>
    <createDate>2017-01-31T05:23:09Z</createDate>
    <policyArea>
      <name>Energy</name>
    </policyArea>
    <title>To prohibit the Secretary of the Interior from issuing oil and gas leases on portions of the Outer Continental Shelf located off the coast of New Jersey.</title>
    <constitutionalAuthorityStatementText><![CDATA[<pre>From the Congressional Record Online through the Government Publishing Office [<a href='http://www.gpo.gov'>www.gpo.gov</a>]By Mr. LoBIONDO:H.R. 728.Congress has the power to enact this legislation pursuantto the following:The Congress enacts this bill pursuant to Section 8 ofArticle 1 of the United States Constitution.[Page H745]</pre>]]></constitutionalAuthorityStatementText>
    <notes />
    <cosponsors>
      <item>
        <state>NJ</state>
        <lastName>FRELINGHUYSEN</lastName>
        <sponsorshipWithdrawnDate />
        <district>11</district>
        <middleName />
        <fullName>Rep. Frelinghuysen, Rodney P. [R-NJ-11]</fullName>
        <bioguideId>F000372</bioguideId>
        <party>R</party>
        <identifiers>
          <bioguideId>F000372</bioguideId>
          <lisID>414</lisID>
          <gpoId>8053</gpoId>
        </identifiers>
        <sponsorshipDate>2017-01-30</sponsorshipDate>
        <isOriginalCosponsor>True</isOriginalCosponsor>
        <firstName>RODNEY</firstName>
      </item>
      <item>
        <state>NJ</state>
        <lastName>Lance</lastName>
        <sponsorshipWithdrawnDate />
        <district>7</district>
        <middleName />
        <fullName>Rep. Lance, Leonard [R-NJ-7]</fullName>
        <bioguideId>L000567</bioguideId>
        <party>R</party>
        <identifiers>
          <gpoId>8049</gpoId>
          <lisID>1936</lisID>
          <bioguideId>L000567</bioguideId>
        </identifiers>
        <sponsorshipDate>2017-01-30</sponsorshipDate>
        <isOriginalCosponsor>True</isOriginalCosponsor>
        <firstName>Leonard</firstName>
      </item>
      <item>
        <state>NJ</state>
        <lastName>SMITH</lastName>
        <sponsorshipWithdrawnDate />
        <district>4</district>
        <middleName>H.</middleName>
        <fullName>Rep. Smith, Christopher H. [R-NJ-4]</fullName>
        <bioguideId>S000522</bioguideId>
        <party>R</party>
        <identifiers>
          <bioguideId>S000522</bioguideId>
          <gpoId>8046</gpoId>
          <lisID>1071</lisID>
        </identifiers>
        <sponsorshipDate>2017-01-30</sponsorshipDate>
        <isOriginalCosponsor>True</isOriginalCosponsor>
        <firstName>CHRISTOPHER</firstName>
      </item>
    </cosponsors>
    <actions>
      <actionByCounts>
        <houseOfRepresentatives>4</houseOfRepresentatives>
      </actionByCounts>
      <item>
        <actionDate>2017-02-10</actionDate>
        <committee>
          <name>Energy and Mineral Resources Subcommittee</name>
          <systemCode>hsii06</systemCode>
        </committee>
        <links />
        <sourceSystem>
          <name>House committee actions</name>
          <code>1</code>
        </sourceSystem>
        <text>Referred to the Subcommittee on Energy and Mineral Resources.</text>
        <type>Committee</type>
      </item>
      <item>
        <actionCode>H11100</actionCode>
        <committee>
          <name>Natural Resources Committee</name>
          <systemCode>hsii00</systemCode>
        </committee>
        <sourceSystem>
          <name>House floor actions</name>
          <code>2</code>
        </sourceSystem>
        <type>IntroReferral</type>
        <text>Referred to the House Committee on Natural Resources.</text>
        <actionDate>2017-01-30</actionDate>
        <links />
      </item>
      <item>
        <actionCode>Intro-H</actionCode>
        <committee />
        <sourceSystem>
          <name>Library of Congress</name>
          <code>9</code>
        </sourceSystem>
        <type>IntroReferral</type>
        <text>Introduced in House</text>
        <actionDate>2017-01-30</actionDate>
        <links />
      </item>
      <item>
        <actionCode>1000</actionCode>
        <committee />
        <sourceSystem>
          <name>Library of Congress</name>
          <code>9</code>
        </sourceSystem>
        <type>IntroReferral</type>
        <text>Introduced in House</text>
        <actionDate>2017-01-30</actionDate>
        <links />
      </item>
      <actionTypeCounts>
        <billReferrals>1</billReferrals>
        <introducedInHouse>1</introducedInHouse>
        <introducedInTheHouse>1</introducedInTheHouse>
        <placeholderTextForH>1</placeholderTextForH>
      </actionTypeCounts>
    </actions>
    <originChamber>House</originChamber>
    <latestAction>
      <actionDate>2017-02-10</actionDate>
      <text>Referred to the Subcommittee on Energy and Mineral Resources.</text>
      <links />
    </latestAction>
    <calendarNumbers />
    <committeeReports />
    <congress>115</congress>
    <cboCostEstimates />
    <relatedBills />
    <billNumber>728</billNumber>
    <amendments />
    <committees>
      <billCommittees>
        <item>
          <activities>
            <item>
              <date>2017-01-30T17:05:20Z</date>
              <name>Referred to</name>
            </item>
          </activities>
          <systemCode>hsii00</systemCode>
          <chamber>House</chamber>
          <type>Standing</type>
          <name>Natural Resources Committee</name>
          <subcommittees>
            <item>
              <activities>
                <item>
                  <date>2017-02-10T21:40:45Z</date>
                  <name>Referred to</name>
                </item>
              </activities>
              <systemCode>hsii06</systemCode>
              <name>Energy and Mineral Resources Subcommittee</name>
            </item>
          </subcommittees>
        </item>
      </billCommittees>
    </committees>
    <updateDate>2018-03-30T14:01:03Z</updateDate>
    <summaries>
      <billSummaries>
        <item>
          <actionDesc>Introduced in House</actionDesc>
          <name>Introduced in House</name>
          <versionCode>00</versionCode>
          <actionDate>2017-01-30</actionDate>
          <text><![CDATA[<p>This bill prohibits the Bureau of Ocean Energy Management from issuing a lease, permit, or license for oil exploration or extraction on submerged lands of the Outer Continental Shelf that are located within 125 miles off the coastline of New Jersey.</p>]]></text>
          <lastSummaryUpdateDate>2017-08-08T18:41:29Z</lastSummaryUpdateDate>
          <updateDate>2017-01-30T05:00:00Z</updateDate>
        </item>
      </billSummaries>
    </summaries>
    <recordedVotes />
    <version>1.0.0</version>
    <sponsors>
      <item>
        <firstName>FRANK</firstName>
        <byRequestType />
        <fullName>Rep. LoBiondo, Frank A. [R-NJ-2]</fullName>
        <bioguideId>L000554</bioguideId>
        <state>NJ</state>
        <district>2</district>
        <party>R</party>
        <identifiers>
          <bioguideId>L000554</bioguideId>
          <gpoId>8044</gpoId>
          <lisID>699</lisID>
        </identifiers>
        <middleName>A.</middleName>
        <lastName>LOBIONDO</lastName>
      </item>
    </sponsors>
    <subjects>
      <billSubjects>
        <legislativeSubjects>
          <item>
            <name>Atlantic Ocean</name>
          </item>
          <item>
            <name>Licensing and registrations</name>
          </item>
          <item>
            <name>Marine and coastal resources, fisheries</name>
          </item>
          <item>
            <name>New Jersey</name>
          </item>
          <item>
            <name>Oil and gas</name>
          </item>
        </legislativeSubjects>
        <policyArea>
          <name>Energy</name>
        </policyArea>
      </billSubjects>
    </subjects>
    <billType>HR</billType>
    <laws />
    <titles>
      <item>
        <titleType>Official Title as Introduced</titleType>
        <parentTitleType />
        <title>To prohibit the Secretary of the Interior from issuing oil and gas leases on portions of the Outer Continental Shelf located off the coast of New Jersey.</title>
        <chamberName />
        <chamberCode />
      </item>
      <item>
        <titleType>Display Title</titleType>
        <parentTitleType />
        <title>To prohibit the Secretary of the Interior from issuing oil and gas leases on portions of the Outer Continental Shelf located off the coast of New Jersey.</title>
        <chamberName />
        <chamberCode />
      </item>
    </titles>
  </bill>
  <dublinCore xmlns:dc="http://purl.org/dc/elements/1.1/">
    <dc:format>text/xml</dc:format>
    <dc:language>EN</dc:language>
    <dc:rights>Pursuant to Title 17 Section 105 of the United States Code, this file is not subject to copyright protection and is in the public domain.</dc:rights>
    <dc:contributor>Congressional Research Service, Library of Congress</dc:contributor>
    <dc:description>This file contains bill summaries and statuses for federal legislation. A bill summary describes the most significant provisions of a piece of legislation and details the effects the legislative text may have on current law and federal programs. Bill summaries are authored by the Congressional Research Service (CRS) of the Library of Congress. As stated in Public Law 91-510 (2 USC 166 (d)(6)), one of the duties of CRS is "to prepare summaries and digests of bills and resolutions of a public general nature introduced in the Senate or House of Representatives". For more information, refer to the User Guide that accompanies this file.</dc:description>
  </dublinCore>
</billStatus>

