<?xml version="1.0" encoding="UTF-8"?>
<billStatus>
  <bill>
    <calendarNumbers />
    <congress>115</congress>
    <billType>HR</billType>
    <constitutionalAuthorityStatementText><![CDATA[<pre>From the Congressional Record Online through the Government Publishing Office [<a href='http://www.gpo.gov'>www.gpo.gov</a>]By Mr. TAKANO:H.R. 2068.Congress has the power to enact this legislation pursuantto the following:Article 1, Section 8 of the Constitution of the UnitedStates.[Page H2792]</pre>]]></constitutionalAuthorityStatementText>
    <recordedVotes />
    <summaries>
      <billSummaries>
        <item>
          <actionDesc>Introduced in House</actionDesc>
          <text><![CDATA[<p><strong>Department of Veterans Affairs Veterans Education Relief and Restoration Act of 2017</strong></p> <p>This bill declares that, if a veteran is forced to discontinue a course as a result of a a permanent school closure and did not receive credit or lost training time toward completion of the education program, Department of Veterans Affairs (VA) educational assistance payments shall not, for a specified period of time, be: </p> <ul> <li> charged against the individual's entitlement to educational assistance, or </li> <li> counted against the aggregate period for which such assistance may be provided.</li> </ul> <p>The bill applies to courses and programs of education discontinued beginning with FY2015.</p> <p>The VA may continue to pay educational assistance and subsistence allowances to eligible veterans and eligible persons enrolled in specified courses for up to 4 weeks in any 12-month period when schools are temporarily closed under an established policy based on an executive order of the President or due to an emergency situation.</p> <p>The VA may also continue to pay a monthly housing stipend following a permanent school closure, but only until the earlier of: (1) the date of the end of the term, quarter, or semester during which the school closure occurred; and (2) the date that is four months after the school closure.</p>]]></text>
          <lastSummaryUpdateDate>2017-04-22T15:02:44Z</lastSummaryUpdateDate>
          <name>Introduced in House</name>
          <versionCode>00</versionCode>
          <updateDate>2017-04-06T04:00:00Z</updateDate>
          <actionDate>2017-04-06</actionDate>
        </item>
      </billSummaries>
    </summaries>
    <subjects>
      <billSubjects>
        <policyArea>
          <name>Armed Forces and National Security</name>
        </policyArea>
        <legislativeSubjects>
          <item>
            <name>Educational facilities and institutions</name>
          </item>
          <item>
            <name>Higher education</name>
          </item>
          <item>
            <name>Student aid and college costs</name>
          </item>
          <item>
            <name>Veterans' education, employment, rehabilitation</name>
          </item>
        </legislativeSubjects>
      </billSubjects>
    </subjects>
    <cosponsors>
      <item>
        <firstName>Carol</firstName>
        <identifiers>
          <bioguideId>S001170</bioguideId>
          <lisID>1861</lisID>
          <gpoId>7528</gpoId>
        </identifiers>
        <sponsorshipWithdrawnDate />
        <district>1</district>
        <middleName />
        <state>NH</state>
        <lastName>Shea-Porter</lastName>
        <sponsorshipDate>2017-04-06</sponsorshipDate>
        <isOriginalCosponsor>True</isOriginalCosponsor>
        <bioguideId>S001170</bioguideId>
        <fullName>Rep. Shea-Porter, Carol [D-NH-1]</fullName>
        <party>D</party>
      </item>
      <item>
        <firstName>Raul</firstName>
        <identifiers>
          <lisID>1708</lisID>
          <gpoId>7804</gpoId>
          <bioguideId>G000551</bioguideId>
        </identifiers>
        <sponsorshipWithdrawnDate />
        <district>3</district>
        <middleName>M.</middleName>
        <state>AZ</state>
        <lastName>Grijalva</lastName>
        <sponsorshipDate>2017-04-06</sponsorshipDate>
        <isOriginalCosponsor>True</isOriginalCosponsor>
        <bioguideId>G000551</bioguideId>
        <fullName>Rep. Grijalva, Raul M. [D-AZ-3]</fullName>
        <party>D</party>
      </item>
      <item>
        <firstName>Suzan</firstName>
        <identifiers>
          <bioguideId>D000617</bioguideId>
          <gpoId>8374</gpoId>
          <lisID>2096</lisID>
        </identifiers>
        <sponsorshipWithdrawnDate />
        <district>1</district>
        <middleName>K.</middleName>
        <state>WA</state>
        <lastName>DelBene</lastName>
        <sponsorshipDate>2017-04-06</sponsorshipDate>
        <isOriginalCosponsor>True</isOriginalCosponsor>
        <bioguideId>D000617</bioguideId>
        <fullName>Rep. DelBene, Suzan K. [D-WA-1]</fullName>
        <party>D</party>
      </item>
      <item>
        <firstName>LOUISE</firstName>
        <identifiers>
          <lisID>1069</lisID>
          <gpoId>8089</gpoId>
          <bioguideId>S000480</bioguideId>
        </identifiers>
        <sponsorshipWithdrawnDate />
        <district>25</district>
        <middleName>M.</middleName>
        <state>NY</state>
        <lastName>SLAUGHTER</lastName>
        <sponsorshipDate>2017-04-06</sponsorshipDate>
        <isOriginalCosponsor>True</isOriginalCosponsor>
        <bioguideId>S000480</bioguideId>
        <fullName>Rep. Slaughter, Louise McIntosh [D-NY-25]</fullName>
        <party>D</party>
      </item>
      <item>
        <firstName>BOBBY</firstName>
        <identifiers>
          <gpoId>7921</gpoId>
          <lisID>1003</lisID>
          <bioguideId>R000515</bioguideId>
        </identifiers>
        <sponsorshipWithdrawnDate />
        <district>1</district>
        <middleName>L.</middleName>
        <state>IL</state>
        <lastName>RUSH</lastName>
        <sponsorshipDate>2017-04-06</sponsorshipDate>
        <isOriginalCosponsor>True</isOriginalCosponsor>
        <bioguideId>R000515</bioguideId>
        <fullName>Rep. Rush, Bobby L. [D-IL-1]</fullName>
        <party>D</party>
      </item>
      <item>
        <firstName>Jackie</firstName>
        <identifiers>
          <lisID>1890</lisID>
          <gpoId>7817</gpoId>
          <bioguideId>S001175</bioguideId>
        </identifiers>
        <sponsorshipWithdrawnDate />
        <district>14</district>
        <middleName />
        <state>CA</state>
        <lastName>Speier</lastName>
        <sponsorshipDate>2017-04-06</sponsorshipDate>
        <isOriginalCosponsor>True</isOriginalCosponsor>
        <bioguideId>S001175</bioguideId>
        <fullName>Rep. Speier, Jackie [D-CA-14]</fullName>
        <party>D</party>
      </item>
      <item>
        <firstName>EARL</firstName>
        <identifiers>
          <bioguideId>B000574</bioguideId>
          <gpoId>8116</gpoId>
          <lisID>99</lisID>
        </identifiers>
        <sponsorshipWithdrawnDate />
        <district>3</district>
        <middleName />
        <state>OR</state>
        <lastName>BLUMENAUER</lastName>
        <sponsorshipDate>2017-04-06</sponsorshipDate>
        <isOriginalCosponsor>True</isOriginalCosponsor>
        <bioguideId>B000574</bioguideId>
        <fullName>Rep. Blumenauer, Earl [D-OR-3]</fullName>
        <party>D</party>
      </item>
      <item>
        <firstName>Scott</firstName>
        <identifiers>
          <lisID>2113</lisID>
          <gpoId />
          <bioguideId>P000608</bioguideId>
        </identifiers>
        <sponsorshipWithdrawnDate />
        <district>52</district>
        <middleName>H.</middleName>
        <state>CA</state>
        <lastName>Peters</lastName>
        <sponsorshipDate>2017-04-06</sponsorshipDate>
        <isOriginalCosponsor>True</isOriginalCosponsor>
        <bioguideId>P000608</bioguideId>
        <fullName>Rep. Peters, Scott H. [D-CA-52]</fullName>
        <party>D</party>
      </item>
      <item>
        <firstName>Pete</firstName>
        <identifiers>
          <bioguideId>A000371</bioguideId>
          <lisID>2229</lisID>
          <gpoId />
        </identifiers>
        <sponsorshipWithdrawnDate />
        <district>31</district>
        <middleName />
        <state>CA</state>
        <lastName>Aguilar</lastName>
        <sponsorshipDate>2017-04-27</sponsorshipDate>
        <isOriginalCosponsor>False</isOriginalCosponsor>
        <bioguideId>A000371</bioguideId>
        <fullName>Rep. Aguilar, Pete [D-CA-31]</fullName>
        <party>D</party>
      </item>
      <item>
        <firstName>Suzanne</firstName>
        <identifiers>
          <lisID>2092</lisID>
          <gpoId>8367</gpoId>
          <bioguideId>B001278</bioguideId>
        </identifiers>
        <sponsorshipWithdrawnDate />
        <district>1</district>
        <middleName />
        <state>OR</state>
        <lastName>Bonamici</lastName>
        <sponsorshipDate>2017-04-27</sponsorshipDate>
        <isOriginalCosponsor>False</isOriginalCosponsor>
        <bioguideId>B001278</bioguideId>
        <fullName>Rep. Bonamici, Suzanne [D-OR-1]</fullName>
        <party>D</party>
      </item>
      <item>
        <firstName>Ruben</firstName>
        <identifiers>
          <lisID>2226</lisID>
          <gpoId />
          <bioguideId>G000574</bioguideId>
        </identifiers>
        <sponsorshipWithdrawnDate />
        <district>7</district>
        <middleName />
        <state>AZ</state>
        <lastName>Gallego</lastName>
        <sponsorshipDate>2017-04-27</sponsorshipDate>
        <isOriginalCosponsor>False</isOriginalCosponsor>
        <bioguideId>G000574</bioguideId>
        <fullName>Rep. Gallego, Ruben [D-AZ-7]</fullName>
        <party>D</party>
      </item>
      <item>
        <firstName>Alan</firstName>
        <identifiers>
          <bioguideId>L000579</bioguideId>
          <gpoId />
          <lisID>2111</lisID>
        </identifiers>
        <sponsorshipWithdrawnDate />
        <district>47</district>
        <middleName>S.</middleName>
        <state>CA</state>
        <lastName>Lowenthal</lastName>
        <sponsorshipDate>2017-04-27</sponsorshipDate>
        <isOriginalCosponsor>False</isOriginalCosponsor>
        <bioguideId>L000579</bioguideId>
        <fullName>Rep. Lowenthal, Alan S. [D-CA-47]</fullName>
        <party>D</party>
      </item>
      <item>
        <firstName>TIM</firstName>
        <identifiers>
          <lisID>1756</lisID>
          <gpoId>8107</gpoId>
          <bioguideId>R000577</bioguideId>
        </identifiers>
        <sponsorshipWithdrawnDate />
        <district>13</district>
        <middleName />
        <state>OH</state>
        <lastName>RYAN</lastName>
        <sponsorshipDate>2017-04-27</sponsorshipDate>
        <isOriginalCosponsor>False</isOriginalCosponsor>
        <bioguideId>R000577</bioguideId>
        <fullName>Rep. Ryan, Tim [D-OH-13]</fullName>
        <party>D</party>
      </item>
      <item>
        <firstName>JOHN</firstName>
        <identifiers>
          <gpoId>7902</gpoId>
          <lisID>688</lisID>
          <bioguideId>L000287</bioguideId>
        </identifiers>
        <sponsorshipWithdrawnDate />
        <district>5</district>
        <middleName />
        <state>GA</state>
        <lastName>LEWIS</lastName>
        <sponsorshipDate>2017-04-27</sponsorshipDate>
        <isOriginalCosponsor>False</isOriginalCosponsor>
        <bioguideId>L000287</bioguideId>
        <fullName>Rep. Lewis, John [D-GA-5]</fullName>
        <party>D</party>
      </item>
      <item>
        <firstName>Kathy</firstName>
        <identifiers>
          <lisID>1839</lisID>
          <gpoId>7883</gpoId>
          <bioguideId>C001066</bioguideId>
        </identifiers>
        <sponsorshipWithdrawnDate />
        <district>14</district>
        <middleName />
        <state>FL</state>
        <lastName>Castor</lastName>
        <sponsorshipDate>2017-04-27</sponsorshipDate>
        <isOriginalCosponsor>False</isOriginalCosponsor>
        <bioguideId>C001066</bioguideId>
        <fullName>Rep. Castor, Kathy [D-FL-14]</fullName>
        <party>D</party>
      </item>
      <item>
        <firstName>SUSAN</firstName>
        <identifiers>
          <lisID>1641</lisID>
          <gpoId>7858</gpoId>
          <bioguideId>D000598</bioguideId>
        </identifiers>
        <sponsorshipWithdrawnDate />
        <district>53</district>
        <middleName>A.</middleName>
        <state>CA</state>
        <lastName>DAVIS</lastName>
        <sponsorshipDate>2017-04-27</sponsorshipDate>
        <isOriginalCosponsor>False</isOriginalCosponsor>
        <bioguideId>D000598</bioguideId>
        <fullName>Rep. Davis, Susan A. [D-CA-53]</fullName>
        <party>D</party>
      </item>
      <item>
        <firstName>Gwen</firstName>
        <identifiers>
          <bioguideId>M001160</bioguideId>
          <gpoId>8217</gpoId>
          <lisID>1811</lisID>
        </identifiers>
        <sponsorshipWithdrawnDate />
        <district>4</district>
        <middleName />
        <state>WI</state>
        <lastName>Moore</lastName>
        <sponsorshipDate>2017-04-27</sponsorshipDate>
        <isOriginalCosponsor>False</isOriginalCosponsor>
        <bioguideId>M001160</bioguideId>
        <fullName>Rep. Moore, Gwen [D-WI-4]</fullName>
        <party>D</party>
      </item>
      <item>
        <firstName>Joyce</firstName>
        <identifiers>
          <gpoId />
          <bioguideId>B001281</bioguideId>
          <lisID>2153</lisID>
        </identifiers>
        <sponsorshipWithdrawnDate />
        <district>3</district>
        <middleName />
        <state>OH</state>
        <lastName>Beatty</lastName>
        <sponsorshipDate>2017-04-27</sponsorshipDate>
        <isOriginalCosponsor>False</isOriginalCosponsor>
        <bioguideId>B001281</bioguideId>
        <fullName>Rep. Beatty, Joyce [D-OH-3]</fullName>
        <party>D</party>
      </item>
      <item>
        <firstName>Keith</firstName>
        <identifiers>
          <lisID>1857</lisID>
          <gpoId>8005</gpoId>
          <bioguideId>E000288</bioguideId>
        </identifiers>
        <sponsorshipWithdrawnDate />
        <district>5</district>
        <middleName />
        <state>MN</state>
        <lastName>Ellison</lastName>
        <sponsorshipDate>2017-05-19</sponsorshipDate>
        <isOriginalCosponsor>False</isOriginalCosponsor>
        <bioguideId>E000288</bioguideId>
        <fullName>Rep. Ellison, Keith [D-MN-5]</fullName>
        <party>D</party>
      </item>
      <item>
        <firstName>Robert</firstName>
        <identifiers>
          <lisID>1037</lisID>
          <gpoId>8194</gpoId>
          <bioguideId>S000185</bioguideId>
        </identifiers>
        <sponsorshipWithdrawnDate />
        <district>3</district>
        <middleName>C. "Bobby"</middleName>
        <state>VA</state>
        <lastName>Scott</lastName>
        <sponsorshipDate>2017-05-19</sponsorshipDate>
        <isOriginalCosponsor>False</isOriginalCosponsor>
        <bioguideId>S000185</bioguideId>
        <fullName>Rep. Scott, Robert C. "Bobby" [D-VA-3]</fullName>
        <party>D</party>
      </item>
      <item>
        <firstName>Julia</firstName>
        <identifiers>
          <bioguideId>B001285</bioguideId>
          <gpoId />
          <lisID>2106</lisID>
        </identifiers>
        <sponsorshipWithdrawnDate />
        <district>26</district>
        <middleName />
        <state>CA</state>
        <lastName>Brownley</lastName>
        <sponsorshipDate>2017-07-12</sponsorshipDate>
        <isOriginalCosponsor>False</isOriginalCosponsor>
        <bioguideId>B001285</bioguideId>
        <fullName>Rep. Brownley, Julia [D-CA-26]</fullName>
        <party>D</party>
      </item>
      <item>
        <firstName>Seth</firstName>
        <identifiers>
          <lisID>2246</lisID>
          <gpoId />
          <bioguideId>M001196</bioguideId>
        </identifiers>
        <sponsorshipWithdrawnDate />
        <district>6</district>
        <middleName />
        <state>MA</state>
        <lastName>Moulton</lastName>
        <sponsorshipDate>2017-07-12</sponsorshipDate>
        <isOriginalCosponsor>False</isOriginalCosponsor>
        <bioguideId>M001196</bioguideId>
        <fullName>Rep. Moulton, Seth [D-MA-6]</fullName>
        <party>D</party>
      </item>
      <item>
        <firstName>Kurt</firstName>
        <identifiers>
          <lisID>1950</lisID>
          <gpoId>8118</gpoId>
          <bioguideId>S001180</bioguideId>
        </identifiers>
        <sponsorshipWithdrawnDate />
        <district>5</district>
        <middleName />
        <state>OR</state>
        <lastName>Schrader</lastName>
        <sponsorshipDate>2017-11-28</sponsorshipDate>
        <isOriginalCosponsor>False</isOriginalCosponsor>
        <bioguideId>S001180</bioguideId>
        <fullName>Rep. Schrader, Kurt [D-OR-5]</fullName>
        <party>D</party>
      </item>
    </cosponsors>
    <actions>
      <item>
        <actionDate>2017-04-06</actionDate>
        <committee>
          <name>Economic Opportunity Subcommittee</name>
          <systemCode>hsvr10</systemCode>
        </committee>
        <links />
        <sourceSystem>
          <name>House committee actions</name>
          <code>1</code>
        </sourceSystem>
        <text>Referred to the Subcommittee on Economic Opportunity.</text>
        <type>Committee</type>
      </item>
      <item>
        <sourceSystem>
          <name>House floor actions</name>
          <code>2</code>
        </sourceSystem>
        <type>IntroReferral</type>
        <committee>
          <name>Veterans' Affairs Committee</name>
          <systemCode>hsvr00</systemCode>
        </committee>
        <text>Referred to the House Committee on Veterans' Affairs.</text>
        <actionCode>H11100</actionCode>
        <actionDate>2017-04-06</actionDate>
        <links />
      </item>
      <item>
        <sourceSystem>
          <name>Library of Congress</name>
          <code>9</code>
        </sourceSystem>
        <type>IntroReferral</type>
        <committee />
        <text>Introduced in House</text>
        <actionCode>Intro-H</actionCode>
        <actionDate>2017-04-06</actionDate>
        <links />
      </item>
      <item>
        <sourceSystem>
          <name>Library of Congress</name>
          <code>9</code>
        </sourceSystem>
        <type>IntroReferral</type>
        <committee />
        <text>Introduced in House</text>
        <actionCode>1000</actionCode>
        <actionDate>2017-04-06</actionDate>
        <links />
      </item>
      <actionTypeCounts>
        <introducedInTheHouse>1</introducedInTheHouse>
        <billReferrals>1</billReferrals>
        <placeholderTextForH>1</placeholderTextForH>
        <introducedInHouse>1</introducedInHouse>
      </actionTypeCounts>
      <actionByCounts>
        <houseOfRepresentatives>4</houseOfRepresentatives>
      </actionByCounts>
    </actions>
    <notes />
    <policyArea>
      <name>Armed Forces and National Security</name>
    </policyArea>
    <billNumber>2068</billNumber>
    <createDate>2017-04-07T03:12:01Z</createDate>
    <originChamber>House</originChamber>
    <committees>
      <billCommittees>
        <item>
          <chamber>House</chamber>
          <type>Standing</type>
          <name>Veterans' Affairs Committee</name>
          <activities>
            <item>
              <date>2017-04-06T13:08:20Z</date>
              <name>Referred to</name>
            </item>
          </activities>
          <subcommittees>
            <item>
              <systemCode>hsvr10</systemCode>
              <name>Economic Opportunity Subcommittee</name>
              <activities>
                <item>
                  <date>2017-04-06T17:40:02Z</date>
                  <name>Referred to</name>
                </item>
              </activities>
            </item>
          </subcommittees>
          <systemCode>hsvr00</systemCode>
        </item>
      </billCommittees>
    </committees>
    <introducedDate>2017-04-06</introducedDate>
    <amendments />
    <sponsors>
      <item>
        <lastName>Takano</lastName>
        <bioguideId>T000472</bioguideId>
        <identifiers>
          <bioguideId>T000472</bioguideId>
          <gpoId />
          <lisID>2110</lisID>
        </identifiers>
        <party>D</party>
        <firstName>Mark</firstName>
        <fullName>Rep. Takano, Mark [D-CA-41]</fullName>
        <state>CA</state>
        <byRequestType />
        <middleName />
        <district>41</district>
      </item>
    </sponsors>
    <committeeReports />
    <cboCostEstimates />
    <titles>
      <item>
        <chamberCode />
        <parentTitleType />
        <titleType>Short Titles as Introduced</titleType>
        <chamberName />
        <title>Department of Veterans Affairs Veterans Education Relief and Restoration Act of 2017</title>
      </item>
      <item>
        <chamberCode />
        <parentTitleType />
        <titleType>Official Title as Introduced</titleType>
        <chamberName />
        <title>To amend title 38, United States Code, to provide veterans affected by school closures certain relief and restoration of educational benefits, and for other purposes.</title>
      </item>
      <item>
        <chamberCode />
        <parentTitleType />
        <titleType>Display Title</titleType>
        <chamberName />
        <title>Department of Veterans Affairs Veterans Education Relief and Restoration Act of 2017</title>
      </item>
      <item>
        <chamberCode />
        <parentTitleType />
        <titleType>(Extracted from GPO) Short Titles as Introduced</titleType>
        <chamberName />
        <title>Department of Veterans Affairs Veterans Education Relief and Restoration Act of 2017</title>
      </item>
    </titles>
    <title>Department of Veterans Affairs Veterans Education Relief and Restoration Act of 2017</title>
    <laws />
    <relatedBills>
      <item>
        <latestTitle>To amend title 38, United States Code, to provide for the restoration of entitlement to educational assistance and other relief for veterans affected by school closure or disapproval, and for other purposes.</latestTitle>
        <latestAction>
          <actionDate>2017-07-24</actionDate>
          <text>Referred to the Subcommittee on Economic Opportunity.</text>
        </latestAction>
        <number>3372</number>
        <type>HR</type>
        <congress>115</congress>
        <relationshipDetails>
          <item>
            <identifiedBy>CRS</identifiedBy>
            <type>Related bill</type>
          </item>
        </relationshipDetails>
      </item>
      <item>
        <latestTitle>Keep Student Veterans in Their Homes Act of 2017</latestTitle>
        <latestAction>
          <actionDate>2017-05-25</actionDate>
          <text>Referred to the Subcommittee on Economic Opportunity.</text>
        </latestAction>
        <number>2698</number>
        <type>HR</type>
        <congress>115</congress>
        <relationshipDetails>
          <item>
            <identifiedBy>CRS</identifiedBy>
            <type>Related bill</type>
          </item>
        </relationshipDetails>
      </item>
      <item>
        <latestTitle>Protecting Veterans From School Closures Act of 2017</latestTitle>
        <latestAction>
          <actionDate>2017-03-06</actionDate>
          <text>Referred to the Subcommittee on Economic Opportunity.</text>
        </latestAction>
        <number>1216</number>
        <type>HR</type>
        <congress>115</congress>
        <relationshipDetails>
          <item>
            <identifiedBy>CRS</identifiedBy>
            <type>Related bill</type>
          </item>
        </relationshipDetails>
      </item>
      <item>
        <latestTitle>Veterans Education Relief and Reinstatement Act of 2017</latestTitle>
        <latestAction>
          <actionDate>2017-06-29</actionDate>
          <text>Read twice and referred to the Committee on Veterans' Affairs.</text>
        </latestAction>
        <number>1489</number>
        <type>S</type>
        <congress>115</congress>
        <relationshipDetails>
          <item>
            <identifiedBy>CRS</identifiedBy>
            <type>Related bill</type>
          </item>
        </relationshipDetails>
      </item>
    </relatedBills>
    <latestAction>
      <actionDate>2017-04-06</actionDate>
      <links />
      <text>Referred to the Subcommittee on Economic Opportunity.</text>
    </latestAction>
    <version>1.0.0</version>
    <updateDate>2018-03-30T14:06:54Z</updateDate>
  </bill>
  <dublinCore xmlns:dc="http://purl.org/dc/elements/1.1/">
    <dc:format>text/xml</dc:format>
    <dc:language>EN</dc:language>
    <dc:rights>Pursuant to Title 17 Section 105 of the United States Code, this file is not subject to copyright protection and is in the public domain.</dc:rights>
    <dc:contributor>Congressional Research Service, Library of Congress</dc:contributor>
    <dc:description>This file contains bill summaries and statuses for federal legislation. A bill summary describes the most significant provisions of a piece of legislation and details the effects the legislative text may have on current law and federal programs. Bill summaries are authored by the Congressional Research Service (CRS) of the Library of Congress. As stated in Public Law 91-510 (2 USC 166 (d)(6)), one of the duties of CRS is "to prepare summaries and digests of bills and resolutions of a public general nature introduced in the Senate or House of Representatives". For more information, refer to the User Guide that accompanies this file.</dc:description>
  </dublinCore>
</billStatus>

