<?xml version="1.0" encoding="UTF-8"?>
<billStatus>
  <bill>
    <titles>
      <item>
        <chamberCode />
        <titleType>Short Titles as Introduced</titleType>
        <title>BRIDGE Act</title>
        <parentTitleType />
        <chamberName />
      </item>
      <item>
        <chamberCode />
        <titleType>Short Titles as Introduced</titleType>
        <title>Bar Removal of Individuals who Dream and Grow our Economy Act</title>
        <parentTitleType />
        <chamberName />
      </item>
      <item>
        <chamberCode />
        <titleType>Official Title as Introduced</titleType>
        <title>To provide provisional protected presence to qualified individuals who came to the United States as children.</title>
        <parentTitleType />
        <chamberName />
      </item>
      <item>
        <chamberCode />
        <titleType>Display Title</titleType>
        <title>BRIDGE Act</title>
        <parentTitleType />
        <chamberName />
      </item>
      <item>
        <chamberCode />
        <titleType>(Extracted from GPO) Short Titles as Introduced</titleType>
        <title>BRIDGE Act</title>
        <parentTitleType />
        <chamberName />
      </item>
      <item>
        <chamberCode />
        <titleType>(Extracted from GPO) Short Titles as Introduced</titleType>
        <title>Bar Removal of Individuals who Dream and Grow our Economy Act</title>
        <parentTitleType />
        <chamberName />
      </item>
    </titles>
    <policyArea>
      <name>Immigration</name>
    </policyArea>
    <amendments />
    <billNumber>496</billNumber>
    <version>1.0.0</version>
    <congress>115</congress>
    <calendarNumbers />
    <createDate>2017-01-13T04:55:31Z</createDate>
    <updateDate>2018-03-30T13:59:55Z</updateDate>
    <latestAction>
      <actionDate>2017-09-05</actionDate>
      <links />
      <text>Motion to Discharge Committee filed by Mr. Coffman. Petition No: 115-4. (&lt;a href="http://clerk.house.gov/115/lrc/pd/petitions/DisPet0004.xml"&gt;Discharge petition&lt;/a&gt; text with signatures.)</text>
    </latestAction>
    <laws />
    <sponsors>
      <item>
        <fullName>Rep. Coffman, Mike [R-CO-6]</fullName>
        <bioguideId>C001077</bioguideId>
        <lastName>Coffman</lastName>
        <byRequestType />
        <firstName>Mike</firstName>
        <district>6</district>
        <state>CO</state>
        <middleName />
        <party>R</party>
        <identifiers>
          <lisID>1912</lisID>
          <gpoId>7864</gpoId>
          <bioguideId>C001077</bioguideId>
        </identifiers>
      </item>
    </sponsors>
    <originChamber>House</originChamber>
    <constitutionalAuthorityStatementText><![CDATA[<pre>From the Congressional Record Online through the Government Publishing Office [<a href='http://www.gpo.gov'>www.gpo.gov</a>]By Mr. COFFMAN:H.R. 496.Congress has the power to enact this legislation pursuantto the following:Article 1 Section 8 Clause 4 states that ``Congress shallhave the power to establish an uniform rule ofnaturalization.''[Page H473]</pre>]]></constitutionalAuthorityStatementText>
    <cosponsors>
      <item>
        <sponsorshipWithdrawnDate />
        <identifiers>
          <lisID>478</lisID>
          <gpoId>7924</gpoId>
          <bioguideId>G000535</bioguideId>
        </identifiers>
        <party>D</party>
        <district>4</district>
        <state>IL</state>
        <sponsorshipDate>2017-01-12</sponsorshipDate>
        <bioguideId>G000535</bioguideId>
        <fullName>Rep. Gutierrez, Luis V. [D-IL-4]</fullName>
        <middleName>V.</middleName>
        <firstName>LUIS</firstName>
        <isOriginalCosponsor>True</isOriginalCosponsor>
        <lastName>GUTIERREZ</lastName>
      </item>
      <item>
        <sponsorshipWithdrawnDate />
        <identifiers>
          <lisID>2235</lisID>
          <gpoId />
          <bioguideId>C001107</bioguideId>
        </identifiers>
        <party>R</party>
        <district>26</district>
        <state>FL</state>
        <sponsorshipDate>2017-01-12</sponsorshipDate>
        <bioguideId>C001107</bioguideId>
        <fullName>Rep. Curbelo, Carlos [R-FL-26]</fullName>
        <middleName />
        <firstName>Carlos</firstName>
        <isOriginalCosponsor>True</isOriginalCosponsor>
        <lastName>Curbelo</lastName>
      </item>
      <item>
        <sponsorshipWithdrawnDate />
        <identifiers>
          <lisID>997</lisID>
          <gpoId>7839</gpoId>
          <bioguideId>R000486</bioguideId>
        </identifiers>
        <party>D</party>
        <district>40</district>
        <state>CA</state>
        <sponsorshipDate>2017-01-12</sponsorshipDate>
        <bioguideId>R000486</bioguideId>
        <fullName>Rep. Roybal-Allard, Lucille [D-CA-40]</fullName>
        <middleName />
        <firstName>LUCILLE</firstName>
        <isOriginalCosponsor>True</isOriginalCosponsor>
        <lastName>ROYBAL-ALLARD</lastName>
      </item>
      <item>
        <sponsorshipWithdrawnDate />
        <identifiers>
          <lisID>1995</lisID>
          <gpoId>7824</gpoId>
          <bioguideId>D000612</bioguideId>
        </identifiers>
        <party>R</party>
        <district>10</district>
        <state>CA</state>
        <sponsorshipDate>2017-01-12</sponsorshipDate>
        <bioguideId>D000612</bioguideId>
        <fullName>Rep. Denham, Jeff [R-CA-10]</fullName>
        <middleName />
        <firstName>Jeff</firstName>
        <isOriginalCosponsor>True</isOriginalCosponsor>
        <lastName>Denham</lastName>
      </item>
      <item>
        <sponsorshipWithdrawnDate />
        <identifiers>
          <lisID>701</lisID>
          <gpoId>7821</gpoId>
          <bioguideId>L000397</bioguideId>
        </identifiers>
        <party>D</party>
        <district>19</district>
        <state>CA</state>
        <sponsorshipDate>2017-01-12</sponsorshipDate>
        <bioguideId>L000397</bioguideId>
        <fullName>Rep. Lofgren, Zoe [D-CA-19]</fullName>
        <middleName />
        <firstName>ZOE</firstName>
        <isOriginalCosponsor>True</isOriginalCosponsor>
        <lastName>LOFGREN</lastName>
      </item>
      <item>
        <sponsorshipWithdrawnDate />
        <identifiers>
          <lisID>985</lisID>
          <gpoId>7890</gpoId>
          <bioguideId>R000435</bioguideId>
        </identifiers>
        <party>R</party>
        <district>27</district>
        <state>FL</state>
        <sponsorshipDate>2017-01-12</sponsorshipDate>
        <bioguideId>R000435</bioguideId>
        <fullName>Rep. Ros-Lehtinen, Ileana [R-FL-27]</fullName>
        <middleName />
        <firstName>ILEANA</firstName>
        <isOriginalCosponsor>True</isOriginalCosponsor>
        <lastName>ROS-LEHTINEN</lastName>
      </item>
      <item>
        <sponsorshipWithdrawnDate />
        <identifiers>
          <gpoId>7837</gpoId>
          <lisID>1970</lisID>
          <bioguideId>C001080</bioguideId>
        </identifiers>
        <party>D</party>
        <district>27</district>
        <state>CA</state>
        <sponsorshipDate>2017-01-12</sponsorshipDate>
        <bioguideId>C001080</bioguideId>
        <fullName>Rep. Chu, Judy [D-CA-27]</fullName>
        <middleName />
        <firstName>Judy</firstName>
        <isOriginalCosponsor>True</isOriginalCosponsor>
        <lastName>Chu</lastName>
      </item>
      <item>
        <sponsorshipWithdrawnDate />
        <identifiers>
          <lisID>2275</lisID>
          <gpoId />
          <bioguideId>N000189</bioguideId>
        </identifiers>
        <party>R</party>
        <district>4</district>
        <state>WA</state>
        <sponsorshipDate>2017-01-30</sponsorshipDate>
        <bioguideId>N000189</bioguideId>
        <fullName>Rep. Newhouse, Dan [R-WA-4]</fullName>
        <middleName />
        <firstName>Dan</firstName>
        <isOriginalCosponsor>False</isOriginalCosponsor>
        <lastName>Newhouse</lastName>
      </item>
      <item>
        <sponsorshipWithdrawnDate />
        <identifiers>
          <bioguideId>C001059</bioguideId>
          <gpoId>7825</gpoId>
          <lisID>1774</lisID>
        </identifiers>
        <party>D</party>
        <district>16</district>
        <state>CA</state>
        <sponsorshipDate>2017-01-30</sponsorshipDate>
        <bioguideId>C001059</bioguideId>
        <fullName>Rep. Costa, Jim [D-CA-16]</fullName>
        <middleName />
        <firstName>Jim</firstName>
        <isOriginalCosponsor>False</isOriginalCosponsor>
        <lastName>Costa</lastName>
      </item>
      <item>
        <sponsorshipWithdrawnDate />
        <identifiers>
          <gpoId>8212</gpoId>
          <lisID>1810</lisID>
          <bioguideId>R000578</bioguideId>
        </identifiers>
        <party>R</party>
        <district>8</district>
        <state>WA</state>
        <sponsorshipDate>2017-01-30</sponsorshipDate>
        <bioguideId>R000578</bioguideId>
        <fullName>Rep. Reichert, David G. [R-WA-8]</fullName>
        <middleName>G.</middleName>
        <firstName>David</firstName>
        <isOriginalCosponsor>False</isOriginalCosponsor>
        <lastName>Reichert</lastName>
      </item>
      <item>
        <sponsorshipWithdrawnDate />
        <identifiers>
          <lisID>2354</lisID>
          <gpoId />
          <bioguideId>J000298</bioguideId>
        </identifiers>
        <party>D</party>
        <district>7</district>
        <state>WA</state>
        <sponsorshipDate>2017-01-30</sponsorshipDate>
        <bioguideId>J000298</bioguideId>
        <fullName>Rep. Jayapal, Pramila [D-WA-7]</fullName>
        <middleName />
        <firstName>Pramila</firstName>
        <isOriginalCosponsor>False</isOriginalCosponsor>
        <lastName>Jayapal</lastName>
      </item>
      <item>
        <sponsorshipWithdrawnDate />
        <identifiers>
          <gpoId />
          <lisID>2105</lisID>
          <bioguideId>V000129</bioguideId>
        </identifiers>
        <party>R</party>
        <district>21</district>
        <state>CA</state>
        <sponsorshipDate>2017-01-31</sponsorshipDate>
        <bioguideId>V000129</bioguideId>
        <fullName>Rep. Valadao, David G. [R-CA-21]</fullName>
        <middleName>G.</middleName>
        <firstName>David</firstName>
        <isOriginalCosponsor>False</isOriginalCosponsor>
        <lastName>Valadao</lastName>
      </item>
      <item>
        <sponsorshipWithdrawnDate />
        <identifiers>
          <lisID>2231</lisID>
          <gpoId />
          <bioguideId>T000474</bioguideId>
        </identifiers>
        <party>D</party>
        <district>35</district>
        <state>CA</state>
        <sponsorshipDate>2017-01-31</sponsorshipDate>
        <bioguideId>T000474</bioguideId>
        <fullName>Rep. Torres, Norma J. [D-CA-35]</fullName>
        <middleName>J.</middleName>
        <firstName>Norma</firstName>
        <isOriginalCosponsor>False</isOriginalCosponsor>
        <lastName>Torres</lastName>
      </item>
      <item>
        <sponsorshipWithdrawnDate />
        <identifiers>
          <gpoId />
          <bioguideId>B001298</bioguideId>
          <lisID>2337</lisID>
        </identifiers>
        <party>R</party>
        <district>2</district>
        <state>NE</state>
        <sponsorshipDate>2017-02-07</sponsorshipDate>
        <bioguideId>B001298</bioguideId>
        <fullName>Rep. Bacon, Don [R-NE-2]</fullName>
        <middleName />
        <firstName>Don</firstName>
        <isOriginalCosponsor>False</isOriginalCosponsor>
        <lastName>Bacon</lastName>
      </item>
      <item>
        <sponsorshipWithdrawnDate />
        <identifiers>
          <bioguideId>O000170</bioguideId>
          <gpoId />
          <lisID>2162</lisID>
        </identifiers>
        <party>D</party>
        <district>16</district>
        <state>TX</state>
        <sponsorshipDate>2017-02-07</sponsorshipDate>
        <bioguideId>O000170</bioguideId>
        <fullName>Rep. O'Rourke, Beto [D-TX-16]</fullName>
        <middleName />
        <firstName>Beto</firstName>
        <isOriginalCosponsor>False</isOriginalCosponsor>
        <lastName>O'Rourke</lastName>
      </item>
      <item>
        <sponsorshipWithdrawnDate />
        <identifiers>
          <bioguideId>C001112</bioguideId>
          <gpoId />
          <lisID>2310</lisID>
        </identifiers>
        <party>D</party>
        <district>24</district>
        <state>CA</state>
        <sponsorshipDate>2017-02-24</sponsorshipDate>
        <bioguideId>C001112</bioguideId>
        <fullName>Rep. Carbajal, Salud O. [D-CA-24]</fullName>
        <middleName>O.</middleName>
        <firstName>Salud</firstName>
        <isOriginalCosponsor>False</isOriginalCosponsor>
        <lastName>Carbajal</lastName>
      </item>
      <item>
        <sponsorshipWithdrawnDate />
        <identifiers>
          <lisID>2345</lisID>
          <gpoId />
          <bioguideId>F000466</bioguideId>
        </identifiers>
        <party>R</party>
        <district>8</district>
        <state>PA</state>
        <sponsorshipDate>2017-02-24</sponsorshipDate>
        <bioguideId>F000466</bioguideId>
        <fullName>Rep. Fitzpatrick, Brian K. [R-PA-8]</fullName>
        <middleName>K.</middleName>
        <firstName>Brian</firstName>
        <isOriginalCosponsor>False</isOriginalCosponsor>
        <lastName>Fitzpatrick</lastName>
      </item>
      <item>
        <sponsorshipWithdrawnDate />
        <identifiers>
          <lisID>2293</lisID>
          <gpoId />
          <bioguideId>D000625</bioguideId>
        </identifiers>
        <party>R</party>
        <district>11</district>
        <state>NY</state>
        <sponsorshipDate>2017-03-13</sponsorshipDate>
        <bioguideId>D000625</bioguideId>
        <fullName>Rep. Donovan, Daniel M., Jr. [R-NY-11]</fullName>
        <middleName>M.</middleName>
        <firstName>Daniel</firstName>
        <isOriginalCosponsor>False</isOriginalCosponsor>
        <lastName>Donovan</lastName>
      </item>
      <item>
        <sponsorshipWithdrawnDate />
        <identifiers>
          <bioguideId>M000087</bioguideId>
          <gpoId>8075</gpoId>
          <lisID>729</lisID>
        </identifiers>
        <party>D</party>
        <district>12</district>
        <state>NY</state>
        <sponsorshipDate>2017-03-13</sponsorshipDate>
        <bioguideId>M000087</bioguideId>
        <fullName>Rep. Maloney, Carolyn B. [D-NY-12]</fullName>
        <middleName>B.</middleName>
        <firstName>CAROLYN</firstName>
        <isOriginalCosponsor>False</isOriginalCosponsor>
        <lastName>MALONEY</lastName>
      </item>
      <item>
        <sponsorshipWithdrawnDate />
        <identifiers>
          <bioguideId>F000464</bioguideId>
          <gpoId />
          <lisID>2343</lisID>
        </identifiers>
        <party>R</party>
        <district>19</district>
        <state>NY</state>
        <sponsorshipDate>2017-03-16</sponsorshipDate>
        <bioguideId>F000464</bioguideId>
        <fullName>Rep. Faso, John J. [R-NY-19]</fullName>
        <middleName>J.</middleName>
        <firstName>John</firstName>
        <isOriginalCosponsor>False</isOriginalCosponsor>
        <lastName>Faso</lastName>
      </item>
      <item>
        <sponsorshipWithdrawnDate />
        <identifiers>
          <lisID>2309</lisID>
          <gpoId />
          <bioguideId>P000613</bioguideId>
        </identifiers>
        <party>D</party>
        <district>20</district>
        <state>CA</state>
        <sponsorshipDate>2017-03-16</sponsorshipDate>
        <bioguideId>P000613</bioguideId>
        <fullName>Rep. Panetta, Jimmy [D-CA-20]</fullName>
        <middleName />
        <firstName>Jimmy</firstName>
        <isOriginalCosponsor>False</isOriginalCosponsor>
        <lastName>Panetta</lastName>
      </item>
      <item>
        <sponsorshipWithdrawnDate />
        <identifiers>
          <gpoId />
          <bioguideId>S001192</bioguideId>
          <lisID>2168</lisID>
        </identifiers>
        <party>R</party>
        <district>2</district>
        <state>UT</state>
        <sponsorshipDate>2017-04-05</sponsorshipDate>
        <bioguideId>S001192</bioguideId>
        <fullName>Rep. Stewart, Chris [R-UT-2]</fullName>
        <middleName />
        <firstName>Chris</firstName>
        <isOriginalCosponsor>False</isOriginalCosponsor>
        <lastName>Stewart</lastName>
      </item>
      <item>
        <sponsorshipWithdrawnDate />
        <identifiers>
          <lisID>1479</lisID>
          <gpoId>7859</gpoId>
          <bioguideId>D000197</bioguideId>
        </identifiers>
        <party>D</party>
        <district>1</district>
        <state>CO</state>
        <sponsorshipDate>2017-04-05</sponsorshipDate>
        <bioguideId>D000197</bioguideId>
        <fullName>Rep. DeGette, Diana [D-CO-1]</fullName>
        <middleName />
        <firstName>DIANA</firstName>
        <isOriginalCosponsor>False</isOriginalCosponsor>
        <lastName>DEGETTE</lastName>
      </item>
      <item>
        <sponsorshipWithdrawnDate />
        <identifiers>
          <gpoId>7991</gpoId>
          <lisID>1177</lisID>
          <bioguideId>U000031</bioguideId>
        </identifiers>
        <party>R</party>
        <district>6</district>
        <state>MI</state>
        <sponsorshipDate>2017-05-11</sponsorshipDate>
        <bioguideId>U000031</bioguideId>
        <fullName>Rep. Upton, Fred [R-MI-6]</fullName>
        <middleName />
        <firstName>FRED</firstName>
        <isOriginalCosponsor>False</isOriginalCosponsor>
        <lastName>UPTON</lastName>
      </item>
      <item>
        <sponsorshipWithdrawnDate />
        <identifiers>
          <lisID>1781</lisID>
          <gpoId>7923</gpoId>
          <bioguideId>L000563</bioguideId>
        </identifiers>
        <party>D</party>
        <district>3</district>
        <state>IL</state>
        <sponsorshipDate>2017-05-11</sponsorshipDate>
        <bioguideId>L000563</bioguideId>
        <fullName>Rep. Lipinski, Daniel [D-IL-3]</fullName>
        <middleName>William</middleName>
        <firstName>Daniel</firstName>
        <isOriginalCosponsor>False</isOriginalCosponsor>
        <lastName>Lipinski</lastName>
      </item>
      <item>
        <sponsorshipWithdrawnDate />
        <identifiers>
          <lisID>2258</lisID>
          <gpoId />
          <bioguideId>M001193</bioguideId>
        </identifiers>
        <party>R</party>
        <district>3</district>
        <state>NJ</state>
        <sponsorshipDate>2017-09-07</sponsorshipDate>
        <bioguideId>M001193</bioguideId>
        <fullName>Rep. MacArthur, Thomas [R-NJ-3]</fullName>
        <middleName />
        <firstName>Thomas</firstName>
        <isOriginalCosponsor>False</isOriginalCosponsor>
        <lastName>MacArthur</lastName>
      </item>
      <item>
        <sponsorshipWithdrawnDate />
        <identifiers>
          <bioguideId>C001037</bioguideId>
          <gpoId>7973</gpoId>
          <lisID>1564</lisID>
        </identifiers>
        <party>D</party>
        <district>7</district>
        <state>MA</state>
        <sponsorshipDate>2017-09-07</sponsorshipDate>
        <bioguideId>C001037</bioguideId>
        <fullName>Rep. Capuano, Michael E. [D-MA-7]</fullName>
        <middleName>E.</middleName>
        <firstName>MICHAEL</firstName>
        <isOriginalCosponsor>False</isOriginalCosponsor>
        <lastName>CAPUANO</lastName>
      </item>
      <item>
        <sponsorshipWithdrawnDate />
        <identifiers>
          <lisID>699</lisID>
          <gpoId>8044</gpoId>
          <bioguideId>L000554</bioguideId>
        </identifiers>
        <party>R</party>
        <district>2</district>
        <state>NJ</state>
        <sponsorshipDate>2017-09-07</sponsorshipDate>
        <bioguideId>L000554</bioguideId>
        <fullName>Rep. LoBiondo, Frank A. [R-NJ-2]</fullName>
        <middleName>A.</middleName>
        <firstName>FRANK</firstName>
        <isOriginalCosponsor>False</isOriginalCosponsor>
        <lastName>LOBIONDO</lastName>
      </item>
      <item>
        <sponsorshipWithdrawnDate />
        <identifiers>
          <bioguideId>P000598</bioguideId>
          <gpoId>7860</gpoId>
          <lisID>1910</lisID>
        </identifiers>
        <party>D</party>
        <district>2</district>
        <state>CO</state>
        <sponsorshipDate>2017-09-07</sponsorshipDate>
        <bioguideId>P000598</bioguideId>
        <fullName>Rep. Polis, Jared [D-CO-2]</fullName>
        <middleName />
        <firstName>Jared</firstName>
        <isOriginalCosponsor>False</isOriginalCosponsor>
        <lastName>Polis</lastName>
      </item>
      <item>
        <sponsorshipWithdrawnDate />
        <identifiers>
          <bioguideId>A000367</bioguideId>
          <gpoId>7988</gpoId>
          <lisID>2029</lisID>
        </identifiers>
        <party>R</party>
        <district>3</district>
        <state>MI</state>
        <sponsorshipDate>2017-09-11</sponsorshipDate>
        <bioguideId>A000367</bioguideId>
        <fullName>Rep. Amash, Justin [R-MI-3]</fullName>
        <middleName />
        <firstName>Justin</firstName>
        <isOriginalCosponsor>False</isOriginalCosponsor>
        <lastName>Amash</lastName>
      </item>
      <item>
        <sponsorshipWithdrawnDate />
        <identifiers>
          <bioguideId>K000382</bioguideId>
          <lisID>2145</lisID>
          <gpoId />
        </identifiers>
        <party>D</party>
        <district>2</district>
        <state>NH</state>
        <sponsorshipDate>2017-09-11</sponsorshipDate>
        <bioguideId>K000382</bioguideId>
        <fullName>Rep. Kuster, Ann M. [D-NH-2]</fullName>
        <middleName>M.</middleName>
        <firstName>Ann</firstName>
        <isOriginalCosponsor>False</isOriginalCosponsor>
        <lastName>Kuster</lastName>
      </item>
    </cosponsors>
    <billType>HR</billType>
    <notes>
      <item>
        <text><![CDATA[On 9/5/2017, a motion was filed to discharge the Committee on the Judiciary from the consideration of H.R. 496. A discharge petition requires 218 signatures for further action. (Discharge Petition No. <a href="http://clerk.house.gov/115/lrc/pd/petitions/DisPet0004.xml">115-4</a>: text with signatures.)]]></text>
        <links>
          <link>
            <url>https://www.congress.gov/bill/115th-congress/house-bill/496</url>
            <name>H.R. 496</name>
          </link>
        </links>
      </item>
    </notes>
    <summaries>
      <billSummaries>
        <item>
          <text><![CDATA[<p><strong>Bar Removal of Individuals who Dream and Grow our Economy Act or the BRIDGE Act</strong></p> <p>This bill amends the Immigration and Nationality Act to provide that the Department of Homeland Security (DHS): (1) shall grant a three-year provisional protected presence to a qualifying alien, (2) may not remove the alien from the United States unless such protected presence is rescinded, and (3) shall provide such alien with employment authorization. </p> <p>An alien is eligible for such protected presence and employment authorization if the alien: (1) was born after June 15, 1981; (2) entered the United States before attaining 16 years of age; (3)&nbsp;&nbsp;&nbsp; continuously resided in the United States since June 15, 2007; (4) was physically but unlawfully present in the United States on June 15; (5) on the date the alien files an application the alien is present in the United States, is enrolled in school or in an education program assisting students in obtaining a high school diploma, has graduated or obtained a certificate of completion from high school or a general educational development certificate, or is an honorably discharged U.S. Coast Guard or Armed Forces veteran; (6) has not been convicted of a felony, a significant misdemeanor, or three or more misdemeanors not occurring on the same date and not arising out of the same act; and (7) does not otherwise pose a threat to national security or a threat to public safety.</p> <p>The bill: (1) provides for confidentiality of application information, with certain national security and law enforcement exceptions; and (2) sets forth the criteria under which DHS may rescind protected presence.</p> <p>An alien granted protected presence is not considered to be unlawfully present in the United States during such period. </p> <p>An alien must be at least 15 years old, unless in removal proceedings, to apply for protected presence.</p> <p>DHS may provide for an application fee and for fee exemptions.</p> <p>DHS may not: (1) remove an alien who appears prima facie eligible for protected presence while the alien's application is pending, or (2) refer individuals whose cases have been deferred pursuant to the Deferred Action for Childhood Arrivals Program (DACA) or who have been granted protected presence to U.S. Immigration and Customs Enforcement. </p> <p> A DACA alien is deemed to have protected presence through the expiration date of his or her deferred action status.</p>]]></text>
          <actionDesc>Introduced in House</actionDesc>
          <actionDate>2017-01-12</actionDate>
          <updateDate>2017-01-12T05:00:00Z</updateDate>
          <lastSummaryUpdateDate>2017-03-13T21:18:58Z</lastSummaryUpdateDate>
          <versionCode>00</versionCode>
          <name>Introduced in House</name>
        </item>
      </billSummaries>
    </summaries>
    <relatedBills>
      <item>
        <relationshipDetails>
          <item>
            <type>Identical bill</type>
            <identifiedBy>CRS</identifiedBy>
          </item>
        </relationshipDetails>
        <latestAction>
          <actionDate>2017-01-12</actionDate>
          <text>Read twice and referred to the Committee on the Judiciary.</text>
        </latestAction>
        <number>128</number>
        <congress>115</congress>
        <type>S</type>
        <latestTitle>BRIDGE Act</latestTitle>
      </item>
      <item>
        <relationshipDetails>
          <item>
            <type>Related bill</type>
            <identifiedBy>CRS</identifiedBy>
          </item>
        </relationshipDetails>
        <latestAction>
          <actionDate>2017-01-12</actionDate>
          <text>Read twice and referred to the Committee on the Judiciary.</text>
        </latestAction>
        <number>127</number>
        <congress>115</congress>
        <type>S</type>
        <latestTitle>SAFE Act</latestTitle>
      </item>
    </relatedBills>
    <committees>
      <billCommittees>
        <item>
          <name>Judiciary Committee</name>
          <subcommittees>
            <item>
              <systemCode>hsju01</systemCode>
              <name>Immigration and Border Security Subcommittee</name>
              <activities>
                <item>
                  <date>2017-02-06T22:36:57Z</date>
                  <name>Referred to</name>
                </item>
              </activities>
            </item>
          </subcommittees>
          <systemCode>hsju00</systemCode>
          <chamber>House</chamber>
          <activities>
            <item>
              <date>2017-01-12T15:02:30Z</date>
              <name>Referred to</name>
            </item>
          </activities>
          <type>Standing</type>
        </item>
      </billCommittees>
    </committees>
    <cboCostEstimates />
    <subjects>
      <billSubjects>
        <legislativeSubjects>
          <item>
            <name>Administrative remedies</name>
          </item>
          <item>
            <name>Border security and unlawful immigration</name>
          </item>
          <item>
            <name>Department of Homeland Security</name>
          </item>
          <item>
            <name>Detention of persons</name>
          </item>
          <item>
            <name>Foreign labor</name>
          </item>
          <item>
            <name>Immigration status and procedures</name>
          </item>
        </legislativeSubjects>
        <policyArea>
          <name>Immigration</name>
        </policyArea>
      </billSubjects>
    </subjects>
    <committeeReports />
    <title>BRIDGE Act</title>
    <recordedVotes />
    <actions>
      <item>
        <actionDate>2017-09-05</actionDate>
        <text>Motion to Discharge Committee filed by Mr. Coffman. Petition No: 115-4. (&lt;a href="http://clerk.house.gov/115/lrc/pd/petitions/DisPet0004.xml"&gt;Discharge petition&lt;/a&gt; text with signatures.)</text>
        <links />
        <committee />
        <sourceSystem>
          <code>2</code>
          <name>House floor actions</name>
        </sourceSystem>
        <actionCode>H17000</actionCode>
        <type>Discharge</type>
      </item>
      <item>
        <actionDate>2017-02-06</actionDate>
        <committee>
          <name>Immigration and Border Security Subcommittee</name>
          <systemCode>hsju01</systemCode>
        </committee>
        <links />
        <sourceSystem>
          <code>1</code>
          <name>House committee actions</name>
        </sourceSystem>
        <text>Referred to the Subcommittee on Immigration and Border Security.</text>
        <type>Committee</type>
      </item>
      <item>
        <actionDate>2017-01-12</actionDate>
        <text>Referred to the House Committee on the Judiciary.</text>
        <links />
        <committee>
          <name>Judiciary Committee</name>
          <systemCode>hsju00</systemCode>
        </committee>
        <sourceSystem>
          <code>2</code>
          <name>House floor actions</name>
        </sourceSystem>
        <actionCode>H11100</actionCode>
        <type>IntroReferral</type>
      </item>
      <item>
        <actionDate>2017-01-12</actionDate>
        <text>Introduced in House</text>
        <links />
        <committee />
        <sourceSystem>
          <code>9</code>
          <name>Library of Congress</name>
        </sourceSystem>
        <actionCode>Intro-H</actionCode>
        <type>IntroReferral</type>
      </item>
      <item>
        <actionDate>2017-01-12</actionDate>
        <text>Introduced in House</text>
        <links />
        <committee />
        <sourceSystem>
          <code>9</code>
          <name>Library of Congress</name>
        </sourceSystem>
        <actionCode>1000</actionCode>
        <type>IntroReferral</type>
      </item>
      <actionTypeCounts>
        <introducedInHouse>1</introducedInHouse>
        <placeholderTextForH>1</placeholderTextForH>
        <dischargePetitionFiled>1</dischargePetitionFiled>
        <introducedInTheHouse>1</introducedInTheHouse>
        <billReferrals>1</billReferrals>
      </actionTypeCounts>
      <actionByCounts>
        <houseOfRepresentatives>5</houseOfRepresentatives>
      </actionByCounts>
    </actions>
    <introducedDate>2017-01-12</introducedDate>
  </bill>
  <dublinCore xmlns:dc="http://purl.org/dc/elements/1.1/">
    <dc:format>text/xml</dc:format>
    <dc:language>EN</dc:language>
    <dc:rights>Pursuant to Title 17 Section 105 of the United States Code, this file is not subject to copyright protection and is in the public domain.</dc:rights>
    <dc:contributor>Congressional Research Service, Library of Congress</dc:contributor>
    <dc:description>This file contains bill summaries and statuses for federal legislation. A bill summary describes the most significant provisions of a piece of legislation and details the effects the legislative text may have on current law and federal programs. Bill summaries are authored by the Congressional Research Service (CRS) of the Library of Congress. As stated in Public Law 91-510 (2 USC 166 (d)(6)), one of the duties of CRS is "to prepare summaries and digests of bills and resolutions of a public general nature introduced in the Senate or House of Representatives". For more information, refer to the User Guide that accompanies this file.</dc:description>
  </dublinCore>
</billStatus>

