<?xml version="1.0" encoding="UTF-8"?>
<billStatus>
  <bill>
    <introducedDate>2017-01-13</introducedDate>
    <createDate>2017-01-14T04:47:33Z</createDate>
    <policyArea>
      <name>Foreign Trade and International Finance</name>
    </policyArea>
    <title>Promoting American Agricultural and Medical Exports to Cuba Act of 2017</title>
    <constitutionalAuthorityStatementText><![CDATA[<pre>From the Congressional Record Online through the Government Publishing Office [<a href='http://www.gpo.gov'>www.gpo.gov</a>]By Mr. SERRANO:H.R. 572.Congress has the power to enact this legislation pursuantto the following:Article I, Section 8, clause 3 of the Constitution[Page H548]</pre>]]></constitutionalAuthorityStatementText>
    <notes />
    <cosponsors>
      <item>
        <lastName>Cohen</lastName>
        <bioguideId>C001068</bioguideId>
        <state>TN</state>
        <sponsorshipDate>2017-06-21</sponsorshipDate>
        <fullName>Rep. Cohen, Steve [D-TN-9]</fullName>
        <identifiers>
          <lisID>1878</lisID>
          <gpoId>8156</gpoId>
          <bioguideId>C001068</bioguideId>
        </identifiers>
        <middleName />
        <sponsorshipWithdrawnDate />
        <firstName>Steve</firstName>
        <isOriginalCosponsor>False</isOriginalCosponsor>
        <party>D</party>
        <district>9</district>
      </item>
      <item>
        <lastName>NOLAN</lastName>
        <bioguideId>N000127</bioguideId>
        <state>MN</state>
        <sponsorshipDate>2017-06-21</sponsorshipDate>
        <fullName>Rep. Nolan, Richard M. [D-MN-8]</fullName>
        <identifiers>
          <bioguideId>N000127</bioguideId>
          <gpoId />
          <lisID>867</lisID>
        </identifiers>
        <middleName />
        <sponsorshipWithdrawnDate />
        <firstName>RICHARD</firstName>
        <isOriginalCosponsor>False</isOriginalCosponsor>
        <party>D</party>
        <district>8</district>
      </item>
    </cosponsors>
    <actions>
      <item>
        <actionDate>2017-02-08</actionDate>
        <committee>
          <systemCode>hsju03</systemCode>
          <name>Courts, Intellectual Property, and the Internet Subcommittee</name>
        </committee>
        <links />
        <sourceSystem>
          <code>1</code>
          <name>House committee actions</name>
        </sourceSystem>
        <text>Referred to the Subcommittee on Courts, Intellectual Property, and the Internet.</text>
        <type>Committee</type>
      </item>
      <item>
        <actionDate>2017-02-08</actionDate>
        <committee>
          <systemCode>hsju01</systemCode>
          <name>Immigration and Border Security Subcommittee</name>
        </committee>
        <links />
        <sourceSystem>
          <code>1</code>
          <name>House committee actions</name>
        </sourceSystem>
        <text>Referred to the Subcommittee on Immigration and Border Security.</text>
        <type>Committee</type>
      </item>
      <item>
        <actionDate>2017-02-01</actionDate>
        <committee>
          <systemCode>hswm04</systemCode>
          <name>Trade Subcommittee</name>
        </committee>
        <links />
        <sourceSystem>
          <code>1</code>
          <name>House committee actions</name>
        </sourceSystem>
        <text>Referred to the Subcommittee on Trade.</text>
        <type>Committee</type>
      </item>
      <item>
        <committee>
          <systemCode>hsba00</systemCode>
          <name>Financial Services Committee</name>
        </committee>
        <text>Referred to House Financial Services</text>
        <sourceSystem>
          <code>2</code>
          <name>House floor actions</name>
        </sourceSystem>
        <actionDate>2017-01-13</actionDate>
        <actionCode>H11100</actionCode>
        <links />
        <type>IntroReferral</type>
      </item>
      <item>
        <committee>
          <systemCode>hsag00</systemCode>
          <name>Agriculture Committee</name>
        </committee>
        <text>Referred to House Agriculture</text>
        <sourceSystem>
          <code>2</code>
          <name>House floor actions</name>
        </sourceSystem>
        <actionDate>2017-01-13</actionDate>
        <actionCode>H11100</actionCode>
        <links />
        <type>IntroReferral</type>
      </item>
      <item>
        <committee>
          <systemCode>hsju00</systemCode>
          <name>Judiciary Committee</name>
        </committee>
        <text>Referred to House Judiciary</text>
        <sourceSystem>
          <code>2</code>
          <name>House floor actions</name>
        </sourceSystem>
        <actionDate>2017-01-13</actionDate>
        <actionCode>H11100</actionCode>
        <links />
        <type>IntroReferral</type>
      </item>
      <item>
        <committee>
          <systemCode>hswm00</systemCode>
          <name>Ways and Means Committee</name>
        </committee>
        <text>Referred to House Ways and Means</text>
        <sourceSystem>
          <code>2</code>
          <name>House floor actions</name>
        </sourceSystem>
        <actionDate>2017-01-13</actionDate>
        <actionCode>H11100</actionCode>
        <links />
        <type>IntroReferral</type>
      </item>
      <item>
        <committee>
          <systemCode>hsfa00</systemCode>
          <name>Foreign Affairs Committee</name>
        </committee>
        <text>Referred to House Foreign Affairs</text>
        <sourceSystem>
          <code>2</code>
          <name>House floor actions</name>
        </sourceSystem>
        <actionDate>2017-01-13</actionDate>
        <actionCode>H11100</actionCode>
        <links />
        <type>IntroReferral</type>
      </item>
      <item>
        <committee />
        <text>Referred to the Committee on Foreign Affairs, and in addition to the Committees on Ways and Means, the Judiciary, Agriculture, and Financial Services, for a period to be subsequently determined by the Speaker, in each case for consideration of such provisions as fall within the jurisdiction of the committee concerned.</text>
        <sourceSystem>
          <code>9</code>
          <name>Library of Congress</name>
        </sourceSystem>
        <actionDate>2017-01-13</actionDate>
        <actionCode>H11100-A</actionCode>
        <links />
        <type>IntroReferral</type>
      </item>
      <item>
        <committee />
        <text>Introduced in House</text>
        <sourceSystem>
          <code>9</code>
          <name>Library of Congress</name>
        </sourceSystem>
        <actionDate>2017-01-13</actionDate>
        <actionCode>Intro-H</actionCode>
        <links />
        <type>IntroReferral</type>
      </item>
      <item>
        <committee />
        <text>Introduced in House</text>
        <sourceSystem>
          <code>9</code>
          <name>Library of Congress</name>
        </sourceSystem>
        <actionDate>2017-01-13</actionDate>
        <actionCode>1000</actionCode>
        <links />
        <type>IntroReferral</type>
      </item>
      <actionByCounts>
        <houseOfRepresentatives>11</houseOfRepresentatives>
      </actionByCounts>
      <actionTypeCounts>
        <billReferrals>5</billReferrals>
        <billReferralsAggregate>1</billReferralsAggregate>
        <introducedInTheHouse>1</introducedInTheHouse>
        <introducedInHouse>1</introducedInHouse>
        <placeholderTextForH>3</placeholderTextForH>
      </actionTypeCounts>
    </actions>
    <originChamber>House</originChamber>
    <latestAction>
      <actionDate>2017-02-08</actionDate>
      <text>Referred to the Subcommittee on Courts, Intellectual Property, and the Internet.</text>
      <links />
    </latestAction>
    <calendarNumbers />
    <committeeReports />
    <congress>115</congress>
    <cboCostEstimates />
    <relatedBills />
    <billNumber>572</billNumber>
    <amendments />
    <committees>
      <billCommittees>
        <item>
          <type>Standing</type>
          <subcommittees>
            <item>
              <systemCode>hsju03</systemCode>
              <name>Courts, Intellectual Property, and the Internet Subcommittee</name>
              <activities>
                <item>
                  <date>2017-02-08T21:34:12Z</date>
                  <name>Referred to</name>
                </item>
              </activities>
            </item>
            <item>
              <systemCode>hsju01</systemCode>
              <name>Immigration and Border Security Subcommittee</name>
              <activities>
                <item>
                  <date>2017-02-08T21:34:03Z</date>
                  <name>Referred to</name>
                </item>
              </activities>
            </item>
          </subcommittees>
          <name>Judiciary Committee</name>
          <activities>
            <item>
              <date>2017-01-13T14:08:05Z</date>
              <name>Referred to</name>
            </item>
          </activities>
          <systemCode>hsju00</systemCode>
          <chamber>House</chamber>
        </item>
        <item>
          <type>Standing</type>
          <subcommittees>
            <item>
              <systemCode>hswm04</systemCode>
              <name>Trade Subcommittee</name>
              <activities>
                <item>
                  <date>2017-02-01T21:56:40Z</date>
                  <name>Referred to</name>
                </item>
              </activities>
            </item>
          </subcommittees>
          <name>Ways and Means Committee</name>
          <activities>
            <item>
              <date>2017-01-13T14:08:00Z</date>
              <name>Referred to</name>
            </item>
          </activities>
          <systemCode>hswm00</systemCode>
          <chamber>House</chamber>
        </item>
        <item>
          <type>Standing</type>
          <subcommittees />
          <name>Financial Services Committee</name>
          <activities>
            <item>
              <date>2017-01-13T14:08:15Z</date>
              <name>Referred to</name>
            </item>
          </activities>
          <systemCode>hsba00</systemCode>
          <chamber>House</chamber>
        </item>
        <item>
          <type>Standing</type>
          <subcommittees />
          <name>Agriculture Committee</name>
          <activities>
            <item>
              <date>2017-01-13T14:08:10Z</date>
              <name>Referred to</name>
            </item>
          </activities>
          <systemCode>hsag00</systemCode>
          <chamber>House</chamber>
        </item>
        <item>
          <type>Standing</type>
          <subcommittees />
          <name>Foreign Affairs Committee</name>
          <activities>
            <item>
              <date>2017-01-13T14:07:50Z</date>
              <name>Referred to</name>
            </item>
          </activities>
          <systemCode>hsfa00</systemCode>
          <chamber>House</chamber>
        </item>
      </billCommittees>
    </committees>
    <updateDate>2018-03-30T14:00:17Z</updateDate>
    <summaries>
      <billSummaries>
        <item>
          <actionDate>2017-01-13</actionDate>
          <text><![CDATA[<p><strong>Promoting American Agricultural and Medical Exports to Cuba Act of 2017</strong></p> <p> This bill prohibits the President from restricting direct transfers from a Cuban depository institution to a U.S. depository institution in payment for a product authorized for sale under the Trade Sanctions Reform and Export Enhancement Act of 2000.</p> <p>The Department of Agriculture shall provide information and technical assistance to U.S. agricultural producers, cooperative organizations, or state agencies to promote U.S. agricultural exports products to Cuba. </p> <p>The bill authorizes the issuance of temporary entry visas to Cuban nationals to facilitate purchase of U.S. agricultural products.</p> <p>The Department of Commerce and Related Agencies Appropriations Act, 1999 is amended to repeal the prohibition on enforcement of rights to certain U.S. intellectual properties and such properties' transfer.</p> <p>The bill prohibits the regulation or prohibition of travel to or from Cuba by U.S. citizens or legal residents, or any of the transactions ordinarily incident to such travel, if such travel would be lawful in the United States.</p> <p>The President shall rescind all regulations in effect on the date of the enactment of this bill that regulate or prohibit such travel or transactions. </p> <p> Included in such transactions are: (1) accompanied personal baggage; (2) payment of living expenses and the acquisition of personal-use goods or services; (3) travel arrangements; (4) nonscheduled air, sea, or land voyage transactions; and (5) normal banking transactions. </p> <p>Such provision shall not apply in time of war or armed hostilities between the United States and Cuba or when there is imminent danger to the public health or the physical safety of U.S. citizens or legal residents.</p> <p>The bill amends: (1) the Cuban Democracy Act of 1992 to repeal the requirement for onsite verification of certain medical exports to Cuba, and (2) the Internal Revenue Code to increase the airport ticket tax for transportation between the United States and Cuba by $1 and to establish the Agricultural Export Promotion Trust Fund.</p>]]></text>
          <updateDate>2017-01-13T05:00:00Z</updateDate>
          <versionCode>00</versionCode>
          <lastSummaryUpdateDate>2017-02-09T21:05:08Z</lastSummaryUpdateDate>
          <actionDesc>Introduced in House</actionDesc>
          <name>Introduced in House</name>
        </item>
      </billSummaries>
    </summaries>
    <recordedVotes />
    <version>1.0.0</version>
    <sponsors>
      <item>
        <firstName>JOSE</firstName>
        <byRequestType />
        <fullName>Rep. Serrano, Jose E. [D-NY-15]</fullName>
        <bioguideId>S000248</bioguideId>
        <state>NY</state>
        <district>15</district>
        <party>D</party>
        <identifiers>
          <lisID>1042</lisID>
          <gpoId>8077</gpoId>
          <bioguideId>S000248</bioguideId>
        </identifiers>
        <middleName>E.</middleName>
        <lastName>SERRANO</lastName>
      </item>
    </sponsors>
    <subjects>
      <billSubjects>
        <legislativeSubjects>
          <item>
            <name>Administrative law and regulatory procedures</name>
          </item>
          <item>
            <name>Agricultural trade</name>
          </item>
          <item>
            <name>Aviation and airports</name>
          </item>
          <item>
            <name>Bank accounts, deposits, capital</name>
          </item>
          <item>
            <name>Caribbean area</name>
          </item>
          <item>
            <name>Competitiveness, trade promotion, trade deficits</name>
          </item>
          <item>
            <name>Cuba</name>
          </item>
          <item>
            <name>Foreign and international banking</name>
          </item>
          <item>
            <name>Government trust funds</name>
          </item>
          <item>
            <name>Health technology, devices, supplies</name>
          </item>
          <item>
            <name>Intellectual property</name>
          </item>
          <item>
            <name>Latin America</name>
          </item>
          <item>
            <name>Property rights</name>
          </item>
          <item>
            <name>Sales and excise taxes</name>
          </item>
          <item>
            <name>Sanctions</name>
          </item>
          <item>
            <name>Trade restrictions</name>
          </item>
          <item>
            <name>Transportation costs</name>
          </item>
          <item>
            <name>Travel and tourism</name>
          </item>
          <item>
            <name>Visas and passports</name>
          </item>
        </legislativeSubjects>
        <policyArea>
          <name>Foreign Trade and International Finance</name>
        </policyArea>
      </billSubjects>
    </subjects>
    <billType>HR</billType>
    <laws />
    <titles>
      <item>
        <titleType>Short Titles as Introduced</titleType>
        <chamberCode />
        <chamberName />
        <parentTitleType />
        <title>Promoting American Agricultural and Medical Exports to Cuba Act of 2017</title>
      </item>
      <item>
        <titleType>Official Title as Introduced</titleType>
        <chamberCode />
        <chamberName />
        <parentTitleType />
        <title>To facilitate the export of United States agricultural products to Cuba as authorized by the Trade Sanctions Reform and Export Enhancement Act of 2000, to remove impediments to the export to Cuba of medical devices and medicines, to allow travel to Cuba by United States legal residents, to establish an agricultural export promotion program with respect to Cuba, and for other purposes.</title>
      </item>
      <item>
        <titleType>Display Title</titleType>
        <chamberCode />
        <chamberName />
        <parentTitleType />
        <title>Promoting American Agricultural and Medical Exports to Cuba Act of 2017</title>
      </item>
      <item>
        <titleType>(Extracted from GPO) Short Titles as Introduced</titleType>
        <chamberCode />
        <chamberName />
        <parentTitleType />
        <title>Promoting American Agricultural and Medical Exports to Cuba Act of 2017</title>
      </item>
    </titles>
  </bill>
  <dublinCore xmlns:dc="http://purl.org/dc/elements/1.1/">
    <dc:format>text/xml</dc:format>
    <dc:language>EN</dc:language>
    <dc:rights>Pursuant to Title 17 Section 105 of the United States Code, this file is not subject to copyright protection and is in the public domain.</dc:rights>
    <dc:contributor>Congressional Research Service, Library of Congress</dc:contributor>
    <dc:description>This file contains bill summaries and statuses for federal legislation. A bill summary describes the most significant provisions of a piece of legislation and details the effects the legislative text may have on current law and federal programs. Bill summaries are authored by the Congressional Research Service (CRS) of the Library of Congress. As stated in Public Law 91-510 (2 USC 166 (d)(6)), one of the duties of CRS is "to prepare summaries and digests of bills and resolutions of a public general nature introduced in the Senate or House of Representatives". For more information, refer to the User Guide that accompanies this file.</dc:description>
  </dublinCore>
</billStatus>

