<?xml version="1.0" encoding="UTF-8"?>
<billStatus>
  <bill>
    <introducedDate>2017-01-04</introducedDate>
    <createDate>2017-01-05T04:47:33Z</createDate>
    <policyArea>
      <name>Science, Technology, Communications</name>
    </policyArea>
    <title>Promoting Women in Entrepreneurship Act</title>
    <constitutionalAuthorityStatementText><![CDATA[<pre>From the Congressional Record Online through the Government Publishing Office [<a href='http://www.gpo.gov'>www.gpo.gov</a>]By Ms. ESTY:H.R. 255.Congress has the power to enact this legislation pursuantto the following:Clause 18 of Section 8 of Article I of the Constitution[Page H96]</pre>]]></constitutionalAuthorityStatementText>
    <notes />
    <cosponsors>
      <item>
        <sponsorshipDate>2017-01-04</sponsorshipDate>
        <state>VA</state>
        <lastName>Comstock</lastName>
        <firstName>Barbara</firstName>
        <sponsorshipWithdrawnDate />
        <middleName />
        <identifiers>
          <lisID>2273</lisID>
          <gpoId />
          <bioguideId>C001105</bioguideId>
        </identifiers>
        <fullName>Rep. Comstock, Barbara [R-VA-10]</fullName>
        <bioguideId>C001105</bioguideId>
        <isOriginalCosponsor>True</isOriginalCosponsor>
        <district>10</district>
        <party>R</party>
      </item>
      <item>
        <sponsorshipDate>2017-01-04</sponsorshipDate>
        <state>TX</state>
        <lastName>JOHNSON</lastName>
        <firstName>EDDIE</firstName>
        <sponsorshipWithdrawnDate />
        <middleName>BERNICE</middleName>
        <identifiers>
          <bioguideId>J000126</bioguideId>
          <gpoId>8186</gpoId>
          <lisID>599</lisID>
        </identifiers>
        <fullName>Rep. Johnson, Eddie Bernice [D-TX-30]</fullName>
        <bioguideId>J000126</bioguideId>
        <isOriginalCosponsor>True</isOriginalCosponsor>
        <district>30</district>
        <party>D</party>
      </item>
      <item>
        <sponsorshipDate>2017-01-04</sponsorshipDate>
        <state>TX</state>
        <lastName>SMITH</lastName>
        <firstName>LAMAR</firstName>
        <sponsorshipWithdrawnDate />
        <middleName />
        <identifiers>
          <gpoId>8177</gpoId>
          <lisID>1075</lisID>
          <bioguideId>S000583</bioguideId>
        </identifiers>
        <fullName>Rep. Smith, Lamar [R-TX-21]</fullName>
        <bioguideId>S000583</bioguideId>
        <isOriginalCosponsor>True</isOriginalCosponsor>
        <district>21</district>
        <party>R</party>
      </item>
      <item>
        <sponsorshipDate>2017-01-09</sponsorshipDate>
        <state>NY</state>
        <lastName>Tonko</lastName>
        <firstName>Paul</firstName>
        <sponsorshipWithdrawnDate />
        <middleName />
        <identifiers>
          <bioguideId>T000469</bioguideId>
          <lisID>1942</lisID>
          <gpoId>8082</gpoId>
        </identifiers>
        <fullName>Rep. Tonko, Paul [D-NY-20]</fullName>
        <bioguideId>T000469</bioguideId>
        <isOriginalCosponsor>False</isOriginalCosponsor>
        <district>20</district>
        <party>D</party>
      </item>
      <item>
        <sponsorshipDate>2017-01-09</sponsorshipDate>
        <state>CA</state>
        <lastName>Knight</lastName>
        <firstName>Stephen</firstName>
        <sponsorshipWithdrawnDate />
        <middleName />
        <identifiers>
          <bioguideId>K000387</bioguideId>
          <gpoId />
          <lisID>2228</lisID>
        </identifiers>
        <fullName>Rep. Knight, Stephen [R-CA-25]</fullName>
        <bioguideId>K000387</bioguideId>
        <isOriginalCosponsor>False</isOriginalCosponsor>
        <district>25</district>
        <party>R</party>
      </item>
      <item>
        <sponsorshipDate>2017-01-09</sponsorshipDate>
        <state>OR</state>
        <lastName>Bonamici</lastName>
        <firstName>Suzanne</firstName>
        <sponsorshipWithdrawnDate />
        <middleName />
        <identifiers>
          <lisID>2092</lisID>
          <gpoId>8367</gpoId>
          <bioguideId>B001278</bioguideId>
        </identifiers>
        <fullName>Rep. Bonamici, Suzanne [D-OR-1]</fullName>
        <bioguideId>B001278</bioguideId>
        <isOriginalCosponsor>False</isOriginalCosponsor>
        <district>1</district>
        <party>D</party>
      </item>
      <item>
        <sponsorshipDate>2017-01-09</sponsorshipDate>
        <state>CO</state>
        <lastName>Coffman</lastName>
        <firstName>Mike</firstName>
        <sponsorshipWithdrawnDate />
        <middleName />
        <identifiers>
          <lisID>1912</lisID>
          <gpoId>7864</gpoId>
          <bioguideId>C001077</bioguideId>
        </identifiers>
        <fullName>Rep. Coffman, Mike [R-CO-6]</fullName>
        <bioguideId>C001077</bioguideId>
        <isOriginalCosponsor>False</isOriginalCosponsor>
        <district>6</district>
        <party>R</party>
      </item>
      <item>
        <sponsorshipDate>2017-01-09</sponsorshipDate>
        <state>CO</state>
        <lastName>Perlmutter</lastName>
        <firstName>Ed</firstName>
        <sponsorshipWithdrawnDate />
        <middleName />
        <identifiers>
          <bioguideId>P000593</bioguideId>
          <gpoId>7865</gpoId>
          <lisID>1835</lisID>
        </identifiers>
        <fullName>Rep. Perlmutter, Ed [D-CO-7]</fullName>
        <bioguideId>P000593</bioguideId>
        <isOriginalCosponsor>False</isOriginalCosponsor>
        <district>7</district>
        <party>D</party>
      </item>
      <item>
        <sponsorshipDate>2017-01-09</sponsorshipDate>
        <state>IL</state>
        <lastName>Foster</lastName>
        <firstName>Bill</firstName>
        <sponsorshipWithdrawnDate />
        <middleName />
        <identifiers>
          <lisID>1888</lisID>
          <gpoId>7355</gpoId>
          <bioguideId>F000454</bioguideId>
        </identifiers>
        <fullName>Rep. Foster, Bill [D-IL-11]</fullName>
        <bioguideId>F000454</bioguideId>
        <isOriginalCosponsor>False</isOriginalCosponsor>
        <district>11</district>
        <party>D</party>
      </item>
      <item>
        <sponsorshipDate>2017-01-09</sponsorshipDate>
        <state>CA</state>
        <lastName>Takano</lastName>
        <firstName>Mark</firstName>
        <sponsorshipWithdrawnDate />
        <middleName />
        <identifiers>
          <gpoId />
          <lisID>2110</lisID>
          <bioguideId>T000472</bioguideId>
        </identifiers>
        <fullName>Rep. Takano, Mark [D-CA-41]</fullName>
        <bioguideId>T000472</bioguideId>
        <isOriginalCosponsor>False</isOriginalCosponsor>
        <district>41</district>
        <party>D</party>
      </item>
      <item>
        <sponsorshipDate>2017-01-09</sponsorshipDate>
        <state>MA</state>
        <lastName>Keating</lastName>
        <firstName>William</firstName>
        <sponsorshipWithdrawnDate />
        <middleName>R.</middleName>
        <identifiers>
          <bioguideId>K000375</bioguideId>
          <gpoId>7975</gpoId>
          <lisID>2025</lisID>
        </identifiers>
        <fullName>Rep. Keating, William R. [D-MA-9]</fullName>
        <bioguideId>K000375</bioguideId>
        <isOriginalCosponsor>False</isOriginalCosponsor>
        <district>9</district>
        <party>D</party>
      </item>
      <item>
        <sponsorshipDate>2017-01-09</sponsorshipDate>
        <state>IL</state>
        <lastName>Lipinski</lastName>
        <firstName>Daniel</firstName>
        <sponsorshipWithdrawnDate />
        <middleName>William</middleName>
        <identifiers>
          <lisID>1781</lisID>
          <gpoId>7923</gpoId>
          <bioguideId>L000563</bioguideId>
        </identifiers>
        <fullName>Rep. Lipinski, Daniel [D-IL-3]</fullName>
        <bioguideId>L000563</bioguideId>
        <isOriginalCosponsor>False</isOriginalCosponsor>
        <district>3</district>
        <party>D</party>
      </item>
      <item>
        <sponsorshipDate>2017-01-09</sponsorshipDate>
        <state>DC</state>
        <lastName>NORTON</lastName>
        <firstName>ELEANOR</firstName>
        <sponsorshipWithdrawnDate />
        <middleName>HOLMES</middleName>
        <identifiers>
          <lisID>868</lisID>
          <gpoId>7871</gpoId>
          <bioguideId>N000147</bioguideId>
        </identifiers>
        <fullName>Rep. Norton, Eleanor Holmes [D-DC-At Large]</fullName>
        <bioguideId>N000147</bioguideId>
        <isOriginalCosponsor>False</isOriginalCosponsor>
        <district>0</district>
        <party>D</party>
      </item>
      <item>
        <sponsorshipDate>2017-01-09</sponsorshipDate>
        <state>NJ</state>
        <lastName>Payne</lastName>
        <firstName>Donald</firstName>
        <sponsorshipWithdrawnDate />
        <middleName>M.</middleName>
        <identifiers>
          <lisID>2097</lisID>
          <gpoId>8373</gpoId>
          <bioguideId>P000604</bioguideId>
        </identifiers>
        <fullName>Rep. Payne, Donald M., Jr. [D-NJ-10]</fullName>
        <bioguideId>P000604</bioguideId>
        <isOriginalCosponsor>False</isOriginalCosponsor>
        <district>10</district>
        <party>D</party>
      </item>
      <item>
        <sponsorshipDate>2017-01-09</sponsorshipDate>
        <state>TN</state>
        <lastName>Cohen</lastName>
        <firstName>Steve</firstName>
        <sponsorshipWithdrawnDate />
        <middleName />
        <identifiers>
          <bioguideId>C001068</bioguideId>
          <gpoId>8156</gpoId>
          <lisID>1878</lisID>
        </identifiers>
        <fullName>Rep. Cohen, Steve [D-TN-9]</fullName>
        <bioguideId>C001068</bioguideId>
        <isOriginalCosponsor>False</isOriginalCosponsor>
        <district>9</district>
        <party>D</party>
      </item>
      <item>
        <sponsorshipDate>2017-01-09</sponsorshipDate>
        <state>GA</state>
        <lastName>Scott</lastName>
        <firstName>David</firstName>
        <sponsorshipWithdrawnDate />
        <middleName />
        <identifiers>
          <lisID>1722</lisID>
          <gpoId>7910</gpoId>
          <bioguideId>S001157</bioguideId>
        </identifiers>
        <fullName>Rep. Scott, David [D-GA-13]</fullName>
        <bioguideId>S001157</bioguideId>
        <isOriginalCosponsor>False</isOriginalCosponsor>
        <district>13</district>
        <party>D</party>
      </item>
      <item>
        <sponsorshipDate>2017-01-09</sponsorshipDate>
        <state>PA</state>
        <lastName>Evans</lastName>
        <firstName>Dwight</firstName>
        <sponsorshipWithdrawnDate />
        <middleName />
        <identifiers>
          <lisID>2298</lisID>
          <gpoId />
          <bioguideId>E000296</bioguideId>
        </identifiers>
        <fullName>Rep. Evans, Dwight [D-PA-2]</fullName>
        <bioguideId>E000296</bioguideId>
        <isOriginalCosponsor>False</isOriginalCosponsor>
        <district>2</district>
        <party>D</party>
      </item>
      <item>
        <sponsorshipDate>2017-01-09</sponsorshipDate>
        <state>OH</state>
        <lastName>RYAN</lastName>
        <firstName>TIM</firstName>
        <sponsorshipWithdrawnDate />
        <middleName />
        <identifiers>
          <lisID>1756</lisID>
          <gpoId>8107</gpoId>
          <bioguideId>R000577</bioguideId>
        </identifiers>
        <fullName>Rep. Ryan, Tim [D-OH-13]</fullName>
        <bioguideId>R000577</bioguideId>
        <isOriginalCosponsor>False</isOriginalCosponsor>
        <district>13</district>
        <party>D</party>
      </item>
      <item>
        <sponsorshipDate>2017-01-09</sponsorshipDate>
        <state>TX</state>
        <lastName>JACKSON LEE</lastName>
        <firstName>SHEILA</firstName>
        <sponsorshipWithdrawnDate />
        <middleName />
        <identifiers>
          <lisID>588</lisID>
          <gpoId>8174</gpoId>
          <bioguideId>J000032</bioguideId>
        </identifiers>
        <fullName>Rep. Jackson Lee, Sheila [D-TX-18]</fullName>
        <bioguideId>J000032</bioguideId>
        <isOriginalCosponsor>False</isOriginalCosponsor>
        <district>18</district>
        <party>D</party>
      </item>
      <item>
        <sponsorshipDate>2017-01-09</sponsorshipDate>
        <state>FL</state>
        <lastName>HASTINGS</lastName>
        <firstName>ALCEE</firstName>
        <sponsorshipWithdrawnDate />
        <middleName>L.</middleName>
        <identifiers>
          <bioguideId>H000324</bioguideId>
          <gpoId>7895</gpoId>
          <lisID>511</lisID>
        </identifiers>
        <fullName>Rep. Hastings, Alcee L. [D-FL-20]</fullName>
        <bioguideId>H000324</bioguideId>
        <isOriginalCosponsor>False</isOriginalCosponsor>
        <district>20</district>
        <party>D</party>
      </item>
      <item>
        <sponsorshipDate>2017-01-09</sponsorshipDate>
        <state>IL</state>
        <lastName>Kelly</lastName>
        <firstName>Robin</firstName>
        <sponsorshipWithdrawnDate />
        <middleName>L.</middleName>
        <identifiers>
          <gpoId />
          <lisID>2190</lisID>
          <bioguideId>K000385</bioguideId>
        </identifiers>
        <fullName>Rep. Kelly, Robin L. [D-IL-2]</fullName>
        <bioguideId>K000385</bioguideId>
        <isOriginalCosponsor>False</isOriginalCosponsor>
        <district>2</district>
        <party>D</party>
      </item>
      <item>
        <sponsorshipDate>2017-01-09</sponsorshipDate>
        <state>FL</state>
        <lastName>Wilson</lastName>
        <firstName>Frederica</firstName>
        <sponsorshipWithdrawnDate />
        <middleName>S.</middleName>
        <identifiers>
          <lisID>2004</lisID>
          <gpoId>7889</gpoId>
          <bioguideId>W000808</bioguideId>
        </identifiers>
        <fullName>Rep. Wilson, Frederica S. [D-FL-24]</fullName>
        <bioguideId>W000808</bioguideId>
        <isOriginalCosponsor>False</isOriginalCosponsor>
        <district>24</district>
        <party>D</party>
      </item>
      <item>
        <sponsorshipDate>2017-01-09</sponsorshipDate>
        <state>AS</state>
        <lastName>Radewagen</lastName>
        <firstName>Aumua Amata</firstName>
        <sponsorshipWithdrawnDate />
        <middleName>Coleman</middleName>
        <identifiers>
          <lisID>2222</lisID>
          <gpoId />
          <bioguideId>R000600</bioguideId>
        </identifiers>
        <fullName>Rep. Radewagen, Aumua Amata Coleman [R-AS-At Large]</fullName>
        <bioguideId>R000600</bioguideId>
        <isOriginalCosponsor>False</isOriginalCosponsor>
        <district>0</district>
        <party>R</party>
      </item>
      <item>
        <sponsorshipDate>2017-01-09</sponsorshipDate>
        <state>NC</state>
        <lastName>Adams</lastName>
        <firstName>Alma</firstName>
        <sponsorshipWithdrawnDate />
        <middleName>S.</middleName>
        <identifiers>
          <lisID>2201</lisID>
          <gpoId />
          <bioguideId>A000370</bioguideId>
        </identifiers>
        <fullName>Rep. Adams, Alma S. [D-NC-12]</fullName>
        <bioguideId>A000370</bioguideId>
        <isOriginalCosponsor>False</isOriginalCosponsor>
        <district>12</district>
        <party>D</party>
      </item>
      <item>
        <sponsorshipDate>2017-01-09</sponsorshipDate>
        <state>NY</state>
        <lastName>SERRANO</lastName>
        <firstName>JOSE</firstName>
        <sponsorshipWithdrawnDate />
        <middleName>E.</middleName>
        <identifiers>
          <lisID>1042</lisID>
          <gpoId>8077</gpoId>
          <bioguideId>S000248</bioguideId>
        </identifiers>
        <fullName>Rep. Serrano, Jose E. [D-NY-15]</fullName>
        <bioguideId>S000248</bioguideId>
        <isOriginalCosponsor>False</isOriginalCosponsor>
        <district>15</district>
        <party>D</party>
      </item>
      <item>
        <sponsorshipDate>2017-01-09</sponsorshipDate>
        <state>MN</state>
        <lastName>MCCOLLUM</lastName>
        <firstName>BETTY</firstName>
        <sponsorshipWithdrawnDate />
        <middleName />
        <identifiers>
          <lisID>1653</lisID>
          <gpoId>8004</gpoId>
          <bioguideId>M001143</bioguideId>
        </identifiers>
        <fullName>Rep. McCollum, Betty [D-MN-4]</fullName>
        <bioguideId>M001143</bioguideId>
        <isOriginalCosponsor>False</isOriginalCosponsor>
        <district>4</district>
        <party>D</party>
      </item>
      <item>
        <sponsorshipDate>2017-01-09</sponsorshipDate>
        <state>CA</state>
        <lastName>Peters</lastName>
        <firstName>Scott</firstName>
        <sponsorshipWithdrawnDate />
        <middleName>H.</middleName>
        <identifiers>
          <gpoId />
          <bioguideId>P000608</bioguideId>
          <lisID>2113</lisID>
        </identifiers>
        <fullName>Rep. Peters, Scott H. [D-CA-52]</fullName>
        <bioguideId>P000608</bioguideId>
        <isOriginalCosponsor>False</isOriginalCosponsor>
        <district>52</district>
        <party>D</party>
      </item>
      <item>
        <sponsorshipDate>2017-01-09</sponsorshipDate>
        <state>WA</state>
        <lastName>Kilmer</lastName>
        <firstName>Derek</firstName>
        <sponsorshipWithdrawnDate />
        <middleName />
        <identifiers>
          <bioguideId>K000381</bioguideId>
          <gpoId />
          <lisID>2169</lisID>
        </identifiers>
        <fullName>Rep. Kilmer, Derek [D-WA-6]</fullName>
        <bioguideId>K000381</bioguideId>
        <isOriginalCosponsor>False</isOriginalCosponsor>
        <district>6</district>
        <party>D</party>
      </item>
      <item>
        <sponsorshipDate>2017-01-09</sponsorshipDate>
        <state>AL</state>
        <lastName>Sewell</lastName>
        <firstName>Terri</firstName>
        <sponsorshipWithdrawnDate />
        <middleName>A.</middleName>
        <identifiers>
          <bioguideId>S001185</bioguideId>
          <gpoId>7792</gpoId>
          <lisID>1988</lisID>
        </identifiers>
        <fullName>Rep. Sewell, Terri A. [D-AL-7]</fullName>
        <bioguideId>S001185</bioguideId>
        <isOriginalCosponsor>False</isOriginalCosponsor>
        <district>7</district>
        <party>D</party>
      </item>
      <item>
        <sponsorshipDate>2017-01-09</sponsorshipDate>
        <state>NJ</state>
        <lastName>Norcross</lastName>
        <firstName>Donald</firstName>
        <sponsorshipWithdrawnDate />
        <middleName />
        <identifiers>
          <lisID>2202</lisID>
          <gpoId />
          <bioguideId>N000188</bioguideId>
        </identifiers>
        <fullName>Rep. Norcross, Donald [D-NJ-1]</fullName>
        <bioguideId>N000188</bioguideId>
        <isOriginalCosponsor>False</isOriginalCosponsor>
        <district>1</district>
        <party>D</party>
      </item>
      <item>
        <sponsorshipDate>2017-01-09</sponsorshipDate>
        <state>FL</state>
        <lastName>Soto</lastName>
        <firstName>Darren</firstName>
        <sponsorshipWithdrawnDate />
        <middleName />
        <identifiers>
          <lisID>2319</lisID>
          <gpoId />
          <bioguideId>S001200</bioguideId>
        </identifiers>
        <fullName>Rep. Soto, Darren [D-FL-9]</fullName>
        <bioguideId>S001200</bioguideId>
        <isOriginalCosponsor>False</isOriginalCosponsor>
        <district>9</district>
        <party>D</party>
      </item>
      <item>
        <sponsorshipDate>2017-01-09</sponsorshipDate>
        <state>CA</state>
        <lastName>ROYCE</lastName>
        <firstName>ED</firstName>
        <sponsorshipWithdrawnDate />
        <middleName />
        <identifiers>
          <lisID>998</lisID>
          <gpoId>7845</gpoId>
          <bioguideId>R000487</bioguideId>
        </identifiers>
        <fullName>Rep. Royce, Edward R. [R-CA-39]</fullName>
        <bioguideId>R000487</bioguideId>
        <isOriginalCosponsor>False</isOriginalCosponsor>
        <district>39</district>
        <party>R</party>
      </item>
      <item>
        <sponsorshipDate>2017-01-09</sponsorshipDate>
        <state>FL</state>
        <lastName>Wasserman Schultz</lastName>
        <firstName>Debbie</firstName>
        <sponsorshipWithdrawnDate />
        <middleName />
        <identifiers>
          <gpoId>7892</gpoId>
          <lisID>1777</lisID>
          <bioguideId>W000797</bioguideId>
        </identifiers>
        <fullName>Rep. Wasserman Schultz, Debbie [D-FL-23]</fullName>
        <bioguideId>W000797</bioguideId>
        <isOriginalCosponsor>False</isOriginalCosponsor>
        <district>23</district>
        <party>D</party>
      </item>
      <item>
        <sponsorshipDate>2017-01-09</sponsorshipDate>
        <state>RI</state>
        <lastName>LANGEVIN</lastName>
        <firstName>JAMES</firstName>
        <sponsorshipWithdrawnDate />
        <middleName>R.</middleName>
        <identifiers>
          <lisID>1668</lisID>
          <gpoId>8140</gpoId>
          <bioguideId>L000559</bioguideId>
        </identifiers>
        <fullName>Rep. Langevin, James R. [D-RI-2]</fullName>
        <bioguideId>L000559</bioguideId>
        <isOriginalCosponsor>False</isOriginalCosponsor>
        <district>2</district>
        <party>D</party>
      </item>
      <item>
        <sponsorshipDate>2017-01-09</sponsorshipDate>
        <state>AZ</state>
        <lastName>Sinema</lastName>
        <firstName>Kyrsten</firstName>
        <sponsorshipWithdrawnDate />
        <middleName />
        <identifiers>
          <lisID>2099</lisID>
          <gpoId />
          <bioguideId>S001191</bioguideId>
        </identifiers>
        <fullName>Rep. Sinema, Kyrsten [D-AZ-9]</fullName>
        <bioguideId>S001191</bioguideId>
        <isOriginalCosponsor>False</isOriginalCosponsor>
        <district>9</district>
        <party>D</party>
      </item>
      <item>
        <sponsorshipDate>2017-01-09</sponsorshipDate>
        <state>PA</state>
        <lastName>Costello</lastName>
        <firstName>Ryan</firstName>
        <sponsorshipWithdrawnDate />
        <middleName>A.</middleName>
        <identifiers>
          <bioguideId>C001106</bioguideId>
          <lisID>2266</lisID>
          <gpoId />
        </identifiers>
        <fullName>Rep. Costello, Ryan A. [R-PA-6]</fullName>
        <bioguideId>C001106</bioguideId>
        <isOriginalCosponsor>False</isOriginalCosponsor>
        <district>6</district>
        <party>R</party>
      </item>
      <item>
        <sponsorshipDate>2017-01-09</sponsorshipDate>
        <state>CA</state>
        <lastName>Costa</lastName>
        <firstName>Jim</firstName>
        <sponsorshipWithdrawnDate />
        <middleName />
        <identifiers>
          <lisID>1774</lisID>
          <gpoId>7825</gpoId>
          <bioguideId>C001059</bioguideId>
        </identifiers>
        <fullName>Rep. Costa, Jim [D-CA-16]</fullName>
        <bioguideId>C001059</bioguideId>
        <isOriginalCosponsor>False</isOriginalCosponsor>
        <district>16</district>
        <party>D</party>
      </item>
      <item>
        <sponsorshipDate>2017-01-09</sponsorshipDate>
        <state>NY</state>
        <lastName>LOWEY</lastName>
        <firstName>NITA</firstName>
        <sponsorshipWithdrawnDate />
        <middleName>M.</middleName>
        <identifiers>
          <gpoId>8079</gpoId>
          <lisID>709</lisID>
          <bioguideId>L000480</bioguideId>
        </identifiers>
        <fullName>Rep. Lowey, Nita M. [D-NY-17]</fullName>
        <bioguideId>L000480</bioguideId>
        <isOriginalCosponsor>False</isOriginalCosponsor>
        <district>17</district>
        <party>D</party>
      </item>
      <item>
        <sponsorshipDate>2017-01-09</sponsorshipDate>
        <state>MN</state>
        <lastName>Walz</lastName>
        <firstName>Timothy</firstName>
        <sponsorshipWithdrawnDate />
        <middleName>J.</middleName>
        <identifiers>
          <bioguideId>W000799</bioguideId>
          <gpoId>8001</gpoId>
          <lisID>1856</lisID>
        </identifiers>
        <fullName>Rep. Walz, Timothy J. [D-MN-1]</fullName>
        <bioguideId>W000799</bioguideId>
        <isOriginalCosponsor>False</isOriginalCosponsor>
        <district>1</district>
        <party>D</party>
      </item>
      <item>
        <sponsorshipDate>2017-01-10</sponsorshipDate>
        <state>FL</state>
        <lastName>Murphy</lastName>
        <firstName>Stephanie</firstName>
        <sponsorshipWithdrawnDate />
        <middleName>N.</middleName>
        <identifiers>
          <bioguideId>M001202</bioguideId>
          <gpoId />
          <lisID>2318</lisID>
        </identifiers>
        <fullName>Rep. Murphy, Stephanie N. [D-FL-7]</fullName>
        <bioguideId>M001202</bioguideId>
        <isOriginalCosponsor>False</isOriginalCosponsor>
        <district>7</district>
        <party>D</party>
      </item>
      <item>
        <sponsorshipDate>2017-01-10</sponsorshipDate>
        <state>CA</state>
        <lastName>LEE</lastName>
        <firstName>BARBARA</firstName>
        <sponsorshipWithdrawnDate />
        <middleName />
        <identifiers>
          <gpoId>7814</gpoId>
          <lisID>1501</lisID>
          <bioguideId>L000551</bioguideId>
        </identifiers>
        <fullName>Rep. Lee, Barbara [D-CA-13]</fullName>
        <bioguideId>L000551</bioguideId>
        <isOriginalCosponsor>False</isOriginalCosponsor>
        <district>13</district>
        <party>D</party>
      </item>
      <item>
        <sponsorshipDate>2017-01-10</sponsorshipDate>
        <state>TX</state>
        <lastName>O'Rourke</lastName>
        <firstName>Beto</firstName>
        <sponsorshipWithdrawnDate />
        <middleName />
        <identifiers>
          <gpoId />
          <bioguideId>O000170</bioguideId>
          <lisID>2162</lisID>
        </identifiers>
        <fullName>Rep. O'Rourke, Beto [D-TX-16]</fullName>
        <bioguideId>O000170</bioguideId>
        <isOriginalCosponsor>False</isOriginalCosponsor>
        <district>16</district>
        <party>D</party>
      </item>
      <item>
        <sponsorshipDate>2017-01-10</sponsorshipDate>
        <state>IN</state>
        <lastName>Brooks</lastName>
        <firstName>Susan</firstName>
        <sponsorshipWithdrawnDate />
        <middleName>W.</middleName>
        <identifiers>
          <bioguideId>B001284</bioguideId>
          <gpoId />
          <lisID>2129</lisID>
        </identifiers>
        <fullName>Rep. Brooks, Susan W. [R-IN-5]</fullName>
        <bioguideId>B001284</bioguideId>
        <isOriginalCosponsor>False</isOriginalCosponsor>
        <district>5</district>
        <party>R</party>
      </item>
      <item>
        <sponsorshipDate>2017-01-10</sponsorshipDate>
        <state>CA</state>
        <lastName>DAVIS</lastName>
        <firstName>SUSAN</firstName>
        <sponsorshipWithdrawnDate />
        <middleName>A.</middleName>
        <identifiers>
          <lisID>1641</lisID>
          <gpoId>7858</gpoId>
          <bioguideId>D000598</bioguideId>
        </identifiers>
        <fullName>Rep. Davis, Susan A. [D-CA-53]</fullName>
        <bioguideId>D000598</bioguideId>
        <isOriginalCosponsor>False</isOriginalCosponsor>
        <district>53</district>
        <party>D</party>
      </item>
    </cosponsors>
    <actions>
      <actionTypeCounts>
        <introducedInTheHouse>1</introducedInTheHouse>
        <orderedReported>1</orderedReported>
        <presentedToPresident>1</presentedToPresident>
        <motionMadeToSuspendTheRules>1</motionMadeToSuspendTheRules>
        <finalPassageUnderSuspensionOfTheRulesResults>1</finalPassageUnderSuspensionOfTheRulesResults>
        <sentToHouse>1</sentToHouse>
        <motionToReconsiderResults>1</motionToReconsiderResults>
        <passedAgreedToInSenate>1</passedAgreedToInSenate>
        <becamePublicLaw>2</becamePublicLaw>
        <placedOnCalendarGeneralOrders>1</placedOnCalendarGeneralOrders>
        <billReferrals>1</billReferrals>
        <passedSenate>1</passedSenate>
        <reportedToSenate>2</reportedToSenate>
        <considerationByHouse>1</considerationByHouse>
        <introducedInHouse>1</introducedInHouse>
        <generalDebate>1</generalDebate>
        <referredToCommittee>1</referredToCommittee>
        <placeholderTextForE>3</placeholderTextForE>
        <passedAgreedToInHouse>1</passedAgreedToInHouse>
      </actionTypeCounts>
      <item>
        <actionCode>E40000</actionCode>
        <sourceSystem>
          <code>2</code>
          <name>House floor actions</name>
        </sourceSystem>
        <links>
          <link>
            <url>https://www.congress.gov/bill/115th-congress/house-bill/255/text/pl</url>
            <name>Public Law No: 115-6</name>
          </link>
        </links>
        <text>Became Public Law No: 115-6.</text>
        <actionDate>2017-02-28</actionDate>
        <type>President</type>
        <committee />
      </item>
      <item>
        <actionCode>36000</actionCode>
        <sourceSystem>
          <code>9</code>
          <name>Library of Congress</name>
        </sourceSystem>
        <links>
          <link>
            <url>https://www.congress.gov/bill/115th-congress/house-bill/255/text/pl</url>
            <name>Public Law No: 115-6</name>
          </link>
        </links>
        <text>Became Public Law No: 115-6.</text>
        <actionDate>2017-02-28</actionDate>
        <type>BecameLaw</type>
        <committee />
      </item>
      <item>
        <actionCode>E30000</actionCode>
        <sourceSystem>
          <code>2</code>
          <name>House floor actions</name>
        </sourceSystem>
        <links />
        <text>Signed by President.</text>
        <actionDate>2017-02-28</actionDate>
        <type>President</type>
        <committee />
      </item>
      <item>
        <actionCode>36000</actionCode>
        <sourceSystem>
          <code>9</code>
          <name>Library of Congress</name>
        </sourceSystem>
        <links />
        <text>Signed by President.</text>
        <actionDate>2017-02-28</actionDate>
        <type>BecameLaw</type>
        <committee />
      </item>
      <item>
        <actionCode>E20000</actionCode>
        <sourceSystem>
          <code>2</code>
          <name>House floor actions</name>
        </sourceSystem>
        <links />
        <text>Presented to President.</text>
        <actionDate>2017-02-16</actionDate>
        <type>Floor</type>
        <committee />
      </item>
      <item>
        <actionCode>28000</actionCode>
        <sourceSystem>
          <code>9</code>
          <name>Library of Congress</name>
        </sourceSystem>
        <links />
        <text>Presented to President.</text>
        <actionDate>2017-02-16</actionDate>
        <type>President</type>
        <committee />
      </item>
      <item>
        <actionDate>2017-02-15</actionDate>
        <committee />
        <links />
        <sourceSystem>
          <code>0</code>
          <name>Senate</name>
        </sourceSystem>
        <text>Message on Senate action sent to the House.</text>
        <type>Floor</type>
      </item>
      <item>
        <actionDate>2017-02-14</actionDate>
        <committee />
        <links>
          <link>
            <url>https://www.congress.gov/congressional-record/volume-163/senate-section/page/S1163</url>
            <name>S1163</name>
          </link>
        </links>
        <sourceSystem>
          <code>0</code>
          <name>Senate</name>
        </sourceSystem>
        <text>Passed Senate without amendment by Unanimous Consent. (consideration: CR S1163)</text>
        <type>Floor</type>
      </item>
      <item>
        <actionCode>17000</actionCode>
        <sourceSystem>
          <code>9</code>
          <name>Library of Congress</name>
        </sourceSystem>
        <links>
          <link>
            <url>https://www.congress.gov/congressional-record/volume-163/senate-section/page/S1163</url>
            <name>S1163</name>
          </link>
        </links>
        <text>Passed/agreed to in Senate: Passed Senate without amendment by Unanimous Consent.(consideration: CR S1163)</text>
        <actionDate>2017-02-14</actionDate>
        <type>Floor</type>
        <committee />
      </item>
      <item>
        <actionDate>2017-02-01</actionDate>
        <committee />
        <links />
        <sourceSystem>
          <code>0</code>
          <name>Senate</name>
        </sourceSystem>
        <text>Placed on Senate Legislative Calendar under General Orders. Calendar No. 5.</text>
        <type>Calendars</type>
      </item>
      <item>
        <actionDate>2017-02-01</actionDate>
        <committee>
          <systemCode>sscm00</systemCode>
          <name>Commerce, Science, and Transportation Committee</name>
        </committee>
        <links />
        <sourceSystem>
          <code>0</code>
          <name>Senate</name>
        </sourceSystem>
        <text>Committee on Commerce, Science, and Transportation. Reported by Senator Thune without amendment. Without written report.</text>
        <type>Committee</type>
      </item>
      <item>
        <actionCode>14000</actionCode>
        <sourceSystem>
          <code>9</code>
          <name>Library of Congress</name>
        </sourceSystem>
        <links />
        <text>Committee on Commerce, Science, and Transportation. Reported by Senator Thune without amendment. Without written report.</text>
        <actionDate>2017-02-01</actionDate>
        <type>Committee</type>
        <committee>
          <systemCode>sscm00</systemCode>
          <name>Commerce, Science, and Transportation Committee</name>
        </committee>
      </item>
      <item>
        <actionDate>2017-01-24</actionDate>
        <committee>
          <systemCode>sscm00</systemCode>
          <name>Commerce, Science, and Transportation Committee</name>
        </committee>
        <links />
        <sourceSystem>
          <code>0</code>
          <name>Senate</name>
        </sourceSystem>
        <text>Committee on Commerce, Science, and Transportation. Ordered to be reported without amendment favorably.</text>
        <type>Committee</type>
      </item>
      <item>
        <actionDate>2017-01-11</actionDate>
        <committee>
          <systemCode>sscm00</systemCode>
          <name>Commerce, Science, and Transportation Committee</name>
        </committee>
        <links />
        <sourceSystem>
          <code>0</code>
          <name>Senate</name>
        </sourceSystem>
        <text>Received in the Senate and Read twice and referred to the Committee on Commerce, Science, and Transportation.</text>
        <type>IntroReferral</type>
      </item>
      <item>
        <actionCode>H38310</actionCode>
        <actionDate>2017-01-10</actionDate>
        <links />
        <text>Motion to reconsider laid on the table Agreed to without objection.</text>
        <actionTime>16:17:20</actionTime>
        <sourceSystem>
          <code>2</code>
          <name>House floor actions</name>
        </sourceSystem>
        <type>Floor</type>
        <committee />
      </item>
      <item>
        <actionCode>H37300</actionCode>
        <actionDate>2017-01-10</actionDate>
        <links>
          <link>
            <url>https://www.congress.gov/congressional-record/volume-163/house-section/page/H273</url>
            <name>H273</name>
          </link>
        </links>
        <text>On motion to suspend the rules and pass the bill Agreed to by voice vote. (text: CR H273)</text>
        <actionTime>16:17:18</actionTime>
        <sourceSystem>
          <code>2</code>
          <name>House floor actions</name>
        </sourceSystem>
        <type>Floor</type>
        <committee />
      </item>
      <item>
        <actionCode>8000</actionCode>
        <actionDate>2017-01-10</actionDate>
        <links>
          <link>
            <url>https://www.congress.gov/congressional-record/volume-163/house-section/page/H273</url>
            <name>H273</name>
          </link>
        </links>
        <text>Passed/agreed to in House: On motion to suspend the rules and pass the bill Agreed to by voice vote.(text: CR H273)</text>
        <actionTime>16:17:18</actionTime>
        <sourceSystem>
          <code>9</code>
          <name>Library of Congress</name>
        </sourceSystem>
        <type>Floor</type>
        <committee />
      </item>
      <item>
        <actionCode>H8D000</actionCode>
        <actionDate>2017-01-10</actionDate>
        <links>
          <link>
            <url>https://www.congress.gov/bill/115th-congress/house-bill/255</url>
            <name>H.R. 255</name>
          </link>
        </links>
        <text>DEBATE - The House proceeded with forty minutes of debate on H.R. 255.</text>
        <actionTime>16:04:11</actionTime>
        <sourceSystem>
          <code>2</code>
          <name>House floor actions</name>
        </sourceSystem>
        <type>Floor</type>
        <committee />
      </item>
      <item>
        <actionCode>H30000</actionCode>
        <actionDate>2017-01-10</actionDate>
        <links>
          <link>
            <url>https://www.congress.gov/congressional-record/volume-163/house-section/page/H273-275</url>
            <name>H273-275</name>
          </link>
        </links>
        <text>Considered under suspension of the rules. (consideration: CR H273-275)</text>
        <actionTime>16:04:09</actionTime>
        <sourceSystem>
          <code>2</code>
          <name>House floor actions</name>
        </sourceSystem>
        <type>Floor</type>
        <committee />
      </item>
      <item>
        <actionCode>H30300</actionCode>
        <actionDate>2017-01-10</actionDate>
        <links />
        <text>Mrs. Comstock moved to suspend the rules and pass the bill.</text>
        <actionTime>16:03:44</actionTime>
        <sourceSystem>
          <code>2</code>
          <name>House floor actions</name>
        </sourceSystem>
        <type>Floor</type>
        <committee />
      </item>
      <item>
        <actionCode>H11100</actionCode>
        <sourceSystem>
          <code>2</code>
          <name>House floor actions</name>
        </sourceSystem>
        <links />
        <text>Referred to the House Committee on Science, Space, and Technology.</text>
        <actionDate>2017-01-04</actionDate>
        <type>IntroReferral</type>
        <committee>
          <systemCode>hssy00</systemCode>
          <name>Science, Space, and Technology Committee</name>
        </committee>
      </item>
      <item>
        <actionCode>Intro-H</actionCode>
        <sourceSystem>
          <code>9</code>
          <name>Library of Congress</name>
        </sourceSystem>
        <links />
        <text>Introduced in House</text>
        <actionDate>2017-01-04</actionDate>
        <type>IntroReferral</type>
        <committee />
      </item>
      <item>
        <actionCode>1000</actionCode>
        <sourceSystem>
          <code>9</code>
          <name>Library of Congress</name>
        </sourceSystem>
        <links />
        <text>Introduced in House</text>
        <actionDate>2017-01-04</actionDate>
        <type>IntroReferral</type>
        <committee />
      </item>
      <actionByCounts>
        <senate>8</senate>
        <houseOfRepresentatives>9</houseOfRepresentatives>
      </actionByCounts>
    </actions>
    <originChamber>House</originChamber>
    <latestAction>
      <actionDate>2017-02-28</actionDate>
      <text>Became Public Law No: 115-6.</text>
      <links>
        <link>
          <url>https://www.congress.gov/bill/115th-congress/house-bill/255/text/pl</url>
          <name>Public Law No: 115-6</name>
        </link>
      </links>
    </latestAction>
    <calendarNumbers>
      <item>
        <calendar>Senate Calendar of Business</calendar>
        <number>0005</number>
      </item>
    </calendarNumbers>
    <committeeReports />
    <congress>115</congress>
    <cboCostEstimates>
      <item>
        <pubDate>2017-01-31T21:14:00Z</pubDate>
        <url>https://www.cbo.gov/publication/52400</url>
        <title>H.R. 255, Promoting Women in Entrepreneurship Act</title>
      </item>
    </cboCostEstimates>
    <relatedBills>
      <item>
        <congress>115</congress>
        <number>83</number>
        <relationshipDetails>
          <item>
            <type>Identical bill</type>
            <identifiedBy>CRS</identifiedBy>
          </item>
        </relationshipDetails>
        <latestAction>
          <actionDate>2017-01-10</actionDate>
          <text>Read twice and referred to the Committee on Commerce, Science, and Transportation.</text>
        </latestAction>
        <type>S</type>
        <latestTitle>Promoting Women in Entrepreneurship Act</latestTitle>
      </item>
    </relatedBills>
    <billNumber>255</billNumber>
    <amendments />
    <committees>
      <billCommittees>
        <item>
          <activities>
            <item>
              <name>Reported by</name>
              <date>2017-02-01T18:06:13Z</date>
            </item>
            <item>
              <name>Markup by</name>
              <date>2017-01-24T15:00:00Z</date>
            </item>
            <item>
              <name>Referred to</name>
              <date>2017-01-11T18:25:04Z</date>
            </item>
          </activities>
          <systemCode>sscm00</systemCode>
          <name>Commerce, Science, and Transportation Committee</name>
          <subcommittees />
          <type>Standing</type>
          <chamber>Senate</chamber>
        </item>
        <item>
          <activities>
            <item>
              <name>Referred to</name>
              <date>2017-01-04T15:01:15Z</date>
            </item>
          </activities>
          <systemCode>hssy00</systemCode>
          <name>Science, Space, and Technology Committee</name>
          <subcommittees />
          <type>Standing</type>
          <chamber>House</chamber>
        </item>
      </billCommittees>
    </committees>
    <updateDate>2018-03-30T13:58:47Z</updateDate>
    <summaries>
      <billSummaries>
        <item>
          <actionDesc>Introduced in House</actionDesc>
          <text><![CDATA[<p><b>Promoting Women in Entrepreneurship Act</b></p> <p> This bill amends the Science and Engineering Equal Opportunities Act to authorize the National Science Foundation to encourage its entrepreneurial programs to recruit and support women to extend their focus beyond the laboratory and into the commercial world. </p>]]></text>
          <lastSummaryUpdateDate>2017-01-26T22:11:05Z</lastSummaryUpdateDate>
          <name>Introduced in House</name>
          <versionCode>00</versionCode>
          <updateDate>2017-01-04T05:00:00Z</updateDate>
          <actionDate>2017-01-04</actionDate>
        </item>
        <item>
          <actionDesc>Passed House without amendment</actionDesc>
          <text><![CDATA[<p>(This measure has not been amended since it was introduced. The summary has been expanded because action occurred on the measure.)</p> <p><b>Promoting Women in Entrepreneurship Act</b></p> <p> (Sec. 3) This bill amends the Science and Engineering Equal Opportunities Act to authorize the National Science Foundation to encourage its entrepreneurial programs to recruit and support women to extend their focus beyond the laboratory and into the commercial world. </p>]]></text>
          <lastSummaryUpdateDate>2017-01-26T22:13:53Z</lastSummaryUpdateDate>
          <name>Passed House without amendment</name>
          <versionCode>81</versionCode>
          <updateDate>2017-01-10T14:30:10Z</updateDate>
          <actionDate>2017-01-10</actionDate>
        </item>
        <item>
          <actionDesc>Reported to Senate without amendment</actionDesc>
          <text><![CDATA[<p>(This measure has not been amended since it was introduced. The expanded summary of the House passed version is repeated here.)</p> <p><b>Promoting Women in Entrepreneurship Act</b></p> <p> (Sec. 3) This bill amends the Science and Engineering Equal Opportunities Act to authorize the National Science Foundation to encourage its entrepreneurial programs to recruit and support women to extend their focus beyond the laboratory and into the commercial world. </p>]]></text>
          <lastSummaryUpdateDate>2017-03-15T19:58:35Z</lastSummaryUpdateDate>
          <name>Reported to Senate without amendment</name>
          <versionCode>80</versionCode>
          <updateDate>2017-02-01T14:33:42Z</updateDate>
          <actionDate>2017-02-01</actionDate>
        </item>
        <item>
          <actionDesc>Passed Senate without amendment</actionDesc>
          <text><![CDATA[<p>(This measure has not been amended since it was introduced. The expanded summary of the House passed version is repeated here.)</p> <p><b>Promoting Women in Entrepreneurship Act</b></p> <p> (Sec. 3) This bill amends the Science and Engineering Equal Opportunities Act to authorize the National Science Foundation to encourage its entrepreneurial programs to recruit and support women to extend their focus beyond the laboratory and into the commercial world. </p>]]></text>
          <lastSummaryUpdateDate>2017-03-15T19:58:47Z</lastSummaryUpdateDate>
          <name>Passed Senate without amendment</name>
          <versionCode>82</versionCode>
          <updateDate>2017-02-14T14:09:44Z</updateDate>
          <actionDate>2017-02-14</actionDate>
        </item>
        <item>
          <actionDesc>Public Law</actionDesc>
          <text><![CDATA[<p>(This measure has not been amended since it was introduced. The expanded summary of the House passed version is repeated here.)</p> <p><b>Promoting Women in Entrepreneurship Act</b></p> <p> (Sec. 3) This bill amends the Science and Engineering Equal Opportunities Act to authorize the National Science Foundation to encourage its entrepreneurial programs to recruit and support women to extend their focus beyond the laboratory and into the commercial world. </p>]]></text>
          <lastSummaryUpdateDate>2017-03-15T19:58:58Z</lastSummaryUpdateDate>
          <name>Public Law</name>
          <versionCode>49</versionCode>
          <updateDate>2017-03-01T04:59:59Z</updateDate>
          <actionDate>2017-02-28</actionDate>
        </item>
      </billSummaries>
    </summaries>
    <recordedVotes />
    <version>1.0.0</version>
    <sponsors>
      <item>
        <firstName>Elizabeth</firstName>
        <byRequestType />
        <fullName>Rep. Esty, Elizabeth H. [D-CT-5]</fullName>
        <bioguideId>E000293</bioguideId>
        <state>CT</state>
        <district>5</district>
        <party>D</party>
        <identifiers>
          <lisID>2114</lisID>
          <gpoId />
          <bioguideId>E000293</bioguideId>
        </identifiers>
        <middleName>H.</middleName>
        <lastName>Esty</lastName>
      </item>
    </sponsors>
    <subjects>
      <billSubjects>
        <legislativeSubjects>
          <item>
            <name>Science and engineering education</name>
          </item>
          <item>
            <name>Small business</name>
          </item>
          <item>
            <name>Technology transfer and commercialization</name>
          </item>
          <item>
            <name>Women in business</name>
          </item>
          <item>
            <name>Women's education</name>
          </item>
        </legislativeSubjects>
        <policyArea>
          <name>Science, Technology, Communications</name>
        </policyArea>
      </billSubjects>
    </subjects>
    <billType>HR</billType>
    <laws>
      <item>
        <number>115-6</number>
        <type>Public Law</type>
      </item>
    </laws>
    <titles>
      <item>
        <chamberCode />
        <titleType>Short Titles as Enacted</titleType>
        <title>Promoting Women in Entrepreneurship Act</title>
        <parentTitleType>Short Title</parentTitleType>
        <chamberName />
      </item>
      <item>
        <chamberCode>S</chamberCode>
        <titleType>Short Titles as Passed Senate</titleType>
        <title>Promoting Women in Entrepreneurship Act</title>
        <parentTitleType>Short Titles Senate</parentTitleType>
        <chamberName>Senate</chamberName>
      </item>
      <item>
        <chamberCode>H</chamberCode>
        <titleType>Short Titles as Passed House</titleType>
        <title>Promoting Women in Entrepreneurship Act</title>
        <parentTitleType>Short Titles House of Representatives</parentTitleType>
        <chamberName>House</chamberName>
      </item>
      <item>
        <chamberCode />
        <titleType>Short Titles as Introduced</titleType>
        <title>Promoting Women in Entrepreneurship Act</title>
        <parentTitleType />
        <chamberName />
      </item>
      <item>
        <chamberCode />
        <titleType>Official Title as Introduced</titleType>
        <title>To authorize the National Science Foundation to support entrepreneurial programs for women.</title>
        <parentTitleType />
        <chamberName />
      </item>
      <item>
        <chamberCode />
        <titleType>Display Title</titleType>
        <title>Promoting Women in Entrepreneurship Act</title>
        <parentTitleType />
        <chamberName />
      </item>
      <item>
        <chamberCode>S</chamberCode>
        <titleType>(Extracted from GPO) Short Titles as Reported to Senate</titleType>
        <title>Promoting Women in Entrepreneurship Act</title>
        <parentTitleType />
        <chamberName>Senate</chamberName>
      </item>
      <item>
        <chamberCode>H</chamberCode>
        <titleType>(Extracted from GPO) Short Titles as Passed House</titleType>
        <title>Promoting Women in Entrepreneurship Act</title>
        <parentTitleType />
        <chamberName>House</chamberName>
      </item>
      <item>
        <chamberCode />
        <titleType>(Extracted from GPO) Short Titles as Introduced</titleType>
        <title>Promoting Women in Entrepreneurship Act</title>
        <parentTitleType />
        <chamberName />
      </item>
    </titles>
  </bill>
  <dublinCore xmlns:dc="http://purl.org/dc/elements/1.1/">
    <dc:format>text/xml</dc:format>
    <dc:language>EN</dc:language>
    <dc:rights>Pursuant to Title 17 Section 105 of the United States Code, this file is not subject to copyright protection and is in the public domain.</dc:rights>
    <dc:contributor>Congressional Research Service, Library of Congress</dc:contributor>
    <dc:description>This file contains bill summaries and statuses for federal legislation. A bill summary describes the most significant provisions of a piece of legislation and details the effects the legislative text may have on current law and federal programs. Bill summaries are authored by the Congressional Research Service (CRS) of the Library of Congress. As stated in Public Law 91-510 (2 USC 166 (d)(6)), one of the duties of CRS is "to prepare summaries and digests of bills and resolutions of a public general nature introduced in the Senate or House of Representatives". For more information, refer to the User Guide that accompanies this file.</dc:description>
  </dublinCore>
</billStatus>

