<?xml version="1.0" encoding="UTF-8"?>
<billStatus>
  <bill>
    <introducedDate>2017-01-20</introducedDate>
    <createDate>2017-01-21T04:55:45Z</createDate>
    <policyArea>
      <name>Finance and Financial Sector</name>
    </policyArea>
    <title>Bailout Prevention Act of 2017</title>
    <constitutionalAuthorityStatementText><![CDATA[<pre>From the Congressional Record Online through the Government Publishing Office [<a href='http://www.gpo.gov'>www.gpo.gov</a>]By Mr. CAPUANO:H.R. 595.Congress has the power to enact this legislation pursuantto the following:Article I, Section 8, Clause 3[Page H560]</pre>]]></constitutionalAuthorityStatementText>
    <notes />
    <cosponsors />
    <actions>
      <actionTypeCounts>
        <introducedInHouse>1</introducedInHouse>
        <introducedInTheHouse>1</introducedInTheHouse>
        <billReferrals>3</billReferrals>
        <billReferralsAggregate>1</billReferralsAggregate>
      </actionTypeCounts>
      <item>
        <actionDate>2017-01-20</actionDate>
        <type>IntroReferral</type>
        <links />
        <text>Referred to House Oversight and Government Reform</text>
        <actionCode>H11100</actionCode>
        <sourceSystem>
          <code>2</code>
          <name>House floor actions</name>
        </sourceSystem>
        <committee>
          <systemCode>hsgo00</systemCode>
          <name>Oversight and Government Reform Committee</name>
        </committee>
      </item>
      <item>
        <actionDate>2017-01-20</actionDate>
        <type>IntroReferral</type>
        <links />
        <text>Referred to House Rules</text>
        <actionCode>H11100</actionCode>
        <sourceSystem>
          <code>2</code>
          <name>House floor actions</name>
        </sourceSystem>
        <committee>
          <systemCode>hsru00</systemCode>
          <name>Rules Committee</name>
        </committee>
      </item>
      <item>
        <actionDate>2017-01-20</actionDate>
        <type>IntroReferral</type>
        <links />
        <text>Referred to House Financial Services</text>
        <actionCode>H11100</actionCode>
        <sourceSystem>
          <code>2</code>
          <name>House floor actions</name>
        </sourceSystem>
        <committee>
          <systemCode>hsba00</systemCode>
          <name>Financial Services Committee</name>
        </committee>
      </item>
      <item>
        <actionDate>2017-01-20</actionDate>
        <type>IntroReferral</type>
        <links />
        <text>Referred to the Committee on Financial Services, and in addition to the Committees on Rules, and Oversight and Government Reform, for a period to be subsequently determined by the Speaker, in each case for consideration of such provisions as fall within the jurisdiction of the committee concerned.</text>
        <actionCode>H11100-A</actionCode>
        <sourceSystem>
          <code>9</code>
          <name>Library of Congress</name>
        </sourceSystem>
        <committee />
      </item>
      <item>
        <actionDate>2017-01-20</actionDate>
        <type>IntroReferral</type>
        <links />
        <text>Introduced in House</text>
        <actionCode>Intro-H</actionCode>
        <sourceSystem>
          <code>9</code>
          <name>Library of Congress</name>
        </sourceSystem>
        <committee />
      </item>
      <item>
        <actionDate>2017-01-20</actionDate>
        <type>IntroReferral</type>
        <links />
        <text>Introduced in House</text>
        <actionCode>1000</actionCode>
        <sourceSystem>
          <code>9</code>
          <name>Library of Congress</name>
        </sourceSystem>
        <committee />
      </item>
      <actionByCounts>
        <houseOfRepresentatives>6</houseOfRepresentatives>
      </actionByCounts>
    </actions>
    <originChamber>House</originChamber>
    <latestAction>
      <actionDate>2017-01-20</actionDate>
      <text>Referred to House Oversight and Government Reform</text>
      <links />
    </latestAction>
    <calendarNumbers />
    <committeeReports />
    <congress>115</congress>
    <cboCostEstimates />
    <relatedBills />
    <billNumber>595</billNumber>
    <amendments />
    <committees>
      <billCommittees>
        <item>
          <chamber>House</chamber>
          <activities>
            <item>
              <name>Referred to</name>
              <date>2017-01-20T15:00:35Z</date>
            </item>
          </activities>
          <type>Standing</type>
          <systemCode>hsgo00</systemCode>
          <subcommittees />
          <name>Oversight and Government Reform Committee</name>
        </item>
        <item>
          <chamber>House</chamber>
          <activities>
            <item>
              <name>Referred to</name>
              <date>2017-01-20T15:00:30Z</date>
            </item>
          </activities>
          <type>Standing</type>
          <systemCode>hsru00</systemCode>
          <subcommittees />
          <name>Rules Committee</name>
        </item>
        <item>
          <chamber>House</chamber>
          <activities>
            <item>
              <name>Referred to</name>
              <date>2017-01-20T15:00:25Z</date>
            </item>
          </activities>
          <type>Standing</type>
          <systemCode>hsba00</systemCode>
          <subcommittees />
          <name>Financial Services Committee</name>
        </item>
      </billCommittees>
    </committees>
    <updateDate>2018-03-30T14:00:24Z</updateDate>
    <summaries>
      <billSummaries>
        <item>
          <actionDesc>Introduced in House</actionDesc>
          <text><![CDATA[<p><b>Bailout Prevention Act of 2017</b></p> <p>This bill amends the Federal Reserve Act to declare a borrower ineligible to borrow from any emergency lending program or facility unless the Board of Governors of the Federal Reserve System (the Board) and all federal banking regulators with jurisdiction over the borrower certify that, at the time the borrower initially borrows under the program or facility, the borrower is not insolvent. Solvency shall be assessed by examining the last four months of relevant financial data and determining whether the fair value of the borrower's assets exceeds its liabilities, with appropriate adjustment for temporary illiquidity in the relevant markets.</p> <p>A borrower shall be deemed insolvent for such purposes if it is in bankruptcy, resolution under title II of the Dodd-Frank Wall Street Reform and Consumer Protection Act, or any other federal or state insolvency proceedings, or is a bridge financial company or a bridge depository institution.</p> <p>A program shall be considered one with &quot;broad-based eligibility&quot; only if at least five companies are eligible to participate in the program in a significant manner.</p> <p>The annual interest rate for emergency lending must be at least 500 basis points greater than the cost of borrowing for the Treasury for a commensurate loan term. </p> <p>The Board may create an emergency lending program or facility that does not meet the broad-based eligibility requirement or the interest rate requirement, but only if Congress enacts into law a joint resolution of approval within 30 days.</p> <p>The bill reduces the timing of various reporting requirements of the Government Accountability Office and the Board from 1-2 years to 60 days.</p> <p> <p> <p>]]></text>
          <lastSummaryUpdateDate>2017-12-19T21:43:48Z</lastSummaryUpdateDate>
          <name>Introduced in House</name>
          <versionCode>00</versionCode>
          <updateDate>2017-01-20T05:00:00Z</updateDate>
          <actionDate>2017-01-20</actionDate>
        </item>
      </billSummaries>
    </summaries>
    <recordedVotes />
    <version>1.0.0</version>
    <sponsors>
      <item>
        <firstName>MICHAEL</firstName>
        <byRequestType />
        <fullName>Rep. Capuano, Michael E. [D-MA-7]</fullName>
        <bioguideId>C001037</bioguideId>
        <state>MA</state>
        <district>7</district>
        <party>D</party>
        <identifiers>
          <gpoId>7973</gpoId>
          <lisID>1564</lisID>
          <bioguideId>C001037</bioguideId>
        </identifiers>
        <middleName>E.</middleName>
        <lastName>CAPUANO</lastName>
      </item>
    </sponsors>
    <subjects>
      <billSubjects>
        <legislativeSubjects>
          <item>
            <name>Bank accounts, deposits, capital</name>
          </item>
          <item>
            <name>Banking and financial institutions regulation</name>
          </item>
          <item>
            <name>Bankruptcy</name>
          </item>
          <item>
            <name>Commodities markets</name>
          </item>
          <item>
            <name>Congressional oversight</name>
          </item>
          <item>
            <name>Credit and credit markets</name>
          </item>
          <item>
            <name>Financial crises and stabilization</name>
          </item>
          <item>
            <name>Financial services and investments</name>
          </item>
          <item>
            <name>Government information and archives</name>
          </item>
          <item>
            <name>Government studies and investigations</name>
          </item>
          <item>
            <name>Interest, dividends, interest rates</name>
          </item>
          <item>
            <name>Legislative rules and procedure</name>
          </item>
        </legislativeSubjects>
        <policyArea>
          <name>Finance and Financial Sector</name>
        </policyArea>
      </billSubjects>
    </subjects>
    <billType>HR</billType>
    <laws />
    <titles>
      <item>
        <titleType>Short Titles as Introduced</titleType>
        <chamberCode />
        <chamberName />
        <parentTitleType />
        <title>Bailout Prevention Act of 2017</title>
      </item>
      <item>
        <titleType>Official Title as Introduced</titleType>
        <chamberCode />
        <chamberName />
        <parentTitleType />
        <title>To amend the Federal Reserve Act to reform the Federal Reserve System.</title>
      </item>
      <item>
        <titleType>Display Title</titleType>
        <chamberCode />
        <chamberName />
        <parentTitleType />
        <title>Bailout Prevention Act of 2017</title>
      </item>
      <item>
        <titleType>(Extracted from GPO) Short Titles as Introduced</titleType>
        <chamberCode />
        <chamberName />
        <parentTitleType />
        <title>Bailout Prevention Act of 2017</title>
      </item>
    </titles>
  </bill>
  <dublinCore xmlns:dc="http://purl.org/dc/elements/1.1/">
    <dc:format>text/xml</dc:format>
    <dc:language>EN</dc:language>
    <dc:rights>Pursuant to Title 17 Section 105 of the United States Code, this file is not subject to copyright protection and is in the public domain.</dc:rights>
    <dc:contributor>Congressional Research Service, Library of Congress</dc:contributor>
    <dc:description>This file contains bill summaries and statuses for federal legislation. A bill summary describes the most significant provisions of a piece of legislation and details the effects the legislative text may have on current law and federal programs. Bill summaries are authored by the Congressional Research Service (CRS) of the Library of Congress. As stated in Public Law 91-510 (2 USC 166 (d)(6)), one of the duties of CRS is "to prepare summaries and digests of bills and resolutions of a public general nature introduced in the Senate or House of Representatives". For more information, refer to the User Guide that accompanies this file.</dc:description>
  </dublinCore>
</billStatus>

