<?xml version="1.0" encoding="UTF-8"?>
<billStatus>
  <bill>
    <introducedDate>2017-01-11</introducedDate>
    <billType>HR</billType>
    <summaries>
      <billSummaries>
        <item>
          <actionDate>2017-01-11</actionDate>
          <actionDesc>Introduced in House</actionDesc>
          <text><![CDATA[<p><b>Cuba Trade Act of 2017</b></p> <p>This bill repeals or amends current laws restricting trade with Cuba. </p> <p>The prohibition on assistance to Cuba, and the President's authority for the embargo on Cuba, under the Foreign Assistance Act of 1961 are eliminated. </p> <p>The Cuban Democracy Act of 1992 is amended to eliminate: </p> <ul> <li>presidential authority to impose sanctions against Cuban trading partners, </li> <li>restrictions on transactions between U.S.-owned or controlled firms and Cuba, </li> <li>limitations on direct shipping between Cuban and U.S. ports, and </li> <li>restrictions on remittances. </li> </ul> <p> The Cuban Liberty and Democratic Solidarity (LIBERTAD) Act of 1996 is amended to eliminate: </p> <ul> <li>the enforcement of an economic embargo of Cuban provisions, and </li> <li>the prohibition on indirect financing of Cuba.</li> </ul> <p> The Trade Sanctions Reform and Export Enhancement Act of 2000 is amended to:</p> <ul> <li>remove Cuba from the list of state sponsors of terrorism subject to agricultural and medical export restrictions; </li> <li>eliminate the prohibition on U.S. assistance, including foreign assistance, export assistance, and any credit or guarantees being made available for exports to Cuba; </li> <li>eliminate the prohibition against a U.S. person's providing payment or financing terms for sales of agricultural commodities or products to Cuba; </li> <li>prohibit the United States from providing any foreign assistance to Cuba or any financial assistance, loans, loan guarantees, extension of credit, or other financing for exports to Cuba; and </li> <li>eliminate the prohibition on the U.S. entry of merchandise that is of Cuban origin, is or has been located in or transported from or through Cuba, or is made or derived in whole or in part of any article which is the growth, produce, or manufacture of Cuba.</li> </ul> <p>The federal government may not obligate or expend any funds to promote trade with or develop markets in Cuba, except through certain commodity promotion programs.</p><strong> </strong>]]></text>
          <name>Introduced in House</name>
          <updateDate>2017-01-11T05:00:00Z</updateDate>
          <lastSummaryUpdateDate>2017-02-07T16:26:00Z</lastSummaryUpdateDate>
          <versionCode>00</versionCode>
        </item>
      </billSummaries>
    </summaries>
    <cboCostEstimates />
    <policyArea>
      <name>International Affairs</name>
    </policyArea>
    <calendarNumbers />
    <relatedBills>
      <item>
        <type>S</type>
        <number>472</number>
        <latestAction>
          <actionDate>2017-02-28</actionDate>
          <text>Read twice and referred to the Committee on Banking, Housing, and Urban Affairs.</text>
        </latestAction>
        <congress>115</congress>
        <relationshipDetails>
          <item>
            <type>Related bill</type>
            <identifiedBy>CRS</identifiedBy>
          </item>
        </relationshipDetails>
        <latestTitle>Cuba Trade Act of 2017</latestTitle>
      </item>
    </relatedBills>
    <originChamber>House</originChamber>
    <amendments />
    <titles>
      <item>
        <titleType>Short Titles as Introduced</titleType>
        <chamberCode />
        <chamberName />
        <parentTitleType />
        <title>Cuba Trade Act of 2017</title>
      </item>
      <item>
        <titleType>Official Title as Introduced</titleType>
        <chamberCode />
        <chamberName />
        <parentTitleType />
        <title>To lift the trade embargo on Cuba, and for other purposes.</title>
      </item>
      <item>
        <titleType>Display Title</titleType>
        <chamberCode />
        <chamberName />
        <parentTitleType />
        <title>Cuba Trade Act of 2017</title>
      </item>
      <item>
        <titleType>(Extracted from GPO) Short Titles as Introduced</titleType>
        <chamberCode />
        <chamberName />
        <parentTitleType />
        <title>Cuba Trade Act of 2017</title>
      </item>
    </titles>
    <createDate>2017-01-12T04:45:49Z</createDate>
    <constitutionalAuthorityStatementText><![CDATA[<pre>From the Congressional Record Online through the Government Publishing Office [<a href='http://www.gpo.gov'>www.gpo.gov</a>]By Mr. EMMER:H.R. 442.Congress has the power to enact this legislation pursuantto the following:Articlel, Section 8 to regulate Commerce with ForeignNations[Page H391]</pre>]]></constitutionalAuthorityStatementText>
    <actions>
      <actionTypeCounts>
        <introducedInHouse>1</introducedInHouse>
        <introducedInTheHouse>1</introducedInTheHouse>
        <billReferralsAggregate>1</billReferralsAggregate>
        <billReferrals>4</billReferrals>
        <placeholderTextForH>1</placeholderTextForH>
      </actionTypeCounts>
      <item>
        <actionDate>2017-01-26</actionDate>
        <committee>
          <systemCode>hswm04</systemCode>
          <name>Trade Subcommittee</name>
        </committee>
        <links />
        <sourceSystem>
          <code>1</code>
          <name>House committee actions</name>
        </sourceSystem>
        <text>Referred to the Subcommittee on Trade.</text>
        <type>Committee</type>
      </item>
      <item>
        <type>IntroReferral</type>
        <sourceSystem>
          <code>2</code>
          <name>House floor actions</name>
        </sourceSystem>
        <actionCode>H11100</actionCode>
        <links />
        <text>Referred to House Agriculture</text>
        <committee>
          <systemCode>hsag00</systemCode>
          <name>Agriculture Committee</name>
        </committee>
        <actionDate>2017-01-11</actionDate>
      </item>
      <item>
        <type>IntroReferral</type>
        <sourceSystem>
          <code>2</code>
          <name>House floor actions</name>
        </sourceSystem>
        <actionCode>H11100</actionCode>
        <links />
        <text>Referred to House Financial Services</text>
        <committee>
          <systemCode>hsba00</systemCode>
          <name>Financial Services Committee</name>
        </committee>
        <actionDate>2017-01-11</actionDate>
      </item>
      <item>
        <type>IntroReferral</type>
        <sourceSystem>
          <code>2</code>
          <name>House floor actions</name>
        </sourceSystem>
        <actionCode>H11100</actionCode>
        <links />
        <text>Referred to House Ways and Means</text>
        <committee>
          <systemCode>hswm00</systemCode>
          <name>Ways and Means Committee</name>
        </committee>
        <actionDate>2017-01-11</actionDate>
      </item>
      <item>
        <type>IntroReferral</type>
        <sourceSystem>
          <code>2</code>
          <name>House floor actions</name>
        </sourceSystem>
        <actionCode>H11100</actionCode>
        <links />
        <text>Referred to House Foreign Affairs</text>
        <committee>
          <systemCode>hsfa00</systemCode>
          <name>Foreign Affairs Committee</name>
        </committee>
        <actionDate>2017-01-11</actionDate>
      </item>
      <item>
        <type>IntroReferral</type>
        <sourceSystem>
          <code>9</code>
          <name>Library of Congress</name>
        </sourceSystem>
        <actionCode>H11100-A</actionCode>
        <links />
        <text>Referred to the Committee on Foreign Affairs, and in addition to the Committees on Ways and Means, Financial Services, and Agriculture, for a period to be subsequently determined by the Speaker, in each case for consideration of such provisions as fall within the jurisdiction of the committee concerned.</text>
        <committee />
        <actionDate>2017-01-11</actionDate>
      </item>
      <item>
        <type>IntroReferral</type>
        <sourceSystem>
          <code>9</code>
          <name>Library of Congress</name>
        </sourceSystem>
        <actionCode>Intro-H</actionCode>
        <links />
        <text>Introduced in House</text>
        <committee />
        <actionDate>2017-01-11</actionDate>
      </item>
      <item>
        <type>IntroReferral</type>
        <sourceSystem>
          <code>9</code>
          <name>Library of Congress</name>
        </sourceSystem>
        <actionCode>1000</actionCode>
        <links />
        <text>Introduced in House</text>
        <committee />
        <actionDate>2017-01-11</actionDate>
      </item>
      <actionByCounts>
        <houseOfRepresentatives>8</houseOfRepresentatives>
      </actionByCounts>
    </actions>
    <laws />
    <version>1.0.0</version>
    <cosponsors>
      <item>
        <firstName>Kathy</firstName>
        <identifiers>
          <gpoId>7883</gpoId>
          <bioguideId>C001066</bioguideId>
          <lisID>1839</lisID>
        </identifiers>
        <sponsorshipWithdrawnDate />
        <district>14</district>
        <middleName />
        <state>FL</state>
        <lastName>Castor</lastName>
        <sponsorshipDate>2017-01-11</sponsorshipDate>
        <isOriginalCosponsor>True</isOriginalCosponsor>
        <bioguideId>C001066</bioguideId>
        <fullName>Rep. Castor, Kathy [D-FL-14]</fullName>
        <party>D</party>
      </item>
      <item>
        <firstName>Donald</firstName>
        <identifiers>
          <lisID>2272</lisID>
          <gpoId />
          <bioguideId>B001292</bioguideId>
        </identifiers>
        <sponsorshipWithdrawnDate />
        <district>8</district>
        <middleName>S.</middleName>
        <state>VA</state>
        <lastName>Beyer</lastName>
        <sponsorshipDate>2017-01-11</sponsorshipDate>
        <isOriginalCosponsor>True</isOriginalCosponsor>
        <bioguideId>B001292</bioguideId>
        <fullName>Rep. Beyer, Donald S., Jr. [D-VA-8]</fullName>
        <party>D</party>
      </item>
      <item>
        <firstName>Mark</firstName>
        <identifiers>
          <lisID>1012</lisID>
          <gpoId />
          <bioguideId>S000051</bioguideId>
        </identifiers>
        <sponsorshipWithdrawnDate />
        <district>1</district>
        <middleName />
        <state>SC</state>
        <lastName>Sanford</lastName>
        <sponsorshipDate>2017-01-11</sponsorshipDate>
        <isOriginalCosponsor>True</isOriginalCosponsor>
        <bioguideId>S000051</bioguideId>
        <fullName>Rep. Sanford, Mark [R-SC-1]</fullName>
        <party>R</party>
      </item>
      <item>
        <firstName>BARBARA</firstName>
        <identifiers>
          <gpoId>7814</gpoId>
          <bioguideId>L000551</bioguideId>
          <lisID>1501</lisID>
        </identifiers>
        <sponsorshipWithdrawnDate />
        <district>13</district>
        <middleName />
        <state>CA</state>
        <lastName>LEE</lastName>
        <sponsorshipDate>2017-01-11</sponsorshipDate>
        <isOriginalCosponsor>True</isOriginalCosponsor>
        <bioguideId>L000551</bioguideId>
        <fullName>Rep. Lee, Barbara [D-CA-13]</fullName>
        <party>D</party>
      </item>
      <item>
        <firstName>Mark</firstName>
        <identifiers>
          <gpoId />
          <lisID>2171</lisID>
          <bioguideId>P000607</bioguideId>
        </identifiers>
        <sponsorshipWithdrawnDate />
        <district>2</district>
        <middleName />
        <state>WI</state>
        <lastName>Pocan</lastName>
        <sponsorshipDate>2017-01-11</sponsorshipDate>
        <isOriginalCosponsor>True</isOriginalCosponsor>
        <bioguideId>P000607</bioguideId>
        <fullName>Rep. Pocan, Mark [D-WI-2]</fullName>
        <party>D</party>
      </item>
      <item>
        <firstName>Justin</firstName>
        <identifiers>
          <bioguideId>A000367</bioguideId>
          <gpoId>7988</gpoId>
          <lisID>2029</lisID>
        </identifiers>
        <sponsorshipWithdrawnDate />
        <district>3</district>
        <middleName />
        <state>MI</state>
        <lastName>Amash</lastName>
        <sponsorshipDate>2017-01-11</sponsorshipDate>
        <isOriginalCosponsor>True</isOriginalCosponsor>
        <bioguideId>A000367</bioguideId>
        <fullName>Rep. Amash, Justin [R-MI-3]</fullName>
        <party>R</party>
      </item>
      <item>
        <firstName>Eric</firstName>
        <identifiers>
          <lisID>1989</lisID>
          <gpoId>7793</gpoId>
          <bioguideId>C001087</bioguideId>
        </identifiers>
        <sponsorshipWithdrawnDate />
        <district>1</district>
        <middleName>A. "Rick"</middleName>
        <state>AR</state>
        <lastName>Crawford</lastName>
        <sponsorshipDate>2017-01-11</sponsorshipDate>
        <isOriginalCosponsor>True</isOriginalCosponsor>
        <bioguideId>C001087</bioguideId>
        <fullName>Rep. Crawford, Eric A. "Rick" [R-AR-1]</fullName>
        <party>R</party>
      </item>
      <item>
        <firstName>JAMES</firstName>
        <identifiers>
          <lisID>1504</lisID>
          <gpoId>7968</gpoId>
          <bioguideId>M000312</bioguideId>
        </identifiers>
        <sponsorshipWithdrawnDate />
        <district>2</district>
        <middleName>P.</middleName>
        <state>MA</state>
        <lastName>MCGOVERN</lastName>
        <sponsorshipDate>2017-01-11</sponsorshipDate>
        <isOriginalCosponsor>True</isOriginalCosponsor>
        <bioguideId>M000312</bioguideId>
        <fullName>Rep. McGovern, James P. [D-MA-2]</fullName>
        <party>D</party>
      </item>
      <item>
        <firstName>Ted</firstName>
        <identifiers>
          <gpoId>8158</gpoId>
          <lisID>1802</lisID>
          <bioguideId>P000592</bioguideId>
        </identifiers>
        <sponsorshipWithdrawnDate />
        <district>2</district>
        <middleName />
        <state>TX</state>
        <lastName>Poe</lastName>
        <sponsorshipDate>2017-01-11</sponsorshipDate>
        <isOriginalCosponsor>True</isOriginalCosponsor>
        <bioguideId>P000592</bioguideId>
        <fullName>Rep. Poe, Ted [R-TX-2]</fullName>
        <party>R</party>
      </item>
      <item>
        <firstName>James</firstName>
        <identifiers>
          <lisID>2297</lisID>
          <gpoId />
          <bioguideId>C001108</bioguideId>
        </identifiers>
        <sponsorshipWithdrawnDate />
        <district>1</district>
        <middleName />
        <state>KY</state>
        <lastName>Comer</lastName>
        <sponsorshipDate>2017-01-12</sponsorshipDate>
        <isOriginalCosponsor>False</isOriginalCosponsor>
        <bioguideId>C001108</bioguideId>
        <fullName>Rep. Comer, James [R-KY-1]</fullName>
        <party>R</party>
      </item>
      <item>
        <firstName>MIKE</firstName>
        <identifiers>
          <bioguideId>D000482</bioguideId>
          <gpoId>8132</gpoId>
          <lisID>316</lisID>
        </identifiers>
        <sponsorshipWithdrawnDate />
        <district>14</district>
        <middleName />
        <state>PA</state>
        <lastName>DOYLE</lastName>
        <sponsorshipDate>2017-01-13</sponsorshipDate>
        <isOriginalCosponsor>False</isOriginalCosponsor>
        <bioguideId>D000482</bioguideId>
        <fullName>Rep. Doyle, Michael F. [D-PA-14]</fullName>
        <party>D</party>
      </item>
      <item>
        <firstName>Erik</firstName>
        <identifiers>
          <lisID>1930</lisID>
          <gpoId>8003</gpoId>
          <bioguideId>P000594</bioguideId>
        </identifiers>
        <sponsorshipWithdrawnDate />
        <district>3</district>
        <middleName />
        <state>MN</state>
        <lastName>Paulsen</lastName>
        <sponsorshipDate>2017-01-13</sponsorshipDate>
        <isOriginalCosponsor>False</isOriginalCosponsor>
        <bioguideId>P000594</bioguideId>
        <fullName>Rep. Paulsen, Erik [R-MN-3]</fullName>
        <party>R</party>
      </item>
      <item>
        <firstName>NYDIA</firstName>
        <identifiers>
          <lisID>1184</lisID>
          <gpoId>8073</gpoId>
          <bioguideId>V000081</bioguideId>
        </identifiers>
        <sponsorshipWithdrawnDate />
        <district>7</district>
        <middleName>M.</middleName>
        <state>NY</state>
        <lastName>VELAZQUEZ</lastName>
        <sponsorshipDate>2017-02-09</sponsorshipDate>
        <isOriginalCosponsor>False</isOriginalCosponsor>
        <bioguideId>V000081</bioguideId>
        <fullName>Rep. Velazquez, Nydia M. [D-NY-7]</fullName>
        <party>D</party>
      </item>
      <item>
        <firstName>Seth</firstName>
        <identifiers>
          <gpoId />
          <lisID>2246</lisID>
          <bioguideId>M001196</bioguideId>
        </identifiers>
        <sponsorshipWithdrawnDate />
        <district>6</district>
        <middleName />
        <state>MA</state>
        <lastName>Moulton</lastName>
        <sponsorshipDate>2017-02-09</sponsorshipDate>
        <isOriginalCosponsor>False</isOriginalCosponsor>
        <bioguideId>M001196</bioguideId>
        <fullName>Rep. Moulton, Seth [D-MA-6]</fullName>
        <party>D</party>
      </item>
      <item>
        <firstName>Randy</firstName>
        <identifiers>
          <gpoId />
          <lisID>2161</lisID>
          <bioguideId>W000814</bioguideId>
        </identifiers>
        <sponsorshipWithdrawnDate />
        <district>14</district>
        <middleName>K.</middleName>
        <state>TX</state>
        <lastName>Weber</lastName>
        <sponsorshipDate>2017-02-09</sponsorshipDate>
        <isOriginalCosponsor>False</isOriginalCosponsor>
        <bioguideId>W000814</bioguideId>
        <fullName>Rep. Weber, Randy K., Sr. [R-TX-14]</fullName>
        <party>R</party>
      </item>
      <item>
        <firstName>Jason</firstName>
        <identifiers>
          <gpoId />
          <bioguideId>L000587</bioguideId>
          <lisID>2335</lisID>
        </identifiers>
        <sponsorshipWithdrawnDate />
        <district>2</district>
        <middleName />
        <state>MN</state>
        <lastName>Lewis</lastName>
        <sponsorshipDate>2017-03-10</sponsorshipDate>
        <isOriginalCosponsor>False</isOriginalCosponsor>
        <bioguideId>L000587</bioguideId>
        <fullName>Rep. Lewis, Jason [R-MN-2]</fullName>
        <party>R</party>
      </item>
      <item>
        <firstName>Roger</firstName>
        <identifiers>
          <lisID>2328</lisID>
          <gpoId />
          <bioguideId>M001198</bioguideId>
        </identifiers>
        <sponsorshipWithdrawnDate />
        <district>1</district>
        <middleName>W.</middleName>
        <state>KS</state>
        <lastName>Marshall</lastName>
        <sponsorshipDate>2017-03-17</sponsorshipDate>
        <isOriginalCosponsor>False</isOriginalCosponsor>
        <bioguideId>M001198</bioguideId>
        <fullName>Rep. Marshall, Roger W. [R-KS-1]</fullName>
        <party>R</party>
      </item>
      <item>
        <firstName>Thomas</firstName>
        <identifiers>
          <gpoId />
          <bioguideId>G000580</bioguideId>
          <lisID>2353</lisID>
        </identifiers>
        <sponsorshipWithdrawnDate />
        <district>5</district>
        <middleName>A.</middleName>
        <state>VA</state>
        <lastName>Garrett</lastName>
        <sponsorshipDate>2017-03-17</sponsorshipDate>
        <isOriginalCosponsor>False</isOriginalCosponsor>
        <bioguideId>G000580</bioguideId>
        <fullName>Rep. Garrett, Thomas A., Jr. [R-VA-5]</fullName>
        <party>R</party>
      </item>
      <item>
        <firstName>Jack</firstName>
        <identifiers>
          <lisID>2333</lisID>
          <gpoId />
          <bioguideId>B001301</bioguideId>
        </identifiers>
        <sponsorshipWithdrawnDate />
        <district>1</district>
        <middleName />
        <state>MI</state>
        <lastName>Bergman</lastName>
        <sponsorshipDate>2017-03-20</sponsorshipDate>
        <isOriginalCosponsor>False</isOriginalCosponsor>
        <bioguideId>B001301</bioguideId>
        <fullName>Rep. Bergman, Jack [R-MI-1]</fullName>
        <party>R</party>
      </item>
      <item>
        <firstName>Jim</firstName>
        <identifiers>
          <lisID>2326</lisID>
          <gpoId />
          <bioguideId>B001299</bioguideId>
        </identifiers>
        <sponsorshipWithdrawnDate />
        <district>3</district>
        <middleName />
        <state>IN</state>
        <lastName>Banks</lastName>
        <sponsorshipDate>2017-03-23</sponsorshipDate>
        <isOriginalCosponsor>False</isOriginalCosponsor>
        <bioguideId>B001299</bioguideId>
        <fullName>Rep. Banks, Jim [R-IN-3]</fullName>
        <party>R</party>
      </item>
      <item>
        <firstName>Ralph</firstName>
        <identifiers>
          <lisID>2244</lisID>
          <gpoId />
          <bioguideId>A000374</bioguideId>
        </identifiers>
        <sponsorshipWithdrawnDate />
        <district>5</district>
        <middleName>Lee</middleName>
        <state>LA</state>
        <lastName>Abraham</lastName>
        <sponsorshipDate>2017-03-29</sponsorshipDate>
        <isOriginalCosponsor>False</isOriginalCosponsor>
        <bioguideId>A000374</bioguideId>
        <fullName>Rep. Abraham, Ralph Lee [R-LA-5]</fullName>
        <party>R</party>
      </item>
      <item>
        <firstName>WALTER</firstName>
        <identifiers>
          <bioguideId>J000255</bioguideId>
          <gpoId>8026</gpoId>
          <lisID>612</lisID>
        </identifiers>
        <sponsorshipWithdrawnDate />
        <district>3</district>
        <middleName>B.</middleName>
        <state>NC</state>
        <lastName>JONES</lastName>
        <sponsorshipDate>2017-06-20</sponsorshipDate>
        <isOriginalCosponsor>False</isOriginalCosponsor>
        <bioguideId>J000255</bioguideId>
        <fullName>Rep. Jones, Walter B., Jr. [R-NC-3]</fullName>
        <party>R</party>
      </item>
      <item>
        <firstName>Keith</firstName>
        <identifiers>
          <bioguideId>E000288</bioguideId>
          <gpoId>8005</gpoId>
          <lisID>1857</lisID>
        </identifiers>
        <sponsorshipWithdrawnDate />
        <district>5</district>
        <middleName />
        <state>MN</state>
        <lastName>Ellison</lastName>
        <sponsorshipDate>2017-09-06</sponsorshipDate>
        <isOriginalCosponsor>False</isOriginalCosponsor>
        <bioguideId>E000288</bioguideId>
        <fullName>Rep. Ellison, Keith [D-MN-5]</fullName>
        <party>D</party>
      </item>
      <item>
        <firstName>JOHN</firstName>
        <identifiers>
          <lisID>229</lisID>
          <gpoId>7999</gpoId>
          <bioguideId>C000714</bioguideId>
        </identifiers>
        <sponsorshipWithdrawnDate />
        <district>13</district>
        <middleName />
        <state>MI</state>
        <lastName>CONYERS</lastName>
        <sponsorshipDate>2017-10-06</sponsorshipDate>
        <isOriginalCosponsor>False</isOriginalCosponsor>
        <bioguideId>C000714</bioguideId>
        <fullName>Rep. Conyers, John, Jr. [D-MI-13]</fullName>
        <party>D</party>
      </item>
    </cosponsors>
    <billNumber>442</billNumber>
    <committeeReports />
    <notes />
    <latestAction>
      <actionDate>2017-01-26</actionDate>
      <text>Referred to the Subcommittee on Trade.</text>
      <links />
    </latestAction>
    <committees>
      <billCommittees>
        <item>
          <chamber>House</chamber>
          <activities>
            <item>
              <name>Referred to</name>
              <date>2017-01-11T15:02:30Z</date>
            </item>
          </activities>
          <type>Standing</type>
          <systemCode>hswm00</systemCode>
          <subcommittees>
            <item>
              <activities>
                <item>
                  <name>Referred to</name>
                  <date>2017-01-26T21:56:02Z</date>
                </item>
              </activities>
              <systemCode>hswm04</systemCode>
              <name>Trade Subcommittee</name>
            </item>
          </subcommittees>
          <name>Ways and Means Committee</name>
        </item>
        <item>
          <chamber>House</chamber>
          <activities>
            <item>
              <name>Referred to</name>
              <date>2017-01-11T15:02:40Z</date>
            </item>
          </activities>
          <type>Standing</type>
          <systemCode>hsag00</systemCode>
          <subcommittees />
          <name>Agriculture Committee</name>
        </item>
        <item>
          <chamber>House</chamber>
          <activities>
            <item>
              <name>Referred to</name>
              <date>2017-01-11T15:02:35Z</date>
            </item>
          </activities>
          <type>Standing</type>
          <systemCode>hsba00</systemCode>
          <subcommittees />
          <name>Financial Services Committee</name>
        </item>
        <item>
          <chamber>House</chamber>
          <activities>
            <item>
              <name>Referred to</name>
              <date>2017-01-11T15:02:25Z</date>
            </item>
          </activities>
          <type>Standing</type>
          <systemCode>hsfa00</systemCode>
          <subcommittees />
          <name>Foreign Affairs Committee</name>
        </item>
      </billCommittees>
    </committees>
    <updateDate>2018-03-30T13:59:41Z</updateDate>
    <title>Cuba Trade Act of 2017</title>
    <sponsors>
      <item>
        <fullName>Rep. Emmer, Tom [R-MN-6]</fullName>
        <state>MN</state>
        <lastName>Emmer</lastName>
        <bioguideId>E000294</bioguideId>
        <district>6</district>
        <middleName />
        <byRequestType />
        <party>R</party>
        <identifiers>
          <gpoId />
          <bioguideId>E000294</bioguideId>
          <lisID>2253</lisID>
        </identifiers>
        <firstName>Tom</firstName>
      </item>
    </sponsors>
    <congress>115</congress>
    <recordedVotes />
    <subjects>
      <billSubjects>
        <policyArea>
          <name>International Affairs</name>
        </policyArea>
        <legislativeSubjects>
          <item>
            <name>Agricultural trade</name>
          </item>
          <item>
            <name>Caribbean area</name>
          </item>
          <item>
            <name>Competitiveness, trade promotion, trade deficits</name>
          </item>
          <item>
            <name>Cuba</name>
          </item>
          <item>
            <name>Foreign aid and international relief</name>
          </item>
          <item>
            <name>Human rights</name>
          </item>
          <item>
            <name>Latin America</name>
          </item>
          <item>
            <name>Licensing and registrations</name>
          </item>
          <item>
            <name>Sanctions</name>
          </item>
          <item>
            <name>Sovereignty, recognition, national governance and status</name>
          </item>
          <item>
            <name>Terrorism</name>
          </item>
          <item>
            <name>Trade restrictions</name>
          </item>
        </legislativeSubjects>
      </billSubjects>
    </subjects>
  </bill>
  <dublinCore xmlns:dc="http://purl.org/dc/elements/1.1/">
    <dc:format>text/xml</dc:format>
    <dc:language>EN</dc:language>
    <dc:rights>Pursuant to Title 17 Section 105 of the United States Code, this file is not subject to copyright protection and is in the public domain.</dc:rights>
    <dc:contributor>Congressional Research Service, Library of Congress</dc:contributor>
    <dc:description>This file contains bill summaries and statuses for federal legislation. A bill summary describes the most significant provisions of a piece of legislation and details the effects the legislative text may have on current law and federal programs. Bill summaries are authored by the Congressional Research Service (CRS) of the Library of Congress. As stated in Public Law 91-510 (2 USC 166 (d)(6)), one of the duties of CRS is "to prepare summaries and digests of bills and resolutions of a public general nature introduced in the Senate or House of Representatives". For more information, refer to the User Guide that accompanies this file.</dc:description>
  </dublinCore>
</billStatus>

