<?xml version="1.0" encoding="UTF-8"?>
<billStatus>
  <bill>
    <titles>
      <item>
        <titleType>Short Titles as Introduced</titleType>
        <chamberCode />
        <chamberName />
        <parentTitleType />
        <title>Federal Election Integrity Act of 2017</title>
      </item>
      <item>
        <titleType>Official Title as Introduced</titleType>
        <chamberCode />
        <chamberName />
        <parentTitleType />
        <title>To amend the Federal Election Campaign Act of 1971 to prohibit certain State election administration officials from actively participating in electoral campaigns.</title>
      </item>
      <item>
        <titleType>Display Title</titleType>
        <chamberCode />
        <chamberName />
        <parentTitleType />
        <title>Federal Election Integrity Act of 2017</title>
      </item>
      <item>
        <titleType>(Extracted from GPO) Short Titles as Introduced</titleType>
        <chamberCode />
        <chamberName />
        <parentTitleType />
        <title>Federal Election Integrity Act of 2017</title>
      </item>
    </titles>
    <policyArea>
      <name>Government Operations and Politics</name>
    </policyArea>
    <amendments />
    <billNumber>944</billNumber>
    <version>1.0.0</version>
    <congress>115</congress>
    <calendarNumbers />
    <createDate>2017-02-08T04:46:00Z</createDate>
    <updateDate>2018-03-30T14:01:58Z</updateDate>
    <latestAction>
      <actionDate>2017-02-07</actionDate>
      <links />
      <text>Referred to the House Committee on House Administration.</text>
    </latestAction>
    <laws />
    <sponsors>
      <item>
        <fullName>Rep. Davis, Susan A. [D-CA-53]</fullName>
        <bioguideId>D000598</bioguideId>
        <lastName>DAVIS</lastName>
        <byRequestType />
        <firstName>SUSAN</firstName>
        <district>53</district>
        <state>CA</state>
        <middleName>A.</middleName>
        <party>D</party>
        <identifiers>
          <lisID>1641</lisID>
          <gpoId>7858</gpoId>
          <bioguideId>D000598</bioguideId>
        </identifiers>
      </item>
    </sponsors>
    <originChamber>House</originChamber>
    <constitutionalAuthorityStatementText><![CDATA[<pre>From the Congressional Record Online through the Government Publishing Office [<a href='http://www.gpo.gov'>www.gpo.gov</a>]By Mrs. DAVIS of California:H.R. 944.Congress has the power to enact this legislation pursuantto the following:Article I, section 4:``The Times, Places and Manner of holding Elections forSenators and Representatives, shall be perscribed in eachState by the Legislature thereof; but the Congress may at anytime by Law make or alter such Regulations . . .''[Page H1085]</pre>]]></constitutionalAuthorityStatementText>
    <cosponsors />
    <billType>HR</billType>
    <notes />
    <summaries>
      <billSummaries>
        <item>
          <actionDesc>Introduced in House</actionDesc>
          <name>Introduced in House</name>
          <versionCode>00</versionCode>
          <actionDate>2017-02-07</actionDate>
          <text><![CDATA[<p><b>Federal Election Integrity Act of 2017</b></p> <p>This bill amends the Federal Election Campaign Act of 1971 to make it unlawful for a chief state election administration official to take active part in political management or in a political campaign with respect to any election for federal office over which the official has supervisory authority.</p> <p> This prohibition does not apply to a chief state election administration official regarding a campaign in which the official or an immediate family member is a candidate.</p>]]></text>
          <lastSummaryUpdateDate>2017-10-23T21:15:03Z</lastSummaryUpdateDate>
          <updateDate>2017-02-07T05:00:00Z</updateDate>
        </item>
      </billSummaries>
    </summaries>
    <relatedBills>
      <item>
        <congress>115</congress>
        <number>1437</number>
        <relationshipDetails>
          <item>
            <type>Related bill</type>
            <identifiedBy>CRS</identifiedBy>
          </item>
        </relationshipDetails>
        <latestAction>
          <actionDate>2017-06-26</actionDate>
          <text>Read twice and referred to the Committee on Rules and Administration.</text>
        </latestAction>
        <type>S</type>
        <latestTitle>Voter Empowerment Act of 2017</latestTitle>
      </item>
      <item>
        <congress>115</congress>
        <number>12</number>
        <relationshipDetails>
          <item>
            <type>Related bill</type>
            <identifiedBy>CRS</identifiedBy>
          </item>
        </relationshipDetails>
        <latestAction>
          <actionDate>2017-07-14</actionDate>
          <text>Referred to the Subcommittee on the Constitution and Civil Justice.</text>
        </latestAction>
        <type>HR</type>
        <latestTitle>Voter Empowerment Act of 2017</latestTitle>
      </item>
    </relatedBills>
    <committees>
      <billCommittees>
        <item>
          <activities>
            <item>
              <date>2017-02-07T15:11:40Z</date>
              <name>Referred to</name>
            </item>
          </activities>
          <systemCode>hsha00</systemCode>
          <chamber>House</chamber>
          <type>Standing</type>
          <name>House Administration Committee</name>
          <subcommittees />
        </item>
      </billCommittees>
    </committees>
    <cboCostEstimates />
    <subjects>
      <billSubjects>
        <policyArea>
          <name>Government Operations and Politics</name>
        </policyArea>
        <legislativeSubjects>
          <item>
            <name>Congressional elections</name>
          </item>
          <item>
            <name>Elections, voting, political campaign regulation</name>
          </item>
          <item>
            <name>Family relationships</name>
          </item>
          <item>
            <name>Government ethics and transparency, public corruption</name>
          </item>
          <item>
            <name>State and local government operations</name>
          </item>
        </legislativeSubjects>
      </billSubjects>
    </subjects>
    <committeeReports />
    <title>Federal Election Integrity Act of 2017</title>
    <recordedVotes />
    <actions>
      <actionByCounts>
        <houseOfRepresentatives>3</houseOfRepresentatives>
      </actionByCounts>
      <item>
        <actionCode>H11100</actionCode>
        <committee>
          <name>House Administration Committee</name>
          <systemCode>hsha00</systemCode>
        </committee>
        <sourceSystem>
          <name>House floor actions</name>
          <code>2</code>
        </sourceSystem>
        <type>IntroReferral</type>
        <text>Referred to the House Committee on House Administration.</text>
        <actionDate>2017-02-07</actionDate>
        <links />
      </item>
      <item>
        <actionCode>Intro-H</actionCode>
        <committee />
        <sourceSystem>
          <name>Library of Congress</name>
          <code>9</code>
        </sourceSystem>
        <type>IntroReferral</type>
        <text>Introduced in House</text>
        <actionDate>2017-02-07</actionDate>
        <links />
      </item>
      <item>
        <actionCode>1000</actionCode>
        <committee />
        <sourceSystem>
          <name>Library of Congress</name>
          <code>9</code>
        </sourceSystem>
        <type>IntroReferral</type>
        <text>Introduced in House</text>
        <actionDate>2017-02-07</actionDate>
        <links />
      </item>
      <actionTypeCounts>
        <billReferrals>1</billReferrals>
        <introducedInHouse>1</introducedInHouse>
        <introducedInTheHouse>1</introducedInTheHouse>
      </actionTypeCounts>
    </actions>
    <introducedDate>2017-02-07</introducedDate>
  </bill>
  <dublinCore xmlns:dc="http://purl.org/dc/elements/1.1/">
    <dc:format>text/xml</dc:format>
    <dc:language>EN</dc:language>
    <dc:rights>Pursuant to Title 17 Section 105 of the United States Code, this file is not subject to copyright protection and is in the public domain.</dc:rights>
    <dc:contributor>Congressional Research Service, Library of Congress</dc:contributor>
    <dc:description>This file contains bill summaries and statuses for federal legislation. A bill summary describes the most significant provisions of a piece of legislation and details the effects the legislative text may have on current law and federal programs. Bill summaries are authored by the Congressional Research Service (CRS) of the Library of Congress. As stated in Public Law 91-510 (2 USC 166 (d)(6)), one of the duties of CRS is "to prepare summaries and digests of bills and resolutions of a public general nature introduced in the Senate or House of Representatives". For more information, refer to the User Guide that accompanies this file.</dc:description>
  </dublinCore>
</billStatus>

