<?xml version="1.0" encoding="UTF-8"?>
<billStatus>
  <bill>
    <introducedDate>2017-02-09</introducedDate>
    <billType>HR</billType>
    <summaries>
      <billSummaries>
        <item>
          <versionCode>00</versionCode>
          <actionDate>2017-02-09</actionDate>
          <name>Introduced in House</name>
          <text><![CDATA[<p><b>21st Century Respect Act</b></p> <p>This bill requires the Department of Agriculture (USDA) and the Department of the Interior to change the terminology used to describe the racial background or place of origin of people in regulations concerning: (1) USDA programs for financing and insuring loans for properties in rural areas, and (2) the 1974 development plan for Pennsylvania Avenue in Washington, DC.</p>]]></text>
          <actionDesc>Introduced in House</actionDesc>
          <updateDate>2017-02-09T05:00:00Z</updateDate>
          <lastSummaryUpdateDate>2017-04-21T18:52:38Z</lastSummaryUpdateDate>
        </item>
        <item>
          <versionCode>36</versionCode>
          <actionDate>2017-11-28</actionDate>
          <name>Passed House amended</name>
          <text><![CDATA[<p><b>21st Century Respect Act</b></p> <p>(Sec. 2) This bill requires the Department of Agriculture (USDA) and the Department of the Interior to change the terminology used to describe the racial background or place of origin of people in regulations concerning: (1) USDA programs for financing and insuring loans for properties in rural areas, and (2) the 1974 development plan for Pennsylvania Avenue in Washington, DC.</p>]]></text>
          <actionDesc>Passed House amended</actionDesc>
          <updateDate>2017-11-28T14:06:21Z</updateDate>
          <lastSummaryUpdateDate>2017-12-08T16:45:23Z</lastSummaryUpdateDate>
        </item>
      </billSummaries>
    </summaries>
    <cboCostEstimates>
      <item>
        <title>H.R. 995, 21st Century Respect Act</title>
        <pubDate>2017-11-22T16:05:58Z</pubDate>
        <url>https://www.cbo.gov/publication/53347</url>
      </item>
    </cboCostEstimates>
    <policyArea>
      <name>Civil Rights and Liberties, Minority Issues</name>
    </policyArea>
    <calendarNumbers>
      <item>
        <number />
        <calendar>H00104</calendar>
      </item>
    </calendarNumbers>
    <relatedBills />
    <originChamber>House</originChamber>
    <amendments />
    <titles>
      <item>
        <chamberCode>H</chamberCode>
        <parentTitleType>Short Titles House of Representatives</parentTitleType>
        <titleType>Short Titles as Passed House</titleType>
        <title>21st Century Respect Act</title>
        <chamberName>House</chamberName>
      </item>
      <item>
        <chamberCode>H</chamberCode>
        <parentTitleType>Short Titles House of Representatives</parentTitleType>
        <titleType>Short Titles as Reported to House</titleType>
        <title>21st Century Respect Act</title>
        <chamberName>House</chamberName>
      </item>
      <item>
        <chamberCode />
        <parentTitleType />
        <titleType>Short Titles as Introduced</titleType>
        <title>21st Century Respect Act</title>
        <chamberName />
      </item>
      <item>
        <chamberCode>H</chamberCode>
        <parentTitleType>Official Titles House of Representatives</parentTitleType>
        <titleType>Official Titles as Amended by House</titleType>
        <title>To direct the Secretary of Agriculture and the Secretary of the Interior to modernize terms in certain regulations.</title>
        <chamberName>House</chamberName>
      </item>
      <item>
        <chamberCode />
        <parentTitleType />
        <titleType>Official Title as Introduced</titleType>
        <title>To direct the Secretary of Agriculture and the Secretary of the Interior to amend regulations for racial appropriateness.</title>
        <chamberName />
      </item>
      <item>
        <chamberCode />
        <parentTitleType />
        <titleType>Display Title</titleType>
        <title>21st Century Respect Act</title>
        <chamberName />
      </item>
      <item>
        <chamberCode>H</chamberCode>
        <parentTitleType />
        <titleType>(Extracted from GPO) Short Titles as Passed House</titleType>
        <title>21st Century Respect Act</title>
        <chamberName>House</chamberName>
      </item>
      <item>
        <chamberCode>H</chamberCode>
        <parentTitleType />
        <titleType>(Extracted from GPO) Short Titles as Reported to House</titleType>
        <title>21st Century Respect Act</title>
        <chamberName>House</chamberName>
      </item>
      <item>
        <chamberCode />
        <parentTitleType />
        <titleType>(Extracted from GPO) Short Titles as Introduced</titleType>
        <title>21st Century Respect Act</title>
        <chamberName />
      </item>
    </titles>
    <createDate>2017-02-10T04:45:53Z</createDate>
    <constitutionalAuthorityStatementText><![CDATA[<pre>[Congressional Record Volume 163, Number 23 (Thursday, February 9, 2017)]From the Congressional Record Online through the Government Publishing Office [<a href='http://www.gpo.gov'>www.gpo.gov</a>]By Mr. JEFFRIES:H.R. 995.Congress has the power to enact this legislation pursuantto the following:Article I, Section 8 of the U.S. Constitution.[Page H1100]</pre>]]></constitutionalAuthorityStatementText>
    <actions>
      <actionTypeCounts>
        <committeeReportOfABill>1</committeeReportOfABill>
        <hearingsHeld>1</hearingsHeld>
        <committeeDischarged>1</committeeDischarged>
        <passedAgreedToInHouse>1</passedAgreedToInHouse>
        <referredToCommittee>1</referredToCommittee>
        <billReferralsAggregate>1</billReferralsAggregate>
        <actionStageOverride>2</actionStageOverride>
        <considerationByHouse>1</considerationByHouse>
        <motionMadeToSuspendTheRules>1</motionMadeToSuspendTheRules>
        <reportedToHouse>1</reportedToHouse>
        <motionToReconsiderResults>1</motionToReconsiderResults>
        <placeholderTextForH>4</placeholderTextForH>
        <amendingTheTitleOfAnActWithoutObjection>1</amendingTheTitleOfAnActWithoutObjection>
        <billReferrals>2</billReferrals>
        <finalPassageUnderSuspensionOfTheRulesResults>1</finalPassageUnderSuspensionOfTheRulesResults>
        <introducedInHouse>1</introducedInHouse>
        <generalDebate>1</generalDebate>
        <houseCalendarAssignment>1</houseCalendarAssignment>
        <houseCommitteeDischarged>1</houseCommitteeDischarged>
        <introducedInTheHouse>1</introducedInTheHouse>
      </actionTypeCounts>
      <item>
        <actionDate>2018-02-07</actionDate>
        <committee>
          <systemCode>sseg03</systemCode>
          <name>Public Lands, Forests, and Mining Subcommittee</name>
        </committee>
        <links />
        <sourceSystem>
          <code>0</code>
          <name>Senate</name>
        </sourceSystem>
        <text>Committee on Energy and Natural Resources Subcommittee on Public Lands, Forests, and Mining. Hearings held.</text>
        <type>Committee</type>
      </item>
      <item>
        <actionDate>2017-11-29</actionDate>
        <committee>
          <systemCode>sseg00</systemCode>
          <name>Energy and Natural Resources Committee</name>
        </committee>
        <links />
        <sourceSystem>
          <code>0</code>
          <name>Senate</name>
        </sourceSystem>
        <text>Received in the Senate and Read twice and referred to the Committee on Energy and Natural Resources.</text>
        <type>IntroReferral</type>
      </item>
      <item>
        <actionDate>2017-11-28</actionDate>
        <type>Floor</type>
        <links />
        <committee />
        <actionCode>H38800</actionCode>
        <actionTime>17:20:06</actionTime>
        <text>The title of the measure was amended. Agreed to without objection.</text>
        <sourceSystem>
          <code>2</code>
          <name>House floor actions</name>
        </sourceSystem>
      </item>
      <item>
        <actionDate>2017-11-28</actionDate>
        <type>Floor</type>
        <links />
        <committee />
        <actionCode>H38310</actionCode>
        <actionTime>17:20:04</actionTime>
        <text>Motion to reconsider laid on the table Agreed to without objection.</text>
        <sourceSystem>
          <code>2</code>
          <name>House floor actions</name>
        </sourceSystem>
      </item>
      <item>
        <actionDate>2017-11-28</actionDate>
        <type>Floor</type>
        <links>
          <link>
            <url>https://www.congress.gov/congressional-record/volume-163/house-section/page/H9448</url>
            <name>H9448</name>
          </link>
        </links>
        <committee />
        <actionCode>H37300</actionCode>
        <actionTime>17:20:02</actionTime>
        <text>On motion to suspend the rules and pass the bill, as amended Agreed to by voice vote. (text: CR H9448)</text>
        <sourceSystem>
          <code>2</code>
          <name>House floor actions</name>
        </sourceSystem>
      </item>
      <item>
        <actionDate>2017-11-28</actionDate>
        <type>Floor</type>
        <links />
        <committee />
        <actionCode>8000</actionCode>
        <actionTime>17:20:02</actionTime>
        <text>Passed/agreed to in House: On motion to suspend the rules and pass the bill, as amended Agreed to by voice vote.</text>
        <sourceSystem>
          <code>9</code>
          <name>Library of Congress</name>
        </sourceSystem>
      </item>
      <item>
        <actionDate>2017-11-28</actionDate>
        <type>Floor</type>
        <links>
          <link>
            <url>https://www.congress.gov/bill/115th-congress/house-bill/995</url>
            <name>H.R. 995</name>
          </link>
        </links>
        <committee />
        <actionCode>H8D000</actionCode>
        <actionTime>17:04:40</actionTime>
        <text>DEBATE - The House proceeded with forty minutes of debate on H.R. 995.</text>
        <sourceSystem>
          <code>2</code>
          <name>House floor actions</name>
        </sourceSystem>
      </item>
      <item>
        <actionDate>2017-11-28</actionDate>
        <type>Floor</type>
        <links>
          <link>
            <url>https://www.congress.gov/congressional-record/volume-163/house-section/page/H9448-9449</url>
            <name>H9448-9449</name>
          </link>
        </links>
        <committee />
        <actionCode>H30000</actionCode>
        <actionTime>17:04:39</actionTime>
        <text>Considered under suspension of the rules. (consideration: CR H9448-9449)</text>
        <sourceSystem>
          <code>2</code>
          <name>House floor actions</name>
        </sourceSystem>
      </item>
      <item>
        <actionDate>2017-11-28</actionDate>
        <type>Floor</type>
        <links />
        <committee />
        <actionCode>H30300</actionCode>
        <actionTime>17:04:12</actionTime>
        <text>Mr. Tipton moved to suspend the rules and pass the bill, as amended.</text>
        <sourceSystem>
          <code>2</code>
          <name>House floor actions</name>
        </sourceSystem>
      </item>
      <item>
        <actionDate>2017-11-28</actionDate>
        <type>Calendars</type>
        <links />
        <committee />
        <actionCode>H12420</actionCode>
        <text>Placed on the House Calendar, Calendar No. 104.</text>
        <sourceSystem>
          <code>2</code>
          <name>House floor actions</name>
        </sourceSystem>
      </item>
      <item>
        <actionDate>2017-11-28</actionDate>
        <type>Discharge</type>
        <links />
        <committee>
          <systemCode>hsag00</systemCode>
          <name>Agriculture Committee</name>
        </committee>
        <actionCode>H12300</actionCode>
        <text>Committee on Agriculture discharged.</text>
        <sourceSystem>
          <code>2</code>
          <name>House floor actions</name>
        </sourceSystem>
      </item>
      <item>
        <actionDate>2017-11-28</actionDate>
        <type>Committee</type>
        <links />
        <committee>
          <systemCode>hsag00</systemCode>
          <name>Agriculture Committee</name>
        </committee>
        <actionCode>5500</actionCode>
        <text>Committee on Agriculture discharged.</text>
        <sourceSystem>
          <code>9</code>
          <name>Library of Congress</name>
        </sourceSystem>
      </item>
      <item>
        <actionDate>2017-11-28</actionDate>
        <type>Committee</type>
        <links>
          <link>
            <url>https://www.congress.gov/congressional-report/115th-congress/house-report/427</url>
            <name>H. Rept. 115-427</name>
          </link>
        </links>
        <committee>
          <systemCode>hsii00</systemCode>
          <name>Natural Resources Committee</name>
        </committee>
        <actionCode>H12200</actionCode>
        <text>Reported (Amended) by the Committee on Natural Resources. H. Rept. 115-427, Part I.</text>
        <sourceSystem>
          <code>2</code>
          <name>House floor actions</name>
        </sourceSystem>
      </item>
      <item>
        <actionDate>2017-11-28</actionDate>
        <type>Committee</type>
        <links>
          <link>
            <url>https://www.congress.gov/congressional-report/115th-congress/house-report/427</url>
            <name>H. Rept. 115-427</name>
          </link>
        </links>
        <committee>
          <systemCode>hsii00</systemCode>
          <name>Natural Resources Committee</name>
        </committee>
        <actionCode>5000</actionCode>
        <text>Reported (Amended) by the Committee on Natural Resources. H. Rept. 115-427, Part I.</text>
        <sourceSystem>
          <code>9</code>
          <name>Library of Congress</name>
        </sourceSystem>
      </item>
      <item>
        <actionDate>2017-11-08</actionDate>
        <committee>
          <systemCode>hsii00</systemCode>
          <name>Natural Resources Committee</name>
        </committee>
        <links />
        <sourceSystem>
          <code>1</code>
          <name>House committee actions</name>
        </sourceSystem>
        <text>Ordered to be Reported (Amended) by Unanimous Consent.</text>
        <type>Committee</type>
      </item>
      <item>
        <actionDate>2017-11-08</actionDate>
        <committee>
          <systemCode>hsii00</systemCode>
          <name>Natural Resources Committee</name>
        </committee>
        <links />
        <sourceSystem>
          <code>1</code>
          <name>House committee actions</name>
        </sourceSystem>
        <text>Subcommittee on Indian, Insular and Alaska Native Affairs Discharged.</text>
        <type>Committee</type>
      </item>
      <item>
        <actionDate>2017-11-08</actionDate>
        <committee>
          <systemCode>hsii00</systemCode>
          <name>Natural Resources Committee</name>
        </committee>
        <links />
        <sourceSystem>
          <code>1</code>
          <name>House committee actions</name>
        </sourceSystem>
        <text>Committee Consideration and Mark-up Session Held.</text>
        <type>Committee</type>
      </item>
      <item>
        <actionDate>2017-11-07</actionDate>
        <committee>
          <systemCode>hsii00</systemCode>
          <name>Natural Resources Committee</name>
        </committee>
        <links />
        <sourceSystem>
          <code>1</code>
          <name>House committee actions</name>
        </sourceSystem>
        <text>Committee Consideration and Mark-up Session Held.</text>
        <type>Committee</type>
      </item>
      <item>
        <actionDate>2017-02-24</actionDate>
        <committee>
          <systemCode>hsii24</systemCode>
          <name>Indian, Insular and Alaska Native Affairs Subcommittee</name>
        </committee>
        <links />
        <sourceSystem>
          <code>1</code>
          <name>House committee actions</name>
        </sourceSystem>
        <text>Referred to the Subcommittee on Indian, Insular and Alaska Native Affairs.</text>
        <type>Committee</type>
      </item>
      <item>
        <actionDate>2017-02-24</actionDate>
        <committee>
          <systemCode>hsag22</systemCode>
          <name>Commodity Exchanges, Energy, and Credit Subcommittee</name>
        </committee>
        <links />
        <sourceSystem>
          <code>1</code>
          <name>House committee actions</name>
        </sourceSystem>
        <text>Referred to the Subcommittee on Commodity Exchanges, Energy, and Credit.</text>
        <type>Committee</type>
      </item>
      <item>
        <actionDate>2017-02-09</actionDate>
        <type>IntroReferral</type>
        <links />
        <committee>
          <systemCode>hsag00</systemCode>
          <name>Agriculture Committee</name>
        </committee>
        <actionCode>H11100</actionCode>
        <text>Referred to House Agriculture</text>
        <sourceSystem>
          <code>2</code>
          <name>House floor actions</name>
        </sourceSystem>
      </item>
      <item>
        <actionDate>2017-02-09</actionDate>
        <type>IntroReferral</type>
        <links />
        <committee>
          <systemCode>hsii00</systemCode>
          <name>Natural Resources Committee</name>
        </committee>
        <actionCode>H11100</actionCode>
        <text>Referred to House Natural Resources</text>
        <sourceSystem>
          <code>2</code>
          <name>House floor actions</name>
        </sourceSystem>
      </item>
      <item>
        <actionDate>2017-02-09</actionDate>
        <type>IntroReferral</type>
        <links />
        <committee />
        <actionCode>H11100-A</actionCode>
        <text>Referred to the Committee on Natural Resources, and in addition to the Committee on Agriculture, for a period to be subsequently determined by the Speaker, in each case for consideration of such provisions as fall within the jurisdiction of the committee concerned.</text>
        <sourceSystem>
          <code>9</code>
          <name>Library of Congress</name>
        </sourceSystem>
      </item>
      <item>
        <actionDate>2017-02-09</actionDate>
        <type>IntroReferral</type>
        <links />
        <committee />
        <actionCode>Intro-H</actionCode>
        <text>Introduced in House</text>
        <sourceSystem>
          <code>9</code>
          <name>Library of Congress</name>
        </sourceSystem>
      </item>
      <item>
        <actionDate>2017-02-09</actionDate>
        <type>IntroReferral</type>
        <links />
        <committee />
        <actionCode>1000</actionCode>
        <text>Introduced in House</text>
        <sourceSystem>
          <code>9</code>
          <name>Library of Congress</name>
        </sourceSystem>
      </item>
      <actionByCounts>
        <houseOfRepresentatives>23</houseOfRepresentatives>
        <senate>2</senate>
      </actionByCounts>
    </actions>
    <laws />
    <version>1.0.0</version>
    <cosponsors>
      <item>
        <sponsorshipWithdrawnDate />
        <identifiers>
          <bioguideId>C000266</bioguideId>
          <lisID>186</lisID>
          <gpoId>8091</gpoId>
        </identifiers>
        <party>R</party>
        <district>1</district>
        <state>OH</state>
        <sponsorshipDate>2017-02-09</sponsorshipDate>
        <bioguideId>C000266</bioguideId>
        <fullName>Rep. Chabot, Steve [R-OH-1]</fullName>
        <middleName />
        <firstName>STEVE</firstName>
        <isOriginalCosponsor>True</isOriginalCosponsor>
        <lastName>CHABOT</lastName>
      </item>
      <item>
        <sponsorshipWithdrawnDate />
        <identifiers>
          <lisID>2343</lisID>
          <gpoId />
          <bioguideId>F000464</bioguideId>
        </identifiers>
        <party>R</party>
        <district>19</district>
        <state>NY</state>
        <sponsorshipDate>2017-05-24</sponsorshipDate>
        <bioguideId>F000464</bioguideId>
        <fullName>Rep. Faso, John J. [R-NY-19]</fullName>
        <middleName>J.</middleName>
        <firstName>John</firstName>
        <isOriginalCosponsor>False</isOriginalCosponsor>
        <lastName>Faso</lastName>
      </item>
      <item>
        <sponsorshipWithdrawnDate />
        <identifiers>
          <lisID>998</lisID>
          <gpoId>7845</gpoId>
          <bioguideId>R000487</bioguideId>
        </identifiers>
        <party>R</party>
        <district>39</district>
        <state>CA</state>
        <sponsorshipDate>2017-06-26</sponsorshipDate>
        <bioguideId>R000487</bioguideId>
        <fullName>Rep. Royce, Edward R. [R-CA-39]</fullName>
        <middleName />
        <firstName>ED</firstName>
        <isOriginalCosponsor>False</isOriginalCosponsor>
        <lastName>ROYCE</lastName>
      </item>
      <item>
        <sponsorshipWithdrawnDate />
        <identifiers>
          <lisID>2337</lisID>
          <gpoId />
          <bioguideId>B001298</bioguideId>
        </identifiers>
        <party>R</party>
        <district>2</district>
        <state>NE</state>
        <sponsorshipDate>2017-08-01</sponsorshipDate>
        <bioguideId>B001298</bioguideId>
        <fullName>Rep. Bacon, Don [R-NE-2]</fullName>
        <middleName />
        <firstName>Don</firstName>
        <isOriginalCosponsor>False</isOriginalCosponsor>
        <lastName>Bacon</lastName>
      </item>
    </cosponsors>
    <billNumber>995</billNumber>
    <committeeReports>
      <committeeReport>
        <citation>H. Rept. 115-427</citation>
      </committeeReport>
    </committeeReports>
    <notes />
    <latestAction>
      <actionDate>2018-02-07</actionDate>
      <text>Committee on Energy and Natural Resources Subcommittee on Public Lands, Forests, and Mining. Hearings held.</text>
      <links />
    </latestAction>
    <committees>
      <billCommittees>
        <item>
          <systemCode>sseg00</systemCode>
          <subcommittees>
            <item>
              <name>Public Lands, Forests, and Mining Subcommittee</name>
              <systemCode>sseg03</systemCode>
              <activities>
                <item>
                  <date>2018-02-07T15:00:44Z</date>
                  <name>Hearings by</name>
                </item>
              </activities>
            </item>
          </subcommittees>
          <name>Energy and Natural Resources Committee</name>
          <type>Standing</type>
          <chamber>Senate</chamber>
          <activities>
            <item>
              <date>2017-11-29T18:39:34Z</date>
              <name>Referred to</name>
            </item>
          </activities>
        </item>
        <item>
          <systemCode>hsag00</systemCode>
          <subcommittees>
            <item>
              <name>Commodity Exchanges, Energy, and Credit Subcommittee</name>
              <systemCode>hsag22</systemCode>
              <activities>
                <item>
                  <date>2017-02-24T16:36:48Z</date>
                  <name>Referred to</name>
                </item>
              </activities>
            </item>
          </subcommittees>
          <name>Agriculture Committee</name>
          <type>Standing</type>
          <chamber>House</chamber>
          <activities>
            <item>
              <date>2017-11-28T19:19:57Z</date>
              <name>Discharged from</name>
            </item>
            <item>
              <date>2017-02-09T19:32:00Z</date>
              <name>Referred to</name>
            </item>
          </activities>
        </item>
        <item>
          <systemCode>hsii00</systemCode>
          <subcommittees>
            <item>
              <name>Indian, Insular and Alaska Native Affairs Subcommittee</name>
              <systemCode>hsii24</systemCode>
              <activities>
                <item>
                  <date>2017-11-08T19:22:11Z</date>
                  <name>Discharged from</name>
                </item>
                <item>
                  <date>2017-02-24T21:16:10Z</date>
                  <name>Referred to</name>
                </item>
              </activities>
            </item>
          </subcommittees>
          <name>Natural Resources Committee</name>
          <type>Standing</type>
          <chamber>House</chamber>
          <activities>
            <item>
              <date>2017-11-28T19:18:09Z</date>
              <name>Reported by</name>
            </item>
            <item>
              <date>2017-11-08T18:56:05Z</date>
              <name>Markup by</name>
            </item>
            <item>
              <date>2017-02-09T19:31:50Z</date>
              <name>Referred to</name>
            </item>
          </activities>
        </item>
      </billCommittees>
    </committees>
    <updateDate>2018-03-30T14:02:13Z</updateDate>
    <title>21st Century Respect Act</title>
    <sponsors>
      <item>
        <fullName>Rep. Jeffries, Hakeem S. [D-NY-8]</fullName>
        <state>NY</state>
        <lastName>Jeffries</lastName>
        <bioguideId>J000294</bioguideId>
        <district>8</district>
        <middleName>S.</middleName>
        <byRequestType />
        <party>D</party>
        <identifiers>
          <lisID>2149</lisID>
          <gpoId />
          <bioguideId>J000294</bioguideId>
        </identifiers>
        <firstName>Hakeem</firstName>
      </item>
    </sponsors>
    <congress>115</congress>
    <recordedVotes />
    <subjects>
      <billSubjects>
        <policyArea>
          <name>Civil Rights and Liberties, Minority Issues</name>
        </policyArea>
        <legislativeSubjects>
          <item>
            <name>Administrative law and regulatory procedures</name>
          </item>
          <item>
            <name>Agricultural conservation and pollution</name>
          </item>
          <item>
            <name>Alaska Natives and Hawaiians</name>
          </item>
          <item>
            <name>Department of Agriculture</name>
          </item>
          <item>
            <name>Department of the Interior</name>
          </item>
          <item>
            <name>District of Columbia</name>
          </item>
          <item>
            <name>Economic development</name>
          </item>
          <item>
            <name>Government information and archives</name>
          </item>
          <item>
            <name>Racial and ethnic relations</name>
          </item>
        </legislativeSubjects>
      </billSubjects>
    </subjects>
  </bill>
  <dublinCore xmlns:dc="http://purl.org/dc/elements/1.1/">
    <dc:format>text/xml</dc:format>
    <dc:language>EN</dc:language>
    <dc:rights>Pursuant to Title 17 Section 105 of the United States Code, this file is not subject to copyright protection and is in the public domain.</dc:rights>
    <dc:contributor>Congressional Research Service, Library of Congress</dc:contributor>
    <dc:description>This file contains bill summaries and statuses for federal legislation. A bill summary describes the most significant provisions of a piece of legislation and details the effects the legislative text may have on current law and federal programs. Bill summaries are authored by the Congressional Research Service (CRS) of the Library of Congress. As stated in Public Law 91-510 (2 USC 166 (d)(6)), one of the duties of CRS is "to prepare summaries and digests of bills and resolutions of a public general nature introduced in the Senate or House of Representatives". For more information, refer to the User Guide that accompanies this file.</dc:description>
  </dublinCore>
</billStatus>

