<?xml version="1.0" encoding="UTF-8"?>
<billStatus>
  <bill>
    <summaries>
      <billSummaries>
        <item>
          <text><![CDATA[<p><b>Federal Employee Retroactive Pay Fairness Act</b></p> <p>This bill requires federal employees furloughed due to a lapse in appropriations that begins on or&nbsp;about March 23, 2018, to be compensated at their standard rate of compensation for the period of such lapse as soon as practicable after such lapse ends.</p>]]></text>
          <versionCode>00</versionCode>
          <updateDate>2018-03-22T04:00:00Z</updateDate>
          <actionDesc>Introduced in House</actionDesc>
          <lastSummaryUpdateDate>2018-04-04T14:13:47Z</lastSummaryUpdateDate>
          <name>Introduced in House</name>
          <actionDate>2018-03-22</actionDate>
        </item>
      </billSummaries>
    </summaries>
    <relatedBills>
      <item>
        <congress>115</congress>
        <number>4694</number>
        <latestTitle>Federal Employee Retroactive Pay Fairness Act</latestTitle>
        <type>HR</type>
        <relationshipDetails>
          <item>
            <type>Related bill</type>
            <identifiedBy>CRS</identifiedBy>
          </item>
        </relationshipDetails>
        <latestAction>
          <text>Referred to the House Committee on Oversight and Government Reform.</text>
          <actionDate>2017-12-20</actionDate>
        </latestAction>
      </item>
      <item>
        <congress>115</congress>
        <number>4827</number>
        <latestTitle>Federal Employee Retroactive Pay Fairness Act</latestTitle>
        <type>HR</type>
        <relationshipDetails>
          <item>
            <type>Related bill</type>
            <identifiedBy>CRS</identifiedBy>
          </item>
        </relationshipDetails>
        <latestAction>
          <text>Referred to the House Committee on Oversight and Government Reform.</text>
          <actionDate>2018-01-18</actionDate>
        </latestAction>
      </item>
      <item>
        <congress>115</congress>
        <number>4961</number>
        <latestTitle>Federal Employee Retroactive Pay Fairness Act</latestTitle>
        <type>HR</type>
        <relationshipDetails>
          <item>
            <type>Related bill</type>
            <identifiedBy>CRS</identifiedBy>
          </item>
        </relationshipDetails>
        <latestAction>
          <text>Referred to the House Committee on Oversight and Government Reform.</text>
          <actionDate>2018-02-07</actionDate>
        </latestAction>
      </item>
    </relatedBills>
    <sponsors>
      <item>
        <party>D</party>
        <bioguideId>B001292</bioguideId>
        <firstName>Donald</firstName>
        <state>VA</state>
        <district>8</district>
        <byRequestType />
        <lastName>Beyer</lastName>
        <fullName>Rep. Beyer, Donald S., Jr. [D-VA-8]</fullName>
        <middleName>S.</middleName>
        <identifiers>
          <lisID>2272</lisID>
          <bioguideId>B001292</bioguideId>
          <gpoId />
        </identifiers>
      </item>
    </sponsors>
    <billNumber>5391</billNumber>
    <introducedDate>2018-03-22</introducedDate>
    <policyArea>
      <name>Government Operations and Politics</name>
    </policyArea>
    <committees>
      <billCommittees>
        <item>
          <name>Oversight and Government Reform Committee</name>
          <type>Standing</type>
          <activities>
            <item>
              <date>2018-03-22T13:00:35Z</date>
              <name>Referred to</name>
            </item>
          </activities>
          <subcommittees />
          <chamber>House</chamber>
          <systemCode>hsgo00</systemCode>
        </item>
      </billCommittees>
    </committees>
    <laws />
    <notes />
    <title>Federal Employee Retroactive Pay Fairness Act</title>
    <cboCostEstimates />
    <titles>
      <item>
        <titleType>Short Titles as Introduced</titleType>
        <parentTitleType />
        <chamberName />
        <title>Federal Employee Retroactive Pay Fairness Act</title>
        <chamberCode />
      </item>
      <item>
        <titleType>Official Title as Introduced</titleType>
        <parentTitleType />
        <chamberName />
        <title>To provide for the compensation of Federal employees furloughed during a Government shutdown.</title>
        <chamberCode />
      </item>
      <item>
        <titleType>Display Title</titleType>
        <parentTitleType />
        <chamberName />
        <title>Federal Employee Retroactive Pay Fairness Act</title>
        <chamberCode />
      </item>
      <item>
        <titleType>(Extracted from GPO) Short Titles as Introduced</titleType>
        <parentTitleType />
        <chamberName />
        <title>Federal Employee Retroactive Pay Fairness Act</title>
        <chamberCode />
      </item>
    </titles>
    <cosponsors>
      <item>
        <party>R</party>
        <sponsorshipWithdrawnDate />
        <firstName>Robert</firstName>
        <district>1</district>
        <lastName>Wittman</lastName>
        <fullName>Rep. Wittman, Robert J. [R-VA-1]</fullName>
        <bioguideId>W000804</bioguideId>
        <identifiers>
          <lisID>1886</lisID>
          <gpoId>8192</gpoId>
          <bioguideId>W000804</bioguideId>
        </identifiers>
        <sponsorshipDate>2018-03-22</sponsorshipDate>
        <state>VA</state>
        <isOriginalCosponsor>True</isOriginalCosponsor>
        <middleName>J.</middleName>
      </item>
      <item>
        <party>D</party>
        <sponsorshipWithdrawnDate />
        <firstName>John</firstName>
        <district>3</district>
        <lastName>Garamendi</lastName>
        <fullName>Rep. Garamendi, John [D-CA-3]</fullName>
        <bioguideId>G000559</bioguideId>
        <identifiers>
          <lisID>1973</lisID>
          <gpoId>7815</gpoId>
          <bioguideId>G000559</bioguideId>
        </identifiers>
        <sponsorshipDate>2018-03-22</sponsorshipDate>
        <state>CA</state>
        <isOriginalCosponsor>True</isOriginalCosponsor>
        <middleName />
      </item>
      <item>
        <party>D</party>
        <sponsorshipWithdrawnDate />
        <firstName>JOSE</firstName>
        <district>15</district>
        <lastName>SERRANO</lastName>
        <fullName>Rep. Serrano, Jose E. [D-NY-15]</fullName>
        <bioguideId>S000248</bioguideId>
        <identifiers>
          <lisID>1042</lisID>
          <gpoId>8077</gpoId>
          <bioguideId>S000248</bioguideId>
        </identifiers>
        <sponsorshipDate>2018-03-22</sponsorshipDate>
        <state>NY</state>
        <isOriginalCosponsor>True</isOriginalCosponsor>
        <middleName>E.</middleName>
      </item>
      <item>
        <party>D</party>
        <sponsorshipWithdrawnDate />
        <firstName>Mark</firstName>
        <district>11</district>
        <lastName>DeSaulnier</lastName>
        <fullName>Rep. DeSaulnier, Mark [D-CA-11]</fullName>
        <bioguideId>D000623</bioguideId>
        <identifiers>
          <bioguideId>D000623</bioguideId>
          <lisID>2227</lisID>
          <gpoId />
        </identifiers>
        <sponsorshipDate>2018-03-22</sponsorshipDate>
        <state>CA</state>
        <isOriginalCosponsor>True</isOriginalCosponsor>
        <middleName />
      </item>
      <item>
        <party>D</party>
        <sponsorshipWithdrawnDate />
        <firstName>Mark</firstName>
        <district>2</district>
        <lastName>Pocan</lastName>
        <fullName>Rep. Pocan, Mark [D-WI-2]</fullName>
        <bioguideId>P000607</bioguideId>
        <identifiers>
          <gpoId />
          <lisID>2171</lisID>
          <bioguideId>P000607</bioguideId>
        </identifiers>
        <sponsorshipDate>2018-03-22</sponsorshipDate>
        <state>WI</state>
        <isOriginalCosponsor>True</isOriginalCosponsor>
        <middleName />
      </item>
      <item>
        <party>D</party>
        <sponsorshipWithdrawnDate />
        <firstName>ROBERT</firstName>
        <district>1</district>
        <lastName>BRADY</lastName>
        <fullName>Rep. Brady, Robert A. [D-PA-1]</fullName>
        <bioguideId>B001227</bioguideId>
        <identifiers>
          <bioguideId>B001227</bioguideId>
          <gpoId>8119</gpoId>
          <lisID>1469</lisID>
        </identifiers>
        <sponsorshipDate>2018-03-22</sponsorshipDate>
        <state>PA</state>
        <isOriginalCosponsor>True</isOriginalCosponsor>
        <middleName>A.</middleName>
      </item>
      <item>
        <party>D</party>
        <sponsorshipWithdrawnDate />
        <firstName>ELEANOR</firstName>
        <district>0</district>
        <lastName>NORTON</lastName>
        <fullName>Rep. Norton, Eleanor Holmes [D-DC-At Large]</fullName>
        <bioguideId>N000147</bioguideId>
        <identifiers>
          <bioguideId>N000147</bioguideId>
          <gpoId>7871</gpoId>
          <lisID>868</lisID>
        </identifiers>
        <sponsorshipDate>2018-03-22</sponsorshipDate>
        <state>DC</state>
        <isOriginalCosponsor>True</isOriginalCosponsor>
        <middleName>HOLMES</middleName>
      </item>
      <item>
        <party>R</party>
        <sponsorshipWithdrawnDate />
        <firstName>Barbara</firstName>
        <district>10</district>
        <lastName>Comstock</lastName>
        <fullName>Rep. Comstock, Barbara [R-VA-10]</fullName>
        <bioguideId>C001105</bioguideId>
        <identifiers>
          <lisID>2273</lisID>
          <gpoId />
          <bioguideId>C001105</bioguideId>
        </identifiers>
        <sponsorshipDate>2018-03-22</sponsorshipDate>
        <state>VA</state>
        <isOriginalCosponsor>True</isOriginalCosponsor>
        <middleName />
      </item>
      <item>
        <party>D</party>
        <sponsorshipWithdrawnDate />
        <firstName>Derek</firstName>
        <district>6</district>
        <lastName>Kilmer</lastName>
        <fullName>Rep. Kilmer, Derek [D-WA-6]</fullName>
        <bioguideId>K000381</bioguideId>
        <identifiers>
          <gpoId />
          <lisID>2169</lisID>
          <bioguideId>K000381</bioguideId>
        </identifiers>
        <sponsorshipDate>2018-03-22</sponsorshipDate>
        <state>WA</state>
        <isOriginalCosponsor>True</isOriginalCosponsor>
        <middleName />
      </item>
      <item>
        <party>D</party>
        <sponsorshipWithdrawnDate />
        <firstName>Nanette</firstName>
        <district>44</district>
        <lastName>Barragan</lastName>
        <fullName>Rep. Barragan, Nanette Diaz [D-CA-44]</fullName>
        <bioguideId>B001300</bioguideId>
        <identifiers>
          <bioguideId>B001300</bioguideId>
          <gpoId />
          <lisID>2311</lisID>
        </identifiers>
        <sponsorshipDate>2018-03-22</sponsorshipDate>
        <state>CA</state>
        <isOriginalCosponsor>True</isOriginalCosponsor>
        <middleName>Diaz</middleName>
      </item>
      <item>
        <party>D</party>
        <sponsorshipWithdrawnDate />
        <firstName>Ed</firstName>
        <district>7</district>
        <lastName>Perlmutter</lastName>
        <fullName>Rep. Perlmutter, Ed [D-CO-7]</fullName>
        <bioguideId>P000593</bioguideId>
        <identifiers>
          <lisID>1835</lisID>
          <gpoId>7865</gpoId>
          <bioguideId>P000593</bioguideId>
        </identifiers>
        <sponsorshipDate>2018-03-22</sponsorshipDate>
        <state>CO</state>
        <isOriginalCosponsor>True</isOriginalCosponsor>
        <middleName />
      </item>
      <item>
        <party>D</party>
        <sponsorshipWithdrawnDate />
        <firstName>Carol</firstName>
        <district>1</district>
        <lastName>Shea-Porter</lastName>
        <fullName>Rep. Shea-Porter, Carol [D-NH-1]</fullName>
        <bioguideId>S001170</bioguideId>
        <identifiers>
          <lisID>1861</lisID>
          <gpoId>7528</gpoId>
          <bioguideId>S001170</bioguideId>
        </identifiers>
        <sponsorshipDate>2018-03-22</sponsorshipDate>
        <state>NH</state>
        <isOriginalCosponsor>True</isOriginalCosponsor>
        <middleName />
      </item>
      <item>
        <party>D</party>
        <sponsorshipWithdrawnDate />
        <firstName>Gerald</firstName>
        <district>11</district>
        <lastName>Connolly</lastName>
        <fullName>Rep. Connolly, Gerald E. [D-VA-11]</fullName>
        <bioguideId>C001078</bioguideId>
        <identifiers>
          <lisID>1959</lisID>
          <gpoId>8202</gpoId>
          <bioguideId>C001078</bioguideId>
        </identifiers>
        <sponsorshipDate>2018-03-22</sponsorshipDate>
        <state>VA</state>
        <isOriginalCosponsor>True</isOriginalCosponsor>
        <middleName>E.</middleName>
      </item>
      <item>
        <party>D</party>
        <sponsorshipWithdrawnDate />
        <firstName>David</firstName>
        <district>1</district>
        <lastName>Cicilline</lastName>
        <fullName>Rep. Cicilline, David N. [D-RI-1]</fullName>
        <bioguideId>C001084</bioguideId>
        <identifiers>
          <bioguideId>C001084</bioguideId>
          <lisID>2055</lisID>
          <gpoId>8139</gpoId>
        </identifiers>
        <sponsorshipDate>2018-03-22</sponsorshipDate>
        <state>RI</state>
        <isOriginalCosponsor>True</isOriginalCosponsor>
        <middleName>N.</middleName>
      </item>
      <item>
        <party>D</party>
        <sponsorshipWithdrawnDate />
        <firstName>Katherine</firstName>
        <district>5</district>
        <lastName>Clark</lastName>
        <fullName>Rep. Clark, Katherine M. [D-MA-5]</fullName>
        <bioguideId>C001101</bioguideId>
        <identifiers>
          <bioguideId>C001101</bioguideId>
          <gpoId />
          <lisID>2196</lisID>
        </identifiers>
        <sponsorshipDate>2018-03-22</sponsorshipDate>
        <state>MA</state>
        <isOriginalCosponsor>True</isOriginalCosponsor>
        <middleName>M.</middleName>
      </item>
      <item>
        <party>D</party>
        <sponsorshipWithdrawnDate />
        <firstName>ELIJAH</firstName>
        <district>7</district>
        <lastName>CUMMINGS</lastName>
        <fullName>Rep. Cummings, Elijah E. [D-MD-7]</fullName>
        <bioguideId>C000984</bioguideId>
        <identifiers>
          <gpoId>7982</gpoId>
          <lisID>256</lisID>
          <bioguideId>C000984</bioguideId>
        </identifiers>
        <sponsorshipDate>2018-03-22</sponsorshipDate>
        <state>MD</state>
        <isOriginalCosponsor>True</isOriginalCosponsor>
        <middleName>E.</middleName>
      </item>
      <item>
        <party>D</party>
        <sponsorshipWithdrawnDate />
        <firstName>Robert</firstName>
        <district>3</district>
        <lastName>Scott</lastName>
        <fullName>Rep. Scott, Robert C. "Bobby" [D-VA-3]</fullName>
        <bioguideId>S000185</bioguideId>
        <identifiers>
          <bioguideId>S000185</bioguideId>
          <gpoId>8194</gpoId>
          <lisID>1037</lisID>
        </identifiers>
        <sponsorshipDate>2018-03-22</sponsorshipDate>
        <state>VA</state>
        <isOriginalCosponsor>True</isOriginalCosponsor>
        <middleName>C. "Bobby"</middleName>
      </item>
      <item>
        <party>D</party>
        <sponsorshipWithdrawnDate />
        <firstName>Grace</firstName>
        <district>6</district>
        <lastName>Meng</lastName>
        <fullName>Rep. Meng, Grace [D-NY-6]</fullName>
        <bioguideId>M001188</bioguideId>
        <identifiers>
          <lisID>2148</lisID>
          <bioguideId>M001188</bioguideId>
          <gpoId />
        </identifiers>
        <sponsorshipDate>2018-03-22</sponsorshipDate>
        <state>NY</state>
        <isOriginalCosponsor>True</isOriginalCosponsor>
        <middleName />
      </item>
      <item>
        <party>D</party>
        <sponsorshipWithdrawnDate />
        <firstName>Alan</firstName>
        <district>47</district>
        <lastName>Lowenthal</lastName>
        <fullName>Rep. Lowenthal, Alan S. [D-CA-47]</fullName>
        <bioguideId>L000579</bioguideId>
        <identifiers>
          <bioguideId>L000579</bioguideId>
          <gpoId />
          <lisID>2111</lisID>
        </identifiers>
        <sponsorshipDate>2018-03-22</sponsorshipDate>
        <state>CA</state>
        <isOriginalCosponsor>True</isOriginalCosponsor>
        <middleName>S.</middleName>
      </item>
      <item>
        <party>D</party>
        <sponsorshipWithdrawnDate />
        <firstName>Chellie</firstName>
        <district>1</district>
        <lastName>Pingree</lastName>
        <fullName>Rep. Pingree, Chellie [D-ME-1]</fullName>
        <bioguideId>P000597</bioguideId>
        <identifiers>
          <lisID>1927</lisID>
          <gpoId>7984</gpoId>
          <bioguideId>P000597</bioguideId>
        </identifiers>
        <sponsorshipDate>2018-03-22</sponsorshipDate>
        <state>ME</state>
        <isOriginalCosponsor>True</isOriginalCosponsor>
        <middleName />
      </item>
      <item>
        <party>D</party>
        <sponsorshipWithdrawnDate />
        <firstName>Mark</firstName>
        <district>41</district>
        <lastName>Takano</lastName>
        <fullName>Rep. Takano, Mark [D-CA-41]</fullName>
        <bioguideId>T000472</bioguideId>
        <identifiers>
          <bioguideId>T000472</bioguideId>
          <lisID>2110</lisID>
          <gpoId />
        </identifiers>
        <sponsorshipDate>2018-03-22</sponsorshipDate>
        <state>CA</state>
        <isOriginalCosponsor>True</isOriginalCosponsor>
        <middleName />
      </item>
      <item>
        <party>D</party>
        <sponsorshipWithdrawnDate />
        <firstName>Anthony</firstName>
        <district>4</district>
        <lastName>Brown</lastName>
        <fullName>Rep. Brown, Anthony G. [D-MD-4]</fullName>
        <bioguideId>B001304</bioguideId>
        <identifiers>
          <bioguideId>B001304</bioguideId>
          <gpoId />
          <lisID>2331</lisID>
        </identifiers>
        <sponsorshipDate>2018-03-22</sponsorshipDate>
        <state>MD</state>
        <isOriginalCosponsor>True</isOriginalCosponsor>
        <middleName>G.</middleName>
      </item>
      <item>
        <party>D</party>
        <sponsorshipWithdrawnDate />
        <firstName>STENY</firstName>
        <district>5</district>
        <lastName>HOYER</lastName>
        <fullName>Rep. Hoyer, Steny H. [D-MD-5]</fullName>
        <bioguideId>H000874</bioguideId>
        <identifiers>
          <lisID>566</lisID>
          <bioguideId>H000874</bioguideId>
          <gpoId>7980</gpoId>
        </identifiers>
        <sponsorshipDate>2018-03-22</sponsorshipDate>
        <state>MD</state>
        <isOriginalCosponsor>True</isOriginalCosponsor>
        <middleName>H.</middleName>
      </item>
      <item>
        <party>D</party>
        <sponsorshipWithdrawnDate />
        <firstName>Jamie</firstName>
        <district>8</district>
        <lastName>Raskin</lastName>
        <fullName>Rep. Raskin, Jamie [D-MD-8]</fullName>
        <bioguideId>R000606</bioguideId>
        <identifiers>
          <bioguideId>R000606</bioguideId>
          <gpoId />
          <lisID>2332</lisID>
        </identifiers>
        <sponsorshipDate>2018-03-22</sponsorshipDate>
        <state>MD</state>
        <isOriginalCosponsor>True</isOriginalCosponsor>
        <middleName />
      </item>
      <item>
        <party>D</party>
        <sponsorshipWithdrawnDate />
        <firstName>John</firstName>
        <district>6</district>
        <lastName>Delaney</lastName>
        <fullName>Rep. Delaney, John K. [D-MD-6]</fullName>
        <bioguideId>D000620</bioguideId>
        <identifiers>
          <lisID>2133</lisID>
          <gpoId />
          <bioguideId>D000620</bioguideId>
        </identifiers>
        <sponsorshipDate>2018-03-22</sponsorshipDate>
        <state>MD</state>
        <isOriginalCosponsor>True</isOriginalCosponsor>
        <middleName>K.</middleName>
      </item>
      <item>
        <party>D</party>
        <sponsorshipWithdrawnDate />
        <firstName>Stephen</firstName>
        <district>8</district>
        <lastName>Lynch</lastName>
        <fullName>Rep. Lynch, Stephen F. [D-MA-8]</fullName>
        <bioguideId>L000562</bioguideId>
        <identifiers>
          <lisID>1686</lisID>
          <gpoId>7974</gpoId>
          <bioguideId>L000562</bioguideId>
        </identifiers>
        <sponsorshipDate>2018-03-22</sponsorshipDate>
        <state>MA</state>
        <isOriginalCosponsor>True</isOriginalCosponsor>
        <middleName>F.</middleName>
      </item>
      <item>
        <party>D</party>
        <sponsorshipWithdrawnDate />
        <firstName>Juan</firstName>
        <district>51</district>
        <lastName>Vargas</lastName>
        <fullName>Rep. Vargas, Juan [D-CA-51]</fullName>
        <bioguideId>V000130</bioguideId>
        <identifiers>
          <bioguideId>V000130</bioguideId>
          <gpoId />
          <lisID>2112</lisID>
        </identifiers>
        <sponsorshipDate>2018-03-22</sponsorshipDate>
        <state>CA</state>
        <isOriginalCosponsor>True</isOriginalCosponsor>
        <middleName />
      </item>
      <item>
        <party>D</party>
        <sponsorshipWithdrawnDate />
        <firstName>John</firstName>
        <district>3</district>
        <lastName>Sarbanes</lastName>
        <fullName>Rep. Sarbanes, John P. [D-MD-3]</fullName>
        <bioguideId>S001168</bioguideId>
        <identifiers>
          <bioguideId>S001168</bioguideId>
          <gpoId>7978</gpoId>
          <lisID>1854</lisID>
        </identifiers>
        <sponsorshipDate>2018-03-22</sponsorshipDate>
        <state>MD</state>
        <isOriginalCosponsor>True</isOriginalCosponsor>
        <middleName>P.</middleName>
      </item>
      <item>
        <party>D</party>
        <sponsorshipWithdrawnDate />
        <firstName>GREGORY</firstName>
        <district>5</district>
        <lastName>MEEKS</lastName>
        <fullName>Rep. Meeks, Gregory W. [D-NY-5]</fullName>
        <bioguideId>M001137</bioguideId>
        <identifiers>
          <gpoId>8067</gpoId>
          <lisID>1506</lisID>
          <bioguideId>M001137</bioguideId>
        </identifiers>
        <sponsorshipDate>2018-03-22</sponsorshipDate>
        <state>NY</state>
        <isOriginalCosponsor>True</isOriginalCosponsor>
        <middleName>W.</middleName>
      </item>
      <item>
        <party>D</party>
        <sponsorshipWithdrawnDate />
        <firstName>DAVID</firstName>
        <district>4</district>
        <lastName>PRICE</lastName>
        <fullName>Rep. Price, David E. [D-NC-4]</fullName>
        <bioguideId>P000523</bioguideId>
        <identifiers>
          <lisID>930</lisID>
          <gpoId>8027</gpoId>
          <bioguideId>P000523</bioguideId>
        </identifiers>
        <sponsorshipDate>2018-03-22</sponsorshipDate>
        <state>NC</state>
        <isOriginalCosponsor>True</isOriginalCosponsor>
        <middleName>E.</middleName>
      </item>
      <item>
        <party>D</party>
        <sponsorshipWithdrawnDate />
        <firstName>ROSA</firstName>
        <district>3</district>
        <lastName>DELAURO</lastName>
        <fullName>Rep. DeLauro, Rosa L. [D-CT-3]</fullName>
        <bioguideId>D000216</bioguideId>
        <identifiers>
          <lisID>281</lisID>
          <bioguideId>D000216</bioguideId>
          <gpoId>7868</gpoId>
        </identifiers>
        <sponsorshipDate>2018-03-22</sponsorshipDate>
        <state>CT</state>
        <isOriginalCosponsor>True</isOriginalCosponsor>
        <middleName />
      </item>
      <item>
        <party>D</party>
        <sponsorshipWithdrawnDate />
        <firstName>Donald</firstName>
        <district>10</district>
        <lastName>Payne</lastName>
        <fullName>Rep. Payne, Donald M., Jr. [D-NJ-10]</fullName>
        <bioguideId>P000604</bioguideId>
        <identifiers>
          <bioguideId>P000604</bioguideId>
          <lisID>2097</lisID>
          <gpoId>8373</gpoId>
        </identifiers>
        <sponsorshipDate>2018-03-22</sponsorshipDate>
        <state>NJ</state>
        <isOriginalCosponsor>True</isOriginalCosponsor>
        <middleName>M.</middleName>
      </item>
      <item>
        <party>D</party>
        <sponsorshipWithdrawnDate />
        <firstName>Marc</firstName>
        <district>33</district>
        <lastName>Veasey</lastName>
        <fullName>Rep. Veasey, Marc A. [D-TX-33]</fullName>
        <bioguideId>V000131</bioguideId>
        <identifiers>
          <bioguideId>V000131</bioguideId>
          <gpoId />
          <lisID>2166</lisID>
        </identifiers>
        <sponsorshipDate>2018-03-22</sponsorshipDate>
        <state>TX</state>
        <isOriginalCosponsor>True</isOriginalCosponsor>
        <middleName>A.</middleName>
      </item>
      <item>
        <party>D</party>
        <sponsorshipWithdrawnDate />
        <firstName>EARL</firstName>
        <district>3</district>
        <lastName>BLUMENAUER</lastName>
        <fullName>Rep. Blumenauer, Earl [D-OR-3]</fullName>
        <bioguideId>B000574</bioguideId>
        <identifiers>
          <bioguideId>B000574</bioguideId>
          <gpoId>8116</gpoId>
          <lisID>99</lisID>
        </identifiers>
        <sponsorshipDate>2018-03-22</sponsorshipDate>
        <state>OR</state>
        <isOriginalCosponsor>True</isOriginalCosponsor>
        <middleName />
      </item>
      <item>
        <party>D</party>
        <sponsorshipWithdrawnDate />
        <firstName>Ann</firstName>
        <district>2</district>
        <lastName>Kuster</lastName>
        <fullName>Rep. Kuster, Ann M. [D-NH-2]</fullName>
        <bioguideId>K000382</bioguideId>
        <identifiers>
          <lisID>2145</lisID>
          <bioguideId>K000382</bioguideId>
          <gpoId />
        </identifiers>
        <sponsorshipDate>2018-03-22</sponsorshipDate>
        <state>NH</state>
        <isOriginalCosponsor>True</isOriginalCosponsor>
        <middleName>M.</middleName>
      </item>
      <item>
        <party>D</party>
        <sponsorshipWithdrawnDate />
        <firstName>CAROLYN</firstName>
        <district>12</district>
        <lastName>MALONEY</lastName>
        <fullName>Rep. Maloney, Carolyn B. [D-NY-12]</fullName>
        <bioguideId>M000087</bioguideId>
        <identifiers>
          <bioguideId>M000087</bioguideId>
          <lisID>729</lisID>
          <gpoId>8075</gpoId>
        </identifiers>
        <sponsorshipDate>2018-03-22</sponsorshipDate>
        <state>NY</state>
        <isOriginalCosponsor>True</isOriginalCosponsor>
        <middleName>B.</middleName>
      </item>
      <item>
        <party>D</party>
        <sponsorshipWithdrawnDate />
        <firstName>Ben</firstName>
        <district>3</district>
        <lastName>Lujan</lastName>
        <fullName>Rep. Lujan, Ben Ray [D-NM-3]</fullName>
        <bioguideId>L000570</bioguideId>
        <identifiers>
          <lisID>1939</lisID>
          <gpoId>8058</gpoId>
          <bioguideId>L000570</bioguideId>
        </identifiers>
        <sponsorshipDate>2018-03-22</sponsorshipDate>
        <state>NM</state>
        <isOriginalCosponsor>True</isOriginalCosponsor>
        <middleName>Ray</middleName>
      </item>
      <item>
        <party>R</party>
        <sponsorshipWithdrawnDate />
        <firstName>Tom</firstName>
        <district>4</district>
        <lastName>Cole</lastName>
        <fullName>Rep. Cole, Tom [R-OK-4]</fullName>
        <bioguideId>C001053</bioguideId>
        <identifiers>
          <gpoId>8112</gpoId>
          <lisID>1742</lisID>
          <bioguideId>C001053</bioguideId>
        </identifiers>
        <sponsorshipDate>2018-03-22</sponsorshipDate>
        <state>OK</state>
        <isOriginalCosponsor>True</isOriginalCosponsor>
        <middleName />
      </item>
      <item>
        <party>D</party>
        <sponsorshipWithdrawnDate />
        <firstName>Yvette</firstName>
        <district>9</district>
        <lastName>Clarke</lastName>
        <fullName>Rep. Clarke, Yvette D. [D-NY-9]</fullName>
        <bioguideId>C001067</bioguideId>
        <identifiers>
          <bioguideId>C001067</bioguideId>
          <lisID>1864</lisID>
          <gpoId>8072</gpoId>
        </identifiers>
        <sponsorshipDate>2018-03-22</sponsorshipDate>
        <state>NY</state>
        <isOriginalCosponsor>True</isOriginalCosponsor>
        <middleName>D.</middleName>
      </item>
      <item>
        <party>D</party>
        <sponsorshipWithdrawnDate />
        <firstName>JAMES</firstName>
        <district>2</district>
        <lastName>LANGEVIN</lastName>
        <fullName>Rep. Langevin, James R. [D-RI-2]</fullName>
        <bioguideId>L000559</bioguideId>
        <identifiers>
          <lisID>1668</lisID>
          <bioguideId>L000559</bioguideId>
          <gpoId>8140</gpoId>
        </identifiers>
        <sponsorshipDate>2018-03-22</sponsorshipDate>
        <state>RI</state>
        <isOriginalCosponsor>True</isOriginalCosponsor>
        <middleName>R.</middleName>
      </item>
      <item>
        <party>D</party>
        <sponsorshipWithdrawnDate />
        <firstName>Michelle</firstName>
        <district>1</district>
        <lastName>Lujan Grisham</lastName>
        <fullName>Rep. Lujan Grisham, Michelle [D-NM-1]</fullName>
        <bioguideId>L000580</bioguideId>
        <identifiers>
          <lisID>2146</lisID>
          <bioguideId>L000580</bioguideId>
          <gpoId />
        </identifiers>
        <sponsorshipDate>2018-03-22</sponsorshipDate>
        <state>NM</state>
        <isOriginalCosponsor>True</isOriginalCosponsor>
        <middleName />
      </item>
      <item>
        <party>D</party>
        <sponsorshipWithdrawnDate />
        <firstName>NITA</firstName>
        <district>17</district>
        <lastName>LOWEY</lastName>
        <fullName>Rep. Lowey, Nita M. [D-NY-17]</fullName>
        <bioguideId>L000480</bioguideId>
        <identifiers>
          <lisID>709</lisID>
          <gpoId>8079</gpoId>
          <bioguideId>L000480</bioguideId>
        </identifiers>
        <sponsorshipDate>2018-03-22</sponsorshipDate>
        <state>NY</state>
        <isOriginalCosponsor>True</isOriginalCosponsor>
        <middleName>M.</middleName>
      </item>
      <item>
        <party>D</party>
        <sponsorshipWithdrawnDate />
        <firstName>Cheri</firstName>
        <district>17</district>
        <lastName>Bustos</lastName>
        <fullName>Rep. Bustos, Cheri [D-IL-17]</fullName>
        <bioguideId>B001286</bioguideId>
        <identifiers>
          <bioguideId>B001286</bioguideId>
          <lisID>2127</lisID>
          <gpoId />
        </identifiers>
        <sponsorshipDate>2018-03-22</sponsorshipDate>
        <state>IL</state>
        <isOriginalCosponsor>True</isOriginalCosponsor>
        <middleName />
      </item>
      <item>
        <party>D</party>
        <sponsorshipWithdrawnDate />
        <firstName>Gwen</firstName>
        <district>4</district>
        <lastName>Moore</lastName>
        <fullName>Rep. Moore, Gwen [D-WI-4]</fullName>
        <bioguideId>M001160</bioguideId>
        <identifiers>
          <bioguideId>M001160</bioguideId>
          <gpoId>8217</gpoId>
          <lisID>1811</lisID>
        </identifiers>
        <sponsorshipDate>2018-03-22</sponsorshipDate>
        <state>WI</state>
        <isOriginalCosponsor>True</isOriginalCosponsor>
        <middleName />
      </item>
      <item>
        <party>D</party>
        <sponsorshipWithdrawnDate />
        <firstName>Darren</firstName>
        <district>9</district>
        <lastName>Soto</lastName>
        <fullName>Rep. Soto, Darren [D-FL-9]</fullName>
        <bioguideId>S001200</bioguideId>
        <identifiers>
          <lisID>2319</lisID>
          <bioguideId>S001200</bioguideId>
          <gpoId />
        </identifiers>
        <sponsorshipDate>2018-03-22</sponsorshipDate>
        <state>FL</state>
        <isOriginalCosponsor>True</isOriginalCosponsor>
        <middleName />
      </item>
      <item>
        <party>D</party>
        <sponsorshipWithdrawnDate />
        <firstName>BETTY</firstName>
        <district>4</district>
        <lastName>MCCOLLUM</lastName>
        <fullName>Rep. McCollum, Betty [D-MN-4]</fullName>
        <bioguideId>M001143</bioguideId>
        <identifiers>
          <bioguideId>M001143</bioguideId>
          <gpoId>8004</gpoId>
          <lisID>1653</lisID>
        </identifiers>
        <sponsorshipDate>2018-03-22</sponsorshipDate>
        <state>MN</state>
        <isOriginalCosponsor>True</isOriginalCosponsor>
        <middleName />
      </item>
      <item>
        <party>D</party>
        <sponsorshipWithdrawnDate />
        <firstName>WM.</firstName>
        <district>1</district>
        <lastName>CLAY</lastName>
        <fullName>Rep. Clay, Wm. Lacy [D-MO-1]</fullName>
        <bioguideId>C001049</bioguideId>
        <identifiers>
          <bioguideId>C001049</bioguideId>
          <lisID>1654</lisID>
          <gpoId>8009</gpoId>
        </identifiers>
        <sponsorshipDate>2018-03-22</sponsorshipDate>
        <state>MO</state>
        <isOriginalCosponsor>True</isOriginalCosponsor>
        <middleName>LACY</middleName>
      </item>
      <item>
        <party>D</party>
        <sponsorshipWithdrawnDate />
        <firstName>ANNA</firstName>
        <district>18</district>
        <lastName>ESHOO</lastName>
        <fullName>Rep. Eshoo, Anna G. [D-CA-18]</fullName>
        <bioguideId>E000215</bioguideId>
        <identifiers>
          <bioguideId>E000215</bioguideId>
          <gpoId>7819</gpoId>
          <lisID>355</lisID>
        </identifiers>
        <sponsorshipDate>2018-03-22</sponsorshipDate>
        <state>CA</state>
        <isOriginalCosponsor>True</isOriginalCosponsor>
        <middleName>G.</middleName>
      </item>
      <item>
        <party>D</party>
        <sponsorshipWithdrawnDate />
        <firstName>C. A.</firstName>
        <district>2</district>
        <lastName>Ruppersberger</lastName>
        <fullName>Rep. Ruppersberger, C. A. Dutch [D-MD-2]</fullName>
        <bioguideId>R000576</bioguideId>
        <identifiers>
          <lisID>1728</lisID>
          <gpoId>7977</gpoId>
          <bioguideId>R000576</bioguideId>
        </identifiers>
        <sponsorshipDate>2018-03-22</sponsorshipDate>
        <state>MD</state>
        <isOriginalCosponsor>True</isOriginalCosponsor>
        <middleName>Dutch</middleName>
      </item>
      <item>
        <party>D</party>
        <sponsorshipWithdrawnDate />
        <firstName>A.</firstName>
        <district>4</district>
        <lastName>McEachin</lastName>
        <fullName>Rep. McEachin, A. Donald [D-VA-4]</fullName>
        <bioguideId>M001200</bioguideId>
        <identifiers>
          <gpoId />
          <lisID>2352</lisID>
          <bioguideId>M001200</bioguideId>
        </identifiers>
        <sponsorshipDate>2018-03-22</sponsorshipDate>
        <state>VA</state>
        <isOriginalCosponsor>True</isOriginalCosponsor>
        <middleName>Donald</middleName>
      </item>
      <item>
        <party>D</party>
        <sponsorshipWithdrawnDate />
        <firstName>Brendan</firstName>
        <district>13</district>
        <lastName>Boyle</lastName>
        <fullName>Rep. Boyle, Brendan F. [D-PA-13]</fullName>
        <bioguideId>B001296</bioguideId>
        <identifiers>
          <bioguideId>B001296</bioguideId>
          <gpoId />
          <lisID>2267</lisID>
        </identifiers>
        <sponsorshipDate>2018-03-22</sponsorshipDate>
        <state>PA</state>
        <isOriginalCosponsor>True</isOriginalCosponsor>
        <middleName>F.</middleName>
      </item>
      <item>
        <party>D</party>
        <sponsorshipWithdrawnDate />
        <firstName>JAMES</firstName>
        <district>2</district>
        <lastName>MCGOVERN</lastName>
        <fullName>Rep. McGovern, James P. [D-MA-2]</fullName>
        <bioguideId>M000312</bioguideId>
        <identifiers>
          <bioguideId>M000312</bioguideId>
          <gpoId>7968</gpoId>
          <lisID>1504</lisID>
        </identifiers>
        <sponsorshipDate>2018-03-22</sponsorshipDate>
        <state>MA</state>
        <isOriginalCosponsor>True</isOriginalCosponsor>
        <middleName>P.</middleName>
      </item>
      <item>
        <party>D</party>
        <sponsorshipWithdrawnDate />
        <firstName>Bill</firstName>
        <district>11</district>
        <lastName>Foster</lastName>
        <fullName>Rep. Foster, Bill [D-IL-11]</fullName>
        <bioguideId>F000454</bioguideId>
        <identifiers>
          <bioguideId>F000454</bioguideId>
          <gpoId>7355</gpoId>
          <lisID>1888</lisID>
        </identifiers>
        <sponsorshipDate>2018-03-22</sponsorshipDate>
        <state>IL</state>
        <isOriginalCosponsor>True</isOriginalCosponsor>
        <middleName />
      </item>
      <item>
        <party>D</party>
        <sponsorshipWithdrawnDate />
        <firstName>Tom</firstName>
        <district>1</district>
        <lastName>O'Halleran</lastName>
        <fullName>Rep. O'Halleran, Tom [D-AZ-1]</fullName>
        <bioguideId>O000171</bioguideId>
        <identifiers>
          <gpoId />
          <lisID>2306</lisID>
          <bioguideId>O000171</bioguideId>
        </identifiers>
        <sponsorshipDate>2018-03-22</sponsorshipDate>
        <state>AZ</state>
        <isOriginalCosponsor>True</isOriginalCosponsor>
        <middleName />
      </item>
      <item>
        <party>D</party>
        <sponsorshipWithdrawnDate />
        <firstName>Bonnie</firstName>
        <district>12</district>
        <lastName>Watson Coleman</lastName>
        <fullName>Rep. Watson Coleman, Bonnie [D-NJ-12]</fullName>
        <bioguideId>W000822</bioguideId>
        <identifiers>
          <lisID>2259</lisID>
          <bioguideId>W000822</bioguideId>
          <gpoId />
        </identifiers>
        <sponsorshipDate>2018-03-22</sponsorshipDate>
        <state>NJ</state>
        <isOriginalCosponsor>True</isOriginalCosponsor>
        <middleName />
      </item>
      <item>
        <party>D</party>
        <sponsorshipWithdrawnDate />
        <firstName>Joe</firstName>
        <district>2</district>
        <lastName>Courtney</lastName>
        <fullName>Rep. Courtney, Joe [D-CT-2]</fullName>
        <bioguideId>C001069</bioguideId>
        <identifiers>
          <bioguideId>C001069</bioguideId>
          <gpoId>7867</gpoId>
          <lisID>1836</lisID>
        </identifiers>
        <sponsorshipDate>2018-03-22</sponsorshipDate>
        <state>CT</state>
        <isOriginalCosponsor>True</isOriginalCosponsor>
        <middleName />
      </item>
      <item>
        <party>D</party>
        <sponsorshipWithdrawnDate />
        <firstName>BARBARA</firstName>
        <district>13</district>
        <lastName>LEE</lastName>
        <fullName>Rep. Lee, Barbara [D-CA-13]</fullName>
        <bioguideId>L000551</bioguideId>
        <identifiers>
          <bioguideId>L000551</bioguideId>
          <gpoId>7814</gpoId>
          <lisID>1501</lisID>
        </identifiers>
        <sponsorshipDate>2018-03-22</sponsorshipDate>
        <state>CA</state>
        <isOriginalCosponsor>True</isOriginalCosponsor>
        <middleName />
      </item>
      <item>
        <party>D</party>
        <sponsorshipWithdrawnDate />
        <firstName>John</firstName>
        <district>3</district>
        <lastName>Yarmuth</lastName>
        <fullName>Rep. Yarmuth, John A. [D-KY-3]</fullName>
        <bioguideId>Y000062</bioguideId>
        <identifiers>
          <lisID>1853</lisID>
          <gpoId>7955</gpoId>
          <bioguideId>Y000062</bioguideId>
        </identifiers>
        <sponsorshipDate>2018-03-22</sponsorshipDate>
        <state>KY</state>
        <isOriginalCosponsor>True</isOriginalCosponsor>
        <middleName>A.</middleName>
      </item>
      <item>
        <party>D</party>
        <sponsorshipWithdrawnDate />
        <firstName>Peter</firstName>
        <district>0</district>
        <lastName>Welch</lastName>
        <fullName>Rep. Welch, Peter [D-VT-At Large]</fullName>
        <bioguideId>W000800</bioguideId>
        <identifiers>
          <lisID>1879</lisID>
          <bioguideId>W000800</bioguideId>
          <gpoId>8204</gpoId>
        </identifiers>
        <sponsorshipDate>2018-03-22</sponsorshipDate>
        <state>VT</state>
        <isOriginalCosponsor>True</isOriginalCosponsor>
        <middleName />
      </item>
      <item>
        <party>D</party>
        <sponsorshipWithdrawnDate />
        <firstName>JAMES</firstName>
        <district>5</district>
        <lastName>COOPER</lastName>
        <fullName>Rep. Cooper, Jim [D-TN-5]</fullName>
        <bioguideId>C000754</bioguideId>
        <identifiers>
          <bioguideId>C000754</bioguideId>
          <lisID>231</lisID>
          <gpoId>8152</gpoId>
        </identifiers>
        <sponsorshipDate>2018-03-22</sponsorshipDate>
        <state>TN</state>
        <isOriginalCosponsor>True</isOriginalCosponsor>
        <middleName>H.</middleName>
      </item>
      <item>
        <party>D</party>
        <sponsorshipWithdrawnDate />
        <firstName>JOHN</firstName>
        <district>5</district>
        <lastName>LEWIS</lastName>
        <fullName>Rep. Lewis, John [D-GA-5]</fullName>
        <bioguideId>L000287</bioguideId>
        <identifiers>
          <lisID>688</lisID>
          <gpoId>7902</gpoId>
          <bioguideId>L000287</bioguideId>
        </identifiers>
        <sponsorshipDate>2018-03-22</sponsorshipDate>
        <state>GA</state>
        <isOriginalCosponsor>True</isOriginalCosponsor>
        <middleName />
      </item>
      <item>
        <party>D</party>
        <sponsorshipWithdrawnDate />
        <firstName>JANICE</firstName>
        <district>9</district>
        <lastName>SCHAKOWSKY</lastName>
        <fullName>Rep. Schakowsky, Janice D. [D-IL-9]</fullName>
        <bioguideId>S001145</bioguideId>
        <identifiers>
          <bioguideId>S001145</bioguideId>
          <gpoId>7929</gpoId>
          <lisID>1588</lisID>
        </identifiers>
        <sponsorshipDate>2018-03-22</sponsorshipDate>
        <state>IL</state>
        <isOriginalCosponsor>True</isOriginalCosponsor>
        <middleName>D.</middleName>
      </item>
      <item>
        <party>D</party>
        <sponsorshipWithdrawnDate />
        <firstName>Alma</firstName>
        <district>12</district>
        <lastName>Adams</lastName>
        <fullName>Rep. Adams, Alma S. [D-NC-12]</fullName>
        <bioguideId>A000370</bioguideId>
        <identifiers>
          <bioguideId>A000370</bioguideId>
          <gpoId />
          <lisID>2201</lisID>
        </identifiers>
        <sponsorshipDate>2018-03-22</sponsorshipDate>
        <state>NC</state>
        <isOriginalCosponsor>True</isOriginalCosponsor>
        <middleName>S.</middleName>
      </item>
      <item>
        <party>D</party>
        <sponsorshipWithdrawnDate />
        <firstName>Steve</firstName>
        <district>9</district>
        <lastName>Cohen</lastName>
        <fullName>Rep. Cohen, Steve [D-TN-9]</fullName>
        <bioguideId>C001068</bioguideId>
        <identifiers>
          <lisID>1878</lisID>
          <gpoId>8156</gpoId>
          <bioguideId>C001068</bioguideId>
        </identifiers>
        <sponsorshipDate>2018-03-22</sponsorshipDate>
        <state>TN</state>
        <isOriginalCosponsor>True</isOriginalCosponsor>
        <middleName />
      </item>
      <item>
        <party>D</party>
        <sponsorshipWithdrawnDate />
        <firstName>PETER</firstName>
        <district>1</district>
        <lastName>VISCLOSKY</lastName>
        <fullName>Rep. Visclosky, Peter J. [D-IN-1]</fullName>
        <bioguideId>V000108</bioguideId>
        <identifiers>
          <lisID>1188</lisID>
          <bioguideId>V000108</bioguideId>
          <gpoId>7940</gpoId>
        </identifiers>
        <sponsorshipDate>2018-03-22</sponsorshipDate>
        <state>IN</state>
        <isOriginalCosponsor>True</isOriginalCosponsor>
        <middleName>J.</middleName>
      </item>
      <item>
        <party>D</party>
        <sponsorshipWithdrawnDate />
        <firstName>ALCEE</firstName>
        <district>20</district>
        <lastName>HASTINGS</lastName>
        <fullName>Rep. Hastings, Alcee L. [D-FL-20]</fullName>
        <bioguideId>H000324</bioguideId>
        <identifiers>
          <lisID>511</lisID>
          <gpoId>7895</gpoId>
          <bioguideId>H000324</bioguideId>
        </identifiers>
        <sponsorshipDate>2018-03-22</sponsorshipDate>
        <state>FL</state>
        <isOriginalCosponsor>True</isOriginalCosponsor>
        <middleName>L.</middleName>
      </item>
      <item>
        <party>D</party>
        <sponsorshipWithdrawnDate />
        <firstName>TIM</firstName>
        <district>13</district>
        <lastName>RYAN</lastName>
        <fullName>Rep. Ryan, Tim [D-OH-13]</fullName>
        <bioguideId>R000577</bioguideId>
        <identifiers>
          <bioguideId>R000577</bioguideId>
          <gpoId>8107</gpoId>
          <lisID>1756</lisID>
        </identifiers>
        <sponsorshipDate>2018-03-22</sponsorshipDate>
        <state>OH</state>
        <isOriginalCosponsor>True</isOriginalCosponsor>
        <middleName />
      </item>
      <item>
        <party>D</party>
        <sponsorshipWithdrawnDate />
        <firstName>DANNY</firstName>
        <district>7</district>
        <lastName>DAVIS</lastName>
        <fullName>Rep. Davis, Danny K. [D-IL-7]</fullName>
        <bioguideId>D000096</bioguideId>
        <identifiers>
          <lisID>1477</lisID>
          <bioguideId>D000096</bioguideId>
          <gpoId>7927</gpoId>
        </identifiers>
        <sponsorshipDate>2018-03-22</sponsorshipDate>
        <state>IL</state>
        <isOriginalCosponsor>True</isOriginalCosponsor>
        <middleName>K.</middleName>
      </item>
      <item>
        <party>D</party>
        <sponsorshipWithdrawnDate />
        <firstName>Matt</firstName>
        <district>17</district>
        <lastName>Cartwright</lastName>
        <fullName>Rep. Cartwright, Matt [D-PA-17]</fullName>
        <bioguideId>C001090</bioguideId>
        <identifiers>
          <gpoId />
          <lisID>2159</lisID>
          <bioguideId>C001090</bioguideId>
        </identifiers>
        <sponsorshipDate>2018-03-22</sponsorshipDate>
        <state>PA</state>
        <isOriginalCosponsor>True</isOriginalCosponsor>
        <middleName />
      </item>
      <item>
        <party>D</party>
        <sponsorshipWithdrawnDate />
        <firstName>Colleen</firstName>
        <district>1</district>
        <lastName>Hanabusa</lastName>
        <fullName>Rep. Hanabusa, Colleen [D-HI-1]</fullName>
        <bioguideId>H001050</bioguideId>
        <identifiers>
          <lisID>2010</lisID>
          <gpoId>7912</gpoId>
          <bioguideId>H001050</bioguideId>
        </identifiers>
        <sponsorshipDate>2018-03-22</sponsorshipDate>
        <state>HI</state>
        <isOriginalCosponsor>True</isOriginalCosponsor>
        <middleName />
      </item>
      <item>
        <party>R</party>
        <sponsorshipWithdrawnDate />
        <firstName>Elise</firstName>
        <district>21</district>
        <lastName>Stefanik</lastName>
        <fullName>Rep. Stefanik, Elise M. [R-NY-21]</fullName>
        <bioguideId>S001196</bioguideId>
        <identifiers>
          <bioguideId>S001196</bioguideId>
          <gpoId />
          <lisID>2263</lisID>
        </identifiers>
        <sponsorshipDate>2018-03-22</sponsorshipDate>
        <state>NY</state>
        <isOriginalCosponsor>True</isOriginalCosponsor>
        <middleName>M.</middleName>
      </item>
      <item>
        <party>D</party>
        <sponsorshipWithdrawnDate />
        <firstName>Filemon</firstName>
        <district>34</district>
        <lastName>Vela</lastName>
        <fullName>Rep. Vela, Filemon [D-TX-34]</fullName>
        <bioguideId>V000132</bioguideId>
        <identifiers>
          <bioguideId>V000132</bioguideId>
          <lisID>2167</lisID>
          <gpoId />
        </identifiers>
        <sponsorshipDate>2018-03-22</sponsorshipDate>
        <state>TX</state>
        <isOriginalCosponsor>True</isOriginalCosponsor>
        <middleName />
      </item>
      <item>
        <party>D</party>
        <sponsorshipWithdrawnDate />
        <firstName>MIKE</firstName>
        <district>14</district>
        <lastName>DOYLE</lastName>
        <fullName>Rep. Doyle, Michael F. [D-PA-14]</fullName>
        <bioguideId>D000482</bioguideId>
        <identifiers>
          <lisID>316</lisID>
          <gpoId>8132</gpoId>
          <bioguideId>D000482</bioguideId>
        </identifiers>
        <sponsorshipDate>2018-03-22</sponsorshipDate>
        <state>PA</state>
        <isOriginalCosponsor>True</isOriginalCosponsor>
        <middleName />
      </item>
      <item>
        <party>D</party>
        <sponsorshipWithdrawnDate />
        <firstName>Stacey</firstName>
        <district>0</district>
        <lastName>Plaskett</lastName>
        <fullName>Rep. Plaskett, Stacey E. [D-VI-At Large]</fullName>
        <bioguideId>P000610</bioguideId>
        <identifiers>
          <bioguideId>P000610</bioguideId>
          <gpoId />
          <lisID>2274</lisID>
        </identifiers>
        <sponsorshipDate>2018-03-22</sponsorshipDate>
        <state>VI</state>
        <isOriginalCosponsor>True</isOriginalCosponsor>
        <middleName>E.</middleName>
      </item>
      <item>
        <party>R</party>
        <sponsorshipWithdrawnDate />
        <firstName>H.</firstName>
        <district>9</district>
        <lastName>Griffith</lastName>
        <fullName>Rep. Griffith, H. Morgan [R-VA-9]</fullName>
        <bioguideId>G000568</bioguideId>
        <identifiers>
          <lisID>2070</lisID>
          <bioguideId>G000568</bioguideId>
          <gpoId>8200</gpoId>
        </identifiers>
        <sponsorshipDate>2018-03-22</sponsorshipDate>
        <state>VA</state>
        <isOriginalCosponsor>True</isOriginalCosponsor>
        <middleName>Morgan</middleName>
      </item>
      <item>
        <party>D</party>
        <sponsorshipWithdrawnDate />
        <firstName>Raul</firstName>
        <district>3</district>
        <lastName>Grijalva</lastName>
        <fullName>Rep. Grijalva, Raul M. [D-AZ-3]</fullName>
        <bioguideId>G000551</bioguideId>
        <identifiers>
          <bioguideId>G000551</bioguideId>
          <gpoId>7804</gpoId>
          <lisID>1708</lisID>
        </identifiers>
        <sponsorshipDate>2018-03-22</sponsorshipDate>
        <state>AZ</state>
        <isOriginalCosponsor>True</isOriginalCosponsor>
        <middleName>M.</middleName>
      </item>
      <item>
        <party>D</party>
        <sponsorshipWithdrawnDate />
        <firstName>Andre</firstName>
        <district>7</district>
        <lastName>Carson</lastName>
        <fullName>Rep. Carson, Andre [D-IN-7]</fullName>
        <bioguideId>C001072</bioguideId>
        <identifiers>
          <lisID>1889</lisID>
          <gpoId>7946</gpoId>
          <bioguideId>C001072</bioguideId>
        </identifiers>
        <sponsorshipDate>2018-03-22</sponsorshipDate>
        <state>IN</state>
        <isOriginalCosponsor>True</isOriginalCosponsor>
        <middleName />
      </item>
      <item>
        <party>D</party>
        <sponsorshipWithdrawnDate />
        <firstName>Al</firstName>
        <district>5</district>
        <lastName>Lawson</lastName>
        <fullName>Rep. Lawson, Al, Jr. [D-FL-5]</fullName>
        <bioguideId>L000586</bioguideId>
        <identifiers>
          <lisID>2317</lisID>
          <bioguideId>L000586</bioguideId>
          <gpoId />
        </identifiers>
        <sponsorshipDate>2018-03-22</sponsorshipDate>
        <state>FL</state>
        <isOriginalCosponsor>True</isOriginalCosponsor>
        <middleName />
      </item>
      <item>
        <party>D</party>
        <sponsorshipWithdrawnDate />
        <firstName>Jerry</firstName>
        <district>9</district>
        <lastName>McNerney</lastName>
        <fullName>Rep. McNerney, Jerry [D-CA-9]</fullName>
        <bioguideId>M001166</bioguideId>
        <identifiers>
          <gpoId>7816</gpoId>
          <lisID>1832</lisID>
          <bioguideId>M001166</bioguideId>
        </identifiers>
        <sponsorshipDate>2018-03-22</sponsorshipDate>
        <state>CA</state>
        <isOriginalCosponsor>True</isOriginalCosponsor>
        <middleName />
      </item>
      <item>
        <party>D</party>
        <sponsorshipWithdrawnDate />
        <firstName>Elizabeth</firstName>
        <district>5</district>
        <lastName>Esty</lastName>
        <fullName>Rep. Esty, Elizabeth H. [D-CT-5]</fullName>
        <bioguideId>E000293</bioguideId>
        <identifiers>
          <lisID>2114</lisID>
          <gpoId />
          <bioguideId>E000293</bioguideId>
        </identifiers>
        <sponsorshipDate>2018-03-22</sponsorshipDate>
        <state>CT</state>
        <isOriginalCosponsor>True</isOriginalCosponsor>
        <middleName>H.</middleName>
      </item>
      <item>
        <party>D</party>
        <sponsorshipWithdrawnDate />
        <firstName>Dwight</firstName>
        <district>2</district>
        <lastName>Evans</lastName>
        <fullName>Rep. Evans, Dwight [D-PA-2]</fullName>
        <bioguideId>E000296</bioguideId>
        <identifiers>
          <bioguideId>E000296</bioguideId>
          <lisID>2298</lisID>
          <gpoId />
        </identifiers>
        <sponsorshipDate>2018-03-22</sponsorshipDate>
        <state>PA</state>
        <isOriginalCosponsor>True</isOriginalCosponsor>
        <middleName />
      </item>
      <item>
        <party>D</party>
        <sponsorshipWithdrawnDate />
        <firstName>FRANK</firstName>
        <district>6</district>
        <lastName>PALLONE</lastName>
        <fullName>Rep. Pallone, Frank, Jr. [D-NJ-6]</fullName>
        <bioguideId>P000034</bioguideId>
        <identifiers>
          <lisID>887</lisID>
          <bioguideId>P000034</bioguideId>
          <gpoId>8048</gpoId>
        </identifiers>
        <sponsorshipDate>2018-03-22</sponsorshipDate>
        <state>NJ</state>
        <isOriginalCosponsor>True</isOriginalCosponsor>
        <middleName />
      </item>
      <item>
        <party>D</party>
        <sponsorshipWithdrawnDate />
        <firstName>LUCILLE</firstName>
        <district>40</district>
        <lastName>ROYBAL-ALLARD</lastName>
        <fullName>Rep. Roybal-Allard, Lucille [D-CA-40]</fullName>
        <bioguideId>R000486</bioguideId>
        <identifiers>
          <lisID>997</lisID>
          <gpoId>7839</gpoId>
          <bioguideId>R000486</bioguideId>
        </identifiers>
        <sponsorshipDate>2018-03-22</sponsorshipDate>
        <state>CA</state>
        <isOriginalCosponsor>True</isOriginalCosponsor>
        <middleName />
      </item>
      <item>
        <party>D</party>
        <sponsorshipWithdrawnDate />
        <firstName>Jim</firstName>
        <district>16</district>
        <lastName>Costa</lastName>
        <fullName>Rep. Costa, Jim [D-CA-16]</fullName>
        <bioguideId>C001059</bioguideId>
        <identifiers>
          <lisID>1774</lisID>
          <gpoId>7825</gpoId>
          <bioguideId>C001059</bioguideId>
        </identifiers>
        <sponsorshipDate>2018-03-22</sponsorshipDate>
        <state>CA</state>
        <isOriginalCosponsor>True</isOriginalCosponsor>
        <middleName />
      </item>
      <item>
        <party>D</party>
        <sponsorshipWithdrawnDate />
        <firstName>Lisa</firstName>
        <district>0</district>
        <lastName>Blunt Rochester</lastName>
        <fullName>Rep. Blunt Rochester, Lisa [D-DE-At Large]</fullName>
        <bioguideId>B001303</bioguideId>
        <identifiers>
          <lisID>2313</lisID>
          <bioguideId>B001303</bioguideId>
          <gpoId />
        </identifiers>
        <sponsorshipDate>2018-03-22</sponsorshipDate>
        <state>DE</state>
        <isOriginalCosponsor>True</isOriginalCosponsor>
        <middleName />
      </item>
      <item>
        <party>D</party>
        <sponsorshipWithdrawnDate />
        <firstName>Jimmy</firstName>
        <district>20</district>
        <lastName>Panetta</lastName>
        <fullName>Rep. Panetta, Jimmy [D-CA-20]</fullName>
        <bioguideId>P000613</bioguideId>
        <identifiers>
          <gpoId />
          <lisID>2309</lisID>
          <bioguideId>P000613</bioguideId>
        </identifiers>
        <sponsorshipDate>2018-03-22</sponsorshipDate>
        <state>CA</state>
        <isOriginalCosponsor>True</isOriginalCosponsor>
        <middleName />
      </item>
      <item>
        <party>R</party>
        <sponsorshipWithdrawnDate />
        <firstName>WALTER</firstName>
        <district>3</district>
        <lastName>JONES</lastName>
        <fullName>Rep. Jones, Walter B., Jr. [R-NC-3]</fullName>
        <bioguideId>J000255</bioguideId>
        <identifiers>
          <lisID>612</lisID>
          <gpoId>8026</gpoId>
          <bioguideId>J000255</bioguideId>
        </identifiers>
        <sponsorshipDate>2018-03-22</sponsorshipDate>
        <state>NC</state>
        <isOriginalCosponsor>True</isOriginalCosponsor>
        <middleName>B.</middleName>
      </item>
      <item>
        <party>D</party>
        <sponsorshipWithdrawnDate />
        <firstName>J.</firstName>
        <district>46</district>
        <lastName>Correa</lastName>
        <fullName>Rep. Correa, J. Luis [D-CA-46]</fullName>
        <bioguideId>C001110</bioguideId>
        <identifiers>
          <bioguideId>C001110</bioguideId>
          <gpoId />
          <lisID>2312</lisID>
        </identifiers>
        <sponsorshipDate>2018-03-22</sponsorshipDate>
        <state>CA</state>
        <isOriginalCosponsor>True</isOriginalCosponsor>
        <middleName>Luis</middleName>
      </item>
      <item>
        <party>D</party>
        <sponsorshipWithdrawnDate />
        <firstName>Charlie</firstName>
        <district>13</district>
        <lastName>Crist</lastName>
        <fullName>Rep. Crist, Charlie [D-FL-13]</fullName>
        <bioguideId>C001111</bioguideId>
        <identifiers>
          <bioguideId>C001111</bioguideId>
          <gpoId />
          <lisID>2321</lisID>
        </identifiers>
        <sponsorshipDate>2018-03-22</sponsorshipDate>
        <state>FL</state>
        <isOriginalCosponsor>True</isOriginalCosponsor>
        <middleName />
      </item>
      <item>
        <party>D</party>
        <sponsorshipWithdrawnDate />
        <firstName>Madeleine</firstName>
        <district>0</district>
        <lastName>Bordallo</lastName>
        <fullName>Rep. Bordallo, Madeleine Z. [D-GU-At Large]</fullName>
        <bioguideId>B001245</bioguideId>
        <identifiers>
          <lisID>1723</lisID>
          <bioguideId>B001245</bioguideId>
          <gpoId>7911</gpoId>
        </identifiers>
        <sponsorshipDate>2018-03-22</sponsorshipDate>
        <state>GU</state>
        <isOriginalCosponsor>True</isOriginalCosponsor>
        <middleName>Z.</middleName>
      </item>
      <item>
        <party>D</party>
        <sponsorshipWithdrawnDate />
        <firstName>Val</firstName>
        <district>10</district>
        <lastName>Demings</lastName>
        <fullName>Rep. Demings, Val Butler [D-FL-10]</fullName>
        <bioguideId>D000627</bioguideId>
        <identifiers>
          <lisID>2320</lisID>
          <gpoId />
          <bioguideId>D000627</bioguideId>
        </identifiers>
        <sponsorshipDate>2018-03-22</sponsorshipDate>
        <state>FL</state>
        <isOriginalCosponsor>True</isOriginalCosponsor>
        <middleName>Butler</middleName>
      </item>
      <item>
        <party>D</party>
        <sponsorshipWithdrawnDate />
        <firstName>COLLIN</firstName>
        <district>7</district>
        <lastName>PETERSON</lastName>
        <fullName>Rep. Peterson, Collin C. [D-MN-7]</fullName>
        <bioguideId>P000258</bioguideId>
        <identifiers>
          <gpoId>8007</gpoId>
          <lisID>910</lisID>
          <bioguideId>P000258</bioguideId>
        </identifiers>
        <sponsorshipDate>2018-03-22</sponsorshipDate>
        <state>MN</state>
        <isOriginalCosponsor>True</isOriginalCosponsor>
        <middleName>C.</middleName>
      </item>
      <item>
        <party>D</party>
        <sponsorshipWithdrawnDate />
        <firstName>ZOE</firstName>
        <district>19</district>
        <lastName>LOFGREN</lastName>
        <fullName>Rep. Lofgren, Zoe [D-CA-19]</fullName>
        <bioguideId>L000397</bioguideId>
        <identifiers>
          <bioguideId>L000397</bioguideId>
          <gpoId>7821</gpoId>
          <lisID>701</lisID>
        </identifiers>
        <sponsorshipDate>2018-03-22</sponsorshipDate>
        <state>CA</state>
        <isOriginalCosponsor>True</isOriginalCosponsor>
        <middleName />
      </item>
      <item>
        <party>D</party>
        <sponsorshipWithdrawnDate />
        <firstName>Donald</firstName>
        <district>1</district>
        <lastName>Norcross</lastName>
        <fullName>Rep. Norcross, Donald [D-NJ-1]</fullName>
        <bioguideId>N000188</bioguideId>
        <identifiers>
          <lisID>2202</lisID>
          <bioguideId>N000188</bioguideId>
          <gpoId />
        </identifiers>
        <sponsorshipDate>2018-03-22</sponsorshipDate>
        <state>NJ</state>
        <isOriginalCosponsor>True</isOriginalCosponsor>
        <middleName />
      </item>
      <item>
        <party>D</party>
        <sponsorshipWithdrawnDate />
        <firstName>GRACE</firstName>
        <district>32</district>
        <lastName>NAPOLITANO</lastName>
        <fullName>Rep. Napolitano, Grace F. [D-CA-32]</fullName>
        <bioguideId>N000179</bioguideId>
        <identifiers>
          <lisID>1602</lisID>
          <gpoId>7843</gpoId>
          <bioguideId>N000179</bioguideId>
        </identifiers>
        <sponsorshipDate>2018-03-22</sponsorshipDate>
        <state>CA</state>
        <isOriginalCosponsor>True</isOriginalCosponsor>
        <middleName>F.</middleName>
      </item>
      <item>
        <party>D</party>
        <sponsorshipWithdrawnDate />
        <firstName>ADAM</firstName>
        <district>9</district>
        <lastName>SMITH</lastName>
        <fullName>Rep. Smith, Adam [D-WA-9]</fullName>
        <bioguideId>S000510</bioguideId>
        <identifiers>
          <bioguideId>S000510</bioguideId>
          <lisID>1528</lisID>
          <gpoId>8213</gpoId>
        </identifiers>
        <sponsorshipDate>2018-03-22</sponsorshipDate>
        <state>WA</state>
        <isOriginalCosponsor>True</isOriginalCosponsor>
        <middleName />
      </item>
      <item>
        <party>D</party>
        <sponsorshipWithdrawnDate />
        <firstName>Albio</firstName>
        <district>8</district>
        <lastName>Sires</lastName>
        <fullName>Rep. Sires, Albio [D-NJ-8]</fullName>
        <bioguideId>S001165</bioguideId>
        <identifiers>
          <lisID>1818</lisID>
          <bioguideId>S001165</bioguideId>
          <gpoId>8055</gpoId>
        </identifiers>
        <sponsorshipDate>2018-03-22</sponsorshipDate>
        <state>NJ</state>
        <isOriginalCosponsor>True</isOriginalCosponsor>
        <middleName />
      </item>
    </cosponsors>
    <updateDate>2018-04-04T14:15:10Z</updateDate>
    <recordedVotes />
    <originChamber>House</originChamber>
    <committeeReports />
    <billType>HR</billType>
    <version>1.0.0</version>
    <amendments />
    <actions>
      <actionByCounts>
        <houseOfRepresentatives>3</houseOfRepresentatives>
      </actionByCounts>
      <actionTypeCounts>
        <introducedInHouse>1</introducedInHouse>
        <billReferrals>1</billReferrals>
        <introducedInTheHouse>1</introducedInTheHouse>
      </actionTypeCounts>
      <item>
        <links />
        <text>Referred to the House Committee on Oversight and Government Reform.</text>
        <committee>
          <name>Oversight and Government Reform Committee</name>
          <systemCode>hsgo00</systemCode>
        </committee>
        <actionCode>H11100</actionCode>
        <sourceSystem>
          <code>2</code>
          <name>House floor actions</name>
        </sourceSystem>
        <actionDate>2018-03-22</actionDate>
        <type>IntroReferral</type>
      </item>
      <item>
        <links />
        <text>Introduced in House</text>
        <committee />
        <actionCode>Intro-H</actionCode>
        <sourceSystem>
          <code>9</code>
          <name>Library of Congress</name>
        </sourceSystem>
        <actionDate>2018-03-22</actionDate>
        <type>IntroReferral</type>
      </item>
      <item>
        <links />
        <text>Introduced in House</text>
        <committee />
        <actionCode>1000</actionCode>
        <sourceSystem>
          <code>9</code>
          <name>Library of Congress</name>
        </sourceSystem>
        <actionDate>2018-03-22</actionDate>
        <type>IntroReferral</type>
      </item>
    </actions>
    <createDate>2018-03-23T07:10:59Z</createDate>
    <subjects>
      <billSubjects>
        <legislativeSubjects>
          <item>
            <name>Appropriations</name>
          </item>
          <item>
            <name>Executive agency funding and structure</name>
          </item>
          <item>
            <name>Government employee pay, benefits, personnel management</name>
          </item>
        </legislativeSubjects>
        <policyArea>
          <name>Government Operations and Politics</name>
        </policyArea>
      </billSubjects>
    </subjects>
    <congress>115</congress>
    <constitutionalAuthorityStatementText><![CDATA[<pre>[Congressional Record Volume 164, Number 50 (Thursday, March 22, 2018)]From the Congressional Record Online through the Government Publishing Office [<a href='http://www.gpo.gov'>www.gpo.gov</a>]By Mr. BEYER:H.R. 5391.Congress has the power to enact this legislation pursuantto the following:Clause 7 of section 9 of Article I of the Constitution ofthe United States.[Page H2042]</pre>]]></constitutionalAuthorityStatementText>
    <calendarNumbers />
    <latestAction>
      <links />
      <text>Referred to the House Committee on Oversight and Government Reform.</text>
      <actionDate>2018-03-22</actionDate>
    </latestAction>
  </bill>
  <dublinCore xmlns:dc="http://purl.org/dc/elements/1.1/">
    <dc:format>text/xml</dc:format>
    <dc:language>EN</dc:language>
    <dc:rights>Pursuant to Title 17 Section 105 of the United States Code, this file is not subject to copyright protection and is in the public domain.</dc:rights>
    <dc:contributor>Congressional Research Service, Library of Congress</dc:contributor>
    <dc:description>This file contains bill summaries and statuses for federal legislation. A bill summary describes the most significant provisions of a piece of legislation and details the effects the legislative text may have on current law and federal programs. Bill summaries are authored by the Congressional Research Service (CRS) of the Library of Congress. As stated in Public Law 91-510 (2 USC 166 (d)(6)), one of the duties of CRS is "to prepare summaries and digests of bills and resolutions of a public general nature introduced in the Senate or House of Representatives". For more information, refer to the User Guide that accompanies this file.</dc:description>
  </dublinCore>
</billStatus>

