<?xml version="1.0" encoding="UTF-8"?>
<billStatus>
  <bill>
    <cosponsors>
      <item>
        <lastName>Franks</lastName>
        <bioguideId>F000448</bioguideId>
        <state>AZ</state>
        <sponsorshipDate>2017-01-30</sponsorshipDate>
        <fullName>Rep. Franks, Trent [R-AZ-8]</fullName>
        <identifiers>
          <gpoId>7799</gpoId>
          <bioguideId>F000448</bioguideId>
          <lisID>1707</lisID>
        </identifiers>
        <middleName />
        <sponsorshipWithdrawnDate />
        <firstName>Trent</firstName>
        <isOriginalCosponsor>False</isOriginalCosponsor>
        <party>R</party>
        <district>8</district>
      </item>
      <item>
        <lastName>Tipton</lastName>
        <bioguideId>T000470</bioguideId>
        <state>CO</state>
        <sponsorshipDate>2017-01-30</sponsorshipDate>
        <fullName>Rep. Tipton, Scott  R. [R-CO-3]</fullName>
        <identifiers>
          <lisID>1997</lisID>
          <gpoId>7861</gpoId>
          <bioguideId>T000470</bioguideId>
        </identifiers>
        <middleName>R.</middleName>
        <sponsorshipWithdrawnDate />
        <firstName>Scott</firstName>
        <isOriginalCosponsor>False</isOriginalCosponsor>
        <party>R</party>
        <district>3</district>
      </item>
      <item>
        <lastName>Farenthold</lastName>
        <bioguideId>F000460</bioguideId>
        <state>TX</state>
        <sponsorshipDate>2017-01-30</sponsorshipDate>
        <fullName>Rep. Farenthold, Blake [R-TX-27]</fullName>
        <identifiers>
          <gpoId>8183</gpoId>
          <lisID>2067</lisID>
          <bioguideId>F000460</bioguideId>
        </identifiers>
        <middleName />
        <sponsorshipWithdrawnDate />
        <firstName>Blake</firstName>
        <isOriginalCosponsor>False</isOriginalCosponsor>
        <party>R</party>
        <district>27</district>
      </item>
      <item>
        <lastName>Rooney</lastName>
        <bioguideId>R000583</bioguideId>
        <state>FL</state>
        <sponsorshipDate>2017-01-30</sponsorshipDate>
        <fullName>Rep. Rooney, Thomas J. [R-FL-17]</fullName>
        <identifiers>
          <lisID>1916</lisID>
          <gpoId>7888</gpoId>
          <bioguideId>R000583</bioguideId>
        </identifiers>
        <middleName>J.</middleName>
        <sponsorshipWithdrawnDate />
        <firstName>Thomas</firstName>
        <isOriginalCosponsor>False</isOriginalCosponsor>
        <party>R</party>
        <district>17</district>
      </item>
      <item>
        <lastName>Scott</lastName>
        <bioguideId>S001189</bioguideId>
        <state>GA</state>
        <sponsorshipDate>2017-01-30</sponsorshipDate>
        <fullName>Rep. Scott, Austin [R-GA-8]</fullName>
        <identifiers>
          <lisID>2009</lisID>
          <gpoId>7905</gpoId>
          <bioguideId>S001189</bioguideId>
        </identifiers>
        <middleName />
        <sponsorshipWithdrawnDate />
        <firstName>Austin</firstName>
        <isOriginalCosponsor>False</isOriginalCosponsor>
        <party>R</party>
        <district>8</district>
      </item>
      <item>
        <lastName>SMITH</lastName>
        <bioguideId>S000583</bioguideId>
        <state>TX</state>
        <sponsorshipDate>2017-01-30</sponsorshipDate>
        <fullName>Rep. Smith, Lamar [R-TX-21]</fullName>
        <identifiers>
          <lisID>1075</lisID>
          <gpoId>8177</gpoId>
          <bioguideId>S000583</bioguideId>
        </identifiers>
        <middleName />
        <sponsorshipWithdrawnDate />
        <firstName>LAMAR</firstName>
        <isOriginalCosponsor>False</isOriginalCosponsor>
        <party>R</party>
        <district>21</district>
      </item>
      <item>
        <lastName>Stivers</lastName>
        <bioguideId>S001187</bioguideId>
        <state>OH</state>
        <sponsorshipDate>2017-01-30</sponsorshipDate>
        <fullName>Rep. Stivers, Steve [R-OH-15]</fullName>
        <identifiers>
          <lisID>2047</lisID>
          <gpoId>8105</gpoId>
          <bioguideId>S001187</bioguideId>
        </identifiers>
        <middleName />
        <sponsorshipWithdrawnDate />
        <firstName>Steve</firstName>
        <isOriginalCosponsor>False</isOriginalCosponsor>
        <party>R</party>
        <district>15</district>
      </item>
      <item>
        <lastName>McClintock</lastName>
        <bioguideId>M001177</bioguideId>
        <state>CA</state>
        <sponsorshipDate>2017-01-30</sponsorshipDate>
        <fullName>Rep. McClintock, Tom [R-CA-4]</fullName>
        <identifiers>
          <lisID>1908</lisID>
          <gpoId>7809</gpoId>
          <bioguideId>M001177</bioguideId>
        </identifiers>
        <middleName />
        <sponsorshipWithdrawnDate />
        <firstName>Tom</firstName>
        <isOriginalCosponsor>False</isOriginalCosponsor>
        <party>R</party>
        <district>4</district>
      </item>
      <item>
        <lastName>Thompson</lastName>
        <bioguideId>T000467</bioguideId>
        <state>PA</state>
        <sponsorshipDate>2017-01-30</sponsorshipDate>
        <fullName>Rep. Thompson, Glenn [R-PA-5]</fullName>
        <identifiers>
          <lisID>1952</lisID>
          <gpoId>8123</gpoId>
          <bioguideId>T000467</bioguideId>
        </identifiers>
        <middleName />
        <sponsorshipWithdrawnDate />
        <firstName>Glenn</firstName>
        <isOriginalCosponsor>False</isOriginalCosponsor>
        <party>R</party>
        <district>5</district>
      </item>
      <item>
        <lastName>Denham</lastName>
        <bioguideId>D000612</bioguideId>
        <state>CA</state>
        <sponsorshipDate>2017-01-30</sponsorshipDate>
        <fullName>Rep. Denham, Jeff [R-CA-10]</fullName>
        <identifiers>
          <gpoId>7824</gpoId>
          <lisID>1995</lisID>
          <bioguideId>D000612</bioguideId>
        </identifiers>
        <middleName />
        <sponsorshipWithdrawnDate />
        <firstName>Jeff</firstName>
        <isOriginalCosponsor>False</isOriginalCosponsor>
        <party>R</party>
        <district>10</district>
      </item>
      <item>
        <lastName>Himes</lastName>
        <bioguideId>H001047</bioguideId>
        <state>CT</state>
        <sponsorshipDate>2017-01-30</sponsorshipDate>
        <fullName>Rep. Himes, James A. [D-CT-4]</fullName>
        <identifiers>
          <bioguideId>H001047</bioguideId>
          <gpoId>7869</gpoId>
          <lisID>1913</lisID>
        </identifiers>
        <middleName>A.</middleName>
        <sponsorshipWithdrawnDate>2017-02-01</sponsorshipWithdrawnDate>
        <firstName>James</firstName>
        <isOriginalCosponsor>False</isOriginalCosponsor>
        <party>D</party>
        <district>4</district>
      </item>
      <item>
        <lastName>Carter</lastName>
        <bioguideId>C001103</bioguideId>
        <state>GA</state>
        <sponsorshipDate>2017-01-30</sponsorshipDate>
        <fullName>Rep. Carter, Earl L. "Buddy" [R-GA-1]</fullName>
        <identifiers>
          <lisID>2236</lisID>
          <gpoId />
          <bioguideId>C001103</bioguideId>
        </identifiers>
        <middleName>L. "Buddy"</middleName>
        <sponsorshipWithdrawnDate />
        <firstName>Earl</firstName>
        <isOriginalCosponsor>False</isOriginalCosponsor>
        <party>R</party>
        <district>1</district>
      </item>
      <item>
        <lastName>Rouzer</lastName>
        <bioguideId>R000603</bioguideId>
        <state>NC</state>
        <sponsorshipDate>2017-01-30</sponsorshipDate>
        <fullName>Rep. Rouzer, David [R-NC-7]</fullName>
        <identifiers>
          <bioguideId>R000603</bioguideId>
          <lisID>2256</lisID>
          <gpoId />
        </identifiers>
        <middleName />
        <sponsorshipWithdrawnDate />
        <firstName>David</firstName>
        <isOriginalCosponsor>False</isOriginalCosponsor>
        <party>R</party>
        <district>7</district>
      </item>
      <item>
        <lastName>Olson</lastName>
        <bioguideId>O000168</bioguideId>
        <state>TX</state>
        <sponsorshipDate>2017-02-02</sponsorshipDate>
        <fullName>Rep. Olson, Pete [R-TX-22]</fullName>
        <identifiers>
          <bioguideId>O000168</bioguideId>
          <gpoId>8178</gpoId>
          <lisID>1955</lisID>
        </identifiers>
        <middleName />
        <sponsorshipWithdrawnDate />
        <firstName>Pete</firstName>
        <isOriginalCosponsor>False</isOriginalCosponsor>
        <party>R</party>
        <district>22</district>
      </item>
      <item>
        <lastName>Young</lastName>
        <bioguideId>Y000066</bioguideId>
        <state>IA</state>
        <sponsorshipDate>2017-02-02</sponsorshipDate>
        <fullName>Rep. Young, David [R-IA-3]</fullName>
        <identifiers>
          <bioguideId>Y000066</bioguideId>
          <lisID>2242</lisID>
          <gpoId />
        </identifiers>
        <middleName />
        <sponsorshipWithdrawnDate />
        <firstName>David</firstName>
        <isOriginalCosponsor>False</isOriginalCosponsor>
        <party>R</party>
        <district>3</district>
      </item>
      <item>
        <lastName>Higgins</lastName>
        <bioguideId>H001077</bioguideId>
        <state>LA</state>
        <sponsorshipDate>2017-02-02</sponsorshipDate>
        <fullName>Rep. Higgins, Clay [R-LA-3]</fullName>
        <identifiers>
          <lisID>2329</lisID>
          <gpoId />
          <bioguideId>H001077</bioguideId>
        </identifiers>
        <middleName />
        <sponsorshipWithdrawnDate />
        <firstName>Clay</firstName>
        <isOriginalCosponsor>False</isOriginalCosponsor>
        <party>R</party>
        <district>3</district>
      </item>
      <item>
        <lastName>Perry</lastName>
        <bioguideId>P000605</bioguideId>
        <state>PA</state>
        <sponsorshipDate>2017-02-02</sponsorshipDate>
        <fullName>Rep. Perry, Scott [R-PA-4]</fullName>
        <identifiers>
          <bioguideId>P000605</bioguideId>
          <gpoId />
          <lisID>2157</lisID>
        </identifiers>
        <middleName />
        <sponsorshipWithdrawnDate />
        <firstName>Scott</firstName>
        <isOriginalCosponsor>False</isOriginalCosponsor>
        <party>R</party>
        <district>4</district>
      </item>
      <item>
        <lastName>Johnson</lastName>
        <bioguideId>J000292</bioguideId>
        <state>OH</state>
        <sponsorshipDate>2017-02-02</sponsorshipDate>
        <fullName>Rep. Johnson, Bill [R-OH-6]</fullName>
        <identifiers>
          <lisID>2046</lisID>
          <gpoId>8096</gpoId>
          <bioguideId>J000292</bioguideId>
        </identifiers>
        <middleName />
        <sponsorshipWithdrawnDate />
        <firstName>Bill</firstName>
        <isOriginalCosponsor>False</isOriginalCosponsor>
        <party>R</party>
        <district>6</district>
      </item>
      <item>
        <lastName>Valadao</lastName>
        <bioguideId>V000129</bioguideId>
        <state>CA</state>
        <sponsorshipDate>2017-02-02</sponsorshipDate>
        <fullName>Rep. Valadao, David G. [R-CA-21]</fullName>
        <identifiers>
          <lisID>2105</lisID>
          <gpoId />
          <bioguideId>V000129</bioguideId>
        </identifiers>
        <middleName>G.</middleName>
        <sponsorshipWithdrawnDate />
        <firstName>David</firstName>
        <isOriginalCosponsor>False</isOriginalCosponsor>
        <party>R</party>
        <district>21</district>
      </item>
      <item>
        <lastName>King</lastName>
        <bioguideId>K000362</bioguideId>
        <state>IA</state>
        <sponsorshipDate>2017-02-02</sponsorshipDate>
        <fullName>Rep. King, Steve [R-IA-4]</fullName>
        <identifiers>
          <lisID>1724</lisID>
          <gpoId>7918</gpoId>
          <bioguideId>K000362</bioguideId>
        </identifiers>
        <middleName />
        <sponsorshipWithdrawnDate />
        <firstName>Steve</firstName>
        <isOriginalCosponsor>False</isOriginalCosponsor>
        <party>R</party>
        <district>4</district>
      </item>
      <item>
        <lastName>Allen</lastName>
        <bioguideId>A000372</bioguideId>
        <state>GA</state>
        <sponsorshipDate>2017-02-02</sponsorshipDate>
        <fullName>Rep. Allen, Rick W. [R-GA-12]</fullName>
        <identifiers>
          <gpoId />
          <lisID>2239</lisID>
          <bioguideId>A000372</bioguideId>
        </identifiers>
        <middleName>W.</middleName>
        <sponsorshipWithdrawnDate />
        <firstName>Rick</firstName>
        <isOriginalCosponsor>False</isOriginalCosponsor>
        <party>R</party>
        <district>12</district>
      </item>
      <item>
        <lastName>Wittman</lastName>
        <bioguideId>W000804</bioguideId>
        <state>VA</state>
        <sponsorshipDate>2017-02-02</sponsorshipDate>
        <fullName>Rep. Wittman, Robert J. [R-VA-1]</fullName>
        <identifiers>
          <lisID>1886</lisID>
          <gpoId>8192</gpoId>
          <bioguideId>W000804</bioguideId>
        </identifiers>
        <middleName>J.</middleName>
        <sponsorshipWithdrawnDate />
        <firstName>Robert</firstName>
        <isOriginalCosponsor>False</isOriginalCosponsor>
        <party>R</party>
        <district>1</district>
      </item>
      <item>
        <lastName>Collins</lastName>
        <bioguideId>C001092</bioguideId>
        <state>NY</state>
        <sponsorshipDate>2017-02-02</sponsorshipDate>
        <fullName>Rep. Collins, Chris [R-NY-27]</fullName>
        <identifiers>
          <lisID>2151</lisID>
          <gpoId />
          <bioguideId>C001092</bioguideId>
        </identifiers>
        <middleName />
        <sponsorshipWithdrawnDate />
        <firstName>Chris</firstName>
        <isOriginalCosponsor>False</isOriginalCosponsor>
        <party>R</party>
        <district>27</district>
      </item>
      <item>
        <lastName>Smith</lastName>
        <bioguideId>S001195</bioguideId>
        <state>MO</state>
        <sponsorshipDate>2017-02-14</sponsorshipDate>
        <fullName>Rep. Smith, Jason [R-MO-8]</fullName>
        <identifiers>
          <bioguideId>S001195</bioguideId>
          <gpoId />
          <lisID>2191</lisID>
        </identifiers>
        <middleName />
        <sponsorshipWithdrawnDate />
        <firstName>Jason</firstName>
        <isOriginalCosponsor>False</isOriginalCosponsor>
        <party>R</party>
        <district>8</district>
      </item>
      <item>
        <lastName>Garrett</lastName>
        <bioguideId>G000580</bioguideId>
        <state>VA</state>
        <sponsorshipDate>2017-02-14</sponsorshipDate>
        <fullName>Rep. Garrett, Thomas A., Jr. [R-VA-5]</fullName>
        <identifiers>
          <lisID>2353</lisID>
          <gpoId />
          <bioguideId>G000580</bioguideId>
        </identifiers>
        <middleName>A.</middleName>
        <sponsorshipWithdrawnDate />
        <firstName>Thomas</firstName>
        <isOriginalCosponsor>False</isOriginalCosponsor>
        <party>R</party>
        <district>5</district>
      </item>
      <item>
        <lastName>Bishop</lastName>
        <bioguideId>B001293</bioguideId>
        <state>MI</state>
        <sponsorshipDate>2017-02-14</sponsorshipDate>
        <fullName>Rep. Bishop, Mike [R-MI-8]</fullName>
        <identifiers>
          <bioguideId>B001293</bioguideId>
          <gpoId />
          <lisID>2249</lisID>
        </identifiers>
        <middleName />
        <sponsorshipWithdrawnDate />
        <firstName>Mike</firstName>
        <isOriginalCosponsor>False</isOriginalCosponsor>
        <party>R</party>
        <district>8</district>
      </item>
      <item>
        <lastName>Hensarling</lastName>
        <bioguideId>H001036</bioguideId>
        <state>TX</state>
        <sponsorshipDate>2017-02-14</sponsorshipDate>
        <fullName>Rep. Hensarling, Jeb [R-TX-5]</fullName>
        <identifiers>
          <bioguideId>H001036</bioguideId>
          <gpoId>8161</gpoId>
          <lisID>1749</lisID>
        </identifiers>
        <middleName />
        <sponsorshipWithdrawnDate />
        <firstName>Jeb</firstName>
        <isOriginalCosponsor>False</isOriginalCosponsor>
        <party>R</party>
        <district>5</district>
      </item>
      <item>
        <lastName>Gibbs</lastName>
        <bioguideId>G000563</bioguideId>
        <state>OH</state>
        <sponsorshipDate>2017-02-14</sponsorshipDate>
        <fullName>Rep. Gibbs, Bob [R-OH-7]</fullName>
        <identifiers>
          <lisID>2049</lisID>
          <gpoId>8108</gpoId>
          <bioguideId>G000563</bioguideId>
        </identifiers>
        <middleName />
        <sponsorshipWithdrawnDate />
        <firstName>Bob</firstName>
        <isOriginalCosponsor>False</isOriginalCosponsor>
        <party>R</party>
        <district>7</district>
      </item>
      <item>
        <lastName>Fitzpatrick</lastName>
        <bioguideId>F000466</bioguideId>
        <state>PA</state>
        <sponsorshipDate>2017-02-28</sponsorshipDate>
        <fullName>Rep. Fitzpatrick, Brian K. [R-PA-8]</fullName>
        <identifiers>
          <lisID>2345</lisID>
          <gpoId />
          <bioguideId>F000466</bioguideId>
        </identifiers>
        <middleName>K.</middleName>
        <sponsorshipWithdrawnDate />
        <firstName>Brian</firstName>
        <isOriginalCosponsor>False</isOriginalCosponsor>
        <party>R</party>
        <district>8</district>
      </item>
      <item>
        <lastName>Graves</lastName>
        <bioguideId>G000560</bioguideId>
        <state>GA</state>
        <sponsorshipDate>2017-02-28</sponsorshipDate>
        <fullName>Rep. Graves, Tom [R-GA-14]</fullName>
        <identifiers>
          <lisID>1979</lisID>
          <gpoId>7906</gpoId>
          <bioguideId>G000560</bioguideId>
        </identifiers>
        <middleName />
        <sponsorshipWithdrawnDate />
        <firstName>Tom</firstName>
        <isOriginalCosponsor>False</isOriginalCosponsor>
        <party>R</party>
        <district>14</district>
      </item>
      <item>
        <lastName>Poe</lastName>
        <bioguideId>P000592</bioguideId>
        <state>TX</state>
        <sponsorshipDate>2017-03-08</sponsorshipDate>
        <fullName>Rep. Poe, Ted [R-TX-2]</fullName>
        <identifiers>
          <gpoId>8158</gpoId>
          <bioguideId>P000592</bioguideId>
          <lisID>1802</lisID>
        </identifiers>
        <middleName />
        <sponsorshipWithdrawnDate />
        <firstName>Ted</firstName>
        <isOriginalCosponsor>False</isOriginalCosponsor>
        <party>R</party>
        <district>2</district>
      </item>
      <item>
        <lastName>Rice</lastName>
        <bioguideId>R000597</bioguideId>
        <state>SC</state>
        <sponsorshipDate>2017-03-08</sponsorshipDate>
        <fullName>Rep. Rice, Tom [R-SC-7]</fullName>
        <identifiers>
          <lisID>2160</lisID>
          <gpoId />
          <bioguideId>R000597</bioguideId>
        </identifiers>
        <middleName />
        <sponsorshipWithdrawnDate />
        <firstName>Tom</firstName>
        <isOriginalCosponsor>False</isOriginalCosponsor>
        <party>R</party>
        <district>7</district>
      </item>
      <item>
        <lastName>Trott</lastName>
        <bioguideId>T000475</bioguideId>
        <state>MI</state>
        <sponsorshipDate>2017-05-04</sponsorshipDate>
        <fullName>Rep. Trott, David A. [R-MI-11]</fullName>
        <identifiers>
          <bioguideId>T000475</bioguideId>
          <gpoId />
          <lisID>2250</lisID>
        </identifiers>
        <middleName>A.</middleName>
        <sponsorshipWithdrawnDate />
        <firstName>David</firstName>
        <isOriginalCosponsor>False</isOriginalCosponsor>
        <party>R</party>
        <district>11</district>
      </item>
      <item>
        <lastName>Marchant</lastName>
        <bioguideId>M001158</bioguideId>
        <state>TX</state>
        <sponsorshipDate>2017-11-30</sponsorshipDate>
        <fullName>Rep. Marchant, Kenny [R-TX-24]</fullName>
        <identifiers>
          <lisID>1806</lisID>
          <gpoId>8766</gpoId>
          <bioguideId>M001158</bioguideId>
        </identifiers>
        <middleName />
        <sponsorshipWithdrawnDate />
        <firstName>Kenny</firstName>
        <isOriginalCosponsor>False</isOriginalCosponsor>
        <party>R</party>
        <district>24</district>
      </item>
      <item>
        <lastName>Wagner</lastName>
        <bioguideId>W000812</bioguideId>
        <state>MO</state>
        <sponsorshipDate>2018-01-29</sponsorshipDate>
        <fullName>Rep. Wagner, Ann [R-MO-2]</fullName>
        <identifiers>
          <lisID>2137</lisID>
          <gpoId />
          <bioguideId>W000812</bioguideId>
        </identifiers>
        <middleName />
        <sponsorshipWithdrawnDate />
        <firstName>Ann</firstName>
        <isOriginalCosponsor>False</isOriginalCosponsor>
        <party>R</party>
        <district>2</district>
      </item>
    </cosponsors>
    <createDate>2017-01-24T05:12:19Z</createDate>
    <subjects>
      <billSubjects>
        <legislativeSubjects>
          <item>
            <name>Administrative remedies</name>
          </item>
          <item>
            <name>Congressional oversight</name>
          </item>
          <item>
            <name>Department of Veterans Affairs</name>
          </item>
          <item>
            <name>Disability and paralysis</name>
          </item>
          <item>
            <name>Employee performance</name>
          </item>
          <item>
            <name>Employment discrimination and employee rights</name>
          </item>
          <item>
            <name>Evidence and witnesses</name>
          </item>
          <item>
            <name>Federal officials</name>
          </item>
          <item>
            <name>Government employee pay, benefits, personnel management</name>
          </item>
          <item>
            <name>Government ethics and transparency, public corruption</name>
          </item>
          <item>
            <name>Government studies and investigations</name>
          </item>
          <item>
            <name>Merit Systems Protection Board</name>
          </item>
          <item>
            <name>Office of Special Counsel</name>
          </item>
          <item>
            <name>Transportation costs</name>
          </item>
          <item>
            <name>Veterans' pensions and compensation</name>
          </item>
        </legislativeSubjects>
        <policyArea>
          <name>Armed Forces and National Security</name>
        </policyArea>
      </billSubjects>
    </subjects>
    <amendments />
    <updateDate>2018-03-30T14:00:30Z</updateDate>
    <latestAction>
      <text>Referred to the Subcommittee on Economic Opportunity.</text>
      <actionDate>2017-02-03</actionDate>
      <links />
    </latestAction>
    <sponsors>
      <item>
        <fullName>Rep. Lamborn, Doug [R-CO-5]</fullName>
        <middleName />
        <party>R</party>
        <identifiers>
          <gpoId>7863</gpoId>
          <bioguideId>L000564</bioguideId>
          <lisID>1834</lisID>
        </identifiers>
        <state>CO</state>
        <firstName>Doug</firstName>
        <lastName>Lamborn</lastName>
        <byRequestType />
        <bioguideId>L000564</bioguideId>
        <district>5</district>
      </item>
    </sponsors>
    <committeeReports />
    <recordedVotes />
    <originChamber>House</originChamber>
    <calendarNumbers />
    <congress>115</congress>
    <relatedBills>
      <item>
        <type>S</type>
        <latestTitle>VA Accountability First and Appeals Modernization Act of 2017</latestTitle>
        <latestAction>
          <actionDate>2017-01-17</actionDate>
          <text>Read twice and referred to the Committee on Veterans' Affairs.</text>
        </latestAction>
        <congress>115</congress>
        <relationshipDetails>
          <item>
            <type>Identical bill</type>
            <identifiedBy>CRS</identifiedBy>
          </item>
        </relationshipDetails>
        <number>152</number>
      </item>
    </relatedBills>
    <version>1.0.0</version>
    <committees>
      <billCommittees>
        <item>
          <activities>
            <item>
              <date>2017-01-23T17:00:25Z</date>
              <name>Referred to</name>
            </item>
          </activities>
          <systemCode>hsvr00</systemCode>
          <chamber>House</chamber>
          <type>Standing</type>
          <name>Veterans' Affairs Committee</name>
          <subcommittees>
            <item>
              <activities>
                <item>
                  <date>2017-02-03T19:18:15Z</date>
                  <name>Referred to</name>
                </item>
              </activities>
              <systemCode>hsvr10</systemCode>
              <name>Economic Opportunity Subcommittee</name>
            </item>
          </subcommittees>
        </item>
        <item>
          <activities>
            <item>
              <date>2017-01-23T17:00:30Z</date>
              <name>Referred to</name>
            </item>
          </activities>
          <systemCode>hsgo00</systemCode>
          <chamber>House</chamber>
          <type>Standing</type>
          <name>Oversight and Government Reform Committee</name>
          <subcommittees />
        </item>
      </billCommittees>
    </committees>
    <cboCostEstimates />
    <billType>HR</billType>
    <notes />
    <title>VA Accountability First and Appeals Modernization Act of 2017</title>
    <laws />
    <billNumber>611</billNumber>
    <actions>
      <actionTypeCounts>
        <introducedInTheHouse>1</introducedInTheHouse>
        <placeholderTextForH>1</placeholderTextForH>
        <billReferralsAggregate>1</billReferralsAggregate>
        <introducedInHouse>1</introducedInHouse>
        <billReferrals>2</billReferrals>
      </actionTypeCounts>
      <item>
        <actionDate>2017-02-03</actionDate>
        <committee>
          <systemCode>hsvr10</systemCode>
          <name>Economic Opportunity Subcommittee</name>
        </committee>
        <links />
        <sourceSystem>
          <code>1</code>
          <name>House committee actions</name>
        </sourceSystem>
        <text>Referred to the Subcommittee on Economic Opportunity.</text>
        <type>Committee</type>
      </item>
      <item>
        <actionCode>H11100</actionCode>
        <sourceSystem>
          <code>2</code>
          <name>House floor actions</name>
        </sourceSystem>
        <links />
        <text>Referred to House Oversight and Government Reform</text>
        <actionDate>2017-01-23</actionDate>
        <type>IntroReferral</type>
        <committee>
          <systemCode>hsgo00</systemCode>
          <name>Oversight and Government Reform Committee</name>
        </committee>
      </item>
      <item>
        <actionCode>H11100</actionCode>
        <sourceSystem>
          <code>2</code>
          <name>House floor actions</name>
        </sourceSystem>
        <links />
        <text>Referred to House Veterans' Affairs</text>
        <actionDate>2017-01-23</actionDate>
        <type>IntroReferral</type>
        <committee>
          <systemCode>hsvr00</systemCode>
          <name>Veterans' Affairs Committee</name>
        </committee>
      </item>
      <item>
        <actionCode>H11100-A</actionCode>
        <sourceSystem>
          <code>9</code>
          <name>Library of Congress</name>
        </sourceSystem>
        <links />
        <text>Referred to the Committee on Veterans' Affairs, and in addition to the Committee on Oversight and Government Reform, for a period to be subsequently determined by the Speaker, in each case for consideration of such provisions as fall within the jurisdiction of the committee concerned.</text>
        <actionDate>2017-01-23</actionDate>
        <type>IntroReferral</type>
        <committee />
      </item>
      <item>
        <actionCode>Intro-H</actionCode>
        <sourceSystem>
          <code>9</code>
          <name>Library of Congress</name>
        </sourceSystem>
        <links />
        <text>Introduced in House</text>
        <actionDate>2017-01-23</actionDate>
        <type>IntroReferral</type>
        <committee />
      </item>
      <item>
        <actionCode>1000</actionCode>
        <sourceSystem>
          <code>9</code>
          <name>Library of Congress</name>
        </sourceSystem>
        <links />
        <text>Introduced in House</text>
        <actionDate>2017-01-23</actionDate>
        <type>IntroReferral</type>
        <committee />
      </item>
      <actionByCounts>
        <houseOfRepresentatives>6</houseOfRepresentatives>
      </actionByCounts>
    </actions>
    <titles>
      <item>
        <title>VA Accountability First and Appeals Modernization Act of 2017</title>
        <titleType>Short Titles as Introduced</titleType>
        <parentTitleType />
        <chamberCode />
        <chamberName />
      </item>
      <item>
        <title>To amend title 38, United States Code, to provide for the removal or demotion of employees of the Department of Veterans Affairs based on performance or misconduct, and for other purposes.</title>
        <titleType>Official Title as Introduced</titleType>
        <parentTitleType />
        <chamberCode />
        <chamberName />
      </item>
      <item>
        <title>VA Accountability First and Appeals Modernization Act of 2017</title>
        <titleType>Display Title</titleType>
        <parentTitleType />
        <chamberCode />
        <chamberName />
      </item>
      <item>
        <title>VA Accountability First and Appeals Modernization Act of 2017</title>
        <titleType>(Extracted from GPO) Short Titles as Introduced</titleType>
        <parentTitleType />
        <chamberCode />
        <chamberName />
      </item>
    </titles>
    <summaries>
      <billSummaries>
        <item>
          <actionDesc>Introduced in House</actionDesc>
          <versionCode>00</versionCode>
          <lastSummaryUpdateDate>2017-09-08T22:04:10Z</lastSummaryUpdateDate>
          <name>Introduced in House</name>
          <updateDate>2017-01-23T05:00:00Z</updateDate>
          <actionDate>2017-01-23</actionDate>
          <text><![CDATA[<p><strong>VA Accountability</strong> <strong>First and Appeals Modernization Act of 2017</strong></p> <p>This bill authorizes the Department of Veterans Affairs (VA) to remove or demote a VA employee based on performance or misconduct. The VA may remove such individual from the civil service or demote the individual through a reduction in grade or annual pay rate. </p> <p> A demoted individual shall not be placed on administrative leave or any other category of paid leave during the appeals period and can receive pay only if he or she reports for duty.</p> <p>The bill: (1) establishes an expedited appeals process by the Merit Systems Protection Board, (2) amends the disability benefits appeals process, (3) prescribes restrictions on the VA's authority to remove or demote an employee, and (4) establishes whistleblower protections. </p> <p> The VA shall reduce the federal annuity of an individual removed from the VA Senior Executive Service (SES) who is convicted of a felony that influenced his or her performance while employed in such position.</p> <p>The VA may reduce the federal annuity of an individual who was convicted of such a felony and was subject to removal or transfer from the SES but who left the VA before final action was taken. </p> <p> The VA may recoup an award, a bonus, or relocation expenses paid to a VA employee under specified circumstances.</p> <p> The VA may suspend, reprimand or admonish an SES employee for misconduct or performance that does not merit removal. Appeals may be made to the Senior Executive Disciplinary Appeals Board (as provided for by this bill). </p> <p>The bill amends the disability benefits appeals process.</p> <p> The bill prohibits payment of an award or bonus to any SES employee during each of FY2017-FY2021.</p>]]></text>
        </item>
      </billSummaries>
    </summaries>
    <introducedDate>2017-01-23</introducedDate>
    <policyArea>
      <name>Armed Forces and National Security</name>
    </policyArea>
    <constitutionalAuthorityStatementText><![CDATA[<pre>From the Congressional Record Online through the Government Publishing Office [<a href='http://www.gpo.gov'>www.gpo.gov</a>]By Mr. LAMBORN:H.R. 611.Congress has the power to enact this legislation pursuantto the following:Article I, Section 8.[Page H608]</pre>]]></constitutionalAuthorityStatementText>
  </bill>
  <dublinCore xmlns:dc="http://purl.org/dc/elements/1.1/">
    <dc:format>text/xml</dc:format>
    <dc:language>EN</dc:language>
    <dc:rights>Pursuant to Title 17 Section 105 of the United States Code, this file is not subject to copyright protection and is in the public domain.</dc:rights>
    <dc:contributor>Congressional Research Service, Library of Congress</dc:contributor>
    <dc:description>This file contains bill summaries and statuses for federal legislation. A bill summary describes the most significant provisions of a piece of legislation and details the effects the legislative text may have on current law and federal programs. Bill summaries are authored by the Congressional Research Service (CRS) of the Library of Congress. As stated in Public Law 91-510 (2 USC 166 (d)(6)), one of the duties of CRS is "to prepare summaries and digests of bills and resolutions of a public general nature introduced in the Senate or House of Representatives". For more information, refer to the User Guide that accompanies this file.</dc:description>
  </dublinCore>
</billStatus>

