<?xml version="1.0" encoding="UTF-8"?>
<billStatus>
  <bill>
    <introducedDate>2017-02-06</introducedDate>
    <billType>HR</billType>
    <summaries>
      <billSummaries>
        <item>
          <lastSummaryUpdateDate>2017-04-26T18:59:34Z</lastSummaryUpdateDate>
          <updateDate>2017-02-06T05:00:00Z</updateDate>
          <text><![CDATA[<p><b>North American Development Bank Improvement and General Capital Increase Authorization Act of 2017</b></p> <p>This bill authorizes the Department of the Treasury to subscribe to 150,000 additional shares of the capital stock of the North American Development Bank.</p> <p>The U.S. government shall support the financing of projects related to:</p> <ul> <li>natural gas, including natural gas pipelines and combined cycle power plants, with major emphasis on cross-border energy distribution and consumption and the energy security of the United States and Mexico; and</li> <li>the expansion or new construction of international land border crossings to facilitate the the flow of goods and people across the U.S.-Mexico border while reducing wait times and improving air quality related to vehicular and commercial traffic pollution.</li> </ul> <p>The U.S. government shall also require the bank to develop and implement:</p> <ul> <li> efficiency improvements to streamline and accelerate the bank's project certification and financing process, and </li> <li>performance measures that demonstrate how the bank's approved projects and financing are meeting its mission and providing value to the U.S.- Mexico border region.</li> </ul>]]></text>
          <actionDesc>Introduced in House</actionDesc>
          <versionCode>00</versionCode>
          <actionDate>2017-02-06</actionDate>
          <name>Introduced in House</name>
        </item>
      </billSummaries>
    </summaries>
    <cboCostEstimates />
    <policyArea>
      <name>International Affairs</name>
    </policyArea>
    <calendarNumbers />
    <relatedBills>
      <item>
        <number>1385</number>
        <latestAction>
          <actionDate>2017-06-20</actionDate>
          <text>Read twice and referred to the Committee on Foreign Relations. (text of measure as introduced: CR S3652)</text>
        </latestAction>
        <relationshipDetails>
          <item>
            <identifiedBy>CRS</identifiedBy>
            <type>Related bill</type>
          </item>
        </relationshipDetails>
        <latestTitle>North American Development Bank Improvement Act of 2017</latestTitle>
        <type>S</type>
        <congress>115</congress>
      </item>
    </relatedBills>
    <originChamber>House</originChamber>
    <amendments />
    <titles>
      <item>
        <titleType>Short Titles as Introduced</titleType>
        <chamberCode />
        <parentTitleType />
        <chamberName />
        <title>North American Development Bank Improvement and General Capital Increase Authorization Act of 2017</title>
      </item>
      <item>
        <titleType>Official Title as Introduced</titleType>
        <chamberCode />
        <parentTitleType />
        <chamberName />
        <title>To provide for a general capital increase for the North American Development Bank, and for other purposes.</title>
      </item>
      <item>
        <titleType>Display Title</titleType>
        <chamberCode />
        <parentTitleType />
        <chamberName />
        <title>North American Development Bank Improvement and General Capital Increase Authorization Act of 2017</title>
      </item>
      <item>
        <titleType>(Extracted from GPO) Short Titles as Introduced</titleType>
        <chamberCode />
        <parentTitleType />
        <chamberName />
        <title>North American Development Bank Improvement and General Capital Increase Authorization Act of 2017</title>
      </item>
    </titles>
    <createDate>2017-02-07T04:46:14Z</createDate>
    <constitutionalAuthorityStatementText><![CDATA[<pre>From the Congressional Record Online through the Government Publishing Office [<a href='http://www.gpo.gov'>www.gpo.gov</a>]By Mr. CUELLAR:H.R. 882.Congress has the power to enact this legislation pursuantto the following:Clause 3 of Section 8 of Article 1 of the Constitution.[Page H1013]</pre>]]></constitutionalAuthorityStatementText>
    <actions>
      <actionByCounts>
        <houseOfRepresentatives>3</houseOfRepresentatives>
      </actionByCounts>
      <item>
        <text>Referred to the House Committee on Financial Services.</text>
        <links />
        <sourceSystem>
          <code>2</code>
          <name>House floor actions</name>
        </sourceSystem>
        <actionDate>2017-02-06</actionDate>
        <actionCode>H11100</actionCode>
        <committee>
          <systemCode>hsba00</systemCode>
          <name>Financial Services Committee</name>
        </committee>
        <type>IntroReferral</type>
      </item>
      <item>
        <text>Introduced in House</text>
        <links />
        <sourceSystem>
          <code>9</code>
          <name>Library of Congress</name>
        </sourceSystem>
        <actionDate>2017-02-06</actionDate>
        <actionCode>Intro-H</actionCode>
        <committee />
        <type>IntroReferral</type>
      </item>
      <item>
        <text>Introduced in House</text>
        <links />
        <sourceSystem>
          <code>9</code>
          <name>Library of Congress</name>
        </sourceSystem>
        <actionDate>2017-02-06</actionDate>
        <actionCode>1000</actionCode>
        <committee />
        <type>IntroReferral</type>
      </item>
      <actionTypeCounts>
        <introducedInTheHouse>1</introducedInTheHouse>
        <introducedInHouse>1</introducedInHouse>
        <billReferrals>1</billReferrals>
      </actionTypeCounts>
    </actions>
    <laws />
    <version>1.0.0</version>
    <cosponsors>
      <item>
        <fullName>Rep. Hurd, Will [R-TX-23]</fullName>
        <middleName />
        <identifiers>
          <lisID>2269</lisID>
          <gpoId />
          <bioguideId>H001073</bioguideId>
        </identifiers>
        <firstName>Will</firstName>
        <party>R</party>
        <bioguideId>H001073</bioguideId>
        <sponsorshipDate>2017-02-06</sponsorshipDate>
        <sponsorshipWithdrawnDate />
        <state>TX</state>
        <lastName>Hurd</lastName>
        <isOriginalCosponsor>True</isOriginalCosponsor>
        <district>23</district>
      </item>
      <item>
        <fullName>Rep. Green, Gene [D-TX-29]</fullName>
        <middleName />
        <identifiers>
          <bioguideId>G000410</bioguideId>
          <gpoId>8185</gpoId>
          <lisID>462</lisID>
        </identifiers>
        <firstName>GENE</firstName>
        <party>D</party>
        <bioguideId>G000410</bioguideId>
        <sponsorshipDate>2017-02-06</sponsorshipDate>
        <sponsorshipWithdrawnDate />
        <state>TX</state>
        <lastName>GREEN</lastName>
        <isOriginalCosponsor>True</isOriginalCosponsor>
        <district>29</district>
      </item>
      <item>
        <fullName>Rep. Doggett, Lloyd [D-TX-35]</fullName>
        <middleName />
        <identifiers>
          <lisID>303</lisID>
          <gpoId>8181</gpoId>
          <bioguideId>D000399</bioguideId>
        </identifiers>
        <firstName>LLOYD</firstName>
        <party>D</party>
        <bioguideId>D000399</bioguideId>
        <sponsorshipDate>2017-02-06</sponsorshipDate>
        <sponsorshipWithdrawnDate />
        <state>TX</state>
        <lastName>DOGGETT</lastName>
        <isOriginalCosponsor>True</isOriginalCosponsor>
        <district>35</district>
      </item>
      <item>
        <fullName>Rep. Gonzalez, Vicente [D-TX-15]</fullName>
        <middleName />
        <identifiers>
          <lisID>2349</lisID>
          <gpoId />
          <bioguideId>G000581</bioguideId>
        </identifiers>
        <firstName>Vicente</firstName>
        <party>D</party>
        <bioguideId>G000581</bioguideId>
        <sponsorshipDate>2017-02-06</sponsorshipDate>
        <sponsorshipWithdrawnDate />
        <state>TX</state>
        <lastName>Gonzalez</lastName>
        <isOriginalCosponsor>True</isOriginalCosponsor>
        <district>15</district>
      </item>
      <item>
        <fullName>Rep. Green, Al [D-TX-9]</fullName>
        <middleName />
        <identifiers>
          <gpoId>8165</gpoId>
          <bioguideId>G000553</bioguideId>
          <lisID>1803</lisID>
        </identifiers>
        <firstName>Al</firstName>
        <party>D</party>
        <bioguideId>G000553</bioguideId>
        <sponsorshipDate>2017-02-06</sponsorshipDate>
        <sponsorshipWithdrawnDate />
        <state>TX</state>
        <lastName>Green</lastName>
        <isOriginalCosponsor>True</isOriginalCosponsor>
        <district>9</district>
      </item>
      <item>
        <fullName>Rep. O'Rourke, Beto [D-TX-16]</fullName>
        <middleName />
        <identifiers>
          <lisID>2162</lisID>
          <gpoId />
          <bioguideId>O000170</bioguideId>
        </identifiers>
        <firstName>Beto</firstName>
        <party>D</party>
        <bioguideId>O000170</bioguideId>
        <sponsorshipDate>2017-02-06</sponsorshipDate>
        <sponsorshipWithdrawnDate />
        <state>TX</state>
        <lastName>O'Rourke</lastName>
        <isOriginalCosponsor>True</isOriginalCosponsor>
        <district>16</district>
      </item>
      <item>
        <fullName>Rep. Vela, Filemon [D-TX-34]</fullName>
        <middleName />
        <identifiers>
          <lisID>2167</lisID>
          <gpoId />
          <bioguideId>V000132</bioguideId>
        </identifiers>
        <firstName>Filemon</firstName>
        <party>D</party>
        <bioguideId>V000132</bioguideId>
        <sponsorshipDate>2017-02-06</sponsorshipDate>
        <sponsorshipWithdrawnDate />
        <state>TX</state>
        <lastName>Vela</lastName>
        <isOriginalCosponsor>True</isOriginalCosponsor>
        <district>34</district>
      </item>
    </cosponsors>
    <billNumber>882</billNumber>
    <committeeReports />
    <notes />
    <latestAction>
      <actionDate>2017-02-06</actionDate>
      <text>Referred to the House Committee on Financial Services.</text>
      <links />
    </latestAction>
    <committees>
      <billCommittees>
        <item>
          <name>Financial Services Committee</name>
          <subcommittees />
          <systemCode>hsba00</systemCode>
          <chamber>House</chamber>
          <activities>
            <item>
              <date>2017-02-06T17:01:15Z</date>
              <name>Referred to</name>
            </item>
          </activities>
          <type>Standing</type>
        </item>
      </billCommittees>
    </committees>
    <updateDate>2018-03-30T14:01:43Z</updateDate>
    <title>North American Development Bank Improvement and General Capital Increase Authorization Act of 2017</title>
    <sponsors>
      <item>
        <fullName>Rep. Cuellar, Henry [D-TX-28]</fullName>
        <state>TX</state>
        <lastName>Cuellar</lastName>
        <bioguideId>C001063</bioguideId>
        <district>28</district>
        <middleName />
        <byRequestType />
        <party>D</party>
        <identifiers>
          <lisID>1807</lisID>
          <gpoId>8184</gpoId>
          <bioguideId>C001063</bioguideId>
        </identifiers>
        <firstName>Henry</firstName>
      </item>
    </sponsors>
    <congress>115</congress>
    <recordedVotes />
    <subjects>
      <billSubjects>
        <legislativeSubjects>
          <item>
            <name>Air quality</name>
          </item>
          <item>
            <name>Congressional oversight</name>
          </item>
          <item>
            <name>Energy storage, supplies, demand</name>
          </item>
          <item>
            <name>Foreign loans and debt</name>
          </item>
          <item>
            <name>Latin America</name>
          </item>
          <item>
            <name>Mexico</name>
          </item>
          <item>
            <name>Motor vehicles</name>
          </item>
          <item>
            <name>Multilateral development programs</name>
          </item>
          <item>
            <name>North America</name>
          </item>
          <item>
            <name>Oil and gas</name>
          </item>
          <item>
            <name>Performance measurement</name>
          </item>
          <item>
            <name>Pipelines</name>
          </item>
          <item>
            <name>Roads and highways</name>
          </item>
        </legislativeSubjects>
        <policyArea>
          <name>International Affairs</name>
        </policyArea>
      </billSubjects>
    </subjects>
  </bill>
  <dublinCore xmlns:dc="http://purl.org/dc/elements/1.1/">
    <dc:format>text/xml</dc:format>
    <dc:language>EN</dc:language>
    <dc:rights>Pursuant to Title 17 Section 105 of the United States Code, this file is not subject to copyright protection and is in the public domain.</dc:rights>
    <dc:contributor>Congressional Research Service, Library of Congress</dc:contributor>
    <dc:description>This file contains bill summaries and statuses for federal legislation. A bill summary describes the most significant provisions of a piece of legislation and details the effects the legislative text may have on current law and federal programs. Bill summaries are authored by the Congressional Research Service (CRS) of the Library of Congress. As stated in Public Law 91-510 (2 USC 166 (d)(6)), one of the duties of CRS is "to prepare summaries and digests of bills and resolutions of a public general nature introduced in the Senate or House of Representatives". For more information, refer to the User Guide that accompanies this file.</dc:description>
  </dublinCore>
</billStatus>

