<?xml version="1.0" encoding="UTF-8"?>
<billStatus>
  <bill>
    <billNumber>259</billNumber>
    <relatedBills />
    <originChamber>House</originChamber>
    <recordedVotes />
    <latestAction>
      <text>Referred to the House Committee on Energy and Commerce.</text>
      <links />
      <actionDate>2017-01-04</actionDate>
    </latestAction>
    <createDate>2017-01-05T04:47:33Z</createDate>
    <title>To prevent the territories of the United States from losing current Medicaid funding.</title>
    <summaries>
      <billSummaries>
        <item>
          <text><![CDATA[<p>This bill amends the Health Care and Education Reconciliation Act of 2010 to require the Centers for Medicare &amp; Medicaid Services to annually allocate, to each U.S. territory,&nbsp;at least as much Medicaid funding for primary care services as&nbsp;was allocated to the territory&nbsp;in 2017.</p>]]></text>
          <versionCode>00</versionCode>
          <actionDate>2017-01-04</actionDate>
          <name>Introduced in House</name>
          <actionDesc>Introduced in House</actionDesc>
          <lastSummaryUpdateDate>2017-03-06T18:33:53Z</lastSummaryUpdateDate>
          <updateDate>2017-01-04T05:00:00Z</updateDate>
        </item>
      </billSummaries>
    </summaries>
    <actions>
      <actionTypeCounts>
        <introducedInHouse>1</introducedInHouse>
        <introducedInTheHouse>1</introducedInTheHouse>
        <billReferrals>1</billReferrals>
      </actionTypeCounts>
      <item>
        <type>IntroReferral</type>
        <text>Referred to the House Committee on Energy and Commerce.</text>
        <links />
        <committee>
          <systemCode>hsif00</systemCode>
          <name>Energy and Commerce Committee</name>
        </committee>
        <sourceSystem>
          <code>2</code>
          <name>House floor actions</name>
        </sourceSystem>
        <actionDate>2017-01-04</actionDate>
        <actionCode>H11100</actionCode>
      </item>
      <item>
        <type>IntroReferral</type>
        <text>Introduced in House</text>
        <links />
        <committee />
        <sourceSystem>
          <code>9</code>
          <name>Library of Congress</name>
        </sourceSystem>
        <actionDate>2017-01-04</actionDate>
        <actionCode>Intro-H</actionCode>
      </item>
      <item>
        <type>IntroReferral</type>
        <text>Introduced in House</text>
        <links />
        <committee />
        <sourceSystem>
          <code>9</code>
          <name>Library of Congress</name>
        </sourceSystem>
        <actionDate>2017-01-04</actionDate>
        <actionCode>1000</actionCode>
      </item>
      <actionByCounts>
        <houseOfRepresentatives>3</houseOfRepresentatives>
      </actionByCounts>
    </actions>
    <updateDate>2018-02-06T16:40:36Z</updateDate>
    <amendments />
    <notes />
    <sponsors>
      <item>
        <bioguideId>G000582</bioguideId>
        <district>0</district>
        <middleName />
        <byRequestType />
        <firstName>Jenniffer</firstName>
        <lastName>Gonzalez-Colon</lastName>
        <state>PR</state>
        <party>R</party>
        <identifiers>
          <gpoId />
          <lisID>2347</lisID>
          <bioguideId>G000582</bioguideId>
        </identifiers>
        <fullName>Rep. Gonzalez-Colon, Jenniffer [R-PR-At Large]</fullName>
      </item>
    </sponsors>
    <committees>
      <billCommittees>
        <item>
          <systemCode>hsif00</systemCode>
          <chamber>House</chamber>
          <type>Standing</type>
          <activities>
            <item>
              <date>2017-01-04T15:06:45Z</date>
              <name>Referred to</name>
            </item>
          </activities>
          <name>Energy and Commerce Committee</name>
          <subcommittees />
        </item>
      </billCommittees>
    </committees>
    <cosponsors>
      <item>
        <isOriginalCosponsor>False</isOriginalCosponsor>
        <firstName>Aumua Amata</firstName>
        <party>R</party>
        <sponsorshipDate>2017-06-16</sponsorshipDate>
        <lastName>Radewagen</lastName>
        <bioguideId>R000600</bioguideId>
        <middleName>Coleman</middleName>
        <identifiers>
          <bioguideId>R000600</bioguideId>
          <lisID>2222</lisID>
          <gpoId />
        </identifiers>
        <fullName>Rep. Radewagen, Aumua Amata Coleman [R-AS-At Large]</fullName>
        <state>AS</state>
        <district>0</district>
        <sponsorshipWithdrawnDate />
      </item>
      <item>
        <isOriginalCosponsor>False</isOriginalCosponsor>
        <firstName>Darren</firstName>
        <party>D</party>
        <sponsorshipDate>2017-06-16</sponsorshipDate>
        <lastName>Soto</lastName>
        <bioguideId>S001200</bioguideId>
        <middleName />
        <identifiers>
          <bioguideId>S001200</bioguideId>
          <lisID>2319</lisID>
          <gpoId />
        </identifiers>
        <fullName>Rep. Soto, Darren [D-FL-9]</fullName>
        <state>FL</state>
        <district>9</district>
        <sponsorshipWithdrawnDate />
      </item>
    </cosponsors>
    <constitutionalAuthorityStatementText><![CDATA[<pre>[Pages H96-H97]From the Congressional Record Online through the Government Publishing Office [<a href='http://www.gpo.gov'>www.gpo.gov</a>]By Ms. GABBARD:H.R. 258.Congress has the power to enact this legislation pursuantto the following:Article 1, Section 9, Clause 7Article 1, Section 8, Clause 1Article 1, Section 8, Clause 18[[Page H97]]By Miss GONZALEZ-COLON of Puerto Rico:H.R. 259.Congress has the power to enact this legislation pursuantto the following:Article 4, Section 3, Clause 2By Miss GONZALEZ-COLON of Puerto Rico:H.R. 260.Congress has the power to enact this legislation pursuantto the following:Article IV, Section 3, Clause 2By Miss GONZALEZ-COLON of Puerto Rico:H.R. 261.Congress has the power to enact this legislation pursuantto the following:Article 4, Section 3, Clause 2</pre>]]></constitutionalAuthorityStatementText>
    <policyArea>
      <name>Health</name>
    </policyArea>
    <cboCostEstimates />
    <laws />
    <congress>115</congress>
    <version>1.0.0</version>
    <introducedDate>2017-01-04</introducedDate>
    <committeeReports />
    <titles>
      <item>
        <chamberCode />
        <titleType>Official Title as Introduced</titleType>
        <parentTitleType />
        <chamberName />
        <title>To prevent the territories of the United States from losing current Medicaid funding.</title>
      </item>
      <item>
        <chamberCode />
        <titleType>Display Title</titleType>
        <parentTitleType />
        <chamberName />
        <title>To prevent the territories of the United States from losing current Medicaid funding.</title>
      </item>
    </titles>
    <calendarNumbers />
    <subjects>
      <billSubjects>
        <policyArea>
          <name>Health</name>
        </policyArea>
        <legislativeSubjects>
          <item>
            <name>Health programs administration and funding</name>
          </item>
          <item>
            <name>Medicaid</name>
          </item>
          <item>
            <name>U.S. territories and protectorates</name>
          </item>
        </legislativeSubjects>
      </billSubjects>
    </subjects>
    <billType>HR</billType>
  </bill>
  <dublinCore xmlns:dc="http://purl.org/dc/elements/1.1/">
    <dc:format>text/xml</dc:format>
    <dc:language>EN</dc:language>
    <dc:rights>Pursuant to Title 17 Section 105 of the United States Code, this file is not subject to copyright protection and is in the public domain.</dc:rights>
    <dc:contributor>Congressional Research Service, Library of Congress</dc:contributor>
    <dc:description>This file contains bill summaries and statuses for federal legislation. A bill summary describes the most significant provisions of a piece of legislation and details the effects the legislative text may have on current law and federal programs. Bill summaries are authored by the Congressional Research Service (CRS) of the Library of Congress. As stated in Public Law 91-510 (2 USC 166 (d)(6)), one of the duties of CRS is "to prepare summaries and digests of bills and resolutions of a public general nature introduced in the Senate or House of Representatives". For more information, refer to the User Guide that accompanies this file.</dc:description>
  </dublinCore>
</billStatus>

