<?xml version="1.0" encoding="UTF-8"?>
<billStatus>
  <bill>
    <titles>
      <item>
        <titleType>Official Title as Introduced</titleType>
        <chamberCode />
        <chamberName />
        <parentTitleType />
        <title>To provide for a comprehensive assessment of the scientific and technical research on the implications of the use of mid-level ethanol blends, and for other purposes.</title>
      </item>
      <item>
        <titleType>Display Title</titleType>
        <chamberCode />
        <chamberName />
        <parentTitleType />
        <title>To provide for a comprehensive assessment of the scientific and technical research on the implications of the use of mid-level ethanol blends, and for other purposes.</title>
      </item>
    </titles>
    <policyArea>
      <name>Energy</name>
    </policyArea>
    <amendments />
    <billNumber>777</billNumber>
    <version>1.0.0</version>
    <congress>115</congress>
    <calendarNumbers />
    <createDate>2017-02-01T04:48:47Z</createDate>
    <updateDate>2018-03-30T14:01:16Z</updateDate>
    <latestAction>
      <actionDate>2017-04-25</actionDate>
      <links />
      <text>Referred to the Subcommittee on Environment.</text>
    </latestAction>
    <laws />
    <sponsors>
      <item>
        <fullName>Rep. Sensenbrenner, F. James, Jr. [R-WI-5]</fullName>
        <bioguideId>S000244</bioguideId>
        <lastName>SENSENBRENNER</lastName>
        <byRequestType />
        <firstName>F.</firstName>
        <district>5</district>
        <state>WI</state>
        <middleName>JAMES</middleName>
        <party>R</party>
        <identifiers>
          <bioguideId>S000244</bioguideId>
          <gpoId>8218</gpoId>
          <lisID>1041</lisID>
        </identifiers>
      </item>
    </sponsors>
    <originChamber>House</originChamber>
    <constitutionalAuthorityStatementText><![CDATA[<pre>From the Congressional Record Online through the Government Publishing Office [<a href='http://www.gpo.gov'>www.gpo.gov</a>]By Mr. SENSENBRENNER:H.R. 777.Congress has the power to enact this legislation pursuantto the following:Article I, Section 8, Clause 3[Page H820]</pre>]]></constitutionalAuthorityStatementText>
    <cosponsors>
      <item>
        <sponsorshipWithdrawnDate />
        <identifiers>
          <gpoId>8117</gpoId>
          <lisID>279</lisID>
          <bioguideId>D000191</bioguideId>
        </identifiers>
        <party>D</party>
        <district>4</district>
        <state>OR</state>
        <sponsorshipDate>2017-02-06</sponsorshipDate>
        <bioguideId>D000191</bioguideId>
        <fullName>Rep. DeFazio, Peter A. [D-OR-4]</fullName>
        <middleName>A.</middleName>
        <firstName>PETER</firstName>
        <isOriginalCosponsor>False</isOriginalCosponsor>
        <lastName>DEFAZIO</lastName>
      </item>
      <item>
        <sponsorshipWithdrawnDate />
        <identifiers>
          <gpoId>7884</gpoId>
          <bioguideId>R000593</bioguideId>
          <lisID>2003</lisID>
        </identifiers>
        <party>R</party>
        <district>15</district>
        <state>FL</state>
        <sponsorshipDate>2017-05-04</sponsorshipDate>
        <bioguideId>R000593</bioguideId>
        <fullName>Rep. Ross, Dennis A. [R-FL-15]</fullName>
        <middleName>A.</middleName>
        <firstName>Dennis</firstName>
        <isOriginalCosponsor>False</isOriginalCosponsor>
        <lastName>Ross</lastName>
      </item>
    </cosponsors>
    <billType>HR</billType>
    <notes />
    <summaries>
      <billSummaries>
        <item>
          <actionDesc>Introduced in House</actionDesc>
          <versionCode>00</versionCode>
          <lastSummaryUpdateDate>2017-02-14T20:45:34Z</lastSummaryUpdateDate>
          <name>Introduced in House</name>
          <updateDate>2017-01-31T05:00:00Z</updateDate>
          <actionDate>2017-01-31</actionDate>
          <text><![CDATA[<p>This bill requires the Office of Research and Development at the Environmental Protection Agency to enter into an agreement with the National Academy of Sciences to provide a comprehensive assessment of research on the implications of the use of mid-level ethanol blends, which compares mid-level ethanol blends to gasoline blends containing 10% or 0% ethanol. A mid-level ethanol blend is an ethanol-gasoline blend containing 10%- 20% of ethanol that is intended to be used in any conventional gasoline-powered motor vehicle or nonroad vehicle or engine.</p> <p> The assessment must: (1) evaluate the environmental, safety, durability, and performance effects of the introduction of mid-level blends on onroad, nonroad, and marine engines, onroad and nonroad vehicles, and related equipment; and (2) identify areas of research, development, and testing necessary to ensure that existing motor fuel infrastructure is not adversely impacted by mid-level ethanol blends and to reduce the risk of misfueling by users at various points in the distribution and supply chain.</p> <p>The office must report on the assessment's findings. Any waivers granted under the Clean Air Act to allow the sale of mid-level ethanol blends for use in motor vehicles are nullified. The office is also prohibited from granting new waivers until after the report is submitted. </p>]]></text>
        </item>
      </billSummaries>
    </summaries>
    <relatedBills />
    <committees>
      <billCommittees>
        <item>
          <chamber>House</chamber>
          <name>Science, Space, and Technology Committee</name>
          <subcommittees>
            <item>
              <name>Environment Subcommittee</name>
              <systemCode>hssy18</systemCode>
              <activities>
                <item>
                  <name>Referred to</name>
                  <date>2017-04-25T14:33:17Z</date>
                </item>
              </activities>
            </item>
          </subcommittees>
          <activities>
            <item>
              <name>Referred to</name>
              <date>2017-01-31T15:00:30Z</date>
            </item>
          </activities>
          <type>Standing</type>
          <systemCode>hssy00</systemCode>
        </item>
        <item>
          <chamber>House</chamber>
          <name>Energy and Commerce Committee</name>
          <subcommittees>
            <item>
              <name>Environment and the Economy Subcommittee</name>
              <systemCode>hsif18</systemCode>
              <activities>
                <item>
                  <name>Referred to</name>
                  <date>2017-02-03T15:59:40Z</date>
                </item>
              </activities>
            </item>
          </subcommittees>
          <activities>
            <item>
              <name>Referred to</name>
              <date>2017-01-31T15:00:35Z</date>
            </item>
          </activities>
          <type>Standing</type>
          <systemCode>hsif00</systemCode>
        </item>
      </billCommittees>
    </committees>
    <cboCostEstimates />
    <subjects>
      <billSubjects>
        <legislativeSubjects>
          <item>
            <name>Administrative remedies</name>
          </item>
          <item>
            <name>Air quality</name>
          </item>
          <item>
            <name>Alternative and renewable resources</name>
          </item>
          <item>
            <name>Congressional oversight</name>
          </item>
          <item>
            <name>Consumer affairs</name>
          </item>
          <item>
            <name>Energy efficiency and conservation</name>
          </item>
          <item>
            <name>Energy research</name>
          </item>
          <item>
            <name>Environmental Protection Agency (EPA)</name>
          </item>
          <item>
            <name>Environmental assessment, monitoring, research</name>
          </item>
          <item>
            <name>Motor fuels</name>
          </item>
          <item>
            <name>Motor vehicles</name>
          </item>
          <item>
            <name>Research administration and funding</name>
          </item>
          <item>
            <name>Research and development</name>
          </item>
        </legislativeSubjects>
        <policyArea>
          <name>Energy</name>
        </policyArea>
      </billSubjects>
    </subjects>
    <committeeReports />
    <title>To provide for a comprehensive assessment of the scientific and technical research on the implications of the use of mid-level ethanol blends, and for other purposes.</title>
    <recordedVotes />
    <actions>
      <actionTypeCounts>
        <introducedInHouse>1</introducedInHouse>
        <introducedInTheHouse>1</introducedInTheHouse>
        <placeholderTextForH>2</placeholderTextForH>
        <billReferrals>2</billReferrals>
        <billReferralsAggregate>1</billReferralsAggregate>
      </actionTypeCounts>
      <item>
        <actionDate>2017-04-25</actionDate>
        <committee>
          <systemCode>hssy18</systemCode>
          <name>Environment Subcommittee</name>
        </committee>
        <links />
        <sourceSystem>
          <code>1</code>
          <name>House committee actions</name>
        </sourceSystem>
        <text>Referred to the Subcommittee on Environment.</text>
        <type>Committee</type>
      </item>
      <item>
        <actionDate>2017-02-03</actionDate>
        <committee>
          <systemCode>hsif18</systemCode>
          <name>Environment and the Economy Subcommittee</name>
        </committee>
        <links />
        <sourceSystem>
          <code>1</code>
          <name>House committee actions</name>
        </sourceSystem>
        <text>Referred to the Subcommittee on Environment.</text>
        <type>Committee</type>
      </item>
      <item>
        <actionDate>2017-01-31</actionDate>
        <type>IntroReferral</type>
        <links />
        <text>Referred to House Energy and Commerce</text>
        <actionCode>H11100</actionCode>
        <sourceSystem>
          <code>2</code>
          <name>House floor actions</name>
        </sourceSystem>
        <committee>
          <systemCode>hsif00</systemCode>
          <name>Energy and Commerce Committee</name>
        </committee>
      </item>
      <item>
        <actionDate>2017-01-31</actionDate>
        <type>IntroReferral</type>
        <links />
        <text>Referred to House Science, Space, and Technology</text>
        <actionCode>H11100</actionCode>
        <sourceSystem>
          <code>2</code>
          <name>House floor actions</name>
        </sourceSystem>
        <committee>
          <systemCode>hssy00</systemCode>
          <name>Science, Space, and Technology Committee</name>
        </committee>
      </item>
      <item>
        <actionDate>2017-01-31</actionDate>
        <type>IntroReferral</type>
        <links />
        <text>Referred to the Committee on Science, Space, and Technology, and in addition to the Committee on Energy and Commerce, for a period to be subsequently determined by the Speaker, in each case for consideration of such provisions as fall within the jurisdiction of the committee concerned.</text>
        <actionCode>H11100-A</actionCode>
        <sourceSystem>
          <code>9</code>
          <name>Library of Congress</name>
        </sourceSystem>
        <committee />
      </item>
      <item>
        <actionDate>2017-01-31</actionDate>
        <type>IntroReferral</type>
        <links />
        <text>Introduced in House</text>
        <actionCode>Intro-H</actionCode>
        <sourceSystem>
          <code>9</code>
          <name>Library of Congress</name>
        </sourceSystem>
        <committee />
      </item>
      <item>
        <actionDate>2017-01-31</actionDate>
        <type>IntroReferral</type>
        <links />
        <text>Introduced in House</text>
        <actionCode>1000</actionCode>
        <sourceSystem>
          <code>9</code>
          <name>Library of Congress</name>
        </sourceSystem>
        <committee />
      </item>
      <actionByCounts>
        <houseOfRepresentatives>7</houseOfRepresentatives>
      </actionByCounts>
    </actions>
    <introducedDate>2017-01-31</introducedDate>
  </bill>
  <dublinCore xmlns:dc="http://purl.org/dc/elements/1.1/">
    <dc:format>text/xml</dc:format>
    <dc:language>EN</dc:language>
    <dc:rights>Pursuant to Title 17 Section 105 of the United States Code, this file is not subject to copyright protection and is in the public domain.</dc:rights>
    <dc:contributor>Congressional Research Service, Library of Congress</dc:contributor>
    <dc:description>This file contains bill summaries and statuses for federal legislation. A bill summary describes the most significant provisions of a piece of legislation and details the effects the legislative text may have on current law and federal programs. Bill summaries are authored by the Congressional Research Service (CRS) of the Library of Congress. As stated in Public Law 91-510 (2 USC 166 (d)(6)), one of the duties of CRS is "to prepare summaries and digests of bills and resolutions of a public general nature introduced in the Senate or House of Representatives". For more information, refer to the User Guide that accompanies this file.</dc:description>
  </dublinCore>
</billStatus>

