<?xml version="1.0" encoding="UTF-8"?>
<billStatus>
  <bill>
    <cosponsors>
      <item>
        <firstName>Jody</firstName>
        <identifiers>
          <lisID>2237</lisID>
          <gpoId />
          <bioguideId>H001071</bioguideId>
        </identifiers>
        <sponsorshipWithdrawnDate />
        <district>10</district>
        <middleName>B.</middleName>
        <state>GA</state>
        <lastName>Hice</lastName>
        <sponsorshipDate>2017-01-27</sponsorshipDate>
        <isOriginalCosponsor>False</isOriginalCosponsor>
        <bioguideId>H001071</bioguideId>
        <fullName>Rep. Hice, Jody B. [R-GA-10]</fullName>
        <party>R</party>
      </item>
      <item>
        <firstName>SANFORD</firstName>
        <identifiers>
          <bioguideId>B000490</bioguideId>
          <gpoId>7899</gpoId>
          <lisID>91</lisID>
        </identifiers>
        <sponsorshipWithdrawnDate />
        <district>2</district>
        <middleName>D.</middleName>
        <state>GA</state>
        <lastName>BISHOP</lastName>
        <sponsorshipDate>2017-01-27</sponsorshipDate>
        <isOriginalCosponsor>False</isOriginalCosponsor>
        <bioguideId>B000490</bioguideId>
        <fullName>Rep. Bishop, Sanford D., Jr. [D-GA-2]</fullName>
        <party>D</party>
      </item>
      <item>
        <firstName>ADAM</firstName>
        <identifiers>
          <gpoId>7834</gpoId>
          <lisID>1635</lisID>
          <bioguideId>S001150</bioguideId>
        </identifiers>
        <sponsorshipWithdrawnDate />
        <district>28</district>
        <middleName>B.</middleName>
        <state>CA</state>
        <lastName>SCHIFF</lastName>
        <sponsorshipDate>2017-01-27</sponsorshipDate>
        <isOriginalCosponsor>False</isOriginalCosponsor>
        <bioguideId>S001150</bioguideId>
        <fullName>Rep. Schiff, Adam B. [D-CA-28]</fullName>
        <party>D</party>
      </item>
      <item>
        <firstName>Ruben</firstName>
        <identifiers>
          <lisID>2226</lisID>
          <gpoId />
          <bioguideId>G000574</bioguideId>
        </identifiers>
        <sponsorshipWithdrawnDate />
        <district>7</district>
        <middleName />
        <state>AZ</state>
        <lastName>Gallego</lastName>
        <sponsorshipDate>2017-01-27</sponsorshipDate>
        <isOriginalCosponsor>False</isOriginalCosponsor>
        <bioguideId>G000574</bioguideId>
        <fullName>Rep. Gallego, Ruben [D-AZ-7]</fullName>
        <party>D</party>
      </item>
      <item>
        <firstName>Cedric</firstName>
        <identifiers>
          <bioguideId>R000588</bioguideId>
          <lisID>2023</lisID>
          <gpoId>7960</gpoId>
        </identifiers>
        <sponsorshipWithdrawnDate />
        <district>2</district>
        <middleName>L.</middleName>
        <state>LA</state>
        <lastName>Richmond</lastName>
        <sponsorshipDate>2017-01-27</sponsorshipDate>
        <isOriginalCosponsor>False</isOriginalCosponsor>
        <bioguideId>R000588</bioguideId>
        <fullName>Rep. Richmond, Cedric L. [D-LA-2]</fullName>
        <party>D</party>
      </item>
      <item>
        <firstName>Stacey</firstName>
        <identifiers>
          <lisID>2274</lisID>
          <gpoId />
          <bioguideId>P000610</bioguideId>
        </identifiers>
        <sponsorshipWithdrawnDate />
        <district>0</district>
        <middleName>E.</middleName>
        <state>VI</state>
        <lastName>Plaskett</lastName>
        <sponsorshipDate>2017-01-27</sponsorshipDate>
        <isOriginalCosponsor>False</isOriginalCosponsor>
        <bioguideId>P000610</bioguideId>
        <fullName>Rep. Plaskett, Stacey E. [D-VI-At Large]</fullName>
        <party>D</party>
      </item>
      <item>
        <firstName>BENNIE</firstName>
        <identifiers>
          <gpoId>8020</gpoId>
          <bioguideId>T000193</bioguideId>
          <lisID>1151</lisID>
        </identifiers>
        <sponsorshipWithdrawnDate />
        <district>2</district>
        <middleName />
        <state>MS</state>
        <lastName>THOMPSON</lastName>
        <sponsorshipDate>2017-01-27</sponsorshipDate>
        <isOriginalCosponsor>False</isOriginalCosponsor>
        <bioguideId>T000193</bioguideId>
        <fullName>Rep. Thompson, Bennie G. [D-MS-2]</fullName>
        <party>D</party>
      </item>
      <item>
        <firstName>G. K.</firstName>
        <identifiers>
          <bioguideId>B001251</bioguideId>
          <gpoId>8024</gpoId>
          <lisID>1761</lisID>
        </identifiers>
        <sponsorshipWithdrawnDate />
        <district>1</district>
        <middleName />
        <state>NC</state>
        <lastName>Butterfield</lastName>
        <sponsorshipDate>2017-01-27</sponsorshipDate>
        <isOriginalCosponsor>False</isOriginalCosponsor>
        <bioguideId>B001251</bioguideId>
        <fullName>Rep. Butterfield, G. K. [D-NC-1]</fullName>
        <party>D</party>
      </item>
      <item>
        <firstName>Jared</firstName>
        <identifiers>
          <lisID>2101</lisID>
          <gpoId />
          <bioguideId>H001068</bioguideId>
        </identifiers>
        <sponsorshipWithdrawnDate />
        <district>2</district>
        <middleName />
        <state>CA</state>
        <lastName>Huffman</lastName>
        <sponsorshipDate>2017-01-27</sponsorshipDate>
        <isOriginalCosponsor>False</isOriginalCosponsor>
        <bioguideId>H001068</bioguideId>
        <fullName>Rep. Huffman, Jared [D-CA-2]</fullName>
        <party>D</party>
      </item>
      <item>
        <firstName>ELEANOR</firstName>
        <identifiers>
          <lisID>868</lisID>
          <gpoId>7871</gpoId>
          <bioguideId>N000147</bioguideId>
        </identifiers>
        <sponsorshipWithdrawnDate />
        <district>0</district>
        <middleName>HOLMES</middleName>
        <state>DC</state>
        <lastName>NORTON</lastName>
        <sponsorshipDate>2017-01-27</sponsorshipDate>
        <isOriginalCosponsor>False</isOriginalCosponsor>
        <bioguideId>N000147</bioguideId>
        <fullName>Rep. Norton, Eleanor Holmes [D-DC-At Large]</fullName>
        <party>D</party>
      </item>
      <item>
        <firstName>Steve</firstName>
        <identifiers>
          <bioguideId>C001068</bioguideId>
          <gpoId>8156</gpoId>
          <lisID>1878</lisID>
        </identifiers>
        <sponsorshipWithdrawnDate />
        <district>9</district>
        <middleName />
        <state>TN</state>
        <lastName>Cohen</lastName>
        <sponsorshipDate>2017-01-27</sponsorshipDate>
        <isOriginalCosponsor>False</isOriginalCosponsor>
        <bioguideId>C001068</bioguideId>
        <fullName>Rep. Cohen, Steve [D-TN-9]</fullName>
        <party>D</party>
      </item>
      <item>
        <firstName>SHEILA</firstName>
        <identifiers>
          <lisID>588</lisID>
          <gpoId>8174</gpoId>
          <bioguideId>J000032</bioguideId>
        </identifiers>
        <sponsorshipWithdrawnDate />
        <district>18</district>
        <middleName />
        <state>TX</state>
        <lastName>JACKSON LEE</lastName>
        <sponsorshipDate>2017-01-27</sponsorshipDate>
        <isOriginalCosponsor>False</isOriginalCosponsor>
        <bioguideId>J000032</bioguideId>
        <fullName>Rep. Jackson Lee, Sheila [D-TX-18]</fullName>
        <party>D</party>
      </item>
      <item>
        <firstName>SANDER</firstName>
        <identifiers>
          <lisID>683</lisID>
          <gpoId>7997</gpoId>
          <bioguideId>L000263</bioguideId>
        </identifiers>
        <sponsorshipWithdrawnDate />
        <district>9</district>
        <middleName>M.</middleName>
        <state>MI</state>
        <lastName>LEVIN</lastName>
        <sponsorshipDate>2017-01-27</sponsorshipDate>
        <isOriginalCosponsor>False</isOriginalCosponsor>
        <bioguideId>L000263</bioguideId>
        <fullName>Rep. Levin, Sander M. [D-MI-9]</fullName>
        <party>D</party>
      </item>
      <item>
        <firstName>ALCEE</firstName>
        <identifiers>
          <bioguideId>H000324</bioguideId>
          <gpoId>7895</gpoId>
          <lisID>511</lisID>
        </identifiers>
        <sponsorshipWithdrawnDate />
        <district>20</district>
        <middleName>L.</middleName>
        <state>FL</state>
        <lastName>HASTINGS</lastName>
        <sponsorshipDate>2017-01-27</sponsorshipDate>
        <isOriginalCosponsor>False</isOriginalCosponsor>
        <bioguideId>H000324</bioguideId>
        <fullName>Rep. Hastings, Alcee L. [D-FL-20]</fullName>
        <party>D</party>
      </item>
      <item>
        <firstName>BARBARA</firstName>
        <identifiers>
          <gpoId>7814</gpoId>
          <lisID>1501</lisID>
          <bioguideId>L000551</bioguideId>
        </identifiers>
        <sponsorshipWithdrawnDate />
        <district>13</district>
        <middleName />
        <state>CA</state>
        <lastName>LEE</lastName>
        <sponsorshipDate>2017-01-27</sponsorshipDate>
        <isOriginalCosponsor>False</isOriginalCosponsor>
        <bioguideId>L000551</bioguideId>
        <fullName>Rep. Lee, Barbara [D-CA-13]</fullName>
        <party>D</party>
      </item>
      <item>
        <firstName>ROBERT</firstName>
        <identifiers>
          <lisID>1469</lisID>
          <gpoId>8119</gpoId>
          <bioguideId>B001227</bioguideId>
        </identifiers>
        <sponsorshipWithdrawnDate />
        <district>1</district>
        <middleName>A.</middleName>
        <state>PA</state>
        <lastName>BRADY</lastName>
        <sponsorshipDate>2017-01-27</sponsorshipDate>
        <isOriginalCosponsor>False</isOriginalCosponsor>
        <bioguideId>B001227</bioguideId>
        <fullName>Rep. Brady, Robert A. [D-PA-1]</fullName>
        <party>D</party>
      </item>
      <item>
        <firstName>Robert</firstName>
        <identifiers>
          <gpoId>8194</gpoId>
          <bioguideId>S000185</bioguideId>
          <lisID>1037</lisID>
        </identifiers>
        <sponsorshipWithdrawnDate />
        <district>3</district>
        <middleName>C. "Bobby"</middleName>
        <state>VA</state>
        <lastName>Scott</lastName>
        <sponsorshipDate>2017-01-27</sponsorshipDate>
        <isOriginalCosponsor>False</isOriginalCosponsor>
        <bioguideId>S000185</bioguideId>
        <fullName>Rep. Scott, Robert C. "Bobby" [D-VA-3]</fullName>
        <party>D</party>
      </item>
      <item>
        <firstName>JAMES</firstName>
        <identifiers>
          <lisID>1504</lisID>
          <gpoId>7968</gpoId>
          <bioguideId>M000312</bioguideId>
        </identifiers>
        <sponsorshipWithdrawnDate />
        <district>2</district>
        <middleName>P.</middleName>
        <state>MA</state>
        <lastName>MCGOVERN</lastName>
        <sponsorshipDate>2017-01-27</sponsorshipDate>
        <isOriginalCosponsor>False</isOriginalCosponsor>
        <bioguideId>M000312</bioguideId>
        <fullName>Rep. McGovern, James P. [D-MA-2]</fullName>
        <party>D</party>
      </item>
      <item>
        <firstName>Dina</firstName>
        <identifiers>
          <lisID>1940</lisID>
          <gpoId>7493</gpoId>
          <bioguideId>T000468</bioguideId>
        </identifiers>
        <sponsorshipWithdrawnDate />
        <district>1</district>
        <middleName />
        <state>NV</state>
        <lastName>Titus</lastName>
        <sponsorshipDate>2017-01-27</sponsorshipDate>
        <isOriginalCosponsor>False</isOriginalCosponsor>
        <bioguideId>T000468</bioguideId>
        <fullName>Rep. Titus, Dina [D-NV-1]</fullName>
        <party>D</party>
      </item>
      <item>
        <firstName>John</firstName>
        <identifiers>
          <lisID>1853</lisID>
          <gpoId>7955</gpoId>
          <bioguideId>Y000062</bioguideId>
        </identifiers>
        <sponsorshipWithdrawnDate />
        <district>3</district>
        <middleName>A.</middleName>
        <state>KY</state>
        <lastName>Yarmuth</lastName>
        <sponsorshipDate>2017-01-27</sponsorshipDate>
        <isOriginalCosponsor>False</isOriginalCosponsor>
        <bioguideId>Y000062</bioguideId>
        <fullName>Rep. Yarmuth, John A. [D-KY-3]</fullName>
        <party>D</party>
      </item>
      <item>
        <firstName>Marc</firstName>
        <identifiers>
          <lisID>2166</lisID>
          <gpoId />
          <bioguideId>V000131</bioguideId>
        </identifiers>
        <sponsorshipWithdrawnDate />
        <district>33</district>
        <middleName>A.</middleName>
        <state>TX</state>
        <lastName>Veasey</lastName>
        <sponsorshipDate>2017-01-27</sponsorshipDate>
        <isOriginalCosponsor>False</isOriginalCosponsor>
        <bioguideId>V000131</bioguideId>
        <fullName>Rep. Veasey, Marc A. [D-TX-33]</fullName>
        <party>D</party>
      </item>
      <item>
        <firstName>ELIJAH</firstName>
        <identifiers>
          <lisID>256</lisID>
          <gpoId>7982</gpoId>
          <bioguideId>C000984</bioguideId>
        </identifiers>
        <sponsorshipWithdrawnDate />
        <district>7</district>
        <middleName>E.</middleName>
        <state>MD</state>
        <lastName>CUMMINGS</lastName>
        <sponsorshipDate>2017-01-27</sponsorshipDate>
        <isOriginalCosponsor>False</isOriginalCosponsor>
        <bioguideId>C000984</bioguideId>
        <fullName>Rep. Cummings, Elijah E. [D-MD-7]</fullName>
        <party>D</party>
      </item>
      <item>
        <firstName>Gerald</firstName>
        <identifiers>
          <gpoId>8202</gpoId>
          <bioguideId>C001078</bioguideId>
          <lisID>1959</lisID>
        </identifiers>
        <sponsorshipWithdrawnDate />
        <district>11</district>
        <middleName>E.</middleName>
        <state>VA</state>
        <lastName>Connolly</lastName>
        <sponsorshipDate>2017-01-27</sponsorshipDate>
        <isOriginalCosponsor>False</isOriginalCosponsor>
        <bioguideId>C001078</bioguideId>
        <fullName>Rep. Connolly, Gerald E. [D-VA-11]</fullName>
        <party>D</party>
      </item>
      <item>
        <firstName>JOSE</firstName>
        <identifiers>
          <lisID>1042</lisID>
          <gpoId>8077</gpoId>
          <bioguideId>S000248</bioguideId>
        </identifiers>
        <sponsorshipWithdrawnDate />
        <district>15</district>
        <middleName>E.</middleName>
        <state>NY</state>
        <lastName>SERRANO</lastName>
        <sponsorshipDate>2017-01-27</sponsorshipDate>
        <isOriginalCosponsor>False</isOriginalCosponsor>
        <bioguideId>S000248</bioguideId>
        <fullName>Rep. Serrano, Jose E. [D-NY-15]</fullName>
        <party>D</party>
      </item>
      <item>
        <firstName>Alma</firstName>
        <identifiers>
          <lisID>2201</lisID>
          <gpoId />
          <bioguideId>A000370</bioguideId>
        </identifiers>
        <sponsorshipWithdrawnDate />
        <district>12</district>
        <middleName>S.</middleName>
        <state>NC</state>
        <lastName>Adams</lastName>
        <sponsorshipDate>2017-01-27</sponsorshipDate>
        <isOriginalCosponsor>False</isOriginalCosponsor>
        <bioguideId>A000370</bioguideId>
        <fullName>Rep. Adams, Alma S. [D-NC-12]</fullName>
        <party>D</party>
      </item>
      <item>
        <firstName>Andre</firstName>
        <identifiers>
          <lisID>1889</lisID>
          <gpoId>7946</gpoId>
          <bioguideId>C001072</bioguideId>
        </identifiers>
        <sponsorshipWithdrawnDate />
        <district>7</district>
        <middleName />
        <state>IN</state>
        <lastName>Carson</lastName>
        <sponsorshipDate>2017-01-27</sponsorshipDate>
        <isOriginalCosponsor>False</isOriginalCosponsor>
        <bioguideId>C001072</bioguideId>
        <fullName>Rep. Carson, Andre [D-IN-7]</fullName>
        <party>D</party>
      </item>
      <item>
        <firstName>Earl</firstName>
        <identifiers>
          <bioguideId>C001103</bioguideId>
          <lisID>2236</lisID>
          <gpoId />
        </identifiers>
        <sponsorshipWithdrawnDate />
        <district>1</district>
        <middleName>L. "Buddy"</middleName>
        <state>GA</state>
        <lastName>Carter</lastName>
        <sponsorshipDate>2017-01-27</sponsorshipDate>
        <isOriginalCosponsor>False</isOriginalCosponsor>
        <bioguideId>C001103</bioguideId>
        <fullName>Rep. Carter, Earl L. "Buddy" [R-GA-1]</fullName>
        <party>R</party>
      </item>
      <item>
        <firstName>Jared</firstName>
        <identifiers>
          <lisID>1910</lisID>
          <gpoId>7860</gpoId>
          <bioguideId>P000598</bioguideId>
        </identifiers>
        <sponsorshipWithdrawnDate />
        <district>2</district>
        <middleName />
        <state>CO</state>
        <lastName>Polis</lastName>
        <sponsorshipDate>2017-01-27</sponsorshipDate>
        <isOriginalCosponsor>False</isOriginalCosponsor>
        <bioguideId>P000598</bioguideId>
        <fullName>Rep. Polis, Jared [D-CO-2]</fullName>
        <party>D</party>
      </item>
      <item>
        <firstName>Eric</firstName>
        <identifiers>
          <lisID>2104</lisID>
          <gpoId />
          <bioguideId>S001193</bioguideId>
        </identifiers>
        <sponsorshipWithdrawnDate />
        <district>15</district>
        <middleName />
        <state>CA</state>
        <lastName>Swalwell</lastName>
        <sponsorshipDate>2017-02-03</sponsorshipDate>
        <isOriginalCosponsor>False</isOriginalCosponsor>
        <bioguideId>S001193</bioguideId>
        <fullName>Rep. Swalwell, Eric [D-CA-15]</fullName>
        <party>D</party>
      </item>
      <item>
        <firstName>Donald</firstName>
        <identifiers>
          <lisID>2097</lisID>
          <gpoId>8373</gpoId>
          <bioguideId>P000604</bioguideId>
        </identifiers>
        <sponsorshipWithdrawnDate />
        <district>10</district>
        <middleName>M.</middleName>
        <state>NJ</state>
        <lastName>Payne</lastName>
        <sponsorshipDate>2017-02-03</sponsorshipDate>
        <isOriginalCosponsor>False</isOriginalCosponsor>
        <bioguideId>P000604</bioguideId>
        <fullName>Rep. Payne, Donald M., Jr. [D-NJ-10]</fullName>
        <party>D</party>
      </item>
    </cosponsors>
    <createDate>2017-01-05T04:47:33Z</createDate>
    <subjects>
      <billSubjects>
        <policyArea>
          <name>Public Lands and Natural Resources</name>
        </policyArea>
        <legislativeSubjects>
          <item>
            <name>Georgia</name>
          </item>
          <item>
            <name>Historic sites and heritage areas</name>
          </item>
          <item>
            <name>Parks, recreation areas, trails</name>
          </item>
          <item>
            <name>Racial and ethnic relations</name>
          </item>
        </legislativeSubjects>
      </billSubjects>
    </subjects>
    <amendments />
    <updateDate>2018-03-30T13:58:50Z</updateDate>
    <latestAction>
      <text>Became Public Law No: 115-108.</text>
      <actionDate>2018-01-08</actionDate>
      <links>
        <link>
          <name>Public Law No: 115-108</name>
          <url>https://www.congress.gov/bill/115th-congress/house-bill/267/text/pl</url>
        </link>
      </links>
    </latestAction>
    <sponsors>
      <item>
        <fullName>Rep. Lewis, John [D-GA-5]</fullName>
        <middleName />
        <party>D</party>
        <identifiers>
          <bioguideId>L000287</bioguideId>
          <gpoId>7902</gpoId>
          <lisID>688</lisID>
        </identifiers>
        <state>GA</state>
        <firstName>JOHN</firstName>
        <lastName>LEWIS</lastName>
        <byRequestType />
        <bioguideId>L000287</bioguideId>
        <district>5</district>
      </item>
    </sponsors>
    <committeeReports>
      <committeeReport>
        <citation>S. Rept. 115-49</citation>
      </committeeReport>
    </committeeReports>
    <recordedVotes />
    <originChamber>House</originChamber>
    <calendarNumbers>
      <item>
        <calendar>Senate Calendar of Business</calendar>
        <number>0062</number>
      </item>
    </calendarNumbers>
    <congress>115</congress>
    <relatedBills />
    <version>1.0.0</version>
    <committees>
      <billCommittees>
        <item>
          <activities>
            <item>
              <name>Reported by</name>
              <date>2017-05-09T15:17:53Z</date>
            </item>
            <item>
              <name>Markup by</name>
              <date>2017-03-30T13:30:00Z</date>
            </item>
            <item>
              <name>Referred to</name>
              <date>2017-03-21T15:27:59Z</date>
            </item>
          </activities>
          <systemCode>sseg00</systemCode>
          <name>Energy and Natural Resources Committee</name>
          <subcommittees />
          <type>Standing</type>
          <chamber>Senate</chamber>
        </item>
        <item>
          <activities>
            <item>
              <name>Referred to</name>
              <date>2017-01-04T15:07:25Z</date>
            </item>
          </activities>
          <systemCode>hsii00</systemCode>
          <name>Natural Resources Committee</name>
          <subcommittees>
            <item>
              <name>Federal Lands Subcommittee</name>
              <systemCode>hsii10</systemCode>
              <activities>
                <item>
                  <name>Referred to</name>
                  <date>2017-02-10T16:48:55Z</date>
                </item>
              </activities>
            </item>
          </subcommittees>
          <type>Standing</type>
          <chamber>House</chamber>
        </item>
      </billCommittees>
    </committees>
    <cboCostEstimates>
      <item>
        <pubDate>2017-04-10T20:12:38Z</pubDate>
        <title>H.R. 267, Martin Luther King, Jr. National Historical Park Act of 2017</title>
        <url>https://www.cbo.gov/publication/52602</url>
      </item>
    </cboCostEstimates>
    <billType>HR</billType>
    <notes />
    <title>Martin Luther King, Jr. National Historical Park Act of 2017</title>
    <laws>
      <item>
        <type>Public Law</type>
        <number>115-108</number>
      </item>
    </laws>
    <billNumber>267</billNumber>
    <actions>
      <item>
        <sourceSystem>
          <name>House floor actions</name>
          <code>2</code>
        </sourceSystem>
        <type>President</type>
        <committee />
        <text>Became Public Law No: 115-108.</text>
        <actionCode>E40000</actionCode>
        <actionDate>2018-01-08</actionDate>
        <links>
          <link>
            <url>https://www.congress.gov/bill/115th-congress/house-bill/267/text/pl</url>
            <name>Public Law No: 115-108</name>
          </link>
        </links>
      </item>
      <item>
        <sourceSystem>
          <name>Library of Congress</name>
          <code>9</code>
        </sourceSystem>
        <type>BecameLaw</type>
        <committee />
        <text>Became Public Law No: 115-108.</text>
        <actionCode>36000</actionCode>
        <actionDate>2018-01-08</actionDate>
        <links>
          <link>
            <url>https://www.congress.gov/bill/115th-congress/house-bill/267/text/pl</url>
            <name>Public Law No: 115-108</name>
          </link>
        </links>
      </item>
      <item>
        <sourceSystem>
          <name>House floor actions</name>
          <code>2</code>
        </sourceSystem>
        <type>President</type>
        <committee />
        <text>Signed by President.</text>
        <actionCode>E30000</actionCode>
        <actionDate>2018-01-08</actionDate>
        <links />
      </item>
      <item>
        <sourceSystem>
          <name>Library of Congress</name>
          <code>9</code>
        </sourceSystem>
        <type>BecameLaw</type>
        <committee />
        <text>Signed by President.</text>
        <actionCode>36000</actionCode>
        <actionDate>2018-01-08</actionDate>
        <links />
      </item>
      <item>
        <sourceSystem>
          <name>House floor actions</name>
          <code>2</code>
        </sourceSystem>
        <type>Floor</type>
        <committee />
        <text>Presented to President.</text>
        <actionCode>E20000</actionCode>
        <actionDate>2017-12-27</actionDate>
        <links />
      </item>
      <item>
        <sourceSystem>
          <name>Library of Congress</name>
          <code>9</code>
        </sourceSystem>
        <type>President</type>
        <committee />
        <text>Presented to President.</text>
        <actionCode>28000</actionCode>
        <actionDate>2017-12-27</actionDate>
        <links />
      </item>
      <item>
        <actionDate>2017-12-22</actionDate>
        <committee />
        <links />
        <sourceSystem>
          <name>Senate</name>
          <code>0</code>
        </sourceSystem>
        <text>Message on Senate action sent to the House.</text>
        <type>Floor</type>
      </item>
      <item>
        <actionDate>2017-12-21</actionDate>
        <committee />
        <links>
          <link>
            <url>https://www.congress.gov/congressional-record/volume-163/senate-section/page/S8267-8269</url>
            <name>S8267-8269</name>
          </link>
        </links>
        <sourceSystem>
          <name>Senate</name>
          <code>0</code>
        </sourceSystem>
        <text>Passed Senate without amendment by Voice Vote. (consideration: CR S8267-8269)</text>
        <type>Floor</type>
      </item>
      <item>
        <sourceSystem>
          <name>Library of Congress</name>
          <code>9</code>
        </sourceSystem>
        <type>Floor</type>
        <committee />
        <text>Passed/agreed to in Senate: Passed Senate without amendment by Voice Vote.</text>
        <actionCode>17000</actionCode>
        <actionDate>2017-12-21</actionDate>
        <links />
      </item>
      <item>
        <actionDate>2017-05-09</actionDate>
        <committee />
        <links />
        <sourceSystem>
          <name>Senate</name>
          <code>0</code>
        </sourceSystem>
        <text>Placed on Senate Legislative Calendar under General Orders. Calendar No. 62.</text>
        <type>Calendars</type>
      </item>
      <item>
        <actionDate>2017-05-09</actionDate>
        <committee>
          <name>Energy and Natural Resources Committee</name>
          <systemCode>sseg00</systemCode>
        </committee>
        <links>
          <link>
            <url>https://www.congress.gov/congressional-report/115th-congress/senate-report/49</url>
            <name>report No. 115-49</name>
          </link>
        </links>
        <sourceSystem>
          <name>Senate</name>
          <code>0</code>
        </sourceSystem>
        <text>Committee on Energy and Natural Resources. Reported by Senator Murkowski without amendment. With written report No. 115-49.</text>
        <type>Committee</type>
      </item>
      <item>
        <sourceSystem>
          <name>Library of Congress</name>
          <code>9</code>
        </sourceSystem>
        <type>Committee</type>
        <committee>
          <name>Energy and Natural Resources Committee</name>
          <systemCode>sseg00</systemCode>
        </committee>
        <text>Committee on Energy and Natural Resources. Reported by Senator Murkowski without amendment. With written report No. 115-49.</text>
        <actionCode>14000</actionCode>
        <actionDate>2017-05-09</actionDate>
        <links>
          <link>
            <url>https://www.congress.gov/congressional-report/115th-congress/senate-report/49</url>
            <name>report No. 115-49</name>
          </link>
        </links>
      </item>
      <item>
        <actionDate>2017-03-30</actionDate>
        <committee>
          <name>Energy and Natural Resources Committee</name>
          <systemCode>sseg00</systemCode>
        </committee>
        <links />
        <sourceSystem>
          <name>Senate</name>
          <code>0</code>
        </sourceSystem>
        <text>Committee on Energy and Natural Resources. Ordered to be reported without amendment favorably.</text>
        <type>Committee</type>
      </item>
      <item>
        <actionDate>2017-03-21</actionDate>
        <committee>
          <name>Energy and Natural Resources Committee</name>
          <systemCode>sseg00</systemCode>
        </committee>
        <links />
        <sourceSystem>
          <name>Senate</name>
          <code>0</code>
        </sourceSystem>
        <text>Received in the Senate and Read twice and referred to the Committee on Energy and Natural Resources.</text>
        <type>IntroReferral</type>
      </item>
      <item>
        <actionTime>19:49:05</actionTime>
        <links />
        <sourceSystem>
          <name>House floor actions</name>
          <code>2</code>
        </sourceSystem>
        <committee />
        <text>Motion to reconsider laid on the table Agreed to without objection.</text>
        <actionCode>H38310</actionCode>
        <actionDate>2017-03-15</actionDate>
        <type>Floor</type>
      </item>
      <item>
        <actionTime>19:49:01</actionTime>
        <links>
          <link>
            <url>https://www.congress.gov/congressional-record/volume-163/house-section/page/H2065</url>
            <name>H2065</name>
          </link>
        </links>
        <sourceSystem>
          <name>House floor actions</name>
          <code>2</code>
        </sourceSystem>
        <committee />
        <text>On motion to suspend the rules and pass the bill, as amended Agreed to by voice vote. (text: CR H2065)</text>
        <actionCode>H37300</actionCode>
        <actionDate>2017-03-15</actionDate>
        <type>Floor</type>
      </item>
      <item>
        <actionTime>19:49:01</actionTime>
        <links>
          <link>
            <url>https://www.congress.gov/congressional-record/volume-163/house-section/page/H2065</url>
            <name>H2065</name>
          </link>
        </links>
        <sourceSystem>
          <name>Library of Congress</name>
          <code>9</code>
        </sourceSystem>
        <committee />
        <text>Passed/agreed to in House: On motion to suspend the rules and pass the bill, as amended Agreed to by voice vote.(text: CR H2065)</text>
        <actionCode>8000</actionCode>
        <actionDate>2017-03-15</actionDate>
        <type>Floor</type>
      </item>
      <item>
        <actionTime>19:48:38</actionTime>
        <links>
          <link>
            <url>https://www.congress.gov/congressional-record/volume-163/house-section/page/H2071</url>
            <name>H2071</name>
          </link>
        </links>
        <sourceSystem>
          <name>House floor actions</name>
          <code>2</code>
        </sourceSystem>
        <committee />
        <text>Considered as unfinished business. (consideration: CR H2071)</text>
        <actionCode>H30000</actionCode>
        <actionDate>2017-03-15</actionDate>
        <type>Floor</type>
      </item>
      <item>
        <actionTime>17:05:16</actionTime>
        <links />
        <sourceSystem>
          <name>House floor actions</name>
          <code>2</code>
        </sourceSystem>
        <committee />
        <text>At the conclusion of debate, the chair put the question on the motion to suspend the rules. Mr. Tipton objected to the vote on the grounds that a quorum was not present. Further proceedings on the motion were postponed. The point of no quorum was considered as withdrawn.</text>
        <actionCode>H37210</actionCode>
        <actionDate>2017-03-15</actionDate>
        <type>Floor</type>
      </item>
      <item>
        <actionTime>16:56:46</actionTime>
        <links>
          <link>
            <url>https://www.congress.gov/bill/115th-congress/house-bill/267</url>
            <name>H.R. 267</name>
          </link>
        </links>
        <sourceSystem>
          <name>House floor actions</name>
          <code>2</code>
        </sourceSystem>
        <committee />
        <text>DEBATE - The House proceeded with forty minutes of debate on H.R. 267.</text>
        <actionCode>H8D000</actionCode>
        <actionDate>2017-03-15</actionDate>
        <type>Floor</type>
      </item>
      <item>
        <actionTime>16:56:44</actionTime>
        <links>
          <link>
            <url>https://www.congress.gov/congressional-record/volume-163/house-section/page/H2065-2066</url>
            <name>H2065-2066</name>
          </link>
        </links>
        <sourceSystem>
          <name>House floor actions</name>
          <code>2</code>
        </sourceSystem>
        <committee />
        <text>Considered under suspension of the rules. (consideration: CR H2065-2066)</text>
        <actionCode>H30000</actionCode>
        <actionDate>2017-03-15</actionDate>
        <type>Floor</type>
      </item>
      <item>
        <actionTime>16:56:20</actionTime>
        <links />
        <sourceSystem>
          <name>House floor actions</name>
          <code>2</code>
        </sourceSystem>
        <committee />
        <text>Mr. Tipton moved to suspend the rules and pass the bill, as amended.</text>
        <actionCode>H30300</actionCode>
        <actionDate>2017-03-15</actionDate>
        <type>Floor</type>
      </item>
      <item>
        <actionDate>2017-02-10</actionDate>
        <committee>
          <name>Federal Lands Subcommittee</name>
          <systemCode>hsii10</systemCode>
        </committee>
        <links />
        <sourceSystem>
          <name>House committee actions</name>
          <code>1</code>
        </sourceSystem>
        <text>Referred to the Subcommittee on Federal Lands.</text>
        <type>Committee</type>
      </item>
      <item>
        <sourceSystem>
          <name>House floor actions</name>
          <code>2</code>
        </sourceSystem>
        <type>IntroReferral</type>
        <committee>
          <name>Natural Resources Committee</name>
          <systemCode>hsii00</systemCode>
        </committee>
        <text>Referred to the House Committee on Natural Resources.</text>
        <actionCode>H11100</actionCode>
        <actionDate>2017-01-04</actionDate>
        <links />
      </item>
      <item>
        <sourceSystem>
          <name>Library of Congress</name>
          <code>9</code>
        </sourceSystem>
        <type>IntroReferral</type>
        <committee />
        <text>Introduced in House</text>
        <actionCode>Intro-H</actionCode>
        <actionDate>2017-01-04</actionDate>
        <links />
      </item>
      <item>
        <sourceSystem>
          <name>Library of Congress</name>
          <code>9</code>
        </sourceSystem>
        <type>IntroReferral</type>
        <committee />
        <text>Introduced in House</text>
        <actionCode>1000</actionCode>
        <actionDate>2017-01-04</actionDate>
        <links />
      </item>
      <actionTypeCounts>
        <introducedInTheHouse>1</introducedInTheHouse>
        <billReferrals>1</billReferrals>
        <introducedInHouse>1</introducedInHouse>
        <placeholderTextForE>3</placeholderTextForE>
        <placedOnCalendarGeneralOrders>1</placedOnCalendarGeneralOrders>
        <referredToCommittee>1</referredToCommittee>
        <orderedReported>1</orderedReported>
        <reportedToSenate>2</reportedToSenate>
        <motionToReconsiderResults>1</motionToReconsiderResults>
        <passedSenate>1</passedSenate>
        <becamePublicLaw>2</becamePublicLaw>
        <sentToHouse>1</sentToHouse>
        <placeholderTextForH>2</placeholderTextForH>
        <finalPassageUnderSuspensionOfTheRulesResults>1</finalPassageUnderSuspensionOfTheRulesResults>
        <presentedToPresident>1</presentedToPresident>
        <generalDebate>1</generalDebate>
        <passedAgreedToInHouse>1</passedAgreedToInHouse>
        <considerationByHouse>2</considerationByHouse>
        <passedAgreedToInSenate>1</passedAgreedToInSenate>
        <motionMadeToSuspendTheRules>1</motionMadeToSuspendTheRules>
      </actionTypeCounts>
      <actionByCounts>
        <senate>8</senate>
        <houseOfRepresentatives>12</houseOfRepresentatives>
      </actionByCounts>
    </actions>
    <titles>
      <item>
        <titleType>Short Titles as Enacted</titleType>
        <parentTitleType>Short Title</parentTitleType>
        <title>Martin Luther King, Jr. National Historical Park Act of 2017</title>
        <chamberName />
        <chamberCode />
      </item>
      <item>
        <titleType>Short Titles as Passed Senate</titleType>
        <parentTitleType>Short Titles Senate</parentTitleType>
        <title>Martin Luther King, Jr. National Historical Park Act of 2017</title>
        <chamberName>Senate</chamberName>
        <chamberCode>S</chamberCode>
      </item>
      <item>
        <titleType>Short Titles as Passed House</titleType>
        <parentTitleType>Short Titles House of Representatives</parentTitleType>
        <title>Martin Luther King, Jr. National Historical Park Act of 2017</title>
        <chamberName>House</chamberName>
        <chamberCode>H</chamberCode>
      </item>
      <item>
        <titleType>Short Titles as Reported to Senate</titleType>
        <parentTitleType>Short Titles Senate</parentTitleType>
        <title>Martin Luther King, Jr. National Historical Park Act of 2017</title>
        <chamberName>Senate</chamberName>
        <chamberCode>S</chamberCode>
      </item>
      <item>
        <titleType>Short Titles as Introduced</titleType>
        <parentTitleType />
        <title>Martin Luther King, Jr. National Historical Park Act of 2017</title>
        <chamberName />
        <chamberCode />
      </item>
      <item>
        <titleType>Official Title as Introduced</titleType>
        <parentTitleType />
        <title>To redesignate the Martin Luther King, Junior, National Historic Site in the State of Georgia, and for other purposes.</title>
        <chamberName />
        <chamberCode />
      </item>
      <item>
        <titleType>Display Title</titleType>
        <parentTitleType />
        <title>Martin Luther King, Jr. National Historical Park Act of 2017</title>
        <chamberName />
        <chamberCode />
      </item>
      <item>
        <titleType>(Extracted from GPO) Short Titles as Reported to Senate</titleType>
        <parentTitleType />
        <title>Martin Luther King, Jr. National Historical Park Act of 2017</title>
        <chamberName>Senate</chamberName>
        <chamberCode>S</chamberCode>
      </item>
      <item>
        <titleType>(Extracted from GPO) Short Titles as Passed House</titleType>
        <parentTitleType />
        <title>Martin Luther King, Jr. National Historical Park Act of 2017</title>
        <chamberName>House</chamberName>
        <chamberCode>H</chamberCode>
      </item>
      <item>
        <titleType>(Extracted from GPO) Short Titles as Introduced</titleType>
        <parentTitleType />
        <title>Martin Luther King, Jr. National Historical Park Act of 2017</title>
        <chamberName />
        <chamberCode />
      </item>
    </titles>
    <summaries>
      <billSummaries>
        <item>
          <actionDate>2017-01-04</actionDate>
          <text><![CDATA[<p><strong>Martin Luther King, Jr. National Historical Park Act of 2017</strong></p> <p>This bill redesignates the Martin Luther King, Junior, National Historic Site in the state of Georgia as the "Martin Luther King, Jr. National Historical Park." The bill replaces the current boundary map with a map of a proposed boundary revision dated June 2015.</p>]]></text>
          <updateDate>2017-01-04T05:00:00Z</updateDate>
          <versionCode>00</versionCode>
          <lastSummaryUpdateDate>2017-01-26T22:15:44Z</lastSummaryUpdateDate>
          <actionDesc>Introduced in House</actionDesc>
          <name>Introduced in House</name>
        </item>
        <item>
          <actionDate>2017-03-15</actionDate>
          <text><![CDATA[<p><strong>Martin Luther King, Jr. National Historical Park Act of 2017</strong></p> <p>(Sec. 2) This bill redesignates the Martin Luther King, Junior, National Historic Site in the state of Georgia as the "Martin Luther King, Jr. National Historical Park." The bill replaces the current boundary map with a map of a proposed boundary revision dated June 2015.</p>]]></text>
          <updateDate>2017-03-15T13:46:37Z</updateDate>
          <versionCode>36</versionCode>
          <lastSummaryUpdateDate>2017-05-03T20:23:03Z</lastSummaryUpdateDate>
          <actionDesc>Passed House amended</actionDesc>
          <name>Passed House amended</name>
        </item>
        <item>
          <actionDate>2017-05-09</actionDate>
          <text><![CDATA[<p>(This measure has not been amended since it was passed by the House on March 15, 2017. The summary of that version is repeated here.) </p> <p><strong>Martin Luther King, Jr. National Historical Park Act of 2017</strong></p> <p>(Sec. 2) This bill redesignates the Martin Luther King, Junior, National Historic Site in the state of Georgia as the "Martin Luther King, Jr. National Historical Park." The bill replaces the current boundary map with a map of a proposed boundary revision dated June 2015.</p>]]></text>
          <updateDate>2017-05-09T13:39:07Z</updateDate>
          <versionCode>80</versionCode>
          <lastSummaryUpdateDate>2017-05-25T20:33:54Z</lastSummaryUpdateDate>
          <actionDesc>Reported to Senate without amendment</actionDesc>
          <name>Reported to Senate without amendment</name>
        </item>
        <item>
          <actionDate>2017-12-21</actionDate>
          <text><![CDATA[<p>(This measure has not been amended since it was passed by the House on March 15, 2017. The summary of that version is repeated here.)</p> <p><strong>Martin Luther King, Jr. National Historical Park Act of 2017</strong></p> <p>(Sec. 2) This bill redesignates the Martin Luther King, Junior, National Historic Site in the state of Georgia as the "Martin Luther King, Jr. National Historical Park." The bill replaces the current boundary map with a map of a proposed boundary revision dated June 2015.</p>]]></text>
          <updateDate>2017-12-21T15:54:49Z</updateDate>
          <versionCode>82</versionCode>
          <lastSummaryUpdateDate>2018-01-02T17:56:17Z</lastSummaryUpdateDate>
          <actionDesc>Passed Senate without amendment</actionDesc>
          <name>Passed Senate without amendment</name>
        </item>
        <item>
          <actionDate>2018-01-08</actionDate>
          <text><![CDATA[<p>(This measure has not been amended since it was passed by the House on March 15, 2017. The summary of that version is repeated here.)</p> <p><strong>Martin Luther King, Jr. National Historical Park Act of 2017</strong></p> <p>(Sec. 2) This bill redesignates the Martin Luther King, Junior, National Historic Site in the state of Georgia as the "Martin Luther King, Jr. National Historical Park." The bill replaces the current boundary map with a map of a proposed boundary revision dated June 2015.</p>]]></text>
          <updateDate>2018-01-09T04:59:58Z</updateDate>
          <versionCode>49</versionCode>
          <lastSummaryUpdateDate>2018-01-31T18:21:18Z</lastSummaryUpdateDate>
          <actionDesc>Public Law</actionDesc>
          <name>Public Law</name>
        </item>
      </billSummaries>
    </summaries>
    <introducedDate>2017-01-04</introducedDate>
    <policyArea>
      <name>Public Lands and Natural Resources</name>
    </policyArea>
    <constitutionalAuthorityStatementText><![CDATA[<pre>[Congressional Record Volume 163, Number 89 (Tuesday, May 23, 2017)]From the Congressional Record Online through the Government Publishing Office [<a href='http://www.gpo.gov'>www.gpo.gov</a>]By Mr. HILL:H.R. 2611.Congress has the power to enact this legislation pursuantto the following:Article I Section 8 of the U.S. Constitution.[Page H4504]</pre>]]></constitutionalAuthorityStatementText>
  </bill>
  <dublinCore xmlns:dc="http://purl.org/dc/elements/1.1/">
    <dc:format>text/xml</dc:format>
    <dc:language>EN</dc:language>
    <dc:rights>Pursuant to Title 17 Section 105 of the United States Code, this file is not subject to copyright protection and is in the public domain.</dc:rights>
    <dc:contributor>Congressional Research Service, Library of Congress</dc:contributor>
    <dc:description>This file contains bill summaries and statuses for federal legislation. A bill summary describes the most significant provisions of a piece of legislation and details the effects the legislative text may have on current law and federal programs. Bill summaries are authored by the Congressional Research Service (CRS) of the Library of Congress. As stated in Public Law 91-510 (2 USC 166 (d)(6)), one of the duties of CRS is "to prepare summaries and digests of bills and resolutions of a public general nature introduced in the Senate or House of Representatives". For more information, refer to the User Guide that accompanies this file.</dc:description>
  </dublinCore>
</billStatus>

