<?xml version="1.0" encoding="UTF-8"?>
<billStatus>
  <bill>
    <introducedDate>2017-01-13</introducedDate>
    <billType>HR</billType>
    <summaries>
      <billSummaries>
        <item>
          <actionDesc>Introduced in House</actionDesc>
          <versionCode>00</versionCode>
          <lastSummaryUpdateDate>2017-09-14T15:25:41Z</lastSummaryUpdateDate>
          <name>Introduced in House</name>
          <updateDate>2017-01-13T05:00:00Z</updateDate>
          <actionDate>2017-01-13</actionDate>
          <text><![CDATA[<p><b>Improving Oversight and Accountability in Medicaid Non-DSH Supplemental Payments Act </b></p> <p>This bill amends title XIX (Medicaid) of the Social Security Act to&nbsp;direct the Centers for Medicare &amp; Medicaid Services to: (1) issue guidance to states that identifies permissible methods for calculating certain supplemental payments,&nbsp;excluding disproportionate-share payments, made by state Medicaid programs to providers; and&nbsp;(2) establish annual reporting and auditing requirements for states making such supplemental payments. Federal payment with respect to such supplemental payments shall be conditioned upon a state's compliance with these reporting and auditing requirements.</p>]]></text>
        </item>
      </billSummaries>
    </summaries>
    <cboCostEstimates />
    <policyArea>
      <name>Health</name>
    </policyArea>
    <calendarNumbers />
    <relatedBills />
    <originChamber>House</originChamber>
    <amendments />
    <titles>
      <item>
        <chamberCode />
        <parentTitleType />
        <titleType>Short Titles as Introduced</titleType>
        <chamberName />
        <title>Improving Oversight and Accountability in Medicaid Non-DSH Supplemental Payments Act</title>
      </item>
      <item>
        <chamberCode />
        <parentTitleType />
        <titleType>Official Title as Introduced</titleType>
        <chamberName />
        <title>To amend title XIX of the Social Security Act to improve the calculation, oversight, and accountability of non-DSH supplemental payments under the Medicaid program, and for other purposes.</title>
      </item>
      <item>
        <chamberCode />
        <parentTitleType />
        <titleType>Display Title</titleType>
        <chamberName />
        <title>Improving Oversight and Accountability in Medicaid Non-DSH Supplemental Payments Act</title>
      </item>
      <item>
        <chamberCode />
        <parentTitleType />
        <titleType>(Extracted from GPO) Short Titles as Introduced</titleType>
        <chamberName />
        <title>Improving Oversight and Accountability in Medicaid Non-DSH Supplemental Payments Act</title>
      </item>
    </titles>
    <createDate>2017-01-14T04:47:32Z</createDate>
    <constitutionalAuthorityStatementText><![CDATA[<pre>From the Congressional Record Online through the Government Publishing Office [<a href='http://www.gpo.gov'>www.gpo.gov</a>]By Mr. COLLINS of New York:H.R. 541.Congress has the power to enact this legislation pursuantto the following:Article I, Section 8 of the United States Constitution.[Page H547]</pre>]]></constitutionalAuthorityStatementText>
    <actions>
      <actionByCounts>
        <houseOfRepresentatives>3</houseOfRepresentatives>
      </actionByCounts>
      <item>
        <actionCode>H11100</actionCode>
        <committee>
          <name>Energy and Commerce Committee</name>
          <systemCode>hsif00</systemCode>
        </committee>
        <sourceSystem>
          <name>House floor actions</name>
          <code>2</code>
        </sourceSystem>
        <type>IntroReferral</type>
        <text>Referred to the House Committee on Energy and Commerce.</text>
        <actionDate>2017-01-13</actionDate>
        <links />
      </item>
      <item>
        <actionCode>Intro-H</actionCode>
        <committee />
        <sourceSystem>
          <name>Library of Congress</name>
          <code>9</code>
        </sourceSystem>
        <type>IntroReferral</type>
        <text>Introduced in House</text>
        <actionDate>2017-01-13</actionDate>
        <links />
      </item>
      <item>
        <actionCode>1000</actionCode>
        <committee />
        <sourceSystem>
          <name>Library of Congress</name>
          <code>9</code>
        </sourceSystem>
        <type>IntroReferral</type>
        <text>Introduced in House</text>
        <actionDate>2017-01-13</actionDate>
        <links />
      </item>
      <actionTypeCounts>
        <billReferrals>1</billReferrals>
        <introducedInHouse>1</introducedInHouse>
        <introducedInTheHouse>1</introducedInTheHouse>
      </actionTypeCounts>
    </actions>
    <laws />
    <version>1.0.0</version>
    <cosponsors>
      <item>
        <state>OK</state>
        <lastName>Mullin</lastName>
        <sponsorshipWithdrawnDate />
        <district>2</district>
        <middleName />
        <fullName>Rep. Mullin, Markwayne [R-OK-2]</fullName>
        <bioguideId>M001190</bioguideId>
        <party>R</party>
        <identifiers>
          <lisID>2156</lisID>
          <gpoId />
          <bioguideId>M001190</bioguideId>
        </identifiers>
        <sponsorshipDate>2017-01-13</sponsorshipDate>
        <isOriginalCosponsor>True</isOriginalCosponsor>
        <firstName>Markwayne</firstName>
      </item>
      <item>
        <state>KY</state>
        <lastName>Guthrie</lastName>
        <sponsorshipWithdrawnDate />
        <district>2</district>
        <middleName />
        <fullName>Rep. Guthrie, Brett [R-KY-2]</fullName>
        <bioguideId>G000558</bioguideId>
        <party>R</party>
        <identifiers>
          <lisID>1922</lisID>
          <gpoId>7954</gpoId>
          <bioguideId>G000558</bioguideId>
        </identifiers>
        <sponsorshipDate>2017-01-13</sponsorshipDate>
        <isOriginalCosponsor>True</isOriginalCosponsor>
        <firstName>Brett</firstName>
      </item>
      <item>
        <state>IN</state>
        <lastName>Bucshon</lastName>
        <sponsorshipWithdrawnDate />
        <district>8</district>
        <middleName />
        <fullName>Rep. Bucshon, Larry [R-IN-8]</fullName>
        <bioguideId>B001275</bioguideId>
        <party>R</party>
        <identifiers>
          <bioguideId>B001275</bioguideId>
          <lisID>2018</lisID>
          <gpoId>7947</gpoId>
        </identifiers>
        <sponsorshipDate>2017-01-13</sponsorshipDate>
        <isOriginalCosponsor>True</isOriginalCosponsor>
        <firstName>Larry</firstName>
      </item>
      <item>
        <state>TX</state>
        <lastName>Flores</lastName>
        <sponsorshipWithdrawnDate />
        <district>17</district>
        <middleName />
        <fullName>Rep. Flores, Bill [R-TX-17]</fullName>
        <bioguideId>F000461</bioguideId>
        <party>R</party>
        <identifiers>
          <lisID>2065</lisID>
          <gpoId>8173</gpoId>
          <bioguideId>F000461</bioguideId>
        </identifiers>
        <sponsorshipDate>2017-01-13</sponsorshipDate>
        <isOriginalCosponsor>True</isOriginalCosponsor>
        <firstName>Bill</firstName>
      </item>
    </cosponsors>
    <billNumber>541</billNumber>
    <committeeReports />
    <notes />
    <latestAction>
      <actionDate>2017-01-13</actionDate>
      <text>Referred to the House Committee on Energy and Commerce.</text>
      <links />
    </latestAction>
    <committees>
      <billCommittees>
        <item>
          <name>Energy and Commerce Committee</name>
          <subcommittees />
          <systemCode>hsif00</systemCode>
          <chamber>House</chamber>
          <activities>
            <item>
              <date>2017-01-13T14:04:20Z</date>
              <name>Referred to</name>
            </item>
          </activities>
          <type>Standing</type>
        </item>
      </billCommittees>
    </committees>
    <updateDate>2018-03-30T14:00:09Z</updateDate>
    <title>Improving Oversight and Accountability in Medicaid Non-DSH Supplemental Payments Act</title>
    <sponsors>
      <item>
        <fullName>Rep. Collins, Chris [R-NY-27]</fullName>
        <state>NY</state>
        <lastName>Collins</lastName>
        <bioguideId>C001092</bioguideId>
        <district>27</district>
        <middleName />
        <byRequestType />
        <party>R</party>
        <identifiers>
          <lisID>2151</lisID>
          <gpoId />
          <bioguideId>C001092</bioguideId>
        </identifiers>
        <firstName>Chris</firstName>
      </item>
    </sponsors>
    <congress>115</congress>
    <recordedVotes />
    <subjects>
      <billSubjects>
        <policyArea>
          <name>Health</name>
        </policyArea>
        <legislativeSubjects>
          <item>
            <name>Accounting and auditing</name>
          </item>
          <item>
            <name>Government information and archives</name>
          </item>
          <item>
            <name>Government studies and investigations</name>
          </item>
          <item>
            <name>Intergovernmental relations</name>
          </item>
          <item>
            <name>Medicaid</name>
          </item>
          <item>
            <name>State and local finance</name>
          </item>
          <item>
            <name>State and local government operations</name>
          </item>
        </legislativeSubjects>
      </billSubjects>
    </subjects>
  </bill>
  <dublinCore xmlns:dc="http://purl.org/dc/elements/1.1/">
    <dc:format>text/xml</dc:format>
    <dc:language>EN</dc:language>
    <dc:rights>Pursuant to Title 17 Section 105 of the United States Code, this file is not subject to copyright protection and is in the public domain.</dc:rights>
    <dc:contributor>Congressional Research Service, Library of Congress</dc:contributor>
    <dc:description>This file contains bill summaries and statuses for federal legislation. A bill summary describes the most significant provisions of a piece of legislation and details the effects the legislative text may have on current law and federal programs. Bill summaries are authored by the Congressional Research Service (CRS) of the Library of Congress. As stated in Public Law 91-510 (2 USC 166 (d)(6)), one of the duties of CRS is "to prepare summaries and digests of bills and resolutions of a public general nature introduced in the Senate or House of Representatives". For more information, refer to the User Guide that accompanies this file.</dc:description>
  </dublinCore>
</billStatus>

