<?xml version="1.0" encoding="UTF-8"?>
<billStatus>
  <bill>
    <title>End Surprise Billing Act of 2017</title>
    <latestAction>
      <actionDate>2017-02-14</actionDate>
      <text>Referred to the Subcommittee on Health.</text>
      <links />
    </latestAction>
    <createDate>2017-02-03T05:17:29Z</createDate>
    <titles>
      <item>
        <title>End Surprise Billing Act of 2017</title>
        <parentTitleType />
        <chamberName />
        <titleType>Short Titles as Introduced</titleType>
        <chamberCode />
      </item>
      <item>
        <title>To amend title XVIII of the Social Security Act to prevent surprise billing practices, and for other purposes.</title>
        <parentTitleType />
        <chamberName />
        <titleType>Official Title as Introduced</titleType>
        <chamberCode />
      </item>
      <item>
        <title>End Surprise Billing Act of 2017</title>
        <parentTitleType />
        <chamberName />
        <titleType>Display Title</titleType>
        <chamberCode />
      </item>
      <item>
        <title>End Surprise Billing Act of 2017</title>
        <parentTitleType />
        <chamberName />
        <titleType>(Extracted from GPO) Short Titles as Introduced</titleType>
        <chamberCode />
      </item>
    </titles>
    <version>1.0.0</version>
    <notes />
    <subjects>
      <billSubjects>
        <legislativeSubjects>
          <item>
            <name>Emergency medical services and trauma care</name>
          </item>
          <item>
            <name>Hospital care</name>
          </item>
          <item>
            <name>Medicare</name>
          </item>
        </legislativeSubjects>
        <policyArea>
          <name>Health</name>
        </policyArea>
      </billSubjects>
    </subjects>
    <cboCostEstimates />
    <sponsors>
      <item>
        <firstName>LLOYD</firstName>
        <lastName>DOGGETT</lastName>
        <middleName />
        <byRequestType />
        <bioguideId>D000399</bioguideId>
        <identifiers>
          <lisID>303</lisID>
          <gpoId>8181</gpoId>
          <bioguideId>D000399</bioguideId>
        </identifiers>
        <state>TX</state>
        <fullName>Rep. Doggett, Lloyd [D-TX-35]</fullName>
        <district>35</district>
        <party>D</party>
      </item>
    </sponsors>
    <calendarNumbers />
    <policyArea>
      <name>Health</name>
    </policyArea>
    <summaries>
      <billSummaries>
        <item>
          <versionCode>00</versionCode>
          <text><![CDATA[<p><b>End Surprise Billing Act of 2017</b></p> <p>This bill amends title XVIII (Medicare) of the Social Security Act to require a critical access hospital or other hospital to comply, as a condition of participation in Medicare, with certain requirements related to billing for out-of-network services.</p> <p>With respect to an individual who has health benefits coverage and is seeking services, a hospital must provide notice as to: (1) whether the hospital, or any of the providers furnishing services to the individual at the hospital, is not within the health care provider network or otherwise a participating provider with respect to the individual's health care coverage; and (2) if so, the estimated out-of-pocket costs of the services to the individual. At least 24 hours prior to providing those services, the hospital must document that the individual: (1) has been provided with the required notice, and (2) consents to be furnished with the services and charged an amount approximate to the estimate provided. Otherwise, the hospital may not charge the individual more than the individual would have been required to pay if the services had been furnished by an in-network or participating provider.</p> <p>With respect to such an individual who is seeking same-day emergency services, a hospital may not charge more than the individual would be required to pay for such services furnished by an in-network or participating provider.</p>]]></text>
          <updateDate>2017-02-02T05:00:00Z</updateDate>
          <actionDate>2017-02-02</actionDate>
          <lastSummaryUpdateDate>2017-03-06T17:31:57Z</lastSummaryUpdateDate>
          <name>Introduced in House</name>
          <actionDesc>Introduced in House</actionDesc>
        </item>
      </billSummaries>
    </summaries>
    <actions>
      <actionTypeCounts>
        <introducedInHouse>1</introducedInHouse>
        <introducedInTheHouse>1</introducedInTheHouse>
        <billReferralsAggregate>1</billReferralsAggregate>
        <billReferrals>2</billReferrals>
        <placeholderTextForH>2</placeholderTextForH>
      </actionTypeCounts>
      <item>
        <actionDate>2017-02-14</actionDate>
        <committee>
          <systemCode>hswm02</systemCode>
          <name>Health Subcommittee</name>
        </committee>
        <links />
        <sourceSystem>
          <code>1</code>
          <name>House committee actions</name>
        </sourceSystem>
        <text>Referred to the Subcommittee on Health.</text>
        <type>Committee</type>
      </item>
      <item>
        <actionDate>2017-02-03</actionDate>
        <committee>
          <systemCode>hsif14</systemCode>
          <name>Health Subcommittee</name>
        </committee>
        <links />
        <sourceSystem>
          <code>1</code>
          <name>House committee actions</name>
        </sourceSystem>
        <text>Referred to the Subcommittee on Health.</text>
        <type>Committee</type>
      </item>
      <item>
        <type>IntroReferral</type>
        <sourceSystem>
          <code>2</code>
          <name>House floor actions</name>
        </sourceSystem>
        <actionCode>H11100</actionCode>
        <links />
        <text>Referred to House Energy and Commerce</text>
        <committee>
          <systemCode>hsif00</systemCode>
          <name>Energy and Commerce Committee</name>
        </committee>
        <actionDate>2017-02-02</actionDate>
      </item>
      <item>
        <type>IntroReferral</type>
        <sourceSystem>
          <code>2</code>
          <name>House floor actions</name>
        </sourceSystem>
        <actionCode>H11100</actionCode>
        <links />
        <text>Referred to House Ways and Means</text>
        <committee>
          <systemCode>hswm00</systemCode>
          <name>Ways and Means Committee</name>
        </committee>
        <actionDate>2017-02-02</actionDate>
      </item>
      <item>
        <type>IntroReferral</type>
        <sourceSystem>
          <code>9</code>
          <name>Library of Congress</name>
        </sourceSystem>
        <actionCode>H11100-A</actionCode>
        <links />
        <text>Referred to the Committee on Ways and Means, and in addition to the Committee on Energy and Commerce, for a period to be subsequently determined by the Speaker, in each case for consideration of such provisions as fall within the jurisdiction of the committee concerned.</text>
        <committee />
        <actionDate>2017-02-02</actionDate>
      </item>
      <item>
        <type>IntroReferral</type>
        <sourceSystem>
          <code>9</code>
          <name>Library of Congress</name>
        </sourceSystem>
        <actionCode>Intro-H</actionCode>
        <links />
        <text>Introduced in House</text>
        <committee />
        <actionDate>2017-02-02</actionDate>
      </item>
      <item>
        <type>IntroReferral</type>
        <sourceSystem>
          <code>9</code>
          <name>Library of Congress</name>
        </sourceSystem>
        <actionCode>1000</actionCode>
        <links />
        <text>Introduced in House</text>
        <committee />
        <actionDate>2017-02-02</actionDate>
      </item>
      <actionByCounts>
        <houseOfRepresentatives>7</houseOfRepresentatives>
      </actionByCounts>
    </actions>
    <relatedBills>
      <item>
        <number>284</number>
        <latestAction>
          <actionDate>2017-02-02</actionDate>
          <text>Read twice and referred to the Committee on Finance.</text>
        </latestAction>
        <relationshipDetails>
          <item>
            <identifiedBy>CRS</identifiedBy>
            <type>Identical bill</type>
          </item>
        </relationshipDetails>
        <latestTitle>End Surprise Billing Act of 2017</latestTitle>
        <type>S</type>
        <congress>115</congress>
      </item>
    </relatedBills>
    <committees>
      <billCommittees>
        <item>
          <chamber>House</chamber>
          <name>Ways and Means Committee</name>
          <subcommittees>
            <item>
              <name>Health Subcommittee</name>
              <systemCode>hswm02</systemCode>
              <activities>
                <item>
                  <name>Referred to</name>
                  <date>2017-02-14T22:09:04Z</date>
                </item>
              </activities>
            </item>
          </subcommittees>
          <activities>
            <item>
              <name>Referred to</name>
              <date>2017-02-02T15:01:25Z</date>
            </item>
          </activities>
          <type>Standing</type>
          <systemCode>hswm00</systemCode>
        </item>
        <item>
          <chamber>House</chamber>
          <name>Energy and Commerce Committee</name>
          <subcommittees>
            <item>
              <name>Health Subcommittee</name>
              <systemCode>hsif14</systemCode>
              <activities>
                <item>
                  <name>Referred to</name>
                  <date>2017-02-03T16:03:33Z</date>
                </item>
              </activities>
            </item>
          </subcommittees>
          <activities>
            <item>
              <name>Referred to</name>
              <date>2017-02-02T15:01:30Z</date>
            </item>
          </activities>
          <type>Standing</type>
          <systemCode>hsif00</systemCode>
        </item>
      </billCommittees>
    </committees>
    <constitutionalAuthorityStatementText><![CDATA[<pre>From the Congressional Record Online through the Government Publishing Office [<a href='http://www.gpo.gov'>www.gpo.gov</a>]By Mr. DOGGETT:H.R. 817.Congress has the power to enact this legislation pursuantto the following:Article I, Section 8, Clause 3 of the Constitution of theUnited States[Page H945]</pre>]]></constitutionalAuthorityStatementText>
    <introducedDate>2017-02-02</introducedDate>
    <cosponsors>
      <item>
        <fullName>Rep. Butterfield, G. K. [D-NC-1]</fullName>
        <middleName />
        <identifiers>
          <lisID>1761</lisID>
          <gpoId>8024</gpoId>
          <bioguideId>B001251</bioguideId>
        </identifiers>
        <firstName>G. K.</firstName>
        <party>D</party>
        <bioguideId>B001251</bioguideId>
        <sponsorshipDate>2017-02-02</sponsorshipDate>
        <sponsorshipWithdrawnDate />
        <state>NC</state>
        <lastName>Butterfield</lastName>
        <isOriginalCosponsor>True</isOriginalCosponsor>
        <district>1</district>
      </item>
      <item>
        <fullName>Rep. Cartwright, Matt [D-PA-17]</fullName>
        <middleName />
        <identifiers>
          <lisID>2159</lisID>
          <gpoId />
          <bioguideId>C001090</bioguideId>
        </identifiers>
        <firstName>Matt</firstName>
        <party>D</party>
        <bioguideId>C001090</bioguideId>
        <sponsorshipDate>2017-02-02</sponsorshipDate>
        <sponsorshipWithdrawnDate />
        <state>PA</state>
        <lastName>Cartwright</lastName>
        <isOriginalCosponsor>True</isOriginalCosponsor>
        <district>17</district>
      </item>
      <item>
        <fullName>Rep. Chu, Judy [D-CA-27]</fullName>
        <middleName />
        <identifiers>
          <lisID>1970</lisID>
          <gpoId>7837</gpoId>
          <bioguideId>C001080</bioguideId>
        </identifiers>
        <firstName>Judy</firstName>
        <party>D</party>
        <bioguideId>C001080</bioguideId>
        <sponsorshipDate>2017-02-02</sponsorshipDate>
        <sponsorshipWithdrawnDate />
        <state>CA</state>
        <lastName>Chu</lastName>
        <isOriginalCosponsor>True</isOriginalCosponsor>
        <district>27</district>
      </item>
      <item>
        <fullName>Rep. Cicilline, David N. [D-RI-1]</fullName>
        <middleName>N.</middleName>
        <identifiers>
          <lisID>2055</lisID>
          <gpoId>8139</gpoId>
          <bioguideId>C001084</bioguideId>
        </identifiers>
        <firstName>David</firstName>
        <party>D</party>
        <bioguideId>C001084</bioguideId>
        <sponsorshipDate>2017-02-02</sponsorshipDate>
        <sponsorshipWithdrawnDate />
        <state>RI</state>
        <lastName>Cicilline</lastName>
        <isOriginalCosponsor>True</isOriginalCosponsor>
        <district>1</district>
      </item>
      <item>
        <fullName>Rep. Clarke, Yvette D. [D-NY-9]</fullName>
        <middleName>D.</middleName>
        <identifiers>
          <lisID>1864</lisID>
          <gpoId>8072</gpoId>
          <bioguideId>C001067</bioguideId>
        </identifiers>
        <firstName>Yvette</firstName>
        <party>D</party>
        <bioguideId>C001067</bioguideId>
        <sponsorshipDate>2017-02-02</sponsorshipDate>
        <sponsorshipWithdrawnDate />
        <state>NY</state>
        <lastName>Clarke</lastName>
        <isOriginalCosponsor>True</isOriginalCosponsor>
        <district>9</district>
      </item>
      <item>
        <fullName>Rep. Cohen, Steve [D-TN-9]</fullName>
        <middleName />
        <identifiers>
          <lisID>1878</lisID>
          <gpoId>8156</gpoId>
          <bioguideId>C001068</bioguideId>
        </identifiers>
        <firstName>Steve</firstName>
        <party>D</party>
        <bioguideId>C001068</bioguideId>
        <sponsorshipDate>2017-02-02</sponsorshipDate>
        <sponsorshipWithdrawnDate />
        <state>TN</state>
        <lastName>Cohen</lastName>
        <isOriginalCosponsor>True</isOriginalCosponsor>
        <district>9</district>
      </item>
      <item>
        <fullName>Rep. Courtney, Joe [D-CT-2]</fullName>
        <middleName />
        <identifiers>
          <bioguideId>C001069</bioguideId>
          <gpoId>7867</gpoId>
          <lisID>1836</lisID>
        </identifiers>
        <firstName>Joe</firstName>
        <party>D</party>
        <bioguideId>C001069</bioguideId>
        <sponsorshipDate>2017-02-02</sponsorshipDate>
        <sponsorshipWithdrawnDate />
        <state>CT</state>
        <lastName>Courtney</lastName>
        <isOriginalCosponsor>True</isOriginalCosponsor>
        <district>2</district>
      </item>
      <item>
        <fullName>Rep. Davis, Danny K. [D-IL-7]</fullName>
        <middleName>K.</middleName>
        <identifiers>
          <gpoId>7927</gpoId>
          <bioguideId>D000096</bioguideId>
          <lisID>1477</lisID>
        </identifiers>
        <firstName>DANNY</firstName>
        <party>D</party>
        <bioguideId>D000096</bioguideId>
        <sponsorshipDate>2017-02-02</sponsorshipDate>
        <sponsorshipWithdrawnDate />
        <state>IL</state>
        <lastName>DAVIS</lastName>
        <isOriginalCosponsor>True</isOriginalCosponsor>
        <district>7</district>
      </item>
      <item>
        <fullName>Rep. DeLauro, Rosa L. [D-CT-3]</fullName>
        <middleName />
        <identifiers>
          <lisID>281</lisID>
          <gpoId>7868</gpoId>
          <bioguideId>D000216</bioguideId>
        </identifiers>
        <firstName>ROSA</firstName>
        <party>D</party>
        <bioguideId>D000216</bioguideId>
        <sponsorshipDate>2017-02-02</sponsorshipDate>
        <sponsorshipWithdrawnDate />
        <state>CT</state>
        <lastName>DELAURO</lastName>
        <isOriginalCosponsor>True</isOriginalCosponsor>
        <district>3</district>
      </item>
      <item>
        <fullName>Rep. Gallego, Ruben [D-AZ-7]</fullName>
        <middleName />
        <identifiers>
          <lisID>2226</lisID>
          <gpoId />
          <bioguideId>G000574</bioguideId>
        </identifiers>
        <firstName>Ruben</firstName>
        <party>D</party>
        <bioguideId>G000574</bioguideId>
        <sponsorshipDate>2017-02-02</sponsorshipDate>
        <sponsorshipWithdrawnDate />
        <state>AZ</state>
        <lastName>Gallego</lastName>
        <isOriginalCosponsor>True</isOriginalCosponsor>
        <district>7</district>
      </item>
      <item>
        <fullName>Rep. Garamendi, John [D-CA-3]</fullName>
        <middleName />
        <identifiers>
          <bioguideId>G000559</bioguideId>
          <gpoId>7815</gpoId>
          <lisID>1973</lisID>
        </identifiers>
        <firstName>John</firstName>
        <party>D</party>
        <bioguideId>G000559</bioguideId>
        <sponsorshipDate>2017-02-02</sponsorshipDate>
        <sponsorshipWithdrawnDate />
        <state>CA</state>
        <lastName>Garamendi</lastName>
        <isOriginalCosponsor>True</isOriginalCosponsor>
        <district>3</district>
      </item>
      <item>
        <fullName>Rep. Green, Gene [D-TX-29]</fullName>
        <middleName />
        <identifiers>
          <bioguideId>G000410</bioguideId>
          <gpoId>8185</gpoId>
          <lisID>462</lisID>
        </identifiers>
        <firstName>GENE</firstName>
        <party>D</party>
        <bioguideId>G000410</bioguideId>
        <sponsorshipDate>2017-02-02</sponsorshipDate>
        <sponsorshipWithdrawnDate />
        <state>TX</state>
        <lastName>GREEN</lastName>
        <isOriginalCosponsor>True</isOriginalCosponsor>
        <district>29</district>
      </item>
      <item>
        <fullName>Rep. Grijalva, Raul M. [D-AZ-3]</fullName>
        <middleName>M.</middleName>
        <identifiers>
          <bioguideId>G000551</bioguideId>
          <gpoId>7804</gpoId>
          <lisID>1708</lisID>
        </identifiers>
        <firstName>Raul</firstName>
        <party>D</party>
        <bioguideId>G000551</bioguideId>
        <sponsorshipDate>2017-02-02</sponsorshipDate>
        <sponsorshipWithdrawnDate />
        <state>AZ</state>
        <lastName>Grijalva</lastName>
        <isOriginalCosponsor>True</isOriginalCosponsor>
        <district>3</district>
      </item>
      <item>
        <fullName>Rep. Hastings, Alcee L. [D-FL-20]</fullName>
        <middleName>L.</middleName>
        <identifiers>
          <lisID>511</lisID>
          <gpoId>7895</gpoId>
          <bioguideId>H000324</bioguideId>
        </identifiers>
        <firstName>ALCEE</firstName>
        <party>D</party>
        <bioguideId>H000324</bioguideId>
        <sponsorshipDate>2017-02-02</sponsorshipDate>
        <sponsorshipWithdrawnDate />
        <state>FL</state>
        <lastName>HASTINGS</lastName>
        <isOriginalCosponsor>True</isOriginalCosponsor>
        <district>20</district>
      </item>
      <item>
        <fullName>Rep. Kelly, Robin L. [D-IL-2]</fullName>
        <middleName>L.</middleName>
        <identifiers>
          <gpoId />
          <bioguideId>K000385</bioguideId>
          <lisID>2190</lisID>
        </identifiers>
        <firstName>Robin</firstName>
        <party>D</party>
        <bioguideId>K000385</bioguideId>
        <sponsorshipDate>2017-02-02</sponsorshipDate>
        <sponsorshipWithdrawnDate />
        <state>IL</state>
        <lastName>Kelly</lastName>
        <isOriginalCosponsor>True</isOriginalCosponsor>
        <district>2</district>
      </item>
      <item>
        <fullName>Rep. Langevin, James R. [D-RI-2]</fullName>
        <middleName>R.</middleName>
        <identifiers>
          <lisID>1668</lisID>
          <gpoId>8140</gpoId>
          <bioguideId>L000559</bioguideId>
        </identifiers>
        <firstName>JAMES</firstName>
        <party>D</party>
        <bioguideId>L000559</bioguideId>
        <sponsorshipDate>2017-02-02</sponsorshipDate>
        <sponsorshipWithdrawnDate />
        <state>RI</state>
        <lastName>LANGEVIN</lastName>
        <isOriginalCosponsor>True</isOriginalCosponsor>
        <district>2</district>
      </item>
      <item>
        <fullName>Rep. Lee, Barbara [D-CA-13]</fullName>
        <middleName />
        <identifiers>
          <lisID>1501</lisID>
          <gpoId>7814</gpoId>
          <bioguideId>L000551</bioguideId>
        </identifiers>
        <firstName>BARBARA</firstName>
        <party>D</party>
        <bioguideId>L000551</bioguideId>
        <sponsorshipDate>2017-02-02</sponsorshipDate>
        <sponsorshipWithdrawnDate />
        <state>CA</state>
        <lastName>LEE</lastName>
        <isOriginalCosponsor>True</isOriginalCosponsor>
        <district>13</district>
      </item>
      <item>
        <fullName>Rep. Lewis, John [D-GA-5]</fullName>
        <middleName />
        <identifiers>
          <bioguideId>L000287</bioguideId>
          <gpoId>7902</gpoId>
          <lisID>688</lisID>
        </identifiers>
        <firstName>JOHN</firstName>
        <party>D</party>
        <bioguideId>L000287</bioguideId>
        <sponsorshipDate>2017-02-02</sponsorshipDate>
        <sponsorshipWithdrawnDate />
        <state>GA</state>
        <lastName>LEWIS</lastName>
        <isOriginalCosponsor>True</isOriginalCosponsor>
        <district>5</district>
      </item>
      <item>
        <fullName>Rep. Lipinski, Daniel [D-IL-3]</fullName>
        <middleName>William</middleName>
        <identifiers>
          <lisID>1781</lisID>
          <gpoId>7923</gpoId>
          <bioguideId>L000563</bioguideId>
        </identifiers>
        <firstName>Daniel</firstName>
        <party>D</party>
        <bioguideId>L000563</bioguideId>
        <sponsorshipDate>2017-02-02</sponsorshipDate>
        <sponsorshipWithdrawnDate />
        <state>IL</state>
        <lastName>Lipinski</lastName>
        <isOriginalCosponsor>True</isOriginalCosponsor>
        <district>3</district>
      </item>
      <item>
        <fullName>Rep. Lofgren, Zoe [D-CA-19]</fullName>
        <middleName />
        <identifiers>
          <lisID>701</lisID>
          <gpoId>7821</gpoId>
          <bioguideId>L000397</bioguideId>
        </identifiers>
        <firstName>ZOE</firstName>
        <party>D</party>
        <bioguideId>L000397</bioguideId>
        <sponsorshipDate>2017-02-02</sponsorshipDate>
        <sponsorshipWithdrawnDate />
        <state>CA</state>
        <lastName>LOFGREN</lastName>
        <isOriginalCosponsor>True</isOriginalCosponsor>
        <district>19</district>
      </item>
      <item>
        <fullName>Rep. Moore, Gwen [D-WI-4]</fullName>
        <middleName />
        <identifiers>
          <gpoId>8217</gpoId>
          <bioguideId>M001160</bioguideId>
          <lisID>1811</lisID>
        </identifiers>
        <firstName>Gwen</firstName>
        <party>D</party>
        <bioguideId>M001160</bioguideId>
        <sponsorshipDate>2017-02-02</sponsorshipDate>
        <sponsorshipWithdrawnDate />
        <state>WI</state>
        <lastName>Moore</lastName>
        <isOriginalCosponsor>True</isOriginalCosponsor>
        <district>4</district>
      </item>
      <item>
        <fullName>Rep. Nadler, Jerrold [D-NY-10]</fullName>
        <middleName />
        <identifiers>
          <bioguideId>N000002</bioguideId>
          <gpoId>8069</gpoId>
          <lisID>850</lisID>
        </identifiers>
        <firstName>JERROLD</firstName>
        <party>D</party>
        <bioguideId>N000002</bioguideId>
        <sponsorshipDate>2017-02-02</sponsorshipDate>
        <sponsorshipWithdrawnDate />
        <state>NY</state>
        <lastName>NADLER</lastName>
        <isOriginalCosponsor>True</isOriginalCosponsor>
        <district>10</district>
      </item>
      <item>
        <fullName>Rep. Norton, Eleanor Holmes [D-DC-At Large]</fullName>
        <middleName>HOLMES</middleName>
        <identifiers>
          <lisID>868</lisID>
          <gpoId>7871</gpoId>
          <bioguideId>N000147</bioguideId>
        </identifiers>
        <firstName>ELEANOR</firstName>
        <party>D</party>
        <bioguideId>N000147</bioguideId>
        <sponsorshipDate>2017-02-02</sponsorshipDate>
        <sponsorshipWithdrawnDate />
        <state>DC</state>
        <lastName>NORTON</lastName>
        <isOriginalCosponsor>True</isOriginalCosponsor>
        <district>0</district>
      </item>
      <item>
        <fullName>Rep. Pocan, Mark [D-WI-2]</fullName>
        <middleName />
        <identifiers>
          <lisID>2171</lisID>
          <gpoId />
          <bioguideId>P000607</bioguideId>
        </identifiers>
        <firstName>Mark</firstName>
        <party>D</party>
        <bioguideId>P000607</bioguideId>
        <sponsorshipDate>2017-02-02</sponsorshipDate>
        <sponsorshipWithdrawnDate />
        <state>WI</state>
        <lastName>Pocan</lastName>
        <isOriginalCosponsor>True</isOriginalCosponsor>
        <district>2</district>
      </item>
      <item>
        <fullName>Rep. Schakowsky, Janice D. [D-IL-9]</fullName>
        <middleName>D.</middleName>
        <identifiers>
          <lisID>1588</lisID>
          <gpoId>7929</gpoId>
          <bioguideId>S001145</bioguideId>
        </identifiers>
        <firstName>JANICE</firstName>
        <party>D</party>
        <bioguideId>S001145</bioguideId>
        <sponsorshipDate>2017-02-02</sponsorshipDate>
        <sponsorshipWithdrawnDate />
        <state>IL</state>
        <lastName>SCHAKOWSKY</lastName>
        <isOriginalCosponsor>True</isOriginalCosponsor>
        <district>9</district>
      </item>
      <item>
        <fullName>Rep. Tonko, Paul [D-NY-20]</fullName>
        <middleName />
        <identifiers>
          <gpoId>8082</gpoId>
          <bioguideId>T000469</bioguideId>
          <lisID>1942</lisID>
        </identifiers>
        <firstName>Paul</firstName>
        <party>D</party>
        <bioguideId>T000469</bioguideId>
        <sponsorshipDate>2017-02-02</sponsorshipDate>
        <sponsorshipWithdrawnDate />
        <state>NY</state>
        <lastName>Tonko</lastName>
        <isOriginalCosponsor>True</isOriginalCosponsor>
        <district>20</district>
      </item>
      <item>
        <fullName>Rep. Welch, Peter [D-VT-At Large]</fullName>
        <middleName />
        <identifiers>
          <bioguideId>W000800</bioguideId>
          <lisID>1879</lisID>
          <gpoId>8204</gpoId>
        </identifiers>
        <firstName>Peter</firstName>
        <party>D</party>
        <bioguideId>W000800</bioguideId>
        <sponsorshipDate>2017-02-02</sponsorshipDate>
        <sponsorshipWithdrawnDate />
        <state>VT</state>
        <lastName>Welch</lastName>
        <isOriginalCosponsor>True</isOriginalCosponsor>
        <district>0</district>
      </item>
      <item>
        <fullName>Rep. Conyers, John, Jr. [D-MI-13]</fullName>
        <middleName />
        <identifiers>
          <lisID>229</lisID>
          <gpoId>7999</gpoId>
          <bioguideId>C000714</bioguideId>
        </identifiers>
        <firstName>JOHN</firstName>
        <party>D</party>
        <bioguideId>C000714</bioguideId>
        <sponsorshipDate>2017-02-02</sponsorshipDate>
        <sponsorshipWithdrawnDate />
        <state>MI</state>
        <lastName>CONYERS</lastName>
        <isOriginalCosponsor>True</isOriginalCosponsor>
        <district>13</district>
      </item>
      <item>
        <fullName>Rep. Ellison, Keith [D-MN-5]</fullName>
        <middleName />
        <identifiers>
          <lisID>1857</lisID>
          <gpoId>8005</gpoId>
          <bioguideId>E000288</bioguideId>
        </identifiers>
        <firstName>Keith</firstName>
        <party>D</party>
        <bioguideId>E000288</bioguideId>
        <sponsorshipDate>2017-02-02</sponsorshipDate>
        <sponsorshipWithdrawnDate />
        <state>MN</state>
        <lastName>Ellison</lastName>
        <isOriginalCosponsor>True</isOriginalCosponsor>
        <district>5</district>
      </item>
      <item>
        <fullName>Rep. Espaillat, Adriano [D-NY-13]</fullName>
        <middleName />
        <identifiers>
          <gpoId />
          <bioguideId>E000297</bioguideId>
          <lisID>2342</lisID>
        </identifiers>
        <firstName>Adriano</firstName>
        <party>D</party>
        <bioguideId>E000297</bioguideId>
        <sponsorshipDate>2017-02-02</sponsorshipDate>
        <sponsorshipWithdrawnDate />
        <state>NY</state>
        <lastName>Espaillat</lastName>
        <isOriginalCosponsor>True</isOriginalCosponsor>
        <district>13</district>
      </item>
      <item>
        <fullName>Rep. Lawrence, Brenda L. [D-MI-14]</fullName>
        <middleName>L.</middleName>
        <identifiers>
          <bioguideId>L000581</bioguideId>
          <lisID>2252</lisID>
          <gpoId />
        </identifiers>
        <firstName>Brenda</firstName>
        <party>D</party>
        <bioguideId>L000581</bioguideId>
        <sponsorshipDate>2017-02-02</sponsorshipDate>
        <sponsorshipWithdrawnDate />
        <state>MI</state>
        <lastName>Lawrence</lastName>
        <isOriginalCosponsor>True</isOriginalCosponsor>
        <district>14</district>
      </item>
      <item>
        <fullName>Rep. Shea-Porter, Carol [D-NH-1]</fullName>
        <middleName />
        <identifiers>
          <lisID>1861</lisID>
          <gpoId>7528</gpoId>
          <bioguideId>S001170</bioguideId>
        </identifiers>
        <firstName>Carol</firstName>
        <party>D</party>
        <bioguideId>S001170</bioguideId>
        <sponsorshipDate>2017-02-02</sponsorshipDate>
        <sponsorshipWithdrawnDate />
        <state>NH</state>
        <lastName>Shea-Porter</lastName>
        <isOriginalCosponsor>True</isOriginalCosponsor>
        <district>1</district>
      </item>
      <item>
        <fullName>Rep. Pingree, Chellie [D-ME-1]</fullName>
        <middleName />
        <identifiers>
          <gpoId>7984</gpoId>
          <lisID>1927</lisID>
          <bioguideId>P000597</bioguideId>
        </identifiers>
        <firstName>Chellie</firstName>
        <party>D</party>
        <bioguideId>P000597</bioguideId>
        <sponsorshipDate>2017-02-15</sponsorshipDate>
        <sponsorshipWithdrawnDate />
        <state>ME</state>
        <lastName>Pingree</lastName>
        <isOriginalCosponsor>False</isOriginalCosponsor>
        <district>1</district>
      </item>
      <item>
        <fullName>Rep. Yarmuth, John A. [D-KY-3]</fullName>
        <middleName>A.</middleName>
        <identifiers>
          <lisID>1853</lisID>
          <gpoId>7955</gpoId>
          <bioguideId>Y000062</bioguideId>
        </identifiers>
        <firstName>John</firstName>
        <party>D</party>
        <bioguideId>Y000062</bioguideId>
        <sponsorshipDate>2017-02-15</sponsorshipDate>
        <sponsorshipWithdrawnDate />
        <state>KY</state>
        <lastName>Yarmuth</lastName>
        <isOriginalCosponsor>False</isOriginalCosponsor>
        <district>3</district>
      </item>
      <item>
        <fullName>Rep. Kaptur, Marcy [D-OH-9]</fullName>
        <middleName />
        <identifiers>
          <lisID>616</lisID>
          <gpoId>8099</gpoId>
          <bioguideId>K000009</bioguideId>
        </identifiers>
        <firstName>MARCY</firstName>
        <party>D</party>
        <bioguideId>K000009</bioguideId>
        <sponsorshipDate>2017-03-01</sponsorshipDate>
        <sponsorshipWithdrawnDate />
        <state>OH</state>
        <lastName>KAPTUR</lastName>
        <isOriginalCosponsor>False</isOriginalCosponsor>
        <district>9</district>
      </item>
      <item>
        <fullName>Rep. DeGette, Diana [D-CO-1]</fullName>
        <middleName />
        <identifiers>
          <lisID>1479</lisID>
          <gpoId>7859</gpoId>
          <bioguideId>D000197</bioguideId>
        </identifiers>
        <firstName>DIANA</firstName>
        <party>D</party>
        <bioguideId>D000197</bioguideId>
        <sponsorshipDate>2017-03-01</sponsorshipDate>
        <sponsorshipWithdrawnDate />
        <state>CO</state>
        <lastName>DEGETTE</lastName>
        <isOriginalCosponsor>False</isOriginalCosponsor>
        <district>1</district>
      </item>
      <item>
        <fullName>Rep. Raskin, Jamie [D-MD-8]</fullName>
        <middleName />
        <identifiers>
          <lisID>2332</lisID>
          <gpoId />
          <bioguideId>R000606</bioguideId>
        </identifiers>
        <firstName>Jamie</firstName>
        <party>D</party>
        <bioguideId>R000606</bioguideId>
        <sponsorshipDate>2017-03-16</sponsorshipDate>
        <sponsorshipWithdrawnDate />
        <state>MD</state>
        <lastName>Raskin</lastName>
        <isOriginalCosponsor>False</isOriginalCosponsor>
        <district>8</district>
      </item>
      <item>
        <fullName>Rep. O'Rourke, Beto [D-TX-16]</fullName>
        <middleName />
        <identifiers>
          <lisID>2162</lisID>
          <gpoId />
          <bioguideId>O000170</bioguideId>
        </identifiers>
        <firstName>Beto</firstName>
        <party>D</party>
        <bioguideId>O000170</bioguideId>
        <sponsorshipDate>2017-05-19</sponsorshipDate>
        <sponsorshipWithdrawnDate />
        <state>TX</state>
        <lastName>O'Rourke</lastName>
        <isOriginalCosponsor>False</isOriginalCosponsor>
        <district>16</district>
      </item>
      <item>
        <fullName>Rep. Velazquez, Nydia M. [D-NY-7]</fullName>
        <middleName>M.</middleName>
        <identifiers>
          <bioguideId>V000081</bioguideId>
          <gpoId>8073</gpoId>
          <lisID>1184</lisID>
        </identifiers>
        <firstName>NYDIA</firstName>
        <party>D</party>
        <bioguideId>V000081</bioguideId>
        <sponsorshipDate>2017-05-19</sponsorshipDate>
        <sponsorshipWithdrawnDate />
        <state>NY</state>
        <lastName>VELAZQUEZ</lastName>
        <isOriginalCosponsor>False</isOriginalCosponsor>
        <district>7</district>
      </item>
      <item>
        <fullName>Rep. Smith, Christopher H. [R-NJ-4]</fullName>
        <middleName>H.</middleName>
        <identifiers>
          <bioguideId>S000522</bioguideId>
          <gpoId>8046</gpoId>
          <lisID>1071</lisID>
        </identifiers>
        <firstName>CHRISTOPHER</firstName>
        <party>R</party>
        <bioguideId>S000522</bioguideId>
        <sponsorshipDate>2017-05-19</sponsorshipDate>
        <sponsorshipWithdrawnDate />
        <state>NJ</state>
        <lastName>SMITH</lastName>
        <isOriginalCosponsor>False</isOriginalCosponsor>
        <district>4</district>
      </item>
      <item>
        <fullName>Rep. Higgins, Brian [D-NY-26]</fullName>
        <middleName />
        <identifiers>
          <lisID>1794</lisID>
          <gpoId>8088</gpoId>
          <bioguideId>H001038</bioguideId>
        </identifiers>
        <firstName>Brian</firstName>
        <party>D</party>
        <bioguideId>H001038</bioguideId>
        <sponsorshipDate>2017-07-20</sponsorshipDate>
        <sponsorshipWithdrawnDate />
        <state>NY</state>
        <lastName>Higgins</lastName>
        <isOriginalCosponsor>False</isOriginalCosponsor>
        <district>26</district>
      </item>
      <item>
        <fullName>Rep. Jayapal, Pramila [D-WA-7]</fullName>
        <middleName />
        <identifiers>
          <bioguideId>J000298</bioguideId>
          <gpoId />
          <lisID>2354</lisID>
        </identifiers>
        <firstName>Pramila</firstName>
        <party>D</party>
        <bioguideId>J000298</bioguideId>
        <sponsorshipDate>2017-11-28</sponsorshipDate>
        <sponsorshipWithdrawnDate />
        <state>WA</state>
        <lastName>Jayapal</lastName>
        <isOriginalCosponsor>False</isOriginalCosponsor>
        <district>7</district>
      </item>
      <item>
        <fullName>Rep. Gonzalez, Vicente [D-TX-15]</fullName>
        <middleName />
        <identifiers>
          <lisID>2349</lisID>
          <gpoId />
          <bioguideId>G000581</bioguideId>
        </identifiers>
        <firstName>Vicente</firstName>
        <party>D</party>
        <bioguideId>G000581</bioguideId>
        <sponsorshipDate>2018-01-20</sponsorshipDate>
        <sponsorshipWithdrawnDate />
        <state>TX</state>
        <lastName>Gonzalez</lastName>
        <isOriginalCosponsor>False</isOriginalCosponsor>
        <district>15</district>
      </item>
    </cosponsors>
    <laws />
    <congress>115</congress>
    <recordedVotes />
    <amendments />
    <committeeReports />
    <billType>HR</billType>
    <billNumber>817</billNumber>
    <updateDate>2018-03-30T14:01:25Z</updateDate>
    <originChamber>House</originChamber>
  </bill>
  <dublinCore xmlns:dc="http://purl.org/dc/elements/1.1/">
    <dc:format>text/xml</dc:format>
    <dc:language>EN</dc:language>
    <dc:rights>Pursuant to Title 17 Section 105 of the United States Code, this file is not subject to copyright protection and is in the public domain.</dc:rights>
    <dc:contributor>Congressional Research Service, Library of Congress</dc:contributor>
    <dc:description>This file contains bill summaries and statuses for federal legislation. A bill summary describes the most significant provisions of a piece of legislation and details the effects the legislative text may have on current law and federal programs. Bill summaries are authored by the Congressional Research Service (CRS) of the Library of Congress. As stated in Public Law 91-510 (2 USC 166 (d)(6)), one of the duties of CRS is "to prepare summaries and digests of bills and resolutions of a public general nature introduced in the Senate or House of Representatives". For more information, refer to the User Guide that accompanies this file.</dc:description>
  </dublinCore>
</billStatus>

