<?xml version="1.0" encoding="UTF-8"?>
<billStatus>
  <bill>
    <titles>
      <item>
        <title>Equal Access to Abortion Coverage in Health Insurance (EACH Woman) Act of 2017</title>
        <titleType>Short Titles as Introduced</titleType>
        <parentTitleType />
        <chamberCode />
        <chamberName />
      </item>
      <item>
        <title>To ensure affordable abortion coverage and care for every woman, and for other purposes.</title>
        <titleType>Official Title as Introduced</titleType>
        <parentTitleType />
        <chamberCode />
        <chamberName />
      </item>
      <item>
        <title>Equal Access to Abortion Coverage in Health Insurance (EACH Woman) Act of 2017</title>
        <titleType>Display Title</titleType>
        <parentTitleType />
        <chamberCode />
        <chamberName />
      </item>
      <item>
        <title>Equal Access to Abortion Coverage in Health Insurance (EACH Woman) Act of 2017</title>
        <titleType>(Extracted from GPO) Short Titles as Introduced</titleType>
        <parentTitleType />
        <chamberCode />
        <chamberName />
      </item>
    </titles>
    <policyArea>
      <name>Health</name>
    </policyArea>
    <amendments />
    <billNumber>771</billNumber>
    <version>1.0.0</version>
    <congress>115</congress>
    <calendarNumbers />
    <createDate>2017-02-01T04:48:47Z</createDate>
    <updateDate>2018-03-30T14:01:14Z</updateDate>
    <latestAction>
      <actionDate>2017-02-10</actionDate>
      <links />
      <text>Referred to the Subcommittee on Health.</text>
    </latestAction>
    <laws />
    <sponsors>
      <item>
        <fullName>Rep. Lee, Barbara [D-CA-13]</fullName>
        <bioguideId>L000551</bioguideId>
        <lastName>LEE</lastName>
        <byRequestType />
        <firstName>BARBARA</firstName>
        <district>13</district>
        <state>CA</state>
        <middleName />
        <party>D</party>
        <identifiers>
          <gpoId>7814</gpoId>
          <bioguideId>L000551</bioguideId>
          <lisID>1501</lisID>
        </identifiers>
      </item>
    </sponsors>
    <originChamber>House</originChamber>
    <constitutionalAuthorityStatementText><![CDATA[<pre>From the Congressional Record Online through the Government Publishing Office [<a href='http://www.gpo.gov'>www.gpo.gov</a>]By Ms. LEE:H.R. 771.Congress has the power to enact this legislation pursuantto the following:This bill is enacted pursuant to the power granted toCongress under Article I of the United States Constitutionand its subsequent amendments, and further clarified andinterpreted by the Supreme Court of the United States.[Page H820]</pre>]]></constitutionalAuthorityStatementText>
    <cosponsors>
      <item>
        <firstName>JANICE</firstName>
        <identifiers>
          <lisID>1588</lisID>
          <gpoId>7929</gpoId>
          <bioguideId>S001145</bioguideId>
        </identifiers>
        <sponsorshipDate>2017-01-31</sponsorshipDate>
        <isOriginalCosponsor>True</isOriginalCosponsor>
        <state>IL</state>
        <lastName>SCHAKOWSKY</lastName>
        <middleName>D.</middleName>
        <fullName>Rep. Schakowsky, Janice D. [D-IL-9]</fullName>
        <bioguideId>S001145</bioguideId>
        <district>9</district>
        <sponsorshipWithdrawnDate />
        <party>D</party>
      </item>
      <item>
        <firstName>Katherine</firstName>
        <identifiers>
          <bioguideId>C001101</bioguideId>
          <lisID>2196</lisID>
          <gpoId />
        </identifiers>
        <sponsorshipDate>2017-01-31</sponsorshipDate>
        <isOriginalCosponsor>True</isOriginalCosponsor>
        <state>MA</state>
        <lastName>Clark</lastName>
        <middleName>M.</middleName>
        <fullName>Rep. Clark, Katherine M. [D-MA-5]</fullName>
        <bioguideId>C001101</bioguideId>
        <district>5</district>
        <sponsorshipWithdrawnDate />
        <party>D</party>
      </item>
      <item>
        <firstName>Gerald</firstName>
        <identifiers>
          <lisID>1959</lisID>
          <gpoId>8202</gpoId>
          <bioguideId>C001078</bioguideId>
        </identifiers>
        <sponsorshipDate>2017-01-31</sponsorshipDate>
        <isOriginalCosponsor>True</isOriginalCosponsor>
        <state>VA</state>
        <lastName>Connolly</lastName>
        <middleName>E.</middleName>
        <fullName>Rep. Connolly, Gerald E. [D-VA-11]</fullName>
        <bioguideId>C001078</bioguideId>
        <district>11</district>
        <sponsorshipWithdrawnDate />
        <party>D</party>
      </item>
      <item>
        <firstName>Kathleen</firstName>
        <identifiers>
          <bioguideId>R000602</bioguideId>
          <gpoId />
          <lisID>2262</lisID>
        </identifiers>
        <sponsorshipDate>2017-01-31</sponsorshipDate>
        <isOriginalCosponsor>True</isOriginalCosponsor>
        <state>NY</state>
        <lastName>Rice</lastName>
        <middleName>M.</middleName>
        <fullName>Rep. Rice, Kathleen M. [D-NY-4]</fullName>
        <bioguideId>R000602</bioguideId>
        <district>4</district>
        <sponsorshipWithdrawnDate />
        <party>D</party>
      </item>
      <item>
        <firstName>ELIJAH</firstName>
        <identifiers>
          <lisID>256</lisID>
          <gpoId>7982</gpoId>
          <bioguideId>C000984</bioguideId>
        </identifiers>
        <sponsorshipDate>2017-01-31</sponsorshipDate>
        <isOriginalCosponsor>True</isOriginalCosponsor>
        <state>MD</state>
        <lastName>CUMMINGS</lastName>
        <middleName>E.</middleName>
        <fullName>Rep. Cummings, Elijah E. [D-MD-7]</fullName>
        <bioguideId>C000984</bioguideId>
        <district>7</district>
        <sponsorshipWithdrawnDate />
        <party>D</party>
      </item>
      <item>
        <firstName>GREGORY</firstName>
        <identifiers>
          <bioguideId>M001137</bioguideId>
          <gpoId>8067</gpoId>
          <lisID>1506</lisID>
        </identifiers>
        <sponsorshipDate>2017-01-31</sponsorshipDate>
        <isOriginalCosponsor>True</isOriginalCosponsor>
        <state>NY</state>
        <lastName>MEEKS</lastName>
        <middleName>W.</middleName>
        <fullName>Rep. Meeks, Gregory W. [D-NY-5]</fullName>
        <bioguideId>M001137</bioguideId>
        <district>5</district>
        <sponsorshipWithdrawnDate />
        <party>D</party>
      </item>
      <item>
        <firstName>Raul</firstName>
        <identifiers>
          <lisID>1708</lisID>
          <gpoId>7804</gpoId>
          <bioguideId>G000551</bioguideId>
        </identifiers>
        <sponsorshipDate>2017-01-31</sponsorshipDate>
        <isOriginalCosponsor>True</isOriginalCosponsor>
        <state>AZ</state>
        <lastName>Grijalva</lastName>
        <middleName>M.</middleName>
        <fullName>Rep. Grijalva, Raul M. [D-AZ-3]</fullName>
        <bioguideId>G000551</bioguideId>
        <district>3</district>
        <sponsorshipWithdrawnDate />
        <party>D</party>
      </item>
      <item>
        <firstName>Gwen</firstName>
        <identifiers>
          <gpoId>8217</gpoId>
          <bioguideId>M001160</bioguideId>
          <lisID>1811</lisID>
        </identifiers>
        <sponsorshipDate>2017-01-31</sponsorshipDate>
        <isOriginalCosponsor>True</isOriginalCosponsor>
        <state>WI</state>
        <lastName>Moore</lastName>
        <middleName />
        <fullName>Rep. Moore, Gwen [D-WI-4]</fullName>
        <bioguideId>M001160</bioguideId>
        <district>4</district>
        <sponsorshipWithdrawnDate />
        <party>D</party>
      </item>
      <item>
        <firstName>ADAM</firstName>
        <identifiers>
          <bioguideId>S000510</bioguideId>
          <gpoId>8213</gpoId>
          <lisID>1528</lisID>
        </identifiers>
        <sponsorshipDate>2017-01-31</sponsorshipDate>
        <isOriginalCosponsor>True</isOriginalCosponsor>
        <state>WA</state>
        <lastName>SMITH</lastName>
        <middleName />
        <fullName>Rep. Smith, Adam [D-WA-9]</fullName>
        <bioguideId>S000510</bioguideId>
        <district>9</district>
        <sponsorshipWithdrawnDate />
        <party>D</party>
      </item>
      <item>
        <firstName>ELEANOR</firstName>
        <identifiers>
          <lisID>868</lisID>
          <gpoId>7871</gpoId>
          <bioguideId>N000147</bioguideId>
        </identifiers>
        <sponsorshipDate>2017-01-31</sponsorshipDate>
        <isOriginalCosponsor>True</isOriginalCosponsor>
        <state>DC</state>
        <lastName>NORTON</lastName>
        <middleName>HOLMES</middleName>
        <fullName>Rep. Norton, Eleanor Holmes [D-DC-At Large]</fullName>
        <bioguideId>N000147</bioguideId>
        <district>0</district>
        <sponsorshipWithdrawnDate />
        <party>D</party>
      </item>
      <item>
        <firstName>Suzanne</firstName>
        <identifiers>
          <lisID>2092</lisID>
          <gpoId>8367</gpoId>
          <bioguideId>B001278</bioguideId>
        </identifiers>
        <sponsorshipDate>2017-01-31</sponsorshipDate>
        <isOriginalCosponsor>True</isOriginalCosponsor>
        <state>OR</state>
        <lastName>Bonamici</lastName>
        <middleName />
        <fullName>Rep. Bonamici, Suzanne [D-OR-1]</fullName>
        <bioguideId>B001278</bioguideId>
        <district>1</district>
        <sponsorshipWithdrawnDate />
        <party>D</party>
      </item>
      <item>
        <firstName>Bill</firstName>
        <identifiers>
          <bioguideId>F000454</bioguideId>
          <gpoId>7355</gpoId>
          <lisID>1888</lisID>
        </identifiers>
        <sponsorshipDate>2017-01-31</sponsorshipDate>
        <isOriginalCosponsor>True</isOriginalCosponsor>
        <state>IL</state>
        <lastName>Foster</lastName>
        <middleName />
        <fullName>Rep. Foster, Bill [D-IL-11]</fullName>
        <bioguideId>F000454</bioguideId>
        <district>11</district>
        <sponsorshipWithdrawnDate />
        <party>D</party>
      </item>
      <item>
        <firstName>Seth</firstName>
        <identifiers>
          <gpoId />
          <bioguideId>M001196</bioguideId>
          <lisID>2246</lisID>
        </identifiers>
        <sponsorshipDate>2017-01-31</sponsorshipDate>
        <isOriginalCosponsor>True</isOriginalCosponsor>
        <state>MA</state>
        <lastName>Moulton</lastName>
        <middleName />
        <fullName>Rep. Moulton, Seth [D-MA-6]</fullName>
        <bioguideId>M001196</bioguideId>
        <district>6</district>
        <sponsorshipWithdrawnDate />
        <party>D</party>
      </item>
      <item>
        <firstName>Mike</firstName>
        <identifiers>
          <lisID>1967</lisID>
          <gpoId>7925</gpoId>
          <bioguideId>Q000023</bioguideId>
        </identifiers>
        <sponsorshipDate>2017-01-31</sponsorshipDate>
        <isOriginalCosponsor>True</isOriginalCosponsor>
        <state>IL</state>
        <lastName>Quigley</lastName>
        <middleName />
        <fullName>Rep. Quigley, Mike [D-IL-5]</fullName>
        <bioguideId>Q000023</bioguideId>
        <district>5</district>
        <sponsorshipWithdrawnDate />
        <party>D</party>
      </item>
      <item>
        <firstName>Debbie</firstName>
        <identifiers>
          <lisID>1777</lisID>
          <gpoId>7892</gpoId>
          <bioguideId>W000797</bioguideId>
        </identifiers>
        <sponsorshipDate>2017-01-31</sponsorshipDate>
        <isOriginalCosponsor>True</isOriginalCosponsor>
        <state>FL</state>
        <lastName>Wasserman Schultz</lastName>
        <middleName />
        <fullName>Rep. Wasserman Schultz, Debbie [D-FL-23]</fullName>
        <bioguideId>W000797</bioguideId>
        <district>23</district>
        <sponsorshipWithdrawnDate />
        <party>D</party>
      </item>
      <item>
        <firstName>BETTY</firstName>
        <identifiers>
          <lisID>1653</lisID>
          <gpoId>8004</gpoId>
          <bioguideId>M001143</bioguideId>
        </identifiers>
        <sponsorshipDate>2017-01-31</sponsorshipDate>
        <isOriginalCosponsor>True</isOriginalCosponsor>
        <state>MN</state>
        <lastName>MCCOLLUM</lastName>
        <middleName />
        <fullName>Rep. McCollum, Betty [D-MN-4]</fullName>
        <bioguideId>M001143</bioguideId>
        <district>4</district>
        <sponsorshipWithdrawnDate />
        <party>D</party>
      </item>
      <item>
        <firstName>Chellie</firstName>
        <identifiers>
          <gpoId>7984</gpoId>
          <lisID>1927</lisID>
          <bioguideId>P000597</bioguideId>
        </identifiers>
        <sponsorshipDate>2017-01-31</sponsorshipDate>
        <isOriginalCosponsor>True</isOriginalCosponsor>
        <state>ME</state>
        <lastName>Pingree</lastName>
        <middleName />
        <fullName>Rep. Pingree, Chellie [D-ME-1]</fullName>
        <bioguideId>P000597</bioguideId>
        <district>1</district>
        <sponsorshipWithdrawnDate />
        <party>D</party>
      </item>
      <item>
        <firstName>MICHAEL</firstName>
        <identifiers>
          <bioguideId>C001037</bioguideId>
          <lisID>1564</lisID>
          <gpoId>7973</gpoId>
        </identifiers>
        <sponsorshipDate>2017-01-31</sponsorshipDate>
        <isOriginalCosponsor>True</isOriginalCosponsor>
        <state>MA</state>
        <lastName>CAPUANO</lastName>
        <middleName>E.</middleName>
        <fullName>Rep. Capuano, Michael E. [D-MA-7]</fullName>
        <bioguideId>C001037</bioguideId>
        <district>7</district>
        <sponsorshipWithdrawnDate />
        <party>D</party>
      </item>
      <item>
        <firstName>Daniel</firstName>
        <identifiers>
          <lisID>2134</lisID>
          <gpoId />
          <bioguideId>K000380</bioguideId>
        </identifiers>
        <sponsorshipDate>2017-01-31</sponsorshipDate>
        <isOriginalCosponsor>True</isOriginalCosponsor>
        <state>MI</state>
        <lastName>Kildee</lastName>
        <middleName>T.</middleName>
        <fullName>Rep. Kildee, Daniel T. [D-MI-5]</fullName>
        <bioguideId>K000380</bioguideId>
        <district>5</district>
        <sponsorshipWithdrawnDate />
        <party>D</party>
      </item>
      <item>
        <firstName>CAROLYN</firstName>
        <identifiers>
          <bioguideId>M000087</bioguideId>
          <gpoId>8075</gpoId>
          <lisID>729</lisID>
        </identifiers>
        <sponsorshipDate>2017-01-31</sponsorshipDate>
        <isOriginalCosponsor>True</isOriginalCosponsor>
        <state>NY</state>
        <lastName>MALONEY</lastName>
        <middleName>B.</middleName>
        <fullName>Rep. Maloney, Carolyn B. [D-NY-12]</fullName>
        <bioguideId>M000087</bioguideId>
        <district>12</district>
        <sponsorshipWithdrawnDate />
        <party>D</party>
      </item>
      <item>
        <firstName>Yvette</firstName>
        <identifiers>
          <lisID>1864</lisID>
          <gpoId>8072</gpoId>
          <bioguideId>C001067</bioguideId>
        </identifiers>
        <sponsorshipDate>2017-01-31</sponsorshipDate>
        <isOriginalCosponsor>True</isOriginalCosponsor>
        <state>NY</state>
        <lastName>Clarke</lastName>
        <middleName>D.</middleName>
        <fullName>Rep. Clarke, Yvette D. [D-NY-9]</fullName>
        <bioguideId>C001067</bioguideId>
        <district>9</district>
        <sponsorshipWithdrawnDate />
        <party>D</party>
      </item>
      <item>
        <firstName>John</firstName>
        <identifiers>
          <lisID>1853</lisID>
          <gpoId>7955</gpoId>
          <bioguideId>Y000062</bioguideId>
        </identifiers>
        <sponsorshipDate>2017-01-31</sponsorshipDate>
        <isOriginalCosponsor>True</isOriginalCosponsor>
        <state>KY</state>
        <lastName>Yarmuth</lastName>
        <middleName>A.</middleName>
        <fullName>Rep. Yarmuth, John A. [D-KY-3]</fullName>
        <bioguideId>Y000062</bioguideId>
        <district>3</district>
        <sponsorshipWithdrawnDate />
        <party>D</party>
      </item>
      <item>
        <firstName>JERROLD</firstName>
        <identifiers>
          <bioguideId>N000002</bioguideId>
          <gpoId>8069</gpoId>
          <lisID>850</lisID>
        </identifiers>
        <sponsorshipDate>2017-01-31</sponsorshipDate>
        <isOriginalCosponsor>True</isOriginalCosponsor>
        <state>NY</state>
        <lastName>NADLER</lastName>
        <middleName />
        <fullName>Rep. Nadler, Jerrold [D-NY-10]</fullName>
        <bioguideId>N000002</bioguideId>
        <district>10</district>
        <sponsorshipWithdrawnDate />
        <party>D</party>
      </item>
      <item>
        <firstName>GRACE</firstName>
        <identifiers>
          <lisID>1602</lisID>
          <gpoId>7843</gpoId>
          <bioguideId>N000179</bioguideId>
        </identifiers>
        <sponsorshipDate>2017-01-31</sponsorshipDate>
        <isOriginalCosponsor>True</isOriginalCosponsor>
        <state>CA</state>
        <lastName>NAPOLITANO</lastName>
        <middleName>F.</middleName>
        <fullName>Rep. Napolitano, Grace F. [D-CA-32]</fullName>
        <bioguideId>N000179</bioguideId>
        <district>32</district>
        <sponsorshipWithdrawnDate />
        <party>D</party>
      </item>
      <item>
        <firstName>TIM</firstName>
        <identifiers>
          <gpoId>8107</gpoId>
          <bioguideId>R000577</bioguideId>
          <lisID>1756</lisID>
        </identifiers>
        <sponsorshipDate>2017-01-31</sponsorshipDate>
        <isOriginalCosponsor>True</isOriginalCosponsor>
        <state>OH</state>
        <lastName>RYAN</lastName>
        <middleName />
        <fullName>Rep. Ryan, Tim [D-OH-13]</fullName>
        <bioguideId>R000577</bioguideId>
        <district>13</district>
        <sponsorshipWithdrawnDate />
        <party>D</party>
      </item>
      <item>
        <firstName>Grace</firstName>
        <identifiers>
          <lisID>2148</lisID>
          <gpoId />
          <bioguideId>M001188</bioguideId>
        </identifiers>
        <sponsorshipDate>2017-01-31</sponsorshipDate>
        <isOriginalCosponsor>True</isOriginalCosponsor>
        <state>NY</state>
        <lastName>Meng</lastName>
        <middleName />
        <fullName>Rep. Meng, Grace [D-NY-6]</fullName>
        <bioguideId>M001188</bioguideId>
        <district>6</district>
        <sponsorshipWithdrawnDate />
        <party>D</party>
      </item>
      <item>
        <firstName>Michelle</firstName>
        <identifiers>
          <lisID>2146</lisID>
          <gpoId />
          <bioguideId>L000580</bioguideId>
        </identifiers>
        <sponsorshipDate>2017-01-31</sponsorshipDate>
        <isOriginalCosponsor>True</isOriginalCosponsor>
        <state>NM</state>
        <lastName>Lujan Grisham</lastName>
        <middleName />
        <fullName>Rep. Lujan Grisham, Michelle [D-NM-1]</fullName>
        <bioguideId>L000580</bioguideId>
        <district>1</district>
        <sponsorshipWithdrawnDate />
        <party>D</party>
      </item>
      <item>
        <firstName>Keith</firstName>
        <identifiers>
          <lisID>1857</lisID>
          <gpoId>8005</gpoId>
          <bioguideId>E000288</bioguideId>
        </identifiers>
        <sponsorshipDate>2017-01-31</sponsorshipDate>
        <isOriginalCosponsor>True</isOriginalCosponsor>
        <state>MN</state>
        <lastName>Ellison</lastName>
        <middleName />
        <fullName>Rep. Ellison, Keith [D-MN-5]</fullName>
        <bioguideId>E000288</bioguideId>
        <district>5</district>
        <sponsorshipWithdrawnDate />
        <party>D</party>
      </item>
      <item>
        <firstName>Alan</firstName>
        <identifiers>
          <bioguideId>L000579</bioguideId>
          <gpoId />
          <lisID>2111</lisID>
        </identifiers>
        <sponsorshipDate>2017-01-31</sponsorshipDate>
        <isOriginalCosponsor>True</isOriginalCosponsor>
        <state>CA</state>
        <lastName>Lowenthal</lastName>
        <middleName>S.</middleName>
        <fullName>Rep. Lowenthal, Alan S. [D-CA-47]</fullName>
        <bioguideId>L000579</bioguideId>
        <district>47</district>
        <sponsorshipWithdrawnDate />
        <party>D</party>
      </item>
      <item>
        <firstName>Beto</firstName>
        <identifiers>
          <lisID>2162</lisID>
          <gpoId />
          <bioguideId>O000170</bioguideId>
        </identifiers>
        <sponsorshipDate>2017-01-31</sponsorshipDate>
        <isOriginalCosponsor>True</isOriginalCosponsor>
        <state>TX</state>
        <lastName>O'Rourke</lastName>
        <middleName />
        <fullName>Rep. O'Rourke, Beto [D-TX-16]</fullName>
        <bioguideId>O000170</bioguideId>
        <district>16</district>
        <sponsorshipWithdrawnDate />
        <party>D</party>
      </item>
      <item>
        <firstName>DAVID</firstName>
        <identifiers>
          <bioguideId>P000523</bioguideId>
          <gpoId>8027</gpoId>
          <lisID>930</lisID>
        </identifiers>
        <sponsorshipDate>2017-01-31</sponsorshipDate>
        <isOriginalCosponsor>True</isOriginalCosponsor>
        <state>NC</state>
        <lastName>PRICE</lastName>
        <middleName>E.</middleName>
        <fullName>Rep. Price, David E. [D-NC-4]</fullName>
        <bioguideId>P000523</bioguideId>
        <district>4</district>
        <sponsorshipWithdrawnDate />
        <party>D</party>
      </item>
      <item>
        <firstName>Mark</firstName>
        <identifiers>
          <gpoId />
          <lisID>2110</lisID>
          <bioguideId>T000472</bioguideId>
        </identifiers>
        <sponsorshipDate>2017-01-31</sponsorshipDate>
        <isOriginalCosponsor>True</isOriginalCosponsor>
        <state>CA</state>
        <lastName>Takano</lastName>
        <middleName />
        <fullName>Rep. Takano, Mark [D-CA-41]</fullName>
        <bioguideId>T000472</bioguideId>
        <district>41</district>
        <sponsorshipWithdrawnDate />
        <party>D</party>
      </item>
      <item>
        <firstName>DIANA</firstName>
        <identifiers>
          <lisID>1479</lisID>
          <gpoId>7859</gpoId>
          <bioguideId>D000197</bioguideId>
        </identifiers>
        <sponsorshipDate>2017-01-31</sponsorshipDate>
        <isOriginalCosponsor>True</isOriginalCosponsor>
        <state>CO</state>
        <lastName>DEGETTE</lastName>
        <middleName />
        <fullName>Rep. DeGette, Diana [D-CO-1]</fullName>
        <bioguideId>D000197</bioguideId>
        <district>1</district>
        <sponsorshipWithdrawnDate />
        <party>D</party>
      </item>
      <item>
        <firstName>Theodore</firstName>
        <identifiers>
          <lisID>1976</lisID>
          <gpoId>7891</gpoId>
          <bioguideId>D000610</bioguideId>
        </identifiers>
        <sponsorshipDate>2017-01-31</sponsorshipDate>
        <isOriginalCosponsor>True</isOriginalCosponsor>
        <state>FL</state>
        <lastName>Deutch</lastName>
        <middleName>E.</middleName>
        <fullName>Rep. Deutch, Theodore E. [D-FL-22]</fullName>
        <bioguideId>D000610</bioguideId>
        <district>22</district>
        <sponsorshipWithdrawnDate />
        <party>D</party>
      </item>
      <item>
        <firstName>ADAM</firstName>
        <identifiers>
          <gpoId>7834</gpoId>
          <lisID>1635</lisID>
          <bioguideId>S001150</bioguideId>
        </identifiers>
        <sponsorshipDate>2017-01-31</sponsorshipDate>
        <isOriginalCosponsor>True</isOriginalCosponsor>
        <state>CA</state>
        <lastName>SCHIFF</lastName>
        <middleName>B.</middleName>
        <fullName>Rep. Schiff, Adam B. [D-CA-28]</fullName>
        <bioguideId>S001150</bioguideId>
        <district>28</district>
        <sponsorshipWithdrawnDate />
        <party>D</party>
      </item>
      <item>
        <firstName>Suzan</firstName>
        <identifiers>
          <lisID>2096</lisID>
          <gpoId>8374</gpoId>
          <bioguideId>D000617</bioguideId>
        </identifiers>
        <sponsorshipDate>2017-01-31</sponsorshipDate>
        <isOriginalCosponsor>True</isOriginalCosponsor>
        <state>WA</state>
        <lastName>DelBene</lastName>
        <middleName>K.</middleName>
        <fullName>Rep. DelBene, Suzan K. [D-WA-1]</fullName>
        <bioguideId>D000617</bioguideId>
        <district>1</district>
        <sponsorshipWithdrawnDate />
        <party>D</party>
      </item>
      <item>
        <firstName>Donald</firstName>
        <identifiers>
          <lisID>2202</lisID>
          <gpoId />
          <bioguideId>N000188</bioguideId>
        </identifiers>
        <sponsorshipDate>2017-01-31</sponsorshipDate>
        <isOriginalCosponsor>True</isOriginalCosponsor>
        <state>NJ</state>
        <lastName>Norcross</lastName>
        <middleName />
        <fullName>Rep. Norcross, Donald [D-NJ-1]</fullName>
        <bioguideId>N000188</bioguideId>
        <district>1</district>
        <sponsorshipWithdrawnDate />
        <party>D</party>
      </item>
      <item>
        <firstName>LUIS</firstName>
        <identifiers>
          <bioguideId>G000535</bioguideId>
          <gpoId>7924</gpoId>
          <lisID>478</lisID>
        </identifiers>
        <sponsorshipDate>2017-01-31</sponsorshipDate>
        <isOriginalCosponsor>True</isOriginalCosponsor>
        <state>IL</state>
        <lastName>GUTIERREZ</lastName>
        <middleName>V.</middleName>
        <fullName>Rep. Gutierrez, Luis V. [D-IL-4]</fullName>
        <bioguideId>G000535</bioguideId>
        <district>4</district>
        <sponsorshipWithdrawnDate />
        <party>D</party>
      </item>
      <item>
        <firstName>ROSA</firstName>
        <identifiers>
          <lisID>281</lisID>
          <gpoId>7868</gpoId>
          <bioguideId>D000216</bioguideId>
        </identifiers>
        <sponsorshipDate>2017-01-31</sponsorshipDate>
        <isOriginalCosponsor>True</isOriginalCosponsor>
        <state>CT</state>
        <lastName>DELAURO</lastName>
        <middleName />
        <fullName>Rep. DeLauro, Rosa L. [D-CT-3]</fullName>
        <bioguideId>D000216</bioguideId>
        <district>3</district>
        <sponsorshipWithdrawnDate />
        <party>D</party>
      </item>
      <item>
        <firstName>Bonnie</firstName>
        <identifiers>
          <lisID>2259</lisID>
          <gpoId />
          <bioguideId>W000822</bioguideId>
        </identifiers>
        <sponsorshipDate>2017-01-31</sponsorshipDate>
        <isOriginalCosponsor>True</isOriginalCosponsor>
        <state>NJ</state>
        <lastName>Watson Coleman</lastName>
        <middleName />
        <fullName>Rep. Watson Coleman, Bonnie [D-NJ-12]</fullName>
        <bioguideId>W000822</bioguideId>
        <district>12</district>
        <sponsorshipWithdrawnDate />
        <party>D</party>
      </item>
      <item>
        <firstName>Peter</firstName>
        <identifiers>
          <bioguideId>W000800</bioguideId>
          <lisID>1879</lisID>
          <gpoId>8204</gpoId>
        </identifiers>
        <sponsorshipDate>2017-01-31</sponsorshipDate>
        <isOriginalCosponsor>True</isOriginalCosponsor>
        <state>VT</state>
        <lastName>Welch</lastName>
        <middleName />
        <fullName>Rep. Welch, Peter [D-VT-At Large]</fullName>
        <bioguideId>W000800</bioguideId>
        <district>0</district>
        <sponsorshipWithdrawnDate />
        <party>D</party>
      </item>
      <item>
        <firstName>JOHN</firstName>
        <identifiers>
          <gpoId>7902</gpoId>
          <lisID>688</lisID>
          <bioguideId>L000287</bioguideId>
        </identifiers>
        <sponsorshipDate>2017-01-31</sponsorshipDate>
        <isOriginalCosponsor>True</isOriginalCosponsor>
        <state>GA</state>
        <lastName>LEWIS</lastName>
        <middleName />
        <fullName>Rep. Lewis, John [D-GA-5]</fullName>
        <bioguideId>L000287</bioguideId>
        <district>5</district>
        <sponsorshipWithdrawnDate />
        <party>D</party>
      </item>
      <item>
        <firstName>Julia</firstName>
        <identifiers>
          <gpoId />
          <lisID>2106</lisID>
          <bioguideId>B001285</bioguideId>
        </identifiers>
        <sponsorshipDate>2017-01-31</sponsorshipDate>
        <isOriginalCosponsor>True</isOriginalCosponsor>
        <state>CA</state>
        <lastName>Brownley</lastName>
        <middleName />
        <fullName>Rep. Brownley, Julia [D-CA-26]</fullName>
        <bioguideId>B001285</bioguideId>
        <district>26</district>
        <sponsorshipWithdrawnDate />
        <party>D</party>
      </item>
      <item>
        <firstName>David</firstName>
        <identifiers>
          <lisID>2055</lisID>
          <gpoId>8139</gpoId>
          <bioguideId>C001084</bioguideId>
        </identifiers>
        <sponsorshipDate>2017-01-31</sponsorshipDate>
        <isOriginalCosponsor>True</isOriginalCosponsor>
        <state>RI</state>
        <lastName>Cicilline</lastName>
        <middleName>N.</middleName>
        <fullName>Rep. Cicilline, David N. [D-RI-1]</fullName>
        <bioguideId>C001084</bioguideId>
        <district>1</district>
        <sponsorshipWithdrawnDate />
        <party>D</party>
      </item>
      <item>
        <firstName>EARL</firstName>
        <identifiers>
          <gpoId>8116</gpoId>
          <bioguideId>B000574</bioguideId>
          <lisID>99</lisID>
        </identifiers>
        <sponsorshipDate>2017-01-31</sponsorshipDate>
        <isOriginalCosponsor>True</isOriginalCosponsor>
        <state>OR</state>
        <lastName>BLUMENAUER</lastName>
        <middleName />
        <fullName>Rep. Blumenauer, Earl [D-OR-3]</fullName>
        <bioguideId>B000574</bioguideId>
        <district>3</district>
        <sponsorshipWithdrawnDate />
        <party>D</party>
      </item>
      <item>
        <firstName>Dina</firstName>
        <identifiers>
          <lisID>1940</lisID>
          <gpoId>7493</gpoId>
          <bioguideId>T000468</bioguideId>
        </identifiers>
        <sponsorshipDate>2017-01-31</sponsorshipDate>
        <isOriginalCosponsor>True</isOriginalCosponsor>
        <state>NV</state>
        <lastName>Titus</lastName>
        <middleName />
        <fullName>Rep. Titus, Dina [D-NV-1]</fullName>
        <bioguideId>T000468</bioguideId>
        <district>1</district>
        <sponsorshipWithdrawnDate />
        <party>D</party>
      </item>
      <item>
        <firstName>Kathy</firstName>
        <identifiers>
          <gpoId>7883</gpoId>
          <bioguideId>C001066</bioguideId>
          <lisID>1839</lisID>
        </identifiers>
        <sponsorshipDate>2017-01-31</sponsorshipDate>
        <isOriginalCosponsor>True</isOriginalCosponsor>
        <state>FL</state>
        <lastName>Castor</lastName>
        <middleName />
        <fullName>Rep. Castor, Kathy [D-FL-14]</fullName>
        <bioguideId>C001066</bioguideId>
        <district>14</district>
        <sponsorshipWithdrawnDate />
        <party>D</party>
      </item>
      <item>
        <firstName>Jackie</firstName>
        <identifiers>
          <lisID>1890</lisID>
          <gpoId>7817</gpoId>
          <bioguideId>S001175</bioguideId>
        </identifiers>
        <sponsorshipDate>2017-01-31</sponsorshipDate>
        <isOriginalCosponsor>True</isOriginalCosponsor>
        <state>CA</state>
        <lastName>Speier</lastName>
        <middleName />
        <fullName>Rep. Speier, Jackie [D-CA-14]</fullName>
        <bioguideId>S001175</bioguideId>
        <district>14</district>
        <sponsorshipWithdrawnDate />
        <party>D</party>
      </item>
      <item>
        <firstName>JOSE</firstName>
        <identifiers>
          <lisID>1042</lisID>
          <gpoId>8077</gpoId>
          <bioguideId>S000248</bioguideId>
        </identifiers>
        <sponsorshipDate>2017-01-31</sponsorshipDate>
        <isOriginalCosponsor>True</isOriginalCosponsor>
        <state>NY</state>
        <lastName>SERRANO</lastName>
        <middleName>E.</middleName>
        <fullName>Rep. Serrano, Jose E. [D-NY-15]</fullName>
        <bioguideId>S000248</bioguideId>
        <district>15</district>
        <sponsorshipWithdrawnDate />
        <party>D</party>
      </item>
      <item>
        <firstName>Ted</firstName>
        <identifiers>
          <lisID>2230</lisID>
          <gpoId />
          <bioguideId>L000582</bioguideId>
        </identifiers>
        <sponsorshipDate>2017-01-31</sponsorshipDate>
        <isOriginalCosponsor>True</isOriginalCosponsor>
        <state>CA</state>
        <lastName>Lieu</lastName>
        <middleName />
        <fullName>Rep. Lieu, Ted [D-CA-33]</fullName>
        <bioguideId>L000582</bioguideId>
        <district>33</district>
        <sponsorshipWithdrawnDate />
        <party>D</party>
      </item>
      <item>
        <firstName>ELIOT</firstName>
        <identifiers>
          <bioguideId>E000179</bioguideId>
          <gpoId>8078</gpoId>
          <lisID>344</lisID>
        </identifiers>
        <sponsorshipDate>2017-01-31</sponsorshipDate>
        <isOriginalCosponsor>True</isOriginalCosponsor>
        <state>NY</state>
        <lastName>ENGEL</lastName>
        <middleName>L.</middleName>
        <fullName>Rep. Engel, Eliot L. [D-NY-16]</fullName>
        <bioguideId>E000179</bioguideId>
        <district>16</district>
        <sponsorshipWithdrawnDate />
        <party>D</party>
      </item>
      <item>
        <firstName>LOUISE</firstName>
        <identifiers>
          <gpoId>8089</gpoId>
          <lisID>1069</lisID>
          <bioguideId>S000480</bioguideId>
        </identifiers>
        <sponsorshipDate>2017-01-31</sponsorshipDate>
        <isOriginalCosponsor>True</isOriginalCosponsor>
        <state>NY</state>
        <lastName>SLAUGHTER</lastName>
        <middleName>M.</middleName>
        <fullName>Rep. Slaughter, Louise McIntosh [D-NY-25]</fullName>
        <bioguideId>S000480</bioguideId>
        <district>25</district>
        <sponsorshipWithdrawnDate />
        <party>D</party>
      </item>
      <item>
        <firstName>Doris</firstName>
        <identifiers>
          <gpoId>7810</gpoId>
          <bioguideId>M001163</bioguideId>
          <lisID>1814</lisID>
        </identifiers>
        <sponsorshipDate>2017-01-31</sponsorshipDate>
        <isOriginalCosponsor>True</isOriginalCosponsor>
        <state>CA</state>
        <lastName>Matsui</lastName>
        <middleName>O.</middleName>
        <fullName>Rep. Matsui, Doris O. [D-CA-6]</fullName>
        <bioguideId>M001163</bioguideId>
        <district>6</district>
        <sponsorshipWithdrawnDate />
        <party>D</party>
      </item>
      <item>
        <firstName>Paul</firstName>
        <identifiers>
          <lisID>1942</lisID>
          <gpoId>8082</gpoId>
          <bioguideId>T000469</bioguideId>
        </identifiers>
        <sponsorshipDate>2017-01-31</sponsorshipDate>
        <isOriginalCosponsor>True</isOriginalCosponsor>
        <state>NY</state>
        <lastName>Tonko</lastName>
        <middleName />
        <fullName>Rep. Tonko, Paul [D-NY-20]</fullName>
        <bioguideId>T000469</bioguideId>
        <district>20</district>
        <sponsorshipWithdrawnDate />
        <party>D</party>
      </item>
      <item>
        <firstName>Pete</firstName>
        <identifiers>
          <bioguideId>A000371</bioguideId>
          <gpoId />
          <lisID>2229</lisID>
        </identifiers>
        <sponsorshipDate>2017-01-31</sponsorshipDate>
        <isOriginalCosponsor>True</isOriginalCosponsor>
        <state>CA</state>
        <lastName>Aguilar</lastName>
        <middleName />
        <fullName>Rep. Aguilar, Pete [D-CA-31]</fullName>
        <bioguideId>A000371</bioguideId>
        <district>31</district>
        <sponsorshipWithdrawnDate />
        <party>D</party>
      </item>
      <item>
        <firstName>WM.</firstName>
        <identifiers>
          <lisID>1654</lisID>
          <gpoId>8009</gpoId>
          <bioguideId>C001049</bioguideId>
        </identifiers>
        <sponsorshipDate>2017-01-31</sponsorshipDate>
        <isOriginalCosponsor>True</isOriginalCosponsor>
        <state>MO</state>
        <lastName>CLAY</lastName>
        <middleName>LACY</middleName>
        <fullName>Rep. Clay, Wm. Lacy [D-MO-1]</fullName>
        <bioguideId>C001049</bioguideId>
        <district>1</district>
        <sponsorshipWithdrawnDate />
        <party>D</party>
      </item>
      <item>
        <firstName>Robert</firstName>
        <identifiers>
          <bioguideId>S000185</bioguideId>
          <gpoId>8194</gpoId>
          <lisID>1037</lisID>
        </identifiers>
        <sponsorshipDate>2017-01-31</sponsorshipDate>
        <isOriginalCosponsor>True</isOriginalCosponsor>
        <state>VA</state>
        <lastName>Scott</lastName>
        <middleName>C. "Bobby"</middleName>
        <fullName>Rep. Scott, Robert C. "Bobby" [D-VA-3]</fullName>
        <bioguideId>S000185</bioguideId>
        <district>3</district>
        <sponsorshipWithdrawnDate />
        <party>D</party>
      </item>
      <item>
        <firstName>Lois</firstName>
        <identifiers>
          <gpoId />
          <lisID>2119</lisID>
          <bioguideId>F000462</bioguideId>
        </identifiers>
        <sponsorshipDate>2017-01-31</sponsorshipDate>
        <isOriginalCosponsor>True</isOriginalCosponsor>
        <state>FL</state>
        <lastName>Frankel</lastName>
        <middleName />
        <fullName>Rep. Frankel, Lois [D-FL-21]</fullName>
        <bioguideId>F000462</bioguideId>
        <district>21</district>
        <sponsorshipWithdrawnDate />
        <party>D</party>
      </item>
      <item>
        <firstName>Marc</firstName>
        <identifiers>
          <bioguideId>V000131</bioguideId>
          <lisID>2166</lisID>
          <gpoId />
        </identifiers>
        <sponsorshipDate>2017-01-31</sponsorshipDate>
        <isOriginalCosponsor>True</isOriginalCosponsor>
        <state>TX</state>
        <lastName>Veasey</lastName>
        <middleName>A.</middleName>
        <fullName>Rep. Veasey, Marc A. [D-TX-33]</fullName>
        <bioguideId>V000131</bioguideId>
        <district>33</district>
        <sponsorshipWithdrawnDate />
        <party>D</party>
      </item>
      <item>
        <firstName>Tony</firstName>
        <identifiers>
          <bioguideId>C001097</bioguideId>
          <gpoId />
          <lisID>2107</lisID>
        </identifiers>
        <sponsorshipDate>2017-01-31</sponsorshipDate>
        <isOriginalCosponsor>True</isOriginalCosponsor>
        <state>CA</state>
        <lastName>Cardenas</lastName>
        <middleName />
        <fullName>Rep. Cardenas, Tony [D-CA-29]</fullName>
        <bioguideId>C001097</bioguideId>
        <district>29</district>
        <sponsorshipWithdrawnDate />
        <party>D</party>
      </item>
      <item>
        <firstName>DANNY</firstName>
        <identifiers>
          <gpoId>7927</gpoId>
          <bioguideId>D000096</bioguideId>
          <lisID>1477</lisID>
        </identifiers>
        <sponsorshipDate>2017-01-31</sponsorshipDate>
        <isOriginalCosponsor>True</isOriginalCosponsor>
        <state>IL</state>
        <lastName>DAVIS</lastName>
        <middleName>K.</middleName>
        <fullName>Rep. Davis, Danny K. [D-IL-7]</fullName>
        <bioguideId>D000096</bioguideId>
        <district>7</district>
        <sponsorshipWithdrawnDate />
        <party>D</party>
      </item>
      <item>
        <firstName>Joseph</firstName>
        <identifiers>
          <lisID>2172</lisID>
          <gpoId />
          <bioguideId>K000379</bioguideId>
        </identifiers>
        <sponsorshipDate>2017-01-31</sponsorshipDate>
        <isOriginalCosponsor>True</isOriginalCosponsor>
        <state>MA</state>
        <lastName>Kennedy</lastName>
        <middleName>P.</middleName>
        <fullName>Rep. Kennedy, Joseph P., III [D-MA-4]</fullName>
        <bioguideId>K000379</bioguideId>
        <district>4</district>
        <sponsorshipWithdrawnDate />
        <party>D</party>
      </item>
      <item>
        <firstName>JAMES</firstName>
        <identifiers>
          <bioguideId>M000312</bioguideId>
          <gpoId>7968</gpoId>
          <lisID>1504</lisID>
        </identifiers>
        <sponsorshipDate>2017-01-31</sponsorshipDate>
        <isOriginalCosponsor>True</isOriginalCosponsor>
        <state>MA</state>
        <lastName>MCGOVERN</lastName>
        <middleName>P.</middleName>
        <fullName>Rep. McGovern, James P. [D-MA-2]</fullName>
        <bioguideId>M000312</bioguideId>
        <district>2</district>
        <sponsorshipWithdrawnDate />
        <party>D</party>
      </item>
      <item>
        <firstName>LINDA</firstName>
        <identifiers>
          <bioguideId>S001156</bioguideId>
          <gpoId>7844</gpoId>
          <lisID>1757</lisID>
        </identifiers>
        <sponsorshipDate>2017-01-31</sponsorshipDate>
        <isOriginalCosponsor>True</isOriginalCosponsor>
        <state>CA</state>
        <lastName>SANCHEZ</lastName>
        <middleName>T.</middleName>
        <fullName>Rep. Sanchez, Linda T. [D-CA-38]</fullName>
        <bioguideId>S001156</bioguideId>
        <district>38</district>
        <sponsorshipWithdrawnDate />
        <party>D</party>
      </item>
      <item>
        <firstName>Judy</firstName>
        <identifiers>
          <gpoId>7837</gpoId>
          <bioguideId>C001080</bioguideId>
          <lisID>1970</lisID>
        </identifiers>
        <sponsorshipDate>2017-01-31</sponsorshipDate>
        <isOriginalCosponsor>True</isOriginalCosponsor>
        <state>CA</state>
        <lastName>Chu</lastName>
        <middleName />
        <fullName>Rep. Chu, Judy [D-CA-27]</fullName>
        <bioguideId>C001080</bioguideId>
        <district>27</district>
        <sponsorshipWithdrawnDate />
        <party>D</party>
      </item>
      <item>
        <firstName>Steve</firstName>
        <identifiers>
          <lisID>1878</lisID>
          <gpoId>8156</gpoId>
          <bioguideId>C001068</bioguideId>
        </identifiers>
        <sponsorshipDate>2017-01-31</sponsorshipDate>
        <isOriginalCosponsor>True</isOriginalCosponsor>
        <state>TN</state>
        <lastName>Cohen</lastName>
        <middleName />
        <fullName>Rep. Cohen, Steve [D-TN-9]</fullName>
        <bioguideId>C001068</bioguideId>
        <district>9</district>
        <sponsorshipWithdrawnDate />
        <party>D</party>
      </item>
      <item>
        <firstName>JOHN</firstName>
        <identifiers>
          <lisID>229</lisID>
          <gpoId>7999</gpoId>
          <bioguideId>C000714</bioguideId>
        </identifiers>
        <sponsorshipDate>2017-01-31</sponsorshipDate>
        <isOriginalCosponsor>True</isOriginalCosponsor>
        <state>MI</state>
        <lastName>CONYERS</lastName>
        <middleName />
        <fullName>Rep. Conyers, John, Jr. [D-MI-13]</fullName>
        <bioguideId>C000714</bioguideId>
        <district>13</district>
        <sponsorshipWithdrawnDate />
        <party>D</party>
      </item>
      <item>
        <firstName>Donald</firstName>
        <identifiers>
          <lisID>2272</lisID>
          <gpoId />
          <bioguideId>B001292</bioguideId>
        </identifiers>
        <sponsorshipDate>2017-01-31</sponsorshipDate>
        <isOriginalCosponsor>True</isOriginalCosponsor>
        <state>VA</state>
        <lastName>Beyer</lastName>
        <middleName>S.</middleName>
        <fullName>Rep. Beyer, Donald S., Jr. [D-VA-8]</fullName>
        <bioguideId>B001292</bioguideId>
        <district>8</district>
        <sponsorshipWithdrawnDate />
        <party>D</party>
      </item>
      <item>
        <firstName>Ed</firstName>
        <identifiers>
          <lisID>1835</lisID>
          <gpoId>7865</gpoId>
          <bioguideId>P000593</bioguideId>
        </identifiers>
        <sponsorshipDate>2017-01-31</sponsorshipDate>
        <isOriginalCosponsor>True</isOriginalCosponsor>
        <state>CO</state>
        <lastName>Perlmutter</lastName>
        <middleName />
        <fullName>Rep. Perlmutter, Ed [D-CO-7]</fullName>
        <bioguideId>P000593</bioguideId>
        <district>7</district>
        <sponsorshipWithdrawnDate />
        <party>D</party>
      </item>
      <item>
        <firstName>Alma</firstName>
        <identifiers>
          <gpoId />
          <lisID>2201</lisID>
          <bioguideId>A000370</bioguideId>
        </identifiers>
        <sponsorshipDate>2017-01-31</sponsorshipDate>
        <isOriginalCosponsor>True</isOriginalCosponsor>
        <state>NC</state>
        <lastName>Adams</lastName>
        <middleName>S.</middleName>
        <fullName>Rep. Adams, Alma S. [D-NC-12]</fullName>
        <bioguideId>A000370</bioguideId>
        <district>12</district>
        <sponsorshipWithdrawnDate />
        <party>D</party>
      </item>
      <item>
        <firstName>Pramila</firstName>
        <identifiers>
          <bioguideId>J000298</bioguideId>
          <gpoId />
          <lisID>2354</lisID>
        </identifiers>
        <sponsorshipDate>2017-01-31</sponsorshipDate>
        <isOriginalCosponsor>True</isOriginalCosponsor>
        <state>WA</state>
        <lastName>Jayapal</lastName>
        <middleName />
        <fullName>Rep. Jayapal, Pramila [D-WA-7]</fullName>
        <bioguideId>J000298</bioguideId>
        <district>7</district>
        <sponsorshipWithdrawnDate />
        <party>D</party>
      </item>
      <item>
        <firstName>Eric</firstName>
        <identifiers>
          <bioguideId>S001193</bioguideId>
          <lisID>2104</lisID>
          <gpoId />
        </identifiers>
        <sponsorshipDate>2017-01-31</sponsorshipDate>
        <isOriginalCosponsor>True</isOriginalCosponsor>
        <state>CA</state>
        <lastName>Swalwell</lastName>
        <middleName />
        <fullName>Rep. Swalwell, Eric [D-CA-15]</fullName>
        <bioguideId>S001193</bioguideId>
        <district>15</district>
        <sponsorshipWithdrawnDate />
        <party>D</party>
      </item>
      <item>
        <firstName>ZOE</firstName>
        <identifiers>
          <lisID>701</lisID>
          <gpoId>7821</gpoId>
          <bioguideId>L000397</bioguideId>
        </identifiers>
        <sponsorshipDate>2017-01-31</sponsorshipDate>
        <isOriginalCosponsor>True</isOriginalCosponsor>
        <state>CA</state>
        <lastName>LOFGREN</lastName>
        <middleName />
        <fullName>Rep. Lofgren, Zoe [D-CA-19]</fullName>
        <bioguideId>L000397</bioguideId>
        <district>19</district>
        <sponsorshipWithdrawnDate />
        <party>D</party>
      </item>
      <item>
        <firstName>Denny</firstName>
        <identifiers>
          <bioguideId>H001064</bioguideId>
          <gpoId />
          <lisID>2170</lisID>
        </identifiers>
        <sponsorshipDate>2017-01-31</sponsorshipDate>
        <isOriginalCosponsor>True</isOriginalCosponsor>
        <state>WA</state>
        <lastName>Heck</lastName>
        <middleName />
        <fullName>Rep. Heck, Denny [D-WA-10]</fullName>
        <bioguideId>H001064</bioguideId>
        <district>10</district>
        <sponsorshipWithdrawnDate />
        <party>D</party>
      </item>
      <item>
        <firstName>NITA</firstName>
        <identifiers>
          <lisID>709</lisID>
          <gpoId>8079</gpoId>
          <bioguideId>L000480</bioguideId>
        </identifiers>
        <sponsorshipDate>2017-01-31</sponsorshipDate>
        <isOriginalCosponsor>True</isOriginalCosponsor>
        <state>NY</state>
        <lastName>LOWEY</lastName>
        <middleName>M.</middleName>
        <fullName>Rep. Lowey, Nita M. [D-NY-17]</fullName>
        <bioguideId>L000480</bioguideId>
        <district>17</district>
        <sponsorshipWithdrawnDate />
        <party>D</party>
      </item>
      <item>
        <firstName>ALCEE</firstName>
        <identifiers>
          <lisID>511</lisID>
          <gpoId>7895</gpoId>
          <bioguideId>H000324</bioguideId>
        </identifiers>
        <sponsorshipDate>2017-01-31</sponsorshipDate>
        <isOriginalCosponsor>True</isOriginalCosponsor>
        <state>FL</state>
        <lastName>HASTINGS</lastName>
        <middleName>L.</middleName>
        <fullName>Rep. Hastings, Alcee L. [D-FL-20]</fullName>
        <bioguideId>H000324</bioguideId>
        <district>20</district>
        <sponsorshipWithdrawnDate />
        <party>D</party>
      </item>
      <item>
        <firstName>Ami</firstName>
        <identifiers>
          <bioguideId>B001287</bioguideId>
          <gpoId />
          <lisID>2102</lisID>
        </identifiers>
        <sponsorshipDate>2017-01-31</sponsorshipDate>
        <isOriginalCosponsor>True</isOriginalCosponsor>
        <state>CA</state>
        <lastName>Bera</lastName>
        <middleName />
        <fullName>Rep. Bera, Ami [D-CA-7]</fullName>
        <bioguideId>B001287</bioguideId>
        <district>7</district>
        <sponsorshipWithdrawnDate />
        <party>D</party>
      </item>
      <item>
        <firstName>LLOYD</firstName>
        <identifiers>
          <lisID>303</lisID>
          <gpoId>8181</gpoId>
          <bioguideId>D000399</bioguideId>
        </identifiers>
        <sponsorshipDate>2017-01-31</sponsorshipDate>
        <isOriginalCosponsor>True</isOriginalCosponsor>
        <state>TX</state>
        <lastName>DOGGETT</lastName>
        <middleName />
        <fullName>Rep. Doggett, Lloyd [D-TX-35]</fullName>
        <bioguideId>D000399</bioguideId>
        <district>35</district>
        <sponsorshipWithdrawnDate />
        <party>D</party>
      </item>
      <item>
        <firstName>Brenda</firstName>
        <identifiers>
          <lisID>2252</lisID>
          <gpoId />
          <bioguideId>L000581</bioguideId>
        </identifiers>
        <sponsorshipDate>2017-01-31</sponsorshipDate>
        <isOriginalCosponsor>True</isOriginalCosponsor>
        <state>MI</state>
        <lastName>Lawrence</lastName>
        <middleName>L.</middleName>
        <fullName>Rep. Lawrence, Brenda L. [D-MI-14]</fullName>
        <bioguideId>L000581</bioguideId>
        <district>14</district>
        <sponsorshipWithdrawnDate />
        <party>D</party>
      </item>
      <item>
        <firstName>Cedric</firstName>
        <identifiers>
          <lisID>2023</lisID>
          <gpoId>7960</gpoId>
          <bioguideId>R000588</bioguideId>
        </identifiers>
        <sponsorshipDate>2017-01-31</sponsorshipDate>
        <isOriginalCosponsor>True</isOriginalCosponsor>
        <state>LA</state>
        <lastName>Richmond</lastName>
        <middleName>L.</middleName>
        <fullName>Rep. Richmond, Cedric L. [D-LA-2]</fullName>
        <bioguideId>R000588</bioguideId>
        <district>2</district>
        <sponsorshipWithdrawnDate />
        <party>D</party>
      </item>
      <item>
        <firstName>Frederica</firstName>
        <identifiers>
          <lisID>2004</lisID>
          <gpoId>7889</gpoId>
          <bioguideId>W000808</bioguideId>
        </identifiers>
        <sponsorshipDate>2017-01-31</sponsorshipDate>
        <isOriginalCosponsor>True</isOriginalCosponsor>
        <state>FL</state>
        <lastName>Wilson</lastName>
        <middleName>S.</middleName>
        <fullName>Rep. Wilson, Frederica S. [D-FL-24]</fullName>
        <bioguideId>W000808</bioguideId>
        <district>24</district>
        <sponsorshipWithdrawnDate />
        <party>D</party>
      </item>
      <item>
        <firstName>William</firstName>
        <identifiers>
          <lisID>2025</lisID>
          <gpoId>7975</gpoId>
          <bioguideId>K000375</bioguideId>
        </identifiers>
        <sponsorshipDate>2017-01-31</sponsorshipDate>
        <isOriginalCosponsor>True</isOriginalCosponsor>
        <state>MA</state>
        <lastName>Keating</lastName>
        <middleName>R.</middleName>
        <fullName>Rep. Keating, William R. [D-MA-9]</fullName>
        <bioguideId>K000375</bioguideId>
        <district>9</district>
        <sponsorshipWithdrawnDate />
        <party>D</party>
      </item>
      <item>
        <firstName>Joyce</firstName>
        <identifiers>
          <gpoId />
          <bioguideId>B001281</bioguideId>
          <lisID>2153</lisID>
        </identifiers>
        <sponsorshipDate>2017-01-31</sponsorshipDate>
        <isOriginalCosponsor>True</isOriginalCosponsor>
        <state>OH</state>
        <lastName>Beatty</lastName>
        <middleName />
        <fullName>Rep. Beatty, Joyce [D-OH-3]</fullName>
        <bioguideId>B001281</bioguideId>
        <district>3</district>
        <sponsorshipWithdrawnDate />
        <party>D</party>
      </item>
      <item>
        <firstName>Donald</firstName>
        <identifiers>
          <lisID>2097</lisID>
          <gpoId>8373</gpoId>
          <bioguideId>P000604</bioguideId>
        </identifiers>
        <sponsorshipDate>2017-01-31</sponsorshipDate>
        <isOriginalCosponsor>True</isOriginalCosponsor>
        <state>NJ</state>
        <lastName>Payne</lastName>
        <middleName>M.</middleName>
        <fullName>Rep. Payne, Donald M., Jr. [D-NJ-10]</fullName>
        <bioguideId>P000604</bioguideId>
        <district>10</district>
        <sponsorshipWithdrawnDate />
        <party>D</party>
      </item>
      <item>
        <firstName>MIKE</firstName>
        <identifiers>
          <lisID>1593</lisID>
          <gpoId>7806</gpoId>
          <bioguideId>T000460</bioguideId>
        </identifiers>
        <sponsorshipDate>2017-01-31</sponsorshipDate>
        <isOriginalCosponsor>True</isOriginalCosponsor>
        <state>CA</state>
        <lastName>THOMPSON</lastName>
        <middleName />
        <fullName>Rep. Thompson, Mike [D-CA-5]</fullName>
        <bioguideId>T000460</bioguideId>
        <district>5</district>
        <sponsorshipWithdrawnDate />
        <party>D</party>
      </item>
      <item>
        <firstName>Bradley</firstName>
        <identifiers>
          <gpoId />
          <bioguideId>S001190</bioguideId>
          <lisID>2124</lisID>
        </identifiers>
        <sponsorshipDate>2017-01-31</sponsorshipDate>
        <isOriginalCosponsor>True</isOriginalCosponsor>
        <state>IL</state>
        <lastName>Schneider</lastName>
        <middleName>Scott</middleName>
        <fullName>Rep. Schneider, Bradley Scott [D-IL-10]</fullName>
        <bioguideId>S001190</bioguideId>
        <district>10</district>
        <sponsorshipWithdrawnDate />
        <party>D</party>
      </item>
      <item>
        <firstName>SUSAN</firstName>
        <identifiers>
          <lisID>1641</lisID>
          <gpoId>7858</gpoId>
          <bioguideId>D000598</bioguideId>
        </identifiers>
        <sponsorshipDate>2017-01-31</sponsorshipDate>
        <isOriginalCosponsor>True</isOriginalCosponsor>
        <state>CA</state>
        <lastName>DAVIS</lastName>
        <middleName>A.</middleName>
        <fullName>Rep. Davis, Susan A. [D-CA-53]</fullName>
        <bioguideId>D000598</bioguideId>
        <district>53</district>
        <sponsorshipWithdrawnDate />
        <party>D</party>
      </item>
      <item>
        <firstName>Jared</firstName>
        <identifiers>
          <bioguideId>H001068</bioguideId>
          <gpoId />
          <lisID>2101</lisID>
        </identifiers>
        <sponsorshipDate>2017-01-31</sponsorshipDate>
        <isOriginalCosponsor>True</isOriginalCosponsor>
        <state>CA</state>
        <lastName>Huffman</lastName>
        <middleName />
        <fullName>Rep. Huffman, Jared [D-CA-2]</fullName>
        <bioguideId>H001068</bioguideId>
        <district>2</district>
        <sponsorshipWithdrawnDate />
        <party>D</party>
      </item>
      <item>
        <firstName>Sean</firstName>
        <identifiers>
          <gpoId />
          <bioguideId>M001185</bioguideId>
          <lisID>2150</lisID>
        </identifiers>
        <sponsorshipDate>2017-01-31</sponsorshipDate>
        <isOriginalCosponsor>True</isOriginalCosponsor>
        <state>NY</state>
        <lastName>Maloney</lastName>
        <middleName>Patrick</middleName>
        <fullName>Rep. Maloney, Sean Patrick [D-NY-18]</fullName>
        <bioguideId>M001185</bioguideId>
        <district>18</district>
        <sponsorshipWithdrawnDate />
        <party>D</party>
      </item>
      <item>
        <firstName>Robin</firstName>
        <identifiers>
          <gpoId />
          <bioguideId>K000385</bioguideId>
          <lisID>2190</lisID>
        </identifiers>
        <sponsorshipDate>2017-01-31</sponsorshipDate>
        <isOriginalCosponsor>True</isOriginalCosponsor>
        <state>IL</state>
        <lastName>Kelly</lastName>
        <middleName>L.</middleName>
        <fullName>Rep. Kelly, Robin L. [D-IL-2]</fullName>
        <bioguideId>K000385</bioguideId>
        <district>2</district>
        <sponsorshipWithdrawnDate />
        <party>D</party>
      </item>
      <item>
        <firstName>Ro</firstName>
        <identifiers>
          <lisID>2308</lisID>
          <gpoId />
          <bioguideId>K000389</bioguideId>
        </identifiers>
        <sponsorshipDate>2017-01-31</sponsorshipDate>
        <isOriginalCosponsor>True</isOriginalCosponsor>
        <state>CA</state>
        <lastName>Khanna</lastName>
        <middleName />
        <fullName>Rep. Khanna, Ro [D-CA-17]</fullName>
        <bioguideId>K000389</bioguideId>
        <district>17</district>
        <sponsorshipWithdrawnDate />
        <party>D</party>
      </item>
      <item>
        <firstName>Niki</firstName>
        <identifiers>
          <bioguideId>T000465</bioguideId>
          <gpoId>7970</gpoId>
          <lisID>1884</lisID>
        </identifiers>
        <sponsorshipDate>2017-01-31</sponsorshipDate>
        <isOriginalCosponsor>True</isOriginalCosponsor>
        <state>MA</state>
        <lastName>Tsongas</lastName>
        <middleName />
        <fullName>Rep. Tsongas, Niki [D-MA-3]</fullName>
        <bioguideId>T000465</bioguideId>
        <district>3</district>
        <sponsorshipWithdrawnDate />
        <party>D</party>
      </item>
      <item>
        <firstName>Jerry</firstName>
        <identifiers>
          <gpoId>7816</gpoId>
          <bioguideId>M001166</bioguideId>
          <lisID>1832</lisID>
        </identifiers>
        <sponsorshipDate>2017-01-31</sponsorshipDate>
        <isOriginalCosponsor>True</isOriginalCosponsor>
        <state>CA</state>
        <lastName>McNerney</lastName>
        <middleName />
        <fullName>Rep. McNerney, Jerry [D-CA-9]</fullName>
        <bioguideId>M001166</bioguideId>
        <district>9</district>
        <sponsorshipWithdrawnDate />
        <party>D</party>
      </item>
      <item>
        <firstName>G. K.</firstName>
        <identifiers>
          <lisID>1761</lisID>
          <gpoId>8024</gpoId>
          <bioguideId>B001251</bioguideId>
        </identifiers>
        <sponsorshipDate>2017-01-31</sponsorshipDate>
        <isOriginalCosponsor>True</isOriginalCosponsor>
        <state>NC</state>
        <lastName>Butterfield</lastName>
        <middleName />
        <fullName>Rep. Butterfield, G. K. [D-NC-1]</fullName>
        <bioguideId>B001251</bioguideId>
        <district>1</district>
        <sponsorshipWithdrawnDate />
        <party>D</party>
      </item>
      <item>
        <firstName>Mark</firstName>
        <identifiers>
          <lisID>2171</lisID>
          <gpoId />
          <bioguideId>P000607</bioguideId>
        </identifiers>
        <sponsorshipDate>2017-01-31</sponsorshipDate>
        <isOriginalCosponsor>True</isOriginalCosponsor>
        <state>WI</state>
        <lastName>Pocan</lastName>
        <middleName />
        <fullName>Rep. Pocan, Mark [D-WI-2]</fullName>
        <bioguideId>P000607</bioguideId>
        <district>2</district>
        <sponsorshipWithdrawnDate />
        <party>D</party>
      </item>
      <item>
        <firstName>Elizabeth</firstName>
        <identifiers>
          <lisID>2114</lisID>
          <gpoId />
          <bioguideId>E000293</bioguideId>
        </identifiers>
        <sponsorshipDate>2017-01-31</sponsorshipDate>
        <isOriginalCosponsor>True</isOriginalCosponsor>
        <state>CT</state>
        <lastName>Esty</lastName>
        <middleName>H.</middleName>
        <fullName>Rep. Esty, Elizabeth H. [D-CT-5]</fullName>
        <bioguideId>E000293</bioguideId>
        <district>5</district>
        <sponsorshipWithdrawnDate />
        <party>D</party>
      </item>
      <item>
        <firstName>Ruben</firstName>
        <identifiers>
          <lisID>2226</lisID>
          <gpoId />
          <bioguideId>G000574</bioguideId>
        </identifiers>
        <sponsorshipDate>2017-01-31</sponsorshipDate>
        <isOriginalCosponsor>True</isOriginalCosponsor>
        <state>AZ</state>
        <lastName>Gallego</lastName>
        <middleName />
        <fullName>Rep. Gallego, Ruben [D-AZ-7]</fullName>
        <bioguideId>G000574</bioguideId>
        <district>7</district>
        <sponsorshipWithdrawnDate />
        <party>D</party>
      </item>
      <item>
        <firstName>FRANK</firstName>
        <identifiers>
          <lisID>887</lisID>
          <gpoId>8048</gpoId>
          <bioguideId>P000034</bioguideId>
        </identifiers>
        <sponsorshipDate>2017-01-31</sponsorshipDate>
        <isOriginalCosponsor>True</isOriginalCosponsor>
        <state>NJ</state>
        <lastName>PALLONE</lastName>
        <middleName />
        <fullName>Rep. Pallone, Frank, Jr. [D-NJ-6]</fullName>
        <bioguideId>P000034</bioguideId>
        <district>6</district>
        <sponsorshipWithdrawnDate />
        <party>D</party>
      </item>
      <item>
        <firstName>EDDIE</firstName>
        <identifiers>
          <lisID>599</lisID>
          <gpoId>8186</gpoId>
          <bioguideId>J000126</bioguideId>
        </identifiers>
        <sponsorshipDate>2017-01-31</sponsorshipDate>
        <isOriginalCosponsor>True</isOriginalCosponsor>
        <state>TX</state>
        <lastName>JOHNSON</lastName>
        <middleName>BERNICE</middleName>
        <fullName>Rep. Johnson, Eddie Bernice [D-TX-30]</fullName>
        <bioguideId>J000126</bioguideId>
        <district>30</district>
        <sponsorshipWithdrawnDate />
        <party>D</party>
      </item>
      <item>
        <firstName>Marcia</firstName>
        <identifiers>
          <lisID>1895</lisID>
          <gpoId>8101</gpoId>
          <bioguideId>F000455</bioguideId>
        </identifiers>
        <sponsorshipDate>2017-01-31</sponsorshipDate>
        <isOriginalCosponsor>True</isOriginalCosponsor>
        <state>OH</state>
        <lastName>Fudge</lastName>
        <middleName>L.</middleName>
        <fullName>Rep. Fudge, Marcia L. [D-OH-11]</fullName>
        <bioguideId>F000455</bioguideId>
        <district>11</district>
        <sponsorshipWithdrawnDate />
        <party>D</party>
      </item>
      <item>
        <firstName>Dwight</firstName>
        <identifiers>
          <lisID>2298</lisID>
          <gpoId />
          <bioguideId>E000296</bioguideId>
        </identifiers>
        <sponsorshipDate>2017-01-31</sponsorshipDate>
        <isOriginalCosponsor>True</isOriginalCosponsor>
        <state>PA</state>
        <lastName>Evans</lastName>
        <middleName />
        <fullName>Rep. Evans, Dwight [D-PA-2]</fullName>
        <bioguideId>E000296</bioguideId>
        <district>2</district>
        <sponsorshipWithdrawnDate />
        <party>D</party>
      </item>
      <item>
        <firstName>Scott</firstName>
        <identifiers>
          <lisID>2113</lisID>
          <gpoId />
          <bioguideId>P000608</bioguideId>
        </identifiers>
        <sponsorshipDate>2017-01-31</sponsorshipDate>
        <isOriginalCosponsor>True</isOriginalCosponsor>
        <state>CA</state>
        <lastName>Peters</lastName>
        <middleName>H.</middleName>
        <fullName>Rep. Peters, Scott H. [D-CA-52]</fullName>
        <bioguideId>P000608</bioguideId>
        <district>52</district>
        <sponsorshipWithdrawnDate />
        <party>D</party>
      </item>
      <item>
        <firstName>Norma</firstName>
        <identifiers>
          <lisID>2231</lisID>
          <gpoId />
          <bioguideId>T000474</bioguideId>
        </identifiers>
        <sponsorshipDate>2017-01-31</sponsorshipDate>
        <isOriginalCosponsor>True</isOriginalCosponsor>
        <state>CA</state>
        <lastName>Torres</lastName>
        <middleName>J.</middleName>
        <fullName>Rep. Torres, Norma J. [D-CA-35]</fullName>
        <bioguideId>T000474</bioguideId>
        <district>35</district>
        <sponsorshipWithdrawnDate />
        <party>D</party>
      </item>
      <item>
        <firstName>A.</firstName>
        <identifiers>
          <lisID>2352</lisID>
          <gpoId />
          <bioguideId>M001200</bioguideId>
        </identifiers>
        <sponsorshipDate>2017-02-01</sponsorshipDate>
        <isOriginalCosponsor>False</isOriginalCosponsor>
        <state>VA</state>
        <lastName>McEachin</lastName>
        <middleName>Donald</middleName>
        <fullName>Rep. McEachin, A. Donald [D-VA-4]</fullName>
        <bioguideId>M001200</bioguideId>
        <district>4</district>
        <sponsorshipWithdrawnDate />
        <party>D</party>
      </item>
      <item>
        <firstName>ROBERT</firstName>
        <identifiers>
          <lisID>1469</lisID>
          <gpoId>8119</gpoId>
          <bioguideId>B001227</bioguideId>
        </identifiers>
        <sponsorshipDate>2017-02-01</sponsorshipDate>
        <isOriginalCosponsor>False</isOriginalCosponsor>
        <state>PA</state>
        <lastName>BRADY</lastName>
        <middleName>A.</middleName>
        <fullName>Rep. Brady, Robert A. [D-PA-1]</fullName>
        <bioguideId>B001227</bioguideId>
        <district>1</district>
        <sponsorshipWithdrawnDate />
        <party>D</party>
      </item>
      <item>
        <firstName>BOBBY</firstName>
        <identifiers>
          <bioguideId>R000515</bioguideId>
          <lisID>1003</lisID>
          <gpoId>7921</gpoId>
        </identifiers>
        <sponsorshipDate>2017-02-01</sponsorshipDate>
        <isOriginalCosponsor>False</isOriginalCosponsor>
        <state>IL</state>
        <lastName>RUSH</lastName>
        <middleName>L.</middleName>
        <fullName>Rep. Rush, Bobby L. [D-IL-1]</fullName>
        <bioguideId>R000515</bioguideId>
        <district>1</district>
        <sponsorshipWithdrawnDate />
        <party>D</party>
      </item>
      <item>
        <firstName>Karen</firstName>
        <identifiers>
          <lisID>1996</lisID>
          <gpoId>7838</gpoId>
          <bioguideId>B001270</bioguideId>
        </identifiers>
        <sponsorshipDate>2017-02-01</sponsorshipDate>
        <isOriginalCosponsor>False</isOriginalCosponsor>
        <state>CA</state>
        <lastName>Bass</lastName>
        <middleName />
        <fullName>Rep. Bass, Karen [D-CA-37]</fullName>
        <bioguideId>B001270</bioguideId>
        <district>37</district>
        <sponsorshipWithdrawnDate />
        <party>D</party>
      </item>
      <item>
        <firstName>Darren</firstName>
        <identifiers>
          <lisID>2319</lisID>
          <gpoId />
          <bioguideId>S001200</bioguideId>
        </identifiers>
        <sponsorshipDate>2017-02-03</sponsorshipDate>
        <isOriginalCosponsor>False</isOriginalCosponsor>
        <state>FL</state>
        <lastName>Soto</lastName>
        <middleName />
        <fullName>Rep. Soto, Darren [D-FL-9]</fullName>
        <bioguideId>S001200</bioguideId>
        <district>9</district>
        <sponsorshipWithdrawnDate />
        <party>D</party>
      </item>
      <item>
        <firstName>SANDER</firstName>
        <identifiers>
          <lisID>683</lisID>
          <gpoId>7997</gpoId>
          <bioguideId>L000263</bioguideId>
        </identifiers>
        <sponsorshipDate>2017-02-06</sponsorshipDate>
        <isOriginalCosponsor>False</isOriginalCosponsor>
        <state>MI</state>
        <lastName>LEVIN</lastName>
        <middleName>M.</middleName>
        <fullName>Rep. Levin, Sander M. [D-MI-9]</fullName>
        <bioguideId>L000263</bioguideId>
        <district>9</district>
        <sponsorshipWithdrawnDate />
        <party>D</party>
      </item>
      <item>
        <firstName>Charlie</firstName>
        <identifiers>
          <lisID>2321</lisID>
          <gpoId />
          <bioguideId>C001111</bioguideId>
        </identifiers>
        <sponsorshipDate>2017-02-14</sponsorshipDate>
        <isOriginalCosponsor>False</isOriginalCosponsor>
        <state>FL</state>
        <lastName>Crist</lastName>
        <middleName />
        <fullName>Rep. Crist, Charlie [D-FL-13]</fullName>
        <bioguideId>C001111</bioguideId>
        <district>13</district>
        <sponsorshipWithdrawnDate />
        <party>D</party>
      </item>
      <item>
        <firstName>Derek</firstName>
        <identifiers>
          <bioguideId>K000381</bioguideId>
          <gpoId />
          <lisID>2169</lisID>
        </identifiers>
        <sponsorshipDate>2017-02-24</sponsorshipDate>
        <isOriginalCosponsor>False</isOriginalCosponsor>
        <state>WA</state>
        <lastName>Kilmer</lastName>
        <middleName />
        <fullName>Rep. Kilmer, Derek [D-WA-6]</fullName>
        <bioguideId>K000381</bioguideId>
        <district>6</district>
        <sponsorshipWithdrawnDate />
        <party>D</party>
      </item>
      <item>
        <firstName>Mark</firstName>
        <identifiers>
          <lisID>2227</lisID>
          <gpoId />
          <bioguideId>D000623</bioguideId>
        </identifiers>
        <sponsorshipDate>2017-03-09</sponsorshipDate>
        <isOriginalCosponsor>False</isOriginalCosponsor>
        <state>CA</state>
        <lastName>DeSaulnier</lastName>
        <middleName />
        <fullName>Rep. DeSaulnier, Mark [D-CA-11]</fullName>
        <bioguideId>D000623</bioguideId>
        <district>11</district>
        <sponsorshipWithdrawnDate />
        <party>D</party>
      </item>
      <item>
        <firstName>Hakeem</firstName>
        <identifiers>
          <bioguideId>J000294</bioguideId>
          <gpoId />
          <lisID>2149</lisID>
        </identifiers>
        <sponsorshipDate>2017-03-13</sponsorshipDate>
        <isOriginalCosponsor>False</isOriginalCosponsor>
        <state>NY</state>
        <lastName>Jeffries</lastName>
        <middleName>S.</middleName>
        <fullName>Rep. Jeffries, Hakeem S. [D-NY-8]</fullName>
        <bioguideId>J000294</bioguideId>
        <district>8</district>
        <sponsorshipWithdrawnDate />
        <party>D</party>
      </item>
      <item>
        <firstName>Jamie</firstName>
        <identifiers>
          <lisID>2332</lisID>
          <gpoId />
          <bioguideId>R000606</bioguideId>
        </identifiers>
        <sponsorshipDate>2017-03-23</sponsorshipDate>
        <isOriginalCosponsor>False</isOriginalCosponsor>
        <state>MD</state>
        <lastName>Raskin</lastName>
        <middleName />
        <fullName>Rep. Raskin, Jamie [D-MD-8]</fullName>
        <bioguideId>R000606</bioguideId>
        <district>8</district>
        <sponsorshipWithdrawnDate />
        <party>D</party>
      </item>
      <item>
        <firstName>Nanette</firstName>
        <identifiers>
          <lisID>2311</lisID>
          <gpoId />
          <bioguideId>B001300</bioguideId>
        </identifiers>
        <sponsorshipDate>2017-03-23</sponsorshipDate>
        <isOriginalCosponsor>False</isOriginalCosponsor>
        <state>CA</state>
        <lastName>Barragan</lastName>
        <middleName>Diaz</middleName>
        <fullName>Rep. Barragan, Nanette Diaz [D-CA-44]</fullName>
        <bioguideId>B001300</bioguideId>
        <district>44</district>
        <sponsorshipWithdrawnDate />
        <party>D</party>
      </item>
      <item>
        <firstName>Henry</firstName>
        <identifiers>
          <gpoId>7901</gpoId>
          <lisID>1843</lisID>
          <bioguideId>J000288</bioguideId>
        </identifiers>
        <sponsorshipDate>2017-04-24</sponsorshipDate>
        <isOriginalCosponsor>False</isOriginalCosponsor>
        <state>GA</state>
        <lastName>Johnson</lastName>
        <middleName>C. "Hank"</middleName>
        <fullName>Rep. Johnson, Henry C. "Hank," Jr. [D-GA-4]</fullName>
        <bioguideId>J000288</bioguideId>
        <district>4</district>
        <sponsorshipWithdrawnDate />
        <party>D</party>
      </item>
      <item>
        <firstName>RICK</firstName>
        <identifiers>
          <lisID>1675</lisID>
          <gpoId>8206</gpoId>
          <bioguideId>L000560</bioguideId>
        </identifiers>
        <sponsorshipDate>2017-04-24</sponsorshipDate>
        <isOriginalCosponsor>False</isOriginalCosponsor>
        <state>WA</state>
        <lastName>LARSEN</lastName>
        <middleName />
        <fullName>Rep. Larsen, Rick [D-WA-2]</fullName>
        <bioguideId>L000560</bioguideId>
        <district>2</district>
        <sponsorshipWithdrawnDate />
        <party>D</party>
      </item>
      <item>
        <firstName>David</firstName>
        <identifiers>
          <gpoId>7910</gpoId>
          <lisID>1722</lisID>
          <bioguideId>S001157</bioguideId>
        </identifiers>
        <sponsorshipDate>2017-05-08</sponsorshipDate>
        <isOriginalCosponsor>False</isOriginalCosponsor>
        <state>GA</state>
        <lastName>Scott</lastName>
        <middleName />
        <fullName>Rep. Scott, David [D-GA-13]</fullName>
        <bioguideId>S001157</bioguideId>
        <district>13</district>
        <sponsorshipWithdrawnDate />
        <party>D</party>
      </item>
      <item>
        <firstName>Salud</firstName>
        <identifiers>
          <gpoId />
          <bioguideId>C001112</bioguideId>
          <lisID>2310</lisID>
        </identifiers>
        <sponsorshipDate>2017-05-16</sponsorshipDate>
        <isOriginalCosponsor>False</isOriginalCosponsor>
        <state>CA</state>
        <lastName>Carbajal</lastName>
        <middleName>O.</middleName>
        <fullName>Rep. Carbajal, Salud O. [D-CA-24]</fullName>
        <bioguideId>C001112</bioguideId>
        <district>24</district>
        <sponsorshipWithdrawnDate />
        <party>D</party>
      </item>
      <item>
        <firstName>Lisa</firstName>
        <identifiers>
          <lisID>2313</lisID>
          <gpoId />
          <bioguideId>B001303</bioguideId>
        </identifiers>
        <sponsorshipDate>2017-06-21</sponsorshipDate>
        <isOriginalCosponsor>False</isOriginalCosponsor>
        <state>DE</state>
        <lastName>Blunt Rochester</lastName>
        <middleName />
        <fullName>Rep. Blunt Rochester, Lisa [D-DE-At Large]</fullName>
        <bioguideId>B001303</bioguideId>
        <district>0</district>
        <sponsorshipWithdrawnDate />
        <party>D</party>
      </item>
      <item>
        <firstName>Jacky</firstName>
        <identifiers>
          <gpoId />
          <bioguideId>R000608</bioguideId>
          <lisID>2339</lisID>
        </identifiers>
        <sponsorshipDate>2017-07-25</sponsorshipDate>
        <isOriginalCosponsor>False</isOriginalCosponsor>
        <state>NV</state>
        <lastName>Rosen</lastName>
        <middleName />
        <fullName>Rep. Rosen, Jacky [D-NV-3]</fullName>
        <bioguideId>R000608</bioguideId>
        <district>3</district>
        <sponsorshipWithdrawnDate />
        <party>D</party>
      </item>
      <item>
        <firstName>Ruben</firstName>
        <identifiers>
          <lisID>2340</lisID>
          <gpoId />
          <bioguideId>K000390</bioguideId>
        </identifiers>
        <sponsorshipDate>2017-08-18</sponsorshipDate>
        <isOriginalCosponsor>False</isOriginalCosponsor>
        <state>NV</state>
        <lastName>Kihuen</lastName>
        <middleName>J.</middleName>
        <fullName>Rep. Kihuen, Ruben J. [D-NV-4]</fullName>
        <bioguideId>K000390</bioguideId>
        <district>4</district>
        <sponsorshipWithdrawnDate />
        <party>D</party>
      </item>
      <item>
        <firstName>Raja</firstName>
        <identifiers>
          <gpoId />
          <lisID>2325</lisID>
          <bioguideId>K000391</bioguideId>
        </identifiers>
        <sponsorshipDate>2017-09-07</sponsorshipDate>
        <isOriginalCosponsor>False</isOriginalCosponsor>
        <state>IL</state>
        <lastName>Krishnamoorthi</lastName>
        <middleName />
        <fullName>Rep. Krishnamoorthi, Raja [D-IL-8]</fullName>
        <bioguideId>K000391</bioguideId>
        <district>8</district>
        <sponsorshipWithdrawnDate />
        <party>D</party>
      </item>
      <item>
        <firstName>Debbie</firstName>
        <identifiers>
          <gpoId />
          <lisID>2251</lisID>
          <bioguideId>D000624</bioguideId>
        </identifiers>
        <sponsorshipDate>2017-09-07</sponsorshipDate>
        <isOriginalCosponsor>False</isOriginalCosponsor>
        <state>MI</state>
        <lastName>Dingell</lastName>
        <middleName />
        <fullName>Rep. Dingell, Debbie [D-MI-12]</fullName>
        <bioguideId>D000624</bioguideId>
        <district>12</district>
        <sponsorshipWithdrawnDate />
        <party>D</party>
      </item>
      <item>
        <firstName>Colleen</firstName>
        <identifiers>
          <lisID>2010</lisID>
          <gpoId>7912</gpoId>
          <bioguideId>H001050</bioguideId>
        </identifiers>
        <sponsorshipDate>2017-09-28</sponsorshipDate>
        <isOriginalCosponsor>False</isOriginalCosponsor>
        <state>HI</state>
        <lastName>Hanabusa</lastName>
        <middleName />
        <fullName>Rep. Hanabusa, Colleen [D-HI-1]</fullName>
        <bioguideId>H001050</bioguideId>
        <district>1</district>
        <sponsorshipWithdrawnDate />
        <party>D</party>
      </item>
      <item>
        <firstName>Jimmy</firstName>
        <identifiers>
          <lisID>2309</lisID>
          <gpoId />
          <bioguideId>P000613</bioguideId>
        </identifiers>
        <sponsorshipDate>2017-10-23</sponsorshipDate>
        <isOriginalCosponsor>False</isOriginalCosponsor>
        <state>CA</state>
        <lastName>Panetta</lastName>
        <middleName />
        <fullName>Rep. Panetta, Jimmy [D-CA-20]</fullName>
        <bioguideId>P000613</bioguideId>
        <district>20</district>
        <sponsorshipWithdrawnDate />
        <party>D</party>
      </item>
      <item>
        <firstName>Ben</firstName>
        <identifiers>
          <lisID>1939</lisID>
          <gpoId>8058</gpoId>
          <bioguideId>L000570</bioguideId>
        </identifiers>
        <sponsorshipDate>2017-11-02</sponsorshipDate>
        <isOriginalCosponsor>False</isOriginalCosponsor>
        <state>NM</state>
        <lastName>Lujan</lastName>
        <middleName>Ray</middleName>
        <fullName>Rep. Lujan, Ben Ray [D-NM-3]</fullName>
        <bioguideId>L000570</bioguideId>
        <district>3</district>
        <sponsorshipWithdrawnDate />
        <party>D</party>
      </item>
      <item>
        <firstName>NYDIA</firstName>
        <identifiers>
          <bioguideId>V000081</bioguideId>
          <gpoId>8073</gpoId>
          <lisID>1184</lisID>
        </identifiers>
        <sponsorshipDate>2017-11-13</sponsorshipDate>
        <isOriginalCosponsor>False</isOriginalCosponsor>
        <state>NY</state>
        <lastName>VELAZQUEZ</lastName>
        <middleName>M.</middleName>
        <fullName>Rep. Velazquez, Nydia M. [D-NY-7]</fullName>
        <bioguideId>V000081</bioguideId>
        <district>7</district>
        <sponsorshipWithdrawnDate />
        <party>D</party>
      </item>
      <item>
        <firstName>Ann</firstName>
        <identifiers>
          <lisID>2145</lisID>
          <gpoId />
          <bioguideId>K000382</bioguideId>
        </identifiers>
        <sponsorshipDate>2018-01-18</sponsorshipDate>
        <isOriginalCosponsor>False</isOriginalCosponsor>
        <state>NH</state>
        <lastName>Kuster</lastName>
        <middleName>M.</middleName>
        <fullName>Rep. Kuster, Ann M. [D-NH-2]</fullName>
        <bioguideId>K000382</bioguideId>
        <district>2</district>
        <sponsorshipWithdrawnDate />
        <party>D</party>
      </item>
      <item>
        <firstName>MAXINE</firstName>
        <identifiers>
          <bioguideId>W000187</bioguideId>
          <lisID>1205</lisID>
          <gpoId>7840</gpoId>
        </identifiers>
        <sponsorshipDate>2018-01-18</sponsorshipDate>
        <isOriginalCosponsor>False</isOriginalCosponsor>
        <state>CA</state>
        <lastName>WATERS</lastName>
        <middleName />
        <fullName>Rep. Waters, Maxine [D-CA-43]</fullName>
        <bioguideId>W000187</bioguideId>
        <district>43</district>
        <sponsorshipWithdrawnDate />
        <party>D</party>
      </item>
      <item>
        <firstName>SHEILA</firstName>
        <identifiers>
          <gpoId>8174</gpoId>
          <lisID>588</lisID>
          <bioguideId>J000032</bioguideId>
        </identifiers>
        <sponsorshipDate>2018-02-05</sponsorshipDate>
        <isOriginalCosponsor>False</isOriginalCosponsor>
        <state>TX</state>
        <lastName>JACKSON LEE</lastName>
        <middleName />
        <fullName>Rep. Jackson Lee, Sheila [D-TX-18]</fullName>
        <bioguideId>J000032</bioguideId>
        <district>18</district>
        <sponsorshipWithdrawnDate />
        <party>D</party>
      </item>
      <item>
        <firstName>Adriano</firstName>
        <identifiers>
          <gpoId />
          <bioguideId>E000297</bioguideId>
          <lisID>2342</lisID>
        </identifiers>
        <sponsorshipDate>2018-03-14</sponsorshipDate>
        <isOriginalCosponsor>False</isOriginalCosponsor>
        <state>NY</state>
        <lastName>Espaillat</lastName>
        <middleName />
        <fullName>Rep. Espaillat, Adriano [D-NY-13]</fullName>
        <bioguideId>E000297</bioguideId>
        <district>13</district>
        <sponsorshipWithdrawnDate />
        <party>D</party>
      </item>
    </cosponsors>
    <billType>HR</billType>
    <notes />
    <summaries>
      <billSummaries>
        <item>
          <versionCode>00</versionCode>
          <text><![CDATA[<p><strong>Equal Access to Abortion Coverage in Health Insurance (EACH Woman) Act of 2017</strong></p> <p>This bill requires the federal government: (1) to ensure coverage for abortion care in public health insurance programs including Medicaid, Medicare, and the Children's Health Insurance Program (CHIP); (2) as an employer or health plan sponsor, to ensure coverage for abortion care for participants and beneficiaries; and (3) as a provider of health services, to ensure that abortion care is made available to individuals who are eligible to receive services.</p> <p>The federal government may not prohibit, restrict, or otherwise inhibit insurance coverage of abortion care by state or local governments or by private health plans. State and local governments may not prohibit, restrict, or otherwise inhibit insurance coverage of abortion care by private health plans.</p>]]></text>
          <updateDate>2017-01-31T05:00:00Z</updateDate>
          <actionDate>2017-01-31</actionDate>
          <lastSummaryUpdateDate>2017-02-14T21:55:26Z</lastSummaryUpdateDate>
          <name>Introduced in House</name>
          <actionDesc>Introduced in House</actionDesc>
        </item>
      </billSummaries>
    </summaries>
    <relatedBills />
    <committees>
      <billCommittees>
        <item>
          <subcommittees>
            <item>
              <name>Health Subcommittee</name>
              <systemCode>hswm02</systemCode>
              <activities>
                <item>
                  <date>2017-02-10T22:08:44Z</date>
                  <name>Referred to</name>
                </item>
              </activities>
            </item>
          </subcommittees>
          <name>Ways and Means Committee</name>
          <systemCode>hswm00</systemCode>
          <chamber>House</chamber>
          <activities>
            <item>
              <date>2017-01-31T15:00:50Z</date>
              <name>Referred to</name>
            </item>
          </activities>
          <type>Standing</type>
        </item>
        <item>
          <subcommittees>
            <item>
              <name>Health Subcommittee</name>
              <systemCode>hsif14</systemCode>
              <activities>
                <item>
                  <date>2017-02-03T15:58:00Z</date>
                  <name>Referred to</name>
                </item>
              </activities>
            </item>
          </subcommittees>
          <name>Energy and Commerce Committee</name>
          <systemCode>hsif00</systemCode>
          <chamber>House</chamber>
          <activities>
            <item>
              <date>2017-01-31T15:00:45Z</date>
              <name>Referred to</name>
            </item>
          </activities>
          <type>Standing</type>
        </item>
        <item>
          <subcommittees />
          <name>Oversight and Government Reform Committee</name>
          <systemCode>hsgo00</systemCode>
          <chamber>House</chamber>
          <activities>
            <item>
              <date>2017-01-31T15:01:00Z</date>
              <name>Referred to</name>
            </item>
          </activities>
          <type>Standing</type>
        </item>
      </billCommittees>
    </committees>
    <cboCostEstimates />
    <subjects>
      <billSubjects>
        <policyArea>
          <name>Health</name>
        </policyArea>
        <legislativeSubjects>
          <item>
            <name>Abortion</name>
          </item>
          <item>
            <name>Child health</name>
          </item>
          <item>
            <name>Employee benefits and pensions</name>
          </item>
          <item>
            <name>Government employee pay, benefits, personnel management</name>
          </item>
          <item>
            <name>Health care costs and insurance</name>
          </item>
          <item>
            <name>Health care coverage and access</name>
          </item>
          <item>
            <name>Health facilities and institutions</name>
          </item>
          <item>
            <name>Medicaid</name>
          </item>
          <item>
            <name>Medicare</name>
          </item>
          <item>
            <name>Women's health</name>
          </item>
        </legislativeSubjects>
      </billSubjects>
    </subjects>
    <committeeReports />
    <title>Equal Access to Abortion Coverage in Health Insurance (EACH Woman) Act of 2017</title>
    <recordedVotes />
    <actions>
      <item>
        <actionDate>2017-02-10</actionDate>
        <committee>
          <systemCode>hswm02</systemCode>
          <name>Health Subcommittee</name>
        </committee>
        <links />
        <sourceSystem>
          <code>1</code>
          <name>House committee actions</name>
        </sourceSystem>
        <text>Referred to the Subcommittee on Health.</text>
        <type>Committee</type>
      </item>
      <item>
        <actionDate>2017-02-03</actionDate>
        <committee>
          <systemCode>hsif14</systemCode>
          <name>Health Subcommittee</name>
        </committee>
        <links />
        <sourceSystem>
          <code>1</code>
          <name>House committee actions</name>
        </sourceSystem>
        <text>Referred to the Subcommittee on Health.</text>
        <type>Committee</type>
      </item>
      <item>
        <committee>
          <systemCode>hsgo00</systemCode>
          <name>Oversight and Government Reform Committee</name>
        </committee>
        <text>Referred to House Oversight and Government Reform</text>
        <sourceSystem>
          <code>2</code>
          <name>House floor actions</name>
        </sourceSystem>
        <actionDate>2017-01-31</actionDate>
        <actionCode>H11100</actionCode>
        <links />
        <type>IntroReferral</type>
      </item>
      <item>
        <committee>
          <systemCode>hswm00</systemCode>
          <name>Ways and Means Committee</name>
        </committee>
        <text>Referred to House Ways and Means</text>
        <sourceSystem>
          <code>2</code>
          <name>House floor actions</name>
        </sourceSystem>
        <actionDate>2017-01-31</actionDate>
        <actionCode>H11100</actionCode>
        <links />
        <type>IntroReferral</type>
      </item>
      <item>
        <committee>
          <systemCode>hsif00</systemCode>
          <name>Energy and Commerce Committee</name>
        </committee>
        <text>Referred to House Energy and Commerce</text>
        <sourceSystem>
          <code>2</code>
          <name>House floor actions</name>
        </sourceSystem>
        <actionDate>2017-01-31</actionDate>
        <actionCode>H11100</actionCode>
        <links />
        <type>IntroReferral</type>
      </item>
      <item>
        <committee />
        <text>Referred to the Committee on Energy and Commerce, and in addition to the Committees on Ways and Means, and Oversight and Government Reform, for a period to be subsequently determined by the Speaker, in each case for consideration of such provisions as fall within the jurisdiction of the committee concerned.</text>
        <sourceSystem>
          <code>9</code>
          <name>Library of Congress</name>
        </sourceSystem>
        <actionDate>2017-01-31</actionDate>
        <actionCode>H11100-A</actionCode>
        <links />
        <type>IntroReferral</type>
      </item>
      <item>
        <committee />
        <text>Introduced in House</text>
        <sourceSystem>
          <code>9</code>
          <name>Library of Congress</name>
        </sourceSystem>
        <actionDate>2017-01-31</actionDate>
        <actionCode>Intro-H</actionCode>
        <links />
        <type>IntroReferral</type>
      </item>
      <item>
        <committee />
        <text>Introduced in House</text>
        <sourceSystem>
          <code>9</code>
          <name>Library of Congress</name>
        </sourceSystem>
        <actionDate>2017-01-31</actionDate>
        <actionCode>1000</actionCode>
        <links />
        <type>IntroReferral</type>
      </item>
      <actionByCounts>
        <houseOfRepresentatives>8</houseOfRepresentatives>
      </actionByCounts>
      <actionTypeCounts>
        <billReferrals>3</billReferrals>
        <billReferralsAggregate>1</billReferralsAggregate>
        <introducedInTheHouse>1</introducedInTheHouse>
        <introducedInHouse>1</introducedInHouse>
        <placeholderTextForH>2</placeholderTextForH>
      </actionTypeCounts>
    </actions>
    <introducedDate>2017-01-31</introducedDate>
  </bill>
  <dublinCore xmlns:dc="http://purl.org/dc/elements/1.1/">
    <dc:format>text/xml</dc:format>
    <dc:language>EN</dc:language>
    <dc:rights>Pursuant to Title 17 Section 105 of the United States Code, this file is not subject to copyright protection and is in the public domain.</dc:rights>
    <dc:contributor>Congressional Research Service, Library of Congress</dc:contributor>
    <dc:description>This file contains bill summaries and statuses for federal legislation. A bill summary describes the most significant provisions of a piece of legislation and details the effects the legislative text may have on current law and federal programs. Bill summaries are authored by the Congressional Research Service (CRS) of the Library of Congress. As stated in Public Law 91-510 (2 USC 166 (d)(6)), one of the duties of CRS is "to prepare summaries and digests of bills and resolutions of a public general nature introduced in the Senate or House of Representatives". For more information, refer to the User Guide that accompanies this file.</dc:description>
  </dublinCore>
</billStatus>

