<?xml version="1.0" encoding="UTF-8"?>
<billStatus>
  <bill>
    <createDate>2017-01-12T04:45:50Z</createDate>
    <billType>HR</billType>
    <originChamber>House</originChamber>
    <titles>
      <item>
        <chamberCode />
        <parentTitleType />
        <titleType>Short Titles as Introduced</titleType>
        <title>VA Appeals Modernization Act of 2017</title>
        <chamberName />
      </item>
      <item>
        <chamberCode />
        <parentTitleType />
        <titleType>Official Title as Introduced</titleType>
        <title>To amend title 38, United States Code, to improve the appeals process of the Department of Veterans Affairs.</title>
        <chamberName />
      </item>
      <item>
        <chamberCode />
        <parentTitleType />
        <titleType>Display Title</titleType>
        <title>VA Appeals Modernization Act of 2017</title>
        <chamberName />
      </item>
      <item>
        <chamberCode />
        <parentTitleType />
        <titleType>(Extracted from GPO) Short Titles as Introduced</titleType>
        <title>VA Appeals Modernization Act of 2017</title>
        <chamberName />
      </item>
    </titles>
    <recordedVotes />
    <committees>
      <billCommittees>
        <item>
          <systemCode>hsvr00</systemCode>
          <subcommittees>
            <item>
              <name>Disability Assistance and Memorial Affairs Subcommittee</name>
              <systemCode>hsvr09</systemCode>
              <activities>
                <item>
                  <date>2017-02-03T19:15:34Z</date>
                  <name>Referred to</name>
                </item>
              </activities>
            </item>
          </subcommittees>
          <name>Veterans' Affairs Committee</name>
          <type>Standing</type>
          <chamber>House</chamber>
          <activities>
            <item>
              <date>2017-01-11T15:00:45Z</date>
              <name>Referred to</name>
            </item>
          </activities>
        </item>
      </billCommittees>
    </committees>
    <latestAction>
      <text>Referred to the Subcommittee on Disability Assistance and Memorial Affairs.</text>
      <actionDate>2017-02-03</actionDate>
      <links />
    </latestAction>
    <billNumber>457</billNumber>
    <notes />
    <committeeReports />
    <constitutionalAuthorityStatementText><![CDATA[<pre>From the Congressional Record Online through the Government Publishing Office [<a href='http://www.gpo.gov'>www.gpo.gov</a>]By Ms. TITUS:H.R. 457.Congress has the power to enact this legislation pursuantto the following:The bill is enacted pursuant to the power granted toCongress under Article I, Section 8, Amendment XVI, of theUnited States Constitution[Page H392]</pre>]]></constitutionalAuthorityStatementText>
    <cosponsors>
      <item>
        <lastName>Pingree</lastName>
        <bioguideId>P000597</bioguideId>
        <state>ME</state>
        <sponsorshipDate>2017-02-02</sponsorshipDate>
        <fullName>Rep. Pingree, Chellie [D-ME-1]</fullName>
        <identifiers>
          <lisID>1927</lisID>
          <gpoId>7984</gpoId>
          <bioguideId>P000597</bioguideId>
        </identifiers>
        <middleName />
        <sponsorshipWithdrawnDate />
        <firstName>Chellie</firstName>
        <isOriginalCosponsor>False</isOriginalCosponsor>
        <party>D</party>
        <district>1</district>
      </item>
      <item>
        <lastName>Sarbanes</lastName>
        <bioguideId>S001168</bioguideId>
        <state>MD</state>
        <sponsorshipDate>2017-02-02</sponsorshipDate>
        <fullName>Rep. Sarbanes, John P. [D-MD-3]</fullName>
        <identifiers>
          <bioguideId>S001168</bioguideId>
          <lisID>1854</lisID>
          <gpoId>7978</gpoId>
        </identifiers>
        <middleName>P.</middleName>
        <sponsorshipWithdrawnDate />
        <firstName>John</firstName>
        <isOriginalCosponsor>False</isOriginalCosponsor>
        <party>D</party>
        <district>3</district>
      </item>
      <item>
        <lastName>Amodei</lastName>
        <bioguideId>A000369</bioguideId>
        <state>NV</state>
        <sponsorshipDate>2017-02-21</sponsorshipDate>
        <fullName>Rep. Amodei, Mark E. [R-NV-2]</fullName>
        <identifiers>
          <lisID>2090</lisID>
          <gpoId>8366</gpoId>
          <bioguideId>A000369</bioguideId>
        </identifiers>
        <middleName>E.</middleName>
        <sponsorshipWithdrawnDate />
        <firstName>Mark</firstName>
        <isOriginalCosponsor>False</isOriginalCosponsor>
        <party>R</party>
        <district>2</district>
      </item>
      <item>
        <lastName>Shea-Porter</lastName>
        <bioguideId>S001170</bioguideId>
        <state>NH</state>
        <sponsorshipDate>2017-03-09</sponsorshipDate>
        <fullName>Rep. Shea-Porter, Carol [D-NH-1]</fullName>
        <identifiers>
          <lisID>1861</lisID>
          <gpoId>7528</gpoId>
          <bioguideId>S001170</bioguideId>
        </identifiers>
        <middleName />
        <sponsorshipWithdrawnDate />
        <firstName>Carol</firstName>
        <isOriginalCosponsor>False</isOriginalCosponsor>
        <party>D</party>
        <district>1</district>
      </item>
      <item>
        <lastName>Garamendi</lastName>
        <bioguideId>G000559</bioguideId>
        <state>CA</state>
        <sponsorshipDate>2017-04-03</sponsorshipDate>
        <fullName>Rep. Garamendi, John [D-CA-3]</fullName>
        <identifiers>
          <lisID>1973</lisID>
          <gpoId>7815</gpoId>
          <bioguideId>G000559</bioguideId>
        </identifiers>
        <middleName />
        <sponsorshipWithdrawnDate />
        <firstName>John</firstName>
        <isOriginalCosponsor>False</isOriginalCosponsor>
        <party>D</party>
        <district>3</district>
      </item>
      <item>
        <lastName>RYAN</lastName>
        <bioguideId>R000577</bioguideId>
        <state>OH</state>
        <sponsorshipDate>2017-04-03</sponsorshipDate>
        <fullName>Rep. Ryan, Tim [D-OH-13]</fullName>
        <identifiers>
          <gpoId>8107</gpoId>
          <lisID>1756</lisID>
          <bioguideId>R000577</bioguideId>
        </identifiers>
        <middleName />
        <sponsorshipWithdrawnDate />
        <firstName>TIM</firstName>
        <isOriginalCosponsor>False</isOriginalCosponsor>
        <party>D</party>
        <district>13</district>
      </item>
      <item>
        <lastName>Takano</lastName>
        <bioguideId>T000472</bioguideId>
        <state>CA</state>
        <sponsorshipDate>2017-04-03</sponsorshipDate>
        <fullName>Rep. Takano, Mark [D-CA-41]</fullName>
        <identifiers>
          <lisID>2110</lisID>
          <gpoId />
          <bioguideId>T000472</bioguideId>
        </identifiers>
        <middleName />
        <sponsorshipWithdrawnDate />
        <firstName>Mark</firstName>
        <isOriginalCosponsor>False</isOriginalCosponsor>
        <party>D</party>
        <district>41</district>
      </item>
      <item>
        <lastName>Bordallo</lastName>
        <bioguideId>B001245</bioguideId>
        <state>GU</state>
        <sponsorshipDate>2017-04-03</sponsorshipDate>
        <fullName>Rep. Bordallo, Madeleine Z. [D-GU-At Large]</fullName>
        <identifiers>
          <lisID>1723</lisID>
          <gpoId>7911</gpoId>
          <bioguideId>B001245</bioguideId>
        </identifiers>
        <middleName>Z.</middleName>
        <sponsorshipWithdrawnDate />
        <firstName>Madeleine</firstName>
        <isOriginalCosponsor>False</isOriginalCosponsor>
        <party>D</party>
        <district>0</district>
      </item>
      <item>
        <lastName>Himes</lastName>
        <bioguideId>H001047</bioguideId>
        <state>CT</state>
        <sponsorshipDate>2017-04-03</sponsorshipDate>
        <fullName>Rep. Himes, James A. [D-CT-4]</fullName>
        <identifiers>
          <bioguideId>H001047</bioguideId>
          <lisID>1913</lisID>
          <gpoId>7869</gpoId>
        </identifiers>
        <middleName>A.</middleName>
        <sponsorshipWithdrawnDate />
        <firstName>James</firstName>
        <isOriginalCosponsor>False</isOriginalCosponsor>
        <party>D</party>
        <district>4</district>
      </item>
      <item>
        <lastName>ESHOO</lastName>
        <bioguideId>E000215</bioguideId>
        <state>CA</state>
        <sponsorshipDate>2017-04-14</sponsorshipDate>
        <fullName>Rep. Eshoo, Anna G. [D-CA-18]</fullName>
        <identifiers>
          <lisID>355</lisID>
          <gpoId>7819</gpoId>
          <bioguideId>E000215</bioguideId>
        </identifiers>
        <middleName>G.</middleName>
        <sponsorshipWithdrawnDate />
        <firstName>ANNA</firstName>
        <isOriginalCosponsor>False</isOriginalCosponsor>
        <party>D</party>
        <district>18</district>
      </item>
      <item>
        <lastName>Peters</lastName>
        <bioguideId>P000608</bioguideId>
        <state>CA</state>
        <sponsorshipDate>2017-05-22</sponsorshipDate>
        <fullName>Rep. Peters, Scott H. [D-CA-52]</fullName>
        <identifiers>
          <bioguideId>P000608</bioguideId>
          <gpoId />
          <lisID>2113</lisID>
        </identifiers>
        <middleName>H.</middleName>
        <sponsorshipWithdrawnDate />
        <firstName>Scott</firstName>
        <isOriginalCosponsor>False</isOriginalCosponsor>
        <party>D</party>
        <district>52</district>
      </item>
      <item>
        <lastName>Sinema</lastName>
        <bioguideId>S001191</bioguideId>
        <state>AZ</state>
        <sponsorshipDate>2017-05-22</sponsorshipDate>
        <fullName>Rep. Sinema, Kyrsten [D-AZ-9]</fullName>
        <identifiers>
          <bioguideId>S001191</bioguideId>
          <lisID>2099</lisID>
          <gpoId />
        </identifiers>
        <middleName />
        <sponsorshipWithdrawnDate />
        <firstName>Kyrsten</firstName>
        <isOriginalCosponsor>False</isOriginalCosponsor>
        <party>D</party>
        <district>9</district>
      </item>
      <item>
        <lastName>Connolly</lastName>
        <bioguideId>C001078</bioguideId>
        <state>VA</state>
        <sponsorshipDate>2018-01-19</sponsorshipDate>
        <fullName>Rep. Connolly, Gerald E. [D-VA-11]</fullName>
        <identifiers>
          <lisID>1959</lisID>
          <gpoId>8202</gpoId>
          <bioguideId>C001078</bioguideId>
        </identifiers>
        <middleName>E.</middleName>
        <sponsorshipWithdrawnDate />
        <firstName>Gerald</firstName>
        <isOriginalCosponsor>False</isOriginalCosponsor>
        <party>D</party>
        <district>11</district>
      </item>
    </cosponsors>
    <cboCostEstimates />
    <sponsors>
      <item>
        <state>NV</state>
        <bioguideId>T000468</bioguideId>
        <fullName>Rep. Titus, Dina [D-NV-1]</fullName>
        <identifiers>
          <gpoId>7493</gpoId>
          <lisID>1940</lisID>
          <bioguideId>T000468</bioguideId>
        </identifiers>
        <middleName />
        <firstName>Dina</firstName>
        <district>1</district>
        <lastName>Titus</lastName>
        <byRequestType />
        <party>D</party>
      </item>
    </sponsors>
    <actions>
      <item>
        <actionDate>2017-02-03</actionDate>
        <committee>
          <name>Disability Assistance and Memorial Affairs Subcommittee</name>
          <systemCode>hsvr09</systemCode>
        </committee>
        <links />
        <sourceSystem>
          <name>House committee actions</name>
          <code>1</code>
        </sourceSystem>
        <text>Referred to the Subcommittee on Disability Assistance and Memorial Affairs.</text>
        <type>Committee</type>
      </item>
      <item>
        <sourceSystem>
          <name>House floor actions</name>
          <code>2</code>
        </sourceSystem>
        <type>IntroReferral</type>
        <committee>
          <name>Veterans' Affairs Committee</name>
          <systemCode>hsvr00</systemCode>
        </committee>
        <text>Referred to the House Committee on Veterans' Affairs.</text>
        <actionCode>H11100</actionCode>
        <actionDate>2017-01-11</actionDate>
        <links />
      </item>
      <item>
        <sourceSystem>
          <name>Library of Congress</name>
          <code>9</code>
        </sourceSystem>
        <type>IntroReferral</type>
        <committee />
        <text>Introduced in House</text>
        <actionCode>Intro-H</actionCode>
        <actionDate>2017-01-11</actionDate>
        <links />
      </item>
      <item>
        <sourceSystem>
          <name>Library of Congress</name>
          <code>9</code>
        </sourceSystem>
        <type>IntroReferral</type>
        <committee />
        <text>Introduced in House</text>
        <actionCode>1000</actionCode>
        <actionDate>2017-01-11</actionDate>
        <links />
      </item>
      <actionTypeCounts>
        <introducedInTheHouse>1</introducedInTheHouse>
        <billReferrals>1</billReferrals>
        <placeholderTextForH>1</placeholderTextForH>
        <introducedInHouse>1</introducedInHouse>
      </actionTypeCounts>
      <actionByCounts>
        <houseOfRepresentatives>4</houseOfRepresentatives>
      </actionByCounts>
    </actions>
    <congress>115</congress>
    <policyArea>
      <name>Armed Forces and National Security</name>
    </policyArea>
    <subjects>
      <billSubjects>
        <policyArea>
          <name>Armed Forces and National Security</name>
        </policyArea>
        <legislativeSubjects>
          <item>
            <name>Administrative remedies</name>
          </item>
          <item>
            <name>Department of Veterans Affairs</name>
          </item>
          <item>
            <name>Evidence and witnesses</name>
          </item>
          <item>
            <name>Veterans' medical care</name>
          </item>
          <item>
            <name>Veterans' pensions and compensation</name>
          </item>
        </legislativeSubjects>
      </billSubjects>
    </subjects>
    <introducedDate>2017-01-11</introducedDate>
    <laws />
    <summaries>
      <billSummaries>
        <item>
          <actionDate>2017-01-11</actionDate>
          <text><![CDATA[<p><strong>VA Appeals Modernization Act of 2017</strong></p> <p>This bill amends the Department of Veterans Affairs (VA) benefits appeals process to permit a claimant to request: </p> <ul> <li>a review of the Agency of Original Jurisdiction's decision by a higher-level adjudicator within the agency under which no additional evidence may be submitted; or </li> <li>a Board of Veterans Appeals (BVA) review under which no BVA hearing is requested and no additional evidence may be submitted or under which a BVA hearing is requested and the appellant requests an opportunity to submit additional evidence at, and within 90 days of, the hearing. </li> </ul> <p> ("Agency of Original Jurisdiction" means the activity which entered the original determination with regard to a claim for veterans benefits.)</p> <p>The BVA shall maintain two such separate dockets.</p> <p>A finding favorable to a claimant is binding on all subsequent VA adjudicators unless clear and convincing evidence is shown to the contrary. </p> <p>The BVA may remand a claim to the agency to obtain a corrective advisory medical opinion. </p> <p>The bill revises effective dates of awards provisions.</p> <p>The VA's duty to assist a claimant shall not apply: (1) once the claimant is provided notice of the agency's initial decision, and (2) to higher-level agency or BVA review.</p> <p>The VA is not required to send notice for a supplemental claim or to readjudicate a claim that has been disallowed except when new and relevant evidence is presented or secured (currently such provisions applies to reopening such claim).</p> <p>A claimants's notice of disagreement must set out specific allegations of error of fact or law. The BVA is authorized to dismiss an appeal which fails to do so.</p>]]></text>
          <updateDate>2017-01-11T05:00:00Z</updateDate>
          <versionCode>00</versionCode>
          <lastSummaryUpdateDate>2017-02-07T16:14:38Z</lastSummaryUpdateDate>
          <actionDesc>Introduced in House</actionDesc>
          <name>Introduced in House</name>
        </item>
      </billSummaries>
    </summaries>
    <amendments />
    <version>1.0.0</version>
    <title>VA Appeals Modernization Act of 2017</title>
    <calendarNumbers />
    <updateDate>2018-03-30T13:59:44Z</updateDate>
    <relatedBills>
      <item>
        <type>S</type>
        <latestTitle>Veterans Appeals Improvement and Modernization Act of 2017</latestTitle>
        <latestAction>
          <actionDate>2017-07-10</actionDate>
          <text>Placed on Senate Legislative Calendar under General Orders. Calendar No. 166.</text>
        </latestAction>
        <congress>115</congress>
        <relationshipDetails>
          <item>
            <type>Related bill</type>
            <identifiedBy>CRS</identifiedBy>
          </item>
        </relationshipDetails>
        <number>1024</number>
      </item>
    </relatedBills>
  </bill>
  <dublinCore xmlns:dc="http://purl.org/dc/elements/1.1/">
    <dc:format>text/xml</dc:format>
    <dc:language>EN</dc:language>
    <dc:rights>Pursuant to Title 17 Section 105 of the United States Code, this file is not subject to copyright protection and is in the public domain.</dc:rights>
    <dc:contributor>Congressional Research Service, Library of Congress</dc:contributor>
    <dc:description>This file contains bill summaries and statuses for federal legislation. A bill summary describes the most significant provisions of a piece of legislation and details the effects the legislative text may have on current law and federal programs. Bill summaries are authored by the Congressional Research Service (CRS) of the Library of Congress. As stated in Public Law 91-510 (2 USC 166 (d)(6)), one of the duties of CRS is "to prepare summaries and digests of bills and resolutions of a public general nature introduced in the Senate or House of Representatives". For more information, refer to the User Guide that accompanies this file.</dc:description>
  </dublinCore>
</billStatus>

