<?xml version="1.0" encoding="UTF-8"?>
<billStatus>
  <bill>
    <cosponsors>
      <item>
        <sponsorshipWithdrawnDate />
        <identifiers>
          <bioguideId>R000588</bioguideId>
          <lisID>2023</lisID>
          <gpoId>7960</gpoId>
        </identifiers>
        <party>D</party>
        <district>2</district>
        <state>LA</state>
        <sponsorshipDate>2017-01-05</sponsorshipDate>
        <bioguideId>R000588</bioguideId>
        <fullName>Rep. Richmond, Cedric L. [D-LA-2]</fullName>
        <middleName>L.</middleName>
        <firstName>Cedric</firstName>
        <isOriginalCosponsor>True</isOriginalCosponsor>
        <lastName>Richmond</lastName>
      </item>
      <item>
        <sponsorshipWithdrawnDate />
        <identifiers>
          <gpoId />
          <lisID>2244</lisID>
          <bioguideId>A000374</bioguideId>
        </identifiers>
        <party>R</party>
        <district>5</district>
        <state>LA</state>
        <sponsorshipDate>2017-01-05</sponsorshipDate>
        <bioguideId>A000374</bioguideId>
        <fullName>Rep. Abraham, Ralph Lee [R-LA-5]</fullName>
        <middleName>Lee</middleName>
        <firstName>Ralph</firstName>
        <isOriginalCosponsor>True</isOriginalCosponsor>
        <lastName>Abraham</lastName>
      </item>
      <item>
        <sponsorshipWithdrawnDate />
        <identifiers>
          <bioguideId>B001243</bioguideId>
          <lisID>1748</lisID>
          <gpoId>8154</gpoId>
        </identifiers>
        <party>R</party>
        <district>7</district>
        <state>TN</state>
        <sponsorshipDate>2017-01-05</sponsorshipDate>
        <bioguideId>B001243</bioguideId>
        <fullName>Rep. Blackburn, Marsha [R-TN-7]</fullName>
        <middleName />
        <firstName>Marsha</firstName>
        <isOriginalCosponsor>True</isOriginalCosponsor>
        <lastName>Blackburn</lastName>
      </item>
      <item>
        <sponsorshipWithdrawnDate />
        <identifiers>
          <bioguideId>B001251</bioguideId>
          <gpoId>8024</gpoId>
          <lisID>1761</lisID>
        </identifiers>
        <party>D</party>
        <district>1</district>
        <state>NC</state>
        <sponsorshipDate>2017-01-05</sponsorshipDate>
        <bioguideId>B001251</bioguideId>
        <fullName>Rep. Butterfield, G. K. [D-NC-1]</fullName>
        <middleName />
        <firstName>G. K.</firstName>
        <isOriginalCosponsor>True</isOriginalCosponsor>
        <lastName>Butterfield</lastName>
      </item>
      <item>
        <sponsorshipWithdrawnDate />
        <identifiers>
          <bioguideId>C001103</bioguideId>
          <lisID>2236</lisID>
          <gpoId />
        </identifiers>
        <party>R</party>
        <district>1</district>
        <state>GA</state>
        <sponsorshipDate>2017-01-05</sponsorshipDate>
        <bioguideId>C001103</bioguideId>
        <fullName>Rep. Carter, Earl L. "Buddy" [R-GA-1]</fullName>
        <middleName>L. "Buddy"</middleName>
        <firstName>Earl</firstName>
        <isOriginalCosponsor>True</isOriginalCosponsor>
        <lastName>Carter</lastName>
      </item>
      <item>
        <sponsorshipWithdrawnDate />
        <identifiers>
          <lisID>2096</lisID>
          <gpoId>8374</gpoId>
          <bioguideId>D000617</bioguideId>
        </identifiers>
        <party>D</party>
        <district>1</district>
        <state>WA</state>
        <sponsorshipDate>2017-01-05</sponsorshipDate>
        <bioguideId>D000617</bioguideId>
        <fullName>Rep. DelBene, Suzan K. [D-WA-1]</fullName>
        <middleName>K.</middleName>
        <firstName>Suzan</firstName>
        <isOriginalCosponsor>True</isOriginalCosponsor>
        <lastName>DelBene</lastName>
      </item>
      <item>
        <sponsorshipWithdrawnDate />
        <identifiers>
          <lisID>322</lisID>
          <gpoId>8149</gpoId>
          <bioguideId>D000533</bioguideId>
        </identifiers>
        <party>R</party>
        <district>2</district>
        <state>TN</state>
        <sponsorshipDate>2017-01-05</sponsorshipDate>
        <bioguideId>D000533</bioguideId>
        <fullName>Rep. Duncan, John J., Jr. [R-TN-2]</fullName>
        <middleName>J.</middleName>
        <firstName>JOHN</firstName>
        <isOriginalCosponsor>True</isOriginalCosponsor>
        <lastName>DUNCAN</lastName>
      </item>
      <item>
        <sponsorshipWithdrawnDate />
        <identifiers>
          <bioguideId>F000461</bioguideId>
          <gpoId>8173</gpoId>
          <lisID>2065</lisID>
        </identifiers>
        <party>R</party>
        <district>17</district>
        <state>TX</state>
        <sponsorshipDate>2017-01-05</sponsorshipDate>
        <bioguideId>F000461</bioguideId>
        <fullName>Rep. Flores, Bill [R-TX-17]</fullName>
        <middleName />
        <firstName>Bill</firstName>
        <isOriginalCosponsor>True</isOriginalCosponsor>
        <lastName>Flores</lastName>
      </item>
      <item>
        <sponsorshipWithdrawnDate />
        <identifiers>
          <gpoId>8200</gpoId>
          <bioguideId>G000568</bioguideId>
          <lisID>2070</lisID>
        </identifiers>
        <party>R</party>
        <district>9</district>
        <state>VA</state>
        <sponsorshipDate>2017-01-05</sponsorshipDate>
        <bioguideId>G000568</bioguideId>
        <fullName>Rep. Griffith, H. Morgan [R-VA-9]</fullName>
        <middleName>Morgan</middleName>
        <firstName>H.</firstName>
        <isOriginalCosponsor>True</isOriginalCosponsor>
        <lastName>Griffith</lastName>
      </item>
      <item>
        <sponsorshipWithdrawnDate />
        <identifiers>
          <lisID>1749</lisID>
          <gpoId>8161</gpoId>
          <bioguideId>H001036</bioguideId>
        </identifiers>
        <party>R</party>
        <district>5</district>
        <state>TX</state>
        <sponsorshipDate>2017-01-05</sponsorshipDate>
        <bioguideId>H001036</bioguideId>
        <fullName>Rep. Hensarling, Jeb [R-TX-5]</fullName>
        <middleName />
        <firstName>Jeb</firstName>
        <isOriginalCosponsor>True</isOriginalCosponsor>
        <lastName>Hensarling</lastName>
      </item>
      <item>
        <sponsorshipWithdrawnDate />
        <identifiers>
          <lisID>2237</lisID>
          <gpoId />
          <bioguideId>H001071</bioguideId>
        </identifiers>
        <party>R</party>
        <district>10</district>
        <state>GA</state>
        <sponsorshipDate>2017-01-05</sponsorshipDate>
        <bioguideId>H001071</bioguideId>
        <fullName>Rep. Hice, Jody B. [R-GA-10]</fullName>
        <middleName>B.</middleName>
        <firstName>Jody</firstName>
        <isOriginalCosponsor>True</isOriginalCosponsor>
        <lastName>Hice</lastName>
      </item>
      <item>
        <sponsorshipWithdrawnDate />
        <identifiers>
          <gpoId />
          <bioguideId>J000295</bioguideId>
          <lisID>2154</lisID>
        </identifiers>
        <party>R</party>
        <district>14</district>
        <state>OH</state>
        <sponsorshipDate>2017-01-05</sponsorshipDate>
        <bioguideId>J000295</bioguideId>
        <fullName>Rep. Joyce, David P. [R-OH-14]</fullName>
        <middleName>P.</middleName>
        <firstName>David</firstName>
        <isOriginalCosponsor>True</isOriginalCosponsor>
        <lastName>Joyce</lastName>
      </item>
      <item>
        <sponsorshipWithdrawnDate />
        <identifiers>
          <bioguideId>K000381</bioguideId>
          <gpoId />
          <lisID>2169</lisID>
        </identifiers>
        <party>D</party>
        <district>6</district>
        <state>WA</state>
        <sponsorshipDate>2017-01-05</sponsorshipDate>
        <bioguideId>K000381</bioguideId>
        <fullName>Rep. Kilmer, Derek [D-WA-6]</fullName>
        <middleName />
        <firstName>Derek</firstName>
        <isOriginalCosponsor>True</isOriginalCosponsor>
        <lastName>Kilmer</lastName>
      </item>
      <item>
        <sponsorshipWithdrawnDate />
        <identifiers>
          <lisID>2014</lisID>
          <gpoId>7931</gpoId>
          <bioguideId>K000378</bioguideId>
        </identifiers>
        <party>R</party>
        <district>16</district>
        <state>IL</state>
        <sponsorshipDate>2017-01-05</sponsorshipDate>
        <bioguideId>K000378</bioguideId>
        <fullName>Rep. Kinzinger, Adam [R-IL-16]</fullName>
        <middleName />
        <firstName>Adam</firstName>
        <isOriginalCosponsor>True</isOriginalCosponsor>
        <lastName>Kinzinger</lastName>
      </item>
      <item>
        <sponsorshipWithdrawnDate />
        <identifiers>
          <bioguideId>L000580</bioguideId>
          <gpoId />
          <lisID>2146</lisID>
        </identifiers>
        <party>D</party>
        <district>1</district>
        <state>NM</state>
        <sponsorshipDate>2017-01-05</sponsorshipDate>
        <bioguideId>L000580</bioguideId>
        <fullName>Rep. Lujan Grisham, Michelle [D-NM-1]</fullName>
        <middleName />
        <firstName>Michelle</firstName>
        <isOriginalCosponsor>True</isOriginalCosponsor>
        <lastName>Lujan Grisham</lastName>
      </item>
      <item>
        <sponsorshipWithdrawnDate />
        <identifiers>
          <lisID>2052</lisID>
          <gpoId>8125</gpoId>
          <bioguideId>M001181</bioguideId>
        </identifiers>
        <party>R</party>
        <district>7</district>
        <state>PA</state>
        <sponsorshipDate>2017-01-05</sponsorshipDate>
        <bioguideId>M001181</bioguideId>
        <fullName>Rep. Meehan, Patrick [R-PA-7]</fullName>
        <middleName />
        <firstName>Patrick</firstName>
        <isOriginalCosponsor>True</isOriginalCosponsor>
        <lastName>Meehan</lastName>
      </item>
      <item>
        <sponsorshipWithdrawnDate />
        <identifiers>
          <bioguideId>M001190</bioguideId>
          <gpoId />
          <lisID>2156</lisID>
        </identifiers>
        <party>R</party>
        <district>2</district>
        <state>OK</state>
        <sponsorshipDate>2017-01-05</sponsorshipDate>
        <bioguideId>M001190</bioguideId>
        <fullName>Rep. Mullin, Markwayne [R-OK-2]</fullName>
        <middleName />
        <firstName>Markwayne</firstName>
        <isOriginalCosponsor>True</isOriginalCosponsor>
        <lastName>Mullin</lastName>
      </item>
      <item>
        <sponsorshipWithdrawnDate />
        <identifiers>
          <lisID>2141</lisID>
          <gpoId />
          <bioguideId>P000606</bioguideId>
        </identifiers>
        <party>R</party>
        <district>9</district>
        <state>NC</state>
        <sponsorshipDate>2017-01-05</sponsorshipDate>
        <bioguideId>P000606</bioguideId>
        <fullName>Rep. Pittenger, Robert [R-NC-9]</fullName>
        <middleName />
        <firstName>Robert</firstName>
        <isOriginalCosponsor>True</isOriginalCosponsor>
        <lastName>Pittenger</lastName>
      </item>
      <item>
        <sponsorshipWithdrawnDate />
        <identifiers>
          <lisID>1916</lisID>
          <gpoId>7888</gpoId>
          <bioguideId>R000583</bioguideId>
        </identifiers>
        <party>R</party>
        <district>17</district>
        <state>FL</state>
        <sponsorshipDate>2017-01-05</sponsorshipDate>
        <bioguideId>R000583</bioguideId>
        <fullName>Rep. Rooney, Thomas J. [R-FL-17]</fullName>
        <middleName>J.</middleName>
        <firstName>Thomas</firstName>
        <isOriginalCosponsor>True</isOriginalCosponsor>
        <lastName>Rooney</lastName>
      </item>
      <item>
        <sponsorshipWithdrawnDate />
        <identifiers>
          <lisID>998</lisID>
          <gpoId>7845</gpoId>
          <bioguideId>R000487</bioguideId>
        </identifiers>
        <party>R</party>
        <district>39</district>
        <state>CA</state>
        <sponsorshipDate>2017-01-05</sponsorshipDate>
        <bioguideId>R000487</bioguideId>
        <fullName>Rep. Royce, Edward R. [R-CA-39]</fullName>
        <middleName />
        <firstName>ED</firstName>
        <isOriginalCosponsor>True</isOriginalCosponsor>
        <lastName>ROYCE</lastName>
      </item>
      <item>
        <sponsorshipWithdrawnDate />
        <identifiers>
          <bioguideId>R000599</bioguideId>
          <gpoId />
          <lisID>2109</lisID>
        </identifiers>
        <party>D</party>
        <district>36</district>
        <state>CA</state>
        <sponsorshipDate>2017-01-05</sponsorshipDate>
        <bioguideId>R000599</bioguideId>
        <fullName>Rep. Ruiz, Raul [D-CA-36]</fullName>
        <middleName />
        <firstName>Raul</firstName>
        <isOriginalCosponsor>True</isOriginalCosponsor>
        <lastName>Ruiz</lastName>
      </item>
      <item>
        <sponsorshipWithdrawnDate />
        <identifiers>
          <bioguideId>C001092</bioguideId>
          <lisID>2151</lisID>
          <gpoId />
        </identifiers>
        <party>R</party>
        <district>27</district>
        <state>NY</state>
        <sponsorshipDate>2017-01-05</sponsorshipDate>
        <bioguideId>C001092</bioguideId>
        <fullName>Rep. Collins, Chris [R-NY-27]</fullName>
        <middleName />
        <firstName>Chris</firstName>
        <isOriginalCosponsor>True</isOriginalCosponsor>
        <lastName>Collins</lastName>
      </item>
      <item>
        <sponsorshipWithdrawnDate />
        <identifiers>
          <lisID>1846</lisID>
          <gpoId>7915</gpoId>
          <bioguideId>L000565</bioguideId>
        </identifiers>
        <party>D</party>
        <district>2</district>
        <state>IA</state>
        <sponsorshipDate>2017-01-05</sponsorshipDate>
        <bioguideId>L000565</bioguideId>
        <fullName>Rep. Loebsack, David [D-IA-2]</fullName>
        <middleName />
        <firstName>David</firstName>
        <isOriginalCosponsor>True</isOriginalCosponsor>
        <lastName>Loebsack</lastName>
      </item>
      <item>
        <sponsorshipWithdrawnDate />
        <identifiers>
          <bioguideId>R000582</bioguideId>
          <gpoId>8148</gpoId>
          <lisID>1954</lisID>
        </identifiers>
        <party>R</party>
        <district>1</district>
        <state>TN</state>
        <sponsorshipDate>2017-01-05</sponsorshipDate>
        <bioguideId>R000582</bioguideId>
        <fullName>Rep. Roe, David P. [R-TN-1]</fullName>
        <middleName>P.</middleName>
        <firstName>David</firstName>
        <isOriginalCosponsor>True</isOriginalCosponsor>
        <lastName>Roe</lastName>
      </item>
      <item>
        <sponsorshipWithdrawnDate />
        <identifiers>
          <bioguideId>N000184</bioguideId>
          <gpoId>8147</gpoId>
          <lisID>2060</lisID>
        </identifiers>
        <party>R</party>
        <district>0</district>
        <state>SD</state>
        <sponsorshipDate>2017-01-05</sponsorshipDate>
        <bioguideId>N000184</bioguideId>
        <fullName>Rep. Noem, Kristi L. [R-SD-At Large]</fullName>
        <middleName>L.</middleName>
        <firstName>Kristi</firstName>
        <isOriginalCosponsor>True</isOriginalCosponsor>
        <lastName>Noem</lastName>
      </item>
      <item>
        <sponsorshipWithdrawnDate />
        <identifiers>
          <gpoId>7950</gpoId>
          <lisID>1921</lisID>
          <bioguideId>J000290</bioguideId>
        </identifiers>
        <party>R</party>
        <district>2</district>
        <state>KS</state>
        <sponsorshipDate>2017-01-05</sponsorshipDate>
        <bioguideId>J000290</bioguideId>
        <fullName>Rep. Jenkins, Lynn [R-KS-2]</fullName>
        <middleName />
        <firstName>Lynn</firstName>
        <isOriginalCosponsor>True</isOriginalCosponsor>
        <lastName>Jenkins</lastName>
      </item>
      <item>
        <sponsorshipWithdrawnDate />
        <identifiers>
          <lisID>1855</lisID>
          <gpoId>7992</gpoId>
          <bioguideId>W000798</bioguideId>
        </identifiers>
        <party>R</party>
        <district>7</district>
        <state>MI</state>
        <sponsorshipDate>2017-01-05</sponsorshipDate>
        <bioguideId>W000798</bioguideId>
        <fullName>Rep. Walberg, Tim [R-MI-7]</fullName>
        <middleName />
        <firstName>Tim</firstName>
        <isOriginalCosponsor>True</isOriginalCosponsor>
        <lastName>Walberg</lastName>
      </item>
      <item>
        <sponsorshipWithdrawnDate />
        <identifiers>
          <lisID>1838</lisID>
          <gpoId>7881</gpoId>
          <bioguideId>B001257</bioguideId>
        </identifiers>
        <party>R</party>
        <district>12</district>
        <state>FL</state>
        <sponsorshipDate>2017-01-05</sponsorshipDate>
        <bioguideId>B001257</bioguideId>
        <fullName>Rep. Bilirakis, Gus M. [R-FL-12]</fullName>
        <middleName>M.</middleName>
        <firstName>Gus</firstName>
        <isOriginalCosponsor>True</isOriginalCosponsor>
        <lastName>Bilirakis</lastName>
      </item>
      <item>
        <sponsorshipWithdrawnDate />
        <identifiers>
          <bioguideId>P000593</bioguideId>
          <gpoId>7865</gpoId>
          <lisID>1835</lisID>
        </identifiers>
        <party>D</party>
        <district>7</district>
        <state>CO</state>
        <sponsorshipDate>2017-01-05</sponsorshipDate>
        <bioguideId>P000593</bioguideId>
        <fullName>Rep. Perlmutter, Ed [D-CO-7]</fullName>
        <middleName />
        <firstName>Ed</firstName>
        <isOriginalCosponsor>True</isOriginalCosponsor>
        <lastName>Perlmutter</lastName>
      </item>
      <item>
        <sponsorshipWithdrawnDate />
        <identifiers>
          <lisID>1640</lisID>
          <gpoId>7854</gpoId>
          <bioguideId>I000056</bioguideId>
        </identifiers>
        <party>R</party>
        <district>49</district>
        <state>CA</state>
        <sponsorshipDate>2017-01-05</sponsorshipDate>
        <bioguideId>I000056</bioguideId>
        <fullName>Rep. Issa, Darrell E. [R-CA-49]</fullName>
        <middleName>E.</middleName>
        <firstName>DARRELL</firstName>
        <isOriginalCosponsor>True</isOriginalCosponsor>
        <lastName>ISSA</lastName>
      </item>
      <item>
        <sponsorshipWithdrawnDate />
        <identifiers>
          <lisID>229</lisID>
          <gpoId>7999</gpoId>
          <bioguideId>C000714</bioguideId>
        </identifiers>
        <party>D</party>
        <district>13</district>
        <state>MI</state>
        <sponsorshipDate>2017-01-05</sponsorshipDate>
        <bioguideId>C000714</bioguideId>
        <fullName>Rep. Conyers, John, Jr. [D-MI-13]</fullName>
        <middleName />
        <firstName>JOHN</firstName>
        <isOriginalCosponsor>True</isOriginalCosponsor>
        <lastName>CONYERS</lastName>
      </item>
      <item>
        <sponsorshipWithdrawnDate />
        <identifiers>
          <gpoId />
          <bioguideId>H001073</bioguideId>
          <lisID>2269</lisID>
        </identifiers>
        <party>R</party>
        <district>23</district>
        <state>TX</state>
        <sponsorshipDate>2017-01-09</sponsorshipDate>
        <bioguideId>H001073</bioguideId>
        <fullName>Rep. Hurd, Will [R-TX-23]</fullName>
        <middleName />
        <firstName>Will</firstName>
        <isOriginalCosponsor>False</isOriginalCosponsor>
        <lastName>Hurd</lastName>
      </item>
      <item>
        <sponsorshipWithdrawnDate />
        <identifiers>
          <lisID>867</lisID>
          <gpoId />
          <bioguideId>N000127</bioguideId>
        </identifiers>
        <party>D</party>
        <district>8</district>
        <state>MN</state>
        <sponsorshipDate>2017-01-09</sponsorshipDate>
        <bioguideId>N000127</bioguideId>
        <fullName>Rep. Nolan, Richard M. [D-MN-8]</fullName>
        <middleName />
        <firstName>RICHARD</firstName>
        <isOriginalCosponsor>False</isOriginalCosponsor>
        <lastName>NOLAN</lastName>
      </item>
      <item>
        <sponsorshipWithdrawnDate />
        <identifiers>
          <gpoId>7815</gpoId>
          <lisID>1973</lisID>
          <bioguideId>G000559</bioguideId>
        </identifiers>
        <party>D</party>
        <district>3</district>
        <state>CA</state>
        <sponsorshipDate>2017-01-09</sponsorshipDate>
        <bioguideId>G000559</bioguideId>
        <fullName>Rep. Garamendi, John [D-CA-3]</fullName>
        <middleName />
        <firstName>John</firstName>
        <isOriginalCosponsor>False</isOriginalCosponsor>
        <lastName>Garamendi</lastName>
      </item>
      <item>
        <sponsorshipWithdrawnDate />
        <identifiers>
          <lisID>2273</lisID>
          <gpoId />
          <bioguideId>C001105</bioguideId>
        </identifiers>
        <party>R</party>
        <district>10</district>
        <state>VA</state>
        <sponsorshipDate>2017-01-09</sponsorshipDate>
        <bioguideId>C001105</bioguideId>
        <fullName>Rep. Comstock, Barbara [R-VA-10]</fullName>
        <middleName />
        <firstName>Barbara</firstName>
        <isOriginalCosponsor>False</isOriginalCosponsor>
        <lastName>Comstock</lastName>
      </item>
      <item>
        <sponsorshipWithdrawnDate />
        <identifiers>
          <lisID>2140</lisID>
          <gpoId />
          <bioguideId>H001067</bioguideId>
        </identifiers>
        <party>R</party>
        <district>8</district>
        <state>NC</state>
        <sponsorshipDate>2017-01-09</sponsorshipDate>
        <bioguideId>H001067</bioguideId>
        <fullName>Rep. Hudson, Richard [R-NC-8]</fullName>
        <middleName />
        <firstName>Richard</firstName>
        <isOriginalCosponsor>False</isOriginalCosponsor>
        <lastName>Hudson</lastName>
      </item>
      <item>
        <sponsorshipWithdrawnDate />
        <identifiers>
          <lisID>279</lisID>
          <gpoId>8117</gpoId>
          <bioguideId>D000191</bioguideId>
        </identifiers>
        <party>D</party>
        <district>4</district>
        <state>OR</state>
        <sponsorshipDate>2017-01-09</sponsorshipDate>
        <bioguideId>D000191</bioguideId>
        <fullName>Rep. DeFazio, Peter A. [D-OR-4]</fullName>
        <middleName>A.</middleName>
        <firstName>PETER</firstName>
        <isOriginalCosponsor>False</isOriginalCosponsor>
        <lastName>DEFAZIO</lastName>
      </item>
      <item>
        <sponsorshipWithdrawnDate />
        <identifiers>
          <bioguideId>W000799</bioguideId>
          <gpoId>8001</gpoId>
          <lisID>1856</lisID>
        </identifiers>
        <party>D</party>
        <district>1</district>
        <state>MN</state>
        <sponsorshipDate>2017-01-09</sponsorshipDate>
        <bioguideId>W000799</bioguideId>
        <fullName>Rep. Walz, Timothy J. [D-MN-1]</fullName>
        <middleName>J.</middleName>
        <firstName>Timothy</firstName>
        <isOriginalCosponsor>False</isOriginalCosponsor>
        <lastName>Walz</lastName>
      </item>
      <item>
        <sponsorshipWithdrawnDate />
        <identifiers>
          <lisID>2225</lisID>
          <gpoId />
          <bioguideId>M001197</bioguideId>
        </identifiers>
        <party>R</party>
        <district>2</district>
        <state>AZ</state>
        <sponsorshipDate>2017-01-09</sponsorshipDate>
        <bioguideId>M001197</bioguideId>
        <fullName>Rep. McSally, Martha [R-AZ-2]</fullName>
        <middleName />
        <firstName>Martha</firstName>
        <isOriginalCosponsor>False</isOriginalCosponsor>
        <lastName>McSally</lastName>
      </item>
    </cosponsors>
    <createDate>2017-01-06T04:57:25Z</createDate>
    <subjects>
      <billSubjects>
        <policyArea>
          <name>Health</name>
        </policyArea>
        <legislativeSubjects>
          <item>
            <name>Athletes</name>
          </item>
          <item>
            <name>Civil actions and liability</name>
          </item>
          <item>
            <name>Elementary and secondary education</name>
          </item>
          <item>
            <name>Health care quality</name>
          </item>
          <item>
            <name>Health personnel</name>
          </item>
          <item>
            <name>Higher education</name>
          </item>
          <item>
            <name>Jurisdiction and venue</name>
          </item>
          <item>
            <name>Licensing and registrations</name>
          </item>
          <item>
            <name>Professional sports</name>
          </item>
          <item>
            <name>School athletics</name>
          </item>
        </legislativeSubjects>
      </billSubjects>
    </subjects>
    <amendments />
    <updateDate>2018-03-30T13:58:59Z</updateDate>
    <latestAction>
      <text>Received in the Senate and Read twice and referred to the Committee on Health, Education, Labor, and Pensions.</text>
      <actionDate>2017-01-10</actionDate>
      <links />
    </latestAction>
    <sponsors>
      <item>
        <fullName>Rep. Guthrie, Brett [R-KY-2]</fullName>
        <middleName />
        <party>R</party>
        <identifiers>
          <lisID>1922</lisID>
          <gpoId>7954</gpoId>
          <bioguideId>G000558</bioguideId>
        </identifiers>
        <state>KY</state>
        <firstName>Brett</firstName>
        <lastName>Guthrie</lastName>
        <byRequestType />
        <bioguideId>G000558</bioguideId>
        <district>2</district>
      </item>
    </sponsors>
    <committeeReports />
    <recordedVotes />
    <originChamber>House</originChamber>
    <calendarNumbers />
    <congress>115</congress>
    <relatedBills>
      <item>
        <type>S</type>
        <number>808</number>
        <latestAction>
          <actionDate>2017-04-04</actionDate>
          <text>Read twice and referred to the Committee on Health, Education, Labor, and Pensions.</text>
        </latestAction>
        <congress>115</congress>
        <relationshipDetails>
          <item>
            <type>Identical bill</type>
            <identifiedBy>CRS</identifiedBy>
          </item>
        </relationshipDetails>
        <latestTitle>Sports Medicine Licensure Clarity Act of 2017</latestTitle>
      </item>
    </relatedBills>
    <version>1.0.0</version>
    <committees>
      <billCommittees>
        <item>
          <chamber>Senate</chamber>
          <activities>
            <item>
              <name>Referred to</name>
              <date>2017-01-10T18:12:53Z</date>
            </item>
          </activities>
          <type>Standing</type>
          <systemCode>sshr00</systemCode>
          <subcommittees />
          <name>Health, Education, Labor, and Pensions Committee</name>
        </item>
        <item>
          <chamber>House</chamber>
          <activities>
            <item>
              <name>Referred to</name>
              <date>2017-01-05T15:02:05Z</date>
            </item>
          </activities>
          <type>Standing</type>
          <systemCode>hsif00</systemCode>
          <subcommittees />
          <name>Energy and Commerce Committee</name>
        </item>
      </billCommittees>
    </committees>
    <cboCostEstimates />
    <billType>HR</billType>
    <notes />
    <title>Sports Medicine Licensure Clarity Act of 2017</title>
    <laws />
    <billNumber>302</billNumber>
    <actions>
      <actionTypeCounts>
        <generalDebate>1</generalDebate>
        <motionMadeToSuspendTheRules>1</motionMadeToSuspendTheRules>
        <billReferrals>1</billReferrals>
        <introducedInTheHouse>1</introducedInTheHouse>
        <finalPassageUnderSuspensionOfTheRulesResults>1</finalPassageUnderSuspensionOfTheRulesResults>
        <passedAgreedToInHouse>1</passedAgreedToInHouse>
        <referredToCommittee>1</referredToCommittee>
        <motionToReconsiderResults>1</motionToReconsiderResults>
        <considerationByHouse>1</considerationByHouse>
        <introducedInHouse>1</introducedInHouse>
      </actionTypeCounts>
      <item>
        <actionDate>2017-01-10</actionDate>
        <committee>
          <name>Health, Education, Labor, and Pensions Committee</name>
          <systemCode>sshr00</systemCode>
        </committee>
        <links />
        <sourceSystem>
          <code>0</code>
          <name>Senate</name>
        </sourceSystem>
        <text>Received in the Senate and Read twice and referred to the Committee on Health, Education, Labor, and Pensions.</text>
        <type>IntroReferral</type>
      </item>
      <item>
        <text>Motion to reconsider laid on the table Agreed to without objection.</text>
        <type>Floor</type>
        <actionTime>17:00:24</actionTime>
        <actionDate>2017-01-09</actionDate>
        <links />
        <committee />
        <sourceSystem>
          <code>2</code>
          <name>House floor actions</name>
        </sourceSystem>
        <actionCode>H38310</actionCode>
      </item>
      <item>
        <text>On motion to suspend the rules and pass the bill Agreed to by voice vote. (text: CR H204)</text>
        <type>Floor</type>
        <actionTime>17:00:22</actionTime>
        <actionDate>2017-01-09</actionDate>
        <links>
          <link>
            <name>H204</name>
            <url>https://www.congress.gov/congressional-record/volume-163/house-section/page/H204</url>
          </link>
        </links>
        <committee />
        <sourceSystem>
          <code>2</code>
          <name>House floor actions</name>
        </sourceSystem>
        <actionCode>H37300</actionCode>
      </item>
      <item>
        <text>Passed/agreed to in House: On motion to suspend the rules and pass the bill Agreed to by voice vote.(text: CR H204)</text>
        <type>Floor</type>
        <actionTime>17:00:22</actionTime>
        <actionDate>2017-01-09</actionDate>
        <links>
          <link>
            <name>H204</name>
            <url>https://www.congress.gov/congressional-record/volume-163/house-section/page/H204</url>
          </link>
        </links>
        <committee />
        <sourceSystem>
          <code>9</code>
          <name>Library of Congress</name>
        </sourceSystem>
        <actionCode>8000</actionCode>
      </item>
      <item>
        <text>DEBATE - The House proceeded with forty minutes of debate on H.R. 302.</text>
        <type>Floor</type>
        <actionTime>16:50:32</actionTime>
        <actionDate>2017-01-09</actionDate>
        <links>
          <link>
            <name>H.R. 302</name>
            <url>https://www.congress.gov/bill/115th-congress/house-bill/302</url>
          </link>
        </links>
        <committee />
        <sourceSystem>
          <code>2</code>
          <name>House floor actions</name>
        </sourceSystem>
        <actionCode>H8D000</actionCode>
      </item>
      <item>
        <text>Considered under suspension of the rules. (consideration: CR H204-206)</text>
        <type>Floor</type>
        <actionTime>16:50:30</actionTime>
        <actionDate>2017-01-09</actionDate>
        <links>
          <link>
            <name>H204-206</name>
            <url>https://www.congress.gov/congressional-record/volume-163/house-section/page/H204-206</url>
          </link>
        </links>
        <committee />
        <sourceSystem>
          <code>2</code>
          <name>House floor actions</name>
        </sourceSystem>
        <actionCode>H30000</actionCode>
      </item>
      <item>
        <text>Mr. Burgess moved to suspend the rules and pass the bill.</text>
        <type>Floor</type>
        <actionTime>16:50:23</actionTime>
        <actionDate>2017-01-09</actionDate>
        <links />
        <committee />
        <sourceSystem>
          <code>2</code>
          <name>House floor actions</name>
        </sourceSystem>
        <actionCode>H30300</actionCode>
      </item>
      <item>
        <text>Referred to the House Committee on Energy and Commerce.</text>
        <type>IntroReferral</type>
        <actionDate>2017-01-05</actionDate>
        <links />
        <committee>
          <name>Energy and Commerce Committee</name>
          <systemCode>hsif00</systemCode>
        </committee>
        <sourceSystem>
          <code>2</code>
          <name>House floor actions</name>
        </sourceSystem>
        <actionCode>H11100</actionCode>
      </item>
      <item>
        <text>Introduced in House</text>
        <type>IntroReferral</type>
        <actionDate>2017-01-05</actionDate>
        <links />
        <committee />
        <sourceSystem>
          <code>9</code>
          <name>Library of Congress</name>
        </sourceSystem>
        <actionCode>Intro-H</actionCode>
      </item>
      <item>
        <text>Introduced in House</text>
        <type>IntroReferral</type>
        <actionDate>2017-01-05</actionDate>
        <links />
        <committee />
        <sourceSystem>
          <code>9</code>
          <name>Library of Congress</name>
        </sourceSystem>
        <actionCode>1000</actionCode>
      </item>
      <actionByCounts>
        <senate>1</senate>
        <houseOfRepresentatives>9</houseOfRepresentatives>
      </actionByCounts>
    </actions>
    <titles>
      <item>
        <title>Sports Medicine Licensure Clarity Act of 2017</title>
        <parentTitleType />
        <chamberName />
        <titleType>Short Titles as Introduced</titleType>
        <chamberCode />
      </item>
      <item>
        <title>To provide protections for certain sports medicine professionals who provide certain medical services in a secondary State.</title>
        <parentTitleType />
        <chamberName />
        <titleType>Official Title as Introduced</titleType>
        <chamberCode />
      </item>
      <item>
        <title>Sports Medicine Licensure Clarity Act of 2017</title>
        <parentTitleType />
        <chamberName />
        <titleType>Display Title</titleType>
        <chamberCode />
      </item>
      <item>
        <title>Sports Medicine Licensure Clarity Act of 2017</title>
        <parentTitleType />
        <chamberName>House</chamberName>
        <titleType>(Extracted from GPO) Short Titles as Passed House</titleType>
        <chamberCode>H</chamberCode>
      </item>
      <item>
        <title>Sports Medicine Licensure Clarity Act of 2017</title>
        <parentTitleType />
        <chamberName />
        <titleType>(Extracted from GPO) Short Titles as Introduced</titleType>
        <chamberCode />
      </item>
    </titles>
    <summaries>
      <billSummaries>
        <item>
          <actionDesc>Introduced in House</actionDesc>
          <versionCode>00</versionCode>
          <lastSummaryUpdateDate>2017-01-26T15:32:31Z</lastSummaryUpdateDate>
          <name>Introduced in House</name>
          <updateDate>2017-01-05T05:00:00Z</updateDate>
          <actionDate>2017-01-05</actionDate>
          <text><![CDATA[<p><b>Sports Medicine Licensure Clarity Act of 2017</b></p> <p>This bill extends the liability insurance coverage of a state-licensed medical professional to another state when the professional provides medical services to an athlete, athletic team, or team staff member pursuant to a written agreement. Prior to providing such services, the medical professional must disclose to the insurer the nature and extent of the services. This extension of coverage does not apply at a health care facility or while a medical professional licensed in the state is transporting the injured individual to a health care facility.</p>]]></text>
        </item>
        <item>
          <actionDesc>Passed House without amendment</actionDesc>
          <versionCode>81</versionCode>
          <lastSummaryUpdateDate>2017-02-01T19:15:55Z</lastSummaryUpdateDate>
          <name>Passed House without amendment</name>
          <updateDate>2017-01-09T13:39:53Z</updateDate>
          <actionDate>2017-01-09</actionDate>
          <text><![CDATA[<p>(This measure has not been amended since it was introduced. The summary has been expanded because action occurred on the measure.)</p> <p><b>Sports Medicine Licensure Clarity Act of 2017</b></p> <p>(Sec. 2) This bill extends the liability insurance coverage of a state-licensed medical professional to another state when the professional provides medical services to an athlete, athletic team, or team staff member pursuant to a written agreement. Prior to providing such services, the medical professional must disclose to the insurer the nature and extent of the services. This extension of coverage does not apply at a health care facility or while a medical professional licensed in the state is transporting the injured individual to a health care facility.</p>]]></text>
        </item>
      </billSummaries>
    </summaries>
    <introducedDate>2017-01-05</introducedDate>
    <policyArea>
      <name>Health</name>
    </policyArea>
    <constitutionalAuthorityStatementText><![CDATA[<pre>From the Congressional Record Online through the Government Publishing Office [<a href='http://www.gpo.gov'>www.gpo.gov</a>]By Mr. GUTHRIE:H.R. 302.Congress has the power to enact this legislation pursuantto the following:Article I, Section 8The Congress shall have Power To lay and collect Taxes,Duties, Imposts and Excises, to pay the Debts and provide forthe common Defense and general Welfare of the United States;but all Duties, Imposts and Excises shall be uniformthroughout the United States;To borrow Money on the credit of the United States;To regulate Commerce with foreign Nations, and among theseveral States, and with the Indian Tribes;To establish an uniform Rule of Naturalization, and uniformLaws on the subject of Bankruptcies throughout the UnitedStates;To coin Money, regulate the Value thereof, and of foreignCoin, and fix the Standard of Weights and Measures;To provide for the Punishment of counterfeiting theSecurities and current Coin of the United States;To establish Post Offices and post Roads;To promote the Progress of Science and useful Arts, bysecuring for limited Times to Authors and Inventors theexclusive Right to their respective Writings and Discoveries;To constitute Tribunals inferior to the supreme Court;To define and punish Piracies and Felonies committed on thehigh Seas, and Offences against the Law of Nations;To declare War, grant Letters of Marque and Reprisal, andmake Rules concerning Captures on Land and Water;To raise and support Armies, but no Appropriation of Moneyto that Use shall be for a longer Term than two Years;To provide and maintain a Navy;To make Rules for the Government and Regulation of the landand naval Forces;To provide for calling forth the Militia to execute theLaws of the Union, suppress Insurrections and repelInvasions;To provide for organizing, arming, and disciplining, theMilitia, and for governing such Part of them as may beemployed in the Service of the United States, reserving tothe States respectively, the Appointment of the Officers, andthe Authority of training the Militia according to thediscipline prescribed by Congress;To exercise exclusive Legislation in all Cases whatsoever,over such District (not exceeding ten Miles square) as may,by Cession of particular States, and the Acceptance ofCongress, become the Seat of the Government of the UnitedStates, and to exercise like Authority over all Placespurchased by the Consent of the Legislature of the State inwhich the Same shall be, for the Erection of Forts,Magazines, Arsenals, dock-Yards, and other needfulBuildings;--AndTo make all Laws which shall be necessary and proper forcarrying into Execution the foregoing Powers, and all otherPowers vested by this Constitution in the Government of theUnited States, or in any Department or Officer thereof.[Page H182]</pre>]]></constitutionalAuthorityStatementText>
  </bill>
  <dublinCore xmlns:dc="http://purl.org/dc/elements/1.1/">
    <dc:format>text/xml</dc:format>
    <dc:language>EN</dc:language>
    <dc:rights>Pursuant to Title 17 Section 105 of the United States Code, this file is not subject to copyright protection and is in the public domain.</dc:rights>
    <dc:contributor>Congressional Research Service, Library of Congress</dc:contributor>
    <dc:description>This file contains bill summaries and statuses for federal legislation. A bill summary describes the most significant provisions of a piece of legislation and details the effects the legislative text may have on current law and federal programs. Bill summaries are authored by the Congressional Research Service (CRS) of the Library of Congress. As stated in Public Law 91-510 (2 USC 166 (d)(6)), one of the duties of CRS is "to prepare summaries and digests of bills and resolutions of a public general nature introduced in the Senate or House of Representatives". For more information, refer to the User Guide that accompanies this file.</dc:description>
  </dublinCore>
</billStatus>

