<?xml version="1.0" encoding="UTF-8"?>
<billStatus>
  <bill>
    <title>Lead by Example Act of 2017</title>
    <latestAction>
      <actionDate>2017-02-03</actionDate>
      <text>Referred to the Subcommittee on Health.</text>
      <links />
    </latestAction>
    <createDate>2017-01-06T04:57:26Z</createDate>
    <titles>
      <item>
        <title>Lead by Example Act of 2017</title>
        <parentTitleType />
        <chamberCode />
        <titleType>Short Titles as Introduced</titleType>
        <chamberName />
      </item>
      <item>
        <title>To ensure that Members of Congress and Congressional staff receive health care from the Department of Veterans Affairs instead of under the Federal Health Benefits Program or health care exchanges.</title>
        <parentTitleType />
        <chamberCode />
        <titleType>Official Title as Introduced</titleType>
        <chamberName />
      </item>
      <item>
        <title>Lead by Example Act of 2017</title>
        <parentTitleType />
        <chamberCode />
        <titleType>Display Title</titleType>
        <chamberName />
      </item>
      <item>
        <title>Lead by Example Act of 2017</title>
        <parentTitleType />
        <chamberCode />
        <titleType>(Extracted from GPO) Short Titles as Introduced</titleType>
        <chamberName />
      </item>
    </titles>
    <version>1.0.0</version>
    <notes />
    <subjects>
      <billSubjects>
        <legislativeSubjects>
          <item>
            <name>Congressional officers and employees</name>
          </item>
          <item>
            <name>Congressional oversight</name>
          </item>
          <item>
            <name>Health care costs and insurance</name>
          </item>
          <item>
            <name>Members of Congress</name>
          </item>
          <item>
            <name>Veterans' medical care</name>
          </item>
        </legislativeSubjects>
        <policyArea>
          <name>Congress</name>
        </policyArea>
      </billSubjects>
    </subjects>
    <cboCostEstimates />
    <sponsors>
      <item>
        <firstName>Warren</firstName>
        <lastName>Davidson</lastName>
        <middleName />
        <byRequestType />
        <bioguideId>D000626</bioguideId>
        <identifiers>
          <bioguideId>D000626</bioguideId>
          <gpoId />
          <lisID>2296</lisID>
        </identifiers>
        <state>OH</state>
        <fullName>Rep. Davidson, Warren [R-OH-8]</fullName>
        <district>8</district>
        <party>R</party>
      </item>
    </sponsors>
    <calendarNumbers />
    <policyArea>
      <name>Congress</name>
    </policyArea>
    <summaries>
      <billSummaries>
        <item>
          <actionDesc>Introduced in House</actionDesc>
          <name>Introduced in House</name>
          <actionDate>2017-01-05</actionDate>
          <updateDate>2017-01-05T05:00:00Z</updateDate>
          <versionCode>00</versionCode>
          <text><![CDATA[<p><b>Lead by Example Act of 2017</b></p> <p>This bill provides that, beginning January 3, 2019, the only health care plan the federal government may make available to Members of Congress and congressional staff shall be health care provided through the Department of Veterans Affairs (VA).</p> <p>By September 15, 2017, the VA and the Office of Personnel Management shall jointly submit to Congress a plan to carry out this bill, including recommendations for any necessary legislative actions.</p>]]></text>
          <lastSummaryUpdateDate>2017-02-04T15:10:52Z</lastSummaryUpdateDate>
        </item>
      </billSummaries>
    </summaries>
    <actions>
      <item>
        <actionDate>2017-02-03</actionDate>
        <committee>
          <name>Health Subcommittee</name>
          <systemCode>hsvr03</systemCode>
        </committee>
        <links />
        <sourceSystem>
          <name>House committee actions</name>
          <code>1</code>
        </sourceSystem>
        <text>Referred to the Subcommittee on Health.</text>
        <type>Committee</type>
      </item>
      <item>
        <sourceSystem>
          <name>House floor actions</name>
          <code>2</code>
        </sourceSystem>
        <type>IntroReferral</type>
        <committee>
          <name>Veterans' Affairs Committee</name>
          <systemCode>hsvr00</systemCode>
        </committee>
        <text>Referred to House Veterans' Affairs</text>
        <actionCode>H11100</actionCode>
        <actionDate>2017-01-05</actionDate>
        <links />
      </item>
      <item>
        <sourceSystem>
          <name>House floor actions</name>
          <code>2</code>
        </sourceSystem>
        <type>IntroReferral</type>
        <committee>
          <name>House Administration Committee</name>
          <systemCode>hsha00</systemCode>
        </committee>
        <text>Referred to House Administration</text>
        <actionCode>H11100</actionCode>
        <actionDate>2017-01-05</actionDate>
        <links />
      </item>
      <item>
        <sourceSystem>
          <name>Library of Congress</name>
          <code>9</code>
        </sourceSystem>
        <type>IntroReferral</type>
        <committee />
        <text>Referred to the Committee on House Administration, and in addition to the Committee on Veterans' Affairs, for a period to be subsequently determined by the Speaker, in each case for consideration of such provisions as fall within the jurisdiction of the committee concerned.</text>
        <actionCode>H11100-A</actionCode>
        <actionDate>2017-01-05</actionDate>
        <links />
      </item>
      <item>
        <sourceSystem>
          <name>Library of Congress</name>
          <code>9</code>
        </sourceSystem>
        <type>IntroReferral</type>
        <committee />
        <text>Introduced in House</text>
        <actionCode>Intro-H</actionCode>
        <actionDate>2017-01-05</actionDate>
        <links />
      </item>
      <item>
        <sourceSystem>
          <name>Library of Congress</name>
          <code>9</code>
        </sourceSystem>
        <type>IntroReferral</type>
        <committee />
        <text>Introduced in House</text>
        <actionCode>1000</actionCode>
        <actionDate>2017-01-05</actionDate>
        <links />
      </item>
      <actionTypeCounts>
        <introducedInTheHouse>1</introducedInTheHouse>
        <billReferrals>2</billReferrals>
        <placeholderTextForH>1</placeholderTextForH>
        <billReferralsAggregate>1</billReferralsAggregate>
        <introducedInHouse>1</introducedInHouse>
      </actionTypeCounts>
      <actionByCounts>
        <houseOfRepresentatives>6</houseOfRepresentatives>
      </actionByCounts>
    </actions>
    <relatedBills />
    <committees>
      <billCommittees>
        <item>
          <chamber>House</chamber>
          <type>Standing</type>
          <name>Veterans' Affairs Committee</name>
          <activities>
            <item>
              <date>2017-01-05T15:05:45Z</date>
              <name>Referred to</name>
            </item>
          </activities>
          <subcommittees>
            <item>
              <systemCode>hsvr03</systemCode>
              <name>Health Subcommittee</name>
              <activities>
                <item>
                  <date>2017-02-03T19:13:09Z</date>
                  <name>Referred to</name>
                </item>
              </activities>
            </item>
          </subcommittees>
          <systemCode>hsvr00</systemCode>
        </item>
        <item>
          <chamber>House</chamber>
          <type>Standing</type>
          <name>House Administration Committee</name>
          <activities>
            <item>
              <date>2017-01-05T15:05:40Z</date>
              <name>Referred to</name>
            </item>
          </activities>
          <subcommittees />
          <systemCode>hsha00</systemCode>
        </item>
      </billCommittees>
    </committees>
    <constitutionalAuthorityStatementText><![CDATA[<pre>From the Congressional Record Online through the Government Publishing Office [<a href='http://www.gpo.gov'>www.gpo.gov</a>]By Mr. DAVIDSON:H.R. 307.Congress has the power to enact this legislation pursuantto the following:Article 1, Section 8, Clause 18The Congress shall have Power . . . To make all laws whichshall be necessary and proper for carrying into Execution theforegoing Powers, and all other Powers vested by theConstitution in the Government of the United States, or inany Department or Officer thereof.[Page H182]</pre>]]></constitutionalAuthorityStatementText>
    <introducedDate>2017-01-05</introducedDate>
    <cosponsors>
      <item>
        <firstName>Tom</firstName>
        <identifiers>
          <gpoId />
          <bioguideId>R000597</bioguideId>
          <lisID>2160</lisID>
        </identifiers>
        <sponsorshipDate>2018-03-20</sponsorshipDate>
        <isOriginalCosponsor>False</isOriginalCosponsor>
        <state>SC</state>
        <lastName>Rice</lastName>
        <middleName />
        <fullName>Rep. Rice, Tom [R-SC-7]</fullName>
        <bioguideId>R000597</bioguideId>
        <district>7</district>
        <sponsorshipWithdrawnDate />
        <party>R</party>
      </item>
    </cosponsors>
    <laws />
    <congress>115</congress>
    <recordedVotes />
    <amendments />
    <committeeReports />
    <billType>HR</billType>
    <billNumber>307</billNumber>
    <updateDate>2018-03-30T13:59:01Z</updateDate>
    <originChamber>House</originChamber>
  </bill>
  <dublinCore xmlns:dc="http://purl.org/dc/elements/1.1/">
    <dc:format>text/xml</dc:format>
    <dc:language>EN</dc:language>
    <dc:rights>Pursuant to Title 17 Section 105 of the United States Code, this file is not subject to copyright protection and is in the public domain.</dc:rights>
    <dc:contributor>Congressional Research Service, Library of Congress</dc:contributor>
    <dc:description>This file contains bill summaries and statuses for federal legislation. A bill summary describes the most significant provisions of a piece of legislation and details the effects the legislative text may have on current law and federal programs. Bill summaries are authored by the Congressional Research Service (CRS) of the Library of Congress. As stated in Public Law 91-510 (2 USC 166 (d)(6)), one of the duties of CRS is "to prepare summaries and digests of bills and resolutions of a public general nature introduced in the Senate or House of Representatives". For more information, refer to the User Guide that accompanies this file.</dc:description>
  </dublinCore>
</billStatus>

