<?xml version="1.0" encoding="UTF-8"?>
<billStatus>
  <bill>
    <introducedDate>2017-01-31</introducedDate>
    <billType>HR</billType>
    <summaries>
      <billSummaries>
        <item>
          <actionDesc>Introduced in House</actionDesc>
          <text><![CDATA[<p><strong>SOAR to Health and Wellness Act of 2017</strong></p> <p>This bill directs the Department of Health and Human Services (HHS) to establish a pilot program, to be known as Stop, Observe, Ask, and Respond to Health and Wellness Training (or SOAR to Health and Wellness Training), to train health care providers and other related providers to:</p> <ul> <li> identify potential human trafficking victims,</li> <li> work with law enforcement to report and facilitate communication with such victims,</li> <li> refer victims to social or victims service agencies or organizations,</li> <li> provide such victims with coordinated care tailored to their circumstances, and </li> <li> consider integrating this training with existing training programs.</li> </ul> <p>The pilot program must include the functions of the training program with the same name that was operating before this bill's enactment and the following initiatives:</p> <ul> <li> engaging stakeholders to develop a flexible training module,</li> <li> supporting training in diverse health care sites,</li> <li> providing technical assistance to health education programs,</li> <li> developing a strategy to incentivize the use of training materials developed under this bill and the implementation of a nationwide health care protocol, and </li> <li> developing a methodology for collecting and reporting data on the number of human trafficking victims served in health care settings or other related provider settings. </li> </ul> <p>The pilot program is authorized through FY2022.</p> <p>HHS must report on the number of facilities operating under the pilot program, the number of providers trained through the pilot program, and these numbers for the program operating before the pilot program.</p>]]></text>
          <lastSummaryUpdateDate>2017-02-14T21:55:34Z</lastSummaryUpdateDate>
          <name>Introduced in House</name>
          <versionCode>00</versionCode>
          <updateDate>2017-01-31T05:00:00Z</updateDate>
          <actionDate>2017-01-31</actionDate>
        </item>
        <item>
          <actionDesc>Reported to House with amendment(s)</actionDesc>
          <text><![CDATA[<p><strong>Stop, Observe, Ask, and Respond to Health and Wellness Act of 2017 or the SOAR to Health and Wellness Act of 2017</strong></p> <p>(Sec. 3) This bill directs the Department of Health and Human Services (HHS) to establish a program, to be known as the Stop, Observe, Ask, and Respond to Health and Wellness Training Program&nbsp;or the SOAR to Health and Wellness Training Program, to train health care providers and other related providers to:</p> <ul> <li>identify potential human trafficking victims, </li> <li>work with law enforcement to report and facilitate communication with such victims, </li> <li>refer victims to social or victims service agencies or organizations, </li> <li>provide such victims with coordinated care tailored to their circumstances, and </li> <li>consider integrating this training with existing training programs. </li></ul> <p>The program must include the functions of the training program with the same name that was operating before this bill's enactment and the following initiatives:</p> <ul> <li>engaging stakeholders to develop a flexible training module, </li> <li>providing technical assistance to health education programs and health care professional organizations, </li> <li>facilitating the dissemination of best practices, and <strike></strike></li> <li><strike></strike>developing a methodology for collecting and reporting data on the number of human trafficking victims served in health care settings or other related provider settings. </li></ul> <p>(Sec. 4) HHS must report the number of grantees operating under the program, the number of providers trained through the program, and numbers for the program operating before this program.</p> <p>(Sec. 5) The bill authorizes appropriations for the program through FY2022.</p>]]></text>
          <lastSummaryUpdateDate>2017-12-29T17:40:43Z</lastSummaryUpdateDate>
          <name>Reported to House with amendment(s)</name>
          <versionCode>17</versionCode>
          <updateDate>2017-09-25T14:20:39Z</updateDate>
          <actionDate>2017-09-25</actionDate>
        </item>
      </billSummaries>
    </summaries>
    <cboCostEstimates>
      <item>
        <title>H.R. 767, SOAR to Health and Wellness Act of 2017</title>
        <pubDate>2017-09-08T21:22:00Z</pubDate>
        <url>https://www.cbo.gov/publication/53087</url>
      </item>
    </cboCostEstimates>
    <policyArea>
      <name>Health</name>
    </policyArea>
    <calendarNumbers>
      <item>
        <number />
        <calendar>U00237</calendar>
      </item>
    </calendarNumbers>
    <relatedBills>
      <item>
        <number>256</number>
        <latestAction>
          <actionDate>2017-02-01</actionDate>
          <text>Read twice and referred to the Committee on Health, Education, Labor, and Pensions.</text>
        </latestAction>
        <relationshipDetails>
          <item>
            <identifiedBy>CRS</identifiedBy>
            <type>Related bill</type>
          </item>
        </relationshipDetails>
        <latestTitle>SOAR to Health and Wellness Act of 2017</latestTitle>
        <type>S</type>
        <congress>115</congress>
      </item>
    </relatedBills>
    <originChamber>House</originChamber>
    <amendments />
    <titles>
      <item>
        <title>SOAR to Health and Wellness Act of 2018</title>
        <titleType>Short Titles as Passed House</titleType>
        <parentTitleType>Short Titles House of Representatives</parentTitleType>
        <chamberCode>H</chamberCode>
        <chamberName>House</chamberName>
      </item>
      <item>
        <title>Stop, Observe, Ask, and Respond to Health and Wellness Act of 2018</title>
        <titleType>Short Titles as Passed House</titleType>
        <parentTitleType>Short Titles House of Representatives</parentTitleType>
        <chamberCode>H</chamberCode>
        <chamberName>House</chamberName>
      </item>
      <item>
        <title>SOAR to Health and Wellness Act of 2017</title>
        <titleType>Short Titles as Reported to House</titleType>
        <parentTitleType>Short Titles House of Representatives</parentTitleType>
        <chamberCode>H</chamberCode>
        <chamberName>House</chamberName>
      </item>
      <item>
        <title>Stop, Observe, Ask, and Respond to Health and Wellness Act of 2017</title>
        <titleType>Short Titles as Reported to House</titleType>
        <parentTitleType>Short Titles House of Representatives</parentTitleType>
        <chamberCode>H</chamberCode>
        <chamberName>House</chamberName>
      </item>
      <item>
        <title>SOAR to Health and Wellness Act of 2017</title>
        <titleType>Short Titles as Introduced</titleType>
        <parentTitleType />
        <chamberCode />
        <chamberName />
      </item>
      <item>
        <title>To establish the Stop, Observe, Ask, and Respond to Health and Wellness Training pilot program to address human trafficking in the health care system.</title>
        <titleType>Official Title as Introduced</titleType>
        <parentTitleType />
        <chamberCode />
        <chamberName />
      </item>
      <item>
        <title>SOAR to Health and Wellness Act of 2018</title>
        <titleType>Display Title</titleType>
        <parentTitleType />
        <chamberCode />
        <chamberName />
      </item>
      <item>
        <title>SOAR to Health and Wellness Act of 2018</title>
        <titleType>(Extracted from GPO) Short Titles as Passed House</titleType>
        <parentTitleType />
        <chamberCode>H</chamberCode>
        <chamberName>House</chamberName>
      </item>
      <item>
        <title>Stop, Observe, Ask, and Respond to Health and Wellness Act of 2018</title>
        <titleType>(Extracted from GPO) Short Titles as Passed House</titleType>
        <parentTitleType />
        <chamberCode>H</chamberCode>
        <chamberName>House</chamberName>
      </item>
      <item>
        <title>SOAR to Health and Wellness Act of 2017</title>
        <titleType>(Extracted from GPO) Short Titles as Reported to House</titleType>
        <parentTitleType />
        <chamberCode>H</chamberCode>
        <chamberName>House</chamberName>
      </item>
      <item>
        <title>Stop, Observe, Ask, and Respond to Health and Wellness Act of 2017</title>
        <titleType>(Extracted from GPO) Short Titles as Reported to House</titleType>
        <parentTitleType />
        <chamberCode>H</chamberCode>
        <chamberName>House</chamberName>
      </item>
      <item>
        <title>SOAR to Health and Wellness Act of 2017</title>
        <titleType>(Extracted from GPO) Short Titles as Introduced</titleType>
        <parentTitleType />
        <chamberCode />
        <chamberName />
      </item>
    </titles>
    <createDate>2017-02-01T04:48:47Z</createDate>
    <constitutionalAuthorityStatementText><![CDATA[<pre>[Congressional Record Volume 163, Number 16 (Tuesday, January 31, 2017)]From the Congressional Record Online through the Government Publishing Office [<a href='http://www.gpo.gov'>www.gpo.gov</a>]By Mr. COHEN:H.R. 767.Congress has the power to enact this legislation pursuantto the following:Article 1, Section 8[Page H820]</pre>]]></constitutionalAuthorityStatementText>
    <actions>
      <actionTypeCounts>
        <motionMadeToSuspendTheRules>1</motionMadeToSuspendTheRules>
        <billReferrals>1</billReferrals>
        <designationOfSpeakerProTempore>1</designationOfSpeakerProTempore>
        <passedAgreedToInHouse>1</passedAgreedToInHouse>
        <referredToCommittee>1</referredToCommittee>
        <motionToReconsiderResults>1</motionToReconsiderResults>
        <considerationByHouse>1</considerationByHouse>
        <introducedInHouse>1</introducedInHouse>
        <generalDebate>1</generalDebate>
        <reportedToHouse>1</reportedToHouse>
        <committeeReportOfABill>1</committeeReportOfABill>
        <unionCalendarAssignment>1</unionCalendarAssignment>
        <introducedInTheHouse>1</introducedInTheHouse>
        <placeholderTextForB>1</placeholderTextForB>
        <finalPassageUnderSuspensionOfTheRulesResults>1</finalPassageUnderSuspensionOfTheRulesResults>
        <actionStageOverride>1</actionStageOverride>
        <placeholderTextForH>3</placeholderTextForH>
      </actionTypeCounts>
      <item>
        <actionDate>2018-02-27</actionDate>
        <committee>
          <name>Health, Education, Labor, and Pensions Committee</name>
          <systemCode>sshr00</systemCode>
        </committee>
        <links />
        <sourceSystem>
          <code>0</code>
          <name>Senate</name>
        </sourceSystem>
        <text>Received in the Senate and Read twice and referred to the Committee on Health, Education, Labor, and Pensions.</text>
        <type>IntroReferral</type>
      </item>
      <item>
        <text>Motion to reconsider laid on the table Agreed to without objection.</text>
        <type>Floor</type>
        <actionTime>17:09:31</actionTime>
        <actionDate>2018-02-26</actionDate>
        <links />
        <committee />
        <sourceSystem>
          <code>2</code>
          <name>House floor actions</name>
        </sourceSystem>
        <actionCode>H38310</actionCode>
      </item>
      <item>
        <text>On motion to suspend the rules and pass the bill, as amended Agreed to by voice vote. (text: CR H1234-1235)</text>
        <type>Floor</type>
        <actionTime>17:09:29</actionTime>
        <actionDate>2018-02-26</actionDate>
        <links>
          <link>
            <name>H1234-1235</name>
            <url>https://www.congress.gov/congressional-record/volume-164/house-section/page/H1234-1235</url>
          </link>
        </links>
        <committee />
        <sourceSystem>
          <code>2</code>
          <name>House floor actions</name>
        </sourceSystem>
        <actionCode>H37300</actionCode>
      </item>
      <item>
        <text>Passed/agreed to in House: On motion to suspend the rules and pass the bill, as amended Agreed to by voice vote.</text>
        <type>Floor</type>
        <actionTime>17:09:29</actionTime>
        <actionDate>2018-02-26</actionDate>
        <links />
        <committee />
        <sourceSystem>
          <code>9</code>
          <name>Library of Congress</name>
        </sourceSystem>
        <actionCode>8000</actionCode>
      </item>
      <item>
        <text>DEBATE - The House proceeded with forty minutes of debate on H.R. 767.</text>
        <type>Floor</type>
        <actionTime>17:00:18</actionTime>
        <actionDate>2018-02-26</actionDate>
        <links>
          <link>
            <name>H.R. 767</name>
            <url>https://www.congress.gov/bill/115th-congress/house-bill/767</url>
          </link>
        </links>
        <committee />
        <sourceSystem>
          <code>2</code>
          <name>House floor actions</name>
        </sourceSystem>
        <actionCode>H8D000</actionCode>
      </item>
      <item>
        <text>Considered under suspension of the rules. (consideration: CR H1234-1236)</text>
        <type>Floor</type>
        <actionTime>17:00:15</actionTime>
        <actionDate>2018-02-26</actionDate>
        <links>
          <link>
            <name>H1234-1236</name>
            <url>https://www.congress.gov/congressional-record/volume-164/house-section/page/H1234-1236</url>
          </link>
        </links>
        <committee />
        <sourceSystem>
          <code>2</code>
          <name>House floor actions</name>
        </sourceSystem>
        <actionCode>H30000</actionCode>
      </item>
      <item>
        <text>Mr. Burgess moved to suspend the rules and pass the bill, as amended.</text>
        <type>Floor</type>
        <actionTime>17:00:00</actionTime>
        <actionDate>2018-02-26</actionDate>
        <links />
        <committee />
        <sourceSystem>
          <code>2</code>
          <name>House floor actions</name>
        </sourceSystem>
        <actionCode>H30300</actionCode>
      </item>
      <item>
        <text>Placed on the Union Calendar, Calendar No. 237.</text>
        <type>Calendars</type>
        <actionDate>2017-09-25</actionDate>
        <links />
        <committee />
        <sourceSystem>
          <code>2</code>
          <name>House floor actions</name>
        </sourceSystem>
        <actionCode>H12410</actionCode>
      </item>
      <item>
        <text>Reported (Amended) by the Committee on Energy and Commerce. H. Rept. 115-327.</text>
        <type>Committee</type>
        <actionDate>2017-09-25</actionDate>
        <links>
          <link>
            <name>H. Rept. 115-327</name>
            <url>https://www.congress.gov/congressional-report/115th-congress/house-report/327</url>
          </link>
        </links>
        <committee>
          <name>Energy and Commerce Committee</name>
          <systemCode>hsif00</systemCode>
        </committee>
        <sourceSystem>
          <code>2</code>
          <name>House floor actions</name>
        </sourceSystem>
        <actionCode>H12200</actionCode>
      </item>
      <item>
        <text>Reported (Amended) by the Committee on Energy and Commerce. H. Rept. 115-327.</text>
        <type>Committee</type>
        <actionDate>2017-09-25</actionDate>
        <links>
          <link>
            <name>H. Rept. 115-327</name>
            <url>https://www.congress.gov/congressional-report/115th-congress/house-report/327</url>
          </link>
        </links>
        <committee>
          <name>Energy and Commerce Committee</name>
          <systemCode>hsif00</systemCode>
        </committee>
        <sourceSystem>
          <code>9</code>
          <name>Library of Congress</name>
        </sourceSystem>
        <actionCode>5000</actionCode>
      </item>
      <item>
        <actionDate>2017-07-27</actionDate>
        <committee>
          <name>Energy and Commerce Committee</name>
          <systemCode>hsif00</systemCode>
        </committee>
        <links />
        <sourceSystem>
          <code>1</code>
          <name>House committee actions</name>
        </sourceSystem>
        <text>Ordered to be Reported (Amended) by Voice Vote.</text>
        <type>Committee</type>
      </item>
      <item>
        <actionDate>2017-07-27</actionDate>
        <committee>
          <name>Energy and Commerce Committee</name>
          <systemCode>hsif00</systemCode>
        </committee>
        <links />
        <sourceSystem>
          <code>1</code>
          <name>House committee actions</name>
        </sourceSystem>
        <text>Committee Consideration and Mark-up Session Held.</text>
        <type>Committee</type>
      </item>
      <item>
        <actionDate>2017-06-29</actionDate>
        <committee>
          <name>Health Subcommittee</name>
          <systemCode>hsif14</systemCode>
        </committee>
        <links />
        <sourceSystem>
          <code>1</code>
          <name>House committee actions</name>
        </sourceSystem>
        <text>Forwarded by Subcommittee to Full Committee (Amended) by Voice Vote .</text>
        <type>Committee</type>
      </item>
      <item>
        <actionDate>2017-06-29</actionDate>
        <committee>
          <name>Health Subcommittee</name>
          <systemCode>hsif14</systemCode>
        </committee>
        <links />
        <sourceSystem>
          <code>1</code>
          <name>House committee actions</name>
        </sourceSystem>
        <text>Subcommittee Consideration and Mark-up Session Held.</text>
        <type>Committee</type>
      </item>
      <item>
        <actionDate>2017-02-03</actionDate>
        <committee>
          <name>Health Subcommittee</name>
          <systemCode>hsif14</systemCode>
        </committee>
        <links />
        <sourceSystem>
          <code>1</code>
          <name>House committee actions</name>
        </sourceSystem>
        <text>Referred to the Subcommittee on Health.</text>
        <type>Committee</type>
      </item>
      <item>
        <text>Referred to the House Committee on Energy and Commerce.</text>
        <type>IntroReferral</type>
        <actionDate>2017-01-31</actionDate>
        <links />
        <committee>
          <name>Energy and Commerce Committee</name>
          <systemCode>hsif00</systemCode>
        </committee>
        <sourceSystem>
          <code>2</code>
          <name>House floor actions</name>
        </sourceSystem>
        <actionCode>H11100</actionCode>
      </item>
      <item>
        <text>Sponsor introductory remarks on measure. (CR E107)</text>
        <type>IntroReferral</type>
        <actionDate>2017-01-31</actionDate>
        <links>
          <link>
            <name>E107</name>
            <url>https://www.congress.gov/congressional-record/volume-163/extensions-of-remarks-section/page/E107</url>
          </link>
        </links>
        <committee />
        <sourceSystem>
          <code>9</code>
          <name>Library of Congress</name>
        </sourceSystem>
        <actionCode>B00100</actionCode>
      </item>
      <item>
        <text>Introduced in House</text>
        <type>IntroReferral</type>
        <actionDate>2017-01-31</actionDate>
        <links />
        <committee />
        <sourceSystem>
          <code>9</code>
          <name>Library of Congress</name>
        </sourceSystem>
        <actionCode>Intro-H</actionCode>
      </item>
      <item>
        <text>Introduced in House</text>
        <type>IntroReferral</type>
        <actionDate>2017-01-31</actionDate>
        <links />
        <committee />
        <sourceSystem>
          <code>9</code>
          <name>Library of Congress</name>
        </sourceSystem>
        <actionCode>1000</actionCode>
      </item>
      <actionByCounts>
        <senate>1</senate>
        <houseOfRepresentatives>17</houseOfRepresentatives>
      </actionByCounts>
    </actions>
    <laws />
    <version>1.0.0</version>
    <cosponsors>
      <item>
        <bioguideId>K000378</bioguideId>
        <sponsorshipDate>2017-01-31</sponsorshipDate>
        <party>R</party>
        <firstName>Adam</firstName>
        <fullName>Rep. Kinzinger, Adam [R-IL-16]</fullName>
        <lastName>Kinzinger</lastName>
        <identifiers>
          <bioguideId>K000378</bioguideId>
          <lisID>2014</lisID>
          <gpoId>7931</gpoId>
        </identifiers>
        <sponsorshipWithdrawnDate />
        <district>16</district>
        <state>IL</state>
        <isOriginalCosponsor>True</isOriginalCosponsor>
        <middleName />
      </item>
      <item>
        <bioguideId>C001097</bioguideId>
        <sponsorshipDate>2017-01-31</sponsorshipDate>
        <party>D</party>
        <firstName>Tony</firstName>
        <fullName>Rep. Cardenas, Tony [D-CA-29]</fullName>
        <lastName>Cardenas</lastName>
        <identifiers>
          <bioguideId>C001097</bioguideId>
          <gpoId />
          <lisID>2107</lisID>
        </identifiers>
        <sponsorshipWithdrawnDate />
        <district>29</district>
        <state>CA</state>
        <isOriginalCosponsor>True</isOriginalCosponsor>
        <middleName />
      </item>
      <item>
        <bioguideId>W000812</bioguideId>
        <sponsorshipDate>2017-01-31</sponsorshipDate>
        <party>R</party>
        <firstName>Ann</firstName>
        <fullName>Rep. Wagner, Ann [R-MO-2]</fullName>
        <lastName>Wagner</lastName>
        <identifiers>
          <lisID>2137</lisID>
          <gpoId />
          <bioguideId>W000812</bioguideId>
        </identifiers>
        <sponsorshipWithdrawnDate />
        <district>2</district>
        <state>MO</state>
        <isOriginalCosponsor>True</isOriginalCosponsor>
        <middleName />
      </item>
      <item>
        <bioguideId>M001181</bioguideId>
        <sponsorshipDate>2017-05-16</sponsorshipDate>
        <party>R</party>
        <firstName>Patrick</firstName>
        <fullName>Rep. Meehan, Patrick [R-PA-7]</fullName>
        <lastName>Meehan</lastName>
        <identifiers>
          <lisID>2052</lisID>
          <gpoId>8125</gpoId>
          <bioguideId>M001181</bioguideId>
        </identifiers>
        <sponsorshipWithdrawnDate />
        <district>7</district>
        <state>PA</state>
        <isOriginalCosponsor>False</isOriginalCosponsor>
        <middleName />
      </item>
      <item>
        <bioguideId>K000382</bioguideId>
        <sponsorshipDate>2017-06-27</sponsorshipDate>
        <party>D</party>
        <firstName>Ann</firstName>
        <fullName>Rep. Kuster, Ann M. [D-NH-2]</fullName>
        <lastName>Kuster</lastName>
        <identifiers>
          <lisID>2145</lisID>
          <gpoId />
          <bioguideId>K000382</bioguideId>
        </identifiers>
        <sponsorshipWithdrawnDate />
        <district>2</district>
        <state>NH</state>
        <isOriginalCosponsor>False</isOriginalCosponsor>
        <middleName>M.</middleName>
      </item>
      <item>
        <bioguideId>H001067</bioguideId>
        <sponsorshipDate>2017-06-27</sponsorshipDate>
        <party>R</party>
        <firstName>Richard</firstName>
        <fullName>Rep. Hudson, Richard [R-NC-8]</fullName>
        <lastName>Hudson</lastName>
        <identifiers>
          <gpoId />
          <lisID>2140</lisID>
          <bioguideId>H001067</bioguideId>
        </identifiers>
        <sponsorshipWithdrawnDate />
        <district>8</district>
        <state>NC</state>
        <isOriginalCosponsor>False</isOriginalCosponsor>
        <middleName />
      </item>
      <item>
        <bioguideId>E000215</bioguideId>
        <sponsorshipDate>2017-06-29</sponsorshipDate>
        <party>D</party>
        <firstName>ANNA</firstName>
        <fullName>Rep. Eshoo, Anna G. [D-CA-18]</fullName>
        <lastName>ESHOO</lastName>
        <identifiers>
          <bioguideId>E000215</bioguideId>
          <gpoId>7819</gpoId>
          <lisID>355</lisID>
        </identifiers>
        <sponsorshipWithdrawnDate />
        <district>18</district>
        <state>CA</state>
        <isOriginalCosponsor>False</isOriginalCosponsor>
        <middleName>G.</middleName>
      </item>
      <item>
        <bioguideId>C001066</bioguideId>
        <sponsorshipDate>2017-06-29</sponsorshipDate>
        <party>D</party>
        <firstName>Kathy</firstName>
        <fullName>Rep. Castor, Kathy [D-FL-14]</fullName>
        <lastName>Castor</lastName>
        <identifiers>
          <gpoId>7883</gpoId>
          <bioguideId>C001066</bioguideId>
          <lisID>1839</lisID>
        </identifiers>
        <sponsorshipWithdrawnDate />
        <district>14</district>
        <state>FL</state>
        <isOriginalCosponsor>False</isOriginalCosponsor>
        <middleName />
      </item>
      <item>
        <bioguideId>B000574</bioguideId>
        <sponsorshipDate>2017-07-27</sponsorshipDate>
        <party>D</party>
        <firstName>EARL</firstName>
        <fullName>Rep. Blumenauer, Earl [D-OR-3]</fullName>
        <lastName>BLUMENAUER</lastName>
        <identifiers>
          <gpoId>8116</gpoId>
          <bioguideId>B000574</bioguideId>
          <lisID>99</lisID>
        </identifiers>
        <sponsorshipWithdrawnDate />
        <district>3</district>
        <state>OR</state>
        <isOriginalCosponsor>False</isOriginalCosponsor>
        <middleName />
      </item>
      <item>
        <bioguideId>B001281</bioguideId>
        <sponsorshipDate>2017-09-01</sponsorshipDate>
        <party>D</party>
        <firstName>Joyce</firstName>
        <fullName>Rep. Beatty, Joyce [D-OH-3]</fullName>
        <lastName>Beatty</lastName>
        <identifiers>
          <gpoId />
          <bioguideId>B001281</bioguideId>
          <lisID>2153</lisID>
        </identifiers>
        <sponsorshipWithdrawnDate />
        <district>3</district>
        <state>OH</state>
        <isOriginalCosponsor>False</isOriginalCosponsor>
        <middleName />
      </item>
      <item>
        <bioguideId>L000397</bioguideId>
        <sponsorshipDate>2017-09-13</sponsorshipDate>
        <party>D</party>
        <firstName>ZOE</firstName>
        <fullName>Rep. Lofgren, Zoe [D-CA-19]</fullName>
        <lastName>LOFGREN</lastName>
        <identifiers>
          <lisID>701</lisID>
          <gpoId>7821</gpoId>
          <bioguideId>L000397</bioguideId>
        </identifiers>
        <sponsorshipWithdrawnDate />
        <district>19</district>
        <state>CA</state>
        <isOriginalCosponsor>False</isOriginalCosponsor>
        <middleName />
      </item>
    </cosponsors>
    <billNumber>767</billNumber>
    <committeeReports>
      <committeeReport>
        <citation>H. Rept. 115-327</citation>
      </committeeReport>
    </committeeReports>
    <notes />
    <latestAction>
      <actionDate>2018-02-27</actionDate>
      <text>Received in the Senate and Read twice and referred to the Committee on Health, Education, Labor, and Pensions.</text>
      <links />
    </latestAction>
    <committees>
      <billCommittees>
        <item>
          <type>Standing</type>
          <subcommittees />
          <name>Health, Education, Labor, and Pensions Committee</name>
          <activities>
            <item>
              <date>2018-02-27T18:20:54Z</date>
              <name>Referred to</name>
            </item>
          </activities>
          <systemCode>sshr00</systemCode>
          <chamber>Senate</chamber>
        </item>
        <item>
          <type>Standing</type>
          <subcommittees>
            <item>
              <systemCode>hsif14</systemCode>
              <name>Health Subcommittee</name>
              <activities>
                <item>
                  <date>2017-06-29T15:32:38Z</date>
                  <name>Reported by</name>
                </item>
                <item>
                  <date>2017-06-29T15:30:58Z</date>
                  <name>Markup by</name>
                </item>
                <item>
                  <date>2017-02-03T15:57:40Z</date>
                  <name>Referred to</name>
                </item>
              </activities>
            </item>
          </subcommittees>
          <name>Energy and Commerce Committee</name>
          <activities>
            <item>
              <date>2017-09-25T19:08:22Z</date>
              <name>Reported by</name>
            </item>
            <item>
              <date>2017-07-27T18:51:12Z</date>
              <name>Markup by</name>
            </item>
            <item>
              <date>2017-01-31T15:01:05Z</date>
              <name>Referred to</name>
            </item>
          </activities>
          <systemCode>hsif00</systemCode>
          <chamber>House</chamber>
        </item>
      </billCommittees>
    </committees>
    <updateDate>2018-03-30T14:01:13Z</updateDate>
    <title>SOAR to Health and Wellness Act of 2018</title>
    <sponsors>
      <item>
        <fullName>Rep. Cohen, Steve [D-TN-9]</fullName>
        <state>TN</state>
        <lastName>Cohen</lastName>
        <bioguideId>C001068</bioguideId>
        <district>9</district>
        <middleName />
        <byRequestType />
        <party>D</party>
        <identifiers>
          <lisID>1878</lisID>
          <gpoId>8156</gpoId>
          <bioguideId>C001068</bioguideId>
        </identifiers>
        <firstName>Steve</firstName>
      </item>
    </sponsors>
    <congress>115</congress>
    <recordedVotes />
    <subjects>
      <billSubjects>
        <legislativeSubjects>
          <item>
            <name>Crime victims</name>
          </item>
          <item>
            <name>Criminal investigation, prosecution, interrogation</name>
          </item>
          <item>
            <name>Criminal justice information and records</name>
          </item>
          <item>
            <name>Emergency medical services and trauma care</name>
          </item>
          <item>
            <name>Health facilities and institutions</name>
          </item>
          <item>
            <name>Health information and medical records</name>
          </item>
          <item>
            <name>Health personnel</name>
          </item>
          <item>
            <name>Health programs administration and funding</name>
          </item>
          <item>
            <name>Health promotion and preventive care</name>
          </item>
          <item>
            <name>Human trafficking</name>
          </item>
          <item>
            <name>Medical education</name>
          </item>
        </legislativeSubjects>
        <policyArea>
          <name>Health</name>
        </policyArea>
      </billSubjects>
    </subjects>
  </bill>
  <dublinCore xmlns:dc="http://purl.org/dc/elements/1.1/">
    <dc:format>text/xml</dc:format>
    <dc:language>EN</dc:language>
    <dc:rights>Pursuant to Title 17 Section 105 of the United States Code, this file is not subject to copyright protection and is in the public domain.</dc:rights>
    <dc:contributor>Congressional Research Service, Library of Congress</dc:contributor>
    <dc:description>This file contains bill summaries and statuses for federal legislation. A bill summary describes the most significant provisions of a piece of legislation and details the effects the legislative text may have on current law and federal programs. Bill summaries are authored by the Congressional Research Service (CRS) of the Library of Congress. As stated in Public Law 91-510 (2 USC 166 (d)(6)), one of the duties of CRS is "to prepare summaries and digests of bills and resolutions of a public general nature introduced in the Senate or House of Representatives". For more information, refer to the User Guide that accompanies this file.</dc:description>
  </dublinCore>
</billStatus>

