<?xml version="1.0" encoding="UTF-8"?>
<billStatus>
  <bill>
    <createDate>2017-01-12T04:45:50Z</createDate>
    <billType>HR</billType>
    <originChamber>House</originChamber>
    <titles>
      <item>
        <titleType>Official Title as Introduced</titleType>
        <chamberCode />
        <parentTitleType />
        <chamberName />
        <title>To designate the United States courthouse located at 501 East Court Street in Jackson, Mississippi, as the "R. Jess Brown United States Courthouse".</title>
      </item>
      <item>
        <titleType>Display Title</titleType>
        <chamberCode />
        <parentTitleType />
        <chamberName />
        <title>To designate the United States courthouse located at 501 East Court Street in Jackson, Mississippi, as the "R. Jess Brown United States Courthouse".</title>
      </item>
    </titles>
    <recordedVotes />
    <committees>
      <billCommittees>
        <item>
          <name>Environment and Public Works Committee</name>
          <subcommittees />
          <systemCode>ssev00</systemCode>
          <chamber>Senate</chamber>
          <activities>
            <item>
              <date>2017-04-26T15:49:00Z</date>
              <name>Referred to</name>
            </item>
          </activities>
          <type>Standing</type>
        </item>
        <item>
          <name>Transportation and Infrastructure Committee</name>
          <subcommittees>
            <item>
              <systemCode>hspw13</systemCode>
              <name>Economic Development, Public Buildings and Emergency Management Subcommittee</name>
              <activities>
                <item>
                  <date>2017-03-29T14:05:49Z</date>
                  <name>Discharged from</name>
                </item>
                <item>
                  <date>2017-01-12T22:37:59Z</date>
                  <name>Referred to</name>
                </item>
              </activities>
            </item>
          </subcommittees>
          <systemCode>hspw00</systemCode>
          <chamber>House</chamber>
          <activities>
            <item>
              <date>2017-04-06T15:11:58Z</date>
              <name>Reported by</name>
            </item>
            <item>
              <date>2017-03-29T14:35:48Z</date>
              <name>Markup by</name>
            </item>
            <item>
              <date>2017-01-11T15:02:45Z</date>
              <name>Referred to</name>
            </item>
          </activities>
          <type>Standing</type>
        </item>
      </billCommittees>
    </committees>
    <latestAction>
      <text>Received in the Senate and Read twice and referred to the Committee on Environment and Public Works.</text>
      <actionDate>2017-04-26</actionDate>
      <links />
    </latestAction>
    <billNumber>455</billNumber>
    <notes />
    <committeeReports>
      <committeeReport>
        <citation>H. Rept. 115-84</citation>
      </committeeReport>
    </committeeReports>
    <constitutionalAuthorityStatementText><![CDATA[<pre>From the Congressional Record Online through the Government Publishing Office [<a href='http://www.gpo.gov'>www.gpo.gov</a>]By Mr. THOMPSON of Mississippi:H.R. 455.Congress has the power to enact this legislation pursuantto the following:Clause 2 of Section 3 of Article IV of the Constitution:The Congress shall have Power to dispose of and make allneedful Rules and Regulations respecting the Territory orother Property belonging to the United States; and nothing inthis Constitution shall be so construed as to Prejudice anyClaims of the United States, or of any particular State.[Page H392]</pre>]]></constitutionalAuthorityStatementText>
    <cosponsors />
    <cboCostEstimates>
      <item>
        <title>H.R. 455, a bill to designate the United States Courthouse located at 501 East Court Street in Jackson, Mississippi, as the “R. Jess Brown United States Courthouse”</title>
        <url>https://www.cbo.gov/publication/52569</url>
        <pubDate>2017-04-04T17:56:00Z</pubDate>
      </item>
    </cboCostEstimates>
    <sponsors>
      <item>
        <state>MS</state>
        <bioguideId>T000193</bioguideId>
        <fullName>Rep. Thompson, Bennie G. [D-MS-2]</fullName>
        <identifiers>
          <bioguideId>T000193</bioguideId>
          <lisID>1151</lisID>
          <gpoId>8020</gpoId>
        </identifiers>
        <middleName />
        <firstName>BENNIE</firstName>
        <district>2</district>
        <lastName>THOMPSON</lastName>
        <byRequestType />
        <party>D</party>
      </item>
    </sponsors>
    <actions>
      <actionTypeCounts>
        <committeeReportOfABill>1</committeeReportOfABill>
        <considerationByHouse>1</considerationByHouse>
        <passedAgreedToInHouse>1</passedAgreedToInHouse>
        <referredToCommittee>1</referredToCommittee>
        <actionStageOverride>1</actionStageOverride>
        <motionMadeToSuspendTheRules>1</motionMadeToSuspendTheRules>
        <reportedToHouse>1</reportedToHouse>
        <placeholderTextForH>3</placeholderTextForH>
        <introducedInHouse>1</introducedInHouse>
        <billReferrals>1</billReferrals>
        <finalPassageUnderSuspensionOfTheRulesResults>1</finalPassageUnderSuspensionOfTheRulesResults>
        <generalDebate>1</generalDebate>
        <houseCalendarAssignment>1</houseCalendarAssignment>
        <motionToReconsiderResults>1</motionToReconsiderResults>
        <introducedInTheHouse>1</introducedInTheHouse>
      </actionTypeCounts>
      <item>
        <actionDate>2017-04-26</actionDate>
        <committee>
          <systemCode>ssev00</systemCode>
          <name>Environment and Public Works Committee</name>
        </committee>
        <links />
        <sourceSystem>
          <code>0</code>
          <name>Senate</name>
        </sourceSystem>
        <text>Received in the Senate and Read twice and referred to the Committee on Environment and Public Works.</text>
        <type>IntroReferral</type>
      </item>
      <item>
        <actionDate>2017-04-25</actionDate>
        <type>Floor</type>
        <links />
        <committee />
        <actionCode>H38310</actionCode>
        <actionTime>16:58:20</actionTime>
        <text>Motion to reconsider laid on the table Agreed to without objection.</text>
        <sourceSystem>
          <code>2</code>
          <name>House floor actions</name>
        </sourceSystem>
      </item>
      <item>
        <actionDate>2017-04-25</actionDate>
        <type>Floor</type>
        <links>
          <link>
            <url>https://www.congress.gov/congressional-record/volume-163/house-section/page/H2822</url>
            <name>H2822</name>
          </link>
        </links>
        <committee />
        <actionCode>H37300</actionCode>
        <actionTime>16:58:19</actionTime>
        <text>On motion to suspend the rules and pass the bill Agreed to by voice vote. (text: CR H2822)</text>
        <sourceSystem>
          <code>2</code>
          <name>House floor actions</name>
        </sourceSystem>
      </item>
      <item>
        <actionDate>2017-04-25</actionDate>
        <type>Floor</type>
        <links />
        <committee />
        <actionCode>8000</actionCode>
        <actionTime>16:58:19</actionTime>
        <text>Passed/agreed to in House: On motion to suspend the rules and pass the bill Agreed to by voice vote.</text>
        <sourceSystem>
          <code>9</code>
          <name>Library of Congress</name>
        </sourceSystem>
      </item>
      <item>
        <actionDate>2017-04-25</actionDate>
        <type>Floor</type>
        <links>
          <link>
            <url>https://www.congress.gov/bill/115th-congress/house-bill/455</url>
            <name>H.R. 455</name>
          </link>
        </links>
        <committee />
        <actionCode>H8D000</actionCode>
        <actionTime>16:47:56</actionTime>
        <text>DEBATE - The House proceeded with forty minutes of debate on H.R. 455.</text>
        <sourceSystem>
          <code>2</code>
          <name>House floor actions</name>
        </sourceSystem>
      </item>
      <item>
        <actionDate>2017-04-25</actionDate>
        <type>Floor</type>
        <links>
          <link>
            <url>https://www.congress.gov/congressional-record/volume-163/house-section/page/H2822-2823</url>
            <name>H2822-2823</name>
          </link>
        </links>
        <committee />
        <actionCode>H30000</actionCode>
        <actionTime>16:47:54</actionTime>
        <text>Considered under suspension of the rules. (consideration: CR H2822-2823)</text>
        <sourceSystem>
          <code>2</code>
          <name>House floor actions</name>
        </sourceSystem>
      </item>
      <item>
        <actionDate>2017-04-25</actionDate>
        <type>Floor</type>
        <links />
        <committee />
        <actionCode>H30300</actionCode>
        <actionTime>16:47:44</actionTime>
        <text>Mr. Ferguson moved to suspend the rules and pass the bill.</text>
        <sourceSystem>
          <code>2</code>
          <name>House floor actions</name>
        </sourceSystem>
      </item>
      <item>
        <actionDate>2017-04-06</actionDate>
        <type>Calendars</type>
        <links />
        <committee />
        <actionCode>H12420</actionCode>
        <text>Placed on the House Calendar, Calendar No. 36.</text>
        <sourceSystem>
          <code>2</code>
          <name>House floor actions</name>
        </sourceSystem>
      </item>
      <item>
        <actionDate>2017-04-06</actionDate>
        <type>Committee</type>
        <links>
          <link>
            <url>https://www.congress.gov/congressional-report/115th-congress/house-report/84</url>
            <name>H. Rept. 115-84</name>
          </link>
        </links>
        <committee>
          <systemCode>hspw00</systemCode>
          <name>Transportation and Infrastructure Committee</name>
        </committee>
        <actionCode>H12200</actionCode>
        <text>Reported by the Committee on Transportation and Infrastructure. H. Rept. 115-84.</text>
        <sourceSystem>
          <code>2</code>
          <name>House floor actions</name>
        </sourceSystem>
      </item>
      <item>
        <actionDate>2017-04-06</actionDate>
        <type>Committee</type>
        <links>
          <link>
            <url>https://www.congress.gov/congressional-report/115th-congress/house-report/84</url>
            <name>H. Rept. 115-84</name>
          </link>
        </links>
        <committee>
          <systemCode>hspw00</systemCode>
          <name>Transportation and Infrastructure Committee</name>
        </committee>
        <actionCode>5000</actionCode>
        <text>Reported by the Committee on Transportation and Infrastructure. H. Rept. 115-84.</text>
        <sourceSystem>
          <code>9</code>
          <name>Library of Congress</name>
        </sourceSystem>
      </item>
      <item>
        <actionDate>2017-03-29</actionDate>
        <committee>
          <systemCode>hspw00</systemCode>
          <name>Transportation and Infrastructure Committee</name>
        </committee>
        <links />
        <sourceSystem>
          <code>1</code>
          <name>House committee actions</name>
        </sourceSystem>
        <text>Ordered to be Reported by Voice Vote.</text>
        <type>Committee</type>
      </item>
      <item>
        <actionDate>2017-03-29</actionDate>
        <committee>
          <systemCode>hspw00</systemCode>
          <name>Transportation and Infrastructure Committee</name>
        </committee>
        <links />
        <sourceSystem>
          <code>1</code>
          <name>House committee actions</name>
        </sourceSystem>
        <text>Committee Consideration and Mark-up Session Held.</text>
        <type>Committee</type>
      </item>
      <item>
        <actionDate>2017-03-29</actionDate>
        <committee>
          <systemCode>hspw00</systemCode>
          <name>Transportation and Infrastructure Committee</name>
        </committee>
        <links />
        <sourceSystem>
          <code>1</code>
          <name>House committee actions</name>
        </sourceSystem>
        <text>Subcommittee on Economic Development, Public Buildings and Emergency Management Discharged.</text>
        <type>Committee</type>
      </item>
      <item>
        <actionDate>2017-01-12</actionDate>
        <committee>
          <systemCode>hspw13</systemCode>
          <name>Economic Development, Public Buildings and Emergency Management Subcommittee</name>
        </committee>
        <links />
        <sourceSystem>
          <code>1</code>
          <name>House committee actions</name>
        </sourceSystem>
        <text>Referred to the Subcommittee on Economic Development, Public Buildings and Emergency Management.</text>
        <type>Committee</type>
      </item>
      <item>
        <actionDate>2017-01-11</actionDate>
        <type>IntroReferral</type>
        <links />
        <committee>
          <systemCode>hspw00</systemCode>
          <name>Transportation and Infrastructure Committee</name>
        </committee>
        <actionCode>H11100</actionCode>
        <text>Referred to the House Committee on Transportation and Infrastructure.</text>
        <sourceSystem>
          <code>2</code>
          <name>House floor actions</name>
        </sourceSystem>
      </item>
      <item>
        <actionDate>2017-01-11</actionDate>
        <type>IntroReferral</type>
        <links />
        <committee />
        <actionCode>Intro-H</actionCode>
        <text>Introduced in House</text>
        <sourceSystem>
          <code>9</code>
          <name>Library of Congress</name>
        </sourceSystem>
      </item>
      <item>
        <actionDate>2017-01-11</actionDate>
        <type>IntroReferral</type>
        <links />
        <committee />
        <actionCode>1000</actionCode>
        <text>Introduced in House</text>
        <sourceSystem>
          <code>9</code>
          <name>Library of Congress</name>
        </sourceSystem>
      </item>
      <actionByCounts>
        <houseOfRepresentatives>16</houseOfRepresentatives>
        <senate>1</senate>
      </actionByCounts>
    </actions>
    <congress>115</congress>
    <policyArea>
      <name>Government Operations and Politics</name>
    </policyArea>
    <subjects>
      <billSubjects>
        <legislativeSubjects>
          <item>
            <name>Congressional tributes</name>
          </item>
          <item>
            <name>Government buildings, facilities, and property</name>
          </item>
          <item>
            <name>Mississippi</name>
          </item>
        </legislativeSubjects>
        <policyArea>
          <name>Government Operations and Politics</name>
        </policyArea>
      </billSubjects>
    </subjects>
    <introducedDate>2017-01-11</introducedDate>
    <laws />
    <summaries>
      <billSummaries>
        <item>
          <actionDesc>Introduced in House</actionDesc>
          <name>Introduced in House</name>
          <actionDate>2017-01-11</actionDate>
          <updateDate>2017-01-11T05:00:00Z</updateDate>
          <versionCode>00</versionCode>
          <text><![CDATA[<p>This bill designates the U.S. courthouse located at 501 East Court Street in Jackson, Mississippi, as the &quot;R. Jess Brown United States Courthouse.&quot;</p>]]></text>
          <lastSummaryUpdateDate>2017-02-01T23:02:55Z</lastSummaryUpdateDate>
        </item>
        <item>
          <actionDesc>Reported to House without amendment</actionDesc>
          <name>Reported to House without amendment</name>
          <actionDate>2017-04-06</actionDate>
          <updateDate>2017-04-06T14:53:36Z</updateDate>
          <versionCode>79</versionCode>
          <text><![CDATA[<p>(This measure has not been amended since it was introduced. The summary has been expanded because action occurred on the measure.)</p> <p>(Sec. 1) This bill designates the U.S. courthouse located at 501 East Court Street in Jackson, Mississippi, as the &quot;R. Jess Brown United States Courthouse.&quot;</p>]]></text>
          <lastSummaryUpdateDate>2017-04-12T18:05:39Z</lastSummaryUpdateDate>
        </item>
        <item>
          <actionDesc>Passed House without amendment</actionDesc>
          <name>Passed House without amendment</name>
          <actionDate>2017-04-25</actionDate>
          <updateDate>2017-04-25T13:09:12Z</updateDate>
          <versionCode>81</versionCode>
          <text><![CDATA[<p>(This measure has not been amended since it was introduced. The expanded summary of the House reported version is repeated here.)</p> <p>(Sec. 1) This bill designates the U.S. courthouse located at 501 East Court Street in Jackson, Mississippi, as the &quot;R. Jess Brown United States Courthouse.&quot;</p>]]></text>
          <lastSummaryUpdateDate>2017-05-01T18:45:04Z</lastSummaryUpdateDate>
        </item>
      </billSummaries>
    </summaries>
    <amendments />
    <version>1.0.0</version>
    <title>To designate the United States courthouse located at 501 East Court Street in Jackson, Mississippi, as the "R. Jess Brown United States Courthouse".</title>
    <calendarNumbers>
      <item>
        <calendar>H00036</calendar>
        <number />
      </item>
    </calendarNumbers>
    <updateDate>2018-03-30T13:59:44Z</updateDate>
    <relatedBills />
  </bill>
  <dublinCore xmlns:dc="http://purl.org/dc/elements/1.1/">
    <dc:format>text/xml</dc:format>
    <dc:language>EN</dc:language>
    <dc:rights>Pursuant to Title 17 Section 105 of the United States Code, this file is not subject to copyright protection and is in the public domain.</dc:rights>
    <dc:contributor>Congressional Research Service, Library of Congress</dc:contributor>
    <dc:description>This file contains bill summaries and statuses for federal legislation. A bill summary describes the most significant provisions of a piece of legislation and details the effects the legislative text may have on current law and federal programs. Bill summaries are authored by the Congressional Research Service (CRS) of the Library of Congress. As stated in Public Law 91-510 (2 USC 166 (d)(6)), one of the duties of CRS is "to prepare summaries and digests of bills and resolutions of a public general nature introduced in the Senate or House of Representatives". For more information, refer to the User Guide that accompanies this file.</dc:description>
  </dublinCore>
</billStatus>

