<?xml version="1.0" encoding="UTF-8"?>
<billStatus>
  <bill>
    <relatedBills />
    <committeeReports />
    <recordedVotes />
    <subjects>
      <billSubjects>
        <legislativeSubjects>
          <item>
            <name>Government Operations and Politics</name>
          </item>
          <item>
            <name>Government employee pay, benefits, personnel management</name>
          </item>
          <item>
            <name>Government ethics and transparency, public corruption</name>
          </item>
          <item>
            <name>Members of Congress</name>
          </item>
        </legislativeSubjects>
        <policyArea>
          <name>Congress</name>
        </policyArea>
      </billSubjects>
    </subjects>
    <introducedDate>2017-01-04</introducedDate>
    <summaries>
      <billSummaries>
        <item>
          <actionDesc>Introduced in House</actionDesc>
          <name>Introduced in House</name>
          <actionDate>2017-01-04</actionDate>
          <updateDate>2017-01-04T05:00:00Z</updateDate>
          <versionCode>00</versionCode>
          <text><![CDATA[<p><STRONG>Trust Returned to the United States Taxpayer Act or the TRUST Act</STRONG></p> <p>This bill denies retirement benefits under the Civil Service Retirement System and the Federal Employees Retirement System to a Member of Congress who is convicted of any crime committed after the enactment of this bill that is a felony under federal or state law (currently, limited to specified felonies under federal law).</p>]]></text>
          <lastSummaryUpdateDate>2017-04-20T20:29:29Z</lastSummaryUpdateDate>
        </item>
      </billSummaries>
    </summaries>
    <sponsors>
      <item>
        <state>FL</state>
        <lastName>Yoho</lastName>
        <byRequestType />
        <middleName>S.</middleName>
        <fullName>Rep. Yoho, Ted S. [R-FL-3]</fullName>
        <district>3</district>
        <party>R</party>
        <firstName>Ted</firstName>
        <identifiers>
          <gpoId />
          <lisID>2115</lisID>
          <bioguideId>Y000065</bioguideId>
        </identifiers>
        <bioguideId>Y000065</bioguideId>
      </item>
    </sponsors>
    <constitutionalAuthorityStatementText><![CDATA[<pre>From the Congressional Record Online through the Government Publishing Office [<a href='http://www.gpo.gov'>www.gpo.gov</a>]By Mr. YOHO:H.R. 291.Congress has the power to enact this legislation pursuantto the following:Article I, Section 6 of the Constitution, which states that``The Senators and Representatives shall receive aCompensation for their Services, to be ascertained by Law,and paid out of the Treasury of the United States.''[Page H98]</pre>]]></constitutionalAuthorityStatementText>
    <calendarNumbers />
    <updateDate>2018-03-30T13:58:56Z</updateDate>
    <version>1.0.0</version>
    <notes />
    <committees>
      <billCommittees>
        <item>
          <activities>
            <item>
              <name>Referred to</name>
              <date>2017-01-04T15:06:40Z</date>
            </item>
          </activities>
          <systemCode>hsgo00</systemCode>
          <name>Oversight and Government Reform Committee</name>
          <subcommittees />
          <type>Standing</type>
          <chamber>House</chamber>
        </item>
        <item>
          <activities>
            <item>
              <name>Referred to</name>
              <date>2017-01-04T15:06:35Z</date>
            </item>
          </activities>
          <systemCode>hsha00</systemCode>
          <name>House Administration Committee</name>
          <subcommittees />
          <type>Standing</type>
          <chamber>House</chamber>
        </item>
      </billCommittees>
    </committees>
    <originChamber>House</originChamber>
    <cboCostEstimates />
    <titles>
      <item>
        <title>TRUST Act</title>
        <titleType>Short Titles as Introduced</titleType>
        <parentTitleType />
        <chamberCode />
        <chamberName />
      </item>
      <item>
        <title>Trust Returned to the United States Taxpayer Act</title>
        <titleType>Short Titles as Introduced</titleType>
        <parentTitleType />
        <chamberCode />
        <chamberName />
      </item>
      <item>
        <title>To amend title 5, United States Code, to extend the basis for the denial of retirement credit, for service as a Member of Congress, to include conviction of any felony under Federal or State law, and for other purposes.</title>
        <titleType>Official Title as Introduced</titleType>
        <parentTitleType />
        <chamberCode />
        <chamberName />
      </item>
      <item>
        <title>TRUST Act</title>
        <titleType>Display Title</titleType>
        <parentTitleType />
        <chamberCode />
        <chamberName />
      </item>
      <item>
        <title>TRUST Act</title>
        <titleType>(Extracted from GPO) Short Titles as Introduced</titleType>
        <parentTitleType />
        <chamberCode />
        <chamberName />
      </item>
      <item>
        <title>Trust Returned to the United States Taxpayer Act</title>
        <titleType>(Extracted from GPO) Short Titles as Introduced</titleType>
        <parentTitleType />
        <chamberCode />
        <chamberName />
      </item>
    </titles>
    <policyArea>
      <name>Congress</name>
    </policyArea>
    <latestAction>
      <actionDate>2017-01-04</actionDate>
      <links />
      <text>Referred to House Oversight and Government Reform</text>
    </latestAction>
    <billType>HR</billType>
    <createDate>2017-01-05T04:47:33Z</createDate>
    <amendments />
    <cosponsors>
      <item>
        <fullName>Rep. Cohen, Steve [D-TN-9]</fullName>
        <middleName />
        <identifiers>
          <bioguideId>C001068</bioguideId>
          <gpoId>8156</gpoId>
          <lisID>1878</lisID>
        </identifiers>
        <firstName>Steve</firstName>
        <party>D</party>
        <bioguideId>C001068</bioguideId>
        <sponsorshipDate>2017-01-04</sponsorshipDate>
        <sponsorshipWithdrawnDate />
        <state>TN</state>
        <lastName>Cohen</lastName>
        <isOriginalCosponsor>True</isOriginalCosponsor>
        <district>9</district>
      </item>
      <item>
        <fullName>Rep. Sinema, Kyrsten [D-AZ-9]</fullName>
        <middleName />
        <identifiers>
          <lisID>2099</lisID>
          <gpoId />
          <bioguideId>S001191</bioguideId>
        </identifiers>
        <firstName>Kyrsten</firstName>
        <party>D</party>
        <bioguideId>S001191</bioguideId>
        <sponsorshipDate>2017-01-04</sponsorshipDate>
        <sponsorshipWithdrawnDate />
        <state>AZ</state>
        <lastName>Sinema</lastName>
        <isOriginalCosponsor>True</isOriginalCosponsor>
        <district>9</district>
      </item>
      <item>
        <fullName>Rep. Pittenger, Robert [R-NC-9]</fullName>
        <middleName />
        <identifiers>
          <lisID>2141</lisID>
          <gpoId />
          <bioguideId>P000606</bioguideId>
        </identifiers>
        <firstName>Robert</firstName>
        <party>R</party>
        <bioguideId>P000606</bioguideId>
        <sponsorshipDate>2017-01-04</sponsorshipDate>
        <sponsorshipWithdrawnDate />
        <state>NC</state>
        <lastName>Pittenger</lastName>
        <isOriginalCosponsor>True</isOriginalCosponsor>
        <district>9</district>
      </item>
      <item>
        <fullName>Rep. Massie, Thomas [R-KY-4]</fullName>
        <middleName />
        <identifiers>
          <lisID>2094</lisID>
          <gpoId>8371</gpoId>
          <bioguideId>M001184</bioguideId>
        </identifiers>
        <firstName>Thomas</firstName>
        <party>R</party>
        <bioguideId>M001184</bioguideId>
        <sponsorshipDate>2017-01-04</sponsorshipDate>
        <sponsorshipWithdrawnDate />
        <state>KY</state>
        <lastName>Massie</lastName>
        <isOriginalCosponsor>True</isOriginalCosponsor>
        <district>4</district>
      </item>
      <item>
        <fullName>Rep. Gohmert, Louie [R-TX-1]</fullName>
        <middleName />
        <identifiers>
          <bioguideId>G000552</bioguideId>
          <gpoId>8157</gpoId>
          <lisID>1801</lisID>
        </identifiers>
        <firstName>Louie</firstName>
        <party>R</party>
        <bioguideId>G000552</bioguideId>
        <sponsorshipDate>2017-01-04</sponsorshipDate>
        <sponsorshipWithdrawnDate />
        <state>TX</state>
        <lastName>Gohmert</lastName>
        <isOriginalCosponsor>True</isOriginalCosponsor>
        <district>1</district>
      </item>
      <item>
        <fullName>Rep. Flores, Bill [R-TX-17]</fullName>
        <middleName />
        <identifiers>
          <bioguideId>F000461</bioguideId>
          <gpoId>8173</gpoId>
          <lisID>2065</lisID>
        </identifiers>
        <firstName>Bill</firstName>
        <party>R</party>
        <bioguideId>F000461</bioguideId>
        <sponsorshipDate>2017-01-04</sponsorshipDate>
        <sponsorshipWithdrawnDate />
        <state>TX</state>
        <lastName>Flores</lastName>
        <isOriginalCosponsor>True</isOriginalCosponsor>
        <district>17</district>
      </item>
      <item>
        <fullName>Rep. Rouzer, David [R-NC-7]</fullName>
        <middleName />
        <identifiers>
          <bioguideId>R000603</bioguideId>
          <lisID>2256</lisID>
          <gpoId />
        </identifiers>
        <firstName>David</firstName>
        <party>R</party>
        <bioguideId>R000603</bioguideId>
        <sponsorshipDate>2017-01-04</sponsorshipDate>
        <sponsorshipWithdrawnDate />
        <state>NC</state>
        <lastName>Rouzer</lastName>
        <isOriginalCosponsor>True</isOriginalCosponsor>
        <district>7</district>
      </item>
      <item>
        <fullName>Rep. Poliquin, Bruce [R-ME-2]</fullName>
        <middleName />
        <identifiers>
          <lisID>2247</lisID>
          <gpoId />
          <bioguideId>P000611</bioguideId>
        </identifiers>
        <firstName>Bruce</firstName>
        <party>R</party>
        <bioguideId>P000611</bioguideId>
        <sponsorshipDate>2017-01-04</sponsorshipDate>
        <sponsorshipWithdrawnDate />
        <state>ME</state>
        <lastName>Poliquin</lastName>
        <isOriginalCosponsor>True</isOriginalCosponsor>
        <district>2</district>
      </item>
      <item>
        <fullName>Rep. Blackburn, Marsha [R-TN-7]</fullName>
        <middleName />
        <identifiers>
          <bioguideId>B001243</bioguideId>
          <lisID>1748</lisID>
          <gpoId>8154</gpoId>
        </identifiers>
        <firstName>Marsha</firstName>
        <party>R</party>
        <bioguideId>B001243</bioguideId>
        <sponsorshipDate>2017-01-04</sponsorshipDate>
        <sponsorshipWithdrawnDate />
        <state>TN</state>
        <lastName>Blackburn</lastName>
        <isOriginalCosponsor>True</isOriginalCosponsor>
        <district>7</district>
      </item>
      <item>
        <fullName>Rep. Olson, Pete [R-TX-22]</fullName>
        <middleName />
        <identifiers>
          <lisID>1955</lisID>
          <gpoId>8178</gpoId>
          <bioguideId>O000168</bioguideId>
        </identifiers>
        <firstName>Pete</firstName>
        <party>R</party>
        <bioguideId>O000168</bioguideId>
        <sponsorshipDate>2017-01-04</sponsorshipDate>
        <sponsorshipWithdrawnDate />
        <state>TX</state>
        <lastName>Olson</lastName>
        <isOriginalCosponsor>True</isOriginalCosponsor>
        <district>22</district>
      </item>
      <item>
        <fullName>Rep. Gottheimer, Josh [D-NJ-5]</fullName>
        <middleName />
        <identifiers>
          <gpoId />
          <bioguideId>G000583</bioguideId>
          <lisID>2338</lisID>
        </identifiers>
        <firstName>Josh</firstName>
        <party>D</party>
        <bioguideId>G000583</bioguideId>
        <sponsorshipDate>2017-02-13</sponsorshipDate>
        <sponsorshipWithdrawnDate />
        <state>NJ</state>
        <lastName>Gottheimer</lastName>
        <isOriginalCosponsor>False</isOriginalCosponsor>
        <district>5</district>
      </item>
      <item>
        <fullName>Rep. Costa, Jim [D-CA-16]</fullName>
        <middleName />
        <identifiers>
          <lisID>1774</lisID>
          <gpoId>7825</gpoId>
          <bioguideId>C001059</bioguideId>
        </identifiers>
        <firstName>Jim</firstName>
        <party>D</party>
        <bioguideId>C001059</bioguideId>
        <sponsorshipDate>2017-03-07</sponsorshipDate>
        <sponsorshipWithdrawnDate />
        <state>CA</state>
        <lastName>Costa</lastName>
        <isOriginalCosponsor>False</isOriginalCosponsor>
        <district>16</district>
      </item>
      <item>
        <fullName>Rep. Tenney, Claudia [R-NY-22]</fullName>
        <middleName />
        <identifiers>
          <lisID>2344</lisID>
          <gpoId />
          <bioguideId>T000478</bioguideId>
        </identifiers>
        <firstName>Claudia</firstName>
        <party>R</party>
        <bioguideId>T000478</bioguideId>
        <sponsorshipDate>2017-05-19</sponsorshipDate>
        <sponsorshipWithdrawnDate />
        <state>NY</state>
        <lastName>Tenney</lastName>
        <isOriginalCosponsor>False</isOriginalCosponsor>
        <district>22</district>
      </item>
      <item>
        <fullName>Rep. DeSantis, Ron [R-FL-6]</fullName>
        <middleName />
        <identifiers>
          <lisID>2116</lisID>
          <gpoId />
          <bioguideId>D000621</bioguideId>
        </identifiers>
        <firstName>Ron</firstName>
        <party>R</party>
        <bioguideId>D000621</bioguideId>
        <sponsorshipDate>2017-05-19</sponsorshipDate>
        <sponsorshipWithdrawnDate />
        <state>FL</state>
        <lastName>DeSantis</lastName>
        <isOriginalCosponsor>False</isOriginalCosponsor>
        <district>6</district>
      </item>
      <item>
        <fullName>Rep. Rutherford, John H. [R-FL-4]</fullName>
        <middleName>H.</middleName>
        <identifiers>
          <lisID>2316</lisID>
          <gpoId />
          <bioguideId>R000609</bioguideId>
        </identifiers>
        <firstName>John</firstName>
        <party>R</party>
        <bioguideId>R000609</bioguideId>
        <sponsorshipDate>2017-05-19</sponsorshipDate>
        <sponsorshipWithdrawnDate />
        <state>FL</state>
        <lastName>Rutherford</lastName>
        <isOriginalCosponsor>False</isOriginalCosponsor>
        <district>4</district>
      </item>
      <item>
        <fullName>Rep. Bost, Mike [R-IL-12]</fullName>
        <middleName />
        <identifiers>
          <lisID>2243</lisID>
          <gpoId />
          <bioguideId>B001295</bioguideId>
        </identifiers>
        <firstName>Mike</firstName>
        <party>R</party>
        <bioguideId>B001295</bioguideId>
        <sponsorshipDate>2017-05-19</sponsorshipDate>
        <sponsorshipWithdrawnDate />
        <state>IL</state>
        <lastName>Bost</lastName>
        <isOriginalCosponsor>False</isOriginalCosponsor>
        <district>12</district>
      </item>
      <item>
        <fullName>Rep. Posey, Bill [R-FL-8]</fullName>
        <middleName />
        <identifiers>
          <bioguideId>P000599</bioguideId>
          <lisID>1915</lisID>
          <gpoId>7887</gpoId>
        </identifiers>
        <firstName>Bill</firstName>
        <party>R</party>
        <bioguideId>P000599</bioguideId>
        <sponsorshipDate>2017-05-24</sponsorshipDate>
        <sponsorshipWithdrawnDate />
        <state>FL</state>
        <lastName>Posey</lastName>
        <isOriginalCosponsor>False</isOriginalCosponsor>
        <district>8</district>
      </item>
      <item>
        <fullName>Rep. Abraham, Ralph Lee [R-LA-5]</fullName>
        <middleName>Lee</middleName>
        <identifiers>
          <gpoId />
          <lisID>2244</lisID>
          <bioguideId>A000374</bioguideId>
        </identifiers>
        <firstName>Ralph</firstName>
        <party>R</party>
        <bioguideId>A000374</bioguideId>
        <sponsorshipDate>2017-05-26</sponsorshipDate>
        <sponsorshipWithdrawnDate />
        <state>LA</state>
        <lastName>Abraham</lastName>
        <isOriginalCosponsor>False</isOriginalCosponsor>
        <district>5</district>
      </item>
      <item>
        <fullName>Rep. Allen, Rick W. [R-GA-12]</fullName>
        <middleName>W.</middleName>
        <identifiers>
          <lisID>2239</lisID>
          <gpoId />
          <bioguideId>A000372</bioguideId>
        </identifiers>
        <firstName>Rick</firstName>
        <party>R</party>
        <bioguideId>A000372</bioguideId>
        <sponsorshipDate>2017-06-20</sponsorshipDate>
        <sponsorshipWithdrawnDate />
        <state>GA</state>
        <lastName>Allen</lastName>
        <isOriginalCosponsor>False</isOriginalCosponsor>
        <district>12</district>
      </item>
      <item>
        <fullName>Rep. Roe, David P. [R-TN-1]</fullName>
        <middleName>P.</middleName>
        <identifiers>
          <bioguideId>R000582</bioguideId>
          <gpoId>8148</gpoId>
          <lisID>1954</lisID>
        </identifiers>
        <firstName>David</firstName>
        <party>R</party>
        <bioguideId>R000582</bioguideId>
        <sponsorshipDate>2017-06-28</sponsorshipDate>
        <sponsorshipWithdrawnDate />
        <state>TN</state>
        <lastName>Roe</lastName>
        <isOriginalCosponsor>False</isOriginalCosponsor>
        <district>1</district>
      </item>
      <item>
        <fullName>Rep. Rooney, Francis [R-FL-19]</fullName>
        <middleName />
        <identifiers>
          <lisID>2323</lisID>
          <gpoId />
          <bioguideId>R000607</bioguideId>
        </identifiers>
        <firstName>Francis</firstName>
        <party>R</party>
        <bioguideId>R000607</bioguideId>
        <sponsorshipDate>2017-06-28</sponsorshipDate>
        <sponsorshipWithdrawnDate />
        <state>FL</state>
        <lastName>Rooney</lastName>
        <isOriginalCosponsor>False</isOriginalCosponsor>
        <district>19</district>
      </item>
      <item>
        <fullName>Rep. Biggs, Andy [R-AZ-5]</fullName>
        <middleName />
        <identifiers>
          <gpoId />
          <lisID>2307</lisID>
          <bioguideId>B001302</bioguideId>
        </identifiers>
        <firstName>Andy</firstName>
        <party>R</party>
        <bioguideId>B001302</bioguideId>
        <sponsorshipDate>2017-12-19</sponsorshipDate>
        <sponsorshipWithdrawnDate />
        <state>AZ</state>
        <lastName>Biggs</lastName>
        <isOriginalCosponsor>False</isOriginalCosponsor>
        <district>5</district>
      </item>
      <item>
        <fullName>Rep. Rothfus, Keith J. [R-PA-12]</fullName>
        <middleName>J.</middleName>
        <identifiers>
          <lisID>2158</lisID>
          <gpoId />
          <bioguideId>R000598</bioguideId>
        </identifiers>
        <firstName>Keith</firstName>
        <party>R</party>
        <bioguideId>R000598</bioguideId>
        <sponsorshipDate>2018-01-19</sponsorshipDate>
        <sponsorshipWithdrawnDate />
        <state>PA</state>
        <lastName>Rothfus</lastName>
        <isOriginalCosponsor>False</isOriginalCosponsor>
        <district>12</district>
      </item>
      <item>
        <fullName>Rep. Rosen, Jacky [D-NV-3]</fullName>
        <middleName />
        <identifiers>
          <lisID>2339</lisID>
          <gpoId />
          <bioguideId>R000608</bioguideId>
        </identifiers>
        <firstName>Jacky</firstName>
        <party>D</party>
        <bioguideId>R000608</bioguideId>
        <sponsorshipDate>2018-03-13</sponsorshipDate>
        <sponsorshipWithdrawnDate />
        <state>NV</state>
        <lastName>Rosen</lastName>
        <isOriginalCosponsor>False</isOriginalCosponsor>
        <district>3</district>
      </item>
      <item>
        <fullName>Rep. Wittman, Robert J. [R-VA-1]</fullName>
        <middleName>J.</middleName>
        <identifiers>
          <lisID>1886</lisID>
          <gpoId>8192</gpoId>
          <bioguideId>W000804</bioguideId>
        </identifiers>
        <firstName>Robert</firstName>
        <party>R</party>
        <bioguideId>W000804</bioguideId>
        <sponsorshipDate>2018-03-14</sponsorshipDate>
        <sponsorshipWithdrawnDate />
        <state>VA</state>
        <lastName>Wittman</lastName>
        <isOriginalCosponsor>False</isOriginalCosponsor>
        <district>1</district>
      </item>
      <item>
        <fullName>Rep. Fitzpatrick, Brian K. [R-PA-8]</fullName>
        <middleName>K.</middleName>
        <identifiers>
          <bioguideId>F000466</bioguideId>
          <lisID>2345</lisID>
          <gpoId />
        </identifiers>
        <firstName>Brian</firstName>
        <party>R</party>
        <bioguideId>F000466</bioguideId>
        <sponsorshipDate>2018-03-15</sponsorshipDate>
        <sponsorshipWithdrawnDate />
        <state>PA</state>
        <lastName>Fitzpatrick</lastName>
        <isOriginalCosponsor>False</isOriginalCosponsor>
        <district>8</district>
      </item>
    </cosponsors>
    <laws />
    <title>TRUST Act</title>
    <billNumber>291</billNumber>
    <congress>115</congress>
    <actions>
      <actionTypeCounts>
        <introducedInHouse>1</introducedInHouse>
        <introducedInTheHouse>1</introducedInTheHouse>
        <billReferralsAggregate>1</billReferralsAggregate>
        <billReferrals>2</billReferrals>
      </actionTypeCounts>
      <item>
        <type>IntroReferral</type>
        <sourceSystem>
          <code>2</code>
          <name>House floor actions</name>
        </sourceSystem>
        <actionCode>H11100</actionCode>
        <links />
        <text>Referred to House Oversight and Government Reform</text>
        <committee>
          <systemCode>hsgo00</systemCode>
          <name>Oversight and Government Reform Committee</name>
        </committee>
        <actionDate>2017-01-04</actionDate>
      </item>
      <item>
        <type>IntroReferral</type>
        <sourceSystem>
          <code>2</code>
          <name>House floor actions</name>
        </sourceSystem>
        <actionCode>H11100</actionCode>
        <links />
        <text>Referred to House Administration</text>
        <committee>
          <systemCode>hsha00</systemCode>
          <name>House Administration Committee</name>
        </committee>
        <actionDate>2017-01-04</actionDate>
      </item>
      <item>
        <type>IntroReferral</type>
        <sourceSystem>
          <code>9</code>
          <name>Library of Congress</name>
        </sourceSystem>
        <actionCode>H11100-A</actionCode>
        <links />
        <text>Referred to the Committee on House Administration, and in addition to the Committee on Oversight and Government Reform, for a period to be subsequently determined by the Speaker, in each case for consideration of such provisions as fall within the jurisdiction of the committee concerned.</text>
        <committee />
        <actionDate>2017-01-04</actionDate>
      </item>
      <item>
        <type>IntroReferral</type>
        <sourceSystem>
          <code>9</code>
          <name>Library of Congress</name>
        </sourceSystem>
        <actionCode>Intro-H</actionCode>
        <links />
        <text>Introduced in House</text>
        <committee />
        <actionDate>2017-01-04</actionDate>
      </item>
      <item>
        <type>IntroReferral</type>
        <sourceSystem>
          <code>9</code>
          <name>Library of Congress</name>
        </sourceSystem>
        <actionCode>1000</actionCode>
        <links />
        <text>Introduced in House</text>
        <committee />
        <actionDate>2017-01-04</actionDate>
      </item>
      <actionByCounts>
        <houseOfRepresentatives>5</houseOfRepresentatives>
      </actionByCounts>
    </actions>
  </bill>
  <dublinCore xmlns:dc="http://purl.org/dc/elements/1.1/">
    <dc:format>text/xml</dc:format>
    <dc:language>EN</dc:language>
    <dc:rights>Pursuant to Title 17 Section 105 of the United States Code, this file is not subject to copyright protection and is in the public domain.</dc:rights>
    <dc:contributor>Congressional Research Service, Library of Congress</dc:contributor>
    <dc:description>This file contains bill summaries and statuses for federal legislation. A bill summary describes the most significant provisions of a piece of legislation and details the effects the legislative text may have on current law and federal programs. Bill summaries are authored by the Congressional Research Service (CRS) of the Library of Congress. As stated in Public Law 91-510 (2 USC 166 (d)(6)), one of the duties of CRS is "to prepare summaries and digests of bills and resolutions of a public general nature introduced in the Senate or House of Representatives". For more information, refer to the User Guide that accompanies this file.</dc:description>
  </dublinCore>
</billStatus>

