<?xml version="1.0" encoding="UTF-8"?>
<billStatus>
  <bill>
    <laws />
    <recordedVotes />
    <amendments />
    <titles>
      <item>
        <chamberCode />
        <parentTitleType />
        <titleType>Short Titles as Introduced</titleType>
        <title>Acadia National Park Boundary Clarification Act</title>
        <chamberName />
      </item>
      <item>
        <chamberCode />
        <parentTitleType />
        <titleType>Official Title as Introduced</titleType>
        <title>To clarify the boundary of Acadia National Park, and for other purposes.</title>
        <chamberName />
      </item>
      <item>
        <chamberCode />
        <parentTitleType />
        <titleType>Display Title</titleType>
        <title>Acadia National Park Boundary Clarification Act</title>
        <chamberName />
      </item>
      <item>
        <chamberCode />
        <parentTitleType />
        <titleType>(Extracted from GPO) Short Titles as Introduced</titleType>
        <title>Acadia National Park Boundary Clarification Act</title>
        <chamberName />
      </item>
    </titles>
    <sponsors>
      <item>
        <state>ME</state>
        <identifiers>
          <gpoId />
          <bioguideId>P000611</bioguideId>
          <lisID>2247</lisID>
        </identifiers>
        <lastName>Poliquin</lastName>
        <party>R</party>
        <district>2</district>
        <middleName />
        <fullName>Rep. Poliquin, Bruce [R-ME-2]</fullName>
        <bioguideId>P000611</bioguideId>
        <firstName>Bruce</firstName>
        <byRequestType />
      </item>
    </sponsors>
    <committeeReports />
    <version>1.0.0</version>
    <calendarNumbers />
    <billNumber>763</billNumber>
    <originChamber>House</originChamber>
    <cosponsors>
      <item>
        <sponsorshipDate>2017-01-31</sponsorshipDate>
        <state>ME</state>
        <lastName>Pingree</lastName>
        <firstName>Chellie</firstName>
        <sponsorshipWithdrawnDate />
        <middleName />
        <identifiers>
          <gpoId>7984</gpoId>
          <lisID>1927</lisID>
          <bioguideId>P000597</bioguideId>
        </identifiers>
        <fullName>Rep. Pingree, Chellie [D-ME-1]</fullName>
        <bioguideId>P000597</bioguideId>
        <isOriginalCosponsor>True</isOriginalCosponsor>
        <district>1</district>
        <party>D</party>
      </item>
    </cosponsors>
    <title>Acadia National Park Boundary Clarification Act</title>
    <policyArea>
      <name>Public Lands and Natural Resources</name>
    </policyArea>
    <billType>HR</billType>
    <congress>115</congress>
    <subjects>
      <billSubjects>
        <legislativeSubjects>
          <item>
            <name>Advisory bodies</name>
          </item>
          <item>
            <name>Land transfers</name>
          </item>
          <item>
            <name>Land use and conservation</name>
          </item>
          <item>
            <name>Maine</name>
          </item>
          <item>
            <name>Marine and coastal resources, fisheries</name>
          </item>
          <item>
            <name>Parks, recreation areas, trails</name>
          </item>
          <item>
            <name>Solid waste and recycling</name>
          </item>
        </legislativeSubjects>
        <policyArea>
          <name>Public Lands and Natural Resources</name>
        </policyArea>
      </billSubjects>
    </subjects>
    <latestAction>
      <links />
      <actionDate>2017-02-10</actionDate>
      <text>Referred to the Subcommittee on Federal Lands.</text>
    </latestAction>
    <updateDate>2018-03-30T14:01:12Z</updateDate>
    <createDate>2017-02-01T04:48:47Z</createDate>
    <actions>
      <actionTypeCounts>
        <introducedInHouse>1</introducedInHouse>
        <introducedInTheHouse>1</introducedInTheHouse>
        <placeholderTextForH>1</placeholderTextForH>
        <billReferrals>1</billReferrals>
      </actionTypeCounts>
      <item>
        <actionDate>2017-02-10</actionDate>
        <committee>
          <systemCode>hsii10</systemCode>
          <name>Federal Lands Subcommittee</name>
        </committee>
        <links />
        <sourceSystem>
          <code>1</code>
          <name>House committee actions</name>
        </sourceSystem>
        <text>Referred to the Subcommittee on Federal Lands.</text>
        <type>Committee</type>
      </item>
      <item>
        <actionDate>2017-01-31</actionDate>
        <type>IntroReferral</type>
        <links />
        <text>Referred to the House Committee on Natural Resources.</text>
        <actionCode>H11100</actionCode>
        <sourceSystem>
          <code>2</code>
          <name>House floor actions</name>
        </sourceSystem>
        <committee>
          <systemCode>hsii00</systemCode>
          <name>Natural Resources Committee</name>
        </committee>
      </item>
      <item>
        <actionDate>2017-01-31</actionDate>
        <type>IntroReferral</type>
        <links />
        <text>Introduced in House</text>
        <actionCode>Intro-H</actionCode>
        <sourceSystem>
          <code>9</code>
          <name>Library of Congress</name>
        </sourceSystem>
        <committee />
      </item>
      <item>
        <actionDate>2017-01-31</actionDate>
        <type>IntroReferral</type>
        <links />
        <text>Introduced in House</text>
        <actionCode>1000</actionCode>
        <sourceSystem>
          <code>9</code>
          <name>Library of Congress</name>
        </sourceSystem>
        <committee />
      </item>
      <actionByCounts>
        <houseOfRepresentatives>4</houseOfRepresentatives>
      </actionByCounts>
    </actions>
    <notes />
    <introducedDate>2017-01-31</introducedDate>
    <relatedBills>
      <item>
        <latestTitle>Acadia National Park Boundary Clarification Act</latestTitle>
        <latestAction>
          <actionDate>2018-02-14</actionDate>
          <text>Committee on Energy and Natural Resources Subcommittee on National Parks. Hearings held.</text>
        </latestAction>
        <number>2102</number>
        <type>S</type>
        <congress>115</congress>
        <relationshipDetails>
          <item>
            <identifiedBy>CRS</identifiedBy>
            <type>Related bill</type>
          </item>
        </relationshipDetails>
      </item>
      <item>
        <latestTitle>Acadia National Park Boundary Clarification Act</latestTitle>
        <latestAction>
          <actionDate>2017-07-19</actionDate>
          <text>Committee on Energy and Natural Resources Subcommittee on National Parks. Hearings held.</text>
        </latestAction>
        <number>257</number>
        <type>S</type>
        <congress>115</congress>
        <relationshipDetails>
          <item>
            <identifiedBy>CRS</identifiedBy>
            <type>Related bill</type>
          </item>
        </relationshipDetails>
      </item>
      <item>
        <latestTitle>Acadia National Park Boundary Clarification Act</latestTitle>
        <latestAction>
          <actionDate>2018-03-14</actionDate>
          <text>Received in the Senate and Read twice and referred to the Committee on Energy and Natural Resources.</text>
        </latestAction>
        <number>4266</number>
        <type>HR</type>
        <congress>115</congress>
        <relationshipDetails>
          <item>
            <identifiedBy>CRS</identifiedBy>
            <type>Related bill</type>
          </item>
        </relationshipDetails>
      </item>
    </relatedBills>
    <constitutionalAuthorityStatementText><![CDATA[<pre>From the Congressional Record Online through the Government Publishing Office [<a href='http://www.gpo.gov'>www.gpo.gov</a>]By Mr. POLIQUIN:H.R. 763.Congress has the power to enact this legislation pursuantto the following:Article IV, Section 3, Clause 2: ``The Congress shall havepower to dispose of and make all needful rules andregulations respecting the territory or other propertybelonging to the United States.[Page H820]</pre>]]></constitutionalAuthorityStatementText>
    <cboCostEstimates />
    <summaries>
      <billSummaries>
        <item>
          <actionDesc>Introduced in House</actionDesc>
          <name>Introduced in House</name>
          <versionCode>00</versionCode>
          <actionDate>2017-01-31</actionDate>
          <text><![CDATA[<p><b>Acadia National Park Boundary Clarification Act</b></p> <p>This bill confirms that the boundary of Acadia National Park in Maine includes approximately 1,441 acres of land and interests in the Schoodic Peninsula. </p> <p>The bill ratifies and approves:</p> <ul> <li> the acquisition by the United States of such land and interests, effective as of September 26, 2013; and</li> <li>any alteration of such land or interests held or claimed by the United Statethat occurred after such date. </li> </ul> <p> The Department of the Interior may only acquire land or interests in land within or outside of the boundaries of the park in Hancock or Knox Counties, Maine, in accordance with the statute that established the park's boundaries, except that Interior may conduct exchanges for lands and interests in accordance with the provisions relating to conveyances of certain property and interests in property acquired by Interior that are within units of the National Park System or related areas. </p> <p>Interior shall contribute a specified amount to a regional consortium composed of units of local government on or in the vicinity of Mount Desert Island that was established to improve the management of the disposal and recycling of solid waste. </p> <p> Interior shall reestablish and appoint members to the Acadia National Park Advisory Commission. </p> <p> Certain land in the park that was conveyed by Interior to the town of Tremont, Maine, shall no longer be used exclusively for school purposes, but for public purposes, subject to the conditions that: (1) use of such land shall not degrade or adversely impact the park's resources or values; and (2) such land shall remain in public ownership for recreational, educational, or similar public purposes. </p> <p> Interior shall permit the harvesting of the marine organisms within the park according to the laws of the state of Maine and its local governments in order to allow for the continuation of traditional harvesting and aquaculture of clams, worms, mussels, periwinkles, and other marine organisms within intertidal areas in the park. </p> <p>Interior shall convey to the town of Bar Harbor a specified .29-acre parcel of land within the park to be used for a solid waste transfer facility. </p>]]></text>
          <lastSummaryUpdateDate>2017-06-07T19:40:26Z</lastSummaryUpdateDate>
          <updateDate>2017-01-31T05:00:00Z</updateDate>
        </item>
      </billSummaries>
    </summaries>
    <committees>
      <billCommittees>
        <item>
          <chamber>House</chamber>
          <activities>
            <item>
              <name>Referred to</name>
              <date>2017-01-31T15:03:10Z</date>
            </item>
          </activities>
          <type>Standing</type>
          <systemCode>hsii00</systemCode>
          <subcommittees>
            <item>
              <activities>
                <item>
                  <name>Referred to</name>
                  <date>2017-02-10T21:42:58Z</date>
                </item>
              </activities>
              <systemCode>hsii10</systemCode>
              <name>Federal Lands Subcommittee</name>
            </item>
          </subcommittees>
          <name>Natural Resources Committee</name>
        </item>
      </billCommittees>
    </committees>
  </bill>
  <dublinCore xmlns:dc="http://purl.org/dc/elements/1.1/">
    <dc:format>text/xml</dc:format>
    <dc:language>EN</dc:language>
    <dc:rights>Pursuant to Title 17 Section 105 of the United States Code, this file is not subject to copyright protection and is in the public domain.</dc:rights>
    <dc:contributor>Congressional Research Service, Library of Congress</dc:contributor>
    <dc:description>This file contains bill summaries and statuses for federal legislation. A bill summary describes the most significant provisions of a piece of legislation and details the effects the legislative text may have on current law and federal programs. Bill summaries are authored by the Congressional Research Service (CRS) of the Library of Congress. As stated in Public Law 91-510 (2 USC 166 (d)(6)), one of the duties of CRS is "to prepare summaries and digests of bills and resolutions of a public general nature introduced in the Senate or House of Representatives". For more information, refer to the User Guide that accompanies this file.</dc:description>
  </dublinCore>
</billStatus>

