<?xml version="1.0" encoding="UTF-8"?>
<billStatus>
  <bill>
    <relatedBills>
      <item>
        <congress>115</congress>
        <number>394</number>
        <relationshipDetails>
          <item>
            <type>Identical bill</type>
            <identifiedBy>CRS</identifiedBy>
          </item>
        </relationshipDetails>
        <latestAction>
          <actionDate>2017-02-15</actionDate>
          <text>Read twice and referred to the Committee on Armed Services.</text>
        </latestAction>
        <type>S</type>
        <latestTitle>Protect Our Military Families' 2nd Amendment Rights Act</latestTitle>
      </item>
    </relatedBills>
    <committeeReports />
    <recordedVotes />
    <subjects>
      <billSubjects>
        <legislativeSubjects>
          <item>
            <name>Firearms and explosives</name>
          </item>
          <item>
            <name>Military personnel and dependents</name>
          </item>
        </legislativeSubjects>
        <policyArea>
          <name>Crime and Law Enforcement</name>
        </policyArea>
      </billSubjects>
    </subjects>
    <introducedDate>2017-01-04</introducedDate>
    <summaries>
      <billSummaries>
        <item>
          <versionCode>00</versionCode>
          <actionDate>2017-01-04</actionDate>
          <name>Introduced in House</name>
          <text><![CDATA[<p><strong>Protect Our Military Families' 2nd Amendment Rights Act</strong></p> <p>This bill amends the federal criminal code to allow a licensed gun dealer, importer, or manufacturer to sell or ship a firearm to the spouse of a member of the U.S. Armed Forces on active duty. (Current law already allows a licensed dealer, importer, or manufacturer to sell a firearm to a member of the U.S. Armed Forces on active duty.) </p> <p>The bill also specifies that, for purposes of federal firearms laws, a member of the U.S. Armed Forces on active duty, or his or her spouse, is a resident of the state in which: (1) the member or spouse maintains legal residence, (2) the permanent duty station of the member is located, and (3) the member maintains a home from which he or she commutes to the permanent duty station.</p>]]></text>
          <actionDesc>Introduced in House</actionDesc>
          <updateDate>2017-01-04T05:00:00Z</updateDate>
          <lastSummaryUpdateDate>2017-04-27T19:42:46Z</lastSummaryUpdateDate>
        </item>
      </billSummaries>
    </summaries>
    <sponsors>
      <item>
        <state>TX</state>
        <lastName>Farenthold</lastName>
        <byRequestType />
        <middleName />
        <fullName>Rep. Farenthold, Blake [R-TX-27]</fullName>
        <district>27</district>
        <party>R</party>
        <firstName>Blake</firstName>
        <identifiers>
          <lisID>2067</lisID>
          <gpoId>8183</gpoId>
          <bioguideId>F000460</bioguideId>
        </identifiers>
        <bioguideId>F000460</bioguideId>
      </item>
    </sponsors>
    <constitutionalAuthorityStatementText><![CDATA[<pre>From the Congressional Record Online through the Government Publishing Office [<a href='http://www.gpo.gov'>www.gpo.gov</a>]By Mr. FARENTHOLD:H.R. 256.Congress has the power to enact this legislation pursuantto the following:The 2nd Amendment of the United States Constitution[Page H96]</pre>]]></constitutionalAuthorityStatementText>
    <calendarNumbers />
    <updateDate>2018-03-30T13:58:47Z</updateDate>
    <version>1.0.0</version>
    <notes />
    <committees>
      <billCommittees>
        <item>
          <activities>
            <item>
              <name>Referred to</name>
              <date>2017-01-04T15:04:10Z</date>
            </item>
          </activities>
          <systemCode>hsju00</systemCode>
          <name>Judiciary Committee</name>
          <subcommittees>
            <item>
              <name>Crime, Terrorism, Homeland Security, and Investigations Subcommittee</name>
              <systemCode>hsju08</systemCode>
              <activities>
                <item>
                  <name>Referred to</name>
                  <date>2017-01-10T14:30:08Z</date>
                </item>
              </activities>
            </item>
          </subcommittees>
          <type>Standing</type>
          <chamber>House</chamber>
        </item>
      </billCommittees>
    </committees>
    <originChamber>House</originChamber>
    <cboCostEstimates />
    <titles>
      <item>
        <title>Protect Our Military Families' 2nd Amendment Rights Act</title>
        <parentTitleType />
        <chamberCode />
        <titleType>Short Titles as Introduced</titleType>
        <chamberName />
      </item>
      <item>
        <title>To amend chapter 44 of title 18, United States Code, to provide that a member of the armed forces and the spouse of that member shall have the same rights regarding the receipt of firearms at the location of any duty station of the member.</title>
        <parentTitleType />
        <chamberCode />
        <titleType>Official Title as Introduced</titleType>
        <chamberName />
      </item>
      <item>
        <title>Protect Our Military Families' 2nd Amendment Rights Act</title>
        <parentTitleType />
        <chamberCode />
        <titleType>Display Title</titleType>
        <chamberName />
      </item>
      <item>
        <title>Protect Our Military Families’ 2nd Amendment Rights Act</title>
        <parentTitleType />
        <chamberCode />
        <titleType>(Extracted from GPO) Short Titles as Introduced</titleType>
        <chamberName />
      </item>
    </titles>
    <policyArea>
      <name>Crime and Law Enforcement</name>
    </policyArea>
    <latestAction>
      <actionDate>2017-01-12</actionDate>
      <links />
      <text>Sponsor introductory remarks on measure. (CR H396)</text>
    </latestAction>
    <billType>HR</billType>
    <createDate>2017-01-05T04:47:33Z</createDate>
    <amendments />
    <cosponsors>
      <item>
        <lastName>Gohmert</lastName>
        <bioguideId>G000552</bioguideId>
        <state>TX</state>
        <sponsorshipDate>2017-01-24</sponsorshipDate>
        <fullName>Rep. Gohmert, Louie [R-TX-1]</fullName>
        <identifiers>
          <bioguideId>G000552</bioguideId>
          <gpoId>8157</gpoId>
          <lisID>1801</lisID>
        </identifiers>
        <middleName />
        <sponsorshipWithdrawnDate />
        <firstName>Louie</firstName>
        <isOriginalCosponsor>False</isOriginalCosponsor>
        <party>R</party>
        <district>1</district>
      </item>
      <item>
        <lastName>Allen</lastName>
        <bioguideId>A000372</bioguideId>
        <state>GA</state>
        <sponsorshipDate>2017-03-15</sponsorshipDate>
        <fullName>Rep. Allen, Rick W. [R-GA-12]</fullName>
        <identifiers>
          <lisID>2239</lisID>
          <gpoId />
          <bioguideId>A000372</bioguideId>
        </identifiers>
        <middleName>W.</middleName>
        <sponsorshipWithdrawnDate />
        <firstName>Rick</firstName>
        <isOriginalCosponsor>False</isOriginalCosponsor>
        <party>R</party>
        <district>12</district>
      </item>
      <item>
        <lastName>SESSIONS</lastName>
        <bioguideId>S000250</bioguideId>
        <state>TX</state>
        <sponsorshipDate>2017-04-26</sponsorshipDate>
        <fullName>Rep. Sessions, Pete [R-TX-32]</fullName>
        <identifiers>
          <lisID>1525</lisID>
          <gpoId>8188</gpoId>
          <bioguideId>S000250</bioguideId>
        </identifiers>
        <middleName />
        <sponsorshipWithdrawnDate />
        <firstName>PETE</firstName>
        <isOriginalCosponsor>False</isOriginalCosponsor>
        <party>R</party>
        <district>32</district>
      </item>
      <item>
        <lastName>Meadows</lastName>
        <bioguideId>M001187</bioguideId>
        <state>NC</state>
        <sponsorshipDate>2017-04-26</sponsorshipDate>
        <fullName>Rep. Meadows, Mark [R-NC-11]</fullName>
        <identifiers>
          <gpoId />
          <lisID>2142</lisID>
          <bioguideId>M001187</bioguideId>
        </identifiers>
        <middleName />
        <sponsorshipWithdrawnDate />
        <firstName>Mark</firstName>
        <isOriginalCosponsor>False</isOriginalCosponsor>
        <party>R</party>
        <district>11</district>
      </item>
      <item>
        <lastName>Stewart</lastName>
        <bioguideId>S001192</bioguideId>
        <state>UT</state>
        <sponsorshipDate>2017-04-26</sponsorshipDate>
        <fullName>Rep. Stewart, Chris [R-UT-2]</fullName>
        <identifiers>
          <bioguideId>S001192</bioguideId>
          <gpoId />
          <lisID>2168</lisID>
        </identifiers>
        <middleName />
        <sponsorshipWithdrawnDate />
        <firstName>Chris</firstName>
        <isOriginalCosponsor>False</isOriginalCosponsor>
        <party>R</party>
        <district>2</district>
      </item>
      <item>
        <lastName>McKinley</lastName>
        <bioguideId>M001180</bioguideId>
        <state>WV</state>
        <sponsorshipDate>2017-04-26</sponsorshipDate>
        <fullName>Rep. McKinley, David B. [R-WV-1]</fullName>
        <identifiers>
          <lisID>2074</lisID>
          <gpoId>8222</gpoId>
          <bioguideId>M001180</bioguideId>
        </identifiers>
        <middleName>B.</middleName>
        <sponsorshipWithdrawnDate />
        <firstName>David</firstName>
        <isOriginalCosponsor>False</isOriginalCosponsor>
        <party>R</party>
        <district>1</district>
      </item>
      <item>
        <lastName>Stefanik</lastName>
        <bioguideId>S001196</bioguideId>
        <state>NY</state>
        <sponsorshipDate>2017-04-27</sponsorshipDate>
        <fullName>Rep. Stefanik, Elise M. [R-NY-21]</fullName>
        <identifiers>
          <gpoId />
          <lisID>2263</lisID>
          <bioguideId>S001196</bioguideId>
        </identifiers>
        <middleName>M.</middleName>
        <sponsorshipWithdrawnDate />
        <firstName>Elise</firstName>
        <isOriginalCosponsor>False</isOriginalCosponsor>
        <party>R</party>
        <district>21</district>
      </item>
      <item>
        <lastName>Ratcliffe</lastName>
        <bioguideId>R000601</bioguideId>
        <state>TX</state>
        <sponsorshipDate>2017-04-27</sponsorshipDate>
        <fullName>Rep. Ratcliffe, John [R-TX-4]</fullName>
        <identifiers>
          <lisID>2268</lisID>
          <gpoId />
          <bioguideId>R000601</bioguideId>
        </identifiers>
        <middleName />
        <sponsorshipWithdrawnDate />
        <firstName>John</firstName>
        <isOriginalCosponsor>False</isOriginalCosponsor>
        <party>R</party>
        <district>4</district>
      </item>
      <item>
        <lastName>King</lastName>
        <bioguideId>K000362</bioguideId>
        <state>IA</state>
        <sponsorshipDate>2017-04-27</sponsorshipDate>
        <fullName>Rep. King, Steve [R-IA-4]</fullName>
        <identifiers>
          <lisID>1724</lisID>
          <gpoId>7918</gpoId>
          <bioguideId>K000362</bioguideId>
        </identifiers>
        <middleName />
        <sponsorshipWithdrawnDate />
        <firstName>Steve</firstName>
        <isOriginalCosponsor>False</isOriginalCosponsor>
        <party>R</party>
        <district>4</district>
      </item>
      <item>
        <lastName>Palazzo</lastName>
        <bioguideId>P000601</bioguideId>
        <state>MS</state>
        <sponsorshipDate>2017-05-03</sponsorshipDate>
        <fullName>Rep. Palazzo, Steven M. [R-MS-4]</fullName>
        <identifiers>
          <bioguideId>P000601</bioguideId>
          <gpoId>8022</gpoId>
          <lisID>2035</lisID>
        </identifiers>
        <middleName>M.</middleName>
        <sponsorshipWithdrawnDate />
        <firstName>Steven</firstName>
        <isOriginalCosponsor>False</isOriginalCosponsor>
        <party>R</party>
        <district>4</district>
      </item>
      <item>
        <lastName>Poliquin</lastName>
        <bioguideId>P000611</bioguideId>
        <state>ME</state>
        <sponsorshipDate>2017-05-03</sponsorshipDate>
        <fullName>Rep. Poliquin, Bruce [R-ME-2]</fullName>
        <identifiers>
          <lisID>2247</lisID>
          <gpoId />
          <bioguideId>P000611</bioguideId>
        </identifiers>
        <middleName />
        <sponsorshipWithdrawnDate />
        <firstName>Bruce</firstName>
        <isOriginalCosponsor>False</isOriginalCosponsor>
        <party>R</party>
        <district>2</district>
      </item>
      <item>
        <lastName>Olson</lastName>
        <bioguideId>O000168</bioguideId>
        <state>TX</state>
        <sponsorshipDate>2017-05-03</sponsorshipDate>
        <fullName>Rep. Olson, Pete [R-TX-22]</fullName>
        <identifiers>
          <lisID>1955</lisID>
          <gpoId>8178</gpoId>
          <bioguideId>O000168</bioguideId>
        </identifiers>
        <middleName />
        <sponsorshipWithdrawnDate />
        <firstName>Pete</firstName>
        <isOriginalCosponsor>False</isOriginalCosponsor>
        <party>R</party>
        <district>22</district>
      </item>
      <item>
        <lastName>Hice</lastName>
        <bioguideId>H001071</bioguideId>
        <state>GA</state>
        <sponsorshipDate>2017-05-18</sponsorshipDate>
        <fullName>Rep. Hice, Jody B. [R-GA-10]</fullName>
        <identifiers>
          <lisID>2237</lisID>
          <gpoId />
          <bioguideId>H001071</bioguideId>
        </identifiers>
        <middleName>B.</middleName>
        <sponsorshipWithdrawnDate />
        <firstName>Jody</firstName>
        <isOriginalCosponsor>False</isOriginalCosponsor>
        <party>R</party>
        <district>10</district>
      </item>
      <item>
        <lastName>Rokita</lastName>
        <bioguideId>R000592</bioguideId>
        <state>IN</state>
        <sponsorshipDate>2017-05-18</sponsorshipDate>
        <fullName>Rep. Rokita, Todd [R-IN-4]</fullName>
        <identifiers>
          <lisID>2017</lisID>
          <gpoId>7943</gpoId>
          <bioguideId>R000592</bioguideId>
        </identifiers>
        <middleName />
        <sponsorshipWithdrawnDate />
        <firstName>Todd</firstName>
        <isOriginalCosponsor>False</isOriginalCosponsor>
        <party>R</party>
        <district>4</district>
      </item>
      <item>
        <lastName>Newhouse</lastName>
        <bioguideId>N000189</bioguideId>
        <state>WA</state>
        <sponsorshipDate>2017-06-06</sponsorshipDate>
        <fullName>Rep. Newhouse, Dan [R-WA-4]</fullName>
        <identifiers>
          <bioguideId>N000189</bioguideId>
          <gpoId />
          <lisID>2275</lisID>
        </identifiers>
        <middleName />
        <sponsorshipWithdrawnDate />
        <firstName>Dan</firstName>
        <isOriginalCosponsor>False</isOriginalCosponsor>
        <party>R</party>
        <district>4</district>
      </item>
      <item>
        <lastName>Babin</lastName>
        <bioguideId>B001291</bioguideId>
        <state>TX</state>
        <sponsorshipDate>2017-06-06</sponsorshipDate>
        <fullName>Rep. Babin, Brian [R-TX-36]</fullName>
        <identifiers>
          <bioguideId>B001291</bioguideId>
          <gpoId />
          <lisID>2270</lisID>
        </identifiers>
        <middleName />
        <sponsorshipWithdrawnDate />
        <firstName>Brian</firstName>
        <isOriginalCosponsor>False</isOriginalCosponsor>
        <party>R</party>
        <district>36</district>
      </item>
      <item>
        <lastName>Carter</lastName>
        <bioguideId>C001103</bioguideId>
        <state>GA</state>
        <sponsorshipDate>2017-07-25</sponsorshipDate>
        <fullName>Rep. Carter, Earl L. "Buddy" [R-GA-1]</fullName>
        <identifiers>
          <bioguideId>C001103</bioguideId>
          <lisID>2236</lisID>
          <gpoId />
        </identifiers>
        <middleName>L. "Buddy"</middleName>
        <sponsorshipWithdrawnDate />
        <firstName>Earl</firstName>
        <isOriginalCosponsor>False</isOriginalCosponsor>
        <party>R</party>
        <district>1</district>
      </item>
    </cosponsors>
    <laws />
    <title>Protect Our Military Families' 2nd Amendment Rights Act</title>
    <billNumber>256</billNumber>
    <congress>115</congress>
    <actions>
      <item>
        <committee />
        <text>Sponsor introductory remarks on measure. (CR H396)</text>
        <sourceSystem>
          <code>9</code>
          <name>Library of Congress</name>
        </sourceSystem>
        <actionDate>2017-01-12</actionDate>
        <actionCode>B00100</actionCode>
        <links>
          <link>
            <url>https://www.congress.gov/congressional-record/volume-163/house-section/page/H396</url>
            <name>H396</name>
          </link>
        </links>
        <type>IntroReferral</type>
      </item>
      <item>
        <actionDate>2017-01-10</actionDate>
        <committee>
          <systemCode>hsju08</systemCode>
          <name>Crime, Terrorism, Homeland Security, and Investigations Subcommittee</name>
        </committee>
        <links />
        <sourceSystem>
          <code>1</code>
          <name>House committee actions</name>
        </sourceSystem>
        <text>Referred to the Subcommittee on Crime, Terrorism, Homeland Security, and Investigations.</text>
        <type>Committee</type>
      </item>
      <item>
        <committee>
          <systemCode>hsju00</systemCode>
          <name>Judiciary Committee</name>
        </committee>
        <text>Referred to the House Committee on the Judiciary.</text>
        <sourceSystem>
          <code>2</code>
          <name>House floor actions</name>
        </sourceSystem>
        <actionDate>2017-01-04</actionDate>
        <actionCode>H11100</actionCode>
        <links />
        <type>IntroReferral</type>
      </item>
      <item>
        <committee />
        <text>Introduced in House</text>
        <sourceSystem>
          <code>9</code>
          <name>Library of Congress</name>
        </sourceSystem>
        <actionDate>2017-01-04</actionDate>
        <actionCode>Intro-H</actionCode>
        <links />
        <type>IntroReferral</type>
      </item>
      <item>
        <committee />
        <text>Introduced in House</text>
        <sourceSystem>
          <code>9</code>
          <name>Library of Congress</name>
        </sourceSystem>
        <actionDate>2017-01-04</actionDate>
        <actionCode>1000</actionCode>
        <links />
        <type>IntroReferral</type>
      </item>
      <actionByCounts>
        <houseOfRepresentatives>4</houseOfRepresentatives>
      </actionByCounts>
      <actionTypeCounts>
        <billReferrals>1</billReferrals>
        <placeholderTextForB>1</placeholderTextForB>
        <introducedInTheHouse>1</introducedInTheHouse>
        <introducedInHouse>1</introducedInHouse>
        <placeholderTextForH>1</placeholderTextForH>
      </actionTypeCounts>
    </actions>
  </bill>
  <dublinCore xmlns:dc="http://purl.org/dc/elements/1.1/">
    <dc:format>text/xml</dc:format>
    <dc:language>EN</dc:language>
    <dc:rights>Pursuant to Title 17 Section 105 of the United States Code, this file is not subject to copyright protection and is in the public domain.</dc:rights>
    <dc:contributor>Congressional Research Service, Library of Congress</dc:contributor>
    <dc:description>This file contains bill summaries and statuses for federal legislation. A bill summary describes the most significant provisions of a piece of legislation and details the effects the legislative text may have on current law and federal programs. Bill summaries are authored by the Congressional Research Service (CRS) of the Library of Congress. As stated in Public Law 91-510 (2 USC 166 (d)(6)), one of the duties of CRS is "to prepare summaries and digests of bills and resolutions of a public general nature introduced in the Senate or House of Representatives". For more information, refer to the User Guide that accompanies this file.</dc:description>
  </dublinCore>
</billStatus>

