<?xml version="1.0" encoding="UTF-8"?>
<billStatus>
  <bill>
    <calendarNumbers />
    <congress>115</congress>
    <billType>HR</billType>
    <constitutionalAuthorityStatementText><![CDATA[<pre>From the Congressional Record Online through the Government Publishing Office [<a href='http://www.gpo.gov'>www.gpo.gov</a>]By Mr. YOUNG of Alaska:H.R. 234.Congress has the power to enact this legislation pursuantto the following:Article 1, Section 8, Clause 3, and Article 1, Section 8,Clause 1[Page H53]</pre>]]></constitutionalAuthorityStatementText>
    <recordedVotes />
    <summaries>
      <billSummaries>
        <item>
          <versionCode>00</versionCode>
          <text><![CDATA[<p><b>Maritime Lien Reform Act</b></p> <p>This bill revises federal shipping laws governing maritime liability to prohibit: (1) maritime liens (liens on vessels) from being imposed on state or federal fishing permits, or (2) civil actions to enforce maritime liens on the permits. A fishing permit is not considered to be part of a vessel, so it does not pass with a vessel upon the vessel's sale or transfer.</p>]]></text>
          <updateDate>2017-01-03T05:00:00Z</updateDate>
          <actionDate>2017-01-03</actionDate>
          <lastSummaryUpdateDate>2017-01-12T17:19:42Z</lastSummaryUpdateDate>
          <name>Introduced in House</name>
          <actionDesc>Introduced in House</actionDesc>
        </item>
      </billSummaries>
    </summaries>
    <subjects>
      <billSubjects>
        <policyArea>
          <name>Transportation and Public Works</name>
        </policyArea>
        <legislativeSubjects>
          <item>
            <name>Civil actions and liability</name>
          </item>
          <item>
            <name>Licensing and registrations</name>
          </item>
          <item>
            <name>Marine and coastal resources, fisheries</name>
          </item>
          <item>
            <name>Marine and inland water transportation</name>
          </item>
        </legislativeSubjects>
      </billSubjects>
    </subjects>
    <cosponsors />
    <actions>
      <actionTypeCounts>
        <billReferrals>1</billReferrals>
        <introducedInTheHouse>1</introducedInTheHouse>
        <placeholderTextForH>1</placeholderTextForH>
        <introducedInHouse>1</introducedInHouse>
      </actionTypeCounts>
      <item>
        <actionDate>2017-01-04</actionDate>
        <committee>
          <name>Coast Guard and Maritime Transportation Subcommittee</name>
          <systemCode>hspw07</systemCode>
        </committee>
        <links />
        <sourceSystem>
          <code>1</code>
          <name>House committee actions</name>
        </sourceSystem>
        <text>Referred to the Subcommittee on Coast Guard and Maritime Transportation.</text>
        <type>Committee</type>
      </item>
      <item>
        <text>Referred to the House Committee on Transportation and Infrastructure.</text>
        <type>IntroReferral</type>
        <actionDate>2017-01-03</actionDate>
        <links />
        <committee>
          <name>Transportation and Infrastructure Committee</name>
          <systemCode>hspw00</systemCode>
        </committee>
        <sourceSystem>
          <code>2</code>
          <name>House floor actions</name>
        </sourceSystem>
        <actionCode>H11100</actionCode>
      </item>
      <item>
        <text>Introduced in House</text>
        <type>IntroReferral</type>
        <actionDate>2017-01-03</actionDate>
        <links />
        <committee />
        <sourceSystem>
          <code>9</code>
          <name>Library of Congress</name>
        </sourceSystem>
        <actionCode>Intro-H</actionCode>
      </item>
      <item>
        <text>Introduced in House</text>
        <type>IntroReferral</type>
        <actionDate>2017-01-03</actionDate>
        <links />
        <committee />
        <sourceSystem>
          <code>9</code>
          <name>Library of Congress</name>
        </sourceSystem>
        <actionCode>1000</actionCode>
      </item>
      <actionByCounts>
        <houseOfRepresentatives>4</houseOfRepresentatives>
      </actionByCounts>
    </actions>
    <notes />
    <policyArea>
      <name>Transportation and Public Works</name>
    </policyArea>
    <billNumber>234</billNumber>
    <createDate>2017-01-04T07:01:13Z</createDate>
    <originChamber>House</originChamber>
    <committees>
      <billCommittees>
        <item>
          <chamber>House</chamber>
          <name>Transportation and Infrastructure Committee</name>
          <subcommittees>
            <item>
              <name>Coast Guard and Maritime Transportation Subcommittee</name>
              <systemCode>hspw07</systemCode>
              <activities>
                <item>
                  <name>Referred to</name>
                  <date>2017-01-04T21:57:48Z</date>
                </item>
              </activities>
            </item>
          </subcommittees>
          <activities>
            <item>
              <name>Referred to</name>
              <date>2017-01-03T17:28:30Z</date>
            </item>
          </activities>
          <type>Standing</type>
          <systemCode>hspw00</systemCode>
        </item>
      </billCommittees>
    </committees>
    <introducedDate>2017-01-03</introducedDate>
    <amendments />
    <sponsors>
      <item>
        <lastName>YOUNG</lastName>
        <bioguideId>Y000033</bioguideId>
        <identifiers>
          <gpoId>7785</gpoId>
          <lisID>1256</lisID>
          <bioguideId>Y000033</bioguideId>
        </identifiers>
        <party>R</party>
        <firstName>DON</firstName>
        <fullName>Rep. Young, Don [R-AK-At Large]</fullName>
        <state>AK</state>
        <byRequestType />
        <middleName>E.</middleName>
        <district>0</district>
      </item>
    </sponsors>
    <committeeReports />
    <cboCostEstimates />
    <titles>
      <item>
        <chamberCode />
        <parentTitleType />
        <titleType>Short Titles as Introduced</titleType>
        <title>Maritime Lien Reform Act</title>
        <chamberName />
      </item>
      <item>
        <chamberCode />
        <parentTitleType />
        <titleType>Official Title as Introduced</titleType>
        <title>To provide limitations on maritime liens on fishing permits, and for other purposes.</title>
        <chamberName />
      </item>
      <item>
        <chamberCode />
        <parentTitleType />
        <titleType>Display Title</titleType>
        <title>Maritime Lien Reform Act</title>
        <chamberName />
      </item>
      <item>
        <chamberCode />
        <parentTitleType />
        <titleType>(Extracted from GPO) Short Titles as Introduced</titleType>
        <title>Maritime Lien Reform Act</title>
        <chamberName />
      </item>
    </titles>
    <title>Maritime Lien Reform Act</title>
    <laws />
    <relatedBills />
    <latestAction>
      <actionDate>2017-01-04</actionDate>
      <links />
      <text>Referred to the Subcommittee on Coast Guard and Maritime Transportation.</text>
    </latestAction>
    <version>1.0.0</version>
    <updateDate>2018-03-30T13:58:34Z</updateDate>
  </bill>
  <dublinCore xmlns:dc="http://purl.org/dc/elements/1.1/">
    <dc:format>text/xml</dc:format>
    <dc:language>EN</dc:language>
    <dc:rights>Pursuant to Title 17 Section 105 of the United States Code, this file is not subject to copyright protection and is in the public domain.</dc:rights>
    <dc:contributor>Congressional Research Service, Library of Congress</dc:contributor>
    <dc:description>This file contains bill summaries and statuses for federal legislation. A bill summary describes the most significant provisions of a piece of legislation and details the effects the legislative text may have on current law and federal programs. Bill summaries are authored by the Congressional Research Service (CRS) of the Library of Congress. As stated in Public Law 91-510 (2 USC 166 (d)(6)), one of the duties of CRS is "to prepare summaries and digests of bills and resolutions of a public general nature introduced in the Senate or House of Representatives". For more information, refer to the User Guide that accompanies this file.</dc:description>
  </dublinCore>
</billStatus>

