<?xml version="1.0" encoding="UTF-8"?>
<billStatus>
  <bill>
    <titles>
      <item>
        <titleType>Short Titles as Introduced</titleType>
        <parentTitleType />
        <title>Look-back Elimination Act of 2017</title>
        <chamberName />
        <chamberCode />
      </item>
      <item>
        <titleType>Official Title as Introduced</titleType>
        <parentTitleType />
        <title>To eliminate the requirement that, to be eligible for foster care maintenance payments, a child would have been eligible for aid under the former program of Aid to Families with Dependent Children at the time of removal from the home.</title>
        <chamberName />
        <chamberCode />
      </item>
      <item>
        <titleType>Display Title</titleType>
        <parentTitleType />
        <title>Look-back Elimination Act of 2017</title>
        <chamberName />
        <chamberCode />
      </item>
      <item>
        <titleType>(Extracted from GPO) Short Titles as Introduced</titleType>
        <parentTitleType />
        <title>Look-back Elimination Act of 2017</title>
        <chamberName />
        <chamberCode />
      </item>
    </titles>
    <policyArea>
      <name>Families</name>
    </policyArea>
    <amendments />
    <billNumber>269</billNumber>
    <version>1.0.0</version>
    <congress>115</congress>
    <calendarNumbers />
    <createDate>2017-01-05T04:47:33Z</createDate>
    <updateDate>2018-03-30T13:58:50Z</updateDate>
    <latestAction>
      <actionDate>2017-01-18</actionDate>
      <links />
      <text>Referred to the Subcommittee on Human Resources.</text>
    </latestAction>
    <laws />
    <sponsors>
      <item>
        <fullName>Rep. Lewis, John [D-GA-5]</fullName>
        <bioguideId>L000287</bioguideId>
        <lastName>LEWIS</lastName>
        <byRequestType />
        <firstName>JOHN</firstName>
        <district>5</district>
        <state>GA</state>
        <middleName />
        <party>D</party>
        <identifiers>
          <bioguideId>L000287</bioguideId>
          <gpoId>7902</gpoId>
          <lisID>688</lisID>
        </identifiers>
      </item>
    </sponsors>
    <originChamber>House</originChamber>
    <constitutionalAuthorityStatementText><![CDATA[<pre>From the Congressional Record Online through the Government Publishing Office [<a href='http://www.gpo.gov'>www.gpo.gov</a>]By Mr. LEWIS of Georgia:H.R. 269.Congress has the power to enact this legislation pursuantto the following:This bill is enacted pursuant to the power granted toCongress under Article I of the United States Constitutionand its subsequent amendments, and further clarified andinterpreted by the Supreme Court of the United States.[Page H97]</pre>]]></constitutionalAuthorityStatementText>
    <cosponsors />
    <billType>HR</billType>
    <notes />
    <summaries>
      <billSummaries>
        <item>
          <actionDesc>Introduced in House</actionDesc>
          <name>Introduced in House</name>
          <actionDate>2017-01-04</actionDate>
          <updateDate>2017-01-04T05:00:00Z</updateDate>
          <versionCode>00</versionCode>
          <text><![CDATA[<p><b>Look-back Elimination Act of 2017</b></p> <p>This bill amends part E (Foster Care and Adoption Assistance) of title IV of the Social Security Act to extend federal funding to states for maintenance payments on behalf of each foster child, regardless of whether the child would have been eligible for aid under the former Aid to Families with Dependent Children program at the time of removal from the home. </p>]]></text>
          <lastSummaryUpdateDate>2017-04-06T19:15:58Z</lastSummaryUpdateDate>
        </item>
      </billSummaries>
    </summaries>
    <relatedBills />
    <committees>
      <billCommittees>
        <item>
          <name>Ways and Means Committee</name>
          <subcommittees>
            <item>
              <systemCode>hswm03</systemCode>
              <name>Human Resources Subcommittee</name>
              <activities>
                <item>
                  <date>2017-01-18T21:47:25Z</date>
                  <name>Referred to</name>
                </item>
              </activities>
            </item>
          </subcommittees>
          <systemCode>hswm00</systemCode>
          <chamber>House</chamber>
          <activities>
            <item>
              <date>2017-01-04T15:02:15Z</date>
              <name>Referred to</name>
            </item>
          </activities>
          <type>Standing</type>
        </item>
      </billCommittees>
    </committees>
    <cboCostEstimates />
    <subjects>
      <billSubjects>
        <legislativeSubjects>
          <item>
            <name>Administrative law and regulatory procedures</name>
          </item>
          <item>
            <name>Adoption and foster care</name>
          </item>
          <item>
            <name>Department of Health and Human Services</name>
          </item>
          <item>
            <name>Poverty and welfare assistance</name>
          </item>
        </legislativeSubjects>
        <policyArea>
          <name>Families</name>
        </policyArea>
      </billSubjects>
    </subjects>
    <committeeReports />
    <title>Look-back Elimination Act of 2017</title>
    <recordedVotes />
    <actions>
      <actionTypeCounts>
        <placeholderTextForH>1</placeholderTextForH>
        <introducedInHouse>1</introducedInHouse>
        <billReferrals>1</billReferrals>
        <introducedInTheHouse>1</introducedInTheHouse>
      </actionTypeCounts>
      <item>
        <actionDate>2017-01-18</actionDate>
        <committee>
          <systemCode>hswm03</systemCode>
          <name>Human Resources Subcommittee</name>
        </committee>
        <links />
        <sourceSystem>
          <code>1</code>
          <name>House committee actions</name>
        </sourceSystem>
        <text>Referred to the Subcommittee on Human Resources.</text>
        <type>Committee</type>
      </item>
      <item>
        <actionDate>2017-01-04</actionDate>
        <type>IntroReferral</type>
        <links />
        <committee>
          <systemCode>hswm00</systemCode>
          <name>Ways and Means Committee</name>
        </committee>
        <actionCode>H11100</actionCode>
        <text>Referred to the House Committee on Ways and Means.</text>
        <sourceSystem>
          <code>2</code>
          <name>House floor actions</name>
        </sourceSystem>
      </item>
      <item>
        <actionDate>2017-01-04</actionDate>
        <type>IntroReferral</type>
        <links />
        <committee />
        <actionCode>Intro-H</actionCode>
        <text>Introduced in House</text>
        <sourceSystem>
          <code>9</code>
          <name>Library of Congress</name>
        </sourceSystem>
      </item>
      <item>
        <actionDate>2017-01-04</actionDate>
        <type>IntroReferral</type>
        <links />
        <committee />
        <actionCode>1000</actionCode>
        <text>Introduced in House</text>
        <sourceSystem>
          <code>9</code>
          <name>Library of Congress</name>
        </sourceSystem>
      </item>
      <actionByCounts>
        <houseOfRepresentatives>4</houseOfRepresentatives>
      </actionByCounts>
    </actions>
    <introducedDate>2017-01-04</introducedDate>
  </bill>
  <dublinCore xmlns:dc="http://purl.org/dc/elements/1.1/">
    <dc:format>text/xml</dc:format>
    <dc:language>EN</dc:language>
    <dc:rights>Pursuant to Title 17 Section 105 of the United States Code, this file is not subject to copyright protection and is in the public domain.</dc:rights>
    <dc:contributor>Congressional Research Service, Library of Congress</dc:contributor>
    <dc:description>This file contains bill summaries and statuses for federal legislation. A bill summary describes the most significant provisions of a piece of legislation and details the effects the legislative text may have on current law and federal programs. Bill summaries are authored by the Congressional Research Service (CRS) of the Library of Congress. As stated in Public Law 91-510 (2 USC 166 (d)(6)), one of the duties of CRS is "to prepare summaries and digests of bills and resolutions of a public general nature introduced in the Senate or House of Representatives". For more information, refer to the User Guide that accompanies this file.</dc:description>
  </dublinCore>
</billStatus>

