<?xml version="1.0" encoding="UTF-8"?>
<billStatus>
  <bill>
    <laws />
    <recordedVotes />
    <amendments />
    <titles>
      <item>
        <chamberName />
        <title>Small Business Administration Franchise Loan Transparency Act of 2017</title>
        <chamberCode />
        <titleType>Short Titles as Introduced</titleType>
        <parentTitleType />
      </item>
      <item>
        <chamberName />
        <title>To establish minimum standards of disclosure by franchises whose franchisees use loans guaranteed by the Small Business Administration.</title>
        <chamberCode />
        <titleType>Official Title as Introduced</titleType>
        <parentTitleType />
      </item>
      <item>
        <chamberName />
        <title>Small Business Administration Franchise Loan Transparency Act of 2017</title>
        <chamberCode />
        <titleType>Display Title</titleType>
        <parentTitleType />
      </item>
      <item>
        <chamberName />
        <title>Small Business Administration Franchise Loan Transparency Act of 2017</title>
        <chamberCode />
        <titleType>(Extracted from GPO) Short Titles as Introduced</titleType>
        <parentTitleType />
      </item>
    </titles>
    <sponsors>
      <item>
        <state>MN</state>
        <identifiers>
          <bioguideId>E000288</bioguideId>
          <gpoId>8005</gpoId>
          <lisID>1857</lisID>
        </identifiers>
        <lastName>Ellison</lastName>
        <party>D</party>
        <district>5</district>
        <middleName />
        <fullName>Rep. Ellison, Keith [D-MN-5]</fullName>
        <bioguideId>E000288</bioguideId>
        <firstName>Keith</firstName>
        <byRequestType />
      </item>
    </sponsors>
    <committeeReports />
    <version>1.0.0</version>
    <calendarNumbers />
    <billNumber>471</billNumber>
    <originChamber>House</originChamber>
    <cosponsors>
      <item>
        <state>CA</state>
        <lastName>Huffman</lastName>
        <sponsorshipWithdrawnDate />
        <district>2</district>
        <middleName />
        <fullName>Rep. Huffman, Jared [D-CA-2]</fullName>
        <bioguideId>H001068</bioguideId>
        <party>D</party>
        <identifiers>
          <bioguideId>H001068</bioguideId>
          <gpoId />
          <lisID>2101</lisID>
        </identifiers>
        <sponsorshipDate>2017-01-12</sponsorshipDate>
        <isOriginalCosponsor>True</isOriginalCosponsor>
        <firstName>Jared</firstName>
      </item>
      <item>
        <state>MI</state>
        <lastName>CONYERS</lastName>
        <sponsorshipWithdrawnDate />
        <district>13</district>
        <middleName />
        <fullName>Rep. Conyers, John, Jr. [D-MI-13]</fullName>
        <bioguideId>C000714</bioguideId>
        <party>D</party>
        <identifiers>
          <lisID>229</lisID>
          <gpoId>7999</gpoId>
          <bioguideId>C000714</bioguideId>
        </identifiers>
        <sponsorshipDate>2017-01-12</sponsorshipDate>
        <isOriginalCosponsor>True</isOriginalCosponsor>
        <firstName>JOHN</firstName>
      </item>
      <item>
        <state>MN</state>
        <lastName>MCCOLLUM</lastName>
        <sponsorshipWithdrawnDate />
        <district>4</district>
        <middleName />
        <fullName>Rep. McCollum, Betty [D-MN-4]</fullName>
        <bioguideId>M001143</bioguideId>
        <party>D</party>
        <identifiers>
          <lisID>1653</lisID>
          <gpoId>8004</gpoId>
          <bioguideId>M001143</bioguideId>
        </identifiers>
        <sponsorshipDate>2017-01-12</sponsorshipDate>
        <isOriginalCosponsor>True</isOriginalCosponsor>
        <firstName>BETTY</firstName>
      </item>
      <item>
        <state>CT</state>
        <lastName>LARSON</lastName>
        <sponsorshipWithdrawnDate />
        <district>1</district>
        <middleName>B.</middleName>
        <fullName>Rep. Larson, John B. [D-CT-1]</fullName>
        <bioguideId>L000557</bioguideId>
        <party>D</party>
        <identifiers>
          <lisID>1583</lisID>
          <gpoId>7866</gpoId>
          <bioguideId>L000557</bioguideId>
        </identifiers>
        <sponsorshipDate>2017-01-13</sponsorshipDate>
        <isOriginalCosponsor>False</isOriginalCosponsor>
        <firstName>JOHN</firstName>
      </item>
    </cosponsors>
    <title>Small Business Administration Franchise Loan Transparency Act of 2017</title>
    <policyArea>
      <name>Commerce</name>
    </policyArea>
    <billType>HR</billType>
    <congress>115</congress>
    <subjects>
      <billSubjects>
        <policyArea>
          <name>Commerce</name>
        </policyArea>
        <legislativeSubjects>
          <item>
            <name>Business records</name>
          </item>
          <item>
            <name>Contracts and agency</name>
          </item>
          <item>
            <name>Credit and credit markets</name>
          </item>
          <item>
            <name>Government information and archives</name>
          </item>
          <item>
            <name>Government lending and loan guarantees</name>
          </item>
          <item>
            <name>Retail and wholesale trades</name>
          </item>
          <item>
            <name>Service industries</name>
          </item>
          <item>
            <name>Small business</name>
          </item>
        </legislativeSubjects>
      </billSubjects>
    </subjects>
    <latestAction>
      <links />
      <actionDate>2017-01-25</actionDate>
      <text>Referred to the Subcommittee on Digital Commerce and Consumer Protection.</text>
    </latestAction>
    <updateDate>2018-03-30T13:59:48Z</updateDate>
    <createDate>2017-01-13T04:55:31Z</createDate>
    <actions>
      <item>
        <actionDate>2017-01-25</actionDate>
        <committee>
          <name>Commerce, Manufacturing, and Trade Subcommittee</name>
          <systemCode>hsif17</systemCode>
        </committee>
        <links />
        <sourceSystem>
          <code>1</code>
          <name>House committee actions</name>
        </sourceSystem>
        <text>Referred to the Subcommittee on Digital Commerce and Consumer Protection.</text>
        <type>Committee</type>
      </item>
      <item>
        <actionDate>2017-01-12</actionDate>
        <text>Referred to the House Committee on Energy and Commerce.</text>
        <links />
        <committee>
          <name>Energy and Commerce Committee</name>
          <systemCode>hsif00</systemCode>
        </committee>
        <sourceSystem>
          <code>2</code>
          <name>House floor actions</name>
        </sourceSystem>
        <actionCode>H11100</actionCode>
        <type>IntroReferral</type>
      </item>
      <item>
        <actionDate>2017-01-12</actionDate>
        <text>Introduced in House</text>
        <links />
        <committee />
        <sourceSystem>
          <code>9</code>
          <name>Library of Congress</name>
        </sourceSystem>
        <actionCode>Intro-H</actionCode>
        <type>IntroReferral</type>
      </item>
      <item>
        <actionDate>2017-01-12</actionDate>
        <text>Introduced in House</text>
        <links />
        <committee />
        <sourceSystem>
          <code>9</code>
          <name>Library of Congress</name>
        </sourceSystem>
        <actionCode>1000</actionCode>
        <type>IntroReferral</type>
      </item>
      <actionTypeCounts>
        <introducedInHouse>1</introducedInHouse>
        <placeholderTextForH>1</placeholderTextForH>
        <introducedInTheHouse>1</introducedInTheHouse>
        <billReferrals>1</billReferrals>
      </actionTypeCounts>
      <actionByCounts>
        <houseOfRepresentatives>4</houseOfRepresentatives>
      </actionByCounts>
    </actions>
    <notes />
    <introducedDate>2017-01-12</introducedDate>
    <relatedBills />
    <constitutionalAuthorityStatementText><![CDATA[<pre>From the Congressional Record Online through the Government Publishing Office [<a href='http://www.gpo.gov'>www.gpo.gov</a>]By Mr. ELLISON:H.R. 471.Congress has the power to enact this legislation pursuantto the following:Article I, Section 8, Clause 1 and 3.[Page H472]</pre>]]></constitutionalAuthorityStatementText>
    <cboCostEstimates />
    <summaries>
      <billSummaries>
        <item>
          <lastSummaryUpdateDate>2017-02-27T19:39:09Z</lastSummaryUpdateDate>
          <updateDate>2017-01-12T05:00:00Z</updateDate>
          <text><![CDATA[<p><b>Small Business Administration Franchise Loan Transparency Act of 2017</b></p> <p>This bill requires a franchisor, except one with a franchise in the lodging industry, to disclose in the required Federal Trade Commission disclosure document:</p> <ul> <li>the average first-year revenue for all franchise locations for each of the preceding five years of operation;</li> <li>the number of franchise locations that went out of business or were sold by the franchisee during the first year of operation for each such period; and</li> <li>the average revenues for all locations of the franchise for each such period, aggregated to show the top 25%, middle 50%, and the bottom 25% of revenue.</li> </ul> <p> Any financial information relating to the performance of any franchise's location provided by the franchisor, or its representatives, to the lender for the purpose of qualifying the loan, must be disclosed to the prospective franchisee borrower.</p>]]></text>
          <actionDesc>Introduced in House</actionDesc>
          <versionCode>00</versionCode>
          <actionDate>2017-01-12</actionDate>
          <name>Introduced in House</name>
        </item>
      </billSummaries>
    </summaries>
    <committees>
      <billCommittees>
        <item>
          <chamber>House</chamber>
          <name>Energy and Commerce Committee</name>
          <subcommittees>
            <item>
              <name>Commerce, Manufacturing, and Trade Subcommittee</name>
              <systemCode>hsif17</systemCode>
              <activities>
                <item>
                  <name>Referred to</name>
                  <date>2017-01-25T14:39:59Z</date>
                </item>
              </activities>
            </item>
          </subcommittees>
          <activities>
            <item>
              <name>Referred to</name>
              <date>2017-01-12T15:03:00Z</date>
            </item>
          </activities>
          <type>Standing</type>
          <systemCode>hsif00</systemCode>
        </item>
      </billCommittees>
    </committees>
  </bill>
  <dublinCore xmlns:dc="http://purl.org/dc/elements/1.1/">
    <dc:format>text/xml</dc:format>
    <dc:language>EN</dc:language>
    <dc:rights>Pursuant to Title 17 Section 105 of the United States Code, this file is not subject to copyright protection and is in the public domain.</dc:rights>
    <dc:contributor>Congressional Research Service, Library of Congress</dc:contributor>
    <dc:description>This file contains bill summaries and statuses for federal legislation. A bill summary describes the most significant provisions of a piece of legislation and details the effects the legislative text may have on current law and federal programs. Bill summaries are authored by the Congressional Research Service (CRS) of the Library of Congress. As stated in Public Law 91-510 (2 USC 166 (d)(6)), one of the duties of CRS is "to prepare summaries and digests of bills and resolutions of a public general nature introduced in the Senate or House of Representatives". For more information, refer to the User Guide that accompanies this file.</dc:description>
  </dublinCore>
</billStatus>

