<?xml version="1.0" encoding="UTF-8"?>
<billStatus>
  <bill>
    <laws />
    <recordedVotes />
    <amendments />
    <titles>
      <item>
        <titleType>Short Titles as Introduced</titleType>
        <parentTitleType />
        <title>Finish the Fence Act of 2017</title>
        <chamberName />
        <chamberCode />
      </item>
      <item>
        <titleType>Official Title as Introduced</titleType>
        <parentTitleType />
        <title>To amend the Illegal Immigration and Immigrant Responsibility Act of 1996 to direct the Secretary of Homeland Security to complete the required 700-mile southwest border fencing by December 31, 2016, and for other purposes.</title>
        <chamberName />
        <chamberCode />
      </item>
      <item>
        <titleType>Display Title</titleType>
        <parentTitleType />
        <title>Finish the Fence Act of 2017</title>
        <chamberName />
        <chamberCode />
      </item>
    </titles>
    <sponsors>
      <item>
        <state>FL</state>
        <identifiers>
          <gpoId>7884</gpoId>
          <bioguideId>R000593</bioguideId>
          <lisID>2003</lisID>
        </identifiers>
        <lastName>Ross</lastName>
        <party>R</party>
        <district>15</district>
        <middleName>A.</middleName>
        <fullName>Rep. Ross, Dennis A. [R-FL-15]</fullName>
        <bioguideId>R000593</bioguideId>
        <firstName>Dennis</firstName>
        <byRequestType />
      </item>
    </sponsors>
    <committeeReports />
    <version>1.0.0</version>
    <calendarNumbers />
    <billNumber>278</billNumber>
    <originChamber>House</originChamber>
    <cosponsors />
    <title>Finish the Fence Act of 2017</title>
    <policyArea>
      <name>Immigration</name>
    </policyArea>
    <billType>HR</billType>
    <congress>115</congress>
    <subjects>
      <billSubjects>
        <policyArea>
          <name>Immigration</name>
        </policyArea>
        <legislativeSubjects>
          <item>
            <name>Border security and unlawful immigration</name>
          </item>
          <item>
            <name>Intergovernmental relations</name>
          </item>
          <item>
            <name>Latin America</name>
          </item>
          <item>
            <name>Mexico</name>
          </item>
          <item>
            <name>State and local government operations</name>
          </item>
        </legislativeSubjects>
      </billSubjects>
    </subjects>
    <latestAction>
      <links />
      <actionDate>2017-02-02</actionDate>
      <text>Referred to the Subcommittee on Border and Maritime Security.</text>
    </latestAction>
    <updateDate>2018-03-30T13:58:53Z</updateDate>
    <createDate>2017-01-05T04:47:33Z</createDate>
    <actions>
      <actionByCounts>
        <houseOfRepresentatives>4</houseOfRepresentatives>
      </actionByCounts>
      <item>
        <actionDate>2017-02-02</actionDate>
        <committee>
          <name>Border and Maritime Security Subcommittee</name>
          <systemCode>hshm11</systemCode>
        </committee>
        <links />
        <sourceSystem>
          <name>House committee actions</name>
          <code>1</code>
        </sourceSystem>
        <text>Referred to the Subcommittee on Border and Maritime Security.</text>
        <type>Committee</type>
      </item>
      <item>
        <actionCode>H11100</actionCode>
        <committee>
          <name>Homeland Security Committee</name>
          <systemCode>hshm00</systemCode>
        </committee>
        <sourceSystem>
          <name>House floor actions</name>
          <code>2</code>
        </sourceSystem>
        <type>IntroReferral</type>
        <text>Referred to the House Committee on Homeland Security.</text>
        <actionDate>2017-01-04</actionDate>
        <links />
      </item>
      <item>
        <actionCode>Intro-H</actionCode>
        <committee />
        <sourceSystem>
          <name>Library of Congress</name>
          <code>9</code>
        </sourceSystem>
        <type>IntroReferral</type>
        <text>Introduced in House</text>
        <actionDate>2017-01-04</actionDate>
        <links />
      </item>
      <item>
        <actionCode>1000</actionCode>
        <committee />
        <sourceSystem>
          <name>Library of Congress</name>
          <code>9</code>
        </sourceSystem>
        <type>IntroReferral</type>
        <text>Introduced in House</text>
        <actionDate>2017-01-04</actionDate>
        <links />
      </item>
      <actionTypeCounts>
        <billReferrals>1</billReferrals>
        <introducedInHouse>1</introducedInHouse>
        <introducedInTheHouse>1</introducedInTheHouse>
        <placeholderTextForH>1</placeholderTextForH>
      </actionTypeCounts>
    </actions>
    <notes />
    <introducedDate>2017-01-04</introducedDate>
    <relatedBills>
      <item>
        <latestTitle>Finish the Fence Act of 2017</latestTitle>
        <latestAction>
          <actionDate>2017-02-02</actionDate>
          <text>Referred to the Subcommittee on Border and Maritime Security.</text>
        </latestAction>
        <number>454</number>
        <type>HR</type>
        <congress>115</congress>
        <relationshipDetails>
          <item>
            <identifiedBy>CRS</identifiedBy>
            <type>Identical bill</type>
          </item>
        </relationshipDetails>
      </item>
    </relatedBills>
    <constitutionalAuthorityStatementText><![CDATA[<pre>From the Congressional Record Online through the Government Publishing Office [<a href='http://www.gpo.gov'>www.gpo.gov</a>]By Mr. ROSS:H.R. 278.Congress has the power to enact this legislation pursuantto the following:Art. I, Sec. 8, Clause 1[Page H97]</pre>]]></constitutionalAuthorityStatementText>
    <cboCostEstimates />
    <summaries>
      <billSummaries>
        <item>
          <versionCode>00</versionCode>
          <text><![CDATA[<p><strong>Finish the Fence Act of 2017</strong></p> <p>This bill amends the Illegal Immigration Reform and Immigrant Responsibility Act of 1996 with respect to construction of border fencing and road improvements to direct the Department of Homeland Security (DHS) to complete the required 700-mile southwest border fencing by December 31, 2017. </p> <p>The Secure Fence Act of 2006 is amended to direct DHS, in consultation with state and local officials along the U.S.-Mexico border, to achieve operational control over U.S. international land and maritime borders by December 31, 2017.</p>]]></text>
          <updateDate>2017-01-04T05:00:00Z</updateDate>
          <actionDate>2017-01-04</actionDate>
          <lastSummaryUpdateDate>2017-01-31T16:34:43Z</lastSummaryUpdateDate>
          <name>Introduced in House</name>
          <actionDesc>Introduced in House</actionDesc>
        </item>
      </billSummaries>
    </summaries>
    <committees>
      <billCommittees>
        <item>
          <chamber>House</chamber>
          <name>Homeland Security Committee</name>
          <subcommittees>
            <item>
              <name>Border and Maritime Security Subcommittee</name>
              <systemCode>hshm11</systemCode>
              <activities>
                <item>
                  <name>Referred to</name>
                  <date>2017-02-02T14:25:40Z</date>
                </item>
              </activities>
            </item>
          </subcommittees>
          <activities>
            <item>
              <name>Referred to</name>
              <date>2017-01-04T15:04:35Z</date>
            </item>
          </activities>
          <type>Standing</type>
          <systemCode>hshm00</systemCode>
        </item>
      </billCommittees>
    </committees>
  </bill>
  <dublinCore xmlns:dc="http://purl.org/dc/elements/1.1/">
    <dc:format>text/xml</dc:format>
    <dc:language>EN</dc:language>
    <dc:rights>Pursuant to Title 17 Section 105 of the United States Code, this file is not subject to copyright protection and is in the public domain.</dc:rights>
    <dc:contributor>Congressional Research Service, Library of Congress</dc:contributor>
    <dc:description>This file contains bill summaries and statuses for federal legislation. A bill summary describes the most significant provisions of a piece of legislation and details the effects the legislative text may have on current law and federal programs. Bill summaries are authored by the Congressional Research Service (CRS) of the Library of Congress. As stated in Public Law 91-510 (2 USC 166 (d)(6)), one of the duties of CRS is "to prepare summaries and digests of bills and resolutions of a public general nature introduced in the Senate or House of Representatives". For more information, refer to the User Guide that accompanies this file.</dc:description>
  </dublinCore>
</billStatus>

