<?xml version="1.0" encoding="UTF-8"?>
<billStatus>
  <bill>
    <title>To authorize the Secretary of the Interior to amend the Definite Plan Report for the Seedskadee Project to enable the use of the active capacity of the Fontenelle Reservoir.</title>
    <latestAction>
      <actionDate>2018-03-08</actionDate>
      <text>Committee on Energy and Natural Resources. Ordered to be reported without amendment favorably.</text>
      <links />
    </latestAction>
    <createDate>2017-01-25T04:45:55Z</createDate>
    <titles>
      <item>
        <titleType>Official Title as Introduced</titleType>
        <chamberCode />
        <chamberName />
        <parentTitleType />
        <title>To authorize the Secretary of the Interior to amend the Definite Plan Report for the Seedskadee Project to enable the use of the active capacity of the Fontenelle Reservoir.</title>
      </item>
      <item>
        <titleType>Display Title</titleType>
        <chamberCode />
        <chamberName />
        <parentTitleType />
        <title>To authorize the Secretary of the Interior to amend the Definite Plan Report for the Seedskadee Project to enable the use of the active capacity of the Fontenelle Reservoir.</title>
      </item>
    </titles>
    <version>1.0.0</version>
    <notes />
    <subjects>
      <billSubjects>
        <legislativeSubjects>
          <item>
            <name>Dams and canals</name>
          </item>
          <item>
            <name>Water storage</name>
          </item>
          <item>
            <name>Water use and supply</name>
          </item>
          <item>
            <name>Wyoming</name>
          </item>
        </legislativeSubjects>
        <policyArea>
          <name>Water Resources Development</name>
        </policyArea>
      </billSubjects>
    </subjects>
    <cboCostEstimates>
      <item>
        <pubDate>2018-03-15T20:47:06Z</pubDate>
        <title>H.R. 648, an act to authorize the Secretary of the Interior to amend the Definite Plan Report for the Seedskadee Project to enable the use of the active capacity of the Fontenelle Reservoir</title>
        <url>https://www.cbo.gov/publication/53655</url>
      </item>
    </cboCostEstimates>
    <sponsors>
      <item>
        <firstName>Liz</firstName>
        <lastName>Cheney</lastName>
        <middleName />
        <byRequestType />
        <bioguideId>C001109</bioguideId>
        <identifiers>
          <gpoId />
          <bioguideId>C001109</bioguideId>
          <lisID>2356</lisID>
        </identifiers>
        <state>WY</state>
        <fullName>Rep. Cheney, Liz [R-WY-At Large]</fullName>
        <district>0</district>
        <party>R</party>
      </item>
    </sponsors>
    <calendarNumbers />
    <policyArea>
      <name>Water Resources Development</name>
    </policyArea>
    <summaries>
      <billSummaries>
        <item>
          <actionDesc>Introduced in House</actionDesc>
          <name>Introduced in House</name>
          <versionCode>00</versionCode>
          <actionDate>2017-01-24</actionDate>
          <text><![CDATA[<p>This bill authorizes the Department of the Interior, in cooperation with the state of Wyoming, to amend the Definite Plan Report for the Seedskadee Project (authorized under the Colorado River Storage Project Act) to provide for the study, design, planning, and construction activities that will enable the use of all active storage capacity of Fontenelle Dam and Reservoir, including the placement of sufficient riprap on the upstream face of the dam to allow such storage capacity to be used for authorized project purposes.</p> <p>Interior&nbsp;may enter into: (1) any contract, grant, cooperative agreement, or other agreement that is necessary to carry out this bill; and (2) contracts with Wyoming for division of any additional active capacity made available under this bill.</p> <p>Interior must enter into a cooperative agreement with Wyoming for planning, design, related preconstruction activities, and construction of any modification of the Fontenelle Dam, which shall specify the responsibilities of Interior and Wyoming regarding: (1) completing the planning and final design of the modification of the dam, (2) any environmental and cultural resource compliance activities required for the modification of the dam, and (3) the construction of the modification of the dam.</p>]]></text>
          <lastSummaryUpdateDate>2017-02-09T19:49:21Z</lastSummaryUpdateDate>
          <updateDate>2017-01-24T05:00:00Z</updateDate>
        </item>
        <item>
          <actionDesc>Passed House without amendment</actionDesc>
          <name>Passed House without amendment</name>
          <versionCode>81</versionCode>
          <actionDate>2017-03-15</actionDate>
          <text><![CDATA[<p>(This measure has not been amended since it was introduced. The summary has been expanded because action occurred on the measure.)</p> <p>(Sec. 1) This bill authorizes the Department of the Interior, in cooperation with the state of Wyoming, to amend the Definite Plan Report for the Seedskadee Project (authorized under the Colorado River Storage Project Act) to provide for the study, design, planning, and construction activities that will enable the use of all active storage capacity of Fontenelle Dam and Reservoir, including the placement of sufficient riprap on the upstream face of the dam to allow such storage capacity to be used for authorized project purposes.</p> <p>Interior&nbsp;may enter into: (1) any contract, grant, cooperative agreement, or other agreement that is necessary to carry out this bill; and (2) contracts with Wyoming for division of any additional active capacity made available under this bill.</p> <p>Interior must enter into a cooperative agreement with Wyoming for planning, design, related preconstruction activities, and construction of any modification of the Fontenelle Dam, which shall specify the responsibilities of Interior and Wyoming regarding: (1) completing the planning and final design of the modification of the dam, (2) any environmental and cultural resource compliance activities required for the modification of the dam, and (3) the construction of the modification of the dam.</p>]]></text>
          <lastSummaryUpdateDate>2017-03-23T21:38:40Z</lastSummaryUpdateDate>
          <updateDate>2017-03-15T13:38:38Z</updateDate>
        </item>
      </billSummaries>
    </summaries>
    <actions>
      <item>
        <actionDate>2018-03-08</actionDate>
        <committee>
          <name>Energy and Natural Resources Committee</name>
          <systemCode>sseg00</systemCode>
        </committee>
        <links />
        <sourceSystem>
          <code>0</code>
          <name>Senate</name>
        </sourceSystem>
        <text>Committee on Energy and Natural Resources. Ordered to be reported without amendment favorably.</text>
        <type>Committee</type>
      </item>
      <item>
        <actionDate>2017-03-21</actionDate>
        <committee>
          <name>Energy and Natural Resources Committee</name>
          <systemCode>sseg00</systemCode>
        </committee>
        <links />
        <sourceSystem>
          <code>0</code>
          <name>Senate</name>
        </sourceSystem>
        <text>Received in the Senate and Read twice and referred to the Committee on Energy and Natural Resources.</text>
        <type>IntroReferral</type>
      </item>
      <item>
        <actionDate>2017-03-15</actionDate>
        <text>Motion to reconsider laid on the table Agreed to without objection.</text>
        <links />
        <committee />
        <sourceSystem>
          <code>2</code>
          <name>House floor actions</name>
        </sourceSystem>
        <actionCode>H38310</actionCode>
        <actionTime>19:04:34</actionTime>
        <type>Floor</type>
      </item>
      <item>
        <actionDate>2017-03-15</actionDate>
        <text>On motion to suspend the rules and pass the bill Agreed to by the Yeas and Nays: (2/3 required): 408 - 0 (Roll no. 160). (text: CR H2064)</text>
        <links>
          <link>
            <name>H2064</name>
            <url>https://www.congress.gov/congressional-record/volume-163/house-section/page/H2064</url>
          </link>
          <link>
            <name>Roll no. 160</name>
            <url>http://clerk.house.gov/evs/2017/roll160.xml</url>
          </link>
        </links>
        <committee />
        <sourceSystem>
          <code>2</code>
          <name>House floor actions</name>
        </sourceSystem>
        <actionCode>H37300</actionCode>
        <actionTime>19:04:33</actionTime>
        <type>Floor</type>
      </item>
      <item>
        <actionDate>2017-03-15</actionDate>
        <text>Passed/agreed to in House: On motion to suspend the rules and pass the bill Agreed to by the Yeas and Nays: (2/3 required): 408 - 0 (Roll no. 160).(text: CR H2064)</text>
        <links>
          <link>
            <name>H2064</name>
            <url>https://www.congress.gov/congressional-record/volume-163/house-section/page/H2064</url>
          </link>
          <link>
            <name>Roll no. 160</name>
            <url>http://clerk.house.gov/evs/2017/roll160.xml</url>
          </link>
        </links>
        <committee />
        <sourceSystem>
          <code>9</code>
          <name>Library of Congress</name>
        </sourceSystem>
        <actionCode>8000</actionCode>
        <actionTime>19:04:33</actionTime>
        <type>Floor</type>
      </item>
      <item>
        <actionDate>2017-03-15</actionDate>
        <text>Considered as unfinished business. (consideration: CR H2067-2068)</text>
        <links>
          <link>
            <name>H2067-2068</name>
            <url>https://www.congress.gov/congressional-record/volume-163/house-section/page/H2067-2068</url>
          </link>
        </links>
        <committee />
        <sourceSystem>
          <code>2</code>
          <name>House floor actions</name>
        </sourceSystem>
        <actionCode>H30000</actionCode>
        <actionTime>18:58:09</actionTime>
        <type>Floor</type>
      </item>
      <item>
        <actionDate>2017-03-15</actionDate>
        <text>At the conclusion of debate, the Yeas and Nays were demanded and ordered. Pursuant to the provisions of clause 8, rule XX, the Chair announced that further proceedings on the motion would be postponed.</text>
        <links />
        <committee />
        <sourceSystem>
          <code>2</code>
          <name>House floor actions</name>
        </sourceSystem>
        <actionCode>H37220</actionCode>
        <actionTime>16:56:11</actionTime>
        <type>Floor</type>
      </item>
      <item>
        <actionDate>2017-03-15</actionDate>
        <text>DEBATE - The House proceeded with forty minutes of debate on H.R. 648.</text>
        <links>
          <link>
            <name>H.R. 648</name>
            <url>https://www.congress.gov/bill/115th-congress/house-bill/648</url>
          </link>
        </links>
        <committee />
        <sourceSystem>
          <code>2</code>
          <name>House floor actions</name>
        </sourceSystem>
        <actionCode>H8D000</actionCode>
        <actionTime>16:50:58</actionTime>
        <type>Floor</type>
      </item>
      <item>
        <actionDate>2017-03-15</actionDate>
        <text>Considered under suspension of the rules. (consideration: CR H2064-2065)</text>
        <links>
          <link>
            <name>H2064-2065</name>
            <url>https://www.congress.gov/congressional-record/volume-163/house-section/page/H2064-2065</url>
          </link>
        </links>
        <committee />
        <sourceSystem>
          <code>2</code>
          <name>House floor actions</name>
        </sourceSystem>
        <actionCode>H30000</actionCode>
        <actionTime>16:50:57</actionTime>
        <type>Floor</type>
      </item>
      <item>
        <actionDate>2017-03-15</actionDate>
        <text>Mr. Tipton moved to suspend the rules and pass the bill.</text>
        <links />
        <committee />
        <sourceSystem>
          <code>2</code>
          <name>House floor actions</name>
        </sourceSystem>
        <actionCode>H30300</actionCode>
        <actionTime>16:50:24</actionTime>
        <type>Floor</type>
      </item>
      <item>
        <actionDate>2017-02-10</actionDate>
        <committee>
          <name>Water, Power and Oceans Subcommittee</name>
          <systemCode>hsii13</systemCode>
        </committee>
        <links />
        <sourceSystem>
          <code>1</code>
          <name>House committee actions</name>
        </sourceSystem>
        <text>Referred to the Subcommittee on Water, Power and Oceans.</text>
        <type>Committee</type>
      </item>
      <item>
        <actionDate>2017-01-24</actionDate>
        <text>Referred to the House Committee on Natural Resources.</text>
        <links />
        <committee>
          <name>Natural Resources Committee</name>
          <systemCode>hsii00</systemCode>
        </committee>
        <sourceSystem>
          <code>2</code>
          <name>House floor actions</name>
        </sourceSystem>
        <actionCode>H11100</actionCode>
        <type>IntroReferral</type>
      </item>
      <item>
        <actionDate>2017-01-24</actionDate>
        <text>Introduced in House</text>
        <links />
        <committee />
        <sourceSystem>
          <code>9</code>
          <name>Library of Congress</name>
        </sourceSystem>
        <actionCode>Intro-H</actionCode>
        <type>IntroReferral</type>
      </item>
      <item>
        <actionDate>2017-01-24</actionDate>
        <text>Introduced in House</text>
        <links />
        <committee />
        <sourceSystem>
          <code>9</code>
          <name>Library of Congress</name>
        </sourceSystem>
        <actionCode>1000</actionCode>
        <type>IntroReferral</type>
      </item>
      <actionTypeCounts>
        <introducedInHouse>1</introducedInHouse>
        <considerationByHouse>2</considerationByHouse>
        <billReferrals>1</billReferrals>
        <motionToReconsiderResults>1</motionToReconsiderResults>
        <motionMadeToSuspendTheRules>1</motionMadeToSuspendTheRules>
        <passedAgreedToInHouse>1</passedAgreedToInHouse>
        <orderedReported>1</orderedReported>
        <referredToCommittee>1</referredToCommittee>
        <generalDebate>1</generalDebate>
        <finalPassageUnderSuspensionOfTheRulesResults>1</finalPassageUnderSuspensionOfTheRulesResults>
        <placeholderTextForH>2</placeholderTextForH>
        <introducedInTheHouse>1</introducedInTheHouse>
      </actionTypeCounts>
      <actionByCounts>
        <senate>2</senate>
        <houseOfRepresentatives>12</houseOfRepresentatives>
      </actionByCounts>
    </actions>
    <relatedBills>
      <item>
        <latestTitle>A bill to authorize the use of the active capacity of the Fontenelle Reservoir.</latestTitle>
        <latestAction>
          <actionDate>2017-06-08</actionDate>
          <text>Placed on Senate Legislative Calendar under General Orders. Calendar No. 126.</text>
        </latestAction>
        <number>199</number>
        <type>S</type>
        <congress>115</congress>
        <relationshipDetails>
          <item>
            <identifiedBy>House</identifiedBy>
            <type>Related bill</type>
          </item>
          <item>
            <identifiedBy>CRS</identifiedBy>
            <type>Related bill</type>
          </item>
        </relationshipDetails>
      </item>
      <item>
        <latestTitle>Energy and Natural Resources Act of 2017</latestTitle>
        <latestAction>
          <actionDate>2017-09-19</actionDate>
          <text>Committee on Energy and Natural Resources. Hearings held.</text>
        </latestAction>
        <number>1460</number>
        <type>S</type>
        <congress>115</congress>
        <relationshipDetails>
          <item>
            <identifiedBy>CRS</identifiedBy>
            <type>Related bill</type>
          </item>
        </relationshipDetails>
      </item>
    </relatedBills>
    <committees>
      <billCommittees>
        <item>
          <chamber>Senate</chamber>
          <type>Standing</type>
          <name>Energy and Natural Resources Committee</name>
          <activities>
            <item>
              <date>2018-03-08T15:00:14Z</date>
              <name>Markup by</name>
            </item>
            <item>
              <date>2017-03-21T15:28:47Z</date>
              <name>Referred to</name>
            </item>
          </activities>
          <subcommittees />
          <systemCode>sseg00</systemCode>
        </item>
        <item>
          <chamber>House</chamber>
          <type>Standing</type>
          <name>Natural Resources Committee</name>
          <activities>
            <item>
              <date>2017-01-24T15:05:45Z</date>
              <name>Referred to</name>
            </item>
          </activities>
          <subcommittees>
            <item>
              <systemCode>hsii13</systemCode>
              <name>Water, Power and Oceans Subcommittee</name>
              <activities>
                <item>
                  <date>2017-02-10T17:00:44Z</date>
                  <name>Referred to</name>
                </item>
              </activities>
            </item>
          </subcommittees>
          <systemCode>hsii00</systemCode>
        </item>
      </billCommittees>
    </committees>
    <constitutionalAuthorityStatementText><![CDATA[<pre>From the Congressional Record Online through the Government Publishing Office [<a href='http://www.gpo.gov'>www.gpo.gov</a>]By Ms. CHENEY:H.R. 648.Congress has the power to enact this legislation pursuantto the following:Article I, Section 8, Clause 3.[Page H688]</pre>]]></constitutionalAuthorityStatementText>
    <introducedDate>2017-01-24</introducedDate>
    <cosponsors />
    <laws />
    <congress>115</congress>
    <recordedVotes>
      <recordedVote>
        <rollNumber>160</rollNumber>
        <url>http://clerk.house.gov/evs/2017/roll160.xml</url>
        <sessionNumber>1</sessionNumber>
        <date>2017-03-15T23:04:33Z</date>
        <fullActionName>Final Passage Under Suspension of the Rules Results</fullActionName>
        <chamber>House</chamber>
        <congress>115</congress>
      </recordedVote>
    </recordedVotes>
    <amendments />
    <committeeReports />
    <billType>HR</billType>
    <billNumber>648</billNumber>
    <updateDate>2018-03-30T14:00:40Z</updateDate>
    <originChamber>House</originChamber>
  </bill>
  <dublinCore xmlns:dc="http://purl.org/dc/elements/1.1/">
    <dc:format>text/xml</dc:format>
    <dc:language>EN</dc:language>
    <dc:rights>Pursuant to Title 17 Section 105 of the United States Code, this file is not subject to copyright protection and is in the public domain.</dc:rights>
    <dc:contributor>Congressional Research Service, Library of Congress</dc:contributor>
    <dc:description>This file contains bill summaries and statuses for federal legislation. A bill summary describes the most significant provisions of a piece of legislation and details the effects the legislative text may have on current law and federal programs. Bill summaries are authored by the Congressional Research Service (CRS) of the Library of Congress. As stated in Public Law 91-510 (2 USC 166 (d)(6)), one of the duties of CRS is "to prepare summaries and digests of bills and resolutions of a public general nature introduced in the Senate or House of Representatives". For more information, refer to the User Guide that accompanies this file.</dc:description>
  </dublinCore>
</billStatus>

