<?xml version="1.0" encoding="UTF-8"?>
<billStatus>
  <bill>
    <createDate>2017-01-14T04:47:33Z</createDate>
    <billType>HR</billType>
    <originChamber>House</originChamber>
    <titles>
      <item>
        <titleType>Short Titles as Introduced</titleType>
        <chamberCode />
        <chamberName />
        <parentTitleType />
        <title>Save Christians from Genocide Act</title>
      </item>
      <item>
        <titleType>Official Title as Introduced</titleType>
        <chamberCode />
        <chamberName />
        <parentTitleType />
        <title>To recognize that Christians and Yazidis in Iraq, Syria, Pakistan, Iran, and Libya are targets of genocide, and to provide for the expedited processing of immigrant and refugee visas for such individuals, and for other purposes.</title>
      </item>
      <item>
        <titleType>Display Title</titleType>
        <chamberCode />
        <chamberName />
        <parentTitleType />
        <title>Save Christians from Genocide Act</title>
      </item>
      <item>
        <titleType>(Extracted from GPO) Short Titles as Introduced</titleType>
        <chamberCode />
        <chamberName />
        <parentTitleType />
        <title>Save Christians from Genocide Act</title>
      </item>
    </titles>
    <recordedVotes />
    <committees>
      <billCommittees>
        <item>
          <type>Standing</type>
          <subcommittees>
            <item>
              <systemCode>hsju01</systemCode>
              <name>Immigration and Border Security Subcommittee</name>
              <activities>
                <item>
                  <date>2017-01-13T21:10:34Z</date>
                  <name>Referred to</name>
                </item>
              </activities>
            </item>
          </subcommittees>
          <name>Judiciary Committee</name>
          <activities>
            <item>
              <date>2017-01-13T14:05:15Z</date>
              <name>Referred to</name>
            </item>
          </activities>
          <systemCode>hsju00</systemCode>
          <chamber>House</chamber>
        </item>
        <item>
          <type>Standing</type>
          <subcommittees />
          <name>Foreign Affairs Committee</name>
          <activities>
            <item>
              <date>2017-01-13T14:05:20Z</date>
              <name>Referred to</name>
            </item>
          </activities>
          <systemCode>hsfa00</systemCode>
          <chamber>House</chamber>
        </item>
      </billCommittees>
    </committees>
    <latestAction>
      <text>Referred to the Subcommittee on Immigration and Border Security.</text>
      <actionDate>2017-01-13</actionDate>
      <links />
    </latestAction>
    <billNumber>565</billNumber>
    <notes />
    <committeeReports />
    <constitutionalAuthorityStatementText><![CDATA[<pre>From the Congressional Record Online through the Government Publishing Office [<a href='http://www.gpo.gov'>www.gpo.gov</a>]By Mr. ROHRABACHER:H.R. 565.Congress has the power to enact this legislation pursuantto the following:Article I, Section 8, clause 4 of the United StatesConstitution, which gives Congress the power ``To establishan uniform Rule of Naturalization, and uniform Laws on thesubject of Bankruptcies throughout the United States.''[Page H548]</pre>]]></constitutionalAuthorityStatementText>
    <cosponsors>
      <item>
        <lastName>Poe</lastName>
        <bioguideId>P000592</bioguideId>
        <state>TX</state>
        <sponsorshipDate>2017-01-13</sponsorshipDate>
        <fullName>Rep. Poe, Ted [R-TX-2]</fullName>
        <identifiers>
          <gpoId>8158</gpoId>
          <bioguideId>P000592</bioguideId>
          <lisID>1802</lisID>
        </identifiers>
        <middleName />
        <sponsorshipWithdrawnDate />
        <firstName>Ted</firstName>
        <isOriginalCosponsor>True</isOriginalCosponsor>
        <party>R</party>
        <district>2</district>
      </item>
      <item>
        <lastName>King</lastName>
        <bioguideId>K000362</bioguideId>
        <state>IA</state>
        <sponsorshipDate>2017-01-13</sponsorshipDate>
        <fullName>Rep. King, Steve [R-IA-4]</fullName>
        <identifiers>
          <gpoId>7918</gpoId>
          <lisID>1724</lisID>
          <bioguideId>K000362</bioguideId>
        </identifiers>
        <middleName />
        <sponsorshipWithdrawnDate />
        <firstName>Steve</firstName>
        <isOriginalCosponsor>True</isOriginalCosponsor>
        <party>R</party>
        <district>4</district>
      </item>
      <item>
        <lastName>Bishop</lastName>
        <bioguideId>B001293</bioguideId>
        <state>MI</state>
        <sponsorshipDate>2017-01-13</sponsorshipDate>
        <fullName>Rep. Bishop, Mike [R-MI-8]</fullName>
        <identifiers>
          <bioguideId>B001293</bioguideId>
          <gpoId />
          <lisID>2249</lisID>
        </identifiers>
        <middleName />
        <sponsorshipWithdrawnDate />
        <firstName>Mike</firstName>
        <isOriginalCosponsor>True</isOriginalCosponsor>
        <party>R</party>
        <district>8</district>
      </item>
      <item>
        <lastName>Webster</lastName>
        <bioguideId>W000806</bioguideId>
        <state>FL</state>
        <sponsorshipDate>2017-01-13</sponsorshipDate>
        <fullName>Rep. Webster, Daniel [R-FL-11]</fullName>
        <identifiers>
          <lisID>2002</lisID>
          <gpoId>7880</gpoId>
          <bioguideId>W000806</bioguideId>
        </identifiers>
        <middleName />
        <sponsorshipWithdrawnDate />
        <firstName>Daniel</firstName>
        <isOriginalCosponsor>True</isOriginalCosponsor>
        <party>R</party>
        <district>11</district>
      </item>
      <item>
        <lastName>Grothman</lastName>
        <bioguideId>G000576</bioguideId>
        <state>WI</state>
        <sponsorshipDate>2017-01-13</sponsorshipDate>
        <fullName>Rep. Grothman, Glenn [R-WI-6]</fullName>
        <identifiers>
          <bioguideId>G000576</bioguideId>
          <gpoId />
          <lisID>2276</lisID>
        </identifiers>
        <middleName />
        <sponsorshipWithdrawnDate />
        <firstName>Glenn</firstName>
        <isOriginalCosponsor>True</isOriginalCosponsor>
        <party>R</party>
        <district>6</district>
      </item>
      <item>
        <lastName>Harris</lastName>
        <bioguideId>H001052</bioguideId>
        <state>MD</state>
        <sponsorshipDate>2017-03-16</sponsorshipDate>
        <fullName>Rep. Harris, Andy [R-MD-1]</fullName>
        <identifiers>
          <bioguideId>H001052</bioguideId>
          <gpoId>7976</gpoId>
          <lisID>2026</lisID>
        </identifiers>
        <middleName />
        <sponsorshipWithdrawnDate />
        <firstName>Andy</firstName>
        <isOriginalCosponsor>False</isOriginalCosponsor>
        <party>R</party>
        <district>1</district>
      </item>
      <item>
        <lastName>Gohmert</lastName>
        <bioguideId>G000552</bioguideId>
        <state>TX</state>
        <sponsorshipDate>2017-03-28</sponsorshipDate>
        <fullName>Rep. Gohmert, Louie [R-TX-1]</fullName>
        <identifiers>
          <lisID>1801</lisID>
          <gpoId>8157</gpoId>
          <bioguideId>G000552</bioguideId>
        </identifiers>
        <middleName />
        <sponsorshipWithdrawnDate />
        <firstName>Louie</firstName>
        <isOriginalCosponsor>False</isOriginalCosponsor>
        <party>R</party>
        <district>1</district>
      </item>
    </cosponsors>
    <cboCostEstimates />
    <sponsors>
      <item>
        <state>CA</state>
        <bioguideId>R000409</bioguideId>
        <fullName>Rep. Rohrabacher, Dana [R-CA-48]</fullName>
        <identifiers>
          <lisID>979</lisID>
          <gpoId>7851</gpoId>
          <bioguideId>R000409</bioguideId>
        </identifiers>
        <middleName />
        <firstName>DANA</firstName>
        <district>48</district>
        <lastName>ROHRABACHER</lastName>
        <byRequestType />
        <party>R</party>
      </item>
    </sponsors>
    <actions>
      <actionTypeCounts>
        <placeholderTextForB>1</placeholderTextForB>
        <placeholderTextForH>1</placeholderTextForH>
        <introducedInHouse>1</introducedInHouse>
        <billReferrals>2</billReferrals>
        <billReferralsAggregate>1</billReferralsAggregate>
        <introducedInTheHouse>1</introducedInTheHouse>
      </actionTypeCounts>
      <item>
        <actionDate>2017-01-13</actionDate>
        <committee>
          <systemCode>hsju01</systemCode>
          <name>Immigration and Border Security Subcommittee</name>
        </committee>
        <links />
        <sourceSystem>
          <code>1</code>
          <name>House committee actions</name>
        </sourceSystem>
        <text>Referred to the Subcommittee on Immigration and Border Security.</text>
        <type>Committee</type>
      </item>
      <item>
        <actionDate>2017-01-13</actionDate>
        <type>IntroReferral</type>
        <links />
        <committee>
          <systemCode>hsfa00</systemCode>
          <name>Foreign Affairs Committee</name>
        </committee>
        <actionCode>H11100</actionCode>
        <text>Referred to House Foreign Affairs</text>
        <sourceSystem>
          <code>2</code>
          <name>House floor actions</name>
        </sourceSystem>
      </item>
      <item>
        <actionDate>2017-01-13</actionDate>
        <type>IntroReferral</type>
        <links />
        <committee>
          <systemCode>hsju00</systemCode>
          <name>Judiciary Committee</name>
        </committee>
        <actionCode>H11100</actionCode>
        <text>Referred to House Judiciary</text>
        <sourceSystem>
          <code>2</code>
          <name>House floor actions</name>
        </sourceSystem>
      </item>
      <item>
        <actionDate>2017-01-13</actionDate>
        <type>IntroReferral</type>
        <links />
        <committee />
        <actionCode>H11100-A</actionCode>
        <text>Referred to the Committee on the Judiciary, and in addition to the Committee on Foreign Affairs, for a period to be subsequently determined by the Speaker, in each case for consideration of such provisions as fall within the jurisdiction of the committee concerned.</text>
        <sourceSystem>
          <code>9</code>
          <name>Library of Congress</name>
        </sourceSystem>
      </item>
      <item>
        <actionDate>2017-01-13</actionDate>
        <type>IntroReferral</type>
        <links>
          <link>
            <url>https://www.congress.gov/congressional-record/volume-163/house-section/page/H476</url>
            <name>H476</name>
          </link>
        </links>
        <committee />
        <actionCode>B00100</actionCode>
        <text>Sponsor introductory remarks on measure. (CR H476)</text>
        <sourceSystem>
          <code>9</code>
          <name>Library of Congress</name>
        </sourceSystem>
      </item>
      <item>
        <actionDate>2017-01-13</actionDate>
        <type>IntroReferral</type>
        <links />
        <committee />
        <actionCode>Intro-H</actionCode>
        <text>Introduced in House</text>
        <sourceSystem>
          <code>9</code>
          <name>Library of Congress</name>
        </sourceSystem>
      </item>
      <item>
        <actionDate>2017-01-13</actionDate>
        <type>IntroReferral</type>
        <links />
        <committee />
        <actionCode>1000</actionCode>
        <text>Introduced in House</text>
        <sourceSystem>
          <code>9</code>
          <name>Library of Congress</name>
        </sourceSystem>
      </item>
      <actionByCounts>
        <houseOfRepresentatives>6</houseOfRepresentatives>
      </actionByCounts>
    </actions>
    <congress>115</congress>
    <policyArea>
      <name>Immigration</name>
    </policyArea>
    <subjects>
      <billSubjects>
        <policyArea>
          <name>Immigration</name>
        </policyArea>
        <legislativeSubjects>
          <item>
            <name>Africa</name>
          </item>
          <item>
            <name>Asia</name>
          </item>
          <item>
            <name>Immigration status and procedures</name>
          </item>
          <item>
            <name>Iran</name>
          </item>
          <item>
            <name>Iraq</name>
          </item>
          <item>
            <name>Libya</name>
          </item>
          <item>
            <name>Middle East</name>
          </item>
          <item>
            <name>Pakistan</name>
          </item>
          <item>
            <name>Racial and ethnic relations</name>
          </item>
          <item>
            <name>Refugees, asylum, displaced persons</name>
          </item>
          <item>
            <name>Religion</name>
          </item>
          <item>
            <name>Syria</name>
          </item>
          <item>
            <name>Visas and passports</name>
          </item>
          <item>
            <name>War crimes, genocide, crimes against humanity</name>
          </item>
        </legislativeSubjects>
      </billSubjects>
    </subjects>
    <introducedDate>2017-01-13</introducedDate>
    <laws />
    <summaries>
      <billSummaries>
        <item>
          <text><![CDATA[<p><strong>Save Christians from Genocide Act</strong></p> <p>This bill recognizes that Christians and Yazidis in Iraq, Syria, Pakistan, Iran, and Libya are targets of genocide. </p> <p>The Department of Homeland Security shall provide for expedited visa processing and shall ensure that such applications receive first priority among refugee and (family- or employment-based) immigrant applications for an alien who: </p> <ul> <li>is a citizen or national of Iraq, Syria, Pakistan, Iran, or Libya, or in the case of an alien having no nationality, whose country of last habitual residence was Iraq, Syria, Pakistan, Iran, or Libya; </li> <li>is a Christian or Yazidi; and </li> <li>is seeking refugee or immigrant admission to the United States.</li></ul>]]></text>
          <actionDesc>Introduced in House</actionDesc>
          <actionDate>2017-01-13</actionDate>
          <updateDate>2017-01-13T05:00:00Z</updateDate>
          <lastSummaryUpdateDate>2017-02-09T20:48:41Z</lastSummaryUpdateDate>
          <versionCode>00</versionCode>
          <name>Introduced in House</name>
        </item>
      </billSummaries>
    </summaries>
    <amendments />
    <version>1.0.0</version>
    <title>Save Christians from Genocide Act</title>
    <calendarNumbers />
    <updateDate>2018-03-30T14:00:15Z</updateDate>
    <relatedBills />
  </bill>
  <dublinCore xmlns:dc="http://purl.org/dc/elements/1.1/">
    <dc:format>text/xml</dc:format>
    <dc:language>EN</dc:language>
    <dc:rights>Pursuant to Title 17 Section 105 of the United States Code, this file is not subject to copyright protection and is in the public domain.</dc:rights>
    <dc:contributor>Congressional Research Service, Library of Congress</dc:contributor>
    <dc:description>This file contains bill summaries and statuses for federal legislation. A bill summary describes the most significant provisions of a piece of legislation and details the effects the legislative text may have on current law and federal programs. Bill summaries are authored by the Congressional Research Service (CRS) of the Library of Congress. As stated in Public Law 91-510 (2 USC 166 (d)(6)), one of the duties of CRS is "to prepare summaries and digests of bills and resolutions of a public general nature introduced in the Senate or House of Representatives". For more information, refer to the User Guide that accompanies this file.</dc:description>
  </dublinCore>
</billStatus>

