<?xml version="1.0" encoding="UTF-8"?>
<billStatus>
  <bill>
    <congress>115</congress>
    <billType>HR</billType>
    <originChamber>House</originChamber>
    <billNumber>876</billNumber>
    <notes />
    <cboCostEstimates>
      <item>
        <title>H.R. 876, Aviation Employee Screening and Security Enhancement Act of 2017</title>
        <pubDate>2017-04-26T19:30:00Z</pubDate>
        <url>https://www.cbo.gov/publication/52665</url>
      </item>
    </cboCostEstimates>
    <version>1.0.0</version>
    <recordedVotes>
      <recordedVote>
        <congress>115</congress>
        <rollNumber>223</rollNumber>
        <sessionNumber>1</sessionNumber>
        <date>2017-04-25T23:09:15Z</date>
        <chamber>House</chamber>
        <fullActionName>Final Passage Under Suspension of the Rules Results</fullActionName>
        <url>http://clerk.house.gov/evs/2017/roll223.xml</url>
      </recordedVote>
    </recordedVotes>
    <summaries>
      <billSummaries>
        <item>
          <versionCode>00</versionCode>
          <actionDate>2017-02-06</actionDate>
          <name>Introduced in House</name>
          <text><![CDATA[<p><b>Aviation Employee Screening and Security Enhancement Act of 2017</b></p> <p>This bill directs the Transportation Security Administration (TSA) to submit a cost and feasibility study of a statistically significant number of Category I, II, and X airports to ensure that all airport employee entry and exit points leading to secure airport areas are comprised of:</p> <ul> <li>a secure door utilizing card and pin entry or biometric technology;</li> <li>surveillance video recording capable of storing video data for at least 30 days; and</li> <li>certain advanced screening technologies.</li> </ul> <p>The TSA shall:</p> <ul> <li>work with air carriers and airport operators, vendors, and concessionaires to enhance security awareness of credentialed airport workers regarding insider threats to aviation security and best practices related to airport access controls;</li> <li>assess credentialing standards, policies, and practices to ensure that such threats are adequately addressed; and</li> <li> require the application for a credential granting access to the Secure Identification Display Area of an airport to include the individual's social security number in order to strengthen security vetting effectiveness.</li> </ul> <p>The TSA also shall:</p> <ul> <li>work with airport operators to identify advanced technologies for securing employee access to secure and sterile airport areas;</li> <li>ensure that credentialed aviation workers are continuously vetted through the Federal Bureau of Investigation's Rap Back Service in order to more rapidly detect and mitigate insider threats;</li> <li>identify ways to enhance TSA's ability to educate its personnel on insider threats to aviation security and mitigate such threats;</li> <li>increase covert testing of TSA employee screening operations at airports and measure security effectiveness; </li> <li>establish a national database of TSA employees who have had either their airport or aircraft operator-issued badge revoked for failure to comply with aviation security requirements; and </li> <li> submit a plan for recurring reviews of the security controls for TSA information technology systems at airports.</li> </ul>]]></text>
          <actionDesc>Introduced in House</actionDesc>
          <updateDate>2017-02-06T05:00:00Z</updateDate>
          <lastSummaryUpdateDate>2017-08-17T17:57:21Z</lastSummaryUpdateDate>
        </item>
        <item>
          <versionCode>36</versionCode>
          <actionDate>2017-04-25</actionDate>
          <name>Passed House amended</name>
          <text><![CDATA[<p><b>Aviation Employee Screening and Security Enhancement Act of 2017</b></p> <p>(Sec. 3) This bill directs the Transportation Security Administration (TSA) of the Department of Homeland Security (DHS) to conduct, and submit to Congress and the Government Accountability Office (GAO), a cost and feasibility study of a statistically significant number of Category I, II, III, IV, and X airports assessing the impact if all airport employee access points from non-secured to secured airport areas are comprised of the following:</p> <ul> <li>a secure door utilizing card and pin entry or biometric technology;</li> <li>surveillance video recording capable of storing video data for at least 30 days;</li> <li>certain advanced screening technologies, including magnetometers, explosives detection canines, explosives trace detection swabbing, advanced imaging technology, and X-ray bag screening technology; and</li> <li>information related to employee screening costs of such airports that have already implemented practices of screening 100% of employees accessing secured areas.</li> </ul> <p>The GAO shall assess the completed study and report the results to Congress.</p> <p>(Sec. 4) The TSA shall:</p> <ul> <li>work with air carriers, foreign air carriers, airport operators, labor unions representing credentialed airport employees, and the TSA's Aviation Security Advisory Committee to enhance security awareness of credentialed airport workers regarding insider threats to aviation security and best practices related to airport access controls;</li> <li>assess credentialing standards, policies, and practices to ensure that insider threats to aviation security are adequately addressed; </li> <li>require airport operators to submit the social security number of an individual applying for a credential granting access to the Security Identification Display Area of an airport to strengthen security vetting effectiveness; and</li> <li>issue requirements for airport operators to include in applications for access to such area a notice that an employee holding a credential granting such access may be screened at any time while entering, working in, or leaving the area.</li> </ul> <p>(Sec. 5) The TSA shall also:</p> <ul> <li>work with airport operators and the TSA Advisory Committee to identify advanced technologies for securing employee access to secured and sterile airport areas;</li> <li>ensure that credentialed aviation worker populations currently requiring a fingerprint-based criminal record history check are continuously vetted through the Federal Bureau of Investigation's Rap Back Service to mitigate insider threats;</li> <li>identify ways to enhance TSA's ability to educate its personnel on insider threats to aviation security and on how to mitigate such threats;</li> <li>ensure that TSA employee physical inspection efforts of aviation workers (Playbook operations) are focused on providing the greatest level of security effectiveness;</li> <li>conduct covert testing of TSA employee screening operations at airports; </li> <li>report on the frequency, methodology, strategy, and effectiveness of employee inspection operations at airports; and</li> <li>establish a national database of individuals who have had either their airport or aircraft operator-issued badge revoked for failure to comply with aviation security requirements, as well a process to allow individuals whose names were mistakenly entered into such database to correct the record and have their names removed from it.</li> </ul> <p>(Sec. 6) The DHS is the lead interagency coordinator to insider threat investigations and mitigation efforts at airports.</p> <p>(Sec. 7) The TSA shall submit a plan to conduct recurring reviews of the operational security controls for TSA information technology systems at airports.</p>]]></text>
          <actionDesc>Passed House amended</actionDesc>
          <updateDate>2017-04-25T13:09:39Z</updateDate>
          <lastSummaryUpdateDate>2017-11-07T16:29:21Z</lastSummaryUpdateDate>
        </item>
      </billSummaries>
    </summaries>
    <subjects>
      <billSubjects>
        <policyArea>
          <name>Transportation and Public Works</name>
        </policyArea>
        <legislativeSubjects>
          <item>
            <name>Aviation and airports</name>
          </item>
          <item>
            <name>Computer security and identity theft</name>
          </item>
          <item>
            <name>Congressional oversight</name>
          </item>
          <item>
            <name>Criminal justice information and records</name>
          </item>
          <item>
            <name>Firearms and explosives</name>
          </item>
          <item>
            <name>Government information and archives</name>
          </item>
          <item>
            <name>Government studies and investigations</name>
          </item>
          <item>
            <name>Personnel records</name>
          </item>
          <item>
            <name>Service animals</name>
          </item>
          <item>
            <name>Transportation employees</name>
          </item>
          <item>
            <name>Transportation safety and security</name>
          </item>
        </legislativeSubjects>
      </billSubjects>
    </subjects>
    <actions>
      <item>
        <actionDate>2017-04-26</actionDate>
        <committee>
          <systemCode>sscm00</systemCode>
          <name>Commerce, Science, and Transportation Committee</name>
        </committee>
        <links />
        <sourceSystem>
          <code>0</code>
          <name>Senate</name>
        </sourceSystem>
        <text>Received in the Senate and Read twice and referred to the Committee on Commerce, Science, and Transportation.</text>
        <type>IntroReferral</type>
      </item>
      <item>
        <committee />
        <text>The title of the measure was amended. Agreed to without objection.</text>
        <actionTime>19:09:19</actionTime>
        <actionDate>2017-04-25</actionDate>
        <actionCode>H38800</actionCode>
        <links />
        <type>Floor</type>
        <sourceSystem>
          <code>2</code>
          <name>House floor actions</name>
        </sourceSystem>
      </item>
      <item>
        <committee />
        <text>Motion to reconsider laid on the table Agreed to without objection.</text>
        <actionTime>19:09:18</actionTime>
        <actionDate>2017-04-25</actionDate>
        <actionCode>H38310</actionCode>
        <links />
        <type>Floor</type>
        <sourceSystem>
          <code>2</code>
          <name>House floor actions</name>
        </sourceSystem>
      </item>
      <item>
        <committee />
        <text>On motion to suspend the rules and pass the bill, as amended Agreed to by the Yeas and Nays: (2/3 required): 409 - 0 (Roll no. 223). (text: CR H2825-2826)</text>
        <actionTime>19:09:15</actionTime>
        <actionDate>2017-04-25</actionDate>
        <actionCode>H37300</actionCode>
        <links>
          <link>
            <url>https://www.congress.gov/congressional-record/volume-163/house-section/page/H2825-2826</url>
            <name>H2825-2826</name>
          </link>
          <link>
            <url>http://clerk.house.gov/evs/2017/roll223.xml</url>
            <name>Roll no. 223</name>
          </link>
        </links>
        <type>Floor</type>
        <sourceSystem>
          <code>2</code>
          <name>House floor actions</name>
        </sourceSystem>
      </item>
      <item>
        <committee />
        <text>Passed/agreed to in House: On motion to suspend the rules and pass the bill, as amended Agreed to by the Yeas and Nays: (2/3 required): 409 - 0 (Roll no. 223).(text: CR H2825-2826)</text>
        <actionTime>19:09:15</actionTime>
        <actionDate>2017-04-25</actionDate>
        <actionCode>8000</actionCode>
        <links>
          <link>
            <url>https://www.congress.gov/congressional-record/volume-163/house-section/page/H2825-2826</url>
            <name>H2825-2826</name>
          </link>
          <link>
            <url>http://clerk.house.gov/evs/2017/roll223.xml</url>
            <name>Roll no. 223</name>
          </link>
        </links>
        <type>Floor</type>
        <sourceSystem>
          <code>9</code>
          <name>Library of Congress</name>
        </sourceSystem>
      </item>
      <item>
        <committee />
        <text>Considered as unfinished business. (consideration: CR H2838-2839)</text>
        <actionTime>19:01:47</actionTime>
        <actionDate>2017-04-25</actionDate>
        <actionCode>H30000</actionCode>
        <links>
          <link>
            <url>https://www.congress.gov/congressional-record/volume-163/house-section/page/H2838-2839</url>
            <name>H2838-2839</name>
          </link>
        </links>
        <type>Floor</type>
        <sourceSystem>
          <code>2</code>
          <name>House floor actions</name>
        </sourceSystem>
      </item>
      <item>
        <committee />
        <text>At the conclusion of debate, the Yeas and Nays were demanded and ordered. Pursuant to the provisions of clause 8, rule XX, the Chair announced that further proceedings on the motion would be postponed.</text>
        <actionTime>17:18:17</actionTime>
        <actionDate>2017-04-25</actionDate>
        <actionCode>H37220</actionCode>
        <links />
        <type>Floor</type>
        <sourceSystem>
          <code>2</code>
          <name>House floor actions</name>
        </sourceSystem>
      </item>
      <item>
        <committee />
        <text>DEBATE - The House proceeded with forty minutes of debate on H.R. 876.</text>
        <actionTime>17:09:45</actionTime>
        <actionDate>2017-04-25</actionDate>
        <actionCode>H8D000</actionCode>
        <links>
          <link>
            <url>https://www.congress.gov/bill/115th-congress/house-bill/876</url>
            <name>H.R. 876</name>
          </link>
        </links>
        <type>Floor</type>
        <sourceSystem>
          <code>2</code>
          <name>House floor actions</name>
        </sourceSystem>
      </item>
      <item>
        <committee />
        <text>Considered under suspension of the rules. (consideration: CR H2825-2828)</text>
        <actionTime>17:09:33</actionTime>
        <actionDate>2017-04-25</actionDate>
        <actionCode>H30000</actionCode>
        <links>
          <link>
            <url>https://www.congress.gov/congressional-record/volume-163/house-section/page/H2825-2828</url>
            <name>H2825-2828</name>
          </link>
        </links>
        <type>Floor</type>
        <sourceSystem>
          <code>2</code>
          <name>House floor actions</name>
        </sourceSystem>
      </item>
      <item>
        <committee />
        <text>Mr. Katko moved to suspend the rules and pass the bill, as amended.</text>
        <actionTime>17:09:16</actionTime>
        <actionDate>2017-04-25</actionDate>
        <actionCode>H30300</actionCode>
        <links />
        <type>Floor</type>
        <sourceSystem>
          <code>2</code>
          <name>House floor actions</name>
        </sourceSystem>
      </item>
      <item>
        <committee />
        <text>Placed on the Union Calendar, Calendar No. 54.</text>
        <sourceSystem>
          <code>2</code>
          <name>House floor actions</name>
        </sourceSystem>
        <actionDate>2017-04-25</actionDate>
        <actionCode>H12410</actionCode>
        <links />
        <type>Calendars</type>
      </item>
      <item>
        <committee>
          <systemCode>hshm00</systemCode>
          <name>Homeland Security Committee</name>
        </committee>
        <text>Reported (Amended) by the Committee on Homeland Security. H. Rept. 115-94.</text>
        <sourceSystem>
          <code>2</code>
          <name>House floor actions</name>
        </sourceSystem>
        <actionDate>2017-04-25</actionDate>
        <actionCode>H12200</actionCode>
        <links>
          <link>
            <url>https://www.congress.gov/congressional-report/115th-congress/house-report/94</url>
            <name>H. Rept. 115-94</name>
          </link>
        </links>
        <type>Committee</type>
      </item>
      <item>
        <committee>
          <systemCode>hshm00</systemCode>
          <name>Homeland Security Committee</name>
        </committee>
        <text>Reported (Amended) by the Committee on Homeland Security. H. Rept. 115-94.</text>
        <sourceSystem>
          <code>9</code>
          <name>Library of Congress</name>
        </sourceSystem>
        <actionDate>2017-04-25</actionDate>
        <actionCode>5000</actionCode>
        <links>
          <link>
            <url>https://www.congress.gov/congressional-report/115th-congress/house-report/94</url>
            <name>H. Rept. 115-94</name>
          </link>
        </links>
        <type>Committee</type>
      </item>
      <item>
        <actionDate>2017-03-08</actionDate>
        <committee>
          <systemCode>hshm00</systemCode>
          <name>Homeland Security Committee</name>
        </committee>
        <links />
        <sourceSystem>
          <code>1</code>
          <name>House committee actions</name>
        </sourceSystem>
        <text>Ordered to be Reported (Amended) by Voice Vote.</text>
        <type>Committee</type>
      </item>
      <item>
        <actionDate>2017-03-08</actionDate>
        <committee>
          <systemCode>hshm00</systemCode>
          <name>Homeland Security Committee</name>
        </committee>
        <links />
        <sourceSystem>
          <code>1</code>
          <name>House committee actions</name>
        </sourceSystem>
        <text>Committee Consideration and Mark-up Session Held.</text>
        <type>Committee</type>
      </item>
      <item>
        <actionDate>2017-02-24</actionDate>
        <committee>
          <systemCode>hshm07</systemCode>
          <name>Transportation Security Subcommittee</name>
        </committee>
        <links />
        <sourceSystem>
          <code>1</code>
          <name>House committee actions</name>
        </sourceSystem>
        <text>Referred to the Subcommittee on Transportation and Protective Security.</text>
        <type>Committee</type>
      </item>
      <item>
        <committee>
          <systemCode>hshm00</systemCode>
          <name>Homeland Security Committee</name>
        </committee>
        <text>Referred to the House Committee on Homeland Security.</text>
        <sourceSystem>
          <code>2</code>
          <name>House floor actions</name>
        </sourceSystem>
        <actionDate>2017-02-06</actionDate>
        <actionCode>H11100</actionCode>
        <links />
        <type>IntroReferral</type>
      </item>
      <item>
        <committee />
        <text>Introduced in House</text>
        <sourceSystem>
          <code>9</code>
          <name>Library of Congress</name>
        </sourceSystem>
        <actionDate>2017-02-06</actionDate>
        <actionCode>Intro-H</actionCode>
        <links />
        <type>IntroReferral</type>
      </item>
      <item>
        <committee />
        <text>Introduced in House</text>
        <sourceSystem>
          <code>9</code>
          <name>Library of Congress</name>
        </sourceSystem>
        <actionDate>2017-02-06</actionDate>
        <actionCode>1000</actionCode>
        <links />
        <type>IntroReferral</type>
      </item>
      <actionByCounts>
        <houseOfRepresentatives>18</houseOfRepresentatives>
        <senate>1</senate>
      </actionByCounts>
      <actionTypeCounts>
        <considerationByHouse>2</considerationByHouse>
        <introducedInHouse>1</introducedInHouse>
        <placeholderTextForH>3</placeholderTextForH>
        <amendingTheTitleOfAnActWithoutObjection>1</amendingTheTitleOfAnActWithoutObjection>
        <committeeReportOfABill>1</committeeReportOfABill>
        <finalPassageUnderSuspensionOfTheRulesResults>1</finalPassageUnderSuspensionOfTheRulesResults>
        <actionStageOverride>1</actionStageOverride>
        <unionCalendarAssignment>1</unionCalendarAssignment>
        <passedAgreedToInHouse>1</passedAgreedToInHouse>
        <motionMadeToSuspendTheRules>1</motionMadeToSuspendTheRules>
        <referredToCommittee>1</referredToCommittee>
        <reportedToHouse>1</reportedToHouse>
        <billReferrals>1</billReferrals>
        <generalDebate>1</generalDebate>
        <motionToReconsiderResults>1</motionToReconsiderResults>
        <introducedInTheHouse>1</introducedInTheHouse>
      </actionTypeCounts>
    </actions>
    <introducedDate>2017-02-06</introducedDate>
    <constitutionalAuthorityStatementText><![CDATA[<pre>From the Congressional Record Online through the Government Publishing Office [<a href='http://www.gpo.gov'>www.gpo.gov</a>]By Mr. KATKO:H.R. 876.Congress has the power to enact this legislation pursuantto the following:Article 1, Section 8, Clause 18--To make all Laws whichshall be necessary and proper for carrying into Execution theforegoing Powers, and all other Powers vested by thisConstitution in the Government of the United States or in anyDepartment or Officer thereof.[Page H1012]</pre>]]></constitutionalAuthorityStatementText>
    <titles>
      <item>
        <title>Aviation Employee Screening and Security Enhancement Act of 2017</title>
        <parentTitleType>Short Titles House of Representatives</parentTitleType>
        <chamberName>House</chamberName>
        <titleType>Short Titles as Passed House</titleType>
        <chamberCode>H</chamberCode>
      </item>
      <item>
        <title>Aviation Employee Screening and Security Enhancement Act of 2017</title>
        <parentTitleType />
        <chamberName />
        <titleType>Short Titles as Introduced</titleType>
        <chamberCode />
      </item>
      <item>
        <title>To reform programs of the Transportation Security Administration, and for other purposes.</title>
        <parentTitleType>Official Titles House of Representatives</parentTitleType>
        <chamberName>House</chamberName>
        <titleType>Official Titles as Amended by House</titleType>
        <chamberCode>H</chamberCode>
      </item>
      <item>
        <title>To amend the Homeland Security Act of 2002 to reform programs of the Transportation Security Administration, and for other purposes.</title>
        <parentTitleType />
        <chamberName />
        <titleType>Official Title as Introduced</titleType>
        <chamberCode />
      </item>
      <item>
        <title>Aviation Employee Screening and Security Enhancement Act of 2017</title>
        <parentTitleType />
        <chamberName />
        <titleType>Display Title</titleType>
        <chamberCode />
      </item>
      <item>
        <title>Aviation Employee Screening and Security Enhancement Act of 2017</title>
        <parentTitleType />
        <chamberName>House</chamberName>
        <titleType>(Extracted from GPO) Short Titles as Reported to House</titleType>
        <chamberCode>H</chamberCode>
      </item>
      <item>
        <title>Aviation Employee Screening and Security Enhancement Act of 2017</title>
        <parentTitleType />
        <chamberName>House</chamberName>
        <titleType>(Extracted from GPO) Short Titles as Passed House</titleType>
        <chamberCode>H</chamberCode>
      </item>
      <item>
        <title>Aviation Employee Screening and Security Enhancement Act of 2017</title>
        <parentTitleType />
        <chamberName />
        <titleType>(Extracted from GPO) Short Titles as Introduced</titleType>
        <chamberCode />
      </item>
    </titles>
    <cosponsors>
      <item>
        <state>TX</state>
        <lastName>McCaul</lastName>
        <sponsorshipWithdrawnDate />
        <district>10</district>
        <middleName>T.</middleName>
        <fullName>Rep. McCaul, Michael T. [R-TX-10]</fullName>
        <bioguideId>M001157</bioguideId>
        <party>R</party>
        <identifiers>
          <gpoId>8166</gpoId>
          <lisID>1804</lisID>
          <bioguideId>M001157</bioguideId>
        </identifiers>
        <sponsorshipDate>2017-02-06</sponsorshipDate>
        <isOriginalCosponsor>True</isOriginalCosponsor>
        <firstName>Michael</firstName>
      </item>
      <item>
        <state>AL</state>
        <lastName>Rogers</lastName>
        <sponsorshipWithdrawnDate />
        <district>3</district>
        <middleName />
        <fullName>Rep. Rogers, Mike D. [R-AL-3]</fullName>
        <bioguideId>R000575</bioguideId>
        <party>R</party>
        <identifiers>
          <lisID>1704</lisID>
          <gpoId>7788</gpoId>
          <bioguideId>R000575</bioguideId>
        </identifiers>
        <sponsorshipDate>2017-02-06</sponsorshipDate>
        <isOriginalCosponsor>True</isOriginalCosponsor>
        <firstName>Mike</firstName>
      </item>
      <item>
        <state>PA</state>
        <lastName>Fitzpatrick</lastName>
        <sponsorshipWithdrawnDate />
        <district>8</district>
        <middleName>K.</middleName>
        <fullName>Rep. Fitzpatrick, Brian K. [R-PA-8]</fullName>
        <bioguideId>F000466</bioguideId>
        <party>R</party>
        <identifiers>
          <lisID>2345</lisID>
          <gpoId />
          <bioguideId>F000466</bioguideId>
        </identifiers>
        <sponsorshipDate>2017-02-06</sponsorshipDate>
        <isOriginalCosponsor>True</isOriginalCosponsor>
        <firstName>Brian</firstName>
      </item>
      <item>
        <state>LA</state>
        <lastName>Higgins</lastName>
        <sponsorshipWithdrawnDate />
        <district>3</district>
        <middleName />
        <fullName>Rep. Higgins, Clay [R-LA-3]</fullName>
        <bioguideId>H001077</bioguideId>
        <party>R</party>
        <identifiers>
          <lisID>2329</lisID>
          <gpoId />
          <bioguideId>H001077</bioguideId>
        </identifiers>
        <sponsorshipDate>2017-02-06</sponsorshipDate>
        <isOriginalCosponsor>True</isOriginalCosponsor>
        <firstName>Clay</firstName>
      </item>
      <item>
        <state>NY</state>
        <lastName>KING</lastName>
        <sponsorshipWithdrawnDate />
        <district>2</district>
        <middleName>T.</middleName>
        <fullName>Rep. King, Peter T. [R-NY-2]</fullName>
        <bioguideId>K000210</bioguideId>
        <party>R</party>
        <identifiers>
          <gpoId>8064</gpoId>
          <bioguideId>K000210</bioguideId>
          <lisID>635</lisID>
        </identifiers>
        <sponsorshipDate>2017-02-06</sponsorshipDate>
        <isOriginalCosponsor>True</isOriginalCosponsor>
        <firstName>PETER</firstName>
      </item>
      <item>
        <state>TX</state>
        <lastName>Vela</lastName>
        <sponsorshipWithdrawnDate />
        <district>34</district>
        <middleName />
        <fullName>Rep. Vela, Filemon [D-TX-34]</fullName>
        <bioguideId>V000132</bioguideId>
        <party>D</party>
        <identifiers>
          <lisID>2167</lisID>
          <gpoId />
          <bioguideId>V000132</bioguideId>
        </identifiers>
        <sponsorshipDate>2017-02-06</sponsorshipDate>
        <isOriginalCosponsor>True</isOriginalCosponsor>
        <firstName>Filemon</firstName>
      </item>
      <item>
        <state>MA</state>
        <lastName>Keating</lastName>
        <sponsorshipWithdrawnDate />
        <district>9</district>
        <middleName>R.</middleName>
        <fullName>Rep. Keating, William R. [D-MA-9]</fullName>
        <bioguideId>K000375</bioguideId>
        <party>D</party>
        <identifiers>
          <lisID>2025</lisID>
          <gpoId>7975</gpoId>
          <bioguideId>K000375</bioguideId>
        </identifiers>
        <sponsorshipDate>2017-02-06</sponsorshipDate>
        <isOriginalCosponsor>True</isOriginalCosponsor>
        <firstName>William</firstName>
      </item>
      <item>
        <state>NJ</state>
        <lastName>Watson Coleman</lastName>
        <sponsorshipWithdrawnDate />
        <district>12</district>
        <middleName />
        <fullName>Rep. Watson Coleman, Bonnie [D-NJ-12]</fullName>
        <bioguideId>W000822</bioguideId>
        <party>D</party>
        <identifiers>
          <bioguideId>W000822</bioguideId>
          <gpoId />
          <lisID>2259</lisID>
        </identifiers>
        <sponsorshipDate>2017-02-06</sponsorshipDate>
        <isOriginalCosponsor>True</isOriginalCosponsor>
        <firstName>Bonnie</firstName>
      </item>
    </cosponsors>
    <laws />
    <calendarNumbers>
      <item>
        <number />
        <calendar>U00054</calendar>
      </item>
    </calendarNumbers>
    <committeeReports>
      <committeeReport>
        <citation>H. Rept. 115-94</citation>
      </committeeReport>
    </committeeReports>
    <latestAction>
      <links />
      <text>Received in the Senate and Read twice and referred to the Committee on Commerce, Science, and Transportation.</text>
      <actionDate>2017-04-26</actionDate>
    </latestAction>
    <title>Aviation Employee Screening and Security Enhancement Act of 2017</title>
    <createDate>2017-02-07T04:46:14Z</createDate>
    <sponsors>
      <item>
        <lastName>Katko</lastName>
        <byRequestType />
        <middleName />
        <bioguideId>K000386</bioguideId>
        <firstName>John</firstName>
        <state>NY</state>
        <fullName>Rep. Katko, John [R-NY-24]</fullName>
        <identifiers>
          <lisID>2264</lisID>
          <gpoId />
          <bioguideId>K000386</bioguideId>
        </identifiers>
        <party>R</party>
        <district>24</district>
      </item>
    </sponsors>
    <updateDate>2018-03-30T14:01:41Z</updateDate>
    <relatedBills />
    <committees>
      <billCommittees>
        <item>
          <chamber>Senate</chamber>
          <type>Standing</type>
          <name>Commerce, Science, and Transportation Committee</name>
          <activities>
            <item>
              <date>2017-04-26T15:48:03Z</date>
              <name>Referred to</name>
            </item>
          </activities>
          <subcommittees />
          <systemCode>sscm00</systemCode>
        </item>
        <item>
          <chamber>House</chamber>
          <type>Standing</type>
          <name>Homeland Security Committee</name>
          <activities>
            <item>
              <date>2017-04-25T16:42:01Z</date>
              <name>Reported by</name>
            </item>
            <item>
              <date>2017-03-08T15:20:31Z</date>
              <name>Markup by</name>
            </item>
            <item>
              <date>2017-02-06T17:02:05Z</date>
              <name>Referred to</name>
            </item>
          </activities>
          <subcommittees>
            <item>
              <systemCode>hshm07</systemCode>
              <name>Transportation Security Subcommittee</name>
              <activities>
                <item>
                  <date>2017-02-24T19:08:54Z</date>
                  <name>Referred to</name>
                </item>
              </activities>
            </item>
          </subcommittees>
          <systemCode>hshm00</systemCode>
        </item>
      </billCommittees>
    </committees>
    <policyArea>
      <name>Transportation and Public Works</name>
    </policyArea>
    <amendments />
  </bill>
  <dublinCore xmlns:dc="http://purl.org/dc/elements/1.1/">
    <dc:format>text/xml</dc:format>
    <dc:language>EN</dc:language>
    <dc:rights>Pursuant to Title 17 Section 105 of the United States Code, this file is not subject to copyright protection and is in the public domain.</dc:rights>
    <dc:contributor>Congressional Research Service, Library of Congress</dc:contributor>
    <dc:description>This file contains bill summaries and statuses for federal legislation. A bill summary describes the most significant provisions of a piece of legislation and details the effects the legislative text may have on current law and federal programs. Bill summaries are authored by the Congressional Research Service (CRS) of the Library of Congress. As stated in Public Law 91-510 (2 USC 166 (d)(6)), one of the duties of CRS is "to prepare summaries and digests of bills and resolutions of a public general nature introduced in the Senate or House of Representatives". For more information, refer to the User Guide that accompanies this file.</dc:description>
  </dublinCore>
</billStatus>

