<?xml version="1.0" encoding="UTF-8"?>
<billStatus>
  <bill>
    <introducedDate>2017-01-13</introducedDate>
    <billType>HR</billType>
    <summaries>
      <billSummaries>
        <item>
          <actionDesc>Introduced in House</actionDesc>
          <name>Introduced in House</name>
          <actionDate>2017-01-13</actionDate>
          <updateDate>2017-01-13T05:00:00Z</updateDate>
          <versionCode>00</versionCode>
          <text><![CDATA[<p><strong>Water and Agriculture Tax Reform Act of 201</strong><b>7</b></p> <p>This bill amends the Internal Revenue Code to permit tax-exempt mutual ditch or irrigation companies to earn income from dispositions of certain real property and stock interests without affecting their tax-exempt status, but&nbsp;requires that such income be used to pay the costs of operations, maintenance, and capital improvements of such a company.</p> <p>The bill also establishes a rule regarding the organizational governance of mutual ditch or irrigation companies. Where state law provides that such a company may be organized in a manner that permits voting on a basis that is pro rata to share ownership on corporate governance matters, the tax-exempt status of the mutual ditch or irrigation company must be determined without taking into account whether its member shareholders have one vote on corporate governance matters per share held in the corporation. </p>]]></text>
          <lastSummaryUpdateDate>2017-01-27T19:10:30Z</lastSummaryUpdateDate>
        </item>
      </billSummaries>
    </summaries>
    <cboCostEstimates />
    <policyArea>
      <name>Taxation</name>
    </policyArea>
    <calendarNumbers />
    <relatedBills />
    <originChamber>House</originChamber>
    <amendments />
    <titles>
      <item>
        <chamberName />
        <title>Water and Agriculture Tax Reform Act of 2017</title>
        <chamberCode />
        <titleType>Short Titles as Introduced</titleType>
        <parentTitleType />
      </item>
      <item>
        <chamberName />
        <title>To amend the Internal Revenue Code of 1986 to facilitate water leasing and water transfers to promote conservation and efficiency.</title>
        <chamberCode />
        <titleType>Official Title as Introduced</titleType>
        <parentTitleType />
      </item>
      <item>
        <chamberName />
        <title>Water and Agriculture Tax Reform Act of 2017</title>
        <chamberCode />
        <titleType>Display Title</titleType>
        <parentTitleType />
      </item>
      <item>
        <chamberName />
        <title>Water and Agriculture Tax Reform Act of 2017</title>
        <chamberCode />
        <titleType>(Extracted from GPO) Short Titles as Introduced</titleType>
        <parentTitleType />
      </item>
    </titles>
    <createDate>2017-01-14T04:47:32Z</createDate>
    <constitutionalAuthorityStatementText><![CDATA[<pre>From the Congressional Record Online through the Government Publishing Office [<a href='http://www.gpo.gov'>www.gpo.gov</a>]By Mr. BUCK:H.R. 519.Congress has the power to enact this legislation pursuantto the following:``The Congress shall have Power to lay and collect Taxes,Duties, Imposts, and Excises, to pay the Debts, and providefor the common Defense and General Welfare of the UnitedStates; but all Duties and Imposts and Excises shall beuniform throughout the United States.''[Page H546]</pre>]]></constitutionalAuthorityStatementText>
    <actions>
      <item>
        <sourceSystem>
          <name>House floor actions</name>
          <code>2</code>
        </sourceSystem>
        <type>IntroReferral</type>
        <committee>
          <name>Ways and Means Committee</name>
          <systemCode>hswm00</systemCode>
        </committee>
        <text>Referred to the House Committee on Ways and Means.</text>
        <actionCode>H11100</actionCode>
        <actionDate>2017-01-13</actionDate>
        <links />
      </item>
      <item>
        <sourceSystem>
          <name>Library of Congress</name>
          <code>9</code>
        </sourceSystem>
        <type>IntroReferral</type>
        <committee />
        <text>Introduced in House</text>
        <actionCode>Intro-H</actionCode>
        <actionDate>2017-01-13</actionDate>
        <links />
      </item>
      <item>
        <sourceSystem>
          <name>Library of Congress</name>
          <code>9</code>
        </sourceSystem>
        <type>IntroReferral</type>
        <committee />
        <text>Introduced in House</text>
        <actionCode>1000</actionCode>
        <actionDate>2017-01-13</actionDate>
        <links />
      </item>
      <actionTypeCounts>
        <introducedInTheHouse>1</introducedInTheHouse>
        <billReferrals>1</billReferrals>
        <introducedInHouse>1</introducedInHouse>
      </actionTypeCounts>
      <actionByCounts>
        <houseOfRepresentatives>3</houseOfRepresentatives>
      </actionByCounts>
    </actions>
    <laws />
    <version>1.0.0</version>
    <cosponsors>
      <item>
        <bioguideId>G000565</bioguideId>
        <lastName>Gosar</lastName>
        <identifiers>
          <bioguideId>G000565</bioguideId>
          <gpoId>7798</gpoId>
          <lisID>1992</lisID>
        </identifiers>
        <district>4</district>
        <isOriginalCosponsor>True</isOriginalCosponsor>
        <sponsorshipDate>2017-01-13</sponsorshipDate>
        <state>AZ</state>
        <sponsorshipWithdrawnDate />
        <fullName>Rep. Gosar, Paul A. [R-AZ-4]</fullName>
        <middleName>A.</middleName>
        <firstName>Paul</firstName>
        <party>R</party>
      </item>
      <item>
        <bioguideId>T000470</bioguideId>
        <lastName>Tipton</lastName>
        <identifiers>
          <lisID>1997</lisID>
          <gpoId>7861</gpoId>
          <bioguideId>T000470</bioguideId>
        </identifiers>
        <district>3</district>
        <isOriginalCosponsor>True</isOriginalCosponsor>
        <sponsorshipDate>2017-01-13</sponsorshipDate>
        <state>CO</state>
        <sponsorshipWithdrawnDate />
        <fullName>Rep. Tipton, Scott  R. [R-CO-3]</fullName>
        <middleName>R.</middleName>
        <firstName>Scott</firstName>
        <party>R</party>
      </item>
      <item>
        <bioguideId>L000584</bioguideId>
        <lastName>Love</lastName>
        <identifiers>
          <lisID>2271</lisID>
          <gpoId />
          <bioguideId>L000584</bioguideId>
        </identifiers>
        <district>4</district>
        <isOriginalCosponsor>True</isOriginalCosponsor>
        <sponsorshipDate>2017-01-13</sponsorshipDate>
        <state>UT</state>
        <sponsorshipWithdrawnDate />
        <fullName>Rep. Love, Mia B. [R-UT-4]</fullName>
        <middleName>B.</middleName>
        <firstName>Mia</firstName>
        <party>R</party>
      </item>
      <item>
        <bioguideId>B001250</bioguideId>
        <lastName>Bishop</lastName>
        <identifiers>
          <lisID>1753</lisID>
          <gpoId>8189</gpoId>
          <bioguideId>B001250</bioguideId>
        </identifiers>
        <district>1</district>
        <isOriginalCosponsor>True</isOriginalCosponsor>
        <sponsorshipDate>2017-01-13</sponsorshipDate>
        <state>UT</state>
        <sponsorshipWithdrawnDate />
        <fullName>Rep. Bishop, Rob [R-UT-1]</fullName>
        <middleName />
        <firstName>Rob</firstName>
        <party>R</party>
      </item>
      <item>
        <bioguideId>L000564</bioguideId>
        <lastName>Lamborn</lastName>
        <identifiers>
          <bioguideId>L000564</bioguideId>
          <lisID>1834</lisID>
          <gpoId>7863</gpoId>
        </identifiers>
        <district>5</district>
        <isOriginalCosponsor>False</isOriginalCosponsor>
        <sponsorshipDate>2017-02-14</sponsorshipDate>
        <state>CO</state>
        <sponsorshipWithdrawnDate />
        <fullName>Rep. Lamborn, Doug [R-CO-5]</fullName>
        <middleName />
        <firstName>Doug</firstName>
        <party>R</party>
      </item>
      <item>
        <bioguideId>N000189</bioguideId>
        <lastName>Newhouse</lastName>
        <identifiers>
          <lisID>2275</lisID>
          <gpoId />
          <bioguideId>N000189</bioguideId>
        </identifiers>
        <district>4</district>
        <isOriginalCosponsor>False</isOriginalCosponsor>
        <sponsorshipDate>2017-03-30</sponsorshipDate>
        <state>WA</state>
        <sponsorshipWithdrawnDate />
        <fullName>Rep. Newhouse, Dan [R-WA-4]</fullName>
        <middleName />
        <firstName>Dan</firstName>
        <party>R</party>
      </item>
      <item>
        <bioguideId>P000593</bioguideId>
        <lastName>Perlmutter</lastName>
        <identifiers>
          <bioguideId>P000593</bioguideId>
          <lisID>1835</lisID>
          <gpoId>7865</gpoId>
        </identifiers>
        <district>7</district>
        <isOriginalCosponsor>False</isOriginalCosponsor>
        <sponsorshipDate>2017-05-01</sponsorshipDate>
        <state>CO</state>
        <sponsorshipWithdrawnDate />
        <fullName>Rep. Perlmutter, Ed [D-CO-7]</fullName>
        <middleName />
        <firstName>Ed</firstName>
        <party>D</party>
      </item>
      <item>
        <bioguideId>P000598</bioguideId>
        <lastName>Polis</lastName>
        <identifiers>
          <bioguideId>P000598</bioguideId>
          <gpoId>7860</gpoId>
          <lisID>1910</lisID>
        </identifiers>
        <district>2</district>
        <isOriginalCosponsor>False</isOriginalCosponsor>
        <sponsorshipDate>2017-05-03</sponsorshipDate>
        <state>CO</state>
        <sponsorshipWithdrawnDate />
        <fullName>Rep. Polis, Jared [D-CO-2]</fullName>
        <middleName />
        <firstName>Jared</firstName>
        <party>D</party>
      </item>
      <item>
        <bioguideId>C001109</bioguideId>
        <lastName>Cheney</lastName>
        <identifiers>
          <bioguideId>C001109</bioguideId>
          <gpoId />
          <lisID>2356</lisID>
        </identifiers>
        <district>0</district>
        <isOriginalCosponsor>False</isOriginalCosponsor>
        <sponsorshipDate>2017-05-03</sponsorshipDate>
        <state>WY</state>
        <sponsorshipWithdrawnDate />
        <fullName>Rep. Cheney, Liz [R-WY-At Large]</fullName>
        <middleName />
        <firstName>Liz</firstName>
        <party>R</party>
      </item>
      <item>
        <bioguideId>C001077</bioguideId>
        <lastName>Coffman</lastName>
        <identifiers>
          <lisID>1912</lisID>
          <gpoId>7864</gpoId>
          <bioguideId>C001077</bioguideId>
        </identifiers>
        <district>6</district>
        <isOriginalCosponsor>False</isOriginalCosponsor>
        <sponsorshipDate>2017-05-23</sponsorshipDate>
        <state>CO</state>
        <sponsorshipWithdrawnDate />
        <fullName>Rep. Coffman, Mike [R-CO-6]</fullName>
        <middleName />
        <firstName>Mike</firstName>
        <party>R</party>
      </item>
      <item>
        <bioguideId>D000197</bioguideId>
        <lastName>DEGETTE</lastName>
        <identifiers>
          <lisID>1479</lisID>
          <gpoId>7859</gpoId>
          <bioguideId>D000197</bioguideId>
        </identifiers>
        <district>1</district>
        <isOriginalCosponsor>False</isOriginalCosponsor>
        <sponsorshipDate>2017-05-24</sponsorshipDate>
        <state>CO</state>
        <sponsorshipWithdrawnDate />
        <fullName>Rep. DeGette, Diana [D-CO-1]</fullName>
        <middleName />
        <firstName>DIANA</firstName>
        <party>D</party>
      </item>
      <item>
        <bioguideId>N000179</bioguideId>
        <lastName>NAPOLITANO</lastName>
        <identifiers>
          <lisID>1602</lisID>
          <gpoId>7843</gpoId>
          <bioguideId>N000179</bioguideId>
        </identifiers>
        <district>32</district>
        <isOriginalCosponsor>False</isOriginalCosponsor>
        <sponsorshipDate>2017-09-26</sponsorshipDate>
        <state>CA</state>
        <sponsorshipWithdrawnDate />
        <fullName>Rep. Napolitano, Grace F. [D-CA-32]</fullName>
        <middleName>F.</middleName>
        <firstName>GRACE</firstName>
        <party>D</party>
      </item>
      <item>
        <bioguideId>C001114</bioguideId>
        <lastName>Curtis</lastName>
        <identifiers>
          <bioguideId>C001114</bioguideId>
          <lisID>2363</lisID>
          <gpoId />
        </identifiers>
        <district>3</district>
        <isOriginalCosponsor>False</isOriginalCosponsor>
        <sponsorshipDate>2017-12-14</sponsorshipDate>
        <state>UT</state>
        <sponsorshipWithdrawnDate />
        <fullName>Rep. Curtis, John R. [R-UT-3]</fullName>
        <middleName>R.</middleName>
        <firstName>John</firstName>
        <party>R</party>
      </item>
    </cosponsors>
    <billNumber>519</billNumber>
    <committeeReports />
    <notes />
    <latestAction>
      <actionDate>2017-01-13</actionDate>
      <text>Referred to the House Committee on Ways and Means.</text>
      <links />
    </latestAction>
    <committees>
      <billCommittees>
        <item>
          <type>Standing</type>
          <subcommittees />
          <name>Ways and Means Committee</name>
          <activities>
            <item>
              <date>2017-01-13T14:01:15Z</date>
              <name>Referred to</name>
            </item>
          </activities>
          <systemCode>hswm00</systemCode>
          <chamber>House</chamber>
        </item>
      </billCommittees>
    </committees>
    <updateDate>2018-03-30T14:00:02Z</updateDate>
    <title>Water and Agriculture Tax Reform Act of 2017</title>
    <sponsors>
      <item>
        <fullName>Rep. Buck, Ken [R-CO-4]</fullName>
        <state>CO</state>
        <lastName>Buck</lastName>
        <bioguideId>B001297</bioguideId>
        <district>4</district>
        <middleName />
        <byRequestType />
        <party>R</party>
        <identifiers>
          <lisID>2233</lisID>
          <gpoId />
          <bioguideId>B001297</bioguideId>
        </identifiers>
        <firstName>Ken</firstName>
      </item>
    </sponsors>
    <congress>115</congress>
    <recordedVotes />
    <subjects>
      <billSubjects>
        <policyArea>
          <name>Taxation</name>
        </policyArea>
        <legislativeSubjects>
          <item>
            <name>Business investment and capital</name>
          </item>
          <item>
            <name>Corporate finance and management</name>
          </item>
          <item>
            <name>Farmland</name>
          </item>
          <item>
            <name>Financial services and investments</name>
          </item>
          <item>
            <name>Land transfers</name>
          </item>
          <item>
            <name>Securities</name>
          </item>
          <item>
            <name>Tax-exempt organizations</name>
          </item>
          <item>
            <name>Water use and supply</name>
          </item>
        </legislativeSubjects>
      </billSubjects>
    </subjects>
  </bill>
  <dublinCore xmlns:dc="http://purl.org/dc/elements/1.1/">
    <dc:format>text/xml</dc:format>
    <dc:language>EN</dc:language>
    <dc:rights>Pursuant to Title 17 Section 105 of the United States Code, this file is not subject to copyright protection and is in the public domain.</dc:rights>
    <dc:contributor>Congressional Research Service, Library of Congress</dc:contributor>
    <dc:description>This file contains bill summaries and statuses for federal legislation. A bill summary describes the most significant provisions of a piece of legislation and details the effects the legislative text may have on current law and federal programs. Bill summaries are authored by the Congressional Research Service (CRS) of the Library of Congress. As stated in Public Law 91-510 (2 USC 166 (d)(6)), one of the duties of CRS is "to prepare summaries and digests of bills and resolutions of a public general nature introduced in the Senate or House of Representatives". For more information, refer to the User Guide that accompanies this file.</dc:description>
  </dublinCore>
</billStatus>

