<?xml version="1.0" encoding="UTF-8"?>
<billStatus>
  <bill>
    <calendarNumbers />
    <congress>115</congress>
    <billType>HR</billType>
    <constitutionalAuthorityStatementText><![CDATA[<pre>From the Congressional Record Online through the Government Publishing Office [<a href='http://www.gpo.gov'>www.gpo.gov</a>]By Mr. HARPER:H.R. 633.Congress has the power to enact this legislation pursuantto the following:The Congress enacts this bill pursuant to Clause 1 ofSection 8 of Article I of the United States Constitution.[Page H687]</pre>]]></constitutionalAuthorityStatementText>
    <recordedVotes />
    <summaries>
      <billSummaries>
        <item>
          <lastSummaryUpdateDate>2017-09-14T12:33:39Z</lastSummaryUpdateDate>
          <updateDate>2017-01-24T05:00:00Z</updateDate>
          <text><![CDATA[<p><b>Patient Fairness and Relief Act of 2017</b></p> <p>This bill permits a health insurer that had in effect certain health insurance coverage in the individual market from January 1, 2013, through January 1, 2017, to continue to offer the coverage in the individual market outside of health insurance exchanges. This applies to coverage under the transitional policy of the Center for Consumer Information and Insurance Oversight of the Centers for Medicare and Medicaid Services. (Coverage under that policy does not need to comply with certain Patient Protection and Affordable Care Act requirements, including guaranteed renewability and coverage for preexisting conditions.)</p> <p> This coverage is treated as a grandfathered health plan and thus fulfills an individual's requirement to maintain minimum essential coverage.</p>]]></text>
          <actionDesc>Introduced in House</actionDesc>
          <versionCode>00</versionCode>
          <actionDate>2017-01-24</actionDate>
          <name>Introduced in House</name>
        </item>
      </billSummaries>
    </summaries>
    <subjects>
      <billSubjects>
        <policyArea>
          <name>Health</name>
        </policyArea>
        <legislativeSubjects>
          <item>
            <name>Employee benefits and pensions</name>
          </item>
          <item>
            <name>Health care costs and insurance</name>
          </item>
          <item>
            <name>Health care coverage and access</name>
          </item>
        </legislativeSubjects>
      </billSubjects>
    </subjects>
    <cosponsors>
      <item>
        <firstName>Todd</firstName>
        <identifiers>
          <lisID>2017</lisID>
          <gpoId>7943</gpoId>
          <bioguideId>R000592</bioguideId>
        </identifiers>
        <sponsorshipWithdrawnDate />
        <district>4</district>
        <middleName />
        <state>IN</state>
        <lastName>Rokita</lastName>
        <sponsorshipDate>2017-04-25</sponsorshipDate>
        <isOriginalCosponsor>False</isOriginalCosponsor>
        <bioguideId>R000592</bioguideId>
        <fullName>Rep. Rokita, Todd [R-IN-4]</fullName>
        <party>R</party>
      </item>
    </cosponsors>
    <actions>
      <item>
        <actionDate>2017-02-06</actionDate>
        <committee>
          <systemCode>hswm02</systemCode>
          <name>Health Subcommittee</name>
        </committee>
        <links />
        <sourceSystem>
          <code>1</code>
          <name>House committee actions</name>
        </sourceSystem>
        <text>Referred to the Subcommittee on Health.</text>
        <type>Committee</type>
      </item>
      <item>
        <committee>
          <systemCode>hswm00</systemCode>
          <name>Ways and Means Committee</name>
        </committee>
        <text>Referred to House Ways and Means</text>
        <sourceSystem>
          <code>2</code>
          <name>House floor actions</name>
        </sourceSystem>
        <actionDate>2017-01-24</actionDate>
        <actionCode>H11100</actionCode>
        <links />
        <type>IntroReferral</type>
      </item>
      <item>
        <committee>
          <systemCode>hsif00</systemCode>
          <name>Energy and Commerce Committee</name>
        </committee>
        <text>Referred to House Energy and Commerce</text>
        <sourceSystem>
          <code>2</code>
          <name>House floor actions</name>
        </sourceSystem>
        <actionDate>2017-01-24</actionDate>
        <actionCode>H11100</actionCode>
        <links />
        <type>IntroReferral</type>
      </item>
      <item>
        <committee />
        <text>Referred to the Committee on Energy and Commerce, and in addition to the Committee on Ways and Means, for a period to be subsequently determined by the Speaker, in each case for consideration of such provisions as fall within the jurisdiction of the committee concerned.</text>
        <sourceSystem>
          <code>9</code>
          <name>Library of Congress</name>
        </sourceSystem>
        <actionDate>2017-01-24</actionDate>
        <actionCode>H11100-A</actionCode>
        <links />
        <type>IntroReferral</type>
      </item>
      <item>
        <committee />
        <text>Introduced in House</text>
        <sourceSystem>
          <code>9</code>
          <name>Library of Congress</name>
        </sourceSystem>
        <actionDate>2017-01-24</actionDate>
        <actionCode>Intro-H</actionCode>
        <links />
        <type>IntroReferral</type>
      </item>
      <item>
        <committee />
        <text>Introduced in House</text>
        <sourceSystem>
          <code>9</code>
          <name>Library of Congress</name>
        </sourceSystem>
        <actionDate>2017-01-24</actionDate>
        <actionCode>1000</actionCode>
        <links />
        <type>IntroReferral</type>
      </item>
      <actionByCounts>
        <houseOfRepresentatives>6</houseOfRepresentatives>
      </actionByCounts>
      <actionTypeCounts>
        <billReferrals>2</billReferrals>
        <billReferralsAggregate>1</billReferralsAggregate>
        <introducedInTheHouse>1</introducedInTheHouse>
        <introducedInHouse>1</introducedInHouse>
        <placeholderTextForH>1</placeholderTextForH>
      </actionTypeCounts>
    </actions>
    <notes />
    <policyArea>
      <name>Health</name>
    </policyArea>
    <billNumber>633</billNumber>
    <createDate>2017-01-25T04:45:55Z</createDate>
    <originChamber>House</originChamber>
    <committees>
      <billCommittees>
        <item>
          <name>Ways and Means Committee</name>
          <activities>
            <item>
              <date>2017-01-24T15:07:45Z</date>
              <name>Referred to</name>
            </item>
          </activities>
          <chamber>House</chamber>
          <type>Standing</type>
          <systemCode>hswm00</systemCode>
          <subcommittees>
            <item>
              <activities>
                <item>
                  <date>2017-02-06T22:05:56Z</date>
                  <name>Referred to</name>
                </item>
              </activities>
              <name>Health Subcommittee</name>
              <systemCode>hswm02</systemCode>
            </item>
          </subcommittees>
        </item>
        <item>
          <name>Energy and Commerce Committee</name>
          <activities>
            <item>
              <date>2017-01-24T15:07:40Z</date>
              <name>Referred to</name>
            </item>
          </activities>
          <chamber>House</chamber>
          <type>Standing</type>
          <systemCode>hsif00</systemCode>
          <subcommittees />
        </item>
      </billCommittees>
    </committees>
    <introducedDate>2017-01-24</introducedDate>
    <amendments />
    <sponsors>
      <item>
        <lastName>Harper</lastName>
        <bioguideId>H001045</bioguideId>
        <identifiers>
          <lisID>1933</lisID>
          <gpoId>8021</gpoId>
          <bioguideId>H001045</bioguideId>
        </identifiers>
        <party>R</party>
        <firstName>Gregg</firstName>
        <fullName>Rep. Harper, Gregg [R-MS-3]</fullName>
        <state>MS</state>
        <byRequestType />
        <middleName />
        <district>3</district>
      </item>
    </sponsors>
    <committeeReports />
    <cboCostEstimates />
    <titles>
      <item>
        <titleType>Short Titles as Introduced</titleType>
        <chamberCode />
        <parentTitleType />
        <chamberName />
        <title>Patient Fairness and Relief Act of 2017</title>
      </item>
      <item>
        <titleType>Official Title as Introduced</titleType>
        <chamberCode />
        <parentTitleType />
        <chamberName />
        <title>To authorize health insurance issuers to continue to offer for sale health insurance coverage offered in the individual market before the enactment of the Patient Protection and Affordable Care Act in satisfaction of the minimum essential health insurance coverage requirement, and for other purposes.</title>
      </item>
      <item>
        <titleType>Display Title</titleType>
        <chamberCode />
        <parentTitleType />
        <chamberName />
        <title>Patient Fairness and Relief Act of 2017</title>
      </item>
      <item>
        <titleType>(Extracted from GPO) Short Titles as Introduced</titleType>
        <chamberCode />
        <parentTitleType />
        <chamberName />
        <title>Patient Fairness and Relief Act of 2017</title>
      </item>
    </titles>
    <title>Patient Fairness and Relief Act of 2017</title>
    <laws />
    <relatedBills />
    <latestAction>
      <actionDate>2017-02-06</actionDate>
      <links />
      <text>Referred to the Subcommittee on Health.</text>
    </latestAction>
    <version>1.0.0</version>
    <updateDate>2018-03-30T14:00:37Z</updateDate>
  </bill>
  <dublinCore xmlns:dc="http://purl.org/dc/elements/1.1/">
    <dc:format>text/xml</dc:format>
    <dc:language>EN</dc:language>
    <dc:rights>Pursuant to Title 17 Section 105 of the United States Code, this file is not subject to copyright protection and is in the public domain.</dc:rights>
    <dc:contributor>Congressional Research Service, Library of Congress</dc:contributor>
    <dc:description>This file contains bill summaries and statuses for federal legislation. A bill summary describes the most significant provisions of a piece of legislation and details the effects the legislative text may have on current law and federal programs. Bill summaries are authored by the Congressional Research Service (CRS) of the Library of Congress. As stated in Public Law 91-510 (2 USC 166 (d)(6)), one of the duties of CRS is "to prepare summaries and digests of bills and resolutions of a public general nature introduced in the Senate or House of Representatives". For more information, refer to the User Guide that accompanies this file.</dc:description>
  </dublinCore>
</billStatus>

