<?xml version="1.0" encoding="UTF-8"?>
<billStatus>
  <bill>
    <introducedDate>2017-01-20</introducedDate>
    <createDate>2017-01-21T04:55:44Z</createDate>
    <policyArea>
      <name>Energy</name>
    </policyArea>
    <title>Department of Energy Research and Innovation Act</title>
    <constitutionalAuthorityStatementText><![CDATA[<pre>From the Congressional Record Online through the Government Publishing Office [<a href='http://www.gpo.gov'>www.gpo.gov</a>]By Mr. SMITH of Texas:H.R. 589.Congress has the power to enact this legislation pursuantto the following:Article I, Section 8, Clause 18:The Congress shall have power to make all Laws which shallbe necessary and proper for carrying into Execution theforegoing Powers, and all other Powers vested by thisConstitution in the Government of the United States, or inany Department of Officer thereof.[Page H560]</pre>]]></constitutionalAuthorityStatementText>
    <notes />
    <cosponsors>
      <item>
        <firstName>EDDIE</firstName>
        <identifiers>
          <lisID>599</lisID>
          <gpoId>8186</gpoId>
          <bioguideId>J000126</bioguideId>
        </identifiers>
        <sponsorshipDate>2017-01-20</sponsorshipDate>
        <isOriginalCosponsor>True</isOriginalCosponsor>
        <state>TX</state>
        <lastName>JOHNSON</lastName>
        <middleName>BERNICE</middleName>
        <fullName>Rep. Johnson, Eddie Bernice [D-TX-30]</fullName>
        <bioguideId>J000126</bioguideId>
        <district>30</district>
        <sponsorshipWithdrawnDate />
        <party>D</party>
      </item>
      <item>
        <firstName>Randy</firstName>
        <identifiers>
          <bioguideId>W000814</bioguideId>
          <gpoId />
          <lisID>2161</lisID>
        </identifiers>
        <sponsorshipDate>2017-01-20</sponsorshipDate>
        <isOriginalCosponsor>True</isOriginalCosponsor>
        <state>TX</state>
        <lastName>Weber</lastName>
        <middleName>K.</middleName>
        <fullName>Rep. Weber, Randy K., Sr. [R-TX-14]</fullName>
        <bioguideId>W000814</bioguideId>
        <district>14</district>
        <sponsorshipWithdrawnDate />
        <party>R</party>
      </item>
      <item>
        <firstName>Stephen</firstName>
        <identifiers>
          <lisID>2228</lisID>
          <gpoId />
          <bioguideId>K000387</bioguideId>
        </identifiers>
        <sponsorshipDate>2017-01-20</sponsorshipDate>
        <isOriginalCosponsor>True</isOriginalCosponsor>
        <state>CA</state>
        <lastName>Knight</lastName>
        <middleName />
        <fullName>Rep. Knight, Stephen [R-CA-25]</fullName>
        <bioguideId>K000387</bioguideId>
        <district>25</district>
        <sponsorshipWithdrawnDate />
        <party>R</party>
      </item>
      <item>
        <firstName>Randy</firstName>
        <identifiers>
          <lisID>2015</lisID>
          <gpoId>7934</gpoId>
          <bioguideId>H001059</bioguideId>
        </identifiers>
        <sponsorshipDate>2017-01-20</sponsorshipDate>
        <isOriginalCosponsor>True</isOriginalCosponsor>
        <state>IL</state>
        <lastName>Hultgren</lastName>
        <middleName />
        <fullName>Rep. Hultgren, Randy [R-IL-14]</fullName>
        <bioguideId>H001059</bioguideId>
        <district>14</district>
        <sponsorshipWithdrawnDate />
        <party>R</party>
      </item>
      <item>
        <firstName>FRANK</firstName>
        <identifiers>
          <gpoId>8111</gpoId>
          <lisID>711</lisID>
          <bioguideId>L000491</bioguideId>
        </identifiers>
        <sponsorshipDate>2017-01-20</sponsorshipDate>
        <isOriginalCosponsor>True</isOriginalCosponsor>
        <state>OK</state>
        <lastName>LUCAS</lastName>
        <middleName>D.</middleName>
        <fullName>Rep. Lucas, Frank D. [R-OK-3]</fullName>
        <bioguideId>L000491</bioguideId>
        <district>3</district>
        <sponsorshipWithdrawnDate />
        <party>R</party>
      </item>
      <item>
        <firstName>Daniel</firstName>
        <identifiers>
          <gpoId>7923</gpoId>
          <bioguideId>L000563</bioguideId>
          <lisID>1781</lisID>
        </identifiers>
        <sponsorshipDate>2017-01-20</sponsorshipDate>
        <isOriginalCosponsor>True</isOriginalCosponsor>
        <state>IL</state>
        <lastName>Lipinski</lastName>
        <middleName>William</middleName>
        <fullName>Rep. Lipinski, Daniel [D-IL-3]</fullName>
        <bioguideId>L000563</bioguideId>
        <district>3</district>
        <sponsorshipWithdrawnDate />
        <party>D</party>
      </item>
      <item>
        <firstName>DANA</firstName>
        <identifiers>
          <lisID>979</lisID>
          <gpoId>7851</gpoId>
          <bioguideId>R000409</bioguideId>
        </identifiers>
        <sponsorshipDate>2017-01-20</sponsorshipDate>
        <isOriginalCosponsor>True</isOriginalCosponsor>
        <state>CA</state>
        <lastName>ROHRABACHER</lastName>
        <middleName />
        <fullName>Rep. Rohrabacher, Dana [R-CA-48]</fullName>
        <bioguideId>R000409</bioguideId>
        <district>48</district>
        <sponsorshipWithdrawnDate />
        <party>R</party>
      </item>
      <item>
        <firstName>Elizabeth</firstName>
        <identifiers>
          <bioguideId>E000293</bioguideId>
          <lisID>2114</lisID>
          <gpoId />
        </identifiers>
        <sponsorshipDate>2017-01-20</sponsorshipDate>
        <isOriginalCosponsor>True</isOriginalCosponsor>
        <state>CT</state>
        <lastName>Esty</lastName>
        <middleName>H.</middleName>
        <fullName>Rep. Esty, Elizabeth H. [D-CT-5]</fullName>
        <bioguideId>E000293</bioguideId>
        <district>5</district>
        <sponsorshipWithdrawnDate />
        <party>D</party>
      </item>
      <item>
        <firstName>Brian</firstName>
        <identifiers>
          <lisID>2270</lisID>
          <gpoId />
          <bioguideId>B001291</bioguideId>
        </identifiers>
        <sponsorshipDate>2017-01-20</sponsorshipDate>
        <isOriginalCosponsor>True</isOriginalCosponsor>
        <state>TX</state>
        <lastName>Babin</lastName>
        <middleName />
        <fullName>Rep. Babin, Brian [R-TX-36]</fullName>
        <bioguideId>B001291</bioguideId>
        <district>36</district>
        <sponsorshipWithdrawnDate />
        <party>R</party>
      </item>
      <item>
        <firstName>Ed</firstName>
        <identifiers>
          <gpoId>7865</gpoId>
          <bioguideId>P000593</bioguideId>
          <lisID>1835</lisID>
        </identifiers>
        <sponsorshipDate>2017-01-20</sponsorshipDate>
        <isOriginalCosponsor>True</isOriginalCosponsor>
        <state>CO</state>
        <lastName>Perlmutter</lastName>
        <middleName />
        <fullName>Rep. Perlmutter, Ed [D-CO-7]</fullName>
        <bioguideId>P000593</bioguideId>
        <district>7</district>
        <sponsorshipWithdrawnDate />
        <party>D</party>
      </item>
      <item>
        <firstName>Jim</firstName>
        <identifiers>
          <lisID>2326</lisID>
          <gpoId />
          <bioguideId>B001299</bioguideId>
        </identifiers>
        <sponsorshipDate>2017-01-20</sponsorshipDate>
        <isOriginalCosponsor>True</isOriginalCosponsor>
        <state>IN</state>
        <lastName>Banks</lastName>
        <middleName />
        <fullName>Rep. Banks, Jim [R-IN-3]</fullName>
        <bioguideId>B001299</bioguideId>
        <district>3</district>
        <sponsorshipWithdrawnDate />
        <party>R</party>
      </item>
      <item>
        <firstName>Paul</firstName>
        <identifiers>
          <lisID>1942</lisID>
          <gpoId>8082</gpoId>
          <bioguideId>T000469</bioguideId>
        </identifiers>
        <sponsorshipDate>2017-01-20</sponsorshipDate>
        <isOriginalCosponsor>True</isOriginalCosponsor>
        <state>NY</state>
        <lastName>Tonko</lastName>
        <middleName />
        <fullName>Rep. Tonko, Paul [D-NY-20]</fullName>
        <bioguideId>T000469</bioguideId>
        <district>20</district>
        <sponsorshipWithdrawnDate />
        <party>D</party>
      </item>
      <item>
        <firstName>Andy</firstName>
        <identifiers>
          <lisID>2307</lisID>
          <gpoId />
          <bioguideId>B001302</bioguideId>
        </identifiers>
        <sponsorshipDate>2017-01-20</sponsorshipDate>
        <isOriginalCosponsor>True</isOriginalCosponsor>
        <state>AZ</state>
        <lastName>Biggs</lastName>
        <middleName />
        <fullName>Rep. Biggs, Andy [R-AZ-5]</fullName>
        <bioguideId>B001302</bioguideId>
        <district>5</district>
        <sponsorshipWithdrawnDate />
        <party>R</party>
      </item>
      <item>
        <firstName>Neal</firstName>
        <identifiers>
          <bioguideId>D000628</bioguideId>
          <gpoId />
          <lisID>2315</lisID>
        </identifiers>
        <sponsorshipDate>2017-01-20</sponsorshipDate>
        <isOriginalCosponsor>True</isOriginalCosponsor>
        <state>FL</state>
        <lastName>Dunn</lastName>
        <middleName>P.</middleName>
        <fullName>Rep. Dunn, Neal P. [R-FL-2]</fullName>
        <bioguideId>D000628</bioguideId>
        <district>2</district>
        <sponsorshipWithdrawnDate />
        <party>R</party>
      </item>
      <item>
        <firstName>Clay</firstName>
        <identifiers>
          <lisID>2329</lisID>
          <gpoId />
          <bioguideId>H001077</bioguideId>
        </identifiers>
        <sponsorshipDate>2017-01-20</sponsorshipDate>
        <isOriginalCosponsor>True</isOriginalCosponsor>
        <state>LA</state>
        <lastName>Higgins</lastName>
        <middleName />
        <fullName>Rep. Higgins, Clay [R-LA-3]</fullName>
        <bioguideId>H001077</bioguideId>
        <district>3</district>
        <sponsorshipWithdrawnDate />
        <party>R</party>
      </item>
      <item>
        <firstName>Marc</firstName>
        <identifiers>
          <bioguideId>V000131</bioguideId>
          <gpoId />
          <lisID>2166</lisID>
        </identifiers>
        <sponsorshipDate>2017-01-23</sponsorshipDate>
        <isOriginalCosponsor>False</isOriginalCosponsor>
        <state>TX</state>
        <lastName>Veasey</lastName>
        <middleName>A.</middleName>
        <fullName>Rep. Veasey, Marc A. [D-TX-33]</fullName>
        <bioguideId>V000131</bioguideId>
        <district>33</district>
        <sponsorshipWithdrawnDate />
        <party>D</party>
      </item>
      <item>
        <firstName>Barbara</firstName>
        <identifiers>
          <lisID>2273</lisID>
          <gpoId />
          <bioguideId>C001105</bioguideId>
        </identifiers>
        <sponsorshipDate>2017-01-23</sponsorshipDate>
        <isOriginalCosponsor>False</isOriginalCosponsor>
        <state>VA</state>
        <lastName>Comstock</lastName>
        <middleName />
        <fullName>Rep. Comstock, Barbara [R-VA-10]</fullName>
        <bioguideId>C001105</bioguideId>
        <district>10</district>
        <sponsorshipWithdrawnDate />
        <party>R</party>
      </item>
      <item>
        <firstName>Mo</firstName>
        <identifiers>
          <gpoId>7790</gpoId>
          <lisID>1987</lisID>
          <bioguideId>B001274</bioguideId>
        </identifiers>
        <sponsorshipDate>2017-01-23</sponsorshipDate>
        <isOriginalCosponsor>False</isOriginalCosponsor>
        <state>AL</state>
        <lastName>Brooks</lastName>
        <middleName />
        <fullName>Rep. Brooks, Mo [R-AL-5]</fullName>
        <bioguideId>B001274</bioguideId>
        <district>5</district>
        <sponsorshipWithdrawnDate />
        <party>R</party>
      </item>
      <item>
        <firstName>Eric</firstName>
        <identifiers>
          <lisID>2104</lisID>
          <gpoId />
          <bioguideId>S001193</bioguideId>
        </identifiers>
        <sponsorshipDate>2017-01-23</sponsorshipDate>
        <isOriginalCosponsor>False</isOriginalCosponsor>
        <state>CA</state>
        <lastName>Swalwell</lastName>
        <middleName />
        <fullName>Rep. Swalwell, Eric [D-CA-15]</fullName>
        <bioguideId>S001193</bioguideId>
        <district>15</district>
        <sponsorshipWithdrawnDate />
        <party>D</party>
      </item>
      <item>
        <firstName>ZOE</firstName>
        <identifiers>
          <lisID>701</lisID>
          <gpoId>7821</gpoId>
          <bioguideId>L000397</bioguideId>
        </identifiers>
        <sponsorshipDate>2017-01-24</sponsorshipDate>
        <isOriginalCosponsor>False</isOriginalCosponsor>
        <state>CA</state>
        <lastName>LOFGREN</lastName>
        <middleName />
        <fullName>Rep. Lofgren, Zoe [D-CA-19]</fullName>
        <bioguideId>L000397</bioguideId>
        <district>19</district>
        <sponsorshipWithdrawnDate />
        <party>D</party>
      </item>
    </cosponsors>
    <actions>
      <actionTypeCounts>
        <introducedInTheHouse>1</introducedInTheHouse>
        <orderedReported>1</orderedReported>
        <motionMadeToSuspendTheRules>1</motionMadeToSuspendTheRules>
        <passedAgreedToInHouse>1</passedAgreedToInHouse>
        <finalPassageUnderSuspensionOfTheRulesResults>1</finalPassageUnderSuspensionOfTheRulesResults>
        <considerationByHouse>1</considerationByHouse>
        <introducedInHouse>1</introducedInHouse>
        <generalDebate>1</generalDebate>
        <referredToCommittee>1</referredToCommittee>
        <motionToReconsiderResults>1</motionToReconsiderResults>
        <billReferrals>1</billReferrals>
      </actionTypeCounts>
      <item>
        <actionDate>2018-03-08</actionDate>
        <committee>
          <systemCode>sseg00</systemCode>
          <name>Energy and Natural Resources Committee</name>
        </committee>
        <links />
        <sourceSystem>
          <code>0</code>
          <name>Senate</name>
        </sourceSystem>
        <text>Committee on Energy and Natural Resources. Ordered to be reported without amendment favorably.</text>
        <type>Committee</type>
      </item>
      <item>
        <actionDate>2017-01-30</actionDate>
        <committee>
          <systemCode>sseg00</systemCode>
          <name>Energy and Natural Resources Committee</name>
        </committee>
        <links />
        <sourceSystem>
          <code>0</code>
          <name>Senate</name>
        </sourceSystem>
        <text>Received in the Senate and Read twice and referred to the Committee on Energy and Natural Resources.</text>
        <type>IntroReferral</type>
      </item>
      <item>
        <actionCode>H38310</actionCode>
        <actionDate>2017-01-24</actionDate>
        <links />
        <text>Motion to reconsider laid on the table Agreed to without objection.</text>
        <actionTime>16:03:57</actionTime>
        <sourceSystem>
          <code>2</code>
          <name>House floor actions</name>
        </sourceSystem>
        <type>Floor</type>
        <committee />
      </item>
      <item>
        <actionCode>H37300</actionCode>
        <actionDate>2017-01-24</actionDate>
        <links>
          <link>
            <url>https://www.congress.gov/congressional-record/volume-163/house-section/page/H646-654</url>
            <name>H646-654</name>
          </link>
        </links>
        <text>On motion to suspend the rules and pass the bill, as amended Agreed to by voice vote. (text of measure as passed: CR H646-654)</text>
        <actionTime>16:03:51</actionTime>
        <sourceSystem>
          <code>2</code>
          <name>House floor actions</name>
        </sourceSystem>
        <type>Floor</type>
        <committee />
      </item>
      <item>
        <actionCode>8000</actionCode>
        <actionDate>2017-01-24</actionDate>
        <links>
          <link>
            <url>https://www.congress.gov/congressional-record/volume-163/house-section/page/H646-654</url>
            <name>H646-654</name>
          </link>
        </links>
        <text>Passed/agreed to in House: On motion to suspend the rules and pass the bill, as amended Agreed to by voice vote.(text of measure as passed: CR H646-654)</text>
        <actionTime>16:03:51</actionTime>
        <sourceSystem>
          <code>9</code>
          <name>Library of Congress</name>
        </sourceSystem>
        <type>Floor</type>
        <committee />
      </item>
      <item>
        <actionCode>H8D000</actionCode>
        <actionDate>2017-01-24</actionDate>
        <links>
          <link>
            <url>https://www.congress.gov/bill/115th-congress/house-bill/589</url>
            <name>H.R. 589</name>
          </link>
        </links>
        <text>DEBATE - The House proceeded with forty minutes of debate on H.R. 589.</text>
        <actionTime>15:42:45</actionTime>
        <sourceSystem>
          <code>2</code>
          <name>House floor actions</name>
        </sourceSystem>
        <type>Floor</type>
        <committee />
      </item>
      <item>
        <actionCode>H30000</actionCode>
        <actionDate>2017-01-24</actionDate>
        <links>
          <link>
            <url>https://www.congress.gov/congressional-record/volume-163/house-section/page/H646-656</url>
            <name>H646-656</name>
          </link>
        </links>
        <text>Considered under suspension of the rules. (consideration: CR H646-656)</text>
        <actionTime>15:42:43</actionTime>
        <sourceSystem>
          <code>2</code>
          <name>House floor actions</name>
        </sourceSystem>
        <type>Floor</type>
        <committee />
      </item>
      <item>
        <actionCode>H30300</actionCode>
        <actionDate>2017-01-24</actionDate>
        <links />
        <text>Mr. Smith (TX) moved to suspend the rules and pass the bill, as amended.</text>
        <actionTime>15:42:21</actionTime>
        <sourceSystem>
          <code>2</code>
          <name>House floor actions</name>
        </sourceSystem>
        <type>Floor</type>
        <committee />
      </item>
      <item>
        <actionCode>H11100</actionCode>
        <sourceSystem>
          <code>2</code>
          <name>House floor actions</name>
        </sourceSystem>
        <links />
        <text>Referred to the House Committee on Science, Space, and Technology.</text>
        <actionDate>2017-01-20</actionDate>
        <type>IntroReferral</type>
        <committee>
          <systemCode>hssy00</systemCode>
          <name>Science, Space, and Technology Committee</name>
        </committee>
      </item>
      <item>
        <actionCode>Intro-H</actionCode>
        <sourceSystem>
          <code>9</code>
          <name>Library of Congress</name>
        </sourceSystem>
        <links />
        <text>Introduced in House</text>
        <actionDate>2017-01-20</actionDate>
        <type>IntroReferral</type>
        <committee />
      </item>
      <item>
        <actionCode>1000</actionCode>
        <sourceSystem>
          <code>9</code>
          <name>Library of Congress</name>
        </sourceSystem>
        <links />
        <text>Introduced in House</text>
        <actionDate>2017-01-20</actionDate>
        <type>IntroReferral</type>
        <committee />
      </item>
      <actionByCounts>
        <senate>2</senate>
        <houseOfRepresentatives>9</houseOfRepresentatives>
      </actionByCounts>
    </actions>
    <originChamber>House</originChamber>
    <latestAction>
      <actionDate>2018-03-08</actionDate>
      <text>Committee on Energy and Natural Resources. Ordered to be reported without amendment favorably.</text>
      <links />
    </latestAction>
    <calendarNumbers />
    <committeeReports />
    <congress>115</congress>
    <cboCostEstimates />
    <relatedBills>
      <item>
        <type>S</type>
        <number>1460</number>
        <latestAction>
          <actionDate>2017-09-19</actionDate>
          <text>Committee on Energy and Natural Resources. Hearings held.</text>
        </latestAction>
        <congress>115</congress>
        <relationshipDetails>
          <item>
            <type>Related bill</type>
            <identifiedBy>CRS</identifiedBy>
          </item>
          <item>
            <type>Related bill</type>
            <identifiedBy>House</identifiedBy>
          </item>
        </relationshipDetails>
        <latestTitle>Energy and Natural Resources Act of 2017</latestTitle>
      </item>
      <item>
        <type>S</type>
        <number>2503</number>
        <latestAction>
          <actionDate>2018-03-08</actionDate>
          <text>Committee on Energy and Natural Resources. Ordered to be reported without amendment favorably.</text>
        </latestAction>
        <congress>115</congress>
        <relationshipDetails>
          <item>
            <type>Related bill</type>
            <identifiedBy>CRS</identifiedBy>
          </item>
        </relationshipDetails>
        <latestTitle>Department of Energy Research and Innovation Act</latestTitle>
      </item>
      <item>
        <type>HR</type>
        <number>431</number>
        <latestAction>
          <actionDate>2017-04-25</actionDate>
          <text>Referred to the Subcommittee on Energy.</text>
        </latestAction>
        <congress>115</congress>
        <relationshipDetails>
          <item>
            <type>Related bill</type>
            <identifiedBy>CRS</identifiedBy>
          </item>
        </relationshipDetails>
        <latestTitle>Nuclear Energy Innovation Capabilities Act of 2017</latestTitle>
      </item>
    </relatedBills>
    <billNumber>589</billNumber>
    <amendments />
    <committees>
      <billCommittees>
        <item>
          <type>Standing</type>
          <subcommittees />
          <name>Energy and Natural Resources Committee</name>
          <activities>
            <item>
              <date>2018-03-08T15:00:12Z</date>
              <name>Markup by</name>
            </item>
            <item>
              <date>2017-01-30T20:49:40Z</date>
              <name>Referred to</name>
            </item>
          </activities>
          <systemCode>sseg00</systemCode>
          <chamber>Senate</chamber>
        </item>
        <item>
          <type>Standing</type>
          <subcommittees />
          <name>Science, Space, and Technology Committee</name>
          <activities>
            <item>
              <date>2017-01-20T15:01:20Z</date>
              <name>Referred to</name>
            </item>
          </activities>
          <systemCode>hssy00</systemCode>
          <chamber>House</chamber>
        </item>
      </billCommittees>
    </committees>
    <updateDate>2018-03-30T14:00:23Z</updateDate>
    <summaries>
      <billSummaries>
        <item>
          <lastSummaryUpdateDate>2017-04-10T18:38:37Z</lastSummaryUpdateDate>
          <updateDate>2017-01-20T05:00:00Z</updateDate>
          <text><![CDATA[<p><b>Department of Energy Research and Innovation Act</b> </p> <p><i>Laboratory Modernization and Technology Transfer Act</i></p> <p>This bill instructs the Department of Energy (DOE) to permit its National Laboratories to use funds authorized to support technology transfer within DOE to carry out early stage and precommercial technology demonstration activities so as to remove technology barriers limiting private sector interest and to demonstrate potential commercial applications of any research and technologies arising from activities of the national laboratories. </p>  <p>DOE shall carry out its Agreements for Commercializing Technology pilot program, as announced on December 8, 2011, in accordance with this bill. </p> <p><i>Department of Energy Research Coordination Act</i></p> <p>DOE shall identify strategic opportunities for collaborative research and development of innovative science and technologies.</p>  <p>DOE shall carry out a program to enhance economic, environmental, and energy security by making awards for the establishment of Energy Innovation Hubs to conduct and support research and development of advanced energy technologies. </p> <p><i>Department of Energy Office of Science Policy Act</i></p> <p>The bill states that the mission of the Office of Science shall be the delivery of scientific discoveries, capabilities, and major scientific tools to transform the understanding of nature and to advance energy, economic, and national security. </p> <p> The Office of Science shall: (1) carry out specified research programs; (2) assess the potential for any fusion energy project supported by the Advanced Research Projects Agency-Energy (ARPA-E); (3) carry out a program for improving the safety, efficiency, and mission readiness of infrastructure at its laboratories; and (4) ensure the access of researchers to the most advanced accelerator facilities and research capabilities, including the Large Hadron Collider</p> <p>DOE shall carry out Solar Fuels Research and Electricity Storage Research Initiatives. </p>     <p>The Office of Science may carry out a program for the production of isotopes that are needed for research, medical, industrial, or related purposes.</p>   <p><i>Nuclear Energy Innovation Capabilities Act</i></p> <p> By December 31, 2017, DOE shall determine mission need for a versatile reactor-based fast neutron source to operate as a national user facility. </p> <p>DOE shall: (1) carry out a program for enhancing the nation's capabilities to develop new reactor technologies through high-performance computation modeling and simulation techniques, and (2) submit budget plans for civilian nuclear energy research and development.</p>]]></text>
          <actionDesc>Introduced in House</actionDesc>
          <versionCode>00</versionCode>
          <actionDate>2017-01-20</actionDate>
          <name>Introduced in House</name>
        </item>
        <item>
          <lastSummaryUpdateDate>2017-05-10T15:10:11Z</lastSummaryUpdateDate>
          <updateDate>2017-01-24T13:54:05Z</updateDate>
          <text><![CDATA[<p><b>Department of Energy Research and Innovation Act</b> </p> <p>TITLE I--LABORATORY MODERNIZATION AND TECHNOLOGY TRANSFER</p> <p><i>Laboratory Modernization and Technology Transfer Act</i></p> <p>(Sec. 102) This bill instructs the Department of Energy (DOE) to permit specified National Laboratories owned by DOE to use funds authorized to support technology transfer within DOE to: (1) carry out early stage and precommercial technology demonstration activities to remove technology barriers limiting private sector interest, and (2) demonstrate potential commercial applications of any research and technologies arising from activities of the national laboratories. </p> <p>(Sec. 103) The bill expresses the sense of Congress that Congress, DOE, and energy industry participants should advance efforts to promote international, domestic, and regional cooperation on the research and development of energy innovations that:</p> <ul> <li>provide clean, affordable, and reliable energy;</li> <li>promote economic growth;</li> <li>are critical for energy security; and </li> <li>are sustainable without government support. </li> </ul> <p>(Sec. 104) DOE shall ensure that laboratory operating contractors do not allocate costs of general and administrative overhead to laboratory-directed research and development. This prohibition does not apply to certain national security laboratories.</p> <p>(Sec. 105) DOE shall establish and maintain a public database, accessible on its website, containing a searchable listing of the contracts, grant, cooperative agreements, task orders for federally funded research centers, or other DOE-administered transactions for unclassified research and development projects. </p> <p>DOE shall provide information through such database on relevant literature and patents that are associated with each such project contract, grant, or cooperative agreement, or other transaction, of DOE.</p> <p>(Sec. 106) Within one year of enactment of this bill and as often as determined to be necessary thereafter, DOE shall report on its ability to successfully transfer new energy technologies to the private sector. </p> <p>(Sec. 107) DOE shall carry out the Agreements for Commercializing Technology pilot program in accordance with this bill, including by giving the contractors of the national laboratories increased authority to negotiate contract terms and making every such facility eligible for the program. The pilot program is extended through FY2019.</p> <p> DOE shall permit the directors of the national laboratories to execute agreements with non-federal entities. </p> <p> The bill: (1) subjects funding agreements to the requirements of the Bayh-Dole Act (concerning patent rights to inventions arising from federally-supported research and development), and (2) imposes contractor certification requirements for the avoidance of direct competition with the private sector and conflicts of interest. </p> <p>(Sec. 108) The bill amends the Energy Policy Act of 2005 to exempt institutions of higher education and nonprofit institutions from the cost-sharing requirements for research and development for two years. </p> <p>During such period, DOE shall submit an initial report, then subsequent annual reports, that describe the use of cost-sharing waivers by DOE with regard to carrying out research, development, demonstration, and commercial application programs and activities that have been initiated since August 9, 2005. </p> <p>TITLE II--DEPARTMENT OF ENERGY RESEARCH COORDINATION</p> <p><i>Department of Energy Research Coordination Act</i></p> <p>(Sec. 202) The bill amends the America Competes Act to require the following types of information collected by the Advanced Research Projects Agency-Energy (ARPA-E) from recipients of financial assistance awards to be considered commercial and financial information obtained from a person and privileged or confidential and therefore not subject to disclosure under the Freedom of Information Act: </p> <ul> <li>plans for commercialization of technologies developed under the award,</li> <li>investments provided to an awardee from third parties,</li> <li>additional financial support that the awardee plans to or has invested into the technology developed under the award or is seeking from third parties, and </li> <li>revenue from the licensing or sale of new products or services that result from the research conducted under the award. </li> </ul> <p>(Sec. 203) DOE shall use its capabilities to identify strategic opportunities for collaborative research, development, demonstration, and commercial application of innovative science and technologies. </p> <p>DOE shall seek to leverage existing DOE programs and consolidate and coordinate activities throughout DOE to promote collaboration and crosscutting approaches within its programs. </p> <p>Also, DOE shall:</p> <ul> <li>prioritize activities that use all affordable domestic resources;</li> <li>develop a planning, evaluation, and technical assessment framework for setting long-term objective strategic goals and evaluating progress that ensures integrity and independence and provides the flexibility to adapt to market dynamics;</li> <li>ensure that activities do not duplicate other activities within DOE or other federal government activities; and </li> <li>identify programs that may be more effectively left to the states, industry, nongovernmental organizations, institutions of higher education, or other stakeholders. </li> </ul> <p>(Sec. 204) The bill amends the Energy Policy Act of 2005 to require DOE, when periodically reviewing all of its science and technology activities in a strategic framework, to also take global energy dynamics into account under such a review. </p> <p>Plans developed by DOE to improve coordination and collaboration in research, development, demonstration, and commercial application activities across DOE's organizational boundaries shall also include:</p> <ul> <li>critical assessments of any ongoing programs that have experienced subpar performance or cost overruns of 10% or more over 1 or more years;</li> <li>any activities that may be more effectively left to the states, industry, nongovernmental organizations, institutions of higher education, or other stakeholders; and </li> <li>evaluations and proposals for innovation hubs, institutes, and research centers of DOE, including an affirmation that they will advance DOE's mission, prioritize research, development, and demonstration, and that those that are established or renewed within the Office of Science are consistent with its mission. </li> </ul> <p>(Sec. 205) The bill amends the Energy Policy Act of 2005 to require DOE to submit a report for FY2018 concerning the development and implementation of a strategy for facilities and infrastructure supported at certain DOE offices, the national laboratories, and single-purpose research facilities.</p> <p>(Sec. 206) DOE shall carry out a program to enhance economic, environmental, and energy security by making awards to consortia for the establishment and operation of Energy Innovation Hubs to conduct and support at one centralized location, multidisciplinary, collaborative research, development, demonstration, and commercial application of advanced energy technologies. </p> <p>DOE shall: (1) designate a unique advanced energy technology basic research focus for each hub, and (2) ensure coordination and avoid unnecessary duplication of each hub's activities with those of other DOE research entities.</p> <p>To become eligible to receive an award to establish and operate a hub, a consortium must:</p> <ul> <li>be composed of at least two qualifying entities;</li> <li>operate subject to a binding agreement, entered into by each consortium member, which documents the proposed partnership agreement, including the governance and management structure of the hub; and</li> <li>operate as a nonprofit organization. </li> </ul> <p>Each hub shall conduct or provide for multidisciplinary, collaborative research, development, demonstration, and commercial application of advanced energy technologies. </p> <p>In addition, each hub shall:</p> <ul> <li>encourage collaboration and communication among the members of the qualifying entities of the consortium and awardees;</li> <li> develop and publish proposed plans and programs on a publicly accessible website;</li> <li>submit annual reports to DOE summarizing its activities; </li> <li>monitor project implementation and coordination; and</li> <li>maintain conflict of interest procedures, consistent with those of DOE. </li> </ul> <p>TITLE III--DEPARTMENT OF ENERGY OFFICE OF SCIENCE POLICY</p> <p><i>Department of Energy Office of Science Policy Act</i></p> <p>(Sec. 302) The bill states that the mission of the Office of Science shall be the delivery of scientific discoveries, capabilities, and major scientific tools to transform the understanding of nature and to advance U.S. energy, economic, and national security. </p> <p>(Sec. 303) The Office of Science shall carry out an awards program to conduct fundamental and use-inspired energy research to accelerate scientific breakthroughs. </p> <p> The office shall carry out a program for the development, construction, operation, and maintenance of national user facilities. Such facilities shall serve the needs of DOE, industry, the academic community, and other relevant entities in creating and examining materials and chemical processes for the purpose of improving U.S. competitiveness.</p> <p>Those facilities shall include x-ray light sources, neutron sources, nanoscale science research centers, and other appropriate facilities, consistent with the duties and responsibilities of the office under the Department of Energy Reorganization Act.</p> <p> The office shall carry out research and development on advanced accelerator and storage ring technologies that are relevant to the development of basic energy sciences user facilities. </p> <p>The bill repeals provisions for the catalysis research program and instead directs DOE to carry out a Solar Fuels Research Initiative to expand theoretical and fundamental knowledge of photochemistry, electrochemistry, biochemistry, and materials science that is useful for the practical development of experimental systems for the conversion of solar energy into chemical energy. </p> <p>In carrying out programs and activities under the Initiative, DOE shall leverage expertise and resources from: (1) the Basic Energy Sciences Program and the Biological and Environmental Research Program of the office, and (2) the Office of Energy Efficiency and Renewable Energy. </p> <p>Under the Initiative, DOE shall organize activities among multidisciplinary teams to leverage expertise from the national laboratories, institutions of higher education, and the private sector. Such teams shall pursue aggressive, milestone-driven, basic research goals. .</p> <p> DOE shall carry out under the Initiative a program to support research needed to bridge scientific barriers to, and discover knowledge relevant to, artificial photosynthetic systems. </p> <p>As part of such program, the Office of Basic Energy Sciences shall support basic research to pursue distinct lines of scientific inquiry, including:</p> <ul> <li>photoinduced production of hydrogen and oxygen from water; and </li> <li>the sustainable photoinduced reduction of carbon dioxide to fuel products which include hydrocarbons, alcohols, carbon monoxide, and natural gas. </li> </ul> <p>DOE shall carry out under the Initiative a program to support research needed to replicate natural photosynthetic processes by the use of artificial photosynthetic components and materials. </p> <p>Under such program, the Office of Basic Energy Sciences shall support basic research to expand fundamental knowledge to replicate natural synthesis processes, including:</p> <ul> <li>the photoinduced reduction of dinitrogen to ammonia,</li> <li>the absorption of carbon dioxide from ambient air,</li> <li>molecular-based charge separation and storage,</li> <li>photoinitiated electron transfer, and </li> <li>catalysis in biological or biomimetic systems. </li> </ul> <p>Also under such program:</p> <ul> <li> the Office of Biological and Environmental Research shall support systems biology and genomics approaches in understanding genetic and physiological pathways connected to photosynthetic mechanisms; and</li> <li>the Office for Energy Efficiency and Renewable Energy shall support translational research, development, and validation of physical concepts developed under the program. </li> </ul> <p>The bill repeals the program of fundamental research on solid state lighting in support of the Next Generation Lighting Initiative and instead directs DOE to carry out an Electricity Storage Research Initiative to:</p> <ul> <li>expand theoretical and fundamental knowledge to control, store, and convert electrical energy into chemical energy and chemical energy into electrical energy; and </li> <li>support scientific inquiry into the practical understanding of the chemical and physical processes occurring within systems that involve crystalline and amorphous solids, polymers, and organic and aqueous liquids. </li> </ul> <p>In carrying out programs and activities under the Initiative, DOE shall leverage expertise and resources from: (1) the Basic Energy Sciences Program, the Advanced Scientific Computing Research Program, and the Biological and Environmental Research Program of the office; and (2) the Office of Energy Efficiency and Renewable Energy.</p> <p>Under the Initiative, DOE shall organize activities among multidisciplinary teams to leverage expertise from the national laboratories, institutions of higher education, and the private sector. </p> <p>Also, DOE may organize additional activities under the Initiative through Energy Frontier Research Centers, Energy Innovation Hubs, or other organizational structures.</p> <p>Under the Initiative, DOE shall carry out a program to support research needed to bridge scientific barriers to, and discover knowledge relevant to, multivalent ion materials in electric energy storage systems.</p> <p>As part of such program: </p> <ul> <li>the Office of Basic Energy Sciences shall investigate electrochemical properties and the dynamics of materials, including charge transfer phenomena and mass transport in materials; and </li> <li>the Office for Energy Efficiency and Renewable Energy shall support translational research, development, and validation of physical concepts developed under the program. </li> </ul> <p>DOE shall carry out a program under the Initiative to: (1) support research to model and simulate organic electrolytes, and (2) support research needed to reveal electrochemistry in confined mesoscale spaces.</p> <p>As part of such program:the Office of Basic Energy Science and the Office of Biological and Environmental Research shall investigate phenomena of mesoscale electrochemical confinement for replicating and controlling new electrochemical behavior, and the Office for Energy Efficiency and Renewable Energy shall support translational research and validation of physical concepts developed under the program.</p> <p>(Sec. 304) The Department of Energy High-End Computing Revitalization Act of 2004 is renamed as the American Super Computing Leadership Act of 2017. </p> <p>The bill repeals requirements under such renamed Act for high-end software development centers and instead directs DOE to conduct a research program for exascale computing, including the development of two or more exascale computing machine architectures, to promote DOE missions. </p> <p>The bill defines &quot;exascale computing&quot; as computing through the use of a computing machine that performs near or above 10 to the 18th power operations per second. </p> <p>In carrying out the research program, DOE shall:</p> <ul> <li>establish two or more national laboratory partnerships with industry partners and institutions of higher education for the research and development of two or more exascale computing architectures across all applicable DOE organizations;</li> <li>conduct mission-related codesign activities in developing such architectures;</li> <li>develop advancements in hardware and software technology required to fully realize the potential of an exascale production system in addressing DOE target applications and solving scientific problems that involve predictive modeling and simulation and large scale data analytics and management; </li> <li>explore the use of exascale computing technologies to advance a broad range of science and engineering; and </li> <li>provide on a competitive, merit-reviewed basis, access for researchers in U.S. industries, institutions of higher education, national laboratories, and other federal agencies to the exascale computing systems developed pursuant to these partnerships.</li> </ul> <p>DOE shall: (1) carry out the program through an integration of applications, computer science, applied mathematics, and computer hardware architecture using the partnerships to ensure that two or more exascale computing machine architectures are capable of solving DOE target applications and broader scientific problems; and (2) conduct outreach programs to increase the readiness for the use of such platforms by domestic industries, including manufacturers. </p> <p>DOE shall report to Congress on: (1) how such integration is furthering application science data and computational workloads across application interests, including national security, cybersecurity, the Materials Genome and BRAIN initiatives, advanced manufacturing, and the national electric grid; and (2) the roles and responsibilities of the national laboratories and industry to ensure an integrated program across DOE. </p> <p>Exascale architectures developed by these partnerships shall be reviewed through a project review process. DOE shall report to Congress on: (1) the results of such reviews, and (2) the coordination and management of the program, ensuring that there is an integrated research program across DOE. </p> <p>DOE shall submit annual reports to Congress describing funding for the program.</p> <p>The Office of Science shall support research in high-performance computing and networking relevant to energy applications, including modeling, simulation, and advanced data analytics for basic and applied energy research programs carried out by DOE. </p> <p>The Office of Science shall carry out activities to develop, test, and support: (1) mathematics, models, and algorithms for complex systems and programming environments; and (2) tools, languages, and operating systems for high-end computing systems. </p> <p>(Sec. 305) The Office of Science shall ensure the access of U.S. researchers to the most advanced accelerator facilities and research capabilities in the world, including the Large Hadron Collider. </p> <p>The Office of Science shall carry out research on: (1) rare decay processes and the nature of the neutrino, and (2) the nature of dark energy and dark matter.</p> <p>(Sec. 306) The Office of Science shall carry out research and development activities in fundamental, structural, computational, and systems biology to increase systems-level understanding of complex biological systems, which may include activities to: </p> <ul> <li>accelerate breakthroughs and new knowledge to enable the cost-effective, sustainable production of biomass-based liquid transportation fuels, bioenergy, and biobased materials;</li> <li>improve understanding of the global carbon cycle, including processes for removing carbon dioxide from the atmosphere, through photosynthesis and other biological processes, for sequestration and storage; and </li> <li>understand the biological mechanisms used to transform, immobilize, or remove contaminants from subsurface environments. </li> </ul> <p>The office shall not approve any new climate science-related initiatives without first determining that such work will be well-coordinated with any relevant work being carried out by other federal agencies.</p> <p>The office shall carry out a low-dose radiation research program to enhance the scientific knowledge of, and reduce uncertainties associated with, the effects of exposure to low-dose radiation to inform improved risk-management methods. </p> <p>(Sec. 307) As part of the activities authorized under the fission and fusion energy materials research program, the Office of Science shall carry out research and development activities to identify, characterize, and demonstrate materials that can endure the neutron, plasma, and heat fluxes which are expected in a fusion power system. </p> <p>The office shall also provide an assessment of:</p> <ul> <li>the need for one or more facilities that can examine and test potential fusion and next generation fission materials and other enabling technologies that are relevant to the development of fusion power; and </li> <li>whether a single new facility that substantially addresses magnetic fusion and next generation fission materials research needs is feasible, in conjunction with the expected capabilities of facilities that are operational as of this bill's enactment. </li> </ul> <p>The office shall support: (1) research and development activities and facility operations to optimize the tokamak approach to fusion energy, and (2) research and development activities for inertial fusion for energy applications. </p> <p>The office shall support research and development activities and facility operations at institutions of higher education, national laboratories, and private facilities for a portfolio of alternative and enabling fusion energy concepts that may provide solutions to significant challenges to the establishment of a commercial magnetic fusion power plant, to be prioritized based on the ability of the United States to play a leadership role in the international fusion research community. </p> <p>The office shall coordinate with ARPA-E to: (1) assess the potential for any ARPA-E-supported fusion energy project as representing an approach to a viable fusion power plant that is commercially viable, (2) determine whether the results of any such project merit the support of follow-on research activities carried out by the office, and (3) avoid unintentional duplication of activities. </p> <p> DOE shall submit to Congress a report on the fusion energy research and development activities that the DOE proposes to carry out over a period of 10 years under at least 3 budget scenarios, including one based on 3% annual growth in the non-ITER portion of the budget for those activities. </p> <p>Such report shall: </p> <ul> <li>identify specific areas of fusion energy research and enabling technology development in which the United States can and should establish or solidify a lead in global fusion energy development; </li> <li>identify priorities for the initiation of facility construction and facility decommissioning under each of the three budget scenarios; and </li> <li>assess the ability of the U.S. fusion workforce to carry out these activities, including the adequacy of programs at institutions of higher education in the United States in training the leaders and workers of the next generation of fusion energy researchers. </li> </ul> <p>To develop such report, DOE shall leverage best practices and lessons learned from the process used to develop the most recent report of the Particle Physics Project Prioritization Panel of the High Energy Physics Advisory Panel. </p> <p>(Sec. 308) The Office of Science: (1) may carry out a program for the production of isotopes; and (2) shall ensure that isotope production activities do not compete with private industry, unless critical national interests require the involvement of the federal government. </p> <p>The Rare Isotope Accelerator is renamed as the &quot;Facility for Rare Isotope Beams.&quot;</p> <p>(Sec. 309) The Office of Science shall carry out a program for improving the safety, efficiency, and mission readiness of infrastructure at its laboratories. </p> <p>Such program shall include projects to:</p> <ul> <li>renovate or replace space that does not meet research needs,</li> <li>replace facilities that are no longer cost-effective to renovate or operate,</li> <li>modernize utility systems to prevent failures and ensure efficiency, </li> <li>remove excess facilities to allow safe and efficient operations, and </li> <li>construct modern facilities toconduct advanced research in controlled environmental conditions. </li> </ul> <p>TITLE IV--NUCLEAR ENERGY INNOVATION CAPABILITIES </p> <p><i>Nuclear Energy Innovation Capabilities Act</i></p> <p>(Sec. 402) This title amends the Energy Policy Act of 2005 to revise the objectives of the civilian nuclear energy research, development, demonstration, and commercial application programs of DOE to emphasize: </p> <ul> <li>providing research infrastructure to promote scientific progress and enable users from academia, the national laboratories, and the private sector to make scientific discoveries relevant for nuclear, chemical, and materials science engineering; and </li> <li>enabling the private sector to partner with the national laboratories to demonstrate novel reactor concepts for the purpose of resolving technical uncertainty. </li> </ul> <p> The title repeals the Nuclear Power 2010 Program, and makes technical corrections removing the Office of Nuclear Energy, Science and Technology as the designated entity to conduct the research, development, and demonstration programs on advanced fuel recycling technology and cost-effective technologies for increasing the safety and security of nuclear facilities. (The Office of Nuclear Energy, Science and Technology was replaced in DOE by the Office of Nuclear Energy, the Office of Science, and the Office of Technology Transitions.) </p> <p> The title repeals requirements for development of a comprehensive plan for the operation and maintenance of its facilities at the Idaho National Laboratory to support civilian nuclear energy research, development, demonstration, and commercial application programs, including radiological facilities management, isotope production, and facilities management. </p> <p>By December 31, 2017, DOE shall instead determine the mission need for a versatile reactor-based fast neutron source, which shall operate as a national user facility and, if such a need is determined, give Congress a plan to establish the facility. </p> <p>DOE shall ensure that the user facility will provide at a minimum: </p> <ul> <li>fast neutron spectrum irradiation capability, and </li> <li>capacity for upgrades to accommodate new or expanded research needs. </li> </ul> <p>DOE shall, to the maximum extent practicable, complete the construction of, and approve the start of operations for, the user facility by December 31, 2025.</p> <p>DOE shall carry out a program to enhance U.S. capabilities to develop new reactor technologies through high-performance computation modeling and simulation techniques.</p> <p> The title authorizes a program to enable the testing and demonstration of reactor concepts to be proposed and funded by the private sector. DOE shall leverage the technical expertise of relevant federal agencies and the national laboratories to minimize the time required to enable construction and operation of privately funded experimental reactors at national laboratories or other DOE-owned sites. </p> <p>Such reactors shall operate to enable physical validation of novel reactor concepts and general research and development to improve nascent technologies. </p> <p>DOE may enter into a memorandum of understanding with the Nuclear Regulatory Commission (NRC) to share technical expertise and knowledge through:</p> <ul> <li>enabling the testing and demonstration of advanced nuclear reactor concepts to be proposed and funded by the private sector,</li> <li>operating a database to store and share data and knowledge relevant to nuclear science and engineering between federal agencies and the private sector,</li> <li>developing and testing electric and nonelectric integration and energy conversion systems relevant to advanced nuclear reactors,</li> <li>leveraging expertise from the NRC respecting safety analysis, and </li> <li>enabling technical staff of the NRC to observe and learn about technologies developed under the program. </li> </ul> <p>The NRC and DOE shall enter into another memorandum of understanding to ensure that:</p> <ul> <li>DOE has sufficient technical expertise to support the timely research, development, demonstration, and commercial application by the civilian nuclear industry of safe and innovative nuclear reactor technology;</li> <li>the NRC has sufficient technical expertise to support the evaluation of applications for licenses, permits, and design certifications and other requests for regulatory approval for advanced nuclear reactors;</li> <li>the use of computers and software codes to calculate the behavior and performance of such reactors based on mathematical models of their physical behavior;</li> <li>DOE develops and maintains the facilities necessary to enable the timely research, development, demonstration, and commercial application by the civilian nuclear industry of safe and innovative reactor technology; and </li> <li>the NRC has access to those facilities as needed. </li> </ul> <p>DOE shall submit a report to Congress that assesses its capabilities to authorize, host, and oversee privately funded experimental advanced nuclear reactors at the national laboratories or other DOE-owned sites and, once every two years, shall update relevant provisions of such report and submit the updates to Congress. </p> <p> Within 1 year of the bill's enactment, DOE must submit to Congress 2 alternative 10-year budget plans for civilian nuclear energy research and development by DOE, one assuming constant annual funding for 10 years at the appropriated FY2016 level, and the other an unconstrained budget. </p>]]></text>
          <actionDesc>Passed House amended</actionDesc>
          <versionCode>36</versionCode>
          <actionDate>2017-01-24</actionDate>
          <name>Passed House amended</name>
        </item>
      </billSummaries>
    </summaries>
    <recordedVotes />
    <version>1.0.0</version>
    <sponsors>
      <item>
        <firstName>LAMAR</firstName>
        <byRequestType />
        <fullName>Rep. Smith, Lamar [R-TX-21]</fullName>
        <bioguideId>S000583</bioguideId>
        <state>TX</state>
        <district>21</district>
        <party>R</party>
        <identifiers>
          <lisID>1075</lisID>
          <gpoId>8177</gpoId>
          <bioguideId>S000583</bioguideId>
        </identifiers>
        <middleName />
        <lastName>SMITH</lastName>
      </item>
    </sponsors>
    <subjects>
      <billSubjects>
        <legislativeSubjects>
          <item>
            <name>Advanced technology and technological innovations</name>
          </item>
          <item>
            <name>Alternative and renewable resources</name>
          </item>
          <item>
            <name>Biological and life sciences</name>
          </item>
          <item>
            <name>Chemistry</name>
          </item>
          <item>
            <name>Competitiveness, trade promotion, trade deficits</name>
          </item>
          <item>
            <name>Computers and information technology</name>
          </item>
          <item>
            <name>Congressional oversight</name>
          </item>
          <item>
            <name>Department of Energy</name>
          </item>
          <item>
            <name>Electric power generation and transmission</name>
          </item>
          <item>
            <name>Energy research</name>
          </item>
          <item>
            <name>Energy storage, supplies, demand</name>
          </item>
          <item>
            <name>Executive agency funding and structure</name>
          </item>
          <item>
            <name>Freedom of information</name>
          </item>
          <item>
            <name>Government buildings, facilities, and property</name>
          </item>
          <item>
            <name>Government information and archives</name>
          </item>
          <item>
            <name>Licensing and registrations</name>
          </item>
          <item>
            <name>Medical research</name>
          </item>
          <item>
            <name>Nuclear Regulatory Commission (NRC)</name>
          </item>
          <item>
            <name>Nuclear power</name>
          </item>
          <item>
            <name>Public contracts and procurement</name>
          </item>
          <item>
            <name>Radiation</name>
          </item>
          <item>
            <name>Research administration and funding</name>
          </item>
          <item>
            <name>Research and development</name>
          </item>
          <item>
            <name>Technology transfer and commercialization</name>
          </item>
        </legislativeSubjects>
        <policyArea>
          <name>Energy</name>
        </policyArea>
      </billSubjects>
    </subjects>
    <billType>HR</billType>
    <laws />
    <titles>
      <item>
        <title>Laboratory Modernization and Technology Transfer Act</title>
        <parentTitleType>Short Titles House of Representatives</parentTitleType>
        <chamberName>House</chamberName>
        <titleType>Short Titles as Passed House for portions of this bill</titleType>
        <chamberCode>H</chamberCode>
      </item>
      <item>
        <title>Nuclear Energy Innovation Capabilities Act</title>
        <parentTitleType>Short Titles House of Representatives</parentTitleType>
        <chamberName>House</chamberName>
        <titleType>Short Titles as Passed House for portions of this bill</titleType>
        <chamberCode>H</chamberCode>
      </item>
      <item>
        <title>Department of Energy Office of Science Policy Act</title>
        <parentTitleType>Short Titles House of Representatives</parentTitleType>
        <chamberName>House</chamberName>
        <titleType>Short Titles as Passed House for portions of this bill</titleType>
        <chamberCode>H</chamberCode>
      </item>
      <item>
        <title>Department of Energy Research Coordination Act</title>
        <parentTitleType>Short Titles House of Representatives</parentTitleType>
        <chamberName>House</chamberName>
        <titleType>Short Titles as Passed House for portions of this bill</titleType>
        <chamberCode>H</chamberCode>
      </item>
      <item>
        <title>Nuclear Energy Innovation Capabilities Act</title>
        <parentTitleType />
        <chamberName />
        <titleType>Short Titles as Introduced for portions of this bill</titleType>
        <chamberCode />
      </item>
      <item>
        <title>Department of Energy Office of Science Policy Act</title>
        <parentTitleType />
        <chamberName />
        <titleType>Short Titles as Introduced for portions of this bill</titleType>
        <chamberCode />
      </item>
      <item>
        <title>Department of Energy Research Coordination Act</title>
        <parentTitleType />
        <chamberName />
        <titleType>Short Titles as Introduced for portions of this bill</titleType>
        <chamberCode />
      </item>
      <item>
        <title>Laboratory Modernization and Technology Transfer Act</title>
        <parentTitleType />
        <chamberName />
        <titleType>Short Titles as Introduced for portions of this bill</titleType>
        <chamberCode />
      </item>
      <item>
        <title>Department of Energy Research and Innovation Act</title>
        <parentTitleType>Short Titles House of Representatives</parentTitleType>
        <chamberName>House</chamberName>
        <titleType>Short Titles as Passed House</titleType>
        <chamberCode>H</chamberCode>
      </item>
      <item>
        <title>Department of Energy Research and Innovation Act</title>
        <parentTitleType />
        <chamberName />
        <titleType>Short Titles as Introduced</titleType>
        <chamberCode />
      </item>
      <item>
        <title>To establish Department of Energy policy for science and energy research and development programs, and reform National Laboratory management and technology transfer programs, and for other purposes.</title>
        <parentTitleType />
        <chamberName />
        <titleType>Official Title as Introduced</titleType>
        <chamberCode />
      </item>
      <item>
        <title>Department of Energy Research and Innovation Act</title>
        <parentTitleType />
        <chamberName />
        <titleType>Display Title</titleType>
        <chamberCode />
      </item>
      <item>
        <title>Nuclear Energy Innovation Capabilities Act</title>
        <parentTitleType />
        <chamberName />
        <titleType>(Extracted from GPO) Short Titles as Introduced for portions of this bill</titleType>
        <chamberCode />
      </item>
      <item>
        <title>Department of Energy Office of Science Policy Act</title>
        <parentTitleType />
        <chamberName />
        <titleType>(Extracted from GPO) Short Titles as Introduced for portions of this bill</titleType>
        <chamberCode />
      </item>
      <item>
        <title>Department of Energy Research Coordination Act</title>
        <parentTitleType />
        <chamberName />
        <titleType>(Extracted from GPO) Short Titles as Introduced for portions of this bill</titleType>
        <chamberCode />
      </item>
      <item>
        <title>Laboratory Modernization and Technology Transfer Act</title>
        <parentTitleType />
        <chamberName />
        <titleType>(Extracted from GPO) Short Titles as Introduced for portions of this bill</titleType>
        <chamberCode />
      </item>
      <item>
        <title>Department of Energy Research and Innovation Act</title>
        <parentTitleType />
        <chamberName />
        <titleType>(Extracted from GPO) Short Titles as Introduced</titleType>
        <chamberCode />
      </item>
      <item>
        <title>Nuclear Energy Innovation Capabilities Act</title>
        <parentTitleType />
        <chamberName>House</chamberName>
        <titleType>(Extracted from GPO) Short Titles as Passed House for portions of this bill</titleType>
        <chamberCode>H</chamberCode>
      </item>
      <item>
        <title>Department of Energy Office of Science Policy Act</title>
        <parentTitleType />
        <chamberName>House</chamberName>
        <titleType>(Extracted from GPO) Short Titles as Passed House for portions of this bill</titleType>
        <chamberCode>H</chamberCode>
      </item>
      <item>
        <title>Department of Energy Research Coordination Act</title>
        <parentTitleType />
        <chamberName>House</chamberName>
        <titleType>(Extracted from GPO) Short Titles as Passed House for portions of this bill</titleType>
        <chamberCode>H</chamberCode>
      </item>
      <item>
        <title>Laboratory Modernization and Technology Transfer Act</title>
        <parentTitleType />
        <chamberName>House</chamberName>
        <titleType>(Extracted from GPO) Short Titles as Passed House for portions of this bill</titleType>
        <chamberCode>H</chamberCode>
      </item>
      <item>
        <title>Department of Energy Research and Innovation Act</title>
        <parentTitleType />
        <chamberName>House</chamberName>
        <titleType>(Extracted from GPO) Short Titles as Passed House</titleType>
        <chamberCode>H</chamberCode>
      </item>
    </titles>
  </bill>
  <dublinCore xmlns:dc="http://purl.org/dc/elements/1.1/">
    <dc:format>text/xml</dc:format>
    <dc:language>EN</dc:language>
    <dc:rights>Pursuant to Title 17 Section 105 of the United States Code, this file is not subject to copyright protection and is in the public domain.</dc:rights>
    <dc:contributor>Congressional Research Service, Library of Congress</dc:contributor>
    <dc:description>This file contains bill summaries and statuses for federal legislation. A bill summary describes the most significant provisions of a piece of legislation and details the effects the legislative text may have on current law and federal programs. Bill summaries are authored by the Congressional Research Service (CRS) of the Library of Congress. As stated in Public Law 91-510 (2 USC 166 (d)(6)), one of the duties of CRS is "to prepare summaries and digests of bills and resolutions of a public general nature introduced in the Senate or House of Representatives". For more information, refer to the User Guide that accompanies this file.</dc:description>
  </dublinCore>
</billStatus>

