<?xml version="1.0" encoding="UTF-8"?>
<billStatus>
  <bill>
    <createDate>2017-11-10T03:11:19Z</createDate>
    <billType>HR</billType>
    <originChamber>House</originChamber>
    <titles>
      <item>
        <title>Strengthening Oversight of Iran's Access to Finance Act</title>
        <titleType>Short Titles as Passed House</titleType>
        <parentTitleType>Short Titles House of Representatives</parentTitleType>
        <chamberCode>H</chamberCode>
        <chamberName>House</chamberName>
      </item>
      <item>
        <title>Strengthening Oversight of Iran's Access to Finance Act</title>
        <titleType>Short Titles as Reported to House</titleType>
        <parentTitleType>Short Titles House of Representatives</parentTitleType>
        <chamberCode>H</chamberCode>
        <chamberName>House</chamberName>
      </item>
      <item>
        <title>Strengthening Oversight of Iran's Access to Finance Act</title>
        <titleType>Short Titles as Introduced</titleType>
        <parentTitleType />
        <chamberCode />
        <chamberName />
      </item>
      <item>
        <title>To require the Secretary of the Treasury to make certifications with respect to United States and foreign financial institutions' aircraft-related transactions involving Iran, and for other purposes.</title>
        <titleType>Official Title as Introduced</titleType>
        <parentTitleType />
        <chamberCode />
        <chamberName />
      </item>
      <item>
        <title>Strengthening Oversight of Iran's Access to Finance Act</title>
        <titleType>Display Title</titleType>
        <parentTitleType />
        <chamberCode />
        <chamberName />
      </item>
      <item>
        <title>Strengthening Oversight of Iran’s Access to Finance Act</title>
        <titleType>(Extracted from GPO) Short Titles as Passed House</titleType>
        <parentTitleType />
        <chamberCode>H</chamberCode>
        <chamberName>House</chamberName>
      </item>
      <item>
        <title>Strengthening Oversight of Iran’s Access to Finance Act</title>
        <titleType>(Extracted from GPO) Short Titles as Reported to House</titleType>
        <parentTitleType />
        <chamberCode>H</chamberCode>
        <chamberName>House</chamberName>
      </item>
      <item>
        <title>Strengthening Oversight of Iran’s Access to Finance Act</title>
        <titleType>(Extracted from GPO) Short Titles as Introduced</titleType>
        <parentTitleType />
        <chamberCode />
        <chamberName />
      </item>
    </titles>
    <recordedVotes>
      <recordedVote>
        <rollNumber>684</rollNumber>
        <chamber>House</chamber>
        <sessionNumber>1</sessionNumber>
        <url>http://clerk.house.gov/evs/2017/roll684.xml</url>
        <fullActionName>Passage of a Measure</fullActionName>
        <congress>115</congress>
        <date>2017-12-14T16:27:50Z</date>
      </recordedVote>
      <recordedVote>
        <rollNumber>683</rollNumber>
        <chamber>House</chamber>
        <sessionNumber>1</sessionNumber>
        <url>http://clerk.house.gov/evs/2017/roll683.xml</url>
        <fullActionName>Motion to Commit/Recommit With Instructions Results</fullActionName>
        <congress>115</congress>
        <date>2017-12-14T16:16:54Z</date>
      </recordedVote>
    </recordedVotes>
    <committees>
      <billCommittees>
        <item>
          <activities>
            <item>
              <name>Referred to</name>
              <date>2017-12-18T21:07:48Z</date>
            </item>
          </activities>
          <systemCode>ssbk00</systemCode>
          <name>Banking, Housing, and Urban Affairs Committee</name>
          <subcommittees />
          <type>Standing</type>
          <chamber>Senate</chamber>
        </item>
        <item>
          <activities>
            <item>
              <name>Reported by</name>
              <date>2017-12-08T00:01:43Z</date>
            </item>
            <item>
              <name>Markup by</name>
              <date>2017-11-14T22:26:20Z</date>
            </item>
            <item>
              <name>Referred to</name>
              <date>2017-11-09T14:05:20Z</date>
            </item>
          </activities>
          <systemCode>hsba00</systemCode>
          <name>Financial Services Committee</name>
          <subcommittees />
          <type>Standing</type>
          <chamber>House</chamber>
        </item>
      </billCommittees>
    </committees>
    <latestAction>
      <text>Received in the Senate and Read twice and referred to the Committee on Banking, Housing, and Urban Affairs.</text>
      <actionDate>2017-12-18</actionDate>
      <links />
    </latestAction>
    <billNumber>4324</billNumber>
    <notes />
    <committeeReports>
      <committeeReport>
        <citation>H. Rept. 115-452</citation>
      </committeeReport>
    </committeeReports>
    <constitutionalAuthorityStatementText><![CDATA[<pre>[Congressional Record Volume 163, Number 197 (Monday, December 4, 2017)]From the Congressional Record Online through the Government Publishing Office [<a href='http://www.gpo.gov'>www.gpo.gov</a>]By Mr. FRELINGHUYSEN:H.J. Res. 123.Congress has the power to enact this legislation pursuantto the following:The principal constitutional authority for this legislationis clause 7 of section 9 of article I of the Constitution ofthe United States (the appropriation power), which states:``No Money shall be drawn from the Treasury, but inConsequence of Appropriations made by Law . . .'' Inaddition, clause 1 of section 8 of article I of theConstitution (the spending power) provides: ``The Congressshall have the Power . . . to pay the Debts and provide forthe common Defence and general Welfare of the United States .. .'' Together, these specific constitutional provisionsestablish the congressional power of the purse, grantingCongress the authority to appropriate funds, to determinetheir purpose, amount, and period of availability, and to setforth terms and conditions governing their use.____________________[Page H9620]</pre>]]></constitutionalAuthorityStatementText>
    <cosponsors>
      <item>
        <fullName>Rep. Budd, Ted [R-NC-13]</fullName>
        <middleName />
        <identifiers>
          <lisID>2336</lisID>
          <gpoId />
          <bioguideId>B001305</bioguideId>
        </identifiers>
        <firstName>Ted</firstName>
        <party>R</party>
        <bioguideId>B001305</bioguideId>
        <sponsorshipDate>2017-11-13</sponsorshipDate>
        <sponsorshipWithdrawnDate />
        <state>NC</state>
        <lastName>Budd</lastName>
        <isOriginalCosponsor>False</isOriginalCosponsor>
        <district>13</district>
      </item>
      <item>
        <fullName>Rep. Poliquin, Bruce [R-ME-2]</fullName>
        <middleName />
        <identifiers>
          <bioguideId>P000611</bioguideId>
          <gpoId />
          <lisID>2247</lisID>
        </identifiers>
        <firstName>Bruce</firstName>
        <party>R</party>
        <bioguideId>P000611</bioguideId>
        <sponsorshipDate>2017-11-13</sponsorshipDate>
        <sponsorshipWithdrawnDate />
        <state>ME</state>
        <lastName>Poliquin</lastName>
        <isOriginalCosponsor>False</isOriginalCosponsor>
        <district>2</district>
      </item>
      <item>
        <fullName>Rep. Barr, Andy [R-KY-6]</fullName>
        <middleName />
        <identifiers>
          <lisID>2131</lisID>
          <gpoId />
          <bioguideId>B001282</bioguideId>
        </identifiers>
        <firstName>Andy</firstName>
        <party>R</party>
        <bioguideId>B001282</bioguideId>
        <sponsorshipDate>2017-11-13</sponsorshipDate>
        <sponsorshipWithdrawnDate />
        <state>KY</state>
        <lastName>Barr</lastName>
        <isOriginalCosponsor>False</isOriginalCosponsor>
        <district>6</district>
      </item>
      <item>
        <fullName>Rep. Tenney, Claudia [R-NY-22]</fullName>
        <middleName />
        <identifiers>
          <bioguideId>T000478</bioguideId>
          <gpoId />
          <lisID>2344</lisID>
        </identifiers>
        <firstName>Claudia</firstName>
        <party>R</party>
        <bioguideId>T000478</bioguideId>
        <sponsorshipDate>2017-11-14</sponsorshipDate>
        <sponsorshipWithdrawnDate />
        <state>NY</state>
        <lastName>Tenney</lastName>
        <isOriginalCosponsor>False</isOriginalCosponsor>
        <district>22</district>
      </item>
      <item>
        <fullName>Rep. Zeldin, Lee M. [R-NY-1]</fullName>
        <middleName>M.</middleName>
        <identifiers>
          <bioguideId>Z000017</bioguideId>
          <gpoId />
          <lisID>2261</lisID>
        </identifiers>
        <firstName>Lee</firstName>
        <party>R</party>
        <bioguideId>Z000017</bioguideId>
        <sponsorshipDate>2017-11-14</sponsorshipDate>
        <sponsorshipWithdrawnDate />
        <state>NY</state>
        <lastName>Zeldin</lastName>
        <isOriginalCosponsor>False</isOriginalCosponsor>
        <district>1</district>
      </item>
      <item>
        <fullName>Rep. Rooney, Thomas J. [R-FL-17]</fullName>
        <middleName>J.</middleName>
        <identifiers>
          <bioguideId>R000583</bioguideId>
          <gpoId>7888</gpoId>
          <lisID>1916</lisID>
        </identifiers>
        <firstName>Thomas</firstName>
        <party>R</party>
        <bioguideId>R000583</bioguideId>
        <sponsorshipDate>2017-11-29</sponsorshipDate>
        <sponsorshipWithdrawnDate />
        <state>FL</state>
        <lastName>Rooney</lastName>
        <isOriginalCosponsor>False</isOriginalCosponsor>
        <district>17</district>
      </item>
      <item>
        <fullName>Rep. Huizenga, Bill [R-MI-2]</fullName>
        <middleName />
        <identifiers>
          <lisID>2028</lisID>
          <gpoId>7987</gpoId>
          <bioguideId>H001058</bioguideId>
        </identifiers>
        <firstName>Bill</firstName>
        <party>R</party>
        <bioguideId>H001058</bioguideId>
        <sponsorshipDate>2017-11-29</sponsorshipDate>
        <sponsorshipWithdrawnDate />
        <state>MI</state>
        <lastName>Huizenga</lastName>
        <isOriginalCosponsor>False</isOriginalCosponsor>
        <district>2</district>
      </item>
      <item>
        <fullName>Rep. Allen, Rick W. [R-GA-12]</fullName>
        <middleName>W.</middleName>
        <identifiers>
          <lisID>2239</lisID>
          <gpoId />
          <bioguideId>A000372</bioguideId>
        </identifiers>
        <firstName>Rick</firstName>
        <party>R</party>
        <bioguideId>A000372</bioguideId>
        <sponsorshipDate>2017-11-29</sponsorshipDate>
        <sponsorshipWithdrawnDate />
        <state>GA</state>
        <lastName>Allen</lastName>
        <isOriginalCosponsor>False</isOriginalCosponsor>
        <district>12</district>
      </item>
      <item>
        <fullName>Rep. Arrington, Jodey C. [R-TX-19]</fullName>
        <middleName>C.</middleName>
        <identifiers>
          <lisID>2350</lisID>
          <gpoId />
          <bioguideId>A000375</bioguideId>
        </identifiers>
        <firstName>Jodey</firstName>
        <party>R</party>
        <bioguideId>A000375</bioguideId>
        <sponsorshipDate>2017-11-29</sponsorshipDate>
        <sponsorshipWithdrawnDate />
        <state>TX</state>
        <lastName>Arrington</lastName>
        <isOriginalCosponsor>False</isOriginalCosponsor>
        <district>19</district>
      </item>
      <item>
        <fullName>Rep. Harris, Andy [R-MD-1]</fullName>
        <middleName />
        <identifiers>
          <lisID>2026</lisID>
          <gpoId>7976</gpoId>
          <bioguideId>H001052</bioguideId>
        </identifiers>
        <firstName>Andy</firstName>
        <party>R</party>
        <bioguideId>H001052</bioguideId>
        <sponsorshipDate>2017-11-29</sponsorshipDate>
        <sponsorshipWithdrawnDate />
        <state>MD</state>
        <lastName>Harris</lastName>
        <isOriginalCosponsor>False</isOriginalCosponsor>
        <district>1</district>
      </item>
      <item>
        <fullName>Rep. LaMalfa, Doug [R-CA-1]</fullName>
        <middleName />
        <identifiers>
          <bioguideId>L000578</bioguideId>
          <gpoId />
          <lisID>2100</lisID>
        </identifiers>
        <firstName>Doug</firstName>
        <party>R</party>
        <bioguideId>L000578</bioguideId>
        <sponsorshipDate>2017-11-29</sponsorshipDate>
        <sponsorshipWithdrawnDate />
        <state>CA</state>
        <lastName>LaMalfa</lastName>
        <isOriginalCosponsor>False</isOriginalCosponsor>
        <district>1</district>
      </item>
      <item>
        <fullName>Rep. Carter, Earl L. "Buddy" [R-GA-1]</fullName>
        <middleName>L. "Buddy"</middleName>
        <identifiers>
          <lisID>2236</lisID>
          <gpoId />
          <bioguideId>C001103</bioguideId>
        </identifiers>
        <firstName>Earl</firstName>
        <party>R</party>
        <bioguideId>C001103</bioguideId>
        <sponsorshipDate>2017-12-07</sponsorshipDate>
        <sponsorshipWithdrawnDate />
        <state>GA</state>
        <lastName>Carter</lastName>
        <isOriginalCosponsor>False</isOriginalCosponsor>
        <district>1</district>
      </item>
    </cosponsors>
    <cboCostEstimates>
      <item>
        <title>H.R. 4324, Strengthening Oversight of Iran’s Access to Finance Act</title>
        <url>https://www.cbo.gov/publication/53379</url>
        <pubDate>2017-12-06T20:45:19Z</pubDate>
      </item>
    </cboCostEstimates>
    <sponsors>
      <item>
        <state>TX</state>
        <bioguideId>W000816</bioguideId>
        <fullName>Rep. Williams, Roger [R-TX-25]</fullName>
        <identifiers>
          <bioguideId>W000816</bioguideId>
          <lisID>2165</lisID>
          <gpoId />
        </identifiers>
        <middleName />
        <firstName>Roger</firstName>
        <district>25</district>
        <lastName>Williams</lastName>
        <byRequestType />
        <party>R</party>
      </item>
    </sponsors>
    <actions>
      <actionTypeCounts>
        <committeeReportOfABill>1</committeeReportOfABill>
        <placeholderTextForHA>1</placeholderTextForHA>
        <considerationByHouse>2</considerationByHouse>
        <passedAgreedToInHouse>1</passedAgreedToInHouse>
        <referredToCommittee>1</referredToCommittee>
        <motionToCommitRecommitWithInstructionsOffered>1</motionToCommitRecommitWithInstructionsOffered>
        <actionStageOverride>1</actionStageOverride>
        <motionToCommitRecommitWithInstructionsResults>1</motionToCommitRecommitWithInstructionsResults>
        <passageOfAMeasure>1</passageOfAMeasure>
        <placeholderTextForHL>1</placeholderTextForHL>
        <placeholderTextForH>1</placeholderTextForH>
        <introducedInHouse>1</introducedInHouse>
        <reportedToHouse>1</reportedToHouse>
        <clerkAuthorizationConsiderationThruPassage>1</clerkAuthorizationConsiderationThruPassage>
        <billReferrals>1</billReferrals>
        <generalDebate>5</generalDebate>
        <ruleForConsiderationOfBillReportedToHouse>1</ruleForConsiderationOfBillReportedToHouse>
        <motionToReconsiderResults>1</motionToReconsiderResults>
        <unionCalendarAssignment>1</unionCalendarAssignment>
        <introducedInTheHouse>1</introducedInTheHouse>
      </actionTypeCounts>
      <item>
        <actionDate>2017-12-18</actionDate>
        <committee>
          <systemCode>ssbk00</systemCode>
          <name>Banking, Housing, and Urban Affairs Committee</name>
        </committee>
        <links />
        <sourceSystem>
          <code>0</code>
          <name>Senate</name>
        </sourceSystem>
        <text>Received in the Senate and Read twice and referred to the Committee on Banking, Housing, and Urban Affairs.</text>
        <type>IntroReferral</type>
      </item>
      <item>
        <actionDate>2017-12-14</actionDate>
        <type>Floor</type>
        <links>
          <link>
            <url>https://www.congress.gov/bill/115th-congress/house-bill/4324</url>
            <name>H.R. 4324</name>
          </link>
        </links>
        <committee />
        <actionCode>H38900</actionCode>
        <actionTime>11:27:53</actionTime>
        <text>The Clerk was authorized to correct section numbers, punctuation, and cross references, and to make other necessary technical and conforming corrections in the engrossment of H.R. 4324.</text>
        <sourceSystem>
          <code>2</code>
          <name>House floor actions</name>
        </sourceSystem>
      </item>
      <item>
        <actionDate>2017-12-14</actionDate>
        <type>Floor</type>
        <links />
        <committee />
        <actionCode>H38310</actionCode>
        <actionTime>11:27:51</actionTime>
        <text>Motion to reconsider laid on the table Agreed to without objection.</text>
        <sourceSystem>
          <code>2</code>
          <name>House floor actions</name>
        </sourceSystem>
      </item>
      <item>
        <actionDate>2017-12-14</actionDate>
        <type>Floor</type>
        <links>
          <link>
            <url>http://clerk.house.gov/evs/2017/roll684.xml</url>
            <name>Roll no. 684</name>
          </link>
        </links>
        <committee />
        <actionCode>H37100</actionCode>
        <actionTime>11:27:50</actionTime>
        <text>On passage Passed by the Yeas and Nays: 252 - 167 (Roll no. 684).</text>
        <sourceSystem>
          <code>2</code>
          <name>House floor actions</name>
        </sourceSystem>
      </item>
      <item>
        <actionDate>2017-12-14</actionDate>
        <type>Floor</type>
        <links>
          <link>
            <url>http://clerk.house.gov/evs/2017/roll684.xml</url>
            <name>Roll no. 684</name>
          </link>
        </links>
        <committee />
        <actionCode>8000</actionCode>
        <actionTime>11:27:50</actionTime>
        <text>Passed/agreed to in House: On passage Passed by the Yeas and Nays: 252 - 167 (Roll no. 684).</text>
        <sourceSystem>
          <code>9</code>
          <name>Library of Congress</name>
        </sourceSystem>
      </item>
      <item>
        <actionDate>2017-12-14</actionDate>
        <type>Floor</type>
        <links>
          <link>
            <url>http://clerk.house.gov/evs/2017/roll683.xml</url>
            <name>Roll no. 683</name>
          </link>
        </links>
        <committee>
          <systemCode>hsba00</systemCode>
          <name>Financial Services Committee</name>
        </committee>
        <actionCode>H36110</actionCode>
        <actionTime>11:16:54</actionTime>
        <text>On motion to recommit with instructions Failed by the Yeas and Nays: 188 - 233 (Roll no. 683).</text>
        <sourceSystem>
          <code>2</code>
          <name>House floor actions</name>
        </sourceSystem>
      </item>
      <item>
        <actionDate>2017-12-14</actionDate>
        <type>Floor</type>
        <links>
          <link>
            <url>https://www.congress.gov/congressional-record/volume-163/house-section/page/H9916-9918</url>
            <name>H9916-9918</name>
          </link>
        </links>
        <committee />
        <actionCode>H30000</actionCode>
        <actionTime>11:10:35</actionTime>
        <text>Considered as unfinished business. (consideration: CR H9916-9918)</text>
        <sourceSystem>
          <code>2</code>
          <name>House floor actions</name>
        </sourceSystem>
      </item>
      <item>
        <actionDate>2017-12-13</actionDate>
        <type>Floor</type>
        <links />
        <committee />
        <actionCode>H8D000</actionCode>
        <actionTime>18:52:07</actionTime>
        <text>POSTPONED PROCEEDINGS - At the conclusion of debate on the motion to recommit with instructions, the Chair put the question on the motion and by voice vote, announced that the noes had prevailed. Mr. Swalwell demanded the yeas and nays and the Chair postponed further proceedings on the motion until a time to be announced.</text>
        <sourceSystem>
          <code>2</code>
          <name>House floor actions</name>
        </sourceSystem>
      </item>
      <item>
        <actionDate>2017-12-13</actionDate>
        <type>Floor</type>
        <links />
        <committee />
        <actionCode>H8A000</actionCode>
        <actionTime>18:51:59</actionTime>
        <text>The previous question on the motion to recommit with instructions was ordered without objection.</text>
        <sourceSystem>
          <code>2</code>
          <name>House floor actions</name>
        </sourceSystem>
      </item>
      <item>
        <actionDate>2017-12-13</actionDate>
        <type>Floor</type>
        <links />
        <committee />
        <actionCode>H8D000</actionCode>
        <actionTime>18:43:38</actionTime>
        <text>DEBATE - The House proceeded with 10 minutes of debate on the motion to recommit with instructions. The instructions contained in the motion seek to require the bill to be reported back to the House with an amendment to prohibit financial institutions participating in certain transactions from engaging in business with a foreign entity that has been found by the Secretary, in consultation with the Director of National Intelligence, to have engaged in or authorized cyber-attacks targeting any election held in the United States.</text>
        <sourceSystem>
          <code>2</code>
          <name>House floor actions</name>
        </sourceSystem>
      </item>
      <item>
        <actionDate>2017-12-13</actionDate>
        <type>Floor</type>
        <links>
          <link>
            <url>https://www.congress.gov/congressional-record/volume-163/house-section/page/H9890</url>
            <name>H9890</name>
          </link>
        </links>
        <committee>
          <systemCode>hsba00</systemCode>
          <name>Financial Services Committee</name>
        </committee>
        <actionCode>H36100</actionCode>
        <actionTime>18:43:10</actionTime>
        <text>Mr. Swalwell (CA) moved to recommit with instructions to the Committee on Financial Services. (text: CR H9890)</text>
        <sourceSystem>
          <code>2</code>
          <name>House floor actions</name>
        </sourceSystem>
      </item>
      <item>
        <actionDate>2017-12-13</actionDate>
        <type>Floor</type>
        <links>
          <link>
            <url>https://www.congress.gov/bill/115th-congress/house-resolution/658</url>
            <name>H.Res. 658</name>
          </link>
        </links>
        <committee />
        <actionCode>H8D000</actionCode>
        <actionTime>18:39:40</actionTime>
        <text>DEBATE - Pursuant to the provisions of H.Res. 658, the House proceeded with 10 minutes of debate on the Gaetz amendment No. 1.</text>
        <sourceSystem>
          <code>2</code>
          <name>House floor actions</name>
        </sourceSystem>
      </item>
      <item>
        <actionDate>2017-12-13</actionDate>
        <type>Floor</type>
        <links>
          <link>
            <url>https://www.congress.gov/bill/115th-congress/house-bill/4324</url>
            <name>H.R. 4324</name>
          </link>
        </links>
        <committee />
        <actionCode>H8D000</actionCode>
        <actionTime>17:31:29</actionTime>
        <text>DEBATE - The House proceeded with one hour of debate on H.R. 4324.</text>
        <sourceSystem>
          <code>2</code>
          <name>House floor actions</name>
        </sourceSystem>
      </item>
      <item>
        <actionDate>2017-12-13</actionDate>
        <type>Floor</type>
        <links />
        <committee />
        <actionCode>H8D000</actionCode>
        <actionTime>17:29:31</actionTime>
        <text>Previous question shall be considered as ordered without intervening motions except motion to recommit with or without instructions. Rule provides for one hour of general debate on each bill. It also makes in order specified amendments for the bills.</text>
        <sourceSystem>
          <code>2</code>
          <name>House floor actions</name>
        </sourceSystem>
      </item>
      <item>
        <actionDate>2017-12-13</actionDate>
        <type>Floor</type>
        <links>
          <link>
            <url>https://www.congress.gov/bill/115th-congress/house-resolution/658</url>
            <name>H. Res. 658</name>
          </link>
          <link>
            <url>https://www.congress.gov/congressional-record/volume-163/house-section/page/H9880-9881</url>
            <name>H9880-9881</name>
          </link>
          <link>
            <url>https://www.congress.gov/congressional-record/volume-163/house-section/page/H9880-9891</url>
            <name>H9880-9891</name>
          </link>
        </links>
        <committee />
        <actionCode>H30000</actionCode>
        <actionTime>17:29:26</actionTime>
        <text>Considered under the provisions of rule H. Res. 658. (consideration: CR H9880-9891; text of amendment in the nature of a substitute: CR H9880-9881)</text>
        <sourceSystem>
          <code>2</code>
          <name>House floor actions</name>
        </sourceSystem>
      </item>
      <item>
        <actionDate>2017-12-13</actionDate>
        <type>Floor</type>
        <links>
          <link>
            <url>https://www.congress.gov/bill/115th-congress/house-resolution/658</url>
            <name>H. Res. 658</name>
          </link>
        </links>
        <committee />
        <actionCode>H1L220</actionCode>
        <actionTime>13:57:59</actionTime>
        <text>Rule H. Res. 658 passed House.</text>
        <sourceSystem>
          <code>2</code>
          <name>House floor actions</name>
        </sourceSystem>
      </item>
      <item>
        <actionDate>2017-12-12</actionDate>
        <type>Floor</type>
        <links>
          <link>
            <url>https://www.congress.gov/bill/115th-congress/house-resolution/658</url>
            <name>H. Res. 658</name>
          </link>
        </links>
        <committee />
        <actionCode>H1L210</actionCode>
        <actionTime>16:55:24</actionTime>
        <text>Rules Committee Resolution H. Res. 658 Reported to House. Previous question shall be considered as ordered without intervening motions except motion to recommit with or without instructions. Rule provides for one hour of general debate on each bill. It also makes in order specified amendments for the bills.</text>
        <sourceSystem>
          <code>2</code>
          <name>House floor actions</name>
        </sourceSystem>
      </item>
      <item>
        <actionDate>2017-12-07</actionDate>
        <type>Calendars</type>
        <links />
        <committee />
        <actionCode>H12410</actionCode>
        <text>Placed on the Union Calendar, Calendar No. 334.</text>
        <sourceSystem>
          <code>2</code>
          <name>House floor actions</name>
        </sourceSystem>
      </item>
      <item>
        <actionDate>2017-12-07</actionDate>
        <type>Committee</type>
        <links>
          <link>
            <url>https://www.congress.gov/congressional-report/115th-congress/house-report/452</url>
            <name>H. Rept. 115-452</name>
          </link>
        </links>
        <committee>
          <systemCode>hsba00</systemCode>
          <name>Financial Services Committee</name>
        </committee>
        <actionCode>H12200</actionCode>
        <text>Reported (Amended) by the Committee on Financial Services. H. Rept. 115-452.</text>
        <sourceSystem>
          <code>2</code>
          <name>House floor actions</name>
        </sourceSystem>
      </item>
      <item>
        <actionDate>2017-12-07</actionDate>
        <type>Committee</type>
        <links>
          <link>
            <url>https://www.congress.gov/congressional-report/115th-congress/house-report/452</url>
            <name>H. Rept. 115-452</name>
          </link>
        </links>
        <committee>
          <systemCode>hsba00</systemCode>
          <name>Financial Services Committee</name>
        </committee>
        <actionCode>5000</actionCode>
        <text>Reported (Amended) by the Committee on Financial Services. H. Rept. 115-452.</text>
        <sourceSystem>
          <code>9</code>
          <name>Library of Congress</name>
        </sourceSystem>
      </item>
      <item>
        <actionDate>2017-11-14</actionDate>
        <committee>
          <systemCode>hsba00</systemCode>
          <name>Financial Services Committee</name>
        </committee>
        <links />
        <sourceSystem>
          <code>1</code>
          <name>House committee actions</name>
        </sourceSystem>
        <text>Ordered to be Reported by the Yeas and Nays: 38 - 21.</text>
        <type>Committee</type>
      </item>
      <item>
        <actionDate>2017-11-14</actionDate>
        <committee>
          <systemCode>hsba00</systemCode>
          <name>Financial Services Committee</name>
        </committee>
        <links />
        <sourceSystem>
          <code>1</code>
          <name>House committee actions</name>
        </sourceSystem>
        <text>Committee Consideration and Mark-up Session Held.</text>
        <type>Committee</type>
      </item>
      <item>
        <actionDate>2017-11-09</actionDate>
        <type>IntroReferral</type>
        <links />
        <committee>
          <systemCode>hsba00</systemCode>
          <name>Financial Services Committee</name>
        </committee>
        <actionCode>H11100</actionCode>
        <text>Referred to the House Committee on Financial Services.</text>
        <sourceSystem>
          <code>2</code>
          <name>House floor actions</name>
        </sourceSystem>
      </item>
      <item>
        <actionDate>2017-11-09</actionDate>
        <type>IntroReferral</type>
        <links />
        <committee />
        <actionCode>Intro-H</actionCode>
        <text>Introduced in House</text>
        <sourceSystem>
          <code>9</code>
          <name>Library of Congress</name>
        </sourceSystem>
      </item>
      <item>
        <actionDate>2017-11-09</actionDate>
        <type>IntroReferral</type>
        <links />
        <committee />
        <actionCode>1000</actionCode>
        <text>Introduced in House</text>
        <sourceSystem>
          <code>9</code>
          <name>Library of Congress</name>
        </sourceSystem>
      </item>
      <actionByCounts>
        <houseOfRepresentatives>24</houseOfRepresentatives>
        <senate>1</senate>
      </actionByCounts>
    </actions>
    <congress>115</congress>
    <policyArea>
      <name>Foreign Trade and International Finance</name>
    </policyArea>
    <subjects>
      <billSubjects>
        <policyArea>
          <name>Foreign Trade and International Finance</name>
        </policyArea>
        <legislativeSubjects>
          <item>
            <name>Arms control and nonproliferation</name>
          </item>
          <item>
            <name>Aviation and airports</name>
          </item>
          <item>
            <name>Congressional oversight</name>
          </item>
          <item>
            <name>Foreign and international banking</name>
          </item>
          <item>
            <name>Foreign property</name>
          </item>
          <item>
            <name>Fraud offenses and financial crimes</name>
          </item>
          <item>
            <name>Human rights</name>
          </item>
          <item>
            <name>Iran</name>
          </item>
          <item>
            <name>Middle East</name>
          </item>
          <item>
            <name>Nuclear weapons</name>
          </item>
          <item>
            <name>Presidents and presidential powers, Vice Presidents</name>
          </item>
          <item>
            <name>Sanctions</name>
          </item>
          <item>
            <name>Syria</name>
          </item>
          <item>
            <name>Terrorism</name>
          </item>
          <item>
            <name>Trade restrictions</name>
          </item>
          <item>
            <name>War and emergency powers</name>
          </item>
        </legislativeSubjects>
      </billSubjects>
    </subjects>
    <introducedDate>2017-11-09</introducedDate>
    <laws />
    <summaries>
      <billSummaries>
        <item>
          <versionCode>00</versionCode>
          <text><![CDATA[<p><b>Strengthening Oversight of Iran's Access to Finance Act</b></p> <p>This bill directs the Department of the Treasury, not later than 30 days after authorizing a U. S. or foreign financial institution to export or re-export a commercial passenger aircraft to Iran (or, for an authorization made after January 16, 2016, but before the enactment of this bill, not later than 60 days after such enactment) and every 180 days thereafter for the duration of the authorization, to submit to Congress a report containing: </p> <ul> <li> a list of financial institutions that have, since January 16, 2016, conducted transactions authorized in connection with such export or re-export; and either</li> <li> a certification that such transaction does not pose a significant money laundering or terrorism financing risk to the U. S. financial system and will not benefit an Iranian person who for the one year preceding the certification has knowingly transported weapons of mass destruction or has knowingly provided transportation services or material support to terrorists, and that any such institution had appropriate policies, procedures, and processes in place to avoid engaging in sanctionable activities; or </li> <li>a statement that the Treasury is unable to make such a certification and will, within 60 days after such determination, issue a report on non-certification to Congress.</li> </ul> <p>The President may waive the requirements of this bill for up to one year at a time upon certifying to Congress that: </p> <ul> <li>the Government of Iran has made substantial progress toward combating money laundering and terrorism financing risk emanating from Iran or has significantly reduced its destabilizing activities in the region or material support for terrorist groups; or</li> <li>such waiver is important to U.S. national interests.</li> </ul>]]></text>
          <updateDate>2017-11-09T05:00:00Z</updateDate>
          <actionDate>2017-11-09</actionDate>
          <lastSummaryUpdateDate>2018-01-09T21:52:16Z</lastSummaryUpdateDate>
          <name>Introduced in House</name>
          <actionDesc>Introduced in House</actionDesc>
        </item>
      </billSummaries>
    </summaries>
    <amendments>
      <amendment>
        <type>HAMDT</type>
        <type>HAMDT</type>
        <purpose />
        <cosponsors>
          <currentCount>0</currentCount>
          <totalCount>0</totalCount>
        </cosponsors>
        <chamber>House of Representatives</chamber>
        <links />
        <description>Page 6, line 18, strike "or".    Page 6, after line 18 insert the following (and redesignate the subsequent subclause accordingly):    (II) has knowingly transported items used to establish in Syria a permanent military presence of either Iranian military forces or Iranian backed militia; or.</description>
        <updateDate>2018-03-30T14:16:49Z</updateDate>
        <number>501</number>
        <version>1.0.0</version>
        <titles />
        <notes />
        <amendedAmendment />
        <amendments>
          <count>0</count>
        </amendments>
        <amendedBill>
          <type>HR</type>
          <originChamber>House</originChamber>
          <congress>115</congress>
          <originChamberCode>H</originChamberCode>
          <number>4324</number>
          <title>Strengthening Oversight of Iran's Access to Finance Act</title>
        </amendedBill>
        <createDate>2017-12-14T08:16:06Z</createDate>
        <sponsors>
          <item>
            <fullName>Rep. Gaetz, Matt [R-FL-1]</fullName>
            <state>FL</state>
            <lastName>Gaetz</lastName>
            <bioguideId>G000578</bioguideId>
            <district>1</district>
            <middleName />
            <firstName>Matt</firstName>
            <party>R</party>
            <identifiers>
              <gpoId />
              <bioguideId>G000578</bioguideId>
              <lisID>2314</lisID>
            </identifiers>
          </item>
        </sponsors>
        <congress>115</congress>
        <submittedDate>2017-12-13T05:00:00Z</submittedDate>
        <proposedDate />
        <actions>
          <count>8</count>
          <actionTypeCounts>
            <houseAmendmentOfferedReportedBy>1</houseAmendmentOfferedReportedBy>
            <amendmentAgreedToByHouse>1</amendmentAgreedToByHouse>
            <houseAmendmentOffered>1</houseAmendmentOffered>
            <agreeingToTheAmendmentResults>1</agreeingToTheAmendmentResults>
            <motionForThePreviousQuestionOffered>1</motionForThePreviousQuestionOffered>
            <houseAmendmentAgreedTo>1</houseAmendmentAgreedTo>
            <amendmentOffered>1</amendmentOffered>
          </actionTypeCounts>
          <actions>
            <item>
              <actionDate>2017-12-13</actionDate>
              <type>Floor</type>
              <links>
                <link>
                  <name>H.Amdt.501</name>
                  <url>https://www.congress.gov/amendment/115th-congress/house-amendment/501</url>
                </link>
              </links>
              <text>On agreeing to the Gaetz amendment (A002) Agreed to by voice vote.</text>
              <actionCode>H34111</actionCode>
              <sourceSystem>
                <code>2</code>
                <name>House floor actions</name>
              </sourceSystem>
              <committee />
              <actionTime>18:42:57</actionTime>
            </item>
            <item>
              <actionDate>2017-12-13</actionDate>
              <type>Floor</type>
              <links>
                <link>
                  <name>H.Amdt.501</name>
                  <url>https://www.congress.gov/amendment/115th-congress/house-amendment/501</url>
                </link>
              </links>
              <text>The previous question was ordered on the amendment pursuant to the rule.</text>
              <actionCode>H34180</actionCode>
              <sourceSystem>
                <code>2</code>
                <name>House floor actions</name>
              </sourceSystem>
              <committee />
              <actionTime>18:42:55</actionTime>
            </item>
            <item>
              <actionDate>2017-12-13</actionDate>
              <type>Floor</type>
              <links>
                <link>
                  <name>H.Amdt.501</name>
                  <url>https://www.congress.gov/amendment/115th-congress/house-amendment/501</url>
                </link>
                <link>
                  <name>H9889</name>
                  <url>https://www.congress.gov/congressional-record/volume-163/house-section/page/H9889</url>
                </link>
                <link>
                  <name>H9889-9890</name>
                  <url>https://www.congress.gov/congressional-record/volume-163/house-section/page/H9889-9890</url>
                </link>
              </links>
              <text>Amendment (A002) offered by Mr. Gaetz. (consideration: CR H9889-9890; text: CR H9889)</text>
              <actionCode>H3A100</actionCode>
              <sourceSystem>
                <code>2</code>
                <name>House floor actions</name>
              </sourceSystem>
              <committee />
              <actionTime>18:39:37</actionTime>
            </item>
            <item>
              <actionDate>2017-12-13</actionDate>
              <committee />
              <links />
              <text />
            </item>
            <item>
              <actionDate>2017-12-13</actionDate>
              <type>NotUsed</type>
              <links>
                <link>
                  <name>H.Amdt.501</name>
                  <url>https://www.congress.gov/amendment/115th-congress/house-amendment/501</url>
                </link>
              </links>
              <text>Amendment agreed to by House: On agreeing to the Gaetz amendment (A002) Agreed to by voice vote.</text>
              <actionCode>79000</actionCode>
              <sourceSystem>
                <code>9</code>
                <name>Library of Congress</name>
              </sourceSystem>
              <committee />
              <actionTime>18:42:57</actionTime>
            </item>
            <item>
              <actionDate>2017-12-13</actionDate>
              <type>Floor</type>
              <links>
                <link>
                  <name>H.Amdt.501</name>
                  <url>https://www.congress.gov/amendment/115th-congress/house-amendment/501</url>
                </link>
              </links>
              <text>House amendment agreed to: On agreeing to the Gaetz amendment (A002) Agreed to by voice vote.</text>
              <actionCode>72000</actionCode>
              <sourceSystem>
                <code>9</code>
                <name>Library of Congress</name>
              </sourceSystem>
              <committee />
              <actionTime>18:42:57</actionTime>
            </item>
            <item>
              <actionDate>2017-12-13</actionDate>
              <type>NotUsed</type>
              <links>
                <link>
                  <name>H.Amdt.501</name>
                  <url>https://www.congress.gov/amendment/115th-congress/house-amendment/501</url>
                </link>
                <link>
                  <name>H9889</name>
                  <url>https://www.congress.gov/congressional-record/volume-163/house-section/page/H9889</url>
                </link>
                <link>
                  <name>H9889-9890</name>
                  <url>https://www.congress.gov/congressional-record/volume-163/house-section/page/H9889-9890</url>
                </link>
              </links>
              <text>House amendment offered/reported by : Amendment (A002) offered by Mr. Gaetz.</text>
              <actionCode>71500</actionCode>
              <sourceSystem>
                <code>9</code>
                <name>Library of Congress</name>
              </sourceSystem>
              <committee />
              <actionTime>18:39:37</actionTime>
            </item>
            <item>
              <actionDate>2017-12-13</actionDate>
              <type>Floor</type>
              <links />
              <text>House amendment offered</text>
              <actionCode>71000</actionCode>
              <sourceSystem>
                <code>9</code>
                <name>Library of Congress</name>
              </sourceSystem>
              <committee />
            </item>
          </actions>
          <actionByCounts>
            <houseOfRepresentatives>7</houseOfRepresentatives>
          </actionByCounts>
        </actions>
        <latestAction>
          <actionTime>18:42:57</actionTime>
          <actionDate>2017-12-13</actionDate>
          <text>On agreeing to the Gaetz amendment (A002) Agreed to by voice vote.</text>
        </latestAction>
        <number>501</number>
        <congress>115</congress>
        <description>Page 6, line 18, strike "or".    Page 6, after line 18 insert the following (and redesignate the subsequent subclause accordingly):    (II) has knowingly transported items used to establish in Syria a permanent military presence of either Iranian military forces or Iranian backed militia; or.</description>
        <purpose />
      </amendment>
      <amendment>
        <type>HAMDT</type>
        <cosponsors>
          <totalCount>0</totalCount>
          <currentCount>0</currentCount>
        </cosponsors>
        <createDate>2017-12-14T08:16:06Z</createDate>
        <amendments>
          <count>0</count>
        </amendments>
        <chamber>House of Representatives</chamber>
        <notes />
        <updateDate>2018-03-30T14:16:49Z</updateDate>
        <amendedBill>
          <type>HR</type>
          <originChamber>House</originChamber>
          <title>Strengthening Oversight of Iran's Access to Finance Act</title>
          <originChamberCode>H</originChamberCode>
          <congress>115</congress>
          <number>4324</number>
        </amendedBill>
        <submittedDate>2017-12-13T05:00:00Z</submittedDate>
        <purpose>Pursuant to the provisions of H. Res. 658 the amendment in the nature of a substitute consisting of the text of Rules Committee Print 115-48 is considered as adopted.</purpose>
        <proposedDate />
        <description />
        <number>500</number>
        <sponsors>
          <item>
            <name>Rules Committee</name>
          </item>
        </sponsors>
        <titles />
        <actions>
          <actionTypeCounts>
            <houseAmendmentOffered>1</houseAmendmentOffered>
          </actionTypeCounts>
          <actions>
            <item>
              <actionDate>2017-12-13</actionDate>
              <committee />
              <links />
              <text />
            </item>
            <item>
              <actionDate>2017-12-13</actionDate>
              <type>Floor</type>
              <links />
              <text>House amendment offered</text>
              <actionCode>71000</actionCode>
              <sourceSystem>
                <code>9</code>
                <name>Library of Congress</name>
              </sourceSystem>
              <committee />
            </item>
          </actions>
          <actionByCounts>
            <houseOfRepresentatives>1</houseOfRepresentatives>
          </actionByCounts>
          <count>2</count>
        </actions>
        <version>1.0.0</version>
        <amendedAmendment />
        <congress>115</congress>
        <type>HAMDT</type>
        <links />
        <latestAction />
        <number>500</number>
        <congress>115</congress>
        <description />
        <purpose>Pursuant to the provisions of H. Res. 658 the amendment in the nature of a substitute consisting of the text of Rules Committee Print 115-48 is considered as adopted.</purpose>
      </amendment>
    </amendments>
    <version>1.0.0</version>
    <title>Strengthening Oversight of Iran's Access to Finance Act</title>
    <calendarNumbers>
      <item>
        <calendar>U00334</calendar>
        <number />
      </item>
    </calendarNumbers>
    <updateDate>2018-03-30T14:18:03Z</updateDate>
    <relatedBills>
      <item>
        <number>2167</number>
        <latestAction>
          <actionDate>2017-11-28</actionDate>
          <text>Read twice and referred to the Committee on Banking, Housing, and Urban Affairs.</text>
        </latestAction>
        <relationshipDetails>
          <item>
            <identifiedBy>CRS</identifiedBy>
            <type>Related bill</type>
          </item>
        </relationshipDetails>
        <latestTitle>Strengthening Oversight of Iran's Access to Finance Act</latestTitle>
        <type>S</type>
        <congress>115</congress>
      </item>
      <item>
        <number>658</number>
        <latestAction>
          <actionDate>2017-12-13</actionDate>
          <text>Motion to reconsider laid on the table Agreed to without objection.</text>
          <actionTime>13:58:00</actionTime>
        </latestAction>
        <relationshipDetails>
          <item>
            <identifiedBy>House</identifiedBy>
            <type>Procedurally-related</type>
          </item>
        </relationshipDetails>
        <latestTitle>Providing for consideration of the bill (H.R. 1638) to require the Secretary of the Treasury to submit a report to the appropriate congressional committees on the estimated total assets under direct or indirect control by certain senior Iranian leaders and other figures, and for other purposes, and providing for consideration of the bill (H.R. 4324) to require the Secretary of the Treasury to make certifications with respect to United States and foreign financial institutions' aircraft-related transactions involving Iran, and for other purposes.</latestTitle>
        <type>HRES</type>
        <congress>115</congress>
      </item>
    </relatedBills>
  </bill>
  <dublinCore xmlns:dc="http://purl.org/dc/elements/1.1/">
    <dc:format>text/xml</dc:format>
    <dc:language>EN</dc:language>
    <dc:rights>Pursuant to Title 17 Section 105 of the United States Code, this file is not subject to copyright protection and is in the public domain.</dc:rights>
    <dc:contributor>Congressional Research Service, Library of Congress</dc:contributor>
    <dc:description>This file contains bill summaries and statuses for federal legislation. A bill summary describes the most significant provisions of a piece of legislation and details the effects the legislative text may have on current law and federal programs. Bill summaries are authored by the Congressional Research Service (CRS) of the Library of Congress. As stated in Public Law 91-510 (2 USC 166 (d)(6)), one of the duties of CRS is "to prepare summaries and digests of bills and resolutions of a public general nature introduced in the Senate or House of Representatives". For more information, refer to the User Guide that accompanies this file.</dc:description>
  </dublinCore>
</billStatus>

