<?xml version="1.0" encoding="UTF-8"?>
<billStatus>
  <bill>
    <cosponsors>
      <item>
        <lastName>Biggs</lastName>
        <bioguideId>B001302</bioguideId>
        <state>AZ</state>
        <sponsorshipDate>2017-02-16</sponsorshipDate>
        <fullName>Rep. Biggs, Andy [R-AZ-5]</fullName>
        <identifiers>
          <bioguideId>B001302</bioguideId>
          <lisID>2307</lisID>
          <gpoId />
        </identifiers>
        <middleName />
        <sponsorshipWithdrawnDate />
        <firstName>Andy</firstName>
        <isOriginalCosponsor>False</isOriginalCosponsor>
        <party>R</party>
        <district>5</district>
      </item>
      <item>
        <lastName>Rooney</lastName>
        <bioguideId>R000607</bioguideId>
        <state>FL</state>
        <sponsorshipDate>2017-02-16</sponsorshipDate>
        <fullName>Rep. Rooney, Francis [R-FL-19]</fullName>
        <identifiers>
          <bioguideId>R000607</bioguideId>
          <lisID>2323</lisID>
          <gpoId />
        </identifiers>
        <middleName />
        <sponsorshipWithdrawnDate />
        <firstName>Francis</firstName>
        <isOriginalCosponsor>False</isOriginalCosponsor>
        <party>R</party>
        <district>19</district>
      </item>
    </cosponsors>
    <createDate>2017-01-31T05:23:09Z</createDate>
    <subjects>
      <billSubjects>
        <policyArea>
          <name>Science, Technology, Communications</name>
        </policyArea>
        <legislativeSubjects>
          <item>
            <name>Broadcasting, cable, digital technologies</name>
          </item>
          <item>
            <name>Corporation for Public Broadcasting</name>
          </item>
        </legislativeSubjects>
      </billSubjects>
    </subjects>
    <amendments />
    <updateDate>2018-03-30T14:01:03Z</updateDate>
    <latestAction>
      <text>Referred to the Subcommittee on Communications and Technology.</text>
      <actionDate>2017-02-03</actionDate>
      <links />
    </latestAction>
    <sponsors>
      <item>
        <fullName>Rep. Lamborn, Doug [R-CO-5]</fullName>
        <middleName />
        <party>R</party>
        <identifiers>
          <gpoId>7863</gpoId>
          <bioguideId>L000564</bioguideId>
          <lisID>1834</lisID>
        </identifiers>
        <state>CO</state>
        <firstName>Doug</firstName>
        <lastName>Lamborn</lastName>
        <byRequestType />
        <bioguideId>L000564</bioguideId>
        <district>5</district>
      </item>
    </sponsors>
    <committeeReports />
    <recordedVotes />
    <originChamber>House</originChamber>
    <calendarNumbers />
    <congress>115</congress>
    <relatedBills />
    <version>1.0.0</version>
    <committees>
      <billCommittees>
        <item>
          <name>Energy and Commerce Committee</name>
          <activities>
            <item>
              <date>2017-01-30T17:05:10Z</date>
              <name>Referred to</name>
            </item>
          </activities>
          <chamber>House</chamber>
          <type>Standing</type>
          <systemCode>hsif00</systemCode>
          <subcommittees>
            <item>
              <activities>
                <item>
                  <date>2017-02-03T15:54:30Z</date>
                  <name>Referred to</name>
                </item>
              </activities>
              <name>Communications and Technology Subcommittee</name>
              <systemCode>hsif16</systemCode>
            </item>
          </subcommittees>
        </item>
      </billCommittees>
    </committees>
    <cboCostEstimates />
    <billType>HR</billType>
    <notes />
    <title>To amend the Communications Act of 1934 to prohibit Federal funding for the Corporation for Public Broadcasting after fiscal year 2019.</title>
    <laws />
    <billNumber>727</billNumber>
    <actions>
      <actionTypeCounts>
        <placeholderTextForH>1</placeholderTextForH>
        <introducedInHouse>1</introducedInHouse>
        <billReferrals>1</billReferrals>
        <introducedInTheHouse>1</introducedInTheHouse>
      </actionTypeCounts>
      <item>
        <actionDate>2017-02-03</actionDate>
        <committee>
          <systemCode>hsif16</systemCode>
          <name>Communications and Technology Subcommittee</name>
        </committee>
        <links />
        <sourceSystem>
          <code>1</code>
          <name>House committee actions</name>
        </sourceSystem>
        <text>Referred to the Subcommittee on Communications and Technology.</text>
        <type>Committee</type>
      </item>
      <item>
        <actionDate>2017-01-30</actionDate>
        <type>IntroReferral</type>
        <links />
        <committee>
          <systemCode>hsif00</systemCode>
          <name>Energy and Commerce Committee</name>
        </committee>
        <actionCode>H11100</actionCode>
        <text>Referred to the House Committee on Energy and Commerce.</text>
        <sourceSystem>
          <code>2</code>
          <name>House floor actions</name>
        </sourceSystem>
      </item>
      <item>
        <actionDate>2017-01-30</actionDate>
        <type>IntroReferral</type>
        <links />
        <committee />
        <actionCode>Intro-H</actionCode>
        <text>Introduced in House</text>
        <sourceSystem>
          <code>9</code>
          <name>Library of Congress</name>
        </sourceSystem>
      </item>
      <item>
        <actionDate>2017-01-30</actionDate>
        <type>IntroReferral</type>
        <links />
        <committee />
        <actionCode>1000</actionCode>
        <text>Introduced in House</text>
        <sourceSystem>
          <code>9</code>
          <name>Library of Congress</name>
        </sourceSystem>
      </item>
      <actionByCounts>
        <houseOfRepresentatives>4</houseOfRepresentatives>
      </actionByCounts>
    </actions>
    <titles>
      <item>
        <title>To amend the Communications Act of 1934 to prohibit Federal funding for the Corporation for Public Broadcasting after fiscal year 2019.</title>
        <titleType>Official Title as Introduced</titleType>
        <parentTitleType />
        <chamberCode />
        <chamberName />
      </item>
      <item>
        <title>To amend the Communications Act of 1934 to prohibit Federal funding for the Corporation for Public Broadcasting after fiscal year 2019.</title>
        <titleType>Display Title</titleType>
        <parentTitleType />
        <chamberCode />
        <chamberName />
      </item>
    </titles>
    <summaries>
      <billSummaries>
        <item>
          <actionDate>2017-01-30</actionDate>
          <actionDesc>Introduced in House</actionDesc>
          <text><![CDATA[<p>This bill amends the Communications Act of 1934 to prohibit federal funding for the Corporation for Public Broadcasting after FY2019.</p>]]></text>
          <name>Introduced in House</name>
          <updateDate>2017-01-30T05:00:00Z</updateDate>
          <lastSummaryUpdateDate>2017-03-28T20:39:49Z</lastSummaryUpdateDate>
          <versionCode>00</versionCode>
        </item>
      </billSummaries>
    </summaries>
    <introducedDate>2017-01-30</introducedDate>
    <policyArea>
      <name>Science, Technology, Communications</name>
    </policyArea>
    <constitutionalAuthorityStatementText><![CDATA[<pre>From the Congressional Record Online through the Government Publishing Office [<a href='http://www.gpo.gov'>www.gpo.gov</a>]By Mr. LAMBORN:H.R. 727.Congress has the power to enact this legislation pursuantto the following:Article I, Section 8, Clause 1 of the United StatesConstitution.Article I, Section 9, Clause 7 of the United StatesConstitution.[Page H745]</pre>]]></constitutionalAuthorityStatementText>
  </bill>
  <dublinCore xmlns:dc="http://purl.org/dc/elements/1.1/">
    <dc:format>text/xml</dc:format>
    <dc:language>EN</dc:language>
    <dc:rights>Pursuant to Title 17 Section 105 of the United States Code, this file is not subject to copyright protection and is in the public domain.</dc:rights>
    <dc:contributor>Congressional Research Service, Library of Congress</dc:contributor>
    <dc:description>This file contains bill summaries and statuses for federal legislation. A bill summary describes the most significant provisions of a piece of legislation and details the effects the legislative text may have on current law and federal programs. Bill summaries are authored by the Congressional Research Service (CRS) of the Library of Congress. As stated in Public Law 91-510 (2 USC 166 (d)(6)), one of the duties of CRS is "to prepare summaries and digests of bills and resolutions of a public general nature introduced in the Senate or House of Representatives". For more information, refer to the User Guide that accompanies this file.</dc:description>
  </dublinCore>
</billStatus>

