<?xml version="1.0" encoding="UTF-8"?>
<billStatus>
  <bill>
    <titles>
      <item>
        <titleType>Short Titles as Introduced</titleType>
        <parentTitleType />
        <title>Buffalo Bayou National Heritage Area Act</title>
        <chamberName />
        <chamberCode />
      </item>
      <item>
        <titleType>Official Title as Introduced</titleType>
        <parentTitleType />
        <title>To establish the Buffalo Bayou National Heritage Area in the State of Texas, and for other purposes.</title>
        <chamberName />
        <chamberCode />
      </item>
      <item>
        <titleType>Display Title</titleType>
        <parentTitleType />
        <title>Buffalo Bayou National Heritage Area Act</title>
        <chamberName />
        <chamberCode />
      </item>
      <item>
        <titleType>(Extracted from GPO) Short Titles as Introduced</titleType>
        <parentTitleType />
        <title>Buffalo Bayou National Heritage Area Act</title>
        <chamberName />
        <chamberCode />
      </item>
    </titles>
    <policyArea>
      <name>Public Lands and Natural Resources</name>
    </policyArea>
    <amendments />
    <billNumber>262</billNumber>
    <version>1.0.0</version>
    <congress>115</congress>
    <calendarNumbers />
    <createDate>2017-01-05T04:47:33Z</createDate>
    <updateDate>2018-03-30T13:58:48Z</updateDate>
    <latestAction>
      <actionDate>2017-02-10</actionDate>
      <links />
      <text>Referred to the Subcommittee on Federal Lands.</text>
    </latestAction>
    <laws />
    <sponsors>
      <item>
        <fullName>Rep. Green, Gene [D-TX-29]</fullName>
        <bioguideId>G000410</bioguideId>
        <lastName>GREEN</lastName>
        <byRequestType />
        <firstName>GENE</firstName>
        <district>29</district>
        <state>TX</state>
        <middleName />
        <party>D</party>
        <identifiers>
          <bioguideId>G000410</bioguideId>
          <lisID>462</lisID>
          <gpoId>8185</gpoId>
        </identifiers>
      </item>
    </sponsors>
    <originChamber>House</originChamber>
    <constitutionalAuthorityStatementText><![CDATA[<pre>From the Congressional Record Online through the Government Publishing Office [<a href='http://www.gpo.gov'>www.gpo.gov</a>]By Mr. GENE GREEN of Texas:H.R. 262.Congress has the power to enact this legislation pursuantto the following:Article 1, Section 8[Page H97]</pre>]]></constitutionalAuthorityStatementText>
    <cosponsors />
    <billType>HR</billType>
    <notes />
    <summaries>
      <billSummaries>
        <item>
          <actionDate>2017-01-04</actionDate>
          <text><![CDATA[<p><b>Buffalo Bayou National Heritage Area Act</b></p> <p> This bill establishes the Buffalo Bayou National Heritage Area in Texas. The Buffalo Bayou National Heritage Area Corporation is designated as the management entity for the heritage area. The corporation shall submit a management plan for the heritage area. The bill sets forth requirements for the approval or disapproval of the plan. </p> <p>The bill specifies its effect on private property protections and water rights with regard to the heritage area. Nothing in this bill is meant to modify the Rio Grande Natural Area Act. </p>]]></text>
          <updateDate>2017-01-04T05:00:00Z</updateDate>
          <versionCode>00</versionCode>
          <lastSummaryUpdateDate>2017-01-27T19:09:44Z</lastSummaryUpdateDate>
          <actionDesc>Introduced in House</actionDesc>
          <name>Introduced in House</name>
        </item>
      </billSummaries>
    </summaries>
    <relatedBills />
    <committees>
      <billCommittees>
        <item>
          <chamber>House</chamber>
          <activities>
            <item>
              <name>Referred to</name>
              <date>2017-01-04T15:00:15Z</date>
            </item>
          </activities>
          <type>Standing</type>
          <systemCode>hsii00</systemCode>
          <subcommittees>
            <item>
              <activities>
                <item>
                  <name>Referred to</name>
                  <date>2017-02-10T16:48:36Z</date>
                </item>
              </activities>
              <systemCode>hsii10</systemCode>
              <name>Federal Lands Subcommittee</name>
            </item>
          </subcommittees>
          <name>Natural Resources Committee</name>
        </item>
      </billCommittees>
    </committees>
    <cboCostEstimates />
    <subjects>
      <billSubjects>
        <policyArea>
          <name>Public Lands and Natural Resources</name>
        </policyArea>
        <legislativeSubjects>
          <item>
            <name>Historic sites and heritage areas</name>
          </item>
          <item>
            <name>Texas</name>
          </item>
        </legislativeSubjects>
      </billSubjects>
    </subjects>
    <committeeReports />
    <title>Buffalo Bayou National Heritage Area Act</title>
    <recordedVotes />
    <actions>
      <actionTypeCounts>
        <introducedInHouse>1</introducedInHouse>
        <introducedInTheHouse>1</introducedInTheHouse>
        <billReferrals>1</billReferrals>
        <placeholderTextForH>1</placeholderTextForH>
      </actionTypeCounts>
      <item>
        <actionDate>2017-02-10</actionDate>
        <committee>
          <systemCode>hsii10</systemCode>
          <name>Federal Lands Subcommittee</name>
        </committee>
        <links />
        <sourceSystem>
          <code>1</code>
          <name>House committee actions</name>
        </sourceSystem>
        <text>Referred to the Subcommittee on Federal Lands.</text>
        <type>Committee</type>
      </item>
      <item>
        <type>IntroReferral</type>
        <sourceSystem>
          <code>2</code>
          <name>House floor actions</name>
        </sourceSystem>
        <actionCode>H11100</actionCode>
        <links />
        <text>Referred to the House Committee on Natural Resources.</text>
        <committee>
          <systemCode>hsii00</systemCode>
          <name>Natural Resources Committee</name>
        </committee>
        <actionDate>2017-01-04</actionDate>
      </item>
      <item>
        <type>IntroReferral</type>
        <sourceSystem>
          <code>9</code>
          <name>Library of Congress</name>
        </sourceSystem>
        <actionCode>Intro-H</actionCode>
        <links />
        <text>Introduced in House</text>
        <committee />
        <actionDate>2017-01-04</actionDate>
      </item>
      <item>
        <type>IntroReferral</type>
        <sourceSystem>
          <code>9</code>
          <name>Library of Congress</name>
        </sourceSystem>
        <actionCode>1000</actionCode>
        <links />
        <text>Introduced in House</text>
        <committee />
        <actionDate>2017-01-04</actionDate>
      </item>
      <actionByCounts>
        <houseOfRepresentatives>4</houseOfRepresentatives>
      </actionByCounts>
    </actions>
    <introducedDate>2017-01-04</introducedDate>
  </bill>
  <dublinCore xmlns:dc="http://purl.org/dc/elements/1.1/">
    <dc:format>text/xml</dc:format>
    <dc:language>EN</dc:language>
    <dc:rights>Pursuant to Title 17 Section 105 of the United States Code, this file is not subject to copyright protection and is in the public domain.</dc:rights>
    <dc:contributor>Congressional Research Service, Library of Congress</dc:contributor>
    <dc:description>This file contains bill summaries and statuses for federal legislation. A bill summary describes the most significant provisions of a piece of legislation and details the effects the legislative text may have on current law and federal programs. Bill summaries are authored by the Congressional Research Service (CRS) of the Library of Congress. As stated in Public Law 91-510 (2 USC 166 (d)(6)), one of the duties of CRS is "to prepare summaries and digests of bills and resolutions of a public general nature introduced in the Senate or House of Representatives". For more information, refer to the User Guide that accompanies this file.</dc:description>
  </dublinCore>
</billStatus>

