<?xml version="1.0" encoding="UTF-8"?>
<billStatus>
  <bill>
    <congress>115</congress>
    <billType>HR</billType>
    <originChamber>House</originChamber>
    <billNumber>879</billNumber>
    <notes />
    <cboCostEstimates />
    <version>1.0.0</version>
    <recordedVotes />
    <summaries>
      <billSummaries />
    </summaries>
    <subjects>
      <billSubjects>
        <legislativeSubjects>
          <item>
            <name>Congressional oversight</name>
          </item>
          <item>
            <name>Disaster relief and insurance</name>
          </item>
          <item>
            <name>Floods and storm protection</name>
          </item>
          <item>
            <name>Government information and archives</name>
          </item>
          <item>
            <name>Government studies and investigations</name>
          </item>
        </legislativeSubjects>
        <policyArea>
          <name>Finance and Financial Sector</name>
        </policyArea>
      </billSubjects>
    </subjects>
    <actions>
      <item>
        <sourceSystem>
          <name>House floor actions</name>
          <code>2</code>
        </sourceSystem>
        <type>IntroReferral</type>
        <committee>
          <name>Financial Services Committee</name>
          <systemCode>hsba00</systemCode>
        </committee>
        <text>Referred to the House Committee on Financial Services.</text>
        <actionCode>H11100</actionCode>
        <actionDate>2017-02-06</actionDate>
        <links />
      </item>
      <item>
        <sourceSystem>
          <name>Library of Congress</name>
          <code>9</code>
        </sourceSystem>
        <type>IntroReferral</type>
        <committee />
        <text>Introduced in House</text>
        <actionCode>Intro-H</actionCode>
        <actionDate>2017-02-06</actionDate>
        <links />
      </item>
      <item>
        <sourceSystem>
          <name>Library of Congress</name>
          <code>9</code>
        </sourceSystem>
        <type>IntroReferral</type>
        <committee />
        <text>Introduced in House</text>
        <actionCode>1000</actionCode>
        <actionDate>2017-02-06</actionDate>
        <links />
      </item>
      <actionTypeCounts>
        <introducedInTheHouse>1</introducedInTheHouse>
        <billReferrals>1</billReferrals>
        <introducedInHouse>1</introducedInHouse>
      </actionTypeCounts>
      <actionByCounts>
        <houseOfRepresentatives>3</houseOfRepresentatives>
      </actionByCounts>
    </actions>
    <introducedDate>2017-02-06</introducedDate>
    <constitutionalAuthorityStatementText><![CDATA[<pre>[Pages H1012-H1013]From the Congressional Record Online through the Government Publishing Office [<a href='http://www.gpo.gov'>www.gpo.gov</a>]By Mr. BILIRAKIS:H.R. 879.Congress has the power to enact this legislation pursuantto the following:This bill is enacted pursuant to Article I, Section 8,Clause 1 of the Constitution of the[[Page H1013]]United States and Article I, Section 8, Clause 18 of theConstitution of the United States.</pre>]]></constitutionalAuthorityStatementText>
    <titles>
      <item>
        <titleType>Short Titles as Introduced</titleType>
        <parentTitleType />
        <title>Flood Insurance Integrity Act of 2017</title>
        <chamberName />
        <chamberCode />
      </item>
      <item>
        <titleType>Official Title as Introduced</titleType>
        <parentTitleType />
        <title>To require the Government Accountability Office to conduct periodic reviews of the flood insurance rates and flood insurance rate maps under the national flood insurance program, and for other purposes.</title>
        <chamberName />
        <chamberCode />
      </item>
      <item>
        <titleType>Display Title</titleType>
        <parentTitleType />
        <title>Flood Insurance Integrity Act of 2017</title>
        <chamberName />
        <chamberCode />
      </item>
      <item>
        <titleType>(Extracted from GPO) Short Titles as Introduced</titleType>
        <parentTitleType />
        <title>Flood Insurance Integrity Act of 2017</title>
        <chamberName />
        <chamberCode />
      </item>
    </titles>
    <cosponsors>
      <item>
        <fullName>Rep. Esty, Elizabeth H. [D-CT-5]</fullName>
        <middleName>H.</middleName>
        <identifiers>
          <lisID>2114</lisID>
          <gpoId />
          <bioguideId>E000293</bioguideId>
        </identifiers>
        <firstName>Elizabeth</firstName>
        <party>D</party>
        <bioguideId>E000293</bioguideId>
        <sponsorshipDate>2017-02-06</sponsorshipDate>
        <sponsorshipWithdrawnDate />
        <state>CT</state>
        <lastName>Esty</lastName>
        <isOriginalCosponsor>True</isOriginalCosponsor>
        <district>5</district>
      </item>
      <item>
        <fullName>Rep. Crist, Charlie [D-FL-13]</fullName>
        <middleName />
        <identifiers>
          <lisID>2321</lisID>
          <gpoId />
          <bioguideId>C001111</bioguideId>
        </identifiers>
        <firstName>Charlie</firstName>
        <party>D</party>
        <bioguideId>C001111</bioguideId>
        <sponsorshipDate>2017-02-28</sponsorshipDate>
        <sponsorshipWithdrawnDate />
        <state>FL</state>
        <lastName>Crist</lastName>
        <isOriginalCosponsor>False</isOriginalCosponsor>
        <district>13</district>
      </item>
      <item>
        <fullName>Rep. Rouzer, David [R-NC-7]</fullName>
        <middleName />
        <identifiers>
          <gpoId />
          <bioguideId>R000603</bioguideId>
          <lisID>2256</lisID>
        </identifiers>
        <firstName>David</firstName>
        <party>R</party>
        <bioguideId>R000603</bioguideId>
        <sponsorshipDate>2017-03-28</sponsorshipDate>
        <sponsorshipWithdrawnDate />
        <state>NC</state>
        <lastName>Rouzer</lastName>
        <isOriginalCosponsor>False</isOriginalCosponsor>
        <district>7</district>
      </item>
    </cosponsors>
    <laws />
    <calendarNumbers />
    <committeeReports />
    <latestAction>
      <links />
      <text>Referred to the House Committee on Financial Services.</text>
      <actionDate>2017-02-06</actionDate>
    </latestAction>
    <title>Flood Insurance Integrity Act of 2017</title>
    <createDate>2017-02-07T04:46:14Z</createDate>
    <sponsors>
      <item>
        <lastName>Bilirakis</lastName>
        <byRequestType />
        <middleName>M.</middleName>
        <bioguideId>B001257</bioguideId>
        <firstName>Gus</firstName>
        <state>FL</state>
        <fullName>Rep. Bilirakis, Gus M. [R-FL-12]</fullName>
        <identifiers>
          <bioguideId>B001257</bioguideId>
          <lisID>1838</lisID>
          <gpoId>7881</gpoId>
        </identifiers>
        <party>R</party>
        <district>12</district>
      </item>
    </sponsors>
    <updateDate>2018-03-30T14:01:41Z</updateDate>
    <relatedBills />
    <committees>
      <billCommittees>
        <item>
          <name>Financial Services Committee</name>
          <activities>
            <item>
              <date>2017-02-06T17:01:40Z</date>
              <name>Referred to</name>
            </item>
          </activities>
          <chamber>House</chamber>
          <type>Standing</type>
          <systemCode>hsba00</systemCode>
          <subcommittees />
        </item>
      </billCommittees>
    </committees>
    <policyArea>
      <name>Finance and Financial Sector</name>
    </policyArea>
    <amendments />
  </bill>
  <dublinCore xmlns:dc="http://purl.org/dc/elements/1.1/">
    <dc:format>text/xml</dc:format>
    <dc:language>EN</dc:language>
    <dc:rights>Pursuant to Title 17 Section 105 of the United States Code, this file is not subject to copyright protection and is in the public domain.</dc:rights>
    <dc:contributor>Congressional Research Service, Library of Congress</dc:contributor>
    <dc:description>This file contains bill summaries and statuses for federal legislation. A bill summary describes the most significant provisions of a piece of legislation and details the effects the legislative text may have on current law and federal programs. Bill summaries are authored by the Congressional Research Service (CRS) of the Library of Congress. As stated in Public Law 91-510 (2 USC 166 (d)(6)), one of the duties of CRS is "to prepare summaries and digests of bills and resolutions of a public general nature introduced in the Senate or House of Representatives". For more information, refer to the User Guide that accompanies this file.</dc:description>
  </dublinCore>
</billStatus>

