<?xml version="1.0" encoding="UTF-8"?>
<billStatus>
  <bill>
    <calendarNumbers />
    <congress>115</congress>
    <billType>HR</billType>
    <constitutionalAuthorityStatementText><![CDATA[<pre>From the Congressional Record Online through the Government Publishing Office [<a href='http://www.gpo.gov'>www.gpo.gov</a>]By Mrs. LAWRENCE:H.R. 418.Congress has the power to enact this legislation pursuantto the following:Article I, Section 8, clause 18--To make all Laws whichshall be necessary and proper for carrying into Execution theforegoing Powers, and all other Powers vested by thisConstitution in the Government of the United States, or inany Department or Officer thereof.[Page H300]</pre>]]></constitutionalAuthorityStatementText>
    <recordedVotes />
    <summaries>
      <billSummaries>
        <item>
          <actionDesc>Introduced in House</actionDesc>
          <versionCode>00</versionCode>
          <lastSummaryUpdateDate>2017-03-17T19:14:12Z</lastSummaryUpdateDate>
          <name>Introduced in House</name>
          <updateDate>2017-01-10T05:00:00Z</updateDate>
          <actionDate>2017-01-10</actionDate>
          <text><![CDATA[<p><strong>Early Intervention for Veterans and their Families Act</strong></p> <p>This bill directs the Department of Veterans Affairs (VA) to carry out a three-year pilot program with community partners (private nonprofit organizations) to provide intensive community care coordination and supportive services to disabled veteran families who lack access to direct wellness services provided by the VA or other entities. </p> <p>Such services may include: </p> <ul> <li>care coordination and case management services;</li> <li> outreach services;</li> <li>assistance in obtaining VA benefits, including vocational and rehabilitation counseling, employment and training service, educational assistance, and health care services;</li> <li>assistance in obtaining and coordinating the provision of other public benefits provided by government agencies or community partners, including marriage counseling, services for children, suicide prevention, substance abuse awareness and treatment, mental health awareness and treatment, financial counseling, anger management counseling, domestic violence awareness and prevention, employment assistance, transportation services, child care, housing counseling, preparing and updating family care plans, development of strategies for living with a veteran with post-traumatic stress disorder or traumatic brain injury, and accessing emergency financial assistance through philanthropic efforts; and</li> <li> direct services that are necessary to improve the well-being and address the needs of the disabled veteran families but that are otherwise unavailable through existing public or private programs.</li> </ul> <ul> </ul>]]></text>
        </item>
      </billSummaries>
    </summaries>
    <subjects>
      <billSubjects>
        <policyArea>
          <name>Armed Forces and National Security</name>
        </policyArea>
        <legislativeSubjects>
          <item>
            <name>Disability and paralysis</name>
          </item>
          <item>
            <name>Health care coverage and access</name>
          </item>
          <item>
            <name>Veterans' education, employment, rehabilitation</name>
          </item>
          <item>
            <name>Veterans' medical care</name>
          </item>
        </legislativeSubjects>
      </billSubjects>
    </subjects>
    <cosponsors />
    <actions>
      <item>
        <actionDate>2017-02-03</actionDate>
        <committee>
          <name>Health Subcommittee</name>
          <systemCode>hsvr03</systemCode>
        </committee>
        <links />
        <sourceSystem>
          <code>1</code>
          <name>House committee actions</name>
        </sourceSystem>
        <text>Referred to the Subcommittee on Health.</text>
        <type>Committee</type>
      </item>
      <item>
        <actionDate>2017-01-10</actionDate>
        <text>Referred to the House Committee on Veterans' Affairs.</text>
        <links />
        <committee>
          <name>Veterans' Affairs Committee</name>
          <systemCode>hsvr00</systemCode>
        </committee>
        <sourceSystem>
          <code>2</code>
          <name>House floor actions</name>
        </sourceSystem>
        <actionCode>H11100</actionCode>
        <type>IntroReferral</type>
      </item>
      <item>
        <actionDate>2017-01-10</actionDate>
        <text>Introduced in House</text>
        <links />
        <committee />
        <sourceSystem>
          <code>9</code>
          <name>Library of Congress</name>
        </sourceSystem>
        <actionCode>Intro-H</actionCode>
        <type>IntroReferral</type>
      </item>
      <item>
        <actionDate>2017-01-10</actionDate>
        <text>Introduced in House</text>
        <links />
        <committee />
        <sourceSystem>
          <code>9</code>
          <name>Library of Congress</name>
        </sourceSystem>
        <actionCode>1000</actionCode>
        <type>IntroReferral</type>
      </item>
      <actionTypeCounts>
        <introducedInHouse>1</introducedInHouse>
        <placeholderTextForH>1</placeholderTextForH>
        <introducedInTheHouse>1</introducedInTheHouse>
        <billReferrals>1</billReferrals>
      </actionTypeCounts>
      <actionByCounts>
        <houseOfRepresentatives>4</houseOfRepresentatives>
      </actionByCounts>
    </actions>
    <notes />
    <policyArea>
      <name>Armed Forces and National Security</name>
    </policyArea>
    <billNumber>418</billNumber>
    <createDate>2017-01-11T05:09:43Z</createDate>
    <originChamber>House</originChamber>
    <committees>
      <billCommittees>
        <item>
          <chamber>House</chamber>
          <name>Veterans' Affairs Committee</name>
          <subcommittees>
            <item>
              <name>Health Subcommittee</name>
              <systemCode>hsvr03</systemCode>
              <activities>
                <item>
                  <name>Referred to</name>
                  <date>2017-02-03T19:15:17Z</date>
                </item>
              </activities>
            </item>
          </subcommittees>
          <activities>
            <item>
              <name>Referred to</name>
              <date>2017-01-10T15:02:35Z</date>
            </item>
          </activities>
          <type>Standing</type>
          <systemCode>hsvr00</systemCode>
        </item>
      </billCommittees>
    </committees>
    <introducedDate>2017-01-10</introducedDate>
    <amendments />
    <sponsors>
      <item>
        <lastName>Lawrence</lastName>
        <bioguideId>L000581</bioguideId>
        <identifiers>
          <gpoId />
          <bioguideId>L000581</bioguideId>
          <lisID>2252</lisID>
        </identifiers>
        <party>D</party>
        <firstName>Brenda</firstName>
        <fullName>Rep. Lawrence, Brenda L. [D-MI-14]</fullName>
        <state>MI</state>
        <byRequestType />
        <middleName>L.</middleName>
        <district>14</district>
      </item>
    </sponsors>
    <committeeReports />
    <cboCostEstimates />
    <titles>
      <item>
        <chamberCode />
        <parentTitleType />
        <titleType>Short Titles as Introduced</titleType>
        <chamberName />
        <title>Early Intervention for Veterans and their Families Act</title>
      </item>
      <item>
        <chamberCode />
        <parentTitleType />
        <titleType>Official Title as Introduced</titleType>
        <chamberName />
        <title>To direct the Secretary of Veterans Affairs to establish a pilot program to improve access to supportive services and community coordination for families of disabled veterans.</title>
      </item>
      <item>
        <chamberCode />
        <parentTitleType />
        <titleType>Display Title</titleType>
        <chamberName />
        <title>Early Intervention for Veterans and their Families Act</title>
      </item>
      <item>
        <chamberCode />
        <parentTitleType />
        <titleType>(Extracted from GPO) Short Titles as Introduced</titleType>
        <chamberName />
        <title>Early Intervention for Veterans and their Families Act</title>
      </item>
    </titles>
    <title>Early Intervention for Veterans and their Families Act</title>
    <laws />
    <relatedBills />
    <latestAction>
      <actionDate>2017-02-03</actionDate>
      <links />
      <text>Referred to the Subcommittee on Health.</text>
    </latestAction>
    <version>1.0.0</version>
    <updateDate>2018-03-30T13:59:29Z</updateDate>
  </bill>
  <dublinCore xmlns:dc="http://purl.org/dc/elements/1.1/">
    <dc:format>text/xml</dc:format>
    <dc:language>EN</dc:language>
    <dc:rights>Pursuant to Title 17 Section 105 of the United States Code, this file is not subject to copyright protection and is in the public domain.</dc:rights>
    <dc:contributor>Congressional Research Service, Library of Congress</dc:contributor>
    <dc:description>This file contains bill summaries and statuses for federal legislation. A bill summary describes the most significant provisions of a piece of legislation and details the effects the legislative text may have on current law and federal programs. Bill summaries are authored by the Congressional Research Service (CRS) of the Library of Congress. As stated in Public Law 91-510 (2 USC 166 (d)(6)), one of the duties of CRS is "to prepare summaries and digests of bills and resolutions of a public general nature introduced in the Senate or House of Representatives". For more information, refer to the User Guide that accompanies this file.</dc:description>
  </dublinCore>
</billStatus>

