<?xml version="1.0" encoding="UTF-8"?>
<billStatus>
  <bill>
    <laws />
    <recordedVotes />
    <amendments />
    <titles>
      <item>
        <title>MANIFEST for Human Spaceflight Act of 2017</title>
        <titleType>Short Titles as Introduced</titleType>
        <parentTitleType />
        <chamberCode />
        <chamberName />
      </item>
      <item>
        <title>Mapping a New and Innovative Focus on Our Exploration Strategy for Human Spaceflight Act of 2017</title>
        <titleType>Short Titles as Introduced</titleType>
        <parentTitleType />
        <chamberCode />
        <chamberName />
      </item>
      <item>
        <title>To provide for the development of a United States strategy for greater human space exploration, and for other purposes.</title>
        <titleType>Official Title as Introduced</titleType>
        <parentTitleType />
        <chamberCode />
        <chamberName />
      </item>
      <item>
        <title>MANIFEST for Human Spaceflight Act of 2017</title>
        <titleType>Display Title</titleType>
        <parentTitleType />
        <chamberCode />
        <chamberName />
      </item>
      <item>
        <title>MANIFEST for Human Spaceflight Act of 2017</title>
        <titleType>(Extracted from GPO) Short Titles as Introduced</titleType>
        <parentTitleType />
        <chamberCode />
        <chamberName />
      </item>
      <item>
        <title>Mapping a New and Innovative Focus on Our Exploration Strategy for Human Spaceflight Act of 2017</title>
        <titleType>(Extracted from GPO) Short Titles as Introduced</titleType>
        <parentTitleType />
        <chamberCode />
        <chamberName />
      </item>
    </titles>
    <sponsors>
      <item>
        <state>TX</state>
        <identifiers>
          <lisID>1670</lisID>
          <gpoId>8163</gpoId>
          <bioguideId>C001048</bioguideId>
        </identifiers>
        <lastName>CULBERSON</lastName>
        <party>R</party>
        <district>7</district>
        <middleName>ABNEY</middleName>
        <fullName>Rep. Culberson, John Abney [R-TX-7]</fullName>
        <bioguideId>C001048</bioguideId>
        <firstName>JOHN</firstName>
        <byRequestType />
      </item>
    </sponsors>
    <committeeReports />
    <version>1.0.0</version>
    <calendarNumbers />
    <billNumber>650</billNumber>
    <originChamber>House</originChamber>
    <cosponsors />
    <title>MANIFEST for Human Spaceflight Act of 2017</title>
    <policyArea>
      <name>Science, Technology, Communications</name>
    </policyArea>
    <billType>HR</billType>
    <congress>115</congress>
    <subjects>
      <billSubjects>
        <legislativeSubjects>
          <item>
            <name>Congressional oversight</name>
          </item>
          <item>
            <name>Government studies and investigations</name>
          </item>
          <item>
            <name>Space flight and exploration</name>
          </item>
          <item>
            <name>Spacecraft and satellites</name>
          </item>
        </legislativeSubjects>
        <policyArea>
          <name>Science, Technology, Communications</name>
        </policyArea>
      </billSubjects>
    </subjects>
    <latestAction>
      <links />
      <actionDate>2017-04-25</actionDate>
      <text>Referred to the Subcommittee on Space.</text>
    </latestAction>
    <updateDate>2018-03-30T14:00:41Z</updateDate>
    <createDate>2017-01-25T04:45:55Z</createDate>
    <actions>
      <actionTypeCounts>
        <introducedInHouse>1</introducedInHouse>
        <introducedInTheHouse>1</introducedInTheHouse>
        <billReferrals>1</billReferrals>
        <placeholderTextForH>1</placeholderTextForH>
      </actionTypeCounts>
      <item>
        <actionDate>2017-04-25</actionDate>
        <committee>
          <systemCode>hssy16</systemCode>
          <name>Space Subcommittee</name>
        </committee>
        <links />
        <sourceSystem>
          <code>1</code>
          <name>House committee actions</name>
        </sourceSystem>
        <text>Referred to the Subcommittee on Space.</text>
        <type>Committee</type>
      </item>
      <item>
        <type>IntroReferral</type>
        <sourceSystem>
          <code>2</code>
          <name>House floor actions</name>
        </sourceSystem>
        <actionCode>H11100</actionCode>
        <links />
        <text>Referred to the House Committee on Science, Space, and Technology.</text>
        <committee>
          <systemCode>hssy00</systemCode>
          <name>Science, Space, and Technology Committee</name>
        </committee>
        <actionDate>2017-01-24</actionDate>
      </item>
      <item>
        <type>IntroReferral</type>
        <sourceSystem>
          <code>9</code>
          <name>Library of Congress</name>
        </sourceSystem>
        <actionCode>Intro-H</actionCode>
        <links />
        <text>Introduced in House</text>
        <committee />
        <actionDate>2017-01-24</actionDate>
      </item>
      <item>
        <type>IntroReferral</type>
        <sourceSystem>
          <code>9</code>
          <name>Library of Congress</name>
        </sourceSystem>
        <actionCode>1000</actionCode>
        <links />
        <text>Introduced in House</text>
        <committee />
        <actionDate>2017-01-24</actionDate>
      </item>
      <actionByCounts>
        <houseOfRepresentatives>4</houseOfRepresentatives>
      </actionByCounts>
    </actions>
    <notes />
    <introducedDate>2017-01-24</introducedDate>
    <relatedBills>
      <item>
        <relationshipDetails>
          <item>
            <type>Identical bill</type>
            <identifiedBy>CRS</identifiedBy>
          </item>
        </relationshipDetails>
        <latestAction>
          <actionDate>2017-01-24</actionDate>
          <text>Read twice and referred to the Committee on Commerce, Science, and Transportation. (text of measure as introduced: CR S448-449)</text>
        </latestAction>
        <number>212</number>
        <congress>115</congress>
        <type>S</type>
        <latestTitle>MANIFEST for Human Spaceflight Act of 2017</latestTitle>
      </item>
    </relatedBills>
    <constitutionalAuthorityStatementText><![CDATA[<pre>From the Congressional Record Online through the Government Publishing Office [<a href='http://www.gpo.gov'>www.gpo.gov</a>]By Mr. CULBERSON:H.R. 650.Congress has the power to enact this legislation pursuantto the following:Article I, Section 8 granting Congress the power to``promote the Progress of Science.''[Page H688]</pre>]]></constitutionalAuthorityStatementText>
    <cboCostEstimates />
    <summaries>
      <billSummaries>
        <item>
          <actionDesc>Introduced in House</actionDesc>
          <versionCode>00</versionCode>
          <lastSummaryUpdateDate>2017-03-01T22:38:30Z</lastSummaryUpdateDate>
          <name>Introduced in House</name>
          <updateDate>2017-01-24T05:00:00Z</updateDate>
          <actionDate>2017-01-24</actionDate>
          <text><![CDATA[<p><b>Mapping a New and Innovative Focus on Our Exploration Strategy for Human Spaceflight Act of 2017 or the MANIFEST for Human Spaceflight Act of 2017.</b></p> <p>This bill amends the National Aeronautics and Space Administration Authorization Act of 2010 to make it a key U.S. objective to achieve human exploration of Mars, including the establishment of a capability to extend human presence to the surface of Mars. </p> <p>The National Aeronautics and Space Administration (NASA) shall report a strategy to achieve such objective through a series of successive, sustainable, free-standing, but complementary missions making robust use of cislunar space and employing the Space Launch System, Orion crew capsule, and other capabilities provided under specified titles of the Act. </p> <p>NASA shall arrange with the National Academy of Sciences (NAS) to review and comment on each interim report on the strategy and identify matters the NAS agrees with and matters raising NAS concerns, as well as any NAS recommendations.</p>]]></text>
        </item>
      </billSummaries>
    </summaries>
    <committees>
      <billCommittees>
        <item>
          <chamber>House</chamber>
          <type>Standing</type>
          <name>Science, Space, and Technology Committee</name>
          <activities>
            <item>
              <date>2017-01-24T15:06:50Z</date>
              <name>Referred to</name>
            </item>
          </activities>
          <subcommittees>
            <item>
              <systemCode>hssy16</systemCode>
              <name>Space Subcommittee</name>
              <activities>
                <item>
                  <date>2017-04-25T14:36:51Z</date>
                  <name>Referred to</name>
                </item>
              </activities>
            </item>
          </subcommittees>
          <systemCode>hssy00</systemCode>
        </item>
      </billCommittees>
    </committees>
  </bill>
  <dublinCore xmlns:dc="http://purl.org/dc/elements/1.1/">
    <dc:format>text/xml</dc:format>
    <dc:language>EN</dc:language>
    <dc:rights>Pursuant to Title 17 Section 105 of the United States Code, this file is not subject to copyright protection and is in the public domain.</dc:rights>
    <dc:contributor>Congressional Research Service, Library of Congress</dc:contributor>
    <dc:description>This file contains bill summaries and statuses for federal legislation. A bill summary describes the most significant provisions of a piece of legislation and details the effects the legislative text may have on current law and federal programs. Bill summaries are authored by the Congressional Research Service (CRS) of the Library of Congress. As stated in Public Law 91-510 (2 USC 166 (d)(6)), one of the duties of CRS is "to prepare summaries and digests of bills and resolutions of a public general nature introduced in the Senate or House of Representatives". For more information, refer to the User Guide that accompanies this file.</dc:description>
  </dublinCore>
</billStatus>

