<?xml version="1.0" encoding="UTF-8"?>
<billStatus>
  <bill>
    <title>Lower Farmington River and Salmon Brook Wild and Scenic River Act</title>
    <latestAction>
      <actionDate>2017-03-24</actionDate>
      <text>Referred to the Subcommittee on Federal Lands.</text>
      <links />
    </latestAction>
    <createDate>2017-03-16T05:28:12Z</createDate>
    <titles>
      <item>
        <chamberName />
        <title>Lower Farmington River and Salmon Brook Wild and Scenic River Act</title>
        <chamberCode />
        <titleType>Short Titles as Introduced</titleType>
        <parentTitleType />
      </item>
      <item>
        <chamberName />
        <title>To amend the Wild and Scenic Rivers Act to designate certain segments of the Farmington River and Salmon Brook in the State of Connecticut as components of the National Wild and Scenic Rivers System, and for other purposes.</title>
        <chamberCode />
        <titleType>Official Title as Introduced</titleType>
        <parentTitleType />
      </item>
      <item>
        <chamberName />
        <title>Lower Farmington River and Salmon Brook Wild and Scenic River Act</title>
        <chamberCode />
        <titleType>Display Title</titleType>
        <parentTitleType />
      </item>
      <item>
        <chamberName />
        <title>Lower Farmington River and Salmon Brook Wild and Scenic River Act</title>
        <chamberCode />
        <titleType>(Extracted from GPO) Short Titles as Introduced</titleType>
        <parentTitleType />
      </item>
    </titles>
    <version>1.0.0</version>
    <notes />
    <subjects>
      <billSubjects>
        <legislativeSubjects>
          <item>
            <name>Connecticut</name>
          </item>
          <item>
            <name>Lakes and rivers</name>
          </item>
          <item>
            <name>Wilderness and natural areas, wildlife refuges, wild rivers, habitats</name>
          </item>
        </legislativeSubjects>
        <policyArea>
          <name>Public Lands and Natural Resources</name>
        </policyArea>
      </billSubjects>
    </subjects>
    <cboCostEstimates />
    <sponsors>
      <item>
        <firstName>Elizabeth</firstName>
        <lastName>Esty</lastName>
        <middleName>H.</middleName>
        <byRequestType />
        <bioguideId>E000293</bioguideId>
        <identifiers>
          <lisID>2114</lisID>
          <gpoId />
          <bioguideId>E000293</bioguideId>
        </identifiers>
        <state>CT</state>
        <fullName>Rep. Esty, Elizabeth H. [D-CT-5]</fullName>
        <district>5</district>
        <party>D</party>
      </item>
    </sponsors>
    <calendarNumbers />
    <policyArea>
      <name>Public Lands and Natural Resources</name>
    </policyArea>
    <summaries>
      <billSummaries>
        <item>
          <versionCode>00</versionCode>
          <text><![CDATA[<p><b>Lower Farmington River and Salmon Brook Wild and Scenic River Act</b></p> <p> This bill amends the Wild and Scenic Rivers Act to designate specified segments of the Lower Farmington River and Salmon Brook in Connecticut as components of the National Wild and Scenic Rivers System. </p> <p>The Lower Farmington River and Salmon Brook Wild and Scenic Committee, in coordination with the Department of the Interior, shall lead and coordinate the implementation of the management plan for the designated river segments according to the amendments to the Lower Farmington River and Salmon Brook Management Plan, dated June 2011, as determined to be consistent with this bill. </p> <p> The designation made by this bill shall not be construed to: (1) prohibit, pre-empt, or abridge future licensing or re-licensing of the Rainbow Dam and Reservoir by the Federal Energy Regulatory Commission as a federally licensed hydroelectric generation project; or (2) affect the operation of, or impose any flow or release requirements on, the unlicensed hydroelectric facility at the dam and reservoir. </p> <p> The Lower Farmington River shall not be administered as part of the National Park System (NPS) or be subject to NPS regulations. </p> <p>The National Park Service may not administratively change the extent of the protection afforded to the river segments designated by this bill.</p> <p> The bill also revises the description of a specified designated segment of the Farmington River in Connecticut.</p>]]></text>
          <updateDate>2017-03-15T04:00:00Z</updateDate>
          <actionDate>2017-03-15</actionDate>
          <lastSummaryUpdateDate>2017-10-19T12:53:25Z</lastSummaryUpdateDate>
          <name>Introduced in House</name>
          <actionDesc>Introduced in House</actionDesc>
        </item>
      </billSummaries>
    </summaries>
    <actions>
      <actionTypeCounts>
        <billReferrals>1</billReferrals>
        <introducedInTheHouse>1</introducedInTheHouse>
        <placeholderTextForH>1</placeholderTextForH>
        <introducedInHouse>1</introducedInHouse>
      </actionTypeCounts>
      <item>
        <actionDate>2017-03-24</actionDate>
        <committee>
          <name>Federal Lands Subcommittee</name>
          <systemCode>hsii10</systemCode>
        </committee>
        <links />
        <sourceSystem>
          <code>1</code>
          <name>House committee actions</name>
        </sourceSystem>
        <text>Referred to the Subcommittee on Federal Lands.</text>
        <type>Committee</type>
      </item>
      <item>
        <text>Referred to the House Committee on Natural Resources.</text>
        <type>IntroReferral</type>
        <actionDate>2017-03-15</actionDate>
        <links />
        <committee>
          <name>Natural Resources Committee</name>
          <systemCode>hsii00</systemCode>
        </committee>
        <sourceSystem>
          <code>2</code>
          <name>House floor actions</name>
        </sourceSystem>
        <actionCode>H11100</actionCode>
      </item>
      <item>
        <text>Introduced in House</text>
        <type>IntroReferral</type>
        <actionDate>2017-03-15</actionDate>
        <links />
        <committee />
        <sourceSystem>
          <code>9</code>
          <name>Library of Congress</name>
        </sourceSystem>
        <actionCode>Intro-H</actionCode>
      </item>
      <item>
        <text>Introduced in House</text>
        <type>IntroReferral</type>
        <actionDate>2017-03-15</actionDate>
        <links />
        <committee />
        <sourceSystem>
          <code>9</code>
          <name>Library of Congress</name>
        </sourceSystem>
        <actionCode>1000</actionCode>
      </item>
      <actionByCounts>
        <houseOfRepresentatives>4</houseOfRepresentatives>
      </actionByCounts>
    </actions>
    <relatedBills>
      <item>
        <congress>115</congress>
        <number>617</number>
        <relationshipDetails>
          <item>
            <type>Related bill</type>
            <identifiedBy>CRS</identifiedBy>
          </item>
        </relationshipDetails>
        <latestAction>
          <actionDate>2017-05-09</actionDate>
          <text>Placed on Senate Legislative Calendar under General Orders. Calendar No. 68.</text>
        </latestAction>
        <type>S</type>
        <latestTitle>Lower Farmington River and Salmon Brook Wild and Scenic River Act</latestTitle>
      </item>
    </relatedBills>
    <committees>
      <billCommittees>
        <item>
          <chamber>House</chamber>
          <name>Natural Resources Committee</name>
          <subcommittees>
            <item>
              <name>Federal Lands Subcommittee</name>
              <systemCode>hsii10</systemCode>
              <activities>
                <item>
                  <name>Referred to</name>
                  <date>2017-03-24T20:22:38Z</date>
                </item>
              </activities>
            </item>
          </subcommittees>
          <activities>
            <item>
              <name>Referred to</name>
              <date>2017-03-15T20:32:45Z</date>
            </item>
          </activities>
          <type>Standing</type>
          <systemCode>hsii00</systemCode>
        </item>
      </billCommittees>
    </committees>
    <constitutionalAuthorityStatementText><![CDATA[<pre>From the Congressional Record Online through the Government Publishing Office [<a href='http://www.gpo.gov'>www.gpo.gov</a>]By Ms. ESTY:H.R. 1535.Congress has the power to enact this legislation pursuantto the following:Clause 18 of Section 8 on Article I of the Constitution[Page H2083]</pre>]]></constitutionalAuthorityStatementText>
    <introducedDate>2017-03-15</introducedDate>
    <cosponsors>
      <item>
        <lastName>LARSON</lastName>
        <bioguideId>L000557</bioguideId>
        <state>CT</state>
        <sponsorshipDate>2017-03-15</sponsorshipDate>
        <fullName>Rep. Larson, John B. [D-CT-1]</fullName>
        <identifiers>
          <gpoId>7866</gpoId>
          <lisID>1583</lisID>
          <bioguideId>L000557</bioguideId>
        </identifiers>
        <middleName>B.</middleName>
        <sponsorshipWithdrawnDate />
        <firstName>JOHN</firstName>
        <isOriginalCosponsor>True</isOriginalCosponsor>
        <party>D</party>
        <district>1</district>
      </item>
    </cosponsors>
    <laws />
    <congress>115</congress>
    <recordedVotes />
    <amendments />
    <committeeReports />
    <billType>HR</billType>
    <billNumber>1535</billNumber>
    <updateDate>2018-03-30T14:04:35Z</updateDate>
    <originChamber>House</originChamber>
  </bill>
  <dublinCore xmlns:dc="http://purl.org/dc/elements/1.1/">
    <dc:format>text/xml</dc:format>
    <dc:language>EN</dc:language>
    <dc:rights>Pursuant to Title 17 Section 105 of the United States Code, this file is not subject to copyright protection and is in the public domain.</dc:rights>
    <dc:contributor>Congressional Research Service, Library of Congress</dc:contributor>
    <dc:description>This file contains bill summaries and statuses for federal legislation. A bill summary describes the most significant provisions of a piece of legislation and details the effects the legislative text may have on current law and federal programs. Bill summaries are authored by the Congressional Research Service (CRS) of the Library of Congress. As stated in Public Law 91-510 (2 USC 166 (d)(6)), one of the duties of CRS is "to prepare summaries and digests of bills and resolutions of a public general nature introduced in the Senate or House of Representatives". For more information, refer to the User Guide that accompanies this file.</dc:description>
  </dublinCore>
</billStatus>

