<?xml version="1.0" encoding="UTF-8"?>
<billStatus>
  <bill>
    <cosponsors>
      <item>
        <firstName>SANDER</firstName>
        <identifiers>
          <lisID>683</lisID>
          <gpoId>7997</gpoId>
          <bioguideId>L000263</bioguideId>
        </identifiers>
        <sponsorshipDate>2017-01-04</sponsorshipDate>
        <isOriginalCosponsor>True</isOriginalCosponsor>
        <state>MI</state>
        <lastName>LEVIN</lastName>
        <middleName>M.</middleName>
        <fullName>Rep. Levin, Sander M. [D-MI-9]</fullName>
        <bioguideId>L000263</bioguideId>
        <district>9</district>
        <sponsorshipWithdrawnDate />
        <party>D</party>
      </item>
      <item>
        <firstName>Karen</firstName>
        <identifiers>
          <gpoId>7838</gpoId>
          <bioguideId>B001270</bioguideId>
          <lisID>1996</lisID>
        </identifiers>
        <sponsorshipDate>2017-01-06</sponsorshipDate>
        <isOriginalCosponsor>False</isOriginalCosponsor>
        <state>CA</state>
        <lastName>Bass</lastName>
        <middleName />
        <fullName>Rep. Bass, Karen [D-CA-37]</fullName>
        <bioguideId>B001270</bioguideId>
        <district>37</district>
        <sponsorshipWithdrawnDate />
        <party>D</party>
      </item>
      <item>
        <firstName>Patrick</firstName>
        <identifiers>
          <lisID>2052</lisID>
          <gpoId>8125</gpoId>
          <bioguideId>M001181</bioguideId>
        </identifiers>
        <sponsorshipDate>2017-01-11</sponsorshipDate>
        <isOriginalCosponsor>False</isOriginalCosponsor>
        <state>PA</state>
        <lastName>Meehan</lastName>
        <middleName />
        <fullName>Rep. Meehan, Patrick [R-PA-7]</fullName>
        <bioguideId>M001181</bioguideId>
        <district>7</district>
        <sponsorshipWithdrawnDate />
        <party>R</party>
      </item>
      <item>
        <firstName>BOBBY</firstName>
        <identifiers>
          <bioguideId>R000515</bioguideId>
          <gpoId>7921</gpoId>
          <lisID>1003</lisID>
        </identifiers>
        <sponsorshipDate>2017-02-28</sponsorshipDate>
        <isOriginalCosponsor>False</isOriginalCosponsor>
        <state>IL</state>
        <lastName>RUSH</lastName>
        <middleName>L.</middleName>
        <fullName>Rep. Rush, Bobby L. [D-IL-1]</fullName>
        <bioguideId>R000515</bioguideId>
        <district>1</district>
        <sponsorshipWithdrawnDate />
        <party>D</party>
      </item>
      <item>
        <firstName>Darren</firstName>
        <identifiers>
          <lisID>2319</lisID>
          <gpoId />
          <bioguideId>S001200</bioguideId>
        </identifiers>
        <sponsorshipDate>2017-03-29</sponsorshipDate>
        <isOriginalCosponsor>False</isOriginalCosponsor>
        <state>FL</state>
        <lastName>Soto</lastName>
        <middleName />
        <fullName>Rep. Soto, Darren [D-FL-9]</fullName>
        <bioguideId>S001200</bioguideId>
        <district>9</district>
        <sponsorshipWithdrawnDate />
        <party>D</party>
      </item>
      <item>
        <firstName>Terri</firstName>
        <identifiers>
          <bioguideId>S001185</bioguideId>
          <gpoId>7792</gpoId>
          <lisID>1988</lisID>
        </identifiers>
        <sponsorshipDate>2017-04-03</sponsorshipDate>
        <isOriginalCosponsor>False</isOriginalCosponsor>
        <state>AL</state>
        <lastName>Sewell</lastName>
        <middleName>A.</middleName>
        <fullName>Rep. Sewell, Terri A. [D-AL-7]</fullName>
        <bioguideId>S001185</bioguideId>
        <district>7</district>
        <sponsorshipWithdrawnDate />
        <party>D</party>
      </item>
      <item>
        <firstName>Vicente</firstName>
        <identifiers>
          <gpoId />
          <bioguideId>G000581</bioguideId>
          <lisID>2349</lisID>
        </identifiers>
        <sponsorshipDate>2017-04-25</sponsorshipDate>
        <isOriginalCosponsor>False</isOriginalCosponsor>
        <state>TX</state>
        <lastName>Gonzalez</lastName>
        <middleName />
        <fullName>Rep. Gonzalez, Vicente [D-TX-15]</fullName>
        <bioguideId>G000581</bioguideId>
        <district>15</district>
        <sponsorshipWithdrawnDate />
        <party>D</party>
      </item>
      <item>
        <firstName>David</firstName>
        <identifiers>
          <bioguideId>C001084</bioguideId>
          <lisID>2055</lisID>
          <gpoId>8139</gpoId>
        </identifiers>
        <sponsorshipDate>2018-02-08</sponsorshipDate>
        <isOriginalCosponsor>False</isOriginalCosponsor>
        <state>RI</state>
        <lastName>Cicilline</lastName>
        <middleName>N.</middleName>
        <fullName>Rep. Cicilline, David N. [D-RI-1]</fullName>
        <bioguideId>C001084</bioguideId>
        <district>1</district>
        <sponsorshipWithdrawnDate />
        <party>D</party>
      </item>
    </cosponsors>
    <createDate>2017-01-05T04:47:32Z</createDate>
    <subjects>
      <billSubjects>
        <legislativeSubjects>
          <item>
            <name>Adoption and foster care</name>
          </item>
          <item>
            <name>Appropriations</name>
          </item>
          <item>
            <name>Child health</name>
          </item>
          <item>
            <name>Child safety and welfare</name>
          </item>
          <item>
            <name>Congressional oversight</name>
          </item>
          <item>
            <name>Drug trafficking and controlled substances</name>
          </item>
          <item>
            <name>Drug, alcohol, tobacco use</name>
          </item>
          <item>
            <name>Family relationships</name>
          </item>
          <item>
            <name>Family services</name>
          </item>
          <item>
            <name>Government information and archives</name>
          </item>
          <item>
            <name>Government studies and investigations</name>
          </item>
          <item>
            <name>Health programs administration and funding</name>
          </item>
          <item>
            <name>Health promotion and preventive care</name>
          </item>
          <item>
            <name>Intergovernmental relations</name>
          </item>
          <item>
            <name>Juvenile crime and gang violence</name>
          </item>
          <item>
            <name>Mental health</name>
          </item>
          <item>
            <name>Poverty and welfare assistance</name>
          </item>
          <item>
            <name>Social work, volunteer service, charitable organizations</name>
          </item>
          <item>
            <name>State and local government operations</name>
          </item>
        </legislativeSubjects>
        <policyArea>
          <name>Families</name>
        </policyArea>
      </billSubjects>
    </subjects>
    <amendments />
    <updateDate>2018-03-30T13:58:46Z</updateDate>
    <latestAction>
      <text>Referred to the Subcommittee on Human Resources.</text>
      <actionDate>2017-01-13</actionDate>
      <links />
    </latestAction>
    <sponsors>
      <item>
        <fullName>Rep. Buchanan, Vern [R-FL-16]</fullName>
        <middleName />
        <party>R</party>
        <identifiers>
          <lisID>1840</lisID>
          <gpoId>7885</gpoId>
          <bioguideId>B001260</bioguideId>
        </identifiers>
        <state>FL</state>
        <firstName>Vern</firstName>
        <lastName>Buchanan</lastName>
        <byRequestType />
        <bioguideId>B001260</bioguideId>
        <district>16</district>
      </item>
    </sponsors>
    <committeeReports />
    <recordedVotes />
    <originChamber>House</originChamber>
    <calendarNumbers />
    <congress>115</congress>
    <relatedBills>
      <item>
        <congress>115</congress>
        <number>1892</number>
        <relationshipDetails>
          <item>
            <type>Related bill</type>
            <identifiedBy>CRS</identifiedBy>
          </item>
        </relationshipDetails>
        <latestAction>
          <actionDate>2018-02-09</actionDate>
          <text>Became Public Law No: 115-123.</text>
        </latestAction>
        <type>HR</type>
        <latestTitle>Bipartisan Budget Act of 2018</latestTitle>
      </item>
      <item>
        <congress>115</congress>
        <number>2866</number>
        <relationshipDetails>
          <item>
            <type>Related bill</type>
            <identifiedBy>CRS</identifiedBy>
          </item>
        </relationshipDetails>
        <latestAction>
          <actionDate>2017-06-21</actionDate>
          <text>Received in the Senate and Read twice and referred to the Committee on Finance.</text>
        </latestAction>
        <type>HR</type>
        <latestTitle>Reducing Unnecessary Barriers for Relative Foster Parents Act</latestTitle>
      </item>
      <item>
        <congress>115</congress>
        <number>2742</number>
        <relationshipDetails>
          <item>
            <type>Related bill</type>
            <identifiedBy>CRS</identifiedBy>
          </item>
        </relationshipDetails>
        <latestAction>
          <actionDate>2017-06-21</actionDate>
          <text>Received in the Senate.</text>
        </latestAction>
        <type>HR</type>
        <latestTitle>Modernizing the Interstate Placement of Children in Foster Care Act</latestTitle>
      </item>
      <item>
        <congress>115</congress>
        <number>2847</number>
        <relationshipDetails>
          <item>
            <type>Related bill</type>
            <identifiedBy>CRS</identifiedBy>
          </item>
        </relationshipDetails>
        <latestAction>
          <actionDate>2017-06-21</actionDate>
          <text>Received in the Senate and Read twice and referred to the Committee on Finance.</text>
        </latestAction>
        <type>HR</type>
        <latestTitle>Improving Services for Older Youth in Foster Care Act</latestTitle>
      </item>
      <item>
        <congress>115</congress>
        <number>2834</number>
        <relationshipDetails>
          <item>
            <type>Related bill</type>
            <identifiedBy>CRS</identifiedBy>
          </item>
        </relationshipDetails>
        <latestAction>
          <actionDate>2017-06-21</actionDate>
          <text>Received in the Senate and Read twice and referred to the Committee on Finance.</text>
        </latestAction>
        <type>HR</type>
        <latestTitle>Partnership Grants to Strengthen Families Affected by Parental Substance Abuse Act</latestTitle>
      </item>
    </relatedBills>
    <version>1.0.0</version>
    <committees>
      <billCommittees>
        <item>
          <activities>
            <item>
              <name>Referred to</name>
              <date>2017-01-04T15:02:00Z</date>
            </item>
          </activities>
          <systemCode>hswm00</systemCode>
          <name>Ways and Means Committee</name>
          <subcommittees>
            <item>
              <name>Human Resources Subcommittee</name>
              <systemCode>hswm03</systemCode>
              <activities>
                <item>
                  <name>Referred to</name>
                  <date>2017-01-13T21:47:09Z</date>
                </item>
              </activities>
            </item>
          </subcommittees>
          <type>Standing</type>
          <chamber>House</chamber>
        </item>
      </billCommittees>
    </committees>
    <cboCostEstimates />
    <billType>HR</billType>
    <notes />
    <title>Family First Prevention Services Act of 2017</title>
    <laws />
    <billNumber>253</billNumber>
    <actions>
      <actionTypeCounts>
        <introducedInHouse>1</introducedInHouse>
        <introducedInTheHouse>1</introducedInTheHouse>
        <placeholderTextForH>1</placeholderTextForH>
        <billReferrals>1</billReferrals>
      </actionTypeCounts>
      <item>
        <actionDate>2017-01-13</actionDate>
        <committee>
          <systemCode>hswm03</systemCode>
          <name>Human Resources Subcommittee</name>
        </committee>
        <links />
        <sourceSystem>
          <code>1</code>
          <name>House committee actions</name>
        </sourceSystem>
        <text>Referred to the Subcommittee on Human Resources.</text>
        <type>Committee</type>
      </item>
      <item>
        <actionDate>2017-01-04</actionDate>
        <type>IntroReferral</type>
        <links />
        <text>Referred to the House Committee on Ways and Means.</text>
        <actionCode>H11100</actionCode>
        <sourceSystem>
          <code>2</code>
          <name>House floor actions</name>
        </sourceSystem>
        <committee>
          <systemCode>hswm00</systemCode>
          <name>Ways and Means Committee</name>
        </committee>
      </item>
      <item>
        <actionDate>2017-01-04</actionDate>
        <type>IntroReferral</type>
        <links />
        <text>Introduced in House</text>
        <actionCode>Intro-H</actionCode>
        <sourceSystem>
          <code>9</code>
          <name>Library of Congress</name>
        </sourceSystem>
        <committee />
      </item>
      <item>
        <actionDate>2017-01-04</actionDate>
        <type>IntroReferral</type>
        <links />
        <text>Introduced in House</text>
        <actionCode>1000</actionCode>
        <sourceSystem>
          <code>9</code>
          <name>Library of Congress</name>
        </sourceSystem>
        <committee />
      </item>
      <actionByCounts>
        <houseOfRepresentatives>4</houseOfRepresentatives>
      </actionByCounts>
    </actions>
    <titles>
      <item>
        <titleType>Short Titles as Introduced</titleType>
        <chamberCode />
        <chamberName />
        <parentTitleType />
        <title>Family First Prevention Services Act of 2017</title>
      </item>
      <item>
        <titleType>Official Title as Introduced</titleType>
        <chamberCode />
        <chamberName />
        <parentTitleType />
        <title>To amend parts B and E of title IV of the Social Security Act to invest in funding prevention and family services to help keep children safe and supported at home, to ensure that children in foster care are placed in the least restrictive, most family-like, and appropriate settings, and for other purposes.</title>
      </item>
      <item>
        <titleType>Display Title</titleType>
        <chamberCode />
        <chamberName />
        <parentTitleType />
        <title>Family First Prevention Services Act of 2017</title>
      </item>
      <item>
        <titleType>(Extracted from GPO) Short Titles as Introduced</titleType>
        <chamberCode />
        <chamberName />
        <parentTitleType />
        <title>Family First Prevention Services Act of 2017</title>
      </item>
    </titles>
    <summaries>
      <billSummaries>
        <item>
          <actionDesc>Introduced in House</actionDesc>
          <name>Introduced in House</name>
          <versionCode>00</versionCode>
          <actionDate>2017-01-04</actionDate>
          <text><![CDATA[<p><b>Family First Prevention Services Act of 2017</b></p> <p>This bill amends part E (Foster Care and Adoption Assistance) of title IV of the Social Security Act (SSAct) regarding, among other matters: (1) mental health and substance abuse prevention and treatment services and in-home parenting skill-based programs, (2) foster care maintenance payments for children with parents in a licensed residential family-based treatment facility for substance abuse, and (3) payments for evidence-based kinship navigator programs.</p> <p>Part B of title IV (Child and Family Services) of the SSAct is amended regarding, among other matters: (1) time limits for family reunification services for children in foster care or returning home, (2) grants for the development of an electronic interstate case-processing system to expedite the interstate placement of children in foster care or guardianship or for adoption, and (3) targeted grants to increase the well-being of children affected by substance abuse.</p> <p>The bill appropriates certain funding to Department of Health and Human Services for FY2018 for competitive grants to states, Indian tribes, or tribal consortia to support the recruitment and retention of high-quality foster families. </p> <p>The bill amends part B of title IV of the SSAct to reauthorize through FY2021: (1) the Stephanie Tubbs Jones Child Welfare Services Program, (2) promotion of safe and stable families program, (3) funding reservations for monthly caseworker visits and regional partnership grants, and (4) funding for state courts.</p> <p>Part E of title IV of the SSAct is amended to: (1) revise the John H. Chaffee Foster Care Independence Program and related provisions, and (2) reauthorize adoption and legal guardianship incentive programs through FY2021.</p> <p>The Government Accountability Office shall study the extent to which states comply with certain SSAct requirements relating to the effects of phasing out the Aid to Families with Dependent Children program income eligibility requirements for adoption assistance payments.</p>]]></text>
          <lastSummaryUpdateDate>2017-04-26T20:29:05Z</lastSummaryUpdateDate>
          <updateDate>2017-01-04T05:00:00Z</updateDate>
        </item>
      </billSummaries>
    </summaries>
    <introducedDate>2017-01-04</introducedDate>
    <policyArea>
      <name>Families</name>
    </policyArea>
    <constitutionalAuthorityStatementText><![CDATA[<pre>From the Congressional Record Online through the Government Publishing Office [<a href='http://www.gpo.gov'>www.gpo.gov</a>]By Mr. BUCHANAN:H.R. 253.Congress has the power to enact this legislation pursuantto the following:Article I, Section 8, Clause 1 of the United StatesConstitution, to ``provide for the common Defence and generalWelfare of the United States.''[Page H96]</pre>]]></constitutionalAuthorityStatementText>
  </bill>
  <dublinCore xmlns:dc="http://purl.org/dc/elements/1.1/">
    <dc:format>text/xml</dc:format>
    <dc:language>EN</dc:language>
    <dc:rights>Pursuant to Title 17 Section 105 of the United States Code, this file is not subject to copyright protection and is in the public domain.</dc:rights>
    <dc:contributor>Congressional Research Service, Library of Congress</dc:contributor>
    <dc:description>This file contains bill summaries and statuses for federal legislation. A bill summary describes the most significant provisions of a piece of legislation and details the effects the legislative text may have on current law and federal programs. Bill summaries are authored by the Congressional Research Service (CRS) of the Library of Congress. As stated in Public Law 91-510 (2 USC 166 (d)(6)), one of the duties of CRS is "to prepare summaries and digests of bills and resolutions of a public general nature introduced in the Senate or House of Representatives". For more information, refer to the User Guide that accompanies this file.</dc:description>
  </dublinCore>
</billStatus>

