<?xml version="1.0" encoding="UTF-8"?>
<billStatus>
  <bill>
    <cosponsors>
      <item>
        <state>IA</state>
        <lastName>King</lastName>
        <sponsorshipWithdrawnDate />
        <district>4</district>
        <middleName />
        <fullName>Rep. King, Steve [R-IA-4]</fullName>
        <bioguideId>K000362</bioguideId>
        <party>R</party>
        <identifiers>
          <bioguideId>K000362</bioguideId>
          <gpoId>7918</gpoId>
          <lisID>1724</lisID>
        </identifiers>
        <sponsorshipDate>2017-01-10</sponsorshipDate>
        <isOriginalCosponsor>False</isOriginalCosponsor>
        <firstName>Steve</firstName>
      </item>
      <item>
        <state>LA</state>
        <lastName>Abraham</lastName>
        <sponsorshipWithdrawnDate />
        <district>5</district>
        <middleName>Lee</middleName>
        <fullName>Rep. Abraham, Ralph Lee [R-LA-5]</fullName>
        <bioguideId>A000374</bioguideId>
        <party>R</party>
        <identifiers>
          <gpoId />
          <bioguideId>A000374</bioguideId>
          <lisID>2244</lisID>
        </identifiers>
        <sponsorshipDate>2017-01-10</sponsorshipDate>
        <isOriginalCosponsor>False</isOriginalCosponsor>
        <firstName>Ralph</firstName>
      </item>
      <item>
        <state>IN</state>
        <lastName>Messer</lastName>
        <sponsorshipWithdrawnDate />
        <district>6</district>
        <middleName />
        <fullName>Rep. Messer, Luke [R-IN-6]</fullName>
        <bioguideId>M001189</bioguideId>
        <party>R</party>
        <identifiers>
          <lisID>2130</lisID>
          <gpoId />
          <bioguideId>M001189</bioguideId>
        </identifiers>
        <sponsorshipDate>2017-01-10</sponsorshipDate>
        <isOriginalCosponsor>False</isOriginalCosponsor>
        <firstName>Luke</firstName>
      </item>
      <item>
        <state>NJ</state>
        <lastName>SMITH</lastName>
        <sponsorshipWithdrawnDate />
        <district>4</district>
        <middleName>H.</middleName>
        <fullName>Rep. Smith, Christopher H. [R-NJ-4]</fullName>
        <bioguideId>S000522</bioguideId>
        <party>R</party>
        <identifiers>
          <bioguideId>S000522</bioguideId>
          <lisID>1071</lisID>
          <gpoId>8046</gpoId>
        </identifiers>
        <sponsorshipDate>2017-01-10</sponsorshipDate>
        <isOriginalCosponsor>False</isOriginalCosponsor>
        <firstName>CHRISTOPHER</firstName>
      </item>
      <item>
        <state>TX</state>
        <lastName>Farenthold</lastName>
        <sponsorshipWithdrawnDate />
        <district>27</district>
        <middleName />
        <fullName>Rep. Farenthold, Blake [R-TX-27]</fullName>
        <bioguideId>F000460</bioguideId>
        <party>R</party>
        <identifiers>
          <gpoId>8183</gpoId>
          <bioguideId>F000460</bioguideId>
          <lisID>2067</lisID>
        </identifiers>
        <sponsorshipDate>2017-01-10</sponsorshipDate>
        <isOriginalCosponsor>False</isOriginalCosponsor>
        <firstName>Blake</firstName>
      </item>
      <item>
        <state>AL</state>
        <lastName>Palmer</lastName>
        <sponsorshipWithdrawnDate />
        <district>6</district>
        <middleName>J.</middleName>
        <fullName>Rep. Palmer, Gary J. [R-AL-6]</fullName>
        <bioguideId>P000609</bioguideId>
        <party>R</party>
        <identifiers>
          <gpoId />
          <bioguideId>P000609</bioguideId>
          <lisID>2221</lisID>
        </identifiers>
        <sponsorshipDate>2017-01-10</sponsorshipDate>
        <isOriginalCosponsor>False</isOriginalCosponsor>
        <firstName>Gary</firstName>
      </item>
      <item>
        <state>OK</state>
        <lastName>Mullin</lastName>
        <sponsorshipWithdrawnDate />
        <district>2</district>
        <middleName />
        <fullName>Rep. Mullin, Markwayne [R-OK-2]</fullName>
        <bioguideId>M001190</bioguideId>
        <party>R</party>
        <identifiers>
          <lisID>2156</lisID>
          <gpoId />
          <bioguideId>M001190</bioguideId>
        </identifiers>
        <sponsorshipDate>2017-01-10</sponsorshipDate>
        <isOriginalCosponsor>False</isOriginalCosponsor>
        <firstName>Markwayne</firstName>
      </item>
      <item>
        <state>PA</state>
        <lastName>Rothfus</lastName>
        <sponsorshipWithdrawnDate />
        <district>12</district>
        <middleName>J.</middleName>
        <fullName>Rep. Rothfus, Keith J. [R-PA-12]</fullName>
        <bioguideId>R000598</bioguideId>
        <party>R</party>
        <identifiers>
          <gpoId />
          <bioguideId>R000598</bioguideId>
          <lisID>2158</lisID>
        </identifiers>
        <sponsorshipDate>2017-01-10</sponsorshipDate>
        <isOriginalCosponsor>False</isOriginalCosponsor>
        <firstName>Keith</firstName>
      </item>
      <item>
        <state>PA</state>
        <lastName>Kelly</lastName>
        <sponsorshipWithdrawnDate />
        <district>3</district>
        <middleName />
        <fullName>Rep. Kelly, Mike [R-PA-3]</fullName>
        <bioguideId>K000376</bioguideId>
        <party>R</party>
        <identifiers>
          <lisID>2051</lisID>
          <gpoId>8708</gpoId>
          <bioguideId>K000376</bioguideId>
        </identifiers>
        <sponsorshipDate>2017-01-10</sponsorshipDate>
        <isOriginalCosponsor>False</isOriginalCosponsor>
        <firstName>Mike</firstName>
      </item>
      <item>
        <state>OH</state>
        <lastName>Johnson</lastName>
        <sponsorshipWithdrawnDate />
        <district>6</district>
        <middleName />
        <fullName>Rep. Johnson, Bill [R-OH-6]</fullName>
        <bioguideId>J000292</bioguideId>
        <party>R</party>
        <identifiers>
          <gpoId>8096</gpoId>
          <lisID>2046</lisID>
          <bioguideId>J000292</bioguideId>
        </identifiers>
        <sponsorshipDate>2017-01-10</sponsorshipDate>
        <isOriginalCosponsor>False</isOriginalCosponsor>
        <firstName>Bill</firstName>
      </item>
      <item>
        <state>MO</state>
        <lastName>GRAVES</lastName>
        <sponsorshipWithdrawnDate />
        <district>6</district>
        <middleName />
        <fullName>Rep. Graves, Sam [R-MO-6]</fullName>
        <bioguideId>G000546</bioguideId>
        <party>R</party>
        <identifiers>
          <lisID>1656</lisID>
          <gpoId>8014</gpoId>
          <bioguideId>G000546</bioguideId>
        </identifiers>
        <sponsorshipDate>2017-01-10</sponsorshipDate>
        <isOriginalCosponsor>False</isOriginalCosponsor>
        <firstName>SAM</firstName>
      </item>
      <item>
        <state>MI</state>
        <lastName>Huizenga</lastName>
        <sponsorshipWithdrawnDate />
        <district>2</district>
        <middleName />
        <fullName>Rep. Huizenga, Bill [R-MI-2]</fullName>
        <bioguideId>H001058</bioguideId>
        <party>R</party>
        <identifiers>
          <lisID>2028</lisID>
          <gpoId>7987</gpoId>
          <bioguideId>H001058</bioguideId>
        </identifiers>
        <sponsorshipDate>2017-01-10</sponsorshipDate>
        <isOriginalCosponsor>False</isOriginalCosponsor>
        <firstName>Bill</firstName>
      </item>
      <item>
        <state>MS</state>
        <lastName>Kelly</lastName>
        <sponsorshipWithdrawnDate />
        <district>1</district>
        <middleName />
        <fullName>Rep. Kelly, Trent [R-MS-1]</fullName>
        <bioguideId>K000388</bioguideId>
        <party>R</party>
        <identifiers>
          <bioguideId>K000388</bioguideId>
          <gpoId />
          <lisID>2294</lisID>
        </identifiers>
        <sponsorshipDate>2017-01-10</sponsorshipDate>
        <isOriginalCosponsor>False</isOriginalCosponsor>
        <firstName>Trent</firstName>
      </item>
      <item>
        <state>TX</state>
        <lastName>Marchant</lastName>
        <sponsorshipWithdrawnDate />
        <district>24</district>
        <middleName />
        <fullName>Rep. Marchant, Kenny [R-TX-24]</fullName>
        <bioguideId>M001158</bioguideId>
        <party>R</party>
        <identifiers>
          <lisID>1806</lisID>
          <gpoId>8766</gpoId>
          <bioguideId>M001158</bioguideId>
        </identifiers>
        <sponsorshipDate>2017-01-10</sponsorshipDate>
        <isOriginalCosponsor>False</isOriginalCosponsor>
        <firstName>Kenny</firstName>
      </item>
      <item>
        <state>TX</state>
        <lastName>Olson</lastName>
        <sponsorshipWithdrawnDate />
        <district>22</district>
        <middleName />
        <fullName>Rep. Olson, Pete [R-TX-22]</fullName>
        <bioguideId>O000168</bioguideId>
        <party>R</party>
        <identifiers>
          <lisID>1955</lisID>
          <gpoId>8178</gpoId>
          <bioguideId>O000168</bioguideId>
        </identifiers>
        <sponsorshipDate>2017-01-10</sponsorshipDate>
        <isOriginalCosponsor>False</isOriginalCosponsor>
        <firstName>Pete</firstName>
      </item>
      <item>
        <state>OH</state>
        <lastName>Latta</lastName>
        <sponsorshipWithdrawnDate />
        <district>5</district>
        <middleName>E.</middleName>
        <fullName>Rep. Latta, Robert E. [R-OH-5]</fullName>
        <bioguideId>L000566</bioguideId>
        <party>R</party>
        <identifiers>
          <lisID>1885</lisID>
          <gpoId>8095</gpoId>
          <bioguideId>L000566</bioguideId>
        </identifiers>
        <sponsorshipDate>2017-01-10</sponsorshipDate>
        <isOriginalCosponsor>False</isOriginalCosponsor>
        <firstName>Robert</firstName>
      </item>
      <item>
        <state>NC</state>
        <lastName>JONES</lastName>
        <sponsorshipWithdrawnDate />
        <district>3</district>
        <middleName>B.</middleName>
        <fullName>Rep. Jones, Walter B., Jr. [R-NC-3]</fullName>
        <bioguideId>J000255</bioguideId>
        <party>R</party>
        <identifiers>
          <gpoId>8026</gpoId>
          <lisID>612</lisID>
          <bioguideId>J000255</bioguideId>
        </identifiers>
        <sponsorshipDate>2017-01-10</sponsorshipDate>
        <isOriginalCosponsor>False</isOriginalCosponsor>
        <firstName>WALTER</firstName>
      </item>
      <item>
        <state>IL</state>
        <lastName>Roskam</lastName>
        <sponsorshipWithdrawnDate />
        <district>6</district>
        <middleName>J.</middleName>
        <fullName>Rep. Roskam, Peter J. [R-IL-6]</fullName>
        <bioguideId>R000580</bioguideId>
        <party>R</party>
        <identifiers>
          <lisID>1848</lisID>
          <gpoId>7926</gpoId>
          <bioguideId>R000580</bioguideId>
        </identifiers>
        <sponsorshipDate>2017-01-10</sponsorshipDate>
        <isOriginalCosponsor>False</isOriginalCosponsor>
        <firstName>Peter</firstName>
      </item>
      <item>
        <state>SC</state>
        <lastName>Duncan</lastName>
        <sponsorshipWithdrawnDate />
        <district>3</district>
        <middleName />
        <fullName>Rep. Duncan, Jeff [R-SC-3]</fullName>
        <bioguideId>D000615</bioguideId>
        <party>R</party>
        <identifiers>
          <lisID>2057</lisID>
          <gpoId>8143</gpoId>
          <bioguideId>D000615</bioguideId>
        </identifiers>
        <sponsorshipDate>2017-01-10</sponsorshipDate>
        <isOriginalCosponsor>False</isOriginalCosponsor>
        <firstName>Jeff</firstName>
      </item>
      <item>
        <state>WI</state>
        <lastName>Grothman</lastName>
        <sponsorshipWithdrawnDate />
        <district>6</district>
        <middleName />
        <fullName>Rep. Grothman, Glenn [R-WI-6]</fullName>
        <bioguideId>G000576</bioguideId>
        <party>R</party>
        <identifiers>
          <lisID>2276</lisID>
          <gpoId />
          <bioguideId>G000576</bioguideId>
        </identifiers>
        <sponsorshipDate>2017-01-10</sponsorshipDate>
        <isOriginalCosponsor>False</isOriginalCosponsor>
        <firstName>Glenn</firstName>
      </item>
      <item>
        <state>FL</state>
        <lastName>Bilirakis</lastName>
        <sponsorshipWithdrawnDate />
        <district>12</district>
        <middleName>M.</middleName>
        <fullName>Rep. Bilirakis, Gus M. [R-FL-12]</fullName>
        <bioguideId>B001257</bioguideId>
        <party>R</party>
        <identifiers>
          <lisID>1838</lisID>
          <gpoId>7881</gpoId>
          <bioguideId>B001257</bioguideId>
        </identifiers>
        <sponsorshipDate>2017-01-10</sponsorshipDate>
        <isOriginalCosponsor>False</isOriginalCosponsor>
        <firstName>Gus</firstName>
      </item>
      <item>
        <state>AL</state>
        <lastName>ADERHOLT</lastName>
        <sponsorshipWithdrawnDate />
        <district>4</district>
        <middleName>B.</middleName>
        <fullName>Rep. Aderholt, Robert B. [R-AL-4]</fullName>
        <bioguideId>A000055</bioguideId>
        <party>R</party>
        <identifiers>
          <gpoId>7789</gpoId>
          <bioguideId>A000055</bioguideId>
          <lisID>1460</lisID>
        </identifiers>
        <sponsorshipDate>2017-01-10</sponsorshipDate>
        <isOriginalCosponsor>False</isOriginalCosponsor>
        <firstName>ROBERT</firstName>
      </item>
      <item>
        <state>WI</state>
        <lastName>Duffy</lastName>
        <sponsorshipWithdrawnDate />
        <district>7</district>
        <middleName>P.</middleName>
        <fullName>Rep. Duffy, Sean P. [R-WI-7]</fullName>
        <bioguideId>D000614</bioguideId>
        <party>R</party>
        <identifiers>
          <bioguideId>D000614</bioguideId>
          <lisID>2072</lisID>
          <gpoId>8220</gpoId>
        </identifiers>
        <sponsorshipDate>2017-01-10</sponsorshipDate>
        <isOriginalCosponsor>False</isOriginalCosponsor>
        <firstName>Sean</firstName>
      </item>
      <item>
        <state>AZ</state>
        <lastName>Gosar</lastName>
        <sponsorshipWithdrawnDate />
        <district>4</district>
        <middleName>A.</middleName>
        <fullName>Rep. Gosar, Paul A. [R-AZ-4]</fullName>
        <bioguideId>G000565</bioguideId>
        <party>R</party>
        <identifiers>
          <lisID>1992</lisID>
          <gpoId>7798</gpoId>
          <bioguideId>G000565</bioguideId>
        </identifiers>
        <sponsorshipDate>2017-01-10</sponsorshipDate>
        <isOriginalCosponsor>False</isOriginalCosponsor>
        <firstName>Paul</firstName>
      </item>
      <item>
        <state>NC</state>
        <lastName>Rouzer</lastName>
        <sponsorshipWithdrawnDate />
        <district>7</district>
        <middleName />
        <fullName>Rep. Rouzer, David [R-NC-7]</fullName>
        <bioguideId>R000603</bioguideId>
        <party>R</party>
        <identifiers>
          <lisID>2256</lisID>
          <gpoId />
          <bioguideId>R000603</bioguideId>
        </identifiers>
        <sponsorshipDate>2017-01-10</sponsorshipDate>
        <isOriginalCosponsor>False</isOriginalCosponsor>
        <firstName>David</firstName>
      </item>
      <item>
        <state>TN</state>
        <lastName>Blackburn</lastName>
        <sponsorshipWithdrawnDate />
        <district>7</district>
        <middleName />
        <fullName>Rep. Blackburn, Marsha [R-TN-7]</fullName>
        <bioguideId>B001243</bioguideId>
        <party>R</party>
        <identifiers>
          <bioguideId>B001243</bioguideId>
          <gpoId>8154</gpoId>
          <lisID>1748</lisID>
        </identifiers>
        <sponsorshipDate>2017-01-10</sponsorshipDate>
        <isOriginalCosponsor>False</isOriginalCosponsor>
        <firstName>Marsha</firstName>
      </item>
      <item>
        <state>TN</state>
        <lastName>Black</lastName>
        <sponsorshipWithdrawnDate />
        <district>6</district>
        <middleName />
        <fullName>Rep. Black, Diane [R-TN-6]</fullName>
        <bioguideId>B001273</bioguideId>
        <party>R</party>
        <identifiers>
          <lisID>2063</lisID>
          <gpoId>8153</gpoId>
          <bioguideId>B001273</bioguideId>
        </identifiers>
        <sponsorshipDate>2017-01-10</sponsorshipDate>
        <isOriginalCosponsor>False</isOriginalCosponsor>
        <firstName>Diane</firstName>
      </item>
      <item>
        <state>TX</state>
        <lastName>Gohmert</lastName>
        <sponsorshipWithdrawnDate />
        <district>1</district>
        <middleName />
        <fullName>Rep. Gohmert, Louie [R-TX-1]</fullName>
        <bioguideId>G000552</bioguideId>
        <party>R</party>
        <identifiers>
          <bioguideId>G000552</bioguideId>
          <lisID>1801</lisID>
          <gpoId>8157</gpoId>
        </identifiers>
        <sponsorshipDate>2017-01-10</sponsorshipDate>
        <isOriginalCosponsor>False</isOriginalCosponsor>
        <firstName>Louie</firstName>
      </item>
      <item>
        <state>MO</state>
        <lastName>Wagner</lastName>
        <sponsorshipWithdrawnDate />
        <district>2</district>
        <middleName />
        <fullName>Rep. Wagner, Ann [R-MO-2]</fullName>
        <bioguideId>W000812</bioguideId>
        <party>R</party>
        <identifiers>
          <bioguideId>W000812</bioguideId>
          <gpoId />
          <lisID>2137</lisID>
        </identifiers>
        <sponsorshipDate>2017-01-10</sponsorshipDate>
        <isOriginalCosponsor>False</isOriginalCosponsor>
        <firstName>Ann</firstName>
      </item>
      <item>
        <state>OH</state>
        <lastName>Gibbs</lastName>
        <sponsorshipWithdrawnDate />
        <district>7</district>
        <middleName />
        <fullName>Rep. Gibbs, Bob [R-OH-7]</fullName>
        <bioguideId>G000563</bioguideId>
        <party>R</party>
        <identifiers>
          <gpoId>8108</gpoId>
          <lisID>2049</lisID>
          <bioguideId>G000563</bioguideId>
        </identifiers>
        <sponsorshipDate>2017-01-10</sponsorshipDate>
        <isOriginalCosponsor>False</isOriginalCosponsor>
        <firstName>Bob</firstName>
      </item>
      <item>
        <state>IN</state>
        <lastName>Banks</lastName>
        <sponsorshipWithdrawnDate />
        <district>3</district>
        <middleName />
        <fullName>Rep. Banks, Jim [R-IN-3]</fullName>
        <bioguideId>B001299</bioguideId>
        <party>R</party>
        <identifiers>
          <bioguideId>B001299</bioguideId>
          <lisID>2326</lisID>
          <gpoId />
        </identifiers>
        <sponsorshipDate>2017-01-10</sponsorshipDate>
        <isOriginalCosponsor>False</isOriginalCosponsor>
        <firstName>Jim</firstName>
      </item>
      <item>
        <state>AL</state>
        <lastName>Byrne</lastName>
        <sponsorshipWithdrawnDate />
        <district>1</district>
        <middleName />
        <fullName>Rep. Byrne, Bradley [R-AL-1]</fullName>
        <bioguideId>B001289</bioguideId>
        <party>R</party>
        <identifiers>
          <lisID>2197</lisID>
          <gpoId />
          <bioguideId>B001289</bioguideId>
        </identifiers>
        <sponsorshipDate>2017-01-10</sponsorshipDate>
        <isOriginalCosponsor>False</isOriginalCosponsor>
        <firstName>Bradley</firstName>
      </item>
      <item>
        <state>MI</state>
        <lastName>Moolenaar</lastName>
        <sponsorshipWithdrawnDate />
        <district>4</district>
        <middleName>R.</middleName>
        <fullName>Rep. Moolenaar, John R. [R-MI-4]</fullName>
        <bioguideId>M001194</bioguideId>
        <party>R</party>
        <identifiers>
          <bioguideId>M001194</bioguideId>
          <gpoId />
          <lisID>2248</lisID>
        </identifiers>
        <sponsorshipDate>2017-01-10</sponsorshipDate>
        <isOriginalCosponsor>False</isOriginalCosponsor>
        <firstName>John</firstName>
      </item>
      <item>
        <state>MO</state>
        <lastName>Smith</lastName>
        <sponsorshipWithdrawnDate />
        <district>8</district>
        <middleName />
        <fullName>Rep. Smith, Jason [R-MO-8]</fullName>
        <bioguideId>S001195</bioguideId>
        <party>R</party>
        <identifiers>
          <bioguideId>S001195</bioguideId>
          <lisID>2191</lisID>
          <gpoId />
        </identifiers>
        <sponsorshipDate>2017-01-10</sponsorshipDate>
        <isOriginalCosponsor>False</isOriginalCosponsor>
        <firstName>Jason</firstName>
      </item>
      <item>
        <state>OH</state>
        <lastName>TIBERI</lastName>
        <sponsorshipWithdrawnDate />
        <district>12</district>
        <middleName>J.</middleName>
        <fullName>Rep. Tiberi, Patrick J. [R-OH-12]</fullName>
        <bioguideId>T000462</bioguideId>
        <party>R</party>
        <identifiers>
          <bioguideId>T000462</bioguideId>
          <lisID>1664</lisID>
          <gpoId>8102</gpoId>
        </identifiers>
        <sponsorshipDate>2017-01-10</sponsorshipDate>
        <isOriginalCosponsor>False</isOriginalCosponsor>
        <firstName>PATRICK</firstName>
      </item>
      <item>
        <state>TX</state>
        <lastName>Flores</lastName>
        <sponsorshipWithdrawnDate />
        <district>17</district>
        <middleName />
        <fullName>Rep. Flores, Bill [R-TX-17]</fullName>
        <bioguideId>F000461</bioguideId>
        <party>R</party>
        <identifiers>
          <bioguideId>F000461</bioguideId>
          <gpoId>8173</gpoId>
          <lisID>2065</lisID>
        </identifiers>
        <sponsorshipDate>2017-01-10</sponsorshipDate>
        <isOriginalCosponsor>False</isOriginalCosponsor>
        <firstName>Bill</firstName>
      </item>
      <item>
        <state>MI</state>
        <lastName>Walberg</lastName>
        <sponsorshipWithdrawnDate />
        <district>7</district>
        <middleName />
        <fullName>Rep. Walberg, Tim [R-MI-7]</fullName>
        <bioguideId>W000798</bioguideId>
        <party>R</party>
        <identifiers>
          <lisID>1855</lisID>
          <gpoId>7992</gpoId>
          <bioguideId>W000798</bioguideId>
        </identifiers>
        <sponsorshipDate>2017-01-10</sponsorshipDate>
        <isOriginalCosponsor>False</isOriginalCosponsor>
        <firstName>Tim</firstName>
      </item>
      <item>
        <state>GA</state>
        <lastName>Hice</lastName>
        <sponsorshipWithdrawnDate />
        <district>10</district>
        <middleName>B.</middleName>
        <fullName>Rep. Hice, Jody B. [R-GA-10]</fullName>
        <bioguideId>H001071</bioguideId>
        <party>R</party>
        <identifiers>
          <lisID>2237</lisID>
          <gpoId />
          <bioguideId>H001071</bioguideId>
        </identifiers>
        <sponsorshipDate>2017-01-10</sponsorshipDate>
        <isOriginalCosponsor>False</isOriginalCosponsor>
        <firstName>Jody</firstName>
      </item>
      <item>
        <state>WV</state>
        <lastName>Mooney</lastName>
        <sponsorshipWithdrawnDate />
        <district>2</district>
        <middleName>X.</middleName>
        <fullName>Rep. Mooney, Alexander X. [R-WV-2]</fullName>
        <bioguideId>M001195</bioguideId>
        <party>R</party>
        <identifiers>
          <lisID>2277</lisID>
          <gpoId />
          <bioguideId>M001195</bioguideId>
        </identifiers>
        <sponsorshipDate>2017-01-10</sponsorshipDate>
        <isOriginalCosponsor>False</isOriginalCosponsor>
        <firstName>Alexander</firstName>
      </item>
      <item>
        <state>MO</state>
        <lastName>Luetkemeyer</lastName>
        <sponsorshipWithdrawnDate />
        <district>3</district>
        <middleName />
        <fullName>Rep. Luetkemeyer, Blaine [R-MO-3]</fullName>
        <bioguideId>L000569</bioguideId>
        <party>R</party>
        <identifiers>
          <bioguideId>L000569</bioguideId>
          <gpoId>8017</gpoId>
          <lisID>1931</lisID>
        </identifiers>
        <sponsorshipDate>2017-01-10</sponsorshipDate>
        <isOriginalCosponsor>False</isOriginalCosponsor>
        <firstName>Blaine</firstName>
      </item>
      <item>
        <state>IN</state>
        <lastName>Rokita</lastName>
        <sponsorshipWithdrawnDate />
        <district>4</district>
        <middleName />
        <fullName>Rep. Rokita, Todd [R-IN-4]</fullName>
        <bioguideId>R000592</bioguideId>
        <party>R</party>
        <identifiers>
          <lisID>2017</lisID>
          <gpoId>7943</gpoId>
          <bioguideId>R000592</bioguideId>
        </identifiers>
        <sponsorshipDate>2017-01-13</sponsorshipDate>
        <isOriginalCosponsor>False</isOriginalCosponsor>
        <firstName>Todd</firstName>
      </item>
      <item>
        <state>ND</state>
        <lastName>Cramer</lastName>
        <sponsorshipWithdrawnDate />
        <district>0</district>
        <middleName />
        <fullName>Rep. Cramer, Kevin [R-ND-At Large]</fullName>
        <bioguideId>C001096</bioguideId>
        <party>R</party>
        <identifiers>
          <bioguideId>C001096</bioguideId>
          <gpoId />
          <lisID>2144</lisID>
        </identifiers>
        <sponsorshipDate>2017-01-13</sponsorshipDate>
        <isOriginalCosponsor>False</isOriginalCosponsor>
        <firstName>Kevin</firstName>
      </item>
      <item>
        <state>GA</state>
        <lastName>Collins</lastName>
        <sponsorshipWithdrawnDate />
        <district>9</district>
        <middleName />
        <fullName>Rep. Collins, Doug [R-GA-9]</fullName>
        <bioguideId>C001093</bioguideId>
        <party>R</party>
        <identifiers>
          <bioguideId>C001093</bioguideId>
          <gpoId />
          <lisID>2121</lisID>
        </identifiers>
        <sponsorshipDate>2017-01-13</sponsorshipDate>
        <isOriginalCosponsor>False</isOriginalCosponsor>
        <firstName>Doug</firstName>
      </item>
      <item>
        <state>TX</state>
        <lastName>JOHNSON</lastName>
        <sponsorshipWithdrawnDate />
        <district>3</district>
        <middleName />
        <fullName>Rep. Johnson, Sam [R-TX-3]</fullName>
        <bioguideId>J000174</bioguideId>
        <party>R</party>
        <identifiers>
          <gpoId>8159</gpoId>
          <bioguideId>J000174</bioguideId>
          <lisID>603</lisID>
        </identifiers>
        <sponsorshipDate>2017-01-13</sponsorshipDate>
        <isOriginalCosponsor>False</isOriginalCosponsor>
        <firstName>SAM</firstName>
      </item>
      <item>
        <state>UT</state>
        <lastName>Stewart</lastName>
        <sponsorshipWithdrawnDate />
        <district>2</district>
        <middleName />
        <fullName>Rep. Stewart, Chris [R-UT-2]</fullName>
        <bioguideId>S001192</bioguideId>
        <party>R</party>
        <identifiers>
          <gpoId />
          <bioguideId>S001192</bioguideId>
          <lisID>2168</lisID>
        </identifiers>
        <sponsorshipDate>2017-01-13</sponsorshipDate>
        <isOriginalCosponsor>False</isOriginalCosponsor>
        <firstName>Chris</firstName>
      </item>
      <item>
        <state>MN</state>
        <lastName>Emmer</lastName>
        <sponsorshipWithdrawnDate />
        <district>6</district>
        <middleName />
        <fullName>Rep. Emmer, Tom [R-MN-6]</fullName>
        <bioguideId>E000294</bioguideId>
        <party>R</party>
        <identifiers>
          <lisID>2253</lisID>
          <gpoId />
          <bioguideId>E000294</bioguideId>
        </identifiers>
        <sponsorshipDate>2017-01-13</sponsorshipDate>
        <isOriginalCosponsor>False</isOriginalCosponsor>
        <firstName>Tom</firstName>
      </item>
      <item>
        <state>KS</state>
        <lastName>Yoder</lastName>
        <sponsorshipWithdrawnDate />
        <district>3</district>
        <middleName />
        <fullName>Rep. Yoder, Kevin [R-KS-3]</fullName>
        <bioguideId>Y000063</bioguideId>
        <party>R</party>
        <identifiers>
          <bioguideId>Y000063</bioguideId>
          <lisID>2021</lisID>
          <gpoId>7951</gpoId>
        </identifiers>
        <sponsorshipDate>2017-01-13</sponsorshipDate>
        <isOriginalCosponsor>False</isOriginalCosponsor>
        <firstName>Kevin</firstName>
      </item>
      <item>
        <state>SC</state>
        <lastName>Wilson</lastName>
        <sponsorshipWithdrawnDate />
        <district>2</district>
        <middleName />
        <fullName>Rep. Wilson, Joe [R-SC-2]</fullName>
        <bioguideId>W000795</bioguideId>
        <party>R</party>
        <identifiers>
          <gpoId>8142</gpoId>
          <lisID>1688</lisID>
          <bioguideId>W000795</bioguideId>
        </identifiers>
        <sponsorshipDate>2017-01-13</sponsorshipDate>
        <isOriginalCosponsor>False</isOriginalCosponsor>
        <firstName>Joe</firstName>
      </item>
      <item>
        <state>TX</state>
        <lastName>Babin</lastName>
        <sponsorshipWithdrawnDate />
        <district>36</district>
        <middleName />
        <fullName>Rep. Babin, Brian [R-TX-36]</fullName>
        <bioguideId>B001291</bioguideId>
        <party>R</party>
        <identifiers>
          <lisID>2270</lisID>
          <gpoId />
          <bioguideId>B001291</bioguideId>
        </identifiers>
        <sponsorshipDate>2017-01-13</sponsorshipDate>
        <isOriginalCosponsor>False</isOriginalCosponsor>
        <firstName>Brian</firstName>
      </item>
      <item>
        <state>CO</state>
        <lastName>Lamborn</lastName>
        <sponsorshipWithdrawnDate />
        <district>5</district>
        <middleName />
        <fullName>Rep. Lamborn, Doug [R-CO-5]</fullName>
        <bioguideId>L000564</bioguideId>
        <party>R</party>
        <identifiers>
          <lisID>1834</lisID>
          <gpoId>7863</gpoId>
          <bioguideId>L000564</bioguideId>
        </identifiers>
        <sponsorshipDate>2017-01-13</sponsorshipDate>
        <isOriginalCosponsor>False</isOriginalCosponsor>
        <firstName>Doug</firstName>
      </item>
      <item>
        <state>OK</state>
        <lastName>Bridenstine</lastName>
        <sponsorshipWithdrawnDate />
        <district>1</district>
        <middleName />
        <fullName>Rep. Bridenstine, Jim [R-OK-1]</fullName>
        <bioguideId>B001283</bioguideId>
        <party>R</party>
        <identifiers>
          <lisID>2155</lisID>
          <gpoId />
          <bioguideId>B001283</bioguideId>
        </identifiers>
        <sponsorshipDate>2017-01-13</sponsorshipDate>
        <isOriginalCosponsor>False</isOriginalCosponsor>
        <firstName>Jim</firstName>
      </item>
      <item>
        <state>MS</state>
        <lastName>Palazzo</lastName>
        <sponsorshipWithdrawnDate />
        <district>4</district>
        <middleName>M.</middleName>
        <fullName>Rep. Palazzo, Steven M. [R-MS-4]</fullName>
        <bioguideId>P000601</bioguideId>
        <party>R</party>
        <identifiers>
          <lisID>2035</lisID>
          <gpoId>8022</gpoId>
          <bioguideId>P000601</bioguideId>
        </identifiers>
        <sponsorshipDate>2017-01-13</sponsorshipDate>
        <isOriginalCosponsor>False</isOriginalCosponsor>
        <firstName>Steven</firstName>
      </item>
      <item>
        <state>FL</state>
        <lastName>Yoho</lastName>
        <sponsorshipWithdrawnDate />
        <district>3</district>
        <middleName>S.</middleName>
        <fullName>Rep. Yoho, Ted S. [R-FL-3]</fullName>
        <bioguideId>Y000065</bioguideId>
        <party>R</party>
        <identifiers>
          <gpoId />
          <lisID>2115</lisID>
          <bioguideId>Y000065</bioguideId>
        </identifiers>
        <sponsorshipDate>2017-01-24</sponsorshipDate>
        <isOriginalCosponsor>False</isOriginalCosponsor>
        <firstName>Ted</firstName>
      </item>
      <item>
        <state>OH</state>
        <lastName>Jordan</lastName>
        <sponsorshipWithdrawnDate />
        <district>4</district>
        <middleName />
        <fullName>Rep. Jordan, Jim [R-OH-4]</fullName>
        <bioguideId>J000289</bioguideId>
        <party>R</party>
        <identifiers>
          <lisID>1868</lisID>
          <gpoId>8094</gpoId>
          <bioguideId>J000289</bioguideId>
        </identifiers>
        <sponsorshipDate>2017-01-24</sponsorshipDate>
        <isOriginalCosponsor>False</isOriginalCosponsor>
        <firstName>Jim</firstName>
      </item>
      <item>
        <state>TX</state>
        <lastName>BRADY</lastName>
        <sponsorshipWithdrawnDate />
        <district>8</district>
        <middleName />
        <fullName>Rep. Brady, Kevin [R-TX-8]</fullName>
        <bioguideId>B000755</bioguideId>
        <party>R</party>
        <identifiers>
          <bioguideId>B000755</bioguideId>
          <gpoId>8164</gpoId>
          <lisID>1468</lisID>
        </identifiers>
        <sponsorshipDate>2017-01-24</sponsorshipDate>
        <isOriginalCosponsor>False</isOriginalCosponsor>
        <firstName>KEVIN</firstName>
      </item>
      <item>
        <state>MI</state>
        <lastName>Mitchell</lastName>
        <sponsorshipWithdrawnDate />
        <district>10</district>
        <middleName />
        <fullName>Rep. Mitchell, Paul [R-MI-10]</fullName>
        <bioguideId>M001201</bioguideId>
        <party>R</party>
        <identifiers>
          <lisID>2334</lisID>
          <gpoId />
          <bioguideId>M001201</bioguideId>
        </identifiers>
        <sponsorshipDate>2017-02-07</sponsorshipDate>
        <isOriginalCosponsor>False</isOriginalCosponsor>
        <firstName>Paul</firstName>
      </item>
      <item>
        <state>NY</state>
        <lastName>Collins</lastName>
        <sponsorshipWithdrawnDate />
        <district>27</district>
        <middleName />
        <fullName>Rep. Collins, Chris [R-NY-27]</fullName>
        <bioguideId>C001092</bioguideId>
        <party>R</party>
        <identifiers>
          <lisID>2151</lisID>
          <gpoId />
          <bioguideId>C001092</bioguideId>
        </identifiers>
        <sponsorshipDate>2017-02-07</sponsorshipDate>
        <isOriginalCosponsor>False</isOriginalCosponsor>
        <firstName>Chris</firstName>
      </item>
      <item>
        <state>TX</state>
        <lastName>Conaway</lastName>
        <sponsorshipWithdrawnDate />
        <district>11</district>
        <middleName>Michael</middleName>
        <fullName>Rep. Conaway, K. Michael [R-TX-11]</fullName>
        <bioguideId>C001062</bioguideId>
        <party>R</party>
        <identifiers>
          <bioguideId>C001062</bioguideId>
          <lisID>1805</lisID>
          <gpoId>8167</gpoId>
        </identifiers>
        <sponsorshipDate>2017-02-16</sponsorshipDate>
        <isOriginalCosponsor>False</isOriginalCosponsor>
        <firstName>K.</firstName>
      </item>
      <item>
        <state>AL</state>
        <lastName>Roby</lastName>
        <sponsorshipWithdrawnDate />
        <district>2</district>
        <middleName />
        <fullName>Rep. Roby, Martha [R-AL-2]</fullName>
        <bioguideId>R000591</bioguideId>
        <party>R</party>
        <identifiers>
          <lisID>1986</lisID>
          <gpoId>7787</gpoId>
          <bioguideId>R000591</bioguideId>
        </identifiers>
        <sponsorshipDate>2017-03-01</sponsorshipDate>
        <isOriginalCosponsor>False</isOriginalCosponsor>
        <firstName>Martha</firstName>
      </item>
      <item>
        <state>IL</state>
        <lastName>Lipinski</lastName>
        <sponsorshipWithdrawnDate />
        <district>3</district>
        <middleName>William</middleName>
        <fullName>Rep. Lipinski, Daniel [D-IL-3]</fullName>
        <bioguideId>L000563</bioguideId>
        <party>D</party>
        <identifiers>
          <lisID>1781</lisID>
          <gpoId>7923</gpoId>
          <bioguideId>L000563</bioguideId>
        </identifiers>
        <sponsorshipDate>2017-03-13</sponsorshipDate>
        <isOriginalCosponsor>False</isOriginalCosponsor>
        <firstName>Daniel</firstName>
      </item>
      <item>
        <state>MO</state>
        <lastName>Hartzler</lastName>
        <sponsorshipWithdrawnDate />
        <district>4</district>
        <middleName />
        <fullName>Rep. Hartzler, Vicky [R-MO-4]</fullName>
        <bioguideId>H001053</bioguideId>
        <party>R</party>
        <identifiers>
          <gpoId>8012</gpoId>
          <lisID>2032</lisID>
          <bioguideId>H001053</bioguideId>
        </identifiers>
        <sponsorshipDate>2017-03-17</sponsorshipDate>
        <isOriginalCosponsor>False</isOriginalCosponsor>
        <firstName>Vicky</firstName>
      </item>
      <item>
        <state>TX</state>
        <lastName>Arrington</lastName>
        <sponsorshipWithdrawnDate />
        <district>19</district>
        <middleName>C.</middleName>
        <fullName>Rep. Arrington, Jodey C. [R-TX-19]</fullName>
        <bioguideId>A000375</bioguideId>
        <party>R</party>
        <identifiers>
          <lisID>2350</lisID>
          <gpoId />
          <bioguideId>A000375</bioguideId>
        </identifiers>
        <sponsorshipDate>2017-04-03</sponsorshipDate>
        <isOriginalCosponsor>False</isOriginalCosponsor>
        <firstName>Jodey</firstName>
      </item>
      <item>
        <state>NC</state>
        <lastName>Foxx</lastName>
        <sponsorshipWithdrawnDate />
        <district>5</district>
        <middleName />
        <fullName>Rep. Foxx, Virginia [R-NC-5]</fullName>
        <bioguideId>F000450</bioguideId>
        <party>R</party>
        <identifiers>
          <bioguideId>F000450</bioguideId>
          <lisID>1791</lisID>
          <gpoId>8028</gpoId>
        </identifiers>
        <sponsorshipDate>2017-05-03</sponsorshipDate>
        <isOriginalCosponsor>False</isOriginalCosponsor>
        <firstName>Virginia</firstName>
      </item>
      <item>
        <state>VA</state>
        <lastName>Garrett</lastName>
        <sponsorshipWithdrawnDate />
        <district>5</district>
        <middleName>A.</middleName>
        <fullName>Rep. Garrett, Thomas A., Jr. [R-VA-5]</fullName>
        <bioguideId>G000580</bioguideId>
        <party>R</party>
        <identifiers>
          <lisID>2353</lisID>
          <gpoId />
          <bioguideId>G000580</bioguideId>
        </identifiers>
        <sponsorshipDate>2017-07-13</sponsorshipDate>
        <isOriginalCosponsor>False</isOriginalCosponsor>
        <firstName>Thomas</firstName>
      </item>
      <item>
        <state>SC</state>
        <lastName>Norman</lastName>
        <sponsorshipWithdrawnDate />
        <district>5</district>
        <middleName />
        <fullName>Rep. Norman, Ralph [R-SC-5]</fullName>
        <bioguideId>N000190</bioguideId>
        <party>R</party>
        <identifiers>
          <gpoId />
          <bioguideId>N000190</bioguideId>
          <lisID>2361</lisID>
        </identifiers>
        <sponsorshipDate>2017-10-04</sponsorshipDate>
        <isOriginalCosponsor>False</isOriginalCosponsor>
        <firstName>Ralph</firstName>
      </item>
    </cosponsors>
    <createDate>2017-01-04T07:01:11Z</createDate>
    <subjects>
      <billSubjects>
        <policyArea>
          <name>Crime and Law Enforcement</name>
        </policyArea>
        <legislativeSubjects>
          <item>
            <name>Abortion</name>
          </item>
          <item>
            <name>Assault and harassment offenses</name>
          </item>
          <item>
            <name>Civil actions and liability</name>
          </item>
          <item>
            <name>Crimes against women</name>
          </item>
          <item>
            <name>Criminal investigation, prosecution, interrogation</name>
          </item>
          <item>
            <name>Criminal justice information and records</name>
          </item>
          <item>
            <name>Criminal procedure and sentencing</name>
          </item>
          <item>
            <name>Health personnel</name>
          </item>
          <item>
            <name>Legal fees and court costs</name>
          </item>
          <item>
            <name>Racial and ethnic relations</name>
          </item>
          <item>
            <name>Sex, gender, sexual orientation discrimination</name>
          </item>
          <item>
            <name>Violent crime</name>
          </item>
        </legislativeSubjects>
      </billSubjects>
    </subjects>
    <amendments />
    <updateDate>2018-03-30T13:58:11Z</updateDate>
    <latestAction>
      <text>Referred to the Subcommittee on the Constitution and Civil Justice.</text>
      <actionDate>2017-01-23</actionDate>
      <links />
    </latestAction>
    <sponsors>
      <item>
        <fullName>Rep. Franks, Trent [R-AZ-8]</fullName>
        <middleName />
        <party>R</party>
        <identifiers>
          <bioguideId>F000448</bioguideId>
          <gpoId>7799</gpoId>
          <lisID>1707</lisID>
        </identifiers>
        <state>AZ</state>
        <firstName>Trent</firstName>
        <lastName>Franks</lastName>
        <byRequestType />
        <bioguideId>F000448</bioguideId>
        <district>8</district>
      </item>
    </sponsors>
    <committeeReports />
    <recordedVotes />
    <originChamber>House</originChamber>
    <calendarNumbers />
    <congress>115</congress>
    <relatedBills>
      <item>
        <number>4660</number>
        <latestAction>
          <actionDate>2018-01-22</actionDate>
          <text>Referred to the Subcommittee on the Constitution and Civil Justice.</text>
        </latestAction>
        <relationshipDetails>
          <item>
            <identifiedBy>CRS</identifiedBy>
            <type>Related bill</type>
          </item>
        </relationshipDetails>
        <latestTitle>Prenatal Nondiscrimination Act (PRENDA) of 2017</latestTitle>
        <type>HR</type>
        <congress>115</congress>
      </item>
    </relatedBills>
    <version>1.0.0</version>
    <committees>
      <billCommittees>
        <item>
          <activities>
            <item>
              <date>2017-01-03T17:05:25Z</date>
              <name>Referred to</name>
            </item>
          </activities>
          <systemCode>hsju00</systemCode>
          <chamber>House</chamber>
          <type>Standing</type>
          <name>Judiciary Committee</name>
          <subcommittees>
            <item>
              <activities>
                <item>
                  <date>2017-01-23T16:29:09Z</date>
                  <name>Referred to</name>
                </item>
              </activities>
              <systemCode>hsju10</systemCode>
              <name>Constitution and Civil Justice Subcommittee</name>
            </item>
          </subcommittees>
        </item>
      </billCommittees>
    </committees>
    <cboCostEstimates />
    <billType>HR</billType>
    <notes />
    <title>Prenatal Nondiscrimination Act (PRENDA) of 2017</title>
    <laws />
    <billNumber>147</billNumber>
    <actions>
      <actionTypeCounts>
        <billReferrals>1</billReferrals>
        <introducedInTheHouse>1</introducedInTheHouse>
        <placeholderTextForH>1</placeholderTextForH>
        <introducedInHouse>1</introducedInHouse>
      </actionTypeCounts>
      <item>
        <actionDate>2017-01-23</actionDate>
        <committee>
          <name>Constitution and Civil Justice Subcommittee</name>
          <systemCode>hsju10</systemCode>
        </committee>
        <links />
        <sourceSystem>
          <code>1</code>
          <name>House committee actions</name>
        </sourceSystem>
        <text>Referred to the Subcommittee on the Constitution and Civil Justice.</text>
        <type>Committee</type>
      </item>
      <item>
        <text>Referred to the House Committee on the Judiciary.</text>
        <type>IntroReferral</type>
        <actionDate>2017-01-03</actionDate>
        <links />
        <committee>
          <name>Judiciary Committee</name>
          <systemCode>hsju00</systemCode>
        </committee>
        <sourceSystem>
          <code>2</code>
          <name>House floor actions</name>
        </sourceSystem>
        <actionCode>H11100</actionCode>
      </item>
      <item>
        <text>Introduced in House</text>
        <type>IntroReferral</type>
        <actionDate>2017-01-03</actionDate>
        <links />
        <committee />
        <sourceSystem>
          <code>9</code>
          <name>Library of Congress</name>
        </sourceSystem>
        <actionCode>Intro-H</actionCode>
      </item>
      <item>
        <text>Introduced in House</text>
        <type>IntroReferral</type>
        <actionDate>2017-01-03</actionDate>
        <links />
        <committee />
        <sourceSystem>
          <code>9</code>
          <name>Library of Congress</name>
        </sourceSystem>
        <actionCode>1000</actionCode>
      </item>
      <actionByCounts>
        <houseOfRepresentatives>4</houseOfRepresentatives>
      </actionByCounts>
    </actions>
    <titles>
      <item>
        <chamberCode />
        <parentTitleType />
        <titleType>Short Titles as Introduced</titleType>
        <chamberName />
        <title>Prenatal Nondiscrimination Act (PRENDA) of 2017</title>
      </item>
      <item>
        <chamberCode />
        <parentTitleType />
        <titleType>Official Title as Introduced</titleType>
        <chamberName />
        <title>To prohibit discrimination against the unborn on the basis of sex or race, and for other purposes.</title>
      </item>
      <item>
        <chamberCode />
        <parentTitleType />
        <titleType>Display Title</titleType>
        <chamberName />
        <title>Prenatal Nondiscrimination Act (PRENDA) of 2017</title>
      </item>
      <item>
        <chamberCode />
        <parentTitleType />
        <titleType>(Extracted from GPO) Short Titles as Introduced</titleType>
        <chamberName />
        <title>Prenatal Nondiscrimination Act (PRENDA) of 2017</title>
      </item>
    </titles>
    <summaries>
      <billSummaries>
        <item>
          <actionDesc>Introduced in House</actionDesc>
          <name>Introduced in House</name>
          <versionCode>00</versionCode>
          <actionDate>2017-01-03</actionDate>
          <text><![CDATA[<p><strong>Prenatal Nondiscrimination Act (PRENDA) of</strong> <b>2017</b></p> <p>This bill imposes criminal penalties on anyone who knowingly or knowingly attempts to: (1) perform an abortion knowing that the abortion is sought based on the sex, gender, color or race of the child, or the race of a parent; (2) use force or the threat of force to intentionally injure or intimidate any person for the purpose of coercing a sex-selection or race-selection abortion; (3) solicit or accept funds for the performance of such an abortion; or (4) transport a woman into the United States or across a state line for the purpose of obtaining such an abortion.</p> <p>Violations or attempted violations shall result in fines and/or imprisonment for up to five years.</p>The bill authorizes civil actions (for verifiable money damages for injuries and punitive damages) by: (1) fathers, or maternal grandparents if the mother is an unemancipated minor, of unborn children who are the subject of an abortion performed or attempted through any of the above violations; or (2) women upon whom an abortion has been performed or attempted with a knowing or attempted use of force or threat of force to intentionally injure or intimidate any person for the purpose of coercing a sex-selection or race-selection abortion. <p>To prevent an abortion provider from performing or attempting further abortions in violation of this bill, the bill authorizes injunctive relief to be obtained by: (1) the women upon whom such an abortion is performed or attempted, (2) a maternal grandparent of the unborn child if the woman is an unemancipated minor, (3) the father of such an unborn child, or (4) the Department of Justice.</p> <p>Violations of this bill are deemed to be prohibited discrimination under title VI (Federally Assisted Programs) of the Civil Rights Act of 1964. (Violators of title VI lose federal funding.) </p> <p>Medical or mental health professionals must report known or suspected violations to law enforcement authorities. Criminal penalties are established for a failure to so report.</p> <p>A woman having such an abortion may not be prosecuted or held civilly liable.</p> <p>Courts must make such orders as necessary to protect the anonymity of any woman upon whom an abortion has been performed or attempted if she does not give her written consent to such disclosure. In the absence of such a woman's written consent, any party, other than a public official, who brings an action must use a pseudonym.</p> <p>For purposes of this bill, "abortion" is defined as the act of using or prescribing any instrument, medicine, drug, or any other substance, device, or means with the intent to terminate the clinically diagnosable pregnancy of a woman, with knowledge that the termination by those means will, with reasonable likelihood, cause the death of the unborn child, unless the act is intended to: (1) save the life or preserve the health of the unborn child, (2) remove a dead unborn child caused by spontaneous abortion, or (3) remove an ectopic pregnancy.</p>]]></text>
          <lastSummaryUpdateDate>2017-01-24T23:02:08Z</lastSummaryUpdateDate>
          <updateDate>2017-01-03T05:00:00Z</updateDate>
        </item>
      </billSummaries>
    </summaries>
    <introducedDate>2017-01-03</introducedDate>
    <policyArea>
      <name>Crime and Law Enforcement</name>
    </policyArea>
    <constitutionalAuthorityStatementText><![CDATA[<pre>From the Congressional Record Online through the Government Publishing Office [<a href='http://www.gpo.gov'>www.gpo.gov</a>]By Mr. FRANKS of Arizona:H.R. 147.Congress has the power to enact this legislation pursuantto the following:(1) the Commerce Clause;(2) section 2 of the 13th amendment;(3) section 5 of the 14th amendment, including the power toenforce the prohibition on government action denying equalprotection of the laws; and(4) section 8 of article I, to make all laws necessary andproper for the carrying into execution of powers vested bythe Constitution in the Government of the United States.[Page H50]</pre>]]></constitutionalAuthorityStatementText>
  </bill>
  <dublinCore xmlns:dc="http://purl.org/dc/elements/1.1/">
    <dc:format>text/xml</dc:format>
    <dc:language>EN</dc:language>
    <dc:rights>Pursuant to Title 17 Section 105 of the United States Code, this file is not subject to copyright protection and is in the public domain.</dc:rights>
    <dc:contributor>Congressional Research Service, Library of Congress</dc:contributor>
    <dc:description>This file contains bill summaries and statuses for federal legislation. A bill summary describes the most significant provisions of a piece of legislation and details the effects the legislative text may have on current law and federal programs. Bill summaries are authored by the Congressional Research Service (CRS) of the Library of Congress. As stated in Public Law 91-510 (2 USC 166 (d)(6)), one of the duties of CRS is "to prepare summaries and digests of bills and resolutions of a public general nature introduced in the Senate or House of Representatives". For more information, refer to the User Guide that accompanies this file.</dc:description>
  </dublinCore>
</billStatus>

