<?xml version="1.0" encoding="UTF-8"?>
<billStatus>
  <bill>
    <titles>
      <item>
        <title>Lower Drug Costs through Competition Act</title>
        <titleType>Short Titles as Introduced</titleType>
        <parentTitleType />
        <chamberCode />
        <chamberName />
      </item>
      <item>
        <title>To increase competition in the pharmaceutical industry.</title>
        <titleType>Official Title as Introduced</titleType>
        <parentTitleType />
        <chamberCode />
        <chamberName />
      </item>
      <item>
        <title>Lower Drug Costs through Competition Act</title>
        <titleType>Display Title</titleType>
        <parentTitleType />
        <chamberCode />
        <chamberName />
      </item>
      <item>
        <title>Lower Drug Costs through Competition Act</title>
        <titleType>(Extracted from GPO) Short Titles as Introduced</titleType>
        <parentTitleType />
        <chamberCode />
        <chamberName />
      </item>
    </titles>
    <policyArea>
      <name>Health</name>
    </policyArea>
    <amendments />
    <billNumber>749</billNumber>
    <version>1.0.0</version>
    <congress>115</congress>
    <calendarNumbers />
    <createDate>2017-01-31T05:23:09Z</createDate>
    <updateDate>2018-03-30T14:01:09Z</updateDate>
    <latestAction>
      <actionDate>2017-02-03</actionDate>
      <links />
      <text>Referred to the Subcommittee on Health.</text>
    </latestAction>
    <laws />
    <sponsors>
      <item>
        <fullName>Rep. Schrader, Kurt [D-OR-5]</fullName>
        <bioguideId>S001180</bioguideId>
        <lastName>Schrader</lastName>
        <byRequestType />
        <firstName>Kurt</firstName>
        <district>5</district>
        <state>OR</state>
        <middleName />
        <party>D</party>
        <identifiers>
          <bioguideId>S001180</bioguideId>
          <gpoId>8118</gpoId>
          <lisID>1950</lisID>
        </identifiers>
      </item>
    </sponsors>
    <originChamber>House</originChamber>
    <constitutionalAuthorityStatementText><![CDATA[<pre>From the Congressional Record Online through the Government Publishing Office [<a href='http://www.gpo.gov'>www.gpo.gov</a>]By Mr. SCHRADER:H.R. 749.Congress has the power to enact this legislation pursuantto the following:This bill is enacted pursuant to the power granted toCongress under Article I, Section 8, Clause 3 of the UnitedStates Constitution.[Page H746]</pre>]]></constitutionalAuthorityStatementText>
    <cosponsors>
      <item>
        <state>FL</state>
        <middleName>M.</middleName>
        <fullName>Rep. Bilirakis, Gus M. [R-FL-12]</fullName>
        <sponsorshipDate>2017-01-30</sponsorshipDate>
        <firstName>Gus</firstName>
        <sponsorshipWithdrawnDate />
        <bioguideId>B001257</bioguideId>
        <lastName>Bilirakis</lastName>
        <district>12</district>
        <party>R</party>
        <isOriginalCosponsor>True</isOriginalCosponsor>
        <identifiers>
          <lisID>1838</lisID>
          <gpoId>7881</gpoId>
          <bioguideId>B001257</bioguideId>
        </identifiers>
      </item>
      <item>
        <state>IL</state>
        <middleName>William</middleName>
        <fullName>Rep. Lipinski, Daniel [D-IL-3]</fullName>
        <sponsorshipDate>2017-01-30</sponsorshipDate>
        <firstName>Daniel</firstName>
        <sponsorshipWithdrawnDate />
        <bioguideId>L000563</bioguideId>
        <lastName>Lipinski</lastName>
        <district>3</district>
        <party>D</party>
        <isOriginalCosponsor>True</isOriginalCosponsor>
        <identifiers>
          <lisID>1781</lisID>
          <gpoId>7923</gpoId>
          <bioguideId>L000563</bioguideId>
        </identifiers>
      </item>
      <item>
        <state>MA</state>
        <middleName />
        <fullName>Rep. Moulton, Seth [D-MA-6]</fullName>
        <sponsorshipDate>2017-01-30</sponsorshipDate>
        <firstName>Seth</firstName>
        <sponsorshipWithdrawnDate />
        <bioguideId>M001196</bioguideId>
        <lastName>Moulton</lastName>
        <district>6</district>
        <party>D</party>
        <isOriginalCosponsor>True</isOriginalCosponsor>
        <identifiers>
          <gpoId />
          <bioguideId>M001196</bioguideId>
          <lisID>2246</lisID>
        </identifiers>
      </item>
      <item>
        <state>CA</state>
        <middleName />
        <fullName>Rep. Bera, Ami [D-CA-7]</fullName>
        <sponsorshipDate>2017-01-30</sponsorshipDate>
        <firstName>Ami</firstName>
        <sponsorshipWithdrawnDate />
        <bioguideId>B001287</bioguideId>
        <lastName>Bera</lastName>
        <district>7</district>
        <party>D</party>
        <isOriginalCosponsor>True</isOriginalCosponsor>
        <identifiers>
          <bioguideId>B001287</bioguideId>
          <gpoId />
          <lisID>2102</lisID>
        </identifiers>
      </item>
      <item>
        <state>AZ</state>
        <middleName />
        <fullName>Rep. Sinema, Kyrsten [D-AZ-9]</fullName>
        <sponsorshipDate>2017-01-30</sponsorshipDate>
        <firstName>Kyrsten</firstName>
        <sponsorshipWithdrawnDate />
        <bioguideId>S001191</bioguideId>
        <lastName>Sinema</lastName>
        <district>9</district>
        <party>D</party>
        <isOriginalCosponsor>True</isOriginalCosponsor>
        <identifiers>
          <bioguideId>S001191</bioguideId>
          <lisID>2099</lisID>
          <gpoId />
        </identifiers>
      </item>
      <item>
        <state>TN</state>
        <middleName>H.</middleName>
        <fullName>Rep. Cooper, Jim [D-TN-5]</fullName>
        <sponsorshipDate>2017-01-30</sponsorshipDate>
        <firstName>JAMES</firstName>
        <sponsorshipWithdrawnDate />
        <bioguideId>C000754</bioguideId>
        <lastName>COOPER</lastName>
        <district>5</district>
        <party>D</party>
        <isOriginalCosponsor>True</isOriginalCosponsor>
        <identifiers>
          <lisID>231</lisID>
          <gpoId>8152</gpoId>
          <bioguideId>C000754</bioguideId>
        </identifiers>
      </item>
      <item>
        <state>FL</state>
        <middleName />
        <fullName>Rep. Posey, Bill [R-FL-8]</fullName>
        <sponsorshipDate>2017-01-30</sponsorshipDate>
        <firstName>Bill</firstName>
        <sponsorshipWithdrawnDate />
        <bioguideId>P000599</bioguideId>
        <lastName>Posey</lastName>
        <district>8</district>
        <party>R</party>
        <isOriginalCosponsor>True</isOriginalCosponsor>
        <identifiers>
          <lisID>1915</lisID>
          <gpoId>7887</gpoId>
          <bioguideId>P000599</bioguideId>
        </identifiers>
      </item>
      <item>
        <state>CA</state>
        <middleName />
        <fullName>Rep. Costa, Jim [D-CA-16]</fullName>
        <sponsorshipDate>2017-01-30</sponsorshipDate>
        <firstName>Jim</firstName>
        <sponsorshipWithdrawnDate />
        <bioguideId>C001059</bioguideId>
        <lastName>Costa</lastName>
        <district>16</district>
        <party>D</party>
        <isOriginalCosponsor>True</isOriginalCosponsor>
        <identifiers>
          <lisID>1774</lisID>
          <gpoId>7825</gpoId>
          <bioguideId>C001059</bioguideId>
        </identifiers>
      </item>
      <item>
        <state>CA</state>
        <middleName>H.</middleName>
        <fullName>Rep. Peters, Scott H. [D-CA-52]</fullName>
        <sponsorshipDate>2017-01-30</sponsorshipDate>
        <firstName>Scott</firstName>
        <sponsorshipWithdrawnDate />
        <bioguideId>P000608</bioguideId>
        <lastName>Peters</lastName>
        <district>52</district>
        <party>D</party>
        <isOriginalCosponsor>True</isOriginalCosponsor>
        <identifiers>
          <lisID>2113</lisID>
          <gpoId />
          <bioguideId>P000608</bioguideId>
        </identifiers>
      </item>
      <item>
        <state>MN</state>
        <middleName>C.</middleName>
        <fullName>Rep. Peterson, Collin C. [D-MN-7]</fullName>
        <sponsorshipDate>2017-02-01</sponsorshipDate>
        <firstName>COLLIN</firstName>
        <sponsorshipWithdrawnDate />
        <bioguideId>P000258</bioguideId>
        <lastName>PETERSON</lastName>
        <district>7</district>
        <party>D</party>
        <isOriginalCosponsor>False</isOriginalCosponsor>
        <identifiers>
          <lisID>910</lisID>
          <gpoId>8007</gpoId>
          <bioguideId>P000258</bioguideId>
        </identifiers>
      </item>
      <item>
        <state>AZ</state>
        <middleName />
        <fullName>Rep. O'Halleran, Tom [D-AZ-1]</fullName>
        <sponsorshipDate>2017-02-02</sponsorshipDate>
        <firstName>Tom</firstName>
        <sponsorshipWithdrawnDate />
        <bioguideId>O000171</bioguideId>
        <lastName>O'Halleran</lastName>
        <district>1</district>
        <party>D</party>
        <isOriginalCosponsor>False</isOriginalCosponsor>
        <identifiers>
          <bioguideId>O000171</bioguideId>
          <lisID>2306</lisID>
          <gpoId />
        </identifiers>
      </item>
      <item>
        <state>KY</state>
        <middleName />
        <fullName>Rep. Guthrie, Brett [R-KY-2]</fullName>
        <sponsorshipDate>2017-02-03</sponsorshipDate>
        <firstName>Brett</firstName>
        <sponsorshipWithdrawnDate />
        <bioguideId>G000558</bioguideId>
        <lastName>Guthrie</lastName>
        <district>2</district>
        <party>R</party>
        <isOriginalCosponsor>False</isOriginalCosponsor>
        <identifiers>
          <lisID>1922</lisID>
          <gpoId>7954</gpoId>
          <bioguideId>G000558</bioguideId>
        </identifiers>
      </item>
      <item>
        <state>TX</state>
        <middleName />
        <fullName>Rep. Cuellar, Henry [D-TX-28]</fullName>
        <sponsorshipDate>2017-02-09</sponsorshipDate>
        <firstName>Henry</firstName>
        <sponsorshipWithdrawnDate />
        <bioguideId>C001063</bioguideId>
        <lastName>Cuellar</lastName>
        <district>28</district>
        <party>D</party>
        <isOriginalCosponsor>False</isOriginalCosponsor>
        <identifiers>
          <bioguideId>C001063</bioguideId>
          <gpoId>8184</gpoId>
          <lisID>1807</lisID>
        </identifiers>
      </item>
      <item>
        <state>MN</state>
        <middleName>J.</middleName>
        <fullName>Rep. Walz, Timothy J. [D-MN-1]</fullName>
        <sponsorshipDate>2017-02-09</sponsorshipDate>
        <firstName>Timothy</firstName>
        <sponsorshipWithdrawnDate />
        <bioguideId>W000799</bioguideId>
        <lastName>Walz</lastName>
        <district>1</district>
        <party>D</party>
        <isOriginalCosponsor>False</isOriginalCosponsor>
        <identifiers>
          <lisID>1856</lisID>
          <gpoId>8001</gpoId>
          <bioguideId>W000799</bioguideId>
        </identifiers>
      </item>
      <item>
        <state>FL</state>
        <middleName />
        <fullName>Rep. Soto, Darren [D-FL-9]</fullName>
        <sponsorshipDate>2017-02-09</sponsorshipDate>
        <firstName>Darren</firstName>
        <sponsorshipWithdrawnDate />
        <bioguideId>S001200</bioguideId>
        <lastName>Soto</lastName>
        <district>9</district>
        <party>D</party>
        <isOriginalCosponsor>False</isOriginalCosponsor>
        <identifiers>
          <lisID>2319</lisID>
          <gpoId />
          <bioguideId>S001200</bioguideId>
        </identifiers>
      </item>
      <item>
        <state>GA</state>
        <middleName>D.</middleName>
        <fullName>Rep. Bishop, Sanford D., Jr. [D-GA-2]</fullName>
        <sponsorshipDate>2017-02-09</sponsorshipDate>
        <firstName>SANFORD</firstName>
        <sponsorshipWithdrawnDate />
        <bioguideId>B000490</bioguideId>
        <lastName>BISHOP</lastName>
        <district>2</district>
        <party>D</party>
        <isOriginalCosponsor>False</isOriginalCosponsor>
        <identifiers>
          <bioguideId>B000490</bioguideId>
          <gpoId>7899</gpoId>
          <lisID>91</lisID>
        </identifiers>
      </item>
      <item>
        <state>FL</state>
        <middleName />
        <fullName>Rep. Crist, Charlie [D-FL-13]</fullName>
        <sponsorshipDate>2017-03-07</sponsorshipDate>
        <firstName>Charlie</firstName>
        <sponsorshipWithdrawnDate />
        <bioguideId>C001111</bioguideId>
        <lastName>Crist</lastName>
        <district>13</district>
        <party>D</party>
        <isOriginalCosponsor>False</isOriginalCosponsor>
        <identifiers>
          <lisID>2321</lisID>
          <gpoId />
          <bioguideId>C001111</bioguideId>
        </identifiers>
      </item>
      <item>
        <state>IL</state>
        <middleName>Scott</middleName>
        <fullName>Rep. Schneider, Bradley Scott [D-IL-10]</fullName>
        <sponsorshipDate>2017-03-24</sponsorshipDate>
        <firstName>Bradley</firstName>
        <sponsorshipWithdrawnDate />
        <bioguideId>S001190</bioguideId>
        <lastName>Schneider</lastName>
        <district>10</district>
        <party>D</party>
        <isOriginalCosponsor>False</isOriginalCosponsor>
        <identifiers>
          <gpoId />
          <bioguideId>S001190</bioguideId>
          <lisID>2124</lisID>
        </identifiers>
      </item>
      <item>
        <state>NE</state>
        <middleName />
        <fullName>Rep. Bacon, Don [R-NE-2]</fullName>
        <sponsorshipDate>2017-04-27</sponsorshipDate>
        <firstName>Don</firstName>
        <sponsorshipWithdrawnDate />
        <bioguideId>B001298</bioguideId>
        <lastName>Bacon</lastName>
        <district>2</district>
        <party>R</party>
        <isOriginalCosponsor>False</isOriginalCosponsor>
        <identifiers>
          <bioguideId>B001298</bioguideId>
          <gpoId />
          <lisID>2337</lisID>
        </identifiers>
      </item>
      <item>
        <state>NE</state>
        <middleName />
        <fullName>Rep. Fortenberry, Jeff [R-NE-1]</fullName>
        <sponsorshipDate>2017-05-01</sponsorshipDate>
        <firstName>Jeff</firstName>
        <sponsorshipWithdrawnDate />
        <bioguideId>F000449</bioguideId>
        <lastName>Fortenberry</lastName>
        <district>1</district>
        <party>R</party>
        <isOriginalCosponsor>False</isOriginalCosponsor>
        <identifiers>
          <gpoId>8038</gpoId>
          <lisID>1793</lisID>
          <bioguideId>F000449</bioguideId>
        </identifiers>
      </item>
      <item>
        <state>PR</state>
        <middleName />
        <fullName>Rep. Gonzalez-Colon, Jenniffer [R-PR-At Large]</fullName>
        <sponsorshipDate>2017-05-24</sponsorshipDate>
        <firstName>Jenniffer</firstName>
        <sponsorshipWithdrawnDate />
        <bioguideId>G000582</bioguideId>
        <lastName>Gonzalez-Colon</lastName>
        <district>0</district>
        <party>R</party>
        <isOriginalCosponsor>False</isOriginalCosponsor>
        <identifiers>
          <lisID>2347</lisID>
          <gpoId />
          <bioguideId>G000582</bioguideId>
        </identifiers>
      </item>
      <item>
        <state>NJ</state>
        <middleName />
        <fullName>Rep. Gottheimer, Josh [D-NJ-5]</fullName>
        <sponsorshipDate>2017-06-02</sponsorshipDate>
        <firstName>Josh</firstName>
        <sponsorshipWithdrawnDate />
        <bioguideId>G000583</bioguideId>
        <lastName>Gottheimer</lastName>
        <district>5</district>
        <party>D</party>
        <isOriginalCosponsor>False</isOriginalCosponsor>
        <identifiers>
          <bioguideId>G000583</bioguideId>
          <gpoId />
          <lisID>2338</lisID>
        </identifiers>
      </item>
      <item>
        <state>MT</state>
        <middleName />
        <fullName>Rep. Gianforte, Greg [R-MT-At Large]</fullName>
        <sponsorshipDate>2018-02-06</sponsorshipDate>
        <firstName>Greg</firstName>
        <sponsorshipWithdrawnDate />
        <bioguideId>G000584</bioguideId>
        <lastName>Gianforte</lastName>
        <district>0</district>
        <party>R</party>
        <isOriginalCosponsor>False</isOriginalCosponsor>
        <identifiers>
          <lisID>2359</lisID>
          <gpoId />
          <bioguideId>G000584</bioguideId>
        </identifiers>
      </item>
      <item>
        <state>CA</state>
        <middleName />
        <fullName>Rep. Knight, Stephen [R-CA-25]</fullName>
        <sponsorshipDate>2018-02-06</sponsorshipDate>
        <firstName>Stephen</firstName>
        <sponsorshipWithdrawnDate />
        <bioguideId>K000387</bioguideId>
        <lastName>Knight</lastName>
        <district>25</district>
        <party>R</party>
        <isOriginalCosponsor>False</isOriginalCosponsor>
        <identifiers>
          <lisID>2228</lisID>
          <gpoId />
          <bioguideId>K000387</bioguideId>
        </identifiers>
      </item>
    </cosponsors>
    <billType>HR</billType>
    <notes />
    <summaries>
      <billSummaries>
        <item>
          <text><![CDATA[<p><b><b>Lower Drug Costs through Competition Act</b></b></p> <p>This bill amends the Federal Food, Drug, and Cosmetic Act to revise provisions regarding review and approval of generic drug applications or supplements to generic drug applications for drugs: (1) for which there is a shortage, or (2) that have not been recently introduced to the market by more than one manufacturer and for which tentative approval has not been granted to more than two applications.</p> <p>The Food and Drug Administration (FDA) must prioritize the review of such submissions and act on them within 180 days. The FDA may expedite the inspection of a facility proposed to manufacture such a drug.</p> <p>Beginning FY2019, the FDA must award a transferrable generic drug priority review voucher to the sponsor of such an application once the drug has a sustained market presence. A voucher may be used to have the FDA review and take action upon a generic drug application within 180 days of submission. The FDA must establish an additional user fee for applications subject to a voucher. This voucher program is terminated at the start of FY2024.</p> <p>The FDA must periodically report on generic drug applications filed before FY2018 that are still pending.</p> <p>For a new drug application to be eligible for a priority review voucher as a tropical disease product application, the application must include new, essential clinical investigations.</p> The Government Accountability Office must study the FDA's program for drug risk evaluation and mitigation strategies.]]></text>
          <actionDesc>Introduced in House</actionDesc>
          <actionDate>2017-01-30</actionDate>
          <updateDate>2017-01-30T05:00:00Z</updateDate>
          <lastSummaryUpdateDate>2017-02-07T19:28:16Z</lastSummaryUpdateDate>
          <versionCode>00</versionCode>
          <name>Introduced in House</name>
        </item>
      </billSummaries>
    </summaries>
    <relatedBills>
      <item>
        <type>S</type>
        <latestTitle>Increasing Competition in Pharmaceuticals Act</latestTitle>
        <latestAction>
          <actionDate>2017-02-02</actionDate>
          <text>Read twice and referred to the Committee on Health, Education, Labor, and Pensions.</text>
        </latestAction>
        <congress>115</congress>
        <relationshipDetails>
          <item>
            <type>Related bill</type>
            <identifiedBy>CRS</identifiedBy>
          </item>
        </relationshipDetails>
        <number>297</number>
      </item>
    </relatedBills>
    <committees>
      <billCommittees>
        <item>
          <systemCode>hsif00</systemCode>
          <subcommittees>
            <item>
              <name>Health Subcommittee</name>
              <systemCode>hsif14</systemCode>
              <activities>
                <item>
                  <date>2017-02-03T15:56:21Z</date>
                  <name>Referred to</name>
                </item>
              </activities>
            </item>
          </subcommittees>
          <name>Energy and Commerce Committee</name>
          <type>Standing</type>
          <chamber>House</chamber>
          <activities>
            <item>
              <date>2017-01-30T17:03:15Z</date>
              <name>Referred to</name>
            </item>
          </activities>
        </item>
      </billCommittees>
    </committees>
    <cboCostEstimates />
    <subjects>
      <billSubjects>
        <policyArea>
          <name>Health</name>
        </policyArea>
        <legislativeSubjects>
          <item>
            <name>Congressional oversight</name>
          </item>
          <item>
            <name>Drug safety, medical device, and laboratory regulation</name>
          </item>
          <item>
            <name>Drug trafficking and controlled substances</name>
          </item>
          <item>
            <name>Government studies and investigations</name>
          </item>
          <item>
            <name>Infectious and parasitic diseases</name>
          </item>
          <item>
            <name>Licensing and registrations</name>
          </item>
          <item>
            <name>Prescription drugs</name>
          </item>
          <item>
            <name>User charges and fees</name>
          </item>
        </legislativeSubjects>
      </billSubjects>
    </subjects>
    <committeeReports />
    <title>Lower Drug Costs through Competition Act</title>
    <recordedVotes />
    <actions>
      <item>
        <actionDate>2017-02-03</actionDate>
        <committee>
          <name>Health Subcommittee</name>
          <systemCode>hsif14</systemCode>
        </committee>
        <links />
        <sourceSystem>
          <code>1</code>
          <name>House committee actions</name>
        </sourceSystem>
        <text>Referred to the Subcommittee on Health.</text>
        <type>Committee</type>
      </item>
      <item>
        <actionDate>2017-01-30</actionDate>
        <text>Referred to the House Committee on Energy and Commerce.</text>
        <links />
        <committee>
          <name>Energy and Commerce Committee</name>
          <systemCode>hsif00</systemCode>
        </committee>
        <sourceSystem>
          <code>2</code>
          <name>House floor actions</name>
        </sourceSystem>
        <actionCode>H11100</actionCode>
        <type>IntroReferral</type>
      </item>
      <item>
        <actionDate>2017-01-30</actionDate>
        <text>Introduced in House</text>
        <links />
        <committee />
        <sourceSystem>
          <code>9</code>
          <name>Library of Congress</name>
        </sourceSystem>
        <actionCode>Intro-H</actionCode>
        <type>IntroReferral</type>
      </item>
      <item>
        <actionDate>2017-01-30</actionDate>
        <text>Introduced in House</text>
        <links />
        <committee />
        <sourceSystem>
          <code>9</code>
          <name>Library of Congress</name>
        </sourceSystem>
        <actionCode>1000</actionCode>
        <type>IntroReferral</type>
      </item>
      <actionTypeCounts>
        <introducedInHouse>1</introducedInHouse>
        <placeholderTextForH>1</placeholderTextForH>
        <introducedInTheHouse>1</introducedInTheHouse>
        <billReferrals>1</billReferrals>
      </actionTypeCounts>
      <actionByCounts>
        <houseOfRepresentatives>4</houseOfRepresentatives>
      </actionByCounts>
    </actions>
    <introducedDate>2017-01-30</introducedDate>
  </bill>
  <dublinCore xmlns:dc="http://purl.org/dc/elements/1.1/">
    <dc:format>text/xml</dc:format>
    <dc:language>EN</dc:language>
    <dc:rights>Pursuant to Title 17 Section 105 of the United States Code, this file is not subject to copyright protection and is in the public domain.</dc:rights>
    <dc:contributor>Congressional Research Service, Library of Congress</dc:contributor>
    <dc:description>This file contains bill summaries and statuses for federal legislation. A bill summary describes the most significant provisions of a piece of legislation and details the effects the legislative text may have on current law and federal programs. Bill summaries are authored by the Congressional Research Service (CRS) of the Library of Congress. As stated in Public Law 91-510 (2 USC 166 (d)(6)), one of the duties of CRS is "to prepare summaries and digests of bills and resolutions of a public general nature introduced in the Senate or House of Representatives". For more information, refer to the User Guide that accompanies this file.</dc:description>
  </dublinCore>
</billStatus>

