<?xml version="1.0" encoding="UTF-8"?>
<billStatus>
  <bill>
    <calendarNumbers />
    <congress>115</congress>
    <billType>HR</billType>
    <constitutionalAuthorityStatementText><![CDATA[<pre>From the Congressional Record Online through the Government Publishing Office [<a href='http://www.gpo.gov'>www.gpo.gov</a>]By Mr. YOUNG of Alaska:H.R. 223.Congress has the power to enact this legislation pursuantto the following:Article 1, Section 8, Clause 3.The Congress shall have power to regulate Commerce withforeign Nations, and among the several States, and with theIndian Tribes''[Page H53]</pre>]]></constitutionalAuthorityStatementText>
    <recordedVotes />
    <summaries>
      <billSummaries>
        <item>
          <text><![CDATA[<p>This bill prohibits the Department of the Interior and the Department of Commerce from issuing a permit or in any other way authorizing commercial finfish aquaculture operations in the U.S. Exclusive Economic Zone, except in accordance with a law enacted after enactment of this bill.</p>]]></text>
          <actionDesc>Introduced in House</actionDesc>
          <actionDate>2017-01-03</actionDate>
          <updateDate>2017-01-03T05:00:00Z</updateDate>
          <lastSummaryUpdateDate>2017-01-17T22:06:32Z</lastSummaryUpdateDate>
          <versionCode>00</versionCode>
          <name>Introduced in House</name>
        </item>
      </billSummaries>
    </summaries>
    <subjects>
      <billSubjects>
        <policyArea>
          <name>Public Lands and Natural Resources</name>
        </policyArea>
        <legislativeSubjects>
          <item>
            <name>Aquaculture</name>
          </item>
          <item>
            <name>Licensing and registrations</name>
          </item>
          <item>
            <name>Marine and coastal resources, fisheries</name>
          </item>
        </legislativeSubjects>
      </billSubjects>
    </subjects>
    <cosponsors />
    <actions>
      <actionByCounts>
        <houseOfRepresentatives>4</houseOfRepresentatives>
      </actionByCounts>
      <item>
        <actionDate>2017-02-10</actionDate>
        <committee>
          <systemCode>hsii13</systemCode>
          <name>Water, Power and Oceans Subcommittee</name>
        </committee>
        <links />
        <sourceSystem>
          <code>1</code>
          <name>House committee actions</name>
        </sourceSystem>
        <text>Referred to the Subcommittee on Water, Power and Oceans.</text>
        <type>Committee</type>
      </item>
      <item>
        <text>Referred to the House Committee on Natural Resources.</text>
        <links />
        <sourceSystem>
          <code>2</code>
          <name>House floor actions</name>
        </sourceSystem>
        <actionDate>2017-01-03</actionDate>
        <actionCode>H11100</actionCode>
        <committee>
          <systemCode>hsii00</systemCode>
          <name>Natural Resources Committee</name>
        </committee>
        <type>IntroReferral</type>
      </item>
      <item>
        <text>Introduced in House</text>
        <links />
        <sourceSystem>
          <code>9</code>
          <name>Library of Congress</name>
        </sourceSystem>
        <actionDate>2017-01-03</actionDate>
        <actionCode>Intro-H</actionCode>
        <committee />
        <type>IntroReferral</type>
      </item>
      <item>
        <text>Introduced in House</text>
        <links />
        <sourceSystem>
          <code>9</code>
          <name>Library of Congress</name>
        </sourceSystem>
        <actionDate>2017-01-03</actionDate>
        <actionCode>1000</actionCode>
        <committee />
        <type>IntroReferral</type>
      </item>
      <actionTypeCounts>
        <introducedInTheHouse>1</introducedInTheHouse>
        <placeholderTextForH>1</placeholderTextForH>
        <introducedInHouse>1</introducedInHouse>
        <billReferrals>1</billReferrals>
      </actionTypeCounts>
    </actions>
    <notes />
    <policyArea>
      <name>Public Lands and Natural Resources</name>
    </policyArea>
    <billNumber>223</billNumber>
    <createDate>2017-01-04T07:01:13Z</createDate>
    <originChamber>House</originChamber>
    <committees>
      <billCommittees>
        <item>
          <activities>
            <item>
              <name>Referred to</name>
              <date>2017-01-03T17:26:10Z</date>
            </item>
          </activities>
          <systemCode>hsii00</systemCode>
          <name>Natural Resources Committee</name>
          <subcommittees>
            <item>
              <name>Water, Power and Oceans Subcommittee</name>
              <systemCode>hsii13</systemCode>
              <activities>
                <item>
                  <name>Referred to</name>
                  <date>2017-02-10T16:59:54Z</date>
                </item>
              </activities>
            </item>
          </subcommittees>
          <type>Standing</type>
          <chamber>House</chamber>
        </item>
      </billCommittees>
    </committees>
    <introducedDate>2017-01-03</introducedDate>
    <amendments />
    <sponsors>
      <item>
        <lastName>YOUNG</lastName>
        <bioguideId>Y000033</bioguideId>
        <identifiers>
          <gpoId>7785</gpoId>
          <lisID>1256</lisID>
          <bioguideId>Y000033</bioguideId>
        </identifiers>
        <party>R</party>
        <firstName>DON</firstName>
        <fullName>Rep. Young, Don [R-AK-At Large]</fullName>
        <state>AK</state>
        <byRequestType />
        <middleName>E.</middleName>
        <district>0</district>
      </item>
    </sponsors>
    <committeeReports />
    <cboCostEstimates />
    <titles>
      <item>
        <titleType>Official Title as Introduced</titleType>
        <chamberCode />
        <chamberName />
        <parentTitleType />
        <title>To prohibit the Secretary of the Interior and the Secretary of Commerce from authorizing commercial finfish aquaculture operations in the Exclusive Economic Zone except in accordance with a law authorizing such action.</title>
      </item>
      <item>
        <titleType>Display Title</titleType>
        <chamberCode />
        <chamberName />
        <parentTitleType />
        <title>To prohibit the Secretary of the Interior and the Secretary of Commerce from authorizing commercial finfish aquaculture operations in the Exclusive Economic Zone except in accordance with a law authorizing such action.</title>
      </item>
    </titles>
    <title>To prohibit the Secretary of the Interior and the Secretary of Commerce from authorizing commercial finfish aquaculture operations in the Exclusive Economic Zone except in accordance with a law authorizing such action.</title>
    <laws />
    <relatedBills />
    <latestAction>
      <actionDate>2017-02-10</actionDate>
      <links />
      <text>Referred to the Subcommittee on Water, Power and Oceans.</text>
    </latestAction>
    <version>1.0.0</version>
    <updateDate>2018-03-30T13:58:31Z</updateDate>
  </bill>
  <dublinCore xmlns:dc="http://purl.org/dc/elements/1.1/">
    <dc:format>text/xml</dc:format>
    <dc:language>EN</dc:language>
    <dc:rights>Pursuant to Title 17 Section 105 of the United States Code, this file is not subject to copyright protection and is in the public domain.</dc:rights>
    <dc:contributor>Congressional Research Service, Library of Congress</dc:contributor>
    <dc:description>This file contains bill summaries and statuses for federal legislation. A bill summary describes the most significant provisions of a piece of legislation and details the effects the legislative text may have on current law and federal programs. Bill summaries are authored by the Congressional Research Service (CRS) of the Library of Congress. As stated in Public Law 91-510 (2 USC 166 (d)(6)), one of the duties of CRS is "to prepare summaries and digests of bills and resolutions of a public general nature introduced in the Senate or House of Representatives". For more information, refer to the User Guide that accompanies this file.</dc:description>
  </dublinCore>
</billStatus>

