<?xml version="1.0" encoding="UTF-8"?>
<billStatus>
  <bill>
    <title>Territorial Economic Growth and Recovery Act of 2017</title>
    <latestAction>
      <actionDate>2017-01-03</actionDate>
      <text>Referred to the House Committee on Ways and Means.</text>
      <links />
    </latestAction>
    <createDate>2017-01-04T07:01:12Z</createDate>
    <titles>
      <item>
        <title>Territorial Economic Growth and Recovery Act of 2017</title>
        <parentTitleType />
        <chamberCode />
        <titleType>Short Titles as Introduced</titleType>
        <chamberName />
      </item>
      <item>
        <title>To amend the Internal Revenue Code of 1986 to provide for economic recovery in the Virgin Islands and Guam, and for other purposes.</title>
        <parentTitleType />
        <chamberCode />
        <titleType>Official Title as Introduced</titleType>
        <chamberName />
      </item>
      <item>
        <title>Territorial Economic Growth and Recovery Act of 2017</title>
        <parentTitleType />
        <chamberCode />
        <titleType>Display Title</titleType>
        <chamberName />
      </item>
      <item>
        <title>Territorial Economic Growth and Recovery Act of 2017</title>
        <parentTitleType />
        <chamberCode />
        <titleType>(Extracted from GPO) Short Titles as Introduced</titleType>
        <chamberName />
      </item>
    </titles>
    <version>1.0.0</version>
    <notes />
    <subjects>
      <billSubjects>
        <legislativeSubjects>
          <item>
            <name>Alcoholic beverages</name>
          </item>
          <item>
            <name>Caribbean area</name>
          </item>
          <item>
            <name>Guam</name>
          </item>
          <item>
            <name>Income tax credits</name>
          </item>
          <item>
            <name>Northern Mariana Islands</name>
          </item>
          <item>
            <name>Poverty and welfare assistance</name>
          </item>
          <item>
            <name>Puerto Rico</name>
          </item>
          <item>
            <name>Sales and excise taxes</name>
          </item>
          <item>
            <name>Tax treatment of families</name>
          </item>
          <item>
            <name>U.S. territories and protectorates</name>
          </item>
          <item>
            <name>Virgin Islands</name>
          </item>
          <item>
            <name>Wages and earnings</name>
          </item>
        </legislativeSubjects>
        <policyArea>
          <name>Taxation</name>
        </policyArea>
      </billSubjects>
    </subjects>
    <cboCostEstimates />
    <sponsors>
      <item>
        <firstName>Stacey</firstName>
        <lastName>Plaskett</lastName>
        <middleName>E.</middleName>
        <byRequestType />
        <bioguideId>P000610</bioguideId>
        <identifiers>
          <lisID>2274</lisID>
          <gpoId />
          <bioguideId>P000610</bioguideId>
        </identifiers>
        <state>VI</state>
        <fullName>Rep. Plaskett, Stacey E. [D-VI-At Large]</fullName>
        <district>0</district>
        <party>D</party>
      </item>
    </sponsors>
    <calendarNumbers />
    <policyArea>
      <name>Taxation</name>
    </policyArea>
    <summaries>
      <billSummaries>
        <item>
          <versionCode>00</versionCode>
          <text><![CDATA[<p><b>Territorial Economic Growth and Recovery Act of 2017 </b></p> <p>This bill amends the Internal Revenue Code to repeal the limitation on the amount of distilled spirits excise taxes covered over (paid into) to the treasuries of the Virgin Islands and Puerto Rico. </p> <p>If Puerto Rico or the Northern Mariana Islands has a tax system that mirrors federal tax law (mirror code tax system), the Department of the Treasury must pay each possession amounts equal to the loss to the possession due to the application of the Earned Income Tax Credit (EITC). </p> <p>If the possession does not have a mirror code tax system, Treasury must pay to the possession an amount equal to the aggregate benefits that would have been provided to residents of the possession by applying the EITC if a mirror code tax system had been in effect. To receive the payments, the possession must have a plan approved by Treasury to distribute the payments to the residents of the possession. </p> <p>Treasury must pay to the Virgin Islands and Guam amounts equal to the aggregate loss to the Virgin Islands or Guam due to the Child Tax Credit. </p> <p>The Joint Board for the Enrollment of Actuaries must submit to Treasury's Office of Domestic Finance recommendations for actions that would be necessary to ensure that the public pension plans of the Virgin Islands can be sustainably maintained and funded by the government of the Virgin Islands for the next 20 years. </p>]]></text>
          <updateDate>2017-01-03T05:00:00Z</updateDate>
          <actionDate>2017-01-03</actionDate>
          <lastSummaryUpdateDate>2017-01-12T14:51:45Z</lastSummaryUpdateDate>
          <name>Introduced in House</name>
          <actionDesc>Introduced in House</actionDesc>
        </item>
      </billSummaries>
    </summaries>
    <actions>
      <actionTypeCounts>
        <introducedInTheHouse>1</introducedInTheHouse>
        <introducedInHouse>1</introducedInHouse>
        <billReferrals>1</billReferrals>
      </actionTypeCounts>
      <item>
        <actionCode>H11100</actionCode>
        <sourceSystem>
          <code>2</code>
          <name>House floor actions</name>
        </sourceSystem>
        <links />
        <text>Referred to the House Committee on Ways and Means.</text>
        <actionDate>2017-01-03</actionDate>
        <type>IntroReferral</type>
        <committee>
          <systemCode>hswm00</systemCode>
          <name>Ways and Means Committee</name>
        </committee>
      </item>
      <item>
        <actionCode>Intro-H</actionCode>
        <sourceSystem>
          <code>9</code>
          <name>Library of Congress</name>
        </sourceSystem>
        <links />
        <text>Introduced in House</text>
        <actionDate>2017-01-03</actionDate>
        <type>IntroReferral</type>
        <committee />
      </item>
      <item>
        <actionCode>1000</actionCode>
        <sourceSystem>
          <code>9</code>
          <name>Library of Congress</name>
        </sourceSystem>
        <links />
        <text>Introduced in House</text>
        <actionDate>2017-01-03</actionDate>
        <type>IntroReferral</type>
        <committee />
      </item>
      <actionByCounts>
        <houseOfRepresentatives>3</houseOfRepresentatives>
      </actionByCounts>
    </actions>
    <relatedBills>
      <item>
        <latestTitle>Puerto Rico and Virgin Islands Equitable Rebuild Act of 2018</latestTitle>
        <number>4782</number>
        <relationshipDetails>
          <item>
            <identifiedBy>CRS</identifiedBy>
            <type>Related bill</type>
          </item>
        </relationshipDetails>
        <latestAction>
          <text>Referred to the Subcommittee on Indian, Insular and Alaska Native Affairs.</text>
          <actionDate>2018-01-16</actionDate>
        </latestAction>
        <type>HR</type>
        <congress>115</congress>
      </item>
    </relatedBills>
    <committees>
      <billCommittees>
        <item>
          <type>Standing</type>
          <subcommittees />
          <name>Ways and Means Committee</name>
          <activities>
            <item>
              <date>2017-01-03T17:23:15Z</date>
              <name>Referred to</name>
            </item>
          </activities>
          <systemCode>hswm00</systemCode>
          <chamber>House</chamber>
        </item>
      </billCommittees>
    </committees>
    <constitutionalAuthorityStatementText><![CDATA[<pre>From the Congressional Record Online through the Government Publishing Office [<a href='http://www.gpo.gov'>www.gpo.gov</a>]By Ms. PLASKETT:H.R. 185.Congress has the power to enact this legislation pursuantto the following:Article I Sections 7 and 8, All Bills for raising Revenueshall originate in the House of Representatives. The Congressshall have Power to Lay and collect Taxes, Duties, Impostsand Excises.[Page H51]</pre>]]></constitutionalAuthorityStatementText>
    <introducedDate>2017-01-03</introducedDate>
    <cosponsors>
      <item>
        <lastName>Bordallo</lastName>
        <bioguideId>B001245</bioguideId>
        <state>GU</state>
        <sponsorshipDate>2017-01-03</sponsorshipDate>
        <fullName>Rep. Bordallo, Madeleine Z. [D-GU-At Large]</fullName>
        <identifiers>
          <gpoId>7911</gpoId>
          <lisID>1723</lisID>
          <bioguideId>B001245</bioguideId>
        </identifiers>
        <middleName>Z.</middleName>
        <sponsorshipWithdrawnDate />
        <firstName>Madeleine</firstName>
        <isOriginalCosponsor>True</isOriginalCosponsor>
        <party>D</party>
        <district>0</district>
      </item>
    </cosponsors>
    <laws />
    <congress>115</congress>
    <recordedVotes />
    <amendments />
    <committeeReports />
    <billType>HR</billType>
    <billNumber>185</billNumber>
    <updateDate>2018-03-30T13:58:20Z</updateDate>
    <originChamber>House</originChamber>
  </bill>
  <dublinCore xmlns:dc="http://purl.org/dc/elements/1.1/">
    <dc:format>text/xml</dc:format>
    <dc:language>EN</dc:language>
    <dc:rights>Pursuant to Title 17 Section 105 of the United States Code, this file is not subject to copyright protection and is in the public domain.</dc:rights>
    <dc:contributor>Congressional Research Service, Library of Congress</dc:contributor>
    <dc:description>This file contains bill summaries and statuses for federal legislation. A bill summary describes the most significant provisions of a piece of legislation and details the effects the legislative text may have on current law and federal programs. Bill summaries are authored by the Congressional Research Service (CRS) of the Library of Congress. As stated in Public Law 91-510 (2 USC 166 (d)(6)), one of the duties of CRS is "to prepare summaries and digests of bills and resolutions of a public general nature introduced in the Senate or House of Representatives". For more information, refer to the User Guide that accompanies this file.</dc:description>
  </dublinCore>
</billStatus>

