<?xml version="1.0" encoding="UTF-8"?>
<billStatus>
  <bill>
    <introducedDate>2017-01-03</introducedDate>
    <createDate>2017-01-04T07:01:11Z</createDate>
    <policyArea>
      <name>Native Americans</name>
    </policyArea>
    <title>Eastern Band of Cherokee Historic Lands Reacquisition Act</title>
    <constitutionalAuthorityStatementText><![CDATA[<pre>[Congressional Record Volume 163, Number 1 (Tuesday, January 3, 2017)]From the Congressional Record Online through the Government Publishing Office [<a href='http://www.gpo.gov'>www.gpo.gov</a>]By Mr. FLEISCHMANN:H.R. 146.Congress has the power to enact this legislation pursuantto the following:Article IV, Section 3, Clause 2--The Congress shall havepower to dispose of and make all needful Rules and-Regulations respecting the Territory or other propertybelonging to the United States.[Page H50]</pre>]]></constitutionalAuthorityStatementText>
    <notes />
    <cosponsors>
      <item>
        <fullName>Rep. Roe, David P. [R-TN-1]</fullName>
        <middleName>P.</middleName>
        <identifiers>
          <lisID>1954</lisID>
          <gpoId>8148</gpoId>
          <bioguideId>R000582</bioguideId>
        </identifiers>
        <firstName>David</firstName>
        <party>R</party>
        <bioguideId>R000582</bioguideId>
        <sponsorshipDate>2017-01-10</sponsorshipDate>
        <sponsorshipWithdrawnDate />
        <state>TN</state>
        <lastName>Roe</lastName>
        <isOriginalCosponsor>False</isOriginalCosponsor>
        <district>1</district>
      </item>
      <item>
        <fullName>Rep. Jones, Walter B., Jr. [R-NC-3]</fullName>
        <middleName>B.</middleName>
        <identifiers>
          <gpoId>8026</gpoId>
          <lisID>612</lisID>
          <bioguideId>J000255</bioguideId>
        </identifiers>
        <firstName>WALTER</firstName>
        <party>R</party>
        <bioguideId>J000255</bioguideId>
        <sponsorshipDate>2017-01-10</sponsorshipDate>
        <sponsorshipWithdrawnDate />
        <state>NC</state>
        <lastName>JONES</lastName>
        <isOriginalCosponsor>False</isOriginalCosponsor>
        <district>3</district>
      </item>
      <item>
        <fullName>Rep. Cook, Paul [R-CA-8]</fullName>
        <middleName />
        <identifiers>
          <gpoId />
          <bioguideId>C001094</bioguideId>
          <lisID>2103</lisID>
        </identifiers>
        <firstName>Paul</firstName>
        <party>R</party>
        <bioguideId>C001094</bioguideId>
        <sponsorshipDate>2017-01-12</sponsorshipDate>
        <sponsorshipWithdrawnDate />
        <state>CA</state>
        <lastName>Cook</lastName>
        <isOriginalCosponsor>False</isOriginalCosponsor>
        <district>8</district>
      </item>
      <item>
        <fullName>Rep. Meadows, Mark [R-NC-11]</fullName>
        <middleName />
        <identifiers>
          <lisID>2142</lisID>
          <gpoId />
          <bioguideId>M001187</bioguideId>
        </identifiers>
        <firstName>Mark</firstName>
        <party>R</party>
        <bioguideId>M001187</bioguideId>
        <sponsorshipDate>2017-01-23</sponsorshipDate>
        <sponsorshipWithdrawnDate />
        <state>NC</state>
        <lastName>Meadows</lastName>
        <isOriginalCosponsor>False</isOriginalCosponsor>
        <district>11</district>
      </item>
      <item>
        <fullName>Rep. Denham, Jeff [R-CA-10]</fullName>
        <middleName />
        <identifiers>
          <lisID>1995</lisID>
          <gpoId>7824</gpoId>
          <bioguideId>D000612</bioguideId>
        </identifiers>
        <firstName>Jeff</firstName>
        <party>R</party>
        <bioguideId>D000612</bioguideId>
        <sponsorshipDate>2017-12-11</sponsorshipDate>
        <sponsorshipWithdrawnDate />
        <state>CA</state>
        <lastName>Denham</lastName>
        <isOriginalCosponsor>False</isOriginalCosponsor>
        <district>10</district>
      </item>
      <item>
        <fullName>Rep. Cole, Tom [R-OK-4]</fullName>
        <middleName />
        <identifiers>
          <lisID>1742</lisID>
          <gpoId>8112</gpoId>
          <bioguideId>C001053</bioguideId>
        </identifiers>
        <firstName>Tom</firstName>
        <party>R</party>
        <bioguideId>C001053</bioguideId>
        <sponsorshipDate>2018-01-16</sponsorshipDate>
        <sponsorshipWithdrawnDate />
        <state>OK</state>
        <lastName>Cole</lastName>
        <isOriginalCosponsor>False</isOriginalCosponsor>
        <district>4</district>
      </item>
      <item>
        <fullName>Rep. Hudson, Richard [R-NC-8]</fullName>
        <middleName />
        <identifiers>
          <gpoId />
          <bioguideId>H001067</bioguideId>
          <lisID>2140</lisID>
        </identifiers>
        <firstName>Richard</firstName>
        <party>R</party>
        <bioguideId>H001067</bioguideId>
        <sponsorshipDate>2018-02-06</sponsorshipDate>
        <sponsorshipWithdrawnDate />
        <state>NC</state>
        <lastName>Hudson</lastName>
        <isOriginalCosponsor>False</isOriginalCosponsor>
        <district>8</district>
      </item>
    </cosponsors>
    <actions>
      <actionTypeCounts>
        <actionStageOverride>1</actionStageOverride>
        <billReferrals>1</billReferrals>
        <unionCalendarAssignment>1</unionCalendarAssignment>
        <reportedToHouse>1</reportedToHouse>
        <introducedInHouse>1</introducedInHouse>
        <committeeReportOfABill>1</committeeReportOfABill>
        <introducedInTheHouse>1</introducedInTheHouse>
        <prayer>1</prayer>
        <placeholderTextForH>3</placeholderTextForH>
      </actionTypeCounts>
      <item>
        <type>Calendars</type>
        <sourceSystem>
          <code>2</code>
          <name>House floor actions</name>
        </sourceSystem>
        <actionCode>H12410</actionCode>
        <links />
        <text>Placed on the Union Calendar, Calendar No. 442.</text>
        <committee />
        <actionDate>2018-02-27</actionDate>
      </item>
      <item>
        <type>Committee</type>
        <sourceSystem>
          <code>2</code>
          <name>House floor actions</name>
        </sourceSystem>
        <actionCode>H12200</actionCode>
        <links>
          <link>
            <name>H. Rept. 115-584</name>
            <url>https://www.congress.gov/congressional-report/115th-congress/house-report/584</url>
          </link>
        </links>
        <text>Reported (Amended) by the Committee on Natural Resources. H. Rept. 115-584.</text>
        <committee>
          <systemCode>hsii00</systemCode>
          <name>Natural Resources Committee</name>
        </committee>
        <actionDate>2018-02-27</actionDate>
      </item>
      <item>
        <type>Committee</type>
        <sourceSystem>
          <code>9</code>
          <name>Library of Congress</name>
        </sourceSystem>
        <actionCode>5000</actionCode>
        <links>
          <link>
            <name>H. Rept. 115-584</name>
            <url>https://www.congress.gov/congressional-report/115th-congress/house-report/584</url>
          </link>
        </links>
        <text>Reported (Amended) by the Committee on Natural Resources. H. Rept. 115-584.</text>
        <committee>
          <systemCode>hsii00</systemCode>
          <name>Natural Resources Committee</name>
        </committee>
        <actionDate>2018-02-27</actionDate>
      </item>
      <item>
        <actionDate>2018-01-17</actionDate>
        <committee>
          <systemCode>hsii00</systemCode>
          <name>Natural Resources Committee</name>
        </committee>
        <links />
        <sourceSystem>
          <code>1</code>
          <name>House committee actions</name>
        </sourceSystem>
        <text>Ordered to be Reported (Amended) by Unanimous Consent.</text>
        <type>Committee</type>
      </item>
      <item>
        <actionDate>2018-01-17</actionDate>
        <committee>
          <systemCode>hsii00</systemCode>
          <name>Natural Resources Committee</name>
        </committee>
        <links />
        <sourceSystem>
          <code>1</code>
          <name>House committee actions</name>
        </sourceSystem>
        <text>Committee Consideration and Mark-up Session Held.</text>
        <type>Committee</type>
      </item>
      <item>
        <actionDate>2018-01-17</actionDate>
        <committee>
          <systemCode>hsii00</systemCode>
          <name>Natural Resources Committee</name>
        </committee>
        <links />
        <sourceSystem>
          <code>1</code>
          <name>House committee actions</name>
        </sourceSystem>
        <text>Subcommittee on Indian, Insular and Alaska Native Affairs Discharged.</text>
        <type>Committee</type>
      </item>
      <item>
        <actionDate>2017-10-04</actionDate>
        <committee>
          <systemCode>hsii24</systemCode>
          <name>Indian, Insular and Alaska Native Affairs Subcommittee</name>
        </committee>
        <links />
        <sourceSystem>
          <code>1</code>
          <name>House committee actions</name>
        </sourceSystem>
        <text>Subcommittee Hearings Held.</text>
        <type>Committee</type>
      </item>
      <item>
        <actionDate>2017-02-10</actionDate>
        <committee>
          <systemCode>hsii24</systemCode>
          <name>Indian, Insular and Alaska Native Affairs Subcommittee</name>
        </committee>
        <links />
        <sourceSystem>
          <code>1</code>
          <name>House committee actions</name>
        </sourceSystem>
        <text>Referred to the Subcommittee on Indian, Insular and Alaska Native Affairs.</text>
        <type>Committee</type>
      </item>
      <item>
        <type>IntroReferral</type>
        <sourceSystem>
          <code>2</code>
          <name>House floor actions</name>
        </sourceSystem>
        <actionCode>H11100</actionCode>
        <links />
        <text>Referred to the House Committee on Natural Resources.</text>
        <committee>
          <systemCode>hsii00</systemCode>
          <name>Natural Resources Committee</name>
        </committee>
        <actionDate>2017-01-03</actionDate>
      </item>
      <item>
        <type>IntroReferral</type>
        <sourceSystem>
          <code>9</code>
          <name>Library of Congress</name>
        </sourceSystem>
        <actionCode>Intro-H</actionCode>
        <links />
        <text>Introduced in House</text>
        <committee />
        <actionDate>2017-01-03</actionDate>
      </item>
      <item>
        <type>IntroReferral</type>
        <sourceSystem>
          <code>9</code>
          <name>Library of Congress</name>
        </sourceSystem>
        <actionCode>1000</actionCode>
        <links />
        <text>Introduced in House</text>
        <committee />
        <actionDate>2017-01-03</actionDate>
      </item>
      <actionByCounts>
        <houseOfRepresentatives>11</houseOfRepresentatives>
      </actionByCounts>
    </actions>
    <originChamber>House</originChamber>
    <latestAction>
      <actionDate>2018-02-27</actionDate>
      <text>Placed on the Union Calendar, Calendar No. 442.</text>
      <links />
    </latestAction>
    <calendarNumbers>
      <item>
        <calendar>U00442</calendar>
        <number />
      </item>
    </calendarNumbers>
    <committeeReports>
      <committeeReport>
        <citation>H. Rept. 115-584</citation>
      </committeeReport>
    </committeeReports>
    <congress>115</congress>
    <cboCostEstimates>
      <item>
        <pubDate>2018-02-23T21:22:00Z</pubDate>
        <url>https://www.cbo.gov/publication/53614</url>
        <title>H.R. 146, Eastern Band Cherokee Historic Lands Reacquisition Act</title>
      </item>
    </cboCostEstimates>
    <relatedBills />
    <billNumber>146</billNumber>
    <amendments />
    <committees>
      <billCommittees>
        <item>
          <activities>
            <item>
              <date>2018-02-27T21:34:20Z</date>
              <name>Reported by</name>
            </item>
            <item>
              <date>2018-01-17T17:55:16Z</date>
              <name>Markup by</name>
            </item>
            <item>
              <date>2017-01-03T17:15:50Z</date>
              <name>Referred to</name>
            </item>
          </activities>
          <systemCode>hsii00</systemCode>
          <chamber>House</chamber>
          <type>Standing</type>
          <name>Natural Resources Committee</name>
          <subcommittees>
            <item>
              <activities>
                <item>
                  <date>2018-01-17T17:52:01Z</date>
                  <name>Discharged from</name>
                </item>
                <item>
                  <date>2017-10-04T20:17:05Z</date>
                  <name>Hearings by</name>
                </item>
                <item>
                  <date>2017-02-10T16:53:49Z</date>
                  <name>Referred to</name>
                </item>
              </activities>
              <systemCode>hsii24</systemCode>
              <name>Indian, Insular and Alaska Native Affairs Subcommittee</name>
            </item>
          </subcommittees>
        </item>
      </billCommittees>
    </committees>
    <updateDate>2018-03-30T13:58:11Z</updateDate>
    <summaries>
      <billSummaries>
        <item>
          <actionDesc>Introduced in House</actionDesc>
          <text><![CDATA[<p><b>Eastern Band Cherokee Historic Lands Reacquisition Act</b></p> <p>This bill takes specified lands and easements in Monroe County, Tennessee, into trust for the benefit of the Eastern Band of Cherokee Indians. These lands include the Sequoyah Museum, the Chota Memorial, the Tanasi Memorial, and land to provide support for these properties and cultural programs.</p> <p>The TVA maintains its right to carry out river control and development on these lands, including temporarily and intermittently flooding certain lands. The bill specifies the structures that may be constructed with the TVA's consent on certain lands subject to flooding.</p> <p>The TVA must be compensated for lost hydropower capacity from future development of these lands.</p> Gaming on these lands is prohibited.]]></text>
          <lastSummaryUpdateDate>2017-01-17T22:24:04Z</lastSummaryUpdateDate>
          <name>Introduced in House</name>
          <versionCode>00</versionCode>
          <updateDate>2017-01-03T05:00:00Z</updateDate>
          <actionDate>2017-01-03</actionDate>
        </item>
      </billSummaries>
    </summaries>
    <recordedVotes />
    <version>1.0.0</version>
    <sponsors>
      <item>
        <firstName>Charles</firstName>
        <byRequestType />
        <fullName>Rep. Fleischmann, Charles J. "Chuck" [R-TN-3]</fullName>
        <bioguideId>F000459</bioguideId>
        <state>TN</state>
        <district>3</district>
        <party>R</party>
        <identifiers>
          <bioguideId>F000459</bioguideId>
          <lisID>2061</lisID>
          <gpoId>8150</gpoId>
        </identifiers>
        <middleName>J. "Chuck"</middleName>
        <lastName>Fleischmann</lastName>
      </item>
    </sponsors>
    <subjects>
      <billSubjects>
        <legislativeSubjects>
          <item>
            <name>Alternative and renewable resources</name>
          </item>
          <item>
            <name>Electric power generation and transmission</name>
          </item>
          <item>
            <name>Floods and storm protection</name>
          </item>
          <item>
            <name>Historic sites and heritage areas</name>
          </item>
          <item>
            <name>Historical and cultural resources</name>
          </item>
          <item>
            <name>Indian lands and resources rights</name>
          </item>
          <item>
            <name>Lakes and rivers</name>
          </item>
          <item>
            <name>Land transfers</name>
          </item>
          <item>
            <name>Land use and conservation</name>
          </item>
          <item>
            <name>Monuments and memorials</name>
          </item>
          <item>
            <name>Museums, exhibitions, cultural centers</name>
          </item>
          <item>
            <name>Parks, recreation areas, trails</name>
          </item>
          <item>
            <name>Tennessee</name>
          </item>
          <item>
            <name>Water storage</name>
          </item>
          <item>
            <name>Water use and supply</name>
          </item>
        </legislativeSubjects>
        <policyArea>
          <name>Native Americans</name>
        </policyArea>
      </billSubjects>
    </subjects>
    <billType>HR</billType>
    <laws />
    <titles>
      <item>
        <titleType>Short Titles as Reported to House</titleType>
        <chamberCode>H</chamberCode>
        <parentTitleType>Short Titles House of Representatives</parentTitleType>
        <chamberName>House</chamberName>
        <title>Eastern Band of Cherokee Historic Lands Reacquisition Act</title>
      </item>
      <item>
        <titleType>Short Titles as Introduced</titleType>
        <chamberCode />
        <parentTitleType />
        <chamberName />
        <title>Eastern Band Cherokee Historic Lands Reacquisition Act</title>
      </item>
      <item>
        <titleType>Official Title as Introduced</titleType>
        <chamberCode />
        <parentTitleType />
        <chamberName />
        <title>To take certain Federal lands in Tennessee into trust for the benefit of the Eastern Band of Cherokee Indians, and for other purposes.</title>
      </item>
      <item>
        <titleType>Display Title</titleType>
        <chamberCode />
        <parentTitleType />
        <chamberName />
        <title>Eastern Band of Cherokee Historic Lands Reacquisition Act</title>
      </item>
      <item>
        <titleType>(Extracted from GPO) Short Titles as Reported to House</titleType>
        <chamberCode>H</chamberCode>
        <parentTitleType />
        <chamberName>House</chamberName>
        <title>Eastern Band of Cherokee Historic Lands Reacquisition Act</title>
      </item>
      <item>
        <titleType>(Extracted from GPO) Short Titles as Introduced</titleType>
        <chamberCode />
        <parentTitleType />
        <chamberName />
        <title>Eastern Band Cherokee Historic Lands Reacquisition Act</title>
      </item>
    </titles>
  </bill>
  <dublinCore xmlns:dc="http://purl.org/dc/elements/1.1/">
    <dc:format>text/xml</dc:format>
    <dc:language>EN</dc:language>
    <dc:rights>Pursuant to Title 17 Section 105 of the United States Code, this file is not subject to copyright protection and is in the public domain.</dc:rights>
    <dc:contributor>Congressional Research Service, Library of Congress</dc:contributor>
    <dc:description>This file contains bill summaries and statuses for federal legislation. A bill summary describes the most significant provisions of a piece of legislation and details the effects the legislative text may have on current law and federal programs. Bill summaries are authored by the Congressional Research Service (CRS) of the Library of Congress. As stated in Public Law 91-510 (2 USC 166 (d)(6)), one of the duties of CRS is "to prepare summaries and digests of bills and resolutions of a public general nature introduced in the Senate or House of Representatives". For more information, refer to the User Guide that accompanies this file.</dc:description>
  </dublinCore>
</billStatus>

