<?xml version="1.0" encoding="UTF-8"?>
<billStatus>
  <bill>
    <titles>
      <item>
        <title>Protection of Military Airfields from Wind Turbine Encroachment Act</title>
        <parentTitleType />
        <chamberCode />
        <titleType>Short Titles as Introduced</titleType>
        <chamberName />
      </item>
      <item>
        <title>To amend the Internal Revenue Code of 1986 to ensure that new wind turbines located near certain military installations are ineligible for the renewable electricity production credit and the energy credit.</title>
        <parentTitleType />
        <chamberCode />
        <titleType>Official Title as Introduced</titleType>
        <chamberName />
      </item>
      <item>
        <title>Protection of Military Airfields from Wind Turbine Encroachment Act</title>
        <parentTitleType />
        <chamberCode />
        <titleType>Display Title</titleType>
        <chamberName />
      </item>
      <item>
        <title>Protection of Military Airfields from Wind Turbine Encroachment Act</title>
        <parentTitleType />
        <chamberCode />
        <titleType>(Extracted from GPO) Short Titles as Introduced</titleType>
        <chamberName />
      </item>
    </titles>
    <policyArea>
      <name>Taxation</name>
    </policyArea>
    <amendments />
    <billNumber>649</billNumber>
    <version>1.0.0</version>
    <congress>115</congress>
    <calendarNumbers />
    <createDate>2017-01-25T04:45:55Z</createDate>
    <updateDate>2018-03-30T14:00:41Z</updateDate>
    <latestAction>
      <actionDate>2017-01-24</actionDate>
      <links />
      <text>Referred to the House Committee on Ways and Means.</text>
    </latestAction>
    <laws />
    <sponsors>
      <item>
        <fullName>Rep. Collins, Chris [R-NY-27]</fullName>
        <bioguideId>C001092</bioguideId>
        <lastName>Collins</lastName>
        <byRequestType />
        <firstName>Chris</firstName>
        <district>27</district>
        <state>NY</state>
        <middleName />
        <party>R</party>
        <identifiers>
          <lisID>2151</lisID>
          <gpoId />
          <bioguideId>C001092</bioguideId>
        </identifiers>
      </item>
    </sponsors>
    <originChamber>House</originChamber>
    <constitutionalAuthorityStatementText><![CDATA[<pre>From the Congressional Record Online through the Government Publishing Office [<a href='http://www.gpo.gov'>www.gpo.gov</a>]By Mr. COLLINS of New York:H.R. 649.Congress has the power to enact this legislation pursuantto the following:Article I, Section 8 of the United States Constitution.[Page H688]</pre>]]></constitutionalAuthorityStatementText>
    <cosponsors>
      <item>
        <state>TX</state>
        <middleName />
        <fullName>Rep. Farenthold, Blake [R-TX-27]</fullName>
        <sponsorshipDate>2017-01-24</sponsorshipDate>
        <firstName>Blake</firstName>
        <sponsorshipWithdrawnDate />
        <bioguideId>F000460</bioguideId>
        <lastName>Farenthold</lastName>
        <district>27</district>
        <party>R</party>
        <isOriginalCosponsor>True</isOriginalCosponsor>
        <identifiers>
          <gpoId>8183</gpoId>
          <lisID>2067</lisID>
          <bioguideId>F000460</bioguideId>
        </identifiers>
      </item>
      <item>
        <state>NC</state>
        <middleName>B.</middleName>
        <fullName>Rep. Jones, Walter B., Jr. [R-NC-3]</fullName>
        <sponsorshipDate>2017-01-24</sponsorshipDate>
        <firstName>WALTER</firstName>
        <sponsorshipWithdrawnDate />
        <bioguideId>J000255</bioguideId>
        <lastName>JONES</lastName>
        <district>3</district>
        <party>R</party>
        <isOriginalCosponsor>True</isOriginalCosponsor>
        <identifiers>
          <bioguideId>J000255</bioguideId>
          <gpoId>8026</gpoId>
          <lisID>612</lisID>
        </identifiers>
      </item>
      <item>
        <state>OK</state>
        <middleName />
        <fullName>Rep. Russell, Steve [R-OK-5]</fullName>
        <sponsorshipDate>2017-05-23</sponsorshipDate>
        <firstName>Steve</firstName>
        <sponsorshipWithdrawnDate />
        <bioguideId>R000604</bioguideId>
        <lastName>Russell</lastName>
        <district>5</district>
        <party>R</party>
        <isOriginalCosponsor>False</isOriginalCosponsor>
        <identifiers>
          <lisID>2265</lisID>
          <gpoId />
          <bioguideId>R000604</bioguideId>
        </identifiers>
      </item>
    </cosponsors>
    <billType>HR</billType>
    <notes />
    <summaries>
      <billSummaries>
        <item>
          <lastSummaryUpdateDate>2017-02-02T13:40:58Z</lastSummaryUpdateDate>
          <updateDate>2017-01-24T05:00:00Z</updateDate>
          <text><![CDATA[<p><b>Protection of Military Airfields from Wind Turbine Encroachment Act </b></p> <p>This bill amends the Internal Revenue Code to make new wind facilities located near certain military installations ineligible for the tax credits for: (1) electricity produced from renewable resources, and (2) investments in qualified small wind energy property. </p> <p>The bill applies to facilities that are originally placed in service after the enactment of this bill and are located within a 50-mile radius of: (1) an airfield or airbase that is under the jurisdiction of a military department and in active use; or (2) an air traffic control radar site, weather radar site, or aircraft navigation aid that is owned or operated by the Department of Defense and is a permanent land-based structure at a fixed location. </p>]]></text>
          <actionDesc>Introduced in House</actionDesc>
          <versionCode>00</versionCode>
          <actionDate>2017-01-24</actionDate>
          <name>Introduced in House</name>
        </item>
      </billSummaries>
    </summaries>
    <relatedBills>
      <item>
        <latestTitle>Protection of Military Airfields from Wind Turbine Encroachment Act</latestTitle>
        <number>201</number>
        <relationshipDetails>
          <item>
            <identifiedBy>CRS</identifiedBy>
            <type>Related bill</type>
          </item>
        </relationshipDetails>
        <latestAction>
          <text>Read twice and referred to the Committee on Finance. (text of measure as introduced: CR S447)</text>
          <actionDate>2017-01-24</actionDate>
        </latestAction>
        <type>S</type>
        <congress>115</congress>
      </item>
    </relatedBills>
    <committees>
      <billCommittees>
        <item>
          <subcommittees />
          <name>Ways and Means Committee</name>
          <systemCode>hswm00</systemCode>
          <chamber>House</chamber>
          <activities>
            <item>
              <date>2017-01-24T15:02:20Z</date>
              <name>Referred to</name>
            </item>
          </activities>
          <type>Standing</type>
        </item>
      </billCommittees>
    </committees>
    <cboCostEstimates />
    <subjects>
      <billSubjects>
        <legislativeSubjects>
          <item>
            <name>Alternative and renewable resources</name>
          </item>
          <item>
            <name>Aviation and airports</name>
          </item>
          <item>
            <name>Electric power generation and transmission</name>
          </item>
          <item>
            <name>Income tax credits</name>
          </item>
          <item>
            <name>Military facilities and property</name>
          </item>
        </legislativeSubjects>
        <policyArea>
          <name>Taxation</name>
        </policyArea>
      </billSubjects>
    </subjects>
    <committeeReports />
    <title>Protection of Military Airfields from Wind Turbine Encroachment Act</title>
    <recordedVotes />
    <actions>
      <actionTypeCounts>
        <introducedInHouse>1</introducedInHouse>
        <introducedInTheHouse>1</introducedInTheHouse>
        <billReferrals>1</billReferrals>
      </actionTypeCounts>
      <item>
        <actionDate>2017-01-24</actionDate>
        <type>IntroReferral</type>
        <links />
        <text>Referred to the House Committee on Ways and Means.</text>
        <actionCode>H11100</actionCode>
        <sourceSystem>
          <code>2</code>
          <name>House floor actions</name>
        </sourceSystem>
        <committee>
          <systemCode>hswm00</systemCode>
          <name>Ways and Means Committee</name>
        </committee>
      </item>
      <item>
        <actionDate>2017-01-24</actionDate>
        <type>IntroReferral</type>
        <links />
        <text>Introduced in House</text>
        <actionCode>Intro-H</actionCode>
        <sourceSystem>
          <code>9</code>
          <name>Library of Congress</name>
        </sourceSystem>
        <committee />
      </item>
      <item>
        <actionDate>2017-01-24</actionDate>
        <type>IntroReferral</type>
        <links />
        <text>Introduced in House</text>
        <actionCode>1000</actionCode>
        <sourceSystem>
          <code>9</code>
          <name>Library of Congress</name>
        </sourceSystem>
        <committee />
      </item>
      <actionByCounts>
        <houseOfRepresentatives>3</houseOfRepresentatives>
      </actionByCounts>
    </actions>
    <introducedDate>2017-01-24</introducedDate>
  </bill>
  <dublinCore xmlns:dc="http://purl.org/dc/elements/1.1/">
    <dc:format>text/xml</dc:format>
    <dc:language>EN</dc:language>
    <dc:rights>Pursuant to Title 17 Section 105 of the United States Code, this file is not subject to copyright protection and is in the public domain.</dc:rights>
    <dc:contributor>Congressional Research Service, Library of Congress</dc:contributor>
    <dc:description>This file contains bill summaries and statuses for federal legislation. A bill summary describes the most significant provisions of a piece of legislation and details the effects the legislative text may have on current law and federal programs. Bill summaries are authored by the Congressional Research Service (CRS) of the Library of Congress. As stated in Public Law 91-510 (2 USC 166 (d)(6)), one of the duties of CRS is "to prepare summaries and digests of bills and resolutions of a public general nature introduced in the Senate or House of Representatives". For more information, refer to the User Guide that accompanies this file.</dc:description>
  </dublinCore>
</billStatus>

