<?xml version="1.0" encoding="UTF-8"?>
<billStatus>
  <bill>
    <createDate>2017-01-11T05:09:42Z</createDate>
    <billType>HR</billType>
    <originChamber>House</originChamber>
    <titles>
      <item>
        <titleType>Short Titles as Introduced</titleType>
        <chamberCode />
        <chamberName />
        <parentTitleType />
        <title>Asylum Reform and Border Protection Act of 2017</title>
      </item>
      <item>
        <titleType>Official Title as Introduced</titleType>
        <chamberCode />
        <chamberName />
        <parentTitleType />
        <title>To modify the treatment of unaccompanied alien children who are in Federal custody by reason of their immigration status, and for other purposes.</title>
      </item>
      <item>
        <titleType>Display Title</titleType>
        <chamberCode />
        <chamberName />
        <parentTitleType />
        <title>Asylum Reform and Border Protection Act of 2017</title>
      </item>
      <item>
        <titleType>(Extracted from GPO) Short Titles as Introduced</titleType>
        <chamberCode />
        <chamberName />
        <parentTitleType />
        <title>Asylum Reform and Border Protection Act of 2017</title>
      </item>
    </titles>
    <recordedVotes />
    <committees>
      <billCommittees>
        <item>
          <systemCode>hsju00</systemCode>
          <subcommittees>
            <item>
              <name>Immigration and Border Security Subcommittee</name>
              <systemCode>hsju01</systemCode>
              <activities>
                <item>
                  <date>2017-02-06T22:28:24Z</date>
                  <name>Referred to</name>
                </item>
              </activities>
            </item>
          </subcommittees>
          <name>Judiciary Committee</name>
          <type>Standing</type>
          <chamber>House</chamber>
          <activities>
            <item>
              <date>2017-07-26T13:22:40Z</date>
              <name>Markup by</name>
            </item>
            <item>
              <date>2017-01-10T15:02:45Z</date>
              <name>Referred to</name>
            </item>
          </activities>
        </item>
        <item>
          <systemCode>hsfa00</systemCode>
          <subcommittees />
          <name>Foreign Affairs Committee</name>
          <type>Standing</type>
          <chamber>House</chamber>
          <activities>
            <item>
              <date>2017-01-10T15:02:50Z</date>
              <name>Referred to</name>
            </item>
          </activities>
        </item>
      </billCommittees>
    </committees>
    <latestAction>
      <text>Ordered to be Reported (Amended) by the Yeas and Nays: 19 - 11.</text>
      <actionDate>2017-07-26</actionDate>
      <links />
    </latestAction>
    <billNumber>391</billNumber>
    <notes />
    <committeeReports />
    <constitutionalAuthorityStatementText><![CDATA[<pre>From the Congressional Record Online through the Government Publishing Office [<a href='http://www.gpo.gov'>www.gpo.gov</a>]By Mr. CHAFFETZ:H.R. 391.Congress has the power to enact this legislation pursuantto the following:Article 1, Section 8, Clauses 4 and 18 of the U.S.Constitution[Page H299]</pre>]]></constitutionalAuthorityStatementText>
    <cosponsors>
      <item>
        <sponsorshipDate>2017-01-10</sponsorshipDate>
        <state>TN</state>
        <lastName>Black</lastName>
        <firstName>Diane</firstName>
        <sponsorshipWithdrawnDate />
        <middleName />
        <identifiers>
          <lisID>2063</lisID>
          <gpoId>8153</gpoId>
          <bioguideId>B001273</bioguideId>
        </identifiers>
        <fullName>Rep. Black, Diane [R-TN-6]</fullName>
        <bioguideId>B001273</bioguideId>
        <isOriginalCosponsor>True</isOriginalCosponsor>
        <district>6</district>
        <party>R</party>
      </item>
      <item>
        <sponsorshipDate>2017-01-10</sponsorshipDate>
        <state>AL</state>
        <lastName>Brooks</lastName>
        <firstName>Mo</firstName>
        <sponsorshipWithdrawnDate />
        <middleName />
        <identifiers>
          <gpoId>7790</gpoId>
          <bioguideId>B001274</bioguideId>
          <lisID>1987</lisID>
        </identifiers>
        <fullName>Rep. Brooks, Mo [R-AL-5]</fullName>
        <bioguideId>B001274</bioguideId>
        <isOriginalCosponsor>True</isOriginalCosponsor>
        <district>5</district>
        <party>R</party>
      </item>
      <item>
        <sponsorshipDate>2017-01-10</sponsorshipDate>
        <state>GA</state>
        <lastName>Carter</lastName>
        <firstName>Earl</firstName>
        <sponsorshipWithdrawnDate />
        <middleName>L. "Buddy"</middleName>
        <identifiers>
          <bioguideId>C001103</bioguideId>
          <lisID>2236</lisID>
          <gpoId />
        </identifiers>
        <fullName>Rep. Carter, Earl L. "Buddy" [R-GA-1]</fullName>
        <bioguideId>C001103</bioguideId>
        <isOriginalCosponsor>True</isOriginalCosponsor>
        <district>1</district>
        <party>R</party>
      </item>
      <item>
        <sponsorshipDate>2017-01-10</sponsorshipDate>
        <state>TX</state>
        <lastName>Carter</lastName>
        <firstName>John</firstName>
        <sponsorshipWithdrawnDate />
        <middleName>R.</middleName>
        <identifiers>
          <gpoId>8187</gpoId>
          <lisID>1752</lisID>
          <bioguideId>C001051</bioguideId>
        </identifiers>
        <fullName>Rep. Carter, John R. [R-TX-31]</fullName>
        <bioguideId>C001051</bioguideId>
        <isOriginalCosponsor>True</isOriginalCosponsor>
        <district>31</district>
        <party>R</party>
      </item>
      <item>
        <sponsorshipDate>2017-01-10</sponsorshipDate>
        <state>OH</state>
        <lastName>CHABOT</lastName>
        <firstName>STEVE</firstName>
        <sponsorshipWithdrawnDate />
        <middleName />
        <identifiers>
          <gpoId>8091</gpoId>
          <bioguideId>C000266</bioguideId>
          <lisID>186</lisID>
        </identifiers>
        <fullName>Rep. Chabot, Steve [R-OH-1]</fullName>
        <bioguideId>C000266</bioguideId>
        <isOriginalCosponsor>True</isOriginalCosponsor>
        <district>1</district>
        <party>R</party>
      </item>
      <item>
        <sponsorshipDate>2017-01-10</sponsorshipDate>
        <state>SC</state>
        <lastName>Duncan</lastName>
        <firstName>Jeff</firstName>
        <sponsorshipWithdrawnDate />
        <middleName />
        <identifiers>
          <lisID>2057</lisID>
          <gpoId>8143</gpoId>
          <bioguideId>D000615</bioguideId>
        </identifiers>
        <fullName>Rep. Duncan, Jeff [R-SC-3]</fullName>
        <bioguideId>D000615</bioguideId>
        <isOriginalCosponsor>True</isOriginalCosponsor>
        <district>3</district>
        <party>R</party>
      </item>
      <item>
        <sponsorshipDate>2017-01-10</sponsorshipDate>
        <state>TX</state>
        <lastName>Farenthold</lastName>
        <firstName>Blake</firstName>
        <sponsorshipWithdrawnDate />
        <middleName />
        <identifiers>
          <lisID>2067</lisID>
          <gpoId>8183</gpoId>
          <bioguideId>F000460</bioguideId>
        </identifiers>
        <fullName>Rep. Farenthold, Blake [R-TX-27]</fullName>
        <bioguideId>F000460</bioguideId>
        <isOriginalCosponsor>True</isOriginalCosponsor>
        <district>27</district>
        <party>R</party>
      </item>
      <item>
        <sponsorshipDate>2017-01-10</sponsorshipDate>
        <state>AZ</state>
        <lastName>Gosar</lastName>
        <firstName>Paul</firstName>
        <sponsorshipWithdrawnDate />
        <middleName>A.</middleName>
        <identifiers>
          <bioguideId>G000565</bioguideId>
          <gpoId>7798</gpoId>
          <lisID>1992</lisID>
        </identifiers>
        <fullName>Rep. Gosar, Paul A. [R-AZ-4]</fullName>
        <bioguideId>G000565</bioguideId>
        <isOriginalCosponsor>True</isOriginalCosponsor>
        <district>4</district>
        <party>R</party>
      </item>
      <item>
        <sponsorshipDate>2017-01-10</sponsorshipDate>
        <state>SC</state>
        <lastName>Gowdy</lastName>
        <firstName>Trey</firstName>
        <sponsorshipWithdrawnDate />
        <middleName />
        <identifiers>
          <lisID>2058</lisID>
          <gpoId>8144</gpoId>
          <bioguideId>G000566</bioguideId>
        </identifiers>
        <fullName>Rep. Gowdy, Trey [R-SC-4]</fullName>
        <bioguideId>G000566</bioguideId>
        <isOriginalCosponsor>True</isOriginalCosponsor>
        <district>4</district>
        <party>R</party>
      </item>
      <item>
        <sponsorshipDate>2017-01-10</sponsorshipDate>
        <state>GA</state>
        <lastName>Hice</lastName>
        <firstName>Jody</firstName>
        <sponsorshipWithdrawnDate />
        <middleName>B.</middleName>
        <identifiers>
          <bioguideId>H001071</bioguideId>
          <gpoId />
          <lisID>2237</lisID>
        </identifiers>
        <fullName>Rep. Hice, Jody B. [R-GA-10]</fullName>
        <bioguideId>H001071</bioguideId>
        <isOriginalCosponsor>True</isOriginalCosponsor>
        <district>10</district>
        <party>R</party>
      </item>
      <item>
        <sponsorshipDate>2017-01-10</sponsorshipDate>
        <state>NJ</state>
        <lastName>Lance</lastName>
        <firstName>Leonard</firstName>
        <sponsorshipWithdrawnDate />
        <middleName />
        <identifiers>
          <gpoId>8049</gpoId>
          <lisID>1936</lisID>
          <bioguideId>L000567</bioguideId>
        </identifiers>
        <fullName>Rep. Lance, Leonard [R-NJ-7]</fullName>
        <bioguideId>L000567</bioguideId>
        <isOriginalCosponsor>True</isOriginalCosponsor>
        <district>7</district>
        <party>R</party>
      </item>
      <item>
        <sponsorshipDate>2017-01-10</sponsorshipDate>
        <state>NC</state>
        <lastName>Pittenger</lastName>
        <firstName>Robert</firstName>
        <sponsorshipWithdrawnDate />
        <middleName />
        <identifiers>
          <lisID>2141</lisID>
          <gpoId />
          <bioguideId>P000606</bioguideId>
        </identifiers>
        <fullName>Rep. Pittenger, Robert [R-NC-9]</fullName>
        <bioguideId>P000606</bioguideId>
        <isOriginalCosponsor>True</isOriginalCosponsor>
        <district>9</district>
        <party>R</party>
      </item>
      <item>
        <sponsorshipDate>2017-01-10</sponsorshipDate>
        <state>TX</state>
        <lastName>SMITH</lastName>
        <firstName>LAMAR</firstName>
        <sponsorshipWithdrawnDate />
        <middleName />
        <identifiers>
          <lisID>1075</lisID>
          <gpoId>8177</gpoId>
          <bioguideId>S000583</bioguideId>
        </identifiers>
        <fullName>Rep. Smith, Lamar [R-TX-21]</fullName>
        <bioguideId>S000583</bioguideId>
        <isOriginalCosponsor>True</isOriginalCosponsor>
        <district>21</district>
        <party>R</party>
      </item>
      <item>
        <sponsorshipDate>2017-01-10</sponsorshipDate>
        <state>FL</state>
        <lastName>Webster</lastName>
        <firstName>Daniel</firstName>
        <sponsorshipWithdrawnDate />
        <middleName />
        <identifiers>
          <lisID>2002</lisID>
          <gpoId>7880</gpoId>
          <bioguideId>W000806</bioguideId>
        </identifiers>
        <fullName>Rep. Webster, Daniel [R-FL-11]</fullName>
        <bioguideId>W000806</bioguideId>
        <isOriginalCosponsor>True</isOriginalCosponsor>
        <district>11</district>
        <party>R</party>
      </item>
      <item>
        <sponsorshipDate>2017-01-10</sponsorshipDate>
        <state>NY</state>
        <lastName>Zeldin</lastName>
        <firstName>Lee</firstName>
        <sponsorshipWithdrawnDate />
        <middleName>M.</middleName>
        <identifiers>
          <bioguideId>Z000017</bioguideId>
          <lisID>2261</lisID>
          <gpoId />
        </identifiers>
        <fullName>Rep. Zeldin, Lee M. [R-NY-1]</fullName>
        <bioguideId>Z000017</bioguideId>
        <isOriginalCosponsor>True</isOriginalCosponsor>
        <district>1</district>
        <party>R</party>
      </item>
      <item>
        <sponsorshipDate>2017-01-10</sponsorshipDate>
        <state>NC</state>
        <lastName>Hudson</lastName>
        <firstName>Richard</firstName>
        <sponsorshipWithdrawnDate />
        <middleName />
        <identifiers>
          <lisID>2140</lisID>
          <gpoId />
          <bioguideId>H001067</bioguideId>
        </identifiers>
        <fullName>Rep. Hudson, Richard [R-NC-8]</fullName>
        <bioguideId>H001067</bioguideId>
        <isOriginalCosponsor>True</isOriginalCosponsor>
        <district>8</district>
        <party>R</party>
      </item>
      <item>
        <sponsorshipDate>2017-01-12</sponsorshipDate>
        <state>PA</state>
        <lastName>Barletta</lastName>
        <firstName>Lou</firstName>
        <sponsorshipWithdrawnDate />
        <middleName />
        <identifiers>
          <lisID>2054</lisID>
          <gpoId>8129</gpoId>
          <bioguideId>B001269</bioguideId>
        </identifiers>
        <fullName>Rep. Barletta, Lou [R-PA-11]</fullName>
        <bioguideId>B001269</bioguideId>
        <isOriginalCosponsor>False</isOriginalCosponsor>
        <district>11</district>
        <party>R</party>
      </item>
      <item>
        <sponsorshipDate>2017-02-01</sponsorshipDate>
        <state>FL</state>
        <lastName>Rooney</lastName>
        <firstName>Francis</firstName>
        <sponsorshipWithdrawnDate />
        <middleName />
        <identifiers>
          <lisID>2323</lisID>
          <gpoId />
          <bioguideId>R000607</bioguideId>
        </identifiers>
        <fullName>Rep. Rooney, Francis [R-FL-19]</fullName>
        <bioguideId>R000607</bioguideId>
        <isOriginalCosponsor>False</isOriginalCosponsor>
        <district>19</district>
        <party>R</party>
      </item>
      <item>
        <sponsorshipDate>2017-02-13</sponsorshipDate>
        <state>VA</state>
        <lastName>Brat</lastName>
        <firstName>Dave</firstName>
        <sponsorshipWithdrawnDate />
        <middleName />
        <identifiers>
          <bioguideId>B001290</bioguideId>
          <gpoId />
          <lisID>2203</lisID>
        </identifiers>
        <fullName>Rep. Brat, Dave [R-VA-7]</fullName>
        <bioguideId>B001290</bioguideId>
        <isOriginalCosponsor>False</isOriginalCosponsor>
        <district>7</district>
        <party>R</party>
      </item>
      <item>
        <sponsorshipDate>2017-02-27</sponsorshipDate>
        <state>GA</state>
        <lastName>Graves</lastName>
        <firstName>Tom</firstName>
        <sponsorshipWithdrawnDate />
        <middleName />
        <identifiers>
          <gpoId>7906</gpoId>
          <bioguideId>G000560</bioguideId>
          <lisID>1979</lisID>
        </identifiers>
        <fullName>Rep. Graves, Tom [R-GA-14]</fullName>
        <bioguideId>G000560</bioguideId>
        <isOriginalCosponsor>False</isOriginalCosponsor>
        <district>14</district>
        <party>R</party>
      </item>
      <item>
        <sponsorshipDate>2017-03-15</sponsorshipDate>
        <state>TX</state>
        <lastName>Hensarling</lastName>
        <firstName>Jeb</firstName>
        <sponsorshipWithdrawnDate />
        <middleName />
        <identifiers>
          <bioguideId>H001036</bioguideId>
          <gpoId>8161</gpoId>
          <lisID>1749</lisID>
        </identifiers>
        <fullName>Rep. Hensarling, Jeb [R-TX-5]</fullName>
        <bioguideId>H001036</bioguideId>
        <isOriginalCosponsor>False</isOriginalCosponsor>
        <district>5</district>
        <party>R</party>
      </item>
      <item>
        <sponsorshipDate>2017-06-07</sponsorshipDate>
        <state>TX</state>
        <lastName>SESSIONS</lastName>
        <firstName>PETE</firstName>
        <sponsorshipWithdrawnDate />
        <middleName />
        <identifiers>
          <lisID>1525</lisID>
          <gpoId>8188</gpoId>
          <bioguideId>S000250</bioguideId>
        </identifiers>
        <fullName>Rep. Sessions, Pete [R-TX-32]</fullName>
        <bioguideId>S000250</bioguideId>
        <isOriginalCosponsor>False</isOriginalCosponsor>
        <district>32</district>
        <party>R</party>
      </item>
      <item>
        <sponsorshipDate>2017-10-12</sponsorshipDate>
        <state>IN</state>
        <lastName>Banks</lastName>
        <firstName>Jim</firstName>
        <sponsorshipWithdrawnDate />
        <middleName />
        <identifiers>
          <lisID>2326</lisID>
          <gpoId />
          <bioguideId>B001299</bioguideId>
        </identifiers>
        <fullName>Rep. Banks, Jim [R-IN-3]</fullName>
        <bioguideId>B001299</bioguideId>
        <isOriginalCosponsor>False</isOriginalCosponsor>
        <district>3</district>
        <party>R</party>
      </item>
      <item>
        <sponsorshipDate>2017-11-13</sponsorshipDate>
        <state>PA</state>
        <lastName>Perry</lastName>
        <firstName>Scott</firstName>
        <sponsorshipWithdrawnDate />
        <middleName />
        <identifiers>
          <bioguideId>P000605</bioguideId>
          <lisID>2157</lisID>
          <gpoId />
        </identifiers>
        <fullName>Rep. Perry, Scott [R-PA-4]</fullName>
        <bioguideId>P000605</bioguideId>
        <isOriginalCosponsor>False</isOriginalCosponsor>
        <district>4</district>
        <party>R</party>
      </item>
    </cosponsors>
    <cboCostEstimates />
    <sponsors>
      <item>
        <state>UT</state>
        <bioguideId>C001076</bioguideId>
        <fullName>Rep. Chaffetz, Jason [R-UT-3]</fullName>
        <identifiers>
          <lisID>1956</lisID>
          <gpoId>8191</gpoId>
          <bioguideId>C001076</bioguideId>
        </identifiers>
        <middleName />
        <firstName>Jason</firstName>
        <district>3</district>
        <lastName>Chaffetz</lastName>
        <byRequestType />
        <party>R</party>
      </item>
    </sponsors>
    <actions>
      <actionByCounts>
        <houseOfRepresentatives>9</houseOfRepresentatives>
      </actionByCounts>
      <item>
        <actionDate>2017-07-26</actionDate>
        <committee>
          <name>Judiciary Committee</name>
          <systemCode>hsju00</systemCode>
        </committee>
        <links />
        <sourceSystem>
          <name>House committee actions</name>
          <code>1</code>
        </sourceSystem>
        <text>Ordered to be Reported (Amended) by the Yeas and Nays: 19 - 11.</text>
        <type>Committee</type>
      </item>
      <item>
        <actionDate>2017-07-26</actionDate>
        <committee>
          <name>Judiciary Committee</name>
          <systemCode>hsju00</systemCode>
        </committee>
        <links />
        <sourceSystem>
          <name>House committee actions</name>
          <code>1</code>
        </sourceSystem>
        <text>Committee Consideration and Mark-up Session Held.</text>
        <type>Committee</type>
      </item>
      <item>
        <actionTime>17:15:37</actionTime>
        <actionCode>H8D000</actionCode>
        <committee />
        <sourceSystem>
          <name>House floor actions</name>
          <code>2</code>
        </sourceSystem>
        <type>Floor</type>
        <text>ASSUMING FIRST SPONSORSHIP - Mr. Johnson (LA) asked unanimous consent that he may hereafter be considered as the first sponsor of H.R. 391, a bill originally introduced by Representative Chaffetz, for the purpose of adding cosponsors and requesting reprintings pursuant to clause 7 of rule XII. Agreed to without objection.</text>
        <actionDate>2017-07-25</actionDate>
        <links>
          <link>
            <name>H.R. 391</name>
            <url>https://www.congress.gov/bill/115th-congress/house-bill/391</url>
          </link>
        </links>
      </item>
      <item>
        <actionDate>2017-02-06</actionDate>
        <committee>
          <name>Immigration and Border Security Subcommittee</name>
          <systemCode>hsju01</systemCode>
        </committee>
        <links />
        <sourceSystem>
          <name>House committee actions</name>
          <code>1</code>
        </sourceSystem>
        <text>Referred to the Subcommittee on Immigration and Border Security.</text>
        <type>Committee</type>
      </item>
      <item>
        <actionCode>H11100</actionCode>
        <committee>
          <name>Foreign Affairs Committee</name>
          <systemCode>hsfa00</systemCode>
        </committee>
        <sourceSystem>
          <name>House floor actions</name>
          <code>2</code>
        </sourceSystem>
        <type>IntroReferral</type>
        <text>Referred to House Foreign Affairs</text>
        <actionDate>2017-01-10</actionDate>
        <links />
      </item>
      <item>
        <actionCode>H11100</actionCode>
        <committee>
          <name>Judiciary Committee</name>
          <systemCode>hsju00</systemCode>
        </committee>
        <sourceSystem>
          <name>House floor actions</name>
          <code>2</code>
        </sourceSystem>
        <type>IntroReferral</type>
        <text>Referred to House Judiciary</text>
        <actionDate>2017-01-10</actionDate>
        <links />
      </item>
      <item>
        <actionCode>H11100-A</actionCode>
        <committee />
        <sourceSystem>
          <name>Library of Congress</name>
          <code>9</code>
        </sourceSystem>
        <type>IntroReferral</type>
        <text>Referred to the Committee on the Judiciary, and in addition to the Committee on Foreign Affairs, for a period to be subsequently determined by the Speaker, in each case for consideration of such provisions as fall within the jurisdiction of the committee concerned.</text>
        <actionDate>2017-01-10</actionDate>
        <links />
      </item>
      <item>
        <actionCode>Intro-H</actionCode>
        <committee />
        <sourceSystem>
          <name>Library of Congress</name>
          <code>9</code>
        </sourceSystem>
        <type>IntroReferral</type>
        <text>Introduced in House</text>
        <actionDate>2017-01-10</actionDate>
        <links />
      </item>
      <item>
        <actionCode>1000</actionCode>
        <committee />
        <sourceSystem>
          <name>Library of Congress</name>
          <code>9</code>
        </sourceSystem>
        <type>IntroReferral</type>
        <text>Introduced in House</text>
        <actionDate>2017-01-10</actionDate>
        <links />
      </item>
      <actionTypeCounts>
        <introducedInTheHouse>1</introducedInTheHouse>
        <actionStageOverride>1</actionStageOverride>
        <placeholderTextForH>2</placeholderTextForH>
        <generalDebate>1</generalDebate>
        <introducedInHouse>1</introducedInHouse>
        <billReferrals>2</billReferrals>
        <billReferralsAggregate>1</billReferralsAggregate>
      </actionTypeCounts>
    </actions>
    <congress>115</congress>
    <policyArea>
      <name>Immigration</name>
    </policyArea>
    <subjects>
      <billSubjects>
        <legislativeSubjects>
          <item>
            <name>Administrative law and regulatory procedures</name>
          </item>
          <item>
            <name>Administrative remedies</name>
          </item>
          <item>
            <name>Border security and unlawful immigration</name>
          </item>
          <item>
            <name>Child care and development</name>
          </item>
          <item>
            <name>Child safety and welfare</name>
          </item>
          <item>
            <name>Congressional oversight</name>
          </item>
          <item>
            <name>Department of Homeland Security</name>
          </item>
          <item>
            <name>Elementary and secondary education</name>
          </item>
          <item>
            <name>Emergency medical services and trauma care</name>
          </item>
          <item>
            <name>Evidence and witnesses</name>
          </item>
          <item>
            <name>Family relationships</name>
          </item>
          <item>
            <name>Foreign aid and international relief</name>
          </item>
          <item>
            <name>Government employee pay, benefits, personnel management</name>
          </item>
          <item>
            <name>Government information and archives</name>
          </item>
          <item>
            <name>Government studies and investigations</name>
          </item>
          <item>
            <name>Human rights</name>
          </item>
          <item>
            <name>Immigration status and procedures</name>
          </item>
          <item>
            <name>Judges</name>
          </item>
          <item>
            <name>Judicial procedure and administration</name>
          </item>
          <item>
            <name>Lawyers and legal services</name>
          </item>
          <item>
            <name>Organ and tissue donation and transplantation</name>
          </item>
          <item>
            <name>Racial and ethnic relations</name>
          </item>
          <item>
            <name>Refugees, asylum, displaced persons</name>
          </item>
          <item>
            <name>Religion</name>
          </item>
          <item>
            <name>Sanctions</name>
          </item>
          <item>
            <name>Violent crime</name>
          </item>
          <item>
            <name>Visas and passports</name>
          </item>
          <item>
            <name>War crimes, genocide, crimes against humanity</name>
          </item>
        </legislativeSubjects>
        <policyArea>
          <name>Immigration</name>
        </policyArea>
      </billSubjects>
    </subjects>
    <introducedDate>2017-01-10</introducedDate>
    <laws />
    <summaries>
      <billSummaries>
        <item>
          <actionDesc>Introduced in House</actionDesc>
          <text><![CDATA[<p><strong>Asylum Reform and Border Protection Act of 2015</strong></p> <p>This bill amends the Immigration and Nationality Act to: </p> <ul> <li> prohibit the government from bearing any expense of counsel for any person in a removal or related appeal proceedings,</li> <li>add a requirement to establish a credible fear of persecution claim in an asylum interview,</li> <li>limit humanitarian and public interest parole authority, and </li> <li>prohibits the Department of Homeland Security (DHS) from using parole authority for an alien who is ineligible for refugee status. </li> </ul> <p>The bill amends the Homeland Security Act of 2002 to revise the definition of &quot;unaccompanied alien child&quot; (UAC).</p> <p>The William Wilberforce Trafficking Victims Protection Reauthorization Act of 2008 is amended to extend the period for a federal agency to: (1) notify the Department of Health and Human Services (HHS) that it has apprehended or discovered a UAC or an alien who is under 18 years old, and (2) transfer a UAC to HHS custody.</p> <p>The bill: (1) provides for HHS-DHS information sharing concerning UACs, (2) prohibits UAC from applying for asylum if such child may be removed to a safe third country, and (3) provides for additional immigration judges and U.S. Immigration and Customs Enforcement attorneys.</p> <p>The Department of State is directed to: (1) suspend all foreign assistance to certain countries that refuse to negotiate a child repatriation agreement or accept from the United States repatriated UACs who are nationals or residents of the sending country, and (2) provide certain foreign assistance for repatriation and reintegration purposes.</p> <p> The bill places the burden of proof on an an alien to establish that: (1) the alien's life or freedom would be threatened in a country to which he or she is scheduled to be removed to from the United States; and (2) that race, religion, nationality, membership in a particular social group, or political opinion would be at least one central reason for such threat. </p> <p>An alien who has committed acts of torture, extrajudicial killings, war crimes, systematic attacks on civilians, persecution, or enforced disappearance of persons shall be inadmissable. The President may make such alien's visa records public.</p> <p>The bill terminates the refugee or asylee status of an alien who: (1) without a compelling reason returns to the country of such alien's nationality or, in the case of an alien having no nationality, returns to the country in which such alien last habitually resided; and (2) applied for such status because of persecution or a well-founded fear of persecution on account of race, religion, nationality, membership in a particular social group, or political opinion. Such provision shall not apply to an alien who is eligible for adjustment to lawful permanent resident status pursuant to the Cuban Adjustment Act of 1966. </p> <p> The bill allows up to 500 grants of asylum per fiscal year to families fleeing home school persecution.</p> <p> A written warning must be included in an asylum application advising the alien of the consequences of filing a frivolous application. </p> <p> If an alien's asylum status is subject to termination, the immigration judge shall determine whether the termination conditions have been met and, if so, terminate the alien's asylum status before considering whether the alien is eligible for adjustment of status.</p>]]></text>
          <lastSummaryUpdateDate>2017-02-04T16:57:22Z</lastSummaryUpdateDate>
          <name>Introduced in House</name>
          <versionCode>00</versionCode>
          <updateDate>2017-01-10T05:00:00Z</updateDate>
          <actionDate>2017-01-10</actionDate>
        </item>
      </billSummaries>
    </summaries>
    <amendments />
    <version>1.0.0</version>
    <title>Asylum Reform and Border Protection Act of 2017</title>
    <calendarNumbers />
    <updateDate>2018-03-30T13:59:22Z</updateDate>
    <relatedBills />
  </bill>
  <dublinCore xmlns:dc="http://purl.org/dc/elements/1.1/">
    <dc:format>text/xml</dc:format>
    <dc:language>EN</dc:language>
    <dc:rights>Pursuant to Title 17 Section 105 of the United States Code, this file is not subject to copyright protection and is in the public domain.</dc:rights>
    <dc:contributor>Congressional Research Service, Library of Congress</dc:contributor>
    <dc:description>This file contains bill summaries and statuses for federal legislation. A bill summary describes the most significant provisions of a piece of legislation and details the effects the legislative text may have on current law and federal programs. Bill summaries are authored by the Congressional Research Service (CRS) of the Library of Congress. As stated in Public Law 91-510 (2 USC 166 (d)(6)), one of the duties of CRS is "to prepare summaries and digests of bills and resolutions of a public general nature introduced in the Senate or House of Representatives". For more information, refer to the User Guide that accompanies this file.</dc:description>
  </dublinCore>
</billStatus>

