<?xml version="1.0" encoding="UTF-8"?>
<billStatus>
  <bill>
    <introducedDate>2017-01-13</introducedDate>
    <billType>HR</billType>
    <summaries>
      <billSummaries>
        <item>
          <actionDesc>Introduced in House</actionDesc>
          <versionCode>00</versionCode>
          <lastSummaryUpdateDate>2017-02-09T19:11:49Z</lastSummaryUpdateDate>
          <name>Introduced in House</name>
          <updateDate>2017-01-13T05:00:00Z</updateDate>
          <actionDate>2017-01-13</actionDate>
          <text><![CDATA[<p><b>Transit Security Grant Program Flexibility Act</b></p> <p>This bill amends the Implementing Recommendations of the 9/11 Commission Act of 2007 to permit the use of public transportation security assistance grant funds for backfill associated with security training.</p> <p> Funds provided pursuant to such a grant for a specified authorized use shall, with two exceptions, remain available for use by a grant recipient for at least 36 months.</p> <p> Any such funds used for security improvements for public transportation systems or security improvements for stations and other public transportation infrastructure, including those owned by state or local governments, shall remain available for at least 55 months.</p> <p>The Government Accountability Office shall review the public transportation security assistance grant program.</p>]]></text>
        </item>
        <item>
          <actionDesc>Passed House without amendment</actionDesc>
          <versionCode>81</versionCode>
          <lastSummaryUpdateDate>2017-02-09T19:23:33Z</lastSummaryUpdateDate>
          <name>Passed House without amendment</name>
          <updateDate>2017-01-31T13:43:17Z</updateDate>
          <actionDate>2017-01-31</actionDate>
          <text><![CDATA[<p>(This measure has not been amended since it was introduced. The summary has been expanded because action occurred on the measure.)</p> <p><b>Transit Security Grant Program Flexibility Act</b></p> <p>(Sec. 2) This bill amends the Implementing Recommendations of the 9/11 Commission Act of 2007 to permit the use of public transportation security assistance grant funds for backfill associated with security training.</p> <p>(Sec. 3) Funds provided pursuant to such a grant for a specified authorized use shall, with two exceptions, remain available for use by a grant recipient for at least 36 months.</p> <p> Any such funds used for security improvements for public transportation systems or security improvements for stations and other public transportation infrastructure, including those owned by state or local governments, shall remain available for at least 55 months.</p> <p>(Sec. 4) The Government Accountability Office shall review the public transportation security assistance grant program.</p>]]></text>
        </item>
      </billSummaries>
    </summaries>
    <cboCostEstimates />
    <policyArea>
      <name>Transportation and Public Works</name>
    </policyArea>
    <calendarNumbers />
    <relatedBills />
    <originChamber>House</originChamber>
    <amendments />
    <titles>
      <item>
        <title>Transit Security Grant Program Flexibility Act</title>
        <titleType>Short Titles as Introduced</titleType>
        <parentTitleType />
        <chamberCode />
        <chamberName />
      </item>
      <item>
        <title>To amend the Implementing Recommendations of the 9/11 Commission Act of 2007 to clarify certain allowable uses of funds for public transportation security assistance grants and establish periods of performance for such grants, and for other purposes.</title>
        <titleType>Official Title as Introduced</titleType>
        <parentTitleType />
        <chamberCode />
        <chamberName />
      </item>
      <item>
        <title>Transit Security Grant Program Flexibility Act</title>
        <titleType>Display Title</titleType>
        <parentTitleType />
        <chamberCode />
        <chamberName />
      </item>
      <item>
        <title>Transit Security Grant Program Flexibility Act</title>
        <titleType>(Extracted from GPO) Short Titles as Introduced</titleType>
        <parentTitleType />
        <chamberCode />
        <chamberName />
      </item>
      <item>
        <title>Transit Security Grant Program Flexibility Act</title>
        <titleType>(Extracted from GPO) Short Titles as Passed House</titleType>
        <parentTitleType />
        <chamberCode>H</chamberCode>
        <chamberName>House</chamberName>
      </item>
    </titles>
    <createDate>2017-01-14T04:47:33Z</createDate>
    <constitutionalAuthorityStatementText><![CDATA[<pre>From the Congressional Record Online through the Government Publishing Office [<a href='http://www.gpo.gov'>www.gpo.gov</a>]By Mr. DONOVAN:H.R. 549.Congress has the power to enact this legislation pursuantto the following:Article 1, Section 8 of the Constitution of the UnitedStates.[Page H547]</pre>]]></constitutionalAuthorityStatementText>
    <actions>
      <actionTypeCounts>
        <referredToCommittee>1</referredToCommittee>
        <billReferrals>1</billReferrals>
        <finalPassageUnderSuspensionOfTheRulesResults>1</finalPassageUnderSuspensionOfTheRulesResults>
        <motionToReconsiderResults>1</motionToReconsiderResults>
        <passedAgreedToInHouse>1</passedAgreedToInHouse>
        <generalDebate>1</generalDebate>
        <introducedInHouse>1</introducedInHouse>
        <introducedInTheHouse>1</introducedInTheHouse>
        <motionMadeToSuspendTheRules>1</motionMadeToSuspendTheRules>
        <considerationByHouse>1</considerationByHouse>
      </actionTypeCounts>
      <item>
        <actionDate>2017-02-01</actionDate>
        <committee>
          <systemCode>ssga00</systemCode>
          <name>Homeland Security and Governmental Affairs Committee</name>
        </committee>
        <links />
        <sourceSystem>
          <code>0</code>
          <name>Senate</name>
        </sourceSystem>
        <text>Received in the Senate and Read twice and referred to the Committee on Homeland Security and Governmental Affairs.</text>
        <type>IntroReferral</type>
      </item>
      <item>
        <type>Floor</type>
        <sourceSystem>
          <code>2</code>
          <name>House floor actions</name>
        </sourceSystem>
        <actionTime>15:53:33</actionTime>
        <actionCode>H38310</actionCode>
        <links />
        <text>Motion to reconsider laid on the table Agreed to without objection.</text>
        <committee />
        <actionDate>2017-01-31</actionDate>
      </item>
      <item>
        <type>Floor</type>
        <sourceSystem>
          <code>2</code>
          <name>House floor actions</name>
        </sourceSystem>
        <actionTime>15:53:32</actionTime>
        <actionCode>H37300</actionCode>
        <links>
          <link>
            <name>H791</name>
            <url>https://www.congress.gov/congressional-record/volume-163/house-section/page/H791</url>
          </link>
        </links>
        <text>On motion to suspend the rules and pass the bill Agreed to by voice vote. (text: CR H791)</text>
        <committee />
        <actionDate>2017-01-31</actionDate>
      </item>
      <item>
        <type>Floor</type>
        <sourceSystem>
          <code>9</code>
          <name>Library of Congress</name>
        </sourceSystem>
        <actionTime>15:53:32</actionTime>
        <actionCode>8000</actionCode>
        <links>
          <link>
            <name>H791</name>
            <url>https://www.congress.gov/congressional-record/volume-163/house-section/page/H791</url>
          </link>
        </links>
        <text>Passed/agreed to in House: On motion to suspend the rules and pass the bill Agreed to by voice vote.(text: CR H791)</text>
        <committee />
        <actionDate>2017-01-31</actionDate>
      </item>
      <item>
        <type>Floor</type>
        <sourceSystem>
          <code>2</code>
          <name>House floor actions</name>
        </sourceSystem>
        <actionTime>15:45:55</actionTime>
        <actionCode>H8D000</actionCode>
        <links>
          <link>
            <name>H.R. 549</name>
            <url>https://www.congress.gov/bill/115th-congress/house-bill/549</url>
          </link>
        </links>
        <text>DEBATE - The House proceeded with forty minutes of debate on H.R. 549.</text>
        <committee />
        <actionDate>2017-01-31</actionDate>
      </item>
      <item>
        <type>Floor</type>
        <sourceSystem>
          <code>2</code>
          <name>House floor actions</name>
        </sourceSystem>
        <actionTime>15:45:53</actionTime>
        <actionCode>H30000</actionCode>
        <links>
          <link>
            <name>H791-792</name>
            <url>https://www.congress.gov/congressional-record/volume-163/house-section/page/H791-792</url>
          </link>
        </links>
        <text>Considered under suspension of the rules. (consideration: CR H791-792)</text>
        <committee />
        <actionDate>2017-01-31</actionDate>
      </item>
      <item>
        <type>Floor</type>
        <sourceSystem>
          <code>2</code>
          <name>House floor actions</name>
        </sourceSystem>
        <actionTime>15:45:38</actionTime>
        <actionCode>H30300</actionCode>
        <links />
        <text>Mr. Donovan moved to suspend the rules and pass the bill.</text>
        <committee />
        <actionDate>2017-01-31</actionDate>
      </item>
      <item>
        <type>IntroReferral</type>
        <sourceSystem>
          <code>2</code>
          <name>House floor actions</name>
        </sourceSystem>
        <actionCode>H11100</actionCode>
        <links />
        <text>Referred to the House Committee on Homeland Security.</text>
        <committee>
          <systemCode>hshm00</systemCode>
          <name>Homeland Security Committee</name>
        </committee>
        <actionDate>2017-01-13</actionDate>
      </item>
      <item>
        <type>IntroReferral</type>
        <sourceSystem>
          <code>9</code>
          <name>Library of Congress</name>
        </sourceSystem>
        <actionCode>Intro-H</actionCode>
        <links />
        <text>Introduced in House</text>
        <committee />
        <actionDate>2017-01-13</actionDate>
      </item>
      <item>
        <type>IntroReferral</type>
        <sourceSystem>
          <code>9</code>
          <name>Library of Congress</name>
        </sourceSystem>
        <actionCode>1000</actionCode>
        <links />
        <text>Introduced in House</text>
        <committee />
        <actionDate>2017-01-13</actionDate>
      </item>
      <actionByCounts>
        <senate>1</senate>
        <houseOfRepresentatives>9</houseOfRepresentatives>
      </actionByCounts>
    </actions>
    <laws />
    <version>1.0.0</version>
    <cosponsors>
      <item>
        <firstName>PETER</firstName>
        <identifiers>
          <lisID>635</lisID>
          <gpoId>8064</gpoId>
          <bioguideId>K000210</bioguideId>
        </identifiers>
        <sponsorshipWithdrawnDate />
        <district>2</district>
        <middleName>T.</middleName>
        <state>NY</state>
        <lastName>KING</lastName>
        <sponsorshipDate>2017-01-13</sponsorshipDate>
        <isOriginalCosponsor>True</isOriginalCosponsor>
        <bioguideId>K000210</bioguideId>
        <fullName>Rep. King, Peter T. [R-NY-2]</fullName>
        <party>R</party>
      </item>
      <item>
        <firstName>John</firstName>
        <identifiers>
          <lisID>2264</lisID>
          <gpoId />
          <bioguideId>K000386</bioguideId>
        </identifiers>
        <sponsorshipWithdrawnDate />
        <district>24</district>
        <middleName />
        <state>NY</state>
        <lastName>Katko</lastName>
        <sponsorshipDate>2017-01-13</sponsorshipDate>
        <isOriginalCosponsor>True</isOriginalCosponsor>
        <bioguideId>K000386</bioguideId>
        <fullName>Rep. Katko, John [R-NY-24]</fullName>
        <party>R</party>
      </item>
      <item>
        <firstName>Kathleen</firstName>
        <identifiers>
          <bioguideId>R000602</bioguideId>
          <gpoId />
          <lisID>2262</lisID>
        </identifiers>
        <sponsorshipWithdrawnDate />
        <district>4</district>
        <middleName>M.</middleName>
        <state>NY</state>
        <lastName>Rice</lastName>
        <sponsorshipDate>2017-01-13</sponsorshipDate>
        <isOriginalCosponsor>True</isOriginalCosponsor>
        <bioguideId>R000602</bioguideId>
        <fullName>Rep. Rice, Kathleen M. [D-NY-4]</fullName>
        <party>D</party>
      </item>
      <item>
        <firstName>Donald</firstName>
        <identifiers>
          <lisID>2097</lisID>
          <gpoId>8373</gpoId>
          <bioguideId>P000604</bioguideId>
        </identifiers>
        <sponsorshipWithdrawnDate />
        <district>10</district>
        <middleName>M.</middleName>
        <state>NJ</state>
        <lastName>Payne</lastName>
        <sponsorshipDate>2017-01-13</sponsorshipDate>
        <isOriginalCosponsor>True</isOriginalCosponsor>
        <bioguideId>P000604</bioguideId>
        <fullName>Rep. Payne, Donald M., Jr. [D-NJ-10]</fullName>
        <party>D</party>
      </item>
      <item>
        <firstName>Michael</firstName>
        <identifiers>
          <gpoId>8166</gpoId>
          <lisID>1804</lisID>
          <bioguideId>M001157</bioguideId>
        </identifiers>
        <sponsorshipWithdrawnDate />
        <district>10</district>
        <middleName>T.</middleName>
        <state>TX</state>
        <lastName>McCaul</lastName>
        <sponsorshipDate>2017-01-13</sponsorshipDate>
        <isOriginalCosponsor>True</isOriginalCosponsor>
        <bioguideId>M001157</bioguideId>
        <fullName>Rep. McCaul, Michael T. [R-TX-10]</fullName>
        <party>R</party>
      </item>
    </cosponsors>
    <billNumber>549</billNumber>
    <committeeReports />
    <notes />
    <latestAction>
      <actionDate>2017-02-01</actionDate>
      <text>Received in the Senate and Read twice and referred to the Committee on Homeland Security and Governmental Affairs.</text>
      <links />
    </latestAction>
    <committees>
      <billCommittees>
        <item>
          <chamber>Senate</chamber>
          <type>Standing</type>
          <name>Homeland Security and Governmental Affairs Committee</name>
          <activities>
            <item>
              <date>2017-02-01T23:05:56Z</date>
              <name>Referred to</name>
            </item>
          </activities>
          <subcommittees />
          <systemCode>ssga00</systemCode>
        </item>
        <item>
          <chamber>House</chamber>
          <type>Standing</type>
          <name>Homeland Security Committee</name>
          <activities>
            <item>
              <date>2017-01-13T14:10:15Z</date>
              <name>Referred to</name>
            </item>
          </activities>
          <subcommittees />
          <systemCode>hshm00</systemCode>
        </item>
      </billCommittees>
    </committees>
    <updateDate>2018-03-30T14:00:11Z</updateDate>
    <title>Transit Security Grant Program Flexibility Act</title>
    <sponsors>
      <item>
        <fullName>Rep. Donovan, Daniel M., Jr. [R-NY-11]</fullName>
        <state>NY</state>
        <lastName>Donovan</lastName>
        <bioguideId>D000625</bioguideId>
        <district>11</district>
        <middleName>M.</middleName>
        <byRequestType />
        <party>R</party>
        <identifiers>
          <lisID>2293</lisID>
          <gpoId />
          <bioguideId>D000625</bioguideId>
        </identifiers>
        <firstName>Daniel</firstName>
      </item>
    </sponsors>
    <congress>115</congress>
    <recordedVotes />
    <subjects>
      <billSubjects>
        <policyArea>
          <name>Transportation and Public Works</name>
        </policyArea>
        <legislativeSubjects>
          <item>
            <name>Congressional oversight</name>
          </item>
          <item>
            <name>Government studies and investigations</name>
          </item>
          <item>
            <name>Public transit</name>
          </item>
          <item>
            <name>Transportation programs funding</name>
          </item>
          <item>
            <name>Transportation safety and security</name>
          </item>
        </legislativeSubjects>
      </billSubjects>
    </subjects>
  </bill>
  <dublinCore xmlns:dc="http://purl.org/dc/elements/1.1/">
    <dc:format>text/xml</dc:format>
    <dc:language>EN</dc:language>
    <dc:rights>Pursuant to Title 17 Section 105 of the United States Code, this file is not subject to copyright protection and is in the public domain.</dc:rights>
    <dc:contributor>Congressional Research Service, Library of Congress</dc:contributor>
    <dc:description>This file contains bill summaries and statuses for federal legislation. A bill summary describes the most significant provisions of a piece of legislation and details the effects the legislative text may have on current law and federal programs. Bill summaries are authored by the Congressional Research Service (CRS) of the Library of Congress. As stated in Public Law 91-510 (2 USC 166 (d)(6)), one of the duties of CRS is "to prepare summaries and digests of bills and resolutions of a public general nature introduced in the Senate or House of Representatives". For more information, refer to the User Guide that accompanies this file.</dc:description>
  </dublinCore>
</billStatus>

