<?xml version="1.0" encoding="UTF-8"?>
<billStatus>
  <bill>
    <cosponsors />
    <createDate>2017-02-01T04:48:47Z</createDate>
    <subjects>
      <billSubjects>
        <policyArea>
          <name>Taxation</name>
        </policyArea>
        <legislativeSubjects>
          <item>
            <name>Employee benefits and pensions</name>
          </item>
          <item>
            <name>Government studies and investigations</name>
          </item>
          <item>
            <name>Housing and community development funding</name>
          </item>
          <item>
            <name>Housing finance and home ownership</name>
          </item>
          <item>
            <name>Housing supply and affordability</name>
          </item>
          <item>
            <name>Income tax credits</name>
          </item>
          <item>
            <name>Income tax exclusion</name>
          </item>
          <item>
            <name>Small business</name>
          </item>
        </legislativeSubjects>
      </billSubjects>
    </subjects>
    <amendments />
    <updateDate>2018-03-30T14:01:12Z</updateDate>
    <latestAction>
      <text>Referred to House Financial Services</text>
      <actionDate>2017-01-31</actionDate>
      <links />
    </latestAction>
    <sponsors>
      <item>
        <fullName>Rep. Velazquez, Nydia M. [D-NY-7]</fullName>
        <middleName>M.</middleName>
        <party>D</party>
        <identifiers>
          <bioguideId>V000081</bioguideId>
          <gpoId>8073</gpoId>
          <lisID>1184</lisID>
        </identifiers>
        <state>NY</state>
        <firstName>NYDIA</firstName>
        <lastName>VELAZQUEZ</lastName>
        <byRequestType />
        <bioguideId>V000081</bioguideId>
        <district>7</district>
      </item>
    </sponsors>
    <committeeReports />
    <recordedVotes />
    <originChamber>House</originChamber>
    <calendarNumbers />
    <congress>115</congress>
    <relatedBills />
    <version>1.0.0</version>
    <committees>
      <billCommittees>
        <item>
          <chamber>House</chamber>
          <type>Standing</type>
          <name>Financial Services Committee</name>
          <activities>
            <item>
              <date>2017-01-31T15:03:30Z</date>
              <name>Referred to</name>
            </item>
          </activities>
          <subcommittees />
          <systemCode>hsba00</systemCode>
        </item>
        <item>
          <chamber>House</chamber>
          <type>Standing</type>
          <name>Ways and Means Committee</name>
          <activities>
            <item>
              <date>2017-01-31T15:03:25Z</date>
              <name>Referred to</name>
            </item>
          </activities>
          <subcommittees />
          <systemCode>hswm00</systemCode>
        </item>
      </billCommittees>
    </committees>
    <cboCostEstimates />
    <billType>HR</billType>
    <notes />
    <title>Housing America's Workforce Act of 2017</title>
    <laws />
    <billNumber>764</billNumber>
    <actions>
      <item>
        <sourceSystem>
          <name>House floor actions</name>
          <code>2</code>
        </sourceSystem>
        <type>IntroReferral</type>
        <committee>
          <name>Financial Services Committee</name>
          <systemCode>hsba00</systemCode>
        </committee>
        <text>Referred to House Financial Services</text>
        <actionCode>H11100</actionCode>
        <actionDate>2017-01-31</actionDate>
        <links />
      </item>
      <item>
        <sourceSystem>
          <name>House floor actions</name>
          <code>2</code>
        </sourceSystem>
        <type>IntroReferral</type>
        <committee>
          <name>Ways and Means Committee</name>
          <systemCode>hswm00</systemCode>
        </committee>
        <text>Referred to House Ways and Means</text>
        <actionCode>H11100</actionCode>
        <actionDate>2017-01-31</actionDate>
        <links />
      </item>
      <item>
        <sourceSystem>
          <name>Library of Congress</name>
          <code>9</code>
        </sourceSystem>
        <type>IntroReferral</type>
        <committee />
        <text>Referred to the Committee on Ways and Means, and in addition to the Committee on Financial Services, for a period to be subsequently determined by the Speaker, in each case for consideration of such provisions as fall within the jurisdiction of the committee concerned.</text>
        <actionCode>H11100-A</actionCode>
        <actionDate>2017-01-31</actionDate>
        <links />
      </item>
      <item>
        <sourceSystem>
          <name>Library of Congress</name>
          <code>9</code>
        </sourceSystem>
        <type>IntroReferral</type>
        <committee />
        <text>Introduced in House</text>
        <actionCode>Intro-H</actionCode>
        <actionDate>2017-01-31</actionDate>
        <links />
      </item>
      <item>
        <sourceSystem>
          <name>Library of Congress</name>
          <code>9</code>
        </sourceSystem>
        <type>IntroReferral</type>
        <committee />
        <text>Introduced in House</text>
        <actionCode>1000</actionCode>
        <actionDate>2017-01-31</actionDate>
        <links />
      </item>
      <actionTypeCounts>
        <introducedInTheHouse>1</introducedInTheHouse>
        <billReferrals>2</billReferrals>
        <billReferralsAggregate>1</billReferralsAggregate>
        <introducedInHouse>1</introducedInHouse>
      </actionTypeCounts>
      <actionByCounts>
        <houseOfRepresentatives>5</houseOfRepresentatives>
      </actionByCounts>
    </actions>
    <titles>
      <item>
        <chamberCode />
        <parentTitleType />
        <titleType>Short Titles as Introduced</titleType>
        <title>Housing America's Workforce Act of 2017</title>
        <chamberName />
      </item>
      <item>
        <chamberCode />
        <parentTitleType />
        <titleType>Official Title as Introduced</titleType>
        <title>To amend the Internal Revenue Code of 1986 to provide incentives for employer-provided employee housing assistance, and for other purposes.</title>
        <chamberName />
      </item>
      <item>
        <chamberCode />
        <parentTitleType />
        <titleType>Display Title</titleType>
        <title>Housing America's Workforce Act of 2017</title>
        <chamberName />
      </item>
      <item>
        <chamberCode />
        <parentTitleType />
        <titleType>(Extracted from GPO) Short Titles as Introduced</titleType>
        <title>Housing America’s Workforce Act of 2017</title>
        <chamberName />
      </item>
    </titles>
    <summaries>
      <billSummaries>
        <item>
          <text><![CDATA[<p><strong>Housing America's Workforce Act of 201</strong><b>7 </b></p> <p> This bill amends the Internal Revenue Code to allow employers a business-related tax credit for up to 50% (100% for small business employers) of the qualified housing expenses paid for the benefit of their employees. The bill defines &quot;qualified housing expenses&quot; to include homeownership assistance and rental assistance. The bill limits the annual amount of such credit per employee to the lesser of $10,000 or 6% of an employee's home purchase price, or up to $5,000 for rental assistance, adjusted for inflation after 2017. The bill excludes from employee gross income the value of employer-paid housing assistance.</p> <p>The Department of Housing and Urban Development (HUD) may award grants in FY2017-FY2019, on a competitive basis, to nonprofit housing organizations or local governments for certain costs, including operating costs and technical assistance costs, of employer-assisted housing programs. HUD must establish a national clearinghouse, including a website, to provide information about employer-assisted housing programs to federal, state, and local governments; and other interested entities. </p> <p>The Government Accountability Office must conduct a study of employer-assisted housing programs and provide HUD with an interim report by January 1, 2020, and final report by December 31, 2021. </p>]]></text>
          <actionDesc>Introduced in House</actionDesc>
          <actionDate>2017-01-31</actionDate>
          <updateDate>2017-01-31T05:00:00Z</updateDate>
          <lastSummaryUpdateDate>2017-02-09T14:22:00Z</lastSummaryUpdateDate>
          <versionCode>00</versionCode>
          <name>Introduced in House</name>
        </item>
      </billSummaries>
    </summaries>
    <introducedDate>2017-01-31</introducedDate>
    <policyArea>
      <name>Taxation</name>
    </policyArea>
    <constitutionalAuthorityStatementText><![CDATA[<pre>From the Congressional Record Online through the Government Publishing Office [<a href='http://www.gpo.gov'>www.gpo.gov</a>]By Ms. VELAZQUEZ:H.R. 764.Congress has the power to enact this legislation pursuantto the following:Article I, Section 8, Clause 1The Congress shall have Power to lay and collect Taxes,Duties, Imposts and Excises, to pay the Debts and provide forthe common Defence and general Welfare of the United States;but all Duties, Imposts and Excises shall be uniformthroughout the United States.[Page H820]</pre>]]></constitutionalAuthorityStatementText>
  </bill>
  <dublinCore xmlns:dc="http://purl.org/dc/elements/1.1/">
    <dc:format>text/xml</dc:format>
    <dc:language>EN</dc:language>
    <dc:rights>Pursuant to Title 17 Section 105 of the United States Code, this file is not subject to copyright protection and is in the public domain.</dc:rights>
    <dc:contributor>Congressional Research Service, Library of Congress</dc:contributor>
    <dc:description>This file contains bill summaries and statuses for federal legislation. A bill summary describes the most significant provisions of a piece of legislation and details the effects the legislative text may have on current law and federal programs. Bill summaries are authored by the Congressional Research Service (CRS) of the Library of Congress. As stated in Public Law 91-510 (2 USC 166 (d)(6)), one of the duties of CRS is "to prepare summaries and digests of bills and resolutions of a public general nature introduced in the Senate or House of Representatives". For more information, refer to the User Guide that accompanies this file.</dc:description>
  </dublinCore>
</billStatus>

