<?xml version="1.0" encoding="UTF-8"?>
<billStatus>
  <bill>
    <introducedDate>2017-01-03</introducedDate>
    <createDate>2017-01-04T07:01:10Z</createDate>
    <policyArea>
      <name>Economics and Public Finance</name>
    </policyArea>
    <title>To make 1 percent across-the-board rescissions in non-defense, non-homeland-security, and non-veterans-affairs discretionary spending for each of the fiscal years 2017 and 2018.</title>
    <constitutionalAuthorityStatementText><![CDATA[<pre>From the Congressional Record Online through the Government Publishing Office [<a href='http://www.gpo.gov'>www.gpo.gov</a>]By Mrs. BLACKBURN:H.R. 85.Congress has the power to enact this legislation pursuantto the following:Article I Section 8, ``necessary and proper'' clause of theConstitution.[Page H49]</pre>]]></constitutionalAuthorityStatementText>
    <notes />
    <cosponsors>
      <item>
        <sponsorshipDate>2017-01-03</sponsorshipDate>
        <state>AZ</state>
        <lastName>Franks</lastName>
        <firstName>Trent</firstName>
        <sponsorshipWithdrawnDate />
        <middleName />
        <identifiers>
          <bioguideId>F000448</bioguideId>
          <gpoId>7799</gpoId>
          <lisID>1707</lisID>
        </identifiers>
        <fullName>Rep. Franks, Trent [R-AZ-8]</fullName>
        <bioguideId>F000448</bioguideId>
        <isOriginalCosponsor>True</isOriginalCosponsor>
        <district>8</district>
        <party>R</party>
      </item>
      <item>
        <sponsorshipDate>2017-01-03</sponsorshipDate>
        <state>TX</state>
        <lastName>Hensarling</lastName>
        <firstName>Jeb</firstName>
        <sponsorshipWithdrawnDate />
        <middleName />
        <identifiers>
          <lisID>1749</lisID>
          <gpoId>8161</gpoId>
          <bioguideId>H001036</bioguideId>
        </identifiers>
        <fullName>Rep. Hensarling, Jeb [R-TX-5]</fullName>
        <bioguideId>H001036</bioguideId>
        <isOriginalCosponsor>True</isOriginalCosponsor>
        <district>5</district>
        <party>R</party>
      </item>
      <item>
        <sponsorshipDate>2017-01-03</sponsorshipDate>
        <state>CA</state>
        <lastName>Walters</lastName>
        <firstName>Mimi</firstName>
        <sponsorshipWithdrawnDate />
        <middleName />
        <identifiers>
          <lisID>2232</lisID>
          <gpoId />
          <bioguideId>W000820</bioguideId>
        </identifiers>
        <fullName>Rep. Walters, Mimi [R-CA-45]</fullName>
        <bioguideId>W000820</bioguideId>
        <isOriginalCosponsor>True</isOriginalCosponsor>
        <district>45</district>
        <party>R</party>
      </item>
      <item>
        <sponsorshipDate>2017-01-03</sponsorshipDate>
        <state>TX</state>
        <lastName>Gohmert</lastName>
        <firstName>Louie</firstName>
        <sponsorshipWithdrawnDate />
        <middleName />
        <identifiers>
          <bioguideId>G000552</bioguideId>
          <lisID>1801</lisID>
          <gpoId>8157</gpoId>
        </identifiers>
        <fullName>Rep. Gohmert, Louie [R-TX-1]</fullName>
        <bioguideId>G000552</bioguideId>
        <isOriginalCosponsor>True</isOriginalCosponsor>
        <district>1</district>
        <party>R</party>
      </item>
      <item>
        <sponsorshipDate>2017-01-03</sponsorshipDate>
        <state>TX</state>
        <lastName>Burgess</lastName>
        <firstName>Michael</firstName>
        <sponsorshipWithdrawnDate />
        <middleName>C.</middleName>
        <identifiers>
          <lisID>1751</lisID>
          <gpoId>8182</gpoId>
          <bioguideId>B001248</bioguideId>
        </identifiers>
        <fullName>Rep. Burgess, Michael C. [R-TX-26]</fullName>
        <bioguideId>B001248</bioguideId>
        <isOriginalCosponsor>True</isOriginalCosponsor>
        <district>26</district>
        <party>R</party>
      </item>
      <item>
        <sponsorshipDate>2017-01-09</sponsorshipDate>
        <state>FL</state>
        <lastName>Rooney</lastName>
        <firstName>Francis</firstName>
        <sponsorshipWithdrawnDate />
        <middleName />
        <identifiers>
          <gpoId />
          <bioguideId>R000607</bioguideId>
          <lisID>2323</lisID>
        </identifiers>
        <fullName>Rep. Rooney, Francis [R-FL-19]</fullName>
        <bioguideId>R000607</bioguideId>
        <isOriginalCosponsor>False</isOriginalCosponsor>
        <district>19</district>
        <party>R</party>
      </item>
    </cosponsors>
    <actions>
      <actionTypeCounts>
        <introducedInTheHouse>1</introducedInTheHouse>
        <introducedInHouse>1</introducedInHouse>
        <billReferrals>1</billReferrals>
      </actionTypeCounts>
      <item>
        <actionCode>H11100</actionCode>
        <sourceSystem>
          <code>2</code>
          <name>House floor actions</name>
        </sourceSystem>
        <links />
        <text>Referred to the House Committee on Appropriations.</text>
        <actionDate>2017-01-03</actionDate>
        <type>IntroReferral</type>
        <committee>
          <systemCode>hsap00</systemCode>
          <name>Appropriations Committee</name>
        </committee>
      </item>
      <item>
        <actionCode>Intro-H</actionCode>
        <sourceSystem>
          <code>9</code>
          <name>Library of Congress</name>
        </sourceSystem>
        <links />
        <text>Introduced in House</text>
        <actionDate>2017-01-03</actionDate>
        <type>IntroReferral</type>
        <committee />
      </item>
      <item>
        <actionCode>1000</actionCode>
        <sourceSystem>
          <code>9</code>
          <name>Library of Congress</name>
        </sourceSystem>
        <links />
        <text>Introduced in House</text>
        <actionDate>2017-01-03</actionDate>
        <type>IntroReferral</type>
        <committee />
      </item>
      <actionByCounts>
        <houseOfRepresentatives>3</houseOfRepresentatives>
      </actionByCounts>
    </actions>
    <originChamber>House</originChamber>
    <latestAction>
      <actionDate>2017-01-03</actionDate>
      <text>Referred to the House Committee on Appropriations.</text>
      <links />
    </latestAction>
    <calendarNumbers />
    <committeeReports />
    <congress>115</congress>
    <cboCostEstimates />
    <relatedBills>
      <item>
        <latestTitle>To make 2 percent across-the-board rescissions in non-defense, non-homeland-security, and non-veterans-affairs discretionary spending for each of the fiscal years 2017 and 2018.</latestTitle>
        <latestAction>
          <actionDate>2017-01-03</actionDate>
          <text>Referred to the House Committee on Appropriations.</text>
        </latestAction>
        <number>86</number>
        <type>HR</type>
        <congress>115</congress>
        <relationshipDetails>
          <item>
            <identifiedBy>CRS</identifiedBy>
            <type>Related bill</type>
          </item>
        </relationshipDetails>
      </item>
      <item>
        <latestTitle>To make 5 percent across-the-board rescissions in non-defense, non-homeland-security, and non-veterans-affairs discretionary spending for each of the fiscal years 2017 and 2018.</latestTitle>
        <latestAction>
          <actionDate>2017-01-03</actionDate>
          <text>Referred to the House Committee on Appropriations.</text>
        </latestAction>
        <number>87</number>
        <type>HR</type>
        <congress>115</congress>
        <relationshipDetails>
          <item>
            <identifiedBy>CRS</identifiedBy>
            <type>Related bill</type>
          </item>
        </relationshipDetails>
      </item>
    </relatedBills>
    <billNumber>85</billNumber>
    <amendments />
    <committees>
      <billCommittees>
        <item>
          <subcommittees />
          <name>Appropriations Committee</name>
          <systemCode>hsap00</systemCode>
          <chamber>House</chamber>
          <activities>
            <item>
              <date>2017-01-03T17:10:10Z</date>
              <name>Referred to</name>
            </item>
          </activities>
          <type>Standing</type>
        </item>
      </billCommittees>
    </committees>
    <updateDate>2018-03-30T13:57:56Z</updateDate>
    <summaries>
      <billSummaries>
        <item>
          <lastSummaryUpdateDate>2017-01-12T16:39:13Z</lastSummaryUpdateDate>
          <updateDate>2017-01-03T05:00:00Z</updateDate>
          <text><![CDATA[<p>This bill makes 1% across-the-board rescissions in discretionary spending for FY2017 and FY2018, excluding spending for defense, homeland security, and veterans affairs. It also requires the Office of Management and Budget to submit a report to Congress specifying the account and amount of each rescission made pursuant to this bill. </p>]]></text>
          <actionDesc>Introduced in House</actionDesc>
          <versionCode>00</versionCode>
          <actionDate>2017-01-03</actionDate>
          <name>Introduced in House</name>
        </item>
      </billSummaries>
    </summaries>
    <recordedVotes />
    <version>1.0.0</version>
    <sponsors>
      <item>
        <firstName>Marsha</firstName>
        <byRequestType />
        <fullName>Rep. Blackburn, Marsha [R-TN-7]</fullName>
        <bioguideId>B001243</bioguideId>
        <state>TN</state>
        <district>7</district>
        <party>R</party>
        <identifiers>
          <bioguideId>B001243</bioguideId>
          <gpoId>8154</gpoId>
          <lisID>1748</lisID>
        </identifiers>
        <middleName />
        <lastName>Blackburn</lastName>
      </item>
    </sponsors>
    <subjects>
      <billSubjects>
        <policyArea>
          <name>Economics and Public Finance</name>
        </policyArea>
        <legislativeSubjects>
          <item>
            <name>Appropriations</name>
          </item>
          <item>
            <name>Budget deficits and national debt</name>
          </item>
          <item>
            <name>Budget process</name>
          </item>
          <item>
            <name>Executive agency funding and structure</name>
          </item>
        </legislativeSubjects>
      </billSubjects>
    </subjects>
    <billType>HR</billType>
    <laws />
    <titles>
      <item>
        <title>To make 1 percent across-the-board rescissions in non-defense, non-homeland-security, and non-veterans-affairs discretionary spending for each of the fiscal years 2017 and 2018.</title>
        <titleType>Official Title as Introduced</titleType>
        <parentTitleType />
        <chamberCode />
        <chamberName />
      </item>
      <item>
        <title>To make 1 percent across-the-board rescissions in non-defense, non-homeland-security, and non-veterans-affairs discretionary spending for each of the fiscal years 2017 and 2018.</title>
        <titleType>Display Title</titleType>
        <parentTitleType />
        <chamberCode />
        <chamberName />
      </item>
    </titles>
  </bill>
  <dublinCore xmlns:dc="http://purl.org/dc/elements/1.1/">
    <dc:format>text/xml</dc:format>
    <dc:language>EN</dc:language>
    <dc:rights>Pursuant to Title 17 Section 105 of the United States Code, this file is not subject to copyright protection and is in the public domain.</dc:rights>
    <dc:contributor>Congressional Research Service, Library of Congress</dc:contributor>
    <dc:description>This file contains bill summaries and statuses for federal legislation. A bill summary describes the most significant provisions of a piece of legislation and details the effects the legislative text may have on current law and federal programs. Bill summaries are authored by the Congressional Research Service (CRS) of the Library of Congress. As stated in Public Law 91-510 (2 USC 166 (d)(6)), one of the duties of CRS is "to prepare summaries and digests of bills and resolutions of a public general nature introduced in the Senate or House of Representatives". For more information, refer to the User Guide that accompanies this file.</dc:description>
  </dublinCore>
</billStatus>

