<?xml version="1.0" encoding="UTF-8"?>
<billStatus>
  <bill>
    <calendarNumbers />
    <congress>115</congress>
    <billType>HR</billType>
    <constitutionalAuthorityStatementText><![CDATA[<pre>From the Congressional Record Online through the Government Publishing Office [<a href='http://www.gpo.gov'>www.gpo.gov</a>]By Mr. DeSAULNIER:H.R. 606.Congress has the power to enact this legislation pursuantto the following:Article 1, Section 8, Clause 3[Page H608]</pre>]]></constitutionalAuthorityStatementText>
    <recordedVotes />
    <summaries>
      <billSummaries>
        <item>
          <actionDate>2017-01-23</actionDate>
          <actionDesc>Introduced in House</actionDesc>
          <text><![CDATA[Designates the facility of the United States Postal Service located at 1025 Nevin Avenue in Richmond, California, as the "Harold D. McCraw, Sr. Post Office Building."]]></text>
          <name>Introduced in House</name>
          <updateDate>2017-01-23T05:00:00Z</updateDate>
          <lastSummaryUpdateDate>2017-01-24T09:02:41Z</lastSummaryUpdateDate>
          <versionCode>00</versionCode>
        </item>
      </billSummaries>
    </summaries>
    <subjects>
      <billSubjects>
        <legislativeSubjects>
          <item>
            <name>California</name>
          </item>
          <item>
            <name>Congressional tributes</name>
          </item>
          <item>
            <name>Government buildings, facilities, and property</name>
          </item>
          <item>
            <name>Postal service</name>
          </item>
        </legislativeSubjects>
        <policyArea>
          <name>Government Operations and Politics</name>
        </policyArea>
      </billSubjects>
    </subjects>
    <cosponsors>
      <item>
        <bioguideId>A000371</bioguideId>
        <sponsorshipDate>2017-01-23</sponsorshipDate>
        <party>D</party>
        <firstName>Pete</firstName>
        <fullName>Rep. Aguilar, Pete [D-CA-31]</fullName>
        <lastName>Aguilar</lastName>
        <identifiers>
          <lisID>2229</lisID>
          <gpoId />
          <bioguideId>A000371</bioguideId>
        </identifiers>
        <sponsorshipWithdrawnDate />
        <district>31</district>
        <state>CA</state>
        <isOriginalCosponsor>True</isOriginalCosponsor>
        <middleName />
      </item>
      <item>
        <bioguideId>B001270</bioguideId>
        <sponsorshipDate>2017-01-23</sponsorshipDate>
        <party>D</party>
        <firstName>Karen</firstName>
        <fullName>Rep. Bass, Karen [D-CA-37]</fullName>
        <lastName>Bass</lastName>
        <identifiers>
          <lisID>1996</lisID>
          <gpoId>7838</gpoId>
          <bioguideId>B001270</bioguideId>
        </identifiers>
        <sponsorshipWithdrawnDate />
        <district>37</district>
        <state>CA</state>
        <isOriginalCosponsor>True</isOriginalCosponsor>
        <middleName />
      </item>
      <item>
        <bioguideId>B000287</bioguideId>
        <sponsorshipDate>2017-01-23</sponsorshipDate>
        <party>D</party>
        <firstName>XAVIER</firstName>
        <fullName>Rep. Becerra, Xavier [D-CA-34]</fullName>
        <lastName>BECERRA</lastName>
        <identifiers>
          <lisID>70</lisID>
          <gpoId>7836</gpoId>
          <bioguideId>B000287</bioguideId>
        </identifiers>
        <sponsorshipWithdrawnDate />
        <district>34</district>
        <state>CA</state>
        <isOriginalCosponsor>True</isOriginalCosponsor>
        <middleName />
      </item>
      <item>
        <bioguideId>B001287</bioguideId>
        <sponsorshipDate>2017-01-23</sponsorshipDate>
        <party>D</party>
        <firstName>Ami</firstName>
        <fullName>Rep. Bera, Ami [D-CA-7]</fullName>
        <lastName>Bera</lastName>
        <identifiers>
          <bioguideId>B001287</bioguideId>
          <gpoId />
          <lisID>2102</lisID>
        </identifiers>
        <sponsorshipWithdrawnDate />
        <district>7</district>
        <state>CA</state>
        <isOriginalCosponsor>True</isOriginalCosponsor>
        <middleName />
      </item>
      <item>
        <bioguideId>B001285</bioguideId>
        <sponsorshipDate>2017-01-23</sponsorshipDate>
        <party>D</party>
        <firstName>Julia</firstName>
        <fullName>Rep. Brownley, Julia [D-CA-26]</fullName>
        <lastName>Brownley</lastName>
        <identifiers>
          <lisID>2106</lisID>
          <gpoId />
          <bioguideId>B001285</bioguideId>
        </identifiers>
        <sponsorshipWithdrawnDate />
        <district>26</district>
        <state>CA</state>
        <isOriginalCosponsor>True</isOriginalCosponsor>
        <middleName />
      </item>
      <item>
        <bioguideId>C001097</bioguideId>
        <sponsorshipDate>2017-01-23</sponsorshipDate>
        <party>D</party>
        <firstName>Tony</firstName>
        <fullName>Rep. Cardenas, Tony [D-CA-29]</fullName>
        <lastName>Cardenas</lastName>
        <identifiers>
          <lisID>2107</lisID>
          <gpoId />
          <bioguideId>C001097</bioguideId>
        </identifiers>
        <sponsorshipWithdrawnDate />
        <district>29</district>
        <state>CA</state>
        <isOriginalCosponsor>True</isOriginalCosponsor>
        <middleName />
      </item>
      <item>
        <bioguideId>C001080</bioguideId>
        <sponsorshipDate>2017-01-23</sponsorshipDate>
        <party>D</party>
        <firstName>Judy</firstName>
        <fullName>Rep. Chu, Judy [D-CA-27]</fullName>
        <lastName>Chu</lastName>
        <identifiers>
          <gpoId>7837</gpoId>
          <lisID>1970</lisID>
          <bioguideId>C001080</bioguideId>
        </identifiers>
        <sponsorshipWithdrawnDate />
        <district>27</district>
        <state>CA</state>
        <isOriginalCosponsor>True</isOriginalCosponsor>
        <middleName />
      </item>
      <item>
        <bioguideId>C001094</bioguideId>
        <sponsorshipDate>2017-01-23</sponsorshipDate>
        <party>R</party>
        <firstName>Paul</firstName>
        <fullName>Rep. Cook, Paul [R-CA-8]</fullName>
        <lastName>Cook</lastName>
        <identifiers>
          <gpoId />
          <bioguideId>C001094</bioguideId>
          <lisID>2103</lisID>
        </identifiers>
        <sponsorshipWithdrawnDate />
        <district>8</district>
        <state>CA</state>
        <isOriginalCosponsor>True</isOriginalCosponsor>
        <middleName />
      </item>
      <item>
        <bioguideId>C001059</bioguideId>
        <sponsorshipDate>2017-01-23</sponsorshipDate>
        <party>D</party>
        <firstName>Jim</firstName>
        <fullName>Rep. Costa, Jim [D-CA-16]</fullName>
        <lastName>Costa</lastName>
        <identifiers>
          <lisID>1774</lisID>
          <gpoId>7825</gpoId>
          <bioguideId>C001059</bioguideId>
        </identifiers>
        <sponsorshipWithdrawnDate />
        <district>16</district>
        <state>CA</state>
        <isOriginalCosponsor>True</isOriginalCosponsor>
        <middleName />
      </item>
      <item>
        <bioguideId>D000598</bioguideId>
        <sponsorshipDate>2017-01-23</sponsorshipDate>
        <party>D</party>
        <firstName>SUSAN</firstName>
        <fullName>Rep. Davis, Susan A. [D-CA-53]</fullName>
        <lastName>DAVIS</lastName>
        <identifiers>
          <bioguideId>D000598</bioguideId>
          <gpoId>7858</gpoId>
          <lisID>1641</lisID>
        </identifiers>
        <sponsorshipWithdrawnDate />
        <district>53</district>
        <state>CA</state>
        <isOriginalCosponsor>True</isOriginalCosponsor>
        <middleName>A.</middleName>
      </item>
      <item>
        <bioguideId>D000612</bioguideId>
        <sponsorshipDate>2017-01-23</sponsorshipDate>
        <party>R</party>
        <firstName>Jeff</firstName>
        <fullName>Rep. Denham, Jeff [R-CA-10]</fullName>
        <lastName>Denham</lastName>
        <identifiers>
          <gpoId>7824</gpoId>
          <lisID>1995</lisID>
          <bioguideId>D000612</bioguideId>
        </identifiers>
        <sponsorshipWithdrawnDate />
        <district>10</district>
        <state>CA</state>
        <isOriginalCosponsor>True</isOriginalCosponsor>
        <middleName />
      </item>
      <item>
        <bioguideId>E000215</bioguideId>
        <sponsorshipDate>2017-01-23</sponsorshipDate>
        <party>D</party>
        <firstName>ANNA</firstName>
        <fullName>Rep. Eshoo, Anna G. [D-CA-18]</fullName>
        <lastName>ESHOO</lastName>
        <identifiers>
          <gpoId>7819</gpoId>
          <bioguideId>E000215</bioguideId>
          <lisID>355</lisID>
        </identifiers>
        <sponsorshipWithdrawnDate />
        <district>18</district>
        <state>CA</state>
        <isOriginalCosponsor>True</isOriginalCosponsor>
        <middleName>G.</middleName>
      </item>
      <item>
        <bioguideId>G000559</bioguideId>
        <sponsorshipDate>2017-01-23</sponsorshipDate>
        <party>D</party>
        <firstName>John</firstName>
        <fullName>Rep. Garamendi, John [D-CA-3]</fullName>
        <lastName>Garamendi</lastName>
        <identifiers>
          <bioguideId>G000559</bioguideId>
          <lisID>1973</lisID>
          <gpoId>7815</gpoId>
        </identifiers>
        <sponsorshipWithdrawnDate />
        <district>3</district>
        <state>CA</state>
        <isOriginalCosponsor>True</isOriginalCosponsor>
        <middleName />
      </item>
      <item>
        <bioguideId>H001068</bioguideId>
        <sponsorshipDate>2017-01-23</sponsorshipDate>
        <party>D</party>
        <firstName>Jared</firstName>
        <fullName>Rep. Huffman, Jared [D-CA-2]</fullName>
        <lastName>Huffman</lastName>
        <identifiers>
          <bioguideId>H001068</bioguideId>
          <lisID>2101</lisID>
          <gpoId />
        </identifiers>
        <sponsorshipWithdrawnDate />
        <district>2</district>
        <state>CA</state>
        <isOriginalCosponsor>True</isOriginalCosponsor>
        <middleName />
      </item>
      <item>
        <bioguideId>K000387</bioguideId>
        <sponsorshipDate>2017-01-23</sponsorshipDate>
        <party>R</party>
        <firstName>Stephen</firstName>
        <fullName>Rep. Knight, Stephen [R-CA-25]</fullName>
        <lastName>Knight</lastName>
        <identifiers>
          <lisID>2228</lisID>
          <gpoId />
          <bioguideId>K000387</bioguideId>
        </identifiers>
        <sponsorshipWithdrawnDate />
        <district>25</district>
        <state>CA</state>
        <isOriginalCosponsor>True</isOriginalCosponsor>
        <middleName />
      </item>
      <item>
        <bioguideId>L000578</bioguideId>
        <sponsorshipDate>2017-01-23</sponsorshipDate>
        <party>R</party>
        <firstName>Doug</firstName>
        <fullName>Rep. LaMalfa, Doug [R-CA-1]</fullName>
        <lastName>LaMalfa</lastName>
        <identifiers>
          <lisID>2100</lisID>
          <gpoId />
          <bioguideId>L000578</bioguideId>
        </identifiers>
        <sponsorshipWithdrawnDate />
        <district>1</district>
        <state>CA</state>
        <isOriginalCosponsor>True</isOriginalCosponsor>
        <middleName />
      </item>
      <item>
        <bioguideId>L000551</bioguideId>
        <sponsorshipDate>2017-01-23</sponsorshipDate>
        <party>D</party>
        <firstName>BARBARA</firstName>
        <fullName>Rep. Lee, Barbara [D-CA-13]</fullName>
        <lastName>LEE</lastName>
        <identifiers>
          <bioguideId>L000551</bioguideId>
          <gpoId>7814</gpoId>
          <lisID>1501</lisID>
        </identifiers>
        <sponsorshipWithdrawnDate />
        <district>13</district>
        <state>CA</state>
        <isOriginalCosponsor>True</isOriginalCosponsor>
        <middleName />
      </item>
      <item>
        <bioguideId>L000582</bioguideId>
        <sponsorshipDate>2017-01-23</sponsorshipDate>
        <party>D</party>
        <firstName>Ted</firstName>
        <fullName>Rep. Lieu, Ted [D-CA-33]</fullName>
        <lastName>Lieu</lastName>
        <identifiers>
          <bioguideId>L000582</bioguideId>
          <gpoId />
          <lisID>2230</lisID>
        </identifiers>
        <sponsorshipWithdrawnDate />
        <district>33</district>
        <state>CA</state>
        <isOriginalCosponsor>True</isOriginalCosponsor>
        <middleName />
      </item>
      <item>
        <bioguideId>L000397</bioguideId>
        <sponsorshipDate>2017-01-23</sponsorshipDate>
        <party>D</party>
        <firstName>ZOE</firstName>
        <fullName>Rep. Lofgren, Zoe [D-CA-19]</fullName>
        <lastName>LOFGREN</lastName>
        <identifiers>
          <lisID>701</lisID>
          <gpoId>7821</gpoId>
          <bioguideId>L000397</bioguideId>
        </identifiers>
        <sponsorshipWithdrawnDate />
        <district>19</district>
        <state>CA</state>
        <isOriginalCosponsor>True</isOriginalCosponsor>
        <middleName />
      </item>
      <item>
        <bioguideId>L000579</bioguideId>
        <sponsorshipDate>2017-01-23</sponsorshipDate>
        <party>D</party>
        <firstName>Alan</firstName>
        <fullName>Rep. Lowenthal, Alan S. [D-CA-47]</fullName>
        <lastName>Lowenthal</lastName>
        <identifiers>
          <gpoId />
          <lisID>2111</lisID>
          <bioguideId>L000579</bioguideId>
        </identifiers>
        <sponsorshipWithdrawnDate />
        <district>47</district>
        <state>CA</state>
        <isOriginalCosponsor>True</isOriginalCosponsor>
        <middleName>S.</middleName>
      </item>
      <item>
        <bioguideId>M001163</bioguideId>
        <sponsorshipDate>2017-01-23</sponsorshipDate>
        <party>D</party>
        <firstName>Doris</firstName>
        <fullName>Rep. Matsui, Doris O. [D-CA-6]</fullName>
        <lastName>Matsui</lastName>
        <identifiers>
          <bioguideId>M001163</bioguideId>
          <gpoId>7810</gpoId>
          <lisID>1814</lisID>
        </identifiers>
        <sponsorshipWithdrawnDate />
        <district>6</district>
        <state>CA</state>
        <isOriginalCosponsor>True</isOriginalCosponsor>
        <middleName>O.</middleName>
      </item>
      <item>
        <bioguideId>M001166</bioguideId>
        <sponsorshipDate>2017-01-23</sponsorshipDate>
        <party>D</party>
        <firstName>Jerry</firstName>
        <fullName>Rep. McNerney, Jerry [D-CA-9]</fullName>
        <lastName>McNerney</lastName>
        <identifiers>
          <bioguideId>M001166</bioguideId>
          <gpoId>7816</gpoId>
          <lisID>1832</lisID>
        </identifiers>
        <sponsorshipWithdrawnDate />
        <district>9</district>
        <state>CA</state>
        <isOriginalCosponsor>True</isOriginalCosponsor>
        <middleName />
      </item>
      <item>
        <bioguideId>N000179</bioguideId>
        <sponsorshipDate>2017-01-23</sponsorshipDate>
        <party>D</party>
        <firstName>GRACE</firstName>
        <fullName>Rep. Napolitano, Grace F. [D-CA-32]</fullName>
        <lastName>NAPOLITANO</lastName>
        <identifiers>
          <lisID>1602</lisID>
          <gpoId>7843</gpoId>
          <bioguideId>N000179</bioguideId>
        </identifiers>
        <sponsorshipWithdrawnDate />
        <district>32</district>
        <state>CA</state>
        <isOriginalCosponsor>True</isOriginalCosponsor>
        <middleName>F.</middleName>
      </item>
      <item>
        <bioguideId>P000608</bioguideId>
        <sponsorshipDate>2017-01-23</sponsorshipDate>
        <party>D</party>
        <firstName>Scott</firstName>
        <fullName>Rep. Peters, Scott H. [D-CA-52]</fullName>
        <lastName>Peters</lastName>
        <identifiers>
          <lisID>2113</lisID>
          <gpoId />
          <bioguideId>P000608</bioguideId>
        </identifiers>
        <sponsorshipWithdrawnDate />
        <district>52</district>
        <state>CA</state>
        <isOriginalCosponsor>True</isOriginalCosponsor>
        <middleName>H.</middleName>
      </item>
      <item>
        <bioguideId>R000409</bioguideId>
        <sponsorshipDate>2017-01-23</sponsorshipDate>
        <party>R</party>
        <firstName>DANA</firstName>
        <fullName>Rep. Rohrabacher, Dana [R-CA-48]</fullName>
        <lastName>ROHRABACHER</lastName>
        <identifiers>
          <bioguideId>R000409</bioguideId>
          <gpoId>7851</gpoId>
          <lisID>979</lisID>
        </identifiers>
        <sponsorshipWithdrawnDate />
        <district>48</district>
        <state>CA</state>
        <isOriginalCosponsor>True</isOriginalCosponsor>
        <middleName />
      </item>
      <item>
        <bioguideId>R000486</bioguideId>
        <sponsorshipDate>2017-01-23</sponsorshipDate>
        <party>D</party>
        <firstName>LUCILLE</firstName>
        <fullName>Rep. Roybal-Allard, Lucille [D-CA-40]</fullName>
        <lastName>ROYBAL-ALLARD</lastName>
        <identifiers>
          <lisID>997</lisID>
          <gpoId>7839</gpoId>
          <bioguideId>R000486</bioguideId>
        </identifiers>
        <sponsorshipWithdrawnDate />
        <district>40</district>
        <state>CA</state>
        <isOriginalCosponsor>True</isOriginalCosponsor>
        <middleName />
      </item>
      <item>
        <bioguideId>R000599</bioguideId>
        <sponsorshipDate>2017-01-23</sponsorshipDate>
        <party>D</party>
        <firstName>Raul</firstName>
        <fullName>Rep. Ruiz, Raul [D-CA-36]</fullName>
        <lastName>Ruiz</lastName>
        <identifiers>
          <lisID>2109</lisID>
          <gpoId />
          <bioguideId>R000599</bioguideId>
        </identifiers>
        <sponsorshipWithdrawnDate />
        <district>36</district>
        <state>CA</state>
        <isOriginalCosponsor>True</isOriginalCosponsor>
        <middleName />
      </item>
      <item>
        <bioguideId>S001150</bioguideId>
        <sponsorshipDate>2017-01-23</sponsorshipDate>
        <party>D</party>
        <firstName>ADAM</firstName>
        <fullName>Rep. Schiff, Adam B. [D-CA-28]</fullName>
        <lastName>SCHIFF</lastName>
        <identifiers>
          <bioguideId>S001150</bioguideId>
          <gpoId>7834</gpoId>
          <lisID>1635</lisID>
        </identifiers>
        <sponsorshipWithdrawnDate />
        <district>28</district>
        <state>CA</state>
        <isOriginalCosponsor>True</isOriginalCosponsor>
        <middleName>B.</middleName>
      </item>
      <item>
        <bioguideId>S001175</bioguideId>
        <sponsorshipDate>2017-01-23</sponsorshipDate>
        <party>D</party>
        <firstName>Jackie</firstName>
        <fullName>Rep. Speier, Jackie [D-CA-14]</fullName>
        <lastName>Speier</lastName>
        <identifiers>
          <lisID>1890</lisID>
          <gpoId>7817</gpoId>
          <bioguideId>S001175</bioguideId>
        </identifiers>
        <sponsorshipWithdrawnDate />
        <district>14</district>
        <state>CA</state>
        <isOriginalCosponsor>True</isOriginalCosponsor>
        <middleName />
      </item>
      <item>
        <bioguideId>S001193</bioguideId>
        <sponsorshipDate>2017-01-23</sponsorshipDate>
        <party>D</party>
        <firstName>Eric</firstName>
        <fullName>Rep. Swalwell, Eric [D-CA-15]</fullName>
        <lastName>Swalwell</lastName>
        <identifiers>
          <lisID>2104</lisID>
          <gpoId />
          <bioguideId>S001193</bioguideId>
        </identifiers>
        <sponsorshipWithdrawnDate />
        <district>15</district>
        <state>CA</state>
        <isOriginalCosponsor>True</isOriginalCosponsor>
        <middleName />
      </item>
      <item>
        <bioguideId>T000472</bioguideId>
        <sponsorshipDate>2017-01-23</sponsorshipDate>
        <party>D</party>
        <firstName>Mark</firstName>
        <fullName>Rep. Takano, Mark [D-CA-41]</fullName>
        <lastName>Takano</lastName>
        <identifiers>
          <lisID>2110</lisID>
          <gpoId />
          <bioguideId>T000472</bioguideId>
        </identifiers>
        <sponsorshipWithdrawnDate />
        <district>41</district>
        <state>CA</state>
        <isOriginalCosponsor>True</isOriginalCosponsor>
        <middleName />
      </item>
      <item>
        <bioguideId>T000460</bioguideId>
        <sponsorshipDate>2017-01-23</sponsorshipDate>
        <party>D</party>
        <firstName>MIKE</firstName>
        <fullName>Rep. Thompson, Mike [D-CA-5]</fullName>
        <lastName>THOMPSON</lastName>
        <identifiers>
          <lisID>1593</lisID>
          <gpoId>7806</gpoId>
          <bioguideId>T000460</bioguideId>
        </identifiers>
        <sponsorshipWithdrawnDate />
        <district>5</district>
        <state>CA</state>
        <isOriginalCosponsor>True</isOriginalCosponsor>
        <middleName />
      </item>
      <item>
        <bioguideId>T000474</bioguideId>
        <sponsorshipDate>2017-01-23</sponsorshipDate>
        <party>D</party>
        <firstName>Norma</firstName>
        <fullName>Rep. Torres, Norma J. [D-CA-35]</fullName>
        <lastName>Torres</lastName>
        <identifiers>
          <bioguideId>T000474</bioguideId>
          <lisID>2231</lisID>
          <gpoId />
        </identifiers>
        <sponsorshipWithdrawnDate />
        <district>35</district>
        <state>CA</state>
        <isOriginalCosponsor>True</isOriginalCosponsor>
        <middleName>J.</middleName>
      </item>
      <item>
        <bioguideId>V000130</bioguideId>
        <sponsorshipDate>2017-01-23</sponsorshipDate>
        <party>D</party>
        <firstName>Juan</firstName>
        <fullName>Rep. Vargas, Juan [D-CA-51]</fullName>
        <lastName>Vargas</lastName>
        <identifiers>
          <lisID>2112</lisID>
          <gpoId />
          <bioguideId>V000130</bioguideId>
        </identifiers>
        <sponsorshipWithdrawnDate />
        <district>51</district>
        <state>CA</state>
        <isOriginalCosponsor>True</isOriginalCosponsor>
        <middleName />
      </item>
      <item>
        <bioguideId>W000820</bioguideId>
        <sponsorshipDate>2017-01-23</sponsorshipDate>
        <party>R</party>
        <firstName>Mimi</firstName>
        <fullName>Rep. Walters, Mimi [R-CA-45]</fullName>
        <lastName>Walters</lastName>
        <identifiers>
          <lisID>2232</lisID>
          <gpoId />
          <bioguideId>W000820</bioguideId>
        </identifiers>
        <sponsorshipWithdrawnDate />
        <district>45</district>
        <state>CA</state>
        <isOriginalCosponsor>True</isOriginalCosponsor>
        <middleName />
      </item>
      <item>
        <bioguideId>M001177</bioguideId>
        <sponsorshipDate>2017-01-24</sponsorshipDate>
        <party>R</party>
        <firstName>Tom</firstName>
        <fullName>Rep. McClintock, Tom [R-CA-4]</fullName>
        <lastName>McClintock</lastName>
        <identifiers>
          <lisID>1908</lisID>
          <gpoId>7809</gpoId>
          <bioguideId>M001177</bioguideId>
        </identifiers>
        <sponsorshipWithdrawnDate />
        <district>4</district>
        <state>CA</state>
        <isOriginalCosponsor>False</isOriginalCosponsor>
        <middleName />
      </item>
      <item>
        <bioguideId>S001156</bioguideId>
        <sponsorshipDate>2017-01-30</sponsorshipDate>
        <party>D</party>
        <firstName>LINDA</firstName>
        <fullName>Rep. Sanchez, Linda T. [D-CA-38]</fullName>
        <lastName>SANCHEZ</lastName>
        <identifiers>
          <bioguideId>S001156</bioguideId>
          <lisID>1757</lisID>
          <gpoId>7844</gpoId>
        </identifiers>
        <sponsorshipWithdrawnDate />
        <district>38</district>
        <state>CA</state>
        <isOriginalCosponsor>False</isOriginalCosponsor>
        <middleName>T.</middleName>
      </item>
      <item>
        <bioguideId>C001110</bioguideId>
        <sponsorshipDate>2017-01-30</sponsorshipDate>
        <party>D</party>
        <firstName>J.</firstName>
        <fullName>Rep. Correa, J. Luis [D-CA-46]</fullName>
        <lastName>Correa</lastName>
        <identifiers>
          <lisID>2312</lisID>
          <gpoId />
          <bioguideId>C001110</bioguideId>
        </identifiers>
        <sponsorshipWithdrawnDate />
        <district>46</district>
        <state>CA</state>
        <isOriginalCosponsor>False</isOriginalCosponsor>
        <middleName>Luis</middleName>
      </item>
      <item>
        <bioguideId>P000613</bioguideId>
        <sponsorshipDate>2017-01-30</sponsorshipDate>
        <party>D</party>
        <firstName>Jimmy</firstName>
        <fullName>Rep. Panetta, Jimmy [D-CA-20]</fullName>
        <lastName>Panetta</lastName>
        <identifiers>
          <lisID>2309</lisID>
          <gpoId />
          <bioguideId>P000613</bioguideId>
        </identifiers>
        <sponsorshipWithdrawnDate />
        <district>20</district>
        <state>CA</state>
        <isOriginalCosponsor>False</isOriginalCosponsor>
        <middleName />
      </item>
      <item>
        <bioguideId>B001300</bioguideId>
        <sponsorshipDate>2017-04-20</sponsorshipDate>
        <party>D</party>
        <firstName>Nanette</firstName>
        <fullName>Rep. Barragan, Nanette Diaz [D-CA-44]</fullName>
        <lastName>Barragan</lastName>
        <identifiers>
          <bioguideId>B001300</bioguideId>
          <gpoId />
          <lisID>2311</lisID>
        </identifiers>
        <sponsorshipWithdrawnDate />
        <district>44</district>
        <state>CA</state>
        <isOriginalCosponsor>False</isOriginalCosponsor>
        <middleName>Diaz</middleName>
      </item>
      <item>
        <bioguideId>C001112</bioguideId>
        <sponsorshipDate>2017-04-20</sponsorshipDate>
        <party>D</party>
        <firstName>Salud</firstName>
        <fullName>Rep. Carbajal, Salud O. [D-CA-24]</fullName>
        <lastName>Carbajal</lastName>
        <identifiers>
          <gpoId />
          <bioguideId>C001112</bioguideId>
          <lisID>2310</lisID>
        </identifiers>
        <sponsorshipWithdrawnDate />
        <district>24</district>
        <state>CA</state>
        <isOriginalCosponsor>False</isOriginalCosponsor>
        <middleName>O.</middleName>
      </item>
      <item>
        <bioguideId>S000344</bioguideId>
        <sponsorshipDate>2017-04-27</sponsorshipDate>
        <party>D</party>
        <firstName>BRAD</firstName>
        <fullName>Rep. Sherman, Brad [D-CA-30]</fullName>
        <lastName>SHERMAN</lastName>
        <identifiers>
          <lisID>1526</lisID>
          <gpoId>7832</gpoId>
          <bioguideId>S000344</bioguideId>
        </identifiers>
        <sponsorshipWithdrawnDate />
        <district>30</district>
        <state>CA</state>
        <isOriginalCosponsor>False</isOriginalCosponsor>
        <middleName />
      </item>
      <item>
        <bioguideId>V000129</bioguideId>
        <sponsorshipDate>2017-04-27</sponsorshipDate>
        <party>R</party>
        <firstName>David</firstName>
        <fullName>Rep. Valadao, David G. [R-CA-21]</fullName>
        <lastName>Valadao</lastName>
        <identifiers>
          <lisID>2105</lisID>
          <gpoId />
          <bioguideId>V000129</bioguideId>
        </identifiers>
        <sponsorshipWithdrawnDate />
        <district>21</district>
        <state>CA</state>
        <isOriginalCosponsor>False</isOriginalCosponsor>
        <middleName>G.</middleName>
      </item>
      <item>
        <bioguideId>I000056</bioguideId>
        <sponsorshipDate>2017-04-27</sponsorshipDate>
        <party>R</party>
        <firstName>DARRELL</firstName>
        <fullName>Rep. Issa, Darrell E. [R-CA-49]</fullName>
        <lastName>ISSA</lastName>
        <identifiers>
          <gpoId>7854</gpoId>
          <lisID>1640</lisID>
          <bioguideId>I000056</bioguideId>
        </identifiers>
        <sponsorshipWithdrawnDate />
        <district>49</district>
        <state>CA</state>
        <isOriginalCosponsor>False</isOriginalCosponsor>
        <middleName>E.</middleName>
      </item>
      <item>
        <bioguideId>C000059</bioguideId>
        <sponsorshipDate>2017-04-27</sponsorshipDate>
        <party>R</party>
        <firstName>KEN</firstName>
        <fullName>Rep. Calvert, Ken [R-CA-42]</fullName>
        <lastName>CALVERT</lastName>
        <identifiers>
          <bioguideId>C000059</bioguideId>
          <lisID>165</lisID>
          <gpoId>7849</gpoId>
        </identifiers>
        <sponsorshipWithdrawnDate />
        <district>42</district>
        <state>CA</state>
        <isOriginalCosponsor>False</isOriginalCosponsor>
        <middleName />
      </item>
      <item>
        <bioguideId>N000181</bioguideId>
        <sponsorshipDate>2017-04-28</sponsorshipDate>
        <party>R</party>
        <firstName>Devin</firstName>
        <fullName>Rep. Nunes, Devin [R-CA-22]</fullName>
        <lastName>Nunes</lastName>
        <identifiers>
          <bioguideId>N000181</bioguideId>
          <gpoId>7826</gpoId>
          <lisID>1710</lisID>
        </identifiers>
        <sponsorshipWithdrawnDate />
        <district>22</district>
        <state>CA</state>
        <isOriginalCosponsor>False</isOriginalCosponsor>
        <middleName />
      </item>
      <item>
        <bioguideId>H001048</bioguideId>
        <sponsorshipDate>2017-05-02</sponsorshipDate>
        <party>R</party>
        <firstName>Duncan</firstName>
        <fullName>Rep. Hunter, Duncan D. [R-CA-50]</fullName>
        <lastName>Hunter</lastName>
        <identifiers>
          <gpoId>7857</gpoId>
          <lisID>1909</lisID>
          <bioguideId>H001048</bioguideId>
        </identifiers>
        <sponsorshipWithdrawnDate />
        <district>50</district>
        <state>CA</state>
        <isOriginalCosponsor>False</isOriginalCosponsor>
        <middleName>D.</middleName>
      </item>
      <item>
        <bioguideId>R000487</bioguideId>
        <sponsorshipDate>2017-05-02</sponsorshipDate>
        <party>R</party>
        <firstName>ED</firstName>
        <fullName>Rep. Royce, Edward R. [R-CA-39]</fullName>
        <lastName>ROYCE</lastName>
        <identifiers>
          <gpoId>7845</gpoId>
          <bioguideId>R000487</bioguideId>
          <lisID>998</lisID>
        </identifiers>
        <sponsorshipWithdrawnDate />
        <district>39</district>
        <state>CA</state>
        <isOriginalCosponsor>False</isOriginalCosponsor>
        <middleName />
      </item>
      <item>
        <bioguideId>K000389</bioguideId>
        <sponsorshipDate>2017-05-04</sponsorshipDate>
        <party>D</party>
        <firstName>Ro</firstName>
        <fullName>Rep. Khanna, Ro [D-CA-17]</fullName>
        <lastName>Khanna</lastName>
        <identifiers>
          <bioguideId>K000389</bioguideId>
          <gpoId />
          <lisID>2308</lisID>
        </identifiers>
        <sponsorshipWithdrawnDate />
        <district>17</district>
        <state>CA</state>
        <isOriginalCosponsor>False</isOriginalCosponsor>
        <middleName />
      </item>
      <item>
        <bioguideId>W000187</bioguideId>
        <sponsorshipDate>2017-05-04</sponsorshipDate>
        <party>D</party>
        <firstName>MAXINE</firstName>
        <fullName>Rep. Waters, Maxine [D-CA-43]</fullName>
        <lastName>WATERS</lastName>
        <identifiers>
          <gpoId>7840</gpoId>
          <bioguideId>W000187</bioguideId>
          <lisID>1205</lisID>
        </identifiers>
        <sponsorshipWithdrawnDate />
        <district>43</district>
        <state>CA</state>
        <isOriginalCosponsor>False</isOriginalCosponsor>
        <middleName />
      </item>
      <item>
        <bioguideId>P000197</bioguideId>
        <sponsorshipDate>2017-05-16</sponsorshipDate>
        <party>D</party>
        <firstName>NANCY</firstName>
        <fullName>Rep. Pelosi, Nancy [D-CA-12]</fullName>
        <lastName>PELOSI</lastName>
        <identifiers>
          <bioguideId>P000197</bioguideId>
          <gpoId>7813</gpoId>
          <lisID>905</lisID>
        </identifiers>
        <sponsorshipWithdrawnDate />
        <district>12</district>
        <state>CA</state>
        <isOriginalCosponsor>False</isOriginalCosponsor>
        <middleName />
      </item>
    </cosponsors>
    <actions>
      <item>
        <actionDate>2017-09-13</actionDate>
        <committee>
          <name>Oversight and Government Reform Committee</name>
          <systemCode>hsgo00</systemCode>
        </committee>
        <links />
        <sourceSystem>
          <code>1</code>
          <name>House committee actions</name>
        </sourceSystem>
        <text>Ordered to be Reported by Unanimous Consent.</text>
        <type>Committee</type>
      </item>
      <item>
        <actionDate>2017-09-13</actionDate>
        <committee>
          <name>Oversight and Government Reform Committee</name>
          <systemCode>hsgo00</systemCode>
        </committee>
        <links />
        <sourceSystem>
          <code>1</code>
          <name>House committee actions</name>
        </sourceSystem>
        <text>Committee Consideration and Mark-up Session Held.</text>
        <type>Committee</type>
      </item>
      <item>
        <actionDate>2017-01-23</actionDate>
        <text>Referred to the House Committee on Oversight and Government Reform.</text>
        <links />
        <committee>
          <name>Oversight and Government Reform Committee</name>
          <systemCode>hsgo00</systemCode>
        </committee>
        <sourceSystem>
          <code>2</code>
          <name>House floor actions</name>
        </sourceSystem>
        <actionCode>H11100</actionCode>
        <type>IntroReferral</type>
      </item>
      <item>
        <actionDate>2017-01-23</actionDate>
        <text>Introduced in House</text>
        <links />
        <committee />
        <sourceSystem>
          <code>9</code>
          <name>Library of Congress</name>
        </sourceSystem>
        <actionCode>Intro-H</actionCode>
        <type>IntroReferral</type>
      </item>
      <item>
        <actionDate>2017-01-23</actionDate>
        <text>Introduced in House</text>
        <links />
        <committee />
        <sourceSystem>
          <code>9</code>
          <name>Library of Congress</name>
        </sourceSystem>
        <actionCode>1000</actionCode>
        <type>IntroReferral</type>
      </item>
      <actionTypeCounts>
        <introducedInHouse>1</introducedInHouse>
        <placeholderTextForH>1</placeholderTextForH>
        <actionStageOverride>1</actionStageOverride>
        <billReferrals>1</billReferrals>
        <introducedInTheHouse>1</introducedInTheHouse>
      </actionTypeCounts>
      <actionByCounts>
        <houseOfRepresentatives>5</houseOfRepresentatives>
      </actionByCounts>
    </actions>
    <notes />
    <policyArea>
      <name>Government Operations and Politics</name>
    </policyArea>
    <billNumber>606</billNumber>
    <createDate>2017-01-24T05:12:19Z</createDate>
    <originChamber>House</originChamber>
    <committees>
      <billCommittees>
        <item>
          <chamber>House</chamber>
          <type>Standing</type>
          <name>Oversight and Government Reform Committee</name>
          <activities>
            <item>
              <date>2017-09-13T16:48:03Z</date>
              <name>Markup by</name>
            </item>
            <item>
              <date>2017-01-23T17:01:00Z</date>
              <name>Referred to</name>
            </item>
          </activities>
          <subcommittees />
          <systemCode>hsgo00</systemCode>
        </item>
      </billCommittees>
    </committees>
    <introducedDate>2017-01-23</introducedDate>
    <amendments />
    <sponsors>
      <item>
        <lastName>DeSaulnier</lastName>
        <bioguideId>D000623</bioguideId>
        <identifiers>
          <gpoId />
          <lisID>2227</lisID>
          <bioguideId>D000623</bioguideId>
        </identifiers>
        <party>D</party>
        <firstName>Mark</firstName>
        <fullName>Rep. DeSaulnier, Mark [D-CA-11]</fullName>
        <state>CA</state>
        <byRequestType />
        <middleName />
        <district>11</district>
      </item>
    </sponsors>
    <committeeReports />
    <cboCostEstimates />
    <titles>
      <item>
        <title>To designate the facility of the United States Postal Service located at 1025 Nevin Avenue in Richmond, California, as the "Harold D. McCraw, Sr., Post Office Building".</title>
        <parentTitleType />
        <chamberCode />
        <titleType>Official Title as Introduced</titleType>
        <chamberName />
      </item>
      <item>
        <title>To designate the facility of the United States Postal Service located at 1025 Nevin Avenue in Richmond, California, as the "Harold D. McCraw, Sr., Post Office Building".</title>
        <parentTitleType />
        <chamberCode />
        <titleType>Display Title</titleType>
        <chamberName />
      </item>
    </titles>
    <title>To designate the facility of the United States Postal Service located at 1025 Nevin Avenue in Richmond, California, as the "Harold D. McCraw, Sr., Post Office Building".</title>
    <laws />
    <relatedBills />
    <latestAction>
      <actionDate>2017-09-13</actionDate>
      <links />
      <text>Ordered to be Reported by Unanimous Consent.</text>
    </latestAction>
    <version>1.0.0</version>
    <updateDate>2018-03-30T14:00:29Z</updateDate>
  </bill>
  <dublinCore xmlns:dc="http://purl.org/dc/elements/1.1/">
    <dc:format>text/xml</dc:format>
    <dc:language>EN</dc:language>
    <dc:rights>Pursuant to Title 17 Section 105 of the United States Code, this file is not subject to copyright protection and is in the public domain.</dc:rights>
    <dc:contributor>Congressional Research Service, Library of Congress</dc:contributor>
    <dc:description>This file contains bill summaries and statuses for federal legislation. A bill summary describes the most significant provisions of a piece of legislation and details the effects the legislative text may have on current law and federal programs. Bill summaries are authored by the Congressional Research Service (CRS) of the Library of Congress. As stated in Public Law 91-510 (2 USC 166 (d)(6)), one of the duties of CRS is "to prepare summaries and digests of bills and resolutions of a public general nature introduced in the Senate or House of Representatives". For more information, refer to the User Guide that accompanies this file.</dc:description>
  </dublinCore>
</billStatus>

