<?xml version="1.0" encoding="UTF-8"?>
<billStatus>
  <bill>
    <relatedBills>
      <item>
        <relationshipDetails>
          <item>
            <type>Identical bill</type>
            <identifiedBy>CRS</identifiedBy>
          </item>
        </relationshipDetails>
        <latestAction>
          <actionDate>2017-01-11</actionDate>
          <text>Read twice and referred to the Committee on Environment and Public Works.</text>
        </latestAction>
        <number>95</number>
        <congress>115</congress>
        <type>S</type>
        <latestTitle>Nuclear Waste Informed Consent Act</latestTitle>
      </item>
    </relatedBills>
    <committeeReports />
    <recordedVotes />
    <subjects>
      <billSubjects>
        <legislativeSubjects>
          <item>
            <name>Federal-Indian relations</name>
          </item>
          <item>
            <name>Intergovernmental relations</name>
          </item>
          <item>
            <name>Nuclear power</name>
          </item>
          <item>
            <name>Radioactive wastes and releases</name>
          </item>
          <item>
            <name>State and local government operations</name>
          </item>
        </legislativeSubjects>
        <policyArea>
          <name>Energy</name>
        </policyArea>
      </billSubjects>
    </subjects>
    <introducedDate>2017-01-11</introducedDate>
    <summaries>
      <billSummaries>
        <item>
          <actionDate>2017-01-11</actionDate>
          <actionDesc>Introduced in House</actionDesc>
          <text><![CDATA[<p><b>Nuclear Waste Informed Consent Act</b></p> <p>This bill prohibits the Department of Energy (DOE) from making an expenditure from the Nuclear Waste Fund for the costs incurred by DOE in connection with disposing of spent nuclear fuel or high-level radioactive waste in a repository, unless DOE has entered into an agreement to host the repository with certain affected entities.</p> Additionally, any agreement to host the repository must meet certain conditions.]]></text>
          <name>Introduced in House</name>
          <updateDate>2017-01-11T05:00:00Z</updateDate>
          <lastSummaryUpdateDate>2017-05-01T19:37:53Z</lastSummaryUpdateDate>
          <versionCode>00</versionCode>
        </item>
      </billSummaries>
    </summaries>
    <sponsors>
      <item>
        <state>NV</state>
        <lastName>Titus</lastName>
        <byRequestType />
        <middleName />
        <fullName>Rep. Titus, Dina [D-NV-1]</fullName>
        <district>1</district>
        <party>D</party>
        <firstName>Dina</firstName>
        <identifiers>
          <gpoId>7493</gpoId>
          <lisID>1940</lisID>
          <bioguideId>T000468</bioguideId>
        </identifiers>
        <bioguideId>T000468</bioguideId>
      </item>
    </sponsors>
    <constitutionalAuthorityStatementText><![CDATA[<pre>From the Congressional Record Online through the Government Publishing Office [<a href='http://www.gpo.gov'>www.gpo.gov</a>]By Ms. TITUS:H.R. 456.Congress has the power to enact this legislation pursuantto the following:Article 1, Sec. 8, clause 3[Page H392]</pre>]]></constitutionalAuthorityStatementText>
    <calendarNumbers />
    <updateDate>2018-03-30T13:59:44Z</updateDate>
    <version>1.0.0</version>
    <notes />
    <committees>
      <billCommittees>
        <item>
          <systemCode>hsif00</systemCode>
          <subcommittees>
            <item>
              <name>Environment and the Economy Subcommittee</name>
              <systemCode>hsif18</systemCode>
              <activities>
                <item>
                  <date>2017-01-25T14:38:48Z</date>
                  <name>Referred to</name>
                </item>
              </activities>
            </item>
          </subcommittees>
          <name>Energy and Commerce Committee</name>
          <type>Standing</type>
          <chamber>House</chamber>
          <activities>
            <item>
              <date>2017-01-11T15:00:20Z</date>
              <name>Referred to</name>
            </item>
          </activities>
        </item>
      </billCommittees>
    </committees>
    <originChamber>House</originChamber>
    <cboCostEstimates />
    <titles>
      <item>
        <chamberCode />
        <parentTitleType />
        <titleType>Short Titles as Introduced</titleType>
        <title>Nuclear Waste Informed Consent Act</title>
        <chamberName />
      </item>
      <item>
        <chamberCode />
        <parentTitleType />
        <titleType>Official Title as Introduced</titleType>
        <title>To require the Secretary of Energy to obtain the consent of affected State and local governments before making an expenditure from the Nuclear Waste Fund for a nuclear waste repository.</title>
        <chamberName />
      </item>
      <item>
        <chamberCode />
        <parentTitleType />
        <titleType>Display Title</titleType>
        <title>Nuclear Waste Informed Consent Act</title>
        <chamberName />
      </item>
      <item>
        <chamberCode />
        <parentTitleType />
        <titleType>(Extracted from GPO) Short Titles as Introduced</titleType>
        <title>Nuclear Waste Informed Consent Act</title>
        <chamberName />
      </item>
    </titles>
    <policyArea>
      <name>Energy</name>
    </policyArea>
    <latestAction>
      <actionDate>2017-01-25</actionDate>
      <links />
      <text>Referred to the Subcommittee on Environment.</text>
    </latestAction>
    <billType>HR</billType>
    <createDate>2017-01-12T04:45:50Z</createDate>
    <amendments />
    <cosponsors>
      <item>
        <sponsorshipWithdrawnDate />
        <identifiers>
          <bioguideId>K000390</bioguideId>
          <gpoId />
          <lisID>2340</lisID>
        </identifiers>
        <party>D</party>
        <district>4</district>
        <state>NV</state>
        <sponsorshipDate>2017-01-11</sponsorshipDate>
        <bioguideId>K000390</bioguideId>
        <fullName>Rep. Kihuen, Ruben J. [D-NV-4]</fullName>
        <middleName>J.</middleName>
        <firstName>Ruben</firstName>
        <isOriginalCosponsor>True</isOriginalCosponsor>
        <lastName>Kihuen</lastName>
      </item>
      <item>
        <sponsorshipWithdrawnDate />
        <identifiers>
          <bioguideId>R000608</bioguideId>
          <lisID>2339</lisID>
          <gpoId />
        </identifiers>
        <party>D</party>
        <district>3</district>
        <state>NV</state>
        <sponsorshipDate>2017-01-11</sponsorshipDate>
        <bioguideId>R000608</bioguideId>
        <fullName>Rep. Rosen, Jacky [D-NV-3]</fullName>
        <middleName />
        <firstName>Jacky</firstName>
        <isOriginalCosponsor>True</isOriginalCosponsor>
        <lastName>Rosen</lastName>
      </item>
    </cosponsors>
    <laws />
    <title>Nuclear Waste Informed Consent Act</title>
    <billNumber>456</billNumber>
    <congress>115</congress>
    <actions>
      <actionTypeCounts>
        <introducedInTheHouse>1</introducedInTheHouse>
        <placeholderTextForH>1</placeholderTextForH>
        <introducedInHouse>1</introducedInHouse>
        <billReferrals>1</billReferrals>
      </actionTypeCounts>
      <item>
        <actionDate>2017-01-25</actionDate>
        <committee>
          <systemCode>hsif18</systemCode>
          <name>Environment and the Economy Subcommittee</name>
        </committee>
        <links />
        <sourceSystem>
          <code>1</code>
          <name>House committee actions</name>
        </sourceSystem>
        <text>Referred to the Subcommittee on Environment.</text>
        <type>Committee</type>
      </item>
      <item>
        <actionCode>H11100</actionCode>
        <sourceSystem>
          <code>2</code>
          <name>House floor actions</name>
        </sourceSystem>
        <links />
        <text>Referred to the House Committee on Energy and Commerce.</text>
        <actionDate>2017-01-11</actionDate>
        <type>IntroReferral</type>
        <committee>
          <systemCode>hsif00</systemCode>
          <name>Energy and Commerce Committee</name>
        </committee>
      </item>
      <item>
        <actionCode>Intro-H</actionCode>
        <sourceSystem>
          <code>9</code>
          <name>Library of Congress</name>
        </sourceSystem>
        <links />
        <text>Introduced in House</text>
        <actionDate>2017-01-11</actionDate>
        <type>IntroReferral</type>
        <committee />
      </item>
      <item>
        <actionCode>1000</actionCode>
        <sourceSystem>
          <code>9</code>
          <name>Library of Congress</name>
        </sourceSystem>
        <links />
        <text>Introduced in House</text>
        <actionDate>2017-01-11</actionDate>
        <type>IntroReferral</type>
        <committee />
      </item>
      <actionByCounts>
        <houseOfRepresentatives>4</houseOfRepresentatives>
      </actionByCounts>
    </actions>
  </bill>
  <dublinCore xmlns:dc="http://purl.org/dc/elements/1.1/">
    <dc:format>text/xml</dc:format>
    <dc:language>EN</dc:language>
    <dc:rights>Pursuant to Title 17 Section 105 of the United States Code, this file is not subject to copyright protection and is in the public domain.</dc:rights>
    <dc:contributor>Congressional Research Service, Library of Congress</dc:contributor>
    <dc:description>This file contains bill summaries and statuses for federal legislation. A bill summary describes the most significant provisions of a piece of legislation and details the effects the legislative text may have on current law and federal programs. Bill summaries are authored by the Congressional Research Service (CRS) of the Library of Congress. As stated in Public Law 91-510 (2 USC 166 (d)(6)), one of the duties of CRS is "to prepare summaries and digests of bills and resolutions of a public general nature introduced in the Senate or House of Representatives". For more information, refer to the User Guide that accompanies this file.</dc:description>
  </dublinCore>
</billStatus>

