<?xml version="1.0" encoding="UTF-8"?>
<billStatus>
  <bill>
    <congress>115</congress>
    <billType>HR</billType>
    <originChamber>House</originChamber>
    <billNumber>99</billNumber>
    <notes />
    <cboCostEstimates />
    <version>1.0.0</version>
    <recordedVotes />
    <summaries>
      <billSummaries>
        <item>
          <lastSummaryUpdateDate>2017-01-10T22:29:19Z</lastSummaryUpdateDate>
          <updateDate>2017-01-03T05:00:00Z</updateDate>
          <text><![CDATA[<p><b>Honoring Our Fallen TSA Officers Act</b></p> <p>This bill amends the Omnibus Crime Control and Safe Streets Act of 1968 to extend public safety officers' death benefits to Transportation Security Administration employees who are responsible for protecting the nation's transportation systems.</p>]]></text>
          <actionDesc>Introduced in House</actionDesc>
          <versionCode>00</versionCode>
          <actionDate>2017-01-03</actionDate>
          <name>Introduced in House</name>
        </item>
      </billSummaries>
    </summaries>
    <subjects>
      <billSubjects>
        <policyArea>
          <name>Transportation and Public Works</name>
        </policyArea>
        <legislativeSubjects>
          <item>
            <name>Department of Homeland Security</name>
          </item>
          <item>
            <name>Government employee pay, benefits, personnel management</name>
          </item>
          <item>
            <name>Law enforcement officers</name>
          </item>
          <item>
            <name>Transportation safety and security</name>
          </item>
        </legislativeSubjects>
      </billSubjects>
    </subjects>
    <actions>
      <actionTypeCounts>
        <introducedInHouse>1</introducedInHouse>
        <introducedInTheHouse>1</introducedInTheHouse>
        <placeholderTextForH>1</placeholderTextForH>
        <billReferrals>1</billReferrals>
      </actionTypeCounts>
      <item>
        <actionDate>2017-01-23</actionDate>
        <committee>
          <systemCode>hsju08</systemCode>
          <name>Crime, Terrorism, Homeland Security, and Investigations Subcommittee</name>
        </committee>
        <links />
        <sourceSystem>
          <code>1</code>
          <name>House committee actions</name>
        </sourceSystem>
        <text>Referred to the Subcommittee on Crime, Terrorism, Homeland Security, and Investigations.</text>
        <type>Committee</type>
      </item>
      <item>
        <actionDate>2017-01-03</actionDate>
        <type>IntroReferral</type>
        <links />
        <text>Referred to the House Committee on the Judiciary.</text>
        <actionCode>H11100</actionCode>
        <sourceSystem>
          <code>2</code>
          <name>House floor actions</name>
        </sourceSystem>
        <committee>
          <systemCode>hsju00</systemCode>
          <name>Judiciary Committee</name>
        </committee>
      </item>
      <item>
        <actionDate>2017-01-03</actionDate>
        <type>IntroReferral</type>
        <links />
        <text>Introduced in House</text>
        <actionCode>Intro-H</actionCode>
        <sourceSystem>
          <code>9</code>
          <name>Library of Congress</name>
        </sourceSystem>
        <committee />
      </item>
      <item>
        <actionDate>2017-01-03</actionDate>
        <type>IntroReferral</type>
        <links />
        <text>Introduced in House</text>
        <actionCode>1000</actionCode>
        <sourceSystem>
          <code>9</code>
          <name>Library of Congress</name>
        </sourceSystem>
        <committee />
      </item>
      <actionByCounts>
        <houseOfRepresentatives>4</houseOfRepresentatives>
      </actionByCounts>
    </actions>
    <introducedDate>2017-01-03</introducedDate>
    <constitutionalAuthorityStatementText><![CDATA[<pre>From the Congressional Record Online through the Government Publishing Office [<a href='http://www.gpo.gov'>www.gpo.gov</a>]By Ms. BROWNLEY of California:H.R. 99.Congress has the power to enact this legislation pursuantto the following:Article I, Section 8[Page H49]</pre>]]></constitutionalAuthorityStatementText>
    <titles>
      <item>
        <titleType>Short Titles as Introduced</titleType>
        <parentTitleType />
        <title>Honoring Our Fallen TSA Officers Act</title>
        <chamberName />
        <chamberCode />
      </item>
      <item>
        <titleType>Official Title as Introduced</titleType>
        <parentTitleType />
        <title>To amend the Omnibus Crime Control and Safe Streets Act of 1968 to provide for the eligibility of Transportation Security Administration employees to receive public safety officers' death benefits, and for other purposes.</title>
        <chamberName />
        <chamberCode />
      </item>
      <item>
        <titleType>Display Title</titleType>
        <parentTitleType />
        <title>Honoring Our Fallen TSA Officers Act</title>
        <chamberName />
        <chamberCode />
      </item>
      <item>
        <titleType>(Extracted from GPO) Short Titles as Introduced</titleType>
        <parentTitleType />
        <title>Honoring Our Fallen TSA Officers Act</title>
        <chamberName />
        <chamberCode />
      </item>
    </titles>
    <cosponsors>
      <item>
        <bioguideId>T000193</bioguideId>
        <lastName>THOMPSON</lastName>
        <identifiers>
          <bioguideId>T000193</bioguideId>
          <gpoId>8020</gpoId>
          <lisID>1151</lisID>
        </identifiers>
        <district>2</district>
        <isOriginalCosponsor>False</isOriginalCosponsor>
        <sponsorshipDate>2017-01-05</sponsorshipDate>
        <state>MS</state>
        <sponsorshipWithdrawnDate />
        <fullName>Rep. Thompson, Bennie G. [D-MS-2]</fullName>
        <middleName />
        <firstName>BENNIE</firstName>
        <party>D</party>
      </item>
      <item>
        <bioguideId>L000563</bioguideId>
        <lastName>Lipinski</lastName>
        <identifiers>
          <lisID>1781</lisID>
          <gpoId>7923</gpoId>
          <bioguideId>L000563</bioguideId>
        </identifiers>
        <district>3</district>
        <isOriginalCosponsor>False</isOriginalCosponsor>
        <sponsorshipDate>2017-01-05</sponsorshipDate>
        <state>IL</state>
        <sponsorshipWithdrawnDate />
        <fullName>Rep. Lipinski, Daniel [D-IL-3]</fullName>
        <middleName>William</middleName>
        <firstName>Daniel</firstName>
        <party>D</party>
      </item>
      <item>
        <bioguideId>S001200</bioguideId>
        <lastName>Soto</lastName>
        <identifiers>
          <gpoId />
          <lisID>2319</lisID>
          <bioguideId>S001200</bioguideId>
        </identifiers>
        <district>9</district>
        <isOriginalCosponsor>False</isOriginalCosponsor>
        <sponsorshipDate>2017-01-09</sponsorshipDate>
        <state>FL</state>
        <sponsorshipWithdrawnDate />
        <fullName>Rep. Soto, Darren [D-FL-9]</fullName>
        <middleName />
        <firstName>Darren</firstName>
        <party>D</party>
      </item>
      <item>
        <bioguideId>L000579</bioguideId>
        <lastName>Lowenthal</lastName>
        <identifiers>
          <bioguideId>L000579</bioguideId>
          <lisID>2111</lisID>
          <gpoId />
        </identifiers>
        <district>47</district>
        <isOriginalCosponsor>False</isOriginalCosponsor>
        <sponsorshipDate>2017-01-23</sponsorshipDate>
        <state>CA</state>
        <sponsorshipWithdrawnDate />
        <fullName>Rep. Lowenthal, Alan S. [D-CA-47]</fullName>
        <middleName>S.</middleName>
        <firstName>Alan</firstName>
        <party>D</party>
      </item>
      <item>
        <bioguideId>L000480</bioguideId>
        <lastName>LOWEY</lastName>
        <identifiers>
          <gpoId>8079</gpoId>
          <bioguideId>L000480</bioguideId>
          <lisID>709</lisID>
        </identifiers>
        <district>17</district>
        <isOriginalCosponsor>False</isOriginalCosponsor>
        <sponsorshipDate>2017-01-30</sponsorshipDate>
        <state>NY</state>
        <sponsorshipWithdrawnDate />
        <fullName>Rep. Lowey, Nita M. [D-NY-17]</fullName>
        <middleName>M.</middleName>
        <firstName>NITA</firstName>
        <party>D</party>
      </item>
      <item>
        <bioguideId>N000147</bioguideId>
        <lastName>NORTON</lastName>
        <identifiers>
          <gpoId>7871</gpoId>
          <bioguideId>N000147</bioguideId>
          <lisID>868</lisID>
        </identifiers>
        <district>0</district>
        <isOriginalCosponsor>False</isOriginalCosponsor>
        <sponsorshipDate>2017-02-07</sponsorshipDate>
        <state>DC</state>
        <sponsorshipWithdrawnDate />
        <fullName>Rep. Norton, Eleanor Holmes [D-DC-At Large]</fullName>
        <middleName>HOLMES</middleName>
        <firstName>ELEANOR</firstName>
        <party>D</party>
      </item>
      <item>
        <bioguideId>B001245</bioguideId>
        <lastName>Bordallo</lastName>
        <identifiers>
          <gpoId>7911</gpoId>
          <bioguideId>B001245</bioguideId>
          <lisID>1723</lisID>
        </identifiers>
        <district>0</district>
        <isOriginalCosponsor>False</isOriginalCosponsor>
        <sponsorshipDate>2017-02-07</sponsorshipDate>
        <state>GU</state>
        <sponsorshipWithdrawnDate />
        <fullName>Rep. Bordallo, Madeleine Z. [D-GU-At Large]</fullName>
        <middleName>Z.</middleName>
        <firstName>Madeleine</firstName>
        <party>D</party>
      </item>
      <item>
        <bioguideId>N000127</bioguideId>
        <lastName>NOLAN</lastName>
        <identifiers>
          <lisID>867</lisID>
          <gpoId />
          <bioguideId>N000127</bioguideId>
        </identifiers>
        <district>8</district>
        <isOriginalCosponsor>False</isOriginalCosponsor>
        <sponsorshipDate>2017-02-07</sponsorshipDate>
        <state>MN</state>
        <sponsorshipWithdrawnDate />
        <fullName>Rep. Nolan, Richard M. [D-MN-8]</fullName>
        <middleName />
        <firstName>RICHARD</firstName>
        <party>D</party>
      </item>
      <item>
        <bioguideId>K000375</bioguideId>
        <lastName>Keating</lastName>
        <identifiers>
          <lisID>2025</lisID>
          <gpoId>7975</gpoId>
          <bioguideId>K000375</bioguideId>
        </identifiers>
        <district>9</district>
        <isOriginalCosponsor>False</isOriginalCosponsor>
        <sponsorshipDate>2017-02-14</sponsorshipDate>
        <state>MA</state>
        <sponsorshipWithdrawnDate />
        <fullName>Rep. Keating, William R. [D-MA-9]</fullName>
        <middleName>R.</middleName>
        <firstName>William</firstName>
        <party>D</party>
      </item>
      <item>
        <bioguideId>R000577</bioguideId>
        <lastName>RYAN</lastName>
        <identifiers>
          <lisID>1756</lisID>
          <gpoId>8107</gpoId>
          <bioguideId>R000577</bioguideId>
        </identifiers>
        <district>13</district>
        <isOriginalCosponsor>False</isOriginalCosponsor>
        <sponsorshipDate>2017-02-14</sponsorshipDate>
        <state>OH</state>
        <sponsorshipWithdrawnDate />
        <fullName>Rep. Ryan, Tim [D-OH-13]</fullName>
        <middleName />
        <firstName>TIM</firstName>
        <party>D</party>
      </item>
      <item>
        <bioguideId>M001160</bioguideId>
        <lastName>Moore</lastName>
        <identifiers>
          <lisID>1811</lisID>
          <gpoId>8217</gpoId>
          <bioguideId>M001160</bioguideId>
        </identifiers>
        <district>4</district>
        <isOriginalCosponsor>False</isOriginalCosponsor>
        <sponsorshipDate>2017-02-14</sponsorshipDate>
        <state>WI</state>
        <sponsorshipWithdrawnDate />
        <fullName>Rep. Moore, Gwen [D-WI-4]</fullName>
        <middleName />
        <firstName>Gwen</firstName>
        <party>D</party>
      </item>
      <item>
        <bioguideId>C001067</bioguideId>
        <lastName>Clarke</lastName>
        <identifiers>
          <lisID>1864</lisID>
          <gpoId>8072</gpoId>
          <bioguideId>C001067</bioguideId>
        </identifiers>
        <district>9</district>
        <isOriginalCosponsor>False</isOriginalCosponsor>
        <sponsorshipDate>2017-02-14</sponsorshipDate>
        <state>NY</state>
        <sponsorshipWithdrawnDate />
        <fullName>Rep. Clarke, Yvette D. [D-NY-9]</fullName>
        <middleName>D.</middleName>
        <firstName>Yvette</firstName>
        <party>D</party>
      </item>
      <item>
        <bioguideId>P000593</bioguideId>
        <lastName>Perlmutter</lastName>
        <identifiers>
          <lisID>1835</lisID>
          <gpoId>7865</gpoId>
          <bioguideId>P000593</bioguideId>
        </identifiers>
        <district>7</district>
        <isOriginalCosponsor>False</isOriginalCosponsor>
        <sponsorshipDate>2017-02-14</sponsorshipDate>
        <state>CO</state>
        <sponsorshipWithdrawnDate />
        <fullName>Rep. Perlmutter, Ed [D-CO-7]</fullName>
        <middleName />
        <firstName>Ed</firstName>
        <party>D</party>
      </item>
      <item>
        <bioguideId>P000597</bioguideId>
        <lastName>Pingree</lastName>
        <identifiers>
          <bioguideId>P000597</bioguideId>
          <lisID>1927</lisID>
          <gpoId>7984</gpoId>
        </identifiers>
        <district>1</district>
        <isOriginalCosponsor>False</isOriginalCosponsor>
        <sponsorshipDate>2017-02-27</sponsorshipDate>
        <state>ME</state>
        <sponsorshipWithdrawnDate />
        <fullName>Rep. Pingree, Chellie [D-ME-1]</fullName>
        <middleName />
        <firstName>Chellie</firstName>
        <party>D</party>
      </item>
      <item>
        <bioguideId>C001037</bioguideId>
        <lastName>CAPUANO</lastName>
        <identifiers>
          <lisID>1564</lisID>
          <gpoId>7973</gpoId>
          <bioguideId>C001037</bioguideId>
        </identifiers>
        <district>7</district>
        <isOriginalCosponsor>False</isOriginalCosponsor>
        <sponsorshipDate>2017-03-13</sponsorshipDate>
        <state>MA</state>
        <sponsorshipWithdrawnDate />
        <fullName>Rep. Capuano, Michael E. [D-MA-7]</fullName>
        <middleName>E.</middleName>
        <firstName>MICHAEL</firstName>
        <party>D</party>
      </item>
      <item>
        <bioguideId>J000032</bioguideId>
        <lastName>JACKSON LEE</lastName>
        <identifiers>
          <lisID>588</lisID>
          <gpoId>8174</gpoId>
          <bioguideId>J000032</bioguideId>
        </identifiers>
        <district>18</district>
        <isOriginalCosponsor>False</isOriginalCosponsor>
        <sponsorshipDate>2017-05-16</sponsorshipDate>
        <state>TX</state>
        <sponsorshipWithdrawnDate />
        <fullName>Rep. Jackson Lee, Sheila [D-TX-18]</fullName>
        <middleName />
        <firstName>SHEILA</firstName>
        <party>D</party>
      </item>
      <item>
        <bioguideId>M001202</bioguideId>
        <lastName>Murphy</lastName>
        <identifiers>
          <gpoId />
          <bioguideId>M001202</bioguideId>
          <lisID>2318</lisID>
        </identifiers>
        <district>7</district>
        <isOriginalCosponsor>False</isOriginalCosponsor>
        <sponsorshipDate>2018-02-14</sponsorshipDate>
        <state>FL</state>
        <sponsorshipWithdrawnDate />
        <fullName>Rep. Murphy, Stephanie N. [D-FL-7]</fullName>
        <middleName>N.</middleName>
        <firstName>Stephanie</firstName>
        <party>D</party>
      </item>
      <item>
        <bioguideId>M001163</bioguideId>
        <lastName>Matsui</lastName>
        <identifiers>
          <bioguideId>M001163</bioguideId>
          <gpoId>7810</gpoId>
          <lisID>1814</lisID>
        </identifiers>
        <district>6</district>
        <isOriginalCosponsor>False</isOriginalCosponsor>
        <sponsorshipDate>2018-02-16</sponsorshipDate>
        <state>CA</state>
        <sponsorshipWithdrawnDate />
        <fullName>Rep. Matsui, Doris O. [D-CA-6]</fullName>
        <middleName>O.</middleName>
        <firstName>Doris</firstName>
        <party>D</party>
      </item>
      <item>
        <bioguideId>K000389</bioguideId>
        <lastName>Khanna</lastName>
        <identifiers>
          <bioguideId>K000389</bioguideId>
          <gpoId />
          <lisID>2308</lisID>
        </identifiers>
        <district>17</district>
        <isOriginalCosponsor>False</isOriginalCosponsor>
        <sponsorshipDate>2018-02-16</sponsorshipDate>
        <state>CA</state>
        <sponsorshipWithdrawnDate />
        <fullName>Rep. Khanna, Ro [D-CA-17]</fullName>
        <middleName />
        <firstName>Ro</firstName>
        <party>D</party>
      </item>
      <item>
        <bioguideId>B001274</bioguideId>
        <lastName>Brooks</lastName>
        <identifiers>
          <bioguideId>B001274</bioguideId>
          <gpoId>7790</gpoId>
          <lisID>1987</lisID>
        </identifiers>
        <district>5</district>
        <isOriginalCosponsor>False</isOriginalCosponsor>
        <sponsorshipDate>2018-03-01</sponsorshipDate>
        <state>AL</state>
        <sponsorshipWithdrawnDate />
        <fullName>Rep. Brooks, Mo [R-AL-5]</fullName>
        <middleName />
        <firstName>Mo</firstName>
        <party>R</party>
      </item>
      <item>
        <bioguideId>S001170</bioguideId>
        <lastName>Shea-Porter</lastName>
        <identifiers>
          <bioguideId>S001170</bioguideId>
          <gpoId>7528</gpoId>
          <lisID>1861</lisID>
        </identifiers>
        <district>1</district>
        <isOriginalCosponsor>False</isOriginalCosponsor>
        <sponsorshipDate>2018-03-01</sponsorshipDate>
        <state>NH</state>
        <sponsorshipWithdrawnDate />
        <fullName>Rep. Shea-Porter, Carol [D-NH-1]</fullName>
        <middleName />
        <firstName>Carol</firstName>
        <party>D</party>
      </item>
      <item>
        <bioguideId>L000397</bioguideId>
        <lastName>LOFGREN</lastName>
        <identifiers>
          <gpoId>7821</gpoId>
          <bioguideId>L000397</bioguideId>
          <lisID>701</lisID>
        </identifiers>
        <district>19</district>
        <isOriginalCosponsor>False</isOriginalCosponsor>
        <sponsorshipDate>2018-03-01</sponsorshipDate>
        <state>CA</state>
        <sponsorshipWithdrawnDate />
        <fullName>Rep. Lofgren, Zoe [D-CA-19]</fullName>
        <middleName />
        <firstName>ZOE</firstName>
        <party>D</party>
      </item>
    </cosponsors>
    <laws />
    <calendarNumbers />
    <committeeReports />
    <latestAction>
      <links />
      <text>Referred to the Subcommittee on Crime, Terrorism, Homeland Security, and Investigations.</text>
      <actionDate>2017-01-23</actionDate>
    </latestAction>
    <title>Honoring Our Fallen TSA Officers Act</title>
    <createDate>2017-01-04T07:01:10Z</createDate>
    <sponsors>
      <item>
        <lastName>Brownley</lastName>
        <byRequestType />
        <middleName />
        <bioguideId>B001285</bioguideId>
        <firstName>Julia</firstName>
        <state>CA</state>
        <fullName>Rep. Brownley, Julia [D-CA-26]</fullName>
        <identifiers>
          <lisID>2106</lisID>
          <gpoId />
          <bioguideId>B001285</bioguideId>
        </identifiers>
        <party>D</party>
        <district>26</district>
      </item>
    </sponsors>
    <updateDate>2018-03-30T13:57:59Z</updateDate>
    <relatedBills />
    <committees>
      <billCommittees>
        <item>
          <name>Judiciary Committee</name>
          <subcommittees>
            <item>
              <systemCode>hsju08</systemCode>
              <name>Crime, Terrorism, Homeland Security, and Investigations Subcommittee</name>
              <activities>
                <item>
                  <date>2017-01-23T16:26:11Z</date>
                  <name>Referred to</name>
                </item>
              </activities>
            </item>
          </subcommittees>
          <systemCode>hsju00</systemCode>
          <chamber>House</chamber>
          <activities>
            <item>
              <date>2017-01-03T17:26:15Z</date>
              <name>Referred to</name>
            </item>
          </activities>
          <type>Standing</type>
        </item>
      </billCommittees>
    </committees>
    <policyArea>
      <name>Transportation and Public Works</name>
    </policyArea>
    <amendments />
  </bill>
  <dublinCore xmlns:dc="http://purl.org/dc/elements/1.1/">
    <dc:format>text/xml</dc:format>
    <dc:language>EN</dc:language>
    <dc:rights>Pursuant to Title 17 Section 105 of the United States Code, this file is not subject to copyright protection and is in the public domain.</dc:rights>
    <dc:contributor>Congressional Research Service, Library of Congress</dc:contributor>
    <dc:description>This file contains bill summaries and statuses for federal legislation. A bill summary describes the most significant provisions of a piece of legislation and details the effects the legislative text may have on current law and federal programs. Bill summaries are authored by the Congressional Research Service (CRS) of the Library of Congress. As stated in Public Law 91-510 (2 USC 166 (d)(6)), one of the duties of CRS is "to prepare summaries and digests of bills and resolutions of a public general nature introduced in the Senate or House of Representatives". For more information, refer to the User Guide that accompanies this file.</dc:description>
  </dublinCore>
</billStatus>

