<?xml version="1.0" encoding="UTF-8"?>
<billStatus>
  <bill>
    <titles>
      <item>
        <title>Fair Access to Credit Scores Act of 2017</title>
        <parentTitleType />
        <chamberCode />
        <titleType>Short Titles as Introduced</titleType>
        <chamberName />
      </item>
      <item>
        <title>To amend the Fair Credit Reporting Act to require the inclusion of credit scores with free annual credit reports provided to consumers, and for other purposes.</title>
        <parentTitleType />
        <chamberCode />
        <titleType>Official Title as Introduced</titleType>
        <chamberName />
      </item>
      <item>
        <title>Fair Access to Credit Scores Act of 2017</title>
        <parentTitleType />
        <chamberCode />
        <titleType>Display Title</titleType>
        <chamberName />
      </item>
      <item>
        <title>Fair Access to Credit Scores Act of 2017</title>
        <parentTitleType />
        <chamberCode />
        <titleType>(Extracted from GPO) Short Titles as Introduced</titleType>
        <chamberName />
      </item>
    </titles>
    <policyArea>
      <name>Finance and Financial Sector</name>
    </policyArea>
    <amendments />
    <billNumber>402</billNumber>
    <version>1.0.0</version>
    <congress>115</congress>
    <calendarNumbers />
    <createDate>2017-01-11T05:09:43Z</createDate>
    <updateDate>2018-03-30T13:59:25Z</updateDate>
    <latestAction>
      <actionDate>2017-01-10</actionDate>
      <links />
      <text>Referred to the House Committee on Financial Services.</text>
    </latestAction>
    <laws />
    <sponsors>
      <item>
        <fullName>Rep. Cohen, Steve [D-TN-9]</fullName>
        <bioguideId>C001068</bioguideId>
        <lastName>Cohen</lastName>
        <byRequestType />
        <firstName>Steve</firstName>
        <district>9</district>
        <state>TN</state>
        <middleName />
        <party>D</party>
        <identifiers>
          <gpoId>8156</gpoId>
          <bioguideId>C001068</bioguideId>
          <lisID>1878</lisID>
        </identifiers>
      </item>
    </sponsors>
    <originChamber>House</originChamber>
    <constitutionalAuthorityStatementText><![CDATA[<pre>From the Congressional Record Online through the Government Publishing Office [<a href='http://www.gpo.gov'>www.gpo.gov</a>]By Mr. COHEN:H.R. 402.Congress has the power to enact this legislation pursuantto the following:Article 1, Section 8, Clause 3 (relating to the power toregulate foreign and interstate commerce) of the UnitedStates Constitution.[Page H299]</pre>]]></constitutionalAuthorityStatementText>
    <cosponsors>
      <item>
        <lastName>NORTON</lastName>
        <bioguideId>N000147</bioguideId>
        <state>DC</state>
        <sponsorshipDate>2017-01-10</sponsorshipDate>
        <fullName>Rep. Norton, Eleanor Holmes [D-DC-At Large]</fullName>
        <identifiers>
          <lisID>868</lisID>
          <gpoId>7871</gpoId>
          <bioguideId>N000147</bioguideId>
        </identifiers>
        <middleName>HOLMES</middleName>
        <sponsorshipWithdrawnDate />
        <firstName>ELEANOR</firstName>
        <isOriginalCosponsor>True</isOriginalCosponsor>
        <party>D</party>
        <district>0</district>
      </item>
      <item>
        <lastName>Tsongas</lastName>
        <bioguideId>T000465</bioguideId>
        <state>MA</state>
        <sponsorshipDate>2017-01-10</sponsorshipDate>
        <fullName>Rep. Tsongas, Niki [D-MA-3]</fullName>
        <identifiers>
          <bioguideId>T000465</bioguideId>
          <lisID>1884</lisID>
          <gpoId>7970</gpoId>
        </identifiers>
        <middleName />
        <sponsorshipWithdrawnDate />
        <firstName>Niki</firstName>
        <isOriginalCosponsor>True</isOriginalCosponsor>
        <party>D</party>
        <district>3</district>
      </item>
      <item>
        <lastName>Evans</lastName>
        <bioguideId>E000296</bioguideId>
        <state>PA</state>
        <sponsorshipDate>2017-01-10</sponsorshipDate>
        <fullName>Rep. Evans, Dwight [D-PA-2]</fullName>
        <identifiers>
          <gpoId />
          <bioguideId>E000296</bioguideId>
          <lisID>2298</lisID>
        </identifiers>
        <middleName />
        <sponsorshipWithdrawnDate />
        <firstName>Dwight</firstName>
        <isOriginalCosponsor>True</isOriginalCosponsor>
        <party>D</party>
        <district>2</district>
      </item>
      <item>
        <lastName>Shea-Porter</lastName>
        <bioguideId>S001170</bioguideId>
        <state>NH</state>
        <sponsorshipDate>2017-01-10</sponsorshipDate>
        <fullName>Rep. Shea-Porter, Carol [D-NH-1]</fullName>
        <identifiers>
          <bioguideId>S001170</bioguideId>
          <gpoId>7528</gpoId>
          <lisID>1861</lisID>
        </identifiers>
        <middleName />
        <sponsorshipWithdrawnDate />
        <firstName>Carol</firstName>
        <isOriginalCosponsor>True</isOriginalCosponsor>
        <party>D</party>
        <district>1</district>
      </item>
      <item>
        <lastName>Takano</lastName>
        <bioguideId>T000472</bioguideId>
        <state>CA</state>
        <sponsorshipDate>2017-02-13</sponsorshipDate>
        <fullName>Rep. Takano, Mark [D-CA-41]</fullName>
        <identifiers>
          <lisID>2110</lisID>
          <gpoId />
          <bioguideId>T000472</bioguideId>
        </identifiers>
        <middleName />
        <sponsorshipWithdrawnDate />
        <firstName>Mark</firstName>
        <isOriginalCosponsor>False</isOriginalCosponsor>
        <party>D</party>
        <district>41</district>
      </item>
      <item>
        <lastName>Grijalva</lastName>
        <bioguideId>G000551</bioguideId>
        <state>AZ</state>
        <sponsorshipDate>2017-02-16</sponsorshipDate>
        <fullName>Rep. Grijalva, Raul M. [D-AZ-3]</fullName>
        <identifiers>
          <lisID>1708</lisID>
          <gpoId>7804</gpoId>
          <bioguideId>G000551</bioguideId>
        </identifiers>
        <middleName>M.</middleName>
        <sponsorshipWithdrawnDate />
        <firstName>Raul</firstName>
        <isOriginalCosponsor>False</isOriginalCosponsor>
        <party>D</party>
        <district>3</district>
      </item>
      <item>
        <lastName>VISCLOSKY</lastName>
        <bioguideId>V000108</bioguideId>
        <state>IN</state>
        <sponsorshipDate>2017-03-24</sponsorshipDate>
        <fullName>Rep. Visclosky, Peter J. [D-IN-1]</fullName>
        <identifiers>
          <lisID>1188</lisID>
          <gpoId>7940</gpoId>
          <bioguideId>V000108</bioguideId>
        </identifiers>
        <middleName>J.</middleName>
        <sponsorshipWithdrawnDate />
        <firstName>PETER</firstName>
        <isOriginalCosponsor>False</isOriginalCosponsor>
        <party>D</party>
        <district>1</district>
      </item>
    </cosponsors>
    <billType>HR</billType>
    <notes />
    <summaries>
      <billSummaries>
        <item>
          <text><![CDATA[<p><b>Fair Access to Credit Scores Act of 2017</b></p> <p>This bill amends the Fair Credit Reporting Act to require certain consumer reporting agencies to disclose, upon request, as part of a consumer's free annual disclosure: (1)&nbsp;the consumer's&nbsp;current credit score, (2) any other information in the consumer's file regarding risk scores or predictors, and (3) any other consumer information the Consumer Financial Protection Bureau considers appropriate with respect to consumer financial education.</p> <p>Consumer reporting agencies shall maintain such scores or predictors in a&nbsp;consumer's file for at least one year after the data is generated.</p>]]></text>
          <actionDesc>Introduced in House</actionDesc>
          <actionDate>2017-01-10</actionDate>
          <updateDate>2017-01-10T05:00:00Z</updateDate>
          <lastSummaryUpdateDate>2018-01-10T14:51:43Z</lastSummaryUpdateDate>
          <versionCode>00</versionCode>
          <name>Introduced in House</name>
        </item>
      </billSummaries>
    </summaries>
    <relatedBills />
    <committees>
      <billCommittees>
        <item>
          <name>Financial Services Committee</name>
          <subcommittees />
          <systemCode>hsba00</systemCode>
          <chamber>House</chamber>
          <activities>
            <item>
              <date>2017-01-10T15:03:40Z</date>
              <name>Referred to</name>
            </item>
          </activities>
          <type>Standing</type>
        </item>
      </billCommittees>
    </committees>
    <cboCostEstimates />
    <subjects>
      <billSubjects>
        <policyArea>
          <name>Finance and Financial Sector</name>
        </policyArea>
        <legislativeSubjects>
          <item>
            <name>Consumer credit</name>
          </item>
        </legislativeSubjects>
      </billSubjects>
    </subjects>
    <committeeReports />
    <title>Fair Access to Credit Scores Act of 2017</title>
    <recordedVotes />
    <actions>
      <actionTypeCounts>
        <billReferrals>1</billReferrals>
        <introducedInTheHouse>1</introducedInTheHouse>
        <introducedInHouse>1</introducedInHouse>
      </actionTypeCounts>
      <item>
        <text>Referred to the House Committee on Financial Services.</text>
        <type>IntroReferral</type>
        <actionDate>2017-01-10</actionDate>
        <links />
        <committee>
          <name>Financial Services Committee</name>
          <systemCode>hsba00</systemCode>
        </committee>
        <sourceSystem>
          <code>2</code>
          <name>House floor actions</name>
        </sourceSystem>
        <actionCode>H11100</actionCode>
      </item>
      <item>
        <text>Introduced in House</text>
        <type>IntroReferral</type>
        <actionDate>2017-01-10</actionDate>
        <links />
        <committee />
        <sourceSystem>
          <code>9</code>
          <name>Library of Congress</name>
        </sourceSystem>
        <actionCode>Intro-H</actionCode>
      </item>
      <item>
        <text>Introduced in House</text>
        <type>IntroReferral</type>
        <actionDate>2017-01-10</actionDate>
        <links />
        <committee />
        <sourceSystem>
          <code>9</code>
          <name>Library of Congress</name>
        </sourceSystem>
        <actionCode>1000</actionCode>
      </item>
      <actionByCounts>
        <houseOfRepresentatives>3</houseOfRepresentatives>
      </actionByCounts>
    </actions>
    <introducedDate>2017-01-10</introducedDate>
  </bill>
  <dublinCore xmlns:dc="http://purl.org/dc/elements/1.1/">
    <dc:format>text/xml</dc:format>
    <dc:language>EN</dc:language>
    <dc:rights>Pursuant to Title 17 Section 105 of the United States Code, this file is not subject to copyright protection and is in the public domain.</dc:rights>
    <dc:contributor>Congressional Research Service, Library of Congress</dc:contributor>
    <dc:description>This file contains bill summaries and statuses for federal legislation. A bill summary describes the most significant provisions of a piece of legislation and details the effects the legislative text may have on current law and federal programs. Bill summaries are authored by the Congressional Research Service (CRS) of the Library of Congress. As stated in Public Law 91-510 (2 USC 166 (d)(6)), one of the duties of CRS is "to prepare summaries and digests of bills and resolutions of a public general nature introduced in the Senate or House of Representatives". For more information, refer to the User Guide that accompanies this file.</dc:description>
  </dublinCore>
</billStatus>

