<?xml version="1.0" encoding="UTF-8"?>
<billStatus>
  <bill>
    <congress>115</congress>
    <version>1.0.0</version>
    <updateDate>2018-04-11T13:15:11Z</updateDate>
    <actions>
      <item>
        <committee />
        <actionCode>H8D000</actionCode>
        <sourceSystem>
          <code>2</code>
          <name>House floor actions</name>
        </sourceSystem>
        <text>ASSUMING FIRST SPONSORSHIP - Mr. Garrett asked unanimous consent that he may hereafter be considered as the first sponsor of H.R. 756, a bill originally introduced by former Representative Chaffetz, for purposes of adding cosponsors and requesting reprintings pursuant to clause 7 of rule XII. Agreed to without objection.</text>
        <actionDate>2018-03-20</actionDate>
        <actionTime>15:47:12</actionTime>
        <links>
          <link>
            <name>H.R. 756</name>
            <url>https://www.congress.gov/bill/115th-congress/house-bill/756</url>
          </link>
        </links>
        <type>Floor</type>
      </item>
      <item>
        <actionDate>2017-03-16</actionDate>
        <committee>
          <systemCode>hsgo00</systemCode>
          <name>Oversight and Government Reform Committee</name>
        </committee>
        <links />
        <sourceSystem>
          <code>1</code>
          <name>House committee actions</name>
        </sourceSystem>
        <text>Ordered to be Reported (Amended) by Voice Vote.</text>
        <type>Committee</type>
      </item>
      <item>
        <actionDate>2017-03-16</actionDate>
        <committee>
          <systemCode>hsgo00</systemCode>
          <name>Oversight and Government Reform Committee</name>
        </committee>
        <links />
        <sourceSystem>
          <code>1</code>
          <name>House committee actions</name>
        </sourceSystem>
        <text>Committee Consideration and Mark-up Session Held.</text>
        <type>Committee</type>
      </item>
      <item>
        <actionDate>2017-02-08</actionDate>
        <committee>
          <systemCode>hswm02</systemCode>
          <name>Health Subcommittee</name>
        </committee>
        <links />
        <sourceSystem>
          <code>1</code>
          <name>House committee actions</name>
        </sourceSystem>
        <text>Referred to the Subcommittee on Health.</text>
        <type>Committee</type>
      </item>
      <item>
        <actionDate>2017-02-03</actionDate>
        <committee>
          <systemCode>hsif14</systemCode>
          <name>Health Subcommittee</name>
        </committee>
        <links />
        <sourceSystem>
          <code>1</code>
          <name>House committee actions</name>
        </sourceSystem>
        <text>Referred to the Subcommittee on Health.</text>
        <type>Committee</type>
      </item>
      <item>
        <committee>
          <systemCode>hswm00</systemCode>
          <name>Ways and Means Committee</name>
        </committee>
        <actionCode>H11100</actionCode>
        <sourceSystem>
          <code>2</code>
          <name>House floor actions</name>
        </sourceSystem>
        <text>Referred to the Committee on Oversight and Government Reform, and in addition to the Committees on Energy and Commerce, and Ways and Means, for a period to be subsequently determined by the Speaker, in each case for consideration of such provisions as fall within the jurisdiction of the committee concerned.</text>
        <actionDate>2017-01-31</actionDate>
        <links />
        <type>IntroReferral</type>
      </item>
      <item>
        <committee>
          <systemCode>hsif00</systemCode>
          <name>Energy and Commerce Committee</name>
        </committee>
        <actionCode>H11100</actionCode>
        <sourceSystem>
          <code>2</code>
          <name>House floor actions</name>
        </sourceSystem>
        <text>Referred to the Committee on Oversight and Government Reform, and in addition to the Committees on Energy and Commerce, and Ways and Means, for a period to be subsequently determined by the Speaker, in each case for consideration of such provisions as fall within the jurisdiction of the committee concerned.</text>
        <actionDate>2017-01-31</actionDate>
        <links />
        <type>IntroReferral</type>
      </item>
      <item>
        <committee>
          <systemCode>hsgo00</systemCode>
          <name>Oversight and Government Reform Committee</name>
        </committee>
        <actionCode>H11100</actionCode>
        <sourceSystem>
          <code>2</code>
          <name>House floor actions</name>
        </sourceSystem>
        <text>Referred to the Committee on Oversight and Government Reform, and in addition to the Committees on Energy and Commerce, and Ways and Means, for a period to be subsequently determined by the Speaker, in each case for consideration of such provisions as fall within the jurisdiction of the committee concerned.</text>
        <actionDate>2017-01-31</actionDate>
        <links />
        <type>IntroReferral</type>
      </item>
      <item>
        <committee />
        <actionCode>Intro-H</actionCode>
        <sourceSystem>
          <code>9</code>
          <name>Library of Congress</name>
        </sourceSystem>
        <text>Introduced in House</text>
        <actionDate>2017-01-31</actionDate>
        <links />
        <type>IntroReferral</type>
      </item>
      <item>
        <committee />
        <actionCode>1000</actionCode>
        <sourceSystem>
          <code>9</code>
          <name>Library of Congress</name>
        </sourceSystem>
        <text>Introduced in House</text>
        <actionDate>2017-01-31</actionDate>
        <links />
        <type>IntroReferral</type>
      </item>
      <actionTypeCounts>
        <generalDebate>1</generalDebate>
        <placeholderTextForH>3</placeholderTextForH>
        <billReferrals>3</billReferrals>
        <introducedInTheHouse>1</introducedInTheHouse>
        <actionStageOverride>1</actionStageOverride>
        <introducedInHouse>1</introducedInHouse>
      </actionTypeCounts>
      <actionByCounts>
        <houseOfRepresentatives>10</houseOfRepresentatives>
      </actionByCounts>
    </actions>
    <originChamber>House</originChamber>
    <recordedVotes />
    <introducedDate>2017-01-31</introducedDate>
    <createDate>2017-02-01T04:48:47Z</createDate>
    <titles>
      <item>
        <title>Postal Service Reform Act of 2017</title>
        <parentTitleType />
        <chamberName />
        <titleType>Short Titles as Introduced</titleType>
        <chamberCode />
      </item>
      <item>
        <title>To restore the financial solvency and improve the governance of the United States Postal Service in order to ensure the efficient and affordable nationwide delivery of mail, and for other purposes.</title>
        <parentTitleType />
        <chamberName />
        <titleType>Official Title as Introduced</titleType>
        <chamberCode />
      </item>
      <item>
        <title>Postal Service Reform Act of 2017</title>
        <parentTitleType />
        <chamberName />
        <titleType>Display Title</titleType>
        <chamberCode />
      </item>
      <item>
        <title>Postal Service Reform Act of 2017</title>
        <parentTitleType />
        <chamberName />
        <titleType>(Extracted from GPO) Short Titles as Introduced</titleType>
        <chamberCode />
      </item>
    </titles>
    <committees>
      <billCommittees>
        <item>
          <subcommittees />
          <name>Oversight and Government Reform Committee</name>
          <systemCode>hsgo00</systemCode>
          <chamber>House</chamber>
          <activities>
            <item>
              <name>Markup by</name>
              <date>2017-03-16T21:53:00Z</date>
            </item>
            <item>
              <name>Referred to</name>
              <date>2017-01-31T15:01:30Z</date>
            </item>
          </activities>
          <type>Standing</type>
        </item>
        <item>
          <subcommittees>
            <item>
              <name>Health Subcommittee</name>
              <activities>
                <item>
                  <name>Referred to</name>
                  <date>2017-02-08T22:08:01Z</date>
                </item>
              </activities>
              <systemCode>hswm02</systemCode>
            </item>
          </subcommittees>
          <name>Ways and Means Committee</name>
          <systemCode>hswm00</systemCode>
          <chamber>House</chamber>
          <activities>
            <item>
              <name>Referred to</name>
              <date>2017-01-31T15:01:40Z</date>
            </item>
          </activities>
          <type>Standing</type>
        </item>
        <item>
          <subcommittees>
            <item>
              <name>Health Subcommittee</name>
              <activities>
                <item>
                  <name>Referred to</name>
                  <date>2017-02-03T15:57:03Z</date>
                </item>
              </activities>
              <systemCode>hsif14</systemCode>
            </item>
          </subcommittees>
          <name>Energy and Commerce Committee</name>
          <systemCode>hsif00</systemCode>
          <chamber>House</chamber>
          <activities>
            <item>
              <name>Referred to</name>
              <date>2017-01-31T15:01:35Z</date>
            </item>
          </activities>
          <type>Standing</type>
        </item>
      </billCommittees>
    </committees>
    <cboCostEstimates>
      <item>
        <title>H.R. 756, Postal Service Reform Act of 2017</title>
        <pubDate>2017-06-01T19:58:09Z</pubDate>
        <url>https://www.cbo.gov/publication/52783</url>
      </item>
    </cboCostEstimates>
    <billNumber>756</billNumber>
    <laws />
    <cosponsors>
      <item>
        <state>MD</state>
        <district>7</district>
        <party>D</party>
        <sponsorshipDate>2017-01-31</sponsorshipDate>
        <isOriginalCosponsor>True</isOriginalCosponsor>
        <sponsorshipWithdrawnDate />
        <middleName>E.</middleName>
        <fullName>Rep. Cummings, Elijah E. [D-MD-7]</fullName>
        <lastName>CUMMINGS</lastName>
        <identifiers>
          <lisID>256</lisID>
          <gpoId>7982</gpoId>
          <bioguideId>C000984</bioguideId>
        </identifiers>
        <bioguideId>C000984</bioguideId>
        <firstName>ELIJAH</firstName>
      </item>
      <item>
        <state>NC</state>
        <district>11</district>
        <party>R</party>
        <sponsorshipDate>2017-01-31</sponsorshipDate>
        <isOriginalCosponsor>True</isOriginalCosponsor>
        <sponsorshipWithdrawnDate />
        <middleName />
        <fullName>Rep. Meadows, Mark [R-NC-11]</fullName>
        <lastName>Meadows</lastName>
        <identifiers>
          <lisID>2142</lisID>
          <gpoId />
          <bioguideId>M001187</bioguideId>
        </identifiers>
        <bioguideId>M001187</bioguideId>
        <firstName>Mark</firstName>
      </item>
      <item>
        <state>MA</state>
        <district>8</district>
        <party>D</party>
        <sponsorshipDate>2017-01-31</sponsorshipDate>
        <isOriginalCosponsor>True</isOriginalCosponsor>
        <sponsorshipWithdrawnDate />
        <middleName>F.</middleName>
        <fullName>Rep. Lynch, Stephen F. [D-MA-8]</fullName>
        <lastName>Lynch</lastName>
        <identifiers>
          <bioguideId>L000562</bioguideId>
          <lisID>1686</lisID>
          <gpoId>7974</gpoId>
        </identifiers>
        <bioguideId>L000562</bioguideId>
        <firstName>Stephen</firstName>
      </item>
      <item>
        <state>VA</state>
        <district>11</district>
        <party>D</party>
        <sponsorshipDate>2017-01-31</sponsorshipDate>
        <isOriginalCosponsor>True</isOriginalCosponsor>
        <sponsorshipWithdrawnDate />
        <middleName>E.</middleName>
        <fullName>Rep. Connolly, Gerald E. [D-VA-11]</fullName>
        <lastName>Connolly</lastName>
        <identifiers>
          <bioguideId>C001078</bioguideId>
          <lisID>1959</lisID>
          <gpoId>8202</gpoId>
        </identifiers>
        <bioguideId>C001078</bioguideId>
        <firstName>Gerald</firstName>
      </item>
      <item>
        <state>FL</state>
        <district>15</district>
        <party>R</party>
        <sponsorshipDate>2017-01-31</sponsorshipDate>
        <isOriginalCosponsor>True</isOriginalCosponsor>
        <sponsorshipWithdrawnDate />
        <middleName>A.</middleName>
        <fullName>Rep. Ross, Dennis A. [R-FL-15]</fullName>
        <lastName>Ross</lastName>
        <identifiers>
          <bioguideId>R000593</bioguideId>
          <lisID>2003</lisID>
          <gpoId>7884</gpoId>
        </identifiers>
        <bioguideId>R000593</bioguideId>
        <firstName>Dennis</firstName>
      </item>
      <item>
        <state>OK</state>
        <district>5</district>
        <party>R</party>
        <sponsorshipDate>2017-02-13</sponsorshipDate>
        <isOriginalCosponsor>False</isOriginalCosponsor>
        <sponsorshipWithdrawnDate />
        <middleName />
        <fullName>Rep. Russell, Steve [R-OK-5]</fullName>
        <lastName>Russell</lastName>
        <identifiers>
          <lisID>2265</lisID>
          <bioguideId>R000604</bioguideId>
          <gpoId />
        </identifiers>
        <bioguideId>R000604</bioguideId>
        <firstName>Steve</firstName>
      </item>
      <item>
        <state>MI</state>
        <district>14</district>
        <party>D</party>
        <sponsorshipDate>2017-02-13</sponsorshipDate>
        <isOriginalCosponsor>False</isOriginalCosponsor>
        <sponsorshipWithdrawnDate />
        <middleName>L.</middleName>
        <fullName>Rep. Lawrence, Brenda L. [D-MI-14]</fullName>
        <lastName>Lawrence</lastName>
        <identifiers>
          <bioguideId>L000581</bioguideId>
          <lisID>2252</lisID>
          <gpoId />
        </identifiers>
        <bioguideId>L000581</bioguideId>
        <firstName>Brenda</firstName>
      </item>
      <item>
        <state>PA</state>
        <district>5</district>
        <party>R</party>
        <sponsorshipDate>2017-03-13</sponsorshipDate>
        <isOriginalCosponsor>False</isOriginalCosponsor>
        <sponsorshipWithdrawnDate />
        <middleName />
        <fullName>Rep. Thompson, Glenn [R-PA-5]</fullName>
        <lastName>Thompson</lastName>
        <identifiers>
          <lisID>1952</lisID>
          <bioguideId>T000467</bioguideId>
          <gpoId>8123</gpoId>
        </identifiers>
        <bioguideId>T000467</bioguideId>
        <firstName>Glenn</firstName>
      </item>
      <item>
        <state>OH</state>
        <district>13</district>
        <party>D</party>
        <sponsorshipDate>2017-03-13</sponsorshipDate>
        <isOriginalCosponsor>False</isOriginalCosponsor>
        <sponsorshipWithdrawnDate />
        <middleName />
        <fullName>Rep. Ryan, Tim [D-OH-13]</fullName>
        <lastName>RYAN</lastName>
        <identifiers>
          <lisID>1756</lisID>
          <gpoId>8107</gpoId>
          <bioguideId>R000577</bioguideId>
        </identifiers>
        <bioguideId>R000577</bioguideId>
        <firstName>TIM</firstName>
      </item>
      <item>
        <state>NE</state>
        <district>1</district>
        <party>R</party>
        <sponsorshipDate>2017-03-22</sponsorshipDate>
        <isOriginalCosponsor>False</isOriginalCosponsor>
        <sponsorshipWithdrawnDate />
        <middleName />
        <fullName>Rep. Fortenberry, Jeff [R-NE-1]</fullName>
        <lastName>Fortenberry</lastName>
        <identifiers>
          <bioguideId>F000449</bioguideId>
          <lisID>1793</lisID>
          <gpoId>8038</gpoId>
        </identifiers>
        <bioguideId>F000449</bioguideId>
        <firstName>Jeff</firstName>
      </item>
      <item>
        <state>IA</state>
        <district>3</district>
        <party>R</party>
        <sponsorshipDate>2017-03-22</sponsorshipDate>
        <isOriginalCosponsor>False</isOriginalCosponsor>
        <sponsorshipWithdrawnDate />
        <middleName />
        <fullName>Rep. Young, David [R-IA-3]</fullName>
        <lastName>Young</lastName>
        <identifiers>
          <bioguideId>Y000066</bioguideId>
          <lisID>2242</lisID>
          <gpoId />
        </identifiers>
        <bioguideId>Y000066</bioguideId>
        <firstName>David</firstName>
      </item>
      <item>
        <state>MD</state>
        <district>2</district>
        <party>D</party>
        <sponsorshipDate>2017-03-22</sponsorshipDate>
        <isOriginalCosponsor>False</isOriginalCosponsor>
        <sponsorshipWithdrawnDate />
        <middleName>Dutch</middleName>
        <fullName>Rep. Ruppersberger, C. A. Dutch [D-MD-2]</fullName>
        <lastName>Ruppersberger</lastName>
        <identifiers>
          <bioguideId>R000576</bioguideId>
          <lisID>1728</lisID>
          <gpoId>7977</gpoId>
        </identifiers>
        <bioguideId>R000576</bioguideId>
        <firstName>C. A.</firstName>
      </item>
      <item>
        <state>GA</state>
        <district>13</district>
        <party>D</party>
        <sponsorshipDate>2017-03-22</sponsorshipDate>
        <isOriginalCosponsor>False</isOriginalCosponsor>
        <sponsorshipWithdrawnDate />
        <middleName />
        <fullName>Rep. Scott, David [D-GA-13]</fullName>
        <lastName>Scott</lastName>
        <identifiers>
          <bioguideId>S001157</bioguideId>
          <lisID>1722</lisID>
          <gpoId>7910</gpoId>
        </identifiers>
        <bioguideId>S001157</bioguideId>
        <firstName>David</firstName>
      </item>
      <item>
        <state>PA</state>
        <district>1</district>
        <party>D</party>
        <sponsorshipDate>2017-05-25</sponsorshipDate>
        <isOriginalCosponsor>False</isOriginalCosponsor>
        <sponsorshipWithdrawnDate />
        <middleName>A.</middleName>
        <fullName>Rep. Brady, Robert A. [D-PA-1]</fullName>
        <lastName>BRADY</lastName>
        <identifiers>
          <bioguideId>B001227</bioguideId>
          <lisID>1469</lisID>
          <gpoId>8119</gpoId>
        </identifiers>
        <bioguideId>B001227</bioguideId>
        <firstName>ROBERT</firstName>
      </item>
      <item>
        <state>NY</state>
        <district>11</district>
        <party>R</party>
        <sponsorshipDate>2017-05-25</sponsorshipDate>
        <isOriginalCosponsor>False</isOriginalCosponsor>
        <sponsorshipWithdrawnDate />
        <middleName>M.</middleName>
        <fullName>Rep. Donovan, Daniel M., Jr. [R-NY-11]</fullName>
        <lastName>Donovan</lastName>
        <identifiers>
          <lisID>2293</lisID>
          <bioguideId>D000625</bioguideId>
          <gpoId />
        </identifiers>
        <bioguideId>D000625</bioguideId>
        <firstName>Daniel</firstName>
      </item>
      <item>
        <state>TX</state>
        <district>18</district>
        <party>D</party>
        <sponsorshipDate>2017-05-25</sponsorshipDate>
        <isOriginalCosponsor>False</isOriginalCosponsor>
        <sponsorshipWithdrawnDate />
        <middleName />
        <fullName>Rep. Jackson Lee, Sheila [D-TX-18]</fullName>
        <lastName>JACKSON LEE</lastName>
        <identifiers>
          <bioguideId>J000032</bioguideId>
          <lisID>588</lisID>
          <gpoId>8174</gpoId>
        </identifiers>
        <bioguideId>J000032</bioguideId>
        <firstName>SHEILA</firstName>
      </item>
      <item>
        <state>VA</state>
        <district>5</district>
        <party>R</party>
        <sponsorshipDate>2018-01-16</sponsorshipDate>
        <isOriginalCosponsor>False</isOriginalCosponsor>
        <sponsorshipWithdrawnDate />
        <middleName>A.</middleName>
        <fullName>Rep. Garrett, Thomas A., Jr. [R-VA-5]</fullName>
        <lastName>Garrett</lastName>
        <identifiers>
          <bioguideId>G000580</bioguideId>
          <lisID>2353</lisID>
          <gpoId />
        </identifiers>
        <bioguideId>G000580</bioguideId>
        <firstName>Thomas</firstName>
      </item>
    </cosponsors>
    <latestAction>
      <text>ASSUMING FIRST SPONSORSHIP - Mr. Garrett asked unanimous consent that he may hereafter be considered as the first sponsor of H.R. 756, a bill originally introduced by former Representative Chaffetz, for purposes of adding cosponsors and requesting reprintings pursuant to clause 7 of rule XII. Agreed to without objection.</text>
      <actionTime>15:47:12</actionTime>
      <actionDate>2018-03-20</actionDate>
      <links />
    </latestAction>
    <sponsors>
      <item>
        <firstName>Jason</firstName>
        <middleName />
        <party>R</party>
        <state>UT</state>
        <byRequestType />
        <fullName>Rep. Chaffetz, Jason [R-UT-3]</fullName>
        <district>3</district>
        <bioguideId>C001076</bioguideId>
        <identifiers>
          <bioguideId>C001076</bioguideId>
          <lisID>1956</lisID>
          <gpoId>8191</gpoId>
        </identifiers>
        <lastName>Chaffetz</lastName>
      </item>
    </sponsors>
    <amendments />
    <summaries>
      <billSummaries>
        <item>
          <text><![CDATA[<p><b>Postal Service Reform Act of</b> <b>2017</b></p> <p>TITLE I--POSTAL SERVICE BENEFITS REFORM</p> <p>This bill requires the Office of Personnel Management (OPM) to establish a Postal Service Health Benefits Program within the Federal Employees Health Benefits Program to offer health benefits plans for U.S. Postal Service (USPS) employees, annuitant retirees, and their families at rates that reflect the cost of benefits provided solely to the USPS risk pool. Medicare-eligible postal retirees and family members are automatically enrolled in part A (Hospital Insurance) and part B (Supplementary Medical Insurance Benefits for Aged and Disabled) of title XVIII (Medicare) of the Social Security Act. Each plan must provide Medicare part D (Voluntary Prescription Drug Benefit Program) prescription drug benefits through an employer group waiver plan.</p> <p>Postal retirees not previously enrolled in Medicare will be transitioned automatically into Medicare part B.</p> <p>The USPS's annual prefunding payments to the Postal Service Retiree Health Benefits Fund must be recomputed each year based on economic and actuarial methods to liquidate 100% of the USPS's actuarial liability by September 30, 2055. The bill modifies the prefunding schedule established under the Postal Accountability and Enhancement Act.</p> <p>The OPM must use postal-specific demographic and economic assumptions in its valuations of the USPS's Civil Service Retirement System (CSRS) and Federal Employees Retirement System (FERS) pension accounts. Under CSRS and FERS, any projected USPS funding surpluses shall be returned to the USPS through amortized annual installments. </p> <p>TITLE II--POSTAL SERVICE OPERATIONS REFORM </p> <p>This title reduces from nine to five the number of governors serving on the USPS Board of Governors with the Postmaster General and the Deputy Postmaster General. The USPS's power shall be vested in the governors and carried out by the Postmaster General consistent with the strategic direction and pricing and product strategy approved by the governors. The Postmaster General may delegate authority, but the bill removes the board's authority to delegate authority to the Postmaster General. </p> <p>The USPS must transfer funds to the Department of State to coordinate and negotiate international postal rates and delivery services.</p> <p>The USPS must provide mail delivery other than door delivery (with a preference for centralized delivery) for new delivery points unless a new delivery point is built or established within a block of existing primarily door delivery points. It must also begin converting to centralized delivery, curbside delivery, or sidewalk delivery for existing: (1) business delivery points, and (2) residential delivery points with postal patrons' consent. </p> <p> This title: (1) revises the Postal Regulatory Commission's (PRC's) standards for establishing or revising rates or classifications for first-class mail, standard mail, or other market-dominant products; (2) repeals a rate preference that currently allows certain political committees to send third-class mail at the nonprofit organization rate; and (3) increases by 1 cent the postage rate for first-class stamps by reinstating 50% of the exigent rate surcharge for first-class mail and other market-dominant products that was in effect on April 9, 2016. </p> <p>The USPS may establish a program to provide property and services on behalf of state, local, or tribal governments for noncommercial products and services, and a program to provide property and services to other executive agencies and the Government Publishing Office, but only if such property and services provide a reasonable contribution to the institutional costs of the USPS.</p> <p>In determining whether to close or consolidate a post office, the USPS must: (1) consider the availability of broadband Internet service and commercial mobile service in a geographic area, and (2) conduct a nonbinding survey to allow postal patrons to indicate their preferences among alternative postal service options. </p> <p>The USPS is prohibited from offering postage-evidencing products or services that do not comply with regulations applicable to private companies. </p> <p>The PRC must complete the initial review of the system for regulating rates and classes for market-dominant products such that a final rule for a revised or reapproved system is issued by May 1, 2018.</p> <p>TITLE III--POSTAL SERVICE PERSONNEL </p> <p>A Chief Innovation Officer is established to: (1) maximize USPS revenues, (2) utilize emerging information technologies, and (3) update an innovation strategy for postal and nonpostal products and services. </p> <p>The President must appoint an Inspector General of the Postal Community to consolidate the currently separate USPS and PRC inspectors general. </p> <p>The right to appeal adverse personnel actions to the Merit Systems Protection Board is extended to USPS or inspector general employees who are not represented by a bargaining representative. </p> <p> TITLE IV--POSTAL CONTRACTING REFORM </p> <p>The USPS and the PRC must: (1) issue policies on contracting officer delegations of authority for postal contracts, (2) publish noncompetitive contract awards that exceed specified dollar amounts, (3) require contracting officers and decision-makers to disclose personal and business relationships that would cause questions regarding their impartiality, and (4) establish procedures for the ethics counsel to review conflict of interest disclosures to determine whether a contracting officer's participation would violate ethical conduct standards. </p> <p>The USPS or the PRC may void postal contracts if: (1) there is a criminal conviction (from which no further appeal may be taken) for bribery or a conflict of interest relating to the contract, or (2) the contractor fails to make required disclosures. </p>]]></text>
          <lastSummaryUpdateDate>2017-06-14T21:55:23Z</lastSummaryUpdateDate>
          <actionDate>2017-01-31</actionDate>
          <updateDate>2017-01-31T05:00:00Z</updateDate>
          <name>Introduced in House</name>
          <actionDesc>Introduced in House</actionDesc>
          <versionCode>00</versionCode>
        </item>
      </billSummaries>
    </summaries>
    <notes />
    <subjects>
      <billSubjects>
        <policyArea>
          <name>Government Operations and Politics</name>
        </policyArea>
        <legislativeSubjects>
          <item>
            <name>Administrative remedies</name>
          </item>
          <item>
            <name>Aviation and airports</name>
          </item>
          <item>
            <name>Computers and information technology</name>
          </item>
          <item>
            <name>Congressional oversight</name>
          </item>
          <item>
            <name>Customs enforcement</name>
          </item>
          <item>
            <name>Employment discrimination and employee rights</name>
          </item>
          <item>
            <name>Executive agency funding and structure</name>
          </item>
          <item>
            <name>Florida</name>
          </item>
          <item>
            <name>Government buildings, facilities, and property</name>
          </item>
          <item>
            <name>Government employee pay, benefits, personnel management</name>
          </item>
          <item>
            <name>Government ethics and transparency, public corruption</name>
          </item>
          <item>
            <name>Government studies and investigations</name>
          </item>
          <item>
            <name>Health care costs and insurance</name>
          </item>
          <item>
            <name>Health care coverage and access</name>
          </item>
          <item>
            <name>International law and treaties</name>
          </item>
          <item>
            <name>Internet and video services</name>
          </item>
          <item>
            <name>Medicare</name>
          </item>
          <item>
            <name>Merit Systems Protection Board</name>
          </item>
          <item>
            <name>Nevada</name>
          </item>
          <item>
            <name>New York State</name>
          </item>
          <item>
            <name>Postal Regulatory Commission</name>
          </item>
          <item>
            <name>Postal service</name>
          </item>
          <item>
            <name>Prescription drugs</name>
          </item>
          <item>
            <name>Public contracts and procurement</name>
          </item>
          <item>
            <name>Transportation safety and security</name>
          </item>
          <item>
            <name>U.S. Postal Service</name>
          </item>
        </legislativeSubjects>
      </billSubjects>
    </subjects>
    <constitutionalAuthorityStatementText><![CDATA[<pre>From the Congressional Record Online through the Government Publishing Office [<a href='http://www.gpo.gov'>www.gpo.gov</a>]By Mr. CHAFFETZ:H.R. 756.Congress has the power to enact this legislation pursuantto the following:Art. I, Sec. 8To establish Post Offices and post Roads.[Page H820]</pre>]]></constitutionalAuthorityStatementText>
    <committeeReports />
    <calendarNumbers />
    <title>Postal Service Reform Act of 2017</title>
    <policyArea>
      <name>Government Operations and Politics</name>
    </policyArea>
    <billType>HR</billType>
    <relatedBills>
      <item>
        <congress>115</congress>
        <latestAction>
          <actionDate>2018-04-09</actionDate>
          <text>Read the second time. Placed on Senate Legislative Calendar under General Orders. Calendar No. 366.</text>
        </latestAction>
        <number>2629</number>
        <latestTitle>A bill to improve postal operations, service, and transparency.</latestTitle>
        <type>S</type>
        <relationshipDetails>
          <item>
            <type>Related bill</type>
            <identifiedBy>CRS</identifiedBy>
          </item>
        </relationshipDetails>
      </item>
      <item>
        <congress>115</congress>
        <latestAction>
          <actionDate>2018-01-10</actionDate>
          <text>Referred to the House Committee on Oversight and Government Reform.</text>
        </latestAction>
        <number>4762</number>
        <latestTitle>To require the United States Postal Service to designate a single, unique ZIP code for particular communities.</latestTitle>
        <type>HR</type>
        <relationshipDetails>
          <item>
            <type>Related bill</type>
            <identifiedBy>CRS</identifiedBy>
          </item>
        </relationshipDetails>
      </item>
    </relatedBills>
  </bill>
  <dublinCore xmlns:dc="http://purl.org/dc/elements/1.1/">
    <dc:format>text/xml</dc:format>
    <dc:language>EN</dc:language>
    <dc:rights>Pursuant to Title 17 Section 105 of the United States Code, this file is not subject to copyright protection and is in the public domain.</dc:rights>
    <dc:contributor>Congressional Research Service, Library of Congress</dc:contributor>
    <dc:description>This file contains bill summaries and statuses for federal legislation. A bill summary describes the most significant provisions of a piece of legislation and details the effects the legislative text may have on current law and federal programs. Bill summaries are authored by the Congressional Research Service (CRS) of the Library of Congress. As stated in Public Law 91-510 (2 USC 166 (d)(6)), one of the duties of CRS is "to prepare summaries and digests of bills and resolutions of a public general nature introduced in the Senate or House of Representatives". For more information, refer to the User Guide that accompanies this file.</dc:description>
  </dublinCore>
</billStatus>

