<?xml version="1.0" encoding="UTF-8"?>
<billStatus>
  <bill>
    <title>Caring Start Act of 2017</title>
    <latestAction>
      <actionDate>2017-01-30</actionDate>
      <text>Referred to the House Committee on Education and the Workforce.</text>
      <links />
    </latestAction>
    <createDate>2017-01-31T05:23:09Z</createDate>
    <titles>
      <item>
        <chamberName />
        <title>Caring Start Act of 2017</title>
        <chamberCode />
        <titleType>Short Titles as Introduced</titleType>
        <parentTitleType />
      </item>
      <item>
        <chamberName />
        <title>To amend the Head Start Act to promote trauma-informed practices, age-appropriate positive behavioral intervention and support, services for young children who have experienced trauma or toxic stress, and improved coordination between Head Start agencies and other programs that serve very young children.</title>
        <chamberCode />
        <titleType>Official Title as Introduced</titleType>
        <parentTitleType />
      </item>
      <item>
        <chamberName />
        <title>Caring Start Act of 2017</title>
        <chamberCode />
        <titleType>Display Title</titleType>
        <parentTitleType />
      </item>
      <item>
        <chamberName />
        <title>Caring Start Act of 2017</title>
        <chamberCode />
        <titleType>(Extracted from GPO) Short Titles as Introduced</titleType>
        <parentTitleType />
      </item>
    </titles>
    <version>1.0.0</version>
    <notes />
    <subjects>
      <billSubjects>
        <legislativeSubjects>
          <item>
            <name>Child care and development</name>
          </item>
          <item>
            <name>Child safety and welfare</name>
          </item>
          <item>
            <name>Domestic violence and child abuse</name>
          </item>
          <item>
            <name>Education of the disadvantaged</name>
          </item>
          <item>
            <name>Education programs funding</name>
          </item>
          <item>
            <name>Mental health</name>
          </item>
          <item>
            <name>Preschool education</name>
          </item>
          <item>
            <name>Teaching, teachers, curricula</name>
          </item>
        </legislativeSubjects>
        <policyArea>
          <name>Education</name>
        </policyArea>
      </billSubjects>
    </subjects>
    <cboCostEstimates />
    <sponsors>
      <item>
        <firstName>Katherine</firstName>
        <lastName>Clark</lastName>
        <middleName>M.</middleName>
        <byRequestType />
        <bioguideId>C001101</bioguideId>
        <identifiers>
          <bioguideId>C001101</bioguideId>
          <lisID>2196</lisID>
          <gpoId />
        </identifiers>
        <state>MA</state>
        <fullName>Rep. Clark, Katherine M. [D-MA-5]</fullName>
        <district>5</district>
        <party>D</party>
      </item>
    </sponsors>
    <calendarNumbers />
    <policyArea>
      <name>Education</name>
    </policyArea>
    <summaries>
      <billSummaries>
        <item>
          <actionDesc>Introduced in House</actionDesc>
          <name>Introduced in House</name>
          <versionCode>00</versionCode>
          <actionDate>2017-01-30</actionDate>
          <text><![CDATA[<p><b>Caring Start Act of 2017</b></p> <p>This bill amends the Head Start Act to require that, in providing and allocating resources for training and technical assistance, the Department of Health and Human Services (HHS) give priority consideration to activities that:</p> <ul> <li>support the implementation of evidence-based trauma-informed practices, age-appropriate positive behavioral interventions and supports, early childhood mental health consultation, and prevention of suspension and expulsion; and </li> <li>increase coordination between Head Start agencies and other programs that serve very young children. </li></ul> <p>Such assistance must also, to the maximum extent practicable, assist Head Start agencies in adopting evidence-based approaches to best identify and serve children whose experiences have elicited a toxic stress response. (Toxic stress response can result from strong or prolonged adversity without adequate adult support.)</p> <p>HHS shall fund personnel training in:</p> <ul> <li>evidence-based trauma-informed practices, as well as early childhood mental health consultation and age-appropriate positive behavioral interventions and supports; and </li> <li>helping children who are victims of trauma or toxic stress. </li></ul>]]></text>
          <lastSummaryUpdateDate>2017-03-01T17:10:51Z</lastSummaryUpdateDate>
          <updateDate>2017-01-30T05:00:00Z</updateDate>
        </item>
      </billSummaries>
    </summaries>
    <actions>
      <actionTypeCounts>
        <introducedInHouse>1</introducedInHouse>
        <introducedInTheHouse>1</introducedInTheHouse>
        <billReferrals>1</billReferrals>
      </actionTypeCounts>
      <item>
        <type>IntroReferral</type>
        <sourceSystem>
          <code>2</code>
          <name>House floor actions</name>
        </sourceSystem>
        <actionCode>H11100</actionCode>
        <links />
        <text>Referred to the House Committee on Education and the Workforce.</text>
        <committee>
          <systemCode>hsed00</systemCode>
          <name>Education and the Workforce Committee</name>
        </committee>
        <actionDate>2017-01-30</actionDate>
      </item>
      <item>
        <type>IntroReferral</type>
        <sourceSystem>
          <code>9</code>
          <name>Library of Congress</name>
        </sourceSystem>
        <actionCode>Intro-H</actionCode>
        <links />
        <text>Introduced in House</text>
        <committee />
        <actionDate>2017-01-30</actionDate>
      </item>
      <item>
        <type>IntroReferral</type>
        <sourceSystem>
          <code>9</code>
          <name>Library of Congress</name>
        </sourceSystem>
        <actionCode>1000</actionCode>
        <links />
        <text>Introduced in House</text>
        <committee />
        <actionDate>2017-01-30</actionDate>
      </item>
      <actionByCounts>
        <houseOfRepresentatives>3</houseOfRepresentatives>
      </actionByCounts>
    </actions>
    <relatedBills />
    <committees>
      <billCommittees>
        <item>
          <activities>
            <item>
              <name>Referred to</name>
              <date>2017-01-30T17:03:25Z</date>
            </item>
          </activities>
          <systemCode>hsed00</systemCode>
          <name>Education and the Workforce Committee</name>
          <subcommittees />
          <type>Standing</type>
          <chamber>House</chamber>
        </item>
      </billCommittees>
    </committees>
    <constitutionalAuthorityStatementText><![CDATA[<pre>From the Congressional Record Online through the Government Publishing Office [<a href='http://www.gpo.gov'>www.gpo.gov</a>]By Ms. CLARK of Massachusetts:H.R. 737.Congress has the power to enact this legislation pursuantto the following:Article 1, Section 8, Constitution of the United States ofAmerica[Page H746]</pre>]]></constitutionalAuthorityStatementText>
    <introducedDate>2017-01-30</introducedDate>
    <cosponsors>
      <item>
        <firstName>Tom</firstName>
        <identifiers>
          <gpoId>8090</gpoId>
          <bioguideId>R000585</bioguideId>
          <lisID>1982</lisID>
        </identifiers>
        <sponsorshipDate>2017-01-30</sponsorshipDate>
        <isOriginalCosponsor>True</isOriginalCosponsor>
        <state>NY</state>
        <lastName>Reed</lastName>
        <middleName />
        <fullName>Rep. Reed, Tom [R-NY-23]</fullName>
        <bioguideId>R000585</bioguideId>
        <district>23</district>
        <sponsorshipWithdrawnDate />
        <party>R</party>
      </item>
    </cosponsors>
    <laws />
    <congress>115</congress>
    <recordedVotes />
    <amendments />
    <committeeReports />
    <billType>HR</billType>
    <billNumber>737</billNumber>
    <updateDate>2018-03-30T14:01:06Z</updateDate>
    <originChamber>House</originChamber>
  </bill>
  <dublinCore xmlns:dc="http://purl.org/dc/elements/1.1/">
    <dc:format>text/xml</dc:format>
    <dc:language>EN</dc:language>
    <dc:rights>Pursuant to Title 17 Section 105 of the United States Code, this file is not subject to copyright protection and is in the public domain.</dc:rights>
    <dc:contributor>Congressional Research Service, Library of Congress</dc:contributor>
    <dc:description>This file contains bill summaries and statuses for federal legislation. A bill summary describes the most significant provisions of a piece of legislation and details the effects the legislative text may have on current law and federal programs. Bill summaries are authored by the Congressional Research Service (CRS) of the Library of Congress. As stated in Public Law 91-510 (2 USC 166 (d)(6)), one of the duties of CRS is "to prepare summaries and digests of bills and resolutions of a public general nature introduced in the Senate or House of Representatives". For more information, refer to the User Guide that accompanies this file.</dc:description>
  </dublinCore>
</billStatus>

