<?xml version="1.0" encoding="UTF-8"?>
<billStatus>
  <bill>
    <createDate>2017-01-06T04:57:26Z</createDate>
    <billType>HR</billType>
    <originChamber>House</originChamber>
    <titles>
      <item>
        <title>Protecting Patient Access to Emergency Medications Act of 2017</title>
        <parentTitleType>Short Title</parentTitleType>
        <chamberName />
        <titleType>Other Short Titles</titleType>
        <chamberCode />
      </item>
      <item>
        <title>Protecting Patient Access to Emergency Medications Act of 2017</title>
        <parentTitleType>Short Title</parentTitleType>
        <chamberName />
        <titleType>Short Titles as Enacted</titleType>
        <chamberCode />
      </item>
      <item>
        <title>Protecting Patient Access to Emergency Medications Act of 2017</title>
        <parentTitleType>Short Titles Senate</parentTitleType>
        <chamberName>Senate</chamberName>
        <titleType>Short Titles as Passed Senate</titleType>
        <chamberCode>S</chamberCode>
      </item>
      <item>
        <title>Protecting Patient Access to Emergency Medications Act of 2017</title>
        <parentTitleType>Short Titles House of Representatives</parentTitleType>
        <chamberName>House</chamberName>
        <titleType>Short Titles as Passed House</titleType>
        <chamberCode>H</chamberCode>
      </item>
      <item>
        <title>Protecting Patient Access to Emergency Medications Act of 2017</title>
        <parentTitleType />
        <chamberName />
        <titleType>Short Titles as Introduced</titleType>
        <chamberCode />
      </item>
      <item>
        <title>To amend the Controlled Substances Act with regard to the provision of emergency medical services.</title>
        <parentTitleType />
        <chamberName />
        <titleType>Official Title as Introduced</titleType>
        <chamberCode />
      </item>
      <item>
        <title>Protecting Patient Access to Emergency Medications Act of 2017</title>
        <parentTitleType />
        <chamberName />
        <titleType>Display Title</titleType>
        <chamberCode />
      </item>
      <item>
        <title>Protecting Patient Access to Emergency Medications Act of 2017</title>
        <parentTitleType />
        <chamberName>House</chamberName>
        <titleType>(Extracted from GPO) Short Titles as Passed House</titleType>
        <chamberCode>H</chamberCode>
      </item>
      <item>
        <title>Protecting Patient Access to Emergency Medications Act of 2017</title>
        <parentTitleType />
        <chamberName />
        <titleType>(Extracted from GPO) Short Titles as Introduced</titleType>
        <chamberCode />
      </item>
    </titles>
    <recordedVotes>
      <recordedVote>
        <rollNumber>25</rollNumber>
        <chamber>House</chamber>
        <sessionNumber>1</sessionNumber>
        <url>http://clerk.house.gov/evs/2017/roll025.xml</url>
        <fullActionName>Final Passage Under Suspension of the Rules Results</fullActionName>
        <congress>115</congress>
        <date>2017-01-10T00:04:23Z</date>
      </recordedVote>
    </recordedVotes>
    <committees>
      <billCommittees>
        <item>
          <systemCode>sshr00</systemCode>
          <subcommittees />
          <name>Health, Education, Labor, and Pensions Committee</name>
          <type>Standing</type>
          <chamber>Senate</chamber>
          <activities>
            <item>
              <date>2017-10-25T02:14:55Z</date>
              <name>Discharged from</name>
            </item>
            <item>
              <date>2017-01-10T18:13:15Z</date>
              <name>Referred to</name>
            </item>
          </activities>
        </item>
        <item>
          <systemCode>hsju00</systemCode>
          <subcommittees>
            <item>
              <name>Crime, Terrorism, Homeland Security, and Investigations Subcommittee</name>
              <systemCode>hsju08</systemCode>
              <activities>
                <item>
                  <date>2017-01-12T16:01:32Z</date>
                  <name>Referred to</name>
                </item>
              </activities>
            </item>
          </subcommittees>
          <name>Judiciary Committee</name>
          <type>Standing</type>
          <chamber>House</chamber>
          <activities>
            <item>
              <date>2017-01-05T15:02:20Z</date>
              <name>Referred to</name>
            </item>
          </activities>
        </item>
        <item>
          <systemCode>hsif00</systemCode>
          <subcommittees />
          <name>Energy and Commerce Committee</name>
          <type>Standing</type>
          <chamber>House</chamber>
          <activities>
            <item>
              <date>2017-01-05T15:02:15Z</date>
              <name>Referred to</name>
            </item>
          </activities>
        </item>
      </billCommittees>
    </committees>
    <latestAction>
      <text>Became Public Law No: 115-83.</text>
      <actionDate>2017-11-17</actionDate>
      <links>
        <link>
          <url>https://www.congress.gov/bill/115th-congress/house-bill/304/text/pl</url>
          <name>Public Law No: 115-83</name>
        </link>
      </links>
    </latestAction>
    <billNumber>304</billNumber>
    <notes />
    <committeeReports />
    <constitutionalAuthorityStatementText><![CDATA[<pre>[Congressional Record Volume 163, Number 3 (Thursday, January 5, 2017)]From the Congressional Record Online through the Government Publishing Office [<a href='http://www.gpo.gov'>www.gpo.gov</a>]By Mr. HUDSON:H.R. 304.Congress has the power to enact this legislation pursuantto the following:Article I, Section 8, Clause I[Page H182]</pre>]]></constitutionalAuthorityStatementText>
    <cosponsors>
      <item>
        <state>NC</state>
        <lastName>Butterfield</lastName>
        <sponsorshipWithdrawnDate />
        <district>1</district>
        <middleName />
        <fullName>Rep. Butterfield, G. K. [D-NC-1]</fullName>
        <bioguideId>B001251</bioguideId>
        <party>D</party>
        <identifiers>
          <bioguideId>B001251</bioguideId>
          <gpoId>8024</gpoId>
          <lisID>1761</lisID>
        </identifiers>
        <sponsorshipDate>2017-01-05</sponsorshipDate>
        <isOriginalCosponsor>True</isOriginalCosponsor>
        <firstName>G. K.</firstName>
      </item>
      <item>
        <state>MO</state>
        <lastName>Wagner</lastName>
        <sponsorshipWithdrawnDate />
        <district>2</district>
        <middleName />
        <fullName>Rep. Wagner, Ann [R-MO-2]</fullName>
        <bioguideId>W000812</bioguideId>
        <party>R</party>
        <identifiers>
          <lisID>2137</lisID>
          <gpoId />
          <bioguideId>W000812</bioguideId>
        </identifiers>
        <sponsorshipDate>2017-01-05</sponsorshipDate>
        <isOriginalCosponsor>True</isOriginalCosponsor>
        <firstName>Ann</firstName>
      </item>
      <item>
        <state>SC</state>
        <lastName>Duncan</lastName>
        <sponsorshipWithdrawnDate />
        <district>3</district>
        <middleName />
        <fullName>Rep. Duncan, Jeff [R-SC-3]</fullName>
        <bioguideId>D000615</bioguideId>
        <party>R</party>
        <identifiers>
          <gpoId>8143</gpoId>
          <bioguideId>D000615</bioguideId>
          <lisID>2057</lisID>
        </identifiers>
        <sponsorshipDate>2017-01-05</sponsorshipDate>
        <isOriginalCosponsor>True</isOriginalCosponsor>
        <firstName>Jeff</firstName>
      </item>
      <item>
        <state>TN</state>
        <lastName>Blackburn</lastName>
        <sponsorshipWithdrawnDate />
        <district>7</district>
        <middleName />
        <fullName>Rep. Blackburn, Marsha [R-TN-7]</fullName>
        <bioguideId>B001243</bioguideId>
        <party>R</party>
        <identifiers>
          <bioguideId>B001243</bioguideId>
          <lisID>1748</lisID>
          <gpoId>8154</gpoId>
        </identifiers>
        <sponsorshipDate>2017-01-05</sponsorshipDate>
        <isOriginalCosponsor>True</isOriginalCosponsor>
        <firstName>Marsha</firstName>
      </item>
      <item>
        <state>IL</state>
        <lastName>Lipinski</lastName>
        <sponsorshipWithdrawnDate />
        <district>3</district>
        <middleName>William</middleName>
        <fullName>Rep. Lipinski, Daniel [D-IL-3]</fullName>
        <bioguideId>L000563</bioguideId>
        <party>D</party>
        <identifiers>
          <lisID>1781</lisID>
          <gpoId>7923</gpoId>
          <bioguideId>L000563</bioguideId>
        </identifiers>
        <sponsorshipDate>2017-01-05</sponsorshipDate>
        <isOriginalCosponsor>True</isOriginalCosponsor>
        <firstName>Daniel</firstName>
      </item>
      <item>
        <state>IL</state>
        <lastName>SCHAKOWSKY</lastName>
        <sponsorshipWithdrawnDate />
        <district>9</district>
        <middleName>D.</middleName>
        <fullName>Rep. Schakowsky, Janice D. [D-IL-9]</fullName>
        <bioguideId>S001145</bioguideId>
        <party>D</party>
        <identifiers>
          <lisID>1588</lisID>
          <gpoId>7929</gpoId>
          <bioguideId>S001145</bioguideId>
        </identifiers>
        <sponsorshipDate>2017-01-05</sponsorshipDate>
        <isOriginalCosponsor>True</isOriginalCosponsor>
        <firstName>JANICE</firstName>
      </item>
      <item>
        <state>WA</state>
        <lastName>Beutler</lastName>
        <sponsorshipWithdrawnDate />
        <district>3</district>
        <middleName>Herrera</middleName>
        <fullName>Rep. Herrera Beutler, Jaime [R-WA-3]</fullName>
        <bioguideId>H001056</bioguideId>
        <party>R</party>
        <identifiers>
          <gpoId>8207</gpoId>
          <lisID>2071</lisID>
          <bioguideId>H001056</bioguideId>
        </identifiers>
        <sponsorshipDate>2017-01-05</sponsorshipDate>
        <isOriginalCosponsor>True</isOriginalCosponsor>
        <firstName>Jaime</firstName>
      </item>
      <item>
        <state>CA</state>
        <lastName>Knight</lastName>
        <sponsorshipWithdrawnDate />
        <district>25</district>
        <middleName />
        <fullName>Rep. Knight, Stephen [R-CA-25]</fullName>
        <bioguideId>K000387</bioguideId>
        <party>R</party>
        <identifiers>
          <bioguideId>K000387</bioguideId>
          <gpoId />
          <lisID>2228</lisID>
        </identifiers>
        <sponsorshipDate>2017-01-05</sponsorshipDate>
        <isOriginalCosponsor>True</isOriginalCosponsor>
        <firstName>Stephen</firstName>
      </item>
      <item>
        <state>TX</state>
        <lastName>SMITH</lastName>
        <sponsorshipWithdrawnDate />
        <district>21</district>
        <middleName />
        <fullName>Rep. Smith, Lamar [R-TX-21]</fullName>
        <bioguideId>S000583</bioguideId>
        <party>R</party>
        <identifiers>
          <gpoId>8177</gpoId>
          <lisID>1075</lisID>
          <bioguideId>S000583</bioguideId>
        </identifiers>
        <sponsorshipDate>2017-01-05</sponsorshipDate>
        <isOriginalCosponsor>True</isOriginalCosponsor>
        <firstName>LAMAR</firstName>
      </item>
      <item>
        <state>MN</state>
        <lastName>Emmer</lastName>
        <sponsorshipWithdrawnDate />
        <district>6</district>
        <middleName />
        <fullName>Rep. Emmer, Tom [R-MN-6]</fullName>
        <bioguideId>E000294</bioguideId>
        <party>R</party>
        <identifiers>
          <lisID>2253</lisID>
          <gpoId />
          <bioguideId>E000294</bioguideId>
        </identifiers>
        <sponsorshipDate>2017-01-05</sponsorshipDate>
        <isOriginalCosponsor>True</isOriginalCosponsor>
        <firstName>Tom</firstName>
      </item>
      <item>
        <state>FL</state>
        <lastName>Bilirakis</lastName>
        <sponsorshipWithdrawnDate />
        <district>12</district>
        <middleName>M.</middleName>
        <fullName>Rep. Bilirakis, Gus M. [R-FL-12]</fullName>
        <bioguideId>B001257</bioguideId>
        <party>R</party>
        <identifiers>
          <lisID>1838</lisID>
          <gpoId>7881</gpoId>
          <bioguideId>B001257</bioguideId>
        </identifiers>
        <sponsorshipDate>2017-01-05</sponsorshipDate>
        <isOriginalCosponsor>True</isOriginalCosponsor>
        <firstName>Gus</firstName>
      </item>
      <item>
        <state>LA</state>
        <lastName>Abraham</lastName>
        <sponsorshipWithdrawnDate />
        <district>5</district>
        <middleName>Lee</middleName>
        <fullName>Rep. Abraham, Ralph Lee [R-LA-5]</fullName>
        <bioguideId>A000374</bioguideId>
        <party>R</party>
        <identifiers>
          <gpoId />
          <lisID>2244</lisID>
          <bioguideId>A000374</bioguideId>
        </identifiers>
        <sponsorshipDate>2017-01-05</sponsorshipDate>
        <isOriginalCosponsor>True</isOriginalCosponsor>
        <firstName>Ralph</firstName>
      </item>
      <item>
        <state>MD</state>
        <lastName>CUMMINGS</lastName>
        <sponsorshipWithdrawnDate />
        <district>7</district>
        <middleName>E.</middleName>
        <fullName>Rep. Cummings, Elijah E. [D-MD-7]</fullName>
        <bioguideId>C000984</bioguideId>
        <party>D</party>
        <identifiers>
          <lisID>256</lisID>
          <gpoId>7982</gpoId>
          <bioguideId>C000984</bioguideId>
        </identifiers>
        <sponsorshipDate>2017-01-05</sponsorshipDate>
        <isOriginalCosponsor>True</isOriginalCosponsor>
        <firstName>ELIJAH</firstName>
      </item>
      <item>
        <state>TN</state>
        <lastName>Cohen</lastName>
        <sponsorshipWithdrawnDate />
        <district>9</district>
        <middleName />
        <fullName>Rep. Cohen, Steve [D-TN-9]</fullName>
        <bioguideId>C001068</bioguideId>
        <party>D</party>
        <identifiers>
          <bioguideId>C001068</bioguideId>
          <gpoId>8156</gpoId>
          <lisID>1878</lisID>
        </identifiers>
        <sponsorshipDate>2017-01-05</sponsorshipDate>
        <isOriginalCosponsor>True</isOriginalCosponsor>
        <firstName>Steve</firstName>
      </item>
      <item>
        <state>FL</state>
        <lastName>HASTINGS</lastName>
        <sponsorshipWithdrawnDate />
        <district>20</district>
        <middleName>L.</middleName>
        <fullName>Rep. Hastings, Alcee L. [D-FL-20]</fullName>
        <bioguideId>H000324</bioguideId>
        <party>D</party>
        <identifiers>
          <bioguideId>H000324</bioguideId>
          <gpoId>7895</gpoId>
          <lisID>511</lisID>
        </identifiers>
        <sponsorshipDate>2017-01-05</sponsorshipDate>
        <isOriginalCosponsor>True</isOriginalCosponsor>
        <firstName>ALCEE</firstName>
      </item>
      <item>
        <state>CA</state>
        <lastName>Ruiz</lastName>
        <sponsorshipWithdrawnDate />
        <district>36</district>
        <middleName />
        <fullName>Rep. Ruiz, Raul [D-CA-36]</fullName>
        <bioguideId>R000599</bioguideId>
        <party>D</party>
        <identifiers>
          <bioguideId>R000599</bioguideId>
          <gpoId />
          <lisID>2109</lisID>
        </identifiers>
        <sponsorshipDate>2017-01-05</sponsorshipDate>
        <isOriginalCosponsor>True</isOriginalCosponsor>
        <firstName>Raul</firstName>
      </item>
      <item>
        <state>IL</state>
        <lastName>Kelly</lastName>
        <sponsorshipWithdrawnDate />
        <district>2</district>
        <middleName>L.</middleName>
        <fullName>Rep. Kelly, Robin L. [D-IL-2]</fullName>
        <bioguideId>K000385</bioguideId>
        <party>D</party>
        <identifiers>
          <gpoId />
          <lisID>2190</lisID>
          <bioguideId>K000385</bioguideId>
        </identifiers>
        <sponsorshipDate>2017-01-05</sponsorshipDate>
        <isOriginalCosponsor>True</isOriginalCosponsor>
        <firstName>Robin</firstName>
      </item>
      <item>
        <state>TN</state>
        <lastName>Roe</lastName>
        <sponsorshipWithdrawnDate />
        <district>1</district>
        <middleName>P.</middleName>
        <fullName>Rep. Roe, David P. [R-TN-1]</fullName>
        <bioguideId>R000582</bioguideId>
        <party>R</party>
        <identifiers>
          <bioguideId>R000582</bioguideId>
          <gpoId>8148</gpoId>
          <lisID>1954</lisID>
        </identifiers>
        <sponsorshipDate>2017-01-05</sponsorshipDate>
        <isOriginalCosponsor>True</isOriginalCosponsor>
        <firstName>David</firstName>
      </item>
      <item>
        <state>OR</state>
        <lastName>BLUMENAUER</lastName>
        <sponsorshipWithdrawnDate />
        <district>3</district>
        <middleName />
        <fullName>Rep. Blumenauer, Earl [D-OR-3]</fullName>
        <bioguideId>B000574</bioguideId>
        <party>D</party>
        <identifiers>
          <gpoId>8116</gpoId>
          <bioguideId>B000574</bioguideId>
          <lisID>99</lisID>
        </identifiers>
        <sponsorshipDate>2017-01-05</sponsorshipDate>
        <isOriginalCosponsor>True</isOriginalCosponsor>
        <firstName>EARL</firstName>
      </item>
      <item>
        <state>IA</state>
        <lastName>Young</lastName>
        <sponsorshipWithdrawnDate />
        <district>3</district>
        <middleName />
        <fullName>Rep. Young, David [R-IA-3]</fullName>
        <bioguideId>Y000066</bioguideId>
        <party>R</party>
        <identifiers>
          <lisID>2242</lisID>
          <gpoId />
          <bioguideId>Y000066</bioguideId>
        </identifiers>
        <sponsorshipDate>2017-01-09</sponsorshipDate>
        <isOriginalCosponsor>False</isOriginalCosponsor>
        <firstName>David</firstName>
      </item>
      <item>
        <state>NY</state>
        <lastName>Rice</lastName>
        <sponsorshipWithdrawnDate />
        <district>4</district>
        <middleName>M.</middleName>
        <fullName>Rep. Rice, Kathleen M. [D-NY-4]</fullName>
        <bioguideId>R000602</bioguideId>
        <party>D</party>
        <identifiers>
          <lisID>2262</lisID>
          <gpoId />
          <bioguideId>R000602</bioguideId>
        </identifiers>
        <sponsorshipDate>2017-01-09</sponsorshipDate>
        <isOriginalCosponsor>False</isOriginalCosponsor>
        <firstName>Kathleen</firstName>
      </item>
      <item>
        <state>CA</state>
        <lastName>CALVERT</lastName>
        <sponsorshipWithdrawnDate />
        <district>42</district>
        <middleName />
        <fullName>Rep. Calvert, Ken [R-CA-42]</fullName>
        <bioguideId>C000059</bioguideId>
        <party>R</party>
        <identifiers>
          <bioguideId>C000059</bioguideId>
          <gpoId>7849</gpoId>
          <lisID>165</lisID>
        </identifiers>
        <sponsorshipDate>2017-01-09</sponsorshipDate>
        <isOriginalCosponsor>False</isOriginalCosponsor>
        <firstName>KEN</firstName>
      </item>
      <item>
        <state>ME</state>
        <lastName>Pingree</lastName>
        <sponsorshipWithdrawnDate />
        <district>1</district>
        <middleName />
        <fullName>Rep. Pingree, Chellie [D-ME-1]</fullName>
        <bioguideId>P000597</bioguideId>
        <party>D</party>
        <identifiers>
          <gpoId>7984</gpoId>
          <bioguideId>P000597</bioguideId>
          <lisID>1927</lisID>
        </identifiers>
        <sponsorshipDate>2017-01-09</sponsorshipDate>
        <isOriginalCosponsor>False</isOriginalCosponsor>
        <firstName>Chellie</firstName>
      </item>
      <item>
        <state>IL</state>
        <lastName>Bustos</lastName>
        <sponsorshipWithdrawnDate />
        <district>17</district>
        <middleName />
        <fullName>Rep. Bustos, Cheri [D-IL-17]</fullName>
        <bioguideId>B001286</bioguideId>
        <party>D</party>
        <identifiers>
          <bioguideId>B001286</bioguideId>
          <gpoId />
          <lisID>2127</lisID>
        </identifiers>
        <sponsorshipDate>2017-01-09</sponsorshipDate>
        <isOriginalCosponsor>False</isOriginalCosponsor>
        <firstName>Cheri</firstName>
      </item>
      <item>
        <state>RI</state>
        <lastName>LANGEVIN</lastName>
        <sponsorshipWithdrawnDate />
        <district>2</district>
        <middleName>R.</middleName>
        <fullName>Rep. Langevin, James R. [D-RI-2]</fullName>
        <bioguideId>L000559</bioguideId>
        <party>D</party>
        <identifiers>
          <lisID>1668</lisID>
          <gpoId>8140</gpoId>
          <bioguideId>L000559</bioguideId>
        </identifiers>
        <sponsorshipDate>2017-01-09</sponsorshipDate>
        <isOriginalCosponsor>False</isOriginalCosponsor>
        <firstName>JAMES</firstName>
      </item>
    </cosponsors>
    <cboCostEstimates />
    <sponsors>
      <item>
        <state>NC</state>
        <bioguideId>H001067</bioguideId>
        <fullName>Rep. Hudson, Richard [R-NC-8]</fullName>
        <identifiers>
          <lisID>2140</lisID>
          <gpoId />
          <bioguideId>H001067</bioguideId>
        </identifiers>
        <middleName />
        <firstName>Richard</firstName>
        <district>8</district>
        <lastName>Hudson</lastName>
        <byRequestType />
        <party>R</party>
      </item>
    </sponsors>
    <actions>
      <actionByCounts>
        <houseOfRepresentatives>17</houseOfRepresentatives>
        <senate>7</senate>
      </actionByCounts>
      <item>
        <actionCode>E40000</actionCode>
        <committee />
        <sourceSystem>
          <name>House floor actions</name>
          <code>2</code>
        </sourceSystem>
        <type>President</type>
        <text>Became Public Law No: 115-83.</text>
        <actionDate>2017-11-17</actionDate>
        <links>
          <link>
            <name>Public Law No: 115-83</name>
            <url>https://www.congress.gov/bill/115th-congress/house-bill/304/text/pl</url>
          </link>
        </links>
      </item>
      <item>
        <actionCode>36000</actionCode>
        <committee />
        <sourceSystem>
          <name>Library of Congress</name>
          <code>9</code>
        </sourceSystem>
        <type>BecameLaw</type>
        <text>Became Public Law No: 115-83.</text>
        <actionDate>2017-11-17</actionDate>
        <links>
          <link>
            <name>Public Law No: 115-83</name>
            <url>https://www.congress.gov/bill/115th-congress/house-bill/304/text/pl</url>
          </link>
        </links>
      </item>
      <item>
        <actionCode>E30000</actionCode>
        <committee />
        <sourceSystem>
          <name>House floor actions</name>
          <code>2</code>
        </sourceSystem>
        <type>President</type>
        <text>Signed by President.</text>
        <actionDate>2017-11-17</actionDate>
        <links />
      </item>
      <item>
        <actionCode>36000</actionCode>
        <committee />
        <sourceSystem>
          <name>Library of Congress</name>
          <code>9</code>
        </sourceSystem>
        <type>BecameLaw</type>
        <text>Signed by President.</text>
        <actionDate>2017-11-17</actionDate>
        <links />
      </item>
      <item>
        <actionCode>E20000</actionCode>
        <committee />
        <sourceSystem>
          <name>House floor actions</name>
          <code>2</code>
        </sourceSystem>
        <type>Floor</type>
        <text>Presented to President.</text>
        <actionDate>2017-11-07</actionDate>
        <links />
      </item>
      <item>
        <actionCode>28000</actionCode>
        <committee />
        <sourceSystem>
          <name>Library of Congress</name>
          <code>9</code>
        </sourceSystem>
        <type>President</type>
        <text>Presented to President.</text>
        <actionDate>2017-11-07</actionDate>
        <links />
      </item>
      <item>
        <actionTime>17:13:37</actionTime>
        <actionCode>H41931</actionCode>
        <committee />
        <sourceSystem>
          <name>House floor actions</name>
          <code>2</code>
        </sourceSystem>
        <type>ResolvingDifferences</type>
        <text>Motion to reconsider laid on the table Agreed to without objection.</text>
        <actionDate>2017-11-02</actionDate>
        <links />
      </item>
      <item>
        <actionTime>17:13:36</actionTime>
        <actionCode>H41610</actionCode>
        <committee />
        <sourceSystem>
          <name>House floor actions</name>
          <code>2</code>
        </sourceSystem>
        <type>ResolvingDifferences</type>
        <text>On motion that the House agree to the Senate amendment Agreed to without objection. (text as House agreed to Senate Amendment: CR H8421-8422)</text>
        <actionDate>2017-11-02</actionDate>
        <links>
          <link>
            <name>H8421-8422</name>
            <url>https://www.congress.gov/congressional-record/volume-163/house-section/page/H8421-8422</url>
          </link>
        </links>
      </item>
      <item>
        <actionCode>19500</actionCode>
        <committee />
        <sourceSystem>
          <name>Library of Congress</name>
          <code>9</code>
        </sourceSystem>
        <type>NotUsed</type>
        <text>Resolving differences -- House actions: On motion that the House agree to the Senate amendment Agreed to without objection.</text>
        <actionDate>2017-11-02</actionDate>
        <links />
      </item>
      <item>
        <actionTime>17:13:26</actionTime>
        <actionCode>H8D000</actionCode>
        <committee />
        <sourceSystem>
          <name>House floor actions</name>
          <code>2</code>
        </sourceSystem>
        <type>Floor</type>
        <text>Mr. Hudson asked unanimous consent to take from the Speaker's table and agree to the Senate amendment. (consideration: CR H8421-8422)</text>
        <actionDate>2017-11-02</actionDate>
        <links>
          <link>
            <name>H8421-8422</name>
            <url>https://www.congress.gov/congressional-record/volume-163/house-section/page/H8421-8422</url>
          </link>
        </links>
      </item>
      <item>
        <actionDate>2017-10-25</actionDate>
        <committee />
        <links />
        <sourceSystem>
          <name>Senate</name>
          <code>0</code>
        </sourceSystem>
        <text>Message on Senate action sent to the House.</text>
        <type>Floor</type>
      </item>
      <item>
        <actionDate>2017-10-24</actionDate>
        <committee />
        <links />
        <sourceSystem>
          <name>Senate</name>
          <code>0</code>
        </sourceSystem>
        <text>Passed Senate with an amendment by Unanimous Consent.</text>
        <type>Floor</type>
      </item>
      <item>
        <actionCode>17000</actionCode>
        <committee />
        <sourceSystem>
          <name>Library of Congress</name>
          <code>9</code>
        </sourceSystem>
        <type>Floor</type>
        <text>Passed/agreed to in Senate: Passed Senate with an amendment by Unanimous Consent.</text>
        <actionDate>2017-10-24</actionDate>
        <links />
      </item>
      <item>
        <actionDate>2017-10-24</actionDate>
        <committee />
        <links>
          <link>
            <name>S6773</name>
            <url>https://www.congress.gov/congressional-record/volume-163/senate-section/page/S6773</url>
          </link>
        </links>
        <sourceSystem>
          <name>Senate</name>
          <code>0</code>
        </sourceSystem>
        <text>Measure laid before Senate by unanimous consent. (consideration: CR S6773)</text>
        <type>Floor</type>
      </item>
      <item>
        <actionDate>2017-10-24</actionDate>
        <committee>
          <name>Health, Education, Labor, and Pensions Committee</name>
          <systemCode>sshr00</systemCode>
        </committee>
        <links />
        <sourceSystem>
          <name>Senate</name>
          <code>0</code>
        </sourceSystem>
        <text>Senate Committee on Health, Education, Labor, and Pensions discharged by Unanimous Consent.</text>
        <type>Discharge</type>
      </item>
      <item>
        <actionCode>14500</actionCode>
        <committee>
          <name>Health, Education, Labor, and Pensions Committee</name>
          <systemCode>sshr00</systemCode>
        </committee>
        <sourceSystem>
          <name>Library of Congress</name>
          <code>9</code>
        </sourceSystem>
        <type>Committee</type>
        <text>Senate Committee on Health, Education, Labor, and Pensions discharged by Unanimous Consent.</text>
        <actionDate>2017-10-24</actionDate>
        <links />
      </item>
      <item>
        <actionDate>2017-01-12</actionDate>
        <committee>
          <name>Crime, Terrorism, Homeland Security, and Investigations Subcommittee</name>
          <systemCode>hsju08</systemCode>
        </committee>
        <links />
        <sourceSystem>
          <name>House committee actions</name>
          <code>1</code>
        </sourceSystem>
        <text>Referred to the Subcommittee on Crime, Terrorism, Homeland Security, and Investigations.</text>
        <type>Committee</type>
      </item>
      <item>
        <actionDate>2017-01-10</actionDate>
        <committee>
          <name>Health, Education, Labor, and Pensions Committee</name>
          <systemCode>sshr00</systemCode>
        </committee>
        <links />
        <sourceSystem>
          <name>Senate</name>
          <code>0</code>
        </sourceSystem>
        <text>Received in the Senate and Read twice and referred to the Committee on Health, Education, Labor, and Pensions.</text>
        <type>IntroReferral</type>
      </item>
      <item>
        <actionTime>19:04:24</actionTime>
        <actionCode>H38310</actionCode>
        <committee />
        <sourceSystem>
          <name>House floor actions</name>
          <code>2</code>
        </sourceSystem>
        <type>Floor</type>
        <text>Motion to reconsider laid on the table Agreed to without objection.</text>
        <actionDate>2017-01-09</actionDate>
        <links />
      </item>
      <item>
        <actionTime>19:04:23</actionTime>
        <actionCode>H37300</actionCode>
        <committee />
        <sourceSystem>
          <name>House floor actions</name>
          <code>2</code>
        </sourceSystem>
        <type>Floor</type>
        <text>On motion to suspend the rules and pass the bill Agreed to by the Yeas and Nays: (2/3 required): 404 - 0 (Roll no. 25). (text: CR H206-207)</text>
        <actionDate>2017-01-09</actionDate>
        <links>
          <link>
            <name>H206-207</name>
            <url>https://www.congress.gov/congressional-record/volume-163/house-section/page/H206-207</url>
          </link>
          <link>
            <name>Roll no. 25</name>
            <url>http://clerk.house.gov/evs/2017/roll025.xml</url>
          </link>
        </links>
      </item>
      <item>
        <actionTime>19:04:23</actionTime>
        <actionCode>8000</actionCode>
        <committee />
        <sourceSystem>
          <name>Library of Congress</name>
          <code>9</code>
        </sourceSystem>
        <type>Floor</type>
        <text>Passed/agreed to in House: On motion to suspend the rules and pass the bill Agreed to by the Yeas and Nays: (2/3 required): 404 - 0 (Roll no. 25).(text: CR H206-207)</text>
        <actionDate>2017-01-09</actionDate>
        <links>
          <link>
            <name>H206-207</name>
            <url>https://www.congress.gov/congressional-record/volume-163/house-section/page/H206-207</url>
          </link>
          <link>
            <name>Roll no. 25</name>
            <url>http://clerk.house.gov/evs/2017/roll025.xml</url>
          </link>
        </links>
      </item>
      <item>
        <actionTime>18:57:13</actionTime>
        <actionCode>H30000</actionCode>
        <committee />
        <sourceSystem>
          <name>House floor actions</name>
          <code>2</code>
        </sourceSystem>
        <type>Floor</type>
        <text>Considered as unfinished business. (consideration: CR H218)</text>
        <actionDate>2017-01-09</actionDate>
        <links>
          <link>
            <name>H218</name>
            <url>https://www.congress.gov/congressional-record/volume-163/house-section/page/H218</url>
          </link>
        </links>
      </item>
      <item>
        <actionTime>17:07:47</actionTime>
        <actionCode>H37220</actionCode>
        <committee />
        <sourceSystem>
          <name>House floor actions</name>
          <code>2</code>
        </sourceSystem>
        <type>Floor</type>
        <text>At the conclusion of debate, the Yeas and Nays were demanded and ordered. Pursuant to the provisions of clause 8, rule XX, the Chair announced that further proceedings on the motion would be postponed.</text>
        <actionDate>2017-01-09</actionDate>
        <links />
      </item>
      <item>
        <actionTime>17:00:49</actionTime>
        <actionCode>H8D000</actionCode>
        <committee />
        <sourceSystem>
          <name>House floor actions</name>
          <code>2</code>
        </sourceSystem>
        <type>Floor</type>
        <text>DEBATE - The House proceeded with forty minutes of debate on H.R. 304.</text>
        <actionDate>2017-01-09</actionDate>
        <links>
          <link>
            <name>H.R. 304</name>
            <url>https://www.congress.gov/bill/115th-congress/house-bill/304</url>
          </link>
        </links>
      </item>
      <item>
        <actionTime>17:00:45</actionTime>
        <actionCode>H30000</actionCode>
        <committee />
        <sourceSystem>
          <name>House floor actions</name>
          <code>2</code>
        </sourceSystem>
        <type>Floor</type>
        <text>Considered under suspension of the rules. (consideration: CR H206-208)</text>
        <actionDate>2017-01-09</actionDate>
        <links>
          <link>
            <name>H206-208</name>
            <url>https://www.congress.gov/congressional-record/volume-163/house-section/page/H206-208</url>
          </link>
        </links>
      </item>
      <item>
        <actionTime>17:00:37</actionTime>
        <actionCode>H30300</actionCode>
        <committee />
        <sourceSystem>
          <name>House floor actions</name>
          <code>2</code>
        </sourceSystem>
        <type>Floor</type>
        <text>Mr. Burgess moved to suspend the rules and pass the bill.</text>
        <actionDate>2017-01-09</actionDate>
        <links />
      </item>
      <item>
        <actionCode>H11100</actionCode>
        <committee>
          <name>Judiciary Committee</name>
          <systemCode>hsju00</systemCode>
        </committee>
        <sourceSystem>
          <name>House floor actions</name>
          <code>2</code>
        </sourceSystem>
        <type>IntroReferral</type>
        <text>Referred to the Committee on Energy and Commerce, and in addition to the Committee on the Judiciary, for a period to be subsequently determined by the Speaker, in each case for consideration of such provisions as fall within the jurisdiction of the committee concerned.</text>
        <actionDate>2017-01-05</actionDate>
        <links />
      </item>
      <item>
        <actionCode>H11100</actionCode>
        <committee>
          <name>Energy and Commerce Committee</name>
          <systemCode>hsif00</systemCode>
        </committee>
        <sourceSystem>
          <name>House floor actions</name>
          <code>2</code>
        </sourceSystem>
        <type>IntroReferral</type>
        <text>Referred to the Committee on Energy and Commerce, and in addition to the Committee on the Judiciary, for a period to be subsequently determined by the Speaker, in each case for consideration of such provisions as fall within the jurisdiction of the committee concerned.</text>
        <actionDate>2017-01-05</actionDate>
        <links />
      </item>
      <item>
        <actionCode>Intro-H</actionCode>
        <committee />
        <sourceSystem>
          <name>Library of Congress</name>
          <code>9</code>
        </sourceSystem>
        <type>IntroReferral</type>
        <text>Introduced in House</text>
        <actionDate>2017-01-05</actionDate>
        <links />
      </item>
      <item>
        <actionCode>1000</actionCode>
        <committee />
        <sourceSystem>
          <name>Library of Congress</name>
          <code>9</code>
        </sourceSystem>
        <type>IntroReferral</type>
        <text>Introduced in House</text>
        <actionDate>2017-01-05</actionDate>
        <links />
      </item>
      <actionTypeCounts>
        <introducedInTheHouse>1</introducedInTheHouse>
        <measureLaidBeforeSenate>1</measureLaidBeforeSenate>
        <voteOnHouseAgreeingToTheSenateAction>1</voteOnHouseAgreeingToTheSenateAction>
        <placeholderTextForH>2</placeholderTextForH>
        <motionToReconsiderResults>2</motionToReconsiderResults>
        <passedSenate>1</passedSenate>
        <passedAgreedToInSenate>1</passedAgreedToInSenate>
        <considerationByHouse>2</considerationByHouse>
        <finalPassageUnderSuspensionOfTheRulesResults>1</finalPassageUnderSuspensionOfTheRulesResults>
        <generalDebate>2</generalDebate>
        <referredToCommittee>1</referredToCommittee>
        <becamePublicLaw>2</becamePublicLaw>
        <motionMadeToSuspendTheRules>1</motionMadeToSuspendTheRules>
        <introducedInHouse>1</introducedInHouse>
        <committeeDischarged>1</committeeDischarged>
        <resolvingDifferencesHouseActions>1</resolvingDifferencesHouseActions>
        <placeholderTextForE>3</placeholderTextForE>
        <sentToHouse>1</sentToHouse>
        <presentedToPresident>1</presentedToPresident>
        <billReferrals>2</billReferrals>
        <passedAgreedToInHouse>1</passedAgreedToInHouse>
        <senateCommitteeDischarged>1</senateCommitteeDischarged>
      </actionTypeCounts>
    </actions>
    <congress>115</congress>
    <policyArea>
      <name>Health</name>
    </policyArea>
    <subjects>
      <billSubjects>
        <policyArea>
          <name>Health</name>
        </policyArea>
        <legislativeSubjects>
          <item>
            <name>Drug trafficking and controlled substances</name>
          </item>
          <item>
            <name>Emergency medical services and trauma care</name>
          </item>
          <item>
            <name>Health information and medical records</name>
          </item>
          <item>
            <name>Health personnel</name>
          </item>
          <item>
            <name>Licensing and registrations</name>
          </item>
        </legislativeSubjects>
      </billSubjects>
    </subjects>
    <introducedDate>2017-01-05</introducedDate>
    <laws>
      <item>
        <number>115-83</number>
        <type>Public Law</type>
      </item>
    </laws>
    <summaries>
      <billSummaries>
        <item>
          <actionDate>2017-01-05</actionDate>
          <actionDesc>Introduced in House</actionDesc>
          <text><![CDATA[<p><b>Protecting Patient Access to Emergency Medications Act of </b><b>2017</b></p> <p>This bill amends the Controlled Substances Act to direct the Drug Enforcement Administration (DEA) to register an emergency medical services (EMS) agency to administer controlled substances if the agency submits an application demonstrating that it is authorized to conduct such activity in the state in which the agency practices. The DEA may deny an application if it determines that the registration is inconsistent with the public interest.</p> <p>An EMS agency may obtain a single registration in each state instead of a separate registration for each location.</p> <p>A registered EMS agency may deliver, store, and receive controlled substances, subject to specified conditions.</p> <p>An EMS professional of a registered EMS agency may administer controlled substances in schedules II, III, IV, or V outside the physical presence of a medical director if such administration is authorized under state law and pursuant to a standing or verbal order, subject to specified conditions.</p> <p>The bill specifies that a hospital-based EMS agency (i.e., an EMS agency owned or operated by a hospital) may continue to administer controlled substances under the hospital's DEA registration. </p>]]></text>
          <name>Introduced in House</name>
          <updateDate>2017-01-05T05:00:00Z</updateDate>
          <lastSummaryUpdateDate>2017-05-17T14:38:35Z</lastSummaryUpdateDate>
          <versionCode>00</versionCode>
        </item>
        <item>
          <actionDate>2017-01-09</actionDate>
          <actionDesc>Passed House without amendment</actionDesc>
          <text><![CDATA[<p>(This measure has not been amended since it was introduced. The summary has been expanded because action occurred on the measure.)</p> <p><b>Protecting Patient Access to Emergency Medications Act of </b><b>2017</b></p> <p>(Sec. 2) This bill amends the Controlled Substances Act to direct the Drug Enforcement Administration (DEA) to register an emergency medical services (EMS) agency to administer controlled substances if the agency submits an application demonstrating that it is authorized to conduct such activity in the state in which the agency practices. The DEA may deny an application if it determines that the registration is inconsistent with the public interest.</p> <p>An EMS agency may obtain a single registration in each state instead of a separate registration for each location.</p> <p>A registered EMS agency may deliver, store, and receive controlled substances, subject to specified conditions.</p> <p>An EMS professional of a registered EMS agency may administer controlled substances in schedules II, III, IV, or V outside the physical presence of a medical director if such administration is authorized under state law and pursuant to a standing or verbal order, subject to specified conditions.</p> <p>The bill specifies that a hospital-based EMS agency (i.e., an EMS agency owned or operated by a hospital) may continue to administer controlled substances under the hospital's DEA registration. </p>]]></text>
          <name>Passed House without amendment</name>
          <updateDate>2017-01-09T13:41:57Z</updateDate>
          <lastSummaryUpdateDate>2017-05-22T19:06:07Z</lastSummaryUpdateDate>
          <versionCode>81</versionCode>
        </item>
        <item>
          <actionDate>2017-10-24</actionDate>
          <actionDesc>Passed Senate amended</actionDesc>
          <text><![CDATA[<p><b>Protecting Patient Access to Emergency Medications Act of </b><b>2017</b></p> <p>(Sec. 2) This bill amends the Controlled Substances Act to direct the Drug Enforcement Administration (DEA) to register an emergency medical services (EMS) agency to administer controlled substances if the agency submits an application demonstrating that it is authorized to conduct such activity in the state in which the agency practices. The DEA may deny an application if it determines that the registration is inconsistent with the public interest.</p> <p>An EMS agency may obtain a single registration in each state instead of a separate registration for each location.</p> <p>A registered EMS agency may deliver, store, and receive controlled substances, subject to specified conditions.</p> <p>An EMS professional of a registered EMS agency may administer controlled substances in schedules II, III, IV, or V outside the physical presence of a medical director if such administration is authorized under state law and pursuant to a standing or verbal order, subject to specified conditions.</p> <p>The bill specifies that a hospital-based EMS agency (i.e., an EMS agency owned or operated by a hospital) may continue to administer controlled substances under the hospital's DEA registration. </p>]]></text>
          <name>Passed Senate amended</name>
          <updateDate>2017-10-24T13:48:44Z</updateDate>
          <lastSummaryUpdateDate>2018-03-07T18:42:48Z</lastSummaryUpdateDate>
          <versionCode>35</versionCode>
        </item>
        <item>
          <actionDate>2017-11-02</actionDate>
          <actionDesc>House agreed to Senate amendment without amendment</actionDesc>
          <text><![CDATA[<p><b>Protecting Patient Access to Emergency Medications Act of </b><b>2017</b></p> <p>(Sec. 2) This bill amends the Controlled Substances Act to direct the Drug Enforcement Administration (DEA) to register an emergency medical services (EMS) agency to administer controlled substances if the agency submits an application demonstrating that it is authorized to conduct such activity in the state in which the agency practices. The DEA may deny an application if it determines that the registration is inconsistent with the public interest.</p> <p>An EMS agency may obtain a single registration in each state instead of a separate registration for each location.</p> <p>A registered EMS agency may deliver, store, and receive controlled substances, subject to specified conditions.</p> <p>An EMS professional of a registered EMS agency may administer controlled substances in schedules II, III, IV, or V outside the physical presence of a medical director if such administration is authorized under state law and pursuant to a standing or verbal order, subject to specified conditions.</p> <p>The bill specifies that a hospital-based EMS agency (i.e., an EMS agency owned or operated by a hospital) may continue to administer controlled substances under the hospital's DEA registration.</p>]]></text>
          <name>House agreed to Senate amendment without amendment</name>
          <updateDate>2017-11-02T18:26:27Z</updateDate>
          <lastSummaryUpdateDate>2018-03-09T15:56:42Z</lastSummaryUpdateDate>
          <versionCode>70</versionCode>
        </item>
        <item>
          <actionDate>2017-11-17</actionDate>
          <actionDesc>Public Law</actionDesc>
          <text><![CDATA[<p><b>Protecting Patient Access to Emergency Medications Act of </b><b>2017</b></p> <p>(Sec. 2) This bill amends the Controlled Substances Act to direct the Drug Enforcement Administration (DEA) to register an emergency medical services (EMS) agency to administer controlled substances if the agency submits an application demonstrating that it is authorized to conduct such activity in the state in which the agency practices. The DEA may deny an application if it determines that the registration is inconsistent with the public interest.</p> <p>An EMS agency may obtain a single registration in each state instead of a separate registration for each location.</p> <p>A registered EMS agency may deliver, store, and receive controlled substances, subject to specified conditions.</p> <p>An EMS professional of a registered EMS agency may administer controlled substances in schedules II, III, IV, or V outside the physical presence of a medical director if such administration is authorized under state law and pursuant to a standing or verbal order, subject to specified conditions.</p> <p>The bill specifies that a hospital-based EMS agency (i.e., an EMS agency owned or operated by a hospital) may continue to administer controlled substances under the hospital's DEA registration.</p>]]></text>
          <name>Public Law</name>
          <updateDate>2017-11-18T04:59:59Z</updateDate>
          <lastSummaryUpdateDate>2018-03-16T13:21:57Z</lastSummaryUpdateDate>
          <versionCode>49</versionCode>
        </item>
      </billSummaries>
    </summaries>
    <amendments>
      <amendment>
        <type>SAMDT</type>
        <number>1577</number>
        <description />
        <purpose>In the nature of substitute.</purpose>
        <congress>115</congress>
        <latestAction>
          <actionDate>2017-10-24</actionDate>
          <text>Amendment SA 1577 agreed to in Senate by Unanimous Consent.</text>
        </latestAction>
        <submittedDate>2017-10-24T04:00:00Z</submittedDate>
        <titles />
        <chamber>Senate</chamber>
        <amendedAmendment />
        <description />
        <notes />
        <sponsors>
          <item>
            <state>LA</state>
            <bioguideId>C001075</bioguideId>
            <fullName>Sen. Cassidy, Bill [R-LA]</fullName>
            <identifiers>
              <lisID>1925</lisID>
              <gpoId>7964</gpoId>
              <bioguideId>C001075</bioguideId>
            </identifiers>
            <middleName />
            <firstName>Bill</firstName>
            <lastName>Cassidy</lastName>
            <party>R</party>
          </item>
        </sponsors>
        <createDate>2017-10-25T05:01:20Z</createDate>
        <amendments>
          <count>0</count>
        </amendments>
        <version>1.0.0</version>
        <number>1577</number>
        <proposedDate>2017-10-24T04:00:00Z</proposedDate>
        <congress>115</congress>
        <amendedBill>
          <title>Protecting Patient Access to Emergency Medications Act of 2017</title>
          <originChamberCode>H</originChamberCode>
          <number>304</number>
          <type>HR</type>
          <originChamber>House</originChamber>
          <congress>115</congress>
        </amendedBill>
        <cosponsors>
          <item>
            <state>CO</state>
            <lastName>Bennet</lastName>
            <middleName>F.</middleName>
            <fullName>Sen. Bennet, Michael F. [D-CO]</fullName>
            <sponsorshipDate>2017-10-24</sponsorshipDate>
            <firstName>Michael</firstName>
            <party>D</party>
            <isOriginalCosponsor>True</isOriginalCosponsor>
            <sponsorshipWithdrawnDate />
            <identifiers>
              <gpoId>8302</gpoId>
              <lisID>1965</lisID>
              <bioguideId>B001267</bioguideId>
            </identifiers>
            <bioguideId>B001267</bioguideId>
          </item>
          <item>
            <state>MO</state>
            <lastName>Blunt</lastName>
            <middleName />
            <fullName>Sen. Blunt, Roy [R-MO]</fullName>
            <sponsorshipDate>2017-10-24</sponsorshipDate>
            <firstName>Roy</firstName>
            <party>R</party>
            <isOriginalCosponsor>True</isOriginalCosponsor>
            <sponsorshipWithdrawnDate />
            <identifiers>
              <bioguideId>B000575</bioguideId>
              <gpoId>8313</gpoId>
              <lisID>1464</lisID>
            </identifiers>
            <bioguideId>B000575</bioguideId>
          </item>
          <item>
            <state>MN</state>
            <lastName>Franken</lastName>
            <middleName />
            <fullName>Sen. Franken, Al [D-MN]</fullName>
            <sponsorshipDate>2017-10-24</sponsorshipDate>
            <firstName>Al</firstName>
            <party>D</party>
            <isOriginalCosponsor>True</isOriginalCosponsor>
            <sponsorshipWithdrawnDate />
            <identifiers>
              <lisID>1969</lisID>
              <gpoId>8339</gpoId>
              <bioguideId>F000457</bioguideId>
            </identifiers>
            <bioguideId>F000457</bioguideId>
          </item>
          <totalCount>3</totalCount>
          <currentCount>3</currentCount>
        </cosponsors>
        <links />
        <updateDate>2018-03-30T13:59:00Z</updateDate>
        <actions>
          <actionTypeCounts>
            <amendmentProposed>1</amendmentProposed>
            <senateAmendmentSubmitted>1</senateAmendmentSubmitted>
            <amendmentAgreedTo>1</amendmentAgreedTo>
            <senateAmendmentAgreedTo>1</senateAmendmentAgreedTo>
            <senateAmendmentProposedOnTheFloor>1</senateAmendmentProposedOnTheFloor>
          </actionTypeCounts>
          <actions>
            <item>
              <actionDate>2017-10-24</actionDate>
              <committee />
              <links>
                <link>
                  <name>S.Amdt.1577</name>
                  <url>https://www.congress.gov/amendment/115th-congress/senate-amendment/1577</url>
                </link>
                <link>
                  <name>SA 1577</name>
                  <url>https://www.congress.gov/amendment/115th-congress/senate-amendment/1577</url>
                </link>
              </links>
              <sourceSystem>
                <code>0</code>
                <name>Senate</name>
              </sourceSystem>
              <text>Amendment SA 1577 agreed to in Senate by Unanimous Consent.</text>
              <type>Floor</type>
            </item>
            <item>
              <actionDate>2017-10-24</actionDate>
              <committee />
              <links>
                <link>
                  <name>S.Amdt.1577</name>
                  <url>https://www.congress.gov/amendment/115th-congress/senate-amendment/1577</url>
                </link>
                <link>
                  <name>S6773</name>
                  <url>https://www.congress.gov/congressional-record/volume-163/senate-section/page/S6773</url>
                </link>
                <link>
                  <name>SA 1577</name>
                  <url>https://www.congress.gov/amendment/115th-congress/senate-amendment/1577</url>
                </link>
              </links>
              <sourceSystem>
                <code>0</code>
                <name>Senate</name>
              </sourceSystem>
              <text>Amendment SA 1577 proposed by Senator McConnell for Senator Cassidy. (consideration: CR S6773) In the nature of substitute.</text>
              <type>Floor</type>
            </item>
            <item>
              <actionDate>2017-10-24</actionDate>
              <committee />
              <links />
              <text />
            </item>
            <item>
              <text>Senate amendment proposed (on the floor): Amendment SA 1577 proposed by Senator McConnell for Senator Cassidy.(consideration: CR S6773)</text>
              <type>Floor</type>
              <actionDate>2017-10-24</actionDate>
              <links>
                <link>
                  <name>S.Amdt.1577</name>
                  <url>https://www.congress.gov/amendment/115th-congress/senate-amendment/1577</url>
                </link>
                <link>
                  <name>S6773</name>
                  <url>https://www.congress.gov/congressional-record/volume-163/senate-section/page/S6773</url>
                </link>
                <link>
                  <name>SA 1577</name>
                  <url>https://www.congress.gov/amendment/115th-congress/senate-amendment/1577</url>
                </link>
              </links>
              <committee />
              <sourceSystem>
                <code>9</code>
                <name>Library of Congress</name>
              </sourceSystem>
              <actionCode>93000</actionCode>
            </item>
            <item>
              <text>Senate amendment agreed to: Amendment SA 1577 agreed to in Senate by Unanimous Consent.</text>
              <type>Floor</type>
              <actionDate>2017-10-24</actionDate>
              <links>
                <link>
                  <name>S.Amdt.1577</name>
                  <url>https://www.congress.gov/amendment/115th-congress/senate-amendment/1577</url>
                </link>
                <link>
                  <name>SA 1577</name>
                  <url>https://www.congress.gov/amendment/115th-congress/senate-amendment/1577</url>
                </link>
              </links>
              <committee />
              <sourceSystem>
                <code>9</code>
                <name>Library of Congress</name>
              </sourceSystem>
              <actionCode>94000</actionCode>
            </item>
            <item>
              <text>Senate amendment submitted</text>
              <type>Floor</type>
              <actionDate>2017-10-24</actionDate>
              <links />
              <committee />
              <sourceSystem>
                <code>9</code>
                <name>Library of Congress</name>
              </sourceSystem>
              <actionCode>91000</actionCode>
            </item>
          </actions>
          <actionByCounts>
            <senate>5</senate>
          </actionByCounts>
          <count>6</count>
        </actions>
        <purpose>In the nature of substitute.</purpose>
        <type>SAMDT</type>
      </amendment>
    </amendments>
    <version>1.0.0</version>
    <title>Protecting Patient Access to Emergency Medications Act of 2017</title>
    <calendarNumbers />
    <updateDate>2018-03-30T13:59:00Z</updateDate>
    <relatedBills>
      <item>
        <type>S</type>
        <latestAction>
          <actionDate>2017-05-01</actionDate>
          <text>Placed on Senate Legislative Calendar under General Orders. Calendar No. 46.</text>
        </latestAction>
        <number>916</number>
        <congress>115</congress>
        <relationshipDetails>
          <item>
            <type>Related bill</type>
            <identifiedBy>CRS</identifiedBy>
          </item>
        </relationshipDetails>
        <latestTitle>Protecting Patient Access to Emergency Medications Act of 2017</latestTitle>
      </item>
    </relatedBills>
  </bill>
  <dublinCore xmlns:dc="http://purl.org/dc/elements/1.1/">
    <dc:format>text/xml</dc:format>
    <dc:language>EN</dc:language>
    <dc:rights>Pursuant to Title 17 Section 105 of the United States Code, this file is not subject to copyright protection and is in the public domain.</dc:rights>
    <dc:contributor>Congressional Research Service, Library of Congress</dc:contributor>
    <dc:description>This file contains bill summaries and statuses for federal legislation. A bill summary describes the most significant provisions of a piece of legislation and details the effects the legislative text may have on current law and federal programs. Bill summaries are authored by the Congressional Research Service (CRS) of the Library of Congress. As stated in Public Law 91-510 (2 USC 166 (d)(6)), one of the duties of CRS is "to prepare summaries and digests of bills and resolutions of a public general nature introduced in the Senate or House of Representatives". For more information, refer to the User Guide that accompanies this file.</dc:description>
  </dublinCore>
</billStatus>

