<?xml version="1.0" encoding="UTF-8"?>
<billStatus>
  <bill>
    <titles>
      <item>
        <chamberCode />
        <titleType>Short Titles as Introduced</titleType>
        <title>All-Year ACCESS Act</title>
        <parentTitleType />
        <chamberName />
      </item>
      <item>
        <chamberCode />
        <titleType>Short Titles as Introduced</titleType>
        <title>Affordability for Constant and Continual Education to Enhance Student Success Act</title>
        <parentTitleType />
        <chamberName />
      </item>
      <item>
        <chamberCode />
        <titleType>Official Title as Introduced</titleType>
        <title>To restore access to year-round Federal Pell Grants.</title>
        <parentTitleType />
        <chamberName />
      </item>
      <item>
        <chamberCode />
        <titleType>Display Title</titleType>
        <title>All-Year ACCESS Act</title>
        <parentTitleType />
        <chamberName />
      </item>
      <item>
        <chamberCode />
        <titleType>(Extracted from GPO) Short Titles as Introduced</titleType>
        <title>All-Year ACCESS Act</title>
        <parentTitleType />
        <chamberName />
      </item>
      <item>
        <chamberCode />
        <titleType>(Extracted from GPO) Short Titles as Introduced</titleType>
        <title>Affordability for Constant and Continual Education to Enhance Student Success Act</title>
        <parentTitleType />
        <chamberName />
      </item>
    </titles>
    <policyArea>
      <name>Education</name>
    </policyArea>
    <amendments />
    <billNumber>813</billNumber>
    <version>1.0.0</version>
    <congress>115</congress>
    <calendarNumbers />
    <createDate>2017-02-02T05:28:45Z</createDate>
    <updateDate>2018-03-30T14:01:24Z</updateDate>
    <latestAction>
      <actionDate>2017-02-01</actionDate>
      <links />
      <text>Referred to the House Committee on Education and the Workforce.</text>
    </latestAction>
    <laws />
    <sponsors>
      <item>
        <fullName>Rep. Sanchez, Linda T. [D-CA-38]</fullName>
        <bioguideId>S001156</bioguideId>
        <lastName>SANCHEZ</lastName>
        <byRequestType />
        <firstName>LINDA</firstName>
        <district>38</district>
        <state>CA</state>
        <middleName>T.</middleName>
        <party>D</party>
        <identifiers>
          <lisID>1757</lisID>
          <gpoId>7844</gpoId>
          <bioguideId>S001156</bioguideId>
        </identifiers>
      </item>
    </sponsors>
    <originChamber>House</originChamber>
    <constitutionalAuthorityStatementText><![CDATA[<pre>From the Congressional Record Online through the Government Publishing Office [<a href='http://www.gpo.gov'>www.gpo.gov</a>]By Ms. SANCHEZ:H.R. 813.Congress has the power to enact this legislation pursuantto the following:Article One, section 8, clause 18:Congress shall have Power--To make all Laws which shall benecessary and proper for carrying into Execution theforegoing Powers, and all other Powers vested by thisConstitution in the Government of the United States, or inany Department of Officer thereof.[Page H878]</pre>]]></constitutionalAuthorityStatementText>
    <cosponsors>
      <item>
        <sponsorshipDate>2017-02-01</sponsorshipDate>
        <state>CA</state>
        <lastName>ROYBAL-ALLARD</lastName>
        <firstName>LUCILLE</firstName>
        <sponsorshipWithdrawnDate />
        <middleName />
        <identifiers>
          <lisID>997</lisID>
          <gpoId>7839</gpoId>
          <bioguideId>R000486</bioguideId>
        </identifiers>
        <fullName>Rep. Roybal-Allard, Lucille [D-CA-40]</fullName>
        <bioguideId>R000486</bioguideId>
        <isOriginalCosponsor>True</isOriginalCosponsor>
        <district>40</district>
        <party>D</party>
      </item>
      <item>
        <sponsorshipDate>2017-02-01</sponsorshipDate>
        <state>OR</state>
        <lastName>BLUMENAUER</lastName>
        <firstName>EARL</firstName>
        <sponsorshipWithdrawnDate />
        <middleName />
        <identifiers>
          <gpoId>8116</gpoId>
          <bioguideId>B000574</bioguideId>
          <lisID>99</lisID>
        </identifiers>
        <fullName>Rep. Blumenauer, Earl [D-OR-3]</fullName>
        <bioguideId>B000574</bioguideId>
        <isOriginalCosponsor>True</isOriginalCosponsor>
        <district>3</district>
        <party>D</party>
      </item>
      <item>
        <sponsorshipDate>2017-02-01</sponsorshipDate>
        <state>AZ</state>
        <lastName>Sinema</lastName>
        <firstName>Kyrsten</firstName>
        <sponsorshipWithdrawnDate />
        <middleName />
        <identifiers>
          <bioguideId>S001191</bioguideId>
          <lisID>2099</lisID>
          <gpoId />
        </identifiers>
        <fullName>Rep. Sinema, Kyrsten [D-AZ-9]</fullName>
        <bioguideId>S001191</bioguideId>
        <isOriginalCosponsor>True</isOriginalCosponsor>
        <district>9</district>
        <party>D</party>
      </item>
      <item>
        <sponsorshipDate>2017-02-01</sponsorshipDate>
        <state>NY</state>
        <lastName>NADLER</lastName>
        <firstName>JERROLD</firstName>
        <sponsorshipWithdrawnDate />
        <middleName />
        <identifiers>
          <bioguideId>N000002</bioguideId>
          <gpoId>8069</gpoId>
          <lisID>850</lisID>
        </identifiers>
        <fullName>Rep. Nadler, Jerrold [D-NY-10]</fullName>
        <bioguideId>N000002</bioguideId>
        <isOriginalCosponsor>True</isOriginalCosponsor>
        <district>10</district>
        <party>D</party>
      </item>
      <item>
        <sponsorshipDate>2017-02-01</sponsorshipDate>
        <state>CA</state>
        <lastName>Takano</lastName>
        <firstName>Mark</firstName>
        <sponsorshipWithdrawnDate />
        <middleName />
        <identifiers>
          <gpoId />
          <lisID>2110</lisID>
          <bioguideId>T000472</bioguideId>
        </identifiers>
        <fullName>Rep. Takano, Mark [D-CA-41]</fullName>
        <bioguideId>T000472</bioguideId>
        <isOriginalCosponsor>True</isOriginalCosponsor>
        <district>41</district>
        <party>D</party>
      </item>
      <item>
        <sponsorshipDate>2017-02-01</sponsorshipDate>
        <state>WA</state>
        <lastName>LARSEN</lastName>
        <firstName>RICK</firstName>
        <sponsorshipWithdrawnDate />
        <middleName />
        <identifiers>
          <lisID>1675</lisID>
          <gpoId>8206</gpoId>
          <bioguideId>L000560</bioguideId>
        </identifiers>
        <fullName>Rep. Larsen, Rick [D-WA-2]</fullName>
        <bioguideId>L000560</bioguideId>
        <isOriginalCosponsor>True</isOriginalCosponsor>
        <district>2</district>
        <party>D</party>
      </item>
      <item>
        <sponsorshipDate>2017-02-01</sponsorshipDate>
        <state>MN</state>
        <lastName>NOLAN</lastName>
        <firstName>RICHARD</firstName>
        <sponsorshipWithdrawnDate />
        <middleName />
        <identifiers>
          <bioguideId>N000127</bioguideId>
          <gpoId />
          <lisID>867</lisID>
        </identifiers>
        <fullName>Rep. Nolan, Richard M. [D-MN-8]</fullName>
        <bioguideId>N000127</bioguideId>
        <isOriginalCosponsor>True</isOriginalCosponsor>
        <district>8</district>
        <party>D</party>
      </item>
      <item>
        <sponsorshipDate>2017-02-01</sponsorshipDate>
        <state>FL</state>
        <lastName>Soto</lastName>
        <firstName>Darren</firstName>
        <sponsorshipWithdrawnDate />
        <middleName />
        <identifiers>
          <lisID>2319</lisID>
          <gpoId />
          <bioguideId>S001200</bioguideId>
        </identifiers>
        <fullName>Rep. Soto, Darren [D-FL-9]</fullName>
        <bioguideId>S001200</bioguideId>
        <isOriginalCosponsor>True</isOriginalCosponsor>
        <district>9</district>
        <party>D</party>
      </item>
      <item>
        <sponsorshipDate>2017-02-01</sponsorshipDate>
        <state>CO</state>
        <lastName>Polis</lastName>
        <firstName>Jared</firstName>
        <sponsorshipWithdrawnDate />
        <middleName />
        <identifiers>
          <lisID>1910</lisID>
          <gpoId>7860</gpoId>
          <bioguideId>P000598</bioguideId>
        </identifiers>
        <fullName>Rep. Polis, Jared [D-CO-2]</fullName>
        <bioguideId>P000598</bioguideId>
        <isOriginalCosponsor>True</isOriginalCosponsor>
        <district>2</district>
        <party>D</party>
      </item>
      <item>
        <sponsorshipDate>2017-02-01</sponsorshipDate>
        <state>RI</state>
        <lastName>Cicilline</lastName>
        <firstName>David</firstName>
        <sponsorshipWithdrawnDate />
        <middleName>N.</middleName>
        <identifiers>
          <lisID>2055</lisID>
          <gpoId>8139</gpoId>
          <bioguideId>C001084</bioguideId>
        </identifiers>
        <fullName>Rep. Cicilline, David N. [D-RI-1]</fullName>
        <bioguideId>C001084</bioguideId>
        <isOriginalCosponsor>True</isOriginalCosponsor>
        <district>1</district>
        <party>D</party>
      </item>
      <item>
        <sponsorshipDate>2017-02-01</sponsorshipDate>
        <state>ME</state>
        <lastName>Pingree</lastName>
        <firstName>Chellie</firstName>
        <sponsorshipWithdrawnDate />
        <middleName />
        <identifiers>
          <gpoId>7984</gpoId>
          <lisID>1927</lisID>
          <bioguideId>P000597</bioguideId>
        </identifiers>
        <fullName>Rep. Pingree, Chellie [D-ME-1]</fullName>
        <bioguideId>P000597</bioguideId>
        <isOriginalCosponsor>True</isOriginalCosponsor>
        <district>1</district>
        <party>D</party>
      </item>
      <item>
        <sponsorshipDate>2017-02-01</sponsorshipDate>
        <state>TX</state>
        <lastName>Vela</lastName>
        <firstName>Filemon</firstName>
        <sponsorshipWithdrawnDate />
        <middleName />
        <identifiers>
          <lisID>2167</lisID>
          <gpoId />
          <bioguideId>V000132</bioguideId>
        </identifiers>
        <fullName>Rep. Vela, Filemon [D-TX-34]</fullName>
        <bioguideId>V000132</bioguideId>
        <isOriginalCosponsor>True</isOriginalCosponsor>
        <district>34</district>
        <party>D</party>
      </item>
      <item>
        <sponsorshipDate>2017-02-01</sponsorshipDate>
        <state>FL</state>
        <lastName>Castor</lastName>
        <firstName>Kathy</firstName>
        <sponsorshipWithdrawnDate />
        <middleName />
        <identifiers>
          <gpoId>7883</gpoId>
          <bioguideId>C001066</bioguideId>
          <lisID>1839</lisID>
        </identifiers>
        <fullName>Rep. Castor, Kathy [D-FL-14]</fullName>
        <bioguideId>C001066</bioguideId>
        <isOriginalCosponsor>True</isOriginalCosponsor>
        <district>14</district>
        <party>D</party>
      </item>
      <item>
        <sponsorshipDate>2017-02-01</sponsorshipDate>
        <state>TX</state>
        <lastName>Gonzalez</lastName>
        <firstName>Vicente</firstName>
        <sponsorshipWithdrawnDate />
        <middleName />
        <identifiers>
          <lisID>2349</lisID>
          <gpoId />
          <bioguideId>G000581</bioguideId>
        </identifiers>
        <fullName>Rep. Gonzalez, Vicente [D-TX-15]</fullName>
        <bioguideId>G000581</bioguideId>
        <isOriginalCosponsor>True</isOriginalCosponsor>
        <district>15</district>
        <party>D</party>
      </item>
      <item>
        <sponsorshipDate>2017-02-01</sponsorshipDate>
        <state>CA</state>
        <lastName>Chu</lastName>
        <firstName>Judy</firstName>
        <sponsorshipWithdrawnDate />
        <middleName />
        <identifiers>
          <lisID>1970</lisID>
          <gpoId>7837</gpoId>
          <bioguideId>C001080</bioguideId>
        </identifiers>
        <fullName>Rep. Chu, Judy [D-CA-27]</fullName>
        <bioguideId>C001080</bioguideId>
        <isOriginalCosponsor>True</isOriginalCosponsor>
        <district>27</district>
        <party>D</party>
      </item>
      <item>
        <sponsorshipDate>2017-02-01</sponsorshipDate>
        <state>CA</state>
        <lastName>Garamendi</lastName>
        <firstName>John</firstName>
        <sponsorshipWithdrawnDate />
        <middleName />
        <identifiers>
          <bioguideId>G000559</bioguideId>
          <gpoId>7815</gpoId>
          <lisID>1973</lisID>
        </identifiers>
        <fullName>Rep. Garamendi, John [D-CA-3]</fullName>
        <bioguideId>G000559</bioguideId>
        <isOriginalCosponsor>True</isOriginalCosponsor>
        <district>3</district>
        <party>D</party>
      </item>
      <item>
        <sponsorshipDate>2017-02-01</sponsorshipDate>
        <state>CA</state>
        <lastName>Torres</lastName>
        <firstName>Norma</firstName>
        <sponsorshipWithdrawnDate />
        <middleName>J.</middleName>
        <identifiers>
          <lisID>2231</lisID>
          <gpoId />
          <bioguideId>T000474</bioguideId>
        </identifiers>
        <fullName>Rep. Torres, Norma J. [D-CA-35]</fullName>
        <bioguideId>T000474</bioguideId>
        <isOriginalCosponsor>True</isOriginalCosponsor>
        <district>35</district>
        <party>D</party>
      </item>
      <item>
        <sponsorshipDate>2017-02-01</sponsorshipDate>
        <state>CA</state>
        <lastName>Swalwell</lastName>
        <firstName>Eric</firstName>
        <sponsorshipWithdrawnDate />
        <middleName />
        <identifiers>
          <bioguideId>S001193</bioguideId>
          <lisID>2104</lisID>
          <gpoId />
        </identifiers>
        <fullName>Rep. Swalwell, Eric [D-CA-15]</fullName>
        <bioguideId>S001193</bioguideId>
        <isOriginalCosponsor>True</isOriginalCosponsor>
        <district>15</district>
        <party>D</party>
      </item>
      <item>
        <sponsorshipDate>2017-02-01</sponsorshipDate>
        <state>CA</state>
        <lastName>DeSaulnier</lastName>
        <firstName>Mark</firstName>
        <sponsorshipWithdrawnDate />
        <middleName />
        <identifiers>
          <lisID>2227</lisID>
          <gpoId />
          <bioguideId>D000623</bioguideId>
        </identifiers>
        <fullName>Rep. DeSaulnier, Mark [D-CA-11]</fullName>
        <bioguideId>D000623</bioguideId>
        <isOriginalCosponsor>True</isOriginalCosponsor>
        <district>11</district>
        <party>D</party>
      </item>
      <item>
        <sponsorshipDate>2017-02-01</sponsorshipDate>
        <state>AZ</state>
        <lastName>Grijalva</lastName>
        <firstName>Raul</firstName>
        <sponsorshipWithdrawnDate />
        <middleName>M.</middleName>
        <identifiers>
          <bioguideId>G000551</bioguideId>
          <gpoId>7804</gpoId>
          <lisID>1708</lisID>
        </identifiers>
        <fullName>Rep. Grijalva, Raul M. [D-AZ-3]</fullName>
        <bioguideId>G000551</bioguideId>
        <isOriginalCosponsor>True</isOriginalCosponsor>
        <district>3</district>
        <party>D</party>
      </item>
      <item>
        <sponsorshipDate>2017-02-01</sponsorshipDate>
        <state>CA</state>
        <lastName>Aguilar</lastName>
        <firstName>Pete</firstName>
        <sponsorshipWithdrawnDate />
        <middleName />
        <identifiers>
          <bioguideId>A000371</bioguideId>
          <gpoId />
          <lisID>2229</lisID>
        </identifiers>
        <fullName>Rep. Aguilar, Pete [D-CA-31]</fullName>
        <bioguideId>A000371</bioguideId>
        <isOriginalCosponsor>True</isOriginalCosponsor>
        <district>31</district>
        <party>D</party>
      </item>
      <item>
        <sponsorshipDate>2017-02-01</sponsorshipDate>
        <state>TX</state>
        <lastName>JOHNSON</lastName>
        <firstName>EDDIE</firstName>
        <sponsorshipWithdrawnDate />
        <middleName>BERNICE</middleName>
        <identifiers>
          <lisID>599</lisID>
          <gpoId>8186</gpoId>
          <bioguideId>J000126</bioguideId>
        </identifiers>
        <fullName>Rep. Johnson, Eddie Bernice [D-TX-30]</fullName>
        <bioguideId>J000126</bioguideId>
        <isOriginalCosponsor>True</isOriginalCosponsor>
        <district>30</district>
        <party>D</party>
      </item>
      <item>
        <sponsorshipDate>2017-02-01</sponsorshipDate>
        <state>CT</state>
        <lastName>Himes</lastName>
        <firstName>James</firstName>
        <sponsorshipWithdrawnDate />
        <middleName>A.</middleName>
        <identifiers>
          <lisID>1913</lisID>
          <gpoId>7869</gpoId>
          <bioguideId>H001047</bioguideId>
        </identifiers>
        <fullName>Rep. Himes, James A. [D-CT-4]</fullName>
        <bioguideId>H001047</bioguideId>
        <isOriginalCosponsor>True</isOriginalCosponsor>
        <district>4</district>
        <party>D</party>
      </item>
      <item>
        <sponsorshipDate>2017-02-01</sponsorshipDate>
        <state>NC</state>
        <lastName>Adams</lastName>
        <firstName>Alma</firstName>
        <sponsorshipWithdrawnDate />
        <middleName>S.</middleName>
        <identifiers>
          <gpoId />
          <lisID>2201</lisID>
          <bioguideId>A000370</bioguideId>
        </identifiers>
        <fullName>Rep. Adams, Alma S. [D-NC-12]</fullName>
        <bioguideId>A000370</bioguideId>
        <isOriginalCosponsor>True</isOriginalCosponsor>
        <district>12</district>
        <party>D</party>
      </item>
      <item>
        <sponsorshipDate>2017-02-01</sponsorshipDate>
        <state>RI</state>
        <lastName>LANGEVIN</lastName>
        <firstName>JAMES</firstName>
        <sponsorshipWithdrawnDate />
        <middleName>R.</middleName>
        <identifiers>
          <lisID>1668</lisID>
          <gpoId>8140</gpoId>
          <bioguideId>L000559</bioguideId>
        </identifiers>
        <fullName>Rep. Langevin, James R. [D-RI-2]</fullName>
        <bioguideId>L000559</bioguideId>
        <isOriginalCosponsor>True</isOriginalCosponsor>
        <district>2</district>
        <party>D</party>
      </item>
      <item>
        <sponsorshipDate>2017-02-01</sponsorshipDate>
        <state>CA</state>
        <lastName>McNerney</lastName>
        <firstName>Jerry</firstName>
        <sponsorshipWithdrawnDate />
        <middleName />
        <identifiers>
          <lisID>1832</lisID>
          <gpoId>7816</gpoId>
          <bioguideId>M001166</bioguideId>
        </identifiers>
        <fullName>Rep. McNerney, Jerry [D-CA-9]</fullName>
        <bioguideId>M001166</bioguideId>
        <isOriginalCosponsor>True</isOriginalCosponsor>
        <district>9</district>
        <party>D</party>
      </item>
      <item>
        <sponsorshipDate>2017-02-01</sponsorshipDate>
        <state>NH</state>
        <lastName>Shea-Porter</lastName>
        <firstName>Carol</firstName>
        <sponsorshipWithdrawnDate />
        <middleName />
        <identifiers>
          <lisID>1861</lisID>
          <gpoId>7528</gpoId>
          <bioguideId>S001170</bioguideId>
        </identifiers>
        <fullName>Rep. Shea-Porter, Carol [D-NH-1]</fullName>
        <bioguideId>S001170</bioguideId>
        <isOriginalCosponsor>True</isOriginalCosponsor>
        <district>1</district>
        <party>D</party>
      </item>
      <item>
        <sponsorshipDate>2017-02-01</sponsorshipDate>
        <state>FL</state>
        <lastName>Wilson</lastName>
        <firstName>Frederica</firstName>
        <sponsorshipWithdrawnDate />
        <middleName>S.</middleName>
        <identifiers>
          <lisID>2004</lisID>
          <gpoId>7889</gpoId>
          <bioguideId>W000808</bioguideId>
        </identifiers>
        <fullName>Rep. Wilson, Frederica S. [D-FL-24]</fullName>
        <bioguideId>W000808</bioguideId>
        <isOriginalCosponsor>True</isOriginalCosponsor>
        <district>24</district>
        <party>D</party>
      </item>
      <item>
        <sponsorshipDate>2017-02-01</sponsorshipDate>
        <state>CA</state>
        <lastName>Peters</lastName>
        <firstName>Scott</firstName>
        <sponsorshipWithdrawnDate />
        <middleName>H.</middleName>
        <identifiers>
          <lisID>2113</lisID>
          <gpoId />
          <bioguideId>P000608</bioguideId>
        </identifiers>
        <fullName>Rep. Peters, Scott H. [D-CA-52]</fullName>
        <bioguideId>P000608</bioguideId>
        <isOriginalCosponsor>True</isOriginalCosponsor>
        <district>52</district>
        <party>D</party>
      </item>
      <item>
        <sponsorshipDate>2017-02-01</sponsorshipDate>
        <state>VA</state>
        <lastName>Beyer</lastName>
        <firstName>Donald</firstName>
        <sponsorshipWithdrawnDate />
        <middleName>S.</middleName>
        <identifiers>
          <lisID>2272</lisID>
          <gpoId />
          <bioguideId>B001292</bioguideId>
        </identifiers>
        <fullName>Rep. Beyer, Donald S., Jr. [D-VA-8]</fullName>
        <bioguideId>B001292</bioguideId>
        <isOriginalCosponsor>True</isOriginalCosponsor>
        <district>8</district>
        <party>D</party>
      </item>
      <item>
        <sponsorshipDate>2017-02-01</sponsorshipDate>
        <state>IL</state>
        <lastName>Lipinski</lastName>
        <firstName>Daniel</firstName>
        <sponsorshipWithdrawnDate />
        <middleName>William</middleName>
        <identifiers>
          <lisID>1781</lisID>
          <gpoId>7923</gpoId>
          <bioguideId>L000563</bioguideId>
        </identifiers>
        <fullName>Rep. Lipinski, Daniel [D-IL-3]</fullName>
        <bioguideId>L000563</bioguideId>
        <isOriginalCosponsor>True</isOriginalCosponsor>
        <district>3</district>
        <party>D</party>
      </item>
      <item>
        <sponsorshipDate>2017-02-01</sponsorshipDate>
        <state>CT</state>
        <lastName>Courtney</lastName>
        <firstName>Joe</firstName>
        <sponsorshipWithdrawnDate />
        <middleName />
        <identifiers>
          <bioguideId>C001069</bioguideId>
          <gpoId>7867</gpoId>
          <lisID>1836</lisID>
        </identifiers>
        <fullName>Rep. Courtney, Joe [D-CT-2]</fullName>
        <bioguideId>C001069</bioguideId>
        <isOriginalCosponsor>True</isOriginalCosponsor>
        <district>2</district>
        <party>D</party>
      </item>
      <item>
        <sponsorshipDate>2017-02-01</sponsorshipDate>
        <state>CA</state>
        <lastName>LEE</lastName>
        <firstName>BARBARA</firstName>
        <sponsorshipWithdrawnDate />
        <middleName />
        <identifiers>
          <lisID>1501</lisID>
          <gpoId>7814</gpoId>
          <bioguideId>L000551</bioguideId>
        </identifiers>
        <fullName>Rep. Lee, Barbara [D-CA-13]</fullName>
        <bioguideId>L000551</bioguideId>
        <isOriginalCosponsor>True</isOriginalCosponsor>
        <district>13</district>
        <party>D</party>
      </item>
      <item>
        <sponsorshipDate>2017-02-01</sponsorshipDate>
        <state>CA</state>
        <lastName>Lowenthal</lastName>
        <firstName>Alan</firstName>
        <sponsorshipWithdrawnDate />
        <middleName>S.</middleName>
        <identifiers>
          <bioguideId>L000579</bioguideId>
          <gpoId />
          <lisID>2111</lisID>
        </identifiers>
        <fullName>Rep. Lowenthal, Alan S. [D-CA-47]</fullName>
        <bioguideId>L000579</bioguideId>
        <isOriginalCosponsor>True</isOriginalCosponsor>
        <district>47</district>
        <party>D</party>
      </item>
      <item>
        <sponsorshipDate>2017-02-01</sponsorshipDate>
        <state>TX</state>
        <lastName>Green</lastName>
        <firstName>Al</firstName>
        <sponsorshipWithdrawnDate />
        <middleName />
        <identifiers>
          <gpoId>8165</gpoId>
          <bioguideId>G000553</bioguideId>
          <lisID>1803</lisID>
        </identifiers>
        <fullName>Rep. Green, Al [D-TX-9]</fullName>
        <bioguideId>G000553</bioguideId>
        <isOriginalCosponsor>True</isOriginalCosponsor>
        <district>9</district>
        <party>D</party>
      </item>
      <item>
        <sponsorshipDate>2017-02-01</sponsorshipDate>
        <state>MI</state>
        <lastName>Kildee</lastName>
        <firstName>Daniel</firstName>
        <sponsorshipWithdrawnDate />
        <middleName>T.</middleName>
        <identifiers>
          <gpoId />
          <bioguideId>K000380</bioguideId>
          <lisID>2134</lisID>
        </identifiers>
        <fullName>Rep. Kildee, Daniel T. [D-MI-5]</fullName>
        <bioguideId>K000380</bioguideId>
        <isOriginalCosponsor>True</isOriginalCosponsor>
        <district>5</district>
        <party>D</party>
      </item>
      <item>
        <sponsorshipDate>2017-02-01</sponsorshipDate>
        <state>NY</state>
        <lastName>Maloney</lastName>
        <firstName>Sean</firstName>
        <sponsorshipWithdrawnDate />
        <middleName>Patrick</middleName>
        <identifiers>
          <gpoId />
          <bioguideId>M001185</bioguideId>
          <lisID>2150</lisID>
        </identifiers>
        <fullName>Rep. Maloney, Sean Patrick [D-NY-18]</fullName>
        <bioguideId>M001185</bioguideId>
        <isOriginalCosponsor>True</isOriginalCosponsor>
        <district>18</district>
        <party>D</party>
      </item>
      <item>
        <sponsorshipDate>2017-02-01</sponsorshipDate>
        <state>WI</state>
        <lastName>Moore</lastName>
        <firstName>Gwen</firstName>
        <sponsorshipWithdrawnDate />
        <middleName />
        <identifiers>
          <gpoId>8217</gpoId>
          <bioguideId>M001160</bioguideId>
          <lisID>1811</lisID>
        </identifiers>
        <fullName>Rep. Moore, Gwen [D-WI-4]</fullName>
        <bioguideId>M001160</bioguideId>
        <isOriginalCosponsor>True</isOriginalCosponsor>
        <district>4</district>
        <party>D</party>
      </item>
      <item>
        <sponsorshipDate>2017-02-01</sponsorshipDate>
        <state>NY</state>
        <lastName>MEEKS</lastName>
        <firstName>GREGORY</firstName>
        <sponsorshipWithdrawnDate />
        <middleName>W.</middleName>
        <identifiers>
          <bioguideId>M001137</bioguideId>
          <gpoId>8067</gpoId>
          <lisID>1506</lisID>
        </identifiers>
        <fullName>Rep. Meeks, Gregory W. [D-NY-5]</fullName>
        <bioguideId>M001137</bioguideId>
        <isOriginalCosponsor>True</isOriginalCosponsor>
        <district>5</district>
        <party>D</party>
      </item>
      <item>
        <sponsorshipDate>2017-02-01</sponsorshipDate>
        <state>IL</state>
        <lastName>RUSH</lastName>
        <firstName>BOBBY</firstName>
        <sponsorshipWithdrawnDate />
        <middleName>L.</middleName>
        <identifiers>
          <bioguideId>R000515</bioguideId>
          <lisID>1003</lisID>
          <gpoId>7921</gpoId>
        </identifiers>
        <fullName>Rep. Rush, Bobby L. [D-IL-1]</fullName>
        <bioguideId>R000515</bioguideId>
        <isOriginalCosponsor>True</isOriginalCosponsor>
        <district>1</district>
        <party>D</party>
      </item>
      <item>
        <sponsorshipDate>2017-02-01</sponsorshipDate>
        <state>CA</state>
        <lastName>Cardenas</lastName>
        <firstName>Tony</firstName>
        <sponsorshipWithdrawnDate />
        <middleName />
        <identifiers>
          <bioguideId>C001097</bioguideId>
          <gpoId />
          <lisID>2107</lisID>
        </identifiers>
        <fullName>Rep. Cardenas, Tony [D-CA-29]</fullName>
        <bioguideId>C001097</bioguideId>
        <isOriginalCosponsor>True</isOriginalCosponsor>
        <district>29</district>
        <party>D</party>
      </item>
      <item>
        <sponsorshipDate>2017-02-01</sponsorshipDate>
        <state>KY</state>
        <lastName>Yarmuth</lastName>
        <firstName>John</firstName>
        <sponsorshipWithdrawnDate />
        <middleName>A.</middleName>
        <identifiers>
          <lisID>1853</lisID>
          <gpoId>7955</gpoId>
          <bioguideId>Y000062</bioguideId>
        </identifiers>
        <fullName>Rep. Yarmuth, John A. [D-KY-3]</fullName>
        <bioguideId>Y000062</bioguideId>
        <isOriginalCosponsor>True</isOriginalCosponsor>
        <district>3</district>
        <party>D</party>
      </item>
      <item>
        <sponsorshipDate>2017-02-01</sponsorshipDate>
        <state>PA</state>
        <lastName>Boyle</lastName>
        <firstName>Brendan</firstName>
        <sponsorshipWithdrawnDate />
        <middleName>F.</middleName>
        <identifiers>
          <lisID>2267</lisID>
          <gpoId />
          <bioguideId>B001296</bioguideId>
        </identifiers>
        <fullName>Rep. Boyle, Brendan F. [D-PA-13]</fullName>
        <bioguideId>B001296</bioguideId>
        <isOriginalCosponsor>True</isOriginalCosponsor>
        <district>13</district>
        <party>D</party>
      </item>
      <item>
        <sponsorshipDate>2017-02-01</sponsorshipDate>
        <state>OR</state>
        <lastName>DEFAZIO</lastName>
        <firstName>PETER</firstName>
        <sponsorshipWithdrawnDate />
        <middleName>A.</middleName>
        <identifiers>
          <gpoId>8117</gpoId>
          <lisID>279</lisID>
          <bioguideId>D000191</bioguideId>
        </identifiers>
        <fullName>Rep. DeFazio, Peter A. [D-OR-4]</fullName>
        <bioguideId>D000191</bioguideId>
        <isOriginalCosponsor>True</isOriginalCosponsor>
        <district>4</district>
        <party>D</party>
      </item>
      <item>
        <sponsorshipDate>2017-02-01</sponsorshipDate>
        <state>CA</state>
        <lastName>Vargas</lastName>
        <firstName>Juan</firstName>
        <sponsorshipWithdrawnDate />
        <middleName />
        <identifiers>
          <lisID>2112</lisID>
          <gpoId />
          <bioguideId>V000130</bioguideId>
        </identifiers>
        <fullName>Rep. Vargas, Juan [D-CA-51]</fullName>
        <bioguideId>V000130</bioguideId>
        <isOriginalCosponsor>True</isOriginalCosponsor>
        <district>51</district>
        <party>D</party>
      </item>
      <item>
        <sponsorshipDate>2017-02-01</sponsorshipDate>
        <state>CA</state>
        <lastName>THOMPSON</lastName>
        <firstName>MIKE</firstName>
        <sponsorshipWithdrawnDate />
        <middleName />
        <identifiers>
          <lisID>1593</lisID>
          <gpoId>7806</gpoId>
          <bioguideId>T000460</bioguideId>
        </identifiers>
        <fullName>Rep. Thompson, Mike [D-CA-5]</fullName>
        <bioguideId>T000460</bioguideId>
        <isOriginalCosponsor>True</isOriginalCosponsor>
        <district>5</district>
        <party>D</party>
      </item>
      <item>
        <sponsorshipDate>2017-02-01</sponsorshipDate>
        <state>MA</state>
        <lastName>Clark</lastName>
        <firstName>Katherine</firstName>
        <sponsorshipWithdrawnDate />
        <middleName>M.</middleName>
        <identifiers>
          <bioguideId>C001101</bioguideId>
          <lisID>2196</lisID>
          <gpoId />
        </identifiers>
        <fullName>Rep. Clark, Katherine M. [D-MA-5]</fullName>
        <bioguideId>C001101</bioguideId>
        <isOriginalCosponsor>True</isOriginalCosponsor>
        <district>5</district>
        <party>D</party>
      </item>
      <item>
        <sponsorshipDate>2017-02-01</sponsorshipDate>
        <state>NH</state>
        <lastName>Kuster</lastName>
        <firstName>Ann</firstName>
        <sponsorshipWithdrawnDate />
        <middleName>M.</middleName>
        <identifiers>
          <lisID>2145</lisID>
          <gpoId />
          <bioguideId>K000382</bioguideId>
        </identifiers>
        <fullName>Rep. Kuster, Ann M. [D-NH-2]</fullName>
        <bioguideId>K000382</bioguideId>
        <isOriginalCosponsor>True</isOriginalCosponsor>
        <district>2</district>
        <party>D</party>
      </item>
      <item>
        <sponsorshipDate>2017-02-01</sponsorshipDate>
        <state>WA</state>
        <lastName>SMITH</lastName>
        <firstName>ADAM</firstName>
        <sponsorshipWithdrawnDate />
        <middleName />
        <identifiers>
          <lisID>1528</lisID>
          <gpoId>8213</gpoId>
          <bioguideId>S000510</bioguideId>
        </identifiers>
        <fullName>Rep. Smith, Adam [D-WA-9]</fullName>
        <bioguideId>S000510</bioguideId>
        <isOriginalCosponsor>True</isOriginalCosponsor>
        <district>9</district>
        <party>D</party>
      </item>
      <item>
        <sponsorshipDate>2017-02-01</sponsorshipDate>
        <state>MD</state>
        <lastName>Delaney</lastName>
        <firstName>John</firstName>
        <sponsorshipWithdrawnDate />
        <middleName>K.</middleName>
        <identifiers>
          <lisID>2133</lisID>
          <gpoId />
          <bioguideId>D000620</bioguideId>
        </identifiers>
        <fullName>Rep. Delaney, John K. [D-MD-6]</fullName>
        <bioguideId>D000620</bioguideId>
        <isOriginalCosponsor>True</isOriginalCosponsor>
        <district>6</district>
        <party>D</party>
      </item>
      <item>
        <sponsorshipDate>2017-02-01</sponsorshipDate>
        <state>NY</state>
        <lastName>SERRANO</lastName>
        <firstName>JOSE</firstName>
        <sponsorshipWithdrawnDate />
        <middleName>E.</middleName>
        <identifiers>
          <lisID>1042</lisID>
          <gpoId>8077</gpoId>
          <bioguideId>S000248</bioguideId>
        </identifiers>
        <fullName>Rep. Serrano, Jose E. [D-NY-15]</fullName>
        <bioguideId>S000248</bioguideId>
        <isOriginalCosponsor>True</isOriginalCosponsor>
        <district>15</district>
        <party>D</party>
      </item>
      <item>
        <sponsorshipDate>2017-02-01</sponsorshipDate>
        <state>CA</state>
        <lastName>LOFGREN</lastName>
        <firstName>ZOE</firstName>
        <sponsorshipWithdrawnDate />
        <middleName />
        <identifiers>
          <lisID>701</lisID>
          <gpoId>7821</gpoId>
          <bioguideId>L000397</bioguideId>
        </identifiers>
        <fullName>Rep. Lofgren, Zoe [D-CA-19]</fullName>
        <bioguideId>L000397</bioguideId>
        <isOriginalCosponsor>True</isOriginalCosponsor>
        <district>19</district>
        <party>D</party>
      </item>
      <item>
        <sponsorshipDate>2017-02-01</sponsorshipDate>
        <state>CO</state>
        <lastName>Perlmutter</lastName>
        <firstName>Ed</firstName>
        <sponsorshipWithdrawnDate />
        <middleName />
        <identifiers>
          <lisID>1835</lisID>
          <gpoId>7865</gpoId>
          <bioguideId>P000593</bioguideId>
        </identifiers>
        <fullName>Rep. Perlmutter, Ed [D-CO-7]</fullName>
        <bioguideId>P000593</bioguideId>
        <isOriginalCosponsor>True</isOriginalCosponsor>
        <district>7</district>
        <party>D</party>
      </item>
      <item>
        <sponsorshipDate>2017-02-01</sponsorshipDate>
        <state>NM</state>
        <lastName>Lujan</lastName>
        <firstName>Ben</firstName>
        <sponsorshipWithdrawnDate />
        <middleName>Ray</middleName>
        <identifiers>
          <lisID>1939</lisID>
          <gpoId>8058</gpoId>
          <bioguideId>L000570</bioguideId>
        </identifiers>
        <fullName>Rep. Lujan, Ben Ray [D-NM-3]</fullName>
        <bioguideId>L000570</bioguideId>
        <isOriginalCosponsor>True</isOriginalCosponsor>
        <district>3</district>
        <party>D</party>
      </item>
      <item>
        <sponsorshipDate>2017-02-01</sponsorshipDate>
        <state>WI</state>
        <lastName>Pocan</lastName>
        <firstName>Mark</firstName>
        <sponsorshipWithdrawnDate />
        <middleName />
        <identifiers>
          <lisID>2171</lisID>
          <gpoId />
          <bioguideId>P000607</bioguideId>
        </identifiers>
        <fullName>Rep. Pocan, Mark [D-WI-2]</fullName>
        <bioguideId>P000607</bioguideId>
        <isOriginalCosponsor>True</isOriginalCosponsor>
        <district>2</district>
        <party>D</party>
      </item>
      <item>
        <sponsorshipDate>2017-02-01</sponsorshipDate>
        <state>TX</state>
        <lastName>GREEN</lastName>
        <firstName>GENE</firstName>
        <sponsorshipWithdrawnDate />
        <middleName />
        <identifiers>
          <bioguideId>G000410</bioguideId>
          <gpoId>8185</gpoId>
          <lisID>462</lisID>
        </identifiers>
        <fullName>Rep. Green, Gene [D-TX-29]</fullName>
        <bioguideId>G000410</bioguideId>
        <isOriginalCosponsor>True</isOriginalCosponsor>
        <district>29</district>
        <party>D</party>
      </item>
      <item>
        <sponsorshipDate>2017-02-01</sponsorshipDate>
        <state>CA</state>
        <lastName>Bera</lastName>
        <firstName>Ami</firstName>
        <sponsorshipWithdrawnDate />
        <middleName />
        <identifiers>
          <bioguideId>B001287</bioguideId>
          <gpoId />
          <lisID>2102</lisID>
        </identifiers>
        <fullName>Rep. Bera, Ami [D-CA-7]</fullName>
        <bioguideId>B001287</bioguideId>
        <isOriginalCosponsor>True</isOriginalCosponsor>
        <district>7</district>
        <party>D</party>
      </item>
      <item>
        <sponsorshipDate>2017-02-01</sponsorshipDate>
        <state>MA</state>
        <lastName>Kennedy</lastName>
        <firstName>Joseph</firstName>
        <sponsorshipWithdrawnDate />
        <middleName>P.</middleName>
        <identifiers>
          <lisID>2172</lisID>
          <gpoId />
          <bioguideId>K000379</bioguideId>
        </identifiers>
        <fullName>Rep. Kennedy, Joseph P., III [D-MA-4]</fullName>
        <bioguideId>K000379</bioguideId>
        <isOriginalCosponsor>True</isOriginalCosponsor>
        <district>4</district>
        <party>D</party>
      </item>
      <item>
        <sponsorshipDate>2017-02-01</sponsorshipDate>
        <state>CA</state>
        <lastName>NAPOLITANO</lastName>
        <firstName>GRACE</firstName>
        <sponsorshipWithdrawnDate />
        <middleName>F.</middleName>
        <identifiers>
          <lisID>1602</lisID>
          <gpoId>7843</gpoId>
          <bioguideId>N000179</bioguideId>
        </identifiers>
        <fullName>Rep. Napolitano, Grace F. [D-CA-32]</fullName>
        <bioguideId>N000179</bioguideId>
        <isOriginalCosponsor>True</isOriginalCosponsor>
        <district>32</district>
        <party>D</party>
      </item>
      <item>
        <sponsorshipDate>2017-02-01</sponsorshipDate>
        <state>MI</state>
        <lastName>CONYERS</lastName>
        <firstName>JOHN</firstName>
        <sponsorshipWithdrawnDate />
        <middleName />
        <identifiers>
          <lisID>229</lisID>
          <gpoId>7999</gpoId>
          <bioguideId>C000714</bioguideId>
        </identifiers>
        <fullName>Rep. Conyers, John, Jr. [D-MI-13]</fullName>
        <bioguideId>C000714</bioguideId>
        <isOriginalCosponsor>True</isOriginalCosponsor>
        <district>13</district>
        <party>D</party>
      </item>
      <item>
        <sponsorshipDate>2017-02-01</sponsorshipDate>
        <state>CA</state>
        <lastName>Lieu</lastName>
        <firstName>Ted</firstName>
        <sponsorshipWithdrawnDate />
        <middleName />
        <identifiers>
          <lisID>2230</lisID>
          <gpoId />
          <bioguideId>L000582</bioguideId>
        </identifiers>
        <fullName>Rep. Lieu, Ted [D-CA-33]</fullName>
        <bioguideId>L000582</bioguideId>
        <isOriginalCosponsor>True</isOriginalCosponsor>
        <district>33</district>
        <party>D</party>
      </item>
      <item>
        <sponsorshipDate>2017-02-01</sponsorshipDate>
        <state>WI</state>
        <lastName>KIND</lastName>
        <firstName>RON</firstName>
        <sponsorshipWithdrawnDate />
        <middleName />
        <identifiers>
          <lisID>1498</lisID>
          <gpoId>8216</gpoId>
          <bioguideId>K000188</bioguideId>
        </identifiers>
        <fullName>Rep. Kind, Ron [D-WI-3]</fullName>
        <bioguideId>K000188</bioguideId>
        <isOriginalCosponsor>True</isOriginalCosponsor>
        <district>3</district>
        <party>D</party>
      </item>
      <item>
        <sponsorshipDate>2017-02-01</sponsorshipDate>
        <state>FL</state>
        <lastName>Deutch</lastName>
        <firstName>Theodore</firstName>
        <sponsorshipWithdrawnDate />
        <middleName>E.</middleName>
        <identifiers>
          <bioguideId>D000610</bioguideId>
          <gpoId>7891</gpoId>
          <lisID>1976</lisID>
        </identifiers>
        <fullName>Rep. Deutch, Theodore E. [D-FL-22]</fullName>
        <bioguideId>D000610</bioguideId>
        <isOriginalCosponsor>True</isOriginalCosponsor>
        <district>22</district>
        <party>D</party>
      </item>
      <item>
        <sponsorshipDate>2017-02-03</sponsorshipDate>
        <state>PA</state>
        <lastName>BRADY</lastName>
        <firstName>ROBERT</firstName>
        <sponsorshipWithdrawnDate />
        <middleName>A.</middleName>
        <identifiers>
          <lisID>1469</lisID>
          <gpoId>8119</gpoId>
          <bioguideId>B001227</bioguideId>
        </identifiers>
        <fullName>Rep. Brady, Robert A. [D-PA-1]</fullName>
        <bioguideId>B001227</bioguideId>
        <isOriginalCosponsor>False</isOriginalCosponsor>
        <district>1</district>
        <party>D</party>
      </item>
      <item>
        <sponsorshipDate>2017-02-03</sponsorshipDate>
        <state>AZ</state>
        <lastName>O'Halleran</lastName>
        <firstName>Tom</firstName>
        <sponsorshipWithdrawnDate />
        <middleName />
        <identifiers>
          <bioguideId>O000171</bioguideId>
          <lisID>2306</lisID>
          <gpoId />
        </identifiers>
        <fullName>Rep. O'Halleran, Tom [D-AZ-1]</fullName>
        <bioguideId>O000171</bioguideId>
        <isOriginalCosponsor>False</isOriginalCosponsor>
        <district>1</district>
        <party>D</party>
      </item>
      <item>
        <sponsorshipDate>2017-02-03</sponsorshipDate>
        <state>WA</state>
        <lastName>Kilmer</lastName>
        <firstName>Derek</firstName>
        <sponsorshipWithdrawnDate />
        <middleName />
        <identifiers>
          <bioguideId>K000381</bioguideId>
          <gpoId />
          <lisID>2169</lisID>
        </identifiers>
        <fullName>Rep. Kilmer, Derek [D-WA-6]</fullName>
        <bioguideId>K000381</bioguideId>
        <isOriginalCosponsor>False</isOriginalCosponsor>
        <district>6</district>
        <party>D</party>
      </item>
      <item>
        <sponsorshipDate>2017-02-07</sponsorshipDate>
        <state>NV</state>
        <lastName>Kihuen</lastName>
        <firstName>Ruben</firstName>
        <sponsorshipWithdrawnDate />
        <middleName>J.</middleName>
        <identifiers>
          <gpoId />
          <bioguideId>K000390</bioguideId>
          <lisID>2340</lisID>
        </identifiers>
        <fullName>Rep. Kihuen, Ruben J. [D-NV-4]</fullName>
        <bioguideId>K000390</bioguideId>
        <isOriginalCosponsor>False</isOriginalCosponsor>
        <district>4</district>
        <party>D</party>
      </item>
      <item>
        <sponsorshipDate>2017-02-07</sponsorshipDate>
        <state>CA</state>
        <lastName>Matsui</lastName>
        <firstName>Doris</firstName>
        <sponsorshipWithdrawnDate />
        <middleName>O.</middleName>
        <identifiers>
          <lisID>1814</lisID>
          <gpoId>7810</gpoId>
          <bioguideId>M001163</bioguideId>
        </identifiers>
        <fullName>Rep. Matsui, Doris O. [D-CA-6]</fullName>
        <bioguideId>M001163</bioguideId>
        <isOriginalCosponsor>False</isOriginalCosponsor>
        <district>6</district>
        <party>D</party>
      </item>
      <item>
        <sponsorshipDate>2017-02-07</sponsorshipDate>
        <state>CA</state>
        <lastName>Costa</lastName>
        <firstName>Jim</firstName>
        <sponsorshipWithdrawnDate />
        <middleName />
        <identifiers>
          <lisID>1774</lisID>
          <gpoId>7825</gpoId>
          <bioguideId>C001059</bioguideId>
        </identifiers>
        <fullName>Rep. Costa, Jim [D-CA-16]</fullName>
        <bioguideId>C001059</bioguideId>
        <isOriginalCosponsor>False</isOriginalCosponsor>
        <district>16</district>
        <party>D</party>
      </item>
      <item>
        <sponsorshipDate>2017-02-07</sponsorshipDate>
        <state>MI</state>
        <lastName>LEVIN</lastName>
        <firstName>SANDER</firstName>
        <sponsorshipWithdrawnDate />
        <middleName>M.</middleName>
        <identifiers>
          <bioguideId>L000263</bioguideId>
          <gpoId>7997</gpoId>
          <lisID>683</lisID>
        </identifiers>
        <fullName>Rep. Levin, Sander M. [D-MI-9]</fullName>
        <bioguideId>L000263</bioguideId>
        <isOriginalCosponsor>False</isOriginalCosponsor>
        <district>9</district>
        <party>D</party>
      </item>
      <item>
        <sponsorshipDate>2017-02-28</sponsorshipDate>
        <state>CT</state>
        <lastName>Esty</lastName>
        <firstName>Elizabeth</firstName>
        <sponsorshipWithdrawnDate />
        <middleName>H.</middleName>
        <identifiers>
          <lisID>2114</lisID>
          <gpoId />
          <bioguideId>E000293</bioguideId>
        </identifiers>
        <fullName>Rep. Esty, Elizabeth H. [D-CT-5]</fullName>
        <bioguideId>E000293</bioguideId>
        <isOriginalCosponsor>False</isOriginalCosponsor>
        <district>5</district>
        <party>D</party>
      </item>
      <item>
        <sponsorshipDate>2017-02-28</sponsorshipDate>
        <state>CA</state>
        <lastName>Panetta</lastName>
        <firstName>Jimmy</firstName>
        <sponsorshipWithdrawnDate />
        <middleName />
        <identifiers>
          <lisID>2309</lisID>
          <gpoId />
          <bioguideId>P000613</bioguideId>
        </identifiers>
        <fullName>Rep. Panetta, Jimmy [D-CA-20]</fullName>
        <bioguideId>P000613</bioguideId>
        <isOriginalCosponsor>False</isOriginalCosponsor>
        <district>20</district>
        <party>D</party>
      </item>
      <item>
        <sponsorshipDate>2017-02-28</sponsorshipDate>
        <state>IL</state>
        <lastName>Krishnamoorthi</lastName>
        <firstName>Raja</firstName>
        <sponsorshipWithdrawnDate />
        <middleName />
        <identifiers>
          <gpoId />
          <lisID>2325</lisID>
          <bioguideId>K000391</bioguideId>
        </identifiers>
        <fullName>Rep. Krishnamoorthi, Raja [D-IL-8]</fullName>
        <bioguideId>K000391</bioguideId>
        <isOriginalCosponsor>False</isOriginalCosponsor>
        <district>8</district>
        <party>D</party>
      </item>
      <item>
        <sponsorshipDate>2017-02-28</sponsorshipDate>
        <state>CA</state>
        <lastName>Carbajal</lastName>
        <firstName>Salud</firstName>
        <sponsorshipWithdrawnDate />
        <middleName>O.</middleName>
        <identifiers>
          <gpoId />
          <bioguideId>C001112</bioguideId>
          <lisID>2310</lisID>
        </identifiers>
        <fullName>Rep. Carbajal, Salud O. [D-CA-24]</fullName>
        <bioguideId>C001112</bioguideId>
        <isOriginalCosponsor>False</isOriginalCosponsor>
        <district>24</district>
        <party>D</party>
      </item>
      <item>
        <sponsorshipDate>2017-03-09</sponsorshipDate>
        <state>TX</state>
        <lastName>DOGGETT</lastName>
        <firstName>LLOYD</firstName>
        <sponsorshipWithdrawnDate />
        <middleName />
        <identifiers>
          <lisID>303</lisID>
          <gpoId>8181</gpoId>
          <bioguideId>D000399</bioguideId>
        </identifiers>
        <fullName>Rep. Doggett, Lloyd [D-TX-35]</fullName>
        <bioguideId>D000399</bioguideId>
        <isOriginalCosponsor>False</isOriginalCosponsor>
        <district>35</district>
        <party>D</party>
      </item>
      <item>
        <sponsorshipDate>2017-03-09</sponsorshipDate>
        <state>NJ</state>
        <lastName>Payne</lastName>
        <firstName>Donald</firstName>
        <sponsorshipWithdrawnDate />
        <middleName>M.</middleName>
        <identifiers>
          <lisID>2097</lisID>
          <gpoId>8373</gpoId>
          <bioguideId>P000604</bioguideId>
        </identifiers>
        <fullName>Rep. Payne, Donald M., Jr. [D-NJ-10]</fullName>
        <bioguideId>P000604</bioguideId>
        <isOriginalCosponsor>False</isOriginalCosponsor>
        <district>10</district>
        <party>D</party>
      </item>
      <item>
        <sponsorshipDate>2017-04-03</sponsorshipDate>
        <state>NM</state>
        <lastName>Lujan Grisham</lastName>
        <firstName>Michelle</firstName>
        <sponsorshipWithdrawnDate />
        <middleName />
        <identifiers>
          <lisID>2146</lisID>
          <gpoId />
          <bioguideId>L000580</bioguideId>
        </identifiers>
        <fullName>Rep. Lujan Grisham, Michelle [D-NM-1]</fullName>
        <bioguideId>L000580</bioguideId>
        <isOriginalCosponsor>False</isOriginalCosponsor>
        <district>1</district>
        <party>D</party>
      </item>
      <item>
        <sponsorshipDate>2017-04-26</sponsorshipDate>
        <state>CA</state>
        <lastName>ESHOO</lastName>
        <firstName>ANNA</firstName>
        <sponsorshipWithdrawnDate />
        <middleName>G.</middleName>
        <identifiers>
          <lisID>355</lisID>
          <gpoId>7819</gpoId>
          <bioguideId>E000215</bioguideId>
        </identifiers>
        <fullName>Rep. Eshoo, Anna G. [D-CA-18]</fullName>
        <bioguideId>E000215</bioguideId>
        <isOriginalCosponsor>False</isOriginalCosponsor>
        <district>18</district>
        <party>D</party>
      </item>
      <item>
        <sponsorshipDate>2017-04-26</sponsorshipDate>
        <state>TX</state>
        <lastName>Castro</lastName>
        <firstName>Joaquin</firstName>
        <sponsorshipWithdrawnDate />
        <middleName />
        <identifiers>
          <gpoId />
          <lisID>2163</lisID>
          <bioguideId>C001091</bioguideId>
        </identifiers>
        <fullName>Rep. Castro, Joaquin [D-TX-20]</fullName>
        <bioguideId>C001091</bioguideId>
        <isOriginalCosponsor>False</isOriginalCosponsor>
        <district>20</district>
        <party>D</party>
      </item>
      <item>
        <sponsorshipDate>2017-05-02</sponsorshipDate>
        <state>MA</state>
        <lastName>MCGOVERN</lastName>
        <firstName>JAMES</firstName>
        <sponsorshipWithdrawnDate />
        <middleName>P.</middleName>
        <identifiers>
          <bioguideId>M000312</bioguideId>
          <gpoId>7968</gpoId>
          <lisID>1504</lisID>
        </identifiers>
        <fullName>Rep. McGovern, James P. [D-MA-2]</fullName>
        <bioguideId>M000312</bioguideId>
        <isOriginalCosponsor>False</isOriginalCosponsor>
        <district>2</district>
        <party>D</party>
      </item>
      <item>
        <sponsorshipDate>2017-05-02</sponsorshipDate>
        <state>NY</state>
        <lastName>SLAUGHTER</lastName>
        <firstName>LOUISE</firstName>
        <sponsorshipWithdrawnDate />
        <middleName>M.</middleName>
        <identifiers>
          <gpoId>8089</gpoId>
          <lisID>1069</lisID>
          <bioguideId>S000480</bioguideId>
        </identifiers>
        <fullName>Rep. Slaughter, Louise McIntosh [D-NY-25]</fullName>
        <bioguideId>S000480</bioguideId>
        <isOriginalCosponsor>False</isOriginalCosponsor>
        <district>25</district>
        <party>D</party>
      </item>
      <item>
        <sponsorshipDate>2017-05-02</sponsorshipDate>
        <state>MD</state>
        <lastName>Brown</lastName>
        <firstName>Anthony</firstName>
        <sponsorshipWithdrawnDate />
        <middleName>G.</middleName>
        <identifiers>
          <bioguideId>B001304</bioguideId>
          <gpoId />
          <lisID>2331</lisID>
        </identifiers>
        <fullName>Rep. Brown, Anthony G. [D-MD-4]</fullName>
        <bioguideId>B001304</bioguideId>
        <isOriginalCosponsor>False</isOriginalCosponsor>
        <district>4</district>
        <party>D</party>
      </item>
      <item>
        <sponsorshipDate>2017-05-17</sponsorshipDate>
        <state>CA</state>
        <lastName>Correa</lastName>
        <firstName>J.</firstName>
        <sponsorshipWithdrawnDate />
        <middleName>Luis</middleName>
        <identifiers>
          <gpoId />
          <lisID>2312</lisID>
          <bioguideId>C001110</bioguideId>
        </identifiers>
        <fullName>Rep. Correa, J. Luis [D-CA-46]</fullName>
        <bioguideId>C001110</bioguideId>
        <isOriginalCosponsor>False</isOriginalCosponsor>
        <district>46</district>
        <party>D</party>
      </item>
      <item>
        <sponsorshipDate>2017-05-17</sponsorshipDate>
        <state>NJ</state>
        <lastName>Norcross</lastName>
        <firstName>Donald</firstName>
        <sponsorshipWithdrawnDate />
        <middleName />
        <identifiers>
          <lisID>2202</lisID>
          <gpoId />
          <bioguideId>N000188</bioguideId>
        </identifiers>
        <fullName>Rep. Norcross, Donald [D-NJ-1]</fullName>
        <bioguideId>N000188</bioguideId>
        <isOriginalCosponsor>False</isOriginalCosponsor>
        <district>1</district>
        <party>D</party>
      </item>
      <item>
        <sponsorshipDate>2017-05-17</sponsorshipDate>
        <state>FL</state>
        <lastName>Lawson</lastName>
        <firstName>Al</firstName>
        <sponsorshipWithdrawnDate />
        <middleName />
        <identifiers>
          <lisID>2317</lisID>
          <gpoId />
          <bioguideId>L000586</bioguideId>
        </identifiers>
        <fullName>Rep. Lawson, Al, Jr. [D-FL-5]</fullName>
        <bioguideId>L000586</bioguideId>
        <isOriginalCosponsor>False</isOriginalCosponsor>
        <district>5</district>
        <party>D</party>
      </item>
    </cosponsors>
    <billType>HR</billType>
    <notes />
    <summaries>
      <billSummaries>
        <item>
          <actionDesc>Introduced in House</actionDesc>
          <versionCode>00</versionCode>
          <lastSummaryUpdateDate>2017-02-14T19:16:15Z</lastSummaryUpdateDate>
          <name>Introduced in House</name>
          <updateDate>2017-02-01T05:00:00Z</updateDate>
          <actionDate>2017-02-01</actionDate>
          <text><![CDATA[<p><strong>Affordability for Constant and Continual Education to Enhance Student Success Act or the All-Year ACCESS Act</strong></p> <p> <p>This bill amends title IV (Student Assistance) of the Higher Education Act of 1965 to increase from one to two the number of Pell Grants an eligible student may receive in a single award year (i.e., it restores year-round Pell Grants). </p> <p>A student's total amount of Pell Grants must not exceed 150% of the maximum Pell Grant for that award year. Also, any period during which a student receives an additional Pell Grant counts toward that student's lifetime Pell Grant eligibility period. </p>]]></text>
        </item>
      </billSummaries>
    </summaries>
    <relatedBills />
    <committees>
      <billCommittees>
        <item>
          <name>Education and the Workforce Committee</name>
          <subcommittees />
          <systemCode>hsed00</systemCode>
          <chamber>House</chamber>
          <activities>
            <item>
              <date>2017-02-01T15:02:00Z</date>
              <name>Referred to</name>
            </item>
          </activities>
          <type>Standing</type>
        </item>
      </billCommittees>
    </committees>
    <cboCostEstimates />
    <subjects>
      <billSubjects>
        <legislativeSubjects>
          <item>
            <name>Higher education</name>
          </item>
          <item>
            <name>Student aid and college costs</name>
          </item>
        </legislativeSubjects>
        <policyArea>
          <name>Education</name>
        </policyArea>
      </billSubjects>
    </subjects>
    <committeeReports />
    <title>All-Year ACCESS Act</title>
    <recordedVotes />
    <actions>
      <item>
        <sourceSystem>
          <name>House floor actions</name>
          <code>2</code>
        </sourceSystem>
        <type>IntroReferral</type>
        <committee>
          <name>Education and the Workforce Committee</name>
          <systemCode>hsed00</systemCode>
        </committee>
        <text>Referred to the House Committee on Education and the Workforce.</text>
        <actionCode>H11100</actionCode>
        <actionDate>2017-02-01</actionDate>
        <links />
      </item>
      <item>
        <sourceSystem>
          <name>Library of Congress</name>
          <code>9</code>
        </sourceSystem>
        <type>IntroReferral</type>
        <committee />
        <text>Introduced in House</text>
        <actionCode>Intro-H</actionCode>
        <actionDate>2017-02-01</actionDate>
        <links />
      </item>
      <item>
        <sourceSystem>
          <name>Library of Congress</name>
          <code>9</code>
        </sourceSystem>
        <type>IntroReferral</type>
        <committee />
        <text>Introduced in House</text>
        <actionCode>1000</actionCode>
        <actionDate>2017-02-01</actionDate>
        <links />
      </item>
      <actionTypeCounts>
        <introducedInTheHouse>1</introducedInTheHouse>
        <billReferrals>1</billReferrals>
        <introducedInHouse>1</introducedInHouse>
      </actionTypeCounts>
      <actionByCounts>
        <houseOfRepresentatives>3</houseOfRepresentatives>
      </actionByCounts>
    </actions>
    <introducedDate>2017-02-01</introducedDate>
  </bill>
  <dublinCore xmlns:dc="http://purl.org/dc/elements/1.1/">
    <dc:format>text/xml</dc:format>
    <dc:language>EN</dc:language>
    <dc:rights>Pursuant to Title 17 Section 105 of the United States Code, this file is not subject to copyright protection and is in the public domain.</dc:rights>
    <dc:contributor>Congressional Research Service, Library of Congress</dc:contributor>
    <dc:description>This file contains bill summaries and statuses for federal legislation. A bill summary describes the most significant provisions of a piece of legislation and details the effects the legislative text may have on current law and federal programs. Bill summaries are authored by the Congressional Research Service (CRS) of the Library of Congress. As stated in Public Law 91-510 (2 USC 166 (d)(6)), one of the duties of CRS is "to prepare summaries and digests of bills and resolutions of a public general nature introduced in the Senate or House of Representatives". For more information, refer to the User Guide that accompanies this file.</dc:description>
  </dublinCore>
</billStatus>

