<?xml version="1.0" encoding="UTF-8"?>
<billStatus>
  <bill>
    <congress>115</congress>
    <billType>HR</billType>
    <originChamber>House</originChamber>
    <billNumber>263</billNumber>
    <notes />
    <cboCostEstimates />
    <version>1.0.0</version>
    <recordedVotes />
    <summaries>
      <billSummaries>
        <item>
          <actionDesc>Introduced in House</actionDesc>
          <text><![CDATA[<p><strong>United States Sovereignty and Commercial Freedom Act</strong></p> <p>This bill declares that U.N. Security Council Resolution 2334 shall have no force or effect under U.S. law, and the United States shall not be bound by any provision of such resolution. </p> <p> Resolution 2334 characterizes Israeli settlements in the West Bank and East Jerusalem as illegal and demands cessation of settlement activities. </p> <p>Nothing in such resolution or in any subsequently adopted Security Council resolution relating to Israel may be used to establish or demonstrate the existence of a violation of U.S. law or an offence against the law of nations in U.S. courts, including by giving standing, a cause of action, or a source of damages. </p> <p>Any reference to Israel in U.S. law, or in any treaty or other international agreement to which both the United States and Israel are parties, shall be interpreted to include any territory over which Israel exercises civil jurisdiction, including East Jerusalem, Areas &quot;C&quot; and &quot;H2&quot; of the West Bank, and the Golan Heights. </p>]]></text>
          <lastSummaryUpdateDate>2017-06-26T21:36:37Z</lastSummaryUpdateDate>
          <name>Introduced in House</name>
          <versionCode>00</versionCode>
          <updateDate>2017-01-04T05:00:00Z</updateDate>
          <actionDate>2017-01-04</actionDate>
        </item>
      </billSummaries>
    </summaries>
    <subjects>
      <billSubjects>
        <policyArea>
          <name>International Affairs</name>
        </policyArea>
        <legislativeSubjects>
          <item>
            <name>Arab-Israeli relations</name>
          </item>
          <item>
            <name>Diplomacy, foreign officials, Americans abroad</name>
          </item>
          <item>
            <name>International law and treaties</name>
          </item>
          <item>
            <name>Israel</name>
          </item>
          <item>
            <name>Jurisdiction and venue</name>
          </item>
          <item>
            <name>Middle East</name>
          </item>
          <item>
            <name>Palestinians</name>
          </item>
          <item>
            <name>Sovereignty, recognition, national governance and status</name>
          </item>
          <item>
            <name>Syria</name>
          </item>
          <item>
            <name>United Nations</name>
          </item>
          <item>
            <name>West Bank</name>
          </item>
        </legislativeSubjects>
      </billSubjects>
    </subjects>
    <actions>
      <actionByCounts>
        <houseOfRepresentatives>3</houseOfRepresentatives>
      </actionByCounts>
      <item>
        <actionCode>H11100</actionCode>
        <committee>
          <name>Foreign Affairs Committee</name>
          <systemCode>hsfa00</systemCode>
        </committee>
        <sourceSystem>
          <name>House floor actions</name>
          <code>2</code>
        </sourceSystem>
        <type>IntroReferral</type>
        <text>Referred to the House Committee on Foreign Affairs.</text>
        <actionDate>2017-01-04</actionDate>
        <links />
      </item>
      <item>
        <actionCode>Intro-H</actionCode>
        <committee />
        <sourceSystem>
          <name>Library of Congress</name>
          <code>9</code>
        </sourceSystem>
        <type>IntroReferral</type>
        <text>Introduced in House</text>
        <actionDate>2017-01-04</actionDate>
        <links />
      </item>
      <item>
        <actionCode>1000</actionCode>
        <committee />
        <sourceSystem>
          <name>Library of Congress</name>
          <code>9</code>
        </sourceSystem>
        <type>IntroReferral</type>
        <text>Introduced in House</text>
        <actionDate>2017-01-04</actionDate>
        <links />
      </item>
      <actionTypeCounts>
        <billReferrals>1</billReferrals>
        <introducedInHouse>1</introducedInHouse>
        <introducedInTheHouse>1</introducedInTheHouse>
      </actionTypeCounts>
    </actions>
    <introducedDate>2017-01-04</introducedDate>
    <constitutionalAuthorityStatementText><![CDATA[<pre>From the Congressional Record Online through the Government Publishing Office [<a href='http://www.gpo.gov'>www.gpo.gov</a>]By Mr. LAMBORN:H.R. 263.Congress has the power to enact this legislation pursuantto the following:Art. I, Sec. 8 ``To regulate Commerce with foreignNations''[Page H97]</pre>]]></constitutionalAuthorityStatementText>
    <titles>
      <item>
        <titleType>Short Titles as Introduced</titleType>
        <chamberCode />
        <parentTitleType />
        <chamberName />
        <title>United States Sovereignty and Commercial Freedom Act</title>
      </item>
      <item>
        <titleType>Official Title as Introduced</titleType>
        <chamberCode />
        <parentTitleType />
        <chamberName />
        <title>To render United Nations Security Council Resolution 2334 null and void as a matter of United States law, and for other purposes.</title>
      </item>
      <item>
        <titleType>Display Title</titleType>
        <chamberCode />
        <parentTitleType />
        <chamberName />
        <title>United States Sovereignty and Commercial Freedom Act</title>
      </item>
      <item>
        <titleType>(Extracted from GPO) Short Titles as Introduced</titleType>
        <chamberCode />
        <parentTitleType />
        <chamberName />
        <title>United States Sovereignty and Commercial Freedom Act</title>
      </item>
    </titles>
    <cosponsors>
      <item>
        <state>AZ</state>
        <middleName />
        <fullName>Rep. Franks, Trent [R-AZ-8]</fullName>
        <sponsorshipDate>2017-01-04</sponsorshipDate>
        <firstName>Trent</firstName>
        <sponsorshipWithdrawnDate />
        <bioguideId>F000448</bioguideId>
        <lastName>Franks</lastName>
        <district>8</district>
        <party>R</party>
        <isOriginalCosponsor>True</isOriginalCosponsor>
        <identifiers>
          <gpoId>7799</gpoId>
          <lisID>1707</lisID>
          <bioguideId>F000448</bioguideId>
        </identifiers>
      </item>
      <item>
        <state>IA</state>
        <middleName />
        <fullName>Rep. King, Steve [R-IA-4]</fullName>
        <sponsorshipDate>2017-01-09</sponsorshipDate>
        <firstName>Steve</firstName>
        <sponsorshipWithdrawnDate />
        <bioguideId>K000362</bioguideId>
        <lastName>King</lastName>
        <district>4</district>
        <party>R</party>
        <isOriginalCosponsor>False</isOriginalCosponsor>
        <identifiers>
          <lisID>1724</lisID>
          <gpoId>7918</gpoId>
          <bioguideId>K000362</bioguideId>
        </identifiers>
      </item>
      <item>
        <state>TX</state>
        <middleName />
        <fullName>Rep. Smith, Lamar [R-TX-21]</fullName>
        <sponsorshipDate>2017-01-09</sponsorshipDate>
        <firstName>LAMAR</firstName>
        <sponsorshipWithdrawnDate />
        <bioguideId>S000583</bioguideId>
        <lastName>SMITH</lastName>
        <district>21</district>
        <party>R</party>
        <isOriginalCosponsor>False</isOriginalCosponsor>
        <identifiers>
          <gpoId>8177</gpoId>
          <lisID>1075</lisID>
          <bioguideId>S000583</bioguideId>
        </identifiers>
      </item>
      <item>
        <state>FL</state>
        <middleName />
        <fullName>Rep. Webster, Daniel [R-FL-11]</fullName>
        <sponsorshipDate>2017-01-09</sponsorshipDate>
        <firstName>Daniel</firstName>
        <sponsorshipWithdrawnDate />
        <bioguideId>W000806</bioguideId>
        <lastName>Webster</lastName>
        <district>11</district>
        <party>R</party>
        <isOriginalCosponsor>False</isOriginalCosponsor>
        <identifiers>
          <lisID>2002</lisID>
          <gpoId>7880</gpoId>
          <bioguideId>W000806</bioguideId>
        </identifiers>
      </item>
      <item>
        <state>TX</state>
        <middleName />
        <fullName>Rep. Babin, Brian [R-TX-36]</fullName>
        <sponsorshipDate>2017-01-09</sponsorshipDate>
        <firstName>Brian</firstName>
        <sponsorshipWithdrawnDate />
        <bioguideId>B001291</bioguideId>
        <lastName>Babin</lastName>
        <district>36</district>
        <party>R</party>
        <isOriginalCosponsor>False</isOriginalCosponsor>
        <identifiers>
          <bioguideId>B001291</bioguideId>
          <gpoId />
          <lisID>2270</lisID>
        </identifiers>
      </item>
      <item>
        <state>ME</state>
        <middleName />
        <fullName>Rep. Poliquin, Bruce [R-ME-2]</fullName>
        <sponsorshipDate>2017-01-09</sponsorshipDate>
        <firstName>Bruce</firstName>
        <sponsorshipWithdrawnDate />
        <bioguideId>P000611</bioguideId>
        <lastName>Poliquin</lastName>
        <district>2</district>
        <party>R</party>
        <isOriginalCosponsor>False</isOriginalCosponsor>
        <identifiers>
          <lisID>2247</lisID>
          <gpoId />
          <bioguideId>P000611</bioguideId>
        </identifiers>
      </item>
      <item>
        <state>NY</state>
        <middleName>M.</middleName>
        <fullName>Rep. Stefanik, Elise M. [R-NY-21]</fullName>
        <sponsorshipDate>2017-01-09</sponsorshipDate>
        <firstName>Elise</firstName>
        <sponsorshipWithdrawnDate />
        <bioguideId>S001196</bioguideId>
        <lastName>Stefanik</lastName>
        <district>21</district>
        <party>R</party>
        <isOriginalCosponsor>False</isOriginalCosponsor>
        <identifiers>
          <gpoId />
          <lisID>2263</lisID>
          <bioguideId>S001196</bioguideId>
        </identifiers>
      </item>
      <item>
        <state>MO</state>
        <middleName />
        <fullName>Rep. Hartzler, Vicky [R-MO-4]</fullName>
        <sponsorshipDate>2017-01-09</sponsorshipDate>
        <firstName>Vicky</firstName>
        <sponsorshipWithdrawnDate />
        <bioguideId>H001053</bioguideId>
        <lastName>Hartzler</lastName>
        <district>4</district>
        <party>R</party>
        <isOriginalCosponsor>False</isOriginalCosponsor>
        <identifiers>
          <gpoId>8012</gpoId>
          <bioguideId>H001053</bioguideId>
          <lisID>2032</lisID>
        </identifiers>
      </item>
      <item>
        <state>MI</state>
        <middleName>R.</middleName>
        <fullName>Rep. Moolenaar, John R. [R-MI-4]</fullName>
        <sponsorshipDate>2017-01-11</sponsorshipDate>
        <firstName>John</firstName>
        <sponsorshipWithdrawnDate />
        <bioguideId>M001194</bioguideId>
        <lastName>Moolenaar</lastName>
        <district>4</district>
        <party>R</party>
        <isOriginalCosponsor>False</isOriginalCosponsor>
        <identifiers>
          <gpoId />
          <lisID>2248</lisID>
          <bioguideId>M001194</bioguideId>
        </identifiers>
      </item>
      <item>
        <state>SC</state>
        <middleName />
        <fullName>Rep. Duncan, Jeff [R-SC-3]</fullName>
        <sponsorshipDate>2017-01-11</sponsorshipDate>
        <firstName>Jeff</firstName>
        <sponsorshipWithdrawnDate />
        <bioguideId>D000615</bioguideId>
        <lastName>Duncan</lastName>
        <district>3</district>
        <party>R</party>
        <isOriginalCosponsor>False</isOriginalCosponsor>
        <identifiers>
          <gpoId>8143</gpoId>
          <bioguideId>D000615</bioguideId>
          <lisID>2057</lisID>
        </identifiers>
      </item>
      <item>
        <state>TX</state>
        <middleName>ABNEY</middleName>
        <fullName>Rep. Culberson, John Abney [R-TX-7]</fullName>
        <sponsorshipDate>2017-01-11</sponsorshipDate>
        <firstName>JOHN</firstName>
        <sponsorshipWithdrawnDate />
        <bioguideId>C001048</bioguideId>
        <lastName>CULBERSON</lastName>
        <district>7</district>
        <party>R</party>
        <isOriginalCosponsor>False</isOriginalCosponsor>
        <identifiers>
          <bioguideId>C001048</bioguideId>
          <lisID>1670</lisID>
          <gpoId>8163</gpoId>
        </identifiers>
      </item>
    </cosponsors>
    <laws />
    <calendarNumbers />
    <committeeReports />
    <latestAction>
      <links />
      <text>Referred to the House Committee on Foreign Affairs.</text>
      <actionDate>2017-01-04</actionDate>
    </latestAction>
    <title>United States Sovereignty and Commercial Freedom Act</title>
    <createDate>2017-01-05T04:47:33Z</createDate>
    <sponsors>
      <item>
        <lastName>Lamborn</lastName>
        <byRequestType />
        <middleName />
        <bioguideId>L000564</bioguideId>
        <firstName>Doug</firstName>
        <state>CO</state>
        <fullName>Rep. Lamborn, Doug [R-CO-5]</fullName>
        <identifiers>
          <bioguideId>L000564</bioguideId>
          <gpoId>7863</gpoId>
          <lisID>1834</lisID>
        </identifiers>
        <party>R</party>
        <district>5</district>
      </item>
    </sponsors>
    <updateDate>2018-03-30T13:58:48Z</updateDate>
    <relatedBills />
    <committees>
      <billCommittees>
        <item>
          <chamber>House</chamber>
          <name>Foreign Affairs Committee</name>
          <subcommittees />
          <activities>
            <item>
              <name>Referred to</name>
              <date>2017-01-04T15:05:00Z</date>
            </item>
          </activities>
          <type>Standing</type>
          <systemCode>hsfa00</systemCode>
        </item>
      </billCommittees>
    </committees>
    <policyArea>
      <name>International Affairs</name>
    </policyArea>
    <amendments />
  </bill>
  <dublinCore xmlns:dc="http://purl.org/dc/elements/1.1/">
    <dc:format>text/xml</dc:format>
    <dc:language>EN</dc:language>
    <dc:rights>Pursuant to Title 17 Section 105 of the United States Code, this file is not subject to copyright protection and is in the public domain.</dc:rights>
    <dc:contributor>Congressional Research Service, Library of Congress</dc:contributor>
    <dc:description>This file contains bill summaries and statuses for federal legislation. A bill summary describes the most significant provisions of a piece of legislation and details the effects the legislative text may have on current law and federal programs. Bill summaries are authored by the Congressional Research Service (CRS) of the Library of Congress. As stated in Public Law 91-510 (2 USC 166 (d)(6)), one of the duties of CRS is "to prepare summaries and digests of bills and resolutions of a public general nature introduced in the Senate or House of Representatives". For more information, refer to the User Guide that accompanies this file.</dc:description>
  </dublinCore>
</billStatus>

