<?xml version="1.0" encoding="UTF-8"?>
<billStatus>
  <bill>
    <titles>
      <item>
        <chamberCode />
        <parentTitleType />
        <titleType>Short Titles as Introduced</titleType>
        <chamberName />
        <title>Muhammad Ali Legacy Act</title>
      </item>
      <item>
        <chamberCode />
        <parentTitleType />
        <titleType>Official Title as Introduced</titleType>
        <chamberName />
        <title>To establish a grant program to preserve the legacy and ideals of Muhammad Ali and promote global respect, understanding, and communication, and for other purposes.</title>
      </item>
      <item>
        <chamberCode />
        <parentTitleType />
        <titleType>Display Title</titleType>
        <chamberName />
        <title>Muhammad Ali Legacy Act</title>
      </item>
      <item>
        <chamberCode />
        <parentTitleType />
        <titleType>(Extracted from GPO) Short Titles as Introduced</titleType>
        <chamberName />
        <title>Muhammad Ali Legacy Act</title>
      </item>
    </titles>
    <policyArea>
      <name>International Affairs</name>
    </policyArea>
    <amendments />
    <billNumber>580</billNumber>
    <version>1.0.0</version>
    <congress>115</congress>
    <calendarNumbers />
    <createDate>2017-01-14T04:47:33Z</createDate>
    <updateDate>2018-03-30T14:00:19Z</updateDate>
    <latestAction>
      <actionDate>2017-01-13</actionDate>
      <links />
      <text>Referred to the House Committee on Foreign Affairs.</text>
    </latestAction>
    <laws />
    <sponsors>
      <item>
        <fullName>Rep. Yarmuth, John A. [D-KY-3]</fullName>
        <bioguideId>Y000062</bioguideId>
        <lastName>Yarmuth</lastName>
        <byRequestType />
        <firstName>John</firstName>
        <district>3</district>
        <state>KY</state>
        <middleName>A.</middleName>
        <party>D</party>
        <identifiers>
          <lisID>1853</lisID>
          <gpoId>7955</gpoId>
          <bioguideId>Y000062</bioguideId>
        </identifiers>
      </item>
    </sponsors>
    <originChamber>House</originChamber>
    <constitutionalAuthorityStatementText><![CDATA[<pre>From the Congressional Record Online through the Government Publishing Office [<a href='http://www.gpo.gov'>www.gpo.gov</a>]By Mr. YARMUTH:H.R. 580.Congress has the power to enact this legislation pursuantto the following:Section 8 of Article I of the Constitution.[Page H548]</pre>]]></constitutionalAuthorityStatementText>
    <cosponsors>
      <item>
        <bioguideId>M001137</bioguideId>
        <lastName>MEEKS</lastName>
        <identifiers>
          <lisID>1506</lisID>
          <gpoId>8067</gpoId>
          <bioguideId>M001137</bioguideId>
        </identifiers>
        <district>5</district>
        <isOriginalCosponsor>True</isOriginalCosponsor>
        <sponsorshipDate>2017-01-13</sponsorshipDate>
        <state>NY</state>
        <sponsorshipWithdrawnDate />
        <fullName>Rep. Meeks, Gregory W. [D-NY-5]</fullName>
        <middleName>W.</middleName>
        <firstName>GREGORY</firstName>
        <party>D</party>
      </item>
      <item>
        <bioguideId>C001068</bioguideId>
        <lastName>Cohen</lastName>
        <identifiers>
          <lisID>1878</lisID>
          <gpoId>8156</gpoId>
          <bioguideId>C001068</bioguideId>
        </identifiers>
        <district>9</district>
        <isOriginalCosponsor>True</isOriginalCosponsor>
        <sponsorshipDate>2017-01-13</sponsorshipDate>
        <state>TN</state>
        <sponsorshipWithdrawnDate />
        <fullName>Rep. Cohen, Steve [D-TN-9]</fullName>
        <middleName />
        <firstName>Steve</firstName>
        <party>D</party>
      </item>
      <item>
        <bioguideId>K000381</bioguideId>
        <lastName>Kilmer</lastName>
        <identifiers>
          <lisID>2169</lisID>
          <gpoId />
          <bioguideId>K000381</bioguideId>
        </identifiers>
        <district>6</district>
        <isOriginalCosponsor>False</isOriginalCosponsor>
        <sponsorshipDate>2017-01-24</sponsorshipDate>
        <state>WA</state>
        <sponsorshipWithdrawnDate />
        <fullName>Rep. Kilmer, Derek [D-WA-6]</fullName>
        <middleName />
        <firstName>Derek</firstName>
        <party>D</party>
      </item>
      <item>
        <bioguideId>R000515</bioguideId>
        <lastName>RUSH</lastName>
        <identifiers>
          <bioguideId>R000515</bioguideId>
          <gpoId>7921</gpoId>
          <lisID>1003</lisID>
        </identifiers>
        <district>1</district>
        <isOriginalCosponsor>False</isOriginalCosponsor>
        <sponsorshipDate>2017-03-24</sponsorshipDate>
        <state>IL</state>
        <sponsorshipWithdrawnDate />
        <fullName>Rep. Rush, Bobby L. [D-IL-1]</fullName>
        <middleName>L.</middleName>
        <firstName>BOBBY</firstName>
        <party>D</party>
      </item>
      <item>
        <bioguideId>L000565</bioguideId>
        <lastName>Loebsack</lastName>
        <identifiers>
          <lisID>1846</lisID>
          <gpoId>7915</gpoId>
          <bioguideId>L000565</bioguideId>
        </identifiers>
        <district>2</district>
        <isOriginalCosponsor>False</isOriginalCosponsor>
        <sponsorshipDate>2017-03-24</sponsorshipDate>
        <state>IA</state>
        <sponsorshipWithdrawnDate />
        <fullName>Rep. Loebsack, David [D-IA-2]</fullName>
        <middleName />
        <firstName>David</firstName>
        <party>D</party>
      </item>
      <item>
        <bioguideId>N000147</bioguideId>
        <lastName>NORTON</lastName>
        <identifiers>
          <bioguideId>N000147</bioguideId>
          <lisID>868</lisID>
          <gpoId>7871</gpoId>
        </identifiers>
        <district>0</district>
        <isOriginalCosponsor>False</isOriginalCosponsor>
        <sponsorshipDate>2017-03-24</sponsorshipDate>
        <state>DC</state>
        <sponsorshipWithdrawnDate />
        <fullName>Rep. Norton, Eleanor Holmes [D-DC-At Large]</fullName>
        <middleName>HOLMES</middleName>
        <firstName>ELEANOR</firstName>
        <party>D</party>
      </item>
      <item>
        <bioguideId>L000551</bioguideId>
        <lastName>LEE</lastName>
        <identifiers>
          <bioguideId>L000551</bioguideId>
          <gpoId>7814</gpoId>
          <lisID>1501</lisID>
        </identifiers>
        <district>13</district>
        <isOriginalCosponsor>False</isOriginalCosponsor>
        <sponsorshipDate>2017-03-24</sponsorshipDate>
        <state>CA</state>
        <sponsorshipWithdrawnDate />
        <fullName>Rep. Lee, Barbara [D-CA-13]</fullName>
        <middleName />
        <firstName>BARBARA</firstName>
        <party>D</party>
      </item>
      <item>
        <bioguideId>D000624</bioguideId>
        <lastName>Dingell</lastName>
        <identifiers>
          <bioguideId>D000624</bioguideId>
          <gpoId />
          <lisID>2251</lisID>
        </identifiers>
        <district>12</district>
        <isOriginalCosponsor>False</isOriginalCosponsor>
        <sponsorshipDate>2017-03-24</sponsorshipDate>
        <state>MI</state>
        <sponsorshipWithdrawnDate />
        <fullName>Rep. Dingell, Debbie [D-MI-12]</fullName>
        <middleName />
        <firstName>Debbie</firstName>
        <party>D</party>
      </item>
      <item>
        <bioguideId>J000032</bioguideId>
        <lastName>JACKSON LEE</lastName>
        <identifiers>
          <bioguideId>J000032</bioguideId>
          <lisID>588</lisID>
          <gpoId>8174</gpoId>
        </identifiers>
        <district>18</district>
        <isOriginalCosponsor>False</isOriginalCosponsor>
        <sponsorshipDate>2017-03-24</sponsorshipDate>
        <state>TX</state>
        <sponsorshipWithdrawnDate />
        <fullName>Rep. Jackson Lee, Sheila [D-TX-18]</fullName>
        <middleName />
        <firstName>SHEILA</firstName>
        <party>D</party>
      </item>
      <item>
        <bioguideId>K000380</bioguideId>
        <lastName>Kildee</lastName>
        <identifiers>
          <lisID>2134</lisID>
          <gpoId />
          <bioguideId>K000380</bioguideId>
        </identifiers>
        <district>5</district>
        <isOriginalCosponsor>False</isOriginalCosponsor>
        <sponsorshipDate>2017-03-24</sponsorshipDate>
        <state>MI</state>
        <sponsorshipWithdrawnDate />
        <fullName>Rep. Kildee, Daniel T. [D-MI-5]</fullName>
        <middleName>T.</middleName>
        <firstName>Daniel</firstName>
        <party>D</party>
      </item>
      <item>
        <bioguideId>W000808</bioguideId>
        <lastName>Wilson</lastName>
        <identifiers>
          <bioguideId>W000808</bioguideId>
          <lisID>2004</lisID>
          <gpoId>7889</gpoId>
        </identifiers>
        <district>24</district>
        <isOriginalCosponsor>False</isOriginalCosponsor>
        <sponsorshipDate>2017-03-24</sponsorshipDate>
        <state>FL</state>
        <sponsorshipWithdrawnDate />
        <fullName>Rep. Wilson, Frederica S. [D-FL-24]</fullName>
        <middleName>S.</middleName>
        <firstName>Frederica</firstName>
        <party>D</party>
      </item>
      <item>
        <bioguideId>K000009</bioguideId>
        <lastName>KAPTUR</lastName>
        <identifiers>
          <lisID>616</lisID>
          <gpoId>8099</gpoId>
          <bioguideId>K000009</bioguideId>
        </identifiers>
        <district>9</district>
        <isOriginalCosponsor>False</isOriginalCosponsor>
        <sponsorshipDate>2017-04-04</sponsorshipDate>
        <state>OH</state>
        <sponsorshipWithdrawnDate />
        <fullName>Rep. Kaptur, Marcy [D-OH-9]</fullName>
        <middleName />
        <firstName>MARCY</firstName>
        <party>D</party>
      </item>
    </cosponsors>
    <billType>HR</billType>
    <notes />
    <summaries>
      <billSummaries>
        <item>
          <actionDate>2017-01-13</actionDate>
          <text><![CDATA[<p><b>Muhammad Ali Legacy Act</b></p> <p>This bill directs the Department of State to award grants to one or more eligible organizations that: (1) are established to promote global respect, understanding, and communication and to encourage character and leadership development world-wide; and (2) demonstrate a commitment to preserving the legacy of Muhammad Ali.</p>]]></text>
          <updateDate>2017-01-13T05:00:00Z</updateDate>
          <versionCode>00</versionCode>
          <lastSummaryUpdateDate>2017-06-28T20:42:52Z</lastSummaryUpdateDate>
          <actionDesc>Introduced in House</actionDesc>
          <name>Introduced in House</name>
        </item>
      </billSummaries>
    </summaries>
    <relatedBills />
    <committees>
      <billCommittees>
        <item>
          <name>Foreign Affairs Committee</name>
          <activities>
            <item>
              <date>2017-01-13T14:00:26Z</date>
              <name>Referred to</name>
            </item>
          </activities>
          <chamber>House</chamber>
          <type>Standing</type>
          <systemCode>hsfa00</systemCode>
          <subcommittees />
        </item>
      </billCommittees>
    </committees>
    <cboCostEstimates />
    <subjects>
      <billSubjects>
        <policyArea>
          <name>International Affairs</name>
        </policyArea>
        <legislativeSubjects>
          <item>
            <name>Area studies and international education</name>
          </item>
          <item>
            <name>Athletes</name>
          </item>
          <item>
            <name>Congressional tributes</name>
          </item>
          <item>
            <name>Diplomacy, foreign officials, Americans abroad</name>
          </item>
          <item>
            <name>Education programs funding</name>
          </item>
          <item>
            <name>International organizations and cooperation</name>
          </item>
        </legislativeSubjects>
      </billSubjects>
    </subjects>
    <committeeReports />
    <title>Muhammad Ali Legacy Act</title>
    <recordedVotes />
    <actions>
      <actionTypeCounts>
        <introducedInTheHouse>1</introducedInTheHouse>
        <introducedInHouse>1</introducedInHouse>
        <billReferrals>1</billReferrals>
      </actionTypeCounts>
      <item>
        <actionCode>H11100</actionCode>
        <sourceSystem>
          <code>2</code>
          <name>House floor actions</name>
        </sourceSystem>
        <links />
        <text>Referred to the House Committee on Foreign Affairs.</text>
        <actionDate>2017-01-13</actionDate>
        <type>IntroReferral</type>
        <committee>
          <systemCode>hsfa00</systemCode>
          <name>Foreign Affairs Committee</name>
        </committee>
      </item>
      <item>
        <actionCode>Intro-H</actionCode>
        <sourceSystem>
          <code>9</code>
          <name>Library of Congress</name>
        </sourceSystem>
        <links />
        <text>Introduced in House</text>
        <actionDate>2017-01-13</actionDate>
        <type>IntroReferral</type>
        <committee />
      </item>
      <item>
        <actionCode>1000</actionCode>
        <sourceSystem>
          <code>9</code>
          <name>Library of Congress</name>
        </sourceSystem>
        <links />
        <text>Introduced in House</text>
        <actionDate>2017-01-13</actionDate>
        <type>IntroReferral</type>
        <committee />
      </item>
      <actionByCounts>
        <houseOfRepresentatives>3</houseOfRepresentatives>
      </actionByCounts>
    </actions>
    <introducedDate>2017-01-13</introducedDate>
  </bill>
  <dublinCore xmlns:dc="http://purl.org/dc/elements/1.1/">
    <dc:format>text/xml</dc:format>
    <dc:language>EN</dc:language>
    <dc:rights>Pursuant to Title 17 Section 105 of the United States Code, this file is not subject to copyright protection and is in the public domain.</dc:rights>
    <dc:contributor>Congressional Research Service, Library of Congress</dc:contributor>
    <dc:description>This file contains bill summaries and statuses for federal legislation. A bill summary describes the most significant provisions of a piece of legislation and details the effects the legislative text may have on current law and federal programs. Bill summaries are authored by the Congressional Research Service (CRS) of the Library of Congress. As stated in Public Law 91-510 (2 USC 166 (d)(6)), one of the duties of CRS is "to prepare summaries and digests of bills and resolutions of a public general nature introduced in the Senate or House of Representatives". For more information, refer to the User Guide that accompanies this file.</dc:description>
  </dublinCore>
</billStatus>

