<?xml version="1.0" encoding="UTF-8"?>
<billStatus>
  <bill>
    <introducedDate>2017-01-12</introducedDate>
    <createDate>2017-01-13T04:55:31Z</createDate>
    <policyArea>
      <name>Education</name>
    </policyArea>
    <title>No Funding for Sanctuary Campuses Act</title>
    <constitutionalAuthorityStatementText><![CDATA[<pre>From the Congressional Record Online through the Government Publishing Office [<a href='http://www.gpo.gov'>www.gpo.gov</a>]By Mr. HUNTER:H.R. 483.Congress has the power to enact this legislation pursuantto the following:Article 1, Section 8, Clauses 4 and 18[Page H472]</pre>]]></constitutionalAuthorityStatementText>
    <notes />
    <cosponsors>
      <item>
        <firstName>Lou</firstName>
        <identifiers>
          <bioguideId>B001269</bioguideId>
          <lisID>2054</lisID>
          <gpoId>8129</gpoId>
        </identifiers>
        <sponsorshipDate>2017-01-12</sponsorshipDate>
        <isOriginalCosponsor>True</isOriginalCosponsor>
        <state>PA</state>
        <lastName>Barletta</lastName>
        <middleName />
        <fullName>Rep. Barletta, Lou [R-PA-11]</fullName>
        <bioguideId>B001269</bioguideId>
        <district>11</district>
        <sponsorshipWithdrawnDate />
        <party>R</party>
      </item>
      <item>
        <firstName>Tom</firstName>
        <identifiers>
          <lisID>1908</lisID>
          <gpoId>7809</gpoId>
          <bioguideId>M001177</bioguideId>
        </identifiers>
        <sponsorshipDate>2017-01-12</sponsorshipDate>
        <isOriginalCosponsor>True</isOriginalCosponsor>
        <state>CA</state>
        <lastName>McClintock</lastName>
        <middleName />
        <fullName>Rep. McClintock, Tom [R-CA-4]</fullName>
        <bioguideId>M001177</bioguideId>
        <district>4</district>
        <sponsorshipWithdrawnDate />
        <party>R</party>
      </item>
      <item>
        <firstName>Doug</firstName>
        <identifiers>
          <lisID>2100</lisID>
          <gpoId />
          <bioguideId>L000578</bioguideId>
        </identifiers>
        <sponsorshipDate>2017-01-12</sponsorshipDate>
        <isOriginalCosponsor>True</isOriginalCosponsor>
        <state>CA</state>
        <lastName>LaMalfa</lastName>
        <middleName />
        <fullName>Rep. LaMalfa, Doug [R-CA-1]</fullName>
        <bioguideId>L000578</bioguideId>
        <district>1</district>
        <sponsorshipWithdrawnDate />
        <party>R</party>
      </item>
      <item>
        <firstName>Rick</firstName>
        <identifiers>
          <bioguideId>A000372</bioguideId>
          <lisID>2239</lisID>
          <gpoId />
        </identifiers>
        <sponsorshipDate>2017-01-12</sponsorshipDate>
        <isOriginalCosponsor>True</isOriginalCosponsor>
        <state>GA</state>
        <lastName>Allen</lastName>
        <middleName>W.</middleName>
        <fullName>Rep. Allen, Rick W. [R-GA-12]</fullName>
        <bioguideId>A000372</bioguideId>
        <district>12</district>
        <sponsorshipWithdrawnDate />
        <party>R</party>
      </item>
      <item>
        <firstName>WALTER</firstName>
        <identifiers>
          <bioguideId>J000255</bioguideId>
          <gpoId>8026</gpoId>
          <lisID>612</lisID>
        </identifiers>
        <sponsorshipDate>2017-01-12</sponsorshipDate>
        <isOriginalCosponsor>True</isOriginalCosponsor>
        <state>NC</state>
        <lastName>JONES</lastName>
        <middleName>B.</middleName>
        <fullName>Rep. Jones, Walter B., Jr. [R-NC-3]</fullName>
        <bioguideId>J000255</bioguideId>
        <district>3</district>
        <sponsorshipWithdrawnDate />
        <party>R</party>
      </item>
      <item>
        <firstName>DANA</firstName>
        <identifiers>
          <lisID>979</lisID>
          <gpoId>7851</gpoId>
          <bioguideId>R000409</bioguideId>
        </identifiers>
        <sponsorshipDate>2017-01-12</sponsorshipDate>
        <isOriginalCosponsor>True</isOriginalCosponsor>
        <state>CA</state>
        <lastName>ROHRABACHER</lastName>
        <middleName />
        <fullName>Rep. Rohrabacher, Dana [R-CA-48]</fullName>
        <bioguideId>R000409</bioguideId>
        <district>48</district>
        <sponsorshipWithdrawnDate />
        <party>R</party>
      </item>
      <item>
        <firstName>Andy</firstName>
        <identifiers>
          <bioguideId>B001302</bioguideId>
          <gpoId />
          <lisID>2307</lisID>
        </identifiers>
        <sponsorshipDate>2017-01-12</sponsorshipDate>
        <isOriginalCosponsor>True</isOriginalCosponsor>
        <state>AZ</state>
        <lastName>Biggs</lastName>
        <middleName />
        <fullName>Rep. Biggs, Andy [R-AZ-5]</fullName>
        <bioguideId>B001302</bioguideId>
        <district>5</district>
        <sponsorshipWithdrawnDate />
        <party>R</party>
      </item>
      <item>
        <firstName>Brian</firstName>
        <identifiers>
          <gpoId />
          <bioguideId>B001291</bioguideId>
          <lisID>2270</lisID>
        </identifiers>
        <sponsorshipDate>2017-01-12</sponsorshipDate>
        <isOriginalCosponsor>True</isOriginalCosponsor>
        <state>TX</state>
        <lastName>Babin</lastName>
        <middleName />
        <fullName>Rep. Babin, Brian [R-TX-36]</fullName>
        <bioguideId>B001291</bioguideId>
        <district>36</district>
        <sponsorshipWithdrawnDate />
        <party>R</party>
      </item>
      <item>
        <firstName>Louie</firstName>
        <identifiers>
          <lisID>1801</lisID>
          <gpoId>8157</gpoId>
          <bioguideId>G000552</bioguideId>
        </identifiers>
        <sponsorshipDate>2017-01-12</sponsorshipDate>
        <isOriginalCosponsor>True</isOriginalCosponsor>
        <state>TX</state>
        <lastName>Gohmert</lastName>
        <middleName />
        <fullName>Rep. Gohmert, Louie [R-TX-1]</fullName>
        <bioguideId>G000552</bioguideId>
        <district>1</district>
        <sponsorshipWithdrawnDate />
        <party>R</party>
      </item>
      <item>
        <firstName>Glenn</firstName>
        <identifiers>
          <lisID>2276</lisID>
          <gpoId />
          <bioguideId>G000576</bioguideId>
        </identifiers>
        <sponsorshipDate>2017-01-12</sponsorshipDate>
        <isOriginalCosponsor>True</isOriginalCosponsor>
        <state>WI</state>
        <lastName>Grothman</lastName>
        <middleName />
        <fullName>Rep. Grothman, Glenn [R-WI-6]</fullName>
        <bioguideId>G000576</bioguideId>
        <district>6</district>
        <sponsorshipWithdrawnDate />
        <party>R</party>
      </item>
      <item>
        <firstName>Garret</firstName>
        <identifiers>
          <lisID>2245</lisID>
          <gpoId />
          <bioguideId>G000577</bioguideId>
        </identifiers>
        <sponsorshipDate>2017-01-12</sponsorshipDate>
        <isOriginalCosponsor>True</isOriginalCosponsor>
        <state>LA</state>
        <lastName>Graves</lastName>
        <middleName />
        <fullName>Rep. Graves, Garret [R-LA-6]</fullName>
        <bioguideId>G000577</bioguideId>
        <district>6</district>
        <sponsorshipWithdrawnDate />
        <party>R</party>
      </item>
      <item>
        <firstName>Kevin</firstName>
        <identifiers>
          <bioguideId>C001096</bioguideId>
          <lisID>2144</lisID>
          <gpoId />
        </identifiers>
        <sponsorshipDate>2017-01-12</sponsorshipDate>
        <isOriginalCosponsor>True</isOriginalCosponsor>
        <state>ND</state>
        <lastName>Cramer</lastName>
        <middleName />
        <fullName>Rep. Cramer, Kevin [R-ND-At Large]</fullName>
        <bioguideId>C001096</bioguideId>
        <district>0</district>
        <sponsorshipWithdrawnDate />
        <party>R</party>
      </item>
      <item>
        <firstName>Dave</firstName>
        <identifiers>
          <lisID>2203</lisID>
          <gpoId />
          <bioguideId>B001290</bioguideId>
        </identifiers>
        <sponsorshipDate>2017-01-12</sponsorshipDate>
        <isOriginalCosponsor>True</isOriginalCosponsor>
        <state>VA</state>
        <lastName>Brat</lastName>
        <middleName />
        <fullName>Rep. Brat, Dave [R-VA-7]</fullName>
        <bioguideId>B001290</bioguideId>
        <district>7</district>
        <sponsorshipWithdrawnDate />
        <party>R</party>
      </item>
      <item>
        <firstName>Thomas</firstName>
        <identifiers>
          <gpoId />
          <bioguideId>G000580</bioguideId>
          <lisID>2353</lisID>
        </identifiers>
        <sponsorshipDate>2017-01-24</sponsorshipDate>
        <isOriginalCosponsor>False</isOriginalCosponsor>
        <state>VA</state>
        <lastName>Garrett</lastName>
        <middleName>A.</middleName>
        <fullName>Rep. Garrett, Thomas A., Jr. [R-VA-5]</fullName>
        <bioguideId>G000580</bioguideId>
        <district>5</district>
        <sponsorshipWithdrawnDate />
        <party>R</party>
      </item>
      <item>
        <firstName>Steve</firstName>
        <identifiers>
          <lisID>2265</lisID>
          <gpoId />
          <bioguideId>R000604</bioguideId>
        </identifiers>
        <sponsorshipDate>2017-02-09</sponsorshipDate>
        <isOriginalCosponsor>False</isOriginalCosponsor>
        <state>OK</state>
        <lastName>Russell</lastName>
        <middleName />
        <fullName>Rep. Russell, Steve [R-OK-5]</fullName>
        <bioguideId>R000604</bioguideId>
        <district>5</district>
        <sponsorshipWithdrawnDate />
        <party>R</party>
      </item>
      <item>
        <firstName>Jody</firstName>
        <identifiers>
          <bioguideId>H001071</bioguideId>
          <gpoId />
          <lisID>2237</lisID>
        </identifiers>
        <sponsorshipDate>2017-02-09</sponsorshipDate>
        <isOriginalCosponsor>False</isOriginalCosponsor>
        <state>GA</state>
        <lastName>Hice</lastName>
        <middleName>B.</middleName>
        <fullName>Rep. Hice, Jody B. [R-GA-10]</fullName>
        <bioguideId>H001071</bioguideId>
        <district>10</district>
        <sponsorshipWithdrawnDate />
        <party>R</party>
      </item>
      <item>
        <firstName>Jeff</firstName>
        <identifiers>
          <lisID>2057</lisID>
          <gpoId>8143</gpoId>
          <bioguideId>D000615</bioguideId>
        </identifiers>
        <sponsorshipDate>2017-02-14</sponsorshipDate>
        <isOriginalCosponsor>False</isOriginalCosponsor>
        <state>SC</state>
        <lastName>Duncan</lastName>
        <middleName />
        <fullName>Rep. Duncan, Jeff [R-SC-3]</fullName>
        <bioguideId>D000615</bioguideId>
        <district>3</district>
        <sponsorshipWithdrawnDate />
        <party>R</party>
      </item>
      <item>
        <firstName>Luke</firstName>
        <identifiers>
          <lisID>2130</lisID>
          <gpoId />
          <bioguideId>M001189</bioguideId>
        </identifiers>
        <sponsorshipDate>2017-11-08</sponsorshipDate>
        <isOriginalCosponsor>False</isOriginalCosponsor>
        <state>IN</state>
        <lastName>Messer</lastName>
        <middleName />
        <fullName>Rep. Messer, Luke [R-IN-6]</fullName>
        <bioguideId>M001189</bioguideId>
        <district>6</district>
        <sponsorshipWithdrawnDate />
        <party>R</party>
      </item>
      <item>
        <firstName>Todd</firstName>
        <identifiers>
          <lisID>2017</lisID>
          <gpoId>7943</gpoId>
          <bioguideId>R000592</bioguideId>
        </identifiers>
        <sponsorshipDate>2017-11-13</sponsorshipDate>
        <isOriginalCosponsor>False</isOriginalCosponsor>
        <state>IN</state>
        <lastName>Rokita</lastName>
        <middleName />
        <fullName>Rep. Rokita, Todd [R-IN-4]</fullName>
        <bioguideId>R000592</bioguideId>
        <district>4</district>
        <sponsorshipWithdrawnDate />
        <party>R</party>
      </item>
      <item>
        <firstName>Steven</firstName>
        <identifiers>
          <lisID>2035</lisID>
          <gpoId>8022</gpoId>
          <bioguideId>P000601</bioguideId>
        </identifiers>
        <sponsorshipDate>2018-01-18</sponsorshipDate>
        <isOriginalCosponsor>False</isOriginalCosponsor>
        <state>MS</state>
        <lastName>Palazzo</lastName>
        <middleName>M.</middleName>
        <fullName>Rep. Palazzo, Steven M. [R-MS-4]</fullName>
        <bioguideId>P000601</bioguideId>
        <district>4</district>
        <sponsorshipWithdrawnDate />
        <party>R</party>
      </item>
      <item>
        <firstName>Mo</firstName>
        <identifiers>
          <gpoId>7790</gpoId>
          <bioguideId>B001274</bioguideId>
          <lisID>1987</lisID>
        </identifiers>
        <sponsorshipDate>2018-03-14</sponsorshipDate>
        <isOriginalCosponsor>False</isOriginalCosponsor>
        <state>AL</state>
        <lastName>Brooks</lastName>
        <middleName />
        <fullName>Rep. Brooks, Mo [R-AL-5]</fullName>
        <bioguideId>B001274</bioguideId>
        <district>5</district>
        <sponsorshipWithdrawnDate />
        <party>R</party>
      </item>
    </cosponsors>
    <actions>
      <actionTypeCounts>
        <billReferrals>1</billReferrals>
        <introducedInTheHouse>1</introducedInTheHouse>
        <introducedInHouse>1</introducedInHouse>
      </actionTypeCounts>
      <item>
        <text>Referred to the House Committee on Education and the Workforce.</text>
        <type>IntroReferral</type>
        <actionDate>2017-01-12</actionDate>
        <links />
        <committee>
          <name>Education and the Workforce Committee</name>
          <systemCode>hsed00</systemCode>
        </committee>
        <sourceSystem>
          <code>2</code>
          <name>House floor actions</name>
        </sourceSystem>
        <actionCode>H11100</actionCode>
      </item>
      <item>
        <text>Introduced in House</text>
        <type>IntroReferral</type>
        <actionDate>2017-01-12</actionDate>
        <links />
        <committee />
        <sourceSystem>
          <code>9</code>
          <name>Library of Congress</name>
        </sourceSystem>
        <actionCode>Intro-H</actionCode>
      </item>
      <item>
        <text>Introduced in House</text>
        <type>IntroReferral</type>
        <actionDate>2017-01-12</actionDate>
        <links />
        <committee />
        <sourceSystem>
          <code>9</code>
          <name>Library of Congress</name>
        </sourceSystem>
        <actionCode>1000</actionCode>
      </item>
      <actionByCounts>
        <houseOfRepresentatives>3</houseOfRepresentatives>
      </actionByCounts>
    </actions>
    <originChamber>House</originChamber>
    <latestAction>
      <actionDate>2017-01-12</actionDate>
      <text>Referred to the House Committee on Education and the Workforce.</text>
      <links />
    </latestAction>
    <calendarNumbers />
    <committeeReports />
    <congress>115</congress>
    <cboCostEstimates />
    <relatedBills />
    <billNumber>483</billNumber>
    <amendments />
    <committees>
      <billCommittees>
        <item>
          <name>Education and the Workforce Committee</name>
          <subcommittees />
          <systemCode>hsed00</systemCode>
          <chamber>House</chamber>
          <activities>
            <item>
              <date>2017-01-12T15:01:05Z</date>
              <name>Referred to</name>
            </item>
          </activities>
          <type>Standing</type>
        </item>
      </billCommittees>
    </committees>
    <updateDate>2018-03-30T13:59:52Z</updateDate>
    <summaries>
      <billSummaries>
        <item>
          <lastSummaryUpdateDate>2017-04-21T15:46:46Z</lastSummaryUpdateDate>
          <updateDate>2017-01-12T05:00:00Z</updateDate>
          <text><![CDATA[<p> <b>No Funding for Sanctuary Campuses Act</b></p> <p>This bill amends title IV (Student Aid) of the Higher Education Act of 1965 to make an institution of higher education (IHE) that is a sanctuary campus ineligible for funds under title IV. </p> <p>It defines the term &quot;sanctuary campus.&quot; </p> <p>The Department of Homeland Security must transmit to the Department of Education and publish in the Federal Register notice of a determination that an IHE is a sanctuary campus. </p> <p>The bill expresses the sense of Congress that providing in-state tuition to an alien who lacks lawful immigration status in the United States creates an incentive for illegal immigration and encourages and induces aliens to come to, enter, or reside in the United States. </p>]]></text>
          <actionDesc>Introduced in House</actionDesc>
          <versionCode>00</versionCode>
          <actionDate>2017-01-12</actionDate>
          <name>Introduced in House</name>
        </item>
      </billSummaries>
    </summaries>
    <recordedVotes />
    <version>1.0.0</version>
    <sponsors>
      <item>
        <firstName>Duncan</firstName>
        <byRequestType />
        <fullName>Rep. Hunter, Duncan D. [R-CA-50]</fullName>
        <bioguideId>H001048</bioguideId>
        <state>CA</state>
        <district>50</district>
        <party>R</party>
        <identifiers>
          <lisID>1909</lisID>
          <gpoId>7857</gpoId>
          <bioguideId>H001048</bioguideId>
        </identifiers>
        <middleName>D.</middleName>
        <lastName>Hunter</lastName>
      </item>
    </sponsors>
    <subjects>
      <billSubjects>
        <policyArea>
          <name>Education</name>
        </policyArea>
        <legislativeSubjects>
          <item>
            <name>Border security and unlawful immigration</name>
          </item>
          <item>
            <name>Citizenship and naturalization</name>
          </item>
          <item>
            <name>Criminal justice information and records</name>
          </item>
          <item>
            <name>Department of Homeland Security</name>
          </item>
          <item>
            <name>Education programs funding</name>
          </item>
          <item>
            <name>Employee hiring</name>
          </item>
          <item>
            <name>Government employee pay, benefits, personnel management</name>
          </item>
          <item>
            <name>Higher education</name>
          </item>
          <item>
            <name>Immigration status and procedures</name>
          </item>
          <item>
            <name>Student records</name>
          </item>
        </legislativeSubjects>
      </billSubjects>
    </subjects>
    <billType>HR</billType>
    <laws />
    <titles>
      <item>
        <titleType>Short Titles as Introduced</titleType>
        <chamberCode />
        <chamberName />
        <parentTitleType />
        <title>No Funding for Sanctuary Campuses Act</title>
      </item>
      <item>
        <titleType>Official Title as Introduced</titleType>
        <chamberCode />
        <chamberName />
        <parentTitleType />
        <title>To amend title IV of the Higher Education Act of 1965 to prohibit the provision of funds under such title to institutions of higher education that violate the immigration laws, and for other purposes.</title>
      </item>
      <item>
        <titleType>Display Title</titleType>
        <chamberCode />
        <chamberName />
        <parentTitleType />
        <title>No Funding for Sanctuary Campuses Act</title>
      </item>
      <item>
        <titleType>(Extracted from GPO) Short Titles as Introduced</titleType>
        <chamberCode />
        <chamberName />
        <parentTitleType />
        <title>No Funding for Sanctuary Campuses Act</title>
      </item>
    </titles>
  </bill>
  <dublinCore xmlns:dc="http://purl.org/dc/elements/1.1/">
    <dc:format>text/xml</dc:format>
    <dc:language>EN</dc:language>
    <dc:rights>Pursuant to Title 17 Section 105 of the United States Code, this file is not subject to copyright protection and is in the public domain.</dc:rights>
    <dc:contributor>Congressional Research Service, Library of Congress</dc:contributor>
    <dc:description>This file contains bill summaries and statuses for federal legislation. A bill summary describes the most significant provisions of a piece of legislation and details the effects the legislative text may have on current law and federal programs. Bill summaries are authored by the Congressional Research Service (CRS) of the Library of Congress. As stated in Public Law 91-510 (2 USC 166 (d)(6)), one of the duties of CRS is "to prepare summaries and digests of bills and resolutions of a public general nature introduced in the Senate or House of Representatives". For more information, refer to the User Guide that accompanies this file.</dc:description>
  </dublinCore>
</billStatus>

