<?xml version="1.0" encoding="UTF-8"?>
<billStatus>
  <bill>
    <laws />
    <recordedVotes />
    <amendments />
    <titles>
      <item>
        <chamberCode />
        <parentTitleType />
        <titleType>Short Titles as Introduced</titleType>
        <chamberName />
        <title>End Unnecessary Borrowing Act of 2017</title>
      </item>
      <item>
        <chamberCode />
        <parentTitleType />
        <titleType>Official Title as Introduced</titleType>
        <chamberName />
        <title>To ensure that any authority of the Mutual Mortgage Insurance Fund to borrow amounts from the Treasury is used only to pay mortgage insurance claims.</title>
      </item>
      <item>
        <chamberCode />
        <parentTitleType />
        <titleType>Display Title</titleType>
        <chamberName />
        <title>End Unnecessary Borrowing Act of 2017</title>
      </item>
      <item>
        <chamberCode />
        <parentTitleType />
        <titleType>(Extracted from GPO) Short Titles as Introduced</titleType>
        <chamberName />
        <title>End Unnecessary Borrowing Act of 2017</title>
      </item>
    </titles>
    <sponsors>
      <item>
        <state>MA</state>
        <identifiers>
          <bioguideId>C001037</bioguideId>
          <gpoId>7973</gpoId>
          <lisID>1564</lisID>
        </identifiers>
        <lastName>CAPUANO</lastName>
        <party>D</party>
        <district>7</district>
        <middleName>E.</middleName>
        <fullName>Rep. Capuano, Michael E. [D-MA-7]</fullName>
        <bioguideId>C001037</bioguideId>
        <firstName>MICHAEL</firstName>
        <byRequestType />
      </item>
    </sponsors>
    <committeeReports />
    <version>1.0.0</version>
    <calendarNumbers />
    <billNumber>492</billNumber>
    <originChamber>House</originChamber>
    <cosponsors />
    <title>End Unnecessary Borrowing Act of 2017</title>
    <policyArea>
      <name>Housing and Community Development</name>
    </policyArea>
    <billType>HR</billType>
    <congress>115</congress>
    <subjects>
      <billSubjects>
        <legislativeSubjects>
          <item>
            <name>Government lending and loan guarantees</name>
          </item>
          <item>
            <name>Government trust funds</name>
          </item>
          <item>
            <name>Housing finance and home ownership</name>
          </item>
        </legislativeSubjects>
        <policyArea>
          <name>Housing and Community Development</name>
        </policyArea>
      </billSubjects>
    </subjects>
    <latestAction>
      <links />
      <actionDate>2017-01-12</actionDate>
      <text>Referred to the House Committee on Financial Services.</text>
    </latestAction>
    <updateDate>2018-03-30T13:59:54Z</updateDate>
    <createDate>2017-01-13T04:55:31Z</createDate>
    <actions>
      <actionByCounts>
        <houseOfRepresentatives>3</houseOfRepresentatives>
      </actionByCounts>
      <item>
        <actionCode>H11100</actionCode>
        <committee>
          <name>Financial Services Committee</name>
          <systemCode>hsba00</systemCode>
        </committee>
        <sourceSystem>
          <name>House floor actions</name>
          <code>2</code>
        </sourceSystem>
        <type>IntroReferral</type>
        <text>Referred to the House Committee on Financial Services.</text>
        <actionDate>2017-01-12</actionDate>
        <links />
      </item>
      <item>
        <actionCode>Intro-H</actionCode>
        <committee />
        <sourceSystem>
          <name>Library of Congress</name>
          <code>9</code>
        </sourceSystem>
        <type>IntroReferral</type>
        <text>Introduced in House</text>
        <actionDate>2017-01-12</actionDate>
        <links />
      </item>
      <item>
        <actionCode>1000</actionCode>
        <committee />
        <sourceSystem>
          <name>Library of Congress</name>
          <code>9</code>
        </sourceSystem>
        <type>IntroReferral</type>
        <text>Introduced in House</text>
        <actionDate>2017-01-12</actionDate>
        <links />
      </item>
      <actionTypeCounts>
        <billReferrals>1</billReferrals>
        <introducedInHouse>1</introducedInHouse>
        <introducedInTheHouse>1</introducedInTheHouse>
      </actionTypeCounts>
    </actions>
    <notes />
    <introducedDate>2017-01-12</introducedDate>
    <relatedBills />
    <constitutionalAuthorityStatementText><![CDATA[<pre>From the Congressional Record Online through the Government Publishing Office [<a href='http://www.gpo.gov'>www.gpo.gov</a>]By Mr. CAPUANO:H.R. 492.Congress has the power to enact this legislation pursuantto the following:Article I, Section 8, Clause 18[Page H473]</pre>]]></constitutionalAuthorityStatementText>
    <cboCostEstimates />
    <summaries>
      <billSummaries>
        <item>
          <actionDate>2017-01-12</actionDate>
          <actionDesc>Introduced in House</actionDesc>
          <text><![CDATA[<p><b>End Unnecessary Borrowing Act of 2017</b></p> <p> This bill amends the National Housing Act with respect to the requirement that the Department of Housing and Urban Development (HUD) endeavor to ensure that the Mutual Mortgage Insurance Fund (MMI Fund) attains a capital ratio of not less than 2% within 10 years after enactment of that requirement (November 5, 1990) and to ensure that the fund maintains at least that capital ratio at all times thereafter.</p> <p>The bill prohibits these requirements from being construed to authorize or require HUD to borrow any amounts to comply with the capital ratio requirement.</p> <p>Any HUD authority to borrow from the Treasury for the MMI Fund may be used only to the extent necessary to pay claims on mortgage insurance that is an obligation of such fund.</p>]]></text>
          <name>Introduced in House</name>
          <updateDate>2017-01-12T05:00:00Z</updateDate>
          <lastSummaryUpdateDate>2017-01-31T14:47:17Z</lastSummaryUpdateDate>
          <versionCode>00</versionCode>
        </item>
      </billSummaries>
    </summaries>
    <committees>
      <billCommittees>
        <item>
          <chamber>House</chamber>
          <type>Standing</type>
          <name>Financial Services Committee</name>
          <activities>
            <item>
              <date>2017-01-12T15:06:15Z</date>
              <name>Referred to</name>
            </item>
          </activities>
          <subcommittees />
          <systemCode>hsba00</systemCode>
        </item>
      </billCommittees>
    </committees>
  </bill>
  <dublinCore xmlns:dc="http://purl.org/dc/elements/1.1/">
    <dc:format>text/xml</dc:format>
    <dc:language>EN</dc:language>
    <dc:rights>Pursuant to Title 17 Section 105 of the United States Code, this file is not subject to copyright protection and is in the public domain.</dc:rights>
    <dc:contributor>Congressional Research Service, Library of Congress</dc:contributor>
    <dc:description>This file contains bill summaries and statuses for federal legislation. A bill summary describes the most significant provisions of a piece of legislation and details the effects the legislative text may have on current law and federal programs. Bill summaries are authored by the Congressional Research Service (CRS) of the Library of Congress. As stated in Public Law 91-510 (2 USC 166 (d)(6)), one of the duties of CRS is "to prepare summaries and digests of bills and resolutions of a public general nature introduced in the Senate or House of Representatives". For more information, refer to the User Guide that accompanies this file.</dc:description>
  </dublinCore>
</billStatus>

