<?xml version="1.0" encoding="UTF-8"?>
<billStatus>
  <bill>
    <introducedDate>2017-01-13</introducedDate>
    <createDate>2017-01-14T04:47:32Z</createDate>
    <policyArea>
      <name>Health</name>
    </policyArea>
    <title>End Trafficking of the Terminated Unborn Act of 2017</title>
    <constitutionalAuthorityStatementText><![CDATA[<pre>From the Congressional Record Online through the Government Publishing Office [<a href='http://www.gpo.gov'>www.gpo.gov</a>]By Mr. LAMBORN:H.R. 524.Congress has the power to enact this legislation pursuantto the following:Clause 3 of Section 8 of Article 1 of the Constitutionstates that Congress has the authority to ``regulate Commercewith foreign nations, and among the several states.''[[Page H547]][Page H546]</pre>]]></constitutionalAuthorityStatementText>
    <notes />
    <cosponsors>
      <item>
        <sponsorshipDate>2017-01-13</sponsorshipDate>
        <state>OH</state>
        <lastName>Wenstrup</lastName>
        <firstName>Brad</firstName>
        <sponsorshipWithdrawnDate />
        <middleName>R.</middleName>
        <identifiers>
          <bioguideId>W000815</bioguideId>
          <gpoId />
          <lisID>2152</lisID>
        </identifiers>
        <fullName>Rep. Wenstrup, Brad R. [R-OH-2]</fullName>
        <bioguideId>W000815</bioguideId>
        <isOriginalCosponsor>True</isOriginalCosponsor>
        <district>2</district>
        <party>R</party>
      </item>
      <item>
        <sponsorshipDate>2017-01-13</sponsorshipDate>
        <state>WV</state>
        <lastName>Mooney</lastName>
        <firstName>Alexander</firstName>
        <sponsorshipWithdrawnDate />
        <middleName>X.</middleName>
        <identifiers>
          <gpoId />
          <bioguideId>M001195</bioguideId>
          <lisID>2277</lisID>
        </identifiers>
        <fullName>Rep. Mooney, Alexander X. [R-WV-2]</fullName>
        <bioguideId>M001195</bioguideId>
        <isOriginalCosponsor>True</isOriginalCosponsor>
        <district>2</district>
        <party>R</party>
      </item>
      <item>
        <sponsorshipDate>2017-01-13</sponsorshipDate>
        <state>NC</state>
        <lastName>JONES</lastName>
        <firstName>WALTER</firstName>
        <sponsorshipWithdrawnDate />
        <middleName>B.</middleName>
        <identifiers>
          <bioguideId>J000255</bioguideId>
          <gpoId>8026</gpoId>
          <lisID>612</lisID>
        </identifiers>
        <fullName>Rep. Jones, Walter B., Jr. [R-NC-3]</fullName>
        <bioguideId>J000255</bioguideId>
        <isOriginalCosponsor>True</isOriginalCosponsor>
        <district>3</district>
        <party>R</party>
      </item>
      <item>
        <sponsorshipDate>2018-02-02</sponsorshipDate>
        <state>AZ</state>
        <lastName>Biggs</lastName>
        <firstName>Andy</firstName>
        <sponsorshipWithdrawnDate />
        <middleName />
        <identifiers>
          <lisID>2307</lisID>
          <gpoId />
          <bioguideId>B001302</bioguideId>
        </identifiers>
        <fullName>Rep. Biggs, Andy [R-AZ-5]</fullName>
        <bioguideId>B001302</bioguideId>
        <isOriginalCosponsor>False</isOriginalCosponsor>
        <district>5</district>
        <party>R</party>
      </item>
    </cosponsors>
    <actions>
      <actionByCounts>
        <houseOfRepresentatives>3</houseOfRepresentatives>
      </actionByCounts>
      <item>
        <text>Referred to the House Committee on Energy and Commerce.</text>
        <links />
        <sourceSystem>
          <code>2</code>
          <name>House floor actions</name>
        </sourceSystem>
        <actionDate>2017-01-13</actionDate>
        <actionCode>H11100</actionCode>
        <committee>
          <systemCode>hsif00</systemCode>
          <name>Energy and Commerce Committee</name>
        </committee>
        <type>IntroReferral</type>
      </item>
      <item>
        <text>Introduced in House</text>
        <links />
        <sourceSystem>
          <code>9</code>
          <name>Library of Congress</name>
        </sourceSystem>
        <actionDate>2017-01-13</actionDate>
        <actionCode>Intro-H</actionCode>
        <committee />
        <type>IntroReferral</type>
      </item>
      <item>
        <text>Introduced in House</text>
        <links />
        <sourceSystem>
          <code>9</code>
          <name>Library of Congress</name>
        </sourceSystem>
        <actionDate>2017-01-13</actionDate>
        <actionCode>1000</actionCode>
        <committee />
        <type>IntroReferral</type>
      </item>
      <actionTypeCounts>
        <introducedInTheHouse>1</introducedInTheHouse>
        <introducedInHouse>1</introducedInHouse>
        <billReferrals>1</billReferrals>
      </actionTypeCounts>
    </actions>
    <originChamber>House</originChamber>
    <latestAction>
      <actionDate>2017-01-13</actionDate>
      <text>Referred to the House Committee on Energy and Commerce.</text>
      <links />
    </latestAction>
    <calendarNumbers />
    <committeeReports />
    <congress>115</congress>
    <cboCostEstimates />
    <relatedBills />
    <billNumber>524</billNumber>
    <amendments />
    <committees>
      <billCommittees>
        <item>
          <activities>
            <item>
              <name>Referred to</name>
              <date>2017-01-13T14:06:25Z</date>
            </item>
          </activities>
          <systemCode>hsif00</systemCode>
          <name>Energy and Commerce Committee</name>
          <subcommittees />
          <type>Standing</type>
          <chamber>House</chamber>
        </item>
      </billCommittees>
    </committees>
    <updateDate>2018-03-30T14:00:03Z</updateDate>
    <summaries>
      <billSummaries>
        <item>
          <actionDate>2017-01-13</actionDate>
          <text><![CDATA[<p><b>End Trafficking of the Terminated Unborn Act of 2017</b></p> <p>This bill amends the Public Health Service Act to prohibit the use of tissue from an induced abortion for research conducted or supported by the National Institutes of Health on the transplantation of fetal tissue for therapeutic purposes.</p> Soliciting or acquiring a donation of fetal tissue from an induced abortion for a purpose other than disposal is prohibited.]]></text>
          <updateDate>2017-01-13T05:00:00Z</updateDate>
          <versionCode>00</versionCode>
          <lastSummaryUpdateDate>2017-02-01T16:47:50Z</lastSummaryUpdateDate>
          <actionDesc>Introduced in House</actionDesc>
          <name>Introduced in House</name>
        </item>
      </billSummaries>
    </summaries>
    <recordedVotes />
    <version>1.0.0</version>
    <sponsors>
      <item>
        <firstName>Doug</firstName>
        <byRequestType />
        <fullName>Rep. Lamborn, Doug [R-CO-5]</fullName>
        <bioguideId>L000564</bioguideId>
        <state>CO</state>
        <district>5</district>
        <party>R</party>
        <identifiers>
          <bioguideId>L000564</bioguideId>
          <lisID>1834</lisID>
          <gpoId>7863</gpoId>
        </identifiers>
        <middleName />
        <lastName>Lamborn</lastName>
      </item>
    </sponsors>
    <subjects>
      <billSubjects>
        <policyArea>
          <name>Health</name>
        </policyArea>
        <legislativeSubjects>
          <item>
            <name>Abortion</name>
          </item>
          <item>
            <name>Department of Health and Human Services</name>
          </item>
          <item>
            <name>Medical research</name>
          </item>
          <item>
            <name>National Institutes of Health (NIH)</name>
          </item>
          <item>
            <name>Organ and tissue donation and transplantation</name>
          </item>
          <item>
            <name>Research administration and funding</name>
          </item>
        </legislativeSubjects>
      </billSubjects>
    </subjects>
    <billType>HR</billType>
    <laws />
    <titles>
      <item>
        <chamberName />
        <title>End Trafficking of the Terminated Unborn Act of 2017</title>
        <chamberCode />
        <titleType>Short Titles as Introduced</titleType>
        <parentTitleType />
      </item>
      <item>
        <chamberName />
        <title>To prohibit any person from soliciting or knowingly acquiring, receiving, or accepting a donation of human fetal tissue for any purpose other than disposal of the tissue if the donation affects interstate commerce and the tissue will be or is obtained pursuant to an induced abortion, and for other purposes.</title>
        <chamberCode />
        <titleType>Official Title as Introduced</titleType>
        <parentTitleType />
      </item>
      <item>
        <chamberName />
        <title>End Trafficking of the Terminated Unborn Act of 2017</title>
        <chamberCode />
        <titleType>Display Title</titleType>
        <parentTitleType />
      </item>
      <item>
        <chamberName />
        <title>End Trafficking of the Terminated Unborn Act of 2017</title>
        <chamberCode />
        <titleType>(Extracted from GPO) Short Titles as Introduced</titleType>
        <parentTitleType />
      </item>
    </titles>
  </bill>
  <dublinCore xmlns:dc="http://purl.org/dc/elements/1.1/">
    <dc:format>text/xml</dc:format>
    <dc:language>EN</dc:language>
    <dc:rights>Pursuant to Title 17 Section 105 of the United States Code, this file is not subject to copyright protection and is in the public domain.</dc:rights>
    <dc:contributor>Congressional Research Service, Library of Congress</dc:contributor>
    <dc:description>This file contains bill summaries and statuses for federal legislation. A bill summary describes the most significant provisions of a piece of legislation and details the effects the legislative text may have on current law and federal programs. Bill summaries are authored by the Congressional Research Service (CRS) of the Library of Congress. As stated in Public Law 91-510 (2 USC 166 (d)(6)), one of the duties of CRS is "to prepare summaries and digests of bills and resolutions of a public general nature introduced in the Senate or House of Representatives". For more information, refer to the User Guide that accompanies this file.</dc:description>
  </dublinCore>
</billStatus>

