<?xml version="1.0" encoding="UTF-8"?>
<billStatus>
  <bill>
    <laws />
    <recordedVotes />
    <amendments />
    <titles>
      <item>
        <chamberCode />
        <parentTitleType />
        <titleType>Short Titles as Introduced</titleType>
        <title>Drain the Swamp Act of 2017</title>
        <chamberName />
      </item>
      <item>
        <chamberCode />
        <parentTitleType />
        <titleType>Official Title as Introduced</titleType>
        <title>To amend title 18, United States Code, to establish a uniform 5-year post-employment ban on the lobbying of any officer or employee of the executive branch or any Member, officer, or employee of Congress by former executive branch officials and former Members, officers, and employees of Congress, to establish a lifetime post-employment ban on lobbying on behalf of foreign governments by former senior executive branch officials, and for other purposes.</title>
        <chamberName />
      </item>
      <item>
        <chamberCode />
        <parentTitleType />
        <titleType>Display Title</titleType>
        <title>Drain the Swamp Act of 2017</title>
        <chamberName />
      </item>
      <item>
        <chamberCode />
        <parentTitleType />
        <titleType>(Extracted from GPO) Short Titles as Introduced</titleType>
        <title>Drain the Swamp Act of 2017</title>
        <chamberName />
      </item>
    </titles>
    <sponsors>
      <item>
        <state>FL</state>
        <identifiers>
          <lisID>2116</lisID>
          <gpoId />
          <bioguideId>D000621</bioguideId>
        </identifiers>
        <lastName>DeSantis</lastName>
        <party>R</party>
        <district>6</district>
        <middleName />
        <fullName>Rep. DeSantis, Ron [R-FL-6]</fullName>
        <bioguideId>D000621</bioguideId>
        <firstName>Ron</firstName>
        <byRequestType />
      </item>
    </sponsors>
    <committeeReports />
    <version>1.0.0</version>
    <calendarNumbers />
    <billNumber>796</billNumber>
    <originChamber>House</originChamber>
    <cosponsors>
      <item>
        <sponsorshipWithdrawnDate />
        <identifiers>
          <lisID>2017</lisID>
          <gpoId>7943</gpoId>
          <bioguideId>R000592</bioguideId>
        </identifiers>
        <party>R</party>
        <district>4</district>
        <state>IN</state>
        <sponsorshipDate>2017-06-07</sponsorshipDate>
        <bioguideId>R000592</bioguideId>
        <fullName>Rep. Rokita, Todd [R-IN-4]</fullName>
        <middleName />
        <firstName>Todd</firstName>
        <isOriginalCosponsor>False</isOriginalCosponsor>
        <lastName>Rokita</lastName>
      </item>
      <item>
        <sponsorshipWithdrawnDate />
        <identifiers>
          <lisID>2359</lisID>
          <gpoId />
          <bioguideId>G000584</bioguideId>
        </identifiers>
        <party>R</party>
        <district>0</district>
        <state>MT</state>
        <sponsorshipDate>2017-06-21</sponsorshipDate>
        <bioguideId>G000584</bioguideId>
        <fullName>Rep. Gianforte, Greg [R-MT-At Large]</fullName>
        <middleName />
        <firstName>Greg</firstName>
        <isOriginalCosponsor>False</isOriginalCosponsor>
        <lastName>Gianforte</lastName>
      </item>
    </cosponsors>
    <title>Drain the Swamp Act of 2017</title>
    <policyArea>
      <name>Government Operations and Politics</name>
    </policyArea>
    <billType>HR</billType>
    <congress>115</congress>
    <subjects>
      <billSubjects>
        <legislativeSubjects>
          <item>
            <name>Congressional officers and employees</name>
          </item>
          <item>
            <name>Elections, voting, political campaign regulation</name>
          </item>
          <item>
            <name>Federal officials</name>
          </item>
          <item>
            <name>Government employee pay, benefits, personnel management</name>
          </item>
          <item>
            <name>Government ethics and transparency, public corruption</name>
          </item>
          <item>
            <name>Members of Congress</name>
          </item>
          <item>
            <name>Presidents and presidential powers, Vice Presidents</name>
          </item>
          <item>
            <name>Public participation and lobbying</name>
          </item>
        </legislativeSubjects>
        <policyArea>
          <name>Government Operations and Politics</name>
        </policyArea>
      </billSubjects>
    </subjects>
    <latestAction>
      <links />
      <actionDate>2017-03-02</actionDate>
      <text>Referred to the Subcommittee on the Constitution and Civil Justice.</text>
    </latestAction>
    <updateDate>2018-03-30T14:01:21Z</updateDate>
    <createDate>2017-02-02T05:28:45Z</createDate>
    <actions>
      <actionTypeCounts>
        <introducedInHouse>1</introducedInHouse>
        <introducedInTheHouse>1</introducedInTheHouse>
        <billReferralsAggregate>1</billReferralsAggregate>
        <billReferrals>2</billReferrals>
        <placeholderTextForH>1</placeholderTextForH>
      </actionTypeCounts>
      <item>
        <actionDate>2017-03-02</actionDate>
        <committee>
          <systemCode>hsju10</systemCode>
          <name>Constitution and Civil Justice Subcommittee</name>
        </committee>
        <links />
        <sourceSystem>
          <code>1</code>
          <name>House committee actions</name>
        </sourceSystem>
        <text>Referred to the Subcommittee on the Constitution and Civil Justice.</text>
        <type>Committee</type>
      </item>
      <item>
        <type>IntroReferral</type>
        <sourceSystem>
          <code>2</code>
          <name>House floor actions</name>
        </sourceSystem>
        <actionCode>H11100</actionCode>
        <links />
        <text>Referred to House Administration</text>
        <committee>
          <systemCode>hsha00</systemCode>
          <name>House Administration Committee</name>
        </committee>
        <actionDate>2017-02-01</actionDate>
      </item>
      <item>
        <type>IntroReferral</type>
        <sourceSystem>
          <code>2</code>
          <name>House floor actions</name>
        </sourceSystem>
        <actionCode>H11100</actionCode>
        <links />
        <text>Referred to House Judiciary</text>
        <committee>
          <systemCode>hsju00</systemCode>
          <name>Judiciary Committee</name>
        </committee>
        <actionDate>2017-02-01</actionDate>
      </item>
      <item>
        <type>IntroReferral</type>
        <sourceSystem>
          <code>9</code>
          <name>Library of Congress</name>
        </sourceSystem>
        <actionCode>H11100-A</actionCode>
        <links />
        <text>Referred to the Committee on the Judiciary, and in addition to the Committee on House Administration, for a period to be subsequently determined by the Speaker, in each case for consideration of such provisions as fall within the jurisdiction of the committee concerned.</text>
        <committee />
        <actionDate>2017-02-01</actionDate>
      </item>
      <item>
        <type>IntroReferral</type>
        <sourceSystem>
          <code>9</code>
          <name>Library of Congress</name>
        </sourceSystem>
        <actionCode>Intro-H</actionCode>
        <links />
        <text>Introduced in House</text>
        <committee />
        <actionDate>2017-02-01</actionDate>
      </item>
      <item>
        <type>IntroReferral</type>
        <sourceSystem>
          <code>9</code>
          <name>Library of Congress</name>
        </sourceSystem>
        <actionCode>1000</actionCode>
        <links />
        <text>Introduced in House</text>
        <committee />
        <actionDate>2017-02-01</actionDate>
      </item>
      <actionByCounts>
        <houseOfRepresentatives>6</houseOfRepresentatives>
      </actionByCounts>
    </actions>
    <notes />
    <introducedDate>2017-02-01</introducedDate>
    <relatedBills />
    <constitutionalAuthorityStatementText><![CDATA[<pre>From the Congressional Record Online through the Government Publishing Office [<a href='http://www.gpo.gov'>www.gpo.gov</a>]By Mr. DeSANTIS:H.R. 796.Congress has the power to enact this legislation pursuantto the following:Article I, Section 5, Clause 2 (Each House may determinethe Rules of its Proceedings, punish its Members fordisorderly Behavior, and, with the Concurrence of two thirds,expel a Member).By Miss GONZALEZ-COLON of Puerto Rico:H.R. 797.Congress has the power to enact this legislation pursuantto the following:Article I, Section 1 of the U.S. Constitution``All legislative powers herein granted shall be vested ina Congress of the United States, which shall consist of aSenate and House of Representatives.''By Miss GONZALEZ-COLON of Puerto Rico:H.R. 798.Congress has the power to enact this legislation pursuantto the following:Article I, Section 1 of the U.S. Constitution``All legislative powers herein granted shall be vested ina Congress of the United States, which shall consist of aSenate and House of Representatives.''[Page H878]</pre>]]></constitutionalAuthorityStatementText>
    <cboCostEstimates />
    <summaries>
      <billSummaries>
        <item>
          <actionDesc>Introduced in House</actionDesc>
          <name>Introduced in House</name>
          <actionDate>2017-02-01</actionDate>
          <updateDate>2017-02-01T05:00:00Z</updateDate>
          <versionCode>00</versionCode>
          <text><![CDATA[<p><b>Drain the Swamp Act of 2017 </b></p> <p>This bill increases the ban on certain former executive branch officials, Members of Congress, and legislative staff within five years of termination of employment to knowingly make, with the intent to influence, any communication or appearance before an officer or employee of the executive branch, a Member of Congress or their staff, or any other legislative office on behalf of any other person (except the United States). The bill establishes penalties for such violations. The bill eliminates a similar two-year ban on certain senior executive branch officials.</p> <p>The bill creates a lifetime ban on certain senior personnel of the executive branch (including independent agencies) from representing, aiding, or advising foreign entities.</p> <p>The bill broadens the definition of lobbying activities in the Lobbying Disclosure Act of 1995 to also include consulting and advising. The bill amends the definition of lobbyist in the Lobbying Disclosure Act of 1995 to include individuals who spend at least 10% of their time engaged in lobbying services to one client in a 3-month period. </p> <p>The scope of prohibitions on foreign nationals is expanded to include soliciting a contribution or donation in connection with a federal, state, or local election; to a political party; or for an electioneering communication.</p>]]></text>
          <lastSummaryUpdateDate>2017-11-16T21:22:03Z</lastSummaryUpdateDate>
        </item>
      </billSummaries>
    </summaries>
    <committees>
      <billCommittees>
        <item>
          <chamber>House</chamber>
          <type>Standing</type>
          <name>Judiciary Committee</name>
          <activities>
            <item>
              <date>2017-02-01T15:01:45Z</date>
              <name>Referred to</name>
            </item>
          </activities>
          <subcommittees>
            <item>
              <systemCode>hsju10</systemCode>
              <name>Constitution and Civil Justice Subcommittee</name>
              <activities>
                <item>
                  <date>2017-03-02T14:51:26Z</date>
                  <name>Referred to</name>
                </item>
              </activities>
            </item>
          </subcommittees>
          <systemCode>hsju00</systemCode>
        </item>
        <item>
          <chamber>House</chamber>
          <type>Standing</type>
          <name>House Administration Committee</name>
          <activities>
            <item>
              <date>2017-02-01T15:01:50Z</date>
              <name>Referred to</name>
            </item>
          </activities>
          <subcommittees />
          <systemCode>hsha00</systemCode>
        </item>
      </billCommittees>
    </committees>
  </bill>
  <dublinCore xmlns:dc="http://purl.org/dc/elements/1.1/">
    <dc:format>text/xml</dc:format>
    <dc:language>EN</dc:language>
    <dc:rights>Pursuant to Title 17 Section 105 of the United States Code, this file is not subject to copyright protection and is in the public domain.</dc:rights>
    <dc:contributor>Congressional Research Service, Library of Congress</dc:contributor>
    <dc:description>This file contains bill summaries and statuses for federal legislation. A bill summary describes the most significant provisions of a piece of legislation and details the effects the legislative text may have on current law and federal programs. Bill summaries are authored by the Congressional Research Service (CRS) of the Library of Congress. As stated in Public Law 91-510 (2 USC 166 (d)(6)), one of the duties of CRS is "to prepare summaries and digests of bills and resolutions of a public general nature introduced in the Senate or House of Representatives". For more information, refer to the User Guide that accompanies this file.</dc:description>
  </dublinCore>
</billStatus>

