<?xml version="1.0" encoding="UTF-8"?>
<billStatus>
  <bill>
    <billNumber>634</billNumber>
    <billType>HR</billType>
    <laws />
    <latestAction>
      <text>Ordered to be Reported by the Yeas and Nays: 6 - 3.</text>
      <links />
      <actionDate>2017-02-07</actionDate>
    </latestAction>
    <committeeReports />
    <title>Election Assistance Commission Termination Act</title>
    <congress>115</congress>
    <introducedDate>2017-01-24</introducedDate>
    <committees>
      <billCommittees>
        <item>
          <systemCode>hsha00</systemCode>
          <name>House Administration Committee</name>
          <type>Standing</type>
          <subcommittees />
          <activities>
            <item>
              <date>2017-02-07T18:57:50Z</date>
              <name>Markup by</name>
            </item>
            <item>
              <date>2017-01-24T15:07:50Z</date>
              <name>Referred to</name>
            </item>
          </activities>
          <chamber>House</chamber>
        </item>
      </billCommittees>
    </committees>
    <cosponsors />
    <constitutionalAuthorityStatementText><![CDATA[<pre>From the Congressional Record Online through the Government Publishing Office [<a href='http://www.gpo.gov'>www.gpo.gov</a>]By Mr. HARPER:H.R. 634.Congress has the power to enact this legislation pursuantto the following:Article I, Section 4 of the U.S. Constitution grantingCongress the authority to make laws governing the time,place, and manner of holding federal elections.[Page H687]</pre>]]></constitutionalAuthorityStatementText>
    <titles>
      <item>
        <title>Election Assistance Commission Termination Act</title>
        <parentTitleType />
        <titleType>Short Titles as Introduced</titleType>
        <chamberName />
        <chamberCode />
      </item>
      <item>
        <title>To terminate the Election Assistance Commission.</title>
        <parentTitleType />
        <titleType>Official Title as Introduced</titleType>
        <chamberName />
        <chamberCode />
      </item>
      <item>
        <title>Election Assistance Commission Termination Act</title>
        <parentTitleType />
        <titleType>Display Title</titleType>
        <chamberName />
        <chamberCode />
      </item>
      <item>
        <title>Election Assistance Commission Termination Act</title>
        <parentTitleType />
        <titleType>(Extracted from GPO) Short Titles as Introduced</titleType>
        <chamberName />
        <chamberCode />
      </item>
    </titles>
    <cboCostEstimates>
      <item>
        <url>https://www.cbo.gov/publication/52467</url>
        <pubDate>2017-03-01T21:36:29Z</pubDate>
        <title>H.R. 634, Election Assistance Commission Termination Act</title>
      </item>
    </cboCostEstimates>
    <updateDate>2018-04-05T21:15:11Z</updateDate>
    <subjects>
      <billSubjects>
        <legislativeSubjects>
          <item>
            <name>Congressional elections</name>
          </item>
          <item>
            <name>Election Assistance Commission</name>
          </item>
          <item>
            <name>Elections, voting, political campaign regulation</name>
          </item>
          <item>
            <name>Executive agency funding and structure</name>
          </item>
          <item>
            <name>Federal Election Commission (FEC)</name>
          </item>
          <item>
            <name>Office of Management and Budget (OMB)</name>
          </item>
        </legislativeSubjects>
        <policyArea>
          <name>Government Operations and Politics</name>
        </policyArea>
      </billSubjects>
    </subjects>
    <sponsors>
      <item>
        <lastName>Harper</lastName>
        <fullName>Rep. Harper, Gregg [R-MS-3]</fullName>
        <bioguideId>H001045</bioguideId>
        <state>MS</state>
        <byRequestType />
        <firstName>Gregg</firstName>
        <identifiers>
          <lisID>1933</lisID>
          <gpoId>8021</gpoId>
          <bioguideId>H001045</bioguideId>
        </identifiers>
        <district>3</district>
        <party>R</party>
        <middleName />
      </item>
    </sponsors>
    <originChamber>House</originChamber>
    <recordedVotes />
    <actions>
      <actionByCounts>
        <houseOfRepresentatives>5</houseOfRepresentatives>
      </actionByCounts>
      <actionTypeCounts>
        <billReferrals>1</billReferrals>
        <actionStageOverride>1</actionStageOverride>
        <placeholderTextForH>1</placeholderTextForH>
        <introducedInTheHouse>1</introducedInTheHouse>
        <introducedInHouse>1</introducedInHouse>
      </actionTypeCounts>
      <item>
        <actionDate>2017-02-07</actionDate>
        <committee>
          <name>House Administration Committee</name>
          <systemCode>hsha00</systemCode>
        </committee>
        <links />
        <sourceSystem>
          <name>House committee actions</name>
          <code>1</code>
        </sourceSystem>
        <text>Ordered to be Reported by the Yeas and Nays: 6 - 3.</text>
        <type>Committee</type>
      </item>
      <item>
        <actionDate>2017-02-07</actionDate>
        <committee>
          <name>House Administration Committee</name>
          <systemCode>hsha00</systemCode>
        </committee>
        <links />
        <sourceSystem>
          <name>House committee actions</name>
          <code>1</code>
        </sourceSystem>
        <text>Committee Consideration and Mark-up Session Held.</text>
        <type>Committee</type>
      </item>
      <item>
        <links />
        <text>Referred to the House Committee on House Administration.</text>
        <committee>
          <name>House Administration Committee</name>
          <systemCode>hsha00</systemCode>
        </committee>
        <type>IntroReferral</type>
        <sourceSystem>
          <name>House floor actions</name>
          <code>2</code>
        </sourceSystem>
        <actionDate>2017-01-24</actionDate>
        <actionCode>H11100</actionCode>
      </item>
      <item>
        <links />
        <text>Introduced in House</text>
        <committee />
        <type>IntroReferral</type>
        <sourceSystem>
          <name>Library of Congress</name>
          <code>9</code>
        </sourceSystem>
        <actionDate>2017-01-24</actionDate>
        <actionCode>Intro-H</actionCode>
      </item>
      <item>
        <links />
        <text>Introduced in House</text>
        <committee />
        <type>IntroReferral</type>
        <sourceSystem>
          <name>Library of Congress</name>
          <code>9</code>
        </sourceSystem>
        <actionDate>2017-01-24</actionDate>
        <actionCode>1000</actionCode>
      </item>
    </actions>
    <policyArea>
      <name>Government Operations and Politics</name>
    </policyArea>
    <summaries>
      <billSummaries>
        <item>
          <text><![CDATA[<p><b>Election Assistance Commission Termination Act</b></p> <p> This bill amends the Help America Vote Act of 2002 to terminate the Election Assistance Commission (EAC), including the EAC Standards Board and the EAC Board of Advisors. The Office of Management and Budget must perform EAC functions with respect to existing contracts and agreements and must wind up EAC affairs.</p> <p> This bill transfers specified election administration functions of the EAC to the Federal Election Commission.</p> <p> This bill terminates the Technical Guidelines Development Committee.</p>]]></text>
          <versionCode>00</versionCode>
          <actionDesc>Introduced in House</actionDesc>
          <name>Introduced in House</name>
          <lastSummaryUpdateDate>2017-10-04T15:24:55Z</lastSummaryUpdateDate>
          <actionDate>2017-01-24</actionDate>
          <updateDate>2017-01-24T05:00:00Z</updateDate>
        </item>
      </billSummaries>
    </summaries>
    <calendarNumbers />
    <relatedBills>
      <item>
        <number>4974</number>
        <congress>115</congress>
        <latestTitle>To amend the Immigration and Nationality Act to render overstaying a visa a criminal offense, and for other purposes.</latestTitle>
        <type>HR</type>
        <latestAction>
          <text>Referred to the House Committee on the Judiciary.</text>
          <actionDate>2018-02-07</actionDate>
        </latestAction>
        <relationshipDetails>
          <item>
            <type>Related bill</type>
            <identifiedBy>CRS</identifiedBy>
          </item>
        </relationshipDetails>
      </item>
    </relatedBills>
    <notes />
    <createDate>2017-01-25T04:45:55Z</createDate>
    <amendments />
    <version>1.0.0</version>
  </bill>
  <dublinCore xmlns:dc="http://purl.org/dc/elements/1.1/">
    <dc:format>text/xml</dc:format>
    <dc:language>EN</dc:language>
    <dc:rights>Pursuant to Title 17 Section 105 of the United States Code, this file is not subject to copyright protection and is in the public domain.</dc:rights>
    <dc:contributor>Congressional Research Service, Library of Congress</dc:contributor>
    <dc:description>This file contains bill summaries and statuses for federal legislation. A bill summary describes the most significant provisions of a piece of legislation and details the effects the legislative text may have on current law and federal programs. Bill summaries are authored by the Congressional Research Service (CRS) of the Library of Congress. As stated in Public Law 91-510 (2 USC 166 (d)(6)), one of the duties of CRS is "to prepare summaries and digests of bills and resolutions of a public general nature introduced in the Senate or House of Representatives". For more information, refer to the User Guide that accompanies this file.</dc:description>
  </dublinCore>
</billStatus>

