<?xml version="1.0" encoding="UTF-8"?>
<billStatus>
  <bill>
    <titles>
      <item>
        <chamberCode />
        <parentTitleType />
        <titleType>Short Titles as Introduced</titleType>
        <title>Airport Perimeter and Access Control Security Act of 2017</title>
        <chamberName />
      </item>
      <item>
        <chamberCode />
        <parentTitleType />
        <titleType>Official Title as Introduced</titleType>
        <title>To modernize and enhance airport perimeter and access control security by requiring updated risk assessments and the development of security strategies, and for other purposes.</title>
        <chamberName />
      </item>
      <item>
        <chamberCode />
        <parentTitleType />
        <titleType>Display Title</titleType>
        <title>Airport Perimeter and Access Control Security Act of 2017</title>
        <chamberName />
      </item>
      <item>
        <chamberCode />
        <parentTitleType />
        <titleType>(Extracted from GPO) Short Titles as Introduced</titleType>
        <title>Airport Perimeter and Access Control Security Act of 2017</title>
        <chamberName />
      </item>
      <item>
        <chamberCode>H</chamberCode>
        <parentTitleType />
        <titleType>(Extracted from GPO) Short Titles as Passed House</titleType>
        <title>Airport Perimeter and Access Control Security Act of 2017</title>
        <chamberName>House</chamberName>
      </item>
    </titles>
    <policyArea>
      <name>Transportation and Public Works</name>
    </policyArea>
    <amendments />
    <billNumber>665</billNumber>
    <version>1.0.0</version>
    <congress>115</congress>
    <calendarNumbers />
    <createDate>2017-01-25T04:45:55Z</createDate>
    <updateDate>2018-03-30T14:00:45Z</updateDate>
    <latestAction>
      <actionDate>2017-02-01</actionDate>
      <links />
      <text>Received in the Senate and Read twice and referred to the Committee on Commerce, Science, and Transportation.</text>
    </latestAction>
    <laws />
    <sponsors>
      <item>
        <fullName>Rep. Keating, William R. [D-MA-9]</fullName>
        <bioguideId>K000375</bioguideId>
        <lastName>Keating</lastName>
        <byRequestType />
        <firstName>William</firstName>
        <district>9</district>
        <state>MA</state>
        <middleName>R.</middleName>
        <party>D</party>
        <identifiers>
          <lisID>2025</lisID>
          <gpoId>7975</gpoId>
          <bioguideId>K000375</bioguideId>
        </identifiers>
      </item>
    </sponsors>
    <originChamber>House</originChamber>
    <constitutionalAuthorityStatementText><![CDATA[<pre>From the Congressional Record Online through the Government Publishing Office [<a href='http://www.gpo.gov'>www.gpo.gov</a>]By Mr. KEATING:H.R. 665.Congress has the power to enact this legislation pursuantto the following:Article 1, Section 8 of the United States Constitution.[Page H688]</pre>]]></constitutionalAuthorityStatementText>
    <cosponsors>
      <item>
        <bioguideId>K000386</bioguideId>
        <lastName>Katko</lastName>
        <identifiers>
          <lisID>2264</lisID>
          <gpoId />
          <bioguideId>K000386</bioguideId>
        </identifiers>
        <district>24</district>
        <isOriginalCosponsor>True</isOriginalCosponsor>
        <sponsorshipDate>2017-01-24</sponsorshipDate>
        <state>NY</state>
        <sponsorshipWithdrawnDate />
        <fullName>Rep. Katko, John [R-NY-24]</fullName>
        <middleName />
        <firstName>John</firstName>
        <party>R</party>
      </item>
      <item>
        <bioguideId>R000602</bioguideId>
        <lastName>Rice</lastName>
        <identifiers>
          <lisID>2262</lisID>
          <gpoId />
          <bioguideId>R000602</bioguideId>
        </identifiers>
        <district>4</district>
        <isOriginalCosponsor>True</isOriginalCosponsor>
        <sponsorshipDate>2017-01-24</sponsorshipDate>
        <state>NY</state>
        <sponsorshipWithdrawnDate />
        <fullName>Rep. Rice, Kathleen M. [D-NY-4]</fullName>
        <middleName>M.</middleName>
        <firstName>Kathleen</firstName>
        <party>D</party>
      </item>
      <item>
        <bioguideId>S001193</bioguideId>
        <lastName>Swalwell</lastName>
        <identifiers>
          <lisID>2104</lisID>
          <gpoId />
          <bioguideId>S001193</bioguideId>
        </identifiers>
        <district>15</district>
        <isOriginalCosponsor>True</isOriginalCosponsor>
        <sponsorshipDate>2017-01-24</sponsorshipDate>
        <state>CA</state>
        <sponsorshipWithdrawnDate />
        <fullName>Rep. Swalwell, Eric [D-CA-15]</fullName>
        <middleName />
        <firstName>Eric</firstName>
        <party>D</party>
      </item>
      <item>
        <bioguideId>R000588</bioguideId>
        <lastName>Richmond</lastName>
        <identifiers>
          <lisID>2023</lisID>
          <gpoId>7960</gpoId>
          <bioguideId>R000588</bioguideId>
        </identifiers>
        <district>2</district>
        <isOriginalCosponsor>True</isOriginalCosponsor>
        <sponsorshipDate>2017-01-24</sponsorshipDate>
        <state>LA</state>
        <sponsorshipWithdrawnDate />
        <fullName>Rep. Richmond, Cedric L. [D-LA-2]</fullName>
        <middleName>L.</middleName>
        <firstName>Cedric</firstName>
        <party>D</party>
      </item>
      <item>
        <bioguideId>T000193</bioguideId>
        <lastName>THOMPSON</lastName>
        <identifiers>
          <lisID>1151</lisID>
          <gpoId>8020</gpoId>
          <bioguideId>T000193</bioguideId>
        </identifiers>
        <district>2</district>
        <isOriginalCosponsor>True</isOriginalCosponsor>
        <sponsorshipDate>2017-01-24</sponsorshipDate>
        <state>MS</state>
        <sponsorshipWithdrawnDate />
        <fullName>Rep. Thompson, Bennie G. [D-MS-2]</fullName>
        <middleName />
        <firstName>BENNIE</firstName>
        <party>D</party>
      </item>
    </cosponsors>
    <billType>HR</billType>
    <notes />
    <summaries>
      <billSummaries>
        <item>
          <actionDesc>Introduced in House</actionDesc>
          <versionCode>00</versionCode>
          <lastSummaryUpdateDate>2017-02-15T16:41:58Z</lastSummaryUpdateDate>
          <name>Introduced in House</name>
          <updateDate>2017-01-24T05:00:00Z</updateDate>
          <actionDate>2017-01-24</actionDate>
          <text><![CDATA[<p><b>Airport Perimeter and Access Control Security Act of 2017</b></p> <p>This bill directs the Transportation Security Administration to update:</p> <ul> <li> the Transportation Sector Security Rick Assessment for the aviation sector, </li> <li> the Comprehensive Risk Assessment of Perimeter and Access Control Security for airports (as well as conduct a system-wide assessment of airport access control points and airport perimeter security), and</li> <li>the 2012 National Strategy for Airport Perimeter and Access Control Security.</li> </ul>]]></text>
        </item>
        <item>
          <actionDesc>Passed House without amendment</actionDesc>
          <versionCode>81</versionCode>
          <lastSummaryUpdateDate>2017-02-15T18:02:17Z</lastSummaryUpdateDate>
          <name>Passed House without amendment</name>
          <updateDate>2017-01-31T13:34:52Z</updateDate>
          <actionDate>2017-01-31</actionDate>
          <text><![CDATA[<p>(This measure has not been amended since it was introduced. The summary has been expanded because action occurred on the measure.)</p> <p><b>Airport Perimeter and Access Control Security Act of 2017</b></p> <p>(Sec. 2) This bill directs the Transportation Security Administration to:</p> <ul> <li> update the Transportation Sector Security Rick Assessment for the aviation sector, </li> <li> update the Comprehensive Risk Assessment of Perimeter and Access Control Security for airports,</li> <li>conduct conduct a system-wide assessment of airport access control points and airport perimeter security, and</li> <li>update the 2012 National Strategy for Airport Perimeter and Access Control Security.</li> </ul>]]></text>
        </item>
      </billSummaries>
    </summaries>
    <relatedBills />
    <committees>
      <billCommittees>
        <item>
          <type>Standing</type>
          <subcommittees />
          <name>Commerce, Science, and Transportation Committee</name>
          <activities>
            <item>
              <date>2017-02-01T23:23:34Z</date>
              <name>Referred to</name>
            </item>
          </activities>
          <systemCode>sscm00</systemCode>
          <chamber>Senate</chamber>
        </item>
        <item>
          <type>Standing</type>
          <subcommittees />
          <name>Homeland Security Committee</name>
          <activities>
            <item>
              <date>2017-01-24T15:08:00Z</date>
              <name>Referred to</name>
            </item>
          </activities>
          <systemCode>hshm00</systemCode>
          <chamber>House</chamber>
        </item>
      </billCommittees>
    </committees>
    <cboCostEstimates />
    <subjects>
      <billSubjects>
        <legislativeSubjects>
          <item>
            <name>Aviation and airports</name>
          </item>
          <item>
            <name>Congressional oversight</name>
          </item>
          <item>
            <name>Government studies and investigations</name>
          </item>
          <item>
            <name>Performance measurement</name>
          </item>
          <item>
            <name>Transportation safety and security</name>
          </item>
        </legislativeSubjects>
        <policyArea>
          <name>Transportation and Public Works</name>
        </policyArea>
      </billSubjects>
    </subjects>
    <committeeReports />
    <title>Airport Perimeter and Access Control Security Act of 2017</title>
    <recordedVotes />
    <actions>
      <item>
        <actionDate>2017-02-01</actionDate>
        <committee>
          <name>Commerce, Science, and Transportation Committee</name>
          <systemCode>sscm00</systemCode>
        </committee>
        <links />
        <sourceSystem>
          <name>Senate</name>
          <code>0</code>
        </sourceSystem>
        <text>Received in the Senate and Read twice and referred to the Committee on Commerce, Science, and Transportation.</text>
        <type>IntroReferral</type>
      </item>
      <item>
        <actionTime>15:13:06</actionTime>
        <links />
        <sourceSystem>
          <name>House floor actions</name>
          <code>2</code>
        </sourceSystem>
        <committee />
        <text>Motion to reconsider laid on the table Agreed to without objection.</text>
        <actionCode>H38310</actionCode>
        <actionDate>2017-01-31</actionDate>
        <type>Floor</type>
      </item>
      <item>
        <actionTime>15:13:04</actionTime>
        <links>
          <link>
            <url>https://www.congress.gov/congressional-record/volume-163/house-section/page/H782-783</url>
            <name>H782-783</name>
          </link>
        </links>
        <sourceSystem>
          <name>House floor actions</name>
          <code>2</code>
        </sourceSystem>
        <committee />
        <text>On motion to suspend the rules and pass the bill Agreed to by voice vote. (text: CR H782-783)</text>
        <actionCode>H37300</actionCode>
        <actionDate>2017-01-31</actionDate>
        <type>Floor</type>
      </item>
      <item>
        <actionTime>15:13:04</actionTime>
        <links>
          <link>
            <url>https://www.congress.gov/congressional-record/volume-163/house-section/page/H782-783</url>
            <name>H782-783</name>
          </link>
        </links>
        <sourceSystem>
          <name>Library of Congress</name>
          <code>9</code>
        </sourceSystem>
        <committee />
        <text>Passed/agreed to in House: On motion to suspend the rules and pass the bill Agreed to by voice vote.(text: CR H782-783)</text>
        <actionCode>8000</actionCode>
        <actionDate>2017-01-31</actionDate>
        <type>Floor</type>
      </item>
      <item>
        <actionTime>15:04:54</actionTime>
        <links>
          <link>
            <url>https://www.congress.gov/bill/115th-congress/house-bill/665</url>
            <name>H.R. 665</name>
          </link>
        </links>
        <sourceSystem>
          <name>House floor actions</name>
          <code>2</code>
        </sourceSystem>
        <committee />
        <text>DEBATE - The House proceeded with forty minutes of debate on H.R. 665.</text>
        <actionCode>H8D000</actionCode>
        <actionDate>2017-01-31</actionDate>
        <type>Floor</type>
      </item>
      <item>
        <actionTime>15:04:52</actionTime>
        <links>
          <link>
            <url>https://www.congress.gov/congressional-record/volume-163/house-section/page/H782-783</url>
            <name>H782-783</name>
          </link>
        </links>
        <sourceSystem>
          <name>House floor actions</name>
          <code>2</code>
        </sourceSystem>
        <committee />
        <text>Considered under suspension of the rules. (consideration: CR H782-783)</text>
        <actionCode>H30000</actionCode>
        <actionDate>2017-01-31</actionDate>
        <type>Floor</type>
      </item>
      <item>
        <actionTime>15:04:41</actionTime>
        <links />
        <sourceSystem>
          <name>House floor actions</name>
          <code>2</code>
        </sourceSystem>
        <committee />
        <text>Mr. Katko moved to suspend the rules and pass the bill.</text>
        <actionCode>H30300</actionCode>
        <actionDate>2017-01-31</actionDate>
        <type>Floor</type>
      </item>
      <item>
        <sourceSystem>
          <name>House floor actions</name>
          <code>2</code>
        </sourceSystem>
        <type>IntroReferral</type>
        <committee>
          <name>Homeland Security Committee</name>
          <systemCode>hshm00</systemCode>
        </committee>
        <text>Referred to the House Committee on Homeland Security.</text>
        <actionCode>H11100</actionCode>
        <actionDate>2017-01-24</actionDate>
        <links />
      </item>
      <item>
        <sourceSystem>
          <name>Library of Congress</name>
          <code>9</code>
        </sourceSystem>
        <type>IntroReferral</type>
        <committee />
        <text>Introduced in House</text>
        <actionCode>Intro-H</actionCode>
        <actionDate>2017-01-24</actionDate>
        <links />
      </item>
      <item>
        <sourceSystem>
          <name>Library of Congress</name>
          <code>9</code>
        </sourceSystem>
        <type>IntroReferral</type>
        <committee />
        <text>Introduced in House</text>
        <actionCode>1000</actionCode>
        <actionDate>2017-01-24</actionDate>
        <links />
      </item>
      <actionTypeCounts>
        <introducedInTheHouse>1</introducedInTheHouse>
        <billReferrals>1</billReferrals>
        <introducedInHouse>1</introducedInHouse>
        <referredToCommittee>1</referredToCommittee>
        <finalPassageUnderSuspensionOfTheRulesResults>1</finalPassageUnderSuspensionOfTheRulesResults>
        <generalDebate>1</generalDebate>
        <considerationByHouse>1</considerationByHouse>
        <passedAgreedToInHouse>1</passedAgreedToInHouse>
        <motionToReconsiderResults>1</motionToReconsiderResults>
        <motionMadeToSuspendTheRules>1</motionMadeToSuspendTheRules>
      </actionTypeCounts>
      <actionByCounts>
        <senate>1</senate>
        <houseOfRepresentatives>9</houseOfRepresentatives>
      </actionByCounts>
    </actions>
    <introducedDate>2017-01-24</introducedDate>
  </bill>
  <dublinCore xmlns:dc="http://purl.org/dc/elements/1.1/">
    <dc:format>text/xml</dc:format>
    <dc:language>EN</dc:language>
    <dc:rights>Pursuant to Title 17 Section 105 of the United States Code, this file is not subject to copyright protection and is in the public domain.</dc:rights>
    <dc:contributor>Congressional Research Service, Library of Congress</dc:contributor>
    <dc:description>This file contains bill summaries and statuses for federal legislation. A bill summary describes the most significant provisions of a piece of legislation and details the effects the legislative text may have on current law and federal programs. Bill summaries are authored by the Congressional Research Service (CRS) of the Library of Congress. As stated in Public Law 91-510 (2 USC 166 (d)(6)), one of the duties of CRS is "to prepare summaries and digests of bills and resolutions of a public general nature introduced in the Senate or House of Representatives". For more information, refer to the User Guide that accompanies this file.</dc:description>
  </dublinCore>
</billStatus>

