<?xml version="1.0" encoding="UTF-8"?>
<billStatus>
  <bill>
    <introducedDate>2017-01-04</introducedDate>
    <billType>HR</billType>
    <summaries>
      <billSummaries>
        <item>
          <actionDesc>Introduced in House</actionDesc>
          <text><![CDATA[<p><strong>Student Job Protection Act of 201</strong><b>7</b></p> <p>This bill amends the Internal Revenue Code to exclude students who are employed by an institution of higher education (IHE) and carrying what the school considers a full-time academic workload at the IHE from being counted as full-time employees in calculating the IHE's shared responsibility regarding health care coverage under the Patient Protection and Affordable Care Act.</p>]]></text>
          <lastSummaryUpdateDate>2017-01-17T14:18:36Z</lastSummaryUpdateDate>
          <name>Introduced in House</name>
          <versionCode>00</versionCode>
          <updateDate>2017-01-04T05:00:00Z</updateDate>
          <actionDate>2017-01-04</actionDate>
        </item>
      </billSummaries>
    </summaries>
    <cboCostEstimates />
    <policyArea>
      <name>Taxation</name>
    </policyArea>
    <calendarNumbers />
    <relatedBills />
    <originChamber>House</originChamber>
    <amendments />
    <titles>
      <item>
        <chamberName />
        <title>Student Job Protection Act of 2017</title>
        <chamberCode />
        <titleType>Short Titles as Introduced</titleType>
        <parentTitleType />
      </item>
      <item>
        <chamberName />
        <title>To amend the Internal Revenue Code of 1986 to exempt student workers for purposes of determining a higher education institution's employer health care shared responsibility.</title>
        <chamberCode />
        <titleType>Official Title as Introduced</titleType>
        <parentTitleType />
      </item>
      <item>
        <chamberName />
        <title>Student Job Protection Act of 2017</title>
        <chamberCode />
        <titleType>Display Title</titleType>
        <parentTitleType />
      </item>
      <item>
        <chamberName />
        <title>Student Job Protection Act of 2017</title>
        <chamberCode />
        <titleType>(Extracted from GPO) Short Titles as Introduced</titleType>
        <parentTitleType />
      </item>
    </titles>
    <createDate>2017-01-05T04:47:33Z</createDate>
    <constitutionalAuthorityStatementText><![CDATA[<pre>From the Congressional Record Online through the Government Publishing Office [<a href='http://www.gpo.gov'>www.gpo.gov</a>]By Mr. TURNER:H.R. 287.Congress has the power to enact this legislation pursuantto the following:Article I, Section 8, Clause 1 of the United StatesConstitution--The Congress shall have Power to lay andcollect Taxes, Duties, Imposts and Excises, to pay the Debtsand provide for the common Defence and general Welfare of theUnited States; but all Duties, Imposts and Excises shall beuniform throughout the United States.Article I, Section 8, Clause 3 of the United StatesConstitution--The Congress shall have Power . . . To regulateCommerce with foreign Nations, and among the several States,and with Indian Tribes.Article I, Section 8, Clause 18 of the United StatesConstitution--To make all Laws which shall be necessary andproper for carrying into Execution the foregoing Powers, andall other Powers vested by this Constitution in theGovernment of the United States, or in any Department orOfficer thereof.[Page H97]</pre>]]></constitutionalAuthorityStatementText>
    <actions>
      <actionByCounts>
        <houseOfRepresentatives>3</houseOfRepresentatives>
      </actionByCounts>
      <item>
        <text>Referred to the House Committee on Ways and Means.</text>
        <links />
        <sourceSystem>
          <code>2</code>
          <name>House floor actions</name>
        </sourceSystem>
        <actionDate>2017-01-04</actionDate>
        <actionCode>H11100</actionCode>
        <committee>
          <systemCode>hswm00</systemCode>
          <name>Ways and Means Committee</name>
        </committee>
        <type>IntroReferral</type>
      </item>
      <item>
        <text>Introduced in House</text>
        <links />
        <sourceSystem>
          <code>9</code>
          <name>Library of Congress</name>
        </sourceSystem>
        <actionDate>2017-01-04</actionDate>
        <actionCode>Intro-H</actionCode>
        <committee />
        <type>IntroReferral</type>
      </item>
      <item>
        <text>Introduced in House</text>
        <links />
        <sourceSystem>
          <code>9</code>
          <name>Library of Congress</name>
        </sourceSystem>
        <actionDate>2017-01-04</actionDate>
        <actionCode>1000</actionCode>
        <committee />
        <type>IntroReferral</type>
      </item>
      <actionTypeCounts>
        <introducedInTheHouse>1</introducedInTheHouse>
        <introducedInHouse>1</introducedInHouse>
        <billReferrals>1</billReferrals>
      </actionTypeCounts>
    </actions>
    <laws />
    <version>1.0.0</version>
    <cosponsors />
    <billNumber>287</billNumber>
    <committeeReports />
    <notes />
    <latestAction>
      <actionDate>2017-01-04</actionDate>
      <text>Referred to the House Committee on Ways and Means.</text>
      <links />
    </latestAction>
    <committees>
      <billCommittees>
        <item>
          <chamber>House</chamber>
          <name>Ways and Means Committee</name>
          <subcommittees />
          <activities>
            <item>
              <name>Referred to</name>
              <date>2017-01-04T15:04:30Z</date>
            </item>
          </activities>
          <type>Standing</type>
          <systemCode>hswm00</systemCode>
        </item>
      </billCommittees>
    </committees>
    <updateDate>2018-03-30T13:58:55Z</updateDate>
    <title>Student Job Protection Act of 2017</title>
    <sponsors>
      <item>
        <fullName>Rep. Turner, Michael R. [R-OH-10]</fullName>
        <state>OH</state>
        <lastName>Turner</lastName>
        <bioguideId>T000463</bioguideId>
        <district>10</district>
        <middleName>R.</middleName>
        <byRequestType />
        <party>R</party>
        <identifiers>
          <lisID>1741</lisID>
          <gpoId>8093</gpoId>
          <bioguideId>T000463</bioguideId>
        </identifiers>
        <firstName>Michael</firstName>
      </item>
    </sponsors>
    <congress>115</congress>
    <recordedVotes />
    <subjects>
      <billSubjects>
        <policyArea>
          <name>Taxation</name>
        </policyArea>
        <legislativeSubjects>
          <item>
            <name>Comprehensive health care</name>
          </item>
          <item>
            <name>Employee benefits and pensions</name>
          </item>
          <item>
            <name>Health care costs and insurance</name>
          </item>
          <item>
            <name>Health care coverage and access</name>
          </item>
          <item>
            <name>Higher education</name>
          </item>
          <item>
            <name>Sales and excise taxes</name>
          </item>
          <item>
            <name>Tax administration and collection, taxpayers</name>
          </item>
          <item>
            <name>Youth employment and child labor</name>
          </item>
        </legislativeSubjects>
      </billSubjects>
    </subjects>
  </bill>
  <dublinCore xmlns:dc="http://purl.org/dc/elements/1.1/">
    <dc:format>text/xml</dc:format>
    <dc:language>EN</dc:language>
    <dc:rights>Pursuant to Title 17 Section 105 of the United States Code, this file is not subject to copyright protection and is in the public domain.</dc:rights>
    <dc:contributor>Congressional Research Service, Library of Congress</dc:contributor>
    <dc:description>This file contains bill summaries and statuses for federal legislation. A bill summary describes the most significant provisions of a piece of legislation and details the effects the legislative text may have on current law and federal programs. Bill summaries are authored by the Congressional Research Service (CRS) of the Library of Congress. As stated in Public Law 91-510 (2 USC 166 (d)(6)), one of the duties of CRS is "to prepare summaries and digests of bills and resolutions of a public general nature introduced in the Senate or House of Representatives". For more information, refer to the User Guide that accompanies this file.</dc:description>
  </dublinCore>
</billStatus>

