<?xml version="1.0" encoding="UTF-8"?>
<billStatus>
  <bill>
    <congress>115</congress>
    <billType>HR</billType>
    <originChamber>House</originChamber>
    <billNumber>717</billNumber>
    <notes />
    <cboCostEstimates>
      <item>
        <title>H.R. 717, Listing Reform Act</title>
        <pubDate>2017-12-08T20:55:00Z</pubDate>
        <url>https://www.cbo.gov/publication/53391</url>
      </item>
    </cboCostEstimates>
    <version>1.0.0</version>
    <recordedVotes />
    <summaries>
      <billSummaries>
        <item>
          <versionCode>00</versionCode>
          <text><![CDATA[<p><b>Listing Reform Act</b></p> <p>This bill amends the Endangered Species Act of 1973 to allow the Department of the Interior or the Department of Commerce, as appropriate, to prioritize the consideration of petitions to list a species as endangered or threatened other than in the order in which the petitions are received. The appropriate department may not give general priority to petitions to add species to the list of endangered or threatened species over petitions to remove a species from the list.</p> <p>The deadline for the appropriate department to decide on whether or not a petition to list or remove a species should be granted is changed from within 12 months to as expeditiously as possible. </p> <p>The appropriate department is given the authority to preclude the listing of a species as threatened due to the likelihood of significant, cumulative economic effects that would result from such listing or from the likely resulting designation of critical habitat of the species. Once a petition is precluded due to those economic effects, the appropriate department may not reconsider that finding unless the department: (1) determines there is endangerment of extinction of the species; or (2) receives a new petition to add the species to the list that includes an analyses concluding that alternative actions are possible other than those resulting in significant, cumulative economic effects.</p>]]></text>
          <updateDate>2017-01-27T05:00:00Z</updateDate>
          <actionDate>2017-01-27</actionDate>
          <lastSummaryUpdateDate>2017-02-03T22:38:35Z</lastSummaryUpdateDate>
          <name>Introduced in House</name>
          <actionDesc>Introduced in House</actionDesc>
        </item>
        <item>
          <versionCode>79</versionCode>
          <text><![CDATA[<p>(This measure has not been amended since it was introduced. The summary has been expanded because action occurred on the measure.)</p> <p><b>Listing Reform Act</b></p> <p>(Sec. 2) This bill amends the Endangered Species Act of 1973 to allow the Department of the Interior or the Department of Commerce, as appropriate, to prioritize the consideration of petitions to list a species as endangered or threatened other than in the order in which the petitions are received. The appropriate department may not give general priority to petitions to add species to the list of endangered or threatened species over petitions to remove a species from the list.</p> <p>The deadline for the appropriate department to decide on whether or not a petition to list or remove a species should be granted is changed from within 12 months to as expeditiously as possible. </p> <p>The appropriate department is given the authority to preclude the listing of a species as threatened due to the likelihood of significant, cumulative economic effects that would result from such listing or from the likely resulting designation of critical habitat of the species. Once a petition is precluded due to those economic effects, the appropriate department may not reconsider that finding unless the department: (1) determines there is endangerment of extinction of the species; or (2) receives a new petition to add the species to the list that includes an analyses concluding that alternative actions are possible other than those resulting in significant, cumulative economic effects.</p>]]></text>
          <updateDate>2018-02-15T12:58:44Z</updateDate>
          <actionDate>2018-02-15</actionDate>
          <lastSummaryUpdateDate>2018-02-27T16:53:42Z</lastSummaryUpdateDate>
          <name>Reported to House without amendment</name>
          <actionDesc>Reported to House without amendment</actionDesc>
        </item>
      </billSummaries>
    </summaries>
    <subjects>
      <billSubjects>
        <legislativeSubjects>
          <item>
            <name>Administrative remedies</name>
          </item>
          <item>
            <name>Department of Commerce</name>
          </item>
          <item>
            <name>Department of the Interior</name>
          </item>
          <item>
            <name>Economic performance and conditions</name>
          </item>
          <item>
            <name>Endangered and threatened species</name>
          </item>
          <item>
            <name>Wildlife conservation and habitat protection</name>
          </item>
        </legislativeSubjects>
        <policyArea>
          <name>Environmental Protection</name>
        </policyArea>
      </billSubjects>
    </subjects>
    <actions>
      <actionByCounts>
        <houseOfRepresentatives>9</houseOfRepresentatives>
      </actionByCounts>
      <item>
        <actionCode>H12410</actionCode>
        <committee />
        <sourceSystem>
          <name>House floor actions</name>
          <code>2</code>
        </sourceSystem>
        <type>Calendars</type>
        <text>Placed on the Union Calendar, Calendar No. 421.</text>
        <actionDate>2018-02-15</actionDate>
        <links />
      </item>
      <item>
        <actionCode>H12200</actionCode>
        <committee>
          <name>Natural Resources Committee</name>
          <systemCode>hsii00</systemCode>
        </committee>
        <sourceSystem>
          <name>House floor actions</name>
          <code>2</code>
        </sourceSystem>
        <type>Committee</type>
        <text>Reported by the Committee on Natural Resources. H. Rept. 115-560.</text>
        <actionDate>2018-02-15</actionDate>
        <links>
          <link>
            <name>H. Rept. 115-560</name>
            <url>https://www.congress.gov/congressional-report/115th-congress/house-report/560</url>
          </link>
        </links>
      </item>
      <item>
        <actionCode>5000</actionCode>
        <committee>
          <name>Natural Resources Committee</name>
          <systemCode>hsii00</systemCode>
        </committee>
        <sourceSystem>
          <name>Library of Congress</name>
          <code>9</code>
        </sourceSystem>
        <type>Committee</type>
        <text>Reported by the Committee on Natural Resources. H. Rept. 115-560.</text>
        <actionDate>2018-02-15</actionDate>
        <links>
          <link>
            <name>H. Rept. 115-560</name>
            <url>https://www.congress.gov/congressional-report/115th-congress/house-report/560</url>
          </link>
        </links>
      </item>
      <item>
        <actionDate>2017-10-04</actionDate>
        <committee>
          <name>Natural Resources Committee</name>
          <systemCode>hsii00</systemCode>
        </committee>
        <links />
        <sourceSystem>
          <name>House committee actions</name>
          <code>1</code>
        </sourceSystem>
        <text>Ordered to be Reported by the Yeas and Nays: 22 - 13.</text>
        <type>Committee</type>
      </item>
      <item>
        <actionDate>2017-10-04</actionDate>
        <committee>
          <name>Natural Resources Committee</name>
          <systemCode>hsii00</systemCode>
        </committee>
        <links />
        <sourceSystem>
          <name>House committee actions</name>
          <code>1</code>
        </sourceSystem>
        <text>Committee Consideration and Mark-up Session Held.</text>
        <type>Committee</type>
      </item>
      <item>
        <actionDate>2017-07-19</actionDate>
        <committee>
          <name>Natural Resources Committee</name>
          <systemCode>hsii00</systemCode>
        </committee>
        <links />
        <sourceSystem>
          <name>House committee actions</name>
          <code>1</code>
        </sourceSystem>
        <text>Committee Hearings Held.</text>
        <type>Committee</type>
      </item>
      <item>
        <actionCode>H11100</actionCode>
        <committee>
          <name>Natural Resources Committee</name>
          <systemCode>hsii00</systemCode>
        </committee>
        <sourceSystem>
          <name>House floor actions</name>
          <code>2</code>
        </sourceSystem>
        <type>IntroReferral</type>
        <text>Referred to the House Committee on Natural Resources.</text>
        <actionDate>2017-01-27</actionDate>
        <links />
      </item>
      <item>
        <actionCode>Intro-H</actionCode>
        <committee />
        <sourceSystem>
          <name>Library of Congress</name>
          <code>9</code>
        </sourceSystem>
        <type>IntroReferral</type>
        <text>Introduced in House</text>
        <actionDate>2017-01-27</actionDate>
        <links />
      </item>
      <item>
        <actionCode>1000</actionCode>
        <committee />
        <sourceSystem>
          <name>Library of Congress</name>
          <code>9</code>
        </sourceSystem>
        <type>IntroReferral</type>
        <text>Introduced in House</text>
        <actionDate>2017-01-27</actionDate>
        <links />
      </item>
      <actionTypeCounts>
        <unionCalendarAssignment>1</unionCalendarAssignment>
        <committeeReportOfABill>1</committeeReportOfABill>
        <reportedToHouse>1</reportedToHouse>
        <placeholderTextForH>1</placeholderTextForH>
        <billReferrals>1</billReferrals>
        <introducedInHouse>1</introducedInHouse>
        <introducedInTheHouse>1</introducedInTheHouse>
        <actionStageOverride>2</actionStageOverride>
      </actionTypeCounts>
    </actions>
    <introducedDate>2017-01-27</introducedDate>
    <constitutionalAuthorityStatementText><![CDATA[<pre>[Congressional Record Volume 163, Number 14 (Friday, January 27, 2017)]From the Congressional Record Online through the Government Publishing Office [<a href='http://www.gpo.gov'>www.gpo.gov</a>]By Mr. OLSON:H.R. 717.Congress has the power to enact this legislation pursuantto the following:Article 1, Section 8, Clause 18 of the Constitution of theUnited States.[Page H703]</pre>]]></constitutionalAuthorityStatementText>
    <titles>
      <item>
        <title>Listing Reform Act</title>
        <titleType>Short Titles as Reported to House</titleType>
        <parentTitleType>Short Titles House of Representatives</parentTitleType>
        <chamberCode>H</chamberCode>
        <chamberName>House</chamberName>
      </item>
      <item>
        <title>Listing Reform Act</title>
        <titleType>Short Titles as Introduced</titleType>
        <parentTitleType />
        <chamberCode />
        <chamberName />
      </item>
      <item>
        <title>To amend the Endangered Species Act of 1973 to require review of the economic cost of adding a species to the list of endangered species or threatened species, and for other purposes.</title>
        <titleType>Official Title as Introduced</titleType>
        <parentTitleType />
        <chamberCode />
        <chamberName />
      </item>
      <item>
        <title>Listing Reform Act</title>
        <titleType>Display Title</titleType>
        <parentTitleType />
        <chamberCode />
        <chamberName />
      </item>
      <item>
        <title>Listing Reform Act</title>
        <titleType>(Extracted from GPO) Short Titles as Reported to House</titleType>
        <parentTitleType />
        <chamberCode>H</chamberCode>
        <chamberName>House</chamberName>
      </item>
      <item>
        <title>Listing Reform Act</title>
        <titleType>(Extracted from GPO) Short Titles as Introduced</titleType>
        <parentTitleType />
        <chamberCode />
        <chamberName />
      </item>
    </titles>
    <cosponsors>
      <item>
        <firstName>Michael</firstName>
        <identifiers>
          <bioguideId>B001248</bioguideId>
          <lisID>1751</lisID>
          <gpoId>8182</gpoId>
        </identifiers>
        <sponsorshipDate>2017-01-27</sponsorshipDate>
        <isOriginalCosponsor>True</isOriginalCosponsor>
        <state>TX</state>
        <lastName>Burgess</lastName>
        <middleName>C.</middleName>
        <fullName>Rep. Burgess, Michael C. [R-TX-26]</fullName>
        <bioguideId>B001248</bioguideId>
        <district>26</district>
        <sponsorshipWithdrawnDate />
        <party>R</party>
      </item>
      <item>
        <firstName>Louie</firstName>
        <identifiers>
          <bioguideId>G000552</bioguideId>
          <gpoId>8157</gpoId>
          <lisID>1801</lisID>
        </identifiers>
        <sponsorshipDate>2017-01-27</sponsorshipDate>
        <isOriginalCosponsor>True</isOriginalCosponsor>
        <state>TX</state>
        <lastName>Gohmert</lastName>
        <middleName />
        <fullName>Rep. Gohmert, Louie [R-TX-1]</fullName>
        <bioguideId>G000552</bioguideId>
        <district>1</district>
        <sponsorshipWithdrawnDate />
        <party>R</party>
      </item>
      <item>
        <firstName>Brian</firstName>
        <identifiers>
          <lisID>2270</lisID>
          <gpoId />
          <bioguideId>B001291</bioguideId>
        </identifiers>
        <sponsorshipDate>2017-01-27</sponsorshipDate>
        <isOriginalCosponsor>True</isOriginalCosponsor>
        <state>TX</state>
        <lastName>Babin</lastName>
        <middleName />
        <fullName>Rep. Babin, Brian [R-TX-36]</fullName>
        <bioguideId>B001291</bioguideId>
        <district>36</district>
        <sponsorshipWithdrawnDate />
        <party>R</party>
      </item>
      <item>
        <firstName>Paul</firstName>
        <identifiers>
          <lisID>1992</lisID>
          <gpoId>7798</gpoId>
          <bioguideId>G000565</bioguideId>
        </identifiers>
        <sponsorshipDate>2017-07-12</sponsorshipDate>
        <isOriginalCosponsor>False</isOriginalCosponsor>
        <state>AZ</state>
        <lastName>Gosar</lastName>
        <middleName>A.</middleName>
        <fullName>Rep. Gosar, Paul A. [R-AZ-4]</fullName>
        <bioguideId>G000565</bioguideId>
        <district>4</district>
        <sponsorshipWithdrawnDate />
        <party>R</party>
      </item>
      <item>
        <firstName>Greg</firstName>
        <identifiers>
          <lisID>2359</lisID>
          <gpoId />
          <bioguideId>G000584</bioguideId>
        </identifiers>
        <sponsorshipDate>2017-07-27</sponsorshipDate>
        <isOriginalCosponsor>False</isOriginalCosponsor>
        <state>MT</state>
        <lastName>Gianforte</lastName>
        <middleName />
        <fullName>Rep. Gianforte, Greg [R-MT-At Large]</fullName>
        <bioguideId>G000584</bioguideId>
        <district>0</district>
        <sponsorshipWithdrawnDate />
        <party>R</party>
      </item>
      <item>
        <firstName>PETE</firstName>
        <identifiers>
          <lisID>1525</lisID>
          <gpoId>8188</gpoId>
          <bioguideId>S000250</bioguideId>
        </identifiers>
        <sponsorshipDate>2017-09-13</sponsorshipDate>
        <isOriginalCosponsor>False</isOriginalCosponsor>
        <state>TX</state>
        <lastName>SESSIONS</lastName>
        <middleName />
        <fullName>Rep. Sessions, Pete [R-TX-32]</fullName>
        <bioguideId>S000250</bioguideId>
        <district>32</district>
        <sponsorshipWithdrawnDate />
        <party>R</party>
      </item>
    </cosponsors>
    <laws />
    <calendarNumbers>
      <item>
        <number />
        <calendar>U00421</calendar>
      </item>
    </calendarNumbers>
    <committeeReports>
      <committeeReport>
        <citation>H. Rept. 115-560</citation>
      </committeeReport>
    </committeeReports>
    <latestAction>
      <links />
      <text>Placed on the Union Calendar, Calendar No. 421.</text>
      <actionDate>2018-02-15</actionDate>
    </latestAction>
    <title>Listing Reform Act</title>
    <createDate>2017-01-28T04:53:24Z</createDate>
    <sponsors>
      <item>
        <lastName>Olson</lastName>
        <byRequestType />
        <middleName />
        <bioguideId>O000168</bioguideId>
        <firstName>Pete</firstName>
        <state>TX</state>
        <fullName>Rep. Olson, Pete [R-TX-22]</fullName>
        <identifiers>
          <bioguideId>O000168</bioguideId>
          <lisID>1955</lisID>
          <gpoId>8178</gpoId>
        </identifiers>
        <party>R</party>
        <district>22</district>
      </item>
    </sponsors>
    <updateDate>2018-03-30T14:01:00Z</updateDate>
    <relatedBills />
    <committees>
      <billCommittees>
        <item>
          <chamber>House</chamber>
          <activities>
            <item>
              <name>Reported by</name>
              <date>2018-02-15T17:52:12Z</date>
            </item>
            <item>
              <name>Markup by</name>
              <date>2017-10-04T19:06:12Z</date>
            </item>
            <item>
              <name>Hearings by</name>
              <date>2017-07-19T18:30:52Z</date>
            </item>
            <item>
              <name>Referred to</name>
              <date>2017-01-27T19:02:05Z</date>
            </item>
          </activities>
          <type>Standing</type>
          <systemCode>hsii00</systemCode>
          <subcommittees />
          <name>Natural Resources Committee</name>
        </item>
      </billCommittees>
    </committees>
    <policyArea>
      <name>Environmental Protection</name>
    </policyArea>
    <amendments />
  </bill>
  <dublinCore xmlns:dc="http://purl.org/dc/elements/1.1/">
    <dc:format>text/xml</dc:format>
    <dc:language>EN</dc:language>
    <dc:rights>Pursuant to Title 17 Section 105 of the United States Code, this file is not subject to copyright protection and is in the public domain.</dc:rights>
    <dc:contributor>Congressional Research Service, Library of Congress</dc:contributor>
    <dc:description>This file contains bill summaries and statuses for federal legislation. A bill summary describes the most significant provisions of a piece of legislation and details the effects the legislative text may have on current law and federal programs. Bill summaries are authored by the Congressional Research Service (CRS) of the Library of Congress. As stated in Public Law 91-510 (2 USC 166 (d)(6)), one of the duties of CRS is "to prepare summaries and digests of bills and resolutions of a public general nature introduced in the Senate or House of Representatives". For more information, refer to the User Guide that accompanies this file.</dc:description>
  </dublinCore>
</billStatus>

