<?xml version="1.0" encoding="UTF-8"?>
<billStatus>
  <bill>
    <congress>115</congress>
    <billType>HR</billType>
    <originChamber>House</originChamber>
    <billNumber>408</billNumber>
    <notes />
    <cboCostEstimates />
    <version>1.0.0</version>
    <recordedVotes />
    <summaries>
      <billSummaries>
        <item>
          <actionDesc>Introduced in House</actionDesc>
          <versionCode>00</versionCode>
          <lastSummaryUpdateDate>2017-03-27T16:11:08Z</lastSummaryUpdateDate>
          <name>Introduced in House</name>
          <updateDate>2017-01-10T05:00:00Z</updateDate>
          <actionDate>2017-01-10</actionDate>
          <text><![CDATA[<p><b>American Future Healthcare Act of 2017</b></p> <p>This bill amends the Internal Revenue Code, with respect to health savings accounts (HSAs), to: </p> <ul> <li> repeal the requirement that an individual making a tax deductible contribution to an HSA be covered by a high deductible health care plan; </li> <li> increase the maximum HSA contribution level; </li> <li> allow Medicare eligible individuals to contribute to an HSA; </li> <li> allow HSAs to be used to purchase health insurance; </li> <li> provide a cost-of-living adjustment for the limits on additional contributions for individuals 55 or older (catch-up contributions); </li> <li> require the cost-of-living adjustments to be indexed to the CPI medical care component (the medical care component for the Consumer Price Index for All Urban Consumers published by the Department of Labor); and </li> <li> allow a rollover of HSA amounts to a Medicare Advantage Medical Savings Account (MSA). </li> </ul>]]></text>
        </item>
      </billSummaries>
    </summaries>
    <subjects>
      <billSubjects>
        <policyArea>
          <name>Taxation</name>
        </policyArea>
        <legislativeSubjects>
          <item>
            <name>Bank accounts, deposits, capital</name>
          </item>
          <item>
            <name>Health care costs and insurance</name>
          </item>
          <item>
            <name>Income tax deductions</name>
          </item>
          <item>
            <name>Inflation and prices</name>
          </item>
          <item>
            <name>Medicare</name>
          </item>
        </legislativeSubjects>
      </billSubjects>
    </subjects>
    <actions>
      <item>
        <actionDate>2017-01-10</actionDate>
        <text>Referred to the House Committee on Ways and Means.</text>
        <links />
        <committee>
          <name>Ways and Means Committee</name>
          <systemCode>hswm00</systemCode>
        </committee>
        <sourceSystem>
          <code>2</code>
          <name>House floor actions</name>
        </sourceSystem>
        <actionCode>H11100</actionCode>
        <type>IntroReferral</type>
      </item>
      <item>
        <actionDate>2017-01-10</actionDate>
        <text>Introduced in House</text>
        <links />
        <committee />
        <sourceSystem>
          <code>9</code>
          <name>Library of Congress</name>
        </sourceSystem>
        <actionCode>Intro-H</actionCode>
        <type>IntroReferral</type>
      </item>
      <item>
        <actionDate>2017-01-10</actionDate>
        <text>Introduced in House</text>
        <links />
        <committee />
        <sourceSystem>
          <code>9</code>
          <name>Library of Congress</name>
        </sourceSystem>
        <actionCode>1000</actionCode>
        <type>IntroReferral</type>
      </item>
      <actionTypeCounts>
        <introducedInHouse>1</introducedInHouse>
        <introducedInTheHouse>1</introducedInTheHouse>
        <billReferrals>1</billReferrals>
      </actionTypeCounts>
      <actionByCounts>
        <houseOfRepresentatives>3</houseOfRepresentatives>
      </actionByCounts>
    </actions>
    <introducedDate>2017-01-10</introducedDate>
    <constitutionalAuthorityStatementText><![CDATA[<pre>From the Congressional Record Online through the Government Publishing Office [<a href='http://www.gpo.gov'>www.gpo.gov</a>]By Mr. KING of Iowa:H.R. 408.Congress has the power to enact this legislation pursuantto the following:Article I, Section 8, Clause 1[Page H300]</pre>]]></constitutionalAuthorityStatementText>
    <titles>
      <item>
        <title>American Future Healthcare Act of 2017</title>
        <titleType>Short Titles as Introduced</titleType>
        <parentTitleType />
        <chamberCode />
        <chamberName />
      </item>
      <item>
        <title>To amend the Internal Revenue Code of 1986 to expand health savings accounts, and for other purposes.</title>
        <titleType>Official Title as Introduced</titleType>
        <parentTitleType />
        <chamberCode />
        <chamberName />
      </item>
      <item>
        <title>American Future Healthcare Act of 2017</title>
        <titleType>Display Title</titleType>
        <parentTitleType />
        <chamberCode />
        <chamberName />
      </item>
      <item>
        <title>American Future Healthcare Act of 2017</title>
        <titleType>(Extracted from GPO) Short Titles as Introduced</titleType>
        <parentTitleType />
        <chamberCode />
        <chamberName />
      </item>
    </titles>
    <cosponsors>
      <item>
        <sponsorshipWithdrawnDate />
        <identifiers>
          <gpoId />
          <bioguideId>C001103</bioguideId>
          <lisID>2236</lisID>
        </identifiers>
        <party>R</party>
        <district>1</district>
        <state>GA</state>
        <sponsorshipDate>2017-01-10</sponsorshipDate>
        <bioguideId>C001103</bioguideId>
        <fullName>Rep. Carter, Earl L. "Buddy" [R-GA-1]</fullName>
        <middleName>L. "Buddy"</middleName>
        <firstName>Earl</firstName>
        <isOriginalCosponsor>True</isOriginalCosponsor>
        <lastName>Carter</lastName>
      </item>
      <item>
        <sponsorshipWithdrawnDate />
        <identifiers>
          <lisID>1801</lisID>
          <gpoId>8157</gpoId>
          <bioguideId>G000552</bioguideId>
        </identifiers>
        <party>R</party>
        <district>1</district>
        <state>TX</state>
        <sponsorshipDate>2017-01-10</sponsorshipDate>
        <bioguideId>G000552</bioguideId>
        <fullName>Rep. Gohmert, Louie [R-TX-1]</fullName>
        <middleName />
        <firstName>Louie</firstName>
        <isOriginalCosponsor>True</isOriginalCosponsor>
        <lastName>Gohmert</lastName>
      </item>
      <item>
        <sponsorshipWithdrawnDate />
        <identifiers>
          <bioguideId>L000564</bioguideId>
          <lisID>1834</lisID>
          <gpoId>7863</gpoId>
        </identifiers>
        <party>R</party>
        <district>5</district>
        <state>CO</state>
        <sponsorshipDate>2017-01-10</sponsorshipDate>
        <bioguideId>L000564</bioguideId>
        <fullName>Rep. Lamborn, Doug [R-CO-5]</fullName>
        <middleName />
        <firstName>Doug</firstName>
        <isOriginalCosponsor>True</isOriginalCosponsor>
        <lastName>Lamborn</lastName>
      </item>
      <item>
        <sponsorshipWithdrawnDate />
        <identifiers>
          <gpoId />
          <lisID>2224</lisID>
          <bioguideId>W000821</bioguideId>
        </identifiers>
        <party>R</party>
        <district>4</district>
        <state>AR</state>
        <sponsorshipDate>2017-01-10</sponsorshipDate>
        <bioguideId>W000821</bioguideId>
        <fullName>Rep. Westerman, Bruce [R-AR-4]</fullName>
        <middleName />
        <firstName>Bruce</firstName>
        <isOriginalCosponsor>True</isOriginalCosponsor>
        <lastName>Westerman</lastName>
      </item>
      <item>
        <sponsorshipWithdrawnDate />
        <identifiers>
          <lisID>2002</lisID>
          <gpoId>7880</gpoId>
          <bioguideId>W000806</bioguideId>
        </identifiers>
        <party>R</party>
        <district>11</district>
        <state>FL</state>
        <sponsorshipDate>2017-01-10</sponsorshipDate>
        <bioguideId>W000806</bioguideId>
        <fullName>Rep. Webster, Daniel [R-FL-11]</fullName>
        <middleName />
        <firstName>Daniel</firstName>
        <isOriginalCosponsor>True</isOriginalCosponsor>
        <lastName>Webster</lastName>
      </item>
      <item>
        <sponsorshipWithdrawnDate />
        <identifiers>
          <lisID>1908</lisID>
          <gpoId>7809</gpoId>
          <bioguideId>M001177</bioguideId>
        </identifiers>
        <party>R</party>
        <district>4</district>
        <state>CA</state>
        <sponsorshipDate>2017-01-10</sponsorshipDate>
        <bioguideId>M001177</bioguideId>
        <fullName>Rep. McClintock, Tom [R-CA-4]</fullName>
        <middleName />
        <firstName>Tom</firstName>
        <isOriginalCosponsor>True</isOriginalCosponsor>
        <lastName>McClintock</lastName>
      </item>
      <item>
        <sponsorshipWithdrawnDate />
        <identifiers>
          <gpoId />
          <bioguideId>S001192</bioguideId>
          <lisID>2168</lisID>
        </identifiers>
        <party>R</party>
        <district>2</district>
        <state>UT</state>
        <sponsorshipDate>2017-01-10</sponsorshipDate>
        <bioguideId>S001192</bioguideId>
        <fullName>Rep. Stewart, Chris [R-UT-2]</fullName>
        <middleName />
        <firstName>Chris</firstName>
        <isOriginalCosponsor>True</isOriginalCosponsor>
        <lastName>Stewart</lastName>
      </item>
      <item>
        <sponsorshipWithdrawnDate />
        <identifiers>
          <lisID>1886</lisID>
          <gpoId>8192</gpoId>
          <bioguideId>W000804</bioguideId>
        </identifiers>
        <party>R</party>
        <district>1</district>
        <state>VA</state>
        <sponsorshipDate>2017-03-23</sponsorshipDate>
        <bioguideId>W000804</bioguideId>
        <fullName>Rep. Wittman, Robert J. [R-VA-1]</fullName>
        <middleName>J.</middleName>
        <firstName>Robert</firstName>
        <isOriginalCosponsor>False</isOriginalCosponsor>
        <lastName>Wittman</lastName>
      </item>
    </cosponsors>
    <laws />
    <calendarNumbers />
    <committeeReports />
    <latestAction>
      <links />
      <text>Referred to the House Committee on Ways and Means.</text>
      <actionDate>2017-01-10</actionDate>
    </latestAction>
    <title>American Future Healthcare Act of 2017</title>
    <createDate>2017-01-11T05:09:43Z</createDate>
    <sponsors>
      <item>
        <lastName>King</lastName>
        <byRequestType />
        <middleName />
        <bioguideId>K000362</bioguideId>
        <firstName>Steve</firstName>
        <state>IA</state>
        <fullName>Rep. King, Steve [R-IA-4]</fullName>
        <identifiers>
          <gpoId>7918</gpoId>
          <lisID>1724</lisID>
          <bioguideId>K000362</bioguideId>
        </identifiers>
        <party>R</party>
        <district>4</district>
      </item>
    </sponsors>
    <updateDate>2018-03-30T13:59:26Z</updateDate>
    <relatedBills />
    <committees>
      <billCommittees>
        <item>
          <chamber>House</chamber>
          <activities>
            <item>
              <name>Referred to</name>
              <date>2017-01-10T15:00:36Z</date>
            </item>
          </activities>
          <type>Standing</type>
          <systemCode>hswm00</systemCode>
          <subcommittees />
          <name>Ways and Means Committee</name>
        </item>
      </billCommittees>
    </committees>
    <policyArea>
      <name>Taxation</name>
    </policyArea>
    <amendments />
  </bill>
  <dublinCore xmlns:dc="http://purl.org/dc/elements/1.1/">
    <dc:format>text/xml</dc:format>
    <dc:language>EN</dc:language>
    <dc:rights>Pursuant to Title 17 Section 105 of the United States Code, this file is not subject to copyright protection and is in the public domain.</dc:rights>
    <dc:contributor>Congressional Research Service, Library of Congress</dc:contributor>
    <dc:description>This file contains bill summaries and statuses for federal legislation. A bill summary describes the most significant provisions of a piece of legislation and details the effects the legislative text may have on current law and federal programs. Bill summaries are authored by the Congressional Research Service (CRS) of the Library of Congress. As stated in Public Law 91-510 (2 USC 166 (d)(6)), one of the duties of CRS is "to prepare summaries and digests of bills and resolutions of a public general nature introduced in the Senate or House of Representatives". For more information, refer to the User Guide that accompanies this file.</dc:description>
  </dublinCore>
</billStatus>

