<?xml version="1.0" encoding="UTF-8"?>
<billStatus>
  <bill>
    <congress>115</congress>
    <billType>HR</billType>
    <originChamber>House</originChamber>
    <billNumber>403</billNumber>
    <notes />
    <cboCostEstimates />
    <version>1.0.0</version>
    <recordedVotes />
    <summaries>
      <billSummaries>
        <item>
          <actionDate>2017-01-10</actionDate>
          <actionDesc>Introduced in House</actionDesc>
          <text><![CDATA[<p><strong>Ensuring the Safety of Our Military Aviators Act of 2017</strong></p> <p>This bill prohibits the Department of Defense from approving any application for the construction or alteration of a wind turbine that is proposed to be constructed or altered within 25 miles of a military airbase or military airfield.</p>]]></text>
          <name>Introduced in House</name>
          <updateDate>2017-01-10T05:00:00Z</updateDate>
          <lastSummaryUpdateDate>2017-07-11T20:07:05Z</lastSummaryUpdateDate>
          <versionCode>00</versionCode>
        </item>
      </billSummaries>
    </summaries>
    <subjects>
      <billSubjects>
        <legislativeSubjects>
          <item>
            <name>Alternative and renewable resources</name>
          </item>
          <item>
            <name>Aviation and airports</name>
          </item>
          <item>
            <name>Military facilities and property</name>
          </item>
          <item>
            <name>Transportation safety and security</name>
          </item>
        </legislativeSubjects>
        <policyArea>
          <name>Armed Forces and National Security</name>
        </policyArea>
      </billSubjects>
    </subjects>
    <actions>
      <actionTypeCounts>
        <introducedInHouse>1</introducedInHouse>
        <introducedInTheHouse>1</introducedInTheHouse>
        <placeholderTextForH>2</placeholderTextForH>
        <billReferrals>2</billReferrals>
        <billReferralsAggregate>1</billReferralsAggregate>
      </actionTypeCounts>
      <item>
        <actionDate>2017-02-21</actionDate>
        <committee>
          <systemCode>hsas03</systemCode>
          <name>Readiness Subcommittee</name>
        </committee>
        <links />
        <sourceSystem>
          <code>1</code>
          <name>House committee actions</name>
        </sourceSystem>
        <text>Referred to the Subcommittee on Readiness.</text>
        <type>Committee</type>
      </item>
      <item>
        <actionDate>2017-01-11</actionDate>
        <committee>
          <systemCode>hspw05</systemCode>
          <name>Aviation Subcommittee</name>
        </committee>
        <links />
        <sourceSystem>
          <code>1</code>
          <name>House committee actions</name>
        </sourceSystem>
        <text>Referred to the Subcommittee on Aviation.</text>
        <type>Committee</type>
      </item>
      <item>
        <actionDate>2017-01-10</actionDate>
        <type>IntroReferral</type>
        <links />
        <text>Referred to House Transportation and Infrastructure</text>
        <actionCode>H11100</actionCode>
        <sourceSystem>
          <code>2</code>
          <name>House floor actions</name>
        </sourceSystem>
        <committee>
          <systemCode>hspw00</systemCode>
          <name>Transportation and Infrastructure Committee</name>
        </committee>
      </item>
      <item>
        <actionDate>2017-01-10</actionDate>
        <type>IntroReferral</type>
        <links />
        <text>Referred to House Armed Services</text>
        <actionCode>H11100</actionCode>
        <sourceSystem>
          <code>2</code>
          <name>House floor actions</name>
        </sourceSystem>
        <committee>
          <systemCode>hsas00</systemCode>
          <name>Armed Services Committee</name>
        </committee>
      </item>
      <item>
        <actionDate>2017-01-10</actionDate>
        <type>IntroReferral</type>
        <links />
        <text>Referred to the Committee on Armed Services, and in addition to the Committee on Transportation and Infrastructure, for a period to be subsequently determined by the Speaker, in each case for consideration of such provisions as fall within the jurisdiction of the committee concerned.</text>
        <actionCode>H11100-A</actionCode>
        <sourceSystem>
          <code>9</code>
          <name>Library of Congress</name>
        </sourceSystem>
        <committee />
      </item>
      <item>
        <actionDate>2017-01-10</actionDate>
        <type>IntroReferral</type>
        <links />
        <text>Introduced in House</text>
        <actionCode>Intro-H</actionCode>
        <sourceSystem>
          <code>9</code>
          <name>Library of Congress</name>
        </sourceSystem>
        <committee />
      </item>
      <item>
        <actionDate>2017-01-10</actionDate>
        <type>IntroReferral</type>
        <links />
        <text>Introduced in House</text>
        <actionCode>1000</actionCode>
        <sourceSystem>
          <code>9</code>
          <name>Library of Congress</name>
        </sourceSystem>
        <committee />
      </item>
      <actionByCounts>
        <houseOfRepresentatives>7</houseOfRepresentatives>
      </actionByCounts>
    </actions>
    <introducedDate>2017-01-10</introducedDate>
    <constitutionalAuthorityStatementText><![CDATA[<pre>From the Congressional Record Online through the Government Publishing Office [<a href='http://www.gpo.gov'>www.gpo.gov</a>]By Mr. FARENTHOLD:H.R. 403.Congress has the power to enact this legislation pursuantto the following:Article 1, Section 8 of the Constitution of the UnitedStates.[Page H299]</pre>]]></constitutionalAuthorityStatementText>
    <titles>
      <item>
        <titleType>Short Titles as Introduced</titleType>
        <parentTitleType />
        <title>Ensuring the Safety of Our Military Aviators Act of 2017</title>
        <chamberName />
        <chamberCode />
      </item>
      <item>
        <titleType>Official Title as Introduced</titleType>
        <parentTitleType />
        <title>A bill to limit the construction or alterations of wind turbines near a military airbase or military airfield.</title>
        <chamberName />
        <chamberCode />
      </item>
      <item>
        <titleType>Display Title</titleType>
        <parentTitleType />
        <title>Ensuring the Safety of Our Military Aviators Act of 2017</title>
        <chamberName />
        <chamberCode />
      </item>
      <item>
        <titleType>(Extracted from GPO) Short Titles as Introduced</titleType>
        <parentTitleType />
        <title>Ensuring the Safety of Our Military Aviators Act of 2017</title>
        <chamberName />
        <chamberCode />
      </item>
    </titles>
    <cosponsors />
    <laws />
    <calendarNumbers />
    <committeeReports />
    <latestAction>
      <links />
      <text>Referred to the Subcommittee on Readiness.</text>
      <actionDate>2017-02-21</actionDate>
    </latestAction>
    <title>Ensuring the Safety of Our Military Aviators Act of 2017</title>
    <createDate>2017-01-11T05:09:43Z</createDate>
    <sponsors>
      <item>
        <lastName>Farenthold</lastName>
        <byRequestType />
        <middleName />
        <bioguideId>F000460</bioguideId>
        <firstName>Blake</firstName>
        <state>TX</state>
        <fullName>Rep. Farenthold, Blake [R-TX-27]</fullName>
        <identifiers>
          <lisID>2067</lisID>
          <gpoId>8183</gpoId>
          <bioguideId>F000460</bioguideId>
        </identifiers>
        <party>R</party>
        <district>27</district>
      </item>
    </sponsors>
    <updateDate>2018-03-30T13:59:25Z</updateDate>
    <relatedBills />
    <committees>
      <billCommittees>
        <item>
          <activities>
            <item>
              <name>Referred to</name>
              <date>2017-01-10T15:04:35Z</date>
            </item>
          </activities>
          <systemCode>hsas00</systemCode>
          <name>Armed Services Committee</name>
          <subcommittees>
            <item>
              <name>Readiness Subcommittee</name>
              <systemCode>hsas03</systemCode>
              <activities>
                <item>
                  <name>Referred to</name>
                  <date>2017-02-21T19:05:01Z</date>
                </item>
              </activities>
            </item>
          </subcommittees>
          <type>Standing</type>
          <chamber>House</chamber>
        </item>
        <item>
          <activities>
            <item>
              <name>Referred to</name>
              <date>2017-01-10T15:04:40Z</date>
            </item>
          </activities>
          <systemCode>hspw00</systemCode>
          <name>Transportation and Infrastructure Committee</name>
          <subcommittees>
            <item>
              <name>Aviation Subcommittee</name>
              <systemCode>hspw05</systemCode>
              <activities>
                <item>
                  <name>Referred to</name>
                  <date>2017-01-11T22:30:37Z</date>
                </item>
              </activities>
            </item>
          </subcommittees>
          <type>Standing</type>
          <chamber>House</chamber>
        </item>
      </billCommittees>
    </committees>
    <policyArea>
      <name>Armed Forces and National Security</name>
    </policyArea>
    <amendments />
  </bill>
  <dublinCore xmlns:dc="http://purl.org/dc/elements/1.1/">
    <dc:format>text/xml</dc:format>
    <dc:language>EN</dc:language>
    <dc:rights>Pursuant to Title 17 Section 105 of the United States Code, this file is not subject to copyright protection and is in the public domain.</dc:rights>
    <dc:contributor>Congressional Research Service, Library of Congress</dc:contributor>
    <dc:description>This file contains bill summaries and statuses for federal legislation. A bill summary describes the most significant provisions of a piece of legislation and details the effects the legislative text may have on current law and federal programs. Bill summaries are authored by the Congressional Research Service (CRS) of the Library of Congress. As stated in Public Law 91-510 (2 USC 166 (d)(6)), one of the duties of CRS is "to prepare summaries and digests of bills and resolutions of a public general nature introduced in the Senate or House of Representatives". For more information, refer to the User Guide that accompanies this file.</dc:description>
  </dublinCore>
</billStatus>

