<?xml version="1.0" encoding="UTF-8"?>
<billStatus>
  <bill>
    <createDate>2017-01-05T04:47:33Z</createDate>
    <billType>HR</billType>
    <originChamber>House</originChamber>
    <titles>
      <item>
        <chamberName />
        <title>Family Act of 2017</title>
        <chamberCode />
        <titleType>Short Titles as Introduced</titleType>
        <parentTitleType />
      </item>
      <item>
        <chamberName />
        <title>To amend the Internal Revenue Code of 1986 to provide an income tax credit for the costs of certain infertility treatments.</title>
        <chamberCode />
        <titleType>Official Title as Introduced</titleType>
        <parentTitleType />
      </item>
      <item>
        <chamberName />
        <title>Family Act of 2017</title>
        <chamberCode />
        <titleType>Display Title</titleType>
        <parentTitleType />
      </item>
      <item>
        <chamberName />
        <title>Family Act of 2017</title>
        <chamberCode />
        <titleType>(Extracted from GPO) Short Titles as Introduced</titleType>
        <parentTitleType />
      </item>
    </titles>
    <recordedVotes />
    <committees>
      <billCommittees>
        <item>
          <activities>
            <item>
              <date>2017-01-04T15:02:45Z</date>
              <name>Referred to</name>
            </item>
          </activities>
          <systemCode>hswm00</systemCode>
          <chamber>House</chamber>
          <type>Standing</type>
          <name>Ways and Means Committee</name>
          <subcommittees />
        </item>
      </billCommittees>
    </committees>
    <latestAction>
      <text>Referred to the House Committee on Ways and Means.</text>
      <actionDate>2017-01-04</actionDate>
      <links />
    </latestAction>
    <billNumber>273</billNumber>
    <notes />
    <committeeReports />
    <constitutionalAuthorityStatementText><![CDATA[<pre>From the Congressional Record Online through the Government Publishing Office [<a href='http://www.gpo.gov'>www.gpo.gov</a>]By Mr. LEWIS of Georgia:H.R. 273.Congress has the power to enact this legislation pursuantto the following:This bill is enacted pursuant to the power granted toCongress under Article I of the United States Constitutionand its subsequent amendments, and further clarified andinterpreted by the Supreme Court of the United States.[Page H97]</pre>]]></constitutionalAuthorityStatementText>
    <cosponsors>
      <item>
        <bioguideId>L000397</bioguideId>
        <lastName>LOFGREN</lastName>
        <identifiers>
          <lisID>701</lisID>
          <gpoId>7821</gpoId>
          <bioguideId>L000397</bioguideId>
        </identifiers>
        <district>19</district>
        <isOriginalCosponsor>False</isOriginalCosponsor>
        <sponsorshipDate>2017-10-06</sponsorshipDate>
        <state>CA</state>
        <sponsorshipWithdrawnDate />
        <fullName>Rep. Lofgren, Zoe [D-CA-19]</fullName>
        <middleName />
        <firstName>ZOE</firstName>
        <party>D</party>
      </item>
    </cosponsors>
    <cboCostEstimates />
    <sponsors>
      <item>
        <state>GA</state>
        <bioguideId>L000287</bioguideId>
        <fullName>Rep. Lewis, John [D-GA-5]</fullName>
        <identifiers>
          <bioguideId>L000287</bioguideId>
          <gpoId>7902</gpoId>
          <lisID>688</lisID>
        </identifiers>
        <middleName />
        <firstName>JOHN</firstName>
        <district>5</district>
        <lastName>LEWIS</lastName>
        <byRequestType />
        <party>D</party>
      </item>
    </sponsors>
    <actions>
      <actionByCounts>
        <houseOfRepresentatives>3</houseOfRepresentatives>
      </actionByCounts>
      <item>
        <actionCode>H11100</actionCode>
        <committee>
          <name>Ways and Means Committee</name>
          <systemCode>hswm00</systemCode>
        </committee>
        <sourceSystem>
          <name>House floor actions</name>
          <code>2</code>
        </sourceSystem>
        <type>IntroReferral</type>
        <text>Referred to the House Committee on Ways and Means.</text>
        <actionDate>2017-01-04</actionDate>
        <links />
      </item>
      <item>
        <actionCode>Intro-H</actionCode>
        <committee />
        <sourceSystem>
          <name>Library of Congress</name>
          <code>9</code>
        </sourceSystem>
        <type>IntroReferral</type>
        <text>Introduced in House</text>
        <actionDate>2017-01-04</actionDate>
        <links />
      </item>
      <item>
        <actionCode>1000</actionCode>
        <committee />
        <sourceSystem>
          <name>Library of Congress</name>
          <code>9</code>
        </sourceSystem>
        <type>IntroReferral</type>
        <text>Introduced in House</text>
        <actionDate>2017-01-04</actionDate>
        <links />
      </item>
      <actionTypeCounts>
        <billReferrals>1</billReferrals>
        <introducedInHouse>1</introducedInHouse>
        <introducedInTheHouse>1</introducedInTheHouse>
      </actionTypeCounts>
    </actions>
    <congress>115</congress>
    <policyArea>
      <name>Taxation</name>
    </policyArea>
    <subjects>
      <billSubjects>
        <policyArea>
          <name>Taxation</name>
        </policyArea>
        <legislativeSubjects>
          <item>
            <name>Income tax credits</name>
          </item>
          <item>
            <name>Sex and reproductive health</name>
          </item>
          <item>
            <name>Women's health</name>
          </item>
        </legislativeSubjects>
      </billSubjects>
    </subjects>
    <introducedDate>2017-01-04</introducedDate>
    <laws />
    <summaries>
      <billSummaries>
        <item>
          <versionCode>00</versionCode>
          <text><![CDATA[<p><b>Family Act of 201</b><b>7</b></p> <p>This bill amends the Internal Revenue Code to allow a tax credit for 50% of an individual's qualified infertility treatment expenses, subject to specified limits based on dollar amounts and the taxpayer's adjusted gross income. Qualified infertility treatment expenses are amounts paid for the treatment of infertility via in vitro fertilization if such treatment is provided by a licensed physician, surgeon, or other medical practitioner and is administered with respect to a diagnosis of infertility by a physician licensed in the United States. </p>]]></text>
          <updateDate>2017-01-04T05:00:00Z</updateDate>
          <actionDate>2017-01-04</actionDate>
          <lastSummaryUpdateDate>2017-01-13T14:46:35Z</lastSummaryUpdateDate>
          <name>Introduced in House</name>
          <actionDesc>Introduced in House</actionDesc>
        </item>
      </billSummaries>
    </summaries>
    <amendments />
    <version>1.0.0</version>
    <title>Family Act of 2017</title>
    <calendarNumbers />
    <updateDate>2018-03-30T13:58:51Z</updateDate>
    <relatedBills />
  </bill>
  <dublinCore xmlns:dc="http://purl.org/dc/elements/1.1/">
    <dc:format>text/xml</dc:format>
    <dc:language>EN</dc:language>
    <dc:rights>Pursuant to Title 17 Section 105 of the United States Code, this file is not subject to copyright protection and is in the public domain.</dc:rights>
    <dc:contributor>Congressional Research Service, Library of Congress</dc:contributor>
    <dc:description>This file contains bill summaries and statuses for federal legislation. A bill summary describes the most significant provisions of a piece of legislation and details the effects the legislative text may have on current law and federal programs. Bill summaries are authored by the Congressional Research Service (CRS) of the Library of Congress. As stated in Public Law 91-510 (2 USC 166 (d)(6)), one of the duties of CRS is "to prepare summaries and digests of bills and resolutions of a public general nature introduced in the Senate or House of Representatives". For more information, refer to the User Guide that accompanies this file.</dc:description>
  </dublinCore>
</billStatus>

