<?xml version="1.0" encoding="UTF-8"?>
<billStatus>
  <bill>
    <cosponsors />
    <createDate>2017-01-14T04:47:33Z</createDate>
    <subjects>
      <billSubjects>
        <policyArea>
          <name>Health</name>
        </policyArea>
        <legislativeSubjects>
          <item>
            <name>Employee benefits and pensions</name>
          </item>
          <item>
            <name>Health care costs and insurance</name>
          </item>
          <item>
            <name>Health care coverage and access</name>
          </item>
          <item>
            <name>Sales and excise taxes</name>
          </item>
          <item>
            <name>Small business</name>
          </item>
        </legislativeSubjects>
      </billSubjects>
    </subjects>
    <amendments />
    <updateDate>2018-03-30T14:00:15Z</updateDate>
    <latestAction>
      <text>Referred to the House Committee on Ways and Means.</text>
      <actionDate>2017-01-13</actionDate>
      <links />
    </latestAction>
    <sponsors>
      <item>
        <fullName>Rep. Messer, Luke [R-IN-6]</fullName>
        <middleName />
        <party>R</party>
        <identifiers>
          <lisID>2130</lisID>
          <gpoId />
          <bioguideId>M001189</bioguideId>
        </identifiers>
        <state>IN</state>
        <firstName>Luke</firstName>
        <lastName>Messer</lastName>
        <byRequestType />
        <bioguideId>M001189</bioguideId>
        <district>6</district>
      </item>
    </sponsors>
    <committeeReports />
    <recordedVotes />
    <originChamber>House</originChamber>
    <calendarNumbers />
    <congress>115</congress>
    <relatedBills />
    <version>1.0.0</version>
    <committees>
      <billCommittees>
        <item>
          <type>Standing</type>
          <subcommittees />
          <name>Ways and Means Committee</name>
          <activities>
            <item>
              <date>2017-01-13T14:05:30Z</date>
              <name>Referred to</name>
            </item>
          </activities>
          <systemCode>hswm00</systemCode>
          <chamber>House</chamber>
        </item>
      </billCommittees>
    </committees>
    <cboCostEstimates />
    <billType>HR</billType>
    <notes />
    <title>Small Business Job Protection Act of 2017</title>
    <laws />
    <billNumber>561</billNumber>
    <actions>
      <actionTypeCounts>
        <billReferrals>1</billReferrals>
        <introducedInTheHouse>1</introducedInTheHouse>
        <introducedInHouse>1</introducedInHouse>
      </actionTypeCounts>
      <item>
        <text>Referred to the House Committee on Ways and Means.</text>
        <type>IntroReferral</type>
        <actionDate>2017-01-13</actionDate>
        <links />
        <committee>
          <name>Ways and Means Committee</name>
          <systemCode>hswm00</systemCode>
        </committee>
        <sourceSystem>
          <code>2</code>
          <name>House floor actions</name>
        </sourceSystem>
        <actionCode>H11100</actionCode>
      </item>
      <item>
        <text>Introduced in House</text>
        <type>IntroReferral</type>
        <actionDate>2017-01-13</actionDate>
        <links />
        <committee />
        <sourceSystem>
          <code>9</code>
          <name>Library of Congress</name>
        </sourceSystem>
        <actionCode>Intro-H</actionCode>
      </item>
      <item>
        <text>Introduced in House</text>
        <type>IntroReferral</type>
        <actionDate>2017-01-13</actionDate>
        <links />
        <committee />
        <sourceSystem>
          <code>9</code>
          <name>Library of Congress</name>
        </sourceSystem>
        <actionCode>1000</actionCode>
      </item>
      <actionByCounts>
        <houseOfRepresentatives>3</houseOfRepresentatives>
      </actionByCounts>
    </actions>
    <titles>
      <item>
        <titleType>Short Titles as Introduced</titleType>
        <chamberCode />
        <parentTitleType />
        <chamberName />
        <title>Small Business Job Protection Act of 2017</title>
      </item>
      <item>
        <titleType>Official Title as Introduced</titleType>
        <chamberCode />
        <parentTitleType />
        <chamberName />
        <title>To amend the Internal Revenue Code of 1986 to modify the definition of applicable large employer for purposes of the employer mandate in the Patient Protection and Affordable Care Act.</title>
      </item>
      <item>
        <titleType>Display Title</titleType>
        <chamberCode />
        <parentTitleType />
        <chamberName />
        <title>Small Business Job Protection Act of 2017</title>
      </item>
      <item>
        <titleType>(Extracted from GPO) Short Titles as Introduced</titleType>
        <chamberCode />
        <parentTitleType />
        <chamberName />
        <title>Small Business Job Protection Act of 2017</title>
      </item>
    </titles>
    <summaries>
      <billSummaries>
        <item>
          <actionDate>2017-01-13</actionDate>
          <text><![CDATA[<p><strong>Small Business Job Protection Act of 201</strong><b>7</b></p> <p>This bill amends the Internal Revenue Code, as amended by the Patient Protection and Affordable Care Act, to redefine "applicable large employer," for purposes of the mandate requiring employers to provide health insurance for their employees, to mean an employer with at least 100 full-time employees (currently, 50).</p>]]></text>
          <updateDate>2017-01-13T05:00:00Z</updateDate>
          <versionCode>00</versionCode>
          <lastSummaryUpdateDate>2017-01-31T16:34:51Z</lastSummaryUpdateDate>
          <actionDesc>Introduced in House</actionDesc>
          <name>Introduced in House</name>
        </item>
      </billSummaries>
    </summaries>
    <introducedDate>2017-01-13</introducedDate>
    <policyArea>
      <name>Health</name>
    </policyArea>
    <constitutionalAuthorityStatementText><![CDATA[<pre>From the Congressional Record Online through the Government Publishing Office [<a href='http://www.gpo.gov'>www.gpo.gov</a>]By Mr. MESSER:H.R. 561.Congress has the power to enact this legislation pursuantto the following:Article I, Section 8, Clause 18[Page H548]</pre>]]></constitutionalAuthorityStatementText>
  </bill>
  <dublinCore xmlns:dc="http://purl.org/dc/elements/1.1/">
    <dc:format>text/xml</dc:format>
    <dc:language>EN</dc:language>
    <dc:rights>Pursuant to Title 17 Section 105 of the United States Code, this file is not subject to copyright protection and is in the public domain.</dc:rights>
    <dc:contributor>Congressional Research Service, Library of Congress</dc:contributor>
    <dc:description>This file contains bill summaries and statuses for federal legislation. A bill summary describes the most significant provisions of a piece of legislation and details the effects the legislative text may have on current law and federal programs. Bill summaries are authored by the Congressional Research Service (CRS) of the Library of Congress. As stated in Public Law 91-510 (2 USC 166 (d)(6)), one of the duties of CRS is "to prepare summaries and digests of bills and resolutions of a public general nature introduced in the Senate or House of Representatives". For more information, refer to the User Guide that accompanies this file.</dc:description>
  </dublinCore>
</billStatus>

