<?xml version="1.0" encoding="UTF-8"?>
<billStatus>
  <bill>
    <title>Congressional Integrity Act</title>
    <latestAction>
      <actionDate>2017-01-31</actionDate>
      <text>Referred to the Subcommittee on the Constitution and Civil Justice.</text>
      <links />
    </latestAction>
    <createDate>2017-01-06T04:57:26Z</createDate>
    <titles>
      <item>
        <chamberName />
        <title>Congressional Integrity Act</title>
        <chamberCode />
        <titleType>Short Titles as Introduced</titleType>
        <parentTitleType />
      </item>
      <item>
        <chamberName />
        <title>To amend title 18, United States Code, to establish a uniform 5-year post-employment ban on lobbying by former Members of Congress, and for other purposes.</title>
        <chamberCode />
        <titleType>Official Title as Introduced</titleType>
        <parentTitleType />
      </item>
      <item>
        <chamberName />
        <title>Congressional Integrity Act</title>
        <chamberCode />
        <titleType>Display Title</titleType>
        <parentTitleType />
      </item>
      <item>
        <chamberName />
        <title>Congressional Integrity Act</title>
        <chamberCode />
        <titleType>(Extracted from GPO) Short Titles as Introduced</titleType>
        <parentTitleType />
      </item>
    </titles>
    <version>1.0.0</version>
    <notes />
    <subjects>
      <billSubjects>
        <policyArea>
          <name>Crime and Law Enforcement</name>
        </policyArea>
        <legislativeSubjects>
          <item>
            <name>Congressional officers and employees</name>
          </item>
          <item>
            <name>Government ethics and transparency, public corruption</name>
          </item>
          <item>
            <name>House of Representatives</name>
          </item>
          <item>
            <name>Members of Congress</name>
          </item>
          <item>
            <name>Public participation and lobbying</name>
          </item>
          <item>
            <name>Senate</name>
          </item>
        </legislativeSubjects>
      </billSubjects>
    </subjects>
    <cboCostEstimates />
    <sponsors>
      <item>
        <firstName>David</firstName>
        <lastName>Trott</lastName>
        <middleName>A.</middleName>
        <byRequestType />
        <bioguideId>T000475</bioguideId>
        <identifiers>
          <gpoId />
          <lisID>2250</lisID>
          <bioguideId>T000475</bioguideId>
        </identifiers>
        <state>MI</state>
        <fullName>Rep. Trott, David A. [R-MI-11]</fullName>
        <district>11</district>
        <party>R</party>
      </item>
    </sponsors>
    <calendarNumbers />
    <policyArea>
      <name>Crime and Law Enforcement</name>
    </policyArea>
    <summaries>
      <billSummaries>
        <item>
          <actionDesc>Introduced in House</actionDesc>
          <versionCode>00</versionCode>
          <lastSummaryUpdateDate>2017-07-17T21:50:09Z</lastSummaryUpdateDate>
          <name>Introduced in House</name>
          <updateDate>2017-01-05T05:00:00Z</updateDate>
          <actionDate>2017-01-05</actionDate>
          <text><![CDATA[<p><b>Congressional Integrity Act</b></p> <p>This bill amends the federal criminal code to increase to five years the post-employment lobbying ban on a former member of the U.S. Senate (currently, two years) or a former member of the U.S. House of Representatives (currently, one year).</p> <p>Additionally, the bill amends the Lobbying Disclosure Act of 1995 to revise the definition of &quot;lobbyist.&quot; Currently, a lobbyist is an individual who: (1) is employed or retained by a client for compensation, (2) makes more than one lobbying contact, and (3) spends at least 20% of the time working for that client on lobbying activities. This bill broadens the term lobbyist to include an individual who spends less than 20% of the time working for a client on lobbying activities, if that individual is a former Member of Congress. </p>]]></text>
        </item>
      </billSummaries>
    </summaries>
    <actions>
      <actionTypeCounts>
        <placeholderTextForH>1</placeholderTextForH>
        <introducedInHouse>1</introducedInHouse>
        <billReferrals>1</billReferrals>
        <introducedInTheHouse>1</introducedInTheHouse>
      </actionTypeCounts>
      <item>
        <actionDate>2017-01-31</actionDate>
        <committee>
          <systemCode>hsju10</systemCode>
          <name>Constitution and Civil Justice Subcommittee</name>
        </committee>
        <links />
        <sourceSystem>
          <code>1</code>
          <name>House committee actions</name>
        </sourceSystem>
        <text>Referred to the Subcommittee on the Constitution and Civil Justice.</text>
        <type>Committee</type>
      </item>
      <item>
        <actionDate>2017-01-05</actionDate>
        <type>IntroReferral</type>
        <links />
        <committee>
          <systemCode>hsju00</systemCode>
          <name>Judiciary Committee</name>
        </committee>
        <actionCode>H11100</actionCode>
        <text>Referred to the House Committee on the Judiciary.</text>
        <sourceSystem>
          <code>2</code>
          <name>House floor actions</name>
        </sourceSystem>
      </item>
      <item>
        <actionDate>2017-01-05</actionDate>
        <type>IntroReferral</type>
        <links />
        <committee />
        <actionCode>Intro-H</actionCode>
        <text>Introduced in House</text>
        <sourceSystem>
          <code>9</code>
          <name>Library of Congress</name>
        </sourceSystem>
      </item>
      <item>
        <actionDate>2017-01-05</actionDate>
        <type>IntroReferral</type>
        <links />
        <committee />
        <actionCode>1000</actionCode>
        <text>Introduced in House</text>
        <sourceSystem>
          <code>9</code>
          <name>Library of Congress</name>
        </sourceSystem>
      </item>
      <actionByCounts>
        <houseOfRepresentatives>4</houseOfRepresentatives>
      </actionByCounts>
    </actions>
    <relatedBills />
    <committees>
      <billCommittees>
        <item>
          <name>Judiciary Committee</name>
          <activities>
            <item>
              <date>2017-01-05T15:06:20Z</date>
              <name>Referred to</name>
            </item>
          </activities>
          <chamber>House</chamber>
          <type>Standing</type>
          <systemCode>hsju00</systemCode>
          <subcommittees>
            <item>
              <activities>
                <item>
                  <date>2017-01-31T14:31:48Z</date>
                  <name>Referred to</name>
                </item>
              </activities>
              <name>Constitution and Civil Justice Subcommittee</name>
              <systemCode>hsju10</systemCode>
            </item>
          </subcommittees>
        </item>
      </billCommittees>
    </committees>
    <constitutionalAuthorityStatementText><![CDATA[<pre>From the Congressional Record Online through the Government Publishing Office [<a href='http://www.gpo.gov'>www.gpo.gov</a>]By Mr. TROTT:H.R. 346.Congress has the power to enact this legislation pursuantto the following:Article I, Section 8[Page H184]</pre>]]></constitutionalAuthorityStatementText>
    <introducedDate>2017-01-05</introducedDate>
    <cosponsors>
      <item>
        <sponsorshipDate>2017-01-23</sponsorshipDate>
        <state>CO</state>
        <lastName>Coffman</lastName>
        <firstName>Mike</firstName>
        <sponsorshipWithdrawnDate />
        <middleName />
        <identifiers>
          <lisID>1912</lisID>
          <gpoId>7864</gpoId>
          <bioguideId>C001077</bioguideId>
        </identifiers>
        <fullName>Rep. Coffman, Mike [R-CO-6]</fullName>
        <bioguideId>C001077</bioguideId>
        <isOriginalCosponsor>False</isOriginalCosponsor>
        <district>6</district>
        <party>R</party>
      </item>
      <item>
        <sponsorshipDate>2017-07-18</sponsorshipDate>
        <state>IN</state>
        <lastName>Rokita</lastName>
        <firstName>Todd</firstName>
        <sponsorshipWithdrawnDate />
        <middleName />
        <identifiers>
          <lisID>2017</lisID>
          <gpoId>7943</gpoId>
          <bioguideId>R000592</bioguideId>
        </identifiers>
        <fullName>Rep. Rokita, Todd [R-IN-4]</fullName>
        <bioguideId>R000592</bioguideId>
        <isOriginalCosponsor>False</isOriginalCosponsor>
        <district>4</district>
        <party>R</party>
      </item>
      <item>
        <sponsorshipDate>2018-02-07</sponsorshipDate>
        <state>NC</state>
        <lastName>JONES</lastName>
        <firstName>WALTER</firstName>
        <sponsorshipWithdrawnDate />
        <middleName>B.</middleName>
        <identifiers>
          <bioguideId>J000255</bioguideId>
          <gpoId>8026</gpoId>
          <lisID>612</lisID>
        </identifiers>
        <fullName>Rep. Jones, Walter B., Jr. [R-NC-3]</fullName>
        <bioguideId>J000255</bioguideId>
        <isOriginalCosponsor>False</isOriginalCosponsor>
        <district>3</district>
        <party>R</party>
      </item>
    </cosponsors>
    <laws />
    <congress>115</congress>
    <recordedVotes />
    <amendments />
    <committeeReports />
    <billType>HR</billType>
    <billNumber>346</billNumber>
    <updateDate>2018-03-30T13:59:10Z</updateDate>
    <originChamber>House</originChamber>
  </bill>
  <dublinCore xmlns:dc="http://purl.org/dc/elements/1.1/">
    <dc:format>text/xml</dc:format>
    <dc:language>EN</dc:language>
    <dc:rights>Pursuant to Title 17 Section 105 of the United States Code, this file is not subject to copyright protection and is in the public domain.</dc:rights>
    <dc:contributor>Congressional Research Service, Library of Congress</dc:contributor>
    <dc:description>This file contains bill summaries and statuses for federal legislation. A bill summary describes the most significant provisions of a piece of legislation and details the effects the legislative text may have on current law and federal programs. Bill summaries are authored by the Congressional Research Service (CRS) of the Library of Congress. As stated in Public Law 91-510 (2 USC 166 (d)(6)), one of the duties of CRS is "to prepare summaries and digests of bills and resolutions of a public general nature introduced in the Senate or House of Representatives". For more information, refer to the User Guide that accompanies this file.</dc:description>
  </dublinCore>
</billStatus>

