<?xml version="1.0" encoding="UTF-8"?>
<billStatus>
  <bill>
    <congress>115</congress>
    <version>1.0.0</version>
    <updateDate>2018-04-10T07:15:13Z</updateDate>
    <actions>
      <item>
        <actionDate>2017-02-24</actionDate>
        <committee>
          <systemCode>hsag22</systemCode>
          <name>Commodity Exchanges, Energy, and Credit Subcommittee</name>
        </committee>
        <links />
        <sourceSystem>
          <code>1</code>
          <name>House committee actions</name>
        </sourceSystem>
        <text>Referred to the Subcommittee on Commodity Exchanges, Energy, and Credit.</text>
        <type>Committee</type>
      </item>
      <item>
        <actionDate>2017-02-15</actionDate>
        <committee>
          <systemCode>hsii10</systemCode>
          <name>Federal Lands Subcommittee</name>
        </committee>
        <links />
        <sourceSystem>
          <code>1</code>
          <name>House committee actions</name>
        </sourceSystem>
        <text>Referred to the Subcommittee on Federal Lands.</text>
        <type>Committee</type>
      </item>
      <item>
        <actionDate>2017-02-15</actionDate>
        <committee>
          <systemCode>hsii24</systemCode>
          <name>Indian, Insular and Alaska Native Affairs Subcommittee</name>
        </committee>
        <links />
        <sourceSystem>
          <code>1</code>
          <name>House committee actions</name>
        </sourceSystem>
        <text>Referred to the Subcommittee on Indian, Insular and Alaska Native Affairs.</text>
        <type>Committee</type>
      </item>
      <item>
        <actionDate>2017-02-03</actionDate>
        <committee>
          <systemCode>hsif16</systemCode>
          <name>Communications and Technology Subcommittee</name>
        </committee>
        <links />
        <sourceSystem>
          <code>1</code>
          <name>House committee actions</name>
        </sourceSystem>
        <text>Referred to the Subcommittee on Communications and Technology.</text>
        <type>Committee</type>
      </item>
      <item>
        <committee>
          <systemCode>hsif00</systemCode>
          <name>Energy and Commerce Committee</name>
        </committee>
        <actionCode>H11100</actionCode>
        <sourceSystem>
          <code>2</code>
          <name>House floor actions</name>
        </sourceSystem>
        <text>Referred to House Energy and Commerce</text>
        <actionDate>2017-02-01</actionDate>
        <links />
        <type>IntroReferral</type>
      </item>
      <item>
        <committee>
          <systemCode>hsii00</systemCode>
          <name>Natural Resources Committee</name>
        </committee>
        <actionCode>H11100</actionCode>
        <sourceSystem>
          <code>2</code>
          <name>House floor actions</name>
        </sourceSystem>
        <text>Referred to House Natural Resources</text>
        <actionDate>2017-02-01</actionDate>
        <links />
        <type>IntroReferral</type>
      </item>
      <item>
        <committee>
          <systemCode>hsag00</systemCode>
          <name>Agriculture Committee</name>
        </committee>
        <actionCode>H11100</actionCode>
        <sourceSystem>
          <code>2</code>
          <name>House floor actions</name>
        </sourceSystem>
        <text>Referred to House Agriculture</text>
        <actionDate>2017-02-01</actionDate>
        <links />
        <type>IntroReferral</type>
      </item>
      <item>
        <committee />
        <actionCode>H11100-A</actionCode>
        <sourceSystem>
          <code>9</code>
          <name>Library of Congress</name>
        </sourceSystem>
        <text>Referred to the Committee on Agriculture, and in addition to the Committees on Natural Resources, and Energy and Commerce, for a period to be subsequently determined by the Speaker, in each case for consideration of such provisions as fall within the jurisdiction of the committee concerned.</text>
        <actionDate>2017-02-01</actionDate>
        <links />
        <type>IntroReferral</type>
      </item>
      <item>
        <committee />
        <actionCode>Intro-H</actionCode>
        <sourceSystem>
          <code>9</code>
          <name>Library of Congress</name>
        </sourceSystem>
        <text>Introduced in House</text>
        <actionDate>2017-02-01</actionDate>
        <links />
        <type>IntroReferral</type>
      </item>
      <item>
        <committee />
        <actionCode>1000</actionCode>
        <sourceSystem>
          <code>9</code>
          <name>Library of Congress</name>
        </sourceSystem>
        <text>Introduced in House</text>
        <actionDate>2017-02-01</actionDate>
        <links />
        <type>IntroReferral</type>
      </item>
      <actionTypeCounts>
        <billReferralsAggregate>1</billReferralsAggregate>
        <billReferrals>3</billReferrals>
        <introducedInHouse>1</introducedInHouse>
        <placeholderTextForH>4</placeholderTextForH>
        <introducedInTheHouse>1</introducedInTheHouse>
      </actionTypeCounts>
      <actionByCounts>
        <houseOfRepresentatives>10</houseOfRepresentatives>
      </actionByCounts>
    </actions>
    <originChamber>House</originChamber>
    <recordedVotes />
    <introducedDate>2017-02-01</introducedDate>
    <createDate>2017-02-02T05:28:45Z</createDate>
    <titles>
      <item>
        <title>New Deal Rural Broadband Act of 2017</title>
        <parentTitleType />
        <chamberName />
        <titleType>Short Titles as Introduced</titleType>
        <chamberCode />
      </item>
      <item>
        <title>To establish the Office of Rural Broadband Initiatives within the Department of Agriculture, to preserve open Internet requirements, and for other purposes.</title>
        <parentTitleType />
        <chamberName />
        <titleType>Official Title as Introduced</titleType>
        <chamberCode />
      </item>
      <item>
        <title>New Deal Rural Broadband Act of 2017</title>
        <parentTitleType />
        <chamberName />
        <titleType>Display Title</titleType>
        <chamberCode />
      </item>
      <item>
        <title>New Deal Rural Broadband Act</title>
        <parentTitleType />
        <chamberName />
        <titleType>(Extracted from GPO) Short Titles as Introduced</titleType>
        <chamberCode />
      </item>
    </titles>
    <committees>
      <billCommittees>
        <item>
          <name>Agriculture Committee</name>
          <systemCode>hsag00</systemCode>
          <subcommittees>
            <item>
              <systemCode>hsag22</systemCode>
              <activities>
                <item>
                  <name>Referred to</name>
                  <date>2017-02-24T16:34:19Z</date>
                </item>
              </activities>
              <name>Commodity Exchanges, Energy, and Credit Subcommittee</name>
            </item>
          </subcommittees>
          <activities>
            <item>
              <name>Referred to</name>
              <date>2017-02-01T15:03:25Z</date>
            </item>
          </activities>
          <chamber>House</chamber>
          <type>Standing</type>
        </item>
        <item>
          <name>Natural Resources Committee</name>
          <systemCode>hsii00</systemCode>
          <subcommittees>
            <item>
              <systemCode>hsii10</systemCode>
              <activities>
                <item>
                  <name>Referred to</name>
                  <date>2017-02-15T21:39:40Z</date>
                </item>
              </activities>
              <name>Federal Lands Subcommittee</name>
            </item>
            <item>
              <systemCode>hsii24</systemCode>
              <activities>
                <item>
                  <name>Referred to</name>
                  <date>2017-02-15T21:39:32Z</date>
                </item>
              </activities>
              <name>Indian, Insular and Alaska Native Affairs Subcommittee</name>
            </item>
          </subcommittees>
          <activities>
            <item>
              <name>Referred to</name>
              <date>2017-02-01T15:03:30Z</date>
            </item>
          </activities>
          <chamber>House</chamber>
          <type>Standing</type>
        </item>
        <item>
          <name>Energy and Commerce Committee</name>
          <systemCode>hsif00</systemCode>
          <subcommittees>
            <item>
              <systemCode>hsif16</systemCode>
              <activities>
                <item>
                  <name>Referred to</name>
                  <date>2017-02-03T16:01:50Z</date>
                </item>
              </activities>
              <name>Communications and Technology Subcommittee</name>
            </item>
          </subcommittees>
          <activities>
            <item>
              <name>Referred to</name>
              <date>2017-02-01T15:03:35Z</date>
            </item>
          </activities>
          <chamber>House</chamber>
          <type>Standing</type>
        </item>
      </billCommittees>
    </committees>
    <cboCostEstimates />
    <billNumber>800</billNumber>
    <laws />
    <cosponsors>
      <item>
        <district>2</district>
        <state>WI</state>
        <bioguideId>P000607</bioguideId>
        <isOriginalCosponsor>True</isOriginalCosponsor>
        <identifiers>
          <lisID>2171</lisID>
          <bioguideId>P000607</bioguideId>
          <gpoId />
        </identifiers>
        <party>D</party>
        <firstName>Mark</firstName>
        <fullName>Rep. Pocan, Mark [D-WI-2]</fullName>
        <sponsorshipDate>2017-02-01</sponsorshipDate>
        <sponsorshipWithdrawnDate />
        <middleName />
        <lastName>Pocan</lastName>
      </item>
      <item>
        <district>8</district>
        <state>MN</state>
        <bioguideId>N000127</bioguideId>
        <isOriginalCosponsor>True</isOriginalCosponsor>
        <identifiers>
          <lisID>867</lisID>
          <gpoId />
          <bioguideId>N000127</bioguideId>
        </identifiers>
        <party>D</party>
        <firstName>RICHARD</firstName>
        <fullName>Rep. Nolan, Richard M. [D-MN-8]</fullName>
        <sponsorshipDate>2017-02-01</sponsorshipDate>
        <sponsorshipWithdrawnDate />
        <middleName />
        <lastName>NOLAN</lastName>
      </item>
      <item>
        <district>1</district>
        <state>AZ</state>
        <bioguideId>O000171</bioguideId>
        <isOriginalCosponsor>False</isOriginalCosponsor>
        <identifiers>
          <bioguideId>O000171</bioguideId>
          <lisID>2306</lisID>
          <gpoId />
        </identifiers>
        <party>D</party>
        <firstName>Tom</firstName>
        <fullName>Rep. O'Halleran, Tom [D-AZ-1]</fullName>
        <sponsorshipDate>2017-02-02</sponsorshipDate>
        <sponsorshipWithdrawnDate />
        <middleName />
        <lastName>O'Halleran</lastName>
      </item>
      <item>
        <district>13</district>
        <state>MI</state>
        <bioguideId>C000714</bioguideId>
        <isOriginalCosponsor>False</isOriginalCosponsor>
        <identifiers>
          <bioguideId>C000714</bioguideId>
          <lisID>229</lisID>
          <gpoId>7999</gpoId>
        </identifiers>
        <party>D</party>
        <firstName>JOHN</firstName>
        <fullName>Rep. Conyers, John, Jr. [D-MI-13]</fullName>
        <sponsorshipDate>2017-02-02</sponsorshipDate>
        <sponsorshipWithdrawnDate />
        <middleName />
        <lastName>CONYERS</lastName>
      </item>
      <item>
        <district>20</district>
        <state>FL</state>
        <bioguideId>H000324</bioguideId>
        <isOriginalCosponsor>False</isOriginalCosponsor>
        <identifiers>
          <bioguideId>H000324</bioguideId>
          <lisID>511</lisID>
          <gpoId>7895</gpoId>
        </identifiers>
        <party>D</party>
        <firstName>ALCEE</firstName>
        <fullName>Rep. Hastings, Alcee L. [D-FL-20]</fullName>
        <sponsorshipDate>2017-02-02</sponsorshipDate>
        <sponsorshipWithdrawnDate />
        <middleName>L.</middleName>
        <lastName>HASTINGS</lastName>
      </item>
      <item>
        <district>5</district>
        <state>CA</state>
        <bioguideId>T000460</bioguideId>
        <isOriginalCosponsor>False</isOriginalCosponsor>
        <identifiers>
          <lisID>1593</lisID>
          <bioguideId>T000460</bioguideId>
          <gpoId>7806</gpoId>
        </identifiers>
        <party>D</party>
        <firstName>MIKE</firstName>
        <fullName>Rep. Thompson, Mike [D-CA-5]</fullName>
        <sponsorshipDate>2017-02-02</sponsorshipDate>
        <sponsorshipWithdrawnDate />
        <middleName />
        <lastName>THOMPSON</lastName>
      </item>
      <item>
        <district>2</district>
        <state>MA</state>
        <bioguideId>M000312</bioguideId>
        <isOriginalCosponsor>False</isOriginalCosponsor>
        <identifiers>
          <lisID>1504</lisID>
          <gpoId>7968</gpoId>
          <bioguideId>M000312</bioguideId>
        </identifiers>
        <party>D</party>
        <firstName>JAMES</firstName>
        <fullName>Rep. McGovern, James P. [D-MA-2]</fullName>
        <sponsorshipDate>2017-02-02</sponsorshipDate>
        <sponsorshipWithdrawnDate />
        <middleName>P.</middleName>
        <lastName>MCGOVERN</lastName>
      </item>
      <item>
        <district>3</district>
        <state>CA</state>
        <bioguideId>G000559</bioguideId>
        <isOriginalCosponsor>False</isOriginalCosponsor>
        <identifiers>
          <bioguideId>G000559</bioguideId>
          <lisID>1973</lisID>
          <gpoId>7815</gpoId>
        </identifiers>
        <party>D</party>
        <firstName>John</firstName>
        <fullName>Rep. Garamendi, John [D-CA-3]</fullName>
        <sponsorshipDate>2017-02-07</sponsorshipDate>
        <sponsorshipWithdrawnDate />
        <middleName />
        <lastName>Garamendi</lastName>
      </item>
      <item>
        <district>3</district>
        <state>WI</state>
        <bioguideId>K000188</bioguideId>
        <isOriginalCosponsor>False</isOriginalCosponsor>
        <identifiers>
          <bioguideId>K000188</bioguideId>
          <lisID>1498</lisID>
          <gpoId>8216</gpoId>
        </identifiers>
        <party>D</party>
        <firstName>RON</firstName>
        <fullName>Rep. Kind, Ron [D-WI-3]</fullName>
        <sponsorshipDate>2017-02-07</sponsorshipDate>
        <sponsorshipWithdrawnDate />
        <middleName />
        <lastName>KIND</lastName>
      </item>
      <item>
        <district>13</district>
        <state>OH</state>
        <bioguideId>R000577</bioguideId>
        <isOriginalCosponsor>False</isOriginalCosponsor>
        <identifiers>
          <lisID>1756</lisID>
          <bioguideId>R000577</bioguideId>
          <gpoId>8107</gpoId>
        </identifiers>
        <party>D</party>
        <firstName>TIM</firstName>
        <fullName>Rep. Ryan, Tim [D-OH-13]</fullName>
        <sponsorshipDate>2017-02-07</sponsorshipDate>
        <sponsorshipWithdrawnDate />
        <middleName />
        <lastName>RYAN</lastName>
      </item>
      <item>
        <district>1</district>
        <state>NH</state>
        <bioguideId>S001170</bioguideId>
        <isOriginalCosponsor>False</isOriginalCosponsor>
        <identifiers>
          <gpoId>7528</gpoId>
          <bioguideId>S001170</bioguideId>
          <lisID>1861</lisID>
        </identifiers>
        <party>D</party>
        <firstName>Carol</firstName>
        <fullName>Rep. Shea-Porter, Carol [D-NH-1]</fullName>
        <sponsorshipDate>2017-02-13</sponsorshipDate>
        <sponsorshipWithdrawnDate />
        <middleName />
        <lastName>Shea-Porter</lastName>
      </item>
      <item>
        <district>1</district>
        <state>ME</state>
        <bioguideId>P000597</bioguideId>
        <isOriginalCosponsor>False</isOriginalCosponsor>
        <identifiers>
          <bioguideId>P000597</bioguideId>
          <lisID>1927</lisID>
          <gpoId>7984</gpoId>
        </identifiers>
        <party>D</party>
        <firstName>Chellie</firstName>
        <fullName>Rep. Pingree, Chellie [D-ME-1]</fullName>
        <sponsorshipDate>2017-02-16</sponsorshipDate>
        <sponsorshipWithdrawnDate />
        <middleName />
        <lastName>Pingree</lastName>
      </item>
      <item>
        <district>25</district>
        <state>NY</state>
        <bioguideId>S000480</bioguideId>
        <isOriginalCosponsor>False</isOriginalCosponsor>
        <identifiers>
          <lisID>1069</lisID>
          <bioguideId>S000480</bioguideId>
          <gpoId>8089</gpoId>
        </identifiers>
        <party>D</party>
        <firstName>LOUISE</firstName>
        <fullName>Rep. Slaughter, Louise McIntosh [D-NY-25]</fullName>
        <sponsorshipDate>2017-02-27</sponsorshipDate>
        <sponsorshipWithdrawnDate />
        <middleName>M.</middleName>
        <lastName>SLAUGHTER</lastName>
      </item>
      <item>
        <district>4</district>
        <state>MN</state>
        <bioguideId>M001143</bioguideId>
        <isOriginalCosponsor>False</isOriginalCosponsor>
        <identifiers>
          <gpoId>8004</gpoId>
          <bioguideId>M001143</bioguideId>
          <lisID>1653</lisID>
        </identifiers>
        <party>D</party>
        <firstName>BETTY</firstName>
        <fullName>Rep. McCollum, Betty [D-MN-4]</fullName>
        <sponsorshipDate>2017-03-10</sponsorshipDate>
        <sponsorshipWithdrawnDate />
        <middleName />
        <lastName>MCCOLLUM</lastName>
      </item>
      <item>
        <district>18</district>
        <state>TX</state>
        <bioguideId>J000032</bioguideId>
        <isOriginalCosponsor>False</isOriginalCosponsor>
        <identifiers>
          <bioguideId>J000032</bioguideId>
          <lisID>588</lisID>
          <gpoId>8174</gpoId>
        </identifiers>
        <party>D</party>
        <firstName>SHEILA</firstName>
        <fullName>Rep. Jackson Lee, Sheila [D-TX-18]</fullName>
        <sponsorshipDate>2017-03-20</sponsorshipDate>
        <sponsorshipWithdrawnDate />
        <middleName />
        <lastName>JACKSON LEE</lastName>
      </item>
      <item>
        <district>5</district>
        <state>MN</state>
        <bioguideId>E000288</bioguideId>
        <isOriginalCosponsor>False</isOriginalCosponsor>
        <identifiers>
          <gpoId>8005</gpoId>
          <lisID>1857</lisID>
          <bioguideId>E000288</bioguideId>
        </identifiers>
        <party>D</party>
        <firstName>Keith</firstName>
        <fullName>Rep. Ellison, Keith [D-MN-5]</fullName>
        <sponsorshipDate>2017-03-21</sponsorshipDate>
        <sponsorshipWithdrawnDate />
        <middleName />
        <lastName>Ellison</lastName>
      </item>
      <item>
        <district>1</district>
        <state>MN</state>
        <bioguideId>W000799</bioguideId>
        <isOriginalCosponsor>False</isOriginalCosponsor>
        <identifiers>
          <lisID>1856</lisID>
          <bioguideId>W000799</bioguideId>
          <gpoId>8001</gpoId>
        </identifiers>
        <party>D</party>
        <firstName>Timothy</firstName>
        <fullName>Rep. Walz, Timothy J. [D-MN-1]</fullName>
        <sponsorshipDate>2017-03-23</sponsorshipDate>
        <sponsorshipWithdrawnDate />
        <middleName>J.</middleName>
        <lastName>Walz</lastName>
      </item>
      <item>
        <district>3</district>
        <state>AZ</state>
        <bioguideId>G000551</bioguideId>
        <isOriginalCosponsor>False</isOriginalCosponsor>
        <identifiers>
          <bioguideId>G000551</bioguideId>
          <lisID>1708</lisID>
          <gpoId>7804</gpoId>
        </identifiers>
        <party>D</party>
        <firstName>Raul</firstName>
        <fullName>Rep. Grijalva, Raul M. [D-AZ-3]</fullName>
        <sponsorshipDate>2017-03-29</sponsorshipDate>
        <sponsorshipWithdrawnDate />
        <middleName>M.</middleName>
        <lastName>Grijalva</lastName>
      </item>
      <item>
        <district>9</district>
        <state>FL</state>
        <bioguideId>S001200</bioguideId>
        <isOriginalCosponsor>False</isOriginalCosponsor>
        <identifiers>
          <gpoId />
          <bioguideId>S001200</bioguideId>
          <lisID>2319</lisID>
        </identifiers>
        <party>D</party>
        <firstName>Darren</firstName>
        <fullName>Rep. Soto, Darren [D-FL-9]</fullName>
        <sponsorshipDate>2017-04-03</sponsorshipDate>
        <sponsorshipWithdrawnDate />
        <middleName />
        <lastName>Soto</lastName>
      </item>
      <item>
        <district>16</district>
        <state>TX</state>
        <bioguideId>O000170</bioguideId>
        <isOriginalCosponsor>False</isOriginalCosponsor>
        <identifiers>
          <bioguideId>O000170</bioguideId>
          <lisID>2162</lisID>
          <gpoId />
        </identifiers>
        <party>D</party>
        <firstName>Beto</firstName>
        <fullName>Rep. O'Rourke, Beto [D-TX-16]</fullName>
        <sponsorshipDate>2018-04-09</sponsorshipDate>
        <sponsorshipWithdrawnDate />
        <middleName />
        <lastName>O'Rourke</lastName>
      </item>
    </cosponsors>
    <latestAction>
      <text>Referred to the Subcommittee on Commodity Exchanges, Energy, and Credit.</text>
      <links />
      <actionDate>2017-02-24</actionDate>
    </latestAction>
    <sponsors>
      <item>
        <firstName>Jared</firstName>
        <middleName />
        <party>D</party>
        <state>CA</state>
        <byRequestType />
        <fullName>Rep. Huffman, Jared [D-CA-2]</fullName>
        <district>2</district>
        <bioguideId>H001068</bioguideId>
        <identifiers>
          <gpoId />
          <lisID>2101</lisID>
          <bioguideId>H001068</bioguideId>
        </identifiers>
        <lastName>Huffman</lastName>
      </item>
    </sponsors>
    <amendments />
    <summaries>
      <billSummaries>
        <item>
          <actionDesc>Introduced in House</actionDesc>
          <text><![CDATA[<p><b>New Deal Rural Broadband Act of 2017 </b></p> <p>This bill amends the Rural Electrification Act of 1936 to establish a rural broadband office within the Department of Agriculture (USDA) and authorize new grants and loans for developing broadband in rural, underserved, and tribal areas. </p> <p>The bill establishes the Office of Rural Broadband Initiatives and the position of Under Secretary for Rural Broadband Initiatives to: </p> <ul> <li>administer all rural broadband-related grant and loan programs currently administered by the Rural Utilities Service, </li> <li>conduct specified outreach and coordination activities, and </li> <li> conduct and release to the public an inventory of federal and state property on which a broadband facility could be constructed. </li> </ul> <p>The bill establishes the Breaking Ground on Rural Broadband Program and the Tribal Broadband Assistance Program to provide grants, loans, or loan guarantees for the development of broadband in rural, underserved, and tribal areas.</p> <p>The bill modifies existing programs to authorize USDA to: (1) provide grants, in addition to loans and loan guarantees permitted under current law, for the construction, improvement, and acquisition of facilities and equipment for broadband service in rural areas; and (2) give priority to multijurisdictional projects for the development of broadband or telecommunications services through the collaboration and participation of multiple stakeholders in the service area. </p> <p>The bill authorizes federal land management agencies to retain and use certain rental fees for communications activities on federal lands. The agencies may use the fees for specified activities related to administering and managing communications sites. </p>]]></text>
          <actionDate>2017-02-01</actionDate>
          <name>Introduced in House</name>
          <versionCode>00</versionCode>
          <updateDate>2017-02-01T05:00:00Z</updateDate>
          <lastSummaryUpdateDate>2017-06-09T21:52:42Z</lastSummaryUpdateDate>
        </item>
      </billSummaries>
    </summaries>
    <notes />
    <subjects>
      <billSubjects>
        <policyArea>
          <name>Science, Technology, Communications</name>
        </policyArea>
        <legislativeSubjects>
          <item>
            <name>Advisory bodies</name>
          </item>
          <item>
            <name>Congressional oversight</name>
          </item>
          <item>
            <name>Department of Agriculture</name>
          </item>
          <item>
            <name>Executive agency funding and structure</name>
          </item>
          <item>
            <name>Government buildings, facilities, and property</name>
          </item>
          <item>
            <name>Government information and archives</name>
          </item>
          <item>
            <name>Government lending and loan guarantees</name>
          </item>
          <item>
            <name>Indian social and development programs</name>
          </item>
          <item>
            <name>Internet and video services</name>
          </item>
          <item>
            <name>Land use and conservation</name>
          </item>
          <item>
            <name>Minority and disadvantaged businesses</name>
          </item>
          <item>
            <name>Rural conditions and development</name>
          </item>
          <item>
            <name>Small business</name>
          </item>
          <item>
            <name>State and local government operations</name>
          </item>
          <item>
            <name>Telephone and wireless communication</name>
          </item>
          <item>
            <name>User charges and fees</name>
          </item>
        </legislativeSubjects>
      </billSubjects>
    </subjects>
    <constitutionalAuthorityStatementText><![CDATA[<pre>From the Congressional Record Online through the Government Publishing Office [<a href='http://www.gpo.gov'>www.gpo.gov</a>]By Mr. HUFFMAN:H.R. 800.Congress has the power to enact this legislation pursuantto the following:Article I, Section 8 Clause 18: To make all Laws whichshall be necessary and proper for carrying into Execution theforegoing Powers, and all other Powers vested by thisConstitution in the Government of the United States, or inany Department or office thereof.[Page H878]</pre>]]></constitutionalAuthorityStatementText>
    <committeeReports />
    <calendarNumbers />
    <title>New Deal Rural Broadband Act of 2017</title>
    <policyArea>
      <name>Science, Technology, Communications</name>
    </policyArea>
    <billType>HR</billType>
    <relatedBills>
      <item>
        <congress>115</congress>
        <relationshipDetails>
          <item>
            <identifiedBy>CRS</identifiedBy>
            <type>Related bill</type>
          </item>
        </relationshipDetails>
        <number>2425</number>
        <latestTitle>Public Lands Telecommunications Act</latestTitle>
        <latestAction>
          <actionDate>2017-06-27</actionDate>
          <text>Ordered to be Reported (Amended) by Unanimous Consent.</text>
        </latestAction>
        <type>HR</type>
      </item>
    </relatedBills>
  </bill>
  <dublinCore xmlns:dc="http://purl.org/dc/elements/1.1/">
    <dc:format>text/xml</dc:format>
    <dc:language>EN</dc:language>
    <dc:rights>Pursuant to Title 17 Section 105 of the United States Code, this file is not subject to copyright protection and is in the public domain.</dc:rights>
    <dc:contributor>Congressional Research Service, Library of Congress</dc:contributor>
    <dc:description>This file contains bill summaries and statuses for federal legislation. A bill summary describes the most significant provisions of a piece of legislation and details the effects the legislative text may have on current law and federal programs. Bill summaries are authored by the Congressional Research Service (CRS) of the Library of Congress. As stated in Public Law 91-510 (2 USC 166 (d)(6)), one of the duties of CRS is "to prepare summaries and digests of bills and resolutions of a public general nature introduced in the Senate or House of Representatives". For more information, refer to the User Guide that accompanies this file.</dc:description>
  </dublinCore>
</billStatus>

