<?xml version="1.0" encoding="UTF-8"?>
<billStatus>
  <bill>
    <congress>115</congress>
    <billType>HR</billType>
    <originChamber>House</originChamber>
    <billNumber>702</billNumber>
    <notes />
    <cboCostEstimates>
      <item>
        <title>H.R. 702, Federal Employee Antidiscrimination Act of 2017</title>
        <pubDate>2017-02-10T22:03:56Z</pubDate>
        <url>https://www.cbo.gov/publication/52421</url>
      </item>
    </cboCostEstimates>
    <version>1.0.0</version>
    <recordedVotes />
    <summaries>
      <billSummaries>
        <item>
          <text><![CDATA[<p><STRONG>Federal Employee Antidiscrimination Act of 2017</STRONG></p> <p>This bill amends the Notification and Federal Employee Antidiscrimination and Retaliation Act of 2002 to: (1) expand disclosure and enforcement requirements relating to findings of acts of discrimination and retaliation in the federal workplace, and (2) declare that accountability in the enforcement of federal employee rights is furthered when agencies take appropriate disciplinary action against employees who have been found to have committed discriminatory or retaliatory acts. </p> <p>With respect to agency reporting requirements, the bill requires agencies to, among other tasks, report to the Equal Employment Opportunity Commission (EEOC) on whether disciplinary action has been initiated against an employee who has committed an act of discrimination or retaliation. </p> <p>The bill also requires agencies to: (1) establish a system to track each complaint of discrimination adjudicated by the EEOC from inception to resolution, and (2) make a notation in an employee's personnel record of any adverse action taken against the employee for an act of discrimination or retaliation. </p> <p> The bill requires each agency to establish a model Equal Employment Opportunity Program that is not under the control of a Human Capital or General Counsel Office. </p> <p>Finally, the bill directs the EEOC to refer a finding of discrimination or retaliation within a federal agency to the Office of Special Counsel which shall then pursue disciplinary action against any employee who commits an act of discrimination or retaliation.</p>]]></text>
          <actionDesc>Introduced in House</actionDesc>
          <actionDate>2017-01-27</actionDate>
          <updateDate>2017-01-27T05:00:00Z</updateDate>
          <lastSummaryUpdateDate>2017-07-10T14:48:11Z</lastSummaryUpdateDate>
          <versionCode>00</versionCode>
          <name>Introduced in House</name>
        </item>
        <item>
          <text><![CDATA[<p>(This measure has not been amended since it was introduced. The summary has been expanded because action occurred on the measure.) </p> <p><strong>Federal Employee Antidiscrimination Act of 2017</strong> </p> <p>(Sec. 2) This bill amends the Notification and Federal Employee Antidiscrimination and Retaliation Act of 2002 to: (1) expand disclosure and enforcement requirements relating to findings of acts of discrimination and retaliation in the federal workplace, and (2) declare that accountability in the enforcement of federal employee rights is furthered when agencies take appropriate disciplinary action against employees who have been found to have committed discriminatory or retaliatory acts. </p> <p>(Sec. 3) With respect to disclosure of findings of discrimination or retaliation in an agency, the bill requires an agency to provide notice on its website for at least one year regarding any finding by the agency or the Equal Employment Opportunity Commission (EEOC) of discrimination or retaliation in the agency. </p> <p>(Sec. 4) With respect to agency reporting requirements, the bill requires agencies to: </p> <ul> <li>submit their annual reports to Congress, the EEOC, and the Department of Justice on discrimination and retaliation in an electronic format; </li> <li>report to the EEOC on whether disciplinary action has been initiated against an employee who has committed an act of discrimination or retaliation; and</li> <li> include in the data on equal employment opportunity complaints posted on their websites whether a decision has been made to pursue disciplinary action against an employee who has committed an act of discrimination or retaliation and additional data on each class action complaint filed against the agency alleging discrimination or retaliation. </li> </ul> <p>(Sec. 7) The bill also requires agencies to: (1) establish a system to track each complaint of discrimination adjudicated by the EEOC from inception to resolution, including whether a decision has been made on necessary disciplinary action as a result of a finding of discrimination, and (2) make a notation in an employee's personnel record of any adverse action taken against the employee for an act of discrimination or retaliation. </p> <p>The bill declares that each federal agency is responsible for the fair, impartial processing and resolution of complaints of employment discrimination and retaliation and requires each agency to establish a model Equal Employment Opportunity Program that is not under the control of a Human Capital or General Counsel Office, is devoid of internal conflicts of interest, and ensures fairness, inclusiveness, and the efficient resolution of complaints alleging discrimination or retaliation. </p> <p>Finally, the bill directs the EEOC to refer a finding of discrimination or retaliation within a federal agency to the Office of Special Counsel. The Special Counsel shall then pursue disciplinary action against any employee who commits an act of discrimination or retaliation. </p> <p>(Sec. 8) Any employee who has authority to take, direct others to take, recommend, or approve any personnel action shall not with respect to such authority, implement or enforce any nondisclosure policy, form, or agreement if such policy, form, or agreement prohibits or restricts an employee from disclosing to Congress, the Office of Special Counsel, or an Office of the Inspector General any information that relates to any violation of any law, rule, regulation, or mismanagement, a gross waste of funds, an abuse of authority, or a substantial and specific danger to public health or safety, or any other whistleblower protection. </p>]]></text>
          <actionDesc>Reported to House without amendment</actionDesc>
          <actionDate>2017-04-04</actionDate>
          <updateDate>2017-04-04T14:12:41Z</updateDate>
          <lastSummaryUpdateDate>2017-07-11T16:04:03Z</lastSummaryUpdateDate>
          <versionCode>79</versionCode>
          <name>Reported to House without amendment</name>
        </item>
      </billSummaries>
    </summaries>
    <subjects>
      <billSubjects>
        <legislativeSubjects>
          <item>
            <name>Administrative remedies</name>
          </item>
          <item>
            <name>Congressional oversight</name>
          </item>
          <item>
            <name>Employee performance</name>
          </item>
          <item>
            <name>Employment discrimination and employee rights</name>
          </item>
          <item>
            <name>Fraud offenses and financial crimes</name>
          </item>
          <item>
            <name>Government employee pay, benefits, personnel management</name>
          </item>
          <item>
            <name>Government ethics and transparency, public corruption</name>
          </item>
          <item>
            <name>Government information and archives</name>
          </item>
          <item>
            <name>Government studies and investigations</name>
          </item>
          <item>
            <name>Office of Special Counsel</name>
          </item>
          <item>
            <name>Personnel records</name>
          </item>
        </legislativeSubjects>
        <policyArea>
          <name>Government Operations and Politics</name>
        </policyArea>
      </billSubjects>
    </subjects>
    <actions>
      <item>
        <actionDate>2017-07-12</actionDate>
        <committee>
          <systemCode>ssga00</systemCode>
          <name>Homeland Security and Governmental Affairs Committee</name>
        </committee>
        <links />
        <sourceSystem>
          <code>0</code>
          <name>Senate</name>
        </sourceSystem>
        <text>Received in the Senate and Read twice and referred to the Committee on Homeland Security and Governmental Affairs.</text>
        <type>IntroReferral</type>
      </item>
      <item>
        <committee />
        <text>Motion to reconsider laid on the table Agreed to without objection.</text>
        <actionTime>16:24:21</actionTime>
        <actionDate>2017-07-11</actionDate>
        <actionCode>H38310</actionCode>
        <links />
        <type>Floor</type>
        <sourceSystem>
          <code>2</code>
          <name>House floor actions</name>
        </sourceSystem>
      </item>
      <item>
        <committee />
        <text>On motion to suspend the rules and pass the bill, as amended Agreed to by voice vote. (text: CR H5398-5399)</text>
        <actionTime>16:24:18</actionTime>
        <actionDate>2017-07-11</actionDate>
        <actionCode>H37300</actionCode>
        <links>
          <link>
            <url>https://www.congress.gov/congressional-record/volume-163/house-section/page/H5398-5399</url>
            <name>H5398-5399</name>
          </link>
        </links>
        <type>Floor</type>
        <sourceSystem>
          <code>2</code>
          <name>House floor actions</name>
        </sourceSystem>
      </item>
      <item>
        <committee />
        <text>Passed/agreed to in House: On motion to suspend the rules and pass the bill, as amended Agreed to by voice vote.(text: CR H5398-5399)</text>
        <actionTime>16:24:18</actionTime>
        <actionDate>2017-07-11</actionDate>
        <actionCode>8000</actionCode>
        <links>
          <link>
            <url>https://www.congress.gov/congressional-record/volume-163/house-section/page/H5398-5399</url>
            <name>H5398-5399</name>
          </link>
        </links>
        <type>Floor</type>
        <sourceSystem>
          <code>9</code>
          <name>Library of Congress</name>
        </sourceSystem>
      </item>
      <item>
        <committee />
        <text>DEBATE - The House proceeded with forty minutes of debate on H.R. 702.</text>
        <actionTime>16:13:25</actionTime>
        <actionDate>2017-07-11</actionDate>
        <actionCode>H8D000</actionCode>
        <links>
          <link>
            <url>https://www.congress.gov/bill/115th-congress/house-bill/702</url>
            <name>H.R. 702</name>
          </link>
        </links>
        <type>Floor</type>
        <sourceSystem>
          <code>2</code>
          <name>House floor actions</name>
        </sourceSystem>
      </item>
      <item>
        <committee />
        <text>Considered under suspension of the rules. (consideration: CR H5398-5402)</text>
        <actionTime>16:13:24</actionTime>
        <actionDate>2017-07-11</actionDate>
        <actionCode>H30000</actionCode>
        <links>
          <link>
            <url>https://www.congress.gov/congressional-record/volume-163/house-section/page/H5398-5402</url>
            <name>H5398-5402</name>
          </link>
        </links>
        <type>Floor</type>
        <sourceSystem>
          <code>2</code>
          <name>House floor actions</name>
        </sourceSystem>
      </item>
      <item>
        <committee />
        <text>Mr. DeSantis moved to suspend the rules and pass the bill, as amended.</text>
        <actionTime>16:13:03</actionTime>
        <actionDate>2017-07-11</actionDate>
        <actionCode>H30300</actionCode>
        <links />
        <type>Floor</type>
        <sourceSystem>
          <code>2</code>
          <name>House floor actions</name>
        </sourceSystem>
      </item>
      <item>
        <committee />
        <text>Placed on the Union Calendar, Calendar No. 45.</text>
        <sourceSystem>
          <code>2</code>
          <name>House floor actions</name>
        </sourceSystem>
        <actionDate>2017-04-04</actionDate>
        <actionCode>H12410</actionCode>
        <links />
        <type>Calendars</type>
      </item>
      <item>
        <committee>
          <systemCode>hsgo00</systemCode>
          <name>Oversight and Government Reform Committee</name>
        </committee>
        <text>Reported by the Committee on Oversight and Government Reform. H. Rept. 115-79.</text>
        <sourceSystem>
          <code>2</code>
          <name>House floor actions</name>
        </sourceSystem>
        <actionDate>2017-04-04</actionDate>
        <actionCode>H12200</actionCode>
        <links>
          <link>
            <url>https://www.congress.gov/congressional-report/115th-congress/house-report/79</url>
            <name>H. Rept. 115-79</name>
          </link>
        </links>
        <type>Committee</type>
      </item>
      <item>
        <committee>
          <systemCode>hsgo00</systemCode>
          <name>Oversight and Government Reform Committee</name>
        </committee>
        <text>Reported by the Committee on Oversight and Government Reform. H. Rept. 115-79.</text>
        <sourceSystem>
          <code>9</code>
          <name>Library of Congress</name>
        </sourceSystem>
        <actionDate>2017-04-04</actionDate>
        <actionCode>5000</actionCode>
        <links>
          <link>
            <url>https://www.congress.gov/congressional-report/115th-congress/house-report/79</url>
            <name>H. Rept. 115-79</name>
          </link>
        </links>
        <type>Committee</type>
      </item>
      <item>
        <actionDate>2017-02-02</actionDate>
        <committee>
          <systemCode>hsgo00</systemCode>
          <name>Oversight and Government Reform Committee</name>
        </committee>
        <links />
        <sourceSystem>
          <code>1</code>
          <name>House committee actions</name>
        </sourceSystem>
        <text>Ordered to be Reported by Voice Vote.</text>
        <type>Committee</type>
      </item>
      <item>
        <actionDate>2017-02-02</actionDate>
        <committee>
          <systemCode>hsgo00</systemCode>
          <name>Oversight and Government Reform Committee</name>
        </committee>
        <links />
        <sourceSystem>
          <code>1</code>
          <name>House committee actions</name>
        </sourceSystem>
        <text>Committee Consideration and Mark-up Session Held.</text>
        <type>Committee</type>
      </item>
      <item>
        <committee>
          <systemCode>hsgo00</systemCode>
          <name>Oversight and Government Reform Committee</name>
        </committee>
        <text>Referred to the House Committee on Oversight and Government Reform.</text>
        <sourceSystem>
          <code>2</code>
          <name>House floor actions</name>
        </sourceSystem>
        <actionDate>2017-01-27</actionDate>
        <actionCode>H11100</actionCode>
        <links />
        <type>IntroReferral</type>
      </item>
      <item>
        <committee />
        <text>Introduced in House</text>
        <sourceSystem>
          <code>9</code>
          <name>Library of Congress</name>
        </sourceSystem>
        <actionDate>2017-01-27</actionDate>
        <actionCode>Intro-H</actionCode>
        <links />
        <type>IntroReferral</type>
      </item>
      <item>
        <committee />
        <text>Introduced in House</text>
        <sourceSystem>
          <code>9</code>
          <name>Library of Congress</name>
        </sourceSystem>
        <actionDate>2017-01-27</actionDate>
        <actionCode>1000</actionCode>
        <links />
        <type>IntroReferral</type>
      </item>
      <actionByCounts>
        <houseOfRepresentatives>14</houseOfRepresentatives>
        <senate>1</senate>
      </actionByCounts>
      <actionTypeCounts>
        <considerationByHouse>1</considerationByHouse>
        <introducedInHouse>1</introducedInHouse>
        <placeholderTextForH>1</placeholderTextForH>
        <reportedToHouse>1</reportedToHouse>
        <finalPassageUnderSuspensionOfTheRulesResults>1</finalPassageUnderSuspensionOfTheRulesResults>
        <actionStageOverride>1</actionStageOverride>
        <unionCalendarAssignment>1</unionCalendarAssignment>
        <passedAgreedToInHouse>1</passedAgreedToInHouse>
        <motionMadeToSuspendTheRules>1</motionMadeToSuspendTheRules>
        <referredToCommittee>1</referredToCommittee>
        <committeeReportOfABill>1</committeeReportOfABill>
        <billReferrals>1</billReferrals>
        <generalDebate>1</generalDebate>
        <motionToReconsiderResults>1</motionToReconsiderResults>
        <introducedInTheHouse>1</introducedInTheHouse>
      </actionTypeCounts>
    </actions>
    <introducedDate>2017-01-27</introducedDate>
    <constitutionalAuthorityStatementText><![CDATA[<pre>From the Congressional Record Online through the Government Publishing Office [<a href='http://www.gpo.gov'>www.gpo.gov</a>]By Mr. CUMMINGS:H.R. 702.Congress has the power to enact this legislation pursuantto the following:Article 1, Section 8: The Congress shall have Power to . .. provide for the common Defence and general Welfare of theUnited States[Page H702]</pre>]]></constitutionalAuthorityStatementText>
    <titles>
      <item>
        <title>Federal Employee Antidiscrimination Act of 2017</title>
        <parentTitleType>Short Titles House of Representatives</parentTitleType>
        <chamberCode>H</chamberCode>
        <titleType>Short Titles as Passed House</titleType>
        <chamberName>House</chamberName>
      </item>
      <item>
        <title>Federal Employee Antidiscrimination Act of 2017</title>
        <parentTitleType>Short Titles House of Representatives</parentTitleType>
        <chamberCode>H</chamberCode>
        <titleType>Short Titles as Reported to House</titleType>
        <chamberName>House</chamberName>
      </item>
      <item>
        <title>Federal Employee Antidiscrimination Act of 2017</title>
        <parentTitleType />
        <chamberCode />
        <titleType>Short Titles as Introduced</titleType>
        <chamberName />
      </item>
      <item>
        <title>To amend the Notification and Federal Employee Antidiscrimination and Retaliation Act of 2002 to strengthen Federal antidiscrimination laws enforced by the Equal Employment Opportunity Commission and expand accountability within the Federal Government, and for other purposes.</title>
        <parentTitleType />
        <chamberCode />
        <titleType>Official Title as Introduced</titleType>
        <chamberName />
      </item>
      <item>
        <title>Federal Employee Antidiscrimination Act of 2017</title>
        <parentTitleType />
        <chamberCode />
        <titleType>Display Title</titleType>
        <chamberName />
      </item>
      <item>
        <title>Federal Employee Antidiscrimination Act of 2017</title>
        <parentTitleType />
        <chamberCode>H</chamberCode>
        <titleType>(Extracted from GPO) Short Titles as Passed House</titleType>
        <chamberName>House</chamberName>
      </item>
      <item>
        <title>Federal Employee Antidiscrimination Act of 2017</title>
        <parentTitleType />
        <chamberCode>H</chamberCode>
        <titleType>(Extracted from GPO) Short Titles as Reported to House</titleType>
        <chamberName>House</chamberName>
      </item>
      <item>
        <title>Federal Employee Antidiscrimination Act of 2017</title>
        <parentTitleType />
        <chamberCode />
        <titleType>(Extracted from GPO) Short Titles as Introduced</titleType>
        <chamberName />
      </item>
    </titles>
    <cosponsors>
      <item>
        <lastName>Chaffetz</lastName>
        <bioguideId>C001076</bioguideId>
        <state>UT</state>
        <sponsorshipDate>2017-01-27</sponsorshipDate>
        <fullName>Rep. Chaffetz, Jason [R-UT-3]</fullName>
        <identifiers>
          <lisID>1956</lisID>
          <gpoId>8191</gpoId>
          <bioguideId>C001076</bioguideId>
        </identifiers>
        <middleName />
        <sponsorshipWithdrawnDate />
        <firstName>Jason</firstName>
        <isOriginalCosponsor>True</isOriginalCosponsor>
        <party>R</party>
        <district>3</district>
      </item>
      <item>
        <lastName>NORTON</lastName>
        <bioguideId>N000147</bioguideId>
        <state>DC</state>
        <sponsorshipDate>2017-01-27</sponsorshipDate>
        <fullName>Rep. Norton, Eleanor Holmes [D-DC-At Large]</fullName>
        <identifiers>
          <bioguideId>N000147</bioguideId>
          <lisID>868</lisID>
          <gpoId>7871</gpoId>
        </identifiers>
        <middleName>HOLMES</middleName>
        <sponsorshipWithdrawnDate />
        <firstName>ELEANOR</firstName>
        <isOriginalCosponsor>True</isOriginalCosponsor>
        <party>D</party>
        <district>0</district>
      </item>
      <item>
        <lastName>SENSENBRENNER</lastName>
        <bioguideId>S000244</bioguideId>
        <state>WI</state>
        <sponsorshipDate>2017-01-27</sponsorshipDate>
        <fullName>Rep. Sensenbrenner, F. James, Jr. [R-WI-5]</fullName>
        <identifiers>
          <lisID>1041</lisID>
          <gpoId>8218</gpoId>
          <bioguideId>S000244</bioguideId>
        </identifiers>
        <middleName>JAMES</middleName>
        <sponsorshipWithdrawnDate />
        <firstName>F.</firstName>
        <isOriginalCosponsor>True</isOriginalCosponsor>
        <party>R</party>
        <district>5</district>
      </item>
      <item>
        <lastName>JACKSON LEE</lastName>
        <bioguideId>J000032</bioguideId>
        <state>TX</state>
        <sponsorshipDate>2017-01-27</sponsorshipDate>
        <fullName>Rep. Jackson Lee, Sheila [D-TX-18]</fullName>
        <identifiers>
          <gpoId>8174</gpoId>
          <lisID>588</lisID>
          <bioguideId>J000032</bioguideId>
        </identifiers>
        <middleName />
        <sponsorshipWithdrawnDate />
        <firstName>SHEILA</firstName>
        <isOriginalCosponsor>True</isOriginalCosponsor>
        <party>D</party>
        <district>18</district>
      </item>
    </cosponsors>
    <laws />
    <calendarNumbers>
      <item>
        <number />
        <calendar>U00045</calendar>
      </item>
    </calendarNumbers>
    <committeeReports>
      <committeeReport>
        <citation>H. Rept. 115-79</citation>
      </committeeReport>
    </committeeReports>
    <latestAction>
      <links />
      <text>Received in the Senate and Read twice and referred to the Committee on Homeland Security and Governmental Affairs.</text>
      <actionDate>2017-07-12</actionDate>
    </latestAction>
    <title>Federal Employee Antidiscrimination Act of 2017</title>
    <createDate>2017-01-28T04:53:23Z</createDate>
    <sponsors>
      <item>
        <lastName>CUMMINGS</lastName>
        <byRequestType />
        <middleName>E.</middleName>
        <bioguideId>C000984</bioguideId>
        <firstName>ELIJAH</firstName>
        <state>MD</state>
        <fullName>Rep. Cummings, Elijah E. [D-MD-7]</fullName>
        <identifiers>
          <bioguideId>C000984</bioguideId>
          <lisID>256</lisID>
          <gpoId>7982</gpoId>
        </identifiers>
        <party>D</party>
        <district>7</district>
      </item>
    </sponsors>
    <updateDate>2018-03-30T14:00:56Z</updateDate>
    <relatedBills />
    <committees>
      <billCommittees>
        <item>
          <chamber>Senate</chamber>
          <type>Standing</type>
          <name>Homeland Security and Governmental Affairs Committee</name>
          <activities>
            <item>
              <date>2017-07-12T16:54:41Z</date>
              <name>Referred to</name>
            </item>
          </activities>
          <subcommittees />
          <systemCode>ssga00</systemCode>
        </item>
        <item>
          <chamber>House</chamber>
          <type>Standing</type>
          <name>Oversight and Government Reform Committee</name>
          <activities>
            <item>
              <date>2017-04-04T17:35:12Z</date>
              <name>Reported by</name>
            </item>
            <item>
              <date>2017-02-02T14:46:51Z</date>
              <name>Markup by</name>
            </item>
            <item>
              <date>2017-01-27T19:00:14Z</date>
              <name>Referred to</name>
            </item>
          </activities>
          <subcommittees />
          <systemCode>hsgo00</systemCode>
        </item>
      </billCommittees>
    </committees>
    <policyArea>
      <name>Government Operations and Politics</name>
    </policyArea>
    <amendments />
  </bill>
  <dublinCore xmlns:dc="http://purl.org/dc/elements/1.1/">
    <dc:format>text/xml</dc:format>
    <dc:language>EN</dc:language>
    <dc:rights>Pursuant to Title 17 Section 105 of the United States Code, this file is not subject to copyright protection and is in the public domain.</dc:rights>
    <dc:contributor>Congressional Research Service, Library of Congress</dc:contributor>
    <dc:description>This file contains bill summaries and statuses for federal legislation. A bill summary describes the most significant provisions of a piece of legislation and details the effects the legislative text may have on current law and federal programs. Bill summaries are authored by the Congressional Research Service (CRS) of the Library of Congress. As stated in Public Law 91-510 (2 USC 166 (d)(6)), one of the duties of CRS is "to prepare summaries and digests of bills and resolutions of a public general nature introduced in the Senate or House of Representatives". For more information, refer to the User Guide that accompanies this file.</dc:description>
  </dublinCore>
</billStatus>

