<?xml version="1.0" encoding="UTF-8"?>
<billStatus>
  <bill>
    <introducedDate>2017-01-04</introducedDate>
    <billType>HR</billType>
    <summaries>
      <billSummaries>
        <item>
          <actionDate>2017-01-04</actionDate>
          <actionDesc>Introduced in House</actionDesc>
          <text><![CDATA[<p><b>Neighborhood Noise Barriers Act of 2017</b></p> <p>This bill amends the National Highway System Designation Act of 1995 to allow the use of funds out of the Highway Trust Fund to construct a Type II noise barrier along a federal-aid highway if such barrier:</p> <ul> <li>is part of a project approved by the Department of Transportation before November 28, 1995; or</li> <li>separates a highway or other noise corridor from a group of structures of which the majority of those closest to the highway or noise corridor are residential in nature and which either were constructed before the construction or most recent widening of the highway or noise corridor or are at least 10 years old.</li> </ul> <p>The bill makes the planning, design, or construction of a Type II noise barrier eligible for surface transportation block grant program funding.</p>]]></text>
          <name>Introduced in House</name>
          <updateDate>2017-01-04T05:00:00Z</updateDate>
          <lastSummaryUpdateDate>2017-01-31T16:32:01Z</lastSummaryUpdateDate>
          <versionCode>00</versionCode>
        </item>
      </billSummaries>
    </summaries>
    <cboCostEstimates />
    <policyArea>
      <name>Transportation and Public Works</name>
    </policyArea>
    <calendarNumbers />
    <relatedBills />
    <originChamber>House</originChamber>
    <amendments />
    <titles>
      <item>
        <titleType>Short Titles as Introduced</titleType>
        <chamberCode />
        <parentTitleType />
        <chamberName />
        <title>Neighborhood Noise Barriers Act of 2017</title>
      </item>
      <item>
        <titleType>Official Title as Introduced</titleType>
        <chamberCode />
        <parentTitleType />
        <chamberName />
        <title>To amend the National Highway System Designation Act of 1995 to permit the construction of certain noise barriers with funds from the Highway Trust Fund, and for other purposes.</title>
      </item>
      <item>
        <titleType>Display Title</titleType>
        <chamberCode />
        <parentTitleType />
        <chamberName />
        <title>Neighborhood Noise Barriers Act of 2017</title>
      </item>
      <item>
        <titleType>(Extracted from GPO) Short Titles as Introduced</titleType>
        <chamberCode />
        <parentTitleType />
        <chamberName />
        <title>Neighborhood Noise Barriers Act of 2017</title>
      </item>
    </titles>
    <createDate>2017-01-05T04:47:33Z</createDate>
    <constitutionalAuthorityStatementText><![CDATA[<pre>From the Congressional Record Online through the Government Publishing Office [<a href='http://www.gpo.gov'>www.gpo.gov</a>]By Mr. LEWIS of Georgia:H.R. 268.Congress has the power to enact this legislation pursuantto the following:This bill is enacted pursuant to the power granted toCongress under Article I of the United States Constitutionand its subsequent amendments, and further clarified andinterpreted by the Supreme Court of the United States.[Page H97]</pre>]]></constitutionalAuthorityStatementText>
    <actions>
      <item>
        <actionDate>2017-01-05</actionDate>
        <committee>
          <systemCode>hspw12</systemCode>
          <name>Highways and Transit Subcommittee</name>
        </committee>
        <links />
        <sourceSystem>
          <code>1</code>
          <name>House committee actions</name>
        </sourceSystem>
        <text>Referred to the Subcommittee on Highways and Transit.</text>
        <type>Committee</type>
      </item>
      <item>
        <committee>
          <systemCode>hspw00</systemCode>
          <name>Transportation and Infrastructure Committee</name>
        </committee>
        <text>Referred to the House Committee on Transportation and Infrastructure.</text>
        <sourceSystem>
          <code>2</code>
          <name>House floor actions</name>
        </sourceSystem>
        <actionDate>2017-01-04</actionDate>
        <actionCode>H11100</actionCode>
        <links />
        <type>IntroReferral</type>
      </item>
      <item>
        <committee />
        <text>Introduced in House</text>
        <sourceSystem>
          <code>9</code>
          <name>Library of Congress</name>
        </sourceSystem>
        <actionDate>2017-01-04</actionDate>
        <actionCode>Intro-H</actionCode>
        <links />
        <type>IntroReferral</type>
      </item>
      <item>
        <committee />
        <text>Introduced in House</text>
        <sourceSystem>
          <code>9</code>
          <name>Library of Congress</name>
        </sourceSystem>
        <actionDate>2017-01-04</actionDate>
        <actionCode>1000</actionCode>
        <links />
        <type>IntroReferral</type>
      </item>
      <actionByCounts>
        <houseOfRepresentatives>4</houseOfRepresentatives>
      </actionByCounts>
      <actionTypeCounts>
        <billReferrals>1</billReferrals>
        <introducedInTheHouse>1</introducedInTheHouse>
        <introducedInHouse>1</introducedInHouse>
        <placeholderTextForH>1</placeholderTextForH>
      </actionTypeCounts>
    </actions>
    <laws />
    <version>1.0.0</version>
    <cosponsors />
    <billNumber>268</billNumber>
    <committeeReports />
    <notes />
    <latestAction>
      <actionDate>2017-01-05</actionDate>
      <text>Referred to the Subcommittee on Highways and Transit.</text>
      <links />
    </latestAction>
    <committees>
      <billCommittees>
        <item>
          <chamber>House</chamber>
          <name>Transportation and Infrastructure Committee</name>
          <subcommittees>
            <item>
              <name>Highways and Transit Subcommittee</name>
              <systemCode>hspw12</systemCode>
              <activities>
                <item>
                  <name>Referred to</name>
                  <date>2017-01-05T21:59:05Z</date>
                </item>
              </activities>
            </item>
          </subcommittees>
          <activities>
            <item>
              <name>Referred to</name>
              <date>2017-01-04T15:02:10Z</date>
            </item>
          </activities>
          <type>Standing</type>
          <systemCode>hspw00</systemCode>
        </item>
      </billCommittees>
    </committees>
    <updateDate>2018-03-30T13:58:50Z</updateDate>
    <title>Neighborhood Noise Barriers Act of 2017</title>
    <sponsors>
      <item>
        <fullName>Rep. Lewis, John [D-GA-5]</fullName>
        <state>GA</state>
        <lastName>LEWIS</lastName>
        <bioguideId>L000287</bioguideId>
        <district>5</district>
        <middleName />
        <byRequestType />
        <party>D</party>
        <identifiers>
          <bioguideId>L000287</bioguideId>
          <gpoId>7902</gpoId>
          <lisID>688</lisID>
        </identifiers>
        <firstName>JOHN</firstName>
      </item>
    </sponsors>
    <congress>115</congress>
    <recordedVotes />
    <subjects>
      <billSubjects>
        <legislativeSubjects>
          <item>
            <name>Government trust funds</name>
          </item>
          <item>
            <name>Noise pollution</name>
          </item>
          <item>
            <name>Roads and highways</name>
          </item>
          <item>
            <name>Transportation programs funding</name>
          </item>
        </legislativeSubjects>
        <policyArea>
          <name>Transportation and Public Works</name>
        </policyArea>
      </billSubjects>
    </subjects>
  </bill>
  <dublinCore xmlns:dc="http://purl.org/dc/elements/1.1/">
    <dc:format>text/xml</dc:format>
    <dc:language>EN</dc:language>
    <dc:rights>Pursuant to Title 17 Section 105 of the United States Code, this file is not subject to copyright protection and is in the public domain.</dc:rights>
    <dc:contributor>Congressional Research Service, Library of Congress</dc:contributor>
    <dc:description>This file contains bill summaries and statuses for federal legislation. A bill summary describes the most significant provisions of a piece of legislation and details the effects the legislative text may have on current law and federal programs. Bill summaries are authored by the Congressional Research Service (CRS) of the Library of Congress. As stated in Public Law 91-510 (2 USC 166 (d)(6)), one of the duties of CRS is "to prepare summaries and digests of bills and resolutions of a public general nature introduced in the Senate or House of Representatives". For more information, refer to the User Guide that accompanies this file.</dc:description>
  </dublinCore>
</billStatus>

