<?xml version="1.0" encoding="UTF-8"?>
<billStatus>
  <bill>
    <title>Local Zoning Decisions Protection Act of 2017</title>
    <latestAction>
      <actionDate>2017-01-12</actionDate>
      <text>Referred to the House Committee on Financial Services.</text>
      <links />
    </latestAction>
    <createDate>2017-01-13T04:55:31Z</createDate>
    <titles>
      <item>
        <chamberCode />
        <parentTitleType />
        <titleType>Short Titles as Introduced</titleType>
        <chamberName />
        <title>Local Zoning Decisions Protection Act of 2017</title>
      </item>
      <item>
        <chamberCode />
        <parentTitleType />
        <titleType>Official Title as Introduced</titleType>
        <chamberName />
        <title>To nullify certain regulations and notices of the Department of Housing and Urban Development, and for other purposes.</title>
      </item>
      <item>
        <chamberCode />
        <parentTitleType />
        <titleType>Display Title</titleType>
        <chamberName />
        <title>Local Zoning Decisions Protection Act of 2017</title>
      </item>
      <item>
        <chamberCode />
        <parentTitleType />
        <titleType>(Extracted from GPO) Short Titles as Introduced</titleType>
        <chamberName />
        <title>Local Zoning Decisions Protection Act of 2017</title>
      </item>
    </titles>
    <version>1.0.0</version>
    <notes />
    <subjects>
      <billSubjects>
        <legislativeSubjects>
          <item>
            <name>Administrative law and regulatory procedures</name>
          </item>
          <item>
            <name>Congressional oversight</name>
          </item>
          <item>
            <name>Department of Housing and Urban Development</name>
          </item>
          <item>
            <name>Government information and archives</name>
          </item>
          <item>
            <name>Housing discrimination</name>
          </item>
          <item>
            <name>Housing supply and affordability</name>
          </item>
          <item>
            <name>Intergovernmental relations</name>
          </item>
          <item>
            <name>Public housing</name>
          </item>
          <item>
            <name>Racial and ethnic relations</name>
          </item>
          <item>
            <name>State and local government operations</name>
          </item>
        </legislativeSubjects>
        <policyArea>
          <name>Housing and Community Development</name>
        </policyArea>
      </billSubjects>
    </subjects>
    <cboCostEstimates />
    <sponsors>
      <item>
        <firstName>Paul</firstName>
        <lastName>Gosar</lastName>
        <middleName>A.</middleName>
        <byRequestType />
        <bioguideId>G000565</bioguideId>
        <identifiers>
          <bioguideId>G000565</bioguideId>
          <gpoId>7798</gpoId>
          <lisID>1992</lisID>
        </identifiers>
        <state>AZ</state>
        <fullName>Rep. Gosar, Paul A. [R-AZ-4]</fullName>
        <district>4</district>
        <party>R</party>
      </item>
    </sponsors>
    <calendarNumbers />
    <policyArea>
      <name>Housing and Community Development</name>
    </policyArea>
    <summaries>
      <billSummaries>
        <item>
          <actionDate>2017-01-12</actionDate>
          <text><![CDATA[<p><b>Local Zoning Decisions Protection Act of 2017</b></p> <p>This bill nullifies:</p> <ul> <li>the final Department of Housing and Urban Development (HUD) rule entitled &quot;Affirmatively Furthering Fair Housing&quot; and any successor rule substantially similar to it, and</li> <li>the notice relating to the Affirmatively Furthering Fair Housing Assessment Tool and any successor notice or rule substantially similar to it.</li> </ul> <p>No federal funds may be used to design, build, maintain, utilize, or provide access to a federal database of geospatial information on community racial disparities or disparities in access to affordable housing.</p> <p>HUD is required to: (1) consult with state, local government, and public housing agency officials to develop recommendations, consistent with applicable rulings of the U.S. Supreme Court, to further the Fair Housing Act's purposes and policies; and (2) make a final report publicly available online within 12 months after enactment of this bill.</p>]]></text>
          <updateDate>2017-01-12T05:00:00Z</updateDate>
          <versionCode>00</versionCode>
          <lastSummaryUpdateDate>2017-04-10T15:23:13Z</lastSummaryUpdateDate>
          <actionDesc>Introduced in House</actionDesc>
          <name>Introduced in House</name>
        </item>
      </billSummaries>
    </summaries>
    <actions>
      <actionByCounts>
        <houseOfRepresentatives>3</houseOfRepresentatives>
      </actionByCounts>
      <item>
        <actionCode>H11100</actionCode>
        <committee>
          <name>Financial Services Committee</name>
          <systemCode>hsba00</systemCode>
        </committee>
        <sourceSystem>
          <name>House floor actions</name>
          <code>2</code>
        </sourceSystem>
        <type>IntroReferral</type>
        <text>Referred to the House Committee on Financial Services.</text>
        <actionDate>2017-01-12</actionDate>
        <links />
      </item>
      <item>
        <actionCode>Intro-H</actionCode>
        <committee />
        <sourceSystem>
          <name>Library of Congress</name>
          <code>9</code>
        </sourceSystem>
        <type>IntroReferral</type>
        <text>Introduced in House</text>
        <actionDate>2017-01-12</actionDate>
        <links />
      </item>
      <item>
        <actionCode>1000</actionCode>
        <committee />
        <sourceSystem>
          <name>Library of Congress</name>
          <code>9</code>
        </sourceSystem>
        <type>IntroReferral</type>
        <text>Introduced in House</text>
        <actionDate>2017-01-12</actionDate>
        <links />
      </item>
      <actionTypeCounts>
        <billReferrals>1</billReferrals>
        <introducedInHouse>1</introducedInHouse>
        <introducedInTheHouse>1</introducedInTheHouse>
      </actionTypeCounts>
    </actions>
    <relatedBills>
      <item>
        <relationshipDetails>
          <item>
            <type>Identical bill</type>
            <identifiedBy>CRS</identifiedBy>
          </item>
        </relationshipDetails>
        <latestAction>
          <actionDate>2017-01-11</actionDate>
          <text>Read twice and referred to the Committee on Banking, Housing, and Urban Affairs.</text>
        </latestAction>
        <number>103</number>
        <congress>115</congress>
        <type>S</type>
        <latestTitle>Local Zoning Decisions Protection Act of 2017</latestTitle>
      </item>
    </relatedBills>
    <committees>
      <billCommittees>
        <item>
          <chamber>House</chamber>
          <name>Financial Services Committee</name>
          <subcommittees />
          <activities>
            <item>
              <name>Referred to</name>
              <date>2017-01-12T15:03:35Z</date>
            </item>
          </activities>
          <type>Standing</type>
          <systemCode>hsba00</systemCode>
        </item>
      </billCommittees>
    </committees>
    <constitutionalAuthorityStatementText><![CDATA[<pre>From the Congressional Record Online through the Government Publishing Office [<a href='http://www.gpo.gov'>www.gpo.gov</a>]By Mr. GOSAR:H.R. 482.Congress has the power to enact this legislation pursuantto the following:Article I, Section 8, Clause 18 affords Congress the powerto legislate on this matter. The executive branch, throughthe Department of Housing and Urban Development (HUD), hasmisinterpreted its authority under the Fair Housing Act of1968, as demonstrated in its Affirmatively Furthering FairHousing Rule. Two cases before the United States SupremeCourt--Magner v. Gallagher and Mount Holly v. Mount HollyGardens Citizens in Action--were settled less than a monthbefore the Court entertained oral arguments. The plaintiffswere concerned that their challenges would not be affirmed bythe Court. The Court is currently considering a case, TexasDepartment of Housing and Community Affairs v. The InclusiveCommunities Project, which may set a precedent for the issueof ``disparate impact.'' Regardless, Congress has thelegislative authority to address the Affirmatively FurtheringFair Housing rule head on and prevent that rule, or anysubstantially similar successor rule.Section 3 of this bill is authorized through clause 7 ofsection 9 of article I of the Constitution of the UnitedStates (the appropriation power), which states: ``No Moneyshall be drawn from the Treasury, but in Consequence ofAppropriations made by Law . . .''Section 4 of the bill promotes a core component of ourrepublic known as federalism. It requires the executivebranch, through HUD, to consult with State and localofficials to further the purposes and policies of the FairHousing Act.[Page H472]</pre>]]></constitutionalAuthorityStatementText>
    <introducedDate>2017-01-12</introducedDate>
    <cosponsors>
      <item>
        <sponsorshipDate>2017-01-12</sponsorshipDate>
        <state>TX</state>
        <lastName>Babin</lastName>
        <firstName>Brian</firstName>
        <sponsorshipWithdrawnDate />
        <middleName />
        <identifiers>
          <gpoId />
          <bioguideId>B001291</bioguideId>
          <lisID>2270</lisID>
        </identifiers>
        <fullName>Rep. Babin, Brian [R-TX-36]</fullName>
        <bioguideId>B001291</bioguideId>
        <isOriginalCosponsor>True</isOriginalCosponsor>
        <district>36</district>
        <party>R</party>
      </item>
      <item>
        <sponsorshipDate>2017-01-12</sponsorshipDate>
        <state>TN</state>
        <lastName>Blackburn</lastName>
        <firstName>Marsha</firstName>
        <sponsorshipWithdrawnDate />
        <middleName />
        <identifiers>
          <lisID>1748</lisID>
          <gpoId>8154</gpoId>
          <bioguideId>B001243</bioguideId>
        </identifiers>
        <fullName>Rep. Blackburn, Marsha [R-TN-7]</fullName>
        <bioguideId>B001243</bioguideId>
        <isOriginalCosponsor>True</isOriginalCosponsor>
        <district>7</district>
        <party>R</party>
      </item>
      <item>
        <sponsorshipDate>2017-01-12</sponsorshipDate>
        <state>IA</state>
        <lastName>Blum</lastName>
        <firstName>Rod</firstName>
        <sponsorshipWithdrawnDate />
        <middleName />
        <identifiers>
          <bioguideId>B001294</bioguideId>
          <gpoId />
          <lisID>2241</lisID>
        </identifiers>
        <fullName>Rep. Blum, Rod [R-IA-1]</fullName>
        <bioguideId>B001294</bioguideId>
        <isOriginalCosponsor>True</isOriginalCosponsor>
        <district>1</district>
        <party>R</party>
      </item>
      <item>
        <sponsorshipDate>2017-01-12</sponsorshipDate>
        <state>CO</state>
        <lastName>Buck</lastName>
        <firstName>Ken</firstName>
        <sponsorshipWithdrawnDate />
        <middleName />
        <identifiers>
          <bioguideId>B001297</bioguideId>
          <lisID>2233</lisID>
          <gpoId />
        </identifiers>
        <fullName>Rep. Buck, Ken [R-CO-4]</fullName>
        <bioguideId>B001297</bioguideId>
        <isOriginalCosponsor>True</isOriginalCosponsor>
        <district>4</district>
        <party>R</party>
      </item>
      <item>
        <sponsorshipDate>2017-01-12</sponsorshipDate>
        <state>TX</state>
        <lastName>Burgess</lastName>
        <firstName>Michael</firstName>
        <sponsorshipWithdrawnDate />
        <middleName>C.</middleName>
        <identifiers>
          <bioguideId>B001248</bioguideId>
          <gpoId>8182</gpoId>
          <lisID>1751</lisID>
        </identifiers>
        <fullName>Rep. Burgess, Michael C. [R-TX-26]</fullName>
        <bioguideId>B001248</bioguideId>
        <isOriginalCosponsor>True</isOriginalCosponsor>
        <district>26</district>
        <party>R</party>
      </item>
      <item>
        <sponsorshipDate>2017-01-12</sponsorshipDate>
        <state>TN</state>
        <lastName>DesJarlais</lastName>
        <firstName>Scott</firstName>
        <sponsorshipWithdrawnDate />
        <middleName />
        <identifiers>
          <bioguideId>D000616</bioguideId>
          <gpoId>8151</gpoId>
          <lisID>2062</lisID>
        </identifiers>
        <fullName>Rep. DesJarlais, Scott [R-TN-4]</fullName>
        <bioguideId>D000616</bioguideId>
        <isOriginalCosponsor>True</isOriginalCosponsor>
        <district>4</district>
        <party>R</party>
      </item>
      <item>
        <sponsorshipDate>2017-01-12</sponsorshipDate>
        <state>SC</state>
        <lastName>Duncan</lastName>
        <firstName>Jeff</firstName>
        <sponsorshipWithdrawnDate />
        <middleName />
        <identifiers>
          <lisID>2057</lisID>
          <gpoId>8143</gpoId>
          <bioguideId>D000615</bioguideId>
        </identifiers>
        <fullName>Rep. Duncan, Jeff [R-SC-3]</fullName>
        <bioguideId>D000615</bioguideId>
        <isOriginalCosponsor>True</isOriginalCosponsor>
        <district>3</district>
        <party>R</party>
      </item>
      <item>
        <sponsorshipDate>2017-01-12</sponsorshipDate>
        <state>TN</state>
        <lastName>DUNCAN</lastName>
        <firstName>JOHN</firstName>
        <sponsorshipWithdrawnDate />
        <middleName>J.</middleName>
        <identifiers>
          <lisID>322</lisID>
          <gpoId>8149</gpoId>
          <bioguideId>D000533</bioguideId>
        </identifiers>
        <fullName>Rep. Duncan, John J., Jr. [R-TN-2]</fullName>
        <bioguideId>D000533</bioguideId>
        <isOriginalCosponsor>True</isOriginalCosponsor>
        <district>2</district>
        <party>R</party>
      </item>
      <item>
        <sponsorshipDate>2017-01-12</sponsorshipDate>
        <state>AZ</state>
        <lastName>Franks</lastName>
        <firstName>Trent</firstName>
        <sponsorshipWithdrawnDate />
        <middleName />
        <identifiers>
          <lisID>1707</lisID>
          <gpoId>7799</gpoId>
          <bioguideId>F000448</bioguideId>
        </identifiers>
        <fullName>Rep. Franks, Trent [R-AZ-8]</fullName>
        <bioguideId>F000448</bioguideId>
        <isOriginalCosponsor>True</isOriginalCosponsor>
        <district>8</district>
        <party>R</party>
      </item>
      <item>
        <sponsorshipDate>2017-01-12</sponsorshipDate>
        <state>WI</state>
        <lastName>Grothman</lastName>
        <firstName>Glenn</firstName>
        <sponsorshipWithdrawnDate />
        <middleName />
        <identifiers>
          <lisID>2276</lisID>
          <gpoId />
          <bioguideId>G000576</bioguideId>
        </identifiers>
        <fullName>Rep. Grothman, Glenn [R-WI-6]</fullName>
        <bioguideId>G000576</bioguideId>
        <isOriginalCosponsor>True</isOriginalCosponsor>
        <district>6</district>
        <party>R</party>
      </item>
      <item>
        <sponsorshipDate>2017-01-12</sponsorshipDate>
        <state>IA</state>
        <lastName>King</lastName>
        <firstName>Steve</firstName>
        <sponsorshipWithdrawnDate />
        <middleName />
        <identifiers>
          <gpoId>7918</gpoId>
          <lisID>1724</lisID>
          <bioguideId>K000362</bioguideId>
        </identifiers>
        <fullName>Rep. King, Steve [R-IA-4]</fullName>
        <bioguideId>K000362</bioguideId>
        <isOriginalCosponsor>True</isOriginalCosponsor>
        <district>4</district>
        <party>R</party>
      </item>
      <item>
        <sponsorshipDate>2017-01-12</sponsorshipDate>
        <state>KY</state>
        <lastName>Massie</lastName>
        <firstName>Thomas</firstName>
        <sponsorshipWithdrawnDate />
        <middleName />
        <identifiers>
          <bioguideId>M001184</bioguideId>
          <lisID>2094</lisID>
          <gpoId>8371</gpoId>
        </identifiers>
        <fullName>Rep. Massie, Thomas [R-KY-4]</fullName>
        <bioguideId>M001184</bioguideId>
        <isOriginalCosponsor>True</isOriginalCosponsor>
        <district>4</district>
        <party>R</party>
      </item>
      <item>
        <sponsorshipDate>2017-01-12</sponsorshipDate>
        <state>CA</state>
        <lastName>McClintock</lastName>
        <firstName>Tom</firstName>
        <sponsorshipWithdrawnDate />
        <middleName />
        <identifiers>
          <lisID>1908</lisID>
          <gpoId>7809</gpoId>
          <bioguideId>M001177</bioguideId>
        </identifiers>
        <fullName>Rep. McClintock, Tom [R-CA-4]</fullName>
        <bioguideId>M001177</bioguideId>
        <isOriginalCosponsor>True</isOriginalCosponsor>
        <district>4</district>
        <party>R</party>
      </item>
      <item>
        <sponsorshipDate>2017-01-12</sponsorshipDate>
        <state>TX</state>
        <lastName>Poe</lastName>
        <firstName>Ted</firstName>
        <sponsorshipWithdrawnDate />
        <middleName />
        <identifiers>
          <gpoId>8158</gpoId>
          <lisID>1802</lisID>
          <bioguideId>P000592</bioguideId>
        </identifiers>
        <fullName>Rep. Poe, Ted [R-TX-2]</fullName>
        <bioguideId>P000592</bioguideId>
        <isOriginalCosponsor>True</isOriginalCosponsor>
        <district>2</district>
        <party>R</party>
      </item>
      <item>
        <sponsorshipDate>2017-01-12</sponsorshipDate>
        <state>CA</state>
        <lastName>ROHRABACHER</lastName>
        <firstName>DANA</firstName>
        <sponsorshipWithdrawnDate />
        <middleName />
        <identifiers>
          <lisID>979</lisID>
          <gpoId>7851</gpoId>
          <bioguideId>R000409</bioguideId>
        </identifiers>
        <fullName>Rep. Rohrabacher, Dana [R-CA-48]</fullName>
        <bioguideId>R000409</bioguideId>
        <isOriginalCosponsor>True</isOriginalCosponsor>
        <district>48</district>
        <party>R</party>
      </item>
      <item>
        <sponsorshipDate>2017-01-12</sponsorshipDate>
        <state>TX</state>
        <lastName>SESSIONS</lastName>
        <firstName>PETE</firstName>
        <sponsorshipWithdrawnDate />
        <middleName />
        <identifiers>
          <lisID>1525</lisID>
          <gpoId>8188</gpoId>
          <bioguideId>S000250</bioguideId>
        </identifiers>
        <fullName>Rep. Sessions, Pete [R-TX-32]</fullName>
        <bioguideId>S000250</bioguideId>
        <isOriginalCosponsor>True</isOriginalCosponsor>
        <district>32</district>
        <party>R</party>
      </item>
      <item>
        <sponsorshipDate>2017-01-12</sponsorshipDate>
        <state>MO</state>
        <lastName>Smith</lastName>
        <firstName>Jason</firstName>
        <sponsorshipWithdrawnDate />
        <middleName />
        <identifiers>
          <bioguideId>S001195</bioguideId>
          <gpoId />
          <lisID>2191</lisID>
        </identifiers>
        <fullName>Rep. Smith, Jason [R-MO-8]</fullName>
        <bioguideId>S001195</bioguideId>
        <isOriginalCosponsor>True</isOriginalCosponsor>
        <district>8</district>
        <party>R</party>
      </item>
      <item>
        <sponsorshipDate>2017-01-12</sponsorshipDate>
        <state>FL</state>
        <lastName>Webster</lastName>
        <firstName>Daniel</firstName>
        <sponsorshipWithdrawnDate />
        <middleName />
        <identifiers>
          <lisID>2002</lisID>
          <gpoId>7880</gpoId>
          <bioguideId>W000806</bioguideId>
        </identifiers>
        <fullName>Rep. Webster, Daniel [R-FL-11]</fullName>
        <bioguideId>W000806</bioguideId>
        <isOriginalCosponsor>True</isOriginalCosponsor>
        <district>11</district>
        <party>R</party>
      </item>
      <item>
        <sponsorshipDate>2017-01-12</sponsorshipDate>
        <state>FL</state>
        <lastName>Yoho</lastName>
        <firstName>Ted</firstName>
        <sponsorshipWithdrawnDate />
        <middleName>S.</middleName>
        <identifiers>
          <bioguideId>Y000065</bioguideId>
          <gpoId />
          <lisID>2115</lisID>
        </identifiers>
        <fullName>Rep. Yoho, Ted S. [R-FL-3]</fullName>
        <bioguideId>Y000065</bioguideId>
        <isOriginalCosponsor>True</isOriginalCosponsor>
        <district>3</district>
        <party>R</party>
      </item>
      <item>
        <sponsorshipDate>2017-01-12</sponsorshipDate>
        <state>VA</state>
        <lastName>Brat</lastName>
        <firstName>Dave</firstName>
        <sponsorshipWithdrawnDate />
        <middleName />
        <identifiers>
          <lisID>2203</lisID>
          <gpoId />
          <bioguideId>B001290</bioguideId>
        </identifiers>
        <fullName>Rep. Brat, Dave [R-VA-7]</fullName>
        <bioguideId>B001290</bioguideId>
        <isOriginalCosponsor>True</isOriginalCosponsor>
        <district>7</district>
        <party>R</party>
      </item>
      <item>
        <sponsorshipDate>2017-01-20</sponsorshipDate>
        <state>OH</state>
        <lastName>Joyce</lastName>
        <firstName>David</firstName>
        <sponsorshipWithdrawnDate />
        <middleName>P.</middleName>
        <identifiers>
          <lisID>2154</lisID>
          <gpoId />
          <bioguideId>J000295</bioguideId>
        </identifiers>
        <fullName>Rep. Joyce, David P. [R-OH-14]</fullName>
        <bioguideId>J000295</bioguideId>
        <isOriginalCosponsor>False</isOriginalCosponsor>
        <district>14</district>
        <party>R</party>
      </item>
      <item>
        <sponsorshipDate>2017-01-24</sponsorshipDate>
        <state>AZ</state>
        <lastName>Biggs</lastName>
        <firstName>Andy</firstName>
        <sponsorshipWithdrawnDate />
        <middleName />
        <identifiers>
          <bioguideId>B001302</bioguideId>
          <gpoId />
          <lisID>2307</lisID>
        </identifiers>
        <fullName>Rep. Biggs, Andy [R-AZ-5]</fullName>
        <bioguideId>B001302</bioguideId>
        <isOriginalCosponsor>False</isOriginalCosponsor>
        <district>5</district>
        <party>R</party>
      </item>
      <item>
        <sponsorshipDate>2017-02-07</sponsorshipDate>
        <state>IN</state>
        <lastName>Rokita</lastName>
        <firstName>Todd</firstName>
        <sponsorshipWithdrawnDate />
        <middleName />
        <identifiers>
          <lisID>2017</lisID>
          <gpoId>7943</gpoId>
          <bioguideId>R000592</bioguideId>
        </identifiers>
        <fullName>Rep. Rokita, Todd [R-IN-4]</fullName>
        <bioguideId>R000592</bioguideId>
        <isOriginalCosponsor>False</isOriginalCosponsor>
        <district>4</district>
        <party>R</party>
      </item>
      <item>
        <sponsorshipDate>2017-02-14</sponsorshipDate>
        <state>TX</state>
        <lastName>SMITH</lastName>
        <firstName>LAMAR</firstName>
        <sponsorshipWithdrawnDate />
        <middleName />
        <identifiers>
          <lisID>1075</lisID>
          <gpoId>8177</gpoId>
          <bioguideId>S000583</bioguideId>
        </identifiers>
        <fullName>Rep. Smith, Lamar [R-TX-21]</fullName>
        <bioguideId>S000583</bioguideId>
        <isOriginalCosponsor>False</isOriginalCosponsor>
        <district>21</district>
        <party>R</party>
      </item>
      <item>
        <sponsorshipDate>2017-09-25</sponsorshipDate>
        <state>SC</state>
        <lastName>Norman</lastName>
        <firstName>Ralph</firstName>
        <sponsorshipWithdrawnDate />
        <middleName />
        <identifiers>
          <lisID>2361</lisID>
          <gpoId />
          <bioguideId>N000190</bioguideId>
        </identifiers>
        <fullName>Rep. Norman, Ralph [R-SC-5]</fullName>
        <bioguideId>N000190</bioguideId>
        <isOriginalCosponsor>False</isOriginalCosponsor>
        <district>5</district>
        <party>R</party>
      </item>
    </cosponsors>
    <laws />
    <congress>115</congress>
    <recordedVotes />
    <amendments />
    <committeeReports />
    <billType>HR</billType>
    <billNumber>482</billNumber>
    <updateDate>2018-03-30T13:59:51Z</updateDate>
    <originChamber>House</originChamber>
  </bill>
  <dublinCore xmlns:dc="http://purl.org/dc/elements/1.1/">
    <dc:format>text/xml</dc:format>
    <dc:language>EN</dc:language>
    <dc:rights>Pursuant to Title 17 Section 105 of the United States Code, this file is not subject to copyright protection and is in the public domain.</dc:rights>
    <dc:contributor>Congressional Research Service, Library of Congress</dc:contributor>
    <dc:description>This file contains bill summaries and statuses for federal legislation. A bill summary describes the most significant provisions of a piece of legislation and details the effects the legislative text may have on current law and federal programs. Bill summaries are authored by the Congressional Research Service (CRS) of the Library of Congress. As stated in Public Law 91-510 (2 USC 166 (d)(6)), one of the duties of CRS is "to prepare summaries and digests of bills and resolutions of a public general nature introduced in the Senate or House of Representatives". For more information, refer to the User Guide that accompanies this file.</dc:description>
  </dublinCore>
</billStatus>

