<?xml version="1.0" encoding="UTF-8"?>
<billStatus>
  <bill>
    <laws />
    <recordedVotes />
    <amendments />
    <titles>
      <item>
        <titleType>Official Title as Introduced</titleType>
        <chamberCode />
        <parentTitleType />
        <chamberName />
        <title>To amend the Black Lung Benefits Act to provide equity for certain eligible survivors, and for other purposes.</title>
      </item>
      <item>
        <titleType>Display Title</titleType>
        <chamberCode />
        <parentTitleType />
        <chamberName />
        <title>To amend the Black Lung Benefits Act to provide equity for certain eligible survivors, and for other purposes.</title>
      </item>
    </titles>
    <sponsors>
      <item>
        <state>VA</state>
        <identifiers>
          <gpoId>8200</gpoId>
          <bioguideId>G000568</bioguideId>
          <lisID>2070</lisID>
        </identifiers>
        <lastName>Griffith</lastName>
        <party>R</party>
        <district>9</district>
        <middleName>Morgan</middleName>
        <fullName>Rep. Griffith, H. Morgan [R-VA-9]</fullName>
        <bioguideId>G000568</bioguideId>
        <firstName>H.</firstName>
        <byRequestType />
      </item>
    </sponsors>
    <committeeReports />
    <version>1.0.0</version>
    <calendarNumbers />
    <billNumber>323</billNumber>
    <originChamber>House</originChamber>
    <cosponsors>
      <item>
        <firstName>Bill</firstName>
        <identifiers>
          <lisID>2046</lisID>
          <gpoId>8096</gpoId>
          <bioguideId>J000292</bioguideId>
        </identifiers>
        <sponsorshipWithdrawnDate />
        <district>6</district>
        <middleName />
        <state>OH</state>
        <lastName>Johnson</lastName>
        <sponsorshipDate>2017-01-05</sponsorshipDate>
        <isOriginalCosponsor>True</isOriginalCosponsor>
        <bioguideId>J000292</bioguideId>
        <fullName>Rep. Johnson, Bill [R-OH-6]</fullName>
        <party>R</party>
      </item>
      <item>
        <firstName>David</firstName>
        <identifiers>
          <bioguideId>R000582</bioguideId>
          <gpoId>8148</gpoId>
          <lisID>1954</lisID>
        </identifiers>
        <sponsorshipWithdrawnDate />
        <district>1</district>
        <middleName>P.</middleName>
        <state>TN</state>
        <lastName>Roe</lastName>
        <sponsorshipDate>2017-01-05</sponsorshipDate>
        <isOriginalCosponsor>True</isOriginalCosponsor>
        <bioguideId>R000582</bioguideId>
        <fullName>Rep. Roe, David P. [R-TN-1]</fullName>
        <party>R</party>
      </item>
      <item>
        <firstName>Evan</firstName>
        <identifiers>
          <lisID>2278</lisID>
          <gpoId />
          <bioguideId>J000297</bioguideId>
        </identifiers>
        <sponsorshipWithdrawnDate />
        <district>3</district>
        <middleName>H.</middleName>
        <state>WV</state>
        <lastName>Jenkins</lastName>
        <sponsorshipDate>2017-01-05</sponsorshipDate>
        <isOriginalCosponsor>True</isOriginalCosponsor>
        <bioguideId>J000297</bioguideId>
        <fullName>Rep. Jenkins, Evan H. [R-WV-3]</fullName>
        <party>R</party>
      </item>
      <item>
        <firstName>David</firstName>
        <identifiers>
          <lisID>2074</lisID>
          <gpoId>8222</gpoId>
          <bioguideId>M001180</bioguideId>
        </identifiers>
        <sponsorshipWithdrawnDate />
        <district>1</district>
        <middleName>B.</middleName>
        <state>WV</state>
        <lastName>McKinley</lastName>
        <sponsorshipDate>2017-01-05</sponsorshipDate>
        <isOriginalCosponsor>True</isOriginalCosponsor>
        <bioguideId>M001180</bioguideId>
        <fullName>Rep. McKinley, David B. [R-WV-1]</fullName>
        <party>R</party>
      </item>
      <item>
        <firstName>Tim</firstName>
        <identifiers>
          <lisID>1744</lisID>
          <gpoId>8723</gpoId>
          <bioguideId>M001151</bioguideId>
        </identifiers>
        <sponsorshipWithdrawnDate />
        <district>18</district>
        <middleName />
        <state>PA</state>
        <lastName>Murphy</lastName>
        <sponsorshipDate>2017-01-09</sponsorshipDate>
        <isOriginalCosponsor>False</isOriginalCosponsor>
        <bioguideId>M001151</bioguideId>
        <fullName>Rep. Murphy, Tim [R-PA-18]</fullName>
        <party>R</party>
      </item>
    </cosponsors>
    <title>To amend the Black Lung Benefits Act to provide equity for certain eligible survivors, and for other purposes.</title>
    <policyArea>
      <name>Labor and Employment</name>
    </policyArea>
    <billType>HR</billType>
    <congress>115</congress>
    <subjects>
      <billSubjects>
        <policyArea>
          <name>Labor and Employment</name>
        </policyArea>
        <legislativeSubjects>
          <item>
            <name>Cardiovascular and respiratory health</name>
          </item>
          <item>
            <name>Coal</name>
          </item>
          <item>
            <name>Disability assistance</name>
          </item>
          <item>
            <name>Mining</name>
          </item>
          <item>
            <name>Worker safety and health</name>
          </item>
        </legislativeSubjects>
      </billSubjects>
    </subjects>
    <latestAction>
      <links />
      <actionDate>2017-01-05</actionDate>
      <text>Referred to the House Committee on Education and the Workforce.</text>
    </latestAction>
    <updateDate>2018-03-30T13:59:04Z</updateDate>
    <createDate>2017-01-06T04:57:26Z</createDate>
    <actions>
      <actionTypeCounts>
        <introducedInTheHouse>1</introducedInTheHouse>
        <introducedInHouse>1</introducedInHouse>
        <billReferrals>1</billReferrals>
      </actionTypeCounts>
      <item>
        <actionCode>H11100</actionCode>
        <sourceSystem>
          <code>2</code>
          <name>House floor actions</name>
        </sourceSystem>
        <links />
        <text>Referred to the House Committee on Education and the Workforce.</text>
        <actionDate>2017-01-05</actionDate>
        <type>IntroReferral</type>
        <committee>
          <systemCode>hsed00</systemCode>
          <name>Education and the Workforce Committee</name>
        </committee>
      </item>
      <item>
        <actionCode>Intro-H</actionCode>
        <sourceSystem>
          <code>9</code>
          <name>Library of Congress</name>
        </sourceSystem>
        <links />
        <text>Introduced in House</text>
        <actionDate>2017-01-05</actionDate>
        <type>IntroReferral</type>
        <committee />
      </item>
      <item>
        <actionCode>1000</actionCode>
        <sourceSystem>
          <code>9</code>
          <name>Library of Congress</name>
        </sourceSystem>
        <links />
        <text>Introduced in House</text>
        <actionDate>2017-01-05</actionDate>
        <type>IntroReferral</type>
        <committee />
      </item>
      <actionByCounts>
        <houseOfRepresentatives>3</houseOfRepresentatives>
      </actionByCounts>
    </actions>
    <notes />
    <introducedDate>2017-01-05</introducedDate>
    <relatedBills />
    <constitutionalAuthorityStatementText><![CDATA[<pre>From the Congressional Record Online through the Government Publishing Office [<a href='http://www.gpo.gov'>www.gpo.gov</a>]By Mr. GRIFFITH:H.R. 323.Congress has the power to enact this legislation pursuantto the following:This bill is enacted pursuant to the power granted toCongress under Article I, Section 8 of the United StatesConstitution.[Page H183]</pre>]]></constitutionalAuthorityStatementText>
    <cboCostEstimates />
    <summaries>
      <billSummaries>
        <item>
          <actionDesc>Introduced in House</actionDesc>
          <text><![CDATA[<p>This bill amends the Black Lung Benefits Act to preserve specified amendments made by the Patient Protection and Affordable Care Act (PPACA) in the event those amendments are repealed. The amendments expanded the application of certain eligibility requirements for black lung benefits to claims that were pending on or after the enactment of PPACA. Those requirements: (1) established a rebuttable presumption for claims filed by a miner who worked at least 15 years in an underground coal mine that a disabling lung or respiratory condition was due to black lung disease, and (2) entitled the survivors of a miner who, before death, was determined to be eligible for benefits to those benefits without the survivors being required to revalidate the miner's claim. (Previously, survivors were required to prove that the miner's death was caused by black lung disease).</p>]]></text>
          <lastSummaryUpdateDate>2017-09-14T12:14:04Z</lastSummaryUpdateDate>
          <name>Introduced in House</name>
          <versionCode>00</versionCode>
          <updateDate>2017-01-05T05:00:00Z</updateDate>
          <actionDate>2017-01-05</actionDate>
        </item>
      </billSummaries>
    </summaries>
    <committees>
      <billCommittees>
        <item>
          <chamber>House</chamber>
          <type>Standing</type>
          <name>Education and the Workforce Committee</name>
          <activities>
            <item>
              <date>2017-01-05T15:03:15Z</date>
              <name>Referred to</name>
            </item>
          </activities>
          <subcommittees />
          <systemCode>hsed00</systemCode>
        </item>
      </billCommittees>
    </committees>
  </bill>
  <dublinCore xmlns:dc="http://purl.org/dc/elements/1.1/">
    <dc:format>text/xml</dc:format>
    <dc:language>EN</dc:language>
    <dc:rights>Pursuant to Title 17 Section 105 of the United States Code, this file is not subject to copyright protection and is in the public domain.</dc:rights>
    <dc:contributor>Congressional Research Service, Library of Congress</dc:contributor>
    <dc:description>This file contains bill summaries and statuses for federal legislation. A bill summary describes the most significant provisions of a piece of legislation and details the effects the legislative text may have on current law and federal programs. Bill summaries are authored by the Congressional Research Service (CRS) of the Library of Congress. As stated in Public Law 91-510 (2 USC 166 (d)(6)), one of the duties of CRS is "to prepare summaries and digests of bills and resolutions of a public general nature introduced in the Senate or House of Representatives". For more information, refer to the User Guide that accompanies this file.</dc:description>
  </dublinCore>
</billStatus>

