<?xml version="1.0" encoding="UTF-8"?>
<billStatus>
  <bill>
    <title>Indian Employment, Training and Related Services Consolidation Act of 2017</title>
    <latestAction>
      <actionDate>2017-12-18</actionDate>
      <text>Became Public Law No: 115-93.</text>
      <links>
        <link>
          <name>Public Law No: 115-93</name>
          <url>https://www.congress.gov/bill/115th-congress/house-bill/228/text/pl</url>
        </link>
      </links>
    </latestAction>
    <createDate>2017-01-04T07:01:13Z</createDate>
    <titles>
      <item>
        <chamberCode />
        <parentTitleType>Short Title</parentTitleType>
        <titleType>Short Titles as Enacted</titleType>
        <chamberName />
        <title>Indian Employment, Training and Related Services Consolidation Act of 2017</title>
      </item>
      <item>
        <chamberCode>S</chamberCode>
        <parentTitleType>Short Titles Senate</parentTitleType>
        <titleType>Short Titles as Passed Senate</titleType>
        <chamberName>Senate</chamberName>
        <title>Indian Employment, Training and Related Services Consolidation Act of 2017</title>
      </item>
      <item>
        <chamberCode>H</chamberCode>
        <parentTitleType>Short Titles House of Representatives</parentTitleType>
        <titleType>Short Titles as Passed House</titleType>
        <chamberName>House</chamberName>
        <title>Indian Employment, Training and Related Services Consolidation Act of 2017</title>
      </item>
      <item>
        <chamberCode />
        <parentTitleType />
        <titleType>Short Titles as Introduced</titleType>
        <chamberName />
        <title>Indian Employment, Training and Related Services Consolidation Act of 2017</title>
      </item>
      <item>
        <chamberCode />
        <parentTitleType />
        <titleType>Official Title as Introduced</titleType>
        <chamberName />
        <title>To amend the Indian Employment, Training and Related Services Demonstration Act of 1992 to facilitate the ability of Indian tribes to integrate the employment, training, and related services from diverse Federal sources, and for other purposes.</title>
      </item>
      <item>
        <chamberCode />
        <parentTitleType />
        <titleType>Display Title</titleType>
        <chamberName />
        <title>Indian Employment, Training and Related Services Consolidation Act of 2017</title>
      </item>
      <item>
        <chamberCode>H</chamberCode>
        <parentTitleType />
        <titleType>(Extracted from GPO) Short Titles as Passed House</titleType>
        <chamberName>House</chamberName>
        <title>Indian Employment, Training and Related Services Act of 1992</title>
      </item>
      <item>
        <chamberCode>H</chamberCode>
        <parentTitleType />
        <titleType>(Extracted from GPO) Short Titles as Passed House</titleType>
        <chamberName>House</chamberName>
        <title>Indian Employment, Training and Related Services Consolidation Act of 2017</title>
      </item>
      <item>
        <chamberCode />
        <parentTitleType />
        <titleType>(Extracted from GPO) Short Titles as Introduced</titleType>
        <chamberName />
        <title>Indian Employment, Training and Related Services Act of 1992</title>
      </item>
      <item>
        <chamberCode />
        <parentTitleType />
        <titleType>(Extracted from GPO) Short Titles as Introduced</titleType>
        <chamberName />
        <title>Indian Employment, Training and Related Services Consolidation Act of 2017</title>
      </item>
    </titles>
    <version>1.0.0</version>
    <notes />
    <subjects>
      <billSubjects>
        <legislativeSubjects>
          <item>
            <name>Administrative remedies</name>
          </item>
          <item>
            <name>Civil actions and liability</name>
          </item>
          <item>
            <name>Department of the Interior</name>
          </item>
          <item>
            <name>Economic development</name>
          </item>
          <item>
            <name>Employment and training programs</name>
          </item>
          <item>
            <name>Evidence and witnesses</name>
          </item>
          <item>
            <name>Federal-Indian relations</name>
          </item>
          <item>
            <name>Indian claims</name>
          </item>
          <item>
            <name>Indian social and development programs</name>
          </item>
          <item>
            <name>Minority employment</name>
          </item>
          <item>
            <name>State and local government operations</name>
          </item>
        </legislativeSubjects>
        <policyArea>
          <name>Native Americans</name>
        </policyArea>
      </billSubjects>
    </subjects>
    <cboCostEstimates />
    <sponsors>
      <item>
        <firstName>DON</firstName>
        <lastName>YOUNG</lastName>
        <middleName>E.</middleName>
        <byRequestType />
        <bioguideId>Y000033</bioguideId>
        <identifiers>
          <gpoId>7785</gpoId>
          <lisID>1256</lisID>
          <bioguideId>Y000033</bioguideId>
        </identifiers>
        <state>AK</state>
        <fullName>Rep. Young, Don [R-AK-At Large]</fullName>
        <district>0</district>
        <party>R</party>
      </item>
    </sponsors>
    <calendarNumbers />
    <policyArea>
      <name>Native Americans</name>
    </policyArea>
    <summaries>
      <billSummaries>
        <item>
          <actionDesc>Introduced in House</actionDesc>
          <name>Introduced in House</name>
          <versionCode>00</versionCode>
          <actionDate>2017-01-03</actionDate>
          <text><![CDATA[<p><b>Indian Employment, Training and Related Services Consolidation Act of 2017</b></p> <p> This bill amends the Indian Employment, Training and Related Services Demonstration Act of 1992 to revise the program that provides for the integration of employment, training, and related services programs for Indian tribes. The Act is renamed the Indian Employment, Training and Related Services Act of 1992.</p> <p>The bill revises the types of programs that may be integrated. <p> The bill revises the process for: (1) federal agencies to grant or deny a tribe's request to waive statutory, regulatory, or administrative requirements to efficiently implement an integration plan, and (2) the Department of the Interior to approve or disapprove an integration plan. A tribe is granted certain hearing and appeal rights if Interior disapproves its plan. </p> <p> Tribal authority to use funds to place participants in training positions with employers is revised. </p> <p> The Bureau of Indian Affairs must receive and distribute funds for use in accordance with an approved integration plan. </p> <p>Funds transferred to a tribe must be treated as non-federal funds for purposes of meeting matching requirements, except funds administered by the Department of Labor or the Department of Health and Human Services. <p>Civil liability limitations apply to integration plans.</p>]]></text>
          <lastSummaryUpdateDate>2017-02-27T21:17:13Z</lastSummaryUpdateDate>
          <updateDate>2017-01-03T05:00:00Z</updateDate>
        </item>
        <item>
          <actionDesc>Passed House amended</actionDesc>
          <name>Passed House amended</name>
          <versionCode>36</versionCode>
          <actionDate>2017-02-27</actionDate>
          <text><![CDATA[<p><b>Indian Employment, Training and Related Services Consolidation Act of 2017</b></p> <p> (Sec. 2) This bill amends the Indian Employment, Training and Related Services Demonstration Act of 1992 to rename the Act to the Indian Employment, Training and Related Services Act of 1992 and to revise the program that provides for the integration of employment, training, and related services programs for Indian tribes.</p> <p>(Sec. 6) The bill revises the types of programs that may be integrated. <p> (Sec. 8) The bill revises the process for: (1) federal agencies to grant or deny a tribe's request to waive statutory, regulatory, or administrative requirements to efficiently implement an integration plan; and (2) the Department of the Interior to approve or disapprove an integration plan. A tribe is granted certain hearing and appeal rights if Interior disapproves its plan. </p> <p> (Sec. 10) Tribal authority to use funds to place participants in training positions with employers is revised. </p> <p> (Sec. 13) The Bureau of Indian Affairs must receive and distribute funds for use in accordance with an approved integration plan. </p> <p>(Sec. 14) Funds transferred to a tribe must be treated as non-federal funds for purposes of meeting matching requirements, except funds administered by the Department of Labor or the Department of Health and Human Services. <p>Civil liability limitations apply to approved integration plans.</p>]]></text>
          <lastSummaryUpdateDate>2017-09-25T19:20:18Z</lastSummaryUpdateDate>
          <updateDate>2017-02-27T14:11:23Z</updateDate>
        </item>
        <item>
          <actionDesc>Passed Senate without amendment</actionDesc>
          <name>Passed Senate without amendment</name>
          <versionCode>82</versionCode>
          <actionDate>2017-11-29</actionDate>
          <text><![CDATA[<p>(This measure has not been amended since it was passed by the House on February 27, 2017. The summary of that version is repeated here.)</p> <p><b>Indian Employment, Training and Related Services Consolidation Act of 2017</b></p> <p> (Sec. 2) This bill amends the Indian Employment, Training and Related Services Demonstration Act of 1992 to rename the Act to the Indian Employment, Training and Related Services Act of 1992 and to revise the program that provides for the integration of employment, training, and related services programs for Indian tribes.</p> <p>(Sec. 6) The bill revises the types of programs that may be integrated. <p> (Sec. 8) The bill revises the process for: (1) federal agencies to grant or deny a tribe's request to waive statutory, regulatory, or administrative requirements to efficiently implement an integration plan; and (2) the Department of the Interior to approve or disapprove an integration plan. A tribe is granted certain hearing and appeal rights if Interior disapproves its plan. </p> <p> (Sec. 10) Tribal authority to use funds to place participants in training positions with employers is revised. </p> <p> (Sec. 13) The Bureau of Indian Affairs must receive and distribute funds for use in accordance with an approved integration plan. </p> <p>(Sec. 14) Funds transferred to a tribe must be treated as non-federal funds for purposes of meeting matching requirements, except funds administered by the Department of Labor or the Department of Health and Human Services. <p>Civil liability limitations apply to approved integration plans.</p>]]></text>
          <lastSummaryUpdateDate>2017-12-07T22:52:18Z</lastSummaryUpdateDate>
          <updateDate>2017-11-29T15:16:27Z</updateDate>
        </item>
        <item>
          <actionDesc>Public Law</actionDesc>
          <name>Public Law</name>
          <versionCode>49</versionCode>
          <actionDate>2017-12-18</actionDate>
          <text><![CDATA[<p>(This measure has not been amended since it was passed by the House on February 27, 2017. The summary of that version is repeated here.)</p> <p><b>Indian Employment, Training and Related Services Consolidation Act of 2017</b></p> <p> (Sec. 2) This bill amends the Indian Employment, Training and Related Services Demonstration Act of 1992 to rename the Act to the Indian Employment, Training and Related Services Act of 1992 and to revise the program that provides for the integration of employment, training, and related services programs for Indian tribes.</p> <p>(Sec. 6) The bill revises the types of programs that may be integrated. <p> (Sec. 8) The bill revises the process for: (1) federal agencies to grant or deny a tribe's request to waive statutory, regulatory, or administrative requirements to efficiently implement an integration plan; and (2) the Department of the Interior to approve or disapprove an integration plan. A tribe is granted certain hearing and appeal rights if Interior disapproves its plan. </p> <p> (Sec. 10) Tribal authority to use funds to place participants in training positions with employers is revised. </p> <p> (Sec. 13) The Bureau of Indian Affairs must receive and distribute funds for use in accordance with an approved integration plan. </p> <p>(Sec. 14) Funds transferred to a tribe must be treated as non-federal funds for purposes of meeting matching requirements, except funds administered by the Department of Labor or the Department of Health and Human Services. <p>Civil liability limitations apply to approved integration plans.</p>]]></text>
          <lastSummaryUpdateDate>2017-12-26T17:20:59Z</lastSummaryUpdateDate>
          <updateDate>2017-12-19T04:59:58Z</updateDate>
        </item>
      </billSummaries>
    </summaries>
    <actions>
      <item>
        <sourceSystem>
          <name>House floor actions</name>
          <code>2</code>
        </sourceSystem>
        <type>President</type>
        <committee />
        <text>Became Public Law No: 115-93.</text>
        <actionCode>E40000</actionCode>
        <actionDate>2017-12-18</actionDate>
        <links>
          <link>
            <url>https://www.congress.gov/bill/115th-congress/house-bill/228/text/pl</url>
            <name>Public Law No: 115-93</name>
          </link>
        </links>
      </item>
      <item>
        <sourceSystem>
          <name>Library of Congress</name>
          <code>9</code>
        </sourceSystem>
        <type>BecameLaw</type>
        <committee />
        <text>Became Public Law No: 115-93.</text>
        <actionCode>36000</actionCode>
        <actionDate>2017-12-18</actionDate>
        <links>
          <link>
            <url>https://www.congress.gov/bill/115th-congress/house-bill/228/text/pl</url>
            <name>Public Law No: 115-93</name>
          </link>
        </links>
      </item>
      <item>
        <sourceSystem>
          <name>House floor actions</name>
          <code>2</code>
        </sourceSystem>
        <type>President</type>
        <committee />
        <text>Signed by President.</text>
        <actionCode>E30000</actionCode>
        <actionDate>2017-12-18</actionDate>
        <links />
      </item>
      <item>
        <sourceSystem>
          <name>Library of Congress</name>
          <code>9</code>
        </sourceSystem>
        <type>BecameLaw</type>
        <committee />
        <text>Signed by President.</text>
        <actionCode>36000</actionCode>
        <actionDate>2017-12-18</actionDate>
        <links />
      </item>
      <item>
        <sourceSystem>
          <name>House floor actions</name>
          <code>2</code>
        </sourceSystem>
        <type>Floor</type>
        <committee />
        <text>Presented to President.</text>
        <actionCode>E20000</actionCode>
        <actionDate>2017-12-06</actionDate>
        <links />
      </item>
      <item>
        <sourceSystem>
          <name>Library of Congress</name>
          <code>9</code>
        </sourceSystem>
        <type>President</type>
        <committee />
        <text>Presented to President.</text>
        <actionCode>28000</actionCode>
        <actionDate>2017-12-06</actionDate>
        <links />
      </item>
      <item>
        <actionDate>2017-11-30</actionDate>
        <committee />
        <links />
        <sourceSystem>
          <name>Senate</name>
          <code>0</code>
        </sourceSystem>
        <text>Message on Senate action sent to the House.</text>
        <type>Floor</type>
      </item>
      <item>
        <actionDate>2017-11-29</actionDate>
        <committee />
        <links>
          <link>
            <url>https://www.congress.gov/congressional-record/volume-163/senate-section/page/S7490</url>
            <name>S7490</name>
          </link>
        </links>
        <sourceSystem>
          <name>Senate</name>
          <code>0</code>
        </sourceSystem>
        <text>Passed Senate without amendment by Unanimous Consent. (consideration: CR S7490)</text>
        <type>Floor</type>
      </item>
      <item>
        <sourceSystem>
          <name>Library of Congress</name>
          <code>9</code>
        </sourceSystem>
        <type>Floor</type>
        <committee />
        <text>Passed/agreed to in Senate: Passed Senate without amendment by Unanimous Consent.</text>
        <actionCode>17000</actionCode>
        <actionDate>2017-11-29</actionDate>
        <links />
      </item>
      <item>
        <actionDate>2017-02-28</actionDate>
        <committee />
        <links />
        <sourceSystem>
          <name>Senate</name>
          <code>0</code>
        </sourceSystem>
        <text>Received in the Senate, read twice.</text>
        <type>IntroReferral</type>
      </item>
      <item>
        <actionTime>16:47:32</actionTime>
        <links />
        <sourceSystem>
          <name>House floor actions</name>
          <code>2</code>
        </sourceSystem>
        <committee />
        <text>Motion to reconsider laid on the table Agreed to without objection.</text>
        <actionCode>H38310</actionCode>
        <actionDate>2017-02-27</actionDate>
        <type>Floor</type>
      </item>
      <item>
        <actionTime>16:47:30</actionTime>
        <links>
          <link>
            <url>https://www.congress.gov/congressional-record/volume-163/house-section/page/H1326-1329</url>
            <name>H1326-1329</name>
          </link>
        </links>
        <sourceSystem>
          <name>House floor actions</name>
          <code>2</code>
        </sourceSystem>
        <committee />
        <text>On motion to suspend the rules and pass the bill, as amended Agreed to by voice vote. (text: CR H1326-1329)</text>
        <actionCode>H37300</actionCode>
        <actionDate>2017-02-27</actionDate>
        <type>Floor</type>
      </item>
      <item>
        <actionTime>16:47:30</actionTime>
        <links>
          <link>
            <url>https://www.congress.gov/congressional-record/volume-163/house-section/page/H1326-1329</url>
            <name>H1326-1329</name>
          </link>
        </links>
        <sourceSystem>
          <name>Library of Congress</name>
          <code>9</code>
        </sourceSystem>
        <committee />
        <text>Passed/agreed to in House: On motion to suspend the rules and pass the bill, as amended Agreed to by voice vote.(text: CR H1326-1329)</text>
        <actionCode>8000</actionCode>
        <actionDate>2017-02-27</actionDate>
        <type>Floor</type>
      </item>
      <item>
        <actionTime>16:41:12</actionTime>
        <links>
          <link>
            <url>https://www.congress.gov/bill/115th-congress/house-bill/228</url>
            <name>H.R. 228</name>
          </link>
        </links>
        <sourceSystem>
          <name>House floor actions</name>
          <code>2</code>
        </sourceSystem>
        <committee />
        <text>DEBATE - The House proceeded with forty minutes of debate on H.R. 228.</text>
        <actionCode>H8D000</actionCode>
        <actionDate>2017-02-27</actionDate>
        <type>Floor</type>
      </item>
      <item>
        <actionTime>16:41:10</actionTime>
        <links>
          <link>
            <url>https://www.congress.gov/congressional-record/volume-163/house-section/page/H1326-1331</url>
            <name>H1326-1331</name>
          </link>
        </links>
        <sourceSystem>
          <name>House floor actions</name>
          <code>2</code>
        </sourceSystem>
        <committee />
        <text>Considered under suspension of the rules. (consideration: CR H1326-1331)</text>
        <actionCode>H30000</actionCode>
        <actionDate>2017-02-27</actionDate>
        <type>Floor</type>
      </item>
      <item>
        <actionTime>16:41:01</actionTime>
        <links />
        <sourceSystem>
          <name>House floor actions</name>
          <code>2</code>
        </sourceSystem>
        <committee />
        <text>Mr. McClintock moved to suspend the rules and pass the bill, as amended.</text>
        <actionCode>H30300</actionCode>
        <actionDate>2017-02-27</actionDate>
        <type>Floor</type>
      </item>
      <item>
        <actionDate>2017-02-10</actionDate>
        <committee>
          <name>Indian, Insular and Alaska Native Affairs Subcommittee</name>
          <systemCode>hsii24</systemCode>
        </committee>
        <links />
        <sourceSystem>
          <name>House committee actions</name>
          <code>1</code>
        </sourceSystem>
        <text>Referred to the Subcommittee on Indian, Insular and Alaska Native Affairs.</text>
        <type>Committee</type>
      </item>
      <item>
        <sourceSystem>
          <name>House floor actions</name>
          <code>2</code>
        </sourceSystem>
        <type>IntroReferral</type>
        <committee>
          <name>Natural Resources Committee</name>
          <systemCode>hsii00</systemCode>
        </committee>
        <text>Referred to the House Committee on Natural Resources.</text>
        <actionCode>H11100</actionCode>
        <actionDate>2017-01-03</actionDate>
        <links />
      </item>
      <item>
        <sourceSystem>
          <name>Library of Congress</name>
          <code>9</code>
        </sourceSystem>
        <type>IntroReferral</type>
        <committee />
        <text>Introduced in House</text>
        <actionCode>Intro-H</actionCode>
        <actionDate>2017-01-03</actionDate>
        <links />
      </item>
      <item>
        <sourceSystem>
          <name>Library of Congress</name>
          <code>9</code>
        </sourceSystem>
        <type>IntroReferral</type>
        <committee />
        <text>Introduced in House</text>
        <actionCode>1000</actionCode>
        <actionDate>2017-01-03</actionDate>
        <links />
      </item>
      <actionTypeCounts>
        <introducedInTheHouse>1</introducedInTheHouse>
        <billReferrals>1</billReferrals>
        <introducedInHouse>1</introducedInHouse>
        <placeholderTextForE>3</placeholderTextForE>
        <introducedInSenate>1</introducedInSenate>
        <motionToReconsiderResults>1</motionToReconsiderResults>
        <passedSenate>1</passedSenate>
        <becamePublicLaw>2</becamePublicLaw>
        <sentToHouse>1</sentToHouse>
        <placeholderTextForH>1</placeholderTextForH>
        <passedAgreedToInSenate>1</passedAgreedToInSenate>
        <presentedToPresident>1</presentedToPresident>
        <generalDebate>1</generalDebate>
        <passedAgreedToInHouse>1</passedAgreedToInHouse>
        <considerationByHouse>1</considerationByHouse>
        <finalPassageUnderSuspensionOfTheRulesResults>1</finalPassageUnderSuspensionOfTheRulesResults>
        <motionMadeToSuspendTheRules>1</motionMadeToSuspendTheRules>
      </actionTypeCounts>
      <actionByCounts>
        <senate>4</senate>
        <houseOfRepresentatives>10</houseOfRepresentatives>
      </actionByCounts>
    </actions>
    <relatedBills>
      <item>
        <latestTitle>Indian Employment, Training and Related Services Consolidation Act of 2017</latestTitle>
        <number>91</number>
        <relationshipDetails>
          <item>
            <identifiedBy>CRS</identifiedBy>
            <type>Identical bill</type>
          </item>
          <item>
            <identifiedBy>House</identifiedBy>
            <type>Related bill</type>
          </item>
        </relationshipDetails>
        <latestAction>
          <text>Star Print ordered on report 115-26.</text>
          <actionDate>2017-04-25</actionDate>
        </latestAction>
        <type>S</type>
        <congress>115</congress>
      </item>
    </relatedBills>
    <committees>
      <billCommittees>
        <item>
          <systemCode>hsii00</systemCode>
          <subcommittees>
            <item>
              <name>Indian, Insular and Alaska Native Affairs Subcommittee</name>
              <systemCode>hsii24</systemCode>
              <activities>
                <item>
                  <date>2017-02-10T16:54:43Z</date>
                  <name>Referred to</name>
                </item>
              </activities>
            </item>
          </subcommittees>
          <name>Natural Resources Committee</name>
          <type>Standing</type>
          <chamber>House</chamber>
          <activities>
            <item>
              <date>2017-01-03T17:28:05Z</date>
              <name>Referred to</name>
            </item>
          </activities>
        </item>
      </billCommittees>
    </committees>
    <constitutionalAuthorityStatementText><![CDATA[<pre>[Congressional Record Volume 163, Number 1 (Tuesday, January 3, 2017)]From the Congressional Record Online through the Government Publishing Office [<a href='http://www.gpo.gov'>www.gpo.gov</a>]By Mr. YOUNG of Alaska:H.R. 228.Congress has the power to enact this legislation pursuantto the following:Article I, Section 8, Clause 3[Page H53]</pre>]]></constitutionalAuthorityStatementText>
    <introducedDate>2017-01-03</introducedDate>
    <cosponsors />
    <laws>
      <item>
        <number>115-93</number>
        <type>Public Law</type>
      </item>
    </laws>
    <congress>115</congress>
    <recordedVotes />
    <amendments />
    <committeeReports />
    <billType>HR</billType>
    <billNumber>228</billNumber>
    <updateDate>2018-03-30T13:58:33Z</updateDate>
    <originChamber>House</originChamber>
  </bill>
  <dublinCore xmlns:dc="http://purl.org/dc/elements/1.1/">
    <dc:format>text/xml</dc:format>
    <dc:language>EN</dc:language>
    <dc:rights>Pursuant to Title 17 Section 105 of the United States Code, this file is not subject to copyright protection and is in the public domain.</dc:rights>
    <dc:contributor>Congressional Research Service, Library of Congress</dc:contributor>
    <dc:description>This file contains bill summaries and statuses for federal legislation. A bill summary describes the most significant provisions of a piece of legislation and details the effects the legislative text may have on current law and federal programs. Bill summaries are authored by the Congressional Research Service (CRS) of the Library of Congress. As stated in Public Law 91-510 (2 USC 166 (d)(6)), one of the duties of CRS is "to prepare summaries and digests of bills and resolutions of a public general nature introduced in the Senate or House of Representatives". For more information, refer to the User Guide that accompanies this file.</dc:description>
  </dublinCore>
</billStatus>

