<?xml version="1.0" encoding="UTF-8"?>
<billStatus>
  <bill>
    <cosponsors>
      <item>
        <firstName>COLLIN</firstName>
        <identifiers>
          <lisID>910</lisID>
          <gpoId>8007</gpoId>
          <bioguideId>P000258</bioguideId>
        </identifiers>
        <sponsorshipDate>2017-01-27</sponsorshipDate>
        <isOriginalCosponsor>True</isOriginalCosponsor>
        <state>MN</state>
        <lastName>PETERSON</lastName>
        <middleName>C.</middleName>
        <fullName>Rep. Peterson, Collin C. [D-MN-7]</fullName>
        <bioguideId>P000258</bioguideId>
        <district>7</district>
        <sponsorshipWithdrawnDate />
        <party>D</party>
      </item>
      <item>
        <firstName>Kyrsten</firstName>
        <identifiers>
          <bioguideId>S001191</bioguideId>
          <gpoId />
          <lisID>2099</lisID>
        </identifiers>
        <sponsorshipDate>2017-01-27</sponsorshipDate>
        <isOriginalCosponsor>True</isOriginalCosponsor>
        <state>AZ</state>
        <lastName>Sinema</lastName>
        <middleName />
        <fullName>Rep. Sinema, Kyrsten [D-AZ-9]</fullName>
        <bioguideId>S001191</bioguideId>
        <district>9</district>
        <sponsorshipWithdrawnDate />
        <party>D</party>
      </item>
      <item>
        <firstName>Jim</firstName>
        <identifiers>
          <lisID>1774</lisID>
          <gpoId>7825</gpoId>
          <bioguideId>C001059</bioguideId>
        </identifiers>
        <sponsorshipDate>2017-01-27</sponsorshipDate>
        <isOriginalCosponsor>True</isOriginalCosponsor>
        <state>CA</state>
        <lastName>Costa</lastName>
        <middleName />
        <fullName>Rep. Costa, Jim [D-CA-16]</fullName>
        <bioguideId>C001059</bioguideId>
        <district>16</district>
        <sponsorshipWithdrawnDate />
        <party>D</party>
      </item>
      <item>
        <firstName>Kurt</firstName>
        <identifiers>
          <bioguideId>S001180</bioguideId>
          <gpoId>8118</gpoId>
          <lisID>1950</lisID>
        </identifiers>
        <sponsorshipDate>2017-01-27</sponsorshipDate>
        <isOriginalCosponsor>True</isOriginalCosponsor>
        <state>OR</state>
        <lastName>Schrader</lastName>
        <middleName />
        <fullName>Rep. Schrader, Kurt [D-OR-5]</fullName>
        <bioguideId>S001180</bioguideId>
        <district>5</district>
        <sponsorshipWithdrawnDate />
        <party>D</party>
      </item>
      <item>
        <firstName>Stephanie</firstName>
        <identifiers>
          <lisID>2318</lisID>
          <gpoId />
          <bioguideId>M001202</bioguideId>
        </identifiers>
        <sponsorshipDate>2017-01-27</sponsorshipDate>
        <isOriginalCosponsor>True</isOriginalCosponsor>
        <state>FL</state>
        <lastName>Murphy</lastName>
        <middleName>N.</middleName>
        <fullName>Rep. Murphy, Stephanie N. [D-FL-7]</fullName>
        <bioguideId>M001202</bioguideId>
        <district>7</district>
        <sponsorshipWithdrawnDate />
        <party>D</party>
      </item>
      <item>
        <firstName>Tom</firstName>
        <identifiers>
          <bioguideId>O000171</bioguideId>
          <lisID>2306</lisID>
          <gpoId />
        </identifiers>
        <sponsorshipDate>2017-01-27</sponsorshipDate>
        <isOriginalCosponsor>True</isOriginalCosponsor>
        <state>AZ</state>
        <lastName>O'Halleran</lastName>
        <middleName />
        <fullName>Rep. O'Halleran, Tom [D-AZ-1]</fullName>
        <bioguideId>O000171</bioguideId>
        <district>1</district>
        <sponsorshipWithdrawnDate />
        <party>D</party>
      </item>
      <item>
        <firstName>MIKE</firstName>
        <identifiers>
          <lisID>1593</lisID>
          <gpoId>7806</gpoId>
          <bioguideId>T000460</bioguideId>
        </identifiers>
        <sponsorshipDate>2017-02-06</sponsorshipDate>
        <isOriginalCosponsor>False</isOriginalCosponsor>
        <state>CA</state>
        <lastName>THOMPSON</lastName>
        <middleName />
        <fullName>Rep. Thompson, Mike [D-CA-5]</fullName>
        <bioguideId>T000460</bioguideId>
        <district>5</district>
        <sponsorshipWithdrawnDate />
        <party>D</party>
      </item>
      <item>
        <firstName>Henry</firstName>
        <identifiers>
          <bioguideId>C001063</bioguideId>
          <gpoId>8184</gpoId>
          <lisID>1807</lisID>
        </identifiers>
        <sponsorshipDate>2017-07-12</sponsorshipDate>
        <isOriginalCosponsor>False</isOriginalCosponsor>
        <state>TX</state>
        <lastName>Cuellar</lastName>
        <middleName />
        <fullName>Rep. Cuellar, Henry [D-TX-28]</fullName>
        <bioguideId>C001063</bioguideId>
        <district>28</district>
        <sponsorshipWithdrawnDate />
        <party>D</party>
      </item>
      <item>
        <firstName>Daniel</firstName>
        <identifiers>
          <gpoId>7923</gpoId>
          <bioguideId>L000563</bioguideId>
          <lisID>1781</lisID>
        </identifiers>
        <sponsorshipDate>2017-07-18</sponsorshipDate>
        <isOriginalCosponsor>False</isOriginalCosponsor>
        <state>IL</state>
        <lastName>Lipinski</lastName>
        <middleName>William</middleName>
        <fullName>Rep. Lipinski, Daniel [D-IL-3]</fullName>
        <bioguideId>L000563</bioguideId>
        <district>3</district>
        <sponsorshipWithdrawnDate />
        <party>D</party>
      </item>
      <item>
        <firstName>Bradley</firstName>
        <identifiers>
          <gpoId />
          <bioguideId>S001190</bioguideId>
          <lisID>2124</lisID>
        </identifiers>
        <sponsorshipDate>2017-07-18</sponsorshipDate>
        <isOriginalCosponsor>False</isOriginalCosponsor>
        <state>IL</state>
        <lastName>Schneider</lastName>
        <middleName>Scott</middleName>
        <fullName>Rep. Schneider, Bradley Scott [D-IL-10]</fullName>
        <bioguideId>S001190</bioguideId>
        <district>10</district>
        <sponsorshipWithdrawnDate />
        <party>D</party>
      </item>
      <item>
        <firstName>SANFORD</firstName>
        <identifiers>
          <bioguideId>B000490</bioguideId>
          <gpoId>7899</gpoId>
          <lisID>91</lisID>
        </identifiers>
        <sponsorshipDate>2017-07-20</sponsorshipDate>
        <isOriginalCosponsor>False</isOriginalCosponsor>
        <state>GA</state>
        <lastName>BISHOP</lastName>
        <middleName>D.</middleName>
        <fullName>Rep. Bishop, Sanford D., Jr. [D-GA-2]</fullName>
        <bioguideId>B000490</bioguideId>
        <district>2</district>
        <sponsorshipWithdrawnDate />
        <party>D</party>
      </item>
      <item>
        <firstName>Yvette</firstName>
        <identifiers>
          <lisID>1864</lisID>
          <gpoId>8072</gpoId>
          <bioguideId>C001067</bioguideId>
        </identifiers>
        <sponsorshipDate>2018-02-26</sponsorshipDate>
        <isOriginalCosponsor>False</isOriginalCosponsor>
        <state>NY</state>
        <lastName>Clarke</lastName>
        <middleName>D.</middleName>
        <fullName>Rep. Clarke, Yvette D. [D-NY-9]</fullName>
        <bioguideId>C001067</bioguideId>
        <district>9</district>
        <sponsorshipWithdrawnDate />
        <party>D</party>
      </item>
    </cosponsors>
    <createDate>2017-01-28T04:53:23Z</createDate>
    <subjects>
      <billSubjects>
        <legislativeSubjects>
          <item>
            <name>Congressional elections</name>
          </item>
          <item>
            <name>Congressional operations and organization</name>
          </item>
          <item>
            <name>House of Representatives</name>
          </item>
          <item>
            <name>Internet and video services</name>
          </item>
          <item>
            <name>Public participation and lobbying</name>
          </item>
          <item>
            <name>State and local government operations</name>
          </item>
        </legislativeSubjects>
        <policyArea>
          <name>Congress</name>
        </policyArea>
      </billSubjects>
    </subjects>
    <amendments />
    <updateDate>2018-03-30T14:00:59Z</updateDate>
    <latestAction>
      <text>Referred to the Subcommittee on the Constitution and Civil Justice.</text>
      <actionDate>2017-02-14</actionDate>
      <links />
    </latestAction>
    <sponsors>
      <item>
        <fullName>Rep. Cooper, Jim [D-TN-5]</fullName>
        <middleName>H.</middleName>
        <party>D</party>
        <identifiers>
          <lisID>231</lisID>
          <gpoId>8152</gpoId>
          <bioguideId>C000754</bioguideId>
        </identifiers>
        <state>TN</state>
        <firstName>JAMES</firstName>
        <lastName>COOPER</lastName>
        <byRequestType />
        <bioguideId>C000754</bioguideId>
        <district>5</district>
      </item>
    </sponsors>
    <committeeReports />
    <recordedVotes />
    <originChamber>House</originChamber>
    <calendarNumbers />
    <congress>115</congress>
    <relatedBills />
    <version>1.0.0</version>
    <committees>
      <billCommittees>
        <item>
          <activities>
            <item>
              <name>Referred to</name>
              <date>2017-01-27T19:01:20Z</date>
            </item>
          </activities>
          <systemCode>hsju00</systemCode>
          <name>Judiciary Committee</name>
          <subcommittees>
            <item>
              <name>Constitution and Civil Justice Subcommittee</name>
              <systemCode>hsju10</systemCode>
              <activities>
                <item>
                  <name>Referred to</name>
                  <date>2017-02-14T20:01:43Z</date>
                </item>
              </activities>
            </item>
          </subcommittees>
          <type>Standing</type>
          <chamber>House</chamber>
        </item>
      </billCommittees>
    </committees>
    <cboCostEstimates />
    <billType>HR</billType>
    <notes />
    <title>Redistricting Transparency Act of 2017</title>
    <laws />
    <billNumber>713</billNumber>
    <actions>
      <actionTypeCounts>
        <placeholderTextForH>1</placeholderTextForH>
        <introducedInHouse>1</introducedInHouse>
        <billReferrals>1</billReferrals>
        <introducedInTheHouse>1</introducedInTheHouse>
      </actionTypeCounts>
      <item>
        <actionDate>2017-02-14</actionDate>
        <committee>
          <systemCode>hsju10</systemCode>
          <name>Constitution and Civil Justice Subcommittee</name>
        </committee>
        <links />
        <sourceSystem>
          <code>1</code>
          <name>House committee actions</name>
        </sourceSystem>
        <text>Referred to the Subcommittee on the Constitution and Civil Justice.</text>
        <type>Committee</type>
      </item>
      <item>
        <actionDate>2017-01-27</actionDate>
        <type>IntroReferral</type>
        <links />
        <committee>
          <systemCode>hsju00</systemCode>
          <name>Judiciary Committee</name>
        </committee>
        <actionCode>H11100</actionCode>
        <text>Referred to the House Committee on the Judiciary.</text>
        <sourceSystem>
          <code>2</code>
          <name>House floor actions</name>
        </sourceSystem>
      </item>
      <item>
        <actionDate>2017-01-27</actionDate>
        <type>IntroReferral</type>
        <links />
        <committee />
        <actionCode>Intro-H</actionCode>
        <text>Introduced in House</text>
        <sourceSystem>
          <code>9</code>
          <name>Library of Congress</name>
        </sourceSystem>
      </item>
      <item>
        <actionDate>2017-01-27</actionDate>
        <type>IntroReferral</type>
        <links />
        <committee />
        <actionCode>1000</actionCode>
        <text>Introduced in House</text>
        <sourceSystem>
          <code>9</code>
          <name>Library of Congress</name>
        </sourceSystem>
      </item>
      <actionByCounts>
        <houseOfRepresentatives>4</houseOfRepresentatives>
      </actionByCounts>
    </actions>
    <titles>
      <item>
        <chamberCode />
        <parentTitleType />
        <titleType>Short Titles as Introduced</titleType>
        <chamberName />
        <title>Redistricting Transparency Act of 2017</title>
      </item>
      <item>
        <chamberCode />
        <parentTitleType />
        <titleType>Official Title as Introduced</titleType>
        <chamberName />
        <title>To require States to carry out Congressional redistricting in accordance with a process under which members of the public are informed of redistricting proposals and have the opportunity to participate in the development of such proposals prior to their adoption, and for other purposes.</title>
      </item>
      <item>
        <chamberCode />
        <parentTitleType />
        <titleType>Display Title</titleType>
        <chamberName />
        <title>Redistricting Transparency Act of 2017</title>
      </item>
      <item>
        <chamberCode />
        <parentTitleType />
        <titleType>(Extracted from GPO) Short Titles as Introduced</titleType>
        <chamberName />
        <title>Redistricting Transparency Act of 2017</title>
      </item>
    </titles>
    <summaries>
      <billSummaries>
        <item>
          <actionDesc>Introduced in House</actionDesc>
          <name>Introduced in House</name>
          <versionCode>00</versionCode>
          <actionDate>2017-01-27</actionDate>
          <text><![CDATA[<p><b>Redistricting Transparency Act of 2017</b></p> <p> This bill requires states to carry out congressional redistricting in accordance with a process under which members of the public are informed of redistricting proposals via the Internet and have the opportunity to participate in the development of such proposals prior to their adoption.</p> <p> The bill requires each state redistricting entity to establish and maintain a public Internet site meeting specified requirements.</p> <p> The state redistricting entity must: (1) solicit the input of members of the public in its work to develop initial congressional redistricting plans for the state; and (2) post the proposed final plan on the Internet site at least 10 days before its adoption, as well as no later than 7 days after its adoption, together with a map, the reasons for adoption, dissenting opinions, and certain other information.</p>]]></text>
          <lastSummaryUpdateDate>2017-10-03T20:47:58Z</lastSummaryUpdateDate>
          <updateDate>2017-01-27T05:00:00Z</updateDate>
        </item>
      </billSummaries>
    </summaries>
    <introducedDate>2017-01-27</introducedDate>
    <policyArea>
      <name>Congress</name>
    </policyArea>
    <constitutionalAuthorityStatementText><![CDATA[<pre>From the Congressional Record Online through the Government Publishing Office [<a href='http://www.gpo.gov'>www.gpo.gov</a>]By Mr. COOPER:H.R. 713.Congress has the power to enact this legislation pursuantto the following:Article I, Section 4 of the Constitution of the UnitedStates[Page H702]</pre>]]></constitutionalAuthorityStatementText>
  </bill>
  <dublinCore xmlns:dc="http://purl.org/dc/elements/1.1/">
    <dc:format>text/xml</dc:format>
    <dc:language>EN</dc:language>
    <dc:rights>Pursuant to Title 17 Section 105 of the United States Code, this file is not subject to copyright protection and is in the public domain.</dc:rights>
    <dc:contributor>Congressional Research Service, Library of Congress</dc:contributor>
    <dc:description>This file contains bill summaries and statuses for federal legislation. A bill summary describes the most significant provisions of a piece of legislation and details the effects the legislative text may have on current law and federal programs. Bill summaries are authored by the Congressional Research Service (CRS) of the Library of Congress. As stated in Public Law 91-510 (2 USC 166 (d)(6)), one of the duties of CRS is "to prepare summaries and digests of bills and resolutions of a public general nature introduced in the Senate or House of Representatives". For more information, refer to the User Guide that accompanies this file.</dc:description>
  </dublinCore>
</billStatus>

