<?xml version="1.0" encoding="UTF-8"?>
<billStatus>
  <bill>
    <introducedDate>2017-02-01</introducedDate>
    <createDate>2017-02-02T05:28:45Z</createDate>
    <policyArea>
      <name>Finance and Financial Sector</name>
    </policyArea>
    <title>Return to Prudent Banking Act of 2017</title>
    <constitutionalAuthorityStatementText><![CDATA[<pre>From the Congressional Record Online through the Government Publishing Office [<a href='http://www.gpo.gov'>www.gpo.gov</a>]By Ms. KAPTUR:H.R. 790.Congress has the power to enact this legislation pursuantto the following:Article I, Section 8, Clause 18:To make all Laws which shall be necessary and proper forcarrying into Execution the foregoing Powers, and all otherPowers vested by this Constitution in the Government of theUnited States, or in any Department or Officer thereof.[Page H878]</pre>]]></constitutionalAuthorityStatementText>
    <notes />
    <cosponsors>
      <item>
        <state>MA</state>
        <middleName>F.</middleName>
        <fullName>Rep. Lynch, Stephen F. [D-MA-8]</fullName>
        <sponsorshipDate>2017-02-01</sponsorshipDate>
        <firstName>Stephen</firstName>
        <sponsorshipWithdrawnDate />
        <bioguideId>L000562</bioguideId>
        <lastName>Lynch</lastName>
        <district>8</district>
        <party>D</party>
        <isOriginalCosponsor>True</isOriginalCosponsor>
        <identifiers>
          <lisID>1686</lisID>
          <gpoId>7974</gpoId>
          <bioguideId>L000562</bioguideId>
        </identifiers>
      </item>
      <item>
        <state>OH</state>
        <middleName />
        <fullName>Rep. Ryan, Tim [D-OH-13]</fullName>
        <sponsorshipDate>2017-02-01</sponsorshipDate>
        <firstName>TIM</firstName>
        <sponsorshipWithdrawnDate />
        <bioguideId>R000577</bioguideId>
        <lastName>RYAN</lastName>
        <district>13</district>
        <party>D</party>
        <isOriginalCosponsor>True</isOriginalCosponsor>
        <identifiers>
          <gpoId>8107</gpoId>
          <bioguideId>R000577</bioguideId>
          <lisID>1756</lisID>
        </identifiers>
      </item>
      <item>
        <state>WI</state>
        <middleName />
        <fullName>Rep. Pocan, Mark [D-WI-2]</fullName>
        <sponsorshipDate>2017-02-01</sponsorshipDate>
        <firstName>Mark</firstName>
        <sponsorshipWithdrawnDate />
        <bioguideId>P000607</bioguideId>
        <lastName>Pocan</lastName>
        <district>2</district>
        <party>D</party>
        <isOriginalCosponsor>True</isOriginalCosponsor>
        <identifiers>
          <lisID>2171</lisID>
          <gpoId />
          <bioguideId>P000607</bioguideId>
        </identifiers>
      </item>
      <item>
        <state>CT</state>
        <middleName />
        <fullName>Rep. DeLauro, Rosa L. [D-CT-3]</fullName>
        <sponsorshipDate>2017-02-01</sponsorshipDate>
        <firstName>ROSA</firstName>
        <sponsorshipWithdrawnDate />
        <bioguideId>D000216</bioguideId>
        <lastName>DELAURO</lastName>
        <district>3</district>
        <party>D</party>
        <isOriginalCosponsor>True</isOriginalCosponsor>
        <identifiers>
          <lisID>281</lisID>
          <gpoId>7868</gpoId>
          <bioguideId>D000216</bioguideId>
        </identifiers>
      </item>
      <item>
        <state>DC</state>
        <middleName>HOLMES</middleName>
        <fullName>Rep. Norton, Eleanor Holmes [D-DC-At Large]</fullName>
        <sponsorshipDate>2017-02-01</sponsorshipDate>
        <firstName>ELEANOR</firstName>
        <sponsorshipWithdrawnDate />
        <bioguideId>N000147</bioguideId>
        <lastName>NORTON</lastName>
        <district>0</district>
        <party>D</party>
        <isOriginalCosponsor>True</isOriginalCosponsor>
        <identifiers>
          <lisID>868</lisID>
          <gpoId>7871</gpoId>
          <bioguideId>N000147</bioguideId>
        </identifiers>
      </item>
      <item>
        <state>IL</state>
        <middleName>D.</middleName>
        <fullName>Rep. Schakowsky, Janice D. [D-IL-9]</fullName>
        <sponsorshipDate>2017-02-01</sponsorshipDate>
        <firstName>JANICE</firstName>
        <sponsorshipWithdrawnDate />
        <bioguideId>S001145</bioguideId>
        <lastName>SCHAKOWSKY</lastName>
        <district>9</district>
        <party>D</party>
        <isOriginalCosponsor>True</isOriginalCosponsor>
        <identifiers>
          <lisID>1588</lisID>
          <gpoId>7929</gpoId>
          <bioguideId>S001145</bioguideId>
        </identifiers>
      </item>
      <item>
        <state>PA</state>
        <middleName />
        <fullName>Rep. Doyle, Michael F. [D-PA-14]</fullName>
        <sponsorshipDate>2017-02-01</sponsorshipDate>
        <firstName>MIKE</firstName>
        <sponsorshipWithdrawnDate />
        <bioguideId>D000482</bioguideId>
        <lastName>DOYLE</lastName>
        <district>14</district>
        <party>D</party>
        <isOriginalCosponsor>True</isOriginalCosponsor>
        <identifiers>
          <lisID>316</lisID>
          <gpoId>8132</gpoId>
          <bioguideId>D000482</bioguideId>
        </identifiers>
      </item>
      <item>
        <state>NY</state>
        <middleName>M.</middleName>
        <fullName>Rep. Slaughter, Louise McIntosh [D-NY-25]</fullName>
        <sponsorshipDate>2017-02-01</sponsorshipDate>
        <firstName>LOUISE</firstName>
        <sponsorshipWithdrawnDate />
        <bioguideId>S000480</bioguideId>
        <lastName>SLAUGHTER</lastName>
        <district>25</district>
        <party>D</party>
        <isOriginalCosponsor>True</isOriginalCosponsor>
        <identifiers>
          <gpoId>8089</gpoId>
          <lisID>1069</lisID>
          <bioguideId>S000480</bioguideId>
        </identifiers>
      </item>
      <item>
        <state>NC</state>
        <middleName>B.</middleName>
        <fullName>Rep. Jones, Walter B., Jr. [R-NC-3]</fullName>
        <sponsorshipDate>2017-02-01</sponsorshipDate>
        <firstName>WALTER</firstName>
        <sponsorshipWithdrawnDate />
        <bioguideId>J000255</bioguideId>
        <lastName>JONES</lastName>
        <district>3</district>
        <party>R</party>
        <isOriginalCosponsor>True</isOriginalCosponsor>
        <identifiers>
          <lisID>612</lisID>
          <gpoId>8026</gpoId>
          <bioguideId>J000255</bioguideId>
        </identifiers>
      </item>
      <item>
        <state>VT</state>
        <middleName />
        <fullName>Rep. Welch, Peter [D-VT-At Large]</fullName>
        <sponsorshipDate>2017-02-01</sponsorshipDate>
        <firstName>Peter</firstName>
        <sponsorshipWithdrawnDate />
        <bioguideId>W000800</bioguideId>
        <lastName>Welch</lastName>
        <district>0</district>
        <party>D</party>
        <isOriginalCosponsor>True</isOriginalCosponsor>
        <identifiers>
          <bioguideId>W000800</bioguideId>
          <lisID>1879</lisID>
          <gpoId>8204</gpoId>
        </identifiers>
      </item>
      <item>
        <state>NJ</state>
        <middleName />
        <fullName>Rep. Watson Coleman, Bonnie [D-NJ-12]</fullName>
        <sponsorshipDate>2017-02-01</sponsorshipDate>
        <firstName>Bonnie</firstName>
        <sponsorshipWithdrawnDate />
        <bioguideId>W000822</bioguideId>
        <lastName>Watson Coleman</lastName>
        <district>12</district>
        <party>D</party>
        <isOriginalCosponsor>True</isOriginalCosponsor>
        <identifiers>
          <lisID>2259</lisID>
          <gpoId />
          <bioguideId>W000822</bioguideId>
        </identifiers>
      </item>
      <item>
        <state>NY</state>
        <middleName>E.</middleName>
        <fullName>Rep. Serrano, Jose E. [D-NY-15]</fullName>
        <sponsorshipDate>2017-02-01</sponsorshipDate>
        <firstName>JOSE</firstName>
        <sponsorshipWithdrawnDate />
        <bioguideId>S000248</bioguideId>
        <lastName>SERRANO</lastName>
        <district>15</district>
        <party>D</party>
        <isOriginalCosponsor>True</isOriginalCosponsor>
        <identifiers>
          <lisID>1042</lisID>
          <gpoId>8077</gpoId>
          <bioguideId>S000248</bioguideId>
        </identifiers>
      </item>
      <item>
        <state>IL</state>
        <middleName>William</middleName>
        <fullName>Rep. Lipinski, Daniel [D-IL-3]</fullName>
        <sponsorshipDate>2017-02-01</sponsorshipDate>
        <firstName>Daniel</firstName>
        <sponsorshipWithdrawnDate />
        <bioguideId>L000563</bioguideId>
        <lastName>Lipinski</lastName>
        <district>3</district>
        <party>D</party>
        <isOriginalCosponsor>True</isOriginalCosponsor>
        <identifiers>
          <lisID>1781</lisID>
          <gpoId>7923</gpoId>
          <bioguideId>L000563</bioguideId>
        </identifiers>
      </item>
      <item>
        <state>CA</state>
        <middleName />
        <fullName>Rep. Garamendi, John [D-CA-3]</fullName>
        <sponsorshipDate>2017-02-01</sponsorshipDate>
        <firstName>John</firstName>
        <sponsorshipWithdrawnDate />
        <bioguideId>G000559</bioguideId>
        <lastName>Garamendi</lastName>
        <district>3</district>
        <party>D</party>
        <isOriginalCosponsor>True</isOriginalCosponsor>
        <identifiers>
          <bioguideId>G000559</bioguideId>
          <gpoId>7815</gpoId>
          <lisID>1973</lisID>
        </identifiers>
      </item>
      <item>
        <state>CA</state>
        <middleName />
        <fullName>Rep. Speier, Jackie [D-CA-14]</fullName>
        <sponsorshipDate>2017-02-01</sponsorshipDate>
        <firstName>Jackie</firstName>
        <sponsorshipWithdrawnDate />
        <bioguideId>S001175</bioguideId>
        <lastName>Speier</lastName>
        <district>14</district>
        <party>D</party>
        <isOriginalCosponsor>True</isOriginalCosponsor>
        <identifiers>
          <lisID>1890</lisID>
          <gpoId>7817</gpoId>
          <bioguideId>S001175</bioguideId>
        </identifiers>
      </item>
      <item>
        <state>MN</state>
        <middleName />
        <fullName>Rep. Ellison, Keith [D-MN-5]</fullName>
        <sponsorshipDate>2017-02-01</sponsorshipDate>
        <firstName>Keith</firstName>
        <sponsorshipWithdrawnDate />
        <bioguideId>E000288</bioguideId>
        <lastName>Ellison</lastName>
        <district>5</district>
        <party>D</party>
        <isOriginalCosponsor>True</isOriginalCosponsor>
        <identifiers>
          <lisID>1857</lisID>
          <gpoId>8005</gpoId>
          <bioguideId>E000288</bioguideId>
        </identifiers>
      </item>
      <item>
        <state>MI</state>
        <middleName />
        <fullName>Rep. Conyers, John, Jr. [D-MI-13]</fullName>
        <sponsorshipDate>2017-02-01</sponsorshipDate>
        <firstName>JOHN</firstName>
        <sponsorshipWithdrawnDate />
        <bioguideId>C000714</bioguideId>
        <lastName>CONYERS</lastName>
        <district>13</district>
        <party>D</party>
        <isOriginalCosponsor>True</isOriginalCosponsor>
        <identifiers>
          <lisID>229</lisID>
          <gpoId>7999</gpoId>
          <bioguideId>C000714</bioguideId>
        </identifiers>
      </item>
      <item>
        <state>HI</state>
        <middleName />
        <fullName>Rep. Gabbard, Tulsi [D-HI-2]</fullName>
        <sponsorshipDate>2017-02-01</sponsorshipDate>
        <firstName>Tulsi</firstName>
        <sponsorshipWithdrawnDate />
        <bioguideId>G000571</bioguideId>
        <lastName>Gabbard</lastName>
        <district>2</district>
        <party>D</party>
        <isOriginalCosponsor>True</isOriginalCosponsor>
        <identifiers>
          <lisID>2122</lisID>
          <gpoId />
          <bioguideId>G000571</bioguideId>
        </identifiers>
      </item>
      <item>
        <state>AZ</state>
        <middleName>M.</middleName>
        <fullName>Rep. Grijalva, Raul M. [D-AZ-3]</fullName>
        <sponsorshipDate>2017-02-01</sponsorshipDate>
        <firstName>Raul</firstName>
        <sponsorshipWithdrawnDate />
        <bioguideId>G000551</bioguideId>
        <lastName>Grijalva</lastName>
        <district>3</district>
        <party>D</party>
        <isOriginalCosponsor>True</isOriginalCosponsor>
        <identifiers>
          <lisID>1708</lisID>
          <gpoId>7804</gpoId>
          <bioguideId>G000551</bioguideId>
        </identifiers>
      </item>
      <item>
        <state>NY</state>
        <middleName />
        <fullName>Rep. Tonko, Paul [D-NY-20]</fullName>
        <sponsorshipDate>2017-02-01</sponsorshipDate>
        <firstName>Paul</firstName>
        <sponsorshipWithdrawnDate />
        <bioguideId>T000469</bioguideId>
        <lastName>Tonko</lastName>
        <district>20</district>
        <party>D</party>
        <isOriginalCosponsor>True</isOriginalCosponsor>
        <identifiers>
          <lisID>1942</lisID>
          <gpoId>8082</gpoId>
          <bioguideId>T000469</bioguideId>
        </identifiers>
      </item>
      <item>
        <state>MA</state>
        <middleName>P.</middleName>
        <fullName>Rep. McGovern, James P. [D-MA-2]</fullName>
        <sponsorshipDate>2017-02-01</sponsorshipDate>
        <firstName>JAMES</firstName>
        <sponsorshipWithdrawnDate />
        <bioguideId>M000312</bioguideId>
        <lastName>MCGOVERN</lastName>
        <district>2</district>
        <party>D</party>
        <isOriginalCosponsor>True</isOriginalCosponsor>
        <identifiers>
          <bioguideId>M000312</bioguideId>
          <gpoId>7968</gpoId>
          <lisID>1504</lisID>
        </identifiers>
      </item>
      <item>
        <state>OR</state>
        <middleName>A.</middleName>
        <fullName>Rep. DeFazio, Peter A. [D-OR-4]</fullName>
        <sponsorshipDate>2017-02-01</sponsorshipDate>
        <firstName>PETER</firstName>
        <sponsorshipWithdrawnDate />
        <bioguideId>D000191</bioguideId>
        <lastName>DEFAZIO</lastName>
        <district>4</district>
        <party>D</party>
        <isOriginalCosponsor>True</isOriginalCosponsor>
        <identifiers>
          <gpoId>8117</gpoId>
          <lisID>279</lisID>
          <bioguideId>D000191</bioguideId>
        </identifiers>
      </item>
      <item>
        <state>CA</state>
        <middleName />
        <fullName>Rep. Lee, Barbara [D-CA-13]</fullName>
        <sponsorshipDate>2017-02-01</sponsorshipDate>
        <firstName>BARBARA</firstName>
        <sponsorshipWithdrawnDate />
        <bioguideId>L000551</bioguideId>
        <lastName>LEE</lastName>
        <district>13</district>
        <party>D</party>
        <isOriginalCosponsor>True</isOriginalCosponsor>
        <identifiers>
          <gpoId>7814</gpoId>
          <bioguideId>L000551</bioguideId>
          <lisID>1501</lisID>
        </identifiers>
      </item>
      <item>
        <state>MA</state>
        <middleName>E.</middleName>
        <fullName>Rep. Capuano, Michael E. [D-MA-7]</fullName>
        <sponsorshipDate>2017-02-01</sponsorshipDate>
        <firstName>MICHAEL</firstName>
        <sponsorshipWithdrawnDate />
        <bioguideId>C001037</bioguideId>
        <lastName>CAPUANO</lastName>
        <district>7</district>
        <party>D</party>
        <isOriginalCosponsor>True</isOriginalCosponsor>
        <identifiers>
          <bioguideId>C001037</bioguideId>
          <lisID>1564</lisID>
          <gpoId>7973</gpoId>
        </identifiers>
      </item>
      <item>
        <state>ME</state>
        <middleName />
        <fullName>Rep. Pingree, Chellie [D-ME-1]</fullName>
        <sponsorshipDate>2017-02-01</sponsorshipDate>
        <firstName>Chellie</firstName>
        <sponsorshipWithdrawnDate />
        <bioguideId>P000597</bioguideId>
        <lastName>Pingree</lastName>
        <district>1</district>
        <party>D</party>
        <isOriginalCosponsor>True</isOriginalCosponsor>
        <identifiers>
          <gpoId>7984</gpoId>
          <lisID>1927</lisID>
          <bioguideId>P000597</bioguideId>
        </identifiers>
      </item>
      <item>
        <state>OH</state>
        <middleName>L.</middleName>
        <fullName>Rep. Fudge, Marcia L. [D-OH-11]</fullName>
        <sponsorshipDate>2017-02-01</sponsorshipDate>
        <firstName>Marcia</firstName>
        <sponsorshipWithdrawnDate />
        <bioguideId>F000455</bioguideId>
        <lastName>Fudge</lastName>
        <district>11</district>
        <party>D</party>
        <isOriginalCosponsor>True</isOriginalCosponsor>
        <identifiers>
          <lisID>1895</lisID>
          <gpoId>8101</gpoId>
          <bioguideId>F000455</bioguideId>
        </identifiers>
      </item>
      <item>
        <state>TN</state>
        <middleName />
        <fullName>Rep. Cohen, Steve [D-TN-9]</fullName>
        <sponsorshipDate>2017-02-14</sponsorshipDate>
        <firstName>Steve</firstName>
        <sponsorshipWithdrawnDate />
        <bioguideId>C001068</bioguideId>
        <lastName>Cohen</lastName>
        <district>9</district>
        <party>D</party>
        <isOriginalCosponsor>False</isOriginalCosponsor>
        <identifiers>
          <lisID>1878</lisID>
          <gpoId>8156</gpoId>
          <bioguideId>C001068</bioguideId>
        </identifiers>
      </item>
      <item>
        <state>CA</state>
        <middleName>S.</middleName>
        <fullName>Rep. Lowenthal, Alan S. [D-CA-47]</fullName>
        <sponsorshipDate>2017-02-14</sponsorshipDate>
        <firstName>Alan</firstName>
        <sponsorshipWithdrawnDate />
        <bioguideId>L000579</bioguideId>
        <lastName>Lowenthal</lastName>
        <district>47</district>
        <party>D</party>
        <isOriginalCosponsor>False</isOriginalCosponsor>
        <identifiers>
          <bioguideId>L000579</bioguideId>
          <gpoId />
          <lisID>2111</lisID>
        </identifiers>
      </item>
      <item>
        <state>IL</state>
        <middleName>K.</middleName>
        <fullName>Rep. Davis, Danny K. [D-IL-7]</fullName>
        <sponsorshipDate>2017-02-14</sponsorshipDate>
        <firstName>DANNY</firstName>
        <sponsorshipWithdrawnDate />
        <bioguideId>D000096</bioguideId>
        <lastName>DAVIS</lastName>
        <district>7</district>
        <party>D</party>
        <isOriginalCosponsor>False</isOriginalCosponsor>
        <identifiers>
          <gpoId>7927</gpoId>
          <bioguideId>D000096</bioguideId>
          <lisID>1477</lisID>
        </identifiers>
      </item>
      <item>
        <state>CA</state>
        <middleName />
        <fullName>Rep. Khanna, Ro [D-CA-17]</fullName>
        <sponsorshipDate>2017-02-14</sponsorshipDate>
        <firstName>Ro</firstName>
        <sponsorshipWithdrawnDate />
        <bioguideId>K000389</bioguideId>
        <lastName>Khanna</lastName>
        <district>17</district>
        <party>D</party>
        <isOriginalCosponsor>False</isOriginalCosponsor>
        <identifiers>
          <lisID>2308</lisID>
          <gpoId />
          <bioguideId>K000389</bioguideId>
        </identifiers>
      </item>
      <item>
        <state>KY</state>
        <middleName>A.</middleName>
        <fullName>Rep. Yarmuth, John A. [D-KY-3]</fullName>
        <sponsorshipDate>2017-02-14</sponsorshipDate>
        <firstName>John</firstName>
        <sponsorshipWithdrawnDate />
        <bioguideId>Y000062</bioguideId>
        <lastName>Yarmuth</lastName>
        <district>3</district>
        <party>D</party>
        <isOriginalCosponsor>False</isOriginalCosponsor>
        <identifiers>
          <lisID>1853</lisID>
          <gpoId>7955</gpoId>
          <bioguideId>Y000062</bioguideId>
        </identifiers>
      </item>
      <item>
        <state>WA</state>
        <middleName />
        <fullName>Rep. Jayapal, Pramila [D-WA-7]</fullName>
        <sponsorshipDate>2017-03-08</sponsorshipDate>
        <firstName>Pramila</firstName>
        <sponsorshipWithdrawnDate />
        <bioguideId>J000298</bioguideId>
        <lastName>Jayapal</lastName>
        <district>7</district>
        <party>D</party>
        <isOriginalCosponsor>False</isOriginalCosponsor>
        <identifiers>
          <bioguideId>J000298</bioguideId>
          <gpoId />
          <lisID>2354</lisID>
        </identifiers>
      </item>
      <item>
        <state>OR</state>
        <middleName />
        <fullName>Rep. Schrader, Kurt [D-OR-5]</fullName>
        <sponsorshipDate>2017-03-08</sponsorshipDate>
        <firstName>Kurt</firstName>
        <sponsorshipWithdrawnDate />
        <bioguideId>S001180</bioguideId>
        <lastName>Schrader</lastName>
        <district>5</district>
        <party>D</party>
        <isOriginalCosponsor>False</isOriginalCosponsor>
        <identifiers>
          <bioguideId>S001180</bioguideId>
          <gpoId>8118</gpoId>
          <lisID>1950</lisID>
        </identifiers>
      </item>
      <item>
        <state>PA</state>
        <middleName>A.</middleName>
        <fullName>Rep. Brady, Robert A. [D-PA-1]</fullName>
        <sponsorshipDate>2017-03-08</sponsorshipDate>
        <firstName>ROBERT</firstName>
        <sponsorshipWithdrawnDate />
        <bioguideId>B001227</bioguideId>
        <lastName>BRADY</lastName>
        <district>1</district>
        <party>D</party>
        <isOriginalCosponsor>False</isOriginalCosponsor>
        <identifiers>
          <lisID>1469</lisID>
          <gpoId>8119</gpoId>
          <bioguideId>B001227</bioguideId>
        </identifiers>
      </item>
      <item>
        <state>OR</state>
        <middleName />
        <fullName>Rep. Blumenauer, Earl [D-OR-3]</fullName>
        <sponsorshipDate>2017-03-08</sponsorshipDate>
        <firstName>EARL</firstName>
        <sponsorshipWithdrawnDate />
        <bioguideId>B000574</bioguideId>
        <lastName>BLUMENAUER</lastName>
        <district>3</district>
        <party>D</party>
        <isOriginalCosponsor>False</isOriginalCosponsor>
        <identifiers>
          <gpoId>8116</gpoId>
          <bioguideId>B000574</bioguideId>
          <lisID>99</lisID>
        </identifiers>
      </item>
      <item>
        <state>MA</state>
        <middleName />
        <fullName>Rep. Tsongas, Niki [D-MA-3]</fullName>
        <sponsorshipDate>2017-03-08</sponsorshipDate>
        <firstName>Niki</firstName>
        <sponsorshipWithdrawnDate />
        <bioguideId>T000465</bioguideId>
        <lastName>Tsongas</lastName>
        <district>3</district>
        <party>D</party>
        <isOriginalCosponsor>False</isOriginalCosponsor>
        <identifiers>
          <bioguideId>T000465</bioguideId>
          <gpoId>7970</gpoId>
          <lisID>1884</lisID>
        </identifiers>
      </item>
      <item>
        <state>IN</state>
        <middleName>J.</middleName>
        <fullName>Rep. Visclosky, Peter J. [D-IN-1]</fullName>
        <sponsorshipDate>2017-03-08</sponsorshipDate>
        <firstName>PETER</firstName>
        <sponsorshipWithdrawnDate />
        <bioguideId>V000108</bioguideId>
        <lastName>VISCLOSKY</lastName>
        <district>1</district>
        <party>D</party>
        <isOriginalCosponsor>False</isOriginalCosponsor>
        <identifiers>
          <bioguideId>V000108</bioguideId>
          <gpoId>7940</gpoId>
          <lisID>1188</lisID>
        </identifiers>
      </item>
      <item>
        <state>MN</state>
        <middleName>J.</middleName>
        <fullName>Rep. Walz, Timothy J. [D-MN-1]</fullName>
        <sponsorshipDate>2017-03-17</sponsorshipDate>
        <firstName>Timothy</firstName>
        <sponsorshipWithdrawnDate />
        <bioguideId>W000799</bioguideId>
        <lastName>Walz</lastName>
        <district>1</district>
        <party>D</party>
        <isOriginalCosponsor>False</isOriginalCosponsor>
        <identifiers>
          <lisID>1856</lisID>
          <gpoId>8001</gpoId>
          <bioguideId>W000799</bioguideId>
        </identifiers>
      </item>
      <item>
        <state>TX</state>
        <middleName />
        <fullName>Rep. Doggett, Lloyd [D-TX-35]</fullName>
        <sponsorshipDate>2017-03-17</sponsorshipDate>
        <firstName>LLOYD</firstName>
        <sponsorshipWithdrawnDate />
        <bioguideId>D000399</bioguideId>
        <lastName>DOGGETT</lastName>
        <district>35</district>
        <party>D</party>
        <isOriginalCosponsor>False</isOriginalCosponsor>
        <identifiers>
          <lisID>303</lisID>
          <gpoId>8181</gpoId>
          <bioguideId>D000399</bioguideId>
        </identifiers>
      </item>
      <item>
        <state>IL</state>
        <middleName>V.</middleName>
        <fullName>Rep. Gutierrez, Luis V. [D-IL-4]</fullName>
        <sponsorshipDate>2017-04-06</sponsorshipDate>
        <firstName>LUIS</firstName>
        <sponsorshipWithdrawnDate />
        <bioguideId>G000535</bioguideId>
        <lastName>GUTIERREZ</lastName>
        <district>4</district>
        <party>D</party>
        <isOriginalCosponsor>False</isOriginalCosponsor>
        <identifiers>
          <gpoId>7924</gpoId>
          <lisID>478</lisID>
          <bioguideId>G000535</bioguideId>
        </identifiers>
      </item>
      <item>
        <state>CA</state>
        <middleName>F.</middleName>
        <fullName>Rep. Napolitano, Grace F. [D-CA-32]</fullName>
        <sponsorshipDate>2017-04-06</sponsorshipDate>
        <firstName>GRACE</firstName>
        <sponsorshipWithdrawnDate />
        <bioguideId>N000179</bioguideId>
        <lastName>NAPOLITANO</lastName>
        <district>32</district>
        <party>D</party>
        <isOriginalCosponsor>False</isOriginalCosponsor>
        <identifiers>
          <lisID>1602</lisID>
          <gpoId>7843</gpoId>
          <bioguideId>N000179</bioguideId>
        </identifiers>
      </item>
      <item>
        <state>MN</state>
        <middleName>C.</middleName>
        <fullName>Rep. Peterson, Collin C. [D-MN-7]</fullName>
        <sponsorshipDate>2017-04-06</sponsorshipDate>
        <firstName>COLLIN</firstName>
        <sponsorshipWithdrawnDate />
        <bioguideId>P000258</bioguideId>
        <lastName>PETERSON</lastName>
        <district>7</district>
        <party>D</party>
        <isOriginalCosponsor>False</isOriginalCosponsor>
        <identifiers>
          <lisID>910</lisID>
          <gpoId>8007</gpoId>
          <bioguideId>P000258</bioguideId>
        </identifiers>
      </item>
      <item>
        <state>CA</state>
        <middleName />
        <fullName>Rep. Roybal-Allard, Lucille [D-CA-40]</fullName>
        <sponsorshipDate>2017-05-04</sponsorshipDate>
        <firstName>LUCILLE</firstName>
        <sponsorshipWithdrawnDate />
        <bioguideId>R000486</bioguideId>
        <lastName>ROYBAL-ALLARD</lastName>
        <district>40</district>
        <party>D</party>
        <isOriginalCosponsor>False</isOriginalCosponsor>
        <identifiers>
          <lisID>997</lisID>
          <gpoId>7839</gpoId>
          <bioguideId>R000486</bioguideId>
        </identifiers>
      </item>
      <item>
        <state>CO</state>
        <middleName />
        <fullName>Rep. Coffman, Mike [R-CO-6]</fullName>
        <sponsorshipDate>2017-05-04</sponsorshipDate>
        <firstName>Mike</firstName>
        <sponsorshipWithdrawnDate />
        <bioguideId>C001077</bioguideId>
        <lastName>Coffman</lastName>
        <district>6</district>
        <party>R</party>
        <isOriginalCosponsor>False</isOriginalCosponsor>
        <identifiers>
          <bioguideId>C001077</bioguideId>
          <gpoId>7864</gpoId>
          <lisID>1912</lisID>
        </identifiers>
      </item>
      <item>
        <state>MD</state>
        <middleName />
        <fullName>Rep. Raskin, Jamie [D-MD-8]</fullName>
        <sponsorshipDate>2017-05-04</sponsorshipDate>
        <firstName>Jamie</firstName>
        <sponsorshipWithdrawnDate />
        <bioguideId>R000606</bioguideId>
        <lastName>Raskin</lastName>
        <district>8</district>
        <party>D</party>
        <isOriginalCosponsor>False</isOriginalCosponsor>
        <identifiers>
          <lisID>2332</lisID>
          <gpoId />
          <bioguideId>R000606</bioguideId>
        </identifiers>
      </item>
      <item>
        <state>MN</state>
        <middleName />
        <fullName>Rep. Nolan, Richard M. [D-MN-8]</fullName>
        <sponsorshipDate>2017-05-04</sponsorshipDate>
        <firstName>RICHARD</firstName>
        <sponsorshipWithdrawnDate />
        <bioguideId>N000127</bioguideId>
        <lastName>NOLAN</lastName>
        <district>8</district>
        <party>D</party>
        <isOriginalCosponsor>False</isOriginalCosponsor>
        <identifiers>
          <bioguideId>N000127</bioguideId>
          <gpoId />
          <lisID>867</lisID>
        </identifiers>
      </item>
      <item>
        <state>NY</state>
        <middleName />
        <fullName>Rep. Nadler, Jerrold [D-NY-10]</fullName>
        <sponsorshipDate>2017-05-04</sponsorshipDate>
        <firstName>JERROLD</firstName>
        <sponsorshipWithdrawnDate />
        <bioguideId>N000002</bioguideId>
        <lastName>NADLER</lastName>
        <district>10</district>
        <party>D</party>
        <isOriginalCosponsor>False</isOriginalCosponsor>
        <identifiers>
          <bioguideId>N000002</bioguideId>
          <gpoId>8069</gpoId>
          <lisID>850</lisID>
        </identifiers>
      </item>
      <item>
        <state>CA</state>
        <middleName>Diaz</middleName>
        <fullName>Rep. Barragan, Nanette Diaz [D-CA-44]</fullName>
        <sponsorshipDate>2017-05-19</sponsorshipDate>
        <firstName>Nanette</firstName>
        <sponsorshipWithdrawnDate />
        <bioguideId>B001300</bioguideId>
        <lastName>Barragan</lastName>
        <district>44</district>
        <party>D</party>
        <isOriginalCosponsor>False</isOriginalCosponsor>
        <identifiers>
          <lisID>2311</lisID>
          <gpoId />
          <bioguideId>B001300</bioguideId>
        </identifiers>
      </item>
      <item>
        <state>RI</state>
        <middleName>N.</middleName>
        <fullName>Rep. Cicilline, David N. [D-RI-1]</fullName>
        <sponsorshipDate>2017-05-19</sponsorshipDate>
        <firstName>David</firstName>
        <sponsorshipWithdrawnDate />
        <bioguideId>C001084</bioguideId>
        <lastName>Cicilline</lastName>
        <district>1</district>
        <party>D</party>
        <isOriginalCosponsor>False</isOriginalCosponsor>
        <identifiers>
          <lisID>2055</lisID>
          <gpoId>8139</gpoId>
          <bioguideId>C001084</bioguideId>
        </identifiers>
      </item>
      <item>
        <state>TX</state>
        <middleName />
        <fullName>Rep. Green, Al [D-TX-9]</fullName>
        <sponsorshipDate>2017-06-08</sponsorshipDate>
        <firstName>Al</firstName>
        <sponsorshipWithdrawnDate />
        <bioguideId>G000553</bioguideId>
        <lastName>Green</lastName>
        <district>9</district>
        <party>D</party>
        <isOriginalCosponsor>False</isOriginalCosponsor>
        <identifiers>
          <gpoId>8165</gpoId>
          <bioguideId>G000553</bioguideId>
          <lisID>1803</lisID>
        </identifiers>
      </item>
      <item>
        <state>TX</state>
        <middleName />
        <fullName>Rep. Green, Gene [D-TX-29]</fullName>
        <sponsorshipDate>2017-06-08</sponsorshipDate>
        <firstName>GENE</firstName>
        <sponsorshipWithdrawnDate />
        <bioguideId>G000410</bioguideId>
        <lastName>GREEN</lastName>
        <district>29</district>
        <party>D</party>
        <isOriginalCosponsor>False</isOriginalCosponsor>
        <identifiers>
          <bioguideId>G000410</bioguideId>
          <gpoId>8185</gpoId>
          <lisID>462</lisID>
        </identifiers>
      </item>
      <item>
        <state>CA</state>
        <middleName>G.</middleName>
        <fullName>Rep. Eshoo, Anna G. [D-CA-18]</fullName>
        <sponsorshipDate>2017-06-16</sponsorshipDate>
        <firstName>ANNA</firstName>
        <sponsorshipWithdrawnDate />
        <bioguideId>E000215</bioguideId>
        <lastName>ESHOO</lastName>
        <district>18</district>
        <party>D</party>
        <isOriginalCosponsor>False</isOriginalCosponsor>
        <identifiers>
          <lisID>355</lisID>
          <gpoId>7819</gpoId>
          <bioguideId>E000215</bioguideId>
        </identifiers>
      </item>
      <item>
        <state>TX</state>
        <middleName />
        <fullName>Rep. Jackson Lee, Sheila [D-TX-18]</fullName>
        <sponsorshipDate>2017-07-13</sponsorshipDate>
        <firstName>SHEILA</firstName>
        <sponsorshipWithdrawnDate />
        <bioguideId>J000032</bioguideId>
        <lastName>JACKSON LEE</lastName>
        <district>18</district>
        <party>D</party>
        <isOriginalCosponsor>False</isOriginalCosponsor>
        <identifiers>
          <gpoId>8174</gpoId>
          <lisID>588</lisID>
          <bioguideId>J000032</bioguideId>
        </identifiers>
      </item>
      <item>
        <state>CA</state>
        <middleName />
        <fullName>Rep. DeSaulnier, Mark [D-CA-11]</fullName>
        <sponsorshipDate>2017-07-19</sponsorshipDate>
        <firstName>Mark</firstName>
        <sponsorshipWithdrawnDate />
        <bioguideId>D000623</bioguideId>
        <lastName>DeSaulnier</lastName>
        <district>11</district>
        <party>D</party>
        <isOriginalCosponsor>False</isOriginalCosponsor>
        <identifiers>
          <lisID>2227</lisID>
          <gpoId />
          <bioguideId>D000623</bioguideId>
        </identifiers>
      </item>
      <item>
        <state>MP</state>
        <middleName>Kilili Camacho</middleName>
        <fullName>Rep. Sablan, Gregorio Kilili Camacho [D-MP-At Large]</fullName>
        <sponsorshipDate>2017-07-24</sponsorshipDate>
        <firstName>Gregorio</firstName>
        <sponsorshipWithdrawnDate />
        <bioguideId>S001177</bioguideId>
        <lastName>Sablan</lastName>
        <district>0</district>
        <party>D</party>
        <isOriginalCosponsor>False</isOriginalCosponsor>
        <identifiers>
          <gpoId>8018</gpoId>
          <lisID>1962</lisID>
          <bioguideId>S001177</bioguideId>
        </identifiers>
      </item>
      <item>
        <state>CA</state>
        <middleName />
        <fullName>Rep. Lofgren, Zoe [D-CA-19]</fullName>
        <sponsorshipDate>2017-07-27</sponsorshipDate>
        <firstName>ZOE</firstName>
        <sponsorshipWithdrawnDate />
        <bioguideId>L000397</bioguideId>
        <lastName>LOFGREN</lastName>
        <district>19</district>
        <party>D</party>
        <isOriginalCosponsor>False</isOriginalCosponsor>
        <identifiers>
          <lisID>701</lisID>
          <gpoId>7821</gpoId>
          <bioguideId>L000397</bioguideId>
        </identifiers>
      </item>
      <item>
        <state>FL</state>
        <middleName />
        <fullName>Rep. Soto, Darren [D-FL-9]</fullName>
        <sponsorshipDate>2017-09-27</sponsorshipDate>
        <firstName>Darren</firstName>
        <sponsorshipWithdrawnDate />
        <bioguideId>S001200</bioguideId>
        <lastName>Soto</lastName>
        <district>9</district>
        <party>D</party>
        <isOriginalCosponsor>False</isOriginalCosponsor>
        <identifiers>
          <lisID>2319</lisID>
          <gpoId />
          <bioguideId>S001200</bioguideId>
        </identifiers>
      </item>
      <item>
        <state>FL</state>
        <middleName />
        <fullName>Rep. Lawson, Al, Jr. [D-FL-5]</fullName>
        <sponsorshipDate>2018-02-08</sponsorshipDate>
        <firstName>Al</firstName>
        <sponsorshipWithdrawnDate />
        <bioguideId>L000586</bioguideId>
        <lastName>Lawson</lastName>
        <district>5</district>
        <party>D</party>
        <isOriginalCosponsor>False</isOriginalCosponsor>
        <identifiers>
          <lisID>2317</lisID>
          <gpoId />
          <bioguideId>L000586</bioguideId>
        </identifiers>
      </item>
    </cosponsors>
    <actions>
      <actionTypeCounts>
        <placeholderTextForB>1</placeholderTextForB>
        <introducedInHouse>1</introducedInHouse>
        <introducedInTheHouse>1</introducedInTheHouse>
        <billReferrals>1</billReferrals>
      </actionTypeCounts>
      <item>
        <actionDate>2017-02-03</actionDate>
        <type>IntroReferral</type>
        <links>
          <link>
            <name>E139</name>
            <url>https://www.congress.gov/congressional-record/volume-163/extensions-of-remarks-section/page/E139</url>
          </link>
        </links>
        <text>Sponsor introductory remarks on measure. (CR E139)</text>
        <actionCode>B00100</actionCode>
        <sourceSystem>
          <code>9</code>
          <name>Library of Congress</name>
        </sourceSystem>
        <committee />
      </item>
      <item>
        <actionDate>2017-02-01</actionDate>
        <type>IntroReferral</type>
        <links />
        <text>Referred to the House Committee on Financial Services.</text>
        <actionCode>H11100</actionCode>
        <sourceSystem>
          <code>2</code>
          <name>House floor actions</name>
        </sourceSystem>
        <committee>
          <systemCode>hsba00</systemCode>
          <name>Financial Services Committee</name>
        </committee>
      </item>
      <item>
        <actionDate>2017-02-01</actionDate>
        <type>IntroReferral</type>
        <links />
        <text>Introduced in House</text>
        <actionCode>Intro-H</actionCode>
        <sourceSystem>
          <code>9</code>
          <name>Library of Congress</name>
        </sourceSystem>
        <committee />
      </item>
      <item>
        <actionDate>2017-02-01</actionDate>
        <type>IntroReferral</type>
        <links />
        <text>Introduced in House</text>
        <actionCode>1000</actionCode>
        <sourceSystem>
          <code>9</code>
          <name>Library of Congress</name>
        </sourceSystem>
        <committee />
      </item>
      <actionByCounts>
        <houseOfRepresentatives>3</houseOfRepresentatives>
      </actionByCounts>
    </actions>
    <originChamber>House</originChamber>
    <latestAction>
      <actionDate>2017-02-03</actionDate>
      <text>Sponsor introductory remarks on measure. (CR E139)</text>
      <links />
    </latestAction>
    <calendarNumbers />
    <committeeReports />
    <congress>115</congress>
    <cboCostEstimates />
    <relatedBills />
    <billNumber>790</billNumber>
    <amendments />
    <committees>
      <billCommittees>
        <item>
          <activities>
            <item>
              <name>Referred to</name>
              <date>2017-02-01T15:02:10Z</date>
            </item>
          </activities>
          <systemCode>hsba00</systemCode>
          <name>Financial Services Committee</name>
          <subcommittees />
          <type>Standing</type>
          <chamber>House</chamber>
        </item>
      </billCommittees>
    </committees>
    <updateDate>2018-03-30T14:01:19Z</updateDate>
    <summaries>
      <billSummaries>
        <item>
          <actionDesc>Introduced in House</actionDesc>
          <name>Introduced in House</name>
          <versionCode>00</versionCode>
          <actionDate>2017-02-01</actionDate>
          <text><![CDATA[<p><b>Return to Prudent Banking Act of 2017</b></p> <p>This bill prohibits an insured depository institution from affiliating with any person or firm engaged principally in, among other things, issuing or selling stocks, bonds, notes, or other securities. <p>Officers, directors and employees of securities firms are prohibited from simultaneously serving as an officer, director, or employee of a depository institution, except in specified circumstances. Any such individual serving as an officer, director, employee, or other institution-affiliated party of any insured depository institution must terminate such service as soon as practicable after enactment of this bill. </p> <p>Any affiliation of an insured depository institution with any broker, dealer, investment adviser, or investment company must be terminated as soon as practicable.</p> <p>No entity issuing or selling stocks, bonds, or other securities may engage in the business of receiving deposits, which includes the establishment and maintenance of transaction accounts, as defined in the Federal Reserve Act.</p> <p>This bill declares that Congress ratifies the interpretation by the Supreme Court of specified statutory language in <i>Investment Company Institute v. Camp </i>(ICI) regarding permissible activities of banks and securities firms. It further declares that the reasoning of the Court in that case shall continue to apply to the limitations placed upon security affiliations under the Federal Deposit Insurance Act as enacted by this bill. No federal banking agency or federal court shall issue an interpretation regarding such security affiliations that is narrower than that of the court in <i>ICI</i>.</p> <p>This bill repeals certain provisions of the Gramm-Leach-Bliley Act, including those pertaining to regulation of financial holding companies and the conditions for engaging in financial activities.]]></text>
          <lastSummaryUpdateDate>2017-12-18T20:37:48Z</lastSummaryUpdateDate>
          <updateDate>2017-02-01T05:00:00Z</updateDate>
        </item>
      </billSummaries>
    </summaries>
    <recordedVotes />
    <version>1.0.0</version>
    <sponsors>
      <item>
        <firstName>MARCY</firstName>
        <byRequestType />
        <fullName>Rep. Kaptur, Marcy [D-OH-9]</fullName>
        <bioguideId>K000009</bioguideId>
        <state>OH</state>
        <district>9</district>
        <party>D</party>
        <identifiers>
          <lisID>616</lisID>
          <gpoId>8099</gpoId>
          <bioguideId>K000009</bioguideId>
        </identifiers>
        <middleName />
        <lastName>KAPTUR</lastName>
      </item>
    </sponsors>
    <subjects>
      <billSubjects>
        <policyArea>
          <name>Finance and Financial Sector</name>
        </policyArea>
        <legislativeSubjects>
          <item>
            <name>Administrative remedies</name>
          </item>
          <item>
            <name>Banking and financial institutions regulation</name>
          </item>
          <item>
            <name>Corporate finance and management</name>
          </item>
          <item>
            <name>Department of the Treasury</name>
          </item>
          <item>
            <name>Federal Reserve System</name>
          </item>
          <item>
            <name>Federal appellate courts</name>
          </item>
          <item>
            <name>Federal district courts</name>
          </item>
          <item>
            <name>Financial services and investments</name>
          </item>
          <item>
            <name>Securities</name>
          </item>
          <item>
            <name>Supreme Court</name>
          </item>
        </legislativeSubjects>
      </billSubjects>
    </subjects>
    <billType>HR</billType>
    <laws />
    <titles>
      <item>
        <titleType>Short Titles as Introduced</titleType>
        <chamberCode />
        <parentTitleType />
        <chamberName />
        <title>Return to Prudent Banking Act of 2017</title>
      </item>
      <item>
        <titleType>Official Title as Introduced</titleType>
        <chamberCode />
        <parentTitleType />
        <chamberName />
        <title>To repeal certain provisions of the Gramm-Leach-Bliley Act and revive the separation between commercial banking and the securities business, in the manner provided in the Banking Act of 1933, the so-called "Glass-Steagall Act", and for other purposes.</title>
      </item>
      <item>
        <titleType>Display Title</titleType>
        <chamberCode />
        <parentTitleType />
        <chamberName />
        <title>Return to Prudent Banking Act of 2017</title>
      </item>
      <item>
        <titleType>(Extracted from GPO) Short Titles as Introduced</titleType>
        <chamberCode />
        <parentTitleType />
        <chamberName />
        <title>Return to Prudent Banking Act of 2017</title>
      </item>
    </titles>
  </bill>
  <dublinCore xmlns:dc="http://purl.org/dc/elements/1.1/">
    <dc:format>text/xml</dc:format>
    <dc:language>EN</dc:language>
    <dc:rights>Pursuant to Title 17 Section 105 of the United States Code, this file is not subject to copyright protection and is in the public domain.</dc:rights>
    <dc:contributor>Congressional Research Service, Library of Congress</dc:contributor>
    <dc:description>This file contains bill summaries and statuses for federal legislation. A bill summary describes the most significant provisions of a piece of legislation and details the effects the legislative text may have on current law and federal programs. Bill summaries are authored by the Congressional Research Service (CRS) of the Library of Congress. As stated in Public Law 91-510 (2 USC 166 (d)(6)), one of the duties of CRS is "to prepare summaries and digests of bills and resolutions of a public general nature introduced in the Senate or House of Representatives". For more information, refer to the User Guide that accompanies this file.</dc:description>
  </dublinCore>
</billStatus>

