<?xml version="1.0" encoding="UTF-8"?>
<billStatus>
  <bill>
    <title>Sgt. Brandon Ketchum Never Again Act</title>
    <latestAction>
      <actionDate>2017-02-06</actionDate>
      <text>Referred to the Subcommittee on Health.</text>
      <links />
    </latestAction>
    <createDate>2017-02-07T04:46:14Z</createDate>
    <titles>
      <item>
        <title>Sgt. Brandon Ketchum Never Again Act</title>
        <parentTitleType />
        <chamberCode />
        <titleType>Short Titles as Introduced</titleType>
        <chamberName />
      </item>
      <item>
        <title>To amend title 38, United States Code, to ensure that certain veterans receive in-patient psychiatric care provided by the Department of Veterans Affairs.</title>
        <parentTitleType />
        <chamberCode />
        <titleType>Official Title as Introduced</titleType>
        <chamberName />
      </item>
      <item>
        <title>Sgt. Brandon Ketchum Never Again Act</title>
        <parentTitleType />
        <chamberCode />
        <titleType>Display Title</titleType>
        <chamberName />
      </item>
      <item>
        <title>Sgt. Brandon Ketchum Never Again Act</title>
        <parentTitleType />
        <chamberCode />
        <titleType>(Extracted from GPO) Short Titles as Introduced</titleType>
        <chamberName />
      </item>
    </titles>
    <version>1.0.0</version>
    <notes />
    <subjects>
      <billSubjects>
        <policyArea>
          <name>Armed Forces and National Security</name>
        </policyArea>
        <legislativeSubjects>
          <item>
            <name>Department of Veterans Affairs</name>
          </item>
          <item>
            <name>Health care coverage and access</name>
          </item>
          <item>
            <name>Health facilities and institutions</name>
          </item>
          <item>
            <name>Hospital care</name>
          </item>
          <item>
            <name>Mental health</name>
          </item>
          <item>
            <name>Veterans' medical care</name>
          </item>
        </legislativeSubjects>
      </billSubjects>
    </subjects>
    <cboCostEstimates />
    <sponsors>
      <item>
        <firstName>David</firstName>
        <lastName>Loebsack</lastName>
        <middleName />
        <byRequestType />
        <bioguideId>L000565</bioguideId>
        <identifiers>
          <bioguideId>L000565</bioguideId>
          <gpoId>7915</gpoId>
          <lisID>1846</lisID>
        </identifiers>
        <state>IA</state>
        <fullName>Rep. Loebsack, David [D-IA-2]</fullName>
        <district>2</district>
        <party>D</party>
      </item>
    </sponsors>
    <calendarNumbers />
    <policyArea>
      <name>Armed Forces and National Security</name>
    </policyArea>
    <summaries>
      <billSummaries>
        <item>
          <actionDesc>Introduced in House</actionDesc>
          <text><![CDATA[<p> <strong>Sgt. Brandon Ketchum Never Again Act</strong></p> <p>This bill requires the Department of Veterans Affairs (VA), upon the request of a veteran who is enrolled in the VA health care system and entitled to in-patient psychiatric care, to furnish such veteran with in-patient psychiatric care at: (1) the VA facility that is closest to where the veteran resides and that has the capacity and capability to provide such care, or (2) at a non-VA facility if the VA facility lacks such capacity or capability.</p>]]></text>
          <lastSummaryUpdateDate>2017-02-22T20:07:18Z</lastSummaryUpdateDate>
          <name>Introduced in House</name>
          <versionCode>00</versionCode>
          <updateDate>2017-02-06T05:00:00Z</updateDate>
          <actionDate>2017-02-06</actionDate>
        </item>
      </billSummaries>
    </summaries>
    <actions>
      <actionTypeCounts>
        <introducedInTheHouse>1</introducedInTheHouse>
        <placeholderTextForH>1</placeholderTextForH>
        <introducedInHouse>1</introducedInHouse>
        <billReferrals>1</billReferrals>
      </actionTypeCounts>
      <item>
        <actionDate>2017-02-06</actionDate>
        <committee>
          <systemCode>hsvr03</systemCode>
          <name>Health Subcommittee</name>
        </committee>
        <links />
        <sourceSystem>
          <code>1</code>
          <name>House committee actions</name>
        </sourceSystem>
        <text>Referred to the Subcommittee on Health.</text>
        <type>Committee</type>
      </item>
      <item>
        <actionCode>H11100</actionCode>
        <sourceSystem>
          <code>2</code>
          <name>House floor actions</name>
        </sourceSystem>
        <links />
        <text>Referred to the House Committee on Veterans' Affairs.</text>
        <actionDate>2017-02-06</actionDate>
        <type>IntroReferral</type>
        <committee>
          <systemCode>hsvr00</systemCode>
          <name>Veterans' Affairs Committee</name>
        </committee>
      </item>
      <item>
        <actionCode>Intro-H</actionCode>
        <sourceSystem>
          <code>9</code>
          <name>Library of Congress</name>
        </sourceSystem>
        <links />
        <text>Introduced in House</text>
        <actionDate>2017-02-06</actionDate>
        <type>IntroReferral</type>
        <committee />
      </item>
      <item>
        <actionCode>1000</actionCode>
        <sourceSystem>
          <code>9</code>
          <name>Library of Congress</name>
        </sourceSystem>
        <links />
        <text>Introduced in House</text>
        <actionDate>2017-02-06</actionDate>
        <type>IntroReferral</type>
        <committee />
      </item>
      <actionByCounts>
        <houseOfRepresentatives>4</houseOfRepresentatives>
      </actionByCounts>
    </actions>
    <relatedBills />
    <committees>
      <billCommittees>
        <item>
          <name>Veterans' Affairs Committee</name>
          <activities>
            <item>
              <date>2017-02-06T17:01:05Z</date>
              <name>Referred to</name>
            </item>
          </activities>
          <chamber>House</chamber>
          <type>Standing</type>
          <systemCode>hsvr00</systemCode>
          <subcommittees>
            <item>
              <activities>
                <item>
                  <date>2017-02-06T18:09:44Z</date>
                  <name>Referred to</name>
                </item>
              </activities>
              <name>Health Subcommittee</name>
              <systemCode>hsvr03</systemCode>
            </item>
          </subcommittees>
        </item>
      </billCommittees>
    </committees>
    <constitutionalAuthorityStatementText><![CDATA[<pre>From the Congressional Record Online through the Government Publishing Office [<a href='http://www.gpo.gov'>www.gpo.gov</a>]By Mr. LOEBSACK:H.R. 874.Congress has the power to enact this legislation pursuantto the following:The constitutional authority of Congress to enact thislegislation provided by Article 1, Section 8 of the UnitedStates Constitution.[Page H1012]</pre>]]></constitutionalAuthorityStatementText>
    <introducedDate>2017-02-06</introducedDate>
    <cosponsors>
      <item>
        <sponsorshipDate>2017-02-06</sponsorshipDate>
        <state>OH</state>
        <lastName>Stivers</lastName>
        <firstName>Steve</firstName>
        <sponsorshipWithdrawnDate />
        <middleName />
        <identifiers>
          <gpoId>8105</gpoId>
          <bioguideId>S001187</bioguideId>
          <lisID>2047</lisID>
        </identifiers>
        <fullName>Rep. Stivers, Steve [R-OH-15]</fullName>
        <bioguideId>S001187</bioguideId>
        <isOriginalCosponsor>True</isOriginalCosponsor>
        <district>15</district>
        <party>R</party>
      </item>
      <item>
        <sponsorshipDate>2017-02-06</sponsorshipDate>
        <state>IL</state>
        <lastName>Bustos</lastName>
        <firstName>Cheri</firstName>
        <sponsorshipWithdrawnDate />
        <middleName />
        <identifiers>
          <gpoId />
          <bioguideId>B001286</bioguideId>
          <lisID>2127</lisID>
        </identifiers>
        <fullName>Rep. Bustos, Cheri [D-IL-17]</fullName>
        <bioguideId>B001286</bioguideId>
        <isOriginalCosponsor>True</isOriginalCosponsor>
        <district>17</district>
        <party>D</party>
      </item>
      <item>
        <sponsorshipDate>2017-02-06</sponsorshipDate>
        <state>GA</state>
        <lastName>LEWIS</lastName>
        <firstName>JOHN</firstName>
        <sponsorshipWithdrawnDate />
        <middleName />
        <identifiers>
          <bioguideId>L000287</bioguideId>
          <gpoId>7902</gpoId>
          <lisID>688</lisID>
        </identifiers>
        <fullName>Rep. Lewis, John [D-GA-5]</fullName>
        <bioguideId>L000287</bioguideId>
        <isOriginalCosponsor>True</isOriginalCosponsor>
        <district>5</district>
        <party>D</party>
      </item>
      <item>
        <sponsorshipDate>2017-02-06</sponsorshipDate>
        <state>IL</state>
        <lastName>Kelly</lastName>
        <firstName>Robin</firstName>
        <sponsorshipWithdrawnDate />
        <middleName>L.</middleName>
        <identifiers>
          <gpoId />
          <bioguideId>K000385</bioguideId>
          <lisID>2190</lisID>
        </identifiers>
        <fullName>Rep. Kelly, Robin L. [D-IL-2]</fullName>
        <bioguideId>K000385</bioguideId>
        <isOriginalCosponsor>True</isOriginalCosponsor>
        <district>2</district>
        <party>D</party>
      </item>
      <item>
        <sponsorshipDate>2017-02-06</sponsorshipDate>
        <state>TX</state>
        <lastName>Weber</lastName>
        <firstName>Randy</firstName>
        <sponsorshipWithdrawnDate />
        <middleName>K.</middleName>
        <identifiers>
          <lisID>2161</lisID>
          <gpoId />
          <bioguideId>W000814</bioguideId>
        </identifiers>
        <fullName>Rep. Weber, Randy K., Sr. [R-TX-14]</fullName>
        <bioguideId>W000814</bioguideId>
        <isOriginalCosponsor>True</isOriginalCosponsor>
        <district>14</district>
        <party>R</party>
      </item>
      <item>
        <sponsorshipDate>2017-02-06</sponsorshipDate>
        <state>NJ</state>
        <lastName>LOBIONDO</lastName>
        <firstName>FRANK</firstName>
        <sponsorshipWithdrawnDate />
        <middleName>A.</middleName>
        <identifiers>
          <bioguideId>L000554</bioguideId>
          <gpoId>8044</gpoId>
          <lisID>699</lisID>
        </identifiers>
        <fullName>Rep. LoBiondo, Frank A. [R-NJ-2]</fullName>
        <bioguideId>L000554</bioguideId>
        <isOriginalCosponsor>True</isOriginalCosponsor>
        <district>2</district>
        <party>R</party>
      </item>
      <item>
        <sponsorshipDate>2017-02-06</sponsorshipDate>
        <state>CT</state>
        <lastName>Himes</lastName>
        <firstName>James</firstName>
        <sponsorshipWithdrawnDate />
        <middleName>A.</middleName>
        <identifiers>
          <lisID>1913</lisID>
          <gpoId>7869</gpoId>
          <bioguideId>H001047</bioguideId>
        </identifiers>
        <fullName>Rep. Himes, James A. [D-CT-4]</fullName>
        <bioguideId>H001047</bioguideId>
        <isOriginalCosponsor>True</isOriginalCosponsor>
        <district>4</district>
        <party>D</party>
      </item>
      <item>
        <sponsorshipDate>2017-02-06</sponsorshipDate>
        <state>CA</state>
        <lastName>Vargas</lastName>
        <firstName>Juan</firstName>
        <sponsorshipWithdrawnDate />
        <middleName />
        <identifiers>
          <lisID>2112</lisID>
          <gpoId />
          <bioguideId>V000130</bioguideId>
        </identifiers>
        <fullName>Rep. Vargas, Juan [D-CA-51]</fullName>
        <bioguideId>V000130</bioguideId>
        <isOriginalCosponsor>True</isOriginalCosponsor>
        <district>51</district>
        <party>D</party>
      </item>
      <item>
        <sponsorshipDate>2017-02-06</sponsorshipDate>
        <state>PA</state>
        <lastName>Barletta</lastName>
        <firstName>Lou</firstName>
        <sponsorshipWithdrawnDate />
        <middleName />
        <identifiers>
          <gpoId>8129</gpoId>
          <lisID>2054</lisID>
          <bioguideId>B001269</bioguideId>
        </identifiers>
        <fullName>Rep. Barletta, Lou [R-PA-11]</fullName>
        <bioguideId>B001269</bioguideId>
        <isOriginalCosponsor>True</isOriginalCosponsor>
        <district>11</district>
        <party>R</party>
      </item>
      <item>
        <sponsorshipDate>2017-02-06</sponsorshipDate>
        <state>CA</state>
        <lastName>NAPOLITANO</lastName>
        <firstName>GRACE</firstName>
        <sponsorshipWithdrawnDate />
        <middleName>F.</middleName>
        <identifiers>
          <lisID>1602</lisID>
          <gpoId>7843</gpoId>
          <bioguideId>N000179</bioguideId>
        </identifiers>
        <fullName>Rep. Napolitano, Grace F. [D-CA-32]</fullName>
        <bioguideId>N000179</bioguideId>
        <isOriginalCosponsor>True</isOriginalCosponsor>
        <district>32</district>
        <party>D</party>
      </item>
      <item>
        <sponsorshipDate>2017-02-06</sponsorshipDate>
        <state>IL</state>
        <lastName>Lipinski</lastName>
        <firstName>Daniel</firstName>
        <sponsorshipWithdrawnDate />
        <middleName>William</middleName>
        <identifiers>
          <lisID>1781</lisID>
          <gpoId>7923</gpoId>
          <bioguideId>L000563</bioguideId>
        </identifiers>
        <fullName>Rep. Lipinski, Daniel [D-IL-3]</fullName>
        <bioguideId>L000563</bioguideId>
        <isOriginalCosponsor>True</isOriginalCosponsor>
        <district>3</district>
        <party>D</party>
      </item>
      <item>
        <sponsorshipDate>2017-02-06</sponsorshipDate>
        <state>TX</state>
        <lastName>O'Rourke</lastName>
        <firstName>Beto</firstName>
        <sponsorshipWithdrawnDate />
        <middleName />
        <identifiers>
          <lisID>2162</lisID>
          <gpoId />
          <bioguideId>O000170</bioguideId>
        </identifiers>
        <fullName>Rep. O'Rourke, Beto [D-TX-16]</fullName>
        <bioguideId>O000170</bioguideId>
        <isOriginalCosponsor>True</isOriginalCosponsor>
        <district>16</district>
        <party>D</party>
      </item>
      <item>
        <sponsorshipDate>2017-02-06</sponsorshipDate>
        <state>TX</state>
        <lastName>McCaul</lastName>
        <firstName>Michael</firstName>
        <sponsorshipWithdrawnDate />
        <middleName>T.</middleName>
        <identifiers>
          <gpoId>8166</gpoId>
          <lisID>1804</lisID>
          <bioguideId>M001157</bioguideId>
        </identifiers>
        <fullName>Rep. McCaul, Michael T. [R-TX-10]</fullName>
        <bioguideId>M001157</bioguideId>
        <isOriginalCosponsor>True</isOriginalCosponsor>
        <district>10</district>
        <party>R</party>
      </item>
      <item>
        <sponsorshipDate>2017-02-06</sponsorshipDate>
        <state>FL</state>
        <lastName>Rooney</lastName>
        <firstName>Thomas</firstName>
        <sponsorshipWithdrawnDate />
        <middleName>J.</middleName>
        <identifiers>
          <bioguideId>R000583</bioguideId>
          <gpoId>7888</gpoId>
          <lisID>1916</lisID>
        </identifiers>
        <fullName>Rep. Rooney, Thomas J. [R-FL-17]</fullName>
        <bioguideId>R000583</bioguideId>
        <isOriginalCosponsor>True</isOriginalCosponsor>
        <district>17</district>
        <party>R</party>
      </item>
      <item>
        <sponsorshipDate>2017-02-06</sponsorshipDate>
        <state>IL</state>
        <lastName>Quigley</lastName>
        <firstName>Mike</firstName>
        <sponsorshipWithdrawnDate />
        <middleName />
        <identifiers>
          <lisID>1967</lisID>
          <gpoId>7925</gpoId>
          <bioguideId>Q000023</bioguideId>
        </identifiers>
        <fullName>Rep. Quigley, Mike [D-IL-5]</fullName>
        <bioguideId>Q000023</bioguideId>
        <isOriginalCosponsor>True</isOriginalCosponsor>
        <district>5</district>
        <party>D</party>
      </item>
      <item>
        <sponsorshipDate>2017-02-06</sponsorshipDate>
        <state>TX</state>
        <lastName>Olson</lastName>
        <firstName>Pete</firstName>
        <sponsorshipWithdrawnDate />
        <middleName />
        <identifiers>
          <gpoId>8178</gpoId>
          <bioguideId>O000168</bioguideId>
          <lisID>1955</lisID>
        </identifiers>
        <fullName>Rep. Olson, Pete [R-TX-22]</fullName>
        <bioguideId>O000168</bioguideId>
        <isOriginalCosponsor>True</isOriginalCosponsor>
        <district>22</district>
        <party>R</party>
      </item>
      <item>
        <sponsorshipDate>2017-02-06</sponsorshipDate>
        <state>AZ</state>
        <lastName>Gallego</lastName>
        <firstName>Ruben</firstName>
        <sponsorshipWithdrawnDate />
        <middleName />
        <identifiers>
          <bioguideId>G000574</bioguideId>
          <gpoId />
          <lisID>2226</lisID>
        </identifiers>
        <fullName>Rep. Gallego, Ruben [D-AZ-7]</fullName>
        <bioguideId>G000574</bioguideId>
        <isOriginalCosponsor>True</isOriginalCosponsor>
        <district>7</district>
        <party>D</party>
      </item>
      <item>
        <sponsorshipDate>2017-02-06</sponsorshipDate>
        <state>MD</state>
        <lastName>Delaney</lastName>
        <firstName>John</firstName>
        <sponsorshipWithdrawnDate />
        <middleName>K.</middleName>
        <identifiers>
          <lisID>2133</lisID>
          <gpoId />
          <bioguideId>D000620</bioguideId>
        </identifiers>
        <fullName>Rep. Delaney, John K. [D-MD-6]</fullName>
        <bioguideId>D000620</bioguideId>
        <isOriginalCosponsor>True</isOriginalCosponsor>
        <district>6</district>
        <party>D</party>
      </item>
      <item>
        <sponsorshipDate>2017-02-06</sponsorshipDate>
        <state>CA</state>
        <lastName>Garamendi</lastName>
        <firstName>John</firstName>
        <sponsorshipWithdrawnDate />
        <middleName />
        <identifiers>
          <lisID>1973</lisID>
          <gpoId>7815</gpoId>
          <bioguideId>G000559</bioguideId>
        </identifiers>
        <fullName>Rep. Garamendi, John [D-CA-3]</fullName>
        <bioguideId>G000559</bioguideId>
        <isOriginalCosponsor>True</isOriginalCosponsor>
        <district>3</district>
        <party>D</party>
      </item>
      <item>
        <sponsorshipDate>2017-02-06</sponsorshipDate>
        <state>MP</state>
        <lastName>Sablan</lastName>
        <firstName>Gregorio</firstName>
        <sponsorshipWithdrawnDate />
        <middleName>Kilili Camacho</middleName>
        <identifiers>
          <gpoId>8018</gpoId>
          <lisID>1962</lisID>
          <bioguideId>S001177</bioguideId>
        </identifiers>
        <fullName>Rep. Sablan, Gregorio Kilili Camacho [D-MP-At Large]</fullName>
        <bioguideId>S001177</bioguideId>
        <isOriginalCosponsor>True</isOriginalCosponsor>
        <district>0</district>
        <party>D</party>
      </item>
      <item>
        <sponsorshipDate>2017-02-06</sponsorshipDate>
        <state>FL</state>
        <lastName>Curbelo</lastName>
        <firstName>Carlos</firstName>
        <sponsorshipWithdrawnDate />
        <middleName />
        <identifiers>
          <lisID>2235</lisID>
          <gpoId />
          <bioguideId>C001107</bioguideId>
        </identifiers>
        <fullName>Rep. Curbelo, Carlos [R-FL-26]</fullName>
        <bioguideId>C001107</bioguideId>
        <isOriginalCosponsor>True</isOriginalCosponsor>
        <district>26</district>
        <party>R</party>
      </item>
      <item>
        <sponsorshipDate>2017-02-06</sponsorshipDate>
        <state>NY</state>
        <lastName>SLAUGHTER</lastName>
        <firstName>LOUISE</firstName>
        <sponsorshipWithdrawnDate />
        <middleName>M.</middleName>
        <identifiers>
          <lisID>1069</lisID>
          <gpoId>8089</gpoId>
          <bioguideId>S000480</bioguideId>
        </identifiers>
        <fullName>Rep. Slaughter, Louise McIntosh [D-NY-25]</fullName>
        <bioguideId>S000480</bioguideId>
        <isOriginalCosponsor>True</isOriginalCosponsor>
        <district>25</district>
        <party>D</party>
      </item>
      <item>
        <sponsorshipDate>2017-02-06</sponsorshipDate>
        <state>NC</state>
        <lastName>JONES</lastName>
        <firstName>WALTER</firstName>
        <sponsorshipWithdrawnDate />
        <middleName>B.</middleName>
        <identifiers>
          <lisID>612</lisID>
          <gpoId>8026</gpoId>
          <bioguideId>J000255</bioguideId>
        </identifiers>
        <fullName>Rep. Jones, Walter B., Jr. [R-NC-3]</fullName>
        <bioguideId>J000255</bioguideId>
        <isOriginalCosponsor>True</isOriginalCosponsor>
        <district>3</district>
        <party>R</party>
      </item>
      <item>
        <sponsorshipDate>2017-02-06</sponsorshipDate>
        <state>TN</state>
        <lastName>COOPER</lastName>
        <firstName>JAMES</firstName>
        <sponsorshipWithdrawnDate />
        <middleName>H.</middleName>
        <identifiers>
          <gpoId>8152</gpoId>
          <lisID>231</lisID>
          <bioguideId>C000754</bioguideId>
        </identifiers>
        <fullName>Rep. Cooper, Jim [D-TN-5]</fullName>
        <bioguideId>C000754</bioguideId>
        <isOriginalCosponsor>True</isOriginalCosponsor>
        <district>5</district>
        <party>D</party>
      </item>
      <item>
        <sponsorshipDate>2017-02-06</sponsorshipDate>
        <state>TX</state>
        <lastName>SESSIONS</lastName>
        <firstName>PETE</firstName>
        <sponsorshipWithdrawnDate />
        <middleName />
        <identifiers>
          <gpoId>8188</gpoId>
          <bioguideId>S000250</bioguideId>
          <lisID>1525</lisID>
        </identifiers>
        <fullName>Rep. Sessions, Pete [R-TX-32]</fullName>
        <bioguideId>S000250</bioguideId>
        <isOriginalCosponsor>True</isOriginalCosponsor>
        <district>32</district>
        <party>R</party>
      </item>
      <item>
        <sponsorshipDate>2017-02-06</sponsorshipDate>
        <state>CA</state>
        <lastName>Denham</lastName>
        <firstName>Jeff</firstName>
        <sponsorshipWithdrawnDate />
        <middleName />
        <identifiers>
          <lisID>1995</lisID>
          <gpoId>7824</gpoId>
          <bioguideId>D000612</bioguideId>
        </identifiers>
        <fullName>Rep. Denham, Jeff [R-CA-10]</fullName>
        <bioguideId>D000612</bioguideId>
        <isOriginalCosponsor>True</isOriginalCosponsor>
        <district>10</district>
        <party>R</party>
      </item>
      <item>
        <sponsorshipDate>2017-02-06</sponsorshipDate>
        <state>OH</state>
        <lastName>Gibbs</lastName>
        <firstName>Bob</firstName>
        <sponsorshipWithdrawnDate />
        <middleName />
        <identifiers>
          <lisID>2049</lisID>
          <gpoId>8108</gpoId>
          <bioguideId>G000563</bioguideId>
        </identifiers>
        <fullName>Rep. Gibbs, Bob [R-OH-7]</fullName>
        <bioguideId>G000563</bioguideId>
        <isOriginalCosponsor>True</isOriginalCosponsor>
        <district>7</district>
        <party>R</party>
      </item>
      <item>
        <sponsorshipDate>2017-02-06</sponsorshipDate>
        <state>AK</state>
        <lastName>YOUNG</lastName>
        <firstName>DON</firstName>
        <sponsorshipWithdrawnDate />
        <middleName>E.</middleName>
        <identifiers>
          <lisID>1256</lisID>
          <gpoId>7785</gpoId>
          <bioguideId>Y000033</bioguideId>
        </identifiers>
        <fullName>Rep. Young, Don [R-AK-At Large]</fullName>
        <bioguideId>Y000033</bioguideId>
        <isOriginalCosponsor>True</isOriginalCosponsor>
        <district>0</district>
        <party>R</party>
      </item>
      <item>
        <sponsorshipDate>2017-02-06</sponsorshipDate>
        <state>CA</state>
        <lastName>Cardenas</lastName>
        <firstName>Tony</firstName>
        <sponsorshipWithdrawnDate />
        <middleName />
        <identifiers>
          <lisID>2107</lisID>
          <gpoId />
          <bioguideId>C001097</bioguideId>
        </identifiers>
        <fullName>Rep. Cardenas, Tony [D-CA-29]</fullName>
        <bioguideId>C001097</bioguideId>
        <isOriginalCosponsor>True</isOriginalCosponsor>
        <district>29</district>
        <party>D</party>
      </item>
      <item>
        <sponsorshipDate>2017-02-06</sponsorshipDate>
        <state>CA</state>
        <lastName>Valadao</lastName>
        <firstName>David</firstName>
        <sponsorshipWithdrawnDate />
        <middleName>G.</middleName>
        <identifiers>
          <lisID>2105</lisID>
          <gpoId />
          <bioguideId>V000129</bioguideId>
        </identifiers>
        <fullName>Rep. Valadao, David G. [R-CA-21]</fullName>
        <bioguideId>V000129</bioguideId>
        <isOriginalCosponsor>True</isOriginalCosponsor>
        <district>21</district>
        <party>R</party>
      </item>
      <item>
        <sponsorshipDate>2017-02-06</sponsorshipDate>
        <state>NY</state>
        <lastName>KING</lastName>
        <firstName>PETER</firstName>
        <sponsorshipWithdrawnDate />
        <middleName>T.</middleName>
        <identifiers>
          <gpoId>8064</gpoId>
          <bioguideId>K000210</bioguideId>
          <lisID>635</lisID>
        </identifiers>
        <fullName>Rep. King, Peter T. [R-NY-2]</fullName>
        <bioguideId>K000210</bioguideId>
        <isOriginalCosponsor>True</isOriginalCosponsor>
        <district>2</district>
        <party>R</party>
      </item>
      <item>
        <sponsorshipDate>2017-02-06</sponsorshipDate>
        <state>MN</state>
        <lastName>Paulsen</lastName>
        <firstName>Erik</firstName>
        <sponsorshipWithdrawnDate />
        <middleName />
        <identifiers>
          <lisID>1930</lisID>
          <gpoId>8003</gpoId>
          <bioguideId>P000594</bioguideId>
        </identifiers>
        <fullName>Rep. Paulsen, Erik [R-MN-3]</fullName>
        <bioguideId>P000594</bioguideId>
        <isOriginalCosponsor>True</isOriginalCosponsor>
        <district>3</district>
        <party>R</party>
      </item>
      <item>
        <sponsorshipDate>2017-02-06</sponsorshipDate>
        <state>AS</state>
        <lastName>Radewagen</lastName>
        <firstName>Aumua Amata</firstName>
        <sponsorshipWithdrawnDate />
        <middleName>Coleman</middleName>
        <identifiers>
          <lisID>2222</lisID>
          <gpoId />
          <bioguideId>R000600</bioguideId>
        </identifiers>
        <fullName>Rep. Radewagen, Aumua Amata Coleman [R-AS-At Large]</fullName>
        <bioguideId>R000600</bioguideId>
        <isOriginalCosponsor>True</isOriginalCosponsor>
        <district>0</district>
        <party>R</party>
      </item>
      <item>
        <sponsorshipDate>2017-02-06</sponsorshipDate>
        <state>TX</state>
        <lastName>Vela</lastName>
        <firstName>Filemon</firstName>
        <sponsorshipWithdrawnDate />
        <middleName />
        <identifiers>
          <lisID>2167</lisID>
          <gpoId />
          <bioguideId>V000132</bioguideId>
        </identifiers>
        <fullName>Rep. Vela, Filemon [D-TX-34]</fullName>
        <bioguideId>V000132</bioguideId>
        <isOriginalCosponsor>True</isOriginalCosponsor>
        <district>34</district>
        <party>D</party>
      </item>
      <item>
        <sponsorshipDate>2017-02-06</sponsorshipDate>
        <state>NH</state>
        <lastName>Shea-Porter</lastName>
        <firstName>Carol</firstName>
        <sponsorshipWithdrawnDate />
        <middleName />
        <identifiers>
          <lisID>1861</lisID>
          <gpoId>7528</gpoId>
          <bioguideId>S001170</bioguideId>
        </identifiers>
        <fullName>Rep. Shea-Porter, Carol [D-NH-1]</fullName>
        <bioguideId>S001170</bioguideId>
        <isOriginalCosponsor>True</isOriginalCosponsor>
        <district>1</district>
        <party>D</party>
      </item>
      <item>
        <sponsorshipDate>2017-02-06</sponsorshipDate>
        <state>FL</state>
        <lastName>Soto</lastName>
        <firstName>Darren</firstName>
        <sponsorshipWithdrawnDate />
        <middleName />
        <identifiers>
          <lisID>2319</lisID>
          <gpoId />
          <bioguideId>S001200</bioguideId>
        </identifiers>
        <fullName>Rep. Soto, Darren [D-FL-9]</fullName>
        <bioguideId>S001200</bioguideId>
        <isOriginalCosponsor>True</isOriginalCosponsor>
        <district>9</district>
        <party>D</party>
      </item>
      <item>
        <sponsorshipDate>2017-02-06</sponsorshipDate>
        <state>HI</state>
        <lastName>Gabbard</lastName>
        <firstName>Tulsi</firstName>
        <sponsorshipWithdrawnDate />
        <middleName />
        <identifiers>
          <lisID>2122</lisID>
          <gpoId />
          <bioguideId>G000571</bioguideId>
        </identifiers>
        <fullName>Rep. Gabbard, Tulsi [D-HI-2]</fullName>
        <bioguideId>G000571</bioguideId>
        <isOriginalCosponsor>True</isOriginalCosponsor>
        <district>2</district>
        <party>D</party>
      </item>
      <item>
        <sponsorshipDate>2017-02-06</sponsorshipDate>
        <state>OH</state>
        <lastName>RYAN</lastName>
        <firstName>TIM</firstName>
        <sponsorshipWithdrawnDate />
        <middleName />
        <identifiers>
          <bioguideId>R000577</bioguideId>
          <gpoId>8107</gpoId>
          <lisID>1756</lisID>
        </identifiers>
        <fullName>Rep. Ryan, Tim [D-OH-13]</fullName>
        <bioguideId>R000577</bioguideId>
        <isOriginalCosponsor>True</isOriginalCosponsor>
        <district>13</district>
        <party>D</party>
      </item>
      <item>
        <sponsorshipDate>2017-02-06</sponsorshipDate>
        <state>MN</state>
        <lastName>Emmer</lastName>
        <firstName>Tom</firstName>
        <sponsorshipWithdrawnDate />
        <middleName />
        <identifiers>
          <lisID>2253</lisID>
          <gpoId />
          <bioguideId>E000294</bioguideId>
        </identifiers>
        <fullName>Rep. Emmer, Tom [R-MN-6]</fullName>
        <bioguideId>E000294</bioguideId>
        <isOriginalCosponsor>True</isOriginalCosponsor>
        <district>6</district>
        <party>R</party>
      </item>
      <item>
        <sponsorshipDate>2017-02-06</sponsorshipDate>
        <state>VA</state>
        <lastName>GOODLATTE</lastName>
        <firstName>ROBERT</firstName>
        <sponsorshipWithdrawnDate />
        <middleName>W.</middleName>
        <identifiers>
          <lisID>446</lisID>
          <gpoId>8197</gpoId>
          <bioguideId>G000289</bioguideId>
        </identifiers>
        <fullName>Rep. Goodlatte, Bob [R-VA-6]</fullName>
        <bioguideId>G000289</bioguideId>
        <isOriginalCosponsor>True</isOriginalCosponsor>
        <district>6</district>
        <party>R</party>
      </item>
      <item>
        <sponsorshipDate>2017-02-06</sponsorshipDate>
        <state>CA</state>
        <lastName>Swalwell</lastName>
        <firstName>Eric</firstName>
        <sponsorshipWithdrawnDate />
        <middleName />
        <identifiers>
          <gpoId />
          <bioguideId>S001193</bioguideId>
          <lisID>2104</lisID>
        </identifiers>
        <fullName>Rep. Swalwell, Eric [D-CA-15]</fullName>
        <bioguideId>S001193</bioguideId>
        <isOriginalCosponsor>True</isOriginalCosponsor>
        <district>15</district>
        <party>D</party>
      </item>
      <item>
        <sponsorshipDate>2017-02-06</sponsorshipDate>
        <state>NY</state>
        <lastName>Katko</lastName>
        <firstName>John</firstName>
        <sponsorshipWithdrawnDate />
        <middleName />
        <identifiers>
          <lisID>2264</lisID>
          <gpoId />
          <bioguideId>K000386</bioguideId>
        </identifiers>
        <fullName>Rep. Katko, John [R-NY-24]</fullName>
        <bioguideId>K000386</bioguideId>
        <isOriginalCosponsor>True</isOriginalCosponsor>
        <district>24</district>
        <party>R</party>
      </item>
      <item>
        <sponsorshipDate>2017-02-21</sponsorshipDate>
        <state>FL</state>
        <lastName>DeSantis</lastName>
        <firstName>Ron</firstName>
        <sponsorshipWithdrawnDate />
        <middleName />
        <identifiers>
          <lisID>2116</lisID>
          <gpoId />
          <bioguideId>D000621</bioguideId>
        </identifiers>
        <fullName>Rep. DeSantis, Ron [R-FL-6]</fullName>
        <bioguideId>D000621</bioguideId>
        <isOriginalCosponsor>False</isOriginalCosponsor>
        <district>6</district>
        <party>R</party>
      </item>
      <item>
        <sponsorshipDate>2017-02-21</sponsorshipDate>
        <state>TX</state>
        <lastName>Veasey</lastName>
        <firstName>Marc</firstName>
        <sponsorshipWithdrawnDate />
        <middleName>A.</middleName>
        <identifiers>
          <gpoId />
          <lisID>2166</lisID>
          <bioguideId>V000131</bioguideId>
        </identifiers>
        <fullName>Rep. Veasey, Marc A. [D-TX-33]</fullName>
        <bioguideId>V000131</bioguideId>
        <isOriginalCosponsor>False</isOriginalCosponsor>
        <district>33</district>
        <party>D</party>
      </item>
      <item>
        <sponsorshipDate>2017-05-03</sponsorshipDate>
        <state>NM</state>
        <lastName>Lujan</lastName>
        <firstName>Ben</firstName>
        <sponsorshipWithdrawnDate />
        <middleName>Ray</middleName>
        <identifiers>
          <bioguideId>L000570</bioguideId>
          <gpoId>8058</gpoId>
          <lisID>1939</lisID>
        </identifiers>
        <fullName>Rep. Lujan, Ben Ray [D-NM-3]</fullName>
        <bioguideId>L000570</bioguideId>
        <isOriginalCosponsor>False</isOriginalCosponsor>
        <district>3</district>
        <party>D</party>
      </item>
      <item>
        <sponsorshipDate>2017-09-12</sponsorshipDate>
        <state>MA</state>
        <lastName>Moulton</lastName>
        <firstName>Seth</firstName>
        <sponsorshipWithdrawnDate />
        <middleName />
        <identifiers>
          <lisID>2246</lisID>
          <gpoId />
          <bioguideId>M001196</bioguideId>
        </identifiers>
        <fullName>Rep. Moulton, Seth [D-MA-6]</fullName>
        <bioguideId>M001196</bioguideId>
        <isOriginalCosponsor>False</isOriginalCosponsor>
        <district>6</district>
        <party>D</party>
      </item>
      <item>
        <sponsorshipDate>2017-09-12</sponsorshipDate>
        <state>CA</state>
        <lastName>LOFGREN</lastName>
        <firstName>ZOE</firstName>
        <sponsorshipWithdrawnDate />
        <middleName />
        <identifiers>
          <bioguideId>L000397</bioguideId>
          <gpoId>7821</gpoId>
          <lisID>701</lisID>
        </identifiers>
        <fullName>Rep. Lofgren, Zoe [D-CA-19]</fullName>
        <bioguideId>L000397</bioguideId>
        <isOriginalCosponsor>False</isOriginalCosponsor>
        <district>19</district>
        <party>D</party>
      </item>
      <item>
        <sponsorshipDate>2017-12-20</sponsorshipDate>
        <state>NY</state>
        <lastName>Faso</lastName>
        <firstName>John</firstName>
        <sponsorshipWithdrawnDate />
        <middleName>J.</middleName>
        <identifiers>
          <bioguideId>F000464</bioguideId>
          <gpoId />
          <lisID>2343</lisID>
        </identifiers>
        <fullName>Rep. Faso, John J. [R-NY-19]</fullName>
        <bioguideId>F000464</bioguideId>
        <isOriginalCosponsor>False</isOriginalCosponsor>
        <district>19</district>
        <party>R</party>
      </item>
    </cosponsors>
    <laws />
    <congress>115</congress>
    <recordedVotes />
    <amendments />
    <committeeReports />
    <billType>HR</billType>
    <billNumber>874</billNumber>
    <updateDate>2018-03-30T14:01:40Z</updateDate>
    <originChamber>House</originChamber>
  </bill>
  <dublinCore xmlns:dc="http://purl.org/dc/elements/1.1/">
    <dc:format>text/xml</dc:format>
    <dc:language>EN</dc:language>
    <dc:rights>Pursuant to Title 17 Section 105 of the United States Code, this file is not subject to copyright protection and is in the public domain.</dc:rights>
    <dc:contributor>Congressional Research Service, Library of Congress</dc:contributor>
    <dc:description>This file contains bill summaries and statuses for federal legislation. A bill summary describes the most significant provisions of a piece of legislation and details the effects the legislative text may have on current law and federal programs. Bill summaries are authored by the Congressional Research Service (CRS) of the Library of Congress. As stated in Public Law 91-510 (2 USC 166 (d)(6)), one of the duties of CRS is "to prepare summaries and digests of bills and resolutions of a public general nature introduced in the Senate or House of Representatives". For more information, refer to the User Guide that accompanies this file.</dc:description>
  </dublinCore>
</billStatus>

