<?xml version="1.0" encoding="UTF-8"?>
<billStatus>
  <bill>
    <cosponsors>
      <item>
        <fullName>Rep. Marino, Tom [R-PA-10]</fullName>
        <middleName />
        <identifiers>
          <bioguideId>M001179</bioguideId>
          <gpoId>8128</gpoId>
          <lisID>2053</lisID>
        </identifiers>
        <firstName>Tom</firstName>
        <party>R</party>
        <bioguideId>M001179</bioguideId>
        <sponsorshipDate>2017-01-23</sponsorshipDate>
        <sponsorshipWithdrawnDate />
        <state>PA</state>
        <lastName>Marino</lastName>
        <isOriginalCosponsor>True</isOriginalCosponsor>
        <district>10</district>
      </item>
      <item>
        <fullName>Rep. Nolan, Richard M. [D-MN-8]</fullName>
        <middleName />
        <identifiers>
          <bioguideId>N000127</bioguideId>
          <gpoId />
          <lisID>867</lisID>
        </identifiers>
        <firstName>RICHARD</firstName>
        <party>D</party>
        <bioguideId>N000127</bioguideId>
        <sponsorshipDate>2017-01-23</sponsorshipDate>
        <sponsorshipWithdrawnDate />
        <state>MN</state>
        <lastName>NOLAN</lastName>
        <isOriginalCosponsor>True</isOriginalCosponsor>
        <district>8</district>
      </item>
      <item>
        <fullName>Rep. Emmer, Tom [R-MN-6]</fullName>
        <middleName />
        <identifiers>
          <lisID>2253</lisID>
          <gpoId />
          <bioguideId>E000294</bioguideId>
        </identifiers>
        <firstName>Tom</firstName>
        <party>R</party>
        <bioguideId>E000294</bioguideId>
        <sponsorshipDate>2017-01-23</sponsorshipDate>
        <sponsorshipWithdrawnDate />
        <state>MN</state>
        <lastName>Emmer</lastName>
        <isOriginalCosponsor>True</isOriginalCosponsor>
        <district>6</district>
      </item>
      <item>
        <fullName>Rep. Jenkins, Evan H. [R-WV-3]</fullName>
        <middleName>H.</middleName>
        <identifiers>
          <lisID>2278</lisID>
          <gpoId />
          <bioguideId>J000297</bioguideId>
        </identifiers>
        <firstName>Evan</firstName>
        <party>R</party>
        <bioguideId>J000297</bioguideId>
        <sponsorshipDate>2017-01-31</sponsorshipDate>
        <sponsorshipWithdrawnDate />
        <state>WV</state>
        <lastName>Jenkins</lastName>
        <isOriginalCosponsor>False</isOriginalCosponsor>
        <district>3</district>
      </item>
      <item>
        <fullName>Rep. Griffith, H. Morgan [R-VA-9]</fullName>
        <middleName>Morgan</middleName>
        <identifiers>
          <gpoId>8200</gpoId>
          <lisID>2070</lisID>
          <bioguideId>G000568</bioguideId>
        </identifiers>
        <firstName>H.</firstName>
        <party>R</party>
        <bioguideId>G000568</bioguideId>
        <sponsorshipDate>2017-02-07</sponsorshipDate>
        <sponsorshipWithdrawnDate />
        <state>VA</state>
        <lastName>Griffith</lastName>
        <isOriginalCosponsor>False</isOriginalCosponsor>
        <district>9</district>
      </item>
      <item>
        <fullName>Rep. Jones, Walter B., Jr. [R-NC-3]</fullName>
        <middleName>B.</middleName>
        <identifiers>
          <bioguideId>J000255</bioguideId>
          <gpoId>8026</gpoId>
          <lisID>612</lisID>
        </identifiers>
        <firstName>WALTER</firstName>
        <party>R</party>
        <bioguideId>J000255</bioguideId>
        <sponsorshipDate>2017-02-07</sponsorshipDate>
        <sponsorshipWithdrawnDate />
        <state>NC</state>
        <lastName>JONES</lastName>
        <isOriginalCosponsor>False</isOriginalCosponsor>
        <district>3</district>
      </item>
      <item>
        <fullName>Rep. Norcross, Donald [D-NJ-1]</fullName>
        <middleName />
        <identifiers>
          <bioguideId>N000188</bioguideId>
          <gpoId />
          <lisID>2202</lisID>
        </identifiers>
        <firstName>Donald</firstName>
        <party>D</party>
        <bioguideId>N000188</bioguideId>
        <sponsorshipDate>2017-02-13</sponsorshipDate>
        <sponsorshipWithdrawnDate />
        <state>NJ</state>
        <lastName>Norcross</lastName>
        <isOriginalCosponsor>False</isOriginalCosponsor>
        <district>1</district>
      </item>
      <item>
        <fullName>Rep. Russell, Steve [R-OK-5]</fullName>
        <middleName />
        <identifiers>
          <lisID>2265</lisID>
          <gpoId />
          <bioguideId>R000604</bioguideId>
        </identifiers>
        <firstName>Steve</firstName>
        <party>R</party>
        <bioguideId>R000604</bioguideId>
        <sponsorshipDate>2017-02-13</sponsorshipDate>
        <sponsorshipWithdrawnDate />
        <state>OK</state>
        <lastName>Russell</lastName>
        <isOriginalCosponsor>False</isOriginalCosponsor>
        <district>5</district>
      </item>
      <item>
        <fullName>Rep. Conaway, K. Michael [R-TX-11]</fullName>
        <middleName>Michael</middleName>
        <identifiers>
          <lisID>1805</lisID>
          <gpoId>8167</gpoId>
          <bioguideId>C001062</bioguideId>
        </identifiers>
        <firstName>K.</firstName>
        <party>R</party>
        <bioguideId>C001062</bioguideId>
        <sponsorshipDate>2017-02-13</sponsorshipDate>
        <sponsorshipWithdrawnDate />
        <state>TX</state>
        <lastName>Conaway</lastName>
        <isOriginalCosponsor>False</isOriginalCosponsor>
        <district>11</district>
      </item>
      <item>
        <fullName>Rep. Barletta, Lou [R-PA-11]</fullName>
        <middleName />
        <identifiers>
          <bioguideId>B001269</bioguideId>
          <lisID>2054</lisID>
          <gpoId>8129</gpoId>
        </identifiers>
        <firstName>Lou</firstName>
        <party>R</party>
        <bioguideId>B001269</bioguideId>
        <sponsorshipDate>2017-02-13</sponsorshipDate>
        <sponsorshipWithdrawnDate />
        <state>PA</state>
        <lastName>Barletta</lastName>
        <isOriginalCosponsor>False</isOriginalCosponsor>
        <district>11</district>
      </item>
      <item>
        <fullName>Rep. Rohrabacher, Dana [R-CA-48]</fullName>
        <middleName />
        <identifiers>
          <bioguideId>R000409</bioguideId>
          <gpoId>7851</gpoId>
          <lisID>979</lisID>
        </identifiers>
        <firstName>DANA</firstName>
        <party>R</party>
        <bioguideId>R000409</bioguideId>
        <sponsorshipDate>2017-02-13</sponsorshipDate>
        <sponsorshipWithdrawnDate />
        <state>CA</state>
        <lastName>ROHRABACHER</lastName>
        <isOriginalCosponsor>False</isOriginalCosponsor>
        <district>48</district>
      </item>
      <item>
        <fullName>Rep. Rogers, Harold [R-KY-5]</fullName>
        <middleName />
        <identifiers>
          <lisID>977</lisID>
          <gpoId>7957</gpoId>
          <bioguideId>R000395</bioguideId>
        </identifiers>
        <firstName>HAROLD</firstName>
        <party>R</party>
        <bioguideId>R000395</bioguideId>
        <sponsorshipDate>2017-02-13</sponsorshipDate>
        <sponsorshipWithdrawnDate />
        <state>KY</state>
        <lastName>ROGERS</lastName>
        <isOriginalCosponsor>False</isOriginalCosponsor>
        <district>5</district>
      </item>
      <item>
        <fullName>Rep. Smith, Adam [D-WA-9]</fullName>
        <middleName />
        <identifiers>
          <lisID>1528</lisID>
          <gpoId>8213</gpoId>
          <bioguideId>S000510</bioguideId>
        </identifiers>
        <firstName>ADAM</firstName>
        <party>D</party>
        <bioguideId>S000510</bioguideId>
        <sponsorshipDate>2017-02-15</sponsorshipDate>
        <sponsorshipWithdrawnDate />
        <state>WA</state>
        <lastName>SMITH</lastName>
        <isOriginalCosponsor>False</isOriginalCosponsor>
        <district>9</district>
      </item>
      <item>
        <fullName>Rep. Thompson, Glenn [R-PA-5]</fullName>
        <middleName />
        <identifiers>
          <lisID>1952</lisID>
          <gpoId>8123</gpoId>
          <bioguideId>T000467</bioguideId>
        </identifiers>
        <firstName>Glenn</firstName>
        <party>R</party>
        <bioguideId>T000467</bioguideId>
        <sponsorshipDate>2017-02-28</sponsorshipDate>
        <sponsorshipWithdrawnDate />
        <state>PA</state>
        <lastName>Thompson</lastName>
        <isOriginalCosponsor>False</isOriginalCosponsor>
        <district>5</district>
      </item>
      <item>
        <fullName>Rep. Long, Billy [R-MO-7]</fullName>
        <middleName />
        <identifiers>
          <lisID>2033</lisID>
          <gpoId>8015</gpoId>
          <bioguideId>L000576</bioguideId>
        </identifiers>
        <firstName>Billy</firstName>
        <party>R</party>
        <bioguideId>L000576</bioguideId>
        <sponsorshipDate>2017-02-28</sponsorshipDate>
        <sponsorshipWithdrawnDate />
        <state>MO</state>
        <lastName>Long</lastName>
        <isOriginalCosponsor>False</isOriginalCosponsor>
        <district>7</district>
      </item>
      <item>
        <fullName>Rep. Babin, Brian [R-TX-36]</fullName>
        <middleName />
        <identifiers>
          <lisID>2270</lisID>
          <gpoId />
          <bioguideId>B001291</bioguideId>
        </identifiers>
        <firstName>Brian</firstName>
        <party>R</party>
        <bioguideId>B001291</bioguideId>
        <sponsorshipDate>2017-02-28</sponsorshipDate>
        <sponsorshipWithdrawnDate />
        <state>TX</state>
        <lastName>Babin</lastName>
        <isOriginalCosponsor>False</isOriginalCosponsor>
        <district>36</district>
      </item>
      <item>
        <fullName>Rep. Weber, Randy K., Sr. [R-TX-14]</fullName>
        <middleName>K.</middleName>
        <identifiers>
          <bioguideId>W000814</bioguideId>
          <gpoId />
          <lisID>2161</lisID>
        </identifiers>
        <firstName>Randy</firstName>
        <party>R</party>
        <bioguideId>W000814</bioguideId>
        <sponsorshipDate>2017-02-28</sponsorshipDate>
        <sponsorshipWithdrawnDate />
        <state>TX</state>
        <lastName>Weber</lastName>
        <isOriginalCosponsor>False</isOriginalCosponsor>
        <district>14</district>
      </item>
      <item>
        <fullName>Rep. Mast, Brian J. [R-FL-18]</fullName>
        <middleName>J.</middleName>
        <identifiers>
          <lisID>2322</lisID>
          <gpoId />
          <bioguideId>M001199</bioguideId>
        </identifiers>
        <firstName>Brian</firstName>
        <party>R</party>
        <bioguideId>M001199</bioguideId>
        <sponsorshipDate>2017-02-28</sponsorshipDate>
        <sponsorshipWithdrawnDate />
        <state>FL</state>
        <lastName>Mast</lastName>
        <isOriginalCosponsor>False</isOriginalCosponsor>
        <district>18</district>
      </item>
      <item>
        <fullName>Rep. Granger, Kay [R-TX-12]</fullName>
        <middleName />
        <identifiers>
          <gpoId>8168</gpoId>
          <bioguideId>G000377</bioguideId>
          <lisID>1487</lisID>
        </identifiers>
        <firstName>KAY</firstName>
        <party>R</party>
        <bioguideId>G000377</bioguideId>
        <sponsorshipDate>2017-03-08</sponsorshipDate>
        <sponsorshipWithdrawnDate />
        <state>TX</state>
        <lastName>GRANGER</lastName>
        <isOriginalCosponsor>False</isOriginalCosponsor>
        <district>12</district>
      </item>
      <item>
        <fullName>Rep. Abraham, Ralph Lee [R-LA-5]</fullName>
        <middleName>Lee</middleName>
        <identifiers>
          <gpoId />
          <lisID>2244</lisID>
          <bioguideId>A000374</bioguideId>
        </identifiers>
        <firstName>Ralph</firstName>
        <party>R</party>
        <bioguideId>A000374</bioguideId>
        <sponsorshipDate>2017-03-08</sponsorshipDate>
        <sponsorshipWithdrawnDate />
        <state>LA</state>
        <lastName>Abraham</lastName>
        <isOriginalCosponsor>False</isOriginalCosponsor>
        <district>5</district>
      </item>
      <item>
        <fullName>Rep. Cook, Paul [R-CA-8]</fullName>
        <middleName />
        <identifiers>
          <gpoId />
          <bioguideId>C001094</bioguideId>
          <lisID>2103</lisID>
        </identifiers>
        <firstName>Paul</firstName>
        <party>R</party>
        <bioguideId>C001094</bioguideId>
        <sponsorshipDate>2017-03-08</sponsorshipDate>
        <sponsorshipWithdrawnDate />
        <state>CA</state>
        <lastName>Cook</lastName>
        <isOriginalCosponsor>False</isOriginalCosponsor>
        <district>8</district>
      </item>
      <item>
        <fullName>Rep. Ross, Dennis A. [R-FL-15]</fullName>
        <middleName>A.</middleName>
        <identifiers>
          <bioguideId>R000593</bioguideId>
          <gpoId>7884</gpoId>
          <lisID>2003</lisID>
        </identifiers>
        <firstName>Dennis</firstName>
        <party>R</party>
        <bioguideId>R000593</bioguideId>
        <sponsorshipDate>2017-03-08</sponsorshipDate>
        <sponsorshipWithdrawnDate />
        <state>FL</state>
        <lastName>Ross</lastName>
        <isOriginalCosponsor>False</isOriginalCosponsor>
        <district>15</district>
      </item>
      <item>
        <fullName>Rep. Cole, Tom [R-OK-4]</fullName>
        <middleName />
        <identifiers>
          <bioguideId>C001053</bioguideId>
          <gpoId>8112</gpoId>
          <lisID>1742</lisID>
        </identifiers>
        <firstName>Tom</firstName>
        <party>R</party>
        <bioguideId>C001053</bioguideId>
        <sponsorshipDate>2017-03-08</sponsorshipDate>
        <sponsorshipWithdrawnDate />
        <state>OK</state>
        <lastName>Cole</lastName>
        <isOriginalCosponsor>False</isOriginalCosponsor>
        <district>4</district>
      </item>
      <item>
        <fullName>Rep. Walz, Timothy J. [D-MN-1]</fullName>
        <middleName>J.</middleName>
        <identifiers>
          <lisID>1856</lisID>
          <gpoId>8001</gpoId>
          <bioguideId>W000799</bioguideId>
        </identifiers>
        <firstName>Timothy</firstName>
        <party>D</party>
        <bioguideId>W000799</bioguideId>
        <sponsorshipDate>2017-03-08</sponsorshipDate>
        <sponsorshipWithdrawnDate />
        <state>MN</state>
        <lastName>Walz</lastName>
        <isOriginalCosponsor>False</isOriginalCosponsor>
        <district>1</district>
      </item>
      <item>
        <fullName>Rep. Ryan, Tim [D-OH-13]</fullName>
        <middleName />
        <identifiers>
          <lisID>1756</lisID>
          <gpoId>8107</gpoId>
          <bioguideId>R000577</bioguideId>
        </identifiers>
        <firstName>TIM</firstName>
        <party>D</party>
        <bioguideId>R000577</bioguideId>
        <sponsorshipDate>2017-03-08</sponsorshipDate>
        <sponsorshipWithdrawnDate />
        <state>OH</state>
        <lastName>RYAN</lastName>
        <isOriginalCosponsor>False</isOriginalCosponsor>
        <district>13</district>
      </item>
      <item>
        <fullName>Rep. Visclosky, Peter J. [D-IN-1]</fullName>
        <middleName>J.</middleName>
        <identifiers>
          <bioguideId>V000108</bioguideId>
          <lisID>1188</lisID>
          <gpoId>7940</gpoId>
        </identifiers>
        <firstName>PETER</firstName>
        <party>D</party>
        <bioguideId>V000108</bioguideId>
        <sponsorshipDate>2017-03-15</sponsorshipDate>
        <sponsorshipWithdrawnDate />
        <state>IN</state>
        <lastName>VISCLOSKY</lastName>
        <isOriginalCosponsor>False</isOriginalCosponsor>
        <district>1</district>
      </item>
      <item>
        <fullName>Rep. Barr, Andy [R-KY-6]</fullName>
        <middleName />
        <identifiers>
          <lisID>2131</lisID>
          <gpoId />
          <bioguideId>B001282</bioguideId>
        </identifiers>
        <firstName>Andy</firstName>
        <party>R</party>
        <bioguideId>B001282</bioguideId>
        <sponsorshipDate>2017-03-21</sponsorshipDate>
        <sponsorshipWithdrawnDate />
        <state>KY</state>
        <lastName>Barr</lastName>
        <isOriginalCosponsor>False</isOriginalCosponsor>
        <district>6</district>
      </item>
      <item>
        <fullName>Rep. Faso, John J. [R-NY-19]</fullName>
        <middleName>J.</middleName>
        <identifiers>
          <bioguideId>F000464</bioguideId>
          <lisID>2343</lisID>
          <gpoId />
        </identifiers>
        <firstName>John</firstName>
        <party>R</party>
        <bioguideId>F000464</bioguideId>
        <sponsorshipDate>2017-03-29</sponsorshipDate>
        <sponsorshipWithdrawnDate />
        <state>NY</state>
        <lastName>Faso</lastName>
        <isOriginalCosponsor>False</isOriginalCosponsor>
        <district>19</district>
      </item>
      <item>
        <fullName>Rep. Rutherford, John H. [R-FL-4]</fullName>
        <middleName>H.</middleName>
        <identifiers>
          <lisID>2316</lisID>
          <gpoId />
          <bioguideId>R000609</bioguideId>
        </identifiers>
        <firstName>John</firstName>
        <party>R</party>
        <bioguideId>R000609</bioguideId>
        <sponsorshipDate>2017-03-29</sponsorshipDate>
        <sponsorshipWithdrawnDate />
        <state>FL</state>
        <lastName>Rutherford</lastName>
        <isOriginalCosponsor>False</isOriginalCosponsor>
        <district>4</district>
      </item>
      <item>
        <fullName>Rep. Duncan, Jeff [R-SC-3]</fullName>
        <middleName />
        <identifiers>
          <lisID>2057</lisID>
          <gpoId>8143</gpoId>
          <bioguideId>D000615</bioguideId>
        </identifiers>
        <firstName>Jeff</firstName>
        <party>R</party>
        <bioguideId>D000615</bioguideId>
        <sponsorshipDate>2017-03-29</sponsorshipDate>
        <sponsorshipWithdrawnDate />
        <state>SC</state>
        <lastName>Duncan</lastName>
        <isOriginalCosponsor>False</isOriginalCosponsor>
        <district>3</district>
      </item>
      <item>
        <fullName>Rep. Burgess, Michael C. [R-TX-26]</fullName>
        <middleName>C.</middleName>
        <identifiers>
          <gpoId>8182</gpoId>
          <lisID>1751</lisID>
          <bioguideId>B001248</bioguideId>
        </identifiers>
        <firstName>Michael</firstName>
        <party>R</party>
        <bioguideId>B001248</bioguideId>
        <sponsorshipDate>2017-04-04</sponsorshipDate>
        <sponsorshipWithdrawnDate />
        <state>TX</state>
        <lastName>Burgess</lastName>
        <isOriginalCosponsor>False</isOriginalCosponsor>
        <district>26</district>
      </item>
      <item>
        <fullName>Rep. Brat, Dave [R-VA-7]</fullName>
        <middleName />
        <identifiers>
          <bioguideId>B001290</bioguideId>
          <lisID>2203</lisID>
          <gpoId />
        </identifiers>
        <firstName>Dave</firstName>
        <party>R</party>
        <bioguideId>B001290</bioguideId>
        <sponsorshipDate>2017-04-04</sponsorshipDate>
        <sponsorshipWithdrawnDate />
        <state>VA</state>
        <lastName>Brat</lastName>
        <isOriginalCosponsor>False</isOriginalCosponsor>
        <district>7</district>
      </item>
      <item>
        <fullName>Rep. Reichert, David G. [R-WA-8]</fullName>
        <middleName>G.</middleName>
        <identifiers>
          <bioguideId>R000578</bioguideId>
          <gpoId>8212</gpoId>
          <lisID>1810</lisID>
        </identifiers>
        <firstName>David</firstName>
        <party>R</party>
        <bioguideId>R000578</bioguideId>
        <sponsorshipDate>2017-04-26</sponsorshipDate>
        <sponsorshipWithdrawnDate />
        <state>WA</state>
        <lastName>Reichert</lastName>
        <isOriginalCosponsor>False</isOriginalCosponsor>
        <district>8</district>
      </item>
      <item>
        <fullName>Rep. Valadao, David G. [R-CA-21]</fullName>
        <middleName>G.</middleName>
        <identifiers>
          <lisID>2105</lisID>
          <gpoId />
          <bioguideId>V000129</bioguideId>
        </identifiers>
        <firstName>David</firstName>
        <party>R</party>
        <bioguideId>V000129</bioguideId>
        <sponsorshipDate>2017-04-26</sponsorshipDate>
        <sponsorshipWithdrawnDate />
        <state>CA</state>
        <lastName>Valadao</lastName>
        <isOriginalCosponsor>False</isOriginalCosponsor>
        <district>21</district>
      </item>
      <item>
        <fullName>Rep. Poe, Ted [R-TX-2]</fullName>
        <middleName />
        <identifiers>
          <gpoId>8158</gpoId>
          <bioguideId>P000592</bioguideId>
          <lisID>1802</lisID>
        </identifiers>
        <firstName>Ted</firstName>
        <party>R</party>
        <bioguideId>P000592</bioguideId>
        <sponsorshipDate>2017-04-26</sponsorshipDate>
        <sponsorshipWithdrawnDate />
        <state>TX</state>
        <lastName>Poe</lastName>
        <isOriginalCosponsor>False</isOriginalCosponsor>
        <district>2</district>
      </item>
      <item>
        <fullName>Rep. Farenthold, Blake [R-TX-27]</fullName>
        <middleName />
        <identifiers>
          <gpoId>8183</gpoId>
          <lisID>2067</lisID>
          <bioguideId>F000460</bioguideId>
        </identifiers>
        <firstName>Blake</firstName>
        <party>R</party>
        <bioguideId>F000460</bioguideId>
        <sponsorshipDate>2017-04-27</sponsorshipDate>
        <sponsorshipWithdrawnDate />
        <state>TX</state>
        <lastName>Farenthold</lastName>
        <isOriginalCosponsor>False</isOriginalCosponsor>
        <district>27</district>
      </item>
      <item>
        <fullName>Rep. Biggs, Andy [R-AZ-5]</fullName>
        <middleName />
        <identifiers>
          <lisID>2307</lisID>
          <gpoId />
          <bioguideId>B001302</bioguideId>
        </identifiers>
        <firstName>Andy</firstName>
        <party>R</party>
        <bioguideId>B001302</bioguideId>
        <sponsorshipDate>2017-04-27</sponsorshipDate>
        <sponsorshipWithdrawnDate />
        <state>AZ</state>
        <lastName>Biggs</lastName>
        <isOriginalCosponsor>False</isOriginalCosponsor>
        <district>5</district>
      </item>
      <item>
        <fullName>Rep. Johnson, Bill [R-OH-6]</fullName>
        <middleName />
        <identifiers>
          <lisID>2046</lisID>
          <gpoId>8096</gpoId>
          <bioguideId>J000292</bioguideId>
        </identifiers>
        <firstName>Bill</firstName>
        <party>R</party>
        <bioguideId>J000292</bioguideId>
        <sponsorshipDate>2017-05-02</sponsorshipDate>
        <sponsorshipWithdrawnDate />
        <state>OH</state>
        <lastName>Johnson</lastName>
        <isOriginalCosponsor>False</isOriginalCosponsor>
        <district>6</district>
      </item>
      <item>
        <fullName>Rep. Mullin, Markwayne [R-OK-2]</fullName>
        <middleName />
        <identifiers>
          <lisID>2156</lisID>
          <gpoId />
          <bioguideId>M001190</bioguideId>
        </identifiers>
        <firstName>Markwayne</firstName>
        <party>R</party>
        <bioguideId>M001190</bioguideId>
        <sponsorshipDate>2017-05-11</sponsorshipDate>
        <sponsorshipWithdrawnDate />
        <state>OK</state>
        <lastName>Mullin</lastName>
        <isOriginalCosponsor>False</isOriginalCosponsor>
        <district>2</district>
      </item>
      <item>
        <fullName>Rep. LaMalfa, Doug [R-CA-1]</fullName>
        <middleName />
        <identifiers>
          <lisID>2100</lisID>
          <gpoId />
          <bioguideId>L000578</bioguideId>
        </identifiers>
        <firstName>Doug</firstName>
        <party>R</party>
        <bioguideId>L000578</bioguideId>
        <sponsorshipDate>2017-05-17</sponsorshipDate>
        <sponsorshipWithdrawnDate />
        <state>CA</state>
        <lastName>LaMalfa</lastName>
        <isOriginalCosponsor>False</isOriginalCosponsor>
        <district>1</district>
      </item>
      <item>
        <fullName>Rep. Kind, Ron [D-WI-3]</fullName>
        <middleName />
        <identifiers>
          <bioguideId>K000188</bioguideId>
          <gpoId>8216</gpoId>
          <lisID>1498</lisID>
        </identifiers>
        <firstName>RON</firstName>
        <party>D</party>
        <bioguideId>K000188</bioguideId>
        <sponsorshipDate>2017-07-12</sponsorshipDate>
        <sponsorshipWithdrawnDate />
        <state>WI</state>
        <lastName>KIND</lastName>
        <isOriginalCosponsor>False</isOriginalCosponsor>
        <district>3</district>
      </item>
      <item>
        <fullName>Rep. Tipton, Scott  R. [R-CO-3]</fullName>
        <middleName>R.</middleName>
        <identifiers>
          <lisID>1997</lisID>
          <gpoId>7861</gpoId>
          <bioguideId>T000470</bioguideId>
        </identifiers>
        <firstName>Scott</firstName>
        <party>R</party>
        <bioguideId>T000470</bioguideId>
        <sponsorshipDate>2017-08-04</sponsorshipDate>
        <sponsorshipWithdrawnDate />
        <state>CO</state>
        <lastName>Tipton</lastName>
        <isOriginalCosponsor>False</isOriginalCosponsor>
        <district>3</district>
      </item>
      <item>
        <fullName>Rep. Dunn, Neal P. [R-FL-2]</fullName>
        <middleName>P.</middleName>
        <identifiers>
          <bioguideId>D000628</bioguideId>
          <gpoId />
          <lisID>2315</lisID>
        </identifiers>
        <firstName>Neal</firstName>
        <party>R</party>
        <bioguideId>D000628</bioguideId>
        <sponsorshipDate>2017-10-04</sponsorshipDate>
        <sponsorshipWithdrawnDate />
        <state>FL</state>
        <lastName>Dunn</lastName>
        <isOriginalCosponsor>False</isOriginalCosponsor>
        <district>2</district>
      </item>
      <item>
        <fullName>Rep. Williams, Roger [R-TX-25]</fullName>
        <middleName />
        <identifiers>
          <gpoId />
          <lisID>2165</lisID>
          <bioguideId>W000816</bioguideId>
        </identifiers>
        <firstName>Roger</firstName>
        <party>R</party>
        <bioguideId>W000816</bioguideId>
        <sponsorshipDate>2017-10-10</sponsorshipDate>
        <sponsorshipWithdrawnDate />
        <state>TX</state>
        <lastName>Williams</lastName>
        <isOriginalCosponsor>False</isOriginalCosponsor>
        <district>25</district>
      </item>
      <item>
        <fullName>Rep. Lucas, Frank D. [R-OK-3]</fullName>
        <middleName>D.</middleName>
        <identifiers>
          <gpoId>8111</gpoId>
          <lisID>711</lisID>
          <bioguideId>L000491</bioguideId>
        </identifiers>
        <firstName>FRANK</firstName>
        <party>R</party>
        <bioguideId>L000491</bioguideId>
        <sponsorshipDate>2017-10-23</sponsorshipDate>
        <sponsorshipWithdrawnDate />
        <state>OK</state>
        <lastName>LUCAS</lastName>
        <isOriginalCosponsor>False</isOriginalCosponsor>
        <district>3</district>
      </item>
      <item>
        <fullName>Rep. Pittenger, Robert [R-NC-9]</fullName>
        <middleName />
        <identifiers>
          <gpoId />
          <lisID>2141</lisID>
          <bioguideId>P000606</bioguideId>
        </identifiers>
        <firstName>Robert</firstName>
        <party>R</party>
        <bioguideId>P000606</bioguideId>
        <sponsorshipDate>2017-10-23</sponsorshipDate>
        <sponsorshipWithdrawnDate />
        <state>NC</state>
        <lastName>Pittenger</lastName>
        <isOriginalCosponsor>False</isOriginalCosponsor>
        <district>9</district>
      </item>
      <item>
        <fullName>Rep. Vela, Filemon [D-TX-34]</fullName>
        <middleName />
        <identifiers>
          <lisID>2167</lisID>
          <gpoId />
          <bioguideId>V000132</bioguideId>
        </identifiers>
        <firstName>Filemon</firstName>
        <party>D</party>
        <bioguideId>V000132</bioguideId>
        <sponsorshipDate>2017-10-23</sponsorshipDate>
        <sponsorshipWithdrawnDate />
        <state>TX</state>
        <lastName>Vela</lastName>
        <isOriginalCosponsor>False</isOriginalCosponsor>
        <district>34</district>
      </item>
      <item>
        <fullName>Rep. Norman, Ralph [R-SC-5]</fullName>
        <middleName />
        <identifiers>
          <lisID>2361</lisID>
          <gpoId />
          <bioguideId>N000190</bioguideId>
        </identifiers>
        <firstName>Ralph</firstName>
        <party>R</party>
        <bioguideId>N000190</bioguideId>
        <sponsorshipDate>2017-10-31</sponsorshipDate>
        <sponsorshipWithdrawnDate />
        <state>SC</state>
        <lastName>Norman</lastName>
        <isOriginalCosponsor>False</isOriginalCosponsor>
        <district>5</district>
      </item>
      <item>
        <fullName>Rep. Rothfus, Keith J. [R-PA-12]</fullName>
        <middleName>J.</middleName>
        <identifiers>
          <lisID>2158</lisID>
          <gpoId />
          <bioguideId>R000598</bioguideId>
        </identifiers>
        <firstName>Keith</firstName>
        <party>R</party>
        <bioguideId>R000598</bioguideId>
        <sponsorshipDate>2018-02-14</sponsorshipDate>
        <sponsorshipWithdrawnDate />
        <state>PA</state>
        <lastName>Rothfus</lastName>
        <isOriginalCosponsor>False</isOriginalCosponsor>
        <district>12</district>
      </item>
      <item>
        <fullName>Rep. Allen, Rick W. [R-GA-12]</fullName>
        <middleName>W.</middleName>
        <identifiers>
          <gpoId />
          <lisID>2239</lisID>
          <bioguideId>A000372</bioguideId>
        </identifiers>
        <firstName>Rick</firstName>
        <party>R</party>
        <bioguideId>A000372</bioguideId>
        <sponsorshipDate>2018-02-23</sponsorshipDate>
        <sponsorshipWithdrawnDate />
        <state>GA</state>
        <lastName>Allen</lastName>
        <isOriginalCosponsor>False</isOriginalCosponsor>
        <district>12</district>
      </item>
      <item>
        <fullName>Rep. King, Peter T. [R-NY-2]</fullName>
        <middleName>T.</middleName>
        <identifiers>
          <lisID>635</lisID>
          <gpoId>8064</gpoId>
          <bioguideId>K000210</bioguideId>
        </identifiers>
        <firstName>PETER</firstName>
        <party>R</party>
        <bioguideId>K000210</bioguideId>
        <sponsorshipDate>2018-02-23</sponsorshipDate>
        <sponsorshipWithdrawnDate />
        <state>NY</state>
        <lastName>KING</lastName>
        <isOriginalCosponsor>False</isOriginalCosponsor>
        <district>2</district>
      </item>
      <item>
        <fullName>Rep. MacArthur, Thomas [R-NJ-3]</fullName>
        <middleName />
        <identifiers>
          <lisID>2258</lisID>
          <gpoId />
          <bioguideId>M001193</bioguideId>
        </identifiers>
        <firstName>Thomas</firstName>
        <party>R</party>
        <bioguideId>M001193</bioguideId>
        <sponsorshipDate>2018-03-05</sponsorshipDate>
        <sponsorshipWithdrawnDate />
        <state>NJ</state>
        <lastName>MacArthur</lastName>
        <isOriginalCosponsor>False</isOriginalCosponsor>
        <district>3</district>
      </item>
      <item>
        <fullName>Rep. Lofgren, Zoe [D-CA-19]</fullName>
        <middleName />
        <identifiers>
          <lisID>701</lisID>
          <gpoId>7821</gpoId>
          <bioguideId>L000397</bioguideId>
        </identifiers>
        <firstName>ZOE</firstName>
        <party>D</party>
        <bioguideId>L000397</bioguideId>
        <sponsorshipDate>2018-03-05</sponsorshipDate>
        <sponsorshipWithdrawnDate />
        <state>CA</state>
        <lastName>LOFGREN</lastName>
        <isOriginalCosponsor>False</isOriginalCosponsor>
        <district>19</district>
      </item>
      <item>
        <fullName>Rep. Hudson, Richard [R-NC-8]</fullName>
        <middleName />
        <identifiers>
          <bioguideId>H001067</bioguideId>
          <lisID>2140</lisID>
          <gpoId />
        </identifiers>
        <firstName>Richard</firstName>
        <party>R</party>
        <bioguideId>H001067</bioguideId>
        <sponsorshipDate>2018-03-20</sponsorshipDate>
        <sponsorshipWithdrawnDate />
        <state>NC</state>
        <lastName>Hudson</lastName>
        <isOriginalCosponsor>False</isOriginalCosponsor>
        <district>8</district>
      </item>
    </cosponsors>
    <createDate>2017-01-24T05:12:19Z</createDate>
    <subjects>
      <billSubjects>
        <policyArea>
          <name>Crime and Law Enforcement</name>
        </policyArea>
        <legislativeSubjects>
          <item>
            <name>Correctional facilities and imprisonment</name>
          </item>
          <item>
            <name>Firearms and explosives</name>
          </item>
          <item>
            <name>Law enforcement officers</name>
          </item>
        </legislativeSubjects>
      </billSubjects>
    </subjects>
    <amendments />
    <updateDate>2018-03-30T14:00:31Z</updateDate>
    <latestAction>
      <text>Ordered to be Reported by Voice Vote.</text>
      <actionDate>2017-04-27</actionDate>
      <links />
    </latestAction>
    <sponsors>
      <item>
        <fullName>Rep. McKinley, David B. [R-WV-1]</fullName>
        <middleName>B.</middleName>
        <party>R</party>
        <identifiers>
          <gpoId>8222</gpoId>
          <bioguideId>M001180</bioguideId>
          <lisID>2074</lisID>
        </identifiers>
        <state>WV</state>
        <firstName>David</firstName>
        <lastName>McKinley</lastName>
        <byRequestType />
        <bioguideId>M001180</bioguideId>
        <district>1</district>
      </item>
    </sponsors>
    <committeeReports />
    <recordedVotes />
    <originChamber>House</originChamber>
    <calendarNumbers />
    <congress>115</congress>
    <relatedBills>
      <item>
        <type>S</type>
        <number>1084</number>
        <latestAction>
          <actionDate>2017-05-10</actionDate>
          <text>Read twice and referred to the Committee on the Judiciary.</text>
        </latestAction>
        <congress>115</congress>
        <relationshipDetails>
          <item>
            <type>Related bill</type>
            <identifiedBy>CRS</identifiedBy>
          </item>
        </relationshipDetails>
        <latestTitle>Lieutenant Osvaldo Albarati Correctional Officer Self-Protection Act of 2017</latestTitle>
      </item>
      <item>
        <type>HR</type>
        <number>3356</number>
        <latestAction>
          <actionDate>2017-09-06</actionDate>
          <text>Referred to the Subcommittee on Crime, Terrorism, Homeland Security, and Investigations.</text>
        </latestAction>
        <congress>115</congress>
        <relationshipDetails>
          <item>
            <type>Related bill</type>
            <identifiedBy>CRS</identifiedBy>
          </item>
        </relationshipDetails>
        <latestTitle>Prison Reform and Redemption Act</latestTitle>
      </item>
      <item>
        <type>S</type>
        <number>1994</number>
        <latestAction>
          <actionDate>2017-10-19</actionDate>
          <text>Read twice and referred to the Committee on the Judiciary. (text of measure as introduced: CR S6646-6655)</text>
        </latestAction>
        <congress>115</congress>
        <relationshipDetails>
          <item>
            <type>Related bill</type>
            <identifiedBy>CRS</identifiedBy>
          </item>
        </relationshipDetails>
        <latestTitle>CORRECTIONS Act</latestTitle>
      </item>
    </relatedBills>
    <version>1.0.0</version>
    <committees>
      <billCommittees>
        <item>
          <activities>
            <item>
              <name>Markup by</name>
              <date>2017-04-27T20:42:01Z</date>
            </item>
            <item>
              <name>Referred to</name>
              <date>2017-01-23T17:01:05Z</date>
            </item>
          </activities>
          <systemCode>hsju00</systemCode>
          <name>Judiciary Committee</name>
          <subcommittees>
            <item>
              <name>Crime, Terrorism, Homeland Security, and Investigations Subcommittee</name>
              <systemCode>hsju08</systemCode>
              <activities>
                <item>
                  <name>Referred to</name>
                  <date>2017-02-08T21:36:05Z</date>
                </item>
              </activities>
            </item>
          </subcommittees>
          <type>Standing</type>
          <chamber>House</chamber>
        </item>
      </billCommittees>
    </committees>
    <cboCostEstimates>
      <item>
        <pubDate>2017-06-07T20:25:21Z</pubDate>
        <title>H.R. 613, Lieutenant Osvaldo Albarati Correctional Officer Self-Protection Act of 2017</title>
        <url>https://www.cbo.gov/publication/52792</url>
      </item>
    </cboCostEstimates>
    <billType>HR</billType>
    <notes />
    <title>Lieutenant Osvaldo Albarati Correctional Officer Self-Protection Act of 2017</title>
    <laws />
    <billNumber>613</billNumber>
    <actions>
      <item>
        <actionDate>2017-04-27</actionDate>
        <committee>
          <name>Judiciary Committee</name>
          <systemCode>hsju00</systemCode>
        </committee>
        <links />
        <sourceSystem>
          <name>House committee actions</name>
          <code>1</code>
        </sourceSystem>
        <text>Ordered to be Reported by Voice Vote.</text>
        <type>Committee</type>
      </item>
      <item>
        <actionDate>2017-04-27</actionDate>
        <committee>
          <name>Judiciary Committee</name>
          <systemCode>hsju00</systemCode>
        </committee>
        <links />
        <sourceSystem>
          <name>House committee actions</name>
          <code>1</code>
        </sourceSystem>
        <text>Committee Consideration and Mark-up Session Held.</text>
        <type>Committee</type>
      </item>
      <item>
        <actionDate>2017-02-08</actionDate>
        <committee>
          <name>Crime, Terrorism, Homeland Security, and Investigations Subcommittee</name>
          <systemCode>hsju08</systemCode>
        </committee>
        <links />
        <sourceSystem>
          <name>House committee actions</name>
          <code>1</code>
        </sourceSystem>
        <text>Referred to the Subcommittee on Crime, Terrorism, Homeland Security, and Investigations.</text>
        <type>Committee</type>
      </item>
      <item>
        <sourceSystem>
          <name>House floor actions</name>
          <code>2</code>
        </sourceSystem>
        <type>IntroReferral</type>
        <committee>
          <name>Judiciary Committee</name>
          <systemCode>hsju00</systemCode>
        </committee>
        <text>Referred to the House Committee on the Judiciary.</text>
        <actionCode>H11100</actionCode>
        <actionDate>2017-01-23</actionDate>
        <links />
      </item>
      <item>
        <sourceSystem>
          <name>Library of Congress</name>
          <code>9</code>
        </sourceSystem>
        <type>IntroReferral</type>
        <committee />
        <text>Introduced in House</text>
        <actionCode>Intro-H</actionCode>
        <actionDate>2017-01-23</actionDate>
        <links />
      </item>
      <item>
        <sourceSystem>
          <name>Library of Congress</name>
          <code>9</code>
        </sourceSystem>
        <type>IntroReferral</type>
        <committee />
        <text>Introduced in House</text>
        <actionCode>1000</actionCode>
        <actionDate>2017-01-23</actionDate>
        <links />
      </item>
      <actionTypeCounts>
        <introducedInTheHouse>1</introducedInTheHouse>
        <billReferrals>1</billReferrals>
        <placeholderTextForH>2</placeholderTextForH>
        <actionStageOverride>1</actionStageOverride>
        <introducedInHouse>1</introducedInHouse>
      </actionTypeCounts>
      <actionByCounts>
        <houseOfRepresentatives>6</houseOfRepresentatives>
      </actionByCounts>
    </actions>
    <titles>
      <item>
        <titleType>Short Titles as Introduced</titleType>
        <chamberCode />
        <chamberName />
        <parentTitleType />
        <title>Lieutenant Osvaldo Albarati Correctional Officer Self-Protection Act of 2017</title>
      </item>
      <item>
        <titleType>Official Title as Introduced</titleType>
        <chamberCode />
        <chamberName />
        <parentTitleType />
        <title>To amend title 18, United States Code, to require that the Director of the Bureau of Prisons ensure that each chief executive officer of a Federal penal or correctional institution provides a secure storage area located outside of the secure perimeter of the Federal penal or correctional institution for firearms carried by certain employees of the Bureau of Prisons, and for other purposes.</title>
      </item>
      <item>
        <titleType>Display Title</titleType>
        <chamberCode />
        <chamberName />
        <parentTitleType />
        <title>Lieutenant Osvaldo Albarati Correctional Officer Self-Protection Act of 2017</title>
      </item>
      <item>
        <titleType>(Extracted from GPO) Short Titles as Introduced</titleType>
        <chamberCode />
        <chamberName />
        <parentTitleType />
        <title>Lieutenant Osvaldo Albarati Correctional Officer Self-Protection Act of 2017</title>
      </item>
    </titles>
    <summaries>
      <billSummaries>
        <item>
          <text><![CDATA[<p><b>Lieutenant Osvaldo Albarati Correctional Officer Self-Protection Act of 2017</b></p> <p>This bill amends the federal criminal code to require the Bureau of Prisons (BOP) to allow a correctional officer at a federal prison or correctional institution to: (1) store firearms on BOP premises in a secure storage area outside the security perimeter of the institution or in a vehicle lockbox, and (2) carry a concealed firearm on BOP premises outside the security perimeter of the institution.</p> <ul> </ul>]]></text>
          <actionDesc>Introduced in House</actionDesc>
          <actionDate>2017-01-23</actionDate>
          <updateDate>2017-01-23T05:00:00Z</updateDate>
          <lastSummaryUpdateDate>2017-04-12T14:39:20Z</lastSummaryUpdateDate>
          <versionCode>00</versionCode>
          <name>Introduced in House</name>
        </item>
      </billSummaries>
    </summaries>
    <introducedDate>2017-01-23</introducedDate>
    <policyArea>
      <name>Crime and Law Enforcement</name>
    </policyArea>
    <constitutionalAuthorityStatementText><![CDATA[<pre>From the Congressional Record Online through the Government Publishing Office [<a href='http://www.gpo.gov'>www.gpo.gov</a>]By Mr. McKINLEY:H.R. 613.Congress has the power to enact this legislation pursuantto the following:According to Article I, Section 8, Clause 18 of theConstitution, ``To make all Laws which shall be necessary andproper for carrying into Execution the foregoing Powers, andall other Powers vested by this Constitution in theGovernment of the United States, or in any Department orOfficer thereof.''[Page H608]</pre>]]></constitutionalAuthorityStatementText>
  </bill>
  <dublinCore xmlns:dc="http://purl.org/dc/elements/1.1/">
    <dc:format>text/xml</dc:format>
    <dc:language>EN</dc:language>
    <dc:rights>Pursuant to Title 17 Section 105 of the United States Code, this file is not subject to copyright protection and is in the public domain.</dc:rights>
    <dc:contributor>Congressional Research Service, Library of Congress</dc:contributor>
    <dc:description>This file contains bill summaries and statuses for federal legislation. A bill summary describes the most significant provisions of a piece of legislation and details the effects the legislative text may have on current law and federal programs. Bill summaries are authored by the Congressional Research Service (CRS) of the Library of Congress. As stated in Public Law 91-510 (2 USC 166 (d)(6)), one of the duties of CRS is "to prepare summaries and digests of bills and resolutions of a public general nature introduced in the Senate or House of Representatives". For more information, refer to the User Guide that accompanies this file.</dc:description>
  </dublinCore>
</billStatus>

