<?xml version="1.0"?>
<?xml-stylesheet type="text/xsl" href="billres.xsl"?>
<!DOCTYPE bill PUBLIC "-//US Congress//DTDs/bill.dtd//EN" "bill.dtd">
<bill bill-stage="Introduced-in-Senate" bill-type="olc" dms-id="A1" public-private="public"><metadata xmlns:dc="http://purl.org/dc/elements/1.1/">
<dublinCore>
<dc:title>115 S673 IS: Savings for Servicemembers Act</dc:title>
<dc:publisher>U.S. Senate</dc:publisher>
<dc:date>2017-03-21</dc:date>
<dc:format>text/xml</dc:format>
<dc:language>EN</dc:language>
<dc:rights>Pursuant to Title 17 Section 105 of the United States Code, this file is not subject to copyright protection and is in the public domain.</dc:rights>
</dublinCore>
</metadata>
<form>
<distribution-code display="yes">II</distribution-code><congress>115th CONGRESS</congress><session>1st Session</session><legis-num>S. 673</legis-num><current-chamber>IN THE SENATE OF THE UNITED STATES</current-chamber><action><action-date date="20170321">March 21, 2017</action-date><action-desc><sponsor name-id="S311">Ms. Klobuchar</sponsor> (for herself, <cosponsor name-id="S384">Mr. Tillis</cosponsor>, <cosponsor name-id="S390">Mr. Van Hollen</cosponsor>, <cosponsor name-id="S369">Mr. Markey</cosponsor>, <cosponsor name-id="S362">Mr. Kaine</cosponsor>, <cosponsor name-id="S331">Mrs. Gillibrand</cosponsor>, and <cosponsor name-id="S366">Ms. Warren</cosponsor>) introduced the following bill; which was read twice and referred to the <committee-name committee-id="SSFI00">Committee on Finance</committee-name></action-desc></action><legis-type>A BILL</legis-type><official-title>To amend the Internal Revenue Code of 1986 to decrease the distance away from home required for a
			 member of a reserve component of the Armed Forces to be eligible for the
			 above-the-line deduction for travel expenses.</official-title></form>
	<legis-body display-enacting-clause="yes-display-enacting-clause" id="HF592A046861249A09D5F1CC3921EC85F" style="OLC">
 <section id="H5EE7A81BF292415F806976A46EF8ACAD" section-type="section-one"><enum>1.</enum><header>Short title</header><text display-inline="no-display-inline">This Act may be cited as the <quote><short-title>Savings for Servicemembers Act</short-title></quote>.</text> </section><section id="idF78CF0E0C1FF4AF5AE52784F052E3482" section-type="subsequent-section"><enum>2.</enum><header>Decrease in required distance away from home for above-the-line deduction for travel expenses of members of a reserve component of the Armed Forces</header> <subsection id="HCC4DD368492C4C1FB9A9BB12A0204CE4"><enum>(a)</enum><header>In general</header><text display-inline="yes-display-inline"><external-xref legal-doc="usc" parsable-cite="usc/26/62">Section 62(a)(2)(E)</external-xref> of the Internal Revenue Code of 1986 is amended by striking <quote>100 miles</quote> and inserting <quote>50 miles</quote>.</text>
 </subsection><subsection id="HBD08DB21C0294E93B82769C2C26BB9A7"><enum>(b)</enum><header>Effective date</header><text>The amendment made by this section shall apply to taxable years beginning after December 31, 2016.</text> </subsection></section></legis-body></bill> 

