<?xml version="1.0"?>
<?xml-stylesheet type="text/xsl" href="billres.xsl"?>
<!DOCTYPE bill PUBLIC "-//US Congress//DTDs/bill.dtd//EN" "bill.dtd">
<bill bill-stage="Introduced-in-Senate" dms-id="A1" public-private="public"><metadata xmlns:dc="http://purl.org/dc/elements/1.1/">
<dublinCore>
<dc:title>115 S201 IS: Protection of Military Airfields from Wind Turbine Encroachment Act</dc:title>
<dc:publisher>U.S. Senate</dc:publisher>
<dc:date>2017-01-24</dc:date>
<dc:format>text/xml</dc:format>
<dc:language>EN</dc:language>
<dc:rights>Pursuant to Title 17 Section 105 of the United States Code, this file is not subject to copyright protection and is in the public domain.</dc:rights>
</dublinCore>
</metadata>
<form>
<distribution-code display="yes">II</distribution-code><congress>115th CONGRESS</congress><session>1st Session</session><legis-num>S. 201</legis-num><current-chamber>IN THE SENATE OF THE UNITED STATES</current-chamber><action><action-date date="20170124">January 24, 2017</action-date><action-desc><sponsor name-id="S287">Mr. Cornyn</sponsor> (for himself and <cosponsor name-id="S355">Mr. Cruz</cosponsor>) introduced the following bill; which was read twice and referred to the <committee-name committee-id="SSFI00">Committee on Finance</committee-name></action-desc></action><legis-type>A BILL</legis-type><official-title>To amend the Internal Revenue Code of 1986 to ensure that new wind turbines located near certain
			 military installations are ineligible for the renewable electricity
			 production credit and the energy credit.</official-title></form>
	<legis-body display-enacting-clause="yes-display-enacting-clause">
 <section id="S1" section-type="section-one"><enum>1.</enum><header>Short title</header><text display-inline="no-display-inline">This Act may be cited as the <quote><short-title>Protection of Military Airfields from Wind Turbine Encroachment Act</short-title></quote>.</text> </section><section id="idBDAA44DC4E1A43BCA2C6201559F94334" section-type="subsequent-section"><enum>2.</enum><header>New wind turbines located near certain military installations</header> <subsection id="idBC63A8882E1D4774A9CAE719C751F5DE"><enum>(a)</enum><header>In general</header><text>Paragraph (1) of <external-xref legal-doc="usc" parsable-cite="usc/26/45">section 45(d)</external-xref> of the Internal Revenue Code of 1986 is amended by striking <quote>Such term</quote> and all that follows through the period and inserting the following:</text>
				<quoted-block display-inline="yes-display-inline" id="idCD9DE858D5D24394957336AF0B6DDF25" style="OLC">
 <text>Such term shall not include—</text><subparagraph id="id6BF546DEFBAC4CA78BE28CA2372BA0B9"><enum>(A)</enum><text>any facility with respect to which any qualified small wind energy property expenditure (as defined in subsection (d)(4) of section 25D) is taken into account in determining the credit under such section, or</text>
 </subparagraph><subparagraph id="id9FB2BDDC2E044AC194FF4844D01D7012"><enum>(B)</enum><text>any facility which is originally placed in service after the date of the enactment of the <short-title>Protection of Military Airfields from Wind Turbine Encroachment Act</short-title> and is located within a 30-mile radius of—</text>
 <clause id="idD38A93767B394CE4ACCC5B533EF24AC1"><enum>(i)</enum><text>an airfield or airbase under the jurisdiction of a military department which is in active use, or</text> </clause><clause id="id3808413EEDCE4982817C68212446797C"><enum>(ii)</enum><text>an air traffic control radar site, weather radar site, or aircraft navigation aid which is—</text>
 <subclause id="id4A5DA546F88544BBB3D822B56D7E2259"><enum>(I)</enum><text>owned or operated by the Department of Defense, and</text> </subclause><subclause id="id6D668BE444544471A65F3D38C34EB243"><enum>(II)</enum><text>a permanent land-based structure at a fixed location.</text></subclause></clause></subparagraph><after-quoted-block>.</after-quoted-block></quoted-block>
 </subsection><subsection id="idF022D40D0DD543C6AF6F64602467F88B"><enum>(b)</enum><header>Qualified small wind energy property</header><text>Paragraph (4) of <external-xref legal-doc="usc" parsable-cite="usc/26/48">section 48(c)</external-xref> of the Internal Revenue Code of 1986 is amended—</text> <paragraph id="idF17800D9D124498E85474EF925885590"><enum>(1)</enum><text>by redesignating subparagraph (C) as subparagraph (D), and</text>
 </paragraph><paragraph id="id7637ABC4D5694592AEA778694AB3D169"><enum>(2)</enum><text>by inserting after subparagraph (B) the following:</text> <quoted-block display-inline="no-display-inline" id="id72CD8821270C4772AF7444B2A2656B6D" style="OLC"> <subparagraph id="id0F05D63460484A08855063DCC3F8817B"><enum>(C)</enum><header>Exception</header><text>The term <term>qualifying small wind energy property</term> shall not include any property which is originally placed in service after the date of the enactment of the <short-title>Protection of Military Airfields from Wind Turbine Encroachment Act</short-title> and is located within a 30-mile radius of any property described in clause (i) or (ii) of section 45(d)(1)(B).</text></subparagraph><after-quoted-block>.</after-quoted-block></quoted-block>
 </paragraph></subsection><subsection id="idFF3C34AC60994410BB6EB9A7CB6A2442"><enum>(c)</enum><header>Effective date</header><text>The amendments made by this section shall apply to property placed in service after the date of the enactment of this Act.</text></subsection></section></legis-body></bill>


