<?xml version="1.0"?>
<?xml-stylesheet type="text/xsl" href="billres.xsl"?>
<!DOCTYPE bill PUBLIC "-//US Congress//DTDs/bill.dtd//EN" "bill.dtd">
<bill bill-stage="Introduced-in-Senate" dms-id="A1" public-private="public"><metadata xmlns:dc="http://purl.org/dc/elements/1.1/">
<dublinCore>
<dc:title>115 S612 IS: Udall Park Land Exchange Completion Act </dc:title>
<dc:publisher>U.S. Senate</dc:publisher>
<dc:date>2017-03-13</dc:date>
<dc:format>text/xml</dc:format>
<dc:language>EN</dc:language>
<dc:rights>Pursuant to Title 17 Section 105 of the United States Code, this file is not subject to copyright protection and is in the public domain.</dc:rights>
</dublinCore>
</metadata>
<form>
<distribution-code display="yes">II</distribution-code><congress>115th CONGRESS</congress><session>1st Session</session><legis-num>S. 612</legis-num><current-chamber>IN THE SENATE OF THE UNITED STATES</current-chamber><action><action-date date="20170313">March 13, 2017</action-date><action-desc><sponsor name-id="S358">Mr. Flake</sponsor> (for himself and <cosponsor name-id="S197">Mr. McCain</cosponsor>) introduced the following bill; which was read twice and referred to the <committee-name committee-id="SSEG00">Committee on Energy and Natural Resources</committee-name></action-desc></action><legis-type>A BILL</legis-type><official-title>To provide for the unencumbering of title to non-Federal land owned by the city of Tucson, Arizona,
			 for purposes of economic development by conveyance of the Federal
			 reversionary interest to the City.</official-title></form>
	<legis-body display-enacting-clause="yes-display-enacting-clause">
 <section id="S1" section-type="section-one"><enum>1.</enum><header>Short title</header><text display-inline="no-display-inline">This Act may be cited as the <quote><short-title>Udall Park Land Exchange Completion Act </short-title></quote>.</text>
 </section><section id="idC45F6E45BB1E4BEAA1F30250EE6B5075"><enum>2.</enum><header>Definitions</header><text display-inline="no-display-inline">In this Act:</text> <paragraph id="id078373CECA91466DB6471AC853F37041"><enum>(1)</enum><header>City</header><text>The term <quote>City</quote> means the city of Tucson, Arizona.</text>
 </paragraph><paragraph id="id247E024DC9BA46C2876CD77E8C8527B3"><enum>(2)</enum><header>Non-federal land</header><text>The term <quote>non-Federal land</quote> means the approximately 172.8-acre parcel of City land identified in the patent numbered 02–90–0001 and dated October 4, 1989, and more particularly described as lots 3 and 4, S<fraction>1/2</fraction>NW<fraction>1/4</fraction>, sec. 5, T.14S., R.15 E., Gila and Salt River Meridian, Arizona.</text>
 </paragraph><paragraph id="id26E24871D1F24946AA0824AE58CF0A5D"><enum>(3)</enum><header>Secretary</header><text>The term <term>Secretary</term> means the Secretary of the Interior.</text> </paragraph></section><section id="id0006BD8313EC42B1A067379E8EF9AC51"><enum>3.</enum><header>Conveyance of Federal reversionary interest in land located in Tucson, Arizona</header> <subsection id="id50ddf9b60de2407b8ae9d287656af07a"><enum>(a)</enum><header>In general</header><text>Notwithstanding any other provision of law, the Secretary shall convey to the City, without consideration, the reversionary interests of the United States in and to the non-Federal land for the purpose of unencumbering the title to the non-Federal land to enable economic development of the non-Federal land.</text>
			</subsection><subsection id="id54e66995ed70486ca7ae02cb95cbbcd3"><enum>(b)</enum><header>Legal
 descriptions</header><text>As soon as practicable after the date of enactment of this Act, the exact legal descriptions of the non-Federal land shall be determined in a manner satisfactory to the Secretary.</text>
			</subsection><subsection id="ide4bb1a300a584924996c4db60c893916"><enum>(c)</enum><header>Additional
 terms and conditions</header><text>The Secretary may require such additional terms and conditions to the conveyance under subsection (a), consistent with that subsection, as the Secretary considers appropriate to protect the interests of the United States.</text>
 </subsection><subsection commented="no" display-inline="no-display-inline" id="id41AD87D97FC64AE4B7C3836496EC3BD5"><enum>(d)</enum><header>Costs</header><text>The City shall pay all costs associated with the conveyance under subsection (a), consistent with that subsection, including the costs of any surveys, recording costs, and other reasonable costs.</text></subsection></section></legis-body></bill>


