<?xml version="1.0"?>
<?xml-stylesheet type="text/xsl" href="billres.xsl"?>
<!DOCTYPE bill PUBLIC "-//US Congress//DTDs/bill.dtd//EN" "bill.dtd">
<bill bill-stage="Reported-in-Senate" bill-type="olc" dms-id="A1" public-private="public"><metadata xmlns:dc="http://purl.org/dc/elements/1.1/">
<dublinCore>
<dc:title>115 S140 RS: To amend the White Mountain Apache Tribe Water Rights Quantification Act of 2010 to clarify the use of amounts in the WMAT Settlement Fund.</dc:title>
<dc:publisher>U.S. Senate</dc:publisher>
<dc:date>2017-01-12</dc:date>
<dc:format>text/xml</dc:format>
<dc:language>EN</dc:language>
<dc:rights>Pursuant to Title 17 Section 105 of the United States Code, this file is not subject to copyright protection and is in the public domain.</dc:rights>
</dublinCore>
</metadata>
<form>
<distribution-code display="yes">II</distribution-code><calendar>Calendar No. 20</calendar><congress>115th CONGRESS</congress><session>1st Session</session><legis-num>S. 140</legis-num><associated-doc role="report">[Report No. 115–7]</associated-doc><current-chamber>IN THE SENATE OF THE UNITED STATES</current-chamber><action><action-date date="20170112">January 12, 2017</action-date><action-desc><sponsor name-id="S358">Mr. Flake</sponsor> (for himself and <cosponsor name-id="S197">Mr. McCain</cosponsor>) introduced the following bill; which was read twice and referred to the <committee-name committee-id="SLIA00">Committee on Indian Affairs</committee-name></action-desc></action><action stage="Reported-in-Senate"><action-date>March 21, 2017</action-date><action-desc>Reported by <sponsor name-id="S344">Mr. Hoeven</sponsor>, without amendment</action-desc></action><legis-type>A BILL</legis-type><official-title>To amend the White Mountain Apache Tribe Water Rights Quantification Act of 2010 to clarify the use
			 of amounts in the WMAT Settlement Fund.</official-title></form>
	<legis-body display-enacting-clause="yes-display-enacting-clause" id="H05C34A419AFE400D9A143D10A704765F" style="OLC">
		<section commented="no" display-inline="no-display-inline" id="idA98F16E832CF49C094932DD139CEF88A" section-type="section-one"><enum>1.</enum><header display-inline="yes-display-inline">Use of funds in WMAT Settlement Fund for WMAT rural water system</header>
 <subsection commented="no" display-inline="no-display-inline" id="id7B912DBC6A694274AEFE50CC6D6D2AC8"><enum>(a)</enum><header display-inline="yes-display-inline">Authorization of WMAT rural water system</header><text display-inline="yes-display-inline">Section 307(a) of the White Mountain Apache Tribe Water Rights Quantification Act of 2010 (<external-xref legal-doc="public-law" parsable-cite="pl/111/291">Public Law 111–291</external-xref>; 124 Stat. 3080) is amended in the matter preceding paragraph (1) by inserting <quote>, (b)(2),</quote> after <quote>subsections (a)</quote>.</text>
 </subsection><subsection commented="no" display-inline="no-display-inline" id="idB0985783F8F74120BA00304C0E358436"><enum>(b)</enum><header display-inline="yes-display-inline">Funding</header><text display-inline="yes-display-inline">Section 312(b)(2)(C)(i)(III) of the White Mountain Apache Tribe Water Rights Quantification Act of 2010 (<external-xref legal-doc="public-law" parsable-cite="pl/111/291">Public Law 111–291</external-xref>; 124 Stat. 3093) is amended by striking the period at the end and inserting the following: <quote>, including the planning, design, and construction of the WMAT rural water system, in accordance with section 307(a).</quote>.</text></subsection></section></legis-body><endorsement><action-date>March 21, 2017</action-date><action-desc>Reported without amendment</action-desc></endorsement></bill>


