<?xml version="1.0"?>
<?xml-stylesheet type="text/xsl" href="billres.xsl"?>
<!DOCTYPE bill PUBLIC "-//US Congress//DTDs/bill.dtd//EN" "bill.dtd">
<bill bill-stage="Introduced-in-Senate" dms-id="A1" public-private="public"><metadata xmlns:dc="http://purl.org/dc/elements/1.1/">
<dublinCore>
<dc:title>115 S600 IS: Fairness in Federal Disaster Declarations Act of 2017</dc:title>
<dc:publisher>U.S. Senate</dc:publisher>
<dc:date>2017-03-09</dc:date>
<dc:format>text/xml</dc:format>
<dc:language>EN</dc:language>
<dc:rights>Pursuant to Title 17 Section 105 of the United States Code, this file is not subject to copyright protection and is in the public domain.</dc:rights>
</dublinCore>
</metadata>
<form>
<distribution-code display="yes">II</distribution-code><congress>115th CONGRESS</congress><session>1st Session</session><legis-num>S. 600</legis-num><current-chamber>IN THE SENATE OF THE UNITED STATES</current-chamber><action><action-date date="20170309">March 9, 2017</action-date><action-desc><sponsor name-id="S253">Mr. Durbin</sponsor> (for himself and <cosponsor name-id="S386">Ms. Duckworth</cosponsor>) introduced the following bill; which was read twice and referred to the <committee-name committee-id="SSGA00">Committee on Homeland Security and Governmental Affairs</committee-name></action-desc></action><legis-type>A BILL</legis-type><official-title>To require rulemaking by the Administrator of the Federal Emergency Management Agency to address
			 considerations in evaluating the need for public and individual disaster
			 assistance, and for other purposes. </official-title></form>
	<legis-body display-enacting-clause="yes-display-enacting-clause">
		<section id="S1" section-type="section-one"><enum>1.</enum><header>Short
 title</header><text display-inline="no-display-inline">This Act may be cited as the <quote><short-title>Fairness in Federal Disaster Declarations Act of 2017</short-title></quote>.</text>
		</section><section id="id9D471B7A8F2B44B8A1CC8172D85FFF20"><enum>2.</enum><header>Regulatory
			 action required</header>
			<subsection id="idF156986B97F14C5D89430D300CA2ED15"><enum>(a)</enum><header>In
 general</header><text>Not later than 120 days after the date of enactment of this Act, the Administrator of the Federal Emergency Management Agency (in this Act referred to as the <quote>Administrator</quote> and <quote>FEMA</quote>, respectively) shall amend the rules of the Administrator under section 206.48 of title 44, Code of Federal Regulations, as in effect on the date of enactment of this Act, in accordance with the provisions of this Act.</text>
			</subsection><subsection id="id6D436CB786204440B02B7A7258873CF1"><enum>(b)</enum><header>New criteria
 required</header><text>The amended rules issued under subsection (a) shall provide for the following:</text>
				<paragraph id="id5B0CB07C55644AE0805D4E901A856F70"><enum>(1)</enum><header>Public
 assistance program</header><text>Such rules shall provide that, with respect to the evaluation of the need for public assistance—</text>
 <subparagraph id="idC4F2FABA92A043838F343F694BDF382A"><enum>(A)</enum><text>specific weighted valuations shall be assigned to each criterion, as follows—</text>
 <clause id="idd490f2e5a06d4fc18a2d0e63d13d3b9f"><enum>(i)</enum><text>estimated cost of the assistance, 10 percent;</text>
 </clause><clause id="id92617e8318384991af87d4e9a48859c8"><enum>(ii)</enum><text>localized impacts, 40 percent;</text>
 </clause><clause id="id8482800ea3214772b08d62678ea249b5"><enum>(iii)</enum><text>insurance coverage in force, 10 percent;</text>
 </clause><clause id="idd5d6426ed4524d429f5272c3d9a125ff"><enum>(iv)</enum><text>hazard mitigation, 10 percent;</text>
 </clause><clause id="id3a6535a2fd4d48fdaac198a08b20caee"><enum>(v)</enum><text>recent multiple disasters, 10 percent;</text>
 </clause><clause id="idf702a2536df043a1adac8c6b0da69bb0"><enum>(vi)</enum><text>programs of other Federal assistance, 10 percent; and</text>
 </clause><clause id="idD4F238F1E9F24E04A184A30DCE660031"><enum>(vii)</enum><text>economic circumstances described in subparagraph (B), 10 percent; and</text>
 </clause></subparagraph><subparagraph id="id774ABA71748A42C78CB7BEC42B4AB01C"><enum>(B)</enum><text>FEMA shall consider the economic circumstances of—</text>
 <clause id="id84B853AEBE414C8A86DF7BF61F60A7A5"><enum>(i)</enum><text>the local economy of the affected area, including factors such as the local assessable tax base and local sales tax, the median income as it compares to that of the State, and the poverty rate as it compares to that of the State; and</text>
 </clause><clause id="id6579139AEBA948FB8CF24CEF24A562D8"><enum>(ii)</enum><text>the economy of the State, including factors such as the unemployment rate of the State, as compared to the national unemployment rate.</text>
						</clause></subparagraph></paragraph><paragraph id="id5E0A3DBD90014CC2AE21D2B37D6D800E"><enum>(2)</enum><header>Individual
 assistance program</header><text>Such rules shall provide that, with respect to the evaluation of the severity, magnitude, and impact of the disaster and the evaluation of the need for assistance to individuals—</text>
 <subparagraph id="idC6F9B1ED7641485C8D31EC1454496262"><enum>(A)</enum><text>specific weighted valuations shall be assigned to each criterion, as follows—</text>
 <clause id="id5DB0BE4A5E4C4CEAA2211520596A8219"><enum>(i)</enum><text>concentration of damages, 20 percent;</text>
 </clause><clause id="idBD7788A7F220487F93B8AAE15EB82108"><enum>(ii)</enum><text>trauma, 20 percent;</text>
 </clause><clause id="id35D420FC1AC5459EA161BED14004F878"><enum>(iii)</enum><text>special populations, 20 percent;</text>
 </clause><clause id="id0C1C7E67FECB417A81CDA80E5C7EA979"><enum>(iv)</enum><text>voluntary agency assistance, 10 percent;</text>
 </clause><clause id="idD00D58062C1D40979DEC44E1E5164E5B"><enum>(v)</enum><text>insurance, 20 percent;</text>
 </clause><clause id="id37A194978BFC497282EBDB686F203552"><enum>(vi)</enum><text>average amount of individual assistance by State, 5 percent; and</text>
 </clause><clause id="id8A70073021B0403AA321087BB41C7B24"><enum>(vii)</enum><text>economic considerations described in subparagraph (B), 5 percent; and</text>
 </clause></subparagraph><subparagraph commented="no" display-inline="no-display-inline" id="id2E60348931B94667A0E7CA5E740319E2"><enum>(B)</enum><text>FEMA shall consider the economic circumstances of the affected area, including factors such as the local assessable tax base and local sales tax, the median income as it compares to that of the State, and the poverty rate as it compares to that of the State.</text>
 </subparagraph></paragraph></subsection><subsection commented="no" display-inline="no-display-inline" id="id3255492DEB124AFBA87935A312B2FB12"><enum>(c)</enum><header>Effective date</header><text>The amended rules issued under subsection (a) shall apply to any disaster for which a Governor requested a major disaster declaration under the Robert T. Stafford Disaster Relief and Emergency Assistance Act (<external-xref legal-doc="usc" parsable-cite="usc/42/5121">42 U.S.C. 5121</external-xref> et seq.) and was denied on or after January 1, 2012.</text></subsection></section></legis-body></bill>


