<?xml version="1.0"?>
<?xml-stylesheet type="text/xsl" href="billres.xsl"?>
<!DOCTYPE bill PUBLIC "-//US Congress//DTDs/bill.dtd//EN" "bill.dtd">
<bill bill-stage="Introduced-in-Senate" dms-id="A1" public-private="public"><metadata xmlns:dc="http://purl.org/dc/elements/1.1/">
<dublinCore>
<dc:title>115 S351 IS: Comprehensive Student Achievement Information Act of 2017 </dc:title>
<dc:publisher>U.S. Senate</dc:publisher>
<dc:date>2017-02-13</dc:date>
<dc:format>text/xml</dc:format>
<dc:language>EN</dc:language>
<dc:rights>Pursuant to Title 17 Section 105 of the United States Code, this file is not subject to copyright protection and is in the public domain.</dc:rights>
</dublinCore>
</metadata>
<form>
<distribution-code display="yes">II</distribution-code><congress>115th CONGRESS</congress><session>1st Session</session><legis-num>S. 351</legis-num><current-chamber>IN THE SENATE OF THE UNITED STATES</current-chamber><action><action-date date="20170213">February 13, 2017</action-date><action-desc><sponsor name-id="S118">Mr. Hatch</sponsor> introduced the following bill; which was read twice and referred to the <committee-name committee-id="SSHR00">Committee on Health, Education, Labor, and Pensions</committee-name></action-desc></action><legis-type>A BILL</legis-type><official-title>To amend the Higher Education Act of 1965 to provide for comprehensive student achievement
			 information.</official-title></form>
	<legis-body>
 <section id="idB244D1C73F704558B887D87BF3A10485" section-type="section-one"><enum>1.</enum><header>Short title</header><text display-inline="no-display-inline">This Act may be cited as the <quote><short-title>Comprehensive Student Achievement Information Act of 2017 </short-title></quote>.</text> </section><section id="idAB17807F09D347A6BEF139C77F571316"><enum>2.</enum><header>Consumer information about completion or graduation times</header> <subsection id="idF6AF3DCBAAD14C648AE5E79275309160"><enum>(a)</enum><header>Transparency in college tuition for consumers</header><text>Section 132(i)(1)(J) of the Higher Education Act of 1965 (<external-xref legal-doc="usc" parsable-cite="usc/20/1015a">20 U.S.C. 1015a(i)(1)(J)</external-xref>) is amended to read as follows:</text>
				<quoted-block display-inline="no-display-inline" id="idA3D45C23A8654E26A15D8623C22F799E" style="OLC">
 <subparagraph id="idA0578D728F7D4FD890090888AA45A9FB"><enum>(J)</enum><clause commented="no" display-inline="yes-display-inline" id="id4835A56DE1EC4F0E812E204F9BC053D8"><enum>(i)</enum><text>For programs of study 4 years of length or longer—</text> <subclause id="id1ED67BBEF5EA4125BABAD93F25132429" indent="up1"><enum>(I)</enum><text>the percentages of first-time, full-time, degree- or certificate-seeking undergraduate students enrolled at the institution who obtain a degree or certificate within each of the times for completion or graduation described in subclauses (I) through (III) of clause (ii);</text>
 </subclause><subclause id="idFE900A67E6A64CEB87DF53629D3524F4" indent="up1"><enum>(II)</enum><text>the percentages of first-time, part-time, degree- or certificate-seeking undergraduate students enrolled at the institution who obtain a degree or certificate within each of the times for completion or graduation described in subclauses (I) through (III) of clause (ii);</text>
 </subclause><subclause id="id44464E7495BE4FD2A908C37935835878" indent="up1"><enum>(III)</enum><text>the percentages of non-first time, full-time, degree- or certificate-seeking undergraduate students enrolled at the institution who obtain a degree or certificate within each of the times for completion or graduation described in subclauses (I) through (III) of clause (ii); and</text>
 </subclause><subclause id="id2E6DE090C10942038A05082244313E36" indent="up1"><enum>(IV)</enum><text>the percentages of non-first-time, part-time, degree- or certificate-seeking undergraduate students enrolled at the institution who obtain a degree or certificate within each of the times for completion or graduation described in subclauses (I) through (III) of clause (ii).</text>
 </subclause></clause><clause id="id6A8136CDA813460AB5877ED17DCBA094" indent="up1"><enum>(ii)</enum><text>The times for completion or graduation described in clause (i) are—</text> <subclause id="idc50616070cb348cba6cbe18dab2c13a6"><enum>(I)</enum><text>the normal time for completion of, or graduation from, the student’s program;</text>
 </subclause><subclause id="idAB45EB7BC3C747A099A224E1485B4133"><enum>(II)</enum><text>150 percent of the normal time for completion of, or graduation from, the student’s program; and</text> </subclause><subclause id="id77DC24BE6DD14503AD942D3914562682"><enum>(III)</enum><text>200 percent of the normal time for completion of, or graduation from, the student’s program.</text>
 </subclause></clause><clause id="idA83940C71A2E48FE8A049502E3BE239E" indent="up1"><enum>(iii)</enum><text>For programs of study less than 4 years—</text> <subclause id="idB7F17512AD32472ABDF81E0631BDF3B7"><enum>(I)</enum><text>the percentages of first-time, full-time, degree- or certificate-seeking undergraduate students enrolled at the institution who obtain a degree or certificate within each of the times for completion or graduation described in subclauses (I) through (III) of clause (iv);</text>
 </subclause><subclause id="id3399C16615154311B3A0757AB6449BC9"><enum>(II)</enum><text>the percentages of first-time, part-time, degree- or certificate-seeking undergraduate students enrolled at the institution who obtain a degree or certificate within each of the times for completion or graduation described in subclauses (I) through (III) of clause (iv);</text>
 </subclause><subclause id="idC83789692EE04C2B8BC563239E7E9522"><enum>(III)</enum><text>the percentages of non-first-time, full-time, degree- or certificate-seeking undergraduate students enrolled at the institution who obtain a degree or certificate within each of the times for completion or graduation described in subclauses (I) through (III) of clause (iv); and</text>
 </subclause><subclause id="idBAE833CECACF414DA6FF45B6A7614C2A"><enum>(IV)</enum><text>the percentages of non-first-time, part-time, degree- or certificate-seeking undergraduate students enrolled at the institution who obtain a degree or certificate within each of the times for completion or graduation described in subclauses (I) through (III) of clause (iv).</text>
 </subclause></clause><clause id="id53E7F6D475EB4CDC847DABF89DD0A840" indent="up1"><enum>(iv)</enum><text>The times for completion or graduation described in clause (iii) are—</text> <subclause id="id20A6239CAA7F4BFC839F91720F87C185"><enum>(I)</enum><text>the normal time for completion of, or graduation from, the student’s program;</text>
 </subclause><subclause id="id21EDDADACB6B4B8AAA38FBE52522E02C"><enum>(II)</enum><text>150 percent of the normal time for completion of, or graduation from, the student’s program; and</text> </subclause><subclause id="id5E4B057ABFF54455985887AFF046B858"><enum>(III)</enum><text>300 percent of the normal time for completion of, or graduation from, the student’s program.</text>
 </subclause></clause><clause id="idE80F2CCA0B364700B7CD374FAD8A96D2" indent="up1"><enum>(v)</enum><text>In making publicly available the percentages described in this subparagraph, the Secretary shall display each percentage in a consistent manner and with equal visibility.</text></clause></subparagraph><after-quoted-block>.</after-quoted-block></quoted-block>
 </subsection><subsection id="idAF7FB9A72AC74FA08EA58B0DAC84A2C7"><enum>(b)</enum><header>Institutional and financial assistance information for students</header><text>Section 485(a)(1)(L) of the Higher Education Act of 1965 (<external-xref legal-doc="usc" parsable-cite="usc/20/1092">20 U.S.C. 1092(a)(1)(L)</external-xref>) is amended to read as follows:</text>
				<quoted-block display-inline="no-display-inline" id="ide7eb74261a3e41a88e1f47ee4779dd0d" style="OLC">
 <subclause id="id54b08a5e14064c9e87cb1c05b04d7a59"><enum>(L)</enum><text>the completion or graduation rates described in section 132(i)(1)(J);</text></subclause><after-quoted-block>.</after-quoted-block></quoted-block></subsection></section></legis-body></bill> 

