<?xml version="1.0"?>
<?xml-stylesheet type="text/xsl" href="billres.xsl"?>
<!DOCTYPE bill PUBLIC "-//US Congress//DTDs/bill.dtd//EN" "bill.dtd">
<bill bill-stage="Introduced-in-Senate" bill-type="olc" dms-id="A1" public-private="public"><metadata xmlns:dc="http://purl.org/dc/elements/1.1/">
<dublinCore>
<dc:title>115 S619 IS: Physical Therapist Workforce and Patient Access Act of 2017</dc:title>
<dc:publisher>U.S. Senate</dc:publisher>
<dc:date>2017-03-14</dc:date>
<dc:format>text/xml</dc:format>
<dc:language>EN</dc:language>
<dc:rights>Pursuant to Title 17 Section 105 of the United States Code, this file is not subject to copyright protection and is in the public domain.</dc:rights>
</dublinCore>
</metadata>
<form>
<distribution-code display="yes">II</distribution-code><congress>115th CONGRESS</congress><session>1st Session</session><legis-num>S. 619</legis-num><current-chamber>IN THE SENATE OF THE UNITED STATES</current-chamber><action><action-date date="20170314">March 14, 2017</action-date><action-desc><sponsor name-id="S314">Mr. Tester</sponsor> (for himself and <cosponsor name-id="S318">Mr. Wicker</cosponsor>) introduced the following bill; which was read twice and referred to the <committee-name committee-id="SSHR00">Committee on Health, Education, Labor, and Pensions</committee-name></action-desc></action><legis-type>A BILL</legis-type><official-title>To amend the Public Health Service Act to provide for the participation of physical therapists in
			 the National Health Service Corps Loan Repayment Program, and for other
			 purposes.</official-title></form>
	<legis-body display-enacting-clause="yes-display-enacting-clause" id="H0DE2F9DD7EF84BCF9C75FD527D82B422" style="OLC">
 <section id="HA8670747E50049888E01F6702029FE67" section-type="section-one"><enum>1.</enum><header>Short title</header><text display-inline="no-display-inline">This Act may be cited as the <quote><short-title>Physical Therapist Workforce and Patient Access Act of 2017</short-title></quote>.</text> </section><section id="HB379323A7668445389C11B0034094702"><enum>2.</enum><header>National Health Service Corps; participation of physical therapists in loan repayment program</header> <subsection id="HA78B7B0CBBAB45A3B888E752CBC86F57"><enum>(a)</enum><header>Mission of corps; definition of primary health services</header><text>Section 331(a)(3)(D) of the Public Health Service Act (<external-xref legal-doc="usc" parsable-cite="usc/42/254d">42 U.S.C. 254d(a)(3)(D)</external-xref>) is amended by striking <quote>or mental health,</quote> and inserting <quote>mental health, or physical therapy,</quote>.</text>
 </subsection><subsection id="HB526D6352EC044C18E6997F69CE1FCAA"><enum>(b)</enum><header>Loan repayment program</header><text>Section 338B of the Public Health Service Act (<external-xref legal-doc="usc" parsable-cite="usc/42/254l-1">42 U.S.C. 254l–1</external-xref>) is amended—</text> <paragraph id="H96F9211D11D84043B8EDBC4BAEEF7D13"><enum>(1)</enum><text>in subsection (a)(1), by striking <quote>and physician assistants;</quote> and inserting <quote>physician assistants, and physical therapists;</quote>; and</text>
 </paragraph><paragraph id="H26A0EF1D21EF432CA52908EB8884D7E9"><enum>(2)</enum><text>in subsection (b)(1)—</text> <subparagraph id="HC86FE0BE1866428B9699414D4188926D"><enum>(A)</enum><text>in subparagraph (A), by inserting before the semicolon the following: <quote>, or have a doctoral or master's degree in physical therapy</quote>;</text>
 </subparagraph><subparagraph id="H418EFFA9CA80434E9CEC63104D39860E"><enum>(B)</enum><text>in subparagraph (B), by inserting <quote>physical therapy,</quote> after <quote>mental health,</quote>; and</text> </subparagraph><subparagraph id="H451E1590BB2B4AE7AF972985D75B9344"><enum>(C)</enum><text>in subparagraph (C)(ii), by inserting <quote>physical therapy,</quote> after <quote>dentistry,</quote>.</text></subparagraph></paragraph></subsection></section></legis-body></bill>


