<?xml version="1.0"?>
<?xml-stylesheet type="text/xsl" href="billres.xsl"?>
<!DOCTYPE bill PUBLIC "-//US Congress//DTDs/bill.dtd//EN" "bill.dtd">
<bill bill-stage="Introduced-in-Senate" dms-id="A1" public-private="public"><metadata xmlns:dc="http://purl.org/dc/elements/1.1/">
<dublinCore>
<dc:title>115 S490 IS: To reinstate and extend the deadline for commencement of construction of a hydroelectric project involving the Gibson Dam.</dc:title>
<dc:publisher>U.S. Senate</dc:publisher>
<dc:date>2017-03-02</dc:date>
<dc:format>text/xml</dc:format>
<dc:language>EN</dc:language>
<dc:rights>Pursuant to Title 17 Section 105 of the United States Code, this file is not subject to copyright protection and is in the public domain.</dc:rights>
</dublinCore>
</metadata>
<form>
<distribution-code display="yes">II</distribution-code><congress>115th CONGRESS</congress><session>1st Session</session><legis-num>S. 490</legis-num><current-chamber>IN THE SENATE OF THE UNITED STATES</current-chamber><action><action-date date="20170302">March 2, 2017</action-date><action-desc><sponsor name-id="S375">Mr. Daines</sponsor> (for himself, <cosponsor name-id="S314">Mr. Tester</cosponsor>, and <cosponsor name-id="S323">Mr. Risch</cosponsor>) introduced the following bill; which was read twice and referred to the <committee-name committee-id="SSEG00">Committee on Energy and Natural Resources</committee-name></action-desc></action><legis-type>A BILL</legis-type><official-title>To reinstate and extend the deadline for commencement of construction of a hydroelectric project
			 involving the
			 Gibson Dam.</official-title></form>
	<legis-body>
		<section id="idB0ECA2AD6DB54ABDBFB89AE11139AAA7" section-type="section-one"><enum>1.</enum><header>Reinstatement and extension of time for Federal Energy Regulatory Commission project involving
			 Gibson Dam</header>
 <text display-inline="no-display-inline">Notwithstanding the time period specified in section 13 of the Federal Power Act (<external-xref legal-doc="usc" parsable-cite="usc/16/806">16 U.S.C. 806</external-xref>) that would otherwise apply to the Federal Energy Regulatory Commission project numbered 12478–003, the Federal Energy Regulatory Commission (referred to in this section as the <quote>Commission</quote>) shall, at the request of the licensee for the project, after reasonable notice, and in accordance with the good faith, due diligence, and public interest requirements of, and the procedures of the Commission under, that section, reinstate the license and extend the time period during which the licensee is required to commence construction of the project for the 6-year period that begins on the date of enactment of this Act.</text>
		</section></legis-body></bill>


