<?xml version="1.0"?>
<?xml-stylesheet type="text/xsl" href="billres.xsl"?>
<!DOCTYPE bill PUBLIC "-//US Congress//DTDs/bill.dtd//EN" "bill.dtd">
<bill bill-stage="Introduced-in-Senate" bill-type="olc" dms-id="A1" public-private="public"><metadata xmlns:dc="http://purl.org/dc/elements/1.1/">
<dublinCore>
<dc:title>115 S644 IS: Medgar Evers House Study Act</dc:title>
<dc:publisher>U.S. Senate</dc:publisher>
<dc:date>2017-03-15</dc:date>
<dc:format>text/xml</dc:format>
<dc:language>EN</dc:language>
<dc:rights>Pursuant to Title 17 Section 105 of the United States Code, this file is not subject to copyright protection and is in the public domain.</dc:rights>
</dublinCore>
</metadata>
<form>
<distribution-code display="yes">II</distribution-code><congress>115th CONGRESS</congress><session>1st Session</session><legis-num>S. 644</legis-num><current-chamber>IN THE SENATE OF THE UNITED STATES</current-chamber><action><action-date date="20170315">March 15, 2017</action-date><action-desc><sponsor name-id="S136">Mr. Cochran</sponsor> (for himself and <cosponsor name-id="S318">Mr. Wicker</cosponsor>) introduced the following bill; which was read twice and referred to the <committee-name committee-id="SSEG00">Committee on Energy and Natural Resources</committee-name></action-desc></action><legis-type>A BILL</legis-type><official-title>To authorize the Secretary of the Interior to conduct a special resource study of the Medgar Evers
			 House, located in Jackson, Mississippi, and for other purposes.</official-title></form>
	<legis-body display-enacting-clause="yes-display-enacting-clause" id="HBBBBBB2FD8D841038A9DEEF96BD82A13" style="OLC">
 <section id="H7E08F0B294AC470DAA0D4642B6B92EAA" section-type="section-one"><enum>1.</enum><header>Short title</header><text display-inline="no-display-inline">This Act may be cited as the <quote><short-title>Medgar Evers House Study Act</short-title></quote>.</text> </section><section id="HC5E75321A3894A9C9E60EDD84F9AA19D"><enum>2.</enum><header>Special resource study</header> <subsection id="H639FB1439F2A457083100A34F6E447CA"><enum>(a)</enum><header>Study</header><text>The Secretary of the Interior (referred to in this section as the <quote>Secretary</quote>) shall conduct a special resource study of the home of the late civil rights activist Medgar Evers, located at 2332 Margaret Walker Alexander Drive in Jackson, Mississippi.</text>
 </subsection><subsection id="H09C7A2B2438041F084AA15279CB5442F"><enum>(b)</enum><header>Contents</header><text>In conducting the study under subsection (a), the Secretary shall—</text> <paragraph id="HFCAE3DE2A41E48C1A7192FBC29FBCBB4"><enum>(1)</enum><text>evaluate the national significance of the site;</text>
 </paragraph><paragraph id="HF85AE4AA626E42F498219DBE8E30F20D"><enum>(2)</enum><text>determine the suitability and feasibility of designating the site as a unit of the National Park System;</text>
 </paragraph><paragraph id="HDAE622E93ED04393846E6B72472BC2E3"><enum>(3)</enum><text>consider other alternatives for preservation, protection, and interpretation of the site by Federal, State, or local governmental entities, or private and nonprofit organizations;</text>
 </paragraph><paragraph id="HE443840CC6B44DFFA61C94581C16A76D"><enum>(4)</enum><text>consult with interested Federal, State, or local governmental entities, private and nonprofit organizations or any other interested individuals;</text>
 </paragraph><paragraph id="HE7EB42A383A642828396C6F603BA5B4F"><enum>(5)</enum><text>determine the effect of the designation of the site as a unit of the National Park System on existing commercial and recreational uses, and the effect on State and local governments to manage those activities;</text>
 </paragraph><paragraph id="H8ACF6A3BB2F747C7B11DA7BBD0B791A6"><enum>(6)</enum><text>identify any authorities, including condemnation, that will compel or permit the Secretary to influence or participate in local land use decisions (such as zoning) or place restrictions on non-Federal land if the site is designated a unit of the National Park System; and</text>
 </paragraph><paragraph id="HA2CD4C6D350343B49B930ECE0E108856"><enum>(7)</enum><text>identify cost estimates for any Federal acquisition, development, interpretation, operation, and maintenance associated with the alternatives.</text>
 </paragraph></subsection><subsection id="HCC1A1E373DC4411BA1BC41B5050013DA"><enum>(c)</enum><header>Applicable law</header><text>The study required under subsection (a) shall be conducted in accordance with section 100507 of title 54, United States Code.</text>
 </subsection><subsection id="HFBEF28BBFA1F441A8428471CD39C1504"><enum>(d)</enum><header>Study results</header><text>Not later than 3 years after the date on which funds are first made available for the study under subsection (a), the Secretary shall submit to the Committee on Natural Resources of the House of Representatives and the Committee on Energy and Natural Resources of the Senate the results of the study and any conclusions and recommendations of the Secretary.</text></subsection></section></legis-body></bill>


