<?xml version="1.0"?>
<?xml-stylesheet type="text/xsl" href="billres.xsl"?>
<!DOCTYPE bill PUBLIC "-//US Congress//DTDs/bill.dtd//EN" "bill.dtd">
<bill bill-stage="Introduced-in-Senate" bill-type="olc" dms-id="A1" public-private="public"><metadata xmlns:dc="http://purl.org/dc/elements/1.1/">
<dublinCore>
<dc:title>115 S705 IS: Child Protection Improvements Act of 2017</dc:title>
<dc:publisher>U.S. Senate</dc:publisher>
<dc:date>2017-03-23</dc:date>
<dc:format>text/xml</dc:format>
<dc:language>EN</dc:language>
<dc:rights>Pursuant to Title 17 Section 105 of the United States Code, this file is not subject to copyright protection and is in the public domain.</dc:rights>
</dublinCore>
</metadata>
<form>
<distribution-code display="yes">II</distribution-code><congress>115th CONGRESS</congress><session>1st Session</session><legis-num>S. 705</legis-num><current-chamber>IN THE SENATE OF THE UNITED STATES</current-chamber><action><action-date date="20170323">March 23, 2017</action-date><action-desc><sponsor name-id="S118">Mr. Hatch</sponsor> (for himself, <cosponsor name-id="S332">Mr. Franken</cosponsor>, <cosponsor name-id="S342">Mr. Blunt</cosponsor>, and <cosponsor name-id="S311">Ms. Klobuchar</cosponsor>) introduced the following bill; which was read twice and referred to the <committee-name committee-id="SSJU00">Committee on the Judiciary</committee-name></action-desc></action><legis-type>A BILL</legis-type><official-title>To amend the National Child Protection Act of 1993 to establish a national criminal history
			 background check system and criminal history review program for certain
			 individuals who, related to their employment, have access to children, the
			 elderly, or individuals with disabilities, and for other purposes.</official-title></form>
	<legis-body display-enacting-clause="yes-display-enacting-clause" id="H43B81A2AB17E499BA8742FF9EEB56BBF" style="OLC">
 <section id="idD7C8AD166489424589FA69EB8AE1C5CE" section-type="section-one"><enum>1.</enum><header>Short title</header><text display-inline="no-display-inline">This Act may be cited as the <quote><short-title>Child Protection Improvements Act of 2017</short-title></quote>.</text> </section><section id="HB6F8D640B2F84BE7B9BC54FB8489F91A"><enum>2.</enum><header>National Criminal History Background Check and Criminal History Review Program</header><text display-inline="no-display-inline">The National Child Protection Act of 1993 (<external-xref legal-doc="usc" parsable-cite="usc/42/5119">42 U.S.C. 5119</external-xref> et seq.) is amended—</text>
 <paragraph id="H3B601B1166844DBD9A496123BC7750F5"><enum>(1)</enum><text>in section 3 (<external-xref legal-doc="usc" parsable-cite="usc/42/5119a">42 U.S.C. 5119a</external-xref>)—</text> <subparagraph id="HAFBBA6580D16453BA4E0392EA66BFF29"><enum>(A)</enum><text>by striking <quote>provider</quote> each place it appears and inserting <quote>covered individual</quote>;</text>
 </subparagraph><subparagraph id="idAA1C063AE56047E7941259DD9C224236"><enum>(B)</enum><text>by striking <quote>provider's</quote> each place it appears and inserting <quote>covered individual's</quote>;</text> </subparagraph><subparagraph id="HD3FC1DE5C0EA406199F832EE5EEC5787"><enum>(C)</enum><text>by amending subsection (a)(3) to read as follows:</text>
					<quoted-block display-inline="no-display-inline" id="HB7ECF6154FFC4C27A44401FDFCD0FE74" style="OLC">
 <paragraph id="H97377343D93849929E9B0829B6129EAA"><enum>(3)</enum><subparagraph commented="no" display-inline="yes-display-inline" id="HE95148DE51764DC7A443F7887B6CFBE2"><enum>(A)</enum><text>The Attorney General shall establish a program, in accordance with this section, to provide qualified entities located in States that do not have in effect procedures described in paragraph (1), or qualified entities located in States that do not prohibit the use of the program established under this paragraph, with access to national criminal history background checks on, and criminal history reviews of, covered individuals.</text>
 </subparagraph><subparagraph id="H65EFAEC7CE2347F980A66D9486B6687C" indent="up1"><enum>(B)</enum><text>A qualified entity described in subparagraph (A) may submit to the appropriate designated entity a request for a national criminal history background check on, and a criminal history review of, a covered individual. Qualified entities making a request under this paragraph shall comply with the guidelines set forth in subsection (b), and with any additional applicable procedures set forth by the Attorney General or by the State in which the entity is located.</text></subparagraph></paragraph><after-quoted-block>; </after-quoted-block></quoted-block>
 </subparagraph><subparagraph id="HBCE5F9A12C3148C0AE097214E74D9D7A"><enum>(D)</enum><text>in subsection (b)—</text> <clause id="H212703001B8B48998AD89C2629D4BFCD"><enum>(i)</enum><text>in paragraph (1)(E), by striking <quote>unsupervised</quote>;</text>
 </clause><clause id="HBAD3A2BDB20845738EC4C8E923ABE913"><enum>(ii)</enum><text>in paragraph (2)—</text> <subclause id="HFA43D791553140D98A828229083F8E95"><enum>(I)</enum><text>by redesignating subparagraphs (A) and (B) as clauses (i) and (ii), respectively;</text>
 </subclause><subclause id="H87E7CC6FB29A484F83DD777609B3354C"><enum>(II)</enum><text>in the matter preceding clause (i), as so redesignated, by striking <quote>that each covered individual who is the subject of a background check</quote> and inserting <quote><header-in-text level="subparagraph" style="OLC"><enum-in-header>(A) </enum-in-header></header-in-text>that each covered individual who is the subject of a background check conducted pursuant to the procedures established pursuant to subsection (a)(1)</quote>; and</text>
 </subclause><subclause id="HA50396C2C52F48C6913613F46B154445"><enum>(III)</enum><text>by adding at the end the following:</text> <quoted-block display-inline="no-display-inline" id="H7FF7940366EE4EA8BA15DD49084B2D50" style="OLC"> <subparagraph id="H05A31ADEF7DE45288B62579194733927"><enum>(B)</enum><text display-inline="yes-display-inline">that each covered individual who is the subject of a national criminal history background check and criminal history review conducted pursuant to the procedures established pursuant to subsection (a)(3) is entitled to challenge the accuracy and completeness of any information in the criminal history record of the individual by contacting the Federal Bureau of Investigation under the procedure set forth in section 16.34 of title 28, Code of Federal Regulations, or any successor thereto.</text></subparagraph><after-quoted-block>; </after-quoted-block></quoted-block>
 </subclause></clause><clause id="H1A03A06BDB374E77908F75AB266CD27B"><enum>(iii)</enum><text display-inline="yes-display-inline">in paragraph (3), insert after <quote>authorized agency</quote> the following: <quote>or designated entity, as applicable,</quote>; and</text> </clause><clause id="HE17E88F417124AD2869CC2DB8E24C94D"><enum>(iv)</enum><text display-inline="yes-display-inline">in paragraph (4), insert after <quote>authorized agency</quote> the following: <quote>or designated entity, as applicable,</quote>;</text>
 </clause></subparagraph><subparagraph id="H8A6D4E571E224F978C85848828D76F04"><enum>(E)</enum><text>in subsection (d), insert after <quote>officer or employee thereof,</quote> the following: <quote>, nor shall any designated entity nor any officer or employee thereof,</quote>;</text> </subparagraph><subparagraph id="H051AB76E908947A8BAC0AB8CF9C6E9C8"><enum>(F)</enum><text>by amending subsection (e) to read as follows:</text>
					<quoted-block display-inline="no-display-inline" id="HFEECC1C33D054E66A5B2F9795A7112F5" style="OLC">
						<subsection id="HAD649FB28735466EA6C61CAFB9804013"><enum>(e)</enum><header>Fees</header>
 <paragraph id="H52C8C51A3B304068AD4CE6A09495DD7B"><enum>(1)</enum><header>State program</header><text display-inline="yes-display-inline">In the case of a background check conducted pursuant to a State requirement adopted after December 20, 1993, conducted with fingerprints on a covered individual, the fees collected by authorized State agencies and the Federal Bureau of Investigation may not exceed eighteen dollars, respectively, or the actual cost, whichever is less, of the background check conducted with fingerprints.</text>
 </paragraph><paragraph id="H44B5B0367ABD453F8413BC2E2988B62A"><enum>(2)</enum><header>Federal program</header><text display-inline="yes-display-inline">In the case of a national criminal history background check and criminal history review conducted pursuant to the procedures established pursuant to subsection (a)(3), the fees collected by a designated entity shall be set at a level that will ensure the recovery of the full costs of providing all such services. The designated entity shall remit the appropriate portion of such fee to the Attorney General, which amount is in accordance with the amount published in the Federal Register to be collected for the provision of a criminal history background check by the Federal Bureau of Investigation.</text>
 </paragraph><paragraph id="HE10FA859BFA44471A62273D892064619"><enum>(3)</enum><header>Ensuring fees do not discourage volunteers</header><text>A fee system under this subsection shall be established in a manner that ensures that fees to qualified entities for background checks do not discourage volunteers from participating in programs to care for children, the elderly, or individuals with disabilities.</text></paragraph></subsection><after-quoted-block>; and</after-quoted-block></quoted-block>
 </subparagraph><subparagraph id="H0E05729556C7449A839F957A5EB56B9E"><enum>(G)</enum><text>by inserting after subsection (e) the following:</text> <quoted-block display-inline="no-display-inline" id="H260A9ED88612482DBBEC7DC4EE107F3A" style="OLC"> <subsection id="H4B1083CE6C2C4FD89AB65ACF1956CE46"><enum>(f)</enum><header>National criminal history background check and criminal history review program</header> <paragraph id="HD61FA97A4F834FD59E1D795DFB7B91CA"><enum>(1)</enum><header>National criminal history background check</header><text display-inline="yes-display-inline">Upon a designated entity receiving notice of a request submitted by a qualified entity pursuant to subsection (a)(3), the designated entity shall forward the request to the Attorney General, who shall, acting through the Director of the Federal Bureau of Investigation, complete a fingerprint-based check of the national criminal history background check system, and provide the information received in response to such national criminal history background check to the appropriate designated entity. The designated entity may, upon request from a qualified entity, complete a check of a State criminal history database.</text>
							</paragraph><paragraph display-inline="no-display-inline" id="H30252DD40BC249DDA94445CE52B3B455"><enum>(2)</enum><header>Criminal history review</header>
 <subparagraph id="H0424D91784FD426FB609DD0E84649197"><enum>(A)</enum><header>Designated entities</header><text display-inline="yes-display-inline">The Attorney General shall designate, and enter into an agreement with, one or more entities to make determinations described in paragraph (2). The Attorney General may not designate and enter into an agreement with a Federal agency under this subparagraph.</text>
 </subparagraph><subparagraph id="HC25508E5BA6240A4841F5EFEB0ACC58C"><enum>(B)</enum><header>Determinations</header><text>A designated entity shall, upon the receipt of the information described in paragraph (1), make a determination of fitness described in subsection (b)(4), using the criteria described in subparagraph (C).</text>
 </subparagraph><subparagraph id="H7CDE937EA8C845D0B4A9FB66F98148BA"><enum>(C)</enum><header>Criminal history review criteria</header><text display-inline="yes-display-inline">The Attorney General shall, by rule, establish the criteria for use by designated entities in making a determination of fitness described in subsection (b)(4). Such criteria shall be based on the criteria established pursuant to section 108(a)(3)(G)(i) of the Prosecutorial Remedies and Other Tools to end the Exploitation of Children Today Act of 2003 (<external-xref legal-doc="usc" parsable-cite="usc/42/5119a">42 U.S.C. 5119a</external-xref> note).</text></subparagraph></paragraph></subsection><after-quoted-block>; and </after-quoted-block></quoted-block>
 </subparagraph></paragraph><paragraph id="H540E7AA2150E49448AA92D83B0F821DD"><enum>(2)</enum><text>in section 5 (<external-xref legal-doc="usc" parsable-cite="usc/42/5119c">42 U.S.C. 5119c</external-xref>)—</text> <subparagraph id="HF2B219418CC9443CB62D31E6F82002DB"><enum>(A)</enum><text>by amending paragraph (9) to read as follows:</text>
					<quoted-block display-inline="no-display-inline" id="HCE46EC0773AC4AD8BCD63E5535303833" style="OLC">
 <paragraph id="HDE8379B86D55408192F1638AD48DB6F7"><enum>(9)</enum><text display-inline="yes-display-inline">the term <term>covered individual</term> means an individual—</text> <subparagraph id="H54BAF8AAAA154639ADDFE023331A029E"><enum>(A)</enum><text>who has, seeks to have, or may have access to children, the elderly, or individuals with disabilities, served by a qualified entity; and</text>
 </subparagraph><subparagraph id="H45687087B86243048740C69D31989D06"><enum>(B)</enum><text>who—</text> <clause id="HADD2116E0985486987A9C8154AE4CCE6"><enum>(i)</enum><text>is employed by or volunteers with, or seeks to be employed by or volunteer with, a qualified entity; or</text>
 </clause><clause id="H4D123A346A284823A4879B8F47D23AF2"><enum>(ii)</enum><text>owns or operates, or seeks to own or operate, a qualified entity.</text></clause></subparagraph></paragraph><after-quoted-block>;</after-quoted-block></quoted-block> </subparagraph><subparagraph id="H551EFA93FE824797AF3F8A2F48C45B60"><enum>(B)</enum><text>in paragraph (10), by striking <quote>and</quote> at the end;</text>
 </subparagraph><subparagraph id="H54816382426C4E708E6272EA90DCA01A"><enum>(C)</enum><text>in paragraph (11), by striking the period at the end and inserting <quote>; and</quote>; and</text> </subparagraph><subparagraph id="H3ADF0EBF3B4442CFB02D1481F02C4B41"><enum>(D)</enum><text>by inserting after paragraph (11) the following:</text>
					<quoted-block display-inline="no-display-inline" id="H2EF86C55ABFB4C71897F1A53B017CFC1" style="OLC">
 <paragraph id="H441E5475940D4489B2985123F9C6E278"><enum>(12)</enum><text display-inline="yes-display-inline">the term <term>designated entity</term> means an entity designated by the Attorney General under section 3(f)(2)(A).</text></paragraph><after-quoted-block>.</after-quoted-block></quoted-block> </subparagraph></paragraph></section><section id="H54BAE3BD3C2D4B6381B97FCA07072038"><enum>3.</enum><header>Effective date</header><text display-inline="no-display-inline">This Act and the amendments made by this Act shall be fully implemented by not later than 1 year after the date of enactment of this Act.</text></section></legis-body></bill>


