<?xml version="1.0"?>
<?xml-stylesheet type="text/xsl" href="billres.xsl"?>
<!DOCTYPE bill PUBLIC "-//US Congress//DTDs/bill.dtd//EN" "bill.dtd">
<bill bill-stage="Introduced-in-Senate" dms-id="A1" public-private="public">
	<metadata xmlns:dc="http://purl.org/dc/elements/1.1/">
<dublinCore>
<dc:title>115 S690 IS: HUBZone Investment Protection Act</dc:title>
<dc:publisher>U.S. Senate</dc:publisher>
<dc:date>2017-03-21</dc:date>
<dc:format>text/xml</dc:format>
<dc:language>EN</dc:language>
<dc:rights>Pursuant to Title 17 Section 105 of the United States Code, this file is not subject to copyright protection and is in the public domain.</dc:rights>
</dublinCore>
</metadata>
<form>
		<distribution-code display="yes">II</distribution-code>
		<congress>115th CONGRESS</congress><session>1st Session</session>
		<legis-num>S. 690</legis-num>
		<current-chamber>IN THE SENATE OF THE UNITED STATES</current-chamber>
		<action>
			<action-date date="20170321">March 21, 2017</action-date>
			<action-desc><sponsor name-id="S308">Mr. Cardin</sponsor> (for himself, <cosponsor name-id="S323">Mr. Risch</cosponsor>, <cosponsor name-id="S324">Mrs. Shaheen</cosponsor>, <cosponsor name-id="S361">Ms. Hirono</cosponsor>, and <cosponsor name-id="S390">Mr. Van Hollen</cosponsor>) introduced the following bill; which was read twice and referred to the <committee-name committee-id="SSSB00">Committee on Small Business and Entrepreneurship</committee-name></action-desc>
		</action>
		<legis-type>A BILL</legis-type>
		<official-title>To extend the eligibility of redesignated areas as HUBZones from 3 years to 7 years.</official-title>
	</form>
	<legis-body>
 <section id="id43BF738E8EBB4BBFA8722FEBCE7DD03E" section-type="section-one"><enum>1.</enum><header>Short title</header><text display-inline="no-display-inline">This Act may be cited as the <quote><short-title>HUBZone Investment Protection Act</short-title></quote>.</text> </section><section id="idA67484B59B11494982FBC3BD9CD32A87" section-type="subsequent-section"><enum>2.</enum><header>Modification to the HUBZone program</header><text display-inline="no-display-inline">Section 3(p)(4)(C) of the Small Business Act (<external-xref legal-doc="usc" parsable-cite="usc/15/632">15 U.S.C. 632(p)(4)(C)</external-xref>) is amended by striking <quote>until the later of</quote> and all that follows and inserting <quote>for the 7-year period following the date on which the census tract or nonmetropolitan county ceased to be so qualified.</quote>.</text>
		</section></legis-body>
</bill>


