<?xml version="1.0"?>
<?xml-stylesheet type="text/xsl" href="billres.xsl"?>
<!DOCTYPE bill PUBLIC "-//US Congress//DTDs/bill.dtd//EN" "bill.dtd">
<bill bill-stage="Introduced-in-Senate" bill-type="olc" dms-id="A1" public-private="public"><metadata xmlns:dc="http://purl.org/dc/elements/1.1/">
<dublinCore>
<dc:title>115 S109 IS: Pharmacy and Medically Underserved Areas Enhancement Act</dc:title>
<dc:publisher>U.S. Senate</dc:publisher>
<dc:date>2017-01-12</dc:date>
<dc:format>text/xml</dc:format>
<dc:language>EN</dc:language>
<dc:rights>Pursuant to Title 17 Section 105 of the United States Code, this file is not subject to copyright protection and is in the public domain.</dc:rights>
</dublinCore>
</metadata>
<form>
<distribution-code display="yes">II</distribution-code><congress>115th CONGRESS</congress><session>1st Session</session><legis-num>S. 109</legis-num><current-chamber>IN THE SENATE OF THE UNITED STATES</current-chamber><action><action-date date="20170112">January 12, 2017</action-date><action-desc><sponsor name-id="S153">Mr. Grassley</sponsor> (for himself, <cosponsor name-id="S309">Mr. Casey</cosponsor>, <cosponsor name-id="S307">Mr. Brown</cosponsor>, <cosponsor name-id="S326">Mr. Udall</cosponsor>, <cosponsor name-id="S361">Ms. Hirono</cosponsor>, <cosponsor name-id="S332">Mr. Franken</cosponsor>, <cosponsor name-id="S380">Mr. Peters</cosponsor>, <cosponsor name-id="S311">Ms. Klobuchar</cosponsor>, <cosponsor name-id="S337">Mr. Coons</cosponsor>, <cosponsor name-id="S356">Mr. Donnelly</cosponsor>, <cosponsor name-id="S324">Mrs. Shaheen</cosponsor>, <cosponsor name-id="S372">Mrs. Capito</cosponsor>, <cosponsor name-id="S318">Mr. Wicker</cosponsor>, <cosponsor name-id="S136">Mr. Cochran</cosponsor>, <cosponsor name-id="S377">Mr. Gardner</cosponsor>, <cosponsor name-id="S343">Mr. Boozman</cosponsor>, <cosponsor name-id="S252">Ms. Collins</cosponsor>, <cosponsor name-id="S344">Mr. Hoeven</cosponsor>, <cosponsor name-id="S342">Mr. Blunt</cosponsor>, <cosponsor name-id="S317">Mr. Barrasso</cosponsor>, <cosponsor name-id="S303">Mr. Thune</cosponsor>, <cosponsor name-id="S347">Mr. Moran</cosponsor>, <cosponsor name-id="S374">Mr. Cotton</cosponsor>, <cosponsor name-id="S376">Mrs. Ernst</cosponsor>, <cosponsor name-id="S375">Mr. Daines</cosponsor>, <cosponsor name-id="S365">Mr. Scott</cosponsor>, and <cosponsor name-id="S391">Mr. Young</cosponsor>) introduced the following bill; which was read twice and referred to the <committee-name committee-id="SSFI00">Committee on Finance</committee-name></action-desc></action><legis-type>A BILL</legis-type><official-title>To amend title XVIII of the Social Security Act to provide for coverage under the Medicare program
			 of pharmacist services.</official-title></form>
	<legis-body display-enacting-clause="yes-display-enacting-clause" id="HBE70E56BA2934349867683CDE5EF7B7C" style="OLC">
 <section commented="no" display-inline="no-display-inline" id="H6FDF7CA389A043DBAAABDD11DAA2FAB0" section-type="section-one"><enum>1.</enum><header display-inline="yes-display-inline">Short title</header><text display-inline="no-display-inline">This Act may be cited as the <quote><short-title>Pharmacy and Medically Underserved Areas Enhancement Act</short-title></quote>.</text> </section><section commented="no" display-inline="no-display-inline" id="H60CA40CF12D644FBB885DAE3AD87B0EA" section-type="subsequent-section"><enum>2.</enum><header display-inline="yes-display-inline">Medicare coverage of pharmacist services</header> <subsection commented="no" display-inline="no-display-inline" id="H63E60994691248BE84D65408C0FC494E"><enum>(a)</enum><header display-inline="yes-display-inline">Coverage</header><text display-inline="yes-display-inline">Section 1861(s)(2) of the Social Security Act (<external-xref legal-doc="usc" parsable-cite="usc/42/1395x">42 U.S.C. 1395x(s)(2)</external-xref>) is amended—</text>
 <paragraph commented="no" display-inline="no-display-inline" id="H7EA0D966F9324D37B672760A80E3E412"><enum>(1)</enum><text display-inline="yes-display-inline">by striking <quote>and</quote> at the end of subparagraph (FF);</text> </paragraph><paragraph commented="no" display-inline="no-display-inline" id="H7E8948EFBF8C4AA9AADE8993D4F4427D"><enum>(2)</enum><text display-inline="yes-display-inline">by adding <quote>and</quote> at the end of subparagraph (GG); and</text>
 </paragraph><paragraph commented="no" display-inline="no-display-inline" id="H238A79C6880D48B28CEA7B4CEA34182E"><enum>(3)</enum><text display-inline="yes-display-inline">by inserting after subparagraph (GG) the following new subparagraph:</text> <quoted-block display-inline="no-display-inline" id="H7060579B4CBB4B77BFBED496593F54B5" style="OLC"> <subparagraph commented="no" display-inline="no-display-inline" id="H96A3B9DD68BC47489684D039EE38128D" indent="up1"><enum>(HH)</enum><text display-inline="yes-display-inline">pharmacist services furnished by a pharmacist, as licensed by State law, individually or on behalf of a pharmacy provider—</text>
 <clause commented="no" display-inline="no-display-inline" id="H20A0C0CC4434480C8D132A47A611110A"><enum>(i)</enum><text display-inline="yes-display-inline">which the pharmacist is legally authorized to perform in the State in which the individual performs such services;</text>
 </clause><clause commented="no" display-inline="no-display-inline" id="H38C336E064B949518C4E708A999DB761"><enum>(ii)</enum><text display-inline="yes-display-inline">as would otherwise be covered under this part if furnished by a physician, or as an incident to a physician’s service; and</text>
 </clause><clause commented="no" display-inline="no-display-inline" id="H16A360895BF0493CAFB814640F75FD46"><enum>(iii)</enum><text display-inline="yes-display-inline">in a setting located in a health professional shortage area (as defined in section 332(a)(1)(A) of the Public Health Service Act), medically underserved area, or medically underserved population (as defined in section 330(b)(3) of such Act);</text></clause></subparagraph><after-quoted-block>.</after-quoted-block></quoted-block>
 </paragraph></subsection><subsection commented="no" display-inline="no-display-inline" id="H4A56FDC4649B4ED9BC6715C91AEE2223"><enum>(b)</enum><header display-inline="yes-display-inline">Payment</header><text display-inline="yes-display-inline">Section 1833(a)(1) of the Social Security Act (<external-xref legal-doc="usc" parsable-cite="usc/42/1395l">42 U.S.C. 1395l(a)(1)</external-xref>) is amended—</text> <paragraph commented="no" display-inline="no-display-inline" id="HCB623F9E6AB74846B34399F507E36752"><enum>(1)</enum><text display-inline="yes-display-inline">by striking <quote>and (BB)</quote> and inserting <quote>(BB)</quote>; and</text>
 </paragraph><paragraph commented="no" display-inline="no-display-inline" id="H376BA072A6BD4AEB82032ADB4F7716D0"><enum>(2)</enum><text display-inline="yes-display-inline">by inserting before the semicolon at the end the following: <quote>, and (CC) with respect to pharmacist services (as defined in section 1861(s)(2)(HH)), the amounts paid shall be equal to 80 percent of the lesser of the actual charge or 85 percent of the fee schedule amount provided under section 1848 if such services had been furnished by a physician</quote>.</text>
				</paragraph></subsection><subsection commented="no" display-inline="no-display-inline" id="H8A07B1D8C0BE4EA9B87AC5A340E53484"><enum>(c)</enum><header display-inline="yes-display-inline">Effective date; Pharmacist specific codes</header>
 <paragraph commented="no" display-inline="no-display-inline" id="H62D18A9ABFFB4F6E8BAACB0473DE6A6B"><enum>(1)</enum><header display-inline="yes-display-inline">Effective date</header><text display-inline="yes-display-inline">The amendments made by subsections (a) and (b) shall apply with respect to services furnished on or after January 1, 2018.</text>
 </paragraph><paragraph commented="no" display-inline="no-display-inline" id="H68F215C3E2B548B18413EBB9996216AF"><enum>(2)</enum><header display-inline="yes-display-inline">Pharmacist specific codes</header><text display-inline="yes-display-inline">The Secretary of Health and Human Services shall develop pharmacist specific codes, as necessary, under the physician fee schedule under section 1848 of the Social Security Act (<external-xref legal-doc="usc" parsable-cite="usc/42/1395w-4">42 U.S.C. 1395w–4</external-xref>).</text></paragraph></subsection></section></legis-body></bill>


