<?xml version="1.0"?>
<?xml-stylesheet type="text/xsl" href="billres.xsl"?>
<!DOCTYPE bill PUBLIC "-//US Congress//DTDs/bill.dtd//EN" "bill.dtd">
<bill bill-stage="Introduced-in-Senate" dms-id="A1" public-private="public"><metadata xmlns:dc="http://purl.org/dc/elements/1.1/">
<dublinCore>
<dc:title>115 S664 IS: Navajo Utah Water Rights Settlement Act of 2017</dc:title>
<dc:publisher>U.S. Senate</dc:publisher>
<dc:date>2017-03-15</dc:date>
<dc:format>text/xml</dc:format>
<dc:language>EN</dc:language>
<dc:rights>Pursuant to Title 17 Section 105 of the United States Code, this file is not subject to copyright protection and is in the public domain.</dc:rights>
</dublinCore>
</metadata>
<form>
<distribution-code display="yes">II</distribution-code><congress>115th CONGRESS</congress><session>1st Session</session><legis-num>S. 664</legis-num><current-chamber>IN THE SENATE OF THE UNITED STATES</current-chamber><action><action-date date="20170315">March 15, 2017</action-date><action-desc><sponsor name-id="S118">Mr. Hatch</sponsor> introduced the following bill; which was read twice and referred to the <committee-name committee-id="SLIA00">Committee on Indian Affairs</committee-name></action-desc></action><legis-type>A BILL</legis-type><official-title>To approve the settlement of the water rights claims of the Navajo Nation in Utah, to authorize
			 construction of projects in connection therewith, and for other purposes.</official-title></form>
	<legis-body display-enacting-clause="yes-display-enacting-clause">
 <section id="S1" section-type="section-one"><enum>1.</enum><header>Short title</header><text display-inline="no-display-inline">This Act may be cited as the <quote><short-title>Navajo Utah Water Rights Settlement Act of 2017</short-title></quote>.</text>
 </section><section id="idD70C31D9879A44A1B4DBC24102313C77"><enum>2.</enum><header>Purposes</header><text display-inline="no-display-inline">The purposes of this Act are—</text> <paragraph id="id426c2b41762f4f9484e5a6f79135aba5"><enum>(1)</enum><text>to eliminate controversy over the quantification, allocation, distribution, and use of all waters derived by or through the Navajo Nation in the State of Utah pursuant to all legal theories;</text>
 </paragraph><paragraph id="idd000d7b9fc394124a55b9cf820f4003e"><enum>(2)</enum><text>to recognize and protect the reserved water rights of the Navajo Nation and all those possessing water rights derived by or through the Navajo Nation;</text>
 </paragraph><paragraph id="id1d3317a5fb90415cb24464ed7aa139b7"><enum>(3)</enum><text>to protect State appropriative water rights;</text> </paragraph><paragraph id="id07a7ed95544b42b89234b47a96b320ed"><enum>(4)</enum><text>to provide Navajo and non-Indian citizens in the Upper Colorado River Basin in Utah with certainty regarding water rights, water management, and administration that will allow them to plan for their futures;</text>
 </paragraph><paragraph id="idf061bc6ac08045628ed6416d8687dd3d"><enum>(5)</enum><text>to approve, ratify, and confirm the agreement;</text> </paragraph><paragraph id="id7442e5ecc073484199da9dea455c7c1e"><enum>(6)</enum><text>to authorize and direct the Secretary to execute and perform duties under the agreement and this Act;</text>
 </paragraph><paragraph id="id56970671e94a4972aab376ac168d922a"><enum>(7)</enum><text>to authorize the actions and appropriations necessary for the United States to fulfill its legal and trust obligations to the tribes as provided in the agreement and this Act;</text>
 </paragraph><paragraph id="id900066d161024653ba41f126960217f1"><enum>(8)</enum><text>to provide sufficient water supplies and facilities for delivery of those supplies needed to develop and maintain the Navajo Reservation in Utah as a permanent homeland for the Navajo Nation and its members; and</text>
 </paragraph><paragraph id="id3f10169701114b51b3c0d81368de3d5c"><enum>(9)</enum><text>to promote the economic development and economic self-sufficiency of the Navajo Nation in Utah.</text> </paragraph></section><section id="idfe10c008996046a290b9b8064b983728"><enum>3.</enum><header>Findings</header><text display-inline="no-display-inline">Congress finds the following:</text>
 <paragraph id="idbe742b1a94aa4347a92a257e3a1f4a1e"><enum>(1)</enum><text>It is the policy of the United States, in keeping with the trust responsibility of the United States to Indian tribes, to settle Indian water rights claims whenever possible without lengthy and costly litigation.</text>
 </paragraph><paragraph id="id234d7a33a3974acfb61af1035dbeda55"><enum>(2)</enum><text>The water rights settlements described in paragraph (1) typically require congressional review and approval.</text>
 </paragraph><paragraph id="ideff57b31eb3645a685f3a6ff3df1c75c"><enum>(3)</enum><text>The Navajo Nation and the United States, acting as trustee for the Navajo Nation and allottees of the Navajo Nation, claim the right to an unquantified amount of water from the San Juan River in the Upper Colorado River Basin in Utah.</text>
 </paragraph><paragraph id="id4c389342f1a040729e2e065d4877ed1f"><enum>(4)</enum><text>Consistent with the policy of the United States, this Act settles the water rights claims of the Navajo Nation and the United States within the State of Utah, acting as trustee for the Navajo Nation and allottees of the Navajo Nation, without litigation.</text>
 </paragraph><paragraph id="idcc3fbcb16e77426b81ffb3f44dc12a0c"><enum>(5)</enum><text>This Act settles the water rights claims of the Navajo Nation and the United States within the State of Utah, acting as trustee for the Navajo Nation and allottees of the Navajo Nation, by providing a permanent source of water for the Navajo Nation in Utah, a water settlement fund to be used for the construction of drinking water infrastructure, and the financing of other modes of water delivery on the Navajo Nation in Utah in exchange for limiting the legal exposure and litigation expenses of the United States and the State of Utah.</text>
			</paragraph></section><section id="id7d5fdb2808e4465194caaf79c54d9d0e"><enum>4.</enum><header>Definitions</header>
 <paragraph id="idf45778a2a1a441ef95a12479dc3c8115"><enum>(1)</enum><header>Afy</header><text>The term <term>afy</term> means acre-feet per year.</text> </paragraph><paragraph id="id494cee8bc7aa499889c267d09ee770d7"><enum>(2)</enum><header>Agreement</header><text>The term <term>agreement</term> means the document entitled <quote>Navajo Utah Water Rights Settlement Agreement</quote> and the exhibits attached thereto.</text>
 </paragraph><paragraph id="idbdd3b6e42192421ab06f505efb420fd8"><enum>(3)</enum><header>Allottee</header><text>The term <term>allottee</term> means individual members of the Navajo Nation or other Indian tribe for whom the United States holds in trust title to an allotment on the Navajo Nation Reservation in Utah.</text>
 </paragraph><paragraph id="ida7a01f24ff4f42cea564f4befcc58083"><enum>(4)</enum><header>Allotment</header><text>The term <term>allotment</term> means—</text> <subparagraph id="idBDC49E66D18A4A9B88156416AF1DE19D"><enum>(A)</enum><text>a parcel of land located within the Reservation; or</text>
 </subparagraph><subparagraph id="idFCA1E9616C7B41A1AC632EF1547478BD"><enum>(B)</enum><text>Bureau of Indian Affairs parcel number 792 634511 in San Juan County, Utah, consisting of 160 acres located in Township 41S, Range 20E, sections 11, 12, and 14, originally set aside by the United States for the benefit of an individual identified in the allotting document as a Navajo Indian and held in trust by the United States.</text>
 </subparagraph></paragraph><paragraph id="idc9fcde7fb1664e85b74b23cc4232bc28"><enum>(5)</enum><header>Enforceability date</header><text>The term <term>enforceability date</term> means the date on which the Secretary publishes in the Federal Register the statement of findings described in section 9(a) of this Act.</text>
 </paragraph><paragraph id="id428890aec6df44928bce0a0dd3330b46"><enum>(6)</enum><header>General stream adjudication</header><text>The term <term>general stream adjudication</term> means the adjudication pending, as of the date of enactment, in the Seventh Judicial District in and for Grand County, State of Utah, commonly known as the <quote>Southeastern Colorado River General Adjudication</quote>, Civil No. 810704477, conducted pursuant to State law.</text>
 </paragraph><paragraph id="id4b93779d99c54e81ab8835ef9044103c"><enum>(7)</enum><header>Indian Health Service</header><text>The term <term>Indian Health Service</term> means the United States Indian Health Service.</text> </paragraph><paragraph id="iddd093c8387524af0977f42e8d81ab1fe"><enum>(8)</enum><header>Injury to water rights</header><text>The term <term>injury to water rights</term> means the loss, deprivation, impairment, or diminution of water rights.</text>
 </paragraph><paragraph id="id9fe786ac9b1042adb6901f340b69004f"><enum>(9)</enum><header>Member</header><text>The term <term>member</term> means any person who is a duly enrolled member of the Navajo Nation.</text> </paragraph><paragraph id="ida42d3f378ab049368d45e195ffd2ddf2"><enum>(10)</enum><header>Navajo Nation or Nation</header><text>The term <term>Navajo Nation</term> or <term>Nation</term> means a body politic and federally recognized Indian nation, as published on the list established under section 104(a) of the Federally Recognized Indian Tribe List Act of 1994 (<external-xref legal-doc="usc" parsable-cite="usc/25/5131">25 U.S.C. 5131(a)</external-xref>), also known variously as the <quote>Navajo Nation</quote>, the <quote>Navajo Nation of Arizona, New Mexico, &amp; Utah</quote>, and the <quote>Navajo Nation of Indians</quote> and other similar names, and includes all bands of Navajo Indians and chapters of the Navajo Nation and all divisions, agencies, officers, and agents thereof.</text>
 </paragraph><paragraph id="idc271f02bea744325a8f8ad40b71f409b"><enum>(11)</enum><header>Navajo water development projects</header><text>The term <term>Navajo water development projects</term> means the projects constructed, in whole or in part, using monies from the Navajo Water Development Fund.</text>
 </paragraph><paragraph id="id3e3aa0c60f4c445fb45c2b28322fdef8"><enum>(12)</enum><header>OM&amp;R</header><text>The term <term>OM&amp;R</term> means operation, maintenance, and replacement.</text> </paragraph><paragraph id="id94d52bf752a6436988d6f6dff18a8e2e"><enum>(13)</enum><header>Parties</header><text>The term <term>parties</term> means the Navajo Nation, the State, and the United States.</text>
 </paragraph><paragraph id="idbd415b47281a4bce8d948b0f77cb3a3e"><enum>(14)</enum><header>Reclamation</header><text>The term <term>Reclamation</term> means the United States Bureau of Reclamation.</text> </paragraph><paragraph id="id89583e0ee78c45ca8c8111a1a3606390"><enum>(15)</enum><header>Reservation</header><text>The term <term>Reservation</term> means, for purposes of this agreement, the Reservation of the Navajo Nation as in existence on the date of enactment of this Act and depicted on the map attached to the agreement as Exhibit A.</text>
 </paragraph><paragraph id="id62d4466ae9114b1ead12c7a4c29edb5f"><enum>(16)</enum><header>Secretary</header><text>The term <term>Secretary</term> means the Secretary of the United States Department of the Interior or a duly authorized representative thereof.</text>
 </paragraph><paragraph id="iddbb88986fc814d9e87435be58c5da851"><enum>(17)</enum><header>State</header><text>The term <term>State</term> means the State of Utah and all officers, agents, departments, and political subdivisions thereof.</text> </paragraph><paragraph id="ida197dff90c6f4edd8b54caba4ff46804"><enum>(18)</enum><header>United states</header><text>The term <term>United States</term> means the United States of America and all departments, agencies, bureaus, officers, and agents thereof.</text>
 </paragraph><paragraph id="ided21dd3f9d00460b8ac27bfecd1b5bb7"><enum>(19)</enum><header>United States acting in its trust capacity</header><text>The term <term>United States acting in its trust capacity</term> means the United States acting for the benefit of the Navajo Nation or for the benefit of allottees.</text>
 </paragraph><paragraph id="id1f2b92d95d82492c93f1513eb8e09b68"><enum>(20)</enum><header>Water rights</header><text>The term <term>water rights</term> means rights under tribal, State, and Federal law to divert, pump, impound, store, use, or reuse water within the State.</text>
			</paragraph></section><section id="id97060201170a4a4e9ab769a80d0bab0d"><enum>5.</enum><header>Ratification of Agreement</header>
 <subsection id="id20789ae3e3934085baf16c38c7f0d213"><enum>(a)</enum><header>Approval by Congress</header><text>Except to the extent that any provision of the agreement conflicts with this Act, Congress approves, ratifies, and confirms the agreement (including any amendments to the agreement that are executed to make the agreement consistent with this Act).</text>
 </subsection><subsection id="idc4b3379410514dae8e26f1ef174b0ed0"><enum>(b)</enum><header>Execution by Secretary</header><text>The Secretary is authorized and directed to promptly, and no later than 180 days from the date that this Act becomes law, execute the agreement to the extent that the agreement does not conflict with this Act, including—</text>
 <paragraph id="id2e0443b1e66c4f579bb32b7bcab98393"><enum>(1)</enum><text>any exhibits to the agreement requiring the signature of the Secretary; and</text> </paragraph><paragraph id="id8d3ca9d204c6405c84e2c7d83a5d306b"><enum>(2)</enum><text>any amendments to the agreement necessary to make the agreement consistent with this Act.</text>
 </paragraph></subsection><subsection id="id170f9db6f90446519812218174478e98"><enum>(c)</enum><header>Authority of Secretary</header><text>The Secretary may carry out any action that the Secretary determines is necessary or appropriate to implement the agreement and this Act.</text>
			</subsection><subsection id="id5d0e07701d4543e4b6a118ae75ba166a"><enum>(d)</enum><header>Environmental compliance</header>
 <paragraph id="idd5b5eb6782b84ab2bec444349766d4f0"><enum>(1)</enum><header>Environmental compliance</header><text>The Secretary shall comply with all aspects of the National Environmental Policy Act of 1969 (<external-xref legal-doc="usc" parsable-cite="usc/42/4321">42 U.S.C. 4321</external-xref> et seq.), the Endangered Species Act of 1973 (<external-xref legal-doc="usc" parsable-cite="usc/16/1531">16 U.S.C. 1531</external-xref> et seq.), and other applicable Federal environmental laws and regulations.</text>
 </paragraph><paragraph id="id2633608a574c456d8469e2b12f483afd"><enum>(2)</enum><header>Execution of the Agreement</header><text>Execution of the agreement by the Secretary as provided for in this Act shall not constitute a major Federal action under the National Environmental Policy Act of 1969 (<external-xref legal-doc="usc" parsable-cite="usc/42/4321">42 U.S.C. 4321</external-xref> et seq.).</text>
 </paragraph><paragraph id="ided94385438c04b089628fcc73f7af22f"><enum>(3)</enum><header>Lead agency</header><text>Reclamation, or any United States or Navajo Nation agency with an intergovernmental agreement with the Secretary pursuant to subsection (a) of section 6, is authorized to be designated as the lead or joint lead agency with respect to environmental compliance for the Navajo water development projects.</text>
				</paragraph></subsection></section><section id="id60103772b9454b88b33c9977278dff7e"><enum>6.</enum><header>Authorization for construction of Navajo water development projects</header>
 <subsection id="ide69f2aeb8fb34d5f9555d55081b86a26"><enum>(a)</enum><header>In general</header><text>The Secretary, acting through the Commissioner of Reclamation, shall plan, design, and construct the water diversion, delivery, and conservation features of the Navajo water development projects. The Secretary is authorized to enter into intergovernmental agreements with other United States, State, or Navajo Nation agencies as necessary or appropriate to implement this section.</text>
 </subsection><subsection id="id483e052417ef40fe92f56cc99eecd2df"><enum>(b)</enum><header>Lead agency</header><text>Reclamation, or any Federal or Navajo Nation agency with an intergovernmental agreement with the Secretary pursuant to subsection (a), is authorized to serve as the lead agency or joint lead agencies with respect to any activity to plan, design, and construct the water diversion, delivery, and conservation features of any Navajo water development project to be constructed by that agency.</text>
 </subsection><subsection id="ide4dca24ccb9d48f2be2c2a0dfc2dab5b"><enum>(c)</enum><header>Scope</header><text>The agreement and this Act contemplate a comprehensive approach to addressing identified Reservation water needs by providing funds for domestic and municipal water supply and distribution infrastructure and agricultural water conservation. To allow the Navajo Nation flexibility in meeting the needs of its people over time as both circumstances and technologies evolve, the costs to meet Reservation water needs determined in the studies identified in the agreement were used to establish the dollar amount of the Navajo Water Development Fund. To help ensure that water supply and distribution systems constructed pursuant to the agreement and this Act can be successfully developed and transitioned to be user-supported systems, the agreement and this Act also provide for a Navajo OM&amp;R Trust Account.</text>
			</subsection><subsection id="id2488be249b9e408696e45a2b200b40d7"><enum>(d)</enum><header>Final water supply system projects</header>
 <paragraph id="id611e502f8d2b4a6ebd26ae0d37bda1d3"><enum>(1)</enum><header>Design review</header><text>Prior to beginning construction activities for any water supply system as described in the agreement and constructed pursuant to this section, the Secretary shall review the design of the proposed Navajo water development projects and perform value-engineering analyses.</text>
 </paragraph><paragraph id="id701b3bfbc8934aa3853535f46e382ca4"><enum>(2)</enum><header>Negotiation and agreement with the Navajo Nation</header><text>On the basis of the review described in paragraph (1), the Secretary shall negotiate and reach agreement with the Navajo Nation regarding appropriate changes to the final design so that the final design meets applicable industry standards, as well as changes, if any, that would allow the projects to be constructed for the amounts made available under subsection (a) of section 7, and improve the cost-effectiveness of the projects.</text>
 </paragraph></subsection><subsection id="id1d40ac70e6094e97bce0e48075fbe0fe"><enum>(e)</enum><header>Nonreimbursability of costs</header><text>All costs incurred by the Secretary in carrying out this section shall be nonreimbursable.</text> </subsection><subsection id="idf45afc32973a4215a8e3375ea9238ef7"><enum>(f)</enum><header>Funding</header> <paragraph id="id9c81bd8aa7914e6c8613ed789d42b2cf"><enum>(1)</enum><header>Federal obligation</header><text>The total amount of obligations incurred by the Secretary for planning, design, and construction of the Navajo water development projects in subsections (a) through (j) of this section shall not exceed $198,300,000, except that the total amount of $198,300,000 shall be increased or decreased, as appropriate, based on ordinary fluctuations from June 2014, in construction cost indices applicable to the types of construction involved in the design and construction of the Navajo water development projects.</text>
 </paragraph><paragraph id="ida0d1cd7ed60849418911aa3e8fd19b1f"><enum>(2)</enum><header>State cost share</header><text>The State shall contribute $8,000,000 payable to the Secretary for planning, design, and construction of the Navajo water development projects in installments in each of the 3 years following the execution of the agreement by the Secretary as provided for in subsection (b) of section 5.</text>
 </paragraph><paragraph id="id76a32e00c71a46799f651a4fb52c86e6"><enum>(3)</enum><header>Transfers to Navajo OM&amp;R account</header><text>Monies made available for the Navajo water development projects but not used for that purpose may, at the discretion of the Navajo Nation, be transferred to the Navajo OM&amp;R Trust Account established by subsection (k).</text>
				</paragraph></subsection><subsection id="id350ce7079660412f986e4f0e65efb637"><enum>(g)</enum><header>Applicability of the Indian Self-Determination Act</header>
 <paragraph id="idbd782ea80a6b4e329394256abe74529e"><enum>(1)</enum><header>In general</header><text>At the request of the Navajo Nation, and in accordance with the Indian Self-Determination and Education Assistance Act (<external-xref legal-doc="usc" parsable-cite="usc/25/5301">25 U.S.C. 5301</external-xref> et seq.), the Secretary shall enter into one or more agreements with the Navajo Nation to carry out the activities authorized by this section.</text>
 </paragraph><paragraph id="id6e70da5c6cbc41229a76e1ebb0c617f8"><enum>(2)</enum><header>Oversight costs</header><text>Reclamation, or any Federal agency with an intergovernmental agreement with the Secretary pursuant to subsection (a), and the Navajo Nation shall negotiate the cost of any oversight activities carried out by such agencies for each agreement under this section, provided that the total cost for that oversight shall not exceed 4 percent of the total project costs.</text>
 </paragraph></subsection><subsection id="id570be91b633742c098633718ad2f99ba"><enum>(h)</enum><header>Conveyance of title to Navajo water development projects</header><text>The Secretary shall convey title to those Navajo water development projects described as water supply and water distribution systems in the agreement and authorized in this section to the Navajo Nation when construction of each project is complete and the project is operating and, if applicable, delivering potable water.</text>
 <paragraph id="ide54fa31cef534f28bd221a65831182ad"><enum>(1)</enum><header>Limitation of liability</header><text>Effective on the date of the conveyance authorized by this subsection, the United States shall not be held liable by any court for damages arising out of any act, omission, or occurrence relating to the facilities conveyed under this subsection, other than damages caused by any intentional act or act of negligence committed by the United States, or by employees or agents of the United States, prior to the date of conveyance.</text>
 </paragraph><paragraph id="idc9862db93827427293105e73c7d1ed5b"><enum>(2)</enum><header>OM&amp;R obligation of the United States after conveyance</header><text>The United States shall have no obligation to pay for the operation, maintenance, or replacement costs of any Navajo water development project beginning on the date on which—</text>
 <subparagraph id="idb648120d0396429aa346677ddd242f42"><enum>(A)</enum><text>title to the project is conveyed to the Navajo Nation; and</text> </subparagraph><subparagraph id="id3daa60ac05434bd5b9f242149a0ff6c3"><enum>(B)</enum><text>the amounts required to be deposited in the Navajo OM&amp;R Trust Account pursuant to subsection (b) of section 7 have been deposited in that account.</text>
 </subparagraph></paragraph></subsection><subsection id="idd2ad4244f8a34171a836a3d366a1c17b"><enum>(i)</enum><header>Technical assistance</header><text>The Secretary shall provide technical assistance to prepare the Navajo Nation for operation of the Navajo water development projects, including operation and management training.</text>
			</subsection><subsection id="id092ca64cf2a049f8ac88432c042e7197"><enum>(j)</enum><header>Project management committee</header>
 <paragraph id="id02D0560993374997B703299FA730ECDC"><enum>(1)</enum><header>In General</header><text>The Secretary shall facilitate the formation of a project management committee to be composed of representatives of—</text>
 <subparagraph id="id235BA1D4DF7A450C987224D042ACB5BC"><enum>(A)</enum><text>the Navajo Nation;</text> </subparagraph><subparagraph id="idB4162CD6D8514D92B4BA6BC61BDABE49"><enum>(B)</enum><text>Reclamation, or any Federal agency with an intergovernmental agreement with the Secretary pursuant to subsection (a), the Bureau of Indian Affairs, and the Indian Health Service, as appropriate; and</text>
 </subparagraph><subparagraph commented="no" id="idB0736BB5B2D343D5A39199549545FAD6"><enum>(C)</enum><text>the State.</text> </subparagraph></paragraph><paragraph commented="no" id="id22E303D1DBB747499DDA3F5A67B68E47"><enum>(2)</enum><header>Duties</header><text>The project management committee shall—</text>
 <subparagraph commented="no" id="id36f5c242ba26497cb675789f7ba2c421"><enum>(A)</enum><text>review cost factors and budgets for construction, operation, and maintenance activities for the Navajo water development projects;</text>
 </subparagraph><subparagraph commented="no" id="idd51179bd3a0041d8a3b4088f1498da87"><enum>(B)</enum><text>improve management of the planning, design, construction, and operation of the Navajo water development projects through enhanced communication; and</text>
 </subparagraph><subparagraph commented="no" id="id623682d009a341ed9c41356847e93b47"><enum>(C)</enum><text>seek additional ways to reduce overall costs for the Navajo water development projects.</text> </subparagraph></paragraph></subsection><subsection id="ide434425130164002ba9a7ae9481a0870"><enum>(k)</enum><header>Navajo OM&amp;R trust account</header><text>The United States shall establish a trust account in the Treasury of the United States for the operation, maintenance, and replacement of the Navajo water development projects authorized to be constructed in this section and described in the agreement as water supply systems and water distribution systems.</text>
			</subsection></section><section id="idff650ce94dda4803aa4ce8d104191be9"><enum>7.</enum><header>Authorization of appropriations</header>
			<subsection id="id0d8325c907ed4519a009ed2073ee6d81"><enum>(a)</enum><header>Navajo Water Development Fund</header>
 <paragraph id="id19b482fd4b5446879540a4466c77443e"><enum>(1)</enum><header>In general</header><text>There is authorized to be appropriated to the Secretary $198,300,000 to plan, design, and construct the Navajo water development projects to remain available until expended.</text>
 </paragraph><paragraph id="idf5ac6ab735bc446ab498f13f544499aa"><enum>(2)</enum><header>Adjustments</header><text>The amount under paragraph (1) shall be adjusted by such amounts—</text> <subparagraph id="id37ee705349eb428dbdc0d5280a773b34"><enum>(A)</enum><text>as are contributed by the State pursuant to subsection (f)(2) of section 6; and</text>
 </subparagraph><subparagraph id="ida4a56bb3fc9e484b9a9bdc8ae057b303"><enum>(B)</enum><text>as may be required by reason of changes since June 2014 in construction costs, as indicated by engineering cost indices applicable to the types of construction involved.</text>
 </subparagraph></paragraph><paragraph id="id902a753083614e048882163e59710003"><enum>(3)</enum><header>Use</header><text>In addition to the uses authorized under paragraph (1), amounts made available under that paragraph may be used for the conduct of related activities, to comply with Federal environmental laws, or may be transferred to the Navajo OM&amp;R Trust Account as provided in subsection (f)(3) of section 6.</text>
				</paragraph></subsection><subsection id="idd71fdcac61f44749aee5ded4a6d626fd"><enum>(b)</enum><header>Navajo OM&amp;R trust account</header>
 <paragraph id="id7eafd744d23a4338857e06371ec1d75c"><enum>(1)</enum><header>Authorization of appropriations</header><text>For the purpose of assisting the Navajo Nation with the expenses of operating, maintaining, and replacing the Navajo water development projects authorized to be constructed in section 6 and described as water supply systems and water distribution systems in the agreement, there is authorized to be appropriated $11,100,000 to be deposited in the Navajo OM&amp;R trust account established pursuant to subsection (k) of section 6, which funds shall be retained until expended.</text>
 </paragraph><paragraph id="ida45675ebbff64491849adcbb472a6292"><enum>(2)</enum><header>Management of account</header><text>The Secretary shall manage the account in accordance with the American Indian Trust Fund Management Reform Act of 1994 (<external-xref legal-doc="usc" parsable-cite="usc/25/4001">25 U.S.C. 4001</external-xref> et seq.), and shall invest amounts deposited in the account in accordance with that Act and—</text>
 <subparagraph id="ida21338495a954d7da93cd31f7afc02a1"><enum>(A)</enum><text>the Act of April 1, 1880 (<external-xref legal-doc="usc" parsable-cite="usc/25/161">25 U.S.C. 161</external-xref>); and</text> </subparagraph><subparagraph id="id2bdb20ecfef443cca66b0dd1988a24d0"><enum>(B)</enum><text>the first section of the Act of June 24, 1938 (<external-xref legal-doc="usc" parsable-cite="usc/25/162a">25 U.S.C. 162a</external-xref>).</text>
 </subparagraph></paragraph><paragraph id="id4c3c61d83de24ab388ad72c17ccaffa5"><enum>(3)</enum><header>Fluctuation in costs</header><text>The amount authorized to be appropriated in paragraph (1) shall be increased or decreased, as appropriate, by such amounts as may be justified by reason of ordinary fluctuations in costs occurring after June 2014 as indicated by applicable engineering cost indices.</text>
 </paragraph><paragraph id="idc824b1fa97054a3c970aa312b27e1db5"><enum>(4)</enum><header>Availability of monies</header><text>Monies appropriated to and deposited in the Navajo OM&amp;R Trust Account, and investment earnings thereon, shall be made available by the Secretary to the Navajo Nation beginning on the date on which title to and OM&amp;R responsibility for the Navajo water development projects is transferred to the Navajo Nation pursuant to subsection (h) of section 6 until such monies are exhausted.</text>
 </paragraph></subsection><subsection id="id3fb1d26d485e4b2b82dbcd01121c630e"><enum>(c)</enum><header>Programmatic costs</header><text>There is authorized to be appropriated $1,000,000 to assist the Nation with programmatic costs associated with the settlement, including the preparation of a hydrographic survey of historic and existing water uses on the Reservation.</text>
 </subsection><subsection id="id04e70e659f1443bd9b8ace1eea615a6a"><enum>(d)</enum><header>Offset</header><text>To the extent necessary, the Secretary shall offset any direct spending authorized and any interest earned on amounts expended pursuant to this section using such additional amounts as may be made available to the Secretary for the applicable fiscal year.</text>
			</subsection></section><section id="idcd0a8e995c71497083884bec65ac0e28"><enum>8.</enum><header>Reserved water rights</header>
 <subsection id="iddbcbebfa6b2d4a5a9e880462de94cf6e"><enum>(a)</enum><header>Quantification</header><text>The Navajo Nation shall have the right to use water from water sources located within Utah and adjacent to or encompassed within the boundaries of the Reservation resulting in depletions not to exceed 81,500 acre-feet annually as described in the agreement.</text>
 </subsection><subsection id="id5cf3288bc6d644388ba77acb29daee60"><enum>(b)</enum><header>Rights of members and allottees</header><text>Any entitlement to water of any member or any allottee for lands within the Reservation or for any allotment shall be satisfied out of the Navajo Nation water rights recognized in the agreement and this Act.</text>
 </subsection><subsection id="idf6968c3c0e2c46d288e1c81db18eab88"><enum>(c)</enum><header>Held in trust</header><text>The water rights of the Navajo Nation and the allottees, all as described in the agreement and as adjudicated in the decree, shall be held in trust by the United States on behalf of the Navajo Nation and allottees, respectively.</text>
 </subsection><subsection id="id97995da1cab746849581d8efbf523f7f"><enum>(d)</enum><header>Forfeiture and abandonment</header><text>The water rights of the Navajo Nation and the allottees, all as described in the agreement and adjudicated in the decree, shall not be subject to loss by non-use, forfeiture, abandonment, or other operation of law.</text>
			</subsection></section><section id="idc6951f4f22db48ba90c7589c2b6a2d54"><enum>9.</enum><header>Conditions precedent</header>
 <subsection id="id8431e395c8d84fb798e8a3ed4e1e7add"><enum>(a)</enum><header>In general</header><text>The waivers and release contained in section 10 of this Act shall become effective as of the date the Secretary causes to be published in the Federal Register a statement of findings that—</text>
 <paragraph id="ida155c58f7fa947248385b5d277b57f2a"><enum>(1)</enum><text>to the extent that the agreement conflicts with the Act, the agreement has been revised to conform with this Act;</text>
 </paragraph><paragraph id="id63db5b95412740d3bfa94d84e6aca477"><enum>(2)</enum><text>the agreement, so revised, including waivers and releases of claims set forth in section 10, has been executed by the parties, including the United States;</text>
 </paragraph><paragraph id="id5cf097c15719407e9ff4a66073bd34cd"><enum>(3)</enum><text>Congress has fully appropriated, or the Secretary has provided from other authorized sources, all funds authorized by subsections (a) and (b) of section 7;</text>
 </paragraph><paragraph id="id0e17ae42e3684aa5a21fd2b98a6d7b8f"><enum>(4)</enum><text>the State has enacted any necessary legislation and provided the funding required under the agreement and subsection (f)(2) of section 6 of this Act; and</text>
 </paragraph><paragraph commented="no" id="ide0a5df99697740e9961ffa010df57f8a"><enum>(5)</enum><text>the court has entered a final or interlocutory decree that—</text> <subparagraph commented="no" id="id6E9A6A53772C4077ABEB08C778AEE38B"><enum>(A)</enum><text>confirms the water rights of the Navajo Nation;</text>
 </subparagraph><subparagraph commented="no" id="id75996C17617C42C3B4A8932CA9535704"><enum>(B)</enum><text>with respect to the water rights of the Navajo Nation, is final as to all parties to the general stream adjudication and from which no further appeals may be taken; and</text>
 </subparagraph><subparagraph commented="no" id="idDBDA75CE6B4B4E51A9BDB6215CEC2158"><enum>(C)</enum><text>the Secretary, in consultation with the parties, has determined is consistent in all material respects with the agreement and with the proposed judgment and decree agreed to by the parties to the agreement.</text>
 </subparagraph></paragraph></subsection><subsection id="id1de353dc3cfc4ec9a08b011d2078e977"><enum>(b)</enum><header>Expiration date</header><text>If all the conditions precedent described in subsection (a) have not been fulfilled to allow the Secretary’s statement of findings to be published in the Federal Register by October 31, 2026—</text>
 <paragraph id="id67270313a4e44d94a11ac842dd70f6d4"><enum>(1)</enum><text>the agreement and this Act, including waivers and releases of claims described in those documents, shall no longer be effective;</text>
 </paragraph><paragraph id="id500a55b94aca4388aa2aa801a505935e"><enum>(2)</enum><text>any funds that have been appropriated pursuant to section 7 of this Act but not expended shall immediately revert to the general fund of the United States; and</text>
 </paragraph><paragraph id="id624cd4dedb374a028ce9fb5ed6181908"><enum>(3)</enum><text>any funds contributed by the State pursuant to subsection (f)(2) of section 6 of this Act but not expended shall be returned immediately to the State.</text>
 </paragraph></subsection><subsection id="idae53df3b65c24079a235130b1a73a2f4"><enum>(c)</enum><header>Extension</header><text>The expiration date set forth in subsection (b) may be extended if the Navajo Nation, the State, and the United States (acting through the Secretary) agree that an extension is reasonably necessary.</text>
			</subsection></section><section id="id7529e2f934554895b81114b4277516e0"><enum>10.</enum><header>Waivers and releases</header>
 <subsection id="idbf7cd82cf81041a0afaf51c4b98f09a6"><enum>(a)</enum><header>Claims by the Navajo Nation and the United States</header><text>In return for confirmation of the Navajo Nation’s federally reserved water rights, the water rights or rights to use water of allottees in Utah, and other benefits set forth in the agreement and this Act, and in return for a waiver of claims by the State against the Nation and the United States acting in its trust capacity, the Nation and the United States acting in its trust capacity hereby waive and release—</text>
 <paragraph id="id482b48e111174f46963089902e47e483"><enum>(1)</enum><text>all claims for water rights within Utah based on any and all legal theories that the Navajo Nation, allottees, or the United States acting in its trust capacity, asserted, or could have asserted, at any time in any proceeding, including to the general stream adjudication, up to and including the enforceability date, except to the extent that such rights are recognized in the agreement and this Act; and</text>
 </paragraph><paragraph id="id211d4e01042a45edb0385f5e64a61b1c"><enum>(2)</enum><text>all claims for damages, losses, or injuries to water rights or claims of interference with, diversion, or taking of water rights (including claims for injury to lands resulting from such damages, losses, injuries, interference with, diversion, or taking of water rights) within Utah against the State, or any person, entity, corporation, or municipality, that accrued at any time up to and including the enforceability date.</text>
 </paragraph></subsection><subsection id="id14a911b1591a417eaaaba8c73610ceff"><enum>(b)</enum><header>Claims by the Navajo Nation against the United States</header><text>The Navajo Nation, on behalf of itself and its members (other than members in their individual capacity, including their capacity as allottees), shall execute a waiver and release of—</text>
 <paragraph id="id8906e4316c124042bf7f73edc7d0765c"><enum>(1)</enum><text>all claims the Navajo Nation may have against the United States relating in any manner to claims for water rights in or water of Utah that the United States acting in its trust capacity asserted, or could have asserted, in any proceeding, including the general stream adjudication;</text>
 </paragraph><paragraph id="id9f09e9d718104948a2f6c2747d366e8c"><enum>(2)</enum><text>all claims the Navajo Nation may have against the United States relating in any manner to damages, losses, or injuries to water, water rights, land, or other resources due to loss of water or water rights (including damages, losses, or injuries to hunting, fishing, gathering, or cultural rights due to loss of water or water rights; claims relating to interference with, diversion, or taking of water; or claims relating to failure to protect, acquire, replace, or develop water or water rights) within Utah that first accrued at any time up to and including the enforceability date;</text>
 </paragraph><paragraph id="idf9397025a8134806894ce88affcf6f52"><enum>(3)</enum><text>all claims the Nation may have against the United States relating in any manner to the litigation of claims relating to the Nation’s water rights in proceedings in Utah; and</text>
 </paragraph><paragraph id="id227e6074a1044910b87684366095e757"><enum>(4)</enum><text>all claims the Nation may have against the United States relating in any manner to the negotiation, execution, or the adoption of the agreement or this Act.</text>
 </paragraph></subsection><subsection id="id79885a1d08f84fc292b9ed054d3a6ea7"><enum>(c)</enum><header>Claims by the State against the Navajo Nation and the United States</header><text>Except as provided in subsection (e), the State waives and releases any claims that the State may have against the Navajo Nation, allottees, and the United States acting in its trust capacity, under Federal, State, or other law for—</text>
 <paragraph id="id334776b727e04411b7b7d150029edb45"><enum>(1)</enum><text>all claims for injury to water rights resulting from the diversion or use of water on or for—</text> <subparagraph id="id6C1034316FCE4C738905A3C5DF95035E"><enum>(A)</enum><text>the Reservation;</text>
 </subparagraph><subparagraph id="id0FAB04DCC4254F819A13C6D1A540D59C"><enum>(B)</enum><text>Navajo trust land in Utah;</text> </subparagraph><subparagraph id="id4440E0A8B55E4D15A9E06A80146BBA21"><enum>(C)</enum><text>Navajo fee land in Utah; or</text>
 </subparagraph><subparagraph id="id48B2B0B4CE4E4E6E9AC8951674A0D9FB"><enum>(D)</enum><text>allotments, arising from time immemorial through the enforceability date;</text> </subparagraph></paragraph><paragraph id="id081f40d1ac2d4cb5b9e18ba1e65fb74a"><enum>(2)</enum><text>all claims for injury to water rights arising after the enforceability date resulting from the diversion or use of water on or for—</text>
 <subparagraph id="idA9A2229E32E9400E9C1D724B3A45013A"><enum>(A)</enum><text>the Navajo Reservation;</text> </subparagraph><subparagraph id="id7EC67B14C415453D90F3DA837ADD3123"><enum>(B)</enum><text>Navajo trust land in Utah;</text>
 </subparagraph><subparagraph id="id2D0382B352394C04B083A6E06CA0BE40"><enum>(C)</enum><text>Navajo fee land in Utah; or</text> </subparagraph><subparagraph id="id9CA5F5F8222F42C59D7DC0058110C065"><enum>(D)</enum><text>allotments, in a manner not in violation of the agreement or applicable law; and</text>
 </subparagraph></paragraph><paragraph id="idc83821cb17964187a9ca0b9b7bcea0a7"><enum>(3)</enum><text>all claims arising out of or related in any manner to the negotiation or execution of the agreement, or the negotiation or enactment of this Act.</text>
 </paragraph></subsection><subsection id="id333cab0a6a834a96a227ae9acb0dd952"><enum>(d)</enum><header>Reservation of rights and retention of claims by the Navajo Nation and the United States</header><text>Notwithstanding the waivers and releases authorized in this Act, the Navajo Nation, and the United States acting in its trust capacity, retain—</text>
 <paragraph id="id61adb905099c48c78bd68ad44874e051"><enum>(1)</enum><text>all claims for injuries to and the enforcement of the agreement and the final or interlocutory decree entered in the general stream adjudication, through such legal and equitable remedies as may be available in the decree court or the Federal District Court for the District of Utah;</text>
 </paragraph><paragraph id="idfe68aa411bc941f89b72eae1fd51dc79"><enum>(2)</enum><text>all rights to use and protect water rights acquired after the enforceability date;</text> </paragraph><paragraph id="id29350873843d420abbb1108b5f7c1ed4"><enum>(3)</enum><text>all claims relating to activities affecting the quality of water, including any claims under the Comprehensive Environmental Response, Compensation, and Liability Act of 1980 (<external-xref legal-doc="usc" parsable-cite="usc/42/9601">42 U.S.C. 9601</external-xref> et seq. (including claims for damages to natural resources)), the Safe Drinking Water Act (<external-xref legal-doc="usc" parsable-cite="usc/42/300f">42 U.S.C. 300f</external-xref> et seq.), and the Federal Water Pollution Control Act (<external-xref legal-doc="usc" parsable-cite="usc/33/1251">33 U.S.C. 1251</external-xref> et seq.), the regulations implementing those Acts, and the common law;</text>
 </paragraph><paragraph id="idaad72a33724d4623b42f85cc4cde4cbe"><enum>(4)</enum><text>all claims for water rights, and claims for injury to water rights, in States other than the State of Utah;</text>
 </paragraph><paragraph id="id17ad2190c7f24e88ac1a64cc92674dc5"><enum>(5)</enum><text>all claims, including environmental claims, under any laws (including regulations and the common law) relating to human health, safety, or the environment; and</text>
 </paragraph><paragraph id="id606e47cdeb194768961546cfaedeb92e"><enum>(6)</enum><text>all rights, remedies, privileges, immunities, and powers not specifically waived and released pursuant to the agreement and this Act.</text>
 </paragraph></subsection><subsection id="idfa74127457c946369a18d5a08d08a75a"><enum>(e)</enum><header>Reservation of rights and retention of claims by the State</header><text>Notwithstanding the waivers of claims and releases described in this section, the State shall retain any right to—</text>
 <paragraph id="id930f4362583645aa879bcc04a63265da"><enum>(1)</enum><text>assert claims for the enforcement of the agreement and the final or interlocutory decree entered in the general stream adjudication, through such legal and equitable remedies as may be available in the State decree court or the Federal District Court for the District of Utah;</text>
 </paragraph><paragraph id="idbdfd47b8d69f4c62839fd650246ce346"><enum>(2)</enum><text>assert claims for injury to, and seek enforcement of, the State’s rights under the judgment and decree entered by the court in the general stream adjudication;</text>
 </paragraph><paragraph id="id1c800f21adb8474c9c79c02968f4705e"><enum>(3)</enum><text>assert past, present, and future claims to water that are subject to the general stream adjudication or other applicable law, and that are not inconsistent with the agreement;</text>
 </paragraph><paragraph id="id36b74f9f99c841c6b881258722360064"><enum>(4)</enum><text>assert any claims for injury to water rights not specifically waived herein; and</text> </paragraph><paragraph id="id43ae4094e34a459a8e38c53713b437c9"><enum>(5)</enum><text>take any action including environmental actions, under any laws (including regulations and the common law) relating to human health, safety, or the environment.</text>
 </paragraph></subsection><subsection id="id03a70af7b10147ae88b69b052b87f4e7"><enum>(f)</enum><header>Effect of section</header><text>Nothing in the agreement or this Act—</text> <paragraph id="id03fba4aa40ea4d05a90f91cbeb465c4e"><enum>(1)</enum><text>affects the ability of the United States acting in its sovereign capacity to take actions authorized by law, including any laws relating to health, safety, or the environment, including the Comprehensive Environmental Response, Compensation, and Liability Act of 1980 (<external-xref legal-doc="usc" parsable-cite="usc/42/9601">42 U.S.C. 9601</external-xref> et seq.), the Safe Drinking Water Act (<external-xref legal-doc="usc" parsable-cite="usc/42/300f">42 U.S.C. 300f</external-xref> et seq.), the Federal Water Pollution Control Act (<external-xref legal-doc="usc" parsable-cite="usc/33/1251">33 U.S.C. 1251</external-xref> et seq.), the Solid Waste Disposal Act (<external-xref legal-doc="usc" parsable-cite="usc/42/6901">42 U.S.C. 6901</external-xref> et seq.), and the regulations implementing those laws;</text>
 </paragraph><paragraph id="idc341b4fd89cb482d88a6172cd18424f1"><enum>(2)</enum><text>affects the ability of the United States to take actions in its capacity as trustee for any other Indian tribe or allottee;</text>
 </paragraph><paragraph id="ided0b6add847e4ed9adf33db068faaa3f"><enum>(3)</enum><text>confers jurisdiction on any State court to—</text> <subparagraph id="id05e8300221a74512858b117438d96c4f"><enum>(A)</enum><text>interpret Federal law regarding health, safety, or the environment or determine the duties of the United States or other parties pursuant to such Federal law; and</text>
 </subparagraph><subparagraph id="ide11ca08e9a954461b9bdd383c4a31637"><enum>(B)</enum><text>conduct judicial review of Federal agency action; or</text> </subparagraph></paragraph><paragraph id="id9c06a71e1ded4b7f9d77a7c6aee1c07d"><enum>(4)</enum><text>modifies, conflicts with, preempts, or otherwise affects—</text>
 <subparagraph id="id185feaadf8fa4ed3a6212b444fd9622b"><enum>(A)</enum><text>the Boulder Canyon Project Act (<external-xref legal-doc="usc" parsable-cite="usc/43/617">43 U.S.C. 617</external-xref> et seq.);</text> </subparagraph><subparagraph id="idbc5151b4bd7f41dc9fa54206c0bacac8"><enum>(B)</enum><text>the Boulder Canyon Project Adjustment Act (54 Stat. 774, chapter 643);</text>
 </subparagraph><subparagraph id="id7f5ec40b1fe144ee9e57b156c6cd4e2f"><enum>(C)</enum><text>the Act of April 11, 1956 (commonly known as the <quote>Colorado River Storage Project Act</quote>) (<external-xref legal-doc="usc" parsable-cite="usc/43/620">43 U.S.C. 620</external-xref> et seq.);</text> </subparagraph><subparagraph id="id8462b095cb724ad9b69f6f09cf24871e"><enum>(D)</enum><text>the Act of September 30, 1968 (commonly known as the <quote>Colorado River Basin Project Act</quote>) (82 Stat. 885);</text>
 </subparagraph><subparagraph id="idd74b4965b2ac492fb42e5f67f3ecd677"><enum>(E)</enum><text>the Treaty between the United States of America and Mexico respecting utilization of waters of the Colorado and Tijuana Rivers and of the Rio Grande, signed at Washington February 3, 1944 (59 Stat. 1219);</text>
 </subparagraph><subparagraph id="id20c67df4c2c64cd18858951022e61b80"><enum>(F)</enum><text>the Colorado River Compact of 1922, as approved by the Presidential Proclamation of June 25, 1929 (46 Stat. 3000); and</text>
 </subparagraph><subparagraph id="idfa9d275bfef146d2b23d07ca023dfe62"><enum>(G)</enum><text>the Upper Colorado River Basin Compact as consented to by the Act of April 6, 1949 (63 Stat. 31, chapter 48).</text>
					</subparagraph></paragraph></subsection><subsection id="idc74b30f8d9d94f6d9c36767ad1e49fa9"><enum>(g)</enum><header>Tolling of claims</header>
 <paragraph id="id2bd403e532a44a84a60dbf50ec56db5d"><enum>(1)</enum><header>In general</header><text>Each applicable period of limitation and time-based equitable defense relating to a claim described in this section shall be tolled for the period beginning on the date of enactment of this Act and ending on the enforceability date.</text>
 </paragraph><paragraph id="idaa0a4a37c33a410e889667d4000be040"><enum>(2)</enum><header>Effect of subsection</header><text>Nothing in this subsection revives any claim or tolls any period of limitation or time-based equitable defense that expired before the date of enactment of this Act.</text>
 </paragraph><paragraph id="idaf5a9130dcca4e80a818548e4a1b3869"><enum>(3)</enum><header>Limitation</header><text>Nothing in this section precludes the tolling of any period of limitations or any time-based equitable defense under any other applicable law.</text>
				</paragraph></subsection></section><section id="idac1ac98b55b6480c949227d3fc1f7076"><enum>11.</enum><header>Miscellaneous provisions</header>
 <subsection id="id38af66b2301b491781e9cd9339d931ad"><enum>(a)</enum><header>Precedent</header><text>Nothing in this Act establishes any standard for the quantification or litigation of Federal reserved water rights or any other Indian water claims of any other Indian tribes in any other judicial or administrative proceeding.</text>
 </subsection><subsection id="id94efa764dc43404e8b5264644ff7bca7"><enum>(b)</enum><header>Other Indian tribes</header><text>Nothing in the agreement or this Act shall be construed in any way to quantify or otherwise adversely affect the water rights, claims, or entitlements to water of any Indian tribe, band, or community, other than the Navajo Nation.</text>
 </subsection></section><section id="idD5534B83873E48209658B266C16619BD"><enum>12.</enum><header>Availability of funds</header><text display-inline="no-display-inline">If insufficient funds are appropriated to carry out this Act for a fiscal year, the Secretary may use to carry out this Act such amounts as are necessary from other amounts available to the Secretary for that fiscal year that are not otherwise obligated.</text>
		</section></legis-body></bill>


