<?xml version="1.0"?>
<?xml-stylesheet type="text/xsl" href="billres.xsl"?>
<!DOCTYPE bill PUBLIC "-//US Congress//DTDs/bill.dtd//EN" "bill.dtd">
<bill bill-stage="Introduced-in-Senate" dms-id="A1" public-private="private"><metadata xmlns:dc="http://purl.org/dc/elements/1.1/">
<dublinCore>
<dc:title>115 S561 IS: For the relief of Alicia Aranda De Buendia.</dc:title>
<dc:publisher>U.S. Senate</dc:publisher>
<dc:date>2017-03-07</dc:date>
<dc:format>text/xml</dc:format>
<dc:language>EN</dc:language>
<dc:rights>Pursuant to Title 17 Section 105 of the United States Code, this file is not subject to copyright protection and is in the public domain.</dc:rights>
</dublinCore>
</metadata>
<form>
<distribution-code display="yes">VI</distribution-code><congress>115th CONGRESS</congress><session>1st Session</session><legis-num>S. 561</legis-num><current-chamber>IN THE SENATE OF THE UNITED STATES</current-chamber><action><action-date date="20170307">March 7, 2017</action-date><action-desc><sponsor name-id="S221">Mrs. Feinstein</sponsor> introduced the following bill; which was read twice and referred to the <committee-name committee-id="SSJU00">Committee on the Judiciary</committee-name></action-desc></action><legis-type>A BILL</legis-type><official-title>For the relief of Alicia Aranda De Buendia.</official-title></form>
	<legis-body display-enacting-clause="yes-display-enacting-clause">
		<section id="ID82A8104A582B45DAA3D82B4C2FE1EF49" section-type="section-one"><enum>1.</enum><header>Permanent resident status for
			 Alicia Aranda de Buendia</header>
			<subsection id="ID4FCF61DDF9BA40BEA698FFF1CBB35132"><enum>(a)</enum><header>In
 general</header><text>Notwithstanding subsections (a) and (b) of section 201 of the <act-name parsable-cite="INA">Immigration and Nationality Act</act-name> (<external-xref legal-doc="usc" parsable-cite="usc/8/1151">8 U.S.C. 1151</external-xref>), Alicia Aranda De Buendia shall be eligible for issuance of an immigrant visa or for adjustment of status to that of an alien lawfully admitted for permanent residence upon filing an application for issuance of an immigrant visa under section 204 of such Act (<external-xref legal-doc="usc" parsable-cite="usc/8/1154">8 U.S.C. 1154</external-xref>) or for adjustment of status to lawful permanent resident.</text>
			</subsection><subsection id="ID73D3FD01173A481081775084D73D46FC"><enum>(b)</enum><header>Adjustment of
 status</header><text>If Alicia Aranda De Buendia enters the United States before the filing deadline specified in subsection (c), Alicia Aranda De Buendia shall be considered to have entered and remained lawfully in the United States and shall be eligible for adjustment of status under section 245 of the <act-name parsable-cite="INA">Immigration and Nationality Act</act-name> (<external-xref legal-doc="usc" parsable-cite="usc/8/1255">8 U.S.C. 1255</external-xref>) as of the date of the enactment of this Act.</text>
			</subsection><subsection id="ID9DF7E01D8A374D1AB65FB47F2BB0697C"><enum>(c)</enum><header>Application and
 payment of fees</header><text>Subsections (a) and (b) shall apply only if the application for the issuance of an immigrant visa or the application for adjustment of status is filed with appropriate fees not later than two years after the date of the enactment of this Act.</text>
			</subsection><subsection id="IDC38CBE85F8D447C8A10006C14E80481C"><enum>(d)</enum><header>Reduction of
 immigrant visa numbers</header><text>Upon the granting of an immigrant visa or permanent residence to Alicia Aranda De Buendia, the Secretary of State shall instruct the proper officer to reduce by one, during the current or next following fiscal year—</text>
 <paragraph id="idD1BB395E4DB643ED99C14265A866BAF6"><enum>(1)</enum><text>the total number of immigrant visas that are made available to natives of the country of birth of Alicia Aranda De Buendia under section 203(a) of the <act-name parsable-cite="INA">Immigration and Nationality Act</act-name> (<external-xref legal-doc="usc" parsable-cite="usc/8/1153">8 U.S.C. 1153(a)</external-xref>); or</text>
 </paragraph><paragraph id="idEDB421CA718743DE89BC95673DA29474"><enum>(2)</enum><text>if applicable, the total number of immigrant visas that are made available to natives of the country of birth of Alicia Aranda De Buendia under section 202(e) of such Act (<external-xref legal-doc="usc" parsable-cite="usc/8/1152">8 U.S.C. 1152(e)</external-xref>).</text>
 </paragraph></subsection><subsection id="ID7202e764d797414d9e770feaeca073b7"><enum>(e)</enum><header>PAYGO</header><text>The budgetary effects of this Act, for the purpose of complying with the Statutory Pay-As-You-Go Act of 2010, shall be determined by reference to the latest statement titled <quote>Budgetary Effects of PAYGO Legislation</quote> for this Act, submitted for printing in the Congressional Record by the Chairman of the Senate Budget Committee, provided that such statement has been submitted prior to the vote on passage.</text></subsection></section></legis-body></bill>


