<?xml version="1.0"?>
<?xml-stylesheet type="text/xsl" href="billres.xsl"?>
<!DOCTYPE bill PUBLIC "-//US Congress//DTDs/bill.dtd//EN" "bill.dtd">
<bill bill-stage="Introduced-in-Senate" bill-type="olc" dms-id="A1" public-private="public"><metadata xmlns:dc="http://purl.org/dc/elements/1.1/">
<dublinCore>
<dc:title>115 S599 IS: Indiana Dunes National Park Designation Act</dc:title>
<dc:publisher>U.S. Senate</dc:publisher>
<dc:date>2017-03-09</dc:date>
<dc:format>text/xml</dc:format>
<dc:language>EN</dc:language>
<dc:rights>Pursuant to Title 17 Section 105 of the United States Code, this file is not subject to copyright protection and is in the public domain.</dc:rights>
</dublinCore>
</metadata>
<form>
<distribution-code display="yes">II</distribution-code><congress>115th CONGRESS</congress><session>1st Session</session><legis-num>S. 599</legis-num><current-chamber>IN THE SENATE OF THE UNITED STATES</current-chamber><action><action-date date="20170309">March 9, 2017</action-date><action-desc><sponsor name-id="S356">Mr. Donnelly</sponsor> (for himself and <cosponsor name-id="S391">Mr. Young</cosponsor>) introduced the following bill; which was read twice and referred to the <committee-name committee-id="SSEG00">Committee on Energy and Natural Resources</committee-name></action-desc></action><legis-type>A BILL</legis-type><official-title>To redesignate the Indiana Dunes National Lakeshore as the <quote>Indiana Dunes National Park</quote>, and for other purposes.</official-title></form>
	<legis-body display-enacting-clause="yes-display-enacting-clause" id="H0BE472B567C54714826C4614170A89AD" style="OLC">
 <section id="H81840AC4152D43D694198DED61F28369" section-type="section-one"><enum>1.</enum><header>Short title</header><text display-inline="no-display-inline">This Act may be cited as the <quote><short-title>Indiana Dunes National Park Designation Act</short-title></quote>.</text> </section><section id="H0D33A781D2614E278008163FCD3F8D9E"><enum>2.</enum><header>Findings</header><text display-inline="no-display-inline">Congress finds that—</text>
 <paragraph id="H7A14654C41E14C8B94CCA0EABBFF85A3"><enum>(1)</enum><text>the Great Lakes form the largest freshwater system on Earth;</text> </paragraph><paragraph id="idB07FBD4FE29E4BFC9FE4E114DB455EBB"><enum>(2)</enum><text>Lake Michigan is—</text>
 <subparagraph id="id5CD6FBAC339D47EBB8545FBD9993CF57"><enum>(A)</enum><text>the second largest Great Lake by volume; and</text>
 </subparagraph><subparagraph id="id841B972615BE4A28974D32C93C50DDB9"><enum>(B)</enum><text>the only Great Lake located wholly within the United States;</text>
 </subparagraph></paragraph><paragraph id="HF6F29AC0456246D4B4354CD77EAFEF5D"><enum>(3)</enum><text>the southern shore of Lake Michigan includes some of the most geologically and biologically diverse areas in the United States;</text>
 </paragraph><paragraph id="HA6A311F623864B03A5C8BCA5E3128958"><enum>(4)</enum><text>the unique features that comprise the southern shore of Lake Michigan, also known as the <quote>Indiana Dunes</quote>, were formed over a period of 12,000 years by natural forces, including glaciers, wind, and water;</text>
 </paragraph><paragraph id="id7344216AED0A4FBC8CEB88423AC9BAB1"><enum>(5)</enum><text>glacial melting and fluctuations in the water level resulted in the formation of as many as 7 shorelines along the southern shore of Lake Michigan;</text>
 </paragraph><paragraph id="idCBC8ADD2128A4B9F942CD6316D31E27E"><enum>(6)</enum><text>the process by which the southern shore of Lake Michigan was formed resulted in the biologically diverse beaches, sand dunes, and inter-dune wetlands that can be seen in the southern shore of Lake Michigan today;</text>
 </paragraph><paragraph id="H34A93B8B64064B39A0CC11F18871FF45"><enum>(7)</enum><text>Indian tribes, including the Miami and Potawatomi Indian tribes, inhabited the Indiana Dunes region for over 10,000 years;</text>
 </paragraph><paragraph id="H9A322EBACAC04A3B8E19FD595A058CF2"><enum>(8)</enum><text>local conservation efforts to preserve the Indiana Dunes began as early as 1899 when Henry Cowles, a botanist from the University of Chicago who is known for being one of the founders of contemporary ecological study and thought, published an article entitled <quote>Ecological Relations of the Vegetation on Sand Dunes of Lake Michigan</quote> in the Botanical Gazette, bringing international attention to the intricate ecosystems on the Indiana Dunes;</text>
 </paragraph><paragraph id="HAFAFC951E8A54875BFA7AC2A9B79127D"><enum>(9)</enum><text>on October 30, 1916, 1 month after the establishment of the National Park Service, Stephen Mather, the first Director of the National Park Service, held hearings in Chicago, Illinois, to gauge public sentiment on establishing a large portion of the southern shore of Lake Michigan as one of the first national parks in the United States, to be known as the <quote>Sand Dunes National Park</quote>;</text>
 </paragraph><paragraph id="H06E70A9BFEAB449E929B5C0D5B7CE990"><enum>(10)</enum><text>over 400 people attended the hearings in Chicago, Illinois, of which—</text> <subparagraph id="idF8B877CC9F1D479FBEF77F2635B44DCC"><enum>(A)</enum><text>42 people, including Henry Cowles, spoke in favor of the proposal to establish the national park; and</text>
 </subparagraph><subparagraph id="id6B9828C7B614466FB86E1DC9C5CE9C70"><enum>(B)</enum><text>there were no opponents to the proposal to establish the national park;</text> </subparagraph></paragraph><paragraph id="idCB38BA73B53F4961814A9FCFBF4963D5"><enum>(11)</enum><text>plans for a Sand Dunes National Park were delayed because the United States entered World War I and national focus shifted away from national parks to national defense;</text>
 </paragraph><paragraph id="HAB3C7EF3600B49CE939EF13145CBA3EA"><enum>(12)</enum><text>local conservation efforts to preserve the Indiana Dunes persisted after World War I and culminated in—</text>
 <subparagraph id="id7A3D45F4410045F8B0971E09CCE29331"><enum>(A)</enum><text>the establishment of Indiana Dunes State Park in 1925; and</text> </subparagraph><subparagraph id="id2113013E69E649DA84744EB634717D1F"><enum>(B)</enum><text>the enactment in 1966 of <external-xref legal-doc="public-law" parsable-cite="pl/89/761">Public Law 89–761</external-xref> (<external-xref legal-doc="usc" parsable-cite="usc/16/460u">16 U.S.C. 460u</external-xref> et seq.), which established the Indiana Dunes National Lakeshore;</text>
 </subparagraph></paragraph><paragraph id="H6029F23CE5B74B53873D12F8765D8D4B"><enum>(13)</enum><text>the Indiana Dunes National Lakeshore was subsequently expanded in 1976, 1980, 1986, and 1992;</text> </paragraph><paragraph id="HA59E4D05840247CCBF433FFCC905FC1C"><enum>(14)</enum><text>the Indiana Dunes National Lakeshore and the adjacent Indiana Dunes State Park are comprised of over 15,000 acres of dunes, oak savannas, swamps, bogs, marshes, prairies, rivers, and forests that are preserved for public enjoyment, including 15 miles of shoreline along Lake Michigan that extend from Gary, Indiana, to Michigan City, Indiana;</text>
 </paragraph><paragraph id="HD5403F5EB7A44758B914A64A56740451"><enum>(15)</enum><text>the Indiana Dunes National Lakeshore is—</text> <subparagraph id="idD15B12203A4940D4963AE8E1130CBB0D"><enum>(A)</enum><text>one of the most biologically diverse units of the National Park System, containing 2,336 unique species, including 896 animal species and 1,407 plant species;</text>
 </subparagraph><subparagraph id="HA13653AE390C4677931271A4EBB67574"><enum>(B)</enum><text>a cherished cultural landmark that attracts millions of visitors each year; and</text>
 </subparagraph><subparagraph id="H78E4729136B14290AC16D9F976CCD6DC"><enum>(C)</enum><text>an especially important feeding and resting area for migrating land and water birds, including 350 unique species of birds; and</text>
 </subparagraph></paragraph><paragraph id="HBCF965FDB25646ABB125FE96C54C5F6A"><enum>(16)</enum><text>institutions such as the Dunes Learning Center—</text> <subparagraph id="id6F4F9749D85542D69F66F36740CE1EDF"><enum>(A)</enum><text>attract youth and other community members to the Indiana Dunes; and</text>
 </subparagraph><subparagraph id="id9FA03A5A242A43C6BD982F4CB5A13A56"><enum>(B)</enum><text>provide the youth and other community members with insight on the biodiversity and historical significance of the Indiana Dunes.</text>
				</subparagraph></paragraph></section><section id="H28998FEDDFF841AAB19A44042037FC09"><enum>3.</enum><header>Designation of	Indiana Dunes National Park</header>
			<subsection id="HD772EE66EB5444AEA5A2DF1774EB90D7"><enum>(a)</enum><header>Designation</header>
 <paragraph id="id9B5DF88A68EC433AAEDDFCFC0E2C9F07"><enum>(1)</enum><header>In general</header><text display-inline="yes-display-inline">The first section of <external-xref legal-doc="public-law" parsable-cite="pl/89/761">Public Law 89–761</external-xref> (<external-xref legal-doc="usc" parsable-cite="usc/16/460u">16 U.S.C. 460u</external-xref>) is amended—</text> <subparagraph id="id083CBEEC0F50414BB6D56EF91434A7FA"><enum>(A)</enum><text>in the first sentence—</text>
 <clause id="idC17E52BA03664BBCBDCFDA0064232B5F"><enum>(i)</enum><text>by striking <quote>National Lakeshore</quote> and inserting <quote>National Park</quote>; and</text> </clause><clause id="idA140DD103145470FB394EAB8BCC92C7C"><enum>(ii)</enum><text>by striking <quote>(hereinafter referred to as the <quote>lakeshore</quote>)</quote> and inserting <quote>(referred to in this Act as the <quote>Park</quote>)</quote>; and</text>
 </clause></subparagraph><subparagraph id="idB8D5B3A2E18E433F83A7C165F8728B99"><enum>(B)</enum><text>in the second sentence, by striking <quote>lakeshore</quote> and inserting <quote>Park</quote>.</text> </subparagraph></paragraph><paragraph id="idDD5F66D76DCB4A64BF433E2DB5F7BE3E"><enum>(2)</enum><header>Conforming amendments</header><text>Sections 2 through 24 of <external-xref legal-doc="public-law" parsable-cite="pl/89/761">Public Law 89–761</external-xref> (<external-xref legal-doc="usc" parsable-cite="usc/16/460u-1">16 U.S.C. 460u–1</external-xref> through 460u–24) are amended—</text>
 <subparagraph id="idF32C0BCF0E0245CAB70FE122AA9EDE6F"><enum>(A)</enum><text>by striking <quote>Lakeshore</quote> each place it appears and inserting <quote>Park</quote>; and</text> </subparagraph><subparagraph id="id4920D807AEE34A59AEEEBD9237B6F65D"><enum>(B)</enum><text>by striking <quote>lakeshore</quote> each place it appears and inserting <quote>Park</quote>.</text>
 </subparagraph></paragraph></subsection><subsection id="ide3e6506b9f3748aca2f75aad1a63b5f3"><enum>(b)</enum><header>References</header><text>Any reference in any law, regulation, document, record, map, or other paper of the United States to the Indiana Dunes National Lakeshore shall be considered to be a reference to the <quote>Indiana Dunes National Park</quote>.</text></subsection></section></legis-body></bill>


