<?xml version="1.0"?>
<?xml-stylesheet type="text/xsl" href="billres.xsl"?>
<!DOCTYPE bill PUBLIC "-//US Congress//DTDs/bill.dtd//EN" "bill.dtd">
<bill bill-stage="Introduced-in-Senate" bill-type="olc" dms-id="A1" public-private="public"><metadata xmlns:dc="http://purl.org/dc/elements/1.1/">
<dublinCore>
<dc:title>115 S337 IS: Family and Medical Insurance Leave Act</dc:title>
<dc:publisher>U.S. Senate</dc:publisher>
<dc:date>2017-02-07</dc:date>
<dc:format>text/xml</dc:format>
<dc:language>EN</dc:language>
<dc:rights>Pursuant to Title 17 Section 105 of the United States Code, this file is not subject to copyright protection and is in the public domain.</dc:rights>
</dublinCore>
</metadata>
<form>
<distribution-code display="yes">II</distribution-code><congress>115th CONGRESS</congress><session>1st Session</session><legis-num>S. 337</legis-num><current-chamber>IN THE SENATE OF THE UNITED STATES</current-chamber><action><action-date date="20170207" legis-day="20170206">February 7 (legislative day, February 6), 2017</action-date><action-desc><sponsor name-id="S331">Mrs. Gillibrand</sponsor> (for herself, <cosponsor name-id="S307">Mr. Brown</cosponsor>, <cosponsor name-id="S370">Mr. Booker</cosponsor>, <cosponsor name-id="S361">Ms. Hirono</cosponsor>, <cosponsor name-id="S369">Mr. Markey</cosponsor>, <cosponsor name-id="S322">Mr. Merkley</cosponsor>, <cosponsor name-id="S353">Mr. Schatz</cosponsor>, <cosponsor name-id="S316">Mr. Whitehouse</cosponsor>, <cosponsor name-id="S354">Ms. Baldwin</cosponsor>, <cosponsor name-id="S259">Mr. Reed</cosponsor>, <cosponsor name-id="S341">Mr. Blumenthal</cosponsor>, <cosponsor name-id="S366">Ms. Warren</cosponsor>, <cosponsor name-id="S253">Mr. Durbin</cosponsor>, <cosponsor name-id="S313">Mr. Sanders</cosponsor>, <cosponsor name-id="S364">Mr. Murphy</cosponsor>, <cosponsor name-id="S326">Mr. Udall</cosponsor>, <cosponsor name-id="S270">Mr. Schumer</cosponsor>, <cosponsor name-id="S311">Ms. Klobuchar</cosponsor>, <cosponsor name-id="S332">Mr. Franken</cosponsor>, <cosponsor name-id="S221">Mrs. Feinstein</cosponsor>, <cosponsor name-id="S360">Ms. Heitkamp</cosponsor>, <cosponsor name-id="S229">Mrs. Murray</cosponsor>, <cosponsor name-id="S390">Mr. Van Hollen</cosponsor>, <cosponsor name-id="S057">Mr. Leahy</cosponsor>, <cosponsor name-id="S386">Ms. Duckworth</cosponsor>, <cosponsor name-id="S306">Mr. Menendez</cosponsor>, and <cosponsor name-id="S387">Ms. Harris</cosponsor>) introduced the following bill; which was read twice and referred to the <committee-name committee-id="SSFI00">Committee on Finance</committee-name></action-desc></action><legis-type>A BILL</legis-type><official-title>To provide paid family and medical leave benefits to certain individuals, and for other purposes.</official-title></form>
	<legis-body display-enacting-clause="yes-display-enacting-clause" id="H435DAC79BB274E0F896D4A455B827285" style="OLC">
 <section id="H63A3DE84C4B7437EBD36742D291671D4" section-type="section-one"><enum>1.</enum><header>Short title</header><text display-inline="no-display-inline">This Act may be cited as the <quote><short-title>Family and Medical Insurance Leave Act</short-title></quote> or the <quote><short-title>FAMILY Act</short-title></quote>.</text> </section><section id="HA4C7C3A2F165490594CFEEED8AECD7A9"><enum>2.</enum><header>Findings and purpose</header> <subsection id="H58B48C90DD28480EBBEEB97CB724405C"><enum>(a)</enum><header>Findings</header><text display-inline="yes-display-inline">Congress finds the following:</text>
 <paragraph id="HFA54308C11FE4B39BD3833C833B60B5C"><enum>(1)</enum><text>In more than two-thirds of families with children, all adults in the household work. Six in ten family caregivers report working at jobs unrelated to their care responsibilities and more than half report working full time. Without paid family and medical leave, many workers are unable to take time away from work to care for newborn children, ill or aging parents and relatives, or themselves.</text>
 </paragraph><paragraph id="HA9B5F3CEC80D45928C5E58C19246AA8B"><enum>(2)</enum><text>Both women and men need to be able to take time off work to participate in the care of their children, in the care of seriously ill family members, and to address their own serious health conditions. Yet, a mere 14 percent of workers in the United States have access to paid family leave through their employers, and fewer than 40 percent have access to short-term disability insurance provided by their employer to use for their own illnesses.</text>
 </paragraph><paragraph id="H513DA3ABE828409B894C8E5B14922355"><enum>(3)</enum><text display-inline="yes-display-inline">Many workers cannot afford to take unpaid time off work to provide care. According to the Department of Labor, nearly half of workers who qualified for leave under the Family and Medical Leave Act of 1993 (FMLA) in 2011 were unable to take the leave because they could not afford to take time off without pay. Six in ten workers who took partially paid or unpaid leave reported difficulty making ends meet; half of these workers were forced to cut their leaves short due to financial constraints.</text>
 </paragraph><paragraph id="HCCBF1755633D42378E782000024BCDA9"><enum>(4)</enum><text display-inline="yes-display-inline">Only 14 percent of all workers had access to paid family leave in 2016 and it was available to only 4 percent of people working in the lowest paying jobs. Workers who lack paid family and medical leave face lost wages or even job loss when they miss work because of their own illness or to care for an ill child or parent. In this way, access to paid family and medical leave plays a critical role in families’ efforts to maintain employment and economic security.</text>
 </paragraph><paragraph id="H5FBBFD3A2E214D7F95B196FFC1F6DD3D"><enum>(5)</enum><text display-inline="yes-display-inline">Caregiving has a high value but also comes at a high cost for family caregivers. Working families in the United States lose an estimated $20,600,000,000 in wages each year due to lack of access to paid family and medical leave.</text>
 </paragraph><paragraph id="idC028D73D5B79475E8279B2D73A2501E2"><enum>(6)</enum><text display-inline="yes-display-inline">The estimated value of unpaid family care provided in 2013 was $470,000,000,000. Family caregivers face financial, physical and emotional hardships, and in many cases their careers, incomes, and retirement security suffer because of their family responsibilities.</text>
 </paragraph><paragraph id="id37D45341A79E49E48119AD40CB585822"><enum>(7)</enum><text display-inline="yes-display-inline">The average worker age 50 and older who leaves the workforce to care for an elderly parent loses more than $300,000 in earnings and retirement income. Working caregivers should not have to risk their family’s economic security to fulfill their caregiving obligations.</text>
 </paragraph><paragraph id="HBA20FBE06449434FAF1970D47A945A11"><enum>(8)</enum><text>The population aged 65 and over is expected to double over the next few decades. The number of people with chronic conditions is expected to reach nearly 160,000,000 by 2020. Many of these individuals will at some point require family care, and for older workers still in the workforce, many will need time off at some point to address serious health conditions.</text>
 </paragraph><paragraph id="H971B807B0BE54AF1B2A7D28A876D065D"><enum>(9)</enum><text>Ensuring working family caregivers have paid family leave to care for ailing elders could drive down Medicare costs by decreasing recurrences of ailments and re-admittance into hospitals.</text>
 </paragraph><paragraph id="H989690C0E22845A68856C0C567868637"><enum>(10)</enum><text display-inline="yes-display-inline">Many workers are forced to quickly return to work after the birth or arrival of a child because they have no access to paid family and medical leave. Only half of new mothers take paid leave of any duration after the birth of their first child, and among women with less than a high school education the figure is less than 20 percent—a rate that has not changed in half a century.</text>
 </paragraph><paragraph id="H6E45057D380348B58BD2F539FBE385D5"><enum>(11)</enum><text display-inline="yes-display-inline">When new mothers have no choice but to return to work without taking leave, children can experience a variety of negative outcomes including higher rates of infant mortality, lower rates of breastfeeding, lower rates of immunization, and a higher incidence of maternal physical and mental health concerns. California’s paid family leave insurance program, which has been in effect since 2004, has increased the number of weeks of leave that women take after childbirth, with larger effects among women in jobs that do not provide paid leave.</text>
 </paragraph><paragraph id="H6115B0D916E94192B90B3A90EE3F5A58"><enum>(12)</enum><text>A nationwide paid family and medical leave program would address the persistent sex discrimination in the utilization of leave benefits and reduce the disparity between women and men regarding who takes time off from work to fulfill caregiving duties. This disparity is driven in part by the fact that men continue to be paid more than women, and, as a result, it often makes more economic sense for women in two-parent families to take unpaid leave and forgo their lower salary.</text>
 </paragraph><paragraph id="H4DB4DDD3A4E24055A87064803A30197A"><enum>(13)</enum><text display-inline="yes-display-inline">Many men would like to be more involved in caregiving and report greater work-family conflict than ever before. In California, men’s use of the State’s paid family leave insurance program to care for a new child has more than doubled since the program’s implementation. In Rhode Island, the most recent State to implement a State paid leave program, men took leave at higher rates in the program’s first year than other State programs’ first year.</text>
 </paragraph><paragraph id="id1242CEB6B3A54C2AB23153922AAC5D9D"><enum>(14)</enum><text>High-profile companies are increasingly recognizing the importance of providing paid leave to their workers, regardless of gender, and updating their leave policies to reflect the reality that both men and women need paid leave.</text>
 </paragraph><paragraph id="H43684359BBF249B48828F1C0BFECC0BA"><enum>(15)</enum><text display-inline="yes-display-inline">Paid family and medical leave promotes families’ financial security and independence, increases worker retention, and promotes savings for taxpayers. Women who take paid leave after a child’s birth are more likely to be in the labor force in the 9 to 12 months after a child’s birth and to earn higher wages in the year following their child’s birth. Both men and women who take paid leave after a child’s birth are less likely to receive food stamps and public assistance in the year following a child’s birth.</text>
 </paragraph><paragraph id="HB5FBD665A1BB4D6C86E26F2111AA7351"><enum>(16)</enum><text>Without paid medical leave, workers who are ill or injured may return to work before being fully recovered, thus making them susceptible to a relapse or recurrence, and potentially placing additional burdens on the health care system. When a job requires physical stamina or ability, individuals who return to work too early may put themselves or others in jeopardy.</text>
 </paragraph><paragraph id="H54AB0B75BA864B92AE1C5CCC4184C663"><enum>(17)</enum><text>A social insurance model of providing paid family leave pioneered by the States of California, New Jersey, and Rhode Island has worked well for workers, their families, and employers. The overwhelming majority of California employers report that the State's program had a positive or neutral effect on their business. When workers can care for themselves and their loved ones, employers experience positive impacts.</text>
 </paragraph><paragraph id="id11E2C5ACA9294102B40D88D7D41FB2E8"><enum>(18)</enum><text>According to the Department of Labor’s 2012 survey on the FMLA, more than four times as many worksites covered by the FMLA reported positive effects on employee productivity, absenteeism, turnover, career advancement and morale, as well as the business’ profitability, as reported negative effects.</text>
 </paragraph><paragraph id="id27AD3C05A62C476B9145E2EFF302CF86"><enum>(19)</enum><text>Californians have filed more than 2,100,000 claims to leave to care for a family member or bond with a new child over more than a decade. In New Jersey, more than 217,000 claims have been filed over the more than 6 years of the program’s existence, and in Rhode Island, nearly 13,000 claims were filed in the programs first two years. These claims represent valuable care for new children and seriously ill loved ones.</text>
 </paragraph><paragraph id="HF8717EF3532A40029CB4A2F269D08057"><enum>(20)</enum><text display-inline="yes-display-inline">Social Security is the Nation’s primary social insurance system, with the most complete record of workers' earnings history. It provides retirement assistance and disability benefits currently and, since its creation in 1934, the programs the Social Security Administration administers have been updated multiple times to reflect the changing needs of the population, families and the workforce. The system needs to be changed again now—with appropriate investments to meet the agency’s needs—to reflect today’s realities.</text>
 </paragraph><paragraph id="H984A8E617AD645FA99C2941757AD5AD7"><enum>(21)</enum><text display-inline="yes-display-inline">Researchers at Brandeis University estimate that, following enactment of this Act, the share of families falling into financial hardship (earnings below 200 percent of the Federal poverty line) as a result of taking 12 weeks of unpaid leave would be reduced by more than three-fourths.</text>
 </paragraph></subsection><subsection id="H3FEE53239C5645C68158292A0C3720A4"><enum>(b)</enum><header>Purpose</header><text>It is the purpose of this Act—</text> <paragraph id="HFADA4A2B832B4DE39B4402DB0B949AB0"><enum>(1)</enum><text display-inline="yes-display-inline">to help working families, including single working parents and dual-earner families, afford to take time away from work to provide care for a family member and be good workers;</text>
 </paragraph><paragraph id="H5B6E49E5EDAA4627A3B0E88F79F1A116"><enum>(2)</enum><text>to provide workers with a reasonable level of wage replacement during time away from work for a serious health condition, for the birth or adoption of a child, for the care of a child, spouse, or parent who has a serious health condition, for the care of an injured servicemember, or for qualifying exigencies arising from the deployment of a servicemember;</text>
 </paragraph><paragraph id="H3C7A1CF7915E4281BFD73B285F4B23D9"><enum>(3)</enum><text>to address sex discrimination, promote the goal of equal employment opportunity for women and men, and to provide relief when employers violate the law; and</text>
 </paragraph><paragraph id="H0894CB62A04643F793668E74B4CB5CA9"><enum>(4)</enum><text>to accomplish the purposes described in paragraphs (1), (2), and (3) in a manner that accommodates the legitimate interests of employers.</text>
 </paragraph></subsection></section><section id="H8E81561EFEE54C0CBF0078F9BAA3C303"><enum>3.</enum><header>Definitions</header><text display-inline="no-display-inline">In this Act, the following definitions apply:</text> <paragraph id="HB30A4200063046C38AF0588AA7A71B00"><enum>(1)</enum><header>Caregiving day</header><text display-inline="yes-display-inline">The term <term>caregiving day</term> means, with respect to an individual, a calendar day in which the individual engaged in qualified caregiving.</text>
 </paragraph><paragraph id="H6FE5D5C2B121402DBFBF6E04A06FFCB1"><enum>(2)</enum><header>Commissioner</header><text>The term <term>Commissioner</term> means the Commissioner of Social Security.</text> </paragraph><paragraph id="H35CC90B780EB4998BAA577ADCFB9A3A8"><enum>(3)</enum><header>Deputy Commissioner</header><text display-inline="yes-display-inline">The term <term>Deputy Commissioner</term> means the Deputy Commissioner who heads the Office of Paid Family and Medical Leave established under section 4(a).</text>
 </paragraph><paragraph id="H60855ED57CCC4A49B4BAF2F9609D671F"><enum>(4)</enum><header>Eligible individual</header><text display-inline="yes-display-inline">The term <term>eligible individual</term> means an individual who is entitled to a benefit under section 5 for a particular month, upon filing an application for such benefit for such month.</text>
 </paragraph><paragraph id="H1A4C1A86E8C24C929F97AA98476B5C7A"><enum>(5)</enum><header>Initial waiting period</header><text>The term <term>initial waiting period</term> means a period beginning with the first caregiving day of an individual occurring during the individual’s benefit period and ending after the earlier of—</text>
 <subparagraph id="H8C3CC13D07754D14A098CC8A8C971C31"><enum>(A)</enum><text>the fifth caregiving day of the individual occurring during the benefit period; or</text> </subparagraph><subparagraph id="HC3A9D14FF2504F369B06D8BBFA08FD81"><enum>(B)</enum><text>the month preceding the first month in the benefit period during which occur not less than 15 caregiving days of the individual.</text>
 </subparagraph></paragraph><paragraph id="H5159AD8AF42B46B6B135C449CEFFA424"><enum>(6)</enum><header>Qualified caregiving</header><text display-inline="yes-display-inline">The term <term>qualified caregiving</term> means any activity engaged in by an individual, other than regular employment, for a reason for which an eligible employee would be entitled to leave under subparagraphs (A) through (E) of paragraph (1) of section 102(a) of the Family and Medical Leave Act of 1993 (<external-xref legal-doc="usc" parsable-cite="usc/29/2612">29 U.S.C. 2612(a)</external-xref>).</text>
 </paragraph><paragraph id="H8EE1309606C64E7ABFE6A18531E9EAC7"><enum>(7)</enum><header>Self-employment income</header><text>The term <term>self-employment income</term> has the same meaning as such term in section 211(b) of such Act (<external-xref legal-doc="usc" parsable-cite="usc/42/411">42 U.S.C. 411(b)</external-xref>).</text> </paragraph><paragraph id="H7AFDE919A99F48CF91D8DB8E54BBA981"><enum>(8)</enum><header>State</header><text>The term <term>State</term> means any State of the United States or the District of Columbia or any territory or possession of the United States.</text>
 </paragraph><paragraph id="HAA6FBEAE819E44A0836F5E5594A1C9B3"><enum>(9)</enum><header>Wages</header><text>The term <term>wages</term>, except as such term is used in subsection (h)(2) of section 5, has the same meaning as such term in section 209 of the Social Security Act (<external-xref legal-doc="usc" parsable-cite="usc/42/409">42 U.S.C. 409</external-xref>).</text>
 </paragraph><paragraph id="HA55FC189CCC94C6E8C4C42375B764482"><enum>(10)</enum><header><enum-in-header>60-</enum-in-header>day limitation period</header><text>The term <term>60-day limitation period</term> means a period—</text> <subparagraph id="HA6CE65645DC842BDA523E9F9A3E76C8C"><enum>(A)</enum><text>beginning with the first caregiving day of an individual occurring during the individual’s benefit period and after the expiration of the individual’s 5-day waiting period, if applicable; and</text>
 </subparagraph><subparagraph id="HB3FA37C8E710463DBED16988EE0EB212"><enum>(B)</enum><text>ending with the 60th caregiving day of the individual occurring during the benefit period and after the expiration of the 5-day waiting period,</text>
				</subparagraph><continuation-text continuation-text-level="paragraph">disregarding any caregiving day of the individual occurring during any month in the benefit period
			 after the first 20 caregiving days of the individual occurring during such
			 month.</continuation-text></paragraph></section><section id="H5874218A5FDC4456B7E87571E468259C"><enum>4.</enum><header>Office of Paid Family and Medical Leave</header>
 <subsection id="HB55CF524FBB94A02935025BBBDBBE649"><enum>(a)</enum><header>Establishment of Office</header><text display-inline="yes-display-inline">There is established within the Social Security Administration an office to be known as the Office of Paid Family and Medical Leave. The Office shall be headed by a Deputy Commissioner who shall be appointed by the Commissioner.</text>
 </subsection><subsection id="H0BEE269C6FD74A6CBCE3770C2898F566"><enum>(b)</enum><header>Responsibilities of Deputy Commissioner</header><text display-inline="yes-display-inline">The Commissioner, acting through the Deputy Commissioner, shall be responsible for—</text> <paragraph id="H478E2C4827494AE48E95D6E41338E4CD"><enum>(1)</enum><text>hiring personnel and making employment decisions with regard to such personnel;</text>
 </paragraph><paragraph id="H7F7A9E37D130484F8DC99E65F3C96AF5"><enum>(2)</enum><text>issuing such regulations as may be necessary to carry out the purposes of this Act;</text> </paragraph><paragraph id="H7A9B915437C349A4B910626EC402A1A2"><enum>(3)</enum><text>entering into cooperative agreements with other agencies and departments to ensure the efficiency of the administration of the program;</text>
 </paragraph><paragraph id="H63FB4B6F3A524013A4DB97A76AA0C545"><enum>(4)</enum><text>determining eligibility for family and medical leave insurance benefits under section 5;</text> </paragraph><paragraph id="HF437320C0ACD40A59DF35A4E99139946"><enum>(5)</enum><text>determining benefit amounts for each month of such eligibility and making timely payments of such benefits to entitled individuals in accordance with such section;</text>
 </paragraph><paragraph id="H14EC44519DD04738B427A838C35CD098"><enum>(6)</enum><text>establishing and maintaining a system of records relating to the administration of such section;</text> </paragraph><paragraph id="H0C5E819A891447309D1DBCAA3E871BED"><enum>(7)</enum><text>preventing fraud and abuse relating to such benefits;</text>
 </paragraph><paragraph commented="no" id="HDE809B8FB3644FB5B6BB0C9D9F67E84C"><enum>(8)</enum><text>providing information on request regarding eligibility requirements, the claims process, benefit amounts, maximum benefits payable, notice requirements, nondiscrimination rights, confidentiality, coordination of leave under this Act and other laws, collective bargaining agreements, and employer policies;</text>
 </paragraph><paragraph commented="no" id="HDCE4E066C5474F03992CA8A9D01844F7"><enum>(9)</enum><text>annually providing employers a notice informing employees of the availability of such benefits;</text> </paragraph><paragraph commented="no" id="H27E73D698B2745A093691F3EDB033773"><enum>(10)</enum><text>annually making available to the public a report that includes the number of individuals who received such benefits, the purposes for which such benefits were received, and an analysis of utilization rates of such benefits by gender, race, ethnicity, and income levels; and</text>
 </paragraph><paragraph commented="no" id="H593AAD3CEB354FCFA5B9BBF58EA3B0E5"><enum>(11)</enum><text>tailoring culturally and linguistically competent education and outreach toward increasing utilization rates of benefits under such section.</text>
 </paragraph></subsection><subsection id="H3BFB1C054775422B9906677A97AAE718"><enum>(c)</enum><header>Availability of data</header><text>The Commissioner shall make available to the Deputy Commissioner such data as the Commissioner determines necessary to enable the Deputy Commissioner to effectively carry out the responsibilities described in subsection (b).</text>
			</subsection></section><section id="H551E138660A64B309AD402EB5D39EC2E"><enum>5.</enum><header>Family and Medical Leave Insurance benefit payments</header>
 <subsection display-inline="no-display-inline" id="HA1C972C0FDD04D93BE1B86E20CB8AF39"><enum>(a)</enum><header>In general</header><text>Every individual who—</text> <paragraph id="HB60165530A2D4414911024916FE27667"><enum>(1)</enum><text display-inline="yes-display-inline">is insured for disability insurance benefits (as determined under section 223(c) of the Social Security Act (<external-xref legal-doc="usc" parsable-cite="usc/42/423">42 U.S.C. 423(c)</external-xref>)) at the time such individual’s application is filed;</text>
 </paragraph><paragraph id="H3873085A89FC4713A081F9252E603676"><enum>(2)</enum><text>has earned income from employment during the 12 months prior to the month in which the application is filed;</text>
 </paragraph><paragraph id="H5F3861E400B0459AA723A6A9C76DDC64"><enum>(3)</enum><text>has filed an application for a family and medical leave insurance benefit in accordance with subsection (d); and</text>
 </paragraph><paragraph id="HE54E38AAE2AD426D9DD1940252BD7E76"><enum>(4)</enum><text display-inline="yes-display-inline">was engaged in qualified caregiving, or anticipates being so engaged, during the period that begins 90 days before the date on which such application is filed or within 30 days after such date,</text>
				</paragraph><continuation-text continuation-text-level="subsection">shall be entitled to such a benefit for each month in the benefit period specified in subsection
			 (c), not to exceed 60 caregiving days per benefit period.</continuation-text></subsection><subsection commented="no" id="H0C5B207084CD4058BE5FB70CA5398BF4"><enum>(b)</enum><header>Benefit amount</header>
 <paragraph commented="no" display-inline="no-display-inline" id="HC4363D627568491D80BA71415EC0DD26"><enum>(1)</enum><header>In general</header><text>Except as otherwise provided in this subsection, the benefit amount to which an individual is entitled under this section for a month shall be an amount equal to the greater of—</text>
 <subparagraph commented="no" id="H458A80A6113B47338FD9705BC77176E5"><enum>(A)</enum><text display-inline="yes-display-inline">the lesser of <fraction>1/18</fraction> of the wages and self-employment income of the individual for the calendar year in which such wages and self-employment income are the highest among the most recent three calendar years, or the maximum benefit amount determined under paragraph (2); or</text>
 </subparagraph><subparagraph commented="no" id="HB411FBB0AB6C4BEFB1F45C40209E7994"><enum>(B)</enum><text display-inline="yes-display-inline">the minimum benefit amount determined under paragraph (2),</text> </subparagraph><continuation-text continuation-text-level="paragraph">multiplied by the quotient (not greater than 1) obtained by dividing the number of caregiving days of the individual in such month by 20.</continuation-text></paragraph><paragraph commented="no" id="H6CB99D53C864414D8E1CA32AF910D6B1"><enum>(2)</enum><header>Annual increase of maximum and minimum benefit amounts</header> <subparagraph commented="no" id="H1E400B0B6E98418AB2F3768C2B8EB75D"><enum>(A)</enum><text>For individuals who initially become eligible for family and medical leave insurance benefits in the first full calendar year after the date of enactment of this Act, the maximum monthly benefit amount and the minimum monthly benefit amount shall be $4,000 and $580, respectively.</text>
 </subparagraph><subparagraph commented="no" id="H224168654B464159B636D76075EEC183"><enum>(B)</enum><text display-inline="yes-display-inline">For individuals who initially become eligible for family and medical leave insurance benefits in any calendar year after such first full calendar year the maximum benefit amount and the minimum benefit amount shall be, respectively, the product of the corresponding amount determined with respect to the first calendar year under subparagraph (A) and the quotient obtained by dividing—</text>
 <clause commented="no" id="H432F2A10E4534DE2954FAD65ADC39864"><enum>(i)</enum><text>the national average wage index (as defined in section 209(k)(1) of the Social Security Act (<external-xref legal-doc="usc" parsable-cite="usc/42/409">42 U.S.C. 409(k)(1)</external-xref>)) for the second calendar year preceding the first calendar year for which the determination is made, by</text>
 </clause><clause commented="no" id="H99274599AC4A4E5DB4550976ABEA3A34"><enum>(ii)</enum><text>the national average wage index (as so defined) for 2017.</text> </clause></subparagraph></paragraph><paragraph id="HA57954437278459694E8C0A76B9D4092"><enum>(3)</enum><header>Limitations on benefits paid</header> <subparagraph id="H426D5D164AED4283B0FDD2A03D571D3C"><enum>(A)</enum><header>Nonpayable waiting period</header><text display-inline="yes-display-inline">Any calendar day during an individual’s benefit period which occurs before the expiration of an initial waiting period shall not be taken into account under this subsection as a caregiving day of the individual.</text>
 </subparagraph><subparagraph id="HF8B0E616F98A4240BDEE72B85E7DCA4E"><enum>(B)</enum><header>Limitation on total benefits paid</header><text display-inline="yes-display-inline">Any calendar day during an individual’s benefit period which occurs after the expiration of a 60-day limitation period shall not be taken into account under this subsection as a caregiving day of the individual.</text>
 </subparagraph></paragraph><paragraph id="H0444CB0DEB6443D186AEA730D2F01A51"><enum>(4)</enum><header>Reduction in benefit amount on account of receipt of certain benefits</header><text display-inline="yes-display-inline">A benefit under this section for a month shall be reduced by the amount, if any, in certain benefits (as determined under regulations issued by the Commissioner) as may be otherwise received by an individual. For purposes of the preceding sentence, certain benefits include—</text>
 <subparagraph id="H8F96539A9B294D19BE47E9D5846C1FEF"><enum>(A)</enum><text display-inline="yes-display-inline">periodic benefits on account of such individual’s total or partial disability under a workmen’s compensation law or plan of the United States or a State; and</text>
 </subparagraph><subparagraph id="H1A31701AE6294E88AF6F9686A70B9098"><enum>(B)</enum><text>periodic benefits on account of an individual’s employment status under an unemployment law or plan of the United States or a State.</text>
 </subparagraph></paragraph><paragraph id="HB46AE524BA7843F594D119F30F5DCC0B"><enum>(5)</enum><header>Coordination of benefit amount with certain state benefits</header><text>A benefit received under this section shall be coordinated, in a manner determined by regulations issued by the Commissioner, with the periodic benefits received from temporary disability insurance or family leave insurance programs under any law or plan of a State, a political subdivision (as that term is used in section 218(b)(2) of the Social Security Act (<external-xref legal-doc="usc" parsable-cite="usc/42/418">42 U.S.C. 418(b)(2)</external-xref>)), or an instrumentality of two or more States (as that term is used in section 218(g) of such Act of the Social Security Act (<external-xref legal-doc="usc" parsable-cite="usc/42/418">42 U.S.C. 418(g)</external-xref>)).</text>
				</paragraph></subsection><subsection id="H1A2D5C2916994F0CA498A2462961CEFD"><enum>(c)</enum><header>Benefit period</header>
 <paragraph id="H063ECF7B3C9A49DB9C4894923058885B"><enum>(1)</enum><header>In general</header><text>Except as provided in paragraph (2), the benefit period specified in this subsection shall begin on the 1st day of the 1st month in which the individual meets the criteria specified in paragraphs (1), (2), and (3) of subsection (a), and shall end on the date that is 365 days after the 1st day of the benefit period.</text>
 </paragraph><paragraph id="H45A2DB32DC884C208984BF901D05EA70"><enum>(2)</enum><header>Retroactive benefits</header><text display-inline="yes-display-inline">In the case of an application for benefits under this section for qualified caregiving in which the individual was engaged at any time during the 90-day period preceding the date on which such application is submitted, the benefit period specified in this subsection shall begin on the later of—</text>
 <subparagraph id="H7C8CCB5B4885441C9C27E1E3CC3C18BF"><enum>(A)</enum><text>the 1st day of the 1st month in which the individual engaged in such qualified caregiving; or</text> </subparagraph><subparagraph id="H70A8DF147D354EF8B51668C7C41A7879"><enum>(B)</enum><text>the 1st day of the 1st month that begins during such 90-day period,</text>
 </subparagraph><continuation-text continuation-text-level="paragraph">and shall end on the date that is 365 days after the 1st day of the benefit period.</continuation-text></paragraph></subsection><subsection id="H1A830BCB0429460C8A2309B300ED7BBA"><enum>(d)</enum><header>Application</header><text display-inline="yes-display-inline">An application for a family and medical leave insurance benefit shall include—</text> <paragraph id="H31B8BACDBB254DFC8055ADD0150F0136"><enum>(1)</enum><text>a statement that the individual was engaged in qualified caregiving, or anticipates being so engaged, during the period that begins 90 days before the date on which the application is submitted or within 30 days after such date;</text>
 </paragraph><paragraph id="H64B477BF35064EADBD0E0538ADE8EAA7"><enum>(2)</enum><text>if the qualified caregiving described in the statement in paragraph (1) is engaged in by the individual because of a serious health condition of the individual or a relative of the individual, a certification, issued by the health care provider treating such serious health condition, that affirms the information specified in paragraph (1) and contains such information as the Commissioner shall specify in regulations, which shall be no more than the information that is required to be stated under section 103(b) of the Family and Medical Leave Act of 1993 (<external-xref legal-doc="usc" parsable-cite="usc/29/2613">29 U.S.C. 2613(b)</external-xref>);</text>
 </paragraph><paragraph id="H0641385196BD49DF89AF2730BCF727F9"><enum>(3)</enum><text>if such qualified caregiving is engaged in by the individual for any other authorized reason, a certification, issued by a relevant authority determined under regulations issued by the Commissioner, that affirms the circumstances giving rise to such reason; and</text>
 </paragraph><paragraph commented="no" id="H28857414E5D94CDFA44B8B3F8CFEF9CF"><enum>(4)</enum><text display-inline="yes-display-inline">an attestation from the applicant that his or her employer has been provided with written notice of the individual’s intention to take family or medical leave, if the individual has an employer, or to the Commissioner in all other cases.</text>
				</paragraph></subsection><subsection display-inline="no-display-inline" id="HCFC6CEC1718E42D297FAD19CA23E12AB"><enum>(e)</enum><header>Ineligibility; disqualification</header>
 <paragraph id="HE2E3E3DE208C488E8B07CE2328D8C82F"><enum>(1)</enum><header>Ineligibility for benefit</header><text>An individual shall be ineligible for a benefit under this section for any month for which the individual is entitled to—</text>
 <subparagraph id="H20B6EC54030A4F5680F4B365F4B2E343"><enum>(A)</enum><text display-inline="yes-display-inline">disability insurance benefits under section 223 of the Social Security Act (<external-xref legal-doc="usc" parsable-cite="usc/42/423">42 U.S.C. 423</external-xref>) or a similar permanent disability program under any law or plan of a State or political subdivision or instrumentality of a State (as such terms are used in section 218 of the Social Security Act (<external-xref legal-doc="usc" parsable-cite="usc/42/418">42 U.S.C. 418</external-xref>));</text>
 </subparagraph><subparagraph id="H6B7F883F8E7D438E8AFE49D476CB9BF2"><enum>(B)</enum><text display-inline="yes-display-inline">monthly insurance benefits under section 202 of such Act (<external-xref legal-doc="usc" parsable-cite="usc/42/402">42 U.S.C. 402</external-xref>) based on such individual's disability (as defined in section 223(d) of such Act (<external-xref legal-doc="usc" parsable-cite="usc/42/423">42 U.S.C. 423(d)</external-xref>)); or</text>
 </subparagraph><subparagraph id="HB9758B1BD82540C2B8CC4AA1BF759DFF"><enum>(C)</enum><text display-inline="yes-display-inline">benefits under title XVI of such Act (<external-xref legal-doc="usc" parsable-cite="usc/42/1381">42 U.S.C. 1381</external-xref> et seq.) based on such individual’s status as a disabled individual (as determined under section 1614 of such Act (<external-xref legal-doc="usc" parsable-cite="usc/42/1382c">42 U.S.C. 1382c</external-xref>)).</text>
 </subparagraph></paragraph><paragraph id="H944246FA51614EFD92DCAE7A5C53BD13"><enum>(2)</enum><header>Disqualification</header><text display-inline="yes-display-inline">An individual who has been convicted of a violation under section 208 of the Social Security Act (<external-xref legal-doc="usc" parsable-cite="usc/42/408">42 U.S.C. 408</external-xref>) or who has been found to have used false statements to secure benefits under this section, shall be ineligible for benefits under this section for a 1-year period following the date of such conviction.</text>
				</paragraph></subsection><subsection commented="no" id="H4A68D984336C4420B844B9A3D8950E8E"><enum>(f)</enum><header>Review of eligibility and benefit payment determinations</header>
				<paragraph commented="no" id="H9E7F26F69ACD43B7AB5252A53C70B38F"><enum>(1)</enum><header>Eligibility determinations</header>
 <subparagraph id="H83263B34975D4C899D0F5D0375372779"><enum>(A)</enum><header>In general</header><text>The Commissioner shall provide notice to an individual applying for benefits under this section of the initial determination of eligibility for such benefits, and the estimated benefit amount for a month in which one caregiving day of the individual occurs, as soon as practicable after the application is received.</text>
 </subparagraph><subparagraph id="H7A9631D5D8F74009936CE81D908E4E93"><enum>(B)</enum><header>Review</header><text>An individual may request review of an initial adverse determination with respect to such application at any time before the end of the 20-day period that begins on the date notice of such determination is received, except that such 20-day period may be extended for good cause. As soon as practicable after the individual requests review of the determination, the Commissioner shall provide notice to the individual of a final determination of eligibility for benefits under this section.</text>
					</subparagraph></paragraph><paragraph id="HC2EDB4A72C304FCEA6D9C4374DBCE969"><enum>(2)</enum><header>Benefit payment determinations</header>
 <subparagraph id="H1384B35DF2C24D5EB22F58D4DE7F5BF9"><enum>(A)</enum><header>In general</header><text display-inline="yes-display-inline">The Commissioner shall make any monthly benefit payment to an individual claiming benefits for a month under this section, or provide notice of the reason such payment will not be made if the Commissioner determines that the individual is not entitled to payment for such month, not later than 20 days after the individual’s monthly benefit claim report for such month is received. Such monthly report shall be filed with the Commissioner not later than 15 days after the end of each month.</text>
 </subparagraph><subparagraph id="HC5D7E9B51D7E470C9D911CA22D495612"><enum>(B)</enum><header>Review</header><text display-inline="yes-display-inline">If the Commissioner determines that payment will not be made to an individual for a month, or if the Commissioner determines that payment shall be made based on a number of caregiving days in the month inconsistent with the number of caregiving days in the monthly benefit claim report of the individual for such month, the individual may request review of such determination at any time before the end of the 20-day period that begins on the date notice of such determination is received, except that such 20-day period may be extended for good cause. Not later than 20 days after the individual requests review of the determination, the Commissioner shall provide notice to the individual of a final determination of payment for such month, and shall make payment to the individual of any additional amount not included in the initial payment to the individual for such month to which the Commissioner determines the individual is entitled.</text>
 </subparagraph></paragraph><paragraph commented="no" id="HD1182F1D885A423D8A338726D8BF7565"><enum>(3)</enum><header>Burden of proof</header><text display-inline="yes-display-inline">An application for benefits under this section and a monthly benefit claim report of an individual shall each be presumed to be true and accurate, unless the Commissioner demonstrates by a preponderance of the evidence that information contained in the application is false.</text>
 </paragraph><paragraph id="H7EB9F07364C94549971F988F0F8BEF43"><enum>(4)</enum><header>Definition of monthly benefit claim report</header><text>For purposes of this subsection, the term <term>monthly benefit claim report</term> means, with respect to an individual for a month, the individual’s report to the Commissioner of the number of caregiving days of the individual in such month, which shall be filed no later than 15 days after the end of each month.</text>
 </paragraph><paragraph id="H3883CA0B1726465BA3C6114368689830"><enum>(5)</enum><header>Review</header><text>All final determinations of the Commissioner under this subsection shall be reviewable according to the procedures set out in section 205 of the Social Security Act (<external-xref legal-doc="usc" parsable-cite="usc/42/405">42 U.S.C. 405</external-xref>).</text>
				</paragraph></subsection><subsection id="H03CD4318B66C4C51AC28B8E0BC521DAF"><enum>(g)</enum><header>Relationship with State law; employer benefits</header>
 <paragraph id="H32B3E9B563C7408FAEFA371D3970C0EF"><enum>(1)</enum><header>In general</header><text>This section does not preempt or supercede any provision of State or local law that authorizes a State or local municipality to provide paid family and medical leave benefits similar to the benefits provided under this section.</text>
 </paragraph><paragraph id="HD747FB87DEE343388AA6EA1BDFE1509D"><enum>(2)</enum><header>Greater benefits allowed</header><text display-inline="yes-display-inline">Nothing in this Act shall be construed to diminish the obligation of an employer to comply with any contract, collective bargaining agreement, or any employment benefit program or plan that provides greater paid leave or other leave rights to employees than the rights established under this Act.</text>
				</paragraph></subsection><subsection id="HFB3B251631DA494C9D32047AA09626AD"><enum>(h)</enum><header>Prohibited Acts; enforcement</header>
 <paragraph id="H3878378F58C54FDABAB4BA83D22E83FB"><enum>(1)</enum><header>In general</header><text display-inline="yes-display-inline">It shall be unlawful for any person to discharge or in any other manner discriminate against an individual because the individual has applied for, indicated an intent to apply for, or received family and medical leave insurance benefits.</text>
				</paragraph><paragraph display-inline="no-display-inline" id="H6E3D3639997A4536A4556401C8DBF6F4"><enum>(2)</enum><header>Civil Action by an individual</header>
 <subparagraph id="H786FB36AF90144C18E65599BC4E5759F"><enum>(A)</enum><header>Liability</header><text>Any person who violates paragraph (1) shall be liable to any individual employed by such person who is affected by the violation—</text>
 <clause id="H6EF62B9D685643F1B36CE4D9A99D5D4E"><enum>(i)</enum><text>for damages equal to the sum of—</text> <subclause id="H3FAAB4BF31724A66B83BB17673D1E55E"><enum>(I)</enum><text>the amount of—</text>
 <item id="H62AD7DAB932E497D937FE9274F736616"><enum>(aa)</enum><text>any wages, salary, employment benefits, or other compensation denied or lost to such individual by reason of the violation; or</text>
 </item><item id="HF286A27875F94E65AA43352BA2E64E33"><enum>(bb)</enum><text>in a case in which wages, salary, employment benefits, or other compensation have not been denied or lost to the individual, any actual monetary losses sustained by the individual as a direct result of the violation, such as the cost of providing care, up to a sum equal to 60 calendar days of wages or salary for the individual;</text>
 </item></subclause><subclause id="HDCA8197F83FF4B6F87F3B0B9ED317E8C"><enum>(II)</enum><text>the interest on the amount described in subclause (I) calculated at the prevailing rate; and</text> </subclause><subclause id="HE4484188C7224A8ABD8F648D75ECFA31"><enum>(III)</enum><text>an additional amount as liquidated damages equal to the sum of the amount described in subclause (I) and the interest described in subclause (II), except that if a person who has violated paragraph (1) proves to the satisfaction of the court that the act or omission which violated paragraph (1) was in good faith and that the person had reasonable grounds for believing that the act or omission was not a violation of paragraph (1), such court may, in the discretion of the court, reduce the amount of the liability to the amount and interest determined under subclauses (I) and (II), respectively; and</text>
 </subclause></clause><clause id="H610412DA10A44F11BB92EFCFBACF8E43"><enum>(ii)</enum><text>for such equitable relief as may be appropriate, including employment, reinstatement, and promotion.</text>
 </clause></subparagraph><subparagraph id="H6457A6701962434EB9F49721D4DAC358"><enum>(B)</enum><header>Right of action</header><text>An action to recover the damages or equitable relief prescribed in subparagraph (A) may be maintained against any person in any Federal or State court of competent jurisdiction by any individual for and on behalf of—</text>
 <clause id="H234A02CDF3B84864BE75CF0422D38C1A"><enum>(i)</enum><text>the individual; or</text> </clause><clause id="H393EECAF75CF48E8A7D542DC4335F6BF"><enum>(ii)</enum><text>the individual and other individuals similarly situated.</text>
 </clause></subparagraph><subparagraph id="HFA65AAB3D66347A7AC2289289B0F5481"><enum>(C)</enum><header>Fees and costs</header><text>The court in such an action shall, in addition to any judgment awarded to the plaintiff, allow a reasonable attorney's fee, reasonable expert witness fees, and other costs of the action to be paid by the defendant.</text>
 </subparagraph><subparagraph id="HB4939058C05F48C988AD75062D4C0375"><enum>(D)</enum><header>Limitations</header><text>The right provided by subparagraph (B) to bring an action by or on behalf of any individual shall terminate—</text>
 <clause id="HB080D7F68E84490FB5223086F81065E5"><enum>(i)</enum><text>on the filing of a complaint by the Commissioner in an action under paragraph (5) in which restraint is sought of any further delay in the payment of the amount described in subparagraph (A)(I) to such individual by the person responsible under subparagraph (A) for the payment; or</text>
 </clause><clause id="HA5ADE063EA3A403187352697913B1CC3"><enum>(ii)</enum><text display-inline="yes-display-inline">on the filing of a complaint by the Commissioner in an action under paragraph (3) in which a recovery is sought of the damages described in subparagraph (A)(I) owing to an individual by a person liable under subparagraph (A),</text>
						</clause><continuation-text continuation-text-level="subparagraph">unless the action described in clause (i) or (ii) is dismissed without prejudice on motion of the
			 Commissioner.</continuation-text></subparagraph></paragraph><paragraph display-inline="no-display-inline" id="H7F8FA375D7B447C3AB0FF9BD5D81E8EB"><enum>(3)</enum><header>Action by the Commissioner</header>
 <subparagraph id="H80860464D9E441A581DEEBB9F1415F7D"><enum>(A)</enum><header>Civil action</header><text>The Commissioner may bring an action in any court of competent jurisdiction to recover the damages described in paragraph (2)(A)(I).</text>
 </subparagraph><subparagraph id="HD2C434ADCD5A48CD8B76B902C638EDF8"><enum>(B)</enum><header>Sums recovered</header><text>Any sums recovered by the Commissioner pursuant to subparagraph (A) shall be held in a special deposit account and shall be paid, on order of the Commissioner, directly to each individual affected. Any such sums not paid to an individual because of inability to do so within a period of 3 years shall be deposited into the Federal Family and Medical Leave Insurance Trust Fund.</text>
					</subparagraph></paragraph><paragraph id="H1644F69B5F4A47E5867BD7221A53A274"><enum>(4)</enum><header>Limitation</header>
 <subparagraph id="H2470CA900603458EB07DBF64365DD151"><enum>(A)</enum><header>In general</header><text>An action may be brought under this subsection not later than 3 years after the date of the last event constituting the alleged violation for which the action is brought.</text>
 </subparagraph><subparagraph id="H1E7276E7CE99464F97BDEC46758D32AE"><enum>(B)</enum><header>Commencement</header><text>An action brought by the Commissioner under this subsection shall be considered to be commenced on the date when the complaint is filed.</text>
 </subparagraph></paragraph><paragraph id="HCD2EA5EBAFD145499163FFDA0FA26A8F"><enum>(5)</enum><header>Action for Injunction by Commissioner</header><text>The district courts of the United States shall have jurisdiction, for cause shown, in an action brought by the Commissioner—</text>
 <subparagraph id="HDA0B2D43CDEF4A7282876B93F1006CA1"><enum>(A)</enum><text>to restrain violations of paragraph (1), including the restraint of any withholding of payment of wages, salary, employment benefits, or other compensation, plus interest, found by the court to be due to an individual; or</text>
 </subparagraph><subparagraph id="H0F54A518E0AE4473BD8DDA4842E8A0A4"><enum>(B)</enum><text>to award such other equitable relief as may be appropriate, including employment, reinstatement, and promotion.</text>
 </subparagraph></paragraph></subsection><subsection id="H2B90EFA6D3704639BF880E33DBD90E33"><enum>(i)</enum><header>Special rule for railroad employees</header><text display-inline="yes-display-inline">For purposes of subsection (a)(1), an individual shall be deemed to be insured for disability insurance benefits if the individual would be so insured if the individual’s service as an employee (as defined in the section 1(b) of the Railroad Retirement Act of 1974) after December 31, 1936, were included within the meaning of the term <term>employment</term> for purposes of title II of the Social Security Act (<external-xref legal-doc="usc" parsable-cite="usc/42/401">42 U.S.C. 401</external-xref> et seq.).</text>
			</subsection><subsection commented="no" id="H98502E2E2DBA41188B2744C44066D624"><enum>(j)</enum><header>Determination of whether an activity constitutes qualified caregiving</header>
 <paragraph commented="no" id="H04917E42D1E04077BAD18D462763F497"><enum>(1)</enum><header>In general</header><text>For purposes of determining whether an activity engaged in by an individual constitutes qualified caregiving under this section—</text>
 <subparagraph commented="no" id="HD37D7C9338044B49ABE670CC8C0283B2"><enum>(A)</enum><text display-inline="yes-display-inline">the term <term>spouse</term> (as used in section 102(a) of the Family and Medical Leave Act (<external-xref legal-doc="usc" parsable-cite="usc/29/2612">29 U.S.C. 2612(a)</external-xref>)) includes the individual’s domestic partner; and</text>
 </subparagraph><subparagraph commented="no" id="HFAA8C72C7AD842F6B18541A6AC976221"><enum>(B)</enum><text display-inline="yes-display-inline">the term <term>son or daughter</term> (as used in such section) includes a son or daughter (as defined in section 101 of such Act) of the individual’s domestic partner.</text>
					</subparagraph></paragraph><paragraph commented="no" id="HF733A1274D5B46F9A302A12432BCFA30"><enum>(2)</enum><header>Domestic partner</header>
 <subparagraph commented="no" id="HEC98A9160905422DA1665763F8249AEA"><enum>(A)</enum><header>In general</header><text>For purposes of paragraph (1), the term <term>domestic partner</term>, with respect to an individual, means another individual with whom the individual is in a committed relationship.</text>
 </subparagraph><subparagraph commented="no" id="H8A6586F8E0574DFEA32FAD320B9163FB"><enum>(B)</enum><header>Committed relationship defined</header><text display-inline="yes-display-inline">The term <term>committed relationship</term> means a relationship between two individuals (each at least 18 years of age) in which each individual is the other individual’s sole domestic partner and both individuals share responsibility for a significant measure of each other’s common welfare. The term includes any such relationship between two individuals, including individuals of the same sex, that is granted legal recognition by a State or political subdivision of a State as a marriage or analogous relationship, including a civil union or domestic partnership.</text>
 </subparagraph></paragraph></subsection><subsection id="HC5D6E6D12B5E4B398BF6561A68261617"><enum>(k)</enum><header>Applicability of certain Social Security Act provisions</header><text>The provisions of sections 204, 205, 206, and 208 of the Social Security Act shall apply to benefit payments authorized by and paid out pursuant to this section in the same way that such provisions apply to benefit payments authorized by and paid out pursuant to title II of such Act.</text>
 </subsection><subsection id="H7473596A05C04544AC0DA4FE585085A1"><enum>(l)</enum><header>Effective date for applications</header><text display-inline="yes-display-inline">Applications described in this section may be filed beginning 18 months after the date of enactment of this Act.</text>
			</subsection></section><section id="H1D893AFC7E0949A2842CF5B1B00CA5A0"><enum>6.</enum><header>Establishment of Family and Medical Leave Insurance Trust Fund</header>
 <subsection id="H6ED3D89548B44B52AFB6D85770330FBA"><enum>(a)</enum><header>In general</header><text display-inline="yes-display-inline">There is hereby created on the books of the Treasury of the United States a trust fund to be known as the <term>Federal Family and Medical Leave Insurance Trust Fund</term>. The Federal Family and Medical Leave Insurance Trust Fund shall consist of such gifts and bequests as may be made as provided in section 201(i)(1) of the Social Security Act (<external-xref legal-doc="usc" parsable-cite="usc/42/401">42 U.S.C. 401(i)(1)</external-xref>) and such amounts as may be appropriated to, or deposited in, the Federal Family and Medical Leave Insurance Trust Fund as provided in this section.</text>
			</subsection><subsection commented="no" id="HD56AED2259624C1BBC4B1F5640535C67"><enum>(b)</enum><header>Authorization of Appropriations</header>
 <paragraph commented="no" id="H158B3AE7CF584A13B70CC2CE08037C89"><enum>(1)</enum><header>In general</header><text>There is authorized to be appropriated to the Federal Family and Medical Leave Insurance Trust Fund out of moneys in the Treasury not otherwise appropriated—</text>
 <subparagraph commented="no" id="H4728EB78720946E29DF1031D777DCDAC"><enum>(A)</enum><text>for the first three fiscal years beginning after the date of enactment of this Act, such sums as may be necessary for the Commissioner to administer the office established under section 4 and pay the benefits under section 5;</text>
 </subparagraph><subparagraph commented="no" id="H4DAF0D3C549340029F0F350D43BE4E8A"><enum>(B)</enum><text>100 percent of the taxes imposed by sections 3101(c) and 3111(c) of the Internal Revenue Code of 1986 with respect to wages (as defined in section 3121 of such Code) reported to the Secretary of the Treasury pursuant to subtitle F of such Code, as determined by the Secretary of the Treasury by applying the applicable rate of tax under such sections to such wages;</text>
 </subparagraph><subparagraph commented="no" id="H20DC7BADE0994168A522128A57A26627"><enum>(C)</enum><text>100 percent of the taxes imposed by section 1401(c) of such Code with respect to self-employment income (as defined in section 1402 of such Code) reported to the Secretary of the Treasury on tax returns under subtitle F of such Code, as determined by the Secretary of the Treasury by applying the applicable rate of tax under such section to such self-employment income; and</text>
 </subparagraph><subparagraph commented="no" id="H44B4A2ECB36546D3A4FE88E5CC2060C2"><enum>(D)</enum><text>100 percent of the taxes imposed by sections 3201(c), 3211(c), and 3221(c) of such Code with respect to compensation (as defined in section 3231 of such Code) reported to the Secretary of the Treasury on tax returns under subtitle F of such Code, as determined by the Secretary of the Treasury by applying the applicable rate of tax under such sections to such compensation.</text>
 </subparagraph></paragraph><paragraph commented="no" id="HD8B50EFDBE1B4E54A412C171E8F96065"><enum>(2)</enum><header>Repayment of initial appropriation</header><text>Amounts appropriated pursuant to subparagraph (A) of paragraph (1) shall be repaid to the Treasury of the United States not later than 10 years after the first appropriation is made pursuant to such subparagraph.</text>
 </paragraph><paragraph commented="no" id="H0F8FB18CC30543A78EF7F69A0484DB53"><enum>(3)</enum><header>Transfer to Trust Fund</header><text>The amounts described in paragraph (2) shall be transferred from time to time from the general fund in the Treasury to the Federal Family and Medical Leave Insurance Trust Fund, such amounts to be determined on the basis of estimates by the Secretary of the Treasury of the taxes, specified in such paragraph, paid to or deposited into the Treasury. Proper adjustments shall be made in amounts subsequently transferred to the extent prior estimates were inconsistent with the taxes specified in such paragraph.</text>
 </paragraph></subsection><subsection id="H174FC33B29B24F9B956301C85D7A42A3"><enum>(c)</enum><header>Management of Trust Fund</header><text>The provisions of subsections (c), (d), (e), (f), (i), and (m) of section 201 of the Social Security Act (<external-xref legal-doc="usc" parsable-cite="usc/42/401">42 U.S.C. 401</external-xref>) shall apply with respect to the Federal Family and Medical Leave Insurance Trust Fund in the same manner as such provisions apply to the Federal Old-Age and Survivors Insurance Trust Fund and the Disability Insurance Trust Fund.</text>
 </subsection><subsection id="H7329849083594AB0810534F4DBFD19AC"><enum>(d)</enum><header>Benefits paid from Trust Fund</header><text display-inline="yes-display-inline">Benefit payments required to be made under section 5 shall be made only from the Federal Family and Medical Leave Insurance Trust Fund.</text>
 </subsection><subsection commented="no" id="HFB2E2DC22E064CB6A568B4239BB31725"><enum>(e)</enum><header>Administration</header><text>There are authorized to be made available for expenditure, out of the Federal Family and Medical Leave Insurance Trust Fund, such sums as may be necessary to pay the costs of the administration of section 5, including start-up costs, technical assistance, outreach, education, evaluation, and reporting.</text>
 </subsection><subsection id="HC43F86C1E46A43B2950FCBFCB3688730"><enum>(f)</enum><header>Prohibition</header><text>No funds from the Social Security Trust Fund or appropriated to the Social Security Administration to administer Social Security programs may be used for Federal Family and Medical Leave Insurance benefits or administration set forth under this Act.</text>
			</subsection></section><section id="HDAFCFBBBC0E446568D1E5FEA7C071F42"><enum>7.</enum><header>Internal Revenue Code provisions</header>
			<subsection id="HDE49F060B0BE4A8E8AB1342B3987AED0"><enum>(a)</enum><header>In general</header>
 <paragraph id="H097C4042D31948C58FF70055C526D3AD"><enum>(1)</enum><header>Employee contribution</header><text display-inline="yes-display-inline"><external-xref legal-doc="usc" parsable-cite="usc/26/3101">Section 3101</external-xref> of the Internal Revenue Code of 1986 is amended—</text> <subparagraph id="H75165B43199D4DEA887BCE04F4BBCD64"><enum>(A)</enum><text>by redesignating subsection (c) as subsection (d), and</text>
 </subparagraph><subparagraph id="HD021945E8AA54361B7F6877FD6FFF7BC"><enum>(B)</enum><text>by inserting after subsection (b) the following:</text> <quoted-block display-inline="no-display-inline" id="H1C1C121518D44698B863C7EE54260F78" style="OLC"> <subsection id="H60E04C15A6C2486BBD523E653FCF3839"><enum>(c)</enum><header>Family and medical leave insurance</header> <paragraph id="H9055F5A123B14F6AA5397A7764B2ED6C"><enum>(1)</enum><header>In general</header><text display-inline="yes-display-inline">In addition to other taxes, there is hereby imposed on the income of every individual a tax equal to the applicable percentage of the wages (as defined in section 3121(a)) received by the individual with respect to employment (as defined in section 3121(b)).</text>
 </paragraph><paragraph commented="no" id="HE54EDF4903F641F18FFB5A19E32AD76F"><enum>(2)</enum><header>Applicable percentage</header><text display-inline="yes-display-inline">For purposes of paragraph (1), the term <term>applicable percentage</term> means 0.2 percent in the case of wages received in any calendar year.</text></paragraph></subsection><after-quoted-block>.</after-quoted-block></quoted-block> </subparagraph></paragraph><paragraph id="H5A9E7C42C9CB4A06BBAB571C8DD041EF"><enum>(2)</enum><header>Employer contribution</header><text>Section 3111 of such Code is amended—</text>
 <subparagraph id="H7B40E4FCAFC84D26AC27EF9880B91323"><enum>(A)</enum><text>by redesignating subsections (c) through (e) as subsections (d) through (f), respectively, and</text> </subparagraph><subparagraph id="H67FE3A2AC0E248F197A93ED61375710D"><enum>(B)</enum><text>by inserting after subsection (b) the following:</text>
						<quoted-block display-inline="no-display-inline" id="HB3C4A749870143FC9F60F973F3C480DC" style="OLC">
							<subsection id="H7701D18DCFFA4C239CE03BE4FE1585B9"><enum>(c)</enum><header>Family and medical leave insurance</header>
 <paragraph id="H1A72E3CDCDAC49B594FDFEDF82BFA951"><enum>(1)</enum><header>In general</header><text display-inline="yes-display-inline">In addition to other taxes, there is hereby imposed on every employer an excise tax, with respect to having individuals in his employ, equal to the applicable percentage of the wages (as defined in section 3121(a)) paid by the employer with respect to employment (as defined in section 3121(b)).</text>
 </paragraph><paragraph id="H1DDB402EBF3D4792BF04E7A90FE05E45"><enum>(2)</enum><header>Applicable percentage</header><text display-inline="yes-display-inline">For purposes of paragraph (1), the term <term>applicable percentage</term> means 0.2 percent in the case of wages paid in any calendar year.</text></paragraph></subsection><after-quoted-block>.</after-quoted-block></quoted-block> </subparagraph></paragraph><paragraph id="H1027D01F7AE04D799B4EBC681ADF71E7"><enum>(3)</enum><header>Self-employment income contribution</header> <subparagraph id="HE35C0BF3EDF142708CB9EFC56EE51937"><enum>(A)</enum><header>In general</header><text>Section 1401 of such Code is amended—</text>
 <clause id="H46EC2780F5C54F8EBF5A91A495555B6A"><enum>(i)</enum><text>by redesignating subsection (c) as subsection (d), and</text> </clause><clause id="H9434FD5F38D745D2A7E0C74890FA7830"><enum>(ii)</enum><text>by inserting after subsection (b) the following:</text>
							<quoted-block display-inline="no-display-inline" id="H803AA815644F4A62961C48A919921938" style="OLC">
								<subsection id="H5F3CC5AADD054ED1941D10040858595E"><enum>(c)</enum><header>Family and medical leave insurance</header>
 <paragraph id="H8B92EF3611B04368BB7E63E287FD5FB6"><enum>(1)</enum><header>In general</header><text>In addition to other taxes, there is hereby imposed for each taxable year, on the self-employment income of every individual, a tax equal to the applicable percentage of the amount of the self-employment income for such taxable year.</text>
 </paragraph><paragraph id="HB40F5B8F71F343C8BA8EA251F0F1C76B"><enum>(2)</enum><header>Applicable percentage</header><text display-inline="yes-display-inline">For purposes of paragraph (1), the term <term>applicable percentage</term> means 0.4 percent in the case of self-employment income in any taxable year.</text></paragraph></subsection><after-quoted-block>.</after-quoted-block></quoted-block> </clause></subparagraph><subparagraph id="H16ED5407BD4A48D0904DDA58234B6C77"><enum>(B)</enum><header>Exclusion of certain net earnings from self-employment</header><text>Section 1402(b)(1) of such Code is amended by striking <quote>tax imposed by section 1401(a)</quote> and inserting <quote>taxes imposed by subsections (a) and (c) of section 1401</quote>.</text>
					</subparagraph></paragraph></subsection><subsection id="H4EDF9509B6144B299573D457CAD82353"><enum>(b)</enum><header>Railroad Retirement Tax Act</header>
 <paragraph id="HEDC1DC347E7F455EB322B443A70BA006"><enum>(1)</enum><header>Employee contribution</header><text display-inline="yes-display-inline">Section 3201 of such Code is amended—</text> <subparagraph id="HA323E735C7434FC497F68860FDC3583C"><enum>(A)</enum><text>by redesignating subsection (c) as subsection (d), and</text>
 </subparagraph><subparagraph id="H4AA6EB6145D047E3B8F73DD9F3D3EC92"><enum>(B)</enum><text>by inserting after subsection (b) the following:</text> <quoted-block display-inline="no-display-inline" id="HD3FBD8DCCED6412EB7C5956FB4EA8950" style="OLC"> <subsection id="H273DA67D08BC4BB68082E3806B2B4FFF"><enum>(c)</enum><header>Family and Medical Leave insurance</header> <paragraph id="HDC1E2CDB56EE46CDAEAC8FCB498DF1FB"><enum>(1)</enum><header>In general</header><text>In addition to other taxes, there is hereby imposed on the income of each employee a tax equal to the applicable percentage of the compensation received during any calendar year by such employee for services rendered by such employee.</text>
 </paragraph><paragraph id="H23A254B6C6E04B71B25F303F653B5A40"><enum>(2)</enum><header>Applicable percentage</header><text display-inline="yes-display-inline">For purposes of paragraph (1), the term <term>applicable percentage</term> means 0.2 percent in the case of compensation received in any calendar year.</text></paragraph></subsection><after-quoted-block>.</after-quoted-block></quoted-block> </subparagraph></paragraph><paragraph id="HF6B5A5F38FED4A5E86C5EC04DC1D31CA"><enum>(2)</enum><header>Employee representative contribution</header><text display-inline="yes-display-inline">Section 3211 of such Code is amended—</text>
 <subparagraph id="HEF080CF6A98042FBB915E8D3EFC0881E"><enum>(A)</enum><text>by redesignating subsection (c) as subsection (d), and</text> </subparagraph><subparagraph id="H8C3186894B51459E9C796DBD79190CDC"><enum>(B)</enum><text>by inserting after subsection (b) the following:</text>
						<quoted-block display-inline="no-display-inline" id="H1AD54E9FC9AF4F33A8FBC393B4482AFB" style="OLC">
							<subsection id="H17CD58939BE943AEB42E45CA53058F59"><enum>(c)</enum><header>Family and Medical Leave insurance</header>
 <paragraph id="H74DE67FC0A8E4E088B28792E220351B6"><enum>(1)</enum><header>In general</header><text>In addition to other taxes, there is hereby imposed on the income of each employee representative a tax equal to the applicable percentage of the compensation received during any calendar year by such employee representative for services rendered by such employee representative.</text>
 </paragraph><paragraph id="H909D56DD3E2D40598437630FA9FF4B66"><enum>(2)</enum><header>Applicable percentage</header><text display-inline="yes-display-inline">For purposes of paragraph (1), the term <term>applicable percentage</term> means 0.2 percent in the case of compensation received in any calendar year.</text></paragraph></subsection><after-quoted-block>.</after-quoted-block></quoted-block> </subparagraph></paragraph><paragraph id="H66B5D936E9CC45FDB71D679B3115F396"><enum>(3)</enum><header>Employer contribution</header><text display-inline="yes-display-inline">Section 3221 of such Code is amended—</text>
 <subparagraph id="HCB8C662773D04F4F825307D827AC08A0"><enum>(A)</enum><text display-inline="yes-display-inline">by redesignating subsections (c) and (d) as subsections (d) and (e), respectively, and</text> </subparagraph><subparagraph id="H25E0F3CE5CB04D8C9B55BF71F0C83741"><enum>(B)</enum><text>by inserting after subsection (b) the following:</text>
						<quoted-block display-inline="no-display-inline" id="H7A42F17C1EF14A54B04C51725F8276D6" style="OLC">
							<subsection id="HE9A96C1A85544A7D94237E86BC34AC50"><enum>(c)</enum><header>Family and Medical Leave insurance</header>
 <paragraph id="HEC7DB75C17684612BCE4CDC2027E50DE"><enum>(1)</enum><header>In general</header><text>In addition to other taxes, there is hereby imposed on every employer an excise tax, with respect to having individuals in his employ, equal to the applicable percentage of the compensation paid during any calendar year by such employer for services rendered to such employer.</text>
 </paragraph><paragraph id="HDF4A1FA09E0849D98FDC3F1F378699CE"><enum>(2)</enum><header>Applicable percentage</header><text display-inline="yes-display-inline">For purposes of paragraph (1), the term <term>applicable percentage</term> means 0.2 percent in the case of compensation paid in any calendar year.</text></paragraph></subsection><after-quoted-block>.</after-quoted-block></quoted-block> </subparagraph></paragraph></subsection><subsection commented="no" id="HF783CBC7634C4E2BA66B8D36D1EA7284"><enum>(c)</enum><header>Conforming amendments</header> <paragraph commented="no" id="H241EA093EB0D4F039303BFEC3F4B1ED7"><enum>(1)</enum><text display-inline="yes-display-inline"><external-xref legal-doc="usc" parsable-cite="usc/26/6413">Section 6413(c)</external-xref> of the Internal Revenue Code of 1986 is amended—</text>
 <subparagraph commented="no" display-inline="no-display-inline" id="HB3A255C46C334CBCA29D397C8E93D8B9"><enum>(A)</enum><text>in paragraph (1)—</text> <clause commented="no" id="HAAFDD666701C441ABBED5C81999AF9BF"><enum>(i)</enum><text>by inserting <quote>, section 3101(c),</quote> after <quote>by section 3101(a)</quote>; and</text>
 </clause><clause commented="no" id="H54DEBF2A372E43A49E42174F6B4A3B10"><enum>(ii)</enum><text>by striking <quote>both</quote> and inserting <quote>each</quote>; and</text> </clause></subparagraph><subparagraph commented="no" id="HC4BEFA0DC2D7448B8BF143619BCA41E1"><enum>(B)</enum><text display-inline="yes-display-inline">in paragraph (2), by inserting <quote>or 3101(c)</quote> after <quote>3101(a)</quote> each place it appears.</text>
 </subparagraph></paragraph><paragraph commented="no" id="HAD94397C058B49478B0D404A6FEC6D25"><enum>(2)</enum><text>Section 15(a) of the Railroad Retirement Act of 1974 (<external-xref legal-doc="usc" parsable-cite="usc/45/231n">45 U.S.C. 231n(a)</external-xref>) is amended by inserting <quote>(other than sections 3201(c), 3211(c), and 3221(c))</quote> before the period at the end.</text> </paragraph></subsection><subsection id="H712D20309A9544968D4CEB8CB38F2903"><enum>(d)</enum><header>Effective date</header><text>The amendments made by this section shall take effect 120 days after the date of the enactment of this Act.</text>
 </subsection></section><section display-inline="no-display-inline" id="HEBFDA152A9974EAF8DF5D7FB4767F483" section-type="subsequent-section"><enum>8.</enum><header>Regulations</header><text display-inline="no-display-inline">The Commissioner, in consultation with the Secretary of Labor, shall prescribe regulations necessary to carry out this Act. In developing such regulations, the Commissioner shall consider the input from a volunteer advisory body comprised of not more than 15 individuals, including experts in the relevant subject matter and officials charged with implementing State paid family and medical leave insurance programs. The Commissioner shall take such programs into account when proposing regulations. Such individuals shall be appointed as follows:</text>
 <paragraph id="H7725B48833E640889ECD64BE0EDDFC02"><enum>(1)</enum><text>Five individuals to be appointed by the President.</text> </paragraph><paragraph id="HC58EB7D850D848FC92F78C6C19335257"><enum>(2)</enum><text display-inline="yes-display-inline">Three individuals to be appointed by the majority leader of the Senate.</text>
 </paragraph><paragraph id="H19030036C88E41F7ABBBADAE8A43B95C"><enum>(3)</enum><text display-inline="yes-display-inline">Two individuals to be appointed by the minority leader of the Senate.</text> </paragraph><paragraph id="H2136249E1EF64354966CC12EBB325894"><enum>(4)</enum><text display-inline="yes-display-inline">Three individuals to be appointed by the Speaker of the House of Representatives.</text>
 </paragraph><paragraph id="H08D14D5E7FF1491A89EEF76811FD2013"><enum>(5)</enum><text display-inline="yes-display-inline">Two individuals to be appointed by the minority leader of the House of Representatives.</text> </paragraph></section><section id="HBA456B092A894E548F60F8799680EE86"><enum>9.</enum><header>GAO Study</header><text display-inline="no-display-inline">Not later than 3 years after the date of enactment of this Act, the Comptroller General shall submit to Congress a report on family and medical leave insurance benefits paid under section 5 for any month during the 1-year period beginning on January 1, 2019. The report shall include the following:</text>
 <paragraph id="HE38939081E274F5DA6587241D5B299A3"><enum>(1)</enum><text display-inline="yes-display-inline">An identification of the total number of applications for such benefits filed for any month during such 1-year period, and the average number of days occurring in the period beginning on the date on which such an application is received and ending on the date on which the initial determination of eligibility with respect to the application is made.</text>
 </paragraph><paragraph id="H7AB2F78E3BC44D9EB8E46EAC44F0585E"><enum>(2)</enum><text display-inline="yes-display-inline">An identification of the total number of requests for review of an initial adverse determination of eligibility for such benefits made during such 1-year period, and the average number of days occurring in the period beginning on the date on which such review is requested and ending on the date on which the final determination of eligibility with respect to such review is made.</text>
 </paragraph><paragraph id="H79BA830EC67E4F4C8831BE3A9B0D6968"><enum>(3)</enum><text display-inline="yes-display-inline">An identification of the total number of monthly benefit claim reports for such benefits filed during such 1-year period, and the average number of days occurring in the period beginning on the date on which such a claim report is received and ending on the date on which the initial determination of eligibility with respect to the claim report is made.</text>
 </paragraph><paragraph id="H37DE2375AE654E2CA8913BACAE55DB30"><enum>(4)</enum><text display-inline="yes-display-inline">An identification of the total number of requests for review of an initial adverse determination relating to a monthly benefit claim report for such benefits made during such 1-year period, and the average number of days occurring in the period beginning on the date on which such review is requested and ending on the date on which the final determination of eligibility with respect to such review is made.</text>
 </paragraph><paragraph id="HDED1484A7DF143B08F17DCF560F1EB04"><enum>(5)</enum><text>An identification of any excessive delay in any of the periods described in paragraphs (1) through (4), and a description of the causes for such delay.</text></paragraph></section></legis-body></bill>


