<?xml version="1.0"?>
<?xml-stylesheet type="text/xsl" href="billres.xsl"?>
<!DOCTYPE bill PUBLIC "-//US Congress//DTDs/bill.dtd//EN" "bill.dtd">
<bill bill-stage="Introduced-in-Senate" dms-id="A1" public-private="public"><metadata xmlns:dc="http://purl.org/dc/elements/1.1/">
<dublinCore>
<dc:title>115 S658 IS: Illegal Synthetic Drug Safety Act of 2017</dc:title>
<dc:publisher>U.S. Senate</dc:publisher>
<dc:date>2017-03-15</dc:date>
<dc:format>text/xml</dc:format>
<dc:language>EN</dc:language>
<dc:rights>Pursuant to Title 17 Section 105 of the United States Code, this file is not subject to copyright protection and is in the public domain.</dc:rights>
</dublinCore>
</metadata>
<form>
<distribution-code display="yes">II</distribution-code><congress>115th CONGRESS</congress><session>1st Session</session><legis-num>S. 658</legis-num><current-chamber>IN THE SENATE OF THE UNITED STATES</current-chamber><action><action-date date="20170315">March 15, 2017</action-date><action-desc><sponsor name-id="S344">Mr. Hoeven</sponsor> (for himself and <cosponsor name-id="S337">Mr. Coons</cosponsor>) introduced the following bill; which was read twice and referred to the <committee-name committee-id="SSJU00">Committee on the Judiciary</committee-name></action-desc></action><legis-type>A BILL</legis-type><official-title>To treat all controlled substance analogues, other than chemical substances subject to the Toxic
			 Substances Control Act, as controlled substances in schedule I regardless
			 of whether they are intended for human consumption.</official-title></form>
	<legis-body display-enacting-clause="yes-display-enacting-clause">
 <section id="idF4AE8BF8055849C68DA7EAD11269E9F3" section-type="section-one"><enum>1.</enum><header>Short title</header><text display-inline="no-display-inline">This Act may be cited as the <quote><short-title>Illegal Synthetic Drug Safety Act of 2017</short-title></quote>.</text> </section><section id="S1" section-type="subsequent-section"><enum>2.</enum><header>Treatment of controlled substance analogues</header><text display-inline="no-display-inline">Section 203 of the Controlled Substances Act (<external-xref legal-doc="usc" parsable-cite="usc/21/813">21 U.S.C. 813</external-xref>) is amended by striking <quote>shall, to the extent intended for human consumption,</quote> and inserting the following: <quote>that is not a chemical substance subject to the Toxic Substances Control Act (<external-xref legal-doc="usc" parsable-cite="usc/15/2601">15 U.S.C. 2601</external-xref> et seq.) shall</quote>.</text></section></legis-body></bill>


