<?xml version="1.0"?>
<?xml-stylesheet type="text/xsl" href="billres.xsl"?>
<!DOCTYPE bill PUBLIC "-//US Congress//DTDs/bill.dtd//EN" "bill.dtd">
<bill bill-stage="Introduced-in-Senate" dms-id="A1" public-private="public"><metadata xmlns:dc="http://purl.org/dc/elements/1.1/">
<dublinCore>
<dc:title>115 S757 IS: Border Landowner and Lessee Consultation Act</dc:title>
<dc:publisher>U.S. Senate</dc:publisher>
<dc:date>2017-03-29</dc:date>
<dc:format>text/xml</dc:format>
<dc:language>EN</dc:language>
<dc:rights>Pursuant to Title 17 Section 105 of the United States Code, this file is not subject to copyright protection and is in the public domain.</dc:rights>
</dublinCore>
</metadata>
<form>
<distribution-code display="yes">II</distribution-code><congress>115th CONGRESS</congress><session>1st Session</session><legis-num>S. 757</legis-num><current-chamber>IN THE SENATE OF THE UNITED STATES</current-chamber><action><action-date date="20170329">March 29, 2017</action-date><action-desc><sponsor name-id="S358">Mr. Flake</sponsor> introduced the following bill; which was read twice and referred to the <committee-name committee-id="SSGA00">Committee on Homeland Security and Governmental Affairs</committee-name></action-desc></action><legis-type>A BILL</legis-type><official-title>To amend the Homeland Security Act of 2002 to facilitate communication between U.S. Customs and
			 Border Protection and border ranchers in Arizona and other border States,
			 and for other purposes.</official-title></form>
	<legis-body display-enacting-clause="yes-display-enacting-clause">
 <section id="S1" section-type="section-one"><enum>1.</enum><header>Short title</header><text display-inline="no-display-inline">This Act may be cited as the <quote><short-title>Border Landowner and Lessee Consultation Act</short-title></quote>.</text>
		</section><section id="idA4B6F3CCA12A4214A49B1AD96F87EEEE"><enum>2.</enum><header>Consultation with border ranchers</header>
 <subsection id="id70BA1818FBF74A54BFEEE517FFC915D2"><enum>(a)</enum><header>Requirement To consult</header><text>Section 411(c) of the Homeland Security Act of 2002 (<external-xref legal-doc="usc" parsable-cite="usc/6/211">6 U.S.C. 211(c)</external-xref>) is amended—</text> <paragraph id="id7615CC52F11240AFAFCCB58C20D37C35"><enum>(1)</enum><text>in paragraph (17), by striking <quote>and</quote> at the end;</text>
 </paragraph><paragraph id="id34D7D3E524824CAC8DB4CAF5468D5B22"><enum>(2)</enum><text>in paragraph (18), by striking the period at the end and inserting <quote>; and</quote>; and</text> </paragraph><paragraph id="id5EA06BDBA21346E38D4283A02F90BD40"><enum>(3)</enum><text>by adding at the end the following:</text>
					<quoted-block display-inline="no-display-inline" id="id973FD2A671374DF4892D2BF58D98A36D" style="OLC">
 <paragraph id="id23A12ADF4607427FA878C16AB1486108"><enum>(19)</enum><text>consult with any person who owns or leases real property where the United States Border Patrol operates and receive input from such persons related to U.S. Customs and Border Protection operations that affect such real property.</text></paragraph><after-quoted-block>.</after-quoted-block></quoted-block>
 </paragraph></subsection><subsection id="id4BABCC1C66314BD7BE681F6D092EBE3C"><enum>(b)</enum><header>Rulemaking</header><text>Not later than six months after the date of the enactment of this Act, the Secretary of Homeland Security shall issue final regulations to carry out section 411(c)(19) of the Homeland Security Act of 2002, as added by subsection (a).</text>
 </subsection></section><section id="idE087E111D2A04B12B6DE388286D3CA3D"><enum>3.</enum><header>Private Landowner Ombudsman</header><text display-inline="no-display-inline">Section 411(d) of the Homeland Security Act of 2002 (<external-xref legal-doc="usc" parsable-cite="usc/6/211">6 U.S.C. 211(d)</external-xref>) is amended—</text> <paragraph id="id5E34E1D4494243D4B99B646A786779F3"><enum>(1)</enum><text display-inline="yes-display-inline">in the subsection heading, by inserting <quote><header-in-text level="subsection" style="OLC">; Private Landowner Ombudsman</header-in-text></quote> after <quote><header-in-text level="subsection" style="OLC">Deputy Commissioner</header-in-text></quote>;</text>
 </paragraph><paragraph id="id53AC5D0DF8C64A9CB3214F09376ADE99"><enum>(2)</enum><text>by striking <quote>There shall be</quote> and inserting the following:</text> <quoted-block display-inline="no-display-inline" id="id506274222D3D46049670228107564982" style="OLC"> <paragraph id="id918E3DC38FEF4BF49ACFA9F4D3F52DE1"><enum>(1)</enum><header>Deputy commissioner</header><text>There shall be</text></paragraph><after-quoted-block>; and</after-quoted-block></quoted-block>
 </paragraph><paragraph id="idBF3ECFEC25D64454ABC633BD030C5501"><enum>(3)</enum><text>by adding at the end the following:</text> <quoted-block display-inline="no-display-inline" id="id2B509E48C56B4AB296E485D82B8DECDA" style="OLC"> <paragraph id="id332BE67D4B6C498BB5FCDC5410F1CB6D"><enum>(2)</enum><header>Private landowner ombudsman</header><text>There shall be in U.S. Customs and Border Protection a Private Landowner Ombudsman, who shall assist persons who own real property along the international border between the United States and Mexico in communicating to the Commissioner the needs and interests of such persons related to U.S. Customs and Border Protection operations that affect such real property.</text>
					</paragraph><after-quoted-block>.</after-quoted-block></quoted-block></paragraph></section></legis-body></bill>


