<?xml version="1.0"?>
<?xml-stylesheet type="text/xsl" href="billres.xsl"?>
<!DOCTYPE bill PUBLIC "-//US Congress//DTDs/bill.dtd//EN" "bill.dtd">
<bill bill-stage="Introduced-in-Senate" bill-type="olc" dms-id="A1" public-private="public"><metadata xmlns:dc="http://purl.org/dc/elements/1.1/">
<dublinCore>
<dc:title>115 S286 IS: Elkhorn Ranch and White River National Forest Conveyance Act </dc:title>
<dc:publisher>U.S. Senate</dc:publisher>
<dc:date>2017-02-02</dc:date>
<dc:format>text/xml</dc:format>
<dc:language>EN</dc:language>
<dc:rights>Pursuant to Title 17 Section 105 of the United States Code, this file is not subject to copyright protection and is in the public domain.</dc:rights>
</dublinCore>
</metadata>
<form>
<distribution-code display="yes">II</distribution-code><congress>115th CONGRESS</congress><session>1st Session</session><legis-num>S. 286</legis-num><current-chamber>IN THE SENATE OF THE UNITED STATES</current-chamber><action><action-date date="20170202">February 2, 2017</action-date><action-desc><sponsor name-id="S377">Mr. Gardner</sponsor> (for himself and <cosponsor name-id="S330">Mr. Bennet</cosponsor>) introduced the following bill; which was read twice and referred to the <committee-name committee-id="SSEG00">Committee on Energy and Natural Resources</committee-name></action-desc></action><legis-type>A BILL</legis-type><official-title>To require a land conveyance involving the Elkhorn Ranch and the White River National Forest in the
			 State of Colorado, and for other purposes.</official-title></form>
	<legis-body display-enacting-clause="yes-display-enacting-clause" id="HEB2D00358CDE4F53B59A2C3F0ECC351D" style="OLC">
 <section id="HAAE50C24B8484E69875C58F7F257A778" section-type="section-one"><enum>1.</enum><header>Short title</header><text display-inline="no-display-inline">This Act may be cited as the <quote><short-title>Elkhorn Ranch and White River National Forest Conveyance Act </short-title></quote>.</text> </section><section id="H4B3DF4D8DDB546859837FB5ADA39F04D"><enum>2.</enum><header>Land conveyance, Elkhorn Ranch and White River National Forest, Colorado</header> <subsection id="H29113BBE6CD546379B8D6ACC52393FCE"><enum>(a)</enum><header>Land conveyance required</header><text display-inline="yes-display-inline">Consistent with the purpose of the Act of March 3, 1909 (<external-xref legal-doc="usc" parsable-cite="usc/43/772">43 U.S.C. 772</external-xref>), all right, title, and interest of the United States (subject to subsection (b)) in and to a parcel of land consisting of approximately 148 acres as generally depicted on the map entitled <quote>Elkhorn Ranch Land Parcel–White River National Forest</quote> and dated March 2015 shall be conveyed by patent to the Gordman-Leverich Partnership, a Colorado Limited Liability Partnership (in this section referred to as <quote>GLP</quote>).</text>
 </subsection><subsection id="HF07321A6BCB043F49DE66DA9B75A5A03"><enum>(b)</enum><header>Existing rights</header><text display-inline="yes-display-inline">The conveyance under subsection (a)—</text> <paragraph id="H13D7CEC6CEC94E66BED01BD16B94CEB2"><enum>(1)</enum><text>is subject to the valid existing rights of the lessee of Federal oil and gas lease COC–75070 and any other valid existing rights; and</text>
 </paragraph><paragraph id="HBD0AA611FB9D4FD192BAD20BBA384CC0"><enum>(2)</enum><text>shall reserve to the United States the right to collect rent and royalty payments on the lease referred to in paragraph (1) for the duration of the lease.</text>
 </paragraph></subsection><subsection id="H76B7D017A64C40738B09FB029E91732F"><enum>(c)</enum><header>Existing boundaries</header><text display-inline="yes-display-inline">The conveyance under subsection (a) does not modify the exterior boundary of the White River National Forest or the boundaries of Sections 18 and 19 of Township 7 South, Range 93 West, Sixth Principal Meridian, Colorado, as such boundaries are in effect on the date of the enactment of this Act.</text>
 </subsection><subsection id="H9A89672195CB40C9AEB96CD2584BAE1D"><enum>(d)</enum><header>Time for conveyance; payment of costs</header><text display-inline="yes-display-inline">The conveyance directed under subsection (a) shall be completed not later than 180 days after the date of the enactment of this Act. The conveyance shall be without consideration, except that all costs incurred by the Secretary of the Interior relating to any survey, platting, legal description, or other activities carried out to prepare and issue the patent shall be paid by GLP to the Secretary prior to the land conveyance.</text></subsection></section></legis-body></bill>


