<?xml version="1.0"?>
<?xml-stylesheet type="text/xsl" href="billres.xsl"?>
<!DOCTYPE bill PUBLIC "-//US Congress//DTDs/bill.dtd//EN" "bill.dtd">
<bill bill-stage="Introduced-in-Senate" dms-id="A1" public-private="public"><metadata xmlns:dc="http://purl.org/dc/elements/1.1/">
<dublinCore>
<dc:title>115 S347 IS: Investing in America's Small Manufacturers Act</dc:title>
<dc:publisher>U.S. Senate</dc:publisher>
<dc:date>2017-02-09</dc:date>
<dc:format>text/xml</dc:format>
<dc:language>EN</dc:language>
<dc:rights>Pursuant to Title 17 Section 105 of the United States Code, this file is not subject to copyright protection and is in the public domain.</dc:rights>
</dublinCore>
</metadata>
<form>
<distribution-code display="yes">II</distribution-code><congress>115th CONGRESS</congress><session>1st Session</session><legis-num>S. 347</legis-num><current-chamber>IN THE SENATE OF THE UNITED STATES</current-chamber><action><action-date date="20170209">February 9, 2017</action-date><action-desc><sponsor name-id="S337">Mr. Coons</sponsor> (for himself and <cosponsor name-id="S377">Mr. Gardner</cosponsor>) introduced the following bill; which was read twice and referred to the <committee-name committee-id="SSSB00">Committee on Small Business and Entrepreneurship</committee-name></action-desc></action><legis-type>A BILL</legis-type><official-title>To amend the Small Business Act and the Small Business Investment Act of 1958 to increase the
			 percentage of loans guaranteed for small business concerns that are
			 manufacturers.</official-title></form>
	<legis-body display-enacting-clause="yes-display-enacting-clause">
 <section id="idE17213428DF746EA8825DF1D89D4D655" section-type="section-one"><enum>1.</enum><header>Short title</header><text display-inline="no-display-inline">This Act may be cited as the <quote><short-title>Investing in America's Small Manufacturers Act</short-title></quote>.</text> </section><section id="idB4806421612640BD84AD0E8C11286D4F" section-type="subsequent-section"><enum>2.</enum><header>Findings</header><text display-inline="no-display-inline">Congress finds the following:</text>
 <paragraph id="ide81e2e7712d64db6bf7527d8dee36caa"><enum>(1)</enum><text>In 2015, manufacturers contributed over $2,000,000,000,000 to the United States economy and accounted for over 12 percent of United States gross domestic product.</text>
 </paragraph><paragraph id="id634ebbd50fd74b41a016ba4f986d9904"><enum>(2)</enum><text>Manufacturing is one of the most important sectors of the United States economy with respect to employment. In 2013, the manufacturing sector supported over 17,000,000 indirect jobs in the United States, in addition to the 12,000,000 individuals who were directly employed in manufacturing. Combined, these indirect and direct manufacturing jobs represented more than 20 percent of United States employment in 2013—more than any other sector.</text>
 </paragraph><paragraph id="id157F2C5F73DC44B0BE9E0C84DD973A6F"><enum>(3)</enum><text>While the United States has added over 14,000,000 non-farm jobs since 2010, manufacturing job growth has lagged and added only approximately 900,000 jobs. Post-recession job recovery averages since the 1940s indicate that another 1,200,000 manufacturing jobs should have been created during this period.</text>
 </paragraph><paragraph id="id255b946846d44160aaf2d7eb5bb97d5b"><enum>(4)</enum><text>Small manufacturers are the backbone of the United States manufacturing industry, accounting for nearly half of all manufacturing jobs in the United States. Ensuring that small manufacturers have adequate access to capital is critical to creating manufacturing jobs and the growth of the United States economy.</text>
 </paragraph><paragraph id="idFACA2C8F90F64FF0BE0983629D262C12"><enum>(5)</enum><text>The 2015 Federal Reserve Small Business Credit Survey indicates that of the 52 percent of manufacturers that applied for financing during the survey period, 65 percent did so to expand their business or to pursue a new business opportunity. The survey also indicates that 42 percent of manufacturers received less financing than they requested, the primary result of which was delayed expansion of their business.</text>
 </paragraph><paragraph id="id6d5667ec0f0f41f2b91093608b7faa49"><enum>(6)</enum><text>The loan guarantee programs of the Small Business Administration under section 7(a) of the Small Business Act (<external-xref legal-doc="usc" parsable-cite="usc/15/636">15 U.S.C. 636(a)</external-xref>) and title V of the Small Business Investment Act of 1958 (<external-xref legal-doc="usc" parsable-cite="usc/15/695">15 U.S.C. 695</external-xref> et seq.) encourage lenders to provide loans to creditworthy small businesses that would not otherwise obtain financing on reasonable terms and conditions and can serve as an excellent mechanism by which to increase the availability of affordable credit to small manufacturers in the United States.</text>
			</paragraph></section><section id="idFB97C083E8C44349B1D62BCDBA3AB083" section-type="subsequent-section"><enum>3.</enum><header>Small manufacturers</header>
 <subsection id="id3FCB60F21A304C85AA4D7AC0BF1DABDE"><enum>(a)</enum><header>Loan guarantee percentage</header><text display-inline="yes-display-inline">Section 7(a)(2) of the Small Business Act (<external-xref legal-doc="usc" parsable-cite="usc/15/636">15 U.S.C. 636(a)(2)</external-xref>) is amended—</text> <paragraph id="idFD17C6BE13154E958F409D410DE995E7"><enum>(1)</enum><text>in subparagraph (A), in the matter preceding clause (i), by striking <quote>and (E)</quote> and inserting <quote>(E), and (F)</quote>; and</text>
 </paragraph><paragraph id="id765ED096AD4E43968F0DFBDFE75B5829"><enum>(2)</enum><text>by adding at the end the following:</text> <quoted-block display-inline="no-display-inline" id="id3FA9A8EA21D3469290DB0FA2A2D5C524" style="OLC"> <subparagraph id="idE9281E3599C94C68913B213D64CBFED2"><enum>(F)</enum><header>Participation for manufacturers</header> <clause id="idE0F7209BB157403C93C6C3B1D2DAC68E"><enum>(i)</enum><header>In general</header><text>In an agreement to participate in a loan on a deferred basis under this subsection for a small business concern assigned to a North American Industry Classification System code for manufacturing or that is designated by the Administrator under clause (ii), the participation by the Administration shall be 90 percent.</text>
 </clause><clause id="id63CCBB2C336C4870AA60B45DC4880B91"><enum>(ii)</enum><header>Addition of advanced manufacturing sectors</header><text>After submitting notice to the Committee on Small Business and Entrepreneurship of the Senate and the Committee on Small Business of the House of Representatives, the Administrator may designate a North American Industry Classification System code for purposes of clause (i) if the Administrator determines the code—</text>
 <subclause id="id7063CBA83D0147E1B85614CFB1F65EB2"><enum>(I)</enum><text>is not a manufacturing code under the North American Industry Classification System; and</text> </subclause><subclause id="id3B46E6574C944DAB9E9BCEFCD0E2E854"><enum>(II)</enum><text>corresponds to a sector in which manufacturing is a considerable component of the operations of a small business concern, as determined by the Administrator, including advanced manufacturing.</text></subclause></clause></subparagraph><after-quoted-block>.</after-quoted-block></quoted-block>
 </paragraph></subsection><subsection id="idA67E8218927F40C38A0847DCC751CB2C"><enum>(b)</enum><header>Guarantee fee reduction</header><text>Section 7(a)(18) of the Small Business Act (<external-xref legal-doc="usc" parsable-cite="usc/15/636">15 U.S.C. 636(a)(18)</external-xref>) is amended—</text> <paragraph id="id6D216758EDB9480E8520347E82B41B95"><enum>(1)</enum><text>in subparagraph (A), by striking <quote>With respect</quote> and inserting <quote>Except as provided in subparagraph (C), with respect</quote>; and</text>
 </paragraph><paragraph id="id5EC36019B1B540309122C09D7F38ADCC"><enum>(2)</enum><text>by adding at the end the following:</text> <quoted-block display-inline="no-display-inline" id="id1013D28A113E4678A5F0EF00556DA929" style="OLC"> <subparagraph id="id4A115BEA72FF49C8A3BF90540B704ACC"><enum>(C)</enum><header>Manufacturers</header> <clause id="idB5CD073D073E4F4AA1D5886E6F23FE29"><enum>(i)</enum><header>In general</header><text>Subject to clause (ii), with respect to a loan guaranteed under this subsection for a small business concern described in paragraph (2)(F)(i)—</text>
 <subclause id="idE6DE17DE848C42828DF0362813EF67F0"><enum>(I)</enum><text>the Administration may not collect a guarantee fee under this paragraph for a loan of not more than $350,000; and</text>
 </subclause><subclause id="id9BDD1CE030A7426AB8FD1AA99DA74386"><enum>(II)</enum><text>for a loan of more than $350,000, the Administration shall collect a guarantee fee under this paragraph equal to 50 percent of the guarantee fee that the Administration would otherwise collect for the loan.</text>
 </subclause></clause><clause id="id36A890CC689148E08912E408E2E261C1"><enum>(ii)</enum><header>Exception</header><text>The requirements of clause (i) shall not apply to loans made during a fiscal year if—</text> <subclause id="idDBA51F515AB8487391B9611CA821142B"><enum>(I)</enum><text>the budget of the President for that fiscal year, submitted to Congress under section 1105(a) of title 31, United States Code, includes a cost for the program established under this subsection that is above zero; and</text>
 </subclause><subclause id="id27395D83F7CC4E5F8021FE7A03DCB4A6"><enum>(II)</enum><text>the Administrator submits to Congress—</text> <item id="id863AEF3193FC423E969C12011FE56409"><enum>(aa)</enum><text>notice regarding the determination of cost described in subclause (I); and</text>
 </item><item id="id106318EB50E548C6930BB79DCB85E681"><enum>(bb)</enum><text>a detailed discussion indicating why not implementing clause (i) will cause the cost of the program established under this subsection to be not more than zero.</text></item></subclause></clause></subparagraph><after-quoted-block>.</after-quoted-block></quoted-block>
 </paragraph></subsection><subsection id="idEC2ECD8BDC5244A5AEDF433B2EF5E9B1"><enum>(c)</enum><header>Assistance through SBA programs</header><text>The Small Business Act (<external-xref legal-doc="usc" parsable-cite="usc/15/631">15 U.S.C. 631</external-xref> et seq.) is amended—</text> <paragraph id="id21C76FCB30F7473B8027946F894AE25F"><enum>(1)</enum><text>in section 7(a) (<external-xref legal-doc="usc" parsable-cite="usc/15/636">15 U.S.C. 636(a)</external-xref>), by adding at the end the following:</text>
					<quoted-block display-inline="no-display-inline" id="id66C2F9F7932745E2BC8089325B006080" style="OLC">
 <paragraph id="idB718AD71D42C4DE9901D9A8C1FF296B0"><enum>(35)</enum><header>Assistance for small manufacturers</header><text>The Administrator shall ensure that each district office of the Administration provides training to small business concerns described in paragraph (2)(F)(i) in obtaining assistance under this subsection, including with respect to the application process and partnering with participating lenders under this subsection.</text></paragraph><after-quoted-block>;</after-quoted-block></quoted-block>
 </paragraph><paragraph id="idD972387FFAEB4517A6EE6BD4AE720364"><enum>(2)</enum><text>in section 8 (<external-xref legal-doc="usc" parsable-cite="usc/15/637">15 U.S.C. 637</external-xref>), by striking subsection (c) and inserting the following:</text> <quoted-block display-inline="no-display-inline" id="id5eac695a8c1642b69905d73478c93fdf" style="OLC"> <subsection id="id6e7b13afbeda4b839267ecb58258c4ea"><enum>(c)</enum><header>Assistance for small manufacturers in SCORE program</header> <paragraph id="id30311f48a6044d4e8277e2a8c10fc935"><enum>(1)</enum><header>Definition</header><text>In this subsection, the term <term>SCORE program</term> means the Service Corps of Retired Executives authorized under subsection (b)(1)(B).</text>
 </paragraph><paragraph id="idf11d3a9feb2e4e45b01a31eb0bd026c7"><enum>(2)</enum><header>Volunteers</header><text>Under the SCORE program, the Administrator shall recruit volunteers to assist small business concerns described in section 7(a)(2)(F)(i) in obtaining assistance under section 7(a) and title V of the Small Business Investment Act of 1958 (<external-xref legal-doc="usc" parsable-cite="usc/15/695">15 U.S.C. 695</external-xref> et seq.), including with respect to the application process and partnering with participating lenders under that section.</text></paragraph></subsection><after-quoted-block>;</after-quoted-block></quoted-block>
 </paragraph><paragraph id="idCCA4CC14FDD24A0CAE592B5F21A62EBB"><enum>(3)</enum><text>in section 21(c)(3) (<external-xref legal-doc="usc" parsable-cite="usc/15/648">15 U.S.C. 648(c)(3)</external-xref>)—</text> <subparagraph id="id22d0707d71d448bfa01432331ce12e7c"><enum>(A)</enum><text>in subparagraph (S), by striking <quote>and</quote> at the end;</text>
 </subparagraph><subparagraph id="id2782e3b02e2a44b39892055fc93c10f3"><enum>(B)</enum><text>in subparagraph (T), by striking the period at the end and inserting <quote>; and</quote>; and</text> </subparagraph><subparagraph id="idf9aaaf83332543ce93d54fbeb45186a0"><enum>(C)</enum><text>by adding at the end the following:</text>
						<quoted-block display-inline="no-display-inline" id="idADAFDB298F5F4EB0A30E30265EF784AF" style="OLC">
 <subparagraph commented="no" display-inline="no-display-inline" id="id9870B7BF1E77449FB8BF4696183D353E"><enum>(U)</enum><text>providing training to small business concerns described in section 7(a)(2)(F)(i) in obtaining assistance under section 7(a) and title V of the Small Business Investment Act of 1958 (<external-xref legal-doc="usc" parsable-cite="usc/15/695">15 U.S.C. 695</external-xref> et seq.), including with respect to the application process and partnering with participating lenders under that section.</text></subparagraph><after-quoted-block>;</after-quoted-block></quoted-block>
 </subparagraph></paragraph><paragraph id="id35237EAF316B45539C3A29A9D657B032"><enum>(4)</enum><text>in section 29(b) (<external-xref legal-doc="usc" parsable-cite="usc/15/656">15 U.S.C. 656(b)</external-xref>)—</text> <subparagraph id="idA890BA50087848A8B8525BD3E406759B"><enum>(A)</enum><text>in paragraph (2), by striking <quote>and</quote> at the end;</text>
 </subparagraph><subparagraph id="id6B5DC60E8D5547549C6D184A949014DC"><enum>(B)</enum><text>in paragraph (3), by striking the period at the end and inserting <quote>; and</quote>; and</text> </subparagraph><subparagraph id="idC344D45B06DC48E6BDD5A1BAA412769B"><enum>(C)</enum><text>by adding at the end the following:</text>
						<quoted-block display-inline="no-display-inline" id="id7B7C3D2F36DC4E3BBDF2493456FE79B5" style="OLC">
 <paragraph id="idD8E64196886E4B809E01C1EF26019559"><enum>(4)</enum><text>training to small business concerns owned and controlled by women that are small business concerns described in section 7(a)(2)(F)(i) in obtaining assistance under section 7(a) and title V of the Small Business Investment Act of 1958 (<external-xref legal-doc="usc" parsable-cite="usc/15/695">15 U.S.C. 695</external-xref> et seq.), including with respect to the application process and partnering with participating lenders under that section.</text></paragraph><after-quoted-block>; and</after-quoted-block></quoted-block>
 </subparagraph></paragraph><paragraph id="idD56E576B665D4874BF2A218FE4AAA1DB"><enum>(5)</enum><text>in section 32 (<external-xref legal-doc="usc" parsable-cite="usc/15/657b">15 U.S.C. 657b</external-xref>), by adding at the end the following:</text> <quoted-block display-inline="no-display-inline" id="id1B86FB1D2E184BA281ED683CCE21E11D" style="OLC"> <subsection id="id49BE7034F97F436780345FDB937D346C"><enum>(g)</enum><header>Assistance for small manufacturers</header><text>The Associate Administrator shall ensure that Veterans Business Outreach Centers assist small business concerns described in section 7(a)(2)(F)(i) in obtaining assistance under section 7(a) and title V of the Small Business Investment Act of 1958 (<external-xref legal-doc="usc" parsable-cite="usc/15/695">15 U.S.C. 695</external-xref> et seq.), including with respect to the application process and partnering with participating lenders under that section.</text></subsection><after-quoted-block>.</after-quoted-block></quoted-block>
 </paragraph></subsection><subsection id="id2FF657B3F1354C83BDFB6FC19727CB75"><enum>(d)</enum><header>Partnering with NIST</header><text>The Small Business Administration and its resource partners may establish partnerships with the Hollings Manufacturing Extension Partnership Program of the National Institute of Standards and Technology and its affiliated centers to facilitate outreach to small manufacturers in providing training and guidance with respect to the application process for loans guaranteed by the Administration.</text>
			</subsection></section><section id="id83724D83AB034770BB07547BD686DE14"><enum>4.</enum><header>Development company debentures</header>
 <subsection id="id46CF8EE74C0946CB8A5752730B19C8DC"><enum>(a)</enum><header>Amount of guaranteed debenture</header><text display-inline="yes-display-inline">Section 503(a) of the Small Business Investment Act of 1958 (<external-xref legal-doc="usc" parsable-cite="usc/15/697">15 U.S.C. 697(a)</external-xref>) is amended by adding at the end the following:</text>
				<quoted-block display-inline="no-display-inline" id="idC37F1F14AE0743E2972D456E85BFF5E6" style="OLC">
 <paragraph id="idE12C52169ED74C93AF6FB2C703C8B187" indent="up1"><enum>(5)</enum><subparagraph commented="no" display-inline="yes-display-inline" id="id5D8711D5A3E540A8999CEBEE185977E9"><enum>(A)</enum><text>Any debenture issued by a State or local development company to a small manufacturer (as defined in section 501(e)(6)) with respect to which a guarantee is made under this subsection shall be in an amount equal to not more than 50 percent of the cost of the project with respect to which such debenture is issued.</text>
 </subparagraph><subparagraph id="id1D11DB9320D944D3A36FA986CF31623E" indent="up1"><enum>(B)</enum><text>Subparagraph (A) shall not apply to debentures issued during a fiscal year if—</text> <clause id="id529AFFC01D1D4435BA9C33B81015100F"><enum>(i)</enum><text>the cost to the Federal Government of making guarantees under this section is above zero; and</text>
 </clause><clause id="id7EA27DCC12B8406EA757D3C4E32A1510"><enum>(ii)</enum><text>the Administrator submits to Congress—</text> <subclause id="id116A9BDDB5134919ACB6C535A559BF45"><enum>(I)</enum><text>notice regarding the determination of cost described in clause (i); and</text>
 </subclause><subclause commented="no" display-inline="no-display-inline" id="id4B03DC1164A947C9BB5AF24AC0E11CE4"><enum>(II)</enum><text>a detailed discussion indicating why not implementing subparagraph (A) will cause the cost to the Federal Government of making guarantees under this section to be not more than zero.</text></subclause></clause></subparagraph></paragraph><after-quoted-block>.</after-quoted-block></quoted-block>
 </subsection><subsection id="idE9EFDE61AB13449B9851295C77A6BF29"><enum>(b)</enum><header>Startup small manufacturers</header><text>Section 502(3)(C)(i) of the Small Business Investment Act of 1958 (<external-xref legal-doc="usc" parsable-cite="usc/15/696">15 U.S.C. 696(3)(C)(i)</external-xref>) is amended by inserting <quote>is not a small manufacturer (as defined in section 501(e)(6)) and</quote> after <quote>small business concern</quote>.</text>
			</subsection></section><section id="IDCB7C4A4AA0064F93A7EC4E9F2AE84873"><enum>5.</enum><header>Federal loan guarantees for innovative technologies in manufacturing</header>
 <subsection id="idC3FDCBEE833F4342AF824845DAFA9D0E"><enum>(a)</enum><header>Transfer of existing program</header><text>The Stevenson-Wydler Technology Innovation Act of 1980 (<external-xref legal-doc="usc" parsable-cite="usc/15/3701">15 U.S.C. 3701</external-xref> et seq.) is amended—</text> <paragraph id="idA81B435DEE7B434C9AA577620EF86D6D"><enum>(1)</enum><text display-inline="yes-display-inline">by striking section 26 (<external-xref legal-doc="usc" parsable-cite="usc/15/3721">15 U.S.C. 3721</external-xref>); and</text>
 </paragraph><paragraph commented="no" display-inline="no-display-inline" id="id2EE11B4E7132425ABD561389DE7A4F66"><enum>(2)</enum><text>by redesignating sections 27 and 28 (<external-xref legal-doc="usc" parsable-cite="usc/15/3722">15 U.S.C. 3722</external-xref> and 3723) as sections 26 and 27, respectively.</text> </paragraph></subsection><subsection commented="no" display-inline="no-display-inline" id="id67A2C63C94CA455EB24957677AAA590F"><enum>(b)</enum><header>Authority of SBA</header> <paragraph commented="no" display-inline="no-display-inline" id="id5742371589074E36B8E4139AF39F6010"><enum>(1)</enum><header>Definitions</header><text>In this subsection—</text>
 <subparagraph commented="no" display-inline="no-display-inline" id="id8E6384AE92CD4411B1B92E92EFFF829F"><enum>(A)</enum><text>the term <term>Administrator</term> means the Administrator of the Small Business Administration;</text> </subparagraph><subparagraph commented="no" display-inline="no-display-inline" id="idDAC92B4945744F31A07A14775178DEE2"><enum>(B)</enum><text>the term <term>business loan programs of the Administration</term> means the programs under section 7(a) of the Small Business Act (<external-xref legal-doc="usc" parsable-cite="usc/15/636">15 U.S.C. 636(a)</external-xref>) and title V of the Small Business Investment Act of 1958 (<external-xref legal-doc="usc" parsable-cite="usc/15/695">15 U.S.C. 695</external-xref> et seq.); and</text>
 </subparagraph><subparagraph commented="no" display-inline="no-display-inline" id="id9177C45001204A6BA4A5ABD3DF516110"><enum>(C)</enum><text>the term <term>small manufacturer</term> means a business concern described in section 7(a)(2)(F)(i) of the Small Business Act, as amended by this Act.</text>
 </subparagraph></paragraph><paragraph commented="no" display-inline="no-display-inline" id="idB2A632C397314AFFBB2BD4D7083A2961"><enum>(2)</enum><header>Authorization</header><text>To the extent the Administrator determines that the assistance available to small manufacturers under section 26 of the Stevenson-Wydler Technology Innovation Act of 1980 (<external-xref legal-doc="usc" parsable-cite="usc/15/3721">15 U.S.C. 3721</external-xref>), as in effect on the day before the date of enactment of this Act, is not available under the business loan programs of the Administration, the Administrator shall ensure that the business loan programs of the Administration provide adequate support for innovative technologies in manufacturing.</text>
 </paragraph><paragraph commented="no" display-inline="no-display-inline" id="idA2FC62B2387148419761458BCFE96005"><enum>(3)</enum><header>Reporting</header><text>The Administrator shall submit to the Committee on Small Business and Entrepreneurship of the Senate and the Committee on Small Business of the House of Representatives a report regarding any determination or activity of the Administrator under paragraph (2).</text>
 </paragraph></subsection><subsection commented="no" display-inline="no-display-inline" id="idF69970E0A52D41EEB97AB4C1F91436EF"><enum>(c)</enum><header>Savings clause</header><text>Any loan guarantee issued under section 26 of the Stevenson-Wydler Technology Innovation Act of 1980 (<external-xref legal-doc="usc" parsable-cite="usc/15/3721">15 U.S.C. 3721</external-xref>), as in effect on the day before the date of enactment of this Act, shall remain in full force and effect under the terms, and for the duration, of the loan guarantee agreement.</text></subsection></section></legis-body></bill>


