<?xml version="1.0"?>
<?xml-stylesheet type="text/xsl" href="billres.xsl"?>
<!DOCTYPE bill PUBLIC "-//US Congress//DTDs/bill.dtd//EN" "bill.dtd">
<bill bill-stage="Introduced-in-Senate" bill-type="olc" dms-id="A1" public-private="public"><metadata xmlns:dc="http://purl.org/dc/elements/1.1/">
<dublinCore>
<dc:title>115 S285 IS: Bolts Ditch Access and Use Act</dc:title>
<dc:publisher>U.S. Senate</dc:publisher>
<dc:date>2017-02-02</dc:date>
<dc:format>text/xml</dc:format>
<dc:language>EN</dc:language>
<dc:rights>Pursuant to Title 17 Section 105 of the United States Code, this file is not subject to copyright protection and is in the public domain.</dc:rights>
</dublinCore>
</metadata>
<form>
<distribution-code display="yes">II</distribution-code><congress>115th CONGRESS</congress><session>1st Session</session><legis-num>S. 285</legis-num><current-chamber>IN THE SENATE OF THE UNITED STATES</current-chamber><action><action-date date="20170202">February 2, 2017</action-date><action-desc><sponsor name-id="S377">Mr. Gardner</sponsor> (for himself and <cosponsor name-id="S330">Mr. Bennet</cosponsor>) introduced the following bill; which was read twice and referred to the <committee-name committee-id="SSEG00">Committee on Energy and Natural Resources</committee-name></action-desc></action><legis-type>A BILL</legis-type><official-title>To ensure adequate use and access to the existing Bolts Ditch headgate and ditch segment within the
			 Holy Cross Wilderness in Eagle County, Colorado, and for other purposes.</official-title></form>
	<legis-body display-enacting-clause="yes-display-enacting-clause" id="H468575CAFBD34D3AAF04C1AA753F359B" style="OLC">
 <section id="H6236D7993A054717976EA45D6FEBC3AC" section-type="section-one"><enum>1.</enum><header>Short title</header><text display-inline="no-display-inline">This Act may be cited as the <quote><short-title>Bolts Ditch Access and Use Act</short-title></quote>.</text> </section><section id="idE836D4A0F3EE46FBAC6DCF755DE6B02F"><enum>2.</enum><header>Bolts ditch access</header> <subsection id="HA1D88B72AE264446825B6C18C95D3AE8"><enum>(a)</enum><header>Access granted</header><text>The Secretary of Agriculture shall permit by special use authorization nonmotorized access and use, in accordance with section 293.6 of title 36, Code of Federal Regulations, of the Bolts Ditch Headgate and the Bolts Ditch within the Holy Cross Wilderness, Colorado, as designated by <external-xref legal-doc="public-law" parsable-cite="pl/96/560">Public Law 96–560</external-xref>, for the purposes of the diversion of water and use, maintenance, and repair of such ditch and headgate by the Town of Minturn, Colorado, a Colorado Home Rule Municipality.</text>
 </subsection><subsection id="H00EBAC1CB7C841B29057927D57AFE405"><enum>(b)</enum><header>Location of facilities</header><text>The Bolts Ditch headgate and ditch segment referenced in subsection (a) are as generally depicted on the map entitled <quote>Bolts Ditch headgate and Ditch Segment</quote>, dated November, 2015.</text></subsection></section></legis-body></bill>


