<?xml version="1.0"?>
<?xml-stylesheet type="text/xsl" href="billres.xsl"?>
<!DOCTYPE bill PUBLIC "-//US Congress//DTDs/bill.dtd//EN" "bill.dtd">
<bill bill-stage="Introduced-in-Senate" dms-id="A1" public-private="public">
	<metadata xmlns:dc="http://purl.org/dc/elements/1.1/">
<dublinCore>
<dc:title>115 S287 IS: To update the map of, and modify the maximum acreage available for inclusion in, the Florissant Fossil Beds National Monument.</dc:title>
<dc:publisher>U.S. Senate</dc:publisher>
<dc:date>2017-02-02</dc:date>
<dc:format>text/xml</dc:format>
<dc:language>EN</dc:language>
<dc:rights>Pursuant to Title 17 Section 105 of the United States Code, this file is not subject to copyright protection and is in the public domain.</dc:rights>
</dublinCore>
</metadata>
<form>
		<distribution-code display="yes">II</distribution-code>
		<congress>115th CONGRESS</congress><session>1st Session</session>
		<legis-num>S. 287</legis-num>
		<current-chamber>IN THE SENATE OF THE UNITED STATES</current-chamber>
		<action>
			<action-date date="20170202">February 2, 2017</action-date>
			<action-desc><sponsor name-id="S377">Mr. Gardner</sponsor> (for himself and <cosponsor name-id="S330">Mr. Bennet</cosponsor>) introduced the following bill; which was read twice and referred to the <committee-name committee-id="SSEG00">Committee on Energy and Natural Resources</committee-name></action-desc>
		</action>
		<legis-type>A BILL</legis-type>
		<official-title>To update the map of, and modify the maximum acreage available for inclusion in, the Florissant
			 Fossil Beds National Monument.</official-title>
	</form>
	<legis-body>
 <section id="idE6528BBB9B7A43F1909B2420E5F01804" section-type="section-one"><enum>1.</enum><header>Map update; maximum acreage available for inclusion in the Florissant Fossil Beds National Monument</header><text display-inline="no-display-inline">The first section of <external-xref legal-doc="public-law" parsable-cite="pl/91/60">Public Law 91–60</external-xref> (83 Stat. 101) is amended—</text> <paragraph id="id8a8ebcd3d76c4e19813a3beb61302132"><enum>(1)</enum><text>by striking <quote>entitled <quote>Proposed Florissant Fossil Beds National Monument</quote>, numbered NM–FFB–7100, and dated March 1967, and more particularly described by metes and bounds in an attachment to that map,</quote> and inserting <quote>entitled <quote>Florissant Fossil Beds National Monument Proposed Boundary Adjustment</quote>, numbered 171/132,544, and dated May 3, 2016,</quote>; and</text>
 </paragraph><paragraph commented="no" display-inline="no-display-inline" id="id8D8068E5067C4932B7C8B7269A64539C"><enum>(2)</enum><text display-inline="yes-display-inline">by striking <quote>six thousand acres</quote> and inserting <quote>6,300 acres</quote>.</text> </paragraph></section></legis-body> </bill> 

