<?xml version="1.0"?>
<?xml-stylesheet type="text/xsl" href="billres.xsl"?>
<!DOCTYPE bill PUBLIC "-//US Congress//DTDs/bill.dtd//EN" "bill.dtd">
<bill bill-stage="Introduced-in-Senate" dms-id="A1" public-private="public"><metadata xmlns:dc="http://purl.org/dc/elements/1.1/">
<dublinCore>
<dc:title>115 S566 IS: Methow Headwaters Protection Act </dc:title>
<dc:publisher>U.S. Senate</dc:publisher>
<dc:date>2017-03-08</dc:date>
<dc:format>text/xml</dc:format>
<dc:language>EN</dc:language>
<dc:rights>Pursuant to Title 17 Section 105 of the United States Code, this file is not subject to copyright protection and is in the public domain.</dc:rights>
</dublinCore>
</metadata>
<form>
<distribution-code display="yes">II</distribution-code><congress>115th CONGRESS</congress><session>1st Session</session><legis-num>S. 566</legis-num><current-chamber>IN THE SENATE OF THE UNITED STATES</current-chamber><action><action-date date="20170308">March 8, 2017</action-date><action-desc><sponsor name-id="S275">Ms. Cantwell</sponsor> (for herself and <cosponsor name-id="S229">Mrs. Murray</cosponsor>) introduced the following bill; which was read twice and referred to the <committee-name committee-id="SSEG00">Committee on Energy and Natural Resources</committee-name></action-desc></action><legis-type>A BILL</legis-type><official-title>To withdraw certain land in Okanogan County, Washington, to protect the land, and for other
			 purposes. </official-title></form>
	<legis-body display-enacting-clause="yes-display-enacting-clause">
 <section id="S1" section-type="section-one"><enum>1.</enum><header>Short title</header><text display-inline="no-display-inline">This Act may be cited as the <quote><short-title>Methow Headwaters Protection Act </short-title></quote>.</text>
		</section><section id="id3663173e842346a8b53ad3823844969e"><enum>2.</enum><header>Methow Valley, Washington, Federal land withdrawal</header>
 <subsection id="id6BC35D07C054449BAECF13B77CCEA848"><enum>(a)</enum><header>Definition of Map</header><text display-inline="yes-display-inline">In this Act, the term <term>Map</term> means the Forest Service map entitled <quote>Methow Headwaters Withdrawal Proposal Legislative Map</quote> and dated May 24, 2016.</text> </subsection><subsection id="id188d8a990eda49558bd4a8331a7cfb10"><enum>(b)</enum><header>Withdrawal</header><text>Subject to valid existing rights, the approximately 340,079 acres of Federal land and interests in the land located in the Okanogan-Wenatchee National Forest within the area depicted on the Map as <quote>Proposed Withdrawal</quote> is withdrawn from all forms of—</text>
 <paragraph id="id83cfab74087d4a89a7b814cd7927102e"><enum>(1)</enum><text>entry, appropriation, or disposal under the public land laws;</text> </paragraph><paragraph id="id5c1588587641485fa6922aabf822f399"><enum>(2)</enum><text>location, entry, and patent under the mining laws; and</text>
 </paragraph><paragraph id="id5626ca477774488a93faf2253af62efd"><enum>(3)</enum><text>disposition under the mineral leasing and geothermal leasing laws.</text> </paragraph></subsection><subsection id="id6E4782730B4241AA8B409F7864169359"><enum>(c)</enum><header>Acquired land</header><text>Any land or interest in land within the area depicted on the Map as <quote>Proposed Withdrawal</quote> that is acquired by the United States after the date of enactment of this Act shall, on acquisition, be immediately withdrawn in accordance with this section.</text>
 </subsection><subsection id="id43e2d3b79e4e4204809474966efc15e7"><enum>(d)</enum><header>Availability of map</header><text>The Map shall be kept on file and made available for public inspection in the appropriate offices of the Forest Service and the Bureau of Land Management.</text></subsection></section></legis-body></bill>


