<?xml version="1.0"?>
<?xml-stylesheet type="text/xsl" href="billres.xsl"?>
<!DOCTYPE bill PUBLIC "-//US Congress//DTDs/bill.dtd//EN" "bill.dtd">
<bill bill-stage="Introduced-in-Senate" dms-id="A1" public-private="public">
	<metadata xmlns:dc="http://purl.org/dc/elements/1.1/">
<dublinCore>
<dc:title>115 S282 IS: Public Land Renewable Energy Development Act</dc:title>
<dc:publisher>U.S. Senate</dc:publisher>
<dc:date>2017-02-02</dc:date>
<dc:format>text/xml</dc:format>
<dc:language>EN</dc:language>
<dc:rights>Pursuant to Title 17 Section 105 of the United States Code, this file is not subject to copyright protection and is in the public domain.</dc:rights>
</dublinCore>
</metadata>
<form>
		<distribution-code display="yes">II</distribution-code>
		<congress>115th CONGRESS</congress><session>1st Session</session>
		<legis-num>S. 282</legis-num>
		<current-chamber>IN THE SENATE OF THE UNITED STATES</current-chamber>
		<action>
			<action-date date="20170202">February 2, 2017</action-date>
			<action-desc><sponsor name-id="S352">Mr. Heller</sponsor> (for himself, <cosponsor name-id="S359">Mr. Heinrich</cosponsor>, <cosponsor name-id="S377">Mr. Gardner</cosponsor>, <cosponsor name-id="S314">Mr. Tester</cosponsor>, <cosponsor name-id="S323">Mr. Risch</cosponsor>, <cosponsor name-id="S375">Mr. Daines</cosponsor>, <cosponsor name-id="S330">Mr. Bennet</cosponsor>, and <cosponsor name-id="S326">Mr. Udall</cosponsor>) introduced the following bill; which was read twice and referred to the <committee-name committee-id="SSEG00">Committee on Energy and Natural Resources</committee-name></action-desc>
		</action>
		<legis-type>A BILL</legis-type>
		<official-title>To promote the development of renewable energy on public land, and for other purposes.</official-title>
	</form>
	<legis-body>
		<section id="S1" section-type="section-one"><enum>1.</enum><header>Short title</header>
 <text display-inline="no-display-inline">This Act may be cited as the <quote><short-title>Public Land Renewable Energy Development Act</short-title></quote>.</text>
 </section><section id="idC3D94D41505A4BFBB6757D1C616C28EC"><enum>2.</enum><header>Definitions</header><text display-inline="no-display-inline">In this Act:</text> <paragraph id="idb904275fab2e419aa782ae94fbdf9c1c"><enum>(1)</enum><header>Covered land</header><text>The term <term>covered land</term> means land that is—</text>
 <subparagraph id="idc03efb327a9c40d0b254e0f434c61796"><enum>(A)</enum><text>public land administered by the Secretary; and</text> </subparagraph><subparagraph id="id8cc1938d5f204c40a18a062f21a58931"><enum>(B)</enum><text>not excluded from the development of geothermal, solar, or wind energy under—</text>
 <clause id="id52853ab3ebeb44d581a46ac12d299b9e"><enum>(i)</enum><text>a land use plan established under the Federal Land Policy and Management Act of 1976 (<external-xref legal-doc="usc" parsable-cite="usc/43/1701">43 U.S.C. 1701</external-xref> et seq.); or</text>
 </clause><clause id="id903596aaad234c34ae54e00b8d40b7a0"><enum>(ii)</enum><text>other Federal law.</text> </clause></subparagraph></paragraph><paragraph id="idc96b86a8a75c41ea991597337c662a12"><enum>(2)</enum><header>Exclusion area</header><text>The term <term>exclusion area</term> means covered land that is identified by the Bureau of Land Management as not suitable for development of renewable energy projects.</text>
 </paragraph><paragraph id="ide0796388f3994932ac08508d8748106f"><enum>(3)</enum><header>Federal land</header><text>The term <term>Federal land</term> means—</text> <subparagraph id="id7b0678fc864a496bb0415820c3ff2917"><enum>(A)</enum><text>land of the National Forest System (as defined in section 11(a) of the Forest and Rangeland Renewable Resources Planning Act of 1974 (<external-xref legal-doc="usc" parsable-cite="usc/16/1609">16 U.S.C. 1609(a)</external-xref>)); or</text>
 </subparagraph><subparagraph id="idfddd8974b16941cfb8bf27d351927b31"><enum>(B)</enum><text>public land.</text> </subparagraph></paragraph><paragraph id="id98b4ab045f5549d5ae2145c203f2211c"><enum>(4)</enum><header>Fund</header><text>The term <term>Fund</term> means the Renewable Energy Resource Conservation Fund established by section 7(c)(1).</text>
 </paragraph><paragraph id="idbbe72660fe724f069bf0562d87ef8bb6"><enum>(5)</enum><header>Priority area</header><text>The term <term>priority area</term> means covered land identified by the land use planning process of the Bureau of Land Management as being a preferred location for a renewable energy project.</text>
 </paragraph><paragraph id="id9834b11b59f045c3a6ae6cf24c54bfea"><enum>(6)</enum><header>Public land</header><text>The term <term>public land</term> has the meaning given the term <term>public lands</term> in section 103 of the Federal Land Policy and Management Act of 1976 (<external-xref legal-doc="usc" parsable-cite="usc/43/1702">43 U.S.C. 1702</external-xref>).</text> </paragraph><paragraph id="iddafd05b41e6b48528d351a8f96062b0e"><enum>(7)</enum><header>Renewable energy project</header><text>The term <term>renewable energy project</term> means a project carried out on covered land that uses wind, solar, or geothermal energy to generate energy.</text>
 </paragraph><paragraph commented="no" display-inline="no-display-inline" id="id6a59a2ba4df548eb9e3700ade61ad8fe"><enum>(8)</enum><header>Secretary</header><text>The term <term>Secretary</term> means the Secretary of the Interior.</text> </paragraph><paragraph id="id3b20c5a34cc3437b9a14276620d11025"><enum>(9)</enum><header>Variance area</header><text>The term <term>variance area</term> means covered land that is—</text>
 <subparagraph id="id7b2b1a3f5c214beca48045486d8b5e69"><enum>(A)</enum><text>not an exclusion area; and</text> </subparagraph><subparagraph id="id7f9cfd4343c847e7b6b66dc065847e4c"><enum>(B)</enum><text>not a priority area.</text>
				</subparagraph></paragraph></section><section id="id52a01e655a1c461c9278180371a14782"><enum>3.</enum><header>Extension of funding for implementation of Geothermal Steam Act of 1970</header>
 <subsection id="id5c48653b090d42799173032edadbb648"><enum>(a)</enum><header>In general</header><text>Section 234(a) of the Energy Policy Act of 2005 (<external-xref legal-doc="usc" parsable-cite="usc/42/15873">42 U.S.C. 15873(a)</external-xref>) is amended by striking <quote>in the first 5 fiscal years beginning after the date of enactment of this Act</quote> and inserting <quote>through fiscal year 2022</quote>.</text> </subsection><subsection id="id6307308f60d240c2a8b89f87fae926f6"><enum>(b)</enum><header>Authorization</header><text>Section 234(b) of the Energy Policy Act of 2005 (<external-xref legal-doc="usc" parsable-cite="usc/42/15873">42 U.S.C. 15873(b)</external-xref>) is amended—</text>
 <paragraph id="idfb293a4c76f74e8c93db63d2530cfa56"><enum>(1)</enum><text>by striking <quote>Amounts</quote> and inserting the following:</text> <quoted-block display-inline="no-display-inline" id="id36a5f1574b654283ba025cce675bbb26" style="OLC"> <paragraph id="idf591580b96b7491ab2a3aa332030f6f6"><enum>(1)</enum><header>In general</header><text>Amounts</text></paragraph><after-quoted-block>; and</after-quoted-block></quoted-block>
 </paragraph><paragraph id="id3a1b1ba1c5f24921b163df198c5b1936"><enum>(2)</enum><text>by adding at the end the following:</text> <quoted-block display-inline="no-display-inline" id="ida310e2d94db14077808f844d7c19417e" style="OLC"> <paragraph id="idb0f2ad4a2a9e48be9ed00ee95517456e"><enum>(2)</enum><header>Authorization</header><text>Effective for fiscal year 2017 and each fiscal year thereafter, amounts deposited under subsection (a) shall be available to the Secretary of the Interior for expenditure, without further appropriation or fiscal year limitation, to implement the Geothermal Steam Act of 1970 (<external-xref legal-doc="usc" parsable-cite="usc/30/1001">30 U.S.C. 1001</external-xref> et seq.) and this Act.</text></paragraph><after-quoted-block>.</after-quoted-block></quoted-block>
				</paragraph></subsection></section><section id="idd9652534b44f4b4a937b979fcdebf34e"><enum>4.</enum><header>Land use planning; supplements to programmatic environmental impact statements</header>
			<subsection id="id57afeb1e872e4c99bb2077b7ef92ad94"><enum>(a)</enum><header>Priority areas</header>
 <paragraph id="id60fdac66b8b745d2abce7e245daccf54"><enum>(1)</enum><header>In general</header><text>The Secretary, in consultation with the Secretary of Energy, shall establish priority areas on covered land for geothermal, solar, and wind energy projects.</text>
				</paragraph><paragraph id="id72d7592b7b6d42c19729dfed3b31407d"><enum>(2)</enum><header>Deadline</header>
 <subparagraph id="id4ecd8a4f4ba44d2b838307fb0136b91e"><enum>(A)</enum><header>Geothermal energy</header><text>For geothermal energy, the Secretary shall establish priority areas as soon as practicable, but not later than 5 years, after the date of enactment of this Act.</text>
 </subparagraph><subparagraph id="id9010f9bb0d5547fda5cd81fc906cde10"><enum>(B)</enum><header>Solar energy</header><text>For solar energy, the solar energy zones established by the 2012 western solar plan of the Bureau of Land Management and any subsequent land use plan amendments shall be considered to be priority areas for solar energy projects.</text>
 </subparagraph><subparagraph id="idb7a1808ce52e438fb8c96642c0b7962a"><enum>(C)</enum><header>Wind energy</header><text>For wind energy, the Secretary shall establish priority areas as soon as practicable, but not later than 3 years, after the date of enactment of this Act.</text>
 </subparagraph></paragraph></subsection><subsection id="idd8663c45c3ca456a890f98d6e7061d14"><enum>(b)</enum><header>Variance areas</header><text>To the maximum extent practicable, variance areas shall be considered for renewable energy project development, consistent with the principles of multiple use (as defined in the Federal Land Policy and Management Act of 1976 (<external-xref legal-doc="usc" parsable-cite="usc/43/1701">43 U.S.C. 1701</external-xref> et seq.)).</text>
 </subsection><subsection id="id2829675DF62443F6ACB84000C021856D"><enum>(c)</enum><header>Review and modification</header><text>Not less frequently than once every 10 years, the Secretary shall—</text> <paragraph id="id4151cbef8ff34f76841e5c6bd09cdd16"><enum>(1)</enum><text>review the adequacy of land allocations for geothermal, solar, and wind energy priority and variance areas for the purpose of encouraging new renewable energy development opportunities; and</text>
 </paragraph><paragraph id="idce6d576b9a0a4b9f8d030cbd311b371e"><enum>(2)</enum><text>based on the review carried out under paragraph (1), add, modify, or eliminate priority, variance, and exclusion areas.</text>
 </paragraph></subsection><subsection id="id67a49710d71943b9b7b69f2f31941e46"><enum>(d)</enum><header>Compliance with the national environmental policy act</header><text>For purposes of this section, compliance with the National Environmental Policy Act of 1969 (<external-xref legal-doc="usc" parsable-cite="usc/42/4321">42 U.S.C. 4321</external-xref> et seq.) shall be accomplished—</text>
 <paragraph id="idfe9fc6d78f1141bd82ea7838e9b550c9"><enum>(1)</enum><text>for geothermal energy, by supplementing the October 2008 final programmatic environmental impact statement for geothermal leasing in the western United States;</text>
 </paragraph><paragraph id="id287435d2600646d1a4eb8c5d53133ea5"><enum>(2)</enum><text>for solar energy, by supplementing the July 2012 final programmatic environmental impact statement for solar energy projects; and</text>
 </paragraph><paragraph id="id3be71d6a7be447bf9e6c86fc55bb3414"><enum>(3)</enum><text>for wind energy, by supplementing the July 2005 final programmatic environmental impact statement for wind energy projects.</text>
 </paragraph></subsection><subsection id="id4e756ba870944f1a917d95a86a4f8f8c"><enum>(e)</enum><header>No effect on processing applications</header><text>A requirement to prepare a supplement to a programmatic environmental impact statement under this section shall not result in any delay in processing an application for a renewable energy project.</text>
 </subsection><subsection id="idf9c556a727c74a9ba87cd8b92a4afad1"><enum>(f)</enum><header>Coordination</header><text>In developing a supplement required by this section, the Secretary shall coordinate, on an ongoing basis, with appropriate State, tribal, and local governments, transmission infrastructure owners and operators, developers, and other appropriate entities to ensure that priority areas identified by the Secretary are—</text>
 <paragraph id="idc1a885a21c5b4067b194b9f60cff6e13"><enum>(1)</enum><text>economically viable (including having access to transmission);</text> </paragraph><paragraph id="id8898495f6ce54e88a71b4199f3c33bc4"><enum>(2)</enum><text>likely to avoid or minimize conflict with habitat for animals and plants, recreation, and other uses of covered land; and</text>
 </paragraph><paragraph id="id301462cfebf14568ae7e50247e6a46b5"><enum>(3)</enum><text>consistent with section 202 of the Federal Land Policy and Management Act of 1976 (<external-xref legal-doc="usc" parsable-cite="usc/43/1712">43 U.S.C. 1712</external-xref>), including subsection (c)(9) of that section (<external-xref legal-doc="usc" parsable-cite="usc/43/1712">43 U.S.C. 1712(c)(9)</external-xref>).</text>
 </paragraph></subsection><subsection id="id472f1ea803864c9b8f062b334b97eb46"><enum>(g)</enum><header>Removal from classification</header><text>In carrying out subsections (a) through (e), if the Secretary determines an area previously suited for development should be removed from priority or variance classification, not later than 90 days after the date of the determination, the Secretary shall submit to Congress a report on the determination.</text>
			</subsection></section><section id="id0feecb2e68f4445a859cfab25da49348"><enum>5.</enum><header>Environmental review on covered land</header>
 <subsection id="id10e2fdb8e59b4270beef694e9851fb98"><enum>(a)</enum><header>In general</header><text>If the Secretary determines that a proposed renewable energy project has been sufficiently analyzed by a programmatic environmental impact statement conducted under section 4(d), the Secretary shall not require any additional review under the National Environmental Policy Act of 1969 (<external-xref legal-doc="usc" parsable-cite="usc/42/4321">42 U.S.C. 4321</external-xref> et seq.).</text>
 </subsection><subsection id="ide206465b7e7c4b22a23e8866929fb2f1"><enum>(b)</enum><header>Additional environmental review</header><text>If the Secretary determines that additional environmental review under the National Environmental Policy Act of 1969 (<external-xref legal-doc="usc" parsable-cite="usc/42/4321">42 U.S.C. 4321</external-xref> et seq.) is necessary for a proposed renewable energy project, the Secretary shall rely on the analysis in the programmatic environmental impact statement conducted under section 4(d), to the maximum extent practicable when analyzing the potential impacts of the project.</text>
 </subsection><subsection id="idd9c0f2c9f1bb422295aa5961771691e1"><enum>(c)</enum><header>Relationship to Other Law</header><text>Nothing in this section modifies or supersedes any requirement under applicable law.</text> </subsection></section><section id="idf29ea186030145659c79826505888f47"><enum>6.</enum><header>Program to improve renewable energy project permit coordination</header> <subsection id="id8e0f7c404b1f4cc7b412d0d75f1b841f"><enum>(a)</enum><header>Establishment</header><text>The Secretary shall establish a program to improve Federal permit coordination with respect to renewable energy projects on covered land.</text>
			</subsection><subsection id="idf2045f83da4e4c52a2f53c1d1a863234"><enum>(b)</enum><header>Memorandum of understanding</header>
 <paragraph id="id582504dd3bbc44ac999e9c555b8bec96"><enum>(1)</enum><header>In general</header><text>Not later than 180 days after the date of enactment of this Act, the Secretary shall enter into a memorandum of understanding for purposes of this section, including to specifically expedite the environmental analysis of applications for projects proposed in a variance area, with—</text>
 <subparagraph id="idc4697de7c57b45f0aba72665f5c1fba4"><enum>(A)</enum><text>the Secretary of Agriculture; and</text> </subparagraph><subparagraph id="ide10492c5ee8a4b5489bf870ecdaad036"><enum>(B)</enum><text>the Assistant Secretary of the Army for Civil Works.</text>
 </subparagraph></paragraph><paragraph id="id8c0aa987e4c74086bdb6f889122d5bfb"><enum>(2)</enum><header>State participation</header><text>The Secretary may request the Governor of any interested State to be a signatory to the memorandum of understanding under paragraph (1).</text>
				</paragraph></subsection><subsection id="id19396075dd224677987711b5af2b4f5a"><enum>(c)</enum><header>Designation of Qualified Staff</header>
 <paragraph id="idb8f6ad9ffde549b5b77242d7f45b5719"><enum>(1)</enum><header>In general</header><text>Not later than 30 days after the date on which the memorandum of understanding under subsection (b) is executed, all Federal signatories, as appropriate, shall identify for each of the Bureau of Land Management Renewable Energy Coordination Offices an employee who has expertise in the regulatory issues relating to the office in which the employee is employed, including, as applicable, particular expertise in—</text>
 <subparagraph id="ide9eb2daf1a354db2821149df3d179740"><enum>(A)</enum><text>consultation regarding, and preparation of, biological opinions under section 7 of the Endangered Species Act of 1973 (<external-xref legal-doc="usc" parsable-cite="usc/16/1536">16 U.S.C. 1536</external-xref>);</text>
 </subparagraph><subparagraph id="idee468b4cebbf4b159f044a4bfe7b5660"><enum>(B)</enum><text>permits under section 404 of Federal Water Pollution Control Act (<external-xref legal-doc="usc" parsable-cite="usc/33/1344">33 U.S.C. 1344</external-xref>);</text> </subparagraph><subparagraph id="id8c9365b98143428e9f61ea5f104aef1e"><enum>(C)</enum><text>regulatory matters under the Clean Air Act (<external-xref legal-doc="usc" parsable-cite="usc/42/7401">42 U.S.C. 7401</external-xref> et seq.);</text>
 </subparagraph><subparagraph id="id7d8f8bc07f50461fb62682ad23546a43"><enum>(D)</enum><text>planning under section 14 of the National Forest Management Act of 1976 (<external-xref legal-doc="usc" parsable-cite="usc/16/472a">16 U.S.C. 472a</external-xref>);</text> </subparagraph><subparagraph id="id9734a516c69a40e88e1baa5f3c14e04d"><enum>(E)</enum><text>the Federal Land Policy and Management Act of 1976 (<external-xref legal-doc="usc" parsable-cite="usc/43/1701">43 U.S.C. 1701</external-xref> et seq.);</text>
 </subparagraph><subparagraph id="idb6f7332e5cfd48538e2e0a5e7bb7d191"><enum>(F)</enum><text>the Migratory Bird Treaty Act (<external-xref legal-doc="usc" parsable-cite="usc/16/703">16 U.S.C. 703</external-xref> et seq.); and</text> </subparagraph><subparagraph id="id72788677c62d4659996ec872781fbd98"><enum>(G)</enum><text>the preparation of analyses under the National Environmental Policy Act of 1969 (<external-xref legal-doc="usc" parsable-cite="usc/42/4321">42 U.S.C. 4321</external-xref> et seq.).</text>
 </subparagraph></paragraph><paragraph id="idbd814eaafa9f48eba696491c2e82cd6c"><enum>(2)</enum><header>Duties</header><text>Each employee assigned under paragraph (1) shall—</text> <subparagraph id="idcff9c1e7b1eb45c5ba4ac00b38a0ce6c"><enum>(A)</enum><text>be responsible for addressing all issues relating to the jurisdiction of the home office or agency of the employee; and</text>
 </subparagraph><subparagraph id="idf09f4cda74e24e21b5534762d68e622e"><enum>(B)</enum><text>participate as part of the team of personnel working on proposed energy projects, planning, monitoring, inspection, enforcement, and environmental analyses.</text>
 </subparagraph></paragraph></subsection><subsection id="id18be84eee6c1457288b6472f29acbdf3"><enum>(d)</enum><header>Additional personnel</header><text>The Secretary may assign such additional personnel for the Bureau of Land Management Renewable Energy Coordination Offices as are necessary to ensure the effective implementation of any programs administered by the offices, including inspection and enforcement relating to renewable energy project development on covered land, in accordance with the multiple use mandate of the Federal Land Policy and Management Act of 1976 (<external-xref legal-doc="usc" parsable-cite="usc/43/1701">43 U.S.C. 1701</external-xref> et seq.).</text>
 </subsection><subsection id="id1179dc1387854b78afee4d4fb563cd3f"><enum>(e)</enum><header>Renewable energy coordination offices</header><text>In carrying out the program established under subsection (a), the Secretary may—</text> <paragraph id="id38EE5A8212D84D7888F1769706B7AED5"><enum>(1)</enum><text>establish additional Bureau of Land Management Renewable Energy Coordination Offices; or</text>
 </paragraph><paragraph id="idD63EC97E71B04BE4BA1A32D4F8B3233F"><enum>(2)</enum><text>temporarily assign the qualified staff designated under subsection (c) to a State, district, or field office of the Bureau of Land Management to expedite the permitting of renewable energy projects.</text>
				</paragraph></subsection><subsection id="idcf2231fe494c46338309307ee3e4de46"><enum>(f)</enum><header>Report to congress</header>
 <paragraph id="idea66a1e42f8b488abf021bf08af34960"><enum>(1)</enum><header>In general</header><text>Not later than February 1 of the first fiscal year beginning after the date of enactment of this Act, and each February 1 thereafter, the Secretary shall submit to the Committee on Energy and Natural Resources of the Senate and the Committee on Natural Resources of the House of Representatives a report describing the progress made under the program established under subsection (a) during the preceding year.</text>
 </paragraph><paragraph id="id556b72e7f3694783bcc2d18f7aa0e079"><enum>(2)</enum><header>Inclusions</header><text>Each report under this subsection shall include—</text> <subparagraph id="id588a6c268f1442e58d956f2fa8b52571"><enum>(A)</enum><text>projections for renewable energy production and capacity installations; and</text>
 </subparagraph><subparagraph id="idb55d8111f3984dddb644c25888bde431"><enum>(B)</enum><text>a description of any problems relating to leasing, permitting, siting, or production.</text> </subparagraph></paragraph></subsection></section><section id="id0d3e89e603dd4113a7bf264fe554a8f6"><enum>7.</enum><header>Disposition of revenues</header> <subsection id="idd350b0658e0940a0969858a6aa369e41"><enum>(a)</enum><header>Disposition of revenues</header><text>Beginning on January 1, 2017, without further appropriation or fiscal year limitation, of the amounts collected as bonus bids, rentals, fees, or other payments under a right-of-way, permit, lease, or other authorization (other than under section 504(g) of the Federal Land Policy and Management Act of 1976 (<external-xref legal-doc="usc" parsable-cite="usc/43/1764">43 U.S.C. 1764(g)</external-xref>)) for the development of wind or solar energy on covered land—</text>
 <paragraph id="idfa9b01961c8a401eae2549878a4f9dad"><enum>(1)</enum><text>25 percent shall be paid by the Secretary of the Treasury to the State within the boundaries of which the revenue is derived;</text>
 </paragraph><paragraph id="iddbf27bbb5a14445c89993978c037077d"><enum>(2)</enum><text>25 percent shall be paid by the Secretary of the Treasury to the one or more counties within the boundaries of which the revenue is derived, to be allocated among the counties based on the percentage of land from which the revenue is derived;</text>
 </paragraph><paragraph id="id3cc545ab37a54f798985eb05a41a5d99"><enum>(3)</enum><text>to be deposited in the Treasury and be made available to the Secretary to carry out the program established by section 6, including the transfer of the funds by the Bureau of Land Management to other Federal agencies and State agencies to facilitate the processing of renewable energy permits on Federal land, with priority given to using the amounts, to the maximum extent practicable, to expediting the issuance of permits required for the development of renewable energy projects in the States from which the revenues are derived—</text>
 <subparagraph id="id75e9300c626741fcb026706a5fca72fc"><enum>(A)</enum><text>25 percent for each of fiscal years 2016 through 2025;</text> </subparagraph><subparagraph id="id7843e0b8013d40f091ff2580a77306eb"><enum>(B)</enum><text>20 percent for each of fiscal years 2026 through 2030;</text>
 </subparagraph><subparagraph id="id44f6072030314c3e8cc532eb50523949"><enum>(C)</enum><text>15 percent for each of fiscal years 2031 through 2035; and</text> </subparagraph><subparagraph id="id5024298d4bc949b89e3fac09150467a3"><enum>(D)</enum><text>10 percent for fiscal year 2036 and each fiscal year thereafter; and</text>
 </subparagraph></paragraph><paragraph id="id0629336ef8014a5ea35c6a4c3d6cb534"><enum>(4)</enum><text>to be deposited in the Renewable Energy Resource Conservation Fund established by subsection (c)—</text> <subparagraph id="id787bbfb316ea4676beeacfc8e65e4755"><enum>(A)</enum><text>25 percent for each of fiscal years 2016 through 2025;</text>
 </subparagraph><subparagraph id="ide1f6bc4d23504dcb8ec68e9041dadaf3"><enum>(B)</enum><text>30 percent for each of fiscal years 2026 through 2030;</text> </subparagraph><subparagraph id="ida3fa734d34bc4c119adbc90f97ae3ff9"><enum>(C)</enum><text>35 percent for each of fiscal years 2031 through 2035; and</text>
 </subparagraph><subparagraph id="id33004e731896443ebce33345094e16af"><enum>(D)</enum><text>40 percent for fiscal year 2036 and each fiscal year thereafter.</text> </subparagraph></paragraph></subsection><subsection id="idecf5dd7de79e497ca990f6e9df36bbcd"><enum>(b)</enum><header>Payments to states and counties</header> <paragraph id="ide0b440e8ddd04c6d9687c6f3a88c8619"><enum>(1)</enum><header>In general</header><text>Amounts paid to States and counties under subsection (a) shall be used consistent with section 35 of the Mineral Leasing Act (<external-xref legal-doc="usc" parsable-cite="usc/30/191">30 U.S.C. 191</external-xref>).</text>
 </paragraph><paragraph id="ideee21827dfdc4bb3973f3103ff1bfd7f"><enum>(2)</enum><header>Payments in lieu of taxes</header><text>A payment to a county under paragraph (1) shall be in addition to a payment in lieu of taxes received by the county under <external-xref legal-doc="usc-chapter" parsable-cite="usc-chapter/31/69">chapter 69</external-xref> of title 31, United States Code.</text>
				</paragraph></subsection><subsection id="id0e1846b8652d4e4b80bc1a0d77f208f2"><enum>(c)</enum><header>Renewable energy resource conservation fund</header>
 <paragraph id="id08870b9c774e4d3da4b74529bcaca8a2"><enum>(1)</enum><header>In general</header><text>There is established in the Treasury a fund, to be known as the <quote>Renewable Energy Resource Conservation Fund</quote>, to be administered by the Secretary, in consultation with the Secretary of Agriculture.</text> </paragraph><paragraph id="id0938E65AD6D04B7F862474543DDBF9CB"><enum>(2)</enum><header>Use of funds</header><text>The Secretary may make funds in the Fund available to Federal, State, and tribal agencies to be distributed in regions in which renewable energy projects are located on Federal land, for the purposes of—</text>
 <subparagraph id="idbf9c9a5d8ab6449e94118c9faf840e87"><enum>(A)</enum><text>restoring and protecting—</text> <clause id="idd4a456fb5dcb481cbe3c129feb157503"><enum>(i)</enum><text>fish and wildlife habitat for affected species;</text>
 </clause><clause id="idf84a6da33f28458981487031cbe45fed"><enum>(ii)</enum><text>fish and wildlife corridors for affected species; and</text> </clause><clause id="id8162081d381747a081d1a754e6d35dcc"><enum>(iii)</enum><text>water resources in areas affected by wind, geothermal, or solar energy development; and</text>
 </clause></subparagraph><subparagraph id="id9716b7c3b8514b98ad518a31286e2753"><enum>(B)</enum><text>preserving and improving recreational access to Federal land and water in an affected region through an easement, right-of-way, or other instrument from willing landowners for the purpose of enhancing public access to existing Federal land and water that is inaccessible or significantly restricted.</text>
 </subparagraph></paragraph><paragraph id="id0a711a116f8e41b2990c9e2cd24ddb3c"><enum>(3)</enum><header>Partnerships</header><text>The Secretary may enter into cooperative agreements with State and tribal agencies, nonprofit organizations, and other appropriate entities to carry out the activities described in subparagraphs (A) and (B) of paragraph (2).</text>
				</paragraph><paragraph id="id875e513caa8b4d62838e87528e65ffa9"><enum>(4)</enum><header>Investment of fund</header>
 <subparagraph id="idf4f73bef75f34adca51852188098a987"><enum>(A)</enum><header>In general</header><text>Any amounts deposited in the Fund shall earn interest in an amount determined by the Secretary of the Treasury on the basis of the current average market yield on outstanding marketable obligations of the United States of comparable maturities.</text>
 </subparagraph><subparagraph id="idd71f06863da74d2491ae9270789865b6"><enum>(B)</enum><header>Use</header><text>Any interest earned under subparagraph (A) may be expended in accordance with this subsection.</text> </subparagraph></paragraph><paragraph id="id59a4beb9663a4d009f49407ea4adca78"><enum>(5)</enum><header>Intent of congress</header><text>It is the intent of Congress that the revenues deposited and used in the Fund shall supplement (and not supplant) annual appropriations for activities described in subparagraphs (A) and (B) of paragraph (2).</text>
 </paragraph></subsection></section><section id="idce17a74a601e4911b53bd56ed8965b0f"><enum>8.</enum><header>Savings clause</header><text display-inline="no-display-inline">Notwithstanding any other provision of this Act, the Secretary shall continue to manage public land under the principles of multiple use and sustained yield in accordance with title I of the Federal Land Policy and Management Act of 1976 (<external-xref legal-doc="usc" parsable-cite="usc/43/1701">43 U.S.C. 1701</external-xref> et seq.), including due consideration of mineral and nonrenewable energy-related projects and other nonrenewable energy uses, for the purposes of land use planning, permit processing, and conducting environmental reviews.</text>
		</section></legis-body>
</bill>


