<?xml version="1.0"?>
<?xml-stylesheet type="text/xsl" href="billres.xsl"?>
<!DOCTYPE bill PUBLIC "-//US Congress//DTDs/bill.dtd//EN" "bill.dtd">
<bill bill-stage="Introduced-in-Senate" dms-id="A1" public-private="public"><metadata xmlns:dc="http://purl.org/dc/elements/1.1/">
<dublinCore>
<dc:title>115 S626 IS: Bureau of Consumer Financial Protection-Inspector General Reform Act of 2017</dc:title>
<dc:publisher>U.S. Senate</dc:publisher>
<dc:date>2017-03-14</dc:date>
<dc:format>text/xml</dc:format>
<dc:language>EN</dc:language>
<dc:rights>Pursuant to Title 17 Section 105 of the United States Code, this file is not subject to copyright protection and is in the public domain.</dc:rights>
</dublinCore>
</metadata>
<form>
<distribution-code display="yes">II</distribution-code><congress>115th CONGRESS</congress><session>1st Session</session><legis-num>S. 626</legis-num><current-chamber>IN THE SENATE OF THE UNITED STATES</current-chamber><action><action-date date="20170314">March 14, 2017</action-date><action-desc><sponsor name-id="S349">Mr. Portman</sponsor> (for himself, <cosponsor name-id="S254">Mr. Enzi</cosponsor>, <cosponsor name-id="S352">Mr. Heller</cosponsor>, <cosponsor name-id="S305">Mr. Isakson</cosponsor>, <cosponsor name-id="S317">Mr. Barrasso</cosponsor>, <cosponsor name-id="S344">Mr. Hoeven</cosponsor>, <cosponsor name-id="S252">Ms. Collins</cosponsor>, <cosponsor name-id="S342">Mr. Blunt</cosponsor>, <cosponsor name-id="S343">Mr. Boozman</cosponsor>, and <cosponsor name-id="S136">Mr. Cochran</cosponsor>) introduced the following bill; which was read twice and referred to the <committee-name committee-id="SSBK00">Committee on Banking, Housing, and Urban Affairs</committee-name></action-desc></action><legis-type>A BILL</legis-type><official-title>To require Senate confirmation of the Inspector General of the Bureau of Consumer Financial
			 Protection, and for other purposes.</official-title></form>
	<legis-body display-enacting-clause="yes-display-enacting-clause">
		<section id="S1" section-type="section-one"><enum>1.</enum><header>Short
 title</header><text display-inline="no-display-inline">This Act may be cited as the <quote><short-title>Bureau of Consumer Financial Protection-Inspector General Reform Act of 2017</short-title></quote> or the <quote><short-title>CFPB-IG Act of 2017</short-title></quote>.</text>
		</section><section id="id0F55069351FF470AB96C83263028449A"><enum>2.</enum><header>Appointment of
 Inspector General</header><text display-inline="no-display-inline">The Inspector General Act of 1978 (5 U.S.C. App.) is amended—</text>
 <paragraph id="id8BEF219AEF274386966EB6FACABD5BF2"><enum>(1)</enum><text>in section 8G—</text>
 <subparagraph id="idBEA6BC406B12445F8596F785B69BC85E"><enum>(A)</enum><text>in subsection (a)(2), by striking <quote>and the Bureau of Consumer Financial Protection</quote>;</text>
 </subparagraph><subparagraph id="idF571AAF6524B425CB4A96948C2FE2037"><enum>(B)</enum><text>in subsection (c), by striking <quote>For the purposes of implementing this section</quote> and all that follows through the end of the subsection; and</text>
 </subparagraph><subparagraph id="id5F495D0BE7B34305B35468B07A83B5C9"><enum>(C)</enum><text>in subsection (g)(3), by striking <quote>and the Bureau of Consumer Financial Protection</quote>; and</text>
 </subparagraph></paragraph><paragraph id="id9FC639F7A0B843F48C857F5D872448A7"><enum>(2)</enum><text>in section 12—</text>
 <subparagraph id="idBAEEB7B308C6489AAA5B4186483BA304"><enum>(A)</enum><text>in paragraph (1), by inserting <quote>the Director of the Bureau of Consumer Financial Protection;</quote> after <quote>the President of the Export-Import Bank;</quote>; and</text>
 </subparagraph><subparagraph id="id7D3819C3B08043FDBC45A3496523F15E"><enum>(B)</enum><text>in paragraph (2), by inserting <quote>the Bureau of Consumer Financial Protection,</quote> after <quote>the Export-Import Bank,</quote>.</text></subparagraph></paragraph></section></legis-body></bill>


