<?xml version="1.0"?>
<?xml-stylesheet type="text/xsl" href="billres.xsl"?>
<!DOCTYPE bill PUBLIC "-//US Congress//DTDs/bill.dtd//EN" "bill.dtd">
<bill bill-stage="Introduced-in-Senate" dms-id="A1" public-private="public"><metadata xmlns:dc="http://purl.org/dc/elements/1.1/">
<dublinCore>
<dc:title>115 S334 IS: Fracturing Regulations are Effective in State Hands Act</dc:title>
<dc:publisher>U.S. Senate</dc:publisher>
<dc:date>2017-02-07</dc:date>
<dc:format>text/xml</dc:format>
<dc:language>EN</dc:language>
<dc:rights>Pursuant to Title 17 Section 105 of the United States Code, this file is not subject to copyright protection and is in the public domain.</dc:rights>
</dublinCore>
</metadata>
<form>
<distribution-code display="yes">II</distribution-code><congress>115th CONGRESS</congress><session>1st Session</session><legis-num>S. 334</legis-num><current-chamber>IN THE SENATE OF THE UNITED STATES</current-chamber><action><action-date date="20170207" legis-day="20170206">February 7 (legislative day, February 6), 2017</action-date><action-desc><sponsor name-id="S236">Mr. Inhofe</sponsor> (for himself, <cosponsor name-id="S350">Mr. Rubio</cosponsor>, <cosponsor name-id="S348">Mr. Paul</cosponsor>, <cosponsor name-id="S355">Mr. Cruz</cosponsor>, <cosponsor name-id="S378">Mr. Lankford</cosponsor>, <cosponsor name-id="S365">Mr. Scott</cosponsor>, <cosponsor name-id="S372">Mrs. Capito</cosponsor>, <cosponsor name-id="S384">Mr. Tillis</cosponsor>, and <cosponsor name-id="S374">Mr. Cotton</cosponsor>) introduced the following bill; which was read twice and referred to the <committee-name committee-id="SSEG00">Committee on Energy and Natural Resources</committee-name></action-desc></action><legis-type>A BILL</legis-type><official-title>To clarify that a State has the sole authority to regulate hydraulic fracturing on Federal land
			 within the boundaries of the State.</official-title></form>
	<legis-body display-enacting-clause="yes-display-enacting-clause">
		<section id="S1" section-type="section-one"><enum>1.</enum><header>Short
 title</header><text display-inline="no-display-inline">This Act may be cited as the <quote><short-title>Fracturing Regulations are Effective in State Hands Act</short-title></quote>.</text>
 </section><section id="id11980896be734e47b90977d253ac15dc"><enum>2.</enum><header>Findings</header><text display-inline="no-display-inline">Congress finds that—</text> <paragraph id="idfc4afd2dd5bb4e978de5128af9b7653a"><enum>(1)</enum><text>hydraulic fracturing is a commercially viable practice that has been used in the United States for more than 60 years in more than 1,000,000 wells;</text>
 </paragraph><paragraph id="idaeaf9fcf9c014be6bccb36433d2351f4"><enum>(2)</enum><text>the Ground Water Protection Council, a national association of State water regulators that is considered to be a leading groundwater protection organization in the United States, released a report entitled <quote>State Oil and Natural Gas Regulations Designed to Protect Water Resources</quote> and dated May 2009 finding that the <quote>current State regulation of oil and gas activities is environmentally proactive and preventive</quote>;</text>
 </paragraph><paragraph id="id0e6a8306df874eb4a7e00ec150f65386"><enum>(3)</enum><text>that report also concluded that <quote>[a]ll oil and gas producing States have regulations which are designed to provide protection for water resources</quote>;</text>
 </paragraph><paragraph id="id797db9b41caa436ba21b88b562f5de6a"><enum>(4)</enum><text>a 2004 study by the Environmental Protection Agency, entitled <quote>Evaluation of Impacts to Underground Sources of Drinking Water by Hydraulic Fracturing of Coalbed Methane Reservoirs</quote>, found no evidence of drinking water wells contaminated by fracture fluid from the fracked formation;</text>
 </paragraph><paragraph id="id08fe899bff514fcf9b546dd90f2b94db"><enum>(5)</enum><text>a 2009 report by the Ground Water Protection Council, entitled <quote>State Oil and Natural Gas Regulations Designed to Protect Water Resources</quote>, found a <quote>lack of evidence</quote> that hydraulic fracturing conducted in both deep and shallow formations presents a risk of endangerment to ground water;</text>
 </paragraph><paragraph id="id20EF4A0F7358421C81E4BB316A4AD6C2"><enum>(6)</enum><text>a January 2009 resolution by the Interstate Oil and Gas Compact Commission stated <quote>The states, who regulate production, have comprehensive laws and regulations to ensure operations are safe and to protect drinking water. States have found no verified cases of groundwater contamination associated with hydraulic fracturing.</quote>;</text>
 </paragraph><paragraph id="idfa963e5b5fd04ab09f8bef9cd065feb4"><enum>(7)</enum><text>on May 24, 2011, before the Oversight and Government Reform Committee of the House of Representatives, Lisa Jackson, the Administrator of the Environmental Protection Agency, testified that she was <quote>not aware of any proven case where the fracking process itself has affected water</quote>;</text>
 </paragraph><paragraph id="ida178673d30214ebf980bd3c4d0416b10"><enum>(8)</enum><text>in 2011, Bureau of Land Management Director Bob Abbey stated, <quote>We have not seen evidence of any adverse effect as a result of the use of the chemicals that are part of that fracking technology.</quote>;</text>
 </paragraph><paragraph id="id728b863a37274df7af2adafc6e4a71c7"><enum>(9)</enum><subparagraph commented="no" display-inline="yes-display-inline" id="id2329FA0DE5574197BEBDFE5F51C87F40"><enum>(A)</enum><text>activities relating to hydraulic fracturing (such as surface discharges, wastewater disposal, and air emissions) are already regulated at the Federal level under a variety of environmental statutes, including portions of—</text>
 <clause id="id4C290CCE2BAA4EB5BD9DD8A7B25378AB" indent="up1"><enum>(i)</enum><text>the Federal Water Pollution Control Act (<external-xref legal-doc="usc" parsable-cite="usc/33/1251">33 U.S.C. 1251</external-xref> et seq.);</text>
 </clause><clause id="id9E754C8972FA4702ABBD447A83449FA1" indent="up1"><enum>(ii)</enum><text>the Safe Drinking Water Act (<external-xref legal-doc="usc" parsable-cite="usc/42/300f">42 U.S.C. 300f</external-xref> et seq.); and</text>
 </clause><clause id="id1B75CAACDF9D40468EB2549E448DDC94" indent="up1"><enum>(iii)</enum><text>the Clean Air Act (<external-xref legal-doc="usc" parsable-cite="usc/42/7401">42 U.S.C. 7401</external-xref> et seq.); but</text>
 </clause></subparagraph><subparagraph id="id37592BA1305C44ACA5FBE3BF4807B33C" indent="up1"><enum>(B)</enum><text>Congress has continually elected not to include the hydraulic fracturing process in the underground injection control program under the Safe Drinking Water Act (<external-xref legal-doc="usc" parsable-cite="usc/42/300f">42 U.S.C. 300f</external-xref> et seq.);</text>
 </subparagraph></paragraph><paragraph id="id3c17a8dee7334e0b9f519067e8b8bd42"><enum>(10)</enum><text>in 2011, the Secretary of the Interior announced the intention to promulgate new Federal regulations governing hydraulic fracturing on Federal land;</text>
 </paragraph><paragraph id="id6EAD8907786F4C5E84474324DBAE8425"><enum>(11)</enum><text>a February 2012 study by the Energy Institute at the University of Texas at Austin, entitled <quote>Fact-Based Regulation for Environmental Protection in Shale Gas Development</quote>, found that <quote>[n]o evidence of chemicals from hydraulic fracturing fluid has been found in aquifers as a result of fracturing operations</quote>; and</text>
 </paragraph><paragraph id="id533b813dcf654dceb913f00b950668ec"><enum>(12)</enum><text>on October 1, 2014, the Ground Water Protection Council and State Oil and Gas Regulatory Exchange released a report entitled <quote>State Oil and Gas Regulations Designed to Protect Water Resources</quote> that describes the cutting edge of State-based oil and gas regulations, concluding that <quote>In step with dramatic industry growth over the past five years, states have substantially improved groundwater protection laws and regulations governing oil and natural gas production.</quote>.</text>
			</paragraph></section><section commented="no" id="id287749513c5645db86836d86a20f565f"><enum>3.</enum><header>Definition of
 Federal land</header><text display-inline="no-display-inline">In this Act, the term <term>Federal land</term> means—</text>
 <paragraph commented="no" id="id703d7b3172284a4db1f930c9a405d28a"><enum>(1)</enum><text>public lands (as defined in section 103 of the Federal Land Policy and Management Act of 1976 (<external-xref legal-doc="usc" parsable-cite="usc/43/1702">43 U.S.C. 1702</external-xref>));</text>
 </paragraph><paragraph commented="no" id="id09c56371e7914df7b77a9af0c43d9345"><enum>(2)</enum><text>National Forest System land;</text>
 </paragraph><paragraph commented="no" id="idcf4c00d643194cdf8344e3a9ab045874"><enum>(3)</enum><text>land under the jurisdiction of the Bureau of Reclamation; and</text>
 </paragraph><paragraph commented="no" display-inline="no-display-inline" id="ide436a19a40b041429880f02e8ca54e36"><enum>(4)</enum><text>land under the jurisdiction of the Corps of Engineers.</text>
			</paragraph></section><section id="ide7276c6a144f4b819dcec671323ffcf3"><enum>4.</enum><header>State
			 authority</header>
			<subsection id="id4a0e854d4c12460aa5a829b5b315f73f"><enum>(a)</enum><header>In
 general</header><text>A State shall have the sole authority to promulgate or enforce any regulation, guidance, or permit requirement regarding the treatment of a well by the application of fluids under pressure to which propping agents may be added for the expressly designed purpose of initiating or propagating fractures in a target geologic formation in order to enhance production of oil, natural gas, or geothermal production activities on or under any land within the boundaries of the State.</text>
			</subsection><subsection id="idad8e0e1c5cce434998d4a39719443c92"><enum>(b)</enum><header>Federal
 land</header><text>The treatment of a well by the application of fluids under pressure to which propping agents may be added for the expressly designed purpose of initiating or propagating fractures in a target geologic formation in order to enhance production of oil, natural gas, or geothermal production activities on Federal land shall be subject to the law of the State in which the land is located.</text></subsection></section></legis-body></bill>


