<?xml version="1.0"?>
<?xml-stylesheet type="text/xsl" href="billres.xsl"?>
<!DOCTYPE bill PUBLIC "-//US Congress//DTDs/bill.dtd//EN" "bill.dtd">
<bill bill-stage="Introduced-in-Senate" dms-id="A1" public-private="public"><metadata xmlns:dc="http://purl.org/dc/elements/1.1/">
<dublinCore>
<dc:title>115 S117 IS: Alex Diekmann Peak Designation Act of 2017</dc:title>
<dc:publisher>U.S. Senate</dc:publisher>
<dc:date>2017-01-12</dc:date>
<dc:format>text/xml</dc:format>
<dc:language>EN</dc:language>
<dc:rights>Pursuant to Title 17 Section 105 of the United States Code, this file is not subject to copyright protection and is in the public domain.</dc:rights>
</dublinCore>
</metadata>
<form>
<distribution-code display="yes">II</distribution-code><congress>115th CONGRESS</congress><session>1st Session</session><legis-num>S. 117</legis-num><current-chamber>IN THE SENATE OF THE UNITED STATES</current-chamber><action><action-date date="20170112">January 12, 2017</action-date><action-desc><sponsor name-id="S375">Mr. Daines</sponsor> (for himself and <cosponsor name-id="S314">Mr. Tester</cosponsor>) introduced the following bill; which was read twice and referred to the <committee-name committee-id="SSEG00">Committee on Energy and Natural Resources</committee-name></action-desc></action><legis-type>A BILL</legis-type><official-title>To designate a mountain peak in the State of Montana as <quote>Alex Diekmann Peak</quote>.</official-title></form>
	<legis-body display-enacting-clause="yes-display-enacting-clause">
 <section id="S1" section-type="section-one"><enum>1.</enum><header>Short title</header><text display-inline="no-display-inline">This Act may be cited as the <quote><short-title>Alex Diekmann Peak Designation Act of 2017</short-title></quote>.</text>
 </section><section id="id4EBE9A67BF0D4AC1A3E46694C33D467A"><enum>2.</enum><header>Findings</header><text display-inline="no-display-inline">Congress finds that Alex Diekmann—</text> <paragraph id="idb4ccc10a96724533ab11d77c50bcea42"><enum>(1)</enum><text>was a loving father of two and an adoring husband who lived in Bozeman, Montana, where he was a renowned conservationist who dedicated his career to protecting some of the most outstanding natural and scenic resource areas of the Northern Rockies;</text>
 </paragraph><paragraph id="id2263ba1ebe1b4f3db358fafe3cdb0a10"><enum>(2)</enum><text>was responsible during his unique conservation career for the protection of more than 50 distinct areas in the States of Montana, Wyoming, and Idaho, conserving for the public over 100,000 acres of iconic mountains and valleys, rivers and creeks, ranches and farms, and historic sites and open spaces;</text>
 </paragraph><paragraph id="ide3d7c272b1a04cf1b29112aa5b670e1e"><enum>(3)</enum><text>played a central role in securing the future of an array of special landscapes, including—</text> <subparagraph id="idE0075A3BB8D447FB83FFCA6B5A6E5AC5"><enum>(A)</enum><text>the spectacular Devil’s Canyon in the Craig Thomas Special Management Area in the State of Wyoming;</text>
 </subparagraph><subparagraph id="id0BAB95045D684B289EDA25A48391D724"><enum>(B)</enum><text>crucial fish and wildlife habitat and recreation access land in the Sawtooth Mountains of Idaho, along the Salmon River, and near the Canadian border; and</text>
 </subparagraph><subparagraph id="id65B010B433A64A63AD4A07F83741D1DC"><enum>(C)</enum><text>diverse and vitally important land all across the Crown of the Continent in the State of Montana, from the world-famous Greater Yellowstone Ecosystem to Glacier National Park to the Cabinet-Yaak Ecosystem, to the recreational trails, working forests and ranches, and critical drinking water supply for Whitefish, and beyond;</text>
 </subparagraph></paragraph><paragraph id="id58c24615f5614512bda9e40f3d375939"><enum>(4)</enum><text>made a particularly profound mark on the preservation of the natural wonders in and near the Madison Valley and the Madison Range, Montana, where more than 12 miles of the Madison River and much of the world-class scenery, fish and wildlife, and recreation opportunities of the area have become and shall remain conserved and available to the public because of his efforts;</text>
 </paragraph><paragraph id="id84fb4c7723e542d7a7d2ad6bbb18612a"><enum>(5)</enum><text>inspired others with his skill, passion, and spirit of partnership that brought together communities, landowners, sportsmen, and the public at large;</text>
 </paragraph><paragraph id="id5a254ba9b1df4f6d9b457a18e9193088"><enum>(6)</enum><text>lost a heroic battle with cancer on February 1, 2016, at the age of 52;</text> </paragraph><paragraph id="idFA896737571E47238C82F0B07D0B4712"><enum>(7)</enum><text>is survived by his wife, Lisa, and their 2 sons, Logan and Liam; and</text>
 </paragraph><paragraph id="id6fb407bcda51411ab25cb4403fa5832b"><enum>(8)</enum><text>leaves a lasting legacy across Montana and the Northern Rockies that will benefit all people of the United States in our time and in the generations to follow.</text>
			</paragraph></section><section id="id2F5EC5D857A9427EB8A4B28A396348E2"><enum>3.</enum><header>Designation of Alex Diekmann Peak, Montana</header>
 <subsection id="iddd7e0f7a7485438aa217464d580ce9bc"><enum>(a)</enum><header>In general</header><text>The unnamed 9,765-foot peak located 2.2 miles west-northwest of Finger Mountain on the western boundary of the Lee Metcalf Wilderness, Montana (UTM coordinates Zone 12, 457966 E., 4982589 N.), shall be known and designated as <quote>Alex Diekmann Peak</quote>.</text>
 </subsection><subsection id="idb04707c793544c5a91c630dcab0dc210"><enum>(b)</enum><header>References</header><text>Any reference in a law, map, regulation, document, record, or other paper of the United States to the peak described in subsection (a) shall be considered to be a reference to <quote>Alex Diekmann Peak</quote>.</text></subsection></section></legis-body></bill>


