<?xml version="1.0"?>
<?xml-stylesheet type="text/xsl" href="billres.xsl"?>
<!DOCTYPE bill PUBLIC "-//US Congress//DTDs/bill.dtd//EN" "bill.dtd">
<bill bill-stage="Introduced-in-Senate" dms-id="A1" public-private="public"><metadata xmlns:dc="http://purl.org/dc/elements/1.1/">
<dublinCore>
<dc:title>115 S513 IS: Frank and Jeanne Moore Wild Steelhead Special Management Area Designation Act</dc:title>
<dc:publisher>U.S. Senate</dc:publisher>
<dc:date>2017-03-02</dc:date>
<dc:format>text/xml</dc:format>
<dc:language>EN</dc:language>
<dc:rights>Pursuant to Title 17 Section 105 of the United States Code, this file is not subject to copyright protection and is in the public domain.</dc:rights>
</dublinCore>
</metadata>
<form>
<distribution-code display="yes">II</distribution-code><congress>115th CONGRESS</congress><session>1st Session</session><legis-num>S. 513</legis-num><current-chamber>IN THE SENATE OF THE UNITED STATES</current-chamber><action><action-date date="20170302">March 2, 2017</action-date><action-desc><sponsor name-id="S247">Mr. Wyden</sponsor> (for himself and <cosponsor name-id="S322">Mr. Merkley</cosponsor>) introduced the following bill; which was read twice and referred to the <committee-name committee-id="SSEG00">Committee on Energy and Natural Resources</committee-name></action-desc></action><legis-type>A BILL</legis-type><official-title>To designate the Frank and Jeanne Moore Wild Steelhead Special Management Area in the State of
			 Oregon.</official-title></form>
	<legis-body display-enacting-clause="yes-display-enacting-clause">
 <section id="idd6bbced8-17d4-4194-81f1-aa4054bda80a" section-type="section-one"><enum>1.</enum><header>Short title</header><text display-inline="no-display-inline">This Act may be cited as the <quote><short-title>Frank and Jeanne Moore Wild Steelhead Special Management Area Designation Act</short-title></quote>.</text>
 </section><section id="id2dbce313-4823-4d00-9290-49d14a28a9f9"><enum>2.</enum><header>Findings</header><text display-inline="no-display-inline">Congress finds that—</text> <paragraph id="id8b14c4dc-4760-4c19-8a8f-4519e24d4be3"><enum>(1)</enum><text>Frank Moore has committed his life to family, friends, his country, and fly fishing;</text>
 </paragraph><paragraph id="id9e5379fc-344e-4397-ae4e-6d3a9edac106"><enum>(2)</enum><text>Frank Moore is a World War II veteran who stormed the beaches of Normandy along with 150,000 troops during the D-Day Allied invasion and was awarded the Chevalier of the French Legion of Honor for his bravery;</text>
 </paragraph><paragraph id="idf7857342-4a21-4de2-b670-92ad5f59813b"><enum>(3)</enum><text>Frank Moore returned home after the war, started a family, and pursued his passion of fishing on the winding rivers in Oregon;</text>
 </paragraph><paragraph id="idbcc143a5-7e17-4efb-97fd-83b4f2775965"><enum>(4)</enum><text>as the proprietor of the Steamboat Inn along the North Umpqua River in Oregon for nearly 20 years, Frank Moore, along with his wife Jeanne, shared his love of fishing, the flowing river, and the great outdoors, with visitors from all over the United States and the world;</text>
 </paragraph><paragraph id="ide4592a66-c1ac-40b9-b2a9-e1b4b7135a1f"><enum>(5)</enum><text>Frank Moore has spent most of his life fishing the vast rivers of Oregon, during which time he has contributed significantly to efforts to conserve fish habitats and protect river health, including serving on the State of Oregon Fish and Wildlife Commission;</text>
 </paragraph><paragraph id="idc1550a6b-47e2-4271-9b88-ccd351b392ab"><enum>(6)</enum><text>Frank Moore has been recognized for his conservation work with the National Wildlife Federation Conservationist of the Year award, the Wild Steelhead Coalition Conservation Award, and his 2010 induction into the Fresh Water Fishing Hall of Fame; and</text>
 </paragraph><paragraph id="id7071793940fe4ba2a2d379cb82764575"><enum>(7)</enum><text>in honor of the many accomplishments of Frank Moore, both on and off the river, approximately 99,653 acres of Forest Service land in the State of Oregon should be designated as the <quote>Frank and Jeanne Moore Wild Steelhead Special Management Area</quote>.</text>
 </paragraph></section><section id="id0d75e822-285c-4c04-abbb-577ec3f7ed19"><enum>3.</enum><header>Definitions</header><text display-inline="no-display-inline">In this Act:</text> <paragraph id="idcb874cb1-fb6e-4fb9-ac09-067f6744549d"><enum>(1)</enum><header>Map</header><text>The term <term>Map</term> means the map entitled <quote>Frank Moore Wild Steelhead Special Management Area Designation Act</quote> and dated June 23, 2016.</text>
 </paragraph><paragraph id="idc19080ee-9218-4657-8874-9a5a9bb5c6ee"><enum>(2)</enum><header>Secretary</header><text>The term <term>Secretary</term> means the Secretary of Agriculture, acting through the Chief of the Forest Service.</text> </paragraph><paragraph commented="no" display-inline="no-display-inline" id="id1F1E6FE6F7A546BBBD150C2499895DFD"><enum>(3)</enum><header display-inline="yes-display-inline">Special management area</header><text display-inline="yes-display-inline">The term <quote>Special Management Area</quote> means the Frank and Jeanne Moore Wild Steelhead Special Management Area designated by section 4(a).</text>
 </paragraph><paragraph id="idf13d4e33-a32b-4856-8475-825c02a15445"><enum>(4)</enum><header>State</header><text>The term <term>State</term> means the State of Oregon.</text> </paragraph></section><section id="id1ff4a52a-9ccf-4009-b259-fd5ed27ca32a"><enum>4.</enum><header>Frank and Jeanne Moore Wild Steelhead Special Management Area, Oregon</header> <subsection id="idfab57a73-fca8-464c-b514-35814f467771"><enum>(a)</enum><header>Designation</header><text>The approximately 99,653 acres of Forest Service land in the State, as generally depicted on the Map, is designated as the <quote>Frank and Jeanne Moore Wild Steelhead Special Management Area</quote>.</text>
			</subsection><subsection id="idcb8b70a8-7446-42e6-953d-634ad7340434"><enum>(b)</enum><header>Map; legal description</header>
 <paragraph id="id6710fd01-80a2-4d89-8b6b-4be67cbf6cec"><enum>(1)</enum><header>In general</header><text>As soon as practicable after the date of enactment of this Act, the Secretary shall prepare a map and legal description of the Special Management Area.</text>
 </paragraph><paragraph id="idd6977d57-fe64-4332-bbbb-0416ea8741be"><enum>(2)</enum><header>Force of law</header><text>The map and legal description prepared under paragraph (1) shall have the same force and effect as if included in this Act, except that the Secretary may correct clerical and typographical errors in the map and legal description.</text>
 </paragraph><paragraph id="ida22d2249-3056-4f9b-97e4-1c37b4e80a2e"><enum>(3)</enum><header>Availability</header><text>The map and legal description prepared under paragraph (1) shall be on file and available for public inspection in the appropriate offices of the Forest Service.</text>
 </paragraph></subsection><subsection id="id5272956f-aac5-43c3-bf8d-162fd6700127"><enum>(c)</enum><header>Administration</header><text>Subject to valid existing rights, the Special Management Area shall be administered by the Secretary—</text>
 <paragraph id="id38568e0b-b2e9-4296-a195-b6417ec7e560"><enum>(1)</enum><text>in accordance with all laws (including regulations) applicable to the National Forest System; and</text>
 </paragraph><paragraph id="idbfe44698-9f86-4803-9faa-76994df3a74e"><enum>(2)</enum><text>in a manner that—</text> <subparagraph id="idf9f57b9b-1a72-48d2-b8a5-f061c19ae1ad"><enum>(A)</enum><text>conserves and enhances the natural character, scientific use, and the botanical, recreational, ecological, fish and wildlife, scenic, drinking water, and cultural values of the Special Management Area;</text>
 </subparagraph><subparagraph id="id8dcf9ceb-71eb-422a-9f97-82f6e58e0287"><enum>(B)</enum><text>maintains and seeks to enhance the wild salmonid habitat of the Special Management Area;</text> </subparagraph><subparagraph id="id33fca10e-4441-4e8a-8fd2-1f35daaaee57"><enum>(C)</enum><text>maintains or enhances the watershed as a thermal refuge for wild salmonids; and</text>
 </subparagraph><subparagraph id="id5f9fb114-d016-4f5b-8de0-8119ad2b9206"><enum>(D)</enum><text>preserves opportunities for recreation, including primitive recreation.</text>
 </subparagraph></paragraph></subsection><subsection id="idb24624d0-ff5c-49f8-9940-dc1f26074914"><enum>(d)</enum><header>Fish and wildlife</header><text>Nothing in this section affects the jurisdiction or responsibilities of the State with respect to fish and wildlife in the State.</text>
 </subsection><subsection id="ided30a323-688c-4019-804a-9111c72b5ab8"><enum>(e)</enum><header>Adjacent management</header><text>Nothing in this section—</text> <paragraph id="idBFF0CE738FB241C49256D458EAD1CC0B"><enum>(1)</enum><text>creates any protective perimeter or buffer zone around the Special Management Area; or</text>
 </paragraph><paragraph id="idDDCE0FC2216444128AA0972A80839E7B"><enum>(2)</enum><text>modifies the applicable travel management plan for the Special Management Area.</text> </paragraph></subsection><subsection id="id8079559c44d74b1986e0cf1c0576d1d2"><enum>(f)</enum><header>Wildfire management</header><text>Nothing in this section prohibits the Secretary, in cooperation with other Federal, State, and local agencies, as appropriate, from conducting wildland fire operations in the Special Management Area, consistent with the purposes of this Act, including the use of aircraft, machinery, mechanized equipment, fire breaks, backfires, and retardant.</text>
 </subsection><subsection id="idf56f51527b99439aa30a986f3b81138c"><enum>(g)</enum><header>Vegetation management</header><text>Nothing in this section prohibits the Secretary from conducting vegetation management projects within the Special Management Area in a manner consistent with—</text>
 <paragraph id="id9B9F726CB32045CCBEEE8E1D9CBE8B85"><enum>(1)</enum><text>the purposes described in subsection (c); and</text>
 </paragraph><paragraph id="id8F33816B7FB54DBEB125DD1EE9573197"><enum>(2)</enum><text>the applicable forest plan.</text> </paragraph></subsection><subsection id="idc7ca04a4-ceb6-465b-98ea-ba1b99fa479d"><enum>(h)</enum><header>Protection of tribal rights</header><text>Nothing in this section diminishes any treaty rights of an Indian tribe.</text>
 </subsection><subsection id="ide767b28c-0eb4-4d41-896f-4ff8fb3bac8d"><enum>(i)</enum><header>Withdrawal</header><text>Subject to valid existing rights, the Federal land within the boundaries of the Special Management Area river segments designated by subsection (a) is withdrawn from all forms of—</text>
 <paragraph id="id00972acd-9dc1-41b3-9e2e-25bdabdb503d"><enum>(1)</enum><text>entry, appropriation, or disposal under the public land laws;</text> </paragraph><paragraph id="idbec8276f-2928-4e93-bc75-708e2ee226cf"><enum>(2)</enum><text>location, entry, and patent under the mining laws; and</text>
 </paragraph><paragraph id="id3106256b-769f-431b-8275-e32f6946f6ad"><enum>(3)</enum><text>disposition under all laws relating to mineral and geothermal leasing or mineral materials.</text></paragraph></subsection></section></legis-body></bill> 

