<?xml version="1.0"?>
<?xml-stylesheet type="text/xsl" href="billres.xsl"?>
<!DOCTYPE bill PUBLIC "-//US Congress//DTDs/bill.dtd//EN" "bill.dtd">
<bill bill-stage="Reported-in-Senate" bill-type="olc" dms-id="A1" public-private="public"><metadata xmlns:dc="http://purl.org/dc/elements/1.1/">
<dublinCore>
<dc:title>115 S488 RS: Encouraging Employee Ownership Act</dc:title>
<dc:publisher>U.S. Senate</dc:publisher>
<dc:date>2017-03-13</dc:date>
<dc:format>text/xml</dc:format>
<dc:language>EN</dc:language>
<dc:rights>Pursuant to Title 17 Section 105 of the United States Code, this file is not subject to copyright protection and is in the public domain.</dc:rights>
</dublinCore>
</metadata>
<form>
<distribution-code display="yes">II</distribution-code><calendar>Calendar No. 15</calendar><congress>115th CONGRESS</congress><session>1st Session</session><legis-num>S. 488</legis-num><current-chamber>IN THE SENATE OF THE UNITED STATES</current-chamber><action><action-date date="20170313">March 1, 2017</action-date><action-desc><sponsor name-id="S351">Mr. Toomey</sponsor> (for himself, <cosponsor name-id="S327">Mr. Warner</cosponsor>, and <cosponsor name-id="S382">Mr. Sasse</cosponsor>) introduced the following bill; which was read twice and referred to the <committee-name added-display-style="italic" committee-id="SSBK00" deleted-display-style="strikethrough">Committee on Banking, Housing, and Urban Affairs</committee-name></action-desc></action><action stage="Reported-in-Senate"><action-date>March 13, 2017</action-date><action-desc>Reported by <sponsor name-id="S266">Mr. Crapo</sponsor>, without amendment</action-desc></action><legis-type>A BILL</legis-type><official-title>To increase the threshold for disclosures required by the Securities and Exchange Commission
			 relating to compensatory benefit plans, and for other purposes.</official-title></form>
	<legis-body display-enacting-clause="yes-display-enacting-clause" style="OLC">
 <section commented="no" display-inline="no-display-inline" id="S1" section-type="section-one"><enum>1.</enum><header display-inline="yes-display-inline">Short title</header><text display-inline="no-display-inline">This Act may be cited as the <quote><short-title>Encouraging Employee Ownership Act</short-title></quote>.</text>
 </section><section commented="no" display-inline="no-display-inline" id="HCA5FAF0C5DFF4F53AE97BCCC48768FD7" section-type="subsequent-section"><enum>2.</enum><header display-inline="yes-display-inline">Increased threshold for disclosures relating to compensatory benefit plans</header><text display-inline="no-display-inline">Not later than 60 days after the date of the enactment of this Act, the Securities and Exchange Commission shall revise section 230.701(e) of title 17, Code of Federal Regulations, so as to increase from $5,000,000 to $10,000,000 the aggregate sales price or amount of securities sold during any consecutive 12-month period in excess of which the issuer is required under such section to deliver an additional disclosure to investors. The Commission shall index for inflation such aggregate sales price or amount every 5 years to reflect the change in the Consumer Price Index for All Urban Consumers published by the Bureau of Labor Statistics, rounding to the nearest $1,000,000.</text></section></legis-body><endorsement><action-date>March 13, 2017</action-date><action-desc>Reported without amendment</action-desc></endorsement></bill>


