<?xml version="1.0"?>
<?xml-stylesheet type="text/xsl" href="billres.xsl"?>
<!DOCTYPE bill PUBLIC "-//US Congress//DTDs/bill.dtd//EN" "bill.dtd">
<bill bill-stage="Introduced-in-Senate" dms-id="A1" public-private="public"><metadata xmlns:dc="http://purl.org/dc/elements/1.1/">
<dublinCore>
<dc:title>115 S215 IS: To authorize the Federal Energy Regulatory Commission to issue an order continuing a stay of a hydroelectric license for the Mahoney Lake hydroelectric project in the State of Alaska, and for other purposes.</dc:title>
<dc:publisher>U.S. Senate</dc:publisher>
<dc:date>2017-01-24</dc:date>
<dc:format>text/xml</dc:format>
<dc:language>EN</dc:language>
<dc:rights>Pursuant to Title 17 Section 105 of the United States Code, this file is not subject to copyright protection and is in the public domain.</dc:rights>
</dublinCore>
</metadata>
<form>
<distribution-code display="yes">II</distribution-code><congress>115th CONGRESS</congress><session>1st Session</session><legis-num>S. 215</legis-num><current-chamber>IN THE SENATE OF THE UNITED STATES</current-chamber><action><action-date date="20170124">January 24, 2017</action-date><action-desc><sponsor name-id="S288">Ms. Murkowski</sponsor> (for herself and <cosponsor name-id="S383">Mr. Sullivan</cosponsor>) introduced the following bill; which was read twice and referred to the <committee-name committee-id="SSEG00">Committee on Energy and Natural Resources</committee-name></action-desc></action><legis-type>A BILL</legis-type><official-title>To authorize the Federal Energy Regulatory Commission to issue an order continuing a stay of a
			 hydroelectric license for the Mahoney Lake hydroelectric project in the
			 State of Alaska, and for other purposes.</official-title></form>
	<legis-body display-enacting-clause="yes-display-enacting-clause">
		<section id="id7ABD949A4B4543BE9FF356AC2C68BACB" section-type="section-one"><enum>1.</enum><header>Stay and Reinstatement of FERC License No. 11393 for the Mahoney Lake Hydroelectric Project</header>
 <subsection id="idAFC7AF7C67854CFC8D5936D8D656A6D1"><enum>(a)</enum><header>Definitions</header><text>In this section:</text> <paragraph id="id7C9854371B5449FE97FDCEB5B8E39F6B"><enum>(1)</enum><header>Commission</header><text>The term <quote>Commission</quote> means the Federal Energy Regulatory Commission.</text>
 </paragraph><paragraph id="idAEBC4B7CA1824DD39FB8B5C28176C7F8"><enum>(2)</enum><header>License</header><text>The term <term>license</term> means the license for the Commission project numbered 11393.</text> </paragraph><paragraph id="idCE68BEAAB6A34001A6D266FA3F1102EC"><enum>(3)</enum><header>Licensee</header><text>The term <term>licensee</term> means the holder of the license.</text>
 </paragraph></subsection><subsection id="idE501FEF6F708471DA133AFEB4CBC45AD"><enum>(b)</enum><header>Stay of license</header><text display-inline="yes-display-inline">On the request of the licensee, the Commission shall issue an order continuing the stay of the license.</text>
 </subsection><subsection id="id0E50EE438C514A9FB498829BD5B69675"><enum>(c)</enum><header>Lifting of stay</header><text>On the request of the licensee, but not later than 10 years after the date of enactment of this Act, the Commission shall—</text>
 <paragraph id="id5DBFC74172714EB2B0A79815E8FC2A80"><enum>(1)</enum><text>issue an order lifting the stay of the license under subsection (b); and</text> </paragraph><paragraph id="id5675A5F15DBB4090AA579B2209AA88A2"><enum>(2)</enum><text>make the effective date of the license the date on which the stay is lifted under paragraph (1).</text>
				</paragraph></subsection><subsection id="idAC7137E0B87D4FEE9CCDD4D1A29CAA8C"><enum>(d)</enum><header>Extension of license</header>
 <paragraph id="id12ABDFD056AD4ADC8859E96B75DEF9B5"><enum>(1)</enum><header>In general</header><text>Notwithstanding the time period specified in section 13 of the Federal Power Act (<external-xref legal-doc="usc" parsable-cite="usc/16/806">16 U.S.C. 806</external-xref>) that would otherwise apply to the Commission project numbered 11393, the Commission may, at the request of the licensee, and after reasonable notice, in accordance with the good faith, due diligence, and public interest requirements of, and the procedures of the Commission under, that section, extend the time period during which the licensee is required to commence the construction of the project for not more than 3 consecutive 2-year periods from the date of the expiration of the extension originally issued by the Commission.</text>
				</paragraph><paragraph id="idC84E57DAEBB74FB3A389C1D8A237B038"><enum>(2)</enum><header>Reinstatement of expired license</header>
 <subparagraph id="id4758821492CB42DA9EC60FB627F06EA1"><enum>(A)</enum><header>In general</header><text>If the period required for the commencement of construction of the project described in paragraph (1) has expired prior to the date of enactment of this Act, the Commission may reinstate the license effective as of the date of the expiration of the license.</text>
 </subparagraph><subparagraph id="id7680FD4B76AE4737BE6E8CE1AABE9E41"><enum>(B)</enum><header>Extension</header><text>If the Commission reinstates the license under subparagraph (A), the first extension authorized under paragraph (1) shall take effect on the date of that expiration.</text>
 </subparagraph></paragraph></subsection><subsection id="id15BF4DC903BF42B8A3D65F9698BC0CD2"><enum>(e)</enum><header>Effect</header><text>Nothing in this Act prioritizes, or creates any advantage or disadvantage to, Commission project numbered 11393 under Federal law, including the Federal Power Act (<external-xref legal-doc="usc" parsable-cite="usc/16/791a">16 U.S.C. 791a</external-xref> et seq.) or the Public Utility Regulatory Policies Act of 1978 (<external-xref legal-doc="usc" parsable-cite="usc/16/2601">16 U.S.C. 2601</external-xref> et seq.), as compared to—</text>
 <paragraph id="id182769B99C354E19ADD2D9C93C950372"><enum>(1)</enum><text>any electric generating facility in existence on the date of enactment of this Act; or</text> </paragraph><paragraph id="id69E14B3D16E8451A93C5571053BCE1BF"><enum>(2)</enum><text>any electric generating facility that may be examined, proposed, or developed during the period of any stay or extension of the license under this Act.</text></paragraph></subsection></section></legis-body></bill>


