<?xml version="1.0"?>
<?xml-stylesheet type="text/xsl" href="billres.xsl"?>
<!DOCTYPE bill PUBLIC "-//US Congress//DTDs/bill.dtd//EN" "bill.dtd">
<bill bill-stage="Introduced-in-Senate" bill-type="olc" dms-id="A1" public-private="public"><metadata xmlns:dc="http://purl.org/dc/elements/1.1/">
<dublinCore>
<dc:title>115 S670 IS: Over-the-Counter Hearing Aid Act of 2017</dc:title>
<dc:publisher>U.S. Senate</dc:publisher>
<dc:date>2017-03-21</dc:date>
<dc:format>text/xml</dc:format>
<dc:language>EN</dc:language>
<dc:rights>Pursuant to Title 17 Section 105 of the United States Code, this file is not subject to copyright protection and is in the public domain.</dc:rights>
</dublinCore>
</metadata>
<form>
<distribution-code display="yes">II</distribution-code><congress>115th CONGRESS</congress><session>1st Session</session><legis-num>S. 670</legis-num><current-chamber>IN THE SENATE OF THE UNITED STATES</current-chamber><action><action-date date="20170321">March 21, 2017</action-date><action-desc><sponsor name-id="S366">Ms. Warren</sponsor> (for herself, <cosponsor name-id="S153">Mr. Grassley</cosponsor>, <cosponsor name-id="S388">Ms. Hassan</cosponsor>, and <cosponsor name-id="S305">Mr. Isakson</cosponsor>) introduced the following bill; which was read twice and referred to the <committee-name committee-id="SSHR00">Committee on Health, Education, Labor, and Pensions</committee-name></action-desc></action><legis-type>A BILL</legis-type><official-title>To provide for the regulation of over-the-counter hearing aids.</official-title></form>
	<legis-body display-enacting-clause="yes-display-enacting-clause" style="OLC">
 <section id="S1" section-type="section-one"><enum>1.</enum><header>Short title</header><text display-inline="no-display-inline">This Act may be cited as the <quote><short-title>Over-the-Counter Hearing Aid Act of 2017</short-title></quote>.</text>
		</section><section id="id60B1724BDF4147BF9D36D2A07FF1707C"><enum>2.</enum><header>Regulation of over-the-counter hearing aids</header>
 <subsection id="id2653E54490D54736992A46D69BFE196A"><enum>(a)</enum><header>In general</header><text display-inline="yes-display-inline">Section 520 of the Federal Food, Drug, and Cosmetic Act (<external-xref legal-doc="usc" parsable-cite="usc/21/360j">21 U.S.C. 360j</external-xref>) is amended by adding at the end the following:</text>
				<quoted-block display-inline="no-display-inline" id="id715CC8B6AAE64C6DBB6F11C2C7D9261A" style="OLC">
					<subsection id="id32F67368A88840E694B6E948BC802372"><enum>(p)</enum><header>Regulation of Over-the-Counter hearing aids</header>
 <paragraph id="idC6C7B8C41157439DA23772C5499AC251"><enum>(1)</enum><header>Definition</header><text>In this subsection, the term <term>over-the-counter hearing aid</term> means a device—</text> <subparagraph id="idF4157BD78533436CBBC6BFF08FFBA60C"><enum>(A)</enum><text>that uses the same fundamental scientific technology as air conduction hearing aids (as defined in section 874.3300 of title 21, Code of Federal Regulations) (or any successor regulation) or wireless air conduction hearing aids (as defined in section 874.3305 of title 21, Code of Federal Regulations) (or any successor regulation);</text>
 </subparagraph><subparagraph id="idA88DE9CBAD3543BFAE345D76367081C1"><enum>(B)</enum><text>that is intended to be used by adults over the age of 18 to compensate for perceived mild to moderate hearing impairment;</text>
 </subparagraph><subparagraph id="id57BEF45BB92349F8A8222A25E600CD03"><enum>(C)</enum><text>that, through tools, tests, or software, allows the user to control the over-the-counter hearing aid and customize it to the user’s hearing needs;</text>
 </subparagraph><subparagraph id="id0035DDB3A4F847A2B1F2E47D0895B272"><enum>(D)</enum><text>that may—</text> <clause id="id0FEC902C52F244F9BD6B0A21C4B75AE9"><enum>(i)</enum><text>use wireless technology; or</text>
 </clause><clause id="id6CB7F52B71034D46963297EEF3F9928A"><enum>(ii)</enum><text>include tests for self-assessment of hearing loss; and</text> </clause></subparagraph><subparagraph id="id78B75E965F734248AF1E824C440D45F7"><enum>(E)</enum><text>that is available over-the-counter, without the supervision, prescription, or other order, involvement, or intervention of a licensed person, to consumers through in-person transactions, by mail, or online.</text>
 </subparagraph></paragraph><paragraph id="id0B1D6A1CC0B544549678B31775691EEF"><enum>(2)</enum><header>Regulation</header><text>An over-the-counter hearing aid shall be subject to the regulations promulgated in accordance with section 2(b) of the <short-title>Over-the-Counter Hearing Aid Act of 2017</short-title> and shall be exempt from sections 801.420 and 801.421 of title 21, Code of Federal Regulations (or any successor regulations).</text></paragraph></subsection><after-quoted-block>.</after-quoted-block></quoted-block>
			</subsection><subsection id="idB6FFBE8EE48D4A61B19280B4DDB70234"><enum>(b)</enum><header>Regulations To establish category</header>
 <paragraph id="idFAD737E257DB49C398AA59B39508C3C3"><enum>(1)</enum><header>In general</header><text>The Secretary of Health and Human Services (referred to in this section as the <quote>Secretary</quote>), not later than 3 years after the date of enactment of this Act, shall promulgate proposed regulations to establish a category of over-the-counter hearing aids, as defined in subsection (p) of section 520 of the Federal Food, Drug, and Cosmetic Act (<external-xref legal-doc="usc" parsable-cite="usc/21/360j">21 U.S.C. 360j</external-xref>) as amended by subsection (a), and, not later than 180 days after the date on which the public comment period on the proposed regulations closes, shall issue such final regulations.</text>
 </paragraph><paragraph id="id579E550F577840D28268B3496882DA2D"><enum>(2)</enum><header>Requirements</header><text>In promulgating the regulations under paragraph (1), the Secretary shall—</text> <subparagraph id="id7D27413090164624851D23460D692488"><enum>(A)</enum><text>include requirements that provide reasonable assurances of the safety and efficacy of over-the-counter hearing aids;</text>
 </subparagraph><subparagraph id="id9FF2AD4CFE354BAABC6E328F1B92F7B5"><enum>(B)</enum><text>include requirements that establish or adopt output limits appropriate for over-the-counter hearing aids;</text>
 </subparagraph><subparagraph id="id5F64E2D8E6E24E1BA4B2641145AC5867"><enum>(C)</enum><text>include requirements for appropriate labeling of the over-the-counter hearing aid, including how consumers may report adverse events, any conditions or contraindications, and any advisements to consult promptly with a licensed physician; and</text>
 </subparagraph><subparagraph id="idE49349F49A824F798B12E68140D273BA"><enum>(D)</enum><text>describe the requirements under which the sale of over-the-counter hearing aids is permitted, without the supervision, prescription, or other order, involvement, or intervention of a licensed person, to consumers through in-person transactions, by mail, or online.</text>
 </subparagraph></paragraph><paragraph commented="no" display-inline="no-display-inline" id="idFE6F285B64204F8C87AF98DE9BBA5E1C"><enum>(3)</enum><header display-inline="yes-display-inline">Premarket notification</header><text display-inline="yes-display-inline">The Secretary shall make findings under section 510(m) of the Federal Food, Drug, and Cosmetic Act (<external-xref legal-doc="usc" parsable-cite="usc/21/360">21 U.S.C. 360(m)</external-xref>) to determine whether over-the-counter hearing aids (as defined in section 520(p) of the Federal Food, Drug, and Cosmetic Act (<external-xref legal-doc="usc" parsable-cite="usc/21/360j">21 U.S.C. 360j</external-xref>), as amended by subsection (a)) require a report under section 510(k) to provide reasonable assurance of safety and effectiveness.</text>
 </paragraph><paragraph id="idC14D476D25054A5EBC3595B24E865F5E"><enum>(4)</enum><header>Effect on state law</header><text>No State or local government shall establish or continue in effect any law, regulation, order, or other requirement specifically applicable to hearing products that would restrict or interfere with the servicing, marketing, sale, dispensing, use, customer support, or distribution of over-the-counter hearing aids (as defined in section 520(p) of the Federal Food, Drug, and Cosmetic Act (<external-xref legal-doc="usc" parsable-cite="usc/21/360j">21 U.S.C. 360j</external-xref>), as amended by subsection (a)) through in-person transactions, by mail, or online, that is different from, in addition to, or otherwise not identical to, the regulations promulgated under this subsection, including any State or local requirement for the supervision, prescription, or other order, involvement, or intervention of a licensed person for consumers to access over-the-counter hearing aids.</text>
 </paragraph></subsection><subsection id="id891493F394444E83A4D08A91FB2E2C00"><enum>(c)</enum><header>New guidance issued</header><text>Not later than the date on which final regulations are issued under subsection (b), the Secretary shall update and finalize the draft guidance of the Department of Health and Human Services entitled, <quote>Regulatory Requirements for Hearing Aid Devices and Personal Sound Amplification Products</quote>, issued on November 7, 2013. Such updated and finalized guidance shall clarify which products, on the basis of claims or other marketing, advertising, or labeling material, meet the definition of a device in section 201 of the Federal Food, Drug, and Cosmetic Act (<external-xref legal-doc="usc" parsable-cite="usc/21/321">21 U.S.C. 321</external-xref>) and which products meet the definition of a personal sound amplification product, as set forth in such guidance.</text>
			</subsection></section></legis-body></bill>


