<?xml version="1.0"?>
<?xml-stylesheet type="text/xsl" href="billres.xsl"?>
<!DOCTYPE bill PUBLIC "-//US Congress//DTDs/bill.dtd//EN" "bill.dtd">
<bill bill-stage="Introduced-in-Senate" dms-id="A1" public-private="public"><metadata xmlns:dc="http://purl.org/dc/elements/1.1/">
<dublinCore>
<dc:title>115 S296 IS: Federal Courts of Appeals Modernization Act</dc:title>
<dc:publisher>U.S. Senate</dc:publisher>
<dc:date>2017-02-02</dc:date>
<dc:format>text/xml</dc:format>
<dc:language>EN</dc:language>
<dc:rights>Pursuant to Title 17 Section 105 of the United States Code, this file is not subject to copyright protection and is in the public domain.</dc:rights>
</dublinCore>
</metadata>
<form>
<distribution-code display="yes">II</distribution-code><congress>115th CONGRESS</congress><session>1st Session</session><legis-num>S. 296</legis-num><current-chamber>IN THE SENATE OF THE UNITED STATES</current-chamber><action><action-date date="20170202">February 2, 2017</action-date><action-desc><sponsor name-id="S383">Mr. Sullivan</sponsor> (for himself, <cosponsor name-id="S375">Mr. Daines</cosponsor>, and <cosponsor name-id="S288">Ms. Murkowski</cosponsor>) introduced the following bill; which was read twice and referred to the <committee-name committee-id="SSJU00">Committee on the Judiciary</committee-name></action-desc></action><legis-type>A BILL</legis-type><official-title>To establish a Commission on Structural Alternatives for the Federal Courts of Appeals.</official-title></form>
	<legis-body display-enacting-clause="yes-display-enacting-clause">
 <section id="id34DA85EF07FC49D488502E03C8144AFF" section-type="section-one"><enum>1.</enum><header>Short title</header><text display-inline="no-display-inline">This Act may be cited as the <quote><short-title>Federal Courts of Appeals Modernization Act</short-title></quote>.</text> </section><section id="id1A799C9EF26B4C19A05F9B082AFD364D"><enum>2.</enum><header>Establishment</header><text display-inline="no-display-inline">There is established a Commission on Structural Alternatives for the Federal Courts of Appeals (in this Act referred to as the <term>Commission</term>).</text>
		</section><section id="idc53ed425f9e84a9387e60420f44a2c49"><enum>3.</enum><header>Membership</header>
 <subsection id="idab506c17b31c4d5c90e8c252694e46d7"><enum>(a)</enum><header>Composition</header><text>The Commission shall be composed of 5 members who shall be appointed by the Chief Justice of the United States.</text>
 </subsection><subsection id="idee8e9aadb70d43bc838d32a17a27382b"><enum>(b)</enum><header>Appointment</header><text>The members of the Commission shall be appointed not later than 30 days after the date of enactment of this Act.</text>
 </subsection><subsection id="id84dfae1333db4b53a3db05d469b015be"><enum>(c)</enum><header>Vacancy</header><text>Any vacancy in the Commission shall be filled in the same manner as the original appointment.</text> </subsection><subsection id="idd5dbb2ae87264a96a2e4d46dca96f415"><enum>(d)</enum><header>Chair</header><text>The Commission shall elect a chair and vice chair from among its members.</text>
 </subsection><subsection id="id96b45415dd42454598e7556a7c99cb76"><enum>(e)</enum><header>Quorum</header><text>Three members of the Commission shall constitute a quorum.</text> </subsection></section><section id="id6AE472E0B167476D8DF0DB4A92CDC85F"><enum>4.</enum><header>Duties</header><text display-inline="no-display-inline">The Commission shall—</text>
 <paragraph id="id3ff7e1ae7c214214b647fa269e60d60b"><enum>(1)</enum><text>study the present division of the United States courts of appeals, with particular references to the United States Court of Appeals for the Ninth Circuit; and</text>
 </paragraph><paragraph commented="no" display-inline="no-display-inline" id="id4cb0e5f440ca4c8e832958c789d9b3c5"><enum>(2)</enum><text>submit to the President and Congress a report on the recommendations of the Commission with respect to changes in circuit boundaries or structure as may be appropriate for the expeditious and effective disposition of the caseload of the United States courts of appeals, consistent with fundamental concepts of fairness and due process.</text>
			</paragraph></section><section id="id8fca0e7733794dbfad8c644ff77ed6c1"><enum>5.</enum><header>Commission personnel matters</header>
 <subsection id="id93C3AB85D070413C9003C35A15F0A284"><enum>(a)</enum><header>Compensation of members</header><text>Each member of the Commission who is not an officer or employee of the Federal Government shall be compensated at a rate equal to $300 for each day (including travel time) during which such member is engaged in the performance of the duties of the Commission. All members of the Commission who are officers or employees of the United States shall serve without compensation in addition to that received for their services as officers or employees of the United States.</text>
 </subsection><subsection id="idFB8491030FCB485D8F399848AF919F81"><enum>(b)</enum><header>Travel expenses</header><text>Each member of the Commission shall be allowed travel expenses, including per diem in lieu of subsistence, at rates not greater than those described in section 456 of title 28, United States Code.</text>
			</subsection></section><section id="id46551c534e9d455a9ee01d1feaa1b490"><enum>6.</enum><header>Staff</header>
 <subsection id="idcde3d0dfd54d482181cf8925bacb79dd"><enum>(a)</enum><header>Executive director</header><text>The Commission may appoint an Executive Director who shall be compensated at a rate not greater than the daily equivalent of the annual rate of basic pay prescribed for a position at GS–15 of the General Schedule for each day (including travel time) during which the Executive Director is engaged in the performance of the duties of the Commission.</text>
 </subsection><subsection id="id2a195898c2e74528977f4dce79dc3f85"><enum>(b)</enum><header>Staff</header><text>The Executive Director, with the approval of the Commission, may appoint and fix the compensation of such additional personnel as the Executive Director determines necessary, without regard to the provisions of title 5, United States Code, governing appointments in the competitive service, and without regard to the provisions of chapter 51 and subchapter III of chapter 53 of such title relating to classification and General Schedule pay rates, except that a rate of pay fixed under this subsection may not exceed the annual maximum rate of basic pay for a position above GS–15 of the General Schedule under section 5108 of title 5, United States Code.</text>
 </subsection><subsection id="idcfb93a9795594c2b94c30868f5e5312a"><enum>(c)</enum><header>Experts and consultants</header><text>The Executive Director may procure by contract the temporary or intermittent services of experts or consultants in accordance with section 3109 of title 5, United States Code, at rates for individuals that are not greater than the daily equivalent of the annual rate of basic pay for a comparable position paid under the General Schedule.</text>
 </subsection><subsection id="id3c64ac2d70ee4d1981621195b97f2a5b"><enum>(d)</enum><header>Services</header><text>The Administrative Office of the United States Courts shall provide administrative services, including financial and budgeting services, to the Commission on a reimbursable basis. The Federal Judicial Center shall provide necessary research services to the Commission on a reimbursable basis.</text>
 </subsection></section><section id="id9db38275fb014a569c67e79712620a99"><enum>7.</enum><header>Information</header><text display-inline="no-display-inline">The Commission may request from any department, agency, or independent instrumentality of the United States any information and assistance the Commission determines necessary to carry out its functions under this Act. Each such department, agency, and independent instrumentality may provide such information and assistance to the extent permitted by law when requested by the chair of the Commission.</text>
		</section><section id="id02852c8fa0ae43d3a57348a211cab4bd"><enum>8.</enum><header>Study and report</header>
 <subsection id="id2EA81C2FF48A46D987345B90EA61BA6C"><enum>(a)</enum><header>Study</header><text>Not later than 300 days after the first date on which a quorum of the Commission is present, the Commission shall conclude a study on the issues described in section 4(1).</text>
 </subsection><subsection id="id2B68FE5F32F747A7A9681C44F1377AC8"><enum>(b)</enum><header>Report</header><text>Not later than 60 days after the date by which the Commission is required to conclude the study under subsection (a), the Commission shall submit to the President and Congress the report required under section 4(2).</text>
 </subsection></section><section id="id79A97DE4DF144DF0869C497877BFFA3F"><enum>9.</enum><header>Termination</header><text display-inline="no-display-inline">The Commission shall terminate 90 days after the date on which the Commission submits the report described in section 8(b).</text>
 </section><section id="id176de11b06b0416e97b7b2118a5d5f62"><enum>10.</enum><header>Authorization of appropriations</header><text display-inline="no-display-inline">There are authorized to be appropriated such sums as are necessary, not to exceed $1,000,000, to carry out this Act, to remain available until expended.</text></section></legis-body></bill>


