<?xml version="1.0"?>
<?xml-stylesheet type="text/xsl" href="billres.xsl"?>
<!DOCTYPE bill PUBLIC "-//US Congress//DTDs/bill.dtd//EN" "bill.dtd">
<bill bill-stage="Introduced-in-Senate" dms-id="A1" public-private="public"><metadata xmlns:dc="http://purl.org/dc/elements/1.1/">
<dublinCore>
<dc:title>115 S622 IS: Fair and Open Competition Act</dc:title>
<dc:publisher>U.S. Senate</dc:publisher>
<dc:date>2017-03-14</dc:date>
<dc:format>text/xml</dc:format>
<dc:language>EN</dc:language>
<dc:rights>Pursuant to Title 17 Section 105 of the United States Code, this file is not subject to copyright protection and is in the public domain.</dc:rights>
</dublinCore>
</metadata>
<form>
<distribution-code display="yes">II</distribution-code><congress>115th CONGRESS</congress><session>1st Session</session><legis-num>S. 622</legis-num><current-chamber>IN THE SENATE OF THE UNITED STATES</current-chamber><action><action-date date="20170314">March 14, 2017</action-date><action-desc><sponsor name-id="S358">Mr. Flake</sponsor> (for himself, <cosponsor name-id="S323">Mr. Risch</cosponsor>, and <cosponsor name-id="S379">Mr. Perdue</cosponsor>) introduced the following bill; which was read twice and referred to the <committee-name committee-id="SSGA00">Committee on Homeland Security and Governmental Affairs</committee-name></action-desc></action><legis-type>A BILL</legis-type><official-title>To preserve open competition and Federal Government neutrality towards the labor relations of
			 Federal Government contractors on Federal and federally funded
			 construction projects.</official-title></form>
	<legis-body display-enacting-clause="yes-display-enacting-clause">
 <section display-inline="no-display-inline" id="H45939ACE24F14C80BE84438890D3CC60" section-type="section-one"><enum>1.</enum><header>Short title</header><text display-inline="no-display-inline">This Act may be cited as the <quote><short-title>Fair and Open Competition Act</short-title></quote>.</text>
 </section><section id="HA52B5BF0351D46CBA213FCB1267541D6"><enum>2.</enum><header>Purposes</header><text display-inline="no-display-inline">It is the purpose of this Act to—</text> <paragraph id="H95C602293A2D4ECE8071633100D22F51"><enum>(1)</enum><text>promote and ensure open competition on Federal and federally funded or assisted construction projects;</text>
 </paragraph><paragraph id="H28CA206C36494E4496A5AE0040BEF241"><enum>(2)</enum><text>maintain Federal Government neutrality towards the labor relations of Federal Government contractors on Federal and federally funded or assisted construction projects;</text>
 </paragraph><paragraph id="HC56CB5F5CF78418396D6AAF3BDFC58CD"><enum>(3)</enum><text>reduce construction costs to the Federal Government and to the taxpayers;</text>
 </paragraph><paragraph id="H91FCE66A67E643DCBEECA9019C4622B6"><enum>(4)</enum><text>expand job opportunities, especially for small and disadvantaged businesses; and</text>
 </paragraph><paragraph id="HB15B5215C1E5460E85BE87B42CEA00E8"><enum>(5)</enum><text>prevent discrimination against Federal Government contractors or their employees based upon labor affiliation or the lack thereof, thereby promoting the economical, nondiscriminatory, and efficient administration and completion of Federal and federally funded or assisted construction projects.</text>
			</paragraph></section><section id="H9C42AAD02034415EAE1616A4E67C7B53"><enum>3.</enum><header>Preservation of
			 open competition and Federal Government neutrality</header>
			<subsection id="HF2A2F51900714E77A217D4EF80EFC08D"><enum>(a)</enum><header>Prohibition</header>
				<paragraph id="H8BE0DA49B0314663AAF567864CFE1250"><enum>(1)</enum><header>General
 rule</header><text>The head of each executive agency that awards any construction contract after the date of enactment of this Act, or that obligates funds pursuant to such a contract, shall ensure that the agency, and any construction manager acting on behalf of the Federal Government with respect to such contract, in its bid specifications, project agreements, or other controlling documents does not—</text>
 <subparagraph id="H46BAA2D1D229458E9283DC0000200225"><enum>(A)</enum><text>require or prohibit a bidder, offeror, contractor, or subcontractor from entering into, or adhering to, agreements with one or more labor organizations, with respect to that construction project or another related construction project; or</text>
 </subparagraph><subparagraph id="H4F2F6371537542E382091EFF6687005C"><enum>(B)</enum><text>otherwise discriminate against a bidder, offeror, contractor, or subcontractor because such bidder, offeror, contractor, or subcontractor—</text>
 <clause id="H95526F818B504EDFB9009364F3979E89"><enum>(i)</enum><text>becomes a signatory to, or otherwise adheres to, an agreement with one or more labor organizations with respect to that construction project or another related construction project; or</text>
 </clause><clause id="H334D3C44597B4A758873DFC85D33ADCD"><enum>(ii)</enum><text>refuses to become a signatory to, or otherwise adhere to, an agreement with one or more labor organizations with respect to that construction project or another related construction project.</text>
						</clause></subparagraph></paragraph><paragraph id="HB4617173786A4257965DE862B032C9F4"><enum>(2)</enum><header>Application of
 prohibition</header><text>The provisions of this section shall not apply to contracts awarded prior to the date of enactment of this Act, and subcontracts awarded pursuant to such contracts regardless of the date of such subcontracts.</text>
				</paragraph><paragraph id="H9BF55A48CE2E4B18AFF66BCEC489B542"><enum>(3)</enum><header>Rule of
 construction</header><text>Nothing in paragraph (1) shall be construed to prohibit a contractor or subcontractor from voluntarily entering into an agreement described in such paragraph.</text>
				</paragraph></subsection><subsection id="H19B08880615248DDB57E5007FEC06D6"><enum>(b)</enum><header>Recipients of
 grants and other assistance</header><text>The head of each executive agency that awards grants, provides financial assistance, or enters into cooperative agreements for construction projects after the date of enactment of this Act, shall ensure that—</text>
 <paragraph id="H9505925AF98044E1A94CCD520448711E"><enum>(1)</enum><text>the bid specifications, project agreements, or other controlling documents for such construction projects of a recipient of a grant or financial assistance, or by the parties to a cooperative agreement, do not contain any of the requirements or prohibitions described in subparagraphs (A) and (B) of subsection (a)(1); or</text>
 </paragraph><paragraph id="H465BAD7BA1684EF8AB63367C6B8D33A0"><enum>(2)</enum><text>the bid specifications, project agreements, or other controlling documents for such construction projects of a construction manager acting on behalf of a recipient or party described in paragraph (1) do not contain any of the requirements or prohibitions described in subparagraphs (A) and (B) of subsection (a)(1).</text>
				</paragraph></subsection><subsection id="H1D163ADE154C4391B27FCCBAFACFF06"><enum>(c)</enum><header>Failure To
 Comply</header><text>If an executive agency, a recipient of a grant or financial assistance from an executive agency, a party to a cooperative agreement with an executive agency, or a construction manager acting on behalf of such agency, recipient, or party, fails to comply with subsection (a) or (b), the head of the executive agency awarding the contract, grant, or assistance, or entering into the agreement involved, shall take such action, consistent with law, as the head of the agency determines to be appropriate.</text>
			</subsection><subsection id="HDB86CD4EA9D74D7493509B5DA17C1D12"><enum>(d)</enum><header>Exemptions</header>
				<paragraph id="H812175A245B34C99A14B9BC9258F6FBB"><enum>(1)</enum><header>In
 general</header><text>The head of an executive agency may exempt a particular project, contract, subcontract, grant, or cooperative agreement from the requirements of one or more of the provisions of subsections (a) and (b) if the head of such agency determines that special circumstances exist that require an exemption in order to avert an imminent threat to public health or safety or to serve the national security.</text>
				</paragraph><paragraph id="H9D93446F93624E6DB6E0A96BCA022754"><enum>(2)</enum><header>Special
 circumstances</header><text>For purposes of paragraph (1), a finding of <quote>special circumstances</quote> may not be based on the possibility or existence of a labor dispute concerning contractors or subcontractors that are nonsignatories to, or that otherwise do not adhere to, agreements with one or more labor organizations, or a labor dispute concerning employees on the project who are not members of, or affiliated with, a labor organization.</text>
				</paragraph><paragraph id="HD3EBBC3D84C7406198887949E4FBD5CD"><enum>(3)</enum><header>Additional
 exemption for certain projects</header><text>The head of an executive agency, upon application of an awarding authority, a recipient of grants or financial assistance, a party to a cooperative agreement, or a construction manager acting on behalf of any of such entities, may exempt a particular project from the requirements of any or all of the provisions of subsection (a) or (b) if the agency head finds—</text>
 <subparagraph id="HD363BCFDEAA44BA8A100CE5E7984F747"><enum>(A)</enum><text>that the awarding authority, recipient of grants or financial assistance, party to a cooperative agreement, or construction manager acting on behalf of any of such entities had issued or was a party to, as of the date of the enactment of this Act, bid specifications, project agreements, agreements with one or more labor organizations, or other controlling documents with respect to that particular project, which contained any of the requirements or prohibitions set forth in subsection (a)(1); and</text>
 </subparagraph><subparagraph id="H67CA28B28B6349719071BBC794253AE"><enum>(B)</enum><text>that one or more construction contracts subject to such requirements or prohibitions had been awarded as of the date of the enactment of this Act.</text>
					</subparagraph></paragraph></subsection><subsection id="H63A83B8C24D14B81BA4C822B7ECE71B4"><enum>(e)</enum><header>Federal
 Acquisition Regulatory Council</header><text>With respect to Federal contracts to which this section applies, not later than 60 days after the date of enactment of this Act, the Federal Acquisition Regulatory Council shall take appropriate action to amend the Federal Acquisition Regulation to implement the provisions of this section.</text>
 </subsection><subsection id="H831914E2B8C04B769D0313DBC2FE7B24"><enum>(f)</enum><header>Definitions</header><text>In this section:</text>
				<paragraph id="H58000B15261249DBA33F6920110295C9"><enum>(1)</enum><header>Construction
 contract</header><text>The term <term>construction contract</term> means any contract for the construction, rehabilitation, alteration, conversion, extension, or repair of buildings, highways, or other improvements to real property.</text>
				</paragraph><paragraph id="H7F0B5A5FA525440E9CE28EFC9A38F80"><enum>(2)</enum><header>Executive
 agency</header><text>The term <term>executive agency</term> has the meaning given such term in section 133 of title 41, United States Code, except that such term shall not include the Government Accountability Office.</text>
				</paragraph><paragraph id="H32C360EA1FEF4E7C9DBF756D2E455072"><enum>(3)</enum><header>Labor
 organization</header><text>The term <term>labor organization</term> has the meaning given such term in section 701(d) of the <act-name parsable-cite="CRA64">Civil Rights Act of 1964</act-name> (<external-xref legal-doc="usc" parsable-cite="usc/42/2000e">42 U.S.C. 2000e(d)</external-xref>).</text></paragraph></subsection></section></legis-body></bill>


