<?xml version="1.0"?>
<?xml-stylesheet type="text/xsl" href="billres.xsl"?>
<!DOCTYPE bill PUBLIC "-//US Congress//DTDs/bill.dtd//EN" "bill.dtd">
<bill bill-stage="Introduced-in-Senate" dms-id="A1" public-private="public">
	<metadata xmlns:dc="http://purl.org/dc/elements/1.1/">
<dublinCore>
<dc:title>115 S635 IS: Jury Access for Capable Citizens and Equality in Service Selection Act of 2017</dc:title>
<dc:publisher>U.S. Senate</dc:publisher>
<dc:date>2017-03-15</dc:date>
<dc:format>text/xml</dc:format>
<dc:language>EN</dc:language>
<dc:rights>Pursuant to Title 17 Section 105 of the United States Code, this file is not subject to copyright protection and is in the public domain.</dc:rights>
</dublinCore>
</metadata>
<form>
		<distribution-code display="yes">II</distribution-code>
		<congress>115th CONGRESS</congress><session>1st Session</session>
		<legis-num>S. 635</legis-num>
		<current-chamber>IN THE SENATE OF THE UNITED STATES</current-chamber>
		<action>
			<action-date date="20170315">March 15, 2017</action-date>
			<action-desc><sponsor name-id="S324">Mrs. Shaheen</sponsor> (for herself, <cosponsor name-id="S252">Ms. Collins</cosponsor>, <cosponsor name-id="S316">Mr. Whitehouse</cosponsor>, <cosponsor name-id="S369">Mr. Markey</cosponsor>, and <cosponsor name-id="S229">Mrs. Murray</cosponsor>) introduced the following bill; which was read twice and referred to the <committee-name committee-id="SSJU00">Committee on the Judiciary</committee-name></action-desc>
		</action>
		<legis-type>A BILL</legis-type>
		<official-title>To amend title 28, United States Code, to prohibit the exclusion of individuals from service on a
			 Federal jury on account of sexual orientation or gender identity.</official-title>
	</form>
	<legis-body>
		<section id="S1" section-type="section-one"><enum>1.</enum><header>Short title</header>
 <text display-inline="no-display-inline">This Act may be cited as the <quote><short-title>Jury Access for Capable Citizens and Equality in Service Selection Act of 2017</short-title></quote> or the <quote><short-title>Jury ACCESS Act</short-title></quote>.</text>
 </section><section id="id9aa353c353af48858529ab18a57d7c06"><enum>2.</enum><header>Exclusion from federal juries on account of sexual orientation or gender identity prohibited</header><text display-inline="no-display-inline">Section 1862 of title 28, United States Code, is amended by inserting <quote>sexual orientation, gender identity,</quote> after <quote>sex,</quote>.</text></section></legis-body> </bill> 

