<?xml version="1.0"?>
<?xml-stylesheet type="text/xsl" href="billres.xsl"?>
<!DOCTYPE bill PUBLIC "-//US Congress//DTDs/bill.dtd//EN" "bill.dtd">
<bill bill-stage="Introduced-in-Senate" dms-id="A1" public-private="public"><metadata xmlns:dc="http://purl.org/dc/elements/1.1/">
<dublinCore>
<dc:title>103 S714 IS: Yakima River Basin Water Enhancement Project Phase III Act of 2017</dc:title>
<dc:publisher>U.S. Senate</dc:publisher>
<dc:date>2017-03-23</dc:date>
<dc:format>text/xml</dc:format>
<dc:language>EN</dc:language>
<dc:rights>Pursuant to Title 17 Section 105 of the United States Code, this file is not subject to copyright protection and is in the public domain.</dc:rights>
</dublinCore>
</metadata>
<form>
<distribution-code display="yes">II</distribution-code><congress>115th CONGRESS</congress><session>1st Session</session><legis-num>S. 714</legis-num><current-chamber>IN THE SENATE OF THE UNITED STATES</current-chamber><action><action-date date="20170323">March 23, 2017</action-date><action-desc><sponsor name-id="S275">Ms. Cantwell</sponsor> (for herself and <cosponsor name-id="S229">Mrs. Murray</cosponsor>) introduced the following bill; which was read twice and referred to the <committee-name committee-id="SSEG00">Committee on Energy and Natural Resources</committee-name></action-desc></action><legis-type>A BILL</legis-type><official-title>To amend <external-xref legal-doc="public-law" parsable-cite="pl/103/434">Public Law 103–434</external-xref> to authorize Phase III of the Yakima River Basin Water Enhancement
			 Project for the purpose of improving water management in the Yakima River
			 basin, and for other purposes. </official-title></form>
	<legis-body>
 <section id="idE11846B587D34ABDA4BE185DB11C4F70" section-type="section-one"><enum>1.</enum><header>Short title</header><text display-inline="no-display-inline">This Act may be cited as the <quote><short-title>Yakima River Basin Water Enhancement Project Phase III Act of 2017</short-title></quote>.</text> </section><section commented="no" id="id362F022DCCFC414D94CB24DF3401FAE3"><enum>2.</enum><header>Modification of terms, purposes, and definitions</header> <subsection commented="no" id="id4156C9271924434B87108011A96FBA71"><enum>(a)</enum><header>Modification of terms</header><text>Title XII of <external-xref legal-doc="public-law" parsable-cite="pl/103/434">Public Law 103–434</external-xref> (108 Stat. 4550) is amended—</text>
 <paragraph commented="no" id="id292DA77892984E4D81AEDBC0C31CFFC8"><enum>(1)</enum><text>by striking <quote>Yakama Indian</quote> each place it appears (except section 1204(g)) and inserting <quote>Yakama</quote>; and</text> </paragraph><paragraph commented="no" id="id4E38F465098B4C6FB9173AE28C747C54"><enum>(2)</enum><text>by striking <quote>Superintendent</quote> each place it appears and inserting <quote>Manager</quote>.</text>
 </paragraph></subsection><subsection commented="no" id="idFDE3A7D67CA64B4582495017E9A5BC2B"><enum>(b)</enum><header>Modification of purposes</header><text>Section 1201 of <external-xref legal-doc="public-law" parsable-cite="pl/103/434">Public Law 103–434</external-xref> (108 Stat. 4550) is amended—</text> <paragraph commented="no" id="idA7277813A91C445DAA66898603064420"><enum>(1)</enum><text>by striking paragraph (1) and inserting the following:</text>
					<quoted-block display-inline="no-display-inline" id="id32603208EFE64CCD83DCB5C218B81EF8" style="OLC">
 <paragraph commented="no" id="idA4626940E7484D378B0A6B06AA51A99A"><enum>(1)</enum><text>to protect, mitigate, and enhance fish and wildlife and the recovery and maintenance of self-sustaining harvestable populations of fish and other aquatic life, both anadromous and resident species, throughout their historic distribution range in the Yakima Basin through—</text>
 <subparagraph commented="no" id="idCBD186AEB6B643E9B171E888C428FB80"><enum>(A)</enum><text>improved water management and the constructions of fish passage at storage and diversion dams, as authorized under the Hoover Power Plant Act of 1984 (<external-xref legal-doc="usc" parsable-cite="usc/43/619">43 U.S.C. 619</external-xref> et seq.);</text>
 </subparagraph><subparagraph commented="no" id="idE91EB60DB767473791ADCDC2C94EEFB3"><enum>(B)</enum><text>improved instream flows and water supplies;</text> </subparagraph><subparagraph commented="no" id="id99EC4E24341446BDA37F2955295A104E"><enum>(C)</enum><text>improved water quality, watershed, and ecosystem function;</text>
 </subparagraph><subparagraph commented="no" id="id5D636BC0791C419E8921F5C1D33E4213"><enum>(D)</enum><text>protection, creation, and enhancement of wetlands; and</text> </subparagraph><subparagraph commented="no" id="id29E6D8E79D08452EBFB56E259CFE94E1"><enum>(E)</enum><text>other appropriate means of habitat improvement;</text></subparagraph></paragraph><after-quoted-block>;</after-quoted-block></quoted-block>
 </paragraph><paragraph commented="no" id="id651E2270424649D7AAD8378D89D0DEDF"><enum>(2)</enum><text>in paragraph (2), by inserting <quote>, municipal, industrial, and domestic water supply and use purposes, especially during drought years, including reducing the frequency and severity of water supply shortages for pro-ratable irrigation entities</quote> before the semicolon at the end;</text>
 </paragraph><paragraph commented="no" id="idEA27B4A846B1495EBB039C7810C4B078"><enum>(3)</enum><text>by striking paragraph (4);</text> </paragraph><paragraph commented="no" id="idE9540BBF659E4D7999FDF7BA05AD401D"><enum>(4)</enum><text>by redesignating paragraph (3) as paragraph (4);</text>
 </paragraph><paragraph commented="no" display-inline="no-display-inline" id="idA5225A82D7D74FF6968AE0B2B8F5A468"><enum>(5)</enum><text>by inserting after paragraph (2) the following:</text> <quoted-block display-inline="no-display-inline" id="idB981B14FC0DD4A92AF216C7B2DF75465" style="OLC"> <paragraph commented="no" id="idC97C952BAB6E411C89F7194A51085FC5"><enum>(3)</enum><text>to authorize the Secretary to make water available for purchase or lease for meeting municipal, industrial, and domestic water supply purposes;</text></paragraph><after-quoted-block>;</after-quoted-block></quoted-block>
 </paragraph><paragraph commented="no" display-inline="no-display-inline" id="idD644392A29824C249478A936C2C20E94"><enum>(6)</enum><text>by redesignating paragraphs (5) and (6) as paragraphs (6) and (8), respectively;</text> </paragraph><paragraph commented="no" display-inline="no-display-inline" id="idD0FED0CBF18A4EBC8E67B8E4A0523A63"><enum>(7)</enum><text>by inserting after paragraph (4) (as so redesignated) the following:</text>
					<quoted-block display-inline="no-display-inline" id="idA477F38DCE3A494D94C53491382EE453" style="OLC">
 <paragraph commented="no" display-inline="no-display-inline" id="id0AA28767BAE64A73AA440A88A3B45449"><enum>(5)</enum><text>to realize sufficient water savings from implementing the Yakima River Basin Integrated Water Resource Management Plan, so that not less than 85,000 acre feet of water savings are achieved by implementing the first phase of the Integrated Plan pursuant to section 1213(a), in addition to the 165,000 acre feet of water savings targeted through the Basin Conservation Program, as authorized on October 31, 1994;</text></paragraph><after-quoted-block>;</after-quoted-block></quoted-block>
 </paragraph><paragraph commented="no" display-inline="no-display-inline" id="id551637D47225487DB601E51E2F397D27"><enum>(8)</enum><text display-inline="yes-display-inline">in paragraph (6) (as so redesignated)—</text> <subparagraph commented="no" display-inline="no-display-inline" id="idB14CB9D098C042AA9D36C0A73D1E5A32"><enum>(A)</enum><text display-inline="yes-display-inline">by inserting <quote>an increase in</quote> before <quote>voluntary</quote>; and</text>
 </subparagraph><subparagraph commented="no" display-inline="no-display-inline" id="idF2D9D8A0E11643B09055EDD843F35697"><enum>(B)</enum><text display-inline="yes-display-inline">by striking <quote>and</quote> at the end;</text> </subparagraph></paragraph><paragraph commented="no" display-inline="no-display-inline" id="id4B31B56F896C4E57B3FDEE2541FFF5DD"><enum>(9)</enum><text>by inserting after paragraph (6) (as so redesignated) the following:</text>
					<quoted-block display-inline="no-display-inline" id="id63386C12056A466CA7532C2011DC257C" style="OLC">
 <paragraph commented="no" id="id0A4CE4BE35F04460B5EEBFF54E6E5995"><enum>(7)</enum><text>to encourage an increase in the use of, and reduce the barriers to, water transfers, leasing, markets, and other voluntary transactions among public and private entities to enhance water management in the Yakima River basin;</text></paragraph><after-quoted-block>;</after-quoted-block></quoted-block>
 </paragraph><paragraph commented="no" display-inline="no-display-inline" id="id0CFFD20A749840ADA229006C9FCA02D5"><enum>(10)</enum><text display-inline="yes-display-inline">in paragraph (8) (as redesignated by paragraph (6)), by striking the period at the end and inserting a semicolon; and</text>
 </paragraph><paragraph commented="no" id="id89F2F172AAB148B89B6B7565F76B51C9"><enum>(11)</enum><text>by adding at the end the following:</text> <quoted-block display-inline="no-display-inline" id="id6BCF9BFAC04D4E1D8C03DF9A5B2441B8" style="OLC"> <paragraph commented="no" id="id6A8AC2F3FB3A42FB9BCC0763E65FD2AF"><enum>(9)</enum><text>to improve the resilience of the ecosystems, economies, and communities in the Basin as they face drought, hydrologic changes, and other related changes and variability in natural and human systems, for the benefit of both the people and the fish and wildlife of the region; and</text>
 </paragraph><paragraph commented="no" id="id631EEF1D4D05433CA5A40F820F395A3E"><enum>(10)</enum><text>to authorize and implement the Yakima River Basin Integrated Water Resource Management Plan as Phase III of the Yakima River Basin Water Enhancement Project, as a balanced and cost-effective approach to maximize benefits to the communities and environment in the Basin.</text></paragraph><after-quoted-block>.</after-quoted-block></quoted-block>
 </paragraph></subsection><subsection commented="no" id="idD31E3B126C904DC687C8D3BCF7FB423A"><enum>(c)</enum><header>Modification of definitions</header><text>Section 1202 of <external-xref legal-doc="public-law" parsable-cite="pl/103/434">Public Law 103–434</external-xref> (108 Stat. 4550) is amended—</text> <paragraph commented="no" display-inline="no-display-inline" id="id522425F9FCCC4197B88A3753D7668609"><enum>(1)</enum><text display-inline="yes-display-inline">by redesignating paragraphs (6), (7), (8), (9), (10), (11), (12), (13), and (14) as paragraphs (8), (10), (11), (13), (14), (15), (16), (18), and (19), respectively;</text>
 </paragraph><paragraph commented="no" id="idBD1E5FE41D884DBD80DFFDFCD90D3E11"><enum>(2)</enum><text>by inserting after paragraph (5) the following:</text> <quoted-block display-inline="no-display-inline" id="id61C599B234F54F9187AD868BB41E6685" style="OLC"> <paragraph commented="no" display-inline="no-display-inline" id="id12FEFDEB25214E17BB4911B403B98524"><enum>(6)</enum><header>Designated Federal official</header><text>The term <term>designated Federal official</term> means the Commissioner of Reclamation (or a designee), acting pursuant to the charter of the Conservation Advisory Group.</text>
 </paragraph><paragraph commented="no" id="idF2144D64F8814484B3C649378AF507E2"><enum>(7)</enum><header>Integrated Plan</header><text>The terms <term>Integrated Plan</term> and <term>Yakima River Basin Integrated Water Resource Plan</term> mean the plan and activities authorized by the <short-title>Yakima River Basin Water Enhancement Project Phase III Act of 2017</short-title> and the amendments made by that Act, to be carried out in cooperation with and in addition to activities of the State of Washington and Yakama Nation.</text></paragraph><after-quoted-block>;</after-quoted-block></quoted-block>
 </paragraph><paragraph commented="no" display-inline="no-display-inline" id="id7B46D6F1D41A490C8D93D19FF8DBBFA8"><enum>(3)</enum><text display-inline="yes-display-inline">by inserting after paragraph (8) (as redesignated by paragraph (1)) the following:</text> <quoted-block display-inline="no-display-inline" id="idF48573866E4E45B3B4F0AE0B6B7D4728" style="OLC"> <paragraph commented="no" id="id49B20F224B144ED79E70A844ABDCFF30"><enum>(9)</enum><header>Municipal, industrial, and domestic water supply and use</header><text>The term <term>municipal, industrial, and domestic water supply and use</term> means the supply and use of water for—</text>
 <subparagraph commented="no" id="id695074079AF644DEAB9AA58E79710E87"><enum>(A)</enum><text>domestic consumption (whether urban or rural);</text> </subparagraph><subparagraph commented="no" id="id5321746CAD03452D8A996481716A77F0"><enum>(B)</enum><text>maintenance and protection of public health and safety;</text>
 </subparagraph><subparagraph commented="no" id="idCC8A80D1063A4F1C9B7BBD2C739C7C6B"><enum>(C)</enum><text>manufacture, fabrication, processing, assembly, or other production of a good or commodity;</text> </subparagraph><subparagraph commented="no" id="id5CC4C226B06F446C85DB06EB70156794"><enum>(D)</enum><text>production of energy;</text>
 </subparagraph><subparagraph commented="no" id="id9DFADD1A223549E7A771C00FBE81226F"><enum>(E)</enum><text>fish hatcheries; or</text> </subparagraph><subparagraph commented="no" id="id7C6BCEBB773C4DC7A89EFD2430215F67"><enum>(F)</enum><text>water conservation activities relating to a use described in subparagraphs (A) through (E).</text></subparagraph></paragraph><after-quoted-block>;</after-quoted-block></quoted-block>
 </paragraph><paragraph commented="no" display-inline="no-display-inline" id="idE8023AF768404260A6C67E5855F6B8D2"><enum>(4)</enum><text display-inline="yes-display-inline">by inserting after paragraph (11) (as redesignated by paragraph (1)) the following:</text> <quoted-block display-inline="no-display-inline" id="idCBD2C905B3694D4286783DEC98338D89" style="OLC"> <paragraph commented="no" id="id9F15ED54E06641E28658DB486F63B5B8"><enum>(12)</enum><header>Proratable irrigation entity</header><text>The term <term>proratable irrigation entity</term> means a district, project, or State-recognized authority, board of control, agency, or entity located in the Yakima River basin that—</text>
 <subparagraph commented="no" id="id78BD91FB864043F7877E757CCBC4E9F2"><enum>(A)</enum><text>manages and delivers irrigation water to farms in the basin; and</text> </subparagraph><subparagraph commented="no" id="id574C2CA360014C4D89B27ED2A995DA92"><enum>(B)</enum><text>possesses, or the members of which possess, water rights that are proratable during periods of water shortage.</text></subparagraph></paragraph><after-quoted-block>; and</after-quoted-block></quoted-block>
 </paragraph><paragraph commented="no" id="idD8B9AACEA5F34E1FB1FC8A6887D79A4F"><enum>(5)</enum><text>by inserting after paragraph (16) (as redesignated by paragraph (1)) the following:</text> <quoted-block display-inline="no-display-inline" id="id99B1A260460D423BAE4AC5C0420E03BB" style="OLC"> <paragraph commented="no" display-inline="no-display-inline" id="idEE3A4BFF3F3943DB9DAAD2CF798AE33A"><enum>(17)</enum><header>Yakima Enhancement Project; Yakima River Basin Water Enhancement Project</header><text>The terms <term>Yakima Enhancement Project</term> and <term>Yakima River Basin Water Enhancement Project</term> mean the Yakima River basin water enhancement project authorized by Congress pursuant to this Act and other Acts (including <external-xref legal-doc="public-law" parsable-cite="pl/96/162">Public Law 96–162</external-xref> (93 Stat. 1241), section 109 of <external-xref legal-doc="public-law" parsable-cite="pl/98/381">Public Law 98–381</external-xref> (<external-xref legal-doc="usc" parsable-cite="usc/16/839b">16 U.S.C. 839b</external-xref> note; 98 Stat. 1340), <external-xref legal-doc="public-law" parsable-cite="pl/105/62">Public Law 105–62</external-xref> (111 Stat. 1320), and <external-xref legal-doc="public-law" parsable-cite="pl/106/372">Public Law 106–372</external-xref> (114 Stat. 1425)) to promote water conservation, water supply, habitat, and stream enhancement improvements in the Yakima River basin.</text></paragraph><after-quoted-block>.</after-quoted-block></quoted-block>
 </paragraph></subsection></section><section commented="no" id="id698F906A3B9A4FDBB1B42FC680B0A9AE"><enum>3.</enum><header>Yakima River Basin Water Conservation Program</header><text display-inline="no-display-inline">Section 1203 of <external-xref legal-doc="public-law" parsable-cite="pl/103/434">Public Law 103–434</external-xref> (108 Stat. 4551) is amended—</text> <paragraph commented="no" id="id15A7B687A6D14B01A22EF70FBCBB0617"><enum>(1)</enum><text>in subsection (a)—</text>
 <subparagraph commented="no" id="idC9BA3052EA3A477EAE797C7004CDB28E"><enum>(A)</enum><text>in paragraph (1)—</text> <clause commented="no" id="idFA9428626D074A4F9D6EC5F872EBE888"><enum>(i)</enum><text>in the second sentence, by striking <quote>title</quote> and inserting <quote>section</quote>; and</text>
 </clause><clause commented="no" id="idEC11111E4D0644948B7DF975D83DA394"><enum>(ii)</enum><text>in the third sentence, by striking <quote>within 5 years of the date of enactment of this Act</quote>; and</text> </clause></subparagraph><subparagraph commented="no" id="idBF289FEFBB1A42E69F0458A0712B1B25"><enum>(B)</enum><text>in paragraph (2), by striking <quote>irrigation</quote> and inserting <quote>the number of irrigated acres</quote>;</text>
 </subparagraph></paragraph><paragraph commented="no" id="id4280FD7C803B4C31AE458A2F45217BF4"><enum>(2)</enum><text>in subsection (c)—</text> <subparagraph commented="no" id="id0D908A4A89934FACADA7CD0FCCB77607"><enum>(A)</enum><text>in paragraph (2)—</text>
 <clause commented="no" display-inline="no-display-inline" id="id36F07628A34E4B31B59DBA7E86243A7A"><enum>(i)</enum><text display-inline="yes-display-inline">in each of subparagraphs (A) through (D), by striking the comma at the end and inserting a semicolon;</text>
 </clause><clause commented="no" display-inline="no-display-inline" id="id37E5ADA9C04B42AEB5AC1CA190859A0D"><enum>(ii)</enum><text display-inline="yes-display-inline">in subparagraph (E), by striking the comma at the end and inserting <quote>; and</quote>;</text> </clause><clause commented="no" id="idCF5E5FCFB6D549E8A4364CA3CD8C1E53"><enum>(iii)</enum><text>in subparagraph (F), by striking <quote>Department of Wildlife of the State of Washington, and</quote> and inserting <quote>Department of Fish and Wildlife of the State of Washington.</quote>; and</text>
 </clause><clause commented="no" display-inline="no-display-inline" id="id378A91ED14A8476FBFB37D4572208FB1"><enum>(iv)</enum><text>by striking subparagraph (G);</text> </clause></subparagraph><subparagraph commented="no" id="idD1EAB034FE3048738C508EBE55E6C102"><enum>(B)</enum><text>in paragraph (3)—</text>
 <clause commented="no" id="idBC02EBCDB50C48CAB2150CBE430ED0D9"><enum>(i)</enum><text>in each of subparagraphs (A) through (C), by striking the comma at the end and inserting a semicolon;</text>
 </clause><clause commented="no" id="idC72930C3182D47A591446109FA645718"><enum>(ii)</enum><text>in subparagraph (D), by striking <quote>, and</quote> and inserting a semicolon;</text> </clause><clause commented="no" id="id9D32237055904C618BBEC83FFA06FED8"><enum>(iii)</enum><text>in subparagraph (E), by striking the period at the end and inserting <quote>; and</quote>; and</text>
 </clause><clause commented="no" id="id84006DAC2B1E482B8EAB01AE914F1732"><enum>(iv)</enum><text>by adding at the end the following:</text> <quoted-block display-inline="no-display-inline" id="idBE381AE998794E3E98F04FD63C4E849B" style="OLC"> <subparagraph commented="no" display-inline="no-display-inline" id="id05264F5AE49C48D4A58F4F4A01B8ADB8"><enum>(F)</enum><text>provide recommendations to advance the purposes and programs of the Yakima Enhancement Project, including the Integrated Plan.</text></subparagraph><after-quoted-block>; and</after-quoted-block></quoted-block>
 </clause></subparagraph><subparagraph commented="no" display-inline="no-display-inline" id="id64EFB9CE2FAE442A89D2289B42024B8F"><enum>(C)</enum><text display-inline="yes-display-inline">by striking paragraph (4) and inserting the following:</text> <quoted-block display-inline="no-display-inline" id="idBB00DBB368C14300B38A1FFDC09581ED" style="OLC"> <paragraph commented="no" id="id831A1DDD0C104897AC82A59926BFA51F"><enum>(4)</enum><header>Authority of designated Federal official</header><text>The designated Federal official may—</text>
 <subparagraph commented="no" id="idCCCFEE3323364CA2B629A7CFF1037040"><enum>(A)</enum><text>arrange and provide logistical support for meetings of the Conservation Advisory Group;</text> </subparagraph><subparagraph commented="no" id="idDE8F467F53104522803A8014100C3535"><enum>(B)</enum><text>use a facilitator to serve as a moderator for meetings of the Conservation Advisory Group or provide additional logistical support; and</text>
 </subparagraph><subparagraph commented="no" id="id30DEB18600424D77BCFFABFF1B81AAD1"><enum>(C)</enum><text>grant any request for a facilitator by any member of the Conservation Advisory Group.</text></subparagraph></paragraph><after-quoted-block>;</after-quoted-block></quoted-block> </subparagraph></paragraph><paragraph commented="no" display-inline="no-display-inline" id="idCC54D8714EAC4D688A2DDE49FC920670"><enum>(3)</enum><text display-inline="yes-display-inline">in subsection (d), by adding at the end the following:</text>
				<quoted-block display-inline="no-display-inline" id="idA2FAD596B2634C0F9A3E6532D8F86BE5" style="OLC">
					<paragraph commented="no" id="id67D81B451B1942B994F69C59180B5862"><enum>(4)</enum><header>Payment of local share by State or Federal Government</header>
 <subparagraph commented="no" id="idFF93095AF361401AAFE66135DDAA6A5E"><enum>(A)</enum><header>In general</header><text>The State or the Federal Government may fund not more than the 17.5 percent local share of the costs of the Basin Conservation Program in exchange for the long-term use of conserved water, subject to the requirement that the funding by the Federal Government of the local share of the costs shall provide a quantifiable public benefit in meeting Federal responsibilities in the Basin and the purposes of this title.</text>
 </subparagraph><subparagraph commented="no" id="id286F174757004364BCD42645DB323D1F"><enum>(B)</enum><header>Use of conserved water</header><text>The Yakima Project Manager may use water resulting from conservation measures taken under this title, in addition to water that the Bureau of Reclamation may acquire from any willing seller through purchase, donation, or lease, for water management uses pursuant to this title.</text></subparagraph></paragraph><after-quoted-block>;</after-quoted-block></quoted-block>
 </paragraph><paragraph commented="no" id="id101964157D8F4D2395715B89184B5987"><enum>(4)</enum><text>in subsection (e), by striking the first sentence and inserting the following: <quote>To participate in the Basin Conservation Program, as described in subsection (b), an entity shall submit to the Secretary a proposed water conservation plan.</quote>;</text>
 </paragraph><paragraph commented="no" id="idA9E29A2CDB2946A1AA013FC1C1A13A15"><enum>(5)</enum><text>in subsection (i)(3)—</text> <subparagraph commented="no" id="idED803EF50DD84DE58C681E2FCD608D32"><enum>(A)</enum><text>by striking <quote>purchase or lease</quote> each place it appears and inserting <quote>purchase, lease, or management</quote>; and</text>
 </subparagraph><subparagraph commented="no" id="idC67EAEB5DB6B4D4680191C6F3DE91F51"><enum>(B)</enum><text>in the third sentence, by striking <quote>made immediately upon availability</quote> and all that follows through <quote>Committee</quote> and inserting <quote>continued as needed to provide water to be used by the Yakima Project Manager as recommended by the System Operations Advisory Committee and the Conservation Advisory Group</quote>; and</text>
 </subparagraph></paragraph><paragraph commented="no" id="idCF0DAECFE5BF445C82A9034021B46A4C"><enum>(6)</enum><text>in subsection (j)(4), in the first sentence, by striking <quote>initial acquisition</quote> and all that follows through <quote>flushing flows</quote> and inserting <quote>acquisition of water from willing sellers or lessors specifically to provide improved instream flows for anadromous and resident fish and other aquatic life, including pulse flows to facilitate outward migration of anadromous fish</quote>.</text>
			</paragraph></section><section commented="no" id="id710180EBAB2B4876B5977F6CCA81D970"><enum>4.</enum><header>Yakima Basin water projects, operations, and authorizations</header>
 <subsection commented="no" id="id24B854C7307441D29182E50BE805F87F"><enum>(a)</enum><header>Yakama Nation projects</header><text>Section 1204 of <external-xref legal-doc="public-law" parsable-cite="pl/103/434">Public Law 103–434</external-xref> (108 Stat. 4555) is amended—</text> <paragraph commented="no" id="idDEBDD57CE98F449394386B6AA46DB9E8"><enum>(1)</enum><text>in subsection (a)(2), in the first sentence, by striking <quote>not more than $23,000,000</quote> and inserting <quote>not more than $100,000,000</quote>; and</text>
 </paragraph><paragraph commented="no" id="id3D9604528257412B9029270940CED0DD"><enum>(2)</enum><text>in subsection (g)—</text> <subparagraph commented="no" id="id824C350FE92142B4B9431039C5872DE6"><enum>(A)</enum><text>by striking the subsection heading and inserting <quote><header-in-text level="subsection" style="OLC">Redesignation of Yakama Indian Nation to Yakama Nation</header-in-text>.—</quote>;</text>
 </subparagraph><subparagraph commented="no" id="id194916D4CC15496092DC6EF385B19948"><enum>(B)</enum><text>by striking paragraph (1) and inserting the following:</text> <quoted-block display-inline="no-display-inline" id="id0BACE76B317F4AF08EAAA8CE91308172" style="OLC"> <paragraph commented="no" id="idB1727AF9741D4CE4BD6F876793502B93"><enum>(1)</enum><header>Redesignation</header><text>The Confederated Tribes and Bands of the Yakama Indian Nation shall be known and designated as the <quote>Confederated Tribes and Bands of the Yakama Nation</quote>.</text></paragraph><after-quoted-block>; and</after-quoted-block></quoted-block>
 </subparagraph><subparagraph commented="no" id="idBC5FFBBBB72A44C8AD07B85363CEB0DA"><enum>(C)</enum><text>in paragraph (2), by striking <quote>deemed to be a reference to the <quote>Confederated Tribes and Bands of the Yakama Indian Nation</quote>.</quote> and inserting <quote>deemed to be a reference to the <quote>Confederated Tribes and Bands of the Yakama Nation</quote>.</quote>.</text> </subparagraph></paragraph></subsection><subsection commented="no" id="id3EAB925C3BC346D5A80D4FE51588309D"><enum>(b)</enum><header>Operation of Yakima Basin projects</header><text>Section 1205 of <external-xref legal-doc="public-law" parsable-cite="pl/103/434">Public Law 103–434</external-xref> (108 Stat. 4557) is amended—</text>
 <paragraph commented="no" id="id6F00DC80F32A441AB62EEC89A5EDA257"><enum>(1)</enum><text>in subsection (a)—</text> <subparagraph commented="no" id="idE097B06AADC54BB0A36DC7F65966182D"><enum>(A)</enum><text>in paragraph (4)—</text>
 <clause commented="no" id="id7F9CAAC6C6834959994A035ED3D515BC"><enum>(i)</enum><text>in subparagraph (A)—</text> <subclause commented="no" id="idE465AC42097F4E8DA5A116B6BC21A84D"><enum>(I)</enum><text>in clause (i)—</text>
 <item commented="no" id="id9FA9FFB3456C4CB68BE10A1815EEF914"><enum>(aa)</enum><text>by inserting <quote>additional</quote> after <quote>secure</quote>;</text> </item><item commented="no" id="id8E3D19491433439FA8B1334116B8393B"><enum>(bb)</enum><text>by striking <quote>flushing</quote> and inserting <quote>pulse</quote>; and</text>
 </item><item commented="no" id="id573B1C71BF344CFA9B03355DF39F5F32"><enum>(cc)</enum><text>by striking <quote>uses</quote> and inserting <quote>uses, in addition to the quantity of water provided under the treaty between the Yakama Nation and the United States</quote>;</text>
 </item></subclause><subclause commented="no" id="idC0651EFE482B475381ED2017A8984CD9"><enum>(II)</enum><text>by striking clause (ii);</text> </subclause><subclause commented="no" id="id268DEDB62AA143E7BAD90D748E9E2D69"><enum>(III)</enum><text>by redesignating clause (iii) as clause (ii); and</text>
 </subclause><subclause commented="no" id="idC5B5F28895154D3498F4881C28BA4AE2"><enum>(IV)</enum><text>in clause (ii) (as so redesignated) by inserting <quote>and water rights mandated</quote> after <quote>goals</quote>; and</text> </subclause></clause><clause commented="no" id="id64769C8F77F94F7D9150A47EE26101E3"><enum>(ii)</enum><text>in subparagraph (B)(i), in the first sentence, by inserting <quote>in proportion to the funding received</quote> after <quote>Program</quote>;</text>
 </clause></subparagraph></paragraph><paragraph commented="no" id="id567E87B00BD04F788440B9BCF3F45A4E"><enum>(2)</enum><text>in subsection (b), in the second sentence, by striking <quote>instream flows for use by the Yakima Project Manager as flushing flows or as otherwise</quote> and inserting <quote>fishery purposes, as</quote>; and</text> </paragraph><paragraph commented="no" id="id796AE1F82F894C81B87B755DCE3B9631"><enum>(3)</enum><text>in subsection (e), by striking paragraph (1) and inserting the following:</text>
					<quoted-block display-inline="no-display-inline" id="idE299337B03F04B4599A8792A332DD12F" style="OLC">
 <paragraph commented="no" id="id3D776E6BD43B4AC785A83D17E1A79125"><enum>(1)</enum><header>In general</header><text>Additional purposes of the Yakima Project shall be any of the following:</text> <subparagraph commented="no" id="idDBFAD454E5444361B36FE14FCAB65B71"><enum>(A)</enum><text>To recover and maintain self-sustaining harvestable populations of native fish, both anadromous and resident species, throughout their historic distribution range in the Yakima Basin.</text>
 </subparagraph><subparagraph commented="no" id="idE41A4E2D1335458B96C116E31608A534"><enum>(B)</enum><text>To protect, mitigate, and enhance aquatic life and wildlife.</text> </subparagraph><subparagraph commented="no" id="id24FECE36F500429C93B0DE50769E7C84"><enum>(C)</enum><text>Recreation.</text>
 </subparagraph><subparagraph commented="no" id="idFF34DA538B9942E5BC25586B6E4D356F"><enum>(D)</enum><text>Municipal, industrial, and domestic use.</text></subparagraph></paragraph><after-quoted-block>.</after-quoted-block></quoted-block> </paragraph></subsection><subsection commented="no" id="id8509B9E3A45F402D867F34011711155C"><enum>(c)</enum><header>Lake Cle Elum Authorization of Appropriations</header><text>Section 1206(a)(1) of <external-xref legal-doc="public-law" parsable-cite="pl/103/434">Public Law 103–434</external-xref> (108 Stat. 4560), is amended, in the matter preceding subparagraph (A), by striking <quote>at September</quote> and all that follows through <quote>to—</quote> and inserting <quote>not more than $12,000,000 to—</quote>.</text>
 </subsection><subsection commented="no" id="idB50E1011EDDB46D593C5630DF22425B3"><enum>(d)</enum><header>Enhancement of water supplies for Yakima basin tributaries</header><text>Section 1207 of <external-xref legal-doc="public-law" parsable-cite="pl/103/434">Public Law 103–434</external-xref> (108 Stat. 4560) is amended—</text> <paragraph commented="no" id="idB847E107929C4D27AC98044D0FA8490C"><enum>(1)</enum><text>in the heading, by striking <quote><header-in-text level="section" style="OLC">supplies</header-in-text></quote> and inserting <quote><header-in-text level="section" style="OLC">management</header-in-text></quote>;</text>
 </paragraph><paragraph commented="no" id="id23D1E0AE28F24E569F47A65ECF4E7C5E"><enum>(2)</enum><text>in subsection (a)—</text> <subparagraph commented="no" display-inline="no-display-inline" id="id6BE9D2BC358843BC89F77DA2B87B52C9"><enum>(A)</enum><text display-inline="yes-display-inline">in the matter preceding paragraph (1), by striking <quote>supplies</quote> and inserting <quote>management</quote>;</text>
 </subparagraph><subparagraph commented="no" display-inline="no-display-inline" id="id1EDB7E5DA390437489AFEB59A2804B4A"><enum>(B)</enum><text display-inline="yes-display-inline">in paragraph (1), by inserting <quote>and water supply entities</quote> after <quote>owners</quote>; and</text> </subparagraph><subparagraph commented="no" display-inline="no-display-inline" id="idA5CCDE698B3F410AB644D032B1B5C02D"><enum>(C)</enum><text>in paragraph (2)—</text>
 <clause commented="no" display-inline="no-display-inline" id="id96E4577FB34C410389E9D56C681A0D1C"><enum>(i)</enum><text>in subparagraph (A), by inserting <quote>that choose not to participate or opt out of tributary enhancement projects pursuant to this section</quote> after <quote>water right owners</quote>; and</text>
 </clause><clause commented="no" display-inline="no-display-inline" id="idD9F9F47293AD41AD829B20B815E5D6A5"><enum>(ii)</enum><text>in subparagraph (B), by inserting <quote>nonparticipating</quote> before <quote>tributary water users</quote>;</text> </clause></subparagraph></paragraph><paragraph commented="no" display-inline="no-display-inline" id="idFB866B6616744F90ACFA31350B9F90A5"><enum>(3)</enum><text>in subsection (b)—</text>
 <subparagraph commented="no" display-inline="no-display-inline" id="id913EA6A6822D433792EB41429804E2D4"><enum>(A)</enum><text>in paragraph (1)—</text> <clause commented="no" display-inline="no-display-inline" id="id9DB7D38D208C4547A95A205BB27D0646"><enum>(i)</enum><text>by striking the paragraph designation and all that follows through <quote>(but not limited to)—</quote> and inserting the following:</text>
							<quoted-block display-inline="no-display-inline" id="id5917ABB5F5B047469F4BEBC584882AEC" style="OLC">
 <paragraph commented="no" display-inline="no-display-inline" id="idD42F245DB8B54B06B319C26CA540872A"><enum>(1)</enum><header>In general</header><text>The Secretary, following consultation with the State of Washington, tributary water right owners, and the Yakama Nation, and on agreement of appropriate water right owners, is authorized to conduct studies to evaluate measures to further Yakima Project purposes on tributaries to the Yakima River. Enhancement programs that use measures authorized by this subsection may be investigated and implemented by the Secretary in tributaries to the Yakima River, including Taneum Creek, other areas, or tributary basins that currently or could potentially be provided supplemental or transfer water by entities, such as the Kittitas Reclamation District or the Yakima-Tieton Irrigation District, subject to the condition that activities may commence on completion of applicable and required feasibility studies, environmental reviews, and cost-benefit analyses that include favorable recommendations for further project development, as appropriate. Measures to evaluate include—</text></paragraph><after-quoted-block>;</after-quoted-block></quoted-block>
 </clause><clause commented="no" display-inline="no-display-inline" id="idFA3EDB51BB8340FDBB57C085677C1488"><enum>(ii)</enum><text>by indenting subparagraphs (A) through (F) appropriately;</text> </clause><clause commented="no" display-inline="no-display-inline" id="idE3B2E938CB884252A7C90455E4F5F176"><enum>(iii)</enum><text>in subparagraph (A), by inserting before the semicolon at the end the following: <quote>, including irrigation efficiency improvements (in coordination with programs of the Department of Agriculture), consolidation of diversions or administration, and diversion scheduling or coordination</quote>;</text>
 </clause><clause commented="no" display-inline="no-display-inline" id="idAB0D261617FA4CD6BB9371C469AC1B3C"><enum>(iv)</enum><text>by redesignating subparagraphs (C) through (F) as subparagraphs (E) through (H), respectively;</text> </clause><clause commented="no" display-inline="no-display-inline" id="id6CFE59BD21C2401B9A422DDDE6442510"><enum>(v)</enum><text>by inserting after subparagraph (B) the following:</text>
							<quoted-block display-inline="no-display-inline" id="id310945427EAE49099F3EEB02767CDABE" style="OLC">
 <subparagraph commented="no" id="id01C1D251526B4238918470D3706BCE23"><enum>(C)</enum><text>improvements in irrigation system management or delivery facilities within the Yakima River basin when those improvements allow for increased irrigation system conveyance and corresponding reduction in diversion from tributaries or flow enhancements to tributaries through direct flow supplementation or groundwater recharge;</text>
 </subparagraph><subparagraph commented="no" id="idD9CFBF0CFC594AE5992DF8F6E9A3787E"><enum>(D)</enum><text>improvements of irrigation system management or delivery facilities to reduce or eliminate excessively high flows caused by the use of natural streams for conveyance or irrigation water or return water;</text></subparagraph><after-quoted-block>;</after-quoted-block></quoted-block>
 </clause><clause commented="no" display-inline="no-display-inline" id="id49F45DDBE9814B95AC32B3DF93854EDF"><enum>(vi)</enum><text>in subparagraph (E) (as redesignated by clause (iv)), by striking <quote>ground water</quote> and inserting <quote>groundwater recharge and</quote>;</text> </clause><clause commented="no" display-inline="no-display-inline" id="id827FB890D9D34858A0E9B82DCDA8B678"><enum>(vii)</enum><text>in subparagraph (G) (as redesignated by clause (iv)), by inserting <quote>or transfer</quote> after <quote>purchase</quote>; and</text>
 </clause><clause commented="no" id="idB8BAA47290094BFC8EB1DE645CF61DFC"><enum>(viii)</enum><text>in subparagraph (H) (as redesignated by clause (iv)), by inserting <quote>stream processes and</quote> before <quote>stream habitats</quote>;</text> </clause></subparagraph><subparagraph commented="no" id="id0F56AFADAACD4DFAAEA89B80AD0C103A"><enum>(B)</enum><text>in paragraph (2)—</text>
 <clause commented="no" id="id52DC9B93886B4BA8A130F58686515019"><enum>(i)</enum><text>in the matter preceding subparagraph (A), by striking <quote>the Taneum Creek study</quote> and inserting <quote>studies under this subsection</quote>;</text> </clause><clause commented="no" id="idE63D16F3356444F59BD5772A30B22F39"><enum>(ii)</enum><text>in subparagraph (B)—</text>
 <subclause commented="no" id="idAC336C0375844210877494987D75C4F9"><enum>(I)</enum><text>by striking <quote>and economic</quote> and inserting <quote>, infrastructure, economic, and land use</quote>; and</text> </subclause><subclause commented="no" id="idBCACEF2B4A92408FB533AEB46DC2C3BE"><enum>(II)</enum><text>by striking <quote>and</quote> at the end;</text>
 </subclause></clause><clause commented="no" id="idC0DF779B0FFC42A5AD020A81FF6FE198"><enum>(iii)</enum><text>in subparagraph (C), by striking the period at the end and inserting <quote>; and</quote>; and</text> </clause><clause commented="no" id="id1AA1F310189E4AD9BA251607DBCEF75F"><enum>(iv)</enum><text>by adding at the end the following:</text>
							<quoted-block display-inline="no-display-inline" id="id239DF519698C43289799277F8225A495" style="OLC">
 <subparagraph commented="no" id="id856D48A2BD95421B81AA8CA1A0A0BDCC"><enum>(D)</enum><text>any related studies already underway or undertaken.</text></subparagraph><after-quoted-block>; and</after-quoted-block></quoted-block> </clause></subparagraph><subparagraph commented="no" id="idFF08A8D36DD247408BE43013D4DFC769"><enum>(C)</enum><text>in paragraph (3), in the first sentence, by inserting <quote>of each tributary or group of tributaries</quote> after <quote>study</quote>;</text>
 </subparagraph></paragraph><paragraph commented="no" id="idA5ACB3D438494C50BDC62C3FB8DC9375"><enum>(4)</enum><text>in subsection (c)—</text> <subparagraph commented="no" id="id4C3B578A9A9040B1B194B5015D4A91E1"><enum>(A)</enum><text>in the heading, by inserting <quote><header-in-text level="section" style="OLC">and nonsurface storage</header-in-text></quote> after <quote><header-in-text level="section" style="OLC">nonstorage</header-in-text></quote>; and</text>
 </subparagraph><subparagraph commented="no" id="idA62DB7F467544783ADEA6485A0F0DB29"><enum>(B)</enum><text>in the matter preceding paragraph (1), by inserting <quote>and nonsurface storage</quote> after <quote>nonstorage</quote>;</text> </subparagraph></paragraph><paragraph commented="no" id="id3DCDC79D618C4CD385394955694CD982"><enum>(5)</enum><text>by striking subsection (d);</text>
 </paragraph><paragraph commented="no" id="id6A1B01CEDB964418958F72098ABC4E18"><enum>(6)</enum><text>by redesignating subsection (e) as subsection (d); and</text> </paragraph><paragraph commented="no" id="id41B5B05B046A450E8989533737374DC2"><enum>(7)</enum><text>in paragraph (2) of subsection (d) (as so redesignated)—</text>
 <subparagraph commented="no" id="idDF16D8C3B5B14A67933B2B1EEB598DAE"><enum>(A)</enum><text>in the first sentence—</text> <clause commented="no" id="id3B009A85BC9F4EBCB1CAA3D8213E28BC"><enum>(i)</enum><text>by inserting <quote>and implementation</quote> after <quote>investigation</quote>;</text>
 </clause><clause commented="no" id="idC1104AEA3AC84E22B7C96964ED75A7A9"><enum>(ii)</enum><text>by striking <quote>other</quote> before <quote>Yakima River</quote>; and</text> </clause><clause commented="no" id="idE3E864ECFD104C03ABA5E9D03619648A"><enum>(iii)</enum><text>by inserting <quote>and other water supply entities</quote> after <quote>owners</quote>; and</text>
 </clause></subparagraph><subparagraph commented="no" id="id41E75AE8FB244692800F39B631B380C0"><enum>(B)</enum><text>by striking the second sentence.</text> </subparagraph></paragraph></subsection><subsection commented="no" id="id185958BA2F004A9AB0C0DFB574B714A5"><enum>(e)</enum><header>Chandler pumping plant and powerplant-operations at Prosser Diversion Dam</header><text>Section 1208(d) of <external-xref legal-doc="public-law" parsable-cite="pl/103/434">Public Law 103–434</external-xref> (108 Stat. 4562; 114 Stat. 1425) is amended by inserting <quote>negatively</quote> before <quote>affected</quote>.</text>
 </subsection><subsection commented="no" id="idB2238F2CAC6C452C936C30CC303D9E3A"><enum>(f)</enum><header>Interim Comprehensive Basin Operating Plan</header><text>Section 1210(c) of <external-xref legal-doc="public-law" parsable-cite="pl/103/434">Public Law 103–434</external-xref> (108 Stat. 4564) is amended by striking <quote>$100,000</quote> and inserting <quote>$200,000</quote>.</text> </subsection><subsection commented="no" display-inline="no-display-inline" id="idCE8192B3A7AB4EB8A3442F9DB23555EE"><enum>(g)</enum><header display-inline="yes-display-inline">Environmental compliance</header><text display-inline="yes-display-inline">Section 1211 of <external-xref legal-doc="public-law" parsable-cite="pl/103/434">Public Law 103–434</external-xref> (108 Stat. 4564) is amended by striking <quote>$2,000,000</quote> and inserting <quote>$5,000,000</quote>.</text>
 </subsection></section><section commented="no" id="idBE325DF396A3421892235E3D34074EED"><enum>5.</enum><header>Authorization of Phase III of Yakima River Basin Water Enhancement Project</header><text display-inline="no-display-inline">Title XII of <external-xref legal-doc="public-law" parsable-cite="pl/103/434">Public Law 103–434</external-xref> (108 Stat. 4550) is amended by adding at the end the following:</text> <quoted-block display-inline="no-display-inline" id="id212FE5CC8E0049A983023E219DB5006D" style="OLC"> <section commented="no" id="idC2C8161EFD7142A983FBA81099B189FC"><enum>1213.</enum><header>Authorization of the integrated plan as Phase III of Yakima River Basin Water Enhancement Project</header> <subsection commented="no" id="idAA645C29C4B242358787C53CBA8D3755"><enum>(a)</enum><header>Integrated Plan</header> <paragraph commented="no" id="idDF6FC5C1B60A4A508CEB3976D5095DD8"><enum>(1)</enum><header>In general</header><text>The Secretary shall implement the Integrated Plan as Phase III of the Yakima River Basin Water Enhancement Project in accordance with this section and applicable laws.</text>
						</paragraph><paragraph commented="no" id="id0593A61D5496466DBBF7FFC4E41FCBE4"><enum>(2)</enum><header>Initial development phase of the integrated plan</header>
 <subparagraph commented="no" id="id6170C1268E1344EE8185C8553AF472EC"><enum>(A)</enum><header>In general</header><text>The Secretary, in coordination with the State of Washington and Yakama Nation and subject to feasibility studies, environmental reviews, and the availability of appropriations, shall implement an initial development phase of the Integrated Plan, to—</text>
 <clause commented="no" id="idE67DAA337D1B43C180E77DF05F1DEA99"><enum>(i)</enum><text>complete the planning, design, and construction or development of upstream and downstream fish passage facilities, as previously authorized by the Hoover Power Plant Act of 1984 (<external-xref legal-doc="usc" parsable-cite="usc/43/619">43 U.S.C. 619</external-xref> et seq.) at Cle Elum Reservoir and another Yakima Project reservoir identified by the Secretary as consistent with the Integrated Plan, subject to the condition that, if the Yakima Project reservoir identified by the Secretary contains a hydropower project licensed by the Federal Energy Regulatory Commission, the Secretary shall cooperate with the Federal Energy Regulatory Commission in a timely manner to ensure that actions taken by the Secretary are consistent with the applicable hydropower project license;</text>
 </clause><clause commented="no" id="idD080F663620A4CE5BCA2B5B51026D5A9"><enum>(ii)</enum><text>negotiate long-term agreements with participating proratable irrigation entities in the Yakima Basin and, acting through the Bureau of Reclamation, coordinate between Bureaus of the Department of the Interior and with the heads of other Federal agencies to negotiate agreements concerning leases, easements, and rights-of-way on Federal land, and other terms and conditions determined to be necessary to allow for the non-Federal financing, construction, operation, and maintenance of—</text>
 <subclause commented="no" id="id5BC109B388DF4B96B58AF78CB7FD692E"><enum>(I)</enum><text>new facilities needed to access and deliver inactive storage in Lake Kachess for the purpose of providing drought relief for irrigation (known as the <quote>Kachess Drought Relief Pumping Plant</quote>); and</text>
 </subclause><subclause commented="no" id="idD32C1FE36FE94E87A8276292AD6E5465"><enum>(II)</enum><text>a conveyance system to allow transfer of water between Keechelus Reservoir to Kachess Reservoir for purposes of improving operational flexibility for the benefit of both fish and irrigation (known as the <quote>K to K Pipeline</quote>);</text>
 </subclause></clause><clause commented="no" id="id3A33A71D26734C87A2F8E8254877DC94"><enum>(iii)</enum><text>participate in, provide funding for, and accept non-Federal financing for—</text> <subclause commented="no" id="id96BDED17C74041999CC92A48E5A8A2D5"><enum>(I)</enum><text>water conservation projects, not subject to the provisions of the Basin Conservation Program described in section 1203, that are intended to partially implement the Integrated Plan by providing 85,000 acre-feet of conserved water to improve tributary and mainstem stream flow; and</text>
 </subclause><subclause commented="no" id="id97235F62D1F54542A305FE6EDD4462F3"><enum>(II)</enum><text>aquifer storage and recovery projects;</text> </subclause></clause><clause commented="no" id="id08D8688348C342349FFD56A5A7D9FFF1"><enum>(iv)</enum><text>study, evaluate, and conduct feasibility analyses and environmental reviews of fish passage, water supply (including groundwater and surface water storage), conservation, habitat restoration projects, and other alternatives identified as consistent with the purposes of this Act, for the initial and future phases of the Integrated Plan;</text>
 </clause><clause commented="no" id="idAB905C314DFF44AF8EA412F32EDB58C6"><enum>(v)</enum><text>coordinate with and assist the State of Washington in implementing a robust water market to enhance water management in the Yakima River basin, including—</text>
 <subclause commented="no" id="idB7CC8B2F4F054A0B8FB7AF54B720E417"><enum>(I)</enum><text>assisting in identifying ways to encourage and increase the use of, and reduce the barriers to, water transfers, leasing, markets, and other voluntary transactions among public and private entities in the Yakima River basin;</text>
 </subclause><subclause commented="no" id="idF22BE92230D24179957E00B179FC3BBC"><enum>(II)</enum><text>providing technical assistance, including scientific data and market information; and</text> </subclause><subclause commented="no" id="idAB005D0C1DF4467693B492142F8D8867"><enum>(III)</enum><text>negotiating agreements that would facilitate voluntary water transfers between entities, including as appropriate, the use of federally managed infrastructure; and</text>
 </subclause></clause><clause commented="no" id="idF7E4904529374419A940EE8CB6E8AF9A"><enum>(vi)</enum><text display-inline="yes-display-inline">enter into cooperative agreements with, or, subject to a minimum non-Federal cost-sharing requirement of 50 percent, make grants to, the Yakama Nation, the State of Washington, Yakima River basin irrigation districts, water districts, conservation districts, other local governmental entities, nonprofit organizations, and land owners to carry out this title under such terms and conditions as the Secretary may require, including the following purposes:</text>
 <subclause commented="no" id="idC3A1D730804F43BD849BAD59AA2626F3"><enum>(I)</enum><text>Land and water transfers, leases, and acquisitions from willing participants, so long as the acquiring entity shall hold title and be responsible for any and all required operations, maintenance, and management of that land and water.</text>
 </subclause><subclause commented="no" id="id5F3EF9F6C2784485B6E4DD161E278274"><enum>(II)</enum><text>To combine or relocate diversion points, remove fish barriers, or for other activities that increase flows or improve habitat in the Yakima River and its tributaries in furtherance of this title.</text>
 </subclause><subclause commented="no" id="id124AB23508914B3A81785B37D0A37FCF"><enum>(III)</enum><text>To implement, in partnership with Federal and non-Federal entities, projects to enhance the health and resilience of the watershed.</text>
 </subclause></clause></subparagraph><subparagraph commented="no" id="idB1542650E82F49E2B11F5639140E9CF2"><enum>(B)</enum><header>Commencement date</header><text>The Secretary shall commence implementation of the activities included under the initial development phase pursuant to this paragraph—</text>
 <clause commented="no" id="id428BF06C1714449CA79247E1C93DCE5D"><enum>(i)</enum><text>on the date of enactment of this section; and</text> </clause><clause commented="no" id="idB3051B8CEF5C47DC9BFBD19D64583275"><enum>(ii)</enum><text>on completion of applicable feasibility studies, environmental reviews, and cost-benefit analyses that include favorable recommendations for further project development.</text>
								</clause></subparagraph></paragraph><paragraph commented="no" id="id42A9AF7787194BA982069C8326796EBF"><enum>(3)</enum><header>Intermediate and final phases</header>
 <subparagraph commented="no" id="id0B35E305304B48D48BCDE511C3711BFA"><enum>(A)</enum><header>In general</header><text>The Secretary, in coordination with the State of Washington and in consultation with the Yakama Nation, shall develop plans for intermediate and final development phases of the Integrated Plan to achieve the purposes of this Act, including conducting applicable feasibility studies, environmental reviews, and other relevant studies needed to develop the plans.</text>
 </subparagraph><subparagraph commented="no" id="id32EA3B9A3AE3486D84155366C9B8215B"><enum>(B)</enum><header>Intermediate phase</header><text>The Secretary shall develop an intermediate development phase to implement the Integrated Plan that, subject to authorization and appropriation, would commence not later than 10 years after the date of enactment of this section.</text>
 </subparagraph><subparagraph commented="no" id="idC0135471E1784F7E8D9D9E58DA366736"><enum>(C)</enum><header>Final phase</header><text>The Secretary shall develop a final development phase to implement the Integrated Plan that, subject to authorization and appropriation, would commence not later than 20 years after the date of enactment of this section.</text>
 </subparagraph></paragraph><paragraph commented="no" id="id287405FEC423452EAE2469C3DB589B60"><enum>(4)</enum><header>Contingencies</header><text>The implementation by the Secretary of projects and activities identified for implementation under the Integrated Plan shall be—</text>
 <subparagraph commented="no" id="id32FD7F5EAF9C4855A14D096454D75A42"><enum>(A)</enum><text>subject to authorization and appropriation;</text> </subparagraph><subparagraph commented="no" id="id73904A839A5941E8A15BFE4CA474B56D"><enum>(B)</enum><text>contingent on the completion of applicable feasibility studies, environmental reviews, and cost-benefit analyses that include favorable recommendations for further project development;</text>
 </subparagraph><subparagraph commented="no" id="idF43AF1CB6519471CB693A70C173CF611"><enum>(C)</enum><text>implemented on public review and a determination by the Secretary that design, construction, and operation of a proposed project or activity is in the best interest of the public; and</text>
 </subparagraph><subparagraph commented="no" id="idB43DE79F8DDA42308D333C0F5D77186B"><enum>(D)</enum><text>in compliance with all applicable laws, including the National Environmental Policy Act of 1969 (<external-xref legal-doc="usc" parsable-cite="usc/42/4321">42 U.S.C. 4321</external-xref> et seq.) and the Endangered Species Act of 1973 (<external-xref legal-doc="usc" parsable-cite="usc/16/1531">16 U.S.C. 1531</external-xref> et seq.).</text>
							</subparagraph></paragraph><paragraph commented="no" id="idC66ED3809EB044FDA1A3D864AD1AB8BE"><enum>(5)</enum><header>Progress report</header>
 <subparagraph commented="no" id="id93A923C0D7E441B3BC340B7B0F09430A"><enum>(A)</enum><header>In general</header><text>Not later than 5 years after the date of enactment of this section, the Secretary, in conjunction with the State of Washington and in consultation with the Yakama Nation, shall submit to the Committee on Energy and Natural Resources of the Senate and the Committee on Natural Resources of the House of Representatives a progress report on the development and implementation of the Integrated Plan.</text>
 </subparagraph><subparagraph commented="no" id="idD462A92A446742EB97F616D9A5F4B005"><enum>(B)</enum><header>Requirements</header><text>The progress report under this paragraph shall—</text> <clause commented="no" id="idCBEC8421D8374D85A8A6A7DB3A092767"><enum>(i)</enum><text>provide a review and reassessment, if needed, of the objectives of the Integrated Plan, as applied to all elements of the Integrated Plan;</text>
 </clause><clause commented="no" id="id0284905D6C2340FA92D6392064C23265"><enum>(ii)</enum><text>assess, through performance metrics developed at the initiation of, and measured throughout the implementation of, the Integrated Plan, the degree to which the implementation of the initial development phase addresses the objectives and all elements of the Integrated Plan;</text>
 </clause><clause commented="no" id="idAFB859B95F824D18B8D53EECA0E86C26"><enum>(iii)</enum><text>identify the amount of Federal funding and non-Federal contributions received and expended during the period covered by the report;</text>
 </clause><clause commented="no" id="idC7D88735D3964B45B7579B45DBBA197E"><enum>(iv)</enum><text>describe the pace of project development during the period covered by the report;</text> </clause><clause commented="no" id="idA95D6484CBCA43B99C573762205B5B42"><enum>(v)</enum><text>identify additional projects and activities proposed for inclusion in any future phase of the Integrated Plan to address the objectives of the Integrated Plan, as applied to all elements of the Integrated Plan; and</text>
 </clause><clause commented="no" id="idF5E1E772B2F746718CC217844A43FE2C"><enum>(vi)</enum><text>for water supply projects—</text> <subclause commented="no" id="id88E97BD4531143A1B2D95F17CC00345E"><enum>(I)</enum><text>provide a preliminary discussion of the means by which—</text>
 <item commented="no" id="idE9203ABC64C9427DB9BF737BF82BC718"><enum>(aa)</enum><text>water and costs associated with each recommended project would be allocated among authorized uses; and</text>
 </item><item commented="no" id="idE8EBC8CFE8064C608B41C63B5E44336B"><enum>(bb)</enum><text>those allocations would be consistent with the objectives of the Integrated Plan; and</text> </item></subclause><subclause commented="no" id="id9904540902124D47AAA08AE47446538B"><enum>(II)</enum><text>establish a plan for soliciting and formalizing subscriptions among individuals and entities for participation in any of the recommended water supply projects that will establish the terms for participation, including fiscal obligations associated with subscription.</text>
									</subclause></clause></subparagraph></paragraph></subsection><subsection commented="no" id="id9E673DB662D04EDFB7D9C00FFDE2520C"><enum>(b)</enum><header>Financing, construction, operation, and maintenance of Kachess Drought Relief Pumping Plant and K
			 to K Pipeline</header>
 <paragraph commented="no" id="idF68D97F33DE745D6946BC2DB42997AE3"><enum>(1)</enum><header>Agreements</header><text>Long-term agreements negotiated between the Secretary and participating proratable irrigation entities in the Yakima Basin for the non-Federal financing, construction, operation, and maintenance of the Drought Relief Pumping Plant and K to K Pipeline shall include provisions regarding—</text>
 <subparagraph commented="no" id="id4F6F1DFD9B5042358137DD17F35038BC"><enum>(A)</enum><text>responsibilities of the participating proratable irrigation entities for the planning, design, and construction of infrastructure in consultation and coordination with the Secretary;</text>
 </subparagraph><subparagraph commented="no" id="id4D7F03438CA14FFD9827FED1662D246C"><enum>(B)</enum><text>property titles and responsibilities of the participating proratable irrigation entities for the maintenance of and liability for all infrastructure constructed under this title;</text>
 </subparagraph><subparagraph commented="no" id="id080C5CE1A8AD4B2E93CD305F9917BC4B"><enum>(C)</enum><text>operation and integration of the projects by the Secretary in the operation of the Yakima Project;</text> </subparagraph><subparagraph commented="no" id="id01E2A0444BC74063BFEB42929D73FC22"><enum>(D)</enum><text>costs associated with the design, financing, construction, operation, maintenance, and mitigation of projects, with the costs of Federal oversight and review to be nonreimbursable to the participating proratable irrigation entities and the Yakima Project; and</text>
 </subparagraph><subparagraph commented="no" id="id330865E24FBA43AA94AA5A6FCD9870BD"><enum>(E)</enum><text>responsibilities for the pumping and operational costs necessary to provide the total water supply available made inaccessible due to drought pumping during the preceding 1 or more calendar years, in the event that the Kachess Reservoir fails to refill as a result of pumping drought storage water during the preceding 1 or more calendar years, which shall remain the responsibility of the participating proratable irrigation entities.</text>
							</subparagraph></paragraph><paragraph commented="no" id="idFF0AA1EE0655471E8EECBE89FF741A49"><enum>(2)</enum><header>Use of Kachess Reservoir stored water</header>
 <subparagraph commented="no" id="idD3C58B214D374CB2942DB644672128C5"><enum>(A)</enum><header>In general</header><text>The additional stored water made available by the construction of facilities to access and deliver inactive storage in Kachess Reservoir under subsection (a)(2)(A)(ii)(I) shall—</text>
 <clause commented="no" id="idD3A1F07860ED43FA9570CAA88BE18B8D"><enum>(i)</enum><text>be considered to be Yakima Project water;</text> </clause><clause commented="no" id="idF1BA4FCCD18549B181AEE0A9CEA295E6"><enum>(ii)</enum><text>not be part of the total water supply available, as that term is defined in various court rulings; and</text>
 </clause><clause commented="no" id="id1471AD1CA16B432089C6B2E2687404AF"><enum>(iii)</enum><text>be used exclusively by the Secretary—</text> <subclause commented="no" id="idEC3A0C7B30384FB287875612AF310F9A"><enum>(I)</enum><text>to enhance the water supply in years when the total water supply available is not sufficient to provide 70 percent of proratable entitlements in order to make that additional water available up to 70 percent of proratable entitlements to the Kittitas Reclamation District, the Roza Irrigation District, or other proratable irrigation entities participating in the construction, operation, and maintenance costs of the facilities under this title under such terms and conditions to which the districts may agree, subject to the conditions that—</text>
 <item commented="no" id="idC6B3892F37364F11913E89180C238B31"><enum>(aa)</enum><text>the Bureau of Indian Affairs, the Wapato Irrigation Project, and the Yakama Nation, on an election to participate, may also obtain water from Kachess Reservoir inactive storage to enhance applicable existing irrigation water supply in accordance with such terms and conditions to which the Bureau of Indian Affairs and the Yakama Nation may agree; and</text>
 </item><item commented="no" id="id183C12F4800841E3B11F4C9059B0F702"><enum>(bb)</enum><text>the additional supply made available under this clause shall be available to participating individuals and entities in proportion to the proratable entitlements of the participating individuals and entities, or in such other proportion as the participating entities may agree; and</text>
 </item></subclause><subclause commented="no" id="idA9D93E5A11F74B798849B10A9F917FCE"><enum>(II)</enum><text>to facilitate reservoir operations in the reach of the Yakima River between Keechelus Dam and Easton Dam for the propagation of anadromous fish.</text>
 </subclause></clause></subparagraph><subparagraph commented="no" id="id26D423B8E94747F482F70A4DF9EF674A"><enum>(B)</enum><header>Effect of paragraph</header><text>Nothing in this paragraph affects (as in existence on the date of enactment of this section) any contract, law (including regulations) relating to repayment costs, water right, or Yakama Nation treaty right.</text>
 </subparagraph></paragraph><paragraph commented="no" id="idBD95B3F7AB3D4C8DB82D7690249A0F26"><enum>(3)</enum><header>Commencement</header><text>The Secretary shall not commence entering into agreements pursuant to subsection (a)(2)(A)(ii) or subsection (b)(1) or implementing any activities pursuant to the agreements before the date on which—</text>
 <subparagraph commented="no" id="id9CB3485D8C3B4DE8B114598FA4B6FFC8"><enum>(A)</enum><text>all applicable and required feasibility studies, environmental reviews, and cost-benefit analyses have been completed and include favorable recommendations for further project development, including an analysis of—</text>
 <clause commented="no" id="id0BCF02A4E4BB4AC293A43EA0951BC692"><enum>(i)</enum><text>the impacts of the agreements and activities conducted pursuant to subsection (a)(2)(A)(ii) on adjacent communities, including potential fire hazards, water access for fire districts, community and homeowner wells, future water levels based on projected usage, recreational values, and property values; and</text>
 </clause><clause commented="no" id="idA41C68D0181243C7947CF534BB3F98ED"><enum>(ii)</enum><text>specific options and measures for mitigating the impacts, as appropriate;</text> </clause></subparagraph><subparagraph commented="no" id="idA8FE0377F48E46AD8326E92BB2946D22"><enum>(B)</enum><text>the Secretary has made the agreements and any applicable project designs, operations plans, and other documents available for public review and comment in the Federal Register for a period of not less than 60 days; and</text>
 </subparagraph><subparagraph commented="no" id="idF03796306CA64DBBB675FE9088D2E75C"><enum>(C)</enum><text>the Secretary has made a determination, consistent with applicable law, that the agreements and activities to which the agreements relate—</text>
 <clause commented="no" id="idD27D94257FBA490A8A161F6870131417"><enum>(i)</enum><text>are in the public interest; and</text> </clause><clause commented="no" id="idAA997BE2FBDC4311A546C50FF7D16AFD"><enum>(ii)</enum><text>could be implemented without significant adverse impacts to the environment.</text>
								</clause></subparagraph></paragraph><paragraph commented="no" id="id1D16746F1D204607964FAB1505C2561A"><enum>(4)</enum><header>Electrical power associated with Kachess drought relief pumping plant</header>
 <subparagraph commented="no" id="id4C561B7AE64C455D9FECEF2F5FDBB5A3"><enum>(A)</enum><header>In general</header><text>The Administrator of the Bonneville Power Administration, pursuant to the Pacific Northwest Electric Power Planning and Conservation Act (<external-xref legal-doc="usc" parsable-cite="usc/16/839">16 U.S.C. 839</external-xref> et seq.), shall provide to the Secretary project power to operate the Kachess Pumping Plant constructed under this title if inactive storage in Kachess Reservoir is needed to provide drought relief for irrigation, subject to the requirements of subparagraphs (B) and (C).</text>
 </subparagraph><subparagraph commented="no" id="idA5782FDBB8D4472B8824A411BF1521C9"><enum>(B)</enum><header>Determination</header><text>Power may be provided under subparagraph (A) only if—</text> <clause commented="no" id="id9AD7800BB5514110BFBFB976D7661D72"><enum>(i)</enum><text>there is in effect a drought declaration issued by the State of Washington;</text>
 </clause><clause commented="no" id="id66ECC40F8B5E4AEBA5E24DF68D0B66B3"><enum>(ii)</enum><text>there are conditions that have led to 70 percent or less water delivery to proratable irrigation districts, as determined by the Secretary; and</text>
 </clause><clause commented="no" id="id3EA7FABE3AE84C0BA367E095BCDC45B6"><enum>(iii)</enum><text>the Secretary determines that it is appropriate to provide power under that subparagraph.</text> </clause></subparagraph><subparagraph commented="no" id="id347560890FB94CD39108C573760082F9"><enum>(C)</enum><header>Period of availability</header><text>Power under subparagraph (A) shall be provided until the date on which the Secretary determines that power should no longer be provided under that subparagraph, but for not more than a 1-year period or the period during which the Secretary determines that drought mitigation measures are necessary in the Yakima River basin.</text>
 </subparagraph><subparagraph commented="no" id="id531AB66028B74AA3B79A38C4A2599AA9"><enum>(D)</enum><header>Rate</header><text>The Administrator of the Bonneville Power Administration shall provide power under subparagraph (A) at the then-applicable lowest Bonneville Power Administration rate for public body, cooperative, and Federal agency customers firm obligations, which as of the date of enactment of this section is the priority firm Tier 1 rate, and shall not include any irrigation discount.</text>
 </subparagraph><subparagraph commented="no" id="id1B6672AA892441248D3F07A0D51AB66B"><enum>(E)</enum><header>Local provider</header><text>During any period in which power is not being provided under subparagraph (A), the power needed to operate the Kachess Pumping Plant shall be obtained by the Secretary from a local provider.</text>
 </subparagraph><subparagraph commented="no" id="id77DF7904E77743759E1189CD014A77B6"><enum>(F)</enum><header>Costs</header><text>The cost of power for such pumping, station service power, and all costs of transmitting power from the Federal Columbia River Power System to the Yakima Enhancement Project pumping facilities shall be borne by irrigation districts receiving the benefits of that water.</text>
 </subparagraph><subparagraph commented="no" id="idEE749AAAA2284997A9853660E83E8F07"><enum>(G)</enum><header>Duties of commissioner</header><text>The Commissioner of Reclamation shall be responsible for arranging transmission for deliveries of Federal power over the Bonneville system through applicable tariff and business practice processes of the Bonneville system and for arranging transmission for deliveries of power obtained from a local provider.</text>
							</subparagraph></paragraph></subsection><subsection commented="no" id="idDB184A79317B49DE831CB4890769325C"><enum>(c)</enum><header>Design and use of groundwater recharge projects</header>
 <paragraph commented="no" id="idD5C47027000B48139311CB92F9B082DF"><enum>(1)</enum><header>In general</header><text>Any water supply that results from an aquifer storage and recovery project shall not be considered to be a part of the total water supply available if—</text>
 <subparagraph commented="no" id="idA5A7B5475F1642ECB2A35F7E89DE9C8F"><enum>(A)</enum><text>the water for the aquifer storage and recovery project would not be available for use, but instead for the development of the project;</text>
 </subparagraph><subparagraph commented="no" id="id97169AC8025E4A558FB61F64E4EAA8ED"><enum>(B)</enum><text>the aquifer storage and recovery project will not otherwise impair any water supply available for any individual or entity entitled to use the total water supply available; and</text>
 </subparagraph><subparagraph commented="no" id="id37EE8D4DA5624A07A235D5C0751094E4"><enum>(C)</enum><text>the development of the aquifer storage and recovery project will not impair fish or other aquatic life in any localized stream reach.</text>
 </subparagraph></paragraph><paragraph commented="no" id="idB7137E0FEF874B65B894CA1BB5143B50"><enum>(2)</enum><header>Project types</header><text>The Secretary may provide technical assistance for, and participate in, any of the following 3 types of groundwater recharge projects (including the incorporation of groundwater recharge projects into Yakima Project operations, as appropriate):</text>
 <subparagraph commented="no" id="id92784171033C4B83ACA6ED2DF82370D1"><enum>(A)</enum><text>Aquifer recharge projects designed to redistribute Yakima Project water within a water year for the purposes of supplementing stream flow during the irrigation season, particularly during storage control, subject to the condition that if such a project is designed to supplement a mainstem reach, the water supply that results from the project shall be credited to instream flow targets, in lieu of using the total water supply available to meet those targets.</text>
 </subparagraph><subparagraph commented="no" id="id8CFC035855DC40CCA0DA99727596B149"><enum>(B)</enum><text>Aquifer storage and recovery projects that are designed, within a given water year or over multiple water years—</text>
 <clause commented="no" id="idD6CA5BDFDB184E2E95D21A926A6A1E85"><enum>(i)</enum><text>to supplement or mitigate for municipal uses;</text> </clause><clause commented="no" id="idE6EF87A2E96E45C9876D36D45054E464"><enum>(ii)</enum><text>to supplement municipal supply in a subsurface aquifer; or</text>
 </clause><clause commented="no" id="id381BEFB46EBD4E56970254AA499AD8BC"><enum>(iii)</enum><text>to mitigate the effect of groundwater use on instream flow or senior water rights.</text> </clause></subparagraph><subparagraph commented="no" id="id3B0EF27332E74780A1072A8149531BAF"><enum>(C)</enum><text>Aquifer storage and recovery projects designed to supplement existing irrigation water supply, or to store water in subsurface aquifers, for use by the Kittitas Reclamation District, the Roza Irrigation District, or any other proratable irrigation entity participating in the repayment of the construction, operation, and maintenance costs of the facilities under this section during years in which the total water supply available is insufficient to provide to those proratable irrigation entities all water to which the entities are entitled, subject to the conditions that—</text>
 <clause commented="no" id="id3E720DF474C445AC8C45ABCB86F461CC"><enum>(i)</enum><text>the Bureau of Indian Affairs, the Wapato Irrigation Project, and the Yakama Nation, on an election to participate, may also obtain water from aquifer storage to enhance applicable existing irrigation water supply in accordance with such terms and conditions to which the Bureau of Indian Affairs and the Yakama Nation may agree; and</text>
 </clause><clause commented="no" id="id519801EBEF9E4469886E530358C8D111"><enum>(ii)</enum><text>nothing in this subparagraph affects (as in existence on the date of enactment of this section) any contract, law (including regulations) relating to repayment costs, water right, or Yakama Nation treaty right.</text>
								</clause></subparagraph></paragraph></subsection><subsection commented="no" id="id752DB4C9F322428E91A0800B5CAFB5C5"><enum>(d)</enum><header>Federal cost-Share</header>
 <paragraph commented="no" id="id96E446639D994DEFA6D6B4D60831C3FA"><enum>(1)</enum><header>In general</header><text>The Federal cost-share of a project carried out under this section shall be determined in accordance with the applicable laws (including regulations) and policies of the Bureau of Reclamation.</text>
 </paragraph><paragraph commented="no" id="id5318C32A51C9428BBB8E0B18BEB33CA7"><enum>(2)</enum><header>Initial phase</header><text>The Federal cost-share for the initial development phase of the Integrated Plan shall not exceed 50 percent of the total cost of the initial development phase.</text>
 </paragraph><paragraph commented="no" id="idDB8F40C03CFC46528A2D6A26CE6F6FB2"><enum>(3)</enum><header>State and other contributions</header><text>The Secretary may accept as part of the non-Federal cost-share of a project carried out under this section, and expend as if appropriated, any contribution (including in-kind services) by the State of Washington or any other individual or entity that the Secretary determines will enhance the conduct and completion of the project.</text>
 </paragraph><paragraph commented="no" id="idA5E38B6092F04B498AA04321F439656F"><enum>(4)</enum><header>Limitation on use of other Federal funds</header><text>Except as otherwise provided in this title, other Federal funds may not be used to provide the non-Federal cost-share of a project carried out under this section.</text>
 </paragraph></subsection><subsection commented="no" id="idB6DA646F89C340349CA8DBD45B3F9530"><enum>(e)</enum><header>Savings and contingencies</header><text>Nothing in this section shall—</text> <paragraph commented="no" id="id1B76A72796BC4DD9AC4399C36C179F89"><enum>(1)</enum><text>be a new or supplemental benefit for purposes of the Reclamation Reform Act of 1982 (<external-xref legal-doc="usc" parsable-cite="usc/43/390aa">43 U.S.C. 390aa</external-xref> et seq.);</text>
 </paragraph><paragraph commented="no" id="id834CF79C68A542B6939E329F3FE8CB66"><enum>(2)</enum><text>affect any contract in existence on the date of enactment of this section that was executed pursuant to the reclamation laws;</text>
 </paragraph><paragraph commented="no" id="id1E8E32DB53B148F884F61CF86DA11788"><enum>(3)</enum><text>affect any contract or agreement between the Bureau of Indian Affairs and the Bureau of Reclamation;</text>
 </paragraph><paragraph commented="no" id="idA670D89DE9704E49896CC1AC3EF8346B"><enum>(4)</enum><text>affect, waive, abrogate, diminish, define, or interpret the treaty between the Yakama Nation and the United States; or</text>
 </paragraph><paragraph commented="no" id="id67E6B2552DF147C690F6A4106C6B3906"><enum>(5)</enum><text>constrain the continued authority of the Secretary to provide fish passage in the Yakima Basin in accordance with the Hoover Power Plant Act of 1984 (<external-xref legal-doc="usc" parsable-cite="usc/43/619">43 U.S.C. 619</external-xref> et seq.).</text>
 </paragraph></subsection></section><section commented="no" display-inline="no-display-inline" id="id1BABE177645243C9B32BB2E92FDA54BB" section-type="subsequent-section"><enum>1214.</enum><header>Operational control of water supplies</header><text display-inline="no-display-inline">The Secretary shall retain authority and discretion over the management of project supplies to optimize operational use and flexibility to ensure compliance with all applicable Federal and State laws, treaty rights of the Yakama Nation, and legal obligations, including those contained in this Act. That authority and discretion includes the ability of the United States to store, deliver, conserve, and reuse water supplies deriving from projects authorized under this title.</text></section><after-quoted-block>.</after-quoted-block></quoted-block></section></legis-body></bill>


