<?xml version="1.0"?>
<?xml-stylesheet type="text/xsl" href="billres.xsl"?>
<!DOCTYPE bill PUBLIC "-//US Congress//DTDs/bill.dtd//EN" "bill.dtd">
<bill bill-stage="Introduced-in-Senate" dms-id="A1" public-private="public"><metadata xmlns:dc="http://purl.org/dc/elements/1.1/">
<dublinCore>
<dc:title>115 S131 IS: Alaska Mental Health Trust Land Exchange Act of 2017</dc:title>
<dc:publisher>U.S. Senate</dc:publisher>
<dc:date>2017-01-12</dc:date>
<dc:format>text/xml</dc:format>
<dc:language>EN</dc:language>
<dc:rights>Pursuant to Title 17 Section 105 of the United States Code, this file is not subject to copyright protection and is in the public domain.</dc:rights>
</dublinCore>
</metadata>
<form>
<distribution-code display="yes">II</distribution-code><congress>115th CONGRESS</congress><session>1st Session</session><legis-num>S. 131</legis-num><current-chamber>IN THE SENATE OF THE UNITED STATES</current-chamber><action><action-date date="20170112">January 12, 2017</action-date><action-desc><sponsor name-id="S288">Ms. Murkowski</sponsor> (for herself and <cosponsor name-id="S383">Mr. Sullivan</cosponsor>) introduced the following bill; which was read twice and referred to the <committee-name committee-id="SSEG00">Committee on Energy and Natural Resources</committee-name></action-desc></action><legis-type>A BILL</legis-type><official-title>To provide for the exchange of certain National Forest System land and non-Federal land in the
			 State of Alaska, and for other purposes.</official-title></form>
	<legis-body>
 <section id="idaf4ffb71219849bf9ea979f761b96b3a" section-type="section-one"><enum>1.</enum><header>Short title</header><text display-inline="no-display-inline">This Act may be cited as the <quote><short-title>Alaska Mental Health Trust Land Exchange Act of 2017</short-title></quote>.</text>
 </section><section id="idb22dcc5fbb394c2daf6a8112d3a5bf49"><enum>2.</enum><header>Purpose</header><text display-inline="no-display-inline">The purpose of this Act is to facilitate, authorize, direct, and expedite the exchange of land between the Alaska Mental Health Trust and the Secretary of Agriculture in accordance with this Act—</text>
 <paragraph id="idb7e87b9c34f24f3fb9f1bff4eef73c6f"><enum>(1)</enum><text>to preserve the scenic and visual backdrops of southeastern Alaska communities, while creating jobs and economic opportunities in more remote areas of the State;</text>
 </paragraph><paragraph id="id2d5dcef3533b4a3fbb0e85b253cf9735"><enum>(2)</enum><text>to secure Federal ownership and protection of non-Federal land in the State that has significant natural, scenic, recreational, and other public values; and</text>
 </paragraph><paragraph id="id531f6f9676e34001bd6ea4b4740cedec"><enum>(3)</enum><text>to contribute to the goals and objectives of the Alaska Mental Health Trust.</text> </paragraph></section><section id="id676e3cb150e248c58a4770ea4e68d91a"><enum>3.</enum><header>Definitions</header><text display-inline="no-display-inline">In this Act:</text>
 <paragraph id="id7b68113b71bf42189690de872f72f4d0"><enum>(1)</enum><header>Alaska Mental Health Trust</header><text>The term <term>Alaska Mental Health Trust</term> means the Alaska Mental Health Trust Authority, an agency of the State.</text> </paragraph><paragraph id="ide8467c21c7204363a44df7b4264b18c5"><enum>(2)</enum><header>Federal land</header><text>The term <term>Federal land</term> means the following 7 parcels of National Forest System land, as generally depicted on maps 7 through 9, comprising a total of approximately 20,580 acres:</text>
 <subparagraph id="idE34B023271254F2AAC6602DAC212F199"><enum>(A)</enum><text>The parcel generally depicted as <quote>Naukati Phase 1</quote> on map 8, comprising approximately 2,400 acres.</text> </subparagraph><subparagraph id="id50D966C5D73145788600B45E9A7DA98D"><enum>(B)</enum><text>The parcel generally depicted as <quote>West Naukati</quote> on map 8, comprising approximately 4,182 acres.</text>
 </subparagraph><subparagraph id="id07641BAD190445ED96F6F2D63098E70B"><enum>(C)</enum><text>The parcel generally depicted as <quote>North Naukati</quote> on map 8, comprising approximately 1,311 acres.</text> </subparagraph><subparagraph id="idB16970E0B3174EADB8070B3ED8FB7ACC"><enum>(D)</enum><text>The parcel generally depicted as <quote>East Naukati/2016 Naukati addition</quote> on map 8, comprising approximately 1,067 acres.</text>
 </subparagraph><subparagraph id="id4CDCC3A7EF7C403AB5492477FF5F6050"><enum>(E)</enum><text>The parcel generally depicted as <quote>Central Naukati</quote> on map 8, comprising approximately 1,858 acres.</text> </subparagraph><subparagraph id="id3AE4F98AE87440859DC0DE66CD7A2C74"><enum>(F)</enum><text>The parcel generally depicted as <quote>Hollis</quote> on map 9, comprising approximately 1,538 acres.</text>
 </subparagraph><subparagraph id="id711E3B78C4784C0DBCBB90B843383797"><enum>(G)</enum><text>The parcel generally depicted as <quote>Shelter Cove Area</quote> on map 7, comprising approximately 8,224 acres.</text> </subparagraph></paragraph><paragraph id="id047A4479D5314F8382E4DA16E497E0DF"><enum>(3)</enum><header>Map</header><text>The term <term>map</term> means the applicable map prepared by the Alaska Region of the Forest Service entitled <quote>Alaska Mental Health Trust Act of 2016</quote>—</text>
 <subparagraph id="idBBAB885B0DD5444C9A941CBC95775F98"><enum>(A)</enum><text>numbered 1, 2, 3, 4, 5, 6, 7, or 9 and dated September 19, 2016; or</text> </subparagraph><subparagraph id="id14241A9A106F4881AF6930D9E552EAB6"><enum>(B)</enum><text>numbered 8 and dated November 28, 2016.</text>
 </subparagraph></paragraph><paragraph id="idde2c0aa278674cb88870d3534bf44093"><enum>(4)</enum><header>Non-Federal land</header><text>The term <term>non-Federal land</term> means the following 20 parcels of non-Federal land, as generally depicted on maps 1 through 6, comprising a total of approximately 17,341 acres:</text>
 <subparagraph id="id0CE472D163C44FACB15E9FBE7D6BDD14"><enum>(A)</enum><text>The parcel generally depicted as parcel K–1 on map 1, comprising approximately 1,878 acres.</text> </subparagraph><subparagraph id="id6F85DD3437824CC7BDE8369AD527E627"><enum>(B)</enum><text>The parcel generally depicted as parcel K–2 on map 1, comprising approximately 707 acres.</text>
 </subparagraph><subparagraph id="idCCE1A940650B4B51BFF07F8E5EA8F0AC"><enum>(C)</enum><text>The parcel generally depicted as parcel K–3 on map 1, comprising approximately 901 acres, including the 12-acre conservation easement described in section 4(e)(1).</text>
 </subparagraph><subparagraph id="idB7456B6ADF9D42F784EF71F86EF44678"><enum>(D)</enum><text>The parcel generally depicted as parcel K–4A on map 1, comprising approximately 3,180 acres.</text>
 </subparagraph><subparagraph id="id44D3A6239E16498E803929C5A6DF50E0"><enum>(E)</enum><text>The parcel generally depicted as parcel P–1A on map 2, comprising approximately 3,174 acres, including the administrative site described in section 5(c).</text>
 </subparagraph><subparagraph id="id2417099659104D94877287DB0A07B01A"><enum>(F)</enum><text>The parcel generally depicted as parcel P–1B on map 2, comprising approximately 144 acres.</text>
 </subparagraph><subparagraph id="id524717B9336D492993394CDEF4689CD9"><enum>(G)</enum><text>The parcel generally depicted as parcel P–2B on map 2, comprising approximately 181 acres.</text>
 </subparagraph><subparagraph id="id6681F86D81124A9796D5A632586F01ED"><enum>(H)</enum><text>The parcel generally depicted as parcel P–3B on map 2, comprising approximately 92 acres.</text>
 </subparagraph><subparagraph id="idD0943C4BB7114DC0AAD97FC6DD1CAFE9"><enum>(I)</enum><text>The parcel generally depicted as parcel P–4 on map 2, comprising approximately 280 acres.</text> </subparagraph><subparagraph id="id2CB5CD26EE8D467497834496B7E40591"><enum>(J)</enum><text>The parcel generally depicted as parcel W–1 on map 3, comprising approximately 204 acres.</text>
 </subparagraph><subparagraph id="id1806CCFE617F4BE389E7C9F6B48964E0"><enum>(K)</enum><text>The parcel generally depicted as parcel W–2 on map 3, comprising approximately 104 acres.</text> </subparagraph><subparagraph id="id3BBFF103D36D4536971B5840D80904F0"><enum>(L)</enum><text>The parcel generally depicted as parcel W–3 on map 3, comprising approximately 63 acres.</text>
 </subparagraph><subparagraph id="id8921CA17207747A390558B17BACAE3AC"><enum>(M)</enum><text>The parcel generally depicted as parcel W–4 on map 3, comprising approximately 700 acres.</text> </subparagraph><subparagraph id="id16B9F0FB9E64465ABE46D10EAA43D5EB"><enum>(N)</enum><text>The parcel generally depicted as parcel S–1 on map 4, comprising approximately 2,456 acres.</text>
 </subparagraph><subparagraph id="id4A50FC1E68CE4E62BC03071D8D3DCAFD"><enum>(O)</enum><text>The parcel generally depicted as parcel S–2 on map 4, comprising approximately 284 acres.</text> </subparagraph><subparagraph id="id9448F2E3EF99420699B1457789DEFBED"><enum>(P)</enum><text>The parcel generally depicted as parcel S–3 on map 4, comprising approximately 109 acres.</text>
 </subparagraph><subparagraph id="id4DA0446220714032831DB3AA26327994"><enum>(Q)</enum><text>The parcel generally depicted as parcel S–4 on map 4, comprising approximately 26 acres.</text>
 </subparagraph><subparagraph id="idE4A11D07FE5C4DEC84F4DF1F4FE7C4E8"><enum>(R)</enum><text>The parcel generally depicted as parcel MC–1 on map 5, comprising approximately 169 acres.</text>
 </subparagraph><subparagraph id="id067C5D45F94D465F8D8D6F2B44D0FD8D"><enum>(S)</enum><text>The parcel generally depicted as parcel J–1B on map 6, comprising approximately 2,261 acres.</text>
 </subparagraph><subparagraph id="id2367D2A387224636BBE9B09BACF596D6"><enum>(T)</enum><text>The parcel generally depicted as parcel J–1A on map 6, comprising approximately 428 acres.</text>
 </subparagraph></paragraph><paragraph id="id328471be3e2e4a09a2bc8b84c85252cc"><enum>(5)</enum><header>Secretary</header><text>The term <term>Secretary</term> means the Secretary of Agriculture.</text> </paragraph></section><section id="idb36f3a6f3a524c4094e67ca17bdd588a"><enum>4.</enum><header>Land exchange</header> <subsection id="id46aba213210e422c81df3059ac04af28"><enum>(a)</enum><header>In general</header><text>If the Alaska Mental Health Trust offers to convey to the Secretary, in the 2 phases described in subsection (n), all right, title, and interest of the Alaska Mental Health Trust in and to the non-Federal land, the Secretary shall simultaneously convey to the Alaska Mental Health Trust, in the 2 phases described in subsection (n), all right, title, and interest of the United States in and to the Federal land.</text>
 </subsection><subsection id="idA5B536593FF54123A83C84052AA21D97"><enum>(b)</enum><header>Condition on acceptance</header><text>Title to any non-Federal land conveyed by the Alaska Mental Health Trust to the Secretary under subsection (a) shall be in a form that is acceptable to the Secretary.</text>
 </subsection><subsection id="id0bfc18adae584985b250c080903391f1"><enum>(c)</enum><header>Valid existing rights</header><text>Unless otherwise agreed to by the Secretary and the Alaska Mental Health Trust, the conveyances under subsection (a) shall be subject to any valid existing rights, reservations, rights-of-way, or other encumbrances of third parties in, to, or on the Federal land and the non-Federal land as of the date of enactment of this Act.</text>
			</subsection><subsection id="idc01901f8fc1940b99b8a272377e2ffbc"><enum>(d)</enum><header>Reciprocal road easements</header>
 <paragraph id="idEBDF965E795C49799EAFB9091A141CEF"><enum>(1)</enum><header>In general</header><text>In conveying the Federal land and the non-Federal land under subsection (a), the Secretary and the Alaska Mental Health Trust shall exchange at no cost reciprocal easements on existing roads as necessary to access the parcels each party acquires in the exchange.</text>
 </paragraph><paragraph id="idC0E67606C1CF43BFB90E3521CDAF0C8F"><enum>(2)</enum><header>Public access</header><text>The reciprocal easements exchanged under paragraph (1) shall provide for public access.</text> </paragraph><paragraph commented="no" display-inline="no-display-inline" id="id6DC59C22911146548BFFAF1FD503787C"><enum>(3)</enum><header>Cost-share agreement</header><text>The Secretary and the Alaska Mental Health Trust may enter into a separate cost-share agreement to cover the cost of road maintenance with respect to the reciprocal easements exchanged under paragraph (1).</text>
				</paragraph></subsection><subsection id="idb45fd1b5938b4a25b89dc682a767a73a"><enum>(e)</enum><header>K–3 parcel landfill buffer</header>
 <paragraph id="id4E13FA6D6D2A43ECB7DBE4C78653D4AA"><enum>(1)</enum><header>In general</header><text>As a condition of the exchange under subsection (a), in conveying the parcel of non-Federal land described in section 3(4)(C) to the United States, the Alaska Mental Health Trust shall grant to the United States a 300-foot conservation easement abutting that parcel along the interface of the parcel and the City of Ketchikan landfill (as in existence on the date of enactment of this Act), as generally depicted on map 1.</text>
 </paragraph><paragraph id="id63524AB134534A0AB9BE4C319780EA87"><enum>(2)</enum><header>Development and ownership</header><text>The conservation easement described in paragraph (1) shall remain undeveloped and in the ownership of the Alaska Mental Health Trust.</text>
 </paragraph><paragraph id="id4f690ad937aa4d9383fa254c67af6845"><enum>(3)</enum><header>Equalization</header><text>The value of the conservation easement described in paragraph (1) shall be included in the value of the non-Federal land for purposes of equalizing the values of the Federal land and the non-Federal land under subsection (j).</text>
				</paragraph></subsection><subsection id="idf20b08eaacfa4bf298abadda6482d51c"><enum>(f)</enum><header>Research easements</header>
 <paragraph id="id55F7E83454DC4625996293D72CD5C4EE"><enum>(1)</enum><header>In general</header><text>In order to allow time for the completion of research activities of the Forest Service that are ongoing as of the date of enactment of this Act, in conveying the Federal land to the Alaska Mental Health Trust under subsection (a), the Secretary shall reserve research easements for the following Forest Service study plots (as in existence on the date of enactment of this Act):</text>
 <subparagraph id="id3aeb90af06954382b8e68e781b09a317"><enum>(A)</enum><text>The Sarkar research easement study plot on the parcel of Federal land described in section 3(2)(B), as generally depicted on map 8, to remain in effect for the 10-year period beginning on the date of enactment of this Act.</text>
 </subparagraph><subparagraph id="idF1064FE89B584BFE84A8F3B0E37481E8"><enum>(B)</enum><text>The Naukati commercial thinning study plot on the parcel of Federal land described in section 3(2)(B), as generally depicted on map 8, to remain in effect for the 15-year period beginning on the date of enactment of this Act.</text>
 </subparagraph><subparagraph id="id3E41717E95824E69AEE20280247DA84F"><enum>(C)</enum><text>The POW Yatuk study plot on the parcel of Federal land described in section 3(2)(A), as generally depicted on map 8, to remain in effect for the 10-year period beginning on the date of enactment of this Act.</text>
 </subparagraph><subparagraph id="idD6B8F3DB74A04EE48D9DE5BC560A00E3"><enum>(D)</enum><text>The POW Naukati study plot on the parcel of Federal land described in section 3(2)(D), as generally depicted on map 8, to remain in effect for the 10-year period beginning on the date of enactment of this Act.</text>
 </subparagraph><subparagraph id="id8BC4B1AFD9C34BFD8969557AE86E7C1C"><enum>(E)</enum><text>The Revilla George study plot on the parcel of Federal land described in section 3(2)(G), as generally depicted on map 8, to remain in effect for the 10-year period beginning on the date of enactment of this Act.</text>
 </subparagraph></paragraph><paragraph id="id585C2936818648829483FCD0C411F457"><enum>(2)</enum><header>Prohibited activities</header><text>The Alaska Mental Health Trust shall not construct any new road or harvest timber on any study plot covered by a research easement described in paragraph (1) during the period described in subparagraph (A), (B), (C), (D), or (E) of that paragraph, as applicable.</text>
				</paragraph></subsection><subsection id="id3fe24041c5394866bbb620e9505b4145"><enum>(g)</enum><header>Area of karst concern</header>
 <paragraph id="idD31DE67C7C2B41C3A7B8BDAA3EEAB81A"><enum>(1)</enum><header>In general</header><text>In conveying the parcels of Federal land described in subparagraphs (A) and (D) of section 3(2) to the Alaska Mental Health Trust under subsection (a), the Secretary shall reserve to the United States a conservation easement that shall protect the aquatic and riparian habitat within the area labeled <quote>Conservation Easement</quote>, as generally depicted on map 8.</text>
 </paragraph><paragraph id="id482EA8215E4C430889F53AEE63353830"><enum>(2)</enum><header>Prohibited activities</header><text>The conservation easement described in paragraph (1) shall prohibit within the area covered by the conservation easement—</text>
 <subparagraph id="idad9d5f372b6b45e1accdfed6a99079ef"><enum>(A)</enum><text>new road construction and timber harvest within 100 feet of any anadromous water bodies (including underground water bodies); and</text>
 </subparagraph><subparagraph id="id7607ec5218c6475da9a4b50b91047b24"><enum>(B)</enum><text>commercial mineral extraction.</text> </subparagraph></paragraph></subsection><subsection id="idacdbb8ed7a3e4dac91a3db19db733daa"><enum>(h)</enum><header>Compliance with applicable law</header><text>Prior to completing each phase of the land exchange described in subsection (n), the Secretary shall complete, for the land to be conveyed in the applicable phase, any necessary land surveys and required preexchange clearances, reviews, mitigation activities, and approvals relating to—</text>
 <paragraph id="id870f3e7807d941e7ac583211c7ace30b"><enum>(1)</enum><text>threatened and endangered species;</text> </paragraph><paragraph id="id5530fa3a156d4705af38c200fbcbbe78"><enum>(2)</enum><text>cultural and historic resources;</text>
 </paragraph><paragraph id="idbd6423d894da4648a3f61fc81913a317"><enum>(3)</enum><text>wetland and floodplains; and</text> </paragraph><paragraph id="idbd64f204605442069bc55cf9bc92c03a"><enum>(4)</enum><text>hazardous materials.</text>
				</paragraph></subsection><subsection id="ida224af67ff4642e68c40a850ccc11857"><enum>(i)</enum><header>Appraisals</header>
 <paragraph id="id1aef58a218ca4397a8d53321f75bd035"><enum>(1)</enum><header>In general</header><text>Not later than 90 days after the date of enactment of this Act—</text> <subparagraph id="id8ca761f5dccf4d7ca3fc0a234b27679c"><enum>(A)</enum><text>the Secretary and the Alaska Mental Health Trust shall select an appraiser to conduct appraisals of the Federal land and the non-Federal land; and</text>
 </subparagraph><subparagraph id="id635dd06e5a5b4fba8f373e38a8e3ea88"><enum>(B)</enum><text>the Secretary shall issue all appraisal instructions for those appraisals.</text> </subparagraph></paragraph><paragraph id="idf4ae0ab8515349298bc64cc45e51c3ad"><enum>(2)</enum><header>Requirements</header> <subparagraph id="idc472febb36004291b6babbd52f0f7b05"><enum>(A)</enum><header>In general</header><text>All appraisals under paragraph (1) shall be conducted in accordance with nationally recognized appraisal standards, including—</text>
 <clause id="id77fe7870ce424f55b3456d866e1e5884"><enum>(i)</enum><text>the Uniform Appraisal Standards for Federal Land Acquisitions; and</text> </clause><clause id="idaaccd4d9a93a4a4a8f2e20adca466e0a"><enum>(ii)</enum><text>the Uniform Standards of Professional Appraisal Practice.</text>
						</clause></subparagraph><subparagraph id="id4df286dc078b4f8a94a957e8e156da38"><enum>(B)</enum><header>Final appraised value</header>
 <clause id="id11982a9aec71455b8368bf8f2e2295cc"><enum>(i)</enum><header>In general</header><text>During the 3-year period beginning on the date on which the final appraised values of the Federal land and the non-Federal land for each phase of the exchange described in subsection (n) are approved by the Secretary, the Secretary shall not be required to reappraise or update the final appraised values of the Federal land and the non-Federal land.</text>
 </clause><clause id="id1da7a76bea124d6b91bf95a273779784"><enum>(ii)</enum><header>Exchange agreement</header><text>Beginning on the date of entrance into an exchange agreement under subsection (a), no reappraisal or updates to the final appraised values of the Federal land and the non-Federal land approved by the Secretary shall be required.</text>
 </clause></subparagraph></paragraph><paragraph id="ida5b0f766f10c47a9a17fbbbb24d9c7b4"><enum>(3)</enum><header>Public review</header><text>Before completing each phase of the land exchange described in subsection (n), the Secretary shall make available for public review summaries of the appraisals of the Federal land and the non-Federal land for the applicable phase.</text>
				</paragraph></subsection><subsection id="idace42697b1914f37a66e803158d7334d"><enum>(j)</enum><header>Equal value land exchange</header>
 <paragraph id="id2ff775cc7b2146dd8b6a051d2ae59be2"><enum>(1)</enum><header>In general</header><text>The value of the Federal land and the non-Federal land to be exchanged under subsection (a) shall be—</text>
 <subparagraph id="id284a0ea0810c4ce19d925c46bb24ac81"><enum>(A)</enum><text>equal; or</text> </subparagraph><subparagraph id="id83173968b2de4ea3a97a9aa22a195886"><enum>(B)</enum><text>equalized in accordance with this subsection.</text>
					</subparagraph></paragraph><paragraph id="id3ce13e9bcf0941329a451b76723c1aca"><enum>(2)</enum><header>Surplus of Federal land value</header>
 <subparagraph id="idD1C9AEA5870345E28DDF9CA93CFC3233"><enum>(A)</enum><header>In general</header><text>If the final appraised value of the Federal land (after applying any cash equalization credit or debit from phase 1 of the exchange under subsection (n)(2)) exceeds the final appraised value of the non-Federal land in phase 2 of the exchange, notwithstanding subsection (a), 1 or more parcels, or 1 or more portions of parcels, of the Federal land, as determined by the Alaska Mental Health Trust after consultation with the Secretary, shall be removed from the conveyance to the Alaska Mental Health Trust by—</text>
 <clause id="id0105C3B72AD247D0B2D802D70ECF6826"><enum>(i)</enum><text>removing parcels in accordance with subparagraph (B) until, to the maximum extent practicable, approximate equal value is achieved; and</text>
 </clause><clause id="idF316284DFC1D47CA9C9BADA905E78586"><enum>(ii)</enum><text>equalizing any remaining difference in value in accordance with paragraph (4).</text> </clause></subparagraph><subparagraph id="idD172AA8851A74FAE8EE499C7E3750295"><enum>(B)</enum><header>Order of priority</header><text>Parcels shall be removed under subparagraph (A)(i) in the reverse order of the parcels described in subparagraphs (A) through (G) of section 3(2).</text>
					</subparagraph></paragraph><paragraph id="idB7A5ED7089EC4AEC9574777953ECCB2F"><enum>(3)</enum><header>Surplus of non-Federal land value</header>
 <subparagraph id="id8CEF32DA9BF74189A1F40D24F15D563E"><enum>(A)</enum><header>In general</header><text>If the final appraised value of the non-Federal land (after applying any cash equalization credit or debit from phase 1 of the exchange under subsection (n)(2)) exceeds the final appraised value of the Federal land in phase 2 of the exchange, notwithstanding subsection (a), 1 or more parcels, or 1 or more portions of parcels, of the non-Federal land, as determined by the Alaska Mental Health Trust after consultation with the Secretary, shall be removed from the conveyance to the United States by—</text>
 <clause id="idDF5F1B894D6E4916B6EE5DDF46E5E0EE"><enum>(i)</enum><text>removing parcels in accordance with subparagraph (B) until, to the maximum extent practicable, approximate equal value is achieved; and</text>
 </clause><clause id="id76ADD7D99FA4433EB1DEB1DE92E7D779"><enum>(ii)</enum><text>equalizing any remaining difference in value in accordance with paragraph (4).</text> </clause></subparagraph><subparagraph id="id12AFB4FABAED41C3912B7979E76105D0"><enum>(B)</enum><header>Order of priority</header><text>Parcels shall be removed under subparagraph (A)(i) in the reverse order of the parcels, as described in subparagraphs (A) through (T) of section 3(4).</text>
 </subparagraph><subparagraph id="id2a813f0259804d73bf0b42090dcf64f4"><enum>(C)</enum><header>Waiver of cash equalization</header><text>In order to expedite completion of the exchange, if the values of the Federal land and the non-Federal land cannot be exactly equalized under this paragraph, the Alaska Mental Health Trust may, at its sole discretion, elect to waive any cash equalization payment that would otherwise be due from the United States under paragraph (4).</text>
 </subparagraph></paragraph><paragraph id="id2AFD2050F1BC437C947A95839E5D540D"><enum>(4)</enum><header>Remaining difference</header><text>Any remaining difference in value shall be equalized under paragraph (2)(A)(ii) or (3)(A)(ii), as applicable, by—</text>
 <subparagraph id="id3FCDD188CF894E3D8F26F9BB8FA659DA"><enum>(A)</enum><text>removal of a portion of a parcel of the Federal land or the non-Federal land, as applicable, as determined by the Alaska Mental Health Trust after consultation with the Secretary;</text>
 </subparagraph><subparagraph id="idE9781A20B0FF49FA9C88254995B28C82"><enum>(B)</enum><text>the payment of a cash equalization, as necessary, by the Secretary or the Alaska Mental Health Trust, as appropriate, in accordance with section 206(b) of the Federal Land Policy and Management Act of 1976 (<external-xref legal-doc="usc" parsable-cite="usc/43/1716">43 U.S.C. 1716(b)</external-xref>); or</text>
 </subparagraph><subparagraph id="idFF40CDFE88B344D4B5DC1124E43833E9"><enum>(C)</enum><text>a combination of the methods described in subparagraphs (A) and (B), as determined by the Alaska Mental Health Trust after consultation with the Secretary.</text>
 </subparagraph></paragraph></subsection><subsection id="id881fdebcc86f45308c03b5d18b686481"><enum>(k)</enum><header>Costs</header><text>As a condition of the land exchange under this Act, the Alaska Mental Health Trust shall agree to pay, without compensation, all costs that are associated with each phase of the exchange described in subsection (n), including—</text>
 <paragraph id="iddb9a7b702df44bc6a51d0674d8e96024"><enum>(1)</enum><text>all costs to complete the land surveys, appraisals, and environmental reviews described in subsection (h) such that the exchange may be completed in accordance with the deadlines described in subsection (n); and</text>
 </paragraph><paragraph id="id2014b65b816b4e99861104f6a009112c"><enum>(2)</enum><text>on request of the Secretary, reimbursement of costs for agency staff, additional agency staff, or third-party contractors appropriate such that the exchange may be completed in accordance with the deadlines described in subsection (n).</text>
				</paragraph></subsection><subsection id="id41b7b9e148b04685867744d5367d371a"><enum>(l)</enum><header>Land surveys, approvals, uses</header>
 <paragraph id="id3c9320225baa408a8a6105e2e8cc3d8b"><enum>(1)</enum><header>Survey instructions</header><text>Not later than 90 days after the date of enactment of this Act, the Secretary of the Interior shall issue survey instructions to assist in the timely completion of all land surveys necessary to complete the land exchange under subsection (a) in accordance with the deadlines described in subsection (n).</text>
 </paragraph><paragraph id="id3409bbd490784154b03bb511ad048e7b"><enum>(2)</enum><header>Surveys</header><text>Unless otherwise agreed to by the Secretary and the Alaska Mental Health Trust, after consultation with the Secretary of the Interior, land surveys shall not be required for—</text>
 <subparagraph id="ide2a0f02e569345a2a96df8778bb3f4b7"><enum>(A)</enum><text>any portion of the boundaries of the non-Federal land that is contiguous to—</text> <clause id="idE4D73E4DAC7E43EDBDDC2096AB4545D1"><enum>(i)</enum><text>National Forest System land, as in existence on the date of enactment of this Act; or</text>
 </clause><clause id="idD4C19921BAA143FEB64BCF78CD6FD598"><enum>(ii)</enum><text>land that has been surveyed or lotted as of the date of enactment of this Act;</text> </clause></subparagraph><subparagraph id="id6e18db37e4ba4d13b98213de6758b177"><enum>(B)</enum><text>any portion of the boundaries of the Federal land that is contiguous to—</text>
 <clause id="id24F8AAB66C354C8E88D45A0DA79C4569"><enum>(i)</enum><text>land owned as of the date of enactment of this Act by—</text> <subclause id="idD186F1F584244316929C5B80823DE571"><enum>(I)</enum><text>the Alaska Mental Health Trust; or</text>
 </subclause><subclause id="id8AC5D84C493B46628707607EA6F23C58"><enum>(II)</enum><text>the State; or</text> </subclause></clause><clause id="id4AB3B4FA25D046C786F80873F4CE0463"><enum>(ii)</enum><text>land that has been surveyed or lotted as of the date of enactment of this Act;</text>
 </clause></subparagraph><subparagraph id="id29caf5b21c9b42bea714591a07e8cd77"><enum>(C)</enum><text>any portion of the boundaries that the Secretary and the Alaska Mental Health Trust agree, after consultation with the Secretary of the Interior, is adequately defined by a survey, mapping, or aliquot part, or other legal description; and</text>
 </subparagraph><subparagraph id="idb8ebe9d216a74640a265b4c68732b75e"><enum>(D)</enum><text>any portion of the boundaries of the non-Federal land that—</text> <clause id="id4B5662D22AE84FF59C119BD8FA21A267"><enum>(i)</enum><text>the United States tentatively conveyed to the State without survey;</text>
 </clause><clause id="id08548E0074E943758E906A28A9C7C81F"><enum>(ii)</enum><text>is being reconveyed to the United States in the land exchange under subsection (a); and</text> </clause><clause id="id761DD86CB8524B93AAEDF1701614C3A9"><enum>(iii)</enum><text>is not surveyed as of the date of enactment of this Act.</text>
 </clause></subparagraph></paragraph><paragraph id="id52e1673703a7460994341daaad8f6aef"><enum>(3)</enum><header>Use of land</header><text>Any Federal land or non-Federal land that is conveyed to the Alaska Mental Health Trust or the United States under subsection (a) shall, on the conveyance—</text>
 <subparagraph id="idF4CA7B8387D44D8BABC8775C86A502F9"><enum>(A)</enum><text>become the property of the party to which the land is conveyed; and</text> </subparagraph><subparagraph id="id0CFC84A69DEC43C5B73EA88D2C3264E9"><enum>(B)</enum><text>be available to the party to which the land is conveyed for all uses permitted under applicable laws (including regulations).</text>
 </subparagraph></paragraph></subsection><subsection id="id2131dbd2ff6146bea1f6ce8306bd1fe2"><enum>(m)</enum><header>Parcel adjustment</header><text>If a portion of a parcel of the Federal land or the non-Federal land to be conveyed under subsection (a) cannot be conveyed due to the presence of hazardous materials—</text>
 <paragraph id="id2D76955CB1504370AE6E493A9C47272D"><enum>(1)</enum><text>the portion shall be removed from the exchange; and</text> </paragraph><paragraph id="id8652439A705940AC9A464C58D737538A"><enum>(2)</enum><text>the final exchange values shall be equalized in accordance with subsection (j).</text>
				</paragraph></subsection><subsection id="idabfa422f379545c6ab9bc3dc2afdfcd6"><enum>(n)</enum><header>Land exchange phases</header>
 <paragraph id="ida9b7e9d32a5b4a6f902d9d9a6403bbed"><enum>(1)</enum><header>In general</header><text>The land exchange under subsection (a) shall be completed in 2 phases, as described in paragraphs (2) and (3).</text>
				</paragraph><paragraph id="id989ca714b04347a1a61ad54a813357ad"><enum>(2)</enum><header>Phase 1</header>
 <subparagraph id="idF91A03E4E97C47E0928F944EA3A9A348"><enum>(A)</enum><header>In general</header><text>Subject to subparagraph (B) and subsection (j), not later than 1 year after the date of enactment of this Act—</text>
 <clause id="idD56E322580CF4E6CA358D2C1ACC7A68B"><enum>(i)</enum><text>the Secretary shall convey to the Alaska Mental Health Trust the parcel of Federal land described in section 3(2)(A); and</text>
 </clause><clause id="idB88EDD11236F48A1B5048F7D163E965E"><enum>(ii)</enum><text>the Alaska Mental Health Trust shall convey to the United States the parcels of non-Federal land described in subparagraphs (A) and (B) of section 3(4).</text>
 </clause></subparagraph><subparagraph id="idE9961C1A07DA43DDB02E13E185D0A65A"><enum>(B)</enum><header>Conditions</header><text>Subparagraph (A) shall be subject to the following conditions:</text> <clause id="id668bb0f1c1e746efbd09e3d37e168f34"><enum>(i)</enum><text>The land conveyed under this subparagraph shall be appraised—</text>
 <subclause id="id25B5A574A9A843B3978E50C4F013F9F4"><enum>(I)</enum><text>separately from the land described in paragraph (3); but</text> </subclause><subclause id="id9CD8BD1AE7674660A8A445AAECF2362B"><enum>(II)</enum><text>in accordance with the nationally recognized appraisal standards described in subsection (i)(2)(A).</text>
 </subclause></clause><clause id="id799bfddbe08c4f7195e6b1597fcee137"><enum>(ii)</enum><text>Any cash equalization payment that would otherwise be necessary to be paid by the Secretary or the Alaska Mental Health Trust on the completion of the conveyance under this paragraph shall be—</text>
 <subclause id="id5A9C9AA8D5DB47F1B95FDA79D81C130F"><enum>(I)</enum><text>deferred until the completion of the conveyance under paragraph (3); and</text> </subclause><subclause id="id1193EFD259184FA7804CCB4380AF6382"><enum>(II)</enum><text>debited or credited, as appropriate, to any final land or cash equalization that may be due from either party on the completion of the conveyance under paragraph (3).</text>
 </subclause></clause></subparagraph></paragraph><paragraph id="id78bcbe8620e34778b4ca9cdbb6cd06ff"><enum>(3)</enum><header>Phase 2</header><text>Subject to subsection (j), not later than 2 years after the date of enactment of this Act—</text> <subparagraph id="id718D3D5DD5C946C992D3FC2F40EDBCAE"><enum>(A)</enum><text>the Secretary shall convey to the Alaska Mental Health Trust the Federal land described in subparagraphs (B) through (G) of section 3(2); and</text>
 </subparagraph><subparagraph id="id7DDE10D1AA3D41C5A9706C74AA39381D"><enum>(B)</enum><text>the Alaska Mental Health Trust shall convey to the United States the non-Federal land described in subparagraphs (C) through (T) of section 3(4).</text>
					</subparagraph></paragraph></subsection></section><section id="ide93ec78a91b044d3acb4382ff468473d"><enum>5.</enum><header>Management of non-Federal land</header>
 <subsection id="idba5f94aa26a24d1f91ed7c3aed11f601"><enum>(a)</enum><header>In general</header><text>On acquisition of the non-Federal land by the Secretary under this Act, the non-Federal land shall—</text>
 <paragraph id="idaa7e2c317b494eb18ed56f877b083f0c"><enum>(1)</enum><text>become part of the Tongass National Forest;</text> </paragraph><paragraph id="idb2f15f8301604269a0544d52b1117ff3"><enum>(2)</enum><text>be administered in accordance with the laws applicable to the National Forest System; and</text>
 </paragraph><paragraph id="id2D39E1C80DAF4F9890A6342A44B0EB2E"><enum>(3)</enum><text>be managed to protect the scenic value of the non-Federal land.</text> </paragraph></subsection><subsection id="ida0a13f04d13c47b5bf4cae906ad9b672"><enum>(b)</enum><header>Boundary revision</header><text>On acquisition of the non-Federal land by the Secretary under this Act, the boundaries of the Tongass National Forest shall be modified to reflect the inclusion of the non-Federal land.</text>
 </subsection><subsection id="id04e5c746115945a18a610051c87d127d"><enum>(c)</enum><header>Administrative site</header><text>On acquisition of the parcel of non-Federal land described in section 3(4)(E), the Secretary shall set aside 42 acres of the parcel, in the location generally depicted on map 2, as an administrative site for purposes of the future administrative needs of the Tongass National Forest.</text>
 </subsection></section><section id="id2aa6bebd6aca4e828b5c19e0a7c47d41"><enum>6.</enum><header>Withdrawal</header><text display-inline="no-display-inline">Subject to valid existing rights, the non-Federal land acquired by the Secretary under this Act shall be withdrawn from all forms of—</text>
 <paragraph id="id9715ca681fcc443495b3caa245b284fa"><enum>(1)</enum><text>entry, appropriation, or disposal under the public land laws;</text> </paragraph><paragraph id="id24ab6b61c9da4422ba08dc04d6215257"><enum>(2)</enum><text>location, entry, and patent under the mining laws; and</text>
 </paragraph><paragraph id="idcb380e3750434a408616cd6e264cfd0e"><enum>(3)</enum><text>disposition under the mineral leasing, mineral materials, and geothermal leasing laws.</text> </paragraph></section><section id="id30c48a8745b346d994176937a4a49a87"><enum>7.</enum><header>Miscellaneous provisions</header> <subsection id="idd4d7c099901e42f49a50e05c0a20954e"><enum>(a)</enum><header>Revocation of orders; withdrawal</header> <paragraph id="id85217b74d96d4e20afcab232de085bc1"><enum>(1)</enum><header>Revocation of orders</header><text>Any public land order or administrative action that withdraws the Federal land from appropriation or disposal under a public land law shall be revoked to the extent necessary to permit the conveyance of the Federal land.</text>
				</paragraph><paragraph id="id22241b63681f4e37bdba5b945a05b272"><enum>(2)</enum><header>Withdrawal</header>
 <subparagraph id="id27c14534c0044d30af7e66fef8f2b8e1"><enum>(A)</enum><header>In general</header><text>If the Federal land or any Federal interest in the non-Federal land is not withdrawn or segregated from entry and appropriation under a public land law (including logging and mineral leasing laws and the Geothermal Steam Act of 1970 (<external-xref legal-doc="usc" parsable-cite="usc/30/1001">30 U.S.C. 1001</external-xref> et seq.)) as of the date of enactment of this Act, the Federal land or Federal interest in the non-Federal land shall be withdrawn, without further action by the Secretary, from entry and appropriation.</text>
 </subparagraph><subparagraph id="id1a3d0715073b4dc4ab11ed169bed9a63"><enum>(B)</enum><header>Termination</header><text>The withdrawal under subparagraph (A) shall be terminated—</text> <clause id="idadd422f97c7441d5970c789586bd4399"><enum>(i)</enum><text>on the date of the completion of the phase of the land exchange described in section 4(n) covering the applicable Federal land; or</text>
 </clause><clause id="id654cfc62bbde4f5296f65333637df585"><enum>(ii)</enum><text>if the Alaska Mental Health Trust notifies the Secretary in writing that the Alaska Mental Health Trust elects to withdraw from the land exchange under section 206(d) of the Federal Land Policy and Management Act of 1976 (<external-xref legal-doc="usc" parsable-cite="usc/43/1716">43 U.S.C. 1716(d)</external-xref>), on the date on which the Secretary receives the notice of the election.</text>
						</clause></subparagraph></paragraph></subsection><subsection id="idc2ae61289e614273b8d49b53f57d5bd1"><enum>(b)</enum><header>Maps, estimates, descriptions</header>
 <paragraph id="id5bed5d0845884d89a72303178e58acd2"><enum>(1)</enum><header>Minor errors</header><text>The Secretary and the Alaska Mental Health Trust, by mutual agreement, may correct minor errors in any map, acreage estimate, or description of any land conveyed or exchanged under this Act.</text>
 </paragraph><paragraph id="id2fc22cbd911f4d2db161dbb870306cdc"><enum>(2)</enum><header>Conflict</header><text>If there is a conflict between a map, acreage estimate, or description of land in this Act, the map shall be given effect unless the Secretary and the Alaska Mental Health Trust mutually agree otherwise.</text>
 </paragraph><paragraph id="idd341c8428cc242f6b1021407ad371c8d"><enum>(3)</enum><header>Availability</header><text>On the date of enactment of this Act, the Secretary shall file and make available for public inspection in the office of the Supervisor of the Tongass National Forest each map.</text></paragraph></subsection></section></legis-body></bill>


