<?xml version="1.0"?>
<?xml-stylesheet type="text/xsl" href="billres.xsl"?>
<!DOCTYPE bill PUBLIC "-//US Congress//DTDs/bill.dtd//EN" "bill.dtd">
<bill bill-stage="Introduced-in-Senate" dms-id="A1" public-private="public">
	<metadata xmlns:dc="http://purl.org/dc/elements/1.1/">
<dublinCore>
<dc:title>115 S604 IS: Highway Rights-of-Way Permitting Efficiency Act of 2017</dc:title>
<dc:publisher>U.S. Senate</dc:publisher>
<dc:date>2017-03-09</dc:date>
<dc:format>text/xml</dc:format>
<dc:language>EN</dc:language>
<dc:rights>Pursuant to Title 17 Section 105 of the United States Code, this file is not subject to copyright protection and is in the public domain.</dc:rights>
</dublinCore>
</metadata>
<form>
		<distribution-code display="yes">II</distribution-code>
		<congress>115th CONGRESS</congress><session>1st Session</session>
		<legis-num>S. 604</legis-num>
		<current-chamber>IN THE SENATE OF THE UNITED STATES</current-chamber>
		<action>
			<action-date date="20170309">March 9, 2017</action-date>
			<action-desc><sponsor name-id="S118">Mr. Hatch</sponsor> (for himself, <cosponsor name-id="S375">Mr. Daines</cosponsor>, and <cosponsor name-id="S357">Mrs. Fischer</cosponsor>) introduced the following bill; which was read twice and referred to the <committee-name committee-id="SSEV00">Committee on Environment and Public Works</committee-name></action-desc>
		</action>
		<legis-type>A BILL</legis-type>
		<official-title>To allow certain State permitting authority to encourage expansion of broadband service to rural
			 communities, and for other purposes.</official-title>
	</form>
	<legis-body>
		<section id="S1" section-type="section-one"><enum>1.</enum><header>Short title</header>
 <text display-inline="no-display-inline">This Act may be cited as the <quote><short-title>Highway Rights-of-Way Permitting Efficiency Act of 2017</short-title></quote>.</text>
 </section><section id="id8efd12f9f0cc48d5b185ecd8bc907f3d"><enum>2.</enum><header>Findings</header><text display-inline="no-display-inline">Congress finds that, as of the date of enactment of this Act—</text> <paragraph id="id51001d91af2f4143ad9356562f5335cb"><enum>(1)</enum><text>the United States has been the world leader in Internet and telecommunications technology growth, and the people of the United States now rely on broadband connectivity as an increasingly necessary part of daily life;</text>
 </paragraph><paragraph id="id4ebd75dcbd6f4dc8931501b9f9f767d0"><enum>(2)</enum><text>broadband services are used by private citizens, businesses, public groups, and government agencies throughout the United States to communicate, access information, share cultures, develop technologies, and grow economies nationally and internationally;</text>
 </paragraph><paragraph id="id1cc9390b399e4fd9ba4bcc5bd02893dd"><enum>(3)</enum><text>while wireless and broadband technologies have contributed significantly to progress throughout the United States, lack of broadband deployment to rural communities has put rural parties at a greater disadvantage for economic development; and</text>
 </paragraph><paragraph id="id46cee25dea634095b33a5d9b9add5573"><enum>(4)</enum><text>delays in the permitting process are costly and discouraging to broadband deployment and further discourage broadband deployment to rural areas.</text>
 </paragraph></section><section id="idD725395EE8604374928B6312BBE07BE1"><enum>3.</enum><header>Definitions</header><text display-inline="no-display-inline">In this Act:</text> <paragraph id="id7c36a4070e7043238c4c47b1366a8186"><enum>(1)</enum><header>Broadband project</header><text>The term <term>broadband project</term> means a project under which a broadband provider installs broadband infrastructure, including copper lines or fiber optic lines, on Federal land.</text>
 </paragraph><paragraph id="id3E1CBDE38CF14061AE85338AB970474F"><enum>(2)</enum><header>Broadband provider</header><text>The term <term>broadband provider</term> means a facilities-based provider of broadband capability that enables a user to originate and receive high-quality voice, data, graphics, and video telecommunications.</text>
 </paragraph><paragraph id="id02D938E03EE245209F7FAC689F09838A"><enum>(3)</enum><header>Operational right-of-way</header><text>The term <term>operational right-of-way</term> means all real property interests (including easements) acquired for the construction or operation of a project, including the locations of the roadway, bridges, interchanges, culverts, drainage, clear zone, traffic control signage, landscaping, copper and fiber optic lines, utility shelters, and broadband infrastructure as installed by broadband providers, and any rest areas with direct access to a controlled access highway or the National Highway System.</text>
 </paragraph><paragraph commented="no" display-inline="no-display-inline" id="idBE6ABE051620444A93D2ACF1DEB03625"><enum>(4)</enum><header>Project</header><text>The term <term>project</term> has the meaning given the term in section 101(a) of title 23, United States Code.</text> </paragraph><paragraph id="id05FB1F987A6C4649A0E342008F477F40"><enum>(5)</enum><header>Secretary concerned</header><text display-inline="yes-display-inline">The term <term>Secretary concerned</term> means—</text>
 <subparagraph id="idA230DA7D1AE64ED5A8965B11429FD3C2"><enum>(A)</enum><text>the Secretary of Agriculture (acting through the Chief of the Forest Service), with respect to National Forest System land; and</text>
 </subparagraph><subparagraph commented="no" display-inline="no-display-inline" id="id7F5D46B4D2C44FA1BE152FE16CD9D388"><enum>(B)</enum><text>the Secretary of the Interior, with respect to land managed by the Bureau of Land Management (including land held for the benefit of an Indian tribe).</text>
				</subparagraph></paragraph></section><section id="id5cddd35835ee4faf9e41924866f3300d"><enum>4.</enum><header>State permitting authority</header>
 <subsection id="id7EB73F0E45F84AB5A7657DBA6EF6533C"><enum>(a)</enum><header>In general</header><text>The Secretaries concerned shall jointly establish a program under which any State may offer, and the Secretary concerned shall agree, to enter into a memorandum of understanding with the Secretary concerned to allow for the permitting of broadband within an operational right-of-way in accordance with this section.</text>
			</subsection><subsection id="idac5c959649da45188097529ea2f13966"><enum>(b)</enum><header>Assumption of responsibilities</header>
 <paragraph id="idAA722864006F4042990286D59F089442"><enum>(1)</enum><header>In general</header><text>In entering into a memorandum of understanding under this section, the Secretary concerned may assign to the State, and the State may agree to assume, all or part of the responsibilities of the Secretary concerned for environmental review, consultation, or other action required under any Federal environmental law pertaining to the review or approval of a specific operational right-of-way broadband project.</text>
				</paragraph><paragraph id="id450f7d60d35a40ecbb5203e6f3fcfe98"><enum>(2)</enum><header>State responsibility</header>
 <subparagraph id="idB3018C69ED9A465290E7F952381615CE"><enum>(A)</enum><header>In general</header><text>A State that assumes any responsibility under paragraph (1) shall be subject to the same procedural and substantive requirements as would apply if the responsibility were carried out by the Secretary concerned.</text>
 </subparagraph><subparagraph id="idE0956274755E41919932089DCB769623"><enum>(B)</enum><header>Effect of assumption of responsibility</header><text>A State that assumes any responsibility under paragraph (1) shall be solely responsible and solely liable for carrying out, in lieu of the Secretary concerned, the responsibilities assumed under that paragraph until date on which the program is terminated under subsection (f).</text>
 </subparagraph><subparagraph id="id4ec2668730874fdab6f4455e2b9e3904"><enum>(C)</enum><header>Environmental review</header><text>A State that assumes any responsibility under paragraph (1) shall comply with the environmental review procedures under part 771 of title 23, Code of Federal Regulations (or successor regulations).</text>
 </subparagraph></paragraph><paragraph id="id8aa635e555424b51a6b509f575d39550"><enum>(3)</enum><header>Federal responsibility</header><text>Any responsibility of the Secretary concerned described in paragraph (1) that is not explicitly assumed by the State in the memorandum of understanding shall remain the responsibility of the Secretary concerned.</text>
 </paragraph></subsection><subsection id="id30359EF507794FD59410607684366662"><enum>(c)</enum><header>Offer and notification</header><text>A State that intends to offer to enter into a memorandum of understanding under this section shall provide to the Secretary concerned notice of the intent of the State not later than 90 days before the date on which the State submits a formal written offer to the Secretary concerned.</text>
 </subsection><subsection id="id6dc83e6b766540e5853a90cdf7302743"><enum>(d)</enum><header>Memorandum of understanding</header><text>A memorandum of understanding entered into under this section shall—</text> <paragraph id="idb18955e0841c4f5cabd1bd2f1aba7a36"><enum>(1)</enum><text>be executed by the Governor or the top-ranking transportation official in the State who is charged with responsibility for highway construction;</text>
 </paragraph><paragraph id="id7F6338E5967C4B6A8DE1924EDBD91295"><enum>(2)</enum><text>be for a term not to exceed 10 years;</text> </paragraph><paragraph id="idca721a61b71f47fb940f8bb40f02ffe1"><enum>(3)</enum><text>be in such form as the Secretary concerned may prescribe; and</text>
 </paragraph><paragraph id="id58711676f6ac4264ac4a1c0d28332ad7"><enum>(4)</enum><text>provide that the State—</text> <subparagraph id="id4e799d59a14540f184261e2987b5648f"><enum>(A)</enum><text>agrees to assume all or part of the responsibilities of the Secretary concerned described in subsection (b)(1);</text>
 </subparagraph><subparagraph id="id795acea8e8024ed38c3ecc79e6de1c71"><enum>(B)</enum><text>expressly consents, on behalf of the State, to accept the jurisdiction of the Federal courts for the compliance, discharge, and enforcement of any responsibility of the Secretary concerned assumed by the State;</text>
 </subparagraph><subparagraph id="id062b484ec4f642aaa1e731c5295574ba"><enum>(C)</enum><text>certifies that State laws (including regulations) are in effect that—</text> <clause id="ida1c7e53d83c24f9fa5af9226263ed187"><enum>(i)</enum><text>authorize the State to take the actions necessary to carry out the responsibilities being assumed; and</text>
 </clause><clause id="id0a63edbba79748389357349038a4d4c0"><enum>(ii)</enum><text>are comparable to section 552 of title 5, United States Code, including providing that any decision regarding the public availability of a document under the State laws is reviewable by a court of competent jurisdiction;</text>
 </clause></subparagraph><subparagraph id="id6f2254b1b3a14939a97f3b00b43245b5"><enum>(D)</enum><text>agrees to maintain the financial resources necessary to carry out the responsibilities being assumed; and</text>
 </subparagraph><subparagraph id="id66C68990502B48FBB9008D9F3F491D25"><enum>(E)</enum><text>agrees to provide to the Secretary concerned any information the Secretary concerned considers necessary to ensure that the State is adequately carrying out the responsibilities assigned to and assumed by the State.</text>
 </subparagraph></paragraph></subsection><subsection id="id0c75931c6a3f4566999a5ce1f1c994b9"><enum>(e)</enum><header>Limitation</header><text>Nothing in this section permits a State to assume any rulemaking authority of the Secretary concerned under any Federal law.</text>
			</subsection><subsection id="idc4eca3562ae24b1bb5d904033ba79f3a"><enum>(f)</enum><header>Termination</header>
 <paragraph id="idD420214E908C49E6B7AB409B1C254CCA"><enum>(1)</enum><header>Termination by the Secretary</header><text display-inline="yes-display-inline">The Secretary concerned may terminate the participation of any State in the program established under this section if—</text>
 <subparagraph id="id9616084BE08147A488CF2160C56F7FAF"><enum>(A)</enum><text display-inline="yes-display-inline">the Secretary concerned determines that the State is not adequately carrying out the responsibilities assigned to and assumed by the State;</text>
 </subparagraph><subparagraph id="id61CA004FE0AC4063869400858555A412"><enum>(B)</enum><text display-inline="yes-display-inline">the Secretary concerned provides to the State—</text> <clause id="id6E69FCBCB60E4CC4ACC3A44FDC24D67C"><enum>(i)</enum><text display-inline="yes-display-inline">notification of the determination of noncompliance; and</text>
 </clause><clause id="id8CC6800245EF411F90174263668A5538"><enum>(ii)</enum><text display-inline="yes-display-inline">a period of at least 30 days during which to take such corrective action as the Secretary concerned determines is necessary to comply with the applicable agreement; and</text>
 </clause></subparagraph><subparagraph id="id762F4E7774054547A3B8F66385DBADC3"><enum>(C)</enum><text display-inline="yes-display-inline">the State, after the notification and period provided under subparagraph (B), fails to take satisfactory corrective action, as determined by the Secretary concerned.</text>
 </subparagraph></paragraph><paragraph id="idD2BD2E84A85D40C2856F515AD7809802"><enum>(2)</enum><header>Termination by the State</header><text display-inline="yes-display-inline">A State may terminate the participation of the State in the program established under this section at any time by providing to the Secretary concerned a notice of intent to terminate by not later than the date that is 90 days before the date of termination.</text>
 </paragraph></subsection></section><section id="id55a57634d74c4f3dbcc49ce8c7eeeb8f"><enum>5.</enum><header>Categorical exclusion for projects within operational rights-of-way</header><text display-inline="no-display-inline">The Secretary concerned shall—</text> <paragraph id="id80CBABE0AD424642A6CE2DC6187F005E"><enum>(1)</enum><text>not later than 180 days after the date of enactment of this Act, designate any project within an existing operational right-of-way as an action categorically excluded from the requirements relating to environmental assessments or environmental impact statements under section 1508.4 of title 40, Code of Federal Regulations, and section 771.117(c) of title 23, Code of Federal Regulations (or successor regulations); and</text>
 </paragraph><paragraph id="idF6AFD57B27474DED87726286BA835F9C"><enum>(2)</enum><text>not later than 150 days after the date of enactment of this Act, promulgate regulations to carry out paragraph (1).</text>
			</paragraph></section><section id="id75A3FEECFFA1423997B4A28274A2FEB7"><enum>6.</enum><header>Federal broadband permit coordination</header>
 <subsection id="id973a9f5ba74b4caeb3a33c1fb04b6a03"><enum>(a)</enum><header>Definition of Secretary</header><text>In this section, the term <term>Secretary</term> means the Secretary of the Interior.</text> </subsection><subsection id="id4bb4528fbdae4a16aaf89def2bd7da84"><enum>(b)</enum><header>Establishment</header><text>The Secretary shall establish a Federal Permit Streamlining Project in each Bureau of Land Management field office with responsibility for issuing permits for broadband projects.</text>
			</subsection><subsection id="id57661bf03f13414aae671d4731d6faf6"><enum>(c)</enum><header>Memorandum of understanding</header>
 <paragraph id="idfbceea812f6d4344a4bc8ce6a5c016da"><enum>(1)</enum><header>In general</header><text>Not later than 90 days after the date of enactment of this Act, the Secretary, in consultation with the National Conference of State Historic Preservation Officers, shall enter into a memorandum of understanding to carry out this section with—</text>
 <subparagraph id="id0e259e7aaf024c4d8cfbdf88910c508b"><enum>(A)</enum><text>the Secretary of Agriculture;</text> </subparagraph><subparagraph id="id71f833d2002f4012ade09000b811ac79"><enum>(B)</enum><text>the Administrator of the Environmental Protection Agency;</text>
 </subparagraph><subparagraph id="ida81bf11f98fd4da9ab0e2512c5b55c16"><enum>(C)</enum><text>the Administrator of the Federal Highway Administration; and</text> </subparagraph><subparagraph id="idBD7ACD9D6EB74678A12678841F3CA9EA"><enum>(D)</enum><text>the Director of the United States Fish and Wildlife Service.</text>
 </subparagraph></paragraph><paragraph id="idb0b00192e6874baea513634b0c7e89b4"><enum>(2)</enum><header>Lead agency</header><text>As part of the memorandum of understanding under paragraph (1), the Secretary shall act as the lead agency in issuing a single permit for each broadband project on behalf of all Federal agencies involved in the broadband project.</text>
 </paragraph><paragraph id="id8f05a96ce2064a90b76d4a24b32d3a1c"><enum>(3)</enum><header>State participation</header><text>The Secretary may request that the Governor of any State with one or more broadband projects be a party to the memorandum of understanding under paragraph (1).</text>
				</paragraph><paragraph id="idd79030d0234a4b06970405f3119ae730"><enum>(4)</enum><header>Designation of qualified staff</header>
 <subparagraph id="id1dce1ccd1e7541b9ac1a0c64a4936c82"><enum>(A)</enum><header>In general</header><text>Not later than 30 days after the date of entrance into the memorandum of understanding under paragraph (1), the head of each Federal agency that is a party to the memorandum of understanding (other than the Secretary) shall, if the head of the Federal agency determines it to be appropriate, designate to each Bureau of Land Management field office an employee of that Federal agency with expertise in regulatory issues relating to that Federal agency, including, as applicable, particular expertise in—</text>
 <clause id="idAAB256E980F7444B98B276E410DD56EB"><enum>(i)</enum><text>planning under the <act-name parsable-cite="FRRRP">Forest and Rangeland Renewable Resources Planning Act of 1974</act-name> (<external-xref legal-doc="usc" parsable-cite="usc/16/1600">16 U.S.C. 1600</external-xref> et seq.);</text>
 </clause><clause id="id6F9F76075A694F66991F422F9447BABA"><enum>(ii)</enum><text>the preparation of analyses under the National Environmental Policy Act of 1969 (<external-xref legal-doc="usc" parsable-cite="usc/42/4321">42 U.S.C. 4321</external-xref> et seq.);</text>
 </clause><clause id="id9797CF230E87457897B78AE6B623C79E"><enum>(iii)</enum><text>programs under chapter 1 and <external-xref legal-doc="usc-chapter" parsable-cite="usc-chapter/23/2">chapter 2</external-xref> of title 23, United States Code; or</text> </clause><clause id="id22c0a2f4bbc5466f9da2eb41b5d2100f"><enum>(iv)</enum><text>consultation and the preparation of biological opinions under section 7 of the Endangered Species Act of 1973 (<external-xref legal-doc="usc" parsable-cite="usc/16/1536">16 U.S.C. 1536</external-xref>).</text>
 </clause></subparagraph><subparagraph id="id7443808114d44ad0a260b8225f51e1eb"><enum>(B)</enum><header>Duties</header><text>Each employee designated under subparagraph (A) shall—</text> <clause id="id30d0d0aba3794a32a3ace3ab1d55a8e0"><enum>(i)</enum><text>not later than 90 days after the date of designation, report to the manager of the Bureau of Land Management field office to which the employee is assigned;</text>
 </clause><clause id="idc0cc40c9c27e4fb7a641dffe4911b706"><enum>(ii)</enum><text>be responsible for any issue relating to any broadband project within the jurisdiction of the field office described in clause (i) under the authority of the Federal agency from which the employee is assigned;</text>
 </clause><clause id="id08c6aef124a14d78b28556b24796df7c"><enum>(iii)</enum><text>participate as part of the team of personnel working on one or more proposed broadband projects, including planning and environmental analyses; and</text>
 </clause><clause id="id4DEBE836A485422E9FEC7442558EC339"><enum>(iv)</enum><text>serve as the designated point of contact with any applicable State that assumes any responsibility under section 4(b)(1) relating to any issue described in clause (ii).</text>
 </clause></subparagraph></paragraph></subsection><subsection id="id4b999c1f4cd744a6a65543ef3fc38502"><enum>(d)</enum><header>Funding</header><text>This section shall be carried out using such amounts as are necessary from other amounts available that are not otherwise obligated.</text>
			</subsection></section></legis-body>
</bill>


