<?xml version="1.0"?>
<?xml-stylesheet type="text/xsl" href="billres.xsl"?>
<!DOCTYPE bill PUBLIC "-//US Congress//DTDs/bill.dtd//EN" "bill.dtd">
<bill bill-stage="Introduced-in-Senate" dms-id="A1" public-private="public"><metadata xmlns:dc="http://purl.org/dc/elements/1.1/">
<dublinCore>
<dc:title>115 S154 IS: Small Business Relief From Disease Induced Economic Hardship Act of 2017</dc:title>
<dc:publisher>U.S. Senate</dc:publisher>
<dc:date>2017-01-17</dc:date>
<dc:format>text/xml</dc:format>
<dc:language>EN</dc:language>
<dc:rights>Pursuant to Title 17 Section 105 of the United States Code, this file is not subject to copyright protection and is in the public domain.</dc:rights>
</dublinCore>
</metadata>
<form>
<distribution-code display="yes">II</distribution-code><congress>115th CONGRESS</congress><session>1st Session</session><legis-num>S. 154</legis-num><current-chamber>IN THE SENATE OF THE UNITED STATES</current-chamber><action><action-date date="20170117">January 17, 2017</action-date><action-desc><sponsor name-id="S350">Mr. Rubio</sponsor> (for himself and <cosponsor name-id="S282">Mr. Nelson</cosponsor>) introduced the following bill; which was read twice and referred to the <committee-name committee-id="SSSB00">Committee on Small Business and Entrepreneurship</committee-name></action-desc></action><legis-type>A BILL</legis-type><official-title>To amend the Small Business Act to ensure small businesses
affected by the onset of transmissible diseases are eligible
for disaster relief.</official-title></form>
	<legis-body>
 <section id="idd726492b6e5547519bef539a60989539" section-type="section-one"><enum>1.</enum><header>Short title</header><text display-inline="no-display-inline">This Act may be cited as the <quote><short-title>Small Business Relief From Disease Induced Economic Hardship Act of 2017</short-title></quote>.</text> </section><section id="id2d7d8e97ea9649159df61baf683f5131"><enum>2.</enum><header>Definitions</header> <subsection id="id91d40d6e86204012aaf7bec11f951ad2"><enum>(a)</enum><header>In general</header><text>Section 3(k)(2) of the Small Business Act (<external-xref legal-doc="usc" parsable-cite="usc/15/632">15 U.S.C. 632(k)(2)</external-xref>) is amended—</text>
 <paragraph id="ida6cb4459dc524192a8b829d5ffe73e7d"><enum>(1)</enum><text>in subparagraph (B), by striking <quote>and</quote> at the end;</text> </paragraph><paragraph id="id231cb7e9c2594df99fdbce4a0b5ea790"><enum>(2)</enum><text>in subparagraph (C), striking the period and inserting <quote>; and</quote>; and</text>
 </paragraph><paragraph id="id0e875edf6d394dc48810c3a87e166738"><enum>(3)</enum><text>by adding at the end the following:</text> <quoted-block display-inline="no-display-inline" id="id2eab9b39c7de418aa2a8a4cd28c5308a" style="OLC"> <subparagraph id="id506c7aec07f9423f8cc5abc569e6f9e5" indent="up1"><enum>(D)</enum><text>communicable diseases for which the Federal Government issues a travel alert or travel warning.</text></subparagraph><after-quoted-block>.</after-quoted-block></quoted-block>
 </paragraph></subsection><subsection id="idbbe03001adab4718b96d9b56dba854b1"><enum>(b)</enum><header>Applicability</header><text>The amendment made by subsection (a) shall apply to a communicable disease—</text> <paragraph id="idb127debeec854d5095c4ff3357090093"><enum>(1)</enum><text>for which the Federal Government issues a travel alert or travel warning before, on, or after the date of enactment of this Act; and</text>
 </paragraph><paragraph id="id3b0cdebb4c474e2682cb2089fc0684a4"><enum>(2)</enum><text>the effects of which are experienced on or after the date of enactment of this Act.</text></paragraph></subsection></section></legis-body></bill> 

