<?xml version="1.0"?>
<?xml-stylesheet type="text/xsl" href="billres.xsl"?>
<!DOCTYPE bill PUBLIC "-//US Congress//DTDs/bill.dtd//EN" "bill.dtd">
<bill bill-stage="Introduced-in-Senate" bill-type="olc" dms-id="A1" public-private="public"><metadata xmlns:dc="http://purl.org/dc/elements/1.1/">
<dublinCore>
<dc:title>115 S333 IS: Stop Settlement Slush Funds Act of 2017</dc:title>
<dc:publisher>U.S. Senate</dc:publisher>
<dc:date>2017-02-07</dc:date>
<dc:format>text/xml</dc:format>
<dc:language>EN</dc:language>
<dc:rights>Pursuant to Title 17 Section 105 of the United States Code, this file is not subject to copyright protection and is in the public domain.</dc:rights>
</dublinCore>
</metadata>
<form>
<distribution-code display="yes">II</distribution-code><congress>115th CONGRESS</congress><session>1st Session</session><legis-num>S. 333</legis-num><current-chamber>IN THE SENATE OF THE UNITED STATES</current-chamber><action><action-date date="20170207" legis-day="20170206">February 7 (legislative day, February 6), 2017</action-date><action-desc><sponsor name-id="S378">Mr. Lankford</sponsor> (for himself, <cosponsor name-id="S287">Mr. Cornyn</cosponsor>, <cosponsor name-id="S118">Mr. Hatch</cosponsor>, <cosponsor name-id="S355">Mr. Cruz</cosponsor>, <cosponsor name-id="S358">Mr. Flake</cosponsor>, <cosponsor name-id="S266">Mr. Crapo</cosponsor>, <cosponsor name-id="S345">Mr. Johnson</cosponsor>, and <cosponsor name-id="S346">Mr. Lee</cosponsor>) introduced the following bill; which was read twice and referred to the <committee-name committee-id="SSJU00">Committee on the Judiciary</committee-name></action-desc></action><legis-type>A BILL</legis-type><official-title>To limit donations made pursuant to settlement agreements to which the United States is a party,
			 and for other purposes.</official-title></form>
	<legis-body display-enacting-clause="yes-display-enacting-clause" id="HEF2B00B8C0C541FA988594B956D55875" style="OLC">
 <section id="H9E8942091AC44C098F9054B2872B8D8D" section-type="section-one"><enum>1.</enum><header>Short title</header><text display-inline="no-display-inline">This Act may be cited as the <quote><short-title>Stop Settlement Slush Funds Act of 2017</short-title></quote>.</text> </section><section id="H25B9E4F04B4442AB905205F03CF958AC"><enum>2.</enum><header>Limitation on donations made pursuant to settlement agreements to which the United States is a party</header> <subsection id="id7B86430620874C12BB9035657B90106F"><enum>(a)</enum><header>Limitation on required donations</header><text>An official or agent of the Federal Government may not enter into or enforce any settlement agreement on behalf of the United States, directing or providing for a payment or loan to any person or entity other than the United States, other than a payment or loan that provides restitution for or otherwise directly remedies actual harm (including to the environment) directly and proximately caused by the party making the payment or loan or constitutes payment for services rendered in connection with the case, or a payment pursuant to section 3663 of title 18, United States Code.</text>
 </subsection><subsection id="HC2238DE240B34636AF825D0AF0269A0F"><enum>(b)</enum><header>Penalty</header><text>Any official or agent of the Federal Government who violates subsection (a) shall be subject to the same penalties that would apply in the case of a violation of section 3302 of title 31, United States Code.</text>
 </subsection><subsection id="H3276F4DE2BD84A58986D27FC077601F1"><enum>(c)</enum><header>Effective date</header><text display-inline="yes-display-inline">Subsections (a) and (b) apply only in the case of a settlement agreement concluded on or after the date of enactment of this Act.</text>
 </subsection><subsection id="idB9BDDF07B60546ABB097BAA3103240CC"><enum>(d)</enum><header>Definition</header><text>The term <term>settlement agreement</term> means a settlement agreement resolving a civil action or potential civil action, a plea agreement, a deferred prosecution agreement, or a non-prosecution agreement.</text>
			</subsection><subsection id="H20C8811408EB4A908FF1F060C85D20D0"><enum>(e)</enum><header>Reports on settlement agreements</header>
 <paragraph id="H02B34996EE404BA5B11236E74E43F3DC"><enum>(1)</enum><header>In general</header><text display-inline="yes-display-inline">Beginning at the end of the first fiscal year that begins after the date of enactment of this Act, and annually thereafter, the head of each Federal agency shall submit electronically to the Congressional Budget Office a report on each settlement agreement entered into by that agency during that fiscal year that directs or provides for a payment or loan to a person or entity other than the United States that provides restitution for or otherwise directly remedies actual harm (including to the environment) directly and proximately caused by the party making the payment or loan, or constitutes payment for services rendered in connection with the case, including the parties to each settlement agreement, the source of the settlement funds, and where and how such funds were and will be distributed.</text>
 </paragraph><paragraph id="HB8EC6DD6A12C4F4BA5EEF3F34CA03EAA"><enum>(2)</enum><header>Prohibition on additional funding</header><text display-inline="yes-display-inline">No additional funds are authorized to be appropriated to carry out this subsection.</text> </paragraph><paragraph id="H417FD03CFCDC44399D92617A706D8B0C"><enum>(3)</enum><header>Sunset</header><text display-inline="yes-display-inline">This subsection shall cease to be effective on the date that is 7 years after the date of enactment of this Act.</text>
				</paragraph></subsection><subsection id="HF62A1C60CC8B456285E1031F23F723FF"><enum>(f)</enum><header>Annual audit requirement</header>
 <paragraph id="H1C3FE3EFBDEB44BEAA3A25FD85C09535"><enum>(1)</enum><header>In general</header><text display-inline="yes-display-inline">Beginning at the end of the first fiscal year that begins after the date of enactment of this Act, and annually thereafter, the Inspector General of each Federal agency shall submit a report to the Committees on the Judiciary, on the Budget and on Appropriations of the Senate and the House of Representatives on any settlement agreement entered into in violation of this section by that agency.</text>
 </paragraph><paragraph id="HE98F6CBA8C904AF88A23D86530032AB6"><enum>(2)</enum><header>Prohibition on additional funding</header><text>No additional funds are authorized to be appropriated to carry out this subsection.</text></paragraph></subsection></section></legis-body></bill> 

