<?xml version="1.0"?>
<?xml-stylesheet type="text/xsl" href="billres.xsl"?>
<!DOCTYPE bill PUBLIC "-//US Congress//DTDs/bill.dtd//EN" "bill.dtd">
<bill bill-stage="Introduced-in-Senate" dms-id="A1" public-private="public"><metadata xmlns:dc="http://purl.org/dc/elements/1.1/">
<dublinCore>
<dc:title>115 S336 IS: Department of Veterans Affairs Employee Fairness Act of 2017</dc:title>
<dc:publisher>U.S. Senate</dc:publisher>
<dc:date>2017-02-07</dc:date>
<dc:format>text/xml</dc:format>
<dc:language>EN</dc:language>
<dc:rights>Pursuant to Title 17 Section 105 of the United States Code, this file is not subject to copyright protection and is in the public domain.</dc:rights>
</dublinCore>
</metadata>
<form>
<distribution-code display="yes">II</distribution-code><congress>115th CONGRESS</congress><session>1st Session</session><legis-num>S. 336</legis-num><current-chamber>IN THE SENATE OF THE UNITED STATES</current-chamber><action><action-date date="20170207" legis-day="20170206">February 7 (legislative day, February 6), 2017</action-date><action-desc><sponsor name-id="S307">Mr. Brown</sponsor> (for himself, <cosponsor name-id="S313">Mr. Sanders</cosponsor>, <cosponsor name-id="S229">Mrs. Murray</cosponsor>, and <cosponsor name-id="S322">Mr. Merkley</cosponsor>) introduced the following bill; which was read twice and referred to the <committee-name committee-id="SSVA00">Committee on Veterans' Affairs</committee-name></action-desc></action><legis-type>A BILL</legis-type><official-title>To amend title 38, United States Code, to modify authorities relating to the collective bargaining
			 of employees in the Veterans Health Administration, and for other
			 purposes.</official-title></form>
	<legis-body display-enacting-clause="yes-display-enacting-clause">
 <section id="id1D4E8883E328420A83F027695FC616ED" section-type="section-one"><enum>1.</enum><header>Short title</header><text display-inline="no-display-inline">This Act may be cited as the <quote><short-title>Department of Veterans Affairs Employee Fairness Act of 2017</short-title></quote>.</text> </section><section id="idF4E54545FEB44D7A8B8014F085EBABAD" section-type="subsequent-section"><enum>2.</enum><header>Modification of authorities on collective bargaining of employees of the Veterans Health Administration</header><text display-inline="no-display-inline">Section 7422 of title 38, United States Code, is amended—</text>
 <paragraph id="id4396F579C4E244378AD4D02AF8BD2477"><enum>(1)</enum><text>by striking subsections (b), (c), and (d); and</text>
 </paragraph><paragraph id="id9DD34EC6674A432087C67DD8BC912ED0"><enum>(2)</enum><text>by redesignating subsection (e) as subsection (c).</text></paragraph></section></legis-body></bill>


