<?xml version="1.0"?>
<?xml-stylesheet type="text/xsl" href="billres.xsl"?>
<!DOCTYPE bill PUBLIC "-//US Congress//DTDs/bill.dtd//EN" "bill.dtd">
<bill bill-stage="Introduced-in-Senate" dms-id="A1" public-private="public">
	<metadata xmlns:dc="http://purl.org/dc/elements/1.1/">
<dublinCore>
<dc:title>115 S153 IS: Ensuring the Reliability of Our Hurricane Hunter Aircraft Act</dc:title>
<dc:publisher>U.S. Senate</dc:publisher>
<dc:date>2017-01-17</dc:date>
<dc:format>text/xml</dc:format>
<dc:language>EN</dc:language>
<dc:rights>Pursuant to Title 17 Section 105 of the United States Code, this file is not subject to copyright protection and is in the public domain.</dc:rights>
</dublinCore>
</metadata>
<form>
		<distribution-code display="yes">II</distribution-code>
		<congress>115th CONGRESS</congress><session>1st Session</session>
		<legis-num>S. 153</legis-num>
		<current-chamber>IN THE SENATE OF THE UNITED STATES</current-chamber>
		<action>
			<action-date date="20170117">January 17, 2017</action-date>
			<action-desc><sponsor name-id="S282">Mr. Nelson</sponsor> introduced the following bill; which was read twice and referred to the <committee-name committee-id="SSCM00">Committee on Commerce, Science, and Transportation</committee-name></action-desc>
		</action>
		<legis-type>A BILL</legis-type>
		<official-title>To ensure reliable observation of hurricanes.</official-title>
	</form>
	<legis-body>
 <section id="S1" section-type="section-one"><enum>1.</enum><header>Short title</header><text display-inline="no-display-inline">This Act may be cited as the <quote><short-title>Ensuring the Reliability of Our Hurricane Hunter Aircraft Act</short-title></quote>.</text> </section><section id="id87C7E91CECBE4B1EB942F01B9DFDD1F9" section-type="subsequent-section"><enum>2.</enum><header>Hurricane Hunter aircraft</header> <text display-inline="no-display-inline">The Under Secretary for Oceans and Atmosphere of the Department of Commerce shall secure and maintain secondary backup capability for each class of hurricane reconnaissance, research, surveillance, and response aircraft sufficient to prevent a single point of failure.</text>
 </section><section id="id54525EE53B7E422E89A70554B641157D" section-type="subsequent-section"><enum>3.</enum><header>Authorization of appropriations</header><text display-inline="no-display-inline">There are authorized to be appropriated such sums as may be necessary to carry out this Act.</text></section></legis-body> </bill> 

