<?xml version="1.0"?>
<?xml-stylesheet type="text/xsl" href="billres.xsl"?>
<!DOCTYPE bill PUBLIC "-//US Congress//DTDs/bill.dtd//EN" "bill.dtd">
<bill bill-stage="Introduced-in-Senate" dms-id="A1" public-private="public">
	<metadata xmlns:dc="http://purl.org/dc/elements/1.1/">
<dublinCore>
<dc:title>115 S468 IS: Historic Routes Preservation Act </dc:title>
<dc:publisher>U.S. Senate</dc:publisher>
<dc:date>2017-02-28</dc:date>
<dc:format>text/xml</dc:format>
<dc:language>EN</dc:language>
<dc:rights>Pursuant to Title 17 Section 105 of the United States Code, this file is not subject to copyright protection and is in the public domain.</dc:rights>
</dublinCore>
</metadata>
<form>
		<distribution-code display="yes">II</distribution-code>
		<congress>115th CONGRESS</congress><session>1st Session</session>
		<legis-num>S. 468</legis-num>
		<current-chamber>IN THE SENATE OF THE UNITED STATES</current-chamber>
		<action>
			<action-date date="20170228">February 28, 2017</action-date>
			<action-desc><sponsor name-id="S358">Mr. Flake</sponsor> (for himself, <cosponsor name-id="S197">Mr. McCain</cosponsor>, <cosponsor name-id="S352">Mr. Heller</cosponsor>, and <cosponsor name-id="S118">Mr. Hatch</cosponsor>) introduced the following bill; which was read twice and referred to the <committee-name committee-id="SSEG00">Committee on Energy and Natural Resources</committee-name></action-desc>
		</action>
		<legis-type>A BILL</legis-type>
		<official-title>To establish a procedure for resolving claims to certain rights-of-way. </official-title>
	</form>
	<legis-body>
		<section id="S1" section-type="section-one"><enum>1.</enum><header>Short title</header>
 <text display-inline="no-display-inline">This Act may be cited as the <quote><short-title>Historic Routes Preservation Act </short-title></quote>.</text>
 </section><section id="idDE314D288FC041B6AFE5440D56272ECE"><enum>2.</enum><header>Purpose</header><text display-inline="no-display-inline">The purpose of this Act is to achieve judicial and administrative efficiency for, and to reduce the costs typically associated with, resolving right-of-way claims under R.S. 2477 by—</text>
 <paragraph id="id5AB2262413BC4ECBBC84AB4D82EB99FA"><enum>(1)</enum><text display-inline="yes-display-inline">reducing the burden on Federal courts by establishing administrative procedures and evidentiary standards for the processing of R.S. 2477 right-of-way claims; and</text>
 </paragraph><paragraph id="idB35BCFC3BB674F97924A6A164529438A"><enum>(2)</enum><text display-inline="yes-display-inline">establishing—</text> <subparagraph id="id097E2ED3690A4A5EA4F69653DAAE3803"><enum>(A)</enum><text display-inline="yes-display-inline">a deadline for filing R.S. 2477 right-of-way claims;</text>
 </subparagraph><subparagraph id="id537954E471C140AEA5FE1EE9D9B55EE3"><enum>(B)</enum><text display-inline="yes-display-inline">mandatory procedures for considering and acting on the R.S. 2477 right-of-way claims; and</text>
 </subparagraph><subparagraph id="id0CDC7DD816A349C09A58735585CE76A0"><enum>(C)</enum><text display-inline="yes-display-inline">uniform legal and evidentiary standards of proof of public acceptance of R.S. 2477 right-of-way claims.</text>
 </subparagraph></paragraph></section><section id="HBF280C23343049E585DC4D378FE7718E"><enum>3.</enum><header>Definitions</header><text display-inline="no-display-inline">In this Act:</text> <paragraph commented="no" id="HF399168BB97643ACB1187DB0D13000F6"><enum>(1)</enum><header>Abandon or abandonment</header><text>The terms <term>abandon</term> and <term>abandonment</term> mean normal action by the governing body of a claimant taken at a public meeting pursuant to notice that declares all right, title, and claim to a R.S. 2477 right-of-way is relinquished.</text>
 </paragraph><paragraph commented="no" id="HDB1D056D1DF34981873B4B31D68B82AA"><enum>(2)</enum><header>Acceptance or accepted</header><text display-inline="yes-display-inline">The terms <term>acceptance</term> and <term>accepted</term> mean—</text> <subparagraph commented="no" id="id440FDF5A000343DD9389D7E9568CF477"><enum>(A)</enum><text display-inline="yes-display-inline">a positive or affirmative action by a State or county governmental authority on or before October 21, 1976, including—</text>
 <clause commented="no" id="id3505E38EBD8742C9B48C8CA012797F44"><enum>(i)</enum><text display-inline="yes-display-inline">a formal resolution or declaration of ownership; or</text> </clause><clause commented="no" id="id739C67FD026C44D897179FFA18BDF35A"><enum>(ii)</enum><text display-inline="yes-display-inline">the inclusion of a highway in an official road map;</text>
 </clause></subparagraph><subparagraph commented="no" id="id55E3C55E896943C1AA4A06C5CB97E619"><enum>(B)</enum><text>the construction, improvement, or maintenance of a highway by a State or county governmental authority on or before October 21, 1976; or</text>
 </subparagraph><subparagraph commented="no" id="id750983F3596A47DCB3F0C55A46B88412"><enum>(C)</enum><text>the continuous use of a highway by the public for a period of not fewer than 5 consecutive years ending on a date that is on or before October 21, 1976.</text>
 </subparagraph></paragraph><paragraph commented="no" id="H2160D158B47E4262A3C6FE7FC6CDD075"><enum>(3)</enum><header>Claim</header><text>The term <term>claim</term> means the assertion of public acceptance of a R.S. 2477 right-of-way filed under section 4(a)(1).</text> </paragraph><paragraph commented="no" id="HE9EF4E253C834E87A2682762D1BDE779"><enum>(4)</enum><header>Claimant</header><text>The term <term>claimant</term> means any State, county, political subdivision or agency of a State, company, or other person asserting the public acceptance of a right-of-way under R.S. 2477.</text>
 </paragraph><paragraph id="HD95A2AF8ADC04C6D80960FD360F4BE53"><enum>(5)</enum><header>Construction</header><text>The term <term>construction</term> means the physical activity reasonably necessary, advisable, or desirable to allow continuous public use over a highway according to the intended mode of travel or transportation, which may be established by the use of any tools or equipment, or other means, including mere usage.</text>
 </paragraph><paragraph commented="no" id="H23577C723CF941D0916B41F180EDE7C4"><enum>(6)</enum><header>Continuous public use</header><text display-inline="yes-display-inline">The term <term>continuous public use</term> means the uninterrupted use of a highway by the public for passage as often as generally regarded by the public to be convenient or necessary depending on the character of the land and the nature of the use.</text>
 </paragraph><paragraph commented="no" id="HF8A77782E704441FA5E2EF261679523E"><enum>(7)</enum><header>Disclaimer and relinquishment</header><text display-inline="yes-display-inline">The term <quote>disclaimer and relinquishment</quote> means any type of deed or equivalent document in a form suitable for recordation that is approved and issued by the Secretary disclaiming and relinquishing the interest of the Federal Government in a R.S. 2477 right-of-way.</text>
 </paragraph><paragraph commented="no" id="HDF926969BE6548EBB3B0C1B0C5F77FC7"><enum>(8)</enum><header>Evidence</header><text>The term <term>evidence</term> means any testimony, object, or document described in section 5 that would be reliable, authentic, probative, and persuasive in Federal district court under the Federal Rules of Evidence that are in effect on the date of enactment of this Act.</text>
 </paragraph><paragraph commented="no" id="H057D31E701F94C76965C95705CD91CEC"><enum>(9)</enum><header>Highway</header><text>The term <term>highway</term> means any road, way, or other land surface route of travel that the public has the right of use for passage, whether by carriage, animal, foot, or non-motorized or motorized vehicle.</text>
 </paragraph><paragraph commented="no" id="id6DDB2B678AC9404594F1A174D324FFCF"><enum>(10)</enum><header>Improvement</header><text>The term <term>improvement</term> means—</text> <subparagraph commented="no" id="id6512914A93934C0D8AE9D7DCB94BA476"><enum>(A)</enum><text>the widening of a highway;</text>
 </subparagraph><subparagraph commented="no" id="idCA5F4C4B6A13462FAE63EE76B9C771AB"><enum>(B)</enum><text>the horizontal or vertical realignment of a highway;</text> </subparagraph><subparagraph commented="no" id="id75BD3FFC518744AA82F0CD4E656000CF"><enum>(C)</enum><text>the installation (as distinguished from cleaning, repair, or replacement in kind) of a bridge, culvert, or other drainage structure or conduit; or</text>
 </subparagraph><subparagraph commented="no" id="idDF1BCB18124C45AF926744EFE4660A41"><enum>(D)</enum><text>any significant change in the surface composition of a highway.</text> </subparagraph></paragraph><paragraph commented="no" id="idC4EF9B7D3CCA4C9B8CE67198367C857E"><enum>(11)</enum><header>Maintenance</header><text>The term <term>maintenance</term> means the preservation of an existing highway, including—</text>
 <subparagraph commented="no" id="id861B402E44884FFFA9C16A3A4E686000"><enum>(A)</enum><text>the physical upkeep of the highway;</text> </subparagraph><subparagraph commented="no" id="idCA66E43BAE0342A581B9D886D3DE8B48"><enum>(B)</enum><text>the repair of wear or damage to the highway from natural or other causes;</text>
 </subparagraph><subparagraph commented="no" id="id66314C8A61054BCDA9EBE0A301CBE1C9"><enum>(C)</enum><text>the restoration of the shape of the highway; and</text> </subparagraph><subparagraph commented="no" id="id3F2E2B45EBAA44228BE9B6112F63FC19"><enum>(D)</enum><text>the gradation of the highway or other measures to ensure that the shape of the highway permits drainage.</text>
 </subparagraph></paragraph><paragraph id="HC544D98B38454CB68376D58884856CE4"><enum>(12)</enum><header>Public land</header><text display-inline="yes-display-inline">The term <term>public land</term> means land—</text> <subparagraph id="id597279EFC84B464CBA09934EE44D1D6D"><enum>(A)</enum><text display-inline="yes-display-inline">that is owned, controlled by, or subject to the jurisdiction of the Federal Government for the benefit of the public; and</text>
 </subparagraph><subparagraph id="idE4A03E769CDD47E8983381F71FD58A64"><enum>(B)</enum><text display-inline="yes-display-inline">that was not reserved on the date on which a R.S. 2477 right-of-way grant was accepted.</text>
				</subparagraph></paragraph><paragraph id="id156B704C3FF24AD29640962D191B1595"><enum>(13)</enum><header>Public or public user</header>
 <subparagraph id="idD95463BC29374954AB4112255DA50CC2"><enum>(A)</enum><header>In general</header><text>The terms <term>public</term> or <term>public user</term> mean all natural persons, including Federal lessees, permitees, licensees, invitees, and any other natural person that holds an authorization or is otherwise allowed to enter or use public land.</text>
 </subparagraph><subparagraph id="id4499941ABFB74173BC150CA0FDBD52EB"><enum>(B)</enum><header>Exceptions</header><text>The terms <term>public</term> or <term>public user</term> do not include any Federal agent or employee acting within the scope of the employment of the Federal agency or employee.</text>
 </subparagraph></paragraph><paragraph id="HDC99B3A7C38E43F990112AE9CA3BEF07"><enum>(14)</enum><header>R.S. 2477</header><text>The term <term>R.S. 2477</term> means section 2477 of the Revised Statutes (<external-xref legal-doc="usc" parsable-cite="usc/43/932">43 U.S.C. 932</external-xref>) repealed by section 706 of the Federal Land Policy and Management Act of 1976 (<external-xref legal-doc="public-law" parsable-cite="pl/94/579">Public Law 94–579</external-xref>; 90 Stat. 2793).</text>
 </paragraph><paragraph id="idFFFBCB5613CD40D7AC19F09D34E0F8A5"><enum>(15)</enum><header>R.S. 2477 right-of-way</header><text>The term <term>R.S. 2477 right-of-way</term> means an open-ended grant or dedication of land by the United States for rights-of-way allowing public use and passage, which could be accepted.</text>
			</paragraph><paragraph commented="no" id="H1B425A5D14B94273A528DA55E847D7E5"><enum>(16)</enum><header>Reserved</header>
 <subparagraph commented="no" id="idE5AAAD5701664AE7A6C25E40FEBD87A7"><enum>(A)</enum><header>In general</header><text display-inline="yes-display-inline">The term <term>reserved</term> means action by the Secretary, before the earlier of a R.S. 2477 right-of-way acceptance or October 21, 1976—</text>
 <clause commented="no" id="id49B9C1A606374F2B9BDFAC788004981C"><enum>(i)</enum><text display-inline="yes-display-inline">to withdraw land from the public domain;</text> </clause><clause commented="no" id="id1132F7276CEF4F43A3C3CDA389185880"><enum>(ii)</enum><text display-inline="yes-display-inline">to make the land unavailable for appropriation under public land laws; and</text>
 </clause><clause commented="no" id="idB5D2ED0F7E59477892FDA7F898CF02D3"><enum>(iii)</enum><text display-inline="yes-display-inline">to dedicate the land by the United States to a specific public purpose, such as a park, military establishment, wilderness area, tribal land, or Federal enclave, that does not rely on a R.S. 2477 right-of-way for the public purpose.</text>
 </clause></subparagraph><subparagraph commented="no" id="HAA14A47B2DE64472A7801DA378D03A4E"><enum>(B)</enum><header>Exclusion</header><text>The term <quote>reserved</quote> does not apply to an action of the Secretary with respect to the designation of a wilderness study area, an area of critical environmental concern, or land with wilderness characteristics.</text>
 </subparagraph></paragraph><paragraph id="H69A389178CDA4D41858EE18B5AA6A409"><enum>(17)</enum><header>Scope</header><text>The term <term>scope</term> means the established width of a R.S. 2477 right-of-way as of the date of acceptance, including the area needed to meet the public convenience or safety or the exigencies of increased travel based on the traditional use of a highway (including permissible improvements, realignments, or relocation), and is not limited to the disturbed surface of the highway.</text>
 </paragraph><paragraph id="H07A4B01E510249A68A3D7AD279E9C113"><enum>(18)</enum><header>Secretary</header><text>The term <term>Secretary</term> means the Secretary with management jurisdiction over land owned or controlled by the United States on which a R.S. 2477 right-of-way is claimed to be located.</text>
			</paragraph></section><section id="H38FB21E1D88147E9B8156CCE4D8D3F83"><enum>4.</enum><header>Filing of claim</header>
			<subsection id="idD63C90DA87CC47D8AC7A59DCDD45A3D5"><enum>(a)</enum><header>Filing</header>
 <paragraph id="idC2F0A1703AE0411C966BC61B147D2296"><enum>(1)</enum><header>In general</header><text display-inline="yes-display-inline">Except as provided in paragraph (2), during the 25-year period beginning on the date of enactment of this Act, a claimant asserting the public acceptance of a right-of-way granted under R.S. 2477 may file a claim under this section.</text>
 </paragraph><paragraph id="idC1DC483C44E44DF1836E86FFF559C2D0"><enum>(2)</enum><header>Exception</header><text>Notwithstanding paragraph (1), a claimant may not file a claim under paragraph (1) if the claimant filed a notice of an intent to file suit with respect to a claim asserting the public acceptance of a right-of-way granted under R.S. 2477 under section 2409a(m) of title 28, United States Code, before the date of enactment of this Act.</text>
				</paragraph></subsection><subsection id="id27DB1FCECA894F25AE511D79CDFAACFB"><enum>(b)</enum><header>Form; contents</header>
 <paragraph id="idA8AB3F3B72824ED69993403F0449C920"><enum>(1)</enum><header>Form</header><text>Not later than 30 days after the date of enactment of this Act, the Secretary shall establish a form to be used by claimants for filing claims under this section.</text>
 </paragraph><paragraph id="idA84C988A0C6E4960A5B1F4D489EE72C4"><enum>(2)</enum><header>Contents</header><text>A claim filed under subsection (a)(1) shall include—</text> <subparagraph id="id2B1684B125C1457F99E54030E3F783FA"><enum>(A)</enum><text>evidence supporting the claim; and</text>
 </subparagraph><subparagraph id="id4A4037CBB24143758AC888E30E59BFA6"><enum>(B)</enum><text>proof of notice or attempted notice by the claimant under subsection (d).</text> </subparagraph></paragraph></subsection><subsection id="H67C22D01462443B8A887022114C4876C"><enum>(c)</enum><header>Place of filing</header><text>A claimant shall file a claim in the appropriate State or regional location designated by the Secretary for the filing of claims under this section.</text>
			</subsection><subsection id="HD2907B3F08324166A9E458CE424D67A1"><enum>(d)</enum><header>Notice</header>
 <paragraph id="id54FA0E8347A6465CB1088FC10CE4A93C"><enum>(1)</enum><header>In general</header><text>Except as provided in paragraph (3), a claimant shall provide notice of the right-of-way claim by—</text>
 <subparagraph id="id722F1160D6A84939A0D6FC7FDEEF951E"><enum>(A)</enum><text>at least once per week during the 2-week period immediately preceding the filing of the claim, publishing in a newspaper authorized to publish public notice under the laws of the State in which the longest lineal part of the claimed R.S. 2477 right-of-way is located, a general summary of the claim, including the location and general description of the claimed R.S. 2477 right-of-way; and</text>
 </subparagraph><subparagraph id="id98096E2196574BFAAED23BE0223A3657"><enum>(B)</enum><text>not later than 30 days after the date on which the claim is filed, providing, or reasonably attempting to provide, written notice of the claim to all owners of land contiguous to the boundary of the claimed right-of-way.</text>
 </subparagraph></paragraph><paragraph id="id50BC6403BF524849BF09C311FE463424"><enum>(2)</enum><header>Attempted notice</header><text>The reasonable attempt of a claimant to provide written notice under paragraph (1)(B) shall be considered to be sufficient notice under this subsection if the claimant files with Secretary verification of the reasonable attempt under written oath or affirmation.</text>
 </paragraph><paragraph id="id5496ec04e3cf4e428144d5512b9802bb"><enum>(3)</enum><header>Exception</header><text>Notwithstanding paragraph (1), a claimant shall be considered to have given sufficient notice under this subsection if the claimant provides notice of an intent to file suit with respect to the claimed R.S. 2477 right-of-way under section 2409a(m) of title 28, United States Code, on or after the date of enactment of this Act.</text>
 </paragraph></subsection><subsection id="HF26BEB9E37184A2BA11B828C9F174F61"><enum>(e)</enum><header>Effect of failure To meet filing deadline or requirements</header><text>If a claimant fails to comply with the requirements of—</text> <paragraph id="idCC83E7990D34473FB45F3430602156FC"><enum>(1)</enum><text>subsection (a)(1), the failure shall be considered to be an automatic irrevocable abandonment of any R.S. 2477 right-of-way claim; or</text>
 </paragraph><paragraph id="id88365B147C424AB0800A42757BB66B42"><enum>(2)</enum><text>subsection (b), (c), or (d), the claim filed by the claimant shall not be processed until the date on which the failure to comply with those subsections is cured.</text>
 </paragraph></subsection><subsection id="HF9C3305744844DDDAEFAFB67B1854EBE"><enum>(f)</enum><header>Statue of limitations</header><text display-inline="yes-display-inline">Except as provided in subsection (a)(1), any statute of limitations for asserting the public acceptance of the R.S. 2477 right-of-way is waived.</text>
			</subsection></section><section id="H0F3C6EC738044236AA1AA431F425D83C"><enum>5.</enum><header>Evidence and final decision</header>
 <subsection id="H2C2D1F9B774A4CDCBADDD6B672547B87"><enum>(a)</enum><header>Burden of proof</header><text>A claimant shall have the burden to prove by a preponderance of the evidence the acceptance of a right-of-way under R.S. 2477.</text>
			</subsection><subsection id="H3D290AE135F0463087F04C4FD18DEB2A"><enum>(b)</enum><header>Presumptions</header>
 <paragraph id="HED05C1E1730740508094493064AA2082"><enum>(1)</enum><header>In general</header><text>Except in a case in which the land underlying the claimed R.S. 2477 right-of-way was reserved before the earlier of construction of a highway on the right-of-way, or October 21, 1976, acceptance (including continuous public use, location, construction, and scope of the R.S. 2477 right-of-way) shall be conclusively verified, proven, and established on filing, under oath or affirmation by a claimant attesting to the authenticity and accuracy, of—</text>
 <subparagraph id="H999C515A292D4D5091970C1B86B6D186"><enum>(A)</enum><text>at least 2 types of evidence from among the category of evidence described in subsection (c)(1) relating to the R.S. 2477 right-of-way; or</text>
 </subparagraph><subparagraph id="H1032AEA2E46B4628B565B49BB47389FF"><enum>(B)</enum><text>all 3 types of evidence described in subparagraph (A) through (C) of subsection (c)(2), in the case of demonstrating scope and acceptance before October 21, 1976.</text>
 </subparagraph></paragraph><paragraph id="H2C7CC24E9D754E8ABEFE5C97B231A1EF"><enum>(2)</enum><header>Copies</header><text>A copy of an original document may be used as evidence in the place of the original document under this section if the copy is accompanied by a written declaration, under oath by a custodian, owner, or author, that the copy is an accurate representation of the material terms of the original document.</text>
 </paragraph><paragraph id="id913FF97775DF4B449031B4B4DDE79AEC"><enum>(3)</enum><header>Hearsay</header><text>Hearsay contained in a document or otherwise provided shall be considered reliable, admissible, and probative for the purposes of this Act.</text>
 </paragraph><paragraph id="H9C9C813E2EA64E9D9939F466AC127296"><enum>(4)</enum><header>Grant withdrawal</header><text display-inline="yes-display-inline">Evidence produced by the United States that establishes that the United States reserved the land underlying the R.S. 2477 right-of-way before acceptance conclusively establishes withdrawal of the Federal grant for the R.S. 2477 right-of-way.</text>
 </paragraph></subsection><subsection id="H8EFB21825E714451A5D705AB2B1093C9"><enum>(c)</enum><header>Description of categories of evidence</header><text display-inline="yes-display-inline">For the purposes of actions under this Act, there are 2 categories of evidence that shall be considered:</text>
 <paragraph id="id0A1AB9A96F3046D1928A51D7306429C9"><enum>(1)</enum><header>Category 1</header><text>Category 1 evidence consists of each of the following types of evidence:</text> <subparagraph id="H248B022DEF924A3695A02814A867C0CA"><enum>(A)</enum><text>A center line or other survey conducted by the Federal Government or duly licensed land surveyor, applying generally accepted survey standards and procedures or the Bureau of Land Management Manual of Surveying Instructions applicable to surveys before October 21, 1976, clearly showing the public use, control, construction, location, direction, beginning and end points, length, width, and type of surface of the R.S. 2477 right-of-way as of date certain.</text>
 </subparagraph><subparagraph id="id9DA7E2F3C0E54AFD9D6BDD02119E989F"><enum>(B)</enum><text>Maps, plats, maintenance records (including actual or estimated costs of maintenance), photographs, GIS or global positioning data, or other computer-generated images showing the location of the R.S. 2477 right-of-way prepared, made, edited, kept, or relied on, generally or on a case-by-case basis, by the Federal Government, a State or local government, an institution of higher education, college, or a public or private organization historically, customarily or regularly engaged in the preparation, retention, analysis, or expert interpretation of contemporary or historic maps.</text>
 </subparagraph><subparagraph id="id79184438435E473DAB96C0A882F6D771"><enum>(C)</enum><text>Historical or other records of government entities or records constructed, obtained, or kept by a government in the ordinary course of business, including Federal, State, local, and territorial records, such as records of the Departments of the Interior, Agriculture, or Defense, the Bureau of Land Management, the Forest Service, the Natural Resources Conservation Service, the Soil Conservation Service, General Land Office, Federal centers or enclaves, the Smithsonian Institution, and the Library of Congress.</text>
 </subparagraph></paragraph><paragraph id="id5C5A534991FC4717A2060FFB259AE010"><enum>(2)</enum><header>Category 2</header><text>Category 2 evidence consists of each of the following types of evidence:</text> <subparagraph id="HC49CC66258AB4387A50FB0B1CE348D52"><enum>(A)</enum><text>In addition to the records described in paragraph (1)(C), other historical records, including original documents, authenticated copies, facsimiles, and computer-transmitted images reliably showing evidence of construction (including tools used, if any), location (including aerial photographs, topographical maps, and government road maps), fixtures, and other structures, or maintenance by a State or local government of the R.S. 2477 right-of-way before October 21, 1976.</text>
 </subparagraph><subparagraph id="id7570821D1FF14E73809983E6938F15BF"><enum>(B)</enum><text>Written or transcribed oral statements from at least 2 persons, given under oath before a notary public, court recorder, judge or any other government official authorized by law to administer oaths or otherwise authenticated reciting reliable knowledge of the facts that establish the acceptance by public usage of the R.S. 2477 right-of-way before October 21, 1976.</text>
 </subparagraph><subparagraph id="id7F3E6AF3AE0D40538727E721B2F2B8E7"><enum>(C)</enum><text>A title opinion prepared by a duly licensed title examiner prepared in accordance with generally accepted title standards, establishing the title, location, and dimensions of the R.S. 2477 right-of-way.</text>
					</subparagraph></paragraph></subsection><subsection id="id92bf5988c13748ca9014aab622eab151"><enum>(d)</enum><header>Scope</header>
 <text>The scope of a R.S. 2477 right-of-way shall be the scope of the R.S. 2477 right-of-way as of the date of enactment of this Act.</text>
			</subsection><subsection id="H098A2FA618E94038A58F67C796AC4E3C"><enum>(e)</enum><header>Determination of abandonment</header>
 <paragraph id="idED008A80B19745C89B865134BECB9CB2"><enum>(1)</enum><header>In general</header><text>Not later than 90 days after the date on which a R.S. 2477 right-of-way is conclusively established as accepted under subsection (b)(1), the Secretary shall determine, in writing, whether the R.S. 2477 right-of-way has been previously abandoned by the claimant.</text>
 </paragraph><paragraph id="idFCDF8261076445BAAF9B55AA9FCAAB03"><enum>(2)</enum><header>Failure to make determination</header><text>The failure of the Secretary to make a written determination within the 90-day period described in paragraph (1) shall conclusively establish that the right-of-way has not been abandoned.</text>
 </paragraph><paragraph id="idF92250D376144E8B805A1B913577220F"><enum>(3)</enum><header>Final agency action</header><text>The determination by the Secretary under paragraph (1), or the failure to make the determination by the date described in that paragraph, shall be a final agency action, subject to appeal, in accordance with section 6.</text>
				</paragraph></subsection><subsection id="H301FB6FCF22841CF8061A422D8315415"><enum>(f)</enum><header>Disclaimer and relinquishment required</header>
 <paragraph id="id3B243E8C9C304C9D9290B88CB5B9CE59"><enum>(1)</enum><header>In general</header><text>Subject to subsection (e), not later than 120 days after the date on which evidence to establish acceptance of a R.S. 2477 right-of-way has been filed under this section, the Secretary shall deliver to the claimant a written document disclaiming and relinquishing the right and interest of the United States in and to the R.S. 2477 right-of-way.</text>
 </paragraph><paragraph id="idFD95D014389247698A6FCDA9F5B8C519"><enum>(2)</enum><header>Form</header><text>The disclaimer and relinquishment under paragraph (1) shall be in a form that allows the recording of the disclaimer and relinquishment in State and local real estate records.</text>
 </paragraph><paragraph id="id0183244C4ECC4034BCA858BD585E697F"><enum>(3)</enum><header>Recording</header><text>The disclaimer and relinquishment under paragraph (1) shall—</text> <subparagraph id="idC4C5BC0FAADF466481F97B7859E5AD6C"><enum>(A)</enum><text>be recorded in the public land records under the jurisdiction of the Secretary; and</text>
 </subparagraph><subparagraph id="id8965706201AC45418C8947CBCF197958"><enum>(B)</enum><text>conclusively establish the title of the claimant to use the R.S. 2477 right-of-way.</text>
 </subparagraph></paragraph><paragraph id="id6ED9CAB680B44F6986643B36B19319B7"><enum>(4)</enum><header>Review</header><text>The document delivered by, and any actions of, the Secretary under paragraph (1)—</text> <subparagraph id="id9AB8A4D3962340D68B6AD024BCB58B3F"><enum>(A)</enum><text>shall only be subject to review as provided in section 6; and</text>
 </subparagraph><subparagraph id="id6564EDC9FC1E4A52AE8034AD125C3C09"><enum>(B)</enum><text>shall not be subject to—</text> <clause id="id3AF7686C349D40AF8687C9DF8D213F19"><enum>(i)</enum><text>quiet title proceedings under section 6(d) or any other provision of law; or</text>
 </clause><clause id="id50C9A26F115040959FABFA72BA476B03"><enum>(ii)</enum><text>any other judicial or administrative de novo or on the record reviews, claims, actions, or proceedings.</text>
 </clause></subparagraph></paragraph><paragraph id="H269719D932CE44C8955BB253A3A15AD1"><enum>(5)</enum><header>Federal register notice of final agency action</header><text>Not later than 30 days after the date on which the document is delivered under paragraph (1), the Secretary shall publish in the Federal Register notice of the action by the Secretary under that paragraph.</text>
				</paragraph></subsection></section><section id="idf4fec3e7e82647a29fee23d2d72a642c"><enum>6.</enum><header>Judicial review</header>
			<subsection id="idb78f2568ab604d8eb44b763e61c6a3aa"><enum>(a)</enum><header>Jurisdiction</header>
 <paragraph id="idd0f961fe69cd45adb2e54a10e86f977f"><enum>(1)</enum><header>Filing</header><text>If a claimant seeks to appeal the denial by the Secretary of a claimed R.S. 2477 right-of-way under this Act, the claimant shall file an appeal of the denial in the district court of the United States for the judicial district in which the longest lineal segment of the claimed R.S. 2477 right-of-way is located.</text>
 </paragraph><paragraph id="idabafa923f2854266a8443d66b1ea7b08"><enum>(2)</enum><header>Exclusive jurisdiction</header><text>A district court described in paragraph (1) shall have the exclusive jurisdiction to decide the appeal on the record before the Secretary regarding the claimed R.S. 2477 right-of-way, subject only to appeal or review on the record by a court with appropriate Federal appellate jurisdiction.</text>
 </paragraph></subsection><subsection id="id63aa1734edb24a9692976e3280525a41"><enum>(b)</enum><header>Filing</header><text>Any action initiated under subsection (a) shall be filed not later than 30 days after the date on which the Secretary provides written notice to the claimant of the denial by the Secretary of the claimed R.S. 2477 right-of-way.</text>
 </subsection><subsection id="id6557a6bb554c468d9d8f5accf21c97e2"><enum>(c)</enum><header>Prior adjudication not affected</header><text>Nothing in this Act affects a final settlement or final judgment in any court of competent jurisdiction before the date of enactment of this Act in which the United States was a party in determining rights to a R.S. 2477 right-of-way.</text>
			</subsection><subsection id="id53cdb5615e2049059891679c7708962a"><enum>(d)</enum><header>Actions to quiet title unaffected</header>
 <paragraph id="ide3d6f7887b3143b19f76fbb79b24c5eb"><enum>(1)</enum><header>In general</header><text>Subject to this section and section 5, Federal court actions to quiet R.S. 2477 titles that involve R.S. 2477 claims previously filed under this Act in which a disclaimer and relinquishment are pending or have been issued are null and void.</text>
 </paragraph><paragraph id="idb32edf26e1db44f4a1ea80ef7cc0593b"><enum>(2)</enum><header>Allowable actions</header><text>Any quiet title action not prohibited under paragraph (1) shall be filed during or before the date described in section 4(a)(1).</text>
				</paragraph></subsection></section><section id="H74773F866D674DCC986D9090AB57F6EA"><enum>7.</enum><header>Applicable law and time extensions</header>
			<subsection id="H0C8ADE6B15084D749C542CB0514B8F1F"><enum>(a)</enum><header>Application of State and Federal law</header>
 <paragraph id="idD243ECC87DC443EC8ADFA8B29CB6DECA"><enum>(1)</enum><header>In general</header><text>This Act shall apply with respect to conclusively establishing the acceptance, scope, validity, or abandonment of a R.S. 2477 right-of-way.</text>
 </paragraph><paragraph id="id19909BF2DCD44A6D811E04C811B82185"><enum>(2)</enum><header>Preemption</header><text>In the case of any inconsistency or conflict between the provisions of this Act and State law, this Act shall apply in determining the acceptance, scope, validity, and abandonment of a R.S. 2477 right-of-way.</text>
 </paragraph></subsection><subsection id="HBD8A965F4AEF4DD7AEDAE551C614F470"><enum>(b)</enum><header>Extension</header><text>The Secretary shall grant a 1-time extension of a deadline established by this Act, for a maximum period of 1 year, for good cause, if the claimant submits to the Secretary, not later than 30 days before the date on which the deadline expires, a written request for the extension signed by the claimant under oath or affirmation.</text>
			</subsection></section><section id="H562CBD350819454995A4C4786DB8304D"><enum>8.</enum><header>Implementation required</header>
 <subsection id="idB5F76A1D689F489EB9B94C284265492D"><enum>(a)</enum><header>In general</header><text display-inline="yes-display-inline">Subject to section 4(e)—</text> <paragraph id="id314C174C9CCA42B38604BAADF3F46C4B"><enum>(1)</enum><text display-inline="yes-display-inline">not later than 90 days after the date of enactment of this Act, the Secretary shall complete all policies, procedures, delegations, forms, and any other action necessary to implement this Act; and</text>
 </paragraph><paragraph id="id06B4DCDFE7FC401585346AA09D1A8417"><enum>(2)</enum><text display-inline="yes-display-inline">on the completion of the actions described in paragraph (1), begin processing claims under this Act.</text>
 </paragraph></subsection><subsection id="idCF5D8B43B2A2409FA6829D1F6D15B1C9"><enum>(b)</enum><header>Injunction; liability</header><text display-inline="yes-display-inline">The duties and obligations of, or failure to perform by, the Secretary under this section—</text>
 <paragraph id="id85C9280342C640F98E0FCCB975D1F0B0"><enum>(1)</enum><text display-inline="yes-display-inline">are enforceable by injunction or restraining order ; and</text>
 </paragraph><paragraph id="id608E4A9F54344842B1E2C3D6DCE7894D"><enum>(2)</enum><text display-inline="yes-display-inline">may result in official and personal civil liability.</text> </paragraph></subsection></section><section id="H9C8506557AB14332B6C06DEC193D9514"><enum>9.</enum><header>Effect; applicability</header> <subsection id="id2D31AB4EB009448DA7C06170256F8929"><enum>(a)</enum><header>Effect on other laws</header><text display-inline="yes-display-inline">Nothing in this Act affects or modifies—</text>
 <paragraph id="idCC056A5C22AD4C5DB759D4D9F4C3100D"><enum>(1)</enum><text display-inline="yes-display-inline">title V of the Federal Land Policy and Management Act of 1976 (<external-xref legal-doc="usc" parsable-cite="usc/43/1761">43 U.S.C. 1761</external-xref> et seq.); or</text>
 </paragraph><paragraph id="idABA539F1828546FF8F55EBDC5F8071C6"><enum>(2)</enum><text display-inline="yes-display-inline">title XI of the Alaska National Interest Lands Conservation Act (<external-xref legal-doc="usc" parsable-cite="usc/16/3161">16 U.S.C. 3161</external-xref> et seq.).</text>
 </paragraph></subsection><subsection id="id87036A400F1648FBA749DEC7F313EB90"><enum>(b)</enum><header>Excluded land</header><text>Nothing in this Act applies to or affects—</text> <paragraph id="idA40A42E8BEB944C7985821BADA92A5A8"><enum>(1)</enum><text>the use of Department of Defense land or land with respect to which the Department of Defense shares control or jurisdiction;</text>
 </paragraph><paragraph id="idad510b0517ed4c48846b00746f7d55fd"><enum>(2)</enum><text>land that is not owned by the United States;</text> </paragraph><paragraph id="idae1a64cbf8244cef9ca9ae2d09cbccf3"><enum>(3)</enum><text>land held in trust by the Secretary of the Interior for any Indian tribe; or</text>
 </paragraph><paragraph id="id4ba32a174c1740058d37ece46237ee8e"><enum>(4)</enum><text>land within the outer boundary of—</text> <subparagraph id="id2a2b70e939274bb7a69438f6389158bf"><enum>(A)</enum><text>a National Park; or</text>
 </subparagraph><subparagraph id="ide63949a95b7641888916feff03dc5bbf"><enum>(B)</enum><text>a congressionally designated National Wilderness Area.</text> </subparagraph></paragraph></subsection></section><section commented="no" display-inline="no-display-inline" id="HA0FE5CF07E9B4041959EFE8959B69A14"><enum>10.</enum><header>Repeal of restrictions on regulations</header><text display-inline="no-display-inline">Section 108 of the Department of the Interior and Related Agencies Appropriations Act, 1997 (<external-xref legal-doc="public-law" parsable-cite="pl/104/208">Public Law 104–208</external-xref>; 110 Stat. 3009–200) is repealed.</text>
		</section></legis-body>
</bill>


