<?xml version="1.0"?>
<?xml-stylesheet type="text/xsl" href="billres.xsl"?>
<!DOCTYPE bill PUBLIC "-//US Congress//DTDs/bill.dtd//EN" "bill.dtd">
<bill bill-stage="Introduced-in-Senate" dms-id="A1" public-private="public"><metadata xmlns:dc="http://purl.org/dc/elements/1.1/">
<dublinCore>
<dc:title>115 S610 IS: PCAOB Enforcement Transparency Act of 2017</dc:title>
<dc:publisher>U.S. Senate</dc:publisher>
<dc:date>2017-03-13</dc:date>
<dc:format>text/xml</dc:format>
<dc:language>EN</dc:language>
<dc:rights>Pursuant to Title 17 Section 105 of the United States Code, this file is not subject to copyright protection and is in the public domain.</dc:rights>
</dublinCore>
</metadata>
<form>
<distribution-code display="yes">II</distribution-code><congress>115th CONGRESS</congress><session>1st Session</session><legis-num>S. 610</legis-num><current-chamber>IN THE SENATE OF THE UNITED STATES</current-chamber><action><action-date date="20170313">March 13, 2017</action-date><action-desc><sponsor name-id="S259">Mr. Reed</sponsor> (for himself and <cosponsor name-id="S153">Mr. Grassley</cosponsor>) introduced the following bill; which was read twice and referred to the <committee-name committee-id="SSBK00">Committee on Banking, Housing, and Urban Affairs</committee-name></action-desc></action><legis-type>A BILL</legis-type><official-title>To promote transparency by permitting the Public Company Accounting Oversight Board to allow its
			 disciplinary proceedings to be open to the public, and for other purposes.</official-title></form>
	<legis-body display-enacting-clause="yes-display-enacting-clause">
		<section id="S1" section-type="section-one"><enum>1.</enum><header>Short
 title</header><text display-inline="no-display-inline">This Act may be cited as the <quote><short-title>PCAOB Enforcement Transparency Act of 2017</short-title></quote>.</text>
		</section><section id="id25DC1C29F99B4DD2994A2C46E4520259"><enum>2.</enum><header>Open meetings
 authorized</header><text display-inline="no-display-inline">Section 105(c)(2) of the Sarbanes-Oxley Act of 2002 (<external-xref legal-doc="usc" parsable-cite="usc/15/7215">15 U.S.C. 7215(c)(2)</external-xref>) is amended to read as follows:</text>
			<quoted-block display-inline="no-display-inline" id="id656EC4041B0C43DAA979FBDF95DB15C9" style="OLC">
				<paragraph id="id7D860C1040A0433B821E1CB1FA50E625"><enum>(2)</enum><header>Public
 hearings</header><text>Hearings under this section shall be open to the public, unless the Board, on its own motion or after considering the motion of a party, orders otherwise.</text></paragraph><after-quoted-block>.</after-quoted-block></quoted-block>
		</section><section id="id1931A4908E3B4D27B5E983DDE36DCBA6"><enum>3.</enum><header>Publication of
 determinations</header><text display-inline="no-display-inline">Section 105(d)(1)(C) of the Sarbanes-Oxley Act of 2002 (<external-xref legal-doc="usc" parsable-cite="usc/15/7215">15 U.S.C. 7215(d)(1)(C)</external-xref>) is amended by striking <quote>(once any stay on the imposition of such sanction has been lifted)</quote>.</text></section></legis-body></bill>


