<?xml version="1.0"?>
<?xml-stylesheet type="text/xsl" href="billres.xsl"?>
<!DOCTYPE bill PUBLIC "-//US Congress//DTDs/bill.dtd//EN" "bill.dtd">
<bill bill-stage="Introduced-in-Senate" dms-id="A1" public-private="private"><metadata xmlns:dc="http://purl.org/dc/elements/1.1/">
<dublinCore>
<dc:title>115 S388 IS: For the relief of Maha Dakar.</dc:title>
<dc:publisher>U.S. Senate</dc:publisher>
<dc:date>2017-02-15</dc:date>
<dc:format>text/xml</dc:format>
<dc:language>EN</dc:language>
<dc:rights>Pursuant to Title 17 Section 105 of the United States Code, this file is not subject to copyright protection and is in the public domain.</dc:rights>
</dublinCore>
</metadata>
<form>
<distribution-code display="yes">VI</distribution-code><congress>115th CONGRESS</congress><session>1st Session</session><legis-num>S. 388</legis-num><current-chamber>IN THE SENATE OF THE UNITED STATES</current-chamber><action><action-date date="20170215">February 15, 2017</action-date><action-desc><sponsor name-id="S307">Mr. Brown</sponsor> introduced the following bill; which was read twice and referred to the <committee-name committee-id="SSJU00">Committee on the Judiciary</committee-name></action-desc></action><legis-type>A BILL</legis-type><official-title>For the relief of Maha Dakar.</official-title></form>
	<legis-body display-enacting-clause="yes-display-enacting-clause">
		<section id="S1" section-type="section-one"><enum>1.</enum><header>Adjustment of status</header>
			<subsection id="id76B5FD60D9014099B265EA7D2D55CD8D"><enum>(a)</enum><header>In
 general</header><text>Notwithstanding any other provision of law, for the purposes of the Immigration and Nationality Act (<external-xref legal-doc="usc" parsable-cite="usc/8/1101">8 U.S.C. 1101</external-xref> et seq.), Maha Dakar shall be deemed to have been lawfully admitted to, and remained in, the United States, and shall be eligible for adjustment of status to that of an alien lawfully admitted for permanent residence under section 245 of the Immigration and Nationality Act (<external-xref legal-doc="usc" parsable-cite="usc/8/1255">8 U.S.C. 1255</external-xref>) upon filing an application for such adjustment of status.</text>
			</subsection><subsection id="id2F36A7A03F024B0EBFD3654B00940145"><enum>(b)</enum><header>Application and
 payment of fees</header><text>Subsection (a) shall apply only if Maha Dakar files an application for adjustment of status, with appropriate fees, not later than 2 years after the date of the enactment of this Act.</text>
			</subsection><subsection id="idE138B0C7A1E943BFAC8340FBB01CFA8F"><enum>(c)</enum><header>Reduction of
 immigrant visa numbers</header><text>Upon the granting of permanent resident status to Maha Dakar, the Secretary of State shall instruct the proper officer to reduce by 1, during the current or subsequent fiscal year, the total number of immigrant visas that are made available to natives of the country of the birth of Maha Dakar under section 202(a)(2) of the Immigration and Nationality Act (<external-xref legal-doc="usc" parsable-cite="usc/8/1152">8 U.S.C. 1152(a)(2)</external-xref>).</text></subsection></section></legis-body></bill>


