<?xml version="1.0"?>
<?xml-stylesheet type="text/xsl" href="billres.xsl"?>
<!DOCTYPE bill PUBLIC "-//US Congress//DTDs/bill.dtd//EN" "bill.dtd">
<bill bill-stage="Introduced-in-Senate" dms-id="A1" public-private="public">
	<metadata xmlns:dc="http://purl.org/dc/elements/1.1/">
<dublinCore>
<dc:title>115 S219 IS: Safeguard Aquaculture Farmers Act</dc:title>
<dc:publisher>U.S. Senate</dc:publisher>
<dc:date>2017-01-24</dc:date>
<dc:format>text/xml</dc:format>
<dc:language>EN</dc:language>
<dc:rights>Pursuant to Title 17 Section 105 of the United States Code, this file is not subject to copyright protection and is in the public domain.</dc:rights>
</dublinCore>
</metadata>
<form>
		<distribution-code display="yes">II</distribution-code>
		<congress>115th CONGRESS</congress><session>1st Session</session>
		<legis-num>S. 219</legis-num>
		<current-chamber>IN THE SENATE OF THE UNITED STATES</current-chamber>
		<action>
			<action-date date="20170124">January 24, 2017</action-date>
			<action-desc><sponsor name-id="S374">Mr. Cotton</sponsor> (for himself, <cosponsor name-id="S343">Mr. Boozman</cosponsor>, <cosponsor name-id="S318">Mr. Wicker</cosponsor>, <cosponsor name-id="S136">Mr. Cochran</cosponsor>, <cosponsor name-id="S184">Mr. Shelby</cosponsor>, and <cosponsor name-id="S384">Mr. Tillis</cosponsor>) introduced the following bill; which was read twice and referred to the <committee-name committee-id="SSEV00">Committee on Environment and Public Works</committee-name></action-desc>
		</action>
		<legis-type>A BILL</legis-type>
		<official-title>To provide the force and effect of law for certain regulations relating to the taking of
			 double-crested cormorants to reduce depredation at aquaculture facilities
			 and protect public resources.</official-title>
	</form>
	<legis-body>
		<section id="S1" section-type="section-one"><enum>1.</enum><header>Short title</header>
 <text display-inline="no-display-inline">This Act may be cited as the <quote><short-title>Safeguard Aquaculture Farmers Act</short-title></quote>.</text>
		</section><section id="idA3312297EDB24670BD1DADD244CC750D"><enum>2.</enum><header>Regulations relating to the taking of double-crested cormorants</header>
			<subsection id="id716A4276F8EE425CAEABBC953FBB18BC"><enum>(a)</enum><header>Force and effect</header>
 <paragraph id="id1B7CCCAFE5E14292A866BFC7F783C2C7"><enum>(1)</enum><header>In general</header><text>Subject to subsection (b), section 21.47 of title 50, Code of Federal Regulations (as in effect on the date of enactment of this Act), shall have the force and effect of law.</text>
 </paragraph><paragraph id="id0EB1E3B13921477B9B8554F91E40EAEC"><enum>(2)</enum><header>Public notice</header><text>The Secretary of the Interior (referred to in this section as the <quote>Secretary</quote>), acting through the Director of the United States Fish and Wildlife Service (referred to in this section as the <quote>Director</quote>), shall notify the public of the authority provided by paragraph (1) in a manner determined appropriate by the Secretary.</text>
 </paragraph></subsection><subsection id="idF312CCE79C0C460DA18E02648B8FD25A"><enum>(b)</enum><header>Sunset</header><text>The authority provided by subsection (a)(1) shall terminate on the date that is the earlier of—</text>
 <paragraph id="id327DB28AC5604E4E9BDD2E3065A9A5A5"><enum>(1)</enum><text>the effective date of a regulation promulgated by the Director after the date of enactment of this Act to control depredation of double-crested cormorant populations; or</text>
 </paragraph><paragraph id="idD22D23BB5AE740108D3203BFF151B187"><enum>(2)</enum><text>1 year after the date of enactment of this Act.</text> </paragraph></subsection><subsection id="id37268677CCE44D93820530F3DCD7F873"><enum>(c)</enum><header>Rule of construction</header><text>Nothing in this section limits the authority of the Director to promulgate regulations relating to the taking of double-crested cormorants under any other law.</text>
			</subsection></section></legis-body>
</bill>


