<?xml version="1.0"?>
<?xml-stylesheet type="text/xsl" href="billres.xsl"?>
<!DOCTYPE bill PUBLIC "-//US Congress//DTDs/bill.dtd//EN" "bill.dtd">
<bill bill-stage="Introduced-in-Senate" dms-id="A1" public-private="public"><metadata xmlns:dc="http://purl.org/dc/elements/1.1/">
<dublinCore>
<dc:title>115 S209 IS: To authorize an additional district judgeship for the district of Idaho.</dc:title>
<dc:publisher>U.S. Senate</dc:publisher>
<dc:date>2017-01-24</dc:date>
<dc:format>text/xml</dc:format>
<dc:language>EN</dc:language>
<dc:rights>Pursuant to Title 17 Section 105 of the United States Code, this file is not subject to copyright protection and is in the public domain.</dc:rights>
</dublinCore>
</metadata>
<form>
<distribution-code display="yes">II</distribution-code><congress>115th CONGRESS</congress><session>1st Session</session><legis-num>S. 209</legis-num><current-chamber>IN THE SENATE OF THE UNITED STATES</current-chamber><action><action-date date="20170124">January 24, 2017</action-date><action-desc><sponsor name-id="S266">Mr. Crapo</sponsor> (for himself and <cosponsor name-id="S323">Mr. Risch</cosponsor>) introduced the following bill; which was read twice and referred to the <committee-name committee-id="SSJU00">Committee on the Judiciary</committee-name></action-desc></action><legis-type>A BILL</legis-type><official-title>To authorize an additional district judgeship for the district of Idaho.</official-title></form>
	<legis-body display-enacting-clause="yes-display-enacting-clause" id="H28D3A6D534EF4CE8AB412A8E2975E227" style="OLC">
		<section id="HDB57D718B3F9400F8AEC67D20584D87C" section-type="section-one"><enum>1.</enum><header>District judgeship for the district of Idaho</header>
 <subsection id="HDA9E05BFC02B4B359C5882F20DAEE7FB"><enum>(a)</enum><header>In general</header><text>The President shall appoint, by and with the advice and consent of the Senate, 1 additional district judge for the district of Idaho.</text>
 </subsection><subsection id="HE14B36AA217A4E18B85F4CDA8132530B"><enum>(b)</enum><header>Technical and conforming amendment</header><text>The table in section 133(a) of title 28, United States Code, is amended by striking the item relating to Idaho <pagebreak></pagebreak>and inserting the following:</text>
				<quoted-block display-inline="no-display-inline" id="H477F3EF12D454F8B8E52659BE5160698" style="OLC"><table align-to-level="section" blank-lines-before="1" colsep="0" frame="none" line-rules="no-gen" rowsep="0" rule-weights="0.0.0.0.0.0" table-template-name="Generic: 1 text, 1 num" table-type=""><tgroup cols="2" grid-typeface="1.1" rowsep="0" thead-tbody-ldg-size="10.10.12"><colspec coldef="txt" colname="column1" colwidth="269pts" min-data-value="200"></colspec><colspec coldef="fig" colname="column2" colwidth="56pts" min-data-value="10"></colspec><tbody><row><entry align="left" colname="column1" leader-modify="force-ldr" stub-definition="txt-ldr" stub-hierarchy="1">Idaho</entry><entry align="right" colname="column2" leader-modify="force-ldr">3</entry></row></tbody></tgroup></table><after-quoted-block>.</after-quoted-block></quoted-block></subsection></section></legis-body></bill>


