<?xml version="1.0"?>
<?xml-stylesheet type="text/xsl" href="billres.xsl"?>
<!DOCTYPE bill PUBLIC "-//US Congress//DTDs/bill.dtd//EN" "bill.dtd">
<bill bill-stage="Introduced-in-Senate" dms-id="A1" public-private="public"><metadata xmlns:dc="http://purl.org/dc/elements/1.1/">
<dublinCore>
<dc:title>115 S295 IS: Circuit Court of Appeals Restructuring and Modernization Act</dc:title>
<dc:publisher>U.S. Senate</dc:publisher>
<dc:date>2017-02-02</dc:date>
<dc:format>text/xml</dc:format>
<dc:language>EN</dc:language>
<dc:rights>Pursuant to Title 17 Section 105 of the United States Code, this file is not subject to copyright protection and is in the public domain.</dc:rights>
</dublinCore>
</metadata>
<form>
<distribution-code display="yes">II</distribution-code><congress>115th CONGRESS</congress><session>1st Session</session><legis-num>S. 295</legis-num><current-chamber>IN THE SENATE OF THE UNITED STATES</current-chamber><action><action-date date="20170202">February 2, 2017</action-date><action-desc><sponsor name-id="S375">Mr. Daines</sponsor> (for himself, <cosponsor name-id="S383">Mr. Sullivan</cosponsor>, and <cosponsor name-id="S288">Ms. Murkowski</cosponsor>) introduced the following bill; which was read twice and referred to the <committee-name committee-id="SSJU00">Committee on the Judiciary</committee-name></action-desc></action><legis-type>A BILL</legis-type><official-title>To amend title 28, United States Code, to provide for the appointment of additional Federal circuit
			 judges, to divide the Ninth Judicial Circuit of the United States into 2
			 circuits, and for other purposes.</official-title></form>
	<legis-body display-enacting-clause="yes-display-enacting-clause">
		<section id="S1" section-type="section-one"><enum>1.</enum><header>Short
 title</header><text display-inline="no-display-inline">This Act may be cited as the <quote><short-title>Circuit Court of Appeals Restructuring and Modernization Act</short-title></quote>.</text>
 </section><section id="ID9C9E081B1DDA4B63B85EDBCA4C1C3425"><enum>2.</enum><header>Definitions</header><text display-inline="no-display-inline">In this Act:</text> <paragraph id="ID3C8D9A7CA3A549BCA8A010D80CFB9F37"><enum>(1)</enum><header>Former ninth circuit</header><text>The term <term>former ninth circuit</term> means the ninth judicial circuit of the United States as in existence on the day before the effective date of this Act.</text>
			</paragraph><paragraph id="IDD03369A604A94B508A8003ED0EAE75A2"><enum>(2)</enum><header>New ninth
 circuit</header><text>The term <term>new ninth circuit</term> means the ninth judicial circuit of the United States established by the amendment made by section 3(2)(A).</text>
			</paragraph><paragraph id="ID973AB9D79BD242C78F38971793E00C4F"><enum>(3)</enum><header>Twelfth
 circuit</header><text>The term <term>twelfth circuit</term> means the twelfth judicial circuit of the United States established by the amendment made by section 3(2)(B).</text>
			</paragraph></section><section id="ID9C3A140BA27E4E77B9F72D37ABB496D1"><enum>3.</enum><header>Number and
 composition of circuits</header><text display-inline="no-display-inline">Section 41 of title 28, United States Code, is amended—</text>
 <paragraph id="IDA37A2E31B79E409791ECC43B0A7D7B5B"><enum>(1)</enum><text>in the matter preceding the table, by striking <quote>thirteen</quote> and inserting <quote>fourteen</quote>; and</text>
 </paragraph><paragraph id="ID23A6DB96E7DF43FFB884F581DB6524E6"><enum>(2)</enum><text>in the table—</text>
 <subparagraph id="IDE4D590CD6253439BBA91804B7BEDEF98"><enum>(A)</enum><text>by striking the item relating to the ninth circuit and inserting the following:</text>
					<quoted-block id="ID6A84B024423A495EAC8069B2311085F3"><table align-to-level="section" blank-lines-before="1" colsep="0" frame="none" line-rules="no-gen" rowsep="0" rule-weights="0.0.0.0.0.0" subformat="S6211" table-template-name="Generic: 2 text, even cols" table-type="Leaderwork"><tgroup cols="2" grid-typeface="1.1" rowsep="0" thead-tbody-ldg-size="10.10.12"><colspec coldef="txt" colname="column1" colwidth="163pts" min-data-value="150"></colspec><colspec coldef="txt-no-ldr" colname="column2" colwidth="163pts" min-data-value="150"></colspec><tbody><row><entry align="left" colname="column1" leader-modify="force-ldr" stub-definition="txt-ldr" stub-hierarchy="1">Ninth</entry><entry align="left" colname="column2" leader-modify="clr-ldr">California, Guam, Hawaii, Northern Mariana
						Islands.</entry></row></tbody></tgroup></table><after-quoted-block>;</after-quoted-block></quoted-block>
 </subparagraph><subparagraph id="ID42EF6C3E06D345E0BF1048A21A62E88A" indent="up1"><enum></enum><text>and</text> </subparagraph><subparagraph id="IDD62BC12A5F5A4156B19F6447B3D31B7A"><enum>(B)</enum><text>by inserting after the item relating to the eleventh circuit the following:</text>
					<quoted-block id="IDA5FBA08E9F844ED4BA55C77100C6A502"><table align-to-level="section" blank-lines-before="1" colsep="0" frame="none" line-rules="no-gen" rowsep="0" rule-weights="0.0.0.0.0.0" subformat="S6211" table-template-name="Generic: 2 text, even cols" table-type="Leaderwork"><tgroup cols="2" grid-typeface="1.1" rowsep="0" thead-tbody-ldg-size="10.10.12"><colspec coldef="txt" colname="column1" colwidth="163pts" min-data-value="150"></colspec><colspec coldef="txt-no-ldr" colname="column2" colwidth="163pts" min-data-value="150"></colspec><tbody><row><entry align="left" colname="column1" leader-modify="force-ldr" stub-definition="txt-ldr" stub-hierarchy="1">Twelfth</entry><entry align="left" colname="column2" leader-modify="clr-ldr">Alaska, Arizona, Idaho, Montana, Nevada, Oregon,
						Washington.</entry></row></tbody></tgroup></table><after-quoted-block>.</after-quoted-block></quoted-block>
				</subparagraph></paragraph></section><section id="ID5AC6A9ECBFB946F5A40A95214535B086"><enum>4.</enum><header>Judgeships</header>
			<subsection id="ID4DD654739A3748D5BD4366001A0BE1D2"><enum>(a)</enum><header>New
 Judgeships</header><text>The President shall appoint, by and with the advice and consent of the Senate, 5 additional circuit judges for the new ninth circuit, whose official duty station shall be in California.</text>
			</subsection><subsection id="ID6E5EE4384FAE486E975A73B4A2323570"><enum>(b)</enum><header>Temporary
			 Judgeships</header>
				<paragraph id="ID0173D2D37CF14470989A4DE240CE669A"><enum>(1)</enum><header>Appointment of
 judges</header><text>The President shall appoint, by and with the advice and consent of the Senate, 2 additional circuit judges for the former ninth circuit, whose official duty station shall be in California.</text>
				</paragraph><paragraph id="ID6A544559CE1A458F9FA5CE70B4F58ABE"><enum>(2)</enum><header>Effect of
 vacancies</header><text>The first 2 vacancies in the position of circuit judge for the new ninth circuit occurring 10 years or more after judges are first confirmed to fill both temporary circuit judgeships created by this subsection shall not be filled.</text>
				</paragraph></subsection><subsection id="ID27822D2620B74B99B65C5FCF105D8310"><enum>(c)</enum><header>Effective
 Date</header><text>This section shall take effect on the date of enactment of this Act.</text>
			</subsection></section><section id="IDE9B2A4D37FC04DBC919BF65489E2576B"><enum>5.</enum><header>Number of
 circuit judges</header><text display-inline="no-display-inline">The table in section 44(a) of title 28, United States Code, is amended—</text>
 <paragraph id="ID035C987F40234C8982DFA58C66B25370"><enum>(1)</enum><text>by striking the item relating to the ninth circuit and inserting the following:</text>
				<quoted-block id="ID6A931DC6B99A431886DE1E20ECB59032"><toc><multi-column-toc-entry bold="off" level="section"><toc-enum>Ninth</toc-enum><level-header level="section"></level-header><target>20</target></multi-column-toc-entry></toc><after-quoted-block>;</after-quoted-block></quoted-block>
 </paragraph><paragraph id="IDD04B35C0461F4F89AF9F770AD7A247FD" indent="up1"><enum></enum><text>and</text> </paragraph><paragraph id="IDBCFA45E803F34A8ABA3DF457E046A8A0"><enum>(2)</enum><text>by inserting after the item relating to the eleventh circuit the following:</text>
				<quoted-block id="IDC93E02FA357C4960B8D334A958CEF89B"><toc><multi-column-toc-entry bold="off" level="section"><toc-enum>Twelfth</toc-enum><level-header level="section"></level-header><target>14</target></multi-column-toc-entry></toc><after-quoted-block>.</after-quoted-block></quoted-block>
			</paragraph></section><section id="ID2C61CE38C9F64566A127E5543C638557"><enum>6.</enum><header>Places of
 circuit court</header><text display-inline="no-display-inline">The table in section 48(a) of title 28, United States Code, is amended—</text>
 <paragraph id="ID57028C14706A484B97B2AADA6BEC4799"><enum>(1)</enum><text>by striking the item relating to the ninth circuit and inserting the following:</text>
				<quoted-block id="ID10B6DCB6CE5B44D6BBFC50423C1AEF70"><table align-to-level="section" blank-lines-before="1" colsep="0" frame="none" line-rules="no-gen" rowsep="0" rule-weights="0.0.0.0.0.0" subformat="S6211" table-template-name="Generic: 2 text, even cols" table-type="Leaderwork"><tgroup cols="2" grid-typeface="1.1" rowsep="0" thead-tbody-ldg-size="10.10.12"><colspec coldef="txt" colname="column1" colwidth="163pts" min-data-value="150"></colspec><colspec coldef="txt-no-ldr" colname="column2" colwidth="163pts" min-data-value="150"></colspec><tbody><row><entry align="left" colname="column1" leader-modify="force-ldr" stub-definition="txt-ldr" stub-hierarchy="1">Ninth</entry><entry align="left" colname="column2" leader-modify="clr-ldr">Honolulu, Pasadena, San Francisco.</entry></row></tbody></tgroup></table><after-quoted-block>;</after-quoted-block></quoted-block>
 </paragraph><paragraph id="IDE5A94723C8D64EE79EAD6592629EA9A9" indent="up1"><enum></enum><text>and</text> </paragraph><paragraph id="IDEB3FC6932D5E4FDC9DE0B5DDDFF9ECE6"><enum>(2)</enum><text>by inserting after the item relating to the eleventh circuit the following:</text>
				<quoted-block id="ID0ED6E7BD72A3460A956F3BAC7A1F8221"><table align-to-level="section" blank-lines-before="1" colsep="0" frame="none" line-rules="no-gen" rowsep="0" rule-weights="0.0.0.0.0.0" subformat="S6211" table-template-name="Generic: 2 text, even cols" table-type="Leaderwork"><tgroup cols="2" grid-typeface="1.1" rowsep="0" thead-tbody-ldg-size="10.10.12"><colspec coldef="txt" colname="column1" colwidth="163pts" min-data-value="150"></colspec><colspec coldef="txt-no-ldr" colname="column2" colwidth="163pts" min-data-value="150"></colspec><tbody><row><entry align="left" colname="column1" leader-modify="force-ldr" stub-definition="txt-ldr" stub-hierarchy="1">Twelfth</entry><entry align="left" colname="column2" leader-modify="clr-ldr">Las Vegas, Phoenix, Portland, Seattle.</entry></row></tbody></tgroup></table><after-quoted-block>.</after-quoted-block></quoted-block>
			</paragraph></section><section id="ID2C1883F5B4DF44A3839ED3149172BBA1"><enum>7.</enum><header>Location of
 Twelfth Circuit headquarters</header><text display-inline="no-display-inline">The offices of the Circuit Executive of the Twelfth Circuit and the Clerk of the Court of the Twelfth Circuit shall be located in Phoenix, Arizona.</text>
		</section><section id="ID5779260AC0084583A0F053A57F4464C5"><enum>8.</enum><header>Assignment of
 circuit judges</header><text display-inline="no-display-inline">Each circuit judge of the former ninth circuit who is in regular active service and whose official duty station on the day before the effective date of this Act—</text>
 <paragraph id="ID6B92688F6C354F81A2D2D3DE63A0FDFC"><enum>(1)</enum><text>is in California, Guam, Hawaii, or the Northern Mariana Islands shall be a circuit judge of the new ninth circuit as of that effective date; and</text>
 </paragraph><paragraph id="ID978EEB17098D450D82D0BACD86E14908"><enum>(2)</enum><text>is in Alaska, Arizona, Idaho, Montana, Nevada, Oregon, or Washington shall be a circuit judge of the twelfth circuit as of that effective date.</text>
			</paragraph></section><section id="ID2641F7210E5448549BF981498A509ADA"><enum>9.</enum><header>Election of
 assignment by senior judges</header><text display-inline="no-display-inline">Each judge who is a senior circuit judge of the former ninth circuit on the day before the effective date of this Act—</text>
 <paragraph id="id12350D7356FF493A860D8D283B9C7DA8"><enum>(1)</enum><text display-inline="yes-display-inline">may elect to be assigned to the new ninth circuit or the twelfth circuit as of that effective date; and</text>
 </paragraph><paragraph id="idB5BE726A627B4865970938B530C82AE2"><enum>(2)</enum><text display-inline="yes-display-inline">shall notify the Director of the Administrative Office of the United States Courts of the election made under paragraph (1).</text>
			</paragraph></section><section id="ID779A20077AB84FE0A7D45E1D65805CF7"><enum>10.</enum><header>Seniority of
 judges</header><text display-inline="no-display-inline">The seniority of each judge who is assigned under section 8 or elects to be assigned under section 9 shall run from the date of commission of the judge as a judge of the former ninth circuit.</text>
		</section><section id="ID796F53FB528742EC9450BD91AA490754"><enum>11.</enum><header>Application to
 cases</header><text display-inline="no-display-inline">The following apply to any case in which, on the day before the effective date of this Act, an appeal or other proceeding has been filed with the former ninth circuit:</text>
 <paragraph id="IDD2FD4FA5130541FCB3CDC74E15FF105F"><enum>(1)</enum><text>Except as provided in paragraph (3), if the matter has been submitted for decision, further proceedings with respect to the matter shall be had in the same manner and with the same effect as if this Act had not been enacted.</text>
 </paragraph><paragraph id="ID75714FF1743B491AB91A957FD2F9EC94"><enum>(2)</enum><text>If the matter has not been submitted for decision, the appeal or proceeding, together with the original papers, printed records, and record entries duly certified, shall, by appropriate orders, be transferred to the court to which the matter would have been submitted had this Act been in full force and effect on the date on which the appeal was taken or other proceeding commenced, and further proceedings with respect to the case shall be had in the same manner and with the same effect as if the appeal or other proceeding had been filed in that court.</text>
 </paragraph><paragraph id="IDF05A0FCCDADD4D79A668CFCDEB47018F"><enum>(3)</enum><text>If a petition for rehearing en banc is pending on or after the effective date of this Act, the petition shall be considered by the court of appeals to which the petition would have been submitted had this Act been in full force and effect on the date on which the appeal or other proceeding was filed with the court of appeals.</text>
			</paragraph></section><section id="ID782E9DF61B3E44209590551202CBCB71"><enum>12.</enum><header>Temporary
 assignment of circuit judges among circuits</header><text display-inline="no-display-inline">Section 291 of title 28, United States Code, is amended by adding at the end the following:</text>
			<quoted-block id="ID29C83ED31AB6402C8110DA5A4F15E2E3" style="OLC">
 <subsection id="IDE5997F91331C4DE2BD51D233E3FA2538"><enum>(c)</enum><text>The chief judge of the Ninth Circuit may, in the public interest and upon request by the chief judge of the Twelfth Circuit, designate and assign temporarily any circuit judge of the Ninth Circuit to act as circuit judge in the Twelfth Circuit.</text>
 </subsection><subsection id="ID3D0C8F86DE9343B8BF3A71E7D3116CE7"><enum>(d)</enum><text>The chief judge of the Twelfth Circuit may, in the public interest and upon request by the chief judge of the Ninth Circuit, designate and assign temporarily any circuit judge of the Twelfth Circuit to act as circuit judge in the Ninth Circuit.</text></subsection><after-quoted-block>.</after-quoted-block></quoted-block>
		</section><section id="ID5734A6A186604A0386349A01D8D3FD15"><enum>13.</enum><header>Temporary
 assignment of district judges among circuits</header><text display-inline="no-display-inline">Section 292 of title 28, United States Code, is amended by adding at the end the following:</text>
			<quoted-block id="ID41183012DCB7481A941E02043B2DB8C6" style="OLC">
 <subsection id="IDDE8DE7BB12DC4EE38A3102CD6D1BFFED"><enum>(f)</enum><text>The chief judge of the United States Court of Appeals for the Ninth Circuit may in the public interest—</text>
 <paragraph id="IDE1305E9D0E6349A3B16C31E24589ECEF"><enum>(1)</enum><text>upon request by the chief judge of the Twelfth Circuit, designate and assign one or more district judges within the Ninth Circuit to sit upon the Court of Appeals of the Twelfth Circuit, or a division thereof, whenever the business of that court so requires; and</text>
 </paragraph><paragraph id="ID28B84A58B3B54F70A43EE32E790FB0ED"><enum>(2)</enum><text>designate and assign temporarily any district judge within the Ninth Circuit to hold a district court in any district within the Twelfth Circuit.</text>
 </paragraph></subsection><subsection id="ID30D160A4BBBF4DFD9691837534AF5CBB"><enum>(g)</enum><text>The chief judge of the United States Court of Appeals for the Twelfth Circuit may in the public interest—</text>
 <paragraph id="IDF4B660CD3CBA4C47BD4653B83DEBE95E"><enum>(1)</enum><text>upon request by the chief judge of the Ninth Circuit, designate and assign one or more district judges within the Twelfth Circuit to sit upon the Court of Appeals of the Ninth Circuit, or a division thereof, whenever the business of that court so requires; and</text>
 </paragraph><paragraph id="IDFDF6E1D525CE4766983865CB446F70D5"><enum>(2)</enum><text>designate and assign temporarily any district judge within the Twelfth Circuit to hold a district court in any district within the Ninth Circuit.</text>
 </paragraph></subsection><subsection id="ID26BC64436F334AD58EF123AD22F144BE"><enum>(h)</enum><text>Any designation or assignment under subsection (f) or (g) shall be in conformity with the rules or orders of the court of appeals of, or the district within, as applicable, the circuit to which the judge is designated or assigned.</text></subsection><after-quoted-block>.</after-quoted-block></quoted-block>
		</section><section id="ID4ABCBCFE80424E8FA95765AE12F09C23"><enum>14.</enum><header>Administration</header>
 <subsection id="id2496C5176565476CA78FBF1ED2774F46"><enum>(a)</enum><header>Transition authority</header><text display-inline="yes-display-inline">The court of appeals for the ninth circuit as constituted on the day before the effective date of this Act may take any administrative action that is required to carry out this Act and the amendments made by this Act.</text>
 </subsection><subsection id="idE169F1D3F5AB4BF0A3D9884FD1FD43D3"><enum>(b)</enum><header>Administrative termination</header><text display-inline="yes-display-inline">The court described in subsection (a) shall cease to exist for administrative purposes 2 years after the date of enactment of this Act.</text>
			</subsection></section><section id="IDE72B421185124F7986DE8307827C7E27"><enum>15.</enum><header>Authorization
 of appropriations</header><text display-inline="no-display-inline">There are authorized to be appropriated such sums as may be necessary to carry out this Act, including funds for additional court facilities.</text>
		</section><section commented="no" display-inline="no-display-inline" id="ID274A4A5CEACC4D1E845A173E3C4C23F4" section-type="subsequent-section"><enum>16.</enum><header>Effective
 date</header><text display-inline="no-display-inline">Except as provided in section 4(c), this Act and the amendments made by this Act shall take effect 1 year after the date of enactment of this Act.</text></section></legis-body></bill>


