<?xml version="1.0"?>
<?xml-stylesheet type="text/xsl" href="billres.xsl"?>
<!DOCTYPE bill PUBLIC "-//US Congress//DTDs/bill.dtd//EN" "bill.dtd">
<bill bill-stage="Introduced-in-Senate" bill-type="olc" dms-id="A1" public-private="public"><metadata xmlns:dc="http://purl.org/dc/elements/1.1/">
<dublinCore>
<dc:title>115 S571 IS: Chattahoochee-Oconee National Forest Land Adjustment Act </dc:title>
<dc:publisher>U.S. Senate</dc:publisher>
<dc:date>2017-03-08</dc:date>
<dc:format>text/xml</dc:format>
<dc:language>EN</dc:language>
<dc:rights>Pursuant to Title 17 Section 105 of the United States Code, this file is not subject to copyright protection and is in the public domain.</dc:rights>
</dublinCore>
</metadata>
<form>
<distribution-code>II</distribution-code><congress>115th CONGRESS</congress><session>1st Session</session><legis-num>S. 571</legis-num><current-chamber>IN THE SENATE OF THE UNITED STATES</current-chamber><action><action-date date="20170308">March 8, 2017</action-date><action-desc><sponsor name-id="S379">Mr. Perdue</sponsor> (for himself and <cosponsor name-id="S305">Mr. Isakson</cosponsor>) introduced the following bill; which was read twice and referred to the <committee-name committee-id="SSAF00">Committee on Agriculture, Nutrition, and Forestry</committee-name></action-desc></action><legis-type>A BILL</legis-type><official-title>To authorize the sale of certain National Forest System land in the State of Georgia.</official-title></form>
	<legis-body display-enacting-clause="yes-display-enacting-clause" id="H7EBDAEB19EC340D7B524A8D4BA4D680C" style="OLC">
 <section id="H717ECA8CE2E840CC986B7CF825CBC691" section-type="section-one"><enum>1.</enum><header>Short title</header><text display-inline="no-display-inline">This Act may be cited as the <quote><short-title>Chattahoochee-Oconee National Forest Land Adjustment Act </short-title></quote>.</text> </section><section id="HE4A61114FDD440FDA3CF3387BA8C291C"><enum>2.</enum><header>Findings and definition</header> <subsection id="H67610D91CECC4283B6F47417010267D3"><enum>(a)</enum><header>Findings</header><text>Congress finds that—</text>
 <paragraph id="H5A151E310A5B456DA3B0100D1AC0327A"><enum>(1)</enum><text>certain National Forest System land in the State of Georgia consists of isolated tracts that are inefficient to manage or have lost their principal value for National Forest purposes;</text>
 </paragraph><paragraph id="H6FCDB7977B6D43DF8F695B53130543DA"><enum>(2)</enum><text>the disposal of that land would be in the public interest; and</text> </paragraph><paragraph id="H44D4FED1B25A472CBFFB4030FED6823C"><enum>(3)</enum><text>proceeds from the sale of land authorized by this Act would be used best by the Forest Service to purchase land for National Forest purposes in the State of Georgia.</text>
 </paragraph></subsection><subsection id="H2816F2BD9BEF40D5BD7A27F9F0130265"><enum>(b)</enum><header>Definition of Secretary</header><text>In this Act, the term <term>Secretary</term> means the Secretary of Agriculture.</text> </subsection></section><section id="H178BC2899286491BB3849E171894FFB1"><enum>3.</enum><header>Land conveyance authority</header> <subsection id="HD52347DC89CB433B897D4E2590C525B9"><enum>(a)</enum><header>In general</header><text>The Secretary is authorized, under such terms and conditions as the Secretary may prescribe, to sell or exchange any or all rights, title, and interest of the United States in the National Forest System land described in subsection (b).</text>
			</subsection><subsection id="HE14C6FE0D98E4728A72DE852206C53F2"><enum>(b)</enum><header>Land authorized for disposal</header>
 <paragraph id="H44FC1662B79D4B4786DFFEAC137294E7"><enum>(1)</enum><header>In general</header><text>The National Forest System land subject to sale or exchange under this Act are 30 tracts of land totaling approximately 3,841 acres, which are generally depicted on 2 maps entitled <quote>Priority Land Adjustments, State of Georgia, U.S. Forest Service–Southern Region, Oconee and Chattahoochee National Forests, U.S. Congressional Districts–8, 9, 10 &amp; 14</quote> and dated September 24, 2013.</text>
 </paragraph><paragraph id="H101855CC8F61445FB76658FF7170D05B"><enum>(2)</enum><header>Maps</header><text>The maps described in paragraph (1) shall be on file and available for public inspection in the Office of the Forest Supervisor, Chattahoochee-Oconee National Forest, until such time as the land is sold or exchanged.</text>
 </paragraph><paragraph id="HBA7D3635531048448330CF1FEC27BDDB"><enum>(3)</enum><header>Modification of boundaries</header><text>The Secretary may modify the boundaries of the land described in paragraph (1) based on land management considerations.</text>
				</paragraph></subsection><subsection id="H1B4075A42B76499E973A895BE094B2E9"><enum>(c)</enum><header>Form of conveyance</header>
 <paragraph id="H5B8FE20F47944BB4970EDA278CFBA3CB"><enum>(1)</enum><header>Quitclaim deed</header><text>The Secretary shall convey land sold under this Act by quitclaim deed.</text> </paragraph><paragraph id="H6D4EB2733DCD439B8F65740604BBDFD8"><enum>(2)</enum><header>Reservations</header><text>The Secretary may reserve any rights-of-way or other rights or interests in land sold or exchanged under this Act that the Secretary considers necessary for management purposes or to protect the public interest.</text>
				</paragraph></subsection><subsection id="HAED2C92F1A604A448BB2679639007AF8"><enum>(d)</enum><header>Valuation</header>
 <paragraph id="H4653315925634615A8E421D5D4020AF4"><enum>(1)</enum><header>Market value</header><text>The Secretary may not sell or exchange land under this Act for less than market value, as determined by appraisal or through competitive bid.</text>
 </paragraph><paragraph id="H9B07B8BC7CB048A38B8E02F29E075C60"><enum>(2)</enum><header>Appraisal requirements</header><text>Any appraisal shall be—</text> <subparagraph id="H2C8A0F5A04BE4D0789E572E4D498C1B0"><enum>(A)</enum><text>consistent with the Uniform Appraisal Standards for Federal Land Acquisitions or the Uniform Standards of Professional Appraisal Practice; and</text>
 </subparagraph><subparagraph id="H8172D29BF61D4BF69E0DF9B167E4E9FC"><enum>(B)</enum><text>subject to the approval of the Secretary.</text> </subparagraph></paragraph></subsection><subsection id="H62CDE950E703468DABAEC6FD66F02F6A"><enum>(e)</enum><header>Consideration</header> <paragraph id="HC13B02BE30E047C9B92DDE2183039D70"><enum>(1)</enum><header>Cash</header><text>Consideration for a sale of land or equalization of an exchange shall be paid in cash.</text>
 </paragraph><paragraph id="H2615D43A0DA74FC1BE12C84C1F65FC19"><enum>(2)</enum><header>Exchange</header><text>Notwithstanding section 206(b) of the Federal Land Policy and Management Act of 1976 (<external-xref legal-doc="usc" parsable-cite="usc/43/1716">43 U.S.C. 1716(b)</external-xref>), the Secretary may accept a cash equalization payment in excess of 25 percent of the value of any land exchanged.</text>
				</paragraph></subsection><subsection id="H6801FFF52D3042EDABB0A5CB1F9F19AE"><enum>(f)</enum><header>Method of sale</header>
 <paragraph id="H4B9412A5CC9B4130842248AC55136758"><enum>(1)</enum><header>Options</header><text>The Secretary may sell land under subsection (a) at public or private sale, including competitive sale by auction, bid, or otherwise, in accordance with such terms, conditions, and procedures as the Secretary determines are in the best interest of the United States.</text>
 </paragraph><paragraph id="H6942E33505B04B3097F4C1B226D195F5"><enum>(2)</enum><header>Solicitations</header><text>The Secretary may—</text> <subparagraph id="H6B55E6C3661E4D5E98DFED0841292AF1"><enum>(A)</enum><text>make public or private solicitations for the sale or exchange of land authorized by this Act; and</text>
 </subparagraph><subparagraph id="H5CD4665F36124E109E890A9C720809C6"><enum>(B)</enum><text>reject any offer that the Secretary determines is not adequate or not in the public interest.</text> </subparagraph></paragraph></subsection><subsection id="HC07E849A96E74983A6C10D0E6F98D684"><enum>(g)</enum><header>Brokers</header><text>The Secretary may—</text>
 <paragraph id="H596063F9B7AB49B2908B531179BC849E"><enum>(1)</enum><text>use brokers or other third parties in the disposition of the land authorized by this Act; and</text> </paragraph><paragraph id="HC8DCE2C19EEB48DDB37F0BFE47BA7089"><enum>(2)</enum><text>from the proceeds of a sale, pay reasonable commissions or fees.</text>
				</paragraph></subsection></section><section id="H3A65328BC8AC4BBBA09F831CC0A07138"><enum>4.</enum><header>Treatment of proceeds</header>
 <subsection id="H5B2316E080A34617B1A5495C85978F3B"><enum>(a)</enum><header>Deposit</header><text>Subject to section 3(g)(2), the Secretary shall deposit the proceeds of a sale or cash equalizations payments authorized by this Act in the fund established under <external-xref legal-doc="public-law" parsable-cite="pl/90/171">Public Law 90–171</external-xref> (commonly known as the <quote>Sisk Act</quote>) (<external-xref legal-doc="usc" parsable-cite="usc/16/484a">16 U.S.C. 484a</external-xref>).</text>
 </subsection><subsection id="H86DA1D973BB344929BCA0E600A85A7DD"><enum>(b)</enum><header>Availability</header><text>Subject to subsection (c), amounts deposited under subsection (a) shall be available to the Secretary until expended, without further appropriation, for the acquisition of land for National Forest purposes in the State of Georgia.</text>
 </subsection><subsection id="HE342FF3233FD4DBAA5C8323EE718F011"><enum>(c)</enum><header>Private property protection</header><text>Nothing in this Act authorizes the use of funds deposited under subsection (a) to be used to acquire land without the written consent of the owner of the land.</text></subsection></section></legis-body></bill>


