<?xml version="1.0"?>
<?xml-stylesheet type="text/xsl" href="billres.xsl"?>
<!DOCTYPE bill PUBLIC "-//US Congress//DTDs/bill.dtd//EN" "bill.dtd">
<bill bill-stage="Introduced-in-Senate" dms-id="A1" public-private="public"><metadata xmlns:dc="http://purl.org/dc/elements/1.1/">
<dublinCore>
<dc:title>115 S432 IS: Cerros del Norte Conservation Act</dc:title>
<dc:publisher>U.S. Senate</dc:publisher>
<dc:date>2017-02-16</dc:date>
<dc:format>text/xml</dc:format>
<dc:language>EN</dc:language>
<dc:rights>Pursuant to Title 17 Section 105 of the United States Code, this file is not subject to copyright protection and is in the public domain.</dc:rights>
</dublinCore>
</metadata>
<form>
<distribution-code display="yes">II</distribution-code><congress>115th CONGRESS</congress><session>1st Session</session><legis-num>S. 432</legis-num><current-chamber>IN THE SENATE OF THE UNITED STATES</current-chamber><action><action-date date="20170216">February 16, 2017</action-date><action-desc><sponsor name-id="S359">Mr. Heinrich</sponsor> (for himself and <cosponsor name-id="S326">Mr. Udall</cosponsor>) introduced the following bill; which was read twice and referred to the <committee-name committee-id="SSEG00">Committee on Energy and Natural Resources</committee-name></action-desc></action><legis-type>A BILL</legis-type><official-title>To designate the Cerro del Yuta and Río San Antonio Wilderness Areas in the State of New Mexico,
			 and for other purposes.</official-title></form>
	<legis-body display-enacting-clause="yes-display-enacting-clause">
 <section id="idbb242422-da84-4e06-8ad5-fbeae07d74bf" section-type="section-one"><enum>1.</enum><header>Short title</header><text display-inline="no-display-inline">This Act may be cited as the <quote><short-title>Cerros del Norte Conservation Act</short-title></quote>.</text>
 </section><section id="id230E7183C2B04D658AEE4AC1B80AACDC"><enum>2.</enum><header>Definitions</header><text display-inline="no-display-inline">In this Act:</text> <paragraph id="id8241d67e-416b-40c3-827e-bc92b4a59299"><enum>(1)</enum><header>Map</header><text>The term <term>map</term> means the map entitled <quote>Río Grande del Norte National Monument Proposed Wilderness Areas</quote> and dated July 28, 2015.</text>
 </paragraph><paragraph id="id1d8e0ba4-3ba3-4301-ac67-5ca5bd8c6c8a"><enum>(2)</enum><header>Secretary</header><text>The term <term>Secretary</term> means the Secretary of the Interior.</text>
			</paragraph><paragraph id="id142876A2563746248C3F15CF1161B5E1"><enum>(3)</enum><header>Wilderness
 area</header><text>The term <quote>wilderness area</quote> means a wilderness area designated by section 3(a).</text>
			</paragraph></section><section id="id6725ce3e-922f-4706-8b20-602ae25f6639"><enum>3.</enum><header>Designation of Cerro del
			 Yuta and  Río
			 San Antonio Wilderness Areas</header>
			<subsection id="id0e4cd064-3b4b-43fc-88c5-deeb4605846b"><enum>(a)</enum><header>In
 general</header><text>In accordance with the Wilderness Act (<external-xref legal-doc="usc" parsable-cite="usc/16/1131">16 U.S.C. 1131</external-xref> et seq.), the following areas in the Río Grande del Norte National Monument are designated as wilderness and as components of the National Wilderness Preservation System:</text>
				<paragraph id="id6f85ff6c-302a-4108-9660-1f99800dafce"><enum>(1)</enum><header>Cerro del yuta
 wilderness</header><text>Certain land administered by the Bureau of Land Management in Taos County, New Mexico, comprising approximately 13,420 acres as generally depicted on the map, which shall be known as the <quote>Cerro del Yuta Wilderness</quote>.</text>
				</paragraph><paragraph id="id486b9056-e6dc-43d3-a5d5-31b484327207"><enum>(2)</enum><header>Río san antonio
 wilderness</header><text>Certain land administered by the Bureau of Land Management in Río Arriba County, New Mexico, comprising approximately 8,120 acres, as generally depicted on the map, which shall be known as the <quote>Río San Antonio Wilderness</quote>.</text>
				</paragraph></subsection><subsection id="ida72f0d9f-e29b-4839-b6fb-77fde3cac9a2"><enum>(b)</enum><header>Management of
 wilderness areas</header><text>Subject to valid existing rights, the wilderness areas shall be administered in accordance with the Wilderness Act (<external-xref legal-doc="usc" parsable-cite="usc/16/1131">16 U.S.C. 1131</external-xref> et seq.) and this Act, except that with respect to the wilderness areas designated by this Act—</text>
 <paragraph id="id54931d33-0b1e-4340-a70c-cbb872206e6f"><enum>(1)</enum><text>any reference to the effective date of the Wilderness Act shall be considered to be a reference to the date of enactment of this Act; and</text>
 </paragraph><paragraph id="idb701f05a-f108-495a-82e2-b2c361d92617"><enum>(2)</enum><text>any reference in the Wilderness Act to the Secretary of Agriculture shall be considered to be a reference to the Secretary.</text>
				</paragraph></subsection><subsection id="id62fab9d2-291b-4aea-8488-d08ea58337a3"><enum>(c)</enum><header>Incorporation of
 acquired land and interests in land</header><text>Any land or interest in land within the boundary of the wilderness areas that is acquired by the United States shall—</text>
 <paragraph id="idb2e9cdce-32f2-4f7f-a951-b005eefc4f6d"><enum>(1)</enum><text>become part of the wilderness area in which the land is located; and</text>
 </paragraph><paragraph id="id7aff5ebc-6cd0-4bcf-857f-2b3b691d975c"><enum>(2)</enum><text>be managed in accordance with—</text>
 <subparagraph id="id349163dd-d042-47e7-b91a-bb753a3cdf56"><enum>(A)</enum><text>the Wilderness Act (<external-xref legal-doc="usc" parsable-cite="usc/16/1131">16 U.S.C. 1131</external-xref> et seq.);</text>
 </subparagraph><subparagraph id="ide48652af-b2e6-4c46-8a59-79d629512921"><enum>(B)</enum><text>this Act; and</text> </subparagraph><subparagraph id="id2b7cf092-9874-42d0-bee1-95bd3d3c0e9c"><enum>(C)</enum><text>any other applicable laws.</text>
 </subparagraph></paragraph></subsection><subsection id="id2b9ba390-7d1a-4d2b-8752-000a2f5ae8bc"><enum>(d)</enum><header>Grazing</header><text>Grazing of livestock in the wilderness areas, where established before the date of enactment of this Act, shall be administered in accordance with—</text>
 <paragraph id="id244f5341-5813-4fad-aeb9-c7efc42f8903"><enum>(1)</enum><text>section 4(d)(4) of the Wilderness Act (<external-xref legal-doc="usc" parsable-cite="usc/16/1133">16 U.S.C. 1133(d)(4)</external-xref>); and</text>
 </paragraph><paragraph id="id905f3d4f-ec5e-41af-bc56-c6837b3c51cb"><enum>(2)</enum><text>the guidelines set forth in appendix A of the Report of the Committee on Interior and Insular Affairs to accompany H.R. 2570 of the 101st Congress (H. Rept. 101–405).</text>
				</paragraph></subsection><subsection id="id617e884c-e334-4494-8aef-8aef0faa4d5f"><enum>(e)</enum><header>Buffer zones</header>
				<paragraph id="ida7a2b9fa-cd1d-4869-95e7-c4956a69c98b"><enum>(1)</enum><header>In
 general</header><text>Nothing in this Act creates a protective perimeter or buffer zone around the wilderness areas.</text>
				</paragraph><paragraph id="id62175c8e-557b-4d85-a293-76850950b058"><enum>(2)</enum><header>Activities outside
 wilderness areas</header><text>The fact that an activity or use on land outside a wilderness area can be seen or heard within the wilderness area shall not preclude the activity or use outside the boundary of the wilderness area.</text>
				</paragraph></subsection><subsection id="id8b518b12-96f9-4b9c-85a9-00f09f47011b"><enum>(f)</enum><header>Release of wilderness
 study areas</header><text>Congress finds that, for purposes of section 603(c) of the Federal Land Policy and Management Act of 1976 (<external-xref legal-doc="usc" parsable-cite="usc/43/1782">43 U.S.C. 1782(c)</external-xref>), the public land within the San Antonio Wilderness Study Area not designated as wilderness by this section—</text>
 <paragraph id="id6ca4d0ec-bb08-4acf-a3a9-3509d7f5a319"><enum>(1)</enum><text>has been adequately studied for wilderness designation;</text>
 </paragraph><paragraph id="id88fbedf5-2c46-44bd-b374-dd7dbbad82f2"><enum>(2)</enum><text>is no longer subject to section 603(c) of the Federal Land Policy and Management Act of 1976 (<external-xref legal-doc="usc" parsable-cite="usc/43/1782">43 U.S.C. 1782(c)</external-xref>); and</text>
 </paragraph><paragraph id="id55b9b505-5e2d-4a6a-94cc-f961add5e401"><enum>(3)</enum><text>shall be managed in accordance with this Act.</text>
				</paragraph></subsection><subsection id="id95d60977-cdc2-4e2d-8fa8-61b671396568"><enum>(g)</enum><header>Maps and legal
			 descriptions</header>
				<paragraph id="idfcad4d81-6005-400b-b1f2-77a773bb85e2"><enum>(1)</enum><header>In
 general</header><text>As soon as practicable after the date of enactment of this Act, the Secretary shall file the map and legal descriptions of the wilderness areas with—</text>
 <subparagraph id="id4cf6b40d-7c19-43a0-9f06-06d08ed01e5a"><enum>(A)</enum><text>the Committee on Energy and Natural Resources of the Senate; and</text>
 </subparagraph><subparagraph id="idd0111fd2-a27f-4c95-8601-e3a36fbe2bc7"><enum>(B)</enum><text>the Committee on Natural Resources of the House of Representatives.</text>
					</subparagraph></paragraph><paragraph id="idf1fd46bd-158d-43b0-8856-498b68138db6"><enum>(2)</enum><header>Force of
 law</header><text>The map and legal descriptions filed under paragraph (1) shall have the same force and effect as if included in this Act, except that the Secretary may correct errors in the legal description and map.</text>
				</paragraph><paragraph id="id48fc884f-aab4-42c8-ac70-c3cbabe11d12"><enum>(3)</enum><header>Public
 availability</header><text>The map and legal descriptions filed under paragraph (1) shall be on file and available for public inspection in the appropriate offices of the Bureau of Land Management.</text>
				</paragraph></subsection><subsection id="id26ba09b3-da89-4ed5-a71b-92ce3719c945"><enum>(h)</enum><header>National landscape
 conservation system</header><text>The wilderness areas shall be administered as components of the National Landscape Conservation System.</text>
			</subsection><subsection id="id8ab9b2f4-9ddf-407d-9dd0-f791ec2db42a"><enum>(i)</enum><header>Fish and
 wildlife</header><text>Nothing in this Act affects the jurisdiction of the State of New Mexico with respect to fish and wildlife located on public land in the State.</text>
 </subsection><subsection id="id4ca8d3bd-b99c-4a50-b903-176ed13633a9"><enum>(j)</enum><header>Withdrawals</header><text>Subject to valid existing rights, any Federal land within the wilderness areas designated by subsection (a), including any land or interest in land that is acquired by the United States after the date of enactment of this Act, is withdrawn from—</text>
 <paragraph id="id96d3374c-2902-4cee-a546-12db3aba646b"><enum>(1)</enum><text>entry, appropriation, or disposal under the public land laws;</text>
 </paragraph><paragraph id="id20f34ef3-0c46-4bda-b41c-7905b36ee6ef"><enum>(2)</enum><text>location, entry, and patent under the mining laws; and</text>
 </paragraph><paragraph id="id658e3835-35dc-4312-acce-2011abdd1139"><enum>(3)</enum><text>operation of the mineral leasing, mineral materials, and geothermal leasing laws.</text>
				</paragraph></subsection><subsection id="idfc9c7aeb-0240-4f22-8675-36acc13b73ea"><enum>(k)</enum><header>Treaty
 rights</header><text>Nothing in this Act enlarges, diminishes, or otherwise modifies any treaty rights.</text></subsection></section></legis-body></bill>


