<?xml version="1.0"?>
<?xml-stylesheet type="text/xsl" href="billres.xsl"?>
<!DOCTYPE bill PUBLIC "-//US Congress//DTDs/bill.dtd//EN" "bill.dtd">
<bill bill-stage="Introduced-in-Senate" dms-id="A1" public-private="public"><metadata xmlns:dc="http://purl.org/dc/elements/1.1/">
<dublinCore>
<dc:title>115 S474 IS: To condition assistance to the West Bank and Gaza on steps by the Palestinian Authority to end violence and terrorism against Israeli citizens.</dc:title>
<dc:publisher>U.S. Senate</dc:publisher>
<dc:date>2017-02-28</dc:date>
<dc:format>text/xml</dc:format>
<dc:language>EN</dc:language>
<dc:rights>Pursuant to Title 17 Section 105 of the United States Code, this file is not subject to copyright protection and is in the public domain.</dc:rights>
</dublinCore>
</metadata>
<form>
<distribution-code display="yes">II</distribution-code><congress>115th CONGRESS</congress><session>1st Session</session><legis-num>S. 474</legis-num><current-chamber>IN THE SENATE OF THE UNITED STATES</current-chamber><action><action-date date="20170228">February 28, 2017</action-date><action-desc><sponsor name-id="S293">Mr. Graham</sponsor> (for himself, <cosponsor name-id="S342">Mr. Blunt</cosponsor>, <cosponsor name-id="S374">Mr. Cotton</cosponsor>, <cosponsor name-id="S365">Mr. Scott</cosponsor>, <cosponsor name-id="S355">Mr. Cruz</cosponsor>, <cosponsor name-id="S300">Mr. Burr</cosponsor>, <cosponsor name-id="S303">Mr. Thune</cosponsor>, <cosponsor name-id="S350">Mr. Rubio</cosponsor>, and <cosponsor name-id="S343">Mr. Boozman</cosponsor>) introduced the following bill; which was read twice and referred to the <committee-name committee-id="SSFR00">Committee on Foreign Relations</committee-name></action-desc></action><legis-type>A BILL</legis-type><official-title>To condition assistance to the West Bank and Gaza on steps by the Palestinian Authority to end
			 violence and terrorism against Israeli citizens.</official-title></form>
	<legis-body display-enacting-clause="yes-display-enacting-clause">
 <section id="id12D3300B2B16461ABBEF5CDB715770DE" section-type="section-one"><enum>1.</enum><header>Limitation on assistance to the West Bank and Gaza</header><text display-inline="no-display-inline">Funds appropriated or otherwise made available for assistance under chapter 4 of part II of the Foreign Assistance Act of 1961 (<external-xref legal-doc="usc" parsable-cite="usc/22/2346">22 U.S.C. 2346</external-xref> et seq.; relating to Economic Support Fund) and available for assistance for the West Bank and Gaza may only be made available for such purpose if the Secretary of State certifies to the appropriate congressional committees that the Palestinian Authority—</text>
 <paragraph id="idb76bbc28ce6a41be96b9dd4277ae6c7d"><enum>(1)</enum><text>is taking credible steps to end acts of violence against Israeli citizens that are perpetrated by individuals under its jurisdictional control; and</text>
 </paragraph><paragraph id="id07a601092a4947dabbcbf990f20fe5c6"><enum>(2)</enum><text>has terminated payments for acts of terrorism against Israeli citizens to any individual who has been imprisoned after being fairly tried and convicted for such acts of terrorism and to any individual who died committing such acts of terrorism, including to a family member of such individuals.</text>
 </paragraph></section><section id="id3f86418be7794f9b8ab57c6743cfe4be"><enum>2.</enum><header>Definition</header><text display-inline="no-display-inline">In this Act, the term <term>appropriate congressional committees</term> means—</text> <paragraph id="idD5EC0ED6E3EF4B32831A19A2C3BCB995"><enum>(1)</enum><text>the Committee on Appropriations and the Committee on Foreign Relations of the Senate; and</text>
 </paragraph><paragraph id="id9BD3712908E94A3F9AC814D4AEAF043F"><enum>(2)</enum><text>the Committee on Appropriations and the Committee on Foreign Affairs of the House of Representatives.</text></paragraph></section></legis-body></bill>


