<?xml version="1.0"?>
<?xml-stylesheet type="text/xsl" href="billres.xsl"?>
<!DOCTYPE bill PUBLIC "-//US Congress//DTDs/bill.dtd//EN" "bill.dtd">
<bill bill-stage="Introduced-in-Senate" bill-type="olc" dms-id="A1" public-private="public"><metadata xmlns:dc="http://purl.org/dc/elements/1.1/">
<dublinCore>
<dc:title>115 S655 IS: Future Logging Careers Act</dc:title>
<dc:publisher>U.S. Senate</dc:publisher>
<dc:date>2017-03-15</dc:date>
<dc:format>text/xml</dc:format>
<dc:language>EN</dc:language>
<dc:rights>Pursuant to Title 17 Section 105 of the United States Code, this file is not subject to copyright protection and is in the public domain.</dc:rights>
</dublinCore>
</metadata>
<form>
<distribution-code display="yes">II</distribution-code><congress>115th CONGRESS</congress><session>1st Session</session><legis-num>S. 655</legis-num><current-chamber>IN THE SENATE OF THE UNITED STATES</current-chamber><action><action-date date="20170315">March 15, 2017</action-date><action-desc><sponsor name-id="S323">Mr. Risch</sponsor> (for himself and <cosponsor name-id="S363">Mr. King</cosponsor>) introduced the following bill; which was read twice and referred to the <committee-name committee-id="SSHR00">Committee on Health, Education, Labor, and Pensions</committee-name></action-desc></action><legis-type>A BILL</legis-type><official-title>To exempt certain 16- and 17-year-old individuals employed in logging operations from
			 child labor laws.</official-title></form>
	<legis-body display-enacting-clause="yes-display-enacting-clause" id="HC2BCD2431D3F47188B18C7F9CF972844" style="OLC">
 <section id="id9D6284A1EF0A429CAF10CAEE6F03411A" section-type="section-one"><enum>1.</enum><header>Short title</header><text display-inline="no-display-inline">This Act may be cited as the <quote><short-title>Future Logging Careers Act</short-title></quote>.</text> </section><section id="H52122890264848B080568CC3866DC7EC"><enum>2.</enum><header>Child labor law exemptions for logging operations</header><text display-inline="no-display-inline">The Fair Labor Standards Act of 1938 (<external-xref legal-doc="usc" parsable-cite="usc/29/201">29 U.S.C. 201</external-xref> et seq.) is amended—</text>
 <paragraph id="H3AC81FDBA9074798ACD469721EC246CD"><enum>(1)</enum><text>in section 3 (<external-xref legal-doc="usc" parsable-cite="usc/29/203">29 U.S.C. 203</external-xref>), by adding at the end the following:</text> <quoted-block display-inline="no-display-inline" id="H86BAC63AC35A43378747919C6897150E" style="OLC"> <subsection id="H6D182C1219974BCE9F47E7A580D4FD47"><enum>(z)</enum><text><term>Logging operation</term>—</text>
 <paragraph id="id1777B9ADBD7D49F88CB40715D6042FA9" indent="up1"><enum>(1)</enum><text>means —</text> <subparagraph id="H296CDE00AE97462D9BB159ECE27AB49D"><enum>(A)</enum><text>a mechanized operation;</text>
 </subparagraph><subparagraph id="H647BFC3E80724946A2DFDD8DBC0736EB"><enum>(B)</enum><text>the bucking or converting of timber into logs, poles, ties, bolts, pulpwood, chemical wood, excelsior wood, cordwood, fence posts, or similar products;</text>
 </subparagraph><subparagraph id="H3ACFF345CDD94F5BAD9ADBA7FB937674"><enum>(C)</enum><text>the collecting, skidding, yarding, loading, transporting, or unloading of such products in connection with the activities described in this paragraph;</text>
 </subparagraph><subparagraph id="H647B7426DEA44F649FE290E329614837"><enum>(D)</enum><text>the constructing, repairing, or maintaining of—</text> <clause id="idA68229676C9E41A0AB7B2DD02EA5F439"><enum>(i)</enum><text>roads or camps used in connection with the activities described in this paragraph; or</text>
 </clause><clause id="idA7F227D497524CC78658CFD22D8038ED"><enum>(ii)</enum><text>machinery or equipment used in the activities described in this paragraph; or</text>
 </clause></subparagraph><subparagraph id="H5AF45270D76F468092AC264BA0D7C4A9"><enum>(E)</enum><text>any other work performed in connection with the activities described in this paragraph; and</text> </subparagraph></paragraph><paragraph id="idA95F6DBA6E5341859223F4EB94E62BFA" indent="up1"><enum>(2)</enum><text>does not include the manual use of chainsaws to fell or process timber or the use of cable skidders to bring the timber to the landing.</text>
 </paragraph></subsection><subsection id="HC6687AC3501946CF81546B11562F205E"><enum>(aa)</enum><text><term>Mechanized operation</term>—</text> <paragraph id="H3483997092444F738B2335D20C71D864" indent="up1"><enum>(1)</enum><text>means the felling, skidding, yarding, loading, or processing of timber by equipment other than manually operated chainsaws or cable skidders; and</text>
 </paragraph><paragraph id="H4C8716AAAE2143A9B577938E040226B3" indent="up1"><enum>(2)</enum><text display-inline="yes-display-inline">includes the use of whole tree processors, cut-to-length processors, stroke boom delimbers, wheeled and track feller-bunchers, pull-through delimbers, wheeled and track forwarders, chippers, grinders, mechanical debarkers, wheeled and track grapple skidders, yarders, bulldozers, excavators, and log loaders.</text></paragraph></subsection><after-quoted-block>; and</after-quoted-block></quoted-block>
 </paragraph><paragraph id="H6300548F524043508A62AFBD9BE8A146"><enum>(2)</enum><text>in section 13(c) (<external-xref legal-doc="usc" parsable-cite="usc/29/213">29 U.S.C. 213(c)</external-xref>), by adding at the end the following:</text> <quoted-block display-inline="no-display-inline" id="H7F02F1BCF09C49C8AF10DDDB45CA916E" style="OLC"> <paragraph id="H99270C5B04DE49F598F3A1CDFCAB9D32" indent="up1"><enum>(8)</enum><text display-inline="yes-display-inline">The provisions of section 12 relating to child labor shall apply to an employee who is 16 or 17 years old employed in a logging operation in an occupation that the Secretary of Labor finds and declares to be particularly hazardous for the employment of children ages 16 or 17, except where such employee is employed by his parent or by a person standing in the place of his parent in a logging operation owned or operated by such parent or person.</text></paragraph><after-quoted-block>.</after-quoted-block></quoted-block></paragraph></section></legis-body></bill>


