<?xml version="1.0"?>
<?xml-stylesheet type="text/xsl" href="billres.xsl"?>
<!DOCTYPE bill PUBLIC "-//US Congress//DTDs/bill.dtd//EN" "bill.dtd">
<bill bill-stage="Introduced-in-Senate" bill-type="olc" dms-id="A1" public-private="public"><metadata xmlns:dc="http://purl.org/dc/elements/1.1/">
<dublinCore>
<dc:title>115 S362 IS: Federal Employees Paid Parental Leave Act of 2017</dc:title>
<dc:publisher>U.S. Senate</dc:publisher>
<dc:date>2017-02-13</dc:date>
<dc:format>text/xml</dc:format>
<dc:language>EN</dc:language>
<dc:rights>Pursuant to Title 17 Section 105 of the United States Code, this file is not subject to copyright protection and is in the public domain.</dc:rights>
</dublinCore>
</metadata>
<form>
<distribution-code display="yes">II</distribution-code><congress>115th CONGRESS</congress><session>1st Session</session><legis-num>S. 362</legis-num><current-chamber>IN THE SENATE OF THE UNITED STATES</current-chamber><action><action-date date="20170213">February 13, 2017</action-date><action-desc><sponsor name-id="S353">Mr. Schatz</sponsor> (for himself, <cosponsor name-id="S331">Mrs. Gillibrand</cosponsor>, and <cosponsor name-id="S390">Mr. Van Hollen</cosponsor>) introduced the following bill; which was read twice and referred to the <committee-name committee-id="SSGA00">Committee on Homeland Security and Governmental Affairs</committee-name></action-desc></action><legis-type>A BILL</legis-type><official-title>To provide that 6 of the 12 weeks of parental leave made available to a Federal employee shall be
			 paid leave, and for other purposes.</official-title></form>
	<legis-body display-enacting-clause="yes-display-enacting-clause" id="H305D901D0F494326BA795B93664347B7" style="OLC">
 <section id="HA90EC24203C44238BB4C3A8CDDB29B6D" section-type="section-one"><enum>1.</enum><header>Short title</header><text display-inline="no-display-inline">This Act may be cited as the <quote><short-title>Federal Employees Paid Parental Leave Act of 2017</short-title></quote>.</text> </section><section id="HAA8C7F8A4CEC43C3A534BE3E0098008C"><enum>2.</enum><header>Paid parental leave for executive branch employees</header> <subsection id="HEA72C2A9C4D44A558AAE6BBDF8572CFC"><enum>(a)</enum><header>Amendment to title 5</header><text display-inline="yes-display-inline">Section 6382(d) of title 5, United States Code, is amended—</text>
 <paragraph id="H74FFFAFEF2634923A609AEA7C0DF486D"><enum>(1)</enum><text display-inline="yes-display-inline">by inserting <quote>(1)</quote> before <quote>An employee may elect</quote> the first place it appears;</text> </paragraph><paragraph id="HD84BCBD694924245A6ED43F7A8A3CB74"><enum>(2)</enum><text>by striking <quote>(A), (B),</quote>; and</text>
 </paragraph><paragraph id="H5E818DAE7C1B469988B961923E558111"><enum>(3)</enum><text>by adding at the end the following:</text> <quoted-block id="H3779749B3CC94817A1B30D4CC2534B0E" style="OLC"> <paragraph id="HC6E2AB0A9C5646D0A7A76373F57594AF" indent="up1"><enum>(2)</enum><text>An employee may elect to substitute for any leave without pay under subparagraph (A) or (B) of subsection (a)(1) any paid leave which is available to such employee for that purpose.</text>
 </paragraph><paragraph id="HA63646A8517D46ADB6276EE896F8B375" indent="up1"><enum>(3)</enum><text>The paid leave that is available to an employee for purposes of paragraph (2) is—</text> <subparagraph id="H0F69AEC2E3624CA19E00AD2B89E5EFA1"><enum>(A)</enum><text>subject to paragraph (6), 6 administrative workweeks of paid parental leave under this subparagraph in connection with the birth or placement involved; and</text>
 </subparagraph><subparagraph id="H6A9980D01D5840DAB4FF51350312D966"><enum>(B)</enum><text>any annual or sick leave accrued or accumulated by such employee under subchapter I.</text> </subparagraph></paragraph><paragraph id="HB89FB201896944229835A41D78D42718" indent="up1"><enum>(4)</enum><text display-inline="yes-display-inline">Nothing in this subsection shall be considered to require that an employee first use all or any portion of the leave described in paragraph (3)(B) before being allowed to use the paid parental leave described in paragraph (3)(A).</text>
 </paragraph><paragraph id="H6798E150646A4D5E9967C9B6AE8DEA33" indent="up1"><enum>(5)</enum><text>Paid parental leave under paragraph (3)(A)—</text> <subparagraph id="H1027A0B3F562413DB019BCCAC9233B6F"><enum>(A)</enum><text>shall be payable from any appropriation or fund available for salaries or expenses for positions within the employing agency;</text>
 </subparagraph><subparagraph id="H9B41A5101BD74B71BACDBBD3E79B6C93"><enum>(B)</enum><text>shall not be considered to be annual or vacation leave for purposes of section 5551 or 5552 or for any other purpose; and</text>
 </subparagraph><subparagraph id="HA7CD828077864197B36C734BD1DCB2AD"><enum>(C)</enum><text>if not used by the employee before the end of the 12-month period (as referred to in subsection (a)(1)) to which it relates, shall not accumulate for any subsequent use.</text>
 </subparagraph></paragraph><paragraph id="HDA15D1C4284742CFA26EB3BDF5F94C5A" indent="up1"><enum>(6)</enum><text>The Director of the Office of Personnel Management—</text> <subparagraph id="HD8BD1B819584405A84560C56BA78CECE"><enum>(A)</enum><text display-inline="yes-display-inline">may promulgate regulations to increase the amount of paid parental leave available to an employee under paragraph (3)(A), to a total of not more than 12 administrative workweeks, based on the consideration of—</text>
 <clause id="H6E29F416DFCE4967A7D2338C2542C284"><enum>(i)</enum><text>the benefits provided to the Federal Government of offering increased paid parental leave, including enhanced recruitment and retention of employees;</text>
 </clause><clause id="H33B95A38E4394C81AAA3EAECD59BB023"><enum>(ii)</enum><text>the cost to the Federal Government of increasing the amount of paid parental leave that is available to employees;</text>
 </clause><clause id="H5FE633AD6689496FAEFF5961ACCB4732"><enum>(iii)</enum><text>trends in the private sector and in State and local governments with respect to offering paid parental leave;</text>
 </clause><clause id="H3DA8F65153AA4238839F280EDF6556F3"><enum>(iv)</enum><text>the role of the Federal Government as a model employer;</text> </clause><clause id="H421A69A2D2C34221BDBEA528FD245C8D"><enum>(v)</enum><text>the impact of increased paid parental leave on lower-income and economically disadvantaged employees and their children; and</text>
 </clause><clause id="H5FD927AB1145494A9BC02817CD35F7A8"><enum>(vi)</enum><text>such other factors as the Director considers necessary; and</text> </clause></subparagraph><subparagraph id="H12B99DB2F8464B2397C2DBC7D9EE3219"><enum>(B)</enum><text>shall prescribe any regulations necessary to carry out this subsection, including, subject to paragraph (4), the manner in which an employee may designate any day or other period as to which such employee wishes to use paid parental leave described in paragraph (3)(A).</text></subparagraph></paragraph><after-quoted-block>.</after-quoted-block></quoted-block>
				</paragraph></subsection><subsection id="id7FC9BFC19ED14EDD8786D0B8DF917883"><enum>(b)</enum><header>TSA</header>
 <paragraph id="id97E2C8EC41034D05BCE66FBF154FDAF5"><enum>(1)</enum><header>In general</header><text>Section 114(n) of title 49, United States Code, is amended—</text> <subparagraph id="id01F10241A0E9400890914895E71B6780"><enum>(A)</enum><text>by striking <quote>The personnel management system</quote> and inserting the following:</text>
						<quoted-block display-inline="no-display-inline" id="id801DB1559A104DBE8D6C2CF2CC123B8B" style="USC">
 <paragraph id="id9C15833D2BE748279F8353B766AD8781"><enum>(1)</enum><header>In general</header><text>The personnel management system</text></paragraph><after-quoted-block>; and</after-quoted-block></quoted-block> </subparagraph><subparagraph id="idBD71151FA17A43538A9DA5C3CB03B69F"><enum>(B)</enum><text>by adding at the end the following:</text>
						<quoted-block display-inline="no-display-inline" id="id7345BBA2B05D42EDA70BC7B7474F3989" style="USC">
 <paragraph id="idB50DEEAD3FDC45B484414081E8265C30"><enum>(2)</enum><header>Family and medical leave including paid parental leave</header><text>The personnel management system under paragraph (1) shall include family and medical leave (including the ability to substitute paid leave (including paid parental leave) for any leave without pay under such family and medical leave) for employees of the Transportation Security Administration (including security screening personnel described in section 111(d) of the Aviation and Transportation Security Act (<external-xref legal-doc="usc" parsable-cite="usc/49/44935">49 U.S.C. 44935</external-xref> note)), which shall be provided in accordance with subchapter V of <external-xref legal-doc="usc-chapter" parsable-cite="usc-chapter/5/63">chapter 63</external-xref> of title 5.</text></paragraph><after-quoted-block>.</after-quoted-block></quoted-block>
 </subparagraph></paragraph><paragraph id="id3F1424C465F44C4C99B432DA11CFA2B3"><enum>(2)</enum><header>Conforming amendments relating to screener personnel</header><text>Section 111(d) of the Aviation and Transportation Security Act (<external-xref legal-doc="usc" parsable-cite="usc/49/44935">49 U.S.C. 44935</external-xref> note) is amended—</text> <subparagraph id="idB926A92BDB8E4098B66668907CAA0DF3"><enum>(A)</enum><text>in paragraph (1), by striking <quote>paragraph (2)</quote> and inserting <quote>paragraphs (2) and (3)</quote>; and</text>
 </subparagraph><subparagraph id="idE5509206838A4F228C85179F75E5FB58"><enum>(B)</enum><text>by adding at the end the following:</text> <quoted-block display-inline="no-display-inline" id="id6F5DE6955279416F9AFD8A1FB8766FB3" style="OLC"> <paragraph id="id588CC53E00F14A5ABDF33023114C48D4"><enum>(3)</enum><header>Family and medical leave including paid parental leave</header><text>Notwithstanding any other provision of law, security screening personnel described in paragraph (1) shall be eligible for family and medical leave (including the ability to substitute paid leave (including paid parental leave) for any leave without pay under such family and medical leave) under subchapter V of <external-xref legal-doc="usc-chapter" parsable-cite="usc-chapter/5/63">chapter 63</external-xref> of title 5, United States Code, and in accordance with section 114(n)(2) of title 49, United States Code.</text></paragraph><after-quoted-block>.</after-quoted-block></quoted-block>
 </subparagraph></paragraph></subsection><subsection commented="no" display-inline="no-display-inline" id="HAA41BE0F82C94589AFECA4ABCA9396F9"><enum>(c)</enum><header>Effective date</header><text>The amendments made by this section shall apply with respect to any birth or placement that occurs on or after the date that is 6 months after the date of enactment of this Act.</text>
			</subsection></section><section id="HB456C62FBC0343D6A0DFB84228A1A540"><enum>3.</enum><header>Paid parental leave for Congressional employees</header>
 <subsection id="HD6A190C90E6F4FF09AD5CC65C0837511"><enum>(a)</enum><header>Amendment to Congressional Accountability Act</header><text>Section 202 of the Congressional Accountability Act of 1995 (<external-xref legal-doc="usc" parsable-cite="usc/2/1312">2 U.S.C. 1312</external-xref>) is amended—</text> <paragraph id="HFD93CD3184644FCF9BE1F1B6F5841B43"><enum>(1)</enum><text>in subsection (a)(1), by adding at the end the following: <quote>In applying section 102(a)(1) (A) and (B) of such Act to covered employees, subsection (d) shall apply.</quote>;</text>
 </paragraph><paragraph id="HFFCB0346223042CB8504A57CCADD398E"><enum>(2)</enum><text>by redesignating subsections (d) and (e) as subsections (e) and (f), respectively; and</text> </paragraph><paragraph id="H7C89564BE0094A99828DB3468D249C27"><enum>(3)</enum><text>by inserting after subsection (c) the following:</text>
					<quoted-block display-inline="no-display-inline" id="H5CE9DE01233E493FA767B37DF5E468FA" style="OLC">
						<subsection id="H7FAA1307DF0647AD92663F205F61300F"><enum>(d)</enum><header>Special rule for paid parental leave for Congressional employees</header>
 <paragraph display-inline="no-display-inline" id="HA66E15C7775E4BBAA39ADB3D0F01906E"><enum>(1)</enum><header>Substitution of paid leave</header><text>A covered employee taking leave without pay under subparagraph (A) or (B) of section 102(a)(1) of the Family and Medical Leave Act of 1993 (<external-xref legal-doc="usc" parsable-cite="usc/29/2612">29 U.S.C. 2612(a)(1)</external-xref>) may elect to substitute for any such leave any paid leave which is available to such employee for that purpose.</text>
 </paragraph><paragraph id="H7CD96B72A0ED4A1C8D95B4E9C24C28E0"><enum>(2)</enum><header>Amount of paid leave</header><text>The paid leave that is available to a covered employee for purposes of paragraph (1) is—</text> <subparagraph id="H43E7EEF6A947475AB4FF8ACBAF7D69F7"><enum>(A)</enum><text>the number of weeks of paid parental leave in connection with the birth or placement involved that correspond to the number of administrative workweeks of paid parental leave available to Federal employees under section 6382(d)(3)(A) of title 5, United States Code; and</text>
 </subparagraph><subparagraph id="H0C20771ECC3D4C2E8481F9DD1914D2D2"><enum>(B)</enum><text>any additional paid vacation or sick leave provided by the employing office to such employee.</text> </subparagraph></paragraph><paragraph id="H8A69CF8FFB62467EB44F99CEBAA0B669"><enum>(3)</enum><header>Limitation</header><text display-inline="yes-display-inline">Nothing in this subsection shall be considered to require that an employee first use all or any portion of the leave described in subparagraph (B) of paragraph (2) before being allowed to use the paid parental leave described in subparagraph (A) of paragraph (2).</text>
 </paragraph><paragraph id="H7EC6B329110E4AD7A98F7763CA59E44F"><enum>(4)</enum><header>Additional rules</header><text>Paid parental leave under paragraph (2)(A)—</text> <subparagraph id="H64E14EB1550E4E93BC60852739AE7BFD"><enum>(A)</enum><text>shall be payable from any appropriation or fund available for salaries or expenses for positions within the employing office; and</text>
 </subparagraph><subparagraph id="H31630E25F1574A71952AE7611271B1D2"><enum>(B)</enum><text display-inline="yes-display-inline">if not used by the covered employee before the end of the 12-month period (as referred to in section 102(a)(1) of the Family and Medical Leave Act of 1993 (<external-xref legal-doc="usc" parsable-cite="usc/29/2612">29 U.S.C. 2612(a)(1)</external-xref>)) to which it relates, shall not accumulate for any subsequent use.</text></subparagraph></paragraph></subsection><after-quoted-block>.</after-quoted-block></quoted-block>
 </paragraph></subsection><subsection id="H2061BBA228484BF2BF0333F9BD5E2C53"><enum>(b)</enum><header>Effective date</header><text>The amendments made by this section shall apply with respect to any birth or placement that occurs on or after the date that is 6 months after the date of enactment of this Act.</text>
			</subsection></section><section id="H08B725678409468E86B59EB0C90CCDC0"><enum>4.</enum><header>Conforming amendment to Family and Medical Leave Act for GAO and Library of Congress employees</header>
 <subsection id="HAC59B21BB8B844828F665D8A679BFA4C"><enum>(a)</enum><header>Amendment to Family and Medical Leave Act of 1993</header><text display-inline="yes-display-inline">Section 102(d) of the Family and Medical Leave Act of 1993 (<external-xref legal-doc="usc" parsable-cite="usc/29/2612">29 U.S.C. 2612(d)</external-xref>) is amended by adding at the end the following:</text>
				<quoted-block display-inline="no-display-inline" id="H97D05DE4D1D34758A9B2EEB7C5B40F9D" style="OLC">
					<paragraph id="H95643231A7C34A7A952DE970CC4D6DBC"><enum>(3)</enum><header>Special rule for GAO and Library of Congress employees</header>
 <subparagraph id="HEAB8D208E0104B86AF88C990C118D7AB"><enum>(A)</enum><header>Substitution of paid leave</header><text>An employee of an employer described in section 101(4)(A)(iv) taking leave under subparagraph (A) or (B) of subsection (a)(1) may elect to substitute for any such leave any paid leave which is available to such employee for that purpose.</text>
 </subparagraph><subparagraph id="H1EE1F92273994493AB3CEBCAEBD4A885"><enum>(B)</enum><header>Amount of paid leave</header><text display-inline="yes-display-inline">The paid leave that is available to an employee of an employer described in section 101(4)(A)(iv) for purposes of subparagraph (A) is—</text>
 <clause id="HE3EE7995834545E29A6E8DFA7ADF8682"><enum>(i)</enum><text display-inline="yes-display-inline">the number of weeks of paid parental leave in connection with the birth or placement involved that correspond to the number of administrative workweeks of paid parental leave available to Federal employees under section 6382(d)(3)(A) of title 5, United States Code; and</text>
 </clause><clause id="HC5F71B42C74C471DB273C9A43AA55CD9"><enum>(ii)</enum><text>any additional paid vacation or sick leave provided by such employer.</text> </clause></subparagraph><subparagraph id="H00A6CA3DB2BC490F95E517EFC43592BE"><enum>(C)</enum><header>Limitation</header><text display-inline="yes-display-inline">Nothing in this paragraph shall be considered to require that an employee first use all or any portion of the leave described in clause (ii) of subparagraph (B) before being allowed to use the paid parental leave described in clause (i) of such subparagraph.</text>
 </subparagraph><subparagraph id="H90A0CE7DBCCA424F93D18FC4614D6421"><enum>(D)</enum><header>Additional rules</header><text>Paid parental leave under subparagraph (B)(i)—</text> <clause id="H52DB373400854C98A77E96BDB8AB1653"><enum>(i)</enum><text display-inline="yes-display-inline">shall be payable from any appropriation or fund available for salaries or expenses for positions with the employer described in section 101(4)(A)(iv); and</text>
 </clause><clause id="H6052B83BC71449DA8BF036A2377807E8"><enum>(ii)</enum><text>if not used by the employee of such employer before the end of the 12-month period (as referred to in subsection (a)(1)) to which it relates, shall not accumulate for any subsequent use.</text></clause></subparagraph></paragraph><after-quoted-block>.</after-quoted-block></quoted-block>
 </subsection><subsection id="H5CA4B7560B394CA78641CACAAD5E0847"><enum>(b)</enum><header>Effective date</header><text display-inline="yes-display-inline">The amendments made by this section shall apply with respect to any birth or placement that occurs on or after the date that is 6 months after the date of enactment of this Act.</text>
			</subsection></section><section id="HF037A3CA4EE54956BB6218B700B4B401"><enum>5.</enum><header>Clarification for members of the National Guard and Reserves</header>
 <subsection commented="no" display-inline="no-display-inline" id="H7DD01D17E5C6453EAA277FDC573B908C"><enum>(a)</enum><header>Executive branch employees</header><text display-inline="yes-display-inline">For purposes of determining the eligibility of an employee who is a member of the National Guard or Reserves to take leave under subparagraph (A) or (B) of section 6382(a)(1) of title 5, United States Code, or to substitute such leave pursuant to subsection (d)(2) of section 6382 of such title (as added by section 2), any service by such employee on covered active duty (as defined in section 6381(7) of such title) shall be counted as service as an employee for purposes of section 6381(1)(B) of such title.</text>
 </subsection><subsection commented="no" display-inline="no-display-inline" id="id1045647FEDF84A028FAFED739995CC43"><enum>(b)</enum><header display-inline="yes-display-inline">TSA employees</header><text display-inline="yes-display-inline">For purposes of determining the eligibility of an employee of the Transportation Security Administration (including security screening personnel described in section 111(d) of the Aviation and Transportation Security Act (<external-xref legal-doc="usc" parsable-cite="usc/49/44935">49 U.S.C. 44935</external-xref> note)) who is a member of the National Guard or Reserves to take leave in a circumstance described in subparagraph (A) or (B) of section 6382(a)(1) of title 5, United States Code, or to substitute such leave in a manner described in subsection (d)(2) of section 6382 of such title (as added by section 2), any service by such employee on covered active duty (as defined in section 6381(7) of such title) shall be counted as service as an employee for purposes of determining whether the employee has completed 12 months of service as an employee.</text>
 </subsection><subsection id="HECFB6ECC127B41C991FDA3009320E30B"><enum>(c)</enum><header>Congressional Employees</header><text display-inline="yes-display-inline">For purposes of determining the eligibility of a covered employee (as such term is defined in section 101(3) of the Congressional Accountability Act of 1995 (<external-xref legal-doc="usc" parsable-cite="usc/2/1301">2 U.S.C. 1301(3)</external-xref>)) who is a member of the National Guard or Reserves to take leave under subparagraph (A) or (B) of section 102(a)(1) of the Family and Medical Leave Act of 1993 (<external-xref legal-doc="usc" parsable-cite="usc/29/2612">29 U.S.C. 2612(a)(1)</external-xref>) (pursuant to section 202(a)(1) of the Congressional Accountability Act of 1995), or to substitute such leave pursuant to subsection (d) of section 202 of such Act (as added by section 3), any service by such employee on covered active duty (as defined in section 101(14) of the Family and Medical Leave Act of 1993) shall be counted as time during which such employee has been employed in an employing office for purposes of section 202(a)(2)(B) of the Congressional Accountability Act of 1995.</text>
 </subsection><subsection id="H17BD39AC94B547EA8803F92320FAC1F7"><enum>(d)</enum><header>GAO and Library of Congress Employees</header><text display-inline="yes-display-inline">For purposes of determining the eligibility of an employee of the Government Accountability Office or Library of Congress who is a member of the National Guard or Reserves to take leave under subparagraph (A) or (B) of section 102(a)(1) of the Family and Medical Leave Act of 1993 (<external-xref legal-doc="usc" parsable-cite="usc/29/2612">29 U.S.C. 2612(a)(1)</external-xref>), or to substitute such leave pursuant to paragraph (3) of section 102(d) of such Act (as added by section 4), any service by such employee on covered active duty (as defined in section 101(14) of such Act) shall be counted as time during which such employee has been employed for purposes of section 101(2)(A) of such Act.</text>
 </subsection></section><section id="id6e1cbafce9234e32b117e3d5f2238113"><enum>6.</enum><header>GAO report</header><text display-inline="no-display-inline">Not later than 5 years after the date of enactment of this Act, the Comptroller General of the United States shall submit to Congress a report on the implementation of this Act and the amendments made by this Act, which shall include—</text>
 <paragraph id="id9c162b90caa94e5bb054b1b6fae75be0"><enum>(1)</enum><text>statistical information about the number of days of paid and unpaid parental leave used by employees covered by this Act or an amendment made by this Act according to race, ethnicity, gender, and pay level; and</text>
 </paragraph><paragraph id="id671cb7459fc543eba1aaec0e5fffbf3d"><enum>(2)</enum><text>an evaluation of the effect of this Act and the amendments made by this Act on the recruitment and retention of such employees.</text></paragraph></section></legis-body></bill>


