<?xml version="1.0"?>
<?xml-stylesheet type="text/xsl" href="billres.xsl"?>
<!DOCTYPE bill PUBLIC "-//US Congress//DTDs/bill.dtd//EN" "bill.dtd">
<bill bill-stage="Introduced-in-Senate" bill-type="olc" dms-id="A1" public-private="public"><metadata xmlns:dc="http://purl.org/dc/elements/1.1/">
<dublinCore>
<dc:title>115 S216 IS: Bureau of Reclamation Transparency Act</dc:title>
<dc:publisher>U.S. Senate</dc:publisher>
<dc:date>2017-01-24</dc:date>
<dc:format>text/xml</dc:format>
<dc:language>EN</dc:language>
<dc:rights>Pursuant to Title 17 Section 105 of the United States Code, this file is not subject to copyright protection and is in the public domain.</dc:rights>
</dublinCore>
</metadata>
<form>
<distribution-code display="yes">II</distribution-code><congress>115th CONGRESS</congress><session>1st Session</session><legis-num>S. 216</legis-num><current-chamber>IN THE SENATE OF THE UNITED STATES</current-chamber><action><action-date date="20170124">January 24, 2017</action-date><action-desc><sponsor name-id="S317">Mr. Barrasso</sponsor> (for himself and <cosponsor name-id="S353">Mr. Schatz</cosponsor>) introduced the following bill; which was read twice and referred to the <committee-name committee-id="SSEG00">Committee on Energy and Natural Resources</committee-name></action-desc></action><legis-type>A BILL</legis-type><official-title>To require the Secretary of the Interior to submit to Congress a report on the efforts of the
			 Bureau of Reclamation to manage its infrastructure assets. </official-title></form>
	<legis-body display-enacting-clause="yes-display-enacting-clause" id="H5BB22498C3FA4D4487D15FE39D6D1B52" style="OLC">
 <section commented="no" display-inline="no-display-inline" id="HDDD176763FAE451D8715772216D98F75" section-type="section-one"><enum>1.</enum><header display-inline="yes-display-inline">Short title</header><text display-inline="no-display-inline">This Act may be cited as the <quote><short-title>Bureau of Reclamation Transparency Act</short-title></quote>.</text> </section><section commented="no" display-inline="no-display-inline" id="HBBC3C05459B8419C9CE13D827A44CA16" section-type="subsequent-section"><enum>2.</enum><header display-inline="yes-display-inline">Findings</header><text display-inline="no-display-inline">Congress finds that—</text>
 <paragraph commented="no" display-inline="no-display-inline" id="HC35CD5FD28C84D47886C707CAA5E8F69"><enum>(1)</enum><text display-inline="yes-display-inline">the water resources infrastructure of the Bureau of Reclamation provides important benefits related to irrigated agriculture, municipal and industrial water, hydropower, flood control, fish and wildlife, and recreation in the 17 Reclamation States;</text>
 </paragraph><paragraph commented="no" display-inline="no-display-inline" id="H918C66A57F4D4238B9ACD799B237AA22"><enum>(2)</enum><text display-inline="yes-display-inline">as of 2013, the combined replacement value of the infrastructure assets of the Bureau of Reclamation was $94,500,000,000;</text>
 </paragraph><paragraph commented="no" display-inline="no-display-inline" id="HA0633B0EE3DF4D38B629209398C95E62"><enum>(3)</enum><text display-inline="yes-display-inline">the majority of the water resources infrastructure facilities of the Bureau of Reclamation are at least 60 years old;</text>
 </paragraph><paragraph commented="no" display-inline="no-display-inline" id="H6090D2CA85AE403D94ECBEA770B3EB64"><enum>(4)</enum><text display-inline="yes-display-inline">the Bureau of Reclamation has previously undertaken efforts to better manage the assets of the Bureau of Reclamation, including an annual review of asset maintenance activities of the Bureau of Reclamation known as the <quote>Asset Management Plan</quote>; and</text>
 </paragraph><paragraph commented="no" display-inline="no-display-inline" id="H18E0D7F49B6741C98A1B291D6656BCF2"><enum>(5)</enum><text display-inline="yes-display-inline">actionable information on infrastructure conditions at the asset level, including information on maintenance needs at individual assets due to aging infrastructure, is needed for Congress to conduct oversight of Reclamation facilities and meet the needs of the public.</text>
 </paragraph></section><section commented="no" display-inline="no-display-inline" id="HBDFC1E33D1F9400ABA1F2BF8B6932092" section-type="subsequent-section"><enum>3.</enum><header display-inline="yes-display-inline">Definitions</header><text display-inline="no-display-inline">In this Act:</text> <paragraph commented="no" display-inline="no-display-inline" id="H93E68B6A4BCE47A9AF3B55A3DA6D75CC"><enum>(1)</enum><header display-inline="yes-display-inline">Asset</header> <subparagraph commented="no" display-inline="no-display-inline" id="HAA03B2821A7B4E31B8C8B0076D86C1E4"><enum>(A)</enum><header display-inline="yes-display-inline">In general</header><text display-inline="yes-display-inline">The term <term>asset</term> means any of the following assets that are used to achieve the mission of the Bureau of Reclamation to manage, develop, and protect water and related resources in an environmentally and economically sound manner in the interest of the people of the United States:</text>
 <clause commented="no" display-inline="no-display-inline" id="H07F2D6B371694A289A2842DE0805FE6E"><enum>(i)</enum><text display-inline="yes-display-inline">Capitalized facilities, buildings, structures, project features, power production equipment, recreation facilities, or quarters.</text>
 </clause><clause commented="no" display-inline="no-display-inline" id="HCEB7F0298C954DA188FF3B1FB364C2E8"><enum>(ii)</enum><text display-inline="yes-display-inline">Capitalized and noncapitalized heavy equipment and other installed equipment.</text> </clause></subparagraph><subparagraph commented="no" display-inline="no-display-inline" id="HE379902A408B43A8A3428B899E0FA744"><enum>(B)</enum><header display-inline="yes-display-inline">Inclusions</header><text display-inline="yes-display-inline">The term <term>asset</term> includes assets described in subparagraph (A) that are considered to be mission critical.</text>
 </subparagraph></paragraph><paragraph commented="no" display-inline="no-display-inline" id="H6447D7A87EA84EA289B8512F37126698"><enum>(2)</enum><header display-inline="yes-display-inline">Asset Management Report</header><text display-inline="yes-display-inline">The term <term>Asset Management Report</term> means—</text> <subparagraph commented="no" display-inline="no-display-inline" id="H9E7C3DD044AC4EB8B211C802725878F4"><enum>(A)</enum><text display-inline="yes-display-inline">the annual plan prepared by the Bureau of Reclamation known as the <quote>Asset Management Plan</quote>; and</text>
 </subparagraph><subparagraph commented="no" display-inline="no-display-inline" id="H89317979E4444CE8B9AF67326C3FC8B3"><enum>(B)</enum><text display-inline="yes-display-inline">any publicly available information relating to the plan described in subparagraph (A) that summarizes the efforts of the Bureau of Reclamation to evaluate and manage infrastructure assets of the Bureau of Reclamation.</text>
 </subparagraph></paragraph><paragraph commented="no" display-inline="no-display-inline" id="H9DEBC38A3EC54CC98728D15E070A2F7D"><enum>(3)</enum><header display-inline="yes-display-inline">Major repair and rehabilitation need</header><text display-inline="yes-display-inline">The term <term>major repair and rehabilitation need</term> means major nonrecurring maintenance at a Reclamation facility, including maintenance related to the safety of dams, extraordinary maintenance of dams, deferred major maintenance activities, and all other significant repairs and extraordinary maintenance.</text>
 </paragraph><paragraph commented="no" display-inline="no-display-inline" id="HBC9380A2D81E4F56832153B1E2995BCB"><enum>(4)</enum><header display-inline="yes-display-inline">Reclamation facility</header><text display-inline="yes-display-inline">The term <term>Reclamation facility</term> means each of the infrastructure assets that are owned by the Bureau of Reclamation at a Reclamation project.</text>
 </paragraph><paragraph commented="no" display-inline="no-display-inline" id="HB4E35D316C46463B89A87CADF015F2BC"><enum>(5)</enum><header display-inline="yes-display-inline">Reclamation project</header><text display-inline="yes-display-inline">The term <term>Reclamation project</term> means a project that is owned by the Bureau of Reclamation, including all reserved works and transferred works owned by the Bureau of Reclamation.</text>
 </paragraph><paragraph commented="no" display-inline="no-display-inline" id="H68EF511B7E3A458DAB55A99869780D09"><enum>(6)</enum><header display-inline="yes-display-inline">Reserved works</header><text display-inline="yes-display-inline">The term <term>reserved works</term> means buildings, structures, facilities, or equipment that are owned by the Bureau of Reclamation for which operations and maintenance are performed by employees of the Bureau of Reclamation or through a contract entered into by the Bureau of Reclamation, regardless of the source of funding for the operations and maintenance.</text>
 </paragraph><paragraph commented="no" display-inline="no-display-inline" id="HBD561A1DE7014A8494ED552CE927CADA"><enum>(7)</enum><header display-inline="yes-display-inline">Secretary</header><text display-inline="yes-display-inline">The term <term>Secretary</term> means the Secretary of the Interior.</text> </paragraph><paragraph commented="no" display-inline="no-display-inline" id="H1E7530A523864834A397AD55C779C948"><enum>(8)</enum><header display-inline="yes-display-inline">Transferred works</header><text display-inline="yes-display-inline">The term <term>transferred works</term> means a Reclamation facility at which operations and maintenance of the facility is carried out by a non-Federal entity under the provisions of a formal operations and maintenance transfer contract or other legal agreement with the Bureau of Reclamation.</text>
			</paragraph></section><section commented="no" display-inline="no-display-inline" id="H4DAEEB58B3334CC7B1161A2E4AF80E58" section-type="subsequent-section"><enum>4.</enum><header display-inline="yes-display-inline">Asset management report enhancements for reserved works</header>
 <subsection commented="no" display-inline="no-display-inline" id="HAD7D1D75C72C48CDAC7C5196B669C41F"><enum>(a)</enum><header display-inline="yes-display-inline">In general</header><text display-inline="yes-display-inline">Not later than 2 years after the date of enactment of this Act, the Secretary shall submit to Congress an Asset Management Report that—</text>
 <paragraph commented="no" display-inline="no-display-inline" id="H2F69B3AFAFA442CFB79EB6177026CEC6"><enum>(1)</enum><text display-inline="yes-display-inline">describes the efforts of the Bureau of Reclamation—</text> <subparagraph commented="no" display-inline="no-display-inline" id="H6553E93154524540868C3C57550A5ABA"><enum>(A)</enum><text display-inline="yes-display-inline">to maintain in a reliable manner all reserved works at Reclamation facilities; and</text>
 </subparagraph><subparagraph commented="no" display-inline="no-display-inline" id="H37D5419C180746C9AFA4B5255AF61B59"><enum>(B)</enum><text display-inline="yes-display-inline">to standardize and streamline data reporting and processes across regions and areas for the purpose of maintaining reserved works at Reclamation facilities; and</text>
 </subparagraph></paragraph><paragraph commented="no" display-inline="no-display-inline" id="H52ABE56748C44E8199A1D983BCC3B734"><enum>(2)</enum><text display-inline="yes-display-inline">expands on the information otherwise provided in an Asset Management Report, in accordance with subsection (b).</text>
				</paragraph></subsection><subsection commented="no" display-inline="no-display-inline" id="H4DD6E725FC214838BC531BBE3D46A8C4"><enum>(b)</enum><header display-inline="yes-display-inline">Infrastructure Maintenance Needs Assessment</header>
 <paragraph commented="no" display-inline="no-display-inline" id="HDDF1EADA49724F5A864F8AEFDE62AA43"><enum>(1)</enum><header display-inline="yes-display-inline">In general</header><text display-inline="yes-display-inline">The Asset Management Report submitted under subsection (a) shall include—</text> <subparagraph commented="no" display-inline="no-display-inline" id="H8EF1E6E219C243ADBFB11CF0E8A006FF"><enum>(A)</enum><text display-inline="yes-display-inline">a detailed assessment of major repair and rehabilitation needs for all reserved works at all Reclamation projects; and</text>
 </subparagraph><subparagraph commented="no" display-inline="no-display-inline" id="HB193DF01793B49CE8AA5825C3F4FC64B"><enum>(B)</enum><text display-inline="yes-display-inline">to the extent practicable, an itemized list of major repair and rehabilitation needs of individual Reclamation facilities at each Reclamation project.</text>
 </subparagraph></paragraph><paragraph commented="no" display-inline="no-display-inline" id="H41D6B6BDC70840919F6C8C7F89D73D1D"><enum>(2)</enum><header display-inline="yes-display-inline">Inclusions</header><text display-inline="yes-display-inline">To the extent practicable, the itemized list of major repair and rehabilitation needs under paragraph (1)(B) shall include—</text>
 <subparagraph commented="no" display-inline="no-display-inline" id="HAF0FB2528AAF4A0881C87DE0A0499F18"><enum>(A)</enum><text display-inline="yes-display-inline">a budget level cost estimate of the appropriations needed to complete each item; and</text> </subparagraph><subparagraph commented="no" display-inline="no-display-inline" id="H645A11470C524468B8C3FF4B64656D4E"><enum>(B)</enum><text display-inline="yes-display-inline">an assignment of a categorical rating for each item, consistent with paragraph (3).</text>
					</subparagraph></paragraph><paragraph commented="no" display-inline="no-display-inline" id="H1232F225887047F59D453C2A81073A6B"><enum>(3)</enum><header display-inline="yes-display-inline">Rating requirements</header>
 <subparagraph commented="no" display-inline="no-display-inline" id="H2C0E93206BCC47499526479E379EE375"><enum>(A)</enum><header display-inline="yes-display-inline">In general</header><text display-inline="yes-display-inline">The system for assigning ratings under paragraph (2)(B) shall be—</text> <clause commented="no" display-inline="no-display-inline" id="HE3EF70931EF343D6B4588E9B2F67EE85"><enum>(i)</enum><text display-inline="yes-display-inline">consistent with existing uniform categorization systems to inform the annual budget process and agency requirements; and</text>
 </clause><clause commented="no" display-inline="no-display-inline" id="HFDE7737A2A54432B93734BC08F8F32A2"><enum>(ii)</enum><text display-inline="yes-display-inline">subject to the guidance and instructions issued under subparagraph (B).</text> </clause></subparagraph><subparagraph commented="no" display-inline="no-display-inline" id="HC3C74E62CED347F8B454D9635E088F2A"><enum>(B)</enum><header display-inline="yes-display-inline">Guidance</header><text display-inline="yes-display-inline">As soon as practicable after the date of enactment of this Act, the Secretary shall issue guidance that describes the applicability of the rating system applicable under paragraph (2)(B) to Reclamation facilities.</text>
 </subparagraph></paragraph><paragraph commented="no" display-inline="no-display-inline" id="H3C98E474D2E04720AC2CEBBB7E69B794"><enum>(4)</enum><header display-inline="yes-display-inline">Public availability</header><text display-inline="yes-display-inline">Except as provided in paragraph (5), the Secretary shall make publicly available, including on the Internet, the Asset Management Report required under subsection (a).</text>
 </paragraph><paragraph commented="no" display-inline="no-display-inline" id="HBCA811AAB0914C9BAB5D35B056050E2D"><enum>(5)</enum><header display-inline="yes-display-inline">Confidentiality</header><text display-inline="yes-display-inline">The Secretary may exclude from the public version of the Asset Management Report made available under paragraph (4) any information that the Secretary identifies as sensitive or classified, but shall make available to the Committee on Energy and Natural Resources of the Senate and the Committee on Natural Resources of the House of Representatives a version of the report containing the sensitive or classified information.</text>
 </paragraph></subsection><subsection commented="no" display-inline="no-display-inline" id="H54C417FD46FE4145B7F317B63959E369"><enum>(c)</enum><header display-inline="yes-display-inline">Updates</header><text display-inline="yes-display-inline">Not later than 2 years after the date on which the Asset Management Report is submitted under subsection (a) and biennially thereafter, the Secretary shall update the Asset Management Report, subject to the requirements of section 5(b)(2).</text>
 </subsection><subsection commented="no" display-inline="no-display-inline" id="H7640ECA0424C4C28A85CCD7B0572EFBE"><enum>(d)</enum><header display-inline="yes-display-inline">Consultation</header><text display-inline="yes-display-inline">To the extent that such consultation would assist the Secretary in preparing the Asset Management Report under subsection (a) and updates to the Asset Management Report under subsection (c), the Secretary shall consult with—</text>
 <paragraph commented="no" display-inline="no-display-inline" id="idC58978DF46F34CA7BB6908273AD486BF"><enum>(1)</enum><text display-inline="yes-display-inline">the Secretary of the Army (acting through the Chief of Engineers); and</text> </paragraph><paragraph commented="no" display-inline="no-display-inline" id="idAF4B463C22964092AA2FEB5366DBFB36"><enum>(2)</enum><text display-inline="yes-display-inline">water and power contractors.</text>
				</paragraph></subsection></section><section commented="no" display-inline="no-display-inline" id="HC1B3638B29FC41C8BBA65EDC4BA5E435" section-type="subsequent-section"><enum>5.</enum><header display-inline="yes-display-inline">Asset management report enhancements for transferred works</header>
 <subsection commented="no" display-inline="no-display-inline" id="H0C616C5B585B490DB41DCA2E0B947F2A"><enum>(a)</enum><header display-inline="yes-display-inline">In general</header><text display-inline="yes-display-inline">The Secretary shall coordinate with the non-Federal entities responsible for the operation and maintenance of transferred works in developing reporting requirements for Asset Management Reports with respect to major repair and rehabilitation needs for transferred works that are similar to the reporting requirements described in section 4(b).</text>
			</subsection><subsection commented="no" display-inline="no-display-inline" id="H1DD27F2C81A44AE1BD5CA4C1B65BFE64"><enum>(b)</enum><header display-inline="yes-display-inline">Guidance</header>
 <paragraph commented="no" display-inline="no-display-inline" id="H7923349FF17F4FDF9B9958AFCEF2E250"><enum>(1)</enum><header display-inline="yes-display-inline">In general</header><text display-inline="yes-display-inline">After considering input from water and power contractors of the Bureau of Reclamation, the Secretary shall develop and implement a rating system for transferred works that incorporates, to the maximum extent practicable, the rating system for major repair and rehabilitation needs for reserved works developed under section 4(b)(3).</text>
 </paragraph><paragraph commented="no" display-inline="no-display-inline" id="HE72FB46C589B42EB838E37ADEF04FC2A"><enum>(2)</enum><header display-inline="yes-display-inline">Updates</header><text display-inline="yes-display-inline">The ratings system developed under paragraph (1) shall be included in the updated Asset Management Reports under section 4(c).</text>
 </paragraph></subsection></section><section commented="no" display-inline="no-display-inline" id="id6797D169424544968641EAA1EE54361B" section-type="subsequent-section"><enum>6.</enum><header display-inline="yes-display-inline">Offset</header><text display-inline="no-display-inline">Notwithstanding any other provision of law, in the case of the project authorized by section 1617 of the Reclamation Projects Authorization and Adjustment Act of 1992 (<external-xref legal-doc="usc" parsable-cite="usc/43/390h-12c">43 U.S.C. 390h–12c</external-xref>), the maximum amount of the Federal share of the cost of the project under section 1631(d)(1) of that Act (<external-xref legal-doc="usc" parsable-cite="usc/43/390h-13">43 U.S.C. 390h–13(d)(1)</external-xref>) otherwise available as of the date of enactment of this Act shall be reduced by $2,000,000.</text></section></legis-body></bill>


