<?xml version="1.0"?>
<?xml-stylesheet type="text/xsl" href="billres.xsl"?>
<!DOCTYPE bill PUBLIC "-//US Congress//DTDs/bill.dtd//EN" "bill.dtd">
<bill bill-stage="Introduced-in-Senate" dms-id="A1" public-private="public"><metadata xmlns:dc="http://purl.org/dc/elements/1.1/">
<dublinCore>
<dc:title>115 S467 IS: Mohave County Federal Land Management Act </dc:title>
<dc:publisher>U.S. Senate</dc:publisher>
<dc:date>2017-02-28</dc:date>
<dc:format>text/xml</dc:format>
<dc:language>EN</dc:language>
<dc:rights>Pursuant to Title 17 Section 105 of the United States Code, this file is not subject to copyright protection and is in the public domain.</dc:rights>
</dublinCore>
</metadata>
<form>
<distribution-code display="yes">II</distribution-code><congress>115th CONGRESS</congress><session>1st Session</session><legis-num>S. 467</legis-num><current-chamber>IN THE SENATE OF THE UNITED STATES</current-chamber><action><action-date date="20170228">February 28, 2017</action-date><action-desc><sponsor name-id="S358">Mr. Flake</sponsor> introduced the following bill; which was read twice and referred to the <committee-name committee-id="SSEG00">Committee on Energy and Natural Resources</committee-name></action-desc></action><legis-type>A BILL</legis-type><official-title>To provide for the disposal of certain Bureau of Land Management land in Mohave County, Arizona,
			 and for other purposes.</official-title></form>
	<legis-body display-enacting-clause="yes-display-enacting-clause">
 <section id="S1" section-type="section-one"><enum>1.</enum><header>Short title</header><text display-inline="no-display-inline">This Act may be cited as the <quote><short-title>Mohave County Federal Land Management Act </short-title></quote>.</text>
 </section><section id="IDA116ECC8F1CC45109E5BEF193B1C185B"><enum>2.</enum><header>Definitions</header><text display-inline="no-display-inline">In this Act:</text> <paragraph commented="no" display-inline="no-display-inline" id="IDB2A2E3EBBE034A6CBE6E1D0790A93E4D"><enum>(1)</enum><header display-inline="yes-display-inline">County</header><text display-inline="yes-display-inline">The term <term>County</term> means Mohave County, Arizona.</text>
 </paragraph><paragraph id="id881b4ea92f7d430797677c8eba89088e"><enum>(2)</enum><header>Eligible land</header><text>The term <term>eligible land</term> means—</text> <subparagraph id="idc60db24fd9eb4562a8ee93e9928782c4"><enum>(A)</enum><text>any land located in the County and administered by the Director of the Bureau of Land Management that is designated for disposal by the Secretary through—</text>
 <clause id="iddbd701371cb942a8a5d8e0a092bfc135"><enum>(i)</enum><text>the Kingman Resource Area Resource Management Plan;</text> </clause><clause id="id79924baf4fdb4153ab889059487e3a88"><enum>(ii)</enum><text>the Lake Havasu Field Office Resource Management Plan; or</text>
 </clause><clause id="idb0d83620af944a36a13f2132fe16aee8"><enum>(iii)</enum><text>the Arizona Strip Field Office Resource Management Plan; and</text> </clause></subparagraph><subparagraph id="id8c7dd1d035f549ec8c8408a21568e830"><enum>(B)</enum><text>any subsequent amendment or revision to the Management Plan that is undertaken with full public involvement.</text>
 </subparagraph></paragraph><paragraph id="ID4855DA5796AC4722BCD897463E016508"><enum>(3)</enum><header>Secretary</header><text>The term <term>Secretary</term> means the Secretary of the Interior.</text> </paragraph></section><section id="IDC89AC67E4A494090BE61F82B9F456E3C"><enum>3.</enum><header>Sales of Bureau of Land Management land</header> <subsection id="IDF952A733CD504AF8BD6D5A6D1B0345EE"><enum>(a)</enum><header>Disposal</header><text>Notwithstanding the land use planning requirements contained in section 202 and subsections (a) through (c) of section 203 of the <act-name parsable-cite="FLPMA">Federal Land Policy and Management Act of 1976</act-name> (<external-xref legal-doc="usc" parsable-cite="usc/43/1712">43 U.S.C. 1712</external-xref>, 1713), the Secretary, in accordance with this Act and other applicable law, and subject to valid existing rights, shall conduct sales of the eligible land.</text>
 </subsection><subsection id="idcb0735f1af6d49d99679a76527a928ee"><enum>(b)</enum><header>Joint selection</header><text>The Secretary and the County shall jointly select which parcels of eligible land to offer for sale under subsection (a).</text>
 </subsection><subsection id="id56cdc26ef5844a2cbfd5792f277624ea"><enum>(c)</enum><header>Compliance with local planning and zoning laws</header><text>Before carrying out a sale under subsection (a), the County shall submit to the Secretary a certification that qualified bidders have agreed to comply with—</text>
 <paragraph id="idb4f82b36205b40c28cb7a71d1948111e"><enum>(1)</enum><text>local zoning ordinances; and</text> </paragraph><paragraph id="id783c0b13bf1646d89b622616394a98bd"><enum>(2)</enum><text>any master plan for the area approved by the County.</text>
 </paragraph></subsection><subsection id="idf3aa10d568244979b53da0cd3202dd17"><enum>(d)</enum><header>Method of sale</header><text>A sale of eligible land under subsection (a) shall be—</text> <paragraph id="id55af70908c6c4aa9a3072e24a55a3406"><enum>(1)</enum><text>through a competitive bidding process, under which adjoining landowners are offered the first option, unless otherwise determined by the Secretary;</text>
 </paragraph><paragraph id="idc5e0672531ae49619089ad9150368cd4"><enum>(2)</enum><text>for not less than the fair market value, based on an appraisal; and</text> </paragraph><paragraph id="id6ecba05ffdab4239ab88c3436f5535b0"><enum>(3)</enum><text>conducted in accordance with subsection (f).</text>
				</paragraph></subsection><subsection id="ID3DD73C8B85FC46D58FD000A0BB80C2C6"><enum>(e)</enum><header>Withdrawal</header>
 <paragraph id="id718B6DE963634DA5BE235BB8E3C20389"><enum>(1)</enum><header>In general</header><text>Subject to valid existing rights, effective beginning on the date on which a parcel of eligible land is selected for sale under subsection (a), the parcel is withdrawn from location and entry under the mining laws and from operation under the mineral leasing and geothermal leasing laws.</text>
 </paragraph><paragraph id="id39ed6e3a8903428a9d3e1a16e264695f"><enum>(2)</enum><header>Termination</header><text>The withdrawal of a parcel of eligible land under paragraph (1) shall terminate—</text> <subparagraph id="idb900ec01a3c244bdbc3b592a8224ffe6"><enum>(A)</enum><text>on the date of the sale; or</text>
 </subparagraph><subparagraph id="id16619b9f290d4b82921df9e257db9931"><enum>(B)</enum><text>with respect to any parcel of eligible land jointly selected for sale under subsection (b) that is not sold, not later than 2 years after the date on which the parcel is offered for sale.</text>
					</subparagraph></paragraph></subsection><subsection id="id870e2e1a50014ea9b10b7e71585ffd6e"><enum>(f)</enum><header>Administration of sale</header>
 <paragraph id="idf8d5b7f7f41240509c217f53f8ab29b9"><enum>(1)</enum><header>In general</header><text>Not later than 1 year after the date of enactment of this Act, and not less frequently than once per year thereafter until the date on which the limitation described in paragraph (2) is met, the Secretary shall offer for sale the parcels of eligible land jointly selected under subsection (b).</text>
 </paragraph><paragraph id="idf5e90b42e09944c2b83e8f5ead0b6746"><enum>(2)</enum><header>Limitation</header><text>The total quantity of acreage of eligible land sold under this Act shall be not less than 6,000 acres of eligible land.</text>
 </paragraph></subsection></section><section id="id79ff2e04061d43f68245246eee423996"><enum>4.</enum><header>Disposition of proceeds</header><text display-inline="no-display-inline">Of the proceeds from the sale of eligible land under section 3—</text> <paragraph id="id57a8657eeac8483b9bf351a656869cdf"><enum>(1)</enum><text>not more than 20 percent shall be available to the Secretary, in consultation with the County, for the reimbursement of costs incurred by the Department of the Interior in preparing for the sale of the eligible land, including the costs of—</text>
 <subparagraph id="ide5218b100d754e3cbb6f6065496ae5ee"><enum>(A)</enum><text>surveys and appraisals; and</text> </subparagraph><subparagraph id="ideb92ef58954e4e7fa04e3186a62d896d"><enum>(B)</enum><text>compliance with—</text>
 <clause id="id6A5833D992114758B5D64D42032B660B"><enum>(i)</enum><text>the National Environmental Policy Act of 1969 (<external-xref legal-doc="usc" parsable-cite="usc/42/4321">42 U.S.C. 4321</external-xref> et seq.); and</text> </clause><clause id="id94C8327C51EA4ABD977CC179B8F70C0E"><enum>(ii)</enum><text>sections 202 and 203 of the Federal Land Policy and Management Act of 1976 (<external-xref legal-doc="usc" parsable-cite="usc/43/1712">43 U.S.C. 1712</external-xref>, 1713); and</text>
 </clause></subparagraph></paragraph><paragraph id="id50128af7c28844e8857f91ce6f6f77fe"><enum>(2)</enum><text>the remainder shall be returned to the Treasury for purposes of deficit reduction.</text> </paragraph></section><section commented="no" display-inline="no-display-inline" id="id8D691366BB044AFBBD029D58F78D7314" section-type="subsequent-section"><enum>5.</enum><header>Report</header><text display-inline="no-display-inline">The Secretary shall submit to the Committee on Energy and Natural Resources of the Senate and the Committee on Natural Resources of the House of Representatives an annual report on all transactions under this Act.</text></section></legis-body></bill>


