<?xml version="1.0"?>
<?xml-stylesheet type="text/xsl" href="billres.xsl"?>
<!DOCTYPE bill PUBLIC "-//US Congress//DTDs/bill.dtd//EN" "bill.dtd">
<bill bill-stage="Introduced-in-Senate" dms-id="A1" public-private="public"><metadata xmlns:dc="http://purl.org/dc/elements/1.1/">
<dublinCore>
<dc:title>115 S297 IS: Increasing Competition in Pharmaceuticals Act </dc:title>
<dc:publisher>U.S. Senate</dc:publisher>
<dc:date>2017-02-02</dc:date>
<dc:format>text/xml</dc:format>
<dc:language>EN</dc:language>
<dc:rights>Pursuant to Title 17 Section 105 of the United States Code, this file is not subject to copyright protection and is in the public domain.</dc:rights>
</dublinCore>
</metadata>
<form>
<distribution-code display="yes">II</distribution-code><congress>115th CONGRESS</congress><session>1st Session</session><legis-num>S. 297</legis-num><current-chamber>IN THE SENATE OF THE UNITED STATES</current-chamber><action><action-date date="20170202">February 2, 2017</action-date><action-desc><sponsor name-id="S252">Ms. Collins</sponsor> (for herself and <cosponsor name-id="S312">Mrs. McCaskill</cosponsor>) introduced the following bill; which was read twice and referred to the <committee-name committee-id="SSHR00">Committee on Health, Education, Labor, and Pensions</committee-name></action-desc></action><legis-type>A BILL</legis-type><official-title>To increase competition in the pharmaceutical industry.</official-title></form>
	<legis-body display-enacting-clause="yes-display-enacting-clause">
 <section id="S1" section-type="section-one"><enum>1.</enum><header>Short title</header><text display-inline="no-display-inline">This Act may be cited as the <quote><short-title>Increasing Competition in Pharmaceuticals Act </short-title></quote>.</text>
 </section><section id="id767AB84927594ADCBC89FC73FD3A93A1"><enum>2.</enum><header>Findings</header><text display-inline="no-display-inline">Congress finds the following:</text> <paragraph id="id6C8CDC7C6B28403F976F0500028E2F4B"><enum>(1)</enum><text>As part of the Food and Drug Administration’s mission to protect the public health, the Food and Drug Administration approves generic drugs that help establish competitive markets for treatments that improve the lives of millions of patients in the United States.</text>
 </paragraph><paragraph id="idD90A56054DDB432182DD6562B35457C6"><enum>(2)</enum><text>Rising health care costs, including prescription drug costs, continue to be a major concern for patients in the United States.</text>
 </paragraph><paragraph id="id61BA2442960D402A89D1AF042887257E"><enum>(3)</enum><text>Eighty-eight percent of prescription drugs dispensed in the United States, or nearly 9 out of every 10 prescriptions dispensed, are generic drugs.</text>
 </paragraph><paragraph id="idD3DB5BB69DF64CDB920AF4A91CE17A20"><enum>(4)</enum><text>Studies suggest that generic drugs account for only 28 percent of total prescription drug spending and were responsible for $1,680,000,000,000 in estimated savings over the period of 2005 to 2014.</text>
 </paragraph><paragraph id="idF2AA4B03DDBB438CA37C703E2EC83F12"><enum>(5)</enum><text>Increasing generic competition can be an effective way to help keep prescription drug costs low for patients, the health care system, and Federal and State government.</text>
 </paragraph><paragraph id="idFDBB488A10444C69973E5D7F93EE82D2"><enum>(6)</enum><text>Despite enactment of the Generic Drug User Fee Amendments of 2012 (<external-xref legal-doc="usc" parsable-cite="usc/21/379j-41">21 U.S.C. 379j–41</external-xref> et seq.), which was established to provide the Food and Drug Administration with industry funding to ensure a more consistent timeline for generic drug approvals, a significant backlog of abbreviated new drug applications for generic drugs remains.</text>
 </paragraph><paragraph id="id735446E4F6854C2D81F94A6481E095B6"><enum>(7)</enum><text>The sudden, aggressive price hikes for a variety of recently acquired off-patent drugs that have been used widely for decades, for which there is no generic drug competitor, also affects access to affordable prescriptions for patients and the overall cost of health care in the United States.</text>
 </paragraph><paragraph id="id18975D63AA3F4B1280E8EFB9024645CD"><enum>(8)</enum><text>Improving the review of abbreviated new drug applications and the approval of generic drugs would help to improve competition and lower prices for patients.</text>
 </paragraph><paragraph id="idACDBE434DB6645F78278A49E3072F560"><enum>(9)</enum><text>Establishing a clear timeframe for the Food and Drug Administration to expedite the review of certain applications for generic drugs would also help keep drug prices down and improve timely access for patients.</text>
			</paragraph></section><title id="idFDA518980744412182F4D76B371A2BB1" style="OLC"><enum>I</enum><header>Removing regulatory barriers to competition </header>
 <section id="idA2BAE3D1D4AF4A0AB9FCD22739FC5BEA"><enum>101.</enum><header>Improving generic access</header><text display-inline="no-display-inline">Section 505(j) of the Federal Food, Drug, and Cosmetic Act (<external-xref legal-doc="usc" parsable-cite="usc/21/355">21 U.S.C. 355(j)</external-xref>) is amended by adding at the end the following:</text>
				<quoted-block display-inline="no-display-inline" id="idF84C62F787D9484F92648785CDE819C4" style="OLC">
 <paragraph id="id7A714A50D54D4BB9A3DF2A33CE86D8C3" indent="up1"><enum>(11)</enum><subparagraph commented="no" display-inline="yes-display-inline" id="id9AC26414E40740F996D87D73F69531E7"><enum>(A)</enum><text>The Secretary shall prioritize the review, and act not later than 150 calendar days after the date of the submission of an application, on an application that has been submitted for review under this subsection, or on a supplement to such an application, that is for a drug that—</text>
 <clause id="idA0653B197212490F871A5C096283AE73" indent="up1"><enum>(i)</enum><text>has been introduced into interstate commerce by not more than one manufacturer or sponsor, as applicable, in the last 3 months and with respect to which tentative approval under paragraph (5) has been granted for not more than 2 applications; or</text>
 </clause><clause id="idBBB4465EAF8040B2AC533084814D2FF4" indent="up1"><enum>(ii)</enum><text>has been included on the list under section 506E.</text> </clause></subparagraph><subparagraph id="id558978C7C36C4522BD2F1FB93D224789" indent="up1"><enum>(B)</enum><text>The fees pursuant to section 744B(a)(3) shall be waived with respect to an application described in subparagraph (A), unless such application contains a certification under paragraph (2)(A)(vii)(IV).</text>
 </subparagraph><subparagraph id="idE839A6CE7D084AC4941C96D6DE1FE3C5" indent="up1"><enum>(C)</enum><text>The Secretary may expedite an inspection or reinspection under section 704 of an establishment that proposes to manufacture a drug described in subparagraph (A).</text></subparagraph></paragraph><after-quoted-block>.</after-quoted-block></quoted-block>
 </section><section id="idA90C6C04E5B4462DB2182AE4C4B39FFB"><enum>102.</enum><header>Reporting on pending generic drug applications</header><text display-inline="no-display-inline">Not later than 90 calendar days after the date of enactment of this Act, and every 90 calendar days thereafter until October 1, 2022, the Secretary of Health and Human Services shall submit to the Committee on Health, Education, Labor, and Pensions of the Senate, the Special Committee on Aging of the Senate, and the Committee on Energy and Commerce of the House of Representatives a report that provides—</text>
 <paragraph id="id88439A581FB942E88FC33B9767D9C092"><enum>(1)</enum><text display-inline="yes-display-inline">the number of applications that were filed under section 505(j) of the Federal Food, Drug, and Cosmetic Act (<external-xref legal-doc="usc" parsable-cite="usc/21/355">21 U.S.C. 355(j)</external-xref>) prior to October 1, 2015, that are pending at the time the report is submitted;</text>
 </paragraph><paragraph id="id17A29C63DA0446C0B9D2906F1ADF0CF1"><enum>(2)</enum><text display-inline="yes-display-inline">the average and median total time such applications have been pending;</text> </paragraph><paragraph id="idCABA0469B0A04D1C86CC9F777F7EF95E"><enum>(3)</enum><text display-inline="yes-display-inline">the number of such applications that contain certifications under section 505(j)(2)(A)(vii)(IV) of such Act; and</text>
 </paragraph><paragraph id="id42018523b5cd46a396999d7ee97f007c"><enum>(4)</enum><text>the number of such applications that are subject to priority review.</text> </paragraph></section></title><title id="id0A4CD802431B4EC8A501A684EBA99D6D" style="OLC"><enum>II</enum><header>Incentivizing competition</header> <section id="id62FD654380E844A2BBCAD037FC7A5A4D"><enum>201.</enum><header>Generic priority review voucher</header><text display-inline="no-display-inline">Chapter V of the Federal Food, Drug, and Cosmetic Act (<external-xref legal-doc="usc" parsable-cite="usc/21/351">21 U.S.C. 351</external-xref> et seq.) is amended by inserting after section 506G the following:</text>
				<quoted-block display-inline="no-display-inline" id="id9E4C2D7E16FD49C388CD502C87307056" style="OLC">
					<section id="id131CA29BB0AF434F81B875469F754C5F"><enum>506H.</enum><header>Generic priority review voucher</header>
 <subsection id="idE38172A5623C4B2888768C75078B6ABE"><enum>(a)</enum><header>Definitions</header><text>In this section:</text> <paragraph id="idaa2e39cd380e43b99bb17b9909f25ead"><enum>(1)</enum><text>The term <term>priority review</term> with respect to an application under section 505(j) means review and action by the Secretary on such application by the Secretary not later than 150 calendar days after such application has been submitted for review.</text>
 </paragraph><paragraph id="idcd9b274623ae44e7880bb67e99ab68c4"><enum>(2)</enum><text>The term <term>priority review voucher</term> means a voucher for priority review for an application under section 505(j). Such voucher shall be awarded upon the approval of the application described in 505(j)(11)(A), unless such application contains a certification under subclauses (III) and (IV) of section 505(j)(2)(A)(vii).</text>
 </paragraph></subsection><subsection id="id6c14b6ad53a04430bc5bef8d0a9fe5e1"><enum>(b)</enum><header>Generic Priority Review Vouchers, in general</header><text>The Secretary shall award a priority review voucher to the sponsor of an application described in 505(j)(11)(A) upon approval by the Secretary of such application.</text>
						</subsection><subsection id="id6f139c70ce144541b9080ae016cbf0b1"><enum>(c)</enum><header>Transferability</header>
 <paragraph id="id468319cba939459997b80955a18a0e21"><enum>(1)</enum><header>In general</header><text>The recipient of a priority review voucher under subsection (a) may transfer (including by sale) the entitlement to such voucher. There is no limit on the number of times a priority review voucher may be transferred before such voucher is used.</text>
 </paragraph><paragraph id="idcef40c21383c455389db342ac7f99bf8"><enum>(2)</enum><header>Notification to the Secretary</header><text>Each person to whom a voucher is transferred shall notify the Secretary of such change in ownership of such voucher not later than 30 calendar days after such transfer.</text>
 </paragraph></subsection><subsection id="id692a4f5fd45047748552a41bfcb2b018"><enum>(d)</enum><header>Notification</header><text>The sponsor shall notify the Secretary not later than 30 calendar days prior to the submission of a human drug application that is intended to be the subject of a priority review voucher, except in the case of such an application that was pending as of October 1, 2015, in which case the sponsor of such pending application shall notify the Secretary not later than 30 days after the date on which such voucher is awarded.</text>
 </subsection><subsection id="id0072d6a6099a4283ac0277233ff46d39"><enum>(e)</enum><header>Fees</header><text>The sponsor of an application that is the subject of a priority review voucher shall be subject to the fees required under section 744A.</text>
 </subsection><subsection id="id2291c05db3ce4879aadae9146e45f3e0"><enum>(f)</enum><header>Clarification</header><text>Nothing in this section affects any period of exclusivity under this Act or the protection of any patent.</text>
 </subsection><subsection commented="no" id="idEE0EECB774594E4290FBEA85F504AF45"><enum>(g)</enum><header>Revocation</header><text>The Secretary may revoke any priority review voucher awarded under subsection (b) if the drug for which such voucher was awarded is not marketed in the United States within the 365-day period beginning on the date of the approval of such drug.</text>
 </subsection><subsection commented="no" id="idB63E2DCE0D4D42789A7AE761D277E18F"><enum>(h)</enum><header>Sunset</header><text>The authority of the Secretary to carry out the generic priority review voucher program under this section shall terminate on October 1, 2022.</text></subsection></section><after-quoted-block>.</after-quoted-block></quoted-block>
 </section><section id="id83B303A0048645689CB03F2BFBC8412F"><enum>202.</enum><header>Tropical disease product application</header><text display-inline="no-display-inline">Section 524(a)(4)(A) of the Federal Food, Drug, and Cosmetic Act (<external-xref legal-doc="usc" parsable-cite="usc/21/360n">21 U.S.C. 360n(a)(4)(A)</external-xref>) is amended—</text>
 <paragraph id="idD21ECB7717AF471D81932F4ECFC2F2FE"><enum>(1)</enum><text>in clause (i), by striking <quote>and</quote>;</text> </paragraph><paragraph id="idD298FBDF779D418FA65C3717C750E999"><enum>(2)</enum><text>in clause (ii), by adding <quote>and</quote> after the semicolon; and</text>
 </paragraph><paragraph id="id76EB77EA2A5E4A10B5AF6ACCC8AF5A9F"><enum>(3)</enum><text>by adding at the end the following:</text> <quoted-block display-inline="no-display-inline" id="idFB84483FB0DB48139296791D9B423D79" style="OLC"> <clause id="id203849A7678A4382A402A736E5E16B3B"><enum>(iii)</enum><text>that contains reports of new clinical investigations (other than bioavailability studies) essential to the approval of the application and conducted or sponsored by the applicant;</text></clause><after-quoted-block>.</after-quoted-block></quoted-block>
				</paragraph></section></title><title id="idE8A4805F25084918A503535E926F29A6" style="OLC"><enum>III</enum><header>Study on REMS</header>
			<section id="idF97F4AD2E36D443281E1D9775DFAE8A0"><enum>301.</enum><header>Study on REMS</header>
 <subsection id="id44922fb5e1fb48a3a490a5e89b5faede"><enum>(a)</enum><header>In general</header><text>The Comptroller General shall conduct a review of the implementation and effectiveness of section 505–1 of the Food, Drug, and Cosmetic Act (<external-xref legal-doc="usc" parsable-cite="usc/21/355-1">21 U.S.C. 355–1</external-xref>) (referred to in this section as the <quote>REMS program</quote>), which section—</text>
 <paragraph id="id8F84A96794FC405B851888C47E7A08E0"><enum>(1)</enum><text>authorizes the Secretary of Health and Human Services to require a risk evaluation and mitigation strategy (referred to in this section as <quote>REMS</quote>); and</text>
 </paragraph><paragraph id="id824F793C40D04A4F9C18FF0FE28380AC"><enum>(2)</enum><text>codifies and expands regulations issued by the Food and Drug Administration under which the Food and Drug Administration may impose restrictions on distribution necessary to ensure a drug is safely used.</text>
 </paragraph></subsection><subsection id="idace6534834cf44f589459593448d5ed2"><enum>(b)</enum><header>Contents of study</header><text>In conducting the review under subsection (a), the Comptroller General shall examine each relevant element described in subsection (c) with respect to each of the following categories:</text>
 <paragraph id="id419AFAE9BDCB41EBB21B7D9C4CE939D2"><enum>(1)</enum><text>New drug applications under subsection (b) of section 505 of the Federal Food, Drug, and Cosmetic Act (<external-xref legal-doc="usc" parsable-cite="usc/21/355">21 U.S.C. 355(b)</external-xref>).</text>
 </paragraph><paragraph id="id6C147A0525DC4DBAB388D7A436CB80DC"><enum>(2)</enum><text>Abbreviated new drug applications under subsection (j) of such section.</text> </paragraph><paragraph id="idCDB84F7BFB3C4419B885DF538BAD85A6"><enum>(3)</enum><text>Applications for the license of a biological product under section 351 of the Public Health Service Act (<external-xref legal-doc="usc" parsable-cite="usc/42/262">42 U.S.C. 262</external-xref>).</text>
 </paragraph><paragraph id="id0F7E120AC020478C98A02130A1670545"><enum>(4)</enum><text>Single, shared system REMS, as described in section 505–1(i) of the Food, Drug, and Cosmetic Act (<external-xref legal-doc="usc" parsable-cite="usc/21/355-1">21 U.S.C. 355–1(i)</external-xref>).</text>
 </paragraph><paragraph id="idBAAD86A53FE0427681B1C089D086D54D"><enum>(5)</enum><text>Controlled substances as defined in section 102 of the Controlled Substances Act (<external-xref legal-doc="usc" parsable-cite="usc/21/802">21 U.S.C. 802</external-xref>).</text> </paragraph><paragraph id="id94ABEA202BEA4048B60E6BCA47194390"><enum>(6)</enum><text>RISKMAPs or other risk management processes employed by the Food and Drug Administration.</text>
 </paragraph></subsection><subsection id="idA5084C0819EA4AE596D4BFB2E433B1B2"><enum>(c)</enum><header>Elements under review</header><text>In conducting the review under subsection (a), the Comptroller General shall examine each of the following elements with respect to each relevant category described in subsection (b).</text>
 <paragraph id="id157f06566584471b92c503a890dbd7a5"><enum>(1)</enum><text>For each type of application, and by year, the number of REMS required, submitted, voluntarily submitted, modified, added, approved, or removed, and whether those REMS included elements to assure safe use, such as restricted distribution.</text>
 </paragraph><paragraph id="idbae5838855224401a23ec09834ae3707"><enum>(2)</enum><text>For each type of application, the number of REMS in effect at the time of the review and the number of years that each such REMS has been in effect at such time.</text>
 </paragraph><paragraph id="idc943fae6bf5c44098bf4b15566ab16d8"><enum>(3)</enum><text>If and how the REMS program has improved drug safety, as compared to the time before the REMS program became effective, and how the Food and Drug Administration tracks such improvements.</text>
 </paragraph><paragraph id="idb16ef26c4fbf461ebd2a5440772b405c"><enum>(4)</enum><text>The burdens associated with REMS, including burdens on patients, health care providers, generic drug manufacturers, and brand drug manufacturers.</text>
 </paragraph><paragraph id="id4cbd71347ed14c47a1eeba0a62efc07f"><enum>(5)</enum><text>In the case of a REMS program for a drug containing a controlled substance, the coordination between the Food and Drug Administration and the Drug Enforcement Administration.</text>
 </paragraph><paragraph id="id4a454ab0bfe74499aee46b404ae4b07c"><enum>(6)</enum><text>The impact of additional risk mitigation strategies, including non-REMS restricted distribution systems, imposed by companies outside of what is required under the REMS program.</text>
 </paragraph><paragraph id="ida8fc8dfb7cd74ccca9fa0307fa30453c"><enum>(7)</enum><text>The standards and policies applied by the Food and Drug Administration to require, modify, add, or remove, a REMS, and how those standards and policies have changed since the REMS program became effective.</text>
 </paragraph></subsection><subsection id="id17d4ccae39e245d6a7177dbaca34ee15"><enum>(d)</enum><header>Report</header><text>Not later than May 1, 2018, the Comptroller General shall submit a report to the Committee on Health, Education, Labor, and Pensions of the Senate, the Special Committee on Aging of the Senate, and the Committee on Energy and Commerce of the House of Representatives, containing the results of the review described in this section.</text></subsection></section></title></legis-body></bill>


