<?xml version="1.0"?>
<?xml-stylesheet type="text/xsl" href="billres.xsl"?>
<!DOCTYPE bill PUBLIC "-//US Congress//DTDs/bill.dtd//EN" "bill.dtd">
<bill bill-stage="Reported-in-Senate" bill-type="olc" dms-id="A1" public-private="public"><metadata xmlns:dc="http://purl.org/dc/elements/1.1/">
<dublinCore>
<dc:title>115 S327 RS: Fair Access to Investment Research Act of 2017</dc:title>
<dc:publisher>U.S. Senate</dc:publisher>
<dc:date>2017-02-07</dc:date>
<dc:format>text/xml</dc:format>
<dc:language>EN</dc:language>
<dc:rights>Pursuant to Title 17 Section 105 of the United States Code, this file is not subject to copyright protection and is in the public domain.</dc:rights>
</dublinCore>
</metadata>
<form>
<distribution-code display="yes">II</distribution-code><calendar>Calendar No. 11</calendar><congress>115th CONGRESS</congress><session>1st Session</session><legis-num>S. 327</legis-num><current-chamber>IN THE SENATE OF THE UNITED STATES</current-chamber><action><action-date date="20170207" legis-day="20170206">February 7 (legislative day, February 6), 2017</action-date><action-desc><sponsor name-id="S352">Mr. Heller</sponsor> (for himself, <cosponsor name-id="S380">Mr. Peters</cosponsor>, and <cosponsor name-id="S379">Mr. Perdue</cosponsor>) introduced the following bill; which was read twice and referred to the <committee-name added-display-style="italic" committee-id="SSBK00" deleted-display-style="strikethrough">Committee on Banking, Housing, and Urban Affairs</committee-name></action-desc></action><action stage="Reported-in-Senate"><action-date>March 13, 2017</action-date><action-desc>Reported by <sponsor name-id="S266">Mr. Crapo</sponsor>, with amendments</action-desc><action-instruction>Omit the part struck through and insert the part printed in italic</action-instruction></action><legis-type>A BILL</legis-type><official-title>To direct the Securities and Exchange Commission to provide a safe harbor related to certain
			 investment fund research reports, and for other purposes.</official-title></form>
	<legis-body display-enacting-clause="yes-display-enacting-clause" id="HCB711E9ACD4344FCB9993D9A7373079A" style="OLC">
 <section id="H6E696A992F2740E691B51E98FD2274EC" section-type="section-one"><enum>1.</enum><header>Short title</header><text display-inline="no-display-inline">This Act may be cited as the <quote><short-title>Fair Access to Investment Research Act of 2017</short-title></quote>.</text> </section><section id="H63B541C05511444693E01F99CDDA6BD8"><enum>2.</enum><header>Safe harbor for investment fund research</header> <subsection id="HB758D86ED26145D9AE3AE78AEA5543F1"><enum>(a)</enum><header>Expansion of the safe harbor</header><text display-inline="yes-display-inline">Not later than the end of the <deleted-phrase reported-display-style="strikethrough">45-day</deleted-phrase><added-phrase reported-display-style="italic">180-day</added-phrase> period beginning on the date of enactment of this Act, the Securities and Exchange Commission shall propose, and not later than the end of the <deleted-phrase reported-display-style="strikethrough">180-day</deleted-phrase><added-phrase reported-display-style="italic">270-day</added-phrase> period beginning on such date, the Commission shall adopt, upon such terms, conditions, or requirements as the Commission may determine necessary or appropriate in the public interest, for the protection of investors, and for the promotion of capital formation, revisions to section 230.139 of title 17, Code of Federal Regulations, to provide that a covered investment fund research report that is published or distributed by a broker or dealer—</text>
 <paragraph id="H27894C28757A4A52A8AFEC4AFFD03D23"><enum>(1)</enum><text>shall be deemed, for purposes of sections 2(a)(10) and 5(c) of the Securities Act of 1933 (<external-xref legal-doc="usc" parsable-cite="usc/15/77b">15 U.S.C. 77b(a)(10)</external-xref>, 77e(c)), not to constitute an offer for sale or an offer to sell a security that is the subject of an offering pursuant to a registration statement that is effective, even if the broker or dealer is participating or will participate in the registered offering of the covered investment fund’s securities; and</text>
 </paragraph><paragraph id="H92D8B0D9129F400AA9560FB225021ACB"><enum>(2)</enum><text>shall be deemed to satisfy the conditions of paragraph <deleted-phrase reported-display-style="strikethrough">(a)</deleted-phrase>(1) or <deleted-phrase reported-display-style="strikethrough">(a)</deleted-phrase>(2) of section 230.139<added-phrase reported-display-style="italic">(a)</added-phrase> of title 17, Code of Federal Regulations, or any successor provisions, for purposes of the Commission’s rules and regulations under the Federal securities laws and the rules of any self-regulatory organization.</text>
 </paragraph></subsection><subsection id="H2391ECB88197450CB5A0B35D38412FF4"><enum>(b)</enum><header>Implementation of safe harbor</header><text display-inline="yes-display-inline">In implementing the safe harbor pursuant to subsection (a), the Commission shall—</text> <paragraph id="H05BB8EF39143494888D3BC65FD1BE0F3"><enum>(1)</enum><text>not, in the case of a covered investment fund with a class of securities in substantially continuous distribution, condition the safe harbor on whether the broker’s or dealer’s publication or distribution of a covered investment fund research report constitutes such broker’s or dealer’s initiation or reinitiation of research coverage on such covered investment fund or its securities;</text>
 </paragraph><paragraph id="H97514655A0724A399692350DFF0EDFBE"><enum>(2)</enum><text>not—</text> <subparagraph id="H4CEADC0464FE4F1F9E1287D05BB1F035"><enum>(A)</enum><text>require the covered investment fund to have been registered as an investment company under the Investment Company Act of 1940 (<external-xref legal-doc="usc" parsable-cite="usc/15/80a-1">15 U.S.C. 80a–1</external-xref> et seq.) or subject to the reporting requirements of section 13 or 15(d) of the Securities Exchange Act of 1934 (<external-xref legal-doc="usc" parsable-cite="usc/15/78m">15 U.S.C. 78m</external-xref>, 78o(d)) for any period exceeding the period of time referenced under <deleted-phrase reported-display-style="strikethrough">paragraph (a)(1)(i)(A)(1) of</deleted-phrase> section 230.139<added-phrase reported-display-style="italic">(a)(1)(i)(A)(1)</added-phrase> of title 17, Code of Federal Regulations; or</text>
 </subparagraph><subparagraph id="H6CDCE0A1DB824FB1B025074C739A8BA3"><enum>(B)</enum><text>impose a minimum float provision exceeding that referenced in <deleted-phrase reported-display-style="strikethrough">paragraph (a)(1)(i)(A)(1)(i) of </deleted-phrase>section 230.139<added-phrase reported-display-style="italic">(a)(1)(i)(A)(1)(i)</added-phrase> of title 17, Code of Federal Regulations;</text>
 </subparagraph></paragraph><paragraph id="H830B280D8F9246E2ADC544BEFE0F00B6"><enum>(3)</enum><text>provide that a self-regulatory organization may not maintain or enforce any rule that would—</text> <subparagraph id="H22C1DE857ACB4E00B8146C5F4749ACB3"><enum>(A)</enum><text>prohibit the ability of a member to publish or distribute a covered investment fund research report solely because the member is also participating in a registered offering or other distribution of any securities of such covered investment fund; or</text>
 </subparagraph><subparagraph id="H6354FC079FC848EA979BB19A09D01139"><enum>(B)</enum><text>prohibit the ability of a member to participate in a registered offering or other distribution of securities of a covered investment fund solely because the member has published or distributed a covered investment fund research report about such covered investment fund or its securities; and</text>
 </subparagraph></paragraph><paragraph id="H18322717BA3B48C5AF80BAC0AA40D228"><enum>(4)</enum><text>provide that a covered investment fund research report shall not be subject to section 24(b) of the Investment Company Act of 1940 (<external-xref legal-doc="usc" parsable-cite="usc/15/80a-24">15 U.S.C. 80a–24(b)</external-xref>) or the rules and regulations thereunder, except that such report may still be subject to such section and the rules and regulations thereunder to the extent that it is otherwise not subject to the content standards in the rules of any self-regulatory organization related to research reports, including those contained in the rules governing communications with the public regarding investment companies or substantially similar standards.</text>
 </paragraph></subsection><subsection id="H7FD38EA7E2D046DBB4D72CBC1CEA19B6"><enum>(c)</enum><header>Rules of construction</header><text display-inline="yes-display-inline">Nothing in this Act shall be construed as in any way limiting—</text> <paragraph id="H298E25EB44144208BCB1A5CB3B3716A0"><enum>(1)</enum><text>the applicability of the antifraud or antimanipulation provisions of the Federal securities laws and rules adopted thereunder to a covered investment fund research report, including section 17 of the Securities Act of 1933 (<external-xref legal-doc="usc" parsable-cite="usc/15/77q">15 U.S.C. 77q</external-xref>), section 34(b) of the Investment Company Act of 1940 (<external-xref legal-doc="usc" parsable-cite="usc/15/80a-33">15 U.S.C. 80a–33(b)</external-xref>), and sections 9 and 10 of the Securities Exchange Act of 1934 (<external-xref legal-doc="usc" parsable-cite="usc/15/78i">15 U.S.C. 78i</external-xref>, 78j); or</text>
 </paragraph><paragraph id="H4AAD3F4741C64FAEBBD9DF0D0AE15FBF"><enum>(2)</enum><text>the authority of any self-regulatory organization to examine or supervise a member’s practices in connection with such member’s publication or distribution of a covered investment fund research report for compliance with applicable provisions of the Federal securities laws or self-regulatory organization rules related to research reports, including those contained in rules governing communications with the public<added-phrase reported-display-style="italic">, or to require the filing of communications with the public the purpose of which is not to provide research and analysis of covered investment funds</added-phrase>.</text>
				</paragraph></subsection><subsection id="HEC707D964A3B4DE9B54FD8DF2F6A70D8"><enum>(d)</enum><header>Interim effectiveness of safe harbor</header>
 <paragraph id="HBFFC2C934B124802B2D795F554935F92"><enum>(1)</enum><header>In general</header><text>From and after the <deleted-phrase reported-display-style="strikethrough"></deleted-phrase><deleted-phrase reported-display-style="strikethrough">180-day</deleted-phrase><deleted-phrase reported-display-style="strikethrough"></deleted-phrase><added-phrase reported-display-style="italic">270-day</added-phrase> period beginning on the date of enactment of this Act, if the Commission has not adopted revisions to section 230.139 of title 17, Code of Federal Regulations, as required by subsection (a), and until such time as the Commission has done so, a broker or dealer distributing or publishing a covered investment fund research report after such date shall be able to rely on the provisions of section 230.139 of title 17, Code of Federal Regulations, and the broker or dealer’s publication of such report shall be deemed to satisfy the conditions of paragraph <deleted-phrase reported-display-style="strikethrough">(a)</deleted-phrase>(1) or <deleted-phrase reported-display-style="strikethrough">(a)</deleted-phrase>(2) of <deleted-phrase reported-display-style="strikethrough">that </deleted-phrase>section <added-phrase reported-display-style="italic">230.139(a) of title 17, Code of Federal Regulations, </added-phrase>if the covered investment fund that is the subject of such report satisfies the reporting history requirements (without regard to Form S–3 or Form F–3 eligibility) and minimum float provisions of such subsections for purposes of the Commission’s rules and regulations under the Federal securities laws and the rules of any self-regulatory organization, as if revised and implemented in accordance with subsections (a) and (b).</text>
 </paragraph><paragraph id="HE4358CAD16004233A1551E602426A725"><enum>(2)</enum><header>Status of covered investment fund</header><text>After such period and until the Commission has adopted revisions to section 230.139 of title 17, Code of Federal Regulations, and FINRA has revised rule 2210, for purposes of subsection (c)(7)(O) of such rule, a covered investment fund shall be deemed to be a security that is listed on a national securities exchange and that is not subject to section 24(b) of the Investment Company Act of 1940 (<external-xref legal-doc="usc" parsable-cite="usc/15/80a-24">15 U.S.C. 80a–24(b)</external-xref>).<deleted-phrase reported-display-style="strikethrough"> Communications concerning only covered investment funds that fall within the scope of such section shall not be required to be filed with FINRA.</deleted-phrase></text>
				</paragraph><paragraph changed="added" id="id59c0817a96fb40e493caa5b2856a3d09" reported-display-style="italic"><enum>(3)</enum><header>Covered investment funds communications</header>
 <subparagraph id="id9bd0ff65185347c3b5ac223df89d28a3"><enum>(A)</enum><header>In general</header><text>Except as provided in subparagraph (B), communications that concern only covered investment funds that fall within the scope of section 24(b) of the Investment Company Act of 1940 (<external-xref legal-doc="usc" parsable-cite="usc/15/80a-24">15 U.S.C. 80a–24(b)</external-xref>) shall not be required to be filed with FINRA.</text>
 </subparagraph><subparagraph id="id73c2b51da8914e8f81bfc748586abb37"><enum>(B)</enum><header>Exception</header><text>FINRA may require the filing of communications with the public if the purpose of those communications is not to provide research and analysis of covered investment funds. <deleted-phrase reported-display-style="strikethrough"></deleted-phrase></text>
 </subparagraph></paragraph></subsection><subsection id="H0AB50B75E5BD4282A3EC4A2EF28A588B"><enum>(e)</enum><header>Definitions</header><text display-inline="yes-display-inline">For purposes of this Act:</text> <paragraph changed="deleted" id="HF531D3D49580437EBFEEB9FAFFBE5783" reported-display-style="strikethrough"><enum>(1)</enum><text>The term <term>covered investment fund research report</term> means a research report published or distributed by a broker or dealer about a covered investment fund or any securities issued by the covered investment fund, but does not include a research report to the extent that the research report is published or distributed by the covered investment fund or any affiliate of the covered investment fund.</text>
 </paragraph><paragraph id="H7F1C7C3A120249C5817F7C1D0670966D"><enum>(<deleted-phrase reported-display-style="strikethrough">2</deleted-phrase><added-phrase reported-display-style="italic">1</added-phrase>)</enum><text>The term <term>covered investment fund</term> means—</text> <subparagraph id="HCA9FF1FE41044FE7954B7E2729112A9E"><enum>(A)</enum><text>an investment company registered under, or that has filed an election to be treated as a business development company under, the Investment Company Act of 1940 (<external-xref legal-doc="usc" parsable-cite="usc/15/80a-1">15 U.S.C. 80a–1</external-xref> et seq.) and that has filed a registration statement under the Securities Act of 1933 (<external-xref legal-doc="usc" parsable-cite="usc/15/77a">15 U.S.C. 77a</external-xref> et seq.) for the public offering of a class of its securities, which registration statement has been declared effective by the Commission; and</text>
 </subparagraph><subparagraph id="H00169C4A3B9348C7B26CA5322963D8AD"><enum>(B)</enum><text>a trust or other person—</text> <clause id="HFA353D024FB34EE38926ABC3B91F002D"><enum>(i)</enum><text>issuing securities in an offering registered under the Securities Act of 1933 <added-phrase reported-display-style="italic">(<external-xref legal-doc="usc" parsable-cite="usc/15/77a">15 U.S.C. 77a</external-xref> et seq.)</added-phrase> and which class of securities is listed for trading on a national securities exchange;</text>
 </clause><clause id="HD29FD856850648B9B38CE295C611F34B"><enum>(ii)</enum><text>the assets of which consist primarily of commodities, currencies, or derivative instruments that reference commodities or currencies, or interests in the foregoing; and</text>
 </clause><clause id="H8370552A92274B1FBFD74BAC50DF17A2"><enum>(iii)</enum><text>that provides in its registration statement under the Securities Act of 1933 <added-phrase reported-display-style="italic">(<external-xref legal-doc="usc" parsable-cite="usc/15/77a">15 U.S.C. 77a</external-xref> et seq.)</added-phrase> that a class of its securities are purchased or redeemed, subject to conditions or limitations, for a ratable share of its assets.</text>
 </clause></subparagraph></paragraph><paragraph changed="added" id="id71CFEB1F9AC24C7A8D8D9A999143BA2F" reported-display-style="italic"><enum>(2)</enum><text>The term <term>covered investment fund research report</term> means a research report published or distributed by a broker or dealer about a covered investment fund or any securities issued by the covered investment fund, but does not include a research report to the extent that the research report is published or distributed by the covered investment fund or any affiliate of the covered investment fund.</text>
 </paragraph><paragraph id="H22174ED25D6E43E6ACB35DDD6B75603B"><enum>(3)</enum><text>The term <term>FINRA</term> means the Financial Industry Regulatory Authority.</text> </paragraph><paragraph id="H4E217E3BEE3B4FFB8FCABB1C2DA4DDE9"><enum>(4)</enum><text>The term <term>research report</term> has the meaning given that term under section 2(a)<deleted-phrase reported-display-style="strikethrough"></deleted-phrase>(3)<deleted-phrase reported-display-style="strikethrough"></deleted-phrase> of the Securities Act of 1933 (<external-xref legal-doc="usc" parsable-cite="usc/15/77b">15 U.S.C. 77b(a)</external-xref><deleted-phrase reported-display-style="strikethrough"></deleted-phrase>(3)<deleted-phrase reported-display-style="strikethrough"></deleted-phrase>), except that such term shall not include an oral communication.</text>
 </paragraph><paragraph id="H772ADBBC2FF14F92AC65F82E56AF8404"><enum>(5)</enum><text>The term <term>self-regulatory organization</term> has the meaning given <deleted-phrase reported-display-style="strikethrough">to</deleted-phrase> that term under section 3(a)<deleted-phrase reported-display-style="strikethrough"></deleted-phrase>(26)<deleted-phrase reported-display-style="strikethrough"></deleted-phrase> of the Securities Exchange Act of 1934 (<external-xref legal-doc="usc" parsable-cite="usc/15/78c">15 U.S.C. 78c(a)</external-xref><deleted-phrase reported-display-style="strikethrough"></deleted-phrase>(26)<deleted-phrase reported-display-style="strikethrough"></deleted-phrase>).</text></paragraph></subsection></section></legis-body><endorsement><action-date>March 13, 2017</action-date><action-desc>Reported with amendments</action-desc></endorsement></bill>


