<?xml version="1.0"?>
<?xml-stylesheet type="text/xsl" href="billres.xsl"?>
<!DOCTYPE bill PUBLIC "-//US Congress//DTDs/bill.dtd//EN" "bill.dtd">
<bill bill-stage="Introduced-in-Senate" dms-id="A1" public-private="public"><metadata xmlns:dc="http://purl.org/dc/elements/1.1/">
<dublinCore>
<dc:title>115 S802 IS: Larry Doby Congressional Gold Medal Act</dc:title>
<dc:publisher>U.S. Senate</dc:publisher>
<dc:date>2017-04-03</dc:date>
<dc:format>text/xml</dc:format>
<dc:language>EN</dc:language>
<dc:rights>Pursuant to Title 17 Section 105 of the United States Code, this file is not subject to copyright protection and is in the public domain.</dc:rights>
</dublinCore>
</metadata>
<form>
<distribution-code display="yes">II</distribution-code><congress>115th CONGRESS</congress><session>1st Session</session><legis-num>S. 802</legis-num><current-chamber>IN THE SENATE OF THE UNITED STATES</current-chamber><action><action-date date="20170403">April 3, 2017</action-date><action-desc><sponsor name-id="S307">Mr. Brown</sponsor> (for himself, <cosponsor name-id="S370">Mr. Booker</cosponsor>, <cosponsor name-id="S349">Mr. Portman</cosponsor>, <cosponsor name-id="S306">Mr. Menendez</cosponsor>, <cosponsor name-id="S293">Mr. Graham</cosponsor>, and <cosponsor name-id="S365">Mr. Scott</cosponsor>) introduced the following bill; which was read twice and referred to the <committee-name committee-id="SSBK00">Committee on Banking, Housing, and Urban Affairs</committee-name></action-desc></action><legis-type>A BILL</legis-type><official-title>To award a Congressional Gold Medal in honor of Lawrence Eugene <quote>Larry</quote> Doby in recognition of his achievements and contributions to American major league athletics,
			 civil rights, and the Armed Forces during World War II.</official-title></form>
	<legis-body display-enacting-clause="yes-display-enacting-clause">
 <section id="id94EECD1F56E044ECAAD53D9EC342FF07" section-type="section-one"><enum>1.</enum><header>Short title</header><text display-inline="no-display-inline">This Act may be cited as the <quote><short-title>Larry Doby Congressional Gold Medal Act</short-title></quote>.</text> </section><section id="id38FFE31BE7B947CCB5C47CA2461567C1"><enum>2.</enum><header>Findings</header><text display-inline="no-display-inline">Congress finds that—</text>
 <paragraph id="idefcb14cc07544b469b9243c5d69335d5"><enum>(1)</enum><text>Larry Doby was born in Camden, South Carolina, on December 13, 1923, and moved to Paterson, New Jersey, in 1938, where he became a standout 4 sport athlete at Paterson Eastside High School;</text>
 </paragraph><paragraph id="ida580c900b46e4ad3b97d256c10c5d5d2"><enum>(2)</enum><text>Larry Doby attended Long Island University on a basketball scholarship before enlisting in the United States Navy during World War II;</text>
 </paragraph><paragraph id="id5316bd1cedc84ca484b1d7cc1edb33ee"><enum>(3)</enum><text>upon his honorable discharge from the Navy in 1946, Larry Doby played baseball in the Negro National League for the Newark Eagles;</text>
 </paragraph><paragraph id="idA335E839E0D746D4BFA22BFF86FD182D"><enum>(4)</enum><text>after playing the 1946 season, Larry Doby’s contract was purchased by the Cleveland Indians of the American League on July 3, 1947;</text>
 </paragraph><paragraph id="id2a2c0f71d7494ce49baa787ecf264502"><enum>(5)</enum><text>on July 5, 1947, Larry Doby became the first African-American to play in the American League;</text> </paragraph><paragraph id="idf2433dbb7ae447e2baa4e25635274ca6"><enum>(6)</enum><text>Larry Doby played in the American League for 13 years, appearing in 1,533 games and batting .283, with 253 home runs and 970 runs batted in;</text>
 </paragraph><paragraph id="idcf1f38a416c04b529210cbfdd01183fd"><enum>(7)</enum><text>Larry Doby was voted to 7 All-Star teams, led the American League in home runs twice, and played in 2 World Series;</text>
 </paragraph><paragraph id="id11f0c654c86748b7a74210dec1d0f354"><enum>(8)</enum><text>in 1948, Larry Doby helped lead the Cleveland Indians to a World Series Championship over the Boston Braves and became the first African-American player to hit a home run in a World Series game;</text>
 </paragraph><paragraph id="id03a8e788e003455ea445b6f39ce19fe5"><enum>(9)</enum><text>after his stellar playing career ended, Larry Doby continued to make a significant contribution to his community;</text>
 </paragraph><paragraph id="id63583C32A1734B459C6E6AD5B78AA4B5"><enum>(10)</enum><text>Larry Doby was a pioneer in the cause of civil rights and received honorary doctorate degrees from Long Island University, Princeton University, and Fairfield University;</text>
 </paragraph><paragraph id="id281971c13b884b81b70b6151737c101e"><enum>(11)</enum><text>in 1978, Larry Doby became the manager of the Chicago White Sox, only the second African-American manager of a Major League Baseball team;</text>
 </paragraph><paragraph id="idc0047a078ef54282bff52fb349ea0d8b"><enum>(12)</enum><text>Larry Doby was the Director of Community Relations for the New Jersey Nets of the National Basketball Association, where he was deeply involved in a number of inner-city youth programs; and</text>
 </paragraph><paragraph id="id5197f9c4b525482082489b4bdefe5d54"><enum>(13)</enum><text>Larry Doby was inducted to the National Baseball Hall of Fame in 1998.</text> </paragraph></section><section id="idbecd82ef2e314f5ba77e9f503a23d748"><enum>3.</enum><header>Congressional gold medal</header> <subsection id="id5068bcbcc91d4fc3b56e5c2518d34030"><enum>(a)</enum><header>Presentation authorized</header><text>The Speaker of the House of Representatives and the President pro tempore of the Senate shall make appropriate arrangements for the presentation, on behalf of Congress, of a gold medal of appropriate design, in honor of Larry Doby and in recognition of his achievements and contributions to American major league athletics, civil rights, and the Armed Forces during World War II.</text>
 </subsection><subsection id="ide443d936824c4eaba406d489f34b4a57"><enum>(b)</enum><header>Design and striking</header><text>For the purpose of the presentation referred to in subsection (a), the Secretary of the Treasury (referred to in this Act as the <quote>Secretary</quote>) shall strike a gold medal with suitable emblems, devices, and inscriptions to be determined by the Secretary.</text>
 </subsection><subsection id="id5cb1cdd1a98d433a93efb25c0b61657e"><enum>(c)</enum><header>Transfer of medal after presentation</header><text>Following the presentation of the gold medal in honor of Larry Doby pursuant to subsection (a), the gold medal shall be given to his son, Larry Doby, Jr.</text>
 </subsection></section><section id="id37a0ccef218345dd83a8843690d15834"><enum>4.</enum><header>Duplicate medals</header><text display-inline="no-display-inline">The Secretary may strike and sell duplicates in bronze of the gold medal struck pursuant to section 2 under such regulations as the Secretary may prescribe, at a price sufficient to cover the cost thereof, including labor, materials, dies, use of machinery, and overhead expenses, and the cost of the gold medal.</text>
		</section><section id="idc64ebc1073714313b1f3e3cb7ff7df1c"><enum>5.</enum><header>Status of medals</header>
 <subsection id="id18df10fe4b8449d8bb7ba23ff8b9bd90"><enum>(a)</enum><header>National medals</header><text>The medals struck under this Act are national medals for purposes of <external-xref legal-doc="usc-chapter" parsable-cite="usc-chapter/31/51">chapter 51</external-xref> of title 31, United States Code.</text>
 </subsection><subsection id="id210d608a5fc240c8bc169db429357b9f"><enum>(b)</enum><header>Numismatic items</header><text>For purposes of sections 5134 and 5136 of title 31, United States Code, all medals struck under this Act shall be considered to be numismatic items.</text></subsection></section></legis-body></bill>


