<?xml version="1.0"?>
<?xml-stylesheet type="text/xsl" href="billres.xsl"?>
<!DOCTYPE bill PUBLIC "-//US Congress//DTDs/bill.dtd//EN" "bill.dtd">
<bill bill-stage="Introduced-in-Senate" dms-id="A1" public-private="public"><metadata xmlns:dc="http://purl.org/dc/elements/1.1/">
<dublinCore>
<dc:title>115 S792 IS: Save Our Small and Seasonal Businesses Act of 2017</dc:title>
<dc:publisher>U.S. Senate</dc:publisher>
<dc:date>2017-03-30</dc:date>
<dc:format>text/xml</dc:format>
<dc:language>EN</dc:language>
<dc:rights>Pursuant to Title 17 Section 105 of the United States Code, this file is not subject to copyright protection and is in the public domain.</dc:rights>
</dublinCore>
</metadata>
<form>
<distribution-code display="yes">II</distribution-code><congress>115th CONGRESS</congress><session>1st Session</session><legis-num>S. 792</legis-num><current-chamber>IN THE SENATE OF THE UNITED STATES</current-chamber><action><action-date date="20170330">March 30, 2017</action-date><action-desc><sponsor name-id="S384">Mr. Tillis</sponsor> (for himself, <cosponsor name-id="S363">Mr. King</cosponsor>, <cosponsor name-id="S303">Mr. Thune</cosponsor>, <cosponsor name-id="S252">Ms. Collins</cosponsor>, <cosponsor name-id="S381">Mr. Rounds</cosponsor>, <cosponsor name-id="S287">Mr. Cornyn</cosponsor>, <cosponsor name-id="S288">Ms. Murkowski</cosponsor>, and <cosponsor name-id="S342">Mr. Blunt</cosponsor>) introduced the following bill; which was read twice and referred to the <committee-name committee-id="SSJU00">Committee on the Judiciary</committee-name></action-desc></action><legis-type>A BILL</legis-type><official-title>To amend the Immigration and Nationality Act to establish an H–2B temporary non-agricultural work
			 visa program,				     and for other purposes.</official-title></form>
	<legis-body display-enacting-clause="yes-display-enacting-clause">
 <section id="id8a7ee37a85974114bdc6151ebe27d353" section-type="section-one"><enum>1.</enum><header>Short title</header><text display-inline="no-display-inline">This Act may be cited as the <quote><short-title>Save Our Small and Seasonal Businesses Act of 2017</short-title></quote>.</text> </section><section id="id744628F5D86046908014CE490B9320CE"><enum>2.</enum><header>Definitions</header><text display-inline="no-display-inline">In this Act:</text>
 <paragraph id="idF4619C6E6AB1417B8B619A0B8D350EB4"><enum>(1)</enum><header>Conditional approval</header><text>The term <term>conditional approval</term> means, with respect to a petition for admission of H–2B nonimmigrants, the Secretary has determined that such petition has met all the conditions under paragraphs (2) and (6) of section 214.2(h) of title 8, Code of Federal Regulations (or similar successor regulation), and is approved subject to determining whether visas are available for such nonimmigrants within the statutory cap.</text>
 </paragraph><paragraph id="id5B80169A29634D9EB64169A07BDFE2BC"><enum>(2)</enum><header>Final approval</header><text>The term <term>final approval</term> means, with respect to a petition for admission of H–2B nonimmigrants, the Secretary has determined that such petition has met all the conditions under section 655.11 of title 20, Code of Federal Regulations (or similar successor regulation), and that visas are available for such nonimmigrants within the statutory cap.</text>
 </paragraph><paragraph id="id830D8372DC524AC9A9D11A6C22FDA830"><enum>(3)</enum><header>H–2B nonimmigrant</header><text>The term <term>H–2B nonimmigrant</term> means a nonimmigrant described in section 101(a)(15)(H)(ii)(b) of the Immigration and Nationality Act (<external-xref legal-doc="usc" parsable-cite="usc/8/1101">8 U.S.C. 1101(a)(15)(H)(ii)(b)</external-xref>).</text>
 </paragraph><paragraph commented="no" display-inline="no-display-inline" id="idC18C9D15723441C5BD3548D321DA6145"><enum>(4)</enum><header>Premium processing petition</header><text>The term <term>premium processing petition</term> means a petition for an H–2B nonimmigrant for which the petitioner pays a premium fee pursuant to section 286(u) of the Immigration and Nationality Act (<external-xref legal-doc="usc" parsable-cite="usc/8/1356">8 U.S.C. 1356</external-xref>).</text>
 </paragraph><paragraph id="id373D9C22694D4463B2D699F72A96E80C"><enum>(5)</enum><header>Secretary</header><text>Except as otherwise specifically provided, the term <term>Secretary</term> means the Secretary of Homeland Security.</text> </paragraph><paragraph id="id993691A344854878939287E3EBB6BBDC"><enum>(6)</enum><header>Statutory cap</header><text>The term <term>statutory cap</term> means the maximum number of aliens who may be issued visas or otherwise provided nonimmigrant status during any fiscal year under section 214(g)(1)(B) of the Immigration and Nationality Act (<external-xref legal-doc="usc" parsable-cite="usc/8/1184">8 U.S.C. 1184(g)(1)(B)</external-xref>).</text>
			</paragraph></section><section id="id53B2FD7F319D4C3DA3FCD5AC67156A82" section-type="subsequent-section"><enum>3.</enum><header>Returning workers</header>
 <subsection commented="no" id="HB605FB409D49445CB4F9B489FD1A6B4C"><enum>(a)</enum><header>In general</header><text display-inline="yes-display-inline">Section 214(g)(9)(A) of the Immigration and Nationality Act (<external-xref legal-doc="usc" parsable-cite="usc/8/1184">8 U.S.C. 1184(g)(9)(A)</external-xref>) is amended to read as follows:</text>
				<quoted-block display-inline="no-display-inline" id="H01EF05023EE84C18BBB256108CD39858" style="OLC">
 <subparagraph commented="no" id="H9DD2AB475E2F4655A443139D97A54961" indent="up2"><enum>(A)</enum><clause commented="no" display-inline="yes-display-inline" id="HEF10BA2CC25E4BC8974B9AD7E1838534"><enum>(i)</enum><text display-inline="yes-display-inline">Except as provided in clause (ii), and subject to subparagraphs (B) and (C), an alien who has already been counted toward the numerical limitation under paragraph (1)(B) shall not be counted again toward such limitation during the fiscal year and shall be considered a returning worker.</text>
 </clause><clause commented="no" id="idB415B4F4D910447782D17DE133AFDEC0" indent="up1"><enum>(ii)</enum><text display-inline="yes-display-inline">An alien who has already been counted toward the numerical limitation under paragraph (1)(B) shall be counted again toward such limitation if such alien—</text>
 <subclause commented="no" id="id1B0EA414CBB847A6B5E3DE51A688151B"><enum>(I)</enum><text display-inline="yes-display-inline">departs the United States for a period longer than 1 year;</text>
 </subclause><subclause commented="no" id="id257B7B2F3AF94D0DACF42D8B5942B29C"><enum>(II)</enum><text display-inline="yes-display-inline">was not counted toward such limitation in any of the 3 most recent fiscal years; or</text> </subclause><subclause commented="no" id="idA583CDC44DBE4D649725DA23932680C4"><enum>(III)</enum><text display-inline="yes-display-inline">violated his or her status during the authorized period of stay.</text></subclause></clause></subparagraph><after-quoted-block>.</after-quoted-block></quoted-block>
 </subsection><subsection commented="no" display-inline="no-display-inline" id="H604404B962C74AD5BBD213339CD14960"><enum>(b)</enum><header>Effective date</header><text>The amendment made by subsection (a) shall take effect as if enacted on January 1, 2017.</text> </subsection></section><section id="id67b50aba1be24a6d84deedb2c5497a67"><enum>4.</enum><header>H–2B temporary non-agricultural work visa program</header> <subsection id="id63ae1d84d7c74f13a6bc3a32a7d396e0"><enum>(a)</enum><header>Admission of temporary H–2B nonimmigrants</header><text>Chapter 2 of title II of the Immigration and Nationality Act (<external-xref legal-doc="usc" parsable-cite="usc/8/1181">8 U.S.C. 1181</external-xref> et seq.) is amended by inserting after section 218 the following:</text>
				<quoted-block display-inline="no-display-inline" id="id4df3f70b24564575b82f8c106b8d6a99" style="OLC">
					<section id="idbb9937a2b9b6401f9075eaccb3a3c646"><enum>218A.</enum><header>Admission of temporary H–2B nonimmigrants</header>
 <subsection id="id8bc7e9ea92524b17b440734571772044"><enum>(a)</enum><header>Definitions</header><text>In this section:</text> <paragraph id="id26D060EFFB334D2B968982DC9CE708C8"><enum>(1)</enum><header>Best information available</header><text>The term <term>best information available</term>, with respect to determining the prevailing wage for a position, means—</text>
 <subparagraph id="id7B3FFAA4F475478993076722FC244C1E"><enum>(A)</enum><text>a controlling collective bargaining agreement that sets wages for work performed by H–2B nonimmigrants and in which the employer is a signatory;</text>
 </subparagraph><subparagraph id="id6307CA6E8C754D248233BB2E00CFE62C"><enum>(B)</enum><text>absent a controlling collective bargaining agreement described in subparagraph (A), the applicable Federal, State, or local prevailing wage laws for any time period during which the H–2B nonimmigrant performs work on a governmental project for which payment of such wages is required by such laws or ordinances if the employer has signed a contract agreeing to pay such wages on such project; or</text>
 </subparagraph><subparagraph id="idB79E0BA55E9C42FDAD50809922F368B5"><enum>(C)</enum><text>absent a controlling collective bargaining agreement described in subparagraph (A) or the performance of work by the H–2B nonimmigrant that is governed by a prevailing wage law described in subparagraph (B)—</text>
 <clause id="id044B306A73C54CBEB6AADE2F02E1920D"><enum>(i)</enum><text>the wage level commensurate with the experience, training, and supervision required for the job based on Bureau of Labor Statistics data; or</text>
 </clause><clause id="id6D65A8713EF1495CB8164FDBA6857EA0"><enum>(ii)</enum><text>a private wage survey of the wages paid for such positions in the geographic area in which the H–2B nonimmigrant will be employed.</text>
 </clause></subparagraph></paragraph><paragraph id="idc17a0c3cf09149aaaa7f747d2fc46d53"><enum>(2)</enum><header>Displace</header><text>The term <term>displace</term> means to lay off a United States worker from a job that is essentially equivalent to the job for which an employer seeks an H–2B nonimmigrant.</text>
 </paragraph><paragraph id="id8896DBA711024C8DB2A2E6FCF82BE696"><enum>(3)</enum><header>Essentially equivalent</header><text>A job shall be considered <term>essentially equivalent</term> to another job offered by an employer if the job—</text> <subparagraph id="idb83cbad46ebc47bfba9c545d5ccacf7c"><enum>(A)</enum><text>involves the same essential responsibilities as such other job;</text>
 </subparagraph><subparagraph id="id0d07ed61ee9a445faac99ebf017e5084"><enum>(B)</enum><text>is held by a United States worker with substantially equivalent qualifications and experience; and</text> </subparagraph><subparagraph id="ida1528aceae7d4241978277693bc8d21e"><enum>(C)</enum><text>is located in the same area of employment as the other job.</text>
 </subparagraph></paragraph><paragraph id="id4db395462ac4493f851364e6ba5a69a0"><enum>(4)</enum><header>Full-time</header><text>The term <term>full-time employment</term> means—</text> <subparagraph id="id12DC6694685342D19D026359A6F3EEC7"><enum>(A)</enum><text>30 or more hours of work per week; or</text>
 </subparagraph><subparagraph id="id7119B4B857AC4D729B000616A1E6F436"><enum>(B)</enum><text>for any occupation in which a State or an established industry practice defines full-time employment as less than 30 hours per week, the number of weekly work hours established by the State or industry.</text>
 </subparagraph></paragraph><paragraph id="id6b8c4259f7b94fbe815f2fb4a67ac784"><enum>(5)</enum><header>H–2B nonimmigrant</header><text>The term <term>H–2B nonimmigrant</term> means a nonimmigrant described in section 101(a)(15)(H)(ii)(b).</text> </paragraph><paragraph id="id969f0f3209b947ca94278b77541a618d"><enum>(6)</enum><header>Layoff</header><text>The term <term>layoff</term> means—</text>
 <subparagraph id="idd479d5d4ecc04eeba9a66a23d8c4dd5a"><enum>(A)</enum><text>to cause a United States worker’s loss of employment before the scheduled cessation of the employer's need, other than through a discharge for inadequate performance, violation of workplace rules, cause, voluntary departure, voluntary retirement, or the expiration of a grant or contract (other than a temporary employment contract entered into in order to evade a condition described in subsection (b)(3)(G)); and</text>
 </subparagraph><subparagraph id="id701a9778a6264053a980d930fa4d8f39"><enum>(B)</enum><text>does not include any situation in which the worker is offered, as an alternative to such loss of employment, a similar employment opportunity with the same employer at equivalent or higher compensation and benefits than the position from which the employee was discharged, regardless of whether the employee accepts the offer.</text>
 </subparagraph></paragraph><paragraph commented="no" display-inline="no-display-inline" id="idD93DBD5D5A774DCDBCD2BF0A46E7E33D"><enum>(7)</enum><header>Other temporary service or labor</header><text>The term <term>other temporary service or labor</term> means that an employer’s need for particular labor will last—</text> <subparagraph commented="no" display-inline="no-display-inline" id="idF8F50008938E421E81A7ADF0EA2F9B4E"><enum>(A)</enum><text>if peak load or intermittent, for not more than 1 year, unless it is a one-time occurrence lasting no longer than 3 years; or</text>
 </subparagraph><subparagraph commented="no" display-inline="no-display-inline" id="id92477D202BB44CBD9FA7917A29C72F3F"><enum>(B)</enum><text>if the employer's need is seasonal, for not more than 10 months.</text> </subparagraph></paragraph><paragraph id="id28face52215140b68ac2d7e57170a0d6"><enum>(8)</enum><header>Private wage survey</header><text>The term <term>private wage survey</term> means, in the case of a petition under subsection (b), a survey of wages by an entity other than the Federal Government for which—</text>
 <subparagraph id="id1C855EEF5F724CA1A0BFF105DE14EB50"><enum>(A)</enum><text>the data has been collected during the 2-year period immediately preceding the date of the petition;</text>
 </subparagraph><subparagraph id="id882A6EE3C33C43968C2655252A48CC19"><enum>(B)</enum><text>if a published survey, the survey has been published during the 2-year period immediately preceding the date of the petition;</text>
 </subparagraph><subparagraph id="id54773BBBB1524D02BB04363331C5762D"><enum>(C)</enum><text>the job description for the position being offered by the employer is similar to the job description for which the survey was conducted;</text>
 </subparagraph><subparagraph id="idCFB0FBDCBE6440F19744B619ABDA3ECE"><enum>(D)</enum><text>the survey is across industries that employ workers in the job description;</text> </subparagraph><subparagraph id="id668E3A1E693649F5B9B4F8586E1898AD"><enum>(E)</enum><text>the wage determination is based on a weighted or straight average of the relevant wages or the median of relevant wage levels; and</text>
 </subparagraph><subparagraph id="idA7AF177D35DA4C8596E5435728526CB6"><enum>(F)</enum><text>a statistically valid methodology that was used to collect the data is identified.</text>
 </subparagraph></paragraph><paragraph id="id8ba218c7803744f99ea85e91a2033797"><enum>(9)</enum><header>United States worker</header><text>The term <term>United States worker</term> means any worker who is—</text> <subparagraph id="idd6dd6b14fbd949a7aacbee7b8bda5539"><enum>(A)</enum><text>a national of the United States; or</text>
 </subparagraph><subparagraph id="id9a045cb21a5e4192b00debec99c09bda"><enum>(B)</enum><text>an alien who is—</text> <clause id="id4CC8A535600C4A508A6465166D0FA922"><enum>(i)</enum><text>lawfully admitted for permanent residence;</text>
 </clause><clause id="id65535038EA874DEC887E75A331655792"><enum>(ii)</enum><text>admitted as a refugee under section 207;</text>
 </clause><clause id="idBA930C43F9C148CFAE514C0059C5A385"><enum>(iii)</enum><text>granted asylum under section 208; or</text> </clause><clause id="id51B923934CC54259B803DAD26AB7FB7E"><enum>(iv)</enum><text>is an immigrant otherwise authorized to be employed under this Act.</text>
 </clause></subparagraph></paragraph><paragraph id="id7A355FC4793F420FA3010F8365E4167C"><enum>(10)</enum><header>Work period</header><text>The term <term>work period</term> means the time period during which the H–2B nonimmigrants will be needed by an employer.</text> </paragraph></subsection><subsection id="id8c7185cb49d3484eba25a5e077d6c7bf"><enum>(b)</enum><header>Petitions</header> <paragraph id="idBC73034321C94794B38E6478981454C9"><enum>(1)</enum><header>Requirement for petitions</header><text>An employer seeking to employ an H–2B nonimmigrant shall file a petition with the Secretary of Homeland Security in accordance with this subsection.</text>
 </paragraph><paragraph commented="no" display-inline="no-display-inline" id="id9b8f335567c1418cb1a0d13fa34cbb60"><enum>(2)</enum><header>Contents</header><text>A petition filed under this subsection shall include—</text> <subparagraph commented="no" display-inline="no-display-inline" id="idA535D6AA46D148FD90D37D64BD865B21"><enum>(A)</enum><text display-inline="yes-display-inline">the reason for the employer’s need for other temporary service or labor and the full time need for the H–2B nonimmigrants and the occupations sought;</text>
 </subparagraph><subparagraph id="idd13d608f7d2f43778ba6d1a730890cc6"><enum>(B)</enum><text>the number of named and unnamed H–2B nonimmigrants the employer is seeking to employ during the work period;</text>
 </subparagraph><subparagraph id="id013b27c37ecc449aa7622c68a21e1c64"><enum>(C)</enum><text>the area of employment and worksites of the H–2B nonimmigrants, except that itinerant employers who do not operate in a single fixed-site location, shall provide a list of work locations that—</text>
 <clause id="id07996F1AB18040D99E56D67D629997AF"><enum>(i)</enum><text>may include an itinerary anticipated at the time of petitioning; and</text> </clause><clause id="id4D661D2682BE4091902C4F252C411B75"><enum>(ii)</enum><text>may be subsequently amended by the employer, with notice to the Secretary;</text>
 </clause></subparagraph><subparagraph id="id16A4C824135E45C7B5589A76B0354EF0"><enum>(D)</enum><text>the anticipated work period, including expected beginning and ending dates and an indication if actual entry or departure will be staggered; and</text>
 </subparagraph><subparagraph id="id3B51D4D4E3CA4DCAB66AC016A47A05F6"><enum>(E)</enum><text>the written disclosure of employment terms and conditions that the employer chooses to provide to each proposed H–2B nonimmigrant before the date on which the H–2B nonimmigrant files a visa application.</text>
 </subparagraph></paragraph><paragraph id="ide73c15a004d44958a8afc78841c53fb2"><enum>(3)</enum><header>Attestation</header><text>A petition filed under this subsection shall include an attestation by the employer that—</text> <subparagraph id="idf2642f1257334fbd8b0268c1f6a07b59"><enum>(A)</enum><text>the employer’s need for labor is for other temporary service or labor and for full-time employment;</text>
 </subparagraph><subparagraph id="id366e1a9acc51478a92a081e96ee12aba"><enum>(B)</enum><text>the work period, the reason for temporary need, and the anticipated number of positions needed and being requested have been truly and accurately stated in the petition;</text>
 </subparagraph><subparagraph id="id3afe63fa952c4a28ad367fa9ec2b2a77"><enum>(C)</enum><text>the employer is offering terms and working conditions normal to United States workers similarly employed in the area or areas of intended employment;</text>
 </subparagraph><subparagraph id="ida259ece724f34f289c704518aad9267a"><enum>(D)</enum><text>the employer, not later than the date on which the H–2B nonimmigrant presents himself or herself to the consular office, will provide each H–2B nonimmigrant covered by the petition with written disclosure of the terms and conditions of their employment, including individualized expected dates of entry and departure;</text>
 </subparagraph><subparagraph id="id84ABBD7C78F347C6BEB785BA830586E1"><enum>(E)</enum><text>the employer—</text> <clause id="idA36ECF3F263B4F8EBD1FBADFAAB513AF"><enum>(i)</enum><text>conducted recruitment for United States workers in accordance with paragraph (4) before filing the petition; and</text>
 </clause><clause id="id6E3E110B1CC34D87A9E754830AD51CC7"><enum>(ii)</enum><text>was unsuccessful in locating sufficient qualified United States workers for the job opportunity for which the H–2B nonimmigrant is sought;</text>
 </clause></subparagraph><subparagraph id="idda57aa03be4841b7ba6818026520e913"><enum>(F)</enum><clause commented="no" display-inline="yes-display-inline" id="idCC46B4645FDF4E02AEE2B319FC69AE95"><enum>(i)</enum><text>the employer has not collected and will not collect any job placement fee, payment for any activity related to preparing or filing the petition, or other compensation from a beneficiary of an H–2B petition as a condition of H–2B employment or an offer of H–2B employment (other than any Government-mandated charges, such as passport, visa or inspection fees, or other expenses for which reimbursement is not prohibited by the Fair Labor Standards Act of 1938 (<external-xref legal-doc="usc" parsable-cite="usc/29/201">29 U.S.C. 201</external-xref> et seq.));</text>
 </clause><clause id="id0931D431EE144416A146AE7893302ADB" indent="up1"><enum>(ii)</enum><text>the employer has contractually forbidden any agent, attorney, facilitator, recruiter, or similar employment service from collecting such fees; and</text>
 </clause><clause id="idADC2045B38754C459BA55A56A206A328" indent="up1"><enum>(iii)</enum><text>if the employer learns or has reason to know that any agent, attorney, facilitator, recruiter, or similar employment service has been paid such fees, the employer will fully reimburse such fees to the H–2B nonimmigrant;</text>
 </clause></subparagraph><subparagraph commented="no" display-inline="no-display-inline" id="idA3F01D41BBDC48AD8BF5E868EF411F6E"><enum>(G)</enum><text display-inline="yes-display-inline">the employer has not and will not displace any United States worker employed by the employer as long as an H–2B nonimmigrant is employed for a period of 30 days preceding such period in the occupation and at the area of employment set forth in the petition; and</text>
 </subparagraph><subparagraph commented="no" display-inline="no-display-inline" id="idA97AA0310306409C9E46C79A6BA05B9E"><enum>(H)</enum><text>the specific job opportunity that is the subject of the petition is not vacant because the former worker in that job is on strike or locked out in the course of a labor dispute.</text>
								</subparagraph></paragraph><paragraph id="idf063a836da8a43a6983c0042aae5e30e"><enum>(4)</enum><header>Recruitment requirements</header>
								<subparagraph id="id1ADED0A52D8B4D24B05B4FA2F5EF28AD"><enum>(A)</enum><header>Written disclosure</header>
 <clause id="id1F020E8A299D444D9508D98088E749A1"><enum>(i)</enum><header>In general</header><text>Not later than 60 days before the date on which an employer intends to hire an H–2B nonimmigrant, the employer—</text>
 <subclause id="idB86F054F688A4BC1942E55230BF611BD"><enum>(I)</enum><text>shall submit a written disclosure of the employment terms and conditions for such worker to—</text>
 <item id="idF2293407A652467489797F997ABCBE16"><enum>(aa)</enum><text>the local office of the State workforce agency where the job is located; or</text>
 </item><item id="idADF63918D58E4B399BEB8EBB1764B24D"><enum>(bb)</enum><text>in the case of an itinerant employer, the local office of the State workforce agency where the job is to begin; and</text>
 </item></subclause><subclause id="idFF9F71EA9CF348E192AA288235944A7C"><enum>(II)</enum><text>shall authorize the posting of such disclosure on the appropriate electronic job registry of the Department of Labor for a period of 45 days.</text>
 </subclause></clause><clause id="idABDDEFE389574CDC874017358FB02ED1"><enum>(ii)</enum><header>Posting by secretary of labor</header><text>The Secretary of Labor shall promptly post each such disclosure without requiring the employer to meet any other condition or carry out any other action.</text>
 </clause></subparagraph><subparagraph id="idC2DC344ED10445709A7F239E9D2B4743"><enum>(B)</enum><header>Benefits, wages, and working conditions</header><text>For a job opportunity for which an H–2B worker is sought, the employer shall offer any United States worker applying for such job not less than the same benefits, wages, and working conditions that the employer is offering, intends to offer, or will provide to an H–2B nonimmigrant. The job offer may not impose on any United States worker any restrictions or obligations which will not be imposed on the employer’s H–2B nonimmigrants.</text>
 </subparagraph><subparagraph id="id7B5C66B8BCEB496599E795923FD026AA"><enum>(C)</enum><header>Job offers</header><text>Unless the employer has a lawful, job-related reason not to do so, the employer shall offer the job for which an H–2B nonimmigrant is sought to any eligible United States worker who—</text>
 <clause id="idB847F563DD0C4C4AA4E91695B62993C8"><enum>(i)</enum><text>applies;</text> </clause><clause id="idCD49F073E16845869EFC3E839C6AF1E9"><enum>(ii)</enum><text>is qualified for the job; and</text>
 </clause><clause id="id4C588AADDC6D4B0D8BC48F3DBB885EB2"><enum>(iii)</enum><text>will be available at the time and place and for the duration of need.</text> </clause></subparagraph><subparagraph id="id6C494A4A59EA4C66938CD675C2015B56"><enum>(D)</enum><header>Records</header><text>The employer shall keep a record of all eligible, able, willing, and qualified United States workers who apply for employment with the employer for the job for which an H–2B nonimmigrant is sought.</text>
 </subparagraph><subparagraph id="idCE3112175D994C40954ECC309BA32490"><enum>(E)</enum><header>Savings provision</header><text>H–2B employers may not be required to file an interstate job order under sections 655.16 and 655.18 of title 20, Code of Federal Regulations.</text>
								</subparagraph></paragraph></subsection><subsection commented="no" display-inline="no-display-inline" id="idDAA5122D0B154A429A0E58CED0F0BB76"><enum>(c)</enum><header display-inline="yes-display-inline">Housing and other facilities</header>
 <paragraph commented="no" display-inline="no-display-inline" id="idDDE54D1640174E008D528DA38B9D939E"><enum>(1)</enum><header>In general</header><text display-inline="yes-display-inline">An employer is not required to provide housing, a housing allowance, or other facilities to an H–2B nonimmigrant.</text>
 </paragraph><paragraph commented="no" display-inline="no-display-inline" id="idF086701EF8B54B018DC5315DD2125569"><enum>(2)</enum><header>Wage deduction</header><text display-inline="yes-display-inline">If an employer does provide housing, a housing allowance, or other facilities to an H–2B nonimmigrant, the employer may take a wage deduction or credit toward satisfying the responsibility to pay prescribed wages in an amount that is equal to the fair value of such housing or other facility in accordance with the Fair Labor Standards Act of 1938 (<external-xref legal-doc="usc" parsable-cite="usc/29/201">29 U.S.C. 201</external-xref> et seq.) or other applicable law.</text>
 </paragraph><paragraph commented="no" display-inline="no-display-inline" id="id7053A1257845413CA9F6D33D724B4BA3"><enum>(3)</enum><header>Locating housing</header><text>If an employer does not provide housing to H–2B nonimmigrants, the employer shall make reasonable efforts to assist the H–2B nonimmigrants to locate appropriate housing.</text>
 </paragraph></subsection><subsection commented="no" display-inline="no-display-inline" id="idF924E00E04904548BDEADD03DB979023"><enum>(d)</enum><header>Wages</header><text display-inline="yes-display-inline">H–2B nonimmigrants shall be paid wages that are not less than the greater of—</text> <paragraph commented="no" display-inline="no-display-inline" id="id1E885ACCD0E14AF0BF69CE4FEA360250"><enum>(1)</enum><text display-inline="yes-display-inline">the actual wage level paid by the employer to other employees with similar experience and qualifications for such position in the same location;</text>
 </paragraph><paragraph commented="no" display-inline="no-display-inline" id="id80703644E7114935BB09492B39AAB37A"><enum>(2)</enum><text display-inline="yes-display-inline">the applicable Federal, State, or local minimum wage; or</text> </paragraph><paragraph commented="no" display-inline="no-display-inline" id="id6241E8DBFBAC444585E40B809524D842"><enum>(3)</enum><text display-inline="yes-display-inline">the prevailing wage level for the job description of the position in the geographic area in which the H–2B nonimmigrant will be employed, based on the best information available at the time of filing the petition.</text>
							</paragraph></subsection><subsection id="idA3F4AB7CB632441CACD9C1F0A1634BA9"><enum>(e)</enum><header>Transportation</header>
 <paragraph id="id048E8AD851A04AB1B62943A3877E3812"><enum>(1)</enum><header>Transportation to the place of employment</header><text>Not later than the date on which an H–2B nonimmigrant completes 50 percent of the work period set forth in the petition, the employer shall reimburse the H–2B nonimmigrant for the cost of transportation for that H–2B nonimmigrant from the United States consulate that issued the visa to the H–2B nonimmigrant, or the previous worksite in the United States, if any, to the place of employment of such H–2B nonimmigrant, unless the H–2B nonimmigrant has been previously reimbursed by another employer. The amount of reimbursement under this paragraph shall be not more than the cost incurred through the most economical and reasonable common carrier, and shall include documented and reasonable subsistence costs during the period of travel.</text>
 </paragraph><paragraph id="id8FDB66B1A44D4E25A33E74A624AD0699"><enum>(2)</enum><header>Transportation from the place of employment</header><text>If an H–2B nonimmigrant completes the work period set forth in the petition for an employer, and is not traveling to another worksite in the United States, the employer, not later than the time the H–2B nonimmigrant departs from the worksite, shall pay for the cost of transportation for that H–2B nonimmigrant, from the place of employment to the United States consulate that issued the visa to the H–2B nonimmigrant. The cost required to be paid under this paragraph shall be not more than the cost incurred through the most economical and reasonable common carrier, and shall include reasonable subsistence costs during the period of travel.</text>
 </paragraph><paragraph id="id10DAECB5DB1445B4B6370F9BE1F392CE"><enum>(3)</enum><header>No obligation to provide transportation costs</header><text>Notwithstanding any other provision of law, an employer shall have no obligation to provide or reimburse any transportation-related costs incurred by an alien seeking to be an H–2B nonimmigrant between the such alien’s home and the consulate or embassy and between the consulate or embassy and such alien’s home.</text>
							</paragraph></subsection><subsection id="id1de68d0bc41f4258bdcb44503fedb069"><enum>(f)</enum><header>Reporting absconding workers</header>
 <paragraph id="idD2B743C8FB1A4D939080175185F167A3"><enum>(1)</enum><header>Requirement to notify</header><text>An employer shall notify the Secretary of Homeland Security not later than 2 work days after—</text> <subparagraph id="id3474C95D10FD4902B80FA806BEAC7953"><enum>(A)</enum><text>an H–2B nonimmigrant fails to report for work within 5 work days after the employee’s expected start date, as stated on the petition, or the reasonably anticipated start date in the event of exigent circumstances;</text>
 </subparagraph><subparagraph id="id8D7E59F84EEF47B98459342934AF55ED"><enum>(B)</enum><text>the labor or services for which the H–2B nonimmigrant was hired is completed more than 30 days early; or</text>
 </subparagraph><subparagraph id="idB8A89831F4134A528310016FF12C3519"><enum>(C)</enum><text>the employer discovers that an H–2B nonimmigrant has absconded from the worksite by failing to report for work at the regularly scheduled time for 5 consecutive working days without the consent of the employer.</text>
 </subparagraph></paragraph><paragraph id="idAABEBD48EC854F78A8A74DB789A8486C"><enum>(2)</enum><header>Replacement workers</header><text>Notwithstanding the numerical limitation under section 214(g)(1)(B), if an employer notifies the Secretary of Homeland Security of a situation described in subparagraph (A) or (C) of paragraph (1), the Secretary shall promptly notify the Secretary of State, who shall make available to the employer 1 additional visa for the employer to hire a replacement H–2B nonimmigrant for the same job opportunity, without filing an additional petition, for each H–2B nonimmigrant who fails to report to work or who absconds from work.</text>
 </paragraph></subsection><subsection id="id0a044effad7a4d85afe99ff047e97fc0"><enum>(g)</enum><header>Admission of an H–2B nonimmigrant</header><text>An H–2B nonimmigrant is authorized to be admitted to the United States during the period beginning 10 days before the first day of the validity period and ending 10 days after the last day of the validity period. An H–2B nonimmigrant is not authorized to be employed except during the work period set forth in the petition.</text>
 </subsection><subsection id="idF7E1CA613D9D41D2BCCE019838C864D7"><enum>(h)</enum><header>Limitation on an H–2B nonimmigrant’s stay in status</header><text>An H–2B nonimmigrant who was present in the United States for 3 years under subparagraph (H) of section 101(a)(15) may not seek extension of stay, change of status, or be readmitted to the United States pursuant to such subparagraph unless the alien has resided and been physically present outside the United States for the immediately preceding 3 months. This limitation shall not apply to aliens who did not reside continually in the United States for 3 years and whose employment in the United States was seasonal or intermittent or was for an aggregate of 6 months or less per year.</text>
						</subsection><subsection id="id6C96F4D1A5994E7C9287DD72771C1F2B"><enum>(i)</enum><header>Flexibility with respect to crossing of H–2B
		nonimmigrants</header>
 <paragraph id="id157E53B4B5744B0EBA7B9EDE0336CF4E"><enum>(1)</enum><header>In general</header><text>Subject to paragraph (2), if an employer files a petition for H–2B nonimmigrants and that petition is granted, the employer may bring the H–2B nonimmigrants for which the petition was granted into the United States at any time during the 120-day period beginning on the start date for which the employer is seeking the services of the nonimmigrants without filing another petition.</text>
							</paragraph><paragraph id="idD21BBF0D18374974B34907FAC5B0EB65"><enum>(2)</enum><header>Requirements for crossings after 90th
 day</header><text>An employer may not bring H–2B nonimmigrants into the United States under paragraph (1) after the date that is 90 days after the start date for which the employer is seeking the services of the nonimmigrants unless the employer—</text>
 <subparagraph id="idBA0249FAA91F4F8D9C0809B7A39DFEE2"><enum>(A)</enum><text>completes a new assessment of the local labor market by—</text>
 <clause id="idAC6ADB31B354428CBBAA5FD7A3223FA9"><enum>(i)</enum><text>publishing notice of the job offer in a local newspaper in not less than 2 Sunday editions of such newspaper; and</text>
 </clause><clause id="id4900D38D634745E0AEBF0AB2F5EFCEE4"><enum>(ii)</enum><text>posting the job opportunity on the appropriate electronic job registry of the Department of Labor pursuant to subsection (b)(4)(A) and at the employer's place of employment; and</text>
 </clause></subparagraph><subparagraph id="idE50DB274DEF4477F91F9371AC70B01E7"><enum>(B)</enum><text>offers the job to an equally or better qualified United States worker who will be available at the time and place and for the duration of need and who applies for the job.</text>
								</subparagraph></paragraph><paragraph id="idD16197DF2FA14B72868EEA5ED563FA0D"><enum>(3)</enum><header>Exemption from rules with respect to
 staggering</header><text>The Secretary of Homeland Security shall not consider an employer who brings H–2B nonimmigrants into the United States during the 120-day period specified in paragraph (1) to be staggering the date of need in violation of any applicable provision of law.</text></paragraph></subsection></section><after-quoted-block>.</after-quoted-block></quoted-block>
 </subsection><subsection id="id1d85227fdb0c471a84e557b24fccd330"><enum>(b)</enum><header>Table of contents amendment</header><text>The table of contents of the Immigration and Nationality Act is amended by inserting after the item relating to section 218 the following:</text>
				<quoted-block display-inline="no-display-inline" id="id838D08010DD646D8877BF497647F9DAF" style="OLC"><toc><toc-entry bold="off" level="section">218A. Admission of temporary H–2B nonimmigrants.</toc-entry></toc><after-quoted-block>.</after-quoted-block></quoted-block>
			</subsection></section><section id="id4DB1063E11654DD9AFF179F2E2C2AF74"><enum>5.</enum><header>Processing of H–2B visa petitions by the Department of Homeland Security</header>
 <subsection id="id741CB53A72024F6C9A9494EF2DDC0C1A"><enum>(a)</enum><header>Rulemaking</header><text>Not later than 180 days after the date of the enactment of this Act, the Secretary, in consultation with the Secretary of Labor, shall issue regulations that establish the necessary procedures for processing visa petitions for H–2B nonimmigrants in accordance with the provisions of this Act and the amendments made by this Act. The Secretary shall have exclusive authority, which may not be delegated outside the Department of Homeland Security, to issue rules and final determinations with respect to the visa program for H–2B nonimmigrants.</text>
			</subsection><subsection id="idD3AF71255AF04FAE9300D60A30C2F951"><enum>(b)</enum><header>Acceptance of petitions</header>
 <paragraph id="idCF7A436DF65F48FCBC1755D3808286A9"><enum>(1)</enum><header>In general</header><text>Not later than 5 business days after the date an employer files a premium processing petition and not later than 15 business days after the date an employer files any other petition for an H–2B nonimmigrant, the Secretary shall—</text>
 <subparagraph id="id0868B5DA31A045DC81167368717769CC"><enum>(A)</enum><text>review the petition and make a prima facie determination as to whether the petition is potentially approvable, which shall be based on whether—</text>
 <clause id="idDDD3C7811B7B413D961D85C3645EC378"><enum>(i)</enum><text>the employer has established the need for non-agricultural services or labor to be performed is temporary in nature;</text>
 </clause><clause id="id148213A05F3F46038E9CB43F49F47463"><enum>(ii)</enum><text>the number of workers being requested is justified;</text>
 </clause><clause id="idABED9CF72B2A4E93B87C56EA8BA76723"><enum>(iii)</enum><text>the employer has made the attestations required under section 218A of the Immigration and Nationality Act, as added by section 4(a); and</text>
 </clause><clause id="idFE2CC1029B9544ECB9C8E49C6C6077E0"><enum>(iv)</enum><text>the employer has complied with—</text> <subclause id="idC809186129484C868894814F5247375F"><enum>(I)</enum><text>all of the requirements under such section 218A;</text>
 </subclause><subclause id="idAD8F46EB7FBB4F1BA2787A0F10245D21"><enum>(II)</enum><text>other provisions of the Immigration and Nationality Act (<external-xref legal-doc="usc" parsable-cite="usc/8/1101">8 U.S.C. 1101</external-xref> et seq.); and</text>
 </subclause><subclause id="idC4DFA15724D5421EA5AD4E5AC4EA694B"><enum>(III)</enum><text>this Act;</text> </subclause></clause></subparagraph><subparagraph id="id900BCEF9E12047BE84A5AA9EA48D918F"><enum>(B)</enum><text>submit to the petitioner notice of acceptance or nonacceptance of the petition using electronic or other means assuring expedited delivery; and</text>
 </subparagraph><subparagraph id="id41D8F7C2DB3B4AF09B5D141FF843C780"><enum>(C)</enum><text>if the petition is accepted, submit to the relevant United States consulate notice of acceptance of the petition using electronic or other means assuring expedited delivery if the petitioner has indicated that the alien beneficiaries will apply for United States visas at such consulate.</text>
 </subparagraph></paragraph><paragraph id="id5F03F5EB98334C70ABF955F43F336D76"><enum>(2)</enum><header>Prohibition on certain reductions</header><text>The Secretary may not reduce the number of positions an employer will receive pursuant to a petition that the Secretary accepts pursuant to this subsection because the employer hires or offers employment to a United States worker for the position before the date on which the employer indicated in the petition that workers were needed to begin work.</text>
 </paragraph><paragraph id="id55f7bd70109d493b9f4cb3c48980a429"><enum>(3)</enum><header>Conditional approval</header><text>Once the Secretary determines that a sufficient number of petitions for H–2B nonimmigrants have been received to result in a likely fulfillment of the statutory cap, the Secretary shall continue to receive such petitions for that fiscal year and issue conditional approvals, unless the beneficiaries for visas for H–2B nonimmigrants are not subject to the statutory cap, in which event the Secretary will issue final approval.</text>
 </paragraph><paragraph id="id7D4C4ED3B06D419DA643DD8737301B35"><enum>(4)</enum><header>Assessment of issued visas</header><text>The Secretary shall consult with the Secretary of State and continually report the number of visas actually issued to H–2B nonimmigrants at United States embassies and consulate offices to determine if the employers that received conditional approval under paragraph (3) may be issued final approvals.</text>
				</paragraph><paragraph commented="no" id="idC58C52FECB6F47678197CE9EE94EB6C7"><enum>(5)</enum><header>Final approval</header>
 <subparagraph commented="no" id="idBEE0B64908E84C83B4494FF0BDE64E51"><enum>(A)</enum><header>In general</header><text>Final approvals shall be issued in the order in which the petitions were conditionally approved.</text> </subparagraph><subparagraph commented="no" id="id4C26D3D292F04C08AC5E68561370E05B"><enum>(B)</enum><header>Refund of fees</header><text>The Secretary shall refund any fee submitted for a premium processing petition for a fiscal year that was submitted after the date the Secretary determines that the statutory cap has been met for that fiscal year.</text>
					</subparagraph></paragraph></subsection></section><section id="id35D028EF78534A6EBC52E0D94FD8AF04"><enum>6.</enum><header>Coordination between the Department of Homeland Security and the Department of State</header>
 <subsection id="idECAD5D395EB8473A967BBC8C1325F0E8"><enum>(a)</enum><header>Electronic notification</header><text display-inline="yes-display-inline">The Secretary shall consult with the Secretary of State to develop an electronic notification system to notify the Department of State not later than 48 hours after the final approval of a petition for an H–2B nonimmigrant. Each such notification shall include information indicating whether the H–2B nonimmigrant is subject to the statutory cap, whether the H–2B nonimmigrant has previously entered the United States under H–2B nonimmigrant visa status, as well as any relevant biographic information included in the employer's petition for each approved worker.</text>
 </subsection><subsection id="idB0F3A521144C4CB681B4311A5A8C778C"><enum>(b)</enum><header>Weekly report</header><text display-inline="yes-display-inline">The Secretary of State shall submit a weekly report to the Secretary that includes—</text> <paragraph id="id951554BFE461491A80C0D08D439ACA16"><enum>(1)</enum><text display-inline="yes-display-inline">the total number of H–2B nonimmigrant visas issued during the past week and during the fiscal year to date;</text>
 </paragraph><paragraph id="idFD22CE93B43C4C80AD0EAB67CECE8972"><enum>(2)</enum><text display-inline="yes-display-inline">of such visas, the total number of visas that were exempt from the statutory cap; and</text> </paragraph><paragraph id="id26148DF2EE70418A81672BC17DE5E534"><enum>(3)</enum><text display-inline="yes-display-inline">all relevant information regarding the identity of the beneficiary who was issued an H–2B nonimmigrant visa.</text>
 </paragraph></subsection><subsection id="id4D0EC9AFB1414D8190D8DEE7A79C477D"><enum>(c)</enum><header>Waiver of interviews for returning workers</header><text display-inline="yes-display-inline">The Secretary of State may waive the in-person visa interview requirement for an individual applying for an H–2B nonimmigrant visa who previously traveled to the United States on H–2B nonimmigrant visa status.</text>
 </subsection></section><section id="idF317DD7DC1D84DE08D591A6992BDB10A"><enum>7.</enum><header>Transparency measures</header><text display-inline="no-display-inline">The Secretary shall update weekly and make publically available on the website of the Department of Homeland Security—</text>
 <paragraph id="id0C3BDB86F9B4418EA91DE75277DB0468"><enum>(1)</enum><text display-inline="yes-display-inline">five years of historical data of H–2B nonimmigrant petitions received and approved and the number of visas for H–2B nonimmigrants that were not subject to the statutory cap;</text>
 </paragraph><paragraph id="id05739C52018D4A868C533777C902B330"><enum>(2)</enum><text display-inline="yes-display-inline">the annual target number of beneficiaries to be issued visas as H–2B nonimmigrants for the fiscal year;</text>
 </paragraph><paragraph id="idAD28BE67586F4DA5885EEE7A15C5E1ED"><enum>(3)</enum><text display-inline="yes-display-inline">the number of petitions for H–2B nonimmigrants approved by the Department in each half of the fiscal year, including the aggregated number of beneficiaries contained in the approved petitions;</text>
 </paragraph><paragraph id="id54DD1F27D4D04130B6A12C5A39666C14"><enum>(4)</enum><text display-inline="yes-display-inline">the number of petitions pending approval or denial by the Secretary;</text> </paragraph><paragraph id="idB0240B8487744FAAA4A2D1ECA9FDB9B8"><enum>(5)</enum><text display-inline="yes-display-inline">the number of visas that are not exempt from the statutory cap issued by the Secretary of State;</text>
 </paragraph><paragraph id="idFE741612B5C14CA282BBFEE546D1940A"><enum>(6)</enum><text display-inline="yes-display-inline">disclosure of the methodology and raw data used to determine when the statutory cap has been reached, including notification whenever the methodology to make this determination changes at any time during the fiscal year; and</text>
 </paragraph><paragraph id="idB1FDD6EEB0BA4DC08AB67FC848124460"><enum>(7)</enum><text display-inline="yes-display-inline">the number of petitions for H–2B nonimmigrants that have received conditional approval once the statutory cap has been met, including the aggregated number of beneficiaries contained in the conditionally approved petitions.</text>
			</paragraph></section><section id="id1E80C95C85B34EAD8F5831B3C1322CF1"><enum>8.</enum><header>GAO Reports</header>
			<subsection id="id721B7468A37F46C4BAC2588FD350E036"><enum>(a)</enum><header>Report on methodology for statutory cap</header>
 <paragraph id="idB3C5097CFFD542B6A44C8865AD4B3F59"><enum>(1)</enum><header>In general</header><text display-inline="yes-display-inline">Not later than 6 months after the date on which the Secretary issues regulations to carry out this Act and the amendments made by this Act, the Comptroller General of the United States shall publish a report that describes the methodology used by the Secretary to determine that the statutory cap for H–2B nonimmigrants is met and the accuracy of such methodology.</text>
 </paragraph><paragraph id="id43153105CE6A493388430AA8D55EB6E2"><enum>(2)</enum><header>Content</header><text display-inline="yes-display-inline">The report required under paragraph (1) shall include an assessment of—</text> <subparagraph id="id3AE10D78EB174E23B9D371A35230492A"><enum>(A)</enum><text display-inline="yes-display-inline">the efficiencies and inefficiencies in the processing and approval of petitions for H–2B nonimmigrants; and</text>
 </subparagraph><subparagraph id="id5A2CD77500884FFAAA879BD77FEFA3F5"><enum>(B)</enum><text>the effectiveness of data sharing between the Secretary and the Secretary of State.</text> </subparagraph></paragraph></subsection><subsection id="id9F9F3C2CA63A47F789C2C02458749EF5"><enum>(b)</enum><header>Assessment</header><text>Not later than four years after the date of the enactment of this Act, the Comptroller General of the United States shall submit to Congress an assessment of the effect of the amendment made by section 3(a) on the domestic workforce, including data to indicate any relationship between an increase of H–2B nonimmigrants and changes in domestic employment or earnings.</text>
 </subsection></section><section id="idEFE363E571EF4AF9A91BE1D5CB7B5E45"><enum>9.</enum><header>Rule of construction</header><text display-inline="no-display-inline">The benefits and wages provided to an H–2B nonimmigrant, the services an H–2B nonimmigrant provides to the employer, the employment opportunities afforded to an H–2B nonimmigrant by the employer, including those employment opportunities that require a United States worker or an H–2B nonimmigrant to travel or relocate in order to accept or perform employment, and other terms or conditions of the employment of an H–2B nonimmigrant provided for under this Act, or the amendments made by this Act, are not primarily for the benefit of either the H–2B nonimmigrant or the employer and are for the equal mutual benefit for the H–2B worker and the employer.</text></section></legis-body></bill>


