<?xml version="1.0"?>
<?xml-stylesheet type="text/xsl" href="billres.xsl"?>
<!DOCTYPE bill PUBLIC "-//US Congress//DTDs/bill.dtd//EN" "bill.dtd">
<bill bill-stage="Reported-in-Senate" bill-type="olc" dms-id="A1" public-private="public"><metadata xmlns:dc="http://purl.org/dc/elements/1.1/">
<dublinCore>
<dc:title>115 S110 RS: Digital Coast Act</dc:title>
<dc:publisher>U.S. Senate</dc:publisher>
<dc:date>2017-01-12</dc:date>
<dc:format>text/xml</dc:format>
<dc:language>EN</dc:language>
<dc:rights>Pursuant to Title 17 Section 105 of the United States Code, this file is not subject to copyright protection and is in the public domain.</dc:rights>
</dublinCore>
</metadata>
<form>
<distribution-code display="yes">II</distribution-code><calendar>Calendar No. 25</calendar><congress>115th CONGRESS</congress><session>1st Session</session><legis-num>S. 110</legis-num><associated-doc role="report">[Report No. 115–14]</associated-doc><current-chamber>IN THE SENATE OF THE UNITED STATES</current-chamber><action><action-date date="20170112">January 12, 2017</action-date><action-desc><sponsor name-id="S354">Ms. Baldwin</sponsor> (for herself, <cosponsor name-id="S288">Ms. Murkowski</cosponsor>, <cosponsor name-id="S383">Mr. Sullivan</cosponsor>, and <cosponsor name-id="S370">Mr. Booker</cosponsor>) introduced the following bill; which was read twice and referred to the <committee-name added-display-style="italic" committee-id="SSCM00" deleted-display-style="strikethrough">Committee on Commerce, Science, and Transportation</committee-name></action-desc></action><action stage="Reported-in-Senate"><action-date>March 30, 2017</action-date><action-desc>Reported by <sponsor name-id="S303">Mr. Thune</sponsor>, without amendment</action-desc></action><legis-type>A BILL</legis-type><official-title>To require the Secretary of Commerce, acting through the Administrator of the National Oceanic and
			 Atmospheric Administration, to establish a constituent-driven program to
			 provide a digital information platform capable of efficiently integrating
			 coastal data with decision-support tools, training, and best practices and
			 to support collection of priority coastal geospatial data to inform and
			 improve local, State, regional, and Federal capacities to manage the
			 coastal region, and for other purposes.</official-title></form>
	<legis-body display-enacting-clause="yes-display-enacting-clause" style="OLC">
 <section commented="no" display-inline="no-display-inline" id="id5951eace-2e12-4cc7-a8db-a12b7a1becc6" section-type="section-one"><enum>1.</enum><header display-inline="yes-display-inline">Short title</header><text display-inline="no-display-inline">This Act may be cited as the <quote><short-title>Digital Coast Act</short-title></quote>.</text>
 </section><section commented="no" display-inline="no-display-inline" id="ida5fdc293-9839-4391-ab3b-2d786abf55dc" section-type="subsequent-section"><enum>2.</enum><header display-inline="yes-display-inline">Findings</header><text display-inline="no-display-inline">Congress makes the following findings:</text> <paragraph commented="no" display-inline="no-display-inline" id="id39a9f154-06ab-4604-8ea4-b219f894e402"><enum>(1)</enum><text display-inline="yes-display-inline">The Digital Coast is a model approach for effective Federal partnerships with State and local government, nongovernmental organizations, and the private sector.</text>
 </paragraph><paragraph commented="no" display-inline="no-display-inline" id="iddf032e66-a6e8-44d0-b825-9fcb0e8e08ca"><enum>(2)</enum><text display-inline="yes-display-inline">Access to current, accurate, uniform, and standards-based geospatial information, tools, and training to characterize the United States coastal region is critical for public safety and for the environment, infrastructure, and economy of the United States.</text>
 </paragraph><paragraph commented="no" display-inline="no-display-inline" id="id934b665f-9b2c-47ae-89b1-1615a671c6fc"><enum>(3)</enum><text display-inline="yes-display-inline">More than half of all people of the United States (153,000,000) currently live on or near a coast and an additional 12,000,000 are expected in the next decade.</text>
 </paragraph><paragraph commented="no" display-inline="no-display-inline" id="id3f0ba54d-fc00-4279-8432-47eea7c7aa2a"><enum>(4)</enum><text display-inline="yes-display-inline">Coastal counties in the United States average 300 persons per square mile, compared with the national average of 98.</text>
 </paragraph><paragraph commented="no" display-inline="no-display-inline" id="id5da67e5d-a02d-4d5d-9e38-eadb1f8ab5b3"><enum>(5)</enum><text display-inline="yes-display-inline">On a typical day, more than 1,540 permits for construction of single-family homes are issued in coastal counties, combined with other commercial, retail, and institutional construction to support this population.</text>
 </paragraph><paragraph commented="no" display-inline="no-display-inline" id="idfa4bd60f-9f49-42cb-b00e-08f2ebfc88a6"><enum>(6)</enum><text display-inline="yes-display-inline">Over half of the economic productivity of the United States is located within coastal regions.</text> </paragraph><paragraph commented="no" display-inline="no-display-inline" id="id825f7f17-d8bd-4d71-a01a-a4ff18b0e066"><enum>(7)</enum><text display-inline="yes-display-inline">Highly accurate, high-resolution remote sensing and other geospatial data play an increasingly important role in decision making and management of the coastal zone and economy, including for—</text>
 <subparagraph commented="no" display-inline="no-display-inline" id="idaa117e0b-a7f7-4133-ae64-db9936ae7e3a"><enum>(A)</enum><text display-inline="yes-display-inline">flood and coastal storm surge prediction;</text>
 </subparagraph><subparagraph commented="no" display-inline="no-display-inline" id="idcb50cb6c-505a-4ebf-9e73-87fe3fcc9456"><enum>(B)</enum><text display-inline="yes-display-inline">hazard risk and vulnerability assessment;</text> </subparagraph><subparagraph commented="no" display-inline="no-display-inline" id="id15fa1b14-7ed4-406c-a659-6bec7efb0a46"><enum>(C)</enum><text display-inline="yes-display-inline">emergency response and recovery planning;</text>
 </subparagraph><subparagraph commented="no" display-inline="no-display-inline" id="idf8c34c4b-688e-4289-b3fa-c748c81ecf05"><enum>(D)</enum><text display-inline="yes-display-inline">community resilience to longer range coastal change;</text>
 </subparagraph><subparagraph commented="no" display-inline="no-display-inline" id="idcc9c5d44-f955-4987-afd7-31b519bd457d"><enum>(E)</enum><text display-inline="yes-display-inline">local planning and permitting;</text> </subparagraph><subparagraph commented="no" display-inline="no-display-inline" id="id8d20fa4a-cdab-40ca-bbbc-806bcd789648"><enum>(F)</enum><text display-inline="yes-display-inline">habitat and ecosystem health assessments; and</text>
 </subparagraph><subparagraph commented="no" display-inline="no-display-inline" id="id1e870584-f368-45e6-86dd-4b551beedc4d"><enum>(G)</enum><text display-inline="yes-display-inline">landscape change detection.</text> </subparagraph></paragraph></section><section commented="no" display-inline="no-display-inline" id="iddb4df37b-7df4-4e5c-91f8-e0b01652bb80" section-type="subsequent-section"><enum>3.</enum><header display-inline="yes-display-inline">Definitions</header><text display-inline="no-display-inline">In this Act:</text>
 <paragraph commented="no" display-inline="no-display-inline" id="id69ab5450-64cb-4b5c-99f3-47f261fab40d"><enum>(1)</enum><header display-inline="yes-display-inline">Coastal region</header><text display-inline="yes-display-inline">The term <term>coastal region</term> means the area of United States waters extending inland from the shoreline to include coastal watersheds and seaward to the territorial sea.</text>
 </paragraph><paragraph commented="no" display-inline="no-display-inline" id="ide99f16ec-95b3-4292-9195-144cd2888fae"><enum>(2)</enum><header display-inline="yes-display-inline">Coastal State</header><text display-inline="yes-display-inline">The term <term>coastal State</term> has the meaning given the term <quote>coastal state</quote> in section 304 of the Coastal Zone Management Act of 1972 (<external-xref legal-doc="usc" parsable-cite="usc/16/1453">16 U.S.C. 1453</external-xref>).</text> </paragraph><paragraph commented="no" display-inline="no-display-inline" id="id8e0969e3-19c8-4980-99c4-6a770ab5e47a"><enum>(3)</enum><header display-inline="yes-display-inline">Federal Geographic Data Committee</header><text display-inline="yes-display-inline">The term <term>Federal Geographic Data Committee</term> means the interagency committee that promotes the coordinated development, use, sharing, and dissemination of geospatial data on a national basis.</text>
 </paragraph><paragraph commented="no" display-inline="no-display-inline" id="idb12ff9b2-ad29-4afe-a78e-9e7b747e290b"><enum>(4)</enum><header display-inline="yes-display-inline">Remote sensing and other geospatial</header><text display-inline="yes-display-inline">The term <term>remote sensing and other geospatial</term> means collecting, storing, retrieving, or disseminating graphical or digital data depicting natural or manmade physical features, phenomena, or boundaries of the Earth and any information related thereto, including surveys, maps, charts, satellite and airborne remote sensing data, images, LiDAR, and services performed by professionals such as surveyors, photogrammetrists, hydrographers, geodesists, cartographers, and other such services.</text>
 </paragraph><paragraph commented="no" display-inline="no-display-inline" id="id8eeb3c89-ba06-4be6-acd6-2e001966cda9"><enum>(5)</enum><header display-inline="yes-display-inline">Secretary</header><text display-inline="yes-display-inline">The term <term>Secretary</term> means the Secretary of Commerce, acting through the Administrator of the National Oceanic and Atmospheric Administration.</text>
			</paragraph></section><section commented="no" display-inline="no-display-inline" id="idf6b5fbb2-50d8-421c-b0e1-7b5693be9083" section-type="subsequent-section"><enum>4.</enum><header display-inline="yes-display-inline">Establishment of the Digital Coast</header>
			<subsection commented="no" display-inline="no-display-inline" id="idf2e81216-db07-4259-b717-641c0165f16b"><enum>(a)</enum><header display-inline="yes-display-inline">Establishment</header>
 <paragraph commented="no" display-inline="no-display-inline" id="id0eb6b13d-d487-44c6-9b5d-4ee7c8f9690f"><enum>(1)</enum><header display-inline="yes-display-inline">In general</header><text display-inline="yes-display-inline">The Secretary shall establish a program for the provision of an enabling platform that integrates geospatial data, decision-support tools, training, and best practices to address coastal management issues and needs. Under the program, the Secretary shall strive to enhance resilient communities, ecosystem values, and coastal economic growth and development by helping communities address their issues, needs, and challenges through cost-effective and participatory solutions.</text>
 </paragraph><paragraph commented="no" display-inline="no-display-inline" id="id371c4953-67f1-4e21-a087-4a58c567344c"><enum>(2)</enum><header display-inline="yes-display-inline">Designation</header><text display-inline="yes-display-inline">The program established under paragraph (1) shall be known as the <quote>Digital Coast</quote> (in this section referred to as the <quote>program</quote>).</text> </paragraph></subsection><subsection commented="no" display-inline="no-display-inline" id="id1c9e6ef5-a8b7-4b50-8e56-b0ccaed48598"><enum>(b)</enum><header display-inline="yes-display-inline">Program requirements</header><text display-inline="yes-display-inline">In carrying out the program, the Secretary shall ensure that the program provides data integration, tool development, training, documentation, dissemination, and archive by—</text>
 <paragraph commented="no" display-inline="no-display-inline" id="idf722b304-8fb4-4b11-9843-83efcb267fd2"><enum>(1)</enum><text display-inline="yes-display-inline">making data and resulting integrated products developed under this section readily accessible via the Digital Coast Internet website of the National Oceanic and Atmospheric Administration, the GeoPlatform.gov and data.gov Internet websites, and such other information distribution technologies as the Secretary considers appropriate;</text>
 </paragraph><paragraph commented="no" display-inline="no-display-inline" id="id4e8a97d6-e37a-4c02-8059-792a5fa2f803"><enum>(2)</enum><text display-inline="yes-display-inline">developing decision-support tools that use and display resulting integrated data and provide training on use of such tools;</text>
 </paragraph><paragraph commented="no" display-inline="no-display-inline" id="id7a18f2c4-52d2-4a36-bba7-791154d418c0"><enum>(3)</enum><text display-inline="yes-display-inline">documenting such data to Federal Geographic Data Committee standards; and</text> </paragraph><paragraph commented="no" display-inline="no-display-inline" id="id148413e6-ea42-415f-81c2-e2eb8299b9cc"><enum>(4)</enum><text display-inline="yes-display-inline">archiving all raw data acquired under this Act at the appropriate National Oceanic and Atmospheric Administration data center or such other Federal data center as the Secretary considers appropriate.</text>
 </paragraph></subsection><subsection commented="no" display-inline="no-display-inline" id="ida9b5e078-dfcc-41dd-aa65-44379f098a17"><enum>(c)</enum><header display-inline="yes-display-inline">Coordination</header><text display-inline="yes-display-inline">The Secretary shall coordinate the activities carried out under the program to optimize data collection, sharing and integration, and to minimize duplication by—</text>
 <paragraph commented="no" display-inline="no-display-inline" id="id94460365-f263-465c-a049-29be6589f218"><enum>(1)</enum><text display-inline="yes-display-inline">consulting with coastal managers and decision makers concerning coastal issues, and sharing information and best practices, as the Secretary considers appropriate, with—</text>
 <subparagraph commented="no" display-inline="no-display-inline" id="ide1250a7e-330c-4294-889e-5256f9cfb715"><enum>(A)</enum><text display-inline="yes-display-inline">coastal States;</text> </subparagraph><subparagraph commented="no" display-inline="no-display-inline" id="id7ba6471a-914b-4703-9dbe-caea5e8753c8"><enum>(B)</enum><text display-inline="yes-display-inline">local governments; and</text>
 </subparagraph><subparagraph commented="no" display-inline="no-display-inline" id="idcbcf28cc-cfc2-4693-9110-28a1d98e4ea2"><enum>(C)</enum><text display-inline="yes-display-inline">representatives of academia, the private sector, and nongovernmental organizations;</text> </subparagraph></paragraph><paragraph commented="no" display-inline="no-display-inline" id="id0021605f-4711-4753-a1c0-4e15f103567c"><enum>(2)</enum><text display-inline="yes-display-inline">consulting with other Federal agencies, including interagency committees, on relevant Federal activities, including activities carried out under the Ocean and Coastal Mapping Integration Act (<external-xref legal-doc="usc" parsable-cite="usc/33/3501">33 U.S.C. 3501</external-xref> et seq.), the Coastal Zone Management Act of 1972 (<external-xref legal-doc="usc" parsable-cite="usc/16/1451">16 U.S.C. 1451</external-xref> et seq.), the Integrated Coastal and Ocean Observation System Act of 2009 (<external-xref legal-doc="usc" parsable-cite="usc/33/3601">33 U.S.C. 3601</external-xref> et seq.), and the Hydrographic Services Improvement Act of 1998 (<external-xref legal-doc="usc" parsable-cite="usc/33/892">33 U.S.C. 892</external-xref> et seq.);</text>
 </paragraph><paragraph commented="no" display-inline="no-display-inline" id="id9dbd5596-ffdc-4ce5-92c6-3b0ca3aeb7c9"><enum>(3)</enum><text display-inline="yes-display-inline">participating, pursuant to section 216 of the E-Government Act of 2002 (<external-xref legal-doc="public-law" parsable-cite="pl/107/347">Public Law 107–347</external-xref>; <external-xref legal-doc="usc" parsable-cite="usc/44/3501">44 U.S.C. 3501</external-xref> note), in the establishment of such standards and common protocols as the Secretary considers necessary to assure the interoperability of remote sensing and other geospatial data with all users of such information within—</text>
 <subparagraph commented="no" display-inline="no-display-inline" id="idcf6094d0-395a-4db4-9b42-671c8b3ff9fc"><enum>(A)</enum><text display-inline="yes-display-inline">the National Oceanic and Atmospheric Administration;</text> </subparagraph><subparagraph commented="no" display-inline="no-display-inline" id="id01ea7f66-6db9-4ce8-8463-19669660af37"><enum>(B)</enum><text display-inline="yes-display-inline">other Federal agencies;</text>
 </subparagraph><subparagraph commented="no" display-inline="no-display-inline" id="id2705b349-5d5d-4282-88c9-5a0c83ed637e"><enum>(C)</enum><text display-inline="yes-display-inline">State and local government; and</text> </subparagraph><subparagraph commented="no" display-inline="no-display-inline" id="id174a8773-1ccd-4c74-a3f5-9d3635dbd7f1"><enum>(D)</enum><text display-inline="yes-display-inline">the private sector;</text>
 </subparagraph></paragraph><paragraph commented="no" display-inline="no-display-inline" id="id1b310422-5363-4440-b74f-b1b98def86e3"><enum>(4)</enum><text display-inline="yes-display-inline">coordinating with, seeking assistance and cooperation of, and providing liaison to the Federal Geographic Data Committee pursuant to Office of Management and Budget Circular A–16 and Executive Order 12906 of April 11, 1994 (59 Fed. Reg. 17671), as amended by Executive Order 13286 of February 28, 2003 (68 Fed. Reg. 10619); and</text>
 </paragraph><paragraph commented="no" display-inline="no-display-inline" id="id80072C70859C4CC48269FBF0CB20F98D"><enum>(5)</enum><text display-inline="yes-display-inline">developing and maintaining a best practices document that sets out the best practices used by the Secretary in carrying out the program and providing such document to the United States Geological Survey, the Corps of Engineers, and other relevant Federal agencies.</text>
 </paragraph></subsection><subsection commented="no" display-inline="no-display-inline" id="id46b33a14-028b-4160-8db6-6d06f84dceaa"><enum>(d)</enum><header display-inline="yes-display-inline">Filling needs and gaps</header><text display-inline="yes-display-inline">In carrying out the program, the Secretary shall—</text> <paragraph commented="no" display-inline="no-display-inline" id="id27266470-8885-4d76-b305-57bdff7f6b36"><enum>(1)</enum><text display-inline="yes-display-inline">maximize the use of remote sensing and other geospatial data collection activities conducted for other purposes and under other authorities;</text>
 </paragraph><paragraph commented="no" display-inline="no-display-inline" id="idc3982bd0-3708-4df9-b792-8c706276d017"><enum>(2)</enum><text display-inline="yes-display-inline">focus on filling data needs and gaps for coastal management issues, including with respect to areas that, as of the date of the enactment of this Act, were underserved by coastal data and the areas of the Arctic that are under the jurisdiction of the United States;</text>
 </paragraph><paragraph commented="no" display-inline="no-display-inline" id="id9f566ff7-3497-4df1-91e6-61be727ac47d"><enum>(3)</enum><text display-inline="yes-display-inline">pursuant to the Ocean and Coastal Mapping Integration Act (<external-xref legal-doc="usc" parsable-cite="usc/33/3501">33 U.S.C. 3501</external-xref> et seq.), support continue improvement in existing efforts to coordinate the acquisition and integration of key data sets needed for coastal management and other purposes, including—</text>
 <subparagraph commented="no" display-inline="no-display-inline" id="idba248415-410c-4155-856a-1e25df8e52e4"><enum>(A)</enum><text display-inline="yes-display-inline">coastal elevation data;</text> </subparagraph><subparagraph commented="no" display-inline="no-display-inline" id="idde80b7c9-472d-499a-bbc9-0698e9b707dc"><enum>(B)</enum><text display-inline="yes-display-inline">land use and land cover data;</text>
 </subparagraph><subparagraph commented="no" display-inline="no-display-inline" id="id20a66d7d-5354-4593-9bc8-bccf9af13852"><enum>(C)</enum><text display-inline="yes-display-inline">socioeconomic and human use data;</text> </subparagraph><subparagraph commented="no" display-inline="no-display-inline" id="idcf22755c-cd2a-44bf-b502-45a7dd9f4957"><enum>(D)</enum><text display-inline="yes-display-inline">critical infrastructure data;</text>
 </subparagraph><subparagraph commented="no" display-inline="no-display-inline" id="idc7e3b5ea-703a-462c-a436-dd9ffd9ba978"><enum>(E)</enum><text display-inline="yes-display-inline">structures data;</text> </subparagraph><subparagraph commented="no" display-inline="no-display-inline" id="id165a3b94-13b7-4840-9a43-07b564da4204"><enum>(F)</enum><text display-inline="yes-display-inline">living resources and habitat data;</text>
 </subparagraph><subparagraph commented="no" display-inline="no-display-inline" id="id439e7744-f028-4d8a-963b-8f8ee26e9322"><enum>(G)</enum><text display-inline="yes-display-inline">cadastral data; and</text> </subparagraph><subparagraph commented="no" display-inline="no-display-inline" id="id33788260-1fab-4a9c-b803-7a38644f4bf3"><enum>(H)</enum><text display-inline="yes-display-inline">aerial imagery; and</text>
 </subparagraph></paragraph><paragraph commented="no" display-inline="no-display-inline" id="id569c9acb-8059-4af3-995f-b34db07eabb8"><enum>(4)</enum><text display-inline="yes-display-inline">integrate the priority supporting data set forth under paragraph (3) with other available data for the benefit of the broadest measure of coastal resource management constituents and applications.</text>
				</paragraph></subsection><subsection commented="no" display-inline="no-display-inline" id="id18a17d35-d1aa-4b10-9397-342ae7ca7d08"><enum>(e)</enum><header display-inline="yes-display-inline">Financial agreements and contracts</header>
 <paragraph commented="no" display-inline="no-display-inline" id="id1710b04a-8898-4790-b173-d5ea572a2e0e"><enum>(1)</enum><header display-inline="yes-display-inline">In general</header><text display-inline="yes-display-inline">In carrying out the program, the Secretary—</text> <subparagraph commented="no" display-inline="no-display-inline" id="id10d46844-87d4-4e4a-8a45-b01ce41e94f9"><enum>(A)</enum><text display-inline="yes-display-inline">may enter into financial agreements to carry out the program, including—</text>
 <clause commented="no" display-inline="no-display-inline" id="id393bc5be-7d22-4bfb-9413-501d9460a8e0"><enum>(i)</enum><text display-inline="yes-display-inline">support to non-Federal entities that participate in implementing the program; and</text>
 </clause><clause commented="no" display-inline="no-display-inline" id="id993682ed-6bcb-4150-94af-1384b5bc67e9"><enum>(ii)</enum><text display-inline="yes-display-inline">grants, cooperative agreements, interagency agreements, contracts, or any other agreement on a reimbursable or non-reimbursable basis, with other Federal, tribal, State, and local governmental and nongovernmental entities; and</text>
 </clause></subparagraph><subparagraph commented="no" display-inline="no-display-inline" id="id264d1fab-f801-48b6-91a8-ec3c8b95de5e"><enum>(B)</enum><text display-inline="yes-display-inline">may, to the maximum extent practicable, enter into such contracts with private sector entities for such products and services as the Secretary determines may be necessary to collect, process, and provide remote sensing and other geospatial data and products for purposes of the program.</text>
					</subparagraph></paragraph><paragraph commented="no" display-inline="no-display-inline" id="idD7E98A3E816844E5A769F08392FE1383"><enum>(2)</enum><header display-inline="yes-display-inline">Fees</header>
 <subparagraph commented="no" display-inline="no-display-inline" id="idDAF60571B39B4C0183CEAE587779723D"><enum>(A)</enum><header display-inline="yes-display-inline">Assessment and collection</header><text display-inline="yes-display-inline">The Secretary may assess and collect fees for the conduct of any training, workshop, or conference that advances the purposes of the program.</text>
 </subparagraph><subparagraph commented="no" display-inline="no-display-inline" id="id5559C9F45E3D4F9AB0BC39BA185084DC"><enum>(B)</enum><header display-inline="yes-display-inline">Amounts</header><text display-inline="yes-display-inline">The amount of a fee under this paragraph may not exceed the sum of costs incurred, or expected to be incurred, by the Secretary as a direct result of the conduct of the training, workshop, or conference, including for subsistence expenses incidental to the training, workshop, or conference, as applicable.</text>
 </subparagraph><subparagraph commented="no" display-inline="no-display-inline" id="id0E5EF998DD4C4223A5379C287F65D08B"><enum>(C)</enum><header display-inline="yes-display-inline">Use of fees</header><text display-inline="yes-display-inline">Amounts collected by the Secretary in the form of fees under this paragraph may be used to pay for—</text> <clause commented="no" display-inline="no-display-inline" id="idD9147F5282E8425D804679C2F9C37D0E"><enum>(i)</enum><text display-inline="yes-display-inline">the costs incurred for conducting an activity described in subparagraph (A); or</text>
 </clause><clause commented="no" display-inline="no-display-inline" id="id8AA05ECF424F42ADA6019B2FAD594B0C"><enum>(ii)</enum><text display-inline="yes-display-inline">the expenses described in subparagraph (B).</text> </clause></subparagraph></paragraph><paragraph commented="no" display-inline="no-display-inline" id="id20a177f0-e439-4314-9a85-ea7d15209f57"><enum>(3)</enum><header display-inline="yes-display-inline">Survey and mapping</header><text display-inline="yes-display-inline">Contracts entered into under paragraph (1)(B) shall be considered <quote>surveying and mapping</quote> services as such term is used in and as such contracts are awarded by the Secretary in accordance with the selection procedures in <external-xref legal-doc="usc-chapter" parsable-cite="usc-chapter/40/11">chapter 11</external-xref> of title 40, United States Code.</text>
 </paragraph></subsection><subsection commented="no" display-inline="no-display-inline" id="idA94E91E6124F4C588F534D6A802F5573"><enum>(f)</enum><header display-inline="yes-display-inline">Ocean economy</header><text display-inline="yes-display-inline">The Secretary may establish publically available tools that track ocean and Great Lakes economy data for each coastal State.</text>
 </subsection><subsection commented="no" display-inline="no-display-inline" id="id1bb7172f-6795-4c93-be2c-e8d9244b2fd6"><enum>(g)</enum><header display-inline="yes-display-inline">Authorization of appropriations</header><text display-inline="yes-display-inline">There is authorized to be appropriated to the Secretary $4,000,000 for each fiscal year 2018 through 2022 to carry out the program.</text></subsection></section></legis-body><endorsement><action-date>March 30, 2017</action-date><action-desc>Reported without amendment</action-desc></endorsement></bill>


