<?xml version="1.0"?>
<?xml-stylesheet type="text/xsl" href="billres.xsl"?>
<!DOCTYPE bill PUBLIC "-//US Congress//DTDs/bill.dtd//EN" "bill.dtd">
<bill bill-stage="Introduced-in-Senate" dms-id="A1" public-private="public"><metadata xmlns:dc="http://purl.org/dc/elements/1.1/">
<dublinCore>
<dc:title>115 S642 IS: Fifth Amendment Integrity Restoration Act of 2017</dc:title>
<dc:publisher>U.S. Senate</dc:publisher>
<dc:date>2017-03-15</dc:date>
<dc:format>text/xml</dc:format>
<dc:language>EN</dc:language>
<dc:rights>Pursuant to Title 17 Section 105 of the United States Code, this file is not subject to copyright protection and is in the public domain.</dc:rights>
</dublinCore>
</metadata>
<form>
<distribution-code display="yes">II</distribution-code><congress>115th CONGRESS</congress><session>1st Session</session><legis-num>S. 642</legis-num><current-chamber>IN THE SENATE OF THE UNITED STATES</current-chamber><action><action-date date="20170315">March 15, 2017</action-date><action-desc><sponsor name-id="S348">Mr. Paul</sponsor> (for himself, <cosponsor name-id="S346">Mr. Lee</cosponsor>, <cosponsor name-id="S266">Mr. Crapo</cosponsor>, <cosponsor name-id="S363">Mr. King</cosponsor>, <cosponsor name-id="S326">Mr. Udall</cosponsor>, and <cosponsor name-id="S359">Mr. Heinrich</cosponsor>) introduced the following bill; which was read twice and referred to the <committee-name committee-id="SSJU00">Committee on the Judiciary</committee-name></action-desc></action><legis-type>A BILL</legis-type><official-title>To restore the integrity of the Fifth Amendment to the Constitution of the United States, and for
			 other purposes.</official-title></form>
	<legis-body display-enacting-clause="yes-display-enacting-clause">
 <section id="S1" section-type="section-one"><enum>1.</enum><header>Short title</header><text display-inline="no-display-inline">This Act may be cited as the <quote><short-title>Fifth Amendment Integrity Restoration Act of 2017</short-title></quote> or the <quote><short-title>FAIR Act</short-title></quote>.</text>
 </section><section id="id6A8F45670A584014B5D280CDAF8F2443"><enum>2.</enum><header>Civil forfeiture proceedings</header><text display-inline="no-display-inline">Section 983 of title 18, United States Code, is amended—</text> <paragraph id="id784E941609154EBB85AD2E0D791F4FA9"><enum>(1)</enum><text>in subsection (b)(2)(A)—</text>
 <subparagraph id="id6862AA9E05CA42318B86260C802DBD1B"><enum>(A)</enum><text>by striking <quote>, and the property subject to forfeiture is real property that is being used by the person as a primary residence,</quote>; and</text>
 </subparagraph><subparagraph id="id6031FDF4619F4734ADF89486419145ED"><enum>(B)</enum><text>by striking <quote>, at the request of the person, shall insure</quote> and inserting <quote>shall ensure</quote>;</text> </subparagraph></paragraph><paragraph id="id753F80F861C143EE88A53B8095914088"><enum>(2)</enum><text>in subsection (c)—</text>
 <subparagraph id="idD8625800E2A940A8A974F19B85DC76D0"><enum>(A)</enum><text display-inline="yes-display-inline">in paragraph (1), by striking <quote>a preponderance of the evidence</quote> and inserting <quote>clear and convincing evidence</quote>;</text> </subparagraph><subparagraph id="id2CE0ED11607544CCAF34B7D1BB0F4BF4"><enum>(B)</enum><text>in paragraph (2), by striking <quote>a preponderance of the evidence</quote> and inserting <quote>clear and convincing evidence</quote>; and</text>
 </subparagraph><subparagraph id="id164F20190A024AEF9090EFC62A3EF49F"><enum>(C)</enum><text>by striking paragraph (3) and inserting the following:</text> <quoted-block display-inline="no-display-inline" id="id49AE84F673A04D45B81FD617335116A3" style="OLC"> <paragraph id="id2CB4772CF77F4D72AB171FABF3A602E2"><enum>(3)</enum><text>if the Government's theory of forfeiture is that the property was used to commit or facilitate the commission of a criminal offense, or was involved in the commission of a criminal offense, the Government shall establish, by clear and convincing evidence, that—</text>
 <subparagraph id="id5BAED0C541434D19B3F5ADFE1084EAB9"><enum>(A)</enum><text>there was a substantial connection between the property and the offense; and</text> </subparagraph><subparagraph id="id08EA5DAB26F94073BCC51D67C6D506DF"><enum>(B)</enum><text>the owner of any interest in the seized property—</text>
 <clause id="idC68F44757CC940FA9F22A721AE48FC6A"><enum>(i)</enum><text>used the property with intent to facilitate the offense; or</text> </clause><clause id="idBC5835520B4B4222B40DB358BC6746A0"><enum>(ii)</enum><text>knowingly consented or was willfully blind to the use of the property by another in connection with the offense.</text></clause></subparagraph></paragraph><after-quoted-block>; and</after-quoted-block></quoted-block>
 </subparagraph></paragraph><paragraph id="id9B19F2EB771E45B7907823E7B4FB66EF"><enum>(3)</enum><text>in subsection (d)(2)(A), by striking <quote>an owner who</quote> and all that follows through <quote>upon learning</quote> and inserting <quote>an owner who, upon learning</quote>.</text> </paragraph></section><section id="idC4F8378161E94057B919DF05068A2A39"><enum>3.</enum><header>Disposition of forfeited property</header> <subsection id="id8FD3B9577A8D4F369310474505DEDBBB"><enum>(a)</enum><header>Revisions to Controlled Substances Act</header><text>Section 511(e) of the Controlled Substances Act (<external-xref legal-doc="usc" parsable-cite="usc/21/881">21 U.S.C. 881(e)</external-xref>) is amended—</text>
 <paragraph id="idD3DCD1B0F6794D8683C438FAA22DA142"><enum>(1)</enum><text>in paragraph (1)—</text> <subparagraph id="id1042DB5D975F4002B440902D9E039630"><enum>(A)</enum><text>in the matter preceding subparagraph (A), by striking <quote>civilly or</quote>;</text>
 </subparagraph><subparagraph id="id91D0D59398E3463E9588B33E02825358"><enum>(B)</enum><text>by striking subparagraph (A); and</text> </subparagraph><subparagraph id="id576659CE997249E099FCB3D17BCC3CB2"><enum>(C)</enum><text>by redesignating subparagraphs (B) through (E) as subparagraphs (A) through (D), respectively;</text>
 </subparagraph></paragraph><paragraph id="idC8197C316FF84ED88D0D77B4409C01C2"><enum>(2)</enum><text>in paragraph (2)—</text> <subparagraph id="id9CEA88D112A14B99A393CDF0CA64C108"><enum>(A)</enum><text>in subparagraph (A), in the matter preceding clause (i), by striking <quote>subparagraph (B) of paragraph (1)</quote> and inserting <quote>paragraph (1)(A)</quote>; and</text>
 </subparagraph><subparagraph id="idBC7C15778C234A58B93FD69E7AEFF44A"><enum>(B)</enum><text>in subparagraph (B), by striking <quote>accordance with section 524(c) of title 28,</quote> and inserting <quote>the General Fund of the Treasury of the United States</quote>;</text> </subparagraph></paragraph><paragraph id="id601644A2F3A149E8A369C8DDBB3CC8F1"><enum>(3)</enum><text>by striking paragraph (3);</text>
 </paragraph><paragraph id="idE3D9FC566E134456ADDA11378F13F463"><enum>(4)</enum><text>by redesignating paragraph (4) as paragraph (3); and</text> </paragraph><paragraph id="id66B20124EC644891A0316FB9D6F1F147"><enum>(5)</enum><text>in paragraph (3), as redesignated—</text>
 <subparagraph id="id382BCC3549814537BF145287E1169F7E"><enum>(A)</enum><text>in subparagraph (A), by striking <quote>paragraph (1)(B)</quote> and inserting <quote>paragraph (1)(A)</quote>; and</text> </subparagraph><subparagraph commented="no" display-inline="no-display-inline" id="idBFAD848061224A2FB841C81EDDEAA259"><enum>(B)</enum><text>in subparagraph (B), in the matter preceding clause (i), by striking <quote>paragraph (1)(B) that is civilly or</quote> and inserting paragraph <quote>(1)(A) that is</quote>.</text>
 </subparagraph></paragraph></subsection><subsection id="id4DFE07F90B6A4ACE837B56030ACA18A5"><enum>(b)</enum><header>Revisions to title 18</header><text><external-xref legal-doc="usc-chapter" parsable-cite="usc-chapter/18/46">Chapter 46</external-xref> of title 18, United States Code, is amended—</text> <paragraph id="id00A647174F4A4D3BB980D191B2A6AFAD"><enum>(1)</enum><text>in section 981(e)—</text>
 <subparagraph id="idB5B143C3845A4EF99B464AAE6AAD7A99"><enum>(A)</enum><text>by striking <quote>is authorized</quote> and all that follows through <quote>or forfeiture of the property;</quote> and inserting <quote>shall forward to the Treasurer of the United States any proceeds of property forfeited pursuant to this section for deposit in the General Fund of the Treasury or transfer such property on such terms and conditions as such officer may determine—</quote>;</text>
 </subparagraph><subparagraph commented="no" display-inline="no-display-inline" id="id2A8DCAB3135546EE8C93DE1404DD5C1A"><enum>(B)</enum><text>by redesignating paragraphs (3), (4), (5), (6), and (7) as paragraphs (1), (2), (3), (4), and (5), respectively; and</text>
 </subparagraph><subparagraph commented="no" display-inline="no-display-inline" id="id844E490AB7714435AD3BAEA1278927F9"><enum>(C)</enum><text>in the matter following paragraph (5), as so redesignated—</text> <clause commented="no" display-inline="no-display-inline" id="id4E44DE30CFC94913A026F6694EB577FA"><enum>(i)</enum><text>by striking the first, second, third, sixth, and eighth sentences; and</text>
 </clause><clause commented="no" display-inline="no-display-inline" id="id490D081660F14FFCB8A254955218E66E"><enum>(ii)</enum><text>by striking <quote>paragraphs (3), (4), and (5)</quote> and inserting <quote>paragraphs (1), (2), and (3)</quote>; and</text> </clause></subparagraph></paragraph><paragraph commented="no" display-inline="no-display-inline" id="idB91CDDF156944317B3ECE7C34F77AB68"><enum>(2)</enum><text>in section 983(g)—</text>
 <subparagraph commented="no" display-inline="no-display-inline" id="id09890B2672CD47368C8C4CC8C02776D2"><enum>(A)</enum><text>in paragraph (3), by striking <quote>grossly</quote>; and</text> </subparagraph><subparagraph commented="no" display-inline="no-display-inline" id="idAE021082CCD44BC1BAD73E7439AECEB8"><enum>(B)</enum><text>in paragraph (4), by striking <quote>grossly</quote>.</text>
 </subparagraph></paragraph></subsection><subsection commented="no" id="idB49B4E6665184B9B86FDC146AEAC2102"><enum>(c)</enum><header>Tariff Act of 1930</header><text>The Tariff Act of 1930 (<external-xref legal-doc="usc" parsable-cite="usc/19/1304">19 U.S.C. 1304</external-xref> et seq.) is amended—</text> <paragraph commented="no" id="id03A7F11C489D43F0B23588B00A656C22"><enum>(1)</enum><text>in section 613A(a) (<external-xref legal-doc="usc" parsable-cite="usc/19/1613b">19 U.S.C. 1613b(a)</external-xref>)—</text>
 <subparagraph commented="no" id="id332D222278BD467F98989A65B6751315"><enum>(A)</enum><text>in paragraph (1)—</text> <clause commented="no" id="id91C2E9B54D5543F8AB6633B79DC50D4E"><enum>(i)</enum><text>in subparagraph (D), by inserting <quote>and</quote> after the semicolon;</text>
 </clause><clause commented="no" id="id0E2454E133C34F139B09ECA47ECFDFF5"><enum>(ii)</enum><text>in subparagraph (E), by striking <quote>; and</quote> and inserting a period; and</text> </clause><clause commented="no" id="id291665239EFC4063874B544632CDCB76"><enum>(iii)</enum><text>by striking subparagraph (F); and</text>
 </clause></subparagraph><subparagraph commented="no" id="id3890D253CBF040888E9E060E3CE7DB3B"><enum>(B)</enum><text>in paragraph (2)—</text> <clause commented="no" id="id388167773C6942CCBAD5551BA1A4D4F0"><enum>(i)</enum><text>by striking <quote>(A) Any payment</quote> and inserting <quote>Any payment</quote>; and</text>
 </clause><clause commented="no" id="idD10C45FA0691471BA16B6EDA952E9262"><enum>(ii)</enum><text>by striking subparagraph (B); and</text> </clause></subparagraph></paragraph><paragraph commented="no" id="idFF38182A97834492B6A61E69AA4E5C6D"><enum>(2)</enum><text>in section 616 (<external-xref legal-doc="usc" parsable-cite="usc/19/1616a">19 U.S.C. 1616a</external-xref>)—</text>
 <subparagraph commented="no" id="id3F2C3EB22B7B470D96DB3C6AA7E5D07A"><enum>(A)</enum><text>in the section heading, by striking <quote><header-in-text level="section" style="OLC">Transfer of forfeited property</header-in-text></quote> and inserting <quote><header-in-text level="section" style="OLC">Dismissal in favor of forfeiture under State law</header-in-text></quote>;</text> </subparagraph><subparagraph commented="no" id="id4A52D8CF745C4FE4B96800798058FD02"><enum>(B)</enum><text>in subsection (a), by striking <quote>(a) The Secretary</quote> and inserting <quote>The Secretary</quote>; and</text>
 </subparagraph><subparagraph commented="no" id="id30DAE6B2492447C5BA94FFB1AE8BC3E9"><enum>(C)</enum><text>by striking subsections (b) through (d).</text> </subparagraph></paragraph></subsection><subsection commented="no" id="idDADDD5ADA11847868B4F5AB70781F332"><enum>(d)</enum><header>Title 31</header><text>Section 9703 of title 31, United States Code, is amended—</text>
 <paragraph commented="no" id="id8B5AB67058D248D88EB12AC611292764"><enum>(1)</enum><text>in subsection (a)(1)—</text> <subparagraph commented="no" id="idA6C6A72EE18143D799F815798BA45BBF"><enum>(A)</enum><text>by striking subparagraph (G); and</text>
 </subparagraph><subparagraph commented="no" id="idF89C7BF361FB4FA194EFD05CD939CC0D"><enum>(B)</enum><text>by redesignating subparagraphs (H) through (J) as subparagraphs (G) through (I), respectively; and</text> </subparagraph></paragraph><paragraph commented="no" id="id76554A448331434ABE86FCA19617E57B"><enum>(2)</enum><text>in subsection (b)—</text>
 <subparagraph commented="no" id="id3CA88C60E9684A1585252B8CA30488D8"><enum>(A)</enum><text>by striking paragraphs (2) and (4); and</text> </subparagraph><subparagraph commented="no" display-inline="no-display-inline" id="id80035DDA42A94FA6BB0B66F1870C19CD"><enum>(B)</enum><text>by redesignating paragraphs (3) and (5) as paragraphs (2) and (3), respectively.</text>
 </subparagraph></paragraph></subsection></section><section id="id55CB74C7F55043FB8B4F15EAF7EF7BD0"><enum>4.</enum><header>Department of Justice Assets Forfeiture Fund deposits</header><text display-inline="no-display-inline">Section 524(c)(4) of title 28, United States Code, is amended—</text> <paragraph id="id62BFA375035948388910DE671CAE46C7"><enum>(1)</enum><text>by striking subparagraphs (A) and (B); and</text>
 </paragraph><paragraph id="id45466A73B8A84204855BA91EDDEFDA63"><enum>(2)</enum><text>by redesignating subparagraphs (C) and (D) as subparagraphs (A) and (B), respectively.</text> </paragraph></section><section id="id7DC7FE736C6C4ADA88D68F138837DEEA"><enum>5.</enum><header>Structuring transactions to evade reporting requirement prohibited</header> <subsection id="id1FFE93C46FBD4D11AF69AD192C92EBE3"><enum>(a)</enum><header>Amendments to title 31</header><text display-inline="yes-display-inline">Section 5324 of title 31, United States Code, is amended—</text>
 <paragraph id="idAFA8C174B76B4357B0940D7E85D1BC58"><enum>(1)</enum><text display-inline="yes-display-inline">in subsection (a)—</text> <subparagraph id="idB8023C098DB64197965763E2345002AD"><enum>(A)</enum><text display-inline="yes-display-inline">in the matter preceding paragraph (1), by inserting <quote>knowingly</quote> after <quote>Public Law 91–508</quote>; and</text>
 </subparagraph><subparagraph id="idA556AED3E77649CA92F43D5C355DE321"><enum>(B)</enum><text>in paragraph (3), by inserting <quote>of funds not derived from a legitimate source</quote> after <quote>any transaction</quote>;</text> </subparagraph></paragraph><paragraph id="id525B5ABA38FC406C9F248FC455867EE2"><enum>(2)</enum><text>in subsection (b), in the matter preceding paragraph (1), by inserting <quote>knowingly</quote> after <quote>such section</quote>; and</text>
 </paragraph><paragraph id="id31860E5DD13D4DE49D4B80BF797B5B6D"><enum>(3)</enum><text>in subsection (c), in the matter preceding paragraph (1), by inserting <quote>knowingly</quote> after <quote>section 5316</quote>.</text> </paragraph></subsection><subsection id="id0A7871C7B8F546019639B8A87D03F869"><enum>(b)</enum><header>Probable cause hearing in connection with property seizures relating to certain monetary instruments transactions</header> <paragraph id="id6BBA1949B40344FE9A7A3A43990D8CB1"><enum>(1)</enum><header>Amendment</header><text>Section 5317 of title 31, United States Code, is amended by adding at the end the following:</text>
					<quoted-block display-inline="no-display-inline" id="idD03B0450C7D344898E5B034BDAE9BD23" style="OLC">
						<subsection id="id0F9A0ED1EC5544E4B659B02EA37DD488"><enum>(d)</enum><header>Probable cause hearing in connection with property seizures relating to certain monetary
			 instruments transactions</header>
 <paragraph id="idB96DBC011A9B4EFFBF495DDEBCF814CB"><enum>(1)</enum><header>In general</header><text>Not later than 14 days after the date on which notice is provided under paragraph (2)—</text>
 <subparagraph id="id47CB081D435E40BD8FE9DB243D289F52"><enum>(A)</enum><text>a court of competent jurisdiction shall conduct a hearing on any property seized or restrained under subsection (c)(2) with respect to an alleged violation of section 5324; and</text>
 </subparagraph><subparagraph id="id2C57D941D39E45B2840B5AA2FD3F6230"><enum>(B)</enum><text>any property described in subparagraph (A) shall be returned unless the court finds that there is probable cause to believe that there is a violation of section 5324 involving the property.</text>
 </subparagraph></paragraph><paragraph id="id793D39B640FD4118BEE4CB64C0D38D4E"><enum>(2)</enum><header>Notice</header><text>Each person from whom property is seized or restrained under subsection (c)(2) with respect to an alleged violation of section 5324 shall be notified of the right of the person to a hearing under paragraph (1).</text></paragraph></subsection><after-quoted-block>.</after-quoted-block></quoted-block>
 </paragraph><paragraph id="idDE1C9268C6354E8EA1A92F35B7F305EA"><enum>(2)</enum><header>Applicability</header><text>The amendment made by paragraph (1) shall apply to property seized or restrained after the date of enactment of this Act.</text>
 </paragraph></subsection></section><section id="id3d8d8d0a300142eb81ab99d35e55a8b6"><enum>6.</enum><header>Proportionality</header><text display-inline="no-display-inline">Section 983(g)(2) of title 18, United States Code, is amended to read as follows:</text> <quoted-block display-inline="no-display-inline" id="idC5D97E101E384DF793BFA85ABC2FF8E0" style="OLC"> <paragraph id="id8E14095EB2A6449D85A3F1D46BEB6EF1"><enum>(2)</enum><text>In making this determination, the court shall consider such factors as—</text>
 <subparagraph id="idBC253CE975194C75A4B033AD923E5A0E"><enum>(A)</enum><text>the seriousness of the offense;</text> </subparagraph><subparagraph id="id3610AC587E52413FB1F3255D230569F3"><enum>(B)</enum><text>the extent of the nexus of the property to the offense;</text>
 </subparagraph><subparagraph id="id7AA8029BF5394C1A854AFFFEAA46E8EB"><enum>(C)</enum><text>the range of sentences available for the offense giving rise to forfeiture;</text> </subparagraph><subparagraph id="idB78584568EED4C3B9BBBBCC454D4B90D"><enum>(D)</enum><text>the fair market value of the property; and</text>
 </subparagraph><subparagraph id="id78AF194BF78D4BE78F84A9B8E14722ED"><enum>(E)</enum><text>the hardship to the property owner and dependents.</text></subparagraph></paragraph><after-quoted-block>.</after-quoted-block></quoted-block> </section><section id="id392E23903A8C42CD94BBA37DC613B861"><enum>7.</enum><header>Reporting requirements</header><text display-inline="no-display-inline">Section 524(c)(6)(i) of title 28, United States Code, is amended by inserting <quote>from each type of forfeiture, and specifically identifying which funds were obtained from including criminal forfeitures and which were obtained from civil forfeitures,</quote> after <quote>deposits</quote>.</text>
 </section><section id="idDD469D95C6E542888D723589037C07FE"><enum>8.</enum><header>Applicability</header><text display-inline="no-display-inline">The amendments made by this Act shall apply to—</text> <paragraph id="id8EFE66FE33774B489DA9913E99539C79"><enum>(1)</enum><text>any civil forfeiture proceeding pending on or filed on or after the date of enactment of this Act; and</text>
 </paragraph><paragraph id="id642F1C3FF4FB41BA84DD969F6FBC92A2"><enum>(2)</enum><text>any amounts received from the forfeiture of property on or after the date of enactment of this Act.</text></paragraph></section></legis-body></bill> 

