<?xml version="1.0"?>
<?xml-stylesheet type="text/xsl" href="billres.xsl"?>
<!DOCTYPE bill PUBLIC "-//US Congress//DTDs/bill.dtd//EN" "bill.dtd">
<bill bill-stage="Introduced-in-Senate" bill-type="olc" dms-id="A1" public-private="public"><metadata xmlns:dc="http://purl.org/dc/elements/1.1/">
<dublinCore>
<dc:title>115 S331 IS: To remove the use restrictions on certain land transferred to Rockingham County, Virginia, and for other purposes.</dc:title>
<dc:publisher>U.S. Senate</dc:publisher>
<dc:date>2017-02-07</dc:date>
<dc:format>text/xml</dc:format>
<dc:language>EN</dc:language>
<dc:rights>Pursuant to Title 17 Section 105 of the United States Code, this file is not subject to copyright protection and is in the public domain.</dc:rights>
</dublinCore>
</metadata>
<form>
<distribution-code display="yes">II</distribution-code><congress>115th CONGRESS</congress><session>1st Session</session><legis-num>S. 331</legis-num><current-chamber>IN THE SENATE OF THE UNITED STATES</current-chamber><action><action-date date="20170207" legis-day="20170206">February 7 (legislative day, February 6), 2017</action-date><action-desc><sponsor name-id="S362">Mr. Kaine</sponsor> introduced the following bill; which was read twice and referred to the <committee-name committee-id="SSEG00">Committee on Energy and Natural Resources</committee-name></action-desc></action><legis-type>A BILL</legis-type><official-title>To remove the use restrictions on certain land transferred to Rockingham County, Virginia, and for
			 other purposes.</official-title></form>
	<legis-body display-enacting-clause="yes-display-enacting-clause" id="HA5D6EA82DC564A76A11E6E520B22FDD3" style="OLC">
 <section id="H69721E5F17CA4EEF9221A41585B19B48" section-type="section-one"><enum>1.</enum><header>Removal of use restriction</header><text display-inline="no-display-inline">Public Law 101–479 (104 Stat. 1158) is amended—</text> <paragraph id="H6696E9252F624DE7845B07D5CCF7E666"><enum>(1)</enum><text display-inline="yes-display-inline">by striking section 2(d); and</text>
 </paragraph><paragraph id="HC1A58D5741774A21A8E47D89AC831335"><enum>(2)</enum><text>by adding the following new section at the end:</text> <quoted-block display-inline="no-display-inline" id="H067A4DDEEFB8458B9CC9F0F1A563A4EC" style="OLC"> <section id="HE86474836ADA4CB8AF0D1C3BE9C047AA"><enum>4.</enum><header>Removal of use restriction</header> <subsection id="H44EF339BCD8646A494F1C1A4DC6137EB"><enum>(a)</enum><text display-inline="yes-display-inline">The approximately 1-acre portion of the land referred to in section 3 that is used for purposes of a child care center, as authorized by this Act, shall not be subject to the use restriction imposed in the deed referred to in section 3.</text>
 </subsection><subsection id="HA888A5C9A3284FAAB1CE0BC1F61564B9"><enum>(b)</enum><text>Upon enactment of this section, the Secretary of the Interior shall execute an instrument to carry out subsection (a).</text></subsection></section><after-quoted-block>.</after-quoted-block></quoted-block></paragraph></section></legis-body></bill>


