<?xml version="1.0"?>
<?xml-stylesheet type="text/xsl" href="billres.xsl"?>
<!DOCTYPE bill PUBLIC "-//US Congress//DTDs/bill.dtd//EN" "bill.dtd">
<bill bill-stage="Reported-in-Senate" bill-type="olc" dms-id="A1" public-private="public"><metadata xmlns:dc="http://purl.org/dc/elements/1.1/">
<dublinCore>
<dc:title>115 S91 RS: Indian Employment, Training and Related Services Consolidation Act of 2017</dc:title>
<dc:publisher>U.S. Senate</dc:publisher>
<dc:date>2017-04-06</dc:date>
<dc:format>text/xml</dc:format>
<dc:language>EN</dc:language>
<dc:rights>Pursuant to Title 17 Section 105 of the United States Code, this file is not subject to copyright protection and is in the public domain.</dc:rights>
</dublinCore>
</metadata>
<form>
<distribution-code display="yes">II</distribution-code><calendar>Calendar No. 32</calendar><congress>115th CONGRESS</congress><session>1st Session</session><legis-num>S. 91</legis-num><associated-doc role="report">[Report No. 115–26]</associated-doc><current-chamber>IN THE SENATE OF THE UNITED STATES</current-chamber><action><action-date date="20170110">January 10, 2017</action-date><action-desc><sponsor name-id="S288">Ms. Murkowski</sponsor> (for herself and <cosponsor name-id="S383">Mr. Sullivan</cosponsor>) introduced the following bill; which was read twice and referred to the <committee-name added-display-style="italic" committee-id="SLIA00" deleted-display-style="strikethrough">Committee on Indian Affairs</committee-name></action-desc></action><action stage="Reported-in-Senate"><action-date date="20170406" legis-day="20170404">April 6 (legislative day, April 4), 2017</action-date><action-desc>Reported by <sponsor name-id="S344">Mr. Hoeven</sponsor>, without amendment</action-desc></action><legis-type>A BILL</legis-type><official-title>To amend the Indian Employment, Training and Related Services Demonstration Act of 1992 to
			 facilitate the ability of Indian tribes to integrate the employment,
			 training, and related services from diverse Federal sources, and for other
			 purposes.</official-title></form>
	<legis-body display-enacting-clause="yes-display-enacting-clause" id="H5964C96FF9924487988365F86074B0AD" style="OLC">
 <section id="H2143956A9CDB4D5D93DA956E4A23EA3F" section-type="section-one"><enum>1.</enum><header>Short title</header><text display-inline="no-display-inline">This Act may be cited as the <quote><short-title>Indian Employment, Training and Related Services Consolidation Act of 2017</short-title></quote>.</text> </section><section id="HEAA39787E43041D2B4517296BF2D1F4B"><enum>2.</enum><header>Amendment of short title</header> <subsection id="HC1A4A336C54A458D9A5C2087783CA8D8"><enum>(a)</enum><header>In general</header><text display-inline="yes-display-inline">Section 1 of the Indian Employment, Training and Related Services Demonstration Act of 1992 (<external-xref legal-doc="usc" parsable-cite="usc/25/3401">25 U.S.C. 3401</external-xref> note) is amended to read as follows:</text>
				<quoted-block display-inline="no-display-inline" id="H3EEF8532AE184D64BEC13F4169239587" style="OLC">
 <section id="H2F66639E2FB24FB7A7CE4D4E8CF66A5A" section-type="section-one"><enum>1.</enum><header>Short title</header><text display-inline="no-display-inline">This Act may be cited as the <quote><short-title>Indian Employment, Training and Related Services Act of 1992</short-title></quote>.</text></section><after-quoted-block>.</after-quoted-block></quoted-block> </subsection><subsection id="HDB9CEFC7EF47423FA868C1C6AC2E7513"><enum>(b)</enum><header>References</header><text display-inline="yes-display-inline">Any reference in law to the <quote>Indian Employment, Training and Related Services Demonstration Act of 1992</quote> shall be deemed to be a reference to the <quote>Indian Employment, Training and Related Services Act of 1992</quote>.</text>
 </subsection></section><section id="H4273B9F3C11E49A3B1E004DBEC031B76"><enum>3.</enum><header>Statement of purpose</header><text display-inline="no-display-inline">Section 2 of the Indian Employment, Training and Related Services Act of 1992 (<external-xref legal-doc="usc" parsable-cite="usc/25/3401">25 U.S.C. 3401</external-xref>), as amended by section 2 of this Act, is amended—</text>
 <paragraph id="HC38CFF46044E41FABD1B4E54AB3B4012"><enum>(1)</enum><text>by striking <quote>The purposes of this Act are to demonstrate how Indian tribal governments can</quote> and inserting <quote>The purpose of this Act is to facilitate the ability of Indian tribes and tribal organizations to</quote>;</text> </paragraph><paragraph id="H59528C499D774A1987B4D593AA0DB881"><enum>(2)</enum><text>by inserting <quote>from diverse Federal sources</quote> after <quote>they provide</quote>;</text>
 </paragraph><paragraph id="H1B28E1F2FBC543538CDD9385FED9A419"><enum>(3)</enum><text>by striking <quote>and serve tribally-determined</quote> and inserting <quote>, and serve tribally determined</quote>; and</text> </paragraph><paragraph id="H8FC7354CFE2A4902B3D996904B324A1A"><enum>(4)</enum><text>by inserting <quote>, while reducing administrative, reporting, and accounting costs</quote> after <quote>policy of self-determination</quote>.</text>
 </paragraph></section><section id="HF25E0B6D3DBD464F9A97A68AA284DC43"><enum>4.</enum><header>Definitions</header><text display-inline="no-display-inline">Section 3 of the Indian Employment, Training and Related Services Act of 1992 (<external-xref legal-doc="usc" parsable-cite="usc/25/3402">25 U.S.C. 3402</external-xref>), as amended by section 2 of this Act, is amended—</text>
 <paragraph id="H46CE966929344F8BB6E90744364F8FDD"><enum>(1)</enum><text>by striking paragraph (2) and inserting the following:</text> <quoted-block display-inline="no-display-inline" id="H7E55991A31B7492288056B16B85E5BE2" style="OLC"> <paragraph id="HE538F86F6F1E44D8A4167F8BB00CAB8B"><enum>(2)</enum><header>Indian tribe</header> <subparagraph id="H0A872FA81A81493EAE1DFA14E3E0131C"><enum>(A)</enum><header>In general</header><text>The terms <term>Indian tribe</term> and <term>tribe</term> have the meaning given the term <term>Indian tribe</term> in section 4 of the Indian Self-Determination and Education Assistance Act (<external-xref legal-doc="usc" parsable-cite="usc/25/5304">25 U.S.C. 5304</external-xref>).</text>
 </subparagraph><subparagraph id="H2CD382BA2CFE454CB9EDD6D82A6E077B"><enum>(B)</enum><header>Inclusion</header><text>The term <term>Indian tribe</term> includes tribal organizations (as defined in section 4 of the Indian Self-Determination and Education Assistance Act (<external-xref legal-doc="usc" parsable-cite="usc/25/5304">25 U.S.C. 5304</external-xref>)).</text></subparagraph></paragraph><after-quoted-block>;</after-quoted-block></quoted-block>
 </paragraph><paragraph id="H7E57AA063E7644E3A7371C932CC0AC4B"><enum>(2)</enum><text display-inline="yes-display-inline">by redesignating paragraph (4) as paragraph (5); and</text> </paragraph><paragraph id="H3987CEAAB6D54B3580E7EE2246B036FB"><enum>(3)</enum><text>by inserting after paragraph (3) the following:</text>
				<quoted-block display-inline="no-display-inline" id="HDC1F4919C82746CBBCB432D74481D554" style="OLC">
 <paragraph id="HA03C3258F41B480BA51095022C56604D"><enum>(4)</enum><header>Program</header><text>The term <term>program</term> means a program described in section 5(a).</text></paragraph><after-quoted-block>.</after-quoted-block></quoted-block> </paragraph></section><section id="HDC06F1DFE8D04CE7B8AA54A535A5A906"><enum>5.</enum><header>Integration of services authorized</header><text display-inline="no-display-inline">Section 4 of the Indian Employment, Training and Related Services Act of 1992 (<external-xref legal-doc="usc" parsable-cite="usc/25/3403">25 U.S.C. 3403</external-xref>), as amended by section 2 of this Act, is amended to read as follows:</text>
			<quoted-block display-inline="no-display-inline" id="HE8DBE510A6CF4C33B6FC1495EF31BFB1" style="OLC">
 <section id="H324368D869A648F58EEC7D7FBDF1F7EA"><enum>4.</enum><header>Integration of services authorized</header><text display-inline="no-display-inline">The Secretary shall, after approving a plan submitted by an Indian tribe in accordance with section 8, authorize the Indian tribe to, in accordance with the plan—</text>
 <paragraph id="H409E5A213FB942EE98BA7D090C37EBAE"><enum>(1)</enum><text display-inline="yes-display-inline">integrate the programs and Federal funds received by the Indian tribe in accordance with waiver authority granted under section 7(d); and</text>
 </paragraph><paragraph id="H04573CFE296F45BD846B8CD8CCFA6B4A"><enum>(2)</enum><text display-inline="yes-display-inline">coordinate the employment, training, and related services provided with those funds in a consolidated and comprehensive tribal plan.</text></paragraph></section><after-quoted-block>.</after-quoted-block></quoted-block>
 </section><section id="HB79193464DA0467A845A73085099B0FB"><enum>6.</enum><header>Programs affected and transfer of funds</header><text display-inline="no-display-inline">Section 5 of the Indian Employment, Training and Related Services Act of 1992 (<external-xref legal-doc="usc" parsable-cite="usc/25/3404">25 U.S.C. 3404</external-xref>), as amended by section 2 of this Act, is amended to read as follows:</text>
			<quoted-block display-inline="no-display-inline" id="HE67C79A666D1491397186AB7843AB2CB" style="OLC">
				<section id="HA5A4F51B90E04D81B518D695EAD7DB4E"><enum>5.</enum><header>Programs affected</header>
					<subsection id="H7A5B916AE2604BC591AE93C79ACB1CA1"><enum>(a)</enum><header>Programs affected</header>
 <paragraph id="HE0C50CEFA91F4D5C98CDE2FF51F01BE5"><enum>(1)</enum><header>In general</header><text display-inline="yes-display-inline">The programs that may be integrated pursuant to a plan approved under section 8 shall be only programs—</text>
 <subparagraph id="HCE97D641F1D042D88CBD7C2382F677E7"><enum>(A)</enum><text display-inline="yes-display-inline">implemented for the purpose of—</text> <clause id="HBB510E850ECB40CFBFFC5CF504592D3D"><enum>(i)</enum><text>job training;</text>
 </clause><clause id="H51005EA0015D4655BFF60CB38751369E"><enum>(ii)</enum><text>welfare to work and tribal work experience;</text> </clause><clause id="H42B52A04DCE243778570C88B2A3B646B"><enum>(iii)</enum><text>creating or enhancing employment opportunities;</text>
 </clause><clause id="HA6D750B8F9A94BCE961BF12260606EEB"><enum>(iv)</enum><text>skill development;</text> </clause><clause id="H2BED0C1A23A64312AEB6CFFF6C06F995"><enum>(v)</enum><text>assisting Indian youth and adults to succeed in the workforce;</text>
 </clause><clause id="HF8A27E4BE4664CA49D2DAA2FD052F4CA"><enum>(vi)</enum><text>encouraging self-sufficiency;</text> </clause><clause id="HF66AC07CFD4E4AA68E4671867345ECDC"><enum>(vii)</enum><text>familiarizing individual participants with the world of work;</text>
 </clause><clause id="H1FBB33E93459478283C367C3B8B10318"><enum>(viii)</enum><text>facilitating the creation of job opportunities;</text> </clause><clause id="HF98B8DA44A8B4349A7687FA77EADA1E5"><enum>(ix)</enum><text>economic development; or</text>
 </clause><clause id="H2C3B17CC5B5E479A9F39CE333F8FFB5D"><enum>(x)</enum><text>any services related to the activities described in clauses (i) through (ix); and</text> </clause></subparagraph><subparagraph id="H552F06B58567484A933264689A0E5735"><enum>(B)</enum><text>under which an Indian tribe or members of an Indian tribe—</text>
 <clause id="HD20E01DFA71B4902A1EB447FC928F76F"><enum>(i)</enum><text>are eligible to receive funds—</text> <subclause id="HE8D5FBB638714833AB859499B0F12828"><enum>(I)</enum><text>under a statutory or administrative formula making funds available to an Indian tribe; or</text>
 </subclause><subclause id="H9B151040B51240E3B2B142650889529E"><enum>(II)</enum><text>due to their status as Indians under Federal law; or</text> </subclause></clause><clause id="H0C74545937514134BC4E749C7CD4D9C4"><enum>(ii)</enum><text>have secured funds as a result of a competitive process, a noncompetitive process, or a specific designation.</text>
 </clause></subparagraph></paragraph><paragraph id="H2DCDEEA3BBDE412284E181CA640939BF"><enum>(2)</enum><header>Treatment of block grant funds</header><text>For purposes of this section, programs funded by block grant funds provided to an Indian tribe, regardless of whether the block grant is for the benefit of the Indian tribe because of the status of the Indian tribe or the status of the beneficiaries the grant serves, shall be eligible to be integrated into the plan.</text>
 </paragraph></subsection><subsection id="H64E6C848ABF94386B806C029EF3EE1D3"><enum>(b)</enum><header>Program authorization</header><text>The Secretary shall, in cooperation with the Attorney General, the Secretary of Agriculture, the Secretary of Commerce, the Secretary of Education, the Secretary of Energy, the Secretary of Health and Human Services, the Secretary of Homeland Security, the Secretary of Housing and Urban Development, the Secretary of Labor, the Secretary of Transportation, and the Secretary of Veterans Affairs, after the Secretary approves a plan submitted by an Indian tribe or tribal organization under section 8, authorize the Indian tribe or tribal organization, as applicable, to coordinate, in accordance with the plan, federally funded employment, training, and related services programs and funding in a manner that integrates the programs and funding into a consolidated and comprehensive program.</text></subsection></section><after-quoted-block>.</after-quoted-block></quoted-block>
 </section><section id="HEB519EBC3D154904891A198CC38C2A5A"><enum>7.</enum><header>Plan requirements</header><text display-inline="no-display-inline">Section 6 of the Indian Employment, Training and Related Services Act of 1992 (<external-xref legal-doc="usc" parsable-cite="usc/25/3405">25 U.S.C. 3405</external-xref>), as amended by section 2 of this Act, is amended to read as follows:</text>
			<quoted-block display-inline="no-display-inline" id="H8428433CF0F04A37B3A1F0FA2DC93D27" style="OLC">
 <section id="HA3A5F678982142E884B8CAF91404BEEB"><enum>6.</enum><header>Plan requirements</header><text display-inline="no-display-inline">A plan submitted to the Secretary for approval under this Act shall—</text> <paragraph id="H49C178BCE9384AB08803285D74F9E4C1"><enum>(1)</enum><text display-inline="yes-display-inline">identify the programs to be integrated and consolidated;</text>
 </paragraph><paragraph id="H548A3620730F4BBDA8BD91A4BE54A151"><enum>(2)</enum><text display-inline="yes-display-inline">be consistent with the purpose of this Act;</text> </paragraph><paragraph id="H53C4EED479B048C2AF4F8778BC3CCDC5"><enum>(3)</enum><text display-inline="yes-display-inline">describe—</text>
 <subparagraph id="HFDC9B40382A34A4294DD2C779D0A9E9A"><enum>(A)</enum><text display-inline="yes-display-inline">a comprehensive strategy identifying the full range of potential employment opportunities on and near the service area of the Indian tribe;</text>
 </subparagraph><subparagraph id="HA6FCCEC9C8A84062ADB1F8D7E583F29B"><enum>(B)</enum><text display-inline="yes-display-inline">the education, training, and related services to be provided to assist Indians to access those employment opportunities;</text>
 </subparagraph><subparagraph id="H174876169BF54AE7A5B35ADC763A2162"><enum>(C)</enum><text display-inline="yes-display-inline">the way in which services and program funds are to be integrated, consolidated, and delivered; and</text> </subparagraph><subparagraph id="HEEBD06E6BE32419EB777DEF981597496"><enum>(D)</enum><text display-inline="yes-display-inline">the results expected, including the expected number of program participants in unsubsidized employment during the second quarter after exit from the program, from the plan;</text>
 </subparagraph></paragraph><paragraph id="H73EE411551914734BD0C3A4942FE7DCD"><enum>(4)</enum><text display-inline="yes-display-inline">identify the projected expenditures under the plan in a single budget covering all consolidated funds;</text>
 </paragraph><paragraph id="H31EC7961856F4175BA6CFF18F2010858"><enum>(5)</enum><text display-inline="yes-display-inline">identify any agency of the Indian tribe to be involved in the delivery of the services integrated under the plan;</text>
 </paragraph><paragraph id="H6FAFF3D96E884C8EB7C00342FB58F9CE"><enum>(6)</enum><text display-inline="yes-display-inline">identify any statutory provisions, regulations, policies, or procedures that the Indian tribe believes need to be waived to implement the plan; and</text>
 </paragraph><paragraph id="HD8F0BA8519884C9B9C50175DE0033E7E"><enum>(7)</enum><text display-inline="yes-display-inline">be approved by the governing body of the Indian tribe.</text></paragraph></section><after-quoted-block>.</after-quoted-block></quoted-block> </section><section id="H312D52CD6F384546B5EE08D31B250047"><enum>8.</enum><header>Plan review; waiver authority; and dispute resolution</header><text display-inline="no-display-inline">Section 7 of the Indian Employment, Training and Related Services Act of 1992 (<external-xref legal-doc="usc" parsable-cite="usc/25/3406">25 U.S.C. 3406</external-xref>), as amended by section 2 of this Act, is amended to read as follows:</text>
			<quoted-block display-inline="no-display-inline" id="idE2E6A0931646404B9188F288FC50899F" style="OLC">
				<section id="id5131B31B332845838790F83A4E56F5BC"><enum>7.</enum><header>Plan review</header>
 <subsection id="H3B1178E0EE4543C588818A53BFCFAFE6"><enum>(a)</enum><header>In general</header><text display-inline="yes-display-inline">Upon receipt of a plan from an Indian tribe, the Secretary shall consult with—</text> <paragraph id="HA5F21FE9E91C47368AB0DD8810FCC3C8"><enum>(1)</enum><text display-inline="yes-display-inline">the head of each Federal agency overseeing a program identified in the plan; and</text>
 </paragraph><paragraph id="H3B52B614F3BC461BAF62CD02DD2782A1"><enum>(2)</enum><text display-inline="yes-display-inline">the Indian tribe that submitted the plan.</text> </paragraph></subsection><subsection id="H1FF19B40CEA547D187FF8BD05251FE5C"><enum>(b)</enum><header>Identification of waivers</header><text display-inline="yes-display-inline">The parties identified in subsection (a) shall identify any waivers of applicable statutory, regulatory, or administrative requirements, or of Federal agency policies or procedures necessary to enable the Indian tribe to efficiently implement the plan.</text>
 </subsection><subsection id="H27ADBA16BADD43DF8FB606B0F7DB260D"><enum>(c)</enum><header>Tribal waiver request</header><text display-inline="yes-display-inline">In consultation with the Secretary, a participating Indian tribe may request that the head of each affected agency waive any statutory, regulatory, or administrative requirement, policy, or procedure identified subsection (b).</text>
					</subsection><subsection id="H9E05F06008C440DD8433FCD63AF49C9D"><enum>(d)</enum><header>Waiver authority</header>
 <paragraph id="H058A0649B4F1452C955DD20CA1245137"><enum>(1)</enum><header>In general</header><text display-inline="yes-display-inline">Except as provided in paragraph (2), notwithstanding any other provision of law, the head of each affected Federal agency shall waive any applicable statutory, regulatory, or administrative requirement, regulation, policy, or procedure promulgated by the agency that has been identified by the parties under subparagraph (b).</text>
 </paragraph><paragraph id="HF0A518555447420A9DA30ECDA389CB6F"><enum>(2)</enum><header>Exception</header><text display-inline="yes-display-inline">The head of an affected Federal agency shall not grant a waiver under paragraph (1) if the head of the affected agency determines that a waiver will be inconsistent with—</text>
 <subparagraph id="H764AED7ABCE64207AA307AEDCA10C89D"><enum>(A)</enum><text display-inline="yes-display-inline">the purpose of this Act; or</text> </subparagraph><subparagraph id="H985B247524154F55B3C4AA022E80E261"><enum>(B)</enum><text display-inline="yes-display-inline">the provision of law from which the program included in the plan derives its authority that is specifically applicable to Indians.</text>
							</subparagraph></paragraph></subsection><subsection id="HE40B1A812B644AF1B74B4851F533498E"><enum>(e)</enum><header>Decision on waiver request</header>
 <paragraph id="H32D5489D0B9F4E14A1E7A2EB86CC623A"><enum>(1)</enum><header>In general</header><text display-inline="yes-display-inline">Not later than 90 days after the head of an affected agency receives a waiver request, the head of the affected agency shall decide whether to grant or deny the request.</text>
 </paragraph><paragraph id="HEED3EF60C0824BC2AFC8E028BA980BDC"><enum>(2)</enum><header>Denial of request</header><text display-inline="yes-display-inline">If the head of the affected agency denies a waiver request, not later than 30 days after the date on which the denial is made, the head of the affected agency shall provide the requesting Indian tribe and the Secretary with written notice of the denial and the reasons for the denial.</text>
 </paragraph><paragraph id="HDCBA3D84651F42C5AB1430BDABAB1165"><enum>(3)</enum><header>Failure to Act on request</header><text display-inline="yes-display-inline">If the head of an affected agency does not make a decision under paragraph (1) by the deadline identified in that paragraph, the request shall be considered to be granted.</text>
 </paragraph></subsection><subsection id="H0A6BEE2AC7E94D138105B24CDD0A4BD5"><enum>(f)</enum><header>Secretarial review</header><text display-inline="yes-display-inline">If the head of an affected agency denies a waiver request under subsection (e)(2), not later than 30 days after the date on which the request is denied, the Secretary shall review the denial and determine whether granting the waiver—</text>
 <paragraph id="H110E4FC4FB364E8DA94317C2F1A1082C"><enum>(1)</enum><text display-inline="yes-display-inline">will be inconsistent with the provisions of this Act; or</text> </paragraph><paragraph id="H0CDF1A09E187408A8E871EACC1C640DC"><enum>(2)</enum><text display-inline="yes-display-inline">will prevent the affected agency from fulfilling the obligations of the affected agency under this Act.</text>
						</paragraph></subsection><subsection id="HAAD7640D15B046F5AED25092ABB3865D"><enum>(g)</enum><header>Interagency dispute resolution</header>
 <paragraph id="HD87F0B6952C7411486A29EEDE33F86A4"><enum>(1)</enum><header>In general</header><text display-inline="yes-display-inline">Not later than 30 days after the date on which the Secretary determines that granting the waiver will not be inconsistent with the provisions of this Act and will not prevent the affected agency from fulfilling the obligations of the affected agency under this Act, the Secretary shall establish and initiate an interagency dispute resolution process involving—</text>
 <subparagraph id="H735F70F61B25424F90DC0EA9A5DB56ED"><enum>(A)</enum><text display-inline="yes-display-inline">the Secretary;</text> </subparagraph><subparagraph id="H9A2A3A9E5F8541CFAA61792A095E6E3D"><enum>(B)</enum><text display-inline="yes-display-inline">the participating Indian tribe; and</text>
 </subparagraph><subparagraph id="HC69B8F0BDE6845FAAB54F5DD6EF8857B"><enum>(C)</enum><text display-inline="yes-display-inline">the head of the affected agency.</text> </subparagraph></paragraph><paragraph id="H40BF208B5AF542738E6D868A155D0EAE"><enum>(2)</enum><header>Duration</header><text display-inline="yes-display-inline">A dispute subject to paragraph (1) shall be resolved not later than 30 days after the date on which the process is initiated.</text>
 </paragraph></subsection><subsection id="H8D2BAC3DBBC34E31B2C8BB0370B8E4CA"><enum>(h)</enum><header>Final authority</header><text display-inline="yes-display-inline">If the dispute resolution process fails to resolve the dispute between a participating Indian tribe and an affected agency, the head of the affected agency shall have the final authority to resolve the dispute.</text>
 </subsection><subsection id="H52A632FC132C4B5AB1ED4BB04F129E8E"><enum>(i)</enum><header>Final decision</header><text display-inline="yes-display-inline">Not later than 10 days after the date on which the dispute is resolved under this section, the Secretary shall provide the requesting Indian tribe with—</text>
 <paragraph id="H3D14BD28A25A42AC8C4A4D1A7E7D5A13"><enum>(1)</enum><text display-inline="yes-display-inline">the final decision on the waiver request; and</text> </paragraph><paragraph commented="no" id="H5411838E94434119A1CB4B530D9FD635"><enum>(2)</enum><text display-inline="yes-display-inline">notice of the right to file an appeal in accordance with the applicable provisions described in section 8(d).</text></paragraph></subsection></section><after-quoted-block>.</after-quoted-block></quoted-block>
 </section><section id="H815CC182277B4FF086424FF42FCB645D"><enum>9.</enum><header>Plan approval; secretarial authority; review of decision</header><text display-inline="no-display-inline">Section 8 of the Indian Employment, Training and Related Services Act of 1992 (<external-xref legal-doc="usc" parsable-cite="usc/25/3407">25 U.S.C. 3407</external-xref>), as amended by section 2 of this Act, is amended to read as follows:</text>
			<quoted-block display-inline="no-display-inline" id="HC27DBF8270EB43AAA315AA541A49AF15" style="OLC">
				<section id="HB4E868F7C78147F19129349875EA132C"><enum>8.</enum><header>Plan approval; secretarial authority; review of decision</header>
 <subsection id="H7F6595A786554E69A9C9CF7FA974E431"><enum>(a)</enum><header>In general</header><text display-inline="yes-display-inline">The Secretary shall have exclusive authority to approve or disapprove a plan submitted by an Indian tribe in accordance with section 6.</text>
					</subsection><subsection id="H1E4EE84FBA5B4190809FCBB19E7A2F6F"><enum>(b)</enum><header>Approval process</header>
 <paragraph id="HA991FC5A8B63498A9951B130234647C0"><enum>(1)</enum><header>In general</header><text display-inline="yes-display-inline">Not later than 90 days after the date on which the Secretary receives a plan, the Secretary shall, after coordinating with the Secretary of each Federal agency providing funds to be used to implement the plan, approve or deny the plan.</text>
 </paragraph><paragraph id="H9A8770699A92420E8A06C67729B1F25F"><enum>(2)</enum><header>Approval</header><text display-inline="yes-display-inline">If the Secretary approves a plan under paragraph (1), the Secretary shall authorize the transfer of program funds identified in the plan in accordance with section 13.</text>
 </paragraph><paragraph id="HE061C611D787436E817DBB7889663763"><enum>(3)</enum><header>Denial</header><text display-inline="yes-display-inline">If the Secretary denies the plan under paragraph (1), the Secretary shall provide to the Indian tribe a written notification of disapproval of the plan that contains a specific finding that clearly demonstrates, or that is supported by a controlling legal authority, that the plan does not meet the requirements described in section 6.</text>
						</paragraph><paragraph id="H13B9ED60AC34456F97DCE1E98C7F4708"><enum>(4)</enum><header>Partial Approval</header>
 <subparagraph id="HEA2AA22AF7534A01B378C4E67EB2151E"><enum>(A)</enum><header>In general</header><text>If a plan is denied under paragraph (3) solely on the basis that a request for a waiver that is part of the plan has not been approved (or is subject to dispute resolution) under section 7, the Secretary shall, upon a request from the tribe, grant partial approval for those portions of the plan not affected by the request for a waiver.</text>
 </subparagraph><subparagraph id="H53F37B60CA3D4E7A83C1BE42673941C7"><enum>(B)</enum><header>Approval after resolution</header><text>With respect to a plan described in subparagraph (A), on resolution of the request for a waiver under section 7, the Secretary shall, on a request from the tribe, approve the plan or amended plan not later than 90 days after the date on which the Secretary receives the request.</text>
 </subparagraph></paragraph><paragraph id="HDA389568DD6C4718AA81A266081131EA"><enum>(5)</enum><header>Failure to Act</header><text display-inline="yes-display-inline">If the Secretary does not make a decision under paragraph (1) within 90 days of the date on which the Secretary receives the plan, the plan shall be considered to be approved.</text>
 </paragraph></subsection><subsection id="H1979A43C1C384BE8B628FEF37DF56566"><enum>(c)</enum><header>Extension of time</header><text display-inline="yes-display-inline">Notwithstanding any other provision of law, the Secretary may extend or otherwise alter the 90-day period identified in subsection (b)(1) for not more than 90 additional days, if, before the expiration of the period, the Secretary obtains the express written consent of the Indian tribe.</text>
					</subsection><subsection id="HF63127C988774ECDBD58368648EF9813"><enum>(d)</enum><header>Review of denial</header>
 <paragraph id="HC4B0A712C7BF4B348A109F5DBC6016DF"><enum>(1)</enum><header>Procedure upon refusal to approve plan</header><text>If the Secretary denies a plan under subsection (b)(3), the Secretary shall—</text> <subparagraph id="HC71C520C40094BB7903FAD17D11FCC92"><enum>(A)</enum><text>state any objections in writing to the Indian tribe;</text>
 </subparagraph><subparagraph id="H4316D9AFC1F1435BB69651F0EE507947"><enum>(B)</enum><text>provide assistance to the Indian tribe to overcome the stated objections; and</text> </subparagraph><subparagraph id="HF9965BB0E18F4FEA83D5500AD90A48EC"><enum>(C)</enum><text>unless the Indian tribe brings a civil action under paragraph (2), provide the Indian tribe with a hearing on the record with the right to engage in full discovery relevant to any issue raised in the matter and the opportunity for appeal on the objections raised, under such rules and regulations as the Secretary may promulgate.</text>
							</subparagraph></paragraph><paragraph id="HC2ACE702D18444CCBDB40F2EF9917B34"><enum>(2)</enum><header>Civil actions</header>
 <subparagraph id="H08E57A1F25BB4A5799A92E67F8D4CDE0"><enum>(A)</enum><header>In general</header><text>The district courts of the United States shall have original jurisdiction of a civil action against the appropriate Secretary arising under this section.</text>
 </subparagraph><subparagraph id="HBA857950DA944405B2CA08F6356B2ABF"><enum>(B)</enum><header>Administrative hearing and appeal not required</header><text>An Indian tribe may bring a civil action under this paragraph without regard to whether the Indian tribe had a hearing or filed an appeal under paragraph (1).</text>
 </subparagraph><subparagraph id="H63470831CD4F4F9AA68CED5CADFFF1AC"><enum>(C)</enum><header>Relief</header><text display-inline="yes-display-inline">In an action brought under this paragraph, the court may order appropriate relief (including injunctive relief to reverse a denial of a plan under this section or to compel an officer or employee of the United States, or any agency thereof, to perform a duty provided under this Act or regulations promulgated thereunder) against any action by an officer or employee of the United States or any agency thereof contrary to this Act or regulations promulgated thereunder.</text>
 </subparagraph></paragraph><paragraph id="H6C005B7F8A9C460981EEA2847C432D42"><enum>(3)</enum><header>Final agency action</header><text>Notwithstanding any other provision of law, a decision by an official of the Department of the Interior or the Department of Health and Human Services, as appropriate (collectively referred to in this paragraph as the <quote>Department</quote>) that constitutes final agency action and that relates to an appeal within the Department that is conducted under paragraph (1)(C) shall be made—</text>
 <subparagraph id="H3E3D436C25FD4E9CA3AC99416B086C1F"><enum>(A)</enum><text>by an official of the Department who holds a position at a higher organizational level within the Department than the level of the departmental agency (such as the Indian Health Service or the Bureau of Indian Affairs) in which the decision that is the subject of the appeal was made; or</text>
 </subparagraph><subparagraph id="HDDC64EB2ADAA49A1963ACBC31DE1644B"><enum>(B)</enum><text>by an administrative law judge.</text></subparagraph></paragraph></subsection></section><after-quoted-block>.</after-quoted-block></quoted-block> </section><section id="HC2364026190A4470B92766E236DC8D99"><enum>10.</enum><header>Employer training placements</header><text display-inline="no-display-inline">Section 10 of the Indian Employment, Training and Related Services Act of 1992 (<external-xref legal-doc="usc" parsable-cite="usc/25/3409">25 U.S.C. 3409</external-xref>), as amended by section 2 of this Act, is amended to read as follows:</text>
			<quoted-block display-inline="no-display-inline" id="HED9219594F06443BADEC26C70FF0AB16" style="OLC">
				<section id="H0EB070D67AE14E3AA0EA1466E359F8E4"><enum>10.</enum><header>Employer training placements</header>
 <subsection id="H92BEF873DA2444B28200F14A9242395C"><enum>(a)</enum><header>In general</header><text display-inline="yes-display-inline">Subject to subsection (b), an Indian tribe that has in place an approved plan under this Act may use the funds made available for the plan under this Act—</text>
 <paragraph id="H3022B90D55E64988BE88A6D743D0B9DB"><enum>(1)</enum><text display-inline="yes-display-inline">to place participants in training positions with employers; and</text> </paragraph><paragraph id="HA2079B03EAFE4D31A710DBD0CDE0AD9C"><enum>(2)</enum><text display-inline="yes-display-inline">to pay the participants a training allowance or wage for a training period of not more than 24 months, which may be nonconsecutive.</text>
 </paragraph></subsection><subsection id="HA12DF6551ABA45019E18DA017F698576"><enum>(b)</enum><header>Requirements</header><text display-inline="yes-display-inline">An Indian tribe may carry out subsection (a) only if the Indian tribe enters into a written agreement with each applicable employer under which the employer shall agree—</text>
 <paragraph id="HA96E14C5F80542908B31838FE8F25F20"><enum>(1)</enum><text display-inline="yes-display-inline">to provide on-the-job training to the participants; and</text> </paragraph><paragraph id="H2C61347D212244BBB229FE39A209EC4A"><enum>(2)</enum><text display-inline="yes-display-inline">on satisfactory completion of the training period described in subsection (a)(2), to prioritize the provision of permanent employment to the participants.</text></paragraph></subsection></section><after-quoted-block>.</after-quoted-block></quoted-block>
 </section><section id="HBDA0278076FF480DAAD257FBE4762E3B"><enum>11.</enum><header>Federal responsibilities</header><text display-inline="no-display-inline">Section 11 of the Indian Employment, Training and Related Services Act of 1992 (<external-xref legal-doc="usc" parsable-cite="usc/25/3410">25 U.S.C. 3410</external-xref>), as amended by section 2 of this Act, is amended to read as follows:</text>
			<quoted-block display-inline="no-display-inline" id="HD957CDB495BA4B2A993B7D41D9A8B2DA" style="OLC">
				<section id="H2628BEE8F6E44158AF68EE709B33995D"><enum>11.</enum><header>Federal responsibilities</header>
					<subsection id="H4736060F3E9A42118E075F6AA054810D"><enum>(a)</enum><header>Lead agency</header>
 <paragraph id="HA4CCB12E63B547EB83B2B838A5FE89CF"><enum>(1)</enum><header>In general</header><text display-inline="yes-display-inline">Notwithstanding any other provision of law, the lead agency responsible for implementation of this Act shall be the Bureau of Indian Affairs.</text>
 </paragraph><paragraph id="H175667380DDD436C9E5FC7640041CB87"><enum>(2)</enum><header>Inclusions</header><text display-inline="yes-display-inline">The responsibilities of the Director of the Bureau of Indian Affairs in carrying out this Act shall include—</text>
 <subparagraph id="H2BCE743F0F164A598987B134EFBBBCB7"><enum>(A)</enum><text display-inline="yes-display-inline">in coordination with the head of each Federal agency overseeing a program identified in the plan, the development of a single model report for each Indian tribe that has in place an approved plan under this Act to submit to the Director reports on any consolidated activities undertaken and joint expenditures made under the plan;</text>
 </subparagraph><subparagraph id="HA08EFDC92C834F7589E2CA9C6FE26F64"><enum>(B)</enum><text display-inline="yes-display-inline">the provision, directly or through contract, of appropriate voluntary and technical assistance to participating Indian tribes;</text>
 </subparagraph><subparagraph id="H49C8A31119C94BBA8CFB464370676174"><enum>(C)</enum><text display-inline="yes-display-inline">the development and use of a single monitoring and oversight system for plans approved under this Act;</text>
 </subparagraph><subparagraph id="H4505ED7ED9154662944655DE6AE34C2F"><enum>(D)</enum><clause commented="no" display-inline="yes-display-inline" id="H4490AC78EB3842D8B426A6D1D0479D2B"><enum>(i)</enum><text display-inline="yes-display-inline">the receipt of all funds covered by a plan approved under this Act; and</text> </clause><clause id="H7F6C5508B59849238279DEEC47E2924F" indent="up1"><enum>(ii)</enum><text display-inline="yes-display-inline">the distribution of the funds to the respective Indian tribes by not later than 45 days after the date of receipt of the funds from the appropriate Federal department or agency; and</text>
 </clause></subparagraph><subparagraph id="H9A53CF4B6219458F9108AF0229173EB6"><enum>(E)</enum><clause commented="no" display-inline="yes-display-inline" id="HDCA27D6CBCC94F22BA43367354B9454B"><enum>(i)</enum><text display-inline="yes-display-inline">the performance of activities described in section 7 relating to agency waivers; and</text> </clause><clause id="H9892D5D7AE774F699AE3A505554DDF18" indent="up1"><enum>(ii)</enum><text display-inline="yes-display-inline">the establishment of an interagency dispute resolution process.</text>
								</clause></subparagraph></paragraph><paragraph id="HDCFB0E9F093C4E3DA1744B2F4E9C75A5"><enum>(3)</enum><header>Memorandum of agreement</header>
 <subparagraph id="H581E4B7EBC604E47A8B4144C52A5D98F"><enum>(A)</enum><header>In general</header><text display-inline="yes-display-inline">Not later than 1 year after the date of enactment of the <short-title>Indian Employment, Training and Related Services Consolidation Act of 2017</short-title>, the Secretary (acting through the Director of the Bureau of Indian Affairs), in conjunction with the Secretaries of Agriculture, Commerce, Education, Energy, Health and Human Services, Homeland Security, Housing and Urban Development, Labor, Transportation, and Veterans Affairs and the Attorney General, shall enter into an interdepartmental memorandum of agreement providing for the implementation of this Act.</text>
 </subparagraph><subparagraph id="HE008A68E3E7A4099970B1BFCAD1BC662"><enum>(B)</enum><header>Inclusions</header><text display-inline="yes-display-inline">The memorandum of agreement under subparagraph (A) shall include provisions relating to—</text> <clause id="H55CBCBDBCEBD430AAD767F6C24A0016B"><enum>(i)</enum><text display-inline="yes-display-inline">an annual meeting of participating Indian tribes and Federal departments and agencies, to be co-chaired by—</text>
 <subclause id="HA42BAA8D99064ECD880178F12367C5C1"><enum>(I)</enum><text display-inline="yes-display-inline">a representative of the President; and</text> </subclause><subclause id="H9ECA2A74D1BB4FFFB70BB27BE869FC7F"><enum>(II)</enum><text display-inline="yes-display-inline">a representative of the participating Indian tribes;</text>
 </subclause></clause><clause id="H1B4A326BC0F743919C18068EFFB73F80"><enum>(ii)</enum><text display-inline="yes-display-inline">an annual review of the achievements under this Act, including the number and percentage of program participants in unsubsidized employment during the second quarter after exit from the program, and any statutory, regulatory, administrative, or policy obstacles that prevent participating Indian tribes from fully and efficiently carrying out the purposes of this Act; and</text>
 </clause><clause id="HA81B435477224C38AA9C1B66C4EA54E7"><enum>(iii)</enum><text display-inline="yes-display-inline">a forum comprised of participating Indian tribes and Federal departments and agencies to identify and resolve interagency conflicts and conflicts between the Federal Government and Indian tribes in the administration of this Act.</text>
								</clause></subparagraph></paragraph></subsection><subsection id="H0AE61C7313B446C9A491ED74E8465AAD"><enum>(b)</enum><header>Report format</header>
 <paragraph id="HEED71808EBA74D719DA8A67BBECA7169"><enum>(1)</enum><header>In general</header><text display-inline="yes-display-inline">The lead agency shall develop and distribute to Indian tribes that have in place an approved plan under this Act a single report format, in accordance with the requirements of this Act.</text>
 </paragraph><paragraph id="H4B0C36DECE254A759E02F51E63DD07B3"><enum>(2)</enum><header>Requirements</header><text display-inline="yes-display-inline">The lead agency shall ensure that the report format developed under paragraph (1), together with records maintained by each participating Indian tribe, contains information sufficient—</text>
 <subparagraph id="H90449D5F2FDE4385B21E09DEE6A574E4"><enum>(A)</enum><text display-inline="yes-display-inline">to determine whether the Indian tribe has complied with the requirements of the approved plan of the Indian tribe;</text>
 </subparagraph><subparagraph id="HC56F1B38998848308D88590282309984"><enum>(B)</enum><text>to determine the number and percentage of program participants in unsubsidized employment during the second quarter after exit from the program; and</text>
 </subparagraph><subparagraph id="HD4F70DB3A30D4296AAF635B4CFD74BD4"><enum>(C)</enum><text display-inline="yes-display-inline">to provide assurances to the head of each applicable Federal department or agency that the Indian tribe has complied with all directly applicable statutory and regulatory requirements not waived under section 7.</text>
 </subparagraph></paragraph><paragraph id="H38955C178DB44965B2216F0B413E3850"><enum>(3)</enum><header>Limitation</header><text display-inline="yes-display-inline">The report format developed under paragraph (1) shall not require a participating Indian tribe to report on the expenditure of funds expressed by fund source or single agency code transferred to the Indian tribe under an approved plan under this Act but instead shall require the Indian tribe to submit a single report on the expenditure of consolidated funds under such plan.</text></paragraph></subsection></section><after-quoted-block>.</after-quoted-block></quoted-block>
 </section><section id="HBDE754B088DF4CDEB1508A1D8FD7A1E9"><enum>12.</enum><header>No reduction in amounts</header><text display-inline="no-display-inline">Section 12 of the Indian Employment, Training and Related Services Act of 1992 (<external-xref legal-doc="usc" parsable-cite="usc/25/3411">25 U.S.C. 3411</external-xref>), as amended by section 2 of this Act, is amended to read as follows:</text>
			<quoted-block display-inline="no-display-inline" id="H07491C4604E94ACCBEB84F7300CB830A" style="OLC">
				<section id="HAAF885A2319F4472A33D5F62EC35074D"><enum>12.</enum><header>No reduction in amounts</header>
 <subsection id="H40E26F97473C49CBA90CECAAECCC17A0"><enum>(a)</enum><header>In general</header><text display-inline="yes-display-inline">In no case shall the amount of Federal funds available to an Indian tribe that has in place an approved plan under this Act be reduced as a result of—</text>
 <paragraph id="HD956631C63884095A307E779EDC54203"><enum>(1)</enum><text>the enactment of this Act; or</text> </paragraph><paragraph id="H395D0C310D5C436CB605E4301EBEF52F"><enum>(2)</enum><text>the approval or implementation of a plan of an Indian tribe under this Act.</text>
 </paragraph></subsection><subsection id="H54E298908F444CAE8DF2878B958B990E"><enum>(b)</enum><header>Interaction with other laws</header><text>The inclusion of a program in a tribal plan under this Act shall not—</text> <paragraph id="H646BF992DD08483DB52CF9A9F726A43C"><enum>(1)</enum><text>modify, limit, or otherwise affect the eligibility of the program for contracting under the Indian Self-Determination and Education Assistance Act (<external-xref legal-doc="usc" parsable-cite="usc/25/5304">25 U.S.C. 5304</external-xref> et seq.); or</text>
 </paragraph><paragraph id="H346F57110C5D48B38915BB2778F56D92"><enum>(2)</enum><text>eliminate the applicability of any provision of the Indian Self-Determination and Education Assistance Act (<external-xref legal-doc="usc" parsable-cite="usc/25/5304">25 U.S.C. 5304</external-xref> et seq.), as the provision relates to a specific program eligible for contracting under that Act.</text></paragraph></subsection></section><after-quoted-block>.</after-quoted-block></quoted-block>
 </section><section id="H3E96A562F02148F3B9C3EF8FBC3956D8"><enum>13.</enum><header>Transfer of funds</header><text display-inline="no-display-inline">Section 13 of the Indian Employment, Training and Related Services Act of 1992 (<external-xref legal-doc="usc" parsable-cite="usc/25/3412">25 U.S.C. 3412</external-xref>), as amended by section 2 of this Act, is amended to read as follows:</text>
			<quoted-block display-inline="no-display-inline" id="H8A9B69E68DCE4A1B8ABC847600DF240A" style="OLC">
				<section id="H49AFF87BD6724F2AB169F4040661FEA2"><enum>13.</enum><header>Transfer of funds</header>
 <subsection id="HB5A8FF8329E9447FA94D408162F8FD78"><enum>(a)</enum><header>In general</header><text display-inline="yes-display-inline">Notwithstanding any other provision of law, not later than 30 days after the date of apportionment to the applicable Federal department or agency, the head of a Federal agency overseeing a program identified in a plan approved under this Act shall transfer to the Director of the Bureau of Indian Affairs for distribution to an Indian tribe any funds identified in the approved plan of the Indian tribe.</text>
 </subsection><subsection id="HEFB589801E4B4F90BEC97A48AA7D3DED"><enum>(b)</enum><header>Transfer of funds</header><text display-inline="yes-display-inline">Notwithstanding any other provision of law, at the request of the Indian tribe, all program funds transferred to an Indian tribe in accordance with the approved plan of the Indian tribe shall be transferred to the Indian tribe pursuant to an existing contract, compact, or funding agreement awarded pursuant to title I or IV of the Indian Self-Determination and Education Assistance Act (<external-xref legal-doc="usc" parsable-cite="usc/25/5304">25 U.S.C. 5304</external-xref> et seq.).</text></subsection></section><after-quoted-block>. </after-quoted-block></quoted-block>
 </section><section id="H7208F34710E14FD1B38600B6B4A331AD"><enum>14.</enum><header>Administration of funds</header><text display-inline="no-display-inline">Section 14 of the Indian Employment, Training and Related Services Act of 1992 (<external-xref legal-doc="usc" parsable-cite="usc/25/3413">25 U.S.C. 3413</external-xref>), as amended by section 2 of this Act, is amended—</text>
 <paragraph id="H07D01B2E30F946B2A2C4BEBC7724D018"><enum>(1)</enum><text>by redesignating subsection (b) as subsection (d);</text> </paragraph><paragraph id="H57FA9DD036EE4ED2BF226099F126F4D2"><enum>(2)</enum><text>by striking the section designation and heading and all that follows through subsection (a) and inserting the following:</text>
				<quoted-block display-inline="no-display-inline" id="HBEC8B61CF35E4CE8B08F7B144F319717" style="OLC">
					<section id="H3845B9924FFA49C1A7AF209EB478EEE5" section-type="subsequent-section"><enum>14.</enum><header>Administration of funds</header>
						<subsection id="H6820FA7942BB4E6183254F156228D8E0"><enum>(a)</enum><header>Requirements</header>
							<paragraph id="H3C5E3FC673124457B5701E82DA0B6707"><enum>(1)</enum><header>In general</header>
 <subparagraph id="H8AEACAD9DBAE4165AE2BF744DB7780E9"><enum>(A)</enum><header>Consolidation and reallocation of funds</header><text>Notwithstanding any other provision of law, all amounts transferred to a tribe pursuant to an approved plan may be consolidated, reallocated, and rebudgeted as specified in the approved plan to best meet the employment, training, and related needs of the local community served by the Indian tribe.</text>
 </subparagraph><subparagraph id="HCB19F24D699341B9934B00958CC9334F"><enum>(B)</enum><header>Authorized use of funds</header><text>The amounts used to carry out a plan approved under this Act shall be administered in such manner as the Secretary determines to be appropriate to ensure the amounts are spent on activities authorized under the approved plan.</text>
 </subparagraph><subparagraph id="H5F534C01F9D74794944D0D99109E44C2"><enum>(C)</enum><header>Effect</header><text>Nothing in this section interferes with the ability of the Secretary or the lead agency to use accounting procedures that conform to generally accepted accounting principles, auditing procedures, and safeguarding of funds that conform to <external-xref legal-doc="usc-chapter" parsable-cite="usc-chapter/31/75">chapter 75</external-xref> of title 31, United States Code (commonly known as the <quote>Single Audit Act of 1984</quote>).</text>
 </subparagraph></paragraph><paragraph id="H6E2DC8CF75744F938239890FA71E4C4E"><enum>(2)</enum><header>Separate records and audits not required</header><text>Notwithstanding any other provision of law (including regulations and circulars of any agency (including Office of Management and Budget Circular A–133)), an Indian tribe that has in place an approved plan under this Act shall not be required—</text>
 <subparagraph id="H9AEE60CC756E4FB6B1F29C4298D8515A"><enum>(A)</enum><text>to maintain separate records that trace any service or activity conducted under the approved plan to the program for which the funds were initially authorized or transferred;</text>
 </subparagraph><subparagraph id="H13A778FD517F4EC9867040D4EFBBE0F3"><enum>(B)</enum><text>to allocate expenditures among such a program; or</text> </subparagraph><subparagraph id="H0C23CF4F121C4B329F59C1485C3B8F75"><enum>(C)</enum><text>to audit expenditures by the original source of the program.</text>
								</subparagraph></paragraph></subsection><subsection id="HE1E06390924B4B0392ED080745CC2964"><enum>(b)</enum><header>Carryover</header>
 <paragraph id="HE5C494FE2D7B405B9B3B20E0963DE7D6"><enum>(1)</enum><header>In general</header><text>Any funds transferred to an Indian tribe under this Act that are not obligated or expended prior to the beginning of the fiscal year after the fiscal year for which the funds were appropriated shall remain available for obligation or expenditure without fiscal year limitation, subject to the condition that the funds shall be obligated or expended in accordance with the approved plan of the Indian tribe.</text>
 </paragraph><paragraph id="H21A20B077C754C17940FAB403C9441D4"><enum>(2)</enum><header>No additional documentation</header><text>The Indian tribe shall not be required to provide any additional justification or documentation of the purposes of the approved plan as a condition of receiving or expending the funds.</text>
 </paragraph></subsection><subsection id="HA2E05CC41705476EBB9A3F63B532D6F1"><enum>(c)</enum><header>Indirect costs</header><text display-inline="yes-display-inline">Notwithstanding any other provision of law, an Indian tribe shall be entitled to recover 100 percent of any indirect costs incurred by the Indian tribe as a result of the transfer of funds to the Indian tribe under this Act.</text></subsection></section><after-quoted-block>; and </after-quoted-block></quoted-block>
 </paragraph><paragraph id="HC4B34B8755374694A9459092AA6533AE"><enum>(3)</enum><text>in subsection (d) (as redesignated by paragraph (1))—</text> <subparagraph id="HDF7DD6443B7D4C9AA9F772D92519D535"><enum>(A)</enum><text>by striking <quote>All administrative</quote> and inserting the following:</text>
					<quoted-block display-inline="no-display-inline" id="H6A9D85A7BF304BF0B4F7572E3B9DAF31" style="OLC">
 <paragraph id="H9BB2C15F47A64188B77096C43D77809B"><enum>(1)</enum><header>In general</header><text>All administrative</text></paragraph><after-quoted-block>; and </after-quoted-block></quoted-block> </subparagraph><subparagraph id="H3D4BDF741F8D4FEFB199453DC3894FC7"><enum>(B)</enum><text>by striking <quote>regulations)</quote> and all that follows through the end of the subsection and inserting the following:</text>
					<quoted-block display-inline="yes-display-inline" id="HD39F24AB239D4A7E8F2C9FE15A785ED4" style="OLC">
 <text>regulations).</text><paragraph id="H2ED9453AAA5F4D70BA2079AFE23EA696"><enum>(2)</enum><header>Treatment</header><text>The amount equal to the difference between the amount of the commingled funds and the actual administrative cost of the programs, as described in paragraph (1), shall be considered to be properly spent for Federal audit purposes if the amount is used to achieve the purposes of this Act.</text>
 </paragraph><subsection id="H70FD0ADB8F2C46BBA2E67CDCA89AE5D4"><enum>(e)</enum><header>Matching Funds</header><text display-inline="yes-display-inline">Notwithstanding any other provision of law, any funds transferred to an Indian tribe under this Act shall be treated as non-Federal funds for purposes of meeting matching requirements under any other Federal law, except those administered by the Department of Labor or the Department of Health and Human Services.</text>
 </subsection><subsection id="H6C5177148B964C719B2A332399BCE37E"><enum>(f)</enum><header>Claims</header><text display-inline="yes-display-inline">The following provisions of law shall apply to plans approved under this Act:</text> <paragraph id="HF85446414B5B40148E66A752A5550E34"><enum>(1)</enum><text display-inline="yes-display-inline">Section 314 of the Department of the Interior and Related Agencies Appropriations Act, 1991 (<external-xref legal-doc="public-law" parsable-cite="pl/101/512">Public Law 101–512</external-xref>; 104 Stat. 1959).</text>
 </paragraph><paragraph id="HF87579D246FE4E928FB57FAD924A8BFB"><enum>(2)</enum><text display-inline="yes-display-inline"><external-xref legal-doc="usc-chapter" parsable-cite="usc-chapter/28/171">Chapter 171</external-xref> of title 28 (commonly known as the <quote>Federal Tort Claims Act</quote>).</text> </paragraph></subsection><subsection id="H3E9CA99895134E809730EF01289FFB2C"><enum>(g)</enum><header>Interest or other income</header> <paragraph id="HC53F42DA222D46AFBC14029CD35CB20E"><enum>(1)</enum><header>In general</header><text display-inline="yes-display-inline">An Indian tribe shall be entitled to retain interest earned on any funds transferred to the tribe under an approved plan and such interest shall not diminish the amount of funds the Indian tribe is authorized to receive under the plan in the year the interest is earned or in any subsequent fiscal year.</text>
 </paragraph><paragraph id="H1FECF4F3D74247628EB3A50D25BFF099"><enum>(2)</enum><header>Prudent investment</header><text display-inline="yes-display-inline">Funds transferred under a plan shall be managed in accordance with the prudent investment standard.</text></paragraph></subsection><after-quoted-block>.</after-quoted-block></quoted-block> </subparagraph></paragraph></section><section id="H89330F49552142CCAFFB952186FF7C9A"><enum>15.</enum><header>Labor market information on Indian work force</header><text display-inline="no-display-inline">Section 17(a) of the Indian Employment, Training and Related Services Act of 1992 (<external-xref legal-doc="usc" parsable-cite="usc/25/3416">25 U.S.C. 3416(a)</external-xref>), as amended by section 2 of this Act, is amended in the first sentence—</text>
 <paragraph id="HF2825767742E4223B5C79F663388E91A"><enum>(1)</enum><text>by striking <quote>The Secretary</quote> and all that follows through <quote>manner,</quote> and inserting <quote>The Secretary of Labor, in consultation with the Secretary, Indian tribes, and the Director of the Bureau of the Census, shall</quote>; and</text>
 </paragraph><paragraph id="HF531A6BF9B404B75865ADD02758B3996"><enum>(2)</enum><text>by striking <quote>, by gender,</quote>.</text> </paragraph></section><section id="H24EA80025F6C4CE18A52C9CB08241095"><enum>16.</enum><header>Repeals; conforming amendments</header> <subsection id="H7F89D067845D4B4FA60EB2BB5400D6AB"><enum>(a)</enum><header>Repeals</header><text display-inline="yes-display-inline">Sections 15 and 16 of the Indian Employment, Training and Related Services Act of 1992 (<external-xref legal-doc="usc" parsable-cite="usc/25/3414">25 U.S.C. 3414</external-xref>, 3415), as amended by section 2 of this Act, are repealed.</text>
 </subsection><subsection id="H0DF20802D7604B0D8672BCB840E1D865"><enum>(b)</enum><header>Conforming amendments</header><text>Sections 17 and 18 of the Indian Employment, Training and Related Services Act of 1992 (<external-xref legal-doc="usc" parsable-cite="usc/25/3416">25 U.S.C. 3416</external-xref>, 3417) (as amended by this Act) are redesignated as sections 15 and 16, respectively.</text>
 </subsection></section><section id="H256073FB74DE401C94674BA6645A6ED9"><enum>17.</enum><header>Effect of Act</header><text display-inline="no-display-inline">Nothing in this Act or any amendment made by this Act—</text> <paragraph id="H5526BE6CBA2348A9BAF48DDE8D3FF9BB"><enum>(1)</enum><text>affects any plan approved under the Indian Employment, Training and Related Services Act of 1992 (<external-xref legal-doc="usc" parsable-cite="usc/25/3401">25 U.S.C. 3401</external-xref> et seq.), as amended by section 2 of this Act, before the date of enactment of this Act;</text>
 </paragraph><paragraph id="H32EA69AE8F964804944C289B0ED6C99E"><enum>(2)</enum><text>requires any Indian tribe or tribal organization to resubmit a plan described in paragraph (1); or</text> </paragraph><paragraph id="H056CBCFC34464BBBA6A6FE814F63D933"><enum>(3)</enum><text>modifies the effective period of any plan described in paragraph (1).</text></paragraph></section></legis-body><endorsement><action-date>April 6 (legislative day, April 4), 2017</action-date><action-desc>Reported without amendment</action-desc></endorsement></bill>


