<?xml version="1.0"?>
<?xml-stylesheet type="text/xsl" href="billres.xsl"?>
<!DOCTYPE bill PUBLIC "-//US Congress//DTDs/bill.dtd//EN" "bill.dtd">
<bill bill-stage="Introduced-in-Senate" dms-id="A1" public-private="public"><metadata xmlns:dc="http://purl.org/dc/elements/1.1/">
<dublinCore>
<dc:title>115 S648 IS: Computer Science Career Education Act of 2017</dc:title>
<dc:publisher>U.S. Senate</dc:publisher>
<dc:date>2017-03-15</dc:date>
<dc:format>text/xml</dc:format>
<dc:language>EN</dc:language>
<dc:rights>Pursuant to Title 17 Section 105 of the United States Code, this file is not subject to copyright protection and is in the public domain.</dc:rights>
</dublinCore>
</metadata>
<form>
<distribution-code display="yes">II</distribution-code><congress>115th CONGRESS</congress><session>1st Session</session><legis-num>S. 648</legis-num><current-chamber>IN THE SENATE OF THE UNITED STATES</current-chamber><action><action-date date="20170315">March 15, 2017</action-date><action-desc><sponsor name-id="S331">Mrs. Gillibrand</sponsor> (for herself and <cosponsor name-id="S318">Mr. Wicker</cosponsor>) introduced the following bill; which was read twice and referred to the <committee-name committee-id="SSHR00">Committee on Health, Education, Labor, and Pensions</committee-name></action-desc></action><legis-type>A BILL</legis-type><official-title>To establish a grant program to promote the development of career education programs in computer
			 science in secondary and postsecondary education. </official-title></form>
	<legis-body display-enacting-clause="yes-display-enacting-clause">
 <section id="S1" section-type="section-one"><enum>1.</enum><header>Short title</header><text display-inline="no-display-inline">This Act may be cited as the <quote><short-title>Computer Science Career Education Act of 2017</short-title></quote>.</text>
 </section><section id="id9E04E21CD1754A8F9849BEE464BDE90F"><enum>2.</enum><header>Definitions</header><text display-inline="no-display-inline">In this Act:</text> <paragraph id="idEABC5E33D7874CB58EB48721FB6FCA06"><enum>(1)</enum><header>Eligible partnership</header><text>The term <term>eligible partnership</term> means a consortium between or among at least 1 local educational agency, at least 1 institution of higher education, and representatives of the community, including nonprofit organizations, local or regional employers (including State agencies) with a documented workforce need in the computer science sector, workforce investment boards or other entities providing employment services, regional economic development organizations, industry associations, representatives of labor organizations, or central labor coalitions, where appropriate, and parents and students.</text>
 </paragraph><paragraph id="id1F897920B2DC4725BC0DBEBB50985A62"><enum>(2)</enum><header>Institution of higher education</header><text>The term <term>institution of higher education</term> means—</text> <subparagraph id="id868898DF35574C59B2BC5FE778A56E85"><enum>(A)</enum><text>an institution of higher education as defined in section 101 of the Higher Education Act of 1965 (<external-xref legal-doc="usc" parsable-cite="usc/20/1001">20 U.S.C. 1001</external-xref>); or</text>
 </subparagraph><subparagraph id="id61591EDB8AAF4638A6C5A015C4923F97"><enum>(B)</enum><text>a postsecondary vocational institution as defined in section 102(c) of the Higher Education Act of 1965 (<external-xref legal-doc="usc" parsable-cite="usc/20/1002">20 U.S.C. 1002(c)</external-xref>).</text>
 </subparagraph></paragraph><paragraph id="id8662E0141A7E4D9186819A914A457CCE"><enum>(3)</enum><header>Local educational agency</header><text>The term <term>local educational agency</term> has the meaning given the term in section 8101 of the Elementary and Secondary Education Act of 1965 (<external-xref legal-doc="usc" parsable-cite="usc/20/7801">20 U.S.C. 7801</external-xref>).</text>
 </paragraph><paragraph id="id09A3F067214E444394B81C82015888D1"><enum>(4)</enum><header>Secretary</header><text>The term <term>Secretary</term> means the Secretary of Education.</text> </paragraph><paragraph id="id2986A8DB3A0E47CE85EE8C1126FA892E"><enum>(5)</enum><header>State educational agency</header><text>The term <term>State educational agency</term> has the meaning given the term in section 8101 of the Elementary and Secondary Education Act of 1965 (<external-xref legal-doc="usc" parsable-cite="usc/20/7801">20 U.S.C. 7801</external-xref>).</text>
			</paragraph></section><section id="idB58EEADC935B4880AF108A3F4CEAF81C" section-type="subsequent-section"><enum>3.</enum><header>Establishment of grant program</header>
 <subsection id="id587CC41999934EC39668E0D09C663F3E"><enum>(a)</enum><header>In general</header><text display-inline="yes-display-inline">From the amounts appropriated to carry out this section, the Secretary shall award grants, on a competitive basis, to eligible partnerships to enable such partnerships to develop and operate a 4- or 6-year computer science career education program.</text>
			</subsection><subsection id="idB316D9C74CD24718B7EC98531D300A45"><enum>(b)</enum><header>Application</header>
 <paragraph id="idBA1E06CDD46E4D999BE0D4BF3C3A568C"><enum>(1)</enum><header>In general</header><text>Each eligible partnership that desires to receive a grant under this Act shall submit an application to the Secretary at such time, in such manner, and containing such information as the Secretary may require.</text>
 </paragraph><paragraph id="idCCB9712C501145F48D8FACA5CE77851B"><enum>(2)</enum><header>Contents</header><text>Each application submitted under paragraph (1) shall—</text> <subparagraph id="id2BC16E76015C499DBFAD2F5488C86BC2"><enum>(A)</enum><text>describe the eligible partners and partnership, the roles and responsibilities of each partner, and a demonstration of each partner’s ability to support the proposed program;</text>
 </subparagraph><subparagraph id="id6ACC52FD4FF84353810752973BD2D60F"><enum>(B)</enum><text>describe how the eligible partnership will implement a computer science career education program, as described in subsection (c);</text>
 </subparagraph><subparagraph id="idb715bce344ad49deb5f0f72ba871ffde"><enum>(C)</enum><text>ensure funding under the grant program is spent in a coordinated manner with other local resources;</text>
 </subparagraph><subparagraph id="idba8f8ae6432d40beb11c47a406360bb9"><enum>(D)</enum><text>describe the State or local workforce shortages, as determined by the relevant State agency in charge of workforce data, in the computer science sector;</text>
 </subparagraph><subparagraph id="id9170e5f4501f4b2da788722f3fcf8ac5"><enum>(E)</enum><text>make information, including career guidance and advisement resources, available about the program;</text> </subparagraph><subparagraph id="idf291f5663c194ad088d921992a775aba"><enum>(F)</enum><text>ensure nonduplication of the partnership's development of computer science career education programs;</text>
 </subparagraph><subparagraph id="id4428e6e34bb34a44b3f62211c9a278f1"><enum>(G)</enum><text>ensure equitable access to the program; and</text> </subparagraph><subparagraph commented="no" display-inline="no-display-inline" id="id255ba42007d94e9799ea980085f8dd5a"><enum>(H)</enum><text>demonstrate alignment of the partnership's computer science career education program to the State, regional, or local computer science sector.</text>
 </subparagraph></paragraph></subsection><subsection id="id828845de6db0487fa26952324bc1cddd"><enum>(c)</enum><header>Content of computer science career education program</header><text>An eligible partnership that receives a grant under this Act shall use the grant funds to develop and operate a 4- or 6-year computer science career education program that—</text>
 <paragraph id="id4d4e998e8b0f43d396c33d962b1cef9c"><enum>(1)</enum><text>includes the development of a computer science program for both secondary education and postsecondary education that—</text>
 <subparagraph id="id755446721cd744d6b6b1dab2e31c2bd4"><enum>(A)</enum><text>is aligned with rigorous computer science standards for kindergarten through grade 12 computer science education;</text>
 </subparagraph><subparagraph id="id3efd7972e785486a9295c67ff7d9ae17"><enum>(B)</enum><text>links secondary schools and institutions of higher education through nonduplicative sequences of courses in computer science career fields, including the investigation of opportunities for secondary students to earn postsecondary credit while enrolled in secondary school, such as through credit transfer agreements including dual enrollment;</text>
 </subparagraph><subparagraph id="id020150f17bb04a53a41e5d59c7483ac8"><enum>(C)</enum><text>uses, if appropriate and available, experiential or work-based learning in collaboration with local or regional employers;</text>
 </subparagraph><subparagraph id="id70056901181d445cb57778f627b05b69"><enum>(D)</enum><text>uses educational technology and distance learning, as appropriate, to involve all of the partners in the eligible partnership more fully in the development and operation of the program;</text>
 </subparagraph><subparagraph id="id2c0e05b769334db1b75ff877f14ee7e5"><enum>(E)</enum><text>aligns with the skill needs of industries in the State or region; and</text> </subparagraph><subparagraph id="id3976bc14f414470b97bb75fe9ff4d7ae"><enum>(F)</enum><text>creates innovative opportunities for students that lead to student attainment of industry-recognized credentials;</text>
 </subparagraph></paragraph><paragraph id="id2bb0e0b5a2454bb28e1345dd0209046f"><enum>(2)</enum><text>includes professional development for teachers that—</text> <subparagraph id="id3cafcf7a35454599a879fcf46ae2c35d"><enum>(A)</enum><text>is designed to prepare teachers to teach the fundamental concepts of computer science using effective teaching methods for all students;</text>
 </subparagraph><subparagraph id="idc00619c225414e82afa87ad042e20847"><enum>(B)</enum><text>provides for joint training for teachers in the eligible partnership, including between secondary and postsecondary teachers and core academic teachers and career and technical education teachers at both the secondary level and postsecondary level;</text>
 </subparagraph><subparagraph id="id1c6c59a59bb94d9fa385a9d8f5dd2720"><enum>(C)</enum><text>is designed to ensure that teachers and administrators are aware of current career pathways and the needs and expectations of business and industry;</text>
 </subparagraph><subparagraph id="idff4d2a57be2c45f79dbcf9a9e422e46c"><enum>(D)</enum><text>focuses on training postsecondary and secondary education faculty in the use of contextual and applied curricula and instruction; and</text>
 </subparagraph><subparagraph id="id583a8beb47ae4ce2b041aa7745c9ba2c"><enum>(E)</enum><text>if needed, ensures secondary school teachers are qualified to teach postsecondary courses in the secondary school according to articulation agreements;</text>
 </subparagraph></paragraph><paragraph id="id2ff72951997b4bc09baa764d4a4e4dfd"><enum>(3)</enum><text>includes career and academic counseling for the students that—</text> <subparagraph id="id350411ed070241c0b03b291db2d58bb8"><enum>(A)</enum><text>provides information to students regarding available computer science career education programs;</text>
 </subparagraph><subparagraph id="idb50481b757a3451b9b66b6aca81ad00d"><enum>(B)</enum><text>supports student progress in completing computer science career education programs;</text> </subparagraph><subparagraph id="id91ccea9e9f854715b46f97af902e9e26"><enum>(C)</enum><text>provides labor market information on local, State, regional, and national computer science employment opportunities, such as occupation demand, education requirements, and expected compensation; and</text>
 </subparagraph><subparagraph id="idd49cc7ea1a38431c9e9c9f65473162f2"><enum>(D)</enum><text>tracks student placement in appropriate employment, or transfer to an institution of higher education; and</text>
 </subparagraph></paragraph><paragraph id="id90bcdde7270e41b3a6ffb0afbbc2f0cc"><enum>(4)</enum><text>provides equal access to the full range of career education programs, to individuals who are members of underrepresented groups and special populations, including the development of program services appropriate to the needs of special populations.</text>
 </paragraph></subsection><subsection id="idbb975ea3fdc8444abe42b0611766bb9e"><enum>(d)</enum><header>Additional authorized activities</header><text>An eligible partnership that receives a grant under this Act may use the grant funds to—</text> <paragraph id="id1e39ef7ef3ae46f7803aaf29891fd0e1"><enum>(1)</enum><text>provide for the acquisition of computer equipment, software, and software licenses to directly develop and support a computer science program;</text>
 </paragraph><paragraph id="idde42e7c23f9149869e527d96bd020a15"><enum>(2)</enum><text>acquire technical assistance from State or local entities that have designed, established, and operated career education programs that have effectively used educational technology and distance learning in the delivery of curricula and services and in the articulation process; and</text>
 </paragraph><paragraph id="id09882eb1a490429f84463acc3969246e"><enum>(3)</enum><text>establish articulation agreements with institutions of higher education, and cooperative agreements with labor organizations, or business located inside or outside the State and served by the eligible partnership, especially with regard to using distance learning and educational technology to provide for the delivery of services and programs.</text></paragraph></subsection></section></legis-body></bill>


