<?xml version="1.0"?>
<?xml-stylesheet type="text/xsl" href="billres.xsl"?>
<!DOCTYPE bill PUBLIC "-//US Congress//DTDs/bill.dtd//EN" "bill.dtd">
<bill bill-stage="Introduced-in-Senate" dms-id="A1" public-private="public"><metadata xmlns:dc="http://purl.org/dc/elements/1.1/">
<dublinCore>
<dc:title>115 S489 IS: Pension Accountability Act </dc:title>
<dc:publisher>U.S. Senate</dc:publisher>
<dc:date>2017-03-02</dc:date>
<dc:format>text/xml</dc:format>
<dc:language>EN</dc:language>
<dc:rights>Pursuant to Title 17 Section 105 of the United States Code, this file is not subject to copyright protection and is in the public domain.</dc:rights>
</dublinCore>
</metadata>
<form>
<distribution-code display="yes">II</distribution-code><congress>115th CONGRESS</congress><session>1st Session</session><legis-num>S. 489</legis-num><current-chamber>IN THE SENATE OF THE UNITED STATES</current-chamber><action><action-date date="20170302">March 2, 2017</action-date><action-desc><sponsor name-id="S349">Mr. Portman</sponsor> (for himself, <cosponsor name-id="S357">Mrs. Fischer</cosponsor>, and <cosponsor name-id="S300">Mr. Burr</cosponsor>) introduced the following bill; which was read twice and referred to the <committee-name committee-id="SSHR00">Committee on Health, Education, Labor, and Pensions</committee-name></action-desc></action><legis-type>A BILL</legis-type><official-title>To amend the Employee Retirement Income Security Act of 1974 and the Internal Revenue Code of 1986
			 with respect to participant votes on the suspension of benefits under
			 multiemployer plans in critical and declining status.</official-title></form>
	<legis-body display-enacting-clause="yes-display-enacting-clause">
 <section id="S1" section-type="section-one"><enum>1.</enum><header>Short title</header><text display-inline="no-display-inline">This Act may be cited as the <quote><short-title>Pension Accountability Act </short-title></quote>.</text>
		</section><section id="idAA689087BE014A799F99CB0BAF7829DC"><enum>2.</enum><header>Benefit suspensions for multiemployer plans in critical and declining status</header>
 <subsection id="id3AE1E63D05604CD8821F500EA50185A2"><enum>(a)</enum><header>ERISA amendments</header><text display-inline="yes-display-inline">Section 305(e)(9)(H) of the Employee Retirement Income Security Act of 1974 (<external-xref legal-doc="usc" parsable-cite="usc/29/1085">29 U.S.C. 1085(e)(9)(H)</external-xref>) is amended—</text>
 <paragraph id="idD26CA98D35774030A832A53F8C79C288"><enum>(1)</enum><text>in clause (ii)—</text> <subparagraph id="idCC1B5C4776104A909CC83C4FB19C6B02"><enum>(A)</enum><text>by striking <quote>Except as provided in clause (v), the</quote> and inserting <quote>The</quote>; and</text>
 </subparagraph><subparagraph id="idC82A01767C9A430FAC38C6757E9E20B9"><enum>(B)</enum><text>by striking <quote>a majority of all participants and beneficiaries of the plan</quote> and inserting <quote>, of the participants and beneficiaries of the plan who cast a vote, a majority</quote>;</text> </subparagraph></paragraph><paragraph id="id0A202BB134AC405DA6B7365D996B561B"><enum>(2)</enum><text>by striking clause (v);</text>
 </paragraph><paragraph id="id0A8A1F1CFCD74E10941067CDE0E668A0"><enum>(3)</enum><text>by redesignating clause (vi) as clause (v); and</text> </paragraph><paragraph id="id7BDF8FDD0B214D8383031E91F7E6BDB9"><enum>(4)</enum><text>in clause (v), as so redesignated—</text>
 <subparagraph id="id02A0C08581E349F7AE8A910272A3F71E"><enum>(A)</enum><text>by striking <quote>(or following a determination under clause (v) that the plan is a systemically important plan)</quote>; and</text> </subparagraph><subparagraph id="idC0A77F2FD3B34E58AEBE3ACFD89FFF87"><enum>(B)</enum><text>by striking <quote>(or, in the case of a suspension that goes into effect under clause (v), at a time sufficient to allow the implementation of the suspension prior to the end of the 90-day period described in clause (v)(I))</quote>.</text>
 </subparagraph></paragraph></subsection><subsection id="id46189274D4F642ADBAE3D4DE98E6EB25"><enum>(b)</enum><header>IRC amendments</header><text><external-xref legal-doc="usc" parsable-cite="usc/26/432">Section 432(e)(9)(H)</external-xref> of the Internal Revenue Code of 1986 is amended—</text> <paragraph id="idAB3758A2FB3249338A4AB6790CD8605B"><enum>(1)</enum><text>in clause (ii)—</text>
 <subparagraph id="id8028ACB14FA9417EA41D5B392F025794"><enum>(A)</enum><text>by striking <quote>Except as provided in clause (v), the</quote> and inserting <quote>The</quote>; and</text> </subparagraph><subparagraph id="id83BEC622ABCB487EBB4967E66EB467D8"><enum>(B)</enum><text>by striking <quote>a majority of all participants and beneficiaries of the plan</quote> and inserting <quote>, of the participants and beneficiaries of the plan who cast a vote, a majority</quote>;</text>
 </subparagraph></paragraph><paragraph id="id1CE3EA8C893A48728798B744C01ACD20"><enum>(2)</enum><text>by striking clause (v);</text> </paragraph><paragraph id="id53516568C42E4BA899C185AEEC254E84"><enum>(3)</enum><text>by redesignating clause (vi) as clause (v); and</text>
 </paragraph><paragraph id="id17F3236334FB44DD9D5BB4FDA6579376"><enum>(4)</enum><text>in clause (v), as so redesignated—</text> <subparagraph id="id76E7DF39436547D68BC70F23F7CAE888"><enum>(A)</enum><text>by striking <quote>(or following a determination under clause (v) that the plan is a systemically important plan)</quote>; and</text>
 </subparagraph><subparagraph id="id261AF185024D4B5DA81AD7E8BEB945AE"><enum>(B)</enum><text>by striking <quote>(or, in the case of a suspension that goes into effect under clause (v), at a time sufficient to allow the implementation of the suspension prior to the end of the 90-day period described in clause (v)(I))</quote>.</text>
 </subparagraph></paragraph></subsection><subsection id="idA6ABB37CD9144F77AE1EE2080F2454C3"><enum>(c)</enum><header>Effective date</header><text>The amendments made by subsections (a) and (b) shall apply to any vote on the suspension of benefits under section 305(e)(9)(H) of the Employee Retirement Income Security Act of 1974 (<external-xref legal-doc="usc" parsable-cite="usc/29/1085">29 U.S.C. 1085(e)(9)(H)</external-xref>) and <external-xref legal-doc="usc" parsable-cite="usc/26/432">section 432(e)(9)(H)</external-xref> of the Internal Revenue Code of 1986 that occurs after the date of enactment of this Act.</text></subsection></section></legis-body></bill>


