<?xml version="1.0"?>
<?xml-stylesheet type="text/xsl" href="billres.xsl"?>
<!DOCTYPE bill PUBLIC "-//US Congress//DTDs/bill.dtd//EN" "bill.dtd">
<bill bill-stage="Introduced-in-Senate" dms-id="A1" public-private="public"><metadata xmlns:dc="http://purl.org/dc/elements/1.1/">
<dublinCore>
<dc:title>115 S205 IS: Death Tax Repeal Act of 2017</dc:title>
<dc:publisher>U.S. Senate</dc:publisher>
<dc:date>2017-01-24</dc:date>
<dc:format>text/xml</dc:format>
<dc:language>EN</dc:language>
<dc:rights>Pursuant to Title 17 Section 105 of the United States Code, this file is not subject to copyright protection and is in the public domain.</dc:rights>
</dublinCore>
</metadata>
<form>
<distribution-code display="yes">II</distribution-code><congress>115th CONGRESS</congress><session>1st Session</session><legis-num>S. 205</legis-num><current-chamber>IN THE SENATE OF THE UNITED STATES</current-chamber><action><action-date date="20170124">January 24, 2017</action-date><action-desc><sponsor name-id="S303">Mr. Thune</sponsor> (for himself, <cosponsor name-id="S289">Mr. Alexander</cosponsor>, <cosponsor name-id="S317">Mr. Barrasso</cosponsor>, <cosponsor name-id="S342">Mr. Blunt</cosponsor>, <cosponsor name-id="S343">Mr. Boozman</cosponsor>, <cosponsor name-id="S136">Mr. Cochran</cosponsor>, <cosponsor name-id="S287">Mr. Cornyn</cosponsor>, <cosponsor name-id="S266">Mr. Crapo</cosponsor>, <cosponsor name-id="S355">Mr. Cruz</cosponsor>, <cosponsor name-id="S375">Mr. Daines</cosponsor>, <cosponsor name-id="S254">Mr. Enzi</cosponsor>, <cosponsor name-id="S376">Mrs. Ernst</cosponsor>, <cosponsor name-id="S357">Mrs. Fischer</cosponsor>, <cosponsor name-id="S377">Mr. Gardner</cosponsor>, <cosponsor name-id="S153">Mr. Grassley</cosponsor>, <cosponsor name-id="S352">Mr. Heller</cosponsor>, <cosponsor name-id="S344">Mr. Hoeven</cosponsor>, <cosponsor name-id="S236">Mr. Inhofe</cosponsor>, <cosponsor name-id="S305">Mr. Isakson</cosponsor>, <cosponsor name-id="S346">Mr. Lee</cosponsor>, <cosponsor name-id="S174">Mr. McConnell</cosponsor>, <cosponsor name-id="S347">Mr. Moran</cosponsor>, <cosponsor name-id="S260">Mr. Roberts</cosponsor>, <cosponsor name-id="S381">Mr. Rounds</cosponsor>, <cosponsor name-id="S365">Mr. Scott</cosponsor>, <cosponsor name-id="S184">Mr. Shelby</cosponsor>, <cosponsor name-id="S384">Mr. Tillis</cosponsor>, and <cosponsor name-id="S358">Mr. Flake</cosponsor>) introduced the following bill; which was read twice and referred to the <committee-name committee-id="SSFI00">Committee on Finance</committee-name></action-desc></action><legis-type>A BILL</legis-type><official-title>To amend the Internal Revenue Code of 1986 to repeal the estate and generation-skipping transfer
			 taxes, and for other purposes.</official-title></form>
	<legis-body display-enacting-clause="yes-display-enacting-clause" id="HA0AA243C94D44877BEC68AFEF8F6FF3E" style="OLC">
 <section id="H81EAC59E9C0943C1816C725BF4779C9F" section-type="section-one"><enum>1.</enum><header>Short title</header><text display-inline="no-display-inline">This Act may be cited as the <quote><short-title>Death Tax Repeal Act of 2017</short-title></quote>.</text>
		</section><section id="H795ACDA1BFFA43709DFDC71DDDF2B6AD" section-type="subsequent-section"><enum>2.</enum><header>Repeal of estate and
			 generation-skipping transfer taxes</header>
			<subsection id="H0EA4A396386243C9A6633EF31655BC45"><enum>(a)</enum><header>Estate Tax
 Repeal</header><text display-inline="yes-display-inline">Subchapter C of chapter 11 of subtitle B of the Internal Revenue Code of 1986 is amended by adding at the end the following new section:</text>
				<quoted-block display-inline="no-display-inline" id="H4375569377AD4BFDBB87A1F9B61DE2BC" style="OLC">
					<section id="H778FDECB40C84BC49EF1ECA8A89BA25B"><enum>2210.</enum><header>Termination</header>
						<subsection id="H2D7E912E98514ECBA75FEB25EFA3B952"><enum>(a)</enum><header>In
 general</header><text display-inline="yes-display-inline">Except as provided in subsection (b), this chapter shall not apply to the estates of decedents dying on or after the date of the enactment of the <short-title>Death Tax Repeal Act of 2017</short-title>.</text>
						</subsection><subsection id="H06D40D98CD734EBDA37596120EE4B272"><enum>(b)</enum><header>Certain
 Distributions From Qualified Domestic Trusts</header><text>In applying section 2056A with respect to the surviving spouse of a decedent dying before the date of the enactment of the <short-title>Death Tax Repeal Act of 2017</short-title>—</text>
 <paragraph id="H3F75967DD9664AFE9609A296060E53A3"><enum>(1)</enum><text>section 2056A(b)(1)(A) shall not apply to distributions made after the 10-year period beginning on such date, and</text>
 </paragraph><paragraph id="HB12E94F941F844BE96BE5D8203F6CC0C"><enum>(2)</enum><text>section 2056A(b)(1)(B) shall not apply on or after such date.</text></paragraph></subsection></section><after-quoted-block>.</after-quoted-block></quoted-block>
			</subsection><subsection id="H46EF7DD74E2B4A48B8929AE7B778730F"><enum>(b)</enum><header>Generation-Skipping
 Transfer Tax Repeal</header><text>Subchapter G of chapter 13 of subtitle B of such Code is amended by adding at the end the following new section:</text>
				<quoted-block display-inline="no-display-inline" id="H783DF09B799B400A818984B25AD78F7C" style="OLC">
 <section id="HB283005D44A24C12868D271AB4963EF4"><enum>2664.</enum><header>Termination</header><text display-inline="no-display-inline">This chapter shall not apply to generation-skipping transfers on or after the date of the enactment of the <short-title>Death Tax Repeal Act of 2017</short-title>.</text></section><after-quoted-block>.</after-quoted-block></quoted-block>
			</subsection><subsection id="H600C6782B07843D2A0CD701D623F56C8"><enum>(c)</enum><header>Conforming
			 Amendments</header>
 <paragraph id="H882D8D79452B483B9A89A2AA1CAA3C80"><enum>(1)</enum><text>The table of sections for subchapter C of <external-xref legal-doc="usc-chapter" parsable-cite="usc-chapter/26/11">chapter 11</external-xref> of the Internal Revenue Code of 1986 is amended by adding at the end the following new item:</text>
					<quoted-block display-inline="no-display-inline" id="H398662EBFC59452D8AFAB7FD97090EED" style="OLC"><toc regeneration="no-regeneration"><toc-entry level="section">Sec. 2210.
				Termination.</toc-entry></toc><after-quoted-block>.</after-quoted-block></quoted-block>
 </paragraph><paragraph id="H7D431D395FBC4A6D8CDD83BB475A2327"><enum>(2)</enum><text>The table of sections for subchapter G of chapter 13 of such Code is amended by adding at the end the following new item:</text>
					<quoted-block display-inline="no-display-inline" id="H96F17AEC5E5948CB8176FAB9D984A210" style="OLC"><toc regeneration="no-regeneration"><toc-entry level="section">Sec. 2664.
				Termination.</toc-entry></toc><after-quoted-block>.</after-quoted-block></quoted-block>
				</paragraph></subsection><subsection id="HB8FEF704C88744CE9FF3347FE2105F53"><enum>(d)</enum><header>Effective
 Date</header><text display-inline="yes-display-inline">The amendments made by this section shall apply to the estates of decedents dying, and generation-skipping transfers, after the date of the enactment of this Act.</text>
			</subsection></section><section id="HDA6180EA4690495F8D690B414C7F9125"><enum>3.</enum><header>Modifications of
			 gift tax</header>
			<subsection id="HCA8E984DC65540AC9EC7F6FB9F0B5CAB"><enum>(a)</enum><header>Computation of
 gift tax</header><text display-inline="yes-display-inline">Subsection (a) of <external-xref legal-doc="usc" parsable-cite="usc/26/2502">section 2502</external-xref> of the Internal Revenue Code of 1986 is amended to read as follows:</text>
				<quoted-block display-inline="no-display-inline" id="HB261D88A804940919082F6CA26B26F19" style="OLC">
					<subsection id="H2B167F988E32494F973C1552A770381D"><enum>(a)</enum><header>Computation of
				tax</header>
						<paragraph id="H9CB02A6F14E248DD90643834ABC92A8A"><enum>(1)</enum><header>In
 general</header><text display-inline="yes-display-inline">The tax imposed by section 2501 for each calendar year shall be an amount equal to the excess of—</text>
 <subparagraph id="H8D2D4428DDD9491BBE3E343968B77738"><enum>(A)</enum><text>a tentative tax, computed under paragraph (2), on the aggregate sum of the taxable gifts for such calendar year and for each of the preceding calendar periods, over</text>
 </subparagraph><subparagraph id="H6AD1E64EEE894E3D8D4645A9E752D684"><enum>(B)</enum><text>a tentative tax, computed under paragraph (2), on the aggregate sum of the taxable gifts for each of the preceding calendar periods.</text>
							</subparagraph></paragraph><paragraph id="H0285F435AA044EAF88C895BAAA403A53"><enum>(2)</enum><header>Rate
				schedule</header><table align-to-level="section" blank-lines-before="1" colsep="0" frame="none" line-rules="no-gen" rowsep="0" rule-weights="0.0.0.0.0.0" table-template-name="Entry: 2 text, bold hds" table-type=""><tgroup cols="2" grid-typeface="1.1" rowsep="0" thead-tbody-ldg-size="0.10.12"><colspec coldef="txt" colname="column1" colsep="0" colwidth="230pts" min-data-value="190" rowsep="0"></colspec><colspec coldef="txt-no-ldr-no-spread" colname="column2" colsep="0" colwidth="95pts" min-data-value="95" rowsep="0"></colspec><tbody><row><entry colname="column1" leader-modify="clr-ldr" rowsep="0" stub-definition="txt-clr" stub-hierarchy="1"><bold><?xm-replace_text {Bold}?></bold></entry><entry colname="column2" leader-modify="clr-ldr"><bold><?xm-replace_text {Bold}?></bold></entry></row><row><entry colname="column1" morerows="0" namest="column1" rowsep="0"><bold>If the amount with respect to which the tentative tax to be
						computed is:</bold></entry><entry colname="column2" morerows="0" namest="column2" rowsep="0"><bold>The tentative tax is:</bold></entry></row><row><entry colname="column1" leader-modify="force-ldr-bottom" rowsep="0" stub-definition="txt-ldr">Not over $10,000</entry><entry colname="column2" leader-modify="force-ldr-bottom" rowsep="0">18% of such
						amount.</entry></row><row><entry align="left" colname="column1" rowsep="0" stub-definition="txt-ldr">Over $10,000 but not over $20,000</entry><entry colname="column2" rowsep="0">$1,800, plus 20% of the excess over
						$10,000.</entry></row><row><entry align="left" colname="column1" rowsep="0" stub-definition="txt-ldr">Over $20,000 but not over $40,000</entry><entry colname="column2" rowsep="0">$3,800, plus 22% of the excess over
						$20,000.</entry></row><row><entry align="left" colname="column1" rowsep="0" stub-definition="txt-ldr">Over $40,000 but not over $60,000</entry><entry colname="column2" rowsep="0">$8,200, plus 24% of the excess over
						$40,000.</entry></row><row><entry align="left" colname="column1" rowsep="0" stub-definition="txt-ldr">Over $60,000 but not over $80,000</entry><entry colname="column2" rowsep="0">$13,000, plus 26% of the excess over
						$60,000.</entry></row><row><entry align="left" colname="column1" rowsep="0" stub-definition="txt-ldr">Over $80,000 but not over $100,000</entry><entry colname="column2" rowsep="0">$18,200, plus 28% of the excess over
						$80,000.</entry></row><row><entry align="left" colname="column1" rowsep="0" stub-definition="txt-ldr">Over $100,000 but not over $150,000</entry><entry colname="column2" rowsep="0">$23,800, plus 30% of the excess over
						$100,000.</entry></row><row><entry align="left" colname="column1" rowsep="0" stub-definition="txt-ldr">Over $150,000 but not over $250,000</entry><entry colname="column2" rowsep="0">$38,800, plus 32% of the excess of
						$150,000.</entry></row><row><entry align="left" colname="column1" rowsep="0" stub-definition="txt-ldr">Over $250,000 but not over $500,000</entry><entry colname="column2" rowsep="0">$70,800, plus 34% of the excess over
						$250,000.</entry></row><row><entry align="left" colname="column1" rowsep="0" stub-definition="txt-ldr">Over $500,000</entry><entry colname="column2" rowsep="0">$155,800, plus 35% of the excess of $500,000.</entry></row></tbody></tgroup></table></paragraph></subsection><after-quoted-block>.</after-quoted-block></quoted-block>
			</subsection><subsection id="H07A68B7390E142779F717A70CCAA3748"><enum>(b)</enum><header>Treatment of
 Certain Transfers in Trust</header><text><external-xref legal-doc="usc" parsable-cite="usc/26/2511">Section 2511</external-xref> of the Internal Revenue Code of 1986 is amended by adding at the end the following new subsection:</text>
				<quoted-block display-inline="no-display-inline" id="HA6B8B2248466462BA7717779BF44B274" style="OLC">
					<subsection id="H191C7E24F6994E3283283041B6CE3447"><enum>(c)</enum><header>Treatment of
 Certain Transfers in Trust</header><text display-inline="yes-display-inline">Notwithstanding any other provision of this section and except as provided in regulations, a transfer in trust shall be treated as a taxable gift under section 2503, unless the trust is treated as wholly owned by the donor or the donor’s spouse under subpart E of part I of subchapter J of chapter 1.</text></subsection><after-quoted-block>.</after-quoted-block></quoted-block>
			</subsection><subsection id="H39D92283F5B443D69F32D7A2EAF52804"><enum>(c)</enum><header>Lifetime gift
			 exemption</header>
				<paragraph id="idD223D31D28BA441F9C68DD1E6586E215"><enum>(1)</enum><header>In
 general</header><text display-inline="yes-display-inline">Paragraph (1) of <external-xref legal-doc="usc" parsable-cite="usc/26/2505">section 2505(a)</external-xref> of the Internal Revenue Code of 1986 is amended to read as follows:</text>
					<quoted-block display-inline="no-display-inline" id="H159EA166CBF44F6283DDA981418A0B85" style="OLC">
 <paragraph id="H6F2C816E84864D88ADD07CB8FCBD166F"><enum>(1)</enum><text display-inline="yes-display-inline">the amount of the tentative tax which would be determined under the rate schedule set forth in section 2502(a)(2) if the amount with respect to which such tentative tax is to be computed were $5,000,000, reduced by</text></paragraph><after-quoted-block>.</after-quoted-block></quoted-block>
				</paragraph><paragraph id="id7B9525C0250040718C1CF82ACDB298E7"><enum>(2)</enum><header>Inflation
 adjustment</header><text>Section 2505 of such Code is amended by adding at the end the following new subsection:</text>
					<quoted-block display-inline="no-display-inline" id="id90D2346C41974F7E999137977576D694" style="OLC">
						<subsection id="idFDFB2A7845A64F518294F84F82768BC6"><enum>(d)</enum><header>Inflation
				adjustment</header>
							<paragraph id="id1B42EF9249394274A06AA7DAB158384C"><enum>(1)</enum><header>In
 general</header><text>In the case of any calendar year after 2011, the dollar amount in subsection (a)(1) shall be increased by an amount equal to—</text>
 <subparagraph id="id07a03c93e23f47629d31112955b9db45"><enum>(A)</enum><text>such dollar amount, multiplied by</text>
 </subparagraph><subparagraph id="id6772f41f95dc4addbd72e8a0fa965631"><enum>(B)</enum><text>the cost-of-living adjustment determined under section 1(f)(3) for such calendar year by substituting <quote>calendar year 2010</quote> for <quote>calendar year 1992</quote> in subparagraph (B) thereof.</text>
 </subparagraph></paragraph><paragraph id="idf4673ceb088d4e3692b9b548c83848c0"><enum>(2)</enum><header>Rounding</header><text>If any amount as adjusted under paragraph (1) is not a multiple of $10,000, such amount shall be rounded to the nearest multiple of $10,000.</text></paragraph></subsection><after-quoted-block>.</after-quoted-block></quoted-block>
				</paragraph></subsection><subsection id="HD3B4BFA0924741A7838B9EC901D0465A"><enum>(d)</enum><header>Conforming
			 amendments</header>
 <paragraph id="H94728153B53449E9884638552B5BCDF0"><enum>(1)</enum><text>Section 2505(a) of such Code is amended by striking the last sentence.</text>
 </paragraph><paragraph id="HF21FAEBBC09644F4822160102014C609"><enum>(2)</enum><text>The heading for section 2505 of such Code is amended by striking <quote><header-in-text level="section" style="OLC">Unified</header-in-text></quote>.</text>
 </paragraph><paragraph id="H29948C42557740E8BAF6EC4F7B0B0B80"><enum>(3)</enum><text>The item in the table of sections for subchapter A of chapter 12 of such Code relating to section 2505 is amended to read as follows:</text>
					<quoted-block display-inline="no-display-inline" id="H9FFA025B2FC9403AA33327C96DA2A246" style="OLC"><toc regeneration="no-regeneration"><toc-entry level="section">Sec. 2505. Credit against gift
				tax.</toc-entry></toc><after-quoted-block>.</after-quoted-block></quoted-block>
				</paragraph></subsection><subsection id="HB126F85091BA4DE3B53559DFA327C861"><enum>(e)</enum><header>Effective
 date</header><text display-inline="yes-display-inline">The amendments made by this section shall apply to gifts made on or after the date of the enactment of this Act.</text>
			</subsection><subsection id="H72963752B25A48DFB2E7D1BB5C9A0926"><enum>(f)</enum><header>Transition
			 rule</header>
				<paragraph id="H7E3D809E830E4ACFA84381CED96644AC"><enum>(1)</enum><header>In
 general</header><text>For purposes of applying sections 1015(d), 2502, and 2505 of the Internal Revenue Code of 1986, the calendar year in which this Act is enacted shall be treated as 2 separate calendar years one of which ends on the day before the date of the enactment of this Act and the other of which begins on such date of enactment.</text>
				</paragraph><paragraph id="HDF4A3B8ADC834CE184FCD16435148C9E"><enum>(2)</enum><header>Application of
 section <enum-in-header>2504(b)</enum-in-header></header><text>For purposes of applying <external-xref legal-doc="usc" parsable-cite="usc/26/2504">section 2504(b)</external-xref> of the Internal Revenue Code of 1986, the calendar year in which this Act is enacted shall be treated as one preceding calendar period.</text></paragraph></subsection></section></legis-body></bill>


