<?xml version="1.0"?>
<?xml-stylesheet type="text/xsl" href="billres.xsl"?>
<!DOCTYPE bill PUBLIC "-//US Congress//DTDs/bill.dtd//EN" "bill.dtd">
<bill bill-stage="Introduced-in-Senate" dms-id="A1" public-private="public">
	<metadata xmlns:dc="http://purl.org/dc/elements/1.1/">
<dublinCore>
<dc:title>115 S743 IS: To strengthen the United States Interagency Council on Homelessness.</dc:title>
<dc:publisher>U.S. Senate</dc:publisher>
<dc:date>2017-03-28</dc:date>
<dc:format>text/xml</dc:format>
<dc:language>EN</dc:language>
<dc:rights>Pursuant to Title 17 Section 105 of the United States Code, this file is not subject to copyright protection and is in the public domain.</dc:rights>
</dublinCore>
</metadata>
<form>
		<distribution-code display="yes">II</distribution-code>
		<congress>115th CONGRESS</congress><session>1st Session</session>
		<legis-num>S. 743</legis-num>
		<current-chamber>IN THE SENATE OF THE UNITED STATES</current-chamber>
		<action>
			<action-date date="20170328">March 28, 2017</action-date>
			<action-desc><sponsor name-id="S259">Mr. Reed</sponsor> (for himself and <cosponsor name-id="S252">Ms. Collins</cosponsor>) introduced the following bill; which was read twice and referred to the <committee-name committee-id="SSBK00">Committee on Banking, Housing, and Urban Affairs</committee-name></action-desc>
		</action>
		<legis-type>A BILL</legis-type>
		<official-title>To strengthen the United States Interagency Council on Homelessness.</official-title>
	</form>
	<legis-body>
		<section id="id09B99CDA93134570A2B76A095B5F852F" section-type="section-one"><enum>1.</enum><header>Authorization of appropriations for Interagency Council on Homelessness</header>
 <subsection id="id88541CA672BA4E3F97D1A0640586F7F8"><enum>(a)</enum><header>In general</header><text>Title II of the McKinney-Vento Homeless Assistance Act (<external-xref legal-doc="usc" parsable-cite="usc/42/11311">42 U.S.C. 11311</external-xref> et seq.) is amended—</text> <paragraph id="id69622DC347CF460283347FBE1302FE30"><enum>(1)</enum><text>in section 208 (<external-xref legal-doc="usc" parsable-cite="usc/42/11318">42 U.S.C. 11318</external-xref>), by striking <quote>to carry out this title $3,000,000 for fiscal year 2010 and such sums as may be necessary for fiscal years 2011</quote> and inserting <quote>such sums as may be necessary to carry out this title</quote>;</text>
 </paragraph><paragraph id="idA902AA2660B14229BBB2137982441293"><enum>(2)</enum><text>by striking section 209 (<external-xref legal-doc="usc" parsable-cite="usc/42/11319">42 U.S.C. 11319</external-xref>); and</text> </paragraph><paragraph id="idA4D10BEC77B04D41AB039F30A2BE3A30"><enum>(3)</enum><text>by redesignating section 210 (<external-xref legal-doc="usc" parsable-cite="usc/42/11320">42 U.S.C. 11320</external-xref>) as section 209.</text>
 </paragraph></subsection><subsection id="idE9C3203DE980418F8E94DE95C947ED9C"><enum>(b)</enum><header>Technical and conforming amendments</header><text>The table of contents in section 101(b) of the McKinney-Vento Homeless Assistance Act (<external-xref legal-doc="usc" parsable-cite="usc/42/11301">42 U.S.C. 11301</external-xref> note) is amended by striking the items relating to sections 209 and 210 and inserting the following:</text>
				<quoted-block display-inline="no-display-inline" id="id8EFE0521F0F04FA597A477B19DE3D471" style="OLC"><toc><toc-entry bold="off" level="section">Sec. 209. Encouragement of State involvement.</toc-entry></toc><after-quoted-block>.</after-quoted-block></quoted-block></subsection></section></legis-body>
</bill>


