<?xml version="1.0"?>
<?xml-stylesheet type="text/xsl" href="billres.xsl"?>
<!DOCTYPE bill PUBLIC "-//US Congress//DTDs/bill.dtd//EN" "bill.dtd">
<bill bill-stage="Introduced-in-Senate" dms-id="A1" public-private="public">
	<metadata xmlns:dc="http://purl.org/dc/elements/1.1/">
<dublinCore>
<dc:title>115 S798 IS: Yellow Ribbon Improvement Act of 2017</dc:title>
<dc:publisher>U.S. Senate</dc:publisher>
<dc:date>2017-03-30</dc:date>
<dc:format>text/xml</dc:format>
<dc:language>EN</dc:language>
<dc:rights>Pursuant to Title 17 Section 105 of the United States Code, this file is not subject to copyright protection and is in the public domain.</dc:rights>
</dublinCore>
</metadata>
<form>
		<distribution-code display="yes">II</distribution-code>
		<congress>115th CONGRESS</congress><session>1st Session</session>
		<legis-num>S. 798</legis-num>
		<current-chamber>IN THE SENATE OF THE UNITED STATES</current-chamber>
		<action>
			<action-date date="20170330">March 30, 2017</action-date>
			<action-desc><sponsor name-id="S373">Mr. Cassidy</sponsor> (for himself, <cosponsor name-id="S307">Mr. Brown</cosponsor>, and <cosponsor name-id="S384">Mr. Tillis</cosponsor>) introduced the following bill; which was read twice and referred to the <committee-name committee-id="SSVA00">Committee on Veterans' Affairs</committee-name></action-desc>
		</action>
		<legis-type>A BILL</legis-type>
		<official-title>To amend title 38, United States Code, to expand the Yellow Ribbon G.I. Education Enhancement
			 Program to apply to individuals pursuing programs of education while on
			 active duty, to recipients of the Marine Gunnery Sergeant John David Fry
			 scholarship, and to programs of education pursued on half-time basis or
			 less, and for other purposes.</official-title>
	</form>
	<legis-body>
 <section id="id275B4D8D1B13494591E12A0223325EAD" section-type="section-one"><enum>1.</enum><header>Short title</header><text display-inline="no-display-inline">This Act may be cited as the <quote><short-title>Yellow Ribbon Improvement Act of 2017</short-title></quote>.</text> </section><section id="idCA588DA0F48A4EE2987600A9D65A10D7" section-type="subsequent-section"><enum>2.</enum><header>Expansion of Yellow Ribbon G.I. Education Enhancement Program</header><text display-inline="no-display-inline">Subsection (a) of section 3317 of title 38, United States Code, is amended to read as follows:</text>
			<quoted-block display-inline="no-display-inline" id="id40C3F2A1BA7B49AAB2A576591035E98F" style="OLC">
				<subsection id="ide8b01828d26c4820991f1cc19ca1927e"><enum>(a)</enum><header>Establishment of program</header>
 <paragraph id="id409D986B1AFC42BBB55F1F889E06D076"><enum>(1)</enum><header>In general</header><text>In instances where the educational assistance provided pursuant to subsections (c)(1)(A), (e)(2)(A), and (f)(2)(A) of section 3313 of this title does not cover the full cost of established charges (as specified in section 3313), the Secretary shall, subject to paragraph (2) of this subsection, carry out a program under which colleges and universities can, voluntarily, enter into an agreement with the Secretary to cover a portion of those established charges not otherwise covered under subsections (c)(1)(A), (e)(2)(A), and (f)(2)(A) of section 3313 of this title, which contributions shall be matched by equivalent contributions toward such costs by the Secretary.</text>
 </paragraph><paragraph id="idB885D0C26D104B20B2DC13DBD0C6BB20"><enum>(2)</enum><header>Limitation</header><text>The program carried out under paragraph (1) shall only apply to covered individuals described in paragraphs (1), (2), and (9) of section 3311(b) of this title.</text></paragraph></subsection><after-quoted-block>.</after-quoted-block></quoted-block>
		</section></legis-body>
</bill>


