<?xml version="1.0"?>
<?xml-stylesheet type="text/xsl" href="billres.xsl"?>
<!DOCTYPE bill PUBLIC "-//US Congress//DTDs/bill.dtd//EN" "bill.dtd">
<bill bill-stage="Introduced-in-Senate" dms-id="A1" public-private="public"><metadata xmlns:dc="http://purl.org/dc/elements/1.1/">
<dublinCore>
<dc:title>115 S647 IS: Mandatory Arbitration Transparency Act of 2017</dc:title>
<dc:publisher>U.S. Senate</dc:publisher>
<dc:date>2017-03-15</dc:date>
<dc:format>text/xml</dc:format>
<dc:language>EN</dc:language>
<dc:rights>Pursuant to Title 17 Section 105 of the United States Code, this file is not subject to copyright protection and is in the public domain.</dc:rights>
</dublinCore>
</metadata>
<form>
<distribution-code display="yes">II</distribution-code><congress>115th CONGRESS</congress><session>1st Session</session><legis-num>S. 647</legis-num><current-chamber>IN THE SENATE OF THE UNITED STATES</current-chamber><action><action-date date="20170315">March 15, 2017</action-date><action-desc><sponsor name-id="S341">Mr. Blumenthal</sponsor> (for himself, <cosponsor name-id="S307">Mr. Brown</cosponsor>, <cosponsor name-id="S369">Mr. Markey</cosponsor>, <cosponsor name-id="S332">Mr. Franken</cosponsor>, <cosponsor name-id="S229">Mrs. Murray</cosponsor>, <cosponsor name-id="S322">Mr. Merkley</cosponsor>, and <cosponsor name-id="S316">Mr. Whitehouse</cosponsor>) introduced the following bill; which was read twice and referred to the <committee-name committee-id="SSJU00">Committee on the Judiciary</committee-name></action-desc></action><legis-type>A BILL</legis-type><official-title>To amend title 9, United States Code, with respect to arbitration. </official-title></form>
	<legis-body display-enacting-clause="yes-display-enacting-clause">
 <section id="S1" section-type="section-one"><enum>1.</enum><header>Short title</header><text display-inline="no-display-inline">This Act may be cited as the <quote><short-title>Mandatory Arbitration Transparency Act of 2017</short-title></quote>.</text>
		</section><section id="id4cc3b18c3b394ca3924879eea23a8dc4"><enum>2.</enum><header>Validity and enforceability of predispute arbitration agreements containing confidentiality clauses</header>
 <subsection id="id672296fbc4164b4ea925949f61c0b9fb"><enum>(a)</enum><header>In general</header><text>Title 9, United States Code, is amended by adding at the end the following:</text> <quoted-block display-inline="no-display-inline" id="id7f348747bb244220ade89552d5f6d584" style="USC"> <chapter id="idda18b79bfd794d3785f37d1fe5a12d33"><enum>4</enum><header>Predispute arbitration agreements containing confidentiality clauses</header><toc><toc-entry bold="off" level="section">401. Definitions.</toc-entry><toc-entry bold="off" level="section">402. Validity and enforceability.</toc-entry></toc> <section id="id18BD58AE587F40CF8B9B5AA477810679"><enum>401.</enum><header>Definitions</header> <subsection id="id26f90c9b0a904801a8ca3779baee531e"><enum>(a)</enum><text>In this chapter—</text>
 <paragraph id="idd22a4f67486b44cfba52b2c5b1199900"><enum>(1)</enum><text>the term <term>civil rights dispute</term> means a dispute—</text> <subparagraph id="idb82572e2566840fb990d22ba5a8a34ed"><enum>(A)</enum><text>arising under—</text>
 <clause id="idb417fba180d342fba250f81c56943c83"><enum>(i)</enum><text>the Constitution of the United States or the constitution of a State; or</text> </clause><clause id="ida8b4a082fc0b49508d912ae2e0dad9d8"><enum>(ii)</enum><text>a Federal or State statute that prohibits discrimination on the basis of race, sex, disability, religion, national origin, or any invidious basis in education, employment, credit, housing, public accommodations and facilities, voting, or any program funded or conducted by the Federal Government or a State government, including any statute enforced by the Civil Rights Division of the Department of Justice and any statute enumerated in <external-xref legal-doc="usc" parsable-cite="usc/26/62">section 62(e)</external-xref> of the Internal Revenue Code of 1986 (relating to unlawful discrimination); and</text>
 </clause></subparagraph><subparagraph id="id5a5fab7d699e4b1daad5cfc4114e0edc"><enum>(B)</enum><text>in which at least 1 party alleging a violation of the Constitution of the United States, a State constitution, or a statute prohibiting discrimination is an individual;</text>
 </subparagraph></paragraph><paragraph id="ideee346ab1aca49fabf591113462e0ee4"><enum>(2)</enum><text>the term <term>consumer dispute</term> means a dispute between an individual who seeks or acquires real or personal property, services, securities or other investments, money, or credit for personal, family, or household purposes and the seller or provider of such property, services, securities or other investments, money, or credit;</text>
 </paragraph><paragraph id="id51f9dd2f5dcd47b2b896bc9e1d9d02ac"><enum>(3)</enum><text>the term <term>covered confidentiality clause</term> means a provision of a predispute arbitration agreement that, with respect to an employment dispute, consumer dispute, or civil rights dispute, purports to, or could be interpreted by a reasonable person to, prohibit a party to the dispute from—</text>
 <subparagraph id="idC4447E8441CE40BE93BE3668B2176FF9"><enum>(A)</enum><text>making a communication in a manner such that the prohibition would violate a State or Federal whistleblower statute; or</text>
 </subparagraph><subparagraph id="idB492BFA40ECD444581F5F65FC0B381D4"><enum>(B)</enum><text>reporting or making a communication, including to any relevant public official, elected official, or other State or Federal authority, about—</text>
 <clause id="id9876C8D3F3AA4124869ED978AAA02F60"><enum>(i)</enum><text>tortious conduct;</text> </clause><clause id="id86C3563240BC498CBD4C5BAA47109B20"><enum>(ii)</enum><text>otherwise unlawful conduct; or</text>
 </clause><clause commented="no" display-inline="no-display-inline" id="idEB130E02A9F34BAD9AFB9BF02CF492B9"><enum>(iii)</enum><text>issues of public policy or public concern;</text> </clause></subparagraph></paragraph><paragraph id="id67d3bd327cbd469fa4b9c6c22b983721"><enum>(4)</enum><text>the term <term>employment dispute</term> means a dispute between an employer and employee arising out of the relationship of employer and employee as defined in section 3 of the Fair Labor Standards Act of 1938 (<external-xref legal-doc="usc" parsable-cite="usc/29/203">29 U.S.C. 203</external-xref>); and</text>
 </paragraph><paragraph id="id49874ec3edc247c0aeccfcb0cc05adee"><enum>(5)</enum><text>the term <term>predispute arbitration agreement</term> means any agreement to arbitrate a dispute that had not yet arisen at the time of the making of the agreement.</text>
								</paragraph></subsection></section><section id="idfcea93e099e442c59a5040919779631e"><enum>402.</enum><header>Validity and enforceability</header>
							<subsection id="id34b12b622b7547a696e8be3e4144a672"><enum>(a)</enum><header>In general</header>
 <paragraph id="id1A39559D5F9646A495D56300DD85ACF8"><enum>(1)</enum><header>Prohibition on predispute arbitration agreements with confidentiality clauses</header><text>Notwithstanding any other provision of this title, no predispute arbitration agreement shall be valid or enforceable if the agreement contains a covered confidentiality clause.</text>
 </paragraph><paragraph id="id3CC9B9C9A427464188A50C4862A03065"><enum>(2)</enum><header>Exception</header><text>Paragraph (1) shall not apply to a predispute arbitration agreement if a party to the agreement can demonstrate a confidentiality interest that significantly outweighs the private and public interest in disclosure.</text>
								</paragraph></subsection><subsection id="idad839ea3f0284a7dacd6b4300305fb43"><enum>(b)</enum><header>Applicability</header>
 <paragraph id="idcbaec1c061a24aa4a322830b0e49e2dc"><enum>(1)</enum><header>In general</header><text>An issue as to whether this chapter applies to an arbitration agreement shall be determined under Federal law. The applicability of this chapter to an agreement to arbitrate and the validity and enforceability of an agreement to which this chapter applies shall be determined by a court, rather than an arbitrator, irrespective of whether the party resisting arbitration challenges the arbitration agreement specifically or in conjunction with other terms of the contract containing such agreement.</text>
 </paragraph><paragraph id="idd14c8d3b62954a16b6d93f452657b7ff"><enum>(2)</enum><header>Collective bargaining agreements</header><text>Nothing in this chapter shall apply to any arbitration provision in a contract between an employer and a labor organization or between labor organizations, except that no such arbitration provision shall have the effect of waiving the right of an employee to seek judicial enforcement of a right arising under a provision of the Constitution of the United States, a State constitution, or a Federal or State statute, or public policy arising therefrom.</text></paragraph></subsection></section></chapter><after-quoted-block>.</after-quoted-block></quoted-block>
 </subsection><subsection commented="no" id="id04d3a87c9e094d55b54430812e709fff"><enum>(b)</enum><header>Technical and conforming amendment</header><text>The table of chapters for title 9, United States Code, is amended by adding at the end the following:</text>
				<quoted-block display-inline="no-display-inline" id="id104F1BC33F4945C2B974D05DBDA084F9" style="OLC"><toc><multi-column-toc-entry bold="on" level="chapter"><toc-enum>4.</toc-enum><level-header level="chapter">Predispute arbitration agreements containing confidentiality clauses</level-header><target>401</target></multi-column-toc-entry></toc><after-quoted-block>.</after-quoted-block></quoted-block>
			</subsection></section><section commented="no" id="id765F7BC0C04B4850801D635732A6CE28"><enum>3.</enum><header>Unfair or deceptive act or practice</header>
 <subsection commented="no" id="idA04C83FB9A324CFDA3E08AD47D1FC575"><enum>(a)</enum><header>Definition</header><text>In this section—</text> <paragraph commented="no" id="id5BCB429C5D994E02B9DF6F9CA0FF3CF1"><enum>(1)</enum><text>the term <term>Commission</term> means the Federal Trade Commission; and</text>
 </paragraph><paragraph commented="no" id="idA62D5FB0F8074D3784E92C1D459B8209"><enum>(2)</enum><text>the terms <term>covered confidentiality clause</term> and <term>predispute arbitration agreement</term> have the meanings given those terms in section 401 of title 9, United States Code, as added by section 2.</text>
				</paragraph></subsection><subsection id="id4D2CB4D9533B41A1976D7B5A73A0D136"><enum>(b)</enum><header>Prohibition</header>
 <paragraph id="id1AAFE36C114D4231885F5A6CF6F93060"><enum>(1)</enum><header>In general</header><text>It shall be unlawful for a person to knowingly offer to another person for ratification a predispute arbitration agreement that contains a covered confidentiality clause.</text>
				</paragraph><paragraph id="idFA274B28001A4D2E89ADE8F2920D2CB4"><enum>(2)</enum><header>Exceptions</header>
 <subparagraph id="id8CBBDEDD87CA46B3A4A0AE412DB96E2E"><enum>(A)</enum><header>Confidentiality interest</header><text>Paragraph (1) shall not apply to a person that offers a predispute arbitration agreement with a covered confidentiality clause if the person can demonstrate a confidentiality interest that significantly outweighs the private and public interest in disclosure.</text>
 </subparagraph><subparagraph id="id41855B33EE4647249D81F11E8E2313A3"><enum>(B)</enum><header>Collective bargaining agreements</header><text>Paragraph (1) shall not apply with respect to any arbitration provision in a contract between an employer and a labor organization or between labor organizations, if the arbitration provision does not waive the right of an employee to seek judicial enforcement of a right arising under a provision of the Constitution of the United States, a State constitution, or a Federal or State statute, or public policy arising therefrom.</text>
					</subparagraph></paragraph></subsection><subsection id="id0D731AB78573483190B5E85033BBA7A9"><enum>(c)</enum><header>Enforcement by Federal Trade Commission</header>
 <paragraph id="id5C5132E934524EA190D6817BBF990005"><enum>(1)</enum><header>Treatment as unfair or deceptive act or practice</header><text display-inline="yes-display-inline">A violation of subsection (b) by a person with respect to which the Commission is empowered under section 5(a)(2) of the Federal Trade Commission Act (<external-xref legal-doc="usc" parsable-cite="usc/15/45">15 U.S.C. 45(a)(2)</external-xref>) shall be treated as a violation of a rule defining an unfair or deceptive act or practice prescribed under section 18(a)(1)(B) of that Act (<external-xref legal-doc="usc" parsable-cite="usc/15/57a">15 U.S.C. 57a(a)(1)(B)</external-xref>).</text>
				</paragraph><paragraph commented="no" display-inline="no-display-inline" id="id0A5078A86914452FBD76580EA64D2108"><enum>(2)</enum><header display-inline="yes-display-inline">Powers of
		Commission</header>
					<subparagraph commented="no" display-inline="no-display-inline" id="id764EBAABC83C4ABFA7CCB560FA60053F"><enum>(A)</enum><header display-inline="yes-display-inline">In
 general</header><text display-inline="yes-display-inline">The Commission shall enforce this section in the same manner, by the same means, and with the same jurisdiction, powers, and duties as though all applicable terms and provisions of the Federal Trade Commission Act (<external-xref legal-doc="usc" parsable-cite="usc/15/41">15 U.S.C. 41</external-xref> et seq.) were incorporated into and made a part of this section.</text>
					</subparagraph><subparagraph commented="no" display-inline="no-display-inline" id="id5058E8A17ECC4F69B6F0785AFD2C2CDC"><enum>(B)</enum><header display-inline="yes-display-inline">Privileges and
 immunities</header><text display-inline="yes-display-inline">Any person who violates subsection (b) shall be subject to the penalties and entitled to the privileges and immunities provided in the Federal Trade Commission Act (<external-xref legal-doc="usc" parsable-cite="usc/15/41">15 U.S.C. 41</external-xref> et seq.).</text>
 </subparagraph></paragraph><paragraph commented="no" display-inline="no-display-inline" id="id54A1EE92DCBE498F8158CD166E19D013"><enum>(3)</enum><header display-inline="yes-display-inline">Rulemaking</header><text display-inline="yes-display-inline">The Commission shall promulgate standards and rules to carry out this section in accordance with section 553 of title 5, United States Code.</text>
				</paragraph></subsection><subsection commented="no" display-inline="no-display-inline" id="id078086330C3049E58944114A07822814"><enum>(d)</enum><header>Civil action</header>
 <paragraph commented="no" display-inline="no-display-inline" id="id7722F317B7BF48E7B22814E75DAF581E"><enum>(1)</enum><header>Private right of action</header><text>Any person aggrieved by a violation of subsection (b) may bring a civil action in an appropriate district court of the United States.</text>
 </paragraph><paragraph commented="no" display-inline="no-display-inline" id="id504D0A84CCE9446AA33413A70AB1A9D0"><enum>(2)</enum><header>Remedies</header><text>In an action under paragraph (1), the court may award—</text> <subparagraph id="id03f4d4f729c24570bf6ac0634c949b28"><enum>(A)</enum><text>actual damages, but not less than liquidated damages in an amount equal to $1,000;</text>
 </subparagraph><subparagraph id="idc59de2708ab84a53854f2e534d3c130e"><enum>(B)</enum><text>punitive damages;</text> </subparagraph><subparagraph id="idea592a737150484e8c80a66daf4375d6"><enum>(C)</enum><text>reasonable attorney's fees and other litigation costs reasonably incurred; and</text>
 </subparagraph><subparagraph id="id62F83F73B8714B8B8B556CB722D4C50C"><enum>(D)</enum><text>any other preliminary and equitable relief that the court determines appropriate, including injunctive relief.</text>
					</subparagraph></paragraph></subsection></section><section commented="no" id="id6C261BF1831D4122A132660157F0A6D6"><enum>4.</enum><header>Effective date</header>
 <subsection commented="no" id="id82A2C8FF5FA54FEB8F0FFDBCFBBFA91D"><enum>(a)</enum><header>In general</header><text display-inline="yes-display-inline">This Act, and the amendments made by this Act, shall take effect on the date of enactment of this Act.</text>
			</subsection><subsection commented="no" id="idC7E7AC52240F4E95890512AC9FA49B4D"><enum>(b)</enum><header>Applicability</header>
 <paragraph commented="no" id="id151BB7C3644D42AC976E2449EEB6DFFE"><enum>(1)</enum><header>Validity and enforceability</header><text display-inline="yes-display-inline"><external-xref legal-doc="usc-chapter" parsable-cite="usc-chapter/9/4">Chapter 4</external-xref> of title 9, United States Code, as added by section 2, shall apply with respect to any dispute or claim that arises on or after the date of enactment of this Act.</text>
 </paragraph><paragraph commented="no" id="idEFABBA204F244B18A92BDE7E6743F305"><enum>(2)</enum><header>Unfair or deceptive act or practice</header><text>Section 3 shall apply with respect to any predispute arbitration agreement offered for ratification on or after the date of enactment of this Act.</text></paragraph></subsection></section></legis-body></bill>


