<?xml version="1.0"?>
<?xml-stylesheet type="text/xsl" href="billres.xsl"?>
<!DOCTYPE bill PUBLIC "-//US Congress//DTDs/bill.dtd//EN" "bill.dtd">
<bill bill-stage="Introduced-in-Senate" bill-type="olc" dms-id="A1" public-private="public"><metadata xmlns:dc="http://purl.org/dc/elements/1.1/">
<dublinCore>
<dc:title>115 S506 IS: Freedom from Government Competition Act of 2017</dc:title>
<dc:publisher>U.S. Senate</dc:publisher>
<dc:date>2017-03-02</dc:date>
<dc:format>text/xml</dc:format>
<dc:language>EN</dc:language>
<dc:rights>Pursuant to Title 17 Section 105 of the United States Code, this file is not subject to copyright protection and is in the public domain.</dc:rights>
</dublinCore>
</metadata>
<form>
<distribution-code display="yes">II</distribution-code><congress>115th CONGRESS</congress><session>1st Session</session><legis-num>S. 506</legis-num><current-chamber>IN THE SENATE OF THE UNITED STATES</current-chamber><action><action-date date="20170302">March 2, 2017</action-date><action-desc><sponsor name-id="S303">Mr. Thune</sponsor> introduced the following bill; which was read twice and referred to the <committee-name committee-id="SSGA00">Committee on Homeland Security and Governmental Affairs</committee-name></action-desc></action><legis-type>A BILL</legis-type><official-title>To require that the Federal Government procure from the private sector the goods and services
			 necessary for the operations and management of certain Government
			 agencies, and for other purposes.</official-title></form>
	<legis-body display-enacting-clause="yes-display-enacting-clause" id="H9AD3B99FEEB14D6EBF041DC276F9F4DE" style="OLC">
 <section id="H2D3999487EF946FDA0BEF35166552002" section-type="section-one"><enum>1.</enum><header>Short title</header><text display-inline="no-display-inline">This Act may be cited as the <quote><short-title>Freedom from Government Competition Act of 2017</short-title></quote>.</text> </section><section id="H6B32461AC4674C9494BA7F949F15D86B"><enum>2.</enum><header>Findings</header><text display-inline="no-display-inline">Congress makes the following findings:</text>
 <paragraph id="H10D40B14037F458D9E11C7DD8EBB875B"><enum>(1)</enum><text>Private sector business concerns, which are free to respond to the private or public demands of the marketplace, constitute the strength of the United States economic system.</text>
 </paragraph><paragraph id="H7E72592DB8754761A7DECA82E4AB05B9"><enum>(2)</enum><text>Competitive private enterprises are the most productive, efficient, and effective sources of goods and services.</text>
 </paragraph><paragraph id="H6DAB0A447B574F04A1FEE89166879F41"><enum>(3)</enum><text>Unfair Government competition with the private sector of the economy is detrimental to the United States economic system.</text>
 </paragraph><paragraph id="H4279680526E042DD8A60F24BF63D8F96"><enum>(4)</enum><text>Unfair Government competition with the private sector of the economy is at an unacceptably high level, both in scope and in dollar volume.</text>
 </paragraph><paragraph id="H9A03244D813A4C769C437AC5A1AAE9C9"><enum>(5)</enum><text>Current law and policy have failed to address adequately the problem of unfair Government competition with the private sector of the economy.</text>
 </paragraph><paragraph id="H0959C75263A44712B63DEC3941ED67D4"><enum>(6)</enum><text>It is in the public interest that the Federal Government establish a consistent policy to rely on the private sector of the economy to provide goods and services necessary for or beneficial to the operation and management of Federal agencies and to avoid unfair Government competition with the private sector of the economy.</text>
 </paragraph></section><section id="HD602324BD1CE4E07AA6BD1E7A9E3A6CE"><enum>3.</enum><header>Definitions</header><text display-inline="no-display-inline">In this Act, the term <quote>agency</quote> means—</text> <paragraph id="HE7C1C4FF46C44DBBBB59ADD850E5834E"><enum>(1)</enum><text>an executive department as defined by section 101 of title 5, United States Code;</text>
 </paragraph><paragraph id="HAB77C68DD48A4793A6618E1CB0198188"><enum>(2)</enum><text>a military department as defined by section 102 of such title; and</text> </paragraph><paragraph id="H2BCDD4AD0367493CA6964C24F18E00FD"><enum>(3)</enum><text>an independent establishment as defined by section 104(l) of such title.</text>
			</paragraph></section><section id="HD630C54950D74F50BABABB8827859410"><enum>4.</enum><header>Procurement from private sources</header>
 <subsection id="H38C40D755AAF45759B832BE88092A90A"><enum>(a)</enum><header>Policy</header><text display-inline="yes-display-inline">In the process of governing, the Federal Government should not compete with its citizens. The competitive enterprise system, characterized by individual freedom and initiative, is the primary source of national economic strength. In recognition of this principle, it has been and continues to be the general policy of the Federal Government—</text>
 <paragraph id="H72EA067CB1984C47B79628699343806A"><enum>(1)</enum><text>to rely on commercial sources to supply the products and services the Government needs;</text> </paragraph><paragraph id="HCD2FF85CD93C4EC38D90052306F3F6AB"><enum>(2)</enum><text>to refrain from providing a product or service if the product or service can be procured more economically from a commercial source; and</text>
 </paragraph><paragraph id="H20D75AB780264F3FA313EA0B2ED3DEAD"><enum>(3)</enum><text>to utilize Federal employees to perform inherently governmental functions (as that term is defined in section 5 of the Federal Activities Inventory Reform Act of 1998 (<external-xref legal-doc="public-law" parsable-cite="pl/105/270">Public Law 105–270</external-xref>; 112 Stat. 2384)).</text>
 </paragraph></subsection><subsection id="H542A34E943BC4B0A9A96B64144A6AD47"><enum>(b)</enum><header>General rule</header><text>Except as provided in subsection (c) and notwithstanding any other provision of law, each agency shall obtain all goods and services necessary for or beneficial to the accomplishment of its authorized functions by procurement from private sources.</text>
 </subsection><subsection id="H35B2AA39067947C7BC0477A03E4D7534"><enum>(c)</enum><header>Exemptions</header><text>Subsection (b) shall not apply to an agency with respect to goods or services if—</text> <paragraph id="H4813A2C27B1F4C5B8131178659C621B2"><enum>(1)</enum><text>the goods or services are required by law to be produced or performed, respectively, by the agency; or</text>
 </paragraph><paragraph id="H905013F805254176932F1A9C83E63FDF"><enum>(2)</enum><text>the head of the agency determines and certifies to Congress in accordance with regulations promulgated by the Director of the Office of Management and Budget that—</text>
 <subparagraph id="HFB1D742710D44174AB723FBEA26A4B53"><enum>(A)</enum><text>Federal Government production, manufacture, or provision of a good or service is necessary for the national defense or homeland security;</text>
 </subparagraph><subparagraph id="HD6F2140A5BF84B6A942984131002188C"><enum>(B)</enum><text>a good or service is so critical to the mission of the agency or so inherently governmental in nature that it is in the public interest to require production or performance, respectively, by Government employees; or</text>
 </subparagraph><subparagraph id="HA6E2BD1B94904432A7160C2737DB02E4"><enum>(C)</enum><text>there is no private source capable of providing the good or service.</text> </subparagraph></paragraph></subsection><subsection id="H16385A91AAB549CEA098DC73EF27F9EB"><enum>(d)</enum><header>Method of procurement</header><text>The provision of goods and services not exempt under subsection (c) shall be performed by an entity in the private sector through—</text>
 <paragraph id="H5D5B9808F428449EADFC853C6DA98CC2"><enum>(1)</enum><text>the divestiture of Federal involvement in the provision of a good or service;</text> </paragraph><paragraph id="H2AD5193C6B2240DEAB7F78D53A8D733B"><enum>(2)</enum><text display-inline="yes-display-inline">the award of a contract to an entity in the private sector, using competitive procedures, as defined in section 152 of title 41, United States Code, and section 2302 of title 10, United States Code; or</text>
 </paragraph><paragraph id="H6A2EB4FF0F064DEBBF6E58FF83544995"><enum>(3)</enum><text>conducting a public-private competitive sourcing analysis in accordance with the procedures established by the Office of Management and Budget and determining that using the assets, facilities, and performance of the private sector is in the best interest of the United States and that production or performance, respectively, by the private sector provides the best value to the taxpayer.</text>
 </paragraph></subsection><subsection id="H2F3D5F7D67AB4A6BA62FE48F48B586AF"><enum>(e)</enum><header>Contracted activities</header><text>The head of an agency may utilize Federal employees to provide goods or services previously provided by an entity in the private sector upon completion of a public-private competitive sourcing analysis described in subsection (d)(3), and after making a determination that the provision of such goods or services by Federal employees provides the best value to the taxpayer.</text>
 </subsection><subsection id="HA9F841C7671D40579B6AFE2932474246"><enum>(f)</enum><header>Regulations</header><text>The Director of the Office of Management and Budget shall promulgate such regulations as the Director considers necessary to carry out this section. In promulgating such regulations, the Director shall assure that any State or territory, or political subdivision of a State or territory, complies with the policy and implements the requirements of this section when expending Federal funds.</text>
 </subsection></section><section id="HF172EF528CBF4322B3D37C8C7DAB68AC"><enum>5.</enum><header>Study and report</header><text display-inline="no-display-inline">The Director of the Office of Management and Budget, after consultation with the Comptroller General of the United States, shall carry out a study to evaluate the activities carried out in each agency, including those identified as commercial and inherently governmental in nature in the inventory prepared pursuant to the Federal Activities Inventory Reform Act of 1998 (<external-xref legal-doc="public-law" parsable-cite="pl/105/270">Public Law 105–270</external-xref>; <external-xref legal-doc="usc" parsable-cite="usc/31/501">31 U.S.C. 501</external-xref> note) and shall transmit a report to the Congress prior to June 30 of each year. The report shall include—</text>
 <paragraph id="H63392D95202A4E3A9B9BAE50CF036BE9"><enum>(1)</enum><text>an evaluation of the justification for exempting activities pursuant to section 4(c); and</text> </paragraph><paragraph id="H8571D1BC95CE4867B3D87383EFD768AB"><enum>(2)</enum><text>a schedule for the transfer of commercial activities to the private sector, pursuant to section 4(d), to be completed within 5 years after the date on which such report is transmitted to the Congress.</text></paragraph></section></legis-body></bill>


