<?xml version="1.0"?>
<?xml-stylesheet type="text/xsl" href="billres.xsl"?>
<!DOCTYPE bill PUBLIC "-//US Congress//DTDs/bill.dtd//EN" "bill.dtd">
<bill bill-stage="Introduced-in-Senate" dms-id="A1" public-private="public"><metadata xmlns:dc="http://purl.org/dc/elements/1.1/">
<dublinCore>
<dc:title>115 S455 IS: Restoring Rural Residencies Act of 2017</dc:title>
<dc:publisher>U.S. Senate</dc:publisher>
<dc:date>2017-02-27</dc:date>
<dc:format>text/xml</dc:format>
<dc:language>EN</dc:language>
<dc:rights>Pursuant to Title 17 Section 105 of the United States Code, this file is not subject to copyright protection and is in the public domain.</dc:rights>
</dublinCore>
</metadata>
<form>
<distribution-code display="yes">II</distribution-code><congress>115th CONGRESS</congress><session>1st Session</session><legis-num>S. 455</legis-num><current-chamber>IN THE SENATE OF THE UNITED STATES</current-chamber><action><action-date date="20170227">February 27, 2017</action-date><action-desc><sponsor name-id="S314">Mr. Tester</sponsor> introduced the following bill; which was read twice and referred to the <committee-name committee-id="SSFI00">Committee on Finance</committee-name></action-desc></action><legis-type>A BILL</legis-type><official-title>To amend title XVIII of the Social Security Act to count resident time spent in a critical access
			 hospital as resident time spent in a nonprovider setting for purposes of
			 making Medicare direct and indirect graduate medical education payments.</official-title></form>
	<legis-body display-enacting-clause="yes-display-enacting-clause">
 <section id="S1" section-type="section-one"><enum>1.</enum><header>Short title</header><text display-inline="no-display-inline">This Act may be cited as the <quote><short-title>Restoring Rural Residencies Act of 2017</short-title></quote>.</text>
		</section><section id="id5D3351412BE24225B44725C56FE56EAF" section-type="subsequent-section"><enum>2.</enum><header>Counting resident time spent in a critical access hospital as resident time spent in a
			 nonprovider setting for purposes of making Medicare direct and indirect
			 graduate medical education payments</header>
 <subsection id="id4be5d807aa574cfdae32e056fde4bdf4"><enum>(a)</enum><header>GME</header><text>Section 1886(h)(4) of the Social Security Act (<external-xref legal-doc="usc" parsable-cite="usc/42/1395ww">42 U.S.C. 1395ww(h)(4)</external-xref>) is amended—</text> <paragraph id="id68f6820987374128aa7d300e1039ea12"><enum>(1)</enum><text>in subparagraph (E), by striking <quote>subparagraphs (J) and (K)</quote> and inserting <quote>subparagraphs (J), (K), and (L)</quote>; and</text>
 </paragraph><paragraph id="id11ff4a09f1a6460bbca1963b5f20988e"><enum>(2)</enum><text>by adding at the end the following new subparagraph:</text> <quoted-block display-inline="no-display-inline" id="id2fc7772688cb455e9f833b0075488da3" style="OLC"> <subparagraph commented="no" display-inline="no-display-inline" id="id069cff3dddb94ddba1359b551922419b"><enum>(L)</enum><header>Treatment of critical access hospitals</header><text>Effective for cost reporting periods beginning on or after July 1, 2018, such rules shall provide that a critical access hospital (as defined in section 1861(mm)(1)) is deemed to be a nonprovider setting for purposes of determining the hospitals's number of full-time equivalent residents under this subsection.</text></subparagraph><after-quoted-block>.</after-quoted-block></quoted-block>
 </paragraph></subsection><subsection id="id07f5ab596293460fa2d57f15c030d18e"><enum>(b)</enum><header>IME</header><text>Section 1886(d)(5)(B)(iv)(II) of the Social Security Act (<external-xref legal-doc="usc" parsable-cite="usc/42/1395ww">42 U.S.C. 1395ww(d)(5)(B)(iv)(II)</external-xref>) is amended by adding at the end the following sentence: <quote>Effective for discharges occurring on or after July 1, 2018, for purposes of this subclause, a critical access hospital (as defined in section 1861(mm)(1)) is deemed to be a nonprovider setting.</quote>.</text></subsection></section></legis-body></bill>


