<?xml version="1.0"?>
<?xml-stylesheet type="text/xsl" href="billres.xsl"?>
<!DOCTYPE bill PUBLIC "-//US Congress//DTDs/bill.dtd//EN" "bill.dtd">
<bill bill-stage="Introduced-in-Senate" bill-type="olc" dms-id="A1" public-private="public"><metadata xmlns:dc="http://purl.org/dc/elements/1.1/">
<dublinCore>
<dc:title>115 S672 IS: North Korea State Sponsor of Terrorism Designation Act of 2017</dc:title>
<dc:publisher>U.S. Senate</dc:publisher>
<dc:date>2017-03-21</dc:date>
<dc:format>text/xml</dc:format>
<dc:language>EN</dc:language>
<dc:rights>Pursuant to Title 17 Section 105 of the United States Code, this file is not subject to copyright protection and is in the public domain.</dc:rights>
</dublinCore>
</metadata>
<form>
<distribution-code display="yes">II</distribution-code><congress>115th CONGRESS</congress><session>1st Session</session><legis-num>S. 672</legis-num><current-chamber>IN THE SENATE OF THE UNITED STATES</current-chamber><action><action-date date="20170321">March 21, 2017</action-date><action-desc><sponsor name-id="S355">Mr. Cruz</sponsor> (for himself, <cosponsor name-id="S384">Mr. Tillis</cosponsor>, <cosponsor name-id="S352">Mr. Heller</cosponsor>, <cosponsor name-id="S288">Ms. Murkowski</cosponsor>, <cosponsor name-id="S350">Mr. Rubio</cosponsor>, <cosponsor name-id="S383">Mr. Sullivan</cosponsor>, <cosponsor name-id="S377">Mr. Gardner</cosponsor>, and <cosponsor name-id="S236">Mr. Inhofe</cosponsor>) introduced the following bill; which was read twice and referred to the <committee-name committee-id="SSFR00">Committee on Foreign Relations</committee-name></action-desc></action><legis-type>A BILL</legis-type><official-title>To require a report on designation of North Korea as a state sponsor of terrorism, and for other
			 purposes.</official-title></form>
	<legis-body display-enacting-clause="yes-display-enacting-clause" id="HEF37A1F514A74241A357D096230E0CE2" style="OLC">
 <section id="HF6A04BA640B54A9CA49DC0F805A10522" section-type="section-one"><enum>1.</enum><header>Short title</header><text display-inline="no-display-inline">This Act may be cited as the <quote><short-title>North Korea State Sponsor of Terrorism Designation Act of 2017</short-title></quote>.</text> </section><section id="id316dc755094e4d3a83e59f42781c9fde"><enum>2.</enum><header>Report on designation of Government of North Korea as a state sponsor of terrorism</header> <subsection id="id017e417a69e94dc09164f638e948b78d"><enum>(a)</enum><header>Findings</header><text>Congress makes the following findings:</text>
 <paragraph id="id9281e4dd3be44ff6b43b53914862ec29"><enum>(1)</enum><text>The United States Government designated the Government of North Korea a state sponsor of terrorism on January 20, 1988.</text>
 </paragraph><paragraph id="id1d482344b5694d48825e7235e4486cea"><enum>(2)</enum><text>On October 11, 2008, North Korea’s designation as a state sponsor of terrorism was rescinded, following commitments by the Government of North Korea to dismantle its nuclear weapons program. However, North Korea has failed to live up to these commitments.</text>
 </paragraph><paragraph id="id81d533236d5145579e3df1ae81a4b770"><enum>(3)</enum><text>On October 22, 2015, the U.S. Special Representative for North Korea Policy with the Department of State testified before the House Foreign Affairs Subcommittee on Terrorism, Nonproliferation, and Trade that North Korea’s <quote>conduct poses a growing threat to the United States, our friends in the region, and the global nonproliferation regime</quote> and the Deputy Coordinator for Homeland Security, Screening, and Designations with the Department of State noted that <quote>weapons transfers that violate nonproliferation or missile control regimes could be a relevant factor for consideration, depending on the circumstances, consistent with the statutory criteria for designation as a state sponsor of terrorism</quote>.</text>
 </paragraph><paragraph id="id81d7119ac8194b5b90f873e3a1e4f7fe"><enum>(4)</enum><text>The Government of North Korea has harbored members of the Japanese Red Army since a 1970 hijacking and continues to harbor the surviving hijackers to this day.</text>
 </paragraph><paragraph id="ide264e914665640a9acd55ee864d73a63"><enum>(5)</enum><text>On July 16, 2010, in the case of Calderon-Cardona v. Democratic People’s Republic of Korea (case number 08–01367), the United States District Court for the District of Puerto Rico found that the Government of North Korea provided material support to the Japanese Red Army, designated as a foreign terrorist organization between 1997 and 2001, in furtherance of a 1972 terrorist attack at Lod Airport, Israel, that killed 26 people, including 17 Americans.</text>
 </paragraph><paragraph id="id775290017bda4efdb8781eaeccffd4f7"><enum>(6)</enum><text>In the case of Chaim Kaplan v. Hezbollah (case number 09–646), a United States district court found in 2014 that North Korea materially supported terrorist attacks by Hezbollah, a designated foreign terrorist organization, against Israel in 2006.</text>
 </paragraph><paragraph id="idc0d64d20523a48ce86a913b9cfeffb30"><enum>(7)</enum><text>In June 2010, Major Kim Myong-ho and Major Dong Myong-gwan of North Korea’s Reconnaissance General Bureau pled guilty in a South Korean court to attempting to assassinate Hwang Jang-yop, a North Korean dissident in exile, on the orders of Lieutenant General Kim Yong-chol, the head of North Korea’s Reconnaissance General Bureau. The court sentenced each defendant to 10 years in prison.</text>
 </paragraph><paragraph id="id6f2d13511fed48c9b17c7d62822e5118"><enum>(8)</enum><text>In March 2015, the South Korean government concluded that North Korea was responsible for a December 2014 cyber attack against multiple nuclear power plants in South Korea. The South Korean government stated that the attacks were intended to cause a malfunction at the plants’ reactors, and described the attacks as acts of <quote>cyber-terror targeting our country</quote>.</text>
 </paragraph><paragraph id="id4539004691b74630ab455b743e5573c5"><enum>(9)</enum><text>On December 19, 2015, the Federal Bureau of Investigation (FBI) concluded that North Korea was responsible for a cyber attack on Sony Pictures Entertainment and a subsequent threat of violence against theaters that showed the film <quote>The Interview</quote>. The FBI concluded that the <quote>Guardians of Peace</quote>, which sent the threat to Sony Pictures, was a unit of North Korea’s Reconnaissance General Bureau, its foreign intelligence service.</text>
 </paragraph><paragraph id="id1df5794f2790495aaeeb22d2192c5350"><enum>(10)</enum><text>South Korean and Malaysian authorities have alleged that officials from North Korea’s secret police and Foreign Ministry were involved in the poisoning and killing of the estranged half-brother of the country’s leader, Kim Jong-nam, using the chemical weapon VX nerve agent, a substance banned for use as a weapon by the United Nations Chemical Weapons Convention, on February 13, 2017, in Kuala Lumpur.</text>
 </paragraph></subsection><subsection id="ide39a9bfd76db4ff98c41d55145c0b268"><enum>(b)</enum><header>Sense of Congress</header><text>It is the sense of the Congress that the Government of North Korea should be designated as a state sponsor of terrorism.</text>
 </subsection><subsection id="id477b68abdc6948b5ab8602d815b596be"><enum>(c)</enum><header>Determination</header><text>Not later than 90 days after the date of the enactment of this Act, the Secretary of State shall submit to the appropriate congressional committees a determination as to whether North Korea meets the criteria for designation as a state sponsor of terrorism.</text>
 </subsection><subsection id="id7ac11deb814e46cebde872de4b7f8acd"><enum>(d)</enum><header>Form</header><text>The report required by subsection (c) shall be submitted in unclassified form, but may include a classified annex, if appropriate.</text>
 </subsection></section><section id="id0014d92392954f4e900403e7dd8a7759"><enum>3.</enum><header>Definitions</header><text display-inline="no-display-inline">In this Act:</text> <paragraph id="id9cdfe15106b74ccca0f5c46d98aa6abc"><enum>(1)</enum><header>Appropriate congressional committees</header><text>The term <term>appropriate congressional committees</term> means—</text>
 <subparagraph id="idca5aa68e674347de95701c5c283094d4"><enum>(A)</enum><text>the Committee on Foreign Relations of the Senate; and</text> </subparagraph><subparagraph id="id6c0bd05e3010477c9e7093dc468de05c"><enum>(B)</enum><text>the Committee on Foreign Affairs of the House of Representatives.</text>
 </subparagraph></paragraph><paragraph id="iddc459c061575403ab3923327843aecb0"><enum>(2)</enum><header>Foreign terrorist organization</header><text>The term <term>foreign terrorist organization</term> means an organization designated by the Secretary of State as a foreign terrorist organization under section 219 of the Immigration and Nationality Act (<external-xref legal-doc="usc" parsable-cite="usc/8/1189">8 U.S.C. 1189</external-xref>).</text>
 </paragraph><paragraph id="id7600d987319645ebb36ce907bdd8c993"><enum>(3)</enum><header>North korea</header><text>The term <term>North Korea</term> means the Democratic People’s Republic of Korea.</text> </paragraph><paragraph id="idffbf745ac037492db0ddcfffbc23fff5"><enum>(4)</enum><header>State sponsor of terrorism</header><text>The term <term>state sponsor of terrorism</term> means a country the government of which the Secretary of State has determined, for purposes of section 6(j) of the Export Administration Act of 1979 (<external-xref legal-doc="usc" parsable-cite="usc/50/4605">50 U.S.C. 4605(j)</external-xref>) (as in effect pursuant to the International Emergency Economic Powers Act), section 620A of the Foreign Assistance Act of 1961 (<external-xref legal-doc="usc" parsable-cite="usc/22/2371">22 U.S.C. 2371</external-xref>), section 40 of the Arms Export Control Act (<external-xref legal-doc="usc" parsable-cite="usc/22/2780">22 U.S.C. 2780</external-xref>), or any other provision of law, is a government that has repeatedly provided support for acts of international terrorism.</text>
			</paragraph></section></legis-body></bill>


