<?xml version="1.0"?>
<?xml-stylesheet type="text/xsl" href="billres.xsl"?>
<!DOCTYPE bill PUBLIC "-//US Congress//DTDs/bill.dtd//EN" "bill.dtd">
<bill bill-stage="Introduced-in-Senate" dms-id="A1" public-private="public">
	<metadata xmlns:dc="http://purl.org/dc/elements/1.1/">
<dublinCore>
<dc:title>115 S797 IS: Volunteer Income Tax Assistance Permanence Act of 2017</dc:title>
<dc:publisher>U.S. Senate</dc:publisher>
<dc:date>2017-03-30</dc:date>
<dc:format>text/xml</dc:format>
<dc:language>EN</dc:language>
<dc:rights>Pursuant to Title 17 Section 105 of the United States Code, this file is not subject to copyright protection and is in the public domain.</dc:rights>
</dublinCore>
</metadata>
<form>
		<distribution-code display="yes">II</distribution-code>
		<congress>115th CONGRESS</congress><session>1st Session</session>
		<legis-num>S. 797</legis-num>
		<current-chamber>IN THE SENATE OF THE UNITED STATES</current-chamber>
		<action>
			<action-date date="20170330">March 30, 2017</action-date>
			<action-desc><sponsor name-id="S307">Mr. Brown</sponsor> (for himself and <cosponsor name-id="S352">Mr. Heller</cosponsor>) introduced the following bill; which was read twice and referred to the <committee-name committee-id="SSFI00">Committee on Finance</committee-name></action-desc>
		</action>
		<legis-type>A BILL</legis-type>
		<official-title>To amend the Internal Revenue Code of 1986 to make permanent the Volunteer Income Tax Assistance
			 matching grant program.</official-title>
	</form>
	<legis-body>
		<section id="S1" section-type="section-one"><enum>1.</enum><header>Short title</header>
 <text display-inline="no-display-inline">This Act may be cited as the <quote><short-title>Volunteer Income Tax Assistance Permanence Act of 2017</short-title></quote>.</text>
		</section><section commented="no" display-inline="no-display-inline" id="idA4371ABB812B4186A5CA99EAEA463B48">
			<enum>2.</enum>
			<header>Return preparation programs for low-income taxpayers</header>
 <subsection commented="no" display-inline="no-display-inline" id="id8CB4BDC8C8CF4F1697C9FB79D6D769B1"><enum>(a)</enum><header>In general</header><text>Chapter 77 is amended by inserting after section 7526 the following new section:</text> <quoted-block display-inline="no-display-inline" id="idE203065DDB634D9AA5A92E0D8CAA171E" style="OLC"> <section id="idFD53D12ACFAF4EB5A5057C4318493395"><enum>7526A.</enum><header>Return preparation programs for low-income taxpayers</header> <subsection id="H6F86C96FB5884870AF49C8C2545AA6F1"><enum>(a)</enum><header>Volunteer Income Tax Assistance Matching Grant Program</header> <paragraph id="HE43E1F3758A241FC9890D8A8D1B4305B"><enum>(1)</enum><header>Establishment of Program</header><text>The Secretary, through the Internal Revenue Service, shall establish a Community Volunteer Income Tax Assistance Matching Grant Program (hereinafter in this section referred to as the <quote>VITA grant program</quote>). Except as otherwise provided in this section, the VITA grant program shall be administered in a manner which is substantially similar to the Community Volunteer Income Tax Assistance matching grants demonstration program established under title I of division D of the Consolidated Appropriations Act, 2008.</text>
							</paragraph><paragraph id="HB230C921776C419CB350166D288C0010"><enum>(2)</enum><header>Matching
			 grants</header>
								<subparagraph id="HE319CB8B7FAC486F8B8CE7F438067D67"><enum>(A)</enum><header>In
 general</header><text>The Secretary may, subject to the availability of appropriated funds, make available grants under the VITA grant program to provide matching funds for the development, expansion, or continuation of qualified return preparation programs assisting low-income taxpayers and members of underserved populations.</text>
								</subparagraph><subparagraph id="HBB23947E8D42454D997A0C8CD8535058"><enum>(B)</enum><header>Application</header>
 <clause id="idC4720157066A49C5A16FD3BB701DC169"><enum>(i)</enum><header>In general</header><text>Subject to clause (ii), in order to be eligible for a grant under this section, a qualified return preparation program shall submit an application to the Secretary at such time, in such manner, and containing such information as the Secretary may reasonably require.</text>
 </clause><clause id="idDE1DB335F68E444793456C6BA0DA7A4B"><enum>(ii)</enum><header>Accuracy review</header><text>In the case of any qualified return preparation program which was awarded a grant under this section and was subsequently subject to a field site visit by the Internal Revenue Service (including through the Stakeholder Partnerships, Education, and Communication office) in which it was determined that the average accuracy rate for preparation of tax returns through such program was less than 90 percent, such program shall not be eligible for any additional grants under this section unless such program provides, as part of their application, sufficient documentation regarding the corrective measures established by such program to address the deficiencies identified following the field site visit.</text>
 </clause></subparagraph><subparagraph id="H298FFA95B4974C5AAA8AA4C8326967D3"><enum>(C)</enum><header>Priority</header><text>In awarding grants under this section, the Secretary shall give priority to applications—</text>
 <clause id="HA61B51FC1C4841069AE061D3ECE17A1A"><enum>(i)</enum><text>demonstrating assistance to low-income taxpayers, with emphasis on outreach to and services for such taxpayers,</text>
 </clause><clause id="H70335AB61EEF4936AD21CD9650AA47D5"><enum>(ii)</enum><text>demonstrating taxpayer outreach and educational activities relating to eligibility and availability of income supports available through the Internal Revenue Code of 1986, such as the earned income tax credit, and</text>
 </clause><clause id="H8DF4F02684B34F09A066B061D8899D6A"><enum>(iii)</enum><text>demonstrating specific outreach and focus on one or more underserved populations.</text>
 </clause></subparagraph><subparagraph id="id1C363F41076A4301B7C5358874F512DE"><enum>(D)</enum><header>Duration of grants</header><text>Upon application of a qualified return preparation program, the Secretary is authorized to award a multi-year grant not to exceed 3 years.</text>
								</subparagraph></paragraph><paragraph id="id1E5B6C4580334EC58FB74254D004D98B"><enum>(3)</enum>
 <header>Aggregate limitation</header><text>Unless otherwise provided by specific appropriation, the Secretary shall not allocate more than $30,000,000 per fiscal year (exclusive of costs of administering the program) to carry out the purposes of this section.</text>
							</paragraph></subsection><subsection id="idFB09E604002841F58DCD2910C16EE6DB"><enum>(b)</enum><header>Use of funds</header>
 <paragraph id="H2387463B139643B29444F64A1725D3E3"><enum>(1)</enum><header>In general</header><text>Qualified return preparation programs receiving a grant under this section may use the grant for—</text>
 <subparagraph id="HC104441A3F9B41B8990E5D2D6A8E603E"><enum>(A)</enum><text>ordinary and necessary costs associated with program operation in accordance with Cost Principles Circulars as set forth by the Office of Management and Budget, including—</text>
 <clause id="idC0E8F33D19F548DAA5EAC8FA277EE305"><enum>(i)</enum><text>for wages or salaries of persons coordinating the activities of the program,</text> </clause><clause id="id1C5D6EE9A45244D9ACA27C72C1AD55B9"><enum>(ii)</enum><text>to develop training materials, conduct training, and perform quality reviews of the returns for which assistance has been provided under the program, and</text>
 </clause><clause id="id4667ED66813B4CEDADA542CDC1327458"><enum>(iii)</enum><text>for equipment purchases and vehicle-related expenses associated with remote or rural tax preparation services,</text>
 </clause></subparagraph><subparagraph id="H8D99C42852C64007863A2F8186BA7D59"><enum>(B)</enum><text>outreach and educational activities described in subsection (a)(2)(C)(ii), and</text> </subparagraph><subparagraph id="HB617B58008EC4FB788FB71CCA59ACAFD"><enum>(C)</enum><text>services related to financial education and capability, asset development, and the establishment of savings accounts in connection with tax return preparation.</text>
 </subparagraph></paragraph><paragraph id="id72FC55EC866242BE9881A7666E03FE56"><enum>(2)</enum><header>Use of grants for overhead expenses prohibited</header><text>No grant made under this section may be used for overhead expenses that are not directly related to any qualified return preparation program.</text>
							</paragraph></subsection><subsection id="H888F9E43533A48BFBDDDC429652C68E7"><enum>(c)</enum><header>Promotion and
			 referral</header>
 <paragraph id="H29844D6FA2C14F2ABF9B8DD96AF60FD4"><enum>(1)</enum><header>Promotion</header><text>The Secretary shall promote the benefits of, and encourage the use of, tax preparation through qualified return preparation programs through the use of mass communications, referrals, and other means.</text>
							</paragraph><paragraph id="HA6472F7E46E547CAABE8E1FE822467A6"><enum>(2)</enum><header>Internal revenue
 service referrals</header><text>The Secretary may refer taxpayers to qualified return preparation programs receiving funding under this section.</text>
							</paragraph><paragraph id="HCC137F62DEA4459D957E6DA4286E2A2C"><enum>(3)</enum><header>VITA grantee
 referral</header><text>Qualified return preparation programs receiving a grant under this section are encouraged to refer, as appropriate, to local or regional Low Income Taxpayer Clinics individuals who are eligible to receive services at such clinics.</text>
 </paragraph></subsection><subsection id="idD305D39DA32D4B8F9C6DBCB6C0E35A88"><enum>(d)</enum><header>Definitions</header><text display-inline="yes-display-inline">For purposes of this section—</text> <paragraph id="HE6D1829CABF44B66B55DCDBFC2B9CFDE"><enum>(1)</enum><header>Qualified return preparation program</header><text>The term <quote>qualified return preparation program</quote> means any program—</text>
 <subparagraph id="H27AF1A5774954BFAACF7EF78EB100DD6"><enum>(A)</enum><text>which provides assistance to individuals, not less than 90 percent of whom are low-income taxpayers, in preparing and filing Federal income tax returns,</text>
 </subparagraph><subparagraph id="H67D1D73F5902438EB23DC939799D21AA"><enum>(B)</enum><text>which is administered by a qualified entity,</text>
 </subparagraph><subparagraph id="H9792FFF35FEA47178208C0EB0F46D165"><enum>(C)</enum><text>in which all of the volunteers who assist in the preparation of Federal income tax returns meet the training requirements prescribed by the Secretary, and</text>
 </subparagraph><subparagraph id="H15A1C26FF9054BFB80DF3A4462274D4C"><enum>(D)</enum><text>which uses a quality review process which reviews 100 percent of all returns.</text>
								</subparagraph></paragraph><paragraph id="H22C4F12307B34A41A3FEF3238FA619D0"><enum>(2)</enum><header>Qualified
			 entity</header>
								<subparagraph id="H234467D8BD5B464C8641546F845201D1"><enum>(A)</enum><header>In
 general</header><text>The term <quote>qualified entity</quote> means any entity which—</text>
 <clause id="H055AEE3B888242409B370EE9565509CA"><enum>(i)</enum><text>is an eligible organization (as described in subparagraph (B)),</text>
 </clause><clause id="H8B4F80A5205B458ABBE05084475FA21B"><enum>(ii)</enum><text>is in compliance with Federal tax filing and payment requirements,</text>
 </clause><clause id="H008DEA6CA08A47A0984B0A29429E8B87"><enum>(iii)</enum><text>is not debarred or suspended from Federal contracts, grants, or cooperative agreements, and</text>
 </clause><clause id="H23B6599AD0F24F8298D7A21124D6CC65"><enum>(iv)</enum><text>agrees to provide documentation to substantiate any matching funds provided under the VITA grant program.</text>
									</clause></subparagraph><subparagraph id="H120B64549D4E48789BFE8A466D5CBDBD"><enum>(B)</enum><header>Eligible organization</header>
 <clause id="id0B8B218BDF0E43698DB5EC0D6C15CBF3"><enum>(i)</enum><header>In general</header><text>Subject to clause (ii), the term <term>eligible organization</term> means—</text> <subclause id="HD976E034FED24C99BF0FA47A7B89B08F"><enum>(I)</enum><text>an institution of higher education which is described in section 102 (other than subsection (a)(1)(C) thereof) of the Higher Education Act of 1965 (<external-xref legal-doc="usc" parsable-cite="usc/20/1088">20 U.S.C. 1088</external-xref>), as in effect on the date of the enactment of this section, and which has not been disqualified from participating in a program under title IV of such Act,</text>
 </subclause><subclause id="H4B0CD8077EF049348F29CD4BE56FBCCB"><enum>(II)</enum><text>an organization described in <external-xref legal-doc="usc" parsable-cite="usc/26/501">section 501(c)</external-xref> of the Internal Revenue Code of 1986 and exempt from tax under section 501(a) of such Code,</text>
 </subclause><subclause id="HB6C1ECC537CC4DCB96014E1EF187CD62"><enum>(III)</enum><text>a local government agency, including—</text> <item id="HF1066D6D952349BD92519BBD2B9680D6"><enum>(aa)</enum><text>a county or municipal government agency, and</text>
 </item><item id="H8B5B829F664F4589BFB2671DDB8996C8"><enum>(bb)</enum><text>an Indian tribe, as defined in section 4(13) of the Native American Housing Assistance and Self-Determination Act of 1996 (<external-xref legal-doc="usc" parsable-cite="usc/25/4103">25 U.S.C. 4103(13)</external-xref>), including any tribally designated housing entity (as defined in section 4(22) of such Act (<external-xref legal-doc="usc" parsable-cite="usc/25/4103">25 U.S.C. 4103(22)</external-xref>)), tribal subsidiary, subdivision, or other wholly owned tribal entity, or</text>
 </item></subclause><subclause id="H770112E2CF0C4842B09693004F5CA118"><enum>(IV)</enum><text>a local, State, regional, or national coalition (with one lead organization which meets the eligibility requirements of subclause (I), (II), or (III) acting as the applicant organization).</text>
 </subclause></clause><clause id="idC995A3EA9346462D9AA07A1CC85D30E1"><enum>(ii)</enum><header>Alternative eligible organization</header><text>If no eligible organization described in clause (i) is available to assist the targeted population or community, the term <term>eligible organization</term> shall include—</text>
 <subclause id="idD9167BAB8CF643C3B86B2DEB7F3D716C"><enum>(I)</enum><text>a State government agency, and</text> </subclause><subclause id="id870790F018034271AA4715F91BD372CF"><enum>(II)</enum><text>a Cooperative Extension Service office.</text>
										</subclause></clause></subparagraph></paragraph><paragraph id="H17E9931BEB584B6EA9FA7C32D1639876"><enum>(3)</enum><header>Low-income
 taxpayers</header><text>The term <quote>low-income taxpayer</quote> means a taxpayer who has income for the taxable year which does not exceed an amount equal to the completed phaseout amount under section 32(b) for a married couple filing a joint return with three or more qualifying children, as determined in a revenue procedure or other published guidance.</text>
							</paragraph><paragraph id="H8ABB730168664A1DAD4EFECFEFA4AB63"><enum>(4)</enum><header>Underserved
 population</header><text>The term <quote>underserved population</quote> includes populations of persons with disabilities, persons with limited English proficiency, Native Americans, individuals living in rural areas, members of the Armed Forces and their spouses, and the elderly.</text>
							</paragraph></subsection></section><after-quoted-block>.</after-quoted-block></quoted-block>
 </subsection><subsection commented="no" display-inline="no-display-inline" id="idFFF6B6B6A54F43C99683BA4FC12E976C"><enum>(b)</enum><header>Clerical amendment</header><text>The table of sections for chapter 77 is amended by inserting after the item relating to section 7526 the following new item:</text>
				<quoted-block display-inline="no-display-inline" id="id4E9EE255BE9E46E298A8262564A390FD" style="OLC"><toc><toc-entry bold="off" level="section">7526A. Return preparation programs for low-income taxpayers.</toc-entry></toc><after-quoted-block>.</after-quoted-block></quoted-block>
			</subsection></section></legis-body>
</bill>


