<?xml version="1.0"?>
<?xml-stylesheet type="text/xsl" href="billres.xsl"?>
<!DOCTYPE bill PUBLIC "-//US Congress//DTDs/bill.dtd//EN" "bill.dtd">
<bill bill-stage="Introduced-in-Senate" bill-type="olc" dms-id="A1" public-private="public"><metadata xmlns:dc="http://purl.org/dc/elements/1.1/">
<dublinCore>
<dc:title>115 S465 IS: Independent Outside Audit of the Indian Health Service Act of 2017</dc:title>
<dc:publisher>U.S. Senate</dc:publisher>
<dc:date>2017-02-28</dc:date>
<dc:format>text/xml</dc:format>
<dc:language>EN</dc:language>
<dc:rights>Pursuant to Title 17 Section 105 of the United States Code, this file is not subject to copyright protection and is in the public domain.</dc:rights>
</dublinCore>
</metadata>
<form>
<distribution-code display="yes">II</distribution-code><congress>115th CONGRESS</congress><session>1st Session</session><legis-num>S. 465</legis-num><current-chamber>IN THE SENATE OF THE UNITED STATES</current-chamber><action><action-date date="20170228">February 28, 2017</action-date><action-desc><sponsor name-id="S381">Mr. Rounds</sponsor> introduced the following bill; which was read twice and referred to the <committee-name committee-id="SLIA00">Committee on Indian Affairs</committee-name></action-desc></action><legis-type>A BILL</legis-type><official-title>To provide for an independent outside audit of the Indian Health Service.</official-title></form>
	<legis-body style="OLC">
 <section id="id0A2393C2FEB14A7FA7F9D70868A34087" section-type="section-one"><enum>1.</enum><header>Short title</header><text display-inline="no-display-inline">This Act may be cited as the <quote><short-title>Independent Outside Audit of the Indian Health Service Act of 2017</short-title></quote>.</text>
		</section><section id="idFEBF5BCE67C3431F8D06574688924D6F"><enum>2.</enum><header>Independent outside audit of the Indian Health Service</header>
 <subsection id="idD8F3951FCA3C42C59A2DAC296F9E50FE"><enum>(a)</enum><header>Definitions</header><text>In this section:</text> <paragraph id="id845189438EAE4F4FA360CF30AEEB4479"><enum>(1)</enum><header>Reputable private entity</header><text>The term <term>reputable private entity</term> means a private entity that—</text>
 <subparagraph id="ide8fbfc0681f7438ab6aa9fc2c809441f"><enum>(A)</enum><text>has experience with, and proven outcomes in optimizing the performance of, Federal health care delivery systems, the private sector, and health care management; and</text>
 </subparagraph><subparagraph commented="no" display-inline="no-display-inline" id="id4206837abd354c08ba8bc82651a680a7"><enum>(B)</enum><text>specializes in implementing large-scale organizational and cultural transformations, especially with respect to health care delivery systems.</text>
 </subparagraph></paragraph><paragraph id="id3C25D2AC10A143A58F1734DE182ED698"><enum>(2)</enum><header>Secretary</header><text>The term <term>Secretary</term> means the Secretary of Health and Human Services.</text> </paragraph><paragraph id="idC18082F2C350477BBD3AB6D339C90E73"><enum>(3)</enum><header>Service</header><text>The term <term>Service</term> means the Indian Health Service.</text>
 </paragraph></subsection><subsection id="id4e8f42783d7248e2b49ca03594e57113"><enum>(b)</enum><header>Assessment</header><text>Not later than 90 days after the date of enactment of this Act, the Secretary shall enter into one or more contracts with a reputable private entity to conduct an independent assessment of the health care delivery systems and financial management processes of the Service.</text>
			</subsection><subsection id="id910d8e5e7af549f9b4bca1de1d022a01"><enum>(c)</enum><header>Program integrator</header>
 <paragraph id="id73f3aff3a1a04c9bbd5d9745af655b29"><enum>(1)</enum><header>In general</header><text>If the Secretary enters into contracts under this section with more than 1 reputable private sector entity, the Secretary shall designate one such entity that is predominantly a health care organization as the program integrator.</text>
 </paragraph><paragraph id="id8dcaf12213bd47ce9da1a22766fdedcc"><enum>(2)</enum><header>Responsibilities</header><text>The program integrator designated under paragraph (1) shall be responsible for coordinating the outcomes of the assessments conducted by the reputable private entities under this section.</text>
 </paragraph></subsection><subsection id="ide53380be25724a229264e8cf65102680"><enum>(d)</enum><header>Areas of study</header><text>Each assessment conducted under subsection (b) shall address each of the following:</text> <paragraph id="id3673fdb1fb7c437a854573905bec7de7"><enum>(1)</enum><text>Current and projected demographics and unique health care needs of the patient population served by the Service.</text>
 </paragraph><paragraph id="id47ebcd2790cb4c33bb26fc20ec96f5c3"><enum>(2)</enum><text>Current and projected health care capabilities and resources of the Service, including hospital care, medical services, and other health care furnished by non-Service facilities under contract with the Service, to provide timely and accessible care to eligible patients.</text>
 </paragraph><paragraph id="id2251e7282fc44a37960f94b258232eef"><enum>(3)</enum><text>The authorities and mechanisms under which the Secretary may furnish hospital care, medical services, and other health care at non-Service facilities, including whether it is recommended that the Secretary have the authority to furnish such care and services at such facilities through the completion of episodes of care.</text>
 </paragraph><paragraph id="id9a50c99c459044e39b5f9d41282e9009"><enum>(4)</enum><text>The appropriate systemwide access standard applicable to hospital care, medical services, and other health care furnished by and through the Service, including an identification of appropriate access standards for each individual specialty and post-care rehabilitation.</text>
 </paragraph><paragraph id="id672b0e5aa3e84ee2ad8d6fd39ec4a756"><enum>(5)</enum><text>The workflow process at each medical facility of the Service for scheduling appointments to receive hospital care, medical services, or other health care from the Service.</text>
 </paragraph><paragraph id="ida3e14d8413bf49b5af1b82db14102715"><enum>(6)</enum><text>The organization, workflow processes, and tools used by the Service to support clinical staffing, access to care, effective length-of-stay management and care transitions, positive patient experience, accurate documentation, and subsequent coding of inpatient services.</text>
 </paragraph><paragraph id="id2635d72bc11544628ee5fb78427e7402"><enum>(7)</enum><text>The staffing level at each medical facility of the Service and the productivity of each health care provider at such medical facility, compared with health care industry performance metrics, which may include an assessment of any of the following:</text>
 <subparagraph id="id45d559ab26c44f7b9c72cef411cf23f0"><enum>(A)</enum><text>The case load of, and number of patients treated by, each health care provider at such medical facility during an average week.</text>
 </subparagraph><subparagraph id="id600dbff13375474e8abedafe57ef9a64"><enum>(B)</enum><text>The time spent by such health care provider on matters other than the case load of such health care provider.</text>
 </subparagraph><subparagraph id="id364f42dd987b4ceda1a8e8800eeeea20"><enum>(C)</enum><text>The amount of personnel used for administration compared with direct health care in the Service being comparable to the amount used for administration compared with direct health care in private health care institutions.</text>
 </subparagraph><subparagraph id="id6d2efa0ae7b541c394597ef88a8753a7"><enum>(D)</enum><text>The allocation of the budget of the Service used for administration compared with the allocation of the budget used for direct health care at Service-operated facilities.</text>
 </subparagraph><subparagraph id="ida1b29021e5564ca897affa48f89859ba"><enum>(E)</enum><text>Any vacancies in positions of full-time equivalent employees that the Service—</text> <clause id="id3e6372538e74495b913bf7a584da6607"><enum>(i)</enum><text>does not intend to fill; or</text>
 </clause><clause id="idb46859cb3ea64b5f86a9e0d87356ee61"><enum>(ii)</enum><text>has not filled during the 12-month period beginning on the date on which the position became vacant.</text>
 </clause></subparagraph><subparagraph id="idc93ebc9c7bc8487daad81f17791c6184"><enum>(F)</enum><text>The disposition of amounts budgeted for full-time equivalent employees that is not used for those employees because the positions of the employees are vacant, including—</text>
 <clause id="id4f16c95064204405a025b6da173c2ff3"><enum>(i)</enum><text>whether the amounts are redeployed; and</text> </clause><clause id="id8c4b00c29b3e4ba4a238d19e7e557f1a"><enum>(ii)</enum><text>if the amounts are redeployed, how the redeployment is determined.</text>
 </clause></subparagraph><subparagraph id="id0e49bf9d4025459390a0877873f02dfa"><enum>(G)</enum><text>With respect to the approximately 3,700 Medicaid-reimbursable full-time equivalent employees of the Service—</text>
 <clause id="idcf478debcd63486b9fb93b8c5c936613"><enum>(i)</enum><text>the number of those employees who are certified coders; and</text> </clause><clause id="id02f3d50ae36f471481038e1c94105032"><enum>(ii)</enum><text>whether that number of employees is necessary.</text>
 </clause></subparagraph></paragraph><paragraph id="id1de7b6fd59dc4ecc858d9207170543cc"><enum>(8)</enum><text>The information technology strategies of the Service with respect to furnishing and managing health care, including an identification of any weaknesses and opportunities with respect to the technology used by the Service, especially those strategies with respect to clinical documentation of episodes of hospital care, medical services, and other health care, including any clinical images and associated textual reports, furnished by the Service in Service or non-Service facilities.</text>
 </paragraph><paragraph id="ida54c61ab87da4d9a9c679da3acff4f1b"><enum>(9)</enum><text>Business processes of the Service, including processes relating to furnishing non-Service health care, insurance identification, third-party revenue collection, and vendor reimbursement, including an identification of mechanisms as follows:</text>
 <subparagraph id="id3e0001ec686341ccb5b0b1f3aa398142"><enum>(A)</enum><text>To avoid the payment of penalties to vendors.</text> </subparagraph><subparagraph id="id54ee3823e83b4597bff5465bf5ce8789"><enum>(B)</enum><text>To increase the collection of amounts owed to the Service for hospital care, medical services, or other health care provided by the Service for which reimbursement from a third party is authorized and to ensure that such amounts collected are accurate.</text>
 </subparagraph><subparagraph id="id219b17b484c048cfb39fa1687e13d0dd"><enum>(C)</enum><text>To increase the collection of any other amounts owed to the Service with respect to hospital care, medical services, and other health care and to ensure that such amounts collected are accurate.</text>
 </subparagraph><subparagraph id="id3569f6d7ad98433484e5bb288164f58b"><enum>(D)</enum><text>To increase the accuracy and timeliness of Service payments to vendors and providers.</text> </subparagraph></paragraph><paragraph id="id4bf8f0e831724fa9ac534f721114df33"><enum>(10)</enum><text>The purchasing, distribution, and use of pharmaceuticals, medical and surgical supplies, medical devices, and health care related services by the Service, including the following:</text>
 <subparagraph id="id9b7fc806f2534bbeb3b7fac0433e8755"><enum>(A)</enum><text>The prices paid for, standardization of, and use by the Service of, the following:</text> <clause id="id201dc480df73460baf96e627c8762e76"><enum>(i)</enum><text>Pharmaceuticals.</text>
 </clause><clause id="ida1c7041dbe45423fa43c4358138d11f9"><enum>(ii)</enum><text>Medical and surgical supplies.</text> </clause><clause id="ida3b8ca909a9c40f6937adf452cc75ed2"><enum>(iii)</enum><text>Medical devices.</text>
 </clause></subparagraph><subparagraph id="iddf143f33fe21436e9b6d5a113e68975e"><enum>(B)</enum><text>The use by the Service of group purchasing arrangements to purchase pharmaceuticals, medical and surgical supplies, medical devices, and health care related services.</text>
 </subparagraph><subparagraph id="id0959f09e0ce046f59ae7266b945463cd"><enum>(C)</enum><text>The strategy and systems used by the Service to distribute pharmaceuticals, medical and surgical supplies, medical devices, and health care related services to medical facilities of the Service.</text>
 </subparagraph></paragraph><paragraph commented="no" id="id8162f240e26b4b2b94c85d322267bcba"><enum>(11)</enum><text>The process of the Service for carrying out construction and maintenance projects at medical facilities of the Service and the medical facility leasing program of the Service, including—</text>
 <subparagraph commented="no" id="id598e6a98a7614c42bfe232c9a1f99677"><enum>(A)</enum><text>whether the maintenance budget is updated or increased to reflect increases in maintenance costs with the addition of new facilities and whether any increase is sufficient to support the growth of the facilities; and</text>
 </subparagraph><subparagraph commented="no" id="idaed5118d29d44dca9b710d8fca95f54a"><enum>(B)</enum><text>what the process is for facilities that reach the end of their proposed life cycle.</text> </subparagraph></paragraph><paragraph commented="no" id="id49935d8367ff4ad796a1cfcc08e11bc3"><enum>(12)</enum><text>The competency of leadership with respect to culture, accountability, reform readiness, leadership development, physician alignment, employee engagement, succession planning, and performance management, including—</text>
 <subparagraph commented="no" id="idbd2bba23308449268b2a4795949abcd7"><enum>(A)</enum><text>the reasons for a lack in transparency in the culture of the Service, leading tribal leadership to request increased transparency and more open communication between the Service and the people served by the Service; and</text>
 </subparagraph><subparagraph commented="no" id="ide3c6c6e6073d44be8a3336fed80b50c2"><enum>(B)</enum><text>whether any checks and balances exist to assess potential fraud or misuse of amounts within the Service.</text>
 </subparagraph></paragraph><paragraph commented="no" id="idc9a8f43ceedb4fc6a06d23fcb10cdce6"><enum>(13)</enum><text>The lack of a funding formula to distribute base funding to the 12 Service areas, including the following:</text>
 <subparagraph commented="no" id="id86316856cd904e56bd73e00040d7af1d"><enum>(A)</enum><text>The establishment of the current process of funding being distributed based on historical allocations and not on need such as population growth, number of facilities, etc.</text>
 </subparagraph><subparagraph commented="no" id="idea00aaf30c224e1d91f31de929d45b2a"><enum>(B)</enum><text>How the implementation of self-governance policies has impacted health care delivery.</text> </subparagraph><subparagraph commented="no" id="id9766b74adc8e4a4fb236e22c8bd18dcd"><enum>(C)</enum><text>The communication to area office directors on distribution decisionmaking.</text>
 </subparagraph><subparagraph commented="no" id="id5d7036e6c9784a83a27685f0ed59ddd2"><enum>(D)</enum><text>How the tribal and residual shares are determined for each Indian tribe and the amounts of those shares.</text>
 </subparagraph><subparagraph commented="no" id="idb4d5f4f818944e47a88033e19afa818a"><enum>(E)</enum><text>The auditing or evaluation process used by the Service to determine whether amounts are distributed and expended appropriately, including—</text>
 <clause commented="no" id="id39bf46cbccac4079a114085a44080adf"><enum>(i)</enum><text>whether periodic or end-of-year records document the actual distributions; and</text> </clause><clause commented="no" id="id9c17a6481b8a4a15806d3562d93081b5"><enum>(ii)</enum><text>whether any auditing or evaluation is conducted in accordance with generally accepted accounting principles or other appropriate practices.</text>
 </clause></subparagraph></paragraph><paragraph id="id4bb854596e0948808c0e72aebd827fd7"><enum>(14)</enum><text>Whether the Service tracks patients eligible for two or more of either the Medicaid program under title XIX of the Social Security Act (<external-xref legal-doc="usc" parsable-cite="usc/42/1396">42 U.S.C. 1396</external-xref> et seq.), health care received through the Service, or any other Federal health care program (referred to in this section as <quote>dual eligible patients</quote>). If so, how dual eligible patients are managed.</text>
 </paragraph><paragraph id="idf63b4c69794548c2869ee572af5076cd"><enum>(15)</enum><text>The number of procurement contracts entered into and awards made by the Service under section 23 of the Act of June 25, 1910 (commonly known as the <quote>Buy Indian Act</quote>) (<external-xref legal-doc="usc" parsable-cite="usc/25/47">25 U.S.C. 47</external-xref>), and a comparison of that number, with—</text>
 <subparagraph id="idf8ae23cd280f48b48c4f23e39c477e17"><enum>(A)</enum><text>the total number of procurement contracts entered into and awards made by the Service during the 5 fiscal years prior to the date of enactment of this Act; and</text>
 </subparagraph><subparagraph id="id5f5b7866b1cb47818d9c2c0b449108b8"><enum>(B)</enum><text>the process used by the Service facilities to ensure compliance with section 23 of the Act of June 25, 1910 (commonly known as the <quote>Buy Indian Act</quote>) (<external-xref legal-doc="usc" parsable-cite="usc/25/47">25 U.S.C. 47</external-xref>).</text>
 </subparagraph></paragraph><paragraph id="ide0e95b6e1c6d49deac9cd4421b4c7a4d"><enum>(16)</enum><text>Any other items the reputable private entity determines should be addressed in the independent assessment of the Service.</text>
				</paragraph></subsection><subsection id="id0629ebb90e2d4cac89ea72dedb96080e"><enum>(e)</enum><header>Report on assessment</header>
 <paragraph id="id7b3f9092aa8a4a32a032964de67bf180"><enum>(1)</enum><header>Submission to secretary</header><text>Not later than 240 days after the date a contract is entered into under subsection (b), the entity carrying out the assessment under the contract shall—</text>
 <subparagraph id="id8f471183d1e74afc920923d32cba9ba1"><enum>(A)</enum><text>complete the assessment; and</text> </subparagraph><subparagraph id="id5e3173dc263343c4ade256dee8609139"><enum>(B)</enum><text>submit to the Secretary a report describing the findings and recommendations of the entity with respect to the assessment.</text>
 </subparagraph></paragraph><paragraph id="idaaf45e1ca7d841e3b008131394342337"><enum>(2)</enum><header>Submission to congress</header><text>Immediately on receipt of the report under paragraph (1)(B), the Secretary shall submit the report to—</text>
 <subparagraph id="id6ae15acfdaa8427da9e3bb9009f73023"><enum>(A)</enum><text>the appropriate committees of Congress, including—</text> <clause id="id947678ace5654758a6ee152a399f4a65"><enum>(i)</enum><text>the Committee on Appropriations of the Senate; and</text>
 </clause><clause id="id3bbf86dc34ce41a58e40b29b267fafc2"><enum>(ii)</enum><text>the Committee on Appropriations of the House of Representatives;</text> </clause></subparagraph><subparagraph id="id7aa26298c5d94cd292a5fb6aee119fab"><enum>(B)</enum><text>the Majority Leader of the Senate;</text>
 </subparagraph><subparagraph id="idb7c81631bf914cd2b0fca72a15de7543"><enum>(C)</enum><text>the Minority Leader of the Senate;</text> </subparagraph><subparagraph id="idf56676a6a6a845b3b03464cabb57e205"><enum>(D)</enum><text>the Speaker of the House of Representatives; and</text>
 </subparagraph><subparagraph id="iddc72e993a24846d4ac47125ef761197b"><enum>(E)</enum><text>the Minority Leader of the House of Representatives.</text> </subparagraph></paragraph><paragraph id="ida0292f98cef4414caae0ba426d7841f5"><enum>(3)</enum><header>Publication</header><text>Not later than 30 days after receiving the report under paragraph (1)(B), the Secretary shall publish such report in the Federal Register and on an Internet website of the Service that is accessible to the public.</text>
 </paragraph></subsection><subsection id="id84beb1c2318a4dc2abe3a0b66ed548b0"><enum>(f)</enum><header>Funding</header><text>The Secretary shall use, to carry out this section, such amounts as are necessary from other amounts available to the Secretary that are not otherwise obligated.</text></subsection></section></legis-body></bill>


