<?xml version="1.0"?>
<?xml-stylesheet type="text/xsl" href="billres.xsl"?>
<!DOCTYPE bill PUBLIC "-//US Congress//DTDs/bill.dtd//EN" "bill.dtd">
<bill bill-stage="Introduced-in-Senate" bill-type="olc" dms-id="A1" public-private="public"><metadata xmlns:dc="http://purl.org/dc/elements/1.1/">
<dublinCore>
<dc:title>115 S283 IS: Mark Takai Atomic Veterans Healthcare Parity Act</dc:title>
<dc:publisher>U.S. Senate</dc:publisher>
<dc:date>2017-02-02</dc:date>
<dc:format>text/xml</dc:format>
<dc:language>EN</dc:language>
<dc:rights>Pursuant to Title 17 Section 105 of the United States Code, this file is not subject to copyright protection and is in the public domain.</dc:rights>
</dublinCore>
</metadata>
<form>
<distribution-code display="yes">II</distribution-code><congress>115th CONGRESS</congress><session>1st Session</session><legis-num>S. 283</legis-num><current-chamber>IN THE SENATE OF THE UNITED STATES</current-chamber><action><action-date date="20170202">February 2, 2017</action-date><action-desc><sponsor name-id="S332">Mr. Franken</sponsor> (for himself, <cosponsor name-id="S384">Mr. Tillis</cosponsor>, <cosponsor name-id="S337">Mr. Coons</cosponsor>, <cosponsor name-id="S322">Mr. Merkley</cosponsor>, <cosponsor name-id="S247">Mr. Wyden</cosponsor>, and <cosponsor name-id="S361">Ms. Hirono</cosponsor>) introduced the following bill; which was read twice and referred to the <committee-name committee-id="SSVA00">Committee on Veterans' Affairs</committee-name></action-desc></action><legis-type>A BILL</legis-type><official-title>To amend title 38, United States Code, to provide for the treatment of veterans who participated in
			 the cleanup of Enewetak Atoll as radiation exposed veterans for purposes
			 of the presumption of service-connection of certain disabilities by the
			 Secretary of Veterans Affairs, and for other purposes.</official-title></form>
	<legis-body display-enacting-clause="yes-display-enacting-clause" id="HEAE53B3AA98448B28EC7B98263B6C879" style="OLC">
 <section id="H987CE24260164C8F9052672B48793981" section-type="section-one"><enum>1.</enum><header>Short title</header><text display-inline="no-display-inline">This Act may be cited as the <quote><short-title>Mark Takai Atomic Veterans Healthcare Parity Act</short-title></quote>.</text> </section><section id="id4C3F270E51824FA5AA686BB71854804F" section-type="subsequent-section"><enum>2.</enum><header>Treatment of veterans who participated in cleanup of Enewetak Atoll as radiation exposed veterans for purposes of presumption of service-connection of certain disabilities by Department of Veterans Affairs</header><text display-inline="no-display-inline">Section 1112(c)(3)(B) of title 38, United States Code, is amended by adding at the end the following new clause:</text>
			<quoted-block display-inline="no-display-inline" id="id4FD239E0781B4BAE881E35B78DEAE62D" style="OLC">
 <clause id="idCD2937F2185D4A61A939400380222AE8" indent="up1"><enum>(v)</enum><text>Cleanup of Enewetak Atoll during the period beginning on January 1, 1977, and ending on December 31, 1980.</text></clause><after-quoted-block>.</after-quoted-block></quoted-block></section></legis-body></bill>


