<?xml version="1.0"?>
<?xml-stylesheet type="text/xsl" href="billres.xsl"?>
<!DOCTYPE bill PUBLIC "-//US Congress//DTDs/bill.dtd//EN" "bill.dtd">
<bill bill-stage="Introduced-in-Senate" dms-id="A1" public-private="public"><metadata xmlns:dc="http://purl.org/dc/elements/1.1/">
<dublinCore>
<dc:title>115 S508 IS: Western Oregon Tribal Fairness Act</dc:title>
<dc:publisher>U.S. Senate</dc:publisher>
<dc:date>2017-03-02</dc:date>
<dc:format>text/xml</dc:format>
<dc:language>EN</dc:language>
<dc:rights>Pursuant to Title 17 Section 105 of the United States Code, this file is not subject to copyright protection and is in the public domain.</dc:rights>
</dublinCore>
</metadata>
<form>
<distribution-code display="yes">II</distribution-code><congress>115th CONGRESS</congress><session>1st Session</session><legis-num>S. 508</legis-num><current-chamber>IN THE SENATE OF THE UNITED STATES</current-chamber><action><action-date date="20170302">March 2, 2017</action-date><action-desc><sponsor name-id="S247">Mr. Wyden</sponsor> (for himself and <cosponsor name-id="S322">Mr. Merkley</cosponsor>) introduced the following bill; which was read twice and referred to the <committee-name committee-id="SSEG00">Committee on Energy and Natural Resources</committee-name></action-desc></action><legis-type>A BILL</legis-type><official-title>To provide for the conveyance of certain Federal land in the State of Oregon, and for other
			 purposes.</official-title></form>
	<legis-body display-enacting-clause="yes-display-enacting-clause">
		<section id="id826E35C0EDD84830B56015845AEA03D8" section-type="section-one"><enum>1.</enum><header>Short title; table of contents</header>
 <subsection id="idC3BADF277EAB4342BF745452CE085FBB"><enum>(a)</enum><header>Short title</header><text>This Act may be cited as the <quote><short-title>Western Oregon Tribal Fairness Act</short-title></quote>.</text> </subsection><subsection id="idC223FBE7BC224629A16C17D12565A14F"><enum>(b)</enum><header>Table of contents</header><text>The table of contents for this Act is as follows:</text><toc><toc-entry idref="id826E35C0EDD84830B56015845AEA03D8" level="section">Sec. 1. Short title; table of contents.</toc-entry><toc-entry idref="id8215130009DB4A42B1B473D749C09660" level="title">TITLE I—Cow Creek Umpqua Land Conveyance</toc-entry><toc-entry level="section">Sec. 101. Definitions.</toc-entry><toc-entry level="section">Sec. 102. Land to be held in trust.</toc-entry><toc-entry level="section">Sec. 103. Map and legal description.</toc-entry><toc-entry level="section">Sec. 104. Administration.</toc-entry><toc-entry level="section">Sec. 105. Land reclassification.</toc-entry><toc-entry idref="id3788F83204F94173889106A9659B091F" level="title">TITLE II—Oregon Coastal Land Conveyance</toc-entry><toc-entry idref="HF9108645D74A44CDBC56C8C322C991DF" level="section">Sec. 201. Definitions.</toc-entry><toc-entry idref="H041CEA88917540F79E9AE46694C91C2F" level="section">Sec. 202. Land to be held in trust.</toc-entry><toc-entry idref="HE71E1A72345E41469FE8A1008A65D79E" level="section">Sec. 203. Map and legal description.</toc-entry><toc-entry idref="H263A68A9EF044851BF37F5F040345354" level="section">Sec. 204. Administration.</toc-entry><toc-entry idref="HE0DB80FEC458478DAA9AD432881269ED" level="section">Sec. 205. Land reclassification.</toc-entry><toc-entry idref="id030ED73D9A284EACAD1788F61152ED62" level="title">TITLE III—Amendments to Coquille Restoration Act</toc-entry><toc-entry idref="id0B441FEFFE834D2AB9592D08D1D07B7F" level="section">Sec. 301. Amendments to Coquille Restoration Act.</toc-entry></toc>
			</subsection></section><title id="id8215130009DB4A42B1B473D749C09660" style="OLC"><enum>I</enum><header>Cow Creek Umpqua Land Conveyance</header>
 <section id="id6be06e49-bed8-4edf-82fe-379ddb08c01a" section-type="subsequent-section"><enum>101.</enum><header>Definitions</header><text display-inline="no-display-inline">In this title:</text> <paragraph id="id167ffcb6-4da9-4b44-b0b5-b79c9cf416ff"><enum>(1)</enum><header>Council creek land</header><text>The term <term>Council Creek land</term> means the approximately 17,519 acres of land, as generally depicted on the map entitled <quote>Canyon Mountain Land Conveyance</quote> and dated May 24, 2016.</text>
 </paragraph><paragraph id="id819afd55-4e71-4957-9209-601ac8052e9a"><enum>(2)</enum><header>Tribe</header><text>The term <term>Tribe</term> means the Cow Creek Band of Umpqua Tribe of Indians.</text> </paragraph><paragraph id="id67d3d6d0-d88b-404f-a654-05755fd262a7"><enum>(3)</enum><header>Secretary</header><text>The term <term>Secretary</term> means the Secretary of the Interior.</text>
				</paragraph></section><section id="id98dad8ad-91e4-4686-8654-3992281d88c3"><enum>102.</enum><header>Land to be held in trust</header>
 <subsection id="id01a324e1-7575-4d58-a461-37529266e399"><enum>(a)</enum><header>In general</header><text>Subject to valid existing rights, including rights-of-way, all right, title, and interest of the United States in and to the Council Creek land, including any improvements located on the land, appurtenances to the land, and minerals on or in the land, including oil and gas, shall be—</text>
 <paragraph id="id43e0771f-20b2-449e-ba28-d36f0321863f"><enum>(1)</enum><text>held in trust by the United States for the benefit of the Tribe; and</text> </paragraph><paragraph id="idf8df8d0f-085b-4917-9932-abab1d5c1807"><enum>(2)</enum><text>part of the reservation of the Tribe.</text>
 </paragraph></subsection><subsection id="id3bf0219f-1edf-4bed-9d13-38d4d67bd09f"><enum>(b)</enum><header>Survey</header><text>Not later than 2 years after the date of enactment of this Act, the Secretary shall complete a survey to establish the boundaries of the land taken into trust under subsection (a).</text>
 </subsection><subsection id="id80f93d8bbcc64b4b93f6e22f12450bbb"><enum>(c)</enum><header>Effective date</header><text>Subsection (a) shall take effect on the day after the date on which the Secretary records the agreement entered into under section 104(d)(1).</text>
				</subsection></section><section id="id71b59046-2f8e-450d-b7bd-b0aacf7fbc9a"><enum>103.</enum><header>Map and legal description</header>
 <subsection id="id92da08aa-fd2c-4cde-8b0b-7aa98705bb0d"><enum>(a)</enum><header>In general</header><text>As soon as practicable after the date of enactment of this Act, the Secretary shall file a map and legal description of the Council Creek land with—</text>
 <paragraph id="ida09e89de-b859-47b1-87f0-d8ae745e836e"><enum>(1)</enum><text>the Committee on Energy and Natural Resources of the Senate; and</text> </paragraph><paragraph id="id8fb7f19d-bd27-44c5-8b5e-8c65d054238f"><enum>(2)</enum><text>the Committee on Natural Resources of the House of Representatives.</text>
 </paragraph></subsection><subsection id="idf2b71a5d-a8f8-4826-ae49-4c0774024be0"><enum>(b)</enum><header>Force and effect</header><text>The map and legal description filed under subsection (a) shall have the same force and effect as if included in this title, except that the Secretary may correct any clerical or typographical errors in the map or legal description.</text>
 </subsection><subsection id="id1ee46000-afd9-4ee9-a757-d71a07b5dd61"><enum>(c)</enum><header>Public availability</header><text>The map and legal description filed under subsection (a) shall be on file and available for public inspection in the Office of the Secretary.</text>
				</subsection></section><section id="id1455c44a-450f-4a87-8003-410dc1af1b00"><enum>104.</enum><header>Administration</header>
 <subsection id="id706ee172-2958-4e9f-a763-19b69e164bdc"><enum>(a)</enum><header>In general</header><text>Unless expressly provided in this title, nothing in this title affects any right or claim of the Tribe existing on the date of enactment of this Act to any land or interest in land.</text>
				</subsection><subsection id="ide8104a82-dfe6-4236-a6ad-fd4e197f2ea9"><enum>(b)</enum><header>Prohibitions</header>
 <paragraph id="idc5993eb8-0c40-42b7-80b5-56b197dc5160"><enum>(1)</enum><header>Exports of unprocessed logs</header><text>Federal law (including regulations) relating to the export of unprocessed logs harvested from Federal land shall apply to any unprocessed logs that are harvested from the Council Creek land.</text>
 </paragraph><paragraph id="id36846415-a0c3-440b-ba2c-f5ddb94ecb85"><enum>(2)</enum><header>Non-permissible use of land</header><text>Any real property taken into trust under section 102 shall not be eligible, or used, for any gaming activity carried out under <external-xref legal-doc="public-law" parsable-cite="pl/100/497">Public Law 100–497</external-xref> (<external-xref legal-doc="usc" parsable-cite="usc/25/2701">25 U.S.C. 2701</external-xref> et seq.).</text>
 </paragraph></subsection><subsection id="id1867c9cc-2f56-4836-b471-8e6d9be6d82f"><enum>(c)</enum><header>Forest management</header><text display-inline="yes-display-inline">Any forest management activity that is carried out on the Council Creek land shall be managed in accordance with all applicable Federal laws.</text>
				</subsection><subsection id="ide3734ffcdcc0485199e7b997402b42c0"><enum>(d)</enum><header>Agreements</header>
 <paragraph id="id690e8f21fca846029e387e0833f3f48b"><enum>(1)</enum><header>Memorandum of agreement for administrative access</header><text>Not later than 180 days after the date of enactment of this Act, the Secretary shall seek to enter into an agreement with the Tribe that secures existing administrative access by the Secretary to the Council Creek land.</text>
					</paragraph><paragraph id="id8182c5277d7e4abfb347bf21e365b33e"><enum>(2)</enum><header>Reciprocal right-of-way agreements</header>
 <subparagraph id="idDF98C5C2D3324339AA6A56C9FF905D5A"><enum>(A)</enum><header>In general</header><text>On the date on which the agreement is entered into under paragraph (1), the Secretary shall provide to the Tribe all reciprocal right-of-way agreements to the Council Creek land in existence as of the date of enactment of this Act.</text>
 </subparagraph><subparagraph id="idBF7C752BFC7944B49E452FA152E9CFC4"><enum>(B)</enum><header>Continued access</header><text>Beginning on the date on which the Council Creek land is taken into trust under section 102, the Tribe shall continue the access provided by the agreements referred to in subparagraph (A) in perpetuity.</text>
 </subparagraph></paragraph></subsection><subsection id="id714780bf72b4439d97552c31f9149bab"><enum>(e)</enum><header>Land use planning requirements</header><text>Except as provided in subsection (c), once the Council Creek land is taken into trust under section 102, the Council Creek land shall not be subject to the land use planning requirements of the Federal Land Policy and Management Act of 1976 (<external-xref legal-doc="usc" parsable-cite="usc/43/1701">43 U.S.C. 1701</external-xref> et seq.) or the Act of August 28, 1937 (<external-xref legal-doc="usc" parsable-cite="usc/43/1181a">43 U.S.C. 1181a</external-xref> et seq.).</text>
				</subsection></section><section id="idbab410c9-1231-4bf8-a6dc-f9693280f975"><enum>105.</enum><header>Land reclassification</header>
 <subsection id="id786369e1-5d75-4eb6-b9c1-f5a1820d71b3"><enum>(a)</enum><header>Identification of Oregon and California railroad grant land</header><text display-inline="yes-display-inline">Not later than 180 days after the date of enactment of this Act, the Secretary of Agriculture and the Secretary shall identify any Oregon and California Railroad grant land that is held in trust by the United States for the benefit of the Tribe under section 102.</text>
 </subsection><subsection id="id83e4bc15-d41d-4e32-8d76-c81427b2a4ed"><enum>(b)</enum><header>Identification of public domain land</header><text>Not later than 2 years after the date of enactment of this Act, the Secretary shall identify public domain land in the State of Oregon that—</text>
 <paragraph id="id4e80d746-8073-4843-94c5-9bea497f2b93"><enum>(1)</enum><text display-inline="yes-display-inline">is approximately equal in acreage and condition as the Oregon and California Railroad grant land identified under subsection (a); and</text>
 </paragraph><paragraph id="id5fa86169-72c5-48df-a70e-fe508c781326"><enum>(2)</enum><text display-inline="yes-display-inline">is located within the 18 western Oregon and California Railroad grant land counties (other than Klamath County, Oregon).</text>
 </paragraph></subsection><subsection id="id432b2702-0fa5-4c3f-868c-25bccbcffd40"><enum>(c)</enum><header>Maps</header><text>Not later than 3 years after the date of enactment of this Act, the Secretary shall submit to Congress and publish in the Federal Register one or more maps depicting the land identified in subsections (a) and (b).</text>
				</subsection><subsection id="idfa49e130-64e7-45da-93f7-731083c9390d"><enum>(d)</enum><header>Reclassification</header>
 <paragraph id="id0a6f6607-c65d-4ccf-9896-9c776082fc4d"><enum>(1)</enum><header>In general</header><text>After providing an opportunity for public comment, the Secretary shall reclassify the land identified in subsection (b) as Oregon and California Railroad grant land.</text>
 </paragraph><paragraph commented="no" display-inline="no-display-inline" id="idd24a7852-4279-40a3-912e-633c28afa4c6"><enum>(2)</enum><header>Applicability</header><text>The Act of August 28, 1937 (<external-xref legal-doc="usc" parsable-cite="usc/43/1181a">43 U.S.C. 1181a</external-xref> et seq.), shall apply to land reclassified as Oregon and California Railroad grant land under paragraph (1).</text>
					</paragraph></subsection></section></title><title id="id3788F83204F94173889106A9659B091F" style="OLC"><enum>II</enum><header>Oregon Coastal Land Conveyance</header>
 <section id="HF9108645D74A44CDBC56C8C322C991DF"><enum>201.</enum><header>Definitions</header><text display-inline="no-display-inline">In this title:</text> <paragraph id="H2B5943E4A8C845EF94D390DFB530F038"><enum>(1)</enum><header>Confederated tribes</header><text>The term <term>Confederated Tribes</term> means the Confederated Tribes of Coos, Lower Umpqua, and Siuslaw Indians.</text>
 </paragraph><paragraph id="HE1EBFF671D01418B87B8D3FE8D1C2323"><enum>(2)</enum><header>Oregon coastal land</header><text>The term <term>Oregon Coastal land</term> means the approximately 14,742 acres of land, as generally depicted on the map entitled <quote>Oregon Coastal Land Conveyance</quote> and dated July 11, 2016.</text> </paragraph><paragraph id="H06BEB9187A144920A4F084429166E83E"><enum>(3)</enum><header>Secretary</header><text>The term <term>Secretary</term> means the Secretary of the Interior.</text>
				</paragraph></section><section id="H041CEA88917540F79E9AE46694C91C2F"><enum>202.</enum><header>Land to be held in trust</header>
 <subsection id="H51F94B9FC51E402E9FAE906B525EF479"><enum>(a)</enum><header>In general</header><text>Subject to valid existing rights, including rights-of-way, all right, title, and interest of the United States in and to the Oregon Coastal land, including any improvements located on the land, appurtenances to the land, and minerals on or in the land, including oil and gas, shall be—</text>
 <paragraph id="HD01F97CC843A4964856138BF1E09E9B3"><enum>(1)</enum><text>held in trust by the United States for the benefit of the Confederated Tribes; and</text> </paragraph><paragraph id="H53077C6474744C6FAC42905341959C9E"><enum>(2)</enum><text>part of the reservation of the Confederated Tribes.</text>
 </paragraph></subsection><subsection id="H688B137429E64A289961A0048E0BF0CD"><enum>(b)</enum><header>Survey</header><text>Not later than 2 years after the date of enactment of this Act, the Secretary shall complete a survey to establish the boundaries of the land taken into trust under subsection (a).</text>
 </subsection><subsection id="id22a3f0fbeb1941c5a1d081d2c27e4595"><enum>(c)</enum><header>Effective date</header><text>Subsection (a) shall take effect on the day after the date on which the Secretary records the agreement entered into under section 204(d)(1).</text>
				</subsection></section><section id="HE71E1A72345E41469FE8A1008A65D79E"><enum>203.</enum><header>Map and legal description</header>
 <subsection id="HE8E5A0D70C6F46E898073A4E72897971"><enum>(a)</enum><header>In general</header><text>As soon as practicable after the date of enactment of this Act, the Secretary shall file a map and legal description of the Oregon Coastal land with—</text>
 <paragraph id="H7FC915CC2DB6463BB95F79B1914666CA"><enum>(1)</enum><text>the Committee on Energy and Natural Resources of the Senate; and</text> </paragraph><paragraph id="HFB5FA92D29544057957672EC69A8D90F"><enum>(2)</enum><text>the Committee on Natural Resources of the House of Representatives.</text>
 </paragraph></subsection><subsection id="H9391F7BDD9EE4B1DA7E7C224FE2CE9C0"><enum>(b)</enum><header>Force and effect</header><text>The map and legal description filed under subsection (a) shall have the same force and effect as if included in this title, except that the Secretary may correct any clerical or typographical errors in the map or legal description.</text>
 </subsection><subsection id="HB7CAB450E18840A48D08C3FF35B57AFF"><enum>(c)</enum><header>Public availability</header><text>The map and legal description filed under subsection (a) shall be on file and available for public inspection in the Office of the Secretary.</text>
				</subsection></section><section id="H263A68A9EF044851BF37F5F040345354"><enum>204.</enum><header>Administration</header>
 <subsection id="HE71815E1558E420D870F3774F09B6AAB"><enum>(a)</enum><header>In general</header><text>Unless expressly provided in this title, nothing in this title affects any right or claim of the Confederated Tribes existing on the date of enactment of this Act to any land or interest in land.</text>
				</subsection><subsection id="HB8153CA9DF67475F863A6937DE5E5087"><enum>(b)</enum><header>Prohibitions</header>
 <paragraph id="H94BC49762C054B59ACAB5576C773C35A"><enum>(1)</enum><header>Exports of unprocessed logs</header><text display-inline="yes-display-inline">Federal law (including regulations) relating to the export of unprocessed logs harvested from Federal land shall apply to any unprocessed logs that are harvested from the Oregon Coastal land taken into trust under section 202.</text>
 </paragraph><paragraph id="HB8D1DDF8A5474A56B16981D9EFC947C9"><enum>(2)</enum><header>Non-permissible use of land</header><text>Any real property taken into trust under section 202 shall not be eligible, or used, for any gaming activity carried out under <external-xref legal-doc="public-law" parsable-cite="pl/100/497">Public Law 100–497</external-xref> (<external-xref legal-doc="usc" parsable-cite="usc/25/2701">25 U.S.C. 2701</external-xref> et seq.).</text>
 </paragraph></subsection><subsection id="id78590d42b48a46d7aa994d85ebb022a8"><enum>(c)</enum><header>Forest management</header><text>Any forest management activity that is carried out on the Oregon Coastal land shall be managed in accordance with all applicable Federal laws.</text>
				</subsection><subsection id="id334a3a9ccb39459bb813c3d933e9a9d2"><enum>(d)</enum><header>Agreements</header>
 <paragraph id="idf95b92f483424df18cae8c5423ce3259"><enum>(1)</enum><header>Memorandum of agreement for administrative access</header><text>Not later than 180 days after the date of enactment of this Act, the Secretary shall seek to enter into an agreement with the Confederated Tribes that secures existing administrative access by the Secretary to the Oregon Coastal land and that provides for—</text>
 <subparagraph id="id1fa04d8032104077861576f52fed55d2"><enum>(A)</enum><text>access for certain activities, including—</text> <clause id="idD7322C61A5BB4DE593E7866DAD51E9BD"><enum>(i)</enum><text>forest management;</text>
 </clause><clause id="idEB6A294A39DC44F8B1C3F79BA4108640"><enum>(ii)</enum><text>timber and rock haul;</text> </clause><clause id="idBCF51696251E4DC19FAC4602E7244196"><enum>(iii)</enum><text>road maintenance;</text>
 </clause><clause id="id5A84BDFE0F274E7EA92110A408CC286D"><enum>(iv)</enum><text>wildland fire protection and management;</text>
 </clause><clause id="id2D4E880B14634291BA45E6AB57565043"><enum>(v)</enum><text>cadastral surveys;</text> </clause><clause id="id7C660B1074044DD1A696DBD668E37B95"><enum>(vi)</enum><text>wildlife, cultural, and other surveys; and</text>
 </clause><clause id="idCD389552775C40B2A21392B078E92A0C"><enum>(vii)</enum><text>law enforcement activities;</text> </clause></subparagraph><subparagraph id="idF00A4B198F0C4BADA0BA1BD6B0C7C42F"><enum>(B)</enum><text>the management of the Oregon Coastal land that is acquired or developed under <external-xref legal-doc="usc-chapter" parsable-cite="usc-chapter/54/2003">chapter 2003</external-xref> of title 54, United States Code, consistent with section 200305(f)(3) of that title; and</text>
 </subparagraph><subparagraph id="id8A89C30E1BCD4F6A8C2CB144F2E4946F"><enum>(C)</enum><text>the terms of public vehicular transit across the Oregon Coastal land to and from the Hult Log Storage Reservoir located in T. 15 S., R. 7 W., as generally depicted on the map described in section 201(2), subject to the requirement that if the Bureau of Land Management discontinues maintenance of the public recreation site known as <quote>Hult Reservoir</quote>, the terms of any agreement in effect on that date that provides for public vehicular transit to and from the Hult Log Storage Reservoir shall be void.</text>
						</subparagraph></paragraph><paragraph id="id43aa8f2c56fd46d18aa2e863b313963c"><enum>(2)</enum><header>Reciprocal right-of-way agreements</header>
 <subparagraph id="id3D8EBE36B999492180DCB7826845D23A"><enum>(A)</enum><header>In general</header><text>On the date on which the agreement is entered into under paragraph (1), the Secretary shall provide to the Confederated Tribes all reciprocal right-of-way agreements to the Oregon Coastal land in existence on the date of enactment of this Act.</text>
 </subparagraph><subparagraph id="id9f01eaadfee1447b9a0aae77b60c6ad1"><enum>(B)</enum><header>Continued access</header><text>Beginning on the date on which the Oregon Coastal land is taken into trust under section 202, the Confederated Tribes shall continue the access provided by the reciprocal right-of-way agreements referred to in subparagraph (A) in perpetuity.</text>
 </subparagraph></paragraph></subsection><subsection id="H785C4D5E7CBE429A8406D80651AD03AB"><enum>(e)</enum><header>Land use planning requirements</header><text display-inline="yes-display-inline">Except as provided in subsection (c), once the Oregon Coastal land is taken into trust under section 202, the Oregon Coastal land shall not be subject to the land use planning requirements of the Federal Land Policy and Management Act of 1976 (<external-xref legal-doc="usc" parsable-cite="usc/43/1701">43 U.S.C. 1701</external-xref> et seq.) or the Act of August 28, 1937 (<external-xref legal-doc="usc" parsable-cite="usc/43/1181a">43 U.S.C. 1181a</external-xref> et seq.).</text>
				</subsection></section><section id="HE0DB80FEC458478DAA9AD432881269ED"><enum>205.</enum><header>Land reclassification</header>
 <subsection id="H47EBE8359EA0441A82BBA54E491B9623"><enum>(a)</enum><header>Identification of Oregon and California railroad grant land</header><text display-inline="yes-display-inline">Not later than 180 days after the date of enactment of this Act, the Secretary of Agriculture and the Secretary shall identify any Oregon and California Railroad grant land that is held in trust by the United States for the benefit of the Confederated Tribes under section 202.</text>
 </subsection><subsection id="H31EF3CE5DA524072A79F8253027E5366"><enum>(b)</enum><header>Identification of public domain land</header><text>Not later than 2 years after the date of enactment of this Act, the Secretary shall identify public domain land in the State of Oregon that—</text>
 <paragraph id="HA88E4AF7BF2D46A78FE9DE3C3841DE1F"><enum>(1)</enum><text display-inline="yes-display-inline">is approximately equal in acreage and condition as the Oregon and California Railroad grant land identified under subsection (a); and</text>
 </paragraph><paragraph id="H4D72E10C8CCD4381B40B58D8D8FED418"><enum>(2)</enum><text display-inline="yes-display-inline">is located within the 18 western Oregon and California Railroad grant land counties (other than Klamath County, Oregon).</text>
 </paragraph></subsection><subsection id="HE5E2F0DEB73D427DB2CBDD8F075785C6"><enum>(c)</enum><header>Maps</header><text>Not later than 3 years after the date of enactment of this Act, the Secretary shall submit to Congress and publish in the Federal Register one or more maps depicting the land identified in subsections (a) and (b).</text>
				</subsection><subsection id="H7C8149506A684E5DB9E5C91CF6379A5E"><enum>(d)</enum><header>Reclassification</header>
 <paragraph id="HD30A0C35CAB940A8B6F49E1276E95ED1"><enum>(1)</enum><header>In general</header><text>After providing an opportunity for public comment, the Secretary shall reclassify the land identified in subsection (b) as Oregon and California Railroad grant land.</text>
 </paragraph><paragraph commented="no" display-inline="no-display-inline" id="H3873A5F6076B45938415F1E0BE416894"><enum>(2)</enum><header>Applicability</header><text>The Act of August 28, 1937 (<external-xref legal-doc="usc" parsable-cite="usc/43/1181a">43 U.S.C. 1181a</external-xref> et seq.), shall apply to land reclassified as Oregon and California Railroad grant land under paragraph (1).</text>
					</paragraph></subsection></section></title><title id="id030ED73D9A284EACAD1788F61152ED62" style="OLC"><enum>III</enum><header>Amendments to Coquille Restoration Act</header>
 <section id="id0B441FEFFE834D2AB9592D08D1D07B7F"><enum>301.</enum><header>Amendments to Coquille Restoration Act</header><text display-inline="no-display-inline">Section 5(d) of the Coquille Restoration Act (<external-xref legal-doc="public-law" parsable-cite="pl/101/42">Public Law 101–42</external-xref>; 103 Stat. 92, 110 Stat. 3009–537) is amended—</text>
 <paragraph id="H2D46B6FB532B494EAEC268A706AC22B2"><enum>(1)</enum><text>by striking paragraph (5) and inserting the following:</text> <quoted-block id="H3F20E2BBFF3B42C7A13F76884A932723" style="OLC"> <paragraph id="H853E74B2F83542589B9C3898C9AF09AB"><enum>(5)</enum><header>Management</header> <subparagraph id="H1A64E207A2DE4BA5842C5AC01B5A69BE"><enum>(A)</enum><header>In general</header><text>Subject to subparagraph (B), the Secretary, acting through the Assistant Secretary for Indian Affairs, shall manage the Coquille Forest in accordance with the laws pertaining to the management of Indian trust land.</text>
							</subparagraph><subparagraph id="H00F4EE2D6BFE4EA4BF6D3F50E9188BBF"><enum>(B)</enum><header>Administration</header>
 <clause id="HB258FBBB382D49E8BAE81F92CDEDEE6C"><enum>(i)</enum><header>Unprocessed logs</header><text>Unprocessed logs harvested from the Coquille Forest shall be subject to the same Federal statutory restrictions on export to foreign nations that apply to unprocessed logs harvested from Federal land.</text>
 </clause><clause id="H8A6AC1B2CE344DC482BB6C3D4DD02457"><enum>(ii)</enum><header>Sales of timber</header><text>Notwithstanding any other provision of law, all sales of timber from land subject to this subsection shall be advertised, offered, and awarded according to competitive bidding practices, with sales being awarded to the highest responsible bidder.</text></clause></subparagraph></paragraph><after-quoted-block>;</after-quoted-block></quoted-block>
 </paragraph><paragraph id="HE425D3B957934612BEC4FF67454A14FA"><enum>(2)</enum><text>by striking paragraph (9); and</text> </paragraph><paragraph commented="no" display-inline="no-display-inline" id="HA4D7B13FFFBC455AB15D5607AAB431A3"><enum>(3)</enum><text>by redesignating paragraphs (10) through (12) as paragraphs (9) through (11), respectively.</text></paragraph></section></title></legis-body></bill>


