<?xml version="1.0"?>
<?xml-stylesheet type="text/xsl" href="billres.xsl"?>
<!DOCTYPE bill PUBLIC "-//US Congress//DTDs/bill.dtd//EN" "bill.dtd">
<bill bill-stage="Introduced-in-Senate" bill-type="olc" dms-id="A1" public-private="public"><metadata xmlns:dc="http://purl.org/dc/elements/1.1/">
<dublinCore>
<dc:title>115 S448 IS: Medicare Mental Health Access Act</dc:title>
<dc:publisher>U.S. Senate</dc:publisher>
<dc:date>2017-02-27</dc:date>
<dc:format>text/xml</dc:format>
<dc:language>EN</dc:language>
<dc:rights>Pursuant to Title 17 Section 105 of the United States Code, this file is not subject to copyright protection and is in the public domain.</dc:rights>
</dublinCore>
</metadata>
<form>
<distribution-code display="yes">II</distribution-code><congress>115th CONGRESS</congress><session>1st Session</session><legis-num>S. 448</legis-num><current-chamber>IN THE SENATE OF THE UNITED STATES</current-chamber><action><action-date date="20170227">February 27, 2017</action-date><action-desc><sponsor name-id="S307">Mr. Brown</sponsor> (for himself and <cosponsor name-id="S252">Ms. Collins</cosponsor>) introduced the following bill; which was read twice and referred to the <committee-name committee-id="SSFI00">Committee on Finance</committee-name></action-desc></action><legis-type>A BILL</legis-type><official-title>To amend title XVIII of the Social Security Act to provide for treatment of clinical psychologists
			 as physicians for purposes of furnishing clinical psychologist services
			 under the Medicare program.</official-title></form>
	<legis-body display-enacting-clause="yes-display-enacting-clause" id="H6DC6444C6B9D4D91ACCBBFA8E19A0129" style="OLC">
 <section id="H9279C26338934367BAC063B7BEED7E06" section-type="section-one"><enum>1.</enum><header>Short title</header><text display-inline="no-display-inline">This Act may be cited as the <quote><short-title>Medicare Mental Health Access Act</short-title></quote>.</text> </section><section id="H8D751CC04C314977BE24217FA36FABC9"><enum>2.</enum><header>Treatment of clinical psychologists as physicians for purposes of furnishing clinical psychologist services</header> <subsection id="HBBB27FF8023F497C9A28C7FDCB37F538"><enum>(a)</enum><header>In general</header><text display-inline="yes-display-inline">The first sentence of section 1861(r) of the Social Security Act (<external-xref legal-doc="usc" parsable-cite="usc/42/1395x">42 U.S.C. 1395x(r)</external-xref>) is amended—</text>
 <paragraph id="H140A0ABC670144C8ABA195E186500F7C"><enum>(1)</enum><text>by striking <quote>or</quote> before <quote>(5)</quote>; and</text> </paragraph><paragraph id="HCFE864F584054E939F2FAA8DD74CEB6C"><enum>(2)</enum><text>by inserting before the period the following: <quote>, or (6) a clinical psychologist, but only with respect to the furnishing of qualified psychologist services described in subsection (ii) for which the psychologist is legally authorized to perform by the State and who is acting within the scope of the psychologist’s license (or other authorization under State law)</quote>.</text>
 </paragraph></subsection><subsection id="HBA551CDA0FA74F6790C46E869E7961C3"><enum>(b)</enum><header>Effective date</header><text>The amendments made by this section shall apply to items and services furnished on or after January 1, 2018.</text></subsection></section></legis-body></bill>


