<?xml version="1.0"?>
<?xml-stylesheet type="text/xsl" href="billres.xsl"?>
<!DOCTYPE bill PUBLIC "-//US Congress//DTDs/bill.dtd//EN" "bill.dtd">
<bill bill-stage="Introduced-in-Senate" dms-id="A1" public-private="private"><metadata xmlns:dc="http://purl.org/dc/elements/1.1/">
<dublinCore>
<dc:title>115 S433 IS: For the relief of Malachy McAllister, Nicola McAllister, and Sean Ryan McAllister.</dc:title>
<dc:publisher>U.S. Senate</dc:publisher>
<dc:date>2017-02-16</dc:date>
<dc:format>text/xml</dc:format>
<dc:language>EN</dc:language>
<dc:rights>Pursuant to Title 17 Section 105 of the United States Code, this file is not subject to copyright protection and is in the public domain.</dc:rights>
</dublinCore>
</metadata>
<form>
<distribution-code display="yes">VI</distribution-code><congress>115th CONGRESS</congress><session>1st Session</session><legis-num>S. 433</legis-num><current-chamber>IN THE SENATE OF THE UNITED STATES</current-chamber><action><action-date date="20170216">February 16, 2017</action-date><action-desc><sponsor name-id="S306">Mr. Menendez</sponsor> introduced the following bill; which was read twice and referred to the <committee-name committee-id="SSJU00">Committee on the Judiciary</committee-name></action-desc></action><legis-type>A BILL</legis-type><official-title>For the relief of Malachy McAllister, Nicola McAllister, and Sean Ryan McAllister.</official-title></form>
	<legis-body display-enacting-clause="yes-display-enacting-clause">
		<section id="ID421B8B0B52E54BD5A2FDC0B44B910528" section-type="section-one"><enum>1.</enum><header>Permanent resident
			 status</header>
			<subsection id="ID7DA6B554AE8747B69D386AB5E7E69E87"><enum>(a)</enum><header>In
 general</header><text>Notwithstanding subsections (a) and (b) of section 201 of the <act-name parsable-cite="INA">Immigration and Nationality Act</act-name> (<external-xref legal-doc="usc" parsable-cite="usc/8/1151">8 U.S.C. 1151</external-xref>), Malachy McAllister, Nicola McAllister, and Sean Ryan McAllister shall each be eligible for an immigrant visa or for adjustment of status to that of an alien lawfully admitted for permanent residence upon filing an application for an immigrant visa under section 204 of such Act or for adjustment of status to lawful permanent resident.</text>
			</subsection><subsection id="ID3CB9638456EB4F9A8FBC13CD46DDF11D"><enum>(b)</enum><header>Adjustment of
 status</header><text>If Malachy McAllister, Nicola McAllister, or Sean Ryan McAllister enters the United States before the filing deadline described in subsection (d), he or she shall be considered to have entered and remained lawfully in the United States and shall, if otherwise eligible, be eligible for adjustment of status under section 245 of the <act-name parsable-cite="INA">Immigration and Nationality Act</act-name> (<external-xref legal-doc="usc" parsable-cite="usc/8/1255">8 U.S.C. 1255</external-xref>), as of the date of the enactment of this Act.</text>
			</subsection><subsection id="IDFB30EE3547AB4A2D8C4D9424023B9E0C"><enum>(c)</enum><header>Waiver of
			 grounds for removal of, or denial of admission</header>
				<paragraph id="ID8D202A82351040A29A0157C6D14D00DC"><enum>(1)</enum><header>In
 general</header><text>Notwithstanding sections 212(a) and 237(a) of the <act-name parsable-cite="INA">Immigration and Nationality Act</act-name> (<external-xref legal-doc="usc" parsable-cite="usc/8/1182">8 U.S.C. 1182(a)</external-xref> and 1227(a)), Malachy McAllister, Nicola McAllister, and Sean Ryan McAllister may not be removed from the United States, or denied admission to the United States, by reason of any act of any of such individuals that is a ground for removal or denial of admission and is reflected in the records of the Department of Homeland Security, or the Visa Office of the Department of State, on the date of the enactment of this Act.</text>
				</paragraph><paragraph id="ID634DB19D12AD412195F9089192D2D8C6"><enum>(2)</enum><header>Rescission of
 outstanding order of removal</header><text>The Secretary of Homeland Security shall rescind any outstanding order of removal or deportation, or any finding of deportability, that has been entered against Malachy McAllister, Nicola McAllister, or Sean Ryan McAllister by reason of any act described in paragraph (1).</text>
				</paragraph></subsection><subsection id="ID6D8EFB50CC944A629DD395FAAE02CD00"><enum>(d)</enum><header>Deadline for
 application and payment of fees</header><text>Subsections (a) and (b) shall not apply unless Malachy McAllister, Nicola McAllister, and Sean Ryan McAllister each file an application for an immigrant visa or for adjustment of status, with appropriate fees, not later than two years after the date of the enactment of this Act.</text>
			</subsection><subsection id="IDB09BCB7DA3FF49BA8A53E30F6B4B429E"><enum>(e)</enum><header>Reduction of
 immigrant visa number</header><text>Upon the granting of an immigrant visa or permanent resident status to Malachy McAllister, Nicola McAllister, and Sean Ryan McAllister, the Secretary of State shall instruct the proper officer to reduce by three, during the current or next following fiscal year, the total number of immigrant visas that are made available to natives of the country of the aliens’ birth under section 202(a)(2) of the <act-name parsable-cite="INA">Immigration and Nationality Act</act-name> (<external-xref legal-doc="usc" parsable-cite="usc/8/1152">8 U.S.C. 1152(a)(2)</external-xref>).</text></subsection></section></legis-body></bill>


