<?xml version="1.0"?>
<?xml-stylesheet type="text/xsl" href="billres.xsl"?>
<!DOCTYPE bill PUBLIC "-//US Congress//DTDs/bill.dtd//EN" "bill.dtd">
<bill bill-stage="Introduced-in-Senate" dms-id="A1" public-private="public">
	<metadata xmlns:dc="http://purl.org/dc/elements/1.1/">
<dublinCore>
<dc:title>115 S436 IS: San Juan County Settlement Implementation Act </dc:title>
<dc:publisher>U.S. Senate</dc:publisher>
<dc:date>2017-02-16</dc:date>
<dc:format>text/xml</dc:format>
<dc:language>EN</dc:language>
<dc:rights>Pursuant to Title 17 Section 105 of the United States Code, this file is not subject to copyright protection and is in the public domain.</dc:rights>
</dublinCore>
</metadata>
<form>
		<distribution-code display="yes">II</distribution-code>
		<congress>115th CONGRESS</congress><session>1st Session</session>
		<legis-num>S. 436</legis-num>
		<current-chamber>IN THE SENATE OF THE UNITED STATES</current-chamber>
		<action>
			<action-date date="20170216">February 16, 2017</action-date>
			<action-desc><sponsor name-id="S359">Mr. Heinrich</sponsor> (for himself and <cosponsor name-id="S326">Mr. Udall</cosponsor>) introduced the following bill; which was read twice and referred to the <committee-name committee-id="SSEG00">Committee on Energy and Natural Resources</committee-name></action-desc>
		</action>
		<legis-type>A BILL</legis-type>
		<official-title>To authorize the Secretary of the Interior to retire coal preference right lease applications for
			 which the Secretary has made an affirmative commercial quantities
			 determination, to substitute certain land selections of the Navajo Nation,
			 to designate certain wilderness areas, and for other purposes.</official-title>
	</form>
	<legis-body>
 <section id="id274142B77C654308BBC1F01A187011A5" section-type="section-one"><enum>1.</enum><header>Short title</header><text display-inline="no-display-inline">This Act may be cited as the <quote><short-title>San Juan County Settlement Implementation Act </short-title></quote>.</text> </section><section id="id8E61A53DF8BF45148DAFF631C9F3A930"><enum>2.</enum><header>Exchange of coal preference right lease applications</header> <subsection id="idDED0A597FDB145F7B71587A98FD63610"><enum>(a)</enum><header>Definitions</header><text>In this section:</text>
 <paragraph id="id5e251b6bb04a471ea0fb965434649ebc"><enum>(1)</enum><header>Bidding right</header><text>The term <term>bidding right</term> means an appropriate legal instrument or other written documentation, including an entry in an account managed by the Secretary, issued or created under subpart 3435 of title 43, Code of Federal Regulations, that may be used—</text>
 <subparagraph id="id8d79c63fe72c4ed9b2c7a352934460e6"><enum>(A)</enum><text>in lieu of a monetary payment for 50 percent of a bonus bid for a coal lease sale under the Mineral Leasing Act (<external-xref legal-doc="usc" parsable-cite="usc/30/181">30 U.S.C. 181</external-xref> et seq.); or</text>
 </subparagraph><subparagraph commented="no" display-inline="no-display-inline" id="idd47637ef77594771ab6f4d0957fa5938"><enum>(B)</enum><text>as a monetary credit against 50 percent of any rental or royalty payments due under any Federal coal lease.</text>
 </subparagraph></paragraph><paragraph id="id0200D904906B4D4CB142758B0A94A9B9"><enum>(2)</enum><header>Secretary</header><text>The term <term>Secretary</term> means the Secretary of the Interior.</text> </paragraph></subsection><subsection id="idc923592aadac4d0898cecf513d384c49"><enum>(b)</enum><header>Use of bidding right</header> <paragraph id="id17A1EB6A73D04E04867AF2A0B69177A6"><enum>(1)</enum><header>In general</header><text>If the Secretary retires a coal preference right lease application under the <act-name parsable-cite="MLA">Mineral Leasing Act</act-name> (<external-xref legal-doc="usc" parsable-cite="usc/30/181">30 U.S.C. 181</external-xref> et seq.) by issuing a bidding right in exchange for the relinquishment of the coal preference right lease application, the bidding right subsequently may be used in lieu of 50 percent of the amount owed for any monetary payment of—</text>
 <subparagraph id="idBA01EC40A7CD446AB711CBC33810DE56"><enum>(A)</enum><text>a bonus in a coal lease sale; or</text> </subparagraph><subparagraph id="idBB346BA95C104B359FF5BA428DFA7749"><enum>(B)</enum><text>rental or royalty under a Federal coal lease.</text>
					</subparagraph></paragraph><paragraph id="idc68248da7ae442e3a07754f5c30d0877"><enum>(2)</enum><header>Payment calculation</header>
 <subparagraph id="id5975521DE0D74C8DA1953CCDC4AA85CB"><enum>(A)</enum><header>In general</header><text>The Secretary shall calculate a payment of amounts owed to a relevant State under section 35(a) of the Mineral Leasing Act (<external-xref legal-doc="usc" parsable-cite="usc/30/191">30 U.S.C. 191(a)</external-xref>) based on the combined value of the bidding rights and amounts received.</text>
 </subparagraph><subparagraph id="id68F6F38839434055A4C3D3C4BF32D466"><enum>(B)</enum><header>Amounts received</header><text>Except as provided in this subsection, for purposes of calculating the payment of amounts owed to a relevant State under subparagraph (A) only, a bidding right shall be considered amounts received.</text>
 </subparagraph></paragraph></subsection><subsection id="ida2777c0bb2b34d39bc05965f293330f8"><enum>(c)</enum><header>Source of Payments</header><text>The Secretary shall make payments to the relevant State under subsection (b) from monetary payments received by the Secretary when bidding rights are exercised under this Act.</text>
 </subsection><subsection id="id39bbecd12f4a484a8d3661de6e28b95d"><enum>(d)</enum><header>Treatment of Payments</header><text>A payment to a State under this section shall be treated as a payment under section 35(a) of the Mineral Leasing Act (<external-xref legal-doc="usc" parsable-cite="usc/30/191">30 U.S.C. 191(a)</external-xref>).</text>
			</subsection><subsection id="id98895333232248f6b9f5015935ec2aca"><enum>(e)</enum><header>Transferability; Limitation</header>
 <paragraph id="idf46ea524d7414418bcdd96767802c8cb"><enum>(1)</enum><header>Transferability</header><text>A bidding right issued for a coal preference right lease application under the <act-name parsable-cite="MLA">Mineral Leasing Act</act-name> (<external-xref legal-doc="usc" parsable-cite="usc/30/181">30 U.S.C. 181</external-xref> et seq.) shall be fully transferable to any other person.</text>
 </paragraph><paragraph id="idca82b9b0974e4e9faaa96a9a7647b63c"><enum>(2)</enum><header>Notification of Secretary</header><text>A person who transfers a bidding right shall notify the Secretary of the transfer by any method determined to be appropriate by the Secretary.</text>
				</paragraph><paragraph id="id41bf3b37243a4cec8bc287ae09bc9764"><enum>(3)</enum><header>Effective period</header>
 <subparagraph id="id5fdc50be25844c82843fc7d0f77bb245"><enum>(A)</enum><header>In general</header><text>A bidding right issued under the <act-name parsable-cite="MLA">Mineral Leasing Act</act-name> (<external-xref legal-doc="usc" parsable-cite="usc/30/181">30 U.S.C. 181</external-xref> et seq.) shall terminate on the expiration of the 7-year period beginning on the date the bidding right is issued.</text>
 </subparagraph><subparagraph id="id2d625ec3175d4423aed7dc8ad4efd42b"><enum>(B)</enum><header>Tolling of period</header><text>The 7-year period described in subparagraph (A) shall be tolled during any period in which exercise of the bidding right is precluded by temporary injunctive relief granted under, or administrative, legislative, or judicial suspension of, the Federal coal leasing program.</text>
 </subparagraph></paragraph></subsection><subsection id="id374d61bc0e2c45349a97b0dce153de2e"><enum>(f)</enum><header>Deadline</header><text>If an existing settlement of a coal preference right lease application has not been implemented as of the date of enactment of this Act, not later than 180 days after that date of enactment, the Secretary shall complete the bidding rights valuation process in accordance with the terms of the settlement.</text>
			</subsection></section><section id="idC3E56BCA0FE04B6DAE4F3A93A8F9BBE0"><enum>3.</enum><header>Certain land selections of the Navajo Nation</header>
 <subsection id="id307D5A96880F4FB48013523FF848EDFB"><enum>(a)</enum><header>Cancellation of certain selections</header><text>The land selections made by the Navajo Nation pursuant to <external-xref legal-doc="public-law" parsable-cite="pl/93/531">Public Law 93–531</external-xref> (commonly known as the <quote>Navajo-Hopi Land Settlement Act of 1974</quote>) (<external-xref legal-doc="usc" parsable-cite="usc/25/640d">25 U.S.C. 640d</external-xref> et seq.) that are depicted on the map entitled <quote>Navajo-Hopi Land Settlement Act Selected Lands</quote> and dated April 2, 2015, are cancelled.</text>
			</subsection><subsection id="id58ED52437930405BB4092F3CBC4273CE"><enum>(b)</enum><header>Authorization for new selection</header>
 <paragraph id="id4C73E47857594EF5BBFC7259EAC9CD24"><enum>(1)</enum><header>In general</header><text>Subject to paragraphs (2), (3), and (4) and subsection (c), the Navajo Nation may make new land selections in accordance with the Act referred to in subsection (a) to replace the land selections cancelled under that subsection.</text>
 </paragraph><paragraph id="id863f554e434e4adaad7d654d00e3f871"><enum>(2)</enum><header>Acreage cap</header><text>The total acreage of land selected under paragraph (1) shall not exceed 15,000 acres of land.</text> </paragraph><paragraph id="id5d6f15d06d2d448f9012204f092fc5a6"><enum>(3)</enum><header>Exclusions</header><text>The following land shall not be eligible for selection under paragraph (1):</text>
 <subparagraph id="idDC7248D32DF6488983F8179FCB59A3D8"><enum>(A)</enum><text>Land within a unit of the National Landscape Conservation System.</text> </subparagraph><subparagraph id="id2E033A0882EB45679FF360F4CD503522"><enum>(B)</enum><text>Land within—</text>
 <clause id="id3FFB043176024EF09193018049722859"><enum>(i)</enum><text>the Glade Run Recreation Area;</text> </clause><clause id="idca6a6879200e4e0caba7899e585e56a5"><enum>(ii)</enum><text>the Fossil Forest Research Natural Area; or</text>
 </clause><clause id="id908c9d5f4bf3448488ab7157524b5c5f"><enum>(iii)</enum><text>a special management area or area of critical environmental concern identified in a land use plan developed under section 202 of the Federal Land Policy and Management Act of 1976 (<external-xref legal-doc="usc" parsable-cite="usc/43/1712">43 U.S.C. 1712</external-xref>) that is in effect on the date of enactment of this Act.</text>
 </clause></subparagraph><subparagraph id="id8EDE2604731A4A939E6051E63DC8EB29"><enum>(C)</enum><text>Any land subject to a lease or contract under the <act-name parsable-cite="MLA">Mineral Leasing Act</act-name> (<external-xref legal-doc="usc" parsable-cite="usc/30/181">30 U.S.C. 181</external-xref> et seq.) or the Act of July 31, 1947 (commonly known as the <quote>Materials Act of 1947</quote>) (<external-xref legal-doc="usc" parsable-cite="usc/30/601">30 U.S.C. 601</external-xref> et seq.) as of the date of the selection.</text>
 </subparagraph></paragraph><paragraph id="idCFD593BF555845ABBA8304E55626DFD3"><enum>(4)</enum><header>Deadline</header><text>Not later than 7 years after the date of enactment of this Act, the Navajo Nation shall make all selections under paragraph (1).</text>
 </paragraph><paragraph commented="no" display-inline="no-display-inline" id="idEBABCA0461C74471ACEE849C20548E8A"><enum>(5)</enum><header display-inline="yes-display-inline">Withdrawal</header><text display-inline="yes-display-inline">Any land selected by the Navajo Nation under paragraph (1) shall be withdrawn from disposal, leasing, and development until the date on which the selected land is placed into trust for the Navajo Nation.</text>
				</paragraph></subsection><subsection id="id1C2A6F800B7F448EA6D1AE4C5593DD63"><enum>(c)</enum><header>Equal value</header>
 <paragraph id="idAAE8476785C845C887F19CE546660794"><enum>(1)</enum><header>In general</header><text>Notwithstanding the acreage limitation in the second proviso of section 11(c) of <external-xref legal-doc="public-law" parsable-cite="pl/93/531">Public Law 93–531</external-xref> (commonly known as the <quote>Navajo-Hopi Land Settlement Act of 1974</quote>) (<external-xref legal-doc="usc" parsable-cite="usc/25/640d-10">25 U.S.C. 640d–10(c)</external-xref>) and subject to subsection (b)(2), the value of the land selected under subsection (b)(1) and the land subject to selections cancellation under subsection (a) shall be equal, based on appraisals conducted under paragraph (2).</text>
				</paragraph><paragraph id="id3d19d6bbb63e404a88290dcc3c9f20b8"><enum>(2)</enum><header>Appraisals</header>
 <subparagraph id="id863481FFB74042808D2C6DCA83AC3BC3"><enum>(A)</enum><header>In general</header><text>The value of the land selected under subsection (b)(1) and the land subject to selections cancelled under subsection (a) shall be determined by appraisals conducted in accordance with—</text>
 <clause id="id6b39234204a94fa3a8addaccfaa526d1"><enum>(i)</enum><text>the Uniform Appraisal Standards for Federal Land Acquisitions; and</text> </clause><clause id="idac662ac900f048f2a39a98a18b8e53c7"><enum>(ii)</enum><text>the Uniform Standards of Professional Appraisal Practice.</text>
						</clause></subparagraph><subparagraph id="idEECDBF05601341AE8A7606A71730DDCC"><enum>(B)</enum><header>Timing</header>
 <clause id="idAAC42D7EA9A949459DE246204DED3D0D"><enum>(i)</enum><header>Land subject to selections cancelled</header><text>Not later than 18 months after the date of enactment of this Act, the appraisal under subparagraph (A) of the land subject to selections cancelled under subsection (a) shall be completed.</text>
 </clause><clause id="id4fc01571304c48f3a03cd50e4bf3a960"><enum>(ii)</enum><header>New selections</header><text>The appraisals under subparagraph (A) of the land selected under subsection (b)(1) shall be completed as the Navajo Nation finalizes those land selections.</text>
 </clause></subparagraph></paragraph></subsection><subsection id="id18F630ECDDAB40EF8B2472C813B39AD0"><enum>(d)</enum><header>Boundary</header><text>For purposes of this section and the Act referred to in subsection (a), the present boundary of the Navajo Reservation is depicted on the map entitled <quote>Navajo Nation Boundary</quote> and dated November 16, 2015.</text>
			</subsection></section><section id="idDA6DC21569424B33A27E17BD5294A625"><enum>4.</enum><header>Designation of Ah-shi-sle-pah Wilderness</header>
 <subsection id="id822472EF84554095A82BFCC6BEDFAE34"><enum>(a)</enum><header>In general</header><text>In accordance with the Wilderness Act (<external-xref legal-doc="usc" parsable-cite="usc/16/1131">16 U.S.C. 1131</external-xref> et seq.), the approximately 7,242 acres of land as generally depicted on the map entitled <quote>San Juan County Wilderness Designations</quote> and dated April 2, 2015, is designated as wilderness and as a component of the National Wilderness Preservation System, which shall be known as the <quote>Ah-shi-sle-pah Wilderness</quote> (referred to in this section as the <quote>Wilderness</quote>).</text>
			</subsection><subsection id="idd801a4cff3cc4bbd8fe48461f8a3d6d7"><enum>(b)</enum><header>Management</header>
 <paragraph id="idb3a2ba4840a5420d9f7ac51131bbc586"><enum>(1)</enum><header>In general</header><text>Subject to valid existing rights, the Wilderness shall be administered by the Director of the Bureau of Land Management in accordance with this section and the Wilderness Act (<external-xref legal-doc="usc" parsable-cite="usc/16/1131">16 U.S.C. 1131</external-xref> et seq.), except that any reference in that Act to the effective date of that Act shall be considered to be a reference to the date of enactment of this Act.</text>
				</paragraph><paragraph id="idf5bd9bed885748f5a9f0bb4193c80770"><enum>(2)</enum><header>Adjacent management</header>
 <subparagraph id="id2c5eda2ae9194ce897a7ae99ff9fde9f"><enum>(A)</enum><header>In general</header><text>Congress does not intend for the designation of the Wilderness to create a protective perimeter or buffer zone around the Wilderness.</text>
 </subparagraph><subparagraph id="id00af6b17c37d4b58b5360eb3e4bc12c9"><enum>(B)</enum><header>Nonwilderness activities</header><text>The fact that nonwilderness activities or uses can be seen or heard from areas within the Wilderness shall not preclude the conduct of the activities or uses outside the boundary of the Wilderness.</text>
 </subparagraph></paragraph><paragraph id="idf40f087852164b0487c5f21440f55ddb"><enum>(3)</enum><header>Incorporation of acquired land and interests in land</header><text>Any land or interest in land that is within the boundary of the Wilderness that is acquired by the United States shall—</text>
 <subparagraph id="id4380e729462a49e1a02d8d3be969ace6"><enum>(A)</enum><text>become part of the Wilderness; and</text> </subparagraph><subparagraph id="id1d76851796ea43109273ae64be5fbdae"><enum>(B)</enum><text>be managed in accordance with—</text>
 <clause id="id0c85917fc22842d49337a14251d47080"><enum>(i)</enum><text>the Wilderness Act (<external-xref legal-doc="usc" parsable-cite="usc/16/1131">16 U.S.C. 1131</external-xref> et seq.);</text> </clause><clause id="idd029ac74b0334551a8e3085a64d7ba5c"><enum>(ii)</enum><text>this section; and</text>
 </clause><clause id="id5c996439ab2e49a7b122a4e79dc99e12"><enum>(iii)</enum><text>any other applicable laws.</text> </clause></subparagraph></paragraph><paragraph id="id03d32583f54a42a29feb4ef5a97812fa"><enum>(4)</enum><header>Grazing</header><text>Grazing of livestock in the Wilderness, where established before the date of enactment of this Act, shall be allowed to continue in accordance with—</text>
 <subparagraph id="id53bb4199af4b4b05a3f8acda790edf95"><enum>(A)</enum><text>section 4(d)(4) of the Wilderness Act (<external-xref legal-doc="usc" parsable-cite="usc/16/1133">16 U.S.C. 1133(d)(4)</external-xref>); and</text> </subparagraph><subparagraph id="idb6f9f053a9e1458e9c34954f7bf49502"><enum>(B)</enum><text>the guidelines set forth in the report of the Committee on Interior and Insular Affairs of the House of Representatives accompanying H.R. 5487 of the 96th Congress (H. Rept. 96–617).</text>
 </subparagraph></paragraph></subsection><subsection id="idac506005216347758ff0d97925d5c07c"><enum>(c)</enum><header>Release of wilderness study areas</header><text>Congress finds that, for the purposes of section 603(c) of the Federal Land Policy and Management Act of 1976 (<external-xref legal-doc="usc" parsable-cite="usc/43/1782">43 U.S.C. 1782(c)</external-xref>), the land within the Ah-shi-sle-pah Wilderness Study Area not designated as wilderness by this section has been adequately studied for wilderness designation and is no longer subject to section 603(c) of the Federal Land Policy and Management Act of 1976 (<external-xref legal-doc="usc" parsable-cite="usc/43/1782">43 U.S.C. 1782(c)</external-xref>).</text>
			</subsection></section><section id="id4765587A93E043F792834B76C2FDD034"><enum>5.</enum><header>Expansion of Bisti/De-Na-Zin Wilderness</header>
 <subsection id="id9bff8650eb5a436db2bad40470e499a6"><enum>(a)</enum><header>In general</header><text>There is designated as wilderness and as a component of the National Wilderness Preservation System certain Federal land comprising approximately 2,250 acres, as generally depicted on the map entitled <quote>San Juan County Wilderness Designations</quote> and dated April 2, 2015, which is incorporated in and shall be considered to be a part of the Bisti/De-Na-Zin Wilderness.</text>
 </subsection><subsection id="id35799aecd2394f71b2dd124f2759e383"><enum>(b)</enum><header>Administration</header><text>Subject to valid existing rights, the land designated as wilderness by subsection (a) shall be administered by the Director of the Bureau of Land Management (referred to in this section as the <quote>Director</quote>), in accordance with—</text>
 <paragraph id="id55110733FEDD4F19AA4AA726F7F8B8D2"><enum>(1)</enum><text>the Wilderness Act (<external-xref legal-doc="usc" parsable-cite="usc/16/1131">16 U.S.C. 1131</external-xref> et seq.), except that any reference in that Act to the effective date of that Act shall be considered to be a reference to the date of enactment of this Act; and</text>
 </paragraph><paragraph id="id552ECD9A8E394FD3A21856CE5FFCA104"><enum>(2)</enum><text>the San Juan Basin Wilderness Protection Act of 1984 (<external-xref legal-doc="public-law" parsable-cite="pl/98/603">Public Law 98–603</external-xref>; 98 Stat. 3155; 110 Stat. 4211).</text>
				</paragraph></subsection><subsection id="id60F7955064C6412788157BDC435703BE"><enum>(c)</enum><header>Adjacent management</header>
 <paragraph id="id284AEABABF874341B5D8531758EC8ED1"><enum>(1)</enum><header>In general</header><text>Congress does not intend for the designation of the land as wilderness by subsection (a) to create a protective perimeter or buffer zone around that land.</text>
 </paragraph><paragraph id="idC0F8D03CA8564DD38A6626A73B1C46A1"><enum>(2)</enum><header>Nonwilderness activities</header><text>The fact that nonwilderness activities or uses can be seen or heard from areas within the land designated as wilderness by subsection (a) shall not preclude the conduct of the activities or uses outside the boundary of that land.</text>
 </paragraph></subsection><subsection id="id2498D42B46B749B8ADF66B57646E3A7F"><enum>(d)</enum><header>Incorporation of acquired land and interests in land</header><text>Any land or interest in land that is within the boundary of the land designated as wilderness by subsection (a) that is acquired by the United States shall—</text>
 <paragraph id="id3F1528B850F34B199BE78D9E8F25FD84"><enum>(1)</enum><text>become part of the Bisti/De-Na-Zin Wilderness; and</text> </paragraph><paragraph id="id891A7321180440C6BDBFA6C827F84311"><enum>(2)</enum><text>be managed in accordance with—</text>
 <subparagraph id="idF3F50B600BC1438A8A95E9F2A15A991E"><enum>(A)</enum><text>the Wilderness Act (<external-xref legal-doc="usc" parsable-cite="usc/16/1131">16 U.S.C. 1131</external-xref> et seq.);</text> </subparagraph><subparagraph id="id7406AE6AB8054D34B8663273F5ABAC23"><enum>(B)</enum><text>the San Juan Basin Wilderness Protection Act of 1984 (<external-xref legal-doc="public-law" parsable-cite="pl/98/603">Public Law 98–603</external-xref>; 98 Stat. 3155; 110 Stat. 4211);</text>
 </subparagraph><subparagraph id="id2B649E33CB4544F9886EB69A7F138416"><enum>(C)</enum><text>this section; and</text> </subparagraph><subparagraph id="id9D85A7EC4635442CB83807101A5B61F4"><enum>(D)</enum><text>any other applicable laws.</text>
 </subparagraph></paragraph></subsection><subsection id="id0F46827FA7C44BC4ABFD5E27A86BEE0A"><enum>(e)</enum><header>Grazing</header><text>Grazing of livestock in the land designated as wilderness by subsection (a), where established before the date of enactment of this Act, shall be allowed to continue in accordance with—</text>
 <paragraph id="id0E14858FEDFF47B089EF1DEF17DB0791"><enum>(1)</enum><text>section 4(d)(4) of the Wilderness Act (<external-xref legal-doc="usc" parsable-cite="usc/16/1133">16 U.S.C. 1133(d)(4)</external-xref>); and</text> </paragraph><paragraph commented="no" display-inline="no-display-inline" id="id22B24310685B4C989DF3CB56D8F6CE03"><enum>(2)</enum><text>the guidelines set forth in the report of the Committee on Interior and Insular Affairs of the House of Representatives accompanying H.R. 5487 of the 96th Congress (H. Rept. 96–617).</text>
				</paragraph></subsection></section></legis-body>
</bill>


