<?xml version="1.0"?>
<?xml-stylesheet type="text/xsl" href="billres.xsl"?>
<!DOCTYPE bill PUBLIC "-//US Congress//DTDs/bill.dtd//EN" "bill.dtd">
<bill bill-stage="Introduced-in-Senate" dms-id="A1" public-private="public"><metadata xmlns:dc="http://purl.org/dc/elements/1.1/">
<dublinCore>
<dc:title>115 S458 IS: Native Educator Support and Training Act</dc:title>
<dc:publisher>U.S. Senate</dc:publisher>
<dc:date>2017-02-27</dc:date>
<dc:format>text/xml</dc:format>
<dc:language>EN</dc:language>
<dc:rights>Pursuant to Title 17 Section 105 of the United States Code, this file is not subject to copyright protection and is in the public domain.</dc:rights>
</dublinCore>
</metadata>
<form>
<distribution-code display="yes">II</distribution-code><congress>115th CONGRESS</congress><session>1st Session</session><legis-num>S. 458</legis-num><current-chamber>IN THE SENATE OF THE UNITED STATES</current-chamber><action><action-date date="20170227">February 27, 2017</action-date><action-desc><sponsor name-id="S314">Mr. Tester</sponsor> (for himself, <cosponsor name-id="S332">Mr. Franken</cosponsor>, and <cosponsor name-id="S326">Mr. Udall</cosponsor>) introduced the following bill; which was read twice and referred to the <committee-name committee-id="SLIA00">Committee on Indian Affairs</committee-name></action-desc></action><legis-type>A BILL</legis-type><official-title>To support the education of Indian children.</official-title></form>
	<legis-body>
 <section id="S1" section-type="section-one"><enum>1.</enum><header>Short title</header><text display-inline="no-display-inline">This Act may be cited as the <quote><short-title>Native Educator Support and Training Act</short-title></quote> or the <quote><short-title>NEST Act</short-title></quote>.</text> </section><title id="id39B072C061334D63BE34529D8779CBB9" style="OLC"><enum>I</enum><header>Student assistance</header> <part id="id7ED67B466B444A99B0B35BC2500C3211" style="OLC"><enum>A</enum><header>Scholarships for the study of education and school administration</header> <section id="idDDD1323B94A847C79FA1EC1ECB3A9AD6"><enum>101.</enum><header>Scholarship programs for educators of Indian students and Indian educators</header><text display-inline="no-display-inline">Part B of title II of the Higher Education Act (<external-xref legal-doc="usc" parsable-cite="usc/20/1031">20 U.S.C. 1031</external-xref> et seq.) is amended by adding at the end the following:</text>
					<quoted-block display-inline="no-display-inline" id="idf32d577e12a34c7d82aff50e86bfc48b" style="OLC">
						<subpart id="id93cf0797842d476b8aa5a46bf2d8ad88"><enum>6</enum><header>Indian educator scholarship program</header>
							<section id="id772925d5bcc94f0a8ea1e0c26285f66b"><enum>259A.</enum><header>Purpose; Definitions</header>
 <subsection id="id4db8559f9b8c4bea91057cc98ae13df7"><enum>(a)</enum><header>Purpose</header><text>The purposes of this subpart are—</text> <paragraph id="id0e01ff7ecd8649ec958c85a698e309e4"><enum>(1)</enum><text>to carry out the United States trust responsibility for the education of Indian children; and</text>
 </paragraph><paragraph id="idea94ee805f294d858de12d117165f5bd"><enum>(2)</enum><text>to provide a more stable base of education professionals with an understanding of the needs of Indian students to serve in public elementary schools and secondary schools, schools funded by the Bureau of Indian Education, the Department of Education, State educational agencies, and local educational agencies.</text>
 </paragraph></subsection><subsection id="idA36C112BF21949CA93185C84AAAEEEB7"><enum>(b)</enum><header>Definitions</header><text>In this subpart:</text> <paragraph id="idF630EC1F5F584D078D893DB55FD25E44"><enum>(1)</enum><text>The term <term>Indian</term> shall have the meaning given that term in section 316.</text>
 </paragraph><paragraph id="id41ED042DB6F042399F9983DC966ED859"><enum>(2)</enum><text>The term <term>Bureau-funded school</term> has the meaning given the term in section 1141 of the Education Amendments of 1978 (<external-xref legal-doc="usc" parsable-cite="usc/25/2021">25 U.S.C. 2021</external-xref>).</text>
									</paragraph></subsection></section><section id="id67AAB9F5E05C49AB90D05209A234DFF6"><enum>259B.</enum><header>Terms and conditions of scholarship contracts</header>
 <subsection id="id6B525105B766468D80BE2159E435BA11"><enum>(a)</enum><header>In General</header><text>Unless otherwise specified, a scholarship grant under this subpart shall have the terms and conditions described in this section.</text>
								</subsection><subsection id="ide132e11512ea4e4e8295be9697db513b"><enum>(b)</enum><header>Contents of contract</header>
 <paragraph id="id0dfe320a513c4d52889ebcef6b13467d"><enum>(1)</enum><header>In general</header><text>The written contract between the Secretary and the individual receiving a scholarship grant under this subpart shall contain the following:</text>
 <subparagraph id="id000f7e167d594567b4678921d0eb366c"><enum>(A)</enum><text>A statement that the Secretary agrees to provide the individual with a scholarship in accordance with section 259C, 259D, or 259E, as the case may be.</text>
 </subparagraph><subparagraph id="id9fe32afe4eda4a21977bde7d7f8b2fa0"><enum>(B)</enum><text>A statement that the individual agrees—</text> <clause id="idff54eaf16868472e85908b9eaefee27f"><enum>(i)</enum><text>to accept the relevant scholarship under this subpart;</text>
 </clause><clause id="id6d223b6992354fb89749b4d7f02b6064"><enum>(ii)</enum><text>to maintain enrollment in the course of study for which the scholarship was awarded until the individual completes the course of study;</text>
 </clause><clause id="id00051d15ca754d6cbb7005a010e3c2dd"><enum>(iii)</enum><text>while enrolled in such course of study, to maintain an acceptable level of academic standing (as determined by the Secretary, taking into account the requirements of the institution of higher education offering such course of study); and</text>
 </clause><clause id="id7c15993fa647406e841a4fe6ce036671"><enum>(iv)</enum><text>to serve, through full-time employment at an eligible school or eligible service employer (as described under section 259C, 259D, or 259E, as the case may be), for a time period (referred to in this section as the <quote>period of obligated service</quote>) equal to the greater of—</text>
 <subclause id="ided2c7a8711904ba09fd55bb58bba68fd"><enum>(I)</enum><text>1 year for the equivalent of each school year for which the individual was provided a scholarship under this subpart; or</text>
 </subclause><subclause id="id2180229dd72f4bfb8565e7f5d5167559"><enum>(II)</enum><text>3 years.</text> </subclause></clause></subparagraph><subparagraph id="ida7b45a71b67f4be281fe67b8a6e2831f"><enum>(C)</enum><text>A statement of the damages to which the United States is entitled, under subsection (d), for the individual’s breach of the contract.</text>
 </subparagraph><subparagraph id="id9568a25e000140e79280ace283afd02f"><enum>(D)</enum><text>Any other relevant statements of the rights and liabilities of the Secretary and of the individual, in accordance with the provisions of this subpart.</text>
										</subparagraph></paragraph><paragraph id="idad241281686840f192c12faf1d594ca8"><enum>(2)</enum><header>Period of obligated service</header>
 <subparagraph id="id19684f044f99467bb4b2ace9b87049eb"><enum>(A)</enum><header>In General</header><text>The recipient of a scholarship grant under this subpart shall be required to carry out a period of obligated service, as described in paragraph (1)(B)(iv).</text>
										</subparagraph><subparagraph id="id039B08B810BE4AF0B29AC494B417CB6B"><enum>(B)</enum><header>Deferment</header>
 <clause id="id5fa55d0355214fc1a3e5205868849614"><enum>(i)</enum><header>In general</header><text>At the request of an individual who has entered into a contract described in this subsection, the Secretary shall grant a deferment for the period of obligated service of such individual under such contract for any of the following reasons:</text>
 <subclause id="idac7d74d9f5a547c5b03385207cb2b561"><enum>(I)</enum><header>Advanced study</header><text>For advanced study to enable such individual to complete a course of study leading to an advanced degree in elementary or secondary education or school administration, or needed to become certified by a State or Indian tribe to teach, for an appropriate period (in years, as determined by the Secretary).</text>
 </subclause><subclause id="idfdd08d39aed44dda8a5441da5a809ce8"><enum>(II)</enum><header>Family and medical leave</header><text>For family or medical leave for a period in alignment with section 102 of the Family and Medical Leave Act of 1993 (<external-xref legal-doc="usc" parsable-cite="usc/29/2612">29 U.S.C. 2612</external-xref>) and as approved by the Secretary.</text>
 </subclause><subclause id="iddce3175fac9945f3a3ce23feef14edd6"><enum>(III)</enum><header>Military service</header><text>If the individual is a member of the National Guard or other reserve component of the Armed Forces of the United States, or a member of such Armed Forces in a retired status, and such individual is called or ordered to active duty (as defined in section 101(d)(1) of title 10, United States Code), such individual shall be eligible for a deferment during the period of active duty and for an appropriate period (as determined by the Secretary) after returning from active duty.</text>
 </subclause></clause><clause id="id8ddf91396115429898e9d44ac71e6fc4"><enum>(ii)</enum><header>Conditions of deferment</header><text>A deferment granted under this subparagraph shall be subject to the following conditions:</text> <subclause id="id9113b2da0a094edbb7a7f0682034f796"><enum>(I)</enum><text>The deferment period shall not be counted as satisfying any period of obligated service that is required under this section.</text>
 </subclause><subclause id="idb2838127ce894567913631eb042be27b"><enum>(II)</enum><text>The period of obligated service of the individual shall commence at the later of—</text> <item id="idc6007e7057714fd5853a77f7ed5d1937"><enum>(aa)</enum><text>90 days after the completion of the deferment period;</text>
 </item><item id="id821e542401194ea885e3eff7e8c60fb8"><enum>(bb)</enum><text>the commencement of the first school year at the school where the individual has been hired that begins after the completion of the deferment; or</text>
 </item><item id="ida6d1bff3128045099ef67975b480afa9"><enum>(cc)</enum><text>a date specified by the Secretary.</text> </item></subclause></clause></subparagraph><subparagraph id="idcc92900ae3dd49ee9b42d1aed2d97834"><enum>(C)</enum><header>Part-time study</header><text>In the case of an individual receiving a scholarship under this subpart who is enrolled part-time in an approved course of study—</text>
 <clause id="id03d32c97df784975aeaa9899ebed9641"><enum>(i)</enum><text>a scholarship under this subpart shall be for a period of years not to exceed the part-time equivalent of 4 years, as determined by the Secretary;</text>
 </clause><clause commented="no" id="id0c715dc3c7c14976af603e8853bd3a1d"><enum>(ii)</enum><text>the period of obligated service shall be equal to the greater of—</text> <subclause commented="no" id="ida90a9dd7b548456988d0e07289354434"><enum>(I)</enum><text>1 year for the equivalent of each full-time academic year for which the individual was provided a scholarship (as determined by the Secretary by adding the fractions of a full-time academic year that each period of part-time attendance comprises); or</text>
 </subclause><subclause commented="no" id="idd81cb53c721c4c8292da7f4ca130396e"><enum>(II)</enum><text>2 years; and</text> </subclause></clause><clause id="idaebd022bff65408ea7d41d8f5a01b94a"><enum>(iii)</enum><text>the amount of the monthly stipend specified in subsection (c) shall be reduced pro rata, as determined by the Secretary, based on the number of hours of study in which such individual is enrolled.</text>
											</clause></subparagraph></paragraph></subsection><subsection commented="no" id="id2d720c82c9754747b24ec5b504bf69a0"><enum>(c)</enum><header>Scholarship</header>
 <paragraph commented="no" id="idf290860803ec42fba117af000990d1b4"><enum>(1)</enum><header>In general</header><text>A scholarship provided to a student under this subpart for a school year shall equal the amount of—</text>
 <subparagraph commented="no" id="id936d349efab44faaa1ddb56953acf2eb"><enum>(A)</enum><text>the tuition of the student;</text> </subparagraph><subparagraph commented="no" id="id92a4de3404a44ea59ccedd180ee4cbea"><enum>(B)</enum><text>all other reasonable educational expenses incurred by the student in such school year, including fees, books, laboratory expenses, and other expenses as determined by the Secretary; and</text>
 </subparagraph><subparagraph commented="no" id="iddf67e76841464b87855e39e6ac760291"><enum>(C)</enum><text>a stipend of $800 per month (adjusted in accordance with paragraph (3)) for each of the 12 consecutive months beginning with the first month of such school year.</text>
 </subparagraph></paragraph><paragraph id="id604934a0cdd74c8d83f28ae9a9e50936"><enum>(2)</enum><header>Payment to an institution of higher education</header><text>The Secretary may contract with an institution of higher education in which a participant in the scholarship program under this subpart is enrolled for the payment to such institution on behalf of the student of the amounts of tuition and other reasonable educational expenses described in subparagraphs (A) and (B) of paragraph (1). Payment to such institution may be made without regard to subsections (a) and (b) of section 3324 of title 31, United States Code.</text>
 </paragraph><paragraph id="id43d3fafaa05247ffa943b5cd4ccae373"><enum>(3)</enum><header>Stipend</header><text>The amount of the monthly stipend described in paragraph (1)(C) shall be increased by the Secretary for each school year ending in a fiscal year beginning after September 30, 2018, by the amount (rounded to the next highest multiple of $1) equal to the amount of such stipend multiplied by the percentage adjustment in the rates of pay under the General Schedule taking effect under section 5303 of title 5, United States Code, during the fiscal year in which such school year ends (if such adjustment is an increase).</text>
									</paragraph></subsection><subsection id="id59a573f603224b9d98784e3af9c1628b"><enum>(d)</enum><header>Liability; failure To complete the period of obligated service; repayment</header>
 <paragraph id="id09ac7a22dded4bb08ba970ef832761fe"><enum>(1)</enum><header>Liability</header><text>An individual who has entered into a written contract with the Secretary under this section shall be liable to the United States for the amount which has been paid to, or on behalf of, such individual under the contract, if such individual—</text>
 <subparagraph id="id5589852566f24fc49dca7f54d50445ec"><enum>(A)</enum><text>fails to maintain an acceptable level of academic standing in the institution of higher education in which the individual is enrolled (as determined by the Secretary taking into account the requirements of the institution of higher education offering such course of study);</text>
 </subparagraph><subparagraph id="id3bcacdf740254cad8f10e7e23a6d1e63"><enum>(B)</enum><text>is dismissed from such institution of higher education for disciplinary reasons;</text> </subparagraph><subparagraph id="id67e2670b668b42658a0ffd34e4c5f358"><enum>(C)</enum><text>voluntarily terminates the training in such institution of higher education for which such individual is provided a scholarship under such contract before the completion of such training; or</text>
 </subparagraph><subparagraph id="id9edf1c4287d5433b90990929542f7090"><enum>(D)</enum><text>fails to accept payment, or instructs the institution of higher education in which such individual is enrolled not to accept payment, under this section.</text>
 </subparagraph></paragraph><paragraph id="ida49056b7a131427081f2c46f97d3a3ba"><enum>(2)</enum><header>Failure to complete the period of obligated service</header><text>An individual who has entered into a written contract with the Secretary under this section may petition the Secretary to delay the date on which the individual would otherwise be required to begin the period of obligated service if such individual has not succeeded in obtaining employment required by this section. In support of such petition, the individual shall supply such reasonable information as the Secretary may require. The Secretary shall retain full discretion regarding the decision about whether to grant or decline such a delay and to determine the duration of any delay that is granted.</text>
									</paragraph><paragraph id="ida5522019f98b4291be89131c238d4ed1"><enum>(3)</enum><header>Repayment</header>
 <subparagraph id="idd2afede1dc844f35bdac69efa48ffee1"><enum>(A)</enum><header>In general</header><text>An individual who has entered into a written contract with the Secretary under this section and who is liable for any amount of damages which the United States is entitled to recover under this subsection shall—</text>
 <clause id="idc0bfd6180e554309a1fc089543f8ab66"><enum>(i)</enum><text>begin payment of such damages to the United States within 1 year of the date of the breach or on such later date as specified by the Secretary; and</text>
 </clause><clause id="iddd5e257916e9460d881e2ffeb698799e"><enum>(ii)</enum><text>repay the amount of such damages in full following a schedule and by a deadline determined by the Secretary.</text>
 </clause></subparagraph><subparagraph id="id2162290e049e4f2298bc065cad0056d2"><enum>(B)</enum><header>Recovery of damages</header><text>If damages described in subparagraph (A) are delinquent for 3 months, the Secretary shall, for the purpose of recovering such damages—</text>
 <clause id="id6d46a3e86a48426fa7b12c71180b94ea"><enum>(i)</enum><text>utilize collection agencies contracted with by the Administrator of the General Services Administration; or</text>
 </clause><clause id="idfd7042cb0a7044288663fd6524f59eef"><enum>(ii)</enum><text>enter into contracts for the recovery of such damages with collection agencies selected by the Secretary.</text>
 </clause></subparagraph><subparagraph id="id78addbaa30b846bd963d9fb9e897afb5"><enum>(C)</enum><header>Contracts for recovery of damages</header><text>Each contract for recovering damages pursuant to this paragraph shall provide that the contractor will, not less than once every 6 months, submit to the Secretary a status report on the success of the contractor in collecting such damages. Section 3718 of title 31, United States Code, shall apply to any such contract to the extent not inconsistent with this subsection.</text>
 </subparagraph></paragraph><paragraph id="id1897682ab3f34abfaf0219799b23bc3e"><enum>(4)</enum><header>Death</header><text>Upon the death of an individual who receives, or has received, a scholarship under this subpart, any obligation of such individual for service or payment that relates to such scholarship shall be canceled.</text>
									</paragraph><paragraph id="ida8e37f8d1a9c46acb07d5b6335a2b2c0"><enum>(5)</enum><header>Waiver</header>
 <subparagraph id="idd9a6e2cf113449379d2b16b62f7581b9"><enum>(A)</enum><header>Required waiver</header><text>The Secretary shall provide for the partial or total waiver or suspension of any obligation of service or payment of a recipient of a scholarship under this subpart, if the Secretary determines that—</text>
 <clause id="idf9f51c7f536a4c9cab116ab7c4c8c38a"><enum>(i)</enum><text>it is not possible for the recipient to meet the obligation or make the payment;</text> </clause><clause id="id93c14b83a312426aa8119ccef5fdb28d"><enum>(ii)</enum><text>requiring the recipient to meet the obligation or make the payment would result in extreme hardship to the recipient; or</text>
 </clause><clause id="idd30164ffc09647f68cd0a665fae80262"><enum>(iii)</enum><text>the enforcement of the requirement to meet the obligation or make the payment would be unconscionable.</text>
 </clause></subparagraph><subparagraph id="idf10d366d658d4f9aaaeab2983d92fbd1"><enum>(B)</enum><header>Permissible waiver</header><text>Notwithstanding any other provision of law, for other good cause shown, the Secretary may waive, in whole or in part, the right of the United States to recover funds made available under this section.</text>
										</subparagraph></paragraph><paragraph id="id2abf991df30e4cbe8cbf84a76f1b1caa"><enum>(6)</enum><header>Bankruptcy</header>
 <subparagraph id="id7ac139aa50b840e08a7831c25c888d44"><enum>(A)</enum><header>In general</header><text>Subject to subparagraph (B), and notwithstanding any other provision of law, with respect to a recipient of a scholarship under this subpart, no obligation for payment may be released by a discharge in bankruptcy under title 11.</text>
 </subparagraph><subparagraph id="id5566259718604f4a99a24c10ee59c772"><enum>(B)</enum><header>Exception</header><text>The prohibition described in subparagraph (A) shall not apply if—</text> <clause id="id76e8f28b02da4fd7a38e40a2335f42dc"><enum>(i)</enum><text>such discharge is granted after the expiration of the 5-year period beginning on the initial date on which that payment is due; and</text>
 </clause><clause id="id512e6aace0c547af914e839553ffb5ee"><enum>(ii)</enum><text>the bankruptcy court finds that the nondischarge of the obligation would be unconscionable.</text> </clause></subparagraph></paragraph></subsection><subsection commented="no" id="id1fcdc91460e74c24bfb1ee071a1ed45b"><enum>(e)</enum><header>Applicability of other provisions</header><text>Notwithstanding any other provision of law, an individual receiving a scholarship under this subpart shall continue to be eligible for any other grant programs and loan forgiveness programs for which the individual would otherwise be eligible.</text>
								</subsection></section><section id="idc500a8b8432940f49117967320268564"><enum>259C.</enum><header>Indian student educator scholarship program</header>
								<subsection id="id9e1093920d6a4872b46d33d92efa0937"><enum>(a)</enum><header>Grants authorized</header>
 <paragraph id="ida486fbba5b594d6c823c9cbd4a989dea"><enum>(1)</enum><header>In general</header><text>The Secretary shall provide to each eligible applicant who is accepted for a scholarship under this section with a scholarship grant in each school year or years for a period during which such individual is pursuing a course of study in elementary or secondary education or school administration at an institution of higher education.</text>
 </paragraph><paragraph id="id202d1ca1e99c4d9789221df04fdd59fe"><enum>(2)</enum><header>Designation</header><text>Scholarships made under paragraph (1) shall be designated <quote>Indian student educator scholarships</quote>.</text> </paragraph></subsection><subsection id="id8e7a35eb4a964d34a2f608305b33322c"><enum>(b)</enum><header>Eligibility</header> <paragraph id="id751e1b7304864602a63e2f8ad36f39b4"><enum>(1)</enum><header>In general</header><text>The Secretary shall select which eligible applicants will receive an Indian student educator scholarship under subsection (a).</text>
 </paragraph><paragraph id="id4eac06ec511d4d7fa57d21afe396aa84"><enum>(2)</enum><header>Criteria</header><text>In order to be eligible to receive an Indian student educator scholarship, an individual shall—</text> <subparagraph id="id1df39f908c05421ebfb8133d3e211605"><enum>(A)</enum><text>be accepted for enrollment, or be enrolled, as a full-time or part-time student in a course of study in elementary or secondary education or school administration at an institution of higher education;</text>
 </subparagraph><subparagraph id="idfc4d7efa9ff34a38ac319a96a5ffc172"><enum>(B)</enum><text>submit an application to participate in the Indian educator scholarship program at such time and in such manner as the Secretary shall determine; and</text>
 </subparagraph><subparagraph id="idc2627d3ef534446ba86a78dd49a81e81"><enum>(C)</enum><text>sign and submit to the Secretary, at the time that such application is submitted, a written contract as described in section 259B, which shall include a commitment to serve through full-time employment at an eligible school for the period of obligated service.</text>
 </subparagraph></paragraph></subsection><subsection id="id4FA3B06541CF4907A14FD2D38E692E83"><enum>(c)</enum><header>Eligible schools</header><text>An individual shall be considered to be serving, through full-time employment at an eligible school, as required under section 259B(b)(1)(B)(iv), if the individual is employed full-time—</text>
 <paragraph id="ida94fed8dfe1d499bb3a003c156892600"><enum>(1)</enum><text>in a Bureau-funded school; or</text> </paragraph><paragraph commented="no" id="idc914653b19b3461faae2b2f18f298ff7"><enum>(2)</enum><text>in a public elementary school or secondary school that serves a significant number of Indian students, as determined by the Secretary.</text>
 </paragraph></subsection><subsection commented="no" id="idF3F4846C527945FB8B65E7D2708D85B3"><enum>(d)</enum><header>Placement assistance</header><text>The Secretary shall assist the recipient of an Indian educator scholarship in learning about placement opportunities in eligible schools by transmitting the name and educational credentials of such recipient to—</text>
 <paragraph commented="no" id="ideb94643c42ca461bb7e6c0684f95495d"><enum>(1)</enum><text>State educational agency clearinghouses for recruitment and placement of kindergarten, elementary school, and secondary school teachers and administrators in States with a significant number of Indian children;</text>
 </paragraph><paragraph commented="no" id="id89934ca9957843d3b2a5913433d79159"><enum>(2)</enum><text>elementary schools and secondary schools that are Bureau-funded schools; and</text> </paragraph><paragraph commented="no" id="id5168ca4748c14aac81205f7079a654e8"><enum>(3)</enum><text>tribal education agencies.</text>
									</paragraph></subsection></section><section id="id860d4ec9b4fa45118a6346704f2b7740"><enum>259D.</enum><header>Indian educator scholarship program</header>
								<subsection id="idf75ca7f97a374ffebb7b40a2a205c6c1"><enum>(a)</enum><header>Grants authorized</header>
 <paragraph id="id1a564e65a176454bbdb835201df30468"><enum>(1)</enum><header>In general</header><text>The Secretary shall provide to each eligible applicant who is accepted for a scholarship under this section with a scholarship grant in each school year or years for a period during which such individual is pursuing a course of study in elementary or secondary education or school administration at an institution of higher education.</text>
 </paragraph><paragraph id="ida78f4fad6da14a47a144eefaa2c6e302"><enum>(2)</enum><header>Designation</header><text>Scholarships made under paragraph (1) shall be designated <quote>Indian educator scholarships</quote>.</text> </paragraph></subsection><subsection id="idc022177d9f4f4c8fa366b0058595595e"><enum>(b)</enum><header>Eligibility</header> <paragraph id="id6a6f96acf8c44b8d969797d1653cfb2f"><enum>(1)</enum><header>In general</header><text>The Secretary shall select which eligible applicants will receive an Indian educator scholarship under subsection (a).</text>
 </paragraph><paragraph id="idb01ed2dc7bdf4f618c0715b5ac2e1839"><enum>(2)</enum><header>Criteria</header><text>In order to be eligible to receive an Indian educator scholarship, an individual shall—</text> <subparagraph id="idc9393043fec244a9b0e6f6f8a959203b"><enum>(A)</enum><text>be an Indian;</text>
 </subparagraph><subparagraph id="id4ecd57f7bf844b00968ead992b1bbfa3"><enum>(B)</enum><text>be accepted for enrollment, or be enrolled, as a full-time or part-time student in a course of study in elementary or secondary education or school administration at an institution of higher education;</text>
 </subparagraph><subparagraph id="id3369d93da4034253bbadf0f5ab913a42"><enum>(C)</enum><text>submit an application to participate in the Indian educator scholarship program at such time and in such manner as the Secretary shall determine; and</text>
 </subparagraph><subparagraph id="id96cd2a2230cc4465ba78f31aa0bcd52b"><enum>(D)</enum><text>sign and submit to the Secretary, at the time that such application is submitted, a written contract as described in section 259B, which shall include a commitment to serve through full-time employment at an eligible school for the period of obligated service.</text>
 </subparagraph></paragraph></subsection><subsection id="id29726B2442084A789CC3038D29AA6F72"><enum>(c)</enum><header>Eligible schools</header><text>An individual shall be considered to be serving, through full-time employment at an eligible school, as required under as section 259B(b)(1)(B)(iv), if the individual is employed full-time—</text>
 <paragraph id="id58851690964641a0a200a1220e5c88de"><enum>(1)</enum><text>in a Bureau-funded school; or</text> </paragraph><paragraph id="idbce597bcbf1a48b7aedb4dc587e8a52b"><enum>(2)</enum><text>in a public elementary school or secondary school that is in the school district of a local educational agency which is eligible during the period of obligated service for assistance under part A of title I of the Elementary and Secondary Education Act of 1965 (<external-xref legal-doc="usc" parsable-cite="usc/20/6311">20 U.S.C. 6311</external-xref> et seq.).</text>
 </paragraph></subsection><subsection id="idd355ba2451fc41699965907b9889c051"><enum>(d)</enum><header>Placement assistance</header><text>The Secretary shall assist the recipient of an Indian educator scholarship in learning about placement opportunities in eligible schools by transmitting the name and educational credentials of such recipient to—</text>
 <paragraph id="iddd2de6907148427a9dcb6ec58ddd785e"><enum>(1)</enum><text>State educational agency clearinghouses for recruitment and placement of kindergarten, elementary school, and secondary school teachers and administrators in States with a significant number of Indian children;</text>
 </paragraph><paragraph id="id0d7bac091c71419ebe6b71efb92214ec"><enum>(2)</enum><text>elementary schools and secondary schools that are Bureau-funded schools; and</text> </paragraph><paragraph id="id4d3425d51c28401390349e15a68ae80c"><enum>(3)</enum><text>tribal education agencies.</text></paragraph></subsection></section></subpart><after-quoted-block>.</after-quoted-block></quoted-block>
					<quoted-block display-inline="no-display-inline" id="id84e96618bcc54907b57988845c215c82" style="OLC">
						<section id="id3e7ddda8e4874066a87323c870f0e5c7"><enum>259E.</enum><header>Indian educator graduate fellowship program</header>
							<subsection id="ide136a85988ab4680a92adeaca7161ca3"><enum>(a)</enum><header>Grants authorized</header>
 <paragraph id="ida46a382bc9384f9c8bbba65d00d6662c"><enum>(1)</enum><header>In general</header><text>The Secretary shall make scholarship grants in accordance with this section to Indians who are enrolled on a full-time or part-time basis in institutions of higher education and pursuing a graduate level course of study in education or school administration.</text>
 </paragraph><paragraph id="ida3af5b271c3a485997254cce219158fd"><enum>(2)</enum><header>Designation</header><text>Scholarships made under paragraph (1) shall be designated <quote>Indian educator graduate fellowships</quote>.</text> </paragraph></subsection><subsection id="ide8895a48d35a4087970aa20508d6df8a"><enum>(b)</enum><header>Eligibility</header> <paragraph id="idfee0a57fd2584035aa07d404bcd02d09"><enum>(1)</enum><header>In general</header><text>The Secretary shall select which eligible applicants will receive an Indian educator graduate fellowship under subsection (a).</text>
 </paragraph><paragraph id="id34fc4a22575847b2b050ee32e5f2ec26"><enum>(2)</enum><header>Criteria</header><text>In order to be eligible to receive an Indian educator graduate fellowship, an individual shall—</text> <subparagraph id="ide2bbca7db0b64612ad205e59f3270de7"><enum>(A)</enum><text>be an Indian;</text>
 </subparagraph><subparagraph id="id593cfab9089a4d8b949b85e7857c98bb"><enum>(B)</enum><text>be accepted for enrollment, or be enrolled, as a full-time or part-time student in a graduate level course of study in education or school administration at an institution of higher education;</text>
 </subparagraph><subparagraph id="id79fcb7a5205841c2b504d38502d1790b"><enum>(C)</enum><text>submit an application to participate in the Indian educator graduate fellowship program at such time and in such manner as the Secretary shall determine; and</text>
 </subparagraph><subparagraph id="id6e63a51ef09a47c6b691f838db823f6e"><enum>(D)</enum><text>sign and submit to the Secretary, at the time that such application is submitted, a written contract as described in section 259B, which shall include a commitment to serve through full-time employment at an eligible service employer for the period of obligated service.</text>
 </subparagraph></paragraph></subsection><subsection id="id66eb7c31bce5486bb88d95b4c8e4a4f7"><enum>(c)</enum><header>Eligible service employers</header><text>An individual shall be considered to be serving, through full-time employment at an eligible service employer, as required under section 259B(b)(1)(B)(iv), if the individual is employed full-time—</text>
 <paragraph id="id008e44c5f4ba4b9583e5a32a8e0d39e9"><enum>(1)</enum><text>in a Bureau-funded school;</text> </paragraph><paragraph id="idd14ed71354bf4a97ade803a536edafbf"><enum>(2)</enum><text>in a public elementary school or secondary school that serves a significant number of Indian students, as determined by the Secretary;</text>
 </paragraph><paragraph commented="no" id="idb862ef17576442a385747a24360a4791"><enum>(3)</enum><text>for a Tribal College or University (as defined in section 316);</text> </paragraph><paragraph commented="no" id="ida27635f7b45d425692470ec0d737d0fe"><enum>(4)</enum><text>for a Native American-serving, nontribal institution (as defined in section 319(b));</text>
 </paragraph><paragraph commented="no" id="id7ee5cfefebe24abf9796c684baafbadd"><enum>(5)</enum><text>for an Alaska Native-serving institution (as defined in section 317(b));</text> </paragraph><paragraph commented="no" id="id6159C86221A243089732418BC48BECBE"><enum>(6)</enum><text>for a Native Hawaiian-serving institution (as defined in section 317(b));</text>
 </paragraph><paragraph commented="no" id="id987849f702e144b0bcb1b0d3446beebe"><enum>(7)</enum><text>for a tribal education agency (as defined by section 3 of the National Environmental Education Act (<external-xref legal-doc="usc" parsable-cite="usc/20/5502">20 U.S.C. 5502</external-xref>));</text>
 </paragraph><paragraph id="id1e0a8272f73a460097cb7103865db00b"><enum>(8)</enum><text>for a State educational agency or local educational agency that serves a significant number of Indian students, as defined by the Secretary;</text>
 </paragraph><paragraph id="idafdfaf9296764a80a2cfa9653234113e"><enum>(9)</enum><text>for the Department of Education; or</text> </paragraph><paragraph id="id43cf405d1d8443e5b55eaed1ca0566c6"><enum>(10)</enum><text>for the Bureau of Indian Education.</text>
 </paragraph></subsection><subsection id="iddc209990efb345f7ac81eb197def1ab5"><enum>(d)</enum><header>Placement assistance</header><text display-inline="yes-display-inline">The Secretary shall assist the recipient of an Indian educator graduate fellowship in learning about placement opportunities in eligible service employers in such manner as the Secretary determines appropriate.</text></subsection></section><after-quoted-block>.</after-quoted-block></quoted-block>
				</section></part><part id="id3266FDD60D08410AB703529301C52B91" style="OLC"><enum>B</enum><header>Loan forgiveness for Indian educators</header>
				<section id="id81c5bb5ae0cb40a98157367c3eb841d0"><enum>111.</enum><header>Loan forgiveness for educators teaching in Bureau of Indian Education-funded schools and local
			 educational agencies with a high percentage of American Indian students</header>
 <subsection id="id63d01c826da84c65b2812f76822fcb22"><enum>(a)</enum><header>Part B loans</header><text>Section 428J of the Higher Education Act of 1965 (<external-xref legal-doc="usc" parsable-cite="usc/20/1078-10">20 U.S.C. 1078–10</external-xref>) is amended—</text> <paragraph id="idE5EA6E100154499B98F67452CCDB058C"><enum>(1)</enum><text>in subsection (b)(1), by inserting <quote>subject to paragraphs (4) and (5) of subsection (c),</quote> before <quote>has been employed</quote>; and</text>
 </paragraph><paragraph id="idB65EA2D722FF49729FF5B63CE46FAC7E"><enum>(2)</enum><text>in subsection (c), by adding at the end the following:</text> <quoted-block display-inline="no-display-inline" id="id1b713f8ef2fc463381b603b6bf7afee9" style="OLC"> <paragraph id="idffbc05ffce4c4ea9a61b817fa81a832f"><enum>(4)</enum><header>Additional amounts for teachers in Bureau of Indian Education-funded schools and local educational agencies with a high percentage of American Indian students</header><text>Notwithstanding the amount specified in paragraph (1) and the requirements under subparagraphs (A) and (B) of subsection (b)(1), the aggregate amount that the Secretary shall repay under this section shall be not less than $17,500 in the case of a borrower who has been employed as a full-time teacher for 5 consecutive complete school years as—</text>
 <subparagraph id="ideba8a7cb5142475d8c18655c5c4c5125"><enum>(A)</enum><text>a teacher in a local educational agency described in section 6112(b)(1) of the Elementary and Secondary Education Act of 1965; or</text>
 </subparagraph><subparagraph id="id9ff5210e293540e99a44b425b6dc446e"><enum>(B)</enum><text>a teacher in a Bureau-funded school (as defined in section 1141 of the Education Amendments of 1978 (<external-xref legal-doc="usc" parsable-cite="usc/25/2021">25 U.S.C. 2021</external-xref>)).</text></subparagraph></paragraph><after-quoted-block>.</after-quoted-block></quoted-block>
 </paragraph></subsection><subsection id="id8880671e2e1b4510bee3b93f9ee3778c"><enum>(b)</enum><header>Part D loans</header><text>Section 460 of the Higher Education Act of 1965 (<external-xref legal-doc="usc" parsable-cite="usc/20/1087j">20 U.S.C. 1087j</external-xref>) is amended—</text> <paragraph id="idFA7022FB22374A16887DC00FB9F515E3"><enum>(1)</enum><text>in subsection (b)(1) by inserting <quote>subject to paragraphs (4) and (5) of subsection (c),</quote> before <quote>has been employed</quote>; and</text>
 </paragraph><paragraph id="id6BE10D0F1CA6459C96F513FE2CD2314F"><enum>(2)</enum><text>in subsection (c), by adding at the end the following:</text>
							<quoted-block display-inline="no-display-inline" id="id1B440993B600405F835E6D3F5C9D7DD8" style="OLC">
								<paragraph id="idae6ba8e926bf49fdb0f178e5fa8c9abd"><enum>(4)</enum><header>Additional amounts for teachers in Bureau of Indian Education-funded schools and local educational
 agencies with a high percentage of American Indian students</header><text>Notwithstanding the amount specified in paragraph (1) and the requirements under subparagraphs (A) and (B) of subsection (b)(1), the aggregate amount that the Secretary shall cancel under this section shall be not less than $17,500 in the case of a borrower who has been employed as a full-time teacher for 5 consecutive complete school years as—</text>
 <subparagraph id="id8308c64d09c649f7b65433b14af45d7f"><enum>(A)</enum><text>a teacher in a local educational agency described in section 6112(b)(1) of the Elementary and Secondary Education Act of 1965; or</text>
 </subparagraph><subparagraph id="id31e9baa0ebe34c1a98bbe3e910ea1d9a"><enum>(B)</enum><text>a teacher in a Bureau-funded school (as defined in section 1141 of the Education Amendments of 1978 (<external-xref legal-doc="usc" parsable-cite="usc/25/2021">25 U.S.C. 2021</external-xref>)).</text></subparagraph></paragraph><after-quoted-block>.</after-quoted-block></quoted-block>
						</paragraph></subsection></section><section id="id6cd722973889461fa51eb361c5104c91"><enum>112.</enum><header>Loan forgiveness for American Indian teachers</header>
 <subsection id="ideb70914187ec49d697d54c0cfadec89a"><enum>(a)</enum><header>Part B loans</header><text>Section 428J(c) of the Higher Education Act of 1965 (<external-xref legal-doc="usc" parsable-cite="usc/20/1078-10">20 U.S.C. 1078–10(c)</external-xref>), as amended by section 111, is further amended by adding at the end the following:</text>
						<quoted-block display-inline="no-display-inline" id="id8BC5E95710794B8EB85E0FB261FD294D" style="OLC">
 <paragraph id="id97057d30d2e441dfb080a116252689af"><enum>(5)</enum><header>Additional amounts for american indian teachers</header><text>Notwithstanding the amount specified in paragraph (1) and the requirements under subparagraphs (A) and (B) of subsection (b)(1), the aggregate amount that the Secretary shall repay under this section shall be not less than $17,500 in the case of a borrower who—</text>
 <subparagraph id="id9287d1b305ed493db89952af4c33fed7"><enum>(A)</enum><text>has been employed as a full-time teacher for 5 consecutive complete school years in—</text> <clause id="id18C842EF133E41D2853537244EE73A8A"><enum>(i)</enum><text>a Bureau-funded elementary school or secondary school (as defined in section 1141 of the Education Amendments of 1978 (<external-xref legal-doc="usc" parsable-cite="usc/25/2021">25 U.S.C. 2021</external-xref>)); or</text>
 </clause><clause id="id2C97A0E677124264B5954D0720A6128A"><enum>(ii)</enum><text>a public elementary school or secondary school that is in the school district of a local educational agency which is eligible during the period of obligated service for assistance under part A of title I of the Elementary and Secondary Education Act of 1965 (<external-xref legal-doc="usc" parsable-cite="usc/20/6311">20 U.S.C. 6311</external-xref> et seq.); and</text>
 </clause></subparagraph><subparagraph id="id8523420e13d040af88a671b4f57b186f"><enum>(B)</enum><text>is a member of an Indian tribe (as defined in section 4 of the Indian Self-Determination and Education Assistance Act (<external-xref legal-doc="usc" parsable-cite="usc/25/5304">25 U.S.C. 5304</external-xref>)).</text></subparagraph></paragraph><after-quoted-block>.</after-quoted-block></quoted-block>
 </subsection><subsection id="id46b034ed048a4c88a5b1c55f174deea6"><enum>(b)</enum><header>Part D loans</header><text>Section 460(c) of the Higher Education Act of 1965 (<external-xref legal-doc="usc" parsable-cite="usc/20/1087j">20 U.S.C. 1087j(c)</external-xref>), as amended by section 111, is further amended by adding at the end the following:</text>
						<quoted-block display-inline="no-display-inline" id="id00CB3EEC2ED044E4A0B11927A4332115" style="OLC">
 <paragraph id="id2e26fe00157a4c88967471d8e86cfadb"><enum>(5)</enum><header>Additional amounts for american indian teachers</header><text>Notwithstanding the amount specified in paragraph (1) and the requirements under subparagraphs (A) and (B) of subsection (b)(1), the aggregate amount that the Secretary shall cancel under this section shall be not less than $17,500 in the case of a borrower who—</text>
 <subparagraph id="idaea9920ec9ed4c72b2faaa56f206bea6"><enum>(A)</enum><text>has been employed as a full-time teacher for 5 consecutive complete school years in—</text> <clause id="id2b95cfda90724830a1523a48acc92cc8"><enum>(i)</enum><text>a Bureau-funded elementary school or secondary school (as defined in section 1141 of the Education Amendments of 1978 (<external-xref legal-doc="usc" parsable-cite="usc/25/2021">25 U.S.C. 2021</external-xref>)); or</text>
 </clause><clause id="id653d3e9ed78e4aafad0387897e7e86b9"><enum>(ii)</enum><text>a public elementary school or secondary school that is in the school district of a local educational agency which is eligible during the period of obligated service for assistance under part A of title I of the Elementary and Secondary Education Act of 1965 (<external-xref legal-doc="usc" parsable-cite="usc/20/6311">20 U.S.C. 6311</external-xref> et seq.); and</text>
 </clause></subparagraph><subparagraph id="idfe4d0c41843e43068c43ac9ccbe3c8a9"><enum>(B)</enum><text>is a member of an Indian tribe (as defined in section 4 of the Indian Self-Determination and Education Assistance Act (<external-xref legal-doc="usc" parsable-cite="usc/25/5304">25 U.S.C. 5304</external-xref>)).</text></subparagraph></paragraph><after-quoted-block>.</after-quoted-block></quoted-block>
					</subsection></section><section id="idD1BA9964AF0749C6A27C30EF7649A036"><enum>113.</enum><header>Cancellation of loans for educators teaching in Bureau of Indian Education-funded schools and
 Native American language immersion teachers</header><text display-inline="no-display-inline">Section 465(a)(2) of the Higher Education Act of 1965 (<external-xref legal-doc="usc" parsable-cite="usc/20/1087ee">20 U.S.C. 1087ee(a)(2)</external-xref>) is amended—</text> <paragraph id="idf8edf526ca91470588d74fe773af1499"><enum>(1)</enum><text>in subparagraph (A)—</text>
 <subparagraph id="id7e410bf146b246dab1e685cc6b06be80"><enum>(A)</enum><text>in clause (i)(II), by striking <quote>or</quote> after the semicolon;</text> </subparagraph><subparagraph id="idaa76c09a0ea541d78b2377eb97b62a20"><enum>(B)</enum><text>in clause (ii), by inserting <quote>or</quote> after the semicolon; and</text>
 </subparagraph><subparagraph id="id7cc6a72cb12848b791eb958c00fc1208"><enum>(C)</enum><text>by inserting after clause (ii) the following:</text> <quoted-block display-inline="no-display-inline" id="ida103506e6c204dbcbf5da863df2c63ff" style="OLC"> <clause id="id5c52b9b913b24da0a293ad015d6de91b"><enum>(iii)</enum><text>in an elementary school or secondary school that is a Bureau school or a Bureau-funded school (as defined in section 1141 of the Education Amendments of 1978 (<external-xref legal-doc="usc" parsable-cite="usc/25/2021">25 U.S.C. 2021</external-xref>));</text></clause><after-quoted-block>; and</after-quoted-block></quoted-block>
 </subparagraph></paragraph><paragraph id="idbd747a55c9114fe68a132eb36a2a1bbb"><enum>(2)</enum><text>in subparagraph (G), by inserting <quote>Native American language immersion,</quote> after <quote>foreign languages,</quote>.</text> </paragraph></section></part></title><title id="idEA63F69477F44026BD8FAE813FC44F10" style="OLC"><enum>II</enum><header>Institutional aid</header> <part id="idDF1690F34451400ABA5677ED5BBBCF1F" style="OLC"><enum>A</enum><header>Professional development grants for Native-serving elementary schools and secondary schools</header> <section id="id40897E2F71D94B8682EE75A4C45B46EA"><enum>201.</enum><header>National Board certification incentive program</header><text display-inline="no-display-inline">Subpart 2 of part A of title VI of the Elementary and Secondary Education Act of 1965 (<external-xref legal-doc="usc" parsable-cite="usc/20/7441">20 U.S.C. 7441</external-xref> et seq.) is amended by adding at the end the following:</text>
					<quoted-block display-inline="no-display-inline" id="id165629ec8e1e4ee9823b610f2f45d20c" style="OLC">
						<section id="id0ef8f20662d142898efd68fb81d7574f"><enum>6123.</enum><header>National Board certification incentive program</header>
 <subsection id="ide4e9aa8ab0f64cbfa6abd1d7205b6b81"><enum>(a)</enum><header>Purposes</header><text>The purposes of this section are—</text> <paragraph id="id6506fa5ad15048df81e0994fb3c38d5c"><enum>(1)</enum><text>to improve the skills of qualified individuals who are Indian (as defined by section 103 of the Native American Languages Act (<external-xref legal-doc="usc" parsable-cite="usc/25/2902">25 U.S.C. 2902</external-xref>)) or who teach Indian people;</text>
 </paragraph><paragraph id="id9e83f5dc0a184defb4e376628626cf5e"><enum>(2)</enum><text>to provide an incentive for qualified teachers to continue to utilize their enhanced skills in elementary schools and secondary schools serving Indian communities; and</text>
 </paragraph><paragraph id="idc50cb2fae3a04551b2bdf72bce0c22ee"><enum>(3)</enum><text>to increase the retention of highly skilled Indian teachers in elementary schools and secondary schools seeking to better incorporate Indian culture and history into the general curriculum.</text>
 </paragraph></subsection><subsection id="idd96998b0eaf74c9bbaefaedb3bcf829a"><enum>(b)</enum><header>Definitions</header><text>In this section:</text> <paragraph id="id9f102ce5fb5747808022333d91002f49"><enum>(1)</enum><header>Bureau-funded school</header><text>The term <term>Bureau-funded school</term> has the meaning given the term in section 1141 of the Education Amendments of 1978 (<external-xref legal-doc="usc" parsable-cite="usc/25/2021">25 U.S.C. 2021</external-xref>).</text>
 </paragraph><paragraph id="id658e649c1a594910a12bbf0d44ab48c5"><enum>(2)</enum><header>Eligible entities</header><text>The term <term>eligible entity</term> means—</text> <subparagraph id="id722ee9728072410d8f3698a4a83aac79"><enum>(A)</enum><text>a State educational agency in consortium with an institution of higher education;</text>
 </subparagraph><subparagraph id="id72522c3b2f2b420dad8256d3136e1dcd"><enum>(B)</enum><text>a local educational agency in consortium with an institution of higher education;</text> </subparagraph><subparagraph id="id54b4fc35be374bc18f64c1ba654be9f8"><enum>(C)</enum><text>an Indian tribe or organization, in consortium with a local educational agency and an institution of higher education; or</text>
 </subparagraph><subparagraph id="id5bff17a7fbc640778276f76bf561482f"><enum>(D)</enum><text>a Bureau-funded school in consortium with an institution of higher education.</text> </subparagraph></paragraph><paragraph id="idbd020670f39849cfb4080cde8f603c95"><enum>(3)</enum><header>Eligible educators</header><text>The term <term>eligible educator</term> means—</text>
 <subparagraph id="ideab68974b0d04dd6bdc28f8cf25679c8"><enum>(A)</enum><text>a teacher who teaches a minimum number of Indian students, as determined by the Secretary; or</text> </subparagraph><subparagraph id="id7d87967a19b544358b2f3778d92aaf13"><enum>(B)</enum><text>a teacher who is Indian.</text>
 </subparagraph></paragraph><paragraph id="ida4105e8b23064bb2a408ca5de1f6724c"><enum>(4)</enum><header>Indian tribe</header><text>The term <term>Indian tribe</term> has the meaning given the term in section 4 of the Indian Self-Determination and Education Assistance Act (<external-xref legal-doc="usc" parsable-cite="usc/25/5304">25 U.S.C. 5304</external-xref>).</text>
 </paragraph></subsection><subsection id="id8f5ac582e0b74eadb8f20ece13210ed5"><enum>(c)</enum><header>Program authorized</header><text>The Secretary is authorized to award grants to eligible entities having applications approved under this section to enable such eligible entities to—</text>
 <paragraph id="id2c227a194fd74eabbe56e2ec120dd162"><enum>(1)</enum><text>reimburse eligible educators for out-of-pocket costs associated with obtaining teacher certification or credentialing by the National Board for Professional Teaching Standards; and</text>
 </paragraph><paragraph id="id37f6d3f3205a4c87833cc6900ae8f47a"><enum>(2)</enum><text>provide an increase in annual compensation, in an amount equal to not less than $5,000 and not more than a $10,000, for eligible educators with a certification from the National Board for Professional Teaching Standards for the duration of the grant under this section.</text>
								</paragraph></subsection><subsection id="id913d79fb358948febe96ec658bfa7dde"><enum>(d)</enum><header>Application</header>
 <paragraph id="id205967958d6b4268b673621b80f09ee7"><enum>(1)</enum><header>In general</header><text>Each eligible entity desiring a grant under this section shall submit an application to the Secretary at such time, in such manner, and accompanied by such information, as the Secretary may reasonably require.</text>
 </paragraph><paragraph id="idc5703c48e1634b4b9135cbcf25ea2bb8"><enum>(2)</enum><header>Special rule</header><text>In the case of an eligible entity desiring to utilize all or a portion of a grant under this section for eligible educators identified in subparagraph (B) of subsection (b)(3) who would not also qualify as an eligible educator under subparagraph (A) of subsection (b)(3), the eligible entity shall provide an assurance that grant funds will support only those educators who are tribally enrolled or affiliated with an Indian tribe.</text>
 </paragraph></subsection><subsection id="idf57fd6e98bc14c18bebac79d1a43ce79"><enum>(e)</enum><header>Awarding of grants</header><text>In awarding grants under this section, the Secretary shall determine the amount and length of each grant, which shall not exceed 5 years.</text>
 </subsection><subsection id="id93cc623c6f564036adeee7b78685d37f"><enum>(f)</enum><header>Restrictions on compensation increases</header><text>The Secretary shall require and ensure that individuals who obtain a certification from the National Board for Professional Teaching Standards under this section continue to teach at a school served by the eligible entity through which funding for such certification was obtained as a condition of receiving annual compensation increases provided for in this section.</text>
							</subsection><subsection id="ideb103c4b64ed4b17b522ecfbd405b9f7"><enum>(g)</enum><header>Progress reports</header>
 <paragraph id="id0aaa419e4db440e3b2f34afa553c8f70"><enum>(1)</enum><header>In general</header><text>For every year for which Congress allocates funds for grants under this section, the Secretary shall provide a report on the progress of the eligible entities receiving grants under this section in meeting applicable progress standards, as determined by the Secretary.</text>
 </paragraph><paragraph id="id66bdcc82417245869498f6dd2762053a"><enum>(2)</enum><header>Dissemination</header><text>The Secretary shall disseminate the report described in this subsection to each of the following:</text> <subparagraph id="ide790eae61bf4463a85c69db3468cffe9"><enum>(A)</enum><text>The Committee on Health, Education, Labor, and Pensions of the Senate.</text>
 </subparagraph><subparagraph id="idf6fc2ed50a134346869050602eac8f36"><enum>(B)</enum><text>The Committee on Indian Affairs of the Senate.</text> </subparagraph><subparagraph id="ide17bd56cef114de88254d1073d3ae009"><enum>(C)</enum><text>The Subcommittee on Indian, Insular, and Alaska Native Affairs of the Committee on Natural Resources of the House of Representatives.</text>
 </subparagraph><subparagraph id="id5fed9b84613740e2bb54ae7bd05b4e61"><enum>(D)</enum><text>The Committee on Education and the Workforce of the House of Representatives.</text></subparagraph></paragraph></subsection></section><after-quoted-block>.</after-quoted-block></quoted-block> </section></part><part id="id8C22CB7F60074D1890E050355B4A15B3" style="OLC"><enum>B</enum><header>Native language teacher training program grants for Native-serving institutions of higher education</header> <section id="id9812e3b34ac84dca95161835af3a9c61"><enum>211.</enum><header>Native language teacher training program development grants for tribal colleges and universities and institutions of higher education that serve significant numbers of Native students</header><text display-inline="no-display-inline">Title III of the Higher Education Act of 1965 (<external-xref legal-doc="usc" parsable-cite="usc/20/1051">20 U.S.C. 1051</external-xref> et seq.) is amended—</text>
 <paragraph id="id0661050F1F59491BB3833802B3FB02B2"><enum>(1)</enum><text display-inline="yes-display-inline">by redesignating part G as part H; and</text> </paragraph><paragraph id="id9DA4BB10222148B68479969941A16A16"><enum>(2)</enum><text display-inline="yes-display-inline">by inserting after part F the following:</text>
						<quoted-block display-inline="no-display-inline" id="id3f72746591a54abca06a5970d3220308" style="OLC">
							<part id="idBA4CF1C37E314BB69D9AC90CCCA0510A" style="OLC"><enum>G</enum><header>Native American language teacher training program development</header>
								<section id="idf90b4224153f4af2a78249b770d84d28"><enum>381.</enum><header>Native American language teacher training program development</header>
 <subsection id="id2e6fd45525c743d69f721ee883b7280b"><enum>(a)</enum><header>Purpose</header><text>The purpose of this section is to establish a grant program that seeks—</text> <paragraph id="id0d31999d805d4964ad5d7f58639ee271"><enum>(1)</enum><text>to increase the number of well-trained and pedagogically effective Native American language speakers in teaching and other education professions that serve Indian people;</text>
 </paragraph><paragraph id="idbca64c4dbb9d4897a33a127b59678c8e"><enum>(2)</enum><text>to provide ongoing training and professional development to Native American immersion and language instructors to improve their linguistic and pedagogical skills; and</text>
 </paragraph><paragraph id="ida7ee13d1ecf5444a9d81fff20b495202"><enum>(3)</enum><text>to support the efforts of American Indian and Alaska Native communities to effectively revitalize, maintain, and teach their languages, as envisioned in the Native American Languages Act (<external-xref legal-doc="usc" parsable-cite="usc/25/2901">25 U.S.C. 2901</external-xref> et seq.) and section 803C of the Native American Programs Act of 1974 (<external-xref legal-doc="usc" parsable-cite="usc/42/2991b-3">42 U.S.C. 2991b–3</external-xref>).</text>
 </paragraph></subsection><subsection id="id51f00b3023f9470295a4cdf9bcf06e51"><enum>(b)</enum><header>Definition of eligible institution</header><text>In this section, the term <term>eligible institution</term> means any of the following:</text> <paragraph commented="no" id="ida0726c9439d74ca9b3fda999ee2599b0"><enum>(1)</enum><text>A Tribal College or University as defined in section 316.</text>
 </paragraph><paragraph commented="no" id="id27970D16E2CE495094DB9FD53104D6D4"><enum>(2)</enum><text>A Native American-serving, nontribal institution as defined in section 319(b).</text> </paragraph><paragraph commented="no" id="idfd3363f78fdc413aa9ba2f173d1efbf4"><enum>(3)</enum><text>An Alaska Native-serving institution as defined in section 317(b).</text>
 </paragraph><paragraph commented="no" id="idc49d9650e2ab4de18abe88136a3572c3"><enum>(4)</enum><text>A Native Hawaiian-serving institution as defined in section 317(b).</text> </paragraph><paragraph id="idf45408cc518b4f909bb85463769fdbb0"><enum>(5)</enum><text>A consortium of any of the institutions described in paragraphs (1) through (4).</text>
										</paragraph></subsection><subsection id="id49c67df940334beba9d8bd326046e037"><enum>(c)</enum><header>Grant program authorized</header>
 <paragraph id="ideca45dcc961c4037a8521af74d7c16fb"><enum>(1)</enum><header>In general</header><text>The Secretary shall establish a program, to be known as the Native American Language Teacher Training Program, under which the Secretary shall provide grants, on a competitive basis, to eligible institutions to promote the recruitment and training of Native immersion and language teachers to further support the revitalization, maintenance, and use of Native American languages in the classroom.</text>
 </paragraph><paragraph id="id2cc9b5efc6fb405aa16a03f6ca44eb46"><enum>(2)</enum><header>Duration</header><text>A grant under paragraph (1) shall be for a period of not more than 5 years.</text> </paragraph><paragraph id="id2ee9ad6579d34cfaae9c3540ac5bca84"><enum>(3)</enum><header>Application</header> <subparagraph id="id258135f1d4064e268f1f0076b1a48050"><enum>(A)</enum><header>In general</header><text>To be eligible to receive a grant under this subsection, an eligible institution shall submit to the Secretary an application at such time, in such manner, and containing such information as the Secretary may reasonably require.</text>
											</subparagraph><subparagraph id="idaf39fa1f5faf4f5a9d1f0377f65a705f"><enum>(B)</enum><header>Application paperwork reduction</header>
 <clause id="id79ab1f748211446d9df38149599934f8"><enum>(i)</enum><text>The Secretary shall establish application requirements in such a manner as to simplify and streamline the process for applying for grants under this section.</text>
 </clause><clause id="ide6cc3be337aa460aa1d2e2b18a24a6c4"><enum>(ii)</enum><text>The Secretary shall not require any Tribal College or University, as defined in section 316, applying individually for a grant under this section, to submit any separate, preliminary, or additional grant eligibility application or information because of the institution's status as a Tribal College or University.</text>
 </clause></subparagraph><subparagraph id="id2038ef13203248df8c7b5181f9d03e10"><enum>(C)</enum><header>Inclusion</header><text>An application under this paragraph shall include a plan for the program proposed to be carried out by the eligible institution, including—</text>
 <clause id="id2aabe3f2d6d442d69f90ae567d6f11dc"><enum>(i)</enum><text>a description of a 5-year strategy for meeting the Native immersion teacher recruitment and training needs of American Indians or Alaska Natives, as appropriate, in the population served by the institution, including a description of any partnerships with tribal, local, or Bureau-operated educational agencies;</text>
 </clause><clause id="id025e03c2be7244a2855e4709ace3caf8"><enum>(ii)</enum><text>an identification of the American Indian or Alaska Native population to be served by the eligible institution;</text>
 </clause><clause id="id4174425da3f342d78ee2143b0777d2c0"><enum>(iii)</enum><text>an identification of the status of the target Native American language or languages used within the population;</text>
 </clause><clause id="id08c94ac10bf84e24a79943baf47ae516"><enum>(iv)</enum><text>a description of the professional development and degree services to be provided under the program, including the manner in which the services will be integrated with other appropriate activities and programs; and</text>
 </clause><clause id="id7c0a6cf49620425a95c0b4b3520a9504"><enum>(v)</enum><text>a description, to be prepared in consultation with the Secretary, of the performance measures to be used to assess the performance of the eligible institution carrying out the program.</text>
 </clause></subparagraph><subparagraph id="id3445960e20d54d478e5ac48599731970"><enum>(D)</enum><header>Requirement</header><text>A program plan under subparagraph (C) shall be consistent with the purposes of this section, as determined by the Secretary.</text>
											</subparagraph></paragraph></subsection><subsection id="id6afae80728db42129f02bf6da940d5d6"><enum>(d)</enum><header>Use of funds</header>
 <paragraph id="id428a6cf4b49243bfb3eb659bf5dfed44"><enum>(1)</enum><header>Required activities</header><text>A grantee shall use grant funds provided under this section to carry out the following activities:</text> <subparagraph id="id57e3ea5ebcc840d59cf3f4e83fcb6b76"><enum>(A)</enum><text>Development of a new Native American immersion and language teacher training program that leads to State or tribal teacher certification.</text>
 </subparagraph><subparagraph id="id2248484fe5534efb842ba310f0a40b97"><enum>(B)</enum><text>Support and expansion of an existing Native American immersion and language teacher training program that leads to a State or tribal teacher certification.</text>
 </subparagraph><subparagraph id="id0b1703de79e34f4fbf6a4855d0da45fd"><enum>(C)</enum><text>Development and delivery of professional development workshops and courses aimed at improving the immersion and language acquisition pedagogical practices of Native American immersion and language teachers.</text>
 </subparagraph></paragraph><paragraph id="idd7c4f8359e7e41bba23172ebf8dead64"><enum>(2)</enum><header>Allowable activities</header><text>A grantee may use grant funds provided under this section to carry out additional activities, including—</text>
 <subparagraph id="ida608570d2a46449d8738e716e2583663"><enum>(A)</enum><text>curriculum development and academic instruction, including educational activities, programs, and partnerships relating to students in prekindergarten through grade 12;</text>
 </subparagraph><subparagraph id="id0d9665df8c324bec8eec466c377c2b9e"><enum>(B)</enum><text>development and establishment of a national Native American immersion and language teacher best practices guideline or certification;</text>
 </subparagraph><subparagraph id="id9f4c09c0384a42a1b77f30d14c2ecdfb"><enum>(C)</enum><text>professional development for institutional faculty or for elementary and secondary education administrators and educational support staff; and</text>
 </subparagraph><subparagraph id="ida6ffc0c205ab4b8580d7b439aecf755d"><enum>(D)</enum><text>innovative Native American language and immersion program classroom research for students in prekindergarten through grade 12.</text>
 </subparagraph></paragraph></subsection><subsection id="id22946e853ac44bf5b7c2a1256f80479c"><enum>(e)</enum><header>Concurrent funding</header><text>An eligible institution that receives a grant under this section may concurrently receive funds under section 316, 317, or 319.</text>
 </subsection><subsection id="id6550208dfba34fe1a624645ac38bcc55"><enum>(f)</enum><header>Authorization of appropriations</header><text>There is authorized to be appropriated to carry out this section such sums as may be necessary for each of fiscal years 2018 through 2022.</text></subsection></section></part><after-quoted-block>.</after-quoted-block></quoted-block></paragraph></section></part></title></legis-body></bill>


