<?xml version="1.0"?>
<?xml-stylesheet type="text/xsl" href="billres.xsl"?>
<!DOCTYPE bill PUBLIC "-//US Congress//DTDs/bill.dtd//EN" "bill.dtd">
<bill bill-stage="Introduced-in-Senate" bill-type="olc" dms-id="A1" public-private="public"><metadata xmlns:dc="http://purl.org/dc/elements/1.1/">
<dublinCore>
<dc:title>115 S514 IS: No Hero Left Untreated Act</dc:title>
<dc:publisher>U.S. Senate</dc:publisher>
<dc:date>2017-03-02</dc:date>
<dc:format>text/xml</dc:format>
<dc:language>EN</dc:language>
<dc:rights>Pursuant to Title 17 Section 105 of the United States Code, this file is not subject to copyright protection and is in the public domain.</dc:rights>
</dublinCore>
</metadata>
<form>
<distribution-code display="yes">II</distribution-code><congress>115th CONGRESS</congress><session>1st Session</session><legis-num>S. 514</legis-num><current-chamber>IN THE SENATE OF THE UNITED STATES</current-chamber><action><action-date date="20170302">March 2, 2017</action-date><action-desc><sponsor name-id="S379">Mr. Perdue</sponsor> (for himself and <cosponsor name-id="S380">Mr. Peters</cosponsor>) introduced the following bill; which was read twice and referred to the <committee-name committee-id="SSVA00">Committee on Veterans' Affairs</committee-name></action-desc></action><legis-type>A BILL</legis-type><official-title>To direct the Secretary of Veterans Affairs to carry out a pilot program to provide access to
			 magnetic EEG/EKG-guided resonance therapy to veterans.</official-title></form>
	<legis-body display-enacting-clause="yes-display-enacting-clause" id="H62DAF208BA284A12ABE0BB8909B9B5DA" style="OLC">
 <section id="HD9F8F72BDB2843AAB62D52FD8A1AC5DF" section-type="section-one"><enum>1.</enum><header>Short title</header><text display-inline="no-display-inline">This Act may be cited as the <quote><short-title>No Hero Left Untreated Act</short-title></quote>.</text> </section><section id="H2DCCB3A4CF57400A840DED3E23FE94B2"><enum>2.</enum><header>Findings</header><text display-inline="no-display-inline">Congress finds the following:</text>
 <paragraph id="H4773C4FAEFAE48FD98B2EE5550F3B1F9"><enum>(1)</enum><text>Magnetic EEG/EKG-guided resonance therapy has successfully treated more than 400 veterans with post-traumatic stress disorder, traumatic brain injury, military sexual trauma, chronic pain, and opiate addiction.</text>
 </paragraph><paragraph id="H15C179E9D2E2454C8E078D3DAD3727CE"><enum>(2)</enum><text display-inline="yes-display-inline">Recent clinical trials and randomized, placebo-controlled, double-blind studies have produced promising measurable outcomes in the evolution of magnetic EEG/EKG-guided resonance therapy.</text>
 </paragraph><paragraph id="H11F28E4F0AD449D6AEDB88DFD23F2782"><enum>(3)</enum><text>The outcomes described in paragraph (2) have resulted in escalating demand from returning members of the Armed Forces and veterans who are seeking access to magnetic EEG/EKG-guided resonance therapy.</text>
 </paragraph><paragraph id="H4E5DEA4E82E84A5BB18CCF9DEE04668D"><enum>(4)</enum><text>Congress recognizes the importance of initiating innovative pilot programs that demonstrate the use and effectiveness of new treatment options for post-traumatic stress disorder, traumatic brain injury, military sexual trauma, chronic pain, and opiate addiction.</text>
			</paragraph></section><section id="HFC7CABAA13394B61B323EB0EDFCD9828"><enum>3.</enum><header>Magnetic EEG/EKG-guided resonance therapy pilot program</header>
 <subsection id="H271DFD932E39439CA8A2CAC42D9FD603"><enum>(a)</enum><header>Pilot program</header><text>Commencing not later than 90 days after the date of the enactment of this Act, the Secretary of Veterans Affairs shall carry out a pilot program to provide access to magnetic EEG/EKG-guided resonance therapy to treat veterans suffering from post-traumatic stress disorder, traumatic brain injury, military sexual trauma, chronic pain, or opiate addiction.</text>
 </subsection><subsection id="HE88C3215D9144D49BDBD1D24B51EA169"><enum>(b)</enum><header>Locations</header><text>The Secretary shall carry out the pilot program under subsection (a) at not more than two facilities of the Department of Veterans Affairs.</text>
 </subsection><subsection id="HC162652D95304AD19BB055851EDDCF7D"><enum>(c)</enum><header>Participants</header><text>In carrying out the pilot program under subsection (a), the Secretary shall provide access to magnetic EEG/EKG-guided resonance therapy to not more than 50 veterans.</text>
 </subsection><subsection id="H376822CD285E46AC93026D8FF3F528DD"><enum>(d)</enum><header>Duration</header><text>The Secretary shall carry out the pilot program under subsection (a) for a one-year period.</text> </subsection><subsection id="HDD9A065FA11A455E81D21E5569569FC9"><enum>(e)</enum><header>Report</header><text>Not later than 90 days after the termination of the pilot program under subsection (d), the Secretary shall submit to the Committee on Veterans’ Affairs of the Senate and the Committee on Veterans’ Affairs of the House of Representatives a report on the pilot program.</text>
 </subsection><subsection id="H0AEB2FFC630F46E98C124161F4128D4F"><enum>(f)</enum><header>No authorization of appropriations</header><text>No additional amounts are authorized to be appropriated to carry out the requirements of this section. Such requirements shall be carried out using amounts authorized under provisions of law other than this section.</text></subsection></section></legis-body></bill>


