<?xml version="1.0"?>
<?xml-stylesheet type="text/xsl" href="billres.xsl"?>
<!DOCTYPE bill PUBLIC "-//US Congress//DTDs/bill.dtd//EN" "bill.dtd">
<bill bill-stage="Introduced-in-Senate" bill-type="olc" dms-id="A1" public-private="public"><metadata xmlns:dc="http://purl.org/dc/elements/1.1/">
<dublinCore>
<dc:title>115 S793 IS: Shark Fin Trade Elimination Act of 2017</dc:title>
<dc:publisher>U.S. Senate</dc:publisher>
<dc:date>2017-03-30</dc:date>
<dc:format>text/xml</dc:format>
<dc:language>EN</dc:language>
<dc:rights>Pursuant to Title 17 Section 105 of the United States Code, this file is not subject to copyright protection and is in the public domain.</dc:rights>
</dublinCore>
</metadata>
<form>
<distribution-code display="yes">II</distribution-code><congress>115th CONGRESS</congress><session>1st Session</session><legis-num>S. 793</legis-num><current-chamber>IN THE SENATE OF THE UNITED STATES</current-chamber><action><action-date date="20170330">March 30, 2017</action-date><action-desc><sponsor name-id="S370">Mr. Booker</sponsor> (for himself, <cosponsor name-id="S372">Mrs. Capito</cosponsor>, <cosponsor name-id="S275">Ms. Cantwell</cosponsor>, <cosponsor name-id="S197">Mr. McCain</cosponsor>, <cosponsor name-id="S380">Mr. Peters</cosponsor>, <cosponsor name-id="S236">Mr. Inhofe</cosponsor>, <cosponsor name-id="S316">Mr. Whitehouse</cosponsor>, <cosponsor name-id="S318">Mr. Wicker</cosponsor>, <cosponsor name-id="S341">Mr. Blumenthal</cosponsor>, <cosponsor name-id="S349">Mr. Portman</cosponsor>, and <cosponsor name-id="S353">Mr. Schatz</cosponsor>) introduced the following bill; which was read twice and referred to the <committee-name committee-id="SSCM00">Committee on Commerce, Science, and Transportation</committee-name></action-desc></action><legis-type>A BILL</legis-type><official-title>To prohibit sale of shark fins, and for other purposes.</official-title></form>
	<legis-body display-enacting-clause="yes-display-enacting-clause" id="HCDDA51B219CF4630BBA28588EC24E6C4" style="OLC">
 <section id="HC3F7C3385CF74AA2A874563D71EC15B7" section-type="section-one"><enum>1.</enum><header>Short title</header><text display-inline="no-display-inline">This Act may be cited as the <quote><short-title>Shark Fin Trade Elimination Act of 2017</short-title></quote>.</text> </section><section id="idd0e37cbcefd345fdaf6ea004fdebc75d"><enum>2.</enum><header>Findings</header><text display-inline="no-display-inline">Congress finds the following:</text>
 <paragraph id="id5a27c9f4cbfc446e8dfe01ac96944528"><enum>(1)</enum><text>Sharks are critically important species for their economic, cultural, and ecosystem value.</text> </paragraph><paragraph id="id4e112c859cd040209e30f7b783394c02"><enum>(2)</enum><text>Many shark populations are in peril worldwide and are on the decline.</text>
 </paragraph><paragraph id="id33ced9d55c7b4e4dad573eeaeee8a860"><enum>(3)</enum><text>One of the greatest threats to sharks is the global trade in shark fins. It is estimated that fins from as many as 73,000,000 sharks end up in the global shark fin trade every year.</text>
 </paragraph><paragraph id="id2f0bb1fd3b164b39a3ba193ef1deb0f5"><enum>(4)</enum><text>Shark fins have no medicinal or nutritional value.</text> </paragraph><paragraph id="idc55828101cd14c75ac553d983149bd4d"><enum>(5)</enum><text>The trade in shark fins is primarily focused on large coastal and pelagic species that grow slowly, mature late, and have low reproduction rates.</text>
 </paragraph><paragraph id="id851daa9468d64a1a822618a49a11efe3"><enum>(6)</enum><text>Shark fins are often removed and retained while the remainder of a shark is discarded due to the high market value of shark fins relative to other parts of a shark.</text>
 </paragraph><paragraph id="idAC3B342596E240D49C0F42F59C0F37F1"><enum>(7)</enum><text>Shark fins are removed primarily to be commercialized as a fungible commodity.</text>
 </paragraph><paragraph id="idb6d474f28e634217b1b0b3b52b358cac"><enum>(8)</enum><text>Shark finning is the cruel practice in which the fins of a shark are cut off on board a fishing vessel at sea. The remainder of the animal is then thrown back into the water to drown, starve, or die a slow death.</text>
 </paragraph><paragraph id="id322fa4c0fd4f4a8a9e7fc97be2363071"><enum>(9)</enum><text>Although the United States has banned the practice of shark finning aboard vessels in waters controlled by the United States, there is no Federal ban on the removal and sale of shark fins once the fin is brought ashore.</text>
 </paragraph><paragraph id="ida9225c90a6874cccb4de771efcec427f"><enum>(10)</enum><text>Once a shark fin is detached from the body, it becomes impossible to determine whether the shark was legally caught or the fin lawfully removed.</text>
 </paragraph><paragraph id="id024E19D4687640BF8B2922718F65DBA9"><enum>(11)</enum><text>It is difficult to determine which species of shark a fin was removed from, which is problematic because some species are threatened with extinction.</text>
 </paragraph><paragraph id="idcd88db49d3eb47268914183ccf03ae16"><enum>(12)</enum><text>The States of Texas, Delaware, Hawaii, Illinois, Massachusetts, Maryland, New York, Oregon, Rhode Island, California, and Washington and American Samoa, Guam, and the North Mariana Islands have implemented bans on the sale of shark fins.</text>
 </paragraph><paragraph id="ided0dac45f0c842bd93e97adfdccd4868"><enum>(13)</enum><text>Shark fins possessed, transported, offered for sale, sold, or purchased anywhere in the United States are part of a large international market, having a substantial and direct effect on interstate commerce.</text>
 </paragraph><paragraph id="ide7b068dacf7244e4b11e1bea4ee7c003"><enum>(14)</enum><text>Abolition of the shark fin trade in the United States will remove the United States from the global shark fin market and will put the United States in a stronger position to advocate internationally for abolishing the shark fin trade in other countries.</text>
			</paragraph></section><section id="id3a7a679c029345febcd300b1c35ad944"><enum>3.</enum><header>Prohibition on sale of shark fins</header>
 <subsection id="id43a23cab83414034a69d5cbbc97ec366"><enum>(a)</enum><header>Prohibition</header><text>Except as provided in section 4, no person shall possess, transport, offer for sale, sell, or purchase shark fins or products containing shark fins.</text>
 </subsection><subsection id="ide725e7e1cd1049518a9454bddb572947"><enum>(b)</enum><header>Penalty</header><text>A violation of subsection (a) shall be treated as an act prohibited by section 307 of the Magnuson-Stevens Fishery Conservation and Management Act (<external-xref legal-doc="usc" parsable-cite="usc/16/1857">16 U.S.C. 1857</external-xref>) and shall be penalized pursuant to section 308(a) of that Act (<external-xref legal-doc="usc" parsable-cite="usc/16/1858">16 U.S.C. 1858(a)</external-xref>), except that the maximum civil penalty for each violation shall be $100,000, or the fair market value of the shark fins involved, whichever is greater.</text>
 </subsection></section><section id="id905f46b42a3848279cac35a171227cef"><enum>4.</enum><header>Exceptions</header><text display-inline="no-display-inline">A person may possess a shark fin that was taken lawfully under a State, territorial, or Federal license or permit to take or land sharks, if the shark fin is separated from the shark in a manner consistent with the license or permit and is—</text>
 <paragraph id="id5b57a286dff6409d9cbc5fdab49ed73d"><enum>(1)</enum><text>destroyed or discarded upon separation;</text> </paragraph><paragraph id="idc0f7a89a5f4d422791be639de7dae34a"><enum>(2)</enum><text>used for noncommercial subsistence purposes in accordance with State or territorial law; or</text>
 </paragraph><paragraph id="id09af04025cff4660b431078c39d59a1f"><enum>(3)</enum><text>used solely for display or research purposes by a museum, college, or university, or other person under a State or Federal permit to conduct noncommercial scientific research.</text>
 </paragraph></section><section id="idcee721e0bf35468db6c7e91f9187838e"><enum>5.</enum><header>Definition of shark fin</header><text display-inline="no-display-inline">In this Act, the term <term>shark fin</term> means—</text> <paragraph id="idEE46F70E5BCC441989814B8AFC4F87F9"><enum>(1)</enum><text display-inline="yes-display-inline">the raw or dried or otherwise processed detached fin of a shark; or</text>
 </paragraph><paragraph id="idFA0668EF198745CC9484527315A6A52C"><enum>(2)</enum><text display-inline="yes-display-inline">the raw or dried or otherwise processed detached tail of a shark.</text>
 </paragraph></section><section id="id67b66eeb4a9b4b65ae2929db2ba35f46"><enum>6.</enum><header>State authority</header><text display-inline="no-display-inline">Nothing in this Act may be construed to preclude, deny, or limit any right of a State or territory to adopt or enforce any regulation or standard that is more stringent than a regulation or standard in effect under this Act.</text>
 </section><section id="idfda970704f2f480db9c24c6a6a8c792b"><enum>7.</enum><header>Severability</header><text display-inline="no-display-inline">If any provision of this Act or its application to any person or circumstance is held invalid, the invalidity does not affect other provisions or applications of this Act which can be given effect without the invalid provision or application, and to this end the provisions of this Act are severable.</text></section></legis-body></bill>


