<?xml version="1.0"?>
<?xml-stylesheet type="text/xsl" href="billres.xsl"?>
<!DOCTYPE bill PUBLIC "-//US Congress//DTDs/bill.dtd//EN" "bill.dtd">
<bill bill-stage="Engrossed-in-Senate" bill-type="olc" dms-id="A1" public-print="no" public-private="public" stage-count="1" star-print="no-star-print"><metadata xmlns:dc="http://purl.org/dc/elements/1.1/">
<dublinCore>
<dc:title>115 S305 ES: Vietnam War Veterans Recognition Act of 2017</dc:title>
<dc:publisher>U.S. Senate</dc:publisher>
<dc:date></dc:date>
<dc:format>text/xml</dc:format>
<dc:language>EN</dc:language>
<dc:rights>Pursuant to Title 17 Section 105 of the United States Code, this file is not subject to copyright protection and is in the public domain.</dc:rights>
</dublinCore>
</metadata>
<form display="yes">
<congress display="yes">115th CONGRESS</congress><session display="yes">1st Session</session><legis-num display="yes">S. 305</legis-num><current-chamber display="no">IN THE SENATE OF THE UNITED STATES</current-chamber><legis-type display="yes">AN ACT</legis-type><official-title display="yes">To amend title 4, United States Code, to encourage the display of the flag of the United States on
 National Vietnam War Veterans Day.</official-title></form><legis-body display-enacting-clause="yes-display-enacting-clause" style="OLC"><section commented="no" display-inline="no-display-inline" id="S1" section-type="section-one"><enum>1.</enum><header display-inline="yes-display-inline">Short title</header><text display-inline="no-display-inline">This Act may be cited as the <quote><short-title>Vietnam War Veterans Recognition Act of 2017</short-title></quote>.</text></section><section commented="no" display-inline="no-display-inline" id="id649b9d8de79b40a0976aeecf3eb90f7d" section-type="subsequent-section"><enum>2.</enum><header display-inline="yes-display-inline">Display of flag on National Vietnam War Veterans Day</header><text display-inline="no-display-inline">Section 6(d) of title 4, United States Code, is amended by inserting <quote>National Vietnam War Veterans Day, March 29;</quote> after <quote>third Monday in February;</quote>.</text></section></legis-body><attestation><attestation-group><attestation-date chamber="Senate" date="20170203">Passed the Senate February 3, 2017.</attestation-date><attestor display="no"></attestor><role>Secretary</role></attestation-group></attestation><endorsement display="yes"></endorsement></bill>


