<?xml version="1.0"?>
<?xml-stylesheet type="text/xsl" href="billres.xsl"?>
<!DOCTYPE bill PUBLIC "-//US Congress//DTDs/bill.dtd//EN" "bill.dtd">
<bill bill-stage="Introduced-in-Senate" dms-id="A1" public-private="public"><metadata xmlns:dc="http://purl.org/dc/elements/1.1/">
<dublinCore>
<dc:title>115 S203 IS: Recognizing the Protection of Motorsports Act of 2017</dc:title>
<dc:publisher>U.S. Senate</dc:publisher>
<dc:date>2017-01-24</dc:date>
<dc:format>text/xml</dc:format>
<dc:language>EN</dc:language>
<dc:rights>Pursuant to Title 17 Section 105 of the United States Code, this file is not subject to copyright protection and is in the public domain.</dc:rights>
</dublinCore>
</metadata>
<form>
<distribution-code display="yes">II</distribution-code><congress>115th CONGRESS</congress><session>1st Session</session><legis-num>S. 203</legis-num><current-chamber>IN THE SENATE OF THE UNITED STATES</current-chamber><action><action-date date="20170124">January 24, 2017</action-date><action-desc><sponsor name-id="S300">Mr. Burr</sponsor> (for himself, <cosponsor name-id="S381">Mr. Rounds</cosponsor>, <cosponsor name-id="S350">Mr. Rubio</cosponsor>, <cosponsor name-id="S384">Mr. Tillis</cosponsor>, <cosponsor name-id="S266">Mr. Crapo</cosponsor>, <cosponsor name-id="S352">Mr. Heller</cosponsor>, <cosponsor name-id="S293">Mr. Graham</cosponsor>, <cosponsor name-id="S343">Mr. Boozman</cosponsor>, <cosponsor name-id="S347">Mr. Moran</cosponsor>, <cosponsor name-id="S376">Mrs. Ernst</cosponsor>, <cosponsor name-id="S338">Mr. Manchin</cosponsor>, <cosponsor name-id="S236">Mr. Inhofe</cosponsor>, <cosponsor name-id="S357">Mrs. Fischer</cosponsor>, <cosponsor name-id="S314">Mr. Tester</cosponsor>, and <cosponsor name-id="S356">Mr. Donnelly</cosponsor>) introduced the following bill; which was read twice and referred to the <committee-name committee-id="SSEV00">Committee on Environment and Public Works</committee-name></action-desc></action><legis-type>A BILL</legis-type><official-title>To reaffirm that the Environmental Protection Agency may not regulate vehicles used solely for
			 competition, and for other purposes.</official-title></form>
	<legis-body display-enacting-clause="yes-display-enacting-clause">
 <section id="S1" section-type="section-one"><enum>1.</enum><header>Short title</header><text display-inline="no-display-inline">This Act may be cited as the <quote><short-title>Recognizing the Protection of Motorsports Act of 2017</short-title></quote> or the <quote><short-title>RPM Act of 2017</short-title></quote>.</text>
 </section><section id="id03C393216A0542748497F40BA4F28174"><enum>2.</enum><header>Exclusion from anti-tampering provisions</header><text display-inline="no-display-inline">Section 203(a) of the Clean Air Act (<external-xref legal-doc="usc" parsable-cite="usc/42/7522">42 U.S.C. 7522(a)</external-xref>) is amended by adding at the end the following: <quote>No action with respect to any device or element of design described in paragraph (3) shall be treated as a prohibited act under that paragraph if the action is for the purpose of modifying a motor vehicle into a vehicle to be used solely for competition.</quote>.</text>
 </section><section id="id04C6C7F2D827420C8C630ACFEFEE0394"><enum>3.</enum><header>Definition of motor vehicle</header><text display-inline="no-display-inline">Section 216(2) of the Clean Air Act (<external-xref legal-doc="usc" parsable-cite="usc/42/7550">42 U.S.C. 7550(2)</external-xref>) is amended—</text> <paragraph id="id4A4FA79BE908429ABB2F2AB1E5862F30"><enum>(1)</enum><text display-inline="yes-display-inline">by striking <quote>(2) The term</quote> and inserting the following:</text>
				<quoted-block display-inline="no-display-inline" id="idFCA6593556F844959C32DA4B31F44823" style="OLC">
					<paragraph id="id7802C5DF41B748888E921314E7D44253"><enum>(2)</enum><header>Motor vehicle</header>
 <subparagraph id="idAB907F8B47F54BC98E4ACF981637214B"><enum>(A)</enum><header>In general</header><text>The term</text></subparagraph></paragraph><after-quoted-block>; and</after-quoted-block></quoted-block> </paragraph><paragraph id="idE512E2CDAD77448FB2BB0AEF979C7853"><enum>(2)</enum><text>by adding at the end the following:</text>
				<quoted-block display-inline="no-display-inline" id="idEF72FED8D82D423C9FCFCE1BA0897F7E" style="OLC">
 <subparagraph id="idFCAE72A11A6A4FD287D3850F0944D7AA"><enum>(B)</enum><header>Exclusion</header><text>The term <term>motor vehicle</term> does not include a vehicle used solely for competition, including a vehicle used solely for competition that was converted from a motor vehicle.</text></subparagraph><after-quoted-block>.</after-quoted-block></quoted-block>
 </paragraph></section><section id="idA8B0E6799B9C43BFB259C8CF527A1444"><enum>4.</enum><header>Regulations</header><text display-inline="no-display-inline">Not later than 1 year after the date of enactment of this Act, the Administrator of the Environmental Protection Agency shall finalize any regulation necessary to implement the amendments made by this Act.</text></section></legis-body></bill>


