<?xml version="1.0"?>
<?xml-stylesheet type="text/xsl" href="billres.xsl"?>
<!DOCTYPE bill PUBLIC "-//US Congress//DTDs/bill.dtd//EN" "bill.dtd">
<bill bill-stage="Introduced-in-Senate" dms-id="A1" public-private="public"><metadata xmlns:dc="http://purl.org/dc/elements/1.1/">
<dublinCore>
<dc:title>115 S356 IS: Hallways to Health Act</dc:title>
<dc:publisher>U.S. Senate</dc:publisher>
<dc:date>2017-02-13</dc:date>
<dc:format>text/xml</dc:format>
<dc:language>EN</dc:language>
<dc:rights>Pursuant to Title 17 Section 105 of the United States Code, this file is not subject to copyright protection and is in the public domain.</dc:rights>
</dublinCore>
</metadata>
<form>
<distribution-code display="yes">II</distribution-code><congress>115th CONGRESS</congress><session>1st Session</session><legis-num>S. 356</legis-num><current-chamber>IN THE SENATE OF THE UNITED STATES</current-chamber><action><action-date date="20170213">February 13, 2017</action-date><action-desc><sponsor name-id="S284">Ms. Stabenow</sponsor> (for herself, <cosponsor name-id="S380">Mr. Peters</cosponsor>, <cosponsor name-id="S307">Mr. Brown</cosponsor>, and <cosponsor name-id="S332">Mr. Franken</cosponsor>) introduced the following bill; which was read twice and referred to the <committee-name committee-id="SSFI00">Committee on Finance</committee-name></action-desc></action><legis-type>A BILL</legis-type><official-title>To amend title XXI of the Social Security Act to improve access to, and the delivery of, children's
			 health services through school-based health centers, and for other
			 purposes.</official-title></form>
	<legis-body display-enacting-clause="yes-display-enacting-clause">
 <section id="S1" section-type="section-one"><enum>1.</enum><header>Short title</header><text display-inline="no-display-inline">This Act may be cited as the <quote><short-title>Hallways to Health Act</short-title></quote>.</text>
 </section><section id="idfead08ea75db4ef98ef863f68e352305"><enum>2.</enum><header>School-based health centers</header><text display-inline="no-display-inline">Title XXI of the Social Security Act (<external-xref legal-doc="usc" parsable-cite="usc/42/1397aa">42 U.S.C. 1397aa</external-xref> et seq.) is amended by adding at the end the following new section:</text>
			<quoted-block display-inline="no-display-inline" id="id15AA64D167334A249F9C4873C01E71C6" style="OLC">
				<section id="idBFA7921741994806B3B31C4505436A9A"><enum>2114.</enum><header>Grants and programs to improve access to, and the delivery of, children's health services through
			 school-based
			 health centers</header>
					<subsection id="id092D398B3E9E495CB60537D9F199DB51"><enum>(a)</enum><header>Grants to school-Based health centers To encourage children  To adopt healthy behaviors</header>
 <paragraph id="id3dc24999b5ff4849b3eb0142ee05fbc0"><enum>(1)</enum><header>Establishment</header><text>Not later than 18 months after the date of enactment of this subsection, the Secretary shall publish criteria to enable school-based health centers to apply for grants for the purpose of assisting eligible children under this title and title XIX and other children by providing funding for community health workers to facilitate children's access to services that encourage children to adopt healthy behaviors and to improve the quality and cultural competence of the delivery of such services. Not later than 2 years after such date, the Secretary shall award grants to school-based health centers for such purposes.</text>
 </paragraph><paragraph id="idc1018d614f82481f83b7a2c44f7be156"><enum>(2)</enum><header>Requirements</header><text>A school-based health center that employs individuals who meet the Bureau of Labor Statistics standard occupational definition of <quote>health educator</quote> (21–1091 or any successor classification number) or <quote>community health worker</quote> (21–1094 or any successor classification number) shall be eligible for a grant under this subsection.</text>
						</paragraph><paragraph id="idd4c74752f1cf469ba5f5981ed04ac70b"><enum>(3)</enum><header>Reporting</header>
 <subparagraph id="idff7471073deb444b985b271d90223870"><enum>(A)</enum><header>By grantees</header><text>A grantee under this subsection shall annually submit to the Secretary a report containing a description of the services provided under the grant, the data collected with respect to such services, a description of the efficacy of such services, any other information determined appropriate by the Secretary.</text>
 </subparagraph><subparagraph id="id05bd644884b64c74aaa189cea9e7906a"><enum>(B)</enum><header>By secretary</header><text>The Secretary biennially shall submit to Congress a report on the efficacy of the grant program established under this subsection.</text>
 </subparagraph></paragraph><paragraph id="idf729b5796492470cb75bcf1737861ac2"><enum>(4)</enum><header>Authorization of appropriations</header><text>There are authorized to be appropriated such sums as may be necessary to carry out this subsection. Funds appropriated under the preceding sentence shall remain available until expended.</text></paragraph></subsection></section><after-quoted-block>.</after-quoted-block></quoted-block>
		</section><section id="id3AD074A3BB7E4B8F963DE8758AF63706"><enum>3.</enum><header>Establishment and expansion of demonstration programs to provide tele-health services at
 school-based health centers</header><text display-inline="no-display-inline">Section 2114 of the Social Security Act (as added by section 2), is amended by adding at the end the following new subsection:</text>
			<quoted-block display-inline="no-display-inline" id="id872080520795432A935D5165534EF51D" style="OLC">
				<subsection id="ide3a1ed1c2a8346ce98e435b8d1bbead5"><enum>(b)</enum><header>Establishment and expansion of tele-Health services demonstration programs</header>
 <paragraph id="id6f035456ebf54d5680e75285b4d27699"><enum>(1)</enum><header>Establishment</header><text>Not later than 18 months after the date of enactment of this subsection, the Secretary shall publish criteria for the establishment of a demonstration program to provide new tele-health services, or to expand existing tele-health service programs, located at school-based health centers. A school-based health center's receipt of funds under the demonstration program under this subsection shall not preclude the school-based health center from being reimbursed by public or private health insurance programs according to State law and regulation for items and services furnished by or through the center.</text>
 </paragraph><paragraph commented="no" display-inline="no-display-inline" id="id91a92afe3fd042279a0eae67f06f5193"><enum>(2)</enum><header>Authorization of appropriations</header><text>There are authorized to be appropriated such sums as may be necessary to carry out this subsection. Funds appropriated under the preceding sentence shall remain available until expended.</text></paragraph></subsection><after-quoted-block>.</after-quoted-block></quoted-block>
		</section><section id="id603CAD8F37B74C15A9FBE7736919F9C1"><enum>4.</enum><header>Assurance of payment under Medicaid and CHIP for covered items and services furnished by certain
			 school-based health centers</header>
 <subsection id="id54838a95cfae49eabfe379596debc18d"><enum>(a)</enum><header>State plan requirement</header><text>Section 1902(a) of the Social Security Act (<external-xref legal-doc="usc" parsable-cite="usc/42/1396a">42 U.S.C. 1396a(a)</external-xref>) is amended—</text> <paragraph id="idC92FCD7610124530B93A7F7073598A24"><enum>(1)</enum><text>in paragraph (82), by striking <quote>and</quote> after the semicolon;</text>
 </paragraph><paragraph id="idA554CBD7A5554408A1D48967C29708C7"><enum>(2)</enum><text>in paragraph (83)(B)(ii), by striking the period at the end and inserting <quote>; and</quote>; and</text> </paragraph><paragraph id="id80FE630DE7F241C6B2BEA53179C2EB04"><enum>(3)</enum><text>by inserting after paragraph (83) the following new paragraph:</text>
					<quoted-block display-inline="no-display-inline" id="id87A74B1A2EDB460C91AAD7073D6A7220" style="OLC">
 <paragraph id="id0836604157a848d2b4edc87c79dc2a6e"><enum>(84)</enum><text>provide that the State shall certify to the Secretary that the State has implemented procedures to pay for medical assistance (including care and services described in subsections (a)(4)(B) and (r) of section 1905 and provided in accordance with section 1902(a)(43)) furnished in a school-based health center (as defined in section 2110(c)(9)), if payment would be made under the State plan for the same items and services if furnished in a physician's office or other outpatient clinic (including if such payment would be included in the determination of a prepaid capitation or other risk-based rate of payment to an entity under a contract pursuant to section 1903(m)).</text></paragraph><after-quoted-block>.</after-quoted-block></quoted-block>
 </paragraph></subsection><subsection id="id1a8a495a5f3c43848d291aabdf877286"><enum>(b)</enum><header>Application to CHIP</header><text>Section 2107(e)(1) of the Social Security Act (<external-xref legal-doc="usc" parsable-cite="usc/42/1397gg">42 U.S.C. 1397gg(e)(1)</external-xref>) is amended—</text> <paragraph id="id9ae1a33e09c44e80bef1abe4c5a4917b"><enum>(1)</enum><text>by redesignating subparagraphs (G) through (R) as subparagraphs (H) through (S), respectively; and</text>
 </paragraph><paragraph id="id61986136c7a2462b911b401aaa07ba2d"><enum>(2)</enum><text>by inserting after subparagraph (F), the following new subparagraph:</text> <quoted-block display-inline="no-display-inline" id="idE6268E0CF3FD4817A84BA1ADA32EB0E4" style="OLC"> <subparagraph id="id59E0F921577B4AB19D755FB27B5E0AFE"><enum>(G)</enum><text>Section 1902(a)(84) (relating to procedures to ensure payment for covered services furnished in a school-based health center).</text></subparagraph><after-quoted-block>.</after-quoted-block></quoted-block>
 </paragraph></subsection><subsection id="idf045b0b8304a43d38d3916d3754f1371"><enum>(c)</enum><header>Effective date</header><text>The amendments made by this section take effect on October 1, 2017.</text> </subsection></section><section id="id438D5484E36E40F0B43F56950AF2C24D"><enum>5.</enum><header>Other improvements</header> <subsection id="id0F19EB0AF9ED42EB8973AEEE58FC2E9F"><enum>(a)</enum><header>In general</header><text display-inline="yes-display-inline">Section 399Z–1 of the Public Health Service Act (<external-xref legal-doc="usc" parsable-cite="usc/42/280h-5">42 U.S.C. 280h–5</external-xref>) is amended—</text>
 <paragraph id="idDBF587EA17D3475AB15FA47C9317B3DD"><enum>(1)</enum><text>in subsection (a)(1), in the matter preceding subparagraph (A), by inserting <quote>either in person or via telehealth,</quote> after <quote>health centers,</quote>;</text> </paragraph><paragraph id="id2D998ED2AD9145FCB6BB48656D986334"><enum>(2)</enum><text>in subsection (a)(3)(A), by inserting before the semicolon the following: <quote>, and includes universities, accountable care organizations, and behavioral health organizations</quote>;</text>
 </paragraph><paragraph id="id5FA315F0D84E4EC89B7E8D43202436A1"><enum>(3)</enum><text>in subsection (c)(2)(C)(iv), by inserting <quote>and health education</quote> after <quote>health services</quote>;</text> </paragraph><paragraph id="idDF5B26EB59874A82B079BD0C478F6BBB"><enum>(4)</enum><text>in subsection (e), by striking <quote>may—</quote> and all that follows through the end and inserting <quote>may, upon a showing of good cause, waive the requirement that the SBHC provide all required comprehensive primary health services for a period not to exceed 2 years.</quote>;</text>
 </paragraph><paragraph id="idCA8A3E1AA86B45408F63A95B3659BBD1"><enum>(5)</enum><text>in subsection (i), by inserting before the period the following: <quote>, including using existing quality performance measures funded by the Federal Government for such entities</quote>;</text>
 </paragraph><paragraph id="id7CE83338B3FF4408AF36C9136858D44D"><enum>(6)</enum><text>in subsection (l)—</text> <subparagraph id="id988BBE879DF24583801A5E4A21182525"><enum>(A)</enum><text>by striking <quote>2014</quote> and inserting <quote>2022</quote>; and</text>
 </subparagraph><subparagraph id="id839FCEE2C2EF4E23922E317690DC2434"><enum>(B)</enum><text>by redesignating such subsection as subsection (n); and</text> </subparagraph></paragraph><paragraph id="id8F109525C078410C922AECF088A0D459"><enum>(7)</enum><text>by inserting after subsection (k), the following:</text>
					<quoted-block display-inline="no-display-inline" id="id4CA94EE4AC204FBFAC5ED52B94F538CF" style="OLC">
 <subsection id="id0E810F1C261D4C928217352F789DEFC9"><enum>(l)</enum><header>Technical assistance</header><text>The Secretary, acting directly or through awarding grants or contracts to private, nonprofit entities, shall establish or support existing State school-based health center resource centers that—</text>
 <paragraph id="idF4045C821D5D4BC680206326495EF0B8"><enum>(1)</enum><text>provide advocacy, training, and technical assistance to school-based health centers, including maximizing Federal and State resources;</text>
 </paragraph><paragraph id="id87007B39B335420F901D2F761D9FDBB9"><enum>(2)</enum><text>support the development of school-based health centers; and</text> </paragraph><paragraph id="idE0FB609FCB814E19A8CF1086D859ADBF"><enum>(3)</enum><text>enhance the operations and performance of school-based health centers.</text>
 </paragraph></subsection><subsection id="id237b729f3466488b8f4d8dc519a6bef3"><enum>(m)</enum><header>Authorization of appropriations</header><text>For purposes of carrying out this section, there are authorized to be appropriated such sums as may be necessary.</text></subsection><after-quoted-block>.</after-quoted-block></quoted-block>
 </paragraph></subsection><subsection id="id8AFB892BC26942D9B7D375D49D0931B7"><enum>(b)</enum><header>Covered entity</header><text>Section 340B(a)(4) of the Public Health Service Act (<external-xref legal-doc="usc" parsable-cite="usc/42/256b">42 U.S.C. 256b(a)(4)</external-xref>) is amended by adding at the end the following:</text>
				<quoted-block display-inline="no-display-inline" id="idE3A747F1181D4333A63D57618261FB59" style="OLC">
 <subparagraph commented="no" display-inline="no-display-inline" id="id238999E672B24B46BEA93C7EE7D33AD9"><enum>(P)</enum><text>A school-based health center.</text></subparagraph><after-quoted-block>.</after-quoted-block></quoted-block> </subsection><subsection id="id90183E4BCB7540CBBD346217B11E992B"><enum>(c)</enum><header>Qualified health plans</header><text>Section 1311(c)(1)(C) of the Patient Protection and Affordable Care Act (<external-xref legal-doc="usc" parsable-cite="usc/42/18031">42 U.S.C. 18031(c)(1)(C)</external-xref>) is amended by inserting <quote>, providers defined in section 2110(c)(9) of the Social Security Act,</quote> after <quote>Public Health Service Act</quote>.</text></subsection></section></legis-body></bill>


