<?xml version="1.0"?>
<?xml-stylesheet type="text/xsl" href="billres.xsl"?>
<!DOCTYPE bill PUBLIC "-//US Congress//DTDs/bill.dtd//EN" "bill.dtd">
<bill bill-stage="Introduced-in-Senate" dms-id="A1" public-private="public">
	<metadata xmlns:dc="http://purl.org/dc/elements/1.1/">
<dublinCore>
<dc:title>115 S688 IS: To suspend the importation of beef and poultry from Brazil.</dc:title>
<dc:publisher>U.S. Senate</dc:publisher>
<dc:date>2017-03-21</dc:date>
<dc:format>text/xml</dc:format>
<dc:language>EN</dc:language>
<dc:rights>Pursuant to Title 17 Section 105 of the United States Code, this file is not subject to copyright protection and is in the public domain.</dc:rights>
</dublinCore>
</metadata>
<form>
		<distribution-code display="yes">II</distribution-code>
		<congress>115th CONGRESS</congress><session>1st Session</session>
		<legis-num>S. 688</legis-num>
		<current-chamber>IN THE SENATE OF THE UNITED STATES</current-chamber>
		<action>
			<action-date date="20170321">March 21, 2017</action-date>
			<action-desc><sponsor name-id="S314">Mr. Tester</sponsor> introduced the following bill; which was read twice and referred to the <committee-name committee-id="SSFI00">Committee on Finance</committee-name></action-desc>
		</action>
		<legis-type>A BILL</legis-type>
		<official-title>To suspend the importation of beef and poultry from Brazil.</official-title>
	</form>
	<legis-body>
 <section id="S1" section-type="section-one"><enum>1.</enum><header>Suspension of importation of beef and poultry from Brazil</header><text display-inline="no-display-inline">Beef, beef products, poultry, and poultry products imported from Brazil may not enter the United States during the period beginning on the date of the enactment of this Act and ending on the date that is 120 days after such date of enactment.</text>
		</section></legis-body>
</bill>


