<?xml version="1.0"?>
<?xml-stylesheet type="text/xsl" href="billres.xsl"?>
<!DOCTYPE bill PUBLIC "-//US Congress//DTDs/bill.dtd//EN" "bill.dtd">
<bill bill-stage="Introduced-in-Senate" dms-id="A1" public-private="public">
	<metadata xmlns:dc="http://purl.org/dc/elements/1.1/">
<dublinCore>
<dc:title>115 S232 IS: To terminate the EB–5 Visa Program and to reallocate the employment creation visas to the other employment-based visa classifications.</dc:title>
<dc:publisher>U.S. Senate</dc:publisher>
<dc:date>2017-01-24</dc:date>
<dc:format>text/xml</dc:format>
<dc:language>EN</dc:language>
<dc:rights>Pursuant to Title 17 Section 105 of the United States Code, this file is not subject to copyright protection and is in the public domain.</dc:rights>
</dublinCore>
</metadata>
<form>
		<distribution-code display="yes">II</distribution-code>
		<congress>115th CONGRESS</congress><session>1st Session</session>
		<legis-num>S. 232</legis-num>
		<current-chamber>IN THE SENATE OF THE UNITED STATES</current-chamber>
		<action>
			<action-date date="20170124">January 24, 2017</action-date>
			<action-desc><sponsor name-id="S221">Mrs. Feinstein</sponsor> (for herself and <cosponsor name-id="S153">Mr. Grassley</cosponsor>) introduced the following bill; which was read twice and referred to the <committee-name committee-id="SSJU00">Committee on the Judiciary</committee-name></action-desc>
		</action>
		<legis-type>A BILL</legis-type>
		<official-title>To terminate the EB–5 Visa Program and to reallocate the employment creation visas to the other
			 employment-based visa classifications.</official-title>
	</form>
	<legis-body>
		<section id="id3E5E01D0479C4F08972EE0A62A07E98C" section-type="section-one"><enum>1.</enum><header>Termination of employment creation visa classification</header>
 <subsection id="idEAED4BF1AD0643CEA276E4B265A3F925"><enum>(a)</enum><header>In general</header><text display-inline="yes-display-inline">Section 203(b)(5) of the Immigration and Nationality Act (<external-xref legal-doc="usc" parsable-cite="usc/8/1153">8 U.S.C. 1153(b)(5)</external-xref>) is repealed.</text> </subsection><subsection id="idD82D4481822B451D975DF98CEF88C85D"><enum>(b)</enum><header>Reallocation to other employment-Based visa classifications</header><text>Section 203(b) of such Act (<external-xref legal-doc="usc" parsable-cite="usc/8/1153">8 U.S.C. 1153(b)</external-xref>) is amended—</text>
 <paragraph id="idD2F7FFC43211497A8F400A21374F280E"><enum>(1)</enum><text>in paragraph (1), by striking <quote>28.6 percent</quote> and inserting <quote>30.4 percent</quote>;</text> </paragraph><paragraph id="id7A3D3D48D9154C4D9E7B19F98814C779"><enum>(2)</enum><text>in paragraph (2), by striking <quote>28.6 percent</quote> and inserting <quote>30.4 percent</quote>;</text>
 </paragraph><paragraph id="idD801CE9514F84975AD2CC2F19E031B6C"><enum>(3)</enum><text>in paragraph (3), by striking <quote>28.6 percent</quote> and inserting <quote>30.4 percent</quote>; and</text> </paragraph><paragraph id="idDB2C420EC39F4465A1436CE4C8AC520C"><enum>(4)</enum><text>in paragraph (4), by striking <quote>7.1 percent</quote> and inserting <quote>8.8 percent</quote>.</text>
				</paragraph></subsection></section><section id="id6267277EE0114476A15040B44BA13633" section-type="subsequent-section"><enum>2.</enum><header>Conforming amendments</header>
 <subsection id="id3EDEB1DDBECE4C28BB0F2D39B85E1BE1"><enum>(a)</enum><header>Immigration and Nationality Act</header><text display-inline="yes-display-inline">Title II of the Immigration and Nationality Act (<external-xref legal-doc="usc" parsable-cite="usc/8/1151">8 U.S.C. 1151</external-xref> et seq.) is amended—</text> <paragraph id="id114DD53AA2864214BD6617E770929F34"><enum>(1)</enum><text display-inline="yes-display-inline">in section 202—</text>
 <subparagraph id="idDFAB4EB5224E4DABADC85155DB22269B"><enum>(A)</enum><text display-inline="yes-display-inline">in subsection (a)(5)(A), by striking <quote>(4), or (5)</quote> and insert <quote>or (4)</quote>; and</text> </subparagraph><subparagraph id="idE9BA7460C7BA418EAB0F5AF3CED89E5E"><enum>(B)</enum><text>in subsection (e)(3), by striking <quote>through (5)</quote> and inserting <quote>through (4)</quote>;</text>
 </subparagraph></paragraph><paragraph id="id567DD996F3574FFB92F48A4773E10779"><enum>(2)</enum><text display-inline="yes-display-inline">in section 203(b)(1), in the matter preceding subparagraph (A), by striking <quote>paragraphs (4) and (5)</quote> and inserting <quote>paragraph (4)</quote>;</text> </paragraph><paragraph id="id37B53F7624D944D589A89A5CCCDA17DF"><enum>(3)</enum><text>in section 204(a)(1)—</text>
 <subparagraph id="id45DE271E109941F886662355BB7C07C7"><enum>(A)</enum><text>by striking subparagraph (H);</text> </subparagraph><subparagraph id="id0B0964D451DC4517A118942A45A6DDD2"><enum>(B)</enum><text>by redesignating subparagraphs (I), (J), (K), and (L) as subparagraphs (H), (I), (J), and (K), respectively;</text>
 </subparagraph><subparagraph id="idE2E0F6B058ED45109DB96EC29E7AD923"><enum>(C)</enum><text>in subparagraph (H), as redesignated, by moving clause (iv) 6 ems to the left; and</text> </subparagraph><subparagraph id="idF6092A8D0619451B8044A3AE56220802"><enum>(D)</enum><text>by moving subparagraph (K), as redesignated, 4 ems to the left; and</text>
 </subparagraph></paragraph><paragraph id="idFCAA2E82E32041B2905C2ED44BFA8C9D"><enum>(4)</enum><text>by striking section 216A (<external-xref legal-doc="usc" parsable-cite="usc/8/1186b">8 U.S.C. 1186b</external-xref>).</text> </paragraph></subsection><subsection id="id17005D5B009B4971AD11A3C095651EB3"><enum>(b)</enum><header>Repeal of pilot immigration program</header><text display-inline="yes-display-inline">Section 610 of the Departments of Commerce, Justice, and State, the Judiciary, and Related Agencies Appropriations Act, 1993 (<external-xref legal-doc="public-law" parsable-cite="pl/102/395">Public Law 102–395</external-xref>) is repealed.</text>
			</subsection></section></legis-body>
</bill>


