<?xml version="1.0"?>
<?xml-stylesheet type="text/xsl" href="billres.xsl"?>
<!DOCTYPE bill PUBLIC "-//US Congress//DTDs/bill.dtd//EN" "bill.dtd">
<bill bill-stage="Introduced-in-Senate" dms-id="A1" public-private="public">
	<metadata xmlns:dc="http://purl.org/dc/elements/1.1/">
<dublinCore>
<dc:title>115 S365 IS: To amend the Consumer Financial Protection Act of 2010 to remove the funding cap relating to the transfer of funds from the Board of Governors of the Federal Reserve System to the Bureau of Consumer Financial Protection, and for other purposes.</dc:title>
<dc:publisher>U.S. Senate</dc:publisher>
<dc:date>2017-02-13</dc:date>
<dc:format>text/xml</dc:format>
<dc:language>EN</dc:language>
<dc:rights>Pursuant to Title 17 Section 105 of the United States Code, this file is not subject to copyright protection and is in the public domain.</dc:rights>
</dublinCore>
</metadata>
<form>
		<distribution-code display="yes">II</distribution-code>
		<congress>115th CONGRESS</congress><session>1st Session</session>
		<legis-num>S. 365</legis-num>
		<current-chamber>IN THE SENATE OF THE UNITED STATES</current-chamber>
		<action>
			<action-date date="20170213">February 13, 2017</action-date>
			<action-desc><sponsor name-id="S381">Mr. Rounds</sponsor> introduced the following bill; which was read twice and referred to the <committee-name committee-id="SSBK00">Committee on Banking, Housing, and Urban Affairs</committee-name></action-desc>
		</action>
		<legis-type>A BILL</legis-type>
		<official-title>To amend the Consumer Financial Protection Act of 2010 to remove the funding cap relating to the
			 transfer of funds from the Board of Governors of the Federal Reserve
			 System to the Bureau of Consumer Financial Protection, and for other
			 purposes.</official-title>
	</form>
	<legis-body>
 <section id="idD3484A13C0474B3B8931D50A83FF0F38" section-type="section-one"><enum>1.</enum><header>Funding for Bureau of Consumer Financial Protection</header><text display-inline="no-display-inline">Section 1017 (<external-xref legal-doc="usc" parsable-cite="usc/12/5497">12 U.S.C. 5497</external-xref>) of the Consumer Financial Protection Act of 2010 is amended—</text> <paragraph id="idE5CAD0CAAF6347C4834F12E7E0276E8D"><enum>(1)</enum><text display-inline="yes-display-inline">in subsection (a)—</text>
 <subparagraph id="id9CBE4E03F48C497E936FECBE49D0834F"><enum>(A)</enum><text display-inline="yes-display-inline">by striking paragraphs (1) through (3); and</text> </subparagraph><subparagraph id="id2E9D103725714A99806A0C3911A26F6C"><enum>(B)</enum><text display-inline="yes-display-inline">by redesignating paragraphs (4) and (5) as paragraphs (1) and (2), respectively;</text>
 </subparagraph></paragraph><paragraph id="idCC7174674B7F4C24A03D50B2516E18D2"><enum>(2)</enum><text>in subsection (b)—</text> <subparagraph id="idDE2274FE0FC8467E9AB2A19232B9FB01"><enum>(A)</enum><text>by striking paragraph (2); and</text>
 </subparagraph><subparagraph id="id2C30DF8E1A8D4D5AAF96A1780D09AA0F"><enum>(B)</enum><text>by redesignating paragraph (3) as paragraph (2);</text> </subparagraph></paragraph><paragraph id="id4149BCEB97A143A099808F615CB892D7"><enum>(3)</enum><text>in subsection (c)(1)—</text>
 <subparagraph id="id0A95067932DA4BBFA54E99C4E3A8BAC8"><enum>(A)</enum><text>in the first sentence, by striking <quote>, and shall remain available until expended,</quote>; and</text> </subparagraph><subparagraph id="idBD3073473B924180ADDC6C8638586337"><enum>(B)</enum><text>by inserting <quote>Any funds not expended by the Bureau shall be deposited into the general fund of the Treasury.</quote> after <quote>responsibilities.</quote>; and</text>
 </subparagraph></paragraph><paragraph id="idF833635DF3034D29AFE9D226C8257FAE"><enum>(4)</enum><text>by striking subsection (d) and inserting the following:</text> <quoted-block display-inline="no-display-inline" id="id8C5F5C4E6C8D440088D18DF1807128D8" style="OLC"> <subsection commented="no" display-inline="no-display-inline" id="P528A3C1D4CCF03D0ADC5B18AF2A17AB"><enum>(d)</enum><header display-inline="yes-display-inline">Penalties and fines</header> <paragraph commented="no" display-inline="no-display-inline" id="P8007C09C45FEB3AA3BF536B600C89EA"><enum>(1)</enum><header>Establishment of Civil Penalty Fund</header><text>There is established in the Federal Reserve a separate fund, to be known as the <quote>Consumer Financial Civil Penalty Fund</quote> (referred to in this section as the <quote>Civil Penalty Fund</quote>). The Civil Penalty Fund shall be maintained and established at a Federal reserve bank, in accordance with such requirements as the Board of Governors may impose. If the Bureau obtains a civil penalty against any person in any judicial or administrative action under Federal consumer financial laws, the Bureau shall deposit into the Civil Penalty Fund, the amount of the penalty collected.</text>
 </paragraph><paragraph commented="no" display-inline="no-display-inline" id="P8EE5ECE24164075EC3683589B4C851B"><enum>(2)</enum><header>Transfer to general fund of the Treasury</header><text>Amounts in the Civil Penalty Fund shall be deposited into the general fund of the Treasury.</text></paragraph></subsection><after-quoted-block>.</after-quoted-block></quoted-block> </paragraph></section></legis-body></bill> 

