<?xml version="1.0"?>
<?xml-stylesheet type="text/xsl" href="billres.xsl"?>
<!DOCTYPE bill PUBLIC "-//US Congress//DTDs/bill.dtd//EN" "bill.dtd">
<bill bill-stage="Introduced-in-Senate" dms-id="A1" public-private="public">
	<metadata xmlns:dc="http://purl.org/dc/elements/1.1/">
<dublinCore>
<dc:title>115 S145 IS: National Strategic and Critical Minerals Production Act</dc:title>
<dc:publisher>U.S. Senate</dc:publisher>
<dc:date>2017-01-12</dc:date>
<dc:format>text/xml</dc:format>
<dc:language>EN</dc:language>
<dc:rights>Pursuant to Title 17 Section 105 of the United States Code, this file is not subject to copyright protection and is in the public domain.</dc:rights>
</dublinCore>
</metadata>
<form>
		<distribution-code display="yes">II</distribution-code>
		<congress>115th CONGRESS</congress><session>1st Session</session>
		<legis-num>S. 145</legis-num>
		<current-chamber>IN THE SENATE OF THE UNITED STATES</current-chamber>
		<action>
			<action-date date="20170112">January 12, 2017</action-date>
			<action-desc><sponsor name-id="S352">Mr. Heller</sponsor> introduced the following bill; which was read twice and referred to the <committee-name committee-id="SSEG00">Committee on Energy and Natural Resources</committee-name></action-desc>
		</action>
		<legis-type>A BILL</legis-type>
		<official-title>To require the Secretary of the Interior and the Secretary of Agriculture to more efficiently
			 develop domestic sources of the minerals and mineral materials of
			 strategic and critical importance to the economic and national security
			 and manufacturing competitiveness of the United States, and for other
			 purposes.</official-title>
	</form>
	<legis-body>
		<section id="S1" section-type="section-one"><enum>1.</enum><header>Short title</header>
 <text display-inline="no-display-inline">This Act may be cited as the <quote><short-title>National Strategic and Critical Minerals Production Act</short-title></quote>.</text>
 </section><section id="id3c01c7fbe2d34b6f9796a00c00521142"><enum>2.</enum><header>Findings</header><text display-inline="no-display-inline">Congress finds that—</text> <paragraph id="idb8ded99b706f4e3895853c8e46be4074"><enum>(1)</enum><text>the industrialization of developing nations has driven demand for nonfuel minerals necessary for telecommunications, military technologies, healthcare technologies, and conventional and renewable energy technologies;</text>
 </paragraph><paragraph id="id759348c584a54e4f8aa923d9ab833534"><enum>(2)</enum><text>the availability of minerals and mineral materials are essential for economic growth, national security, technological innovation, and the manufacturing and agricultural supply chain;</text>
 </paragraph><paragraph id="id841ecfd4788e4c1e9cae1448571f8866"><enum>(3)</enum><text>minerals and mineral materials are critical components of every transportation, water, telecommunications, and energy infrastructure project necessary to modernize the crumbling infrastructure of the United States;</text>
 </paragraph><paragraph id="id685bb21485e34cab8c9063aa8366ef41"><enum>(4)</enum><text>the exploration, production, processing, use, and recycling of minerals contribute significantly to the economic well-being, security, and general welfare of the United States;</text>
 </paragraph><paragraph id="id09c48e296f3149b398c94e253b782b09"><enum>(5)</enum><text>the United States has vast mineral resources but is becoming increasingly dependent on foreign sources of mineral resources, as demonstrated by the fact that—</text>
 <subparagraph id="idbe3ce252f02a4a9d8ebba4aa72ebb2d4"><enum>(A)</enum><text>25 years ago, the United States was dependent on foreign sources for 45 nonfuel mineral materials, of which—</text>
 <clause id="idDBEEF45320144ECB8E2EAC61E2F20A24"><enum>(i)</enum><text>8 were imported by the United States to fulfill 100 percent of the requirements of the United States for those nonfuel mineral materials; and</text>
 </clause><clause id="id75BECBB765C842829FA9F50FDBF2EDE4"><enum>(ii)</enum><text>19 were imported by the United States to fulfill greater than 50 percent of the requirements of the United States for those nonfuel mineral materials;</text>
 </clause></subparagraph><subparagraph id="id67f5ccfd1eb6491facc62cccecf23d84"><enum>(B)</enum><text>by 2015 the import dependence of the United States for nonfuel mineral materials increased from dependence on the import of 45 nonfuel mineral materials to dependence on the import of 47 nonfuel mineral materials, of which—</text>
 <clause id="id4199EAFA650141439A9532BB96BE888A"><enum>(i)</enum><text>19 were imported by the United States to fulfill 100 percent of the requirements of the United States for those nonfuel mineral materials; and</text>
 </clause><clause id="id41D2192C341B46BFA3D7AF9D0E4AE64B"><enum>(ii)</enum><text>22 were imported by the United States to fulfill greater than 50 percent of the requirements of the United States for those nonfuel mineral materials;</text>
 </clause></subparagraph><subparagraph id="idb9ee5882729d48b7bf65dfa80cd0cf82"><enum>(C)</enum><text>according to the Department of Energy, the United States imports greater than 50 percent of the 41 metals and minerals key to clean energy applications;</text>
 </subparagraph><subparagraph id="idf42c3b725bb342ee9f072fe507bf4455"><enum>(D)</enum><text>the United States share of worldwide mineral exploration dollars was 7 percent in 2015, down from 19 percent in the early 1990s;</text>
 </subparagraph><subparagraph id="idb7a5c895757e41f7b037151aee2e8f61"><enum>(E)</enum><text>the 2014 Ranking of Countries for Mining Investment, which ranks 25 major mining countries, found that 7- to 10-year permitting delays are the most significant risk to mining projects in the United States; and</text>
 </subparagraph><subparagraph id="id50936e7d4b834709bd79193713762be1"><enum>(F)</enum><text>in late 2016, the Government Accountability Office found that—</text> <clause id="idBA9B4FFD364B4A2DBFC73DFFD1EA8735"><enum>(i)</enum><text><quote>the Federal government’s approach to addressing critical materials supply issues has not been consistent with selected key practices for interagency collaboration, such as ensuring that agencies’ roles and responsibilities are clearly defined</quote>; and</text>
 </clause><clause id="idBA4B2814AEF8467FB4F92A2EB0B3ED0A"><enum>(ii)</enum><text><quote>the Federal critical materials approach faces other limitations, including data limitations and a focus on only a subset of critical materials, a limited focus on domestic production of critical materials, and limited engagement with industry</quote>.</text>
 </clause></subparagraph></paragraph></section><section id="idb316bb08945f41358b8c145fb6ff15b2"><enum>3.</enum><header>Definitions</header><text display-inline="no-display-inline">In this Act:</text> <paragraph id="idcbee0dada1d249349716cc3aa330c78e"><enum>(1)</enum><header>Agency</header><text>The term <term>agency</term> means—</text>
 <subparagraph id="idEAA55FC9B8F14CF7B5081A6FEA407CA8"><enum>(A)</enum><text>any agency, department, or other unit of Federal, State, local, or tribal government; or</text> </subparagraph><subparagraph id="id2D1E9715831E4314A16764CE51340D49"><enum>(B)</enum><text>an Alaska Native Corporation.</text>
 </subparagraph></paragraph><paragraph id="id020F5134F52445EA82225DE00B08D7F8"><enum>(2)</enum><header>Alaska Native Corporation</header><text>The term <term>Alaska Native Corporation</term> has the meaning given the term <term>Native Corporation</term> in section 3 of the Alaska Native Claims Settlement Act (<external-xref legal-doc="usc" parsable-cite="usc/43/1602">43 U.S.C. 1602</external-xref>).</text>
 </paragraph><paragraph id="idDC7CCBE20DE041C6AA651A613A172D82"><enum>(3)</enum><header>Lead agency</header><text>The term <term>lead agency</term> means the agency with primary responsibility for issuing a mineral exploration or mine permit for a project.</text>
 </paragraph><paragraph id="id744b89f0d7fa4af89bfeca9b67eda650"><enum>(4)</enum><header>Mineral exploration or mine permit</header><text>The term <term>mineral exploration or mine permit</term> includes—</text> <subparagraph id="id2e72b8f0abee469aa4d04c679b946dca"><enum>(A)</enum><text>an authorization of the Bureau of Land Management or the Forest Service, as applicable, for premining activities that requires an environmental impact statement or similar analysis under the <act-name parsable-cite="NEPA69">National Environmental Policy Act of 1969</act-name> (<external-xref legal-doc="usc" parsable-cite="usc/42/4321">42 U.S.C. 4321</external-xref> et seq.);</text>
 </subparagraph><subparagraph id="idf8472d6f7bf24e7b9ead26b14dbb59c8"><enum>(B)</enum><text>a plan of operations issued by—</text> <clause id="id7F73FC0E61D341CEA4B1F449EEDBB105"><enum>(i)</enum><text>the Bureau of Land Management under subpart 3809 of part 3800 of title 43, Code of Federal Regulations (or successor regulations); or</text>
 </clause><clause id="idC4AD70F2A21042EFBAAE899BA07B8C88"><enum>(ii)</enum><text>the Forest Service under subpart A of part 228 of title 36, Code of Federal Regulations (or successor regulations); and</text>
 </clause></subparagraph><subparagraph id="idB1CD2467B7D54008ADB1908E8637D64C"><enum>(C)</enum><text>a permit issued under an authority described in section 3503.13 of title 43, Code of Federal regulations (or successor regulations).</text>
 </subparagraph></paragraph><paragraph id="id08ED3E3E2D30486F852CDD8C17B8CAC6"><enum>(5)</enum><header>Project</header><text>The term <term>project</term> means a project for which the issuance of a permit is required to conduct activities for, relating to, or incidental to mineral exploration, mining, beneficiation, processing, or reclamation activities—</text>
 <subparagraph id="id84b21d686c48403f917b54efa9a4fca8"><enum>(A)</enum><text>on a mining claim, millsite claim, or tunnel site claim for any locatable mineral; or</text> </subparagraph><subparagraph id="id83968d1dae604f31937b33f39c4d1453"><enum>(B)</enum><text>in conjunction with any Federal mineral (other than coal and oil shale) that is leased under—</text>
 <clause id="idE9EB07F34CF44A898499226C3947F8DE"><enum>(i)</enum><text>the Mineral Leasing Act for Acquired Lands (<external-xref legal-doc="usc" parsable-cite="usc/30/351">30 U.S.C. 351</external-xref> et seq.); or</text>
 </clause><clause id="idDA71091FBB2D4B84863BBE17984B4BF6"><enum>(ii)</enum><text>section 402 of Reorganization Plan Numbered 3 of 1946 (5 U.S.C. App.).</text>
					</clause></subparagraph></paragraph></section><section id="idDD7D03AF743E4FA8A1585783705FA58E"><enum>4.</enum><header>Improving development of strategic and critical minerals</header>
 <subsection id="id7587b219921d4d62963c6cffdeca3857"><enum>(a)</enum><header>Definition of strategic and critical minerals</header><text>In this section, the term <term>strategic and critical minerals</term> means minerals that are necessary—</text> <paragraph id="id51c32c8fccb547c3b5f079a16e9df0bf"><enum>(1)</enum><text>for the national defense and national security requirements;</text>
 </paragraph><paragraph id="id81c7a60a725f474a8e4d8433ad6e7cef"><enum>(2)</enum><text>for the energy infrastructure of the United States, including—</text> <subparagraph id="id645D16ED368C421BB046111748DC9328"><enum>(A)</enum><text>pipelines;</text>
 </subparagraph><subparagraph id="id99ECEBFA9F6A4C25AC0D47E2A6A460F2"><enum>(B)</enum><text>refining capacity;</text> </subparagraph><subparagraph id="idFF547E5BFE164A488306D6792721E82A"><enum>(C)</enum><text>electrical power generation and transmission; and</text>
 </subparagraph><subparagraph id="id5250BE8A613B42D38A6C7C9C9C6C6255"><enum>(D)</enum><text>renewable energy production;</text> </subparagraph></paragraph><paragraph id="id38c3b531010f4ab0b27a6aeffc84b449"><enum>(3)</enum><text>to support domestic manufacturing, agriculture, housing, telecommunications, healthcare, and transportation infrastructure; or</text>
 </paragraph><paragraph commented="no" display-inline="no-display-inline" id="id337c6f73456d416f972d175f7e3cd821"><enum>(4)</enum><text>for the economic security of, and balance of trade in, the United States.</text> </paragraph></subsection><subsection commented="no" display-inline="no-display-inline" id="idF49B968087C6476CAFCC7B2B50570133"><enum>(b)</enum><header>Consideration of certain domestic mines as infrastructure projects</header><text>A domestic mine that, as determined by the lead agency, will provide strategic and critical minerals shall be considered to be an infrastructure project, as described in Executive Order 13604 (<external-xref legal-doc="usc" parsable-cite="usc/5/601">5 U.S.C. 601</external-xref> note; relating to improving performance of Federal permitting and review of infrastructure projects).</text>
			</subsection></section><section id="id09389f4f10cf4777a3c0be9834097b34"><enum>5.</enum><header>Responsibilities of the lead agency</header>
 <subsection id="id3c9c7d5ee5fd46a6b565254f5cb8048a"><enum>(a)</enum><header>In general</header><text>The lead agency shall appoint a project lead within the lead agency, who shall coordinate and consult with cooperating agencies and any other agencies involved in the permitting process, project proponents, and contractors to ensure that cooperating agencies and other agencies involved in the permitting process, project proponents, and contractors—</text>
 <paragraph id="idFCCDC04459994E30A160920FAD87A1CE"><enum>(1)</enum><text>minimize delays;</text> </paragraph><paragraph id="id664B7395BA8A4FA4AFF3EBAFE062F76C"><enum>(2)</enum><text>set and adhere to timelines and schedules for completion of the permitting process;</text>
 </paragraph><paragraph id="idFB382C83713544A19EC7D959D7D98C50"><enum>(3)</enum><text>set clear permitting goals; and</text> </paragraph><paragraph id="idF21462F91C744FB4A02F75E07BCE6170"><enum>(4)</enum><text>track progress against those goals.</text>
				</paragraph></subsection><subsection id="idf07325aba7fc4753961916a86c4f23f3"><enum>(b)</enum><header>Determination under NEPA</header>
 <paragraph id="id7137e42154764928b36ddfe190dd5905"><enum>(1)</enum><header>In general</header><text>To the extent that the National Environmental Policy Act of 1969 (<external-xref legal-doc="usc" parsable-cite="usc/42/4321">42 U.S.C. 4321</external-xref> et seq.) applies to the issuance of any mineral exploration or mine permit, the requirements of that Act shall be considered to have been procedurally and substantively satisfied if the lead agency determines that any State or Federal agency acting under State or Federal law has addressed or will address the following factors:</text>
 <subparagraph id="id411a385debe04c22a2b5be508c4d0142"><enum>(A)</enum><text>The environmental impact of the action to be conducted under the permit.</text> </subparagraph><subparagraph id="id2e3aaeae715f44b389cc7468e85c0bbf"><enum>(B)</enum><text>Possible adverse environmental effects of actions under the permit.</text>
 </subparagraph><subparagraph id="id83f5340589f944d89eb52091a839127e"><enum>(C)</enum><text>Possible alternatives to issuance of the permit.</text> </subparagraph><subparagraph id="ide8046f7223be4ca590a453f8ed6bc949"><enum>(D)</enum><text>The relationship between long- and short-term uses of the local environment and the maintenance and enhancement of long-term productivity.</text>
 </subparagraph><subparagraph id="id41d83237be804c6899c6cf883461373f"><enum>(E)</enum><text>Any irreversible and irretrievable commitment of resources that would be involved in the proposed action.</text>
 </subparagraph><subparagraph id="idffe273020059468a935c5932b4ed8edc"><enum>(F)</enum><text>Whether public participation will occur during the decisionmaking process for authorizing actions under the permit.</text>
 </subparagraph></paragraph><paragraph id="idd9d18b0857124b8f9cc162cd2fc574fd"><enum>(2)</enum><header>Written requirement</header><text>In making a determination under paragraph (1), not later than 90 days after receipt of an application for the permit, the lead agency, in a written record of decision, shall—</text>
 <subparagraph id="id0fec5f381f4e4ae1a357fba9e6b6d5ad"><enum>(A)</enum><text>explain the rationale used in reaching the determination;</text> </subparagraph><subparagraph id="idf7c3a9ad29764aa39b0795daf28820e7"><enum>(B)</enum><text>state the facts in the record that are the basis for the determination; and</text>
 </subparagraph><subparagraph id="id05a426803f144da1885776c8fbdf9e4b"><enum>(C)</enum><text>show that the facts in the record could allow a reasonable person to reach the same determination as the lead agency did.</text>
					</subparagraph></paragraph></subsection><subsection id="id1e1c4550343c454bb6e74d2c783a299c"><enum>(c)</enum><header>Coordination on Permitting Process</header>
 <paragraph id="id83136C1992A8490E962403D258FFC563"><enum>(1)</enum><header>In general</header><text>The lead agency shall enhance government coordination for the permitting process by—</text> <subparagraph id="idDF900793930E4E7AB7451C4589585F27"><enum>(A)</enum><text>avoiding duplicative reviews;</text>
 </subparagraph><subparagraph id="id2F76E586FBFC4093B80371596ACFAD48"><enum>(B)</enum><text>minimizing paperwork; and</text> </subparagraph><subparagraph id="id6D339F2018974EEDB51716CD3D36E326"><enum>(C)</enum><text>engaging other agencies and stakeholders early in the process.</text>
 </subparagraph></paragraph><paragraph id="id12B597197DAC4322804BB45AD297CFDD"><enum>(2)</enum><header>Considerations</header><text>In carrying out paragraph (1), the lead agency shall consider—</text> <subparagraph id="id9cecd9ac8cac4c7a82483d44358f506e"><enum>(A)</enum><text>deferring to, and relying on, baseline data, analyses, and reviews performed by State agencies with jurisdiction over the proposed project; and</text>
 </subparagraph><subparagraph id="id457cc9faabe24fd1adbd7930d2d45243"><enum>(B)</enum><text>to the maximum extent practicable, conducting any consultations or reviews concurrently rather than sequentially if the concurrent consultation or review would expedite the process.</text>
 </subparagraph></paragraph><paragraph id="id122e52ab51a34dd3b0153781d16cd921"><enum>(3)</enum><header>Memorandum of Agency Agreement</header><text>If requested at any time by a State or local planning agency, the lead agency, in consultation with other Federal agencies with relevant jurisdiction in the environmental review process, may establish memoranda of agreement with the project sponsor, State and local governments, and other appropriate entities to accomplish the coordination activities described in this subsection.</text>
				</paragraph></subsection><subsection id="id975cd69fcb9a4b4695e010c2e0382fbf"><enum>(d)</enum><header>Schedule for Permitting Process</header>
 <paragraph id="idD9C2CC8C64964DD8B2669908D2E39CFE"><enum>(1)</enum><header>In general</header><text>For any project for which the lead agency cannot make the determination described subsection (b), at the request of a project proponent, the lead agency, cooperating agencies, and any other agencies involved with the mineral exploration or mine permitting process shall enter into an agreement with the project proponent that sets time limits for each part of the permitting process, including—</text>
 <subparagraph id="idd6e515abe4814ad9958952533b2cda6d"><enum>(A)</enum><text>the decision on whether to prepare an environmental impact statement or similar analysis required under the <act-name parsable-cite="NEPA69">National Environmental Policy Act of 1969</act-name> (<external-xref legal-doc="usc" parsable-cite="usc/42/4321">42 U.S.C. 4321</external-xref> et seq.);</text>
 </subparagraph><subparagraph id="id5435402896e14b3580340c86a3ede095"><enum>(B)</enum><text>a determination of the scope of any environmental impact statement or similar analysis required under the <act-name parsable-cite="NEPA69">National Environmental Policy Act of 1969</act-name> (<external-xref legal-doc="usc" parsable-cite="usc/42/4321">42 U.S.C. 4321</external-xref> et seq.);</text>
 </subparagraph><subparagraph id="idb0df79fbcdc74332a620adb41241e0d4"><enum>(C)</enum><text>the scope of, and schedule for, the baseline studies required to prepare an environmental impact statement or similar analysis required under the <act-name parsable-cite="NEPA69">National Environmental Policy Act of 1969</act-name> (<external-xref legal-doc="usc" parsable-cite="usc/42/4321">42 U.S.C. 4321</external-xref> et seq.);</text>
 </subparagraph><subparagraph id="id6b9ab8efa42e4d9c9258e6da40be10b7"><enum>(D)</enum><text>preparation of any draft environmental impact statement or similar analysis required under the <act-name parsable-cite="NEPA69">National Environmental Policy Act of 1969</act-name> (<external-xref legal-doc="usc" parsable-cite="usc/42/4321">42 U.S.C. 4321</external-xref> et seq.);</text>
 </subparagraph><subparagraph id="idf770de24d7e14d728713e3e6469666f1"><enum>(E)</enum><text>preparation of a final environmental impact statement or similar analysis required under the <act-name parsable-cite="NEPA69">National Environmental Policy Act of 1969</act-name> (<external-xref legal-doc="usc" parsable-cite="usc/42/4321">42 U.S.C. 4321</external-xref> et seq.);</text>
 </subparagraph><subparagraph id="id423ce409a1ca4de796b4dbac5a5e4438"><enum>(F)</enum><text>any consultations required under applicable law;</text> </subparagraph><subparagraph id="id0ed991825feb4214b8a436d587b83ed4"><enum>(G)</enum><text>submission and review of any comments required under applicable law;</text>
 </subparagraph><subparagraph id="idf6a0420209564ea5aac24e964de8f96a"><enum>(H)</enum><text>publication of any public notices required under applicable law; and</text> </subparagraph><subparagraph id="id7a04e44daed944aea77251334b0320bc"><enum>(I)</enum><text>any final or interim decisions.</text>
 </subparagraph></paragraph><paragraph id="id6ab7f6b969774a2f8df1bcc0661f7904"><enum>(2)</enum><header>Time Limit for Permitting Process</header><text>Except if extended by mutual agreement of the project proponent and the lead agency, the time period for the total review process described in paragraph (1) shall not exceed 30 months.</text>
 </paragraph></subsection><subsection id="id6387c409d2fa4efcbe7fbdf260504be0"><enum>(e)</enum><header>Limitation on Addressing Public Comments</header><text>The lead agency shall not be required to address any agency or public comments that were not submitted—</text>
 <paragraph id="id53BED1E31E23400AAF253BF701C274EE"><enum>(1)</enum><text>during a public comment period or consultation period provided during the permitting process; or</text> </paragraph><paragraph id="idCE33BB42ABA24B749CC6C5B30CFF3038"><enum>(2)</enum><text>as otherwise required by law.</text>
 </paragraph></subsection><subsection id="id30e04721981f453bbdf5ac6029ae2ec4"><enum>(f)</enum><header>Financial Assurance</header><text>The lead agency shall determine the amount of financial assurance required for reclamation of a mineral exploration or mining site, on the condition that the financial assurance shall cover the estimated cost if the lead agency were to contract with a third party to reclaim the operations according to the reclamation plan, including construction and maintenance costs for any treatment facilities necessary to meet Federal, State, or tribal environmental standards.</text>
 </subsection><subsection id="ideb037a85d40d4cc994a23ab7fa25a8d7"><enum>(g)</enum><header>Projects within National Forests</header><text>With respect to projects on National Forest System land, the lead agency shall—</text>
 <paragraph id="id063124CD4F994712A9F0ECDF76F31BC1"><enum>(1)</enum><text>exempt from the requirements of part 294 of title 36, Code of Federal Regulations (or successor regulations)—</text>
 <subparagraph id="idEB91E4BB130548F1A9F5A05C37DF0138"><enum>(A)</enum><text>all areas of identified mineral resources in land use designations, other than nondevelopment land use designations, in existence on the date of enactment of this Act; and</text>
 </subparagraph><subparagraph id="idb6c354e290af44b78f8560ab22d95621"><enum>(B)</enum><text>all additional routes and areas that the lead agency determines necessary to facilitate the construction, operation, maintenance, and restoration of an area described in paragraph (1); and</text>
 </subparagraph></paragraph><paragraph commented="no" display-inline="no-display-inline" id="ide2e37aaf38a64f1a81afc6ba40767907"><enum>(2)</enum><text>continue to apply the exemptions described in paragraph (1) after the date on which approval of the minerals plan of operations described in section 3(4)(B)(ii) for the National Forest System land.</text>
				</paragraph></subsection><subsection id="id7d67a3d84af2461ea0e8629648b69216"><enum>(h)</enum><header>Application to Existing Permit Applications</header>
 <paragraph id="idAFA98990A03E4515AF164BC5BAD44BE7"><enum>(1)</enum><header>In general</header><text>This section applies to a mineral exploration or mine permit for which an application was submitted before the date of enactment of this Act if the applicant for the permit submits a written request to the lead agency for the permit.</text>
 </paragraph><paragraph id="id241AA6FBDF8C46E58275DE6EBCA4AF1A"><enum>(2)</enum><header>Implementation</header><text>The lead agency shall begin implementing this section with respect to an application described in paragraph (1) not later than 30 days after the date on which the lead agency receives the written request for the permit.</text>
				</paragraph></subsection></section><section id="idd2a81fc13a324f3aae5493583391b345"><enum>6.</enum><header>Federal Register process for mineral exploration and mining projects</header>
 <subsection id="iddea4940fc5d54753be7351f827310aa2"><enum>(a)</enum><header>Departmental Review</header><text>Absent any extraordinary circumstances, as determined by the Secretary of the Interior or the Secretary of Agriculture, as applicable, and except as otherwise required by law, the Secretary of the Interior or the Secretary of Agriculture, as applicable, shall ensure that each Federal Register notice associated with the issuance of a mineral exploration or mine permit and required by law shall be—</text>
 <paragraph id="id51acf13591914456ac71a24e6ddb74ac"><enum>(1)</enum><text>subject to any required reviews within the Department of the Interior or the Department of Agriculture, as applicable; and</text>
 </paragraph><paragraph id="id1596e08c171c430aabe98c86abf9928e"><enum>(2)</enum><text>published in final form in the Federal Register not later than 45 days after the date of initial preparation of the notice.</text>
 </paragraph></subsection><subsection id="id9b737d9f23784cbd987f7840fce99a89"><enum>(b)</enum><header>Preparation</header><text>The preparation of any Federal Register notice described in subsection (a) shall be delegated to the organizational level within the lead agency.</text>
 </subsection><subsection id="idec6480cb56374be98134f957083c3882"><enum>(c)</enum><header>Transmission</header><text>All Federal Register notices described in subsection (a) regarding official document availability, announcements of meetings, or notices of intent to undertake an action shall originate in, and be transmitted to the Federal Register from, the office in which, as applicable—</text>
 <paragraph id="idf8bc86f2babe4deab2d9499b731d240c"><enum>(1)</enum><text>the documents or meetings are held; or</text> </paragraph><paragraph id="idae357a0fcdad4d3aacf33d7abd21cf3d"><enum>(2)</enum><text>the activity is initiated.</text>
 </paragraph></subsection></section><section id="id15d386ce9c0f48b88b238a72cbddd889"><enum>7.</enum><header>Secretarial order not affected</header><text display-inline="no-display-inline">This Act shall not apply to any mineral described in Secretarial Order 3324, issued by the Secretary of the Interior on December 3, 2012, in any area to which the order applies.</text>
		</section></legis-body>
</bill>


