<?xml version="1.0"?>
<?xml-stylesheet type="text/xsl" href="billres.xsl"?>
<!DOCTYPE bill PUBLIC "-//US Congress//DTDs/bill.dtd//EN" "bill.dtd">
<bill bill-stage="Introduced-in-Senate" dms-id="A1" public-private="public"><metadata xmlns:dc="http://purl.org/dc/elements/1.1/">
<dublinCore>
<dc:title>115 S223 IS: Senior$afe Act of 2017</dc:title>
<dc:publisher>U.S. Senate</dc:publisher>
<dc:date>2017-01-24</dc:date>
<dc:format>text/xml</dc:format>
<dc:language>EN</dc:language>
<dc:rights>Pursuant to Title 17 Section 105 of the United States Code, this file is not subject to copyright protection and is in the public domain.</dc:rights>
</dublinCore>
</metadata>
<form>
<distribution-code display="yes">II</distribution-code><congress>115th CONGRESS</congress><session>1st Session</session><legis-num>S. 223</legis-num><current-chamber>IN THE SENATE OF THE UNITED STATES</current-chamber><action><action-date date="20170124">January 24, 2017</action-date><action-desc><sponsor name-id="S252">Ms. Collins</sponsor> (for herself, <cosponsor name-id="S312">Mrs. McCaskill</cosponsor>, <cosponsor name-id="S305">Mr. Isakson</cosponsor>, <cosponsor name-id="S309">Mr. Casey</cosponsor>, <cosponsor name-id="S384">Mr. Tillis</cosponsor>, <cosponsor name-id="S311">Ms. Klobuchar</cosponsor>, <cosponsor name-id="S318">Mr. Wicker</cosponsor>, <cosponsor name-id="S324">Mrs. Shaheen</cosponsor>, <cosponsor name-id="S372">Mrs. Capito</cosponsor>, <cosponsor name-id="S314">Mr. Tester</cosponsor>, <cosponsor name-id="S317">Mr. Barrasso</cosponsor>, <cosponsor name-id="S356">Mr. Donnelly</cosponsor>, <cosponsor name-id="S352">Mr. Heller</cosponsor>, <cosponsor name-id="S363">Mr. King</cosponsor>, and <cosponsor name-id="S362">Mr. Kaine</cosponsor>) introduced the following bill; which was read twice and referred to the <committee-name committee-id="SSBK00">Committee on Banking, Housing, and Urban Affairs</committee-name></action-desc></action><legis-type>A BILL</legis-type><official-title>To provide immunity from suit for certain individuals who disclose potential examples of financial
			 exploitation of senior citizens, and for other purposes.</official-title></form>
	<legis-body>
 <section id="S1" section-type="section-one"><enum>1.</enum><header>Short title</header><text display-inline="no-display-inline">This Act may be cited as the <quote><short-title>Senior$afe Act of 2017</short-title></quote>.</text>
		</section><section id="id4F268488EF4E408CBDCAAD4C7B196162"><enum>2.</enum><header>Immunity</header>
 <subsection id="idE20C0967B66B465387FB77701B4E987C"><enum>(a)</enum><header>Definitions</header><text>In this Act—</text> <paragraph id="idC4868F06CD4C43C39955BAB79697958C"><enum>(1)</enum><text>the term <term>Bank Secrecy Act officer</term> means an individual responsible for ensuring compliance with the requirements mandated by subchapter II of <external-xref legal-doc="usc-chapter" parsable-cite="usc-chapter/31/53">chapter 53</external-xref> of title 31, United States Code (commonly known as the <quote>Bank Secrecy Act</quote>);</text>
 </paragraph><paragraph id="id27487153EB3842E585C13FEEADE654E3"><enum>(2)</enum><text>the term <term>broker-dealer</term> means a broker and a dealer, as those terms are defined in section 3(a) of the Securities Exchange Act of 1934 (<external-xref legal-doc="usc" parsable-cite="usc/15/78c">15 U.S.C. 78c(a)</external-xref>);</text>
 </paragraph><paragraph id="idE59A9F6701CF4BA88407C3C2E5930732"><enum>(3)</enum><text>the term <term>covered agency</term> means—</text> <subparagraph id="id4BAF0D5B29A043738BEC167E695E02CA"><enum>(A)</enum><text>a State financial regulatory agency, including a State securities or law enforcement authority and a State insurance regulator;</text>
 </subparagraph><subparagraph id="id57D71864FBBA4318966A074522C66396"><enum>(B)</enum><text>each of the entities represented in the membership of the Federal Financial Institutions Examination Council established under section 1004 of the Federal Financial Institutions Examination Council Act of 1978 (<external-xref legal-doc="usc" parsable-cite="usc/12/3303">12 U.S.C. 3303</external-xref>);</text>
 </subparagraph><subparagraph id="idC8DA6ABC7EC14278A685A32AF191DB92"><enum>(C)</enum><text>the Securities and Exchange Commission;</text> </subparagraph><subparagraph id="idF19E7462FC0A40C9AED7C83E70660226"><enum>(D)</enum><text>a law enforcement agency; and</text>
 </subparagraph><subparagraph id="idA3396D6EAB7848BC800C5D364235364C"><enum>(E)</enum><text>a State or local agency responsible for administering adult protective service laws;</text> </subparagraph></paragraph><paragraph id="id907814A6BD4F4D968B52C1A9D8310AED"><enum>(4)</enum><text>the term <term>covered financial institution</term> means—</text>
 <subparagraph id="idA578CE8BB12344B780224D5D9830B1F5"><enum>(A)</enum><text>a credit union;</text> </subparagraph><subparagraph id="idB040B0EFF30546708D09C303F087EA0E"><enum>(B)</enum><text>a depository institution;</text>
 </subparagraph><subparagraph id="idA80019ADB4854E9DB3A206EA2E57970E"><enum>(C)</enum><text>an investment adviser;</text> </subparagraph><subparagraph commented="no" display-inline="no-display-inline" id="id7B8644922A9643F782840EAC788C636A"><enum>(D)</enum><text>a broker-dealer;</text>
 </subparagraph><subparagraph commented="no" display-inline="no-display-inline" id="id60B5A705EAD94242B8D22BD06C8C21B8"><enum>(E)</enum><text>an insurance company; and</text> </subparagraph><subparagraph commented="no" display-inline="no-display-inline" id="idBCAD8C96B1CC4A48B43D21F176EE90B2"><enum>(F)</enum><text>an insurance agency;</text>
 </subparagraph></paragraph><paragraph id="id51E9D0016A144DD7B1A7BF5C7BFAFBC6"><enum>(5)</enum><text>the term <term>credit union</term> has the meaning given the term in section 2 of the Dodd-Frank Wall Street Reform and Consumer Protection Act (<external-xref legal-doc="usc" parsable-cite="usc/12/5301">12 U.S.C. 5301</external-xref>);</text>
 </paragraph><paragraph id="id9DFBC15053AC4AF19681296C509A5C47"><enum>(6)</enum><text>the term <term>depository institution</term> has the meaning given the term in section 3(c) of the Federal Deposit Insurance Act (<external-xref legal-doc="usc" parsable-cite="usc/12/1813">12 U.S.C. 1813(c)</external-xref>);</text>
 </paragraph><paragraph id="id25D7CCFC6CDE41169620F938A3247205"><enum>(7)</enum><text>the term <term>exploitation</term> means the fraudulent or otherwise illegal, unauthorized, or improper act or process of an individual, including a caregiver or a fiduciary, that—</text>
 <subparagraph id="id70A9C964F7364733B2DCC8FAEE896C33"><enum>(A)</enum><text>uses the resources of a senior citizen for monetary or personal benefit, profit, or gain; or</text> </subparagraph><subparagraph id="id25FB61CC8A1F4C68B6DB114B65DFC12F"><enum>(B)</enum><text>results in depriving a senior citizen of rightful access to or use of benefits, resources, belongings, or assets;</text>
 </subparagraph></paragraph><paragraph id="idDEFDBF8297414D7784BF3314CA93D7E7"><enum>(8)</enum><text>the term <term>insurance agency</term> means any business entity that sells, solicits, or negotiates insurance coverage;</text> </paragraph><paragraph commented="no" display-inline="no-display-inline" id="idBCBFDCE69338435EA05029172E6BDC5C"><enum>(9)</enum><text display-inline="yes-display-inline">the term <term>insurance company</term> has the meaning given the term in section 2(a) of the Investment Company Act of 1940 (<external-xref legal-doc="usc" parsable-cite="usc/15/80a-2">15 U.S.C. 80a–2(a)</external-xref>);</text>
 </paragraph><paragraph id="id8BF06EF8EE99466CB7F28FE07D626CA6"><enum>(10)</enum><text>the term <term>insurance producer</term> means an individual who is required under State law to be licensed in order to sell, solicit, or negotiate insurance coverage;</text>
 </paragraph><paragraph id="idFDAB7264B98B4FF78344D9222E7509F0"><enum>(11)</enum><text>the term <term>investment adviser</term> has the meaning given the term in section 202(a) of the Investment Advisers Act of 1940 (<external-xref legal-doc="usc" parsable-cite="usc/15/80b-2">15 U.S.C. 80b–2(a)</external-xref>);</text>
 </paragraph><paragraph id="idC46BCB25FD144F87905E69F862EECA74"><enum>(12)</enum><text>the term <term>investment adviser representative</term> means an individual who—</text> <subparagraph id="id5D95953855F9474D9D8098459FEF0F0F"><enum>(A)</enum><text>is employed by or associated with an investment adviser; and</text>
 </subparagraph><subparagraph id="id52E6823108D74387AFBB7868E0EAF326"><enum>(B)</enum><text>does not perform solely clerical or ministerial acts;</text> </subparagraph></paragraph><paragraph id="id5F8C9A0F7439497F8F0430E6CB8EE835"><enum>(13)</enum><text>the term <term>registered representative</term> means an individual who represents a broker-dealer in effecting or attempting to effect a purchase or sale of securities;</text>
 </paragraph><paragraph id="idF4649889E9474470BD89F7DBAC27DE02"><enum>(14)</enum><text>the term <term>senior citizen</term> means an individual who is not younger than 65 years of age;</text> </paragraph><paragraph id="id56EE97D0D25A44D78613A25CB5365D63"><enum>(15)</enum><text>the term <term>State</term> means each of the several States, the District of Columbia, and any territory or possession of the United States;</text>
 </paragraph><paragraph id="idA1F89B568ACF4218A0B1F415A7A0109F"><enum>(16)</enum><text>the term <term>State insurance regulator</term> has the meaning given the term in section 315 of the Gramm-Leach-Bliley Act (<external-xref legal-doc="usc" parsable-cite="usc/15/6735">15 U.S.C. 6735</external-xref>); and</text> </paragraph><paragraph id="id0B9D45850955417698CF819DEC962617"><enum>(17)</enum><text>the term <term>State securities or law enforcement authority</term> has the meaning given the term in section 24(f)(4) of the Securities Exchange Act of 1934 (<external-xref legal-doc="usc" parsable-cite="usc/15/78x">15 U.S.C. 78x(f)(4)</external-xref>).</text>
				</paragraph></subsection><subsection id="idDBCA8EDB761A43B9BDE2D4324E53908D"><enum>(b)</enum><header>Immunity from suit</header>
 <paragraph id="id67F48DAFABD245A09DA0461C036C70C4"><enum>(1)</enum><header>Immunity for individuals</header><text>An individual who has received the training described in section 3 shall not be liable, including in any civil or administrative proceeding, for disclosing the suspected exploitation of a senior citizen to a covered agency if the individual, at the time of the disclosure—</text>
 <subparagraph id="id9A637886B2A24073ACD1ACCAE358903B"><enum>(A)</enum><text>served as a supervisor or compliance officer (including as a Bank Secrecy Act officer) for, or, in the case of a registered representative, investment adviser representative, or insurance producer, was affiliated or associated with, a covered financial institution; and</text>
 </subparagraph><subparagraph id="id447F37810C014DD8934ABBF976D15005"><enum>(B)</enum><text>made the disclosure—</text> <clause id="idDB36541BA3C24E8C816C9B995A9D8E3B"><enum>(i)</enum><text>in good faith; and</text>
 </clause><clause id="id7B8D12FD595446929EC475B9E7D60937"><enum>(ii)</enum><text>with reasonable care.</text> </clause></subparagraph></paragraph><paragraph id="id1E339F9AB7284430A2E6285B48F5E0C9"><enum>(2)</enum><header>Immunity for covered financial institutions</header><text>A covered financial institution shall not be liable, including in any civil or administrative proceeding, for a disclosure made by an individual described in paragraph (1) if—</text>
 <subparagraph id="id6D6943051A884C07B3025F61291A10A1"><enum>(A)</enum><text>the individual was employed by, or, in the case of a registered representative, insurance producer, or investment adviser representative, affiliated or associated with, the covered financial institution at the time of the disclosure; and</text>
 </subparagraph><subparagraph id="id61B06D819DD749BBBCCD32EA8DA6BE4A"><enum>(B)</enum><text>before the time of the disclosure, each individual described in section 3(a) received the training described in section 3.</text>
 </subparagraph></paragraph><paragraph id="idF6B31E5A4F644075BD91AB80B009AF32"><enum>(3)</enum><header>Rule of construction</header><text>Nothing in paragraph (1) or (2) shall be construed to limit the liability of an individual or a covered financial institution in a civil action for any act, omission, or fraud that is not a disclosure described in paragraph (1).</text>
				</paragraph></subsection></section><section id="id970733B4E01E4E3E87F8BA8F2157DF8A"><enum>3.</enum><header>Training</header>
 <subsection id="idDEB8A8DC0CF3419591D8FB0834382078"><enum>(a)</enum><header>In general</header><text>A covered financial institution or a third party selected by a covered financial institution may provide the training described in subsection (b)(1) to each officer or employee of, or registered representative, insurance producer, or investment adviser representative affiliated or associated with, the covered financial institution who—</text>
 <paragraph id="id1B299658AE0A4ED09A3761B22189C812"><enum>(1)</enum><text>is described in section 2(b)(1)(A);</text> </paragraph><paragraph id="idEF1BFF7C122A4886BA9E13866C07DCA8"><enum>(2)</enum><text>may come into contact with a senior citizen as a regular part of the professional duties of the individual; or</text>
 </paragraph><paragraph id="id2B840272B2CE46B793C2F6CA067BF21B"><enum>(3)</enum><text>may review or approve the financial documents, records, or transactions of a senior citizen in connection with providing financial services to a senior citizen.</text>
				</paragraph></subsection><subsection id="idB02E366527104E75BBE277DA395FE98F"><enum>(b)</enum><header>Content</header>
 <paragraph id="id3A9EEF66EB174EDBB532D5D4FF3D8D54"><enum>(1)</enum><header>In general</header><text>The content of the training that a covered financial institution or a third party selected by the covered financial institution may provide under subsection (a) shall—</text>
 <subparagraph id="id498AAA6655274A17ACAEE026773016A2"><enum>(A)</enum><text>be maintained by the covered financial institution and made available to a covered agency with examination authority over the covered financial institution, upon request, except that a covered financial institution shall not be required to maintain or make available such content with respect to any individual who is no longer employed by or affiliated or associated with the covered financial institution;</text>
 </subparagraph><subparagraph id="id821A4790D369466A8B968C4130380630"><enum>(B)</enum><text>instruct any individual attending the training on how to identify and report the suspected exploitation of a senior citizen internally and, as appropriate, to government officials or law enforcement authorities, including common signs that indicate the financial exploitation of a senior citizen;</text>
 </subparagraph><subparagraph id="id4C7FBEE6729445D88DCA1559DE7C473B"><enum>(C)</enum><text>discuss the need to protect the privacy and respect the integrity of each individual customer of the covered financial institution; and</text>
 </subparagraph><subparagraph id="id6ADE775AF4414111B86A4A9B6C807C36"><enum>(D)</enum><text>be appropriate to the job responsibilities of the individual attending the training.</text> </subparagraph></paragraph><paragraph id="id790AFFBD291C4E869346CE020D613F0B"><enum>(2)</enum><header>Timing</header><text>The training under subsection (a) shall be provided—</text>
 <subparagraph id="idD516BBA1623D4DEAA59861200E091144"><enum>(A)</enum><text>as soon as reasonably practicable; and</text>
 </subparagraph><subparagraph id="idA4FAD742A4E54B4EBA6739D48748BD2D"><enum>(B)</enum><text>with respect to an individual who begins employment with or becomes affiliated or associated with a covered financial institution after the date of enactment of this Act, not later than 1 year after the individual becomes employed by or affiliated or associated with the covered financial institution in a position described in paragraph (1), (2), or (3) of subsection (a).</text>
 </subparagraph></paragraph><paragraph id="idCAA0200D13A4402D90BC7B06AC5217DC"><enum>(3)</enum><header>Records</header><text>A covered financial institution shall—</text> <subparagraph id="id9D0E496ACEEF40729DB56165BA64BB7B"><enum>(A)</enum><text>maintain a record of each individual who—</text>
 <clause id="idA60289A11283469F9E7654E16C151FEE"><enum>(i)</enum><text>is employed by or affiliated or associated with the covered financial institution in a position described in paragraph (1), (2), or (3) of subsection (a); and</text>
 </clause><clause id="idFBBC9B878CA8402BA4B4ED47250F5DF4"><enum>(ii)</enum><text>has completed the training under subsection (a), regardless of whether the training was—</text>
 <subclause id="idEFA8159668B946088D31E6FE5232E9AF"><enum>(I)</enum><text>provided by the covered financial institution or a third party selected by the covered financial institution;</text>
 </subclause><subclause id="idBD46C5B2C0264248AF65DEB591AF489A"><enum>(II)</enum><text>completed before the individual was employed by or affiliated or associated with the covered financial institution; and</text>
 </subclause><subclause id="id921E26B7954743FEB025E22CBDB96CC9"><enum>(III)</enum><text>completed before, on, or after the date of enactment of this Act; and</text> </subclause></clause></subparagraph><subparagraph id="id586DAC2951BF48D1A84B66B20983DAA4"><enum>(B)</enum><text>upon request, provide a record described in subparagraph (A) to a covered agency with examination authority over the covered financial institution.</text>
 </subparagraph></paragraph></subsection></section><section id="id6796396391EE401CA7698E04ED802554"><enum>4.</enum><header>Relationship to State law</header><text display-inline="no-display-inline">Nothing in this Act shall be construed to preempt or limit any provision of State law, except only to the extent that section 2 provides a greater level of protection against liability to an individual described in section 2(b)(1) or to a covered financial institution described in section 2(b)(2) than is provided under State law.</text></section></legis-body></bill>


