<?xml version="1.0"?>
<?xml-stylesheet type="text/xsl" href="billres.xsl"?>
<!DOCTYPE bill PUBLIC "-//US Congress//DTDs/bill.dtd//EN" "bill.dtd">
<bill bill-stage="Introduced-in-Senate" dms-id="A1" public-private="public"><metadata xmlns:dc="http://purl.org/dc/elements/1.1/">
<dublinCore>
<dc:title>115 S711 IS: S Corporation Modernization Act of 2017</dc:title>
<dc:publisher>U.S. Senate</dc:publisher>
<dc:date>2017-03-23</dc:date>
<dc:format>text/xml</dc:format>
<dc:language>EN</dc:language>
<dc:rights>Pursuant to Title 17 Section 105 of the United States Code, this file is not subject to copyright protection and is in the public domain.</dc:rights>
</dublinCore>
</metadata>
<form>
<distribution-code display="yes">II</distribution-code><congress>115th CONGRESS</congress><session>1st Session</session><legis-num>S. 711</legis-num><current-chamber>IN THE SENATE OF THE UNITED STATES</current-chamber><action><action-date date="20170323">March 23, 2017</action-date><action-desc><sponsor name-id="S303">Mr. Thune</sponsor> (for himself, <cosponsor name-id="S308">Mr. Cardin</cosponsor>, and <cosponsor name-id="S260">Mr. Roberts</cosponsor>) introduced the following bill; which was read twice and referred to the <committee-name committee-id="SSFI00">Committee on Finance</committee-name></action-desc></action><legis-type>A BILL</legis-type><official-title>To amend the Internal Revenue Code of 1986 to provide for S corporation reform, and for other
			 purposes.</official-title></form>
	<legis-body display-enacting-clause="yes-display-enacting-clause">
		<section id="HDC0779F29D0746ABA12D6E981A2337CC" section-type="section-one"><enum>1.</enum><header>Short title; reference; table of contents</header>
 <subsection id="HAA2DB9C34ECD41E68C420D11C3B4DFE2"><enum>(a)</enum><header>Short Title</header><text>This Act may be cited as the <quote><short-title>S Corporation Modernization Act of 2017</short-title></quote>.</text> </subsection><subsection id="HEDCC69F92D334962A9B2415241897529"><enum>(b)</enum><header>Amendment of 1986 Code</header><text>Except as otherwise expressly provided, whenever in this Act an amendment or repeal is expressed in terms of an amendment to, or repeal of, a section or other provision, the reference shall be considered to be made to a section or other provision of the Internal Revenue Code of 1986.</text>
 </subsection><subsection id="H4D63FCA979034265BBFCE086A702E14D"><enum>(c)</enum><header>Table of contents</header><text>The table of contents for this Act is as follows:</text><toc><toc-entry idref="HDC0779F29D0746ABA12D6E981A2337CC" level="section">Sec. 1. Short title; reference; table of contents.</toc-entry> <toc-entry idref="H1FE70DFD9B384024975CF85A2CD6F25D" level="section">Sec. 2. Expansion of qualifying beneficiaries of an electing small business trust.</toc-entry> <toc-entry idref="HE5E67E55A4C34CBFA00929CFF6BD20D7" level="section">Sec. 3. Modifications to S corporation passive investment income rules.</toc-entry> <toc-entry idref="H38ED7858DAC745DE85B3733CE60C7D0A" level="section">Sec. 4. Expansion of S corporation eligible shareholders to include IRAs.</toc-entry> <toc-entry idref="H5563D70F1A1C470D8CC4DF1EACB8B8B8" level="section">Sec. 5. Charitable contribution deduction for electing small business trusts.</toc-entry> <toc-entry idref="id240DC69AE0E143AA9529A03A56E0E9AE" level="section">Sec. 6. Amortization of S corporation built-in gain amount upon death of shareholder.</toc-entry> <toc-entry idref="id0080C9C1D81C485E9D2561C980875E43" level="section">Sec. 7. Extension of time for making S corporation elections.</toc-entry> </toc> </subsection></section><section commented="no" id="H1FE70DFD9B384024975CF85A2CD6F25D"><enum>2.</enum><header>Expansion of qualifying beneficiaries of an electing small business trust</header> <subsection commented="no" id="HE21959475B23481281B505682F7C04A7"><enum>(a)</enum><header>No look-Through for eligibility purposes</header><text display-inline="yes-display-inline"><external-xref legal-doc="usc" parsable-cite="usc/26/1361">Section 1361(c)(2)(B)(v)</external-xref> is amended by adding at the end the following new sentence: <quote>This clause shall not apply for purposes of subsection (b)(1)(C).</quote>.</text>
 </subsection><subsection commented="no" id="HDA5DFAA332AC4DD8B7E2F572A62B0617"><enum>(b)</enum><header>Effective date</header><text>The amendment made by this section shall take effect on January 1, 2018.</text> </subsection></section><section commented="no" display-inline="no-display-inline" id="HE5E67E55A4C34CBFA00929CFF6BD20D7" section-type="subsequent-section"><enum>3.</enum><header>Modifications to S corporation passive investment income rules</header> <subsection commented="no" id="HDB70ACE39F9342F7810EC86D7C26559D"><enum>(a)</enum><header>Increased percentage limit</header><text><external-xref legal-doc="usc" parsable-cite="usc/26/1375">Section 1375(a)(2)</external-xref> is amended by striking <quote>25 percent</quote> and inserting <quote>60 percent</quote>.</text>
 </subsection><subsection commented="no" id="HE79593BDA87543BFBABB51245D44A0D4"><enum>(b)</enum><header>Repeal of excessive passive income as a termination event</header><text display-inline="yes-display-inline"><external-xref legal-doc="usc" parsable-cite="usc/26/1362">Section 1362(d)</external-xref> is amended by striking paragraph (3).</text> </subsection><subsection commented="no" id="H23293717CED04A34844B67D5F5FE183A"><enum>(c)</enum><header>Conforming amendments</header> <paragraph commented="no" id="HEF40AD4CDCC0457CB8C2E1442FDA92E0"><enum>(1)</enum><text><external-xref legal-doc="usc" parsable-cite="usc/26/1375">Section 1375(b)</external-xref> is amended by striking paragraphs (3) and (4) and inserting the following new paragraph:</text>
					<quoted-block id="HA05B3129C42546C0BC7D1548D68D29C5" style="OLC">
						<paragraph commented="no" id="HF9AD7E8AEA5748748A4B784066379E47"><enum>(3)</enum><header>Passive investment income defined</header>
 <subparagraph commented="no" id="H62EA9B518B414288B1E135F9F2F91690"><enum>(A)</enum><header>In general</header><text>Except as otherwise provided in this paragraph, the term <quote>passive investment income</quote> means gross receipts derived from royalties, rents, dividends, interest, and annuities.</text> </subparagraph><subparagraph commented="no" id="H3BF68075CA0846C6BA40E057D405D0F3"><enum>(B)</enum><header>Exception for interest on notes from sales of inventory</header><text>The term <quote>passive investment income</quote> shall not include interest on any obligation acquired in the ordinary course of the corporation’s trade or business from its sale of property described in section 1221(a)(1).</text>
 </subparagraph><subparagraph commented="no" id="H30B4D276B31E4B6B89297896524C17EA"><enum>(C)</enum><header>Treatment of certain lending or finance companies</header><text>If the S corporation meets the requirements of section 542(c)(6) for the taxable year, the term <quote>passive investment income</quote> shall not include gross receipts for the taxable year which are derived directly from the active and regular conduct of a lending or finance business (as defined in section 542(d)(1)).</text>
 </subparagraph><subparagraph commented="no" id="H2CB0FA01555B482C80460EFCFD6CF1FE"><enum>(D)</enum><header>Treatment of certain dividends</header><text>If an S corporation holds stock in a C corporation meeting the requirements of section 1504(a)(2), the term <quote>passive investment income</quote> shall not include dividends from such C corporation to the extent such dividends are attributable to the earnings and profits of such C corporation derived from the active conduct of a trade or business.</text>
 </subparagraph><subparagraph commented="no" id="HD42E41F9BBDA4679B1835119BECC007B"><enum>(E)</enum><header>Exception for banks, etc</header><text>In the case of a bank (as defined in section 581) or a depository institution holding company (as defined in section 3(w)(1) of the Federal Deposit Insurance Act (<external-xref legal-doc="usc" parsable-cite="usc/12/1813">12 U.S.C. 1813(w)(1)</external-xref>)), the term <quote>passive investment income</quote> shall not include—</text>
 <clause commented="no" id="H42FFAC2D45B14C0AB189AA5A90F9F97C"><enum>(i)</enum><text>interest income earned by such bank or company, or</text> </clause><clause commented="no" id="H47FB15CC3B734E79B824F33FF5752399"><enum>(ii)</enum><text>dividends on assets required to be held by such bank or company, including stock in the Federal Reserve Bank, the Federal Home Loan Bank, or the Federal Agricultural Mortgage Bank or participation certificates issued by a Federal Intermediate Credit Bank.</text>
 </clause></subparagraph><subparagraph commented="no" id="HF13E07F57B5D4C89B9D3FED1F17EEDB4"><enum>(F)</enum><header>Gross receipts from the sales of certain assets</header><text>For purposes of this paragraph—</text> <clause commented="no" id="H1F4B0524B12E4CCBA9A655A99538318B"><enum>(i)</enum><header>Capital assets other than stock and securities</header><text>In the case of dispositions of capital assets (other than stock and securities), gross receipts from such dispositions shall be taken into account only to the extent of capital gain net income therefrom.</text>
 </clause><clause commented="no" id="H1D9EAC94E5794E8E961F0B72C1F1CEF3"><enum>(ii)</enum><header>Stock and securities</header><text>In the case of sales or exchanges of stock or securities, gross receipts shall be taken into account only to the extent of the gain therefrom.</text>
 </clause></subparagraph><subparagraph commented="no" id="H75B005BCDA614DFF85A233064FB36460"><enum>(G)</enum><header>Coordination with section 1374</header><text>The amount of passive investment income shall be determined by not taking into account any recognized built-in gain or loss of the S corporation for any taxable year in the recognition period. Terms used in the preceding sentence shall have the same respective meanings as when used in section 1374.</text></subparagraph></paragraph><after-quoted-block>.</after-quoted-block></quoted-block>
 </paragraph><paragraph commented="no" id="H20FD81F4BF114BFBA3ADC621FF1BF33C"><enum>(2)</enum><subparagraph commented="no" display-inline="yes-display-inline" id="HAD1DA47D99B54B498616A69B278E0906"><enum>(A)</enum><text><external-xref legal-doc="usc" parsable-cite="usc/26/26">Section 26(b)(2)(J)</external-xref> is amended by striking <quote>25 percent</quote> and inserting <quote>60 percent</quote>.</text> </subparagraph><subparagraph commented="no" id="HAD7AB368459B486BBD5B6D2A222BCC4F" indent="up1"><enum>(B)</enum><text><external-xref legal-doc="usc" parsable-cite="usc/26/1375">Section 1375(b)(1)(A)(i)</external-xref> is amended by striking <quote>25 percent</quote> and inserting <quote>60 percent</quote>.</text>
 </subparagraph><subparagraph commented="no" id="H21A90DA5B7A54B318627A038AD3C3048" indent="up1"><enum>(C)</enum><text>The heading for <external-xref legal-doc="usc" parsable-cite="usc/26/1375">section 1375</external-xref> is amended by striking <quote><header-in-text level="section" style="OLC">25 percent</header-in-text></quote> and inserting <quote><header-in-text level="section" style="OLC">60 percent</header-in-text></quote>.</text> </subparagraph><subparagraph commented="no" id="H8C59700B2684431F860C97476156E9D1" indent="up1"><enum>(D)</enum><text>The item relating to section 1375 in the table of sections for part III of subchapter S of <external-xref legal-doc="usc-chapter" parsable-cite="usc-chapter/26/1">chapter 1</external-xref> is amended by striking <quote>25 percent</quote> and inserting <quote>60 percent</quote>.</text>
 </subparagraph></paragraph><paragraph id="H8191DE1056CA4745933B43462979C038"><enum>(3)</enum><text><external-xref legal-doc="usc" parsable-cite="usc/26/1042">Section 1042(c)(4)(A)(i)</external-xref> is amended by striking <quote>section 1362(d)(3)(C)</quote> and inserting <quote>section 1375(b)(3)</quote>.</text> </paragraph><paragraph commented="no" id="H978E6FE081FE4EDA9C3FBC145187BEC6"><enum>(4)</enum><text><external-xref legal-doc="usc" parsable-cite="usc/26/1362">Section 1362(f)(1)(B)</external-xref> is amended by striking <quote>paragraph (2) or (3) of subsection (d)</quote> and inserting <quote>subsection (d)(2)</quote>.</text>
 </paragraph></subsection><subsection commented="no" id="H76604D2942954AB598CFD5A7BAA76E78"><enum>(d)</enum><header>Effective Date</header><text>The amendments made by this section shall apply to taxable years beginning after December 31, 2017.</text> </subsection></section><section id="H38ED7858DAC745DE85B3733CE60C7D0A"><enum>4.</enum><header>Expansion of S corporation eligible shareholders to include IRAs</header> <subsection id="H7ADF64DD14E7415F9A68F8530F2CB8C3"><enum>(a)</enum><header>In General</header><text><external-xref legal-doc="usc" parsable-cite="usc/26/1361">Section 1361(c)(2)(A)(vi)</external-xref> is amended to read as follows:</text>
				<quoted-block id="HB614143BDEB14298B218E7A86DAE2181" style="OLC">
 <clause id="H05B2D22CE8A14504AF8046B98BC68D7E"><enum>(vi)</enum><text>A trust which constitutes an individual retirement account under section 408(a), including one designated as a Roth IRA under section 408A.</text></clause><after-quoted-block>.</after-quoted-block></quoted-block>
 </subsection><subsection id="H18A417A93FFA495D8AC03A639043C844"><enum>(b)</enum><header>Sale of Stock in IRA Relating to S Corporation Election Exempt From Prohibited Transaction Rules</header><text><external-xref legal-doc="usc" parsable-cite="usc/26/4975">Section 4975(d)(16)</external-xref> is amended—</text> <paragraph id="H00A023CBA92846BFA628EDCC1E4CCFD9"><enum>(1)</enum><text>by striking subparagraphs (A) and (B) and by redesignating subparagraphs (C), (D), (E), and (F) as subparagraphs (A), (B), (C), and (D), respectively, and</text>
 </paragraph><paragraph id="H5191E6E7E5AE45A3B9B15D4F7997E7C1"><enum>(2)</enum><text>by striking <quote>such bank or company</quote> in subparagraph (A) (as so redesignated) and inserting <quote>the issuer of such stock</quote>.</text> </paragraph></subsection><subsection id="H8D94B03606ED43378B953C2EEB0DF746"><enum>(c)</enum><header>Effective Date</header><text>The amendments made by this section shall take effect on January 1, 2018.</text>
			</subsection></section><section commented="no" id="H5563D70F1A1C470D8CC4DF1EACB8B8B8"><enum>5.</enum><header>Charitable contribution deduction for electing small business trusts</header>
 <subsection commented="no" id="H04E7951CC7A84BA0A98D0CB937EACF58"><enum>(a)</enum><header>In general</header><text><external-xref legal-doc="usc" parsable-cite="usc/26/641">Section 641(c)(2)</external-xref> is amended by inserting after subparagraph (D) the following new subparagraph:</text> <quoted-block id="H4F0E4A3363FF40399D500040EB89A7A2" style="OLC"> <subparagraph commented="no" id="HB591E25B9BC244EF9AB24A58935424AA"><enum>(E)</enum><clause commented="no" display-inline="yes-display-inline" id="H3240F85CFF1242D8A56920699F78E512"><enum>(i)</enum><text>Section 642(c) shall not apply.</text>
 </clause><clause commented="no" id="H6E9A413B90EF48BEB5552457801CE693" indent="up1"><enum>(ii)</enum><text>For purposes of section 170(b)(1)(G), adjusted gross income shall be computed in the same manner as in the case of an individual, except that the deductions for costs which are paid or incurred in connection with the administration of the trust and which would not have been incurred if the property were not held in such trust shall be treated as allowable in arriving at adjusted gross income.</text></clause></subparagraph><after-quoted-block>.</after-quoted-block></quoted-block>
 </subsection><subsection commented="no" id="H60E3780D5B5A4068BE95F4135AE9F659"><enum>(b)</enum><header>Effective date</header><text display-inline="yes-display-inline">The amendment made by this section shall apply to taxable years beginning after December 31, 2017.</text> </subsection></section><section id="id240DC69AE0E143AA9529A03A56E0E9AE" section-type="subsequent-section"><enum>6.</enum><header>Amortization of S corporation built-in gain amount upon death of shareholder</header> <subsection id="id333357AD35DA4C4F870237CB97A47E8A"><enum>(a)</enum><header>In general</header><text display-inline="yes-display-inline">Part II of subchapter S of <external-xref legal-doc="usc-chapter" parsable-cite="usc-chapter/26/1">chapter 1</external-xref> is amended by adding at the end the following:</text>
				<quoted-block display-inline="no-display-inline" id="idBB56CE4B4EC648AEA02C02B2E3AD12DA" style="OLC">
					<section id="idA43DC58DA4B2434299FF9B6D81097E96"><enum>1369.</enum><header>Amortization of built-in gain amount upon death of shareholder</header>
 <subsection id="id880B0D4A40684C31A6A9DA0C7D46718B"><enum>(a)</enum><header>In general</header><text display-inline="yes-display-inline">A person holding stock in an electing S corporation the basis of which is determined under section 1014(a) (hereafter in this section referred to as the <quote>shareholder</quote>) shall be allowed a deduction with respect to the S corporation built-in gain amount. The amount of such deduction for any taxable year shall be determined by amortizing the S corporation built-in gain amount over the 15-year period beginning with the month which includes the applicable valuation date.</text>
 </subsection><subsection id="idA53B4B3954B24ECEA60FA3434BCCA2D1"><enum>(b)</enum><header>S corporation built-In gain amount</header><text>For purposes of this section, the term <quote>S corporation built-in gain amount</quote> means the lesser of—</text> <paragraph id="id8A019C32A5024ADF9FEAA580E18F9A49"><enum>(1)</enum><text>the excess (if any) of—</text>
 <subparagraph id="id22E5E9DBDAFC46C98BA0AB0F25A9EA71"><enum>(A)</enum><text>the basis of the stock referred to in subsection (a) as determined under section 1014(a), over</text> </subparagraph><subparagraph id="id60B00E5B30404859B4DA3FBCD4717618"><enum>(B)</enum><text>the adjusted basis of such stock immediately before the death of the decedent, or</text>
 </subparagraph></paragraph><paragraph id="id06149BAA0DA74660BDFA12507C60B278"><enum>(2)</enum><text>the pro rata share (determined as of the applicable valuation date) of—</text> <subparagraph id="id7B1A2B91F520465CAEE88FC68EE752EB"><enum>(A)</enum><text>the aggregate fair market value of all property held by the S corporation which is of a character subject to depreciation or amortization, over</text>
 </subparagraph><subparagraph id="id7345DFA90D0E45649D5E2C6D701425EE"><enum>(B)</enum><text>the aggregate adjusted basis of all such property held by the S corporation as of such date.</text> </subparagraph></paragraph></subsection><subsection id="idE6430E981641443DA316F07EFA81FEA0"><enum>(c)</enum><header>Electing S corporation</header><text display-inline="yes-display-inline">For purposes of this section, the term <quote>electing S corporation</quote> means, with respect to any shareholder, any S corporation which elects the application of this section with respect to such shareholder at such time and in such form and manner as the Secretary may prescribe.</text>
 </subsection><subsection id="idC9538650BDF34025B8C4621D83D87742"><enum>(d)</enum><header>Applicable valuation date</header><text>For purposes of this section, the term <quote>applicable valuation date</quote> means—</text> <paragraph id="idA1D27A14242C45E19BEC533C3E326296"><enum>(1)</enum><text display-inline="yes-display-inline">in the case of a decedent with respect to which the executor of the decedent’s estate elects the application of section 2032, the date 6 months after the decedent’s death, and</text>
 </paragraph><paragraph id="idD1AED9FE7F0648AE85D452E500272EA1"><enum>(2)</enum><text>in the case of any other decedent, the date of the decedent’s death.</text> </paragraph></subsection><subsection id="id17A7D16E19574C5680898B5DA43C1A74"><enum>(e)</enum><header>Accelerated deduction in case of disposition of S corporation property</header> <paragraph id="idC07E60EE6C4D49E3A6E958AD63637CA9"><enum>(1)</enum><header>In general</header><text>If the electing S corporation disposes of any property which was taken into account under subsection (b)(2), then the deduction allowed under subsection (a) with respect to any stock, for the taxable year of the shareholder in which or with which the taxable year of the S corporation which includes the date of such disposition ends, shall (except as otherwise provided in this section) not be less than the lesser of—</text>
 <subparagraph id="id54DACBA6BD06404EB4CAC8C74E88A17D"><enum>(A)</enum><text>the pro rata share of the gain recognized on such disposition, or</text> </subparagraph><subparagraph id="idF7152BBEF97C42D6B2923B3881BB3168"><enum>(B)</enum><text>the amount determined under subsection (b)(2) by only taking into account such property.</text>
 </subparagraph></paragraph><paragraph id="id3BB8801470CD4807904E84E960C3B99C"><enum>(2)</enum><header>Overall allowance not increased</header><text>No deduction shall be allowed under subsection (a) with respect to any stock for any taxable year to the extent that such deduction (when added to the deductions so allowed for all prior taxable years) exceeds the S corporation built-in gain amount with respect to such stock.</text>
 </paragraph></subsection><subsection id="idBFDB97118BCD475B8165664822C06541"><enum>(f)</enum><header>Recharacterization of gains as ordinary income to extent of deduction</header><text>If—</text> <paragraph id="idCD93C42ED5234DD09311168FF2E57000"><enum>(1)</enum><text>stock of an S corporation with respect to which a deduction was allowed under this section, or</text>
 </paragraph><paragraph id="id7159F678B5ED4D9A992397F2EE7E2EBE"><enum>(2)</enum><text>property which was taken into account under subsection (b)(2) with respect to such stock,</text> </paragraph><continuation-text continuation-text-level="subsection">is disposed of at a gain (determined without regard to whether or not such gain is recognized and reduced by any amount of gain which is treated as ordinary income under any other provision of this subtitle), the amount of such gain (or the shareholder’s pro rata share of such gain in the case of property described in paragraph (2)) shall be treated as gain which is ordinary income (and shall be recognized notwithstanding any other provision of this subtitle) to the extent of the excess of the aggregate deductions allowable under this section with respect to such stock for the taxable year of such disposition and all prior taxable years over the amounts taken into account under this subsection for all prior taxable years.</continuation-text></subsection><subsection id="id7681BAC896C84F2AA97D9B02353759BE"><enum>(g)</enum><header>Termination of amortization</header><text display-inline="yes-display-inline">No deduction shall be allowed under subsection (a) with respect to any stock in an electing S corporation with respect to any period beginning after the earlier of—</text>
 <paragraph id="id82E701BD09E04A808FE0B05F711931C3"><enum>(1)</enum><text>the date on which the corporation’s election under section 1362 terminates, or</text> </paragraph><paragraph id="idD4F42E956D734F85BB2EF7FF0608C634"><enum>(2)</enum><text>the date on which the shareholder transfers such stock to any other person.</text>
							</paragraph></subsection><subsection id="id829E574643AC45DBA53FDF0EAEBE7609"><enum>(h)</enum><header>Treatment of certain transfers</header>
 <paragraph id="id79052DA5C33449E7B9F330FFCC73E035"><enum>(1)</enum><header>Distributions from estates or trusts</header><text>Notwithstanding any other provision of this section, in the case of a distribution of stock from an estate or trust to a beneficiary, the beneficiary (and not the estate or trust) shall be treated as the shareholder to which this section applies with respect to periods after such distribution.</text>
 </paragraph><paragraph id="idC95A4834487241E886516E4CECC049EC"><enum>(2)</enum><header>Certain transfers involving spouses</header><text display-inline="yes-display-inline">Notwithstanding any other provision of this section, in the case of a transfer described in section 1041, the transferee (and not the transferor) shall be treated as the shareholder to which this section applies with respect to periods after such transfer.</text>
							</paragraph></subsection><subsection id="id5B46A627E37C44C99E0BAEF12B91DF0F"><enum>(i)</enum><header>Treatment of income in respect of the decedent</header>
 <paragraph id="id74452AE98AB44E14A5571FDDF92E3E3B"><enum>(1)</enum><header>Adjustment to built-in gain of property held by S corporation</header><text>For purposes of subsection (b)(2), the fair market value of any property taken into account under subparagraph (A) thereof shall be decreased by any amount of income in respect of the decedent with respect to such property to which section 691 applies. For purposes of subsection (e)(1)(A), the gain recognized on the disposition of such property shall be reduced by such amount.</text>
 </paragraph><paragraph id="id712BFE985C7D423F86732824BEA14D34"><enum>(2)</enum><header>Adjustment to basis of S corporation stock</header><text>For adjustment to basis of S corporation stock, see section 1367(b)(4)(B).</text> </paragraph></subsection><subsection commented="no" display-inline="no-display-inline" id="id7F2E8773FC8541F0AF56F20301082913"><enum>(j)</enum><header>Reporting</header><text>Except as otherwise provided by the Secretary, for purposes of section 6037, the amounts determined under subsections (b)(2), (e)(1), and (f)(2) shall be treated as items of the corporation and the pro rata share determined under such subsection shall be furnished to the shareholder under section 6037(b).</text></subsection></section><after-quoted-block>.</after-quoted-block></quoted-block>
			</subsection><subsection id="id23846BB52EB246BDAE6BBEED2C1EC069"><enum>(b)</enum><header>Adjustment to basis of stock</header>
 <paragraph id="id2C03D63BB5ED447FABC1B7BC5A3EE731"><enum>(1)</enum><header>In general</header><text><external-xref legal-doc="usc" parsable-cite="usc/26/1367">Section 1367(a)(2)</external-xref> is amended by striking <quote>and</quote> at the end of subparagraph (D), by striking the period at the end of subparagraph (E) and inserting <quote>, and</quote>, and by inserting after subparagraph (E) the following new subparagraph:</text>
					<quoted-block display-inline="no-display-inline" id="idCF700D5074D241BFBACDEADE8DFCCA3F" style="OLC">
 <subparagraph id="id1F876E2046794686883AAD04BA4158CA"><enum>(F)</enum><text display-inline="yes-display-inline">the amount of the shareholder’s deduction under section 1369.</text></subparagraph><after-quoted-block>.</after-quoted-block></quoted-block> </paragraph><paragraph id="idEDADECB91E6D48A3AA1F63993848327B"><enum>(2)</enum><header>Adjustment not taken into account in determining treatment of distributions</header><text display-inline="yes-display-inline"><external-xref legal-doc="usc" parsable-cite="usc/26/1368">Section 1368</external-xref> is amended—</text>
 <subparagraph id="id50864F01C8764674BA060A7B3EC861CE"><enum>(A)</enum><text>in subsection (d)(1), by inserting <quote>(other than subsection (a)(2)(F) thereof)</quote> after <quote>section 1367</quote>, and</text> </subparagraph><subparagraph id="id80BEA3CEF5C64695927690F51DDCBF87"><enum>(B)</enum><text>in subsection (e)(1)(A)—</text>
 <clause id="id4D8BE28F66C1472CBE62CD5C9FF04465"><enum>(i)</enum><text>by striking <quote>this title and the phrase</quote> and inserting <quote>this title, the phrase</quote>, and</text> </clause><clause id="id60F29705EC7D4DB582C606C0F445B2EE"><enum>(ii)</enum><text>by inserting <quote>, and no adjustment shall be made under section 1367(a)(2)(F)</quote> after <quote>section 1367(a)(2)</quote>.</text>
 </clause></subparagraph></paragraph></subsection><subsection id="id58D4FFED510E4BCA94E6700704F6FFC9"><enum>(c)</enum><header>Clerical amendment</header><text display-inline="yes-display-inline">The table of sections for part II of subchapter S of <external-xref legal-doc="usc-chapter" parsable-cite="usc-chapter/26/1">chapter 1</external-xref> is amended by adding at the end the following new item:</text>
				<quoted-block display-inline="no-display-inline" id="id926740B250704192A1EB4B11C4CB00E2" style="OLC"><toc container-level="quoted-block-container" lowest-bolded-level="division-lowest-bolded" lowest-level="section" quoted-block="no-quoted-block" regeneration="yes-regeneration"><toc-entry level="section">Sec. 1369. Amortization of built-in gain amount upon death of shareholder.</toc-entry></toc><after-quoted-block>.</after-quoted-block></quoted-block>
 </subsection><subsection commented="no" display-inline="no-display-inline" id="id31E9FC2C73AB4C59B8DC832E264B5AD3"><enum>(d)</enum><header>Effective date</header><text>The amendments made by this section shall apply to with respect to decedents dying after the date of the enactment of this Act, in taxable years ending after such date.</text>
			</subsection></section><section commented="no" id="id0080C9C1D81C485E9D2561C980875E43"><enum>7.</enum><header>Extension of time for making S corporation elections</header>
 <subsection commented="no" id="id11E4A2F8B6454D2F95BDEFB9758F2035"><enum>(a)</enum><header>In general</header><text display-inline="yes-display-inline">Subsection (b) of <external-xref legal-doc="usc" parsable-cite="usc/26/1362">section 1362</external-xref> is amended to read as follows:</text> <quoted-block display-inline="no-display-inline" id="id6621E0BCFB8C478FB00BC684724DB723" style="OLC"> <subsection commented="no" id="id8C53444FB311421B85567D5DC289A4C4"><enum>(b)</enum><header>When made</header> <paragraph commented="no" display-inline="no-display-inline" id="id8846FDDDC44A4D62A4E41BC04BED2804"><enum>(1)</enum><header>In general</header><text>An election under subsection (a) may be made by a small business corporation for any taxable year not later than the due date for filing the return of the S corporation for such taxable year (including extensions).</text>
 </paragraph><paragraph commented="no" id="id228B6268716B486DADFDA921B58EB7F5"><enum>(2)</enum><header>Certain elections treated as made for next taxable year</header><text>If—</text> <subparagraph commented="no" id="id37B2D889698F43BA864EE305F5F10BA1"><enum>(A)</enum><text display-inline="yes-display-inline">an election under subsection (a) is made for any taxable year within the period described in paragraph (1), but</text>
 </subparagraph><subparagraph commented="no" id="idAC3B91A1CAA24A7387E0D26D6836EB50"><enum>(B)</enum><text display-inline="yes-display-inline">either—</text> <clause commented="no" id="idC3B467746CB947159460B020A55E1DEA"><enum>(i)</enum><text display-inline="yes-display-inline">on 1 or more days in such taxable year and before the day on which the election was made the corporation did not meet the requirements of subsection (b) of section 1361, or</text>
 </clause><clause commented="no" id="idC0C82FA80D0C49B2BA3BEFF2D43E708D"><enum>(ii)</enum><text>1 or more of the persons who held stock in the corporation during such taxable year and before the election was made did not consent to the election,</text>
 </clause><continuation-text commented="no" continuation-text-level="subparagraph">then such election shall be treated as made for the following taxable year.</continuation-text></subparagraph></paragraph><paragraph commented="no" id="id9103A94ABF464534A89FEAD126B65AE5"><enum>(3)</enum><header>Authority to treat late elections, etc., as timely</header><text>If—</text> <subparagraph commented="no" id="id367CABBF242948F58DC0651A820F691D"><enum>(A)</enum><text>an election under subsection (a) is made for any taxable year after the date prescribed by this subsection for making such election for such taxable year or no such election is made for any taxable year, and</text>
 </subparagraph><subparagraph commented="no" id="id74D15BBD8DD641C78EEA5EAD2C198C96"><enum>(B)</enum><text>the Secretary determines that there was reasonable cause for the failure to timely make such election,</text>
 </subparagraph><continuation-text commented="no" continuation-text-level="paragraph">the Secretary may treat such an election as timely made for such taxable year.</continuation-text></paragraph><paragraph commented="no" id="idAAC4A129898C489A98D85A876B5EB393"><enum>(4)</enum><header>Election on timely filed returns</header><text>Except as otherwise provided by the Secretary, an election under subsection (a) for any taxable year may be made on a timely filed return of the S corporation for such taxable year.</text>
 </paragraph><paragraph commented="no" id="id620DF96DAEDA4B80A587C6406EE98C7D"><enum>(5)</enum><header>Secretarial authority</header><text>The Secretary may prescribe such regulations, rules, or other guidance as may be necessary or appropriate for purposes of applying this subsection.</text></paragraph></subsection><after-quoted-block>.</after-quoted-block></quoted-block>
			</subsection><subsection id="id9EA8D0BE69A542409660B9DC91A797AC"><enum>(b)</enum><header>Coordination with certain other provisions</header>
 <paragraph id="id519A1F824A21442586C6F4FAC61C2281"><enum>(1)</enum><header>Qualified subchapter S subsidiaries</header><text><external-xref legal-doc="usc" parsable-cite="usc/26/1361">Section 1361(b)(3)(B)</external-xref> is amended by adding at the end the following flush sentence:</text> <quoted-block display-inline="no-display-inline" id="id3EE58F5CB0434371921FBB4F594F3A95" style="OLC"> <quoted-block-continuation-text quoted-block-continuation-text-level="subparagraph">Rules similar to the rules of section 1362(b) shall apply with respect to any election under clause (ii).</quoted-block-continuation-text><after-quoted-block>.</after-quoted-block></quoted-block> </paragraph><paragraph id="idD3B61BAEBBF743249987853B43AEED63"><enum>(2)</enum><header>Qualified subchapter S trusts</header><text><external-xref legal-doc="usc" parsable-cite="usc/26/1361">Section 1361(d)(2)</external-xref> is amended by striking subparagraph (D).</text>
 </paragraph></subsection><subsection commented="no" display-inline="no-display-inline" id="idAF5BF07DD5304CCA81F4C5E782E1542B"><enum>(c)</enum><header>Revocations</header><text>Paragraph (1) of <external-xref legal-doc="usc" parsable-cite="usc/26/1362">section 1362(d)</external-xref> is amended—</text> <paragraph commented="no" display-inline="no-display-inline" id="id731F616587DA452986AA8CA36117981A"><enum>(1)</enum><text>by striking <quote>subparagraph (D)</quote> in subparagraph (C) and inserting <quote>subparagraphs (D) and (E)</quote>, and</text>
 </paragraph><paragraph commented="no" display-inline="no-display-inline" id="id5C69C677B63B4D17A79D2DFA9E6FE2EB"><enum>(2)</enum><text>by adding at the end the following new subparagraph:</text> <quoted-block display-inline="no-display-inline" id="idA5682FAA56FC43B0BC5B97CDA0317266" style="OLC"> <subparagraph commented="no" id="idA5AD15FC05D0467D9D52F2D09EBA1D84"><enum>(E)</enum><header>Authority to treat late revocations as timely</header><text>If—</text>
 <clause commented="no" id="idF40E81FF80DD43AD8F9267086E135D6E"><enum>(i)</enum><text>a revocation under subparagraph (A) is made for any taxable year after the date prescribed by this paragraph for making such revocation for such taxable year or no such revocation is made for any taxable year, and</text>
 </clause><clause commented="no" id="id0CF9A9068C1C4CC49104539E26600353"><enum>(ii)</enum><text>the Secretary determines that there was reasonable cause for the failure to timely make such revocation,</text>
							</clause><continuation-text commented="no" continuation-text-level="subparagraph">the Secretary may treat such a revocation as timely made for such taxable year.</continuation-text></subparagraph><after-quoted-block>.</after-quoted-block></quoted-block>
				</paragraph></subsection><subsection commented="no" display-inline="no-display-inline" id="idFFE7079BF9F0471391E0335A3849D264"><enum>(d)</enum><header>Effective date</header>
 <paragraph id="idC0389AE3170648EBBEB6B01F31301110"><enum>(1)</enum><header>In general</header><text>Except as otherwise provided in this subsection, the amendments made by this section shall apply to elections for taxable years beginning after December 31, 2017.</text>
 </paragraph><paragraph commented="no" display-inline="no-display-inline" id="id231F1B57D08F434FAAAC9A8657D5110A"><enum>(2)</enum><header>Revocations</header><text>The amendments made by subsection (c) shall apply to revocations after December 31, 2017.</text></paragraph></subsection></section></legis-body></bill> 

