<?xml version="1.0"?>
<?xml-stylesheet type="text/xsl" href="billres.xsl"?>
<!DOCTYPE bill PUBLIC "-//US Congress//DTDs/bill.dtd//EN" "bill.dtd">
<bill bill-stage="Introduced-in-Senate" dms-id="A1" public-private="public"><metadata xmlns:dc="http://purl.org/dc/elements/1.1/">
<dublinCore>
<dc:title>115 S713 IS: Mountains to Sound Greenway National Heritage Area Act</dc:title>
<dc:publisher>U.S. Senate</dc:publisher>
<dc:date>2017-03-23</dc:date>
<dc:format>text/xml</dc:format>
<dc:language>EN</dc:language>
<dc:rights>Pursuant to Title 17 Section 105 of the United States Code, this file is not subject to copyright protection and is in the public domain.</dc:rights>
</dublinCore>
</metadata>
<form>
<distribution-code display="yes">II</distribution-code><congress>115th CONGRESS</congress><session>1st Session</session><legis-num>S. 713</legis-num><current-chamber>IN THE SENATE OF THE UNITED STATES</current-chamber><action><action-date date="20170323">March 23, 2017</action-date><action-desc><sponsor name-id="S275">Ms. Cantwell</sponsor> (for herself and <cosponsor name-id="S229">Mrs. Murray</cosponsor>) introduced the following bill; which was read twice and referred to the <committee-name committee-id="SSEG00">Committee on Energy and Natural Resources</committee-name></action-desc></action><legis-type>A BILL</legis-type><official-title>To establish the Mountains to Sound Greenway National Heritage Area in the State of Washington.</official-title></form>
	<legis-body display-enacting-clause="yes-display-enacting-clause">
 <section id="id0149D936C8DD4C3991F40E756B88765A" section-type="section-one"><enum>1.</enum><header>Short title</header><text display-inline="no-display-inline">This Act may be cited as the <quote><short-title>Mountains to Sound Greenway National Heritage Area Act</short-title></quote>.</text>
 </section><section id="id6ae9ff4f2834489294c9558b3653546b"><enum>2.</enum><header>Purposes</header><text display-inline="no-display-inline">The purposes of this Act are—</text> <paragraph id="id7b3ad478a3d8426f9cc9268d9842028c"><enum>(1)</enum><text>to recognize the national importance of the natural, cultural, historical, scenic, and recreational resources of the Mountains to Sound Greenway National Heritage Area;</text>
 </paragraph><paragraph id="id15bb11f81d3d4ff7b446875cc2014d6d"><enum>(2)</enum><text>to preserve, enhance, and interpret the legacies of Indian tribes and nations from time immemorial, natural resource conservation, and community stewardship within the Mountains to Sound Greenway National Heritage Area; and</text>
 </paragraph><paragraph commented="no" display-inline="no-display-inline" id="id25EEE8A512E94332B26775B9758EC51D"><enum>(3)</enum><text>to promote heritage, cultural, and recreational tourism within the Mountains to Sound Greenway National Heritage Area.</text>
 </paragraph></section><section id="HB3188404218F4422A2DAE992D29AF1FB"><enum>3.</enum><header>Definitions</header><text display-inline="no-display-inline">In this Act:</text> <paragraph id="HE1E4551FB0CB40648A4BEFC546A24803"><enum>(1)</enum><header>Local coordinating entity</header><text>The term <term>local coordinating entity</term> means the local coordinating entity for the National Heritage Area designated by section 4(d).</text>
			</paragraph><paragraph id="H9C0EF5911A0242B4970E81A6D5FFFDFE"><enum>(2)</enum><header>Management
 plan</header><text>The term <term>management plan</term> means the management plan for the National Heritage Area required under section 5.</text> </paragraph><paragraph id="HE005B2C506354E09B92D2B3F78A0A007"><enum>(3)</enum><header>Map</header><text display-inline="yes-display-inline">The term <term>map</term> means the map entitled <term>Mountains to Sound Greenway National Heritage Area Proposed Boundary</term>, numbered 584/125,483, and dated August, 2014.</text>
 </paragraph><paragraph id="id85711ef467dd4047aee051a71d755621"><enum>(4)</enum><header>National heritage area</header><text>The term <term>National Heritage Area</term> means the Mountains to Sound Greenway National Heritage Area established by section 4(a).</text> </paragraph><paragraph id="HCEDC9DC8BEF54D23913D7BDAD5025E04"><enum>(5)</enum><header>Secretary</header><text>The term <term>Secretary</term> means the Secretary of the Interior.</text>
 </paragraph><paragraph id="H0DCE919125CC46908AD0FD16F17B7876"><enum>(6)</enum><header>State</header><text>The term <term>State</term> means the State of Washington.</text>
 </paragraph><paragraph commented="no" id="HD3B5053D2C05488DA0EA79CC715F4116"><enum>(7)</enum><header>Tribal; Tribe</header><text display-inline="yes-display-inline">The terms <term>tribal</term> and <quote>Tribe</quote> means any federally recognized Indian tribe that has cultural heritage, historic interests, or federally reserved treaty rights within the National Heritage Area.</text>
			</paragraph></section><section id="H81169CB6B821437A8BC05587C3BAA055"><enum>4.</enum><header>Mountains to Sound Greenway National Heritage Area</header>
 <subsection id="HEF1E29362C3747F18084EA3D8A13AFC8"><enum>(a)</enum><header>Establishment</header><text display-inline="yes-display-inline">There is established in the State the Mountains to Sound Greenway National Heritage Area.</text>
 </subsection><subsection id="H008248702D2A4ABD92F0844DB0C3E23D"><enum>(b)</enum><header>Boundaries</header><text display-inline="yes-display-inline">The National Heritage Area shall consist of land located in King and Kittitas Counties in the State, as generally depicted on the map.</text>
 </subsection><subsection id="H5C7B33C3772848CD9F3C39E160B62C5E"><enum>(c)</enum><header>Map</header><text display-inline="yes-display-inline">The map shall be on file and available for public inspection in the appropriate offices of—</text> <paragraph id="id879E07D2B0E34343A4C1761AA84570F3"><enum>(1)</enum><text display-inline="yes-display-inline">the National Park Service;</text>
 </paragraph><paragraph id="idEDDD937A1CAF4590A545835C88493B19"><enum>(2)</enum><text display-inline="yes-display-inline">the Forest Service;</text>
 </paragraph><paragraph id="id526AF97A594D48CE8F1C10EF1C395DEE"><enum>(3)</enum><text display-inline="yes-display-inline">the Tribes; and</text> </paragraph><paragraph id="idDF152CFDF53641E78040B4C6EDF93B24"><enum>(4)</enum><text display-inline="yes-display-inline">the local coordinating entity.</text>
				</paragraph></subsection><subsection id="H74EFE730428E421D8E1A118D104AF688"><enum>(d)</enum><header>Local
 coordinating entity</header><text display-inline="yes-display-inline">The Mountains to Sound Greenway Trust, a nonprofit corporation established under the laws of the State, is designated as the local coordinating entity for the National Heritage Area.</text>
			</subsection></section><section id="id47f562f9220b4214ab49ad468dc15386"><enum>5.</enum><header>Management plan</header>
 <subsection id="id1e57afcaf48845d78301f68a09cd3312"><enum>(a)</enum><header>In general</header><text>Not later than 3 years after the date of enactment of this Act, the local coordinating entity shall submit to the Secretary for approval a proposed management plan for the National Heritage Area.</text>
 </subsection><subsection id="ida74480805f654008a8b7c48c021d85b7"><enum>(b)</enum><header>Requirements</header><text>The management plan shall—</text> <paragraph id="id3977f635693348b5b3c91317061c2535"><enum>(1)</enum><text>incorporate an integrated and cooperative approach for the protection, enhancement, and interpretation of the natural, cultural, historical, scenic, and recreational resources of the National Heritage Area;</text>
 </paragraph><paragraph id="idbf3c8a663cab4e079cf6387bfc73fad1"><enum>(2)</enum><text>take into consideration Federal, State, tribal, and local plans;</text> </paragraph><paragraph id="id12f5a93007274b749bee894b5ae73fc5"><enum>(3)</enum><text>include—</text>
 <subparagraph id="id71326aede42b42b28e335842650f3d91"><enum>(A)</enum><text>an inventory of—</text> <clause id="id0b062acb4db947d1a79a7e32e750f0e0"><enum>(i)</enum><text>the resources located in the National Heritage Area; and</text>
 </clause><clause id="idec587ab4108140f2aa8c25ed48134ad2"><enum>(ii)</enum><text>any other property in the National Heritage Area that—</text> <subclause id="id420bfef1773441ae8620b356de47b7cb"><enum>(I)</enum><text>is related to the themes of the National Heritage Area; and</text>
 </subclause><subclause id="idf151341d4c9148c98191fe1d73bf1bcf"><enum>(II)</enum><text>should be preserved, restored, managed, or maintained because of the significance of the property;</text> </subclause></clause></subparagraph><subparagraph id="id9f921e2a939c4909828995b6aa805bf1"><enum>(B)</enum><text>comprehensive policies, strategies and recommendations for the conservation, funding, management, and development of the National Heritage Area;</text>
 </subparagraph><subparagraph id="idb5bdd92e46094d3485e19ee675825282"><enum>(C)</enum><text>a description of actions that the Federal Government, State, tribal, and local governments, private organizations, and individuals have agreed to take to protect the natural, cultural, historical, scenic, and recreational resources of the National Heritage Area;</text>
 </subparagraph><subparagraph id="id657cc76846034b4293b34034a6231171"><enum>(D)</enum><text>a program of implementation for the management plan by the local coordinating entity that includes a description of—</text>
 <clause id="ide57703157d6d469faaf04700eec1480f"><enum>(i)</enum><text>actions to facilitate ongoing collaboration among partners to promote plans for resource protection, restoration, and construction; and</text>
 </clause><clause id="id1ec67977e86f48ee8d1bc6ccf7a1fc51"><enum>(ii)</enum><text>specific commitments for implementation that have been made by the local coordinating entity or any government, organization, or individual for the first 5 years of operation of the National Heritage Area;</text>
 </clause></subparagraph><subparagraph id="ida210feafacdd433fb0e40debbcc8f7de"><enum>(E)</enum><text>the identification of sources of funding for carrying out the management plan;</text> </subparagraph><subparagraph id="id4d28feb291234cd99fa2a696727335a1"><enum>(F)</enum><text>analysis and recommendations for means by which Federal, State, tribal, and local programs may best be coordinated to carry out this section, including a description of the role of the National Park Service, the Forest Service, and Tribes in the National Heritage Area; and</text>
 </subparagraph><subparagraph id="iddbdacaa97bbb4e1d8dc97a60104cf755"><enum>(G)</enum><text>an interpretive plan for the National Heritage Area, including provisions addressing tribal heritage; and</text>
 </subparagraph></paragraph><paragraph id="id369a4defdade4b169c5dace950dd765d"><enum>(4)</enum><text>recommend policies and strategies for resource management, including the development of intergovernmental and interagency cooperative agreements to protect the natural, cultural, historical, scenic, and recreational resources of the National Heritage Area.</text>
 </paragraph></subsection><subsection id="id9d08b2d16943416c9759411ec40eec50"><enum>(c)</enum><header>Deadline</header><text>If a proposed management plan is not submitted to the Secretary by the date that is 3 years after the date of enactment of this Act, the local coordinating entity shall be ineligible to receive additional funding under this Act until the date on which the Secretary receives and approves the management plan.</text>
			</subsection><subsection id="idc9defae5008e474b990981665c6ffb49"><enum>(d)</enum><header>Approval or disapproval of management plan</header>
 <paragraph id="idf1249d113cd2471fae3cfc4c3086c4f1"><enum>(1)</enum><header>In general</header><text>Not later than 180 days after the date of receipt of the management plan under subsection (a), the Secretary, in consultation with State and tribal governments, shall approve or disapprove the management plan.</text>
 </paragraph><paragraph id="id695e0d376b6d48cfb3a5d72297d50fc8"><enum>(2)</enum><header>Criteria for approval</header><text>In determining whether to approve the management plan, the Secretary shall consider whether—</text> <subparagraph id="id29912f0a682146c1b4453d74c5226503"><enum>(A)</enum><text>the local coordinating entity is representative of the diverse interests of the National Heritage Area, including the Federal Government and State, tribal, and local governments, natural and historical resource protection organizations, educational institutions, businesses, and recreational organizations;</text>
 </subparagraph><subparagraph id="idf0e8051d32ab480d96e176de66e04eb3"><enum>(B)</enum><text>the local coordinating entity has afforded adequate opportunity, including public hearings, for public and governmental involvement in the preparation of the management plan;</text>
 </subparagraph><subparagraph id="id9ad2d4e1b6a44aa3a3c95c08c5f7e154"><enum>(C)</enum><text>the resource protection and interpretation strategies contained in the management plan, if implemented, would adequately protect the natural, cultural, historical, scenic, and recreational resources of the National Heritage Area; and</text>
 </subparagraph><subparagraph id="idd5621c4b99064d70bb8a8c88d01e98c2"><enum>(D)</enum><text>the management plan is consistent with the trust responsibilities of the Secretary to Indian tribes and tribal treaty rights within the National Heritage Area.</text>
 </subparagraph></paragraph><paragraph id="ida79a87ffc1554ce1b2e8149f8f8fe22e"><enum>(3)</enum><header>Action following disapproval</header><text>If the Secretary disapproves the management plan under paragraph (1), the Secretary shall—</text> <subparagraph id="id6f0f1e79587f42939d103fc2ebecd3fe"><enum>(A)</enum><text>advise the local coordinating entity in writing of the reasons for the disapproval;</text>
 </subparagraph><subparagraph id="id6ffe3a1584544669b611781b0f668242"><enum>(B)</enum><text>make recommendations for revisions to the management plan; and</text> </subparagraph><subparagraph id="id22b6a153fcca4270b7930795b3f89015"><enum>(C)</enum><text>not later than 180 days after the receipt of any proposed revision of the management plan from the local coordinating entity, approve or disapprove the proposed revision.</text>
					</subparagraph></paragraph><paragraph id="iddde1c81970b74ef0841bceaebf8b996c"><enum>(4)</enum><header>Amendments</header>
 <subparagraph id="id55030e9c727c44159b42f18a7daecf7e"><enum>(A)</enum><header>In general</header><text>The Secretary shall approve or disapprove each amendment to the management plan that makes a substantial change to the management plan, as determined by the Secretary.</text>
 </subparagraph><subparagraph id="ida7bc475120694b309bac3dfef020e18f"><enum>(B)</enum><header>Use of funds</header><text>The local coordinating entity shall not use Federal funds authorized by this section to carry out any amendments to the management plan until the date on which the Secretary has approved the amendments.</text>
					</subparagraph></paragraph></subsection></section><section id="ide8c52ef1f18245c0977f0caa8b5a4845"><enum>6.</enum><header>Administration</header>
 <subsection id="id431d020262a84695a5825adf64db50ae"><enum>(a)</enum><header>Authorities</header><text>For purposes of implementing the management plan, the local coordinating entity may—</text> <paragraph id="id26a5061f34f441b7bb10dbb3bcf70f3d"><enum>(1)</enum><text>make grants to the State or a political subdivision of the State, Tribes, nonprofit organizations, and other persons;</text>
 </paragraph><paragraph id="id1aa0433cfba94a6dacdf8f6f9cb4dcd9"><enum>(2)</enum><text>enter into cooperative agreements with, or provide technical assistance to Federal agencies, Tribes, the State or a political subdivision of the State, nonprofit organizations, and other interested parties;</text>
 </paragraph><paragraph id="id1e5b92369432413b921fb8d14faa8731"><enum>(3)</enum><text>hire and compensate staff, which shall include individuals with expertise in natural, cultural, historical, scenic, and recreational resources protection and heritage programming;</text>
 </paragraph><paragraph id="idb97aac8f3ed145a298de29464d085330"><enum>(4)</enum><text>obtain money or services from any source, including any money or services that are provided under any other Federal law or program;</text>
 </paragraph><paragraph id="ide3258576951448f8bc8df599e5add0fa"><enum>(5)</enum><text>contract for goods or services; and</text> </paragraph><paragraph id="id8b7c728a95954b3696d7f529f57f4c9f"><enum>(6)</enum><text>undertake to be a catalyst for any other activity that—</text>
 <subparagraph id="ide7d4d24ff08f4f989c49be1cb04e0a2c"><enum>(A)</enum><text>furthers the purposes of the National Heritage Area; and</text> </subparagraph><subparagraph id="idf7c9b4c1e61f4c3a95e0ec1e00494396"><enum>(B)</enum><text>is consistent with the approved management plan.</text>
 </subparagraph></paragraph></subsection><subsection id="id880b3fe8a4a24619bafe518099f7654d"><enum>(b)</enum><header>Duties</header><text>The local coordinating entity may—</text> <paragraph id="id9ba10ebc181d41a098350f0d64fe72cf"><enum>(1)</enum><text>in accordance with section 5, prepare and submit a management plan to the Secretary;</text>
 </paragraph><paragraph id="idb4d1bb248028404fbcef6570d12c6be0"><enum>(2)</enum><text>assist Federal agencies, the State or a political subdivision of the State, Tribes, nonprofit organizations, and other interested parties in carrying out the approved management plan by—</text>
 <subparagraph id="id2e6e5a393283439a953126608aa870fd"><enum>(A)</enum><text>carrying out programs and projects that recognize, protect, and enhance important resource values in the National Heritage Area;</text>
 </subparagraph><subparagraph id="idd63225f7122242259a5ece122f0ad407"><enum>(B)</enum><text>establishing and maintaining interpretive exhibits and programs in the National Heritage Area;</text> </subparagraph><subparagraph id="iddb37879458dc49acb95196f298e2add9"><enum>(C)</enum><text>developing recreational and educational opportunities in the National Heritage Area;</text>
 </subparagraph><subparagraph id="id86e8b21987df4d2bbc17d9cf59efab62"><enum>(D)</enum><text>increasing public awareness of, and appreciation for, natural, cultural, historical, scenic, and recreational resources of the National Heritage Area;</text>
 </subparagraph><subparagraph id="id3c578188cdc447f58a9667a6e42c91f0"><enum>(E)</enum><text>protecting and restoring historic sites and buildings in the National Heritage Area that are consistent with National Heritage Area themes;</text>
 </subparagraph><subparagraph id="idb01b39838a4d4127858e28e76039298b"><enum>(F)</enum><text>supporting working relationships between the Federal Government and State, tribal, and local governments in order to preserve, enhance, and interpret the significant resources of the National Heritage Area;</text>
 </subparagraph><subparagraph id="id3c57136100784c578180803b0ea78fbf"><enum>(G)</enum><text>ensuring that clear, consistent, and appropriate signs identifying points of public access and sites of interest are posted throughout the National Heritage Area; and</text>
 </subparagraph><subparagraph id="id441a8db169d4444ca4dda613717fe57a"><enum>(H)</enum><text>promoting a wide range of partnerships among the Federal Government, State, tribal, and local governments, organizations, and individuals to further the National Heritage Area;</text>
 </subparagraph></paragraph><paragraph id="id3c5d30f7ee6c4f80ad9f999e9eaa3d11"><enum>(3)</enum><text>consider the interests of diverse units of the Federal Government, State, tribal, and local governments, businesses, organizations, and individuals in the National Heritage Area in the preparation and implementation of the management plan;</text>
 </paragraph><paragraph id="id5e8c0b8993c04c7c876760292309175f"><enum>(4)</enum><text>conduct meetings open to the public at least semiannually regarding the development and implementation of the management plan;</text>
 </paragraph><paragraph id="id74ecc8a308954fa1b67b76dafb2e5ae7"><enum>(5)</enum><text>for any year for which Federal funds have been received under this section—</text> <subparagraph id="id2fc4f14266e74f20811168e3eca800a6"><enum>(A)</enum><text>submit to the Secretary an annual report that describes the activities, expenses, and income of the local coordinating entity (including grants from the local coordinating entity to any other entities during the year that the report is made);</text>
 </subparagraph><subparagraph id="id63b9183b2f074293852575ca8e85ae04"><enum>(B)</enum><text>make available to the Secretary for audit all records relating to the expenditure of the funds and any matching funds; and</text>
 </subparagraph><subparagraph id="id66212cfda20f4d07b7fdb91e9aa59109"><enum>(C)</enum><text>require, with respect to all agreements authorizing the expenditure of Federal funds by other organizations, that the organizations receiving the funds make available to the Secretary for audit all records concerning the expenditure of the funds; and</text>
 </subparagraph></paragraph><paragraph id="idfc7c4f17bb7f41e5bf653e3df697c01e"><enum>(6)</enum><text>encourage, by appropriate means, economic viability that is consistent with the National Heritage Area.</text>
 </paragraph></subsection><subsection id="idfc5aaea5435a415ab2a3e0e79795aad7"><enum>(c)</enum><header>Technical and financial assistance; cooperative agreements</header><text>The Secretary and the Secretary of Agriculture may—</text> <paragraph id="ida63b7ecbbaf94fc4b127bfe8f87c4689"><enum>(1)</enum><text>provide technical and financial assistance to the local coordinating entity to develop and implement the management plan; and</text>
 </paragraph><paragraph id="iddb1d47297a4b493692ac99dc6fe76520"><enum>(2)</enum><text>enter into cooperative agreements with the local coordinating entity, Tribes, State and local agencies, and other interested parties to carry out this Act, including cooperation and cost sharing, as appropriate, to provide more cost-effective and coordinated public land management.</text>
 </paragraph></subsection><subsection id="id6dc030ac17ff42688a5c92bf1b2ee4ef"><enum>(d)</enum><header>Prohibition on the acquisition of real property</header><text>The local coordinating entity shall not use Federal funds made available under this Act to acquire real property or any interest in real property.</text>
			</subsection></section><section id="idbc82d23c635c49568f7b9a695098bee4"><enum>7.</enum><header>Relationship to other Federal agencies</header>
 <subsection id="id2b9723d0e7474243a06a7c138bf3bedb"><enum>(a)</enum><header>In general</header><text>Nothing in this Act affects the authority of a Federal agency to provide technical or financial assistance under any other law.</text>
 </subsection><subsection id="idb179eaec517c486985cfd47e1f702a8f"><enum>(b)</enum><header>Consultation and coordination</header><text>Any Federal agency planning to conduct activities that may have an impact on the National Heritage Area is encouraged to consult and coordinate the activities with the Secretary and the local coordinating entity, to the maximum extent practicable.</text>
 </subsection><subsection id="id29d8621c2d3246f3b407884d07881e4e"><enum>(c)</enum><header>Other Federal agencies</header><text>Nothing in this Act—</text> <paragraph id="id0a2803f3a64143ca89007d265bb86a2d"><enum>(1)</enum><text>modifies, alters, or amends any law or regulation authorizing a Federal agency to manage Federal land under the jurisdiction of the Federal agency;</text>
 </paragraph><paragraph id="id431aaf8402cf4b13832fe48c3533bd6c"><enum>(2)</enum><text>limits the discretion of a Federal land manager to implement an approved land use plan within the boundaries of the National Heritage Area; or</text>
 </paragraph><paragraph id="id545d88d67b7f41bdaf6069ed4eaccbba"><enum>(3)</enum><text>modifies, alters, or amends any authorized use of Federal land under the jurisdiction of a Federal agency.</text>
 </paragraph></subsection></section><section id="id86dc2c963f104ab1b8e50166b5871c6b"><enum>8.</enum><header>Private property and regulatory protections</header><text display-inline="no-display-inline">Nothing in this Act—</text> <paragraph id="id08114d172b3d4fabb831fe80a6997833"><enum>(1)</enum><text>abridges the rights of any owner of public or private property, including the right to refrain from participating in any plan, project, program, or activity conducted within the National Heritage Area;</text>
 </paragraph><paragraph id="id9e50c5ea777a49a0b917127130e8854a"><enum>(2)</enum><text>requires any property owner—</text> <subparagraph id="id1f7a1e430817415482253f199ab15a68"><enum>(A)</enum><text>to permit public access (including access by Federal, State, or local agencies) to the property of the property owner; or</text>
 </subparagraph><subparagraph id="idbf5ca2fb5c594f71a76f218968a39089"><enum>(B)</enum><text>to modify public access or use of property of the property owner under any other Federal, State, or local law;</text>
 </subparagraph></paragraph><paragraph id="id89bf4c7b9b9440fabfb639ed0786ea0c"><enum>(3)</enum><text>alters any duly adopted land use regulation, approved land use plan, or other regulatory authority of any Federal, State, tribal, or local agency;</text>
 </paragraph><paragraph id="id2730c92d9964498a92f6284d1c480425"><enum>(4)</enum><text>conveys any land use or other regulatory authority to the local coordinating entity;</text> </paragraph><paragraph id="id18d5e0678d6a4434bc274074df3b44c6"><enum>(5)</enum><text>authorizes or implies the reservation or appropriation of water or water rights;</text>
 </paragraph><paragraph id="idB848ABE411964B8E8EF6FE6425BBD795"><enum>(6)</enum><text>affects the treaty rights of any Indian tribe within the National Heritage Area;</text>
 </paragraph><paragraph id="id28740775cce046c4a338d3209db2ecab"><enum>(7)</enum><text>affects the authority of the State or Tribes to manage fish and wildlife, including the regulation of fishing and hunting within the National Heritage Area; or</text>
 </paragraph><paragraph id="id82992c356e114d47a6c809beede0f0d6"><enum>(8)</enum><text>creates any liability, or affects any liability under any other law, of any private property owner with respect to any person injured on the private property.</text>
			</paragraph></section><section id="ida1ad6c355263458f9f2958fa18a064ba"><enum>9.</enum><header>Evaluation and report</header>
 <subsection id="idc03614bb9bab418e965a47fa2693482e"><enum>(a)</enum><header>In general</header><text>Not later than 3 years before the date on which authority for Federal funding terminates for the National Heritage Area, the Secretary shall—</text>
 <paragraph id="id69739eaaa6d74f889650d18b6ed31d0b"><enum>(1)</enum><text>conduct an evaluation of the accomplishments of the National Heritage Area; and</text> </paragraph><paragraph id="id9b174ed806634f3184328e6101f4f856"><enum>(2)</enum><text>prepare a report in accordance with subsection (c).</text>
 </paragraph></subsection><subsection id="id6cee5c4a5d0e459db414c5f85f7d8b42"><enum>(b)</enum><header>Evaluation</header><text>An evaluation conducted under subsection (a)(1) shall—</text> <paragraph id="id42755061baa4458e925ecb7b83491537"><enum>(1)</enum><text>assess the progress of the local coordinating entity with respect to—</text>
 <subparagraph id="idae2a4ed56b634731a2a49a99de3cf01d"><enum>(A)</enum><text>accomplishing the purposes of the National Heritage Area; and</text> </subparagraph><subparagraph id="idc1f501607e454ab584d5a0aca3cf7e87"><enum>(B)</enum><text>achieving the goals and objectives of the management plan;</text>
 </subparagraph></paragraph><paragraph id="id8126283773014f178d86c7c964c27597"><enum>(2)</enum><text>analyze the investments of Federal, State, tribal, and local government and private entities in the National Heritage Area to determine the impact of the investments; and</text>
 </paragraph><paragraph id="id6c2c01bff08949b3ba7ddf885219cf5d"><enum>(3)</enum><text>review the management structure, partnership relationships, and funding of the National Heritage Area for purposes of identifying the critical components for sustainability of the National Heritage Area.</text>
 </paragraph></subsection><subsection id="id9d3fa3d5cab94eb8a93b88cdb62e37aa"><enum>(c)</enum><header>Report</header><text>Based on the evaluation conducted under subsection (a)(1), the Secretary shall submit to the Committee on Energy and Natural Resources of the Senate and the Committee on Natural Resources of the House of Representatives a report that includes recommendations for the future role of the National Park Service with respect to the National Heritage Area.</text>
			</subsection></section><section id="idbb6bd8a02f874c378800d54e5a06cb52"><enum>10.</enum><header>Authorization of appropriations</header>
 <subsection id="idabee6c7353ad44fb96061077de4643af"><enum>(a)</enum><header>In general</header><text>There is authorized to be appropriated to carry out this Act $10,000,000, of which not more than $1,000,000 may be made available in any fiscal year.</text>
 </subsection><subsection id="id7b0380ec8f62456d8a2f18b4ecf27552"><enum>(b)</enum><header>Availability</header><text>Amounts made available under subsection (a) shall remain available until expended.</text> </subsection><subsection id="id1f64f6cf2d154b4193c723fc782526b1"><enum>(c)</enum><header>Cost-Sharing requirement</header> <paragraph id="idbf1ea8c3d917492da968282201da13b1"><enum>(1)</enum><header>In general</header><text>The Federal share of the total cost of any activity carried out under this Act shall be not more than 50 percent.</text>
 </paragraph><paragraph id="id532020a282134af9bd480a38658e6e1b"><enum>(2)</enum><header>Form</header><text>The non-Federal share of the total cost of any activity carried out under this Act may be in the form of in-kind contributions of goods or services fairly valued.</text>
 </paragraph></subsection><subsection commented="no" display-inline="no-display-inline" id="id5078c6f3376f4c72ac2a2c6c602941d8"><enum>(d)</enum><header>Termination of authority</header><text>The authority of the Secretary to provide assistance under this Act terminates on the date that is 15 years after the date of enactment of this Act.</text></subsection></section></legis-body></bill>


