<?xml version="1.0"?>
<?xml-stylesheet type="text/xsl" href="billres.xsl"?>
<!DOCTYPE bill PUBLIC "-//US Congress//DTDs/bill.dtd//EN" "bill.dtd">
<bill bill-stage="Introduced-in-Senate" dms-id="A1" public-private="public"><metadata xmlns:dc="http://purl.org/dc/elements/1.1/">
<dublinCore>
<dc:title>115 S158 IS: Let Seniors Work Act of 2017</dc:title>
<dc:publisher>U.S. Senate</dc:publisher>
<dc:date>2017-01-17</dc:date>
<dc:format>text/xml</dc:format>
<dc:language>EN</dc:language>
<dc:rights>Pursuant to Title 17 Section 105 of the United States Code, this file is not subject to copyright protection and is in the public domain.</dc:rights>
</dublinCore>
</metadata>
<form>
<distribution-code display="yes">II</distribution-code><congress>115th CONGRESS</congress><session>1st Session</session><legis-num>S. 158</legis-num><current-chamber>IN THE SENATE OF THE UNITED STATES</current-chamber><action><action-date date="20170117">January 17, 2017</action-date><action-desc><sponsor name-id="S350">Mr. Rubio</sponsor> introduced the following bill; which was read twice and referred to the <committee-name committee-id="SSFI00">Committee on Finance</committee-name></action-desc></action><legis-type>A BILL</legis-type><official-title>To eliminate the payroll tax for individuals who have attained retirement age, to amend title II of
			 the Social Security Act to remove the limitation upon the amount of
			 outside income which an individual may earn while receiving benefits under
			 such title, and for other purposes.</official-title></form>
	<legis-body display-enacting-clause="yes-display-enacting-clause">
		<section id="S1" section-type="section-one"><enum>1.</enum><header>Short
 title</header><text display-inline="no-display-inline">This Act may be cited as the <quote><short-title>Let Seniors Work Act of 2017</short-title></quote>.</text>
		</section><section id="idB7407741BF2E4FBDB322A177A5C47991"><enum>2.</enum><header>Elimination of
			 payroll tax for individuals who have attained retirement age</header>
			<subsection id="id3AC0FF7EECCF435E9547C28FB8AC5E4E"><enum>(a)</enum><header>In
 general</header><text>Section 230 of the Social Security Act (<external-xref legal-doc="usc" parsable-cite="usc/42/430">42 U.S.C. 430</external-xref>) is amended—</text>
 <paragraph id="id63E22B8E150148ED80BB08BB22201A40"><enum>(1)</enum><text>in subsection (a), by striking <quote>subsection (b) or (c)</quote> and inserting <quote>subsection (b), (c), or (e)</quote>,</text>
 </paragraph><paragraph id="id59A26E55D21B4B9387A03D0B04697227"><enum>(2)</enum><text>in subsection (b), by striking <quote>subsection (c)</quote> and inserting <quote>subsections (c) and (e)</quote>, and</text>
 </paragraph><paragraph id="id6F5244E02321471B998A1D08015C073A"><enum>(3)</enum><text>by adding at the end the following new subsection:</text>
					<quoted-block display-inline="no-display-inline" id="idC4EBF9C125A34816BA8C1BFD7B8464FE" style="OLC">
 <subsection id="id803A95AE2D1848B7A459C5F12F85A5E6"><enum>(e)</enum><text>Notwithstanding any other provision of law, the contribution and benefit base determined under this section for any calendar year after 2017 for any individual who has attained retirement age (as defined in section 216(l)(1)) shall be reduced to zero.</text></subsection><after-quoted-block>.</after-quoted-block></quoted-block>
				</paragraph></subsection><subsection id="id49FDB09A653946848797C282354957EF"><enum>(b)</enum><header>Effective
 date</header><text>The amendments made by this section shall apply to remuneration paid in any calendar year after 2017.</text>
			</subsection></section><section id="H5508EAA21EB84B1197244F6562FCB0C8"><enum>3.</enum><header>Repeal of
			 provisions relating to deductions on account of work</header>
			<subsection id="HFA2E21CCFDC542D5AA1C3A73B3995D31"><enum>(a)</enum><header>In
 general</header><text>Subsections (b), (c)(1), (d), (f), (h), (j), and (k) of section 203 of the Social Security Act (<external-xref legal-doc="usc" parsable-cite="usc/42/403">42 U.S.C. 403</external-xref>) are repealed.</text>
			</subsection><subsection id="H8C9CE08936EF42848AE033FBD9512400"><enum>(b)</enum><header>Conforming
 amendments</header><text>Section 203 of such Act (as amended by subsection (a)) is further amended—</text>
 <paragraph id="HE52392EE8EA0433EA14CD9FBD816A92C"><enum>(1)</enum><text>in subsection (c), by redesignating such subsection as subsection (b), and—</text>
 <subparagraph id="HE64F948A8EC341A3A11042BFA08E50AC"><enum>(A)</enum><text>by striking <quote><header-in-text level="subsection" other-style="archaic" style="other">Noncovered Work Outside the United States or</header-in-text></quote> in the heading;</text>
 </subparagraph><subparagraph id="HE1DD4EED370840339AFD03A7058F2CBE"><enum>(B)</enum><text>by redesignating paragraphs (2), (3), and (4) as paragraphs (1), (2), and (3), respectively;</text>
 </subparagraph><subparagraph id="H8DA98E82153C4AB593C134EB02574929"><enum>(C)</enum><text>by striking <quote>For purposes of paragraphs (2), (3), and (4)</quote> and inserting <quote>For purposes of paragraphs (1), (2), and (3)</quote>; and</text>
 </subparagraph><subparagraph id="H8FC6A7878F4C48F9B25F7D5DC38B29D1"><enum>(D)</enum><text>by striking the last sentence;</text>
 </subparagraph></paragraph><paragraph id="HCDCE0BA4F423483684B3439F546CA539"><enum>(2)</enum><text>in subsection (e), by redesignating such subsection as subsection (c), and by striking <quote>subsections (c) and (d)</quote> and inserting <quote>subsection (b)</quote>;</text>
 </paragraph><paragraph id="H5A72B3BE93AF482790C1BEE06205B158"><enum>(3)</enum><text>in subsection (g), by redesignating such subsection as subsection (d), and by striking <quote>subsection (c)</quote> each place it appears and inserting <quote>subsection (b)</quote>; and</text>
 </paragraph><paragraph id="H9E9EC0DB6CAA40C6AB6EB372013EBB74"><enum>(4)</enum><text>in subsection (l), by redesignating such subsection as subsection (e), and by striking <quote>subsection (g) or (h)(1)(A)</quote> and inserting <quote>subsection (d)</quote>.</text>
				</paragraph></subsection></section><section id="H186BEC53BF064D938F956F92941DED66"><enum>4.</enum><header>Additional
			 conforming amendments</header>
			<subsection id="H4147D11E00794658B620291E8A6E8A61"><enum>(a)</enum><header>Provisions
 relating to benefits terminated upon deportation</header><text>Section 202(n)(1) of the Social Security Act (<external-xref legal-doc="usc" parsable-cite="usc/42/402">42 U.S.C. 402(n)(1)</external-xref>) is amended by striking <quote>Section 203 (b), (c), and (d)</quote> and inserting <quote>Section 203(b)</quote>.</text>
			</subsection><subsection id="HCD3B4E3614FF47A8B56128143BC933D0"><enum>(b)</enum><header>Provisions
			 relating to exemptions from reductions based on early retirement</header>
 <paragraph id="H4B4EB1DC22874349AADA5F0610EE5C9A"><enum>(1)</enum><text>Section 202(q)(5)(B) of such Act (<external-xref legal-doc="usc" parsable-cite="usc/42/402">42 U.S.C. 402(q)(5)(B)</external-xref>) is amended by striking <quote>section 203(c)(2)</quote> and inserting <quote>section 203(b)(1)</quote>.</text>
 </paragraph><paragraph id="H6AB5015D5F5C421390871D2277408D3D"><enum>(2)</enum><text>Section 202(q)(7)(A) of such Act (<external-xref legal-doc="usc" parsable-cite="usc/42/402">42 U.S.C. 402(q)(7)(A)</external-xref>) is amended by striking <quote>deductions under section 203(b), 203(c)(1), 203(d)(1), or 222(b)</quote> and inserting <quote>deductions on account of work under section 203 or deductions under section 222(b)</quote>.</text>
				</paragraph></subsection><subsection id="H062BB9A2906648D495557102EDEDE8CA"><enum>(c)</enum><header>Provisions
			 relating to exemptions from reductions based on disregard of certain
			 entitlements to child’s insurance benefits</header>
 <paragraph id="H74A4980DD8CB4804A618C18872D34017"><enum>(1)</enum><text>Section 202(s)(1) of such Act (<external-xref legal-doc="usc" parsable-cite="usc/42/402">42 U.S.C. 402(s)(1)</external-xref>) is amended by striking <quote>paragraphs (2), (3), and (4) of section 203(c)</quote> and inserting <quote>paragraphs (1), (2), and (3) of section 203(b)</quote>.</text>
 </paragraph><paragraph id="HA567A28B44624AE29EFE39922EB98D03"><enum>(2)</enum><text>Section 202(s)(3) of such Act (<external-xref legal-doc="usc" parsable-cite="usc/42/402">42 U.S.C. 402(s)(3)</external-xref>) is amended by striking <quote>The last sentence of subsection (c) of section 203, subsection (f)(1)(C) of section 203, and subsections</quote> and inserting <quote>Subsections</quote>.</text>
				</paragraph></subsection><subsection id="H9479D2257EC0497DBB95A0B87C0513AC"><enum>(d)</enum><header>Provisions
 relating to suspension of aliens' benefits</header><text>Section 202(t)(7) of such Act (<external-xref legal-doc="usc" parsable-cite="usc/42/402">42 U.S.C. 402(t)(7)</external-xref>) is amended by striking <quote>Subsections (b), (c), and (d)</quote> and inserting <quote>Subsection (b)</quote>.</text>
			</subsection><subsection id="H2F937180E30C4F0FBB1DC4458D51643E"><enum>(e)</enum><header>Provisions
			 relating to reductions in benefits based on maximum
 benefits</header><text>Section 203(a)(3)(B)(iii) of such Act (<external-xref legal-doc="usc" parsable-cite="usc/42/403">42 U.S.C. 403(a)(3)(B)(iii)</external-xref>) is amended by striking <quote>and subsections (b), (c), and (d)</quote> and inserting <quote>and subsection (b)</quote>.</text>
			</subsection><subsection id="H5BC20D804D6040BB86AB345F5C11E565"><enum>(f)</enum><header>Provisions
			 relating to penalties for misrepresentations concerning earnings for
			 periods
 subject to deductions on account of work</header><text>Section 208(a)(1)(C) of such Act (<external-xref legal-doc="usc" parsable-cite="usc/42/408">42 U.S.C. 408(a)(1)(C)</external-xref>) is amended by striking <quote>under section 203(f) of this title for purposes of deductions from benefits</quote> and inserting <quote>under section 203 for purposes of deductions from benefits on account of work</quote>.</text>
			</subsection><subsection id="H596A2E59AFA14ED4B26FCFAE628DD83E"><enum>(g)</enum><header>Provisions
			 taking into account earnings in determining benefit computation
 years</header><text>Clause (I) in the next to last sentence of section 215(b)(2)(A) of such Act (<external-xref legal-doc="usc" parsable-cite="usc/42/415">42 U.S.C. 415(b)(2)(A)</external-xref>) is amended by striking <quote>no earnings as described in section 203(f)(5) in such year</quote> and inserting <quote>no wages, and no net earnings from self-employment (in excess of net loss from self-employment), in such year</quote>.</text>
			</subsection><subsection id="HB6CB8CEFFC88439E84F3D6AB6C0C7BC1"><enum>(h)</enum><header>Provisions
 relating to rounding of benefits</header><text>Section 215(g) of such Act (<external-xref legal-doc="usc" parsable-cite="usc/42/415">42 U.S.C. 415(g)</external-xref>) is amended by striking <quote>and any deduction under section 203(b)</quote>.</text>
			</subsection><subsection id="H8634A9E187814C92807857E92ACC62D7"><enum>(i)</enum><header>Provisions
			 relating to earnings taken into account in determining substantial gainful
 activity of blind individuals</header><text display-inline="yes-display-inline">The second sentence of section 223(d)(4)(A) of such Act (<external-xref legal-doc="usc" parsable-cite="usc/42/423">42 U.S.C. 423(d)(4)(A)</external-xref>) is amended by striking <quote>if section 102 of the Senior Citizens Right to Work Act of 1996 had not been enacted</quote> and inserting the following: <quote>if the amendments to section 203 made by section 102 of the Senior Citizens Right to Work Act of 1996 and by the <short-title>Let Seniors Work Act of 2017</short-title> had not been enacted</quote>.</text>
			</subsection><subsection id="H9B5FB1E4698B4846B22D9FA97E22489D"><enum>(j)</enum><header>Provisions
 defining income for purposes of SSI</header><text>Section 1612(a) of such Act (<external-xref legal-doc="usc" parsable-cite="usc/42/1382a">42 U.S.C. 1382a(a)</external-xref>) is amended—</text>
 <paragraph id="H3D5565A78E424212B732C880B64F15B3"><enum>(1)</enum><text>by striking <quote>as determined under section 203(f)(5)(C)</quote> in paragraph (1)(A) and inserting <quote>as defined in the last two sentences of this subsection</quote>; and</text>
 </paragraph><paragraph id="H94F62FB74D304EC3879169B1931ADB1B"><enum>(2)</enum><text display-inline="yes-display-inline">by adding at the end (after and below paragraph (2)(H)) the following:</text>
					<quoted-block display-inline="no-display-inline" id="H1A329A0330614D0CA3BBF353D5002BAE" style="traditional">
						<quoted-block-continuation-text quoted-block-continuation-text-level="subsection">For
				purposes of paragraph (1)(A), the term <term>wages</term> means wages as
				defined in section 209, but computed without regard to the
			 limitations as to
				amounts of remuneration specified in paragraphs (1), (6)(B),
			 (6)(C), (7)(B),
				and (8) of section 209(a). In making the computation under the
			 preceding
				sentence, (A) services which do not constitute employment as
			 defined in section
				210, performed within the United States by an individual as an
			 employee or
				performed outside the United States in the active military or naval
			 services of
				the United States, shall be deemed to be employment as so defined
			 if the
				remuneration for such services is not includible in computing the
			 individual's
				net earnings or net loss from self-employment for purposes of title
			 II, and (B)
				the term <term>wages</term> shall be deemed not to include (i) the amount of
				any payment made to, or on behalf of, an employee or any of his or
			 her
				dependents (including any amount paid by an employer for insurance
			 or
				annuities, or into a fund, to provide for any such payment) on
			 account of
				retirement, or (ii) any payment or series of payments by an
			 employer to an
				employee or any of his or her dependents upon or after the
			 termination of the
				employee’s employment relationship because of retirement after
			 attaining an age
				specified in a plan referred to in section 209(a)(11)(B) or in a
			 pension plan
				of the
				employer.</quoted-block-continuation-text><after-quoted-block>.</after-quoted-block></quoted-block>
				</paragraph></subsection><subsection id="HAF711FCC94B94A2A9E6CB9909C870361"><enum>(k)</enum><header>Repeal of
			 deductions on account of work under the Railroad Retirement Program</header>
				<paragraph id="H2FA66884ACFD4B06A29B82AA3316C235"><enum>(1)</enum><header>In
 general</header><text>Section 2 of the Railroad Retirement Act of 1974 (<external-xref legal-doc="usc" parsable-cite="usc/45/231a">45 U.S.C. 231a</external-xref>) is amended—</text>
 <subparagraph id="H57CE3F037A1B4D4CABB7D2D258C4EC45"><enum>(A)</enum><text>by striking subsection (f); and</text>
 </subparagraph><subparagraph id="H5BC7BE5285E64EF48A95404F2DCA50EB"><enum>(B)</enum><text>by striking subsection (g)(2) and by redesignating subsection (g)(1) as subsection (g).</text>
					</subparagraph></paragraph><paragraph id="H4172F301EB8F403B9416B1C3F30FCAAE"><enum>(2)</enum><header>Conforming
			 amendments</header>
 <subparagraph id="H5B8FB10941864C8E98504F4E8E6EA509"><enum>(A)</enum><text>Section 3(f)(1) of such Act (<external-xref legal-doc="usc" parsable-cite="usc/45/231b">45 U.S.C. 231b(f)(1)</external-xref>) is amended in the first sentence by striking <quote>before any reductions under the provisions of section 2(f) of this Act,</quote>.</text>
 </subparagraph><subparagraph id="H76BA6FFF5246493F89E015843C989C2C"><enum>(B)</enum><text>Section 4(g)(2) of such Act (<external-xref legal-doc="usc" parsable-cite="usc/45/231c">45 U.S.C. 231c(g)(2)</external-xref>) is amended—</text>
 <clause id="H3BB695ACD2054BEA831154D104B46492"><enum>(i)</enum><text>in clause (i), by striking <quote>shall, before any deductions under section 2(g) of this Act,</quote> and inserting <quote>shall</quote>; and</text>
 </clause><clause id="H5C729D1A2A7D437190DEDBE65D0E8B41"><enum>(ii)</enum><text>in clause (ii), by striking <quote>any deductions under section 2(g) of this Act and before</quote>.</text>
						</clause></subparagraph></paragraph></subsection></section><section id="HD254E6902EC14723A74A2A509533AFF2"><enum>5.</enum><header>Effective
 date</header><text display-inline="no-display-inline">The amendments and repeals made by sections 3 and 4 of this Act shall apply with respect to taxable years ending on or after the date of the enactment of this Act.</text></section></legis-body></bill>


