<?xml version="1.0"?>
<?xml-stylesheet type="text/xsl" href="billres.xsl"?>
<!DOCTYPE bill PUBLIC "-//US Congress//DTDs/bill.dtd//EN" "bill.dtd">
<bill bill-stage="Introduced-in-Senate" bill-type="olc" dms-id="A1" public-private="public"><metadata xmlns:dc="http://purl.org/dc/elements/1.1/">
<dublinCore>
<dc:title>115 S188 IS: Eliminating Government-funded Oil-painting Act</dc:title>
<dc:publisher>U.S. Senate</dc:publisher>
<dc:date>2017-01-23</dc:date>
<dc:format>text/xml</dc:format>
<dc:language>EN</dc:language>
<dc:rights>Pursuant to Title 17 Section 105 of the United States Code, this file is not subject to copyright protection and is in the public domain.</dc:rights>
</dublinCore>
</metadata>
<form>
<distribution-code display="yes">II</distribution-code><congress>115th CONGRESS</congress><session>1st Session</session><legis-num>S. 188</legis-num><current-chamber>IN THE SENATE OF THE UNITED STATES</current-chamber><action><action-date date="20170123">January 23, 2017</action-date><action-desc><sponsor name-id="S373">Mr. Cassidy</sponsor> (for himself, <cosponsor name-id="S345">Mr. Johnson</cosponsor>, <cosponsor name-id="S312">Mrs. McCaskill</cosponsor>, and <cosponsor name-id="S357">Mrs. Fischer</cosponsor>) introduced the following bill; which was read twice and referred to the <committee-name committee-id="SSGA00">Committee on Homeland Security and Governmental Affairs</committee-name></action-desc></action><legis-type>A BILL</legis-type><official-title>To prohibit the use of Federal funds for the costs of painting portraits of officers and employees
			 of the Federal Government.</official-title></form>
	<legis-body display-enacting-clause="yes-display-enacting-clause" id="H6A0DCF054C58421DB815DFD7D7C05534" style="OLC">
 <section commented="no" display-inline="no-display-inline" id="HBB7B4C646AD0499AAAC8C5DBA4F4EF9D" section-type="section-one"><enum>1.</enum><header display-inline="yes-display-inline">Short title</header><text display-inline="no-display-inline">This Act may be cited as the <quote><short-title>Eliminating Government-funded Oil-painting Act</short-title></quote> or the <quote><short-title>EGO Act</short-title></quote>.</text>
		</section><section commented="no" display-inline="no-display-inline" id="HCBD7D442B7994CA5B12C082E863BB267" section-type="subsequent-section"><enum>2.</enum><header display-inline="yes-display-inline">Prohibition on use of
			 funds for portraits</header>
 <subsection commented="no" display-inline="no-display-inline" id="H4EB2D055283B41FC9F27F1D49ACE0105"><enum>(a)</enum><header display-inline="yes-display-inline">Prohibition</header><text display-inline="yes-display-inline">No funds appropriated or otherwise made available to the Federal Government may be used to pay for the painting of a portrait of an officer or employee of the Federal Government, including the President, the Vice President, a Member of Congress, the head of an executive agency, or the head of an office of the legislative branch.</text>
 </subsection><subsection commented="no" display-inline="no-display-inline" id="HE140D0B84B4046CBBE204D86B511FDEE"><enum>(b)</enum><header display-inline="yes-display-inline">Definitions</header><text display-inline="yes-display-inline">In this section—</text>
 <paragraph commented="no" display-inline="no-display-inline" id="H840C8AFF586B4DE6AEDFA883A46CB373"><enum>(1)</enum><text display-inline="yes-display-inline">the term <term>executive agency</term> has the meaning given the term in section 133 of title 41, United States Code; and</text>
 </paragraph><paragraph commented="no" display-inline="no-display-inline" id="HF77E08F776454993B5F33A9275E83F8A"><enum>(2)</enum><text display-inline="yes-display-inline">the term <term>Member of Congress</term> includes a Delegate or Resident Commissioner to Congress.</text></paragraph></subsection></section></legis-body></bill>


