<?xml version="1.0"?>
<?xml-stylesheet type="text/xsl" href="billres.xsl"?>
<!DOCTYPE bill PUBLIC "-//US Congress//DTDs/bill.dtd//EN" "bill.dtd">
<bill bill-stage="Introduced-in-Senate" dms-id="A1" public-private="public"><metadata xmlns:dc="http://purl.org/dc/elements/1.1/">
<dublinCore>
<dc:title>115 S425 IS: Historic Tax Credit Improvement Act of 2017</dc:title>
<dc:publisher>U.S. Senate</dc:publisher>
<dc:date>2017-02-16</dc:date>
<dc:format>text/xml</dc:format>
<dc:language>EN</dc:language>
<dc:rights>Pursuant to Title 17 Section 105 of the United States Code, this file is not subject to copyright protection and is in the public domain.</dc:rights>
</dublinCore>
</metadata>
<form>
<distribution-code display="yes">II</distribution-code><congress>115th CONGRESS</congress><session>1st Session</session><legis-num>S. 425</legis-num><current-chamber>IN THE SENATE OF THE UNITED STATES</current-chamber><action><action-date date="20170216">February 16, 2017</action-date><action-desc><sponsor name-id="S308">Mr. Cardin</sponsor> (for himself, <cosponsor name-id="S252">Ms. Collins</cosponsor>, <cosponsor name-id="S136">Mr. Cochran</cosponsor>, <cosponsor name-id="S331">Mrs. Gillibrand</cosponsor>, <cosponsor name-id="S318">Mr. Wicker</cosponsor>, and <cosponsor name-id="S057">Mr. Leahy</cosponsor>) introduced the following bill; which was read twice and referred to the <committee-name committee-id="SSFI00">Committee on Finance</committee-name></action-desc></action><legis-type>A BILL</legis-type><official-title>To amend the Internal Revenue Code of 1986 to improve the historic rehabilitation tax credit, and
			 for other purposes.</official-title></form>
	<legis-body display-enacting-clause="yes-display-enacting-clause">
 <section id="S1" section-type="section-one"><enum>1.</enum><header>Short title</header><text display-inline="no-display-inline">This Act may be cited as the <quote><short-title>Historic Tax Credit Improvement Act of 2017</short-title></quote>.</text>
		</section><section id="H4786140CCDAF4738AD0D8CDAA85844F5"><enum>2.</enum><header>Increase in the rehabilitation credit for certain small projects</header>
 <subsection id="H55A4F5013429416D9AAFFC956AF183D4"><enum>(a)</enum><header>In general</header><text><external-xref legal-doc="usc" parsable-cite="usc/26/47">Section 47</external-xref> of the Internal Revenue Code of 1986 is amended by adding at the end the following new subsection:</text>
				<quoted-block id="HA11CB74842084977983A67F9946F2825" style="OLC">
					<subsection id="H6768C27BA49B443DB3D2A6601C2FA233"><enum>(e)</enum><header>Special rule regarding certain small projects</header>
 <paragraph id="H712EE7F873F547AEB01E973E2E0233A9"><enum>(1)</enum><header>In general</header><text>In the case of any qualified rehabilitated building or portion thereof—</text> <subparagraph id="HB4D64B221B304D85B30A5861EA3093F8"><enum>(A)</enum><text>which is placed in service after the date of the enactment of this subsection, and</text>
 </subparagraph><subparagraph id="HCCB1F4C8C43D453AAC6888BC9ED19D92"><enum>(B)</enum><text>which is a small project,</text> </subparagraph><continuation-text continuation-text-level="paragraph">subsection (a)(2) shall be applied by substituting <quote>30 percent</quote> for <quote>20 percent</quote>.</continuation-text></paragraph><paragraph id="HEE368C39E32F4141AF9056C06B67C22E"><enum>(2)</enum><header>Maximum credit</header><text>The credit under this section (after application of this subsection) with respect to any project for all taxable years shall not exceed $750,000.</text>
						</paragraph><paragraph id="HF4B6F8FC7828488BA7CB90F652EE9642"><enum>(3)</enum><header>Small project</header>
 <subparagraph id="H83CA4D3E129D478EB869F7F171F3791D"><enum>(A)</enum><header>In general</header><text>For purposes of this subsection, the term <term>small project</term> means any certified historic structure or portion thereof if—</text> <clause id="HF054EB89846B462E95C1253A04D297F2"><enum>(i)</enum><text>the total qualified rehabilitation expenditures taken into account for purposes of this section with respect to the rehabilitation do not exceed $3,750,000, and</text>
 </clause><clause id="HE807F6F4C8AC46D5B56B7EA1E1FB44DA"><enum>(ii)</enum><text>no credit was allowed under this section for either of the two immediately preceding taxable years with respect to such building.</text>
 </clause></subparagraph><subparagraph id="H9A5355FC4E224696AE9CFF363512FA69"><enum>(B)</enum><header>Progress expenditures</header><text>Credit allowable by reason of subsection (d) shall not be taken into account under subparagraph (A)(ii).</text></subparagraph></paragraph></subsection><after-quoted-block>.</after-quoted-block></quoted-block>
 </subsection><subsection id="HFC7A63F468C148BC8200C00CFDB4DFE8"><enum>(b)</enum><header>Effective date</header><text>The amendment made by this section shall apply to periods after the date of the enactment of this Act, under rules similar to the rules of <external-xref legal-doc="usc" parsable-cite="usc/26/48">section 48(m)</external-xref> of the Internal Revenue Code of 1986 (as in effect on the day before the date of the enactment of the Revenue Reconciliation Act of 1990).</text>
			</subsection></section><section id="H5A7166D2661E4F72A6E9D076F8C72618"><enum>3.</enum><header>Allowance for the transfer of credits for certain small projects</header>
 <subsection id="H2DAEF16A2D7245DFB3F7DBFDA9F55220"><enum>(a)</enum><header>In general</header><text display-inline="yes-display-inline"><external-xref legal-doc="usc" parsable-cite="usc/26/47">Section 47(e)</external-xref> of the Internal Revenue Code of 1986, as added by section 2, is amended by adding at the end the following new paragraph:</text>
				<quoted-block id="HDEAA7CF9A925408AA60D1C040FD6A532" style="OLC">
					<paragraph commented="no" id="H0E16A355E6BB4F94BC1328122BDD7C32"><enum>(4)</enum><header>Transfer of small project credit</header>
 <subparagraph id="H070C168C8985473986C807A77C5ACF39"><enum>(A)</enum><header>In general</header><text>Subject to subparagraph (B) and such regulations or other guidance as the Secretary may provide, the taxpayer may transfer to any other taxpayer all or a portion of the credit allowable to the taxpayer under subsection (a) for a small project.</text>
 </subparagraph><subparagraph id="HD7EA4EF434CF403295FC11453AB6D274"><enum>(B)</enum><header>Certification</header><text>A transfer under subparagraph (A) shall be accompanied by a certificate which includes—</text> <clause id="H9B5BB8B420324CFBA1032B904808F58F"><enum>(i)</enum><text>the certification for the certified historic structure,</text>
 </clause><clause id="HF1D4B1FBA5D446E98BFF9D7CD6A4743D"><enum>(ii)</enum><text>the taxpayer’s name, address, and tax identification number,</text> </clause><clause id="HEB6481130A8B4EC4A47328A762DA2585"><enum>(iii)</enum><text display-inline="yes-display-inline">the transferee’s name, address, and tax identification number,</text>
 </clause><clause id="id207472C22C7A49489021BFC59C8F7A2A"><enum>(iv)</enum><text display-inline="yes-display-inline">the date of project completion and the amount of credit being transferred, and</text>
 </clause><clause id="H759631363BD74EECB9C2F6AD707D3E2B"><enum>(v)</enum><text>such other information as may be required by the Secretary.</text> </clause></subparagraph><subparagraph id="H0B5A46F984B14503BC48CCC84B35EC2B"><enum>(C)</enum><header>Credit may only be transferred once</header><text display-inline="yes-display-inline">A credit transferred under subparagraph (A) is not transferable by the transferee to any other taxpayer.</text>
						</subparagraph><subparagraph id="HBCBE14D7DB5E41C3BB5442409D22B1CD"><enum>(D)</enum><header>Tax treatment of transfer</header>
 <clause id="H1F0FE8C76C5C4ADBBBA8C8BBEBD62329"><enum>(i)</enum><header>Disallowance of deduction</header><text>No deduction shall be allowed for any amount of consideration paid or incurred by the transferee in return for the transfer of any credit under this paragraph.</text>
 </clause><clause id="H282083B857624500A44F186D78DBEAC3"><enum>(ii)</enum><header>Allowance of credit</header><text>The amount of credit transferred under subparagraph (A)—</text> <subclause id="HE6D0D06123E64389AD306EE3C81B678B"><enum>(I)</enum><text>shall not be allowed to the transferor for any taxable year, and</text>
 </subclause><subclause id="HAF5724CE64A448AF9313C693D71A65AC"><enum>(II)</enum><text>shall be allowable to the transferee as a credit under this section for the taxable year of the transferee in which such credit is transferred.</text>
 </subclause></clause></subparagraph><subparagraph commented="no" id="H93BC11CAB1324987BA6A0795A275D0F5"><enum>(E)</enum><header>Recapture and other special rules</header><text>For purposes of section 50, the transferee of a credit with respect to a smaller project under this paragraph shall be treated as the taxpayer with respect to the smaller project.</text>
 </subparagraph><subparagraph id="H3BB45C47972F418A86BAB55B07FA49F1"><enum>(F)</enum><header>Information reporting</header><text display-inline="yes-display-inline">The transferor and the transferee shall each make such reports regarding the transfer of an amount of credit under subparagraph (A), and containing such information, as the Secretary may require. The reports required by this subparagraph shall be filed at such time and in such manner as may be required by the Secretary.</text></subparagraph></paragraph><after-quoted-block>.</after-quoted-block></quoted-block>
 </subsection><subsection id="H5061F184957245F59E1BC90CCD079AB5"><enum>(b)</enum><header>Effective date</header><text>The amendment made by this section shall apply to periods after December 31, 2016.</text> </subsection></section><section id="HF772A6AEC7124073A46E2BE9B4154085"><enum>4.</enum><header>Increasing the type of buildings eligible for rehabilitation</header> <subsection id="H1EFD5638499C4BC1873D89797F0793E9"><enum>(a)</enum><header>In general</header><text display-inline="yes-display-inline"><external-xref legal-doc="usc" parsable-cite="usc/26/47">Section 47(c)(1)(C)(i)(I)</external-xref> of the Internal Revenue Code of 1986 is amended by inserting <quote>50 percent of</quote> before <quote>the adjusted basis</quote>.</text>
 </subsection><subsection id="H97762A2461B64525BED25011C439A5EC"><enum>(b)</enum><header>Effective date</header><text>The amendment made by subsection (a) shall apply to taxable years beginning after December 31, 2016.</text>
			</subsection></section><section id="H9758B02A613C4988AC058FAFC39A5044"><enum>5.</enum><header>Reduction of basis adjustment for rehabilitation property</header>
 <subsection id="HA2EF1F6FBC13464EA6BE1486790F94A7"><enum>(a)</enum><header>In general</header><text display-inline="yes-display-inline"><external-xref legal-doc="usc" parsable-cite="usc/26/50">Section 50(c)</external-xref> of the Internal Revenue Code of 1986 is amended by adding at the end the following:</text> <quoted-block display-inline="no-display-inline" id="HA71C9868AD8A43A6B3388C51EBE6D37D" style="OLC"> <paragraph id="HA9297F81EB544A0DB74AE269384BE512"><enum>(6)</enum><header>Special rule relating to the rehabilitation credit</header><text>In the case of any rehabilitation credit—</text>
 <subparagraph id="H2EAC09C568B644DEB299969053CF3EE8"><enum>(A)</enum><text display-inline="yes-display-inline">only 50 percent of such credit shall be taken into account under paragraph (1), and</text> </subparagraph><subparagraph id="HCE303F2A5BA0415CA7180E455AEF4D37"><enum>(B)</enum><text>only 50 percent of any recapture amount attributable to such credit shall be taken into account under paragraph (2).</text></subparagraph></paragraph><after-quoted-block>.</after-quoted-block></quoted-block>
 </subsection><subsection id="H95A5784141D948DCBD4CC5FF5C34B32B"><enum>(b)</enum><header>Coordination with basis adjustment</header><text>Subsection (d) of <external-xref legal-doc="usc" parsable-cite="usc/26/50">section 50</external-xref> of the Internal Revenue Code of 1986 is amended by adding at the end the following new sentence: <quote>For purposes of paragraph (5), in applying the provisions of section 48(d)(5)(B) (as so in effect) to a lease of property eligible for the credit under section 47, gross income of the lessee of such property shall include, ratably over the shortest recovery period applicable to such property under section 168, an amount equal to 50 percent of the amount of the credit allowable under section 38 to such lessee with respect to such property.</quote>.</text>
 </subsection><subsection id="id2D278122C35C4D6A8A1A690BEB201A4C"><enum>(c)</enum><header>Effective date</header><text>The amendments made by this section shall apply to taxable years beginning after the date of the enactment of this Act.</text>
			</subsection></section><section id="H4732BD387D394E1197C29CE0D70E1F63"><enum>6.</enum><header>Modifications regarding certain tax-exempt use property</header>
 <subsection id="H4C78ECEA2FA648EBAB826A3635D1D6A2"><enum>(a)</enum><header>In general</header><text><external-xref legal-doc="usc" parsable-cite="usc/26/47">Section 47(c)(2)(B)(v)(I)</external-xref> of the Internal Revenue Code of 1986 is amended by inserting <quote>, and subclauses (I), (II), and (III) of section 168(h)(1)(B)(ii) shall not apply</quote> after <quote>thereof</quote>.</text> </subsection><subsection id="HC9DE924C9E174F9B891C739093488C2E"><enum>(b)</enum><header>Effective date</header><text>The amendments made by this section shall apply to property placed in service after the date of the enactment of this Act.</text></subsection></section></legis-body></bill>


