<?xml version="1.0"?>
<?xml-stylesheet type="text/xsl" href="billres.xsl"?>
<!DOCTYPE bill PUBLIC "-//US Congress//DTDs/bill.dtd//EN" "bill.dtd">
<bill bill-stage="Introduced-in-Senate" dms-id="A1" public-private="public">
	<metadata xmlns:dc="http://purl.org/dc/elements/1.1/">
<dublinCore>
<dc:title>115 S767 IS: Clean Air, Healthy Kids Act</dc:title>
<dc:publisher>U.S. Senate</dc:publisher>
<dc:date>2017-03-29</dc:date>
<dc:format>text/xml</dc:format>
<dc:language>EN</dc:language>
<dc:rights>Pursuant to Title 17 Section 105 of the United States Code, this file is not subject to copyright protection and is in the public domain.</dc:rights>
</dublinCore>
</metadata>
<form>
		<distribution-code display="yes">II</distribution-code>
		<congress>115th CONGRESS</congress><session>1st Session</session>
		<legis-num>S. 767</legis-num>
		<current-chamber>IN THE SENATE OF THE UNITED STATES</current-chamber>
		<action>
			<action-date date="20170329">March 29, 2017</action-date>
			<action-desc><sponsor name-id="S330">Mr. Bennet</sponsor> (for himself, <cosponsor name-id="S324">Mrs. Shaheen</cosponsor>, <cosponsor name-id="S370">Mr. Booker</cosponsor>, <cosponsor name-id="S308">Mr. Cardin</cosponsor>, <cosponsor name-id="S313">Mr. Sanders</cosponsor>, <cosponsor name-id="S369">Mr. Markey</cosponsor>, <cosponsor name-id="S322">Mr. Merkley</cosponsor>, <cosponsor name-id="S259">Mr. Reed</cosponsor>, <cosponsor name-id="S253">Mr. Durbin</cosponsor>, <cosponsor name-id="S316">Mr. Whitehouse</cosponsor>, <cosponsor name-id="S331">Mrs. Gillibrand</cosponsor>, <cosponsor name-id="S326">Mr. Udall</cosponsor>, <cosponsor name-id="S385">Ms. Cortez Masto</cosponsor>, <cosponsor name-id="S359">Mr. Heinrich</cosponsor>, <cosponsor name-id="S366">Ms. Warren</cosponsor>, <cosponsor name-id="S247">Mr. Wyden</cosponsor>, <cosponsor name-id="S332">Mr. Franken</cosponsor>, <cosponsor name-id="S388">Ms. Hassan</cosponsor>, <cosponsor name-id="S282">Mr. Nelson</cosponsor>, <cosponsor name-id="S387">Ms. Harris</cosponsor>, <cosponsor name-id="S229">Mrs. Murray</cosponsor>, <cosponsor name-id="S337">Mr. Coons</cosponsor>, <cosponsor name-id="S221">Mrs. Feinstein</cosponsor>, <cosponsor name-id="S311">Ms. Klobuchar</cosponsor>, <cosponsor name-id="S353">Mr. Schatz</cosponsor>, <cosponsor name-id="S306">Mr. Menendez</cosponsor>, <cosponsor name-id="S057">Mr. Leahy</cosponsor>, <cosponsor name-id="S341">Mr. Blumenthal</cosponsor>, <cosponsor name-id="S277">Mr. Carper</cosponsor>, <cosponsor name-id="S361">Ms. Hirono</cosponsor>, <cosponsor name-id="S364">Mr. Murphy</cosponsor>, and <cosponsor name-id="S390">Mr. Van Hollen</cosponsor>) introduced the following bill; which was read twice and referred to the <committee-name committee-id="SSEV00">Committee on Environment and Public Works</committee-name></action-desc>
		</action>
		<legis-type>A BILL</legis-type>
		<official-title>To provide that the Executive Order entitled <quote>Promoting Energy Independence and Economic Growth</quote> and signed on March 28, 2017, shall have no force or effect, and for other purposes.</official-title>
	</form>
	<legis-body>
 <section id="idC3D26F48F791482081520F1880A05A9F" section-type="section-one"><enum>1.</enum><header>Short title</header><text display-inline="no-display-inline">This Act may be cited as the <quote><short-title>Clean Air, Healthy Kids Act</short-title></quote>.</text> </section><section id="id4BB77B93064D4F399F05A9022A261848" section-type="subsequent-section"><enum>2.</enum><header>Executive Order to have no force or effect</header><text display-inline="no-display-inline">The Executive Order entitled <quote>Promoting Energy Independence and Economic Growth</quote> and signed on March 28, 2017—</text>
 <paragraph id="id55ED3505FC1048B2989F1DF8CC25E475"><enum>(1)</enum><text display-inline="yes-display-inline">is null and void;</text> </paragraph><paragraph id="idCD75C0EEFBAC43668509EB7001AAD18E"><enum>(2)</enum><text display-inline="yes-display-inline">shall have no force or effect; and</text>
 </paragraph><paragraph id="id67AEF288C04040468B82E3A352BF07E5"><enum>(3)</enum><text display-inline="yes-display-inline">may not be implemented, administered, enforced, or carried out by any Federal agency, including—</text> <subparagraph id="idAEE45412712D42FE901EF06937E8032F"><enum>(A)</enum><text>the Office of Management and Budget;</text>
 </subparagraph><subparagraph id="id864B329110254DBF99C5B239E86B7C04"><enum>(B)</enum><text>the Council of Economic Advisers;</text> </subparagraph><subparagraph id="idE3716B2EE48D4A93BB7EF4DFF224A2B2"><enum>(C)</enum><text>the Council on Environmental Quality;</text>
 </subparagraph><subparagraph id="idE43B9AD2A8FB40B58A216AE1C1827439"><enum>(D)</enum><text>the Environmental Protection Agency;</text> </subparagraph><subparagraph id="idD76CE69A0C0F4877B3C86C084D835943"><enum>(E)</enum><text>the Department of the Interior; and</text>
 </subparagraph><subparagraph id="idDCD7FEB0DAF6459ABF97DED3D722DFA4"><enum>(F)</enum><text>any other agency directed to implement the Executive Order.</text> </subparagraph></paragraph></section><section id="id8C04376DA93C41F8A48BB6AB38700572"><enum>3.</enum><header>No Federal funds available</header><text display-inline="no-display-inline">No Federal funds made available for any fiscal year may be used to implement, administer, enforce, or carry out the Executive Order described in section 2.</text>
 </section><section id="idF5FB0CD05CF6433884C96D553D0A642A"><enum>4.</enum><header>Savings provision</header><text display-inline="no-display-inline">Nothing in this Act shall be construed to impair any authority granted to the President.</text> </section><section id="id19BAB2FA6C07417B8F4B23A81FCFBACC"><enum>5.</enum><header>Effective date</header><text display-inline="no-display-inline">This Act shall take effect on March 28, 2017.</text></section></legis-body>
</bill>


