<?xml version="1.0"?>
<?xml-stylesheet type="text/xsl" href="billres.xsl"?>
<!DOCTYPE bill PUBLIC "-//US Congress//DTDs/bill.dtd//EN" "bill.dtd">
<bill bill-stage="Introduced-in-Senate" dms-id="A1" public-private="public"><metadata xmlns:dc="http://purl.org/dc/elements/1.1/">
<dublinCore>
<dc:title>115 S639 IS: Housing Opportunities Made Easier Act</dc:title>
<dc:publisher>U.S. Senate</dc:publisher>
<dc:date>2017-03-15</dc:date>
<dc:format>text/xml</dc:format>
<dc:language>EN</dc:language>
<dc:rights>Pursuant to Title 17 Section 105 of the United States Code, this file is not subject to copyright protection and is in the public domain.</dc:rights>
</dublinCore>
</metadata>
<form>
<distribution-code display="yes">II</distribution-code><congress>115th CONGRESS</congress><session>1st Session</session><legis-num>S. 639</legis-num><current-chamber>IN THE SENATE OF THE UNITED STATES</current-chamber><action><action-date date="20170315">March 15, 2017</action-date><action-desc><sponsor name-id="S349">Mr. Portman</sponsor> (for himself, <cosponsor name-id="S330">Mr. Bennet</cosponsor>, and <cosponsor name-id="S372">Mrs. Capito</cosponsor>) introduced the following bill; which was read twice and referred to the <committee-name committee-id="SSBK00">Committee on Banking, Housing, and Urban Affairs</committee-name></action-desc></action><legis-type>A BILL</legis-type><official-title>To clarify that nonprofit organizations such as Habitat for Humanity may accept donated mortgage
			 appraisals, and for other purposes.</official-title></form>
	<legis-body display-enacting-clause="yes-display-enacting-clause">
 <section id="id307F49BD45184B72A3F35C3896F3D24F" section-type="section-one"><enum>1.</enum><header>Short title</header><text display-inline="no-display-inline">This Act may be cited as the <quote><short-title>Housing Opportunities Made Easier Act</short-title></quote> or the <quote><short-title>HOME Act</short-title></quote>.</text> </section><section id="idD2D32CE467DC4D8EA2A85BE07A46FB81" section-type="subsequent-section"><enum>2.</enum><header>Exemption from Truth in Lending Act</header><text display-inline="no-display-inline">Section 129E(i) of the Truth in Lending Act (<external-xref legal-doc="usc" parsable-cite="usc/15/1639e">15 U.S.C. 1639e(i)</external-xref>) is amended by adding at the end the following:</text>
			<quoted-block display-inline="no-display-inline" id="id68F92D1531464AD995EB7347546F59E6" style="OLC">
 <paragraph id="id6E4E08B3C7184EA29C1B007DAFFF17A3"><enum>(4)</enum><header>Rule of construction related to appraisal donations</header><text>For purposes of paragraph (1), if a fee appraiser voluntarily donates appraisal services to an organization described in <external-xref legal-doc="usc" parsable-cite="usc/26/170">section 170(c)(2)</external-xref> of the Internal Revenue Code of 1986, such voluntary donation shall be deemed customary and reasonable.</text></paragraph><after-quoted-block>.</after-quoted-block></quoted-block></section></legis-body></bill>


